probIn scale
0.04024693 2008.525
0.05344183 1880.66
0.0470068 2006.778
0.03158274 2082.363
0.01066838 2151.027
0.007888344 2189.685
0.004440339 2088.267
0.005697234 2163.722
0.004132442 2294.979
0.002477143 2123.948
0.001782732 2063.227
0.008470472 1960.778
0.02041726 1905.5
0.005668897 2055.119
0.01820683 2048.039
0.01094787 1928.904
0.02468274 1898.41
0.01539565 1983.034
0.02459254 2154.292
0.0133294 2171.868
0.01456545 2251.02
0.0220636 2243.728
0.007939715 2531.519
0.01770775 2594.021
0.01124217 2537.674
0.001419544 2660.774
0.004036222 2659.854
0.004735482 2662.437
0.00806147 2535.475
0.009776286 2654.386
0.007180083 2581.44
0.005805645 2319.998
0.007114775 2491.548
0.007120049 2792.297
0.008866927 2825.515
0.001925202 2889.059
0.01115798 2826.701
0.004111861 2813.146
0.01538222 2777.88
0.01259256 2861.392
0.0217684 2816.394
0.01756854 3108.759
0.01791754 2901.972
0.02070346 2790.567
0.005308836 2690.735
0.00292903 2823.185
0.006086304 2932.585
0.003566863 2960.503
0.00214912 3057.105
0.005334991 3317.341
0.01182212 3251.889
0.006725019 3105.788
0.0056968 2907.254
0.003823471 2849.612
0.006181828 3184.458
0.01162001 3174.148
0.007406472 3098.032
0.001815667 3203.266
0.005689144 3031.08
0.003301408 3177.228
0.003830145 2979.539
0.001292309 2892.542
0.001237084 2905.754
0.0121424 3025.579
0.006797975 2749.092
0.0119916 2693.645
0.01377109 2702.08
0.01586373 2719.202
0.01984727 2667.101
0.01306817 2694.293
0.0001951945 2640.984
0.002125264 2834.921
0.007409535 2801.034
0.01666163 3071.172
0.005090841 3178.751
0.01068319 3163.694
0.01621062 3134.847
0.01643212 3268.53
0.02387138 3290.994
0.04537717 3302.245
0.05017718 3364.752
0.01525663 3303.755
0.01318655 3380.331
0.01832363 3458.188
0.008600815 3287.051
0.003460095 3166.803
0.009801977 3008.478
0.002247168 3025.807
0.002333533 2791.005
0.005664395 2749.982
0.004468877 2756.77
0.002878909 2729.416
0.004475731 2681.169
0.009375961 2492.169
0.007575306 2416.746
0.003947054 2522.046
0.005406753 2714.066
0.006400226 2681.63
0.006075715 2717.178
0.0004741964 2778.223
0.007350613 2804.651
0.006763122 2624.983
0.004120975 2794.97
0.01064929 2765.479
0.01225435 2930.203
0.009134618 2869.322
0.01141908 2919.587
0.01115645 3111.447
0.008266916 3148.502
0.01747224 2778.352
0.01464297 3022.675
0.009933197 3030.945
0.01561732 3074.934
0.008226819 3240.825
0.001461407 3336.407
0.002730097 3631.531
0.003986244 3561.673
0.002220196 3742.144
0.003529694 3888.455
0.006205796 3940.299
0.006166235 4063.629
0.009823597 4180.437
0.004026165 4433.865
0.004008474 4478.691
0.0004564864 4670.442
0.003214219 4693.131
0.003907593 4837.748
0.009338991 4528.045
0.008812501 4321.06
0.01297892 4134.508
0.01253509 4020.891
0.002961709 4158.364
0.00728633 4118.668
0.009202035 3960.68
0.008812406 4161.978
0.01679431 4168.352
0.00600252 3974.477
0.00442639 4122.633
0.005442647 3994.547
0.008963974 4169.79
0.005459905 3854.935
0.003886659 3618.36
0.007958515 3543.91
0.01414182 3632.982
0.01222576 3695.021
0.01266294 3803.896
0.001848067 3991.13
0.005976113 4088.888
0.005119092 4092.93
0.002292292 4336.809
0.00685184 4699.8
0.01122247 4647.448
0.01642998 4239.513
0.008561851 3861.42
0.004799467 3527.342
0.003031863 3607.123
0.003315756 3564.846
0.003726743 3571.632
0.003215381 3673.5
0.003082958 3854.605
0.01190917 3988.17
0.008790432 3983.529
0.00855982 3964.032
0.001812977 3657.999
0.004326382 4001.44
0.002499893 3847.164
0.01350166 3883.413
0.014939 3731.281
0.01226408 3996.815
0.01405801 4514.9
0.02009671 4321.942
0.004657962 4186.246
0.003904854 4014.486
0.004412214 3725.228
0.001485606 3514.078
0.00127073 3564.209
0.001985107 3042.895
0.00375728 2961.159
0.008933879 2948.376
0.005031215 3016.36
0.001620427 3238.354
0.004890578 3457.967
0.006696703 3203.477
0.008744182 3401.288
0.002268871 3137.61
0.003160779 2820.536
0.00951467 2881.663
0.005039628 2994.533
0.01245637 2940.475
0.0261061 2833.693
0.02589423 3004.277
0.01247181 2917.635
0.02060784 2812.317
0.01424332 2948.982
0.002103037 2794.629
0.001508328 2874.155
0.0145984 2553.496
0.003132016 2327.369
0.006237198 2386.843
0.006398143 2294.965
0.00607372 2054.175
0.003299294 2264.904
0.009273926 2201.472
0.002846069 2320.881
0.01835275 2383.354
0.01870319 2260.298
0.02546051 2375.871
0.007486948 2316.546
0.00339495 2118.157
0.02263878 2090.96
0.01309186 2054.691
0.0001176351 2105.153
0.008050509 1919.432
0.02094646 2042.349
0.01537735 1948.354
0.007251341 1842.032
0.003155531 1781.918
0.006135191 1833.605
0.01267614 1877.039
0.02718093 1856.314
0.02083097 1850.031
0.01778245 1853.207
0.02232426 1869.263
0.03325268 1783.261
0.03914241 1701.546
0.03885985 1602.799
0.03249952 1517.32
0.03832421 1414.338
0.03235572 1347.597
0.01044706 1412.643
0.01702395 1492.948
0.03808971 1402.735
0.01339143 1391.285
0.01235272 1362.989
0.0004933758 1308.759
0.003587654 1371.95
0.009994035 1278.076
0.005161074 1364.421
0.004164646 1256.629
0.006483634 1330.317
0.005559741 1360.019
0.004255126 1341.964
0.001852171 1273.683
0.009149861 1355.467
0.009388268 1401.304
0.017292 1452.469
0.00951171 1417.318
0.0004540996 1315.758
0.005468098 1358.702
0.01581873 1344.268
0.004707106 1466.759
0.008470659 1468.158
0.0121364 1446.568
0.01160645 1393.4
0.008445822 1345.979
0.004451287 1430.169
0.006986691 1441.719
0.0133087 1378.929
0.008668129 1372.221
0.01372828 1374.747
0.01639208 1408.016
0.03284687 1388.8
0.02699867 1447.722
0.01596133 1443.263
0.009308539 1463.436
0.01508097 1508.779
0.007002291 1566.767
0.003969432 1587.676
0.002319728 1611.687
0.00248404 1641.675
0.005083795 1570.108
0.007337006 1559.683
0.008573846 1498.256
0.01048805 1408.195
0.006783779 1398.157
0.003799791 1354.749
0.006541598 1451.708
0.01725565 1389.82
0.01565502 1366.565
0.02883278 1297.728
0.02796136 1313.338
0.01705997 1413.679
0.03850479 1473.26
0.03760942 1445.57
0.03777888 1513.397
0.0346454 1519.858
0.03702954 1526.761
0.0766368 1495.244
0.02001134 1488.289
0.01476746 1417.885
0.01017362 1433.749
0.0165712 1392.123
0.01971574 1399.339
0.01692506 1289.723
0.01235661 1308.453
0.01696163 1385.007
0.02512326 1459.031
0.01315052 1427.991
0.01449705 1437.793
0.01120437 1442.184
0.01480347 1397.812
0.01244014 1456.418
0.01154266 1533
0.01469699 1409.87
0.005554195 1550.989
0.0149044 1500.014
0.01301575 1497.996
0.03920857 1620.065
0.02444646 1632.239
0.01983318 1726.138
0.002199451 1633.607
0.003058787 1676.358
0.007322218 1677.478
0.005582652 1472.738
0.008839906 1460.196
0.007566397 1392.398
0.00140235 1399.24
0.008662478 1416.914
0.0125577 1368.809
0.01695085 1318.101
0.02892394 1198.383
0.01858179 1263.011
0.01884332 1276.525
0.03026843 1323.678
0.01504946 1445.84
0.0300793 1403.54
0.0342832 1299.282
0.05312943 1308.018
0.05061693 1244.224
0.08650842 1236.432
0.06865764 1345.936
0.05072658 1361.773
0.04484277 1402.149
0.04350212 1347.811
0.03885308 1424.676
0.02478296 1445.169
0.01629098 1463.228
0.01066646 1489.314
0.007163661 1564.309
0.001296765 1479.247
0.008728511 1574.571
0.02069588 1606.745
0.009418992 1682.327
0.007406982 1722.113
0.01642151 1852.972
0.01153697 1834.348
0.005077097 1816.625
0.01388552 1897.487
0.009382719 1753.013
0.01019262 1725.058
0.01414234 1769.035
0.01829891 1782.127
0.006590737 1585.677
0.004077033 1542.918
0.009198493 1608.529
0.005619139 1636.452
0.004258218 1589.402
0.008188712 1460.662
0.002815728 1406.895
0.005906573 1397.44
0.01459736 1409.515
0.02718357 1465.678
0.02831649 1400.898
0.02706152 1486.903
0.01494917 1421.315
0.01456111 1445.745
0.02047398 1424.415
0.0358179 1466.625
0.02902541 1362.685
0.03123689 1437.518
0.0224164 1451.874
0.01601875 1451.106
0.03210407 1422.688
0.03935092 1497.148
0.02643297 1524.847
0.01500635 1516.688
0.02398314 1469.901
0.04174056 1468.337
0.0337739 1441.076
0.02158688 1364.564
0.02096042 1301.853
0.01510033 1261.192
0.008422002 1261.342
0.009346766 1285.661
0.001847616 1300.467
0.002274811 1303.417
0.005568959 1306.461
0.004195756 1349.93
0.01073074 1296.266
0.01674992 1346.274
0.008333701 1285.381
0.01508196 1389.852
0.01779598 1403.501
0.01201148 1510.522
0.0125295 1536.838
0.0291107 1634.854
0.0194445 1772.149
0.01031914 1686.84
0.01320884 1717.924
0.007460815 1733.974
0.001777879 1909.658
0.003228694 1896.524
3.977026e-05 1853.507
0.001505989 1835.791
0.004432848 1998.342
0.00519473 1893.201
0.003133941 1940.836
0.001477387 1816.463
0.0006213463 1869.307
0.006532526 1961.81
0.01138405 2029.877
0.008356456 1889.79
0.009718566 1827.044
0.0136758 1843.142
0.001108652 1840.273
0.00379212 1826.71
0.001251948 1815.585
0.003189492 1645.697
0.003341407 1760.384
0.008170022 1718.527
0.01518843 1572.579
0.01773252 1503.534
0.01518759 1562.992
0.01200587 1386.892
0.006434875 1400.521
0.01452709 1302.626
0.02671704 1242.406
0.02688665 1265.478
0.03523753 1213.13
0.03105465 1249.243
0.02165362 1134.292
0.009816461 1234.913
0.01050969 1248.355
0.008976438 1276.163
0.01199371 1252.139
0.00309998 1233.656
0.007903236 1238.697
0.01433551 1214.761
0.008324018 1181.557
0.01188348 1189.663
0.004640249 1168.163
0.009645939 1207.45
0.01381671 1194.08
0.02667386 1197.335
0.05211676 1164.165
0.02941802 1270.522
0.03266708 1246.76
0.04652529 1182.242
0.03860251 1147.136
0.03292779 1130.562
0.03020161 1205.84
0.01833097 1172.851
0.01742121 1133.466
0.005495656 1045.803
0.002314188 1096.251
0.001105578 1208.569
0.002014695 1193.34
0.0114565 1201.413
0.002760616 1254.678
0.001434334 1236.349
0.006088395 1279.567
0.007816781 1305.18
0.001919911 1305.478
0.01825679 1287.858
0.01942367 1225.088
0.01516574 1177.526
0.02708269 1162.71
0.04939688 1139.958
0.04649838 1129.083
0.02213941 1149.687
0.02126859 1163.432
0.01018004 1147.559
0.008763531 1127.869
0.0150012 1172.385
0.02557505 1087.071
0.02205946 1148.693
0.04677181 1186.64
0.05148652 1256.617
0.07793101 1301.653
0.08826106 1311.733
0.0525674 1208.757
0.04619175 1203.669
0.0599687 1142.533
0.07021737 1159.959
0.07668178 1145.633
0.05079773 1132.028
0.02859501 1149.522
0.03304746 1065.088
0.03679521 1034.747
0.0199761 1045.044
0.02373074 1068.709
0.01480805 1123.256
0.02187802 1100.2
0.03623516 1116.737
0.04423632 1119.526
0.03204926 1197.025
0.02653963 1159.154
0.03619448 1219.455
0.04269268 1225.522
0.05101574 1202.669
0.06502781 1235.803
0.03195322 1257.772
0.0411923 1218.433
0.02191222 1205.651
0.06348431 1242.179
0.0403995 1177.183
0.0279887 1199.921
0.04133813 1288.605
0.0549434 1250.879
0.01976391 1214.237
0.01238933 1220.688
0.008887677 1258.922
0.009425863 1233.257
0.004078146 1270.645
0.009570344 1197.257
0.008116057 1175.417
0.008833317 1181.348
0.0160304 1155.788
0.01281103 1122.734
0.01350111 1150.703
0.01116036 1122.278
0.005835422 1198.085
0.00431751 1265.303
4.419214e-05 1279.889
0.0008709163 1293.482
0.01853557 1252.639
0.003244709 1196.133
0.01746742 1130.402
0.01577579 1046.607
0.006674272 1159.746
0.02604419 1211.146
0.04283324 1195.487
0.05858502 1199.48
0.04434208 1185.65
0.03553663 1156.511
0.0265484 1101.401
0.02555904 1103.132
0.05486639 1116.017
0.07575297 1128.084
0.05196979 1133.097
0.03235682 1163.315
0.01830832 1116.296
0.014207 1199.975
0.004391829 1171.518
0.00481823 1146.373
0.002554944 1213.613
0.01106991 1120.081
0.007723131 1057.992
0.01832421 1105.143
0.01973223 1121.708
0.01861307 1039.916
0.01748232 969.8925
0.01582456 982.3487
0.003307466 974.8052
0.00523212 988.9352
0.008980002 991.9432
0.01037843 981.0985
0.02674714 915.399
0.05011489 894.2636
0.07806558 932.8177
0.07988168 961.4282
0.07554693 997.5381
0.08614225 950.6835
0.06330357 883.4928
0.04973105 805.5524
0.03833788 889.957
0.06032907 901.3256
0.03957708 827.2493
0.05232008 852.1262
0.04556005 853.9639
0.09073585 815.7618
0.07420309 781.9886
0.06813954 769.8772
0.07675183 800.8126
0.07394082 774.514
0.08583171 840.5545
0.06658314 797.4751
0.05891255 801.8859
0.04475845 762.5522
0.04176754 706.9078
0.04360494 717.8608
0.03201144 726.166
0.04050539 697.9373
0.05489524 701.6378
0.05579573 701.6547
0.05708547 726.4515
0.06164081 776.5324
0.05915479 764.905
0.06156873 750.7514
0.03843294 801.0387
0.07521734 822.807
0.06000984 817.9851
0.04258545 822.0446
0.04705519 811.4897
0.07359839 848.3977
0.06101557 805.8987
0.07720736 777.1786
0.06019707 834.9368
0.04480504 854.4598
0.03560742 814.7074
0.02517036 764.0944
0.04066522 782.1792
0.02351383 769.4174
0.05455485 772.8445
0.03405872 743.2216
0.01238678 780.3856
0.005322672 807.4749
0.003670994 830.5478
0.004326982 840.4255
0.0001533226 865.3851
0.006967255 846.1772
0.01459367 794.113
0.0112866 746.8306
0.006333493 819.466
0.01127121 817.3746
0.008044415 912.5408
0.01429988 889.1754
0.009983941 903.3534
0.01367088 873.4049
0.01507961 933.0272
0.01271132 944.3794
0.01542349 845.7097
0.007881693 873.0141
0.0183073 906.4652
0.02699871 929.6511
0.03260748 887.265
0.03390828 875.4913
0.03519741 911.7665
0.02103723 862.2838
0.005274843 907.6698
0.003906402 885.2039
0.008002719 906.6537
0.02607491 967.1466
0.01587471 905.3974
0.01677907 897.6992
0.005544722 854.8116
0.01605021 904.4867
0.01033456 861.6489
0.02706676 961.28
0.01723924 954.8385
0.007630446 984.0954
0.007111053 937.2276
0.007473347 857.2771
0.01208583 866.8085
0.004193259 847.1747
0.0009484117 845.1844
0.003075502 857.695
0.006916533 874.0634
0.00533912 850.6936
0.00354102 876.9872
0.008585493 865.3632
0.02071126 938.6048
0.01595271 961.9105
0.01831502 909.4345
0.01336711 833.1537
0.01604389 916.0299
0.01589096 941.2522
0.01241779 941.412
0.01412209 934.4388
0.01396594 926.0363
0.01008404 974.017
0.01378633 1039.446
0.01855572 1042.414
0.01173937 1066.383
0.003751076 998.2436
0.007236668 1009.165
0.004568126 984.6814
0.005275658 962.0053
0.004417518 873.2301
0.004327014 815.9516
0.002896253 803.9067
0.008992153 780.9905
0.03593762 824.3071
0.03302868 801.7386
0.04088082 767.9163
0.04061425 738.0183
0.04447344 677.0974
0.0525964 663.8888
0.03544849 661.3562
0.05958113 622.5184
0.07237996 593.6414
0.05099678 628.3764
0.0441994 594.0976
0.0574501 593.0763
0.06687867 566.4811
0.06027075 600.1283
0.04196578 612.84
0.05601711 638.6987
0.05791637 618.6498
0.07648575 638.0061
0.07265685 629.5833
0.05198389 633.9087
0.05765043 675.7755
0.08400389 652.66
0.06255068 654.0564
0.06172325 604.8316
0.0611229 615.6638
0.06368703 615.0549
0.05485802 605.8234
0.06564504 634.1024
0.04275692 630.909
0.06342312 624.5224
0.07238256 674.2081
0.08526016 655.751
0.08556254 637.1963
0.07305207 636.0927
0.09490238 628.0723
0.1038169 563.5052
0.08538873 591.1428
0.07494802 610.4191
0.05127185 646.9741
0.04080463 630.6061
0.03569403 661.3044
0.04433075 679.2821
0.03421251 677.3941
0.0278181 682.8653
0.02096647 681.0902
0.02681393 675.5841
0.03884758 718.3366
0.05318238 705.6013
0.04786524 704.0421
0.06568279 724.7073
0.05411747 681.7859
0.04964874 728.0225
0.04695909 715.0383
0.03611048 713.0044
0.01879178 736.6963
0.0213588 669.2076
0.01809468 681.9576
0.04971294 704.6864
0.03993095 697.7142
0.02981566 706.2205
0.05808114 713.8916
0.06891358 689.5718
0.04408814 659.5074
0.05411261 627.2765
0.05608527 712.3495
0.08453088 761.9046
0.07711521 754.4338
0.06526713 758.9377
0.06077396 764.9049
0.05105498 738.1079
0.06247968 787.3829
0.06518962 759.0373
0.03698341 806.489
0.0392955 829.8375
0.02894233 898.9345
0.03521077 874.6135
0.03748956 876.7626
0.02667331 845.8298
0.01971852 833.9594
0.00707211 912.2264
0.006293261 901.3162
0.0114501 914.9263
0.01374511 957.8329
0.03042512 989.8154
0.03171664 959.9834
0.03108291 935.5959
0.03620415 960.2871
0.03314863 1004.711
0.02820098 1060.86
0.009433748 1069.827
0.02641152 1123.827
0.02870163 1241.893
0.04038523 1303.7
0.03187562 1342.981
0.01763966 1435.38
0.02675113 1500.789
0.01998568 1441.261
0.03773936 1358.62
0.02892629 1281.965
0.02484012 1251.315
0.01240967 1237.002
0.04056023 1282.063
0.0469703 1235.922
0.0324942 1290.552
0.03712619 1317.223
0.02924462 1266.34
0.05296254 1279.906
0.05074838 1289.37
0.03725905 1223.395
0.02195094 1182.088
0.0434773 1138.104
0.04202962 1192.682
0.03755218 1201.462
0.02952315 1255.998
0.02315595 1256.571
0.01580916 1214.046
0.01926919 1211.72
0.008461676 1216.551
0.01084976 1204.269
0.007118901 1213.55
0.01700632 1156.848
0.01182879 1160.439
0.01709916 1139.153
0.01777999 1153.906
0.009416905 1097.543
0.01147672 1121.983
0.01665479 1118.978
0.01391974 1125.251
0.01174029 1130.938
0.004888608 1072.382
0.007390993 1128.152
0.0183666 1016.254
0.01824274 965.8266
0.005844294 937.5561
0.02135562 861.7288
0.01419257 847.6364
0.02186215 821.7899
0.02073653 732.901
0.01418974 698.2056
0.02026247 720.3153
0.01794012 736.9781
0.01719208 711.7448
0.02797776 702.5588
0.01408189 710.73
0.02749199 777.6467
0.02093281 755.4096
0.006647103 775.3016
0.01567365 775.5175
0.01140556 785.5125
0.01635116 751.6247
0.02012691 834.3858
0.03714266 874.3125
0.04777352 890.3878
0.03705454 874.8051
0.02933048 895.8072
0.03661867 913.0669
0.02503443 892.466
0.03232181 959.5054
0.04093073 998.8498
0.04019099 984.6681
0.06452814 888.0117
0.04882559 806.3848
0.05849435 813.6941
0.06173126 810.0983
0.04095037 834.7976
0.05867281 775.3381
0.07176157 769.5293
0.1011975 760.551
0.09290503 742.7475
0.07726536 701.0283
0.05052896 759.5709
0.09820706 794.8872
0.06108507 756.2143
0.03293344 748.0704
0.0516834 777.5814
0.0720313 859.7921
0.08044582 870.2161
0.05321066 930.0476
0.02813399 1024.309
0.0432868 1063.949
0.02412705 1074.77
0.005558726 1072.95
0.01460751 985.9663
0.0157267 990.3482
0.01895862 1088.996
0.008774375 1162.115
0.01001963 1124.828
0.02103231 1164.472
0.01462105 1161.214
0.006820194 1123.074
0.002087252 1029.729
0.01085677 1084.604
0.01830727 1112.466
0.01071516 1104.111
0.01534454 1088.812
0.008608986 1102.799
0.01032434 1125.184
0.006366342 1001.285
0.004060751 938.8288
0.01136922 934.3364
0.01858657 950.7692
0.01419954 923.8008
0.02508643 950.5219
0.02891316 1020.438
0.05853424 1036.079
0.07442877 980.2609
0.05824417 975.8563
0.05660124 1031.772
0.06811459 1076.734
0.05720814 1069.272
0.04880684 1137.367
0.05320587 1157.791
0.05625638 1117.654
0.06716741 1188.132
0.06502357 1162.497
0.03422941 1180.73
0.04221277 1147.961
0.04467006 1189.74
0.04464098 1143.513
0.06011255 1070.741
0.0473635 1149.166
0.03389244 1101.387
0.03201141 1197.966
0.01601823 1142.801
0.01298105 1121.439
0.02003677 1086.701
0.01738059 1068.567
0.009571863 1067.327
0.00555228 1147.24
0.005679717 1082.071
0.005223291 1005.011
0.004101232 1070.897
0.008805523 1117.786
0.01476652 1139.01
0.01254134 1081.728
0.01319016 1137.756
0.009745433 1131.539
0.0004469491 1022.163
0.0001138306 996.403
0.006926878 1095.041
0.004646225 1041.58
0.02265844 1007.33
0.04003663 1018.5
0.03455917 958.2174
0.03154624 978.8865
0.005989305 957.3608
0.0007065091 977.4749
0.004237743 1092.104
0.005045751 1171.205
0.01009775 1133.995
0.01395163 1196.69
0.02292281 1169.824
0.008797175 1230.529
0.01889024 1241.215
0.0265056 1130.95
0.04216017 1206.202
0.0486782 1278.99
0.04621121 1296.04
0.03670859 1269.699
0.0190482 1344.038
0.02796803 1391.944
0.00800636 1361.865
0.00763282 1308.651
0.01191104 1359.064
0.01737909 1301.265
0.02283037 1337.359
0.01962383 1271.536
0.02786962 1294.549
0.02178613 1287.681
0.02995987 1300.387
0.03764936 1274.151
0.01883073 1382.562
0.02524057 1319.286
0.02319688 1268.154
0.0215261 1289.233
0.02234088 1268.404
0.01750192 1252.93
0.007742612 1184.28
0.01019926 1151.384
0.006899225 1030.072
0.007509652 1044.698
0.0101983 1017.191
0.002608553 1051.238
0.01278453 1055.885
0.01185193 1089.258
0.01146311 1127.98
0.01834173 1060.346
0.01736946 1097.645
0.02446659 1133.427
0.0382374 1156.934
0.0433225 1165.562
0.04610697 1148.455
0.03159758 1173.509
0.03957203 1136.488
0.05862734 1187.491
0.0193626 1167.743
0.02333913 1175.922
0.0201473 1173.21
0.01463335 1224.286
0.02942756 1231.747
0.01636668 1192.644
0.03974855 1276.004
0.01305995 1279.961
0.01900073 1276.663
0.005091781 1297.634
0.008426362 1339.49
0.005365389 1390.371
0.009711769 1363.811
0.01310709 1392.829
0.005169474 1323.465
0.01642913 1429.653
0.01874023 1424.37
0.0227245 1386.051
0.02416413 1460.415
0.01965784 1505.039
0.02206626 1637.666
0.02039415 1629.204
0.03210461 1649.829
0.02524938 1541.257
0.02479407 1517.908
0.0136908 1543.25
0.01625263 1531.964
0.0212643 1491.324
0.01161811 1558.162
0.01733697 1581.233
0.02257862 1570.714
0.02484821 1550.392
0.0215488 1581.093
0.01208482 1559.722
0.00933463 1508.889
0.01007446 1594.276
0.0139167 1692.766
0.02458104 1560.471
0.02388276 1574.572
0.009937013 1573.797
0.0201701 1608.452
0.01415771 1689.083
0.007966402 1762.167
0.004382082 1713.234
0.01685765 1752.137
0.004330337 1736.208
0.001392742 1593.484
0.007113453 1460.176
0.007172141 1450.654
0.007704708 1462.003
0.007984351 1425.027
0.006750159 1553.438
0.01320083 1636.28
0.03491408 1580.333
0.0581102 1573.958
0.0437793 1405.727
0.04654235 1382.719
0.02832546 1336.626
0.0155824 1232.72
0.01407166 1104.621
0.006891421 1197.014
0.01257713 1235.331
0.02109244 1194.623
0.009376096 1155.244
0.008753557 1098.696
0.01058874 1039.813
0.008083676 930.0246
0.01028519 1037.311
0.01640117 983.8816
0.06072358 958.1224
0.07576253 984.9669
0.04873806 926.9427
0.02367901 898.8398
0.03139397 823.6841
0.03598125 785.9962
0.06015841 807.0614
0.04862564 768.3831
0.05441042 733.8279
0.06958566 789.6917
0.06209765 817.4578
0.02207129 854.8441
0.01472617 828.3898
0.01119108 863.7456
0.04065844 812.8454
0.03911296 809.0401
0.03818851 801.7339
0.03943049 798.8739
0.02115411 732.8001
0.01942012 754.5529
0.03441251 724.7907
0.01154482 723.6174
0.01033187 699.0589
0.005345591 657.199
0.005284182 614.2583
0.01335468 576.5879
0.02623629 553.6217
0.01531898 559.1479
0.03503014 557.0133
0.03692456 542.3478
0.02765296 551.922
0.01814325 589.5137
0.02206364 566.5012
0.01685846 514.9047
0.04237764 490.4136
0.04239034 527.0264
0.05744246 491.9966
0.06705423 531.8187
0.07529883 505.3394
0.05940565 532.1359
0.02631621 501.0725
0.009694213 512.8135
0.009732507 528.7091
0.003389965 548.3839
0.002947425 538.6586
0.002791008 579.7544
0.004275697 589.361
0.004360107 584.8141
0.005089595 608.1641
0.006364465 585.3166
0.005270866 600.9303
0.008983947 626.2897
0.007591482 614.4786
0.01210285 650.9086
0.03059508 643.4198
0.02696632 629.9005
0.02706221 671.6863
0.03198596 692.0002
0.03101606 690.3822
0.03821435 679.7622
0.06189634 718.4491
0.04447162 748.1814
0.05510188 796.0477
0.05012876 751.733
0.04268351 774.0873
0.05625935 776.3745
0.01608593 772.5605
0.01776126 788.2154
0.02657982 717.5696
0.01271912 720.2717
0.006794953 747.1697
0.008568099 750.6874
0.01436247 775.6488
0.00951824 730.6252
0.01946425 734.9484
0.008256815 700.3002
0.01611616 753.6727
0.008980383 820.0563
0.02688895 847.9719
0.00968614 867.2496
0.008631906 930.7867
0.01065621 861.4412
0.01819461 906.295
0.03195916 858.0376
0.03796976 843.4611
0.0503155 822.0292
0.0425847 755.5537
0.04437928 766.6919
0.03377018 808.7637
0.03101357 817.8191
0.006246769 806.8245
0.003926231 758.5521
0.0004569038 713.5713
0.004026846 720.7021
0.008034851 745.3348
0.01548897 798.8852
0.01000969 785.5108
0.02577918 777.1284
0.01366225 800.5752
0.005649379 804.1494
0.00358533 873.4259
0.003927821 877.6347
0.006098918 911.2575
0.004661328 866.9119
0.01139604 877.4863
0.01250578 885.995
0.008174328 848.0194
0.006644524 864.5219
0.0008832655 898.6361
0.001710389 945.128
0.0009677055 954.0918
0.007119353 958.585
0.01171732 1036.12
0.01159494 1052.566
0.02285664 976.375
0.03388112 1006.1
0.03769763 977.6735
0.03726337 993.4202
0.04259919 979.4123
0.0367076 1018.87
0.03174786 951.2311
0.02575271 898.6696
0.01499219 980.9232
0.03437811 1071.744
0.0434653 1045.743
0.05061989 1006.369
0.04543628 1000.226
0.06780048 961.2026
0.06619359 901.6609
0.04212231 923.3854
0.02773936 933.1907
0.01005792 923.0084
0.02573567 903.315
0.02728261 888.0403
0.03012424 917.8918
0.03232885 900.9283
0.04558564 890.7388
0.04472178 869.2752
0.04183387 882.7455
0.05491647 896.4617
0.0534347 891.8348
0.05166233 818.513
0.03838902 785.8579
0.03393722 820.8407
0.05127649 849.1943
0.02320976 833.3154
0.03079785 817.1613
0.03008664 745.1415
0.06820801 702.4256
0.05927145 720.2325
0.0584563 664.3421
0.08850772 649.9502
0.1169942 633.1062
0.06301848 595.8492
0.05554782 612.5765
0.02281826 614.534
0.03810645 673.8134
0.02907489 675.0931
0.01501251 660.2816
0.008693048 668.3934
0.01245269 644.6573
0.01308188 589.4158
0.01754314 592.3847
0.01740236 601.2484
0.03075115 618.0124
0.03675705 603.9678
0.03572933 639.207
0.03520544 661.742
0.0317741 645.8878
0.05000927 581.3543
0.08549083 583.417
0.04036484 594.97
0.01480071 582.6962
0.007498977 582.2696
0.005431638 573.6869
0.003087988 578.2179
0.01261419 625.1699
0.02291623 610.0665
0.03859167 584.2495
0.04953609 573.4379
0.03044344 567.9558
0.04410813 567.846
0.05457553 576.4811
0.06626651 540.2338
0.0610757 564.8595
0.0344345 636.6261
0.04045932 606.2089
0.03514002 635.8744
0.02242684 630.26
0.03532289 652.3792
0.04982699 715.4301
0.07176517 712.3503
0.06899993 713.4369
0.05404123 769.0285
0.03129828 798.8896
0.04068738 788.7417
0.038432 764.4557
0.04958602 775.7499
0.07392365 810.2472
0.08033693 811.5614
0.06636606 798.875
0.05935836 798.4102
0.04855227 800.2561
0.05710404 801.3385
0.04988192 726.1956
0.05087568 715.1795
0.02951446 798.2243
0.05170282 753.0153
0.04600054 787.8595
0.04083747 813.5258
0.05832169 812.1424
0.05862697 820.918
0.04495526 844.4789
0.05014607 818.908
0.04415912 843.2358
0.044301 817.8437
0.01524365 801.5423
0.02871756 901.8167
0.02520477 960.7495
0.02096657 1096.309
0.01394904 1033.804
0.007681082 1038.824
0.01047988 1074.046
0.01081457 1077.144
0.02227277 1056.484
0.03299163 1086.657
0.02611117 1169.93
0.03141671 1208.917
0.01332848 1144.424
0.01151901 1150.156
0.01590478 1103.345
0.002781289 1080.408
0.00460125 1102.131
0.01597699 1139.583
0.02187619 1063.136
0.01924231 1115.457
0.02046126 1064.497
0.02184648 1055.996
0.02783255 1052.035
0.03166475 1086.491
0.03445958 1141.93
0.02951063 1165.728
0.02024479 1139.88
0.02049162 1158.757
0.02313985 1157.021
0.009348282 1200.124
0.0007219566 1240.752
0.004953865 1145.408
0.004633174 1062.047
0.007992518 1078.515
0.01079429 991.1919
0.01127794 934.3128
0.01313902 888.313
0.02893025 819.4104
0.0314482 826.2445
0.02386289 848.1213
0.02184045 848.585
0.04625496 822.4925
0.04297074 835.4604
0.01912428 887.9749
0.01111129 899.7534
0.006991328 899.44
0.008931927 876.3385
0.005452617 880.7412
0.008664665 906.4162
0.02097564 914.7675
0.02363505 881.4762
0.02550668 958.7204
0.01942353 932.8191
0.01188257 964.8843
0.02330709 928.1279
0.01082728 893.7111
0.01254718 934.6031
0.007787373 1017.277
0.007225388 997.795
0.01242788 1027.036
0.0385018 971.1315
0.04379788 889.3731
0.01862014 859.602
0.009836903 909.4254
0.00361184 866.5614
0.01030162 839.3671
0.02134817 868.395
0.0157702 824.1511
0.01597928 837.6492
0.02742916 836.1905
0.02061034 829.4066
0.02653321 802.746
0.02304917 786.0026
0.02982787 834.2267
0.03071642 828.3536
0.02350862 841.5347
0.01931477 822.7615
0.02503385 829.2821
0.02938237 777.1787
0.03723328 781.7132
0.03655827 733.3693
0.05262122 684.0843
0.07556301 669.0254
0.04310986 674.1156
0.0519808 602.3919
0.06197707 612.1992
0.07110838 626.8842
0.04011184 632.3546
0.02995597 623.0096
0.01468211 624.176
0.009759664 658.6839
0.001343219 694.3908
0.001960293 691.3143
0.003945435 734.1339
0.004946539 698.7406
0.007698899 688.4628
0.02218903 651.6281
0.008851912 642.869
0.01941078 645.5918
0.01826327 613.3757
0.01199786 639.5394
0.01316482 660.3527
0.006566107 671.4209
0.009528223 713.156
0.0287112 692.6379
0.03760627 676.1432
0.0312656 651.136
0.03357678 648.7396
0.02309994 655.0181
0.01589267 606.5854
0.01757064 575.1762
0.01438698 519.6004
0.01289906 506.6945
0.0272061 485.8854
0.01415609 488.911
0.03313762 514.0792
0.0178215 516.3236
0.01359402 478.5062
0.01805384 498.4354
0.0103253 569.0463
0.01161194 547.2177
0.04137304 570.7344
0.02875655 575.3347
0.02989397 591.1867
0.02167645 557.9617
0.0322354 577.1017
0.03473959 581.5434
0.04423529 531.127
0.04673735 533.3862
0.0738396 512.8335
0.07955795 542.6701
0.06545795 531.5505
0.05310403 478.0271
0.0708935 474.5385
0.06988993 460.0561
0.0643045 518.9771
0.08585966 540.5779
0.06632221 510.4223
0.08621626 541.5736
0.09671395 564.5302
0.07589312 551.1824
0.07409264 560.0788
0.06923531 570.5561
0.05954733 582.2028
0.04492499 631.6507
0.05032262 648.666
0.03215753 633.0885
0.0149727 629.0895
0.03574832 639.5003
0.01569388 616.9794
0.0296119 563.0834
0.0257369 542.9086
0.01901881 561.3756
0.0204306 594.2512
0.04381121 587.2411
0.0638225 560.4589
0.06844341 558.5442
0.06642492 534.4543
0.05078983 542.5896
0.08259363 528.2095
0.07624802 505.494
0.07008412 482.9986
0.05923705 467.5954
0.04168783 497.1633
0.03004109 517.3588
0.02831288 541.467
0.03892946 567.998
0.0218793 582.2597
0.01159327 581.2327
0.01253474 592.69
0.03250031 608.1806
0.02615106 587.6669
0.005575721 571.174
0.009162859 566.6716
0.01325824 549.4543
0.01934874 604.1333
0.003965035 603.0644
0.006465514 636.3757
0.01362721 657.3105
0.03924954 614.161
0.05619464 626.9494
0.05636033 595.9671
0.05677795 610.3946
0.06878786 540.5378
0.04504706 504.8402
0.01874282 501.9871
0.009830417 479.7796
0.007075409 483.5946
0.01558834 436.272
0.0347327 439.5149
0.04318003 451.3671
0.03911914 460.1876
0.05535014 444.1111
0.03344802 440.2858
0.02245158 458.486
0.006063482 460.9082
0.005423962 455.6048
0.005836379 466.0818
0.004149426 471.1256
0.009238475 422.1443
0.0003264184 414.0109
0.007152861 403.8493
0.01734964 410.2836
0.03224781 410.064
0.04457896 413.337
0.02993481 398.7793
0.03799864 406.2559
0.01456502 410.3748
0.006165551 425.225
0.006041063 395.9976
0.005585932 426.2126
0.01283823 406.0201
0.007141063 408.3017
0.01216932 427.1767
0.01876753 440.8569
0.02709532 459.5545
0.01645604 444.2843
0.02377299 401.86
0.01067958 431.5876
0.01482238 414.7743
0.004939718 407.9415
0.002096543 416.0028
0.003991904 414.5522
0.005309197 441.3943
0.005906457 463.8308
0.003739201 485.2328
0.01169773 455.0915
0.005590343 492.9537
0.01781599 496.124
0.01353543 501.8821
0.03681671 484.2181
0.04209593 483.979
0.02610201 463.8888
0.01927679 465.8765
0.01620749 442.0551
0.01020151 431.0818
0.01536948 430.1203
0.01820976 395.9652
0.009477692 406.7401
0.01322371 400.8656
0.01271862 398.9979
0.03258787 417.6574
0.02184766 444.2886
0.0300187 431.2617
0.02988589 383.7863
0.02589059 389.1484
0.03075428 380.997
0.04566623 371.6423
0.05740988 389.6766
0.06866591 367.0234
0.05013702 360.5783
0.03988583 361.0869
0.05505197 360.7917
0.03262454 368.038
0.0412451 371.1712
0.04451943 387.9391
0.04089473 404.9943
0.03696314 395.2963
0.01561619 376.3059
0.02380586 375.6943
0.02223612 381.1396
0.02748283 376.4273
0.04127544 355.3525
0.04563522 358.4313
0.01782875 331.6363
0.01893167 324.5967
0.04576215 319.647
0.04577173 350.9625
0.03775145 362.8054
0.05641946 352.0878
0.03975038 371.7859
0.05351236 352.2306
0.05519131 366.5462
0.04946687 391.8903
0.03770987 408.9638
0.05951027 407.1679
0.04505528 392.6295
0.02722334 401.6053
0.03909763 379.0161
0.05014716 382.7976
0.02321902 364.7498
0.01619984 368.823
0.001060985 358.6635
0.003402825 388.9306
0.006792813 385.6687
0.01867894 379.7305
0.01841642 399.4527
0.02002181 433.0621
0.02441643 454.4558
0.01731316 466.9172
0.009643737 444.1395
0.008784605 468.4463
0.02014768 443.0337
0.02469189 495.9664
0.0415786 520.8993
0.02494269 542.4159
0.01875211 516.8305
0.02341155 535.5323
0.005381434 498.6864
0.01428797 483.127
0.01046453 472.1707
0.02062427 495.5932
0.03709668 528.7541
0.04559349 534.9535
0.02976461 551.0003
0.0274784 570.0004
0.01458774 577.2022
0.003143967 632.75
0.02046847 623.4039
0.02152175 597.6725
0.03685026 616.6671
0.02155171 602.4451
0.01979106 594.4788
0.02906813 596.4027
0.03255928 591.4825
0.02190217 614.6792
0.01917959 613.8515
0.02408865 633.8309
0.007595897 656.1922
0.001086183 616.2107
0.01363275 613.7002
0.01855538 598.8267
0.01828757 594.674
0.01078372 536.6126
0.005843996 567.3085
0.007880951 606.5289
0.03121237 629.1908
0.0305823 682.085
0.02051527 684.3357
0.02680478 651.1368
0.02177228 637.0378
0.01563013 624.9921
0.03035601 579.3669
0.01610438 565.574
0.03009535 546.4062
0.0431177 599.3269
0.02154289 606.5033
0.01249831 610.3703
0.01241841 649.1351
0.0256311 645.0295
0.036694 638.7384
0.03608594 670.9061
0.05463279 628.6472
0.02104587 640.8888
0.01375307 598.0317
0.02363357 618.4495
0.02334505 654.9587
0.007467535 654.8821
0.03344517 704.8925
0.02883649 765.2858
0.01506143 729.8435
0.03072729 706.6192
0.04057125 805.7106
0.0276492 803.9896
0.03404545 795.4482
0.01626963 796.644
0.008806076 785.2493
0.01233886 812.815
0.02165228 782.2664
0.02474379 747.7285
0.02753354 733.5483
0.04782261 722.1791
0.05844251 687.7437
0.03772389 671.2368
0.09892167 647.4443
0.1254197 623.7972
0.09534283 614.6195
0.07765642 621.7446
0.05176114 573.8979
0.06694276 589.2202
0.03944233 589.7914
0.0372954 626.3301
0.03622247 599.5385
0.0738477 637.3177
0.06437784 638.6474
0.07111892 655.2554
0.04310387 617.3219
0.03760168 633.7096
0.02352879 694.2591
0.04581793 731.5202
0.04959335 764.3238
0.05246641 776.2688
0.0425338 785.5131
0.03100157 781.2647
0.07623302 769.5675
0.08846784 724.6309
0.04677468 774.6813
0.04429355 845.6268
0.06565779 848.0863
0.08312896 885.1702
0.1157665 850.9822
0.1098292 863.9752
0.0518992 865.176
0.06373787 868.1559
0.05413046 790.7899
0.04614615 841.8186
0.03721543 824.8161
0.04175917 848.9844
0.05727715 905.5686
0.04944139 926.6128
0.03359731 912.8104
0.01396166 983.0789
0.02622372 1015.881
0.03546749 1005.123
0.03871289 1027.942
0.04123009 1065.847
0.05449765 1130.406
0.02944071 1107.616
0.01330753 1170.562
0.008050933 1107.222
0.01709904 1115.422
0.01005095 1108.357
0.01955304 1112.242
0.02650572 1106.3
0.04375451 981.3511
0.01810655 979.0022
0.01257637 943.5142
0.007882215 1055.896
0.03519591 981.5785
0.03442722 918.8425
0.0317602 885.5142
0.04393621 884.2203
0.04143107 871.27
0.02134291 860.0118
0.0177395 932.0569
0.01087399 935.2847
0.02354491 939.1127
0.0356259 885.5725
0.06922349 889.6309
0.07042346 842.1616
0.06112494 899.4453
0.05511873 885.4334
0.06307751 955.1834
0.04191326 946.0024
0.02939328 932.3652
0.03493909 955.9732
0.02964349 933.1552
0.03050748 895.7695
0.01907104 871.7332
0.02563659 848.3693
0.009706179 853.4473
0.02072867 880.5993
0.01972289 845.3181
0.007056126 800.4005
0.003267363 802.7687
0.005337027 787.6813
0.003211886 765.1976
0.01062224 781.3879
0.01196205 772.7904
0.01570229 762.5856
0.007986813 813.4948
0.02215474 834.4221
0.01450389 834.4099
0.02605419 769.0655
0.02265034 855.8446
0.02899566 862.0939
0.009648737 854.3556
0.01032609 875.3131
0.009201185 860.9451
0.01121096 847.5291
0.02047994 832.5019
0.02243598 843.4649
0.02303018 811.5099
0.03388269 853.9701
0.02198136 847.5612
0.03085893 825.2077
0.02145015 820.7506
0.0218669 819.7306
0.01921157 806.0839
0.02376305 786.8116
0.04800997 814.1558
0.04569919 829.8376
0.04819751 879.6085
0.06209007 859.4739
0.07908483 876.7992
0.05178857 828.795
0.03559825 817.8661
0.04899429 741.36
0.03537252 805.0999
0.04492109 861.6124
0.01621815 830.9157
0.02996834 848.9412
0.0221451 823.6735
0.02911382 818.7368
0.04547403 773.4196
0.02455049 777.9334
0.0251015 791.1542
0.0185047 784.6388
0.00391643 800.3377
0.001969822 762.883
0.006509173 755.8533
0.007105198 765.1999
0.005444151 751.7185
0.006800502 739.0611
0.01280238 851.5623
0.02213199 877.281
0.0266701 875.406
0.01366982 881.1289
0.008483986 933.7025
0.01005079 927.9122
0.001072522 959.372
0.009895236 950.701
0.002605089 905.9799
0.008270402 872.0157
0.0101487 917.7596
0.02340178 993.4457
0.01123128 1022.812
0.009843752 1016.784
0.01304024 1087.656
0.02085423 1074.123
0.03299102 1032.074
0.03154142 1068.088
0.04577561 1072.249
0.05203923 1086.803
0.05563238 1152.814
0.01854491 1114.95
0.0155392 1157.627
0.02299034 1147.315
0.002471703 1174.677
0.006858189 1083.453
0.002395028 1137.487
0.009656445 1052.674
0.007282433 1113.421
0.0134777 1128.179
0.01062426 1072.432
0.01761929 1117.236
0.01484767 1085.151
0.03660206 1012.996
0.01892104 1055.488
0.02835186 1068.524
0.04287652 1019.741
0.03793203 1042.187
0.03471312 1002.585
0.05894935 918.921
0.02845275 947.0954
0.04632647 974.4357
0.04262943 1018.204
0.05046194 949.2814
0.04126327 897.8434
0.04115406 908.8578
0.02614015 965.256
0.02410236 976.9033
0.01366591 1005.324
0.007442693 972.5927
0.005733987 976.8685
0.006153365 1021.296
0.003812473 969.0975
0.007362617 1011.67
0.004282526 993.3294
0.01174369 1006.489
0.01818731 1046.663
0.01653516 963.9131
0.002560422 885.5917
0.01269523 912.8446
0.01696277 898.5224
0.01163618 889.2157
0.03941546 874.0189
0.03926173 820.7308
0.03693591 834.9291
0.01563414 841.852
0.01602443 869.2562
0.008908083 889.8411
0.007560499 859.076
0.01003373 870.5139
0.01221544 888.742
0.006769026 920.3832
0.01027168 873.9573
0.006075933 853.2059
0.002067095 857.1403
0.02143836 761.8027
0.03623724 785.7759
0.02904789 758.2808
0.02662142 776.8274
0.04499621 779.5918
0.05603065 826.8864
0.06247272 826.4143
0.05858748 850.9653
0.08070974 873.6834
0.0699464 867.4459
0.06205139 853.6754
0.04480489 939.9154
0.02919474 855.0137
0.02540862 925.5251
0.03120804 930.6509
0.0673778 879.8588
0.06756957 862.2507
0.08289999 851.1328
0.07474308 852.1646
0.05159549 899.7811
0.04508502 938.3317
0.04596332 1049.775
0.03508855 1063.637
0.01799126 1051.862
0.004977814 1111.954
0.004417107 1081.241
0.008603157 1037.874
0.02233105 993.5325
0.02573008 1092.2
0.02008737 1119.147
0.03299302 1157.239
0.02209664 1165.453
0.02560899 1326.166
0.03809506 1374.217
0.04043918 1317.345
0.02637053 1309.626
0.02873201 1284.334
0.02644476 1150.011
0.03097825 1104.166
0.02348327 1141.165
0.006273833 1069.791
0.007091059 1055.055
0.009978965 1021.297
0.00370165 1041.507
0.007444557 913.1337
0.02043789 936.9653
0.0187955 964.1575
0.0350604 914.1091
0.02826296 881.1592
0.03730498 856.5762
0.03631735 849.5511
0.01061929 851.0286
0.01076696 859.2919
0.01029304 867.4533
0.006180751 868.1902
0.01109765 817.6592
0.01260463 870.6985
0.01558322 830.4949
0.01563394 873.9581
0.01092785 994.2471
0.01400079 995.0376
0.01587744 1045.261
0.02334308 967.3907
0.01012069 954.9677
0.026731 1011.045
0.04987229 1061.711
0.05469565 1022.472
0.03447599 1055.943
0.03649125 984.6004
0.03000269 982.6968
0.02512088 913.7447
0.04412655 805.7559
0.02226549 799.3469
0.01401202 752.7237
0.02471092 738.0384
0.01926536 780.6533
0.01844164 816.1124
0.02582506 719.324
0.03179673 755.7128
0.03048685 685.3327
0.04028798 767.4621
0.04014866 767.7076
0.02068194 782.0596
0.01123549 764.9913
0.02089977 773.5726
0.01514348 706.2941
0.03148717 682.7986
0.02546802 756.4755
0.007080669 743.2622
0.009534784 782.8851
0.007634476 774.6417
0.02328625 752.6929
0.01194872 794.4198
0.01115619 745.5773
0.01959307 762.0768
0.01598544 720.0641
0.01862932 794.5902
0.01642317 800.9599
0.008774098 825.6429
0.02042558 754.7748
0.05464405 780.0598
0.05672529 785.7142
0.05477458 824.6719
0.04869822 812.361
0.06899302 790.4739
0.08453861 758.4322
0.06782183 751.6619
0.07599644 752.2217
0.07625263 749.0635
0.07723989 721.4287
0.0506067 694.964
0.04016729 652.8865
0.05068203 696.4704
0.06559723 694.4621
0.07297514 693.3071
0.04600543 620.8632
0.05286809 557.935
0.03122519 553.5195
0.04279848 552.7231
0.02340174 583.1843
0.03834355 545.799
0.01792583 506.8329
0.02792864 513.6563
0.0111983 500.9127
0.007693992 501.1748
0.005176644 511.5679
0.02726161 506.539
0.05428989 458.1447
0.05242375 487.6714
0.05832908 481.666
0.04545767 492.9534
0.05974189 483.3943
0.08083997 460.4292
0.05856585 484.5155
0.05175956 495.5322
0.03270896 479.2192
0.02290968 493.4009
0.01072736 511.2415
0.01998298 488.9933
0.02354391 493.8189
0.01351322 488.8423
0.02033006 469.9599
0.01093663 470.6842
0.01075879 442.679
0.008591797 441.0372
0.01797382 454.4201
0.01989493 458.2985
0.02094783 458.2194
0.01682208 490.273
0.01578547 492.5169
0.007130923 486.2558
0.008763756 490.8377
0.01485558 484.0245
0.006534323 527.2292
0.003957197 494.5063
0.01244504 483.6969
0.01608283 479.2915
0.01529526 470.4394
0.007443166 490.2075
0.0108786 499.2916
0.00768609 475.1721
0.01627712 509.3751
0.02742948 528.891
0.01720409 530.6949
0.01690367 543.5447
0.03209492 592.6866
0.05655039 602.5221
0.06448155 599.4023
0.03920125 605.3713
0.03889372 656.5957
0.03995952 653.9388
0.02941271 644.2367
0.03481143 626.362
0.0377339 604.0783
0.02303441 598.3496
0.03016542 583.0938
0.0214527 648.8996
0.01890816 618.3638
0.01548223 601.3901
0.01274283 682.7423
0.009500156 707.4299
0.01689927 720.4995
0.01552387 711.2833
0.01017594 745.5239
0.01492044 746.3932
0.05936168 736.8361
0.07287321 730.9599
0.04784553 753.0171
0.04373945 689.2297
0.03421282 664.6314
0.04691729 653.2288
0.04764973 618.6289
0.04729631 577.1306
0.07357243 579.2426
0.09386912 546.1034
0.09910541 573.4973
0.08483195 551.9695
0.05199449 551.7578
0.06469505 532.2904
0.06707837 549.6407
0.05034733 599.7317
0.06978186 606.1558
0.06975112 556.4945
0.07392459 554.0917
0.04500186 498.1227
0.05132068 488.5128
0.03663192 485.2813
0.04359663 506.1011
0.08548867 558.8006
0.08906796 591.7704
0.04651201 580.577
0.04301692 588.2591
0.05035506 546.0701
0.06009097 553.5141
0.07853327 498.843
0.07047587 470.7561
0.07829688 504.8876
0.05640653 486.5119
0.06843343 481.6232
0.07593569 503.3618
0.05250052 522.9671
0.04980233 510.0831
0.04474861 494.8373
0.02308996 528.6711
0.01671184 526.2664
0.01746355 541.7897
0.02436928 559.4095
0.0227412 555.7303
0.01832107 549.0374
0.0237825 568.0145
0.03026596 621.3014
0.02443658 575.9123
0.02186507 611.4367
0.01079613 566.0923
0.01629242 524.0095
0.01633642 531.4589
0.01748124 569.7597
0.0507575 558.2912
0.07503828 560.7253
0.09239485 562.5208
0.09243756 605.1582
0.06972098 613.931
0.08277012 642.5293
0.111443 687.5328
0.1288769 710.8852
0.1015818 726.8666
0.1268404 679.9452
0.1220074 646.7365
0.1294025 659.3023
0.1269444 668.4628
0.1054059 656.2906
0.114048 636.893
0.08257512 643.2473
0.1070669 640.3439
0.114436 596.8194
0.1435438 631.5179
0.1289168 575.293
0.1203163 593.897
0.1212423 607.1772
0.08674542 643.8255
0.1277645 616.9345
0.1124765 604.1575
0.1018523 611.6709
0.06176191 575.3232
0.0561286 550.7406
0.06581765 498.554
0.05545081 499.0732
0.06715539 479.9433
0.06187661 455.3988
0.05381451 480.6846
0.03028337 493.2591
0.01691614 478.8567
0.01312493 461.9919
0.01634266 463.466
0.004626331 464.5757
0.01216055 471.1262
0.007092453 456.8004
0.02345234 469.9102
0.03296539 465.415
0.03799926 452.027
0.03906318 455.6728
0.01243817 448.4985
0.0110507 450.0935
0.004498556 431.5099
0.009522363 437.2069
0.004634628 416.774
0.007915804 449.0651
0.006106725 433.7567
0.02413696 484.9441
0.01739343 485.6521
0.01993005 486.8204
0.01554019 498.5119
0.02176518 519.8826
0.01748016 520.2291
0.01287967 541.828
0.01864704 567.002
0.01265205 590.5934
0.01247871 556.2432
0.02352942 581.6603
0.04032047 552.9139
0.03946436 483.3167
0.01577827 472.5726
0.01345524 471.5868
0.01710353 455.5498
0.03054035 464.8559
0.009412693 498.2698
0.006050198 496.1056
0.01482879 523.574
0.01068404 523.9649
0.03514294 580.222
0.02800699 545.3102
0.02472541 528.734
0.01036943 548.8728
0.008617725 547.0572
0.01351939 525.4675
0.03573144 514.2868
0.07220216 544.8557
0.07719226 528.0286
0.08042981 525.3647
0.05346458 525.2757
0.0289 494.5829
0.02189038 493.6206
0.01518671 466.7141
0.03756879 482.2986
0.01701989 501.2409
0.02896136 525.1248
0.05184674 529.227
0.03365219 496.9868
0.04014684 490.6987
0.034711 507.0825
0.02520772 539.9026
0.01360994 598.7113
0.004142612 593.9477
0.01119601 559.5585
0.01437234 544.486
0.03336666 551.1563
0.03011496 546.6131
0.01739643 542.4059
0.0245203 512.2751
0.03185411 505.8787
0.03410381 567.7092
0.03487142 567.1393
0.04697801 569.1398
0.05974792 606.7879
0.06560579 675.6239
0.06306253 639.4344
0.07480146 664.9856
0.04680636 678.243
0.03832168 714.2591
0.04386939 728.846
0.06958227 765.3329
0.1070637 752.1322
0.06666694 735.9641
0.09090759 700.4131
0.07424729 749.1942
0.06242868 724.1764
0.0644032 732.8314
0.09038957 706.4298
0.09587583 719.1006
0.09958722 763.1948
0.1063528 768.4561
0.08182255 767.632
0.082579 776.0211
0.08490463 757.7156
0.1066597 737.957
0.05365605 733.5854
0.04933556 772.7291
0.04735628 802.4321
0.03905548 771.2831
0.02861467 792.9453
0.03294903 844.8773
0.03870217 889.4958
0.03119548 868.1925
0.04660087 863.4688
0.04830545 921.4278
0.05336483 939.8331
0.03939935 901.5282
0.04598792 871.7273
0.03602052 903.6046
0.01159509 943.6955
0.02463652 959.5751
0.02582938 978.4483
0.03066828 868.7588
0.03578301 874.8717
0.03107202 886.8628
0.03459316 831.9343
0.03576293 824.7048
0.03715999 800.9916
0.03410593 772.7987
0.04851227 764.529
0.04483118 767.0644
0.04636185 764.3994
0.02942844 753.2404
0.02591351 815.1452
0.04565161 743.0445
0.05842095 718.53
0.0691741 722.4762
0.07265989 703.143
0.02653398 722.7877
0.02536583 699.5401
0.03872189 723.6924
0.02259115 757.4512
0.01578191 766.5215
0.003891101 781.4387
0.0001846148 853.6546
0.002330602 836.0864
0.005653449 868.8951
0.003710553 879.307
0.007505136 871.8138
0.005444706 835.3399
0.006537857 844.8947
0.004909053 807.1303
0.01207488 802.3463
0.02224912 859.9154
0.03021164 896.1923
0.02360324 887.8546
0.02959484 902.8691
0.03074085 962.5344
0.04565646 895.1157
0.03954339 865.8002
0.05667907 879.2181
0.09979506 948.7453
0.09697465 918.6676
0.08492207 859.8059
0.07625206 872.7848
0.04212678 893.5628
0.02484669 866.6273
0.02796714 885.3041
0.0312739 916.6618
0.03660492 870.1262
0.02297739 785.4772
0.02653907 800.1703
0.04728701 781.7006
0.03027263 754.6962
0.02955107 820.6115
0.008531608 817.862
0.01359057 826.8797
0.02273073 861.6926
0.01563786 853.3223
0.0139454 838.6848
0.01767533 926.6374
0.0133888 903.5489
0.01965442 883.9492
0.0442912 916.8272
0.03645336 926.4771
0.03268823 887.747
0.05600881 837.0351
0.03745674 744.2134
0.04639649 791.357
0.05883458 821.3576
0.06979985 835.9458
0.03991272 910.3442
0.03625026 966.5297
0.02435068 898.4331
0.03777294 969.8151
0.054671 1063.97
0.02204661 1041.825
0.03604238 1046.649
0.05454253 1075.319
0.03943112 1126.779
0.01175975 1009.589
0.01085406 1052.58
0.01002331 1076.781
0.01613561 1102.223
0.008719778 1029.138
0.01031742 992.1547
0.008154852 1016.56
0.02649836 997.8829
0.03995134 991.7791
0.03407024 1042.5
0.02252782 981.7143
0.01605315 905.2906
0.01731155 929.5876
0.01619646 900.1539
0.02074878 836.8808
0.01956651 796.9246
0.01664541 840.1387
0.015749 842.002
0.006074748 859.3208
0.001826069 896.4344
0.01493281 888.6553
0.03001262 891.7352
0.02375535 885.4132
0.02006566 786.4625
0.01224509 789.3774
0.01283036 807.2753
0.01086487 778.9332
0.0304134 815.6597
0.02620877 866.7309
0.01102088 886.9184
0.02144228 925.7176
0.02318499 944.1222
0.01501896 976.2974
0.02249316 946.1612
0.0162735 930.2682
0.02078471 886.1856
0.01458176 905.5354
0.01208529 988.2414
0.02796883 1078.372
0.04071987 1132.245
0.01250263 1154.944
0.01589295 1219.422
0.01218424 1194.978
0.01653866 1239.29
0.01555566 1266.91
0.005976162 1329.218
0.006915925 1322.922
0.0116653 1314.981
0.01745473 1317.517
0.02008654 1344.035
0.01000281 1322.45
0.02125188 1308.724
0.02201052 1295.978
0.0194983 1312.905
0.02909757 1340.955
0.01435341 1576.352
0.02148454 1670.75
0.0255861 1718.232
0.03272156 1729.956
0.03533638 1528.347
0.03181626 1374.442
0.02653483 1411.636
0.03091 1399.096
0.04716532 1471.449
0.0272854 1339.507
0.005278844 1336.986
0.008475927 1238.141
0.003648423 1196.291
0.009664015 1171.008
0.01116716 1126.334
0.01402451 1126.905
0.00636861 1128.949
0.00312876 1162.543
0.002493033 1225.239
0.003266911 1317.764
0.007469168 1271.828
0.0006218771 1221.655
0.001281659 1245.667
0.003744939 1307.274
0.009825755 1285.044
0.01626893 1264.834
0.008847063 1248.993
0.01109898 1228.628
0.01598753 1270.955
0.01095348 1211.512
0.01215177 1176.77
0.02985248 1213.851
0.0319469 1221.465
0.01693197 1299.573
0.005782858 1239.844
0.01917556 1277.013
0.01035577 1276.825
0.0005303505 1314.927
0.006775959 1372.803
0.0003913286 1420.549
0.006216005 1475.888
0.01363973 1445.349
0.01462946 1431.866
0.02126907 1450.031
0.02065704 1428.382
0.01651895 1593.024
0.02617702 1570.634
0.01589751 1584.027
0.0103291 1560.576
0.01945924 1528.531
0.02158133 1403.342
0.03293968 1355.666
0.02110609 1356.312
0.02001371 1452.937
0.01176128 1608.984
0.007999654 1600.904
0.01115562 1476.422
0.01722832 1545.841
0.02035628 1559.433
0.009665601 1583.65
0.008327432 1674.533
0.02954235 1694.532
0.04027576 1641.497
0.01280629 1627.229
0.00872194 1658.864
0.006270663 1860.857
0.005274163 1773.578
0.01540941 1560.917
0.03557271 1472.453
0.05411235 1555.413
0.05237968 1500.282
0.07092432 1517.196
0.05600733 1436.511
0.04794856 1458.155
0.04290151 1522.074
0.02281678 1541.326
0.03246868 1481.35
0.02299061 1431.201
0.01934695 1446.277
0.008800813 1396.542
0.01432062 1516.876
0.01776724 1565.54
0.02261529 1728.967
0.01665942 1774.985
0.05705307 1750.753
0.04358579 1793.192
0.03518536 1845.656
0.03152852 1794
0.0224838 1772.333
0.009651264 1761.056
0.00723448 1655.149
0.008597 1498.374
0.01500043 1567.223
0.01948102 1485.186
0.0269046 1421.597
0.01731351 1443.875
0.01905868 1461.932
0.02494744 1578.72
0.01447161 1443.547
0.004666055 1463.713
0.01073103 1465.68
0.006771448 1515.902
0.005323209 1403.357
0.001163494 1420.556
0.003295196 1456.113
0.001168538 1570.144
0.001923205 1466.666
0.002548734 1578.091
0.00170828 1544.267
0.004706849 1365.212
0.0002232257 1309.187
0.004283093 1373.719
0.005947399 1392.067
0.0112021 1343.347
0.009557017 1436.944
0.01030662 1406.18
0.01957939 1460.413
0.01612135 1487.713
0.01395279 1519.059
0.01683262 1555.827
0.02721325 1647.564
0.02512383 1583.195
0.02141892 1547.016
0.02921096 1612.573
0.03575727 1583.937
0.03031106 1564.761
0.02643225 1639.106
0.01269714 1738.575
0.008771258 1904.055
0.008203607 1852.035
0.002076053 1806.168
0.001689977 1871.491
0.008758928 1877.25
0.01242878 1943.526
0.02459159 2183.196
0.0295579 2163.315
0.02662625 2151.774
0.02251762 2341.941
0.02014009 2519.38
0.02153221 2543.162
0.0188521 2449.088
0.0118811 2606.368
0.005771832 2570.295
0.008866199 2434.251
0.005800375 2539.55
0.001960968 2595.363
0.0165984 2553.096
0.02294855 2665.341
0.02442236 2577.013
0.02966028 2533.116
0.0554414 2471.972
0.02065702 2449.256
0.007361908 2511.016
0.01939749 2471.696
0.01246108 2370.192
0.008613646 2199.111
0.02479281 2286.841
0.02477127 2167.573
0.01742306 2142.749
0.001961806 2237.963
0.01310335 2122.388
0.04111705 2111.889
0.05329232 2065.969
0.03993299 2004.116
0.05732873 2042.945
0.03339882 2100.882
0.02245182 2149.672
0.02340096 2141.92
0.03479827 2100.363
0.02163455 2207.991
0.01873897 2179.832
0.009552923 2310.174
0.01379045 2468.787
0.00219523 2468.238
0.004781764 2547.22
0.005966858 2419.169
0.007101221 2397.903
0.01008242 2755.109
0.01843985 2591.438
0.01090206 2726.845
0.01482625 2571.976
0.008381104 2412.335
0.00828463 2311.328
0.006549087 2294.043
0.002197794 2152.393
0.009075089 2043.519
0.009875148 1947.228
0.00439661 1887.042
0.00441002 1730.779
0.01190105 1827.712
0.004986194 1690.015
0.009116018 1562.836
0.02079401 1519.787
0.02520078 1479.95
0.01239803 1579.285
0.01930926 1614.753
0.009537565 1737.606
0.006773797 1732.356
0.004212292 1677.243
0.008767479 1729.862
0.01217638 1686.909
0.009576025 1730.179
0.005634837 1809.786
0.01065671 1785.646
0.004633853 1840.652
0.001270948 1755.796
0.0005732768 1687.599
0.008838494 1690.981
0.01389438 1719.008
0.01669882 1691.381
0.02007723 1775.843
0.01893878 1712.651
0.02957894 1717.128
0.03865737 1653.091
0.02663585 1783.569
0.01822456 1760.524
0.01479483 1725.057
0.00873678 1616.296
0.002795379 1670.025
0.003653817 1752.183
0.008471214 1645.882
0.02033824 1733.779
0.02725632 1643.79
0.0467384 1630.566
0.05091406 1720.632
0.04667779 1763.988
0.06497509 1702.139
0.05811008 1725.074
0.02644735 1733.33
0.01897164 1772.101
0.008425508 1753.081
0.02720789 1622.638
0.01515734 1613.171
0.01007965 1638.985
0.008647627 1636.163
0.008606483 1641.984
0.004713457 1511.928
0.02332135 1577.348
0.02349319 1607.097
0.01344105 1649.371
0.01822757 1685.915
0.00563072 1812.246
0.001612244 1837.782
0.005338393 1878.676
0.005664989 1946.056
0.002171808 1919.054
0.004481766 1905.217
0.01799926 1958.407
0.01450685 2210.357
0.02250901 2307.675
0.02315742 2263.215
0.02837248 2271.758
0.03862114 2211.344
0.02849481 2244.739
0.03531733 2356.384
0.02102969 2203.735
0.02474864 2126.26
0.0287735 2141.928
0.04110392 2127.159
0.0322169 2315.821
0.03556985 2454.798
0.04151896 2417.294
0.02277532 2529.27
0.003500043 2365.963
0.01506231 2430.228
0.01810231 2217.815
0.02186576 2277.35
0.02091199 2245.197
0.007653503 2124.857
0.004883576 2115.612
0.009936981 2150.806
0.001158228 2104.223
0.002698407 2246.604
0.007752797 2147.526
0.02225382 2198.056
0.01340981 2076.76
0.01519283 2091.364
0.01212362 2207.364
0.01434321 2071.52
0.01538601 2071.543
0.009569399 2380.353
0.0008031208 2427.192
0.005678514 2303.915
0.002859151 2288.738
0.006824186 2310.493
0.0007582198 2295.802
0.003824874 2221.943
0.002926808 2226.869
0.005455942 2279.036
0.00379307 2273.892
0.003151543 2155.17
0.01457951 2172.497
0.006406872 2122.237
0.007461058 2124.786
0.01351326 1903.91
0.01491572 1930.096
0.005508264 1791.55
0.006257078 1919.582
0.003859142 2008.49
0.002312251 1933.37
0.005173107 1858.11
0.005732516 1886.15
0.004607552 1823.31
0.006695663 1848.341
0.005596085 1967.702
0.01094512 2085.689
0.006874445 2266.933
0.009141657 2291.48
0.006784135 2363.055
0.0111358 2296.401
0.01345817 2410.012
0.01416486 2314.211
0.02650185 2432.171
0.03863431 2365.926
0.03144187 2488.795
0.0299089 2537.75
0.01811343 2726.729
0.01163347 2779.343
0.01267498 2746.012
0.004867402 2574.671
0.01021172 2612.455
0.01987155 2443.957
0.009956203 2432.925
0.008706457 2524.816
0.003427025 2607.013
0.006859699 2612.436
0.009537318 2461.576
0.01928544 2536.635
0.00589587 2577.233
0.002654592 2608.748
0.001034692 2721.809
0.003074564 2568.985
0.005982289 2622.998
0.006381167 2453.596
0.003472144 2501.785
0.00377321 2597.357
0.006315606 2673.401
0.009291352 2624.572
0.01443246 2569.997
0.009202797 2694.894
0.00895066 2681.548
0.01445815 2859.028
0.01855332 2766.35
0.01790488 2730.194
0.004241951 2767.893
0.02165206 2932.547
0.02018166 2893.862
0.0141479 3047.229
0.02353491 2924.907
0.02665413 2780.656
0.01771409 2800.712
0.01871006 2710.509
0.02483139 2714.246
0.008095952 2665.269
0.01890658 2630.755
0.01110706 2502.241
0.00788978 2664.66
0.006121482 2481.63
0.006559682 2332.276
0.01137823 2222.621
0.01990544 2182.304
0.01581891 2212.503
0.01515089 2025.05
0.002172262 2017.271
0.008145475 2171.728
0.01792343 2105.366
0.0202121 1932.04
0.02125117 1862.95
0.01068468 1874.639
0.00931993 1925.955
0.003881017 2043.703
0.003183538 2161.953
0.000386879 2220.135
0.006026596 2203.601
0.007244278 2316.405
0.007595547 2228.204
0.004051921 2229.73
0.002278998 2160.402
0.01503438 2226.424
0.008342689 2084.504
0.012011 2253.181
0.001398742 2395.489
0.004324266 2368.164
0.004173032 2327.689
0.02024516 2390.11
0.01121998 2560.098
0.005716409 2524.177
0.01163109 2465.681
0.01480493 2599.338
0.01829886 2562.634
0.004672529 2398.363
0.002271024 2494.61
0.0008526655 2607.386
0.003518638 2639.855
0.001274441 2425.4
0.009970809 2338.1
0.01531321 2330.832
0.03544882 2241.465
0.02432109 2289.626
0.02571993 2283.723
0.02550732 2245.155
0.008776609 2213.954
0.009017249 2344.565
0.009423018 2302.238
0.004908674 2251.989
0.002729641 2273.551
0.002144144 2345.614
0.0008492723 2322.093
0.01971661 2259.996
0.006638301 2197.444
0.009948536 2140.451
0.004965147 2036.104
0.003941822 1971.441
0.006038504 2049.067
0.00481017 2129.791
0.008475122 2037.639
0.01519837 2098.132
0.02012045 2229.229
0.004335652 2371.431
0.01016429 2250.813
0.009823291 2338.976
0.02999733 2340.472
0.02464701 2206.459
0.04544573 2166.144
0.04330404 2135.986
0.03363589 2124.25
0.02409995 2061.858
0.02099636 2118.004
0.05645723 2024.897
0.03743296 1857.569
0.03132913 1805.019
0.0280046 1649.224
0.02250589 1706.623
0.006246829 1629.24
0.009190866 1602.429
0.01659055 1635.726
0.01699631 1556.832
0.0332112 1561.254
0.01536353 1526.572
0.02737195 1614.658
0.02780237 1489.689
0.02069208 1611.743
0.01354981 1655.046
0.006942676 1670.52
0.01152278 1796.256
0.007217633 1798.808
0.002472658 1748.885
0.005576652 1709.248
0.006301408 1633.933
0.005374141 1623.709
0.0156495 1642.501
0.008957123 1698.414
0.0119871 1721.135
0.03141799 1664.368
0.02957263 1662.02
0.03874853 1670.534
0.02868153 1722.559
0.04459052 1766.712
0.01623315 1890.194
0.02127977 1957.622
0.01412389 1869.174
0.00525545 1807.099
0.02169486 1723
0.009034921 1687.868
0.008068461 1635.969
0.005092452 1660.384
0.00172035 1845.615
0.01106827 1866.963
0.01316432 1761.464
0.02230128 1746.977
0.008227785 1784.121
0.01081049 1704.549
0.003863763 1602.354
0.004552912 1600.073
0.006019996 1560.344
0.01061328 1575.897
0.008815159 1657.218
0.006302691 1574.361
0.01095276 1555.968
0.005866301 1539.51
0.009448976 1574.227
0.005113602 1459.822
0.008963552 1363.368
0.03049051 1419.202
0.02135792 1468.364
0.02176313 1410.558
0.01128949 1507.69
0.01582034 1400.098
0.03241477 1400.744
0.02803137 1413.401
0.02650948 1399.641
0.031272 1394.09
0.0359956 1341.192
0.02635976 1286.5
0.03885197 1330.896
0.03003854 1302.055
0.01556581 1229.854
0.03490864 1279.759
0.04764076 1243.251
0.03065747 1244.524
0.03029522 1070.454
0.01683243 1105.596
0.009214665 1119.03
0.01174545 1174.889
0.02228558 1190.367
0.02843837 1218.729
0.05111307 1128.201
0.04000686 1141.013
0.02041524 1111.707
0.01720021 1195.754
0.008256751 1279.118
0.01439165 1263.017
0.04231858 1274.956
0.04602979 1133.906
0.0407357 1060.229
0.05205214 1098.518
0.03550903 1139.941
0.04059791 1150.741
0.05380101 1103.463
0.02956391 1141.133
0.01890504 1160.93
0.01071545 1172.924
0.008130539 1281.1
0.03144554 1315.245
0.02839636 1288.072
0.01901432 1266.991
0.03853287 1354.184
0.05968655 1379.948
0.03152783 1371.094
0.0432006 1316.238
0.03702854 1255.418
0.04915556 1321.528
0.01367558 1310.52
0.02097623 1225.179
0.02027769 1242.94
0.005574141 1260.654
0.009153217 1351.289
0.005961934 1321.635
0.005157347 1274.192
0.001262018 1321.653
0.0052719 1382.797
0.01455858 1347.141
0.0084849 1277.953
0.01463536 1321.127
0.01031508 1335.104
0.01006386 1320.784
0.00381638 1338.741
0.006597618 1306.417
0.009445101 1273.397
0.009351474 1307.82
0.01091695 1314.758
0.03026221 1260.313
0.02953672 1213.131
0.02420873 1188.305
0.005886536 1189.307
0.005131464 1272.982
0.003595959 1256.141
0.01143032 1274.783
0.002990152 1303.519
0.002858369 1265.767
0.004880525 1293.086
0.01182972 1283.568
0.02352881 1303.947
0.02514929 1336.44
0.02378893 1328.12
0.03025787 1470.771
0.05151697 1451.299
0.03022537 1491.549
0.02642395 1413.283
0.01250001 1354.086
0.02303375 1336.093
0.01818923 1351.364
0.02195918 1269.144
0.01073713 1350.972
0.04457291 1360.044
0.0486832 1265.529
0.01820412 1312.146
0.003829101 1241.531
0.004992066 1222.464
0.006218497 1166.305
0.003249281 1282.048
0.008608291 1291.156
0.002063655 1325.033
0.004368325 1331.565
0.009167687 1429.003
0.009872402 1455.351
0.02067042 1466.393
0.01827218 1498.821
0.007440141 1447.408
0.01566616 1465.522
0.01307046 1549.272
0.01415774 1522.706
0.01028136 1556.727
0.01300508 1660.663
0.0098501 1770.202
0.004052407 1845.168
0.01145909 1953.092
0.01490097 1966.757
0.01288785 1931.739
0.01054316 2000.709
0.01951684 1892.782
0.01661149 1827.162
0.01087095 1785.067
0.01165603 1764.202
0.004744888 1604.653
0.01058085 1572.885
0.007096168 1557.774
0.009323124 1714.614
0.006560856 1701.721
0.009954739 1630.322
0.005572633 1664.352
0.006977719 1622.827
0.00300894 1595.57
0.005924497 1670.165
0.001340912 1716.229
0.001484713 1556.229
0.01032642 1518.637
0.0107377 1502.745
0.01090459 1470.239
0.02262112 1425.737
0.04410548 1445.485
0.03543065 1462.137
0.03707549 1481.705
0.03949878 1528.866
0.02720175 1448.008
0.0203955 1524.333
0.01546007 1573.286
0.02120821 1544.171
0.02641896 1515.536
0.02270777 1599.855
0.01124818 1619.734
0.008217717 1533.999
0.001751922 1517.724
0.003308882 1480.667
0.003642875 1443.08
0.01024089 1532.124
0.004800211 1484.779
0.007619266 1540.72
0.006132648 1505.905
0.01090132 1625.309
0.006118454 1454.471
0.001579559 1454.846
0.01485861 1500.143
0.01632826 1499.552
0.009945633 1452.73
0.003325583 1456.17
0.009748797 1519.629
0.01585843 1444.376
0.02336801 1325.518
0.0178535 1302.413
0.01979351 1288.95
0.0264517 1297.259
0.03169927 1296.577
0.04477015 1354.057
0.05644266 1282.111
0.05654241 1251.782
0.0447221 1348.58
0.04575258 1368.167
0.04831958 1295.625
0.03358999 1421.076
0.02384133 1416.813
0.03740432 1489.252
0.06680971 1509.951
0.07283509 1649.423
0.06553804 1689.868
0.05335738 1630.864
0.05477834 1594.048
0.07568303 1484.595
0.04785686 1558.154
0.03269039 1505.633
0.03208607 1424.119
0.02786497 1398.036
0.01537214 1361.457
0.01957692 1428.81
0.008590211 1340.583
0.005808474 1319.42
0.01782273 1281.794
0.02950032 1249.778
0.0285187 1208.734
0.008977208 1258.132
0.00715287 1285.067
0.008294731 1240.671
0.01106244 1291.197
0.02885801 1306.393
0.01505196 1253.132
0.005048857 1292.975
0.00651307 1387.078
0.003255385 1372.59
0.009366009 1302.906
0.01636789 1271.852
0.02870772 1333.173
0.02237816 1325.671
0.01161609 1262.826
0.01203169 1328.326
0.02364458 1246.312
0.02493865 1242.522
0.01297419 1236.791
0.02485988 1225.663
0.01429845 1239.783
0.02682395 1201.387
0.01382609 1134.103
0.01995891 1110.609
0.02920998 1103.942
0.029237 1127.313
0.02277432 1116.064
0.02282915 1146.641
0.00794116 1111.785
0.006950366 1138.498
0.006244145 1169.731
0.01200602 1242.71
0.01279823 1355.421
0.02974055 1381.523
0.03972628 1390.616
0.04094452 1313.365
0.05102538 1348.912
0.06531872 1355.468
0.08106213 1354.485
0.04652396 1276.719
0.04524194 1250.009
0.05425567 1261.807
0.04581789 1202.399
0.0419249 1231.957
0.03276275 1316.964
0.04711342 1356.689
0.07689498 1345.003
0.07506944 1271.029
0.1004682 1260.217
0.07011797 1226.206
0.08722805 1140.648
0.07083835 1115.265
0.05126544 1018.876
0.04916635 945.1005
0.05108445 916.6209
0.03625693 862.9446
0.0236913 863.5125
0.007786568 893.9951
0.01824244 912.6888
0.009659943 921.471
0.04152413 918.901
0.06734076 904.0479
0.04651751 934.2606
0.06028595 991.8274
0.05288546 924.2683
0.08201925 999.0835
0.0728366 1045.59
0.08541063 1068.925
0.06091306 1061.881
0.05544288 1027.785
0.04219233 1023.44
0.04087018 1053.903
0.01868024 984.46
0.01923975 1003.759
0.03254743 1053.152
0.03643444 1067.582
0.04180108 1014.704
0.04022743 1068.748
0.05153 1124.758
0.09574048 1107.728
0.08681718 1107.68
0.07857218 1089.475
0.05114138 1133.334
0.04340689 1095.912
0.04031211 1049.529
0.02879771 970.4907
0.02304355 1000.43
0.01732104 1101.053
0.01977729 992.8231
0.03538886 973.0699
0.02577904 980.1192
0.03528624 1025.384
0.03812956 1065.478
0.05534518 1082.084
0.05642007 1032.284
0.08121136 1021.546
0.09671789 1041.548
0.06446359 1094.969
0.06441844 1044.953
0.08095402 1105.811
0.09439783 1087.346
0.09346274 1083.583
0.09069141 1063.206
0.05910244 1085.767
0.0637584 1082.228
0.06702964 1006.825
0.04906155 1031.726
0.08285321 999.8918
0.04626989 979.7712
0.04292099 887.4349
0.05862921 844.1139
0.04225138 863.9477
0.02755211 916.364
0.03509729 923.6382
0.01347551 950.4268
0.03399473 925.6461
0.02897546 894.9062
0.02430878 908.1235
0.0199347 920.4701
0.01905028 901.5253
0.02205135 873.841
0.02083037 840.4734
0.01022232 839.9852
0.007541665 864.8193
0.008526556 809.6042
0.02842235 805.1089
0.02881007 799.1271
0.03048385 806.3811
0.02060081 828.3316
0.02543995 833.7333
0.0134572 862.1122
0.007501399 906.7497
0.01844927 901.3005
0.02451868 875.1871
0.01842043 1008.376
0.02155442 953.0901
0.01892187 942.1735
0.01099413 984.1883
0.01048915 961.3511
0.01306856 1036.259
0.02897231 1071.75
0.02255212 1034.378
0.005741845 1120.935
0.007038108 1081.9
0.01667582 1128.286
0.02475269 1103.695
0.0288597 1112.665
0.02439352 1181.842
0.0397091 1189.017
0.03489341 1214.022
0.03357421 1246.169
0.03557851 1280.183
0.03433769 1294.393
0.03441823 1309.712
0.01524472 1252.808
0.01401057 1216.94
0.01951491 1260.616
0.01474832 1365.252
0.01515099 1372.478
0.02553666 1205.287
0.01508608 1282.009
0.009737857 1332.689
0.005948372 1435.375
0.0117668 1485.606
0.01428714 1480.869
0.02166343 1543.946
0.01248697 1622.01
0.009637836 1632.53
0.01543014 1644.133
0.006063158 1586.514
0.01389041 1609.297
0.01991982 1672.317
0.016546 1596.533
0.03398403 1617.986
0.02764748 1626.672
0.03685919 1549.168
0.03894643 1442.137
0.04793114 1405.726
0.04107385 1458.442
0.0291182 1500.074
0.02698061 1408.267
0.02648479 1499.268
0.0425473 1463.395
0.03183822 1499.03
0.03787163 1625.907
0.04747376 1820.738
0.02967968 1688.196
0.02593841 1687.412
0.02842797 1588.181
0.02615024 1561.704
0.019456 1570.244
0.02198724 1532.198
0.02391404 1569.964
0.0206592 1631.812
0.01158623 1608.393
0.008487347 1631.877
0.01241055 1663.153
0.004356681 1733.152
0.02722741 1703.412
0.01954274 1606.921
0.01596209 1594.481
0.01067208 1649.098
0.004385194 1700.349
0.001615413 1586.541
0.005747442 1556.411
0.0002880727 1434.453
0.0006970677 1355.433
0.005933387 1403.787
0.01286468 1383.009
0.0100905 1332.268
0.02285279 1262.308
0.02324139 1340.03
0.02884073 1338.158
0.02653723 1268.911
0.02038341 1256.794
0.01136074 1337.145
0.01008779 1311.774
0.008317296 1378.93
0.007897242 1287.908
0.01507071 1357.379
0.008836609 1499.222
0.009760096 1594.395
0.00628421 1643.155
0.003812765 1738.588
0.01059966 1726.56
0.01017244 1722.13
0.01868198 1704.945
0.007513159 1664.238
0.002539796 1877.529
0.01027973 1981.429
0.01170388 1967.335
0.01232854 1728.55
0.01747723 1727.662
0.01091904 1560.54
0.009406317 1544.437
0.005244466 1483.786
0.001042356 1530.729
0.002292021 1590.974
0.003239329 1630.416
0.0006627811 1501.399
0.0008316481 1507.603
0.004274736 1484.41
0.007269306 1384.876
0.006973969 1476.264
0.02045984 1465.785
0.01223702 1515.733
0.02689081 1509.298
0.03606631 1440.288
0.03393723 1516.88
0.03527266 1565.517
0.0339709 1592.06
0.0206486 1511.313
0.01315869 1425.349
0.003524452 1471.707
0.002027248 1473.328
0.0005869036 1562.049
0.001195593 1526.22
0.0102141 1689.997
0.003550206 1685.398
0.00505757 1618.673
0.006415177 1519.302
0.01475631 1544.637
0.01677566 1544.045
0.0244954 1505.198
0.009507959 1561.349
0.005478752 1503.214
0.004932122 1584.219
0.005674741 1701.151
0.01250564 1791.295
0.01878002 1903.009
0.009086289 2008.235
0.008508429 1862.287
0.005966943 1975.474
0.003969123 1981.145
0.0041545 1930.383
0.001770496 1926.071
0.003883834 2002.447
0.005620783 1988.213
0.0009183641 1755.102
0.001972255 1791.84
0.004536402 1748.032
0.02144469 1862.037
0.03699395 1680.88
0.04087259 1539.39
0.0395773 1502.193
0.0292871 1527.161
0.0300429 1514.608
0.03578956 1612.025
0.02375636 1493.674
0.03490649 1487.891
0.016797 1413.921
0.03026042 1286.775
0.021963 1210.235
0.03899348 1159.165
0.06407559 1156.088
0.04914632 1213.215
0.05225721 1262.783
0.05263063 1237.096
0.07811015 1160.976
0.07041611 1257.089
0.07110065 1252.949
0.0637075 1327.514
0.06350891 1322.738
0.06624935 1313.821
0.06714761 1296.342
0.0404684 1252.477
0.02891666 1226.75
0.03344606 1397.598
0.02689453 1393.916
0.01877121 1555.299
0.0156579 1525.917
0.01110354 1498.595
0.007733793 1398.522
0.03294313 1493.051
0.03768995 1330.025
0.04524176 1345.867
0.04832969 1272.887
0.03895373 1263.258
0.00898859 1263.146
0.02983809 1269.53
0.02701741 1291.784
0.04799138 1372.209
0.04615659 1320.995
0.06604843 1303.182
0.0319564 1312.138
0.06667362 1384.228
0.04067861 1358.42
0.04183123 1428.277
0.04689824 1400.229
0.03979077 1448.772
0.04364337 1420.592
0.04817236 1358.741
0.05040997 1387.108
0.05891841 1430.828
0.04554309 1482.871
0.02882192 1519.274
0.01953333 1594.464
0.01440318 1611.246
0.01550371 1619.794
0.01363716 1647.649
0.008933147 1657.053
0.02598998 1708.024
0.0195377 1852.814
0.0316828 1891.378
0.02082704 1955.731
0.01196313 2074.794
0.005579053 2027.5
0.002356139 2112.377
0.0009180143 2034.886
0.005025971 2116.339
0.005790421 2023.046
0.005422124 1940.249
0.0197444 2066.989
0.01913658 2047.89
0.01190162 1958.447
0.007112294 2012.896
0.004947811 1983.23
0.002829852 1915.534
0.008215709 1976.613
0.009196659 1899.147
0.01022302 1961.149
0.001188562 1952.795
0.01565446 2000.569
0.02498928 1896.174
0.01578132 1868.97
0.023473 1731.875
0.0336439 1778.848
0.04346188 1808.672
0.02466736 1805.635
0.04465047 1805.944
0.03655547 1785.846
0.02271248 1775.254
0.03232545 1644.608
0.03659625 1767.208
0.0473927 1835.226
0.02235168 1862.386
0.0289386 1928.266
0.03557766 1836.151
0.01838267 1750.562
0.02412805 1718.656
0.01736435 1585.357
0.02693512 1537.339
0.0154677 1623.458
0.01698057 1498.619
0.006589075 1471.525
0.01307089 1502.848
0.005402285 1403.688
0.008939493 1281.847
0.008625683 1344.077
0.009465785 1266.796
0.004731475 1308.493
0.004671847 1261.64
0.0135195 1176.748
0.01974915 1163.228
0.01103431 1099.968
0.007957548 1049.64
0.005254435 1023.751
0.01556639 1000.128
0.0281127 1013.27
0.03789754 1068.645
0.05420898 1081.983
0.05503537 1114.809
0.0275001 1033.502
0.04880527 1017.702
0.02246037 1003.311
0.02702512 994.5919
0.04127854 967.7524
0.05264927 908.4525
0.03982426 950.1299
0.04825228 896.0862
0.02134211 938.3553
0.04324696 917.1929
0.02334552 949.538
0.0277648 983.0928
0.02987837 1010.223
0.0333829 936.0643
0.02360837 956.4751
0.04037393 996.1645
0.07198224 1003.392
0.07249134 1024.738
0.09525743 1049.597
0.09312202 1070.274
0.07666408 1072.978
0.06047729 1022.046
0.06058142 1021.589
0.04603333 1040.161
0.04493038 1190.004
0.05405886 1108.186
0.05554263 1039.032
0.03770747 1006.456
0.04800565 917.4375
0.04572651 961.4662
0.05272345 965.2742
0.04428026 935.2989
0.02018176 972.0967
0.01797236 962.9143
0.007780055 976.511
0.002882154 1023.17
0.01576589 1018.918
0.007846337 1014.922
0.0144261 1009.099
0.0183054 1124.522
0.02551532 1126.124
0.03094433 1162.119
0.01958507 1075.268
0.05535803 1048.334
0.05321277 1061.204
0.05982263 1030.908
0.06046468 1065.902
0.05561586 1145.588
0.05735215 1217.51
0.04887976 1198.824
0.02935638 1157.196
0.01899371 1169.265
0.01330699 1143.389
0.001143053 1190.461
0.008300999 1196.457
0.01457696 1184.267
0.01519968 1240.94
0.02489376 1254.129
0.01864741 1299.3
0.02520218 1279.086
0.01953852 1436.693
0.0164805 1416.775
0.02585182 1426.178
0.0338455 1453.744
0.03853669 1524.198
0.03267624 1529.675
0.02858503 1480.174
0.01215452 1490.585
0.006096384 1477.369
0.01574011 1591.516
0.01127977 1535.103
0.02662486 1499.541
0.01274315 1496.394
0.006234263 1532.368
0.002680644 1424.037
0.004133984 1636.599
0.007019759 1582.185
0.005563252 1661.796
0.000899554 1657.767
0.005669191 1629.477
0.0101623 1594.437
0.01978335 1560.685
0.03344254 1530.697
0.03325049 1533.01
0.01792908 1614.277
0.02470459 1560.393
0.0217968 1544.378
0.02296105 1596.983
0.02083759 1554.087
0.01808724 1396.837
0.01146022 1510.071
0.005462186 1472.88
0.01625844 1456.185
0.01103331 1406.966
0.009823611 1386.566
0.02553362 1383.76
0.02245678 1450.968
0.01458632 1529.765
0.01839613 1576.735
0.01408706 1660.447
0.01770226 1709.617
0.03755156 1756.379
0.03819011 1767.375
0.02211674 1803.007
0.03240469 1902.493
0.0235977 1981.289
0.02414433 1915.844
0.02130105 1876.647
0.02368033 1980.592
0.01489079 1919.997
0.0133311 1893.543
0.009230449 1795.437
0.00386772 1862.727
0.006162818 1994.897
0.01245867 1940.809
0.009396701 1804.283
0.003575222 1810.293
0.007700191 1720.002
0.01092519 1759.148
0.02765265 1836.658
0.02312906 1817.185
0.01541853 1773.946
0.01075898 1769.992
0.008652147 1637.965
0.00749512 1643.673
0.01050841 1870.627
0.01865556 1782.568
0.02305612 1767.286
0.01538921 1630.246
0.03641247 1590.28
0.02904689 1754.372
0.02027192 1714.623
0.006088215 1635.799
0.02656821 1504.445
0.007286991 1425.621
0.01621293 1488.409
0.01810068 1452.798
0.03309545 1370.202
0.05030697 1321.844
0.05239919 1341.359
0.0663691 1377.138
0.05735321 1400.976
0.03700426 1368.686
0.03770155 1426.503
0.02222014 1420.869
0.02673565 1472.485
0.03082632 1433.514
0.02768658 1366.433
0.03983531 1393.383
0.04885763 1407.376
0.04702369 1409.433
0.05045827 1358.604
0.04577901 1328.891
0.03869105 1373.308
0.05233423 1358.575
0.03986502 1457.639
0.02947693 1371.291
0.05889278 1438.454
0.05908131 1579.053
0.07525741 1572.821
0.05186849 1550.446
0.05769182 1547.57
0.03079777 1582.994
0.02114615 1612.601
0.01134695 1469.6
0.003236483 1497.228
0.0006649895 1618.237
0.003140123 1517.127
0.004831666 1486.941
0.02883248 1531.209
0.01685205 1602.862
0.02971333 1844.079
0.0255247 1888.428
0.02445879 1853.03
0.009926413 1949.728
0.005434008 1794.86
0.00400417 1841.963
0.001498237 1806.888
0.0009634566 1850.829
0.002850257 1754.406
0.002253944 1915.886
0.005194257 1901.326
0.01064425 2000.424
0.0149851 1950.295
0.01256621 1806.803
0.02328594 1793.539
0.006601565 1930.495
0.01383614 1976.576
0.02152387 1984.681
0.01340284 2143.362
0.01284351 2084.086
0.01890118 2288.792
0.01672513 2389.79
0.04274366 2245.355
0.02466359 2255.963
0.01388345 2479.092
0.01639154 2385.627
0.02154532 2632.771
0.01437034 2628.424
0.03236788 2620.508
0.01858662 2551.61
0.01170072 2640.922
0.004724811 2651.484
0.01770754 2525.693
0.01824742 2335.709
0.00626691 2232.054
0.01165674 2073.372
0.01437452 2008.541
0.01218311 2009.632
0.005841856 1958.173
0.009234925 1876.712
0.01255909 1853.902
0.008683442 1853.653
0.009202882 2014.595
0.0156512 2099.486
0.004678362 2069.634
0.003434609 2066.181
0.0101789 1981.455
0.003293052 1999.032
0.007135637 2002.603
0.01189182 2013.581
0.01768988 1914.898
0.01454173 1850.945
0.01491993 1928.899
0.0306471 2091.552
0.01943325 2310.739
0.01680178 2228.207
0.01231605 2170.289
0.002144096 2145.813
0.007731103 2179.732
0.003258921 2164.645
0.00402298 2156.767
0.004796674 2097.036
0.01640655 2208.446
0.004686948 2162.459
0.00760001 2119.646
0.0005696927 2201.454
0.006923157 2096.651
0.005388662 2240.035
0.005797068 2297.456
0.01282914 2378.863
0.01034221 2539.014
0.01086576 2530.553
0.003939287 2511.762
0.002545982 2658.961
0.01010526 2564.813
0.01293488 2591.42
0.005835921 2602.387
0.009367818 2537.69
0.009142696 2731.759
0.01249646 2766.952
0.005424498 2918.395
0.004138303 2694.787
0.005913411 2808.505
0.0106979 2878.111
0.01289125 2896.517
0.006523125 2849.954
0.007972389 2718.447
0.007939284 2542.61
0.01693818 2571.432
0.02410595 2654.273
0.02495458 2497.915
0.01750766 2447.974
0.008803944 2368.903
0.002707411 2369.177
0.01251215 2270.079
0.009911828 2216.577
0.006987264 2203.515
0.01225272 2165.665
0.009656813 2169.683
0.006338256 2140.26
0.008720458 2190.698
0.00328193 2105.884
0.0005505482 2335.452
0.001025125 2191.704
0.005119438 2169.486
0.005552626 2092.774
0.007717429 2024.907
0.01219954 2177.257
0.01765403 2156.441
0.00751684 2371.44
0.003960498 2212.276
0.01390289 2216.852
0.01404856 2138.418
0.02972306 2279.367
0.02840033 2207.238
0.02412723 2208.82
0.03336676 2177.314
0.03901381 2183.636
0.01703284 2296.246
0.02446488 2105.238
0.01782857 2178.889
0.00829205 2072.818
0.009866203 2019.994
0.01579133 2151.185
0.01599117 1965.67
0.006768977 1797.678
0.00811976 1861.509
0.02149615 1860.516
0.01134135 1842.858
0.02100845 1775.62
0.03471238 1843.194
0.01258023 1918.536
0.005012505 1797.256
0.006837273 1810.528
0.004498325 1798.469
0.009339408 1898.069
0.01365962 1829.55
0.02049149 1739.611
0.007934379 1674.294
0.00927108 1719.927
0.01091468 1688.084
0.01778887 1612.868
0.02049161 1527.888
0.03131251 1392.245
0.03844417 1343.142
0.01307119 1334.265
0.01114123 1202.373
0.005213966 1220.735
0.008903515 1252.55
0.0145125 1299.959
0.01456669 1390.56
0.01402809 1334.146
0.005430278 1367.85
0.007551366 1560.964
0.002786269 1559.422
0.002070476 1516.233
0.00289028 1496.729
0.009656084 1566.674
0.0139839 1593.825
0.03008455 1596.493
0.01202842 1556.845
0.01409214 1476.477
0.01244472 1482.166
0.007051661 1527.744
0.005431443 1601.255
0.00724609 1698.08
0.006747193 1683.372
0.003413628 1698.759
0.0115428 1581.798
0.01527839 1662.963
0.03216542 1769.372
0.02533342 1820.726
0.02931522 1736.153
0.0403721 1691.629
0.0253573 1676.41
0.01659055 1766.863
0.01128625 1815.423
0.01534165 1956.217
0.02016983 2009.509
0.01375667 2022.487
0.0205002 1873.644
0.03116607 1944.75
0.02276352 1778.151
0.02259269 1849.909
0.02804297 1971.275
0.01846083 2202.874
0.02938975 2164.984
0.01460375 2063.064
0.02882527 2155.182
0.01006016 2265.022
0.0009174117 1975.7
0.001060849 1859.469
0.007731916 1896.879
0.005157514 1976.732
0.02694489 1954.318
0.01097935 2031.993
0.01648084 2054.967
0.01340763 2000.787
0.01146959 1992.048
0.003233997 1875.87
0.01834159 1829.702
0.01226592 1657.421
0.01288413 1699.358
0.01132422 1602.577
0.004894398 1494.161
0.004994194 1561.062
0.003085853 1528.467
0.009769966 1552.378
0.01250828 1443.929
0.02074833 1499.017
0.01211532 1448.008
0.02045784 1494.636
0.02594877 1496.652
0.01258025 1550.829
0.01155971 1408.415
0.01161424 1482.048
0.008899493 1534.277
0.01851447 1618.132
0.02309987 1640.938
0.02527173 1646.952
0.01516067 1598.598
0.01764342 1620.829
0.01865964 1701.402
0.0449423 1671.817
0.06113467 1692.689
0.04065975 1719.837
0.04238785 1639.15
0.04220234 1745
0.04295193 1764.861
0.03420143 1821.88
0.01539105 1714.039
0.01998454 1508.014
0.01719102 1639.778
0.005995908 1542.818
0.005192546 1579.286
0.006802676 1478.614
0.01958915 1401.308
0.01300055 1399.486
0.01305575 1389.031
0.02635289 1370.032
0.008906589 1316.205
0.01365888 1219.075
0.02082968 1156.346
0.02439257 1100.518
0.02903517 1083.616
0.01242697 1165.889
0.008333208 1113.974
0.008735816 1048.049
0.002339756 1010.227
0.01634443 999.0965
0.025584 941.3305
0.02970256 938.0203
0.02438627 920.5249
0.02708741 915.3021
0.03955057 915.7593
0.02779987 1021.339
0.0417631 1050.743
0.05119672 952.7469
0.0543753 916.3831
0.03411443 907.6564
0.03052848 970.9125
0.02592871 958.5314
0.01422483 1025.043
0.0111707 1106.689
0.01624921 1094.287
0.009036014 1112.826
0.009831518 1147.995
0.009725463 1143.453
0.03241791 1061.999
0.04581406 1005.302
0.06812793 1004.664
0.06595567 1004.856
0.07914975 1011.282
0.04679393 1033.856
0.04475414 963.409
0.009671094 1005.082
0.0315712 999.0718
0.04616739 1013.052
0.02537636 1012.566
0.03115216 1034.581
0.01513526 1009.738
0.007705134 1039.268
0.02064996 1003.044
0.01199563 982.9561
0.0135092 879.8707
0.01413468 913.7596
0.0172048 862.8637
0.02065241 892.3283
0.02211707 889.0458
0.01985881 873.0237
0.01408662 830.0783
0.01385868 846.9249
0.05568856 850.5265
0.09613688 847.0494
0.068594 884.4909
0.06895856 869.0125
0.08867381 901.6223
0.1020178 907.1289
0.09016333 866.3323
0.06022809 847.4176
0.07168555 860.1803
0.0549051 836.2162
0.04708478 865.2576
0.0188809 897.6461
0.003293359 924.2615
0.007855163 915.7232
0.008924694 938.3068
0.01421576 1041.063
0.01374382 1046.744
0.03481606 1025.209
0.03248659 1046.403
0.04052305 1019.903
0.03893899 1008.547
0.04425865 993.3945
0.02569781 1065.43
0.02699953 1091.577
0.02912033 1054.192
0.03227447 1083.723
0.0279804 1083.516
0.03121449 1072.965
0.01850436 998.9521
0.0170501 1042.379
0.01558019 999.3296
0.01522155 1105.849
0.03618134 1057.803
0.05029752 1008.972
0.04119847 984.2767
0.02159618 964.4475
0.02625656 1005.376
0.04830806 1009.28
0.03507654 917.7851
0.02602732 881.3908
0.02161279 876.1835
0.02031574 892.7045
0.01626673 918.3885
0.007909203 924.9354
0.007013397 934.6026
0.01159195 1016.946
0.02460758 991.2908
0.01077255 996.2318
0.003099609 1003.531
0.007227509 938.2119
0.00314975 842.9031
0.003948064 884.7201
0.004158239 788.3461
0.003538947 840.0179
0.0007422351 867.8822
0.002658379 827.4404
0.01296071 902.4793
0.005872937 964.2198
0.0151318 1014.09
0.01546197 940.5771
0.008600483 905.0332
0.002076662 900.7412
0.01076914 890.7438
0.00365713 931.9672
0.01449835 968.1361
0.01503039 985.8618
0.04018101 967.963
0.04721632 884.8468
0.03602081 909.7376
0.02470727 875.1145
0.02292407 857.9026
0.03454279 859.0157
0.01713411 850.3272
0.02040294 841.8043
0.01689071 834.6095
0.008073479 823.7195
0.01461273 795.7892
0.004895481 810.0912
0.008103288 822.8979
0.01563224 836.0041
0.01512473 887.8311
0.01224263 878.9562
0.01146739 909.4175
0.01930432 939.0987
0.04114673 870.7018
0.02840387 908.2808
0.02190302 891.2775
0.01623771 938.3791
0.01750664 910.6548
0.006664289 988.7192
0.01368703 923.116
0.009087734 955.2253
0.008099112 971.2592
0.006456002 992.6434
0.02152707 1026.397
0.01769059 1063.71
0.01962764 1124.262
0.01506136 1179.35
0.04550332 1199.687
0.04512201 1172.519
0.01681328 1162.092
0.02939647 1206.483
0.01853602 1221.517
0.01068091 1252.669
0.005076531 1252.358
0.002720843 1176.98
0.01215446 1164.011
0.007660675 1133.93
0.009116706 1124.383
0.01885958 1142
0.02161573 1119.907
0.03328049 1102.499
0.04291076 1239.5
0.04831587 1322.164
0.0327115 1322.487
0.03151418 1289.748
0.02775765 1392.564
0.02112862 1458.232
0.01340987 1459.582
0.009387635 1403.259
0.001863408 1421.577
0.003334148 1333.412
0.006144619 1349.837
0.01509443 1297.774
0.01141732 1351.192
0.01396078 1272.535
0.01123162 1176.017
0.01310193 1195.18
0.02368302 1039.315
0.01967937 1064.32
0.04825435 1164.918
0.05392029 1103.697
0.08903937 1124.889
0.04750127 1114.734
0.06138073 1149.788
0.03999982 1281.76
0.02231693 1204.13
0.01799432 1132.782
0.01556943 1107.966
0.01563138 1172.335
0.01693507 1160.575
0.004099286 1227.689
0.003520815 1302.852
0.01628333 1430.616
0.01096104 1432.161
0.01118638 1535.471
0.01904676 1391.257
0.03455592 1467.491
0.03725191 1500.995
0.02438813 1439.086
0.03221497 1364.557
0.038315 1448.766
0.02633475 1414.13
0.02359607 1371.477
0.02370119 1492.488
0.0224837 1467.459
0.02227858 1492.041
0.004712963 1499.769
0.006925065 1345.525
0.008491599 1432.851
0.008980957 1403.538
0.004534329 1496.638
0.003191141 1489.766
0.005921533 1481.842
0.0007349468 1471.605
0.004235193 1525.812
0.002631016 1594.424
0.02092939 1715.161
0.03213613 1632.061
0.02647955 1642.284
0.0367275 1651.466
0.02765262 1640.094
0.04374354 1631.299
0.0380563 1631.016
0.04329804 1684.388
0.0427334 1613.492
0.02226656 1722.923
0.03220086 1755.831
0.03118544 1763.829
0.01996824 1711.802
0.008722276 1619.111
0.004129698 1813.904
0.005419895 1795.621
0.01189459 1814.118
0.01014501 1834.81
0.01062409 1825.124
0.00636606 1839.242
0.009714509 1921.088
0.003000068 1907.68
0.01222708 1802.181
0.01141415 1882.163
0.002689015 2008.787
0.002389765 2022.927
0.005245374 2152.373
0.005621074 2074.769
0.01175451 2009.907
0.009035789 2030.69
0.01472513 2179.761
0.003235822 2100.679
0.008836778 2200.324
0.004980416 2139.227
0.005418186 1980.422
0.01256279 2173.879
0.009862615 2190.116
0.005459269 2175.305
0.008143054 2111.303
0.006659193 2018.697
0.001353866 2086.747
0.008725493 2248.472
0.003000487 2270.091
0.001807784 2325.898
0.005094523 2464.514
0.003401406 2488.802
0.002876309 2399.191
0.009138739 2489.646
0.0108094 2782.31
0.00462903 2787.406
0.006926545 2699.554
0.0176632 2683.361
0.005279559 2757.404
0.01487023 2772.661
0.009839783 2894.525
0.005558815 2701.803
0.005601929 2709.592
0.005394897 2652.048
0.007522499 2657.973
0.0192909 2610.382
0.02631621 2709.471
0.02170348 2692.568
0.02040096 2680.806
0.005433555 2795.248
0.0001984077 2888.356
0.008473442 2729.624
0.01052839 2816.721
0.004434675 2849.19
0.007855924 2621.916
0.01032811 2545.994
0.001240547 2402.889
0.006747452 2282.516
0.01842977 2269.95
0.01112929 2210.249
0.02926846 2059.132
0.01684262 2162.642
0.005641485 2061.829
0.005088599 2303.924
0.004183767 2157.425
0.002072972 1989.047
0.0002271063 2176.264
0.001090636 2318.541
0.005041705 2492.155
0.004845432 2409.175
0.0005318866 2343.616
0.01010394 2165.815
0.0137903 2133.882
0.02585948 2145.201
0.02707433 2155.998
0.02147806 2338.563
0.02558677 2216.687
0.02194594 2254.283
0.009214986 2253.584
0.02138308 2274.3
0.01161288 2537.604
0.00665944 2703.763
0.01121694 2838.461
0.005935175 2730.67
0.004148662 2681.798
0.01236207 2817.551
0.009540497 2962.101
0.01159103 3228.97
0.0133671 3152.163
0.01644498 3226.881
0.007735216 3290.724
0.006512074 3355.039
0.01664211 3366.713
0.01474788 3472.571
0.007059325 3857.019
0.01156383 3935.593
0.009351468 3970.909
0.01034132 4031.689
0.01352053 3937.559
0.008864048 3679.294
0.01679005 3796.276
0.009187216 3777.733
0.004145175 3548.51
0.004663076 3571.477
0.0008220608 3968.54
0.008238638 3934.771
0.009863289 4101.917
0.002089795 4164.035
0.01451828 4496.235
0.008700012 4249.184
0.01255772 4720.908
0.007465655 4567.306
0.005290579 4789.369
0.002895334 5247.641
0.003731805 5321.381
0.005600314 5306.96
0.0002921495 5201.819
0.001858207 5235.888
0.003545714 5132.601
0.006727753 5232.295
0.008288653 5352.111
0.008640552 5491.335
0.006931954 5546.703
0.005307597 5735.979
0.007899007 5673.905
0.004534751 5676.867
0.003279781 5405.489
0.004413486 4879.804
0.002026875 5048.838
0.003569895 5369.74
0.001845866 5499.378
0.001733063 5482.471
0.0107257 5370.833
0.004322722 5418.009
0.006683332 5059.756
0.004690964 5163.971
0.001432526 5166.684
0.002128992 5520.954
0.01099317 5939.719
0.00912466 6078.737
0.006281037 6303.563
0.004929884 6611.757
0.005807711 6817.437
0.01282495 6914.52
0.003361264 7056.233
0.004407559 7003.248
0.00231181 6564.86
0.00243074 6219.831
0.001101109 6133.255
0.001649779 6015.91
0.002991791 5800.407
0.003594571 5461.628
0.006686458 5328.276
0.002227082 5446.132
0.003322484 5115.676
0.006698112 5115.229
0.0002908862 5187.017
0.002107419 5195.687
0.007670974 5300.357
0.002083685 5130.255
0.003144685 4976.793
0.003484525 4810.011
0.003078496 4518.563
0.001573379 4343.642
0.01373102 4553.077
0.01020436 4713.222
0.008808239 4461.994
0.008290066 4391.016
0.01023756 4337.858
0.01050626 4457.187
0.01863681 4251.469
0.02183918 4472.179
0.02411126 4058.355
0.009316754 3974.434
0.005450229 3742.83
0.003206302 3835.175
0.01610662 4072.741
0.004940625 3864.978
0.004511119 3696.704
0.007941699 3520.757
0.00172239 3818.996
0.01128987 3603.009
0.01490963 3503.323
0.01077172 3263.05
0.00484573 3493.72
0.009607454 3538.434
0.009769454 3637.684
0.004917782 3517.612
0.009715994 3625.223
0.009650036 3957.01
0.02065011 3936.783
0.006325384 3941.358
0.003718547 3985.691
0.009825546 4081.704
0.01138037 3875.576
0.002111208 3707.837
0.00280038 3788.772
0.006071127 3842.89
0.001360114 4220.59
0.004260762 4259.305
0.007706908 4651.957
0.004653551 4610.877
0.005041001 4748.167
0.005695473 5059.51
0.008850818 5422.825
0.009706417 5760.15
0.008110697 5524.141
0.003462005 5866.253
0.001936427 5273.233
0.002505617 5142.2
0.003239386 4929.16
0.0047301 5202.56
0.01048192 4594.704
0.006196075 4431.716
0.00444091 4654.053
0.004790491 4369.045
0.00432487 3996.405
0.003096223 4100.472
0.001376799 4110.544
0.001620303 4414.649
0.004259075 4546.345
0.008157274 4504.948
0.001874345 4776.549
0.0009904579 5502.408
0.0002521125 5815.654
0.0006573949 5668.72
0.004786483 5651.309
0.008057656 5611.555
0.003179973 5236.488
0.008559783 5565.514
0.01175952 5362.213
0.01432027 5054.306
0.005602854 4657.852
0.004481967 4512.35
0.003121213 4466.815
0.005427298 4735.078
0.003332508 4843.472
0.001250541 4931.761
0.004265175 4979.491
0.008185895 4924.152
0.001920506 5002.062
0.008885773 4695.598
0.01256106 5082.089
0.001880379 5251.254
0.003153231 5121.254
0.01040576 5567.668
0.01093426 5590.837
0.005599727 5373.778
0.003593247 5536.673
0.002872018 5260.92
0.005682547 4827.642
0.0104658 4671.973
0.01438068 4587.331
0.006411625 4627.074
0.01094676 4760.623
0.002380523 4544.786
0.00432392 4413.097
0.01815454 4544.39
0.01272593 4840.083
0.01277263 4742.122
0.01599775 5090.687
0.01407129 4965.221
0.004408069 5167.816
0.008210561 4929.891
0.006625487 4771.139
0.005103565 4612.56
0.01158145 4400.397
0.01125448 4253.837
0.008742362 4228.241
0.01079409 4356.525
0.007294178 4352.392
0.01201814 4506.863
0.005638289 4465.04
0.006022468 5113.716
0.01218183 4861.713
0.02978253 5179.926
0.01111041 5128.389
0.01412097 5439.263
0.02129447 6131.308
0.01363423 6143.995
0.004256286 6626.385
0.003049719 7026.068
0.001096471 6416.71
0.0002030333 6308.686
0.004811478 6263.898
0.005826279 6012.528
0.00469641 6380.606
0.001360042 6083.264
0.001214655 5630.662
0.002789524 5575.26
0.01096698 5495.904
0.01860366 5557.476
0.008884183 5366.753
0.02509782 5266.443
0.01072904 4837.19
0.007117626 5178.335
0.001551588 5022.658
0.008782771 5652.26
0.008503804 5950.121
0.001571757 5895.848
0.004309554 5986.58
0.007526782 5762.224
0.001465344 5531.772
0.006236137 5338.992
0.004552029 5487.174
0.002224099 5528.967
0.003395786 5555.346
0.007027294 5439.812
0.001875515 5444.945
0.007259127 5502.359
0.009290184 5725.365
0.009831905 5390.557
0.003681043 5909.774
0.003603969 5859.424
0.002440732 5624.858
0.0005317469 5471.781
0.005126464 5218.397
0.01055337 5103.759
0.006316135 5321.561
0.01333017 5275.873
0.007414255 5461.869
0.006276585 5308.37
0.006006313 5341.473
0.004471734 5086.297
0.003125737 4785.815
0.003845108 4992.858
0.0008340042 4981.173
0.01242938 4979.596
0.007154807 5215.881
0.0167829 5477.804
0.01919154 5695.243
0.01639839 6101.696
0.01748921 5859.409
0.005844763 5671.239
0.009519881 5537.248
0.006613004 5477.432
0.0007987773 5666.83
0.004291501 5476.203
0.00234608 5652.386
0.003068867 5577.638
0.01121789 5446.47
0.0056151 5092.84
0.003241241 4661.99
0.01566364 4457.255
0.006603685 4514.476
0.009785483 4528.264
0.007004334 4590.101
0.009213313 4557.87
0.01011508 4644.12
0.003343288 4403.934
0.001778592 4236.794
0.003065001 4281.527
0.003925141 4047.112
0.003070599 4036.333
0.003552541 4103.727
0.006481439 4317.67
0.004330868 4404.01
0.004944905 4029.948
0.01264857 4140.089
0.01070158 4418.458
0.007552168 4467.008
0.01047419 4314.189
0.01202349 4289.086
0.0172419 4236.38
0.01703826 4015.145
0.0182766 3821.125
0.004639025 3740.16
0.003778765 3869.796
0.002558579 4352.318
0.00648405 3934.054
0.01096587 4049.859
0.005710444 3821.307
0.004211604 3913.669
0.004942714 4046.522
0.008618153 4208.395
0.009564161 4163.949
0.006961568 4014.804
0.004616664 4100.036
0.01500273 4282.04
0.006348906 4252.901
0.009431818 3923.37
0.0009783474 3886.265
0.00232847 4015.903
0.001972693 4397.459
0.0007652491 4657.201
0.001585305 4724.689
0.0008172004 5081.51
0.0007303678 5186.461
0.01125401 5442.386
0.009586741 5517.4
0.006429657 5617.878
0.00201782 5690.503
0.002033831 5469.88
0.002700451 5292.614
0.01362731 5319.07
0.008656183 5062.244
0.004906962 5345.139
0.005710134 5224.346
0.01454548 5294.449
0.01049731 5124.754
0.01095643 4843.173
0.006874123 5252.377
0.003404034 5055.029
0.008529893 4975.837
0.002326505 4865.379
0.01234858 5186.506
0.003416155 5538.371
0.004475162 5755.157
0.004667965 5732.496
0.003813503 5934.529
3.935916e-05 6063.229
0.005922283 6278.842
0.002691257 6241.238
0.000480495 6067.599
0.01191771 6312.165
0.01032003 6545.285
0.01180984 6827.608
0.01072135 6559.693
0.003432716 6509.401
0.001579564 7363.655
0.006091052 7567.073
0.004073535 7038.646
0.008202799 7730.613
0.006482593 7879.721
0.004677733 8858.485
0.003200267 9119.995
0.001004865 9101.305
0.008299632 9015.396
0.005003446 9537.18
0.007043202 9381.883
0.008468405 9275.274
0.005568877 8904.638
0.005750905 9353.632
0.005022154 10295.32
0.005971027 9393.969
0.006846221 8854.234
0.003541293 8473.843
0.001633698 9319.099
0.001474716 9146.232
0.001933374 9254.523
0.001852594 8474.635
0.0008365985 8186.82
0.008651637 9142.445
0.001913549 9187.634
0.003759759 9524.362
0.001890962 9726.003
0.001150572 8843.968
0.002496885 8447.184
0.00693486 7738.193
0.003012612 7525.333
0.007154488 7826.136
0.006339399 7300.887
0.00315465 6868.858
0.003122362 7248.812
0.0003847632 7162.745
0.0007360628 7643.879
0.005911568 6881.288
0.006331546 7388.079
0.003637752 7762.033
0.001397967 7485.848
0.001604192 6680.662
0.005935527 6648.922
0.007292467 6409.564
0.008870722 6053.138
0.009837227 6450.926
0.002463074 6530.271
0.003579579 6507.442
0.003157581 6627.069
0.002141198 6324.157
0.002101036 6780.641
0.001771512 6698.005
0.001766134 6695.085
0.002781541 6588.929
0.00942473 6866.094
0.007248656 7015.591
0.001399377 7097.752
0.001063638 7406.29
0.0004034918 7217.033
0.01197162 7019.835
0.00483363 7167.047
0.006323263 7099.037
0.003440023 7482.862
0.007527537 7286.686
0.01485968 7556.26
0.006167382 7665.11
0.007861557 7769.284
0.004164992 8138.695
0.006470109 8055.213
0.003233746 8399.923
0.005283214 8168.597
0.007351136 8532.35
0.003080715 8807.072
0.005543731 8286.105
0.005117732 8544.038
0.006914577 9274.055
0.002737654 9400.871
0.01102701 9332.361
0.009184268 9546.932
0.004121614 9406.288
0.009664324 8559.099
0.007679225 7860.979
0.006504778 7407.866
0.003464113 7578.019
0.0008847312 7524.411
0.001346194 8059.349
0.005126159 7559.377
0.004770847 7612.913
0.002933612 7261.104
0.002323557 7198.268
0.003284716 7719.688
0.0004847115 7481.835
0.003993911 7501.188
0.005099856 7736.066
0.00715278 7461.798
0.0005617945 7108.662
0.0077909 6578.884
0.01072878 6473.77
0.01622752 6455.741
0.003564764 6695.491
0.003562073 6448.434
0.006921295 5938.06
0.001355048 5901.567
0.005688002 5920.529
0.003537296 5747.119
0.0004112573 5492.273
0.0003916847 5284.306
0.0003354315 5717.007
0.00802357 5864.327
0.01670737 5350.496
0.006810996 5500.371
0.01005697 5506.188
0.01265126 5529.163
0.0008456267 5689.443
0.002997007 5980.015
0.0123495 5718.717
0.01965781 5335.2
0.008553807 5505.502
0.0118884 5178.623
0.003769591 4990.249
0.008228125 5463.852
0.005260974 5152.567
0.009426913 5247.894
0.002714002 5559.327
0.003904228 5271.007
0.002780606 5566.021
0.009760841 6014.319
0.00303563 6121.271
0.003714159 6179.473
0.008721429 6233.899
0.00800187 6330.948
0.01220589 5579.639
0.01379183 5747.878
0.009624961 6058.134
0.01119764 6246.004
0.002148122 6027.519
0.007724169 6070.276
0.0004145652 6021.989
0.005007597 5810.338
0.00867087 6201.935
0.01157485 6098.519
0.009417798 5964.017
0.0006556085 6014.792
0.0007781941 5716.604
0.001563979 5754.099
0.01108698 5620.763
0.01313815 5696.48
0.009009576 5696.356
0.005599408 5894.839
0.004467304 5643.742
0.001224543 5008.727
0.001586956 5276.799
0.007059464 5004.951
0.005950774 4580.809
0.008064218 4886.764
0.006620983 5296.043
0.00255764 5812.397
0.01385984 5734.685
0.01820655 5841.012
0.005113392 5733.003
0.00361358 5982.005
0.00499235 5870.711
0.001451484 6169.932
0.008613165 5957.424
0.001428023 6076.792
0.004415699 6141.442
0.003046885 5989.673
0.004223057 5833.212
0.006864647 5760.921
0.006754621 5758.755
0.001980251 5501.714
0.00123361 5317.67
0.006012836 5484.002
0.00195637 5773.483
0.0050937 6332.168
0.003923231 6243.338
0.002498743 6466.404
0.005411846 6414.472
0.008439281 6863.342
0.009840962 6704.071
0.004371929 6473.011
0.02258115 6642.338
0.01188876 6291.209
0.006671143 6036.285
0.0082236 5930.661
0.008414378 5611.341
0.006306726 5502.925
0.01107701 5460.922
0.008448678 5173.326
0.01462892 5624.867
0.01929771 5574.011
0.01019038 5693.103
0.00562934 5124.166
0.007401887 5276.823
0.01638167 5237.757
0.007046478 4862.965
0.001589779 4800.604
0.003939661 5198.388
0.002285889 5462.335
0.003647438 5347.391
0.005463479 5480.248
0.005545079 5337.848
0.01720475 5399.647
0.006925831 5406.541
0.004761207 5070.308
0.007200174 5122.589
0.002702292 5432.126
0.008586666 5405.54
0.01578608 5268.624
0.01338216 5460.006
0.01677777 5355.246
0.01018605 5252.695
0.01198426 5362.503
0.01079578 5146.851
0.002921375 5163.92
0.005137455 5186.666
0.004852267 5452.724
0.003390516 5613.259
0.004745871 5474.649
0.0100254 5329.17
0.006054644 5075.704
0.006084974 5432.15
0.004035279 5041.894
0.001320183 5055.182
0.003559875 4490.016
0.006272819 4269.793
0.01890038 4209.004
0.02208291 4048.752
0.01059641 4086.461
0.008256888 4077.213
0.008927598 3963.401
0.01054834 3731.274
0.005637347 3968.089
0.0119339 4050.039
0.01801449 3940.175
0.009716593 3778.905
0.008766864 3952.022
0.01293795 4174.503
0.02070333 4046.126
0.01359427 4181.461
0.005666504 3973.501
0.007613086 3786.648
0.01599159 3887.915
0.00451472 3748.491
0.01483327 3763.722
0.01713158 3687.437
0.004840994 3900.03
0.007684771 4643.368
0.00925474 4512.138
0.01316909 4408.467
0.0181726 4323.981
0.0110106 4431.258
0.005200041 4243.861
0.007379734 4528.342
0.005410379 4834.56
0.004563551 4867.611
0.0039765 4814.977
0.001938418 4399.092
0.008171195 4540.639
0.006185976 4544.781
0.001526281 4394.995
0.0006781037 4525.989
0.004401202 4378.527
0.007778433 4159.194
0.007008754 3993.705
0.005368825 3852.221
0.008890186 3894.772
0.003167585 3806.527
0.006891745 3621.007
0.004478503 3822.04
0.005046013 3911.031
0.01400162 4129.399
0.01410018 4087.499
0.02065502 4180.678
0.01778567 4285.72
0.02214904 4358.718
0.008514307 4235.878
0.009827742 4476.711
0.01020698 4639.333
0.01935442 4525.491
0.01586823 4466.828
0.01230495 4703.61
0.009034836 4952.401
0.01526667 4672.866
0.02684862 4505.286
0.01727832 4763.764
0.01510946 5001.243
0.01088827 5120.035
0.01627894 5071.31
0.002583319 5319.823
0.0008263189 5352.669
0.0007463693 5235.088
0.002863147 5131.832
0.001909175 5177.132
0.01072994 5409.527
0.01294022 5318.669
0.01124403 5061.793
0.004630547 5093.386
0.00484815 5039.329
0.008589333 4795.811
0.006649686 4281.189
0.00883764 4172.734
0.003607309 4113.261
0.003444242 4160.082
0.01734794 3967.651
0.006651816 4170.89
0.003789415 4005.133
0.003989875 3962.727
0.003076993 4278.68
0.008745153 4190.438
0.008080634 4282.384
0.009370943 4344.623
0.001984338 4120.102
0.006731213 3880.761
0.01392119 3586.383
0.009120748 3534.113
0.006958248 3575.733
0.005228492 3509.516
0.007745702 3239.266
0.005070969 3100.792
0.009149335 3029.018
0.02274995 3037.559
0.003096014 2898.053
0.002683457 3050.2
0.02471847 3158.488
0.01534553 2792.235
0.01790543 2681.721
0.03524696 2659.475
0.01381239 2676.82
0.0304768 2716.39
0.02698134 2672.89
0.02848905 2663.955
0.02207426 2618.563
0.02424294 2464.092
0.0264524 2566.071
0.03229671 2459.375
0.01796629 2595.92
0.01684244 2713.808
0.02077563 2562.017
0.01826461 2554.686
0.01600583 2303.43
0.01538416 2284.386
0.01259164 2484.116
0.01037966 2718.499
0.0005407635 2910.059
0.001844177 2951.356
0.003553988 3144.193
0.003241259 3306.778
0.004290432 3074.271
0.006633057 2945.059
0.02281153 2994.798
0.02346349 3062.759
0.02313127 3104.964
0.02121822 3152.4
0.0155866 3089.666
0.01358888 3033.275
0.001068898 3316.497
0.006103177 3371.09
0.007211505 3200.142
0.004263485 3067.059
0.009337853 3031.433
0.006861963 3177.81
0.003505089 2878.215
0.006788672 3041.243
0.009847083 3163.557
0.006651376 3348.16
0.02052857 3407.097
0.02221619 3751.458
0.02194919 3708.156
0.01084142 3579.234
0.01717679 3548.917
0.02094219 3634.143
0.01086959 3489.623
0.002746618 3592.026
0.008336776 3551.435
0.008734691 3300.558
0.007875812 3651.423
0.007777002 3460.695
0.007236576 3632.762
0.003657404 3632.809
0.0009747321 3533.59
0.004448601 3517.276
0.005952469 3536.348
0.01160579 3583.261
0.01283261 3655.937
0.004440143 3712.606
0.001583199 3834.926
0.003193801 3985.022
0.001499155 3563.45
0.004870199 3600.817
0.01171189 3743.813
0.004127205 3922.887
0.00985716 3552.68
0.008955571 3791.261
0.003379432 3608.73
0.002523631 3914.213
0.01110069 4061.44
0.01260169 3942.917
0.01160201 3930.149
0.01450379 4507.929
0.002438733 4326.977
0.0007839867 4487.86
0.003493209 4514.646
0.002965379 4494.793
0.009119714 4335.534
0.01751196 4330.362
0.0069194 4228.191
0.01202476 4016.128
0.01686676 4047.544
0.006224711 4019.929
0.009985423 4054.032
0.008978133 4066.131
0.007397704 3970.335
0.004395286 4072.622
0.00294048 3807.223
0.01080916 4044.986
0.009734202 3994.022
0.001042235 3890.618
0.01515478 3976.859
0.007608987 4164.948
0.0208505 4546.928
0.005476902 4486.514
0.01212287 4213.526
0.01061332 4062.921
0.01621488 4025.753
0.01083197 4351.094
0.006591118 4536.812
0.004621376 4714.118
0.006749822 4863.912
0.005199074 4536.294
0.01233472 4780.069
0.00820304 4874.532
0.007841748 4470.512
0.001535544 4238.103
0.001107932 4319.578
0.002921502 4559.495
0.002289736 4621.158
0.00392145 4640.194
0.001647697 4583.604
0.003168823 4662.264
0.00416544 4537.872
0.007258764 4664.593
0.001130674 4745.918
0.004195375 4585.192
0.002885787 4495.586
0.0005160357 4288.863
0.001445071 4766.424
0.0006308777 4645.748
0.001363839 4587.854
0.003933604 4616.122
0.003218835 4648.649
0.00238234 4447.975
0.003766628 3932.038
0.004719709 3978.309
0.005780304 4201.762
0.004496318 4448.944
0.01024514 4464.056
0.002502678 4614.355
0.004107674 4514.469
0.01060526 4380.141
0.005439986 4593.704
0.00621839 4714.361
0.01637026 5285.267
0.01602845 5670.383
0.007693212 5768.228
0.008681179 6273.086
0.007248965 5982.001
0.00371645 6126.326
0.007307255 6090.026
0.006866712 5430.014
0.003852938 5617.867
0.002705406 5603.426
0.01196811 6070.384
0.001892135 5971.232
0.003252064 5994.549
0.004453173 6085.35
0.002260067 6267.985
0.004535111 6365.408
0.003927241 5798.852
0.002188629 5819.352
0.005570476 5834.226
0.003095358 5855.799
0.001071508 5742.41
0.001183284 6072.284
0.003619862 5414.737
0.003370513 5273.881
0.00615482 5287.486
0.005501629 5256.698
0.00332033 4849.531
0.007045645 4882.011
0.003477905 5213.046
0.01419357 5406.52
0.006919381 5749.011
0.01436043 5881.401
0.0007720236 5909.613
0.001000972 6043.733
0.003538684 5835.851
0.001754331 5386.859
0.0009214886 5430.38
0.0007784103 5214.823
0.007253373 5196.945
0.00147282 5091.514
0.001577007 4841.187
0.005666459 4296.593
0.003310928 4609.055
0.005699148 4318.465
0.005401543 4429.33
0.00782254 4693.215
0.01327776 4692.219
0.01863926 4379.312
0.006692234 4349.32
0.002457725 4103.944
0.005490304 4633.232
0.004270016 4451.131
0.003561666 4216.059
0.001990903 4566.35
0.003003276 4453.679
0.00378675 4532.484
0.01362841 4777.843
0.006331653 4769.528
0.007210647 5037.795
0.009049119 5642.422
0.00171144 5665.425
0.005849505 5875.549
0.00669531 5973.188
0.008268541 5414.263
0.004497264 5510.337
0.0002089081 5373.005
0.0006682388 5395.548
0.0006905331 5360.281
0.001105055 5277.793
0.003803959 5539.816
0.00470866 5692.166
0.009052767 5763.317
0.01749517 5923.686
0.01306208 5992.301
0.01691454 5909.663
0.007140638 6176.034
0.01066015 6443.15
0.01162956 6373.886
0.002104032 6534.283
0.007041554 6444.434
0.006862221 6074.577
0.003800847 6073.056
0.006648231 6007.865
0.005471081 5862.396
0.01175039 6412.375
0.003316696 6553.75
0.003589262 6658.214
0.001408437 6891.599
0.004516329 6850.48
0.002501339 6706.728
0.001675584 6695.424
0.002079737 6726.453
0.002130014 6862.455
0.010279 7009.225
0.008040169 6576.634
0.008174945 6123.172
0.006577797 6248.726
0.00394908 6651.072
0.005513804 6938.272
0.003230328 7566.169
0.0005308611 7959.364
0.003411285 7633.107
0.002218072 7023.508
0.001283064 7291.486
0.004549672 6625.314
0.006166302 6020.832
0.003688735 5693.676
0.003670053 5729.225
0.00267316 5500.864
0.01135956 5508.586
0.002353274 5883.476
0.00185969 5480.486
0.004978024 5191.853
0.005229604 5382.974
0.004395266 5638.615
0.004234613 5690.372
0.008583231 5572.659
0.004305478 5966.06
0.005718284 6390.058
0.007516693 6004.491
0.005915057 6035.702
0.002240406 6602.727
0.003829286 6977.192
0.003282843 6660.553
0.001518954 6592.183
0.002094136 7040.558
0.01983398 6931.406
0.008722795 7170.733
0.0105461 6905.737
0.009142544 7135.184
0.01316176 6796.274
0.01602156 6755.592
0.005573541 6293.055
0.001769821 6432.967
0.003287629 6391.392
0.001018778 5805.918
0.002923024 5581.703
0.002679456 5881.417
0.001499456 5780.337
0.001434378 5704.392
0.002658195 6274.928
0.006660694 6406.773
0.003179587 5663.211
0.004721517 5657.769
0.00683202 5268.191
0.004729084 5017.758
0.004214901 4783.884
0.001299482 5051.072
0.005436465 5418.807
0.003116272 5452.038
0.003163532 5532.417
0.01119595 5628.217
0.01446562 5416.623
0.0120806 5189.796
0.01408393 5291.945
0.009476889 5009.057
0.0027221 4749.255
0.008027341 4683.41
0.001250137 4564.145
0.0001535517 4363.698
0.0008059389 4185.754
0.0004270026 4188.839
0.001411206 4022.83
0.0120357 4165.033
0.008676401 4101.482
0.001909425 4217.413
0.003796432 4159.192
0.003544686 4245.447
0.002517777 4490.978
0.00234069 4608.76
0.003074854 4530.428
0.003606304 4384.272
0.004960014 4041.431
0.009923916 4037.864
0.02036478 4058.957
0.01840846 4390.637
0.01968193 4457.028
0.01190462 4727.147
0.02077737 4846.761
0.01071103 4940.506
0.01597564 5133.698
0.01842272 5209.088
0.02431562 5356.673
0.01385736 5466.038
0.01038275 5068.782
0.0156551 5497.186
0.008302704 5515.007
0.01231774 5406.358
0.01376396 5325.965
0.003830838 6313.129
0.01395603 6219.462
0.0217366 5974.784
0.007979826 6100.524
0.001980088 5955.923
0.002171992 5781.837
0.003517311 6106.376
0.005072022 6329.008
0.008893214 6451.685
0.006465614 6624.939
0.0009399294 6513.835
0.002056822 6348.579
0.008016719 6457.075
0.01024595 6646.107
0.005071128 6346.596
0.003771364 6312.594
0.001999681 6204.418
0.0009262774 6146.39
0.0005952673 6056.946
0.007906383 6090.714
0.01239995 6642.741
0.01573871 6708.353
0.00663022 6518.044
0.003653431 6274.636
0.004558696 6305.416
0.01011475 5976.323
0.01896897 5882.732
0.02526616 5849.085
0.0303642 5757.093
0.02107094 6126.08
0.007974039 6089.773
0.007255862 6240.62
0.000360783 6581.11
0.001368602 6536.75
0.002080247 6438.883
0.005086433 6216.626
0.003511302 6095.753
0.0003597508 6216.637
0.001195827 6196.162
0.009493474 5973.536
0.002064038 5864.845
0.004793253 5648.132
0.0008445355 5344.761
0.005366127 5451.765
0.009616345 4711.315
0.007385985 5004.718
0.003457423 4624.178
0.01006917 4608.745
0.01489868 4956.827
0.01465477 5082.821
0.02499864 4999.742
0.009105544 4932.277
0.002195758 5009.721
0.0009180146 5061.594
0.005122058 5011.987
0.005309454 5194.616
0.01007741 5340.277
0.02018482 5623.772
0.006309548 5598.107
0.01277649 5260.291
0.00909867 5051.247
0.006094087 5539.746
0.01102886 5320.839
0.005676787 5712.552
0.001571024 6199.751
0.005493138 6474.076
0.006551155 6758.781
0.0007745048 7244.645
0.001206702 6970.985
0.005130581 6934.147
0.001954573 6315.935
0.004549881 6472.464
0.005492657 5994.937
0.006438971 6260.941
0.003465545 6730.79
0.0001294789 6739.14
0.006594135 6324.05
0.01048544 6616.827
0.004075 7166.425
0.003327902 6820.269
0.002912681 6855.302
0.01137099 7448.975
0.0125542 7456.916
0.001427492 7406.09
0.005522593 7758.266
0.01259305 7835.246
0.002815535 7860.3
0.001653205 7303.34
0.004138267 7140.805
0.006114994 6569.098
0.007323872 6209.517
0.01096245 6358.224
0.007097337 6769.655
0.0008702489 6689.136
0.0008295269 6636.742
0.0009976953 7050.509
0.000263469 7107.086
0.0002098919 7349.021
0.001093766 7072.574
0.001431781 7300.385
0.0004739104 6920.177
0.001322899 7307.642
0.00677571 7161.308
0.007933974 7424.282
0.01240068 7684.428
0.005937543 8203.767
0.001760436 8073.211
0.005358645 7732.454
0.006019287 7389.638
0.01832648 7792.747
0.005051854 7350.111
0.004227272 7074.397
0.002071638 7059.532
0.001569481 7060.236
0.006602414 6787.539
0.0008084943 6569.596
0.006465534 6310.545
0.00243163 6059.639
0.009262847 6200.875
0.01731565 5908.039
0.01192877 5859.496
0.001181511 5849.68
0.006565257 5976.665
0.0008313433 6067.301
0.005367244 6615.829
0.01334439 6220.288
0.01548791 6095.245
0.02253523 5759.721
0.02304769 5864.41
0.01793893 5923.779
0.01752897 6174.075
0.004687521 5941.971
0.003255923 6064.57
0.001302583 5788.221
0.00221558 5845.045
0.01922781 5537.659
0.006055664 5961.686
0.006912239 5786.376
0.01354622 5756.285
0.0109585 5758.192
0.008371262 5354.728
0.01255755 5343.718
0.004466872 5737.15
0.005636387 5713.591
0.006706198 5760.256
0.002883342 5803.963
0.01553271 5774.646
0.01110381 5491.261
0.01166067 5236.188
0.01056129 4905.506
0.006542906 5141.599
0.006271145 5355.613
0.002594558 5153.006
0.003936627 5061.949
0.003830134 4792.959
0.003624134 4897.028
0.001963527 4870.099
0.008507162 5226.412
0.007027974 5240.23
0.003695926 5014.73
0.002391603 5378.885
0.008389204 5211.88
0.007721988 5158.724
0.001596505 5420.764
0.0005512525 5172.44
0.002706049 5048.344
0.0004507047 5239.385
0.0003222002 4993.052
0.0006581298 4963.875
0.00293638 5302.862
0.005277997 5359.868
0.007258757 5418.767
0.0009136089 5471.585
0.0002189767 5748.605
0.001252722 6039.547
0.001267624 6167.61
0.002167254 6179.457
0.0023479 6340.894
0.0001217098 6429.029
0.004301435 6330.705
0.0007008748 5797.105
0.00168497 6179.272
0.008234192 6054.08
0.01392956 6924.282
0.006670714 6168.26
0.004556296 5916.566
0.005711806 5958.172
0.008176729 6441.167
0.009059951 6409.811
0.004002012 6363.199
0.006713341 6496.94
0.008345678 6169.669
0.002656698 5821.86
0.007325534 6033.849
0.01893337 6097.384
0.0121842 6021.825
0.007931427 5535.711
0.00338848 5460.612
0.004017289 4960.188
0.001082283 5054.614
0.002219013 5374.708
0.001898065 5727.181
0.002237006 5840.884
0.00570799 5510.126
0.002117525 5471.019
0.004867197 5164.939
0.002550761 5326.574
0.008576376 5464.759
0.007891588 5292.611
0.005609344 5074.325
0.0009837146 5019.331
0.002173114 4722.296
0.01061405 4916.29
0.003100652 4541.14
0.003421095 4472.683
0.006652738 4684.086
0.02185785 4464.657
0.01714396 4406.104
0.00637992 4326.226
0.007790931 4484.116
0.01379709 4603.983
0.02687393 4309.537
0.009294273 4294.801
0.00678002 4297.828
0.004148087 4249.137
0.002851091 4298.403
0.005849471 4403.022
0.001124283 4802.704
0.001036713 4879.395
0.007858726 4955.31
0.002716959 5149.003
0.006888079 4975.19
0.006483935 4692.795
0.0007341622 4667.512
0.004750635 4703.716
0.006956545 5140.824
0.005491025 5664.647
0.00673743 6025.987
0.008889756 6552.533
0.01561619 6484.728
0.008302338 6612.321
0.006926356 6571.258
0.0007837666 6204.058
0.004945999 6163.392
0.01906812 5751.729
0.01113931 5623.655
0.003332297 6089.149
0.003262756 6745.548
0.0005641439 7232.949
0.002451999 7656.939
0.008179643 7419.985
0.003758376 7161.826
0.006922656 6971.614
0.00665223 6759.504
0.002458358 6351.483
0.00451361 6225.179
0.002255044 6393.082
0.002124263 6188.543
0.001399421 5785.425
0.008201794 6157.703
0.009645932 6286.602
0.003476705 6356.506
0.01250904 6181.985
0.02875533 6540.317
0.01108008 6717.875
0.01509593 7354.194
0.008699657 7042.409
0.0133504 7072.798
0.005275927 7954.142
0.009431592 7783.503
0.006393086 8246.331
0.01497953 7624.414
0.01037181 7691.575
0.004082822 6923.72
0.008436181 6837.098
0.006752924 6490.253
0.008350637 6399.813
0.002250001 6817.879
0.003827437 7158.985
0.005739001 7661.235
0.004087542 7731.114
0.00215092 7561.448
0.0009931711 6634.25
0.006265865 6450.023
0.00740542 6497.323
0.007755102 6239.653
0.002903482 6387.338
0.001945644 6601.489
0.005621042 6605.104
0.009779831 6313.121
0.01166308 6218.967
0.006432372 6120.354
0.01224264 6005.079
0.003554911 6207.258
0.004387043 6283.177
0.005239853 6277.961
0.01195745 5743.988
0.001731346 5933.417
0.005193428 6340.322
0.0006942493 6383.25
0.0002398792 6317.082
0.005711533 6619.471
0.00739519 6574.61
0.001443164 6346.252
0.01120742 6391.971
0.003757307 5745.697
0.006024053 5228.66
0.002644002 5315.292
0.00536868 5127.083
0.00308567 5006.67
0.004244231 4765.936
0.002035615 4935.07
0.002322504 5074.778
0.001158327 5059.46
0.01833856 5054.625
0.003291208 4729.817
0.008113677 4880.001
0.006808346 5011.947
0.01275268 5134.984
5.804381e-05 5328.639
0.003946731 5252.281
0.004079996 5582.968
0.001220772 5600.492
0.0006539599 5529.233
0.007000394 5658.087
0.004227545 5927.193
0.001398749 5837.193
0.003239028 5515.063
0.0151219 5142.671
0.01548046 5121.976
0.009196163 5233.113
0.008028073 5318.334
0.001910981 5460.882
0.00730113 5170.378
0.02026292 5175.035
0.02245756 4842.077
0.02380555 4859.186
0.01791956 4596.79
0.004477312 4773.411
0.007268463 4802.405
0.006019279 4513.372
0.01294693 4459.126
0.008229371 4407.083
0.006583765 4280.506
0.001312164 4511.471
0.0128736 4632.643
0.008954669 4468.689
0.01411361 4823.972
0.00537382 5008.734
0.003439242 4734.277
0.005080468 4743.742
0.00288856 5053.464
0.007594027 4885.301
0.00565416 5033.677
0.005964491 4723.48
0.004306442 4530.595
0.003093824 4766.252
0.007763314 4694.279
0.00526665 4929.609
0.001628067 4628.488
0.005119196 4474.267
0.002228855 4355.626
0.004915068 4319.477
0.006251995 4287.471
0.005805825 4142.794
0.001975484 4045.949
0.001098061 3974.943
0.005084239 3825.726
0.01015125 4081.64
0.02425203 4234.1
0.01836496 4016.421
0.009468389 4343.583
0.003296603 4258.892
0.0005155071 4180.729
0.002128546 4678.425
0.008435417 4409.964
0.005115257 4282.894
0.01258431 4468.425
0.01883048 4346.087
0.02702811 4476.964
0.01875064 4552.128
0.01361482 4253.74
0.005046056 4259.137
0.002063549 4165.997
0.005378387 4016.217
0.008037985 3782.384
0.01125592 3836.149
0.009635034 3848.69
0.008851259 3681.745
0.01517752 3665.438
0.004672568 3651.519
0.008512422 3596.681
0.01024046 3627.794
0.01117898 3817.043
0.01672251 3735.973
0.00405438 3959.324
0.0009647405 4014.171
0.002003936 4157.758
0.005073959 4492.021
0.01254457 4299.795
0.01420412 4492.816
0.01152769 4312.05
0.01886463 4214.142
0.04248557 4362.055
0.02958126 4130.929
0.01340764 3949.402
0.01390905 4193.03
0.009215021 4377.165
0.007110291 4151.381
0.007674814 4204.744
0.001911341 4589.665
0.007372631 4883.429
0.003090164 5007.895
0.006712356 5569.358
0.008681112 5538.237
0.01460838 5521.412
0.01630102 5348.982
0.008863297 5147.702
0.005187485 4892.821
0.001501788 5107.354
0.004478781 5210.231
0.001543722 4900.277
0.001829776 5102.7
0.004640745 4927.252
0.01054126 4802.774
0.0007922091 4814.141
0.006644577 4445.806
0.002367761 4474.551
0.01010081 4744.34
0.01865009 5093.919
0.009215268 5070.74
0.009834256 5052.645
0.001369586 5638.061
0.002846437 5584.939
0.001223437 5868.658
0.002911734 6013.256
0.0009562175 6254.823
0.009036963 6160.506
0.008689133 6035.351
0.00709205 5750.137
0.008407014 5687.505
0.01290045 6083.043
0.01302162 6498.063
0.0136112 6413.824
0.007808838 6406.228
0.001312613 6376.892
0.004421363 6308.973
0.00532628 6253.407
0.007636569 6517.36
0.003925276 6463.536
0.000305954 7145.982
0.004145333 7216.915
0.006241729 7449.714
0.02433196 7154.26
0.009232867 7027.348
0.01843979 7046.05
0.001951626 7043.426
0.003616287 7248.927
0.00203521 7258.982
0.00223573 7454.889
0.008543851 8181.268
0.006588928 8520.847
0.0001396413 8811.909
0.00280632 8390.888
0.004259665 7896.972
0.001465233 8007.823
0.008020808 7865.637
0.005474967 7931.488
0.002561456 7760.872
0.00253583 7184.697
0.002155404 7908.275
0.003073376 7159.473
0.008539021 6681.103
0.006611039 6398.236
0.005254281 6341.992
0.005074353 6306.805
0.001884246 6013.253
0.000401756 6533.477
0.003474242 6580.354
0.00643365 6322.351
0.005160894 6948.738
0.01216045 6975.923
0.007132301 7533.684
0.01085215 7228.202
0.01080777 7248.974
0.01252135 6797.162
0.01801014 6700.613
0.007629405 7228.151
0.01623598 7410.469
0.006069215 7518.01
0.008885661 7410.28
0.005025505 7518.032
0.003482171 7205.271
0.004882789 7155.367
0.003759821 7074.301
0.003175289 6780.829
0.003440681 6984.698
0.002110322 6686.674
0.006258236 5966.734
0.007255084 5893.318
0.005600134 5821.09
0.01129373 5501.644
0.001040774 5107.85
0.00488687 5082.097
0.004218341 5491.22
0.00744547 5214.705
0.00864852 5260.31
0.0048903 5551.913
0.009408144 5364.653
0.01412244 5267.181
0.003984757 4939.432
0.01045861 5159.042
0.01433959 5574.615
0.01970906 5741.343
0.00200056 5823.466
0.0006870846 6028.034
0.003336437 5863.703
0.002474027 5398.217
0.00954235 5304.561
0.01897778 5993.548
0.0194747 6056.178
0.01657685 5963.273
0.01384314 6147.459
0.00418205 6072.614
0.0005405181 5848.907
0.003862142 5318.903
0.004713131 5283.452
0.008238512 5163.404
0.008945101 5029.815
0.02914284 4728.243
0.01609857 4720.339
0.01729947 4501.046
0.01179168 4393.405
0.006814541 4334.84
0.01891193 3949.983
0.02116255 4203.592
0.01686494 4168.703
0.02436868 4458.031
0.01690439 4197.438
0.01514298 4135.943
0.009504139 4110.545
0.01340806 4331.355
0.005771568 4416.921
0.008350472 4688.572
0.008600858 4625.393
0.002950904 4481.441
0.0008226072 4475.694
0.000969262 4289.45
0.007444526 4034.734
0.006154914 4050.579
0.00383263 4040.1
0.001473672 4477.423
0.002652205 4685.535
0.005297213 4416.3
0.006406428 4132.726
0.01110135 4310.311
0.01258239 4244.09
0.005373938 4384.666
0.008633087 4667.727
0.01235516 4356.075
0.01916491 4212.835
0.03018112 4276.016
0.009842027 4290.677
0.005007665 4486.937
0.0003339962 4422.832
0.0009603274 4445.326
0.0008831492 4313.086
0.001056587 4199.502
0.01151019 3981.451
0.01579969 3659.791
0.01202684 3401.611
0.008218377 3416.385
0.01085271 3413.555
0.01080725 3280.411
0.008953408 3182.833
0.01415742 3120.446
0.008877322 3358.822
0.01966195 3401.008
0.01626961 3512.35
0.01191193 3560.903
0.007678239 3698.445
0.01347185 3574.263
0.01228003 3518.848
0.005500513 3489.465
0.01350799 3557.495
0.006411607 3864.921
0.003772478 3697.56
0.004935105 3652.591
0.01303434 3654.719
0.01254283 3814.225
0.01184419 3546.274
0.001879238 3520.827
0.004621652 3655.045
0.01232696 3493.837
0.009145828 3765.134
0.01346965 3486.782
0.004732304 3526.895
0.001588243 3621.106
0.001615308 3737.574
0.002680397 3762.201
0.004902314 3910.894
0.006085682 3669.171
0.01128226 3502.575
0.01542532 3487.906
0.009605628 3265.877
0.007597346 3332.422
0.006075744 3585.329
0.01084389 3634.186
0.01496644 3685.008
0.01256291 3664.358
0.002721119 3505.562
0.005063499 3437.797
0.006180819 3481.412
0.008400524 3728.78
0.009854367 3789.437
0.003082672 3519.676
0.009905187 3687.37
0.01736909 3783.811
0.01791398 3994.986
0.0074471 3696.854
0.01158786 3564.41
0.02412635 3239.95
0.02351079 3360.5
0.01592332 3213.653
0.006666764 3054.148
0.01624757 3109.076
0.02789705 2981.617
0.03309396 2872.452
0.01507468 2983.433
0.0123577 3035.093
0.008921893 2908.234
0.001966604 2796.02
0.00725079 2853.876
0.004820833 2804.556
0.00925382 2766.978
0.006677076 2775.905
0.0037767 2862.958
0.002578651 3018.788
0.001324874 2946.589
0.002528259 2823.819
0.01058189 2642.885
0.007358302 2587.328
0.006509013 2653.614
0.01171565 2744.869
0.01439572 2780.834
0.009548835 2690.621
0.00972381 2745.508
0.02505755 2763.664
0.02220462 2733.847
0.005739101 2634.495
0.0007501541 2642.87
0.01174288 2860.187
0.001410616 2955.581
0.003895746 2958.985
0.002417786 2997.983
0.005926641 3098.187
0.005301664 2952.27
0.01874774 2821.259
0.01643782 3007.099
0.005218131 3146.755
0.02216688 2911.584
0.01067308 3106.433
0.003517487 3131.974
0.003307573 3177.851
0.003674679 3039.869
0.01483712 3097.622
0.005860158 3061.611
0.005344592 3118.093
0.0188252 3118.376
0.01479932 3275.671
0.008680767 3319.031
0.02090186 3220.218
0.01285566 3436.94
0.005046006 3197.581
0.002971788 3277.081
0.008373673 3310.427
0.001775285 3561.347
0.00236882 3294.954
0.004208526 3201.349
0.001633074 3303.726
0.000337413 3445.487
0.001973837 3587.047
0.01181549 3314.532
0.005624979 3042.644
0.01359789 2824.751
0.01723896 2983.39
0.00483779 2976.554
0.01792544 2943.092
0.01491726 2939.545
0.01198763 2921.548
0.01045138 2869.266
0.01621819 2976.447
0.008426599 2971.682
0.01831983 2904.864
0.02157984 2992.993
0.01311104 2899.061
0.01426968 3011.118
0.01905941 2884.403
0.01147815 2988.874
0.003124819 3032.599
0.0006827331 3267.179
0.0007281897 3560.144
0.001233613 3748.75
0.01098781 3835.589
0.002157827 3933.554
0.007775454 4124.555
0.00304229 3937.929
0.006828485 3617.118
0.0197577 3604.708
0.01780813 3547.89
0.0207689 3661.826
0.01413349 3612.015
0.008728939 3511.932
0.003736105 3453.175
0.001856611 3279.377
0.001066003 3328.959
0.005128849 3499.864
0.006543099 3760.734
0.008479351 3707.282
0.00484512 3871.161
0.01500498 3627.944
0.002067543 3673.752
0.001461521 3817.814
0.008410447 3736.307
0.00561546 3762.327
0.002630957 3631.034
0.002223641 3715.642
0.006362008 3874.456
0.003019595 3988.731
0.007747671 4033.444
0.009703512 3991.98
0.0124735 3947.549
0.01858713 3666.553
0.02068695 3479.305
0.01594919 3456.944
0.0160367 3634.895
0.008792814 3480.601
0.003105334 3646.611
0.0008390972 3877.022
0.003508779 4222.852
0.003474627 4572.666
0.001231264 4627.28
0.002033618 4748.515
0.001337543 4718.624
0.01027672 4695.864
0.005793296 5125.407
0.003791579 5950.171
0.007820269 6089.806
0.001020337 6322.304
0.004814436 6279.268
0.003416039 5878.834
0.002868603 5972.158
0.0006961459 6040.047
0.004569314 5923.96
0.005227607 5425.996
0.008947403 5145.546
0.003246044 5555.202
0.003247034 5750.89
0.001688091 5782.919
0.002317052 6014.346
0.002646528 5763.868
0.004460595 5758.104
0.004575091 5834.529
0.005306886 5657.956
0.007749833 5284.167
0.01636032 5369.379
0.01653131 5415.547
0.01404094 5872.705
0.006839297 5605.571
0.001255547 6474.853
0.002719871 6537.762
0.006373721 6442.016
0.01247781 6088.976
0.01014461 6251.019
0.006630322 6525.027
0.01039264 6989.61
0.01118322 7036.884
0.004970879 7004.989
0.0002875478 6568.593
0.00159637 6431.787
0.007544894 6752.864
0.01033193 6695.158
0.002849474 6444.57
0.00102363 6245.021
0.001473248 6297.041
0.000814177 6064.208
0.0007557236 5510.199
0.00259166 5520.537
0.002919957 5657.207
0.004810487 6092.189
0.0008632681 6105.629
0.004253095 5941.161
0.005990565 6023.707
0.0169688 5870.004
0.01038413 5872.28
0.00882895 6100.953
0.005098423 6208.556
0.003385942 6161.587
0.002143256 5786.992
0.004317873 6431.117
0.002610744 6425.797
0.007836555 6626.863
0.006276304 6305.731
0.0008696433 5947.705
0.001957853 6167.114
0.01519104 6704.134
0.003346084 6916.35
0.003760219 6938.194
0.0008130603 6800.643
0.002240277 7170.667
0.004264962 6909.387
0.001350314 6286.814
0.004744234 6241.357
0.01227482 6218.057
0.0125008 6386.705
0.003686172 6570.688
0.005922061 6804.032
0.001331658 6934.552
0.00224811 6873.293
0.001818303 6594.222
0.001713657 6781.014
0.008253013 6668.202
0.000996122 7172.128
0.002340226 6383.161
0.01603851 6441.722
0.009078606 6186.555
0.01788458 5742.057
0.03206045 5373.086
0.03068186 5583.909
0.02880617 6178.44
0.02734554 5963.205
0.01625901 6078.285
0.00852638 6266.704
0.01146925 5665.814
0.01564352 5235.072
0.009749742 5251.957
0.01210291 5139.944
0.01260099 5053.955
0.01668051 4979.627
0.02223319 4778.123
0.02586961 4804.837
0.009286564 4830.458
0.0009241584 5092.283
0.002606886 4964.232
0.008614637 4980.525
0.00041265 5279.177
0.008196924 5493.559
0.01382028 5703.687
0.004148292 5169.231
0.01553635 4962.609
0.00504019 5407.273
0.01007764 4820.421
0.008605049 4662.343
0.007989669 4734.365
0.008557264 4943.6
0.01229288 5198.871
0.006780444 5530.263
0.008102075 5735.947
0.006567266 6003.716
0.005315263 5947.175
0.001457543 5789.422
0.001511702 5881.66
0.0006711476 5377.057
0.0009057451 5341.652
0.003131999 5566.191
0.002551791 5650.229
0.001248547 6355.51
0.004762918 6184.436
0.00667317 7195.902
0.00469066 6853.393
