probIn scale
0.03650712 1093.422
0.03607226 1127.372
0.02744523 1123.104
0.02733644 1028.307
0.03629084 1004.616
0.04379309 1008.463
0.03435093 1014.991
0.02137587 966.4146
0.01901061 960.2297
0.01486961 945.3512
0.008584524 928.445
0.00279826 918.5562
0.007170265 876.7532
0.0009923514 866.2003
0.004515717 918.3203
0.004641369 900.3812
0.007370881 912.0107
0.01337883 935.4784
0.01226781 992.1469
0.02586127 951.518
0.04338635 933.8934
0.04139124 973.1405
0.05378844 1025.703
0.03756335 1036.984
0.02569112 1020.685
0.02209216 1092.287
0.01871979 1081.228
0.02806864 1073.7
0.035458 1085.222
0.03253296 1033.71
0.03228996 1068.374
0.02616928 988.8212
0.05324366 951.7723
0.04601707 992.8537
0.04830696 1005.863
0.05074445 1055.951
0.08404485 1038.192
0.05621209 1104.142
0.04295727 1102.48
0.03042772 1067.797
0.0401257 1044.717
0.01179576 967.6209
0.01583778 967.2271
0.01084083 953.6987
0.02285846 889.4662
0.00616701 934.1175
0.007935868 878.1955
0.01895853 885.3227
0.04696066 914.054
0.05360108 818.9831
0.04512219 800.2985
0.03302232 779.655
0.03501904 794.5868
0.02777954 752.464
0.03432073 722.038
0.0354751 705.0275
0.04834753 760.0144
0.04666365 766.7895
0.03150458 776.6232
0.0306486 704.7997
0.01906383 686.3022
0.01588078 659.6446
0.03083659 655.4478
0.03574164 669.2247
0.07493314 652.0125
0.0594978 631.635
0.0701871 598.7853
0.05431259 575.9704
0.04014828 593.4438
0.04190049 622.1864
0.04058491 612.5453
0.04762471 650.5254
0.03842227 626.269
0.02710311 612.5091
0.01580758 689.2565
0.01274377 674.1801
0.004042668 695.316
0.00162334 706.1012
0.0132205 684.4784
0.03319151 668.0617
0.01784403 649.5906
0.02345859 687.7042
0.0361492 690.178
0.0190409 647.6617
0.01597215 684.5268
0.01936704 682.5433
0.01804999 696.055
0.03903114 730.4258
0.02169008 753.1544
0.03040521 784.4758
0.0180668 783.6184
0.02415931 756.728
0.05282228 747.7492
0.1020698 749.6973
0.0852583 743.9592
0.05985678 671.8894
0.06414607 705.8651
0.05167245 700.1436
0.0303129 716.328
0.0311423 720.865
0.04046699 768.2102
0.04664233 759.9139
0.0562588 774.1254
0.05062231 732.2846
0.03013907 745.5048
0.03471251 717.7371
0.02436379 719.9865
0.01332734 744.6586
0.0153566 726.6836
0.02357963 698.811
0.03910356 751.382
0.03888466 759.4691
0.02716955 817.8133
0.02993208 848.7668
0.03989705 868.801
0.0457394 857.8308
0.05476569 842.8076
0.03748992 853.4774
0.02330518 862.6227
0.03761765 906.4924
0.05457219 937.3655
0.01538167 968.2681
0.02422658 866.1241
0.03332913 822.7344
0.06264524 801.1735
0.06236409 787.0591
0.05257848 784.1327
0.0505542 772.8391
0.03290582 750.6052
0.04401189 818.5052
0.05447657 841.3638
0.0596299 877.3447
0.0567849 848.4248
0.06794928 848.1715
0.05582671 832.3999
0.0475357 829.6909
0.06235959 843.9896
0.0529736 909.6628
0.04479629 898.2825
0.04708052 827.0764
0.06514056 841.0019
0.04416313 831.0699
0.04103355 861.857
0.03339499 848.977
0.03338087 833.1616
0.05204928 772.9683
0.04824875 771.797
0.04043327 767.3335
0.04056936 782.2565
0.04110297 738.7016
0.0361943 708.5145
0.04242064 690.0623
0.06610341 685.2886
0.05630562 645.7782
0.07292011 653.0663
0.06735851 647.9967
0.05927986 650.7234
0.04149518 664.4589
0.02807631 638.0847
0.04489015 688.2067
0.02341227 716.1826
0.01816215 712.7304
0.02691165 652.9292
0.01790228 668.672
0.04591846 714.3117
0.03491266 708.6738
0.0489336 692.9041
0.04365617 712.9614
0.05776014 772.8119
0.06129258 802.6067
0.05585163 767.0233
0.04599776 745.9265
0.04273451 801.8342
0.03558732 844.4691
0.02384171 823.3289
0.002564685 847.0931
0.009411688 800.2687
0.01285555 813.2682
0.02111465 783.7832
0.02103154 742.3896
0.02260615 808.111
0.02554053 772.7674
0.009197712 758.2934
0.01783407 724.6406
0.01485981 754.1434
0.03053912 780.9227
0.03488999 776.6764
0.04216773 799.7519
0.04700622 828.6923
0.05097897 811.9905
0.06146833 785.946
0.03434935 740.869
0.02817832 705.6566
0.02957113 637.6757
0.02859452 652.7675
0.02400263 647.4991
0.0113546 633.9856
0.03048713 632.0628
0.02625442 619.668
0.04527922 621.6317
0.04687609 649.0233
0.04377241 663.1561
0.02248138 599.3179
0.02907584 631.4266
0.03147064 671.6812
0.02728606 656.9808
0.02113942 665.8977
0.01274064 655.9016
0.008965717 649.6483
0.006097766 630.439
0.006228426 613.8464
0.009435886 627.454
0.00878651 624.6496
0.01041091 630.607
0.01117712 695.5281
0.0107226 684.2185
0.0117146 666.0165
0.01893322 705.2126
0.01969679 674.4832
0.02264159 628.7395
0.0338381 562.7436
0.03674113 589.249
0.0290198 616.4735
0.03458644 625.0139
0.04134794 623.663
0.07272133 628.7587
0.08180124 562.3462
0.08940081 552.1216
0.08640823 524.7609
0.06851602 525.1581
0.08155986 534.2537
0.1128115 503.5297
0.07832975 476.6261
0.04268854 485.2482
0.05379851 510.315
0.0613213 509.81
0.04315053 559.0007
0.07113489 552.0027
0.06273853 593.2508
0.04873427 562.5414
0.04438711 626.844
0.05615465 620.7232
0.05909005 598.0443
0.07194804 585.4942
0.05512713 555.3186
0.0717614 493.9276
0.06071627 457.6896
0.05675961 444.1471
0.06476879 430.8976
0.05061448 429.1102
0.05594968 416.7732
0.05577884 411.3821
0.06164175 389.7448
0.0469786 379.2224
0.06435043 372.8493
0.03490694 378.3198
0.0212361 386.9318
0.01573107 369.0131
0.02976126 377.4933
0.03448546 391.228
0.04122737 388.8543
0.05396289 396.5221
0.0632378 409.097
0.07434184 390.2689
0.07333103 395.4032
0.05948623 388.6587
0.05639652 353.1911
0.03998716 385.339
0.05115938 394.3761
0.05277933 401.6129
0.05890945 451.8586
0.02837694 452.6709
0.02650675 465.7588
0.03034246 505.529
0.04532977 475.9794
0.05474472 485.5452
0.07646041 466.6856
0.02701897 494.1409
0.05285728 474.2676
0.03403279 499.77
0.03565301 498.1271
0.02918939 475.1609
0.03871582 470.073
0.02740342 473.0645
0.06201311 456.508
0.0660331 457.1579
0.06713901 462.242
0.05344563 436.2599
0.062486 424.3771
0.06578068 459.5198
0.08226978 430.8363
0.1030046 438.1498
0.0963512 433.483
0.04422475 466.4213
0.0704891 471.0905
0.0914198 492.7991
0.06233139 493.9662
0.04423047 503.4021
0.07459547 491.2709
0.07391901 473.9549
0.05389153 484.1989
0.05074145 482.3692
0.04502302 493.4714
0.05948751 514.2075
0.05311718 520.2274
0.05037676 526.6574
0.03338272 505.2318
0.02714804 495.6548
0.04986993 453.1762
0.03259652 460.2158
0.03276229 481.9766
0.06291178 488.1638
0.08141425 502.6047
0.03883876 531.0755
0.07415166 540.7894
0.08353318 597.8215
0.07242353 614.6441
0.07166269 671.701
0.07637179 746.3675
0.1134403 732.3049
0.07855737 796.1042
0.04558367 848.2068
0.02658132 856.4527
0.02662089 842.7575
0.05084609 786.5158
0.05182447 813.9068
0.07669813 781.6484
0.09016466 819.7512
0.07111308 785.5441
0.06834783 858.1953
0.07171963 875.7621
0.07389645 869.5445
0.05151238 885.5265
0.03233214 946.69
0.03512183 923.6432
0.02695529 872.8693
0.0135429 883.2682
0.01320375 906.3029
0.02274773 878.4625
0.02725194 868.0499
0.03694291 872.1825
0.03058393 895.987
0.03888424 954.3425
0.0512378 935.0627
0.06075968 973.4724
0.06175439 947.9207
0.05368704 944.4482
0.05906649 899.0682
0.05281768 951.938
0.03941177 997.4402
0.02078003 1034.333
0.007440138 1067.733
0.02066184 1010.235
0.01440762 967.3912
0.02655757 1012.706
0.04052423 1070.875
0.04841345 1004.474
0.02349752 968.8281
0.02353046 1085.429
0.02652278 1051.061
0.02702826 1045.1
0.04332934 960.5319
0.03966684 957.2564
0.04643421 943.5621
0.0398513 1001.185
0.03301884 1081.13
0.05120222 1105.837
0.03210151 1161.379
0.03227665 1119.385
0.0328636 1141.811
0.02672976 1198.705
0.02586255 1100.442
0.03210835 1013.955
0.03126525 1009.816
0.03777736 993.4299
0.04277938 1019.189
0.03972905 1037.327
0.0547072 1012.842
0.05396695 1008.318
0.05583265 1009.25
0.04392077 1024.279
0.04135979 1044.463
0.03398509 1101.691
0.02623795 1055.761
0.02605786 1064.989
0.01247257 1048.679
0.00944796 1008.32
0.01326464 1070.236
0.01186574 1069.615
0.02338937 1079.661
0.0197315 1055.297
0.02429214 994.3657
0.02288059 1030.905
0.01726221 1044.087
0.02463424 988.8226
0.02167482 885.8791
0.01403343 881.8235
0.02655034 945.9207
0.01043289 896.2731
0.009226504 961.2861
0.009935748 1027.832
0.00623365 1060.177
0.01007584 1054.922
0.01911523 1124.658
0.01990638 1085.347
0.02803904 1072.172
0.025197 1068.589
0.01753054 1176.472
0.03105087 1161.157
0.0485791 1182.934
0.02600832 1170.521
0.0292604 1204.778
0.01026597 1193.994
0.02160383 1302.158
0.0241216 1303.124
0.02296279 1218.059
0.02743258 1273.756
0.0190506 1296.123
0.02096733 1326.16
0.01510441 1416.073
0.03501997 1402.968
0.04783517 1450.457
0.05223626 1626.997
0.05891028 1747.193
0.05042613 1683.585
0.04000601 1594.546
0.05366066 1567.21
0.04952696 1476.276
0.02389483 1449.172
0.04583268 1492.075
0.02379547 1535.776
0.03131909 1525.955
0.03471502 1566.569
0.0317769 1501.173
0.02221946 1519.171
0.02697368 1454.883
0.03221566 1495.997
0.03540751 1454.406
0.03752942 1506.75
0.03835418 1441.869
0.02369 1401.477
0.01452251 1457.409
0.00903403 1508.859
0.01179482 1550.897
0.005005097 1608.823
0.007749249 1688.836
0.0153504 1473.964
0.02484541 1496.059
0.02399435 1520.566
0.03010056 1623.682
0.02792876 1546.056
0.04480206 1525.07
0.03146872 1618.973
0.04450325 1646.275
0.02390933 1641.837
0.02142984 1800.22
0.0333009 1650.526
0.04464231 1625.12
0.05361181 1640.867
0.03759782 1512.372
0.04281643 1428.051
0.04270826 1540.65
0.0204396 1405.972
0.02485956 1344.831
0.0163419 1388.866
0.01870119 1341.117
0.02760476 1240.034
0.02777339 1258.615
0.04345287 1144.371
0.04110419 1114.435
0.04331628 1037.4
0.03784919 1132.323
0.05568254 1182.795
0.06150531 1080.255
0.03171643 1143.854
0.0483019 1105.78
0.03314657 1117.424
0.01832211 1052.503
0.0268393 1060.825
0.01925561 1036.906
0.002852083 1073.583
0.0002443257 1059.264
0.001294688 1094.895
0.01857264 1137.73
0.01642758 1181.227
0.0207008 1173.433
0.02896128 1108.112
0.02301172 1102.04
0.02075428 978.2954
0.03373515 979.4808
0.02207814 962.8322
0.02934251 953.5776
0.01943572 944.8486
0.02640019 958.1069
0.0232346 998.2791
0.02314824 1041.206
0.01087133 1132.496
0.01153817 1142.399
0.01607426 1182.666
0.02885408 1118.379
0.03768506 1170.252
0.03644483 1227.848
0.03832286 1240.902
0.03322919 1192.26
0.05079098 1219.601
0.04814581 1223.617
0.04704996 1132.877
0.05503633 1095.635
0.06004497 1189.139
0.02762226 1208.504
0.0438866 1177.71
0.03939862 1161.084
0.01445594 1326.253
0.01113283 1224.649
0.01426992 1212.688
0.01223333 1154.413
0.02482372 1224.428
0.02549988 1126.054
0.02756677 1146.193
0.04110237 1090.337
0.02458922 1064.407
0.02380953 1023.201
0.0203825 979.1034
0.04504788 1024.435
0.05509274 1028.938
0.034096 1046.091
0.02689792 1072.024
0.01625192 1089.762
0.03862909 1083.664
0.02892162 1088.6
0.02260217 1053.155
0.03487608 1104.643
0.0448065 1145.135
0.03210948 1111.785
0.02216434 1091.163
0.03099321 959.8991
0.03609295 981.7507
0.01759846 1023.392
0.02455875 1014.036
0.03442777 1034.514
0.03171768 1070.506
0.03900798 1135.498
0.04958917 1176.858
0.05294882 1229.994
0.03400892 1275.766
0.02087271 1288.971
0.02081331 1270.587
0.03506891 1348.032
0.03222449 1298.567
0.03542733 1320.143
0.02934497 1250.768
0.03597033 1343.183
0.06965151 1330.302
0.07863131 1251.848
0.09641872 1310.064
0.07039454 1369.891
0.05052735 1369.357
0.06982295 1391.654
0.05452133 1386.827
0.05212145 1354.92
0.03610747 1310.595
0.04369247 1300.304
0.03082142 1455.279
0.03365672 1426.104
0.03836727 1504.739
0.02716852 1540.704
0.02797452 1403.506
0.02046464 1306.283
0.02299062 1314.704
0.03225596 1317.218
0.02060325 1362.162
0.007488096 1490.837
0.02657162 1497.152
0.029587 1521.514
0.01648911 1457.73
0.01075284 1576.754
0.01447341 1423.296
0.02276893 1486.713
0.03399888 1458.06
0.03459162 1485.598
0.03124381 1461.789
0.02305591 1434.015
0.04064217 1452.678
0.02883684 1567.841
0.03453976 1482.478
0.0455552 1562.88
0.03445054 1551.376
0.01171591 1503.873
0.03304102 1447.039
0.03411092 1527.876
0.02913727 1491.394
0.02665719 1315.044
0.01250487 1374.615
0.005741951 1407.746
0.02579665 1467.64
0.0329113 1522.416
0.04245455 1506.528
0.0344101 1514.115
0.06040948 1525.048
0.04346248 1460.016
0.05186673 1412.816
0.03939737 1310.023
0.04370922 1357.962
0.03684173 1333.466
0.03177352 1259.082
0.02130696 1265.737
0.03261814 1295.353
0.03760383 1249.471
0.0300099 1257.174
0.03562337 1184.349
0.04710635 1176.85
0.0430787 1177.283
0.0735574 1164.273
0.06018159 1187.084
0.0406552 1211.68
0.02463586 1215.017
0.01976568 1174.077
0.03817712 1114.542
0.03278118 1128.417
0.0336517 1202.08
0.02850261 1141.31
0.01750324 1090.153
0.004765141 1118.127
0.02400135 1132.652
0.0299046 1162.109
0.02839025 1263.549
0.01885593 1279.527
0.03684486 1392.022
0.03214708 1367.742
0.0227589 1518.028
0.02798682 1512.972
0.008662363 1525.317
0.002053555 1490.582
0.01552042 1451.046
0.01197837 1569.526
0.0193824 1516.253
0.01298728 1505.054
0.02087963 1511.751
0.009766278 1567.846
0.01169929 1478.052
0.02023005 1444.75
0.007631783 1553.967
0.006397568 1560.631
0.01754871 1525.636
0.02616803 1739.967
0.03395669 1736.105
0.03788145 1673.844
0.04397628 1666.91
0.03445167 1648.071
0.01822041 1607.921
0.01971354 1615.382
0.02288979 1507.481
0.02031769 1463.828
0.04085394 1396.488
0.02064921 1343.661
0.0199753 1258.2
0.03900395 1254.95
0.04295681 1192.134
0.03261639 1159.361
0.03874911 1128.65
0.06484607 1147.399
0.05463325 1082.847
0.04493777 1039.125
0.04790531 1080.976
0.01475375 1173.304
0.03562433 1083.601
0.0347786 1101.594
0.03454792 1008.075
0.0481818 1022.768
0.05491131 1014.004
0.04032097 997.7244
0.04800356 1005.354
0.02432314 961.158
0.02810758 1002.971
0.03272861 993.7867
0.02343643 981.1706
0.002826031 946.6992
0.008608913 977.5366
0.01027824 944.7704
0.01434816 925.6554
0.01489674 891.9996
0.02539574 933.7194
0.03533753 962.3435
0.03462236 1074.905
0.03032579 1040.83
0.03433093 964.6045
0.01696147 970.514
0.02129723 954.1834
0.0217117 1019.771
0.01930326 993.0891
0.01708638 1025.549
0.01157824 921.885
0.01638389 918.9459
0.01009837 910.5352
0.01538628 900.2613
0.01979544 899.0971
0.03240305 982.1496
0.02558265 959.8412
0.0435242 1013.896
0.0637478 1008.931
0.06198986 952.6561
0.06622845 945.1131
0.05637011 903.7075
0.03169109 910.9306
0.02011471 916.8487
0.01818198 908.7122
0.03273273 923.9423
0.04481645 894.2261
0.03950405 892.16
0.02978251 933.7402
0.03390566 893.4031
0.006306452 942.4131
0.01741369 955.7189
0.008223916 964.8637
0.007505978 923.8003
0.01014063 917.5648
0.01600154 856.3409
0.04781615 886.6884
0.01851876 910.9698
0.01882357 967.2285
0.02407727 956.0187
0.02967841 885.2589
0.01213018 936.8483
0.02903704 972.9446
0.02434633 980.4662
0.02905757 943.6851
0.02361421 931.6132
0.02736798 934.5955
0.0299324 915.1263
0.01911946 845.8872
0.02945057 837.7877
0.01530004 809.9999
0.009053333 820.9725
0.03004392 775.327
0.02018409 782.1031
0.01854117 790.9829
0.01409184 725.4059
0.002598001 732.7114
0.01773118 720.5292
0.02240853 710.0003
0.01677033 703.0702
0.03084199 735.1445
0.03171394 741.7444
0.02776311 795.902
0.05239309 794.8372
0.03080587 781.0246
0.04148819 802.659
0.07086376 803.3758
0.06185476 792.562
0.05753216 799.0644
0.04531797 771.4229
0.03690653 745.3951
0.02089182 748.9046
0.02617126 659.3489
0.03761959 672.56
0.05653825 659.2849
0.04528496 655.4278
0.05444056 702.3967
0.0473828 703.5562
0.02192384 718.9349
0.02274219 680.8775
0.02176358 712.9873
0.02071399 730.8698
0.01201157 743.1402
0.01518811 713.7909
0.01016831 741.017
0.03275383 638.0489
0.05729581 615.4389
0.05452337 632.4327
0.05282207 580.1862
0.06580845 610.6311
0.07560176 632.9548
0.08301229 657.4502
0.0624076 638.948
0.09225686 639.904
0.08478873 609.2712
0.05175439 613.7456
0.02626061 624.7623
0.02690724 644.3768
0.03733149 689.6488
0.05749574 728.5382
0.0470473 691.5348
0.05486903 711.3173
0.0273762 708.4318
0.0321424 682.1711
0.03506019 717.0581
0.02543482 732.7946
0.01527588 751.7195
0.01612389 723.0026
0.01194361 752.273
0.006995886 726.6929
0.00643126 674.7097
0.01625505 695.1887
0.01310305 710.173
0.02752063 686.5058
0.04628778 669.7465
0.0544127 658.764
0.06340182 653.8655
0.06034567 692.3013
0.05719031 637.7878
0.05781182 729.4471
0.06048476 732.4098
0.0374036 763.7923
0.03447855 769.9189
0.03618833 811.7242
0.04352966 783.761
0.05267895 834.0919
0.0339513 839.9247
0.03135811 822.0484
0.03676087 894.3411
0.02471767 904.4602
0.02351962 920.6595
0.02082072 940.3464
0.02307508 944.216
0.02628674 957.0668
0.02166552 940.3191
0.02042242 864.9409
0.02395662 822.3646
0.04859329 846.0207
0.06001035 878.8081
0.03253052 878.4821
0.04501744 827.0964
0.02421846 768.0987
0.02957681 794.1234
0.01688114 786.637
0.03311795 774.3346
0.0261131 797.9643
0.03203104 782.0538
0.02987786 811.691
0.02543431 853.9573
0.01961342 826.2521
0.02372 917.2824
0.02006756 966.8246
0.03564027 942.2514
0.04158942 876.5516
0.0500975 888.2201
0.03853005 911.7594
0.01660101 960.9427
0.03323845 937.4669
0.01870257 898.8522
0.02464024 847.3398
0.0212709 865.1624
0.04084067 861.4068
0.03393634 855.5955
0.01698018 845.5002
0.03157973 904.8429
0.02969302 899.9952
0.0264446 966.1033
0.03381103 938.4793
0.02917936 850.6232
0.005746447 895.7293
0.008824255 897.8366
0.01978572 906.4054
0.03812386 938.2892
0.05798696 922.2756
0.05605385 1052.815
0.04819892 1094.173
0.03591814 1074.864
0.05256934 1080.81
0.02787717 1082.969
0.03371935 1083.785
0.02770703 1089.488
0.02545808 1035.285
0.02331078 1006.455
0.0303293 1014.628
0.03507992 1029.551
0.04674219 986.6413
0.04914495 1037.736
0.04112073 1091.636
0.02387666 1136.869
0.02151206 1138.85
0.01030302 1086.225
0.00874632 1230.218
0.01074686 1228.767
0.007041104 1166.839
0.02228004 1111.953
0.03302146 1148.541
0.02724062 1143.905
0.02154731 1235.743
0.008889435 1194.986
0.004940055 1218.503
0.001858046 1212.333
0.004661825 1276.455
0.0005942984 1236.651
0.001660794 1140.278
0.01884846 1104.678
0.02330809 1082.117
0.02759225 1091.539
0.04735091 1157.68
0.03929524 1135.67
0.02749856 1208.143
0.01101471 1214.825
0.01759821 1233.085
0.0317314 1158.693
0.01643196 1044.264
0.01382105 1084.729
0.01488822 1101.719
0.01869504 1127.963
0.01697156 1117.856
0.01994056 1119.017
0.02910037 1079.724
0.03436263 1035.415
0.03251751 1062.724
0.02398443 1035.37
0.03872924 1140.593
0.03187795 1043.879
0.02598462 1048.741
0.02767674 1010.792
0.02704576 1000.865
0.02844341 1017.469
0.01863085 1045.118
0.01904529 1072.879
0.01619487 1169.627
0.006826245 1233.084
0.01753849 1147.869
0.03165819 1239.65
0.03313803 1220.334
0.02525787 1126.26
0.03822142 1002.059
0.02508563 976.8834
0.02795825 1047.771
0.01536676 1038.198
0.01286171 979.4921
0.007686404 1035.572
0.01366096 1052.794
0.02041776 1050.827
0.02520642 1105.425
0.02835772 1047.05
0.03285085 1018.46
0.01861907 1033.535
0.04851511 1058.809
0.04015923 1007.931
0.04474216 998.6407
0.03464808 1041.291
0.03322903 1017.934
0.02270627 1060.181
0.01120227 1115.515
0.0143091 1213.011
0.0172168 1253.737
0.03145156 1278.929
0.03065997 1279.572
0.03155242 1421.514
0.02630329 1369.176
0.04371085 1382.946
0.03557147 1324.031
0.03588896 1305.158
0.02983745 1343.419
0.04463249 1275.232
0.03040013 1349.547
0.01494503 1304.023
0.03665594 1285.502
0.04663086 1280.758
0.04304379 1172.911
0.04287636 1198.086
0.03515967 1133.307
0.03194442 1106.265
0.05625724 1101.963
0.06040598 1070.434
0.03955741 1026.931
0.04512902 1024.013
0.06021182 1115.982
0.05187896 1067.444
0.0811474 1030.444
0.06428749 1023.876
0.0435181 984.9267
0.03354632 942.5486
0.03619302 900.3267
0.01210863 896.4263
0.01141627 927.7317
0.01236327 891.5465
0.01331612 861.0928
0.01321264 884.34
0.01349672 891.0148
0.01429901 940.3173
0.01392135 954.0585
0.01375855 952.2183
0.01511461 913.0114
0.0215477 923.0399
0.02884003 932.9257
0.0318902 960.8828
0.04360019 980.8661
0.04189836 946.1594
0.04586465 888.9954
0.02345179 876.2225
0.02837387 890.0183
0.01985497 821.9817
0.02317628 756.3628
0.0319301 813.3585
0.037257 805.7962
0.03110201 812.1132
0.01428023 824.4058
0.03202584 847.649
0.06024435 829.0211
0.03884535 813.3118
0.03818974 786.9917
0.05599401 795.2442
0.03132191 856.7025
0.03819132 854.053
0.06684272 839.8032
0.07697964 821.4247
0.08476448 903.0368
0.08943111 959.5635
0.09784205 1038.163
0.09126932 991.7986
0.07112673 998.6309
0.04329623 919.4595
0.04068695 885.5009
0.05910309 900.7046
0.05204547 880.8069
0.03794817 907.1748
0.04228843 975.0687
0.03703159 997.5117
0.02491816 989.7298
0.03294944 982.8871
0.03608287 980.2688
0.0451213 986.1384
0.04044072 919.6419
0.05073249 954.9288
0.03921992 949.7004
0.05580634 978.3278
0.02506469 973.6745
0.01588638 990.1917
0.00831111 1019.676
0.01025895 1049.896
0.01017457 1020.678
0.01552804 1056.688
0.01962153 1146.696
0.04552938 1185.716
0.04096553 1346.041
0.03481902 1310.73
0.03377063 1269.883
0.03926411 1272.289
0.03087728 1315.396
0.03027732 1320.769
0.04839458 1347.815
0.07679027 1366.701
0.05334881 1463.665
0.02165393 1517.486
0.03057004 1322.819
0.03692506 1306.653
0.04366077 1286.974
0.0429774 1341.278
0.03612792 1317.024
0.04171063 1274.71
0.03806072 1346.109
0.0202136 1363.609
0.03161334 1392.471
0.04342759 1364.257
0.04799162 1457.599
0.02840027 1541.475
0.04019276 1526.238
0.06672914 1497.894
0.06857008 1511.85
0.06780658 1521.015
0.05280726 1468.135
0.0430905 1427.057
0.03794514 1437.774
0.02144325 1535.493
0.02633912 1516.377
0.02771371 1511.164
0.01793871 1401.295
0.0216121 1251.091
0.02428284 1277.069
0.01463685 1293.67
0.01328256 1290.173
0.02359962 1253.371
0.01760738 1210.911
0.02326788 1241.066
0.03247476 1201.175
0.02467454 1170.755
0.005058627 1172.958
0.002481233 1158.002
0.007190328 1122.479
0.004223072 1019.939
0.0135748 1025.998
0.01726633 990.8006
0.005762181 984.0868
0.009313594 1021.771
0.009682305 1035.312
0.006611714 1017.994
0.004288256 1054.787
0.008605481 1017.256
0.01771099 914.988
0.01639219 859.1184
0.0354343 841.4688
0.04656054 836.3469
0.03008978 894.9959
0.03090657 908.8379
0.04547236 986.1515
0.04190595 1018.633
0.04510838 986.3034
0.04803237 952.2398
0.04410209 945.6108
0.04921938 950.4585
0.03782847 928.7236
0.02632332 982.8071
0.01698944 975.5432
0.0207402 930.381
0.03485762 914.8599
0.02214783 996.3789
0.01433429 989.8212
0.02032414 898.1484
0.02122939 865.8306
0.02022978 892.4864
0.01598312 858.441
0.01830023 897.6331
0.02113877 893.4705
0.04684824 971.63
0.03056445 891.5399
0.01828622 965.6226
0.03961535 972.58
0.04523695 977.9542
0.04250903 950.5109
0.05969101 1007.861
0.07880314 944.8743
0.05402439 882.4738
0.04237286 835.1664
0.03670562 851.575
0.02821252 854.1213
0.0387904 911.4504
0.03521693 854.6183
0.04716973 887.2781
0.0619415 848.7456
0.05324785 880.793
0.05006396 927.3206
0.04213585 914.8728
0.02698838 898.2619
0.01717019 917.9971
0.01007159 951.6058
0.006846406 970.7161
0.006721255 933.6371
0.005769561 908.4367
0.009182785 903.4541
0.02829118 930.8894
0.03515254 930.9107
0.02360036 845.1546
0.05019538 808.5771
0.05221149 820.4226
0.05509661 834.0909
0.05269277 886.5535
0.04207347 877.5803
0.0258824 943.4994
0.03954683 927.4415
0.03275605 859.4883
0.02399408 854.8687
0.0322193 902.117
0.03132683 884.5531
0.01465613 905.5126
0.009361182 889.8824
0.009693204 909.9061
0.0127116 925.7392
0.03445164 944.1199
0.03964939 914.8088
0.02874828 854.8956
0.03444304 776.9445
0.04229488 772.1088
0.04623884 810.4228
0.07528926 806.1376
0.06363239 863.8305
0.06891681 811.0817
0.05870615 820.2645
0.05965053 826.7673
0.04885801 800.9935
0.04284997 757.9765
0.03940323 808.0686
0.04716783 803.2881
0.03596414 777.9123
0.03064072 749.394
0.03213543 754.1964
0.02725256 685.0632
0.02347164 679.7609
0.02080276 702.7894
0.02225232 766.3828
0.01806211 765.9153
0.02730074 788.1844
0.02127869 812.9516
0.03458136 847.1299
0.02188103 843.812
0.01784602 858.4323
0.03417871 874.4575
0.01214514 885.4056
0.01993995 813.8186
0.01926249 867.8993
0.02474584 811.8974
0.01217186 846.8653
0.03426562 815.6721
0.04191328 877.479
0.03076167 823.3449
0.0386829 819.5397
0.03298792 800.5623
0.04517557 740.1447
0.06635665 754.6059
0.06470643 661.9261
0.05975245 691.8297
0.02296188 704.0674
0.0271885 710.5103
0.0368753 733.0808
0.03602058 716.781
0.04201406 678.7033
0.03960717 679.4405
0.04586622 669.4056
0.03183202 699.9314
0.01252561 636.9147
0.0149763 618.8484
0.009782661 593.2649
0.009681322 569.2688
0.01365445 529.0279
0.004447881 523.7888
0.02217813 545.7045
0.03084013 587.1611
0.01197592 562.4291
0.01372989 541.3511
0.008629777 504.8678
0.009323788 492.1129
0.03154847 510.7367
0.04828581 497.0259
0.05820666 511.4074
0.06040986 464.0438
0.05074219 475.1438
0.06956482 508.6565
0.125718 486.6941
0.064578 501.614
0.06011438 483.1073
0.06474041 479.0492
0.08388881 433.2495
0.09684076 444.9226
0.105456 453.8116
0.07131091 489.0102
0.06838521 480.1599
0.06727578 485.1996
0.1111608 481.0588
0.1230315 443.9387
0.1058111 434.7916
0.08934352 443.2787
0.1247969 419.0153
0.1049556 394.9806
0.1194161 384.3568
0.1332091 361.3014
0.1296098 327.3421
0.09332821 348.8053
0.1034304 345.2906
0.06975493 329.4603
0.07374085 335.9209
0.0637036 356.2294
0.06888915 337.4252
0.0313877 365.8215
0.02638017 400.5164
0.02819326 403.876
0.04472789 389.9852
0.03266517 385.1598
0.02140756 386.3931
0.02483951 367.7584
0.02785507 384.6452
0.04013877 405.1386
0.04726718 400.2459
0.04948793 383.2364
0.04595536 382.2074
0.04462567 388.4287
0.05862071 394.8228
0.06750737 417.1486
0.06108671 436.7737
0.06400515 422.3157
0.04850936 395.605
0.05971189 397.4011
0.06421427 419.7381
0.05715434 445.5177
0.08282673 433.0599
0.1077709 446.1241
0.1070352 446.9765
0.09641434 457.6736
0.08585792 484.023
0.1138214 513.8483
0.07770783 494.5074
0.06847643 487.0508
0.06317657 445.7279
0.08821874 442.4844
0.07801982 426.2659
0.1148269 401.4734
0.1419496 407.5877
0.115101 447.3276
0.1366267 459.6258
0.1339775 450.1493
0.086336 410.8406
0.08622093 426.3556
0.06568014 399.4838
0.07266527 395.4406
0.0590944 418.7411
0.1007192 461.9703
0.1237255 470.0802
0.1092259 454.0933
0.119184 446.3433
0.1110529 468.4489
0.1127794 480.663
0.08919056 465.3982
0.1457821 466.5378
0.1365718 459.4192
0.1119492 435.9888
0.1166175 464.1872
0.08566685 492.4816
0.1302208 482.5804
0.09571696 457.9069
0.07172304 437.9823
0.06830851 437.9916
0.07661675 428.0138
0.084097 421.8042
0.0731336 397.8483
0.07976927 405.3245
0.06960833 396.9818
0.07003258 354.5311
0.06085438 336.1884
0.1004739 336.2294
0.1368231 340.5447
0.0933275 363.3958
0.08764052 355.042
0.07545338 363.8507
0.05961219 353.4633
0.05903164 361.5557
0.07031672 335.1881
0.07236073 338.1273
0.05885429 340.0778
0.07019622 383.247
0.03927025 361.8538
0.02499849 353.884
0.03578086 341.1383
0.04235935 372.3738
0.0334107 370.9723
0.04115586 346.2953
0.05425881 366.0935
0.06971033 372.6991
0.05343474 383.02
0.05591175 352.5347
0.0276137 360.4197
0.03306665 370.7605
0.02771689 359.3155
0.03168111 394.9914
0.03702921 384.6025
0.0294048 413.9077
0.03123917 404.1503
0.04069447 440.306
0.01473094 454.0467
0.01962466 490.7121
0.02616779 483.6461
0.0241994 533.1432
0.007849221 555.672
0.01260383 543.9993
0.02449616 524.4442
0.02372404 491.848
0.01995408 523.5816
0.02781202 496.8502
0.03651877 515.9341
0.04349314 530.9744
0.04714796 528.8657
0.05121599 538.9323
0.0606972 562.099
0.112184 603.9771
0.1089481 607.5149
0.1145322 610.0043
0.1207528 632.1257
0.1099327 633.3196
0.09771242 672.2401
0.09293406 643.3502
0.09633959 611.0474
0.06858588 609.8125
0.05357044 617.2378
0.06204712 580.8466
0.07410735 574.5357
0.06489666 570.6627
0.06648571 575.898
0.0709491 565.4228
0.06993274 588.1758
0.05015674 566.9867
0.06852489 594.5988
0.06152766 558.726
0.03396245 572.3976
0.05128997 565.1234
0.03624519 601.9748
0.05402971 562.5467
0.02959982 610.2584
0.03509296 632.4238
0.06014104 692.4636
0.07296068 682.6261
0.04728279 678.526
0.05340571 734.9655
0.06370937 710.1725
0.07118762 697.6219
0.06801301 728.9843
0.02555734 693.3341
0.04346785 640.2315
0.0463957 644.446
0.05118066 629.9524
0.04941232 674.8779
0.02927394 726.1819
0.0435954 721.9192
0.05376758 721.9737
0.04435319 710.7766
0.06249637 785.6667
0.05748372 755.2982
0.04959812 750.9006
0.03028046 809.0118
0.03609263 747.9352
0.04876056 752.9503
0.07362522 786.5779
0.04242376 779.8984
0.03227416 770.2293
0.04005006 743.286
0.0373144 773.1924
0.02051437 813.0376
0.02811354 789.6191
0.03664208 765.7589
0.04392077 739.0151
0.04923 733.2003
0.02514869 774.5711
0.01445759 758.7214
0.03427902 716.1926
0.0527791 728.8834
0.03743269 720.2159
0.04179108 709.1652
0.0704446 734.8562
0.04400896 722.262
0.04066277 657.4192
0.02169973 594.1599
0.0281017 658.3213
0.06003979 657.5409
0.04413163 684.3893
0.04370776 717.8049
0.05003267 752.2808
0.02361002 716.3795
0.01926079 726.6787
0.06086185 733.3848
0.02850236 688.7898
0.02119617 681.4791
0.02059371 729.6862
0.02140021 682.0969
0.02257675 718.3765
0.05296426 749.3569
0.0445608 741.3833
0.05848753 777.1305
0.05647121 857.939
0.03568903 818.7033
0.05427124 784.9878
0.07062188 765.1082
0.06823996 846.1285
0.07518248 926.7812
0.0591044 871.4424
0.04350471 914.7433
0.04979931 990.0381
0.04966951 1000.19
0.06125959 1036.164
0.0385769 971.3199
0.06195977 1027.293
0.02374393 1114.554
0.01987933 1082.356
0.02762326 1124.802
0.03711962 1060.88
0.01829282 1090.447
0.03728001 1077.697
0.06462349 996.0988
0.0853192 1120.79
0.08919394 1133.859
0.04830594 1170.385
0.03897351 1187.651
0.04213279 1140.107
0.03091323 1219.077
0.03321086 1165.142
0.05066699 1070.228
0.02287433 1053.293
0.02545916 1026.553
0.02800867 993.0667
0.01904337 979.3973
0.01985075 1005.346
0.03136484 1070.171
0.02717358 1023.363
0.0370918 1121.495
0.0317469 1217.355
0.02610639 1229.138
0.02536057 1214.438
0.01765426 1172.916
0.03502186 1175.729
0.05449724 1220.126
0.03587862 1244.696
0.02695181 1288.828
0.04200272 1297.901
0.03009694 1252.638
0.05596823 1255.569
0.04738337 1222.157
0.0457 1277.209
0.05427932 1418.836
0.05676967 1486.359
0.03447912 1386.044
0.04231614 1373.23
0.03125784 1444.624
0.0247432 1476.939
0.02306137 1408.018
0.01100503 1492.493
0.02345806 1490.518
0.0259332 1548.68
0.01830369 1552.297
0.03928034 1408.619
0.03962258 1307.729
0.03346767 1292.435
0.0414796 1153.143
0.03586851 1151.953
0.04406238 1272.104
0.03361338 1224.218
0.04731923 1214.497
0.02624556 1129.324
0.03678853 1048.651
0.03758823 1053.919
0.03439001 1021.283
0.01540821 1046.908
0.01273208 1020.292
0.02395918 1086.777
0.02977174 1084.746
0.05275685 1065.906
0.05243888 1131.286
0.06309531 1080.261
0.04283815 1048.151
0.02359707 990.2238
0.02151295 998.943
0.02447224 1081.877
0.01102792 1094.435
0.01298043 1170.602
0.01167409 1135.062
0.009754512 1141.122
0.007453559 1136.369
0.003315759 1158.365
0.01813808 1248.099
0.0419505 1280.709
0.03602362 1265.578
0.04470845 1277.512
0.0223803 1304.203
0.01765264 1325.528
0.02990457 1318.87
0.02029287 1232.97
0.02692097 1263.468
0.02094747 1236.647
0.02738917 1158.379
0.02946288 1218.737
0.0244528 1302.629
0.03012754 1339.36
0.01953161 1231.62
0.020664 1264.331
0.02137798 1368.668
0.02748655 1470.616
0.01184007 1358.805
0.02199741 1392.266
0.03435008 1350.417
0.03532106 1365.358
0.02435295 1275.355
0.03838658 1190.418
0.03105517 1188.526
0.0173219 1165.897
0.01796773 1249.919
0.01962492 1197.337
0.02426711 1219.329
0.01966314 1106.498
0.01674268 1059.388
0.007660377 1107.532
0.008822466 1086.056
0.01319093 1162.678
0.01676642 1201.87
0.01334694 1305.595
0.03443899 1199.904
0.05247722 1218.924
0.01901179 1001.289
0.04055502 921.0059
0.03357271 890.4691
0.03631736 851.8359
0.03547307 856.4783
0.02730733 911.3513
0.05695441 779.8402
0.03179647 756.3235
0.03360012 753.6903
0.03797867 735.3306
0.04038257 718.4486
0.04513177 724.2171
0.03873743 737.3087
0.03549444 704.7175
0.04394486 724.356
0.03993068 708.2753
0.06168949 736.9735
0.07047136 673.184
0.06076701 689.1705
0.08045068 686.6086
0.07252824 658.9018
0.09251132 647.9923
0.1043443 694.2738
0.09573432 680.9364
0.1144276 623.745
0.0959392 622.8175
0.08664751 632.9825
0.09232558 613.2702
0.06460013 562.0483
0.04561291 542.7146
0.04039844 501.7132
0.04434829 526.9396
0.04919573 496.9122
0.03939678 475.1394
0.04501889 485.6239
0.04635893 462.0729
0.04685279 515.4956
0.04813979 511.9348
0.05355148 513.0444
0.07231681 486.341
0.04505824 486.4399
0.03526014 514.6332
0.02088496 549.3185
0.02698268 545.4695
0.02694765 569.5713
0.04019766 576.3114
0.02876386 599.8461
0.02703196 623.0473
0.01829716 593.452
0.02140139 554.245
0.01735262 617.7001
0.01510627 580.1879
0.03141498 542.7757
0.02451231 541.2165
0.009231022 517.4074
0.009783976 509.8524
0.02565901 536.6689
0.03116422 554.9834
0.03938402 537.4247
0.0586698 527.3292
0.06313701 505.2252
0.0293553 469.5004
0.03368948 472.9254
0.04159487 445.2735
0.03481784 457.9752
0.03972278 432.5217
0.03583301 448.3517
0.04177154 429.4054
0.02812433 433.6559
0.02061607 419.8794
0.04745892 434.1561
0.06914054 435.5413
0.05386789 451.6825
0.03990026 453.8478
0.04185148 452.5372
0.06914542 448.7647
0.08301158 447.2194
0.08186621 440.9359
0.04345515 420.8305
0.06998064 406.7296
0.07996619 395.9639
0.05706271 430.683
0.04900937 456.0526
0.03131995 466.8923
0.03512777 467.5048
0.03053018 426.7239
0.04784007 427.0546
0.07013645 437.0114
0.06511365 419.4576
0.06443382 438.3181
0.05221422 383.3753
0.09411593 417.9704
0.04103766 446.8442
0.025605 466.6518
0.03017906 444.3958
0.01709302 434.426
0.01559337 416.5796
0.02216122 434.6037
0.02906326 441.2966
0.02873559 427.6438
0.0255388 426.4868
0.0434337 425.6763
0.01962526 461.7564
0.03292883 500.4964
0.03432202 493.295
0.0282068 498.2632
0.04147542 503.3279
0.06235484 522.1136
0.07711403 516.1561
0.0662764 514.4411
0.07430589 538.504
0.04706739 564.6829
0.02186275 517.8207
0.01974069 478.4711
0.02318624 475.3292
0.01846664 493.2572
0.01362315 504.0623
0.01335878 484.3086
0.02957867 482.9678
0.01671336 467.8223
0.02337036 433.6594
0.03719637 442.1832
0.01704549 433.7356
0.02705354 452.1927
0.01988022 491.3674
0.02580382 501.7721
0.01956741 508.6103
0.02001961 523.6493
0.02920718 584.3411
0.01209997 597.6344
0.02862998 634.015
0.03000729 612.0742
0.009775062 611.5256
0.009674531 611.3669
0.01306471 615.603
0.02345591 612.4732
0.02984354 636.1923
0.02619441 619.1982
0.042534 622.7829
0.02804963 612.6617
0.03904656 651.0003
0.0285033 648.2857
0.04799249 614.4704
0.04369638 573.1519
0.07314301 529.1431
0.06872087 563.1085
0.06042504 526.8596
0.06128264 548.8152
0.05630153 570.9712
0.05223609 587.7052
0.05335238 569.9493
0.06408374 594.6299
0.04967795 618.8907
0.04463673 613.9899
0.05032812 617.6918
0.04904659 676.7568
0.04509065 715.3992
0.02537832 763.9353
0.03035853 730.4806
0.03287608 734.7258
0.03570248 758.1375
0.05572149 775.65
0.02475429 813.4356
0.02749032 822.1135
0.03699482 820.7007
0.03965042 776.0405
0.03458248 750.0688
0.02958199 787.1766
0.02424886 753.5783
0.03375143 761.7412
0.02091286 736.5713
0.01199746 766.9115
0.003062451 785.8665
0.003066157 787.0181
0.006885933 743.496
0.001335405 700.9857
0.006009196 709.9615
0.01355212 726.7751
0.0208523 723.8203
0.0206957 722.5921
0.04343552 736.5361
0.03819707 688.8982
0.03561439 659.8574
0.05082001 642.1457
0.0623495 645.8338
0.05690905 583.4769
0.06842806 590.6349
0.06479642 588.7036
0.06961769 608.9898
0.06851788 587.7646
0.0332185 599.6696
0.009281771 581.7513
0.01753786 597.9695
0.03820264 561.2071
0.0351448 553.4943
0.03528538 569.3037
0.01571965 570.0194
0.01678113 577.17
0.02816662 592.1959
0.0317993 587.0236
0.02971307 606.1984
0.02831369 562.8553
0.0242017 509.2953
0.03568372 514.8648
0.03542352 518.2034
0.03659449 544.3972
0.0715161 553.5303
0.07874605 544.1222
0.07578373 579.117
0.06774828 578.2975
0.07693464 599.757
0.0598695 601.2395
0.05657607 599.7155
0.05551715 581.5929
0.04526739 528.6383
0.07013143 511.7996
0.07433047 469.9196
0.07399199 444.5393
0.06836504 446.8645
0.06438266 474.9075
0.05283189 459.523
0.08928039 461.0277
0.1400417 461.7912
0.07918732 469.7282
0.06700578 450.5582
0.1018929 442.3554
0.08700859 433.4197
0.07194543 445.3522
0.06750977 495.4266
0.08581023 442.2054
0.06496173 429.3682
0.04674194 399.1257
0.06140578 424.8044
0.04991668 418.2014
0.04567867 438.2778
0.07194433 430.9873
0.05398527 450.6189
0.05110673 486.7202
0.05494267 474.5904
0.0534505 519.2908
0.04199345 529.7263
0.03890761 512.9205
0.0260524 511.0967
0.03494746 501.1372
0.0464689 475.7334
0.05269379 428.5623
0.06432361 403.568
0.06054563 381.0294
0.1064641 398.9294
0.121615 380.3255
0.1023289 405.6891
0.1165426 415.5633
0.07543154 438.6845
0.08385466 444.7449
0.08753286 419.9835
0.0791213 449.8098
0.08732093 416.5547
0.07577597 395.8688
0.08186105 419.0023
0.081244 419.4724
0.07828552 423.0275
0.07628605 431.8494
0.101331 449.9916
0.1234156 462.9148
0.1007358 481.9215
0.09206047 487.1286
0.1058685 522.7276
0.09623615 528.9789
0.08992253 549.0069
0.0475354 559.5289
0.03520787 525.461
0.04219427 534.3663
0.0472032 557.6486
0.04741787 569.9693
0.05856852 554.5182
0.0641911 538.7841
0.06625873 534.4759
0.02801262 493.6211
0.0272 459.25
0.03453993 484.2319
0.07164364 516.0192
0.1019104 467.1551
0.1105009 448.8052
0.1076991 471.7165
0.1168816 509.0555
0.1215796 473.0439
0.1441753 476.7333
0.1158694 489.0155
0.1090051 445.0906
0.07512718 464.5295
0.08205309 499.0243
0.07044688 523.6946
0.08299083 556.8344
0.1061582 595.9551
0.09668662 598.7519
0.09868728 613.1945
0.09302321 581.8189
0.09722146 615.9871
0.07834222 618.9288
0.07134481 630.2851
0.05622693 618.7612
0.04926525 611.0031
0.05626604 592.5943
0.08670854 630.2875
0.07579747 579.7135
0.05702275 606.6977
0.0550396 649.6995
0.04541265 621.6761
0.03428756 604.0727
0.07584666 617.593
0.1061132 652.4388
0.093651 603.9146
0.06711359 629.2942
0.06271994 615.8594
0.05123426 636.698
0.03516882 644.1592
0.0760478 644.3722
0.05076202 657.9492
0.04904081 640.7604
0.0735123 652.7804
0.06367245 611.1536
0.06504997 589.9393
0.07478501 574.705
0.08029131 538.7001
0.06955928 545.5489
0.06962731 559.9831
0.07550848 570.6279
0.0675 551.9185
0.08264511 565.6354
0.07444099 563.4267
0.09074897 552.2301
0.05870661 532.8166
0.05111641 518.8868
0.06396771 507.9974
0.1218919 499.712
0.1333958 497.5299
0.1093895 538.982
0.08559425 590.6241
0.1111257 548.423
0.1460753 595.2364
0.09765617 604.4538
0.08042959 645.4893
0.07719373 614.8985
0.07351924 631.3163
0.07492703 623.2461
0.07257334 578.0259
0.04472614 552.4959
0.03091641 581.3656
0.03102489 547.9554
0.02372871 571.1559
0.02485248 566.5102
0.02591061 510.8673
0.04012896 531.0559
0.04547082 614.6258
0.03463879 621.1209
0.03524189 622.5312
0.03466015 641.9755
0.0250359 623.69
0.02789886 609.8019
0.05895821 600.5473
0.05761466 606.8865
0.0570197 605.2244
0.03523292 618.1123
0.0383679 614.5462
0.03831949 619.2331
0.02902374 643.4537
0.02990127 586.3821
0.02977938 561.0502
0.03004085 540.1877
0.04732492 545.9834
0.05118716 555.8708
0.0284117 561.1169
0.03357017 587.6137
0.02634221 589.9493
0.02559343 583.9531
0.02734251 601.9142
0.02647623 610.4086
0.04900987 555.6049
0.05588075 504.8621
0.05658623 499.2366
0.03526633 505.142
0.03451524 504.8204
0.01911419 486.6075
0.01361741 534.1098
0.01094393 541.6474
0.01378019 571.1896
0.03280891 592.3048
0.05200795 635.0267
0.0503362 655.3378
0.03546585 709.719
0.03080345 688.805
0.03152213 702.6519
0.03287233 765.9671
0.05649833 781.4071
0.05965458 857.8843
0.0652479 831.9273
0.08482721 857.2312
0.07751307 800.2143
0.07336409 842.3852
0.06972046 857.1559
0.05838789 845.8112
0.06992368 819.744
0.03945129 857.9414
0.04849368 874.3929
0.03736801 873.0612
0.02123994 919.5302
0.00593957 909.1058
0.008898694 957.9955
0.01304976 1033.513
0.01188108 1041.752
0.02642362 984.163
0.01968538 988.7693
0.04610207 966.5333
0.03423906 927.913
0.03935613 906.6161
0.0481276 834.03
0.0302715 920.3084
0.02714062 864.8202
0.01293208 905.5818
0.007775493 987.7886
0.01005709 1010.811
0.006774077 1025.57
0.01829758 987.2025
0.02485286 928.0028
0.02686938 1019.039
0.02459711 1001.81
0.02880033 999.7666
0.0228566 1034.381
0.01492944 1104.961
0.01288411 1024.511
0.01680649 1036.895
0.02194192 1033.373
0.01620208 1086.834
0.01864525 1047.456
0.01929444 1028.341
0.02288229 1125.404
0.02757945 1155.591
0.01082505 1339.087
0.00290534 1384.896
0.01722203 1355.833
0.01702854 1400.092
0.01009203 1441.575
0.008675981 1509.812
0.01219763 1458.362
0.01969547 1558.987
0.01670621 1598.164
0.01552456 1646.268
0.02666921 1738.524
0.01883689 1701.603
0.01181025 1609.298
0.013836 1614.005
0.03735947 1587.874
0.02892588 1595.985
0.0258333 1557.999
0.01821437 1467.936
0.01710066 1548.868
0.008520381 1772.834
0.01067056 1809.197
0.01551566 1857.373
0.0213848 1908.584
0.03185934 1933.467
0.02887583 1877.357
0.01956013 2039.323
0.02262917 2044.014
0.02754514 2108.437
0.01894454 1905.052
0.01989119 1874.44
0.01728255 1996.523
0.02231813 2006.674
0.03052416 1920.896
0.04608066 1819.453
0.03498907 1764.41
0.04582961 1850.849
0.02602751 1830.417
0.01202473 1687.431
0.02193194 1825.851
0.02650095 1846.692
0.0325653 1756.985
0.023396 1852.217
0.01480995 1811.792
0.0302512 1742.186
0.03946571 1774.802
0.02643777 1761.918
0.04392756 1673.668
0.01968339 1725.529
0.02708819 1539.443
0.03217881 1469.118
0.02856955 1521.45
0.03027473 1571.538
0.02882064 1605.538
0.03045186 1684.826
0.03025561 1732.002
0.03600091 1727.087
0.03497511 1749.576
0.0354505 1791.114
0.02054973 1787.046
0.01618053 1669.189
0.01289454 1796.812
0.02468946 1749.209
0.03263701 1716.622
0.01788273 1831.49
0.02636121 1761.764
0.03550175 1638.94
0.03831492 1724.766
0.05315622 1787.401
0.04975152 1800.367
0.02563828 1658.024
0.04288701 1581.264
0.03163251 1653.238
0.02552315 1734.111
0.02039016 1664.319
0.0238714 1674.091
0.0112205 1675.386
0.006140869 1521.026
0.006416429 1537.381
0.00795412 1529.568
0.01343221 1639.599
0.0135906 1637.78
0.01982737 1563.196
0.01529506 1573.04
0.01136228 1657.248
0.01669099 1713.435
0.02012407 1622.128
0.01479049 1715.65
0.02507805 1773.663
0.04606642 1854.5
0.02471801 1851.562
0.01192729 1881.661
0.01419839 1917.471
0.02379467 2089.829
0.01969631 2040.874
0.005307967 2286.802
0.01164278 2254.652
0.01352015 2245.234
0.02584565 2482.955
0.01014312 2496.639
0.008742833 2517.007
0.005057297 2680.248
0.01495063 2566.29
0.0120474 2588.92
0.02853749 2830.921
0.01832925 2787.227
0.01686323 2651.657
0.02590846 2489.444
0.01844606 2729.241
0.01380565 2509.879
0.01406952 2530.03
0.01275045 2613.004
0.02705737 2485.618
0.01989621 2522.764
0.01068371 2502.796
0.001344613 2284.588
0.003504813 2298.718
0.004602115 2476.12
0.002219679 2373.356
0.003954835 2315.446
0.007498239 2342.01
0.01286936 2389.673
0.01220765 2335.483
0.01172955 2287.792
0.01217001 2354.324
0.03166642 2423.848
0.03152915 2435.322
0.02362009 2358.211
0.01503709 2385.646
0.01877183 2324.463
0.01470436 2243.042
0.02004994 2238.674
0.0228393 2154.886
0.02187773 2250.823
0.02607573 2140.175
0.01323154 2134.659
0.0218877 2033.932
0.01324721 1914.886
0.009857277 1860.253
0.01609672 1841.643
0.01710581 1831.908
0.01629975 1883.334
0.02625061 1855.772
0.01349881 1883.401
0.01954435 1706.407
0.01292095 1801.12
0.01077049 1655.623
0.01638629 1681.221
0.02451056 1724.15
0.02711002 1644.746
0.01998917 1671.332
0.007318985 1708.216
0.009319417 1687.97
0.004492111 1896.532
0.01359298 1799.927
0.02254561 1891.261
0.009736638 1884.477
0.03125788 1827.199
0.02382591 1814.991
0.047518 1813.131
0.02621729 1888.801
0.02659236 1818.953
0.02204476 1897.239
0.02283328 1730.39
0.03122437 1735.09
0.02269752 1857.907
0.02739607 1872.316
0.03784736 1987.242
0.02144395 2012.345
0.01492986 2136.393
0.02444302 2205.968
0.01063777 2223.151
0.004291363 1906.373
0.008701923 1969.649
0.004270137 2097.369
0.0007986749 2127.615
0.002462591 2194.866
0.01616202 2164.46
0.01943123 2192.033
0.01388424 2089.416
0.005983393 2029.654
0.01493253 2061.094
0.03043054 2045.588
0.03097108 2018.85
0.0306537 2124.797
0.02833641 2144.566
0.01926794 2082.33
0.01831523 1954.947
0.01262447 1792.531
0.005647602 1677.167
0.0108668 1688.293
0.0160808 1774.322
0.005907858 1867.873
0.02255566 1949.715
0.01470195 1887.9
0.01145892 1825.439
0.0139018 1902.113
0.02972816 1890.082
0.02288683 1981.768
0.01651325 1853.384
0.01520364 1863.695
0.01160881 1797.304
0.01611545 1782.767
0.005514937 1845.432
0.005341081 1828.843
0.01028302 1695.069
0.003700087 1832.171
0.005490979 1988.981
0.009844293 1891.888
0.008961898 1968.83
0.01690767 1989.592
0.01191255 2064.042
0.02024951 1968.256
0.02245768 1902.572
0.01448144 2003.285
0.02454783 1853.478
0.003477277 1843.475
0.01307508 1785.836
0.0128962 1722.438
0.01643511 1661.672
0.03380205 1694.754
0.03261104 1669.455
0.03780153 1717.359
0.02316998 1867.297
0.02548958 1826.03
0.03048568 1854.584
0.03089939 1815.433
0.03680001 1789.322
0.03001404 1794.415
0.02371852 1764.02
0.03650011 1769.728
0.02268598 1798.37
0.03348887 1785.031
0.0319202 1868.049
0.02597673 1788.922
0.0384918 1860.658
0.05011562 1830.036
0.02255297 1815.054
0.0229518 1838.813
0.03270109 1813.702
0.02625913 1794.012
0.03048652 1846.014
0.03607796 1843.659
0.02633478 1817.756
0.01756303 1756.562
0.009300746 1817.764
0.007889639 1730.93
0.01441474 1696.255
0.0129681 1552.762
0.01155304 1632.834
0.01516865 1547.93
0.02073818 1621.567
0.03023933 1680.662
0.02527896 1787.654
0.01599631 1853.134
0.01838761 1655.197
0.01585371 1611.641
0.01344587 1496.751
0.006926872 1502.16
0.004679558 1454.19
0.0137879 1527.577
0.03061814 1503.942
0.02503343 1423.132
0.02495003 1461.766
0.02708863 1481.372
0.03339873 1518.87
0.03126727 1545.275
0.01729924 1517.846
0.01781072 1588.204
0.01771147 1496.159
0.02504595 1419.255
0.01658518 1449.437
0.02861189 1380.6
0.03147959 1421.802
0.02906278 1495.275
0.03234055 1415.771
0.02162299 1307.399
0.007843875 1340.369
0.004213535 1368.858
0.00493486 1341.493
0.003362847 1288.248
0.004207548 1265.051
0.003163481 1279.032
0.0153327 1305.621
0.01564012 1275.334
0.007642743 1218.715
0.008243565 1169.234
0.009628019 1258.519
0.01299351 1334.338
0.01252249 1204.018
0.01777894 1172.119
0.01109424 1167.261
0.01934749 1221.974
0.01609121 1223.113
0.01232393 1177.452
0.004881743 1240.846
0.01477636 1149.541
0.01650319 1206.862
0.01485757 1305.739
0.01383047 1338.804
0.01488824 1352.861
0.02383912 1333.899
0.03174032 1367.531
0.0369831 1402.281
0.03602671 1509.337
0.01051282 1601.393
0.01896765 1687.364
0.01241744 1622.672
0.009645408 1811.334
0.01056178 1720.394
0.01741339 1690.531
0.003845955 1797.47
0.006017863 1750.985
0.01502726 1778.124
0.01987474 1710.092
0.03516333 1722.061
0.03942416 1661.938
0.03461112 1533.615
0.03937478 1606.247
0.02461839 1603.403
0.02422541 1688.198
0.03112781 1707.838
0.03157056 1636.521
0.02023967 1726.325
0.02570306 1799.039
0.02280631 1848.585
0.02431592 1863.108
0.01626499 1873.373
0.02800563 2058.534
0.01418068 1970.517
0.01087993 1997.281
0.008958526 2118.904
0.002767938 2152.091
0.007568352 2185.706
0.008389764 2335.28
0.009699705 2378.637
0.03282896 2382.465
0.02966989 2449.31
0.03661466 2354.716
0.03403321 2434.296
0.01526803 2474.84
0.01960566 2330.108
0.009612407 2447.91
0.005528278 2315.717
0.008647771 2277.678
0.0155629 2117.985
0.003397834 2068.08
0.007729456 2175.879
0.02007331 2165.619
0.01012104 2092.148
0.01049846 2139.363
0.009788189 2219.198
0.003544627 2104.451
0.00431779 2093.998
0.0009331903 2079.382
0.004571722 2021.968
0.01609421 2043.654
0.02302433 2106.64
0.01743482 2066.176
0.02872571 2154.386
0.01794417 2257.301
0.02267838 2316.91
0.01075939 2205.894
0.02046022 2082.465
0.02208635 2082.742
0.0212966 2221.086
0.04826592 2213.274
0.03164714 2144.838
0.01851062 2256.235
0.01210238 2345.799
0.0004887576 2277.784
0.003276498 2263.65
0.002717701 2496.941
0.008202896 2081.667
0.005439922 2181.276
0.01257614 2282.61
0.01372169 2219.439
0.01151553 2322.273
0.02220397 2384.865
0.01433843 2452.812
0.008132268 2531.131
0.01264548 2566.566
0.006340827 2605.986
0.007800507 2452.488
0.01507136 2464.847
0.01218454 2551.001
0.01486606 2533.024
0.01422816 2692.484
0.0172354 2517.027
0.004328321 2578.546
0.01120266 2489.98
0.01447964 2543.187
0.01059337 2508.733
0.008767756 2520.513
0.02089352 2425.768
0.01960538 2464.499
0.03072303 2586.682
0.03535093 2460.797
0.02173692 2585.327
0.04352682 2509.06
0.02280371 2403.599
0.01813226 2390.081
0.01824478 2348.426
0.009175926 2322.807
0.007310998 2347.743
0.01462475 2317.362
0.01712493 2164.784
0.02806308 2082.79
0.02231878 2179.635
0.01978975 2319.471
0.02145145 2329.864
0.0127918 2293.162
0.005976454 2192.929
0.003048914 2235.505
0.01270659 2248.317
0.01563281 2284.673
0.02404184 2193.549
0.008556133 2255.485
0.005939519 2176.179
0.004829433 2075.123
0.009204368 2070.964
0.005647621 1934.996
0.006271844 2006.879
0.01008823 2165.802
0.007741028 2077.628
0.0118331 2147.324
0.010494 1985.176
0.001620663 1967.365
0.006066827 2080.591
0.0101505 1871.631
0.009435644 2003.674
0.01143615 2003.451
0.02264477 2142.005
0.01689253 2144.725
0.02353718 2207.004
0.01506639 2203.704
0.03034536 2327.4
0.02519075 2283.099
0.01830179 2325.65
0.005912547 2267.151
0.008598173 2225.219
0.007104682 2244.122
0.006869502 2179.661
0.0187544 2113.782
0.01772361 2170.417
0.02193609 2177.301
0.01501539 2054.898
0.01220309 1863.527
0.009645827 1823.194
0.01210791 1763.843
0.02013781 1793.337
0.03076508 1955.086
0.03819623 1993.108
0.02105369 2024.419
0.03763061 2002.12
0.03271938 2032.381
0.04419223 2053.551
0.04153686 2058.806
0.04038047 1987.204
0.0324858 2068.531
0.03817314 2029.913
0.03038962 1972.892
0.02885687 1878.255
0.02882923 1873.592
0.03292067 1852.518
0.03396032 1963.363
0.04325173 1990.023
0.03732419 1993.286
0.06038954 1959.715
0.03580155 1921.109
0.03579717 1928.467
0.02516244 1785.022
0.02453196 1888.336
0.02681305 1764.711
0.02450094 1839.038
0.01298833 1741.974
0.005505164 1814.108
0.0007587058 1799.169
0.00178157 1800.967
0.002353264 1772.18
0.002326302 1706.945
0.01815851 1684.873
0.01367283 1777.189
0.008146019 1866.856
0.01000444 1892.361
0.03250238 1919.777
0.03626727 1891.669
0.02026554 1793.635
0.02926324 1758.778
0.03501467 1653.324
0.04233858 1707.885
0.0461131 1736.07
0.03705356 1595.855
0.04635173 1598.973
0.02258873 1441.314
0.02705932 1431.925
0.044813 1458.524
0.02693352 1550.426
0.03292843 1401.537
0.03243721 1340.227
0.045862 1323.699
0.04493944 1361.291
0.05918781 1332.227
0.04939461 1292.85
0.03367274 1400.423
0.0364165 1323.384
0.03652068 1259.317
0.04701653 1219.064
0.03112814 1157.612
0.03320844 1192.093
0.04943765 1274.047
0.06863245 1252.26
0.0445762 1156.669
0.04373082 1089.626
0.02450258 1049.224
0.01886721 1069.208
0.006863312 1037.598
0.001387964 1027.076
0.003392423 1078.755
0.003399159 1168.822
0.00136175 1230.429
0.005378678 1216.531
0.009300757 1175.555
0.01599417 1236.535
0.01706302 1364.102
0.008123366 1381.791
0.01351637 1418.856
0.01041525 1363.427
0.01583342 1442.723
0.02754656 1417.976
0.03091653 1412.03
0.01561233 1409.03
0.007784458 1315.961
0.01179981 1234.08
0.01252577 1317.984
0.01866397 1348.85
0.005708331 1399.722
0.005393607 1418.337
0.01080114 1417.48
0.01724989 1434.574
0.00699219 1348.795
0.00413873 1378.864
0.01423485 1356.966
0.01982381 1290.737
0.02926699 1215.961
0.0284602 1190.099
0.01948184 1178.241
0.02714795 1221.978
0.02972696 1217.594
0.03812464 1265.96
0.04464501 1217.238
0.03708893 1221.96
0.02916936 1353.144
0.03424279 1423.855
0.02786371 1363.153
0.01686695 1366.389
0.01525976 1365.53
0.01944981 1209.494
0.03180985 1227.463
0.01920124 1214.961
0.01234569 1096.27
0.01943369 1081.623
0.04588912 1099.401
0.03815482 1134.059
0.04924653 1287.062
0.03651256 1227.389
0.03632319 1161.411
0.03702315 1158.316
0.02389562 1070.65
0.05297125 1154.033
0.05412261 1136.372
0.04603064 1113.014
0.05016749 1064.14
0.0755708 1003.492
0.06534921 982.5842
0.03966289 1051.19
0.03046273 1062.096
0.03668687 1077.093
0.01951743 1160.482
0.01332119 1274.223
0.014644 1238.51
0.01950594 1279.92
0.0116171 1344.041
0.01690572 1251.48
0.01712257 1249.451
0.02721289 1181.23
0.02131699 1118.87
0.02583835 1161.888
0.01623944 1165.468
0.02339971 1220.594
0.02943178 1223.276
0.03957127 1253.721
0.01865085 1223.203
0.03359871 1373.788
0.02058389 1380.479
0.01301078 1379.924
0.008918949 1322.522
0.02137794 1354.704
0.01317443 1321.737
0.01246673 1263.468
0.01367249 1221.394
0.04155336 1313.376
0.0405258 1239.007
0.02915801 1257.977
0.03223369 1349.45
0.01457952 1307.84
0.01026374 1365.48
0.01018783 1475.486
0.0098225 1493.986
0.017658 1454.41
0.03189871 1497.456
0.02656815 1548.046
0.01303569 1548.258
0.04036131 1623.097
0.01797981 1660.674
0.03057192 1644.905
0.02279723 1589.273
0.01921281 1463.139
0.01666619 1547.711
0.02129133 1607.499
0.03720188 1552.355
0.03516684 1556.402
0.01999304 1624.314
0.0181484 1555.08
0.01619101 1468.835
0.02188761 1464.657
0.02559283 1469.128
0.01443129 1542.856
0.02605635 1470.085
0.03428363 1564.575
0.04157556 1520.885
0.03042421 1342.79
0.03660011 1335.523
0.03496485 1285.337
0.03669931 1271.282
0.06046625 1187.53
0.02848574 1090.636
0.06044958 1084.692
0.03443528 1025.672
0.04419765 1113.489
0.05350356 1200.572
0.04053473 1151.899
0.04125222 1214.785
0.03225533 1366.135
0.0311316 1375.54
0.02404928 1318.395
0.02850404 1323.674
0.01834377 1314.188
0.01021742 1340.98
0.01129938 1245.593
0.0121071 1229.549
0.01995165 1199.539
0.02852861 1261.363
0.05794548 1270.415
0.0530099 1155.485
0.0266402 1192.119
0.04168163 1347.962
0.05922181 1338.329
0.06020015 1324.276
0.05123242 1253.866
0.02382537 1286.081
0.02947045 1263.931
0.03621943 1323.854
0.04018221 1363.113
0.03728126 1326.111
0.02445555 1374.917
0.01133592 1373.943
0.02048533 1453.883
0.01780013 1516.484
0.02708517 1522.727
0.03500559 1586.746
0.0407718 1626.904
0.02364175 1629.512
0.00733276 1556.343
0.0169466 1628.31
0.01614967 1486.185
0.01297023 1465.094
0.01601857 1393.56
0.00845114 1381.029
0.02797877 1306.027
0.0146232 1230.858
0.01971327 1189.886
0.02579817 1220.058
0.02942268 1160.091
0.03509506 1125.762
0.0437907 1114.003
0.03516151 1145.144
0.02462253 1155.878
0.03050005 1215.868
0.04156122 1189.679
0.04727962 1142.993
0.05106171 1192.881
0.03327006 1230.271
0.03514512 1151.767
0.04566448 1105.42
0.03305744 1091.384
0.01785568 1065.679
0.03967027 1065.185
0.01878352 1015.753
0.01694195 1015.367
0.0109532 843.8048
0.03264464 772.7288
0.04241974 809.5377
0.02562811 841.3593
0.01949596 830.0234
0.02765791 877.8847
0.03110654 889.9699
0.03695269 861.9614
0.02877331 864.4
0.03926332 833.9161
0.04148373 763.1912
0.04396953 791.7625
0.02838687 826.2099
0.02657104 851.5637
0.04617009 846.3175
0.03684317 857.9437
0.01514007 879.5553
0.01459321 864.5237
0.01603483 849.9913
0.0227947 869.8794
0.01614205 857.5344
0.009520288 779.926
0.02910472 767.67
0.04529308 748.5387
0.06962777 762.0571
0.07882876 717.508
0.03668754 732.8866
0.03732383 722.0347
0.06626442 714.7528
0.08244872 661.2166
0.05325362 666.73
0.03605465 698.1666
0.05340006 716.8742
0.06128433 700.7888
0.06972679 697.412
0.05969373 723.9188
0.111876 715.7459
0.08905452 678.5499
0.06815801 622.3259
0.07629611 608.4152
0.07884333 620.5209
0.07134613 570.5933
0.07072731 614.6113
0.08395625 612.4019
0.06675121 620.6214
0.04577321 610.1777
0.06416881 585.5305
0.07866408 560.9201
0.1096406 592.2993
0.09252265 578.7904
0.07161606 578.1653
0.05066602 582.6217
0.02659956 627.0052
0.01522453 656.8948
0.01248228 714.2288
0.01108117 700.5241
0.01684969 721.3586
0.04447175 765.9539
0.009325951 785.1536
0.02661986 773.6431
0.0420654 761.8661
0.03971395 775.0933
0.04798713 741.1196
0.0465314 768.1641
0.06678081 831.8374
0.08710929 840.7533
0.07275177 781.37
0.06200825 755.2895
0.03248764 677.1582
0.03788045 706.4712
0.02141055 711.454
0.02017438 691.7311
0.03231127 728.112
0.01946464 726.9397
0.03401647 743.9073
0.03272767 755.962
0.01609069 731.3047
0.01881361 739.1044
0.01690973 708.1837
0.01906607 708.4628
0.02272077 691.1851
0.02704136 698.1308
0.03227222 700.3325
0.01856435 693.21
0.02097151 622.8465
0.02537952 630.914
0.02421265 617.1623
0.02471067 706.3814
0.05695144 684.2158
0.05538605 665.5181
0.08006647 622.4158
0.05513304 553.9339
0.04470539 545.5624
0.06944935 553.8142
0.06089456 573.0131
0.05938336 595.8035
0.05649529 596.7609
0.02701668 598.7957
0.03453291 603.5924
0.04262076 653.6406
0.04878249 621.2375
0.04271018 615.729
0.04795338 640.0762
0.04787573 607.0841
0.02987223 586.6137
0.01525139 562.1782
0.001045135 544.238
0.007076521 576.0927
0.01654421 579.2701
0.02282364 585.8091
0.01453515 540.7045
0.01595463 551.7159
0.008859585 575.408
0.02194841 600.2313
0.02062014 570.8592
0.01042729 581.7972
0.005954519 608.6746
0.01251982 558.2961
0.01326189 543.4781
0.01652662 597.7386
0.01838609 594.8584
0.0473513 568.4578
0.05537633 562.5169
0.03309991 599.479
0.03310835 605.902
0.03459154 654.4853
0.02605399 627.7793
0.04145766 659.2718
0.0436015 703.0223
0.01274875 732.0327
0.02514799 715.569
0.03390493 697.0434
0.02175763 714.1663
0.03875673 690.8303
0.04761913 682.9489
0.03173745 666.6489
0.03446451 675.8953
0.03429431 697.7333
0.03417949 705.8354
0.03807491 674.6076
0.04121179 689.1946
0.06721029 659.8194
0.04681694 660.6599
0.03076363 633.4123
0.03686834 585.6417
0.01977252 519.4013
0.02911084 540.0102
0.03867602 561.1909
0.05727439 543.9812
0.05761996 547.0078
0.04958309 546.5696
0.06527184 533.3272
0.08010654 503.4793
0.08892066 473.9324
0.1050233 467.7938
0.1269583 513.3814
0.1079668 502.4802
0.116406 510.8022
0.08804878 502.8555
0.07001937 492.1541
0.06814882 490.9855
0.1097081 460.1264
0.07859236 471.2624
0.09553244 489.9312
0.1030181 480.4096
0.1164151 480.6452
0.0895316 478.371
0.09516372 480.6731
0.0595873 507.7025
0.04760774 500.5011
0.05905772 542.8839
0.0429318 581.9867
0.02988072 626.6577
0.01593049 575.8738
0.02674367 637.9119
0.04215677 607.0074
0.02953926 625.0821
0.03348768 646.8019
0.03774496 680.2999
0.04435791 625.5469
0.04331085 616.6443
0.03970277 611.2629
0.07661229 592.7638
0.0763978 580.5011
0.07897983 532.6183
0.06786404 554.4655
0.05900073 565.1237
0.06798422 542.7732
0.07187018 568.0069
0.07613948 576.46
0.06541647 584.8167
0.06837387 580.7469
0.05944631 602.1476
0.06487033 616.0791
0.04646766 573.3782
0.05305003 544.3835
0.06006124 561.792
0.0460609 583.6081
0.04713848 588.5171
0.05694564 602.6764
0.04447972 569.0363
0.04825035 554.3209
0.05083962 596.9668
0.04342149 675.9479
0.05365545 590.2866
0.06811233 554.1766
0.08895867 584.3704
0.0761499 614.1063
0.05247469 618.242
0.06675868 559.2933
0.05726923 607.811
0.07892443 647.0933
0.05843332 673.6428
0.04448608 675.3065
0.03408954 679.0332
0.04034137 679.8048
0.03199379 673.0031
0.05699585 713.4893
0.03953628 685.505
0.04769952 706.8395
0.03669151 689.1341
0.04694905 714.0525
0.05740687 683.7967
0.07249973 671.8905
0.06185004 657.6357
0.06624209 639.6198
0.04218519 650.068
0.04218122 671.8596
0.03681311 658.8502
0.0257476 690.9192
0.01191336 661.3368
0.01476138 632.4084
0.01450808 618.4596
0.01741539 603.4156
0.01925131 592.646
0.05912444 573.5473
0.07553721 539.1441
0.07267608 520.3889
0.05618863 540.416
0.05890885 550.506
0.04691987 539.1176
0.03678858 529.16
0.03617969 483.6612
0.05096938 449.3423
0.06586251 477.1132
0.0875402 527.3865
0.06715214 551.451
0.05783744 513.1712
0.04879608 494.053
0.04631495 479.9078
0.03341025 490.7264
0.01258088 502.1269
0.006947215 556.2083
0.01112251 511.157
0.007272905 497.0168
0.01878557 516.4523
0.0125631 496.0561
0.01027703 492.1339
0.006139326 532.0508
0.006343615 523.8558
0.01649884 469.6799
0.007770964 469.961
0.01126547 471.9149
0.01620379 477.3505
0.01523304 473.2983
0.02803654 472.6001
0.01476329 455.7963
0.02217946 448.9784
0.02446575 468.8736
0.02930203 461.201
0.03945915 462.0116
0.03488976 473.8345
0.03494992 547.0773
0.0334964 520.9714
0.0765617 496.7005
0.07553859 461.4358
0.08858758 452.7366
0.08940475 442.1369
0.122428 421.702
0.1396764 450.7103
0.08861254 443.226
0.1007424 487.5683
0.1136177 484.4696
0.1071645 446.9787
0.1197957 427.1913
0.09519644 416.0158
0.09649078 396.0402
0.09771735 364.5465
0.06331048 367.4282
0.06739242 381.8174
0.07602468 387.6543
0.07681548 395.4504
0.09783592 413.5341
0.08777805 404.1171
0.08715015 411.2137
0.06214365 407.3251
0.04450319 414.1357
0.02520812 430.5465
0.01729884 420.2827
0.01269866 410.3191
0.0157834 391.1435
0.01203861 392.9508
0.008024809 351.3903
0.0115508 355.3213
0.01658565 357.1439
0.006513919 353.0487
0.009103503 394.6863
0.009932295 427.1507
0.008580711 414.3366
0.01250313 420.9322
0.02819181 453.5563
0.03102893 475.0861
0.02786362 470.6167
0.03639445 472.7135
0.04577297 461.043
0.03220023 446.9955
0.03879274 418.6255
0.03498702 414.5352
0.03141833 433.8194
0.03636168 425.4851
0.04552569 392.593
0.04962706 387.5001
0.04175464 375.7668
0.03865706 426.9335
0.04091355 417.0098
0.0704701 444.2898
0.08661499 445.2595
0.0760167 440.8625
0.06418281 419.7198
0.07709726 443.5364
0.09132901 437.5644
0.09691017 418.8736
0.08920231 421.9432
0.08774183 425.4891
0.09965034 396.1742
0.1132633 403.4726
0.09122502 429.879
0.1107912 431.8257
0.06475865 415.8966
0.08645888 410.0925
0.1048921 420.7752
0.0582322 405.2412
0.07843832 418.6172
0.09317666 401.7544
0.1074206 420.7529
0.1049921 404.0603
0.09843747 395.5061
0.1148059 399.8483
0.09752491 387.6153
0.1173143 364.3177
0.1357038 363.5469
0.1056681 330.2805
0.1369064 329.5184
0.07709018 348.5518
0.05916182 346.0364
0.1025193 329.5646
0.1214019 338.3936
0.1095754 333.2418
0.06568964 354.2102
0.1072897 363.5089
0.1098239 337.0078
0.1323006 335.2894
0.09635605 320.6068
0.1111976 340.4086
0.113878 371.5328
0.104113 383.0317
0.08956067 392.3472
0.09805723 389.3404
0.1021893 402.8768
0.1160723 407.8336
0.1376998 398.6987
0.1214253 388.1922
0.1194893 405.5815
0.1238899 397.762
0.09993172 374.5713
0.1213975 362.5165
0.1121541 363.3791
0.1209922 355.2046
0.09723738 312.3439
0.1257035 307.729
0.08490133 303.3734
0.1151787 297.5105
0.1043047 323.0593
0.09061025 331.1712
0.0578754 352.0883
0.052069 345.5976
0.05415687 359.5366
0.08109191 369.6986
0.0771696 371.9824
0.09628041 345.8563
0.1014966 338.1699
0.06914902 329.3762
0.06988565 321.2705
0.06007724 330.2335
0.05379311 316.2847
0.02343005 332.3415
0.02629027 360.3951
0.0266511 354.3524
0.0256383 320.0412
0.0314805 327.1289
0.04565169 325.7414
0.02302419 334.1171
0.04542676 331.1907
0.05926221 354.4852
0.08669834 391.3452
0.07369175 386.9508
0.06237178 384.4211
0.05327969 373.0174
0.06666414 376.5977
0.08006604 384.3848
0.08371241 427.4888
0.08660841 463.8767
0.07237789 481.4523
0.07641882 498.0814
0.08015727 478.7902
0.06392352 460.6541
0.03744055 439.5678
0.04488245 442.0093
0.0560772 434.2566
0.08341076 446.0984
0.08810962 461.4263
0.09470841 452.3799
0.08090668 438.8579
0.1030602 421.6629
0.1085322 444.263
0.1120522 427.1882
0.10469 410.4091
0.1123142 409.0682
0.08384544 414.1577
0.0866868 402.6503
0.08380806 415.8867
0.08212389 420.6687
0.05504754 428.8651
0.03863423 422.6808
0.06868481 455.4637
0.08405794 487.3431
0.05738473 459.5908
0.07731937 440.6511
0.09068639 424.5557
0.1320419 425.8891
0.1211103 411.4666
0.1213188 404.5677
0.147627 426.3323
0.1252904 478.6258
0.1020071 495.4627
0.1198622 499.1982
0.08280901 492.3474
0.0707991 488.1343
0.05514158 497.7791
0.0639765 497.7821
0.04428546 476.1563
0.06585415 472.4699
0.05281328 455.521
0.05261427 456.5191
0.07247631 473.5843
0.04668426 471.8377
0.05982339 502.4012
0.03404032 501.3065
0.03709238 484.5759
0.03310614 523.9861
0.02870692 574.2181
0.03497137 584.899
0.05053819 599.4263
0.04308759 556.2639
0.05621253 527.665
0.04779065 493.8583
0.06913969 458.1328
0.06720712 430.1286
0.07676916 452.192
0.08518657 466.1112
0.1026948 459.5145
0.05989067 445.4193
0.0767967 447.6568
0.07688454 396.9751
0.08320837 415.7507
0.1037547 396.1044
0.1769858 420.3935
0.1543005 397.8473
0.1918889 380.1946
0.1827781 406.9371
0.1806529 424.6167
0.1871316 408.5727
0.1498903 413.2925
0.1704547 429.464
0.2083937 431.3511
0.2036176 437.8041
0.2044534 433.9813
0.1612077 407.8717
0.1452215 424.5967
0.1511239 420.922
0.1580637 402.6918
0.1721886 385.9927
0.1835275 382.8241
0.1401678 369.1569
0.1288181 386.2608
0.1072173 391.8393
0.1316513 383.981
0.1075476 354.2587
0.1003884 344.4745
0.09731624 351.3429
0.09286028 335.3254
0.1007109 321.4832
0.06736171 334.3356
0.03867433 329.6912
0.04212701 335.9388
0.04366935 323.9191
0.045597 334.9223
0.06186471 347.1469
0.06916192 346.2805
0.04003775 334.5004
0.03270134 350.4932
0.02511429 338.6217
0.03628093 365.0417
0.01853267 357.3824
0.02699097 384.487
0.02381618 397.6107
0.02615635 392.2131
0.03282745 381.4936
0.06241548 369.2229
0.08572221 391.4881
0.07754558 386.1875
0.07150907 396.385
0.0428015 364.6652
0.06983697 352.294
0.06885127 363.8692
0.05596429 340.0778
0.07185633 326.3856
0.05669212 339.1113
0.04649238 336.5033
0.05769023 301.8623
0.07913697 313.0497
0.0753893 337.9433
0.06722223 333.8298
0.03640983 310.3867
0.03952674 302.8493
0.04617627 310.245
0.06141786 307.1607
0.03824003 273.1384
0.05154076 275.5964
0.09442036 269.6341
0.0831816 262.0042
0.08467418 277.4782
0.09349844 274.71
0.09391817 269.4585
0.09711699 272.4245
0.09921294 277.4783
0.08330693 299.3458
0.0842981 312.5516
0.08587561 317.728
0.09999526 323.1993
0.09578358 316.884
0.04359382 311.0194
0.04967625 303.6911
0.03175374 302.5027
0.02560768 305.3664
0.01876705 313.2872
0.02537118 294.338
0.02577046 291.3746
0.01236586 268.8197
0.04058532 258.8047
0.04180486 257.0239
0.05565978 259.2681
0.07300721 250.0483
0.08261593 250.9755
0.06135169 256.0042
0.03974604 264.8774
0.05636166 279.6663
0.02895684 288.1443
0.022221 298.1917
0.02143967 296.4766
0.03342052 302.329
0.05176222 292.7701
0.04616175 300.4399
0.02919724 296.1979
0.04799133 308.5677
0.05600342 315.0769
0.05270593 317.6314
0.05832764 314.5649
0.0777848 326.9615
0.07513473 348.4346
0.09134969 336.0842
0.1032385 344.5515
0.1634625 353.9722
0.179293 339.3619
0.2010727 325.5005
0.1846828 325.0494
0.1764103 331.7833
0.1571265 301.1658
0.1509438 305.0765
0.1521885 299.1254
0.1208557 314.1317
0.09786596 316.0147
0.1017816 317.7419
0.09183221 316.6343
0.1003881 310.1581
0.09732411 291.8586
0.0792488 308.1802
0.0952549 300.6791
0.09384364 278.6508
0.08289533 292.6107
0.08337308 300.6101
0.06337677 284.4872
0.06124626 302.3991
0.07255808 319.3812
0.05867797 311.3207
0.0264361 312.2544
0.04893354 327.7897
0.07260619 334.1157
0.07068616 355.8158
0.06425632 357.3054
0.05370498 344.4766
0.07682583 333.2205
0.062516 310.8035
0.08644431 307.5143
0.06495262 322.5333
0.06443525 320.2534
0.06042202 330.4502
0.1094315 329.2678
0.08522647 326.5359
0.08464012 327.2811
0.1064213 321.1778
0.08998613 328.3846
0.08441367 351.6781
0.09593394 369.3703
0.08035026 366.6804
0.07151902 366.1869
0.08858852 367.1578
0.07763626 339.4554
0.06485793 359.303
0.05792582 368.9753
0.05742461 372.3621
0.08742758 330.5682
0.1054604 336.0825
0.1019947 345.3804
0.1040426 387.0487
0.1015023 394.0021
0.06350125 368.9953
0.09071551 366.1353
0.1134024 378.0576
0.1549114 398.1613
0.1307566 435.1104
0.1082428 428.7771
0.1101207 430.5554
0.07577559 411.3247
0.1062663 378.2866
0.1342772 409.3891
0.1501936 418.919
0.1093592 418.7007
0.1088903 406.7747
0.08998966 393.79
0.0656549 373.1072
0.1024061 358.0849
0.101057 344.9785
0.1050339 333.1449
0.07876829 325.0249
0.0873658 336.1896
0.07910118 320.3899
0.1232381 320.326
0.152961 329.6839
0.144128 332.7862
0.1592864 339.8757
0.1224349 327.4687
0.125488 323.7571
0.09935839 306.5995
0.08665921 281.4588
0.07050623 269.2379
0.0533912 262.0554
0.02928768 279.3497
0.03597893 274.1509
0.06173628 259.9653
0.07596117 284.8554
0.0957983 270.0782
0.07307412 268.8026
0.09295923 274.1174
0.07691176 275.1597
0.1163431 290.0421
0.08856708 293.6048
0.1103529 301.6386
0.1173807 311.7476
0.1164444 295.802
0.08770996 307.457
0.07741704 302.7572
0.07687437 295.5595
0.104311 297.2372
0.1308137 296.5287
0.1602191 296.5948
0.1598422 279.6513
0.1534548 268.4949
0.1578769 273.8335
0.165119 272.6845
0.166038 274.2308
0.1112503 245.5935
0.1283442 266.0601
0.1538377 285.7422
0.1837197 285.7608
0.1974843 253.7135
0.2419715 270.8637
0.20853 268.3893
0.2749562 271.4435
0.280608 277.4234
0.2768179 280.3059
0.2494814 302.7036
0.2458941 289.5225
0.2758005 297.8873
0.2417315 292.021
0.1960427 278.6527
0.1847539 286.0994
0.1207512 263.1641
0.1049149 257.4605
0.03544675 253.9698
0.04078382 277.1624
0.034219 250.7769
0.007615246 261.8297
0.009739539 245.0339
0.0107104 255.4991
0.006344981 266.1546
0.005589616 283.0609
0.00845931 283.8702
0.009449944 271.8351
0.01563034 287.9463
0.0104308 288.6153
0.01058303 272.7511
0.01609265 260.5324
0.01780425 264.7329
0.03715344 281.7548
0.02954939 281.5735
0.0557191 292.9493
0.06874023 287.962
0.07069031 270.5742
0.09586932 280.1761
0.1048113 291.5551
0.1371827 282.6339
0.1041688 287.8003
0.1371673 291.1355
0.1361328 259.8515
0.1574542 254.8789
0.1315577 250.8564
0.1231608 256.4663
0.1331064 259.1099
0.1121795 251.8902
0.1181747 264.3221
0.1104143 277.9332
0.1026693 279.2647
0.1126123 289.633
0.09855905 300.409
0.08632012 287.0841
0.05842934 271.4345
0.08370886 301.0973
0.08061508 291.1427
0.09573524 283.2437
0.08530244 291.1711
0.09416647 309.4324
0.08808011 291.2188
0.07382687 256.4205
0.06910481 247.6072
0.09656152 260.0824
0.1033014 265.0358
0.08115371 249.3265
0.1279361 234.4971
0.0991922 233.8409
0.108119 241.9929
0.1015824 232.8972
0.08356526 245.2365
0.06473406 246.17
0.06338305 225.1083
0.07285842 223.2032
0.06413419 246.1931
0.07516781 242.9891
0.07497055 231.4067
0.06272527 213.6803
0.1036818 207.828
0.09228156 195.2286
0.09182343 187.696
0.09843618 179.8082
0.124585 177.1179
0.1011923 179.943
0.103789 184.9926
0.09407579 188.7676
0.1441583 174.7401
0.1141576 186.466
0.1475666 186.9576
0.1448234 191.6434
0.1476814 199.2697
0.1095144 199.2506
0.08007868 198.6999
0.08406092 196.3031
0.06726315 205.5655
0.05611125 197.1473
0.03499703 208.3447
0.04417188 201.9587
0.07481229 205.2932
0.08299484 189.6318
0.08375926 195.1096
0.0761928 204.1701
0.1039367 216.1645
0.1271535 217.4857
0.148296 211.3745
0.1372687 192.627
0.1286681 183.1204
0.1485122 192.1756
0.1395146 186.395
0.1465808 190.4243
0.1352413 196.2874
0.1180549 186.6767
0.09238498 187.6109
0.09006861 195.1009
0.111037 202.832
0.08935837 215.6796
0.0432807 216.8034
0.02316497 200.614
0.01485391 204.8673
0.01524069 185.8464
0.01893554 177.3416
0.02978588 176.4965
0.0276986 179.1162
0.05257675 167.6921
0.06250767 172.8815
0.04146208 167.8277
0.04806217 165.5466
0.08405738 166.888
0.1142333 153.8855
0.1045753 164.9325
0.0737739 163.1841
0.07075562 166.5159
0.07383114 171.7346
0.07138742 167.258
0.07281974 167.2942
0.07009484 182.1139
0.08274585 167.225
0.0637621 175.0081
0.07719062 193.8159
0.1325569 216.6173
0.182267 217.1311
0.1623074 210.7196
0.1799552 209.7564
0.1574848 207.6148
0.1823243 216.8903
0.1201848 215.4164
0.08206304 220.1562
0.08369325 230.3138
0.03762345 231.3421
0.04068295 219.2034
0.0751761 214.2108
0.08791092 204.926
0.1098378 221.5702
0.1141606 221.4503
0.1132277 216.9766
0.119866 199.925
0.09566273 198.5696
0.102642 197.1404
0.08901695 191.733
0.1033218 196.2365
0.0966377 195.3857
0.09210156 191.4026
0.09040736 201.8665
0.08183115 201.6829
0.06482366 191.8599
0.06327689 201.0809
0.08644612 191.1816
0.1045953 182.112
0.09110175 190.9862
0.1043086 194.3474
0.104634 195.4828
0.09181143 204.9511
0.09746178 204.6065
0.09311576 208.865
0.1049577 206.8178
0.1015811 212.1646
0.09576571 204.9359
0.09112008 197.7537
0.09421404 215.0461
0.07066048 223.9221
0.0526055 240.1431
0.04320718 243.6673
0.04972848 240.3779
0.04680812 240.3526
0.08342064 258.5779
0.1000824 240.9492
0.09167177 247.5483
0.07051082 250.4574
0.09700756 240.6379
0.06994507 252.9038
0.1132293 256.3906
0.1299165 255.8861
0.1161809 255.3241
0.1625619 233.5227
0.1634304 251.142
0.1603876 250.312
0.1587261 245.4984
0.1434694 253.6917
0.1550683 262.2656
0.1452837 255.0137
0.1126209 254.0351
0.1023074 273.5453
0.1135412 291.101
0.108951 308.5872
0.129168 326.9255
0.1128729 335.7834
0.1426817 349.2537
0.1591996 325.2909
0.1107191 318.759
0.1246232 342.0606
0.1167644 341.6564
0.09624927 319.8269
0.1172135 296.0017
0.09665753 276.2075
0.1040004 261.279
0.08127826 256.4895
0.07609941 248.5672
0.06298287 242.1062
0.06680164 227.331
0.05711699 225.5185
0.06873731 231.5775
0.0809849 234.4814
0.07361117 238.542
0.05041057 255.3253
0.0487982 266.908
0.03604539 273.3952
0.02702597 267.3863
0.04208054 247.6177
0.04902494 251.5291
0.03806949 249.4728
0.04378979 244.7518
0.04394311 243.2314
0.0394066 245.8223
0.05484326 242.0607
0.04237289 252.3801
0.05585103 255.9178
0.0716122 268.6432
0.07414612 259.9337
0.08884515 269.8936
0.1083069 249.0915
0.07585545 248.0638
0.05280656 249.3254
0.04117649 259.43
0.03936386 254.6922
0.06515618 253.4776
0.07750986 258.5728
0.08574691 274.2026
0.09537187 286.9791
0.1067327 278.285
0.1190637 282.4337
0.129568 302.4958
0.1197724 317.3104
0.1062314 315.0642
0.08663912 334.0685
0.0615029 314.7449
0.1137726 321.0557
0.1042427 380.0401
0.1251676 391.0984
0.09785604 377.9831
0.08184904 369.9387
0.08408725 361.0673
0.08449761 356.3941
0.06004463 346.8562
0.06876021 318.5392
0.06690838 319.4168
0.06067743 306.1264
0.04306908 302.7473
0.04677552 271.8497
0.05495187 270.2924
0.05146513 260.7239
0.02071612 249.2837
0.03498317 253.8737
0.04414249 249.3779
0.06589716 264.4852
0.0590587 273.9973
0.06596677 290.2714
0.06671324 299.2889
0.05235277 291.2389
0.04720666 291.8383
0.04582208 287.4018
0.02709671 292.6419
0.03019417 304.9802
0.02970142 323.7033
0.03886132 319.104
0.05754026 305.4377
0.06429262 330.8951
0.06574269 322.4421
0.07972612 348.0077
0.05348761 333.6145
0.06644136 316.3781
0.05622038 331.6906
0.08076166 337.6499
0.06489045 322.4169
0.07449026 327.6245
0.08273841 318.0206
0.07771252 311.6018
0.07979103 334.9525
0.08555648 316.9321
0.0789489 304.8019
0.06986712 308.8368
0.1089768 277.7092
0.1148498 260.1535
0.1231199 246.2672
0.1471955 237.9896
0.1247883 241.2144
0.1234861 249.5023
0.05990109 262.4825
0.08063558 253.6721
0.0667689 261.623
0.06027665 266.2838
0.08838677 260.2794
0.1099294 262.0588
0.1750442 278.2483
0.1416517 269.1055
0.1148144 270.1053
0.1186224 278.0205
0.1366309 285.0935
0.09122756 289.4744
0.109627 282.1456
0.09953517 310.2463
0.09609153 343.8606
0.09393551 363.0929
0.1375606 380.7888
0.1289568 387.4933
0.1024097 353.3384
0.1174996 363.2898
0.1182995 396.2132
0.1021448 410.1935
0.08653467 433.0037
0.1033251 397.5732
0.06969675 396.4488
0.08601861 470.4337
0.07586759 520.0446
0.07628425 516.3202
0.1169007 495.924
0.1274653 515.0299
0.1179635 489.9031
0.1204487 535.8428
0.1054899 584.2767
0.08639386 585.6504
0.07603055 602.4148
0.03578726 600.2686
0.03711901 583.9164
0.0367641 604.4196
0.05885027 611.7884
0.06405521 656.3884
0.06279393 640.6648
0.0575234 566.8097
0.07422414 545.6151
0.08275755 572.4867
0.09240094 606.0822
0.0961246 562.2692
0.09108459 591.3911
0.0755962 624.8031
0.05591507 601.2054
0.05857509 592.7227
0.07559232 575.9892
0.07207633 616.0947
0.06663988 646.6047
0.05907393 632.5228
0.06726875 625.3307
0.07305386 612.3756
0.05394232 624.159
0.05340588 623.8549
0.03652269 637.9195
0.039727 678.7973
0.06794483 634.2964
0.04532896 602.5185
0.06000198 582.198
0.06182956 569.5231
0.04358495 560.9375
0.01825969 572.0073
0.006420879 569.7477
0.007415731 577.0747
0.003354436 610.919
0.01626324 646.3957
0.02297954 606.8808
0.03453988 578.5502
0.03749845 586.9244
0.04450212 601.4845
0.05469042 625.144
0.03991904 654.7774
0.06510338 640.5674
0.04761943 674.7577
0.04112932 631.6153
0.0314312 668.6369
0.02324363 646.679
0.03130038 711.687
0.03974188 651.5838
0.04224971 733.8936
0.03115994 764.9979
0.0623596 813.3073
0.05099571 816.0353
0.05864142 757.5813
0.0333242 751.5005
0.03363163 715.0525
0.02871237 679.8434
0.05153458 630.5896
0.05846118 644.02
0.04002846 657.152
0.03718042 668.5704
0.04347656 677.305
0.03642649 688.6132
0.04635738 679.5489
0.03855646 733.2306
0.04002913 744.9716
0.04747363 763.2194
0.06473792 752.1918
0.05652913 834.6271
0.05121885 800.0819
0.03967312 826.7889
0.03343997 816.069
0.03312257 803.398
0.06097147 772.7181
0.04813524 747.8673
0.07490997 756.7255
0.08588279 767.1652
0.08234127 832.4781
0.07202517 871.4046
0.05474618 815.6557
0.03653401 820.4031
0.05116009 821.6766
0.03158095 894.491
0.02400193 863.0639
0.01492777 796.0949
0.0152679 793.7534
0.03545163 726.5235
0.0442395 702.8719
0.0619579 714.1645
0.0536222 673.6017
0.0379336 682.1675
0.02096151 677.5771
0.0277534 712.9496
0.03697565 704.9658
0.03897094 758.9008
0.05499466 780.3611
0.05718613 709.6663
0.04423351 695.2218
0.03743143 673.6547
0.05036453 719.8981
0.06275979 802.3692
0.03724197 806.2837
0.02899209 774.8751
0.02658097 757.9571
0.02632415 747.6012
0.01383327 740.3652
0.0138008 750.4883
0.01202617 801.9931
0.01262309 754.4638
0.01545494 713.8185
0.03112569 716.9977
0.03390507 692.0729
0.02628074 677.3494
0.02896994 669.8238
0.01572054 674.8857
0.02237221 662.4005
0.02315123 638.6424
0.02446489 612.8347
0.03365561 617.2431
0.02620081 610.4627
0.03551217 629.594
0.01943461 620.4666
0.02861566 625.5224
0.03719093 664.1593
0.05324604 678.7967
0.04567425 664.6347
0.06057237 646.8847
0.0734324 657.5624
0.06924829 629.2105
0.09139311 580.6732
0.04679474 572.5222
0.06699505 566.0483
0.06557162 559.8554
0.06567617 549.8806
0.1038812 544.4317
0.1219627 514.082
0.1004719 497.1563
0.1008245 517.3811
0.08274414 542.0449
0.03482081 563.9723
0.05740483 570.4224
0.06852389 541.1668
0.08976271 504.8688
0.07160531 531.8484
0.07714506 557.6194
0.05261209 545.6791
0.05405864 528.8248
0.05759562 488.6055
0.05264204 504.9292
0.02550402 504.6455
0.04386848 526.3745
0.06927949 522.7674
0.05980287 544.3746
0.06378892 545.7622
0.03902116 506.4345
0.05045004 495.613
0.03762522 486.8844
0.0179818 457.0017
0.009774253 476.7586
0.02212224 448.7722
0.009769003 407.4065
0.01906743 386.4887
0.04211271 369.9471
0.04625314 391.7813
0.06597961 391.3553
0.04888786 384.34
0.0300239 397.9767
0.03966486 377.2679
0.04703036 359.8935
0.02757576 350.2164
0.01849299 345.6057
0.01253925 344.3365
0.02918276 344.022
0.04287478 350.5687
0.04519333 370.1564
0.06799708 374.0503
0.0397756 391.5617
0.06298707 391.5785
0.0248565 405.1057
0.04198805 389.9955
0.04254769 401.3964
0.05768767 421.1285
0.06229854 394.9908
0.08675953 384.2944
0.08503609 375.3167
0.05579893 381.8743
0.04536259 415.3807
0.03360676 415.6934
0.04592354 413.1214
0.06005851 437.007
0.08041655 437.5491
0.1173361 438.3701
0.1458705 422.4852
0.1248097 396.5767
0.09080059 392.243
0.06193519 390.2928
0.05712908 389.7428
0.04649759 361.8438
0.05374877 356.6216
0.07595317 359.7757
0.07285188 388.2926
0.07965388 370.761
0.08594933 350.7229
0.08365142 355.85
0.05697827 377.1562
0.0254375 365.3417
0.01924652 368.5108
0.02908629 371.868
0.05598614 371.2016
0.05695569 381.9505
0.08461006 365.9835
0.06879297 366.9862
0.08080557 350.4298
0.04943809 353.889
0.07914047 346.4992
0.06481945 353.7937
0.04978575 396.5539
0.06523829 398.23
0.05335472 392.0965
0.06439514 390.1374
0.09042316 360.7907
0.1059187 373.3018
0.1237475 384.5971
0.1174126 391.9045
0.1233046 352.0583
0.1241832 345.3641
0.1474889 323.3559
0.1441131 363.8539
0.15251 360.5817
0.1632865 369.0109
0.131758 355.4226
0.1186899 381.6474
0.1110803 376.5614
0.07270866 386.0369
0.0903153 401.6917
0.09728619 426.8136
0.07817722 418.4198
0.06300748 394.6662
0.05368776 367.4494
0.04945682 360.2899
0.0547617 338.1571
0.04123907 348.5939
0.04325058 349.8406
0.05181832 344.0554
0.0494172 332.1611
0.05824443 351.9141
0.05953121 346.15
0.05010245 322.4952
0.03332727 344.2885
0.02555935 342.526
0.04207598 319.0172
0.04979999 322.8665
0.04692972 310.8743
0.03698431 280.6582
0.04026571 292.6862
0.03557349 299.3319
0.04592813 311.9056
0.06737341 301.5978
0.09130016 290.758
0.07421859 297.8723
0.06013243 286.8303
0.100248 289.9104
0.08336741 306.02
0.07552603 308.6104
0.1033888 299.6516
0.1164394 329.2846
0.1004036 324.3252
0.09203957 303.4596
0.1262927 311.5934
0.165313 300.3645
0.1257128 313.5704
0.1457586 300.1122
0.1616777 307.1599
0.1466818 308.9089
0.1645232 309.7068
0.1679322 321.5265
0.1630479 324.733
0.1528105 358.3027
0.1218288 370.5668
0.08497071 348.9643
0.07197825 354.758
0.06290876 352.1117
0.03636989 348.6259
0.03490373 354.1785
0.02199431 347.6203
0.008724219 363.2901
0.007289699 359.1704
0.01026048 374.6121
0.01839504 352.3499
0.02824452 364.2722
0.01869314 382.7812
0.01058355 378.0488
0.0178384 377.4719
0.02532265 355.2426
0.02751377 370.3634
0.05544369 391.3213
0.06454988 381.3016
0.07445188 356.8605
0.05174917 397.8434
0.03771162 379.0426
0.01925506 395.7108
0.02688706 390.8715
0.03682739 375.125
0.05256813 357.7857
0.0547702 338.1172
0.05777978 352.9544
0.05659507 364.9472
0.06131478 368.4295
0.07680199 358.174
0.07672478 371.7043
0.07397633 398.2964
0.07170135 402.1056
0.03151504 401.823
0.04606362 389.6074
0.01434363 366.5123
0.02733607 347.9453
0.02072414 338.6886
0.01900948 368.9988
0.01995889 375.2048
0.02230352 353.9206
0.01044774 347.6209
0.00905512 346.3115
0.008827614 351.7456
0.01194387 363.4435
0.007619641 371.4644
0.003128173 375.8767
0.01286695 379.6349
0.008877019 383.7194
0.02744424 415.5621
0.04335591 404.6033
0.0472079 423.7426
0.0406117 416.4552
0.04910262 413.4787
0.07769231 424.4156
0.09805616 426.6513
0.147074 410.9665
0.1398567 417.0433
0.1448122 427.4518
0.1367139 419.5842
0.130095 422.9172
0.1195994 414.8006
0.1171625 380.3049
0.1452665 369.9464
0.1450068 346.139
0.148483 359.1579
0.1187185 360.4744
0.1478552 351.498
0.1886203 368.0784
0.1688987 367.3576
0.1066291 350.9407
0.1058185 357.9113
0.09285937 355.9223
0.09844466 375.34
0.05449533 385.0236
0.02596155 392.1266
0.03232366 383.513
0.06175921 364.1311
0.03306997 360.9264
0.02002717 341.101
0.01497804 373.7
0.009113118 381.3454
0.01687541 368.9565
0.01305992 387.4109
0.01714094 393.4489
0.02206204 394.4573
0.01859942 424.3472
0.01152231 403.1892
0.00635593 411.0902
0.02403973 397.9828
0.03503367 399.663
0.05560153 406.156
0.08031802 384.8068
0.0686136 377.3871
0.04917526 395.3447
0.04106548 429.976
0.03552624 449.2343
0.02560884 466.8804
0.02552792 432.9334
0.03485731 431.4121
0.02595433 415.077
0.01838963 425.8619
0.005681947 421.3489
0.02365889 476.148
0.02581137 452.4284
0.04175342 483.5633
0.03162697 467.0731
0.05744895 491.4141
0.06832587 504.1129
0.07595583 475.0919
0.05624917 452.7391
0.0927951 492.8715
0.1133008 525.2683
0.08370167 541.8578
0.08158849 581.3059
0.06270859 582.5903
0.04070498 577.4528
0.0407332 583.5069
0.05177422 576.2882
0.06755366 570.1578
0.02888424 545.4451
0.02643463 551.0208
0.03536735 528.1843
0.0302715 514.1223
0.02005113 490.5661
0.01474267 504.3733
0.02471358 497.0724
0.04214888 517.6528
0.04326084 489.8161
0.008613337 556.3234
0.01468482 543.2639
0.02638151 584.5033
0.0440545 612.5305
0.04329767 592.6802
0.04868995 564.9685
0.03264855 632.0527
0.05311988 640.2473
0.07552013 627.689
0.06705372 576.6149
0.05479623 608.9818
0.03859615 619.225
0.02868922 678.8722
0.0272849 705.0678
0.03031368 761.5454
0.03342829 797.026
0.03001063 794.6652
0.03926929 776.1299
0.056718 769.21
0.04468119 820.2575
0.02063596 816.1897
0.02744353 759.3923
0.03452336 761.5253
0.05559925 728.3102
0.06317359 708.243
0.05333742 699.0318
0.05687631 662.92
0.05040182 717.4257
0.05747608 685.3966
0.05367155 674.1188
0.03734305 685.1707
0.02587008 698.1944
0.03122956 702.6666
0.02671473 683.1403
0.03747848 690.0237
0.06132909 678.1093
0.07121771 618.8839
0.04831238 646.4199
0.03972193 669.2988
0.02692687 685.393
0.03649542 704.8671
0.02338808 702.7132
0.03491304 708.1481
0.02169072 721.3187
0.03747745 701.8153
0.03249679 744.6449
0.02762994 710.0879
0.041342 685.6149
0.03717697 710.0108
0.03644578 694.5523
0.06420265 691.0561
0.04689927 698.3489
0.05737014 699.4376
0.06066375 657.6303
0.06333299 650.1385
0.01148388 687.2004
0.01428934 688.5823
0.02672236 683.3552
0.04824472 657.2679
0.0644411 637.3701
0.05065076 599.4992
0.05762293 564.8796
0.06905118 553.6504
0.07207521 561.8524
0.08696128 561.9175
0.06547528 514.1611
0.05623982 488.7663
0.04846227 494.929
0.05902304 467.1152
0.05390352 501.511
0.04641945 484.1948
0.05709347 497.3923
0.05194718 487.6908
0.02922326 485.4514
0.01515859 496.3374
0.007167581 520.7342
0.003867868 519.9851
0.01067667 476.6792
0.01749558 461.3846
0.005656144 448.139
0.01598174 437.0383
0.01044271 435.1497
0.01559599 420.7091
0.03910216 429.4453
0.02070625 423.711
0.04110448 428.7966
0.05441775 440.4238
0.0534591 426.8755
0.03685376 443.113
0.04423667 461.7541
0.05125454 488.9814
0.04367726 476.2476
0.03309734 503.5058
0.002771044 509.5955
0.007738919 555.7156
0.01977739 567.9942
0.007454749 567.9144
0.007416454 578.7883
0.01226421 640.1987
0.005897225 615.9697
0.01151296 614.687
0.01150236 622.8425
0.01417041 617.4489
0.01660457 611.5431
0.02322139 630.6477
0.03482664 591.7426
0.02656679 639.4931
0.02294894 655.8505
0.01918983 680.2623
0.02261126 650.826
0.02934935 647.2031
0.03728697 612.1465
0.03949147 612.7937
0.03420574 601.2877
0.02699086 602.678
0.02521133 634.7627
0.01642857 633.1815
0.03076359 650.1091
0.03383301 649.1196
0.03808774 630.9382
0.02403837 628.8346
0.01931952 680.007
0.04014468 680.8503
0.03848397 672.9114
0.01439183 718.9244
0.02423922 783.384
0.01845297 817.5571
0.01288616 788.1984
0.02299258 804.6613
0.01715927 873.6103
0.01638628 875.7242
0.02297152 883.3434
0.01724169 879.2591
0.009521673 890.5391
0.01358701 885.7813
0.02062138 856.0899
0.04015605 855.0875
0.0530027 892.4683
0.04695998 876.6914
0.02116527 815.3542
0.03744556 810.7019
0.04930011 790.6667
0.02990479 773.0861
0.01759067 772.9362
0.00394626 768.2741
0.003650942 734.2927
0.005690026 725.0331
0.00657463 739.2703
0.01018784 750.7275
0.01257022 740.95
0.01675245 762.5508
0.01389901 760.6222
0.03272561 770.0776
0.0126511 781.5492
0.01526879 776.4607
0.02207071 733.5735
0.01697587 749.0751
0.01498912 788.9839
0.01843001 824.7696
0.01794172 803.8278
0.03655421 923.4587
0.0364856 838.5043
0.01541904 838.0005
0.02233365 870.0131
0.02360447 859.3085
0.03891012 863.3301
0.04736105 815.9638
0.05477899 808.654
0.07040841 844.5583
0.072347 906.597
0.06308055 865.9651
0.08336443 867.8113
0.0809967 836.3383
0.04636985 790.0815
0.02160278 847.3293
0.06467737 840.404
0.03003544 847.1935
0.01833862 831.8633
0.0100164 803.2422
0.004685494 866.5157
0.00455978 860.876
0.01548685 889.879
0.04236911 889.727
0.04628472 979.9455
0.02154539 944.6561
0.02091262 1089.88
0.02081931 1028.008
0.01636653 1129.258
0.007070068 1086.624
0.01033243 1106.885
0.01628988 1105.713
0.02053022 1096.271
0.02640291 1053.467
0.02094409 1052.929
0.0330299 1088.341
0.03771878 1054.58
0.02839786 1099.06
0.0164777 1135.458
0.01861047 1139.478
0.01318542 1182.081
0.00545869 1182.235
0.009270534 1154.312
0.004322101 1095.569
0.006330193 1055.702
0.01066692 1099.694
0.03218277 1018.403
0.03837073 978.5649
0.02599668 990.3426
0.04570209 937.2223
0.03088097 1071.036
0.05799754 1112.798
0.05570119 1149.05
0.07014751 1195.389
0.05332243 1202.305
0.05407141 1085.732
0.03609535 1140.631
0.0354269 1220.913
0.03919247 1215.9
0.03316749 1127.698
0.0240605 1118.949
0.005344118 1104.281
0.00633419 1031.415
0.007277308 1014.811
0.0208713 1155.52
0.01841616 1285.36
0.02183546 1215.626
0.02689165 1157.306
0.0406247 1130.014
0.02034581 1119.491
0.02550188 1105.856
0.02923702 1099.805
0.0151191 1071.246
0.02272678 1067.724
0.04962164 1013.018
0.03589286 1029.65
0.03454552 1013.844
0.01794324 1014.166
0.02347572 1094.763
0.02363504 1154.43
0.02922429 1210.96
0.04419964 1174.961
0.05406303 1143.929
0.06805043 1165.695
0.03138034 1097.869
0.03237132 1125.353
0.01420934 1079.046
0.0179827 1083.351
0.01490626 1058.763
0.0126634 1121.852
0.021595 967.2516
0.02955549 1018.362
0.01490456 1038.859
0.02195098 1082.896
0.02998984 996.2845
0.0235102 1001.996
0.03382146 948.264
0.03533323 998.12
0.03315437 958.9855
0.0483647 867.9374
0.03283343 912.7187
0.03403834 851.1076
0.0407436 876.3353
0.05212123 884.4554
0.07166508 846.7524
0.06084602 885.0286
0.08406201 916.0498
0.08216709 916.4257
0.06883677 932.2881
0.05675294 915.0001
0.04839972 944.6607
0.07215848 986.7866
0.07733977 954.6995
0.0704729 976.6362
0.06161423 972.5263
0.07739627 931.1569
0.1120625 937.7713
0.07459109 929.5994
0.06783027 964.5133
0.0642712 904.8684
0.06302932 888.1159
0.05042472 874.9549
0.08783813 848.8254
0.04671109 914.4611
0.04584225 1016.04
0.05119874 970.6828
0.05337052 930.3514
0.02889504 977.5217
0.02728608 1045.046
0.01102604 994.6765
0.01805846 990.7571
0.01781256 938.3585
0.01652927 850.0569
0.02280218 801.4337
0.02858568 823.3151
0.02578857 806.8151
0.02759024 811.4827
0.02208195 779.7923
0.02727909 863.8318
0.03752442 838.1209
0.01326744 830.3076
0.02119759 838.0164
0.02894693 848.6937
0.03616291 776.1334
0.02240087 792.3026
0.02363442 746.9539
0.02431599 812.5671
0.02255204 844.3624
0.02358293 859.1338
0.01404726 826.3344
0.01365808 859.8076
0.02077506 868.7913
0.01274151 889.8294
0.03708 870.599
0.03306839 887.348
0.01749966 881.2567
0.02340249 936.001
0.02651278 934.251
0.03643383 957.7834
0.02280246 904.7352
0.0246224 910.9583
0.04855569 891.9482
0.06885836 824.0881
0.06203434 836.5144
0.02343904 839.6795
0.01965885 850.9775
0.01897217 858.5801
0.02423285 835.0738
0.02901812 843.228
0.02910841 823.5687
0.04170857 841.3629
0.05346808 783.9611
0.03980024 780.4337
0.03929449 768.4118
0.02860252 815.7876
0.02781658 816.8919
0.03461542 765.8713
0.03933422 776.5162
0.04837771 792.1869
0.08452268 765.3958
0.04908235 776.2873
0.05794657 758.7846
0.04406005 762.6087
0.04091278 777.3249
0.04567768 762.8353
0.04023557 756.3873
0.03193114 731.2861
0.03165033 722.3738
0.01637059 689.5466
0.01054367 707.9351
0.01814537 672.0065
0.02391328 696.1625
0.009628645 685.6242
0.007808717 710.5898
0.02449474 711.4463
0.01196992 663.2344
0.009176211 658.6377
0.01011065 654.4106
0.01524019 624.5155
0.02165067 631.2216
0.02433043 604.8219
0.01762216 627.3616
0.02546229 602.4054
0.05841742 599.2005
0.05692864 610.4226
0.06661382 621.0598
0.08471316 632.0185
0.08340171 604.8558
0.08675295 598.6742
0.07296218 560.5914
0.08831814 522.3659
0.107759 484.0023
0.1089252 471.3944
0.08223961 462.5801
0.0846564 436.8014
0.0592961 402.7965
0.09182154 386.9533
0.08326545 372.6882
0.09476158 400.7949
0.07967619 391.7917
0.09417603 380.0057
0.09922454 364.2214
0.09058116 354.3429
0.06442934 347.9089
0.04975401 335.9549
0.04710314 352.3173
0.04787745 336.1478
0.06991211 343.1194
0.04499331 355.0381
0.07344498 363.2508
0.06880216 376.3122
0.03831136 392.5719
0.02783119 420.252
0.02716881 414.5283
0.0149994 420.3102
0.04129269 422.0129
0.03573825 416.2556
0.04210517 411.8891
0.03180579 384.5486
0.03375128 400.5192
0.04402304 396.6302
0.06273001 384.4395
0.07196009 331.4089
0.07562558 337.2373
0.06314174 332.9561
0.0396448 352.7213
0.06328494 367.5509
0.05821882 358.3666
0.102032 375.6704
0.06435862 382.6633
0.07455945 377.0763
0.07155318 345.3164
0.0805858 359.6958
0.04490959 336.4515
0.07150872 334.2939
0.09000727 330.6357
0.1015692 301.089
0.08878382 310.2635
0.1298975 300.311
0.1196809 318.2392
0.1388128 313.1893
0.1222434 321.3562
0.108493 324.5897
0.1447657 348.2661
0.120359 347.5312
0.1394326 332.4402
0.15375 339.7216
0.1684263 331.767
0.1687758 326.4005
0.1422244 307.5086
0.1180619 342.6939
0.1455199 358.2966
0.1533005 358.2668
0.1511997 371.086
0.1633763 390.1384
0.144172 388.2673
0.1098395 384.9331
0.1371422 407.2513
0.1044203 413.2085
0.06386789 416.4257
0.09460888 403.2665
0.08783627 411.8297
0.1060173 411.4716
0.1126676 423.6192
0.1103981 425.6214
0.1266867 413.8405
0.1041936 422.2884
0.1031395 443.6582
0.07806401 395.6017
0.08907476 406.0251
0.09429233 412.1485
0.09600802 444.2696
0.1027211 445.3209
0.08133176 426.0934
0.06021175 439.0098
0.05937747 431.3202
0.08954969 453.5683
0.1167679 440.9652
0.1041072 487.7386
0.1005576 546.9496
0.09274677 489.6045
0.1018448 477.5255
0.1263292 493.6106
0.09995949 470.0278
0.087178 477.0294
0.07685784 491.6481
0.09899321 532.5488
0.1044913 548.4595
0.1059596 547.5138
0.07705448 539.4303
0.08760977 546.1888
0.1174822 515.3661
0.1382369 536.9754
0.1497875 484.2027
0.1653816 461.9258
0.09348217 413.364
0.1063298 379.0657
0.07577069 355.2875
0.09459939 333.8883
0.08855916 329.7714
0.1326847 336.454
0.1302797 338.5091
0.1118312 315.3776
0.09766576 294.3718
0.0631488 317.0848
0.08956409 315.1355
0.08400443 324.0845
0.1133227 314.275
0.09470384 323.8553
0.09864831 320.1595
0.07250745 320.9353
0.06330036 319.6193
0.08598287 313.4604
0.0663306 340.7327
0.0812819 351.5135
0.08302386 359.543
0.08031669 380.0157
0.0919137 440.4936
0.1230756 437.2004
0.09026903 424.8129
0.1191481 401.9029
0.1154444 428.461
0.0957458 435.1459
0.06910728 458.5291
0.0620283 480.3016
0.07093454 489.5441
0.06880361 474.269
0.06080359 492.6032
0.06371874 480.9858
0.04857259 413.9738
0.02598523 428.7167
0.0194181 418.0892
0.01165332 437.009
0.02125342 418.6093
0.009923758 424.9118
0.009470103 438.2686
0.009500597 434.7238
0.01286026 435.683
0.009201892 442.1317
0.007664901 443.9534
0.01234512 445.745
0.01994496 459.8389
0.007692531 465.3026
0.001497186 419.1174
0.01523219 443.5278
0.02832108 424.1123
0.02015772 423.0738
0.01041357 503.118
0.006479206 504.0337
0.01371848 524.7052
0.01023343 497.585
0.01200565 523.0524
0.02263969 536.5989
0.01947543 554.3106
0.03641669 578.3414
0.06976486 606.5011
0.04930986 600.1356
0.03271186 613.9821
0.04301401 619.3002
0.03499251 612.7708
0.06112001 581.1148
0.04651096 582.9025
0.03329168 607.2186
0.01910116 571.2438
0.02865893 559.2351
0.03027163 558.573
0.03956982 555.8978
0.04002422 565.6301
0.02552472 536.2651
0.02460059 550.9706
0.0346975 570.7817
0.02772856 607.0197
0.03243968 608.2116
0.06788063 602.3469
0.07632547 650.9428
0.05690631 653.0218
0.077389 614.6218
0.04520377 599.9468
0.0551356 575.237
0.04193435 571.9092
0.028274 619.4527
0.04272086 644.3258
0.04210906 716.86
0.03691132 702.7055
0.0405263 717.2907
0.04298413 728.2002
0.04549246 729.5899
0.03998546 738.6888
0.03296563 718.3606
0.01904908 704.7967
0.04047759 685.421
0.04941465 681.0519
0.06704315 724.8262
0.08599605 738.8185
0.04840208 700.3232
0.0645601 691.7485
0.04326592 659.4636
0.05552722 567.9745
0.0611667 518.7168
0.08859767 509.5798
0.1021215 523.6681
0.08020801 496.095
0.0763057 499.8396
0.09394852 519.0874
0.05640245 499.393
0.04642361 466.8984
0.0561617 489.5793
0.07770403 482.3419
0.08953361 457.3143
0.08943079 453.2582
0.09269981 469.6997
0.1067911 442.8127
0.09903311 449.9675
0.1110782 408.0707
0.1064261 380.2079
0.1145633 352.7163
0.1232987 345.4512
0.1286037 336.7024
0.1242832 332.6719
0.1047015 312.525
0.1150723 335.5308
0.1448104 336.2123
0.1243741 346.2514
0.1517393 321.3468
0.1395263 339.4164
0.1272602 359.5807
0.116851 354.3707
0.08049428 351.4281
0.07059381 357.4817
0.0724178 365.8773
0.09024076 385.1513
0.08834047 382.5888
0.0641464 395.6843
0.06700191 421.0513
0.06520262 433.7308
0.06881463 424.8916
0.07720887 427.068
0.1083634 431.2963
0.08520156 443.5304
0.09295347 449.1541
0.08131362 465.5548
0.07677229 443.1205
0.07117269 439.3588
0.09243946 457.7611
0.08161896 454.3897
0.06683311 466.7689
0.1007301 502.6157
0.0711367 494.0154
0.06264572 488.4331
0.06696873 501.1004
0.07335233 480.2539
0.09869173 503.963
0.07130544 469.0677
0.05892052 443.2268
0.06077097 477.1425
0.06081011 489.0124
0.06940001 494.4517
0.07548223 477.6497
0.062035 466.3489
0.06267494 482.4903
0.05784827 508.1608
0.0454779 476.0873
0.0773823 504.2879
0.07481438 504.48
0.07121035 462.2981
0.06862305 430.9449
0.05035123 406.2053
0.06150709 451.2918
0.04390763 435.5376
0.03393093 500.268
0.06625391 519.2794
0.05557942 519.7831
0.09186577 564.4801
0.09531578 538.11
0.09837433 592.2559
0.07700488 566.2991
0.0615715 547.5177
0.05142697 573.6985
0.0449866 582.6512
0.06727205 584.9969
0.04217066 601.2025
0.07151248 628.234
0.08482503 631.2837
0.08552069 635.2266
0.06379855 631.1814
0.08554814 598.4931
0.07091028 623.6264
0.05734899 630.0996
0.05401663 634.9152
0.05617775 649.49
0.05037411 675.7616
0.03522337 728.4093
0.02406686 719.1103
0.02093262 705.3732
0.04235124 716.0202
0.05500909 675.2109
0.0626676 675.0606
0.05452432 677.1015
0.05723387 676.1215
0.06407966 707.1613
0.05820471 775.8338
0.04944076 821.184
0.02855613 849.0336
0.04411956 953.5752
0.04551577 959.8081
0.06698531 944.2198
0.06017656 946.8044
0.04724556 1040.458
0.03256925 1015.008
0.0358968 974.3454
0.06021334 998.8328
0.0584663 1041.69
0.05975482 1039.015
0.0403573 1032.891
0.0423146 934.1269
0.03293873 920.4543
0.02490497 1054.43
0.01219683 1054.261
0.007498209 1051.262
0.00932862 1041.903
0.01128148 1082.91
0.008151661 1139.406
0.01870605 1125.326
0.05060896 1159.753
0.04163509 1130.864
0.04355838 1179.91
0.04956324 1186.323
0.0415857 1088.806
0.05178205 1058.411
0.06825886 1128.557
0.06279385 1082.994
0.04962519 1154.228
0.04355077 1248.268
0.0524543 1341.471
0.06759734 1326.024
0.07600746 1273.976
0.05409914 1207.501
0.05989057 1278.169
0.02968502 1325.315
0.0320705 1239.623
0.01707897 1226.436
0.006835499 1189.873
0.007053647 1158.7
0.01329533 1110.572
0.007993216 1172.302
0.009509722 1203.898
0.004308899 1143.76
0.01106362 1212.502
0.003526698 1177.324
0.001020795 1182.043
0.00646114 1047.217
0.007409642 1077.038
0.01810569 1017.799
0.007352309 1031.205
0.006356756 1092.174
0.009209101 1076.796
0.01275361 1158.515
0.008984312 1146.664
0.02802828 1157.226
0.02180898 1201.957
0.009364461 1329.306
0.0101084 1323.971
0.01485603 1345.441
0.012709 1345.017
0.02309325 1286.442
0.007584895 1197.128
0.005292895 1223.985
0.002874264 1110.711
0.01503549 1097.441
0.009543826 1100.079
0.008029147 1047.56
0.01153962 983.3067
0.005522444 1042.034
0.004808598 1054.005
0.01604354 1107.541
0.00603847 1050.225
0.003268752 1119.941
0.01640131 1177.168
0.03086508 1123.58
0.0393686 1085.477
0.04519584 1078.728
0.0319438 1129.243
0.02573761 1095.442
0.0372869 1013.289
0.06348864 956.6308
0.05225083 952.7282
0.03239668 1016.123
0.02431786 992.663
0.01438743 959.773
0.01676424 973.6812
0.005275827 1003.654
0.01294578 996.4579
0.01436068 935.8235
0.02001898 919.7928
0.02042615 900.8494
0.03173763 922.1653
0.02283042 962.2262
0.0177881 983.2758
0.04819115 1045.296
0.03871358 1027.122
0.05307598 1083.767
0.04750996 1046.574
0.04073612 981.3924
0.01560648 960.7271
0.03443445 976.3032
0.05720672 969.894
0.03888197 1028.714
0.03981679 1065.095
0.04434434 1089.841
0.07045834 1066.463
0.04798588 1042.45
0.03890068 1073.861
0.04646241 986.5058
0.05144832 928.6936
0.03153936 1000.003
0.05082002 931.445
0.03039797 979.9432
0.03613554 914.514
0.0121708 972.6513
0.02510525 924.552
0.02452708 919.1478
0.04154451 909.3195
0.037406 872.7266
0.03439509 922.3289
0.04445082 917.4422
0.0564678 923.933
0.05050986 971.6367
0.04356781 976.9909
0.02792309 910.4049
0.03130374 869.2018
0.0178342 836.8903
0.03322957 821.0013
0.03764665 820.3725
0.02468324 803.9745
0.03716447 757.7886
0.04103752 766.0294
0.04893435 756.224
0.05434266 733.5558
0.04653618 737.9673
0.05960882 691.7025
0.03883929 687.2487
0.04926363 669.0032
0.0449877 742.8405
0.04589666 807.2973
0.04032076 876.004
0.07457072 825.4191
0.05830341 805.6284
0.03819572 802.0587
0.04332837 828.2448
0.03242595 772.4624
0.01757998 772.5912
0.02530218 853.2425
0.02807138 860.2406
0.0262452 838.2296
0.04187925 848.7754
0.04260704 771.9263
0.0364064 757.147
0.02550009 766.5837
0.04599368 748.5571
0.06050373 790.8962
0.0392412 764.6013
0.08858737 727.2304
0.07595104 728.7886
0.08096887 738.8734
0.05128674 647.4126
0.03979015 651.427
0.03435435 659.7448
0.02309821 616.7066
0.02854802 579.1518
0.05329733 526.484
0.04394969 518.7701
0.04650003 491.6892
0.04074032 520.4738
0.01438187 513.5652
0.01750051 543.9824
0.03239977 555.1125
0.01891051 521.62
0.01726764 535.9804
0.01033591 555.4244
0.01328495 535.2341
0.01073092 511.0184
0.01036593 490.2395
0.01493479 471.6501
0.009912409 485.8991
0.007166191 532.3607
0.008055267 510.6551
0.005379037 500.723
0.007724959 539.8893
0.008756784 534.3899
0.01155515 543.2474
0.007930571 507.083
0.005761113 535.0339
0.0173023 531.0051
0.01381954 555.8716
0.003633473 539.1859
0.005732021 567.3918
0.0123272 518.7439
0.00292645 488.3636
0.004227345 538.066
0.001432687 526.6508
0.006774463 542.9533
0.003540733 598.2156
0.003644856 607.9947
0.00143193 580.2942
0.00664583 563.8392
0.02666225 536.3043
0.02857015 504.4231
0.03892793 482.302
0.04495982 468.7494
0.04724044 444.7219
0.03621848 414.149
0.06019993 399.0661
0.04995507 369.2499
0.06418016 403.2209
0.05880136 400.4357
0.05670809 450.0893
0.03685145 423.0572
0.02033582 414.5246
0.009224309 451.1717
0.01278386 469.5711
0.01248814 486.8916
0.0121996 513.5414
0.01857515 478.1608
0.01354425 508.5188
0.03194691 469.7448
0.03472707 443.2777
0.05136163 420.25
0.05466631 428.8
0.06494089 458.4706
0.07472783 453.2767
0.06529062 433.3889
0.0504275 452.995
0.06170937 484.1046
0.07784268 526.3407
0.07427798 510.9773
0.0649791 512.8692
0.05706155 486.9621
0.03828476 472.0517
0.0406425 476.4343
0.05918388 461.8407
0.06524232 497.3591
0.08933166 503.687
0.1085408 507.4414
0.1022708 504.0253
0.1142426 498.9326
0.0953445 508.7987
0.07891885 503.663
0.07870038 519.9649
0.05196922 528.6588
0.07940643 569.1021
0.08420668 609.5377
0.08815095 586.1013
0.1081007 590.3458
0.1052464 584.2552
0.1147313 579.5862
0.1065239 552.0256
0.1059365 567.6012
0.05231355 553.0831
0.06221466 578.1061
0.05847269 522.2232
0.04352061 542.1852
0.03183158 513.0222
0.04404696 502.9395
0.0436483 500.8753
0.04043031 534.9312
0.04415336 505.4525
0.04838128 521.3096
0.05088996 507.2107
0.0424582 548.9762
0.07023537 512.9351
0.05245655 538.051
0.04728339 528.7838
0.03654833 538.8421
0.05305052 550.8692
0.0339906 577.498
0.01042815 567.6778
0.01280198 603.3159
0.0256391 564.9794
0.02607565 622.995
0.02981127 628.7847
0.0293816 609.9434
0.03130847 595.5739
0.03968883 610.6199
0.03548087 630.5248
0.02722633 670.4898
0.03478677 660.3546
0.05705769 608.2134
0.07068939 620.8424
0.08037162 639.139
0.05222169 637.6921
0.05346689 643.8803
0.04691104 643.083
0.02991069 645.797
0.05331839 635.2256
0.05912939 607.6738
0.06748517 623.6962
0.06116862 631.865
0.02051176 616.4413
0.01251728 613.6723
0.01201722 576.2224
0.01999482 551.2144
0.01099417 578.86
0.01511185 572.8001
0.0221504 563.6638
0.03232369 583.9195
0.04650581 545.2816
0.05303214 523.8495
0.02268907 480.9215
0.03150738 444.0843
0.03072717 447.8923
0.05014602 429.1928
0.04377489 422.3068
0.03158431 415.9108
0.02860112 431.4779
0.04440864 434.7596
0.04362502 412.8716
0.06424079 392.8053
0.07481107 390.8301
0.06314987 388.6289
0.0624267 380.8382
0.05516218 369.2708
0.05473418 369.3567
0.03750767 337.2656
0.06068826 347.2599
0.04976429 318.7509
0.03652312 343.0037
0.04168018 329.6271
0.03837478 315.148
0.04684774 300.5097
0.0537624 305.8617
0.03838511 309.5375
0.03299657 297.6786
0.07723503 312.9629
0.05569659 308.3056
0.04716664 272.9628
0.04220855 281.5054
0.05357888 267.0428
0.05347716 278.1256
0.05932463 290.1357
0.05069644 288.0125
0.0483644 299.8499
0.03383817 303.6341
0.03956894 294.9563
0.04528097 335.8458
0.02846519 331.8546
0.02582105 314.0669
0.04618414 312.6361
0.02789201 324.3381
0.06300564 326.4748
0.05453816 331.4174
0.05331979 312.3489
0.0618476 287.0294
0.06955052 295.9406
0.04094595 281.7571
0.06584365 273.7625
0.06787671 278.359
0.04888092 269.7467
0.04967495 256.8866
0.06298036 240.4195
0.04810926 237.9722
0.05600673 238.0319
0.0606774 233.4826
0.02707259 235.6529
0.03045638 237.9775
0.02643818 237.0386
0.07059001 259.9673
0.08291234 255.6395
0.1169279 240.5143
0.1085293 244.4081
0.09398191 248.9188
0.09151008 242.7681
0.08053749 233.5159
0.06215027 235.1024
0.05419436 221.0744
0.08094382 214.0408
0.08190889 214.0002
0.08591251 215.556
0.07190413 227.9596
0.0854197 235.0313
0.0437449 225.3032
0.07872787 225.2537
0.06963873 246.4769
0.0819895 246.1361
0.05920335 242.8246
0.09906113 243.1077
0.09396728 254.9749
0.04127532 240.0945
0.04171862 249.6998
0.0478791 236.2163
0.07387485 228.7371
0.07129604 209.9374
0.08996807 214.4374
0.06923901 202.626
0.05824256 205.4787
0.06015703 182.9436
0.05809625 170.1778
0.05105811 163.2829
0.06017951 160.3877
0.05348936 169.2828
0.06848156 164.202
0.04535314 159.5464
0.05635847 168.3834
0.04709234 176.6615
0.06065994 163.1463
0.09817014 157.3907
0.1048439 154.6691
0.1121126 170.4704
0.09515852 189.087
0.09445388 191.8795
0.1286853 187.3319
0.159415 189.7478
0.1581585 190.6898
0.1395063 178.8037
0.1533548 189.0475
0.1609728 194.0984
0.188078 202.6377
0.1944515 202.3297
0.2108233 190.6175
0.1411511 177.7797
0.1230464 175.28
0.1699482 177.587
0.1806929 184.9859
0.1753173 192.2201
0.1824526 184.4865
0.2402568 175.5093
0.2396167 183.2459
0.1783632 189.0938
0.2193236 181.6617
0.2199197 194.4214
0.2159341 202.2473
0.2380708 200.149
0.1828051 194.3412
0.174159 195.5317
0.1485507 188.278
0.1364722 198.0253
0.1087563 185.7057
0.07458643 201.594
0.08959847 192.2511
0.08789724 200.2883
0.09305056 208.5227
0.03232707 223.6477
0.0246526 212.1453
0.01002217 221.0426
0.008309444 233.4187
0.02414914 239.8629
0.03813575 233.5796
0.03093109 245.9399
0.03694573 244.5598
0.03805783 245.1583
0.05670066 266.9374
0.06667371 272.8731
0.09936371 296.5784
0.09472133 291.9286
0.1162665 276.8129
0.1082701 261.2527
0.1400961 266.7589
0.09295937 275.6023
0.09943529 313.7125
0.07024257 316.0934
0.06338761 319.3168
0.04648695 316.4785
0.03830096 318.5268
0.04714229 310.8689
0.01761441 316.5261
0.04420122 308.6855
0.03319831 304.2092
0.02823898 304.8995
0.02310389 322.5882
0.0326797 331.5622
0.0317668 345.8878
0.04611864 378.0475
0.05672862 385.5534
0.06225945 410.74
0.05289016 452.7704
0.07223885 449.2324
0.07039898 496.0265
0.06698812 485.1098
0.08567608 467.3819
0.08929852 489.3567
0.08917569 468.5259
0.09494644 446.1692
0.1007304 446.1789
0.05025278 423.8118
0.04986257 420.8819
0.03788163 404.4923
0.03974701 406.4345
0.04214223 419.8596
0.03998966 393.8714
0.04014314 403.2135
0.04384723 358.2831
0.06173463 339.9938
0.03961686 324.4584
0.04960961 312.3529
0.0581629 313.4178
0.06427409 304.5209
0.07714016 327.8754
0.06933599 332.9989
0.05268306 381.7654
0.04602176 385.7318
0.06263502 362.7271
0.05287402 365.1994
0.07563184 378.7021
0.1050718 371.1167
0.0547861 355.115
0.04116414 347.9346
0.03619349 341.5837
0.02453278 345.321
0.01540595 358.2698
0.005966407 370.9617
0.004006708 362.6813
0.01533751 364.3629
0.0253749 389.406
0.02486728 392.1544
0.03557709 409.4885
0.03925416 405.422
0.03523113 432.8006
0.02599806 410.4728
0.04325863 406.1074
0.04679559 407.7733
0.0551068 415.4756
0.1193362 405.7358
0.07574714 385.0492
0.03403011 416.437
0.04615986 402.9602
0.0644738 410.3612
0.05159047 442.6536
0.0425681 450.4474
0.0611674 420.3432
0.09279097 448.3533
0.1011759 472.5234
0.09818103 450.771
0.07080784 457.8192
0.08118689 437.756
0.0522325 411.6586
0.0698444 395.5025
0.07057251 413.7213
0.06444859 418.0779
0.07525218 414.4347
0.1007068 412.3164
0.07476391 460.4404
0.09992795 452.3833
0.07937931 442.4792
0.1079684 455.7558
0.1507615 395.1447
0.1152496 370.1295
0.1009066 376.4261
0.08255299 392.3132
0.04277094 410.122
0.0639986 412.22
0.05034869 427.1748
0.05181406 431.7528
0.0732151 431.1665
0.09262514 418.8632
0.09876259 401.0989
0.07741647 442.7678
0.0686006 437.181
0.1112752 439.4599
0.1101201 415.3171
0.1605444 421.3878
0.097556 413.5854
0.07891391 398.4594
0.1118192 395.5861
0.09393525 384.3948
0.1035812 379.1787
0.1388903 357.4551
0.1608016 403.1813
0.1366417 363.4305
0.114885 363.2636
0.1160632 370.5051
0.0966671 371.8701
0.1006742 373.2656
0.09154556 386.8821
0.09816672 354.2611
0.09052975 383.7306
0.06709375 394.3495
0.07189006 385.655
0.07282228 377.4113
0.06228444 382.5733
0.0548281 383.6167
0.07365799 391.7104
0.05922942 368.1015
0.09808716 404.5977
0.1159804 456.8396
0.1033402 447.727
0.1061489 437.8874
0.06560779 438.7888
0.04350071 415.41
0.04397475 432.9273
0.04995042 427.6545
0.0499942 408.6811
0.04631889 432.0026
0.04799777 419.7661
0.05104549 445.7691
0.0549798 443.9517
0.03829782 443.2395
0.03640127 464.0954
0.02725204 452.9456
0.05528516 444.564
0.06823603 424.9358
0.0654637 434.9272
0.09508551 455.3094
0.1051123 444.4405
0.1115961 435.0633
0.08976287 423.4135
0.0926043 393.8631
0.1188499 395.0827
0.1229437 442.4666
0.1185532 438.2871
0.09008864 435.6931
0.07668101 446.672
0.05946224 453.5149
0.05098688 432.6565
0.06877994 430.964
0.07892149 468.5171
0.09520274 441.9153
0.06439244 433.7492
0.07950096 458.066
0.07922987 449.24
0.09442073 414.3848
0.1000052 436.3318
0.1037407 439.9272
0.1027002 442.582
0.1344648 443.5418
0.0928962 463.5967
0.0775091 442.1506
0.1165345 412.961
0.1009765 442.1037
0.1643285 463.9934
0.1417633 481.1105
0.1335581 487.3157
0.1101251 463.1257
0.1253662 454.1182
0.07960707 485.7915
0.08016786 482.5219
0.05090764 483.0583
0.06316055 480.7353
0.07625855 465.6864
0.1022881 494.8898
0.1062039 488.334
0.08673705 490.3544
0.08866749 466.6375
0.0695145 417.147
0.05839644 440.7469
0.04478269 439.2039
0.07007729 455.4478
0.06463131 441.6705
0.0755352 414.4881
0.06887502 418.4921
0.05880552 408.946
0.07297974 417.6026
0.06285172 446.6324
0.06059377 449.9073
0.06703747 435.0621
0.06801637 467.6854
0.04145759 481.3424
0.011205 505.4999
0.02610372 492.1489
0.03922572 490.7364
0.03986218 497.4009
0.04323049 456.9313
0.05136707 497.0474
0.04297342 484.1568
0.04633012 480.0266
0.0568217 433.8521
0.06405202 445.3924
0.05044418 432.4178
0.04374366 412.125
0.0514815 459.2403
0.0431737 466.8476
0.0404269 429.072
0.03564038 452.9955
0.03998199 439.5565
0.06391263 436.4497
0.06265741 413.8394
0.03726613 391.0462
0.03361767 401.8961
0.02115592 388.0756
0.03128518 405.4698
0.04860174 422.0418
0.03914334 437.3207
0.03762442 416.6256
0.05521903 415.3058
0.06752103 397.0622
0.09249324 399.4751
0.1175211 430.7749
0.1150435 414.0233
0.08687755 415.9851
0.1013519 445.9389
0.09585139 494.9428
0.06630822 500.7079
0.07634968 527.4044
0.1177152 572.8565
0.07882344 569.6153
0.07599469 575.4877
0.05891796 619.7574
0.05865569 601.4762
0.06338771 626.539
0.0677636 595.6381
0.08805119 585.1249
0.0622706 606.8795
0.05928262 625.5787
0.06356432 656.5952
0.07678677 633.2103
0.06885681 640.2667
0.05876588 611.9439
0.04188158 637.5969
0.02071362 651.042
0.0279928 639.9703
0.02064579 648.7316
0.02989335 609.7504
0.03853415 620.6491
0.0458254 603.1326
0.05853011 598.6299
0.1125525 634.8766
0.0860013 606.7919
0.07834149 578.0043
0.1121507 555.7155
0.0894288 575.7144
0.07920095 541.4884
0.08685554 584.1407
0.07253964 539.6341
0.07828099 562.1523
0.08572206 524.8156
0.0601206 507.509
0.04824681 519.4259
0.05274278 510.6167
0.05000932 497.7766
0.0723924 455.2717
0.1205591 455.8097
0.08912557 457.1056
0.1229614 466.8677
0.1094577 443.7957
0.0933961 446.812
0.07346263 453.6397
0.1000388 496.6258
0.06311379 517.3831
0.06136264 508.7654
0.05443825 500.5889
0.04086639 507.9085
0.044708 537.9181
0.03103744 535.6151
0.02766249 526.2349
0.0322378 534.859
0.01661597 573.3525
0.04328297 518.7463
0.07456409 488.8281
0.07393313 486.8989
0.05755556 490.4462
0.06193412 527.6865
0.04172943 549.0073
0.03386871 542.0094
0.02359761 549.2198
0.05338206 506.3191
0.05363055 517.0039
0.03242313 504.4736
0.03647408 512.8744
0.03853434 500.2086
0.05918603 527.7588
0.05549091 534.8167
0.03602006 546.9288
0.02877014 548.2814
0.0207376 533.2657
0.03988814 534.9224
0.03677982 574.3868
0.03066361 614.9099
0.03527254 620.3468
0.02893975 620.7866
0.03496988 631.868
0.02284595 622.353
0.03663537 649.2804
0.05527105 605.0306
0.04383576 630.4673
0.0286691 641.98
0.03299729 604.6014
0.03479177 547.1492
0.06172416 522.0707
0.1027849 532.6854
0.1104005 521.7857
0.1121802 539.3843
0.1098203 524.9788
0.1185252 517.3016
0.1033394 559.8811
0.08346954 568.1119
0.08155994 549.965
0.05522673 506.9129
0.04872674 495.4369
0.07743379 489.8613
0.09695997 516.7046
0.09626402 556.8341
0.08012824 528.5614
0.07568508 504.9669
0.0492954 490.4997
0.06241023 499.6029
0.04604207 558.8322
0.03557787 532.1681
0.02708012 558.0498
0.01755372 544.0917
0.0638302 556.2089
0.06976268 560.8264
0.04887755 554.4373
0.04933489 578.6222
0.07204653 569.9171
0.06530874 585.2701
0.07894342 601.0783
0.05068604 617.1427
0.03752239 610.104
0.04502163 623.7205
0.04860856 687.8115
0.06701478 649.5469
0.05142416 670.1445
0.06194748 666.9661
0.06935377 649.9277
0.08539192 723.4795
0.02783195 722.0108
0.04314714 702.1707
0.03339993 707.7196
0.04390763 654.3755
0.06092431 610.2871
0.07498092 596.0916
0.1139637 581.0843
0.09832759 572.9966
0.0620994 517.3431
0.08763097 480.4447
0.08863345 461.2571
0.1007829 473.9825
0.1062657 490.4612
0.08965082 498.428
0.07338708 494.4151
0.05327341 443.2583
0.06571289 436.1502
0.05786142 429.7407
0.06626808 390.349
0.06392027 392.3277
0.04575457 396.6869
0.09273293 423.9652
0.08536451 451.766
0.09373439 438.5682
0.08151651 417.5975
0.05585666 426.4877
0.03119507 395.8671
0.04622167 410.8924
0.04529055 400.5921
0.04581172 396.8053
0.03691354 415.6855
0.03803725 422.0481
0.02001367 452.8786
0.04361031 506.2865
0.05939169 515.0072
0.06300547 501.5728
0.09245714 452.9656
0.09256945 421.6308
0.07104057 406.4218
0.06488909 439.8786
0.05969851 437.9753
0.07684117 434.1023
0.07325726 468.1948
0.07125675 485.6386
0.07197908 480.4606
0.04757346 457.6711
0.03624343 482.9726
0.05827897 456.0972
0.04657488 476.6089
0.06858311 493.3549
0.06809768 459.8898
0.08612326 496.2429
0.06681234 513.5476
0.07098443 528.7229
0.06890182 524.8405
0.05970258 539.9194
0.08786608 594.8387
0.07542759 583.7515
0.05957728 562.4642
0.05915054 587.296
0.0407732 542.3327
0.049059 558.2091
0.03382118 532.1092
0.03945553 522.19
0.03012507 541.8831
0.02147747 543.768
0.03240109 523.183
0.03696069 536.516
0.06014031 528.6938
0.1062914 522.1841
0.1228721 498.2201
0.1375792 510.3074
0.1333607 492.9023
0.1215619 532.2633
0.1212111 548.1226
0.1221921 547.9703
0.1086983 555.1291
0.1113047 533.1508
0.0613697 533.9643
0.06878336 572.096
0.04507967 561.0198
0.0351306 551.7673
0.04803788 545.4304
0.06227603 502.8937
0.08316562 527.8748
0.09361738 529.2654
0.06325755 527.7926
0.04467385 515.199
0.04029262 522.0298
0.05299852 500.3845
0.04860897 517.2273
0.03534867 535.4305
0.0675635 542.9969
0.0530602 531.3434
0.0582887 538.1066
0.03338319 577.0454
0.03367871 580.2563
0.0577209 619.662
0.0402312 645.4376
0.03601126 660.94
0.02577753 626.6825
0.02297991 647.9884
0.02037755 597.5222
0.03203315 648.7416
0.0507795 668.6463
0.06221389 711.5529
0.04913806 731.7422
0.06106358 681.0274
0.0633753 667.6319
0.06072882 709.6329
0.06388632 718.8486
0.08916101 728.6645
0.05654086 778.3029
0.06616697 783.2149
0.08704946 776.6174
0.07772189 757.7545
0.07559376 705.333
0.0466707 655.9201
0.01815046 684.7758
0.009151099 662.7164
0.0150074 672.3601
0.0260575 697.5615
0.03564952 677.1379
0.0359223 631.4877
0.05624172 616.4647
0.08088225 597.0364
0.08733022 587.7702
0.06705779 666.6444
0.09504753 655.2368
0.0624997 626.6407
0.06182902 668.583
0.03029343 628.1966
0.03867181 588.9408
0.04220213 575.4808
0.06258097 558.0432
0.05454528 565.3292
0.06182173 538.4247
0.07825264 562.8196
0.0681324 530.1317
0.06685797 563.1093
0.06188938 530.9581
0.03669856 513.4858
0.06860607 497.0705
0.08005697 490.898
0.07456005 540.336
0.0980039 544.2376
0.09379607 543.1126
0.07846102 534.701
0.09575503 560.5224
0.1192396 564.2294
0.09364171 537.4857
0.09136603 515.5446
0.1194284 545.8808
0.09967877 529.6629
0.08169378 534.8319
0.09693442 522.0678
0.08790252 480.4165
0.08367836 511.0525
0.05752165 521.4379
0.06930602 571.2014
0.05460289 584.0005
0.04243801 596.8992
0.03909624 589.1485
0.03884431 604.3278
0.05334186 592.6591
0.07885732 558.5428
0.04829344 543.132
0.0548425 560.6343
0.05008867 548.4564
0.04808111 548.9325
0.03595552 564.8664
0.03986579 526.0352
0.02789609 583.4912
0.02323468 575.3773
0.02248113 572.5321
0.03130754 581.5706
0.04237011 572.8553
0.03553135 568.9181
0.03362768 560.6298
0.0542217 569.392
0.04886994 557.7638
0.0146364 504.3873
0.02594577 499.2579
0.04286829 492.3331
0.04619392 498.3284
0.05628009 487.8013
0.06165739 500.212
0.07366932 482.7153
0.06020131 437.7598
0.04798711 449.4757
0.04153899 491.6795
0.0336502 485.2638
0.06655412 457.5164
0.0484648 416.2557
0.0420407 406.062
0.02652912 388.9157
0.0192477 369.3354
0.01826648 390.1457
0.05387958 393.6934
0.04984161 404.85
0.06218734 408.0575
0.07365434 378.655
0.07675394 357.7961
0.06653475 394.717
0.0645568 402.5055
0.05878468 442.6049
0.06717982 453.1615
0.06064075 432.9716
0.03801996 449.4591
0.05758446 448.4854
0.05633322 436.0766
0.07532128 457.0331
0.07117292 433.3134
0.05865727 447.5345
0.06987052 442.1374
0.1079315 437.1085
0.111748 380.0778
0.09633436 370.5818
0.1123461 350.9157
0.163031 356.4853
0.1534624 364.1125
0.1685676 352.7871
0.1659008 342.7978
0.216719 342.4325
0.1698723 345.1245
0.1602762 339.6711
0.08813086 321.444
0.1013792 328.908
0.1068484 329.1253
0.1543333 316.6421
0.1889369 314.4594
0.1551789 303.8971
0.1935552 285.6942
0.1636527 284.6517
0.1330806 279.9124
0.1853693 281.0551
0.2021558 277.3945
0.1360434 284.98
0.117202 281.2626
0.09952631 299.3693
0.07914517 292.2383
0.05862548 286.0473
0.04360517 265.0359
0.05352909 284.0427
0.05242344 300.522
0.07738334 299.6593
0.05190818 317.4476
0.04429721 358.885
0.04659321 327.7988
0.03976894 351.5797
0.07051307 359.2652
0.0804073 352.7579
0.06315275 352.5546
0.04270503 338.0579
0.04046606 342.874
0.03058271 352.7056
0.02301314 344.0336
0.03104714 339.4696
0.03210829 334.5882
0.02425739 349.8146
0.02206403 337.2806
0.03402226 342.0962
0.04081919 352.5258
0.05394364 347.7655
0.06183633 328.8305
0.08671188 313.5413
0.04888673 305.5493
0.05575864 317.9651
0.06335352 322.3563
0.08706607 319.86
0.09588823 321.9198
0.09640019 306.6371
0.09859768 315.3424
0.1070563 320.4935
0.150439 311.0956
0.161833 297.5757
0.1669025 297.0815
0.1403201 311.5894
0.1155971 307.1565
0.1108082 299.501
0.1241305 329.3441
0.1194902 317.662
0.1265857 327.9968
0.1206362 335.9285
0.1106391 317.0085
0.1259696 309.931
0.1368504 318.1886
0.128981 299.8541
0.1469124 316.9296
0.159446 298.9064
0.1192312 302.2136
0.06891504 281.7433
0.09559621 265.1126
0.1381801 275.2756
0.09555011 263.9053
0.1097787 254.8232
0.1580999 267.6268
0.1637529 290.2405
0.1857192 279.3336
0.2133729 279.9835
0.1859698 261.9536
0.1297734 269.4761
0.116883 284.9675
0.07934489 291.0044
0.04923305 297.2179
0.06212223 315.8013
0.05495579 325.1098
0.0806157 337.5174
0.09441029 328.8536
0.1111126 336.9693
0.14785 353.7202
0.1232206 361.9121
0.1186958 362.2955
0.1298215 357.0418
0.11142 354.8831
0.1133018 350.7265
0.1406005 335.7852
0.1210066 365.3837
0.1221879 342.1486
0.1308982 353.0804
0.152173 335.3994
0.1848818 336.4629
0.1495679 339.8176
0.1121228 360.4508
0.07888423 343.9101
0.09263797 352.8759
0.1145684 338.7414
0.1293516 338.5092
0.1229751 379.2635
0.1345785 374.9933
0.08839167 366.5508
0.07368366 372.5538
0.08735094 356.4208
0.1034922 370.6657
0.08945447 398.4666
0.08971378 422.712
0.1165137 416.344
0.1003968 426.841
0.08550391 470.8081
0.07733376 445.6829
0.0803438 445.5609
0.07704034 462.9433
0.07177181 461.5298
0.0867837 462.4288
0.0884061 468.6202
0.0769726 487.1227
0.05825845 467.1587
0.04824359 480.4851
0.04237016 479.1306
0.05007379 479.7652
0.04216155 490.5334
0.0424989 508.0732
0.05162602 482.1895
0.04474759 499.6876
0.06358049 503.4166
0.06030695 534.4398
0.04303592 493.3686
0.03499986 467.9111
0.05740855 505.977
0.06830861 503.3305
0.0854573 553.0014
0.06840265 529.4235
0.09083324 534.6042
0.07385877 569.8689
0.07444091 545.5171
0.05741353 517.0349
0.03415759 506.9336
0.03648904 472.6146
