probIn scale
0.04941824 0.01290163
0.02010306 0.01397777
0.02069792 0.01359148
0.01612643 0.01305419
0.03103445 0.01259138
0.02094641 0.0123176
0.02390941 0.01312055
0.01583566 0.01272381
0.01765818 0.01388987
0.008149008 0.01482207
0.002012565 0.01397227
0.008474543 0.01449517
0.01682679 0.01389384
0.03848649 0.01388709
0.03583921 0.01318634
0.05134905 0.01329504
0.04292264 0.01277246
0.02234717 0.0132772
0.005286 0.01365909
0.003068095 0.01432298
0.01550611 0.01487298
0.01269083 0.01474275
0.005620718 0.01543811
0.01300522 0.01617239
0.01881669 0.01584851
0.01648654 0.01668097
0.01585701 0.01655562
0.008888563 0.0171522
0.002196192 0.01622719
0.007742667 0.01741577
0.001513237 0.01569888
0.004981056 0.0173151
0.002768129 0.01725299
0.005101305 0.01781339
0.004599603 0.0168806
0.01041505 0.01777246
0.01889517 0.01984088
0.01536756 0.02028579
0.02658409 0.02070462
0.02451225 0.02053503
0.02406583 0.02114796
0.007856876 0.02238828
0.00852941 0.02137926
0.003309864 0.02099945
0.003848305 0.02005053
0.007634859 0.0209933
0.01448225 0.02062369
0.007328608 0.01923791
0.009266031 0.0199184
0.01904933 0.02090923
0.02030813 0.02034174
0.0194878 0.01992632
0.006407601 0.01996471
0.005867553 0.01944443
0.003766635 0.0193775
0.006962413 0.01960785
0.003152955 0.01994266
0.006259484 0.02037402
0.009252705 0.02009502
0.006845151 0.01971085
0.005865343 0.01952956
0.007490124 0.01857563
0.00635346 0.01696917
0.01460175 0.01774742
0.005261748 0.01710723
0.01084228 0.01687137
0.005609216 0.0176141
0.0136676 0.01678923
0.01008625 0.01640403
0.005631638 0.01644192
0.0128258 0.01731926
0.005357801 0.01660386
0.0009667508 0.01623471
0.002697075 0.01671937
0.0006521139 0.01646042
0.003571238 0.01645952
0.00224591 0.0167115
0.005979092 0.01616869
0.01086946 0.01694789
0.01640844 0.01767247
0.01613094 0.01655536
0.0008066544 0.01674542
0.002393419 0.01653168
0.007209832 0.01588486
0.01568471 0.01589354
0.009025466 0.01462047
0.02883376 0.01303184
0.04204421 0.01336781
0.02355288 0.01254106
0.005947276 0.01176588
0.01496807 0.01239451
0.01942095 0.01316321
0.00884703 0.01368045
0.00771681 0.01397442
0.007978865 0.01331016
0.01221393 0.01351753
0.01796251 0.01428146
0.008549083 0.01333629
0.010704 0.01374681
0.01833124 0.01298809
0.02477872 0.01304711
0.01621536 0.01297774
0.009203509 0.01225245
0.01012723 0.01160835
0.01338484 0.01210341
0.01483608 0.01273753
0.007813067 0.01298545
0.01541014 0.01290875
0.0263076 0.01282151
0.02654015 0.01356946
0.01944384 0.0133126
0.009870752 0.01344063
0.01545531 0.01265274
0.007719447 0.01291308
0.03176782 0.01273797
0.03552599 0.01263033
0.02468437 0.01199928
0.0161346 0.01277221
0.0120375 0.01271975
0.01510919 0.01392802
0.01917046 0.01352059
0.0245454 0.013158
0.02348546 0.01292167
0.01120194 0.01361221
0.01276375 0.01263733
0.01012795 0.01221993
0.01972201 0.01197856
0.02003037 0.01150625
0.02382752 0.01212342
0.01119979 0.01229617
0.02305564 0.01222627
0.01916832 0.01283701
0.01169129 0.01291276
0.03056357 0.01312352
0.02897371 0.01192333
0.008583661 0.01203655
0.0221684 0.01164042
0.02197232 0.0117175
0.04669579 0.01120344
0.02825625 0.0116552
0.03790338 0.0117465
0.02488622 0.01086049
0.01724994 0.01114551
0.02710335 0.01128671
0.022811 0.0109222
0.0104598 0.01134012
0.002060441 0.01235405
0.008597587 0.01223555
0.0128066 0.01122858
0.002284253 0.01112422
0.004530283 0.01153792
0.003779191 0.01094711
0.0023732 0.01112433
0.006430892 0.01178595
0.0160646 0.01161283
0.03345473 0.01266843
0.04624972 0.01170332
0.04258879 0.01201339
0.04265167 0.01246833
0.03650155 0.01190868
0.04928269 0.0125344
0.03805416 0.01285319
0.03886866 0.012071
0.02048682 0.0123084
0.03159927 0.01105063
0.02706705 0.01107842
0.0340083 0.0120662
0.03024562 0.01126462
0.02251866 0.01158951
0.01717738 0.0125201
0.01634406 0.01204355
0.007663035 0.01194961
0.009237654 0.01177257
0.01131994 0.01211813
0.01597909 0.01171217
0.01718755 0.01198097
0.02225552 0.01189889
0.02558305 0.01167251
0.01929676 0.01133595
0.02451 0.0113765
0.01622848 0.01198012
0.01761389 0.01245098
0.03184328 0.01229533
0.01331518 0.01138118
0.002049809 0.01132379
0.0008437284 0.01075983
0.001703956 0.01170799
0.005203189 0.01161029
0.01376506 0.01235186
0.01268876 0.01215191
0.01022333 0.01239692
0.004957163 0.01231539
0.002126825 0.01183933
0.007638275 0.01140178
0.01971662 0.01218132
0.02631068 0.01258573
0.01369732 0.01202252
0.003309351 0.0122118
0.009348739 0.01174725
0.01511423 0.01178319
0.02889378 0.01190626
0.03814176 0.01175992
0.03639367 0.01160126
0.03288576 0.01159666
0.0249951 0.01144515
0.01451861 0.01056655
0.01479657 0.01041462
0.03627952 0.01026418
0.04078389 0.01054233
0.02811738 0.01071708
0.01265312 0.01064848
0.004807673 0.01010747
0.0009159459 0.009948048
0.003931201 0.01044055
0.01352043 0.01022903
0.02164809 0.009395376
0.03235907 0.009628996
0.04717574 0.00971305
0.02715241 0.01003393
0.02712752 0.009648131
0.02539686 0.009802958
0.03518826 0.009662242
0.03449383 0.009548157
0.0275099 0.009817353
0.04456743 0.009653923
0.02903414 0.009310677
0.03141632 0.009484235
0.02870395 0.00993849
0.03349163 0.0100162
0.05662495 0.01010716
0.0406505 0.01019997
0.05264675 0.01028294
0.02518272 0.009884781
0.02410966 0.01003232
0.03168038 0.01004338
0.03277347 0.009933847
0.03454316 0.01015673
0.03021533 0.01000927
0.01793564 0.009304495
0.0280722 0.009328565
0.03077997 0.008918582
0.016539 0.008627134
0.01865107 0.008398345
0.02312142 0.008083888
0.01911116 0.007776925
0.02083643 0.008223695
0.01753011 0.009125113
0.008992113 0.008441074
0.01231341 0.008012461
0.01464658 0.007984458
0.009981778 0.008208973
0.02346519 0.008474566
0.02406362 0.00846946
0.03163354 0.00824812
0.03887875 0.008396447
0.02262574 0.008732947
0.02109636 0.008389352
0.01624417 0.007743196
0.01643827 0.008188812
0.01476736 0.008203639
0.01650261 0.007912361
0.01277724 0.007869273
0.006459857 0.007334188
0.01283345 0.007014622
0.02140751 0.007155433
0.02307515 0.007253049
0.02344219 0.007092248
0.01204709 0.006987635
0.02262385 0.006795503
0.01619705 0.006854878
0.03350109 0.007150462
0.04400404 0.00674081
0.04594677 0.006870682
0.04103423 0.007179821
0.0596225 0.007279563
0.06133829 0.006922853
0.05077084 0.007115881
0.04950697 0.00692001
0.05601219 0.006504674
0.03898385 0.006291859
0.03071594 0.006892845
0.03074766 0.00675451
0.01109974 0.006973051
0.01396903 0.006561827
0.01124037 0.006320057
0.02392976 0.006213252
0.01668357 0.006365819
0.01402408 0.006581293
0.006952766 0.006504938
0.002660367 0.006277509
0.001764519 0.006032581
0.00931492 0.005856855
0.01134628 0.005723604
0.01398447 0.005723267
0.02241263 0.005615216
0.02057233 0.005421701
0.0264429 0.005652855
0.0513323 0.006249596
0.04739457 0.006006082
0.04797524 0.005925613
0.06098263 0.005495667
0.04411488 0.005526946
0.04457798 0.005715361
0.03256865 0.005997578
0.02884614 0.006027993
0.0205644 0.006443197
0.01826387 0.006232551
0.02736552 0.006127235
0.03409358 0.006087897
0.04206469 0.005580374
0.0561672 0.005426884
0.05484751 0.005359674
0.04557947 0.00550128
0.03618004 0.005480422
0.02174312 0.005646119
0.003500802 0.005747745
0.000762851 0.006012881
0.002019605 0.005708395
0.006859904 0.005733117
0.01898356 0.005446541
0.01158335 0.005217617
0.009321706 0.005059902
0.02429815 0.005536092
0.02367811 0.005563488
0.02463369 0.005531953
0.03872816 0.005657341
0.02452651 0.005701457
0.036055 0.005211636
0.02299165 0.005463018
0.009956934 0.005294675
0.01075701 0.00562527
0.005027261 0.005497502
0.002317256 0.004865945
0.01493498 0.004879815
0.01696749 0.004935509
0.01907307 0.004904662
0.03149755 0.005071613
0.03172664 0.005194987
0.03016437 0.005673179
0.03317785 0.005858547
0.02984866 0.005542762
0.01635359 0.005197752
0.01107036 0.005134346
0.0105029 0.005363966
0.01090651 0.005232508
0.01278869 0.004996956
0.008094515 0.004634099
0.003179985 0.004515581
0.0173674 0.004350104
0.0149452 0.004492915
0.01889144 0.004221846
0.006031679 0.004377658
0.01005521 0.004465005
0.01807764 0.004669149
0.01384567 0.005005797
0.01740913 0.005015023
0.01527375 0.004894793
0.01874869 0.004936475
0.02379431 0.00500398
0.04418986 0.004972127
0.06276653 0.004630806
0.0505587 0.004918563
0.0554159 0.005288186
0.05016424 0.004891688
0.03778283 0.004841197
0.02153925 0.004852612
0.02020438 0.004514826
0.030747 0.004721648
0.03598708 0.004889442
0.02892513 0.004956267
0.02210838 0.004940041
0.02145458 0.004865201
0.01916219 0.00451255
0.01638625 0.004132365
0.0112581 0.004286218
0.01762858 0.004189369
0.01789044 0.003921502
0.03829948 0.004158087
0.03991729 0.00392089
0.04679296 0.0037691
0.03600838 0.003999577
0.03374915 0.004063237
0.01622594 0.004478473
0.01882144 0.004574082
0.01890612 0.004353168
0.03561448 0.004369829
0.03427831 0.004316528
0.03825854 0.004868346
0.03780859 0.004786946
0.02599707 0.004765316
0.008345256 0.004883427
0.005292224 0.004661927
0.008376559 0.004737281
0.01755456 0.004764885
0.003450935 0.0045843
0.009150544 0.004604328
0.04111309 0.004194005
0.04694996 0.004281401
0.04644727 0.004535322
0.02790721 0.004017112
0.00404529 0.003870886
0.005156968 0.003863522
0.006901591 0.003798642
0.01069825 0.003934873
0.01569094 0.004104934
0.01327267 0.00387419
0.01338331 0.003905004
0.02067733 0.003632456
0.007535987 0.004190009
0.006014121 0.004373613
0.01853958 0.004739092
0.01172081 0.004568952
0.009682621 0.005031471
0.01089599 0.004729577
0.01743377 0.004833243
0.01404846 0.004548525
0.03390166 0.004852799
0.0471538 0.005118548
0.05148298 0.00493523
0.04954983 0.005080823
0.04614985 0.005257448
0.04999488 0.005004419
0.04094911 0.004777051
0.02913613 0.005152995
0.04274985 0.005292995
0.01897637 0.005202649
0.02930162 0.005569254
0.02099344 0.005282575
0.01325475 0.005427569
0.009111185 0.005260703
0.01052992 0.005075658
0.009834518 0.005129187
0.008099143 0.005306985
0.004018869 0.005187285
0.0009845766 0.005132229
0.002130756 0.005071435
0.005906305 0.005002167
0.02366666 0.00537087
0.02982801 0.005214008
0.03667787 0.005240488
0.01594819 0.005616099
0.0142681 0.005628334
0.01649174 0.006004067
0.01037005 0.005913214
0.02182625 0.006526783
0.02760076 0.006401031
0.01413539 0.006275657
0.01877072 0.006336266
0.02496419 0.006315206
0.02151187 0.00650061
0.01557759 0.006744055
0.02441103 0.006612604
0.02336623 0.006995777
0.01769315 0.006756748
0.01622936 0.006630452
0.02675588 0.006507817
0.03788751 0.006494416
0.03909243 0.007255665
0.05378084 0.007311586
0.03509437 0.006722795
0.04624037 0.006203027
0.04135328 0.006500075
0.05019511 0.006820898
0.07021271 0.006831957
0.06439144 0.006658246
0.06223418 0.006891029
0.08988607 0.00684853
0.07030018 0.007626666
0.08492044 0.007940976
0.06324189 0.008116241
0.02855871 0.007783335
0.03563724 0.007369653
0.04949019 0.007296093
0.03999296 0.00712862
0.04375611 0.006970579
0.03366282 0.00733609
0.02814964 0.007108978
0.04622711 0.007135697
0.027545 0.007300789
0.0129899 0.007800837
0.01572486 0.007476888
0.02078145 0.007008829
0.009274559 0.006835938
0.0003420885 0.006562589
0.003331165 0.006834876
0.006354569 0.006862164
0.003464916 0.006709846
0.01561 0.006575779
0.01610012 0.006937201
0.003570205 0.006891597
0.006603792 0.007166796
0.021381 0.0065382
0.01770563 0.006891772
0.01165384 0.00712521
0.01027025 0.006944366
0.008249668 0.006952954
0.002464258 0.006234275
0.007058863 0.006199909
0.006034056 0.006390258
0.00757748 0.006099597
0.01978774 0.005777
0.01483115 0.005456019
0.02443826 0.005683639
0.0179786 0.005901558
0.01403658 0.005787933
0.01702394 0.006120524
0.03244677 0.006132194
0.05899887 0.006181781
0.06462925 0.006197002
0.05324703 0.006350859
0.04237099 0.006017928
0.03594533 0.005715373
0.03516058 0.006023135
0.05203503 0.006434384
0.05685899 0.005895848
0.07499921 0.006236612
0.08184179 0.00601466
0.03506687 0.005666691
0.04204771 0.005660142
0.0272046 0.005709861
0.01223737 0.006001296
0.006771262 0.005885371
0.02506325 0.005955471
0.02174353 0.006430605
0.02452653 0.006823008
0.0158836 0.007057093
0.01438189 0.006734426
0.01459435 0.007149034
0.008321761 0.007351747
0.007470593 0.006879301
0.01041163 0.006763517
0.01062565 0.006471168
0.004685448 0.006248927
0.001829202 0.006003003
0.01179998 0.00582078
0.006366269 0.006476075
0.00795645 0.006338702
0.007243812 0.00644008
0.01459618 0.006655808
0.007274518 0.006321207
0.008441709 0.006186637
0.01010478 0.006584001
0.00339881 0.006207195
0.01541243 0.006667977
0.02883736 0.006575347
0.0253128 0.006656425
0.01136999 0.006934464
0.009985001 0.007017241
0.01027424 0.007055115
0.01191672 0.00703778
0.007700185 0.006750901
0.01514011 0.007138612
0.02342036 0.007573929
0.02666834 0.00744414
0.03542966 0.00768327
0.01921446 0.007102244
0.039636 0.006903114
0.04575319 0.006771993
0.04384368 0.006537708
0.0330476 0.006730802
0.03567674 0.007019677
0.03108993 0.007431527
0.02789111 0.008323991
0.02346166 0.008920342
0.03905339 0.009134914
0.04376267 0.008725041
0.04409335 0.008593067
0.06105216 0.009377047
0.0559064 0.009990458
0.0551091 0.009940663
0.03782911 0.009720276
0.0487942 0.009543723
0.03943981 0.008895796
0.01651231 0.008997189
0.008101044 0.009961031
0.005578768 0.01005743
0.0127669 0.01004401
0.03044006 0.009536707
0.0283653 0.01023527
0.01942331 0.0100345
0.05063666 0.01057921
0.06277593 0.009882545
0.04469741 0.01001244
0.05746909 0.009580116
0.04558023 0.009963088
0.04208962 0.00945926
0.02929424 0.01065776
0.01138989 0.01066265
0.02658732 0.009325124
0.04268481 0.009216864
0.04217788 0.009213247
0.02763951 0.009570026
0.01186166 0.00920513
0.004682241 0.009698638
0.0009143553 0.009080352
0.0007127749 0.009036236
0.005637053 0.009196236
0.01849213 0.008586995
0.009392725 0.008462776
0.007327143 0.008466572
0.01068621 0.008911307
0.01157009 0.008652903
0.005298681 0.008433953
0.00443306 0.008330233
0.01934464 0.007955618
0.01956574 0.007369229
0.01736695 0.006379222
0.01616527 0.006211983
0.0326369 0.006076359
0.04961401 0.006191873
0.04243594 0.006414554
0.03994988 0.006308696
0.03774436 0.006721121
0.02306584 0.00670584
0.02940582 0.0065446
0.02581252 0.006911668
0.03264982 0.006731395
0.02910113 0.007446455
0.01280999 0.00843674
0.008195646 0.00817077
0.005676061 0.008262759
0.01505516 0.008865962
0.02350284 0.008931991
0.03538686 0.009114891
0.02993363 0.008853221
0.02850938 0.00830823
0.01896545 0.008193264
0.007786849 0.008899753
0.005958052 0.008776764
0.001497037 0.008576099
0.001048199 0.009314413
0.007018798 0.008666256
0.0172149 0.009653417
0.02774856 0.008768806
0.02369017 0.008595884
0.04248721 0.008801061
0.04825261 0.008402272
0.07574248 0.008511673
0.08025474 0.008453806
0.07318268 0.008440738
0.03709082 0.008247984
0.02093901 0.00857426
0.02777326 0.008431204
0.008130273 0.008631254
0.0147662 0.008699377
0.01842196 0.008314463
0.008389273 0.007828766
0.006029273 0.007720277
0.008172593 0.007953248
0.01365722 0.007569607
0.0066782 0.008072705
0.024447 0.008172185
0.02352335 0.007930213
0.01445102 0.007915838
0.02672144 0.007091429
0.02113187 0.007067203
0.01214347 0.006844703
0.01396911 0.006993277
0.008091139 0.007233569
0.007573922 0.007261135
0.01262892 0.006744969
0.0103109 0.006559507
0.01281613 0.006865558
0.01446872 0.007431601
0.01061212 0.007168875
0.005126555 0.007587944
0.006813333 0.008078019
0.01215399 0.008436643
0.03160367 0.008354118
0.03011836 0.00798385
0.01415109 0.007218423
0.03452645 0.007247181
0.0535694 0.007293357
0.05139829 0.007795369
0.06323114 0.007515862
0.0629669 0.007292575
0.06733117 0.007211327
0.05487431 0.007227061
0.0425308 0.007140215
0.01722717 0.007260833
0.04249265 0.007282174
0.04475831 0.007028144
0.04605789 0.007334413
0.05452822 0.007403174
0.03276797 0.007234767
0.01882792 0.007803064
0.03504187 0.007754754
0.02434339 0.007994907
0.002381689 0.008078305
0.01847349 0.0082019
0.01895906 0.007127842
0.01262541 0.007194859
0.003896439 0.007639246
0.006663921 0.00764483
0.01350645 0.00744159
0.0104498 0.008067188
0.003202487 0.007824334
0.01074313 0.007676427
0.006406937 0.007760263
0.001620433 0.007992379
0.01642686 0.008061273
0.01027901 0.008678328
0.006313253 0.008847011
0.008903057 0.008704713
0.01039232 0.008652129
0.01420276 0.009017088
0.02248466 0.009366043
0.02263841 0.009329473
0.02185599 0.009329507
0.03765849 0.009760526
0.03879836 0.009555542
0.03591862 0.009532754
0.06579673 0.009082571
0.04144799 0.009661636
0.02791383 0.009561923
0.0347188 0.009287272
0.02002773 0.008384515
0.02418875 0.008893949
0.02502336 0.009285803
0.01964136 0.009157852
0.05270761 0.009224422
0.03304358 0.009567415
0.0429056 0.009944882
0.05397522 0.009003105
0.05233656 0.01001076
0.03564479 0.01019428
0.02402523 0.0103603
0.01734292 0.01026622
0.01064861 0.01056432
0.01960079 0.0102038
0.01042809 0.01068717
0.0163004 0.01071618
0.008671417 0.01073126
0.01665329 0.01168515
0.01274872 0.01089864
0.007844114 0.01072643
0.005737139 0.01046109
0.003977441 0.0107147
0.0006459898 0.009988632
0.00202779 0.009947576
0.004303844 0.009712906
0.0198602 0.01030569
0.01475934 0.009551773
0.01910807 0.01027238
0.02143618 0.009633215
0.01181642 0.009307483
0.0314253 0.00933541
0.02967158 0.009497331
0.0365986 0.009567379
0.02379018 0.009140422
0.001799082 0.009460584
0.001255841 0.009290201
0.01276205 0.009157498
0.004882054 0.009635183
0.008534802 0.009859482
0.00355046 0.00942224
0.01648062 0.01030978
0.0245978 0.01013319
0.01999912 0.0105699
0.01097393 0.01115632
0.01191535 0.01108803
0.005344938 0.0129351
0.007522123 0.01239605
0.005412635 0.0129349
0.01129578 0.01352387
0.02934356 0.01376214
0.01046101 0.01440491
0.02303733 0.0137902
0.02352687 0.01419375
0.02466944 0.0147603
0.01747982 0.01367087
0.01557223 0.0131466
0.01081839 0.01287956
0.01205726 0.0143941
0.03287316 0.01435539
0.02318534 0.01500057
0.01491644 0.01598506
0.00112759 0.01624025
0.005709371 0.01644403
0.004708326 0.01664972
0.007446796 0.01646748
0.001735436 0.01585071
0.007218767 0.01571241
0.01201523 0.01639159
0.02486881 0.01758345
0.02655018 0.01697002
0.02151798 0.01682393
0.01224891 0.01730467
0.005940096 0.01719883
0.00364317 0.01771037
0.009598379 0.01744139
0.008515968 0.0186984
0.008311188 0.01783349
0.006805773 0.01614274
0.02127038 0.01756698
0.01298072 0.01723776
0.0141704 0.01718276
0.008636255 0.01622809
0.004205298 0.014774
0.01080497 0.01451223
0.009803425 0.0140867
0.01272346 0.01317432
0.01082133 0.0133321
0.007808872 0.01366402
0.005749143 0.01273129
0.007041303 0.01318542
0.00317785 0.01357898
0.009574289 0.01428937
0.01404361 0.01444723
0.01790902 0.01487531
0.01229623 0.01541791
0.02536488 0.01442387
0.0209174 0.01484658
0.01718294 0.01467644
0.0121874 0.01399624
0.008121841 0.01465019
0.001872369 0.01439688
2.520172e-05 0.01431953
0.009050257 0.01446803
0.005738338 0.01464784
0.006665686 0.01523732
0.005260242 0.0148535
0.00723479 0.01492341
0.004158499 0.01575764
0.007925122 0.0152288
0.0007667728 0.0143351
0.0008359986 0.01383152
0.002783565 0.01497799
0.008090812 0.01512103
0.01013811 0.01555746
0.01185106 0.01492399
0.02067873 0.01527108
0.0177397 0.01511711
0.0133682 0.01539635
0.006036231 0.01497896
0.004093226 0.01495271
0.01666845 0.01467665
0.005148511 0.01510028
0.01753383 0.01515915
0.04063006 0.01685815
0.02265817 0.01669928
0.01588527 0.01690306
0.02623804 0.01597168
0.01986616 0.01626699
0.004634132 0.01733853
0.009631389 0.01696587
0.01779881 0.01638721
0.01244699 0.01711646
0.009737616 0.01605972
0.01094137 0.01488775
0.01195218 0.01435287
0.01274098 0.01553125
0.01252438 0.01493176
0.02315938 0.01426834
0.02444038 0.01363987
0.02559963 0.01305634
0.007562331 0.01234623
0.00398673 0.01218717
0.0008445481 0.01180102
0.008796 0.01165173
0.01282542 0.01174556
0.0143433 0.01174688
0.001997172 0.01188093
0.001298099 0.01222394
0.003627959 0.01268431
0.0127525 0.0141168
0.01200095 0.01419582
0.00986317 0.01491945
0.002330029 0.015471
0.02329059 0.01363547
0.009711972 0.01334428
0.001396392 0.0133259
0.001642674 0.01252273
0.003597023 0.01343498
0.008155085 0.01363298
0.009228635 0.01407275
0.007807558 0.01368838
0.01079786 0.01399951
0.009336868 0.01360945
0.02204807 0.01354028
0.01514448 0.01264356
0.00809655 0.01315118
0.003496187 0.01324287
0.01192913 0.01388277
0.03054521 0.01368799
0.0186374 0.01396817
0.01561366 0.01337448
0.02141847 0.01319178
0.01277833 0.01390679
0.005678132 0.01444937
0.006327423 0.01388852
0.004883791 0.01405688
0.01479775 0.01394938
0.03453078 0.01321084
0.04204431 0.01230292
0.0339561 0.01186632
0.02701324 0.01153451
0.03691047 0.01167502
0.03455353 0.01169351
0.03843245 0.01148199
0.03470649 0.01151998
0.02924728 0.01204984
0.04110196 0.01273677
0.04125117 0.0115471
0.05771 0.01126685
0.03956487 0.01125935
0.03888086 0.01121373
0.04202555 0.01133021
0.01601671 0.01106389
0.01297964 0.01137388
0.03058755 0.01195258
0.04203249 0.01215036
0.03643042 0.01109446
0.02561451 0.0116206
0.03007576 0.01070907
0.0206479 0.01038981
0.01520474 0.009722065
0.0257318 0.009092756
0.02072855 0.009409145
0.01479275 0.008806093
0.02147889 0.009018483
0.02224033 0.009279922
0.02536598 0.009541962
0.01253388 0.009599357
0.02575737 0.009223252
0.01866599 0.009038003
0.01823485 0.009393972
0.02494078 0.009321588
0.04128401 0.008724938
0.01724731 0.008989651
0.02683495 0.009192238
0.03150887 0.008947072
0.04305084 0.008201139
0.02670537 0.007701643
0.03153813 0.008311327
0.034817 0.009039746
0.01870739 0.008829305
0.0124287 0.008376619
0.01073053 0.008568453
0.009452861 0.008416847
0.009882838 0.00778957
0.031172 0.007626311
0.01988741 0.007397855
0.01034523 0.008055827
0.01517525 0.007706833
0.03428237 0.007496638
0.02400496 0.007646077
0.02608396 0.008351168
0.01393806 0.008274236
0.01536913 0.008279356
0.01857799 0.008295256
0.02100667 0.009102417
0.01517219 0.00933337
0.01040562 0.00935361
0.01026051 0.009415509
0.005886523 0.009718161
0.0193937 0.009594814
0.009947372 0.009383506
0.01467024 0.00965791
0.006985703 0.009912548
0.009329625 0.009574573
0.03221292 0.008607023
0.02633075 0.008996911
0.0113214 0.009363035
0.01123304 0.008803463
0.005803949 0.008233483
0.008252375 0.008301056
0.03368818 0.007846078
0.02028031 0.007848904
0.00168833 0.007462926
0.004349922 0.007224068
0.006491708 0.007013025
0.01908751 0.007196429
0.02564904 0.00644074
0.0284824 0.006801833
0.03984933 0.006768123
0.0510431 0.006309233
0.04564711 0.006777049
0.02557098 0.006589546
0.01787022 0.006888303
0.02070728 0.007159456
0.03272164 0.007517165
0.03415236 0.007051546
0.05591655 0.008098268
0.07086776 0.008005537
0.05955537 0.008440896
0.05457637 0.007697032
0.07324724 0.007695217
0.05024823 0.007480743
0.04332837 0.007503933
0.01840412 0.007181168
0.00699568 0.006723109
0.004636449 0.006784999
0.00183319 0.006582705
0.009504182 0.006041159
0.0146646 0.00638348
0.02300757 0.006293727
0.01837035 0.006401321
0.006468971 0.006865989
0.002000479 0.006788554
0.00330464 0.006766694
0.00387423 0.007393506
0.002846072 0.007084152
0.001686706 0.007341627
0.002547089 0.007363571
0.004195673 0.007252798
0.01019824 0.007523146
0.01799716 0.007452711
0.03342432 0.00761076
0.01674117 0.007250303
0.00978182 0.007337303
0.01225914 0.0073891
0.02545602 0.007011398
0.03805756 0.007306619
0.03519349 0.007334735
0.04240351 0.007308653
0.03293597 0.006820764
0.03602791 0.006892706
0.009142544 0.00671053
0.01011667 0.006502603
0.004012594 0.00672817
0.01151793 0.0064127
0.01094819 0.006360765
0.03558476 0.006500623
0.03959724 0.006507255
0.04464161 0.007161343
0.04108574 0.006707524
0.02398422 0.00705339
0.04001645 0.007427114
0.02866671 0.007309135
0.01781561 0.007038084
0.02369605 0.007173948
0.03296051 0.006791209
0.06301182 0.006260128
0.0588141 0.006108604
0.06637275 0.006097241
0.06072803 0.006116875
0.04754883 0.005949382
0.08780686 0.006230905
0.07773816 0.006167222
0.05043827 0.006066391
0.06639375 0.005571401
0.0556084 0.005600933
0.05350359 0.005219288
0.06296925 0.005083773
0.05106827 0.005639962
0.06751839 0.005521954
0.05245408 0.005314721
0.03617788 0.005279708
0.03864403 0.005014495
0.02976519 0.005367107
0.04142253 0.00553555
0.02483607 0.005536357
0.04505524 0.005376753
0.04435474 0.00515742
0.05628569 0.004666955
0.06428705 0.00468649
0.06469571 0.00424617
0.04679413 0.003985917
0.04119385 0.003786026
0.0544269 0.003517921
0.0537592 0.003714376
0.06579982 0.003227516
0.08032452 0.003193282
0.08473907 0.003228377
0.06104991 0.003104871
0.05715083 0.00315229
0.03815474 0.002949874
0.06406323 0.003163377
0.09783776 0.003062864
0.07881966 0.002943258
0.0610986 0.002947812
0.09106122 0.003223901
0.08943357 0.003296755
0.07958815 0.003486983
0.07153089 0.003519433
0.05371139 0.003527484
0.04139807 0.003678231
0.07654234 0.00391335
0.08682462 0.003982141
0.08690063 0.003501438
0.04532531 0.003646349
0.0558517 0.003750019
0.07980202 0.003536016
0.09366723 0.003424866
0.05461899 0.003654842
0.06137721 0.003559878
0.0348718 0.003619846
0.03198614 0.003501616
0.04878788 0.003704549
0.06136859 0.003523617
0.06861363 0.003329089
0.1018991 0.003172406
0.08321473 0.002931493
0.08033065 0.003139115
0.09909107 0.003122299
0.1066834 0.003244385
0.09528296 0.003053591
0.06740357 0.003143136
0.07384968 0.003216171
0.03971141 0.003229566
0.03824847 0.003390968
0.04889441 0.003592563
0.04615113 0.003372977
0.0425043 0.003454806
0.04772614 0.003394602
0.05592577 0.00343934
0.05802574 0.003366516
0.05494503 0.003505781
0.0744708 0.003556743
0.07490198 0.00361594
0.06452769 0.003941977
0.07502639 0.004030397
0.08777116 0.004176395
0.04174168 0.004212899
0.06166881 0.004089803
0.03376999 0.004266353
0.02695006 0.004436793
0.03562934 0.004750606
0.03783272 0.004693632
0.03017379 0.005031431
0.07113135 0.004900007
0.0633755 0.004622266
0.07594804 0.004802535
0.09003457 0.004674933
0.0456268 0.004386145
0.05179774 0.004149003
0.05852712 0.004232444
0.08300823 0.004282001
0.05498408 0.004131316
0.07253376 0.004261249
0.1021139 0.004228932
0.0848234 0.004020482
0.09207595 0.00427878
0.09198646 0.004190276
0.1250988 0.004283278
0.08310976 0.004491737
0.08285878 0.004656121
0.07131707 0.004714249
0.09050848 0.004805719
0.1105694 0.005080825
0.08216611 0.005142416
0.05917368 0.00558831
0.05289899 0.005481192
0.0265131 0.00472227
0.0208537 0.004805628
0.01933125 0.005214531
0.01471836 0.005392554
0.02044066 0.005201296
0.02276684 0.004985169
0.02897449 0.004615937
0.035847 0.004728897
0.04550352 0.00488532
0.0581133 0.004868661
0.04101799 0.00477244
0.05925613 0.004874608
0.06501422 0.005033591
0.02667469 0.004768567
0.02803812 0.004923846
0.04788207 0.004832801
0.04240258 0.004978066
0.02466309 0.00505444
0.01100179 0.005102924
0.03314082 0.005280742
0.01335894 0.0055631
0.01801723 0.005268565
0.01806126 0.005220922
0.0199891 0.005465899
0.0241972 0.005559101
0.02881025 0.005532642
0.03362808 0.005535047
0.01805538 0.005655722
0.01132758 0.005474597
0.01734322 0.005156696
0.02614131 0.005481125
0.02890837 0.005188216
0.01534503 0.005407819
0.004013904 0.005667289
0.01202984 0.00554851
0.009564706 0.005639375
0.008501655 0.005547488
0.01169456 0.005870546
0.007994157 0.00589481
0.01264163 0.005872585
0.01353514 0.005791634
0.003391884 0.005880164
0.008284538 0.006790649
0.0032496 0.006541164
0.01717914 0.006521693
0.01997808 0.006014389
0.01870278 0.005580125
0.03030622 0.005416286
0.01581499 0.005287768
0.01899615 0.005444375
0.02735317 0.005570909
0.02441417 0.005438087
0.01927826 0.005378883
0.02002143 0.005527535
0.02369929 0.005302598
0.01712916 0.004769657
0.01770794 0.004672061
0.01629543 0.004513109
0.03453728 0.004235088
0.04282288 0.003922181
0.06519986 0.003984146
0.04589784 0.003933575
0.03719245 0.003658803
0.01922931 0.003493674
0.03126959 0.003483471
0.01992888 0.003573916
0.008927256 0.003570558
0.00768174 0.003675625
0.01787688 0.003820207
0.007365529 0.00367192
0.01530396 0.003456176
0.01355307 0.003240371
0.02813302 0.003420348
0.0136776 0.003508117
0.01778401 0.003350184
0.009990774 0.003582058
0.01598979 0.003658772
0.003980342 0.003722826
0.004223971 0.00371302
0.02175413 0.003419031
0.01679027 0.003470749
0.02616298 0.003415085
0.02590321 0.00346126
0.01135705 0.003478846
0.02287719 0.00362677
0.01228436 0.003782166
0.01073591 0.003695973
0.01172059 0.003642691
0.01223299 0.003629373
0.006509311 0.003592491
0.004254868 0.003996027
0.02644041 0.003888968
0.03317152 0.003822046
0.05427397 0.003516848
0.0601704 0.003849474
0.05836021 0.004201349
0.04857934 0.004185347
0.05192991 0.004501208
0.0848417 0.00453248
0.06774982 0.004472845
0.04962752 0.005035419
0.02130224 0.005044444
0.02445731 0.005201574
0.01321131 0.005216632
0.02142241 0.005611696
0.02228205 0.005491945
0.02029107 0.005339726
0.02202459 0.005552998
0.02113959 0.00544292
0.0249579 0.005996298
0.01694551 0.006182906
0.02213848 0.005980084
0.0287342 0.006524573
0.03955978 0.006176784
0.03714271 0.006877752
0.04440288 0.006304097
0.06417085 0.005973397
0.05150557 0.00586733
0.04372891 0.005706447
0.07071274 0.005276717
0.04604512 0.005399098
0.04872999 0.005869425
0.05397509 0.005828001
0.09508376 0.00614461
0.1020685 0.006565268
0.1430309 0.006598202
0.1384892 0.006303327
0.1128751 0.006339967
0.1004952 0.006613737
0.07570043 0.006665596
0.03675146 0.006424702
0.02735794 0.006696782
0.01440023 0.006401553
0.01105401 0.007194848
0.007640593 0.006537232
0.0112582 0.006587149
0.01065796 0.00621694
0.01629444 0.006061539
0.03335609 0.006224117
0.01890559 0.006734582
0.01535814 0.0063415
0.008105731 0.006563528
0.006021314 0.006470021
0.01732146 0.006106211
0.03875124 0.005884173
0.02139018 0.005791932
0.02851902 0.006005753
0.01432205 0.006019061
0.01803761 0.006258185
0.02151041 0.005837935
0.03089347 0.005497489
0.02234352 0.005734904
0.02220347 0.005668787
0.01910907 0.005440296
0.0113488 0.005507234
0.01221563 0.005027674
0.009881974 0.005264587
0.01381445 0.005278464
0.01229174 0.00567486
0.0134953 0.005808686
0.01199119 0.006265003
0.01467415 0.006050406
0.008241737 0.005710569
0.0168536 0.005739105
0.03424608 0.005578148
0.05383086 0.005734029
0.03397925 0.00581105
0.03618534 0.006069538
0.06406039 0.00592075
0.08734527 0.006100877
0.07221483 0.006285469
0.0780248 0.006160754
0.04443369 0.006079209
0.02694871 0.006286834
0.01667003 0.005951317
0.0230841 0.005943892
0.04769615 0.005821959
0.05990211 0.006041122
0.07078961 0.005758245
0.08121489 0.005529699
0.07220241 0.00504413
0.1022841 0.00489154
0.07869276 0.00465282
0.05261859 0.004423783
0.07263299 0.004626686
0.08123386 0.004953311
0.06889456 0.004744749
0.07363173 0.004474108
0.07657079 0.00435995
0.05783491 0.003885905
0.0350809 0.004025073
0.05354654 0.004080874
0.0405385 0.004084871
0.02670669 0.003973059
0.02080885 0.004215743
0.003728145 0.004013024
0.01682635 0.003868178
0.0107833 0.003701226
0.01261918 0.00369306
0.0101898 0.003540661
0.01978913 0.003475732
0.02334249 0.003379704
0.0193995 0.003278252
0.009188124 0.003245675
0.02257678 0.002912995
0.04005035 0.003194757
0.03079573 0.003136685
0.03021358 0.003020889
0.07184724 0.003023249
0.09320833 0.003061224
0.1055851 0.003058306
0.09486067 0.003075736
0.08953001 0.002956748
0.1097384 0.002871481
0.1286866 0.002993571
0.1361121 0.003156641
0.1106365 0.002940185
0.1050201 0.002874608
0.1247012 0.002836626
0.1207432 0.00289533
0.07976089 0.002799198
0.08773367 0.002954383
0.09469924 0.003014669
0.09237077 0.002702488
0.08080767 0.002744714
0.09036915 0.002581935
0.1077228 0.002494976
0.1387717 0.002510185
0.1056885 0.002572575
0.1369728 0.002392801
0.106772 0.00252907
0.08448614 0.002452914
0.07362634 0.00243032
0.06456053 0.002384116
0.072448 0.002356682
0.09300193 0.002449118
0.1274439 0.002404863
0.1321171 0.00243483
0.08854403 0.002456263
0.09251249 0.002572309
0.09603107 0.002507697
0.1727624 0.002573332
0.1087858 0.002673226
0.11203 0.002452063
0.1001292 0.002491318
0.07674024 0.002575692
0.03953517 0.002457264
0.06938263 0.002364202
0.06256331 0.002177543
0.05119026 0.002286351
0.05064916 0.002310255
0.04607498 0.002210912
0.03789754 0.002172559
0.03718424 0.002062007
0.05714742 0.002186722
0.08053514 0.002079256
0.1302451 0.001996415
0.1014869 0.002163038
0.09955094 0.002160532
0.1109912 0.002298671
0.1280752 0.002320257
0.09391832 0.002316547
0.08824428 0.002311098
0.04510022 0.002399753
0.03109503 0.002346453
0.0357074 0.002364101
0.02397314 0.002246513
0.0566887 0.002243209
0.05254941 0.002320218
0.06196786 0.002308625
0.0697457 0.002238807
0.09145877 0.00228963
0.1230711 0.002203166
0.08870719 0.002456887
0.09994677 0.002521204
0.1349301 0.002681338
0.1046712 0.00253529
0.1002477 0.002495759
0.06752056 0.002566779
0.08085827 0.002541932
0.05641971 0.002528597
0.03536283 0.002542333
0.02462036 0.002576429
0.01935636 0.002368028
0.02162973 0.002226874
0.0525427 0.002170841
0.08637084 0.002316851
0.1062408 0.002197089
0.08968593 0.002206311
0.09696395 0.002436153
0.1035168 0.002488457
0.06799744 0.002756024
0.07144237 0.002646189
0.05315724 0.002989644
0.05758346 0.002770143
0.0537424 0.002752461
0.05079948 0.003015184
0.06053125 0.002889769
0.04040026 0.002839114
0.06063777 0.002675437
0.06119391 0.002583546
0.06231861 0.00244523
0.08010879 0.002530997
0.05175031 0.002425527
0.04525711 0.002578706
0.05515582 0.002383153
0.05211855 0.002136918
0.05696786 0.002325762
0.05995976 0.002324313
0.03657384 0.002167611
0.02929138 0.002313045
0.02833901 0.002417001
0.03673533 0.002257912
0.03367649 0.002229341
0.02632303 0.002181059
0.03821147 0.00224035
0.03215601 0.002191775
0.02022278 0.001994392
0.02708431 0.002003585
0.03399804 0.002056733
0.06300089 0.001971484
0.03044556 0.001965942
0.034771 0.002227936
0.04955347 0.002147825
0.06350117 0.002105261
0.09516965 0.002054439
0.08314183 0.00190067
0.09362192 0.001981035
0.06488603 0.002078548
0.05844543 0.001951811
0.09519099 0.001949457
0.1325845 0.001854806
0.1229003 0.001865797
0.1235716 0.001779946
0.09905845 0.001775523
0.1374422 0.001889112
0.09602043 0.002002076
0.1221802 0.002013761
0.117513 0.001956837
0.0813349 0.002066613
0.06699568 0.002224478
0.03342746 0.002285304
0.02784472 0.002342232
0.0484432 0.002279527
0.06169787 0.002219656
0.05916337 0.002302083
0.05014517 0.002281615
0.05483236 0.002133012
0.02858202 0.001954371
0.03419413 0.002056963
0.04530483 0.002109451
0.03952601 0.002164987
0.03278184 0.002145093
0.05152923 0.00209598
0.02781459 0.002153188
0.03698925 0.002272759
0.02405103 0.002400308
0.02015605 0.002408443
0.02439285 0.002619363
0.03227248 0.002651728
0.02868341 0.002456938
0.04171716 0.002429259
0.0408033 0.002583242
0.05748083 0.002600399
0.07088238 0.002378899
0.05965809 0.002470878
0.06570032 0.002308034
0.05977003 0.002314048
0.04073618 0.002286571
0.04706321 0.002217002
0.04577956 0.002121333
0.02852709 0.002328994
0.02431398 0.00238052
0.03644712 0.002339305
0.04338911 0.002477908
0.03344336 0.002480162
0.03084063 0.002243906
0.03640884 0.002375436
0.02224497 0.002405881
0.01546968 0.002267876
0.01536994 0.002121116
0.0294434 0.001994316
0.03198915 0.00198117
0.03394989 0.002066439
0.04388342 0.001998685
0.04364341 0.00207121
0.01407692 0.001995292
0.02461081 0.002007042
0.03703931 0.001870595
0.04056942 0.001872697
0.04057794 0.001829046
0.04860596 0.001891938
0.05671979 0.001906917
0.0574511 0.002030361
0.08666754 0.002132652
0.08378047 0.002187548
0.08047425 0.002108039
0.06161995 0.002144848
0.06563252 0.001906768
0.05446818 0.001903719
0.03531376 0.001882922
0.01041573 0.001829934
0.02188745 0.001799742
0.0151561 0.001611411
0.02244612 0.001718815
0.02217151 0.00171291
0.01512493 0.001729882
0.01326106 0.001762692
0.001492364 0.001761911
0.007727781 0.001791056
0.01081565 0.001837994
0.003089387 0.001729688
0.009348714 0.001779854
0.007019766 0.001708156
0.009218039 0.001683852
0.007554974 0.001784404
0.0269919 0.001827482
0.03102894 0.001803826
0.02188176 0.001804578
0.02274702 0.001859996
0.006132798 0.001721548
0.01393683 0.001561197
0.01446447 0.001667619
0.01105755 0.001734372
0.01124988 0.001657593
0.02093723 0.001618137
0.02667876 0.00170551
0.02891339 0.001724074
0.01566472 0.001595256
0.02011488 0.001619476
0.01250707 0.001551198
0.01401971 0.001504102
0.007782184 0.001524052
0.00150657 0.001413105
0.01271443 0.001474373
0.01217372 0.001437747
0.005564198 0.001501772
0.009479943 0.001360332
0.002208602 0.001285926
0.01057391 0.001231602
0.03198687 0.001234182
0.0522718 0.001264442
0.04105351 0.001231269
0.07558351 0.001235086
0.1096989 0.001211506
0.1019669 0.001237683
0.1164828 0.001201581
0.1044954 0.001224434
0.1211708 0.00128009
0.09127983 0.001211224
0.09088306 0.001239899
0.1128092 0.001140288
0.1399414 0.001105138
0.07911658 0.00107087
0.06920191 0.001117913
0.07091437 0.001135227
0.06291927 0.001157815
0.08963394 0.001242452
0.06657963 0.001302092
0.0476813 0.001420661
0.0469575 0.00149448
0.04054685 0.001416153
0.04463202 0.001476078
0.03690845 0.001454708
0.05186607 0.001544737
0.04834707 0.001607973
0.02965968 0.001630106
0.01552608 0.001691511
0.01821951 0.001699894
0.01826449 0.001679245
0.004486867 0.001602838
0.001492819 0.001540597
0.002809072 0.001555543
0.0009827836 0.00148589
0.00615847 0.001412462
0.00322831 0.001376792
0.005535764 0.00138361
0.01383464 0.001256583
0.01564816 0.001401215
0.02694276 0.001406471
0.02468249 0.001525565
0.0344312 0.001479598
0.02312575 0.001507097
0.03217235 0.00140352
0.02018254 0.001335251
0.03861963 0.001320296
0.04890267 0.0013236
0.05073294 0.001403331
0.04987964 0.001412005
0.03291888 0.001363812
0.06024902 0.001348813
0.03542009 0.001390003
0.03077558 0.00137161
0.02222974 0.001386492
0.01543454 0.001465777
0.02152334 0.001512696
0.01393966 0.001504312
0.02756963 0.00157532
0.05101429 0.001491491
0.06819057 0.001519172
0.06007325 0.001448389
0.09401335 0.001481937
0.1031427 0.001429479
0.08455929 0.001390869
0.08848453 0.001361637
0.08035804 0.00139227
0.1397296 0.001385086
0.1773057 0.001393255
0.1831461 0.001467554
0.1596172 0.001523926
0.09403125 0.00147098
0.0898516 0.00150486
0.0971078 0.001549018
0.08959221 0.001434062
0.08178939 0.001467004
0.1185065 0.001511651
0.09855741 0.001499488
0.1030685 0.001402088
0.08073572 0.001317905
0.07482229 0.001245493
0.08160583 0.001189958
0.1164625 0.001111846
0.1077635 0.001228588
0.08351801 0.001220649
0.06172342 0.001118657
0.05120636 0.001204516
0.06805194 0.001242618
0.1156791 0.001327954
0.09030515 0.001326059
0.05409891 0.00132072
0.04081976 0.001281767
0.04439427 0.001192084
0.02312485 0.00113451
0.02444689 0.001058804
0.0449839 0.0010205
0.05436963 0.0009966557
0.04592591 0.0009944863
0.03564145 0.001021097
0.06300733 0.001007604
0.04746215 0.0009918548
0.0663814 0.001039665
0.05977077 0.001020321
0.0544971 0.00103515
0.03815502 0.001107742
0.03763151 0.001061229
0.05307383 0.001085044
0.07411034 0.001095837
0.09361238 0.001181506
0.1064992 0.001127541
0.09166166 0.001223817
0.1134152 0.001154574
0.1322858 0.001197259
0.1396411 0.001216923
0.1004373 0.001223147
0.1010673 0.001119615
0.09961764 0.001225738
0.06123234 0.001188128
0.09074693 0.001171859
0.09376908 0.001178695
0.06943441 0.001111831
0.04622853 0.001100319
0.06408862 0.001122721
0.05094773 0.001090678
0.04407541 0.001178101
0.02030983 0.001191684
0.02706537 0.001102486
0.03815692 0.001161879
0.04002004 0.00111295
0.02280244 0.001189898
0.01616841 0.001207031
0.02661075 0.001121814
0.02748089 0.001178106
0.03571289 0.00127752
0.05456674 0.001360509
0.07796338 0.001336503
0.1038692 0.001431262
0.1270624 0.001478945
0.08299268 0.001465174
0.07686042 0.001534108
0.0646712 0.0016228
0.07239858 0.00153961
0.07079593 0.001408444
0.06629007 0.001422885
0.0418016 0.001363803
0.05999309 0.001323361
0.0629069 0.001398317
0.05507189 0.001468699
0.05848028 0.001547982
0.07421277 0.001614771
0.06824735 0.0016699
0.08064948 0.00170337
0.09476799 0.001596015
0.1112146 0.001565795
0.1254387 0.00158487
0.138377 0.00151811
0.1177013 0.001587308
0.123132 0.001580108
0.1112626 0.001465402
0.1267751 0.001363501
0.1086432 0.001408263
0.1339031 0.001390259
0.1402099 0.001370155
0.1335272 0.00132579
0.09865092 0.001389422
0.1269958 0.00135799
0.09707897 0.001429802
0.06638634 0.001392528
0.04597744 0.001360673
0.04368277 0.001411576
0.04372447 0.001449464
0.06433191 0.001496851
0.05340603 0.001484528
0.07840022 0.001459019
0.08283798 0.001586603
0.05402517 0.001600722
0.07934147 0.001609064
0.06377212 0.001589779
0.04262652 0.001608144
0.0817643 0.001421153
0.0907967 0.00145185
0.1052079 0.001369488
0.1315336 0.00134102
0.1450107 0.001390096
0.1734171 0.001422781
0.1640526 0.001289296
0.1919153 0.001354234
0.1813981 0.001297428
0.2140577 0.001394294
0.204637 0.00146978
0.1900593 0.001517823
0.2372012 0.001494976
0.2141549 0.001455499
0.1869263 0.001389802
0.2024343 0.001405465
0.1666604 0.00136667
0.1345878 0.001332351
0.1381242 0.001378455
0.1328851 0.001335365
0.1250303 0.001467767
0.09892634 0.001396571
0.09959673 0.001407106
0.08486859 0.001448296
0.07486968 0.001463425
0.09016495 0.00135261
0.08192378 0.001342622
0.04619553 0.001350783
0.05259309 0.001342267
0.08592127 0.001438099
0.08919199 0.001312858
0.1037496 0.001316475
0.09029799 0.001278166
0.1011499 0.001361889
0.1147678 0.001398029
0.0811046 0.001489885
0.06244809 0.001414995
0.08001689 0.001530426
0.08886184 0.00144029
0.1014696 0.001365304
0.08721347 0.001272428
0.1098143 0.001149917
0.1141869 0.001180958
0.09296588 0.001184984
0.09088524 0.001192579
0.08352826 0.001207696
0.07106157 0.001196259
0.05428669 0.001312485
0.05919641 0.00134818
0.05446213 0.001263712
0.04476392 0.001306649
0.05879977 0.001285207
0.07668241 0.001330151
0.03744756 0.001396558
0.0283928 0.001396303
0.04881316 0.001408669
0.06645224 0.001499861
0.0962619 0.001495478
0.08939696 0.001536729
0.06066001 0.001471098
0.05547451 0.001435023
0.04491913 0.001407165
0.04942455 0.00127442
0.08488031 0.00135547
0.08452498 0.001411387
0.07555752 0.001346737
0.1000176 0.00133773
0.08813715 0.001288509
0.0888211 0.001227886
0.09444758 0.001131633
0.06384322 0.001188917
0.07499031 0.001094825
0.1162353 0.001133462
0.1130836 0.001099663
0.07595202 0.001058601
0.08949948 0.001101644
0.08904638 0.001095934
0.07811982 0.0009931999
0.09024178 0.001062889
0.09491573 0.001073141
0.06192984 0.001109191
0.05952372 0.001159711
0.07615222 0.001149534
0.06784887 0.001128863
0.08349475 0.001119226
0.08336753 0.00111005
0.06376411 0.001069789
0.0602201 0.001099976
0.03437299 0.001102477
0.02651929 0.001070481
0.03916864 0.001046583
0.0513169 0.001098297
0.0852143 0.001079901
0.09265895 0.001054169
0.1233285 0.0009741631
0.1431423 0.000911139
0.1471287 0.0009403698
0.1531889 0.0009232801
0.1450845 0.0008900327
0.1485803 0.0008514534
0.1530551 0.0008843113
0.1062849 0.0009765911
0.1009409 0.0009741469
0.1162569 0.001059664
0.123994 0.0009827305
0.1294772 0.001028031
0.163473 0.001011614
0.1751948 0.001023764
0.1699877 0.0009434921
0.1222156 0.00101172
0.1420807 0.0009920254
0.1633532 0.001014353
0.1542955 0.001028297
0.1599467 0.001036845
0.1391948 0.001028897
0.1251802 0.001033383
0.124898 0.0009702355
0.105489 0.0009905788
0.1187307 0.0009341071
0.1029823 0.0009455448
0.1656764 0.0009297123
0.1253312 0.0008859143
0.1563413 0.0008768367
0.1648618 0.000891759
0.1239367 0.0008523765
0.1222075 0.0007543425
0.1203849 0.0008454511
0.08634434 0.0008899632
0.06985952 0.0009154715
0.08110435 0.0009553625
0.1221425 0.0009106965
0.1259561 0.0008879495
0.1552984 0.0008804155
0.1260057 0.0008936328
0.174839 0.0008687647
0.1486445 0.0008475687
0.1377084 0.0008129751
0.1413658 0.0007924434
0.132911 0.0007564276
0.1127954 0.000760339
0.09861088 0.0007371215
0.09595003 0.0008299049
0.07796191 0.0008701111
0.03815739 0.0008314089
0.03340729 0.0008898435
0.04216669 0.000885716
0.05592365 0.0008774372
0.05323674 0.0008961369
0.0651224 0.0009572607
0.06727095 0.000973464
0.03074314 0.0009697288
0.01623244 0.001008984
0.01601721 0.001051119
0.02214749 0.001005468
0.0005433907 0.0009976358
0.01154224 0.0009663877
0.01353504 0.001003326
0.008922953 0.0009827315
0.01250981 0.0009871571
0.007593771 0.0009564589
0.007055167 0.001073056
0.001653131 0.001112049
0.003089479 0.001103629
0.01228945 0.0009754385
0.01736644 0.0009490485
0.01556693 0.0009822896
0.02280054 0.0009985205
0.02203773 0.001025097
0.01520893 0.0009963796
0.02964932 0.001110517
0.0167936 0.001086614
0.03788643 0.00106306
0.03730267 0.00104156
0.05329933 0.001049639
0.04693409 0.001054837
0.0567425 0.001050239
0.03712195 0.0009917191
0.03690578 0.0009801602
0.05149553 0.0009866487
0.04588072 0.0009959665
0.06215489 0.001018034
0.04982291 0.001011378
0.09353034 0.001007658
0.1019415 0.00104881
0.1388044 0.001138523
0.1377289 0.001091722
0.1634798 0.001043995
0.1464136 0.001047916
0.1426303 0.001064345
0.1132408 0.001138698
0.09353539 0.001178323
0.08635222 0.001265499
0.08068012 0.001179574
0.05748689 0.001167815
0.0458716 0.001268752
0.06065835 0.00119521
0.05728629 0.001146848
0.0475601 0.001136717
0.03791367 0.001059319
0.04797169 0.001018756
0.08650873 0.0009661454
0.06877809 0.0009651613
0.05858957 0.0009876604
0.02707575 0.0009776415
0.0236128 0.001028479
0.03832993 0.00103702
0.04366956 0.0009921391
0.02471661 0.001005336
0.01703912 0.001011804
0.01312981 0.001066027
0.01907275 0.00109035
0.02527111 0.001168942
0.04992455 0.0010689
0.06148715 0.001065907
0.05917769 0.001172701
0.07695901 0.001196767
0.07327252 0.001261646
0.06569593 0.00118939
0.05303859 0.001100252
0.06189319 0.001080119
0.04187269 0.001028942
0.05576632 0.001159693
0.0715845 0.001197221
0.07051631 0.001171223
0.06510073 0.001105244
0.08834628 0.001081346
0.06243504 0.001103529
0.06089174 0.00122189
0.08959794 0.001269394
0.094701 0.001332622
0.05951929 0.001313846
0.03824751 0.001238938
0.03266976 0.001306762
0.02160968 0.001317352
0.02866607 0.001331633
0.03770124 0.001281928
0.04216966 0.001210466
0.02594676 0.001236809
0.05166126 0.001283203
0.07203759 0.00132417
0.09799055 0.001391519
0.08510347 0.001350596
0.1015845 0.001448192
0.07959778 0.001487907
0.1218551 0.001364181
0.103068 0.001360749
0.1481833 0.001404587
0.1279239 0.001303047
0.111242 0.001278499
0.06920553 0.001254646
0.06459636 0.001246037
0.05288476 0.001213281
0.05308918 0.001132658
0.04848153 0.001154785
0.0342757 0.001208257
0.01105542 0.001188979
0.005666348 0.001123925
0.01306623 0.001033035
0.02013341 0.001127124
0.03576507 0.001140681
0.05598043 0.00111371
0.07432523 0.001123337
0.08029111 0.001161429
0.104751 0.001152643
0.1204929 0.00107675
0.1021651 0.00107076
0.1232185 0.001127673
0.1297321 0.001109562
0.07849846 0.001206159
0.08020934 0.00118116
0.1023119 0.001140158
0.1028163 0.001106928
0.07538973 0.001177125
0.0693968 0.001147674
0.08325731 0.001115011
0.1257657 0.001235916
0.1464613 0.001156152
0.1685434 0.001193768
0.1860552 0.001227731
0.1893003 0.001207475
0.2478135 0.001175194
0.22347 0.001156252
0.2371018 0.001120919
0.1847113 0.001098567
0.1768464 0.001122247
0.16875 0.001148231
0.1523899 0.001082977
0.1645018 0.001275624
0.1227817 0.001330572
0.1300409 0.001345915
0.1033355 0.001372606
0.07699108 0.001441312
0.08530497 0.001483266
0.09817265 0.001394362
0.05943745 0.001400946
0.07199913 0.001390653
0.05754436 0.001430118
0.04784274 0.001479096
0.02609129 0.00128285
0.03444661 0.001184602
0.04678965 0.001157127
0.04325936 0.001178217
0.04447792 0.001182081
0.0449937 0.001112552
0.08216784 0.001157728
0.08547981 0.001159808
0.07315781 0.001091977
0.06043502 0.001100912
0.08509535 0.001267071
0.08728486 0.001349505
0.1022331 0.001209052
0.1295573 0.001216974
0.1621169 0.001279881
0.1867304 0.00129723
0.2087119 0.001263112
0.177728 0.001233663
0.1856604 0.001179761
0.2267535 0.001281155
0.2412095 0.001194812
0.1978156 0.001152241
0.241308 0.001200398
0.2545783 0.001278256
0.2390182 0.001220511
0.2392037 0.001213013
0.2114711 0.001261195
0.2121219 0.001223278
0.1899214 0.001210904
0.1762013 0.001197272
0.2135108 0.001165712
0.2240577 0.001120627
0.2832267 0.001144151
0.2979751 0.001111633
0.2259666 0.001093342
0.1856318 0.001079445
0.1528697 0.00105439
0.1837661 0.001135113
0.1857485 0.001050354
0.1379767 0.001032649
0.112639 0.001026348
0.138071 0.001019362
0.1497815 0.001047697
0.1743323 0.001117563
0.1873877 0.001152971
0.1701512 0.001104502
0.1777777 0.001028095
0.1648503 0.001061391
0.1578516 0.001095198
0.1415961 0.001036739
0.1696962 0.001063197
0.1622375 0.001156263
0.1714105 0.001168126
0.1450615 0.001211952
0.1350258 0.001174957
0.1480696 0.00112274
0.1617178 0.001051275
0.213918 0.0009540081
0.159447 0.000880749
0.1427549 0.0008750314
0.1649788 0.0008617493
0.162948 0.0009023092
0.1536393 0.0008701177
0.1472651 0.0008326288
0.1390567 0.0007896542
0.14035 0.0008083063
0.1632638 0.0008020655
0.1615324 0.0007980722
0.165885 0.0007645229
0.1546861 0.0006759331
0.1606106 0.0006874731
0.1780394 0.0007194522
0.2448387 0.0006499771
0.3043062 0.0006393852
0.244148 0.0006126019
0.2713901 0.0005988948
0.2146111 0.0005675726
0.2240726 0.0005756172
0.2336203 0.0005981816
0.2294789 0.0006283977
0.2910166 0.0006433768
0.3112866 0.0006232509
0.2096295 0.0006267854
0.2184888 0.0006821814
0.2669739 0.000693634
0.2479382 0.000623677
0.282546 0.0006298595
0.3206493 0.0006031686
0.2861069 0.0006528697
0.2389511 0.0006382189
0.2641323 0.0006327899
0.2624757 0.0006183996
0.2481831 0.0006413676
0.2079179 0.0006267597
0.1853337 0.0005933232
0.226021 0.0006229438
0.2048587 0.0006148702
0.2045778 0.0006017386
0.1571374 0.0006223422
0.1866954 0.0006437299
0.152741 0.0006539675
0.1742468 0.0006299679
0.1481937 0.0005970373
0.1222912 0.0005980086
0.1235858 0.0005456289
0.1023014 0.0004875715
0.1133775 0.0005037479
0.1139719 0.0005471503
0.1338983 0.0005335932
0.1604372 0.0005979644
0.1509566 0.0005974381
0.1408847 0.0005855797
0.1043364 0.0005562531
0.1206169 0.0005929893
0.1609763 0.0006193731
0.1530588 0.000608835
0.1238431 0.000591649
0.1203675 0.0005984267
0.1626437 0.0006082726
0.1955075 0.0006155078
0.1856084 0.0005512281
0.1904724 0.0005268418
0.198488 0.0005213549
0.1809338 0.0005358254
0.1421998 0.0005060591
0.1209554 0.0005416426
0.08314663 0.0005280977
0.08127358 0.0005205448
0.08723415 0.0005111801
0.08564332 0.0005002678
0.08655215 0.0005047167
0.05290625 0.0005046579
0.03862366 0.0005077157
0.04685817 0.0004765616
0.05494769 0.0005100991
0.03976334 0.0005252022
0.04651263 0.0005031632
0.0497897 0.0005042612
0.04991528 0.000511564
0.05625633 0.0005582327
0.06433242 0.0004800269
0.05937345 0.0004496058
0.03196987 0.0004513655
0.0414973 0.0004296472
0.06132313 0.0004419518
0.04862675 0.0004194306
0.03088726 0.0004067486
0.04464112 0.0004112849
0.0443149 0.0004708095
0.04827413 0.0004326884
0.09027094 0.000442692
0.1279051 0.0004836408
0.1049746 0.0004924921
0.1175997 0.0005077463
0.1030719 0.0005214015
0.07684756 0.0005036262
0.08946805 0.0005306658
0.06631381 0.0005216124
0.06948077 0.0005375847
0.08486212 0.0005752462
0.07461639 0.0005914645
0.06378961 0.0005699191
0.116891 0.0005966665
0.09129626 0.0006251085
0.07429087 0.0006306288
0.08350889 0.0006138693
0.07738888 0.0006132986
0.08487273 0.0005989209
0.09095738 0.0006288012
0.07936927 0.0006511185
0.1191662 0.0006371318
0.09867056 0.0006400216
0.1201805 0.000663447
0.05736429 0.0007025802
0.04313483 0.0007140687
0.0300697 0.0006705931
0.0202606 0.0006534845
0.02320544 0.000643701
0.04755973 0.00066794
0.04232814 0.0006662518
0.04760197 0.0006356074
0.0316972 0.0006833542
0.01636041 0.0007083668
0.005542531 0.0007178919
0.001367177 0.0007309364
0.00227434 0.0007097405
0.002095933 0.0007178952
0.006623949 0.0007281734
0.0047568 0.0007260362
0.03465934 0.0007277003
0.04880361 0.0007265631
0.05120834 0.0007636368
0.04596657 0.0007703784
0.04373423 0.0008019489
0.02461047 0.0007376399
0.03124681 0.0007948725
0.04783979 0.0008162657
0.06264289 0.0008779803
0.06625766 0.0008620175
0.06473381 0.0008385855
0.0735021 0.0008405054
0.07378422 0.00080247
0.05488989 0.0007950778
0.05653843 0.0008656648
0.04410652 0.000913907
0.05309948 0.0008974846
0.05855331 0.0009265941
0.07630666 0.0009249374
0.09636373 0.0009346409
0.09421458 0.0009088291
0.1175921 0.0008768951
0.1074891 0.0008864505
0.1124919 0.0009078687
0.1111729 0.0009151081
0.07953667 0.0009038706
0.1092052 0.0008843035
0.1368547 0.0008463127
0.1642578 0.0007915078
0.1744383 0.0008366176
0.1810592 0.0008269646
0.1950219 0.000808977
0.1994909 0.0008034999
0.1656663 0.0007717602
0.1359925 0.0008345025
0.1186134 0.0007723092
0.09410631 0.000752762
0.107527 0.0007218388
0.09514551 0.0007344747
0.1165985 0.0007314768
0.1102879 0.0007720572
0.06408147 0.0007473495
0.07545954 0.000740438
0.09978836 0.0007510496
0.07835173 0.0007470831
0.08484546 0.0007729992
0.059762 0.0007462093
0.04838891 0.0006797234
0.03555156 0.0006753781
0.04706811 0.0007012452
0.03554699 0.0006875512
0.03957319 0.0006692393
0.02563319 0.0006463105
0.03597071 0.0006346921
0.0583472 0.0006339173
0.04605947 0.0006223239
0.09912696 0.0006056252
0.0580243 0.0005827771
0.03942761 0.0005462498
0.04612755 0.0005425971
0.02876313 0.0005082972
0.04542993 0.0004657466
0.0461233 0.0004603314
0.05837376 0.0004598642
0.06470134 0.0004700033
0.05380125 0.0004558864
0.07507344 0.0004399468
0.05886601 0.0004286483
0.07455695 0.0004080468
0.06746816 0.000399622
0.06729306 0.0003635568
0.07897298 0.0003739745
0.04702264 0.000382248
0.06666996 0.0003808955
0.04222994 0.0003979696
0.03821015 0.0003844907
0.04324229 0.0004091394
0.04927982 0.0004121531
0.03896301 0.0004395593
0.07328423 0.0004211633
0.07664776 0.0004323816
0.06128516 0.0004312885
0.0374921 0.0004250726
0.05204746 0.0004453745
0.0660191 0.0004219759
0.08842323 0.0004509523
0.1286778 0.000469055
0.1132802 0.0005015283
0.1385108 0.0004840697
0.1490347 0.000462209
0.1476569 0.0004830647
0.1752166 0.0005260144
0.183237 0.0005501053
0.1285992 0.0005497452
0.1630688 0.0004722339
0.1686414 0.0004928994
0.1162439 0.0004871889
0.09271168 0.0004845351
0.09990519 0.0004966906
0.109268 0.0005057859
0.1303737 0.0004906854
0.07033536 0.0004824744
0.06557162 0.000481524
0.07141615 0.0004471518
0.06399918 0.0004436907
0.0783683 0.0004619143
0.1076064 0.0004408517
0.1139752 0.000514827
0.1141447 0.0005191987
0.1651864 0.0005228074
0.1609405 0.0005431365
0.224053 0.0005342199
0.2330571 0.000540715
0.2307667 0.0005629908
0.2295872 0.000635863
0.2134897 0.000577069
0.1863062 0.0005511239
0.177718 0.0005504495
0.2213081 0.0005526265
0.1770256 0.000529303
0.1182758 0.000591086
0.1106777 0.0005872461
0.1256978 0.0005945911
0.08171464 0.000585002
0.05713297 0.0005968956
0.04372153 0.0005525248
0.04559876 0.0005207989
0.03017989 0.0005157389
0.05291461 0.0005103695
0.04094634 0.0004965654
0.03860506 0.000506137
0.02796533 0.0005087262
0.01237511 0.0004738717
0.006016553 0.0004861728
0.0005110335 0.0004864463
0.0151776 0.0004993773
0.03411966 0.0005356843
0.03576983 0.0005346506
0.02986238 0.0005374845
0.0310646 0.0005650712
0.03242539 0.0005877878
0.01183959 0.0006168257
0.02143501 0.0006236796
0.04970766 0.0006095608
0.07049728 0.0005528031
0.09653009 0.0006101618
0.08902962 0.0006009813
0.1180755 0.0006453206
0.152853 0.0006632942
0.1641753 0.0006254564
0.207313 0.0006355625
0.252555 0.0006061259
0.225607 0.0006124926
0.1479653 0.0006537259
0.1424323 0.0006609195
0.129127 0.0006969697
0.1532212 0.0007149345
0.1470491 0.0006828111
0.1092906 0.0005768721
0.1435646 0.0005702756
0.1071026 0.0005728421
0.0779365 0.0006017825
0.1202974 0.0005604017
0.136525 0.0005338453
0.1613303 0.0005617885
0.1499601 0.0005819988
0.1291337 0.0005969521
0.1342159 0.0006614611
0.2204618 0.0006334168
0.2210038 0.0006530502
0.2187792 0.0006848167
0.1948297 0.0006834505
0.1982398 0.0006423872
0.2246859 0.0006844223
0.2194169 0.0006987566
0.1759072 0.0007379174
0.2193528 0.0007807649
0.1980269 0.0008153919
0.1678583 0.0007220996
0.1262852 0.0007098306
0.105331 0.0007435134
0.1123046 0.0007949903
0.126513 0.0007664463
0.1041447 0.0007963634
0.09227196 0.0008263634
0.08856511 0.0008518961
0.06815095 0.0008554348
0.07730935 0.0007615225
0.09774279 0.0007818711
0.09528335 0.0007061192
0.1383507 0.0007117192
0.1242762 0.0007145248
0.1076073 0.0007252038
0.09779467 0.0007487734
0.1423395 0.0007509033
0.1454014 0.0007999867
0.1887233 0.0008150461
0.1974509 0.0007969633
0.192483 0.0007548439
0.219498 0.0007363031
0.2327279 0.0007317926
0.2501745 0.000741817
0.2702284 0.0007264677
0.299001 0.0007297809
0.2451182 0.0007376526
0.2894801 0.0007298314
0.3451301 0.0007276198
0.3311691 0.0007464563
0.3990446 0.0007418225
0.3636507 0.0007519528
0.2871155 0.0007449227
0.2380836 0.0007420591
0.2977778 0.0007412719
0.2736022 0.0007198008
0.3400983 0.0007913106
0.4228673 0.0007534661
0.4263203 0.0007180146
0.3802773 0.0007269739
0.331779 0.000682232
0.2983398 0.0007087158
0.2911319 0.0007060667
0.297671 0.0007565195
0.2899862 0.000828753
0.2163211 0.0007595896
0.1927602 0.0007979316
0.2073028 0.0008297778
0.1763507 0.0008583011
0.1697919 0.000858518
0.1093199 0.0008587417
0.1164931 0.0008759535
0.1267575 0.0009383618
0.1006677 0.0008861794
0.1175318 0.0009301044
0.1186674 0.0008946993
0.1152034 0.000911595
0.152375 0.0008966039
0.1332957 0.0009339504
0.09721889 0.0009477331
0.07251941 0.0009868788
0.06205074 0.0009631874
0.06100311 0.0009447158
0.07035251 0.0009712243
0.1078788 0.0009238092
0.1035068 0.0008740783
0.1200566 0.0008533071
0.1092585 0.0008363622
0.1051458 0.0009211084
0.1267487 0.0009673646
0.1213717 0.000899537
0.1105862 0.0009361024
0.1455599 0.0009718356
0.1468909 0.0009411759
0.1468158 0.0009765248
0.1333106 0.0009412377
0.08801881 0.0009048653
0.07959745 0.0008674151
0.07287591 0.0008434964
0.07589368 0.0008627787
0.07730682 0.0008931348
0.08269059 0.0009421043
0.08682805 0.0009462771
0.1240748 0.000884264
0.1112573 0.000881498
0.1092781 0.0008519712
0.1528841 0.0007971444
0.1346908 0.0008238942
0.1135533 0.0008626912
0.1337213 0.0008778421
0.09736886 0.0009793431
0.08604702 0.0009703019
0.1108866 0.0009030098
0.1081636 0.0009114954
0.1024451 0.0009382233
0.08381789 0.0009333169
0.07509827 0.0009657426
0.1045744 0.0009492257
0.1063591 0.0008889084
0.09134376 0.0009068029
0.1006942 0.001016785
0.1154962 0.001010408
0.1228596 0.0009855113
0.1127717 0.0009908656
0.08221458 0.0009667688
0.08014728 0.001013947
0.09764716 0.001016778
0.06828145 0.0009942291
0.05628139 0.000922339
0.04771045 0.000856579
0.07294076 0.000840074
0.0565609 0.0007397261
0.07360025 0.0007727534
0.1077632 0.0007774881
0.09153809 0.0007978551
0.0897251 0.0008501065
0.1175572 0.0008797529
0.1153471 0.0008680936
0.06297755 0.0007742478
0.05998873 0.0007844318
0.0572968 0.0008445838
0.07248289 0.0008709299
0.07398504 0.0008321814
0.08510575 0.0008200407
0.07095078 0.000857176
0.0637185 0.0008662063
0.05335301 0.0008758073
0.0553772 0.0008972643
0.04201537 0.0008585753
0.03963911 0.0008252453
0.01732453 0.0008010065
0.02487783 0.0008264693
0.0153072 0.0007649229
0.02425259 0.0007858592
0.04035767 0.0007824789
0.04261338 0.0008596338
0.03608119 0.0008422693
0.03148632 0.0007889976
0.03164939 0.0008474647
0.02084927 0.0009024726
0.03401332 0.0008868507
0.06001132 0.0008911476
0.05364605 0.0008866796
0.04428675 0.0008714642
0.04155088 0.0008495651
0.06568233 0.000859501
0.03064786 0.0009275287
0.02441349 0.0009283505
0.04008024 0.0009372634
0.03259526 0.0008954024
0.0445299 0.0008863533
0.04089866 0.0008289166
0.02237784 0.0008361217
0.01931124 0.0007452038
0.01863798 0.0008579811
0.01640741 0.0007909027
0.01771072 0.0007463199
0.01041004 0.000695686
0.009152064 0.0006703356
0.01541044 0.0006630826
0.04340593 0.000673394
0.04190961 0.0006980456
0.04157637 0.0007918333
0.06568466 0.000778357
0.07688088 0.0008399225
0.08765239 0.0008609655
0.07501734 0.0008676377
0.08625019 0.0008599088
0.1062896 0.0008473765
0.08719654 0.000836999
0.09297374 0.000894069
0.1198996 0.0008708142
0.1145867 0.0008999224
0.08975638 0.0008765162
0.05496386 0.0009089744
0.05024231 0.0009015134
0.02920342 0.0008822209
0.05260294 0.0008650586
0.06589395 0.000917464
0.06953451 0.0009200655
0.04094013 0.0009926377
0.0544146 0.00104034
0.03911211 0.001019843
0.02683417 0.001098883
0.04934642 0.001148922
0.01815925 0.001134781
0.01698246 0.001162955
0.02776152 0.001182781
0.01385392 0.001175423
0.02012009 0.001129158
0.02244039 0.001138012
0.02689533 0.001226352
0.02056235 0.001342376
0.01821221 0.001331847
0.006657077 0.001318265
0.01895933 0.001379666
0.0412671 0.001363195
0.05203966 0.001324862
0.0430501 0.001392831
0.05761051 0.001342548
0.07066832 0.001321628
0.05951355 0.001303066
0.05357213 0.001187673
0.06558109 0.001225525
0.05892662 0.001279497
0.05355118 0.001156792
0.1020875 0.001224857
0.1251351 0.001192077
0.1905804 0.001142698
0.2453785 0.001238542
0.1719684 0.001192137
0.1548997 0.001137963
0.1464252 0.001135686
0.1292571 0.001150504
0.07875006 0.001176239
0.07746715 0.001197597
0.07191438 0.001153341
0.06110665 0.00114202
0.08371734 0.001142742
0.122536 0.001133107
0.132146 0.001103002
0.103513 0.001116444
0.113399 0.001093429
0.1042021 0.001116265
0.08202592 0.001092119
0.103599 0.001144651
0.1119435 0.001245978
0.1114663 0.001254481
0.09410999 0.001298028
0.0604613 0.001375346
0.03930193 0.001383077
0.02017047 0.001492747
0.02501599 0.001512827
0.03073229 0.001515915
0.01210395 0.001551701
0.01609105 0.001597852
0.02335248 0.001548318
0.01148889 0.001633002
0.02587449 0.001599878
0.0338257 0.001645936
0.05460377 0.001659366
0.07876721 0.001640594
0.0737727 0.001511165
0.0554952 0.001563261
0.05441035 0.001614456
0.0647347 0.001526225
0.04421574 0.001554161
0.03765428 0.001691906
0.07495217 0.001598269
0.1019962 0.001784046
0.08747181 0.001708391
0.114826 0.001692188
0.1082473 0.001763237
0.08575801 0.001578414
0.09879346 0.001616815
0.0968018 0.001569986
0.08903654 0.001582825
0.07862387 0.001708728
0.07428085 0.001581123
0.0773364 0.001467113
0.09783509 0.001492482
0.09941034 0.001463307
0.1258146 0.001462024
0.1200628 0.00143492
0.08414073 0.001514968
0.06938075 0.001445622
0.07593992 0.001432126
0.1018883 0.00129338
0.1467673 0.001302005
0.09670726 0.001357679
0.1114622 0.001375771
0.1240209 0.001500896
0.107399 0.001583077
0.08091523 0.001585491
0.06070511 0.001588205
0.0686757 0.001548967
0.09401391 0.001614426
0.07992606 0.0016786
0.1060403 0.001768891
0.09068773 0.001687968
0.08167845 0.001691541
0.07651777 0.001569309
0.09412865 0.001620562
0.1357962 0.001564906
0.1511381 0.001556895
0.1367793 0.001641952
0.09071939 0.0016901
0.0567289 0.001765134
0.01924249 0.00160272
0.0154112 0.001549494
0.01607129 0.001506967
0.009732136 0.001541421
0.01054831 0.001540081
0.001972264 0.001536536
0.01780516 0.001571249
0.02387158 0.001750769
0.03073458 0.001723938
0.05160825 0.00164746
0.0749458 0.001771532
0.06752894 0.001934123
0.08148735 0.001846975
0.09281703 0.001741284
0.07195059 0.001596026
0.03000697 0.00157664
0.05239557 0.001527535
0.04250148 0.001564547
0.03094487 0.001748644
0.0519315 0.001844664
0.03741809 0.001822515
0.03842282 0.001769768
0.0618677 0.001888237
0.06195828 0.001890285
0.09322694 0.001786135
0.06923484 0.001806652
0.07509291 0.001715675
0.1084444 0.001712072
0.07712381 0.001795817
0.04235844 0.001737393
0.03070947 0.00168512
0.027377 0.001665753
0.03759219 0.001615366
0.03405852 0.00168677
0.04071265 0.001754833
0.02758861 0.00168428
0.02772792 0.00161721
0.04451753 0.001564505
0.03977752 0.001511268
0.0446981 0.001519398
0.05656973 0.001630713
0.09393374 0.001726039
0.0980606 0.001806223
0.08361452 0.001729376
0.1065913 0.001992635
0.1001077 0.00192271
0.08928679 0.002012475
0.0720992 0.00199956
0.06235768 0.002025662
0.08281282 0.002128932
0.06865555 0.002018388
0.05299746 0.002094076
0.05228595 0.001920809
0.07394988 0.001971295
0.07604398 0.002083186
0.05404216 0.002106519
0.05002632 0.002012709
0.06874622 0.001898635
0.04757242 0.001905914
0.06328124 0.001830429
0.05952504 0.001807965
0.07162301 0.00182056
0.05450272 0.001854308
0.02978113 0.001732577
0.05283479 0.001788487
0.06019999 0.001615029
0.04694059 0.001724254
0.05744622 0.001665745
0.04820511 0.00163544
0.04032519 0.001644977
0.0419305 0.001621067
0.06225856 0.001604681
0.03150872 0.001700377
0.05642946 0.001680071
0.0516432 0.001694629
0.1059226 0.001627974
0.09403163 0.001590377
0.1144949 0.001536876
0.1851373 0.001454939
0.1163935 0.001575718
0.07380142 0.00158605
0.05641308 0.001540932
0.05418268 0.001566333
0.05882524 0.00161868
0.06702776 0.001626357
0.1009062 0.001703236
0.0784923 0.001694368
0.06505745 0.001640037
0.07167379 0.001646244
0.03983209 0.00168912
0.02806138 0.001701581
0.02040284 0.001556897
0.01563269 0.00160977
0.003442698 0.001548651
0.004490222 0.001570942
0.005746103 0.001731133
0.005797812 0.00167181
0.01127486 0.001697435
0.02257368 0.001674851
0.01606559 0.001800418
0.01532567 0.001914979
0.03139314 0.002057213
0.0235629 0.002011793
0.03119932 0.001982362
0.03439068 0.001730059
0.0504218 0.001712937
0.05141292 0.001701611
0.04586212 0.001761924
0.04592451 0.001863308
0.02995828 0.001926657
0.0276962 0.001722371
0.03534041 0.001641504
0.03984162 0.001703819
0.03457944 0.001844896
0.02637749 0.001911919
0.03036537 0.001860478
0.04226756 0.001791502
0.05319429 0.001792107
0.08040064 0.001746362
0.0834284 0.001872034
0.09365832 0.001989146
0.0886284 0.002065686
0.09779052 0.001999243
0.1036509 0.002112175
0.0533971 0.001932932
0.05019699 0.00189593
0.03318479 0.001940934
0.07217191 0.00192746
0.04756827 0.002093832
0.04304443 0.002278844
0.02376312 0.002099503
0.03384545 0.002102869
0.0189794 0.00208213
0.02563134 0.002077958
0.04627503 0.002087463
0.0381797 0.00227348
0.03910965 0.002330815
0.0579264 0.002344367
0.05378422 0.002291392
0.09022563 0.002512071
0.09527711 0.002413719
0.04899829 0.002343511
0.06343067 0.00230462
0.06589525 0.002292556
0.08432358 0.002313932
0.09104263 0.002312827
0.1038201 0.00235881
0.1170204 0.002503223
0.07550574 0.002343071
0.06944814 0.002257843
0.08846265 0.00221398
0.08008069 0.002245579
0.09052433 0.002175138
0.1048138 0.002143098
0.08860455 0.002192568
0.07268148 0.00217047
0.07983753 0.002070558
0.0633127 0.002187554
0.04360008 0.002107213
0.05173668 0.002153422
0.05430146 0.002135066
0.03861355 0.001997092
0.04930571 0.002056802
0.03608693 0.002158023
0.03388907 0.002067929
0.06178035 0.00216199
0.06211664 0.002102378
0.09827903 0.001967021
0.08130514 0.002012759
0.09035251 0.002076951
0.08709336 0.001933048
0.07299686 0.002019447
0.05556392 0.001976687
0.04911368 0.001920223
0.08799223 0.001976787
0.08398844 0.001981473
0.09062088 0.001867474
0.1151776 0.001648752
0.096452 0.001649409
0.1203913 0.001653912
0.08418385 0.001692377
0.07659906 0.001677119
0.06934532 0.00170582
0.06264174 0.001618306
0.06944399 0.001668511
0.04877409 0.001643161
0.07476974 0.001599232
0.04718174 0.001544015
0.04420205 0.001416381
0.04907924 0.001397305
0.03551929 0.001419221
0.03970949 0.00142305
0.04096496 0.001499864
0.03242316 0.001394779
0.03341583 0.001353585
0.06074478 0.00132757
0.04752886 0.001388515
0.03019351 0.001369807
0.01525732 0.001343964
0.01403856 0.001414045
0.01224937 0.001333961
0.01979888 0.001247861
0.02614633 0.001331616
0.02692016 0.001362843
0.02677035 0.001333789
0.03383421 0.001281707
0.06517827 0.001205975
0.08958152 0.001240845
0.1128589 0.001206911
0.1448151 0.001233488
0.1340558 0.001196837
0.1365213 0.001285111
0.09471412 0.001311654
0.1007659 0.0012853
0.06092451 0.001186698
0.05355106 0.001115921
0.06835075 0.001244978
0.08028161 0.001265533
0.114054 0.001289891
0.1302462 0.001169837
0.1072491 0.001147628
0.1376912 0.001080814
0.1217849 0.001058047
0.08585378 0.00100553
0.08195985 0.001044521
0.03720436 0.0009976535
0.03107826 0.0009954512
0.03316149 0.001012739
0.04899122 0.001018897
0.05389125 0.0009846533
0.07033121 0.001062441
0.07757293 0.000994557
0.07426842 0.0009870837
0.07761445 0.0009135077
0.05387031 0.0009155712
0.07633199 0.0009000598
0.06758044 0.0009338162
0.03703333 0.0009696588
0.08555787 0.001068285
0.1032597 0.001135372
0.1067547 0.001071668
0.09708384 0.001041315
0.07501056 0.001063639
0.09637373 0.001108978
0.115375 0.001116713
0.1401819 0.001164434
0.1207279 0.00104591
0.1630586 0.0009903068
0.1517122 0.0009876758
0.1518141 0.001036609
0.1443151 0.001022459
0.1746059 0.00105313
0.2265253 0.001015391
0.2232463 0.0009765838
0.1904987 0.001029812
0.1364933 0.001025082
0.1103032 0.001027225
0.1053843 0.001006018
0.1296748 0.001035495
0.1269282 0.0009562063
0.1226413 0.001009967
0.1316815 0.001017066
0.1192158 0.001088072
0.1417728 0.001067768
0.1087644 0.001023629
0.08749367 0.001052251
0.09737944 0.001136264
0.1268719 0.001187164
0.1132472 0.001222567
0.1273523 0.001383758
0.1074492 0.001353112
0.0773272 0.001469946
0.0865911 0.001416276
0.1058888 0.001382239
0.08243637 0.001347578
0.08501731 0.001455012
0.07428793 0.001445155
0.08115772 0.001411473
0.07370407 0.001401892
0.07608742 0.001385866
0.07206992 0.001355105
0.09621721 0.001373419
0.1039443 0.001438558
0.08824475 0.0014173
0.1176806 0.001309781
0.1225373 0.001327624
0.1259013 0.001367138
0.1172543 0.001467467
0.1229775 0.001461418
0.1627839 0.001416088
0.2010497 0.001350064
0.1879137 0.001299799
0.154825 0.00136484
0.1268064 0.001378328
0.107433 0.001377055
0.1132711 0.001422302
0.1148227 0.001362682
0.09444504 0.001322093
0.09296869 0.001338537
0.08684982 0.00132511
0.08929756 0.001187279
0.09729056 0.00122924
0.08403378 0.001250687
0.08906045 0.001350105
0.1067399 0.001419144
0.08701729 0.001485712
0.08419487 0.001503434
0.113562 0.001428997
0.08669068 0.001346629
0.07964868 0.001425914
0.07381268 0.001489484
0.08490429 0.001486957
0.0917588 0.00151179
0.09011702 0.001590669
0.07672264 0.001638199
0.0653606 0.001607698
0.07260702 0.001671865
0.06506199 0.001463445
0.04285787 0.001680459
0.03010735 0.001738163
0.0310571 0.001773748
0.01634381 0.001812699
0.01799238 0.001664544
0.009640518 0.001721637
0.01311886 0.00169606
0.009329715 0.001656565
0.001692064 0.001675062
0.002703257 0.001676236
0.01337962 0.001532711
0.01628407 0.001661573
0.02076063 0.001651342
0.02476661 0.00175432
0.02484696 0.001668552
0.04248635 0.00162792
0.06106259 0.001575211
0.04034077 0.001610968
0.02857058 0.001682594
0.02557414 0.001711518
0.03500166 0.001692591
0.02188674 0.001814732
0.02560472 0.001858487
0.04262949 0.002009051
0.04302468 0.001954565
0.04770264 0.002053769
0.02861809 0.002051801
0.0320815 0.002064674
0.02523605 0.002004578
0.03490431 0.002057269
0.06403503 0.001936876
0.1067016 0.001921421
0.0838511 0.001843651
0.05452427 0.001941835
0.04880545 0.001844946
0.105433 0.002094519
0.08886426 0.002093086
0.04200327 0.002256728
0.04254708 0.002325654
0.05477948 0.002194883
0.06058068 0.002114127
0.04703173 0.002431382
0.0539191 0.002444413
0.03609983 0.002543614
0.02387454 0.002515928
0.06556359 0.002569994
0.05148797 0.002643985
0.07763614 0.002565206
0.08425954 0.00234835
0.06072596 0.002391379
0.03794445 0.002507981
0.04489486 0.002353625
0.05016227 0.002467925
0.05049869 0.002343537
0.05171492 0.002389122
0.02061298 0.002239473
0.03420164 0.002343888
0.02471066 0.002155297
0.04211951 0.00229351
0.05137052 0.002379118
0.0414402 0.002300921
0.07681293 0.002318683
0.06058794 0.002283869
0.06566749 0.002399057
0.06603458 0.002492767
0.05019927 0.002634462
0.08472173 0.002566352
0.05989289 0.002525021
0.05727639 0.002546046
0.06534109 0.002492476
0.091282 0.002432192
0.08673649 0.002359237
0.08845948 0.002274533
0.09421969 0.002443417
0.0746568 0.002550009
0.09029892 0.002442461
0.08084683 0.002401774
0.03294878 0.002493013
0.05294574 0.002583369
0.03391752 0.002565764
0.0343758 0.002463606
0.01303793 0.002426657
0.01470135 0.002360267
0.01896898 0.002505052
0.03745493 0.002387751
0.02850186 0.002470932
0.02990624 0.002639303
0.04064981 0.002580456
0.03273889 0.002624948
0.01483257 0.002546935
0.01721927 0.002546419
0.02081443 0.002587869
0.01886374 0.002775564
0.02640561 0.002902991
0.04463073 0.002947772
0.05178627 0.002967992
0.04481727 0.003140711
0.05118795 0.003338848
0.07422603 0.003265474
0.06692242 0.003260313
0.05320277 0.003383471
0.0499058 0.003308835
0.06823185 0.003344919
0.0739548 0.003339187
0.05663372 0.003244221
0.0340777 0.00331846
0.05993852 0.003153088
0.05404199 0.003363718
0.05177631 0.003321614
0.05243841 0.003351164
0.02968466 0.003224927
0.06939627 0.003362651
0.05009379 0.003597462
0.02307938 0.003644543
0.01545515 0.003526154
0.01073356 0.003406841
0.008642157 0.003169759
0.007093819 0.003050665
0.00440859 0.002868841
0.01554004 0.002739409
0.00749647 0.002962571
0.009074067 0.002958562
0.02134466 0.003005994
0.02278995 0.003059519
0.03040627 0.002915619
0.01436458 0.00296459
0.01929671 0.003162177
0.02877453 0.003270506
0.05993904 0.003275249
0.05060134 0.003254747
0.03714616 0.003282585
0.03250022 0.003439242
0.03013807 0.003199164
0.02354806 0.003361908
0.03228852 0.003552524
0.04656337 0.003602106
0.04331615 0.003805138
0.05693713 0.00355629
0.08771026 0.003621187
0.09402773 0.003492662
0.06755306 0.003617874
0.04908355 0.003968606
0.03712863 0.004094634
0.03165391 0.004353094
0.040593 0.004599841
0.01688453 0.004898195
0.008177854 0.004718718
0.007470037 0.00487683
0.02151758 0.004853734
0.02839637 0.004791263
0.01129841 0.0050306
0.01459788 0.004696363
0.01840218 0.004425329
0.01578715 0.004359116
0.008228956 0.00444554
0.002590692 0.004696095
0.001368083 0.004448625
0.007472339 0.004152052
0.01304335 0.004325843
0.02559571 0.004209691
0.01401912 0.004266531
0.03097564 0.004092588
0.03787664 0.004180232
0.03866777 0.004302594
0.03070907 0.004363366
0.02249891 0.004339885
0.020587 0.004527824
0.007567958 0.004157201
0.0110177 0.004067676
0.02239937 0.004277789
0.02264398 0.004548116
0.02488315 0.004605431
0.06277149 0.004383675
0.0427843 0.00430147
0.04848976 0.004657623
0.03159589 0.004854826
0.02612133 0.004791797
0.02701215 0.004879608
0.05086811 0.004924621
0.05052988 0.004491476
0.03896777 0.004545401
0.05618133 0.004696499
0.05259787 0.00449619
0.04261186 0.004752679
0.02872723 0.00462122
0.03501515 0.005001258
0.01858164 0.005227725
0.02155205 0.00551814
0.008671805 0.005414955
0.01319781 0.005581326
0.01334406 0.006084719
0.009757471 0.005555303
0.01665242 0.005963407
0.02616794 0.005741256
0.02924673 0.005459145
0.03899958 0.005253513
0.02769782 0.004955683
0.02109081 0.004733306
0.01607873 0.004422976
0.002498596 0.004095288
0.01495829 0.004359142
0.003319699 0.004214337
0.002762398 0.004446943
0.008633346 0.004576534
0.009893659 0.004522936
0.01286777 0.00448591
0.02097072 0.004396944
0.01032435 0.004339181
0.01120541 0.004437377
0.02870534 0.00433998
0.03466074 0.004302937
0.02798102 0.004223921
0.03056575 0.00435641
0.05411444 0.004417641
0.04314099 0.004458817
0.02595995 0.004296928
0.02418501 0.004347214
0.01438588 0.004487124
0.03271725 0.004454805
0.04011943 0.004817768
0.03473663 0.005214532
0.04717942 0.005019054
0.08100501 0.005182565
0.07312718 0.005129626
0.09687974 0.005214673
0.134695 0.00489275
0.1494466 0.00481497
0.1450839 0.004888071
0.1087992 0.004899788
0.09725917 0.004811969
0.1059595 0.004834392
0.09555931 0.004893242
0.08750378 0.005015713
0.1269053 0.004842631
0.1372939 0.004932496
0.09304004 0.004825361
0.05038929 0.004638999
0.06866513 0.004467829
0.06584438 0.004076236
0.04544328 0.003919744
0.0209067 0.004117737
0.005186269 0.004317479
0.0242781 0.003946141
0.04100061 0.004053857
0.04535214 0.003991447
0.05060007 0.003929683
0.05587582 0.003968655
0.08053767 0.003899109
0.06853854 0.003701859
0.06694487 0.003832254
0.04209237 0.003696241
0.03316496 0.003458411
0.05595816 0.003279027
0.03388945 0.003550244
0.06459668 0.003568619
0.08421783 0.003431762
0.09397754 0.003264524
0.123045 0.003395394
0.1043229 0.003329973
0.1052707 0.002935382
0.07386105 0.003121466
0.0562483 0.003363663
0.07103006 0.00333612
0.07333806 0.003533094
0.06962472 0.003546581
0.06977329 0.003496155
0.08978983 0.003331054
0.0768596 0.003138633
0.1131578 0.003196174
0.1319482 0.003258956
0.09560229 0.00335998
0.07185946 0.003282076
0.0550076 0.003200371
0.03463207 0.003147927
0.03434199 0.002778387
0.0190781 0.002752129
0.01384769 0.002733023
0.01416456 0.002629347
0.02304728 0.002660862
0.008091978 0.002508965
0.0240865 0.002541018
0.04293036 0.002405721
0.06147206 0.00230413
0.09027656 0.002525051
0.07690791 0.002621613
0.07999809 0.00273167
0.09999937 0.002849612
0.07384613 0.00303966
0.1238734 0.002967358
0.1208276 0.002928989
0.1299389 0.003079637
0.1376597 0.003372977
0.1300552 0.003468491
0.124943 0.003329198
0.08463885 0.003097004
0.07969799 0.003050517
0.1022116 0.002935916
0.1116934 0.003149429
0.1026806 0.003223167
0.1169449 0.003347657
0.09273993 0.003454787
0.09124691 0.003145645
0.09621395 0.003250616
0.0917909 0.003158001
0.0906251 0.003100408
0.04626402 0.003195558
0.04911489 0.003477928
0.03794163 0.003426591
0.03730314 0.003465122
0.04041184 0.003442745
0.03159486 0.003438901
0.02255105 0.00372242
0.02725449 0.003964464
0.03694985 0.004084321
0.02011162 0.004090062
0.02105876 0.004017765
0.01832673 0.00411206
0.02120156 0.004086767
0.02363531 0.004046706
0.02446953 0.004051412
0.03843025 0.00434275
0.03903365 0.00454011
0.05615689 0.004316975
0.04985183 0.004174138
0.05437222 0.004212472
0.05584465 0.003753469
0.07272267 0.003665042
0.06822323 0.003832579
0.06148887 0.003806574
0.04474349 0.004023986
0.06249851 0.003767237
0.05539771 0.00360744
0.04458925 0.00349147
0.06062569 0.003509087
0.07993102 0.003588258
0.09502076 0.003447801
0.1108015 0.00369564
0.1131286 0.003811676
0.1049683 0.003548386
0.09355932 0.003637352
0.09760608 0.003765971
0.08706527 0.003841412
0.06396628 0.003593917
0.04792618 0.003662568
0.02217413 0.003599198
0.02679431 0.003413412
0.03252754 0.003282114
0.04139754 0.003485034
0.05099138 0.003756735
0.04748936 0.004018221
0.0893829 0.003936178
0.0992148 0.00390406
0.06092466 0.003707472
0.03989896 0.003653742
0.03032805 0.003526541
0.02484828 0.003310329
0.001829338 0.003453647
0.003963066 0.00349737
0.009653395 0.003814084
0.02348764 0.003988258
0.007216666 0.003833807
0.01962877 0.003988686
0.01791659 0.003971366
0.03240091 0.00405672
0.02118831 0.003981436
0.04711581 0.00399763
0.06891927 0.003948797
0.07284263 0.004087779
0.03742514 0.00424442
0.05808434 0.004259837
0.0497182 0.004230433
0.06893879 0.003992764
0.08075999 0.00388593
0.0583373 0.003934777
0.042132 0.003911396
0.03515329 0.003781203
0.03296297 0.003813434
0.0261244 0.003625606
0.02339398 0.003555833
0.01500586 0.003834447
0.005842947 0.004085121
0.01534978 0.003979682
0.02341594 0.003983479
0.03518275 0.003662352
0.05838964 0.003448343
0.0388269 0.003413493
0.07070524 0.003207581
0.06470804 0.003051149
0.05577317 0.003013854
0.09508882 0.003001617
0.128479 0.002982406
0.1746432 0.002886964
0.1865568 0.003033958
0.2002897 0.002963163
0.1746329 0.003129227
0.1507335 0.00316137
0.1353568 0.002980486
0.0738106 0.002795355
0.0680538 0.002829494
0.07068876 0.002715964
0.07634322 0.002719953
0.04489225 0.002880585
0.05612415 0.002613512
0.04148559 0.002509524
0.01671508 0.00242488
0.02911814 0.002416462
0.0172105 0.002329473
0.01986531 0.002394389
0.01615687 0.002366824
0.02473047 0.002361945
0.02660756 0.002531405
0.05108673 0.002554878
0.0608928 0.002593375
0.04710992 0.002425602
0.06794003 0.002289233
0.07870209 0.002467452
0.07528336 0.002350443
0.08888196 0.002431809
0.07590165 0.002517389
0.1239304 0.002587162
0.1104961 0.002399512
0.09154993 0.002410879
0.06243533 0.002535378
0.03574095 0.00245968
0.0250731 0.002218098
0.02098037 0.002407605
0.03871817 0.002602203
0.05502964 0.00237244
0.04095852 0.002373407
0.041457 0.002393836
0.0317166 0.00229574
0.05174165 0.002339052
0.03492352 0.002349484
0.03705881 0.002500904
0.02090641 0.002589859
0.01965766 0.002545204
0.008260128 0.00235565
0.02469616 0.002366227
0.02867353 0.002271108
0.0273597 0.002332154
0.02586899 0.002262815
0.03817121 0.002287069
0.06141328 0.00227037
0.0619398 0.002466994
0.08076234 0.002643312
0.1219222 0.002540825
0.1348097 0.002626465
0.1029581 0.002597217
0.1149668 0.002576396
0.1040588 0.002556324
0.07163273 0.002544519
0.07375647 0.002428108
0.09470249 0.002442879
0.110044 0.002517253
0.1237753 0.00256346
0.1051496 0.002640961
0.1239438 0.00269149
0.1523695 0.002639963
0.1391482 0.002545167
0.123174 0.002415229
0.1712586 0.002548479
0.1749874 0.002560494
0.1542262 0.002554462
0.1343429 0.002532959
0.1330824 0.002523913
0.139234 0.002673496
0.11943 0.002857379
0.1090888 0.00281574
0.1246156 0.002830546
0.09904966 0.002872079
0.05862888 0.003009082
0.05668881 0.00276025
0.03236003 0.002875705
0.02072218 0.002867922
0.01375213 0.002951247
0.02324116 0.002816418
0.03016666 0.003010106
0.03825407 0.002896391
0.06011096 0.002768771
0.06718398 0.002720027
0.04932294 0.002687015
0.04351137 0.002731389
0.044054 0.002627453
0.04552321 0.002471134
0.05671345 0.002429976
0.04265428 0.002389839
0.03023538 0.002462475
0.02890634 0.002579105
0.004423751 0.002617381
0.01672712 0.002664438
0.01589049 0.00272331
0.02144202 0.002762873
0.01549578 0.002857384
0.03179948 0.002829952
0.03899066 0.00257933
0.01817235 0.002729248
0.03652398 0.002657632
0.03744502 0.002780239
0.01065021 0.002852284
0.002616771 0.002599737
0.008243847 0.002832341
0.008801125 0.002850063
0.01205991 0.002755456
0.01086455 0.002670906
0.008550552 0.002779383
0.008610634 0.002758131
0.01620313 0.002602101
0.007522688 0.002687431
0.008075758 0.002461386
0.004333675 0.002848672
0.005129032 0.002904537
0.008790142 0.002838654
0.00991375 0.002879255
0.01280882 0.002910501
0.01454854 0.003077876
0.01206299 0.002985995
0.01036717 0.002794667
0.01214333 0.003014167
0.03329753 0.003280862
0.04487731 0.00318584
0.03718066 0.003044775
0.03516908 0.002989296
0.04115997 0.002896113
0.03227495 0.003224058
0.009522699 0.003160223
0.0178949 0.00298285
0.02668836 0.002823679
0.01733024 0.002752434
0.01079931 0.002734917
0.01591215 0.002724039
0.03921074 0.002644462
0.05296645 0.002609203
0.05640381 0.002596254
0.03643926 0.002655279
0.04867959 0.002916662
0.07489577 0.002939104
0.09504236 0.003121838
0.09848473 0.003243972
0.08325189 0.003306098
0.07254138 0.003290501
0.04995873 0.003187693
0.03982438 0.003196299
0.03741958 0.003281666
0.02001492 0.00334665
0.02020008 0.003484045
0.03390095 0.00331105
0.01295523 0.003361127
0.02951204 0.003193723
0.03840918 0.003098565
0.05057314 0.003225475
0.05698234 0.00314773
0.09426451 0.00304953
0.06891945 0.003136905
0.06554977 0.003121874
0.09219524 0.003198174
0.09916499 0.003230107
0.07925267 0.00314193
0.1001841 0.003210958
0.1134365 0.003273724
0.08469353 0.003196445
0.08794201 0.003345128
0.08707949 0.003535506
0.08105031 0.003245848
0.08405723 0.00323381
0.06624452 0.003376925
0.08065419 0.003327886
0.07039943 0.00331375
0.06570333 0.003212565
0.08065322 0.00322473
0.06740937 0.003509546
0.0656434 0.00355394
0.09248204 0.003368241
0.08020643 0.003402315
0.08446853 0.003566328
0.1210381 0.003732049
0.1113385 0.003406713
0.07314234 0.003096675
0.05237446 0.0033498
0.05154282 0.003275348
0.04599857 0.003248534
0.0552088 0.003544825
0.0472383 0.003291617
0.06111465 0.003452701
0.08576315 0.003264013
0.09458207 0.003113169
0.1155931 0.00319012
0.1075992 0.003123062
0.105464 0.003428461
0.1007486 0.003341897
0.1253358 0.003514548
0.1436802 0.003088142
0.1529708 0.00323691
0.1621183 0.003163241
0.1246254 0.003162698
0.1123495 0.003149171
0.1229152 0.003100214
0.1213511 0.003253106
0.1393089 0.003137565
0.09359376 0.003162555
0.09454346 0.003206817
0.1273529 0.003039714
0.1255603 0.00298034
0.1375058 0.003314168
0.149074 0.003341682
0.1513521 0.003337682
0.1459871 0.003285206
0.1274388 0.003475542
0.08480648 0.003593991
0.05080005 0.003612291
0.05148931 0.00374343
0.05036916 0.003567379
0.05609395 0.003140997
0.04919992 0.003357758
0.03950722 0.003482494
0.02330061 0.003295137
0.03582956 0.003332722
0.03053094 0.003166847
0.02520162 0.003240117
0.05712492 0.003512611
0.0471972 0.003484612
0.07430109 0.003176516
0.1135902 0.003216139
0.1513325 0.003002903
0.09710258 0.002897679
0.1297237 0.002971235
0.1284722 0.003141716
0.1023904 0.00330922
0.06110394 0.003021868
0.04354439 0.002991586
0.07545304 0.0031243
0.07115704 0.003176893
0.08674109 0.003070947
0.06474732 0.003208796
0.09359727 0.00311142
0.08694195 0.003036352
0.04104039 0.00336926
0.0392841 0.00345091
0.04879622 0.003497187
0.05707243 0.003734775
0.04391072 0.003438293
0.0267818 0.003495969
0.01465433 0.003448101
0.01666169 0.003410781
0.07304562 0.003345789
0.05199851 0.003338922
0.07327812 0.003576717
0.06614788 0.003606957
0.06730713 0.003791252
0.07504035 0.003803529
0.06587268 0.003936693
0.06869191 0.003736813
0.05759264 0.003728198
0.04959427 0.003794603
0.03878741 0.003260192
0.055204 0.003329126
0.03402209 0.003111389
0.0421161 0.00302548
0.02761112 0.002945011
0.02340861 0.003090702
0.02408655 0.002809527
0.01346816 0.002767571
0.006381744 0.002638251
0.0194275 0.002890414
0.02882641 0.002915894
0.01913883 0.002581126
0.02860906 0.00263416
0.03480232 0.002731367
0.01767185 0.002700791
0.03386612 0.002475252
0.02614301 0.002445023
0.03672505 0.002346108
0.03816473 0.00230267
0.0266114 0.002372843
0.03024478 0.002486399
0.04418515 0.002343621
0.02440109 0.002202748
0.03320526 0.002072614
0.04293749 0.001955532
0.0378282 0.002091492
0.03742799 0.002031716
0.03700471 0.002154331
0.03896907 0.002331446
0.03169829 0.002298096
0.03424643 0.002366917
0.04918568 0.002507972
0.03217903 0.002453438
0.01432999 0.002563656
0.02028758 0.002498188
0.02315529 0.002449808
0.01044682 0.002385905
0.005296236 0.002415367
0.01100893 0.002449455
0.02036688 0.002434788
0.01657298 0.002446842
0.03562547 0.002515945
0.06564974 0.002472787
0.04206707 0.0024271
0.0398201 0.002380022
0.02258283 0.002578884
0.03438145 0.002747028
0.05393921 0.002731887
0.02236243 0.002733956
0.0226549 0.002645665
0.02670266 0.002449353
0.007199946 0.002422664
0.0001746273 0.00223556
0.001985774 0.00209217
0.001074923 0.002269143
0.005153386 0.002210982
0.008545861 0.002253624
0.009546953 0.002321568
0.01578032 0.002393673
0.01243604 0.002293356
0.01075575 0.002175077
0.02662546 0.002113349
0.01243142 0.002166161
0.00256089 0.002184578
0.009478355 0.002093004
0.008038154 0.002144775
0.003246283 0.002175105
0.003440255 0.002135309
0.01378493 0.002030556
0.01587931 0.002021027
0.01818176 0.001983517
0.02234377 0.002075979
0.02893935 0.002125007
0.03768085 0.002211992
0.03147694 0.002208933
0.02831423 0.002301464
0.03397324 0.002235269
0.02773593 0.002177055
0.04019349 0.00217647
0.0636426 0.002165023
0.05021161 0.001994958
0.06361193 0.001905658
0.05844445 0.002031002
0.09074837 0.002018397
0.08452153 0.002150231
0.07780332 0.002014106
0.0460953 0.002133062
0.04578392 0.002013157
0.03531174 0.001943206
0.03355816 0.00193784
0.05368375 0.001979858
0.07894633 0.001963621
0.05497231 0.002001391
0.04839036 0.002069505
0.06283945 0.002179497
0.07401692 0.002007757
0.1031263 0.001883252
0.0781038 0.001854061
0.07269672 0.001911235
0.04455821 0.00188118
0.04120611 0.00179256
0.04301645 0.001825871
0.03489653 0.002057622
0.02813161 0.001956092
0.02164329 0.00204014
0.01795835 0.002044812
0.01361016 0.002053648
0.01251757 0.002102306
0.0141656 0.002171057
0.008107027 0.002078767
0.02354003 0.00208082
0.03495986 0.002055789
0.0355778 0.002287817
0.03113327 0.002235726
0.02731173 0.00236275
0.02391673 0.00248345
0.02964056 0.002431208
0.01635835 0.002459298
0.02368662 0.002411017
0.02414824 0.002401874
0.03560165 0.002320222
0.0494649 0.002137842
0.04973543 0.002011036
0.06255468 0.002101889
0.05104507 0.001996502
0.04666344 0.002136497
0.04292981 0.001946689
0.05104827 0.001968535
0.06622478 0.001994521
0.07125576 0.001990724
0.06252833 0.001801218
0.07374433 0.001893348
0.06525986 0.001849999
0.07143193 0.002033045
0.06804788 0.002118739
0.08419042 0.002162883
0.07225665 0.002160872
0.04834338 0.002290177
0.04179974 0.002212917
0.0650293 0.002235321
0.06456206 0.002498046
0.04330949 0.002493619
0.04987938 0.002599117
0.04968931 0.002749876
0.04835531 0.002795963
0.06959442 0.003089767
0.07062616 0.00314797
0.1108579 0.00291164
0.1013262 0.00289223
0.0773532 0.0030408
0.08479409 0.003221532
0.07444593 0.002921307
0.06763541 0.003026931
0.08228138 0.003282606
0.07092858 0.003401413
0.07592672 0.003521801
0.06490042 0.003601621
0.05081384 0.003310918
0.03529353 0.003448883
0.03943298 0.003724384
0.03580438 0.003804049
0.03288213 0.003538099
0.03183836 0.00332067
0.03179272 0.003642908
0.03870307 0.003554285
0.05157994 0.003476173
0.05442327 0.003380373
0.06509125 0.003114403
0.04337508 0.003119764
0.02370859 0.003144751
0.01730477 0.003102259
0.02129316 0.003026091
0.02288618 0.003018222
0.02148888 0.003060932
0.02009238 0.003256237
0.03495524 0.003237364
0.03427576 0.003339052
0.02681914 0.003058048
0.0250745 0.002845223
0.007466383 0.003057083
0.002598116 0.003219369
0.002508092 0.003170131
0.01434945 0.003150924
0.0171057 0.003248777
0.01652266 0.003264632
0.01858711 0.003295248
0.01821378 0.003271904
0.03215916 0.003435047
0.05377836 0.00345716
0.05252077 0.003359556
0.05813558 0.003474489
0.04476362 0.003691904
0.06549395 0.003618309
0.09981571 0.003721185
0.07434386 0.003761795
0.07017162 0.003630985
0.0465988 0.003504216
0.06774707 0.003268626
0.08179224 0.003385137
0.08068448 0.003491985
0.05932369 0.003660168
0.087165 0.003485215
0.07108628 0.003432323
0.06638353 0.003453239
0.05750072 0.0033703
0.06697172 0.003396946
0.1039911 0.003713687
0.1286396 0.003757899
0.09616237 0.003596586
0.105691 0.003529138
0.07772573 0.003634961
0.090109 0.003415361
0.09100617 0.003306681
0.07067171 0.003405693
0.08533519 0.003717555
0.09968796 0.003758155
0.09003682 0.003539543
0.0638591 0.00326421
0.0564678 0.003358349
0.04113558 0.003045204
0.04789904 0.002935996
0.07600738 0.003082228
0.06039023 0.002740107
0.07482983 0.002818363
0.07050208 0.002872834
0.05138541 0.002704103
0.04907934 0.002855531
0.04161531 0.002813962
0.07265458 0.002791872
0.06467416 0.002746273
0.07532221 0.002641661
0.07132001 0.002663886
0.05344786 0.00277741
0.05435192 0.002905839
0.06527354 0.002714652
0.06045869 0.002477952
0.06715716 0.002433386
0.08240203 0.002516203
0.05758652 0.002580372
0.07704717 0.002591415
0.07373272 0.002366873
0.05423 0.002340246
0.05050671 0.00229214
0.05046837 0.002183225
0.04351756 0.002363261
0.01753894 0.002214758
0.02764069 0.002077244
0.02447931 0.002102178
0.007668911 0.002314002
0.0124917 0.002484514
0.02520898 0.002387942
0.03266093 0.002529753
0.02473223 0.00257896
0.04638328 0.00241677
0.02216643 0.002410719
0.04821903 0.002508522
0.04002079 0.00250063
0.03378655 0.002345559
0.04209409 0.002388441
0.0384329 0.002366247
0.03534544 0.002435571
0.0234403 0.002356944
0.01458497 0.002522725
0.01651491 0.002500316
0.02520993 0.002314076
0.05222701 0.002369727
0.04739259 0.00251319
0.07725498 0.00244074
0.06053018 0.002677699
0.06611453 0.002659677
0.07474496 0.002703718
0.06770757 0.00250963
0.06732191 0.002407374
0.05841526 0.002489156
0.04608521 0.002540232
0.07429143 0.002573216
0.06258221 0.002447755
0.05431711 0.002496347
0.06262911 0.002346059
0.07392778 0.002150123
0.1009092 0.002091016
0.1040977 0.002218496
0.07971104 0.002331538
0.06738898 0.00238335
0.03537991 0.002344618
0.03816837 0.002491172
0.0410428 0.002540018
0.04850449 0.002654201
0.03693045 0.002654872
0.04190525 0.002468166
0.06210392 0.002356976
0.07826609 0.002388797
0.03628664 0.002215899
0.03766782 0.002114973
0.01792136 0.002444141
0.01721796 0.002198136
0.01002623 0.00216171
0.02275497 0.001949368
0.01244749 0.002119841
0.005354842 0.002094913
0.01257399 0.002172512
0.01944089 0.002058491
0.01314785 0.002055724
0.01029849 0.002038543
0.02800532 0.001909628
0.02479699 0.001904552
0.01515628 0.001932822
0.01856493 0.001950002
0.01691003 0.001974846
0.02040387 0.002218865
0.03515039 0.002306103
0.02534211 0.002209558
0.02963086 0.002284791
0.03337719 0.002487102
0.04040969 0.002540999
0.05444463 0.002673555
0.06593786 0.002844448
0.07669752 0.002932787
0.04940523 0.002989091
0.03730522 0.002864818
0.04299354 0.00284127
0.04560033 0.003079278
0.03731949 0.003001273
0.01905679 0.002875991
0.03650246 0.002964802
0.03059321 0.003053011
0.03267472 0.003136014
0.02768855 0.003216348
0.02945194 0.003237754
0.020545 0.003089374
0.01375124 0.003243453
0.002945307 0.0033266
0.001776231 0.003222839
0.001195186 0.003311683
0.006724721 0.003414147
0.008784252 0.003211176
0.009441324 0.003161643
0.0161044 0.003050481
0.01762679 0.00282695
0.02107 0.002803232
0.01558244 0.002783282
0.01689397 0.002959384
0.03861912 0.002897552
0.03033069 0.002909296
0.03214301 0.002856781
0.02779545 0.002880659
0.04197075 0.002861259
0.04355424 0.003000823
0.03641093 0.002855728
0.03410791 0.002599842
0.02710047 0.002632323
0.02867714 0.00269124
0.04504751 0.002455016
0.03800548 0.002463705
0.02661111 0.002565647
0.0342621 0.002405791
0.02751996 0.002252455
0.03445836 0.002432042
0.03071273 0.002509566
0.05647843 0.002278759
0.05405973 0.002183745
0.05229316 0.002169645
0.03723619 0.001914026
0.03034391 0.001940677
0.04356469 0.001974674
0.02886226 0.001924612
0.04668745 0.001944343
0.06260268 0.001976369
0.05607874 0.00195132
0.08656254 0.002072718
0.05398166 0.002141031
0.06695578 0.002260355
0.06578519 0.002307514
0.04808719 0.002329475
0.03423686 0.002403001
0.03316528 0.002196842
0.03437055 0.002088713
0.0585976 0.002111001
0.07975169 0.002086961
0.08723222 0.00206534
0.06620396 0.002138441
0.06130804 0.001896233
0.06289542 0.001861334
0.07384812 0.001834081
0.0737422 0.001869488
0.07285191 0.001968923
0.05056628 0.002073408
0.06474976 0.002160562
0.06994131 0.002058484
0.06153451 0.0021003
0.0461193 0.001981057
0.03939665 0.001921282
0.05353186 0.001989531
0.05007162 0.001934789
0.05261567 0.001894764
0.05123924 0.001918125
0.04951931 0.001966629
0.03412239 0.001964645
0.06497312 0.002037619
0.06947066 0.001920049
0.05006655 0.001855477
0.03697397 0.001894694
0.07001515 0.001996866
0.07023904 0.002034354
0.08225183 0.001998854
0.09622214 0.001879019
0.08321468 0.001778871
0.08214821 0.001888083
0.04315256 0.001954759
0.0317237 0.001811252
0.01972002 0.001724434
0.01873563 0.001719933
0.01124444 0.001705841
0.0121707 0.001601621
0.006869929 0.001700692
0.001380375 0.001640618
0.01313108 0.001666815
0.004153479 0.001658387
0.01118858 0.001780929
0.01644829 0.001791595
0.03570986 0.001698779
0.03728369 0.00172495
0.04803388 0.001798797
0.03467328 0.001716627
0.03275975 0.001763846
0.01503139 0.001814278
0.0191648 0.001750531
0.02307614 0.001807373
0.02637845 0.001771033
0.01651016 0.001868281
0.009462108 0.001872501
0.01716147 0.001914289
0.03459479 0.002026653
0.05357431 0.002073335
0.03983902 0.001989505
0.03303623 0.002027019
0.06099765 0.002099454
0.07958009 0.00216565
0.04892012 0.002062294
0.03574031 0.002062112
0.05862991 0.002106428
0.06386469 0.002137464
0.07218384 0.002155865
0.07864105 0.002150456
0.07824436 0.00215526
0.1005063 0.002327199
0.08989837 0.002415079
0.09903122 0.002306217
0.10566 0.002294299
0.1665615 0.002134117
0.186686 0.002069671
0.1791947 0.001990173
0.1848722 0.002071352
0.1903839 0.001990026
0.2014288 0.001864944
0.1196337 0.001951146
0.08684299 0.002003732
0.1156673 0.002050609
0.09300712 0.002115327
0.09675358 0.002118956
0.08877682 0.002139976
0.06215079 0.002322016
0.06170738 0.002278047
0.04812945 0.002251521
0.03807815 0.002276263
0.05582124 0.002414494
0.04136393 0.002283924
0.04450489 0.002024972
0.04993471 0.00196279
0.0448331 0.002083852
0.05415384 0.002124775
0.03247998 0.002070346
0.04942448 0.002058384
0.05638914 0.001993109
0.06159119 0.002170485
0.06733366 0.002191833
0.0603452 0.002095896
0.04949956 0.002155809
0.04380415 0.002105752
0.04862488 0.002173517
0.08702291 0.002185523
0.08956085 0.002228707
0.07053678 0.002310447
0.09691437 0.002278449
0.1029669 0.002349708
0.08237431 0.002293704
0.04270853 0.002234316
0.0644603 0.002334674
0.06506733 0.002397917
0.06826237 0.002348196
0.04052598 0.002245679
0.03813005 0.002195808
0.05045918 0.002326514
0.03527243 0.002260099
0.01465125 0.002374624
0.03172082 0.002479985
0.03617918 0.002562503
0.03221326 0.002568812
0.02805511 0.002660639
0.05253193 0.002368955
0.05984615 0.00232696
0.06028876 0.002352564
0.07527606 0.00229124
0.08208431 0.002347198
0.1013918 0.002318611
0.1434512 0.00228861
0.1378289 0.002321137
0.1110393 0.002279246
0.0980402 0.002201738
0.08654026 0.002292355
0.0876711 0.002156671
0.08021516 0.002225239
0.04917608 0.002286402
0.02840076 0.002251456
0.01861959 0.002370617
0.02333971 0.002317367
0.02216398 0.002192181
0.02858717 0.002232388
0.02304316 0.002303217
0.03176397 0.002366716
0.02009908 0.002410723
0.02414804 0.002482457
0.01228443 0.002382061
0.02338862 0.002613078
0.01441829 0.002604869
0.008694873 0.002607552
0.01484852 0.002660457
0.01321012 0.002766792
0.03339142 0.002813203
0.02572156 0.002962388
0.04849094 0.002756269
0.03710035 0.002584218
0.0484269 0.002786511
0.04284202 0.002874878
0.0667824 0.00275267
0.0484282 0.002826928
0.06973423 0.002949604
0.05692783 0.002869964
0.03299224 0.002984455
0.03913569 0.00311247
0.04114512 0.003064315
0.04583148 0.003153383
0.06575146 0.002996436
0.06722386 0.00281988
0.09153803 0.002771813
0.09913144 0.002836046
0.08031896 0.0031887
0.1101883 0.003257828
0.1107135 0.003428608
0.08870681 0.003293997
0.07789587 0.00332964
0.0753282 0.003153608
0.05546878 0.003272726
0.05690341 0.003203971
0.05874672 0.003131146
0.05426073 0.003116698
0.08425185 0.003079562
0.08421834 0.002952832
0.08852404 0.00305221
0.06078029 0.003159888
0.05899519 0.003267282
0.08413508 0.003474166
0.08536556 0.003519515
0.08797454 0.003566415
0.09541172 0.003477831
0.08423897 0.003449932
0.08795112 0.003539729
0.07766441 0.003379013
0.08807854 0.003246072
0.08379957 0.00308536
0.09263072 0.002971827
0.1364726 0.003065201
0.1314626 0.003112429
0.1068225 0.002962467
0.08654025 0.002844896
0.07309525 0.002870899
0.05663199 0.003076545
0.0199557 0.002867764
0.01934911 0.002935571
0.04256831 0.003169748
0.04506871 0.00322683
0.05670239 0.003043223
0.03618256 0.003144851
0.03512994 0.003333896
0.0511008 0.003158111
0.04083572 0.003320875
0.04728335 0.003383396
0.04451038 0.00334222
0.04877777 0.003359896
0.04413044 0.003111819
0.06316067 0.003161071
0.04177421 0.003085829
0.01949863 0.003432124
0.0296297 0.00330376
0.03611527 0.003044024
0.02665814 0.003059423
0.01087514 0.003204692
0.0184715 0.003374202
0.05718277 0.003319113
0.06561945 0.003501145
0.07795234 0.003549255
0.05657192 0.003359576
0.07573918 0.00345005
0.09375084 0.003457733
0.06757529 0.003441856
0.06282328 0.003253134
0.06209859 0.003248408
0.06985633 0.003714391
0.05767891 0.003618699
0.05732386 0.003492064
0.05474116 0.003048643
0.06917784 0.002998647
0.05258521 0.002988744
0.05146496 0.003195813
0.07861161 0.00329827
0.08145265 0.003284052
0.0800723 0.003226251
0.0602624 0.003251795
0.0659722 0.003187878
0.07931311 0.002983212
0.08391833 0.002965969
0.06080784 0.003043857
0.04204406 0.003109193
0.03468835 0.003028546
0.05228038 0.002923817
0.0738489 0.00300686
0.06622239 0.003206671
0.07625502 0.003382477
0.09289981 0.003339536
0.07176505 0.003157696
0.04673728 0.003462697
0.07549783 0.003383691
0.08325186 0.003544867
0.04595004 0.003539276
0.06546325 0.003744484
0.04518307 0.003885173
0.03000929 0.004244554
0.01327761 0.004018643
0.008014667 0.00417235
0.02242454 0.003981404
0.0266959 0.003984385
0.04061614 0.003799235
0.04612417 0.003929036
0.05681817 0.00392804
0.04075705 0.004171679
0.0208954 0.004378861
0.009252966 0.004212817
0.004746672 0.004142474
0.01021009 0.004195972
0.01706927 0.003905516
0.005233679 0.003879956
0.007916075 0.003777798
0.01576881 0.003748361
0.02310284 0.003483171
0.03260275 0.003328803
0.05000782 0.003218856
0.06298343 0.003276958
0.05690945 0.003235256
0.0806775 0.003247127
0.09580327 0.002931953
0.119047 0.002938151
0.1144444 0.002903619
0.1067417 0.002987181
0.1304526 0.002940033
0.1060888 0.003080698
0.08405761 0.003033126
0.08601422 0.003003541
0.08251751 0.002867563
0.03524474 0.002722029
0.02163728 0.002770149
0.0102685 0.003066881
0.003832444 0.003297502
0.007959252 0.003347409
0.001288327 0.003327371
0.01763189 0.003365462
0.005550867 0.003888616
0.008396454 0.003736721
0.0260135 0.003824199
0.02212689 0.0038788
0.02095835 0.003859124
0.02916301 0.003795405
0.01610287 0.003830675
0.01520719 0.00374472
0.00732151 0.003932953
0.008707561 0.004096663
0.02188929 0.004633243
0.02540146 0.004675413
0.03870431 0.004653386
0.04325365 0.004328158
0.03779996 0.004380344
0.03676432 0.004412359
0.03385933 0.004618867
0.02534562 0.004427237
0.02636908 0.004607561
0.06583666 0.004342394
0.04892433 0.00452276
0.04442739 0.004792727
0.04608968 0.004257879
0.0485612 0.004218621
0.05992204 0.004068073
0.08258795 0.003891891
0.04957726 0.004046523
0.07393075 0.003939193
0.05826149 0.003976682
0.05075715 0.004069311
0.06021721 0.003899247
0.06189177 0.003849198
0.05503005 0.003559092
0.05647316 0.003355911
0.06530566 0.00330899
0.0418214 0.003222465
0.05008514 0.003334696
0.03242819 0.003174225
0.03653101 0.003370525
0.06805606 0.002929903
0.07688986 0.002954116
0.09058525 0.002935439
0.1156425 0.003244486
0.07679523 0.003012967
0.06134547 0.002715717
0.1107982 0.002745497
0.1031357 0.002711284
0.1072387 0.002878151
0.09609022 0.002962047
0.08582277 0.002955517
0.103492 0.002981531
0.05789959 0.003031781
0.09162908 0.002823766
0.07944904 0.002742847
0.06621833 0.002765676
0.0659275 0.002698514
0.05881302 0.002800118
0.05328808 0.002801602
0.04755531 0.002750545
0.05906555 0.00254274
0.09784449 0.002609945
0.056517 0.00270092
0.07009583 0.002610229
0.04595402 0.002454327
0.0568162 0.002281524
0.06468223 0.002210089
0.05322416 0.00236049
0.03164668 0.002377068
0.04235064 0.002430302
0.03648118 0.002213245
0.03102881 0.002191983
0.01541895 0.002301763
0.03662672 0.002196583
0.05291259 0.002043132
0.05586956 0.002024911
0.06950934 0.001939646
0.05251513 0.00184737
0.05296234 0.001869098
0.03272571 0.002000203
0.03267719 0.001943507
0.04059893 0.001848495
0.04487092 0.001806724
0.05636427 0.001720162
0.07852681 0.001790246
0.08578697 0.001837924
0.08841469 0.001727418
0.04900178 0.001860711
0.03623847 0.001855432
0.06843672 0.001833457
0.06296146 0.001816811
0.07092326 0.001780167
0.06968251 0.001825311
0.08032985 0.001798449
0.07076495 0.001786422
0.06467401 0.001844127
0.1081004 0.001968088
0.07845099 0.002080543
0.06087587 0.001943215
0.08061885 0.002010255
0.06722742 0.00207921
0.07041401 0.002223281
0.07235892 0.002047318
0.08356368 0.002008677
0.0746328 0.001996206
0.06413552 0.002118529
0.0457023 0.002152974
0.03861878 0.002057524
0.05593487 0.002079193
0.08115823 0.002211693
0.0403602 0.002099529
0.04453177 0.00216995
0.06377291 0.002042865
0.06314606 0.002083393
0.05235736 0.002103883
0.04962067 0.002205144
0.03555188 0.00215097
0.03544654 0.00218004
0.03000333 0.00212135
0.05309383 0.002281145
0.07697097 0.00236438
0.07871982 0.002464784
0.0939477 0.002598151
0.1164623 0.002343436
0.1282848 0.002414993
0.1205406 0.002327913
0.1411371 0.002329059
0.1715322 0.002459736
0.1695796 0.002632867
0.1606599 0.002601582
0.1690787 0.002669916
0.1548231 0.002695284
0.1733746 0.002842629
0.1806752 0.002896837
0.2258145 0.002780535
0.2310262 0.002787862
0.2285519 0.002821233
0.2478575 0.002780126
0.2574034 0.002582153
0.2822116 0.002619037
0.2696028 0.002680497
0.3415758 0.002640145
0.3268827 0.002599976
0.3722353 0.002584808
0.3529255 0.002496557
0.3391065 0.002465986
0.3378896 0.002263832
0.2788257 0.002137854
0.2737091 0.002040863
0.2702987 0.002128805
0.2071548 0.002181157
0.2092667 0.002141312
0.1811084 0.002303746
0.1838341 0.002321044
0.2171983 0.002267605
0.2655195 0.002221947
0.213892 0.00229159
0.1901325 0.002282583
0.2353395 0.00248877
0.2033054 0.002544222
0.1558038 0.002413822
0.1390141 0.002469593
0.1004555 0.002209755
0.07611085 0.002116895
0.1141555 0.002101701
0.1044742 0.002006299
0.1338761 0.002036867
0.1153148 0.002019961
0.1233077 0.001929804
0.1355531 0.002090844
0.1160188 0.0021654
0.1012236 0.001987563
0.08769515 0.00174371
0.07353864 0.00177826
0.08241386 0.00197394
0.1029134 0.001816137
0.1108709 0.001995314
0.09388687 0.001917383
0.1103113 0.001941456
0.09854604 0.0018009
0.08654957 0.001808402
0.1087798 0.001830089
0.1849627 0.001790663
0.1929406 0.001815033
0.1840115 0.001770512
0.1713604 0.001817011
0.165557 0.001837221
0.1304278 0.001766841
0.1383967 0.00175132
0.1334611 0.001701658
0.1203298 0.001563255
0.1080815 0.001677658
0.118127 0.001634195
0.1348611 0.001798103
0.1460553 0.001803845
0.1498569 0.001730182
0.17813 0.001796303
0.1622075 0.001722625
0.1420884 0.001702321
0.1524398 0.001645915
0.1295434 0.001729356
0.1515169 0.001737137
0.1543713 0.001924484
0.1489668 0.002047641
0.1333583 0.001982254
0.1632317 0.001878886
0.1843444 0.002011591
0.1974332 0.002133367
0.1495262 0.002016512
0.1660126 0.001907381
0.1694485 0.00198839
0.1398223 0.00189199
0.1071881 0.001770047
0.06944405 0.001817141
0.06561004 0.001850372
0.02925477 0.001834605
0.04245638 0.001893023
0.06525964 0.00204172
0.07951596 0.001952646
0.09211946 0.002010462
0.05841888 0.00210978
0.06430575 0.002086169
0.04831994 0.002171109
0.07882269 0.002209707
0.04356811 0.002081352
0.08003863 0.002018842
0.09702924 0.001960299
0.0500513 0.00193788
0.06838494 0.001897975
0.09506197 0.001822094
0.08419149 0.001824449
0.1240035 0.001743933
0.1025495 0.001811692
0.09563861 0.001967865
0.1177178 0.001966524
0.1301068 0.001885563
0.1420819 0.00183527
0.1379313 0.001715577
0.1267576 0.001614004
0.1092736 0.001718342
0.09915739 0.001665292
0.1226118 0.001560373
0.1223751 0.001598186
0.1233699 0.001492006
0.1792036 0.001630236
0.2050678 0.001480235
0.15784 0.00149587
0.1431883 0.001521546
0.1184237 0.001478169
0.1090497 0.001734633
0.09586465 0.001668947
0.1255202 0.001688569
0.1427818 0.00175266
0.09796039 0.001791462
0.0838982 0.001719018
0.06722702 0.001699267
0.07652867 0.001737445
0.08637379 0.001678392
0.08370991 0.001740967
0.05453117 0.001725148
0.04554093 0.001573177
0.04770725 0.001543894
0.04147695 0.00144113
0.03515182 0.001438731
0.02123189 0.001532053
0.01654654 0.001470728
0.02540297 0.001451137
0.03171801 0.001471992
0.07254233 0.001548728
0.06225503 0.00158544
0.04973147 0.001691257
0.04191584 0.001671845
0.02834187 0.001602097
0.03161437 0.00158122
0.03667567 0.001681685
0.04560784 0.001589931
0.03503423 0.001698232
0.0226536 0.001766819
0.04420958 0.001817931
0.02452156 0.001642385
0.009797426 0.001638284
0.002268359 0.001734825
0.008336304 0.001728313
0.0318283 0.001746416
0.04122566 0.001661168
0.04097427 0.001521081
0.05200801 0.001575533
0.05559451 0.001553345
0.04421495 0.001504092
0.0456464 0.001374653
0.03335352 0.001377425
0.03815718 0.001501255
0.06391322 0.001513538
0.06240308 0.001706665
0.06590139 0.001673818
0.07396984 0.001696899
0.09777203 0.001698524
0.1024681 0.0017468
0.08358299 0.001740553
0.05233165 0.001584176
0.05499369 0.001452346
0.06253009 0.001503136
0.07275479 0.00147071
0.08558766 0.001584866
0.0827489 0.001682904
0.07536523 0.00177083
0.04034301 0.001867783
0.0388622 0.001744626
0.03531516 0.001690819
0.04514602 0.001746432
0.02840784 0.00172849
0.03915508 0.00160488
0.06732958 0.00168804
0.08443011 0.00167278
0.08170219 0.001679938
0.07028037 0.001674251
0.05526597 0.00172042
0.04797753 0.001690986
0.05678591 0.001963092
0.07470475 0.001781569
0.05908664 0.001672059
0.03867341 0.001598886
0.0401974 0.001610069
0.02924844 0.001630702
0.06301941 0.001603815
0.06811835 0.001600428
0.08472221 0.001713006
0.08052861 0.001744737
0.04098643 0.001658119
0.03435455 0.001661391
0.01810463 0.001645282
0.02264871 0.001531665
0.0219152 0.001523047
0.02921414 0.001438938
0.02224615 0.001516903
0.02622464 0.001645732
0.0294783 0.001569335
0.02902904 0.001448113
0.02754509 0.001395816
0.03120219 0.001462906
0.03368169 0.001480755
0.01147249 0.001451798
0.01224118 0.001414887
0.0153876 0.001401811
0.01361488 0.001437277
0.008886126 0.001510371
0.01254614 0.001522183
0.008099035 0.001607642
0.005029247 0.001571701
0.004597092 0.001677109
0.01341827 0.001601214
0.01559272 0.001596809
0.0289297 0.001591191
0.02382024 0.001473902
0.04742222 0.001491796
0.02410783 0.001431733
0.0305448 0.00140089
0.05973429 0.001370348
0.07836265 0.001455771
0.09075921 0.001439986
0.07412749 0.001442159
0.03142436 0.001462244
0.01334222 0.001435116
0.008798554 0.001385212
0.01458601 0.001395719
0.01856139 0.001444757
0.01779908 0.001497894
0.02964872 0.001485209
0.03959601 0.001474782
0.05764391 0.001552779
0.07929013 0.001576435
0.05214033 0.001563369
0.04285072 0.001457818
0.05059231 0.001475064
0.03019534 0.001437631
0.03531473 0.0015414
0.03690232 0.001595039
0.02715624 0.001602323
0.02735467 0.001516306
0.02034412 0.001430595
0.03468368 0.001488778
0.04552855 0.001532154
0.03136497 0.001503904
0.03335434 0.001563826
0.03518318 0.001519657
0.0228269 0.001498086
0.01628597 0.00161616
0.0173442 0.001619591
0.009562513 0.001647328
0.02273749 0.001706544
0.02707553 0.00177574
0.04334428 0.001801119
0.05334757 0.001758716
0.06092803 0.001856485
0.07752409 0.001850545
0.09373724 0.001772514
0.09788601 0.001840899
0.08778506 0.001755348
0.07969541 0.001827541
0.08151206 0.001750408
0.08675974 0.001841823
0.1197061 0.001988056
0.09969704 0.001896668
0.1245759 0.001937884
0.08709448 0.001889214
0.07398144 0.001716857
0.0717748 0.001687624
0.09316816 0.001636148
0.08543658 0.001710515
0.06692089 0.001829199
0.06593057 0.001831923
0.1091298 0.00172542
0.1182562 0.001755038
0.1365415 0.001755102
0.1402869 0.001707607
0.1405507 0.001713068
0.202541 0.001645092
0.1329866 0.00167915
0.1672865 0.001714787
0.1456846 0.001604418
0.1567272 0.001665467
0.1734415 0.001641747
0.158368 0.001561518
0.1978097 0.001625009
0.2017175 0.00165693
0.1471645 0.001712083
0.1401365 0.001716937
0.1405189 0.001802899
0.1290525 0.001832318
0.1563859 0.001873817
0.1414264 0.001889043
0.1154668 0.00185672
0.06036 0.001830652
0.05366547 0.00174094
0.05493188 0.001686425
0.07568003 0.001612196
0.08150398 0.001501605
0.06532798 0.001382634
0.0628176 0.001457135
0.05373815 0.001443122
0.07130277 0.0014766
0.06905567 0.001575504
0.06158151 0.001556972
0.06573265 0.001537033
0.05600498 0.001414262
0.05354445 0.001333021
0.05885913 0.001256558
0.06991256 0.001349235
0.0579169 0.001315367
0.05073876 0.00123908
0.06433187 0.001228885
0.0692296 0.001193039
0.04019212 0.001206449
0.06588668 0.001215446
0.0587928 0.001326891
0.08623197 0.001274681
0.0643322 0.001230253
0.07131111 0.00121924
0.05071804 0.00124362
0.04068644 0.001242746
0.0610239 0.001137559
0.05929715 0.001060417
0.08261103 0.001095026
0.06813711 0.00100676
0.05462174 0.001044256
0.05943735 0.001082075
0.07398217 0.001050382
0.08803205 0.001105644
0.05559177 0.001092922
0.07501755 0.001008604
0.08260095 0.001052995
0.05755259 0.001049446
0.03335628 0.001011883
0.03324735 0.001024842
0.04358328 0.001003992
0.04050297 0.0009931705
0.06609481 0.0009600608
0.07123401 0.0009100319
0.07457076 0.0009268728
0.06274906 0.000988378
0.0888331 0.001023317
0.1209322 0.001008175
0.07714487 0.001032343
0.1234616 0.0009654736
0.1416321 0.001002624
0.1112571 0.001117407
0.1784379 0.00113103
0.1736547 0.001128775
0.168211 0.001104198
0.1848908 0.001191935
0.2121372 0.001243624
0.2305255 0.001197406
0.2125099 0.001274212
0.2066376 0.001267313
0.1699902 0.001233129
0.1473006 0.001242892
0.1542019 0.001315917
0.1389553 0.001273673
0.125075 0.001306303
0.1419819 0.001251957
0.1572086 0.001294927
0.1638015 0.001283564
0.135138 0.001375672
0.09419018 0.001355203
0.151233 0.001383032
0.1297183 0.001331676
0.1271936 0.001311131
0.1542321 0.001342747
0.1661668 0.001368026
0.1983609 0.001406569
0.2206507 0.001360417
0.2130533 0.001397261
0.221493 0.001377696
0.1535756 0.001361606
0.1706926 0.001307787
0.1175635 0.00128738
0.0817628 0.001285977
0.0679296 0.001239954
0.09362101 0.001133692
0.1239674 0.001141666
0.1457482 0.00122991
0.1269612 0.001202692
0.1304881 0.001112369
0.1468533 0.001201938
0.1666368 0.001183827
0.1736768 0.001154101
0.2070385 0.001176857
0.2097239 0.001178591
0.161773 0.001130585
0.1687405 0.0009899996
0.1334093 0.00097947
0.1166589 0.0009459466
0.1082958 0.001010266
0.128202 0.0009707215
0.1518778 0.0009422611
0.1200684 0.0009856402
0.09316142 0.001024443
0.07982013 0.001000686
0.0769752 0.001088951
0.04872839 0.001127748
0.07003959 0.001223601
0.03825626 0.001223043
0.04046878 0.001270031
0.03211146 0.001256208
0.01485622 0.001376461
0.01646203 0.001456691
0.01936422 0.001425469
0.02495183 0.001445961
0.02284091 0.001502577
0.03760112 0.001582324
0.03585495 0.0016799
0.06758407 0.001625467
0.07071538 0.001631291
0.04692338 0.001591315
0.05501879 0.00153324
0.05198439 0.001643411
0.03289049 0.001688432
0.03971453 0.001686205
0.03089443 0.001630864
0.05659412 0.001719708
0.05761794 0.001507435
0.05483642 0.001406746
0.03650715 0.001386945
0.0672238 0.001311673
0.07935128 0.001371164
0.07698826 0.001297824
0.08362452 0.001323849
0.07597631 0.001386405
0.1030253 0.001390392
0.07843263 0.001364019
0.04644578 0.001426216
0.04967739 0.001331828
0.03648803 0.001282839
0.03783362 0.001272404
0.02509654 0.001224686
0.03262784 0.001295142
0.03869921 0.001280742
0.03409545 0.001356419
0.02435031 0.001321681
0.02354306 0.001244299
0.04579196 0.001241323
0.03033416 0.001294656
0.04431118 0.001329828
0.06485608 0.001398758
0.06952854 0.001396695
0.0770502 0.001450155
0.03171243 0.001444298
0.03798354 0.001436783
0.02548927 0.001451338
0.02641126 0.001440489
0.01967955 0.001344114
0.02287387 0.00133904
0.02396735 0.001359997
0.0152703 0.001384527
0.02085396 0.001394707
0.06901388 0.001307408
0.05784895 0.001309958
0.07074585 0.001333767
0.05840031 0.001353755
0.03940581 0.001425337
0.06740162 0.001418579
0.03501673 0.001452002
0.05275397 0.001555717
0.05300099 0.001583217
0.0534639 0.001669052
0.05913812 0.001683088
0.0762547 0.001603189
0.09501316 0.001663278
0.07104624 0.001603762
0.09237802 0.001582339
0.08897917 0.001604499
0.1183993 0.001486076
0.1163882 0.00142162
0.1456201 0.001521296
0.1407772 0.001481468
0.1590052 0.001502314
0.1641614 0.001547393
0.1052297 0.001580738
0.08387885 0.001581885
0.06522446 0.001421118
0.02325087 0.001331021
0.02635348 0.001214794
0.02813639 0.001181119
0.0370326 0.001202757
0.0357004 0.001259179
0.03685053 0.001331822
0.04619316 0.001295465
0.03577856 0.001221895
0.05752488 0.001150392
0.05036436 0.001171357
0.0589373 0.001092681
0.04818481 0.001148968
0.03676355 0.001043443
0.06901142 0.001055384
0.04561976 0.001113985
0.05590299 0.001033868
0.05807348 0.001051214
0.06475668 0.000972486
0.03243943 0.0009569435
0.05029498 0.0009560431
0.05201275 0.0009074838
0.03430106 0.0008289111
0.04132233 0.0008022784
0.07555218 0.0008036236
0.1215953 0.0008426893
0.1409233 0.0008584262
0.1683802 0.000820855
0.171884 0.0008524273
0.1702011 0.0007985741
0.1937752 0.0007489311
0.1872877 0.0007612107
0.1961146 0.0008305835
0.1681119 0.0008373529
0.1789707 0.0008077555
0.2457607 0.0008098419
0.2845444 0.0007950245
0.3253517 0.0007862559
0.2907864 0.0008104628
0.2633437 0.000819808
0.2899173 0.0008170406
0.2731998 0.0008259902
0.2369854 0.0009352961
0.2688841 0.0008905652
0.2590863 0.0008968389
0.2243305 0.0009097483
0.1872381 0.0009693211
0.1856993 0.0009457127
0.1658601 0.000993297
0.1528588 0.001049048
0.1637485 0.001024381
0.1577601 0.001040364
0.1286369 0.001124513
0.1425889 0.001201793
0.1530751 0.001265795
0.1492824 0.001246699
0.1516626 0.00129473
0.1687619 0.001257233
0.1957118 0.001278548
0.1332316 0.001239552
0.06625791 0.00134216
0.07863709 0.001471578
0.07692158 0.001541519
0.07120729 0.001534838
0.05585991 0.001486534
0.08929219 0.001545063
0.05603172 0.001561645
0.07111388 0.001669758
0.08192533 0.00165688
0.09951924 0.00160789
0.09206157 0.001686998
0.1217276 0.001687777
0.1299182 0.001582746
0.1199835 0.001489782
0.1221256 0.00155661
0.1245947 0.00159153
0.1233586 0.001467913
0.07479815 0.001389465
0.08029282 0.001477916
0.05487317 0.001694357
0.06123412 0.001786506
0.04340996 0.00184109
0.02670811 0.001821256
0.02948471 0.001778742
0.01691322 0.001701465
0.02576208 0.001782664
0.0279916 0.00178755
0.022511 0.001736361
0.01665994 0.001794637
0.0172863 0.001848583
0.0299257 0.001807728
0.04501307 0.00174383
0.04424786 0.001652907
0.04285041 0.001625872
0.05960949 0.001517081
0.04813681 0.001471532
0.02241857 0.001519374
0.01588031 0.001525743
0.02919704 0.001454325
0.03304119 0.001421714
0.02741971 0.001433894
0.04992204 0.001523188
0.04489837 0.001540738
0.02287819 0.001578205
0.02150273 0.001763886
0.02481133 0.001732964
0.02271356 0.001636549
0.02077926 0.001741283
0.0367649 0.001701719
0.06010484 0.001922213
0.04968114 0.001821485
0.04698283 0.001721716
0.03445585 0.001732072
0.031772 0.001575668
0.01344588 0.001489403
0.0288768 0.001493151
0.02871894 0.001538726
0.02901138 0.001715629
0.02939488 0.001677953
0.04498609 0.001610133
0.04775482 0.001646676
0.03571997 0.00153076
0.07036251 0.001567795
0.06856249 0.001541242
0.0729045 0.001662428
0.06253522 0.001649955
0.07112052 0.00156999
0.06078089 0.001567573
0.06000746 0.001671865
0.06917488 0.001699093
0.05579214 0.00162224
0.06353989 0.001613774
0.04504414 0.001804782
0.0703592 0.001655948
0.05645398 0.001703285
0.06380242 0.001603317
0.0845983 0.001553462
0.07113226 0.001497705
0.05281984 0.001460429
0.06310841 0.001462618
0.07516056 0.001392995
0.08386804 0.001406487
0.08129114 0.00149334
0.08662604 0.001393847
0.1255019 0.001489092
0.1096337 0.001451072
0.1201358 0.001402564
0.1543242 0.001310924
0.2153755 0.001333287
0.2663371 0.001303079
0.2732071 0.001214638
0.2710436 0.001147991
0.2664917 0.00119672
0.2878054 0.001253019
0.3453424 0.001310408
0.3008663 0.001349272
0.2936351 0.001312455
0.2568731 0.001335894
0.2553272 0.001306788
0.2695351 0.001323495
0.2470626 0.001336738
0.2236931 0.001359902
0.2382706 0.001384024
0.2615481 0.001313058
0.1887575 0.001279904
0.1659918 0.001232191
0.2099839 0.001295029
0.166784 0.001220397
0.1173053 0.001099459
0.129343 0.00106262
0.1196044 0.001095476
0.1094564 0.001176753
0.070147 0.001163833
0.08069518 0.001134267
0.03961406 0.001112297
0.0399607 0.001097724
0.02426523 0.001117414
0.008315057 0.00102577
0.009530773 0.0009656762
0.0078292 0.001047126
0.01081006 0.00107931
0.008086554 0.001082339
0.00840172 0.00107361
0.007167577 0.000991515
0.007808068 0.001094001
0.009190625 0.001030256
0.0006338831 0.0009407513
0.001854442 0.00102883
0.01451841 0.001052969
0.01038007 0.001065238
0.02813002 0.001067215
0.01474713 0.001037163
0.02295243 0.0009842102
0.01953284 0.001023235
0.01551021 0.0009770351
0.01440281 0.0009206585
0.006292773 0.0008879053
0.001206645 0.0009082213
0.001518763 0.0008559572
0.005590385 0.0009140507
0.0162183 0.0009212254
0.01765499 0.0008726219
0.02592151 0.000967166
0.06308828 0.0008926006
0.06797261 0.0008994878
0.1030369 0.0009263793
0.08689849 0.0009930614
0.07996354 0.0009665134
0.06188038 0.001034277
0.05441949 0.001089779
0.0458495 0.001021968
0.03557094 0.001024538
0.07546919 0.0009990504
0.08729121 0.0009262918
0.0481925 0.0008455408
0.05455376 0.000830984
0.05298566 0.0007623749
0.04704679 0.0007290513
0.05494611 0.0007034216
0.05488069 0.000729529
0.05482409 0.0006844512
0.02630931 0.0006533953
0.0199244 0.0007011841
0.01751129 0.0007281297
0.02461382 0.0007714003
0.04906768 0.0008057011
0.05818844 0.0007250082
0.07425003 0.0007668168
0.07410463 0.0008042229
0.04946269 0.0008056121
0.03824343 0.0008135964
0.05491944 0.0008685855
0.06275317 0.000871133
0.07241405 0.0008397427
0.03308345 0.0008304899
0.04110099 0.0008373018
0.04855677 0.0008152413
0.04328656 0.0008317043
0.0382648 0.0008640634
0.03366107 0.0009080994
0.01569015 0.0008746311
0.01185616 0.000842134
0.00478093 0.0008621834
0.003228286 0.0007757655
0.002824039 0.000790463
0.01943461 0.0007826763
0.03037554 0.0007929427
0.03045379 0.0007326051
0.02653833 0.0007179642
0.02916647 0.000762693
0.05827775 0.0006667806
0.07728637 0.0006768764
0.07749298 0.0006347862
0.1159933 0.0006175057
0.1218283 0.0006299451
0.05985959 0.0006356212
0.05214547 0.0006397011
0.05109562 0.0006461668
0.03682046 0.0006431864
0.07073152 0.000620438
0.06791776 0.0005863422
0.08008575 0.0005666635
0.05769313 0.0006206162
0.0461164 0.0006043349
0.04164694 0.0006445369
0.05952002 0.0005775913
0.042401 0.0005792011
0.04025405 0.0006105609
0.05953632 0.0006605497
0.05936863 0.0007101925
0.05821365 0.0007199216
0.06456678 0.0006874349
0.04868734 0.0007006891
0.05545483 0.0007470629
0.1011538 0.0007482684
0.1179871 0.000780455
0.08168102 0.0007430266
0.08747003 0.0007079935
0.081764 0.0007158089
0.04108865 0.0007051888
0.05437325 0.00074302
0.04621074 0.0007652419
0.03803569 0.0007629394
0.02456558 0.0007536352
0.02988549 0.0007219051
0.03214617 0.0007141266
0.04306702 0.0006835261
0.05046737 0.0006852163
0.04478718 0.0007310536
0.04265126 0.0007025518
0.02770429 0.0007041516
0.05124805 0.0006521407
0.03652013 0.0006949363
0.0206339 0.000648057
0.02239401 0.0006638203
0.03091939 0.0007023168
0.03190769 0.0006524259
0.009462722 0.0006565416
0.006595349 0.0006327718
0.01110372 0.0006224777
0.01670486 0.0006774472
0.01655638 0.0006675462
0.02135705 0.0007019662
0.04245076 0.0006983185
0.04111061 0.0007024401
0.03685101 0.0007358119
0.05705807 0.0007175092
0.06781033 0.0007065155
0.07188137 0.0006982973
0.04852755 0.0006923931
0.04147866 0.0007016883
0.04873015 0.000685989
0.067893 0.0007109029
0.1219944 0.0007106297
0.152964 0.0007113193
0.1236661 0.0007518445
0.1422734 0.000771276
0.1558739 0.0008002066
0.1858194 0.000766258
0.172006 0.0007784874
0.2023012 0.0008034709
0.2705021 0.0008472113
0.2194254 0.0008849693
0.2173929 0.0008746398
0.2577758 0.0008509178
0.2361232 0.0008808258
0.2575383 0.0008261549
0.2953767 0.0008138636
0.2647255 0.0008888707
0.2691613 0.0008688538
0.2470023 0.0009488628
0.2516167 0.0008843217
0.2640033 0.0009509931
0.2812485 0.0009358774
0.3024606 0.0009358623
0.258801 0.0009734126
0.1952878 0.0009478636
0.1754883 0.001034395
0.1324082 0.001062342
0.1125209 0.001017447
0.09869893 0.001016321
0.09269508 0.000984291
0.09695335 0.00100172
0.09160142 0.001002803
0.1358052 0.0009275072
0.1389452 0.0009670925
0.1093261 0.000997277
0.09109493 0.0009145059
0.1442725 0.0009441028
0.1968079 0.0009828288
0.1701994 0.000945938
0.1456899 0.0008765715
0.1567111 0.0008794596
0.1656729 0.0008333468
0.1939251 0.0008773293
0.1988162 0.0007917874
0.1579108 0.0007616409
0.1646257 0.0007705872
0.1659397 0.0007508061
0.1955325 0.000824276
0.2202744 0.0007962034
0.1968085 0.0008165608
0.1549957 0.000762343
0.1418748 0.0008248476
0.1552111 0.0008551091
0.1868523 0.0008475482
0.2222656 0.0008854547
0.2057704 0.0008909544
0.2706965 0.0009350905
0.2720532 0.0008983614
0.2236425 0.000932844
0.1958168 0.0009765225
0.1772722 0.0009834872
0.1734063 0.001009681
0.2070825 0.0009938302
0.1994288 0.0009671124
0.2154437 0.0009618483
0.2987273 0.0009862984
0.2686046 0.0009546836
0.2452294 0.0009373129
0.2750918 0.0009393319
0.2739395 0.0009640661
0.2922964 0.0009450875
0.3088265 0.0009054973
0.3033461 0.0009110224
0.3204488 0.0009090979
0.2984635 0.0009200594
0.2190277 0.000924741
0.2154698 0.0009949622
0.2400063 0.001004952
0.1919923 0.0009822793
0.1592064 0.0009368284
0.1752283 0.0009917271
0.1926519 0.00101287
0.2389265 0.0009549609
0.2016062 0.000983675
0.1887845 0.001000319
0.2176632 0.0009151717
0.2433804 0.000928729
0.2347105 0.0008949273
0.1811983 0.0009701352
0.1790773 0.0009104327
0.1541235 0.0008076468
0.1461483 0.0007688126
0.1521481 0.0007472842
0.1389766 0.0007763139
0.157794 0.000744874
0.1915637 0.0007273691
0.1803524 0.0007301642
0.1797589 0.0007290504
0.1611516 0.000771738
0.2044184 0.0007613503
0.1934635 0.0007669623
0.230127 0.0008095399
0.2033885 0.0007888525
0.2419932 0.0007862325
0.2481584 0.0007097082
0.2598716 0.0007181872
0.2589784 0.0007262323
0.1935525 0.0007369677
0.212256 0.0007561555
0.2130965 0.0007459264
0.1739913 0.0007550221
0.1416329 0.0007713271
0.1764641 0.0007143554
0.1187044 0.000689406
0.1327309 0.0007261786
0.1661657 0.0007039769
0.1340265 0.0007428936
0.112455 0.0007160151
0.1066471 0.0006565246
0.1024789 0.0006333304
0.09238803 0.0005948043
0.09422986 0.0005860075
0.07192043 0.0005853656
0.05228805 0.0005942262
0.03360283 0.0005893925
0.04109468 0.0006010014
0.06811624 0.0005850447
0.08117653 0.000599419
0.1021116 0.0005560971
0.05083985 0.0005530249
0.0399729 0.000582672
0.0552769 0.0005751889
0.05638721 0.0005431993
0.03634469 0.0005462899
0.08049069 0.0005036543
0.08641314 0.0005651887
0.05470377 0.0005363946
0.05557095 0.0004945306
0.06919643 0.0004601574
0.08844227 0.0004501229
0.05551921 0.0004547781
0.05433527 0.0004701771
0.03702587 0.0005075789
0.02594097 0.0005433003
0.02752825 0.0005353416
0.03942156 0.0005020607
0.07790616 0.00050419
0.06724904 0.0005016804
0.08816009 0.0004716805
0.07573737 0.0004395346
0.09888082 0.0004423284
0.1211798 0.000433875
0.1255247 0.0004453968
0.122877 0.0004399311
0.1108158 0.0004187391
0.06411004 0.0003695109
0.06109723 0.0003602385
0.07851919 0.0003511461
0.06231151 0.0003562769
0.06894087 0.0003659148
0.03996288 0.0003993627
0.04381757 0.000395743
0.04417793 0.0004293193
0.03307914 0.0004455866
0.0378561 0.0004886338
0.01799402 0.0004966297
0.03315204 0.0004812189
0.04061611 0.0004761532
0.04819889 0.000501822
0.05130827 0.0005393011
0.05375426 0.0005364766
0.05148348 0.000507282
0.0457172 0.0005137316
0.05605394 0.0004811189
0.06146346 0.00048478
0.04167152 0.0004302897
0.04072184 0.0004057499
0.04595339 0.0004075982
0.06250079 0.0003974277
0.06134777 0.000392991
0.0685594 0.0003935749
0.08724554 0.0004287209
0.08598965 0.0004336144
0.0592426 0.0004133706
0.04655199 0.0004217253
0.04348807 0.0004362703
0.04237399 0.000460735
0.04167572 0.0004634999
0.03781829 0.0004588562
0.03992788 0.0004771421
0.0516324 0.0004791092
0.06415473 0.000480331
0.06622856 0.0004578979
0.06180497 0.0004457039
0.07274558 0.000474095
0.08524309 0.0005240434
0.1048344 0.0005335804
0.1079803 0.0005072775
0.1093432 0.0005302527
0.1206279 0.0005509632
0.1151885 0.0005633224
0.1807518 0.000561295
0.2320978 0.0005290134
0.2029667 0.0005474282
0.2409299 0.0005218465
0.2677942 0.0005241839
0.255513 0.0004978664
0.248191 0.0005036222
0.267733 0.0005037668
0.2088777 0.000440784
0.1839418 0.0004185526
0.1493714 0.0004602391
0.1306446 0.0004784454
0.1203002 0.0004813866
0.1450953 0.0004977435
0.1240571 0.0005041068
0.08490927 0.0004973337
0.05750861 0.0004700039
0.04436522 0.0005098459
0.03264143 0.0005287942
0.06817979 0.0005020172
0.07645145 0.0005045671
0.07812975 0.0005310451
0.06919463 0.0005291597
0.04038783 0.0005463623
0.02253178 0.0005456876
0.04122083 0.0005674088
0.03237325 0.0006124906
0.01773034 0.0006415385
0.02023811 0.0006725946
0.01087488 0.0006970979
0.02313381 0.0006931589
0.02807314 0.0007248212
0.01844647 0.0007332966
0.01728625 0.0007163097
0.02934829 0.0007609095
0.04287836 0.0007357433
0.03332923 0.000726814
0.03591909 0.000687865
0.03650194 0.0006892355
0.09767124 0.0006576043
0.05663536 0.000614235
0.06544627 0.0006197932
0.06515005 0.0006412568
0.06016892 0.0006215376
0.07224479 0.000604836
0.05181994 0.0005931461
0.06723992 0.0006038164
0.07148274 0.0006521557
0.05195284 0.0006640402
0.07425593 0.0006847476
0.07679981 0.000700866
0.1107294 0.0007621872
0.09455266 0.00079839
0.06516826 0.0008535289
0.07105258 0.0007811238
0.09319113 0.0007744409
0.1125218 0.0007574033
0.1279887 0.0007928405
0.1285397 0.000752478
0.09702218 0.0007439202
0.1020398 0.0007777662
0.1201729 0.0007801033
0.1679846 0.000718506
0.2039205 0.0006677961
0.1984628 0.0006790009
0.2359779 0.0006685683
0.2293592 0.0006971872
0.2350887 0.0007272073
0.2349808 0.0006995298
0.2359823 0.0006934898
0.2068581 0.0007238118
0.1870701 0.0007086786
0.1642937 0.0006598125
0.1333041 0.0006512006
0.1291086 0.0006628872
0.1250747 0.000694646
0.1387826 0.0006870671
0.09503843 0.0007268178
0.104798 0.0007045084
0.1043189 0.000686105
0.07713636 0.0007312142
0.05926322 0.0007375675
0.07926888 0.0007720415
0.08867775 0.0007914831
0.103884 0.0007626197
0.1175959 0.0006912138
0.1461418 0.0006557358
0.1401097 0.0006462959
0.1139245 0.0006021259
0.17022 0.0005647171
0.105303 0.0005289694
0.08032353 0.0004734975
0.07901079 0.0004914061
0.06909149 0.0004882506
0.0434234 0.0005115306
0.0393007 0.0004980868
0.05534788 0.0004881313
0.01724357 0.0004625884
0.02818458 0.0004706945
0.03350254 0.0004619613
0.05462954 0.0004579494
0.04651808 0.000410421
0.04349812 0.0004202878
0.04783287 0.0004119675
0.03285176 0.0003918259
0.02611135 0.000386173
0.02246485 0.0003964342
0.03471319 0.0004023237
0.02358188 0.0003936237
0.01076615 0.0003706975
0.02677518 0.0003242753
0.003689068 0.0003081932
0.02915315 0.0002998596
0.05111354 0.0002892052
0.05069413 0.0002921689
0.05957757 0.0002928684
0.06816827 0.0002827253
0.0587035 0.0002781186
0.05403105 0.0002687883
0.06254275 0.0002775706
0.04712381 0.0002669864
0.05616263 0.0002836307
0.07580286 0.0002568234
0.04857807 0.0002564465
0.0512385 0.0002490715
0.04166691 0.0002602935
0.03662182 0.0002521491
0.03577973 0.0002472557
0.04997702 0.0002472885
0.04867144 0.0002526801
0.02219556 0.0002536634
0.01920463 0.0002495024
0.0284022 0.0002286987
0.04941327 0.0002339406
0.05778168 0.0002300733
0.04019122 0.0002262589
0.02913067 0.0002121894
0.03150662 0.0002135963
0.03477846 0.0002289948
0.03288068 0.0002313576
0.03832821 0.0002404802
0.03462352 0.0002369155
0.04161395 0.0002320179
0.03858864 0.0002309311
0.03294912 0.000233495
0.04775293 0.0002279642
0.03985956 0.0002316085
0.02774215 0.0002351941
0.03651697 0.0002418235
0.03842168 0.0002327379
0.0211351 0.0002274415
0.01689017 0.0002300693
0.0165605 0.0002224372
0.02379453 0.0002151231
0.006583733 0.000199667
0.000287222 0.0001994258
0.004543659 0.0001857092
0.00699654 0.0001904458
0.01150015 0.0002100309
0.01039284 0.0002172223
0.00979111 0.0002147198
0.01870769 0.0002099273
0.01559042 0.0002185731
0.0119093 0.0002198747
0.0188952 0.0002227688
0.02597268 0.0002207108
0.03656418 0.0002108358
0.01967841 0.0002106508
0.02236149 0.0002121117
0.03995423 0.000217613
0.04260443 0.0002227023
0.0486815 0.0002223872
0.06248332 0.0002288468
0.05324801 0.0002221575
0.0373182 0.0002367462
0.04745845 0.0002197175
0.05511596 0.0002421265
0.06638836 0.0002509095
0.05018004 0.0002534762
0.03207529 0.0002690313
0.0388316 0.0002718291
0.04023793 0.0002736223
0.01046826 0.0002550369
0.01915572 0.0002574423
0.02687572 0.0002712913
0.06265658 0.0002739436
0.1079145 0.0002896298
0.07280012 0.0003001414
0.1150119 0.0003166087
0.1087385 0.0003089617
0.1223264 0.0003129737
0.09950853 0.0003148134
0.07412459 0.0003185388
0.07631338 0.0003304766
0.07052486 0.0003128706
0.04878577 0.0003067835
0.03360549 0.0003062241
0.01488323 0.0003040408
0.01349117 0.0003320069
0.01427697 0.0003319926
0.0196023 0.0003399302
0.01185093 0.0003102818
0.01176847 0.0003247032
0.004268889 0.0003059509
0.01011338 0.0002835621
0.006006812 0.0003041104
0.008848554 0.0002864216
0.01030457 0.0002687762
0.0122626 0.0002691851
0.0194935 0.0002578423
0.03252034 0.0002690158
0.04893594 0.0002662668
0.02091541 0.0002572367
0.006334913 0.0002617025
0.02229621 0.0002351431
0.01270569 0.0002488016
0.01306883 0.000243208
0.006501658 0.0002272975
0.008208047 0.0002546801
0.01148475 0.0002672712
0.02084631 0.0002606344
0.02270676 0.0002404127
0.01194192 0.0002333726
0.009490017 0.0002311893
0.02899359 0.0002335613
0.03063142 0.0002410986
0.02600447 0.000245759
0.02542967 0.0002683178
0.02169583 0.0002461504
0.01554782 0.0002436764
0.01652958 0.0002204753
0.01177815 0.0002323236
0.01062258 0.0002238159
0.01124131 0.0002098519
0.03237924 0.0002093525
0.02710374 0.0001871777
0.06620469 0.0001774177
0.104503 0.0001834803
0.1418711 0.0001851793
0.15829 0.0001953634
0.1388551 0.0002004045
0.1622631 0.0002038693
0.1396583 0.0002247445
0.1161525 0.0002324228
0.1164277 0.0002362357
0.1286084 0.0002351655
0.1252451 0.0002202175
0.1320173 0.0002183175
0.1183701 0.0002297944
0.1321299 0.0002470673
0.135264 0.0002216946
0.1595219 0.0002196648
0.1688175 0.000220344
0.1823548 0.0002145484
0.1530616 0.000212557
0.1264748 0.0002203869
0.1477431 0.000214833
0.1071487 0.0002139451
0.1106995 0.0002178683
0.08729907 0.0002377356
0.1019677 0.0002383488
0.1316056 0.0002382938
0.1231091 0.0002416141
0.136993 0.0002494788
0.1478684 0.0002241671
0.1058306 0.0002163896
0.08879764 0.0002152219
0.07820889 0.0002260951
0.1000011 0.000214527
0.1058716 0.0002126811
0.0847535 0.0002107586
0.06383135 0.0002123515
0.07514507 0.0002063508
0.07695057 0.000198251
0.08108479 0.0001908596
0.07343703 0.0001955291
0.08823905 0.0001867403
0.04312307 0.0001934146
0.07082142 0.000186376
0.08438751 0.0001955039
0.09236958 0.0001828342
0.1002811 0.0001864385
0.06508588 0.0001844712
0.07302344 0.0001766075
0.0704086 0.0001862948
0.1066978 0.0001750952
0.147854 0.0001701192
0.1893883 0.0001756838
0.1596845 0.0001898619
0.1771684 0.0001899709
0.2138228 0.0002042704
0.2082249 0.0001970044
0.2381529 0.0001826191
0.2149465 0.0001875684
0.2002554 0.0001995255
0.1959113 0.0002221786
0.2595638 0.0002147075
0.213275 0.000213215
0.2388205 0.0002080966
0.2355945 0.0002073466
0.2085838 0.0002231794
0.2241637 0.0002178925
0.2717026 0.0002260121
0.2705213 0.0002177183
0.2685716 0.0002242287
0.2518759 0.0002165396
0.3162327 0.0002023688
0.2674688 0.0002041434
0.2515969 0.0002071624
0.2346816 0.0001929465
0.2262538 0.0001966023
0.2116999 0.0002141786
0.2424742 0.0002208928
0.3086921 0.0002247858
0.2874162 0.0002319151
0.3150782 0.0002424595
0.3637035 0.0002301281
0.4063076 0.0002373999
0.3959897 0.0002436294
0.3725748 0.0002474728
0.4078375 0.0002469573
0.3652496 0.0002456347
0.3719207 0.0002508968
0.3479348 0.0002393521
0.3798907 0.0002504481
0.3696328 0.0002553716
0.3348719 0.0002478211
0.348769 0.0002272655
0.347677 0.0002251655
0.3589514 0.0002176283
0.4300111 0.000221366
0.421111 0.0002125814
0.4002478 0.0002051244
0.4164816 0.0001810921
0.4355002 0.0001760977
0.4431841 0.0001809224
0.4368486 0.0001934727
0.4327006 0.0002065964
0.3617491 0.0002217201
0.3050086 0.0002144997
0.2559119 0.0002064849
0.2571393 0.0002149813
0.2673663 0.0002098069
0.2968939 0.0002244443
0.3160835 0.0002090015
0.304639 0.000198449
0.3401292 0.00019485
0.3428679 0.0001874515
0.3421793 0.0001769571
0.370023 0.0001789898
0.3707047 0.0001615794
0.3516147 0.0001662798
0.3265014 0.0001822901
0.299649 0.0001860543
0.3071331 0.000187864
0.295588 0.0001917075
0.3381713 0.0001955718
0.3631087 0.0002016124
0.3414983 0.00020649
0.3168301 0.0002022816
0.2602928 0.0001929246
0.2242753 0.0002107254
0.1854716 0.0001890397
0.2198863 0.000186935
0.1525036 0.0001777101
0.1037974 0.0001747849
0.1088582 0.0001736117
0.1373728 0.0001740252
0.1257709 0.0001952578
0.09634411 0.0001911972
0.08682839 0.0002100209
0.08351484 0.0001982418
0.09655043 0.0001896241
0.1059424 0.0001987132
0.1028792 0.0001977563
0.07472272 0.0001961212
0.08456777 0.0002107644
0.0916342 0.0002150608
0.09824848 0.0002257509
0.1063223 0.0002126434
0.08200902 0.0002121111
0.06880285 0.0002054866
0.0732648 0.0002019062
0.0744903 0.0001986437
0.09777737 0.0002007744
0.09585287 0.0001966101
0.08451136 0.0001920661
0.07159735 0.000189335
0.09099734 0.000164513
0.09029922 0.0001690242
0.09044806 0.0001555319
0.1210383 0.0001506823
0.1657871 0.0001424453
0.2556594 0.0001393984
0.2531032 0.0001348767
0.2055238 0.0001422312
0.2207863 0.0001405271
0.2232508 0.0001398062
0.172267 0.0001380009
0.1943613 0.0001358596
0.2633593 0.0001324235
0.2524487 0.0001371351
0.2534542 0.0001405062
0.2399314 0.0001379114
0.1644621 0.0001492266
0.157923 0.0001537586
0.1463215 0.0001567285
0.164872 0.0001626881
0.1781737 0.0001685864
0.214337 0.0001603401
0.2050734 0.0001644575
0.2121311 0.0001464923
0.1677351 0.0001450291
0.1665204 0.0001533876
0.2016378 0.0001593765
0.1502943 0.0001464904
0.1024156 0.0001560708
0.1030895 0.0001589427
0.1050312 0.0001625842
0.09004137 0.0001577226
0.1001328 0.0001632663
0.07525402 0.0001623558
0.07356549 0.000165751
0.05013665 0.0001775421
0.05737865 0.0001739681
0.02774561 0.0001904709
0.02362682 0.0001921669
0.02545534 0.0001938393
0.03055232 0.0001937607
0.03852585 0.0001888173
0.02598391 0.0001978466
0.01335908 0.0001909062
0.01229869 0.0001909761
0.03175101 0.00018568
0.04337983 0.0001807708
0.03709513 0.0001909942
0.03459467 0.0001927648
0.02004436 0.0002075045
0.03470599 0.00020742
0.02331147 0.0002283162
0.02978674 0.0002258433
0.00526786 0.0002269818
0.01533652 0.00022988
0.02358705 0.0002219588
0.03023471 0.0002130172
0.0363586 0.0002081659
0.04806319 0.0002104032
0.06369243 0.0002159779
0.1062977 0.0002121883
0.1188314 0.0002171281
0.0940928 0.0002198742
0.07740542 0.0002144295
0.04495066 0.000208552
0.06810607 0.0002033607
0.06561438 0.0002102892
0.09220743 0.0002168815
0.1020425 0.0002261075
0.08791058 0.0002273461
0.1061823 0.0002330265
0.1205308 0.0002284801
0.1111072 0.00022307
0.1192326 0.0002138511
0.09852309 0.0002064491
0.09712982 0.0002113698
0.09347365 0.0002255463
0.1023538 0.0002180078
0.09512591 0.0002181516
0.1007645 0.0002285417
0.06112992 0.0002301727
0.069998 0.0002362261
0.06908713 0.0002352064
0.08371525 0.0002364104
0.08195742 0.0002346449
0.09067436 0.0002376685
0.1319775 0.0002411338
0.1211151 0.0002413076
0.1294525 0.0002453713
0.1544934 0.0002391673
0.1172063 0.0002459774
0.1287769 0.0002399672
0.1252558 0.0002312177
0.07884549 0.0002163316
0.05601471 0.0002087802
0.03949144 0.0002237239
0.04399257 0.000224215
0.05110269 0.0002163952
0.03367116 0.0002087691
0.01819786 0.0002041958
0.02383793 0.0001996211
0.007207574 0.0002121701
0.02250253 0.0002099812
0.02971124 0.0002022582
0.04252665 0.0002158062
0.04951461 0.0002103321
0.04180501 0.0002081252
0.0345907 0.0002028107
0.03434078 0.0001815889
0.02264413 0.0001802194
0.0718092 0.0001748214
0.05886781 0.000183205
0.06041056 0.0001752936
0.05011486 0.000175501
0.03235181 0.0001820609
0.03251243 0.0001845473
0.04863089 0.0001972582
0.03562168 0.000199135
0.02819851 0.0002011797
0.01909013 0.0002004731
