probIn varB
0.02323716 0.02477411
0.01855183 0.02080212
0.01225309 0.01932239
0.009236517 0.02055278
0.01837289 0.0207563
0.01063596 0.02078358
0.005575138 0.02052422
0.004360989 0.02023503
0.01060227 0.02049219
0.01014994 0.02443587
0.002634304 0.02608695
0.01563554 0.03078291
0.009661971 0.03234307
0.005962986 0.03287907
0.002961079 0.03364255
0.007499638 0.0368673
0.003646322 0.02851232
0.0002512884 0.02579007
0.006125931 0.02731435
0.01008927 0.02357213
0.00577942 0.0203601
0.008920366 0.01791919
0.0168106 0.01648927
0.007289942 0.01863311
0.003434799 0.01721243
0.005945414 0.01514948
0.004413463 0.01679785
0.01033645 0.01508001
0.003796776 0.01619446
0.004986341 0.01615925
0.005191905 0.01703706
0.01029928 0.01587259
0.01844878 0.01748289
0.01614387 0.01766192
0.01747703 0.01913575
0.008718915 0.02553355
0.005148966 0.02486797
0.004551156 0.02472713
0.008720696 0.02767927
0.01034289 0.0320686
0.005654792 0.03457018
0.002808256 0.03336185
0.01524583 0.03483374
0.006528835 0.02774245
0.002238525 0.02858174
0.002328968 0.03496156
0.002913779 0.0315158
0.01566747 0.03437791
0.0117909 0.02802726
0.004166773 0.02316951
0.003099859 0.01974427
0.0188681 0.01870846
0.009639296 0.01374757
0.008230788 0.01212716
0.01401493 0.01157966
0.008905211 0.007925983
0.0359613 0.008146224
0.02385695 0.008400963
0.01745229 0.00790676
0.03108098 0.00851844
0.01482973 0.009679121
0.01218344 0.009629383
0.02255915 0.01071643
0.02356923 0.01021262
0.01196158 0.01138816
0.01484174 0.01107394
0.02373072 0.01098257
0.02420752 0.01082371
0.01708138 0.009711459
0.01722616 0.009115032
0.006759263 0.008588008
0.006534177 0.008568408
0.01905348 0.009087502
0.01917772 0.008901034
0.0150719 0.008678022
0.009286715 0.009698087
0.03530734 0.009157149
0.01370574 0.009376649
0.002774763 0.009163842
0.01226315 0.008164785
0.01568512 0.007029995
0.008582556 0.007063554
0.006468699 0.007166874
0.003203725 0.006737934
0.006751701 0.005457943
0.01645848 0.004481285
0.01630186 0.00468323
0.007753646 0.003862772
0.008262385 0.004032237
0.0368701 0.004602985
0.0124229 0.004555774
0.01542324 0.004319972
0.01034184 0.005479441
0.01004293 0.006184331
0.04329909 0.005736856
0.02613923 0.006195908
0.02415872 0.006726541
0.02866484 0.00685206
0.03000389 0.007236758
0.02443366 0.009065056
0.02036581 0.008501541
0.02178722 0.009587147
0.02416721 0.008474336
0.02124305 0.00924509
0.005864887 0.009636663
0.01268604 0.009807461
0.009750616 0.009724727
0.02591409 0.0102733
0.02146383 0.01203249
0.0155179 0.01237906
0.01073555 0.01288674
0.01615791 0.01143903
0.01636979 0.01142399
0.03182538 0.01229763
0.03112833 0.01151035
0.02439464 0.009700538
0.03787349 0.008596075
0.0605168 0.006291608
0.03135552 0.006721177
0.01948759 0.006799063
0.012989 0.007355697
0.01957284 0.008845138
0.03398221 0.01007898
0.04203704 0.01180753
0.03129433 0.01021776
0.0292899 0.01014232
0.01208438 0.008069235
0.008776633 0.006809597
0.009179726 0.007671595
0.01104567 0.007347629
0.0265345 0.008049833
0.020002 0.007153315
0.02993587 0.007770581
0.02889453 0.008407189
0.02835858 0.008635418
0.02330514 0.008108737
0.03030992 0.008611265
0.02494642 0.007904573
0.01959788 0.006656744
0.01627906 0.007919321
0.02136928 0.007645632
0.03191502 0.008772848
0.04699007 0.007892965
0.04361074 0.0084124
0.01146512 0.007678699
0.01162128 0.00697653
0.02027634 0.006493746
0.03044737 0.006575652
0.03523084 0.007297194
0.02601723 0.007295052
0.02756431 0.006887027
0.01155628 0.007782334
0.002903324 0.00791819
0.004228237 0.007416747
0.006613903 0.006527076
0.01280531 0.006739905
0.02799116 0.006584343
0.0235778 0.007745749
0.01897191 0.006948148
0.03053565 0.005707109
0.01630043 0.006339047
0.0152791 0.005430884
0.02055441 0.005761939
0.009963715 0.007600057
0.01513449 0.008007634
0.02329642 0.006860465
0.03178036 0.005822995
0.0125851 0.005862586
0.008054622 0.006154278
0.03267271 0.005791633
0.02956271 0.005361525
0.04046829 0.004880655
0.06051592 0.004818598
0.05987727 0.003637079
0.07992807 0.003550973
0.1021598 0.002952593
0.09710375 0.003360909
0.0944728 0.003323648
0.07250542 0.003379009
0.05417192 0.0036088
0.03817837 0.003298024
0.02324143 0.003242625
0.02557876 0.003265587
0.03295148 0.004501558
0.03202045 0.005058049
0.04844517 0.004230706
0.03594817 0.004249159
0.03160069 0.005031426
0.005931475 0.005733227
0.005884483 0.004623793
0.007545434 0.003847664
0.01581792 0.003647849
0.03074543 0.003945031
0.02475715 0.003954376
0.01142371 0.003580509
0.01747878 0.003798817
0.02305423 0.003589809
0.02069723 0.002859084
0.01205427 0.002964864
0.02568024 0.00313418
0.02485762 0.003472542
0.01216921 0.003436492
0.009556627 0.002996946
0.009742386 0.003546954
0.02233984 0.004691378
0.02800696 0.004815875
0.04698962 0.003923276
0.03758045 0.003781692
0.01841987 0.003307401
0.02124546 0.003612482
0.02456734 0.003251259
0.04164527 0.003417992
0.05668701 0.003856333
0.02672547 0.003504355
0.03551408 0.004042666
0.0351954 0.00435792
0.03831941 0.004121829
0.04737239 0.00390574
0.04669073 0.004553708
0.0478714 0.004292968
0.03498653 0.004695188
0.01271809 0.004415924
0.01496775 0.004766876
0.01203966 0.005090508
0.01280547 0.004866126
0.0276415 0.006160271
0.04015845 0.00717491
0.04260447 0.006893837
0.03723985 0.006404481
0.02479198 0.006104879
0.02564133 0.006256615
0.01719825 0.006393379
0.01246207 0.006273145
0.01064582 0.00649455
0.006699858 0.006583198
0.001191778 0.006107518
0.003170004 0.00516649
0.005810917 0.00547736
0.002462421 0.005497049
0.008940107 0.005399124
0.01055313 0.005796234
0.01762716 0.00546693
0.03550865 0.004978737
0.03423168 0.004578184
0.06196526 0.004321369
0.03713975 0.004348345
0.04441915 0.003929416
0.0322217 0.00337094
0.04353017 0.003720682
0.04480232 0.003533854
0.05537649 0.003084022
0.04902044 0.002851314
0.06621514 0.003418663
0.0680483 0.003113439
0.05547557 0.00396932
0.02633664 0.004026408
0.0224971 0.003860066
0.0396499 0.00345418
0.05311334 0.004224599
0.04221802 0.004274919
0.04379507 0.004559133
0.03623208 0.004506749
0.06112911 0.004165158
0.03233016 0.004398068
0.03387465 0.004563391
0.03628046 0.003379539
0.06752629 0.003469038
0.04167929 0.003523983
0.02586352 0.003550133
0.01729774 0.0034
0.01935125 0.003033489
0.01331186 0.003139213
0.01338075 0.003349827
0.03135129 0.003166536
0.02162744 0.003053865
0.02614763 0.00295617
0.04256345 0.002749322
0.04335025 0.002783654
0.04288052 0.003226571
0.05070569 0.003074025
0.05209413 0.003108803
0.06890605 0.003231207
0.08019234 0.003515171
0.06708872 0.00386488
0.03732118 0.004258277
0.04637599 0.004484121
0.03754026 0.004161106
0.03433954 0.003869104
0.01142303 0.003835628
0.008537708 0.003664304
0.005769098 0.004112431
0.02475743 0.003756105
0.02165406 0.004242746
0.03193166 0.004292811
0.06040955 0.004262676
0.07926887 0.003371666
0.05762684 0.003674734
0.05006602 0.003242211
0.0983112 0.003537163
0.09637178 0.003590622
0.06865442 0.004193635
0.06359166 0.003712877
0.07250923 0.004052059
0.05836239 0.003426595
0.07179096 0.003363725
0.05155887 0.002889181
0.04243118 0.003051003
0.03346041 0.002946334
0.05209013 0.002953516
0.05353883 0.002872341
0.07166466 0.003005743
0.08182106 0.002731716
0.07368353 0.002990122
0.06276439 0.002781407
0.0478433 0.002637077
0.04424008 0.002771388
0.03887598 0.00239991
0.05115401 0.002188493
0.04704954 0.002271688
0.03998636 0.002232819
0.03710721 0.002271457
0.04340951 0.00189262
0.0484911 0.001665795
0.03985513 0.001654462
0.04255183 0.00185604
0.03992568 0.001698387
0.05098361 0.001564376
0.04100372 0.001651541
0.04428307 0.001418158
0.04843955 0.00136478
0.06741183 0.001339243
0.08147852 0.001375834
0.07149117 0.001657453
0.08562171 0.001799279
0.1007032 0.001857902
0.102294 0.001731771
0.07057553 0.001715704
0.08311768 0.001588399
0.08455993 0.001714081
0.1086199 0.001563667
0.05573968 0.001724616
0.05421099 0.001974381
0.04550862 0.002001672
0.06395006 0.002388534
0.06219884 0.002220256
0.04166707 0.00208206
0.02942652 0.001826949
0.03843405 0.001730196
0.05475049 0.001905741
0.0605458 0.001904407
0.06985705 0.002105926
0.08915795 0.002215561
0.06861423 0.00240156
0.06862035 0.002327575
0.05628268 0.002230895
0.0270585 0.002151263
0.02803748 0.00208418
0.02243646 0.002266233
0.01501233 0.002777758
0.01745581 0.002509226
0.01380599 0.002381737
0.01111201 0.002612568
0.005985311 0.003169903
0.01985922 0.003076145
0.02059136 0.003310871
0.02331252 0.003586117
0.02132742 0.004156945
0.02233492 0.003946408
0.0788101 0.003026552
0.07427094 0.002962675
0.06734882 0.002258692
0.09522828 0.002795421
0.06384068 0.002947087
0.04855411 0.003111486
0.05869096 0.002722104
0.05181058 0.002835906
0.02891869 0.003560847
0.04062862 0.003140876
0.05200928 0.003228729
0.05242141 0.003087674
0.04116136 0.00397659
0.03538203 0.004622443
0.02955965 0.004925085
0.02438452 0.004741166
0.01850284 0.004489218
0.02328865 0.00451407
0.01570714 0.005361009
0.00714535 0.005250757
0.01211331 0.004719191
0.010591 0.006133384
0.002422329 0.006060816
0.008137679 0.005011845
0.02255225 0.004142782
0.02320483 0.00329668
0.03258315 0.002907279
0.01617358 0.003468068
0.007865598 0.002551525
0.00644698 0.002799155
0.01549097 0.003316738
0.01456204 0.002727113
0.007747257 0.002642428
0.007946458 0.002710361
0.01942473 0.002791989
0.02098804 0.002840537
0.04133666 0.002507995
0.0394824 0.002328663
0.0415052 0.002324908
0.02733179 0.002740323
0.03069048 0.002490518
0.05658509 0.003221927
0.0570107 0.003066137
0.06760689 0.003316266
0.08232051 0.003347146
0.06950078 0.003142243
0.06579675 0.003659341
0.0949948 0.003335572
0.08152312 0.003539059
0.05698116 0.003061455
0.05044774 0.003005217
0.05884476 0.003498798
0.05471989 0.003654516
0.05630151 0.003119761
0.04703332 0.00275079
0.05233329 0.002335115
0.04497936 0.002582918
0.04743793 0.002658553
0.03851474 0.002695299
0.03025579 0.002991209
0.03862993 0.002910968
0.02765908 0.002941176
0.02411177 0.003203838
0.03725121 0.002362702
0.02301756 0.002292127
0.06392284 0.002245197
0.07499004 0.002316436
0.05853162 0.002843477
0.04616456 0.002975899
0.02547122 0.002906842
0.01236595 0.003126192
0.01408962 0.003192423
0.03067805 0.003159843
0.00863857 0.00254294
0.01393149 0.002693741
0.005271297 0.002769969
0.02474618 0.003076477
0.02618214 0.002890455
0.01467683 0.002754144
0.02612916 0.002410112
0.02267896 0.002124298
0.0262576 0.002141995
0.02217931 0.00231185
0.01994463 0.002189915
0.02965432 0.001858141
0.06298171 0.002374209
0.07936869 0.002549715
0.05901451 0.002838059
0.06726433 0.002922047
0.06605373 0.003200797
0.05843436 0.002722017
0.0684985 0.002660636
0.06843444 0.003101543
0.0887061 0.003181796
0.06250933 0.002914294
0.07460724 0.002489283
0.02438236 0.002574622
0.0217339 0.002665992
0.03289758 0.002293221
0.03086732 0.00246611
0.04282271 0.002755818
0.04023611 0.00290099
0.02744329 0.002752988
0.02850828 0.00288385
0.01564048 0.00234575
0.01311213 0.002356845
0.01126791 0.002660363
0.004090663 0.002777274
0.009412338 0.00281844
0.01098401 0.002725774
0.0136088 0.002770517
0.008020703 0.002745534
0.02336992 0.00275613
0.03229095 0.00263485
0.04052744 0.002667859
0.0212646 0.002870253
0.03977217 0.003072766
0.03777452 0.003450589
0.06172611 0.00354321
0.08568062 0.003540565
0.08836183 0.003490999
0.09205205 0.003266093
0.1063621 0.002294929
0.09772179 0.002680896
0.0811564 0.002797259
0.07615279 0.002639423
0.09764209 0.002644055
0.05516943 0.00225616
0.062954 0.002298034
0.07007434 0.002290817
0.1148288 0.002505345
0.08612802 0.003010817
0.04888403 0.003016474
0.06800232 0.002922877
0.08250151 0.00281736
0.05459308 0.002620556
0.04175052 0.003338572
0.05071085 0.003025003
0.05938965 0.002458153
0.07985107 0.00257397
0.0882616 0.003004313
0.1029605 0.003189364
0.08886053 0.003518038
0.08198412 0.003043202
0.05972896 0.002888842
0.04999091 0.003023793
0.0497296 0.002872053
0.03843516 0.002100249
0.04634253 0.002207834
0.03717093 0.002343037
0.02939265 0.002771621
0.03324919 0.002658508
0.03449263 0.002482274
0.0275572 0.002502962
0.03033104 0.002282861
0.01494701 0.002180544
0.02333336 0.002284065
0.02969369 0.002250246
0.02830273 0.001740756
0.01811484 0.001525675
0.02159487 0.001553699
0.02257526 0.001708507
0.04466779 0.00153149
0.03713443 0.001610683
0.05717892 0.001640686
0.06380086 0.001611095
0.05061777 0.001812808
0.07618967 0.002211411
0.06695371 0.002423412
0.06825566 0.002299055
0.07680163 0.002110276
0.07969931 0.002254491
0.06916796 0.002016444
0.06219112 0.002100132
0.05546156 0.001853632
0.03541963 0.001945519
0.02234915 0.002174074
0.03493443 0.00215334
0.03536365 0.002305461
0.03104503 0.001852113
0.06967924 0.001682939
0.09354892 0.00142754
0.1326046 0.001447033
0.1141007 0.001629159
0.09482484 0.001590313
0.1037917 0.001911469
0.1013141 0.001873979
0.1288079 0.001979589
0.1194789 0.002351636
0.1007302 0.002944686
0.06010928 0.00313562
0.04060914 0.003320267
0.02933481 0.003663696
0.03641703 0.00354996
0.03136907 0.003628902
0.04000581 0.003833518
0.03362929 0.004436121
0.05419447 0.004332627
0.03455607 0.004089627
0.02951459 0.005391454
0.03540706 0.005380535
0.05551554 0.005859633
0.05762914 0.004268603
0.06555078 0.004175541
0.04452147 0.004301017
0.02846106 0.005514753
0.02738491 0.005051782
0.03601155 0.005155154
0.02846452 0.005182873
0.01859117 0.004726427
0.04325671 0.004498758
0.04270165 0.003781196
0.01660026 0.004910455
0.02081558 0.0046702
0.008695935 0.0044857
0.02762958 0.004031887
0.03854378 0.00364251
0.04292676 0.003554124
0.02357997 0.003248618
0.01737845 0.003210092
0.01075205 0.003492115
0.01351297 0.003386465
0.02278257 0.004473935
0.0306371 0.003871739
0.04810804 0.005003678
0.0427217 0.004224336
0.02382814 0.003839103
0.02387781 0.003357902
0.01814181 0.004630597
0.01905857 0.00516982
0.01714033 0.005272042
0.02252621 0.004599963
0.0191511 0.005388236
0.03982006 0.004819271
0.03449427 0.0043578
0.04237393 0.003789731
0.04296438 0.002943369
0.09228806 0.002911457
0.09928216 0.003057169
0.05817034 0.0029722
0.06152953 0.003231526
0.08967119 0.003037846
0.0749095 0.003165781
0.07218433 0.003316484
0.07694813 0.003312319
0.08505754 0.003107723
0.06850389 0.003126311
0.04735725 0.003450994
0.04185033 0.003570398
0.02154977 0.003950019
0.03488819 0.003547203
0.04473062 0.00328053
0.04610735 0.002901096
0.04977237 0.003417275
0.05287919 0.003050809
0.03952796 0.00284841
0.02452134 0.002652479
0.02945173 0.002596478
0.01774275 0.002073398
0.01405474 0.002137187
0.02360476 0.002076521
0.01601208 0.002752257
0.02099716 0.0026066
0.03377013 0.002213446
0.02017226 0.002228113
0.0183318 0.001777282
0.01781736 0.001866379
0.01563035 0.00209505
0.01829515 0.002326698
0.01482788 0.002036912
0.01655374 0.002407576
0.02605692 0.001954248
0.01249215 0.001821528
0.01932396 0.00179036
0.01790082 0.002117857
0.02785327 0.002714268
0.04472093 0.002796467
0.0436749 0.002929181
0.03310043 0.002909461
0.04735038 0.002494666
0.03480893 0.002547311
0.0364051 0.002375675
0.03213712 0.002599082
0.04491536 0.002910072
0.06841878 0.002970398
0.04881685 0.002598086
0.02625186 0.002578638
0.03610344 0.002519614
0.0264293 0.002868865
0.03554325 0.002504007
0.03482815 0.002796211
0.04459986 0.002857104
0.02700655 0.002807506
0.02261764 0.002853527
0.03203847 0.003345849
0.03683572 0.003719681
0.02438465 0.00389145
0.03001694 0.003627956
0.0300143 0.003551419
0.0435336 0.00322865
0.03500853 0.00293676
0.03232113 0.002641891
0.03235873 0.002767572
0.04059577 0.002763927
0.06214622 0.003170843
0.03348511 0.002824623
0.01879627 0.003218378
0.03642524 0.003103289
0.05060229 0.003065279
0.02869819 0.003144355
0.04178572 0.002504636
0.03173397 0.002083852
0.03217728 0.002446139
0.03988869 0.002577386
0.0693616 0.002690417
0.07787443 0.002484122
0.09303651 0.002481187
0.08763058 0.002180349
0.1082474 0.002217278
0.09848436 0.002281171
0.09035316 0.002114292
0.08863753 0.002152201
0.09522612 0.002048445
0.09527729 0.002285779
0.1062808 0.001860636
0.1659678 0.001860509
0.1410803 0.002044127
0.1269844 0.002130461
0.1322817 0.002239516
0.1017378 0.00186826
0.1109489 0.002553888
0.1148707 0.002516699
0.09967885 0.002374118
0.07849048 0.003259257
0.04896138 0.003034041
0.06418863 0.002396229
0.06615813 0.002853853
0.04236315 0.002852342
0.03461036 0.003088262
0.02925355 0.002852954
0.03140708 0.003177285
0.04563451 0.002994553
0.06577933 0.003191522
0.04780068 0.003193247
0.05534553 0.002701028
0.07087631 0.003032567
0.05421613 0.00277691
0.04143087 0.003294483
0.03997019 0.002985491
0.04529201 0.002850967
0.03390325 0.003195419
0.02051619 0.003268628
0.02421565 0.0031507
0.02898328 0.003631346
0.04396053 0.003823019
0.04258889 0.003854387
0.04176825 0.003577787
0.06709679 0.003333712
0.04862634 0.00347328
0.02513511 0.004066311
0.01982617 0.003733874
0.007437505 0.003489499
0.003801815 0.003361949
0.01214923 0.003586929
0.004104192 0.004203597
0.01113506 0.004023266
0.01573973 0.003735123
0.02453443 0.003784267
0.01747279 0.003858197
0.01300141 0.003910762
0.008949798 0.004667877
0.0134493 0.004404021
0.022424 0.004425731
0.01784909 0.004291178
0.02293152 0.00399847
0.01501416 0.004094697
0.02244985 0.004658039
0.006727179 0.005755159
0.005117216 0.005323415
0.009296348 0.005423243
0.01122773 0.005852977
0.01519336 0.00538551
0.02849557 0.005956912
0.01971379 0.005172324
0.01089764 0.004681419
0.02215652 0.004691905
0.01932856 0.004807023
0.01790127 0.004204947
0.02969923 0.004674413
0.03255935 0.004682655
0.03611064 0.004673826
0.02329751 0.005544092
0.03257827 0.006127387
0.03242375 0.00591979
0.02705409 0.005443647
0.01120988 0.005562402
0.003950969 0.005442618
0.01073806 0.005112222
0.02527822 0.005580891
0.01587477 0.005230997
0.02074576 0.005735268
0.02715157 0.006132611
0.04016146 0.006169033
0.03127261 0.006237663
0.02103643 0.006305454
0.006318538 0.006256386
0.005622663 0.006234772
0.002101594 0.006464611
0.002276797 0.006136005
0.01205337 0.007144391
0.02466782 0.005446411
0.01279095 0.005350015
0.007532194 0.005894224
0.006619939 0.005558539
0.01431151 0.006102988
0.02401011 0.005877607
0.0263099 0.005265875
0.02906408 0.005911379
0.01626363 0.005570493
0.01157748 0.005096858
0.008257286 0.004607047
0.01692787 0.00470498
0.03048089 0.005106748
0.03620315 0.005002039
0.03723739 0.005209207
0.0369599 0.004796384
0.02235992 0.00494762
0.03057685 0.004578457
0.03918586 0.003932116
0.0467784 0.004420189
0.05410701 0.004061587
0.04056523 0.00406208
0.05002957 0.004555656
0.03340857 0.005058208
0.03888764 0.004627575
0.04685123 0.004579745
0.06310581 0.004010352
0.03362103 0.004142187
0.0422074 0.005054719
0.04784479 0.005094008
0.05303214 0.004655749
0.04868494 0.003844522
0.07374139 0.003628771
0.07133281 0.003879163
0.0993183 0.004086966
0.06593277 0.004858405
0.04033104 0.00519025
0.05112535 0.005570204
0.02472722 0.004345493
0.05975836 0.004815193
0.04413766 0.005328028
0.0259517 0.005337224
0.02030153 0.004743587
0.01783676 0.004447605
0.01051567 0.004111703
0.01016193 0.00358678
0.03913459 0.003417485
0.04421251 0.003104558
0.05033121 0.00357164
0.04821476 0.003862143
0.05142914 0.004167853
0.04819995 0.004321561
0.05159465 0.003567685
0.03269754 0.003596368
0.03348337 0.003277651
0.02612666 0.003042799
0.0316519 0.002684367
0.03398359 0.00238286
0.03313245 0.002365913
0.05326525 0.002350298
0.06725119 0.002371132
0.09220302 0.002427019
0.05263261 0.002184688
0.04461901 0.002354281
0.03277225 0.002625767
0.03273336 0.002435141
0.02658704 0.00243967
0.01391695 0.002398501
0.03234815 0.00254587
0.06432464 0.002446903
0.04246075 0.002816109
0.04867524 0.002360021
0.04817221 0.002772249
0.06356235 0.003430791
0.04224336 0.003449453
0.04571687 0.00364189
0.06552176 0.003997942
0.05046954 0.004231942
0.04435734 0.004326372
0.05078175 0.00410598
0.04586904 0.00459872
0.0198056 0.004685714
0.008705927 0.005116634
0.01975268 0.005299021
0.03260312 0.005207714
0.02381763 0.00617645
0.01882072 0.005761896
0.02487588 0.006055328
0.02246352 0.006825241
0.01771817 0.006681397
0.02321157 0.006992117
0.007242248 0.007369662
0.01598463 0.00813863
0.00195442 0.007497478
0.001913313 0.007492075
0.01686773 0.00743538
0.01290465 0.007237786
0.006103326 0.006534749
0.009353907 0.005975288
0.02413403 0.00627217
0.0128359 0.006818856
0.009560045 0.006958645
0.01202102 0.008070718
0.0271824 0.00716193
0.009221539 0.006917302
0.009987713 0.006479506
0.01014454 0.005367761
0.01302846 0.004325341
0.03015183 0.004555602
0.01463769 0.005142972
0.02650717 0.004476286
0.02429915 0.004186674
0.03606332 0.003904429
0.02051678 0.003235274
0.01342982 0.003122759
0.02344436 0.003339601
0.02806508 0.003506998
0.03685636 0.00359432
0.03102359 0.003549114
0.02760407 0.003532911
0.04952922 0.004500646
0.03899998 0.004242355
0.03729051 0.004199895
0.080571 0.004874087
0.06521162 0.005037722
0.04386868 0.006187495
0.06951485 0.005690084
0.07920321 0.005545959
0.07407246 0.005124173
0.05751677 0.004704502
0.08785874 0.003801384
0.07049674 0.003967655
0.06176062 0.003529049
0.05578737 0.003394897
0.0475737 0.003612497
0.0885712 0.00371781
0.09578379 0.004114417
0.07743073 0.004842736
0.07782552 0.003712184
0.06012211 0.004645208
0.02858403 0.004477751
0.01787077 0.004581804
0.01950964 0.005125867
0.02357325 0.00470431
0.02253978 0.004098895
0.02848853 0.004049164
0.01589388 0.003742432
0.02530084 0.004003084
0.04578791 0.004430867
0.03714438 0.004189526
0.04557762 0.004952489
0.05280392 0.004946954
0.03966541 0.004068343
0.01757265 0.003964344
0.02791142 0.004227424
0.03301075 0.004714252
0.01498082 0.004550572
0.01973157 0.004202151
0.02197874 0.004029208
0.01870297 0.004280237
0.02563769 0.003592634
0.02501353 0.003220145
0.0191502 0.003103417
0.01850608 0.002714881
0.03093644 0.002425167
0.04184137 0.003195697
0.04249192 0.003513209
0.0297816 0.004438023
0.03357946 0.004270893
0.03207138 0.004693594
0.02424122 0.004177002
0.02388445 0.004815846
0.02175598 0.004460995
0.01046451 0.004350639
0.01064285 0.005131919
0.01436867 0.005784987
0.01665769 0.006212421
0.02634818 0.004916646
0.01386392 0.004656639
0.007661075 0.00442441
0.01589813 0.004262762
0.0422135 0.00329383
0.05368257 0.002646376
0.04504992 0.002684774
0.02242168 0.003214477
0.01905097 0.004192997
0.01497608 0.004255222
0.02154908 0.005272324
0.01882028 0.004597645
0.01956717 0.004133365
0.02023781 0.003973443
0.02217031 0.004324934
0.02967822 0.004236617
0.02607981 0.003793113
0.02582096 0.003643867
0.01943845 0.003694659
0.008752647 0.004604641
0.02207122 0.004542535
0.01812185 0.004796762
0.02497838 0.004179346
0.02936518 0.004086634
0.03723005 0.003727398
0.05407056 0.004506508
0.0233092 0.00403929
0.0275049 0.004305709
0.03164007 0.003644875
0.02891966 0.00347861
0.01094605 0.003924065
0.007803565 0.003489846
0.01288848 0.004368672
0.02346175 0.004571867
0.03259764 0.00405591
0.05486227 0.003642713
0.07064847 0.003677567
0.09487097 0.003429813
0.07622005 0.002837409
0.05477309 0.002802122
0.05522766 0.003068209
0.06084932 0.003268824
0.06131836 0.003937383
0.05211355 0.004097687
0.04511533 0.005149982
0.02272959 0.005750383
0.009185058 0.006169713
0.01807281 0.005897309
0.01523931 0.006213973
0.01998153 0.007063696
0.01679459 0.00682606
0.01146367 0.00620647
0.01607288 0.005766794
0.03009238 0.005583056
0.01927494 0.006899604
0.02132785 0.006442414
0.02481056 0.005770911
0.0216197 0.0062902
0.022103 0.006086268
0.01208962 0.005128633
0.01264452 0.005841652
0.02553817 0.005930744
0.02912708 0.005575571
0.02393463 0.005423566
0.03241159 0.005440127
0.01814795 0.005385851
0.0254147 0.006240904
0.03400019 0.005546784
0.03763856 0.00522499
0.0293302 0.005172512
0.04918228 0.005089124
0.03126554 0.00562835
0.01295087 0.00571832
0.01981396 0.004542954
0.008653738 0.004338768
0.01203244 0.004144533
0.02078835 0.004721056
0.01850653 0.005324106
0.01282654 0.006017033
0.01485569 0.006472077
0.02222042 0.007224105
0.01992934 0.007801294
0.02894666 0.008068639
0.02767481 0.006837102
0.02645816 0.006468396
0.02115687 0.005359643
0.01016905 0.006091515
0.02982862 0.006856431
0.03849525 0.007863691
0.02828977 0.007507813
0.01498566 0.00639323
0.01571737 0.005906723
0.01332217 0.005671082
0.01653384 0.005433263
0.02072735 0.005145284
0.02322612 0.004282096
0.01256411 0.004630766
0.009027371 0.004516701
0.009733881 0.003375024
0.02728957 0.003110023
0.03920365 0.002750492
0.04892379 0.002932819
0.03080392 0.003137486
0.03057897 0.00364396
0.03246633 0.003940647
0.0296374 0.00434591
0.01701433 0.004397852
0.02149577 0.004569939
0.03014708 0.003941012
0.03050504 0.003151321
0.04008018 0.002777822
0.03874527 0.002336223
0.01751248 0.002481839
0.03073946 0.002472783
0.02418252 0.002654478
0.008700457 0.002574083
0.01484531 0.002545979
0.03250397 0.002530203
0.02980831 0.00244001
0.03830414 0.002627231
0.03463242 0.003368215
0.05083427 0.002859548
0.08478225 0.002419951
0.09514396 0.00192455
0.07316232 0.00176596
0.0727097 0.001886516
0.07662039 0.001834848
0.07730129 0.001940573
0.07824986 0.001932379
0.09599806 0.001878985
0.1044508 0.002005768
0.07054595 0.002367522
0.07217344 0.00228732
0.08048808 0.002380522
0.1015595 0.002235344
0.09676851 0.002372403
0.1081226 0.00229247
0.1044072 0.00240194
0.0848414 0.002287328
0.09352647 0.002315035
0.09903782 0.002446805
0.07339703 0.002512723
0.03288123 0.00318372
0.02628183 0.003625473
0.0171779 0.003489702
0.01293396 0.00265036
0.02326203 0.00314422
0.0186105 0.003934848
0.03008505 0.003459052
0.03417729 0.003708788
0.02347062 0.003605086
0.02378344 0.003588227
0.03587752 0.004213044
0.03389635 0.004270576
0.03617837 0.004779641
0.03317594 0.004695392
0.02052741 0.004604097
0.01012904 0.004491623
0.01093088 0.004805347
0.01480688 0.004980342
0.02243072 0.004742269
0.02323593 0.004663166
0.04135085 0.005630135
0.04706668 0.005540308
0.03961875 0.005033892
0.04041309 0.005246435
0.04443449 0.005152468
0.04063134 0.005334047
0.04499099 0.005536681
0.04094365 0.005366492
0.02754481 0.005665393
0.02427826 0.006124039
0.00863851 0.005574717
0.01010293 0.005693885
0.02798903 0.005485317
0.01795418 0.005592219
0.01808817 0.005809012
0.02072869 0.006008071
0.02770567 0.005687115
0.03260687 0.006197678
0.0404733 0.006832797
0.0282013 0.006545245
0.02886261 0.005652812
0.02644891 0.004966531
0.01279193 0.005982682
0.004892215 0.007503691
0.003828935 0.006552738
0.001072039 0.007773689
0.009871251 0.008830556
0.02607694 0.008972512
0.02350231 0.01065476
0.02286271 0.01033839
0.03982054 0.01126069
0.02003046 0.01026003
0.005140557 0.008793064
0.0046121 0.008296281
0.01070925 0.007577275
0.02004343 0.008006174
0.02338486 0.008401861
0.03275557 0.007570786
0.01548102 0.008705432
0.02196162 0.008418588
0.007970641 0.008897246
0.02226199 0.008674128
0.02266659 0.008656872
0.01776322 0.009227427
0.01831265 0.009850846
0.0249498 0.008723598
0.0255642 0.007992639
0.02065518 0.006437413
0.03631782 0.00546316
0.03034683 0.005360787
0.01848688 0.004354185
0.005580191 0.00456465
0.01283054 0.00481558
0.02209168 0.0043294
0.01745598 0.005240082
0.0159824 0.005682488
0.02410485 0.005278573
0.03125093 0.004656589
0.03548038 0.005465703
0.009208294 0.005931052
0.02046746 0.005804132
0.02669618 0.006120375
0.0217769 0.005903615
0.01535977 0.005257301
0.01407887 0.004662647
0.02859639 0.00467484
0.03123429 0.004549597
0.03930037 0.004325802
0.05866798 0.004806547
0.03308161 0.004065406
0.03904409 0.004172239
0.04725381 0.004396152
0.05197043 0.004140666
0.06521804 0.004198166
0.05350323 0.004108935
0.04611008 0.003836622
0.0513804 0.004188275
0.07965931 0.004840195
0.05388284 0.004770075
0.03642729 0.004450387
0.03190464 0.004300729
0.03850175 0.003892152
0.0359115 0.00339599
0.02857308 0.00346545
0.02780742 0.003779512
0.04455875 0.003862977
0.03946477 0.004172546
0.0371915 0.004381461
0.03245946 0.004254903
0.02378896 0.004220914
0.03008792 0.003824801
0.02584042 0.002991733
0.02648269 0.003452082
0.02131768 0.00336204
0.01599567 0.003497683
0.01682158 0.003733599
0.01905092 0.003388126
0.01454066 0.003351253
0.03135337 0.003526413
0.03571012 0.003723881
0.04014806 0.003390699
0.02905138 0.003468196
0.02044362 0.003579561
0.02456257 0.003672268
0.01862046 0.004034163
0.0212484 0.004154774
0.02522939 0.004092233
0.04697082 0.0036108
0.05838859 0.004209747
0.04615398 0.003636137
0.01748496 0.003564255
0.02094222 0.003438876
0.02420767 0.00323413
0.02026955 0.003038582
0.03193853 0.003498175
0.05248296 0.003421761
0.06347796 0.003297795
0.0519702 0.003544999
0.05500268 0.003082923
0.08776128 0.002944679
0.1124906 0.002780403
0.09382793 0.002637266
0.09708054 0.002463868
0.09426266 0.002772731
0.06395015 0.002564492
0.03977808 0.002293581
0.03686872 0.002091545
0.0703182 0.001883656
0.08617731 0.002109489
0.07532733 0.001772345
0.09228534 0.001565884
0.07441699 0.001562939
0.1011075 0.001628906
0.1398903 0.001707616
0.1532671 0.001603927
0.1779218 0.001645751
0.1416022 0.001717497
0.1173534 0.001658799
0.1664753 0.001720363
0.1620553 0.001964572
0.1796237 0.001627604
0.106142 0.001788343
0.09023035 0.001976118
0.05419903 0.002085535
0.0739665 0.002071144
0.1021917 0.002082507
0.05849525 0.00200314
0.04224436 0.002048631
0.03892956 0.002139248
0.04621492 0.001883764
0.05881131 0.001952399
0.04039625 0.002072564
0.03939357 0.00196408
0.0265091 0.001956697
0.03844645 0.002240786
0.04859358 0.002428776
0.06484743 0.002073636
0.04632142 0.002460352
0.06164303 0.002352974
0.03206743 0.002855896
0.04221578 0.002229851
0.03451501 0.002420882
0.04883539 0.002205578
0.06975432 0.002135436
0.1261316 0.002573808
0.09583936 0.002458651
0.07648688 0.00306517
0.06271998 0.002803785
0.0553453 0.002946039
0.03374945 0.002699837
0.05699061 0.003046633
0.05602232 0.002756357
0.06139645 0.00234159
0.04986268 0.002256485
0.02421796 0.002169323
0.0125092 0.002391604
0.007785825 0.002804191
0.01190127 0.003065526
0.02971922 0.003141689
0.04662667 0.002907378
0.04268632 0.002848992
0.04049063 0.002931019
0.02819439 0.003282795
0.03554281 0.00369086
0.04873591 0.004330453
0.05757316 0.004437822
0.03590111 0.004953302
0.01858244 0.004189774
0.02094095 0.003661964
0.02157208 0.003108947
0.0217844 0.003105047
0.01774965 0.003032666
0.02606424 0.003080116
0.04771694 0.002934336
0.04927245 0.002891551
0.03427281 0.00308938
0.02321445 0.003333632
0.0187592 0.003339796
0.02451044 0.004343167
0.01673005 0.003697964
0.01886169 0.00365438
0.04369919 0.003655795
0.06653099 0.003465811
0.05288128 0.003777366
0.07997048 0.003847327
0.03887507 0.00370753
0.04218852 0.003522971
0.06996644 0.003130401
0.06887748 0.003089764
0.06354818 0.003223166
0.08553612 0.003265192
0.06920872 0.003050324
0.04212309 0.002672433
0.06184914 0.002762375
0.05754918 0.002827583
0.03906219 0.002548967
0.07312599 0.002297292
0.03818987 0.00223151
0.04349454 0.002229711
0.0358862 0.001965351
0.05428923 0.002492573
0.06328178 0.002547961
0.06576071 0.002401966
0.06942322 0.002723947
0.07026207 0.002750174
0.04952389 0.003250758
0.03584744 0.003153593
0.03522119 0.002833098
0.02918772 0.002615608
0.04729212 0.00283861
0.03966802 0.00334125
0.04471178 0.003429175
0.05316751 0.00309608
0.05512739 0.003090422
0.01705939 0.002916843
0.01462338 0.002819957
0.01427463 0.003024033
0.04873014 0.003082125
0.04451457 0.003356833
0.0577608 0.002897484
0.0758637 0.002881096
0.06999537 0.002132302
0.06589141 0.002120902
0.07655645 0.002203551
0.08365291 0.002369127
0.08551505 0.002117585
0.07527123 0.002323551
0.07923611 0.002162047
0.1028871 0.002295791
0.07540747 0.002876149
0.05986859 0.002365413
0.065057 0.00234249
0.08250744 0.00251936
0.06972874 0.003213374
0.09137608 0.003740178
0.06137445 0.004059151
0.06755488 0.003193523
0.0721911 0.002997629
0.08269513 0.002834774
0.06061032 0.002707777
0.04307057 0.003405244
0.05299817 0.003431156
0.05483718 0.003371126
0.05513877 0.003171333
0.05769035 0.003641403
0.05640055 0.003784393
0.06382432 0.003220412
0.08157166 0.003851601
0.09125297 0.004259661
0.09260784 0.004220548
0.0739236 0.004299434
0.06709208 0.004455196
0.06240977 0.004749908
0.07220505 0.004435717
0.06585558 0.004672462
0.03954664 0.003891197
0.04761655 0.003780743
0.03433864 0.00364679
0.02254603 0.003820035
0.02587481 0.003679161
0.06278318 0.00414499
0.06254272 0.003549971
0.01264719 0.003991378
0.02919772 0.004197435
0.02930925 0.003206714
0.05303166 0.002893523
0.04464714 0.002380271
0.04776298 0.002383397
0.04207416 0.002396636
0.04221699 0.002344895
0.03213201 0.00215215
0.05527963 0.002024408
0.06619301 0.002110874
0.0607729 0.002163798
0.06239182 0.001725152
0.09553808 0.002061055
0.119848 0.001906678
0.1514795 0.001666443
0.128233 0.001951597
0.1077167 0.001811316
0.1071337 0.001557193
0.1057736 0.001328974
0.1143064 0.001213449
0.1268149 0.001086655
0.1306848 0.00102898
0.1328307 0.0008702913
0.08239676 0.0008621068
0.06901257 0.0008804516
0.08255257 0.001017953
0.1043101 0.0008699493
0.09206911 0.001020782
0.1490385 0.0009870921
0.120792 0.001145418
0.1238668 0.001048874
0.1164942 0.00122115
0.1447723 0.001399429
0.112229 0.001193842
0.07467057 0.001111472
0.08364878 0.001214616
0.08001981 0.001542424
0.07463969 0.001914254
0.07598531 0.002201099
0.06729134 0.001951132
0.07801071 0.002236072
0.06011073 0.001996355
0.09779127 0.001778157
0.08928218 0.001616654
0.1096098 0.001665689
0.07021478 0.001699077
0.06179811 0.001658253
0.06424023 0.002114448
0.05812381 0.002306277
0.05079587 0.002203659
0.03799332 0.00175129
0.03380687 0.001823534
0.05123306 0.001630919
0.0621474 0.001814987
0.08284677 0.002183129
0.0785771 0.002269203
0.06903196 0.002258039
0.06060214 0.00241173
0.03957681 0.002147546
0.04331238 0.002464349
0.05429372 0.00358998
0.08185652 0.00309299
0.08795628 0.002830268
0.08705736 0.00297381
0.07433072 0.003411651
0.05174288 0.004204041
0.04096672 0.00434238
0.0443127 0.003523886
0.02474909 0.003154954
0.03012709 0.003436214
0.02216204 0.003281539
0.01660258 0.002985889
0.007978192 0.003034995
0.02326954 0.003685743
0.0142165 0.003823698
0.01438563 0.004154256
0.03205548 0.003834893
0.05529507 0.003416947
0.06645281 0.003042299
0.04726844 0.003246356
0.06153701 0.003506192
0.05067112 0.003453725
0.05444855 0.0034835
0.07008975 0.003666148
0.07281108 0.003572794
0.07476537 0.003040906
0.06291121 0.003017612
0.08192386 0.003309971
0.05982377 0.003820559
0.06031806 0.003499728
0.06491416 0.004054766
0.0474971 0.003699698
0.04728434 0.003716378
0.05698742 0.003392924
0.03745335 0.003599057
0.04562677 0.004907814
0.0350988 0.005106725
0.05766692 0.005565574
0.0511683 0.004984662
0.02751618 0.004534798
0.0355561 0.004807003
0.04723556 0.004465716
0.06310943 0.003885398
0.08064895 0.003770207
0.0484894 0.003726326
0.04581417 0.003544619
0.03403672 0.004254342
0.04461778 0.004762222
0.02764111 0.005586936
0.03920917 0.004829775
0.04498526 0.005836069
0.05008932 0.004700771
0.04593558 0.004295
0.04666059 0.004501721
0.03411123 0.00376858
0.02819947 0.004507854
0.02976354 0.004021878
0.03963617 0.004144856
0.04395263 0.003896555
0.04133266 0.003694775
0.02066154 0.003053294
0.03082729 0.003100331
0.01507489 0.003046693
0.02390354 0.002978289
0.01830032 0.002534822
0.05775459 0.002327284
0.09460604 0.002449542
0.07960907 0.002068491
0.06045145 0.001843826
0.07904503 0.001974434
0.07925693 0.002122784
0.06657122 0.001875013
0.06993089 0.001696657
0.0650825 0.001730751
0.1033968 0.001588779
0.1357557 0.001609706
0.1230046 0.001405579
0.1535467 0.001863201
0.1707021 0.001983424
0.1696249 0.001986277
0.1769915 0.001931749
0.1700337 0.001811754
0.1982386 0.002146143
0.1698932 0.001791253
0.1561468 0.001895057
0.102376 0.002064776
0.1183428 0.002541936
0.1309452 0.002745893
0.1087456 0.002475136
0.1179513 0.002840436
0.1053901 0.002453142
0.1143471 0.00251248
0.09218004 0.002356933
0.06607045 0.002442478
0.08848989 0.002398209
0.1355079 0.002529785
0.2032306 0.002352698
0.1994862 0.00257055
0.1718174 0.002745196
0.2013532 0.002685071
0.2087523 0.002315013
0.2079247 0.001812479
0.2329342 0.001735382
0.1767248 0.001643332
0.1734037 0.001839904
0.1605457 0.001981845
0.1437148 0.001981007
0.1211215 0.002106405
0.1280521 0.002034694
0.1671864 0.002201929
0.1285514 0.001866882
0.1067892 0.001851069
0.1673013 0.002134487
0.1009946 0.002103431
0.08193035 0.001978421
0.05621279 0.001830873
0.05820765 0.001914631
0.06315484 0.001974607
0.06448064 0.002229776
0.07107432 0.002375487
0.07963012 0.002428465
0.09930477 0.002501399
0.09017199 0.00251544
0.07519821 0.002813383
0.05076477 0.003048765
0.05660097 0.002950722
0.04432242 0.003148407
0.0566301 0.003182417
0.09232025 0.003166619
0.06361413 0.003643161
0.05797218 0.003278314
0.04386203 0.00388443
0.05049567 0.004786214
0.05536457 0.004785268
0.0476983 0.004912321
0.03789569 0.006143383
0.03441261 0.006916602
0.01948794 0.005995091
0.0008730982 0.005569744
0.005104949 0.006320916
0.001085195 0.006146455
0.008925331 0.005699956
0.01033402 0.005230304
0.01652702 0.005468552
0.01115169 0.006011943
0.01719818 0.006170373
0.03379779 0.005612531
0.02348349 0.005968431
0.03757232 0.006773383
0.02887269 0.006663097
0.02511294 0.0070876
0.02189065 0.006949302
0.01509189 0.009645164
0.01513108 0.01089456
0.009108627 0.009839692
0.02362332 0.009777142
0.02144302 0.01049017
0.01700882 0.01042099
0.009433176 0.0130112
0.007088406 0.009729009
0.01591468 0.01046502
0.01677833 0.01181073
0.00916594 0.01488027
0.01442462 0.01438555
0.005973879 0.01401776
0.001459402 0.01418548
0.003304106 0.01279376
0.001370391 0.01288412
0.00323484 0.01275839
0.01588841 0.01286188
0.01908894 0.01099654
0.01604902 0.01060905
0.005674022 0.009399139
0.009845545 0.009487291
0.009268154 0.01115058
0.01388485 0.009538575
0.01111132 0.009043233
0.01372896 0.006731126
0.0163918 0.006372753
0.02546345 0.006326282
0.04093559 0.007665091
0.05170832 0.009273458
0.0299202 0.009783882
0.01006948 0.011663
0.008008514 0.01048137
0.01136176 0.01065526
0.01138995 0.008860198
0.01018106 0.009278991
0.004093672 0.009561504
0.00938681 0.009645103
0.01171198 0.009593005
0.01105066 0.009270437
0.01057921 0.01052204
0.01619619 0.009918224
0.007132112 0.01042387
0.01113536 0.01052191
0.01345365 0.01036755
0.00247897 0.01191521
0.008957158 0.01356566
0.02044298 0.01445124
0.01368035 0.0154009
0.01879248 0.01484537
0.01057256 0.01878994
0.006469294 0.01842958
0.005970241 0.0200476
0.00584782 0.02171205
0.008132698 0.02332776
0.007219511 0.02120813
0.004505251 0.02264933
0.01940168 0.02163338
0.005189007 0.01825132
0.005690096 0.01481121
0.01661815 0.01540871
0.01539908 0.01629958
0.03059032 0.02010137
0.02094188 0.02136984
0.02060086 0.0248222
0.01264635 0.02266127
0.01876451 0.02222299
0.01294404 0.02451676
0.01087553 0.02023172
0.006694087 0.02323778
0.008827886 0.01868685
0.007374141 0.02027019
0.004076655 0.02012747
0.009174325 0.01897441
0.001896952 0.0167811
0.0007672304 0.01546921
0.005661759 0.01740791
0.008783115 0.01799174
0.01159305 0.01734822
0.01205796 0.01508267
0.002711982 0.01557438
0.007029419 0.01328959
0.01543158 0.01521582
0.00759116 0.0154337
0.01137035 0.01478283
0.01417389 0.01573987
0.01551065 0.01577953
0.005344808 0.01521023
0.008750027 0.01505089
0.01984117 0.01198236
0.01662979 0.01165273
0.0102504 0.009414545
0.01368221 0.010333
0.01682546 0.0114084
0.007633292 0.01204016
0.00883061 0.008382488
0.01378604 0.01038614
0.01313427 0.01079744
0.01830339 0.01038754
0.02085729 0.01026596
0.03772669 0.01036199
0.01760154 0.009551876
0.02051809 0.009230082
0.02894661 0.0103963
0.01466397 0.01023778
0.01472547 0.009844855
0.01135791 0.008702838
0.02327035 0.008708785
0.0103051 0.01021019
0.00482136 0.009998865
0.006880062 0.01060864
0.01133141 0.007905447
0.02941735 0.008224902
0.03173813 0.007117566
0.0348383 0.006245389
0.02190038 0.005339851
0.02063146 0.004626651
0.02885194 0.004728921
0.02637603 0.005182333
0.02078189 0.005252629
0.02238999 0.005013898
0.02994902 0.004813225
0.03445773 0.004189418
0.05243064 0.00439984
0.07926754 0.003759869
0.06896441 0.003650839
0.04507547 0.004028835
0.0187223 0.003707147
0.01691991 0.004211219
0.02975445 0.005229633
0.008354049 0.005437704
0.005882261 0.004750389
0.01002288 0.004740095
0.01612727 0.004630156
0.008846557 0.003439713
0.01432515 0.003518549
0.02275486 0.003408442
0.01865846 0.0031751
0.03418128 0.00325039
0.03436855 0.002979769
0.03771559 0.003509573
0.06471982 0.003303322
0.0640766 0.003270884
0.07888158 0.003337568
0.1062407 0.003550089
0.07821948 0.002795881
0.04911732 0.002306606
0.04417518 0.002159465
0.05710921 0.002056916
0.03260347 0.001777849
0.01673665 0.001852062
0.01837342 0.001908858
0.02324155 0.002038519
0.04745604 0.00203222
0.04000805 0.001804447
0.03429498 0.001818915
0.02254433 0.001917368
0.02190389 0.002266687
0.02657305 0.002233823
0.03638977 0.002847549
0.02310814 0.003088453
0.02523264 0.003140388
0.02730256 0.003003212
0.01330513 0.002874745
0.02489561 0.002885085
0.02941736 0.002957434
0.01544669 0.003283652
0.01414539 0.003372204
0.01300098 0.004289758
0.01491574 0.003995513
0.03583012 0.004056002
0.02889707 0.004841453
0.03068028 0.004045936
0.02392288 0.003780144
0.02286452 0.003900371
0.02769405 0.003872998
0.04129047 0.003950839
0.02734545 0.003689742
0.02544395 0.00442456
0.04503351 0.00430803
0.05217357 0.003674442
0.05710718 0.003646644
0.04945566 0.003305315
0.06604996 0.003150577
0.07317495 0.003268172
0.07547737 0.004071933
0.06090399 0.003954648
0.05101364 0.004095172
0.05966462 0.004064032
0.04357374 0.003963005
0.02035394 0.00404895
0.02565465 0.004121508
0.0462228 0.004535686
0.05212069 0.005602419
0.04498165 0.006350097
0.06254367 0.005689814
0.08665045 0.005383677
0.04551699 0.004859015
0.03241629 0.006035723
0.02762179 0.006320973
0.01546341 0.005983315
0.009557311 0.006394992
0.008155003 0.006028586
0.01512696 0.005575226
0.01976641 0.005518052
0.02337114 0.004542248
0.05531074 0.004227084
0.03508397 0.004361783
0.0330405 0.004307738
0.03733405 0.003666274
0.04432919 0.00337876
0.03458561 0.003089367
0.02623823 0.002916233
0.0101994 0.002470546
0.01922599 0.002575409
0.02627242 0.002611325
0.01914602 0.002555785
0.02722362 0.002800792
0.02905482 0.002681549
0.05262111 0.002070363
0.04827719 0.002109174
0.04875404 0.002348457
0.0494145 0.002221448
0.0404622 0.002625684
0.0395001 0.002501248
0.05238551 0.002708238
0.07108253 0.003159748
0.05626651 0.003421013
0.05481674 0.00322006
0.06883947 0.003378398
0.09753405 0.003751935
0.1316839 0.003821995
0.09638925 0.003841655
0.08519543 0.00421435
0.06464365 0.004350692
0.05626576 0.003885039
0.05332493 0.005219108
0.03924003 0.004675782
0.0453433 0.004318323
0.01911206 0.003943427
0.01320652 0.003854324
0.01412491 0.003425281
0.02924653 0.003738197
0.03406767 0.003909237
0.02536306 0.003689171
0.02219418 0.004134688
0.02185998 0.003864548
0.03774884 0.003472997
0.02822031 0.003008116
0.03487618 0.002756678
0.03499592 0.002504372
0.02143155 0.00246713
0.01227513 0.003279499
0.02032532 0.00303297
0.02201686 0.003474222
0.0217767 0.003341123
0.0205932 0.003245016
0.02017001 0.002810164
0.02495723 0.003295935
0.03626536 0.002903402
0.0413695 0.002724542
0.04058203 0.002507582
0.05475148 0.002904542
0.05180352 0.002566345
0.06134706 0.002584033
0.07494659 0.001957595
0.05272866 0.001815164
0.03656302 0.001705856
0.03891029 0.001990434
0.05411472 0.002622329
0.0741481 0.002468308
0.05199165 0.0020782
0.07631335 0.001878009
0.06910558 0.001879339
0.05480067 0.001600601
0.03537685 0.001950892
0.06801191 0.001822796
0.05661676 0.001825953
0.0731405 0.002121097
0.07710462 0.002078207
0.07587885 0.002117661
0.07930211 0.00221798
0.08879052 0.001888472
0.1002526 0.001601616
0.09879235 0.001356542
0.07895156 0.001719867
0.07572997 0.001691064
0.05454673 0.001378922
0.03937081 0.001602862
0.03875656 0.001431666
0.04334495 0.001753721
0.06059213 0.00158568
0.08571982 0.001437545
0.05136195 0.001443361
0.04150096 0.001481259
0.0545164 0.001729772
0.05399292 0.001660454
0.07661756 0.001527225
0.108594 0.001831403
0.08626193 0.002110671
0.1080976 0.002005507
0.1361632 0.00186732
0.1439417 0.001926593
0.1123703 0.001610555
0.1082892 0.001529578
0.0675821 0.001670429
0.08769356 0.001697013
0.08884621 0.002062581
0.07031184 0.002343614
0.08707701 0.002577483
0.08667607 0.001883457
0.07384566 0.002129009
0.06649973 0.002011672
0.06851834 0.00201397
0.0575681 0.002120667
0.07171749 0.002374543
0.07915723 0.002884055
0.08933548 0.003186201
0.08427569 0.003071429
0.07919929 0.003208993
0.05809171 0.003253122
0.058584 0.003600096
0.05503301 0.003207649
0.01745534 0.003572511
0.02009904 0.003131498
0.02067208 0.002962761
0.01219724 0.003000022
0.01270493 0.002663444
0.007521343 0.002150961
0.009101292 0.001966232
0.003073054 0.001781155
0.006633199 0.001853007
0.002284937 0.001785495
0.004492981 0.001986228
0.01033801 0.001817377
0.005050947 0.001654965
0.02437869 0.001564691
0.04908928 0.001657405
0.03891425 0.001570976
0.02773083 0.001841702
0.03445501 0.001980959
0.04384108 0.001994948
0.07073118 0.002093902
0.06915391 0.002126792
0.07602274 0.002021305
0.1326962 0.001896382
0.08535157 0.001657704
0.1254606 0.001632433
0.08313971 0.002093744
0.1055541 0.002148272
0.08062374 0.002238114
0.06444119 0.001962266
0.05515153 0.001804689
0.05419606 0.001884009
0.049936 0.001989509
0.06756982 0.001940647
0.08991711 0.001927759
0.0759584 0.001996007
0.08636019 0.002182816
0.1166266 0.002165951
0.08107038 0.001978743
0.08938061 0.002103437
0.1006797 0.002051976
0.1216447 0.00203129
0.1105089 0.002081808
0.1438429 0.002022379
0.1469753 0.00178269
0.1397983 0.002223532
0.1403351 0.002219916
0.1298989 0.002262226
0.08450795 0.002171533
0.1213777 0.002280606
0.08546436 0.002081301
0.08973933 0.002566169
0.07366602 0.00222048
0.05856529 0.001959715
0.05687468 0.002182956
0.0381744 0.002507526
0.03114741 0.002178046
0.02427859 0.002406509
0.0322186 0.002999942
0.02408342 0.002999822
0.04556697 0.002959667
0.03701198 0.003100531
0.03872207 0.003710081
0.04537992 0.003068306
0.02913795 0.003097209
0.03106629 0.003273595
0.04283984 0.003262396
0.01801805 0.003156527
0.01901557 0.003303086
0.03171604 0.003741067
0.03749604 0.003840925
0.03529022 0.004115653
0.0443607 0.004206457
0.0229363 0.003157206
0.01436159 0.003623139
0.02038659 0.00318139
0.01839271 0.003388071
0.01810984 0.003410733
0.02955808 0.003554487
0.0348805 0.00392762
0.03117124 0.004143333
0.01989845 0.004681242
0.02445864 0.004329607
0.03247168 0.004218262
0.03754264 0.005204341
0.028899 0.005309378
0.03311218 0.004923607
0.04202021 0.004559985
0.04532952 0.004941966
0.04202433 0.005894528
0.03014505 0.006139466
0.02728364 0.006969373
0.01920498 0.007099902
0.0312066 0.008942091
0.01651079 0.009171604
0.0171398 0.009248966
0.02683746 0.009579329
0.0340681 0.008104933
0.01485084 0.008921382
0.02105956 0.008102163
0.02108094 0.009067947
0.01782011 0.008232528
0.01077614 0.00782463
0.01263031 0.007762716
0.01436317 0.007078922
0.02251931 0.006035974
0.02510679 0.006571418
0.02726208 0.005872839
0.06055996 0.005298646
0.0531866 0.004712004
0.0687309 0.00531289
0.03923459 0.005098948
0.03673189 0.004186968
0.01897467 0.004426156
0.0152432 0.004176789
0.01758086 0.004644424
0.01544565 0.003811379
0.01670299 0.002980179
0.02515739 0.002775026
0.0307206 0.002770005
0.02767447 0.003574854
0.03969724 0.003246781
0.0615143 0.003320638
0.07588098 0.004172659
0.03484317 0.004246761
0.04676332 0.004316281
0.03756755 0.00503253
0.02367379 0.00495939
0.01606156 0.005035058
0.01476975 0.005814892
0.008298507 0.006155649
0.01549064 0.006349074
0.01226078 0.005574616
0.01534143 0.005404354
0.02222502 0.005199426
0.01583588 0.003874907
0.02639781 0.004360337
0.02653781 0.004779481
0.03134902 0.004170367
0.03765985 0.00377979
0.06430492 0.004749
0.07976482 0.004502508
0.09321646 0.004373401
0.04625851 0.004540591
0.02499832 0.004202895
0.0179547 0.00462388
0.01057622 0.004021712
0.00390141 0.003911682
0.02176358 0.004083778
0.01599741 0.0044138
0.03127964 0.004265027
0.03217117 0.003829584
0.02942767 0.003178636
0.02620741 0.002959558
0.04424864 0.003127003
0.06739725 0.002672276
0.03311035 0.002507557
0.03551983 0.002949015
0.05193663 0.002983057
0.03764353 0.00274958
0.03627785 0.002600052
0.04949068 0.002828685
0.05050764 0.003164518
0.06140024 0.003092176
0.0871046 0.00336181
0.04964598 0.003830312
0.04595044 0.003767034
0.04318397 0.004674456
0.0274853 0.00440313
0.03299352 0.004880157
0.02476422 0.004428791
0.02460479 0.004634724
0.02714716 0.003474939
0.03089598 0.003668495
0.02087675 0.00394717
0.04189366 0.003799746
0.05120798 0.004145527
0.01593473 0.004420585
0.007788475 0.004531811
0.01011676 0.003468633
0.02816928 0.00365325
0.02129384 0.00408772
0.02178466 0.003466094
0.01346371 0.003691796
0.01338393 0.00363734
0.01737202 0.003427905
0.01725844 0.003451335
0.03380005 0.002804701
0.03155402 0.002418245
0.02254941 0.002371031
0.0374565 0.00287976
0.04252138 0.002834783
0.0327258 0.002645344
0.04054549 0.002538313
0.04983541 0.002610312
0.04855945 0.003002374
0.03966309 0.003053402
0.04248259 0.002379367
0.04331236 0.003155524
0.04061797 0.002982025
0.06067949 0.003352671
0.03096999 0.002927708
0.04579094 0.002897986
0.05173782 0.003197112
0.04267225 0.002882293
0.03690807 0.003085898
0.04496032 0.002593116
0.04268244 0.002535406
0.02996088 0.00241943
0.03576003 0.002304418
0.06432245 0.002177132
0.0729641 0.002520736
0.0392286 0.002751362
0.0180546 0.002625774
0.01209337 0.00264908
0.02284611 0.002604291
0.01626511 0.002988192
0.03015919 0.003816377
0.03183675 0.003700782
0.05953411 0.003427015
0.06141871 0.003205658
0.08905268 0.003181096
0.08773498 0.00319393
0.05949453 0.0033244
0.07095605 0.003737696
0.07526149 0.003761772
0.0701056 0.004300645
0.05264241 0.003688184
0.04987799 0.003945642
0.06298689 0.003642089
0.05843877 0.003438004
0.04908415 0.002839656
0.06619949 0.002411088
0.06805513 0.00259568
0.05160956 0.002602233
0.05563855 0.002719381
0.0186849 0.002815378
0.01114765 0.002331029
0.01139875 0.002379563
0.01105834 0.002436165
0.02697211 0.002260762
0.04468289 0.002265854
0.0319455 0.002630505
0.03563828 0.002397531
0.02992018 0.002176741
0.04747497 0.001916814
0.08351258 0.001868983
0.08596425 0.002279246
0.07787233 0.002468571
0.06903401 0.002477256
0.07596929 0.002326551
0.07407759 0.002573946
0.08825286 0.002561894
0.07432178 0.002339308
0.04937141 0.001697551
0.07810786 0.00151973
0.1385467 0.001658789
0.1503475 0.001495811
0.1381694 0.001938817
0.1421371 0.002480219
0.09101138 0.00253157
0.07487301 0.002679415
0.07666027 0.002912786
0.05718049 0.00307734
0.07065371 0.002956288
0.06395957 0.003368789
0.06265378 0.002575744
0.06008925 0.002864478
0.02250699 0.002808262
0.06199774 0.002720334
0.07337683 0.002976256
0.07163442 0.003065857
0.07002493 0.002558646
0.05941345 0.002275037
0.032666 0.002640996
0.01818882 0.002075812
0.05047432 0.002397239
0.04563674 0.00232549
0.03751392 0.002439036
0.03252195 0.002953936
0.03125928 0.002908606
0.04340466 0.002482258
0.05913129 0.002104622
0.03389233 0.00232815
0.0249128 0.002721421
0.04785289 0.002536933
0.05449698 0.002740016
0.05535066 0.003231745
0.04703221 0.003726654
0.04492365 0.003161004
0.06240061 0.00299364
0.09813209 0.002875599
0.080589 0.003350554
0.09666564 0.003494735
0.08611919 0.003510059
0.08647435 0.003312233
0.07379687 0.003061973
0.06495734 0.003026143
0.05871496 0.003002393
0.03826452 0.002757416
0.05767721 0.002663613
0.04483946 0.002767697
0.02497796 0.00270976
0.0261206 0.002918674
0.03065947 0.002315432
0.0269313 0.002421407
0.01114883 0.002368262
0.01721642 0.002634052
0.02150181 0.002506385
0.0252933 0.00267872
0.02836596 0.002649203
0.0209561 0.002674955
0.01726856 0.002506958
0.03770536 0.002596118
0.05324621 0.002645922
0.04293027 0.002636123
0.04747616 0.002512401
0.06402272 0.002760734
0.08241151 0.002792829
0.08883855 0.002902166
0.0839782 0.002709729
0.1068218 0.003095703
0.1140898 0.002572714
0.1009665 0.002390693
0.118762 0.002110612
0.1128957 0.002005169
0.1005772 0.002135154
0.09867667 0.002458373
0.1081748 0.002128194
0.08724899 0.001934102
0.09811096 0.002079602
0.0886079 0.002115795
0.09333323 0.002278431
0.1168949 0.002263518
0.112418 0.002367853
0.1090972 0.002143719
0.1497791 0.002295504
0.1345251 0.002315063
0.1522843 0.002505656
0.1153462 0.002442828
0.08789298 0.002459145
0.08891131 0.002506241
0.07597092 0.002676379
0.07982835 0.003025131
0.09198247 0.003178083
0.1115692 0.002817833
0.1089769 0.003045968
0.09327666 0.003037586
0.05221669 0.002844908
0.0466111 0.002408866
0.07914657 0.002656882
0.060055 0.002103723
0.0520564 0.001922706
0.04108363 0.002434206
0.02862419 0.00257429
0.02179833 0.002871855
0.03634992 0.002736357
0.0258422 0.002736736
0.04916218 0.002756425
0.03017174 0.002376358
0.0437423 0.002404619
0.04634194 0.002214447
0.04865658 0.002192019
0.05206811 0.002535664
0.04880829 0.002239967
0.04171237 0.002712887
0.03581929 0.002302326
0.05404689 0.002611228
0.05502905 0.002384323
0.07738219 0.002198294
0.113698 0.001911483
0.1402897 0.00253504
0.1276567 0.002227457
0.1268885 0.002111249
0.118807 0.002108128
0.1069459 0.001986299
0.1055947 0.001594022
0.1214173 0.001395172
0.0964141 0.001487802
0.100881 0.001813782
0.08966683 0.002013472
0.1099995 0.001987787
0.1099591 0.002019867
0.08493548 0.002310314
0.08836691 0.001979444
0.1398716 0.00170399
0.1431541 0.001961183
0.1738549 0.002021473
0.1794786 0.002150874
0.188835 0.002689067
0.1918262 0.002321473
0.2996338 0.002054718
0.3095343 0.002033281
0.3432377 0.00168743
0.3312375 0.00148162
0.2961474 0.001459843
0.3013216 0.001280559
0.319127 0.001417335
0.2920564 0.001503486
0.2676699 0.001596136
0.1766189 0.001618031
0.1586788 0.001954881
0.183353 0.001895156
0.1690947 0.001903889
0.1508924 0.001886326
0.1563667 0.001958007
0.1236431 0.001866622
0.1350098 0.002024857
0.1255097 0.002338867
0.1067215 0.002683627
0.1461377 0.002296929
0.1628415 0.002536995
0.167957 0.002314264
0.1902281 0.002429917
0.1869328 0.002076784
0.212409 0.002252943
0.1905866 0.002237923
0.1871086 0.002441421
0.1348457 0.001970266
0.1284629 0.001943599
0.1237 0.002003537
0.1038555 0.002483242
0.149997 0.002455413
0.1038145 0.002325582
0.100794 0.002651387
0.1019284 0.00315239
0.08088018 0.003124877
0.1042902 0.003547675
0.1420047 0.003795725
0.1334638 0.003501007
0.1594022 0.003451116
0.1749949 0.003480407
0.1707448 0.003930196
0.1081209 0.003992424
0.07134502 0.003684703
0.04706858 0.003229368
0.06119364 0.003102011
0.04272021 0.002641197
0.04230874 0.002428813
0.06878671 0.002608471
0.1052871 0.002516666
0.07841855 0.002823145
0.07502306 0.003192021
0.05090893 0.003531241
0.04997377 0.003048143
0.05985334 0.002811335
0.06410515 0.002235999
0.08584879 0.002355072
0.06672705 0.002501157
0.06116537 0.002338702
0.04861273 0.002445738
0.06264599 0.002002579
0.07492592 0.002093801
0.06859513 0.002252345
0.04428891 0.00221415
0.03840929 0.002321725
0.03258237 0.002915208
0.02324522 0.002780696
0.03184263 0.002833392
0.04127301 0.002993018
0.03327692 0.002634569
0.03839716 0.00271734
0.0384407 0.002246689
0.02775705 0.002411533
0.02219827 0.002577218
0.0347651 0.002909646
0.03256837 0.002807564
0.02166465 0.002960278
0.02540635 0.002865287
0.02756899 0.003662045
0.02111806 0.003415759
0.0397237 0.002877359
0.04534685 0.002782405
0.06869334 0.002742051
0.04590127 0.002568455
0.02973147 0.002373753
0.03845823 0.002607475
0.03983333 0.003259123
0.03980861 0.003285223
0.0305113 0.003580942
0.02164072 0.003612655
0.009673064 0.003271047
0.01521093 0.002738333
0.03106376 0.003064553
0.03826332 0.003014836
0.05175938 0.003129702
0.02872879 0.003026853
0.04039084 0.003526739
0.04742771 0.004138206
0.07667859 0.004373579
0.07283849 0.004024303
0.07377823 0.003478665
0.07094037 0.005167171
0.06878423 0.005139165
0.03570061 0.00481953
0.01977022 0.004882083
0.02266298 0.005867726
0.02072106 0.0068676
0.00596255 0.007209195
0.01421946 0.00807761
0.01784168 0.006872286
0.02624467 0.006387319
0.039427 0.006897917
0.03619631 0.005425493
0.01589208 0.005358643
0.01045532 0.006019502
0.01430485 0.00549241
0.02087704 0.005449689
0.01493106 0.005932341
0.02443077 0.005121197
0.02015704 0.004603736
0.02966121 0.00476681
0.0215434 0.005797123
0.03003309 0.006112471
0.03706474 0.005974727
0.04326002 0.006337089
0.04697062 0.005225275
0.05522764 0.005639043
0.02258687 0.006412628
0.01980741 0.006294516
0.00646913 0.006148682
0.01270574 0.005991833
0.005926146 0.00598373
0.01928559 0.004969081
0.02418791 0.004897462
0.01355814 0.004715301
0.02394405 0.00453314
0.04377583 0.004920752
0.04486582 0.004441493
0.04280044 0.003721978
0.03621114 0.00386042
0.03417703 0.004794527
0.03661686 0.004658352
0.0375197 0.003678269
0.03774524 0.003565441
0.04873043 0.003733475
0.02927252 0.003079486
0.01139221 0.002987269
0.0138486 0.003170211
0.0137698 0.002945313
0.04503761 0.003197697
0.04776961 0.003065832
0.04808337 0.002882493
0.05201587 0.0031275
0.0509684 0.003346245
0.05090581 0.003201345
0.04324681 0.003686405
0.02562466 0.003865964
0.02961 0.004011619
0.03629334 0.004285
0.02320105 0.004155673
0.04302896 0.00368993
0.04362678 0.004310016
0.04978758 0.005113405
0.06184956 0.006318004
0.05069614 0.007559872
0.04919973 0.00679373
0.06105261 0.005582377
0.04636656 0.004883915
0.03211945 0.005005248
0.04391285 0.00493228
0.03859687 0.004948639
0.02878093 0.004005528
0.0275357 0.004405484
0.03490601 0.004524298
0.03563216 0.004750687
0.02847244 0.004987771
0.02583351 0.004558135
0.01751695 0.005688764
0.01398271 0.005961172
0.01503607 0.006522528
0.01970029 0.006553264
0.02965599 0.007688455
0.06537883 0.008471405
0.01732556 0.008236682
0.01646738 0.006590214
0.02107611 0.006111672
0.04371397 0.00602857
0.02270994 0.006062161
0.02662904 0.005649353
0.01970877 0.005255311
0.04060145 0.005198393
0.03560287 0.005654672
0.0196994 0.005492256
0.02388602 0.006066892
0.01324617 0.006108812
0.02772902 0.006579063
0.04078949 0.006725936
0.03775079 0.006012042
0.03576899 0.005968171
0.03368123 0.005884025
0.01846115 0.005229311
0.02317542 0.005463372
0.02898758 0.005476294
0.02248012 0.004644179
0.02073946 0.004562141
0.04141743 0.005239048
0.02414414 0.00502605
0.01618513 0.005058411
0.02044514 0.005474468
0.02137289 0.005328798
0.01577547 0.005893619
0.02534903 0.006445099
0.03849133 0.007116628
0.02303377 0.006526362
0.02353139 0.006612867
0.01757987 0.006302428
0.02333012 0.005783555
0.02575013 0.006055356
0.006428549 0.005481166
0.03701502 0.005152031
0.031309 0.00485997
0.01710737 0.00546892
0.005285075 0.004564699
0.01113534 0.004564576
0.001417509 0.004556401
0.005250411 0.004649424
0.004581756 0.005053025
0.01589505 0.00549776
0.02182099 0.005743298
0.02091657 0.00582628
0.01613157 0.005027768
0.01538466 0.006182274
0.02315273 0.005746188
0.01599289 0.006324447
0.02244562 0.005228769
0.02082118 0.005020819
0.02705224 0.004866494
0.02749926 0.004735302
0.04038148 0.005146061
0.03985289 0.004840096
0.03184661 0.005762928
0.04011129 0.006503333
0.01014071 0.006442003
0.01724986 0.006131318
0.01562621 0.006738511
0.01846209 0.006231913
0.01111164 0.004698358
0.01076781 0.004311992
0.01498203 0.004413378
0.01847527 0.004092171
0.02420283 0.003414079
0.01400089 0.003531913
0.01524528 0.004011255
0.005293867 0.003638553
0.01054649 0.003420314
0.008026665 0.003282648
0.00733271 0.003209762
0.01249747 0.002725481
0.01140329 0.002220302
0.009883523 0.002570669
0.008050288 0.002488224
0.003352249 0.002885061
0.002759666 0.002753965
0.006562836 0.002591315
7.853477e-05 0.002778107
0.005286519 0.002845089
0.004754054 0.003068109
0.007286751 0.003453785
0.007209422 0.004235259
0.007190563 0.00405339
0.02099235 0.003940485
0.03037555 0.004280883
0.03041891 0.005171988
0.02926429 0.005664793
0.02530028 0.005976101
0.0145847 0.005081632
0.02052681 0.006068929
0.01960747 0.006296034
0.01831044 0.007363573
0.01585113 0.007109316
0.01510053 0.006891984
0.00936164 0.008403076
0.02696069 0.006968206
0.01804794 0.008132512
0.01409538 0.00770023
0.01883164 0.007555379
0.003585505 0.007569972
0.01527705 0.006438636
0.02437656 0.006376364
0.02060679 0.005828296
0.01510139 0.00508355
0.009856266 0.004091692
0.02030339 0.004401499
0.01563936 0.004152229
0.0335719 0.004509957
0.02450058 0.004698434
0.01093375 0.004201718
0.01552993 0.004600762
0.01352145 0.004401648
0.01335101 0.003683587
0.0124513 0.004292963
0.02039124 0.004583671
0.01563674 0.003903458
0.01143078 0.004696225
0.003112567 0.004671811
0.01485677 0.004773456
0.01597645 0.004283143
0.01022616 0.004327144
0.01798758 0.003551388
0.02678385 0.004032221
0.04846188 0.003751109
0.03609552 0.00432613
0.02394715 0.003831799
0.01297876 0.004167693
0.0100469 0.003697263
0.007172353 0.003761271
0.01409772 0.003815458
0.02928415 0.003832517
0.02539269 0.004403016
0.02741398 0.004513857
0.01049245 0.004581395
0.02056932 0.004503533
0.0244169 0.004463345
0.01452443 0.004797421
0.01080623 0.004394972
0.009935072 0.005189935
0.006185086 0.005047749
0.02253973 0.006089287
0.02583243 0.007608639
0.03121624 0.008461961
0.0205459 0.006555257
0.04092777 0.006019252
0.0210491 0.00577076
0.02130412 0.005724767
0.03745067 0.005178205
0.0450614 0.005587441
0.06468217 0.006448535
0.06529828 0.006281511
0.03415898 0.005814033
0.03191137 0.005950815
0.0246331 0.005943334
0.02729899 0.0061163
0.02608694 0.006049686
0.03694315 0.006852634
0.01806871 0.005407232
0.005856161 0.005301828
0.009364598 0.004902764
0.01549294 0.004933322
0.02508661 0.0050023
0.03290962 0.004614546
0.01753378 0.004681168
0.04077612 0.005196334
0.02280185 0.004865213
0.02479569 0.004697934
0.03519543 0.004031993
0.04037313 0.003913862
0.0506405 0.003638177
0.04859954 0.004345342
0.05023081 0.004306378
0.06277069 0.003837835
0.06146272 0.003690394
0.04853505 0.003295309
0.04476118 0.003458678
0.03391181 0.004094014
0.03046938 0.004775741
0.01711038 0.005159547
0.01134936 0.004667107
0.01553888 0.004372589
0.03362901 0.004761625
0.02161692 0.004407979
0.01876583 0.00485259
0.008707445 0.004339995
0.01892746 0.004332737
0.02652577 0.003933978
0.01860174 0.004690701
0.03124538 0.00382336
0.02149222 0.003442449
0.03123606 0.003432524
0.04941341 0.003646785
0.02138379 0.003972817
0.03036508 0.003989099
0.03366208 0.003726877
0.02196726 0.002981209
0.01021877 0.003118528
0.01560224 0.002734114
0.01995668 0.003058443
0.02484737 0.003095702
0.0199707 0.003292279
0.01953037 0.003519835
0.03386501 0.00325332
0.02880539 0.003214322
0.03917018 0.003426756
0.03249416 0.003356614
0.03031538 0.00344858
0.01937423 0.004241812
0.02362942 0.00468937
0.02606589 0.004703163
0.0608648 0.004623577
0.04750281 0.004061027
0.05195206 0.004617807
0.05648221 0.005676274
0.03549847 0.004317395
0.03457871 0.00401519
0.02087709 0.003459811
0.0179066 0.00422123
0.02249128 0.004171663
0.02174409 0.003864649
0.02013775 0.004358748
0.01799906 0.004036479
0.03038805 0.003937242
0.02438969 0.003110261
0.02315789 0.003488405
0.02252993 0.003614866
0.01986686 0.003508559
0.04102036 0.003399386
0.01574651 0.003343021
0.005840958 0.003738968
0.01660765 0.004170734
0.0240773 0.003849096
0.03154051 0.003997691
0.03349538 0.003925708
0.03072109 0.004115154
0.03187673 0.003763749
0.04736524 0.003711564
0.05637145 0.002814371
0.05600451 0.002707643
0.05002858 0.002673443
0.0545964 0.003048266
0.05381455 0.002731323
0.04371498 0.002865384
0.03153286 0.003847606
0.04263043 0.00440432
0.05981195 0.005219183
0.05374317 0.004936646
0.03614018 0.005143345
0.0328703 0.005520057
0.03530221 0.005189844
0.04215284 0.005483123
0.04959974 0.005389527
0.04176276 0.005637591
0.032251 0.006103959
0.0280091 0.005486313
0.02293866 0.005532318
0.03689738 0.004090865
0.03104204 0.003530416
0.02827694 0.003168779
0.01779035 0.003043082
0.01585879 0.003116808
0.01140428 0.003451296
0.02716094 0.003541385
0.04656954 0.00358773
0.07430488 0.003329567
0.08498864 0.003603371
0.06712695 0.003498971
0.06543448 0.003112266
0.03009968 0.002803362
0.05793875 0.002104357
0.0982713 0.002004634
0.06277418 0.001775311
0.05192186 0.001834157
0.04698143 0.00177892
0.05432853 0.001759095
0.04619831 0.001766267
0.05288673 0.001707758
0.04726134 0.002007164
0.05517505 0.001953906
0.07142552 0.002073318
0.05324933 0.002251651
0.0625622 0.002235404
0.08780247 0.002865723
0.05422624 0.002719349
0.06129906 0.002682032
0.05684118 0.002324477
0.06423069 0.002043128
0.07874858 0.002463511
0.07356354 0.002545055
0.06249184 0.001774104
0.04478634 0.001767169
0.04285228 0.001710348
0.03873114 0.001664437
0.04607817 0.001528075
0.05534641 0.00158516
0.1158435 0.001591744
0.09793798 0.001541271
0.09996695 0.001745599
0.07069202 0.00203456
0.06405093 0.002189524
0.05471655 0.001751319
0.0462624 0.001666834
0.05570954 0.001778353
0.06510014 0.001730793
0.09901847 0.001878498
0.0831475 0.002525964
0.08834725 0.002505899
0.06036435 0.002436591
0.04435894 0.00300883
0.05467068 0.002761692
0.05564763 0.002896364
0.03522349 0.002590852
0.02985886 0.002356648
0.03143962 0.002155185
0.05884717 0.002278712
0.04240578 0.003100127
0.03895298 0.003422225
0.01849387 0.003284361
0.02438421 0.003082252
0.02967812 0.002736315
0.03555304 0.002893267
0.05499578 0.002502605
0.07315964 0.002565158
0.08800008 0.002626908
0.08443279 0.002366213
0.06825595 0.002164038
0.04857651 0.0022428
0.04506678 0.001840128
0.02971469 0.001882267
0.02258341 0.001900678
0.0348499 0.002270779
0.02948533 0.002306302
0.03151639 0.002750506
0.03040885 0.002901944
0.02834048 0.003339615
0.03429718 0.00324906
0.02780791 0.003229831
0.01518343 0.003716237
0.02419316 0.003921473
0.02700688 0.004220926
0.02470164 0.004030768
0.01160699 0.005111269
0.006101292 0.004715437
0.0352555 0.004698959
0.02028823 0.004226937
0.025696 0.004583565
0.02542703 0.004696418
0.01339773 0.005423589
0.005140008 0.005323508
0.008700321 0.005016609
0.004588867 0.005034382
0.01205444 0.005723394
0.0176596 0.005114607
0.0137487 0.005063902
0.0392246 0.005016858
0.0290251 0.006342925
0.03480696 0.006316746
0.0373073 0.006633297
0.03714455 0.006173396
0.0347206 0.006227304
0.02148411 0.005650687
0.02525874 0.005121279
0.0194389 0.005564674
0.03824153 0.005324591
0.05811287 0.005250752
0.07735036 0.005694971
0.04291293 0.004648156
0.03444588 0.005325262
0.06870447 0.005403843
0.06244203 0.004616499
0.04980312 0.004673634
0.04525087 0.005325949
0.06189511 0.005365256
0.04923863 0.004992352
0.05848035 0.004075255
0.05526088 0.00439268
0.03169161 0.00484186
0.04139548 0.004498168
0.07983624 0.004514924
0.05796362 0.005230172
0.05824654 0.004441591
0.04040245 0.004532046
0.03968047 0.004440545
0.04457482 0.004519367
0.03255201 0.004770508
0.03556614 0.005314983
0.03944337 0.005341164
0.03162822 0.006044747
0.01185521 0.006195907
0.01284463 0.006485084
0.01627665 0.006647701
0.01764566 0.005974109
0.03104492 0.006034717
0.02882684 0.006187406
0.03117704 0.006048513
0.03584501 0.005477366
0.02605255 0.004681364
0.04872373 0.00417323
0.03816876 0.004257801
0.02998343 0.004215762
0.01540099 0.003981838
0.007869015 0.003864253
0.0068018 0.004025533
0.01527518 0.004449061
0.001363701 0.004571014
0.01296457 0.004668692
0.01985446 0.005495442
0.02755064 0.005886772
0.05875929 0.005253846
0.06327547 0.005038002
0.06281943 0.00495715
0.05891829 0.004863364
0.07743155 0.004866969
0.06998833 0.004224917
0.04909206 0.003907607
0.07692929 0.004170818
0.06395917 0.005200597
0.06103044 0.005582362
0.04038643 0.006079924
0.03311928 0.005470865
0.03451142 0.005521691
0.03388965 0.004842008
0.02800147 0.004174523
0.02835776 0.004325382
0.04043347 0.004162442
0.03796677 0.004299384
0.04924727 0.004532623
0.02613066 0.00456767
0.03145587 0.004622784
0.04561903 0.004217015
0.07241892 0.003892278
0.04431501 0.004141167
0.02210513 0.003676143
0.03443322 0.004197097
0.009089054 0.004198909
0.01364558 0.003792102
0.02701855 0.003585226
0.04113141 0.003904615
0.05200025 0.003879361
0.04505882 0.003036075
0.03200551 0.003300563
0.04730588 0.003500283
0.04645352 0.003455428
0.04788126 0.003575291
0.03790124 0.003141062
0.05664365 0.003009652
0.08073712 0.00300169
0.04883709 0.002531204
0.05048554 0.002719788
0.04602139 0.002678932
0.03407837 0.002656905
0.0468309 0.002642896
0.06147871 0.00278405
0.05142299 0.002744323
0.02909028 0.002384723
0.03636753 0.002703181
0.04623207 0.002749925
0.05330006 0.002550483
0.05570762 0.002464404
0.05447934 0.002629983
0.06660002 0.002818773
0.06874802 0.002807966
0.07313918 0.002362043
0.06494396 0.002374071
0.06561909 0.003021199
0.05682638 0.002664654
0.03984725 0.003052838
0.03995981 0.003417556
0.02529656 0.003471006
0.01915654 0.003372489
0.01372377 0.003250301
0.02636906 0.002876474
0.05192576 0.003232819
0.04239091 0.002915923
0.05286329 0.002962557
0.0594939 0.002547849
0.0516659 0.002186747
0.0493152 0.002321331
0.05521088 0.002344238
0.0539757 0.00231729
0.02348702 0.002259661
0.01249371 0.002082743
0.0320101 0.002059435
0.03457509 0.002264366
0.03641667 0.002367215
0.03729837 0.002356038
0.04373225 0.002375161
0.05937947 0.002239526
0.07488325 0.002049422
0.09219567 0.002005863
0.0503158 0.001974573
0.04270406 0.00212362
0.02630307 0.002256702
0.02230202 0.002154927
0.01920552 0.002101385
0.01358812 0.002077663
0.01689174 0.002229804
0.01498185 0.002520635
0.02029581 0.002589273
0.02570104 0.002645007
0.0365564 0.002359142
0.01992996 0.002899557
0.03623543 0.002926043
0.06800906 0.002809329
0.0521319 0.002992652
0.0642984 0.002974464
0.03944397 0.002939317
0.03239235 0.00335505
0.03535811 0.002846027
0.0402662 0.002852143
0.050086 0.002566305
0.07808601 0.002108432
0.07204946 0.002281367
0.07193577 0.002295342
0.0465906 0.001785603
0.05204328 0.001885541
0.05186091 0.001928153
0.08480909 0.002008921
0.0840209 0.002163367
0.07351979 0.002488341
0.0819312 0.002512538
0.09087886 0.003051923
0.05296914 0.002637038
0.0410345 0.002439074
0.03173074 0.002365669
0.01973277 0.002060037
0.02268024 0.001804538
0.04062753 0.001821086
0.02220474 0.002290286
0.02280983 0.002238105
0.02145301 0.002774756
0.01237738 0.003010454
0.02176482 0.002852425
0.008650997 0.003492955
0.009484396 0.003827355
0.01267174 0.004333807
0.02590857 0.004162859
0.008659387 0.003685287
0.01888638 0.00347499
0.01292425 0.003460052
0.0359183 0.003337054
0.03181328 0.003089546
0.03010855 0.003339338
0.04650215 0.002602106
0.04832359 0.002827993
0.04020857 0.002696468
0.03815086 0.002829155
0.04407869 0.002658027
0.05070954 0.002059311
0.04644497 0.002224829
0.02853413 0.002170575
0.06326601 0.001979029
0.07329854 0.001924345
0.05925544 0.002038521
0.07295347 0.001980117
0.0512455 0.001990118
0.04480622 0.002133876
0.02478728 0.002012307
0.01797967 0.001852614
0.02049955 0.001968622
0.03350084 0.001952417
0.06103537 0.001687614
0.08132406 0.001633838
0.06210306 0.001655023
0.1268554 0.001558982
0.1281835 0.001435859
0.1346975 0.001341375
0.1594317 0.0011184
0.1371 0.00112584
0.1598964 0.001188319
0.1544156 0.001289483
0.1677059 0.001391841
0.1531863 0.001543305
0.1664701 0.001725733
0.1662936 0.001698189
0.1469767 0.001859431
0.1486996 0.001923164
0.1635334 0.002180366
0.132941 0.002390135
0.1031696 0.002156698
0.0566128 0.002087927
0.0815846 0.001944907
0.09808761 0.002243842
0.08503699 0.002499608
0.07687138 0.002775968
0.06499246 0.003343571
0.08258307 0.002644308
0.05470291 0.003020872
0.02177972 0.003408435
0.02816275 0.003462786
0.03186684 0.003296032
0.01684703 0.002942175
0.03030545 0.00297501
0.03456695 0.003435816
0.03615621 0.003680094
0.05993928 0.003461568
0.04196452 0.003413673
0.05668953 0.004209352
0.05461542 0.005334682
0.04837052 0.004611043
0.05036651 0.004506369
0.06048223 0.004802895
0.052172 0.004301227
0.0611019 0.004057676
0.04743011 0.003561454
0.03846713 0.003827666
0.03283764 0.00464285
0.04681257 0.004141435
0.06595374 0.004773816
0.04368346 0.003581325
0.03744869 0.00420228
0.05014552 0.003463233
0.06837186 0.003466754
0.08959767 0.002698754
0.09611476 0.002497933
0.0777401 0.002633676
0.05773924 0.002640833
0.0515116 0.002919646
0.04495091 0.002984052
0.04290362 0.00285181
0.06306273 0.003360652
0.04544369 0.003286115
0.01530285 0.0035315
0.0245425 0.004373536
0.03593457 0.004093439
0.03202248 0.004076266
0.03462968 0.00346039
0.05876296 0.003626133
0.03414341 0.003596399
0.0252386 0.004403181
0.02486511 0.00414551
0.01459718 0.003654428
0.03090609 0.004095895
0.02162879 0.004644296
0.03474616 0.004853355
0.02744658 0.005533704
0.01996952 0.005042332
0.05170783 0.005354745
0.04050399 0.004906912
0.03391428 0.004913555
0.03446575 0.004194148
0.06058137 0.003909413
0.05657604 0.005564811
0.03773711 0.004624826
0.0370295 0.004239268
0.03855355 0.004286129
0.05128137 0.003895841
0.05292439 0.004191194
0.0358186 0.00467365
0.02654488 0.004719177
0.03422913 0.004835732
0.01175631 0.004860566
0.01013619 0.004825066
0.02500236 0.004607033
0.01770232 0.005183804
0.01467836 0.00558345
0.01284122 0.005118385
0.03283875 0.004297311
0.02443644 0.004165401
0.01530172 0.004109032
0.04626022 0.003649963
0.04835314 0.003628996
0.02615812 0.003615256
0.03316804 0.003667643
0.02745589 0.004203522
0.03841494 0.004678753
0.04934889 0.005256782
0.05677071 0.005491865
0.09534372 0.005626334
0.04624075 0.005374863
0.05738814 0.005928459
0.04154755 0.006578319
0.02569237 0.006459498
0.01907572 0.006659788
0.02685972 0.006241619
0.0525214 0.006874155
0.04977255 0.007185292
0.04458612 0.008133077
0.02140681 0.008112496
0.02965539 0.007978649
0.03542417 0.007694992
0.01690874 0.006954216
0.02729562 0.005896555
0.04919078 0.005594689
0.07100327 0.006145684
0.05319567 0.006521378
0.04947431 0.006613538
0.04748438 0.005814753
0.03409805 0.005866454
0.06006255 0.005549813
0.04076289 0.005017786
0.02833307 0.005156161
0.007121314 0.004582971
0.01606028 0.004569795
0.002575716 0.00541707
0.009465167 0.004796472
0.00420585 0.005546462
0.002957094 0.006509571
0.00590141 0.006529014
0.02371249 0.006399796
0.01906593 0.004479163
0.01282207 0.003636843
0.005116181 0.003730686
0.00961983 0.004125466
0.03323613 0.003568764
0.0268185 0.003569914
0.02364037 0.003722836
0.01779012 0.003633839
0.03211768 0.003621591
0.03077408 0.003959709
0.02116165 0.004141537
0.01089227 0.003655261
0.0122049 0.003473395
0.02913624 0.004550442
0.01784497 0.004635106
0.01007793 0.005385361
0.003658615 0.005717222
0.01184347 0.004936148
0.03997957 0.004607292
0.03416058 0.004365528
0.01048059 0.004994689
0.01617077 0.005035064
0.01107996 0.004985652
0.02890973 0.004408107
0.05001104 0.003798024
0.04064877 0.003992317
0.03878731 0.004345529
0.04301313 0.004233041
0.03200817 0.003955952
0.02404115 0.004494465
0.0290943 0.004801634
0.02277719 0.006868519
0.01596982 0.007366143
0.02519326 0.008237418
0.03708985 0.008800739
0.04811929 0.01075951
0.02994861 0.009468642
0.02333972 0.008139971
0.03467779 0.008722601
0.03149051 0.009979567
0.02258601 0.009283799
0.01580858 0.009463567
0.01187436 0.009168106
0.0199117 0.00955179
0.03314973 0.0100186
0.01518073 0.01028572
0.02261759 0.009969334
0.03005803 0.0108303
0.01980883 0.01341137
0.005759218 0.01188265
0.01006226 0.01288316
0.01091031 0.01257385
0.01581802 0.01175757
0.008576654 0.01028473
0.008808852 0.008242019
0.01842602 0.008298555
0.009476372 0.006465553
0.005749674 0.007665728
0.0202697 0.009948287
0.0234844 0.008995371
0.01390841 0.007849178
0.00977594 0.008464038
0.02351358 0.007984394
0.03304844 0.006516815
0.01740537 0.006759738
0.0109946 0.006651429
0.02382428 0.00570816
0.04036142 0.005990216
0.0553636 0.005804047
0.03671454 0.006167333
0.02480166 0.005944203
0.03563006 0.006138165
0.03751926 0.006848301
0.02080584 0.006529189
0.01899557 0.007101671
0.01226551 0.008273948
0.02153764 0.008762232
0.03412572 0.01020382
0.03009383 0.007600183
0.0346067 0.007377213
0.05520361 0.007038606
0.04968876 0.008140877
0.0506697 0.006907957
0.04499928 0.005783349
0.04419778 0.005556883
0.06493016 0.003651432
0.04032851 0.004554933
0.02304359 0.004522039
0.0451231 0.004315963
0.04134819 0.004678787
0.03664987 0.00544197
0.03184591 0.00453668
0.02350962 0.004422715
0.0271627 0.003796031
0.01548504 0.004138526
0.009619616 0.005029795
0.01800082 0.004703071
0.03454871 0.004896227
0.01929277 0.004656256
0.01716342 0.004289763
0.01264961 0.004631344
0.01532134 0.004291498
0.01156063 0.00452005
0.006163846 0.00438465
0.007723183 0.00475054
0.01255286 0.004921073
0.009220618 0.004930851
0.009118976 0.00526747
0.02643059 0.00593249
0.03587625 0.005139693
0.03950359 0.004814756
0.03507659 0.004599205
0.04524473 0.004374664
0.04233723 0.005353836
0.03834081 0.00433021
0.05004378 0.004214961
0.05639974 0.004912574
0.04208651 0.005495222
0.04387967 0.004420745
0.04391259 0.005677384
0.0466463 0.004822726
0.04473003 0.004487985
0.02046475 0.004766762
0.02965731 0.004261695
0.02763717 0.004394269
0.03615791 0.004558903
0.04607621 0.003537015
0.04275554 0.003789881
0.03089669 0.004159058
0.01688043 0.004461227
0.009723571 0.004689344
0.008507257 0.004513591
0.004065159 0.005596421
0.005405563 0.005335678
0.02027261 0.004488165
0.01030308 0.004234767
0.0143368 0.00453195
0.02481376 0.004094976
0.0122438 0.003944368
0.01556241 0.003456106
0.044172 0.003666984
0.04069982 0.003295688
0.041211 0.003143562
0.04605115 0.002792169
0.03039221 0.002562081
0.02749111 0.002654644
0.02287521 0.0028691
0.04757103 0.002994325
0.04174605 0.002726023
0.06338515 0.002855216
0.04525345 0.003089341
0.0179406 0.003105167
0.02709958 0.003493157
0.01319682 0.003111665
0.005881684 0.002654371
0.01055267 0.002568942
0.01517007 0.002389497
0.02643388 0.002469261
0.02781994 0.002412436
0.04775365 0.002378001
0.06520746 0.00193384
0.07296661 0.002391797
0.0509882 0.002399264
0.06245676 0.002255961
0.06568348 0.002244751
0.06926596 0.002550401
0.07116888 0.002087132
0.07435922 0.00195462
0.03946422 0.00173976
0.0630311 0.001577947
0.03374366 0.001597027
0.06755035 0.001655402
0.07070105 0.001715161
0.0736384 0.00192423
0.06566808 0.001925532
0.06841487 0.00173434
0.05206213 0.001897486
0.0535188 0.002134457
0.04302274 0.002245874
0.04749893 0.002072878
0.03610139 0.002292021
0.04879085 0.002769736
0.03530711 0.003106137
0.027804 0.002620331
0.05361875 0.002908807
0.0460361 0.003057121
0.0472817 0.003128424
0.03495972 0.003336683
0.04272935 0.002923755
0.04523749 0.00308536
0.06154566 0.003110567
0.05451377 0.003227314
0.04409556 0.003231722
0.05015225 0.003160788
0.04603684 0.003437998
0.06210517 0.003806397
0.08003178 0.003576878
0.05384733 0.003170864
0.02518346 0.003854799
0.05068466 0.004039842
0.04223085 0.004243618
0.03261359 0.004165839
0.05447617 0.003713181
0.04645078 0.003486823
0.05707987 0.003760114
0.06357015 0.003364775
0.03588838 0.003637436
0.03498442 0.004259083
0.04024628 0.004383387
0.03148565 0.003794897
0.01080612 0.004471491
0.02081424 0.004449777
0.02361161 0.004073581
0.02518483 0.003756476
0.02496058 0.00359202
0.01367064 0.003756552
0.03684789 0.004602383
0.03897913 0.00528305
0.0171046 0.004866324
0.01585383 0.005451325
0.009271832 0.0051857
0.0127394 0.004863099
0.01045319 0.004838072
0.01386583 0.004339558
0.02648757 0.004214607
0.01727403 0.004462595
0.02836498 0.004945372
0.0438403 0.005483007
0.02619363 0.005123655
0.0431175 0.004942667
0.01540146 0.005092443
0.01419041 0.003776081
0.01756538 0.003800022
0.01911219 0.003999478
0.02735792 0.003440619
0.03201652 0.003795718
0.02237144 0.004077173
0.02925914 0.004185784
0.03747525 0.00438113
0.03518274 0.004300207
0.03378519 0.003920694
0.05185014 0.003844717
0.05329809 0.003797436
0.05931484 0.003792529
0.02781858 0.003188891
0.03686935 0.003418607
0.04151403 0.00422183
0.03497391 0.004344743
0.02492087 0.004698888
0.0384282 0.004312859
0.06236402 0.004166341
0.05970969 0.003985777
0.03996902 0.003462414
0.02353194 0.003995479
0.02712986 0.003740156
0.01126203 0.004047802
0.00832822 0.004278464
0.02594903 0.004430552
0.02347981 0.00423075
0.01758167 0.00382572
0.01266393 0.004073005
0.004688384 0.003994519
0.0098116 0.004588058
0.0315384 0.004217854
0.006470741 0.005082571
0.001588404 0.005128954
0.01880182 0.00534627
0.0107714 0.005595645
0.02288866 0.00508571
0.03354096 0.006216087
0.02719129 0.004967055
0.0322567 0.005459392
0.04367898 0.005586923
0.07123153 0.005114139
0.03449887 0.004455197
0.02209929 0.004323318
0.02428011 0.003801443
0.01235184 0.003470458
0.0365468 0.003244999
0.04797687 0.003109212
0.06390258 0.002460903
0.07690061 0.00194173
0.05757296 0.001731485
0.07792785 0.001304634
0.04670216 0.001310155
0.03482277 0.001195198
0.05540462 0.001234334
0.04799853 0.001097683
0.05804338 0.001103959
0.03872511 0.001307462
0.03869658 0.001506015
0.02829407 0.001776282
0.01504285 0.001746514
0.01387705 0.002181463
0.01136332 0.002500766
0.006664148 0.002394522
0.01734539 0.00227956
0.02540567 0.002506684
0.01148949 0.002321805
0.03086857 0.002361107
0.03488009 0.002904086
0.01777922 0.002810177
0.0190147 0.002604845
0.03060281 0.002664641
0.03729698 0.002546782
0.0580113 0.002468208
0.04378883 0.001836251
0.04959542 0.001805131
0.03675587 0.00171428
0.03686431 0.001315392
0.04013457 0.001345844
0.08361267 0.001285543
0.07525501 0.00143195
0.06914768 0.001527495
0.1093698 0.001696454
0.1317492 0.001849776
0.1012069 0.002493456
0.08922441 0.002542579
0.08421178 0.002558022
0.0611779 0.002198534
0.06282225 0.002259148
0.06064835 0.002484679
0.05818504 0.002526206
0.06335088 0.002840056
0.0657257 0.002267181
0.04289102 0.002371414
0.06095096 0.002319481
0.05622668 0.002717654
0.04223569 0.002442444
0.07374226 0.00238934
0.08345929 0.002483468
0.06136355 0.002566627
0.09842243 0.002322729
0.05575369 0.002266757
0.02961313 0.002016756
0.02477043 0.002148885
0.04513545 0.002207589
0.03820184 0.002093312
0.0427341 0.002714231
0.04348742 0.002418136
0.04606011 0.002103444
0.02712941 0.00200676
0.02532653 0.002157742
0.02535861 0.002209514
0.0388344 0.002066995
0.04532442 0.002442737
0.06503596 0.003204497
0.06925172 0.003182125
0.07068677 0.003010196
0.07340932 0.003528448
0.04735806 0.003249996
0.05353259 0.003346956
0.05762879 0.002916898
0.10485 0.002504057
0.08578897 0.002584279
0.09830753 0.002877431
0.09837323 0.002719416
0.08931332 0.002447933
0.09197606 0.002777101
0.09431167 0.003113113
0.0802714 0.003484355
0.1023266 0.002936813
0.08749493 0.002959952
0.07747398 0.00275807
0.09097012 0.002667677
0.1229734 0.00226654
0.1083973 0.002299064
0.07702195 0.002634708
0.04936508 0.002496778
0.05608467 0.002215324
0.08758868 0.00240083
0.08500736 0.002186951
0.0886158 0.001804252
0.1169438 0.001624638
0.07258331 0.001784613
0.06275219 0.002169447
0.06568577 0.002257919
0.08301445 0.001913864
0.04361173 0.002016574
0.0466287 0.002013094
0.04831773 0.002265282
0.07245498 0.002318514
0.06822667 0.002659982
0.06662015 0.002604038
0.03601014 0.002621525
0.03119196 0.002619659
0.04589412 0.002504137
0.06184737 0.002552446
0.07932053 0.002506737
0.08934789 0.003041022
0.073361 0.003230619
0.06873709 0.003694266
0.05908606 0.003870569
0.03338583 0.004353683
0.04319454 0.003906545
0.05819908 0.004137933
0.04583957 0.005088997
0.04255083 0.003866035
0.05717119 0.003877162
0.06522437 0.00386944
0.04468063 0.003363131
0.05262776 0.003452936
0.04583248 0.003390882
0.06959975 0.003165436
0.06518346 0.00328374
0.09195242 0.002978639
0.09558891 0.002554873
0.09004306 0.002069941
0.08856427 0.002441602
0.06344892 0.002582107
0.07281729 0.002711465
0.05444087 0.002422287
0.08099827 0.002590553
0.05933595 0.002345065
0.0575526 0.002075836
0.0367396 0.002548086
0.02002096 0.00281876
0.02800819 0.003217709
0.03109298 0.002966307
0.04282673 0.003338649
0.02306165 0.004188546
0.01217771 0.004183365
0.01826318 0.003804607
0.04157498 0.004155031
0.03640548 0.004594094
0.03413808 0.004960787
0.055029 0.005208365
0.0505899 0.005338455
0.01886064 0.005218583
0.02146855 0.005428079
0.01155125 0.004851632
0.002909734 0.005110835
0.01605235 0.004908828
0.02531098 0.005152717
0.02813792 0.004900075
0.02272817 0.005569514
0.01478696 0.00696305
0.02249723 0.007006522
0.01054008 0.006611105
0.01294146 0.006816083
0.009819643 0.007939727
0.01761198 0.008467601
0.006379093 0.01095957
0.01915704 0.01120312
0.005615215 0.01250653
0.007926615 0.01198822
0.01406898 0.01172766
0.01794413 0.01065353
0.03669653 0.009713164
0.03570347 0.01041959
0.02298751 0.01123362
0.009979529 0.01023413
0.006689125 0.009377606
0.0173203 0.008578909
0.03220135 0.00996169
0.03436059 0.01209569
0.01258502 0.01289011
0.01816731 0.01332674
0.008846739 0.01241275
0.002549849 0.01098446
0.007718132 0.01066699
0.005210174 0.009801883
0.007970288 0.009804321
0.02930059 0.00872078
0.02082869 0.008188483
0.02279087 0.008327873
0.01009162 0.007552333
0.01737679 0.007083588
0.01328648 0.006986748
0.0134277 0.006649628
0.008516399 0.00600097
0.01024322 0.006206183
0.008900068 0.007074874
0.01019455 0.006903985
0.006653386 0.006871339
0.005833356 0.006741765
0.008152745 0.006362667
0.01100924 0.006787908
0.01097395 0.006109526
0.005618519 0.005756089
0.03120329 0.005901022
0.04459792 0.005855187
0.04367372 0.005824701
0.06118843 0.005125604
0.08935375 0.004983861
0.09479518 0.004701894
0.09292711 0.004394911
0.08694461 0.003563319
0.05680986 0.004261656
0.0441305 0.004247362
0.04478882 0.00359045
0.04040993 0.004181129
0.03860389 0.0037789
0.05358679 0.00343224
0.07587602 0.003306179
0.07394059 0.004467664
0.0595759 0.004401847
0.06565188 0.004632662
0.05502455 0.005241772
0.0533073 0.004623513
0.07012991 0.003903216
0.08554108 0.003280574
0.08201366 0.00338603
0.06146108 0.003627809
0.07298729 0.003505936
0.09645759 0.003443316
0.08821928 0.003109657
0.1086592 0.002731277
0.1205745 0.002578869
0.1349712 0.002753743
0.1088874 0.002454463
0.08789824 0.002955726
0.08911492 0.002836823
0.09146091 0.002866774
0.08292425 0.002639681
0.0858645 0.002812997
0.1110802 0.002867554
0.06876833 0.002900443
0.03571276 0.002580202
0.04191185 0.00315717
0.04194847 0.003249582
0.0484841 0.003135553
0.05134262 0.00353984
0.04558106 0.003305196
0.05075694 0.003962619
0.0566805 0.003965785
0.02990482 0.004691483
0.03257058 0.004753744
0.03063758 0.003882394
0.05353054 0.003950517
0.06334773 0.003567455
0.05176072 0.003353946
0.05004556 0.003080828
0.04501948 0.002870871
0.0445784 0.003024051
0.06247967 0.003327037
0.05504744 0.003511166
0.03143399 0.004463881
0.04562216 0.005242022
0.03555408 0.005431791
0.03139695 0.006628308
0.04395899 0.0066393
0.06041417 0.006365582
0.06168207 0.006148003
0.06641304 0.006620607
0.06258573 0.005727669
0.05616246 0.005292644
0.07989149 0.005114387
0.05419742 0.005248403
0.03011808 0.004791802
0.03507175 0.005189066
0.03023112 0.004422048
0.04905731 0.004935481
0.05103744 0.005269897
0.02501762 0.005887304
0.01941563 0.00626057
0.01267511 0.00644737
0.009269134 0.006661863
0.01493049 0.005860235
0.02868999 0.005687734
0.04021044 0.006561827
0.03690491 0.00634667
0.04413108 0.006535709
0.05215747 0.006705075
0.02625439 0.006913467
0.03698395 0.006896291
0.03995969 0.006600993
0.03676815 0.00594131
0.04390043 0.005561397
0.05534726 0.004722957
0.04493329 0.004293806
0.02824345 0.004219949
0.0253823 0.004404713
0.02403671 0.004585472
0.0286647 0.005050328
0.02079781 0.004600758
0.03355383 0.004429049
0.02829919 0.004823104
0.02007128 0.00458802
0.0153192 0.004818508
0.01902057 0.004616929
0.01736657 0.005697633
0.009123 0.005169959
0.02524288 0.005886427
0.0298433 0.005986182
0.02647923 0.005992313
0.0214175 0.005569509
0.009568849 0.006619055
0.02768705 0.006015526
0.02332342 0.005433123
0.01798207 0.004899556
0.01649152 0.00498328
0.01774303 0.005145531
0.01239739 0.004493797
0.01209283 0.003537516
0.02983109 0.003666485
0.03423649 0.003414964
0.05210521 0.003258869
0.0328886 0.003595954
0.05516372 0.003322238
0.03228112 0.002911986
0.02088866 0.002924381
0.05739739 0.00296242
0.07223847 0.002751125
0.05343998 0.003116642
0.04839168 0.003939089
0.03860813 0.004000701
0.04395486 0.003577131
0.04149381 0.003391719
0.0360972 0.003134041
0.0143286 0.002937577
0.03007655 0.002985303
0.0278363 0.002962849
0.05623964 0.003324127
0.05421495 0.003232666
0.04355977 0.003197786
0.03836275 0.003278768
0.04027895 0.003335119
0.04162407 0.003729012
0.03590881 0.003742035
0.05169285 0.003702743
0.0533751 0.003308947
0.0770359 0.003266987
0.0540688 0.003308212
0.02531955 0.003509747
0.02709932 0.003289957
0.04143228 0.003442413
0.04484419 0.003317433
0.03085962 0.003755783
0.02208171 0.003448753
0.03362948 0.003968491
0.02098283 0.004542297
0.02557626 0.004182265
0.03400748 0.004749005
0.01842455 0.005555166
0.01472159 0.005245338
0.008482644 0.005310378
0.01851213 0.005740603
0.01203856 0.006061529
0.01606104 0.005701598
0.01289824 0.005934103
0.01334027 0.005536155
0.009449938 0.006054767
0.009897175 0.006383037
0.01185397 0.005947116
0.03776711 0.007571627
0.02141022 0.007078361
0.01949632 0.008477087
0.01875303 0.007438974
0.01317177 0.00700147
0.004654723 0.008480108
0.00386962 0.008106653
0.01413567 0.008524398
0.02126934 0.009151823
0.009936 0.009743233
0.01795803 0.01025733
0.02193223 0.01024873
0.01090475 0.009878642
0.0156899 0.009065099
0.01226523 0.007707487
0.0193144 0.008007962
0.01662962 0.007710363
0.004602719 0.009268653
0.002022067 0.008480053
0.01068699 0.007978318
0.01320316 0.008198871
0.01348518 0.008269364
0.02686245 0.009245407
0.01959055 0.009486281
0.01686316 0.00790261
0.01663047 0.008130054
0.01884569 0.007594664
0.01658788 0.007251441
0.01065484 0.006145456
0.006712738 0.006066613
0.02465635 0.00656109
0.01472234 0.006853261
0.01621619 0.006426346
0.02203834 0.006737734
0.01505473 0.007161625
0.01552741 0.007956508
0.01660005 0.007039405
0.03477115 0.007586972
0.03772763 0.007509543
0.01932041 0.008035568
0.02148049 0.007953791
0.02481337 0.008278781
0.024223 0.008061543
0.02448013 0.008833157
0.0189786 0.008204774
0.03791418 0.008531811
0.02600087 0.008224204
0.03206603 0.006410973
0.02502345 0.005809412
0.01149419 0.005924714
0.008804163 0.005928503
0.006842749 0.006502435
0.01030145 0.007710825
0.01383354 0.009278149
0.02269826 0.008736794
0.02275193 0.007358897
0.03772124 0.006883888
0.04249454 0.006201651
0.03293889 0.006359435
0.0305884 0.006641474
0.02563502 0.005065851
0.01775139 0.005532584
0.01699509 0.005924115
0.01919909 0.005706417
0.02622715 0.006361734
0.0471181 0.006658091
0.03852772 0.007086345
0.05227666 0.007040213
0.0374265 0.006099573
0.02107672 0.006667165
0.03386984 0.006347466
0.01858684 0.006204734
0.01676923 0.00570653
0.01488536 0.006108025
0.03570567 0.005605826
0.02932816 0.005713524
0.02458929 0.006382506
0.02090833 0.006956825
0.01038648 0.007114455
0.009680179 0.007254699
0.006497148 0.006470705
0.004642713 0.00642467
0.0009097451 0.006744345
0.004357341 0.007209138
0.003860378 0.006329755
0.00370303 0.005507241
0.009767881 0.005458577
0.02880749 0.005120444
0.02021517 0.004449201
0.01246989 0.004494436
0.008994126 0.004703916
0.03361462 0.004173695
0.04588583 0.004057173
0.06528631 0.005191986
0.05660514 0.004572831
0.02224017 0.004948903
0.02443521 0.004790226
0.02790343 0.00488968
0.02116771 0.003829001
0.009750489 0.004225886
0.01516566 0.004337482
0.007406467 0.00453814
0.01645575 0.004673478
0.01626951 0.004715371
0.02437026 0.005078826
0.04504921 0.005204665
0.03074629 0.005075787
0.03619549 0.004701513
0.03708188 0.004600544
0.02179753 0.004481187
0.02527349 0.004810075
0.02843187 0.004716298
0.03930804 0.004837135
0.01702411 0.004910251
0.0105361 0.005764647
0.0153498 0.005793004
0.01876758 0.0060642
0.01938655 0.005230272
0.02063942 0.005440643
0.02899423 0.005677166
0.02993581 0.005063678
0.024983 0.004633099
0.04258169 0.004210209
0.06247945 0.004327497
0.05333568 0.003824347
0.05231646 0.004070934
0.05210715 0.003873835
0.04447861 0.003865835
0.01846042 0.003663185
0.02371091 0.003807673
0.03282883 0.00444833
0.01836067 0.004264877
0.02586067 0.003942229
0.03562481 0.003880996
0.03945335 0.004014988
0.02947477 0.004265636
0.03833757 0.004447494
0.0303668 0.004742563
0.03187462 0.004065122
0.02990379 0.004052841
0.0354651 0.004241306
0.02689639 0.004186144
0.02370652 0.004245926
0.0164343 0.004551319
0.01286868 0.003695311
0.01157889 0.003367483
0.01609882 0.003318662
0.02483146 0.004319844
0.03321643 0.004421075
0.02745134 0.003902414
0.04750446 0.003630951
0.03192677 0.003264506
0.03818834 0.003222
0.06878556 0.002568175
0.07368901 0.003186032
0.05659127 0.003420918
0.0539083 0.003473638
0.0642499 0.003166062
0.04976615 0.002880388
0.07612675 0.003769394
0.09996605 0.003785662
0.07467026 0.003713245
0.04865792 0.003340026
0.02279781 0.003859066
0.01362714 0.003993224
0.006536178 0.004993717
0.01429448 0.004976729
0.01445071 0.005399181
0.02704489 0.006125589
0.03231056 0.006113841
0.0348487 0.006735553
0.03733344 0.005708856
0.0242388 0.005300474
0.04411934 0.004994363
0.04049293 0.005656058
0.03643026 0.005073098
0.05698866 0.003736328
0.06948734 0.003937645
0.05871739 0.004206995
0.05267316 0.003817023
0.06134773 0.003453587
0.06651292 0.003183852
0.08380067 0.002776903
0.06349103 0.002555524
0.09107067 0.00268273
0.08425136 0.002605972
0.07201978 0.00268321
0.09306401 0.002523878
0.07772361 0.002049785
0.06664067 0.002230878
0.06004173 0.002409636
0.05882639 0.002741316
0.08374078 0.002809059
0.06577766 0.002787353
0.0576366 0.003275238
0.05883353 0.00297948
0.06662034 0.003240845
0.06073405 0.002859888
0.07491491 0.003196099
0.09972436 0.003136476
0.07370785 0.003174171
0.06101596 0.003119594
0.06772774 0.003709949
0.0847196 0.003087866
0.09056841 0.003101747
0.06552886 0.003249606
0.09123775 0.003105389
0.0818305 0.002653779
0.08525731 0.002602273
0.1024667 0.002364064
0.1175884 0.002565869
0.1455325 0.002567568
0.09510904 0.00290425
0.1130671 0.003483047
0.1143774 0.002644764
0.09464035 0.002695784
0.09617391 0.002832012
0.1134299 0.002759372
0.104897 0.00252851
0.1263605 0.002494469
0.1122279 0.002385759
0.09775832 0.002557038
0.1130963 0.002210619
0.150205 0.001921491
0.11908 0.001847725
0.1194894 0.002049216
0.08393705 0.002129021
0.08664118 0.002155083
0.06988498 0.001900026
0.07961151 0.001908273
0.08819419 0.002141474
0.08983329 0.001953645
0.1086636 0.002096827
0.09018288 0.002065578
0.07039233 0.002099765
0.07254285 0.00204529
0.1048968 0.002259562
0.08338628 0.002216152
0.03537371 0.001785259
0.0244393 0.001773348
0.02051277 0.001544851
0.02336161 0.001873749
0.04249033 0.002032963
0.04797499 0.002317015
0.05261962 0.002634799
0.0737672 0.002836472
0.05618354 0.002549546
0.04156624 0.00299263
0.05271553 0.002309127
0.05858379 0.002388108
0.06439732 0.002706399
0.08875929 0.002540251
0.1007436 0.002486288
0.09827527 0.002358218
0.07048471 0.002190015
0.06257991 0.0024665
0.08165595 0.002156544
0.05606081 0.002598214
0.03746876 0.002435253
0.02275233 0.002624018
0.02511695 0.003336134
0.01060257 0.003432906
0.01535549 0.003019474
0.02372696 0.0027949
0.0200596 0.003215363
0.02938461 0.003083461
0.02253583 0.00349529
0.01538235 0.003671548
0.0170653 0.002965094
0.01268396 0.002908625
0.0279864 0.002569622
0.0302872 0.002621484
0.01889406 0.002535181
0.02427538 0.002392309
0.04519866 0.002522177
0.02212428 0.00298295
0.04040664 0.003375672
0.04527688 0.003010044
0.04551957 0.003316615
0.04080605 0.0030381
0.03666128 0.002824875
0.03313811 0.003118546
0.03159714 0.00303726
0.05721513 0.00326457
0.02669244 0.00357761
0.03959914 0.003514756
0.05109681 0.002733345
0.02562264 0.002961298
0.04917518 0.002895562
0.09394522 0.002709753
0.09551478 0.002990344
0.07053193 0.002452681
0.07480867 0.002035601
0.06077363 0.002360097
0.05526099 0.002425963
0.07219867 0.002211294
0.06058352 0.002197338
0.07062421 0.001950877
0.05184368 0.001842163
0.05338447 0.00172532
0.05208736 0.001580542
0.07202471 0.001428133
0.07274348 0.001470983
0.08635506 0.001431296
0.09100878 0.001585921
0.0617438 0.001859426
0.07107706 0.001706345
0.1090332 0.001919786
0.1009731 0.002417625
0.08392483 0.002366247
0.1152114 0.002980545
0.1506817 0.002734304
0.1409757 0.00284688
0.1255036 0.002640565
0.1143162 0.002795079
0.08860214 0.00334018
0.1252277 0.002506828
0.08570618 0.002563595
0.08383857 0.00255618
0.07621811 0.002101151
0.09192796 0.001875784
0.05934649 0.002253373
0.07022286 0.002326351
0.05719652 0.002686679
0.06158859 0.002630469
0.06997424 0.002347713
0.06523083 0.002401951
0.07218364 0.003012572
0.08299886 0.002687677
0.0923254 0.002654743
0.1088179 0.002502722
0.1182861 0.002288073
0.09060518 0.002266839
0.07481354 0.002087876
0.09273721 0.001926345
0.04778497 0.002118518
0.02618739 0.002437236
0.02023929 0.002535862
0.03681831 0.002644547
0.03043823 0.00314093
0.02959346 0.003340278
0.04705393 0.003193575
0.03000391 0.0027535
0.02997283 0.002717163
0.04611586 0.002658505
0.06645534 0.003093153
0.07575674 0.003002766
0.06908069 0.002881292
0.06290305 0.002219207
0.07992977 0.002010492
0.06892153 0.001695055
0.0669494 0.001815174
0.08338656 0.001759676
0.104363 0.001889083
0.1064856 0.001953557
0.1342359 0.002435865
0.1285536 0.002163834
0.1107399 0.001967996
0.1424157 0.0021793
0.09320733 0.002130066
0.07704306 0.00280021
0.07376235 0.002604775
0.09603432 0.002584235
0.08379376 0.002137529
0.1164078 0.00233576
0.09764246 0.002479068
0.1405281 0.002037932
0.1574116 0.002082417
0.1299246 0.002405073
0.1421988 0.002511891
0.1061428 0.00215483
0.09081853 0.00226715
0.09859861 0.002528784
0.09377635 0.00254781
0.09768786 0.003238976
0.08262703 0.003080564
0.03939457 0.003309173
0.05701464 0.003668833
0.05392216 0.003802716
0.0458482 0.003456588
0.05545212 0.003559846
0.06281925 0.003495638
0.03151288 0.00298236
0.02124495 0.002915767
0.02894258 0.003189465
0.01999381 0.0033374
0.0343851 0.00345902
0.03552094 0.004848056
0.03439675 0.004337954
0.03808451 0.004800104
0.03044687 0.00460538
0.0321186 0.004990218
0.01150215 0.00523259
0.01468886 0.005657131
0.03619632 0.005831105
0.03713508 0.005501447
0.02432384 0.005669356
0.02213859 0.005516959
0.03145022 0.005469724
0.01456348 0.005957381
0.0006682365 0.0049197
0.005849102 0.004748218
0.01739569 0.004341734
0.02916944 0.00402021
0.02656982 0.004101751
0.06204133 0.003893972
0.08732395 0.003875846
0.07683821 0.003597819
0.102565 0.002873617
0.09768703 0.003000384
0.05932796 0.002596306
0.05842247 0.002873794
0.06893005 0.002681721
0.09244902 0.002954748
0.09026454 0.002503777
0.1038015 0.002908709
0.08332759 0.002800857
0.06838257 0.003027524
0.0463799 0.003069389
0.04877449 0.002838469
0.06556915 0.002948168
0.04686419 0.00261403
0.03295992 0.002211011
0.03987023 0.002362578
0.06664344 0.002288866
0.06059952 0.00238472
0.05761221 0.002751076
0.0627183 0.002112962
0.05692741 0.002024239
0.04046642 0.001923039
0.04347198 0.002013874
0.03701859 0.001743366
0.05848231 0.002066087
0.09623118 0.00216736
0.09789397 0.002092658
0.09392689 0.002130527
0.09863506 0.002086255
0.08827653 0.001969823
0.09119943 0.00204597
0.06680131 0.002323645
0.06375079 0.002433948
0.05557944 0.002716272
0.05565498 0.002570645
0.07511209 0.002242814
0.07767145 0.002459963
0.1121703 0.00234041
0.08643311 0.002383555
0.07813592 0.002156639
0.07213905 0.002098542
0.05760899 0.001911356
0.04511896 0.001917257
0.06870387 0.001940503
0.05400743 0.00193657
0.00940571 0.001895469
0.01325339 0.00167204
0.0229776 0.001782038
0.01760155 0.001883676
0.01466338 0.002084764
0.02282045 0.002454907
0.0549302 0.002613254
0.04029641 0.003529612
0.03075783 0.004122961
0.0232881 0.004940387
0.02909247 0.004583563
0.02970509 0.004126086
0.04527469 0.004705773
0.03331864 0.004768284
0.04012114 0.005168466
0.04909837 0.005098268
0.03647929 0.004002156
0.03415767 0.004338917
0.03415621 0.004500264
0.02056599 0.003481625
0.03544032 0.003340835
0.03089202 0.003384408
0.04224412 0.003056878
0.05664563 0.003355139
0.05228333 0.003343637
0.04215972 0.003356197
0.01945284 0.003655261
0.02155955 0.004215844
0.01498951 0.004329171
0.01083913 0.004285195
0.01251602 0.004765594
0.002228128 0.005714015
0.006982065 0.005537884
0.00430999 0.005425556
0.01287121 0.006634422
0.008435374 0.005069907
0.01223122 0.005549838
0.01716168 0.006157821
0.02865732 0.006217556
0.03797641 0.006327924
0.02328525 0.006956703
0.01218192 0.005757255
0.01457976 0.005817042
0.0205088 0.005887388
0.01534384 0.004782807
0.01180127 0.005117133
0.008761531 0.004743187
0.008215446 0.004775729
0.009591793 0.003810326
0.01638106 0.003920007
0.01425312 0.004009497
0.0180909 0.004575006
0.02983527 0.004629417
0.03107597 0.004254984
0.03771192 0.004860809
0.03147879 0.004386185
0.0375989 0.004978689
0.0320155 0.005967161
0.03716613 0.005827096
0.0539716 0.005149374
0.06481431 0.004759505
0.05741827 0.003970986
0.02998943 0.003474469
0.03971326 0.003396402
0.06526681 0.004256211
0.0661132 0.003851879
0.07259067 0.003186528
0.05869369 0.002990638
0.08039835 0.002704756
0.06263378 0.002211956
0.05808419 0.002318608
0.06941985 0.002307181
0.09237718 0.002454498
0.07299142 0.00255548
0.07630688 0.0023539
0.05886667 0.002428682
0.05324687 0.002759024
0.0528331 0.002902409
0.06436358 0.003311962
0.06752611 0.002890537
0.04672209 0.00328727
0.03062417 0.003791107
0.03910364 0.003252309
0.0278061 0.003155413
0.02741222 0.003673486
0.01758844 0.003459904
0.0201037 0.002965399
0.01448154 0.002377321
0.02033419 0.002544062
0.02776873 0.002347988
0.05223973 0.002086012
0.05876478 0.001823714
0.03492466 0.002010169
0.03794082 0.001908175
0.03546218 0.002047961
0.05627818 0.001954865
0.03710388 0.001989108
0.06035243 0.002034513
0.06939471 0.002462131
0.08060189 0.002726016
0.05640121 0.002478888
0.05352419 0.002724251
0.02953287 0.003977549
0.02147366 0.003582642
0.0266963 0.004150871
0.02055063 0.004619144
0.01365643 0.004031094
0.02983473 0.004461836
0.03019347 0.004192402
0.02049077 0.00374802
0.03111392 0.002888049
0.02294617 0.002793273
0.01956599 0.002996234
0.02192443 0.003108095
0.02149771 0.00311374
0.0233575 0.003518101
0.01444628 0.003985391
0.01527753 0.003872161
0.01289447 0.004266212
0.01218943 0.00384693
0.01011306 0.003927341
0.02087126 0.00438834
0.0309286 0.003883488
0.0247256 0.00415139
0.01573354 0.00459368
0.0170055 0.003904433
0.01750287 0.004066259
0.01998224 0.003956173
0.01917126 0.003622531
0.02548771 0.003885661
0.02479367 0.004037713
0.03020619 0.003512484
0.02627823 0.00336626
0.06895698 0.004356087
0.06089 0.00369174
0.05915989 0.003537936
0.08099 0.002733227
0.1092343 0.002631238
0.09377715 0.002131148
0.1083581 0.001661534
0.1138245 0.001675104
0.1481334 0.001708967
0.1546273 0.001445282
0.1117176 0.00126169
0.09475497 0.00114568
0.0856962 0.001110556
0.06445446 0.00109143
0.07599397 0.001131928
0.0636588 0.001207679
0.07970981 0.001213132
0.07590365 0.001427805
0.06658515 0.001209152
0.04368761 0.001038994
0.03491557 0.001270665
0.03875609 0.001232619
0.05831661 0.001368378
0.07103211 0.001285692
0.1014329 0.001344935
0.1135015 0.001299588
0.1386941 0.001245005
0.1340612 0.001178246
0.1343375 0.001076133
0.129492 0.001043795
0.1713429 0.001094222
0.1265559 0.001255414
0.1327773 0.001275831
0.1137301 0.001252235
0.1601887 0.001254593
0.137945 0.001501704
0.1444476 0.001587699
0.1296684 0.001451814
0.1262243 0.001400251
0.1364996 0.001398264
0.1018867 0.00168278
0.07334479 0.0017305
0.07077653 0.001528845
0.08272058 0.00165176
0.07164907 0.001586264
0.08781239 0.001863798
0.07462273 0.001615914
0.08403492 0.001671194
0.060567 0.00188652
0.08436743 0.002154374
0.05369829 0.001730608
0.06378187 0.001866724
0.0434825 0.00179155
0.02677278 0.001674344
0.02553531 0.001918647
0.03231884 0.002230588
0.02964747 0.002612051
0.04168247 0.002423123
0.03839719 0.002763226
0.03278927 0.002552142
0.03336283 0.003165779
0.02979358 0.003261903
0.02872006 0.003624461
0.05699982 0.004369485
0.04868276 0.003914446
0.05296519 0.003842017
0.05302379 0.003378338
0.0277709 0.00351276
0.03251562 0.003477822
0.04617458 0.003560259
0.07467806 0.003667726
0.05891521 0.003871545
0.04748632 0.003936571
0.03827949 0.00463204
0.01978782 0.004768706
0.02560702 0.00450113
0.01631437 0.003900912
0.00938099 0.00410299
0.008084231 0.004067795
0.002384086 0.004243004
0.01859298 0.004206427
0.01436215 0.003834354
0.02872857 0.003343558
0.03624254 0.003326207
0.01031872 0.002898112
0.02050727 0.002740945
0.03172302 0.003111408
0.02584222 0.003181721
0.03426561 0.00295259
0.01751272 0.002883947
0.01890528 0.003103823
0.03199253 0.003789814
0.06226721 0.003185999
0.05095109 0.00254771
0.05258154 0.00267907
0.04227212 0.002609899
0.05231726 0.002862789
0.0339481 0.002740486
0.04837401 0.002948928
0.02251131 0.00290929
0.02147074 0.003248486
0.01491052 0.003425118
0.00947019 0.00325248
0.03042517 0.003911176
0.02842069 0.003350052
0.02962529 0.003095978
0.03578848 0.003089299
0.03565335 0.00315705
0.03562177 0.003636786
0.04483528 0.003450232
0.03007504 0.002994502
0.01582871 0.003029916
0.02521573 0.002708876
0.04122532 0.002542074
0.04108185 0.002864508
0.01880345 0.003215185
0.005939387 0.003289349
0.02588614 0.00370684
0.06095416 0.003415906
0.06231334 0.003811581
0.0541967 0.003831419
0.05041629 0.003772046
0.027612 0.004798343
0.02062805 0.005185008
0.01138753 0.005384467
0.02043679 0.006690223
0.01181627 0.007505224
0.005310076 0.006419288
0.01673625 0.006664992
0.02708404 0.007656612
0.02818017 0.007943402
0.03914882 0.007541073
0.04750685 0.006959818
0.02727951 0.007493027
0.01202507 0.008501099
0.02048793 0.007299448
0.02521564 0.008584206
0.02093302 0.006828868
0.01489192 0.00819541
0.03501253 0.008627354
0.02012954 0.007778972
0.01765238 0.006695792
0.01047047 0.00685664
0.01606458 0.007623523
0.01781329 0.005885906
0.02965638 0.005885794
0.01530698 0.006146612
0.0121725 0.005711736
0.01335194 0.004927265
0.01484309 0.005163324
0.01220591 0.004990657
0.03756835 0.005613087
0.03939803 0.005388551
0.03226708 0.00618394
0.02614876 0.005359759
0.04963883 0.003907238
0.03059372 0.005086389
0.04732068 0.004549445
0.05649592 0.004338107
0.04877527 0.004690792
0.04053852 0.004699551
0.04107404 0.004625994
0.01905626 0.005406676
0.04063892 0.005292132
0.0651363 0.005436749
0.05502192 0.005694553
0.02544513 0.005370549
0.01796411 0.005524768
0.02105003 0.005859947
0.01248845 0.005353403
0.0172921 0.005250826
0.01648557 0.0056153
0.01011558 0.005243958
0.003906244 0.005236303
0.004215145 0.005744801
0.0136448 0.00473622
0.01255916 0.005073763
0.01632438 0.004319321
0.01582135 0.003850779
0.009880151 0.003759254
0.01832247 0.004273492
0.01266067 0.005004501
0.01239854 0.005221932
0.01183804 0.005411421
0.03852796 0.006391007
0.03396992 0.005961307
0.03243872 0.00620741
0.0359188 0.006215752
0.01787196 0.006463432
0.009292061 0.00624404
0.02085725 0.005468171
0.0175936 0.005874203
0.02214732 0.006908244
0.03125852 0.006212852
0.04430895 0.006177663
0.04092021 0.006239548
0.03150901 0.00657053
0.03095749 0.006716716
0.03027868 0.006870589
0.02226445 0.006765077
0.02485055 0.008689079
0.02247881 0.007820619
0.008545177 0.006609204
0.006297153 0.005542172
0.007283808 0.004862508
0.008420318 0.004824659
0.01537855 0.004842915
0.01273544 0.005578019
0.01147992 0.005945568
0.02355046 0.005565315
0.02969691 0.005620864
0.02806851 0.006183112
0.03215807 0.006011396
0.01838395 0.00703156
0.01412192 0.006606114
0.008757513 0.006947729
0.01362952 0.007857228
0.02062438 0.00762838
0.01807594 0.007035527
0.04003155 0.006267229
0.04323401 0.006250855
0.02097803 0.005857768
0.03314781 0.005923993
0.02222477 0.006991768
0.02658611 0.007665328
0.02603745 0.00745315
0.03324573 0.008221883
0.02386221 0.007492261
0.01628025 0.00617202
0.02672915 0.005498187
0.01959135 0.005620226
0.03676102 0.00595633
0.04506053 0.006587088
0.03959153 0.006763295
0.007558949 0.008747112
0.01133572 0.008798727
0.009401398 0.009976415
0.006692939 0.009704427
0.008779024 0.01030157
0.01233911 0.009146438
0.02255262 0.00958267
0.007398199 0.009514249
0.004171836 0.00842025
0.01053969 0.007625677
0.009017707 0.00711371
0.02239388 0.006699945
0.02105188 0.00684046
0.03402547 0.006360513
0.01736374 0.006293459
0.01283681 0.006132415
0.01389253 0.005709926
0.02216145 0.006830532
0.03560203 0.006286463
0.01880497 0.005492622
0.02053651 0.00639227
0.02422704 0.005464229
0.03164202 0.005808736
0.03165682 0.006541001
0.05638171 0.005954009
0.06711488 0.005628439
0.05644959 0.005856288
0.06663773 0.006234992
0.07804887 0.005738745
0.05152875 0.005767443
0.03913973 0.00501319
0.03007908 0.005519194
0.03518112 0.005579486
0.02337256 0.006025694
0.007056252 0.005867708
0.02673942 0.006569575
0.01443737 0.007662987
0.01556565 0.01052959
0.01856503 0.01099293
0.01053559 0.01040816
0.006551398 0.01093514
0.02654054 0.01007857
0.01517946 0.01126986
0.01072196 0.01115
0.01319932 0.01218314
0.009059826 0.0109695
0.00953577 0.01144558
0.007811225 0.01249874
0.001220866 0.01287211
0.004649126 0.01145487
0.019618 0.009852192
0.03011874 0.00793618
0.02368186 0.007568619
0.01108032 0.00706751
0.01045671 0.006036373
0.01229747 0.005890485
0.01700006 0.005823175
0.01715298 0.005447772
0.006781758 0.007102125
0.007958623 0.006586917
0.01397874 0.006430905
0.01780541 0.006126903
0.021144 0.004849569
0.01296082 0.004972082
0.0149926 0.004719817
0.01554485 0.004913826
0.01918578 0.004207864
0.01909069 0.004993974
0.01073415 0.00520458
0.01974956 0.006248813
0.02189301 0.005624561
0.03618977 0.006247193
0.04350482 0.006462533
0.02362156 0.006032233
0.0164485 0.006221528
0.02371887 0.007335887
0.01724132 0.007288033
0.02698799 0.006865783
0.0148494 0.00584013
0.01985552 0.006168202
0.003628805 0.006319754
0.01817355 0.006897231
0.005753681 0.008425936
0.008422677 0.00800848
0.02853565 0.008353176
0.02266463 0.007454234
0.0247369 0.008017376
0.02083606 0.00738376
0.02036424 0.007046261
0.007134864 0.006235878
0.003701027 0.006277774
0.009013825 0.007004289
0.009187883 0.008676284
0.02761543 0.008171846
0.02380774 0.008751036
0.02596968 0.00853873
0.02711447 0.008869403
0.01159497 0.009095117
0.01673258 0.008276241
0.005296696 0.009429042
0.02170256 0.007624294
0.01656047 0.006741478
0.02700495 0.00687296
0.008702864 0.007878645
0.004223476 0.009013337
0.01774737 0.009624263
0.009007436 0.009940287
0.0173036 0.01126017
0.01126453 0.009785864
0.01695236 0.01017379
0.02274221 0.007701836
0.02004696 0.008135991
0.02095517 0.006614556
0.02766089 0.006214055
0.02549878 0.005648503
0.02261842 0.005328157
0.03372662 0.005214017
0.04040236 0.004904005
0.0365213 0.006398293
0.04194404 0.006960234
0.0584327 0.007033466
0.05983035 0.007367986
0.0507637 0.00911162
0.0574807 0.009107532
0.04647944 0.008200484
0.01408134 0.007814222
0.0106603 0.008208305
0.01062641 0.008709899
0.02656947 0.00705775
0.05723477 0.005778165
0.07143805 0.005555958
0.06813161 0.005602281
0.07558304 0.005191614
0.06621239 0.005546629
0.05684611 0.005101898
0.05162856 0.006228749
0.0539061 0.006798436
0.06504394 0.005809103
0.06554773 0.0050364
0.06259392 0.00480311
0.07385524 0.004147046
0.03672402 0.004316755
0.03031253 0.004795097
0.03638783 0.004726667
0.03669861 0.005252686
0.04043551 0.006063625
0.06344331 0.006927992
0.0548391 0.007466783
0.04956432 0.00876831
0.05371815 0.008869458
0.03095928 0.009718615
0.04104796 0.009124244
0.04143957 0.007725303
0.04455496 0.00752065
0.05329921 0.005255668
0.02760363 0.005846767
0.03482733 0.005378714
0.06225869 0.003995757
0.08614138 0.003827677
0.09504686 0.003668196
0.09551063 0.003688788
0.1052887 0.00321155
0.1158965 0.003420996
0.09831287 0.002831446
0.1154572 0.002648406
0.1707505 0.002682454
0.1755541 0.002193894
0.1392636 0.002223687
0.1438573 0.002271602
0.123654 0.002024091
0.1218001 0.001796244
0.07974845 0.001859943
0.08358766 0.001643898
0.08533029 0.001671699
0.07835146 0.001788376
0.06932328 0.001773488
0.05336495 0.001784197
0.06335147 0.001698408
0.09717268 0.001831662
0.108095 0.001839873
0.1209764 0.001970307
0.07526593 0.001815679
0.05170552 0.001674835
0.0412364 0.001639112
0.04857085 0.001536247
0.03198586 0.001407966
0.02763603 0.001476514
0.02728548 0.001767515
0.02953996 0.001862257
0.03744487 0.001630786
0.01834494 0.001742254
0.03370429 0.001630422
0.04132163 0.001537607
0.0341844 0.001586631
0.02506985 0.001711086
0.03323223 0.001449453
0.03481538 0.001482597
0.02540476 0.001587475
0.02815136 0.001798271
0.02726589 0.001578426
0.02580066 0.001524814
0.05563669 0.001572634
0.0642032 0.00153736
0.1015937 0.001479615
0.07109441 0.001874993
0.1011291 0.001787182
0.0992782 0.001632581
0.1012731 0.001597095
0.1304888 0.001615376
0.1430143 0.0014804
0.1435359 0.001752621
0.1236289 0.001532797
0.1209293 0.001681708
0.09061015 0.001546677
0.08133137 0.001520136
0.04598455 0.001628854
0.02367373 0.001641112
0.01589773 0.001959437
0.0274121 0.001674197
0.02195567 0.001519747
0.03744093 0.001551515
0.06430529 0.001755534
0.07003768 0.002172418
0.07441055 0.002229382
0.09124053 0.002597925
0.1016253 0.002308582
0.0915403 0.002141707
0.08543927 0.00209029
0.08974752 0.002244885
0.05858645 0.00329378
0.06841667 0.003161805
0.07170093 0.002595281
0.081446 0.00223846
0.08749225 0.002457014
0.0724789 0.002636438
0.06551305 0.003024068
0.07210459 0.002425161
0.06252714 0.003158556
0.05584833 0.003125328
0.0263427 0.002316466
0.02115698 0.002336208
0.03773784 0.002486359
0.04499847 0.00281311
0.02850901 0.002609013
0.0261822 0.00259999
0.03327821 0.00256377
0.05927111 0.003141485
0.03097416 0.002768389
0.02053418 0.002555035
0.03123956 0.002657846
0.03288068 0.00228675
0.02866651 0.002284011
0.0217652 0.002226576
0.02627817 0.002187895
0.02329767 0.002256062
0.04294 0.001879463
0.03497503 0.001921367
0.07540181 0.001593312
0.06059574 0.00181102
0.08896517 0.002127012
0.1104117 0.001940309
0.08978222 0.002045714
0.1387133 0.002214251
0.1141081 0.002990168
0.09746905 0.002532909
0.08574033 0.002303624
0.07692392 0.002740194
0.04225514 0.002902148
0.0273632 0.003545747
0.01804042 0.00306518
0.03156197 0.002995584
0.05644701 0.002943267
0.05850874 0.003150061
0.05669939 0.00300946
0.04507862 0.002595539
0.05564209 0.002655684
0.04970008 0.002626044
0.02067101 0.002771533
0.02412707 0.003365925
0.02580735 0.0027822
0.0500123 0.002529317
0.03200164 0.003010698
0.01982169 0.003107135
0.02343835 0.003736201
0.02562943 0.003480722
0.02751817 0.004041033
0.02462618 0.004254791
0.026789 0.004493719
0.02975525 0.00535137
0.02457615 0.005669783
0.04658855 0.005956126
0.04028279 0.006315266
0.04044402 0.005842982
0.02934359 0.005739915
0.04283431 0.006737559
0.04001618 0.006546201
0.0503235 0.005158062
0.0549419 0.00443011
0.08192893 0.004928619
0.0617515 0.00454591
0.06528476 0.004710891
0.07628308 0.004715722
0.05371582 0.004445379
0.0813804 0.004024302
0.06979175 0.003961847
0.05496749 0.003561206
0.05246151 0.003492756
0.04692844 0.004849215
0.02843281 0.00435902
0.02899443 0.004000384
0.01219279 0.003993428
0.02039432 0.004875797
0.04217918 0.004577311
0.04687968 0.003806927
0.04965553 0.004094816
0.05010991 0.003899625
0.06652006 0.003408963
0.04781561 0.003172022
0.04053811 0.003132585
0.03104048 0.003731637
0.0344998 0.004185496
0.04163309 0.003761781
0.04978677 0.004053306
0.06982271 0.003988573
0.06675345 0.003856533
0.07349739 0.003417602
0.06370182 0.002956738
0.06896374 0.002513202
0.0637781 0.002261862
0.06924112 0.001935948
0.09569595 0.001865633
0.1224254 0.00196297
0.1106921 0.001856114
0.1027188 0.002057997
0.07740461 0.001934539
0.05291113 0.002130915
0.0621674 0.002375589
0.05906784 0.002285999
0.06162793 0.002719529
0.06133142 0.002467712
0.05022582 0.002084375
0.07640334 0.002144614
0.0965655 0.001955196
0.06582783 0.002395829
0.07844501 0.00269279
0.06826064 0.002613842
0.07932153 0.002455448
0.07300843 0.002793459
0.05285963 0.003134295
0.03180199 0.003189534
0.0358284 0.003059899
0.03935443 0.003057276
0.04331423 0.002852867
0.04748743 0.002540128
0.03860774 0.00259084
0.04172634 0.00242096
0.03855889 0.002272367
0.03541124 0.002525877
0.03778498 0.003444358
0.0326605 0.003947394
0.01743502 0.004487527
0.03511832 0.003851107
0.02125619 0.003247782
0.02006641 0.003616666
0.0327232 0.004093193
0.02316964 0.003927937
0.01770005 0.003424454
0.02932359 0.003118692
0.04205703 0.003039485
0.04812771 0.002679046
0.02469568 0.002842845
0.0181482 0.002755898
0.03132877 0.002840044
0.05548475 0.00237721
0.04559611 0.002662472
0.04211636 0.002505031
0.03953638 0.002344184
0.03488841 0.002217002
0.01946683 0.002349207
0.005174994 0.002104739
0.006467942 0.001661484
0.03657369 0.001695428
0.03283262 0.002090136
0.02259222 0.002066924
0.01435282 0.002798913
0.01599214 0.002274209
0.02496938 0.002839161
0.03906021 0.002875738
0.03703331 0.003007423
0.03954957 0.002941628
0.0641624 0.00305603
0.05908659 0.003059574
0.07670327 0.002920683
0.06441219 0.003311113
0.04282706 0.003127456
0.03299487 0.003650426
0.03211682 0.004215219
0.0110779 0.005105447
0.02201213 0.006114651
0.01298717 0.006690863
0.01199798 0.006117456
0.03022847 0.005713559
0.03493604 0.006824774
0.02772852 0.007864272
0.02535236 0.009503682
0.02340269 0.00980434
0.02310857 0.009431399
0.02734277 0.00970802
0.0465677 0.008641853
0.01780812 0.01046732
0.01686083 0.01054439
0.004763557 0.010685
0.007746955 0.01337704
0.01144264 0.01091009
0.01183896 0.01188024
0.01053584 0.01182564
0.01358228 0.01092512
0.01427987 0.01155664
0.01663227 0.01111014
0.03804738 0.01069136
0.01531604 0.008887969
0.01624127 0.009387087
0.02113341 0.007858763
0.02018117 0.007621924
0.04034643 0.007243252
0.03269843 0.007880016
0.04772986 0.006434234
0.04116427 0.006474767
0.04747573 0.006051923
0.06526399 0.005268556
0.06424233 0.004857925
0.03723272 0.006057098
0.03216853 0.005530001
0.02740303 0.004593361
0.01640414 0.004728762
0.02818356 0.004574917
0.02484571 0.004129473
0.03000824 0.0035319
0.02517777 0.003197648
0.04395352 0.003351062
0.04391173 0.002919198
0.05303762 0.003207699
0.07734468 0.003423365
0.08192556 0.003356859
0.06626486 0.003697539
0.07586969 0.004344459
0.06638584 0.0041846
0.03509962 0.003598922
0.03999625 0.003282611
0.04671552 0.003042306
0.03810633 0.003323503
0.02988675 0.002925303
0.01474158 0.002796086
0.01420694 0.002387517
0.01082331 0.002457682
0.02479807 0.002033191
0.03533757 0.002509931
0.03611022 0.002482315
0.03715707 0.002122585
0.04447734 0.00241528
0.02579444 0.002467392
0.03707984 0.002484731
0.05172432 0.002010009
0.06982495 0.00179853
0.06220624 0.001652426
0.08288129 0.001714355
0.1105859 0.001833812
0.1328362 0.00180806
0.1383307 0.001773618
0.1513562 0.00169679
0.1180134 0.001474357
0.101513 0.001271863
0.08672564 0.001257468
0.0632812 0.001347472
0.07105103 0.00135097
0.07380623 0.001408123
0.06156521 0.001311439
0.07501393 0.001424417
0.06198934 0.001594792
0.05703307 0.001706897
0.05735464 0.002111712
0.05115637 0.00242495
0.01868526 0.002402605
0.0163909 0.002514164
0.0205745 0.002747552
0.0295997 0.003091274
0.03294018 0.003835805
0.0377444 0.003620923
0.02962764 0.002958178
0.03932796 0.003226297
0.0306589 0.003251307
0.04602626 0.003772485
0.05356595 0.003866191
0.05480208 0.004316985
0.04987888 0.003956855
0.06008982 0.003435531
0.06344299 0.002884647
0.0767738 0.002618153
0.06230605 0.00262137
0.04674946 0.002344959
0.04381649 0.002278948
0.06019567 0.002358199
0.04691115 0.001976667
0.03482383 0.001932828
0.02883287 0.001899953
0.0371469 0.002078966
0.04042387 0.00236318
0.04561441 0.002732372
0.07724146 0.003080587
0.07344763 0.003157301
0.05833138 0.002286279
0.058418 0.002091223
0.06515137 0.002289971
0.04427262 0.002201066
0.04277298 0.002640949
0.03750044 0.003304368
0.04905379 0.002987173
0.03045283 0.003072298
0.02144637 0.002597396
0.03830565 0.00345316
0.0243644 0.003502648
0.01995964 0.003297128
0.04561303 0.003403297
0.02656408 0.004225992
0.03605037 0.004296947
0.0396213 0.004898906
0.02209948 0.005426073
0.008984606 0.006398709
0.004390003 0.006330237
0.02031171 0.005535914
0.03014893 0.005031324
0.02794807 0.00492633
0.03387409 0.00517385
0.03498952 0.005496244
0.01821149 0.006517113
0.0453892 0.007069966
0.02768589 0.007716378
0.01764579 0.006672651
0.01035925 0.008736703
0.007608652 0.009869841
0.008043406 0.01100311
0.007169155 0.01043371
0.006250299 0.01067467
0.01122908 0.01201709
0.005834773 0.01067582
0.01326356 0.01245717
0.008188474 0.01162322
0.01594449 0.01231896
0.02669374 0.01006007
0.02202424 0.01268305
0.01596206 0.01259947
0.02634291 0.01484928
0.02512183 0.01445483
0.0118732 0.01636137
0.01359398 0.01661896
0.01669101 0.0156184
0.02339231 0.01390105
0.02464148 0.01326885
0.01337534 0.01075646
0.01742024 0.01196631
0.01963747 0.01248219
0.01330758 0.01106332
0.01294741 0.008615521
0.02411837 0.009558037
0.03941545 0.008197261
0.0149211 0.008669582
0.02001112 0.008123037
0.02001434 0.008591811
0.01786978 0.008306606
0.02690704 0.008271477
0.02452547 0.008942652
0.02264956 0.007807156
0.03483663 0.008037193
0.03953271 0.009431055
0.01341255 0.009075097
0.01347072 0.009045418
0.01118021 0.009198674
0.009687911 0.01340997
0.005240836 0.01145681
0.002940394 0.008483527
0.001502174 0.007757281
0.006749767 0.007962891
0.008331377 0.008778393
0.006231837 0.009065311
0.01204224 0.00856229
0.02549755 0.008483444
0.00825933 0.006793236
0.01140395 0.00673659
0.005396995 0.006854132
0.00445813 0.006998659
0.002750376 0.006884704
0.009724078 0.008613085
0.008110627 0.01025468
0.006997211 0.008664522
0.01146199 0.007990139
0.01336352 0.008072195
0.01627222 0.007296376
0.009778877 0.006954798
0.01391562 0.0080409
0.01027163 0.00831655
0.01075782 0.009022139
0.0004192807 0.009789632
0.009775009 0.008973226
0.02602936 0.00881767
0.01306166 0.008369241
0.01232604 0.006920456
0.01384447 0.009483772
0.00967989 0.01082564
0.008628944 0.01111886
0.01439954 0.009730298
0.01998207 0.009111826
0.01794221 0.009096511
0.01132987 0.01086585
0.009024563 0.009739021
0.01917658 0.007095406
0.01843398 0.006708361
0.02965664 0.006528477
0.03423087 0.005727576
0.02381013 0.006240023
0.02448446 0.006742034
0.006013512 0.006162325
0.0114851 0.00648554
0.01433503 0.006039938
0.01882929 0.006329318
0.03237525 0.006876497
0.03032911 0.007000317
0.01001514 0.007455278
0.009926854 0.007237729
0.01801165 0.00728657
0.01583376 0.007598989
0.01299401 0.006805822
0.0158582 0.005746363
0.006886751 0.005795684
0.003891588 0.006092736
0.006177714 0.006060588
0.003778947 0.006278618
0.009072341 0.006617264
0.01772314 0.005747394
0.01430284 0.005609953
0.02488395 0.004867795
0.01904083 0.005300291
0.02611142 0.005401328
0.03010547 0.005635742
0.03998207 0.00756972
0.04521688 0.007907875
0.05718892 0.007535559
0.06358511 0.007045973
0.05101342 0.006725869
0.03669074 0.006344346
0.03292793 0.006443587
0.0250146 0.00612835
0.01561665 0.00453947
0.01490923 0.005073022
0.0213487 0.005932724
0.02770094 0.00538296
0.04952399 0.004877272
0.03862701 0.005461289
0.04085603 0.00465793
0.04493486 0.004271225
0.04412178 0.004849295
0.04975693 0.005209848
0.03136519 0.005693805
0.02013187 0.00579932
0.02457429 0.005234482
0.02269383 0.005156421
0.009487056 0.005311808
0.02125559 0.005026998
0.009364906 0.004825973
0.01511243 0.005144696
0.003818698 0.004569
0.007515963 0.004874565
0.01178223 0.004230487
0.02660397 0.004265191
0.03981022 0.004269205
0.03500912 0.004016814
0.02881866 0.003898024
0.04763338 0.00412832
0.05374457 0.003768253
0.03968251 0.004377022
0.05744196 0.004108449
0.02695314 0.003548904
0.0239731 0.003865391
0.01122944 0.004063248
0.02076229 0.004444685
0.03402446 0.003658706
0.02628266 0.003681169
0.02799609 0.00357635
0.02205084 0.002836245
0.02605394 0.002786123
0.03263496 0.002773294
0.03718093 0.00305384
0.07061577 0.003048866
0.06899809 0.003503613
0.06635677 0.003781351
0.09408329 0.003395319
0.0607178 0.003860268
0.04650757 0.004050032
0.03444514 0.003894544
0.02877959 0.003777146
0.03696174 0.004023708
0.04653503 0.003997993
0.04589342 0.004503166
0.07049442 0.003744535
0.05873921 0.004040223
0.04604398 0.004689562
0.03621747 0.005450913
0.04919225 0.006186524
0.0349748 0.006456774
0.04617759 0.005792864
0.04573328 0.004493536
0.0282099 0.005609891
0.0302914 0.004748337
0.02857331 0.005292373
0.03957443 0.004586839
0.05230092 0.004184008
0.03640736 0.004659115
0.05991691 0.005052923
0.04395268 0.004710977
0.06960675 0.00383319
0.08710686 0.004066254
0.05923873 0.003900465
0.05794305 0.004335435
0.04104874 0.004454134
0.05299097 0.003993246
0.06289211 0.004250795
0.06757428 0.00442103
0.08108715 0.00456994
0.05958438 0.004369029
0.05349145 0.004663194
0.0331871 0.005095148
0.01164527 0.005496914
0.005754047 0.004337076
0.008899697 0.004162906
0.009952932 0.00422954
0.0131002 0.004269305
0.02841306 0.004444667
0.02008107 0.004279061
0.03346368 0.005032693
0.02742765 0.005304415
0.04787264 0.005181333
0.03045974 0.004281185
0.02312486 0.004191153
0.02825601 0.004537962
0.02685808 0.004170623
0.004208647 0.003710222
0.001215163 0.003784767
0.01015451 0.00360299
0.02440794 0.003084198
0.04160979 0.003191906
0.051138 0.003211427
0.02680943 0.002865779
0.02619979 0.003549892
0.03368381 0.003390956
0.03048014 0.003540677
0.05091097 0.003825263
0.01647763 0.003326593
0.023713 0.003530583
0.035935 0.003393862
0.02346187 0.003884552
0.04566245 0.004296021
0.04900927 0.004198793
0.05327456 0.003816925
0.04650024 0.003895058
0.03147383 0.004391678
0.02862692 0.004364479
0.03753482 0.003415057
0.02664592 0.003551133
0.009524431 0.004084578
0.01531815 0.003539341
0.02543112 0.00326983
0.02445797 0.00326515
0.032397 0.003653294
0.04046458 0.003538592
0.0390716 0.002852313
0.06095903 0.002935281
0.06508898 0.003041461
0.07743783 0.003562714
0.1146801 0.003400971
0.1241595 0.003603708
0.09730501 0.003409328
0.09424856 0.003386077
0.0858748 0.003604498
0.09948401 0.003418708
0.1079545 0.003191811
0.115578 0.00311332
0.1147141 0.002668974
0.1314169 0.002670445
0.07211774 0.002949912
0.0575593 0.002486818
0.08208175 0.002705104
0.09255454 0.00303659
0.06488777 0.003003498
0.04925313 0.003275321
0.06451243 0.003783634
0.08695371 0.003846079
0.057863 0.004384187
0.07710787 0.004062464
0.05729873 0.00473552
0.050957 0.004433242
0.05486165 0.004722745
0.0668572 0.004794083
0.0983356 0.00473489
0.1037082 0.005044929
0.06785853 0.005062524
0.04888559 0.005101533
0.03480467 0.004663024
0.02940765 0.003780531
0.04377108 0.003553541
0.03627849 0.003664305
0.03175287 0.003150513
0.01422446 0.003614954
0.006834059 0.003347663
0.01281042 0.003597889
0.03074294 0.003552174
0.0263454 0.003587927
0.0266942 0.003239
0.04312504 0.003831575
0.05714847 0.004128348
0.05370443 0.004248417
0.03338475 0.00549597
0.03282863 0.005551326
0.04666382 0.005402489
0.04085408 0.005714481
0.03215988 0.00488146
0.02815228 0.005085333
0.02761642 0.004036166
0.04446667 0.003734402
0.06303038 0.003679784
0.06679413 0.003541157
0.06958962 0.003809346
0.06561185 0.004252076
0.06125021 0.004251751
0.0690447 0.003637334
0.05789729 0.00371742
0.0580075 0.0039537
0.04470948 0.004573729
0.03857351 0.005286319
0.02212944 0.005143708
0.01907679 0.004697041
0.01307524 0.004360897
0.01042366 0.004079269
0.01046009 0.004226662
0.01081636 0.005159512
0.02147454 0.004984802
0.0315399 0.004544572
0.03043725 0.005443206
0.01770428 0.004970147
0.02041239 0.005666096
0.0130444 0.004792055
0.007773401 0.004772682
0.02369088 0.003974417
0.0446407 0.003718557
0.03267141 0.003387657
0.04636781 0.003130478
0.0165203 0.003390951
0.02451974 0.003491724
0.02666302 0.003545327
0.03272551 0.003662799
0.04216587 0.003521454
0.04452474 0.003170044
0.04468069 0.003190766
0.03590976 0.003169632
0.01507485 0.003397518
0.01162451 0.003585759
0.03118005 0.003424606
0.0159679 0.00278458
0.02802112 0.002410449
0.03590732 0.00212932
0.04404502 0.001866795
0.05103309 0.001935277
0.0557342 0.001856172
0.07586288 0.001811056
0.05910978 0.001842308
0.05941956 0.001691325
0.08433056 0.001758853
0.07768729 0.002033409
0.09244876 0.001770759
0.0985719 0.002081636
0.09144656 0.001980671
0.1000481 0.001980244
0.08097399 0.00192964
0.05894696 0.001912432
0.04885529 0.001833521
0.05900528 0.001565286
0.05858389 0.001469225
0.05143808 0.001526146
0.06421483 0.001480546
0.07539357 0.001578518
0.047891 0.001661899
0.06253459 0.001739001
0.04979332 0.001895676
0.03983927 0.001736433
0.03427267 0.001992813
0.03166184 0.001802478
0.03054074 0.001936415
0.02959964 0.002170048
0.0413944 0.002768806
0.05678504 0.002895945
0.06125844 0.002898608
0.06051109 0.002619399
0.07724641 0.002787127
0.1048054 0.002442269
0.07149875 0.0021991
0.04078381 0.002181538
0.04736329 0.00166495
0.06551698 0.001710303
0.06361997 0.001510198
0.05122297 0.001663271
0.04334149 0.001407146
0.04777084 0.001371819
0.05077735 0.001338732
0.05936021 0.001353565
0.0371566 0.001540914
0.03208705 0.001725411
0.03057645 0.001610206
0.02357529 0.001624119
0.02075928 0.001924248
0.01882364 0.002239869
0.01617115 0.00216894
0.01898182 0.002089616
0.02839861 0.001719418
0.03404534 0.001609405
0.03196445 0.001610201
0.04152427 0.001538788
0.06508583 0.001755423
0.06777482 0.001903671
0.05954513 0.001887552
0.04940592 0.001639414
0.04338692 0.001773842
0.05196521 0.001480756
0.06308433 0.001358018
0.05104868 0.001868408
0.04715775 0.001616555
0.0706979 0.001502944
0.06405621 0.00160234
0.1010116 0.001875938
0.1352276 0.001584684
0.1171861 0.001557591
0.1351278 0.001459677
0.1594737 0.001789199
0.1266896 0.001522849
0.1170979 0.001512864
0.09756836 0.001607225
0.07972454 0.001479431
0.1073452 0.001329102
0.09460918 0.001305597
0.1023688 0.001116402
0.09731937 0.001009837
0.1097042 0.001093524
0.09637674 0.00123603
0.1190549 0.001363397
0.1286202 0.001112676
0.1166651 0.001330631
0.1115875 0.00125002
0.155797 0.001271797
0.1482605 0.001457752
0.1314754 0.001342153
0.1194874 0.001648391
0.1317208 0.001686443
0.1161026 0.001676484
0.1226027 0.001865077
0.1307062 0.001829758
0.1254941 0.001837142
0.1413885 0.001838099
0.1050904 0.001816039
0.1072308 0.002046554
0.1199754 0.00184925
0.1420272 0.001580686
0.1622987 0.00183829
0.1331418 0.001837163
0.1467348 0.001519573
0.1402678 0.001480201
0.1450511 0.001473474
0.1518408 0.001383154
0.1542411 0.001558166
0.2062653 0.001276872
0.1729484 0.001691957
0.189511 0.00171248
0.1835575 0.002007697
0.1347412 0.002336684
0.1227407 0.00240548
0.09007275 0.00221704
0.07575491 0.001727981
0.06770822 0.001603483
0.05728204 0.001702721
0.04355037 0.001747514
0.0455236 0.001773015
0.04933231 0.00176619
0.03268 0.001979217
0.04859456 0.001913448
0.05644343 0.002328861
0.07060015 0.002287144
0.08115254 0.002568387
0.05811945 0.002401206
0.06306176 0.002744095
0.04615423 0.002809928
0.04276904 0.002904371
0.04835972 0.002342722
0.0603378 0.002441096
0.04233252 0.002233831
0.03914524 0.002746043
0.03486548 0.002338796
0.028159 0.002562072
0.02864262 0.002328261
0.04387241 0.002341628
0.03375891 0.002293994
0.07326889 0.002263145
0.06303214 0.002389545
0.08312764 0.002215872
0.07552314 0.002680796
0.05837411 0.002771524
0.03320645 0.002448861
0.03659823 0.002307646
0.02975342 0.002249833
0.02809449 0.002490311
0.01592734 0.002375862
0.02642468 0.002279633
0.03691762 0.002614918
0.02606866 0.00253379
0.03266683 0.002447876
0.0700158 0.002408483
0.08130532 0.002611371
0.1010417 0.0020519
0.09534356 0.002198335
0.05608795 0.002362104
0.070443 0.002207923
0.0852955 0.002566069
0.08074273 0.002021072
0.06676865 0.001924789
0.07363871 0.00203016
0.05378982 0.002057959
0.04443317 0.002119265
0.07314604 0.00200496
0.07273494 0.001778618
0.09528706 0.001917312
0.09515148 0.002469004
0.09676479 0.00271221
0.1068348 0.00272824
0.07428426 0.002576451
0.08231374 0.00225205
0.1074471 0.00223087
0.08069897 0.002825307
0.0919087 0.003040698
0.083455 0.002907766
0.06279327 0.00234692
0.06906115 0.002492409
0.07115816 0.002677687
0.06272706 0.002278939
0.06315128 0.002376825
0.08963367 0.002152381
0.1090886 0.002198576
0.1170619 0.00266943
0.1243515 0.003133049
0.08840921 0.002789808
0.04015254 0.003247576
0.02874624 0.003272721
0.02383202 0.003598621
0.02480164 0.004431441
0.04475245 0.004504619
0.03037683 0.003458035
0.01894447 0.002839434
0.0314568 0.002676749
0.02921096 0.002177373
0.02751836 0.002874088
0.04049554 0.002692537
0.05332631 0.003062696
0.04803976 0.002998255
0.07406652 0.003077334
0.09817878 0.003234612
0.1121467 0.003000421
0.05985728 0.002611861
0.08281713 0.002726397
0.07764143 0.002540549
0.06565845 0.002586641
0.06122112 0.00270183
0.05392805 0.002930618
0.04279978 0.003157638
0.03987868 0.002412596
0.03369607 0.002878813
0.03791881 0.0030564
0.02236503 0.003085527
0.02340761 0.002822568
0.02081586 0.002983659
0.03165577 0.003155143
0.04438268 0.003323439
0.04572405 0.002929647
0.04910303 0.003207059
0.04460583 0.003384813
0.03230053 0.00299881
0.02976034 0.002699948
0.05070308 0.003064272
0.04894359 0.003359612
0.04107135 0.002721191
0.03770242 0.002798577
0.02723992 0.002778318
0.03715549 0.002450216
0.02005206 0.002855282
0.03650245 0.002530871
0.06325488 0.002822943
0.09803954 0.002694813
0.1027623 0.002829663
0.07602587 0.002445095
0.06432968 0.00223985
0.04509004 0.002811982
0.03760986 0.00280219
0.05544955 0.002667184
0.03557805 0.002173524
0.044582 0.002305888
0.03809203 0.002060411
0.0477504 0.002322181
0.05009351 0.002286783
0.04222848 0.002265025
0.06652477 0.002360757
0.07214772 0.002360015
0.06642557 0.002846626
0.08025885 0.002780503
0.08970995 0.003094447
0.08446879 0.002648806
0.06440788 0.003007634
0.06428471 0.002677791
0.05183907 0.002693772
0.03732735 0.003292012
0.03249932 0.003657527
0.02468112 0.003782088
0.02251875 0.003992213
0.0349891 0.003868756
0.0404732 0.003851288
0.01728497 0.003811395
0.01548866 0.003920656
0.02078714 0.00449519
0.02161213 0.005516777
0.02175954 0.005787733
0.02828793 0.00433399
0.01179235 0.003459152
0.01221082 0.003402906
0.008693243 0.003053222
0.005986546 0.003038587
0.005485076 0.002969285
0.01135846 0.002891384
0.02214167 0.003083798
0.0401094 0.002249403
0.02729448 0.002456203
0.03634718 0.002281922
0.02309899 0.002130394
0.03941541 0.002484717
0.02677153 0.002251499
0.04866121 0.002215987
0.0592771 0.002276433
0.07761603 0.002310172
0.0839304 0.002111665
0.08629418 0.001743834
0.09626602 0.00176442
0.07675634 0.001727062
0.05301337 0.001897701
0.06696663 0.002054999
0.1041509 0.002267702
0.1242483 0.002465477
0.1268989 0.002034254
0.1230005 0.001994676
0.09205195 0.001627713
0.1198431 0.001384092
0.1311563 0.001637666
0.07668366 0.001548922
0.1078701 0.001654952
0.08911395 0.001606138
0.06996828 0.001788572
0.06265637 0.002117942
0.07964676 0.002009775
0.07772715 0.001746535
0.0510739 0.002012276
0.01398628 0.002092903
0.02545158 0.002430872
0.01213388 0.002394858
0.00728871 0.002653725
0.001476086 0.003041317
0.006654292 0.003104289
0.03335234 0.003061467
0.06348966 0.003080962
0.0710406 0.003055325
0.08970488 0.003283463
0.07053914 0.003117969
0.07666639 0.003246001
0.05993074 0.003056499
0.03018456 0.002878921
0.04260327 0.002498773
0.05098851 0.002845668
0.0279414 0.002577726
0.03208491 0.002541928
0.02548569 0.002971187
0.02044288 0.002955693
0.01889515 0.003802777
0.0269489 0.004398709
0.009895372 0.004011052
0.01166089 0.004314846
0.03256401 0.004693356
0.04363204 0.004439914
0.03010177 0.00431772
0.04009129 0.004581241
0.02404034 0.004597938
0.04249227 0.00398382
0.04677223 0.003630725
0.04936612 0.003457699
0.03899436 0.003764916
0.03618721 0.003674176
0.02911469 0.003230225
0.0294582 0.003347184
0.02644343 0.00357116
0.01665646 0.002866553
0.009635222 0.002793741
0.009560458 0.003046573
0.0174219 0.002697101
0.006148735 0.002756981
0.02517846 0.002609925
0.03240167 0.003089691
0.0373331 0.002556825
0.04657153 0.002865058
0.03891371 0.002299183
0.02095251 0.002369914
0.02615713 0.002353118
0.02152794 0.002615081
0.02772421 0.002970626
0.03095568 0.003090809
0.02657317 0.003017349
0.04321723 0.003058056
0.06564061 0.002523592
0.06838858 0.003337215
0.08803842 0.002822184
0.1042791 0.00262285
0.09908338 0.002481582
0.1046098 0.002496061
0.08960876 0.002428218
0.09377702 0.002311062
0.07078164 0.002050836
0.08305596 0.002635604
0.1063073 0.002404349
0.1258461 0.002211236
0.1094287 0.001848028
0.1213552 0.002178741
0.1135943 0.002174726
0.1307065 0.002426193
0.1082099 0.002319471
0.1006401 0.002376815
0.07544171 0.001978878
0.06723402 0.002335328
0.08981195 0.002312918
0.09217613 0.002132873
0.08195199 0.001733101
0.09343419 0.001855097
0.1177481 0.001756162
0.07151691 0.001911777
0.0884611 0.001861392
0.07710699 0.001848913
0.04963263 0.002156811
0.06057995 0.001961626
0.03422816 0.001878133
0.03670157 0.001944565
0.03208744 0.001748324
0.03479337 0.001425203
0.06596161 0.001431104
0.08746461 0.001597784
0.0880371 0.001535281
0.1103263 0.001700071
0.08573719 0.001806363
0.109617 0.00153627
0.1179907 0.001339226
0.1080559 0.001370305
0.1231201 0.001702976
0.08296167 0.001723559
0.1066182 0.001944095
0.1015056 0.001919404
0.1017127 0.002081363
0.07758443 0.002123196
0.06114528 0.002242199
0.08659819 0.002010113
0.08067148 0.001958564
0.05927464 0.002157681
0.04303801 0.002182924
0.05219257 0.00203942
0.06855975 0.002065821
0.07535108 0.002261251
0.04800755 0.002674972
0.05005497 0.002707011
0.06133538 0.002843717
0.03254389 0.002774835
0.02717148 0.002627807
0.02793929 0.002772165
0.05237532 0.003082862
0.05321852 0.003408072
0.07301434 0.003689435
0.06712733 0.003097116
0.07742084 0.002775638
0.04777109 0.003059527
0.02651821 0.003401619
0.03312185 0.003500633
0.02250162 0.00304104
0.02118532 0.002840284
0.02737134 0.003113074
0.03171268 0.003458293
0.03744832 0.003673886
0.02362652 0.004358429
0.05447194 0.004187574
0.05350732 0.003504289
0.03131993 0.003814362
0.03393898 0.003725827
0.02127403 0.003682673
0.04021444 0.004264785
0.07273058 0.003627769
0.04604909 0.003917562
0.04966766 0.005122729
0.04273823 0.004762595
0.05989053 0.004480853
0.04927087 0.004442554
0.06337741 0.004436089
0.03131136 0.005093949
0.01763874 0.004869844
0.0252624 0.006210854
0.01329446 0.005465437
0.02917293 0.005400172
0.04209591 0.005442669
0.03943523 0.004677315
0.0413772 0.004826297
0.03389454 0.005208869
0.02355854 0.005699785
