probIn scale
0.07528958 0.02292488
0.07319121 0.02337563
0.05637538 0.02386408
0.05797895 0.02450804
0.0523725 0.02472523
0.04996837 0.0242065
0.07560578 0.02392365
0.05857786 0.02249242
0.02379177 0.02394591
0.01747295 0.02393579
0.02099819 0.02329754
0.005969306 0.02270626
0.00749939 0.02621763
0.01431243 0.02530343
0.01768059 0.02553797
0.01849882 0.0279492
0.0211085 0.02967819
0.01478741 0.03048088
0.02318485 0.02976702
0.02009178 0.02904599
0.02397443 0.02911284
0.01856417 0.03092444
0.01003076 0.02970297
0.01786718 0.02818211
0.01205389 0.02871681
0.01673419 0.0269231
0.01219829 0.02671336
0.01786956 0.02534171
0.01470592 0.0248428
0.01927512 0.02469185
0.02064679 0.02515673
0.01719827 0.02513188
0.01426448 0.02567886
0.009794213 0.02619565
0.01632316 0.02478628
0.03246893 0.02467434
0.04189117 0.02449871
0.0160526 0.0225101
0.02810612 0.02192526
0.01377122 0.02071909
0.009158097 0.01973879
0.01076378 0.0202423
0.02040546 0.02072947
0.007050665 0.02147322
0.01553046 0.02047085
0.004080717 0.02047665
0.01668128 0.01932319
0.02014138 0.01917727
0.01912851 0.01990093
0.02918935 0.01784203
0.0571227 0.01761267
0.03560103 0.01890005
0.03611098 0.01916005
0.02626812 0.01931378
0.04846147 0.02095218
0.04387369 0.02045148
0.04653969 0.021144
0.045409 0.02177355
0.04545536 0.02138353
0.02934194 0.02328936
0.03997565 0.02325247
0.03094601 0.02460349
0.02224826 0.02444824
0.01129874 0.02600491
0.03585913 0.02565408
0.02880444 0.02605284
0.02945882 0.026883
0.02666337 0.02653635
0.02544442 0.02526218
0.02101478 0.02871144
0.01732886 0.0281812
0.01307121 0.02975735
0.009636165 0.02823279
0.01066337 0.03083402
0.027499 0.03001664
0.02287888 0.0288419
0.01980137 0.02849225
0.03933733 0.02715661
0.01328837 0.02768951
0.006750381 0.02627392
0.009653005 0.02521138
0.002339208 0.02486297
0.008863605 0.02554241
0.00954872 0.02490199
0.01036854 0.02324036
0.0101625 0.0230922
0.01523545 0.02207641
0.02414692 0.02304632
0.03796246 0.02336355
0.0250459 0.02254777
0.03380693 0.02130021
0.01464409 0.02145675
0.008787904 0.02221901
0.009228351 0.0214232
0.01128072 0.0210381
0.004354076 0.02031255
0.009616548 0.01965383
0.01410993 0.01984162
0.01195278 0.02000759
0.01652687 0.02067991
0.02531718 0.02054745
0.02417184 0.01974343
0.01042118 0.01956749
0.009531944 0.01832486
0.01260525 0.01855441
0.00412268 0.01771281
0.01085753 0.01738629
0.01559425 0.01707887
0.03526012 0.01734015
0.03188935 0.01642084
0.01601663 0.01614024
0.02176422 0.01527509
0.01460125 0.0141523
0.01564861 0.01334315
0.01426189 0.01326777
0.03045523 0.01228956
0.04782253 0.01305142
0.04284706 0.01284105
0.05200208 0.01217129
0.03356817 0.01263437
0.03075506 0.01178614
0.02938875 0.01137612
0.03495435 0.01156957
0.0345856 0.011574
0.02585539 0.01099682
0.038528 0.01155962
0.05352028 0.01188653
0.06261232 0.01164284
0.0741247 0.01246626
0.07436364 0.01094831
0.0493857 0.01059481
0.04146052 0.01005008
0.0381204 0.008913791
0.04059685 0.009575751
0.03453277 0.009707892
0.06215122 0.00982779
0.07150527 0.009326738
0.09147779 0.009072501
0.08040017 0.009266175
0.0686278 0.009654116
0.07260418 0.00984968
0.04782753 0.009945633
0.01086094 0.009972311
0.009862652 0.009546442
0.03599478 0.009593237
0.06313047 0.009925228
0.1002533 0.01102546
0.1138055 0.01111292
0.1060034 0.01121182
0.06915837 0.01001431
0.05421876 0.01012531
0.07260246 0.01082777
0.05540566 0.009990268
0.07306163 0.01016673
0.07250509 0.009530293
0.02744504 0.009701811
0.03117696 0.009695286
0.03457179 0.01013042
0.02260997 0.009214263
0.0185922 0.009382349
0.008415181 0.008882552
0.01240498 0.009177777
0.02401459 0.00927768
0.01898367 0.009490702
0.02727899 0.009598589
0.03863959 0.009535754
0.04098402 0.009891526
0.03263167 0.01052765
0.01813183 0.0109825
0.03137264 0.01212614
0.01960188 0.01222825
0.0174187 0.01263722
0.04575597 0.01196565
0.05634717 0.01184345
0.07236379 0.0122743
0.04598133 0.01302128
0.0676274 0.01303087
0.08137757 0.0129561
0.07074371 0.0137305
0.05405925 0.01447297
0.04812017 0.01603183
0.03747494 0.01700733
0.03344695 0.01673117
0.03824819 0.01713477
0.02536668 0.01734913
0.02020954 0.01668903
0.009394478 0.0157235
0.0371178 0.01650852
0.01471099 0.01489237
0.02459584 0.01515995
0.03175556 0.01610255
0.04155841 0.01568686
0.05181381 0.01564546
0.057001 0.01592347
0.06887818 0.01593768
0.07494095 0.01515823
0.09024704 0.01506772
0.06795507 0.01424923
0.04500777 0.01482709
0.03768021 0.01442722
0.02928453 0.01400564
0.03644617 0.01406377
0.05002854 0.01452844
0.04016469 0.01460811
0.04851524 0.01464304
0.0552642 0.0147557
0.05170021 0.01433778
0.04248904 0.01436371
0.02455967 0.01462824
0.03604946 0.01452767
0.04160847 0.01337809
0.02631983 0.01268439
0.05152143 0.0131067
0.06269701 0.01281556
0.07125425 0.012909
0.04951127 0.01295397
0.03786228 0.01307134
0.02627426 0.01209976
0.02471484 0.01194617
0.02059171 0.01339713
0.01377231 0.0141292
0.01425547 0.01471449
0.0256422 0.01380727
0.01210198 0.01339001
0.01913906 0.01301315
0.02075796 0.0125626
0.02203691 0.01266644
0.01083025 0.01205209
0.02234574 0.01148503
0.03218894 0.01193694
0.03115638 0.01169128
0.05356116 0.01152132
0.0806508 0.01166063
0.06252901 0.01163137
0.05312929 0.01138709
0.05354545 0.01136017
0.04976814 0.01158752
0.07101151 0.01242173
0.05313783 0.01259487
0.04193045 0.01208383
0.02407134 0.01127947
0.04513439 0.01165217
0.05678956 0.0116386
0.04144278 0.0120241
0.04550628 0.01210085
0.0768748 0.01271767
0.09453748 0.01304568
0.04674137 0.01379706
0.05541856 0.01473599
0.03993454 0.01486123
0.03483256 0.01552352
0.04299954 0.01487917
0.04450993 0.01535742
0.0455745 0.01614314
0.06327463 0.01627744
0.05661098 0.0152027
0.06618335 0.01600845
0.064425 0.01579016
0.04227937 0.01555198
0.03971113 0.01518092
0.04597076 0.01667221
0.05862785 0.01725867
0.06545026 0.01786165
0.02888971 0.01773342
0.03678702 0.01770036
0.01789598 0.01694942
0.0171306 0.01660735
0.02018813 0.01725991
0.01890567 0.01820372
0.02066946 0.01792305
0.01873059 0.01799059
0.02676512 0.01782365
0.01731111 0.0188882
0.02630607 0.02028945
0.01177598 0.0204992
0.008036051 0.0216371
0.009818025 0.02312691
0.00958949 0.02413607
0.01398953 0.02400314
0.01376241 0.02493629
0.002998768 0.02584289
0.01195406 0.02622617
0.02925301 0.02395287
0.06856717 0.02324861
0.03200642 0.02296682
0.04784899 0.02211871
0.0307526 0.02137857
0.02717528 0.02112195
0.02273672 0.02194014
0.02233249 0.02292073
0.02558223 0.02238535
0.04447707 0.02237761
0.02745374 0.02140916
0.03116159 0.02074154
0.02622507 0.02186231
0.02863866 0.02118145
0.0339342 0.02022361
0.02222112 0.01926795
0.02723641 0.0187643
0.03678309 0.01789095
0.04423383 0.01762007
0.0323506 0.01727095
0.03946559 0.01783348
0.02846118 0.01705884
0.03205332 0.01712012
0.04874451 0.01833272
0.04212934 0.01879261
0.02480183 0.01898383
0.02430076 0.01996812
0.03816108 0.01982353
0.03474251 0.02045597
0.02242136 0.0213344
0.03026626 0.02201681
0.04758954 0.02110277
0.04692268 0.02189327
0.03958272 0.02280549
0.03042913 0.02078207
0.01038931 0.02092728
0.01341425 0.02196647
0.02039999 0.02275004
0.01866832 0.02347856
0.01085194 0.02421883
0.01910816 0.02425378
0.01442255 0.02300984
0.006987877 0.02163225
0.0256954 0.02056883
0.00957826 0.02197682
0.01399094 0.02319062
0.01422253 0.02387605
0.01485717 0.02237363
0.009508879 0.02160747
0.0235262 0.02265958
0.04029756 0.02246869
0.03484812 0.0219199
0.03331403 0.02232492
0.03519907 0.02241652
0.03217292 0.02089979
0.0273729 0.0198063
0.01524968 0.0188639
0.03699265 0.01887073
0.02085023 0.0188568
0.02044169 0.02032442
0.02864025 0.0197451
0.006786813 0.01849771
0.009157378 0.01916325
0.01086983 0.01929656
0.01175688 0.01978137
0.008853905 0.02115106
0.01583095 0.02058714
0.02842623 0.02000411
0.01407538 0.02062228
0.006309554 0.02082898
0.003921449 0.02068366
0.01920485 0.02115682
0.01286254 0.02151192
0.01540395 0.02359872
0.01591608 0.02388715
0.02318874 0.02366515
0.02304806 0.02373822
0.03291019 0.02216262
0.01183665 0.02112397
0.01034139 0.01869475
0.0176081 0.01837406
0.02099832 0.02080488
0.01561084 0.02056382
0.01864006 0.02112689
0.01112971 0.02239638
0.01579459 0.02217778
0.01647416 0.02197489
0.02778364 0.02109338
0.03643072 0.0190655
0.0395849 0.01813225
0.0298334 0.01996275
0.03456204 0.01869079
0.02156189 0.02042881
0.02888224 0.02148635
0.02159857 0.02130055
0.01056854 0.02199955
0.009686493 0.02278551
0.04279307 0.02270516
0.03654905 0.02299234
0.0221476 0.02359701
0.03293566 0.02452777
0.04455358 0.02652095
0.05929358 0.02648213
0.02892333 0.02747357
0.02867195 0.02733821
0.01774397 0.02481235
0.05569924 0.02717868
0.02240604 0.02810891
0.046737 0.02896956
0.07272431 0.02898651
0.05593546 0.02894179
0.02746561 0.02974506
0.02664038 0.02786819
0.02951776 0.02917667
0.01770143 0.02843401
0.02037875 0.02551573
0.007686479 0.02660995
0.01410993 0.02623563
0.02414587 0.02438178
0.03498286 0.02590501
0.01699431 0.02343361
0.02453181 0.02241671
0.01166053 0.02392759
0.02704006 0.023909
0.01320508 0.02663359
0.01617434 0.02677137
0.01930076 0.02732379
0.01122503 0.0273446
0.02234258 0.02690076
0.01668578 0.02469844
0.009913822 0.02490838
0.01057643 0.02386595
0.01722383 0.02531734
0.01755327 0.02482077
0.01214644 0.02514174
0.01971502 0.02523281
0.02480305 0.02322017
0.03376132 0.02304299
0.02741472 0.02253463
0.03323329 0.02354244
0.03530851 0.02326254
0.04392805 0.02288857
0.022584 0.02417932
0.01874335 0.02383183
0.01956378 0.02542012
0.02568709 0.02485689
0.02456742 0.02522706
0.02007625 0.02789814
0.01764418 0.02688356
0.0137072 0.02680878
0.01389949 0.02438639
0.01490363 0.0231964
0.03461853 0.02221531
0.02583961 0.02081033
0.04760904 0.02225679
0.0447311 0.02122045
0.06402481 0.0211168
0.05036908 0.0216965
0.03797128 0.02213727
0.05663734 0.02197064
0.04294819 0.02117247
0.04035618 0.02262353
0.02072153 0.02167962
0.04014518 0.02150408
0.03631247 0.02186059
0.03392759 0.0214042
0.01901384 0.02365112
0.02257684 0.02368311
0.01600951 0.02437181
0.02200486 0.02526266
0.01730878 0.02518075
0.01238775 0.02573685
0.007179838 0.02432268
0.01341896 0.02490382
0.02043815 0.02442792
0.01975302 0.02387882
0.02737235 0.02314961
0.05031448 0.02208684
0.04102093 0.01983603
0.02689203 0.02040157
0.0421096 0.0189954
0.03238154 0.01885909
0.03160078 0.0183247
0.02826575 0.01912773
0.03030235 0.02035164
0.01504608 0.02009496
0.02641844 0.019431
0.01936497 0.01873206
0.01029859 0.01899167
0.01727771 0.01949332
0.03293006 0.01981537
0.02343686 0.01907896
0.03748173 0.02009926
0.07933115 0.02199167
0.0361703 0.02258539
0.02648073 0.02213319
0.0282148 0.02113289
0.03015757 0.01996478
0.02553773 0.02021903
0.02718387 0.02123399
0.01268745 0.02307786
0.009003892 0.02429053
0.01230147 0.02309325
0.01032246 0.02332612
0.01167938 0.02296848
0.007330621 0.02222193
0.003659235 0.0218916
0.006385499 0.02078622
0.01775792 0.02074792
0.01932903 0.02231588
0.0113413 0.02042195
0.01394587 0.02241473
0.0218738 0.02315416
0.01591129 0.02373086
0.01946093 0.02357812
0.02830643 0.02432467
0.02653768 0.02596959
0.02192364 0.02476832
0.01917215 0.02409142
0.02083089 0.02469832
0.03008464 0.02488299
0.03412606 0.02534167
0.02750397 0.02626737
0.04654342 0.02447677
0.02722149 0.02428696
0.02147213 0.02443081
0.01278901 0.02361119
0.009574735 0.02322528
0.009931319 0.02193757
0.009398895 0.02171846
0.006222417 0.02231938
0.002386386 0.0239339
0.005366479 0.02374095
0.01638915 0.02265498
0.01981241 0.02213548
0.03315304 0.02287924
0.01967372 0.02198652
0.0191573 0.0215542
0.02220713 0.02115741
0.02785752 0.0211993
0.03160813 0.02341133
0.03084644 0.02367485
0.02689059 0.02224493
0.03489498 0.02126042
0.02084431 0.02301078
0.01944402 0.02305326
0.02176862 0.02083792
0.01146345 0.01915398
0.0295861 0.0189665
0.02816287 0.0189719
0.04411161 0.01893636
0.03441116 0.01877158
0.03177808 0.01878137
0.02700207 0.01741078
0.03730811 0.01790688
0.03097728 0.01877067
0.0226804 0.01806988
0.02273121 0.01788945
0.02070324 0.01828083
0.02098574 0.01719853
0.02404898 0.0168397
0.01541139 0.01835339
0.01795232 0.0180837
0.01837331 0.01849221
0.02165577 0.01893919
0.02909034 0.01800058
0.02954388 0.01860493
0.008154422 0.01822195
0.01837505 0.01876886
0.02791974 0.02080623
0.05025037 0.02147404
0.04611506 0.02298426
0.04171323 0.02121629
0.06368794 0.02088766
0.03331044 0.01974592
0.02512243 0.01974434
0.03624861 0.0183045
0.03881251 0.01937381
0.01978324 0.01878114
0.01271944 0.01907223
0.01793613 0.02081887
0.0164127 0.0225582
0.01530952 0.02105813
0.01967062 0.02024768
0.02174488 0.01972653
0.0167593 0.02072556
0.03826311 0.02025919
0.03072684 0.01930552
0.02738424 0.02006954
0.01687002 0.02008414
0.02331244 0.02198063
0.01212164 0.02308969
0.01081371 0.02069886
0.01692702 0.01983027
0.02619154 0.01840626
0.04907471 0.01885548
0.02721358 0.01837804
0.04035027 0.01816938
0.02066522 0.0185006
0.02479267 0.02024319
0.01139721 0.02012784
0.01415933 0.02042307
0.01297154 0.02107433
0.01615991 0.0214448
0.01450479 0.02157046
0.02344101 0.02233355
0.03064766 0.02033681
0.0275472 0.02048411
0.03667586 0.02005229
0.04140987 0.02073066
0.02834904 0.02016668
0.02535185 0.02097319
0.02539993 0.01961022
0.0184564 0.02089703
0.02308581 0.02128916
0.02535809 0.02112051
0.01529212 0.02186255
0.02365845 0.02018755
0.01048395 0.01913248
0.01502659 0.01894434
0.0219079 0.0210805
0.03404011 0.01988491
0.0550256 0.02011758
0.03021803 0.01999995
0.03861259 0.02051396
0.04566692 0.01928518
0.03492725 0.01886022
0.03105823 0.01902926
0.04619719 0.01895356
0.03022974 0.0196118
0.03111794 0.01816784
0.03715424 0.01724387
0.02776945 0.01869014
0.01819432 0.01875678
0.01955112 0.01801388
0.02379794 0.01610637
0.01823965 0.01731117
0.01292709 0.01713689
0.02417416 0.01630255
0.02051862 0.01556135
0.01580476 0.01603484
0.03100432 0.01602091
0.01908759 0.01559555
0.03282518 0.01513378
0.03137743 0.01711564
0.02478935 0.01708184
0.0167906 0.01796844
0.01164441 0.01871339
0.01594976 0.01734796
0.01133588 0.01799254
0.01796877 0.01931755
0.03635137 0.02046595
0.02381484 0.02058536
0.01793892 0.02091547
0.008554025 0.02150053
0.01416564 0.02061815
0.010218 0.01986089
0.006795319 0.01949789
0.002799779 0.02155236
0.007303675 0.02221243
0.007359572 0.02025401
0.0103514 0.02282536
0.01089433 0.02132245
0.0236234 0.02171626
0.0438269 0.02108031
0.03243202 0.02139061
0.01986797 0.02120048
0.02371228 0.02126675
0.05580456 0.01913135
0.04727 0.01781634
0.06562872 0.01705654
0.04936623 0.01721186
0.04580171 0.01683156
0.04371458 0.01832264
0.03667768 0.01720267
0.04153071 0.01733289
0.02504165 0.01752392
0.04176604 0.01651307
0.03817684 0.016024
0.01959944 0.01528138
0.01819559 0.01585353
0.01632461 0.01710739
0.01448955 0.01853141
0.008941443 0.01899153
0.02558882 0.01795279
0.006697478 0.01867264
0.02146945 0.01831749
0.01354602 0.0188699
0.04883682 0.01833287
0.03588903 0.01977603
0.04002785 0.02003544
0.03135985 0.01986329
0.02264233 0.0202801
0.03566729 0.02096634
0.02278082 0.02106972
0.02791495 0.02045219
0.02771392 0.02027955
0.05713314 0.01970109
0.0302129 0.02022179
0.02517745 0.01981319
0.02664321 0.0200093
0.02730949 0.02063686
0.03913058 0.0195432
0.05457482 0.01915411
0.05676099 0.01741701
0.02971363 0.0164838
0.02432446 0.01616812
0.0364906 0.01701062
0.05960694 0.01588992
0.05692525 0.01605863
0.03410018 0.01638168
0.03014687 0.01666448
0.02920361 0.01526428
0.04539712 0.01590154
0.02765377 0.01750567
0.01542487 0.01823461
0.02869141 0.01718053
0.03109717 0.01673454
0.03159651 0.01666103
0.02107026 0.01675883
0.02507816 0.01756583
0.02875976 0.01735957
0.03541065 0.01736425
0.02977267 0.016384
0.02838379 0.01684268
0.01862051 0.01600335
0.02272708 0.01629901
0.02998589 0.01670976
0.0249262 0.01707568
0.04663404 0.01679215
0.03688854 0.01714304
0.04418319 0.0169331
0.04369251 0.01809881
0.05296413 0.01699864
0.05897708 0.01614642
0.03527266 0.01595035
0.04527324 0.01540602
0.05570228 0.01727328
0.04359797 0.01839062
0.04970249 0.01904673
0.02475918 0.02000355
0.02654495 0.0197841
0.01884509 0.02204552
0.01014848 0.02130553
0.01965585 0.02136529
0.00990896 0.02177738
0.007385159 0.02180276
0.01699526 0.02384744
0.02521533 0.02581465
0.0359412 0.02568433
0.03777255 0.02705515
0.05085698 0.0257568
0.02399102 0.02625416
0.02152247 0.02744493
0.03969336 0.02708393
0.0328581 0.02587315
0.03201118 0.02721371
0.04379235 0.02649813
0.04878532 0.02807484
0.04030948 0.0295301
0.02989484 0.02898781
0.03157881 0.02849016
0.03137824 0.02732721
0.03076303 0.02691237
0.02458541 0.02569188
0.0284232 0.02734888
0.01881334 0.02856764
0.01640373 0.02890431
0.01056618 0.02743448
0.008459724 0.02965452
0.0158787 0.02769763
0.01637139 0.02574123
0.006519722 0.02731448
0.01002713 0.02409924
0.009819101 0.02523694
0.0134818 0.02538671
0.01971248 0.02666705
0.02455698 0.02598832
0.007665614 0.02735008
0.003432241 0.02958514
0.006282094 0.03045744
0.03224205 0.02836052
0.03270508 0.0284082
0.01707765 0.02732725
0.02151432 0.02912554
0.03280211 0.02935107
0.01651526 0.02762184
0.02751483 0.02755592
0.03695674 0.02832079
0.02309243 0.02751674
0.02149948 0.02704482
0.02093204 0.02589397
0.02315277 0.02515272
0.04019448 0.02423536
0.02506245 0.02416458
0.01432314 0.02233271
0.01698187 0.02165668
0.03603523 0.02233037
0.03440251 0.02179849
0.04176505 0.02133808
0.03254957 0.02022732
0.03722123 0.02056706
0.01666672 0.02190812
0.02260894 0.02501552
0.02388968 0.02348785
0.03246983 0.02459726
0.01581411 0.02450904
0.007330626 0.02566257
0.004964438 0.02789555
0.0070975 0.0286999
0.00557313 0.03041936
0.009337552 0.03012382
0.004135859 0.03085411
0.022465 0.02845606
0.02481257 0.02982833
0.01993092 0.03023474
0.01472884 0.02928408
0.005598859 0.02928312
0.00562093 0.02903052
0.00858446 0.03043746
0.004970952 0.03149955
0.003909403 0.0311897
0.008945353 0.03165368
0.01688834 0.03203732
0.03012014 0.0347205
0.02874942 0.03543323
0.01927976 0.03279148
0.02209865 0.03391828
0.02012417 0.03621162
0.02805614 0.03358485
0.0175403 0.03507681
0.02547264 0.03512266
0.01799101 0.0365543
0.01645622 0.03795387
0.01821474 0.03519018
0.0155306 0.03499883
0.009838407 0.03759729
0.01495701 0.03406239
0.02143217 0.03587342
0.01283826 0.03421087
0.01037005 0.03467754
0.00427521 0.03489905
0.003834053 0.03209588
0.003474521 0.03189869
0.0132686 0.03308249
0.02225798 0.0342902
0.02756488 0.03403365
0.02172866 0.03423847
0.01697482 0.03407148
0.02174078 0.03416157
0.01994352 0.03800169
0.01053393 0.04019904
0.008092232 0.03748822
0.00739301 0.03709046
0.01959761 0.03880684
0.02192495 0.03716259
0.01338285 0.03835976
0.01136951 0.03752719
0.02261918 0.03461424
0.0360322 0.03524959
0.01633146 0.03715784
0.02140574 0.03717416
0.02579127 0.03749746
0.01563058 0.03630966
0.02789892 0.04015345
0.02134061 0.04036131
0.007123643 0.04254993
0.002988943 0.04494175
0.01043744 0.0432114
0.02544639 0.04191424
0.02810299 0.0421751
0.01301981 0.04059884
0.007855819 0.04293531
0.02047401 0.04476485
0.0229568 0.04503822
0.0276087 0.04553483
0.01229228 0.04418159
0.01127176 0.04573949
0.01372094 0.0454375
0.01175888 0.04247091
0.003918766 0.039774
0.00859098 0.04178045
0.001299445 0.04126233
0.01002882 0.03709167
0.008430819 0.03654506
0.01038863 0.03342526
0.0007619264 0.03457435
0.004581745 0.03326369
0.002186768 0.03222249
0.006342048 0.03095524
0.01668246 0.03191651
0.01135735 0.03250762
0.00641011 0.03521386
0.001496293 0.03531415
0.0004334718 0.03579963
0.01238067 0.03443691
0.01449389 0.03270418
0.01955528 0.03241033
0.01483352 0.03046405
0.02023518 0.03366365
0.01184262 0.03276987
0.01292675 0.02808385
0.003816353 0.02643153
0.01155558 0.02525924
0.02419003 0.02525539
0.01280971 0.02553664
0.01090504 0.0266752
0.009314462 0.02611745
0.007566883 0.02702634
0.01578042 0.02663352
0.009061928 0.02775147
0.007554175 0.02909915
0.00422004 0.02929437
0.003149923 0.02849411
0.00465951 0.02893393
0.0121784 0.03008958
0.01398185 0.02967249
0.01054809 0.02922111
0.01577363 0.02775483
0.01513895 0.02663048
0.02741746 0.02508671
0.01624746 0.02447713
0.006455324 0.02433043
0.01199347 0.0251082
0.01245336 0.02278809
0.01755854 0.02200265
0.01648823 0.02023294
0.02169873 0.01889226
0.02510407 0.02005151
0.02484839 0.0204843
0.01781279 0.0219255
0.01866596 0.02094114
0.02579212 0.02120873
0.02954343 0.02022131
0.03283186 0.02078267
0.01591793 0.01910775
0.02046681 0.01899386
0.03225297 0.01935224
0.02242096 0.01880499
0.01517402 0.01905662
0.004497808 0.01784613
0.008799631 0.01715197
0.01122011 0.01823828
0.005932345 0.018119
0.01234563 0.01785518
0.01326007 0.01730789
0.02201484 0.01603933
0.02031841 0.01630474
0.02779262 0.014471
0.03376054 0.01556228
0.04763267 0.01539936
0.04990975 0.01451071
0.03164407 0.01447541
0.04682696 0.01403116
0.03779855 0.0140022
0.04522735 0.01409512
0.06381425 0.01415915
0.03151645 0.01362506
0.04607613 0.01342357
0.0568415 0.01453504
0.06362499 0.01457414
0.07990195 0.01383418
0.05690692 0.01361138
0.05937841 0.01375228
0.04622541 0.01406539
0.03455444 0.01349854
0.02982961 0.01355509
0.0241153 0.0139171
0.02668111 0.01345805
0.03490222 0.01230029
0.0648758 0.01280515
0.05354334 0.01340299
0.06538389 0.01409801
0.06768121 0.01451762
0.06106357 0.01401335
0.05616606 0.01480253
0.02412107 0.01540953
0.03903918 0.01582723
0.02412939 0.01548764
0.0394751 0.01482015
0.02333613 0.01396761
0.0457606 0.01508554
0.05161697 0.01523319
0.05965653 0.01361677
0.05680606 0.01288113
0.04777518 0.01222175
0.03846134 0.01214255
0.02682729 0.01147377
0.04069702 0.01104782
0.04135798 0.01114383
0.05982897 0.01134886
0.04227394 0.0103909
0.0353611 0.01121444
0.04843834 0.01111341
0.06226165 0.0111944
0.06482026 0.01137406
0.07741356 0.01017258
0.09325532 0.009861658
0.0745371 0.009932244
0.02710754 0.01027405
0.04807129 0.01009398
0.03438692 0.01006248
0.03760882 0.01029959
0.05746337 0.01012371
0.07231997 0.009944128
0.05588318 0.009975448
0.06128293 0.009876819
0.06237524 0.009375203
0.0744903 0.009359732
0.05383899 0.0095377
0.04633027 0.009775172
0.02276846 0.00986464
0.01195304 0.009537134
0.02407504 0.01018824
0.0378017 0.01068827
0.02635571 0.01042687
0.01115462 0.009772834
0.00976627 0.01008433
0.01931513 0.01101991
0.01899003 0.01179173
0.02488103 0.01238448
0.03299818 0.01191416
0.0371444 0.01245918
0.03317478 0.01303097
0.01815882 0.0124502
0.01560048 0.0127139
0.01761083 0.01288119
0.03260647 0.01262364
0.01967037 0.012133
0.0102776 0.01197613
0.02458937 0.01298845
0.03420698 0.0126573
0.04315582 0.01334689
0.03989825 0.01302807
0.04486171 0.0130074
0.03120928 0.01203541
0.02249959 0.01109538
0.01796299 0.01005138
0.01617425 0.009526527
0.02679289 0.009659728
0.01623314 0.009890738
0.03505418 0.01054613
0.01557024 0.009823628
0.02904878 0.01040558
0.0122951 0.01094445
0.007369515 0.01057424
0.01069848 0.01090861
0.03183082 0.0105482
0.04697365 0.01101046
0.03060863 0.01218056
0.02195744 0.01196031
0.017086 0.01226849
0.0113861 0.01286051
0.01294911 0.01263254
0.01590013 0.01255175
0.02881064 0.01250533
0.02092926 0.01244385
0.02467073 0.01290154
0.04709374 0.01317705
0.04949575 0.01320323
0.04486816 0.01416248
0.04659872 0.01429194
0.04293102 0.01439868
0.05116194 0.01462447
0.04286682 0.01407812
0.04843519 0.01439338
0.04404772 0.01457719
0.03965074 0.01436992
0.03404056 0.01517286
0.06438101 0.01669116
0.05341129 0.01667062
0.04175539 0.01620335
0.03642544 0.01627413
0.04996651 0.01716009
0.05323905 0.01658411
0.03115352 0.01741271
0.04559003 0.01671154
0.03129058 0.0171011
0.0420721 0.01671468
0.03339844 0.01641977
0.03374642 0.01771166
0.01679299 0.01806892
0.02362345 0.01817878
0.0203879 0.018567
0.03999789 0.01794456
0.03976615 0.01827485
0.03800848 0.01678425
0.04135793 0.0169192
0.03688978 0.01653419
0.03386567 0.01733573
0.04383384 0.01728417
0.02439768 0.01678094
0.02742327 0.01500763
0.05053352 0.01554377
0.06250251 0.01616315
0.05125925 0.01706052
0.03006155 0.01746817
0.03052026 0.01801608
0.02019028 0.01917427
0.02306607 0.01790453
0.01412906 0.01964248
0.02071252 0.01979663
0.01834259 0.0196538
0.01517497 0.02189759
0.01463874 0.01968955
0.01805207 0.02037715
0.01782988 0.01855207
0.01811657 0.01818468
0.04786881 0.01948698
0.03428336 0.01970916
0.03167866 0.02008767
0.00760926 0.01925378
0.01590489 0.01952346
0.01092529 0.01847356
0.01336144 0.01751955
0.01904342 0.01674759
0.03546491 0.01600946
0.01985289 0.01657457
0.0295671 0.01779163
0.0376813 0.01891145
0.03890014 0.02009332
0.04743113 0.02028384
0.05260608 0.02184239
0.04104629 0.02208628
0.03570533 0.02406998
0.03382875 0.02270639
0.05291068 0.02344533
0.05044998 0.02516916
0.04102099 0.02408873
0.03887501 0.02367378
0.02269462 0.02383973
0.02015475 0.02396367
0.02487982 0.02557465
0.03220193 0.02594934
0.01796281 0.02595842
0.01986692 0.0263411
0.02503238 0.02555884
0.03451055 0.02756455
0.03349433 0.02885586
0.01925598 0.02861965
0.01793142 0.02797762
0.02556049 0.02826566
0.02505739 0.02746229
0.02252824 0.02776951
0.02790852 0.02715362
0.02253013 0.02618651
0.02171458 0.02775498
0.02351318 0.02531213
0.02141159 0.0260816
0.008384273 0.02643351
0.01321922 0.02822466
0.01856307 0.03098636
0.007234314 0.03080431
0.01194058 0.02970097
0.01181048 0.03005726
0.01006809 0.0291569
0.008306516 0.0296189
0.006798881 0.03073478
0.006821897 0.02974534
0.0116032 0.02693642
0.02094459 0.02590015
0.02722267 0.026828
0.0150769 0.02810028
0.02845603 0.02799465
0.02634084 0.03027589
0.02726627 0.02824597
0.009808013 0.02419326
0.02137847 0.02457226
0.0275475 0.02195017
0.03013056 0.02188735
0.03220747 0.02065133
0.02759952 0.02239381
0.01756349 0.02226201
0.01822828 0.02357009
0.01305835 0.02342079
0.01020538 0.02313677
0.01928916 0.02238743
0.01006747 0.02280844
0.01436914 0.02312829
0.01701874 0.0229917
0.02619237 0.02481362
0.01776004 0.02542258
0.01669562 0.02700892
0.01991137 0.02756773
0.02750552 0.02774002
0.02516034 0.02998208
0.03993154 0.02996971
0.06364814 0.03104795
0.04798207 0.03287462
0.06678064 0.03362688
0.05267099 0.03183974
0.0318771 0.03361789
0.02487739 0.03551377
0.02168037 0.03722412
0.0174765 0.03795784
0.02643393 0.03927441
0.0224055 0.04040012
0.01242718 0.04091533
0.008784186 0.04117665
0.0186099 0.04147985
0.01206653 0.04402579
0.01278813 0.04475834
0.01844424 0.04852267
0.01517217 0.05259522
0.006345565 0.05114291
0.005116037 0.0500614
0.006149828 0.05162334
0.0161608 0.04606695
0.01356993 0.04610573
0.02123473 0.04580859
0.02494938 0.04827058
0.04163635 0.04946821
0.03131169 0.04942936
0.01241937 0.0494342
0.004786954 0.05038058
0.00566487 0.05295377
0.01192962 0.05115498
0.005328123 0.05080668
0.01006972 0.0511248
0.006283701 0.05293155
0.003367232 0.05509761
0.006612559 0.05653553
0.007219021 0.05890034
0.008472577 0.05943372
0.01634734 0.06270309
0.01301618 0.05581543
0.01915027 0.0549699
0.01720729 0.04950232
0.02035428 0.04585574
0.01698631 0.04642565
0.01102086 0.04693135
0.004990145 0.04969658
0.005169257 0.05573068
0.008899081 0.05557611
0.005256364 0.05243794
0.003163723 0.05081558
0.009031706 0.05119699
0.006705955 0.04618074
0.009055645 0.04449661
0.01886676 0.04492516
0.01319577 0.04657498
0.01554191 0.04687816
0.0154838 0.04689053
0.02592123 0.0484447
0.01417555 0.05103296
0.02147905 0.05198875
0.01101575 0.0521862
0.007623524 0.05661253
0.01190763 0.05984933
0.01079554 0.06151203
0.01101743 0.06468885
0.009717029 0.0682913
0.008541867 0.06343658
0.01371571 0.06262367
0.01533957 0.06623958
0.007063136 0.0631729
0.003877755 0.06149121
0.007113036 0.06332601
0.008268966 0.06284417
0.0140796 0.06216641
0.02176438 0.06247434
0.01597751 0.06343331
0.02033299 0.06344787
0.02484322 0.06178351
0.03050964 0.06159343
0.01583532 0.05927207
0.003533273 0.05613742
0.003030932 0.05559162
0.007499243 0.05772591
0.009922081 0.05649242
0.01286961 0.05910815
0.01112747 0.05786345
0.004054382 0.05724375
0.008236978 0.05761226
0.02816546 0.06092088
0.02139063 0.06132692
0.01615661 0.06136241
0.01274748 0.06738092
0.009730382 0.06283124
0.009003952 0.06419154
0.01790861 0.06124135
0.01214715 0.06403042
0.003698986 0.06872324
0.007621469 0.07263551
0.01811005 0.07320082
0.009029613 0.07416562
0.0117213 0.07795896
0.01167333 0.08196728
0.007776947 0.07892004
0.005957723 0.08047836
0.003400723 0.08242275
0.006260607 0.08270737
0.01481485 0.08270714
0.008592551 0.0878808
0.005354577 0.08918393
0.008496032 0.09570474
0.01488546 0.1001744
0.007548177 0.0972061
0.005805668 0.1014224
0.003698624 0.09587345
0.01348316 0.09880617
0.005191211 0.09539679
0.007216819 0.09984474
0.0112678 0.1055555
0.006254103 0.09862328
0.002147801 0.09696126
0.005207319 0.0943861
0.01290015 0.09713859
0.0129201 0.1036476
0.01100616 0.1083923
0.008180842 0.1167259
0.003667581 0.125877
0.007084877 0.1241893
0.00609739 0.1216849
0.009094903 0.1318157
0.003525288 0.1345404
0.001530758 0.1399979
0.001480098 0.1338344
0.002704863 0.1427349
0.002813321 0.1356634
0.003396993 0.1255996
0.01063642 0.1293677
0.01703608 0.1346724
0.01556079 0.1336169
0.003168241 0.1321515
0.005593502 0.1323431
0.004633456 0.1356516
0.003023433 0.1367302
0.00770687 0.1447273
0.004107556 0.1395791
0.004203647 0.1413341
0.007618674 0.1457081
0.002215092 0.1512811
0.007106113 0.1581344
0.008977838 0.1444454
0.006229498 0.1351227
0.006215505 0.1433311
0.001809825 0.1470954
0.001650805 0.142429
0.006729506 0.1380361
0.004183999 0.1431269
0.008668504 0.1380713
0.007856877 0.1435978
0.002961944 0.1404037
0.003443065 0.1425895
0.0035193 0.1458048
0.003487452 0.1553403
0.0003107326 0.1574263
0.006083362 0.1529579
0.002814022 0.1640977
0.002757261 0.1612215
0.00237 0.1688609
0.005324334 0.1665286
0.006310518 0.1685644
0.004772312 0.1719151
0.01609963 0.163305
0.002596848 0.155143
0.01376218 0.1438223
0.01067435 0.1464999
0.002104921 0.145833
0.003381299 0.1505713
0.00774356 0.1433717
0.00170364 0.1527693
0.002902843 0.140656
0.002289943 0.137229
0.002399753 0.1389118
0.005551666 0.1490182
0.01001595 0.1379172
0.005065284 0.1490148
0.001437823 0.1476685
0.001277906 0.1373625
0.005410853 0.1364132
0.004133019 0.1383468
0.006935961 0.1445838
0.0119126 0.1394735
0.01062092 0.1438524
0.00482555 0.1378758
0.009043351 0.1351075
0.003070052 0.1424677
0.0154234 0.1588581
0.01256236 0.1665927
0.004680042 0.1532972
0.003133984 0.1417621
0.003210323 0.1459257
0.00319833 0.148625
0.006093609 0.1499393
0.004701882 0.1517315
0.006029519 0.1596451
0.00324646 0.1590724
0.003183299 0.1613288
0.008328357 0.1744218
0.0105434 0.1774537
0.01043867 0.1836747
0.003688085 0.1793227
0.01031203 0.1791307
0.003231854 0.1745883
0.004390463 0.1879468
0.005487034 0.1829937
0.005512695 0.1843263
0.003936301 0.1904572
0.004191032 0.1748122
0.004792593 0.1691513
0.006609909 0.1711992
0.004201765 0.1692976
0.008698985 0.1584737
0.003321359 0.158204
0.004137691 0.1522886
0.004336901 0.1475434
0.002141674 0.1607262
0.004108343 0.1582992
0.001716686 0.1561667
0.005170897 0.1574088
0.004195025 0.148765
0.005871878 0.1400429
0.004352341 0.142428
0.006167514 0.1398476
0.01003686 0.1427568
0.009408967 0.1433659
0.007837969 0.1336022
0.01669071 0.1317118
0.004034447 0.1311273
0.01151197 0.1250862
0.00903998 0.1207932
0.005597738 0.1149245
0.009676382 0.1085654
0.007855751 0.1067281
0.01045043 0.1121311
0.01494151 0.1055219
0.008258831 0.112973
0.00492478 0.1183448
0.001038755 0.1140814
0.005901953 0.1161091
0.003693193 0.1138052
0.006958088 0.1144796
0.01049738 0.1169546
0.005854466 0.1234888
0.01092864 0.1246616
0.01305234 0.1212857
0.003210599 0.1178613
0.006416079 0.113388
0.001604109 0.109279
0.003477193 0.110331
0.00129233 0.106864
0.001214223 0.1050501
0.002880494 0.1069584
0.0008734907 0.1062066
0.002488284 0.112264
0.00897725 0.1059832
0.001394507 0.1033239
0.009951016 0.1169066
0.01181841 0.1064982
0.004181113 0.1016195
0.005272781 0.1011192
0.004134874 0.0992332
0.004897058 0.09449922
0.009925787 0.08547313
0.002879685 0.08269906
0.007704103 0.08944645
0.01285428 0.0908516
0.005532691 0.0969108
0.009212123 0.09396164
0.003391277 0.09167046
0.003599028 0.08652746
0.008284445 0.0838269
0.005454047 0.08257964
0.008663316 0.08130375
0.007386504 0.07866204
0.008654804 0.07340115
0.005957175 0.07069229
0.013953 0.06896142
0.004508767 0.0688875
0.00219683 0.06928099
0.009987735 0.06847585
0.006490656 0.07083574
0.002785064 0.06863962
0.006146657 0.06639512
0.01386939 0.05994224
0.0129586 0.05623176
0.006769078 0.05389802
0.006723654 0.05082433
0.009327362 0.05305526
0.02861058 0.05551608
0.02224234 0.05698451
0.00742583 0.05331692
0.007894738 0.05395325
0.00440488 0.05638676
0.009363051 0.05488894
0.0135092 0.05415439
0.02718543 0.05607433
0.01014054 0.05437436
0.001850793 0.05431766
0.003542262 0.05173727
0.008586103 0.05424019
0.004821405 0.05597635
0.003957661 0.05772017
0.001230705 0.05962704
0.006030293 0.06073507
0.0164633 0.05873516
0.004213472 0.06106667
0.01032781 0.06196401
0.02040862 0.06440478
0.0382496 0.06320996
0.02582013 0.06284836
0.01351537 0.0660887
0.007772648 0.05969421
0.006928814 0.05884169
0.02271524 0.05872067
0.002469127 0.05228846
0.007716128 0.05836584
0.002892429 0.05430438
0.0007005151 0.05488484
0.0125586 0.05437516
0.00839397 0.0548991
0.008122253 0.05216779
0.01149024 0.05238635
0.01622685 0.05415439
0.0148235 0.05591536
0.02990361 0.05819189
0.009348102 0.05625331
0.01758537 0.05292181
0.01153003 0.05288264
0.02511351 0.05112536
0.01249207 0.04993288
0.01913971 0.04856267
0.02591798 0.05333154
0.009810026 0.05313623
0.01124288 0.05346989
0.01360331 0.05696908
0.01684026 0.05649516
0.006693908 0.05391816
0.003260282 0.05625791
0.01913107 0.05418879
0.01495528 0.05346273
0.01432143 0.05413371
0.01593997 0.05680157
0.004748221 0.05717829
0.01520638 0.05525289
0.01999882 0.05766735
0.01223574 0.05902861
0.008591586 0.05877077
0.005922582 0.06086634
0.007644251 0.06316707
0.01143081 0.06502473
0.008066897 0.0615752
0.01433309 0.0569762
0.01468823 0.05492892
0.013894 0.05507918
0.01033763 0.05868566
0.02700604 0.05769801
0.009444979 0.05828915
0.008322153 0.06073919
0.01288134 0.05866572
0.007015047 0.05823575
0.01042196 0.05524787
0.01032665 0.05250934
0.01316372 0.05132113
0.002746119 0.04972074
0.005109963 0.05320411
0.01088476 0.0534138
0.01271434 0.05211012
0.01082477 0.04909224
0.01115496 0.04919407
0.005462223 0.04999042
0.007060377 0.05242829
0.001948844 0.0501483
0.0009795832 0.05276416
0.01454687 0.05398874
0.01258117 0.05342653
0.00773874 0.05656361
0.01752116 0.05463325
0.01203772 0.05173506
0.007220831 0.05390506
0.01829385 0.05742542
0.02086501 0.05673079
0.03034029 0.06126686
0.001883863 0.06469168
0.0008985031 0.06018716
0.00536485 0.05782942
0.01308699 0.05895389
0.0149627 0.05496675
0.007782267 0.0555999
0.003258113 0.05672024
0.005654262 0.05703192
0.01500025 0.05792196
0.01480323 0.05555384
0.01967659 0.05576994
0.004352498 0.05485241
0.004721652 0.05927199
0.006138657 0.05770209
0.001284868 0.05760916
0.0108953 0.06046312
0.0138293 0.06692099
0.002772792 0.06600526
0.004862272 0.06360753
0.006314207 0.06097637
0.01389886 0.06746226
0.02343911 0.07161019
0.01403046 0.07846478
0.006036951 0.07804977
0.006715525 0.07097373
0.013724 0.06990702
0.01037275 0.06803309
0.007470592 0.06360209
0.006636731 0.06519812
0.002017595 0.06294931
0.003494792 0.06126254
0.0129073 0.06043176
0.01423353 0.06289566
0.01904291 0.06274697
0.0253997 0.06175913
0.01342653 0.06386259
0.02285608 0.06263661
0.02552386 0.07008676
0.01941652 0.06976554
0.005146929 0.06113746
0.004261123 0.05759591
0.004904671 0.06282372
0.01235534 0.0628689
0.007573868 0.06719234
0.01115763 0.0706707
0.006389077 0.07159252
0.005391942 0.07076444
0.004713235 0.06562141
0.009358406 0.05953969
0.0221165 0.0571762
0.01985296 0.06071863
0.005162531 0.06106564
0.01845587 0.06135144
0.02127227 0.062241
0.01999547 0.05986366
0.02249563 0.05877603
0.01512954 0.06191101
0.0138881 0.06320264
0.01189046 0.0662313
0.01649395 0.06565551
0.0229324 0.06440154
0.01317976 0.06824958
0.008480528 0.06894513
0.01361683 0.06389609
0.01137544 0.06184142
0.004501241 0.06428384
0.00513469 0.06612189
0.007058716 0.0600596
0.005734766 0.06307028
0.003410078 0.06041304
0.005906597 0.06216686
0.005745306 0.05950273
0.001872859 0.06085455
0.0134099 0.06696415
0.01367169 0.06960372
0.003065165 0.0678486
0.01074263 0.07472555
0.005406962 0.07753023
0.008748557 0.08075318
0.01154931 0.07664943
0.006870252 0.07654803
0.005835361 0.07070953
0.009822736 0.067299
0.009388311 0.06755092
0.01534411 0.06801401
0.02027275 0.06274245
0.01699012 0.06075249
0.0168419 0.05615301
0.01190576 0.05541111
0.01157453 0.05474571
0.01347752 0.06080993
0.01348845 0.06319468
0.003718795 0.06334562
0.02360714 0.06435768
0.01366531 0.06599489
0.0144781 0.07227112
0.01095546 0.07584071
0.01023931 0.07883998
0.01423147 0.07448647
0.008613895 0.07796126
0.007965869 0.07706184
0.01965252 0.07934895
0.01060001 0.07950861
0.006726855 0.07648092
0.01368753 0.07063477
0.01878812 0.07216378
0.006150862 0.07046654
0.003501396 0.06658307
0.00793327 0.07051922
0.009880541 0.06798508
0.007113086 0.06609986
0.01818809 0.06620875
0.01589808 0.06098218
0.01276939 0.0608859
0.01219855 0.0615575
0.0122849 0.0567134
0.009092582 0.04999042
0.01035376 0.05063926
0.01038874 0.05244464
0.008390554 0.05530382
0.01569701 0.05431618
0.006428687 0.05424548
0.004242836 0.05344232
0.003384239 0.05156063
0.003064091 0.04943509
0.00922367 0.04758997
0.01962939 0.05013659
0.01675922 0.05055423
0.01581576 0.04749031
0.01721196 0.04729798
0.008693803 0.0464275
0.002982978 0.04635238
0.00503704 0.04576355
0.002918106 0.04342618
0.007482213 0.04261339
0.004870894 0.04418311
0.008437015 0.04609983
0.01114143 0.05547653
0.01999466 0.0581569
0.02314965 0.05743237
0.01897224 0.05445497
0.007734273 0.05441205
0.00861299 0.05182984
0.005990516 0.04825564
0.002715798 0.05218515
0.008862952 0.05413328
0.003329902 0.05455315
0.003273942 0.054211
0.01157407 0.05133169
0.005247763 0.05075624
0.007409387 0.05622711
0.008665228 0.05744923
0.004774156 0.05652203
0.007120997 0.05064922
0.01444477 0.04929747
0.01440964 0.04499822
0.01344894 0.04509031
0.01041325 0.04193579
0.01867725 0.04412659
0.01127047 0.04354092
0.01484049 0.04526313
0.01577413 0.04206953
0.005943772 0.04008851
0.009018437 0.04222102
0.004580535 0.04091018
0.01719839 0.04069221
0.01634512 0.0416405
0.01346829 0.04273678
0.01559034 0.039326
0.01103711 0.03995004
0.006049545 0.04213102
0.007537806 0.04012698
0.005884206 0.03932431
0.009003011 0.04150979
0.009308814 0.0435167
0.01044754 0.04171942
0.02743058 0.04336201
0.02495392 0.03881758
0.01181158 0.03789713
0.01224116 0.03957944
0.008218061 0.03679411
0.007726172 0.03408262
0.006751674 0.03304873
0.01348908 0.03152042
0.008355522 0.03455346
0.009267865 0.03745263
0.006558462 0.03451208
0.01530927 0.03766406
0.03533454 0.03567717
0.03448916 0.03414742
0.02233013 0.03289258
0.01754049 0.03433021
0.004929531 0.03424137
0.01527274 0.03514487
0.02691527 0.03495537
0.02231751 0.03488587
0.005648746 0.03047307
0.01479585 0.03113769
0.004942989 0.0294465
0.003552476 0.03036737
0.005986324 0.03171107
0.00301454 0.03318705
0.003512498 0.03353909
0.0125313 0.03328789
0.01082211 0.03385755
0.01005885 0.03427902
0.02499617 0.03524697
0.01864774 0.03739193
0.01915737 0.03776435
0.01490769 0.03752081
0.007534842 0.03731959
0.00896515 0.03714006
0.02689557 0.03607295
0.01244736 0.0376366
0.01173126 0.03663051
0.02438871 0.03724544
0.01049898 0.03577853
0.00925551 0.03751651
0.02078414 0.03660322
0.02632985 0.0360837
0.03104486 0.03536578
0.03517299 0.03499558
0.02488088 0.03455676
0.03547948 0.03270354
0.03372985 0.03085614
0.01479738 0.02897672
0.02090988 0.02929736
0.0135581 0.02900796
0.01209632 0.02905904
0.01694715 0.02852138
0.01606748 0.02772417
0.003853631 0.02931717
0.009245489 0.02905282
0.005707366 0.0278482
0.006071204 0.02824864
0.008766386 0.02816784
0.01667152 0.02606632
0.01179401 0.02514255
0.01981532 0.02537252
0.02212976 0.02541894
0.03487049 0.02495423
0.022116 0.02390751
0.01926535 0.02259983
0.0226677 0.02165451
0.016305 0.02082778
0.01445926 0.02016642
0.0269148 0.02052604
0.03487444 0.02197649
0.02548486 0.02030415
0.02536403 0.02121957
0.01549174 0.02124026
0.01182913 0.0207563
0.01155949 0.02033577
0.002673114 0.01971743
0.005129876 0.02137277
0.01220918 0.02180508
0.02033027 0.02087743
0.01816418 0.02075939
0.02695903 0.01957323
0.03955212 0.01853776
0.04636041 0.01918018
0.06022219 0.02033904
0.05004086 0.01953404
0.07611931 0.01949429
0.07598008 0.02139943
0.06103773 0.02307853
0.06931785 0.02419175
0.04529558 0.02454934
0.04209676 0.0244327
0.04951028 0.02562524
0.04993501 0.02543198
0.0336097 0.02688651
0.03443834 0.02690783
0.04010761 0.02677927
0.02547961 0.02803967
0.03960098 0.02779351
0.03538413 0.02684177
0.0316682 0.02790745
0.02689597 0.02901894
0.04349231 0.02709347
0.01398144 0.02919419
0.01335324 0.03126798
0.005181845 0.03094233
0.01023667 0.03150304
0.02410985 0.03157708
0.02567368 0.03038058
0.03412174 0.03153359
0.03523191 0.03121315
0.03189503 0.02910776
0.02085174 0.03070144
0.01242355 0.03255704
0.00859935 0.03485745
0.01094027 0.03562234
0.02131326 0.03424124
0.02747699 0.03400334
0.03855122 0.03132895
0.01225476 0.03262732
0.01986811 0.03331035
0.01392183 0.0303814
0.01315314 0.0319405
0.02448976 0.03104308
0.01817556 0.03039307
0.003899267 0.0307419
0.00816994 0.03220438
0.01581619 0.03174482
0.007049213 0.03339253
0.01701554 0.03469284
0.01526471 0.03388914
0.01024762 0.03257082
0.01752462 0.03203771
0.02088928 0.032413
0.02728663 0.03317441
0.02379213 0.03178188
0.009243605 0.03306714
0.02092536 0.02950569
0.005847624 0.02924966
0.01570638 0.02955983
0.00927093 0.02564551
0.01229582 0.02701859
0.01754597 0.02624168
0.02005036 0.02657864
0.02249726 0.02838822
0.01645876 0.03000786
0.02472286 0.03195508
0.03229266 0.03246252
0.0354615 0.03432845
0.04313514 0.03352411
0.03076661 0.03404232
0.04543762 0.03322195
0.04192707 0.03340202
0.0468315 0.03219423
0.03630737 0.03184156
0.02492179 0.03379783
0.029968 0.03524455
0.02669175 0.03170066
0.02379298 0.03035098
0.03285786 0.03009896
0.0258415 0.02668003
0.02372483 0.02618835
0.01767081 0.02674606
0.01529041 0.02783714
0.002955071 0.02957278
0.009543367 0.03079756
0.02316266 0.0315506
0.015241 0.02922757
0.01952728 0.03054395
0.01594972 0.03037115
0.02989154 0.02971458
0.03315521 0.02889346
0.0282877 0.02874648
0.03164572 0.02900312
0.01619694 0.02773439
0.0142991 0.02727037
0.02204455 0.02881452
0.03429369 0.03063181
0.03922048 0.02911163
0.03579468 0.03061454
0.03347016 0.03163945
0.02333313 0.03060164
0.02944258 0.03028423
0.02315838 0.03128393
0.01138461 0.03019647
0.005114791 0.03180113
0.007525771 0.03366672
0.008860564 0.03311519
0.008289832 0.03612021
0.01060257 0.03560467
0.01246347 0.03651879
0.004766183 0.03762501
0.0002135173 0.03626448
0.004219755 0.04186471
0.004283065 0.04138534
0.007520935 0.04018214
0.006384672 0.03800698
0.003655068 0.03761017
0.01080985 0.03501334
0.01168753 0.03663934
0.008312178 0.03709404
0.01444448 0.0384516
0.009285475 0.03834524
0.01175876 0.03964549
0.006449237 0.03982375
0.01576499 0.04021932
0.005701273 0.04301638
0.009956382 0.04087964
0.01536364 0.04310982
0.0192746 0.05005235
0.008796194 0.05163061
0.01788807 0.05114087
0.01605712 0.05337126
0.01906578 0.05629766
0.01196901 0.05427729
0.02229609 0.05518348
0.009308705 0.05277373
0.007826305 0.05836855
0.01403441 0.05563278
0.004261954 0.05562268
0.006922682 0.05060751
0.0163936 0.05153833
0.02531641 0.0520427
0.02435832 0.05071736
0.01831969 0.05024624
0.007731276 0.04909916
0.01431763 0.04682132
0.01546059 0.04494244
0.01299794 0.04474617
0.01426248 0.04168052
0.0188647 0.03841883
0.02458048 0.036072
0.02811226 0.03515974
0.01709799 0.03406767
0.01560248 0.0330447
0.01046311 0.03241095
0.00209163 0.03038675
0.00639018 0.03031112
0.002106961 0.03247052
0.007428173 0.0309017
0.02056776 0.03031527
0.02144942 0.03126353
0.01671635 0.03225452
0.007622413 0.03160143
0.007672811 0.0294844
0.00871595 0.02756462
0.02428418 0.02754708
0.03401582 0.02808579
0.02576704 0.0276782
0.02901816 0.02806167
0.01594015 0.02817081
0.01725411 0.02977469
0.01228639 0.03167039
0.01476337 0.0312217
0.008947794 0.03256915
0.01762237 0.03262777
0.004783703 0.03015493
0.01010551 0.03060719
0.004273099 0.0322365
0.03351589 0.03432597
0.04340426 0.03225546
0.03677937 0.03173149
0.04722948 0.03127661
0.0358621 0.03241572
0.03488839 0.03197787
0.034618 0.03333238
0.01813282 0.03325952
0.03452307 0.03304276
0.02385236 0.03629212
0.03035238 0.0372611
0.02805884 0.03603176
0.01201043 0.03425187
0.02442535 0.0353801
0.03048773 0.0321885
0.01900547 0.03313531
0.0215658 0.03318035
0.01272634 0.03277066
0.02318151 0.03208538
0.01665203 0.0313649
0.02846667 0.03142748
0.02212328 0.03216471
0.01224024 0.03006169
0.02602373 0.03089447
0.02245655 0.03346589
0.02188998 0.03315858
0.02386046 0.03199271
0.01178957 0.0324898
0.0313136 0.03606468
0.01674679 0.03443286
0.04525551 0.03476393
0.02706014 0.03118693
0.03533213 0.02885316
0.02204489 0.02869728
0.01375957 0.03087624
0.01198575 0.02951536
0.008048729 0.02804128
0.006480557 0.02933524
0.0253722 0.02996645
0.01491955 0.03062532
0.01331942 0.03279885
0.01205124 0.03485071
0.02426088 0.03653778
0.0085573 0.03368901
0.01533781 0.03481992
0.03777134 0.03300442
0.01813508 0.03414297
0.01640602 0.03089465
0.03740969 0.02894705
0.03730421 0.02558387
0.01896227 0.02521089
0.01992383 0.02715639
0.007567907 0.02708124
0.01068024 0.02759757
0.01086542 0.02786796
0.02129105 0.02812528
0.04794168 0.02826383
0.05276974 0.0284519
0.06389616 0.03061872
0.04386584 0.03069921
0.04173082 0.03201811
0.05076669 0.03227653
0.04378362 0.033118
0.04080261 0.0319943
0.02253305 0.03044239
0.009429818 0.03165834
0.009151037 0.03195358
0.009929554 0.03144736
0.02822442 0.03040333
0.01512727 0.03005163
0.02214862 0.02941473
0.01040048 0.02911955
0.01583588 0.02770273
0.01409488 0.02830461
0.01000164 0.02912366
0.01148367 0.02908119
0.01216509 0.02872683
0.0302436 0.02725103
0.03691338 0.02812563
0.02862107 0.03002563
0.01613292 0.02920048
0.03375485 0.02798281
0.02560229 0.02775702
0.03130118 0.02768112
0.02121099 0.02961071
0.02740293 0.03200611
0.01696411 0.03146277
0.01612853 0.03365336
0.009444565 0.03543241
0.01352259 0.03596898
0.01943242 0.03668956
0.02205061 0.03719002
0.04290699 0.03594557
0.0165062 0.03277397
0.0272054 0.03309473
0.01783713 0.03093063
0.01600426 0.03162285
0.01494752 0.03079635
0.0157907 0.03014078
0.01435282 0.03323086
0.008999342 0.03047427
0.0137987 0.0314082
0.02005843 0.03000514
0.0149915 0.02874985
0.0348228 0.02799787
0.02317657 0.02872173
0.01866359 0.02868894
0.02026667 0.02768995
0.01345924 0.02933887
0.01946922 0.02954524
0.01949861 0.02879899
0.02389895 0.02981047
0.02466625 0.02888057
0.02285496 0.02967377
0.0333061 0.0289571
0.0400023 0.03079927
0.03596254 0.029634
0.02009936 0.03202185
0.007880004 0.03199884
0.005009119 0.03207276
0.006903217 0.03225325
0.01717895 0.03272624
0.02504744 0.03228886
0.01805786 0.03388106
0.02544014 0.0350409
0.03021061 0.0339872
0.01277802 0.03366527
0.02400673 0.03560121
0.009926163 0.03439786
0.02202635 0.03405884
0.01914187 0.03446152
0.01466786 0.0349597
0.009818682 0.03405862
0.001204487 0.03536638
0.001196135 0.03575249
0.01965274 0.03567039
0.005168713 0.03772355
0.007947844 0.03972417
0.02088198 0.04186529
0.006125213 0.03989363
0.01196685 0.03856177
0.01958829 0.03835338
0.02940265 0.03685836
0.009563973 0.03933039
0.01729042 0.03900108
0.02067801 0.04236333
0.02363662 0.04093242
0.01288503 0.04417337
0.01092704 0.04337352
0.02130229 0.04159907
0.00724329 0.03925861
0.01228063 0.03903493
0.00275666 0.04084421
0.003830222 0.04356898
0.0157386 0.04658081
0.006413935 0.04669715
0.007452273 0.04955508
0.007677024 0.05012638
0.007610182 0.05028556
0.009661023 0.05277314
0.01147289 0.05825777
0.00953007 0.05760523
0.01042079 0.05718729
0.00501142 0.05999333
0.007247337 0.05912914
0.008378897 0.06135557
0.008563514 0.06047538
0.005093319 0.06348624
0.006548106 0.07077553
0.004415037 0.06575713
0.01113725 0.06616676
0.00469953 0.06232486
0.01827308 0.06719497
0.019941 0.06654536
0.01369243 0.06197446
0.01225407 0.06066813
0.005590076 0.05763391
0.01200738 0.05503555
0.00252455 0.05912214
0.0044767 0.05977867
0.002147823 0.05604223
0.008899324 0.05360384
0.01371582 0.05342683
0.006759173 0.05010677
0.01148908 0.05150909
0.004469114 0.0549259
0.0111659 0.05635356
0.01132057 0.05195998
0.01473059 0.04940102
0.01194782 0.05153202
0.01406816 0.05026126
0.003781127 0.05193818
0.007778827 0.05051204
0.01235105 0.05030119
0.009215935 0.04845072
0.009849873 0.05160451
0.01164349 0.05430354
0.01081808 0.05191138
0.01551311 0.05070927
0.02697947 0.05407609
0.03255612 0.05727035
0.02377741 0.05605281
0.02510658 0.05982883
0.01710737 0.06056789
0.01364357 0.05921491
0.007865903 0.05996257
0.005597423 0.06216691
0.01255701 0.06041368
0.01134475 0.06006494
0.004780759 0.06028945
0.004664812 0.05829898
0.02289086 0.05821042
0.02386495 0.06245148
0.01616711 0.05981559
0.0271101 0.06023468
0.02136863 0.06020595
0.01681714 0.05798319
0.00741061 0.06050122
0.01342147 0.06351206
0.01942823 0.06012097
0.02167672 0.06093363
0.01332438 0.06180055
0.02373307 0.05921836
0.02612869 0.05752635
0.02380752 0.06211449
0.01075682 0.06235502
0.0112065 0.06164882
0.00752189 0.05965278
0.0041879 0.06002767
0.01318237 0.06266739
0.01419437 0.06005799
0.007162691 0.05567237
0.01854821 0.06075628
0.003503117 0.0615455
0.00562744 0.06689228
0.01014014 0.06275553
0.01234456 0.06443467
0.006814088 0.06373925
0.007236736 0.05899869
0.005175924 0.05832185
0.01488176 0.05725003
0.0213926 0.05357678
0.01723548 0.05102203
0.009336695 0.05027038
0.006958376 0.04771433
0.01420519 0.04707991
0.01189974 0.046723
0.007950628 0.04395803
0.005067072 0.04025493
0.005121365 0.03862129
0.02068712 0.03924711
0.0313596 0.03797854
0.01216962 0.03723313
0.02662735 0.04183715
0.01331345 0.0433722
0.01668623 0.04304864
0.01318567 0.04375626
0.008505932 0.04293292
0.01104663 0.04165396
0.01960401 0.0371119
0.01094863 0.03640698
0.01679233 0.03583486
0.01648029 0.03712786
0.01532814 0.03871355
0.01721121 0.03595675
0.01932506 0.03411961
0.02369341 0.03437799
0.02244764 0.03445748
0.01483279 0.03254459
0.01429434 0.0320044
0.007186154 0.03191899
0.002691504 0.0309479
0.01533496 0.03087869
0.005039047 0.03353017
0.00706398 0.03193189
0.009252679 0.02932165
0.01248222 0.03207531
0.01490492 0.03090387
0.02191925 0.03131901
0.01906787 0.03042842
0.00465373 0.02771994
0.01626717 0.02692961
0.01162643 0.02591336
0.01824728 0.02470544
0.01645619 0.02573683
0.01398487 0.02551723
0.01321218 0.02681879
0.004323158 0.02618359
0.0004073383 0.02784763
0.008940518 0.02539357
0.03120702 0.02824267
0.02929433 0.02845862
0.03212689 0.02733459
0.03424904 0.02773323
0.01881123 0.02963711
0.006923156 0.03076526
0.01145107 0.03146441
0.01227662 0.03301534
0.01161381 0.03194465
0.01632912 0.03445753
0.01414441 0.0338461
0.01052123 0.03176425
0.006516498 0.03157397
0.01538429 0.028844
0.03062138 0.02928116
0.01309985 0.02935455
0.009775641 0.02996509
0.02570403 0.03170533
0.02653878 0.03004821
0.008746163 0.03008312
0.01244419 0.02825963
0.007216636 0.02807791
0.007974184 0.02701973
0.01844189 0.02697854
0.006938904 0.02855908
0.008861692 0.02906851
0.008285271 0.03023996
0.007254833 0.02852082
0.006048635 0.02948655
0.01794949 0.03143531
0.007939583 0.03472061
0.001808716 0.0349489
0.01707061 0.03407188
0.030235 0.03279076
0.01141059 0.03568681
0.01147894 0.03664039
0.02723365 0.03581281
0.009145471 0.03645062
0.02439621 0.03354738
0.02417079 0.03390135
0.01635679 0.03679762
0.01708957 0.03557015
0.01889769 0.03617046
0.01436351 0.03399177
0.01698219 0.0323176
0.002348087 0.03119697
0.001441449 0.03102176
0.008512537 0.03315385
0.01834302 0.03134607
0.009100806 0.03253247
0.01218313 0.03153755
0.01276969 0.02981869
0.008387319 0.02927661
0.002000116 0.02914878
0.004304356 0.02707564
0.009456653 0.02808956
0.02024359 0.02962526
0.02242036 0.02837849
0.01356688 0.0253921
0.01657 0.02629677
0.0154213 0.02536774
0.02690025 0.02504167
0.01642842 0.02437184
0.009601289 0.02477159
0.01108143 0.02290689
0.02196555 0.02305887
0.0134946 0.0215736
0.002477274 0.01963022
0.001952172 0.02002456
0.0005709265 0.02064957
0.02387562 0.01931401
0.0334624 0.01991768
0.02276642 0.01978693
0.01468354 0.01890018
0.02812034 0.01911031
0.02414217 0.01979226
0.03056946 0.01879644
0.02846302 0.01909291
0.03626359 0.01984265
0.03512815 0.01920057
0.04632527 0.01893882
0.04867909 0.01981696
0.04070858 0.01984562
0.03542506 0.01852857
0.0180913 0.01793986
0.009219497 0.01883414
0.01940055 0.01843387
0.02463141 0.01855676
0.02050385 0.01840828
0.03272534 0.01893119
0.08812157 0.01843879
0.06067673 0.01868235
0.05593078 0.01878283
0.07136824 0.01815561
0.07197409 0.01849865
0.06799199 0.01880044
0.05844476 0.01823348
0.04169355 0.01722992
0.05647926 0.01685239
0.04927887 0.01649174
0.06913688 0.01726952
0.06422071 0.01877233
0.02291181 0.01791271
0.02145091 0.01742405
0.01716421 0.0187168
0.0262182 0.0174926
0.01780719 0.01763462
0.009619794 0.01629283
0.01288122 0.01535089
0.02450084 0.01616407
0.04812114 0.01753268
0.04703089 0.01676174
0.03964701 0.01520056
0.05194812 0.01563754
0.05017704 0.01617725
0.049831 0.01605314
0.03944595 0.01713243
0.04059829 0.01660577
0.04860325 0.01492377
0.03534686 0.01478044
0.0263639 0.01494803
0.02643375 0.01414033
0.01623674 0.01450904
0.01421904 0.01507677
0.03771899 0.01509383
0.0261707 0.0148889
0.02159957 0.01512979
0.01201392 0.01650064
0.0160144 0.01658832
0.03053549 0.01639645
0.02811854 0.01552784
0.0276096 0.01583479
0.06686176 0.01490619
0.04441843 0.0147606
0.05947767 0.01385995
0.07313263 0.01388679
0.04379211 0.01419563
0.0528057 0.01453137
0.04489066 0.01494514
0.04297036 0.01517962
0.03575114 0.01456859
0.03000746 0.01288509
0.06042506 0.01309449
0.05083737 0.01364865
0.03216732 0.01425739
0.03170511 0.01457164
0.01817605 0.01445318
0.01663983 0.01331768
0.02961852 0.01368538
0.01161775 0.01269102
0.01204253 0.01273152
0.02172049 0.01231376
0.02571419 0.01178213
0.03699106 0.01198391
0.04699986 0.01181155
0.04019089 0.01221848
0.02056276 0.01218559
0.02755305 0.01247276
0.01425855 0.01275481
0.02616038 0.0128371
0.02526159 0.01266982
0.02879318 0.01232034
0.06384031 0.01265643
0.06074058 0.0129149
0.06370689 0.01285834
0.05178313 0.01265278
0.05457569 0.01217322
0.03426641 0.01226699
0.04647777 0.01168161
0.07861641 0.01287835
0.04606505 0.01331335
0.02865445 0.01279515
0.02417508 0.01380622
0.01398202 0.01291477
0.02210482 0.01290999
0.03368054 0.01290806
0.03986375 0.01284432
0.04079831 0.01325685
0.06968686 0.01432567
0.03556184 0.01495441
0.07137804 0.01478949
0.06479294 0.01611731
0.06879843 0.01557861
0.03992239 0.01535471
0.04521632 0.01584379
0.02157163 0.0153173
0.03332349 0.01649385
0.03254042 0.01620432
0.02576805 0.01832805
0.01940406 0.0179681
0.009560328 0.01905832
0.01247787 0.01922467
0.01107226 0.01914864
0.005934919 0.0201893
0.006680796 0.01855971
0.006965548 0.0197223
0.007570708 0.02080061
0.01263329 0.02111787
0.02346162 0.02140487
0.02662778 0.02422097
0.0162095 0.02334714
0.01473205 0.02397856
0.009767902 0.02576695
0.006225002 0.02738028
0.004956598 0.02649885
0.0007486004 0.02564645
0.00354498 0.02549827
0.003378817 0.02610851
0.009199783 0.02752542
0.01640359 0.02669369
0.0163135 0.02671533
0.01601877 0.02520539
0.02282917 0.02510221
0.02883939 0.02421947
0.01343916 0.02261035
0.008169487 0.02187049
0.01920684 0.02150152
0.02302489 0.0201425
0.05944865 0.02020326
0.0611982 0.01984915
0.0238282 0.01936573
0.02732722 0.01923339
0.02119344 0.01934183
0.03008292 0.01898183
0.03340456 0.01869102
0.02135222 0.017708
0.01468593 0.01771569
0.02378827 0.0186753
0.03383389 0.01822763
0.03708625 0.01889847
0.02647603 0.02092093
0.02355372 0.02208192
0.02219405 0.02261863
0.01529902 0.02209016
0.01420477 0.02342217
0.008702871 0.02443263
0.01589238 0.02459479
0.01542142 0.02380222
0.02407691 0.024172
0.03963266 0.02426976
0.03629284 0.02360451
0.02646624 0.02398172
0.02949776 0.0248349
0.0211469 0.02666068
0.009365524 0.02847232
0.02242708 0.03019656
0.01091531 0.02945429
0.01010079 0.03114928
0.02985044 0.03398437
0.02658496 0.0337908
0.0220884 0.03532218
0.03314765 0.03564791
0.03954809 0.03280662
0.04611414 0.03350541
0.03234383 0.03251198
0.02752497 0.0327748
0.02379546 0.03456511
0.03048156 0.03283312
0.04682864 0.03123019
0.05022425 0.02905655
0.05732781 0.02793599
0.02768996 0.02972315
0.02472525 0.02930279
0.03825657 0.0294102
0.04630667 0.02770286
0.06347362 0.02723852
0.04767231 0.02751535
0.03047577 0.02649842
0.05163018 0.02653122
0.06110571 0.02563165
0.05663848 0.02555368
0.03144748 0.02410491
0.03171747 0.02532583
0.01797692 0.02404672
0.02365992 0.0239208
0.02153318 0.0227827
0.02436629 0.02383257
0.007111191 0.02409437
0.01554388 0.02228633
0.01677684 0.02099191
0.03272966 0.01995301
0.02065083 0.02012853
0.01495137 0.01905616
0.01645273 0.01919974
0.02391873 0.02052563
0.01811767 0.02005211
0.03753029 0.01897845
0.03965294 0.01745689
0.02480638 0.01699431
0.01778834 0.01614998
0.02406508 0.01637316
0.02551071 0.01643019
0.03362649 0.01653085
0.01636919 0.01659103
0.0130023 0.01685518
0.02446946 0.01845931
0.01757942 0.01762782
0.01250351 0.01775343
0.02670294 0.01633005
0.01622938 0.0173512
0.01216555 0.01859721
0.02578182 0.01880191
0.02096008 0.01869399
0.01788441 0.01943014
0.01650025 0.01919629
0.02301415 0.02019957
0.0153813 0.01848856
0.03184709 0.01866742
0.03361763 0.01966161
0.05087122 0.02112808
0.036296 0.02187694
0.05032013 0.02085268
0.02459811 0.02033995
0.01369356 0.01919741
0.02130006 0.01882076
0.02586662 0.01800515
0.05443311 0.01819461
0.03641665 0.01833711
0.02787221 0.01819035
0.02681441 0.01841412
0.02107444 0.01789891
0.01256735 0.01935085
0.0428959 0.01929151
0.03441523 0.01821472
0.04477102 0.01794534
0.04102918 0.01817145
0.04672987 0.01839938
0.03930745 0.01746008
0.03797311 0.01823156
0.05354373 0.01877285
0.05270584 0.01881427
0.03803278 0.01918708
0.02742202 0.01851138
0.01488095 0.01773554
0.01944042 0.01718269
0.02995126 0.01724745
0.02119076 0.0165801
0.01797303 0.01722187
0.01603176 0.01721761
0.01206786 0.01753233
0.02118273 0.01781233
0.03941207 0.01702822
0.03254435 0.01801809
0.05388409 0.01868323
0.04490881 0.01892929
0.0417452 0.0195884
0.05286969 0.02015878
0.05360022 0.0206407
0.06775429 0.02036623
0.0647496 0.02134913
0.04858091 0.02171522
0.06064983 0.02176464
0.02897915 0.02190555
0.02340703 0.02044427
0.02589425 0.02020021
0.007900535 0.01966802
0.0131662 0.0218692
0.007803852 0.02106817
0.006955178 0.02061497
0.0166353 0.02297784
0.03159139 0.02186112
0.03574766 0.02216392
0.02477123 0.02241642
0.02998401 0.02113004
0.0309315 0.02210245
0.02205005 0.02236663
0.03074876 0.02319136
0.03647763 0.0233949
0.0467261 0.02082307
0.03923059 0.01965609
0.05299052 0.02047661
0.03569595 0.01966551
0.02655064 0.01808122
0.01160052 0.01771547
0.01314299 0.01774295
0.00619535 0.0163049
0.01545269 0.01570705
0.03787717 0.0156631
0.03006237 0.01605364
0.03109367 0.01687695
0.02765589 0.01700796
0.03612523 0.01683271
0.03132054 0.01743347
0.03294275 0.01687707
0.03331528 0.01732113
0.06547241 0.0179107
0.0713709 0.01721605
0.07432299 0.01661538
0.04640435 0.01797228
0.05051521 0.01790883
0.04149717 0.0192973
0.01413003 0.019223
0.007351892 0.01900152
0.01397152 0.01828339
0.02776076 0.01980369
0.02573206 0.01976984
0.04287786 0.01958886
0.0522916 0.01876532
0.03863044 0.01797977
0.0332229 0.01804088
0.02707335 0.01812666
0.01737239 0.01830858
0.02659477 0.01788339
0.01560585 0.01871127
0.006563976 0.01875019
0.01946739 0.0181199
0.03613692 0.01685075
0.02781349 0.01784473
0.02870928 0.01848385
0.02452146 0.01798529
0.04747308 0.01793442
0.05599617 0.01614193
0.06133967 0.01703377
0.03469905 0.01683954
0.02369875 0.01665542
0.009774997 0.01619826
0.01722384 0.01649478
0.02250405 0.01558589
0.02471039 0.01540527
0.03622104 0.01555292
0.04145811 0.01538389
0.032187 0.01633764
0.03032198 0.01534458
0.03069246 0.01500009
0.04081143 0.01564665
0.05720325 0.01517772
0.04779151 0.01653918
0.03488609 0.01631684
0.03513564 0.01561089
0.03725012 0.01559206
0.04067969 0.01644807
0.04567044 0.01598633
0.06862771 0.01583356
0.04926662 0.01647877
0.05228405 0.01612818
0.05146144 0.01657521
0.04394129 0.01620703
0.05603704 0.01537336
0.03990576 0.01537994
0.01881973 0.01534707
0.01972221 0.01558837
0.03373142 0.01618245
0.03260296 0.01595807
0.02968594 0.01633328
0.03661011 0.01730928
0.02560204 0.0165852
0.02673205 0.01599472
0.01368206 0.01641675
0.006786313 0.01646523
0.01838039 0.01560581
0.02250186 0.01533161
0.05772594 0.01434413
0.0608139 0.0138359
0.1122276 0.01389498
0.122331 0.01367945
0.09550541 0.01203727
0.0774514 0.01225216
0.05874485 0.01248886
0.08825223 0.01228129
0.04810572 0.01211106
0.06128919 0.0130823
0.05874492 0.01302969
0.04920217 0.01340645
0.03579356 0.01281913
0.048921 0.01281772
0.07531551 0.01234459
0.09228186 0.01246498
0.08070432 0.01153424
0.06359405 0.0117665
0.06682339 0.01242437
0.07564475 0.01243343
0.05704664 0.01153278
0.05834952 0.01133793
0.06654226 0.01230301
0.03773038 0.01217776
0.03885517 0.01321659
0.03346971 0.01313892
0.02175422 0.01370322
0.05487122 0.01337649
0.08457006 0.01360461
0.09931426 0.01334314
0.08831862 0.01295339
0.09298254 0.01297619
0.0790939 0.01290001
0.05648438 0.01352721
0.06276293 0.01252767
0.05271826 0.01325558
0.07316336 0.01188153
0.036021 0.01186628
0.06520226 0.01294163
0.04223293 0.01230079
0.06282051 0.0131099
0.03527173 0.01323072
0.04131054 0.01427259
0.06246078 0.01366694
0.1077423 0.0134279
0.04982562 0.01514693
0.03423545 0.01497948
0.03096795 0.01566525
0.03604149 0.01534348
0.03994348 0.01518679
0.03588707 0.01648556
0.04358664 0.01620984
0.04685485 0.01500411
0.07529193 0.01522973
0.07048536 0.01574118
0.1061017 0.01540713
0.07460902 0.01481764
0.06963829 0.01445705
0.06945623 0.01514777
0.05682334 0.01613184
0.03172461 0.01636482
0.0210508 0.01618253
0.01842005 0.01687842
0.01952233 0.01726845
0.02462231 0.01595548
0.01929572 0.01553677
0.02501827 0.01519024
0.02166493 0.0160668
0.02218759 0.01696492
0.04293753 0.01736176
0.04670973 0.01924722
0.03985899 0.01803959
0.03098835 0.01779376
0.02772542 0.0179926
0.0225527 0.01780864
0.01305028 0.0173207
0.02960389 0.01706909
0.01867773 0.01900177
0.01161307 0.017462
0.03125634 0.01768787
0.01596775 0.01914948
0.01133299 0.02056483
0.01930411 0.01924647
0.03061946 0.01822535
0.03588859 0.0202612
0.03910382 0.02196544
0.03086576 0.0213256
0.02366429 0.02159415
0.03960369 0.02050615
0.0309271 0.01996264
0.03640994 0.01994491
0.02423297 0.0197412
0.02480579 0.01971026
0.01647253 0.02180115
0.01552554 0.02305348
0.0190586 0.02211822
0.006627289 0.02277054
0.01434574 0.02218759
0.02290414 0.02280044
0.02914834 0.02371008
0.03530376 0.02307578
0.02267555 0.02315419
0.03348288 0.02278336
0.02316381 0.02266386
0.01181972 0.02328975
0.01786746 0.02219865
0.01026978 0.02192803
0.007705765 0.02219955
0.008463022 0.02295685
0.01478774 0.02425861
0.01220674 0.0245499
0.02107326 0.02494064
0.008421867 0.02302717
0.03335656 0.022548
0.03072568 0.02090569
0.023368 0.01941601
0.01836541 0.01886429
0.02533892 0.01947873
0.04899188 0.01820415
0.05345546 0.01880062
0.0325635 0.01850367
0.03550212 0.01916055
0.03757691 0.01994296
0.02365543 0.02013551
0.02430339 0.02134811
0.02187539 0.02133776
0.02070252 0.0205115
0.02043761 0.02035207
0.006876452 0.02021541
0.01292197 0.02175561
0.01522452 0.02219523
0.007425298 0.02059377
0.01917052 0.02032045
0.02690438 0.02078333
0.03335725 0.01963695
0.02364538 0.02164867
0.0183503 0.02201064
0.02499504 0.02027439
0.03104871 0.02044332
0.03679027 0.02012662
0.03623521 0.02018831
0.03209451 0.01974804
0.02505177 0.01988041
0.03108356 0.01841602
0.04247842 0.01819736
0.02770119 0.01828924
0.04088406 0.01765778
0.02993219 0.01774655
0.01892952 0.01915228
0.02513609 0.0180832
0.03608833 0.01780497
0.03975931 0.01761631
0.02609533 0.01853582
0.01571087 0.01843049
0.01828097 0.0194636
0.01274434 0.01961178
0.02130556 0.01856162
0.009206378 0.01864734
0.01171883 0.01884124
0.01601946 0.01910907
0.006955034 0.01978526
0.02050344 0.01896075
0.02420517 0.01864339
0.01998781 0.01946638
0.02579897 0.01861334
0.01477462 0.01880547
0.01158128 0.02012394
0.01080081 0.01957542
0.009651519 0.01886826
0.01168155 0.01798924
0.01808446 0.01750555
0.00945511 0.016328
0.009127598 0.01831684
0.02553022 0.01823408
0.02998042 0.01709304
0.02875731 0.01701662
0.03884332 0.01733255
0.02952375 0.01786263
0.02494168 0.01659551
0.03044751 0.01690363
0.02827686 0.01688384
0.04489906 0.01639886
0.03267648 0.01554631
0.02490996 0.01696855
0.02357794 0.01615528
0.0222171 0.01513477
0.03841894 0.01565026
0.04954161 0.015064
0.05741659 0.01470837
0.07298815 0.01421187
0.07526799 0.01515821
0.06051013 0.01624407
0.0510679 0.01550395
0.04395227 0.01625231
0.0313429 0.01609207
0.0225291 0.01647555
0.01261617 0.01657908
0.02540288 0.01576964
0.03241868 0.01469353
0.03332832 0.01496281
0.03730791 0.01525185
0.01868461 0.01546185
0.02327088 0.0151779
0.02679399 0.01464898
0.02947525 0.01575783
0.01670018 0.01513422
0.02140259 0.0150952
0.02269685 0.01581073
0.0392805 0.01532021
0.04457229 0.01387916
0.03308667 0.01467376
0.03228276 0.01521597
0.02805008 0.01566215
0.03477459 0.0163492
0.02818192 0.01667782
0.009749239 0.01643735
0.008471964 0.0169103
0.003597462 0.01688477
0.01685455 0.01829278
0.01714815 0.01899824
0.04317619 0.01885405
0.03928268 0.01895072
0.03518498 0.01696717
0.04157699 0.01637192
0.04680535 0.01610385
0.02797527 0.01625442
0.05147578 0.01701217
0.03359339 0.01673567
0.04074051 0.01587427
0.04682487 0.01579205
0.05651112 0.01637758
0.02527082 0.01701219
0.01473005 0.016653
0.02461429 0.01572789
0.03016858 0.01553997
0.04119267 0.01523624
0.06148939 0.01615849
0.04069878 0.01715172
0.0455255 0.01629882
0.02996215 0.01595225
0.01675792 0.01604289
0.01981315 0.01622261
0.03785383 0.01620602
0.0204712 0.015948
0.01995917 0.0149032
0.02943631 0.01429386
0.009601489 0.01468635
0.001676617 0.01562275
0.01030486 0.01560858
0.01290248 0.01463522
0.01451868 0.01379911
0.007390448 0.01345588
0.004679096 0.01354159
0.01952829 0.01253689
0.01484017 0.01206331
0.01246329 0.01190407
0.0160466 0.01196463
0.01129884 0.01174053
0.0276981 0.01201085
0.01183308 0.01189317
0.03235577 0.01177876
0.04284738 0.01136283
0.0249203 0.01100772
0.03319499 0.01098143
0.01328143 0.01093841
0.01757317 0.01071116
0.02701792 0.01123514
0.02093656 0.01107606
0.04355784 0.01115095
0.04180922 0.01099087
0.04459078 0.01125485
0.0497548 0.01205351
0.06703102 0.01284994
0.05325041 0.0128982
0.03497451 0.01205753
0.04016703 0.01136157
0.05044012 0.01183455
0.0533822 0.01190007
0.03807703 0.01132549
0.02947174 0.01048932
0.03406641 0.00943415
0.04661454 0.009005477
0.03839808 0.009283574
0.03499098 0.009523701
0.05564185 0.01037945
0.05231705 0.01053969
0.03939316 0.01159509
0.05992681 0.01152126
0.06437901 0.01124761
0.04016352 0.01130109
0.04540733 0.01205008
0.02690426 0.01243818
0.01095918 0.01225693
0.02111267 0.01249905
0.02308998 0.01240297
0.01698608 0.01308554
0.03754864 0.01241204
0.05964286 0.01246648
0.05806595 0.01220461
0.04152291 0.01162397
0.03767045 0.01155808
0.03550486 0.01043077
0.05634127 0.01075052
0.04704162 0.01067055
0.04546932 0.009997891
0.01975124 0.009527136
0.03026398 0.008866671
0.02675891 0.00977347
0.0314431 0.009595172
0.02378968 0.009104594
0.04103513 0.009770209
0.02982759 0.01003597
0.02996519 0.01062124
0.05258478 0.009632099
0.03130375 0.01045381
0.02559207 0.01119611
0.05470271 0.01092548
0.05075931 0.011156
0.06773176 0.01098487
0.07597499 0.01030147
0.08235875 0.009695028
0.05905582 0.009264153
0.04007406 0.009799786
0.04281782 0.009563772
0.04085743 0.00944336
0.03226445 0.009388477
0.0181593 0.009277172
0.01999552 0.009160818
0.03059366 0.009798743
0.04586708 0.009688537
0.03122562 0.0100201
0.02082563 0.01015204
0.005824954 0.01062713
0.008307456 0.01079541
0.04225633 0.011321
0.0660206 0.01243633
0.05370464 0.01287381
0.03449603 0.01227292
0.01868899 0.0118072
0.01370356 0.01278036
0.02478978 0.01304618
0.0123395 0.01378677
0.02206063 0.0144308
0.0268321 0.01456024
0.02224351 0.01429244
0.0209049 0.01440536
0.01867854 0.01390794
0.02913272 0.01384024
0.03152661 0.01377669
0.02444401 0.01314944
0.01650008 0.01284421
0.02473804 0.0120144
0.01649968 0.01206542
0.02156985 0.01198495
0.0170737 0.01171957
0.01988211 0.01157796
0.03413476 0.01226858
0.02865257 0.0123442
0.03188894 0.01204245
0.03257734 0.01151281
0.02896033 0.01158992
0.01668723 0.01166818
0.02549266 0.01229315
0.07505946 0.01292951
0.0817498 0.01214443
0.07538913 0.01158276
0.07738758 0.01175938
0.03878729 0.01149159
0.03627319 0.01209744
0.0635015 0.01071554
0.07680239 0.01056844
0.0601567 0.01019786
0.04089411 0.009916439
0.05494334 0.009641826
0.03651001 0.009360829
0.03317844 0.00936224
0.03757371 0.009678616
0.03147888 0.009787261
0.02078818 0.010413
0.02706776 0.01070605
0.02806347 0.01140171
0.02150669 0.01156965
0.04122292 0.01162281
0.02494508 0.01210363
0.03893557 0.01254883
0.02979541 0.014456
0.02753685 0.01410261
0.03082957 0.01354924
0.03649382 0.01445815
0.03940199 0.01595397
0.04620107 0.01674932
0.05272827 0.01571012
0.05164766 0.01701965
0.05261395 0.01765692
0.03228957 0.01907839
0.02614337 0.01996692
0.03389892 0.01935124
0.04184171 0.01868117
0.02541744 0.01774067
0.02247882 0.01868846
0.03934762 0.01936954
0.03207444 0.02081119
0.03527465 0.01822628
0.02855232 0.0191082
0.02414244 0.02047013
0.03231198 0.01981482
0.01864466 0.01808148
0.03216186 0.01858644
0.0214099 0.01932665
0.0142895 0.02079943
0.01216565 0.02018239
0.02069811 0.02118506
0.0113857 0.02070624
0.04111032 0.0195155
0.02358791 0.01975195
0.008931412 0.01965863
0.01968979 0.01856151
0.008484979 0.01849935
0.01330243 0.01868618
0.0102774 0.02004436
0.0173154 0.01928544
0.01070009 0.01862287
0.0045932 0.01886272
0.002985942 0.01935716
0.006563344 0.02049928
0.01059962 0.02116404
0.01196567 0.02030885
0.02058303 0.01858403
0.0125544 0.01857563
0.0134232 0.01821149
0.02025047 0.01871309
0.002687129 0.01823154
0.009795778 0.01829201
0.01386615 0.01769391
0.009675658 0.01807824
0.008017844 0.02005968
0.01057771 0.01883717
0.006915689 0.01902613
0.01064386 0.01981305
0.01131057 0.01961906
0.02331456 0.02050691
0.02517472 0.02138813
0.01942426 0.02134742
0.02866669 0.02149699
0.02191512 0.02137695
0.02640299 0.01895365
0.02956658 0.01987508
0.01940513 0.01926628
0.03279959 0.0182321
0.05083915 0.01995182
0.06868975 0.01929663
0.04663945 0.01871276
0.05966315 0.01816727
0.02219397 0.01884694
0.01710173 0.01966027
0.008734219 0.02037516
0.006743124 0.01970475
0.006100984 0.01975696
0.01741709 0.01787884
0.05362134 0.01709542
0.04023736 0.01677861
0.04153986 0.01649128
0.03868811 0.01701214
0.03986839 0.01762699
0.04575803 0.01758451
0.0415995 0.0167693
0.06181243 0.01670485
0.05097372 0.01544368
0.08650116 0.01637541
0.06765639 0.01617904
0.06508323 0.01679912
0.06704705 0.01597005
0.04716383 0.01558349
0.04580388 0.01457544
0.06386827 0.01596875
0.04630345 0.01671263
0.02478911 0.01727371
0.04138367 0.01719578
0.03007347 0.01713902
0.02801276 0.01675348
0.02884331 0.01860293
0.03561004 0.01765328
0.0204356 0.01653186
0.01465339 0.01559754
0.02398173 0.01578345
0.004776172 0.01596092
0.01645738 0.0162
0.01037581 0.01603571
0.01519441 0.01586953
0.007145523 0.01454035
0.009180207 0.01403821
0.00983576 0.01451686
0.01025173 0.01489302
0.003390655 0.01541638
0.01273987 0.01512566
0.02235726 0.0147756
0.03683607 0.01485808
0.04183816 0.01533041
0.03180257 0.01496747
0.05019131 0.01398072
0.03476533 0.01519276
0.04136247 0.01473654
0.05056662 0.01483815
0.03947459 0.01505338
0.02862546 0.01521926
0.03468024 0.01440233
0.02449073 0.01505183
0.02340981 0.01417074
0.03161862 0.01480554
0.02918705 0.01519026
0.02541947 0.01648308
0.0163727 0.01639724
0.0250257 0.01671063
0.01809691 0.01560776
0.01596108 0.01517359
0.02623577 0.01511732
0.03549928 0.01492388
0.04008196 0.01543258
0.06592437 0.01580441
0.06562572 0.01643995
0.09135919 0.01520682
0.1149451 0.01636142
0.08019229 0.01456184
0.06820856 0.01506235
0.04878322 0.01586642
0.04499658 0.01639402
0.02964093 0.01737993
0.02978437 0.01594431
0.04078595 0.01457515
0.03820589 0.01520814
0.04850252 0.01570983
0.05367534 0.01508793
0.05334674 0.01525441
0.03892835 0.01523939
0.02202405 0.01521723
0.02141226 0.01483855
0.01839314 0.01571668
0.0108171 0.01619632
0.01832746 0.016439
0.0106724 0.01608897
0.01940666 0.01622367
0.02828929 0.01620418
0.01685859 0.01517252
0.01946891 0.01539654
0.004915295 0.01536132
0.01963444 0.01459912
0.03360789 0.01510613
0.03216007 0.0150321
0.04609222 0.0163107
0.03831267 0.01701078
0.03590422 0.0173415
0.0390049 0.01663312
0.0318638 0.01709561
0.03207246 0.01733234
0.02892457 0.01754036
0.01766693 0.01690049
0.01782298 0.0178542
0.01674353 0.01667177
0.005433301 0.0173727
0.002893724 0.01694556
0.01201724 0.01774631
0.02433441 0.01859225
0.02148203 0.01715068
0.04023092 0.01684132
0.03033594 0.01791749
0.02971791 0.01790099
0.02382083 0.01904623
0.005870014 0.01792089
0.00994434 0.01719433
0.02300415 0.01735905
0.02183222 0.01705465
0.02289072 0.01854693
0.01157327 0.0188203
0.0204035 0.0181782
0.02171796 0.01783247
0.02534275 0.01788059
0.02604399 0.01699253
0.05826343 0.01630406
0.06914461 0.01710645
0.04006845 0.0159393
0.03497508 0.01634734
0.04196932 0.01634592
0.02348382 0.01529479
0.03727156 0.01529194
0.01232263 0.01500675
0.02422992 0.01494182
0.04445584 0.01494972
0.03901859 0.01367557
0.01374722 0.01211843
0.02540589 0.01259173
0.009371512 0.01218357
0.02272729 0.01270045
0.02682932 0.0129658
0.01142979 0.01293617
0.02131305 0.014117
0.02392273 0.01359632
0.02827205 0.01309951
0.01580532 0.01204361
0.014953 0.0124113
0.03550257 0.01133539
0.03174239 0.01066266
0.07279127 0.01075241
0.07178937 0.0101356
0.09532168 0.01070476
0.1226644 0.01165569
0.1546465 0.01223018
0.1282768 0.01156305
0.1232268 0.01103008
0.08005814 0.01017906
0.08032555 0.0107383
0.06856153 0.01126059
0.06218686 0.01044703
0.04309359 0.01030759
0.03657132 0.01025096
0.0547343 0.009810991
0.0521187 0.01012115
0.05415414 0.01048896
0.0632933 0.01065417
0.05472254 0.01043981
0.05963191 0.009897542
0.05493702 0.01006231
0.06749002 0.009183402
0.08061831 0.009598824
0.09576016 0.009458197
0.0726045 0.009224131
0.1093014 0.00867517
0.1091608 0.009075199
0.07523706 0.009744534
0.1043812 0.009579679
0.08584429 0.01013294
0.07085625 0.01027594
0.06808267 0.01039473
0.05375359 0.01070238
0.05902602 0.01078622
0.04568525 0.01082946
0.05217652 0.01133515
0.03502087 0.01051522
0.01949663 0.01147233
0.05246119 0.01211883
0.05024892 0.01270477
0.04675022 0.01416436
0.04197559 0.01457654
0.03566391 0.01399785
0.04763737 0.01371426
0.05353626 0.01386908
0.04407813 0.01403998
0.04668642 0.01359445
0.04509406 0.01299112
0.02258668 0.01267859
0.03139574 0.01284244
0.02082254 0.01253605
0.03508609 0.01216765
0.03449382 0.01174236
0.03982952 0.0118349
0.04616415 0.01173181
0.06078842 0.01188711
0.03587558 0.01178156
0.04400816 0.01172233
0.03581847 0.01164107
0.04193801 0.01190692
0.03689831 0.01180552
0.04275554 0.0119481
0.06424301 0.01163338
0.05220794 0.01139505
0.05247315 0.01073425
0.0272819 0.01089714
0.04309258 0.01131344
0.02362553 0.01170112
0.04358325 0.01124043
0.06412376 0.01031705
0.05862276 0.0096735
0.06811199 0.009914793
0.06156489 0.009461152
0.0731908 0.00947005
0.09943317 0.009187366
0.08017085 0.009672402
0.09159783 0.009389208
0.07077831 0.008982828
0.0820171 0.009328572
0.06474853 0.009759812
0.06376101 0.009386131
0.0406882 0.009663419
0.0370691 0.008870448
0.05409781 0.008709419
0.03060876 0.008889429
0.02307055 0.00858677
0.01565091 0.008251225
0.009655478 0.008468505
0.02410057 0.00862606
0.01860057 0.008396342
0.0170796 0.008412204
0.01191613 0.008370128
0.00452958 0.007791487
0.00168705 0.007525497
0.005986666 0.007571743
0.008118493 0.007826882
0.03744297 0.008129474
0.05247539 0.008404928
0.05197034 0.008797505
0.0450806 0.008767282
0.04776828 0.009816218
0.03525559 0.009124299
0.03043779 0.008695556
0.05507373 0.008727454
0.05598415 0.008387518
0.073709 0.00801118
0.08621846 0.007941212
0.06953129 0.007633538
0.09344545 0.007301297
0.09116526 0.00743035
0.1042069 0.00760049
0.07964283 0.008221374
0.07585841 0.008288136
0.07098963 0.007517103
0.07646887 0.007123959
0.07359696 0.007330005
0.04085442 0.007217279
0.03211816 0.006846041
0.05336561 0.006439707
0.05420751 0.006468464
0.06021686 0.00660125
0.06010157 0.006270278
0.06786315 0.005982485
0.06491153 0.006221417
0.0913157 0.006868471
0.08988608 0.006646033
0.1136065 0.007036107
0.08452624 0.007042708
0.0974943 0.00733598
0.1081684 0.007170144
0.1168052 0.007110382
0.1109641 0.007215283
0.1078071 0.00720304
0.09866367 0.008070712
0.1018859 0.007429604
0.1057968 0.007732248
0.09061868 0.007823335
0.1052628 0.007677155
0.08429895 0.008123077
0.04183241 0.008111692
0.06220099 0.008021572
0.06176166 0.008364583
0.0718852 0.007953996
0.1090894 0.008457904
0.08858137 0.009395891
0.05291816 0.00903085
0.04876361 0.009029891
0.04153404 0.009380607
0.04213148 0.009752907
0.03598769 0.009180375
0.02067053 0.008981434
0.01522081 0.009578067
0.01899619 0.009619242
0.03774248 0.009729104
0.0450875 0.009247403
0.05793298 0.009660468
0.07464891 0.00966562
0.05939787 0.009976339
0.06636297 0.010053
0.06415362 0.009732419
0.08648403 0.009690618
0.07352983 0.009762883
0.06866589 0.009574225
0.0636082 0.008857883
0.06288876 0.008876778
0.1135529 0.009107916
0.1156189 0.008751208
0.1367872 0.009042034
0.09939946 0.009406871
0.09607347 0.009061834
0.1185164 0.008613935
0.1446766 0.00865019
0.1170589 0.008747889
0.09923406 0.009122645
0.1119097 0.008477013
0.06047389 0.008609402
0.06676228 0.008316868
0.04679324 0.008288384
0.03584179 0.008173882
0.07375053 0.008477036
0.06600853 0.008575822
0.07689522 0.008132868
0.04614995 0.008392297
0.04576431 0.008206223
0.05759581 0.008123103
0.06206124 0.00738424
0.06282763 0.007146894
0.06286196 0.007698293
0.03091842 0.007629979
0.04122226 0.007862416
0.056232 0.007972321
0.04796319 0.007953135
0.03788217 0.008247383
0.04131228 0.008187951
0.03674927 0.008465788
0.03169516 0.008745257
0.03177458 0.009588675
0.03155842 0.008536084
0.04678756 0.007983679
0.03962502 0.008220004
0.04496416 0.008590503
0.02748069 0.009080831
0.03094144 0.009128806
0.02289268 0.009485218
0.0356228 0.009879547
0.05803075 0.009749182
0.0511169 0.009296867
0.03907488 0.008276102
0.05526898 0.008234097
0.06007517 0.007723243
0.08568554 0.008147779
0.07864157 0.007976718
0.06576702 0.007941171
0.03615756 0.008115204
0.04487022 0.008292483
0.04402515 0.007955528
0.02929073 0.007813019
0.02769596 0.007959622
0.02345541 0.007866314
0.03196468 0.00733866
0.03546236 0.007922499
0.02432658 0.007340516
0.02733707 0.006934977
0.01843606 0.006748994
0.02506211 0.007095374
0.04111543 0.007140502
0.03078359 0.007055138
0.0261972 0.007791276
0.03070962 0.007985488
0.01513857 0.008253511
0.02998705 0.009022017
0.04063802 0.009092735
0.0516419 0.008832812
0.04349735 0.008598302
0.06079462 0.009172643
0.05825057 0.00883659
0.04048825 0.008825754
0.02231731 0.009326789
0.02224392 0.009542122
0.007130902 0.009813179
0.01637528 0.009721401
0.03049594 0.009911111
0.04742487 0.009610604
0.05498715 0.008973258
0.06395606 0.008295282
0.06481493 0.008389491
0.09324935 0.007674107
0.0802351 0.007116948
0.08398852 0.007125515
0.07997221 0.007079918
0.07386308 0.007485215
0.06965618 0.007765804
0.06981961 0.00748367
0.071473 0.00792357
0.05795238 0.007628304
0.05523864 0.007501438
0.07471147 0.006838263
0.0744782 0.006614041
0.06557344 0.006670837
0.0586307 0.006505423
0.04795705 0.006529419
0.0310519 0.006773557
0.03561054 0.006570735
0.01436368 0.007155488
0.01322146 0.007166463
0.02608528 0.006842304
0.03637362 0.006982637
0.03095057 0.006587555
0.03282267 0.006921741
0.02140965 0.006433927
0.0444136 0.006653983
0.08380208 0.006870571
0.07567131 0.007120553
0.0800095 0.007187608
0.09604776 0.007461477
0.1504888 0.007581711
0.1186312 0.007334994
0.08321204 0.007728562
0.0620569 0.00751542
0.05869538 0.008016771
0.06307482 0.007606259
0.08514823 0.007579876
0.09038217 0.007132157
0.07454616 0.007317148
0.04444309 0.007382412
0.03463012 0.007183428
0.03814915 0.007093421
0.05750873 0.007318473
0.06926422 0.007941692
0.06388812 0.008461444
0.07452296 0.009111271
0.09005896 0.008923194
0.06143562 0.0103079
0.06126801 0.01026994
0.04187156 0.01033735
0.07553293 0.01122758
0.08275947 0.01054337
0.06481367 0.009966829
0.05411677 0.01045584
0.06013901 0.0112747
0.04911753 0.01137199
0.04423963 0.01164304
0.04681162 0.01152294
0.01748672 0.01146267
0.01780428 0.01170748
0.02026517 0.01164389
0.02602621 0.01232679
0.02418367 0.01246659
0.03349116 0.01218267
0.01407096 0.01191553
0.01542632 0.01196087
0.01735004 0.01203316
0.01513831 0.01176902
0.03701922 0.01109197
0.02891247 0.01131999
0.02620811 0.01038559
0.01023383 0.01085265
0.002872892 0.0104908
0.01413344 0.01049172
0.01728291 0.01116106
0.008993409 0.01086009
0.007181195 0.01139742
0.01605107 0.01176732
0.02835564 0.01110239
0.0135914 0.01109976
0.01467683 0.01097222
0.01256687 0.0112887
0.01725332 0.01159659
0.02807253 0.01109894
0.03614417 0.01108702
0.0268736 0.01198903
0.02233125 0.01249167
0.01253102 0.01234758
0.0109345 0.01300861
0.02381346 0.01261297
0.02488567 0.01252988
0.00925269 0.01338817
0.01302615 0.01365497
0.03248315 0.0136717
0.02625123 0.01459505
0.01329597 0.01402407
0.007046032 0.01379542
0.005343475 0.01409984
0.009109825 0.01394515
0.02394169 0.01293419
0.03182027 0.01197319
0.02571192 0.01187536
0.03223503 0.0123078
0.04678464 0.01268683
0.04733035 0.01294442
0.04875279 0.0127898
0.05923801 0.01236199
0.05137771 0.01243724
0.04126953 0.01204619
0.0313246 0.01161297
0.01235529 0.01174116
0.01102652 0.01220326
0.01068412 0.01284083
0.009634566 0.01280512
0.02930336 0.0126884
0.02794524 0.01226585
0.04558046 0.01288238
0.04511286 0.01202278
0.04679437 0.01325692
0.04204872 0.01283054
0.0239822 0.0135641
0.04755079 0.01278299
0.0389479 0.01233042
0.0601782 0.0133121
0.03476162 0.01288318
0.02958708 0.01351515
0.03740477 0.01343549
0.01362681 0.01290626
0.009583526 0.01286762
0.01721927 0.01326267
0.01712091 0.01359579
0.03378551 0.01429728
0.03209247 0.01416198
0.02937901 0.01452125
0.01680766 0.0143286
0.0378436 0.01520849
0.01314661 0.01554629
0.02336475 0.01541458
0.02610867 0.01533424
0.03643193 0.01638585
0.04414504 0.01617958
0.05259348 0.01679686
0.04994687 0.01636856
0.0444871 0.01628782
0.02829175 0.01611305
0.05401909 0.01663315
0.03036927 0.01682024
0.01436517 0.01717412
0.01999481 0.01699075
0.01930201 0.01695136
0.006063283 0.01820339
0.003498146 0.01992932
0.006954052 0.01828414
0.01316077 0.01860686
0.01504617 0.0173558
0.02336401 0.01745927
0.04096783 0.01710029
0.03453022 0.01709072
0.03744668 0.01773436
0.03957856 0.01751558
0.04654891 0.01720387
0.03349111 0.01720853
0.02187787 0.0183318
0.0247607 0.01749791
0.03481547 0.01705418
0.02519915 0.01768206
0.02417024 0.01811696
0.02923862 0.01791211
0.02641381 0.01682524
0.01879455 0.01874059
0.02660765 0.02067167
0.03614899 0.01932831
0.01995491 0.01966734
0.01570431 0.02071924
0.009795517 0.02167972
0.01333874 0.0205329
0.02453538 0.02095131
0.02333578 0.02261511
0.02804373 0.02359451
0.03434286 0.02271351
0.01816514 0.02343514
0.03944961 0.02354134
0.02137464 0.02332536
0.0160394 0.02565216
0.01038279 0.02383844
0.01767794 0.02504763
0.01095812 0.0244015
0.02125397 0.02361866
0.01906054 0.02363697
0.01266081 0.02341428
0.01920954 0.02419072
0.007185785 0.02300644
0.01394397 0.02302781
0.01456682 0.02386971
0.005018259 0.02292286
0.01134892 0.0224289
0.02546633 0.02348256
0.01007337 0.02324693
0.009733312 0.02328558
0.005619674 0.0243105
0.01316606 0.02519103
0.01473558 0.02425552
0.01213989 0.02405645
0.00416464 0.02573269
0.01459734 0.02760766
0.02877919 0.02669412
0.01476575 0.02861327
0.0121441 0.02807795
0.02812193 0.02808495
0.02660595 0.03026458
0.01867802 0.03112843
0.01781681 0.03171378
0.02365318 0.03037473
0.01057463 0.02927447
0.02128138 0.02938598
0.01735901 0.029343
0.0223924 0.03139831
0.01062571 0.02870776
0.0105795 0.02662707
0.01255282 0.02617431
0.02633947 0.02478109
0.02660994 0.02647017
0.04018762 0.02463924
0.0265803 0.02475034
0.02507322 0.02414218
0.01428335 0.02262399
0.02044351 0.02139334
0.01476522 0.02187454
0.03794059 0.02269793
0.02249628 0.0235944
0.03688246 0.02321366
0.0134596 0.02382746
0.01831048 0.02654056
0.01113569 0.02620243
0.02315574 0.02639065
0.0325201 0.02775517
0.03394123 0.02766798
0.01712711 0.02877178
0.01912333 0.0267333
0.02277999 0.02557278
0.0273155 0.02724835
0.03087713 0.02569629
0.02785734 0.02439273
0.01595007 0.02231815
0.01569397 0.02023631
0.005891578 0.02000311
0.005264499 0.02006418
0.009850869 0.01939818
0.01350075 0.0190059
0.01389515 0.01981481
0.01805553 0.01961242
0.0154567 0.02053198
0.01988256 0.02056382
0.02910066 0.0224886
0.02360961 0.02423745
0.01034478 0.02576709
0.01390245 0.02560229
0.009239578 0.02560079
0.02918117 0.02641867
0.02015166 0.02530745
0.03595772 0.02649118
0.03166254 0.02596691
0.02664053 0.02453822
0.01744314 0.02337898
0.02444353 0.02208055
0.04223702 0.0217901
0.03800096 0.02061071
0.03320787 0.01830277
0.04276803 0.01740104
0.02798109 0.01747559
0.02063285 0.01651857
0.01593295 0.01769503
0.008418406 0.01755981
0.006099325 0.01810072
0.01589847 0.01834362
0.0141944 0.01798874
0.01488716 0.01978687
0.02342414 0.0192452
0.02560305 0.019442
0.0341451 0.02023691
0.05563953 0.02106678
0.03805653 0.02188388
0.0331274 0.02125202
0.02615512 0.02248687
0.02084674 0.02153269
0.02172527 0.02129619
0.02304921 0.02141625
0.02358719 0.02083196
0.02184114 0.02017503
0.02539671 0.01974765
0.03407588 0.02093347
0.01181692 0.02339775
0.006533361 0.02381075
0.009113542 0.02339226
0.02047346 0.02336221
0.02641698 0.02159818
0.04802125 0.02178901
0.03571088 0.02327442
0.02593422 0.02437784
0.02028707 0.02439174
0.02158889 0.02337417
0.01443672 0.02445441
0.01372739 0.02214714
0.005352284 0.02172999
0.01835001 0.02148216
0.02097716 0.02107418
0.01836685 0.01926617
0.02290034 0.01792245
0.009822202 0.01761689
0.004091439 0.01773064
0.007650852 0.01747791
0.006282018 0.0190992
0.007035405 0.01839308
0.006519979 0.01877415
0.01242632 0.01888811
0.01888281 0.01962739
0.01277122 0.01985172
0.02770353 0.02072208
0.04055204 0.02178608
0.01986542 0.02089514
0.02679915 0.02124439
0.0289731 0.02144944
0.01935394 0.02159277
0.02524149 0.02316977
0.007931998 0.02211348
0.0195145 0.02178402
0.009760624 0.02110814
0.0210565 0.01986645
0.02265643 0.01963212
0.009440098 0.01935144
0.009956249 0.01854947
0.007728275 0.01844708
0.009135243 0.01924247
0.004699127 0.02006903
0.008722746 0.02110188
0.006278551 0.02099155
0.02515772 0.0197997
0.01688308 0.0192873
0.02533247 0.02022539
0.02085305 0.01987677
0.02000616 0.0193833
0.01273192 0.0192395
0.03199545 0.01931715
0.05032529 0.01954217
0.04064096 0.02081898
0.02257528 0.02234233
0.01716965 0.022256
0.02407304 0.02123432
0.01106651 0.02116484
0.02113238 0.02102929
0.01723569 0.02150639
0.01827559 0.02137296
0.01475579 0.02200286
0.01016527 0.02147505
0.005044118 0.02157615
0.008602295 0.02168223
0.008872475 0.02249531
0.004507021 0.02252066
0.01051034 0.02317863
0.0214429 0.02194148
0.03630004 0.02209668
0.05043807 0.02089261
0.04455831 0.01990922
0.0288374 0.01991074
0.03768086 0.0208612
0.04482626 0.02096182
0.04224237 0.01979394
0.03823592 0.02033005
0.03918979 0.01904415
0.02531511 0.02013789
0.01334397 0.02188807
0.01982203 0.02121926
0.007287661 0.02089929
0.01413213 0.02165941
0.02031726 0.02237058
0.02881384 0.02190457
0.02158488 0.02248596
0.0221206 0.02238015
0.01780706 0.02222954
0.02318379 0.02177912
0.01071269 0.02207363
0.01437095 0.02260259
0.02172562 0.02108783
0.02707222 0.02133804
0.0258147 0.02174012
0.03431105 0.02045602
0.01507675 0.02043185
0.01266496 0.01995887
0.01429456 0.02054096
0.0104923 0.02000536
0.02403922 0.02098192
0.04506992 0.02081067
0.0255196 0.02100509
0.01841932 0.02061029
0.007038647 0.01821477
0.008975761 0.01787663
0.01954006 0.01641609
0.02437301 0.01671733
0.01679323 0.01674599
0.01472005 0.01802192
0.03694711 0.0187258
0.04020157 0.01815994
0.05477112 0.01862993
0.04861977 0.01919127
0.02099301 0.0207866
0.03022635 0.02151769
0.03225355 0.02261964
0.02174939 0.02337552
0.02185898 0.02385
0.03132848 0.02354043
0.0146398 0.02354306
0.009532321 0.02151929
0.02127269 0.02270937
0.02978109 0.02447813
0.02155676 0.02392863
0.03482853 0.02467348
0.02613876 0.02623614
0.02573686 0.02468305
0.01223588 0.02460026
0.00494791 0.02328178
0.006319758 0.02253759
0.009141688 0.02182341
0.004896104 0.02305097
0.01662298 0.02304244
0.01050675 0.02270825
0.0112604 0.02188131
0.008777997 0.02169312
0.01191653 0.02161419
0.03070804 0.02095957
0.0108983 0.02147037
0.01281596 0.02179439
0.01953682 0.02326387
0.005278977 0.02339663
0.01303584 0.02262181
0.0123114 0.02351532
0.01374415 0.02307571
0.004307512 0.02354638
0.005057493 0.02480845
0.01583215 0.02552531
0.01283914 0.02607369
0.02559154 0.0258483
0.009353922 0.02420823
0.0166199 0.02662086
0.02308245 0.0280224
0.01717169 0.02853258
0.005008174 0.02927675
0.0111684 0.02796739
0.02448266 0.02705585
0.02227574 0.026347
0.03809635 0.02544971
0.03776365 0.02565152
0.04484491 0.02509452
0.03482565 0.02564797
0.02626322 0.02458791
0.02976355 0.02429682
0.03856367 0.0239731
0.02304715 0.02295178
0.03187366 0.02369568
0.02219676 0.02322104
0.0204693 0.0220228
0.002299444 0.02187196
0.01621585 0.02253763
0.00763778 0.02260694
0.008678058 0.02234727
0.004205941 0.02217077
0.009215216 0.0209284
0.004232784 0.02180907
0.01496741 0.02068197
0.02019848 0.01918846
0.02647186 0.01934994
0.04049966 0.01825549
0.02177394 0.01813672
0.03410115 0.01781705
0.03709225 0.01751736
0.04183507 0.01791033
0.0255386 0.01620475
0.03613324 0.0185649
0.02926162 0.01821543
0.0275191 0.01740795
0.01580583 0.01779594
0.03259461 0.01939045
0.03237246 0.0198468
0.01534881 0.01970862
0.005856657 0.0175989
0.005888993 0.01893766
0.01515105 0.02176853
0.01202993 0.02105833
0.01391513 0.02011398
0.01154065 0.02162405
0.01519877 0.02360381
0.0174274 0.02294357
0.0112529 0.02501839
0.01093708 0.02731587
0.002851852 0.02679897
0.0164856 0.02506452
0.009288236 0.02402028
0.006968877 0.02508517
0.005139987 0.02365564
0.008989277 0.02476288
0.02059406 0.02591248
0.01070903 0.02409288
0.03066421 0.02258927
0.04144278 0.02349563
0.03991694 0.02322222
0.04382005 0.02378303
0.03200354 0.02153627
0.02974995 0.02318405
0.02342657 0.02435165
0.02502949 0.0252755
0.01921571 0.0255934
0.02037848 0.02653147
0.022896 0.02761162
0.01661551 0.02587679
0.02067528 0.02635728
0.02435121 0.02610031
0.01750459 0.02699151
0.02173935 0.02595036
0.03052853 0.02561617
0.03263296 0.02623202
0.0311487 0.02781259
0.0155408 0.0289174
0.02381021 0.02889907
0.03286465 0.02791672
0.05086099 0.02684377
0.04899838 0.02758359
0.0222349 0.02674616
0.02576134 0.02779216
0.0134526 0.0286333
0.002507324 0.02558854
0.005781339 0.02597885
0.009719953 0.02597861
0.01433667 0.02827982
0.004415507 0.02731222
0.004793635 0.02661848
0.00591378 0.02710363
0.006418404 0.025614
0.01116756 0.02793171
0.003518066 0.0284584
0.009716738 0.02775014
0.01913823 0.02664745
0.03122359 0.02647883
0.01372203 0.02884418
0.007243173 0.02894304
0.01505985 0.03083653
0.01461733 0.03105599
0.02595943 0.03028661
0.0172105 0.03062493
0.02678259 0.02802246
0.02370103 0.03194593
0.01790869 0.03035184
0.01091835 0.03091445
0.01409587 0.03506979
0.01639507 0.03215331
0.01250315 0.03311295
0.01878891 0.03384923
0.01628311 0.03188347
0.007765255 0.03216899
0.01776066 0.03128814
0.02851645 0.03097767
0.00610494 0.03037358
0.01951666 0.03267036
0.01272724 0.03238439
0.00892315 0.03347862
0.00699307 0.03329754
0.01459472 0.03273091
0.006679807 0.03191666
0.02131696 0.0311294
0.02133437 0.03251651
0.007908404 0.03068753
0.009070943 0.02969329
0.009664448 0.02924309
0.006809847 0.02782888
0.02034796 0.02886425
0.01809183 0.02839976
0.0326917 0.02539744
0.02789461 0.02553432
0.04881616 0.02754631
0.01728239 0.02671617
0.01604317 0.02727161
0.03375838 0.02826554
0.040621 0.02869461
0.03798467 0.02712922
0.02470403 0.02761538
0.03611937 0.02818554
0.03729921 0.02730217
0.01020524 0.02755926
0.02719335 0.02815253
0.01721297 0.02751999
0.02220822 0.02677228
0.01558763 0.02685724
0.01178436 0.02675166
0.01698459 0.02659726
0.01316049 0.02853987
0.02571254 0.02819628
0.02233359 0.02712184
0.01609535 0.02864921
0.02806073 0.02754796
0.01814017 0.02682036
0.01555075 0.02589363
0.01662608 0.02629534
0.005837943 0.02485927
0.001008202 0.02409177
0.007630268 0.02475312
0.01245539 0.02386162
0.02252198 0.02110362
0.03322762 0.02072764
0.04811951 0.02055441
0.02647264 0.01888657
0.03257497 0.01975777
0.02892064 0.01909096
0.02442692 0.01818523
0.03628323 0.01930555
0.02697991 0.01736449
0.02957848 0.01817634
0.02436976 0.0185802
0.02248393 0.01872966
0.02528179 0.01777007
0.03252612 0.01660284
0.01671035 0.01786888
0.02383327 0.01922642
0.007127839 0.01867393
0.003526765 0.01771605
0.01053374 0.01783865
0.005970646 0.01741566
0.01536131 0.01801449
0.02682063 0.01844006
0.03095094 0.01886981
0.02404209 0.02009039
0.03348781 0.02007209
0.02437929 0.02027159
0.02874428 0.02100096
0.03848147 0.02142328
0.0372979 0.02227386
0.03242057 0.02125616
0.01989557 0.01982085
0.009274514 0.02000572
0.0140621 0.02078502
0.01256736 0.02185311
0.02015157 0.02347176
0.02011706 0.02146703
0.02710608 0.02159567
0.02285731 0.02171941
0.007043303 0.02246941
0.008524896 0.02219126
0.01283332 0.02178035
0.01124167 0.02112827
0.01540421 0.02084289
0.03338123 0.02144649
0.03968965 0.01945147
0.03725615 0.02037845
0.04099151 0.01930011
0.0440889 0.01880724
0.05548369 0.01873528
0.06836714 0.01810674
0.03973543 0.01879097
0.03033285 0.01860223
0.006405116 0.01870174
0.009569017 0.02006586
0.01640213 0.01999649
0.02993887 0.0189199
0.01270418 0.01945936
0.01899143 0.01995295
0.04188131 0.01849529
0.03366625 0.01673669
0.03624589 0.01782629
0.03219712 0.0174968
0.02188039 0.0174885
0.02794451 0.01994348
0.03972524 0.01981236
0.0576585 0.02021243
0.06739042 0.01761511
0.08134072 0.01944281
0.03897166 0.01718967
0.02962448 0.01792511
0.0175012 0.01807735
0.01786641 0.01718959
0.004313454 0.01612355
0.01997675 0.01659928
0.01166198 0.01580017
0.01009612 0.01674332
0.02513463 0.01550044
0.02855854 0.01497756
0.03234107 0.01460786
0.04235542 0.01390161
0.04403375 0.01472919
0.07553336 0.01452216
0.08746741 0.01627437
0.09579455 0.01660507
0.09653071 0.01692939
0.08493018 0.01683071
0.05783091 0.01650734
0.04610972 0.01636304
0.03911258 0.01499508
0.02633586 0.01588867
0.02133858 0.01591094
0.0191553 0.01708692
0.01498653 0.01646876
0.02021909 0.01577001
0.01582219 0.01577071
0.02848708 0.01534551
0.03775668 0.01638645
0.04492966 0.01653319
0.0337014 0.01673098
0.05223378 0.01573062
0.05244696 0.01508836
0.04166577 0.01555313
0.03224928 0.01524156
0.03798003 0.01542639
0.03637175 0.01554798
0.02362158 0.01429638
0.01200865 0.01412587
0.01510614 0.01397178
0.01534789 0.01335191
0.01915794 0.01332167
0.0272978 0.0132413
0.01192489 0.01357065
0.04080162 0.01476337
0.04907844 0.01525354
0.02274637 0.01512133
0.02630055 0.01513253
0.04985557 0.01535957
0.05357341 0.01539518
0.04378794 0.01664649
0.02041644 0.01672778
0.02695794 0.01608327
0.023421 0.01635679
0.02668271 0.0158233
0.01888696 0.01666678
0.0239897 0.01553144
0.02857694 0.01552962
0.03600157 0.01565414
0.03128746 0.01545211
0.01793289 0.0161773
0.02056155 0.01614558
0.04582663 0.01628407
0.04455386 0.01607744
0.05253518 0.01616173
0.04894961 0.01773812
0.06385823 0.0174846
0.06587922 0.01723777
0.0703442 0.01658783
0.05095947 0.01592508
0.05030233 0.01548949
0.05030601 0.01702475
0.02075787 0.01772855
0.0172634 0.01764089
0.02352455 0.02010059
0.02659446 0.02078814
0.01940437 0.01858896
0.01483904 0.01945015
0.0209598 0.02066911
0.02588878 0.02138154
0.03390417 0.0208775
0.02245658 0.02076162
0.02682016 0.02099732
0.02946294 0.02084621
0.02899109 0.02029882
0.02216412 0.02014282
0.02849446 0.02111656
0.03861252 0.02102855
0.0139601 0.02194492
0.0222466 0.02274535
0.02479002 0.02317066
0.008664042 0.02329748
0.01500891 0.02419022
0.01750923 0.02246901
0.02311339 0.02317305
0.06895095 0.02285458
0.04567112 0.02365032
0.03079221 0.02578525
0.02816174 0.02488876
0.02056505 0.02534615
0.0177193 0.02428312
0.02081431 0.02356325
0.009799309 0.02330684
0.02463185 0.02440184
0.02747346 0.0255046
0.02511961 0.02682488
0.02535772 0.02461464
0.01394496 0.02498531
0.02516779 0.0273124
0.01985138 0.02665909
0.0103299 0.02548714
0.01579999 0.02511509
0.02008046 0.02565972
0.04362892 0.02668264
0.03131639 0.028137
0.04754463 0.02970897
0.03877027 0.02915486
0.01967491 0.02899762
0.01239975 0.03080059
0.01736668 0.0308968
0.007938846 0.03135782
0.008492641 0.03102617
0.01079238 0.03024026
0.008881199 0.03014812
0.0180575 0.02795131
0.01161978 0.02720224
0.01516086 0.02832488
0.01750208 0.03053954
0.01331028 0.03016559
0.0259298 0.03055408
0.01230777 0.03005544
0.008274603 0.031526
0.00338073 0.03407792
0.01529563 0.03312757
0.02005386 0.03154902
0.01582606 0.03194101
0.006638752 0.03214843
0.01058318 0.03300645
0.005918041 0.03056839
0.002566258 0.03175024
0.006499344 0.03032946
0.002470208 0.02696548
0.006237279 0.02867788
0.009760431 0.02629632
0.01374178 0.02481774
0.02184766 0.02820018
0.0185171 0.02884321
0.018908 0.02840043
0.01912363 0.02777866
0.02770628 0.02806978
0.02561247 0.02784095
0.01907246 0.02674406
0.03491448 0.02702844
0.01993433 0.02689339
0.0268495 0.02598938
0.02023655 0.02583146
0.02370105 0.02547251
0.02485698 0.02440826
0.03261302 0.0288179
0.03658336 0.02992506
0.05190754 0.02885761
0.03159847 0.02700934
0.02110657 0.02734432
0.01889835 0.02828572
0.01659032 0.03065399
0.01843431 0.03150596
0.0259948 0.03042929
0.02369195 0.03217593
0.02406417 0.02945161
0.02133075 0.02736006
0.03141187 0.02705716
0.01963078 0.02440624
0.03446731 0.02394168
0.03644266 0.02338561
0.01262089 0.02568917
0.01326174 0.02438301
0.01116188 0.02421658
0.01048994 0.02287989
0.01422086 0.02142694
0.03308493 0.02131221
0.02773419 0.02167873
0.03160513 0.02236124
0.01749189 0.02145644
0.04077069 0.02203567
0.0428644 0.02477288
0.03325576 0.02461023
0.0443365 0.02222152
0.03439375 0.02279169
0.06031364 0.02370675
0.05592693 0.02427712
0.0469368 0.02586798
0.03232263 0.025345
0.02777316 0.02642812
0.03800124 0.02815423
0.03398254 0.02761587
0.03763286 0.02804913
0.01983612 0.02682725
0.02648714 0.02778255
0.02750584 0.02859582
0.03847335 0.02756176
0.02177786 0.02904593
0.01298209 0.02916175
0.005995262 0.02954387
0.01946474 0.02936071
0.01803365 0.02936936
0.01812214 0.0306447
0.0158309 0.02876334
0.01404481 0.03116932
0.0193845 0.02915245
0.0284651 0.02968853
0.02887325 0.03035892
0.02568603 0.0295346
0.02185231 0.02795271
0.01146558 0.0246483
0.01155634 0.02548291
0.01303966 0.02779717
0.01888588 0.02597034
0.02720381 0.02637153
0.02170563 0.02603383
0.02407075 0.02672503
0.02312207 0.02652
0.02528165 0.02639708
0.006147491 0.02663164
0.01462663 0.02586848
0.03428655 0.02535427
0.03323318 0.02415317
0.02565123 0.02321447
0.01727678 0.02340277
0.02883989 0.02586315
0.03791035 0.02646404
0.02601418 0.02599078
0.02825796 0.02604811
0.01216273 0.0268709
0.009209007 0.02621407
0.006625482 0.02643969
0.01646346 0.02514812
0.02347978 0.02307792
0.02074369 0.02265543
0.02313796 0.02429576
0.01471139 0.02369877
0.01392033 0.02409114
0.02163408 0.02434759
0.02910011 0.02304794
0.04394608 0.02372114
0.0326315 0.02519912
0.02420078 0.02506088
0.03399766 0.02509188
0.03528926 0.0270171
0.01895906 0.02576447
0.0301176 0.02648857
0.03947527 0.02470293
0.02025299 0.02599343
0.02182446 0.02649558
0.03553274 0.02609767
0.02855788 0.02811538
0.02051579 0.02980421
0.02021389 0.02899259
0.01011273 0.02636314
0.00676599 0.02757281
0.01000456 0.02602071
0.01615262 0.02749041
0.01194113 0.02640175
0.01186094 0.02346732
0.02243054 0.02508642
0.01733226 0.02756172
0.0251186 0.02591781
0.01834456 0.02502182
0.01538385 0.02470992
0.03017716 0.02441054
0.01953707 0.02248575
0.02088463 0.02272778
0.01678651 0.02380719
0.04157832 0.0231224
0.03937823 0.02347755
0.04513738 0.02248463
0.03132092 0.02383674
0.02631526 0.02300447
0.02619542 0.02310662
0.03837434 0.02330756
0.04214824 0.02358117
0.04040915 0.02404127
0.03694468 0.02407041
0.03321927 0.02361751
0.01472401 0.02389298
0.0202983 0.02421052
0.00964258 0.02396461
0.01866946 0.02414216
0.01193296 0.02183574
0.00444846 0.02155505
0.01261913 0.02194236
0.02518328 0.01963567
0.02988259 0.01947105
0.03887966 0.01905135
0.02452362 0.01958496
0.01914467 0.01997179
0.01964488 0.01972598
0.02402864 0.01986966
0.03024628 0.01831088
0.03299845 0.01784493
0.04559601 0.01821578
0.03913238 0.01825134
0.01572691 0.01902381
0.0251209 0.01731695
0.03871247 0.01705879
0.05477583 0.01763734
0.0328471 0.0166402
0.02568868 0.01595632
0.0316508 0.01541771
0.02944411 0.01483849
0.02008157 0.01572159
0.04091837 0.01533413
0.03081781 0.01478944
0.03222043 0.01414739
0.02280242 0.01516702
0.03060736 0.01507832
0.02800281 0.01545243
0.02729098 0.01518644
0.01913892 0.01558789
0.01774101 0.0161969
0.01587408 0.01601851
0.02309027 0.01635203
0.02421609 0.01476072
0.0292882 0.01524032
0.02496039 0.01523768
0.0286224 0.0152524
0.04192863 0.01646167
0.05465924 0.01701727
0.03124306 0.01662172
0.0262643 0.01670455
0.02088068 0.01717895
0.03473599 0.01686968
0.03327827 0.01665707
0.05033098 0.01608684
0.03613206 0.01533849
0.04737279 0.01604578
0.07236679 0.01506245
0.03771541 0.01438148
0.0277985 0.01523545
0.04016233 0.01582791
0.05062405 0.01614844
0.03365232 0.0185667
0.03543456 0.0177516
0.0352758 0.0185434
0.03680305 0.01920244
0.05181851 0.01758273
0.03934627 0.01640016
0.05679789 0.01727642
0.04352232 0.01744423
0.02122258 0.01668679
0.0123919 0.01623802
0.0162485 0.01582963
0.01941933 0.01581043
0.01661604 0.01557246
0.0111999 0.01633882
0.01447656 0.01670043
0.02536671 0.01642451
0.01620366 0.01681913
0.03106894 0.01790922
0.02789303 0.0164442
0.02121876 0.01642031
0.02021138 0.01632425
0.01923599 0.01593678
0.0160649 0.01730975
0.0206123 0.01674036
0.03642325 0.01612579
0.04141848 0.0156737
0.03777839 0.01548492
0.05438231 0.01605271
0.02630622 0.01643634
0.0346429 0.01830952
0.03956704 0.01783768
0.03750744 0.01774482
0.0388976 0.01727772
0.03028315 0.01671435
0.03700579 0.01664287
0.0362311 0.01730669
0.03285423 0.01652664
0.0353096 0.0171961
0.03243997 0.01739712
0.04575927 0.01763052
0.03600506 0.0164294
0.02500609 0.01503271
0.01815935 0.01556867
0.02142969 0.01567344
0.03315512 0.01527191
0.03701677 0.01526561
0.01843991 0.01579434
0.009112705 0.01514305
0.01979473 0.01487253
0.01055015 0.01468567
0.01510767 0.01422777
0.009551531 0.01436347
0.02591043 0.01418019
0.0352446 0.01558632
0.01301017 0.01600001
0.03404152 0.01498297
0.03663788 0.01564091
0.02319547 0.01533222
0.02717161 0.01478991
0.03005392 0.01548687
0.04092867 0.01641049
0.05254926 0.01587593
0.08832947 0.01636493
0.0579168 0.01603427
0.01854341 0.01608071
0.03111064 0.01622143
0.0502944 0.01502017
0.03511235 0.01385223
0.01941299 0.01291683
0.01301479 0.01369811
0.01936966 0.01330932
0.02065142 0.01262484
0.01521799 0.01303265
0.02322281 0.01308477
0.02620913 0.01383468
0.04960379 0.01505631
0.01810448 0.01462062
0.003743881 0.01572663
0.009073151 0.01557535
0.01214173 0.01430041
0.009880537 0.01489207
0.01762058 0.01422427
0.02835029 0.01425498
0.05396996 0.01462114
0.0381919 0.01463253
0.05629166 0.01658942
0.04955362 0.01796675
0.03780191 0.01799555
0.04866723 0.01747289
0.05843678 0.01764701
0.06411241 0.01903739
0.02586363 0.01899218
0.0203897 0.01905122
0.02683499 0.01848266
0.02380823 0.01925833
0.02000763 0.02027106
0.01049949 0.01980349
0.01476384 0.0201279
0.01352674 0.02163377
0.02132183 0.0204228
0.01779483 0.01938304
0.02079793 0.01906727
0.02985971 0.01978953
0.02296565 0.02009485
0.02375559 0.02007604
0.01735071 0.02105989
0.02445853 0.02196806
0.0158832 0.02212271
0.009838812 0.02213192
0.01234384 0.0227438
0.02236705 0.0220676
0.02298972 0.02217484
0.0204078 0.0203992
0.0033689 0.0207509
0.006777048 0.022896
0.02755437 0.02085944
0.0409704 0.02112275
0.03047894 0.02093544
0.01893805 0.02141897
0.02757736 0.02133014
0.004440662 0.01962219
0.002306972 0.01914383
0.004811468 0.0186636
0.01632607 0.01841275
0.007015967 0.01795375
0.006843818 0.01726171
0.002768623 0.01766673
0.01164239 0.01798728
0.01003227 0.01740223
0.01294657 0.0172826
0.003196409 0.01739078
0.001902597 0.01725611
0.009302319 0.01719491
0.02935755 0.0179908
0.02652862 0.01815371
0.01984463 0.01828856
0.01523951 0.01802985
0.02730325 0.01846796
0.02406675 0.01998535
0.04683245 0.02134552
0.05358465 0.02178613
0.05100369 0.02170865
0.03245514 0.02055615
0.03120828 0.02008259
0.03321583 0.02111916
0.02757234 0.02060108
0.02775627 0.02126564
0.04446409 0.02115947
0.04223338 0.02199817
0.02758181 0.02133899
0.01745089 0.02109762
0.02700604 0.01999466
0.02618673 0.02004634
0.01373931 0.01873699
0.01929341 0.01796449
0.009895552 0.0176142
0.02401461 0.01707055
0.02581787 0.01670862
0.02825933 0.01681214
0.03765804 0.01635304
0.02721018 0.0176601
0.01121966 0.01811593
0.02062446 0.01800199
0.02065364 0.01814124
0.01283105 0.01788456
0.01302265 0.01734383
0.02509036 0.01801031
0.02031802 0.01846976
0.02414241 0.01790163
0.02366375 0.01847368
0.01108824 0.01953516
0.02027287 0.01804643
0.01864008 0.01976522
0.0144516 0.01834116
0.03250025 0.01794339
0.02323643 0.01868001
0.02732687 0.01923755
0.0391652 0.01942511
0.04022429 0.01956414
0.02749717 0.01901081
0.01397677 0.02059426
0.01588111 0.0207199
0.01029201 0.02173144
0.01910061 0.02137755
0.01768441 0.02274457
0.01551713 0.02243543
0.01403266 0.02272982
0.01720778 0.0239507
0.01944614 0.02197734
0.005621094 0.02065983
0.03753051 0.0196902
0.0400686 0.01813514
0.03453568 0.01769774
0.04619236 0.01869061
0.02950395 0.01831603
0.02705194 0.0176285
0.0197047 0.01717698
0.02185116 0.01835968
0.03732811 0.01878886
0.02497012 0.01841612
0.03381628 0.01811161
0.03891547 0.01754707
0.02475073 0.01768874
0.04219603 0.01742012
0.04083583 0.01667415
0.03563085 0.01613997
0.02154507 0.01668992
0.0246481 0.01603138
0.02306679 0.01430841
0.05262676 0.013132
0.06552407 0.01263102
0.02752963 0.01216813
0.01367189 0.01301058
0.01490579 0.01289422
0.01569259 0.01347101
0.02542949 0.01313873
0.009573606 0.01289212
0.01375204 0.01235355
0.02155618 0.01220251
0.02672758 0.01195148
0.02491 0.01226452
0.0304437 0.01182087
0.04330657 0.01277895
0.04133221 0.0125262
0.04210448 0.01232445
0.04133704 0.01194518
0.02059082 0.01216639
0.01808315 0.01169945
0.01333129 0.01142124
0.016054 0.01191512
0.008469296 0.01270109
0.01525725 0.01223447
0.01432575 0.01209324
0.0166888 0.0115355
0.04373075 0.01170559
0.05477287 0.01233685
0.05189918 0.01197662
0.06824721 0.01238606
0.03484417 0.01141874
0.06555321 0.01132011
0.07657025 0.01238641
0.04995993 0.01276374
0.04480981 0.01229184
0.04095906 0.01315343
0.05510663 0.01420928
0.05986765 0.01423523
0.07095334 0.01436531
0.07580596 0.01369114
0.04490683 0.01368743
0.05732259 0.01398458
0.05385743 0.01362791
0.0534607 0.01331786
0.05789696 0.01211272
0.04542384 0.01195058
0.05861638 0.01217174
0.06415961 0.01167513
0.04729623 0.01067364
0.06380458 0.01028248
0.07876357 0.01075731
0.07841626 0.01084973
0.05936618 0.01058306
0.06594124 0.01066865
0.07523909 0.0106679
0.04048861 0.01046608
0.03110759 0.01032189
0.02674834 0.009770434
0.03015581 0.009548905
0.03086889 0.009270718
0.0307493 0.00910021
0.02585533 0.009178587
0.03389608 0.009379662
0.03340345 0.009052334
0.03322873 0.008609962
0.02439361 0.008263284
0.01828372 0.007626713
0.003350405 0.007695651
0.009334915 0.00792251
0.01439607 0.008729699
0.02335185 0.00896352
0.02610587 0.009563711
0.0483216 0.009823938
0.03621862 0.01001662
0.03782651 0.010596
0.02404789 0.01143195
0.02602678 0.01217177
0.0479966 0.01279756
0.0608911 0.01249448
0.03396678 0.01239608
0.01943332 0.01235635
0.01557161 0.01319727
0.02083248 0.01366524
0.01747455 0.01471764
0.02173102 0.01447513
0.0192067 0.01496243
0.01371884 0.01342315
0.02704039 0.01298332
0.01769976 0.01363154
0.02727306 0.01454383
0.02216069 0.01393487
0.0356705 0.01350852
0.04945778 0.01385474
0.04973933 0.01431781
0.0403971 0.01534079
0.09109508 0.01558124
0.08019054 0.01414708
0.1048408 0.01446761
0.1186841 0.01443192
0.07725747 0.01429881
0.08585163 0.01449222
0.09697159 0.01393603
0.07486377 0.01374472
0.05240939 0.01446107
0.04839695 0.01393683
0.03782893 0.01478191
0.05416551 0.01491506
0.08909246 0.01400204
0.08001148 0.013883
0.05865426 0.01299216
0.07388834 0.01285048
0.06071272 0.01328322
0.06644993 0.01344813
0.06016462 0.01319247
0.04990294 0.01244141
0.03449159 0.0123652
0.07493486 0.01285146
0.08074384 0.01274017
0.06174461 0.01292161
0.06775973 0.01237598
0.09284146 0.01281683
0.09330324 0.0131418
0.06841191 0.0124479
0.06988226 0.01325828
0.06032341 0.01337202
0.06122061 0.01266147
0.05528755 0.01316649
0.04819368 0.01314971
0.02686124 0.01415008
0.04166236 0.01582368
0.0315721 0.01589484
0.06346296 0.01552562
0.05819457 0.01376026
0.04216004 0.01342315
0.04641479 0.01339774
0.04688834 0.01494967
0.02610012 0.01465475
0.04209277 0.01513429
0.03432401 0.01436097
0.01037578 0.01418057
0.02181245 0.01363664
0.01372187 0.01298236
0.02707058 0.01401933
0.02736546 0.01507685
0.0118564 0.01589769
0.0326124 0.01637919
0.02328313 0.01699872
0.04384177 0.017046
0.04298842 0.01619192
0.06257871 0.01483788
0.04514736 0.01335948
0.03961659 0.01309248
0.06509397 0.01305684
0.06694346 0.01341269
0.06004363 0.01401093
0.04769575 0.01352485
0.034603 0.01413625
0.0273627 0.0145718
0.01527289 0.01460513
0.02422955 0.0134735
0.02762894 0.01264967
0.02678421 0.01316771
0.02561403 0.01334537
0.009756986 0.0119667
0.005297865 0.01168097
0.01289447 0.01222705
0.01721585 0.01160733
0.02619764 0.01169237
0.04151293 0.01164302
0.04714306 0.01136795
0.02958109 0.01053653
0.02394821 0.0103949
0.01611625 0.01074069
0.01383503 0.01134295
0.0137882 0.01123329
0.01072323 0.01164359
0.005106036 0.01250849
0.006728785 0.01250683
0.004040979 0.01290568
0.005154601 0.01414865
0.01406084 0.01470508
0.0099099 0.0142929
0.01162519 0.01455929
0.01959093 0.01429279
0.03306227 0.01531767
0.04324268 0.01629624
0.04676035 0.01693883
0.04808065 0.01620664
0.03978962 0.01586861
0.03948083 0.01550934
0.05701458 0.01679201
0.0499297 0.01687224
0.04880901 0.01642774
0.04993122 0.01628908
0.02740028 0.01568524
0.02923185 0.01519244
0.02476514 0.01405142
0.01817926 0.01408583
0.0220416 0.01317288
0.06693397 0.01361165
0.0634642 0.01308434
0.05266609 0.01303255
0.04920845 0.01225489
0.05056976 0.01232319
0.04728998 0.01255446
0.0441607 0.01277138
0.06403488 0.01209271
0.05229602 0.01207483
0.05122215 0.01235145
0.06788212 0.01205812
0.09952082 0.01161985
0.06560383 0.01038116
0.06016268 0.009724323
0.07054412 0.01113584
0.04897366 0.01138571
0.05077715 0.01013509
0.05151469 0.01102398
0.02992483 0.01068496
0.03446439 0.01111096
0.04651506 0.01073764
0.03272031 0.01104216
0.0259994 0.01040746
0.03763108 0.01013951
0.07011927 0.01003043
0.04113705 0.009907728
0.05371461 0.009494349
0.05969731 0.01088354
0.06246698 0.01066229
0.04940297 0.01146627
0.08967541 0.01238642
0.1010924 0.01139186
0.1248499 0.01156813
0.1444809 0.01144043
0.1055473 0.01086909
0.09652278 0.01039237
0.06792079 0.01038345
0.04997801 0.01043008
0.04624333 0.01061764
0.05712594 0.01062276
0.04222514 0.01056283
0.04582211 0.01101527
0.03878446 0.01097252
0.04653971 0.01007663
0.0504263 0.009531286
0.06444988 0.008943132
0.04860135 0.009328281
0.05554951 0.009564494
0.03355531 0.008779037
0.03765474 0.008885214
0.03220094 0.00914075
0.045994 0.008874453
0.05259535 0.008292048
0.06161827 0.008032952
0.06855845 0.007690693
0.06902334 0.007971756
0.1106383 0.008821917
0.1276322 0.008905492
0.1358836 0.008299193
0.1394576 0.009078971
0.09745485 0.009188852
0.09274717 0.009153341
0.05722216 0.00915252
0.07120822 0.008961873
0.05384281 0.009179898
0.03878317 0.009343177
0.04727663 0.009055795
0.04619793 0.009099979
0.07155211 0.008919072
0.07734487 0.008410021
0.0855917 0.008082912
0.1125994 0.008521038
0.08016499 0.008809626
0.07876292 0.009039984
0.0602352 0.008504925
0.0762117 0.008599289
0.09040379 0.008480468
0.08956262 0.008856909
0.08813787 0.008934813
0.04792291 0.008522803
0.04231445 0.008871897
0.02648623 0.008896547
0.03798499 0.008814256
0.03022988 0.00909289
0.04171276 0.00858235
0.04421626 0.008906841
0.03465876 0.009519808
0.03662883 0.009694063
0.02712403 0.009546152
0.02348702 0.009573607
0.01766674 0.01001986
0.02107967 0.009739455
0.02222504 0.01060464
0.02620719 0.01006305
0.05367097 0.01049025
0.05408792 0.01073935
0.04653795 0.0109974
0.05676499 0.01012152
0.03230468 0.00959248
0.02280635 0.01066902
0.02574624 0.01096774
0.01727721 0.01028494
0.01836077 0.01027722
0.02361336 0.01012127
0.01177213 0.009483515
0.01511107 0.008757563
0.03391103 0.008611078
0.03624837 0.008537714
0.01622079 0.007928531
0.03256429 0.008095345
0.0436995 0.00811502
0.03419965 0.008823631
0.05212476 0.008864317
0.02839652 0.009352616
0.02654658 0.008798971
0.02220332 0.008102669
0.01327623 0.007774125
0.02499243 0.007690473
0.01804336 0.007984697
0.02368859 0.00819216
0.05141216 0.008497607
0.09903191 0.008807961
0.1005362 0.009021518
0.09698245 0.009501876
0.08050352 0.0102954
0.07946865 0.01036976
0.08709523 0.009624569
0.1000288 0.009598834
0.08832794 0.009622711
0.09003016 0.01011272
0.06441931 0.01059433
0.06756907 0.009977176
0.05788633 0.01006944
0.03823244 0.01083994
0.03214792 0.01104752
0.04273116 0.01134282
0.06581161 0.01172579
0.08561319 0.01169172
0.05563043 0.01162312
0.06247558 0.01128103
0.05461479 0.01172906
0.05669975 0.01134819
0.06818062 0.0118693
0.06164355 0.01158017
0.05878016 0.01251416
0.04408689 0.01403684
0.05312587 0.01383147
0.05382524 0.01276656
0.02911082 0.01286694
0.02512244 0.01214184
0.02778246 0.01120624
0.0343578 0.01181148
0.02796384 0.01179817
0.008182 0.01246883
0.02412855 0.01197644
0.01873502 0.01285646
0.02788244 0.01234095
0.03538322 0.01247801
0.0318814 0.01304004
0.03136246 0.01281447
0.03004491 0.01229795
0.02548586 0.01273152
0.05679911 0.01207164
0.03317927 0.01348129
0.03324094 0.01362471
0.06806359 0.01366068
0.03449586 0.01461206
0.05526107 0.01460134
0.04408206 0.01443477
0.04245732 0.01485069
0.02518832 0.01416573
0.02539842 0.01441953
0.04440217 0.0144133
0.05782551 0.01496494
0.07837088 0.01434995
0.05624316 0.01384758
0.04116424 0.01338201
0.03569114 0.01411981
0.03900933 0.01368044
0.03738586 0.01470461
0.04987077 0.01499952
0.03346559 0.01500059
0.02730094 0.01362292
0.02137065 0.01344262
0.003238938 0.01240632
0.007405442 0.01333077
0.01015536 0.01286569
0.0272423 0.01254593
0.04326069 0.01245634
0.02266558 0.01267366
0.03162746 0.0122759
0.02618362 0.0112044
0.02695364 0.01058159
0.03643205 0.01036205
0.04476169 0.01055934
0.03179614 0.01010849
0.05892935 0.009873986
0.0409744 0.01025043
0.04067579 0.01058746
0.06047925 0.01132125
0.07403431 0.01148531
0.07828408 0.01175932
0.1101823 0.01278241
0.08665735 0.01221463
0.07312857 0.01243025
0.08520221 0.01371342
0.07353637 0.0128039
0.04843645 0.01272575
0.05529012 0.01352492
0.03899745 0.01435959
0.0331512 0.01363929
0.03758582 0.01420525
0.03536438 0.01466975
0.02840065 0.01501898
0.02559922 0.01541493
0.01550216 0.01509923
0.01129561 0.01421867
0.02008797 0.01364743
0.0146424 0.0147609
0.03420538 0.01611416
0.04604623 0.01705571
0.04805002 0.01698909
0.02775354 0.01687362
0.01567219 0.01778347
0.01813334 0.01872229
0.02499993 0.01923274
0.02059737 0.01837833
0.02765188 0.0188727
0.0224492 0.0177741
0.02587497 0.01786851
0.01860459 0.01792632
0.03554424 0.01751592
0.05618624 0.01701011
0.03971625 0.01761997
0.04717518 0.01681628
0.04470049 0.01757149
0.04407454 0.01695128
0.05922189 0.01585971
0.04351792 0.01670307
0.03819193 0.01706804
0.04264688 0.01782193
0.03863048 0.01728087
0.01082009 0.01715011
0.008801989 0.0172486
0.01795707 0.01682473
0.006439365 0.01599521
0.00382177 0.01587597
0.008060966 0.01649315
0.002833757 0.01631122
0.02869771 0.016275
0.02306988 0.01656746
0.02134763 0.01744529
0.03800271 0.0164458
0.02232868 0.016987
0.03075472 0.01682584
0.01147451 0.01585706
0.00637129 0.01515628
0.01729393 0.01578074
0.01270164 0.01627788
0.01560129 0.01582883
0.02828528 0.01556014
0.0356256 0.01497481
0.03660058 0.01447595
0.04513922 0.01605329
0.02087883 0.01554088
0.01418565 0.01582187
0.01188273 0.016437
0.02242306 0.01746647
0.01609833 0.0170596
0.01651524 0.01704657
0.01727963 0.01759789
0.02142582 0.01829157
0.02188239 0.01682192
0.02958868 0.01590649
0.01740253 0.01640674
0.03482986 0.01630514
0.02213885 0.01584037
0.04472153 0.01738987
0.06643689 0.01707608
0.05648303 0.01636476
0.03693906 0.0164604
0.05196822 0.01665859
0.03874273 0.01790714
0.05945371 0.01758798
0.06023298 0.01822356
0.0363074 0.01801217
0.04375261 0.01734143
0.02435865 0.01742769
0.02666214 0.01744518
0.03945399 0.01709798
0.02283437 0.01745321
0.02585704 0.01703209
0.02308201 0.01671499
0.01169424 0.01789674
0.03536268 0.01884233
0.049045 0.01811416
0.0551532 0.01917263
0.05394828 0.01897086
0.0624295 0.01949676
0.06816996 0.01920664
0.07342313 0.01987083
0.0687291 0.01933297
0.06203923 0.0193931
0.02252404 0.02165293
0.03435909 0.02093007
0.0321348 0.0204204
0.02941264 0.01918683
0.01829703 0.01914604
0.01972617 0.0209697
0.01466085 0.02234737
0.0228377 0.02359027
0.02728124 0.022526
0.02971223 0.02045398
0.01740343 0.01957136
0.04402471 0.01987446
0.02946929 0.02044625
0.02503754 0.01912763
0.02300131 0.01909508
0.01978057 0.02025507
0.01111361 0.01987976
0.02109307 0.02072778
0.04575603 0.0225446
0.05742268 0.02412798
0.02734416 0.02464475
0.02706507 0.02510595
0.04952543 0.02463598
0.04738945 0.02500853
0.05788922 0.02514275
0.0407138 0.02417198
0.03689221 0.02188457
0.05230862 0.02267797
0.03757323 0.02277886
0.0235753 0.02361901
0.02656168 0.0240922
0.02265507 0.02509597
0.03162007 0.02571222
0.04624222 0.02488112
0.04499821 0.02250532
0.04424452 0.02113664
0.03805716 0.02064466
0.02717894 0.01995338
0.03243288 0.02142621
0.04644655 0.02259793
0.03913485 0.02358746
0.0399112 0.02422181
0.03863626 0.02276804
0.03597286 0.02435788
0.04900566 0.02417181
0.02932399 0.0262643
0.01193071 0.02515947
0.01163911 0.02758686
0.01124766 0.02815033
0.01212975 0.02782877
0.009157505 0.0285162
0.0170307 0.02945576
0.008297779 0.02873139
0.007941302 0.02801261
0.01885858 0.03066705
0.01935079 0.02979367
0.01563678 0.02972611
0.01325049 0.02845145
0.006290276 0.02874729
0.008647929 0.02967535
0.01167665 0.029735
0.005467879 0.03012976
0.01734144 0.03046067
0.01398719 0.03278359
0.01640764 0.03364828
0.04480525 0.03461405
0.04947616 0.0346765
0.02698543 0.03569657
0.02409523 0.03876523
0.02469981 0.03906263
0.03124242 0.03745172
0.02177835 0.03496661
0.03306904 0.03370724
0.01763693 0.03735393
0.02512302 0.03597586
0.01292461 0.03461296
0.0151333 0.03416163
0.01830141 0.03354158
0.0204726 0.03440489
0.01529093 0.03371457
0.018083 0.03509757
0.01698336 0.03446467
0.01312872 0.03489439
0.00589609 0.03666463
0.005160896 0.03607286
0.01162123 0.0371012
0.01652312 0.0374406
0.01463753 0.04163889
0.0396154 0.04326864
0.03777227 0.04465543
0.02847049 0.04532247
0.00763416 0.04705867
0.01872781 0.04695399
0.007915844 0.04546617
0.009917028 0.04921398
0.01578217 0.05312581
0.0130241 0.04993128
0.01811454 0.04445499
0.01897694 0.0424172
0.004019132 0.04060287
0.01493514 0.04207657
0.01407567 0.04635454
0.01140056 0.04849498
0.01092259 0.05001601
0.01876122 0.04941017
0.01987814 0.04721068
0.03206705 0.04866302
0.01461881 0.04687761
0.02188173 0.04267935
0.00941373 0.03964567
0.01009594 0.03689629
0.01051871 0.03910648
0.01350447 0.0386081
0.01225962 0.04059997
0.01271584 0.04366567
0.008955766 0.04148327
0.005470578 0.04035146
0.004230069 0.04120914
0.004175382 0.04345893
0.01385546 0.03989289
0.01300186 0.03627436
0.02606797 0.03482845
0.01425457 0.03543063
0.01783044 0.03767688
0.0009665437 0.03572004
0.003017342 0.03271549
0.0054017 0.03219889
0.007618804 0.03299051
0.01684744 0.03207905
0.009613768 0.03169615
0.002761868 0.03130769
0.01472794 0.03390875
0.01923189 0.03145007
0.01249277 0.03039324
0.01209891 0.03156354
0.01066681 0.0318782
0.007525226 0.03072437
0.007803562 0.03175421
0.01374973 0.02946651
0.01360899 0.02748083
0.01236146 0.02702039
0.01347944 0.02664019
0.01828253 0.0260067
0.01842733 0.02609158
0.0213613 0.02585904
0.01699833 0.02410678
0.02396916 0.02596677
0.04229875 0.0255077
0.03330671 0.02550534
0.0337399 0.02707904
0.01180898 0.02672278
0.01194893 0.02678991
0.01520285 0.0258811
0.007138228 0.02801789
0.01024362 0.02860828
0.01327071 0.02892984
0.009937739 0.02758763
0.009951312 0.0274549
0.01087186 0.02789687
0.0111144 0.02787669
0.01691929 0.02593434
0.00735494 0.02580893
0.00568211 0.0270392
0.00468729 0.02498898
0.008157355 0.02417318
0.007395478 0.02304676
0.00518491 0.02321335
0.008168078 0.02392207
0.008705935 0.02346283
0.01304124 0.02249416
0.01557897 0.02224802
0.01372971 0.0219155
0.01254417 0.02130198
0.02222757 0.02294232
0.03301216 0.02235817
0.0401985 0.02328904
0.03586263 0.02151026
0.02533501 0.02338545
0.0220639 0.02512866
0.01443484 0.02553567
0.01784814 0.02489445
0.01294222 0.02608295
0.01608536 0.0288215
0.01979191 0.02692285
0.0247895 0.02486044
0.01151249 0.02389456
0.01940802 0.02528717
0.01129737 0.02384926
0.002231482 0.02337304
0.007512533 0.02446821
0.009414936 0.02453665
0.01206729 0.02475167
0.02339974 0.02666411
0.01255338 0.02536443
0.008146205 0.02389981
0.009714398 0.02626203
0.01338788 0.02531677
0.00223106 0.0258595
0.00170452 0.02793682
0.004562859 0.02820423
0.02359262 0.02667629
0.01862385 0.02710729
0.01634094 0.02859505
0.01103741 0.02815247
0.01626524 0.02824676
0.02936581 0.0289256
0.0237172 0.0275424
0.01049156 0.02956725
0.0174816 0.02914251
0.03098692 0.03020797
0.03791231 0.03017158
0.03698577 0.03310889
0.03336011 0.0336337
0.03373569 0.03396997
0.02859338 0.03503875
0.03766009 0.03416988
0.02020408 0.03434354
0.009162032 0.03404273
0.01047751 0.03261296
0.01139495 0.031829
0.008270446 0.03041057
0.01479995 0.03235535
0.02335504 0.03111625
0.01118235 0.0298584
0.01457227 0.02958321
0.0258703 0.02944769
0.03202855 0.02823447
0.02256319 0.02799162
0.007678165 0.02953238
0.004112613 0.02927993
0.01520711 0.03084302
0.02100429 0.02894223
0.01796846 0.02864582
0.0115414 0.02730044
0.01358647 0.02828282
0.0117072 0.02706772
0.01749222 0.02756613
0.007033262 0.02791205
0.003090839 0.02755091
0.006319393 0.02767876
0.01981191 0.0287906
0.02701701 0.02930953
0.02909961 0.02899179
0.02666268 0.02785459
0.01807195 0.02937402
0.01176487 0.03159359
0.01396229 0.03138118
0.02222485 0.03041824
0.007030648 0.02856139
0.01709302 0.0291861
0.01077802 0.02813797
0.03008032 0.03211108
0.01521321 0.03039909
0.01554472 0.02935734
0.01446825 0.02795465
0.005229487 0.02878574
0.01664748 0.02852084
0.02780589 0.03047191
0.02263339 0.03177656
0.01081012 0.0325556
0.02745955 0.03605981
0.01818034 0.03281938
0.0121388 0.033469
0.02502341 0.03405215
0.01743291 0.03506353
0.01243524 0.03835417
0.01564218 0.03682761
0.04060221 0.03567786
0.04499517 0.03569022
0.01974718 0.03618595
0.01655922 0.03696595
0.01674966 0.03919834
0.01759044 0.03872
0.01272765 0.03535724
0.01629314 0.03491174
0.02076414 0.03432574
0.01191884 0.0337441
0.01419634 0.033649
0.0199523 0.03292583
0.01835186 0.03289635
0.01588771 0.03335579
0.01991018 0.03211424
0.01756938 0.03029252
0.0219274 0.03090031
0.03301244 0.02859246
0.02008644 0.02883817
0.01712039 0.0274648
0.0214743 0.02744839
0.02244634 0.02707972
0.02010608 0.023971
0.01412102 0.02482357
0.008488013 0.0251292
0.01465578 0.02355609
0.00541013 0.02295056
0.002988712 0.02128925
0.01574384 0.02113107
0.01388933 0.0222455
0.02084211 0.02079507
0.03321924 0.02095584
0.02384629 0.02172822
0.02987453 0.02287285
0.04169133 0.02447708
0.03442543 0.02482201
0.03758865 0.02672798
0.02570771 0.02561895
0.0237146 0.02628723
0.01907056 0.02847055
0.03299611 0.02777593
0.03032848 0.02828452
0.03561043 0.02767882
0.04678024 0.02836279
0.03245474 0.02966842
0.007251971 0.03048575
0.009234638 0.03137743
0.006974211 0.02990353
0.00462688 0.03016662
0.009599063 0.03298775
0.01817453 0.03362707
0.02527828 0.03419242
0.02904429 0.03348593
0.02337889 0.03437241
0.01049203 0.03502892
0.003566879 0.0357118
0.01067069 0.03405704
0.01804765 0.03236443
0.005141989 0.03317357
0.01293431 0.03081026
0.01091393 0.03044426
0.006804629 0.03040705
0.01059825 0.03132408
0.01870421 0.0320775
0.009786856 0.03009726
0.01085854 0.03202075
0.005716089 0.03047214
0.0178776 0.02983016
0.01246686 0.02939481
0.01128959 0.0307622
0.01234228 0.03172033
0.01012235 0.03100111
0.01805925 0.02987229
0.03166357 0.03077264
0.04008209 0.0302072
0.03559737 0.03052381
0.03624318 0.03119959
0.02050961 0.03326271
0.01582204 0.03354909
0.007631213 0.03470358
0.01412623 0.03619814
0.01313778 0.03780184
0.01066129 0.03906831
0.01526801 0.03866328
0.006942241 0.04105696
0.01817021 0.04184504
0.01407904 0.04151811
0.00817948 0.0415062
0.00883203 0.0377366
0.0127033 0.0374238
0.0176493 0.03991554
0.01395206 0.03900176
0.01961348 0.03838113
0.01024493 0.03991286
0.01610327 0.03905949
0.00885311 0.0392633
0.02092825 0.04305624
0.02294245 0.04575381
0.01036933 0.04828931
0.01046195 0.05135594
0.01326322 0.04691847
0.01166614 0.05082253
0.009333916 0.04753993
0.0107853 0.04498294
0.009349837 0.04291921
0.02712672 0.04117654
0.008431843 0.04273362
0.001284322 0.04240117
0.008943195 0.03990725
0.01280547 0.04050656
0.01851307 0.04118325
0.0268873 0.03956421
0.02717834 0.04085375
0.04230436 0.04014961
0.0181762 0.03967479
0.02007395 0.03727244
0.0123853 0.03835001
0.009305183 0.03957905
0.006956682 0.03761652
0.01472254 0.03675787
0.02157968 0.03488176
0.01324891 0.03826069
0.01743321 0.03741821
0.00945522 0.03464948
0.009239636 0.03764103
0.00529529 0.03363385
0.006524601 0.03628895
0.01877527 0.03544877
0.02660439 0.03268355
0.004591207 0.0335114
0.007572595 0.03328483
0.006647929 0.0337766
0.01169992 0.03200607
0.03058259 0.03149837
0.04557461 0.03090143
0.0557386 0.03066012
0.05308708 0.03157247
0.02526721 0.03205986
0.02392971 0.03282694
0.02884373 0.03144237
0.04571073 0.02969415
0.03924661 0.02909839
0.04048437 0.03099386
0.04144405 0.03117103
0.03567752 0.03204822
0.02274233 0.03198794
0.02318992 0.03252894
0.01736181 0.03506658
0.02356067 0.03413989
0.0101271 0.03567827
0.004404722 0.03711255
0.008609034 0.0368475
0.01102405 0.03541687
0.006668144 0.03496272
0.007041754 0.03630862
0.005273222 0.03960292
0.006018259 0.03416084
0.01779487 0.03261251
0.01157312 0.03195427
0.01651688 0.0318152
0.01757029 0.03124211
0.02092725 0.03253719
0.01336296 0.03407252
0.01038583 0.03409628
0.005099654 0.03356654
0.00497846 0.03424844
0.01061634 0.03396323
0.01040297 0.03265493
0.01505796 0.03401906
0.004799214 0.0348386
0.01104549 0.0343889
0.01263525 0.03628043
0.003361686 0.03576402
0.01049942 0.03614453
0.004446284 0.03491082
0.01012957 0.03813421
0.004887432 0.0367632
0.01263811 0.03672938
0.01540564 0.03740437
0.01355616 0.03704597
0.01834338 0.03641059
0.01429844 0.03440854
0.02414633 0.03293332
0.02377172 0.03237178
0.01222555 0.03433083
0.007751615 0.03585618
0.008784035 0.03667372
0.004761672 0.03909557
0.001473953 0.03754687
0.004123555 0.03921023
0.003924768 0.03853598
0.00394678 0.03689301
0.00990375 0.03526965
0.01564567 0.03628168
0.02815095 0.0378369
0.02261121 0.03474272
0.01354326 0.03651616
0.01048544 0.03550478
0.006865179 0.0376766
0.01011348 0.03969187
0.006363334 0.03771449
0.01383125 0.04280601
0.01241474 0.04304746
0.01799454 0.04080743
0.0192337 0.04041869
0.008768683 0.0392147
0.01060229 0.0395066
0.01433847 0.03695568
0.007417806 0.03653171
0.004700228 0.03484459
0.009981962 0.03672672
0.007653688 0.03690352
0.002210135 0.04023389
0.01106409 0.04446993
0.005896821 0.04439745
0.02362663 0.04413677
0.005430737 0.04456307
0.009232053 0.04704429
0.01219371 0.0457697
0.01599655 0.04615739
0.009485908 0.04675051
0.007046086 0.04581123
0.01355766 0.04522259
0.0126767 0.04606967
0.005731765 0.04462941
0.02192055 0.04450174
0.0300045 0.04704453
0.02256919 0.04847003
0.014366 0.0485735
0.02860916 0.0466424
0.03124969 0.04482403
0.009687504 0.04495242
0.004445214 0.04619986
0.007613345 0.04670797
0.009503768 0.04301842
0.01023582 0.04671456
0.01123589 0.04896445
0.02037186 0.04733576
0.0180387 0.04931427
0.02764503 0.04853991
0.006131478 0.05081528
0.003398324 0.05383996
0.006899429 0.05503483
0.03074611 0.05375039
0.01918019 0.05467337
0.01344274 0.05726464
0.01683905 0.05299266
0.02527107 0.05452121
0.02033992 0.05259314
0.01678026 0.05494028
0.02240721 0.04995218
0.009238224 0.0516865
0.00978016 0.05320946
0.00757186 0.05483949
0.00971889 0.05209294
0.01285225 0.05053262
0.01119346 0.04912763
0.00682321 0.05041917
0.002960723 0.04752612
0.008906536 0.04740705
0.01670081 0.04538923
0.01715706 0.0460816
0.01955892 0.05092213
0.02317943 0.04809944
0.0336367 0.04699553
0.02193816 0.04551819
0.01456071 0.04696505
0.02044384 0.04974263
0.01266895 0.04912985
0.009005853 0.04682666
0.01481059 0.04709002
0.01740342 0.04452594
0.01237489 0.04359912
0.003462964 0.04459503
0.0006663437 0.04563748
0.007359345 0.04652528
0.006509355 0.04849216
0.003158362 0.05116013
0.007463658 0.05269549
0.008274192 0.0531971
0.006108285 0.05431132
0.001951185 0.05877591
0.006342056 0.06183457
0.01425518 0.06527508
0.01777531 0.06331044
0.01745375 0.05872559
0.008614194 0.06355829
0.009739197 0.06289299
0.01432869 0.06594187
0.01655766 0.07094294
0.01515826 0.07620441
0.01653514 0.07396098
0.009769171 0.07930684
0.01199862 0.07272227
0.007860911 0.07556316
0.005427274 0.07719065
0.003165928 0.07331816
0.006668412 0.07283035
0.003383382 0.07356575
0.0126252 0.07507552
0.01440816 0.0723911
0.005466996 0.07031487
0.0112671 0.06812028
0.01367131 0.06268387
0.01499718 0.05901068
0.004814609 0.05896713
0.0134823 0.06506132
0.0100798 0.06315282
0.008424259 0.06352417
0.005131074 0.06331165
0.005768905 0.06709542
0.002641821 0.06231259
0.01025835 0.05785516
0.02072856 0.05490791
0.01398884 0.05486633
0.009086907 0.05027833
0.008526336 0.05379809
0.01222124 0.05491642
0.007716678 0.04987461
0.004217245 0.05279653
0.01371794 0.05135684
0.03280843 0.05099606
0.02140131 0.05236979
0.01749862 0.05198706
0.01263595 0.05225569
0.02555532 0.05627545
0.01850645 0.05541989
0.003807844 0.05859096
0.009998368 0.05413654
0.005287778 0.05383275
0.008493368 0.0576801
0.00537934 0.05688581
0.003903109 0.05708049
0.005041242 0.05750328
0.01372971 0.0528879
0.008427901 0.05343623
0.01310163 0.05997821
0.00967289 0.06190706
0.01476631 0.05924533
0.01577084 0.06066033
0.01824209 0.06694281
0.01694342 0.06350068
0.02334254 0.06900152
0.01211444 0.06730018
0.01604374 0.06401939
0.02247266 0.06755852
0.01959645 0.06543709
0.01503327 0.067105
0.01587824 0.06498301
0.005018231 0.06301466
0.01047738 0.06039604
0.002051551 0.06443781
0.003555539 0.0612816
0.01523366 0.06287069
0.01174373 0.0625524
0.01588998 0.05944582
0.01348161 0.05822004
0.003133563 0.05956057
0.005341109 0.05685124
0.004854614 0.05544509
0.009114895 0.05319461
0.01526044 0.05220828
0.020575 0.05039481
0.01019869 0.04669413
0.01091588 0.04963022
0.01045681 0.04783968
0.02093427 0.0511082
0.01526712 0.04997776
0.02762521 0.04768136
0.01385253 0.04704897
0.02738095 0.05084012
0.0242132 0.04903945
0.02295029 0.05091275
0.01871735 0.05070933
0.004816522 0.04923712
0.01337068 0.05214085
0.004291461 0.05392388
0.009775441 0.05258148
0.008501265 0.05089753
0.01836022 0.04824372
0.01483639 0.04644161
0.01943023 0.04598564
0.02343661 0.04952983
0.02812897 0.0461559
0.02233996 0.05100943
0.01501556 0.05130115
0.02102394 0.05124616
0.01704878 0.05271331
0.01624521 0.05170618
0.01157584 0.04577383
0.004642702 0.04609797
0.003822231 0.04495075
0.01596286 0.04495283
0.026429 0.04747418
0.007417885 0.04498018
0.01073227 0.04499058
0.006960417 0.04730522
0.01361327 0.04501187
0.008322805 0.04629612
0.008893523 0.046123
0.002414446 0.05204644
0.004927545 0.05012078
0.007845509 0.05540896
0.02095133 0.05292089
0.03148569 0.0523784
0.02413068 0.05287885
0.01304084 0.05364397
0.009110877 0.05007488
0.01537329 0.05188686
0.01871999 0.052362
0.01719511 0.04743972
0.006387452 0.04959733
0.01020507 0.04880581
0.00820587 0.04995656
0.004140568 0.05253413
0.009690253 0.05570871
0.008529429 0.05492422
0.00679871 0.05398336
0.006379347 0.05707848
0.0130269 0.05928487
0.007166526 0.05870837
0.002521465 0.05392755
0.005043552 0.05447019
0.003457902 0.05243678
0.0129862 0.04851709
0.02052482 0.04818912
0.01503323 0.04363513
0.01863636 0.04480031
0.01148057 0.04746988
0.01289161 0.04880169
0.01570357 0.04887417
0.01182822 0.04894394
