probIn varB
0.03088701 7918.938
0.02655448 8288.324
0.03293885 8529.3
0.0269369 7478.745
0.01189505 8437.113
0.01205417 7697.105
0.01280399 7923.296
0.01614827 7816.363
0.0186725 7766.908
0.009774599 7089.215
0.009285957 7308.049
0.02704969 5914.259
0.01830664 6254.396
0.006044788 5750.661
0.02020785 5568.671
0.03532925 6187.587
0.02711248 6478.343
0.01605779 6429.834
0.009824852 5736.732
0.007627753 5907.07
0.02078276 5585.018
0.01897142 5651.432
0.01626968 5187.753
0.02329576 4462.278
0.02405179 5106.948
0.04364408 5421.496
0.0500047 5765.428
0.03703822 4286.306
0.02717355 4594.663
0.01784935 4626.454
0.0232653 5139.233
0.01497327 5217.125
0.0413958 4916.336
0.02850268 6028.66
0.01899619 6155.922
0.02098519 5525.117
0.02169676 5763.216
0.009261757 5254.331
0.0062468 4116.427
0.008680634 3985.401
0.003343766 4227.329
0.006808448 4514.341
0.004585078 3792.108
0.01473663 3155.795
0.0270354 2778.778
0.02375184 2861.12
0.02367584 2558.635
0.03390646 2706.229
0.03488612 2651.177
0.06063582 2038.64
0.05322361 1982.67
0.03527688 1805.813
0.03998358 2096.69
0.04021045 1777.983
0.0267054 1623.253
0.03197555 1916.831
0.0199956 1914.077
0.02053741 2013.506
0.03445713 2244.493
0.04553878 2196.259
0.04727622 2114.755
0.07937967 1989.902
0.05466964 1984.23
0.07280909 2220.674
0.03736373 1807.882
0.036773 1872.525
0.02417195 1770.069
0.01766926 1942.439
0.01881781 1707.951
0.02148586 1626.118
0.02960602 1615.141
0.02135015 1390.261
0.03182078 1340.367
0.0577095 1468.966
0.05082592 1280.144
0.04279232 1098.292
0.04928344 1060.738
0.05593212 1185.235
0.04580225 1125.471
0.05513604 1111.188
0.05994241 1242.997
0.06656252 1342.732
0.06824301 1439.275
0.03999575 1255.742
0.01592648 1366.879
0.009634608 1301.557
0.009071161 1478.525
0.009526314 1348.592
0.01282897 1561.76
0.00927715 1187.549
0.001399737 1294.381
0.01086244 1405.674
0.01582387 1844.128
0.01081466 1292.766
0.008971974 1215.075
0.02190108 1090.751
0.038657 1030.944
0.02781409 1062.288
0.04559542 1113.59
0.0584409 1189.102
0.06801947 1159.994
0.06784118 1076.248
0.08905798 808.4239
0.09380983 809.9642
0.09180816 840.9031
0.09850774 958.4127
0.07788369 1076.722
0.08683558 989.6177
0.06540704 1052.795
0.07525996 936.9154
0.08710438 792.9663
0.1020224 780.6232
0.109919 638.4027
0.08427875 711.5192
0.04388596 668.5268
0.0441938 648.99
0.06492018 602.6653
0.03152466 765.8195
0.04669455 788.7945
0.04726644 893.5742
0.04850668 1043.207
0.05652024 1306.014
0.03374993 1069.506
0.04113996 967.599
0.02833064 982.9973
0.01471715 864.488
0.01333732 837.3259
0.009520713 949.1694
0.01489102 924.9887
0.01292516 854.0863
0.01245811 946.062
0.01296803 993.3729
0.00971041 1014.481
0.01089129 1094.544
0.02156555 1036.915
0.02598018 1006.964
0.02760258 920.1805
0.03721422 845.0637
0.0350199 878.3719
0.03546173 968.5964
0.04169402 848.22
0.04547998 831.5769
0.0504502 808.176
0.03512627 778.2942
0.02310982 757.8595
0.02335115 773.0973
0.02653482 715.174
0.04676012 694.2545
0.04747243 801.063
0.02811951 863.2445
0.01831762 978.8948
0.01822737 940.2189
0.04728552 974.4642
0.0685885 899.1046
0.0355335 965.8154
0.05362075 906.1246
0.05299925 899.5815
0.03298172 886.9251
0.04447228 920.186
0.05750062 867.5887
0.06336617 988.1561
0.03652906 1045.646
0.06378226 931.7713
0.04423822 877.7565
0.04251757 964.7506
0.03763026 966.6929
0.02241517 1044.935
0.02567081 1003.895
0.03422187 905.01
0.04455002 1032.232
0.04098481 1109.912
0.03834266 1088.102
0.03833048 1466.935
0.04806316 1576.323
0.06727018 1583.741
0.05417328 1751.74
0.06060749 1816.305
0.05080384 1884.305
0.07157183 1969.546
0.07550226 2247.929
0.06723074 2199.093
0.05798736 2094.088
0.04321027 2047.724
0.0410815 2292.208
0.05061794 2863.341
0.05771879 3058.7
0.04633459 3152.434
0.03168562 2930.756
0.0264196 2831.238
0.04466264 2614.294
0.03882537 2257.865
0.04067231 1945.412
0.01893394 1885.819
0.02511045 1551.323
0.02495635 1312.521
0.01462231 1260.44
0.007278502 1064.824
0.005013386 1006.856
0.01006106 917.5729
0.003276708 919.178
0.008677484 880.0467
0.001685014 1028.571
0.006789659 916.4127
0.01097379 1034.832
0.009741468 957.8905
0.04081456 884.9871
0.03161954 891.5823
0.02927581 734.1255
0.03317878 727.6917
0.02901982 745.3707
0.04061601 729.0212
0.03901426 693.1982
0.03903727 620.5024
0.05138407 711.0687
0.04082479 708.8492
0.05438643 729.8924
0.06594524 722.6214
0.09362599 643.6978
0.1143989 600.9951
0.09400107 673.3765
0.07347104 694.5053
0.09097168 713.8164
0.09699776 719.8489
0.08847253 767.7408
0.08054086 687.4936
0.07231118 823.9859
0.0548121 742.1971
0.04969808 773.7337
0.0369471 883.8943
0.02137923 1071.281
0.04321958 1249.601
0.03898304 1302.756
0.04250431 1301.712
0.01971242 1250.35
0.02743723 1319.899
0.02420768 1173.953
0.01856311 1276.587
0.022857 1184.134
0.02814837 1172.995
0.05853643 1272.142
0.03771993 1506.355
0.01594215 1660.317
0.02868134 1525.756
0.04008361 1520.243
0.03246008 1405.606
0.02864734 1572.346
0.02589203 1720.685
0.01841645 1489.438
0.008705712 1139.293
0.006893527 1391.002
0.02096821 1746.555
0.02563025 1809.19
0.009729217 2411.35
0.01189158 2571.105
0.02401297 2406.421
0.01684469 2482.115
0.02236475 2103.774
0.02288587 1694.308
0.0165882 1601.376
0.007925616 1517.592
0.0002091917 1299.951
0.002260941 1334.873
0.008172733 1124.651
0.002894542 1017.954
0.003275677 946.7586
0.0002430665 1077.74
0.01424343 1095.181
0.02231997 1190.116
0.02307267 1422.716
0.0232783 1665.881
0.007285309 1655.112
0.00623516 1407.403
0.004800084 1693.523
0.004958515 1580.952
0.009409985 1777.117
0.003290532 1690.752
0.005971832 1431.486
0.00826282 1575.509
0.01133822 1415.052
0.0208519 1475.732
0.01737592 1736.668
0.007017523 1681.036
0.02485311 1733.187
0.01054654 1675.7
0.02640628 1453.83
0.01174145 1445.946
0.02461842 1404.258
0.01461001 1521.977
0.0293894 1557.545
0.01571449 1850.01
0.01517498 1886.151
0.01699636 1980.142
0.002503841 2021.967
0.006437187 1843.073
0.006766426 1734.476
0.00525042 1879.159
0.03249308 1585.202
0.006321399 1568.317
0.006572594 1755.095
0.002370106 1485.506
0.007361456 1610.483
0.007577942 1566.001
0.0306152 1523.981
0.02767283 1457.746
0.0193819 1461.268
0.02580697 1392.378
0.02551544 1419.675
0.04055674 1423.917
0.03631969 1662.087
0.0136707 1470.65
0.02069799 1543.793
0.0204679 1434.901
0.04254282 1333.912
0.042737 1424.774
0.04188071 1437.192
0.03299185 1402.515
0.01744448 1401.582
0.0310181 1259.791
0.0413209 1147.22
0.03793718 971.2061
0.04033292 1030.044
0.07789467 1205.825
0.06549167 1272.403
0.07235815 1205.181
0.09091009 1145.654
0.08986915 1222.762
0.09207217 1013.091
0.09918824 952.6247
0.09191693 955.7846
0.1048428 970.4409
0.06026585 895.8232
0.05132632 812.2664
0.03161525 745.4614
0.05426495 701.6582
0.06758349 727.2592
0.06358093 813.2394
0.05879877 769.6524
0.07948137 865.9136
0.09746978 872.6315
0.1112048 1014.198
0.1102041 906.7145
0.09760045 824.5195
0.09808939 770.5558
0.0952973 742.8338
0.09093432 608.1755
0.07828174 628.6775
0.07086094 756.4957
0.06985957 840.3993
0.07002448 774.7882
0.07257497 716.5265
0.04720668 748.2659
0.06127091 675.3236
0.03573185 621.2482
0.03346269 586.6274
0.01805581 638.0219
0.03989079 589.1904
0.03438158 666.5076
0.05557657 808.061
0.0610445 906.2161
0.04470612 754.8127
0.0483919 846.2466
0.04157894 797.9289
0.0576886 751.4713
0.05208148 600.4217
0.03545222 706.0831
0.0481116 614.2114
0.02610158 663.8277
0.01434803 765.6214
0.007435834 832.8035
0.0189127 721.0003
0.009446693 724.5005
0.002328361 892.5437
0.002285808 965.905
0.006727973 821.2023
0.007434076 812.996
0.01574257 835.0259
0.02914339 867.5246
0.05123879 1086.857
0.03214929 999.1723
0.04545066 1064.402
0.02911598 1013.255
0.04305309 991.2276
0.03323478 828.7149
0.04207466 924.688
0.04546557 1090.254
0.05010953 1083.518
0.06826504 1153.628
0.05364716 1066.671
0.05890438 1350.567
0.03874726 1509.982
0.06145628 1523.51
0.06493561 1571.667
0.04753674 1505.544
0.05643767 1503.118
0.04367837 1534.929
0.04948191 1669.802
0.06109641 1667.191
0.06152128 1358.623
0.03168129 1439.992
0.02476433 1564.438
0.01240921 1632.539
0.01947831 1520.76
0.01432983 1650.024
0.01349193 1768.323
0.02449982 1578.739
0.02072801 1586.453
0.01849658 1527.652
0.03059594 1613.607
0.01708638 1571.593
0.0165994 1681.586
0.01550539 1520.154
0.01246748 1424.979
0.01561482 1342.794
0.03846762 1462.388
0.04888576 1370.71
0.05896055 1498.585
0.06076932 1253.783
0.04335147 1344.785
0.04813287 1416.579
0.06173052 1611.707
0.04741931 1557.857
0.05513858 1568.195
0.03831399 1674.078
0.03599387 1575.598
0.02889016 1675.46
0.04788806 1725.302
0.02939875 1765.94
0.02868445 1648.735
0.03078739 1555.229
0.03681295 1656.978
0.04562815 1474.313
0.06793816 1303.37
0.05056574 1164.87
0.07882986 1260.348
0.06217228 1278.938
0.03855225 1208.171
0.044956 1151.406
0.03907425 1046.415
0.042274 1086.656
0.05433452 1182.148
0.05727957 1081.102
0.06031533 1064.951
0.03200096 1191.959
0.02210985 1387.813
0.0222502 1616.219
0.01858632 1817.748
0.03401432 1887.884
0.04222052 1932.107
0.03770463 2139.849
0.02133074 2083.964
0.05290034 1953.413
0.04322625 2050.455
0.02996263 1779.502
0.04021769 1632.176
0.03458972 1870.17
0.02046368 1973.414
0.01603312 1907.299
0.014821 1984.441
0.02039332 2277.896
0.01459295 2920.061
0.01170551 2699.371
0.009150294 2491.941
0.007013134 2789.509
0.002725113 2711.132
0.005334782 2743.647
0.006268098 2658.764
0.02517485 2872.772
0.01585672 3020.055
0.01760288 3538.518
0.01753885 2757.119
0.02384421 2325.979
0.01663474 2225.834
0.03492019 1869.71
0.02768267 2530.597
0.02576106 2465.977
0.03131342 2062.262
0.04219234 2089.88
0.06557314 2003.691
0.0437323 2464.475
0.03730556 2227.004
0.02295556 2477.424
0.01376754 1972.807
0.01486715 2546.804
0.005801839 2423.854
0.009500816 2496.986
0.0187577 2273.191
0.02692476 2339.71
0.02637689 2080.213
0.01634865 1983.985
0.01238411 1931.08
0.01236775 2338.199
0.02856021 2452.024
0.01588878 2503.829
0.008546355 2046.214
0.009831393 1916.673
0.004845176 1975.062
0.008023736 1972.303
0.00523088 2029.246
0.007357055 1892.355
0.003642949 2112.7
0.02136707 2290.863
0.0189172 2219.846
0.01711528 1992.634
0.01061822 1732.732
0.03110918 1521.376
0.0328678 1650.769
0.04632977 1447.272
0.04763594 1587.295
0.05782595 1616.931
0.06511295 1702.346
0.05868937 1822.939
0.08036883 1746.24
0.08365721 2085.75
0.06830281 1754.027
0.06167873 1467.08
0.04128718 1516.06
0.04968383 1186.396
0.04834204 1066.864
0.06617115 1185.296
0.06775604 1201.177
0.0653151 1268.964
0.05582053 1106.889
0.04238413 1082.856
0.04781302 966.4882
0.0594524 991.2383
0.07093777 947.6681
0.05627076 913.0354
0.05490065 869.38
0.03263127 747.2808
0.03613136 882.533
0.03756393 809.7615
0.03183352 825.1908
0.05094139 789.0905
0.05610307 860.8688
0.04259521 827.9184
0.0601185 787.6959
0.0881745 733.4737
0.08375185 851.9224
0.08527624 981.9586
0.103034 859.2122
0.1001254 1033.949
0.08970579 982.9918
0.09061621 799.6337
0.08747382 830.5719
0.06626447 656.9805
0.06670306 693.8391
0.06288382 876.1467
0.07475949 829.4201
0.02510386 662.4442
0.04291502 663.1427
0.04671199 699.8785
0.07963128 606.6349
0.08023161 569.5423
0.08249195 668.2374
0.0629679 812.8164
0.03221636 708.9165
0.02615944 717.8199
0.01420809 586.8512
0.03020458 596.5151
0.02847489 689.8346
0.03838658 558.8983
0.04988335 551.3131
0.06481296 524.8431
0.1103259 666.0078
0.09067456 804.0507
0.1075577 745.5086
0.111214 759.712
0.1060047 782.5012
0.08830029 749.1246
0.0532973 672.3213
0.04109835 750.9783
0.04578468 683.3784
0.04245313 628.6976
0.04091283 627.8079
0.02430879 571.5799
0.03532673 556.4071
0.02139104 595.5094
0.03440876 775.608
0.04853794 818.0468
0.03162318 927.7568
0.03543676 865.6047
0.02083697 898.213
0.02564787 1039.84
0.02039807 934.8764
0.03077417 996.0213
0.03471373 1068.39
0.05991478 1182.828
0.06573128 1230.629
0.0835209 1190.653
0.08189039 1229.805
0.04137681 1230.044
0.02748249 1081.802
0.0299825 980.3379
0.02905417 1043.428
0.01998954 1110.278
0.008222972 1104.169
0.01477599 948.8516
0.02535131 1007.598
0.02371082 1012.015
0.03643078 1058.043
0.04418 892.3096
0.04732356 816.0536
0.04321035 959.8236
0.0774322 1005.338
0.08124996 1080.631
0.06330753 1090.856
0.06138582 1214.12
0.04290824 1345.582
0.03604818 1445.828
0.04293432 1343.42
0.05389665 1383.253
0.03683224 1191.942
0.02442399 1422.318
0.01753325 1448.893
0.02312609 1506.616
0.02693259 1474.167
0.03573237 1587.495
0.02854018 1551.891
0.01846529 1579.146
0.008905905 1444.071
0.01868854 1605.025
0.02090533 1772.381
0.01562916 2006.52
0.01476215 1818.208
0.01579289 2068.813
0.01815398 1993.145
0.01599161 1859.103
0.01342817 1689.433
0.01224662 1910.597
0.02447243 2193.439
0.01346621 1997.576
0.02217156 2088.092
0.03620712 2205.989
0.05860662 2833.49
0.02380699 2288.499
0.02860599 1839.528
0.01572845 2117.483
0.02403319 2334.901
0.03710888 2275.928
0.01883889 2435.734
0.0210194 2400.873
0.01261757 2156.649
0.005278136 2094.057
0.0187546 2041.384
0.01826084 2129.709
0.01865729 2074.897
0.01305467 1935.84
0.005631659 2049.733
0.008360903 2185.273
0.004541134 2501.495
0.006318982 2701.898
0.004869681 2591.053
0.005165218 2747.579
0.001566561 2933.837
0.002985468 2826.285
0.001092059 3574.648
0.001646745 4312.152
0.007003416 4146.842
0.007306483 3529.163
0.002831152 2918.051
0.007047932 2866.758
0.005579313 3164.92
0.0009264938 3691.558
0.006379009 3787.202
0.0103197 4005.542
0.01629833 3991.441
0.01405838 4308.697
0.02100207 4069.928
0.014746 3729.61
0.01193476 3378.42
0.02179551 3159.873
0.02725971 2711.667
0.01797079 2833.578
0.02050079 2751.218
0.04351706 2836.649
0.05269063 2570.598
0.04377433 2866.777
0.05126842 2406.442
0.03423626 2516.621
0.02263504 2890.668
0.02769415 2818.486
0.01340904 3145.493
0.0122705 3310.352
0.006062906 3190.139
0.02298645 3572.186
0.02109682 3699.375
0.01829253 3707.121
0.02207901 3098.911
0.00821245 2556.257
0.03094759 2372.071
0.02808236 2190.163
0.02483829 2345.045
0.0263198 2149.12
0.045459 2271.546
0.05399996 2158.88
0.05892377 2435.731
0.04903926 2602.784
0.06106154 2550.609
0.05592413 2851.36
0.03742678 2712.561
0.05091043 2848.526
0.01730872 3345.975
0.0147365 3196.472
0.02627094 2959.469
0.01607415 2654.943
0.03215593 2950.747
0.04432371 2869.771
0.02320722 2729.581
0.02376396 2647.942
0.02094838 2466.121
0.01840281 2368.665
0.02021334 2219.592
0.02731912 2281.72
0.04210885 2276.986
0.04540461 2519.747
0.08487557 2787.7
0.06207621 2616.753
0.03568659 2426.902
0.03163146 2513.514
0.02708063 2436.901
0.02287839 2225.883
0.03289115 2133.81
0.01989041 2674.768
0.008524793 3246.191
0.0130621 3954.262
0.01443329 3784.469
0.007391371 3816.313
0.009283372 3824.119
0.007261862 3798.729
0.01273721 2796.716
0.03707943 2772.808
0.04185354 2974.187
0.03305139 2984.369
0.03683943 2817.399
0.03145777 2599.127
0.04097178 3006.639
0.0400201 3430.918
0.02440946 2857.308
0.01495547 3200.131
0.009422894 3192.33
0.008071284 3545.035
0.007484212 3654.757
0.003930184 3996.974
0.004294214 4653.264
0.01135429 5070.431
0.01370663 4632.84
0.01822204 4462.068
0.006596221 4649.381
0.009849718 4505.448
0.01636925 3870.939
0.0143936 4044.024
0.009400293 3635.551
0.01035192 3253.751
0.006972311 3224.408
0.01701534 3304.134
0.03021174 3656.716
0.03027482 3114.833
0.0279696 3928.357
0.02635242 3385.558
0.02147295 3851.125
0.03660344 3687.631
0.04417484 3147.684
0.03465734 3116.131
0.04424601 2740.415
0.03225655 2802.935
0.02843193 2418.333
0.04998673 2039.855
0.06304975 1893.311
0.07637196 1825.267
0.06428358 1876.396
0.06028979 1840.226
0.06143235 1673.616
0.08282967 1749.96
0.06191047 1544.357
0.04199432 1635.409
0.04394185 1975.485
0.03742084 1725.758
0.04306625 1512.465
0.03314756 1489.31
0.06804242 1399.531
0.06063844 1489.931
0.05527271 1723.082
0.05187207 1866.692
0.03764477 1699.068
0.03748318 1765.431
0.03881883 1752.722
0.02704759 1486.566
0.01912467 1594.088
0.01917662 1767.462
0.03149952 1731.511
0.04971495 1614.052
0.02368954 2124.474
0.03366341 1923.895
0.03880657 1874.541
0.02887543 1855.27
0.03079339 1879.162
0.04907945 1673.173
0.02145213 1501.35
0.02389664 1598.546
0.03761092 1748.072
0.05362468 1715.493
0.07740864 2254.608
0.06428368 1982.948
0.059081 1710.117
0.06628494 1603.146
0.05281187 1652.974
0.06838546 1676.095
0.06818121 1692.777
0.06599216 1876.643
0.07268265 2030.228
0.06507218 2230.856
0.07277527 2096.617
0.03600754 1795.232
0.01761296 1427.004
0.01621966 1407.732
0.01811664 1260.19
0.04542608 1756.608
0.05479535 1762.021
0.04892085 1706.073
0.05419075 1590.255
0.05219137 1448.728
0.04977169 1303.928
0.04205016 1277.9
0.02251602 1294.416
0.03219371 1260.095
0.03109704 1069.201
0.01502341 883.1101
0.02962774 954.4055
0.01461627 982.7518
0.01612517 993.3621
0.04617915 950.6655
0.1000032 847.5653
0.1262924 800.0106
0.09931562 684.9767
0.08576059 624.0468
0.05861517 678.7395
0.0607442 722.6292
0.07805616 565.0678
0.1046427 482.2096
0.08762244 499.4064
0.1180689 440.4663
0.101769 484.6124
0.1050049 457.4314
0.1091638 477.7259
0.1458032 537.5576
0.1541682 543.8142
0.1390745 656.228
0.1486397 684.4491
0.1393099 769.7752
0.2085075 690.2892
0.2388288 542.6905
0.1772067 467.0691
0.2102547 612.9237
0.2210306 568.3371
0.1475019 616.4479
0.1550337 519.9981
0.147057 516.7718
0.1351485 591.1355
0.1220796 596.2321
0.1147639 627.3399
0.09184666 526.2609
0.1136327 638.465
0.124688 604.0785
0.1594348 510.5174
0.1667037 516.851
0.1937558 495.6706
0.2049116 562.0149
0.2097542 574.759
0.1864746 681.5335
0.1667678 600.5339
0.1611529 596.4596
0.182613 570.8569
0.1693501 649.2415
0.1468365 615.4675
0.1188434 578.3841
0.1397298 595.8408
0.08654227 556.2414
0.08893806 581.7807
0.1016547 662.3569
0.05879883 668.9792
0.05007295 780.9521
0.05516282 771.884
0.05342698 937.537
0.08959231 907.9672
0.08527177 811.2046
0.08431871 842.7782
0.06816163 891.8621
0.07942528 1057.395
0.09299371 939.6119
0.1091698 1053.006
0.08209366 1016.56
0.04910879 1105.229
0.08002916 1220.779
0.06727989 1026.982
0.09508348 1010.179
0.08030256 986.0837
0.06170998 870.9088
0.06863937 1001.907
0.07154789 1181.431
0.07414701 1252.165
0.0779231 1195.262
0.1161879 1054.362
0.09254468 1114.251
0.07402128 1154.208
0.03813251 1190.459
0.01480354 1438.288
0.03589649 1529.157
0.04712114 1618.486
0.05019455 1708.337
0.07261593 1711.925
0.07018592 1735.719
0.03719619 1595.41
0.02591975 1822.73
0.03361326 1996.951
0.04279369 2064.273
0.05510072 1925.119
0.04813792 1827.421
0.04176602 1944.415
0.01444906 1971.525
0.03529971 1771.013
0.05138747 1743.587
0.06165598 1779.629
0.05759989 2015.975
0.07360652 2168.128
0.06912041 1843.47
0.0879485 1622.316
0.09094517 1640.836
0.1287696 1574.228
0.10499 1893.477
0.05861837 1773.935
0.04947317 1570.724
0.04885941 1457.862
0.0645316 1299.55
0.07125659 1257.29
0.05987814 1069.553
0.06723958 936.453
0.0652598 822.3653
0.0541788 844.8901
0.05785402 836.2509
0.07823712 921.2498
0.07073889 749.9275
0.07268586 711.7783
0.0382593 654.2666
0.05976205 596.4009
0.03784528 550.5783
0.03651678 573.2951
0.03401336 555.5858
0.05849295 590.154
0.07314103 675.6288
0.06945453 732.4123
0.07859137 659.6752
0.08884581 675.1291
0.04661526 666.2203
0.04373154 674.0357
0.06464766 680.6077
0.04078004 814.0695
0.06387406 841.8585
0.0444494 1031.838
0.03517839 915.2052
0.03044695 1029.57
0.02527141 1278.225
0.02203849 1140.136
0.01367575 1048.041
0.02808403 1081.197
0.02821809 1057.991
0.02258069 927.184
0.06125541 1037.836
0.07466888 1152.591
0.07223662 957.0841
0.06594169 815.9626
0.08815847 889.6405
0.09409009 982.5993
0.08343563 818.9482
0.08118937 1069.894
0.1007102 1056.132
0.1223197 1143.977
0.09791157 1339.334
0.07778812 1255.38
0.08690005 1565.083
0.08679075 1435.408
0.04665417 1488.183
0.05306177 1478.993
0.04970932 1322.009
0.04124202 1213.311
0.02393289 1177.325
0.005678772 1268.673
0.008183603 1099.434
0.006007784 1051.123
0.0126386 1010.459
0.004967766 1078.823
0.004469726 770.8638
0.006165983 745.5123
0.01355573 749.9523
0.01585676 776.7371
0.0200934 739.8688
0.02783098 751.3223
0.02687042 850.8568
0.03171562 803.0978
0.01681566 733.9159
0.0099494 760.6709
0.001215276 1017.933
0.001527985 1020.987
0.003310492 1038.495
0.01923662 932.2107
0.04396739 1032.62
0.02204626 766.6065
0.03476764 810.3799
0.02134785 645.3366
0.0327982 624.4597
0.03043039 798.8781
0.01691349 712.794
0.03097895 732.1117
0.03756737 705.0226
0.07349804 698.3075
0.08015609 773.008
0.1178483 792.6562
0.0990167 715.0525
0.1220343 838.7515
0.113647 887.1892
0.06778196 953.4017
0.06205406 831.7301
0.08029445 849.9804
0.112658 889.7306
0.1121244 848.6323
0.07933573 734.5499
0.04619857 684.7518
0.04771464 665.2143
0.03566783 726.3699
0.04064883 767.956
0.0384392 796.7536
0.05305988 707.2778
0.05141393 713.3757
0.06943674 581.245
0.06630366 646.6693
0.07831492 710.4284
0.07432936 728.3467
0.04769098 747.5827
0.03209831 822.621
0.0439679 922.1819
0.04633599 973.4404
0.08513733 924.3924
0.1050997 898.6556
0.07203549 970.5882
0.05588092 902.6324
0.03821129 967.8425
0.01461288 880.1854
0.009716584 822.678
0.01105561 919.0842
0.001784135 1008.528
0.007235043 927.9952
0.002025991 870.1927
0.009580705 933.5441
0.01540704 856.5348
0.01041792 925.0963
0.009801572 728.2702
0.0208766 790.769
0.01173999 958.5152
0.004923043 1021.738
0.002165156 992.941
0.01155487 990.6074
0.006506548 1027.088
0.01778141 1071.316
0.009978642 1032.275
0.009424954 1002.212
0.01655405 904.0917
0.01149906 1068.409
0.007635579 1010.819
0.01014824 1119.566
0.03178402 928.3804
0.01376962 828.6468
0.01662057 756.1886
0.01259287 659.3774
0.02244697 641.8759
0.0172622 602.9713
0.01785138 549.7458
0.008147767 664.8661
0.01647392 631.1617
0.01296375 731.9059
0.02159336 730.3187
0.02351953 667.1293
0.03131411 732.8891
0.05954096 855.8848
0.05007748 799.805
0.07309893 840.321
0.06032228 819.6644
0.1113019 847.1394
0.1028173 844.2974
0.06402996 802.1428
0.05627855 770.5681
0.0542763 755.017
0.0464523 936.1669
0.04107149 945.7879
0.03783123 967.8294
0.06833322 777.9373
0.08552011 780.7402
0.07429049 883.0142
0.08301399 846.6837
0.06923564 956.134
0.08521064 962.3576
0.08050781 935.8686
0.1148841 955.4055
0.09774668 903.078
0.08680926 865.7552
0.0918165 915.9583
0.08883838 877.5604
0.09334608 835.7344
0.1001161 833.0263
0.07785646 745.222
0.06348632 762.7552
0.07491578 735.5867
0.05341815 684.3907
0.04258223 763.6892
0.0606722 659.5441
0.0707925 731.5703
0.08255989 883.3086
0.1135943 954.4343
0.07457754 977.8769
0.1014868 889.7179
0.09197306 969.9247
0.09001031 833.6556
0.1059096 700.7878
0.1089488 580.9227
0.1270949 661.5986
0.06223071 620.7636
0.05669818 690.4929
0.03084584 625.3747
0.03892972 620.0708
0.03569838 764.8992
0.02822404 837.0479
0.0180786 740.2061
0.01500249 690.9939
0.04569464 854.9557
0.03524267 1004.592
0.04313324 1070.967
0.04487369 951.1857
0.05577386 1092.304
0.05429851 972.8766
0.0602538 819.0242
0.06652753 785.5316
0.04969621 834.7908
0.03457366 1064.047
0.04251537 1015.912
0.01250708 939.7576
0.009345448 864.2374
0.00887232 929.2247
0.002279295 758.848
0.005505865 727.9951
0.02217755 686.2008
0.02926129 706.3463
0.01221916 815.4158
0.01838128 886.4482
0.02489737 987.3901
0.01996232 930.513
0.02677207 959.7516
0.01861548 975.0905
0.030334 870.7547
0.03324455 977.8765
0.0313874 1035.047
0.03160089 1152.854
0.02393565 1127.783
0.02217248 1153.018
0.02472114 1151.541
0.03100113 927.5959
0.03349872 983.1169
0.04658051 863.6832
0.06732928 766.4957
0.09543802 644.9328
0.06554436 599.2219
0.06976452 589.7181
0.06986294 526.6829
0.07801537 497.0092
0.1089337 437.3906
0.1364244 364.6424
0.1321722 440.5437
0.1658286 407.7121
0.1655572 420.5857
0.1834222 407.1127
0.1614007 440.6951
0.1998267 485.2727
0.2238329 475.9091
0.1986687 467.2411
0.176978 464.9634
0.1636636 426.7083
0.1770363 433.825
0.1943861 437.2734
0.1586864 445.282
0.1483146 432.2179
0.1581439 433.0837
0.116977 433.2455
0.1239161 395.33
0.1094085 387.7006
0.1371646 371.7771
0.10937 327.1024
0.1213534 342.4278
0.09843976 340.0315
0.06675768 442.2034
0.08492669 469.9245
0.08215976 542.4814
0.09299262 510.4938
0.09662843 496.3519
0.0959069 574.3892
0.1250494 575.2924
0.1251168 514.2806
0.1101096 472.0505
0.1021505 445.0337
0.09422929 484.5941
0.1094854 436.9386
0.1234353 439.7376
0.1410096 336.2567
0.1334961 317.7458
0.1238217 273.2645
0.1161288 219.5076
0.1271327 224.7499
0.0900369 211.233
0.1254752 223.4494
0.1821646 220.3588
0.1549282 246.5039
0.1364894 286.1325
0.1003286 310.8643
0.120949 335.431
0.1360163 354.8387
0.1424943 343.0759
0.152637 303.7694
0.1752232 363.6139
0.1620046 374.8425
0.2155886 391.3717
0.2056534 389.4142
0.2412959 353.8885
0.2667626 373.5932
0.2854723 347.1674
0.245617 365.3692
0.2193096 347.0285
0.2124857 387.2819
0.2705955 393.2849
0.2592574 334.6339
0.2789432 342.508
0.2301039 430.5449
0.2157867 449.7124
0.2343228 450.1552
0.1733247 490.0401
0.1558697 584.6751
0.1627615 693.8043
0.1456453 695.6636
0.1199343 807.8857
0.1157476 847.8926
0.1116293 934.0779
0.1136585 871.3879
0.07141714 979.9853
0.07319638 1117.614
0.06810663 1169.982
0.07608317 1248.14
0.05975177 1313.942
0.07113359 1448.505
0.03574288 1362.319
0.04050394 1440.731
0.02867321 1402.858
0.01306614 1348.884
0.03299205 1277.796
0.06725313 1472.532
0.0743591 1722.381
0.04487422 1612.731
0.0572755 1455.804
0.06650609 1366.925
0.07337019 1225.082
0.05437672 1329.064
0.07814469 1719.393
0.068933 1548.949
0.08242924 1500.541
0.05122327 1591.875
0.05677359 1503.98
0.06493149 1614.052
0.0785482 1445.842
0.07320553 1452.629
0.07391076 1284.586
0.05134143 1204.901
0.04859003 1214.882
0.06595812 1479.468
0.06458467 1169.762
0.05329203 1200.28
0.05011063 1253.201
0.05886798 1392.5
0.07188816 1457.833
0.05735313 1295.573
0.07663671 1438.846
0.03618015 1341.594
0.03713009 1333.261
0.04047844 1627.269
0.009691105 1481.36
0.0265285 1608.414
0.02309857 1811.419
0.05259279 1905.545
0.03366301 1955.302
0.03741496 2186.414
0.04242096 2428.643
0.03715813 2223.122
0.02237372 2313.957
0.02628707 2214.103
0.03612286 2352.07
0.03163393 2145.163
0.02027725 1936.379
0.00695576 2103.297
0.0127705 2017.172
0.03259355 2185.283
0.03530239 2173.802
0.04168951 2276.728
0.0547701 2273.719
0.04626484 2272.881
0.04706933 2497.125
0.04944361 2903.05
0.04335586 2747.724
0.05517429 2740.752
0.04317268 2422.322
0.04455879 2552.913
0.0320374 2194.897
0.0326316 2439.977
0.03265172 2896.881
0.0355598 2891.685
0.03437684 2877.168
0.03938027 2780.555
0.04000477 2770.223
0.04929536 2346.614
0.03947855 2172.557
0.0193853 2140.272
0.004238517 2247.004
0.0003219838 2501.402
0.003138193 2077.482
0.01258531 2256.291
0.006029849 1967.82
0.02267138 2260.168
0.0115505 2060.663
0.01146703 1843.81
0.02508482 1798.155
0.05280848 1950.52
0.04483952 1976.895
0.04075358 2092.951
0.03198878 2229.739
0.02850866 2415.948
0.01235583 2409.321
0.03065614 2355.167
0.04939801 2280.298
0.04717377 2148.713
0.06911421 1667.594
0.05407111 1677.991
0.04078947 1430.56
0.02587028 1286.477
0.02102537 1260.762
0.009071047 1135.26
0.01976079 962.2785
0.02531661 1040.603
0.03867447 952.7269
0.03061034 1115.07
0.04038791 901.371
0.03521877 739.9819
0.01322916 857.8309
0.01756432 987.6223
0.03797131 981.2541
0.06244325 1177.322
0.06503606 1330.378
0.06790086 1313.013
0.05489928 1415.871
0.06515219 1174.172
0.07596304 1209.359
0.07344082 1058.432
0.08588929 1164.324
0.09713159 1211.18
0.1263746 1219.53
0.1128328 1197.332
0.1440265 1070.114
0.1430243 1133.368
0.1192826 907.2025
0.08248742 875.9131
0.105883 853.7815
0.1070097 713.4022
0.1133923 693.723
0.1189115 497.0957
0.1233852 518.9216
0.1268134 442.192
0.1256248 550.9577
0.130682 537.7973
0.1382716 573.7332
0.1096106 548.6313
0.1304328 630.6353
0.07927158 552.8313
0.07055131 543.1415
0.05066021 585.3677
0.06708099 515.553
0.07451005 542.0507
0.05591113 475.3879
0.02996147 475.0676
0.02338588 469.5703
0.03054756 457.3287
0.03723504 486.6815
0.03619903 516.6396
0.02172276 517.266
0.01281241 455.8032
0.01152669 457.6587
0.02243922 424.4703
0.03748512 366.0579
0.06032147 418.6058
0.04363112 400.6144
0.0197927 378.9433
0.008747247 387.6285
0.01356482 377.3635
0.01257565 383.7128
0.009627707 500.822
0.009985403 467.6774
0.01012605 525.5604
0.01786475 445.99
0.02042781 434.8687
0.02898009 481.3626
0.05150854 566.5113
0.07920584 483.0452
0.08444255 501.7286
0.143207 518.9722
0.1454777 500.6737
0.1505351 543.4431
0.2041161 615.0902
0.1850268 519.7999
0.2196358 501.4258
0.2021779 456.6884
0.1884203 469.7368
0.1741422 589.174
0.1299497 595.7242
0.1107816 588.9272
0.08775558 571.1102
0.1008184 641.2103
0.09363201 624.1943
0.07135585 711.6409
0.07575732 588.3649
0.07334958 508.6802
0.06964535 527.1602
0.05938373 579.0966
0.07030453 554.6039
0.06944319 695.5458
0.08186381 745.2594
0.04756352 698.1401
0.03396946 627.0786
0.05184625 687.3657
0.04363962 724.226
0.07083998 923.5797
0.06021753 881.5257
0.05973016 836.6544
0.06232577 849.8182
0.0499892 950.714
0.04943307 908.013
0.02879086 1058.226
0.01255076 940.9014
0.02461638 1043.334
0.03213746 932.6828
0.04496149 825.1697
0.04529076 957.2335
0.04699655 904.6239
0.0416602 945.6524
0.04178059 926.695
0.02249745 834.0511
0.02352825 856.7956
0.03099562 770.0769
0.03441403 834.075
0.04394122 780.3473
0.0576826 771.3902
0.07978174 693.7648
0.05719163 586.3132
0.02844059 474.5023
0.03414823 534.0844
0.02246859 438.2746
0.04684516 474.5968
0.0206788 577.7878
0.02436729 560.0275
0.03344983 513.9957
0.06544273 531.0204
0.04653289 548.0817
0.0775182 546.1441
0.06834303 429.5079
0.04753985 476.7448
0.04525389 507.1478
0.03303841 494.7134
0.02138802 486.3992
0.0370548 469.9154
0.04140739 533.71
0.024548 611.7962
0.03558338 654.4578
0.04186342 632.6476
0.05031793 700.2111
0.05029429 717.9212
0.04678917 615.7392
0.03408463 587.0421
0.03726554 496.4475
0.04254228 481.1799
0.02937692 479.6717
0.04710687 473.9857
0.0539978 488.601
0.05569526 425.3782
0.04994827 391.3465
0.04840657 436.0929
0.04901618 386.8692
0.04465111 381.9161
0.02929599 343.6528
0.0309203 342.5304
0.04276586 403.3313
0.04965351 445.8924
0.05379728 452.1387
0.06563519 474.9333
0.07640985 416.6304
0.04484577 411.2017
0.02718298 449.5084
0.02366916 491.9421
0.02634201 644.8377
0.02123755 586.557
0.02415803 625.5651
0.03033799 503.3558
0.04262927 478.8958
0.03693524 497.8837
0.02920589 580.6489
0.04658014 648.5131
0.05488993 740.4303
0.08037825 630.536
0.07578976 577.4674
0.07865746 485.7883
0.0773141 528.6449
0.07359162 506.5053
0.06480179 557.697
0.06872099 421.2232
0.09929757 495.8032
0.110802 443.1889
0.0945749 539.053
0.08883037 563.537
0.0867792 605.4828
0.05740287 628.2941
0.05119132 673.2782
0.05540468 697.8959
0.07122585 791.7466
0.1308007 895.9709
0.1321353 937.4558
0.1578053 804.5876
0.1836062 787.0689
0.1797977 656.3093
0.1302402 699.9367
0.1235785 774.1146
0.1005522 788.0735
0.09159224 671.1851
0.09858495 740.3059
0.09533141 688.6932
0.07933192 753.869
0.04761888 632.2647
0.05384961 606.5117
0.06466619 570.617
0.06675749 495.0177
0.0824703 575.9093
0.06928627 683.5751
0.08412996 760.3225
0.09274358 766.899
0.09854865 859.634
0.09037754 813.2949
0.09786652 723.31
0.08190623 791.7238
0.09367448 764.3274
0.09394931 745.1076
0.06495809 791.6729
0.08215065 812.6402
0.04407046 756.7307
0.07497936 730.5612
0.05135703 962.5289
0.03352031 853.9877
0.04848685 998.1715
0.06364038 1071.924
0.05525557 1184.733
0.04601852 1205.246
0.02782155 1492.454
0.0384461 1284.121
0.04939501 1492.485
0.04303981 1649.757
0.02430469 1673.565
0.03318284 1761.661
0.01605143 1631.687
0.02329107 2027.631
0.01197148 1942.558
0.02987542 1975.451
0.03765202 2143.088
0.02051517 2193.029
0.02772269 2073.518
0.03870195 2433.221
0.06269931 2434.875
0.08163142 2707.366
0.08675067 2197.908
0.06516479 2128.328
0.07065337 1941.111
0.08102264 1606.254
0.09780289 1377.735
0.09438547 1254.357
0.09328768 1200.572
0.07753022 1170.167
0.09022752 1069.506
0.05923214 978.0347
0.07676952 803.2108
0.08956845 831.5598
0.09937497 795.4293
0.09485043 862.9476
0.08441899 759.2319
0.04980752 878.7404
0.04522198 969.8972
0.05483485 998.526
0.06900828 1022.936
0.07873256 1025.625
0.04180089 1079.865
0.05202736 1196.018
0.05034208 1360.891
0.03268711 1054.223
0.04666849 1038.235
0.06324052 910.5929
0.06448744 868.953
0.06749742 898.8544
0.09060903 977.8863
0.08215554 1009.353
0.06508253 959.0094
0.05299736 1032.735
0.05523197 1072.681
0.08195033 1116.068
0.1069464 843.9032
0.1199784 678.3789
0.1669009 601.0446
0.2015534 528.1232
0.2031937 444.1702
0.231205 590.0635
0.2176202 474.8102
0.2201143 466.2199
0.2175076 495.7055
0.1963323 502.9959
0.2331954 614.7497
0.2291279 706.1427
0.2423195 695.8426
0.20571 548.7865
0.2219458 498.2139
0.223253 413.5641
0.1745233 435.2401
0.1363067 494.1591
0.1765374 537.0535
0.1924219 593.0409
0.1644694 626.11
0.1534426 576.4643
0.1381054 575.3585
0.1115455 566.1353
0.0936078 449.5649
0.080407 426.4845
0.1109633 449.3019
0.1064115 490.0106
0.1114401 517.8114
0.09682365 660.6559
0.09073183 649.1933
0.07472563 673.6396
0.09473463 606.9443
0.05240345 587.7127
0.03581869 541.6001
0.04960817 491.1489
0.0472868 449.5333
0.03817014 481.6297
0.05566428 559.4165
0.04195472 579.5834
0.0623777 526.8794
0.02643782 516.9805
0.04586117 442.6522
0.02871713 445.4709
0.02805503 499.5142
0.01612087 536.5817
0.01885249 504.7788
0.02155851 487.8239
0.01909177 471.2707
0.02894047 578.7893
0.05085363 590.4631
0.04133183 675.7334
0.04911836 642.0053
0.04847158 727.7649
0.0438452 831.3565
0.04096019 874.0864
0.07576025 818.4555
0.06015578 867.9188
0.05130967 885.0153
0.05083826 879.7834
0.03713144 763.4845
0.05839404 829.8341
0.0380922 919.619
0.05783606 908.1506
0.06621381 960.0672
0.04295066 914.8392
0.07636278 940.2446
0.05165465 829.1884
0.04374537 796.1553
0.04932625 815.9311
0.02636238 817.6424
0.01469893 839.3068
0.01461213 730.1245
0.006097888 740.6367
0.002759627 863.7581
0.001905514 793.9143
0.008056597 821.2974
0.01569957 776.3768
0.01116513 831.377
0.002759132 864.2906
0.01017666 770.133
0.03009572 810.4823
0.02850381 825.8076
0.02494997 682.1457
0.02374721 799.5525
0.02622884 852.6413
0.02318211 966.536
0.01960832 955.2176
0.01072794 1195.579
0.02267461 1189.142
0.01055303 1333.592
0.005053687 1442.645
0.004361208 1334.239
0.01760054 1336.475
0.03543724 1479.454
0.05534233 1615.174
0.03914184 1513.629
0.03236485 1416.606
0.01846759 1429.218
0.05226003 1601.546
0.04138335 1658.711
0.06012033 1553.702
0.06900561 1451.409
0.04810714 1624.521
0.05415664 1451.048
0.06614489 1622.05
0.0585411 1472.345
0.04060509 1732.677
0.01950895 1680.1
0.03520005 1589.962
0.03924326 1404.807
0.03827366 1655.663
0.06005956 1302.666
0.090495 1283.265
0.1008779 1255.044
0.06382482 1287.073
0.07661445 1323.517
0.06687617 1366.292
0.05071133 1465.099
0.0416124 1485.537
0.02350559 1573.615
0.02007436 1368.204
0.02653884 1197.908
0.03042659 1229.529
0.01676364 1030.092
0.02080015 940.8601
0.02553749 1026.859
0.03045111 996.7894
0.02387261 880.5693
0.04007456 896.0898
0.04371512 775.8612
0.04608057 924.7688
0.04569489 823.3399
0.0307631 763.3297
0.03106867 793.1183
0.03432355 883.8238
0.01584031 933.7898
0.0180505 1000.622
0.02015938 1148.223
0.03015734 1139.297
0.01198791 1452.812
0.003223029 1605.469
0.00808039 1365.227
0.009526368 1439.15
0.005435604 1495.082
0.008943187 1589.731
0.01324743 1768.242
0.01391448 1924.331
0.01627329 1994.93
0.02942494 1672.516
0.02822568 1912.14
0.02340568 1762.334
0.02126033 1875.834
0.03660451 1904.233
0.04688423 1658.191
0.03482488 1697.651
0.03750051 1773.79
0.08178193 1640.331
0.06375909 1526.412
0.07077853 1381.933
0.0478842 1529.535
0.04601928 1697.371
0.05475327 2236.029
0.04377336 1708.278
0.04052367 1843.668
0.0370696 1866.649
0.03146261 1955.956
0.05439676 1793.888
0.05185069 1681.776
0.03630099 1501.576
0.02788958 1502.581
0.03182903 1583.326
0.02590645 1857.962
0.00475143 1825.879
0.01723119 1800.175
0.01523242 2000.121
0.004063252 2380.115
0.02246781 2234.503
0.009203726 2123.225
0.01724261 2278.683
0.01984946 2299.66
0.01412588 2085.47
0.01579777 1605.327
0.01171678 1648.883
0.02285698 1744.795
0.03627689 1818.606
0.02694233 1626.5
0.008584799 1819.836
0.01825421 1891.935
0.02744481 2107.204
0.01769691 1803.955
0.02135046 1833.393
0.03413123 1763.377
0.03942195 1909.966
0.06071123 1957.027
0.02647282 1745.688
0.03254372 1761.77
0.02888412 1781.821
0.02984939 1764.514
0.03889486 1984.455
0.02992086 2045.38
0.03211797 2239.037
0.05400277 2327.934
0.0304966 2283.741
0.0164407 2002.207
0.02106135 1596.677
0.03706716 1769.972
0.02087437 1737.62
0.02065842 1680.754
0.05014281 1382.197
0.04450747 1490.699
0.01876638 1358.016
0.02298799 1282.642
0.01951047 983.9125
0.03106498 1105.569
0.03822347 962.5578
0.06790944 785.4766
0.0771544 831.2213
0.07953467 911.8634
0.06897589 1051.848
0.06401704 1127.917
0.05202205 1387.554
0.04799853 1561.497
0.05551069 1637.149
0.04085106 1790.509
0.02643515 1526.007
0.04027353 1647.131
0.03014435 1616.493
0.0328877 1865.066
0.01935207 1734.301
0.03185731 1545.232
0.03070892 1807.222
0.03714195 1855.235
0.03494347 1889.367
0.05864565 1929.125
0.04512218 1611.484
0.04612091 1735.424
0.03692551 1542.716
0.03357062 1530.871
0.03760786 1390.155
0.02911687 1580.412
0.0385861 1285.188
0.02187621 1271.72
0.006634115 1049.029
0.005121897 943.5051
0.01807429 1279.553
0.01237915 1253.115
0.003210119 1081.212
0.003326369 1067.118
0.002684741 1198.387
0.002579675 1259.24
0.005034387 1314.178
0.009643221 1280.395
0.002340057 1210.853
0.001916137 1254.071
0.006307482 1429.426
0.004538722 1391.445
0.00922743 1599.211
0.02438182 1651.995
0.03547653 1738.274
0.02565966 1757.53
0.04631958 1717.716
0.02135776 1858.886
0.03048882 1791.334
0.0408913 1988.562
0.03626204 1925.887
0.03413643 1855.094
0.01382902 1592.974
0.006497449 1479.151
0.01769643 1386.993
0.008244095 1283.055
0.02718581 1222.305
0.01496736 1126.665
0.01673333 1150.279
0.02953562 1212.607
0.02503275 987.893
0.01888731 844.4998
0.03510443 929.877
0.04090987 1042.701
0.05048303 1206.686
0.02419083 1026.141
0.00725424 991.2752
0.01575951 1012.456
0.01002252 1101.563
0.009139734 1101.987
0.01120154 1284.421
0.01388866 1165.658
0.01344345 1117.484
0.00889438 962.7581
0.01811989 892.3524
0.02552007 965.4725
0.01708697 1054.537
0.02387164 979.5279
0.02215823 930.5625
0.004765531 972.3342
0.00421751 945.3869
0.006665956 742.2213
0.003551754 666.1039
0.008696439 704.7836
0.006412451 673.5808
0.02001482 742.3998
0.02355545 692.0934
0.03183047 644.5903
0.04101182 561.427
0.06771619 623.1013
0.04522337 665.7787
0.05301798 799.629
0.04941687 772.0512
0.0312735 585.6402
0.01445012 709.7605
0.01474256 896.9853
0.02391547 802.6873
0.03164808 790.1435
0.02429081 862.065
0.02336987 1040.65
0.03608207 1055.939
0.04790787 1046.149
0.06811054 828.2381
0.06358495 811.4448
0.0808857 839.7456
0.08300879 934.0161
0.07748763 1013.144
0.09481248 1010.246
0.08245555 929.1518
0.07062003 1100.653
0.06321201 976.1357
0.09191766 894.3978
0.0832792 934.5458
0.06003179 1010.012
0.06637059 1216.105
0.07835688 1171.918
0.07372903 887.0717
0.07450857 820.2298
0.08565636 922.4111
0.08236753 927.8746
0.08170878 905.4104
0.09469003 914.2191
0.07157861 802.8756
0.1080006 783.561
0.1180985 851.1571
0.113728 900.1624
0.1098801 1038.501
0.06835649 1154.691
0.1252977 1053.982
0.1171032 1204.535
0.1175828 1082.16
0.1416451 1064.257
0.1362716 1247.942
0.1092871 1451.679
0.1181614 1362.329
0.09622124 1456.684
0.09778735 1304.216
0.07224783 1323.455
0.03533285 1156.839
0.05402579 1234.542
0.05362128 969.1443
0.08099408 862.2096
0.08711016 859.4683
0.09261522 921.0365
0.08086617 993.5563
0.09733885 1088.02
0.09672218 1301.608
0.08320015 1397.52
0.06838775 1415.811
0.115571 1175.656
0.1524418 1254.722
0.1168742 1193.405
0.08303999 1088.59
0.06905958 1106.661
0.07351217 1352.784
0.06626932 1445.536
0.0421317 1454.984
0.0320843 1278.744
0.02540445 1155.885
0.01811223 961.7073
0.01168659 899.3241
0.02884409 789.1743
0.02293711 768.554
0.03279027 743.2841
0.04638098 805.297
0.04323601 877.1401
0.03622321 837.6316
0.03406772 748.3891
0.04479011 749.3335
0.03970819 646.0634
0.05680322 646.9215
0.05795328 689.0061
0.04522003 660.5232
0.09683367 632.5937
0.07838585 514.2275
0.1284386 446.9141
0.1226723 437.2718
0.1345136 467.124
0.199647 517.4673
0.1821074 496.4092
0.1765205 436.3517
0.1919812 493.768
0.1797461 497.2319
0.2026943 432.1903
0.1909306 460.1119
0.1714186 382.1136
0.1391018 372.8422
0.1362858 387.8088
0.1772965 371.1759
0.183563 337.6292
0.1649221 375.4293
0.1568366 422.8138
0.1220381 351.4407
0.1257393 351.8674
0.1317071 363.1525
0.1199166 422.2888
0.1052315 511.6215
0.105551 709.0358
0.1088331 692.5568
0.09540713 600.579
0.1232752 556.1
0.1196548 551.2669
0.1377018 487.2984
0.09290567 557.5108
0.09426659 581.2453
0.06065557 544.9555
0.06477233 557.1911
0.05604601 583.1651
0.04300838 659.2831
0.0299539 645.1232
0.02958883 785.4502
0.01450874 745.5048
0.01686232 774.7527
0.02272976 656.604
0.02184484 614.1699
0.01785159 555.3948
0.03757448 473.4307
0.03818983 475.5429
0.03394097 479.2908
0.04294909 512.1355
0.02298359 662.5936
0.02526885 596.4281
0.02114944 687.5161
0.02187014 796.6816
0.01749311 861.363
0.0199894 1007.463
0.01783734 998.9564
0.03694541 1019.115
0.0536492 886.4885
0.07059024 948.2114
0.08106251 778.091
0.08444629 790.5516
0.07471179 718.6387
0.06753435 687.2663
0.05662095 650.1171
0.05074379 613.1089
0.09031106 585.6292
0.08584268 638.7606
0.07905378 657.1724
0.03800109 597.5946
0.03646534 578.6329
0.03921224 489.9156
0.02868799 473.4785
0.01518667 421.5978
0.007062587 491.9713
0.03088739 467.6675
0.04920445 538.3502
0.03366689 571.6593
0.0207753 512.9818
0.01094645 511.9772
0.01928415 523.976
0.03217559 520.059
0.04213631 649.6151
0.04914135 636.7463
0.05493549 784.1632
0.05177939 801.2746
0.04846161 735.2567
0.03751233 704.0621
0.0549103 691.229
0.06413975 533.8403
0.04873631 672.5733
0.04924875 558.9018
0.05691297 475.1293
0.03595774 500.818
0.03285538 441.1114
0.04125254 484.2114
0.05205605 449.3492
0.04085325 454.9502
0.05647102 444.1566
0.0587686 497.6187
0.07773464 545.4049
0.05969768 588.9087
0.08672044 654.5723
0.06661829 803.0337
0.06076023 718.9674
0.05154931 731.4741
0.0563427 775.2098
0.1007833 838.7902
0.07555563 783.6472
0.07278399 814.101
0.05301758 851.4203
0.04112709 849.2039
0.03422425 773.9115
0.0445484 633.7758
0.01980472 932.6895
0.02698669 852.9096
0.04683216 761.6554
0.05319576 805.769
0.04958772 822.3153
0.0921006 938.6933
0.08383589 854.9145
0.1110356 878.555
0.08052829 810.1961
0.091932 978.9079
0.1067486 813.5592
0.1367089 699.3824
0.1382751 608.6241
0.09763903 589.6618
0.09425017 725.6988
0.113943 839.0716
0.0961354 990.6209
0.1111153 962.3291
0.1023386 786.2996
0.1000291 770.0392
0.09651831 796.6984
0.1104511 928.3139
0.0661778 1326.716
0.05749454 1451.769
0.06083237 1514.775
0.0409308 1397.554
0.02473161 1415.054
0.02404744 1551.178
0.05964427 1840.964
0.05730453 1593.107
0.06714715 1666.347
0.03835003 1443.426
0.02740069 1257.594
0.012458 1423.008
0.02124082 1520.918
0.03369754 1203.24
0.05236744 1139.634
0.03180226 1107.828
0.02610674 851.2214
0.02083753 884.0448
0.02025718 771.9643
0.01716835 617.4032
0.01780928 685.827
0.01942102 718.228
0.01760122 776.0461
0.07194864 822.8209
0.08567965 710.9306
0.07398295 632.031
0.0731824 615.8551
0.08853036 561.4832
0.06093445 574.703
0.07527641 563.106
0.08834709 581.3057
0.1205162 594.8857
0.08864979 771.6301
0.09803876 654.1749
0.08443271 602.5759
0.05899741 587.8386
0.06917097 604.3423
0.05032614 579.8526
0.05637505 474.8796
0.03792794 515.0787
0.04217848 537.9583
0.02338049 523.4276
0.0140319 489.8947
0.000520051 487.2166
0.004159293 421.0117
0.01086155 515.6019
0.03090111 543.9455
0.02801713 515.3771
0.0546366 531.0512
0.04436065 483.963
0.05462741 578.91
0.06925735 529.1915
0.06366894 565.216
0.085792 506.63
0.08020786 634.3025
0.05009481 685.2935
0.1039177 828.5716
0.123033 1001.198
0.101394 1092.709
0.1275916 1204.634
0.1014708 1222.908
0.1069077 1214.079
0.1276633 1106.487
0.09311746 915.7881
0.1149659 822.4616
0.1111031 730.6726
0.07950956 867.7425
0.04716363 879.4882
0.05829639 1055.757
0.09036602 1036.269
0.07889542 1039.282
0.0751056 1069.695
0.06146968 811.5811
0.08270855 788.1912
0.0763019 880.7022
0.09543273 807.9657
0.09329598 806.0986
0.07799514 746.3637
0.054209 614.798
0.04475161 509.4045
0.05858157 567.8015
0.04297424 505.0209
0.0449393 463.9321
0.02507223 541.4988
0.02748858 575.4482
0.007701657 582.1608
0.02169133 523.7924
0.01303191 514.1098
0.01638882 543.1757
0.01592759 570.9703
0.03008647 536.5138
0.03546333 525.8806
0.035358 552.3483
0.04017304 593.6264
0.02375095 546.0716
0.03488825 512.5137
0.04479059 705.0857
0.02408896 751.663
0.03258808 833.4671
0.01755847 860.8649
0.0167706 915.8948
0.02598498 893.8305
0.02490401 951.0063
0.02198815 951.2218
0.02792038 952.8214
0.01596003 884.5408
0.01760952 879.4795
0.01900827 995.2799
0.01651542 906.2721
0.008653736 1040.694
0.03134221 894.773
0.02849173 783.9738
0.01526475 827.3752
0.001887959 1053.977
0.0100574 1042.287
0.009207521 961.8551
0.02136592 965.1405
0.02758729 943.6968
0.04733087 925.5347
0.06986077 1237.112
0.05134377 1327.131
0.04233221 1565.833
0.0343774 1651.643
0.03577367 1489.645
0.03910867 1333.202
0.02647629 1510.067
0.03387924 1795.224
0.04825048 1849.862
0.0461609 2066.685
0.01945762 1904.496
0.03225064 1575.957
0.0186878 1654.383
0.02249175 1710.031
0.01169666 1510.116
0.009533074 1659.833
0.008778347 1871.009
0.006919963 1978.588
0.02110232 2021.363
0.02030009 2121.009
0.00824415 2148.338
0.004889991 1829.82
0.00318865 1859.265
0.003222828 2101.392
0.003871107 2175.38
0.007539015 2206.598
0.005413891 2106.171
0.009013335 1943.98
0.0102987 1833.827
0.007967603 1761.546
0.006622429 1688.089
0.0002726719 1769.713
0.007173738 1766.723
0.01503037 1759.567
0.02497997 1743.046
0.01995044 1588.993
0.02936441 1907.243
0.008485576 1904.245
0.008225782 1965.004
0.02041423 1506.46
0.0272781 1433.279
0.01935049 1560.045
0.01725714 1273.463
0.0180713 1351.189
0.02896527 1152.436
0.03084893 1280.684
0.02848868 1070.154
0.03945148 1104.61
0.04457302 1047.146
0.03995309 1080.363
0.0444393 1028.741
0.04633196 1009.033
0.03899042 1204.574
0.04308836 1449.43
0.02409108 1375.928
0.03653688 1441.868
0.05645135 1193.495
0.03340179 1307.96
0.03280719 1403.427
0.02984335 1327.938
0.03996646 1446.479
0.02422113 1362.764
0.03112049 1468.302
0.01858108 1434.244
0.01750058 1534.473
0.01456453 1794.908
0.01436945 1814.62
0.01269981 1659.205
0.003897559 1769.644
0.002241631 1694.868
0.01356397 1634.304
0.006294092 1445.951
0.0009051115 1468.262
0.01169577 1729.473
0.005536752 1823.781
0.004782547 1862.671
0.02551694 1677.5
0.02609111 1525.977
0.038402 1539.141
0.06390253 1447.746
0.08050105 1811.573
0.05572847 2030.661
0.04618049 2153.654
0.05849663 2127.297
0.05444163 1987.389
0.05876805 1995.912
0.0601403 1888.564
0.08069352 1756.77
0.04475938 1728.648
0.04254894 1877.119
0.0225093 1862.831
0.02609292 2104.99
0.01332875 2254.974
0.00142432 2335.134
0.00981916 2366.647
0.008559048 2167.186
0.02465228 2320.028
0.02161963 2091.051
0.02824125 2532.267
0.02144239 2708.6
0.01863513 2851.334
0.02410282 3080.203
0.01312067 3274.175
0.01988917 3355.27
0.03357361 2886.821
0.02188021 2556.708
0.006319671 2624.444
0.00324907 2695.992
0.009173371 2596.704
0.008286083 2525.338
0.003821795 2618.152
0.0006195862 3011
0.005100814 3703.369
0.01137043 4264.374
0.01017536 4164.866
0.01701346 3554.018
0.01185901 3107.765
0.03575455 2535.572
0.04063123 2355.121
0.02667944 2804.44
0.03020802 3094.184
0.02223645 3403.802
0.008957491 3127.909
0.03113368 3035.456
0.03932073 3181.817
0.02202362 3167.331
0.01671074 3208.673
0.01744585 3154.083
0.01556142 2881.206
0.02601131 3201.048
0.02801212 2950.231
0.02262501 2330.591
0.02165606 2299.025
0.02076247 2174.841
0.03828247 2128.874
0.0380402 2124.373
0.04683249 2361.443
0.0336456 2241.942
0.01433233 2202.021
0.02513928 2085.493
0.01436177 2411.619
0.003890933 2230.035
0.006291963 2179.346
0.007707498 2123.789
0.01840787 2132.367
0.01067312 2396.523
0.004570794 2445.074
0.006271335 2441.646
0.01370365 2017.481
0.02417215 2126.018
0.01228912 2558.689
0.005631477 2132.575
0.007498075 2272.342
0.01824254 1895.935
0.01864181 2149.224
0.03240239 1776.984
0.03974195 1622.81
0.03456625 1810.142
0.04298673 1929.235
0.04632647 1901.593
0.04951954 1622.391
0.06680992 1807.918
0.04536538 1833.133
0.0630773 1669.077
0.05028638 1859.964
0.049022 1613.849
0.03845595 1760.098
0.06283839 1644.374
0.06423116 1573.729
0.06039823 1377.709
0.03547384 1421.678
0.027461 1679.516
0.03068836 1687.989
0.03178049 1567.987
0.02452294 1511.147
0.02436243 1467.296
0.01566498 1364.393
0.01176867 1149.08
0.003403134 1320.6
0.008330117 1598.905
0.005890963 1521.793
0.01771948 1779.023
0.02472143 1920.532
0.01174779 1900.449
0.02051256 1568.342
0.02383248 1374.426
0.01827999 1245.502
0.003808784 1137.079
0.004814272 1130.948
0.006499074 1055.744
0.005439461 974.712
0.004290621 876.5095
0.005675595 1111.187
0.01266547 1147.391
0.02031386 1086.878
0.02267046 1122.305
0.0374739 1036.871
0.02576539 876.5012
0.02653209 1082.658
0.01190829 1076.138
0.02252065 1074.806
0.02027593 1037.695
0.01796163 1215.168
0.02474318 1178.746
0.03161876 1223.52
0.01088067 1562.683
0.009581338 1482.563
0.001379632 1399.556
0.006349932 1489.292
0.02312755 1696.094
0.03419627 1574.065
0.01519085 1384.777
0.01936753 1453.595
0.02006691 1440.488
0.009781141 1301.756
0.01147317 1248.672
0.01877208 1476.492
0.01631734 1430.411
0.02025269 1262.53
0.03646405 1543.017
0.02055124 1924.27
0.01047358 1900.309
0.01108279 2268.023
0.005971896 1985.96
0.004658319 2043.997
0.01055147 2016.048
0.005140735 1775.382
0.007047287 1606.155
0.01136386 1506.176
0.02442097 1562.433
0.04042731 1854.71
0.09118308 2237.804
0.0938161 1743.253
0.09050486 1699.049
0.06912092 1635.12
0.08218717 1377.953
0.09945924 1506.021
0.1273409 1384.145
0.1328993 1083.717
0.102052 1072.623
0.06387208 1033.855
0.03225797 1038.114
0.03217353 1137.064
0.03905752 1092.052
0.07729839 1035.71
0.09420127 1112.712
0.0987813 950.1894
0.1062658 950.5988
0.0635872 860.9225
0.08786828 967.075
0.06851293 959.4551
0.05841478 1133.28
0.05260492 1223.138
0.05859285 1399.57
0.07520279 1449.982
0.06657202 1609.924
0.075638 1678.618
0.06744077 1727.445
0.06876393 1750.334
0.07637419 1682.959
0.0948091 1663.85
0.1040616 1848.565
0.09403754 1890.134
0.06831122 1646.183
0.05580114 1706.073
0.06409603 1846.708
0.06507487 1893.928
0.04110919 1550.623
0.05109707 1501.984
0.02715834 1236.268
0.02814422 1204.096
0.04453684 1143.093
0.03466549 1452.815
0.02445165 1404.738
0.01969748 1477.59
0.007725298 1358.254
0.008681797 1411.612
0.008439989 1410.867
0.006781823 1359.186
0.008727764 1256.668
0.0104103 1301.096
0.01357046 1182.66
0.03537383 1209.729
0.01763238 1263.189
0.02293692 1395.694
0.02819629 1268.674
0.04566813 1084.277
0.04353445 1067.899
0.03502028 1164.076
0.03928588 1049.901
0.03493522 864.6287
0.04056227 917.4031
0.02945693 932.4265
0.0169229 967.3031
0.01555546 862.1265
0.03113393 952.8466
0.06254295 963.2381
0.02801029 922.6974
0.0177712 935.4247
0.02294625 1019.651
0.0419655 1132.842
0.05737373 1319.485
0.04305822 1139.635
0.02494324 1210.82
0.01681057 1152.853
0.02565304 1018.009
0.01678055 1034.767
0.003177305 1195.15
0.00635832 1153.19
0.009902314 1286.403
0.009366193 1409.07
0.01058896 1387.198
0.01211149 1874.803
0.02108752 1907.213
0.02389745 1751.681
0.01969641 1635.314
0.006085089 1608.422
0.01332243 1471.464
0.03685839 1604.865
0.04135531 1493.26
0.04812869 1395.571
0.05483961 1258.119
0.05730832 1145.904
0.04243951 1309.132
0.03995653 1449.091
0.04182683 1511.949
0.01588178 1667.91
0.04791547 1606.06
0.04365433 1299.766
0.04630938 1273.687
0.04911652 1165.474
0.04540179 1114.394
0.07701415 1198.543
0.06328259 1176.108
0.07886767 1169.929
0.08013394 1264.375
0.07779978 1435.098
0.08505282 1275.736
0.07583792 1449.702
0.05058134 1444.623
0.04719024 1369.258
0.06592218 1431.227
0.08026088 1496.032
0.06745402 1666.038
0.06664021 1655.822
0.08927283 1242.25
0.09352528 1639.033
0.08612699 1955.982
0.07273876 2124.743
0.05265708 2439.781
0.04220591 2154.889
0.03340352 1932.412
0.04775579 1932.194
0.04026993 1820.685
0.03148934 2040.406
0.01828129 2247.337
0.01660509 2663.969
0.01476122 2717.296
0.01852658 2556.305
0.01508325 2830.851
0.01696645 2281.273
0.01903805 2347.029
0.007697898 2837.128
0.007078839 3584.312
0.006394655 4440.651
0.00967242 4563.196
0.005023969 4432.53
0.006624079 3622.479
0.007641095 3898.047
0.009517317 4177.144
0.01053477 4250.162
0.01534992 3403.264
0.02036023 2831.327
0.01256513 2811.162
0.01232816 2670.302
0.03292786 2802.938
0.0321288 2836
0.03766509 2901.603
0.03189299 3162.291
0.0191277 3036.234
0.004638626 2244.468
0.0135325 1876.55
0.02012221 2019.78
0.0290566 1911.825
0.01859998 1901.557
0.03566362 1584.688
0.01427526 1344.075
0.01807554 1461.023
0.02149651 1483.007
0.03189692 1493.952
0.02494803 1471.696
0.01813325 1684.344
0.01636246 1711.982
0.01243848 1715.734
0.01062148 1487.481
0.01335198 1469.185
0.005633432 1580.657
0.01156987 1655.588
0.003957805 1690.511
0.007744066 1762.2
0.007345428 1785.613
0.01505842 1777.683
0.00932119 1597.944
0.01185552 1680.734
0.007728163 2051.385
0.02555706 2179.094
0.02788201 1900.733
0.02551746 1846.086
0.02455274 1705.911
0.01953462 1655.028
0.04295345 1896.483
0.03095452 1898.883
0.03680937 1963.976
0.02797848 1938.393
0.04299945 1780.105
0.04044956 1448.233
0.03780943 1455.528
0.05946399 1674.337
0.03058642 1824.263
0.02240301 1747.781
0.01576663 1833.832
0.01019962 1766.783
0.009918006 1945.795
0.0179928 1672.625
0.008960892 1893.641
0.0198962 1635.374
0.05135855 1714.526
0.06273238 1539.826
0.05816869 1361.815
0.07194454 1316.792
0.04283014 1303.376
0.06520923 1566.7
0.05309383 1597.068
0.0392328 1637.049
0.03687679 1711.351
0.02225294 1601.125
0.01461941 1648.87
0.0105226 1404.621
0.00999492 1273.641
0.009302792 1187.325
0.02071629 1132.928
0.01916874 1259.369
0.004653775 1144.215
0.01641903 1290.661
0.006312732 1218.39
0.01400499 1208.219
0.02019084 1227.476
0.02936073 928.9779
0.04062487 988.1976
0.03242788 1046.047
0.02559386 1090.335
0.0277429 909.8679
0.03987293 917.6251
0.06424287 916.4424
0.07241906 1027.241
0.05979216 1060.025
0.03107909 996.6269
0.04575592 986.9082
0.03728505 845.5872
0.03972428 962.9147
0.05911214 956.2079
0.07665745 767.9178
0.1058701 830.0426
0.1296642 800.5226
0.07553353 783.2821
0.1021739 833.5382
0.08290923 944.0929
0.08964153 827.8944
0.1009727 891.6439
0.08758753 938.6926
0.07633726 862.5304
0.08808545 960.3065
0.04630401 851.1916
0.06286501 816.9142
0.0763726 918.552
0.08710346 877.6877
0.0679551 888.6004
0.07210671 948.324
0.1067079 960.4869
0.1173244 931.5527
0.1103558 917.055
0.1280879 759.176
0.1377678 782.2052
0.09674936 695.3237
0.06139024 825.3002
0.06759277 831.5381
0.04554765 768.2408
0.03287254 762.3826
0.04971558 717.296
0.03441614 746.915
0.04218961 640.5369
0.05192639 603.8771
0.03406871 672.0124
0.03705149 608.1748
0.03661541 462.4329
0.02445924 526.9856
0.01058529 579.0198
0.008143551 596.9281
0.003851904 562.1781
0.004024857 574.7931
0.02075936 552.9295
0.01240153 487.7344
0.004124025 517.3029
0.009682163 509.7148
0.009737946 540.8785
0.01437456 514.0637
0.01351366 507.8809
0.01721775 495.6512
0.0218731 542.3049
0.05670033 533.7186
0.05084573 459.1208
0.03174068 548.6743
0.05613995 590.3492
0.0542625 574.1828
0.05812873 470.3141
0.03304442 541.3802
0.03069699 510.8218
0.02801934 457.7465
0.009002818 367.0107
0.01107643 370.24
0.03587184 382.6797
0.04490366 396.3116
0.05112202 326.3367
0.05813861 342.5889
0.06387395 402.1793
0.05782147 424.8598
0.0237773 427.0742
0.02651886 471.6427
0.04672478 451.1631
0.06780215 470.6848
0.06042167 439.2164
0.06581951 618.733
0.05711031 616.1587
0.04684504 621.4521
0.04014575 683.8309
0.02313652 728.4242
0.02233043 742.0099
0.01641368 682.5332
0.0191095 643.8511
0.02759135 617.9347
0.03523685 558.9123
0.03798119 641.9904
0.03402421 590.6818
0.02206393 572.9636
0.03342182 513.2757
0.02980657 535.1454
0.03108893 582.291
0.02023109 570.1913
0.04151179 621.503
0.04704401 651.3065
0.09899371 703.6944
0.07947192 716.6152
0.08362528 603.1784
0.05924887 527.2562
0.08379496 517.7518
0.08291468 538.25
0.04764297 591.1905
0.07890749 582.1531
0.09713168 591.8798
0.08908574 655.1048
0.08157338 639.1712
0.05619104 732.1374
0.05339826 659.2028
0.07112662 692.9101
0.07469172 723.4687
0.08195549 705.8725
0.07472989 771.8134
0.0461629 1037.799
0.04374309 811.7915
0.08619693 773.6662
0.05980543 889.2801
0.06601547 796.8906
0.06904716 667.6533
0.08854635 890.3674
0.08371733 858.7495
0.0949358 733.1431
0.1054682 863.912
0.074065 822.8901
0.05487384 762.5613
0.03085671 695.3048
0.005995114 792.1631
0.0001277081 638.897
0.01167372 671.3586
0.01083006 727.6743
0.02273255 787.6962
0.05479373 792.1766
0.06254063 776.2894
0.07681897 697.7622
0.1162533 709.2302
0.1182079 728.5044
0.1239715 729.7646
0.128371 674.8798
0.162169 637.3108
0.1402271 700.3258
0.1095872 767.862
0.08810032 693.3933
0.1119719 713.8239
0.1326748 611.0111
0.177968 584.1831
0.1474735 640.1161
0.1575025 598.8571
0.1576567 591.4089
0.1632574 620.9204
0.1447781 520.5524
0.15078 490.6629
0.1681252 550.3762
0.1899316 705.0991
0.187994 771.3587
0.196555 651.7521
0.1679486 726.1497
0.1654652 637.2955
0.1840955 597.5384
0.1893708 749.2815
0.1310583 698.9776
0.10606 711.0025
0.09054174 747.5244
0.07145145 793.8634
0.03541368 665.9524
0.06969165 604.3437
0.07849987 687.6322
0.07985278 735.1315
0.125092 648.7642
0.08847233 705.3716
0.07990937 593.3097
0.08100698 552.2495
0.09779806 581.4426
0.08983142 603.74
0.07954021 577.6181
0.05803582 631.2393
0.05904149 665.1733
0.0389525 552.6913
0.04336829 562.9332
0.02665991 528.9346
0.01619901 611.0693
0.02246677 630.0635
0.005735549 728.2656
0.004850501 769.6791
0.003409793 810.1029
0.01046266 724.0337
0.008161495 729.5575
0.01542272 701.9705
0.01808605 707.3067
0.01870074 827.3903
0.01886186 796.961
0.0072626 831.5787
0.01749884 788.715
0.02084048 718.677
0.02658891 646.0766
0.03010023 631.18
0.04421798 669.5128
0.02953737 823.2763
0.02315812 839.4873
0.02126704 786.1665
0.02468234 1000.509
0.04862376 1029.865
0.02114056 1056.325
0.04070878 1031.682
0.06433557 892.5913
0.05905685 827.1812
0.05542589 679.6831
0.03856538 606.3382
0.07958972 707.118
0.09674961 737.5504
0.06911828 741.0732
0.09855054 707.1418
0.09950807 921.8134
0.1033507 830.7571
0.1195576 741.2773
0.08595161 781.9379
0.08931041 868.4052
0.08357026 907.4475
0.06210475 876.5768
0.02216239 865.9309
0.01355665 850.9195
0.03573958 872.8009
0.02310989 767.4043
0.03155781 744.8407
0.0389658 826.0495
0.05499767 1105.285
0.05757773 1141.318
0.04197033 1161.461
0.01832256 1214.811
0.01457187 998.191
0.02486598 1070.871
0.0206971 1202.134
0.03737419 1408.873
0.0419668 1408.294
0.05410048 1333.087
0.06894012 1282.833
0.04094091 1407.908
0.01821698 1402.207
0.04013902 1208.723
0.05684042 1163.77
0.02630708 1305.254
0.02539756 1344.982
0.02621603 1209.699
0.02206535 905.5541
0.0251974 811.4506
0.04848144 788.5233
0.04648253 920.4786
0.01946068 1190.632
0.01509984 1282.059
0.02284156 1179.349
0.03050097 1190.236
0.02530508 1342.526
0.06169096 1368.149
0.05075559 1365.096
0.06858198 1378.567
0.06634444 1439.806
0.06523873 1231.734
0.05076988 1304.456
0.04022822 1262.11
0.02860232 1236.436
0.02955746 1304.311
0.03599741 1302.033
0.04114292 1416.554
0.04577372 1225.535
0.05933846 1291.475
0.04433615 1316.22
0.0737348 1222.717
0.08207396 1213.489
0.08497433 1264.164
0.1072032 1273.974
0.09997191 1140.628
0.08582374 1302.455
0.06545392 1496.313
0.07213732 1357.586
0.06248276 1186.872
0.07522783 1200.486
0.09025303 1196.218
0.09501297 1256.206
0.1000689 1016.341
0.07563746 1289.711
0.09348875 1261.082
0.072422 1336.994
0.07968014 1337.51
0.04916809 1354.34
0.05663807 1109.161
0.06660829 992.6513
0.07561978 1036.183
0.04038297 1204.574
0.04107664 1164.188
0.02489189 1289.734
0.03081985 1147.476
0.04059564 1101.033
0.02655735 1147.6
0.02620956 1254.17
0.01619976 1087.834
0.02328245 914.5184
0.01921654 825.0641
0.00649965 991.7212
0.02254318 932.8695
0.01809325 1049.007
0.004856344 1101.059
0.007328195 919.2136
0.002700837 750.2793
0.004416933 802.4845
0.008115743 821.776
0.007867571 855.7363
0.01937244 968.1436
0.007978384 793.8506
0.02078911 748.3795
0.0629613 789.8054
0.07598154 737.8333
0.1087764 651.5752
0.08933799 549.7322
0.07509916 607.176
0.08485271 597.8817
0.1181014 770.0283
0.1238808 684.6412
0.07325555 832.8318
0.05230969 746.4907
0.04425161 845.4397
0.02823704 977.7491
0.02221699 1106.17
0.02679048 1318.48
0.03329817 1024.671
0.03478794 752.7287
0.02655278 724.2732
0.03343093 883.95
0.02632744 840.4351
0.03411736 791.484
0.06159045 693.0125
0.06632389 739.3887
0.05363692 875.7683
0.03547408 862.7951
0.05494884 914.2686
0.05595718 1014.028
0.07351739 905.553
0.09088266 881.3141
0.07086663 871.1016
0.05487945 754.5185
0.06484123 683.475
0.07712076 780.4308
0.09205731 743.5226
0.1105219 972.6238
0.1001203 857.2717
0.1022093 959.2584
0.1040273 745.2786
0.1074823 787.3604
0.1121321 639.8547
0.1267368 724.82
0.1316811 598.6191
0.1055123 572.1793
0.09890416 564.7863
0.0686591 413.2222
0.05386662 435.9786
0.05713471 481.2284
0.07045744 492.9674
0.07469937 545.8448
0.08479509 544.1204
0.07293938 508.8985
0.08362309 647.8009
0.06256993 738.7752
0.05318975 730.033
0.06219819 684.7835
0.04509149 744.6022
0.05794454 898.2162
0.05985529 904.5599
0.05448737 896.6337
0.05021413 773.5522
0.03281175 808.1971
0.015045 776.3209
0.04434704 828.6563
0.0331349 750.5628
0.05196237 641.7578
0.0925287 736.7732
0.06928813 736.726
0.08775855 763.7861
0.07642447 837.5999
0.08098731 773.9437
0.08888997 776.3838
0.07429269 714.0196
0.05828358 700.159
0.05794882 725.8855
0.05571021 733.7773
0.03902006 744.057
0.04335746 756.7951
0.02700874 939.6909
0.0218121 1055.31
0.01504098 1068.847
0.03228617 995.9729
0.02752281 1101.172
0.02871151 996.5382
0.04615689 780.0965
0.04147943 735.4756
0.04717628 767.6482
0.06782122 786.1796
0.05580399 941.1347
0.05947551 840.6022
0.08673188 739.9298
0.07396195 693.797
0.04986146 692.9658
0.06247315 767.9762
0.0544203 951.1072
0.07421045 804.8051
0.09521339 746.9358
0.1378625 765.1904
0.1524157 862.1298
0.1052863 893.0742
0.1296547 1015.779
0.1193308 841.3055
0.1106377 832.5713
0.08371213 803.1148
0.110324 844.2499
0.0957677 831.8479
0.09724611 904.1704
0.07144394 849.2842
0.08838025 825.7321
0.09127992 1017.372
0.1209267 1064.016
0.12285 1092.259
0.08445317 1135.352
0.07158413 1217.88
0.04364975 1432.996
0.04137897 1368.099
0.0240386 1097.89
0.03293281 1013.724
0.04054505 822.0515
0.03847531 1019.215
0.03037821 935.4371
0.04802479 1037.389
0.03148946 956.3435
0.05430532 1060.743
0.05483017 954.4058
0.08455794 1004.573
0.05694617 926.0177
0.0572347 964.15
0.06065372 1000.981
0.068992 1012.641
0.04941616 1012.565
0.06191277 968.3253
0.07859764 1039.592
0.05574916 1164.978
0.05848833 1230.567
0.0669292 1291.75
0.08566214 1373.362
0.08255068 1243.304
0.06006879 1224.922
0.06762904 1420.031
0.04554828 1396.509
0.04267459 1246.571
0.06786145 1410.271
0.05352231 1328.097
0.07277382 1235.138
0.04611886 1123.246
0.03528798 1269.278
0.01980775 1593.067
0.03532394 1478.331
0.01853445 1454.945
0.02668832 1631.582
0.02726844 1205.628
0.01977473 1163.672
0.009910672 1144.561
0.004950613 1126.591
0.005596477 1202.804
0.008896466 1287.796
0.03841394 1130.677
0.02638341 1192.918
0.034268 1243.989
0.02225024 1270.065
0.03107614 1235.871
0.01904407 1332.485
0.01965219 1537.354
0.01667694 1669.889
0.01196317 1340.779
0.0162567 1555.903
0.01582285 1765.032
0.01015621 2082.398
0.01972328 1830.266
0.02719447 2142.067
0.00830338 2044.313
0.005799475 2334.456
0.007623973 2373.546
0.002665104 2360.061
0.004530122 2340.739
0.005043851 1898.731
0.005189692 1774.411
0.01235839 1855.032
0.01117015 1828.363
0.009119105 1864.014
0.009663101 1452.815
0.01318199 1771.027
0.02329677 1916.962
0.02641862 1921.389
0.02446576 1973.215
0.02152501 1775.861
0.02430383 1769.942
0.01863893 1797.711
0.01824218 1921.499
0.04147381 1694.646
0.03792049 1820.047
0.03995922 1781.986
0.06035445 1701.105
0.07499373 1560.655
0.08593211 1362.589
0.07733155 1276.946
0.06619316 1280.928
0.06474941 1131.36
0.07418069 1247.847
0.05468001 1164.87
0.06575572 962.2113
0.07199855 997.1528
0.07740995 1194.228
0.08757779 1299.386
0.08249333 1301.214
0.09453491 1052.021
0.1054059 870.2831
0.09455999 1079.854
0.09174199 1096.134
0.09081413 983.1399
0.1093802 912.0877
0.1210915 878.8591
0.1191092 755.8525
0.08215557 674.6212
0.06751523 694.6772
0.08305365 754.7027
0.08817844 629.5517
0.09479502 578.7798
0.09046956 524.403
0.1041982 495.7807
0.1167884 472.7081
0.09970359 421.7434
0.09298137 475.0143
0.08111568 545.0873
0.06609838 525.1263
0.04959641 549.4257
0.03873618 596.3406
0.06215471 647.7622
0.06694198 748.7357
0.05791798 838.5752
0.05192406 822.1782
0.08264466 913.2648
0.07931072 1038.363
0.0714341 1048.843
0.05729309 776.7163
0.09260143 706.5487
0.08520757 720.5538
0.06087028 825.5786
0.05594599 945.3317
0.03017043 979.5862
0.0376293 920.4597
0.02613683 1144.898
0.01997735 1218.626
0.01071665 1360.88
0.004572038 1463.963
0.00533718 1218.6
0.009393981 1455.759
0.01011626 1445.757
0.004324293 1071.187
0.006942563 1157.956
0.01093605 931.7437
0.008037892 897.3676
0.009138089 962.6793
0.02070606 1036.907
0.01452336 1000.032
0.02585241 795.4043
0.011754 768.4515
0.004233655 837.9437
0.01173714 897.0392
0.01653766 807.4021
0.02234775 808.3649
0.02555506 851.7702
0.02079569 877.0818
0.01004956 1008.728
0.01815815 1160.064
0.01459907 1105.167
0.0237753 1369.423
0.04708189 1358.844
0.05528199 1480.225
0.02726831 1338.783
0.01746238 1152.381
0.01571768 956.0691
0.03202999 914.1348
0.01888582 910.9978
0.03606215 897.371
0.05258004 792.9208
0.04409608 754.0574
0.05869334 677.6743
0.03088194 687.3787
0.02690915 853.6963
0.04310856 893.798
0.04035154 877.8487
0.03373106 962.4407
0.04521809 983.8304
0.05299298 1156.895
0.04419936 1176.183
0.06063836 1104.297
0.04818676 1088.255
0.04358837 964.8076
0.04366773 902.8205
0.06324279 924.9345
0.08951017 909.9639
0.07715923 848.3353
0.09141125 870.4035
0.06141209 801.1704
0.0551694 758.96
0.04314351 833.4132
0.07173098 784.6233
0.06591723 730.8034
0.05894487 922.2838
0.04339725 832.3693
0.06887866 885.6718
0.05825735 841.1425
0.05922867 866.557
0.02179959 840.1735
0.007590313 876.0092
0.003555998 820.2936
0.001529724 834.0379
0.002570152 880.4371
0.01407761 1003.317
0.01125136 1126.216
0.01871105 1175.278
0.04294694 1089.624
0.04958711 1297.603
0.0827366 1485.481
0.04646244 1452.081
0.03346855 1407.54
0.04317027 1633.934
0.07873109 1518.228
0.06766147 1768.214
0.07648152 1480.125
0.08965633 1478.158
0.0890551 1352.334
0.1199453 1438.412
0.1323132 1526.8
0.08904734 1399.02
0.0604076 1372.459
0.0356268 1299.251
0.0463618 1329.726
0.01756054 1519.539
0.02296236 1472.748
0.02568545 1499.038
0.02386405 1787.023
0.02941431 1855.731
0.02572155 1694.279
0.01672529 1661.499
0.0181315 1750.079
0.0198737 1970.079
0.03264523 1909.887
0.01324632 2080.599
0.01222425 2116.393
0.008006036 2208.034
0.007152645 2212.293
0.02320197 2376.705
0.03796589 2547.99
0.02663057 2690.718
0.02870655 2963.114
0.02731916 2688.603
0.01470142 2756.7
0.009174837 2514.133
0.004230681 2296.085
0.01112671 2038.831
0.002117281 1741.052
0.01312996 1559.073
0.006744174 1618.466
0.009230717 1469.472
0.02696989 1474.612
0.02528557 1693.737
0.03168871 1841.411
0.01235415 1817.193
0.03105236 2112.986
0.02010254 2511.935
0.03894026 2318.864
0.03723967 2413.075
0.02369352 1927.828
0.02379047 1689.711
0.02955211 1687.836
0.04171756 1317.821
0.04161763 1428.901
0.03431165 1570.795
0.04872918 1658.035
0.062883 1325.228
0.06400904 1365.853
0.04407518 1437.095
0.0432226 1188.098
0.04641899 1336.145
0.03591934 1109.362
0.01833112 1135.726
0.02875401 1074.361
0.03176208 1290.121
0.04453199 1051.729
0.03617637 1083.797
0.04638704 1113.5
0.05497052 1027.377
0.06730729 1156.067
0.06504158 1042.973
0.09711305 1017.827
0.08800798 1034.967
0.09025938 1043.145
0.1411011 873.0984
0.1086886 793.1751
0.09199596 919.1724
0.08246707 964.4448
0.1307842 951.7224
0.1212477 772.6795
0.1120429 883.7815
0.1536853 967.0689
0.1007275 933.4364
0.07488127 1022.457
0.05949885 963.5016
0.06488774 830.5211
0.08214739 903.1925
0.05157013 844.6733
0.03355057 815.8545
0.06772029 897.142
0.05579941 821.3103
0.05485387 815.1605
0.06663569 712.3353
0.0655315 692.2409
0.03448056 655.299
0.04651966 669.0194
0.03484124 803.307
0.01587447 860.6106
0.02075234 944.5994
0.06883042 797.1896
0.07870927 858.6627
0.07277043 778.4969
0.0779341 799.2246
0.06525456 825.9647
0.0958911 785.5062
0.1009463 763.2947
0.09206243 674.7044
0.09143877 584.6821
0.09913633 588.3598
0.07047885 706.1738
0.06127464 637.1083
0.04671515 651.362
0.0572333 660.7964
0.04865438 739.9004
0.04624599 730.4767
0.03015638 649.7448
0.02674863 610.3725
0.02279991 653.9956
0.02363875 708.5046
0.03790229 851.9027
0.03821553 884.8123
0.0561058 1000.336
0.095436 1031.182
0.07915512 1247.403
0.07590975 1220.301
0.06562842 1294.881
0.07494099 1456.834
0.04445144 1445.117
0.05661618 1192.332
0.05325654 1190.924
0.06930314 1075.09
0.08536492 1151.728
0.09554307 1486.659
0.07607444 1481.322
0.0534782 1412.437
0.07608625 1186.812
0.07082593 1192.072
0.08055062 1085.207
0.04821509 1093.47
0.06378124 1124.367
0.03134688 1158.47
0.03623462 1229.232
0.02205271 1207.71
0.008380415 1229.429
0.004718933 1104.284
0.01086912 1013.669
0.01105645 848.2927
0.0333261 770.4691
0.03334889 899.4738
0.03240047 913.4877
0.03455292 988.4918
0.03147758 902.896
0.06283412 976.8768
0.05030353 1127.637
0.07226562 901.7926
0.0661991 1048.234
0.03928923 1032.897
0.02753924 1065.964
0.0344591 775.4635
0.06294163 890.2794
0.06116221 1012.965
0.06452323 1116.072
0.07256823 1007.115
0.06704367 1071.652
0.0914881 989.6727
0.06350532 1280.699
0.05279433 1176.419
0.06992538 1207.042
0.04591631 1216.922
0.04902331 1392.832
0.04722417 1218.665
0.04978216 1500.532
0.05679261 1438.866
0.04303527 1916.159
0.03015779 2132.807
0.0298802 1825.777
0.02583678 1682.586
0.03935905 1363.313
0.04200459 1451.467
0.05408103 1361.292
0.04775091 1396.035
0.0447137 1434.671
0.04362967 1558.783
0.03406027 1721.941
0.03286843 1632.46
0.03345844 2087.447
0.02100583 1907.713
0.01881267 2327.468
0.01240377 2344.336
0.01203952 2591.699
0.009397386 2450.992
0.020027 2720.232
0.01891987 2216.252
0.02948624 1967.995
0.03267552 1801.718
0.04286592 1934.882
0.03503255 1915.662
0.03636007 1990.408
0.04877578 2011.9
0.05112404 2031.26
0.05723569 2299.54
0.08068028 1981.282
0.09911446 2010.691
0.07627063 1883.726
0.0948357 1629.95
0.09443637 1760.673
0.06272561 1644.913
0.05530762 1428.856
0.0321382 1333.153
0.05779861 1407.399
0.06596306 1603.134
0.0597099 1674.316
0.04755046 2032.352
0.05486654 1820.776
0.07614255 1993.642
0.06782168 1723.189
0.07940822 1424.965
0.08898572 1479.998
0.107531 1614.679
0.09855324 1805.394
0.1372974 1927.786
0.08956836 1482.453
0.08394068 1493.276
0.07748014 1586.713
0.06458148 1783.093
0.05469388 2026.813
0.03616058 1984.243
0.03083459 1795.095
0.03153366 1552.991
0.03785191 1608.331
0.06770849 1789.834
0.06972735 1619.936
0.08799468 1475.8
0.07467883 1578.541
0.07089887 1722.008
0.05815204 2193.07
0.04745582 2581.311
0.03028593 2698.501
0.03771187 2635.321
0.01795018 2906.218
0.01900044 2574.082
0.01416612 2926.024
0.009003034 3395.336
0.02498214 3437.219
0.01456187 2975.124
0.006920153 2513.247
0.009285527 2078.918
0.008276686 1937.66
0.02225803 2009.234
0.04333067 1842.201
0.03729038 2048.805
0.02866365 1753.476
0.02693395 1708.687
0.02023904 1577.678
0.006908458 1275.556
0.0008969016 1323.016
0.01102424 1558.635
0.02151014 1455.587
0.02623202 1033.325
0.03698705 1072.202
0.03699004 1093.774
0.02123728 912.0919
0.02303054 985.5902
0.01905181 1080.533
0.04720092 1121.581
0.03676703 1083.299
0.01808792 1063.944
0.01142938 1030.31
0.02220456 1093.288
0.01707316 1131.459
0.0319119 1098.107
0.03297929 983.6259
0.02611063 1111.973
0.0460931 988.7304
0.04871766 914.9891
0.05323084 905.3619
0.06703687 1022.999
0.07363281 1163.33
0.06954363 1172.156
0.04989313 1146.489
0.06084484 1116.851
0.07244449 884.487
0.1034486 857.4931
0.1093341 914.3106
0.09806519 911.0171
0.1033774 887.3786
0.1057316 815.0073
0.1036714 817.9287
0.1241286 791.4724
0.1052846 890.133
0.1139856 806.4427
0.1099402 817.0533
0.06922261 880.9298
0.06980274 885.2631
0.04262789 890.2602
0.048892 977.767
0.04748456 1104.326
0.0269926 1040.231
0.02669996 934.189
0.02140011 1059.271
0.01109904 896.3491
0.01526727 907.2102
0.03737116 737.7723
0.02520813 866.8071
0.02498599 845.1852
0.04908912 808.3733
0.03865328 915.9654
0.03886527 985.3661
0.03402743 1134.513
0.01092389 1133.724
0.007040601 876.8787
0.006571496 954.1127
0.02269737 1024.787
0.0207842 963.2675
0.01487999 863.0975
0.006239724 826.1371
0.01494643 893.8031
0.01200862 1007.75
0.01939788 1073.301
0.03248697 1120.535
0.04473564 1350.396
0.03723026 1472.706
0.04258637 1379.133
0.05431365 1206.79
0.05522423 1237.425
0.03884184 1127.322
0.06168497 1129.247
0.06288745 1210.466
0.04742231 1070.309
0.02313374 1254.823
0.02825559 1133.508
0.0301352 1133.777
0.03351504 1012.973
0.03435773 1035.543
0.03026923 1100.114
0.01185384 1062.335
0.007443409 1275.671
0.01177096 1085.198
0.01611377 1122.203
0.01302301 1298.717
0.01845514 1256.281
0.02623087 1233.407
0.02863584 1206.463
0.02978286 1460.422
0.01476439 1542.999
0.03331014 1343.301
0.0223237 1193.981
0.04179305 1111.808
0.02127138 1266.086
0.03391147 1500.717
0.02059788 1491.927
0.02695839 1450.737
0.02801268 1602.264
0.04288131 1674.618
0.03931866 1376.653
0.04581143 1617.798
0.0521622 1407.852
0.05490114 1426.251
0.07423468 1431.763
0.09000943 1498.312
0.09531893 1438.275
0.09160063 1310.917
0.08449398 1267.546
0.08357286 1209.534
0.04112534 1246.939
0.06792313 1058.335
0.07842355 1064.567
0.07414444 925.5823
0.08635536 1005.756
0.06099463 1028.208
0.03243983 975.1515
0.01388815 792.7706
0.02022192 809.2608
0.02275174 1018.287
0.0167039 1005.705
0.03334641 1148.958
0.03482603 1156.442
0.02282989 1121.176
0.01553874 1016.528
0.005999597 1202.178
0.02133012 1364.771
0.02549649 1303.954
0.01455172 1395.766
0.01935991 1382.351
0.0172038 1269.901
0.0237402 1304.466
0.04065872 1388.465
0.0313738 1595.059
0.02237915 1451.305
0.04652892 1446.498
0.04389932 1369.101
0.01613958 1402.081
0.02496526 1752.211
0.02065208 1525.026
0.02777628 1527.768
0.02674387 1641.371
0.03740739 1630.545
0.02832461 1801.034
0.05165663 1479.363
0.0664568 1679.802
0.0494505 1668.964
0.03549788 1584.805
0.05162113 1860.451
0.03935468 1960.516
0.02637595 1600.495
0.02326546 1536.019
0.04222946 1557.715
0.0337413 1476.908
0.03549508 1636.82
0.03263254 1706.976
0.01288686 1443.945
0.01737546 1301.319
0.02882335 1248.005
0.02711276 1190.244
0.02062837 1250.522
0.03469885 1225.893
0.03852168 1179.261
0.04848812 1323.804
0.03457882 1216.531
0.04242132 1194.26
0.02393714 1331.812
0.03114333 1213.951
0.03615143 1468.497
0.06419565 1772.135
0.03706478 1615.891
0.02718787 1608.845
0.0640446 1490.57
0.05216202 1661.875
0.05673697 1890.94
0.04621075 2090.206
0.04931127 1992.839
0.06612456 1993.333
0.04870837 1960.001
0.02502701 1638.388
0.04760503 1649.565
0.08026304 1784.502
0.03679992 1965.557
0.06672456 1778.892
0.04854205 1704.105
0.06555744 1689.816
0.06898968 1800.349
0.05693184 1932.31
0.07555481 1725.656
0.05705463 1933.325
0.03671973 2009.628
0.009855419 1851.684
0.01390646 1996.776
0.0118469 2708.708
0.02199674 3106.689
0.02754148 2676.2
0.02391393 2561.379
0.02408664 2883.584
0.02063163 2788.827
0.01597322 3800.138
0.0224589 3649.706
0.03261214 3929.728
0.02247223 3693.366
0.03454898 4302.712
0.0307476 3742.876
0.05852235 4059.227
0.05906117 4520.186
0.05759748 3541.998
0.05867286 3152.753
0.04623958 2947.112
0.05884885 3045.842
0.05491972 2506.069
0.06514503 2340.705
0.04752007 2068.298
0.03019615 1684.614
0.01151638 1621.645
0.02478569 1677.17
0.01567382 2021.402
0.02694499 2590.263
0.02039941 2305.597
0.01621812 2123.582
0.01565303 2775.382
0.02012203 2323.434
0.01378335 2182.876
0.03361308 1884.5
0.03932394 1873.302
0.04012406 1804.394
0.03463356 1686.911
0.03486851 1928.629
0.01966163 2149.214
0.01030106 2311.94
0.006324013 2302.253
0.01489747 2499.571
0.02373788 2889.853
0.03581314 2832.767
0.0291991 2769.483
0.02846189 3278.975
0.02636424 3422.146
0.01838289 3290.939
0.01769613 3826.097
0.0205545 3400.522
0.01296222 3485.931
0.008535018 3601.235
0.008513143 3278.775
0.01375868 3209.338
0.01761516 3391.856
0.02181684 3457.729
0.0176075 3281.959
0.01965311 2749.666
0.04110514 2405.46
0.04879016 2249.322
0.02621131 2331.244
0.01867685 2463.617
0.009370707 2028.311
0.009192351 1967.357
0.01035735 1871.211
0.008098299 1695.056
0.001098274 2129.923
0.009413713 2043.523
0.02231079 1898.594
0.0280751 1727.058
0.04367517 1806.351
0.03428877 1545.618
0.02570282 1604.865
0.01964479 1910.187
0.01567323 1878.689
0.0242818 1976.335
0.03064114 1911.93
0.02275886 1940.508
0.02165757 2179.236
0.0114903 2155.09
0.02000515 2442.009
0.02403265 2268.717
0.01685825 2642.706
0.01245335 2737.819
0.02582793 2611.906
0.02611602 2587.711
0.03531004 2649.646
0.04806504 2676.045
0.03347607 3071.426
0.04005506 3131.659
0.02805421 2830.817
0.0374815 2584.43
0.03778712 2659.569
0.02292604 3437.792
0.01183796 2993.098
0.01828869 2533.507
0.01183286 2425.962
0.03396482 1972.147
0.04851823 1735.147
0.03564092 1680.081
0.06692978 1781.15
0.05605481 1787.073
0.05444596 1657.31
0.04395713 1463.126
0.07646796 1340.207
0.08063984 1197.403
0.07316239 1208.561
0.04147093 1211.899
0.05679251 1196.026
0.03429378 1361.321
0.03069313 1387.682
0.03157195 1638.836
0.04517396 1715.433
0.06516461 1939.225
0.04629208 2424.905
0.04232152 1932.755
0.05449129 2085.363
0.05613531 2018.423
0.04766184 2356.685
0.03321654 2339.457
0.02338418 2835.492
0.03526189 2712.633
0.02577615 2408.74
0.02629561 2427.868
0.04572329 2256.796
0.04353305 2315.352
0.03953647 2494.615
0.02762528 2360.332
0.03442244 2147.545
0.03768335 1708.332
0.01705504 1651.191
0.04025679 1633.334
0.04788568 1823.366
0.05503082 1550.13
0.06482435 1516.89
0.0606429 1389.69
0.03514994 1554.249
0.0302284 1414.872
0.008220281 1625.604
0.005698753 1836.604
0.001755622 1893.626
0.001348834 2223.165
0.0010881 2163.257
0.003486066 2438.145
0.002591493 2762.372
0.004417852 2928.821
0.01085015 2710.424
0.0273692 2670.514
0.03840344 2852.209
0.03851421 3070.995
0.03371263 3228.611
0.03311225 3065.04
0.0295641 2412.277
0.01788603 2689.932
0.01101723 3402.79
0.007557096 3225.465
0.0012821 3673.375
0.00518848 3386.511
0.01285517 3563.872
0.01832072 3266.472
0.01754737 3897.41
0.02639998 4347.921
0.01830839 4424.334
0.01849319 3946.952
0.02944356 3297.527
0.02168087 3354.006
0.02884369 3473.366
0.02709226 3113.33
0.02819527 3590.558
0.02148326 4205.197
0.02126534 4412.797
0.01582414 4383.425
0.02628921 4218.217
0.03084633 3866.782
0.04164392 3737.83
0.02687271 3472.033
0.02630494 3608.658
0.01207257 3965.71
0.01863949 4336.115
0.015028 5049.056
0.006152139 4660.162
0.01323187 5092.057
0.02929423 3755.896
0.0348759 3128.772
0.05767514 2953.655
0.06307661 3129.702
0.05325937 2851.346
0.02684099 3493.589
0.0268909 3663.33
0.05778847 3631.544
0.05653578 3469.793
0.04402522 2862.303
0.03202725 2195.535
0.02711712 2311.658
0.02600027 2082.731
0.01652364 2167.83
0.02213152 2350.528
0.01885317 1817.184
0.01789224 2243.616
0.02189473 2465.577
0.004983135 2291.032
0.005347547 2449.968
0.0141356 2073.334
0.02958932 1995.765
0.02848182 2350.557
0.01962938 2189.457
0.02824536 2440.317
0.02170544 2636.262
0.02241996 2588.61
0.03649935 2451.683
0.005150736 2754.128
0.01226002 2642.001
0.01099003 2312.872
0.02304711 2680.533
0.03122254 3086.899
0.03111311 3831.811
0.0412881 3273.977
0.0313801 3912.546
0.03714889 3381.403
0.03864069 3934.435
0.02297389 4019.767
0.02261829 3254.526
0.02701525 3171.667
0.02380458 3040.673
0.0264301 3142.696
0.05155515 3063.262
0.02781731 2720.067
0.02806922 2636.58
0.02215604 2226.048
0.01401314 2180.744
0.005789543 2233.729
0.01572982 2572.31
0.02624683 2342.315
0.01585252 2416.875
0.0185722 2290.153
0.04235285 1797.947
0.02795068 1720.728
0.03558888 1601.176
0.02389204 1662.67
0.01394858 1585.061
0.01395369 1631.339
0.01425537 1491.623
0.01456105 1633.905
0.02517263 1387.991
0.02783368 1451.74
0.03603288 1533.133
0.06060247 1649.225
0.05830716 1624.22
0.05711712 1790.666
0.08020786 1929.34
0.1128425 1986.296
0.06956196 1982.953
0.07266766 1688.571
0.09601554 1721.751
0.07278035 1730.693
0.1118519 1836.117
0.09909231 1866.549
0.05712875 1861.88
0.05019143 1889.824
0.05691939 1885.365
0.07334856 1657.206
0.0604431 1416.332
0.0796075 1496.658
0.08116562 1492.717
0.07199093 1588.819
0.08948843 1379.44
0.08579513 1649.198
0.06827087 1412.714
0.0409596 1651.722
0.01916148 1557.543
0.02145304 1760.299
0.03682166 1693.6
0.03335861 1610.579
0.02510794 1621.947
0.04280985 1790.328
0.02673718 1746.347
0.02495812 1735.774
0.03244209 1714.783
0.03373455 1935.393
0.01192441 1882.726
0.004224336 1983.99
0.01496329 1754.933
0.01116328 1643.533
0.007794866 1801.806
0.006401991 2177.227
0.01273068 1901.533
0.01457128 2362.989
0.02357725 2169.705
0.02337237 2345.08
0.01698975 3121.444
0.01678298 2837.223
0.02170422 2632.853
0.03022238 2558.587
0.05047433 2294.048
0.03079519 2175.682
0.03442806 2188.129
0.01657197 2314.398
0.02184185 2293.28
0.03654965 1990.427
0.009794281 1779.019
0.005555362 1769.896
0.003451106 1754.815
0.005233443 1938.218
0.01328462 2230.931
0.03027891 2017.192
0.02244935 2018.071
0.01840987 2159.698
0.02510413 1968.696
0.02879196 1782.044
0.04159932 1977.693
0.01606862 1917.724
0.01725048 2083.967
0.01918938 2107.637
0.02102632 1788.795
0.03360485 1876.839
0.05777069 2057.064
0.03825681 1960.443
0.04205159 1730.096
0.02692662 1788.422
0.02130964 1629.763
0.01779543 2008.581
0.02790226 1810.132
0.02146225 1630.086
0.02914228 1725.007
0.02685187 1733.146
0.02232521 1546.302
0.01642462 1454.057
0.02076788 1480.592
0.01707793 1544.579
0.01358646 1680.013
0.008741006 1995.425
0.007509008 1802.038
0.02132845 1670.088
0.01967195 1629.208
0.02223669 1796.658
0.02458036 1544.974
0.02568502 1573.608
0.02256068 1625.833
0.01899733 1793.605
0.02584217 1853.06
0.02614203 1498.9
0.03268334 1535.438
0.03172499 1544.373
0.02014981 1053.038
0.007073381 924.6521
0.01285034 737.1463
0.01459733 802.7546
0.0314715 859.4228
0.06124492 855.7329
0.0476441 895.0854
0.05157891 864.2219
0.05975383 825.5024
0.06544159 798.4879
0.06074582 1086.435
0.0619475 1107.862
0.07693538 1052.699
0.03446246 889.6362
0.0129185 968.873
0.01624993 1068.13
0.03889808 1025.844
0.03972791 1002.988
0.08673445 874.3418
0.1116195 755.2124
0.103585 851.6456
0.08768667 783.5773
0.09293928 686.0988
0.1117472 662.1017
0.1535498 584.4789
0.169647 585.0001
0.148423 578.8618
0.1507045 633.1168
0.1198151 620.1599
0.1411574 552.8958
0.1560436 554.4858
0.07151989 614.1419
0.04848397 560.5504
0.06162793 561.057
0.04268225 700.6259
0.06599355 780.9035
0.04850539 656.3319
0.05230249 744.7044
0.0565911 796.9561
0.0680245 740.3876
0.043302 617.438
0.02397555 629.6315
0.04497511 607.7396
0.05575807 705.5
0.06540846 689.7964
0.05351309 771.3001
0.05345952 822.2572
0.06470188 691.4232
0.07797633 580.5157
0.08046789 606.9864
0.06760451 686.8557
0.06632516 656.6445
0.06440862 712.4407
0.06889925 669.0241
0.07657972 793.5359
0.1276751 699.3199
0.09913887 616.3859
0.06014688 622.4357
0.06069492 531.1403
0.04896978 505.8224
0.04512156 503.0541
0.05256097 577.3698
0.04361609 650.5632
0.03236512 703.8237
0.04737556 648.4258
0.03472974 669.6714
0.03460333 777.391
0.03989442 848.7001
0.03057991 875.562
0.03079608 761.8734
0.04691664 870.9345
0.03319848 1001.172
0.02493471 941.1449
0.0320716 930.0393
0.03937857 833.3719
0.02239674 898.9531
0.03172279 1026.487
0.012552 993.437
0.006563041 865.8219
0.00326943 847.9464
0.001198279 994.6162
0.01293203 966.2034
0.01666731 683.8857
0.01298185 741.2017
0.02218083 678.8251
0.02332236 623.7614
0.04167586 553.6213
0.03923743 650.337
0.03099318 724.1007
0.01839241 625.1742
0.0279027 650.3304
0.01417673 666.991
0.01357593 784.6018
0.02743366 713.301
0.03355801 600.6705
0.04000037 609.8635
0.04883894 636.2794
0.086022 787.8272
0.08524281 747.8655
0.1002643 625.5822
0.08213731 701.5701
0.06035545 752.1128
0.1094844 788.3858
0.08715035 797.2123
0.1040324 816.3472
0.08115789 844.764
0.1063852 878.1048
0.09744746 878.074
0.0889325 900.6569
0.1097407 918.5905
0.08896085 1073.121
0.07680837 1079.633
0.05961551 1100.465
0.06176517 1011.284
0.05363727 912.1696
0.04407502 942.6697
0.04597786 1024.808
0.04454407 1151.729
0.02819053 1061.781
0.0315621 1062.982
0.03764246 1155.492
0.04048789 1151.641
0.01906637 916.7232
0.01643363 893.8023
0.02856385 1011.101
0.05132547 973.7521
0.05411175 1136.611
0.05699435 1074.659
0.08987192 1044.801
0.1004855 972.1452
0.09138874 939.3627
0.05569847 904.7269
0.08308531 853.7344
0.1149827 868.4752
0.09480878 957.8282
0.04757633 868.59
0.03708832 753.8731
0.02914449 696.7342
0.02960702 726.4095
0.06296628 734.4564
0.06866133 823.4944
0.06821107 721.7211
0.07881162 837.9211
0.07269225 1090.2
0.0697224 1056.103
0.1320238 1128.317
0.1169589 1036.624
0.09193624 1034.144
0.06127453 931.375
0.07927513 1085.758
0.07744053 1124.068
0.1035866 974.4832
0.09396905 1206.799
0.09239993 1227.958
0.106406 1112.769
0.08540245 1131.995
0.06245767 1206.543
0.09406203 1028.828
0.07928566 849.0851
0.07034036 932.3745
0.07267754 1116.985
0.09023087 1097.263
0.09288628 966.6785
0.1028887 942.6698
0.06654048 956.9785
0.06775464 942.4128
0.059139 807.4065
0.05695418 790.99
0.02330666 931.1067
0.0513494 977.642
0.06116432 939.1215
0.06487818 954.9066
0.05513241 843.5602
0.0385072 934.4934
0.03169649 1062.862
0.02709341 938.7433
0.03611989 1067.925
0.063021 1135.454
0.08646117 1022.499
0.07331977 987.4281
0.0327982 1106.851
0.04829348 1144.568
0.03893733 1060.232
0.03454911 999.241
0.02984562 752.8778
0.04603449 871.7107
0.06791911 921.3557
0.0581575 865.0074
0.04267342 764.6776
0.04368672 819.7687
0.04193825 814.3302
0.04812961 824.2889
0.01863491 992.0538
0.0154347 1024.01
0.005293227 1052.93
0.004514874 979.6734
0.01897909 1042.459
0.02003469 959.0801
0.01332919 966.7887
0.02443606 1016.07
0.02364841 1170.408
0.02470495 1082.844
0.01781463 1009.35
0.03810887 994.3
0.0593729 1062.69
0.0369854 1015.287
0.01492327 993.9643
0.0114148 962.4594
0.02284652 764.5796
0.01803043 714.7227
0.01666747 769.5176
0.01941342 676.3446
0.0057294 786.0125
0.00737801 733.8202
0.0136246 660.9639
0.01296341 671.9859
0.01116955 646.8286
0.03886406 625.4693
0.04544758 594.8683
0.03510891 595.424
0.03984506 650.7382
0.04887946 679.1948
0.04190587 569.3213
0.02179366 567.2544
0.02896547 596.9094
0.02383418 540.6818
0.03204692 608.3794
0.02509184 699.276
0.01662163 710.612
0.02400853 722.912
0.02495577 828.7976
0.0171055 936.4949
0.00133578 969.941
0.01325442 957.3704
0.01161044 1128.392
0.0110311 1190.858
0.02103967 1266.676
0.01611209 1324.647
0.02681563 1233.755
0.02099633 1267.534
0.02234351 1420.275
0.02380011 1224.538
0.0288782 1202.604
0.04262 1160.737
0.02433348 1239.57
0.01336758 1618.457
0.01762204 1542.946
0.02721319 1507.672
0.02079155 1659.099
0.0296046 1642.032
0.01561174 1581.373
0.01594741 1529.113
0.02424164 1970.415
0.01964336 1944.528
0.02048091 2099.473
0.04234183 2038.649
0.02442787 2002.566
0.02242046 2386.341
0.01776743 2351.189
0.01722824 2101.134
0.009176103 2163.564
0.003847577 2092.375
0.003489216 1742.282
0.004106423 1922.65
0.01449167 1842.019
0.03081397 1927.511
0.04525804 1777.995
0.0381865 1683.286
0.04556814 1499.655
0.0344287 1588.343
0.06380843 1540.758
0.04362107 1566.432
0.03646424 1617.053
0.03010899 2161.945
0.04132105 2463.727
0.04769241 2294.34
0.02853863 2307.954
0.04732553 2214.607
0.05322679 2269.1
0.05316054 1987.722
0.05822249 1706.01
0.04781377 1562.985
0.01109213 1826.03
0.02286502 1949.656
0.02376414 2085.515
0.02036556 1917.389
0.02491183 1996.774
0.03872946 2227.91
0.02079701 2379.562
0.03401741 2412.044
0.02723908 2461.566
0.03617232 2660.577
0.01694419 2971.773
0.01665798 2762.28
0.01175067 2785.568
0.0180876 2921.749
0.02497803 2675.736
0.0178017 2195.285
0.01419821 2555.627
0.01669133 2498.634
0.01528914 2449.051
0.01596261 2528.951
0.01446017 2321.179
0.02602077 1910.391
0.03305026 1928.714
0.05588787 1618.424
0.0570497 1802.946
0.04274827 1777.672
0.03462201 1814.452
0.0401627 1432.004
0.04472979 1409.671
0.06381681 1334.427
0.0600406 1199.499
0.04373398 1331.441
0.05143347 1418.702
0.04621105 1448.413
0.04183453 1366.502
0.06226106 1499.2
0.0447958 1483.927
0.07277738 1606.262
0.05642861 1334.879
0.0616209 1122.078
0.08621391 1341.981
0.04011948 1221.081
0.04118 1101.103
0.0570792 1085.244
0.08247956 1054.935
0.0803346 1076.5
0.07319306 1061.706
0.08171923 1046.941
0.08931206 1110.735
0.06865666 1083.648
0.06544539 1198.391
0.04721699 1152.04
0.05888382 1473.036
0.05431425 1183.551
0.06042649 1422.79
0.05077332 1304.741
0.04768371 1583.7
0.03550623 1647.313
0.03630264 1823.385
0.02966156 1976.198
0.02158046 2081.327
0.02796662 2101.738
0.02938741 2093.955
0.04881342 2264.179
0.04458084 2061.083
0.0302752 2258.578
0.01368987 2019.51
0.01811764 2433.207
0.03875778 2392.545
0.03807745 2248.563
0.06950932 2627.381
0.05828187 2719.25
0.05050916 2806.839
0.03493973 2463.104
0.02549783 2631.533
0.02145556 2687.223
0.0259426 2317.308
0.03337412 2114.335
0.05232374 2229.06
0.0406589 2217.79
0.03979232 2630.686
0.04143143 2836.119
0.04071953 2683.063
0.03655163 2358.681
0.02563282 2787.787
0.02332084 2748.211
0.02630983 2600.187
0.01759395 2793.286
0.01928438 2784.363
0.01338289 3024.235
0.009509058 2926.84
0.01594505 2941.122
0.006982678 3092.799
0.01260485 2925.661
0.01551956 2462.901
0.01432724 2412.119
0.006137068 2437.287
0.01206147 2705.779
0.02111039 2914.248
0.02287423 2722.965
0.02964208 2319.928
0.0322004 2679.813
0.03213227 2758.704
0.03670777 2424.887
0.01990047 2446.285
0.008010312 2591.136
0.008824729 2528.551
0.01325993 2861.951
0.01231674 2425.99
0.02027699 2344.941
0.01687005 2434.958
0.02863364 2430.113
0.02690383 2505.969
0.01455552 2242.264
0.02503199 2311.457
0.02450688 2083.59
0.01210658 1417.514
0.007666285 1276.88
0.01608208 1672.816
0.02009467 1783.145
0.03564167 1864.652
0.03079245 1738.994
0.04073277 1781.201
0.02193297 1901.668
0.009353729 1883.705
0.002473925 2189.8
0.0129656 1568.876
0.03964623 1534.357
0.06219877 1562.65
0.03778309 1570.532
0.02723198 1424.703
0.02843581 1275.324
0.03371707 1501.394
0.03071575 1592.394
0.04807286 1549.172
0.02440672 1776.897
0.03601498 1589.833
0.03261154 1693.322
0.03903345 1559.69
0.05655189 1449.729
0.06503375 1370.737
0.05108085 1033.648
0.04598281 1039.812
0.064612 1128.456
0.05676227 1137.784
0.08269658 1146.611
0.1078576 1251.406
0.08076333 1254.721
0.04676687 1248.1
0.02801301 1548.719
0.04943572 1812.882
0.03618784 2048.962
0.02036968 1943.728
0.01011092 1795.383
0.005622659 1885.31
0.004769343 2122.79
0.01207615 2358
0.00664594 2850.333
0.001750419 2578.937
0.004173705 2471.53
0.01004658 3087.663
0.002762937 3187.777
0.01968953 2693.086
0.0289099 2579.06
0.01698147 2350.099
0.03778906 2225.903
0.03683517 2505.731
0.03130771 2278.939
0.01968835 2608.809
0.009161277 2523.3
0.01334306 2732.07
0.02603056 2932.247
0.02970707 2972.84
0.01722062 3052.574
0.02976854 3132.137
0.02097426 3079.989
0.01589925 2905.854
0.02202494 2713.895
0.01914197 2729.036
0.02256839 2353.276
0.02990691 2675.381
0.02917843 2915.099
0.02407021 3470.937
0.02601951 3299.185
0.02263719 3283.32
0.01818927 3529.031
0.04696283 2955.02
0.03231971 3346.023
0.02912143 3277.741
0.0222113 3248.206
0.01270114 3695.889
0.01092823 4049.756
0.01017263 3978.991
0.01515173 3606.272
0.01065156 3127.231
0.01408216 3125.777
0.02477274 3664.292
0.03908605 4192.059
0.05196333 4288.955
0.03909431 4255.522
0.04384042 3856.029
0.04843098 3769.514
0.04759782 3710.548
0.04955595 3902.577
0.03100313 4555.848
0.03545432 4191.359
0.0404254 3540.62
0.02547859 3796.378
0.01731696 3772.893
0.01313841 3672.728
0.02470066 4005.962
0.00653644 3953.206
0.01013118 3857.261
0.01127685 3691.173
0.013268 3774.482
0.0137704 3387.026
0.02284954 3396.675
0.01275577 3213.619
0.009096475 2617.11
0.00486239 2421.017
0.0149208 2872.256
0.009101363 3014.091
0.01890697 2644.656
0.02284963 2790.787
0.03743096 2534.097
0.03853642 2692.127
0.02128083 2821.928
0.02080498 2737.43
0.02079495 2595.159
0.01145466 3389.205
0.009490817 3447.637
0.006293014 3079.226
0.003058327 2971.332
0.007441983 2729.789
0.008783425 2317.093
0.002729099 2244.721
0.01436086 2166.193
0.01611992 2269.073
0.04205488 2201.838
0.03201672 2384.683
0.03484753 1933.671
0.0464911 1829.173
0.04151712 1491.704
0.02855742 1278.596
0.03010064 1295.631
0.03608386 1586.507
0.03603899 1837.598
0.02263848 1723.125
0.02919119 1564.898
0.03504417 1560.951
0.04237501 1447.524
0.04471132 1358.226
0.0497805 1383.395
0.05051227 1269.273
0.06095583 1332.386
0.02755963 1849.193
0.0293115 1955.444
0.01837096 2223.239
0.01212362 2545.697
0.01950585 2761.401
0.0183489 2844.353
0.01780805 2131.981
0.03595291 1904.175
0.03484685 1975.674
0.03294691 1759.31
0.01623968 1753.929
0.01469617 1870.512
0.006807601 1663.772
0.008585875 1451.494
0.01166202 1369.298
0.02145192 1471.437
0.03420275 1557.025
0.03468942 1388.903
0.06209565 1136.836
0.06814986 1259.6
0.08536908 1284.333
0.08234823 1299.861
0.1005879 1076.203
0.09680268 883.7176
0.09868983 754.5385
0.1188463 779.8319
0.1039781 844.6581
0.1000288 839.702
0.0703931 905.4454
0.05470389 815.9912
0.06229889 837.7229
0.06954625 871.12
0.06004878 915.3529
0.0800571 1025.002
0.07303525 980.4804
0.06078429 944.4617
0.05872391 894.4188
0.05317113 1025.095
0.05475229 1024.006
0.07383258 1083.109
0.08153153 1317.544
0.09320725 1369.615
0.1021216 1402.229
0.09238111 1456.248
0.09198658 1749.868
0.09222545 1953.505
0.07843078 1935.459
0.05135784 1836.485
0.03060834 1925.555
0.02656385 1712.577
0.02131763 1754.74
0.02842957 1700.593
0.02450792 1750.088
0.02187573 1854.321
0.01478614 1579.425
0.02787484 1589.962
0.03914137 1512.056
0.02706684 1426.666
0.01923419 1036.516
0.01101069 1083.788
0.03138963 1099.218
0.06067417 1060.535
0.0354248 991.2642
0.01909394 1088.235
0.02592548 849.0914
0.04013575 875.5566
0.0283558 824.0552
0.0406172 1042.865
0.03470577 1024.016
0.03552204 1084.428
0.03221566 1401.71
0.02471418 1587.353
0.02851165 1965.464
0.03517029 1983.531
0.0287744 2108.691
0.02766586 2295.569
0.009976763 2334.669
0.01083386 2090.436
0.01550915 2048.643
0.0129818 2071.2
0.01052816 1779.745
0.005681643 1556.836
0.002093171 1569.465
0.005155753 1681.992
0.007797602 1574.611
0.008062471 1561.38
0.008469118 1744.051
0.005599502 1938.987
0.01503114 2042.011
0.007110278 2252.02
0.009569709 2287.183
0.004970698 2313.981
0.01024548 2277.583
0.01707896 2315.237
0.01601046 2252.517
0.02277436 2143.066
0.02436844 2328.485
0.01027769 1971.176
0.02728929 1420.572
0.0188306 1307.235
0.01322575 1184.775
0.005171091 1179.226
0.00323654 1021.729
0.01158901 1097.887
0.01314662 906.2787
0.01269005 841.0696
0.009711887 919.4638
0.02592976 835.3298
0.02680794 944.632
0.02228928 972.9042
0.0170164 934.6112
0.01968593 922.2562
0.0100495 821.7999
0.01001745 767.5107
0.007243916 920.1702
0.00149808 911.185
0.00979876 1007.48
0.04615307 1012.477
0.04894731 975.0693
0.05110056 881.1905
0.05588124 789.159
0.05531617 733.5955
0.04713708 697.7257
0.0484005 629.4538
0.03188567 663.5776
0.05091835 765.3455
0.06874938 747.8084
0.05503391 832.287
0.06432849 852.9622
0.05699214 1074.196
0.08570881 944.4278
0.05317943 846.7952
0.06044187 804.6084
0.04655844 786.3561
0.04243241 908.2959
0.02407277 921.3986
0.02697042 993.7186
0.03461234 950.3521
0.03531337 1122.516
0.04192617 1139.818
0.04112598 969.6526
0.04252841 1249.396
0.0339442 1273.647
0.02832951 1472.659
0.0394628 1494.819
0.02115034 1485.158
0.02822746 1598.95
0.03636711 1242.1
0.0560076 1367.933
0.0653647 1573.78
0.08376888 1450.564
0.09672011 1346.051
0.09302999 1289.787
0.09898411 1639.359
0.08304386 1568.105
0.09816889 1581.271
0.1200027 1545.239
0.08601365 1496.161
0.1066437 1693.61
0.09759444 1647.916
0.08022842 1615.574
0.06750407 1628.672
0.08184055 1950.656
0.06858931 1932.915
0.047147 1837.946
0.04209921 1637.053
0.05440371 1475.313
0.05264428 1425.15
0.06895877 1390.293
0.03320756 1260.337
0.0336798 1220.977
0.03908862 1353.816
0.02781546 1471.696
0.01483409 1678.57
0.02360365 1692.534
0.03891058 1713.041
0.02233798 1820.576
0.007156703 1817.45
0.03787579 1733.64
0.01832209 1775.327
0.03112742 1813.44
0.04278242 1754.495
0.06302141 1738.374
0.05814473 1688.593
0.06352839 1622.368
0.05496686 1881.655
0.06523539 2167.034
0.06238906 2152.98
0.03860276 2370
0.03168002 2208.742
0.02623946 2413.659
0.01860157 2457.774
0.04454412 2046.378
0.03445096 2144.072
0.03008057 2405.253
0.01861175 2318.93
0.05223315 2428.648
0.03950575 2361.782
0.06568172 2036.174
0.08707272 2005.762
0.05685437 1606.273
0.06731514 1432.86
0.07526227 1222.994
0.06248259 1141.627
0.06282666 1157.744
0.04567493 1267.09
0.05506626 1193.427
0.05721294 1213.686
0.04392137 1098.014
0.05134306 1027.854
0.03414202 959.0167
0.03724168 938.7262
0.01756587 1008.656
0.007671454 1090.572
0.02454203 1111.648
0.01710158 982.0877
0.02337008 931.8345
0.02111169 938.7938
0.0355181 879.2444
0.01856224 905.1771
0.04334457 923.5903
0.04092728 909.5867
0.03980132 830.909
0.01141812 851.2455
0.00942134 924.7936
0.01137868 1001.682
0.01480437 1185.428
0.0121611 1150.758
0.00625193 786.5045
0.008865106 875.5075
0.02704966 1026.122
0.03771139 1024.191
0.01867743 900.6169
0.007398959 879.0451
0.001017018 765.0733
0.007574002 969.6778
0.002521482 1005.201
0.007233338 1107.671
0.02792775 1049.627
0.0636321 1006.723
0.07715207 848.1656
0.09198486 784.6381
0.05854987 860.6162
0.07353816 791.8064
0.05005095 799.6557
0.04495915 781.2645
0.04617751 734.0338
0.03149994 786.1583
0.02530859 776.6995
0.01584852 713.9507
0.03168716 707.3507
0.02681124 709.0501
0.04225147 590.9779
0.04189926 553.3757
0.02784228 548.6635
0.06353117 480.3231
0.04613279 493.6147
0.0697985 445.0606
0.04923532 540.9822
0.04601662 529.6519
0.02979011 470.5362
0.04422881 529.2025
0.04294747 627.0902
0.04703567 589.4927
0.06361767 541.9101
0.06890405 613.8617
0.07365633 617.0109
0.04762616 604.9261
0.02821598 705.2198
0.02555335 666.301
0.017925 584.8487
0.02224573 578.4093
0.01112672 593.8231
0.01556833 630.7154
0.02450998 605.523
0.04040987 688.5983
0.0501603 661.4787
0.04902599 716.2203
0.05241213 787.8521
0.06691285 952.5125
0.05654479 1122.297
0.05461442 1059.779
0.03517492 953.2789
0.03193769 976.479
0.0180315 921.0506
0.003786005 1130.275
0.01274643 1046.496
0.01758715 1126.362
0.01833292 1269.158
0.01372252 1162.642
0.02081267 1188.489
0.01544745 1161.025
0.01636136 1138.284
0.01781706 1018.499
0.0188588 880.9313
0.02312581 763.1632
0.01549076 677.1124
0.01994968 803.1596
0.03086317 802.0625
0.05248321 668.7566
0.05140328 685.5151
0.04170403 794.2078
0.03288296 816.3777
0.03955364 950.6418
0.03921611 997.6482
0.02535643 812.6961
0.03414703 948.7989
0.03542955 891.2485
0.03757736 978.3164
0.04764751 938.4538
0.03871101 841.0137
0.03019066 840.6491
0.02255254 963.5722
0.02672286 1105.471
0.01610314 1153.225
0.0185334 1172.359
0.0163433 1192.356
0.01710921 1240.078
0.01482087 1121.026
0.01540813 934.4977
0.02956642 823.8691
0.01442391 722.874
0.01022145 702.2099
0.006227062 610.5651
0.009557392 636.3304
0.008611111 610.7798
0.001037296 714.9133
0.007679263 665.5321
0.006594856 637.7794
0.007808733 752.6145
0.01347146 637.3963
0.02316836 611.2945
0.01314006 696.8363
0.02806627 784.9086
0.006193598 764.8325
0.0005425629 800.6978
0.002124308 866.0582
0.0004532441 804.6811
0.00915796 871.34
0.007219573 833.7685
0.009789294 989.9945
0.01556139 871.6181
0.02239757 724.2127
0.03152775 798.3554
0.05022327 786.1858
0.04914196 821.3696
0.03952054 925.1103
0.03643005 999.3266
0.03259375 1045.175
0.03678861 1202.183
0.03261062 1108.137
0.02054987 1088.977
0.00466626 880.7707
0.01625825 808.2512
0.02219882 805.8623
0.04517323 785.2551
0.06210673 764.1402
0.04760667 752.2884
0.0473651 649.396
0.02903817 748.0606
0.04159479 798.5708
0.08520072 611.6527
0.07992482 540.8396
0.07908189 547.4496
0.09138367 650.066
0.1041689 611.0295
0.1152924 667.1955
0.08959436 652.3522
0.09074953 725.2587
0.08566354 588.2682
0.08096853 807.4281
0.06172547 863.3092
0.05884115 963.7358
0.05307437 933.4775
0.03775916 977.1096
0.03235218 999.5036
0.02369815 1017.86
0.008847984 1070.364
0.01103952 977.7692
0.02277178 1157.261
0.005304031 980.9661
0.002441132 870.1753
0.0210927 910.8953
0.01353152 811.5706
0.01614514 806.3583
0.01204711 840.0653
0.0224684 741.8631
0.02043079 711.8975
0.03105082 771.223
0.03574011 722.4763
0.05345668 851.8569
0.05792541 726.6771
0.07273771 772.9951
0.04125342 800.5003
0.02300995 880.5857
0.01471823 917.5833
0.02043308 988.0043
0.0122718 927.7697
0.02119619 1028.032
0.02224044 1196.436
0.04160697 1310.12
0.04581247 1634.767
0.03450947 1630.036
0.03505287 1765.647
0.02593623 2022.036
0.02964879 1929.586
0.01580497 1877.66
0.02946985 1884.204
0.04604571 1927.503
0.05677931 1611.156
0.06035634 1597.45
0.04834767 1583.189
0.05425404 1336.195
0.03429354 1119.92
0.05511015 1035.64
0.06175934 886.9538
0.07226365 767.8021
0.0521696 937.6076
0.03410223 919.4114
0.03908461 751.5297
0.06429159 639.1336
0.0670631 602.7914
0.0553793 767.7216
0.05748345 822.2088
0.06781574 735.3307
0.06244348 775.1444
0.04844066 708.8038
0.06026608 679.332
0.0638591 769.2051
0.05684334 705.307
0.05724691 696.3229
0.06439572 745.2144
0.06655896 748.7547
0.05556799 686.5921
0.0739533 591.8343
0.0863671 632.773
0.09060487 632.2449
0.08060279 710.0665
0.0702391 656.3371
0.04982104 681.9721
0.02717712 692.7423
0.06206411 556.3379
0.06461277 551.6879
0.08525014 480.7557
0.08176289 492.1685
0.09089173 537.1181
0.0600308 527.9462
0.05873342 678.6218
0.03802781 665.987
0.02858151 710.2988
0.03508409 765.8018
0.03185812 792.661
0.05457696 734.0725
0.03851431 669.1553
0.03380742 690.357
0.03453473 613.6515
0.03381346 700.3786
0.04226561 799.5926
0.03687544 749.1212
0.02078482 702.2414
0.02270953 648.9746
0.01035593 646.1061
0.03046084 543.6492
0.04652566 581.4481
0.01559841 526.4664
0.0349954 545.4492
0.04972488 672.6191
0.06814029 726.4399
0.06828108 791.2177
0.03396056 767.509
0.02813778 800.9468
0.06612443 813.4953
0.07905833 832.7126
0.06099756 973.9719
0.0583803 787.7239
0.04253766 715.7463
0.05202793 740.8756
0.04550718 794.9333
0.03776022 736.8882
0.04143953 702.5935
0.06160193 758.2487
0.04671532 819.0134
0.03119093 704.1331
0.0334358 689.1251
0.02042316 928.0832
0.01624048 1007.213
0.0148243 831.4028
0.008924456 723.7466
0.02355723 693.2699
0.02505802 754.3545
0.04019987 731.1646
0.03770111 903.9975
0.01814066 1044.229
0.03345799 1245.828
0.03306869 1199.161
0.04085516 1297.149
0.0205755 1267.121
0.02366172 1428.202
0.02599648 1396.544
0.01479848 1090.937
0.01955925 1135.96
0.02310047 1024.684
0.02700414 1101.18
0.02601856 1012.942
0.03526021 816.9492
0.01484556 738.0444
0.02866963 723.3422
0.02915131 748.6625
0.03421954 786.2911
0.06023181 815.6632
0.06087918 811.5186
0.05961334 721.0642
0.0747544 741.4639
0.07176769 778.4639
0.08553931 929.274
0.07781724 1120.154
0.08200225 1151.123
0.096781 1063.295
0.1666868 1236.509
0.1366801 1240.137
0.1377556 1053.894
0.1278103 1170.056
0.1142613 1317.36
0.09154511 1264.913
0.09054425 1525.363
0.06481924 1535.774
0.06367842 1388.747
0.0505463 1385.106
0.05504742 1330.812
0.06108211 1356.482
0.04731518 1089.869
0.07553703 1038.479
0.04104828 1277.071
0.07149591 1170.392
0.06265182 1191.333
0.08041582 1137.156
0.07137134 1370.442
0.06030225 1492.058
0.06285169 1671.305
0.03505003 1829.337
0.0437078 1934.842
0.0319891 1757.604
0.03423797 1929.758
0.01774291 2392.691
0.03397574 2196.32
0.02992074 2377.995
0.03135948 2374.735
0.02263842 3210.277
0.0187777 3045.471
0.01214135 3369.91
0.009272645 3662.836
0.0104003 4225.18
0.02135426 4319.367
0.01208035 3897
0.01704396 3348.179
0.004623646 3192.367
0.007038496 2886.57
0.0105925 2559.747
0.01834068 2471.795
0.03789077 2698.629
0.03995284 3164.716
0.03497354 2845.973
0.03407773 2871.835
0.01525194 2292.943
0.02594688 1694.27
0.05183152 1574.026
0.05657815 1695.564
0.05241909 1684.287
0.05673528 1777.182
0.04693513 2042.631
0.05236541 1990.935
0.06111383 2064.438
0.02698662 2127.181
0.01656296 2043.44
0.01110901 2001.65
0.03389004 1983.15
0.02869233 1862.989
0.03084799 1980.247
0.04180341 1718.774
0.03804293 1831.142
0.03626744 1660.709
0.01420497 1639.058
0.03012206 1667.126
0.03210911 1471.018
0.02485533 1464.476
0.03926878 1280.076
0.05467336 1320.63
0.07881097 1216.291
0.04633294 1344.137
0.04315259 1543.308
0.05084442 1771.833
0.06194115 1670.887
0.07838355 1345.939
0.08050728 1178.571
0.08886664 1075.215
0.07596686 1151.276
0.0812728 1042.104
0.06632113 1025.973
0.06392649 971.7616
0.0626355 823.4482
0.04916253 797.5992
0.0535297 661.6158
0.06727461 719.7057
0.06441188 813.2455
0.06234806 887.2542
0.07341982 868.6514
0.06653937 938.4119
0.04396793 923.6354
0.05820784 899.2586
0.06236938 980.7168
0.08516479 1044.916
0.06540942 1024.606
0.03980766 924.9581
0.04896095 1010.935
0.04183272 937.2315
0.05569199 969.6624
0.03532872 1246.616
0.04650688 1345.818
0.08569239 1351.637
0.06997603 1426.669
0.0803829 1258.452
0.09658627 1129.006
0.06737931 1001.55
0.05840252 1129.005
0.07692872 1016.87
0.06071485 981.4937
0.05046988 930.7358
0.05672729 767.7385
0.05746287 840.0559
0.07354607 788.5637
0.06807255 960.8224
0.09208019 850.7054
0.04621885 912.1729
0.04047524 1058.94
0.07699749 851.2465
0.05236868 876.8311
0.05908059 845.5135
0.05933788 687.5194
0.05665536 707.5673
0.04598943 766.5617
0.05352494 850.2556
0.06900326 753.1818
0.06095397 849.5823
0.05715488 689.6847
0.07674766 916.826
0.05122842 956.9026
0.04920406 955.9846
0.04222027 964.3088
0.07513423 1020.705
0.05646513 849.1209
0.06584094 921.9366
0.05966451 959.1107
0.07240892 977.2936
0.0388727 915.7391
0.04093387 1006.623
0.02790643 973.1486
0.03295353 916.1442
0.04718981 794.3983
0.02186107 779.9989
0.01274539 829.7817
0.0169406 886.8535
0.01566674 756.4324
0.03738937 785.6115
0.03336112 816.166
0.0413414 893.8354
0.04911257 910.1932
0.04003687 918.5817
0.04454922 1095.396
0.04911459 1035.972
0.06724082 1049.366
0.03701382 977.9766
0.05147318 1186.472
0.05208628 1289.609
0.05463883 1590.781
0.06569241 1546.1
0.07437549 1162.527
0.0512789 1022.606
0.04709098 1016.846
0.07283559 1087.958
0.1059995 1146.403
0.1072235 1259.316
0.09180972 1279.14
0.09391965 1537.444
0.05955715 1399.482
0.05439704 1494.448
0.04963587 1723.462
0.03516806 1609.589
0.02597393 1652.116
0.02008655 1622.762
0.02415192 1736.816
0.005434792 1548.212
0.0111847 1304.227
0.02101424 1340.593
0.009905177 1196.359
0.02038188 1160.126
0.01689312 1164.945
0.01920184 1111.212
0.02155242 1195.207
0.01073703 1263.611
0.007891045 1413.718
0.02714095 1205.312
0.01930549 1297.649
0.03585855 1285.851
0.02838108 1338.832
0.02362043 1420.623
0.02869675 1248.14
0.0242481 1382.141
0.02348467 1374.343
0.01551329 1182.907
0.007139941 1382.094
0.01353756 1251.096
0.0383866 1289.86
0.03882653 1198.567
0.06092604 1308.607
0.04754993 1480.472
0.0415407 1340.837
0.04498629 1245.421
0.02476072 1058.737
0.02722225 1079.512
0.03092585 1333.012
0.03327028 1365.974
0.03418249 1269.952
0.01598192 1319.797
0.03157611 1536.467
0.03335346 1557.599
0.06555914 1240.365
0.02194742 1451.819
0.02696021 1670.793
0.03249473 1748.245
0.02213871 2279.515
0.01182873 2557.668
0.01790027 2405.531
0.0296641 2382.92
0.02264668 2522.932
0.01396344 2304.572
0.0206085 2027.157
0.02450464 2082.962
0.01611588 2134.762
0.02143234 1966.303
0.03544789 1809.335
0.06600435 1540.956
0.09222038 1397.427
0.1077692 1472.548
0.1041673 1444.982
0.06928201 1564.001
0.02380355 1733.901
0.01818658 1234.546
0.005513526 1524.984
0.01309474 1523.086
0.01601405 1578.6
0.01300924 1264.718
0.007963246 1314.926
0.007223848 1423.04
0.005891469 1491.108
0.02375507 1382.973
0.01119892 1299.753
0.01036722 1311.657
0.006180459 1421.581
0.01601593 1512.217
0.005785611 1337.431
0.02035687 1370.401
0.01356705 1132.614
0.01630272 1139.875
0.02473848 1138.16
0.02459514 1018.219
0.01995967 1046.55
0.01251138 1332.433
0.02167847 1385.06
0.02157806 1321.762
0.03179228 1483.489
0.0448434 1442.591
0.06999075 1428.807
0.03995341 1420.766
0.03454263 1287.38
0.02922282 1288.855
0.04520549 1466.1
0.05103471 1425.668
0.04650814 1390.117
0.03973965 1256.468
0.04244663 1180.503
0.03582633 1287.682
0.0349824 1066.59
0.107747 1091.504
0.08518617 825.9234
0.06877503 738.8616
0.0527366 721.6122
0.04090771 827.4912
0.02906815 733.8785
0.05584974 815.5197
0.06852255 702.2751
0.06909199 748.7657
0.065577 804.3995
0.08307651 673.1221
0.08402383 598.2065
0.1051029 773.6545
0.1151115 701.7816
0.153601 739.1129
0.1231888 675.4548
0.1289832 709.9924
0.1137581 810.9741
0.09794036 848.0476
0.05736469 1032.487
0.04170652 1064.059
0.01933954 983.3637
0.01454971 920.5777
0.002082609 1024.723
0.006168785 1011.543
0.01937463 950.9808
0.04676987 1088.602
0.0335602 1051.251
0.06126774 1014.084
0.05595691 1017.02
0.07472213 889.1217
0.08527639 981.6209
0.08827787 972.3867
0.07941491 1120.974
0.05921104 1147.665
0.05369643 1169.898
0.03951195 1274.261
0.03450096 1181.161
0.03798058 1223.609
0.06623612 1285.482
0.07166596 1446.286
0.08025557 1497.528
0.06364851 1476.194
0.08736306 1328.756
0.1108008 1268.669
0.08509888 1334.456
0.1136986 1089.508
0.1386546 1023.568
0.1087146 1080.35
0.1069972 943.3744
0.09217721 887.7909
0.105991 974.4624
0.0775465 754.3567
0.06811582 857.7817
0.05490147 676.0083
0.03436393 620.5303
0.03506425 657.9009
0.03340413 691.5685
0.05040097 707.957
0.06505769 722.9641
0.0275834 806.9399
0.01902202 782.4328
0.04757525 690.8345
0.0908263 757.3085
0.09993501 750.6425
0.08938681 653.6656
0.1011309 800.389
0.1310137 719.4441
0.0919716 668.8067
0.1081883 673.0655
0.1250714 686.7927
0.09982208 710.3696
0.106052 886.4442
0.1160806 1078.53
0.1070051 1004.805
0.08497295 786.4625
0.06584343 915.11
0.06946228 1088.236
0.06701616 1057.728
0.07525984 1074.802
0.07228798 1091.881
0.08999201 1083.862
0.1341068 1053.522
0.1299723 944.7348
0.09784204 1127.242
0.06218117 1247.534
0.0785379 1171.974
0.09871788 1121.856
0.1010646 1047.549
0.08504173 1122.907
0.06575682 1135.397
0.07400839 1129.232
0.07627716 1091.462
0.05923067 1227.178
0.07174425 1238.593
0.08496738 1290.556
0.06363131 1173.875
0.07359299 1126.91
0.09027208 1144.35
0.1014089 948.3423
0.03483784 973.8983
0.03051646 1082.387
0.02805696 1181.592
0.02325914 1242.546
0.01795803 1219.75
0.03199719 1144.891
0.02955336 1167.864
0.0204704 1199.551
0.02463945 1256.901
0.03031064 1502.222
0.02826099 1403.775
0.01281989 1397.271
0.0280542 1477.515
0.03626855 1322.785
0.02423555 1524.348
0.04919229 1644.268
0.06082853 1694.025
0.05622673 1752.26
0.05277291 1875.292
0.03287639 1784.172
0.03441069 1694.482
0.0404078 1660.266
0.05620416 1736.759
0.04675566 1655.021
0.04766451 1527.764
0.05394493 1501.351
0.06595225 1520.158
0.09138045 1528.917
0.08622319 1301.507
0.07179175 1516.531
0.05940637 1470.546
0.02819112 1415.172
0.06160084 1327.508
0.06217922 1266.844
0.07934319 1136.874
0.1403332 1012.356
0.118113 1070.932
0.09814685 1033.076
0.08680517 1087.734
0.09828021 1111.993
0.09641854 1205.57
0.06731655 1167.264
0.06124798 1106.97
0.04985751 933.0963
0.07697985 798.496
0.1100481 762.4378
0.1135218 761.1501
0.1337593 910.9116
0.1427627 1061.647
0.1262593 1049.684
0.1259806 1122.089
0.1434939 1096.326
0.1699009 987.9275
0.1469982 990.0248
0.1593633 1111.927
0.1257735 951.7785
0.1359876 883.8979
0.1332045 1137.007
0.1136022 1186.821
0.09282386 1135.642
0.08770336 1235.04
0.07511189 1024.668
0.09194024 1076.161
0.07955012 1185.068
0.07639148 1215.228
0.04967787 1259.96
0.06324732 1211.069
0.04203363 1268.275
0.03907409 1565.726
0.07436802 1474.166
0.04788791 1331.749
0.07669634 1097.777
0.05012886 1047.054
0.04334787 902.8644
0.07132807 889.4031
0.04866951 891.9087
0.06301329 843.0548
0.1094599 928.2962
0.1462095 1046.317
0.1197933 985.6244
0.09870727 1021.797
0.1319224 1032.846
0.1114458 961.275
0.141553 915.8557
0.1276534 916.462
0.1270839 941.1474
0.1112641 845.4004
0.1221965 714.0338
0.1106773 785.9761
0.1063924 791.3752
0.1000258 686.123
0.1010561 587.6436
0.09235848 662.448
0.09259807 674.8212
0.1026865 774.8431
0.09644978 809.8068
0.1121926 650.2668
0.06204133 643.1674
0.05671755 580.8121
0.06778119 516.4232
0.037599 491.174
0.01376909 625.3148
0.02251709 568.507
0.0237191 643.6499
0.01440037 732.4849
0.02893252 879.6267
0.03006946 793.1139
0.0608738 790.0351
0.0537584 789.2381
0.08083352 925.5756
0.07135397 946.3754
0.0656084 995.6044
0.06825143 1087.913
0.03992026 992.0642
0.03488834 1106.57
0.04841151 1026.66
0.04741137 1079.042
0.06137702 1237.388
0.1001901 1460.536
0.1371586 1446.089
0.08382594 1343.801
0.09238381 1005.443
0.1039343 912.6924
0.1180371 978.4664
0.09294302 1111.557
0.1008622 1013.483
0.1291134 914.7964
0.1321112 996.6573
0.1145309 1159.11
0.08606222 1041.151
0.08635813 935.7666
0.1061059 783.5259
0.08663419 757.0892
0.07965835 720.8661
0.09166757 696.5875
0.1042278 623.538
0.09201264 667.5599
0.0752069 771.8413
0.05682473 705.897
0.08420875 783.2415
0.08345483 719.3103
0.08313599 632.8225
0.05992032 667.4378
0.05499468 711.1256
0.05070879 844.8249
0.07483696 938.1032
0.06674499 846.2726
0.05611836 875.4238
0.05539468 929.289
0.04907177 772.2991
0.06798776 808.9801
0.07143857 891.8787
0.08061703 853.5377
0.0913865 932.3624
0.1246106 942.5889
0.09056329 1122.073
0.07804909 988.5892
0.093806 1139.099
0.07473453 1228.415
0.0801921 1387.117
0.08346006 1656.138
0.07017493 1619.651
0.04807623 1530.953
0.05800607 1533.393
0.0509294 1471.726
0.0477869 1364.735
0.05146081 1177.291
0.05279141 1169.298
0.03756364 1514.176
0.03076798 1734
0.02743588 1792.182
0.02924927 1779.361
0.01158847 1908.582
0.01132246 2157.005
0.02119294 1603.502
0.05148881 1719.092
0.03171595 1697.857
0.02011165 1844.999
0.04103533 1958.145
0.04679529 1940.72
0.07411631 1798.673
0.0727609 1742.631
0.06824343 1788.96
0.04320564 1929.562
0.07328561 1746.67
0.0875952 1601.503
0.1075868 1747.092
0.1083489 1403.062
0.1029902 1493.463
0.09713541 1494.559
0.078826 1587.946
0.06430173 1536.218
0.07073038 1348.576
0.08959738 1218.133
0.1172861 1137.605
0.1215078 1100.52
0.1109681 939.9854
0.08369279 1049.133
0.09578368 868.0928
0.1506132 893.5484
0.1385099 813.9832
0.1040781 707.0255
0.1234102 663.2124
0.1295488 655.037
0.1243612 627.0193
0.1156389 742.4297
0.06787378 800.961
0.05108986 792.7533
0.0509897 791.8282
0.06634882 795.6665
0.0589456 710.8667
0.04577746 795.3082
0.04585614 1058.385
0.02974345 1151.825
0.03548768 1163.284
0.01774097 1236.577
0.01755723 1369.462
0.004572725 1420.865
0.004519615 1331.672
0.01063022 1193.749
0.004832711 1251.301
0.0111312 1381.846
0.006929099 1647.124
0.01268197 1588.377
0.01893591 1322.435
0.01396912 1171.198
0.005137835 1341.167
0.003100945 1362.47
0.01675181 1507.028
0.02526491 1529.063
0.02071956 1656.625
0.003886448 1644.926
0.003689793 1726.38
0.006006164 1769.14
0.01606578 1833.172
0.0166234 2233.159
0.0200672 2087.054
0.02747119 2093.827
0.003789043 1919.987
0.01403258 1963.676
0.02557439 2428.057
0.03065763 2253.283
0.0267204 2372.827
0.02140872 1969.829
0.01433412 2093.235
0.02445258 2069.411
0.03657196 1888.432
0.01743402 2201.035
0.01268818 2195.651
0.01458162 2564.387
0.007157703 2798.939
0.006206655 2392.858
0.0006269499 2350.904
0.0006847404 2552.405
0.001821278 2727.73
0.002344223 2641.275
0.004657038 2256.721
0.01498214 2139.62
0.02000617 2113.412
0.02301911 1501.902
0.01087216 1383.086
0.01645538 1679.926
0.02180923 1552.308
0.01638532 1719.959
0.004721268 1718.136
0.009737575 2035.193
0.005476129 1799.088
0.005130395 2143.21
0.005165256 1930.649
0.0167648 2005.934
0.009149998 2212.619
0.003830407 2300.405
0.01355216 1756.815
0.01885451 1583.377
0.008751253 1576.507
0.006874324 1530.361
0.0132416 1520.003
0.03937895 1707.045
0.06298827 1899.945
0.05064305 2059.559
0.04986908 2095.976
0.04698862 1943.779
0.02066988 1825.991
0.01493592 1612.266
0.0204842 1766.299
0.01874905 1998.139
0.02074332 1590.147
0.03462485 1634.317
0.03556339 1605.281
0.04575369 1846.626
0.06670926 1917.243
0.0463433 1751.173
0.06296658 1451.56
0.0538318 1430.61
0.03368967 1487.815
0.02945794 1370.079
0.01489422 1418.158
0.02618093 1292.034
0.02708971 1299.175
0.0425282 1495.321
0.04186889 1508.733
0.09080478 1433.019
0.04909879 1190.467
0.04213663 1057.06
0.04291994 1085.039
0.05766172 1061.721
0.06250396 1180.681
0.05095316 998.613
0.07076244 996.7459
0.07067703 1174.358
0.08181391 1096.161
0.1001585 883.0086
0.08398874 798.8073
0.0816912 685.1943
0.1016095 662.4588
0.08290731 645.5724
0.04427235 581.2457
0.03479745 510.365
0.02131341 553.4355
0.03897812 608.4849
0.02193143 631.9482
0.02466648 656.73
0.01769516 672.8006
0.0249813 828.8527
0.01632703 822.65
0.009203929 735.8452
0.007135921 863.8405
0.0250324 832.2459
0.01094553 750.117
0.002512256 817.5084
0.01322771 931.1039
0.003994257 983.3597
0.002103159 982.73
0.002191705 1123.956
0.008931683 1077.364
0.0008785832 987.4642
0.007636254 1134.188
0.01230685 1154.46
0.005023028 912.6756
0.01206541 880.4159
0.02150221 932.2448
0.01716961 806.6397
0.02180615 725.2405
0.01935024 935.5488
0.01015169 1057.571
0.01657127 1003.229
0.02750324 1136.174
0.03875631 1241.07
0.07290107 1184.176
0.08796535 1317.404
0.09407015 1338.282
0.09853659 1408.832
0.1052228 1346.651
0.0502768 1365.762
0.06371265 1431.269
0.07457642 1405.993
0.1006038 1510.059
0.07671998 1478.957
0.07868369 1539.438
0.06180371 1694.517
0.06641796 1495.049
0.1017114 1330.566
0.1029908 1644.891
0.08759014 1294.19
0.09616099 1165.578
0.07800465 1052.261
0.07701927 865.3825
0.09543303 953.1308
0.06556298 926.3534
0.04833737 955.7028
0.04627258 856.2923
0.03605551 970.7086
0.03742785 939.9101
0.0492202 869.7534
0.1066602 794.9835
0.07871211 761.7979
0.07384009 839.7639
0.05285449 733.0821
0.0371719 681.8481
0.07909834 629.0346
0.08754923 590.6216
0.09056182 601.8675
0.08711467 565.6292
0.08131532 612.2346
0.08006526 664.7635
0.06821526 689.2747
0.07226725 688.7053
0.1027737 687.3633
0.0541154 770.2557
0.06533176 660.9792
0.06023184 626.7894
0.07468139 539.5379
0.07232017 549.483
0.08593443 502.907
0.0772054 521.2768
0.09748662 551.4411
0.09662404 534.5426
0.09813498 556.1368
0.07087753 517.7918
0.07179305 574.9091
0.08683158 585.9942
0.05167074 725.8943
0.02022895 789.2768
0.02489791 792.5132
0.009207736 646.3538
0.01785906 682.1525
0.01362453 761.494
0.01725594 735.0226
0.02431742 691.684
0.0401133 656.2435
0.06293533 756.1437
0.05080595 681.9434
0.0382689 677.2828
0.07097065 759.33
0.05661471 836.4497
0.06876379 877.5978
0.0375338 934.3566
0.03924363 890.6198
0.03275016 812.9491
0.04267672 930.1356
0.05216797 907.8621
0.05339571 772.1548
0.0574221 746.3468
0.07815885 818.5631
0.1166568 691.445
0.1371407 695.4134
0.125764 562.9529
0.1348442 547.8785
0.1572886 563.5692
0.2116851 607.5978
0.1984922 607.1978
0.1434699 569.7257
0.1193125 661.4395
0.07605411 603.2956
0.08607966 562.5963
0.09698866 493.868
0.09086368 449.9127
0.05615007 540.4368
0.07185647 551.7599
0.06581943 680.6999
0.08885449 591.396
0.08870582 642.1524
0.07842507 747.1556
0.1348433 676.8862
0.1354719 652.3492
0.1200648 464.5117
0.1288634 443.6319
0.1286086 425.7574
0.1065251 430.3146
0.1109464 519.5377
0.1060838 566.5597
0.09220112 602.7947
0.07589505 597.102
0.04744443 665.1196
0.03268894 654.6109
0.04384428 628.6452
0.04130727 577.9015
0.0356613 697.2052
0.05026462 735.7995
0.05663 755.3162
