probIn varB
0.02718004 1145.123
0.02226537 986.9425
0.01671222 976.8586
0.02471092 983.7668
0.01738458 978.7073
0.01254074 1040.453
0.00917064 1044.905
0.02014007 936.243
0.01342543 819.0075
0.02738242 737.8216
0.01340516 645.0911
0.005224574 674.5661
0.003047616 614.942
0.0203348 597.7227
0.01946382 533.1672
0.03336105 578.7204
0.02206367 645.4538
0.03203791 630.5917
0.01942629 585.557
0.03293803 666.6736
0.06521124 635.2339
0.04252161 673.4546
0.03432148 567.1732
0.03398142 646.278
0.03241956 642.8212
0.01905792 673.8216
0.0180385 627.8364
0.01020424 764.3652
0.01159849 699.4993
0.01509636 517.5616
0.01945361 482.7207
0.02667961 553.1198
0.03742752 565.7044
0.02035239 497.2519
0.02700448 534.9152
0.02975438 494.8689
0.03768034 461.7915
0.04583012 475.6681
0.04128498 610.1854
0.04380258 558.2441
0.04741342 582.4504
0.04037382 527.1904
0.04024352 539.0429
0.02398136 505.9887
0.03252607 490.9343
0.01583247 538.822
0.02018263 521.2878
0.02326922 637.0018
0.01150263 636.1631
0.01599774 609.2481
0.02694435 581.3431
0.03154152 514.4766
0.03122852 426.9157
0.0228217 489.0083
0.01999076 458.2934
0.01677069 392.0235
0.007664458 353.9697
0.02126814 277.9881
0.02566317 313.3921
0.02625373 308.4292
0.03832752 291.77
0.04019141 252.0961
0.06504741 222.4419
0.05197989 225.9855
0.03674911 255.1103
0.02055186 210.2515
0.02672675 214.1879
0.02088644 222.6909
0.01017451 249.6335
0.02416244 201.2649
0.03253075 178.8468
0.03592769 159.0306
0.0613157 165.2015
0.05707556 157.222
0.07390264 165.1533
0.09450539 180.6753
0.07391109 188.2354
0.04871155 179.8604
0.03107408 190.8369
0.01707955 226.9744
0.01857458 221.5753
0.03213874 198.2387
0.03338597 190.8317
0.04296338 196.235
0.03505459 236.0906
0.04165322 262.8432
0.05072695 285.7362
0.06872283 230.5683
0.05830121 195.4969
0.04846539 186.7486
0.01553656 179.93
0.03976541 183.9247
0.02721343 196.4646
0.05077647 181.4883
0.0576599 176.2726
0.05834585 180.0721
0.05252675 153.6894
0.02130348 177.3069
0.02960988 200.4907
0.02725388 171.1437
0.04197054 187.4224
0.03085306 190.3359
0.02807001 197.8023
0.0365441 196.0277
0.05105688 193.7897
0.04148101 191.6337
0.03737989 183.9579
0.03797327 164.5611
0.06939374 172.2043
0.05092145 192.4016
0.05097013 209.2085
0.06704579 222.2291
0.06373467 218.1469
0.05928147 178.7831
0.0719757 146.7566
0.08042158 143.0806
0.04403889 120.7978
0.0615278 147.1041
0.06428706 137.0611
0.07287822 103.7298
0.0797787 109.446
0.08682674 114.1
0.08058831 114.4532
0.1248016 111.2555
0.1253753 108.1871
0.1355635 112.2087
0.1370626 103.7911
0.13118 90.73209
0.1096574 78.75856
0.1425692 73.16888
0.1593018 83.12123
0.1745878 86.95843
0.1378476 93.15872
0.2003185 100.5028
0.2349666 102.2125
0.1558602 92.04674
0.1292387 85.01485
0.1312435 84.88255
0.1621918 83.35728
0.210189 76.86608
0.2041779 76.359
0.2087664 74.55422
0.2392449 73.87433
0.2003017 77.16946
0.1658504 77.67959
0.1973407 66.87583
0.1907349 68.89844
0.1370359 67.50966
0.1545027 67.96509
0.1668405 58.13915
0.1978696 68.28505
0.1684776 64.70741
0.1333093 62.25647
0.1469948 60.87573
0.1272799 69.65658
0.1386332 73.49964
0.09499478 81.72154
0.1064435 93.51315
0.129366 82.4256
0.1356578 98.22962
0.1189444 90.31343
0.1104015 95.88006
0.1294785 97.62149
0.1067716 86.53353
0.1094286 87.01238
0.0857593 95.31802
0.1234999 100.2508
0.08254856 113.2673
0.09973916 114.9816
0.08124422 101.3641
0.07820256 121.7913
0.06394668 118.6489
0.0697461 139.6842
0.08248468 128.2159
0.07799465 130.9323
0.05450868 152.2413
0.04242304 162.2875
0.05046877 187.7525
0.05820452 195.552
0.06780722 246.0781
0.06808766 241.2015
0.06161232 283.741
0.09537805 305.4994
0.1004555 253.259
0.07597886 280.6176
0.05515566 279.1112
0.03097036 322.217
0.0464502 265.1166
0.01295774 259.9544
0.02246185 245.2621
0.0321589 271.0779
0.03472162 283.3513
0.03498498 306.6954
0.03406224 381.1665
0.04355216 365.5297
0.03236268 318.4102
0.04110614 339.7199
0.03415903 346.4761
0.01606332 371.0372
0.01263196 365.2807
0.01723695 396.2774
0.01945635 393.4096
0.04019561 299.8917
0.02518651 282.8799
0.03611588 247.7847
0.0222327 266.884
0.03788207 289.131
0.0387166 306.5857
0.03529509 254.4571
0.02723302 258.9555
0.02268202 229.0937
0.01871036 230.4996
0.01515912 224.2386
0.01774327 226.281
0.02580705 203.5625
0.02797814 190.1109
0.05248223 166.2509
0.032654 174.833
0.03696469 188.3111
0.03541387 206.3242
0.04581285 228.2405
0.06111443 227.1263
0.07547319 269.9083
0.05926714 243.5984
0.0524261 260.8837
0.05131596 256.5539
0.05597007 213.2438
0.04811792 210.6481
0.03556561 162.9385
0.05887771 129.9049
0.08819493 110.7204
0.08859319 90.00279
0.09629072 103.1875
0.1305133 90.71108
0.1307233 117.2553
0.1247899 116.9157
0.08511705 95.62203
0.05635279 99.47762
0.06878797 85.57803
0.06883665 87.79371
0.1184246 88.0875
0.1045294 107.2896
0.1147112 97.51841
0.08298285 81.92065
0.0686771 87.25577
0.08777908 92.91458
0.05797724 83.39951
0.04672174 94.26605
0.06470312 95.57109
0.0639768 89.5477
0.08045214 82.38888
0.09053342 84.83057
0.08198611 88.64171
0.09853949 91.56578
0.09396701 93.29046
0.06993422 93.67775
0.06760155 76.45053
0.04308775 95.99149
0.03102004 97.11281
0.04795746 91.54154
0.04947985 83.12767
0.05827605 77.05778
0.08178095 107.2369
0.1100201 107.692
0.1035783 108.5827
0.131989 109.0199
0.1417676 107.3664
0.07298085 133.5655
0.08148518 131.6556
0.08889674 151.6163
0.0697919 154.5524
0.08713441 129.5472
0.05943146 150.2373
0.04212169 127.6943
0.02989662 135.4084
0.03156735 155.7782
0.04559595 176.6678
0.04805343 223.4968
0.02964738 204.4368
0.02890217 243.8647
0.02815939 270.8319
0.03454765 313.3154
0.04868863 319.5605
0.04077992 299.3683
0.05353841 292.4786
0.04189119 277.8855
0.03153718 304.4746
0.02436689 299.9503
0.02858478 337.5949
0.02149469 342.0845
0.02771337 344.1565
0.02218934 336.6105
0.01030952 343.3955
0.02241425 338.4167
0.02879385 345.9335
0.02774608 332.6299
0.05665167 366.5313
0.03455161 298.5427
0.05521609 309.3094
0.04993066 300.9749
0.04800586 278.1837
0.03301633 312.2375
0.01055124 220.8164
0.01971874 245.4421
0.03119495 226.4136
0.02307063 218.3055
0.02044484 217.5039
0.04759551 242.1642
0.05360766 213.4319
0.05271375 200.7245
0.0182396 185.6298
0.01707484 151.648
0.01070801 180.2547
0.03073103 167.5243
0.0488858 172.9523
0.09147107 171.1506
0.07635127 190.5497
0.06191713 194.8186
0.0547319 229.2083
0.05492427 236.7366
0.02774905 243.2383
0.03152395 218.6099
0.04501064 208.7263
0.05922444 214.1119
0.06020939 187.7828
0.06178875 203.0494
0.0867872 195.7716
0.1077901 200.7359
0.111657 207.3607
0.1148183 193.8202
0.08288878 170.4887
0.06247021 189.7268
0.05864259 204.6022
0.03566679 183.5064
0.06001006 154.5819
0.0337456 148.9225
0.0333846 157.7833
0.05469129 172.1267
0.09361349 147.4098
0.07120501 164.7047
0.05097364 133.5648
0.0677885 136.5981
0.07230973 111.2413
0.05998874 116.0045
0.05477353 127.1334
0.02878853 87.98665
0.02470553 87.09904
0.02843439 88.76733
0.01340648 77.09692
0.007622021 81.58269
0.01847681 85.88863
0.01501102 115.3348
0.01928075 104.2115
0.03358676 113.3024
0.01836782 136.2364
0.01066399 107.193
0.01443994 110.6877
0.0195928 126.9765
0.02601495 125.8382
0.01862213 140.8395
0.04532036 127.6205
0.06574935 110.4137
0.07337394 107.5016
0.1021969 108.0895
0.09003319 103.0149
0.06115654 104.108
0.09011671 113.5565
0.08022348 117.1728
0.07767551 94.4218
0.06575765 96.34003
0.08287873 88.75228
0.09006848 81.90195
0.08191646 97.87605
0.1083605 100.7073
0.1165168 99.77241
0.0915742 97.30003
0.07495908 94.39378
0.09708584 117.729
0.1117374 139.2526
0.1060071 139.9743
0.1046732 115.3808
0.09650805 135.4689
0.08059392 129.1697
0.06227196 139.2817
0.04489463 152.6063
0.04662078 171.6205
0.06544167 156.3802
0.06734419 145.0461
0.05301197 211.3719
0.06480789 197.9269
0.07416394 213.6332
0.09459522 250.3713
0.09111048 296.1364
0.1304719 286.9006
0.1251723 276.6268
0.1258052 265.727
0.11326 209.2942
0.0825596 178.3837
0.1136252 181.6649
0.0845737 139.9196
0.1073839 167.2902
0.1045548 173.0709
0.1130486 182.494
0.08505819 178.8509
0.03742221 142.4209
0.04072899 148.7272
0.02377669 160.2982
0.02812064 157.3454
0.03579019 169.8517
0.02740672 153.2625
0.02921532 158.3278
0.05104541 146.3482
0.0492621 156.5788
0.09735794 170.1085
0.08347901 151.9824
0.08931065 145.9005
0.07235263 122.5843
0.04490564 108.959
0.0434109 124.8277
0.05501615 135.2795
0.08011794 111.1269
0.06444402 113.2041
0.05440201 95.43431
0.07400604 113.538
0.09142826 121.4185
0.1244496 99.32954
0.1436573 86.85026
0.1495412 92.75069
0.127278 91.23453
0.1565628 97.11341
0.1651951 88.08311
0.116364 100.697
0.1009726 108.7111
0.1324476 94.09063
0.0975513 78.44418
0.1187143 89.89322
0.1342439 81.98094
0.1253893 86.18636
0.1338802 92.07005
0.1627916 95.13938
0.1586139 90.28551
0.1774137 86.11991
0.1361862 90.4583
0.1424446 90.43989
0.1880067 85.48616
0.1638434 74.56804
0.1913134 71.63416
0.2251111 70.70434
0.2459774 70.86522
0.2280099 59.64818
0.1909325 55.45478
0.1858744 47.32221
0.1813153 48.81764
0.2019323 54.35591
0.2123154 58.85506
0.2037707 67.15282
0.2690735 60.26299
0.2607631 64.80738
0.1525478 67.96237
0.1289117 70.72022
0.09170785 85.7536
0.07273863 109.9453
0.06752147 98.05122
0.05933632 112.2303
0.06063536 116.9205
0.0381218 120.001
0.0360856 134.5803
0.03081012 150.6091
0.02715798 153.4941
0.01956634 151.9276
0.03386081 152.3989
0.04306329 121.7149
0.03950464 121.1294
0.0497561 109.3836
0.05130069 114.8107
0.03268647 108.257
0.04312991 105.5243
0.05808894 111.3765
0.03023455 105.2412
0.03084131 131.0921
0.03705608 146.3981
0.05135957 152.9469
0.06314816 143.6571
0.06291329 138.2206
0.06447078 150.5907
0.06637341 145.7815
0.05511514 142.8785
0.06744735 153.446
0.06254285 162.497
0.04719777 189.6525
0.04593385 173.4684
0.04221524 141.525
0.05215309 113.2513
0.08441873 92.7641
0.07111052 79.9393
0.076713 76.73002
0.09789984 89.68866
0.1115902 82.82638
0.1034431 76.85456
0.1071766 84.6347
0.09390167 103.851
0.09546479 88.82929
0.1070812 93.24042
0.08738505 85.97122
0.1028195 89.24079
0.1141241 93.87248
0.1105492 121.4507
0.1006393 91.62395
0.08402479 87.43984
0.0626249 72.16039
0.08483034 82.09964
0.0925136 100.7902
0.07054766 105.629
0.05197208 112.7129
0.06137734 121.4048
0.09789616 144.6595
0.08359226 149.7198
0.1027979 160.993
0.085013 174.8948
0.06901639 173.3213
0.05966465 153.7163
0.07320274 158.804
0.07763838 157.9987
0.07073926 151.6999
0.1140636 180.5708
0.1012972 178.7518
0.1036271 199.6638
0.06662031 179.3025
0.06269334 169.162
0.07013939 194.7941
0.0649132 162.7473
0.03324007 172.1696
0.0410834 195.9734
0.02478272 246.1507
0.01959367 250.7998
0.03146936 277.8832
0.02251801 318.2405
0.02106628 315.3907
0.01603687 267.9143
0.01389571 275.0056
0.02059481 309.1475
0.01189847 305.4219
0.01579012 340.6582
0.02134854 303.7272
0.02468819 382.4653
0.02242067 350.1791
0.02237973 391.5188
0.03370795 434.1601
0.01294118 407.3274
0.01466727 452.159
0.023478 375.1875
0.0246953 332.2547
0.02293805 343.1664
0.03619047 334.6442
0.03506938 289.8623
0.0245089 279.1245
0.02603856 222.2812
0.03837568 222.17
0.06499854 225.8308
0.04567045 250.1646
0.06049609 200.999
0.04626203 183.4833
0.05116448 156.7799
0.0741485 155.8818
0.08076324 133.8305
0.08709496 137.9735
0.1017929 120.6948
0.09445857 149.2812
0.09377038 145.6297
0.124281 162.662
0.1353743 155.0398
0.1149051 171.2378
0.1264314 172.2075
0.1463259 150.519
0.1366441 159.4525
0.1567939 165.5066
0.1056995 142.6257
0.1181372 137.8099
0.1285106 138.403
0.1032508 110.9817
0.1472371 105.5904
0.1284146 103.3887
0.102787 122.5275
0.08643405 142.6501
0.08290735 142.4553
0.06335582 160.5502
0.04448176 157.8295
0.02577421 142.0961
0.02979191 116.5057
0.04468396 124.1948
0.06421926 108.3734
0.07228418 113.5916
0.07916432 131.0228
0.102679 131.8335
0.0828561 135.5575
0.08165556 155.8256
0.08896591 133.245
0.08353483 136.6129
0.09318567 136.7758
0.1075242 126.2554
0.05213865 135.2467
0.03220524 125.7515
0.03895542 124.5207
0.03963737 120.7045
0.02495777 123.3022
0.01303616 110.4126
0.03469615 110.3541
0.02486724 113.1882
0.02863453 106.7582
0.02235238 116.7544
0.02475239 122.7113
0.04164113 138.1946
0.0297132 145.3964
0.03184053 152.6464
0.05281667 152.7956
0.03569127 139.2609
0.03739008 187.3765
0.04054325 169.7452
0.03373668 170.979
0.05468115 150.5375
0.08072544 117.8314
0.1067085 104.2148
0.05608053 109.0041
0.05711841 108.3796
0.0379702 117.4972
0.05038215 124.0432
0.04213957 121.7516
0.05356194 135.2114
0.07169925 111.4472
0.07377104 105.4714
0.06773086 108.2996
0.05632698 124.776
0.05941564 136.6067
0.06339331 136.9123
0.06420432 146.076
0.03350838 157.6429
0.0423851 178.1208
0.05846192 202.9778
0.07415982 189.3761
0.07690312 155.9218
0.1015795 164.4425
0.1074424 154.0395
0.1077844 190.7254
0.09065234 198.3647
0.08462043 209.9169
0.07174773 212.1627
0.0681028 206.7948
0.04925608 207.5508
0.02749679 191.5874
0.04567733 208.3393
0.05572346 254.6609
0.04883832 257.9423
0.04464753 277.4505
0.0414938 233.8531
0.06210981 214.2843
0.0361207 230.0521
0.01962102 239.0829
0.05572367 260.0452
0.04774094 342.473
0.06447157 332.8629
0.05448587 354.5748
0.03997755 315.2678
0.04172834 364.1084
0.05176506 392.4481
0.06094397 299.8765
0.05923394 336.6544
0.04830056 352.2519
0.04753607 273.2108
0.03272641 243.1633
0.05789405 238.1017
0.08383699 235.9486
0.08813084 258.2007
0.1226783 255.452
0.1205932 263.5081
0.1281986 261.0086
0.1546183 223.7206
0.133576 199.6432
0.1112027 214.0422
0.1017296 200.7239
0.1008997 161.4234
0.09778303 115.0528
0.1064931 104.9086
0.07126836 95.53711
0.06018788 112.7603
0.06139631 108.4698
0.05964266 104.5711
0.04901364 104.2319
0.06603352 92.35169
0.1102382 105.6576
0.09814762 105.6565
0.08967344 114.1353
0.09272012 105.3478
0.1089409 117.5287
0.1005479 113.528
0.1333575 115.5003
0.1060754 109
0.1150738 94.93619
0.1603413 84.65078
0.1582106 75.47357
0.1478027 75.75609
0.1179086 80.20921
0.1187836 84.80703
0.09894543 74.0904
0.07616929 66.35213
0.07394004 62.03652
0.09081582 72.58126
0.08587026 68.70693
0.09130115 63.74556
0.08545578 80.41959
0.05413393 84.62439
0.0660293 91.82962
0.05207226 94.17175
0.0523376 101.4231
0.04743761 100.2218
0.05969615 111.0408
0.07249714 114.9224
0.08559958 130.3895
0.02768992 128.3301
0.04990746 123.2363
0.02551921 115.8121
0.03300644 105.8068
0.0465689 113.9558
0.07481689 93.35257
0.09649273 85.26115
0.09233979 76.03102
0.07501068 70.60243
0.07204183 65.81497
0.05668519 60.18219
0.07643969 72.66007
0.1069825 65.8107
0.07257042 67.32618
0.08056827 77.34597
0.09144053 74.65667
0.07168995 81.2404
0.09515277 85.2546
0.09903255 83.27443
0.1050663 83.57226
0.1018948 99.15374
0.1031025 96.71787
0.09457668 113.299
0.0824187 109.7351
0.06511439 107.2894
0.06597567 108.1027
0.08631835 110.9949
0.07278971 108.4106
0.05257985 127.2812
0.04213042 131.1158
0.02983519 151.5974
0.02821732 154.9241
0.03025826 171.0542
0.03808361 130.244
0.05729364 114.3325
0.04477344 118.4112
0.0482724 109.7056
0.04964871 124.9587
0.04065136 148.6486
0.03719032 147.91
0.04202001 163.8991
0.03542487 150.2315
0.09120629 174.8475
0.07459418 209.6777
0.06885613 175.953
0.08024711 178.5556
0.0561712 163.1511
0.05367316 141.4373
0.05443947 139.3777
0.056619 144.611
0.02135102 165.7032
0.04061033 137.1161
0.05931933 120.0375
0.07468275 145.1468
0.09596602 188.6792
0.09892827 164.6968
0.0997457 152.6233
0.09641385 152.4155
0.08364232 135.1866
0.06005838 107.7994
0.08929642 113.9105
0.06661511 128.3236
0.06619899 147.8445
0.06962886 144.5338
0.05076656 137.9641
0.04947052 144.1013
0.05897884 172.3042
0.04024404 196.0412
0.06334879 194.8992
0.04481892 215.4554
0.04109081 256.0977
0.04337333 266.8295
0.03132707 305.231
0.02349008 284.6694
0.04375119 258.5561
0.03124272 276.4068
0.03161643 279.6525
0.04689858 302.6691
0.03730994 260.0359
0.02541655 301.6199
0.03296572 239.7598
0.02356121 223.1645
0.01398699 200.0517
0.01015656 192.7122
0.01035949 214.2057
0.01591027 225.1119
0.0197438 207.909
0.03636468 214.676
0.02736025 225.8089
0.02467781 231.6052
0.0377764 175.377
0.05318439 170.2295
0.07339459 153.2501
0.07401558 153.0329
0.06215878 183.2766
0.03756841 195.4136
0.01824195 141.7514
0.0170476 152.5171
0.02674922 154.977
0.01478508 139.6097
0.01888064 127.4554
0.05214029 132.2239
0.03587804 133.5569
0.02129755 117.1977
0.0303709 105.9466
0.03542294 123.096
0.03371924 107.0562
0.02778543 91.44295
0.03922452 103.431
0.05104735 126.9122
0.04025488 110.1549
0.05597522 95.97496
0.02332714 98.05615
0.0341944 92.0359
0.03838047 107.3436
0.01799891 107.9762
0.03428594 119.4595
0.02255004 143.2489
0.02024951 155.3287
0.03337237 142.6269
0.03763719 139.8154
0.04971354 162.5326
0.02766589 166.7884
0.04905039 145.7476
0.0708019 155.4143
0.06421366 163.5944
0.09444032 145.2208
0.1091396 138.0268
0.1129294 114.1848
0.111285 112.1687
0.07141719 99.26316
0.08233499 119.4733
0.06770427 123.9781
0.07608569 132.7671
0.08273191 125.558
0.09359412 118.404
0.07473069 133.026
0.1020149 121.3532
0.104546 131.1903
0.1089701 156.5158
0.08052422 182.5845
0.06373445 183.6335
0.07087221 188.5767
0.08871548 193.206
0.09216035 214.1106
0.0668236 227.6502
0.04169455 219.6815
0.02478065 240.2055
0.04300645 276.8065
0.02859876 256.9569
0.01680791 255.4892
0.01159445 225.3436
0.0262308 204.7797
0.03857192 204.6529
0.03060496 227.1213
0.04600604 226.0421
0.0328565 209.4611
0.02866344 184.3652
0.04221284 168.2011
0.04641199 166.8632
0.04445065 155.6365
0.06072578 140.5263
0.06181022 122.0588
0.07264101 123.5749
0.08559057 123.2639
0.06271446 116.438
0.06961613 149.2632
0.1086705 118.1189
0.109317 113.612
0.09638585 116.1508
0.06986207 123.3144
0.0912861 115.2757
0.139986 118.8792
0.1168965 107.8446
0.09935724 99.3567
0.08362887 101.2962
0.0908731 97.90636
0.09490603 114.3937
0.06468188 105.6957
0.08320801 98.71128
0.1139558 105.1605
0.09713786 98.41052
0.09478868 79.97056
0.07802322 85.5949
0.08645206 95.24096
0.07498253 92.79841
0.05746766 82.94518
0.04083522 76.40522
0.03416686 73.75927
0.04807889 92.05415
0.05690402 91.80613
0.06163806 83.31567
0.06226718 94.39279
0.1157909 90.92369
0.1387694 107.427
0.1334945 113.89
0.1278499 95.76962
0.105756 90.12436
0.07517885 98.72213
0.07333689 99.69908
0.08198889 122.4179
0.07241831 120.8847
0.08887825 121.397
0.1117669 103.4545
0.1039693 115.4894
0.07780348 108.2408
0.06311127 118.7029
0.04896499 121.3724
0.06343095 107.8038
0.05934453 116.7776
0.05476988 106.2343
0.06153202 107.2804
0.02758179 98.87656
0.02654755 97.51452
0.02618103 95.95488
0.01251684 107.4606
0.02788431 128.7341
0.05613586 140.1747
0.06509327 141.1882
0.04471669 132.4903
0.05158294 116.54
0.05457569 130.1523
0.04880403 116.9917
0.03584879 106.99
0.04396242 91.95592
0.02008154 98.42468
0.01967643 100.5585
0.02569174 89.36126
0.02087849 87.23789
0.02122094 101.1342
0.05068981 90.80146
0.07442226 87.56989
0.07617052 79.31301
0.07798999 74.13188
0.1248545 73.82289
0.08650109 76.79224
0.1690433 73.67864
0.1554864 78.32723
0.1162597 88.25987
0.09520973 97.03685
0.1192026 87.01193
0.1207168 93.94878
0.1101985 85.43758
0.1285928 90.62296
0.1186203 75.07997
0.1454057 82.98238
0.1268331 79.41629
0.1619273 78.05532
0.1248634 88.30598
0.1375372 90.75153
0.1287492 106.7746
0.1065485 138.9262
0.07998947 128.3457
0.08193357 117.7309
0.1171562 103.6761
0.1155387 100.8933
0.1025274 114.1847
0.1019627 116.7322
0.1082962 111.1567
0.06401736 91.30728
0.02692058 99.20048
0.0371986 105.3344
0.03568104 115.1215
0.04747664 113.9176
0.06331381 124.604
0.04266363 157.8717
0.0306295 148.0473
0.04245641 163.5449
0.0320766 184.5726
0.03236618 167.9825
0.03401045 164.3051
0.0574343 167.8266
0.05952178 169.4192
0.09266803 167.4954
0.09375696 163.4824
0.06986022 135.3759
0.06785448 141.9095
0.07471356 140.5071
0.05923857 139.5335
0.07478673 132.8955
0.07896297 124.394
0.06633476 131.9543
0.07518845 140.1273
0.1187081 147.5631
0.08720363 145.0745
0.1035124 174.4739
0.1196872 173.7886
0.1008099 183.5461
0.05406247 249.5224
0.07544519 207.4386
0.04445372 265.1192
0.04888125 227.7832
0.04630544 238.7866
0.04977287 213.1694
0.04012407 230.4832
0.06649976 227.8024
0.08583295 199.7794
0.07836205 228.6355
0.06649094 249.056
0.05833975 241.803
0.06369108 218.7387
0.06349674 239.0353
0.05695606 225.6239
0.05815765 245.3127
0.06137262 214.5531
0.07260637 221.2399
0.07350696 241.4948
0.07380687 246.9601
0.06476907 250.674
0.06145602 266.9824
0.03500243 252.951
0.0524492 275.6499
0.05864133 220.9948
0.06651183 204.9096
0.05462245 190.1181
0.04464135 198.2796
0.06160957 206.5443
0.05526789 198.499
0.06022686 178.3804
0.06967349 186.2222
0.1014096 188.1051
0.08560206 201.5444
0.1000022 201.669
0.0901233 219.4899
0.08245476 214.1136
0.05947633 245.6145
0.05674604 225.9791
0.05686762 222.6652
0.03799181 244.092
0.04583418 250.7611
0.04285355 246.2946
0.05177113 255.3796
0.05276781 298.0711
0.06300124 323.3679
0.06776919 294.6427
0.08458615 243.5912
0.0652407 268.9527
0.05773191 285.3359
0.06383383 259.8277
0.03458529 208.4608
0.0345156 261.8682
0.02844105 235.1925
0.0276962 266.7632
0.03232631 260.4031
0.04678536 281.0474
0.02905577 257.8664
0.04363479 249.6426
0.02640252 258.5162
0.02112504 245.3671
0.03172633 263.5361
0.02988995 277.9652
0.02250219 249.8161
0.02122245 305.9237
0.02227554 224.4085
0.0441769 215.5645
0.05932071 220.7622
0.0534365 185.9703
0.04221427 199.4717
0.0487775 204.6639
0.04442299 191.7454
0.02916232 240.8319
0.03033977 283.8385
0.05827221 278.6422
0.04819453 239.5665
0.05985811 239.1773
0.04008216 240.0189
0.02370388 244.3788
0.04396016 220.3867
0.04621345 201.1997
0.103604 247.9856
0.06136242 262.8787
0.05310194 223.1928
0.06451706 219.7277
0.04717336 227.9725
0.03027378 229.9452
0.05171153 218.4068
0.06916946 244.8112
0.05586068 231.4978
0.05773625 220.2677
0.05599812 257.3192
0.04582451 237.0931
0.06428889 204.202
0.09349367 236.8591
0.05750733 200.1848
0.04315353 188.2517
0.03865514 236.9408
0.01839923 228.6988
0.01246252 245.5775
0.01461775 235.4449
0.01588732 308.5045
0.03198055 305.2555
0.05673081 305.4171
0.0279041 312.0717
0.02235118 387.8094
0.02270265 385.8296
0.0235669 380.3018
0.01629704 409.2589
0.01483866 442.4603
0.01153099 495.9971
0.01289027 431.0433
0.005746401 459.6536
0.02082903 354.013
0.03221606 287.5274
0.02875171 298.4259
0.03564955 403.1374
0.02927828 387.8034
0.02513313 388.8687
0.02783068 391.2719
0.03916703 420.8275
0.02088999 396.6847
0.02891135 393.7129
0.03010271 350.0512
0.03846986 335.2096
0.03279127 288.9847
0.0528402 294.6175
0.05022113 312.7688
0.08629918 259.3149
0.07159658 241.9033
0.05699413 195.5312
0.05046874 213.9329
0.03069473 200.3983
0.03304077 230.3676
0.03074168 206.8578
0.0510708 289.5995
0.04898666 267.5368
0.02591295 274.0304
0.02463253 225.4884
0.03724539 213.6973
0.03877723 201.35
0.08387658 217.6855
0.08031183 225.2081
0.08050185 219.5896
0.07435017 205.9182
0.06712531 215.2528
0.06050794 191.5089
0.07178626 206.2139
0.06516944 227.0332
0.06300615 184.3857
0.0486669 166.8094
0.04530221 147.6466
0.03849021 160.3981
0.04492998 181.8549
0.04573971 195.2785
0.04504561 212.0465
0.0398139 226.44
0.03610019 197.1953
0.05077445 157.5846
0.05424855 174.7787
0.04630664 204.6876
0.03293167 187.9911
0.02149126 190.3393
0.04094698 234.9186
0.03980812 264.7414
0.04565707 286.5403
0.05189751 289.6194
0.05889405 248.95
0.03686978 252.9169
0.02909224 213.5945
0.04561284 189.3965
0.06095642 178.5119
0.036385 143.3364
0.05149305 121.5503
0.0554244 104.8079
0.03779734 109.6756
0.02877072 98.07984
0.04069696 94.04917
0.0670768 76.14347
0.07900971 95.9866
0.07857202 89.64208
0.07671278 92.05904
0.05296186 108.9509
0.08112951 106.1723
0.07983003 119.3701
0.08068984 149.7659
0.09799234 159.425
0.1006668 159.5634
0.1042745 162.4667
0.09324248 174.4801
0.08085044 160.8296
0.1017705 143.5091
0.1244643 142.098
0.09905455 154.4228
0.09154927 168.7912
0.0822061 170.9896
0.06288962 187.0665
0.08707624 181.9273
0.0857211 188.0686
0.06487605 162.9229
0.07445935 179.9977
0.07377105 203.422
0.06768297 163.4319
0.07571348 152.6328
0.08110037 148.1813
0.08067883 135.784
0.09403307 139.8345
0.1212264 152.5732
0.1032632 128.5061
0.1228627 121.2799
0.1025783 110.0918
0.1081751 111.2542
0.1453555 128.1108
0.1721476 139.4799
0.1415768 136.0045
0.1501871 100.5271
0.1746191 97.74129
0.1498277 80.51365
0.1317665 89.91776
0.1411839 99.15691
0.1225269 114.5488
0.08486941 117.5508
0.0730677 143.7785
0.08237428 134.4174
0.06604728 141.1185
0.06996925 131.9719
0.102277 122.1952
0.09821578 101.7813
0.13265 93.76564
0.1208412 101.4892
0.1215001 114.5876
0.08621104 103.2339
0.1233132 113.8265
0.1169014 108.2774
0.08767995 111.8702
0.1051242 117.7848
0.06274176 113.1142
0.05054198 98.97307
0.0493129 102.4324
0.0535373 102.1916
0.04092809 117.5013
0.03090461 116.6348
0.0635164 112.7481
0.05591022 110.5125
0.1190328 94.76845
0.132197 94.77849
0.1080849 110.6128
0.1315302 107.0656
0.157597 88.21847
0.1850527 97.96024
0.1612881 85.20883
0.1712835 93.15246
0.1650664 87.19432
0.1469942 95.46598
0.1338584 100.0059
0.1272516 89.20992
0.1615656 105.931
0.2245929 113.6569
0.1784021 134.2148
0.1679438 118.0276
0.1446891 125.0539
0.1359072 125.4248
0.1354198 125.3115
0.1309419 119.5867
0.09362345 143.0084
0.05063355 119.819
0.04714282 137.3808
0.05091421 138.2011
0.03746013 161.913
0.02275224 215.565
0.04334803 217.5109
0.04721298 240.155
0.04727955 214.5628
0.06156703 210.2101
0.06555339 204.1282
0.04456948 208.9976
0.02801897 213.0554
0.03250842 210.8515
0.02717686 231.3708
0.02886687 204.3377
0.05271209 179.3361
0.05123618 188.4005
0.04744272 181.1528
0.09026397 166.7005
0.0578732 182.1616
0.08890675 154.6547
0.0831012 158.5146
0.09412773 143.6237
0.09119394 132.925
0.08664708 112.1471
0.1102714 99.27817
0.1138635 124.4704
0.1309543 120.8367
0.09058797 129.1556
0.08882776 140.7986
0.09132235 131.3143
0.1365942 123.5906
0.1660396 112.5427
0.1332869 97.23874
0.1069848 87.99291
0.09234716 96.90067
0.1118146 112.1082
0.06884085 130.2645
0.05897373 135.3562
0.0573521 154.1268
0.05336903 152.6588
0.07607212 158.8599
0.07792631 179.3762
0.05054873 176.247
0.04679794 163.969
0.0475678 187.9277
0.06648455 162.5356
0.05437716 172.0291
0.03126161 153.3983
0.01782691 137.9674
0.02134029 136.6055
0.03642806 108.6518
0.04314576 106.9082
0.03001503 108.3227
0.04759812 97.616
0.04813216 105.0943
0.06062883 100.1241
0.05476827 99.54417
0.06206038 132.5904
0.05741642 123.6159
0.04380263 155.4938
0.06472814 146.8351
0.05727105 132.7068
0.05684827 114.5447
0.07249817 98.99214
0.1217297 86.39973
0.09308388 93.71262
0.0935703 86.24447
0.1330768 82.90852
0.1392043 86.91097
0.1559593 92.98495
0.1340412 100.7125
0.136035 91.25419
0.1307449 99.03709
0.1518182 86.23874
0.1726226 85.66588
0.1574354 80.96339
0.1489708 85.40104
0.1253033 95.21324
0.1489457 111.1674
0.157417 133.665
0.1522425 134.5385
0.07903693 127.49
0.07674881 142.8302
0.04774008 114.8547
0.04669741 97.32714
0.05400764 98.01218
0.0373038 94.58963
0.0553171 121.9842
0.04428822 120.4063
0.03542128 118.2508
0.03799045 126.3923
0.0553762 119.4285
0.08467583 113.9427
0.1034902 115.3998
0.1133923 119.3602
0.1084131 132.1621
0.09510162 138.5194
0.08604355 149.4969
0.09962945 160.0723
0.1355036 188.7612
0.1153015 180.5689
0.08293252 165.8093
0.07063274 174.5876
0.03987866 152.9925
0.03516532 174.9349
0.0456806 189.248
0.01660108 242.9893
0.02450117 219.2791
0.03274065 201.5277
0.05193814 232.0434
0.03818489 236.2525
0.03396344 250.1503
0.04371474 265.4893
0.04207468 270.9955
0.02346377 271.142
0.01599944 203.2279
0.01683559 208.9438
0.011675 244.0844
0.007130599 264.648
0.01081232 296.038
0.001175828 312.2016
0.001103046 301.7061
0.007458331 273.8487
0.007309262 257.9387
0.0181638 314.3239
0.02415028 348.9729
0.02155264 314.2096
0.02590767 291.2624
0.01626179 299.7018
0.008451036 342.6896
0.007555849 374.3314
0.008596123 375.1279
0.01632097 410.2585
0.0241853 347.4322
0.02824816 337.6452
0.02481501 330.1617
0.03179939 356.3075
0.0393166 424.4433
0.0272544 444.7703
0.02474982 391.8938
0.02170875 385.4875
0.02797127 332.5692
0.01660333 301.1634
0.02792463 284.5341
0.01888641 309.0648
0.01557933 351.56
0.02562715 313.4916
0.0643404 284.5469
0.04510855 314.1511
0.02887216 318.6996
0.02306042 354.737
0.0348501 376.0004
0.03205291 383.63
0.03003177 398.7849
0.01010155 392.2611
0.02063796 316.2126
0.02101481 319.1393
0.01859346 294.5987
0.02318254 259.7174
0.03286472 219.2839
0.03717544 220.9741
0.03041223 247.0623
0.09561734 250.895
0.09871637 213.2144
0.05515093 208.1898
0.03786558 186.538
0.03814714 180.6802
0.03849473 178.1612
0.04274167 219.0481
0.04809977 238.206
0.07595902 249.5286
0.07602712 244.1084
0.04742987 241.5717
0.04067163 277.3525
0.03707173 259.6042
0.05217393 274.031
0.03496348 341.3292
0.02880135 254.1615
0.01999123 269.4829
0.03813594 260.3884
0.02948195 280.8395
0.03633645 268.0371
0.0456688 204.1526
0.05799275 178.6382
0.05173179 158.5156
0.05456055 175.097
0.03870675 169.5724
0.04460932 158.3076
0.01993939 140.9323
0.0259344 130.1127
0.04608365 115.2515
0.03974853 132.1385
0.05731419 141.4378
0.04458115 134.1568
0.04519214 121.4777
0.0408749 137.3097
0.04853016 146.4088
0.04790427 141.7289
0.03245432 125.5893
0.02500856 129.0199
0.052686 138.0423
0.07192567 129.9774
0.05397897 119.7931
0.0580251 126.9453
0.07321336 128.172
0.09373239 116.9835
0.08696394 107.7374
0.05826948 131.9
0.09742457 118.7418
0.08722191 120.5868
0.08206499 157.8974
0.07991489 146.0184
0.06250673 141.5473
0.06596741 178.6184
0.07186706 173.8209
0.07416946 158.0851
0.07980311 150.159
0.04876519 154.97
0.03233181 171.0366
0.06828763 150.5242
0.05050828 158.9945
0.06032212 156.4016
0.07439531 139.4322
0.05842798 156.0039
0.07297556 141.1561
0.08955991 144.5692
0.06579157 135.9265
0.04260348 124.9935
0.03084769 129.8093
0.04894673 127.9795
0.05116141 118.82
0.0694144 134.1948
0.07465261 147.5027
0.07706478 138.7176
0.08971122 124.3086
0.09343858 127.1472
0.07553226 126.6176
0.05912455 125.2186
0.06954581 129.8622
0.06333974 131.2488
0.05396078 145.4997
0.03142698 120.8037
0.03095222 104.1632
0.03147245 134.1944
0.05364573 144.9751
0.06348925 120.0859
0.07712963 112.3364
0.05731693 114.8736
0.06419823 123.073
0.03700644 114.7741
0.07321616 110.9924
0.05469384 116.1269
0.07250923 113.434
0.1059568 115.0888
0.1368951 117.2688
0.1289607 110.1712
0.1193635 102.1247
0.1182813 122.8774
0.09821212 109.2307
0.0925719 107.5105
0.1023551 102.4667
0.1059749 91.33843
0.1295286 112.685
0.1502488 104.4538
0.1354289 105.4457
0.1220714 99.32643
0.1332176 100.2852
0.1485265 101.0687
0.1525686 94.99072
0.123267 88.56816
0.1148918 93.00738
0.1091968 88.88956
0.1249854 77.05562
0.1525639 88.12105
0.178463 93.29769
0.1564475 106.3923
0.1195907 109.57
0.08722314 114.7869
0.08597295 125.6945
0.06933434 113.6245
0.1013838 104.0472
0.1014594 118.6641
0.1084679 119.0245
0.08522186 116.1376
0.08549949 92.11118
0.09235843 98.82826
0.0614282 86.38835
0.05364651 91.13749
0.07608144 85.7271
0.1087301 78.91842
0.0953472 85.68772
0.09927245 95.6873
0.07923389 93.54079
0.09411726 91.43413
0.09729832 94.08686
0.1092922 74.80619
0.08285908 71.48932
0.1415404 70.69148
0.1674847 68.40511
0.2074385 49.67232
0.2152889 55.21132
0.1624181 58.7275
0.1098187 61.54176
0.08037236 61.48917
0.09187537 63.72067
0.09501229 56.5236
0.09951226 55.33315
0.1113292 67.51627
0.136459 73.41084
0.1190117 89.22171
0.1398922 83.67129
0.141263 80.82429
0.1371309 81.39871
0.1204553 89.46365
0.08710281 98.0208
0.09224553 91.7621
0.07380681 99.85702
0.09281604 93.30677
0.05955124 106.1707
0.05489602 94.60379
0.0592126 89.49618
0.1006897 80.92559
0.09688795 91.07585
0.07490082 89.2809
0.0886761 96.89462
0.08432734 82.7377
0.107152 80.3053
0.08334698 78.66714
0.1413241 97.77298
0.1397223 98.87088
0.1430814 88.77029
0.1479003 99.78597
0.1120761 94.6298
0.1104085 92.66663
0.1266623 99.39766
0.1162663 99.10233
0.09346371 82.15011
0.08843687 88.58683
0.08764836 106.4289
0.08330135 130.5036
0.05069808 145.3686
0.06621992 174.4972
0.038704 174.0515
0.04612303 179.4087
0.06354809 171.2973
0.05830739 154.1471
0.07154216 151.8298
0.08042785 168.1414
0.06496546 159.2106
0.06436554 161.0418
0.07281269 151.0122
0.0751902 146.6114
0.06375941 176.9231
0.06523759 202.6067
0.08354976 206.3463
0.09965268 172.5045
0.07819238 196.5666
0.05419671 200.5316
0.06017882 162.6827
0.05595612 163.2131
0.03215914 172.5769
0.02792411 162.3341
0.03214458 177.7308
0.0321014 175.1115
0.04659646 209.0854
0.03915421 248.6343
0.03305797 256.371
0.04090783 308.8983
0.05547366 313.4404
0.04592114 357.2575
0.04291617 370.2237
0.04113242 367.0577
0.03721724 384.1732
0.02248176 360.2388
0.02775216 291.355
0.02708223 232.5898
0.01952598 242.7113
0.03598078 271.001
0.03716921 266.7166
0.05575907 312.3182
0.02390107 307.1724
0.02576245 342.8084
0.05733774 327.1128
0.05617774 287.7215
0.04764036 297.1125
0.04518863 281.6663
0.03992851 273.934
0.03944605 334.1345
0.02297956 392.7185
0.02514469 458.0369
0.02577531 441.3776
0.00996678 503.1748
0.005312162 536.2466
0.007169615 568.9966
0.008986834 554.0744
0.005688399 518.4319
0.007096821 714.0909
0.002494302 834.215
0.001328651 840.7674
0.005925275 728.1093
0.005946839 825.1768
0.01636535 740.485
0.01753217 802.7935
0.01200098 700.5799
0.01103514 706.4543
0.01132644 630.0532
0.02322997 480.3461
0.0350063 562.3812
0.02824617 666.2509
0.02460655 689.8236
0.007484081 652.0692
0.008206796 674.6094
0.007773223 672.6457
0.01314754 774.7123
0.01682889 743.8401
0.008270716 609.4331
0.003735492 644.95
0.01215448 629.0207
0.01359656 542.418
0.02587829 620.1224
0.03464316 464.524
0.01509732 457.7082
0.009756077 491.2642
0.01765167 468.2993
0.01278003 493.2756
0.02196001 518.5968
0.01256221 510.7338
0.01881749 538.4063
0.009987006 496.1665
0.01762172 496.8472
0.01318986 570.8231
0.0148581 442.9671
0.01910785 429.0157
0.03016023 467.9513
0.02339584 451.1067
0.0228284 546.7475
0.014864 591.1801
0.01653334 684.8814
0.01702636 806.2041
0.02024411 961.6501
0.009564943 1075.94
0.005475704 959.0878
0.01992791 947.7933
0.01499185 1119.546
0.02507067 1014.311
0.02151899 1131.324
0.01365265 1065.308
0.005285671 1180.605
0.01193384 1419.014
0.004169484 1285.78
0.01750123 1220.789
0.02071207 1154.658
0.02633284 1059.785
0.04200681 1300.96
0.01654717 1318.37
0.007828612 1471.49
0.02104655 1359.375
0.01463396 1429.62
0.01134054 1277.006
0.00397759 1122.515
0.005718326 945.4441
0.01243616 896.1139
0.0149486 872.1521
0.02363493 838.2843
0.02929258 728.6793
0.02348764 724.5884
0.01480916 640.3101
0.00418467 749.4051
0.01017731 687.0226
0.001018082 769.9218
0.001485878 756.295
0.005085926 785.9686
0.009345612 669.8426
0.007273872 765.6946
0.01446903 782.6567
0.03197272 674.7615
0.02864156 708.201
0.03114088 598.9192
0.0403253 536.6566
0.01998291 504.1714
0.02104489 452.92
0.02338716 419.0849
0.02343258 410.8341
0.05503479 429.2449
0.03380649 421.0938
0.02698915 414.5673
0.01699238 361.8219
0.02109901 392.79
0.02182605 353.2396
0.01465946 334.2505
0.006816955 340.8044
0.03608563 313.6342
0.05681845 257.1738
0.07766054 279.8915
0.07880907 308.6139
0.07000944 361.6099
0.06070779 377.8222
0.06433712 361.5708
0.04687072 386.1089
0.03930761 317.7896
0.03001741 331.2462
0.0659565 332.8223
0.04677762 363.8339
0.03033144 340.9292
0.04595155 394.9203
0.03561332 326.4137
0.03140457 326.6079
0.0350661 317.1865
0.02720011 361.792
0.006951445 355.238
0.01456293 311.5673
0.009330937 404.2556
0.02478358 433.1761
0.01596433 433.734
0.01305523 484.1828
0.01208189 485.6741
0.01533339 421.8955
0.02804423 328.2787
0.04712182 287.9869
0.03096529 244.0948
0.01685286 243.5479
0.02729485 201.3044
0.04122314 197.7123
0.06074625 218.8174
0.06010999 240.8514
0.03850733 234.6642
0.03616929 291.3125
0.0380709 328.38
0.05484124 328.0948
0.03509693 289.7498
0.02418622 235.921
0.02665144 236.8254
0.02162883 214.6927
0.03093851 202.1126
0.02702125 178.6429
0.02681868 161.7083
0.03650417 135.7202
0.05397996 134.957
0.1002392 134.051
0.0753776 141.6959
0.09581763 143.3307
0.06637583 135.8049
0.05037989 144.8937
0.05333973 150.4283
0.07198921 166.1063
0.05512867 194.9644
0.03688174 192.2563
0.02708994 174.3643
0.01807505 160.4185
0.01687014 149.7567
0.01303483 154.5925
0.02514019 149.7594
0.0288225 146.6499
0.07087399 144.7712
0.06440328 159.5756
0.08140491 144.3187
0.08951152 132.5559
0.1183826 91.03008
0.09277025 93.25831
0.08931274 98.87527
0.08078723 105.9282
0.07336602 108.7314
0.1067444 108.2279
0.1104272 112.8557
0.1292984 113.978
0.1359983 99.98485
0.1269548 114.2901
0.1163215 118.2987
0.100578 119.6356
0.1128104 131.4995
0.1038439 106.4828
0.08045741 97.82806
0.0782507 112.2423
0.1007116 135.8504
0.1021263 141.0849
0.1192743 115.8277
0.09696245 113.803
0.1098897 113.6937
0.0991842 119.9525
0.07812468 104.8987
0.07179279 117.3535
0.06245579 133.627
0.08024177 131.7628
0.073773 117.1504
0.03996332 113.2634
0.04654828 141.0652
0.04089578 126.2611
0.03227571 136.4743
0.03123781 164.5352
0.03187813 176.5726
0.03085094 208.1528
0.03450821 242.1347
0.03110225 217.7305
0.04230972 169.2072
0.03015149 169.4976
0.02237444 174.966
0.03136363 169.9028
0.03501344 146.4877
0.03607435 161.6112
0.04432321 171.159
0.04331743 158.9263
0.05269517 139.767
0.0699046 137.7559
0.07911856 142.5933
0.09264614 138.4757
0.09435903 129.8916
0.06863095 156.4306
0.08369068 135.1206
0.09234257 124.381
0.09774558 126.4188
0.1154894 114.8855
0.1365414 118.2277
0.132716 149.7022
0.07018552 149.5471
0.05213506 163.6364
0.02896463 153.0103
0.04770854 143.1023
0.06014957 134.1127
0.101705 137.6327
0.09684604 137.3089
0.1130611 122.7942
0.09097675 148.0531
0.06410891 132.1761
0.07116163 144.487
0.08778294 139.8666
0.0853504 153.0479
0.07348352 172.7967
0.07807401 192.0954
0.04502619 205.7782
0.04096013 207.8784
0.04636539 221.6522
0.02466392 168.8522
0.02929342 154.2412
0.01310414 182.5896
0.03720134 167.2572
0.01969103 156.5273
0.02052645 114.2095
0.03319577 122.773
0.03598407 118.88
0.01505295 106.0044
0.03077192 126.9447
0.03535289 141.8401
0.03388881 103.3892
0.04572306 110.7861
0.0384087 110.838
0.04765386 107.8096
0.0434893 123.137
0.03565872 124.6582
0.03540597 128.3279
0.04073077 119.8403
0.02088228 108.7078
0.02580153 115.6916
0.01808519 109.8033
0.008607473 112.0311
0.01291201 118.125
0.0242703 110.7244
0.03112886 113.0847
0.05925365 108.6733
0.04608148 116.4843
0.03367789 95.66414
0.04284154 108.712
0.04563638 126.9208
0.06588773 145.2954
0.08638994 133.8128
0.1020069 139.617
0.08006 135.1762
0.09521018 146.2411
0.09065048 125.4227
0.09971254 133.9878
0.1198224 114.0485
0.1271308 92.49383
0.1368983 86.1465
0.1227721 90.6057
0.1295423 94.1344
0.06318224 105.1855
0.03110059 133.8274
0.03848203 158.8031
0.04499538 144.8735
0.03458891 133.4723
0.0394924 153.8125
0.03530979 150.29
0.03373792 136.0317
0.02466049 127.9027
0.03828691 134.0395
0.04550238 173.8364
0.0519277 178.2297
0.06539884 168.3047
0.08552907 176.6353
0.08243013 165.7394
0.06337447 175.068
0.07281173 180.4994
0.06370116 155.5833
0.08188323 189.2213
0.05454586 167.6689
0.04871212 156.3996
0.04075241 187.7119
0.03413881 227.2739
0.01959967 230.2235
0.02245603 234.445
0.01827915 259.7006
0.01930561 237.1392
0.02515212 234.5308
0.03273594 265.1139
0.01992446 311.5088
0.01447811 327.5429
0.007521289 298.4773
0.001862115 294.3458
0.003214025 300.0645
0.005088737 259.2945
0.02462494 269.0381
0.03025034 274.1259
0.03137616 294.6895
0.03512979 213.5297
0.04566302 201.1948
0.04573986 167.2205
0.07053995 154.7329
0.0770424 193.6524
0.08926952 172.1985
0.06222313 177.1937
0.05805899 181.9191
0.04844039 176.974
0.05044193 169.4183
0.02867398 211.7316
0.03298899 202.6053
0.02499009 174.5109
0.02244535 159.1689
0.01352035 159.4411
0.03056888 151.0043
0.0388432 155.1556
0.02763311 135.0458
0.02942645 131.406
0.04851325 151.3538
0.08387183 143.8928
0.09852114 106.3638
0.07423556 126.1322
0.09542455 119.6976
0.09807393 128.7199
0.06527124 123.2559
0.06272512 139.5524
0.08422986 134.6971
0.0777085 160.4294
0.1096924 179.9001
0.0909977 183.4232
0.06825443 182.541
0.06306345 205.6525
0.06484962 238.3077
0.07807537 209.6271
0.05590515 188.4656
0.04798157 199.7525
0.05565075 186.047
0.05564437 182.9237
0.05708026 219.3493
0.05156065 215.7586
0.02878082 222.5683
0.04137392 206.0636
0.04127788 211.0637
0.0425091 221.5626
0.06741347 191.8205
0.05521244 200.8024
0.04781315 164.627
0.05048836 156.8598
0.05519646 182.8225
0.05103743 188.8337
0.03279981 150.5284
0.04072527 139.5206
0.06461916 144.9849
0.06438251 169.6069
0.04610619 175.3266
0.05500295 160.2104
0.06493512 137.688
0.03700184 134.5505
0.03361728 129.6252
0.03881819 148.2279
0.06103473 161.7238
0.04996186 141.5972
0.07450132 123.0883
0.05746007 142.244
0.03949511 136.3049
0.03118164 140.6646
0.03829098 142.9226
0.0615032 145.9715
0.06516329 121.5646
0.05265065 115.3315
0.0369524 107.0793
0.04304901 100.6957
0.02162441 108.9221
0.02023888 94.68311
0.04217494 87.90334
0.04192812 85.85003
0.03300477 89.27451
0.05842935 93.67268
0.09108019 101.479
0.07401508 83.93256
0.08475822 97.11828
0.0879496 101.7399
0.1070978 93.56926
0.08871909 90.17708
0.09219414 89.44021
0.0891388 104.7048
0.09791396 99.11195
0.08860259 102.0681
0.1143557 124.3538
0.1088264 142.9961
0.08111159 147.026
0.08049149 157.8968
0.05425348 158.6327
0.03655046 181.2641
0.03520251 167.794
0.032855 181.1042
0.05198689 194.1858
0.03633412 206.1124
0.04330632 205.2018
0.03454921 195.6392
0.0322016 187.4383
0.0317648 181.0723
0.04031432 204.6547
0.04951179 205.2259
0.04481963 209.3226
0.04832225 203.846
0.04295141 206.8154
0.04401842 210.9108
0.02796454 223.8388
0.02432049 274.5534
0.01999136 299.08
0.01444871 258.6828
0.008172226 251.758
0.0141464 288.982
0.0273336 293.2524
0.04199572 283.1427
0.04643126 303.807
0.05521442 307.1701
0.08737565 320.174
0.05909028 311.5424
0.04211763 264.9618
0.04854407 294.114
0.02437927 308.4956
0.03527519 314.7849
0.02661953 295.8695
0.02391336 326.2965
0.0162886 328.7897
0.01221602 342.7128
0.01830613 343.803
0.02082311 324.565
0.01653381 407.7361
0.01954491 368.3092
0.01890156 298.4276
0.03183542 304.1239
0.04366611 283.8687
0.02873467 308.452
0.01249694 314.973
0.007722966 341.5058
0.01702937 313.4088
0.0158763 297.2346
0.03275028 284.2928
0.03674792 324.3152
0.0418732 267.1407
0.05353502 254.5515
0.02537631 222.8237
0.01921524 215.8508
0.01535722 182.1833
0.04450013 183.8865
0.04133533 209.0079
0.04104977 183.6308
0.07073142 204.0209
0.09948878 198.459
0.09574264 188.9983
0.09422923 190.2071
0.1020144 188.5273
0.06906514 219.7166
0.06842985 244.8313
0.08980614 217.3466
0.06267629 216.0331
0.03690653 216.3779
0.02955194 193.2968
0.01577997 159.9061
0.0148793 207.0474
0.01905926 200.106
0.02688171 201.0226
0.04433235 245.6429
0.05517577 214.2938
0.05343328 194.9405
0.0813618 191.9584
0.07705093 198.7191
0.06951688 184.0555
0.08445967 175.6092
0.08277003 158.0477
0.08573776 154.1722
0.04860896 147.5719
0.03840513 142.0089
0.0550517 122.8375
0.05198252 116.8179
0.08195161 108.8902
0.04838976 111.7809
0.05490838 128.9754
0.01739714 141.8838
0.03737243 125.4654
0.05342647 135.544
0.0453656 131.6519
0.06920517 146.0445
0.05025639 119.8971
0.06801239 115.2855
0.05613814 103.0392
0.03799965 78.80526
0.0385811 87.46047
0.03046247 91.56369
0.03161076 113.5864
0.04136654 117.6105
0.03533449 150.958
0.03038922 144.0663
0.006858663 141.4994
0.01001386 159.4837
0.02263096 149.3444
0.0268594 141.5711
0.03904487 155.0371
0.02951871 137.0338
0.04789239 147.7561
0.09234366 133.7019
0.06262183 142.9015
0.04541154 156.8981
0.06896432 160.0659
0.06796113 155.2498
0.0661982 170.8519
0.07126509 192.452
0.06297687 163.3462
0.05079375 135.1716
0.06520729 131.2505
0.05399425 128.34
0.05201471 137.7463
0.07625978 139.0211
0.109293 125.4215
0.1016441 127.6597
0.08705811 110.5487
0.08824385 104.0261
0.1368425 108.7196
0.1017601 105.2757
0.0769124 111.541
0.08513178 129.4201
0.0900299 133.551
0.1117357 158.6579
0.09129528 162.0839
0.1031463 167.1518
0.1285419 179.8568
0.1104048 176.4606
0.1106044 170.4038
0.09959792 159.4435
0.105138 151.7666
0.08801852 151.7801
0.08557602 144.2666
0.06129954 172.5785
0.08593117 175.2174
0.1004188 136.6837
0.07669145 125.3452
0.05047663 135.8679
0.0690563 114.8288
0.04761312 101.0126
0.06082698 102.8976
0.04069447 113.7502
0.0600849 112.3255
0.05278776 108.3242
0.0648719 116.414
0.08316166 116.5023
0.05667526 117.1477
0.07158672 158.9872
0.106245 174.3643
0.1012478 189.1712
0.107881 173.56
0.08963901 134.8361
0.09978581 134.4107
0.1112661 113.6295
0.07933009 124.2132
0.1091127 115.5112
0.1127773 122.3323
0.1217177 110.679
0.07722206 126.8193
0.07592284 132.7217
0.09647127 113.3554
0.06064058 101.8768
0.04888554 99.29841
0.06524345 95.41165
0.04784879 101.6846
0.07531498 76.34947
0.06911866 97.29133
0.06244155 101.0146
0.06555724 94.18569
0.05034104 92.62376
0.07942492 96.1219
0.09536935 93.08758
0.08841464 115.7875
0.0961301 117.0916
0.102876 120.4114
0.07770012 130.8248
0.06709825 152.4935
0.07538959 147.6766
0.05626676 134.2198
0.04501643 132.0804
0.03134362 150.448
0.03639309 144.8874
0.02652806 125.1814
0.03110174 131.0776
0.0500554 144.5627
0.05520474 142.3647
0.05454783 136.212
0.06623256 138.9967
0.04460659 138.5005
0.03607176 144.9042
0.03929988 168.5626
0.05132404 130.3452
0.02835673 145.9165
0.03214633 166.9719
0.01969187 176.1599
0.0236849 177.8485
0.0264356 213.2014
0.0405698 239.6308
0.03687097 307.4936
0.03091005 316.4417
0.05995951 354.7456
0.06906863 319.7075
0.03185435 374.0478
0.03434514 333.8846
0.07286238 318.255
0.06340701 327.3307
0.06128999 324.352
0.05361213 318.1277
0.05213238 371.5751
0.04876651 378.7787
0.05877023 440.8076
0.05181576 534.6848
0.05534903 439.8525
0.04229109 408.3343
0.03749619 400.8667
0.02923109 365.7105
0.03261123 296.8531
0.0278994 311.6264
0.03406772 271.0181
0.04438422 234.3987
0.07295483 235.0857
0.05493858 253.7009
0.07429678 182.3194
0.09798032 209.367
0.09264231 199.9769
0.08173824 209.9079
0.06174997 221.4113
0.03989416 253.8189
0.0276105 290.7185
0.02138209 302.5711
0.03814718 298.364
0.03428618 292.0973
0.04747074 314.7258
0.03367212 297.8461
0.03961264 244.2576
0.07514854 215.4526
0.06449819 217.0888
0.06003906 188.0691
0.05403085 147.5863
0.06912362 156.5188
0.06881376 176.9732
0.07462151 174.7556
0.05718311 163.7737
0.065986 165.2534
0.08707099 161.5367
0.107221 146.474
0.1239811 167.2553
0.09662958 157.6874
0.08335358 147.6862
0.06870924 159.379
0.105287 156.5817
0.04604206 193.6289
0.06521967 179.9989
0.08247355 175.5857
0.0800543 152.475
0.09392554 138.6268
0.07295094 143.3401
0.08527308 163.4303
0.05506725 161.2177
0.06008666 183.5721
0.07540098 183.0782
0.08954958 207.1302
0.1017938 224.3917
0.08376742 231.2309
0.08131613 244.7355
0.09784145 249.8899
0.1151984 262.9804
0.0962324 279.1969
0.07632685 268.359
0.08603056 206.7633
0.05117943 215.3758
0.05365902 201.2513
0.04388568 220.9487
0.06465937 215.8038
0.04068196 234.1322
0.02581289 231.8471
0.03453021 283.7433
0.06024635 302.0262
0.08776905 312.3464
0.07977743 292.7084
0.07658718 285.1435
0.05016164 293.6334
0.05106587 259.0732
0.04201635 337.6863
0.03903505 329.2924
0.03205705 358.9057
0.02958575 369.1705
0.05651593 444.7074
0.03066772 413.6776
0.02371962 380.1349
0.01330498 328.5952
0.0326255 354.2544
0.02936353 340.5371
0.04835793 389.5575
0.05148046 419.7277
0.02941916 401.3989
0.02494582 419.8237
0.04316173 408.249
0.04435673 389.356
0.03944736 354.6499
0.03103633 340.4675
0.03340682 351.3676
0.02540273 364.9759
0.01350804 402.6544
0.01904588 343.3175
0.02144862 346.0623
0.01972674 355.4147
0.01982393 294.4959
0.04637476 302.6176
0.03908031 282.8227
0.05675652 263.591
0.05133649 237.3481
0.0352998 181.2008
0.02667549 194.6541
0.01869527 157.2517
0.0205187 151.3949
0.03014875 136.1071
0.02015268 147.7364
0.02909357 142.1376
0.0399427 152.3392
0.07224451 189.0744
0.04676384 184.0737
0.07381777 172.1217
0.06632449 154.8106
0.07651754 166.2605
0.06297123 157.8913
0.06077702 159.4262
0.06245436 168.066
0.07596223 138.1446
0.07083049 127.5468
0.09144288 118.3926
0.08883231 123.7853
0.1347512 105.2966
0.1159053 115.6082
0.1222166 113.019
0.114392 113.5994
0.118109 135.1277
0.1093376 157.2868
0.07819895 156.0765
0.05349167 189.2023
0.05234403 220.2324
0.03511249 213.1259
0.04167461 215.9964
0.04228364 264.0513
0.03196577 225.0806
0.04307622 247.1632
0.08187184 220.0809
0.09112294 211.1612
0.08519718 215.7092
0.09026741 222.7921
0.1121743 234.1448
0.1006225 240.6186
0.098332 227.3331
0.06429444 240.3236
0.04619858 280.522
0.05141493 255.5958
0.05957741 262.0866
0.05355893 282.5236
0.08027415 246.2222
0.04420913 234.9005
0.02613187 211.8407
0.0286379 236.567
0.02736168 261.3729
0.02734934 253.236
0.01991726 279.5092
0.02223427 340.6394
0.0197692 328.9015
0.02642982 323.7383
0.02647522 336.8784
0.01957536 364.8581
0.01592882 314.0226
0.0455342 278.4017
0.03523957 309.1749
0.05196146 316.2696
0.03704752 281.5405
0.03632567 291.3451
0.0266601 241.0709
0.03431152 179.9258
0.04960736 197.0953
0.06856018 163.5253
0.04658169 150.8716
0.0449321 159.4792
0.04993808 136.4584
0.05698829 135.3548
0.06370948 136.9744
0.04665966 136.3909
0.06170737 145.4231
0.04926074 168.65
0.03473956 138.2767
0.03344915 144.8619
0.05182043 134.8154
0.0784803 118.6545
0.06772819 139.4292
0.04954428 137.6346
0.03823822 165.3289
0.03282806 159.2148
0.03175422 166.6937
0.03612078 186.5117
0.04421822 155.7274
0.04460866 173.8942
0.04191221 164.9293
0.03933266 176.698
0.07791656 201.7164
0.02974501 224.7789
0.03061658 206.7818
0.03089329 266.8132
0.02901925 317.5473
0.03354925 336.1755
0.02409666 344.2514
0.02063491 311.8695
0.01791673 317.0418
0.01642577 326.0727
0.04465745 267.6973
0.04396788 244.3791
0.04585426 214.2274
0.04793819 214.2346
0.05285869 229.6493
0.03400452 235.4096
0.04579915 248.975
0.0553532 264.1359
0.07447088 206.6083
0.06852344 194.9323
0.0455858 174.5675
0.05835651 179.4498
0.09419832 183.047
0.08396931 145.3069
0.1135757 147.3481
0.104047 147.7896
0.1065464 145.0859
0.1004469 143.7342
0.1090688 120.4144
0.09165031 114.4063
0.07308537 102.1169
0.1101928 114.3916
0.09378344 110.312
0.1079646 129.5291
0.09769987 143.2736
0.142338 128.0179
0.1425745 140.5367
0.173162 151.7231
0.1955999 167.2633
0.1990126 157.5489
0.1645486 146.486
0.1654623 165.1593
0.1350502 145.0844
0.1332549 138.1623
0.1294598 122.0126
0.1207659 135.9206
0.1051249 134.7391
0.1289006 145.785
0.1099809 119.204
0.1115712 147.1985
0.125274 157.0878
0.1790628 164.8902
0.1494012 150.4859
0.0942157 135.6633
0.08357917 128.8898
0.08612784 131.252
0.06040255 136.9146
0.08802884 147.4836
0.0955487 146.0131
0.07413699 133.8157
0.0513726 136.7441
0.04748577 117.3028
0.08472278 115.2368
0.07511926 112.6676
0.06543448 121.7403
0.07763013 108.1462
0.1108664 115.8321
0.06663714 137.783
0.0738254 130.0661
0.07326315 130.6461
0.06853636 143.9997
0.07645544 144.2646
0.07817018 142.7095
0.08262442 139.7965
0.1135021 170.1699
0.1537838 164.5014
0.1120922 173.4749
0.06415603 142.8066
0.07108328 122.5152
0.0863104 120.0106
0.08088361 170.9191
0.07691038 203.3033
0.05414772 178.6045
0.08034057 164.8744
0.0957625 191.7425
0.08915855 214.4497
0.08550177 171.2321
0.08721737 199.6803
0.08008068 183.8039
0.09688143 162.9157
0.1534731 161.5574
0.09521519 145.2929
0.1110677 174.2177
0.07981568 204.8327
0.08050493 172.926
0.08264539 173.3098
0.06696037 157.9864
0.06854168 140.2334
0.05473217 143.0381
0.08148382 135.5819
0.06982484 138.4106
0.1098071 116.2992
0.1089279 115.4108
0.1290206 118.2577
0.127178 133.2602
0.1531221 128.7795
0.1247073 119.3125
0.1310874 109.6305
0.1428635 95.29667
0.1572934 83.21946
0.1116171 80.6256
0.1281445 86.04688
0.1344333 101.5238
0.1247811 101.4671
0.1506689 98.64664
0.1720123 85.77297
0.1242819 98.01948
0.1633455 95.87757
0.1928072 87.64794
0.1637262 105.864
0.1575879 133.185
0.1354308 111.3968
0.1171413 130.5391
0.1403984 130.5491
0.1289601 148.8832
0.1507239 125.6893
0.1496316 110.0199
0.1329376 108.0531
0.1157798 99.23732
0.1196778 123.8129
0.1600816 116.737
0.1240073 115.2501
0.08959876 112.9999
0.07007023 141.1178
0.05533058 176.3643
0.05029774 158.1565
0.05980918 166.793
0.05639884 131.165
0.05986107 117.0022
0.1018808 101.1791
0.09730247 105.3217
0.1373435 108.0926
0.1396581 112.8661
0.1299025 131.081
0.117622 133.1182
0.08039165 129.566
0.09752525 132.4239
0.1073643 127.5228
0.08989482 123.0344
0.09258392 122.2799
0.08181426 108.8216
0.06603451 97.78252
0.07454622 88.89524
0.04125422 98.90765
0.03776336 106.9698
0.05575078 159.8096
0.06305167 138.2377
0.08137367 149.9839
0.05407457 169.4626
0.01787203 142.8613
0.01442871 136.8165
0.02269049 152.2577
0.01192037 176.7667
0.01543443 183.8358
0.01117088 171.9032
0.003619976 165.2146
0.004146038 132.3155
0.009465148 114.838
0.01443766 107.1511
0.01679709 108.1267
0.01400891 107.7683
0.01252026 105.6558
0.02534006 92.15867
0.02465439 102.52
0.01709302 107.9382
0.01366644 96.17079
0.03143731 95.85368
0.03483707 106.6188
0.04222363 106.5552
0.04828418 106.3245
0.09134882 110.2319
0.1026828 114.3347
0.07002641 97.03736
0.06763477 106.9399
0.0804317 118.2337
0.09073342 114.8055
0.1049668 114.2534
0.06455878 115.3475
0.04961132 119.8855
0.0533136 111.2221
0.05021904 96.10139
0.04517006 112.9529
0.04203223 137.0402
0.024523 158.4984
0.03321189 142.2574
0.04560789 147.4928
0.03764266 150.1718
0.05035155 154.9812
0.06261265 145.2973
0.09689844 140.2481
0.1526244 127.4836
0.198096 111.6828
0.1673629 111.5935
0.1399251 93.43269
0.1123316 108.4769
0.09124317 119.8824
0.100494 116.3285
0.1034217 137.5535
0.09276359 119.8184
0.09072545 129.63
0.06982936 127.3567
0.06295203 126.9566
0.04539136 135.8333
0.06152281 166.1629
0.05851606 160.1239
0.03632953 157.3379
0.0491406 147.8399
0.08627588 140.4746
0.08825137 133.8086
0.05408163 137.8564
0.06740219 142.8681
0.05242046 148.6451
0.07071973 151.8459
0.03444467 159.5743
0.05220412 198.0354
0.04369812 187.3386
0.04759262 194.3888
0.0516868 197.8696
0.03197978 160.9991
0.03262529 146.2245
0.04981757 177.4911
0.04039377 183.0113
0.04565853 178.3184
0.05212028 156.9694
0.06098997 145.9495
0.05061829 147.1864
0.0542554 152.7523
0.06292011 149.859
0.09891778 157.6646
0.07183971 157.0577
0.04853629 194.252
0.02913871 207.4381
0.02677359 191.0392
0.03529985 210.2181
0.04366895 169.7032
0.07185511 165.1947
0.05678384 163.8097
0.05445016 189.2136
0.06070451 221.0759
0.0589764 168.2739
0.07612402 170.7139
0.08778358 182.8338
0.04674976 156.2511
0.08375185 134.4211
0.08387259 124.5085
0.07464272 125.3922
0.07263955 127.0599
0.05788167 128.791
0.03748973 132.0915
0.04650724 156.6302
0.07325504 147.8883
0.04992169 134.4011
0.1156376 138.3667
0.08931234 147.0711
0.07632017 152.9672
0.07080847 146.662
0.07149782 141.1591
0.0590751 146.7019
0.07119568 183.5459
0.07193402 188.3952
0.04166297 196.4217
0.05367191 218.0432
0.0738243 217.7194
0.06840169 212.7279
0.06030166 207.3802
0.06584117 210.5609
0.06275084 210.0483
0.06017098 201.9357
0.06001384 224.7012
0.05275504 214.7229
0.06267176 193.9534
0.08107533 208.8956
0.0594098 213.6959
0.07562233 225.5766
0.04901412 216.0825
0.0497039 187.3641
0.04102777 211.7727
0.02818195 223.9661
0.02871254 241.0271
0.0378619 212.4057
0.03562265 225.6137
0.05965592 237.5326
0.05754396 242.633
0.07443681 200.3638
0.07517601 201.0371
0.08525508 199.0528
0.06799681 164.7972
0.07693583 162.4833
0.04774301 158.2118
0.06413474 144.8965
0.04401866 182.9068
0.07061805 184.8892
0.08618626 183.9438
0.06979137 159.3044
0.08236635 145.1797
0.1111775 134.7886
0.1218254 138.9419
0.1050359 146.3651
0.07438841 155.9403
0.1054523 168.9511
0.08539906 196.1175
0.1191705 196.2227
0.1078057 189.7623
0.09546838 149.2948
0.0793952 155.055
0.07625065 146.9671
0.08064229 157.2047
0.07611881 149.4183
0.0775431 126.6753
0.04841736 136.3403
0.05698057 149.1039
0.06106607 160.4609
0.04839766 162.807
0.0623282 194.7287
0.08948643 191.4512
0.08543716 212.565
0.0932235 215.6532
0.1193533 209.4684
0.1224421 220.7411
0.1441197 254.6581
0.1477969 224.0765
0.1250503 229.9631
0.08336958 173.7925
0.1135039 159.1729
0.09054588 141.2536
0.0872423 153.0887
0.08158372 134.7467
0.08107034 135.5444
0.04797015 137.4424
0.07571056 144.0795
0.07489768 169.3732
0.1038304 131.1117
0.04643242 133.6681
0.08258584 174.9793
0.07222877 144.7071
0.05143394 131.6197
0.07861513 156.2626
0.03899328 145.8267
0.02066091 140.7653
0.02819551 176.9834
0.05711971 188.7475
0.05735343 184.6947
0.08300884 187.7902
0.0717808 194.8952
0.06106075 158.52
0.07844491 188.5092
0.09224135 183.7989
0.06048982 176.2194
0.04600181 167.1317
0.04868841 169.7891
0.06015486 178.5301
0.05991173 184.8215
0.05902646 188.3085
0.05523313 210.5126
0.05614909 209.7414
0.05691357 221.4152
0.06287329 236.4169
0.06064445 254.3582
0.04529977 248.4267
0.04570825 231.9437
0.04289677 225.5574
0.04991522 266.3597
0.05347525 275.7942
0.03529449 277.0959
0.04786576 253.9232
0.03401428 305.4271
0.02817333 309.2826
0.02133478 333.5581
0.01505153 412.938
0.02018852 436.059
0.0281173 432.6807
0.01885134 539.4491
0.01278198 558.8813
0.01871446 578.0392
0.01479144 492.5336
0.02144126 613.987
0.01299523 601.1911
0.01140114 562.5473
0.01261215 620.1207
0.007573241 669.5823
0.0106621 600.7954
0.02377487 571.3768
0.02633203 688.6033
0.01327241 707.9839
0.01415823 615.8216
0.01825995 628.9756
0.009799694 740.941
0.004068136 723.5477
0.0186638 608.303
0.01820094 607.7283
0.03673455 522.2353
0.01977891 544.8824
0.02415985 562.4275
0.01851061 560.672
0.01934809 594.6756
0.007492315 783.5117
0.0003936756 814.9132
0.006159692 836.1539
0.01083868 842.7123
0.009721567 672.891
0.01810945 700.4736
0.02172954 657.2156
0.03605318 568.7951
0.03607354 426.1738
0.03763157 428.1714
0.01856155 399.2219
0.03107341 438.7762
0.02436637 422.7843
0.02893341 397.4806
0.03300526 396.5933
0.02788405 386.2605
0.03396835 464.3285
0.02824869 447.1513
0.0522732 433.6941
0.0671653 360.1266
0.0653067 358.4095
0.05033184 352.3775
0.05395625 330.4562
0.06433352 269.2486
0.06344578 294.367
0.0848176 271.9991
0.05891308 264.4668
0.04099162 279.3241
0.05702191 263.778
0.086712 265.328
0.07750022 232.8151
0.08173144 213.1529
0.06679069 198.9865
0.06755973 162.656
0.06706636 127.538
0.06641571 163.7005
0.05591441 131.9326
0.04750493 119.5588
0.02438044 104.359
0.01480629 119.2718
0.03372563 121.0966
0.03741195 128.7252
0.04743953 113.7496
0.0468381 114.4414
0.03611594 107.5389
0.02412375 107.8702
0.05097194 118.462
0.04156954 115.8506
0.05118953 118.1061
0.04944765 103.1127
0.0545762 92.4302
0.04348874 99.40975
0.04674881 96.94134
0.04524656 90.1498
0.03532622 99.42266
0.025587 101.5815
0.04783307 98.23245
0.05335829 87.24543
0.05286279 86.26255
0.02692156 78.59388
0.01570589 69.85362
0.01464609 67.47911
0.01007242 66.76391
0.01180157 69.13526
0.0529324 77.10297
0.05780023 86.65503
0.03132613 94.91684
0.03047964 121.6819
0.04440297 133.6477
0.05913663 150.4777
0.05272404 128.3993
0.04453521 140.8586
0.04919546 159.6205
0.02691176 157.9284
0.04070631 148.015
0.09077789 156.4035
0.07125415 124.5326
0.0420539 134.8727
0.04700267 141.9339
0.05254154 132.066
0.04818514 119.4874
0.05813098 123.6807
0.03742836 140.9892
0.03069612 142.3716
0.03717545 148.0524
0.04038178 159.6851
0.05245329 130.4949
0.05095756 135.1514
0.03346195 138.1078
0.04142271 136.4859
0.02492694 132.6402
0.03470587 139.2104
0.02415703 128.8098
0.03234709 151.3307
0.04248524 143.3872
0.03465901 147.3352
0.03249623 159.1961
0.04767574 156.4248
0.04673115 149.4027
0.0488011 119.0997
0.05717609 116.2915
0.05421465 117.5699
0.06880894 123.6795
0.04276578 91.47718
0.02760121 98.48856
0.03452781 103.5353
0.04285303 115.5486
0.08309858 119.8465
0.08389946 113.2003
0.06365212 107.1345
0.03092863 113.0722
0.068259 109.3518
0.05263366 135.6879
0.03870504 141.6724
0.03522826 128.5753
0.07000954 142.4893
0.06945959 161.6148
0.07149205 153.0113
0.02195213 149.5439
0.0279737 131.3028
0.02919553 149.0968
0.05510429 167.5164
0.04609353 140.1698
0.01947447 131.5616
0.02800774 117.6817
0.02577106 133.4451
0.03375867 142.3835
0.04069326 199.9535
0.04625282 176.3186
0.02538745 204.3718
0.03193174 187.2946
0.03535678 185.86
0.03625049 224.6482
0.02948298 228.5524
0.04077498 226.0726
0.05854216 210.9443
0.06622478 210.0256
0.0455236 265.2652
0.04886563 268.2513
0.04068184 296.5667
0.03139643 315.5409
0.02813216 339.9437
0.03549934 352.1653
0.02855974 306.6149
0.03497959 350.7532
0.02372077 331.7208
0.03290685 287.025
0.03036334 280.8005
0.0572349 238.2146
0.03436425 221.2595
0.03741065 196.8994
0.0403779 161.05
0.03229814 194.9494
0.07119296 169.118
0.03610283 175.5901
0.04916812 185.4953
0.05627426 151.2911
0.06505288 128.5343
0.05430415 112.5204
0.04046468 117.4754
0.05717359 102.8278
0.07891962 104.5321
0.1083755 99.42694
0.1265396 121.2429
0.113851 128.3077
0.07406595 118.996
0.08009486 126.9284
0.1014304 103.1397
0.09435494 93.27315
0.05652017 79.2846
0.0749476 91.85008
0.08708803 86.35307
0.09533972 84.3521
0.08715427 84.29744
0.09882867 88.35574
0.08083544 118.1888
0.06746663 130.0303
0.1086492 150.8362
0.09335585 149.8702
0.1067744 172.3337
0.05937501 143.1592
0.0477068 153.8557
0.07775363 145.2679
0.07426676 156.6162
0.07988443 119.4651
0.1239736 120.341
0.1223962 132.4548
0.1302386 138.4909
0.1274476 147.6069
0.08945322 160.8312
0.07329149 168.5354
0.09525471 173.5101
0.07824358 174.4793
0.059025 193.282
0.04234283 243.0393
0.04933787 284.5723
0.06298551 291.264
0.03854856 232.175
0.02400565 244.6213
0.03170748 224.9386
0.04234063 224.8361
0.03374058 213.9998
0.02900889 248.9497
0.0378836 242.1804
0.03962365 233.5174
0.02964776 267.4821
0.05856018 288.53
0.03994291 314.61
0.0397655 348.5508
0.04871189 320.6905
0.04086134 308.3449
0.08921065 288.9365
0.06557236 298.8502
0.06272728 274.0596
0.05738697 318.1989
0.06384684 282.3667
0.05711298 277.665
0.05176111 285.7594
0.02198979 345.0832
0.03304439 338.5619
0.04454478 367.624
0.03286403 369.9178
0.02672947 433.224
0.03379306 557.5737
0.03002805 658.0947
0.0331038 822.3127
0.0409884 733.6507
0.0322931 655.4248
0.03855613 536.2052
0.02037926 376.26
0.01939284 443.1788
0.008356906 421.467
0.02901172 368.3771
0.02378159 344.6643
0.01953088 329.7463
0.04552522 295.5312
0.01483936 296.3425
0.02918133 340.2897
0.05125686 296.1074
0.02981352 315.2505
0.05435209 318.7297
0.09245322 319.9834
0.1013623 257.3072
0.08803048 267.338
0.1013416 333.0215
0.0760851 216.1207
0.06338379 204.7519
0.0325962 208.1618
0.02152551 218.3625
0.01088701 227.0508
0.02299792 213.431
0.01091096 210.0251
0.0102687 223.422
0.01041152 242.7805
0.01653214 272.3063
0.02657645 308.3453
0.03468198 247.715
0.02507459 223.9347
0.01475322 211.6418
0.03239699 239.6187
0.03436401 194.7769
0.03322231 203.6429
0.02650849 195.4506
0.03546551 179.0553
0.04310787 135.5329
0.0399792 127.9712
0.06167944 122.4662
0.08407275 113.8948
0.09944356 97.8695
0.09452925 94.90737
0.1133991 87.85189
0.1219805 94.86722
0.1480687 118.1691
0.1368764 124.4101
0.1322459 127.1505
0.1164941 119.5693
0.09869511 109.3913
0.1041819 115.1629
0.07136805 132.6317
0.03793167 104.9963
0.05647272 113.7502
0.0319332 134.1428
0.02951991 132.3972
0.02323045 106.6312
0.03610835 120.6682
0.04204849 126.8592
0.05012555 142.3327
0.02718841 125.8608
0.01039339 145.5473
0.01710797 121.8279
0.01105399 106.8309
0.01149798 100.1169
0.01595327 105.0136
0.005693356 109.6107
0.0145558 112.7811
0.007832462 95.57329
0.007764338 95.97282
0.02856903 122.4309
0.04175597 118.3938
0.03833756 112.8113
0.04628685 118.4325
0.09893922 110.5594
0.09213712 95.51653
0.1117966 94.17587
0.1314622 85.93193
0.1222025 83.87908
0.101251 82.20411
0.09967174 62.43889
0.0966798 55.37453
0.0853048 55.3186
0.07033768 55.69949
0.07184304 59.61234
0.06097448 61.04895
0.05741355 63.61763
0.04078492 77.38025
0.02683 84.62275
0.03718028 96.10007
0.04305862 112.1954
0.03927881 114.015
0.04270945 143.2319
0.06028302 155.7349
0.03898742 143.8197
0.05207873 143.9492
0.04964656 143.0318
0.05464844 150.3328
0.04336802 165.2209
0.07218049 167.1777
0.04383826 166.3032
0.06188524 167.6735
0.08814865 178.1421
0.07030476 187.754
0.07313008 205.0083
0.09713324 175.5046
0.1127871 154.2299
0.1038588 135.1437
0.1071922 153.9215
0.08130611 154.5484
0.06583181 148.2482
0.0797153 160.8042
0.06619703 150.0859
0.06267381 196.6565
0.06448202 156.4823
0.06372867 151.6135
0.1026652 149.2246
0.09352924 164.0373
0.09610515 179.3013
0.07548151 143.8911
0.06648788 148.8572
0.06058284 142.381
0.05108179 152.8876
0.04175073 126.8621
0.02964909 142.315
0.03169273 135.6348
0.025647 158.0137
0.01239318 169.0298
0.02055694 150.0476
0.02634552 162.1882
0.02494713 191.6208
0.04792395 206.3871
0.05694046 182.2253
0.05142636 199.502
0.04499796 191.3724
0.0630793 181.6489
0.05034852 199.8285
0.05921042 200.8207
0.1170746 168.0741
0.07618445 159.5185
0.07379659 163.658
0.08647545 170.7471
0.09355864 168.74
0.05772907 173.7044
0.0532938 194.7812
0.04262476 162.3472
0.07293753 172.3858
0.07851812 172.6275
0.07761178 189.7672
0.07962605 163.433
0.06294883 168.2915
0.0702806 183.7549
0.08410465 217.6317
0.08355519 213.9673
0.05408404 198.1827
0.06216646 177.361
0.04045942 175.5279
0.02353312 176.1139
0.008515293 207.7504
0.004767489 209.0361
0.01191715 222.7705
0.03939318 203.713
0.06569508 194.5827
0.0688462 197.2921
0.06848202 193.1504
0.04744417 205.0638
0.05428136 196.8504
0.05167221 196.3628
0.05314642 168.3618
0.05618681 178.1105
0.05402254 204.4265
0.03685292 205.5974
0.04096223 235.2136
0.04927661 269.7386
0.0414697 287.7587
0.01944175 338.1095
0.01033048 377.1228
0.01162066 369.2173
0.006528225 399.657
0.0216669 417.7873
0.01811036 415.8235
0.01226238 448.6882
0.02490456 438.6603
0.04187916 373.5895
0.03132747 316.4887
0.02642394 309.7882
0.03945499 365.109
0.04896849 320.6573
0.04752643 310.8516
0.0402768 319.6121
0.03382687 288.2991
0.04176938 348.0592
0.05428415 305.3304
0.06052612 275.2186
0.04821377 290.3587
0.04841115 266.0971
0.03150692 265.2273
0.027 257.1308
0.05444564 260.4835
0.04577415 296.7284
0.04791947 317.8769
0.05009777 375.4028
0.02928178 354.6996
0.02217861 326.9495
0.03309671 338.1809
0.03485539 357.1432
0.0251309 389.6882
0.01876333 347.0394
0.02172823 305.8249
0.01207657 330.9774
0.03090331 368.4937
0.02975494 408.0344
0.03524942 415.455
0.02933376 475.0895
0.02101919 480.8507
0.01641068 520.995
0.02067974 626.2954
0.02972611 555.8764
0.03342182 588.2238
0.02928034 509.0865
0.02839489 439.3007
0.03947965 438.6394
0.02670502 350.0189
0.01672845 431.6282
0.0113334 440.9376
0.004070475 422.7467
0.003484489 394.1103
0.01119518 407.0538
0.01609712 431.905
0.02481934 489.4558
0.02741699 474.336
0.02958593 445.041
0.0139252 364.785
0.008275419 308.7686
0.01494136 358.5738
0.01263434 369.219
0.02516656 384.7997
0.04646241 372.993
0.02422084 405.3518
0.03255213 399.4355
0.03220915 412.2986
0.02126847 454.101
0.02697479 472.5366
0.03434987 566.0802
0.03657654 580.2332
0.02725765 564.1844
0.02980183 501.3127
0.01914254 522.255
0.01994749 528.0023
0.02071083 565.6847
0.02409362 525.8878
0.0264318 444.9413
0.0216061 415.6288
0.01884958 383.6184
0.03004945 422.4095
0.03119916 384.6543
0.03799397 395.6468
0.04014439 339.6594
0.04031014 346.6064
0.01826695 357.9227
0.007929817 371.933
0.009862113 367.5304
0.008698893 506.4458
0.02328453 427.3439
0.02935298 459.41
0.02514888 520.593
0.01455545 555.3802
0.005633509 536.3385
0.006579172 499.2114
0.009384506 464.582
0.004365747 487.471
0.01006202 521.6258
0.02161661 397.2583
0.03211955 375.487
0.03190037 432.1688
0.02868325 393.3473
0.02800295 359.0883
0.02105901 386.0608
0.01599743 441.8197
0.02656924 359.4169
0.02796795 316.1355
0.04613336 286.6236
0.05680883 303.6055
0.04761203 333.3668
0.03818257 351.2149
0.03199141 340.2618
0.04103831 278.7894
0.03440672 308.3783
0.0298923 315.2809
0.04744435 321.3095
0.04386034 338.3395
0.03997598 352.7642
0.03242625 326.5212
0.02132711 331.8457
0.0448879 318.6274
0.04559399 340.2558
0.05199401 345.2503
0.05731587 373.1893
0.0328961 335.2158
0.03171318 289.8713
0.02305146 277.4917
0.04165088 274.2621
0.02126899 291.088
0.03116571 279.5411
0.02929016 289.1333
0.03179984 272.8662
0.02656752 356.4121
0.01783271 367.1686
0.02509931 369.4824
0.03231657 433.6771
0.01999989 423.347
0.01704481 441.5673
0.02383031 471.4871
0.02104159 519.3501
0.03254797 528.2648
0.0116801 531.4164
0.02004093 534.5873
0.01208901 498.621
0.01094434 531.4471
0.01736994 566.7406
0.02661106 554.6501
0.02796599 609.4044
0.0359507 653.6367
0.03938531 605.1656
0.03233395 536.2674
0.0208259 486.6036
0.01200662 542.066
0.01921763 597.5966
0.01309054 555.7922
0.02455754 514.5036
0.03556075 550.9786
0.02594054 545.1723
0.01468547 549.6364
0.0050317 477.7183
0.007805191 540.1574
0.01480168 436.436
0.01293062 427.07
0.01883093 394.7671
0.01869802 395.2223
0.01681094 399.1897
0.02490678 455.5858
0.0270337 522.3415
0.02468517 535.4519
0.02544033 511.5129
0.02462446 393.7823
0.02915596 346.7321
0.01550872 346.8941
0.03198405 358.7003
0.03040366 343.4639
0.0273731 345.0736
0.0330817 308.6175
0.02440944 268.125
0.01636343 267.8447
0.008840154 289.1326
0.02372302 307.9699
0.0396919 254.9684
0.04697522 259.888
0.05585371 290.4379
0.03517644 238.8072
0.0287564 249.6162
0.0209109 234.6109
0.01606862 216.9189
0.01392399 215.5133
0.02215636 194.4456
0.02711217 193.0879
0.006783986 201.4944
0.01018555 187.0994
0.02148543 202.0736
0.03345303 208.673
0.03218226 227.2058
0.04203137 245.8033
0.0378432 224.4866
0.03158916 184.333
0.03222916 161.8514
0.02549796 130.9285
0.03450879 110.681
0.04244842 115.0836
0.04845925 99.22229
0.07799577 93.51963
0.06877588 105.2727
0.06757035 112.1699
0.08050894 109.3236
0.08976127 102.161
0.09662191 94.0123
0.07038778 97.5576
0.04250163 110.6591
0.02145879 110.6096
0.03847133 130.8628
0.0395855 142.9197
0.03515078 136.668
0.05039155 137.2341
0.04408018 114.1004
0.05972504 128.8672
0.06886173 137.4706
0.09413497 126.5463
0.03781286 107.1545
0.04962701 113.0182
0.04553747 94.28011
0.03667459 84.85578
0.03168724 83.99514
0.02470455 102.7612
0.03732173 103.4279
0.02096215 113.5086
0.01777084 133.9502
0.033536 157.2661
0.02869433 139.9231
0.01070948 139.0206
0.007278878 138.8762
0.01420215 121.3175
0.03360042 146.4677
0.04639927 148.9251
0.04820456 150.1291
0.06613083 136.2665
0.05637113 150.3356
0.06987262 150.4727
0.1015696 151.2865
0.07261333 148.7021
0.06070449 157.2241
0.06124304 131.7551
0.09819937 161.0306
0.06716114 211.2875
0.04606649 213.3295
0.06733551 191.3274
0.05909312 191.4085
0.04752003 191.4415
0.04659375 184.3533
0.03392716 164.4927
0.0306447 159.4813
0.0273256 167.2406
0.03998594 170.0059
0.03224151 163.3785
0.06104175 170.771
0.07989495 181.3283
0.06803703 174.5684
0.08926718 176.6786
0.06831688 219.1494
0.08782931 223.0577
0.0651483 227.7917
0.09370075 218.0839
0.07809389 221.2975
0.05006689 267.4828
0.09031975 257.6667
0.1030815 217.7363
0.09150356 217.3737
0.08472586 219.3356
0.04899002 207.8233
0.03361993 215.9229
0.04575235 219.4765
0.0568846 209.9393
0.05236965 194.4136
0.05629757 173.8232
0.06213062 183.5668
0.07303483 176.2808
0.08821233 172.5874
0.08290795 176.9574
0.06833557 209.693
0.06038284 203.9308
0.03670921 217.2554
0.03524028 256.1125
0.0249852 291.7681
0.0547166 227.4672
0.06459931 283.8833
0.06822083 236.9025
0.06070308 257.4734
0.06691771 322.9405
0.0645021 322.4465
0.03634231 386.1592
0.01911151 437.6173
0.01702686 355.5618
0.03013469 313.1588
0.02146775 320.9058
0.01350072 413.3983
0.02231261 424.4123
0.02501473 423.2291
0.02293549 541.8334
0.03178366 590.1004
0.02807922 621.4838
0.02480532 681.5266
0.02935534 628.5355
0.005592881 750.9854
0.01773134 852.8685
0.009399978 890.3229
0.02507789 828.6329
0.03249135 807.677
0.02795356 673.7814
0.03556643 609.4322
0.03801003 671.057
0.0433795 599.3072
0.02244138 540.3959
0.04450208 477.9941
0.05352452 466.3908
0.04642976 454.6395
0.02273086 407.3092
0.01815569 375.3961
0.01788351 351.3861
0.02091139 339.199
0.02262391 393.6759
0.02414725 412.3882
0.04945991 430.8832
0.03216688 474.0155
0.02151707 452.6535
0.01638032 415.2428
0.03118439 460.6955
0.03231564 459.4953
0.02333349 551.1629
0.02778444 510.8484
0.02488248 525.6063
0.01642741 474.4175
0.04481241 425.8756
0.03531543 503.1667
0.03045302 539.7415
0.03651448 602.6431
0.03788382 467.9388
0.01930632 493.8911
0.01980468 683.8826
0.01236768 771.373
0.01433516 892.1431
0.01097369 839.9464
0.007084735 951.4346
0.02511246 984.774
0.01801338 929.4192
0.03009888 894.5483
0.0326086 838.5249
0.005461793 921.8639
0.002395306 974.5848
0.005409807 819.5289
0.009876307 883.9117
0.01261022 918.7052
0.01365458 705.6695
0.01966458 790.6571
0.03558418 758.7374
0.04269597 537.893
0.02825164 509.5812
0.02468399 505.0973
0.0188411 460.8609
0.04028385 422.8569
0.03274797 438.0619
0.0191987 436.4406
0.02361563 442.4507
0.02950692 380.5165
0.04228316 356.8773
0.05982738 380.6109
0.04619117 387.4122
0.06470838 358.8127
0.05799374 328.1676
0.05596929 378.5498
0.04147566 346.6591
0.03620884 392.4151
0.02259826 410.4797
0.0345445 385.2748
0.03444759 321.7657
0.01826214 267.3794
0.02117733 254.312
0.009374828 250.8479
0.004260098 228.5052
0.02059258 250.5255
0.03261999 228.0975
0.02805192 205.5213
0.05708469 237.5198
0.03187882 236.8057
0.03965147 214.882
0.02484368 207.604
0.02588716 205.4901
0.04435095 186.9663
0.04876763 198.9753
0.07032772 203.3257
0.07192793 181.8451
0.06334475 217.278
0.05800232 272.333
0.05500537 276.0923
0.04472907 230.4569
0.03287488 246.7669
0.0373375 231.5353
0.04661181 233.9461
0.02532742 240.0386
0.05306186 247.6773
0.04362624 241.6872
0.03818578 260.6748
0.02706686 264.7355
0.03238559 272.6242
0.04581679 259.8812
0.04279236 288.8071
0.07124637 297.9527
0.04342858 250.7211
0.05342847 316.8119
0.04930966 305.2649
0.04357732 304.7598
0.04635986 283.7666
0.06726194 255.399
0.08234592 251.6564
0.07326162 264.0451
0.07615681 225.6412
0.1056969 206.103
0.09052606 207.6871
0.08556794 216.4911
0.06883646 180.0191
0.06135542 183.248
0.03611146 174.7973
0.04103579 170.6055
0.05916049 186.9635
0.07220669 173.0688
0.05066399 161.7155
0.06015428 164.684
0.06479476 172.856
0.06640028 186.8818
0.03862905 186.0049
0.04986532 193.719
0.05659766 185.9703
0.0693134 244.1328
0.05585924 254.8668
0.05310401 255.3399
0.09437889 232.0458
0.04911112 220.5655
0.07055005 274.3441
0.07545542 249.4947
0.0381885 223.8294
0.03807313 203.9851
0.03998501 188.9688
0.04044551 164.2414
0.03652583 164.8269
0.04923171 157.6203
0.02591836 160.5577
0.0562238 141.4697
0.05921887 165.3004
0.06022505 199.1001
0.07905189 185.3703
0.05365802 168.2611
0.06891443 165.3808
0.08864399 184.3712
0.0698513 213.9888
0.0466815 230.34
0.04001834 256.7
0.04692807 330.311
0.0615078 310.5916
0.05465637 296.3357
0.04118186 328.7676
0.04068941 355.963
0.0264004 295.3212
0.01515066 323.4484
0.009238963 313.6007
0.006778795 376.1258
0.01426359 395.4533
0.02342742 373.8951
0.02090899 340.5775
0.02772972 296.3329
0.02072694 317.2125
0.02447719 304.8124
0.02347463 289.529
0.02434559 299.6825
0.02196562 288.7146
0.02340607 323.8978
0.02825935 259.235
0.02624194 275.4157
0.01897295 236.6997
0.02310646 241.9145
0.0369919 242.425
0.02526861 263.5288
0.01019928 230.5742
0.01941576 271.2555
0.03769283 290.132
0.03308437 261.6674
0.03690795 303.2339
0.02958248 307.5407
0.03685407 308.2627
0.06318826 274.3733
0.04490014 290.8265
0.05255474 329.4763
0.04777513 370.1284
0.03561505 335.1512
0.03864148 373.8911
0.0535268 392.7752
0.05605949 397.9606
0.03531779 351.6844
0.04244977 345.7332
0.04192004 305.9938
0.03696643 276.3046
0.04429536 317.278
0.02867938 304.6891
0.03507451 291.2409
0.04731531 256.1288
0.02224843 306.2607
0.02988898 310.9838
0.040511 310.1644
0.04354001 300.441
0.02588451 320.1932
0.02056809 347.2011
0.008219423 326.0895
0.004959165 372.8988
0.009143852 320.8352
0.01753029 318.0942
0.02232973 329.2244
0.03435732 348.5174
0.0228516 325.2894
0.02895568 325.5273
0.0255401 324.2685
0.02714334 315.5333
0.03061773 302.864
0.04929738 336.2963
0.03360459 311.2939
0.0262259 292.4457
0.02374825 315.5391
0.03635351 269.3166
0.02928009 255.0627
0.0366525 276.0766
0.05930597 224.0111
0.05666729 213.7577
0.05569033 220.0757
0.04510389 188.3161
0.04355489 196.632
0.05721583 168.9437
0.08570831 161.6411
0.1125876 147.0341
0.1022351 141.0843
0.08287891 158.0363
0.0921752 163.902
0.07457828 153.7096
0.05879142 153.2138
0.04548649 153.5708
0.06775143 157.5529
0.03623974 187.6208
0.03326756 184.9267
0.03684434 234.1531
0.04800598 230.6786
0.04186292 216.4633
0.03625451 229.8264
0.02906253 248.6783
0.0437368 273.1113
0.03116925 274.9194
0.01420245 253.1461
0.01375515 200.4256
0.02277374 206.5492
0.04023655 175.4988
0.0534916 168.9709
0.07741507 175.4139
0.1024763 175.2842
0.07322931 186.7745
0.05447714 192.0119
0.09544692 197.9949
0.08256319 173.9337
0.05431865 184.4835
0.051683 163.7924
0.03210704 141.7914
0.05313362 170.7834
0.04450848 168.4845
0.06034559 166.2394
0.03752189 175.3637
0.03796686 195.9048
0.04526444 194.2262
0.06659443 204.001
0.0519063 182.374
0.0645813 220.3758
0.04326318 239.6914
0.02978481 269.8508
0.0362718 251.5747
0.04317279 252.7522
0.04301649 215.8039
0.03799567 192.5551
0.03440119 213.0683
0.02232463 217.537
0.0422325 251.8902
0.02574292 256.197
0.01735131 251.4768
0.0411803 282.4601
0.02967419 244.7144
0.02168808 243.152
0.03286351 219.3549
0.04166447 248.173
0.03846698 266.2486
0.03590875 247.6146
0.03561136 229.4615
0.05455359 238.1926
0.03944342 223.3854
0.05470493 238.3949
0.02950138 241.6688
0.01182457 261.0197
0.004767219 270.977
0.01313017 251.3915
0.01372298 292.3442
0.02546938 297.6754
0.01494366 306.9794
0.01422225 290.7847
0.01352586 331.4881
0.03005173 357.1264
0.01910903 371.0172
0.02304078 396.43
0.01522732 416.4999
0.01667395 358.6203
0.01267168 335.8715
0.009781109 397.2929
0.0181637 438.1406
0.01716109 423.7672
0.01112589 411.7174
0.02124812 408.4995
0.01927507 376.7305
0.01390368 377.9473
0.00709066 266.7235
0.01853341 253.3855
0.01766615 230.4431
0.01060826 248.5276
0.006382879 286.4106
0.009320283 289.8212
0.01663058 256.3146
0.0241298 269.4192
0.02422627 305.7104
0.0272695 246.6414
0.03433069 222.0271
0.02323182 312.8495
0.02702408 297.2061
0.01867766 315.1872
0.03051932 338.1513
0.03783709 319.8439
0.02357472 384.875
0.04539232 424.2539
0.03962237 388.518
0.04126361 350.0322
0.04036665 309.6629
0.02802253 276.566
0.0220206 291.6263
0.01780723 313.2294
0.02723154 313.9967
0.02674123 381.3492
0.03566706 384.3759
0.03880371 430.6024
0.07968455 330.1189
0.0754367 301.9593
0.072794 236.2949
0.07715895 254.9203
0.06982998 243.079
0.07123903 281.4436
0.05043898 261.132
0.04266869 246.7189
0.05305889 230.8939
0.0531372 204.7978
0.06526987 225.7679
0.07859173 209.4915
0.0536247 174.5407
0.06432209 196.0776
0.03984145 240.3486
0.0407021 193.3545
0.02575818 167.5717
0.03864766 173.4413
0.04289744 164.5472
0.03390846 200.1264
0.04269959 220.5716
0.03272401 207.3557
0.05459295 213.1982
0.05267002 182.0985
0.03911435 150.0974
0.03583847 140.0575
0.05538129 134.9336
0.03929226 156.7142
0.04457523 180.8111
0.0349208 225.425
0.05029649 215.4031
0.07240358 257.9198
0.06919065 171.6859
0.07961766 177.4104
0.05865376 182.9577
0.05501614 155.7245
0.05645638 172.1637
0.05916521 185.7055
0.0828434 194.6126
0.07009765 178.3478
0.06435563 201.181
0.05464088 194.4421
0.06308531 189.575
0.05341704 206.5262
0.03135099 234.1435
0.04936111 265.7428
0.0656679 228.6055
0.07500692 186.1094
0.0586315 174.635
0.06875183 158.4197
0.08488331 169.4069
0.0787738 158.141
0.04548138 159.2501
0.04792542 172.5085
0.04606986 161.1574
0.05481275 187.2427
0.03701968 203.9354
0.04746624 209.5299
0.03435024 262.214
0.03500387 255.3
0.0418227 228.212
0.04842578 198.2685
0.02201113 220.4918
0.05625124 246.213
0.02870246 212.7199
0.02519676 163.6798
0.03709026 177.5623
0.0342022 131.7238
0.03173166 131.1023
0.03528012 127.164
0.02983551 168.1771
0.05023909 165.2144
0.05541878 161.2816
0.09182935 154.2603
0.04751183 134.7778
0.05550089 123.7369
0.06202955 130.0356
0.06818634 151.6792
0.06353016 172.4039
0.02607901 152.34
0.0428497 142.673
0.06675684 154.4688
0.07130924 156.1387
0.08339106 164.9974
0.0378163 147.2372
0.04280543 132.1119
0.03746741 128.0902
0.05580292 135.9903
0.06733988 142.6725
0.06830585 168.2915
0.05553993 166.4124
0.06587959 172.7503
0.09847027 163.7078
0.1095517 149.032
0.07885689 147.239
0.09497934 169.8851
0.07442096 192.9676
0.05413303 191.1889
0.03899348 212.6531
0.02238537 195.2224
0.01738761 215.8155
0.01950174 185.5948
0.02970812 201.3183
0.03570716 199.0077
0.0461494 180.4798
0.03798752 180.1852
0.04148427 175.2203
0.0386625 181.3258
0.03497641 188.2156
0.06769061 173.2465
0.05006993 202.0001
0.07184915 181.1273
0.04396316 165.3273
0.03957177 174.1306
0.03623251 178.0152
0.04428154 169.2955
0.04734518 157.0553
0.03094862 145.1369
0.0137081 124.4629
0.0153079 127.4632
0.01814662 132.819
0.03893879 153.2352
0.05290482 155.8268
0.04766191 160.1337
0.06342104 160.4746
0.05985129 181.8953
0.03837959 195.1308
0.04663503 236.3332
0.0334793 273.0323
0.02560464 288.1289
0.0311942 250.8446
0.0389065 212.744
0.02759811 202.3962
0.03351504 218.0883
0.04025387 222.4417
0.03481256 232.0008
0.02733933 222.1189
0.03446281 229.3755
0.03731208 217.9368
0.03685509 232.1333
0.03065699 227.8883
0.04227706 237.6581
0.04736637 234.0485
0.05236671 212.2936
0.04188025 205.6702
0.02561067 206.6415
0.0197116 205.4106
0.01606675 251.0237
0.009975706 189.8594
0.01869342 200.0253
0.01184872 187.7072
0.01508125 194.3535
0.02246836 195.3666
0.03758886 184.7816
0.04758175 142.0987
0.03494194 144.9631
0.04277256 126.5937
0.0429371 159.3858
0.04551267 181.6096
0.06179459 168.4153
0.05037467 136.5889
0.05983685 127.0636
0.0561675 131.1046
0.05705781 147.0935
0.04839766 161.7128
0.03920058 156.8961
0.06890224 169.2784
0.06001918 151.5512
0.06223666 138.1288
0.08588393 135.3595
0.06771444 124.4835
0.09221432 132.3285
0.1201418 122.5803
0.1322366 126.2869
0.1347174 118.6301
0.1434637 106.8924
0.08927034 107.9363
0.07636017 109.6012
0.08999706 110.7404
0.09114346 100.9951
0.09283757 122.5587
0.1091311 92.08456
0.0963135 86.76164
0.06928378 88.99064
0.06017639 109.3898
0.05698935 103.4144
0.1052761 79.24517
0.1151383 80.14102
0.104476 87.60637
0.09891011 83.14292
0.0759415 104.9022
0.08728314 110.2287
0.1112107 127.4662
0.07640875 125.9766
0.09603542 144.0704
0.08203458 133.6992
0.06276874 135.0397
0.04171633 149.9726
0.04726366 137.8065
0.05547646 140.7222
0.07482988 147.4118
0.07909635 142.2453
0.08467913 132.8914
0.09989864 120.1309
0.0607108 105.0528
0.05762218 130.1758
0.05881079 129.5398
0.0618369 108.2692
0.09696809 115.7295
0.09906139 121.6328
0.1068616 126.7437
0.1373167 124.6079
0.1318912 106.4949
0.09720689 98.06312
0.06766067 107.3447
0.07865661 133.0738
0.07311443 150.8119
0.04596856 131.3707
0.04447207 139.6304
0.0498424 133.8526
0.03522247 132.4158
0.05322492 166.758
0.03999282 183.8174
0.05199783 173.0454
0.06459898 157.9994
0.1027878 150.0367
0.08062046 140.6934
0.08396534 119.366
0.05435896 140.2078
0.06105673 130.0697
0.04234718 136.5684
0.04344954 140.6329
0.03593031 139.6786
0.03665751 104.7385
0.02939781 108.7464
0.03567316 108.8589
0.02258624 104.5931
0.03795491 141.2368
0.04815472 128.495
0.01695005 114.589
0.007922494 112.0215
0.001905984 115.4246
0.008178916 117.1596
0.00868724 139.5283
0.01027381 132.2206
0.01456507 109.9202
0.01083064 129.0585
0.01842163 136.4737
0.02292048 133.8783
0.01576075 134.48
0.02167834 129.8888
0.02931179 141.7419
0.02478108 140.8596
0.03629457 136.3483
0.02021568 144.1221
0.01803585 159.6146
0.02117003 179.0318
0.02190117 189.7757
0.02505376 215.4782
0.03270557 198.7065
0.0360163 195.1495
0.05316884 196.8322
0.0385435 222.5337
0.0596967 234.1062
0.05007766 224.5712
0.04777905 236.1056
0.02092833 218.3859
0.02168306 245.345
0.03471118 210.9156
0.0681684 247.4143
0.07399543 262.3378
0.07930978 229.2154
0.08483207 218.3289
0.04188584 204.5308
0.03730383 215.6509
0.04312989 210.1872
0.03088129 258.0597
0.0255633 270.5327
0.0156894 225.1152
0.01084081 239.9854
0.0213041 255.8263
0.03813327 236.8892
0.03209798 225.4158
0.04324876 230.8656
0.03048153 257.4831
0.05106172 250.3098
0.04963664 262.995
0.041446 212.8682
0.03998333 230.0166
0.05751846 255.4608
0.05178919 214.2834
0.04658956 208.0702
0.06720199 219.0569
0.08047963 226.9029
0.0975497 195.9289
0.07352576 183.6338
0.03352961 152.6141
0.0456106 185.1628
0.04256248 209.2704
0.06588475 216.0848
0.06352656 200.6515
0.04742151 200.3116
0.04606448 262.6959
0.02804407 233.809
0.02542501 206.9014
0.02535867 188.0348
0.0158447 213.5412
0.02595903 252.1155
0.04140828 251.9394
0.03074621 306.953
0.007820607 284.5298
0.0163108 250.5996
0.00395911 251.3004
0.0002696779 255.1107
0.004176475 210.8344
0.008011444 219.3277
0.008377646 252.7649
0.01958346 267.445
0.02562192 204.2883
0.05209784 226.739
0.06907902 211.4761
0.05311103 223.0522
0.03803957 243.6142
0.02594482 297.4081
0.02310778 310.1861
0.01245744 261.5212
0.02587198 241.6672
0.02366884 286.8307
0.04311195 261.3857
0.03996322 274.2371
0.04116325 267.6073
0.02163044 276.9591
0.02680916 255.2477
0.02905855 236.6735
0.02570631 295.8247
0.02606333 362.2346
0.03232286 333.7438
0.02605404 342.6197
0.04019011 388.2815
0.03786727 449.1114
0.03037102 425.612
0.02166764 475.0895
0.03664967 438.298
0.03214845 438.8872
0.02829922 371.7683
0.01534825 417.2611
0.02271324 438.5795
0.02380499 482.8889
0.01085624 494.1628
0.02426588 506.2875
0.02949367 479.285
0.009014702 483.2618
0.02806724 476.2638
0.01006982 373.3791
0.01331082 383.9731
0.02663539 400.3668
0.03834926 409.095
0.03000182 458.9426
0.01793215 393.5889
0.0312645 416.028
0.02313 436.1143
0.0287695 440.3736
0.02433634 416.5257
0.01441193 438.3698
0.02699925 400.0341
0.02141606 457.4344
0.01729301 455.1839
0.01140096 564.1512
0.02462938 550.7708
0.01469487 495.6852
0.02020714 539.3949
0.02868941 527.2337
0.03330891 432.6386
0.0358676 530.0874
0.04259415 497.7727
0.0573998 430.1958
0.07059839 334.3689
0.05359729 352.5272
0.05056102 346.7459
0.059725 322.2527
0.07817645 277.5126
0.0875688 255.8016
0.05013156 228.0406
0.0423648 225.6785
0.05248581 248.6609
0.04356893 280.7545
0.04056979 262.3189
0.04446765 270.0584
0.04481676 277.6172
0.05347988 305.3811
0.07796382 285.3527
0.08763755 241.8944
0.05351588 290.7899
0.02742959 299.3941
0.03344686 267.079
0.03336311 296.5175
0.0480366 340.4729
0.04495289 383.9241
0.03481198 370.1879
0.03353675 314.0622
0.03529691 335.9325
0.05691954 346.8568
0.0353618 321.6471
0.03945874 282.3949
0.05312479 278.1835
0.03942956 292.3536
0.05093435 281.0105
0.04331813 287.964
0.06413885 284.5021
0.07705172 259.7602
0.08037392 234.1037
0.05468838 221.8348
0.06504588 199.0043
0.04860565 181.6636
0.05800597 209.7067
0.05389946 232.0044
0.03915857 242.3467
0.03103299 241.7997
0.01548186 277.6087
0.03269003 275.8211
0.04443152 304.1127
0.0519145 367.7487
0.0546594 451.1543
0.04323947 431.0147
0.04390354 401.3855
0.03522892 364.7677
0.05032857 291.656
0.03784318 280.8988
0.03791184 230.0232
0.04595658 218.6841
0.04560436 207.865
0.05283994 235.1374
0.06609165 245.0589
0.05168393 198.5775
0.05015883 191.4752
0.07111938 200.4227
0.08884965 266.2945
0.09482191 244.2138
0.08171982 259.1673
0.07214424 301.8873
0.06726497 250.6568
0.09160876 211.2162
0.07944877 272.2901
0.08335964 294.3211
0.09734437 258.5565
0.1042017 288.7136
0.08361794 266.6804
0.08095112 306.1894
0.09116247 363.4226
0.06615742 291.26
0.04057889 296.1801
0.03119385 255.4654
0.01190793 274.3115
0.01267692 252.2187
0.01340204 279.9157
0.03924195 255.7267
0.05516213 203.9967
0.05002576 236.9481
0.03929831 201.4106
0.02582529 181.6977
0.03098707 181.5005
0.04685572 197.2081
0.05017426 209.4049
0.06088719 244.5909
0.03676432 258.4688
0.0363487 260.7646
0.03548004 289.3866
0.05751332 259.8236
0.04463067 276.3934
0.03693043 271.8424
0.03381257 289.1754
0.04366154 229.1806
0.03106661 252.0247
0.04795664 259.0068
0.03217504 240.4166
0.04155119 216.0365
0.06051755 218.1005
0.09072706 189.9615
0.08680785 169.6698
0.09137483 142.4512
0.09774112 150.8982
0.0776173 156.4976
0.08884278 162.2469
0.1230486 148.7652
0.1106647 149.0276
0.07750126 151.7285
0.04255097 133.3405
0.07024548 121.8519
0.104719 119.5334
0.06468903 118.8504
0.08061353 146.9022
0.08713765 126.2055
0.1209689 118.7394
0.1273771 129.4755
0.1318404 155.6492
0.109409 185.6652
0.05694657 217.6417
0.03042019 215.8674
0.05114231 209.7562
0.05222177 261.7058
0.04540164 259.0347
0.03416235 243.8464
0.04302957 212.8281
0.04859216 220.4634
0.0405478 219.0094
0.03637777 195.8066
0.04531107 151.4043
0.0357439 160.8216
0.0458454 151.475
0.06528502 160.5886
0.08231074 162.2142
0.0715526 154.4202
0.05931455 134.0438
0.05891023 147.883
0.07462044 166.395
0.07663676 188.6305
0.0316662 191.3401
0.03295484 174.9648
0.05718556 196.6977
0.04998756 203.0163
0.06574597 166.4861
0.0770813 176.1848
0.05075648 189.6755
0.07396783 182.8115
0.05489073 168.18
0.05756317 143.9216
0.05331445 149.3491
0.05677178 170.8355
0.04523566 195.3321
0.03520388 190.3316
0.0429494 225.6962
0.05413731 201.1035
0.05642566 228.927
0.06852635 159.9442
0.06814088 157.891
0.04648831 166.0159
0.04814171 141.04
0.06196999 127.5185
0.0499588 126.9885
0.0451354 107.6345
0.02453405 115.7492
0.0410385 108.4042
0.05111215 101.6625
0.03539643 117.6192
0.02895115 120.0759
0.01552327 126.8983
0.03474039 123.6119
0.0245283 133.5972
0.03560666 147.8063
0.04814963 143.2423
0.0557732 127.7748
0.04617815 111.3891
0.05167916 115.2287
0.0328585 120.8437
0.0196279 118.0843
0.02047163 100.8527
0.02999396 109.43
0.05760767 104.3452
0.07294392 102.3845
0.07659191 101.1649
0.1052633 109.6874
0.1442028 102.4265
0.1377191 98.05927
0.09492713 96.45719
0.09774757 100.8287
0.1101143 109.0344
0.1131973 98.19342
0.117532 97.79654
0.1052159 82.84507
0.07822701 82.73098
0.07504322 96.99973
0.07148662 118.7777
0.07016419 134.9636
0.08412813 161.05
0.08771276 144.5707
0.09972877 148.8233
0.09277651 141.4841
0.08074819 150.8508
0.1076989 183.044
0.06710165 213.4143
0.05366754 211.5505
0.06272491 188.2662
0.03696475 175.339
0.03067977 166.4116
0.04259915 166.9805
0.04196876 168.7398
0.0317581 174.9435
0.03155278 165.9427
0.02928186 163.9081
0.02748314 149.3813
0.08163404 160.3865
0.03476046 141.6411
0.04076901 124.6724
0.06420438 116.2335
0.07401151 125.1613
0.07505729 128.9601
0.07344278 126.083
0.04526437 145.7266
0.05336166 158.5058
0.04448065 153.3284
0.04291238 155.7757
0.04018008 160.7953
0.06253492 153.6179
0.06195551 135.0919
0.05278854 167.0668
0.04040047 167.428
0.01796215 139.4499
0.01670246 141.4947
0.02462965 134.8715
0.04052847 128.9808
0.05841978 111.3989
0.06119209 108.8014
0.05423379 91.41474
0.0569195 88.4788
0.07035683 91.87747
0.07194131 91.45594
0.06166227 87.53501
0.06539383 77.34351
0.05665796 81.20678
0.06742353 93.44773
0.08074438 88.51404
0.07811445 96.53986
0.07285842 97.01638
0.09628963 119.4693
0.09105486 116.3958
0.09725716 120.9985
0.0972511 141.5546
0.08382805 141.5256
0.09192207 166.2034
0.1443682 165.8638
0.127042 159.0986
0.1108934 150.4154
0.122601 125.353
0.1389275 110.4192
0.1117419 118.3285
0.09530951 123.3823
0.1005764 117.3465
0.1173997 134.2323
0.129494 114.7956
0.1616457 118.9095
0.1508096 98.47975
0.1820807 97.93841
0.1968389 102.8533
0.193497 138.7986
0.1640677 125.6404
0.1745374 110.8864
0.146432 114.704
0.1337899 103.6371
0.138012 115.4797
0.1061847 107.1297
0.1027595 96.25071
0.08909625 99.54545
0.09349159 97.12193
0.09500537 87.15238
0.1078899 82.04672
0.1177516 117.7607
0.109581 138.884
0.08278043 196.5995
0.04152469 213.2128
0.04967867 244.2761
0.063694 306.8525
0.07034902 266.0859
0.036935 233.6834
0.04000064 241.0605
0.04759433 211.5073
0.03600091 211.1369
0.04471951 195.1257
0.04688662 217.4683
0.02943812 196.8698
0.04350827 204.9293
0.05525432 188.4675
0.0821556 190.5634
0.07395272 216.3683
0.04899365 203.0355
0.03928831 185.4119
0.04116263 228.9041
0.03901737 202.4561
0.03720107 194.9764
0.05439611 174.3964
0.04614178 166.6232
0.03369762 181.2814
0.0654977 187.3378
0.05038096 205.0473
0.0291175 191.1701
0.04929483 168.9968
0.04848822 148.1181
0.06371748 144.3685
0.07796483 127.3967
0.07577328 139.3777
0.08695085 159.2179
0.07398474 154.7743
0.03932743 142.1509
0.03198845 131.023
0.0257914 112.9067
0.01872497 126.0048
0.01823508 113.3341
0.05089121 121.3752
0.06684576 136.3941
0.08117106 137.4213
0.05746419 133.5292
0.06294135 119.2481
0.04013847 115.3862
0.04744476 114.4537
0.02272621 137.8134
0.03820111 129.0291
0.04928706 153.8231
0.04439702 133.4873
0.05596177 138.3223
0.05073285 147.6696
0.06409415 143.4532
0.08900863 137.1657
0.09804034 134.1916
0.07851653 147.7055
0.05681421 163.7953
0.04449022 168.9094
0.06390157 143.6181
0.05227499 157.1177
0.03547266 165.1071
0.04036755 132.786
0.03463269 138.0103
0.05352478 126.3862
0.04809311 150.1005
0.04644017 149.4162
0.06159855 159.5635
0.0432229 149.1536
0.03475083 168.9094
0.05683043 163.538
0.04383795 163.0107
0.07768499 146.2442
0.06390802 149.9317
0.06591065 137.0664
0.09049072 130.0158
0.1057461 110.0088
0.107953 126.3915
0.1041882 117.7481
0.07096437 122.8819
0.07883178 105.8448
0.05234993 132.5684
0.06618526 126.0726
0.06404867 119.334
0.05680872 120.4883
0.05908997 117.2198
0.05021378 130.9684
0.03654919 120.077
0.0338638 106.1925
0.04495214 102.0125
0.07258612 106.6603
0.09904947 123.0686
0.09484943 153.2851
0.09116583 209.305
0.08328357 258.5676
0.06712551 224.2263
0.05613238 247.547
0.04354655 273.6418
0.03145008 276.1247
0.0443997 312.9414
0.04873557 258.9035
0.04886774 230.824
0.04338934 253.7769
0.05623969 213.411
0.02119523 225.0247
0.01381933 191.1765
0.02598912 199.5467
0.05824989 224.5657
0.08711549 213.2925
0.07364978 227.6425
0.09270587 208.8068
0.08778537 227.6317
0.07193242 206.3032
0.05770723 226.6724
0.05542199 236.6084
0.05947839 261.2744
0.06744247 220.2193
0.07287139 182.4459
0.06578735 165.9729
0.07920646 160.9784
0.0500235 173.5926
0.03250951 179.3576
0.03560633 158.5597
0.03296259 162.9154
0.0150647 161.5233
0.01325626 183.796
0.03804237 162.4014
0.05223482 178.1723
0.06830206 160.5748
0.07978868 141.9782
0.08833208 112.869
0.07755233 98.54293
0.09302057 110.1679
0.1042925 107.7493
0.1058642 103.7732
0.1214543 94.49577
0.08940292 94.35743
0.0725431 91.89859
0.07891063 80.22551
0.06998387 75.06841
0.07181904 73.17054
0.07918661 83.0151
0.05403525 107.4119
0.06404456 109.687
0.0666855 111.4565
0.1049089 124.0455
0.07251656 142.2714
0.0746541 121.2639
0.05483636 120.2953
0.0700947 148.618
0.06605395 186.0316
0.07629451 168.6185
0.0672114 191.4607
0.09532025 179.0525
0.0613683 157.7709
0.08853032 176.1674
0.08259147 175.0883
0.06755896 166.6244
0.05431746 192.4449
0.06280496 180.355
0.05314339 186.9049
0.0340843 200.343
0.01689257 232.7932
0.0184232 207.0742
0.02320671 192.7293
0.02861861 205.6571
0.03117746 191.9966
0.0413201 164.7528
0.0559805 152.662
0.05893974 173.2863
0.04055021 170.8662
0.03233821 182.856
0.02817694 210.1048
0.03365724 240.7982
0.03223558 248.879
0.03084695 256.237
0.03125734 287.5792
0.02326261 289.3928
0.02213527 324.8922
0.01533347 339.7121
0.02201104 378.4509
0.01882685 422.4253
0.01840523 425.8516
0.01872111 429.1093
0.025839 529.4459
0.03599766 437.7283
0.03115689 444.9783
0.02687275 418.0517
0.02438093 398.3691
0.01966689 393.4483
0.03364594 378.4781
0.03167292 371.9451
0.0481025 400.9582
0.04628483 336.6482
0.03294567 354.1007
0.0271135 367.4754
0.04516022 362.8866
0.0615026 364.8174
0.03744452 361.243
0.0289869 386.2281
0.02636008 475.4965
0.0260322 548.5711
0.01357134 461.6215
0.0283671 463.8586
0.01308368 456.7534
0.0231083 522.6564
0.016581 568.9571
0.0221333 699.4911
0.01769856 692.4587
0.01241455 573.5648
0.007809109 518.1597
0.01178803 580.0505
0.01844918 582.9082
0.01295108 585.5744
0.01372608 677.3759
0.02642475 678.1148
0.01819251 801.4156
0.01607074 798.4358
0.03604304 806.7491
0.01747829 1089.451
0.005388146 1216.325
0.006365077 1225.192
0.0253104 1146.777
0.01276299 799.8315
0.02118999 752.5366
0.02273116 792.851
0.0323318 732.849
0.04095259 656.2216
0.03717449 607.252
0.02087259 590.634
0.03657824 665.7037
0.02617978 720.6841
0.01546551 743.3197
0.02414181 771.779
0.01117073 725.9956
0.02201789 697.5371
0.02304445 802.7406
0.01620478 786.7197
0.0280612 813.9121
0.01449803 784.652
0.01429414 770.3482
0.02208237 655.9149
0.04489894 590.4075
0.02780554 546.9849
0.02977547 532.0935
0.02755968 456.9629
0.02270827 434.47
0.04323116 449.3381
0.02453578 519.62
0.04590181 510.3832
0.02302064 468.2362
0.02474072 494.9332
0.03518136 451.4025
0.03555174 526.1343
0.01789058 612.3332
0.01565277 509.9319
0.01649209 541.181
0.02583105 480.1508
0.03056503 475.1347
0.03948493 515.7123
0.04089702 520.1077
0.02944648 558.4954
0.02477384 518.5841
0.01150147 577.5461
0.01346197 662.1752
0.008534504 585.8919
0.005663539 641.2521
0.00883618 713.5499
0.007376132 616.2088
0.04103813 582.5903
0.02733574 544.8814
0.02326088 543.2735
0.02241195 500.8971
0.01775273 501.032
0.01020925 522.5803
0.01060431 568.3736
0.004270392 535.752
0.01100915 590.4646
0.02160046 682.2571
0.01850629 718.4339
0.008320378 658.5507
0.01281167 757.1629
0.008818585 767.3534
0.006766448 713.9078
0.0111393 664.9309
0.01570794 759.9425
0.008978187 725.8369
0.01630952 737.2965
0.01593674 645.585
0.01623773 577.7176
0.01491238 689.0198
0.01901335 683.1683
0.007248315 707.249
0.01781122 722.6648
0.02333101 640.3112
0.01628109 668.636
0.01986028 711.4785
0.01563442 711.3886
0.02013274 553.9245
0.009856752 636.3497
0.01204488 662.3342
0.01013645 604.3621
0.02241766 517.225
0.01577334 597.7774
0.01236945 557.2011
0.01541635 581.9752
0.02039778 640.7823
0.0334223 649.0025
0.01647896 772.7639
0.0183951 817.4553
0.02174729 993.6907
0.01677279 1166.614
0.005549974 1155.425
0.007527226 1385.005
0.009530998 1432.157
0.01219857 1517.894
0.01046957 1654.361
0.007735294 1152.399
0.01130354 1069.857
0.01149349 938.3008
0.01921401 786.5794
0.007467679 835.9044
0.01201721 1093.965
0.01263954 1285.587
0.013127 1421.689
0.005259369 1438.669
0.007076278 1412.139
0.008266435 1658.432
0.01431646 1989.3
0.01890735 1810.219
0.01239471 1957.823
0.009911797 1729.52
0.01121314 1505.828
0.02378761 1477.946
0.01397176 1403.077
0.0116482 1185.574
0.008832216 1415.482
0.003665767 1429.504
0.005936985 1650.192
0.003151103 1905.183
0.0009002749 1596.131
0.004683522 1322.977
0.004354047 1314.677
0.007792298 1153.879
0.001112483 994.8042
0.008859789 1060.214
0.003627833 1080.177
0.01713053 1148.601
0.005359075 955.0993
0.006860747 1016.298
0.0159041 1054.548
0.01362129 904.3087
0.03035635 924.8385
0.02730617 970.4835
0.01903186 947.6161
0.01440166 1073.992
0.02046172 929.961
0.02810678 755.1141
0.02224692 968.4135
0.03187426 834.0558
0.01878517 732.9298
0.01421707 718.3868
0.01168625 708.8092
0.01302336 556.1102
0.02687554 637.8391
0.03874751 465.438
0.03340396 447.5013
0.02875941 453.4078
0.04211614 417.9012
0.04879555 460.9518
0.02973137 455.7195
0.02637393 401.2532
0.03555393 370.6733
0.04351565 402.1479
0.02754689 436.9062
0.01156193 454.6415
0.02012322 540.5088
0.02559561 566.1959
0.02058069 547.9619
0.01656551 657.6678
0.02283559 553.4828
0.01775047 459.3356
0.02351312 338.5687
0.01311534 329.8088
0.02007825 284.1124
0.01745299 272.5212
0.01461609 271.9382
0.02571153 293.1528
0.02912739 319.3375
0.03792917 256.1986
0.04681971 240.3854
0.04468923 283.4309
0.04066336 288.516
0.04975215 359.814
0.04348269 291.5159
0.04891484 289.8951
0.04833426 292.507
0.03899507 303.5308
0.01927822 295.9152
0.02651578 221.2803
0.03441034 221.1579
0.03778613 199.838
0.02690957 182.2832
0.03576736 160.3178
0.0192433 150.8329
0.02360432 145.8136
0.02006132 160.7014
0.02011629 163.5171
0.01929599 150.6589
0.0166409 155.3759
0.02344032 165.8942
0.02780323 157.8663
0.02647497 130.5215
0.02156159 119.8051
0.008011495 127.9747
0.01049841 140.4723
0.007584403 142.0205
0.01491904 149.7462
0.01887516 154.1988
0.02174415 160.1667
0.01761736 164.4317
0.0378352 168.9139
0.03141587 173.3157
0.0257649 188.0901
0.01237721 190.705
0.01891836 186.8447
0.03237448 175.616
0.04603192 176.2423
0.05924327 179.0338
0.05314785 179.2954
0.04251008 175.8241
0.06252809 178.2677
0.08668829 164.699
0.08400113 192.408
0.07124771 211.7839
0.06561879 179.7528
0.03245361 163.1499
0.02004837 170.2911
0.01631535 177.5585
0.02361647 182.7526
0.03336897 171.9955
0.04721062 186.1733
0.04382993 142.4415
0.05747132 125.2484
0.04666295 111.3946
0.04624238 114.4469
0.05427942 105.8895
0.05904028 105.8344
0.05868404 124.018
0.06144709 99.68284
0.06648796 103.6993
0.06973127 120.3401
0.06274992 123.1218
0.04776951 143.0133
0.04642151 135.5988
0.03109395 115.3272
0.03858435 111.2607
0.02594948 105.2677
0.03185206 93.47668
0.05534402 101.2039
0.05530492 90.56464
0.05246265 104.8355
0.06381146 100.9517
0.05940716 101.6826
0.0394305 99.06127
0.04572143 98.08749
0.0458292 101.2558
0.03501334 80.03794
0.01651819 84.35932
0.03331855 71.9856
0.02691336 67.86899
0.03356242 81.66553
0.0367156 96.59155
0.0395601 99.06158
0.05397987 100.2774
0.04215447 125.8831
0.04245165 131.2134
0.06136586 130.1791
0.05642623 118.5963
0.08344119 122.4791
0.05645208 121.3989
0.05659937 137.1945
0.04318027 141.5388
0.04353587 164.4136
0.05763891 167.835
0.07631047 165.605
0.05147557 185.4827
0.04692782 168.9431
0.06270931 173.2963
0.05746115 187.6437
0.06870401 190.5046
0.04265745 194.4549
0.03812596 201.8751
0.05571057 193.3559
0.02835977 214.3212
0.02711788 217.5918
0.05110632 197.0739
0.04571507 187.1792
0.05287651 195.6948
0.02655816 210.8899
0.05330883 205.9182
0.0409882 224.4326
0.03381473 196.1879
0.03372656 191.1198
0.03578746 181.4654
0.03929496 191.3598
0.02139732 159.6967
0.03607522 151.7658
0.04606836 142.833
0.04683964 152.4813
0.07512441 161.2994
0.05087022 154.807
0.06170887 134.6712
0.05359129 126.9111
0.07609425 145.6934
0.05994701 166.0808
0.03297996 154.7082
0.03084857 163.0238
0.03103152 152.1565
0.04130168 163.5557
0.04559372 161.4554
0.03287024 162.6658
0.03499694 176.1814
0.03715565 211.4662
0.02625136 187.2498
0.04131441 206.4158
0.03152249 197.379
0.03709576 200.8294
0.04547634 231.2716
0.04500848 277.4221
0.04376215 338.0236
0.0353467 355.5859
0.04694219 374.125
0.0761306 411.4283
0.0521289 361.7148
0.05108029 289.9882
0.05582238 298.1203
0.04658401 342.2942
0.02990408 326.1239
0.05030675 365.897
0.02494955 342.7601
0.02451644 256.1292
0.0187664 264.6249
0.02734701 268.3643
0.04301647 270.3245
0.03634605 257.3789
0.04457322 275.0795
0.04568108 278.892
0.03390821 280.0811
0.02618867 244.7427
0.03309121 251.8925
0.03209743 207.8419
0.02113319 201.9054
0.01308904 197.9733
0.02335767 212.3337
0.03619331 211.4866
0.0250262 244.8492
0.01814829 238.767
0.02654927 191.2573
0.01631037 249.8592
0.03441717 256.5436
0.05099869 241.4117
0.04465383 209.0844
0.04520822 213.2636
0.03687173 231.084
0.01738478 211.848
0.02649918 219.7948
0.04807889 211.526
0.07068973 193.5288
0.06110864 152.9924
0.0676094 147.5191
0.05628585 155.74
0.06312343 175.4775
0.05444255 182.4366
0.04034704 187.34
0.04030976 168.4443
0.07214219 140.4512
0.06161887 141.7273
0.06246228 144.7668
0.05553792 137.1924
0.04870521 140.1315
0.08159176 153.668
0.05958922 162.5014
0.05797912 155.3428
0.04874144 151.4875
0.02940007 124.4952
0.01471649 119.4713
0.01010351 133.6244
0.01455581 147.7673
0.008507322 139.8347
0.0226001 121.4893
0.02662103 126.6414
0.01553936 150.5824
0.01205131 129.0781
0.02325749 138.4488
0.01416061 159.3502
0.01128 158.9756
0.03164477 204.883
0.04971762 205.7328
0.03999454 209.5634
0.04436498 241.8096
0.02080119 233.1518
0.0386306 234.5233
0.02224471 195.7952
0.03319474 202.777
0.0343331 154.3439
0.03193403 152.1341
0.03447925 120.7662
0.03043022 111.5075
0.03132077 107.9674
0.0556879 93.91794
0.0688868 93.30482
0.1061706 95.49121
0.09475314 103.4609
0.09770092 98.22996
0.1001196 100.1462
0.08637239 96.53895
0.1433439 106.5598
0.1138481 119.9118
0.07674093 118.3275
0.121111 146.7411
0.08113508 134.6689
0.0582451 115.9793
0.09049687 112.6778
0.07042856 101.9808
0.07602852 100.4437
0.07556399 88.13075
0.0634958 80.66474
0.07352814 69.18243
0.0933919 62.15203
0.0873565 61.52623
0.075974 72.15502
0.09363126 67.97382
0.1175146 76.319
0.104289 84.1236
0.08850582 81.65432
0.06138872 78.63431
0.06903998 78.28545
0.0667433 95.48799
0.06364468 80.57326
0.09329544 76.74811
0.07623396 78.60146
0.09639025 80.53306
0.1042973 95.39498
0.08160716 88.10226
0.05881886 72.93595
0.05833724 77.59398
0.06636248 72.0341
0.07798034 77.0531
0.08702291 84.49994
0.08424394 87.15568
0.07581335 73.24437
0.09554591 68.4867
0.08404009 81.40831
0.1182811 74.8349
0.1071762 79.20759
0.1375069 76.49917
0.0798035 85.11981
0.09971804 88.32054
0.1049249 90.13829
0.08762164 105.124
0.07565119 106.623
0.08869834 97.30915
0.1035327 87.52075
0.103428 74.33154
0.09993084 72.7478
0.1264396 85.79123
0.1339255 75.74629
0.1636612 84.45787
0.1505105 84.167
0.1120452 73.26184
0.08721274 81.57936
0.09177218 85.14391
0.09843398 81.27309
0.07645085 86.61468
0.07520751 82.90352
0.08306417 107.9295
0.06850615 105.5298
0.08591414 113.0209
0.05063084 115.5429
0.0797237 132.6242
0.06234427 165.6524
0.06432985 187.7611
0.1045792 181.3025
0.06887101 162.9495
0.06346476 152.6157
0.03658468 121.2629
0.03494128 138.6439
0.04117245 143.3185
0.03738431 156.5001
0.03281818 132.625
0.03491981 138.2324
0.02842665 118.6679
0.02192068 109.7789
0.02558269 114.5351
0.03209747 131.8984
0.0294869 124.8117
0.02988188 107.1361
0.021631 106.5539
0.0111691 106.6869
0.04435509 106.6655
0.02386133 113.4079
0.02180667 106.1533
0.02330575 113.8624
0.01243179 125.1786
0.07107451 127.3249
0.06338528 131.6085
0.05984244 125.9459
0.06669753 121.2651
0.06007611 128.4735
0.06891499 135.3793
0.0875857 140.3559
0.05439211 115.8039
0.01345331 113.8569
0.02818186 119.7218
0.01697756 109.7659
0.03043147 110.3484
0.02867766 97.10319
0.01870708 108.2212
0.02909242 114.0808
0.05031631 110.822
0.0376722 102.7318
0.04626192 116.5079
0.01747131 132.7399
0.02517068 140.9957
0.01198288 122.5737
0.009630266 89.95006
0.0122367 80.70135
0.008819748 84.20619
0.02070136 78.36647
0.01254717 86.08444
0.01763943 86.08702
0.02267136 94.05375
0.04029372 95.3187
0.07649497 94.99966
0.091157 79.13586
0.0740343 89.53718
0.1228416 76.61415
0.1025057 73.46931
0.08622484 73.12478
0.106427 87.53273
0.1210057 98.8039
0.1378118 84.93134
0.1207433 88.29953
0.1472959 92.42689
0.1672005 96.97233
0.1308849 102.4902
0.1314359 95.34486
0.09218919 105.3339
0.0835958 95.80647
0.1121577 93.51509
0.08701803 89.90672
0.1085484 77.49634
0.07746014 81.64565
0.08812389 65.24474
0.08700953 84.39829
0.08730953 93.11664
0.1034077 97.58234
0.1126387 98.61576
0.0961167 109.4817
0.09695211 111.5689
0.1299033 108.2716
0.1077564 102.0483
0.1238751 115.3485
0.1254346 112.3684
0.1200016 111.1221
0.1347276 102.0116
0.1138113 94.01098
0.1284098 82.99336
0.08955139 83.76843
0.1028585 77.79022
0.1300613 79.54069
0.1286033 73.18123
0.1135814 63.41133
0.1274085 63.12022
0.1175827 60.31029
0.1005176 64.57189
0.09840134 57.90927
0.11227 74.08825
0.144437 68.30994
0.1147483 71.62209
0.1106274 76.36875
0.09928694 76.80035
0.09042795 70.75962
0.07264329 94.48822
0.08155717 83.74378
0.08665883 95.6996
0.07386211 101.917
0.0776243 115.1561
0.04593343 120.3311
0.05775447 122.1734
0.05473304 118.166
0.04149161 127.1589
0.04666821 124.1778
0.0552777 126.9823
0.05325777 162.9448
0.07428998 153.1836
0.0691232 166.5672
0.07605549 152.0686
0.07809865 168.647
0.078301 159.151
0.05237432 140.4224
0.04563913 162.4747
0.03181448 179.408
0.029595 172.9235
0.03369303 165.055
0.07280411 119.8826
0.06605501 121.3717
0.05074565 133.5867
0.05723587 130.4822
0.02941601 138.8427
0.02737289 151.5105
0.04687044 112.2305
0.03773094 132.7164
0.02107336 129.3685
0.05606273 107.866
0.05738538 94.64206
0.04270275 109.6762
0.03636105 109.7934
0.05384931 116.2178
0.03370689 107.0443
0.05602434 102.969
0.06424462 94.20309
0.07797416 99.81394
0.09461303 103.7243
0.08193062 83.07173
0.07644228 77.21027
0.1305987 66.82503
0.1307916 69.63678
0.1129424 79.33891
0.08667327 83.08968
0.086377 67.60358
0.05338356 75.36541
0.05794692 74.08977
0.04867682 73.53292
0.05861239 91.74529
0.06435226 84.77716
0.05523252 101.5612
0.06744914 109.5761
0.07912848 130.1406
0.09024528 136.4636
0.07170391 147.3544
0.06340535 138.3613
0.05301828 137.6615
0.06586495 151.8838
0.09698323 120.7474
0.07578528 155.3756
0.04675236 169.2829
0.05503062 178.9568
0.07368709 171.1546
0.09365147 167.4251
0.09568883 194.608
0.08499705 225.7386
0.06206662 234.0044
0.04368463 210.3621
0.05422343 212.7466
0.05924767 204.2931
0.05235146 203.8251
0.05749379 198.6515
0.03714391 206.5164
0.04680949 194.8888
0.05558387 205.0352
0.0720747 209.9447
0.04177406 223.8081
0.06213522 254.34
0.06465517 262.2028
0.04922444 288.0975
0.05542536 291.9528
0.03962418 280.9587
0.05372348 244.8252
0.0363294 304.2441
0.02028044 260.7537
0.026355 277.4416
0.02043233 293.9596
0.01860168 300.7377
0.01887977 357.2406
0.03917582 351.9105
0.03348816 309.2664
0.02004542 332.6151
0.02164945 318.1655
0.02656352 338.9759
0.02668274 384.2855
0.01042884 405.535
0.01928112 399.426
0.01483211 374.4228
0.007995579 380.3834
0.01747171 344.4648
0.01276207 373.3675
0.0279335 417.97
0.03449182 393.9812
0.03037635 369.0936
0.02605884 440.6902
0.01582166 497.7713
0.00666693 472.2544
0.008753149 453.9569
0.0110767 418.29
0.01833279 375.1674
0.01199119 355.7076
0.02013515 422.0471
0.03385159 499.8937
0.0331964 454.7087
0.02214351 410.8361
0.02911915 449.6007
0.02223425 418.549
0.04727795 466.0957
0.04319541 470.7727
0.04200715 432.3296
0.04617867 409.8672
0.01661045 391.6121
0.0178194 318.7323
0.01480632 345.8106
0.02021875 356.1045
0.01527308 336.653
0.02118647 333.3671
0.02273455 296.5948
0.0360032 315.4888
0.02961767 364.384
0.02178559 310.5078
0.01555623 301.5995
0.01836328 313.045
0.01993863 320.5683
0.02061571 340.4932
0.01639472 348.6937
0.02113405 327.7231
0.01539786 312.8289
0.01164838 319.8093
0.01618122 315.7216
0.02920284 304.5598
0.03917642 304.6897
0.07591679 292.0025
0.06462619 274.2314
0.07960053 205.5735
0.05016086 209.4378
0.045149 218.0654
0.05100009 216.1734
0.03033917 197.2853
0.04851582 222.3688
0.06253909 195.785
0.05434237 167.3515
0.03820079 141.9994
0.03217664 149.3258
0.03227465 117.3981
0.0329703 113.2582
0.04456076 100.1677
0.04913238 104.6236
0.04409027 105.9083
0.04585125 113.2051
0.02857989 117.7182
0.02901779 129.3402
0.03989143 130.4966
0.02600359 170.2044
0.01775962 177.1975
0.03376046 192.3387
0.04903279 180
0.03752725 164.7482
0.03430457 188.1417
0.0387794 197.3428
0.03145678 191.0308
0.04403844 204.835
0.02112395 201.3072
0.03543429 202.5037
0.04267817 226.7565
0.05619539 241.9055
0.04727792 263.1799
0.03717603 219.1977
0.05567849 208.2833
0.01616796 236.8675
0.01508509 193.7189
0.02218602 213.672
0.04164893 255.368
0.02621789 262.867
0.03545104 236.9808
0.04485472 229.2347
0.03092284 209.699
0.02252756 216.741
0.02524647 235.3955
0.01398146 266.215
0.0208628 250.8102
0.03335446 264.2283
0.04552988 245.4174
0.03011689 209.5058
0.04797317 214.3852
0.03130536 193.0981
0.04292965 220.6136
0.0211676 233.3143
0.02651237 189.162
0.03198381 190.8015
0.03347854 187.955
0.02161127 250.1171
0.02923817 258.4527
0.04310296 182.1333
0.04031058 148.8311
0.05642027 144.8524
0.08084971 146.9955
0.1067197 125.8916
0.1294272 113.4639
0.1190546 117.7217
0.1069196 113.195
0.1091597 138.3512
0.1106282 143.9283
0.10696 142.2364
0.1393228 139.1785
0.1352307 152.361
0.07876771 177.7446
0.09146529 184.7793
0.07554752 208.3944
0.0575536 189.6911
0.04971941 182.7274
0.04108459 192.9604
0.03668279 166.7591
0.05052946 174.6956
0.05323658 190.3837
0.0434055 221.8839
0.03767341 254.2654
0.04895278 244.316
0.03865107 323.8369
0.02703233 291.5334
0.029259 311.7552
0.05520351 279.5244
0.04348531 281.9174
0.03688752 263.4069
0.03522403 229.4738
0.02686011 249.7359
0.02963345 221.2417
0.0239466 239.0612
0.02599558 256.1785
0.04865446 262.229
0.03077323 259.235
0.01754913 266.3298
0.02674449 231.7234
0.02739091 257.0332
0.05866612 223.3438
0.03320564 190.6743
0.04079907 186.5924
0.04028452 154.8222
0.05279736 161.0606
0.08441971 177.617
0.0592816 178.3524
0.08736107 168.5292
0.03544656 153.9106
0.04200604 125.8563
0.03425715 129.6654
0.03117194 121.7171
0.02379295 125.9997
0.03204647 118.072
0.0422056 107.5742
0.05402085 96.27717
0.0654159 94.12461
0.07357313 99.8037
0.09573004 108.7747
0.09558694 108.2663
0.1075248 108.2271
0.08793576 78.7131
0.1181073 85.62979
0.1262608 90.40614
0.1397593 99.76697
0.1561789 93.68376
0.1274873 90.55466
0.117845 87.37378
0.1162136 88.86712
0.1412442 85.03683
0.1136447 99.14664
0.1130163 86.00759
0.1260252 105.5733
0.1359957 115.3405
0.1034119 123.3873
0.1168519 128.6537
0.09903286 148.8654
0.07427606 139.0083
0.07417138 142.7422
0.07269234 151.5382
0.06471039 173.0659
0.05201958 131.9159
0.0357344 116.558
0.03162221 139.2929
0.03361495 131.8496
0.01367808 116.3975
0.0144109 116.3301
0.01673765 95.48062
0.03462447 86.3267
0.05791236 81.18422
0.0561755 86.97947
0.03561904 89.54521
0.05328863 105.6418
0.07141689 108.046
0.08169325 85.23788
0.09607688 105.7194
0.1337777 109.475
0.1268275 107.7202
0.1094286 115.5169
0.1003195 117.1298
0.08560805 119.3125
0.0793889 109.8164
0.1022978 117.3496
0.08302774 119.7821
0.08557927 122.8337
0.08430317 131.0537
0.07701915 120.9265
0.07023211 133.8467
0.1105167 140.3601
0.09307786 142.1536
0.07162434 139.6394
0.0726032 126.5053
0.06710165 147.1676
0.03118987 119.4559
0.01648003 113.5814
0.01650755 126.6007
0.01776315 143.1906
0.02150993 118.3845
0.02907401 112.6068
0.03909662 123.7462
0.05072418 122.5592
0.03740443 153.7482
0.0690548 196.4723
0.06929181 176.1154
0.0824759 177.1873
0.07239232 162.6176
0.0601324 144.4046
0.07190995 130.7399
0.04727686 155.5043
0.08915366 159.5494
0.06139155 154.9887
0.07523187 149.8164
0.04735807 145.9566
0.03851106 133.6901
0.06187358 135.2355
0.06026134 140.9566
0.08944324 146.0101
0.1116293 136.978
0.1000753 158.2012
0.1232077 154.4414
0.1018117 138.5003
0.1010476 138.6062
0.09248649 129.3046
0.1208773 146.0868
0.09077755 153.8674
0.06717242 137.9659
0.06075265 141.6006
0.07097287 155.9381
0.09715952 153.3145
0.08504927 137.1915
0.08162368 141.5996
0.08092887 137.3654
0.08166978 142.52
0.08244748 141.0439
0.04932695 129.806
0.05380455 124.6479
0.03918858 156.2041
0.03257241 143.2552
0.04726092 125.7962
0.04701584 128.8923
0.04276117 129.9568
0.04673631 126.4342
0.08374416 123.4493
0.08718915 124.492
0.08550439 131.6679
0.13094 132.0589
0.08942561 140.8337
0.06218419 137.1624
0.0797915 129.7501
0.09628148 132.8498
0.09033755 121.0929
0.07316581 113.811
0.05342015 120.985
0.07111677 143.0165
0.04822718 163.7663
0.04468374 188.3122
0.05048275 183.3317
0.08608595 216.8097
0.08504871 237.6135
0.09545254 233.3659
0.06407704 252.1314
0.04413891 261.7049
0.05251782 271.6658
0.05467311 239.5559
0.05929032 246.5013
0.08460903 261.656
0.08278275 259.313
0.08468218 295.7929
0.04617557 267.7717
0.05957686 215.904
0.05958516 201.5409
0.08825551 172.8086
0.07471494 186.3779
0.07197197 179.7946
0.06488546 177.9774
0.08396829 191.9184
0.09930065 177.4636
0.09154191 197.9309
0.06170534 194.6064
0.03504727 178.1631
0.06283709 143.1788
0.07737554 141.2149
0.111944 135.5604
0.1291343 145.2978
0.08770344 121.3915
0.06517382 106.1685
0.08286501 113.9455
0.1237467 111.6501
0.1394628 113.0321
0.1456148 107.1007
0.1268625 104.191
0.1122184 124.6345
0.08450457 93.52655
0.1043917 90.79039
0.05380977 107.5133
0.0531036 87.39927
0.03585089 99.92607
0.03344277 107.7648
0.04006097 128.1324
0.03939046 124.3003
0.05156293 113.7322
0.03634334 88.84362
0.03535167 75.40601
0.03059713 81.52492
0.02471745 72.57225
0.02698425 71.41655
0.05422494 57.88504
0.05290569 62.99958
0.07160374 64.75848
0.08047108 71.63739
0.08364128 76.00699
0.1128141 89.22633
0.08984945 77.26983
0.09778315 93.33751
0.07097658 105.3559
0.07478541 92.14643
0.09528907 127.0823
0.1045007 122.4981
0.1035907 121.869
0.08479635 127.7807
0.08546327 121.5337
0.09447732 115.3315
0.09160944 121.7549
0.07797449 136.2274
0.06769868 125.7856
0.07020031 108.8871
0.0747598 99.68311
0.05543495 114.3641
0.06541798 140.5286
0.07585671 133.8781
0.07756572 130.629
0.09917821 148.2623
0.09910221 139.4136
0.08517513 125.1578
0.09016996 137.0372
0.09313716 143.6868
0.08178737 149.3099
0.111218 140.7363
0.104828 123.8378
0.1089199 158.9296
0.08099633 164.2483
0.08204592 171.6227
0.07284627 151.9396
0.06746667 157.1718
0.05284605 148.0554
0.04014485 168.0824
0.04292905 169.8417
0.05429467 157.8581
0.06614542 167.432
0.05852883 190.9379
0.08180086 189.2042
0.0952112 172.5423
0.1058518 152.2611
0.07760549 133.8657
0.04072561 142.4095
0.04882913 120.3361
0.05187575 132.7419
0.05545278 127.5218
0.0543466 123.1663
0.06701939 127.6185
0.06023725 126.2578
0.07492071 124.3107
0.1177413 112.9154
0.1028154 125.98
0.1087552 118.6774
0.1142622 101.2001
0.1045043 104.1222
0.07017943 111.1785
0.1059134 117.7952
0.1018976 105.5432
0.08277716 113.9265
0.06824522 140.2114
0.05858214 121.6861
0.07513166 128.0492
0.04672938 152.2803
0.05484254 166.5119
0.05171155 177.9924
0.03560373 172.0208
0.0231062 183.4632
0.02799753 197.72
0.02060097 187.9499
0.01468846 156.122
0.02304489 214.7209
0.01761014 247.5305
0.02018614 223.765
0.02061139 199.2663
0.0041566 209.5174
0.02892947 215.3497
0.006352051 182.7522
0.005745837 195.4584
0.01400814 177.2307
0.005284819 175.9179
0.001565474 187.9227
0.005612464 223.5799
0.01490557 268.4617
0.02077316 308.6677
0.03097078 303.7884
0.04180608 255.386
0.05192875 234.1198
0.03835965 246.5661
0.04201912 239.6778
0.0406798 225.4053
0.03666859 202.1897
0.02199914 172.111
0.04909325 227.5062
0.03261322 210.8987
0.02598532 185.3931
0.04403726 209.6264
0.03518413 237.59
0.03171558 207.8762
0.06642057 213.8012
0.06083632 199.9624
0.06930769 195.3535
0.08906969 188.2761
0.07300139 171.0387
0.07577982 176.1564
0.0714352 162.9062
0.08741037 167.2508
0.08344577 179.2111
0.0787147 177.7079
0.04892006 171.3204
0.04960165 155.0352
0.06255298 125.0297
0.05072328 125.0685
0.05207805 145.449
0.04508472 130.4204
0.06790318 127.7458
0.03952103 135.9558
0.041754 115.9584
0.029455 111.9627
0.03188574 131.1662
0.02798663 139.72
0.04617546 117.7144
0.06665858 132.3638
0.03736089 127.9868
0.04320905 128.4011
0.05958699 118.7262
0.04749983 114.2513
0.0350377 122.1873
0.05532227 149.1032
0.06458567 132.462
0.06640227 120.031
0.06834698 111.2693
0.08894204 90.80039
0.09156197 108.0813
0.09441472 94.46268
0.09448392 79.26495
0.1044238 81.77093
0.1139789 99.11868
0.1626624 91.04604
0.1712774 100.6864
0.2008989 88.93631
0.1801333 79.64184
0.2186314 72.68835
0.2233878 84.06992
0.1935442 93.37963
0.1741967 97.51645
0.2204233 89.79397
0.1886879 81.8876
0.1535699 79.87397
0.2132092 71.15487
0.2430172 73.71422
0.2340072 76.25312
0.2551159 76.64837
0.2407519 84.83436
0.2495167 74.99018
0.2090612 63.72042
0.2656351 64.03021
0.199485 67.11366
0.2291796 72.92095
0.217259 73.30586
0.2353185 78.80381
0.1940623 84.07103
0.1995724 77.39728
0.1779801 73.94223
0.1465624 63.20709
0.1229614 68.06195
0.1390355 67.27068
0.1734769 82.77921
0.1458597 89.6651
0.1280283 90.20375
0.08501601 84.33544
0.1253173 88.02037
0.1562321 72.29284
0.1742066 72.68251
0.1519364 90.70583
0.1851918 93.03069
0.1512767 94.47923
0.1556057 97.57003
0.155225 102.3215
