probIn varB
0.01754431 7093.833
0.006115377 6500.86
0.01591908 6183.482
0.02227033 6814.863
0.02239636 6815.45
0.03168496 6310.148
0.0316588 6213.389
0.01983212 6965.846
0.01963531 6304.414
0.0249142 5482.278
0.02273328 5609.814
0.01810516 5485.006
0.02296321 5199.249
0.007572695 5560.519
0.01106266 5700.615
0.004457559 5950.416
0.009100662 5650.041
0.01511342 5743.211
0.01108944 5705.389
0.004091758 5094.571
0.009826644 4611.73
0.01372694 3854.466
0.01967055 3676.718
0.0324295 3353.57
0.02455305 3001.497
0.03159879 2564.382
0.01447054 2139.531
0.03219275 2326.714
0.03554363 2153.175
0.03337095 2053.838
0.02305053 2305.883
0.01393498 2853.991
0.01499809 2598.939
0.01349555 2971.949
0.01766846 2630.328
0.0145743 2530.882
0.01598469 2249.171
0.007109723 1944.011
0.009152648 1913.744
0.01468969 1461.989
0.006420859 1567.418
0.01095445 1519.784
0.005699859 1557.644
0.008083371 1859.936
0.01326904 1831.429
0.02110958 1720.908
0.02243039 1463.54
0.01311886 1759.948
0.02559407 1809.761
0.03409155 1714.956
0.02323731 2043.101
0.0333573 2295.243
0.04653515 2297.658
0.02666506 2524.772
0.03477512 2351.127
0.05363427 2603.096
0.0445285 1922.771
0.02709422 1951.277
0.02193087 2073.703
0.049278 1772.125
0.0321635 1867.86
0.03661622 1666.925
0.03553351 1532.559
0.04271086 1323.905
0.06092928 1284.521
0.09513675 1189.098
0.09128845 1338.886
0.09817939 1379.987
0.09822717 1351.253
0.06082 1364.717
0.05259924 1112.158
0.03944327 1305.099
0.05539559 1138.253
0.02802728 1469.981
0.03804691 1559.526
0.02985964 1860.857
0.03107382 1962.554
0.04011736 2159.327
0.04255347 2599.893
0.02328918 2538.001
0.0341981 2354.815
0.03812402 2303.12
0.036526 2310.658
0.0405046 2333.854
0.0365318 2211.331
0.02426425 2199.55
0.01663263 1867.494
0.01742821 1704.388
0.03606098 1954.658
0.02908791 1739.793
0.0166389 1505.617
0.02647104 1653.951
0.05613663 1864.505
0.04130043 1953.545
0.03989765 2308.658
0.03695436 2240.813
0.02652463 2516.239
0.02144822 2757.428
0.02585282 3108.059
0.02270979 2766.135
0.0299642 3234.664
0.01512697 2599.421
0.0271677 2315.151
0.03167069 2125.923
0.05459979 2343.563
0.04128629 2044.288
0.05172004 1955.144
0.04746397 1793.222
0.03577203 1907.628
0.04190821 1653.314
0.02382972 1559.766
0.02391909 1685.435
0.03390213 1492.159
0.03739711 1852.121
0.03481443 1607.05
0.05789259 1441.106
0.05154213 1243.754
0.03301908 1373.332
0.04165615 1374.917
0.03524596 1413.951
0.04745637 1303.408
0.04742159 1266.744
0.05703762 1137.165
0.0514015 1176.615
0.05212501 1193.643
0.0640137 1444.081
0.06298737 1195.094
0.103961 1279.964
0.08836322 1078.45
0.09037977 1043.828
0.06826003 985.0343
0.09938846 1073.718
0.09725605 1128.341
0.08710196 1176.774
0.06611216 1064.741
0.07991842 1232.983
0.08874458 1332.824
0.07298016 1166.787
0.1047891 1053.495
0.09709634 891.4985
0.1330017 980.4865
0.1274848 1025.816
0.1211668 979.8471
0.1211709 828.3221
0.1261641 647.5357
0.1482718 722.2282
0.1101303 752.7238
0.1179512 689.251
0.12002 668.1025
0.1525669 657.238
0.1600401 687.1447
0.1875633 676.2394
0.2143721 746.3052
0.1865376 776.8778
0.2042359 804.59
0.1577 929.1215
0.2073302 972.308
0.1220198 1173.689
0.1014415 1072.347
0.07660307 1082.948
0.05624483 1104.349
0.04532649 914.5528
0.02786512 939.9163
0.05227092 1036.508
0.05428948 1083.084
0.06159674 1218.788
0.06348336 1235.218
0.0464596 1329.962
0.05313381 1502.585
0.04502778 1394.799
0.02262767 1589.232
0.03292699 1586.449
0.03627733 1624.589
0.02588807 1372.108
0.02728457 1494.416
0.03053919 1533.493
0.02356648 1531.925
0.0189312 1572.736
0.01851637 1956.627
0.02204187 1782.516
0.00906045 1632.932
0.005972112 1741.675
0.01024204 1765.596
0.02060718 1807.549
0.01233491 1661.992
0.02792647 1707.051
0.01456677 1596.93
0.007114404 1179.401
0.02971632 1280.201
0.01443861 1428.309
0.008546046 1863.205
0.005252352 2216.843
0.01459765 2465.333
0.01199462 2542.927
0.0268121 1976.779
0.03334685 1952.606
0.03924177 1740.037
0.04128003 1385.124
0.03644353 1487.408
0.0321826 1468.974
0.02930994 1433.541
0.04950279 1455.538
0.05132315 1227.825
0.04119452 1248.33
0.02568874 1159.439
0.03303778 1153.826
0.02094388 1373.97
0.03345377 1504.34
0.02437732 1171.055
0.01661953 1074.831
0.03056542 797.8713
0.03284205 796.3683
0.03801182 858.1305
0.024666 815.9451
0.02958226 734.002
0.02745563 808.3826
0.02227856 836.9528
0.02600829 880.9526
0.02635467 909.7875
0.02270093 1013.381
0.02860149 1143.764
0.0264741 1136.669
0.04424339 1159.328
0.05336438 1172.42
0.08236234 1091.525
0.08524704 1308.663
0.06172454 1193.716
0.03089918 1124.165
0.01846198 1085.939
0.01588393 1199.87
0.01473486 1068.297
0.01679231 959.9139
0.002166058 871.3222
0.006313095 1126.531
0.004272387 1165.156
0.00142376 1190.049
0.001980027 1186.36
0.002703996 1180.205
0.004279555 1097.743
0.01723511 1131.654
0.01436683 910.9004
0.03102858 782.6717
0.02797273 845.8455
0.02752163 829.5837
0.01234586 872.7572
0.03024358 836.9634
0.05087462 916.815
0.07079192 1080.153
0.06960875 1183.571
0.05742454 1064.195
0.04656046 1092.774
0.03116617 1254.182
0.04745822 1332.503
0.0345682 1557.089
0.02507043 1749.972
0.02189344 1592.448
0.03157453 1492.199
0.01393435 1201.963
0.01079959 1273.738
0.01718924 1458.023
0.01976736 1846.517
0.005574031 1887.781
0.008844599 2264.253
0.01505978 1910.844
0.0225597 2106.144
0.02753474 2341.426
0.01807756 2188.491
0.01269232 2360.132
0.01458834 2148.4
0.03269688 2388.479
0.04024851 2025.456
0.03548602 1918.692
0.04031658 2167.112
0.03220262 1760.261
0.04342339 1748.214
0.06757048 1362.177
0.05311382 1341.068
0.05051982 1371.804
0.06285773 1238.962
0.06427645 1167.01
0.04609859 1352.701
0.03918134 1441.836
0.03706755 1372.869
0.08297251 1781.618
0.07466273 1992.345
0.0699308 1623.182
0.06134206 1626.239
0.05314227 1585.592
0.0529086 1451.279
0.04190341 1338.448
0.03551095 1352.998
0.0403631 1265.286
0.03703227 1415.382
0.02128302 1577.2
0.02159278 1583.82
0.05505851 2025.806
0.07044899 2063.286
0.04623494 1519.294
0.03373179 1534.868
0.02189764 1359.619
0.01637598 1095.988
0.01702937 1291.601
0.01934837 1016.164
0.03839891 1039.157
0.05443954 955.438
0.063966 919.7335
0.03774699 799.5958
0.0329249 912.241
0.02638289 906.713
0.02987285 925.8853
0.02305638 956.4339
0.03356206 1014.298
0.01976161 895.9486
0.01914477 1021.047
0.01804959 1031.402
0.026026 1258.723
0.02842581 936.3118
0.02658611 963.4374
0.04960721 817.8631
0.04118632 896.4274
0.05444542 941.3295
0.03895401 1042.094
0.03804701 994.4393
0.04889847 960.611
0.0400796 824.6061
0.0308633 837.8736
0.02178322 745.5644
0.0553435 666.5184
0.08181704 684.8767
0.05228165 766.8033
0.03724854 724.9991
0.0222571 772.1221
0.02805156 858.5827
0.05315218 1070.318
0.07041397 1311.651
0.03649541 1303.992
0.03156183 1211.693
0.0304846 1120.392
0.04298231 1093.437
0.03348918 1110.881
0.02943077 1033.134
0.0362812 1078.279
0.05103125 1126.509
0.03534529 1240.619
0.05609129 1093.645
0.03669751 884.811
0.03216739 811.92
0.01009246 695.9562
0.02141275 572.5608
0.02569734 614.2195
0.02620448 695.5649
0.03894715 703.4491
0.05207131 753.5173
0.1081048 691.8899
0.115664 643.4998
0.1113816 691.0423
0.1176456 825.7792
0.1767932 791.8114
0.1942458 776.1152
0.216332 777.5089
0.2205847 758.5777
0.2470249 724.8911
0.2162751 775.8676
0.2151195 723.5061
0.2155224 713.5724
0.1721416 701.8563
0.1350687 728.6022
0.1416188 712.7823
0.1276893 703.4568
0.1435251 716.3573
0.09526939 795.3535
0.07430298 751.3802
0.04852227 713.9318
0.05902192 716.6426
0.05874652 821.391
0.09219256 881.4205
0.0872518 909.8139
0.07537165 883.4758
0.06445189 1068.326
0.03069835 1280.43
0.02756323 1511.114
0.03959282 1865.167
0.03307795 1940.482
0.0192429 2083.347
0.02364277 2016.119
0.0235967 1767.659
0.02147749 1776.841
0.02499406 1822.492
0.0230418 2071.81
0.02140921 1888.172
0.02885009 2087.842
0.01570614 1873.071
0.02163574 2197.459
0.01050131 2349.434
0.00333248 2138.812
0.01507554 2047.587
0.02037359 2032.782
0.01518363 1981.756
0.02353155 1638.765
0.01019564 1341.739
0.03942849 1529.929
0.03864469 1722.345
0.04919307 1842.916
0.06343589 1419.738
0.04948463 1213.113
0.04054292 1164.996
0.05212956 1309.786
0.04910158 1223.96
0.02628024 1283.783
0.04763612 1298.233
0.04977203 1162.939
0.05094996 982.0807
0.05555955 1051.035
0.04591581 1076.566
0.06448617 938.9605
0.1147842 877.8476
0.08717112 848.3584
0.1195375 735.0132
0.09713001 643.3538
0.1112253 627.7219
0.1033275 698.5761
0.09945777 749.3121
0.1061855 875.221
0.1221335 874.4903
0.1314212 960.904
0.1691847 831.1864
0.1725185 778.3969
0.1451056 743.8035
0.09740737 807.1215
0.09100335 909.3655
0.08941969 1102.719
0.0526191 1159.739
0.03472927 1020.458
0.03330286 1063.04
0.01063653 941.3023
0.02884123 1187.378
0.04395015 1332.964
0.02952707 1278.669
0.0183318 1286.928
0.009602888 1415.681
0.004134942 1499.603
0.01502792 1501.868
0.006785336 1493.962
0.004088694 1630.41
0.002931217 1414.242
0.005642072 1447.921
0.0082313 1604.234
0.01761228 1785.049
0.01935069 1917.001
0.006309498 1818.019
0.003407441 1896.594
0.003903786 1617.355
0.01335178 1565.169
0.01481676 1682.669
0.009847944 1527.657
0.02601814 1529.419
0.02337162 1718.308
0.04129391 1523.261
0.03663095 1574.722
0.05569986 1441.221
0.04499184 1447.094
0.03442314 1706.79
0.02889041 1913.78
0.04900755 2237.85
0.0445268 2293.084
0.04334926 2561.652
0.04496289 2119.899
0.05066069 2089.602
0.03918061 2040.898
0.039437 2879.294
0.04162173 2197.58
0.03331813 2188.141
0.03738136 1688.784
0.04107044 1729.43
0.05637795 1813.821
0.03633151 1942.27
0.04898435 1836.429
0.03516902 1588.292
0.02667829 1506.381
0.02255345 1436.504
0.0131342 1322.08
0.007842175 1273.686
0.01387438 1340.563
0.01281172 1345.088
0.009179544 1340.433
0.01326128 1691.528
0.0119814 1614.497
0.01305236 1473.813
0.008447487 1531.052
0.01372286 1241.501
0.003735973 1277.98
0.002916917 1234.973
0.007591922 1089.45
0.01485647 1073.337
0.01883886 892.3696
0.01154549 892.1563
0.00862134 838.0944
0.01015722 696.9168
0.006173959 708.9299
0.01208438 785.0544
0.009207562 806.538
0.02699276 840.1627
0.04944765 860.2686
0.03674766 776.6641
0.04012175 824.5893
0.06436641 602.7144
0.04642922 742.3251
0.05209972 787.4955
0.08063333 792.2168
0.04253356 925.3897
0.0632649 836.1035
0.05992541 761.137
0.06437836 905.5204
0.05170638 1019.964
0.04186862 1166.884
0.04911848 1136.892
0.04519898 1209.138
0.03560629 1265.916
0.04478724 1092.59
0.04151515 1055.645
0.05243706 849.3645
0.03280679 948.8904
0.0491024 915.1228
0.06485782 1012.887
0.05035083 995.9023
0.04582198 1058.647
0.03418431 1247.341
0.02513714 1203.557
0.026201 1118.895
0.05262393 867.6949
0.04227973 887.2837
0.0545587 1010.977
0.06429847 1165.421
0.03681661 1105.485
0.02890125 1188.168
0.03980282 1032.315
0.04053473 1007.903
0.04942592 1039.793
0.02244338 989.243
0.01599139 1202.597
0.03132936 1448.866
0.031142 1289.143
0.03394353 1273.668
0.0495304 1049.284
0.05309921 954.8757
0.0380805 921.5942
0.04207933 971.6015
0.01755623 1056.191
0.02238132 986.9005
0.02486045 934.854
0.02807208 827.3175
0.02134677 843.9908
0.0418727 745.2784
0.02058936 647.1148
0.01480215 702.6762
0.01110201 647.121
0.03140049 674.1502
0.03949565 739.076
0.03014287 815.6518
0.02589206 855.7932
0.03254982 925.2674
0.03646759 978.6001
0.02764511 1106.67
0.04293474 1060.601
0.02874753 1164.657
0.04151185 1418.052
0.04783679 1406.088
0.03609708 1272.807
0.0437168 1567.365
0.02512402 1528.846
0.0296166 1498.735
0.02511967 1988.082
0.03254727 1620.996
0.04015248 1770.757
0.02702496 1609.517
0.03015725 1347.368
0.03148734 1299.725
0.05004104 1324.689
0.08486134 1257.415
0.1004587 1156.055
0.06008586 1181.244
0.07736658 1213.832
0.07633765 1436.901
0.09785269 1280.353
0.1215515 1121.61
0.0839805 808.317
0.116474 887.2627
0.09083107 917.6195
0.1169478 1008.58
0.08891281 1143.321
0.06849146 1077.688
0.08636012 928.3649
0.08775891 875.1554
0.08982356 708.729
0.07924227 668.2112
0.06185346 679.6596
0.0591625 662.4671
0.07475258 574.9798
0.06614205 527.4619
0.06689353 560.4462
0.09464267 605.2221
0.1002118 573.7172
0.1246147 558.1163
0.09855742 617.2533
0.07999601 496.5933
0.07442134 519.6899
0.07497285 537.0502
0.08441919 539.0349
0.07341559 492.5008
0.07560943 532.4649
0.05313626 499.8443
0.0606243 544.4947
0.03567953 475.0537
0.02847893 444.964
0.01282285 534.2589
0.02172619 555.4689
0.02327085 680.3548
0.01228484 699.733
0.02661366 831.6972
0.0363848 903.2973
0.04008697 968.9152
0.03572489 1066.515
0.0577115 993.3905
0.04626589 962.6622
0.05546556 1036.067
0.08128627 933.8949
0.08039355 809.6765
0.07040861 1012.497
0.1264559 867.9653
0.08385087 846.2013
0.08065588 896.312
0.1044152 816.875
0.08944019 796.1863
0.08574205 750.3723
0.1068978 816.6886
0.1109132 723.0888
0.1121215 762.0452
0.1137064 729.1586
0.1271436 712.9152
0.1556617 771.4327
0.1534484 595.5853
0.1569835 605.3398
0.1893313 777.862
0.1513721 640.7531
0.1406698 678.2465
0.1446092 615.7874
0.158558 571.4203
0.1541052 513.3355
0.1648208 535.5912
0.1381912 543.1844
0.1507455 579.8347
0.1551036 513.5523
0.1875415 533.7047
0.1591761 497.2271
0.1951318 450.1617
0.1840743 497.9707
0.1597728 461.6528
0.1090623 403.5092
0.1051788 468.4034
0.1138162 497.4079
0.1183508 517.4104
0.07889114 546.0257
0.08885998 527.8487
0.05267091 492.8355
0.01308338 554.86
0.01666083 675.5731
0.03645664 754.8067
0.02339514 763.3557
0.02500262 673.906
0.02848681 632.895
0.02423873 736.5889
0.0218116 803.99
0.03836572 814.6458
0.08092365 923.1313
0.08580942 983.8804
0.1504498 905.6125
0.1173115 961.86
0.08906542 1165.831
0.07425955 1147.845
0.0588387 1163.197
0.04544238 1178.592
0.04281411 1534.456
0.06239528 1422.874
0.07589629 1422.689
0.07954272 1456.798
0.04496642 1455.792
0.05105975 1270.622
0.06618039 1075.318
0.07607075 967.1638
0.0691805 918.9403
0.05489584 727.6792
0.05511355 750.9384
0.06053221 737.8775
0.05986242 659.4002
0.09725932 887.3777
0.1303036 793.1909
0.1542499 888.1466
0.1569431 843.0543
0.160489 891.7509
0.125103 923.4549
0.1167979 1200.711
0.1397372 1200.324
0.1167449 1049.09
0.1500977 1056.141
0.1180947 1049.517
0.1010744 840.2864
0.08355695 985.7107
0.1058997 963.0393
0.08048577 1088.049
0.08363757 1060.337
0.0844688 1118.635
0.07076401 1058.733
0.06278271 1187.617
0.04117743 1122.425
0.0214062 1108.165
0.02504816 1143.261
0.03292951 968.1015
0.0188958 791.8315
0.01785361 824.5921
0.0216745 842.2324
0.01110707 775.7606
0.004804506 655.2453
0.0189941 509.0099
0.02664644 509.3422
0.03216322 470.4673
0.05713348 471.082
0.1122511 454.6623
0.1168545 411.4451
0.1194764 433.9379
0.140221 450.3633
0.1442379 509.1008
0.1380202 592.8038
0.1453325 563.6997
0.164096 593.7932
0.1641314 515.7693
0.1741434 467.4097
0.1696926 504.358
0.152294 448.3184
0.1823112 494.0715
0.1297152 609.0947
0.1207109 724.5858
0.1590645 841.8262
0.146988 811.6338
0.1525859 718.4187
0.163849 858.9471
0.1628659 972.4721
0.1564551 976.2776
0.1417151 710.1884
0.1214969 882.5239
0.1209179 895.1788
0.07195018 778.7593
0.08175296 725.0974
0.1150616 672.4346
0.1396969 612.7894
0.1241074 515.0325
0.1339844 482.724
0.1437053 462.2298
0.135591 534.0272
0.1045579 654.404
0.07502383 629.0805
0.09224965 547.3854
0.06275357 569.2126
0.0702656 585.0528
0.04101923 630.488
0.02835616 786.5861
0.02038368 838.4151
0.0280927 810.756
0.02625499 819.6871
0.02541232 778.2685
0.01868 780.5695
0.03318564 649.4775
0.02877857 652.7371
0.04109607 710.2945
0.04336545 607.7619
0.06515508 698.1804
0.08850604 750.3259
0.1100718 660.0275
0.1399075 519.2836
0.1559689 524.0022
0.1314276 469.4644
0.1158354 499.108
0.09540532 487.0814
0.09376942 447.6755
0.06448608 450.5682
0.08312936 445.4571
0.0803417 502.6335
0.08266708 550.7716
0.07701182 559.1698
0.03884709 681.7697
0.02649103 777.398
0.02398563 642.2254
0.04009166 562.4
0.02686442 495.8077
0.0494076 553.3225
0.06426686 569.4911
0.06820135 563.0929
0.06962999 606.9836
0.1165398 731.7034
0.09086486 750.3278
0.07131499 856.8252
0.07963295 888.3814
0.06968814 842.5617
0.04291865 783.7736
0.04933214 758.1188
0.06903095 776.2041
0.05975557 715.1387
0.04173695 694.077
0.04624625 629.9628
0.06941863 743.0744
0.06985775 784.3022
0.05556639 846.6316
0.04927488 842.116
0.07621711 718.8391
0.05528535 729.0395
0.05445926 678.2675
0.07225569 662.108
0.0593988 712.0867
0.06732551 652.9205
0.07353262 705.2195
0.05375255 595.4988
0.05919935 580.5304
0.07302294 534.5272
0.05200513 588.4857
0.06838532 538.5067
0.08280251 470.5441
0.1015048 514.6749
0.1266487 614.9748
0.1098627 667.8089
0.1305098 664.5435
0.1586695 654.4643
0.1581646 695.3668
0.1719188 645.148
0.2032304 588.2596
0.1963068 647.3584
0.1552537 714.0998
0.1221298 667.7229
0.1374988 633.1919
0.1040748 685.134
0.1316413 756.3344
0.1309062 656.3447
0.1452175 683.5393
0.1774911 672.1462
0.1518938 793.5701
0.1548994 899.369
0.1429111 741.2075
0.1368208 780.9446
0.1642621 792.146
0.170664 765.9572
0.1499496 877.1332
0.1514796 973.4883
0.09321784 951.7536
0.09703267 914.949
0.1152542 830.6003
0.1069277 755.1263
0.08957815 713.6765
0.07161715 763.9573
0.07245884 947.0966
0.06528726 939.116
0.06218562 923.3142
0.06942783 914.4462
0.06986846 1046.376
0.07442965 1000.103
0.1017125 873.1433
0.07403498 900.2856
0.06492992 1113.936
0.08142085 1113.306
0.05903003 1057.296
0.04909552 1091.781
0.06707555 1084.665
0.03159991 1165.801
0.04450491 1140.025
0.0401045 1143.852
0.03135549 1323.149
0.04412436 1561.253
0.03338734 1936.635
0.03674404 1368.592
0.06106779 1283.95
0.050169 1344.97
0.05823805 1363.794
0.05257195 1232.096
0.0369026 1198.699
0.03965175 1037.409
0.02451975 925.7603
0.02133526 1093.098
0.02915087 1288.021
0.02944764 1444.685
0.05167962 1575.744
0.06442072 1676.905
0.03949686 1822.974
0.03356648 1633.473
0.05318727 1387.967
0.04987046 1341.865
0.05156789 1378.698
0.02801107 1242.152
0.05202285 1087.349
0.04871254 1137.767
0.09143374 1270.866
0.08237881 1089.952
0.08532727 1171.498
0.08586306 1155.558
0.07993486 1152.8
0.0829634 1312.325
0.06431646 1099.204
0.05318587 1329.352
0.04094845 1104.201
0.04568389 956.8086
0.03016306 946.9641
0.04895465 930.6344
0.04559967 863.004
0.02450995 743.0175
0.02108301 727.7803
0.03048373 830.8591
0.02550039 859.2422
0.01540425 826.609
0.02005364 737.9288
0.01774175 794.1533
0.01326097 819.4274
0.01461067 1055.546
0.03278954 1029.83
0.02391234 974.6641
0.03638258 911.4915
0.05522761 970.5544
0.06591357 995.2532
0.1081332 808.1855
0.06534264 921.7559
0.05050723 1009.74
0.07534085 852.9478
0.07833384 781.5968
0.07152803 862.9374
0.05425136 817.5731
0.04440019 758.5617
0.06523233 767.4985
0.0760498 755.1607
0.08567153 763.4186
0.06568349 864.1081
0.04171354 965.3538
0.04194817 855.9574
0.02848637 935.4221
0.03573119 855.1615
0.02140914 778.5396
0.02564923 877.8447
0.04198696 884.6495
0.08526656 946.6094
0.07410195 816.392
0.09090547 1079.623
0.05480142 787.7581
0.0586231 838.2917
0.03365289 978.4824
0.0277705 808.8326
0.05294112 698.8588
0.06208187 696.7991
0.08125 817.1909
0.07362318 927.9487
0.05600835 1036.681
0.08174177 1033.207
0.1111603 917.7021
0.1142486 975.5106
0.07867877 1010.437
0.06352423 1001.968
0.06287745 980.9391
0.04449693 1152.124
0.03323243 1214.552
0.07110114 1358.276
0.0726845 1420.18
0.07016642 1193.516
0.06648002 1165.668
0.04129721 1172.308
0.02965982 1226.642
0.03761914 1135.372
0.01586655 1145.91
0.006578957 1301.889
0.01879069 1096.525
0.02152481 1229.154
0.0127662 1227.686
0.01741518 1183.682
0.009864331 981.9992
0.01307891 1003.616
0.0393015 925.7911
0.0455102 901.9397
0.02905573 1094.649
0.03928505 1266.98
0.04016205 1442.309
0.04637724 1290.354
0.06882545 1173.567
0.04301455 943.1775
0.050166 890.1963
0.05653246 935.841
0.05168326 863.0336
0.06605954 774.5394
0.05277188 703.7846
0.05897833 639.4902
0.06078581 562.767
0.04159429 551.7975
0.02703681 628.943
0.02677201 553.1854
0.03225762 583.9361
0.01504121 625.5512
0.03282809 604.3266
0.03746133 513.1705
0.05899609 576.1911
0.06374898 541.7414
0.04981594 510.709
0.03302047 547.6394
0.04265957 522.7361
0.02409671 460.7727
0.03169462 554.8117
0.007168224 736.2794
0.01322289 800.5004
0.005158318 649.2815
0.00804813 745.8439
0.006192624 702.7626
0.004166469 775.1769
0.005856325 1080.033
0.00767626 1064.394
0.01283399 1066.285
0.0354613 1026.618
0.06744847 974.8184
0.03978927 856.5231
0.03529011 810.2317
0.07037353 890.6303
0.05591441 957.9291
0.06160772 951.2291
0.05715684 923.8141
0.05508918 694.1994
0.06347356 752.4496
0.05585602 727.0381
0.07333424 753.5305
0.05762027 843.7569
0.06167023 722.5267
0.06762565 781.4288
0.03405756 867.3761
0.03904862 791.622
0.02219113 808.1704
0.02330159 926.1146
0.02531025 882.1868
0.01880901 807.2913
0.05266471 830.3874
0.07397733 708.0367
0.1196 764.827
0.1404754 856.9759
0.1040832 1049.154
0.09260562 1008.89
0.09917453 1144.83
0.04886853 1271.719
0.03742916 1155.96
0.06477205 1216.7
0.03338178 1219.104
0.04289137 1301.816
0.04275687 1595.186
0.03384967 1618.43
0.04406312 1345.183
0.03235449 1356.28
0.02037261 1568.659
0.03146816 1696.817
0.02131754 1567.372
0.03668221 1669.687
0.02589595 1454.734
0.02124756 1532.404
0.04300636 1360.122
0.03346169 1532.666
0.02953715 1367.231
0.01659264 1145.545
0.007094222 1154.385
0.02290675 1295.784
0.0116514 1234.016
0.03000038 996.2144
0.03650478 938.8153
0.05551757 982.1319
0.05698756 973.2466
0.07352687 1065.461
0.0779459 1289.003
0.05619679 1257.47
0.02761326 1307.382
0.01803595 1205.641
0.01211378 1296.993
0.009789755 1076.261
0.007211673 975.531
0.01561577 1090.702
0.0163289 980.8861
0.01729797 1118.793
0.02048912 1165.146
0.03611461 1096.068
0.02371137 1134.08
0.01965465 1085.787
0.01125937 1304.781
0.01958536 1393.71
0.04210494 1516.072
0.06109006 1684.29
0.0373536 1429.293
0.02982599 1338.403
0.05266023 1523.955
0.05236935 1322.745
0.02824314 1407.608
0.02737503 1409.317
0.03280106 1210.943
0.02938342 1665.993
0.03479193 1663.003
0.04596056 1713.718
0.02145514 1714.546
0.03162464 1826.953
0.02773389 1540.28
0.03657809 1957.054
0.01429422 1710.444
0.02869591 1782.198
0.04308992 1838.815
0.04265412 1808.971
0.04239089 1980.92
0.0120266 1913.254
0.02007053 1889.212
0.03679912 2119.722
0.02623078 2424.248
0.02637819 2617.139
0.01887239 3349.157
0.02528914 2772.244
0.03386522 2708.372
0.05595154 2300.924
0.02744587 2433.349
0.01984088 2757.995
0.01175297 3310.094
0.03640308 3127.388
0.03529665 3611.897
0.02438747 4157.193
0.01084225 4234.405
0.02164389 4411.345
0.02160521 4380.043
0.01167576 4864.353
0.01626769 4233.835
0.02807735 3365.258
0.04110159 3389.287
0.02686284 3151.114
0.01048402 3010.866
0.00508615 2950.641
0.003089878 3043.149
0.003905545 3017.493
0.01525847 2962.253
0.03292676 2626.292
0.04752327 2736.135
0.06523601 2376.446
0.03137442 2453.55
0.03723433 2520.824
0.01638294 2398.862
0.03644712 2352.451
0.03593663 2048.872
0.02073966 2043.548
0.02336349 1842.003
0.05006433 1511.362
0.02898764 1816.709
0.01892236 1691.293
0.02093482 1649.228
0.007141126 1580.669
0.01193734 1496.505
0.02483094 1727.108
0.03201999 1857.537
0.01369917 1871.629
0.01221417 1759.077
0.02308158 1576.165
0.01830932 1647.023
0.00402894 1816.517
0.007817042 2072.303
0.001334407 2127.378
0.00335201 2250.073
0.001521484 2135.373
0.002258281 2272.342
0.005409074 2598.853
0.005348514 2537.871
0.02871868 2620.862
0.04043373 2793.417
0.02616836 3200.662
0.01907932 4044.188
0.03215876 4340.258
0.0330509 4576.457
0.04508687 4486.936
0.03264094 5084.299
0.01389392 4910.929
0.01614108 5577.733
0.008437394 5662.679
0.008355501 6364.983
0.005246161 5854.387
0.009702833 6429.301
0.007832945 5643.03
0.008651242 4649.383
0.00993087 5068.997
0.01194364 4481.558
0.01975725 4334.613
0.0141374 3680.38
0.0107975 3612.594
0.01144641 4236.903
0.001878409 5040.752
0.003006363 5037.858
0.01028546 6255.028
0.007972054 6100.839
0.008766358 5165.047
0.004967681 5749.815
0.008946315 6114.537
0.0221739 5935.382
0.02774323 5779.97
0.017426 5147.639
0.02473429 5265.783
0.01568148 5339.718
0.009123574 5201.874
0.01269907 5312.613
0.01997061 5536.339
0.02789688 4616.191
0.0198528 5512.604
0.023396 4582.48
0.03432191 4088.579
0.02783167 3902.568
0.03229016 3859.212
0.02985018 4215.98
0.01754995 4505.33
0.009450245 3974.697
0.02591182 4276.929
0.00907013 4584.659
0.008079104 5017.689
0.009220857 4476.712
0.008945626 4314.998
0.007833718 4015.865
0.004076022 3503.052
0.0007962211 4857.21
0.002267911 5283.805
0.007828591 6067.814
0.01539149 5894.097
0.01018112 5849.266
0.01744515 7839.683
0.01698783 8124.156
0.01018725 8172.191
0.01388681 7146.417
0.0139142 6279.687
0.007033651 6856.479
0.002911271 7056.814
0.004866939 7640.418
0.0004698586 7305.551
0.004483926 6030.972
0.002850416 6676.432
0.00562746 7101.852
0.01188019 6902.015
0.008545262 6781.948
0.007154037 6960.652
0.005701618 7882.702
0.01845469 7642.603
0.009136882 7567.628
0.01247078 6742.952
0.01110367 7203.864
0.01060825 6917.974
0.007246367 5056.086
0.01439313 4597.602
0.006787779 4321.731
0.03046898 3622.867
0.02375135 3391.095
0.01714668 3703.006
0.005444421 4113.664
0.005010858 3845.882
0.004523864 3998.925
0.004245081 3648.579
0.003359456 3988.831
0.01699246 3504.541
0.01348065 3227.228
0.007684688 3139.104
0.01250721 3369.966
0.007657326 3454.596
0.01469873 4260.625
0.01524781 4168.67
0.01174779 4311.298
0.02492615 4041.942
0.02105987 4742.653
0.01437004 4290.953
0.01186798 3969.637
0.0283475 4332.667
0.007404065 4370.229
0.02246838 4684.904
0.01001622 4549.912
0.0112183 4366.967
0.006047831 4443.52
0.004306151 3945.793
0.006515574 3679.122
0.009970885 3665.229
0.01526781 3350.229
0.03597113 4400.516
0.02072241 4266.379
0.01013519 4511.751
0.008060007 4281.256
0.01271492 4709.487
0.03186739 5545.316
0.01830279 5183
0.03029273 4591.587
0.01854256 4805.6
0.01388404 4228.162
0.01840513 3841.545
0.007607179 3639.29
0.008342697 3446.205
0.004372354 3914.659
0.002353937 3479.944
0.01321945 2966.823
0.003507467 2470.737
0.01620492 2255.458
0.02183581 1978.936
0.01356675 1939.835
0.01775783 1545.275
0.02685431 1826.385
0.02310484 2138.564
0.02488203 2250.887
0.0309262 2531.726
0.03561953 2486.496
0.03592514 2874.97
0.02479539 2905.791
0.01347054 2553.425
0.008628322 2697.565
0.01333386 2480.567
0.01219134 2673.887
0.03323615 2901.674
0.02894452 3121.865
0.02992569 2762.302
0.01678124 3665.261
0.01573355 2965.232
0.0174942 2417.099
0.02494717 2579.419
0.03622775 2108.684
0.04191336 2109.226
0.04595169 2217.634
0.05343865 2341.966
0.03450813 2368.973
0.01780769 2559.887
0.02675909 2701.749
0.04260041 2483.494
0.02745748 2069.509
0.02731948 1908.819
0.01582246 1833.533
0.02238756 1799.488
0.03144738 2054.877
0.03548693 2194.626
0.04340675 2237.753
0.05199716 2233.445
0.01881432 2118.54
0.02667599 2117.863
0.038611 2022.811
0.01715351 2358.833
0.01499484 2675.684
0.01832335 2411.378
0.03036625 2282.815
0.0378517 1918.946
0.03944604 2058.856
0.02927221 2022.853
0.01083043 1875.453
0.009288032 1762.292
0.01577737 1783.322
0.01687967 1666.764
0.02986798 1392.863
0.009617743 1302.271
0.00485024 1082.852
0.01083654 899.687
0.02700676 978.5751
0.03598143 1068.155
0.04153423 1142.751
0.03815584 1152.989
0.03169962 1458.367
0.02760241 1324.73
0.03197653 1635.585
0.037776 1488.09
0.02600465 1392.238
0.04888752 1458.481
0.064122 1325.358
0.06762551 1350.277
0.07959988 1317.337
0.08535426 1335.515
0.05820957 1125.783
0.05709678 1408.797
0.04681642 1619.017
0.03411265 1353.339
0.05172634 1306.633
0.04113121 1337.155
0.0550131 1093.247
0.06375073 1098.482
0.06988701 1114.956
0.05674671 1058.077
0.03921635 1253.132
0.02343165 1155.644
0.02729306 907.7722
0.0256156 1109.807
0.01443363 1485.567
0.01547891 1401.381
0.01844773 1537.636
0.03051058 1531.202
0.02656543 1444.728
0.005774878 1332.985
0.006437148 1657.806
0.02143992 1489.952
0.02515317 1327.241
0.03686366 1456.778
0.03110847 1686.837
0.04216365 1647.535
0.0184 1762.512
0.02361022 1636.658
0.03744265 2096.368
0.0583247 2009.683
0.07817928 1987.474
0.05686618 1905.716
0.07271072 1868.798
0.03446758 1673.29
0.06872979 1448.748
0.06616569 1423.43
0.08865717 1409.98
0.07143497 1571.985
0.07569435 1486.45
0.07226169 1426.109
0.0927404 1476.219
0.08952496 1527.325
0.05690434 1451.602
0.03370073 1484.706
0.03809507 1470.415
0.0261226 1784.41
0.01551314 1908.743
0.01618218 1933.352
0.01235213 2311.683
0.0183562 2596.79
0.02322976 2405.569
0.04028162 2798.309
0.02581172 3011.009
0.02327879 3164.877
0.01303955 3063.063
0.01662812 2990.001
0.01629577 3455.208
0.018815 3616.509
0.01887347 3986.453
0.02959021 3817.698
0.01737298 4161.225
0.03027638 3988.348
0.01849184 4300.255
0.02249724 3894.995
0.03714067 3292.081
0.03808718 3287.102
0.0374046 3194.003
0.02487201 2558.792
0.03403438 2028.88
0.01623877 1858.652
0.03588162 1595.176
0.04243399 1594.847
0.04196798 1672.076
0.03591301 1581.755
0.03777346 1723.575
0.03119402 1948.76
0.02560265 1992.645
0.03580462 2091.551
0.01537073 2136.891
0.03241642 1747.95
0.05562447 1654.192
0.0411353 1566.098
0.06610642 1864.448
0.02410539 1869.711
0.02313366 1458.203
0.03436535 1413.782
0.03970348 1470.191
0.0605557 1578.743
0.06184565 1580.551
0.0451261 1529.059
0.02701837 1473.365
0.01085369 1586.763
0.01302061 1666.669
0.03344747 1613.527
0.05383489 1452.742
0.05035758 1381.823
0.04209045 1253.23
0.02260508 1361.951
0.02387501 1230.038
0.03873903 1308.485
0.04058894 1481.977
0.04407851 1249.971
0.03169018 1308.495
0.01753529 1227.739
0.00722602 1170.234
0.01528522 1450.885
0.03047722 1350.486
0.01541789 1384.612
0.02637674 1374.495
0.02660137 1353.669
0.01781325 1313.037
0.04059992 1283.689
0.02618861 1368.631
0.03008791 1419.054
0.03106492 1382.165
0.02283963 1293.334
0.02677865 1153.99
0.06197396 972.3368
0.07161255 1171.134
0.1275272 1131.23
0.1200757 1207.626
0.09475472 1444.513
0.06403939 1223.098
0.05089491 1281.733
0.04491751 1217.253
0.03107746 1345.432
0.03252668 1173.418
0.01440396 1183.492
0.005462847 1290.186
0.007240841 1344.041
0.03000474 1411.5
0.03646317 1267.613
0.05092224 1189.033
0.03847548 1350.886
0.02737454 1158.858
0.02455052 1300.111
0.03006745 1121.645
0.06555923 1418.874
0.06875515 1228.779
0.07544274 1296.049
0.05721376 1453.402
0.06403708 1295.959
0.06616821 1292.587
0.0436398 1297.786
0.07081952 1102.644
0.06943476 1047.942
0.0526338 1035.599
0.06253316 989.3671
0.05392427 1030.311
0.03969652 994.3585
0.02623525 1105.648
0.01633965 1057.491
0.01710339 1220.478
0.03997615 1129.97
0.02930991 1108.829
0.02196881 1113.846
0.02660169 1250.113
0.02202652 1308.019
0.08502619 1181.123
0.1219002 1309.972
0.08096192 1078.976
0.07990784 1017.1
0.06397899 989.4804
0.07407378 1019.765
0.08199987 893.1253
0.05727992 997.0131
0.05215237 1049.345
0.07791166 908.0527
0.06922406 953.7356
0.09569168 787.7893
0.07397295 663.1872
0.08408183 729.3412
0.07269149 614.0559
0.05650462 601.5083
0.05149387 528.9861
0.07968118 560.1664
0.06418409 633.7008
0.06140235 599.7081
0.03345452 610.8041
0.07494532 716.719
0.07237758 713.7551
0.05420374 694.279
0.07015461 733.4712
0.07585689 809.9521
0.04128779 879.1526
0.02393929 820.9717
0.01929948 780.5085
0.01689643 829.6617
0.01847921 908.9589
0.01408657 959.3117
0.02114143 1003.578
0.007313563 1145.98
0.00459737 1288.25
0.01287153 1513.501
0.01007013 1627.114
0.04603922 1442.086
0.06140754 1370.678
0.03285867 1158.005
0.0259865 1345.05
0.007164913 1361.52
0.003908026 1350.571
0.01575989 1381.91
0.01765164 1243.741
0.009861177 1317.382
0.01709165 1196.462
0.02094628 1342.94
0.0370429 1227.821
0.05052923 1277.462
0.0389577 1373.538
0.02860152 1282.493
0.01914196 1396.566
0.03852742 1546.818
0.04085311 1745.79
0.02944017 1529.482
0.01895234 1452.662
0.02233863 1356.196
0.0379077 1569.775
0.04028242 1336.403
0.05353734 1489.526
0.03778943 1439.036
0.0327203 1305.071
0.03714805 1605.891
0.04904326 1418.728
0.05877083 1648.432
0.03178205 1511.799
0.05292956 1333.679
0.06024065 1345.118
0.06637578 1579.934
0.05370555 1447.161
0.02986131 1414.459
0.03715 1302.167
0.03221585 1288.623
0.03074915 1132.966
0.05574721 1157.099
0.06658886 1072.025
0.06377141 885.2929
0.06340949 886.3556
0.08644806 866.5099
0.02246894 922.1118
0.02454561 958.8785
0.03357258 1035.81
0.03350269 1300.083
0.0549399 1349.385
0.06532051 1336.194
0.07103051 1161.457
0.08049273 1111.98
0.06750157 1296.366
0.05386624 1411.043
0.05720133 1816.979
0.02861507 1591.605
0.02960896 1349.693
0.0394454 1273.431
0.05455975 1605.277
0.07575701 1521.313
0.0537104 1289.541
0.05669981 1160.069
0.04377866 1261.795
0.05754449 971.9535
0.06817987 1001.002
0.08979733 992.5067
0.06462586 1107.217
0.05589231 960.8138
0.04485266 1057.098
0.02413283 1107.453
0.0418749 1037.772
0.05503434 1178.183
0.04712847 1294.248
0.0597453 1278.615
0.06241202 1346.064
0.05953907 1329.394
0.08276873 1319.878
0.03401266 1290.666
0.02682964 1276.153
0.02053819 1270.182
0.01930456 1265.979
0.03122227 1400.125
0.02366896 1620.793
0.03693696 1426.94
0.0366132 1421.163
0.03345978 1197.203
0.04168145 1008.305
0.03827107 952.7343
0.05099169 799.2945
0.04259807 1014.893
0.04872721 904.9908
0.08981242 806.2802
0.1328659 754.8942
0.1484801 664.181
0.1381496 678.6604
0.130545 588.2213
0.1612212 572.1993
0.1208288 580.24
0.1730257 525.4192
0.1302934 536.1234
0.1225982 626.607
0.1142723 761.6723
0.1227606 891.3869
0.1388419 897.2262
0.118912 713.6858
0.1332531 726.1618
0.1296589 686.3405
0.1123498 771.0415
0.1022969 802.7134
0.07214638 765.8866
0.1035198 758.3439
0.06927449 721.8764
0.1124228 785.4737
0.06950082 643.8719
0.06478071 564.4503
0.08794791 530.5437
0.07021728 628.9204
0.0931814 658.9145
0.09959712 701.6503
0.05017863 692.3525
0.0377804 761.7819
0.04120282 976.245
0.05351589 1129.236
0.04047228 985.6272
0.03858434 930.4177
0.03727218 1142.42
0.03332572 1214.375
0.04303966 1144.983
0.04127358 1230.402
0.04572229 1038.515
0.05043757 1277.896
0.06567826 1379.57
0.06043719 1512.67
0.05767182 1556.594
0.05736404 1189.365
0.04435539 1119.031
0.04011746 1209.9
0.0719668 1201.955
0.07716124 1089.118
0.06992505 1167.607
0.03663548 1078.548
0.02518386 1214.462
0.03274336 1123.079
0.03196042 1074.423
0.04505539 1215.431
0.07176928 1148.282
0.06845656 1044.313
0.07957255 920.174
0.06654385 899.5441
0.1103325 914.5527
0.06869119 963.8392
0.06918229 1141.011
0.0766244 1165.068
0.08266961 1175.941
0.04960858 1331.927
0.03740616 1384.02
0.04184237 1346.481
0.02328212 1603.238
0.02284281 1685.584
0.0246417 1649.479
0.05583306 1618.896
0.04895216 1243.71
0.0494825 1238.819
0.04221826 1298.45
0.009973407 1105.019
0.0208629 1035.06
0.02467994 982.9465
0.02956717 957.1279
0.03919344 968.8098
0.06672673 928.7607
0.0910675 1018.95
0.05841751 1421.648
0.08057441 1418.332
0.07412769 1230.326
0.06458226 1224.141
0.05878974 1227.337
0.05925403 1150.038
0.03861677 1110.422
0.02820743 1200.333
0.0379 1034.09
0.03895421 911.9511
0.0751541 881.1057
0.05553017 714.4708
0.03872632 622.7766
0.04800395 602.808
0.06315891 517.6919
0.05146101 562.0074
0.05376675 674.7665
0.04008168 679.1336
0.04472831 718.3293
0.0678668 742.7693
0.04419785 707.8389
0.03164417 667.3432
0.02243423 741.5722
0.01969457 694.4791
0.0270431 681.383
0.02211893 721.3987
0.03253286 688.7421
0.03228219 577.12
0.0437717 622.7275
0.03522661 645.7675
0.06123879 558.3032
0.05960226 554.0041
0.08215932 608.1772
0.1016025 613.3045
0.08402066 542.2585
0.1016831 612.3795
0.06025137 598.3855
0.07991587 610.0301
0.05018453 676.7622
0.03181768 768.5158
0.03579335 759.0417
0.01241339 698.5659
0.02520443 797.7716
0.04888988 795.6692
0.06860236 773.1113
0.07887949 769.2815
0.09532763 793.7797
0.112544 805.9327
0.1040866 687.552
0.09844546 625.8728
0.1034328 775.0783
0.1002533 767.9316
0.0917645 782.5462
0.0906579 710.6259
0.1069407 653.2327
0.07663139 594.049
0.08548474 502.5306
0.06108627 555.555
0.0530484 625.8986
0.05863998 607.1259
0.07152686 707.9284
0.08544906 792.0586
0.09194183 720.4335
0.04940883 723.5106
0.06279908 813.6495
0.07690973 924.942
0.09373569 923.9552
0.07098324 984.4397
0.09898355 1048.123
0.07270091 947.5274
0.07548104 881.2541
0.1057846 805.8367
0.09505065 752.4269
0.06994554 813.6325
0.09060071 843.1856
0.08296033 942.3614
0.1132215 872.279
0.1280682 920.5769
0.08777854 920.3397
0.08916284 954.47
0.09660649 883.3291
0.09558078 727.7431
0.1475406 762.6323
0.1544943 560.7903
0.164015 572.3672
0.1280007 633.5703
0.1188873 674.7209
0.1034747 792.0767
0.1049968 905.4445
0.09743494 909.2972
0.1115059 952.5997
0.1176053 951.5163
0.1018162 948.3331
0.08543271 875.9868
0.1244001 878.6423
0.1040657 978.039
0.07363873 970.9872
0.1123907 887.1703
0.108154 996.0863
0.1240188 1275.168
0.1076712 1378.39
0.1138356 1417.549
0.06930006 1417.22
0.03839074 1215.212
0.04038259 1174.308
0.03711209 1264.096
0.04058657 1230.562
0.03521487 1112.5
0.04124105 1064.294
0.03832152 945.4796
0.04202311 979.9236
0.02892987 1495.611
0.009816317 1234.309
0.001831926 1182.466
0.006279279 1149.728
0.009097594 1201.22
0.006290708 1168.538
0.009525048 1236.435
0.01598445 1435.208
0.022865 1707.713
0.03032628 1764.966
0.02764037 1951.257
0.03891692 1807.185
0.03835267 1903.803
0.04394012 1790.721
0.03490936 1853.883
0.03431284 1784.302
0.03145354 1561.489
0.05118635 1654.35
0.06413219 1363.311
0.07077158 1349.987
0.06656802 1242.996
0.08461302 1044.028
0.08837415 946.3118
0.07313294 897.4557
0.09549565 821.3063
0.1234198 969.6687
0.1317978 879.8996
0.1079568 1000.587
0.07938089 896.7151
0.05833829 1004.085
0.09845078 977.146
0.07836624 804.3112
0.05778598 858.1757
0.05895912 842.4141
0.04022929 901.5039
0.03198561 989.0935
0.03867491 889.403
0.03416584 753.8037
0.02154452 855.6939
0.02603406 959.0536
0.017821 878.1316
0.03604714 889.579
0.03083631 970.2282
0.04302121 961.9362
0.03385749 1138.575
0.02092704 1249.379
0.02982244 1324.513
0.05049004 1275.13
0.08378213 1196.583
0.04502098 1170.38
0.05386031 1241.873
0.0493443 1350.374
0.0678724 2047.08
0.06581324 1831.33
0.06515469 1572.925
0.06117647 1344.613
0.05937645 1357.511
0.04906408 1317.646
0.04483984 1245.19
0.04402215 1175.7
0.02839386 1234.274
0.02284186 1447.512
0.02034222 1282.234
0.02594083 1227.304
0.03785071 1508.141
0.03016423 1561.499
0.03556333 1698.815
0.03950817 1782.083
0.04764697 1776.475
0.05214768 2197.265
0.04982206 2194.55
0.0448074 1903.702
0.04637413 2315.271
0.0423007 2232.048
0.02822568 2036.932
0.006208277 1978.066
0.0179791 1875.224
0.005352564 2003.255
0.04222943 2022.26
0.03790133 1943.569
0.02214546 1622.847
0.02655254 1948.684
0.02856102 1810.054
0.02905829 1714.94
0.02905163 1384.921
0.04839107 1559.041
0.04222617 1605.624
0.05673524 1737.336
0.05128496 1377.276
0.03865701 1193.073
0.05158382 1297.5
0.03305283 1524.07
0.02475445 1283.308
0.04528659 1580.979
0.04493744 1438.458
0.06304074 1297.954
0.06163176 1298.747
0.04798038 1364.069
0.04848011 1371.277
0.035672 1256.54
0.03987779 1139.042
0.06795833 1407.6
0.03199749 1238.611
0.02148532 1267.919
0.007861126 1317.148
0.01341233 1257.936
0.02108333 1169.767
0.02996246 1281.812
0.02781243 1355.622
0.0320204 1389.146
0.0419311 1657.157
0.02126569 2086.697
0.03202539 2211.156
0.02823283 2317.338
0.02152978 2163.388
0.02232944 1906.091
0.04047721 1846.38
0.03271467 2274.364
0.01497266 1958.738
0.01970084 2038.986
0.02947743 1956.619
0.04382916 1660.019
0.02969117 1709.347
0.03813713 1492.513
0.02423553 1507.542
0.0245995 1218.04
0.02728834 1271.154
0.0279891 1010.937
0.0377392 1324.277
0.03685646 1214.008
0.04528916 1204.988
0.03075522 1064.265
0.03937371 930.6188
0.04320802 909.5845
0.06469242 949.6008
0.05164827 860.4195
0.01935476 1068.648
0.02699876 1270.982
0.02373776 1125.315
0.02743901 1169.442
0.05370734 1018.111
0.05059136 1197.511
0.02666899 1301.73
0.03280096 1244.956
0.03434778 1493.154
0.04782826 1724.235
0.0491406 1576.881
0.03028658 1445.58
0.03801097 1546.016
0.02206119 1274.344
0.03367543 1259.254
0.02109123 1246.66
0.01470256 1379.158
0.0197398 1263.869
0.02473043 1019.653
0.01763906 965.0897
0.01948128 1056.348
0.04837476 1045.968
0.08220339 1079.738
0.04801354 1118.086
0.03912483 1308.896
0.0648458 1169.298
0.05085578 1179.516
0.0209707 1035.338
0.02518044 1134.311
0.008055069 1270.799
0.01710864 1246.332
0.01512426 1110.461
0.01207486 1025.656
0.00781862 1046.557
0.01101668 958.7038
0.04864048 977.1479
0.06905718 1032.747
0.08619498 941.5059
0.05316371 866.7875
0.05720277 906.0262
0.04316147 840.5778
0.03050318 1028.018
0.04730603 1091.718
0.05547874 1036.205
0.07272246 1001.311
0.0538178 922.6089
0.0766837 955.3861
0.06321317 1229.352
0.03928478 1209.345
0.02623698 1205.354
0.04576658 1044.984
0.04785315 1123.514
0.04257056 1056.001
0.03443156 1078.104
0.01220835 1300.693
0.00325146 1462.356
0.00757112 1468.127
0.01364895 1645.68
0.007311867 1739.067
0.01867629 1972.316
0.01621596 2153.111
0.02395681 2584.49
0.02209378 2571.221
0.01677715 2588.095
0.02248876 2356.208
0.01953372 2285.813
0.04508187 1861.915
0.02334727 1817.331
0.0145129 1816.031
0.01007293 1610.356
0.01826972 1609.861
0.03751668 1362.034
0.06413563 1285.847
0.04316356 1294.919
0.04713484 1128.081
0.01943281 1182.7
0.01866558 1491.041
0.01873853 1357.909
0.006230754 1321.444
0.002969878 1233.86
0.00543799 1055.458
0.03243525 1057.248
0.02732394 1211.519
0.01059732 1534.982
0.01411272 1356.692
0.01682993 1270.048
0.01586444 1279.79
0.002824366 1233.925
0.007287813 1321.398
0.007863228 1122.275
0.009635563 1259.268
0.02446976 1311.333
0.02821652 1265.408
0.01768582 1181.833
0.02069068 1020.356
0.03958789 954.4083
0.03548706 1027.57
0.0450775 978.6287
0.05164709 1027.483
0.05749746 1091.371
0.0643829 1166.038
0.05557369 1247.695
0.04772283 1260.091
0.04543161 1453.599
0.04429084 1624.053
0.04201104 1642.629
0.05606245 1456.001
0.04803312 1524.547
0.05029696 1462.82
0.04283572 1882.588
0.05670902 1781.347
0.07182462 1695.634
0.04701099 1523.293
0.04374127 1406.905
0.03052489 1296.313
0.03910351 1684.202
0.01451097 1408.421
0.0107273 1746.259
0.0119461 1806.551
0.008490889 1744.443
0.01853994 1489.72
0.04961441 1338.482
0.05490719 1585.228
0.03525196 1585.881
0.03470748 1617.947
0.03350586 1759.595
0.01944539 1780.673
0.01673122 1431.63
0.02342656 1465.183
0.02147954 1557.019
0.02596577 1335.233
0.02344775 1144.739
0.01387581 1181.992
0.01856192 1184.478
0.03429529 1178.249
0.04540072 1065.029
0.03970156 974.6841
0.03459757 1092.841
0.02576755 1227.236
0.03004802 1194.424
0.04013595 1025.854
0.03607905 906.1364
0.04938272 892.821
0.04961985 921.0646
0.05674038 783.6417
0.08007607 719.9961
0.07482697 671.3149
0.0675569 733.8066
0.06519203 696.5998
0.08129515 675.006
0.08472191 601.8226
0.09968374 649.5312
0.1178659 609.4547
0.127762 531.0016
0.1643662 517.5812
0.1290932 466.9905
0.1483312 504.6359
0.144753 500.0812
0.09386635 504.7968
0.1109274 473.2062
0.09233667 474.0734
0.1160038 507.8399
0.1456737 522.1161
0.1474565 534.1369
0.1876471 448.7377
0.1848286 440.5808
0.1372617 416.396
0.1772461 413.9971
0.1479032 453.0637
0.1501962 515.8027
0.1582717 546.8145
0.1604659 524.1205
0.1598633 522.8654
0.1552649 549.5534
0.2497412 484.2254
0.2441982 599.9458
0.2297461 588.6397
0.234978 690.2462
0.2276706 683.9713
0.2126613 637.2137
0.2006894 672.2914
0.1557341 770.2097
0.1809818 881.2517
0.214255 784.1238
0.1821927 760.3363
0.1501496 726.7068
0.1204639 683.4787
0.09948481 820.5077
0.1256789 816.7394
0.09558392 851.3498
0.08553528 748.0166
0.07429627 714.3111
0.04004865 794.4886
0.0238621 852.3029
0.0187864 795.8306
0.007479051 842.8996
0.001812755 924.3757
0.0007102179 960.3447
0.007673318 1172.344
0.008355449 1168.227
0.02226697 1406.216
0.03017673 1794.537
0.02539522 1567.163
0.03693787 1749.146
0.04687391 1610.55
0.036281 1409.287
0.03505723 1418.217
0.01582547 1321.103
0.01311277 1232.269
0.01080332 1184.409
0.01145611 1159.734
0.0192657 1064.677
0.02211771 1093.128
0.01067396 899.7622
0.01159631 989.895
0.007848199 897.1288
0.005418952 958.1307
0.004739412 855.8231
0.02031503 925.5228
0.03561086 872.4143
0.05888881 885.1012
0.04928065 867.2173
0.04578715 812.085
0.04339467 925.096
0.05194174 919.0197
0.04253732 1091.83
0.07202987 1220.785
0.06906025 1227.287
0.07071838 1214.228
0.05238778 982.9854
0.04820172 865.525
0.04168158 809.7859
0.02951071 792.6039
0.05991114 870.0152
0.05478697 749.5231
0.04239663 655.0849
0.05232115 686.9056
0.06609877 685.1719
0.06216948 804.1442
0.07433601 818.0233
0.06308759 847.4281
0.04273228 800.7324
0.03714341 877.0978
0.0280085 790.3564
0.03494651 893.2373
0.05976851 908.7782
0.05248254 954.0714
0.07258588 825.2459
0.08813724 855.5555
0.09112973 945.4889
0.09480971 883.0626
0.07182528 678.7879
0.05580875 769.8631
0.06492639 775.7819
0.02330116 724.8983
0.03743608 801.1521
0.05224901 752.2571
0.04978815 815.7485
0.07889679 911.3665
0.06732221 895.5212
0.07056356 752.6468
0.05002336 681.1235
0.05457653 807.3105
0.08391903 759.1172
0.07726701 822.3074
0.06015789 854.5145
0.07357313 949.173
0.04710135 901.5272
0.06083959 849.1796
0.03307604 870.7084
0.02656586 801.8034
0.02489826 915.6061
0.03425035 973.7863
0.04375949 863.8621
0.04824862 1038.693
0.05578049 1137.999
0.05021005 1258.932
0.04149051 1230.417
0.06277377 1291.738
0.06779848 1285.614
0.04106481 1402.439
0.01797854 1282.865
0.01895694 1576.482
0.01526898 1640.33
0.0222719 1342.909
0.0493393 1519.753
0.02419883 1323.67
0.03077202 1652.501
0.03679271 1570.435
0.03563916 1327.3
0.02294873 1171.32
0.04427715 1164.064
0.04628834 1042.301
0.0745054 966.7778
0.0565414 888.2459
0.07897971 877.5555
0.09170589 1027.726
0.05173558 1081.372
0.05527112 1195.742
0.05614214 1132.021
0.08456532 1237.616
0.05543603 1239.918
0.04847573 1206.264
0.09089894 1252.991
0.09139346 1051.919
0.1097 865.6476
0.09494025 999.4222
0.09112378 980.0229
0.06706568 1006.89
0.07842317 1243.531
0.07703267 1003.579
0.06683133 1115.101
0.07643056 1109.293
0.09645899 1151.872
0.08529298 1228.552
0.07197232 1102.272
0.0732758 1248.232
0.05889879 1265.179
0.04628686 1136.223
0.04818734 1243.244
0.04296466 1104.061
0.07120346 1033.99
0.06059773 981.1133
0.1023128 834.4699
0.0698641 926.2611
0.05988902 844.9613
0.08654528 869.3727
0.1027676 923.3796
0.1046774 853.5066
0.1167841 850.8269
0.0854466 841.6675
0.07329805 809.6904
0.1040228 752.9195
0.09819714 766.3212
0.08710371 905.1778
0.08985685 969.4153
0.1137047 829.5212
0.1327167 725.2818
0.1260804 890.7805
0.1227907 897.0227
0.124231 1157.843
0.1398427 1294.372
0.1306407 1174.468
0.09514923 1148.658
0.06944928 851.0151
0.05025138 784.6045
0.08540437 741.1801
0.05944248 760.7479
0.05578038 695.9547
0.0950978 705.4401
0.1087625 774.0649
0.142647 684.998
0.1046499 641.2281
0.07694359 569.2845
0.07740434 589.1041
0.06566733 602.6545
0.04681008 602.1851
0.04075208 634.3179
0.06521072 613.7999
0.08467737 631.7484
0.06436099 584.5587
0.07191447 695.0305
0.07421897 775.3981
0.07151442 822.131
0.0913777 758.4198
0.1090416 860.0745
0.09890232 1031.34
0.06787171 986.1459
0.08050926 1100.823
0.1105124 1079.456
0.1118775 809.1729
0.1082252 947.1578
0.06771646 841.1783
0.07946679 935.7186
0.09313989 714.2617
0.08000793 763.3915
0.1021218 735.9776
0.09594097 705.5111
0.07238084 681.7966
0.07725593 714.8378
0.1022578 652.0512
0.1034072 627.7901
0.1303627 673.2929
0.1351477 596.5917
0.1502172 561.7716
0.1527775 519.7109
0.1842634 451.9751
0.1800274 385.9142
0.1557057 366.5415
0.1674246 303.6084
0.1879049 325.8293
0.1840283 362.0612
0.1496255 371.526
0.165095 446.892
0.1304171 425.6047
0.1218847 443.3791
0.1130171 467.9579
0.09436513 438.6487
0.09683758 429.0072
0.1059088 370.249
0.09770403 434.0753
0.07134573 405.4648
0.05465118 398.021
0.06816144 405.0478
0.06040672 415.483
0.02437823 458.2836
0.01650468 449.8504
0.00845464 488.8375
0.006192324 605.5283
0.005054305 588.3447
0.003733884 567.3011
0.006065933 598.8881
0.01894531 631.264
0.02444916 609.8711
0.0743979 661.0957
0.07647296 556.7993
0.05806124 548.2019
0.04566809 558.813
0.02310431 537.0743
0.03440872 569.5218
0.02132424 514.6845
0.00989403 483.892
0.002618064 524.169
0.000387508 450.3833
0.009820288 429.2456
0.001605305 427.4982
0.006429016 421.5434
0.02167 417.1267
0.02906121 455.0842
0.0279366 434.4537
0.02083699 417.1464
0.04766502 479.9909
0.03661768 589.5699
0.04441966 534.7756
0.03339497 531.6763
0.02511664 536.0609
0.02213798 565.2035
0.06404312 554.7156
0.06468099 505.0449
0.05454404 472.847
0.07876241 538.2413
0.0932092 504.6644
0.07984056 517.4739
0.1185603 524.9572
0.0987726 463.7061
0.08448121 477.2472
0.1101038 484.6946
0.09125874 505.1614
0.107885 531.4047
0.07627608 531.7984
0.092709 549.1118
0.089109 578.5042
0.1083399 559.8509
0.1109486 622.2933
0.1004038 682.5024
0.05857948 720.7849
0.08862486 709.5591
0.08339128 629.2609
0.08095957 695.6388
0.07989858 761.5433
0.04266398 800.9085
0.05720132 862.668
0.03582319 816.7603
0.05579821 911.4242
0.04713962 917.3034
0.04092749 998.6601
0.03285218 1088.488
0.02688937 1318.463
0.02609804 1261.557
0.0212779 1205.554
0.02845025 1215.405
0.02378941 1237.455
0.01547761 1258.569
0.03997133 1324.919
0.06965002 1153.529
0.02952379 1249.91
0.04839243 1219.8
0.0698783 1295.24
0.05660736 1400.822
0.06391881 1115.021
0.07643377 986.4519
0.06450523 1040.975
0.0430822 1145.573
0.04713697 1216.365
0.03840108 1087.039
0.0275647 1070.18
0.01226817 1085.738
0.01920059 1265.417
0.02467887 1326.875
0.01986705 1309.95
0.02292064 1450.363
0.03612959 1228.034
0.03624135 1383.234
0.0406961 1223.692
0.0498092 1297.15
0.04931135 1124.818
0.08024493 940.1101
0.06651315 1061.646
0.1105753 1067.957
0.1250127 1228.696
0.08267962 1154.356
0.05529529 1033.011
0.0405799 958.3813
0.0429584 989.097
0.02721951 860.907
0.01528241 796.3521
0.01053887 785.3577
0.006079076 913.4118
0.01537842 1051.553
0.03256366 881.6249
0.04302082 905.1672
0.02094352 1007.249
0.02627672 1158.874
0.02571302 1261.17
0.02083642 1260.6
0.02919775 1218.912
0.01471618 1078.937
0.006673165 900.2044
0.005272242 1047.998
0.01341093 874.2029
0.02184016 917.3491
0.01895261 969.336
0.01561813 927.9013
0.0162502 919.5696
0.04419781 970.354
0.05270523 826.8503
0.06756212 859.7155
0.04557019 774.9076
0.02700583 780.6326
0.07445859 916.1997
0.05129914 827.2259
0.09266518 841.236
0.09110144 1020.232
0.07845741 1072.407
0.1229455 1121.089
0.1044348 1061.168
0.09168812 945.1956
0.07928728 1197.458
0.07864542 1155.011
0.08374652 1070.853
0.09657939 951.7296
0.09743127 913.6865
0.07795545 850.5871
0.1239052 823.8712
0.1014917 885.8061
0.1178943 935.5902
0.1175315 998.7395
0.09725097 965.3566
0.08845201 824.3882
0.09301694 719.4093
0.07992541 753.7109
0.06518742 856.0482
0.08467054 890.7525
0.05765611 799.3862
0.04486835 801.8428
0.0605624 866.038
0.0813438 865.0617
0.08836788 874.963
0.08921124 762.9781
0.1109057 712.1111
0.08814022 787.6367
0.09297387 796.1442
0.08114329 678.3421
0.0574801 689.8192
0.02606706 760.3876
0.02942627 749.2993
0.04847854 850.8804
0.03735342 935.6129
0.029458 982.4343
0.04218737 1024.475
0.03985703 1014.715
0.03273796 949.7203
0.03253701 872.9535
0.03576675 673.2659
0.0192367 592.1562
0.02390347 542.2116
0.02547856 506.42
0.02217756 576.3215
0.02163398 553.2503
0.02085556 546.3455
0.03287179 549.1851
0.03377284 571.0421
0.02661467 669.1525
0.01929871 591.4969
0.03403422 491.1897
0.05272801 465.658
0.06291048 502.9288
0.0455029 448.998
0.02905916 471.242
0.02629565 469.9761
0.0262975 557.7501
0.02290275 654.5986
0.02414228 781.9333
0.01727982 872.9119
0.01088817 951.237
0.008303567 963.7799
0.01849844 998.8427
0.0301239 990.2619
0.05086867 991.987
0.03693505 992.867
0.04569874 1121.15
0.0324456 1123.319
0.03895578 1141.987
0.02153167 1526.014
0.03128577 1224.304
0.04999674 1170.487
0.0530711 1229.443
0.07279635 1264.969
0.05047736 1058.874
0.0698453 976.6369
0.04701177 852.4676
0.02877441 699.2559
0.02028467 735.3631
0.0182784 689.6666
0.03295323 747.0727
0.02773804 669.9626
0.03401845 591.2289
0.05861289 562.7244
0.09071169 579.1989
0.09891056 732.6181
0.1328515 788.9532
0.1390327 750.5569
0.09787143 775.6192
0.1276612 810.7476
0.1832314 802.7986
0.2190186 667.5305
0.1731357 714.5153
0.1976392 659.5551
0.2637015 530.0982
0.2505738 507.9312
0.2194483 524.3939
0.2186411 652.8995
0.1555086 644.9989
0.1122785 578.1551
0.1028696 549.5866
0.08491097 518.9714
0.06896796 474.7928
0.0688519 503.5793
0.03781245 495.0815
0.06746509 511.6866
0.06949423 530.6264
0.0618642 490.7031
0.07387536 468.8504
0.0622304 443.0261
0.07511797 387.9059
0.09055978 360.7405
0.1466088 346.5666
0.1387513 311.6706
0.1355802 258.9163
0.09324531 299.6462
0.1094999 293.8447
0.1057675 267.971
0.109926 335.0588
0.131162 311.2915
0.1659275 320.8931
0.1818605 286.0655
0.1464669 312.6141
0.1771055 338.5507
0.1598984 328.1646
0.1605084 259.2162
0.1702151 273.0944
0.1632979 301.7727
0.203881 370.0478
0.1828133 414.8286
0.1973799 373.4236
0.1682827 433.7153
0.08030274 394.9074
0.09670055 392.5365
0.09634464 421.9849
0.0894161 408.0867
0.07927218 403.5464
0.05260845 421.2036
0.02535197 342.5827
0.01516249 360.7327
0.0122578 398.1
0.00480378 419.9954
0.008054856 404.2422
0.01544643 450.8547
0.01117176 454.698
0.01239339 494.8682
0.009423185 432.3292
0.01020178 397.8626
0.03026396 314.8142
0.03270938 337.4898
0.02196311 373.4628
0.007162542 343.1745
0.01004653 372.3328
0.004623164 458.9186
0.01205395 436.6632
0.01749812 506.8566
0.02486579 545.2125
0.03243523 657.7771
0.03620736 636.6561
0.01981652 682.2276
0.03493202 688.8338
0.06200835 605.227
0.03019326 586.2844
0.03054901 627.546
0.0163789 438.2629
0.02592591 433.4205
0.03151984 470.4403
0.04082576 508.8953
0.02548101 531.31
0.01847881 570.7386
0.02333578 687.767
0.01649248 689.4549
0.02045391 757.3463
0.02316805 751.6532
0.03435846 695.6485
0.02748167 540.7809
0.03084761 557.9321
0.01330852 575.6724
0.009331421 654.9205
0.009734198 662.7283
0.00667981 738.5144
0.004811168 660.1132
0.008228482 632.7449
0.03357602 642.2576
0.03828121 682.7145
0.05040968 630.6335
0.07113995 689.1089
0.06637114 699.2
0.07278803 605.5631
0.09882319 648.4652
0.08346037 703.6327
0.09581236 797.6325
0.1195771 781.3183
0.1194323 674.4219
0.07411151 605.7662
0.07795471 585.7283
0.07546202 640.2117
0.0445349 700.6916
0.03271981 800.27
0.05387992 734.0367
0.0165159 732.6024
0.03422624 677.0912
0.01184745 689.6317
0.02771341 591.3988
0.03603891 718.5772
0.04345794 730.9676
0.0334762 847.5263
0.04360102 822.005
0.0597873 761.5105
0.05788264 701.1215
0.04734578 699.4258
0.03970684 598.132
0.04689125 612.8158
0.03700435 742.7555
0.03953796 827.6453
0.0480638 766.928
0.03931101 772.6587
0.08530142 867.8175
0.106229 726.4481
0.104122 784.2742
0.1022057 864.4111
0.1075729 997.5275
0.08155894 989.0602
0.07395341 900.1106
0.05044745 917.6874
0.04647604 905.8569
0.06185505 861.6185
0.06023459 799.4453
0.05451276 887.7831
0.04781809 890.9756
0.05308843 989.1208
0.03784549 1130.592
0.02384418 1283.847
0.03239765 1206.403
0.04424469 1176.862
0.0666753 1104.022
0.07536898 1051.286
0.05516989 1218.647
0.06924597 1046.845
0.08121142 995.6182
0.1091138 898.6823
0.1085176 874.0666
0.1021505 803.7436
0.1029556 846.1751
0.1278891 808.7195
0.08055316 863.7619
0.06643631 969.4588
0.04338575 897.9759
0.05013679 1064.233
0.04244932 961.0855
0.06896343 944.6168
0.0528712 871.4677
0.03636021 736.5627
0.01804864 745.6238
0.02021513 679.7856
0.03908987 759.7482
0.03731422 990.6129
0.02751796 1094.183
0.0268922 1051.596
0.02610298 1100.377
0.02244127 1096.653
0.03858978 1292.83
0.05388609 1357.711
0.04368872 1324.939
0.05923923 1335.812
0.0691215 1305.699
0.03577166 1560.346
0.03171152 1607.921
0.03384004 1318.587
0.041189 1335.451
0.03327418 1335.491
0.02893354 1410.343
0.03481127 1424.436
0.03925082 1625.755
0.01679302 1811.344
0.0188878 1791.182
0.01845767 2257.603
0.02234476 2204.794
0.02332574 2321.817
0.03170028 2358.486
0.02573116 2262.224
0.04495445 2144.837
0.03859468 2153.773
0.03458501 1859.991
0.04991066 2213.48
0.04553676 2169.44
0.05483726 1879.554
0.04640954 1884.478
0.06308173 1881.369
0.05863024 2061.571
0.05142034 1620.021
0.05527157 1643.982
0.07038188 1413.703
0.08079018 1428.579
0.07719678 1500.001
0.03449356 1481.092
0.01332167 1771.758
0.01428405 1958.624
0.0246307 2264.871
0.03527961 1885.809
0.01444493 2094.295
0.02712774 2024.231
0.05085124 2080.333
0.05039756 2150.498
0.03946221 2675.12
0.0346075 2326.337
0.03535841 2425.446
0.03323703 2540.039
0.02277319 2005.611
0.01685319 1936.571
0.03097408 1829.773
0.0424144 2232.62
0.03019855 2564.536
0.01989357 2849.24
0.02519184 2564.24
0.006043483 2244.558
0.01227092 2300.741
0.02234852 2416.594
0.0156193 2603.694
0.03864604 2850.568
0.02353151 2505.901
0.05815904 2777.694
0.02841543 3022.541
0.02677758 2714.567
0.01236514 2936.73
0.005435002 3323.321
0.01101441 3272.066
0.008337773 3347.657
0.008507142 2915.801
0.009896435 3344.289
0.01698559 3406.175
0.02603392 3227.96
0.02130384 2975.364
0.01282292 2587.862
0.03117715 2292.031
0.03045263 2024.658
0.03467893 1865.104
0.04701213 1653.664
0.03184359 1225.83
0.0517109 1209.655
0.04254232 1075.386
0.0709727 1047.927
0.07107587 1248.096
0.07273351 1230.249
0.08082498 1136.375
0.09531863 955.2979
0.07026933 1093.72
0.07494983 1003.093
0.08080752 959.8031
0.0738557 1038.268
0.07299244 1150.883
0.05045013 1227.948
0.05751894 1228.032
0.06858526 1337.9
0.0455151 1350.35
0.04383175 1270.966
0.0412348 1542.047
0.04800882 1549.836
0.05354336 1473.141
0.0512684 1092.886
0.04881419 1240.565
0.06247701 1075.508
0.06723714 868.7655
0.09100087 752.1996
0.08119671 838.6551
0.07955907 1158.72
0.1028509 1075.846
0.07179068 1009.45
0.08182517 888.6488
0.05625694 942.5077
0.07407466 856.6694
0.08467383 797.9958
0.05744201 763.5355
0.07270604 723.4676
0.06515363 742.5034
0.05874892 833.1378
0.08424233 760.6318
0.09353748 812.5804
0.07142901 871.1164
0.07750877 699.448
0.05292141 713.763
0.04570737 607.4631
0.06867685 587.4677
0.09989543 661.4484
0.122175 666.9111
0.1185336 571.6402
0.13644 571.2599
0.09216038 691.8578
0.09964088 616.352
0.06722586 537.5259
0.07936761 552.8042
0.07045282 668.7582
0.0383332 561.5419
0.03342893 429.0417
0.02933775 559.7764
0.04242101 574.8869
0.06510238 521.0933
0.1061796 561.5878
0.08246191 499.371
0.06971732 625.5298
0.05471892 710.5241
0.02426251 634.0344
0.04206152 778.8285
0.03778518 820.0274
0.03882821 794.0658
0.04586675 684.298
0.04743153 595.3374
0.08879246 589.3872
0.08099805 611.0573
0.0555585 606.5468
0.06349397 656.2474
0.05146593 632.9706
0.02592101 675.639
0.0256413 484.7226
0.05561648 394.2289
0.04001576 435.7128
0.03492043 399.3498
0.05525544 458.3118
0.08133182 438.1836
0.07021315 461.1261
0.1087274 373.9324
0.1640903 415.46
0.1334467 398.4971
0.1527327 323.973
0.1431347 332.0287
0.1204631 433.401
0.1334788 405.6982
0.09798012 420.5853
0.1110918 366.5966
0.09908589 399.096
0.1194663 482.0112
0.114719 471.7676
0.1045794 460.5715
0.07865769 428.1388
0.07185165 472.4529
0.06775445 522.5457
0.06281465 538.5098
0.059628 489.2284
0.08738147 476.7916
0.09671976 510.289
0.1093502 551.0784
0.1214017 594.6134
0.141427 646.2
0.1252064 572.0491
0.1487572 521.1211
0.1552295 629.2833
0.1283737 620.459
0.106933 614.8363
0.09903447 709.8925
0.08368046 717.6604
0.04318111 659.3182
0.04674374 554.0727
0.02545214 679.6314
0.05101113 622.1474
0.03521594 730.9448
0.04449231 678.6273
0.0632459 693.7347
0.05073557 850.4374
0.06826697 751.6471
0.05195001 805.9043
0.06634664 776.0803
0.03917895 842.3877
0.04751624 833.1841
0.05306843 871.6
0.0385047 907.7186
0.04408188 898.2645
0.04615422 1063.767
0.05822822 1109.494
0.07160699 1376.797
0.104306 1280.079
0.07554976 1132.226
0.0895745 990.4916
0.08071481 1095.732
0.06828674 1061.245
0.06619298 914.8171
0.04441378 924.7654
0.03374815 1089.201
0.05523585 1004.851
0.07036374 1111.646
0.0691052 1047.181
0.04321917 994.214
0.05720054 1094.645
0.06223005 1300.564
0.06953825 1282.286
0.05808812 1235.649
0.06409772 1071.283
0.06762359 1188.021
0.06876887 1123.982
0.09050591 854.7666
0.08438215 896.9921
0.06219677 775.4998
0.04932863 784.6909
0.0354116 996.5987
0.02194147 964.1226
0.008048613 1222.387
0.01709802 1262.584
0.0234912 1351.015
0.02715305 1246.832
0.01310227 1352.931
0.01035803 1603.121
0.01075516 1738.255
0.02174236 1853.179
0.03461625 1809.735
0.03341053 1621.932
0.03612427 1751.506
0.02017599 1761.262
0.02988763 1911.698
0.02295604 1771.14
0.0296898 1540.923
0.04267765 1364.106
0.05552422 1386.714
0.09063962 1460.403
0.07320975 1282.851
0.04056787 1411.012
0.04502988 1592.826
0.03044993 1645.433
0.03370771 1730.466
0.04722099 1740.865
0.03462472 1392.64
0.05301833 1441.453
0.02388237 1453.291
0.01926127 1209.465
0.03160907 1336.95
0.04081037 1192.91
0.04553422 1059.641
0.0449482 1049.63
0.05176286 1016.369
0.04975453 1007.575
0.03578141 872.0865
0.0249473 866.9074
0.01778502 819.4487
0.02126635 857.7445
0.01921282 797.627
0.05712686 970.5115
0.05675151 922.8711
0.06923831 967.5432
0.05652471 949.9283
0.05330208 884.5277
0.05802279 1060.647
0.06210727 1046.525
0.05998049 1025.396
0.06023389 1035.474
0.06125089 996.12
0.06622739 1127.889
0.05940354 1210.239
0.03986305 1052.962
0.03336701 1175.329
0.05300482 1208.975
0.03225425 1070.537
0.04588895 1092.802
0.02653171 1184.665
0.03974053 1105.587
0.0403851 961.0599
0.04774043 1032.967
0.04570332 1257.481
0.02558026 1423.477
0.03944023 1245.844
0.03858819 1145.315
0.03773582 984.7961
0.03794775 1082.114
0.05420249 1063.112
0.05389827 1077.051
0.04877865 1073.145
0.04595608 1339.736
0.04317521 1229.96
0.06041244 1195.334
0.05092034 1308.627
0.05520296 1257.159
0.05834821 1141.936
0.04811464 1111.48
0.07601484 1098.784
0.06209931 1147.587
0.03473751 1160.073
0.07281757 1054.877
0.08066594 981.3683
0.05941379 1047.031
0.03978775 1219.202
0.06315284 1015.746
0.05763127 1005.6
0.05015001 1161.796
0.0711892 1128.472
0.08735846 930.4501
0.07401899 777.8765
0.1345351 689.3646
0.1606153 725.2726
0.193347 667.9283
0.1221417 855.6364
0.06700768 822.8064
0.06651182 772.2994
0.06652451 633.1232
0.02786789 732.9117
0.02128718 709.2308
0.03753587 695.275
0.04662768 797.9141
0.03566325 720.2001
0.07322259 611.3423
0.05519426 585.4991
0.0343973 519.7913
0.03548546 567.2139
0.02680667 609.4469
0.02331555 684.3468
0.04681003 780.8456
0.03127148 799.0771
0.05504058 775.39
0.04335552 930.3275
0.03817732 1172.232
0.02803926 999.3837
0.0145913 979.9037
0.01758591 1033.371
0.02307465 1105.008
0.01642553 1252.185
0.03651092 1372.48
0.04396012 1667.258
0.03409944 1597.316
0.07993626 1340.506
0.05467263 1502.878
0.06931485 1270.559
0.08301345 1150.189
0.07654893 968.6897
0.07049636 1127.372
0.03707405 1002.828
0.05353396 917.3056
0.05310002 802.3881
0.04859819 850.3548
0.05886979 929.4698
0.06639412 803.0694
0.0687192 799.6708
0.07959435 765.4798
0.05316494 791.6238
0.05394984 780.1499
0.02720597 739.2304
0.03210224 685.0221
0.0553185 771.9238
0.02804109 707.1495
0.0107311 751.6873
0.006782688 842.5416
0.007819343 1085.481
0.01564294 953.217
0.02569199 1025.635
0.01465944 1066.865
0.002885138 778.8962
0.005674791 892.992
0.009713381 1040.757
0.02924265 988.8057
0.04063028 1060.429
0.04872163 1107.529
0.04489957 951.6685
0.03284427 924.3958
0.06039528 1045.39
0.04714114 987.014
0.06849115 1198.522
0.07025247 1217.293
0.08925436 1275.355
0.08316303 1378.163
0.09117252 1434.872
0.07461401 1445.016
0.07183382 1346.64
0.07612308 1433.624
0.0404082 1644.923
0.03911497 1771.169
0.02246706 1749.804
0.01557621 2203.917
0.02124953 2063.274
0.01093737 1877.05
0.009872899 2079.187
0.02155472 1996.552
0.01437813 1940.87
0.04070963 2100.319
0.02651963 2393.91
0.0353809 2710.06
0.04095565 2029.703
0.0477514 1987.643
0.0408534 2038.001
0.04473097 1927.555
0.0573655 1686.393
0.0337675 1924.504
0.02794129 2015.356
0.04049095 2060.735
0.03704825 1993.446
0.02580548 1786.254
0.04899052 1800.331
0.02647776 1661.837
0.01636337 1747.946
0.009364001 1483.021
0.01285122 1626.024
0.041801 1362.009
0.04303246 1361.409
0.0398764 1479.503
0.0317168 1570.187
0.04177972 1562.714
0.03574443 1348.385
0.01019228 1250.502
0.02893627 1661.729
0.02521056 1558.206
0.01701772 1357.515
0.01822059 1261.705
0.004569494 1171.961
0.01696362 1244.304
0.01484272 1097.491
0.01650215 929.5942
0.02231006 808.9615
0.019967 839.6699
0.02328275 790.3333
0.03413569 798.0286
0.01373391 791.0564
0.02072429 727.3571
0.02084553 740.8077
0.03815603 768.1674
0.03195923 824.0548
0.02895443 870.8157
0.0452762 794.7014
0.01827316 861.598
0.01834444 879.023
0.04052299 753.6897
0.04971176 978.9171
0.0469358 1135.392
0.01555634 985.0951
0.01116908 1015.268
0.02337518 870.2542
0.02936034 765.045
0.0140392 717.5334
0.02713873 925.0296
0.05141447 850.4525
0.0621774 872.2708
0.04532634 997.8978
0.03705758 939.1436
0.04111004 931.9727
0.02528611 796.3373
0.02858669 756.0113
0.03185769 787.956
0.03437685 770.0461
0.04059184 785.4567
0.02553222 843.9711
0.04198368 846.3901
0.036843 831.5853
0.02596064 881.3867
0.05474283 1115.991
0.04004213 1173.099
0.01840976 1010.881
0.01161515 734.2884
0.02995474 777.6447
0.01624617 770.4218
0.007172109 732.2322
0.02666298 699.3372
0.02224996 840.9417
0.0170888 854.962
0.01817483 931.3716
0.008204523 932.6281
0.0179232 940.4214
0.01223146 836.6611
0.003949138 714.3061
0.003283524 604.5281
0.0067346 670.4693
0.004589422 709.7407
0.00583711 682.0554
0.003359195 654.2222
0.01016291 560.9384
0.02007453 594.9895
0.02697818 710.9216
0.05046982 843.5717
0.06615471 755.7513
0.1018896 804.0921
0.1078556 782.2039
0.07746916 660.6237
0.06640893 548.7658
0.06853183 552.071
0.07034869 589.7553
0.07164403 527.526
0.082388 586.2501
0.0802784 665.3204
0.04880464 646.9889
0.02418772 803.9318
0.01591163 807.9678
0.02713731 784.5446
0.02595606 871.7429
0.02373999 1035.472
0.03515676 1154.435
0.02905069 1026.288
0.0257745 1063.223
0.02501688 1165.639
0.02617285 1041.084
0.03721101 1282.615
0.04235427 1221.229
0.05008029 1130.843
0.07267585 1111.491
0.07581486 927.5059
0.1115504 1050.72
0.07830281 914.6754
0.08307984 949.8374
0.1003614 944.5335
0.08179289 1004.85
0.05895388 1009.504
0.06573783 980.5943
0.06600286 1232.622
0.07221053 1177.157
0.05754849 1009.092
0.05150621 1140.184
0.04866928 981.7619
0.03660736 921.3363
0.05547548 1093.091
0.04398211 1198.989
0.02833156 1043.213
0.04271898 1004.684
0.03343144 884.3774
0.03675473 962.7275
0.02854823 1115.68
0.02414331 1080.893
0.03396103 1074.004
0.03031174 1066.945
0.05021386 1008.3
0.05958277 970.3053
0.06944668 819.9031
0.07165745 768.2012
0.06887686 797.9189
0.02920652 880.1244
0.03153085 936.6934
0.02291443 895.7348
0.01360247 935.1759
0.01597441 1021.644
0.00947199 1000.432
0.01283403 916.7597
0.004719723 940.9638
0.006581579 954.4017
0.002564893 1131.565
0.003945912 1172.243
0.004450784 1122.063
0.009116262 995.3455
0.02714181 1049.547
0.01484112 995.3003
0.05146183 966.774
0.0927695 886.2931
0.06907798 805.947
0.06965371 842.0434
0.05927132 774.1566
0.05470829 772.421
0.04026969 647.8145
0.04420246 694.7507
0.03704381 819.431
0.0359238 813.7962
0.03266711 922.7769
0.02142942 1006.473
0.0552525 901.7842
0.04550461 821.4004
0.04773167 757.0259
0.05792166 722.4349
0.05175611 760.8064
0.05151396 771.227
0.05394277 654.191
0.03599521 638.3815
0.03450859 648.0329
0.06740533 678.2491
0.04978661 668.7618
0.073183 582.2741
0.06604298 603.9802
0.07408636 550.6276
0.086037 626.9401
0.07758406 540.6577
0.104301 569.6614
0.0700972 599.3524
0.05841549 620.6202
0.0464897 622.8669
0.04886017 685.6342
0.02495473 693.9502
0.01275043 600.2083
0.03045292 568.9342
0.05646732 554.234
0.05901909 548.8442
0.09814967 510.1869
0.09307876 542.9168
0.09667199 601.3984
0.05930704 676.007
0.1078493 730.179
0.1554902 688.0699
0.1898338 726.0154
0.136492 823.8309
0.1148593 828.2727
0.07461998 985.482
0.07466538 968.5884
0.06659707 1131.576
0.06906537 1191.226
0.07151262 1096.895
0.1057686 1237.612
0.05326947 1322.55
0.04084304 1301.495
0.03018001 1427.317
0.04078488 1441.723
0.03065788 1414.325
0.02827435 1226.675
0.02971236 1107.135
0.02365014 1177.825
0.01549084 913.3632
0.008007005 937.3765
0.01084234 896.8842
0.02401112 938.3829
0.04896058 1071.051
0.04232341 1096.169
0.06688125 1130.356
0.05059504 1051.864
0.05251581 956.6257
0.03531575 1110.813
0.03047625 890.2657
0.04621238 951.953
0.04633382 930.0531
0.02469647 1054.522
0.04775371 1061.701
0.05847545 1157.126
0.0512918 948.993
0.06578602 875.6743
0.03738287 1159.624
0.05428011 1321.656
0.06003112 1231.099
0.06274453 1198.163
0.04251364 1285.098
0.0226707 1318.406
0.02166728 1271.833
0.01462517 1151.74
0.01494437 1207.036
0.02078282 1398.915
0.02749638 1497.254
0.02298288 1586.273
0.03632014 1593.61
0.01742376 1315.237
0.02145606 1318.648
0.02214221 1270.678
0.01198476 1300.444
0.004766505 1206.473
0.01612201 1200.369
0.01115029 1279.663
0.02926478 1055.297
0.02366471 1003.302
0.01159205 1086.357
0.008580061 1183.605
0.02844548 1316.334
0.03060002 1167.778
0.02498948 1050.867
0.05637525 1193.255
0.07261586 1212.771
0.06263843 1425.576
0.05134217 1291.794
0.01261226 1505.983
0.01979917 1382.365
0.04526902 1240.57
0.03560265 1146.471
0.06114947 1121.438
0.04867179 1020.113
0.07574726 1032.099
0.07318849 998.6123
0.09892395 1132.485
0.07290081 1135.378
0.04784007 1139.614
0.06107841 942.5871
0.05611548 983.6189
0.03884939 1099.727
0.0470402 1005.599
0.05037015 1086.442
0.02752624 1304.611
0.04211986 1365.003
0.04005205 1317.341
0.03961159 1258.754
0.04224565 1175.434
0.03544842 1020.239
0.03133587 1069.755
0.02122242 904.4925
0.02140314 884.4265
0.02955812 804.6178
0.03832693 898.6583
0.0194867 1016.133
0.03046907 900.6092
0.0318744 845.5863
0.03131921 717.9295
0.01724248 652.8989
0.02919829 787.9712
0.06548906 826.438
0.04131676 718.5773
0.04330396 696.4114
0.03517781 744.9008
0.04195478 695.5161
0.03388602 756.9837
0.03402091 736.5287
0.0569795 669.551
0.05931751 622.0275
0.08872961 563.8389
0.09014352 526.92
0.09959877 509.3227
0.05899382 607.6243
0.05257414 680.865
0.0935773 711.7245
0.1116529 676.088
0.1099598 587.6057
0.08831186 570.6547
0.1399873 588.2843
0.1390037 556.556
0.1411772 474.2982
0.101447 532.2716
0.07256607 487.7859
0.05148415 612.7341
0.04576619 585.5517
0.07574467 549.7947
0.09225457 466.3209
0.06596067 453.1763
0.03423944 602.2305
0.02893602 626.0318
0.03014541 499.8949
0.01071928 524.1934
0.01223597 526.3199
0.0188691 486.7785
0.02328298 530.7842
0.02468933 585.1616
0.03343205 632.9742
0.03820112 698.5673
0.04147516 695.9998
0.04140463 679.5732
0.04631925 717.1677
0.05871742 703.8176
0.05561893 704.0018
0.0684791 632.05
0.07236961 622.3523
0.05915074 711.3648
0.07889227 755.3782
0.06407149 722.3379
0.08070343 728.8951
0.07305636 679.8854
0.0761828 736.3379
0.08599124 718.4242
0.1016674 752.9045
0.05612923 690.3509
0.06215385 649.859
0.07735191 596.6078
0.09007258 675.5436
0.05961051 707.7554
0.04802687 600.5115
0.03902877 679.1966
0.02804303 630.8218
0.02266944 608.8682
0.07030211 544.8004
0.09828999 629.1995
0.07425966 486.1318
0.07441695 509.0122
0.06221253 490.4587
0.1125634 477.7624
0.1119873 558.1996
0.1595363 527.6011
0.1429882 466.5717
0.1022622 519.5934
0.1057229 535.7827
0.105034 530.6849
0.1262223 543.2166
0.107867 623.6684
0.1112344 576.8519
0.09867161 497.283
0.09371516 414.4157
0.07579744 472.736
0.08414964 507.3353
0.1014761 462.564
0.1267734 406.3924
0.1205556 376.5188
0.1376215 362.3413
0.184339 311.2509
0.1746747 285.3453
0.1474001 293.0189
0.1517422 267.6031
0.09283056 266.421
0.1041307 310.9101
0.08318325 329.868
0.06622615 388.7751
0.09044694 432.7794
0.09880539 394.5372
0.06815961 305.5077
0.07041384 352.0841
0.07601605 373.6086
0.04872955 342.7209
0.04531614 321.1114
0.02766158 341.2377
0.0130694 356.9762
0.02052351 381.4134
0.0188979 330.4661
0.02274913 388.3593
0.03867892 451.5116
0.03022644 482.4848
0.04207352 439.7004
0.03028057 453.5466
0.02866516 455.4275
0.02914858 455.5089
0.02410549 644.0415
0.02293389 646.6209
0.0368668 683.1116
0.05023946 804.3445
0.04976893 843.497
0.0504007 863.8422
0.07281218 840.0431
0.08755319 944.2116
0.0815192 889.5834
0.06958715 932.3603
0.07982039 976.4731
0.07867561 952.2408
0.08311598 1016.204
0.07519379 1018.417
0.08317561 922.3329
0.1261221 762.4439
0.1171829 700.1814
0.09848019 776.5234
0.1126952 865.478
0.1146046 697.2845
0.09648691 724.9667
0.0809273 702.8367
0.108231 649.1137
0.06194135 683.5294
0.08191634 661.4313
0.04104559 522.5009
0.03175239 473.3472
0.0304586 521.9688
0.04275114 523.7486
0.04018071 591.9483
0.02595785 501.8919
0.01948167 504.4597
0.03280203 459.4916
0.03118434 500.3691
0.05272429 541.9385
0.04406941 548.8643
0.05142364 673.9425
0.03888624 687.7957
0.05838623 675.8703
0.04874149 712.483
0.04320812 556.5607
0.03718261 525.6866
0.04263037 593.056
0.02578096 527.9477
0.01244123 513.0375
0.005401179 515.8972
0.02054654 454.7241
0.02722151 495.8097
0.005592848 507.0714
0.0122788 466.2015
0.01077556 426.109
0.01847239 524.9597
0.01764276 479.6128
0.02743833 541.9003
0.04200515 697.524
0.04773474 564.9767
0.04103068 547.7616
0.05750506 566.7336
0.07468989 513.6538
0.0845306 497.2729
0.04939645 611.5349
0.05110933 625.2115
0.03505193 660.2826
0.05435685 679.6254
0.07626718 762.449
0.07607458 878.1741
0.06303138 788.9641
0.07500712 789.4536
0.07648988 817.2752
0.07505658 743.4875
0.09449273 825.9514
0.1127664 832.5711
0.09837044 810.2461
0.1197861 864.4946
0.1334453 979.9009
0.1173118 978.1861
0.1136943 827.8219
0.1362369 820.5352
0.1663876 699.4977
0.1416516 615.155
0.1616911 655.8807
0.1640754 554.3698
0.1548556 520.9665
0.1874497 509.9376
0.1365874 644.5558
0.1637793 558.2128
0.1479005 554.5946
0.1446791 505.0075
0.1931083 451.1292
0.2008188 438.4325
0.1553092 498.7095
0.1638596 438.0855
0.1886004 416.0783
0.2206534 524.9732
0.1736738 556.7294
0.173428 550.1472
0.1364408 636.8658
0.1149169 512.1758
0.1182365 654.3701
0.1251563 700.0857
0.09136565 640.9614
0.08186258 752.2178
0.07411076 759.419
0.09123819 672.6108
0.06418475 548.4205
0.04117539 740.9145
0.02836839 781.2628
0.02739379 712.6821
0.04039261 750.5073
0.02356519 706.4038
0.03406841 708.2882
0.03358366 763.5559
0.03482728 819.4415
0.02392539 857.6049
0.03873898 670.4373
0.05599394 789.8817
0.05716106 762.1534
0.06355693 877.0196
0.05655103 897.7927
0.04290468 1037.31
0.04908003 1069.405
0.06354967 1296.152
0.06916914 1176.629
0.05769688 1073.793
0.03167241 1292.808
0.01558115 1089.242
0.02452747 971.1371
0.02733209 969.5597
0.01970432 875.984
0.01057229 1213.909
0.01088819 1313.814
0.01173332 1281.089
0.01255818 1266.011
0.008069104 1319.473
0.009646158 1469.705
0.01045155 1525.685
0.01394291 1591.92
0.007350642 1683.038
0.0150826 1769.85
0.01041871 2099.332
0.01711014 2111.543
0.00917915 2181.599
0.005291679 2099.583
0.006364643 2495.401
0.01087836 2738.332
0.03711442 2785.238
0.03123497 2870.47
0.0259218 2811.405
0.04553671 3527.362
0.03828068 2876.215
0.01229731 3593.574
0.0117625 3424.192
0.004946293 2885.319
0.002151877 3123.69
0.01279511 2724.549
0.01321334 2424.064
0.01065242 2765.586
0.01446952 2897.08
0.01257465 2963.535
0.02150533 3382.906
0.02985256 3765.893
0.01331727 3613.378
0.01824037 2883.7
0.01295107 2933.948
0.006183727 3074.028
0.007695478 2850.613
0.008264676 3053.071
0.02905168 3052.495
0.02714518 2562.764
0.02201912 2473.082
0.01924528 2506.482
0.02673518 2809.798
0.01321825 3556.617
0.01370684 3834.554
0.007551189 3946.177
0.01458016 3896.132
0.02839136 3876.848
0.0208393 4392.496
0.03007483 3911.791
0.01351711 3936.718
0.01058209 3565.576
0.01204144 3391.992
0.02159309 4381.023
0.02058136 3993.114
0.05139109 4115.389
0.02517232 3766.879
0.01788407 3985.458
0.01847407 3483.011
0.009823556 3654.208
0.009862827 3523.395
0.01379172 3372.41
0.01899262 3152.13
0.02781602 2615.773
0.02618516 3006.189
0.005466267 3394.65
0.006482887 3534.943
0.005696607 3460.266
0.007369726 2890.16
0.01323804 2685.652
0.009725699 2595.302
0.01569871 2617.761
0.0314339 2622.063
0.03309068 2903.049
0.02194144 3002.018
0.02371617 3138.545
0.0161588 3201.872
0.01686499 2839.912
0.009389639 3009.266
0.005142754 3117.974
0.008625996 3089.539
0.01137293 3284.923
0.002919127 3263.66
0.009454486 3152.357
0.01564726 3550.922
0.01513711 3970.894
0.0140064 4216.098
0.005894979 4685.898
0.01217325 4377.351
0.007902689 4025.078
0.0293554 4378.793
0.02473479 4430.419
0.02062328 4008.65
0.0104589 4437.832
0.01468272 5079.272
0.03060433 4448.921
0.02107446 4164.031
0.006253352 4227.575
0.005438986 4575.602
0.02219965 4651.4
0.01513604 5250.544
0.02157033 4211.029
0.02901839 4137.658
0.02442329 5006.504
0.02492159 3674.771
0.02746211 2764.232
0.02218829 2796.198
0.008712102 2724.32
0.01734012 2760.257
0.02154072 2573.597
0.01580957 2680.538
0.02989158 2776.468
0.03031533 2830.586
0.0316125 2826.634
0.01699669 3288.613
0.03090683 3533.513
0.02250902 3907.28
0.03209129 3363.418
0.03560309 2490.52
0.04515571 2352.828
0.03644425 2329.744
0.05589472 2200.338
0.04728569 2294.828
0.05340099 2507.156
0.03141887 2484.308
0.03124162 2394.208
0.0220326 2654.306
0.0220661 2373.405
0.0241798 2066.161
0.02706544 1772.921
0.05203848 1648.231
0.03184757 1769.621
0.05032449 1656.772
0.04166331 1808.01
0.039795 1840.315
0.02252242 1857.961
0.005530356 1545.899
0.008244033 1404.692
0.01259292 1452.128
0.02683741 1557.206
0.02124929 1409.046
0.03430951 1250.827
0.02660338 1458.659
0.01857561 1343.544
0.00684083 1301.782
0.003490587 1084.853
0.008003085 1272.535
0.005479751 1294.864
0.02575508 1490.158
0.02671969 1306.395
0.02959519 1102.154
0.02402658 984.2598
0.03975574 963.1869
0.04110303 1117.789
0.04991506 1177.608
0.0557628 1256.751
0.05203546 1317.665
0.051013 1048.88
0.03696121 1014.186
0.03326578 1040.184
0.05060576 887.3251
0.04593722 877.4015
0.03238746 942.1975
0.03841702 985.4047
0.02083523 1121.179
0.03836251 1113.427
0.02885004 1216.754
0.02079609 1269.968
0.03026484 1229.068
0.0379896 1221.143
0.06647531 1274.231
0.07970953 1295.652
0.05477262 1211.887
0.06843086 1047.966
0.04083668 966.7507
0.03358471 951.3662
0.02186438 995.9336
0.03027932 893.9317
0.03477216 958.4224
0.04633734 1000.896
0.0650882 1101.979
0.06128112 1196.678
0.08832329 1136.552
0.1140154 966.3343
0.1254717 808.6101
0.1367523 775.7669
0.1185183 883.6246
0.1177989 961.7565
0.08348763 964.7654
0.08558605 1008.618
0.0860752 1029.357
0.07511851 875.6122
0.09293936 915.8923
0.07647804 824.1807
0.06907409 903.437
0.06930132 979.4339
0.05909636 926.6711
0.07077703 1033.263
0.05337025 1017.357
0.05642473 1203.989
0.04838456 1024.467
0.03155096 1110.428
0.03695985 861.3463
0.04000261 921.0354
0.0530724 1029.886
0.04396073 1240.785
0.06855376 1368.985
0.08260703 999.3751
0.0643349 1294.746
0.05000549 1339.854
0.07088896 1375.744
0.06044073 1624.972
0.04147701 2189.847
0.05742694 2266.726
0.01919815 2570.967
0.0223353 3034.973
0.00712802 2977.396
0.008189433 2567.094
0.01681076 2538.332
0.03303293 2634.24
0.01983686 2601.5
0.02577394 2030.991
0.01105198 1953.356
0.009386276 1897.585
0.009668814 2122.2
0.01517077 1944.457
0.02690559 1988.31
0.01328384 1775.394
0.03214201 1941.037
0.03740072 2224.37
0.0509837 2285.01
0.0539417 2287.656
0.05965141 1818.964
0.04103503 1826.379
0.03659519 1733.418
0.0270521 1963.505
0.04653826 1980.569
0.06570507 1889.693
0.04284832 1438.127
0.06253577 1485.566
0.03601068 1638.565
0.03186762 1586.238
0.03369349 1692.91
0.02793942 1607.73
0.04726608 1550.021
0.0320875 1599.256
0.02270967 1430.871
0.02770557 1512.86
0.03852815 1784.659
0.05796622 1352
0.07382194 1392.914
0.05037809 1215.139
0.06874077 1266.131
0.04624111 1131.825
0.06189735 1276.781
0.04931631 1416.841
0.02639005 1160.289
0.05454107 1374.697
0.08876943 1263.353
0.0623133 1326.373
0.04234883 1504.905
0.005847353 1585.734
0.01832126 1584.031
0.02842269 1623.138
0.02137703 1816.943
0.02396663 1809.098
0.03287939 1811.015
0.03086917 1449.534
0.0345591 1506.542
0.03520061 1673.785
0.0214162 1780.304
0.01916252 1874.226
0.01278513 1671.989
0.03929874 1390.709
0.03150185 1364.561
0.03134459 1340.279
0.06183409 1511.593
0.04679441 1561.532
0.0826999 1549.527
0.1036047 1950.711
0.05594518 1906.088
0.03817714 1936.232
0.02410025 1993.563
0.0133776 1959.004
0.0295456 1719.474
0.02490864 1621.539
0.01150878 1434.411
0.01899847 1420.346
0.02291169 1307.667
0.02754119 1452.084
0.04162802 1248.67
0.02880267 1245.596
0.03603766 1247.11
0.04291454 1380.106
0.03922577 1153.978
0.05931405 1184.597
0.02175402 1097.11
0.02787185 1088.35
0.01597447 1113.798
0.02110041 1176.258
0.01665836 1346.856
0.02947769 1677.05
0.03544691 1465.354
0.03059914 1476.458
0.02414566 1290.687
0.03236424 1470.761
0.03474484 1683.857
0.0404917 1825.284
0.05150984 1860.749
0.04819954 1489.657
0.03410085 1437.449
0.05943929 1400.071
0.05967578 1248.66
0.08475319 1252.173
0.08433707 1295.023
0.067558 1396.77
0.06281799 1514.781
0.03957214 1519.978
0.04873184 1412.579
0.03103381 1488.93
0.0195769 1472.472
0.02269954 1491.873
0.01836597 1434.586
0.04322633 1479.035
0.02531327 1603.803
0.03573082 1791.019
0.03732844 1622.459
0.02354663 1453.352
0.0367235 1549.854
0.03930927 1383.94
0.06890965 1259.835
0.06453395 1239.265
0.1109229 1099.079
0.0702558 1036.365
0.05992565 980.4009
0.06439776 901.8705
0.09631559 823.0437
0.08979807 1142.245
0.1015917 1221.722
0.09356044 1224.882
0.1284026 1036.739
0.1001127 1081.59
0.07037911 990.8918
0.07958557 854.2384
0.06421904 875.1453
0.04664489 913.9619
0.07503668 854.616
0.06223154 922.8924
0.06551942 909.1886
0.08162486 806.6496
0.08828306 785.8471
0.0597188 868.3168
0.05387662 901.4858
0.05287703 1066.516
0.05642768 1049.594
0.04673943 1090.531
0.04328587 1361.223
0.02139117 1299.69
0.01795337 1147.763
0.02274768 1132.668
0.008514028 1144.287
0.00527324 816.2203
0.01754513 856.15
0.02416879 659.0372
0.03918287 767.9954
0.0227986 847.3792
0.02150052 998.3319
0.008489865 1045.313
0.01812553 1144.345
0.02807773 1041.931
0.01429869 1038.15
0.008712087 1060.757
0.004587408 1020.977
0.00653289 1029.307
0.01155066 1131.534
0.007083143 1336.29
0.02270399 1162.133
0.02369504 949.0016
0.004204201 736.9348
0.0006294539 807.9205
0.001193271 810.21
0.0004420285 748.1839
0.005726606 816.825
0.00183717 780.3724
0.01793101 692.859
0.006186544 767.8082
0.00393851 661.7266
0.006737472 710.7735
0.01016017 764.551
0.01150311 798.5225
0.01214579 658.9517
0.008508116 713.3463
0.01527708 1007.374
0.01403743 1250.179
0.02287882 1339.379
0.008165263 1402.962
0.01828704 1464.326
0.01973237 1370.16
0.035727 1498.866
0.04199569 1546.294
0.03669676 1573.574
0.03014943 1474.202
0.02477055 1319.967
0.01787274 1481.074
0.0129836 1552.479
0.01045091 1507.97
0.01809446 1247.094
0.01447031 1124.359
0.03892899 972.118
0.0447049 977.0288
0.05362986 996.1093
0.07185707 1183.452
0.09304589 1503.239
0.03312162 1392.341
0.02639225 1280.013
0.02465024 1500.025
0.02949023 1736.999
0.03927907 1862.082
0.03537004 1699.388
0.02621728 1661.066
0.0512339 1565.08
0.04566853 1364.128
0.04628406 1282.432
0.05059859 1186.616
0.0439526 1365.809
0.04084234 1375.04
0.02979795 1402.726
0.03422426 1523.883
0.04073277 1367.976
0.04299079 1400.375
0.04778344 1272.868
0.06492644 1231.434
0.07012367 1413.756
0.06629175 1488.153
0.05470757 1430.766
0.07854285 1370.299
0.08230294 1368.872
0.06200944 1323.52
0.05800083 1249.79
0.05421512 949.8607
0.04329646 1026.807
0.01165729 971.313
0.01768489 946.5961
0.007823788 999.2522
0.003043706 1046.98
0.003350434 954.6237
0.003321679 960.6579
0.008742351 996.8168
0.01986984 969.2371
0.03339731 994.9031
0.0271253 1211.476
0.0391016 1174.274
0.03155988 1102.833
0.04905529 1069.573
0.0482792 1078.113
0.03265157 1084.781
0.02490773 1199.932
0.03506386 1178.673
0.05131118 1026.921
0.03037246 1001.634
0.02518706 1017.686
0.0384009 1024.261
0.02801642 978.717
0.04328845 1120.457
0.02002354 942.7329
0.02572574 1054.871
0.01874494 1135.46
0.02539651 1237.116
0.03997526 1202.57
0.04470243 1075.42
0.06124752 1140.378
0.09244003 979.9737
0.08545846 986.4279
0.08389154 1196.129
0.07207037 1227.333
0.05779505 1231.259
0.04301988 1262.803
0.04824427 1164.665
0.03856666 1318.792
0.03823215 1571.738
0.02844756 1901.339
0.02206639 2209.514
0.01829713 1690.944
0.01775712 1516.24
0.01241617 1375.805
0.004266146 1537.259
0.002028054 1588.804
0.001614541 1594.726
0.005278399 1847.407
0.009077471 1787.747
0.01543193 1634.535
0.005301761 1647.525
0.009329991 1743.81
0.007775477 1609.831
0.004111638 1524.642
0.01256651 1230.638
0.02034712 1381.014
0.02326228 1299.625
0.04777531 1389.663
0.0366515 1373.199
0.02239971 1759.752
0.04046269 1817.602
0.03323686 1653.174
0.03417438 1685.595
0.01996372 1736.274
0.009309869 1677.592
0.007485691 1363.791
0.01774702 1701.596
0.01102682 2038.41
0.008002388 1626.594
0.003734643 1513.431
0.009696493 1769.066
0.01076382 1716.437
0.01599423 1847.57
0.02009558 2123.712
0.01123968 2063.525
0.009457098 2062.226
0.02253066 2067.246
0.02094744 1922.923
0.01329716 2141.133
0.01152278 1912.436
0.03272164 1582.881
0.04241975 1448.225
0.04392917 1810.614
0.03074103 1667.611
0.03967015 1734.261
0.02405344 1737.348
0.02025733 1494.809
0.01989519 1310.948
0.03851895 1419.768
0.0346509 1276.709
0.01650945 1183.15
0.02317261 1166.592
0.01464828 1078.039
0.01542045 1146.65
0.01350279 1180.223
0.02205232 1204.094
0.03402431 1167.667
0.003814265 995.5611
0.01720947 858.1289
0.0451923 927.4163
0.02654416 889.525
0.02089254 813.8874
0.005535459 806.0366
0.007363419 874.4257
0.0216558 930.0914
0.03524128 1077.7
0.03010319 1230.999
0.04670654 1108.465
0.0387339 1155.751
0.02854159 1065.874
0.02798136 951.739
0.03347279 930.716
0.03745692 891.3619
0.04621166 822.4014
0.0342057 835.6365
0.04840077 888.5655
0.05199006 906.7108
0.05612437 1013.712
0.05262059 1155.151
0.04531728 995.9458
0.04267847 1004.543
0.05259762 898.998
0.0441384 961.447
0.01974822 1205.632
0.03597954 1263.799
0.05394134 1220.647
0.04061224 1182.409
0.01674313 1089.966
0.01171374 1055.838
0.002460603 1137.619
0.003041644 994.4883
0.0123868 1102.297
0.003765043 1212.906
0.02868635 1116.104
0.03512434 1084.714
0.04935604 1068.131
0.07067997 1125.789
0.07563887 1242.723
0.07660459 1096.986
0.06265863 1230.126
0.04879923 1137.717
0.04193445 1011.754
0.03529495 772.0309
0.01933123 773.3493
0.02537024 636.4414
0.03736176 614.5717
0.07094927 560.7813
0.09247831 567.6408
0.06618433 525.6113
0.06016977 536.0994
0.07552326 562.3235
0.08256022 557.0678
0.09507291 699.1659
0.0734596 648.6099
0.06361572 649.2852
0.05676877 671.5703
0.05290733 681.1968
0.05465445 732.1233
0.07693951 678.8619
0.08035834 800.165
0.07749844 768.0075
0.08983607 781.6129
0.07022435 816.8623
0.1019522 908.0443
0.1208212 1012.267
0.1463695 1041.757
0.1601464 836.6665
0.1337535 968.2612
0.1242649 827.4087
0.1726483 692.1996
0.1546995 830.282
0.1231719 966.5803
0.1004704 964.0264
0.09220822 993.9745
0.08610386 1047.65
0.07895085 933.1993
0.06063274 1018.887
0.06101938 926.9484
0.05574 1004.623
0.06328557 1229.111
0.04751044 1114.248
0.04076359 919.6185
0.02911369 851.3916
0.02217765 924.6172
0.02661637 762.3819
0.02342615 779.9538
0.03497544 789.8416
0.03447337 842.8729
0.01810863 914.2874
0.04194764 969.3462
0.0495207 901.4689
0.04866761 780.3367
0.07497637 901.6552
0.105168 974.1549
0.1056445 1068.911
0.1183841 834.3144
0.1247694 809.823
0.1247571 896.132
0.1009887 1011.938
0.09809037 1010.68
0.119044 1023.875
0.08213644 955.4254
0.09547746 1166.748
0.06600901 1417.72
0.0584971 1493.034
0.03556171 1526.53
0.02975793 1417.365
0.03508769 1433.74
0.04198697 1222.823
0.04569659 1439.341
0.02591068 1506.355
0.02839754 1490.901
0.0229115 1612.852
0.02193614 1835.4
0.02205299 2005.269
0.04922329 1994.71
0.06251954 1806.453
0.05036457 1535.136
0.06554519 1549.101
0.05673921 1777.368
0.1141829 1539.811
0.08504244 1716.622
0.07059273 1490.558
0.05184867 1471.732
0.03291922 1556.504
0.0327878 1253.672
0.02453752 1137.615
0.01925284 1078.278
0.02116433 1022.296
0.02021379 1018.832
0.02707851 1242.687
0.0241196 1369.994
0.04913212 1291.093
0.06459983 1238.253
0.06891524 1098.064
0.05380117 1142.012
0.04484223 1201.973
0.05099065 1342.423
0.03425406 1396.639
0.03507419 1451.461
0.01341272 1430.633
0.02424777 1618.744
0.02031894 1782.81
0.02121766 1700.7
0.01128816 2102.786
0.02446731 2434.255
0.01142425 2026.448
0.02466841 1705.83
0.02902162 1399.5
0.05013098 1332.945
0.03514803 1320.517
0.04891548 1383.646
0.03833273 1512.263
0.05017548 1388.295
0.05163251 1455.309
0.05466471 1503.072
0.04246438 1657.773
0.03904064 2030.766
0.03366723 2042.151
0.01855713 2017.342
0.04722839 2197.08
0.03454743 2203.289
0.05391248 2139.102
0.06919429 2121.297
0.05447047 2235.213
0.0375438 2709.364
0.01926831 2641.424
0.02148661 2869.872
0.001006089 2712.077
0.007990507 2542.772
0.002994253 2223.964
0.007141341 2222.605
0.008312696 2117.515
0.01085548 1996.085
0.009799007 1737.491
0.009696278 1835.143
0.009736055 1852.408
0.01837509 1835.464
0.0202792 1958.573
0.01608826 1866.152
0.01597243 2085.348
0.03255403 2403.27
0.024775 3132.845
0.02363697 3400.075
0.02078763 2992.005
0.01368731 2798.315
0.01115501 3282.725
0.01743949 3468.037
0.003813092 3242.959
0.005929773 3998.033
0.004460269 3799.181
0.009887644 4366.781
0.01398676 4891.749
0.00643912 5136.932
0.01776163 5032.499
0.02136478 5579.772
0.01364523 5307.791
0.01137218 5354.404
0.01914973 4768.367
0.008874585 5624.577
0.009475055 6176.276
0.02253841 6174.747
0.01161553 5916.572
0.00962843 6768.426
0.02316507 6402.161
0.01479479 6085.053
0.01256327 6441.659
0.01339582 6107.977
0.01366586 6425.387
0.0153933 6883.337
0.02048608 7291.872
0.01035358 6376.69
0.03000831 6407.493
0.01442331 6487.97
0.005129302 6290.886
0.004034313 5701.51
0.007090535 5483.426
0.008624682 5977.55
0.004150424 7260.554
0.006447363 7200.383
0.01736118 5751.559
0.01860681 6280.924
0.01278938 6132.618
0.009099118 5918.739
0.007422374 4628.915
0.01080473 4677.738
0.008766573 4196.563
0.008733018 4145.852
0.02479702 3653.752
0.02059758 3171.878
0.01636654 3002.677
0.003929605 3508.331
0.009467708 2954.158
0.005805852 2831.237
0.00849775 2916.422
0.01144716 3312.935
0.02202484 4000.615
0.01886341 3841.733
0.02375629 3470.674
0.00971335 3078.963
0.008796963 2932.392
0.003926862 2347.81
0.01011165 2165.226
0.007498812 2208.539
0.0147182 1780.429
0.01242219 1901.22
0.006335574 1974.614
0.01097959 1890.716
0.0335926 1742.703
0.02025218 1449.623
0.02175611 1556.802
0.02369109 1607.424
0.02519038 1340.555
0.0251462 1489.229
0.01465527 1311.15
0.02337963 1499.924
0.01376284 1562.08
0.01935973 1517.681
0.01978073 1409.25
0.0275427 1565.134
0.04993097 1592.553
0.05160377 1466.739
0.02825074 1305.07
0.0408059 1567.677
0.05164162 1603.487
0.0315376 1866.912
0.02542199 2026.366
0.01942353 1697.637
0.03180378 1621.614
0.05308808 1378.015
0.02311998 1713.461
0.02958814 1789.802
0.03021445 1883.311
0.02420065 1735.671
0.04916895 1777.302
0.06576708 1776.578
0.03258384 1788.526
0.02393321 1725.171
0.03080905 1499.356
0.04160492 1720.021
0.02732129 1546.269
0.02414898 1482.565
0.01536041 1357.456
0.008130668 1336.013
0.01445388 1239.498
0.009846399 1199.098
0.01598413 1272.082
0.02627659 1453.995
0.04111873 1612.666
0.05790157 1669.008
0.04206104 1874.956
0.02732116 1652.238
0.03025737 1543.865
0.03430531 1582.688
0.03607892 1519.897
0.04964036 1317.755
0.08841213 1503.15
0.06332487 1369.72
0.07129143 1306.819
0.1084343 1277.835
0.05333165 1219.868
0.04841647 1370.434
0.02854233 1132.474
0.03821846 1136.657
0.0363363 1121.072
0.03339757 1035.618
0.04863486 996.8433
0.05201656 968.3905
0.07255494 1001.755
0.07731621 987.1287
0.07576292 970.894
0.0817061 922.3272
0.08909645 803.8301
0.06108746 880.0194
0.05168426 943.1376
0.05722451 866.8545
0.06259337 930.0441
0.04683602 1034.78
0.06020955 1009.974
0.05222064 1024.153
0.06920869 1011.182
0.04771307 1014.093
0.07271021 1022.433
0.06826666 1003.896
0.04393946 1076.984
0.03013222 1275.224
0.04305119 1389.207
0.06472607 1404.044
0.04710528 1276.226
0.04437317 1191.695
0.05942761 1246.373
0.03045171 1418.548
0.04602875 1321.651
0.05510749 1238.571
0.09147638 1449.133
0.09455891 1370.55
0.1018335 1270.615
0.06971168 1124.869
0.07379602 1158.777
0.07572269 1129.284
0.05866499 1240.243
0.05004272 1120.066
0.03811262 1153.171
0.0263486 1122.009
0.01293241 915.8323
0.007894969 842.894
0.02928605 771.8082
0.01818273 754.5017
0.01592767 722.8663
0.03125311 595.8899
0.02938031 652.3519
0.01739545 649.7242
0.0200968 739.845
0.02205549 786.4638
0.01782493 762.9327
0.0136441 747.7422
0.00831958 662.1614
0.006067079 661.4166
0.00499891 561.8662
0.02230547 558.561
0.01440446 553.9231
0.01613036 591.4965
0.01517902 512.3867
0.02945324 509.0448
0.04206022 594.0632
0.03092229 498.0702
0.01443504 473.0866
0.0205165 538.3493
0.04584554 490.2754
0.07057632 599.6594
0.07754653 550.2652
0.08818927 533.5158
0.1024686 462.1837
0.1242112 428.2508
0.1002267 473.4079
0.08524117 478.4137
0.04896004 438.2354
0.03542171 541.489
0.02937807 532.1081
0.04516797 470.062
0.04213624 560.6547
0.05354033 510.0151
0.06136752 535.8442
0.0435764 564.499
0.04843666 534.9657
0.04011898 473.7278
0.02956923 463.4978
0.02259728 537.0206
0.02018983 528.4912
0.01692882 548.9244
0.01484457 494.8963
0.01721174 446.0585
0.03565541 468.2018
0.03353886 500.8875
0.02309505 519.6402
0.02020366 531.2279
0.01898948 596.8903
0.02645629 611.7771
0.03425509 617.7456
0.04780319 569.2045
0.07960342 586.98
0.07273701 494.7672
0.08770138 447.501
0.07472847 451.4928
0.0860856 441.149
0.0882804 495.024
0.06008552 464.4632
0.07773992 399.239
0.09449371 426.0394
0.1017126 414.8408
0.09932164 366.3548
0.1360561 315.3385
0.09562313 355.059
0.1269911 323.9387
0.1450534 333.5989
0.1136451 349.4265
0.1396651 321.1795
0.1185273 331.4577
0.1174413 380.8603
0.1266224 355.1055
0.1334442 342.6972
0.1043417 392.7796
0.0844754 377.2883
0.08415458 478.0947
0.09531662 528.1416
0.06344631 494.9724
0.05403644 571.4476
0.05468047 620.0503
0.07146581 620.0123
0.07737746 639.1024
0.07749813 700.6052
0.06686622 594.1439
0.07196758 745.9034
0.05745583 751.2083
0.03147044 710.7294
0.03034015 683.2433
0.01711003 708.8021
0.02332979 722.7433
0.01837474 730.3673
0.01515983 829.2375
0.01161303 904.9399
0.02057683 924.8628
0.0223749 817.8781
0.02695446 796.223
0.01868139 751.266
0.0129459 788.9933
0.02232491 972.7952
0.02496697 751.557
0.0254153 672.8523
0.02217335 813.9684
0.01658778 822.8938
0.02341881 807.7997
0.0225845 884.4545
0.02504213 889.7739
0.01903298 967.4645
0.02811323 1372.431
0.005342646 1496.68
0.01234691 1510.209
0.02042311 1559.221
0.04493002 1414.016
0.03738849 1504.886
0.04999582 1384.083
0.03854365 1513.559
0.03193065 1293.748
0.0283309 1320.526
0.01500215 1393.285
0.01014194 1368.813
0.01586237 1296.752
0.009431875 1291.779
0.03526012 1310.712
0.04716879 1511.958
0.05138174 1365.9
0.04423617 1647.125
0.03959302 1985.191
0.03453493 1786.108
0.02910362 1683.906
0.03279834 1766.036
0.02574277 1833.361
0.02571389 1744.296
0.01414946 1860.46
0.002792864 1507.257
0.006359228 1523.751
0.009469263 1342.742
0.01315685 1206.326
0.01683116 1160.8
0.03912955 1174.556
0.05497464 1254.38
0.06277051 1457.169
0.0678932 1424.579
0.03931804 1403.602
0.05240476 1659.184
0.04866714 1839.639
0.0583952 1790.54
0.03413138 1809.971
0.04671309 1695.886
0.02726221 1765.545
0.04647906 1787.602
0.03006629 1667.315
0.02572208 1936.094
0.01628709 1850.541
0.03004032 1899.191
0.02411222 1837.354
0.007115889 1837.216
0.02043439 1843.537
0.01777809 1711.577
0.01265197 2163.191
0.01384339 2259.856
0.008988734 2114.292
0.004206366 2210.043
0.0002865674 2265.534
0.003970752 2125.462
0.009183605 2180.956
0.006868911 2006.798
0.003096024 2156.897
0.009923358 2058.065
0.01087969 1830.741
0.0166274 2305.532
0.02041765 2074.474
0.03760239 2095.47
0.02186924 2151.073
0.02248518 2078.934
0.006521739 2101.678
0.01601016 2163.515
0.03138555 1958.735
0.04050204 1609.47
0.08192962 1599.032
0.0517304 1386.135
0.07606146 1014.101
0.05840592 1007.91
0.05856533 990.2671
0.06664403 1090.69
0.04376973 1119.827
0.06353047 1488.135
0.05644927 1771.767
0.04733051 1514.721
0.0339205 1650.604
0.04954535 1689.952
0.04997388 1443.873
0.04547394 1480.928
0.04853615 1425.723
0.06862955 1587.311
0.1006302 1337.863
0.07393101 1197.612
0.05664471 1077.937
0.04636659 1169.123
0.06574488 999.3436
0.08259205 957.9394
0.07303283 834.4821
0.06423389 833.1238
0.04476536 948.4868
0.04548447 1062.635
0.06297373 929.4599
0.04444446 932.5078
0.04856428 911.2861
0.04197948 771.267
0.05862858 771.5021
0.06945674 890.2891
0.06755458 928.7835
0.08296637 1087.905
0.08380074 1148.664
0.05763613 1125.414
0.04951246 1318.098
0.06458473 1178.869
0.07795795 1096.418
0.08205436 1212.174
0.05912409 1132.625
0.06947717 941.7603
0.04556523 899.9353
0.05298993 997.276
0.03125469 1012.612
0.0204048 872.4884
0.02477836 949.6293
0.01757554 982.6744
0.02583128 1012.168
0.01288967 923.6539
0.005645045 1033.755
0.01500804 811.8955
0.0150201 895.813
0.01248531 865.8774
0.01720133 989.8097
0.007214957 898.909
0.01650684 786.9665
0.009272302 858.7097
0.02394283 915.6209
0.02568942 824.2359
0.04786769 998.5567
0.03864391 1011.558
0.04008306 985.3761
0.03576986 903.3093
0.05009102 954.8844
0.04357376 855.2428
0.0260451 720.8488
0.02854703 791.7815
0.04607836 754.6986
0.05402386 790.5684
0.05646837 752.6846
0.05194153 806.6904
0.05898744 906.0433
0.03019378 910.2474
0.04194861 746.8471
0.03675795 716.5145
0.02456097 733.2584
0.02531216 674.5299
0.009778348 794.4492
0.02930103 736.9226
0.01168864 783.5513
0.03095062 747.6705
0.0344155 950.2952
0.04076692 1044.84
0.02136198 973.679
0.006950399 850.9781
0.009967426 942.3985
0.03662248 1161.875
0.04831348 1285.108
0.03597542 1072.748
0.03940806 1116.013
0.06033281 1193.566
0.08914019 1012.81
0.05924812 837.1249
0.04757267 1033.164
0.02824989 1000.019
0.01257023 1262.004
0.02477429 1382.343
0.01614853 1515.371
0.01271823 1824.315
0.009039863 2111.435
0.01464711 2424.369
0.01986668 2259.434
0.02995474 1945.179
0.02206388 1804.109
0.01980914 1627.651
0.03334274 1592.936
0.03235323 1840.108
0.03989483 1757.421
0.06110776 1841.662
0.06324898 2020.084
0.08116182 2139.601
0.07049258 2308.139
0.05058421 2233.278
0.03249389 2301.217
0.02150829 2580.532
0.0287924 2472.928
0.01173499 2770.686
0.01412301 2552.244
0.01643188 2127.045
0.00035235 1601.025
0.003739989 1335.078
0.009184269 1612.184
0.009982781 1494.264
0.004276537 1620.667
0.008553021 1633.04
0.01984188 1564.392
0.008713692 1466.107
0.01065851 1546.237
0.006835585 1797.427
0.007256266 1668.146
0.005448998 1802.248
0.01628844 2034.328
0.01171458 2043.039
0.00890336 1775.663
0.0144729 1624.356
0.009397623 1579.986
0.02371189 1359.682
0.04036439 1045.205
0.04938625 1022.347
0.02846235 759.8075
0.04607958 878.832
0.04843699 893.8773
0.05870355 840.8942
0.05371998 915.4344
0.06328986 1009.668
0.07297649 1018.894
0.06955879 1070.012
0.05868019 1152.888
0.05996806 1180.763
0.06757719 1141.082
0.07473224 1142.57
0.05942908 1222.592
0.03585077 1174.982
0.02228075 1282.305
0.01848339 1508.107
0.02160309 1564.367
0.02545871 1640.321
0.03470074 1533.901
0.04569761 1653.694
0.01695663 2095.478
0.03135732 1857.71
0.03091729 1949.683
0.02553703 1817.842
0.02467799 1784.951
0.02318267 1841.823
0.02403996 1791.109
0.03535771 1865.485
0.04454598 1937.45
0.04888673 1850.134
0.05318517 2062.751
0.03746635 2110.197
0.05817697 1960.157
0.04276093 1813.233
0.04435091 1815.023
0.04005833 1922.546
0.02442316 1841.78
0.01316007 1374.088
0.02116183 1077.819
0.00566323 1071.159
0.004953275 1007.299
0.007765449 986.2399
0.009401142 1130.933
0.01628191 1251.148
0.01482121 1338.265
0.01344258 1618.543
0.02848829 1670.769
0.0317388 1746.456
0.02916289 1464.448
0.02044402 1386.052
0.02602064 1647.881
0.03759636 1517.626
0.03944495 1570.697
0.03043111 1489.446
0.05428907 1320.51
0.06177001 1473.721
0.06748857 1516.598
0.06035119 1508.397
0.05450094 1230.388
0.02971045 1514.388
0.02048772 1421.252
0.02844932 1434.796
0.03268787 1528.19
0.02576287 1798.994
0.03861188 2037.04
0.02503303 1827.084
0.02260067 1467.866
0.01195378 1572.443
0.01495823 1538.179
0.008181561 1431.281
0.01503114 1524.716
0.03273781 1359.377
0.02634518 1152.518
0.02702163 1315.904
0.03231678 1340.548
0.03076712 1302.069
0.04760988 1399.459
0.02833711 1157.662
0.03274906 1095.996
0.02976436 1058.75
0.05524561 1188.454
0.08230287 1214.571
0.06518148 1483.916
0.04810156 1548.955
0.05779686 1914.546
0.06363888 1917.92
0.04714171 1689.58
0.04924101 1628.464
0.04860028 1561.593
0.05968143 1264.233
0.06305602 1473.644
0.05024416 1297.952
0.03600682 1529.425
0.03686408 1459.39
0.04256021 1292.779
0.06117026 1379.869
0.04545178 1429.573
0.04825035 1251.431
0.06364923 1466.416
0.05316439 1277.35
0.01206316 1229.987
0.02959911 1232.301
0.03237083 1147.088
0.02081942 1139.898
0.01666888 1242.733
0.02064909 1381.411
0.02825472 1729.818
0.02838811 1880.613
0.04325028 1919.53
0.02440675 2103.362
0.02954409 2128.606
0.02073814 2687.851
0.007102708 2961.185
0.007952534 2963.025
0.01262977 2854.504
0.01585058 3636.7
0.0155319 3554.839
0.009478042 3444.346
0.01399703 3348.987
0.01283503 3378.132
0.02191828 3123.602
0.02442798 3201.549
0.02218552 2928.652
0.01687354 3214.431
0.00587232 3370.917
0.006403497 2971.896
0.01456025 3083.652
0.01339168 2809.156
0.02135282 2965.496
0.01375287 3480.534
0.009736118 3843.648
0.02975192 4217.322
0.01759115 4376.724
0.01184259 3699.751
0.009522471 3234.611
0.003417208 3023.61
0.01945787 2881.37
0.01145503 2643.949
0.01246034 2456.928
0.01231246 3120.01
0.01479902 2781.095
0.02654721 3087.333
0.03929934 3050.575
0.0272565 3621.703
0.01641538 3538.756
0.0243048 4428.528
0.02923738 4684.264
0.02360202 4421.117
0.01965977 4216.062
0.03638398 4685.241
0.02126597 4623.029
0.01385693 4907.39
0.02542708 4240.958
0.01964169 5071.56
0.02303309 4587.138
0.009822971 4898.827
0.01883081 5067.376
0.02531879 4403.139
0.01339663 3689.316
0.01686566 3615.726
0.01068653 3651.363
0.01316472 4300.36
0.01284144 3746.904
0.0131575 4721.243
0.01124342 4947.37
0.01118143 5023.814
0.01741695 4662.242
0.01202891 4791.179
0.01043845 5019.159
0.02113838 5130.13
0.008697685 4568.864
0.002780173 5075.821
0.01705534 5580.739
0.01394631 6838.46
0.03229602 5811.68
0.04194102 6618.987
0.01474443 5296.106
0.01853442 5463.84
0.007060896 4954.615
0.008387852 4588.482
0.005717223 4988.343
0.003730857 5237.138
0.007740214 4460.829
0.003074293 4284.221
0.01180946 3526.612
0.00947745 3856.819
0.01588322 4073.376
0.01386669 5210.708
0.01589485 5462.535
0.0009560445 5784.126
0.001231959 7107.197
0.005809715 7678.399
0.006208799 7045.992
0.00796765 7171.116
0.02023815 7951.394
0.01617784 8428.14
0.004766962 9178.218
0.00750731 10023.24
0.0035292 9870.449
0.003479378 7531.529
0.002376275 9392.895
0.01138002 10235.57
0.01642015 11238.61
0.01651037 11079.09
0.005933401 14317.49
0.002770551 15440.97
0.003875413 13943.34
0.0009400356 15901.82
0.002398636 18371.54
0.004537849 15786.52
0.005074412 20187.12
0.002957279 17614.17
0.004965083 19017.94
0.004081219 17465.16
0.007605564 15950.69
0.002705441 15043.56
0.006276296 15821.69
0.006274222 14870.36
0.0128194 14819.93
0.01336198 12372.78
0.009558981 11274.01
0.01686824 10657.97
0.01081347 12123.02
0.008056035 12530.19
0.01409356 11595.58
0.009387005 9984.437
0.001006204 11545.52
0.01071706 13494.68
0.005837858 12622.64
0.009339665 10246.71
0.007444618 8697.789
0.01933974 7659.303
0.009639927 6444.557
0.01534474 5755.673
0.01714142 5411.389
0.01131325 5444.201
0.008436702 4500.948
0.02481386 4909.076
0.02642783 4247.214
0.04038171 3702.502
0.05577648 3474.825
0.0444047 3582.904
0.01712855 3258.259
0.01572206 3838.1
0.03837503 3114.71
0.03938781 3268.643
0.03597776 3318.862
0.02458254 3321.943
0.0262385 3237.083
0.02184356 3749.728
0.01150981 4272.088
0.006136968 5445.327
0.001348603 5332.503
0.006983052 5649.269
0.01134556 5515.557
0.01439805 5339.479
0.007109803 6190.186
0.005772533 5938.848
0.02345311 6332.957
0.02512572 4964.703
0.008395078 6287.178
0.009124038 5938.809
0.005971597 6114.244
0.01530083 5693.532
0.01794161 5653.879
0.009487819 4993.175
0.0168582 4714.284
0.01072211 4525.552
0.01659049 3974.29
0.01065324 3649.727
0.01632394 3778.709
0.02652264 3736.724
0.06160586 3208.219
0.04152356 3077.487
0.0347545 3111.086
0.04141957 2590.916
0.04897625 2552.265
0.04379823 2584.353
0.02453681 2537.963
0.02894442 2275.44
0.02099151 2076.523
0.01214677 2268.698
0.005853752 2365.325
0.004688909 2623.522
0.009843258 2518.609
0.02299026 3292.905
0.01581226 3563.024
0.04185789 3822.676
0.0185231 3327.296
0.00644123 4082.711
0.02824234 4998.713
0.02203436 5126.184
0.02031025 5747.511
0.0128503 5367.487
0.007420202 5629.05
0.01299352 5172.57
0.01279743 5592.846
0.02434988 5649.44
0.02733893 4789.098
0.03080104 4556.781
0.01975524 3729.156
0.01777898 3648.769
0.003817123 2900.961
0.01306763 2750.587
0.02285267 2676.261
0.01947793 2665.391
0.03295842 2732.498
0.02609064 2418.866
0.0272776 2366.307
0.01936279 2320.452
0.02986551 2227.528
0.03951354 2149.423
0.03477558 2355.138
0.05028191 2255.115
0.04216885 2364.204
0.05600147 2149.137
0.03184325 2596.483
0.02979099 2466.842
0.04046993 2417.428
0.03424977 2038.651
0.04494746 1967.084
0.05486637 2121.561
0.04340036 2453.172
0.03174677 2508.07
0.02310308 2777.188
0.02537517 2989.801
0.02782717 2814.007
0.04197269 2906.481
0.02773559 2634.664
0.03433789 2694.072
0.03368182 2899.563
0.04394618 2616.834
0.02769288 2638.278
0.01950216 2407.452
0.03358779 2591.379
0.02778614 2734.808
0.04131859 2420.177
0.03056997 2648.303
0.03141605 2587.49
0.02489563 2090.019
0.03562554 2105.844
0.03935485 2053.507
0.03304289 2250.642
0.03481146 2166.68
0.02116504 2045.549
0.01765513 2292.246
0.01619574 2162.983
0.009698424 2109.599
0.0118774 2414.129
0.02270385 2038.697
0.04984949 2378.842
0.04342973 2858.523
0.02313366 2816.336
0.01707782 3134.712
0.0244889 3218.049
0.05025791 2979.82
0.02271382 2851.688
0.02362498 2925.257
0.02433693 3322.298
0.02474521 3904.911
0.03597758 3981.323
0.03720164 3813.964
0.0402093 4104.652
0.03020021 4097.845
0.01135038 3310.25
0.0168248 3017.005
0.01797253 3396.501
0.01326716 3385.219
0.009981057 3635.259
0.01311244 3341.078
0.0135162 3357.738
0.01757315 4067.14
0.02808219 4023.39
0.0422963 3563.801
0.04224186 3979.693
0.03097627 3993.235
0.01158471 3715.48
0.02340472 3840.921
0.0222361 4087.474
0.02303116 4466.575
0.01958674 3897.577
0.02107455 4306.619
0.009513686 3617.977
0.008643634 4153.553
0.011598 3820.03
0.005380933 3412.975
0.01251222 3725.479
0.03098809 3471.954
0.01586344 3348.355
0.00956573 3279.533
0.01186137 3539.856
0.01759987 3111.303
0.02518809 3153.376
0.01408714 2831.929
0.0326979 2877.351
0.01925485 2768.313
0.02214293 2458.836
0.03524612 2216.817
0.02545395 1910.27
0.03205117 1834.849
0.0238194 1685.813
0.0353308 1373.426
0.02629903 1714.074
0.04274247 1804.843
0.02675055 1821.856
0.04380748 1676.974
0.07696888 1473.109
0.05934919 1259.548
0.05540551 1431.047
0.05486578 1420.586
0.03940426 1781.991
0.02092775 1758.912
0.03547317 1677.778
0.03381572 1783.038
0.04081546 1690.678
0.01700591 1622.032
0.01354586 1786.237
0.01058033 1671.242
0.009821204 1396.876
0.01326565 1283.136
0.01947401 1400.971
0.01459995 1492.562
0.02110128 1575.275
0.02366774 1367.459
0.007134716 1387.292
0.00199872 1474.01
0.0210201 1806.493
0.02703786 1643.675
0.02901181 1734.32
0.04025317 1862.593
0.03975365 2079.431
0.01852387 2234.869
0.01856672 2189.761
0.01813369 2171.396
0.02251116 2046.494
0.02857181 2061.683
0.01779695 1813.829
0.03189482 1850.465
0.02439998 1821.577
0.01839145 1877.924
0.005995321 1851.735
0.005811561 1813.13
0.02215159 1744.668
0.01548529 2301.935
0.0242055 2474.245
0.01861134 2221.479
0.01810136 2010.924
0.01257108 2179.314
0.02191736 2065.381
0.01939156 2375.291
0.01211543 2449.275
0.01262285 2362.877
0.02070272 2132.034
0.01442646 2011.71
0.01072853 2041.556
0.01131887 1769.798
0.02240576 1746.531
0.01848365 1936.312
0.01758871 1579.325
0.04182476 1777.412
0.03381228 1545.653
0.03661752 1580.992
0.04475574 1699.265
0.04230841 2026.326
0.02512584 1979.026
0.02304409 1835.647
0.01187315 1892.744
0.02175026 1615.902
0.02673643 1426.9
0.01812954 1314.265
0.0175713 1356.614
0.02826455 1461.446
0.04000682 1366.602
0.03155746 1336.096
0.02885939 1584.485
0.007543405 1756.616
0.007013255 2181.575
0.01205603 2039.933
0.01617517 2064.296
0.004424953 2030.303
0.008524578 2290.208
0.006447721 2570.201
0.001265012 2781.716
0.004000435 2988.663
0.007205924 3250.086
0.01114725 3367.926
0.01457476 3774.883
0.009218858 3847.399
0.005040802 3355.122
0.03035835 3416.828
0.02207528 3379.017
0.03007229 3107.138
0.03870851 3553.332
0.03635527 3230.507
0.03140266 3079.717
0.05686814 2169.079
0.08135697 2166.018
0.06813117 2136.761
0.08386585 2355.703
0.0583229 2614.575
0.05027022 2427.686
0.04736448 2209.357
0.06439909 2290.963
0.06731888 2032.576
0.04191261 2318.01
0.02491617 2277.389
0.01370396 2050.551
0.006833493 2164.298
0.01173904 2129.601
0.01388762 2377.374
0.01577791 2037.334
0.01204058 1936.247
0.01151462 1886.492
0.01235173 1605.47
0.01741391 1700.106
0.03768017 2091.956
0.04061454 2139.455
0.03541265 1980.347
0.04408119 2312.819
0.03740552 2208.273
0.02409538 1929.024
0.01597044 2099.127
0.01700493 2095.019
0.02832414 1917.366
0.03479764 2031.845
0.03484113 2085.193
0.04110711 2255.455
0.02943814 1925.542
0.02908477 1695.721
0.02648976 1860.804
0.04154764 2034.644
0.02795865 1895.188
0.03720417 1913.167
0.05910133 1968.891
0.05735673 1821.553
0.04962436 1806.53
0.07154345 1670.596
0.06345165 1656.21
0.08164712 1767.823
0.05221975 1587.184
0.04324575 1614.78
0.03153618 1650.787
0.01192511 1537.315
0.008541911 1426.578
0.01861888 1652.036
0.01050881 1767.53
0.007902295 1522.522
0.007144461 1480.702
0.01683796 1603.605
0.02074245 1461.265
0.02387281 1409.373
0.01756445 1238.602
0.02507811 1524.272
0.03067601 1393.063
0.01940281 1584.458
0.01958444 1767.166
0.04462261 1971.518
0.05262609 2085.848
0.06106919 1996.623
0.03039141 2107.517
0.04331823 2427.533
0.03311119 2377.48
0.0354704 2441.995
0.03736255 2286.963
0.03063993 1895.725
0.03120392 2264.28
0.0203758 2432.397
0.02041216 2386.694
0.01727551 2147.313
0.02315718 1922.096
0.01663707 1821.506
0.01837623 1673.015
0.01150593 1522.563
0.01421252 1653.733
0.01801516 1854.496
0.01366221 1837.175
0.02072741 1752.331
0.02162185 1518.983
0.01967204 1571.039
0.02360471 1586.084
0.02111802 1686.573
0.04251558 2240.026
0.01277301 2028.504
0.03606639 1893.315
0.04987684 2020.604
0.06841079 1717.13
0.05043092 1765.58
0.04689127 2133.226
0.04566259 2391.178
0.02227049 2499.355
0.01856551 2960.56
0.008999004 3151.001
0.01382209 3769.124
0.01565841 4168.325
0.01416476 4569.013
0.001633434 5200.756
0.003504742 6039.619
0.00629698 7238.412
0.02080648 6494.475
0.01550613 5793.833
0.0197053 5708.663
0.01621658 6175.923
0.01138913 4918.902
0.007885135 4903.34
0.009671591 4940.163
0.01558664 3488.602
0.01107018 3106.585
0.007963463 3126.455
0.01295156 3080.553
0.02156698 3128.87
0.01997324 2721.614
0.01010529 2861.049
0.01387822 2655.15
0.01473456 2645.688
0.01485446 2147.85
0.01501324 2272.623
0.01787887 2130.126
0.02549385 1922.768
0.0146652 1860.268
0.01836644 2072.355
0.00926418 1894.789
0.02091284 1788.575
0.02309106 1775.159
0.01019134 1940.731
0.02049764 1576.66
0.02193739 1550.142
0.01720465 1749.066
0.008255783 1558.494
0.002895648 1461.64
0.005835599 1380.422
0.002344356 1256.18
0.001267735 1174.047
0.004113818 1121.42
0.0119256 1106.669
0.01388195 958.8767
0.006992026 853.5974
0.01252099 780.9167
0.03550101 721.3119
0.04045358 773.7421
0.02351267 766.4499
0.02868047 826.3294
0.01038164 887.7327
0.004260773 1038.071
0.001553383 1057.186
0.01035968 1126.085
0.004970558 1295.92
0.02311919 1363.097
0.03311495 1437.011
0.04075267 1259.505
0.04098957 1285.998
0.03838322 1080.287
0.008694464 1307.925
0.01428963 1306.375
0.02743038 1146.091
0.03522401 1377.307
0.01187363 1246.404
0.03356983 1514.361
0.03382861 1304.678
0.02321514 1175.479
0.0286821 956.0841
0.04533224 832.048
0.05149224 951.6179
0.0981022 876.7338
0.08203606 848.8502
0.0637607 873.6994
0.04656443 907.6187
0.05073976 918.5829
0.0569416 821.401
0.04732987 920.876
0.03829174 862.2224
0.009622633 889.9172
0.004389832 980.8763
0.004403442 976.2936
0.008169243 1314.623
0.008423312 1153.11
0.02440995 1195.54
0.02803057 1170.718
0.02771119 1292.219
0.02784031 1219.891
0.03851896 1289.023
0.01952646 1482.914
0.03952772 1413.817
0.07883967 1359.169
0.05890791 1239.241
0.0489951 1181.481
0.04339265 1148.382
0.03615381 1167.273
0.03496758 1247.336
0.04705023 1142.531
0.05574908 1196.068
0.05109927 1349.168
0.04574712 1541.433
0.04601094 1639.262
0.03953324 1541.95
0.04289262 1544.899
0.07133374 1405.814
0.04100491 1366.375
0.04325683 1454.61
0.06442968 1431.099
0.04131432 1460.279
0.07725077 1496.447
0.06391465 1466.595
0.08760324 1462.452
0.07681783 1645.931
0.05462231 1405.739
0.04735382 1278.619
0.0583348 1069.781
0.06696015 1200.872
0.08886225 1155.445
0.07691451 1082.631
0.07376996 1227.625
0.06281931 1479.993
0.06372701 1538.148
0.05378138 1343.179
0.05314367 1407.928
0.04077958 1780.297
0.042876 1815.98
0.03121445 1905.126
0.02701607 1747.425
0.02284858 1575.537
0.03192949 1671.927
0.02667241 1588.697
0.03473953 1602.253
0.05870273 1486.378
0.05201337 1399.095
0.04581959 1354.01
0.06262961 1558.908
0.06297588 1459.168
0.0572304 1378.709
0.03983807 1195.107
0.05250557 1132.235
0.0420154 920.7014
0.02919576 661.7749
0.01070626 582.4187
0.03837645 515.2955
0.02964348 489.3284
0.0126363 534.5394
0.004287453 516.4497
0.009477749 539.8131
0.03298736 621.9813
0.03169823 566.1561
0.04912267 603.2221
0.04681621 600.1715
0.04728031 749.5748
0.03786809 784.3965
0.05621426 849.8603
0.02819229 886.8779
0.01722536 1056.238
0.02038928 1065.913
0.0309671 928.5278
0.0351872 949.5478
0.03254324 1014.364
0.02647959 954.3947
0.02899099 870.9697
0.03088665 883.6337
0.04475491 834.3725
0.0365102 922.5968
0.05316146 1049.434
0.0577979 1130.78
0.02465577 953.4558
0.01078576 1011.675
0.01284506 905.5967
0.04208405 857.5367
0.03780257 990.9113
0.04924569 779.5659
0.0472886 794.0666
0.05379746 847.2998
0.058748 764.1067
0.05928506 804.2746
0.06352931 901.2244
0.0661584 1135.611
0.08294455 1031.723
0.1007689 931.4676
0.0600671 968.7944
0.07823863 946.1611
0.1203733 830.2059
0.1008831 722.8147
0.1084889 620.3314
0.1199915 556.6888
0.1309359 573.4091
0.1194081 669.998
0.09033157 668.9899
0.09601936 668.2995
0.1000548 730.9247
0.0852649 731.0142
0.08345456 659.2553
0.1167873 636.196
0.0990857 522.6923
0.119828 508.4577
0.1312028 541.1687
0.08910903 654.2871
0.09971625 663.5412
0.08032672 706.1621
0.05522365 756.9884
0.03780834 654.7794
0.03642802 586.3329
0.0400786 476.0273
0.05540358 492.7985
0.04953436 451.9487
0.03492214 596.0635
0.03502699 625.7034
0.03523845 668.5969
0.03456623 614.2447
0.05394823 684.2798
0.06520039 592.2804
0.08448448 566.7734
0.06674558 713.5402
0.04574534 705.4279
0.0416472 824.2412
0.0367428 878.6793
0.04432521 1043.822
0.04539329 931.0343
0.04511395 826.9031
0.03277623 825.9134
0.0414394 788.2618
0.0443978 864.5923
0.05730103 829.1781
0.03804509 714.5936
0.02457072 789.829
0.02903063 795.547
0.04501646 744.3693
0.03677187 739.5074
0.0331105 876.2206
0.02096802 945.6131
0.04357379 1077.42
0.01529306 1013.321
0.02082959 1005.642
0.01822105 885.0606
0.01316132 842.9677
0.02394203 927.6932
0.008512705 798.3732
0.00564529 997.3411
0.01787648 1049.277
0.01581177 1065.231
0.01750253 1105.2
0.03632753 1035.238
0.01837651 1010.39
0.01270539 1003.295
0.003442017 1106.771
0.01092719 1035.872
0.01848367 1013.886
0.01151882 1040.872
0.03281326 994.8672
0.02863372 929.1917
0.02750583 832.6998
0.03982282 748.4363
0.032447 784.1101
0.04700709 794.0318
0.05048775 770.0571
0.05264723 951.8913
0.0478057 964.1381
0.06077511 1083.617
0.04767877 1136.647
0.0315019 1189.415
0.05534752 1123.456
0.03218538 950.8951
0.02789105 1127.597
0.03520903 1062.644
0.02237117 981.4479
0.03546875 1036.102
0.04290055 916.0968
0.04436813 866.9265
0.01989542 950.5103
0.03980926 1131.276
0.02366685 1123.492
0.01420101 1159.482
0.01272192 1212.994
0.01394432 1041.328
0.007904446 1021.932
0.01154319 1241.256
0.041148 1135.35
0.03833685 1071.427
0.04794716 1167.176
0.04252527 1104.916
0.05746769 966.7128
0.04822586 1122.71
0.03750796 1228.199
0.05367474 1145.832
0.04422619 1143.102
0.03653884 1285.407
0.02744265 1190.472
0.05559799 1384.707
0.02556401 1239.333
0.007862749 1361.281
0.004922823 1339.241
0.01172732 1257.214
0.007752427 1294.383
0.00478033 1344.744
0.0298768 1341.916
0.007370488 1308.338
0.03172209 1391.998
0.05484369 1512.825
0.05831916 1550.613
0.05949055 1564.368
0.07102642 1612.796
0.0697417 1639.275
0.03070689 1515.636
0.04280409 1670.281
0.045625 1647.582
0.03934466 1871.278
0.04134445 1879.832
0.03058676 1562.429
0.01774317 1369.892
0.004499864 1360.576
0.003638885 1398.941
0.005100754 1261.561
0.004175349 1565.996
0.0009864807 1539.224
0.003760317 1618.151
0.02002172 1483.93
0.01230862 1759.31
0.01307436 1665.351
0.009283962 1661.08
0.01150988 1520.317
0.01465057 1405.267
0.02643566 1594.532
0.03209391 1355.087
0.05372128 1055.405
0.07516181 1063.962
0.05903846 1017.973
0.08393467 1119.961
0.08379862 1014.262
0.1002756 906.224
0.0805558 1035.552
0.07761942 1122.873
0.06769037 1111.46
0.04013052 1066.999
0.04053752 1069.761
0.06075253 1129.305
0.0672585 1242.188
0.07062086 1180.36
0.07077841 1056.35
0.06525666 873.9717
0.05707522 859.6672
0.08526187 898.468
0.1013567 807.6416
0.08758275 814.7778
0.07847658 927.3192
0.09194992 830.9981
0.09302773 780.2505
0.07669325 851.3703
0.0518344 965.1451
0.04928998 963.857
0.04702527 911.6213
0.03309136 1004.325
0.03500624 1042.843
0.05348897 1152.904
0.03119984 1086.707
0.02221958 1266.933
0.02164153 1142.438
0.03133883 1319.104
0.02503929 1223.88
0.07395275 1232.243
0.06583108 1214.375
0.0700644 1292.428
0.06471518 1453.976
0.04648181 1386.509
0.04167223 1378.708
0.05992145 1434.014
0.06615266 1421.71
0.03363578 1265.722
0.02583348 1273.107
0.02185561 1289.829
0.02528391 1240.046
0.01909987 1222.821
0.01313661 1112.9
0.01048986 944.9302
0.01331081 866.9087
0.01471643 763.6528
0.009538571 926.0686
0.01688573 830.9032
0.02043678 940.6322
0.0185576 811.9909
0.02489426 937.6966
0.01461659 1022.529
0.02072608 915.4525
0.03255795 1121.198
0.03274346 938.9065
0.0365963 892.4234
0.03074335 826.534
0.02114285 1015.453
0.01686683 966.1728
0.01510148 1065.54
0.0166333 903.0578
0.022834 795.5211
0.02542688 771.4974
0.02582313 924.0902
0.04196657 1042.104
0.06067053 1116.77
0.05173687 1222.884
0.04924853 1318.192
0.05273248 1502.575
0.08425275 1309.2
0.09102063 1478.153
0.06293155 1328.585
0.03754608 1357.937
0.05723515 1464.381
0.06409911 1395.472
0.04186005 1371.442
0.04681467 1588.825
0.07232576 1420.144
0.1167619 1195.347
0.08230449 1211.614
0.06602941 1338.495
0.04559338 1560.551
0.01519272 1275.241
0.02220257 1099.856
0.02784889 1038.299
0.04100753 911.0695
0.04555161 883.899
0.08048288 804.1037
0.09889185 716.0577
0.08138256 536.3891
0.09107814 548.1902
0.0438973 615.0756
0.04029779 693.3562
0.05424359 591.8623
0.03215843 603.1522
0.04702064 553.5684
0.05871091 590.5907
0.04371974 536.7306
0.06639556 745.8722
0.08302196 715.1109
0.08669083 934.8114
0.06824868 940.632
0.05685264 952.717
0.04037347 1022.978
0.05829925 893.8641
0.07130512 669.4107
0.04609123 820.9398
0.05438963 861.0882
0.05759032 774.5544
0.09512056 752.7775
0.102647 667.7967
0.1139186 704.0653
0.09287705 708.5347
0.08657362 569.3881
0.1060066 527.6773
0.07773871 550.1206
0.05242523 548.133
0.08137784 608.5493
0.06693646 544.3696
0.06438929 564.5387
0.06677439 528.056
0.05377776 570.4189
0.07390934 439.0521
0.09077828 620.8542
0.05951073 524.7948
0.0704965 567.7274
0.05156448 551.1442
0.03726378 570.0459
0.03931075 570.7076
0.03129781 624.6427
0.03075993 571.6094
0.01217228 430.4141
0.001580645 430.4515
0.02255453 455.0307
0.02772989 526.7251
0.05280641 626.3121
0.03641419 571.5783
0.0438482 556.7605
0.05927848 626.73
0.06507628 569.0676
0.06479939 554.6562
0.05025661 590.5822
0.04856736 646.0944
0.04116107 607.9731
0.0288607 638.1511
0.02093484 662.6745
0.03397481 725.1372
0.03992037 640.0557
0.05170465 720.2846
