probIn scale
0.07417599 194.1198
0.067734 187.8053
0.04410211 182.1676
0.04862578 171.6226
0.03551078 180.7155
0.01682507 180.9077
0.0211906 189.5596
0.02216334 205.3304
0.0259225 226.1887
0.01731833 224.4348
0.01233264 225.1866
0.005651181 237.2187
0.01284238 236.3347
0.007759975 210.3758
0.01510561 207.3088
0.01194076 194.962
0.01423643 184.2529
0.01727447 182.0391
0.01364705 185.1089
0.0554135 189.1009
0.04852331 189.7228
0.04275057 178.0156
0.04320994 171.7473
0.03383896 179.4432
0.01412597 169.2627
0.01205362 153.5518
0.008432566 157.8497
0.004667809 161.4575
0.0128974 157.4844
0.01043388 153.6672
0.006100196 155.1082
0.007119643 164.2004
0.008442627 165.6645
0.006422032 154.9518
0.00920184 162.052
0.004764764 164.6866
0.00435655 168.6762
0.006879591 173.3195
0.002077952 164.015
0.00374752 160.3406
0.0100033 165.8666
0.0028203 159.5863
0.001215143 165.6564
0.001719002 182.504
0.000618893 179.9522
0.004441932 187.8127
0.0020821 184.542
0.003388391 184.2618
0.01129398 197.5009
0.01034602 194.0771
0.005358372 193.357
0.001428321 227.0257
0.002882944 235.4886
0.0008298209 222.861
0.005529587 211.5526
0.01130823 215.5688
0.00906826 202.316
0.009455494 210.2361
0.0089401 203.7966
0.003165099 192.9251
0.007699931 186.473
0.002186136 182.0936
0.004979012 177.4654
0.002371894 190.1419
0.001091719 182.3539
0.0008975027 193.9346
0.001068776 200.842
0.001361187 212.3705
0.0005076758 213.3961
0.007664235 233.3733
0.01015927 243.0789
0.02186268 250.1706
0.01867811 252.9765
0.008904852 258.0697
0.01362269 258.9801
0.00495277 236.3574
0.01073108 242.5256
0.004706481 258.1376
0.009969452 270.8452
0.007607761 279.3572
0.006470382 297.3639
0.002196944 293.3066
0.001364284 315.7782
0.004256756 328.9145
0.002956779 309.7441
0.006145143 302.7687
0.003232391 294.2125
0.01041516 281.96
0.01705179 274.9966
0.02594153 277.6164
0.02381753 276.4863
0.0310964 262.3355
0.01484398 257.4739
0.01913736 265.7994
0.02578043 279.9773
0.0317131 250.1056
0.03852783 269.1683
0.03298947 267.535
0.01423111 269.3939
0.01473612 257.9266
0.01104684 247.2007
0.01977936 225.0936
0.02072141 211.9999
0.0158028 219.484
0.0136639 230.9119
0.001117581 222.7146
0.00269926 242.0289
0.001381451 247.6456
0.001506258 241.2247
0.006152519 233.4062
0.002014896 234.2638
0.01402717 229.6163
0.005985011 249.5831
0.02771662 253.1476
0.01636626 245.794
0.01360907 258.3499
0.003124354 256.1919
0.003924927 273.5912
0.001107479 250.9288
0.003056103 233.5874
0.001403463 235.5924
0.003353917 237.835
0.002944856 243.7542
0.005062352 248.0975
0.007412515 247.3841
0.01378078 241.7846
0.01545126 234.1143
0.02355771 232.8331
0.01348108 220.164
0.01332853 220.0758
0.0214367 224.5328
0.02255924 238.8688
0.01081076 231.0952
0.001311967 250.3284
0.008586177 249.64
0.01163505 240.7709
0.01991317 239.3246
0.01902341 247.6363
0.01029577 239.7805
0.009382164 244.0098
0.005089518 248.1088
0.008586421 243.549
0.008887604 232.6306
0.006866725 218.4785
0.009037422 221.6204
0.008231486 241.5765
0.009008984 247.0286
0.01346391 243.2565
0.003584465 232.1074
0.01539075 234.3153
0.0276625 226.6135
0.01723236 223.5109
0.006926773 221.1384
0.01552811 218.4766
0.02574165 215.7301
0.02570153 210.3069
0.003768141 216.8001
0.008917724 206.439
0.01903687 216.8644
0.003065049 221.7558
0.001416523 215.5847
0.01571719 212.4102
0.006145213 213.4068
0.01427361 205.6563
0.00201978 188.436
0.01122304 199.7648
0.012077 190.6958
0.01816443 208.6183
0.009334247 202.9956
0.01705185 190.4624
0.01430526 193.6226
0.01852978 192.9178
0.03011656 194.5668
0.01765565 184.2929
0.0250225 198.1798
0.02091429 182.8352
0.009331736 166.8702
0.01443245 169.701
0.01536183 160.9082
0.004477217 155.3004
0.02095314 158.2872
0.02930783 158.9438
0.02028746 156.7321
0.01595856 150.0915
0.01869926 143.0905
0.004895215 144.4746
0.01258728 143.0729
0.009271676 158.9189
0.008137736 149.5059
0.009488178 145.3237
0.03147012 145.3289
0.0333969 147.7344
0.03932624 156.0468
0.02484551 163.0981
0.02133462 160.509
0.01652091 159.0399
0.02836675 160.4144
0.02133421 143.8313
0.01711181 153.6509
0.02224378 149.2707
0.02246148 147.7382
0.008498155 136.5638
0.0152323 135.3984
0.001315268 133.8346
0.003208888 140.4414
0.005979047 142.7967
0.001447118 145.9626
0.001915948 142.0963
0.002936399 145.5613
0.01311864 147.2179
0.01198351 144.7465
0.01264633 135.0424
0.01897289 132.3868
0.02525569 133.2115
0.01315852 124.1567
0.03113712 124.8049
0.02009531 123.1137
0.02202407 121.7383
0.01746223 117.1559
0.01850498 127.5205
0.0220954 119.1539
0.0105021 118.5488
0.02268654 124.5204
0.01463128 118.0451
0.01586415 119.8561
0.005539802 114.6946
0.007965803 116.9942
0.005402415 110.9142
0.002889187 107.1088
0.01139758 116.6629
0.00259552 116.6423
0.0004871995 111.4621
0.004819637 97.73065
0.002027033 91.27116
0.001756263 88.91779
0.0008292464 96.72104
0.0155143 93.94747
0.01111241 96.80717
0.01505796 94.52518
0.008368319 92.38113
0.002361098 96.03002
0.001233003 93.16286
0.003107033 95.79276
0.006009839 96.7123
0.01428525 99.8692
0.03692646 105.2643
0.03854289 103.2864
0.02547579 107.4918
0.0217304 100.294
0.007629245 103.4498
0.02282952 105.4311
0.0270519 102.599
0.02773448 100.5446
0.03405606 105.8284
0.03029397 102.7555
0.04122703 106.1743
0.0469623 117.5176
0.02009225 129.7161
0.008006608 125.5737
0.005484044 124.4716
0.004634103 122.3047
0.01199315 122.6652
0.02471832 121.9755
0.04846912 128.0559
0.03606706 131.0177
0.02363586 125.8525
0.02279927 128.8594
0.02649452 140.8332
0.01326604 140.1685
0.002029953 143.3205
0.002369499 152.5109
0.004899826 161.3576
0.003417969 164.3828
0.003690494 171.6903
0.002252193 173.258
0.003088709 169.0305
0.001403813 160.8075
0.003649136 156.2448
0.006132482 159.5124
0.001945743 157.6673
0.006154023 157.88
0.01325468 152.9616
0.01146527 153.6174
0.01643903 155.8791
0.02690971 165.0308
0.02738462 150.0038
0.02371277 151.459
0.009088715 154.5718
0.01160019 152.7513
0.003518681 147.5557
0.004187015 146.7077
0.01708653 138.2693
0.02268533 140.4479
0.02300211 140.7889
0.01428531 147.0926
0.02102029 133.1529
0.02027241 134.5101
0.004837904 154.2388
0.005405323 155.445
0.01835434 150.5845
0.007624396 159.5907
0.001454196 163.8381
0.00602017 167.9491
0.01608651 170.1972
0.03833588 169.4117
0.02909442 171.6926
0.03349326 183.5475
0.03835682 174.4675
0.01732336 172.155
0.01082529 172.2045
0.01911472 180.4025
0.0115942 175.5213
0.01081332 165.0743
0.009157032 169.9158
0.005325765 179.3459
0.009855148 176.8052
0.01535532 160.4658
0.02652455 153.2403
0.03662963 148.4322
0.03192798 152.5009
0.02581804 138.4206
0.01191799 139.1591
0.0129056 127.3328
0.01868352 129.0282
0.01363066 146.9133
0.04423744 148.5663
0.0152784 151.1798
0.008676223 146.3213
0.001650272 143.6278
0.002289983 147.535
0.002778183 143.5866
0.004996597 132.5877
0.004367435 127.9693
0.005164959 130.9359
0.009693253 133.043
0.005081877 135.5116
0.01148757 134.2651
0.01765126 123.2801
0.02728311 116.074
0.01897428 123.2185
0.02538084 129.1155
0.01616668 125.8203
0.008287242 115.4853
0.003912016 119.9888
0.003208908 112.3544
0.01028618 113.2162
0.01584177 115.5814
0.004709421 120.3352
0.01217474 117.4446
0.002309816 117.082
0.001461454 116.7906
0.000907458 119.4378
0.01208837 118.4529
0.01848626 109.3272
0.02207667 117.5231
0.01941597 104.7155
0.01154253 105.5386
0.01340318 112.1231
0.006927254 108.6423
0.01171735 116.9021
0.006330494 118.2109
0.0126567 126.4704
0.01444557 125.8628
0.03378802 124.8023
0.0167472 114.1798
0.02743023 112.1025
0.00467899 108.3707
0.009754824 98.75402
0.023823 93.4607
0.04525022 95.16782
0.03858275 92.1393
0.02661539 90.4835
0.01644482 92.4958
0.01202244 97.58155
0.01417151 95.79103
0.02364784 88.28516
0.02190521 91.65025
0.004428548 84.5467
0.02214996 82.0287
0.03088757 82.82555
0.01304018 74.79199
0.02931519 77.26801
0.02156619 82.58416
0.01247169 86.85136
0.01359963 80.51064
0.004688254 86.35831
0.008224057 82.18047
0.008901593 78.31402
0.01193143 73.7607
0.01293067 75.22126
0.02296784 75.88008
0.02186457 81.0714
0.01499559 89.07718
0.02562779 91.2539
0.01602269 87.09246
0.008193391 92.74751
0.00992849 96.39326
0.009353304 94.66618
0.007986798 94.33227
0.001317073 91.30204
0.0002761547 84.90806
2.776203e-05 98.0163
0.02371779 97.31349
0.00581241 94.97742
0.009505992 90.24878
0.02348427 89.02483
0.01951078 87.06983
0.02360628 86.18984
0.0230709 90.93582
0.02548163 81.73956
0.02246082 80.45055
0.007435831 76.88917
0.008852181 78.15932
0.005257668 73.16
0.001799605 74.94903
0.0009503292 73.8807
0.005677526 71.99281
0.005742806 71.68822
0.01031967 71.86755
0.02378451 75.71775
0.01657504 77.7506
0.005500847 71.56245
0.01597578 75.15302
0.01257797 73.22641
0.01784331 69.01327
0.00820283 65.73267
0.006660774 64.19218
0.01575848 67.58172
0.02071153 64.25867
0.01963592 68.19812
0.009853346 64.55992
0.01170456 62.4273
0.01688251 63.37254
0.01061206 65.76332
0.009752805 67.33352
0.006442438 66.08606
0.003345105 69.90771
0.001573146 67.22815
0.008073859 67.07881
0.02687008 70.09674
0.0196631 66.40043
0.0208087 68.91062
0.01028242 69.03356
0.03351695 68.9526
0.03431171 67.60808
0.04854611 71.73373
0.03051897 72.57732
0.02041095 73.70493
0.0245682 76.0488
0.01876151 81.95943
0.01116309 83.87864
0.005722232 81.07189
0.008124498 87.26448
0.008400486 88.25345
0.001571104 91.12576
0.009277617 85.44598
0.008681957 84.73716
0.002472836 85.3839
0.008098901 86.08864
0.02171305 80.42915
0.01249386 84.00523
0.01861786 79.97751
0.01490898 86.14157
0.01806178 87.05731
0.01267125 85.93059
0.01372776 89.90746
0.02919333 92.33965
0.06785098 96.42608
0.05361596 93.35162
0.04870303 87.71398
0.02350204 83.23738
0.01414979 76.81031
0.02536487 81.32511
0.0248123 80.65218
0.03827726 80.40258
0.01781374 80.23016
0.002156512 78.64539
0.004162022 75.31038
0.005206688 72.9058
0.002051124 76.46238
0.002415353 72.86162
0.004434423 71.93043
0.004406874 75.10044
0.01553949 77.56131
0.01786045 84.72983
0.007759819 79.8531
0.006227327 84.18452
0.003900673 84.06832
0.003731639 81.49928
0.01092097 85.96722
0.004457412 88.83407
0.005437091 90.64341
0.006365912 88.95298
0.01551786 88.37744
0.01937513 83.41413
0.0176894 82.30959
0.02509819 84.9948
0.006715496 86.51468
0.01036503 93.53572
0.003064077 95.57398
0.007750139 95.61209
0.02052029 101.1615
0.03240227 97.9047
0.03828833 105.6154
0.04205025 109.7036
0.04558651 119.3252
0.05129187 123.603
0.05014895 117.6747
0.05264426 125.0987
0.02003203 113.4865
0.0129466 109.5832
0.006567474 116.0384
0.009753942 126.4493
0.003928094 116.8293
0.004626212 120.8001
0.009381072 122.2224
0.0244775 121.4549
0.01157655 130.2235
0.01803689 130.3359
0.02521083 134.948
0.008126673 131.0598
0.01203994 126.8467
0.007858641 130.9416
0.002285013 127.5768
0.00451175 134.0763
0.002533553 140.491
0.003347037 147.9366
0.005413234 152.7109
0.02283519 168.0422
0.01652181 168.9787
0.009223062 173.6875
0.01258274 187.8882
0.008500424 192.5381
0.00852991 186.7087
0.00750562 191.931
0.007518056 194.687
0.00690923 190.5438
0.0007452932 194.2461
0.00592173 189.9225
0.006842615 188.147
0.006986397 186.7833
0.006669279 182.4015
0.01607503 188.1672
0.005019446 187.4257
0.01792476 172.2057
0.02246761 176.9673
0.02257255 173.9594
0.01797666 172.3024
0.02491584 175.0518
0.007013969 187.6351
0.0009028737 193.9323
0.009212203 210.9437
0.001183697 202.2192
0.002402924 199.4246
0.003949261 203.2018
0.00647013 201.6779
0.002302391 209.268
0.001671803 189.3361
0.003598656 187.6615
0.01097414 183.8787
0.007412956 175.7552
0.01446448 175.4643
0.005401511 173.7588
0.01397211 179.7805
0.007443631 173.7974
0.007956504 169.5704
0.001591816 165.254
0.006059624 167.747
0.008115914 166.9787
0.00990644 158.5437
0.009080798 151.522
0.006251694 151.0025
0.008592732 155.4891
0.01670777 158.98
0.01261876 157.4698
0.01391466 153.3814
0.01632165 164.9048
0.01840485 165.8868
0.0109887 170.2606
0.01598167 177.5519
0.02499447 186.2672
0.01243583 178.583
0.0138732 178.7124
0.01082845 177.1874
0.01452341 168.1707
0.02902114 165.4795
0.008273652 183.6871
0.003207429 178.7101
0.003474822 188.4701
0.001515597 204.6278
0.00089313 207.4873
0.001968866 218.1079
0.003152483 221.8721
0.008228821 238.2785
0.001704189 231.7518
0.002353327 243.0364
0.001676604 244.0623
0.002682781 259.3238
0.004471138 250.9963
0.00649716 248.6106
0.005610009 243.3369
0.01065734 246.3329
0.007464847 257.7891
0.002179767 275.5726
0.005359064 244.996
0.004139246 230.9168
0.0003663486 227.4722
0.0002438519 214.5265
0.003298737 212.9369
0.01059622 203.3311
0.01312723 220.8792
0.01150799 221.6866
0.008452467 215.8154
0.001520299 217.6282
0.006040568 213.9034
0.0003468696 231.2773
0.008052737 243.0653
0.003907456 247.2218
0.009501377 239.6461
0.00362825 245.1289
0.001538858 234.6219
0.003301863 255.967
0.004362336 249.0629
0.00286679 265.9112
0.001872807 268.5615
0.0003850982 293.2293
0.001881353 302.5003
0.002220017 303.3165
0.003110888 299.7839
0.003478966 315.997
0.00299883 320.1478
0.006303874 326.3093
0.007917534 333.2396
0.009744234 331.881
0.007612542 325.0925
0.009456983 320.6433
0.001220592 330.6798
0.007093906 338.9436
0.001511802 324.5716
0.006065449 334.7694
0.008598844 348.0357
0.01684864 349.6756
0.003786961 351.2134
0.01367345 344.1313
0.006324839 351.9447
0.002114319 359.2727
0.002304909 330.4786
0.004640514 328.9082
0.002461172 303.7385
0.004326455 312.5898
0.007936011 329.6677
0.00418809 332.4438
0.009741815 312.2366
0.02112243 294.7612
0.01359614 290.39
0.009317383 287.7492
0.02686971 309.2092
0.02585493 306.7334
0.02645766 307.1426
0.01309341 304.1001
0.002930295 297.6548
0.002206285 322.5986
0.01339776 325.0946
0.00370656 330.1872
0.00523826 307.7876
0.01023329 287.5294
0.01221952 322.9303
0.005053516 300.9798
0.009274154 310.1172
0.020189 314.4137
0.01739864 312.9576
0.007485485 293.3649
0.005208176 301.0942
0.007885256 334.581
0.001512998 341.4726
0.00378916 329.3014
0.01536064 316.3473
0.01325519 318.5328
0.01822998 313.7678
0.02030164 301.8872
0.01420598 295.4511
0.01849363 291.9744
0.01079529 295.586
0.004441937 296.1497
0.005541519 279.3153
0.00927615 264.1462
0.0002845591 265.5451
0.00503982 260.6352
0.001856225 266.2602
0.003346852 255.7054
0.008598342 254.0994
0.007213451 275.4344
0.006107611 261.0664
0.008166534 254.5759
0.006517633 260.0005
0.006715618 276.3158
0.01763018 260.3256
0.02163259 270.0555
0.01722102 255.0945
0.006904574 258.3554
0.003569179 256.3838
0.00179554 254.4136
0.001141869 254.0808
0.003003497 252.8766
0.004620872 254.513
0.004742639 267.1303
0.002089177 291.7614
0.008397804 275.6105
0.006030672 280.111
0.006446168 276.3085
0.01054564 264.3465
0.01786042 260.9052
0.007523589 273.6021
0.009993181 263.9407
0.01773596 256.3277
0.006557858 257.2997
0.01342454 254.5133
0.009106689 264.9167
0.01192077 272.2335
0.011251 283.028
0.01756529 273.9384
0.01152421 281.4215
0.009589909 280.0563
0.002781781 265.7437
0.001718762 257.8594
0.001837354 256.7175
0.002473494 242.6018
0.005966812 261.3747
0.006788654 271.9289
0.009323887 254.2036
0.004881382 284.6666
0.00267798 290.1018
0.000298007 281.9313
0.00249497 271.939
0.007638794 268.7826
0.006675273 276.0107
0.006104057 260.9443
0.008999526 254.0247
0.007408318 274.9574
0.008306495 271.7547
0.002054472 279.5334
0.001575942 284.7945
0.0008682106 275.4184
0.005822954 261.4356
0.00314226 249.6812
0.006140159 254.3874
0.002175864 237.0648
0.01695597 236.8508
0.01933397 235.1001
0.01190346 247.8748
0.01363035 258.8778
0.01397894 259.7815
0.01308856 249.3436
0.01272833 262.6053
0.01246005 280.9927
0.01197056 280.3234
0.01445722 265.2859
0.007615444 254.4599
0.006303349 231.4102
0.0211093 236.9239
0.03243711 211.3647
0.01727201 192.5083
0.02695124 188.5625
0.009242099 191.5648
0.008747927 195.752
0.009044721 212.6747
0.008911133 203.9729
0.00943465 208.9812
0.004368434 200.3498
0.003316753 190.0689
0.009329046 189.5574
0.01119313 175.6486
0.004948823 165.4246
0.01808577 169.2494
0.02543602 174.7097
0.01825412 181.5737
0.008256799 187.0186
0.004595303 189.5631
0.004001576 183.6217
0.01799889 181.4791
0.029922 182.7704
0.008660017 189.4353
0.003988438 181.7824
0.001234072 169.9683
0.00191893 175.3932
0.006979217 176.7319
0.003979366 170.2659
0.005494319 170.1979
0.007188915 162.762
0.02485227 159.7483
0.02177071 158.0952
0.0264031 141.7378
0.02519338 137.2508
0.01256007 135.2224
0.003454475 144.4675
0.006246869 143.1424
0.005297859 139.0438
0.009394271 140.8109
0.0008608494 141.0116
0.001941477 136.4225
0.006949679 128.8518
0.03612781 127.0471
0.03545803 127.1999
0.03209449 124.5031
0.02721823 130.1423
0.006510247 120.4189
0.004845673 124.9186
0.001645825 122.0434
0.009554909 123.5428
0.0127964 133.216
0.009279427 138.4426
0.02571934 135.861
0.03594268 136.3858
0.03644811 137.1478
0.0774583 139.2766
0.08928936 125.626
0.111202 119.2678
0.05817526 116.7828
0.03363792 118.6678
0.01772015 130.1054
0.009931218 122.3851
0.01101998 123.2018
0.01198255 121.6069
0.01772499 122.4838
0.00941078 118.1765
0.01119063 116.949
0.007392648 116.0249
0.004880798 116.7082
0.01084635 115.9377
0.007683883 124.9078
0.01519392 122.3771
0.007371646 122.0641
0.006899222 133.2259
0.002822009 137.6346
0.002800139 144.3303
0.01616238 141.0854
0.01008853 145.4117
0.01250923 141.9833
0.007574779 153.9702
0.01926082 158.1689
0.03861205 155.0628
0.03634016 148.6882
0.03317337 130.2288
0.03195341 132.8814
0.02886303 132.5532
0.0168657 130.6003
0.01084194 131.9658
0.02576188 138.2304
0.02289982 133.1617
0.03353814 127.9423
0.02223302 123.2507
0.01410098 123.8563
0.02823807 123.8151
0.0148756 135.3891
0.01014766 131.1608
0.01647289 121.5088
0.01595254 111.6414
0.01859832 111.4161
0.01028068 119.8162
0.002772867 119.9676
0.005207436 123.3178
0.003836394 121.9907
0.006985664 117.8472
0.007804152 125.1589
0.0279279 136.4401
0.05347267 149.4363
0.03049054 145.1043
0.02020171 147.97
0.01198393 140.2799
0.02372278 136.338
0.01871164 126.0781
0.01892361 123.4465
0.01293346 131.1395
0.01165182 137.8963
0.03031987 140.1133
0.02414331 134.3225
0.03232159 141.6218
0.02217753 138.1035
0.04196071 131.7234
0.01436898 145.9823
0.01884414 139.2179
0.02833232 145.0794
0.02722781 134.9051
0.01860997 136.4857
0.01306495 135.4839
0.02036798 144.4019
0.01465425 146.2278
0.01747777 148.4854
0.003160815 142.1007
0.004826859 125.5554
0.01124545 129.9132
0.01147818 125.3234
0.01031357 130.3471
0.01026464 134.5023
0.002037019 133.1652
0.00256075 139.5045
0.006405419 145.9997
0.01604506 145.8689
0.01193729 150.235
0.01047062 141.8398
0.02498668 133.1412
0.03712978 133.2779
0.03876195 118.7646
0.03699429 109.5591
0.03563496 101.8328
0.05111249 91.95221
0.07115591 94.84719
0.09341196 91.08028
0.09536173 81.63669
0.09883755 86.96941
0.07177053 79.45734
0.064125 80.94817
0.06485086 81.34973
0.05518682 82.87868
0.03702401 73.89526
0.02648562 70.0467
0.03701186 69.94084
0.02873674 66.8493
0.02212561 68.86428
0.02165581 66.99946
0.02036794 71.86709
0.011185 73.39066
0.006482905 71.17117
0.007900665 69.46349
0.009569451 69.24652
0.01472859 72.80809
0.01988135 72.2643
0.01132153 68.76702
0.01869533 67.14726
0.03487185 65.613
0.03038617 67.68736
0.02762291 70.67836
0.01690595 76.91281
0.008920195 77.74772
0.001536405 72.65136
0.0001072991 70.31615
0.002038347 71.39148
0.002470865 70.33153
0.005212863 64.56506
0.004562698 64.44549
0.01746567 66.77075
0.03063584 68.68672
0.04393116 68.15943
0.06195703 71.59657
0.03637759 71.27133
0.02504394 76.05768
0.02395001 77.83333
0.01008868 74.8878
0.01670712 72.08052
0.01855364 72.65482
0.04333654 76.94296
0.02943919 81.51902
0.04008781 81.45178
0.02343262 85.49978
0.02871861 79.33187
0.02897294 73.29694
0.01939145 77.04118
0.02012345 74.14062
0.01407364 77.12734
0.02774676 80.17599
0.03089443 84.29882
0.05928 87.39495
0.04932078 88.88441
0.1007252 92.36579
0.07330256 89.03962
0.04709084 88.69216
0.02258121 87.34838
0.01950948 93.84825
0.01828502 88.46581
0.01889548 89.01111
0.01429919 93.96252
0.03126648 92.69923
0.02946633 96.82412
0.01763247 102.9763
0.005798166 98.64813
0.004927085 102.0788
0.009294109 109.4682
0.004605801 112.2501
0.001563525 97.52439
0.01111675 93.24602
0.01179861 90.68006
0.01542584 86.93724
0.01704313 89.37885
0.03183935 88.9787
0.01978823 96.17823
0.01950263 102.9119
0.03646656 101.4876
0.04117274 107.408
0.03242668 93.16049
0.02548618 89.14528
0.02549954 88.08615
0.04209122 87.87743
0.05316099 84.62901
0.0491218 83.29335
0.0561221 87.26915
0.06036995 89.54584
0.05401349 89.34257
0.08284951 78.57719
0.09682806 75.35221
0.1132029 69.16656
0.1417027 71.89604
0.1337269 68.86409
0.08862898 64.54935
0.09715307 59.97183
0.08344354 56.8923
0.05709718 57.99611
0.08998892 57.10707
0.09638934 63.77909
0.08946309 59.32986
0.1207435 61.727
0.1291046 68.12937
0.1389553 66.50866
0.1013295 71.84393
0.06270388 71.73432
0.03407858 70.5991
0.01415069 65.45507
0.0288856 65.56424
0.02523388 65.6074
0.01635715 64.58471
0.01600413 66.34863
0.03549438 64.91866
0.02698431 63.53733
0.02299818 59.84474
0.0364672 58.59363
0.02935513 57.48146
0.03297321 60.37033
0.03780987 62.73506
0.04130971 60.47979
0.03323785 63.14317
0.02224911 62.48647
0.02282231 63.88558
0.01948316 62.92296
0.02740238 64.93011
0.02296541 61.27502
0.01559274 60.94763
0.01811726 59.13246
0.01537615 63.43484
0.005068974 64.70457
0.02051354 67.07022
0.02029133 63.32503
0.02614355 64.76427
0.03129255 64.06696
0.02033059 64.43502
0.02310385 62.4092
0.01110804 60.90909
0.009105973 59.34338
0.006180406 60.12814
0.02038586 61.92005
0.03459952 63.75848
0.02629599 60.86739
0.03221901 58.06317
0.01426974 62.28792
0.03585551 58.37036
0.03773177 60.85975
0.03183166 59.03151
0.03704583 59.13078
0.03746045 55.75544
0.02537199 57.22021
0.04439797 59.30958
0.04494037 60.16328
0.07735313 54.65498
0.05976705 56.51949
0.07153133 57.64933
0.0784632 56.23843
0.0706037 58.42395
0.04922416 60.28187
0.06074103 62.20893
0.0788227 62.65442
0.07422128 65.18148
0.05161581 61.84918
0.09198342 58.80668
0.08311248 62.19339
0.1016928 61.12379
0.08815477 55.76185
0.06044035 62.6833
0.06992617 68.31401
0.05878028 66.86855
0.05953787 68.09783
0.05694563 67.7406
0.07996336 64.17461
0.05597447 59.2417
0.0442451 61.36051
0.04488536 63.03365
0.03222224 64.9451
0.03042476 65.85064
0.03493677 70.42064
0.03029592 67.45212
0.04331072 67.65186
0.03866514 70.66779
0.05243647 73.70923
0.05249335 74.144
0.03123706 70.84541
0.02824198 70.63485
0.0224858 73.62319
0.01685009 75.87402
0.02080963 78.28022
0.02553959 74.15826
0.01783302 78.76535
0.03259291 77.56402
0.04160814 76.226
0.02751807 71.73791
0.04193204 72.53947
0.04925673 69.54037
0.04138312 69.58341
0.02453071 70.65783
0.02545261 71.91945
0.01330553 71.83093
0.01722188 70.60107
0.0204585 71.64301
0.02515079 76.14407
0.02084253 79.54133
0.01683082 80.79917
0.008843738 78.12099
0.01485675 78.41272
0.01786993 81.13315
0.02812503 76.08115
0.03899446 75.90515
0.04627183 73.13412
0.01243824 68.60479
0.01243138 69.7943
0.01900675 71.70477
0.02686178 69.585
0.02333073 66.77408
0.01321569 63.93561
0.01508764 63.38567
0.02331929 62.08397
0.01360341 62.8331
0.01664386 64.81616
0.01555695 67.32278
0.008103158 69.12607
0.02558344 66.96624
0.02567058 70.92371
0.034692 66.95825
0.01897888 68.5508
0.01985816 73.38484
0.01822628 70.14855
0.02505245 70.00614
0.03751624 68.72316
0.04200524 72.8165
0.01541203 75.91634
0.01521096 72.67832
0.01260952 75.9352
0.008185735 75.78875
0.02937117 76.83566
0.01513032 84.56916
0.01238032 90.47485
0.01007132 95.04204
0.007867706 91.27888
0.004030328 97.50902
0.0007640503 105.1777
0.01083704 100.2352
0.007640582 99.76859
0.007301701 96.89693
0.007432471 95.74011
0.01222505 96.15481
0.009607465 90.11437
0.01234203 91.86572
0.0116589 96.16935
0.01507425 98.98079
0.02746651 98.37486
0.07050357 100.2506
0.07315627 91.1438
0.05603801 85.75194
0.05943448 86.24806
0.0566019 89.26608
0.02396002 91.60314
0.01928834 91.3448
0.04221959 87.96622
0.05245433 87.94744
0.04417086 83.68456
0.03226907 84.62268
0.06779277 82.40166
0.03432478 80.44488
0.0140761 75.54422
0.03827407 73.24846
0.02771068 69.97879
0.02744086 66.77082
0.0223161 64.51543
0.02477954 62.55752
0.043274 61.52148
0.03437841 60.62933
0.02672825 57.9892
0.02096357 52.53331
0.02976037 51.5677
0.01527434 50.29627
0.01497286 51.66679
0.008401252 49.62849
0.005820655 51.75659
0.005754892 52.8029
0.005754351 53.16257
0.01010777 52.35397
0.01718748 54.31381
0.01919244 54.01098
0.0243025 54.58545
0.02349553 58.75722
0.02820786 58.07888
0.02307853 56.19367
0.01694429 56.11584
0.01757688 56.38975
0.008786882 57.17105
0.006852437 54.33319
0.005803692 55.31721
0.02865832 58.00735
0.02596526 58.19266
0.03297721 61.14484
0.01742306 61.97156
0.03174151 57.44524
0.02018367 57.69555
0.02398306 52.81605
0.009917885 51.94448
0.005647189 52.82669
0.01232087 56.77152
0.01516609 54.54809
0.004106968 55.70422
0.001143722 54.88467
0.003901993 53.59393
0.009016388 53.62747
0.005138664 54.99201
0.006662123 53.10641
0.00609861 53.13143
0.0074038 54.7666
0.02659746 52.53342
0.02213636 50.99251
0.01087419 50.05139
0.009866709 52.83048
0.00209185 50.79421
0.00274686 49.7226
0.0004114963 52.85458
0.000164792 52.77547
0.007108404 51.05022
0.01443839 50.90982
0.01863455 50.30843
0.02644108 54.67205
0.02467498 54.53555
0.03565607 50.20489
0.03030257 50.7183
0.04541364 54.31428
0.04045673 57.24899
0.01951512 61.76526
0.0233573 65.2293
0.0193653 62.9287
0.01216298 63.70141
0.02406323 66.28469
0.02309304 65.88787
0.03466071 64.86372
0.03051071 64.22516
0.02027938 65.24171
0.05010965 63.03595
0.02073471 60.43274
0.01963271 66.71327
0.0307057 64.72956
0.009085829 65.90391
0.02156015 66.01223
0.008618633 66.9809
0.001260072 66.52668
0.002149036 64.47482
0.004720068 63.5159
0.0048399 65.16287
0.002249536 67.29563
0.001493141 71.88076
0.02130673 74.29366
0.04339708 77.32803
0.03182804 79.15161
0.03406265 74.5215
0.01705949 79.50199
0.009858365 79.11534
0.01134339 82.98668
0.01768044 87.33162
0.006435148 90.00189
0.0007285692 89.00229
0.0008886954 91.46431
0.006729792 98.58752
0.006582544 95.47956
0.004788903 92.67752
0.007662935 94.23196
0.01465642 94.99248
0.01186282 92.98404
0.008531246 95.95691
0.01533473 102.1645
0.01508792 95.14994
0.03402272 115.2185
0.01972787 116.8389
0.01793277 121.9429
0.002230216 120.6616
0.0007303183 114.6831
0.01005549 110.6923
0.02102262 111.6979
0.02023161 120.0686
0.01234391 121.2816
0.01252034 113.859
0.005908112 112.4068
0.007700025 107.9431
0.01955395 107.7926
0.01964239 114.7879
0.02846917 113.941
0.04602517 117.9846
0.03742863 122.5415
0.02222542 122.2788
0.02075039 116.7124
0.02852214 108.594
0.0179822 110.3176
0.01178025 107.6139
0.01665523 102.6083
0.02175662 111.3904
0.03291428 111.4006
0.03249711 106.1972
0.0287587 99.8252
0.0397331 100.7227
0.04300065 98.74763
0.05488571 97.27983
0.0227979 99.17204
0.03749056 103.4239
0.03382929 99.71647
0.01857874 94.65622
0.03477913 92.62962
0.03737964 89.76198
0.02720614 91.15842
0.02199994 86.88588
0.006728031 89.8515
0.004560105 84.31431
0.006688045 84.6127
0.003363378 80.80622
0.000110561 75.43632
0.0005188007 75.77838
0.001285528 65.93629
0.01611142 59.8836
0.002038758 57.40021
0.008035885 53.77189
0.01243405 48.06302
0.04167119 50.824
0.02532222 49.48905
0.02003948 48.98949
0.01295471 50.82991
0.002395955 45.76698
0.0007600647 44.76375
0.005617519 45.61889
0.006576026 45.18001
0.00447367 45.52467
0.0002848949 44.78954
0.006142976 43.5802
0.007527698 45.91131
0.002865808 46.63245
0.007020681 41.65319
0.02644702 38.34876
0.02358105 37.40389
0.03561162 36.41737
0.03446674 36.30539
0.03124888 36.26299
0.03052731 37.71731
0.02425275 40.09895
0.01669933 39.87267
0.009707796 38.65929
0.01433849 38.80871
0.02476924 38.97722
0.01261466 37.42445
0.01454724 38.82407
0.01240869 38.37314
0.006780799 39.20711
0.01028585 40.13788
0.01097867 38.59912
0.03496438 40.0933
0.02367385 41.3389
0.004309705 40.16735
0.01330464 45.06623
0.02175761 41.45283
0.01830402 38.95274
0.01683942 40.6767
0.02747682 40.334
0.02148199 41.61309
0.02356935 40.96235
0.02250707 36.97935
0.03363539 35.53211
0.03200866 38.84414
0.05447961 36.58913
0.03601863 38.79852
0.04923312 36.17745
0.0517958 36.30076
0.0414614 35.0126
0.02993286 33.78626
0.03407173 33.96156
0.03745329 35.11934
0.04469966 34.73295
0.06600775 37.44822
0.04904893 36.1027
0.04759088 39.22888
0.0380401 36.06555
0.02760073 41.29325
0.03983695 41.54588
0.03878721 40.47476
0.02592139 41.82784
0.01995968 40.49056
0.02362198 42.29449
0.03136397 46.08507
0.01207361 43.43565
0.007090562 48.92446
0.007606503 51.90376
0.02815784 51.54333
0.02962954 46.52872
0.03254893 49.69821
0.01897299 48.90849
0.01631924 52.29756
0.02894519 52.0978
0.02170777 53.56764
0.04519139 56.77963
0.04062898 58.24226
0.02540598 58.58827
0.03946623 63.45624
0.02157454 64.08908
0.01048319 65.33654
0.01564427 62.64284
0.008648328 62.40489
0.03377529 65.10858
0.02321819 61.97958
0.00516253 61.37654
0.004540702 58.97713
0.002751511 62.52288
0.01256965 60.85511
0.006736744 56.45001
0.005643224 58.91836
0.0144232 55.06467
0.01305681 51.64737
0.008632482 53.95373
0.0127813 56.4813
0.01234063 58.35755
0.01949216 60.2553
0.01252432 59.92912
0.01611929 61.61398
0.003885955 62.66166
0.001865485 58.8126
0.01839455 57.53327
0.01161627 57.88763
0.01281481 56.83203
0.0109736 57.55908
0.02816743 60.14664
0.009282789 61.15968
0.005956151 63.44792
0.01933087 62.07099
0.03422482 60.95939
0.02425799 66.32897
0.01935295 70.47265
0.02667068 68.18384
0.03339129 70.46929
0.05889109 73.58643
0.0453936 78.77641
0.04426939 77.08203
0.0411522 74.18986
0.01671587 73.655
0.03042581 73.17687
0.01871241 77.46749
0.009686321 79.57711
0.01259799 77.21853
0.004750705 73.92833
0.01035164 71.98663
0.004148346 72.50395
0.002166601 69.43098
0.004926256 69.48201
0.002726863 68.1884
0.01580896 66.1107
0.01748165 67.82852
0.006366533 72.12815
0.004057501 66.82965
0.003586965 60.74992
0.007757384 60.77787
0.006757603 62.45641
0.005644872 60.9475
0.004576553 62.91786
0.006229991 62.35832
0.007213088 61.02293
0.002890695 61.09897
0.00538228 62.17349
0.007084047 61.53407
0.00570867 61.58615
0.004063798 65.52631
0.005158624 67.26708
0.001402793 66.51961
0.004388117 70.87804
0.01977721 77.54676
0.01305403 79.2169
0.007417347 77.06128
0.001402692 77.73272
0.0006714185 80.13826
0.001900095 86.98222
0.00935993 84.35166
0.005294009 93.73685
0.009841242 91.47023
0.004512615 93.62359
0.005385585 95.03261
0.002464212 95.26214
0.007879262 105.1432
0.02064298 105.9273
0.01812232 104.5517
0.004805861 102.1368
0.004927674 101.2553
0.01942335 104.6974
0.03122445 99.0728
0.03479659 99.73417
0.02293692 105.0071
0.01833701 116.4738
0.01379697 120.2463
0.01796724 125.5164
0.01020509 127.7749
0.006531516 114.2393
0.01466445 116.9058
0.01657545 117.8971
0.03102283 109.4288
0.01837448 113.0541
0.008193843 113.0234
0.009151263 111.1992
0.01535216 116.6582
0.01843185 123.4216
0.01402881 113.799
0.008855651 109.4093
0.001985277 107.5569
0.0008990513 103.693
0.004599449 96.51201
0.01150192 93.63013
0.02629974 98.57996
0.013538 105.2448
0.005552453 114.1075
0.01541997 118.9533
0.003951236 114.7532
0.002685244 116.0264
0.008056984 114.5132
0.0411876 105.8298
0.03692109 103.4835
0.01778065 105.823
0.02334908 98.49865
0.02946431 100.8855
0.02636121 103.3228
0.02973434 102.5317
0.02364829 110.9161
0.02918361 103.0312
0.05962009 107.3746
0.06366273 108.6804
0.05104914 106.8716
0.04174859 107.4017
0.04812026 101.6711
0.04012734 108.2347
0.02047722 100.4525
0.01709404 108.5863
0.004583321 109.7083
0.001835739 101.7209
0.009743582 103.0393
0.009547156 107.3742
0.01472625 107.9494
0.01236958 111.6504
0.02076713 121.3485
0.02665207 119.538
0.02009421 118.3445
0.02212837 122.0451
0.01408334 116.5305
0.000819544 117.822
0.004300951 121.246
0.003292509 111.9193
0.002163725 125.57
0.002696608 114.6316
0.003975636 117.7243
0.002848992 110.7935
0.004884025 115.6758
0.003498821 109.7538
0.01441358 112.1572
0.0176361 108.6531
0.01020751 106.9497
0.008785356 114.3685
0.005937355 110.931
0.002156748 106.0193
0.0003524151 109.5687
0.01384898 123.3903
0.006284972 132.7234
0.0007138713 143.6942
0.001413202 131.1759
0.00527081 130.0004
0.01405469 136.3296
0.01967861 134.0476
0.01873793 130.4557
0.01115714 132.2965
0.01341205 137.8044
0.0100981 132.3606
0.01839633 138.2712
0.03167044 140.5113
0.04311738 147.6505
0.03496217 145.7266
0.03973094 149.2457
0.04015113 131.3345
0.05088868 134.4589
0.04881189 128.5584
0.03480962 115.4315
0.02634355 103.5146
0.005342433 102.6863
0.008363898 98.18666
0.01227765 107.2062
0.01163851 110.7252
0.006246875 114.4994
0.002753797 110.5483
0.006961173 115.3143
0.008767325 116.1756
0.01623614 119.8105
0.006480423 118.36
0.01585723 110.3537
0.02007027 112.6714
0.02862045 112.0186
0.01522106 118.5778
0.02280155 124.9592
0.02435684 123.1869
0.02563358 128.926
0.01205543 129.8513
0.02572158 131.3282
0.05799777 123.8223
0.04985282 120.6968
0.03628318 124.5315
0.03226499 120.176
0.04374692 122.5116
0.03305688 119.6888
0.02429961 119.3744
0.01119103 122.2728
0.02394985 121.2605
0.02112497 121.7461
0.02367843 121.2945
0.02779093 117.2984
0.03907879 113.362
0.03733308 117.0615
0.01583518 107.3196
0.01864158 109.2912
0.01647164 103.4292
0.009066137 106.7139
0.01996531 95.78881
0.02697071 97.62967
0.02507759 98.06752
0.02244702 103.7572
0.01984824 100.1971
0.01433369 97.49497
0.02314112 98.03459
0.02111626 99.32531
0.01356833 102.0627
0.01429252 107.1531
0.01919256 110.4852
0.01926464 105.4677
0.01563067 102.4199
0.009366246 109.6974
0.02817272 109.5398
0.0309793 110.1345
0.05411799 106.2464
0.04879846 108.127
0.03756638 108.2147
0.04886291 106.1548
0.05013122 113.2196
0.03707505 112.5402
0.04342441 111.0334
0.03804183 105.734
0.03925582 111.4458
0.02847916 110.6629
0.02576448 115.2449
0.02105972 116.1637
0.01800161 118.6548
0.01511919 129.4676
0.008561946 123.7537
0.008240081 134.0867
0.006077365 146.1415
0.02030762 137.0078
0.017481 132.3176
0.02295776 128.289
0.02407623 112.5552
0.03007029 108.9623
0.01735997 103.5556
0.002692699 102.0483
0.005007325 112.8011
0.002938757 116.3422
0.0001165801 118.8829
0.00367217 120.7894
0.009167391 130.2761
0.003599254 131.7837
0.00700004 137.418
0.002944257 138.6378
0.0006193861 125.7227
0.004978778 116.8555
0.0107426 126.3813
0.0131579 119.156
0.01540116 116.6807
0.007240493 129.7824
0.005173268 121.2883
0.006082806 126.0848
0.0002418885 121.2215
0.003843555 126.2141
0.0008032109 128.6031
0.00378458 132.5534
0.002146086 134.0578
0.001745284 127.7638
0.001766521 124.3538
0.00397856 125.0133
0.005463011 123.8253
0.003911881 126.1014
0.006398424 125.3083
0.01321123 129.3898
0.01644512 128.7014
0.01942733 122.7413
0.01600009 116.636
0.02258224 115.8149
0.01765108 121.37
0.01609501 115.4041
0.01059381 115.1439
0.01642376 111.5675
0.0117997 107.4066
0.006302633 107.9406
0.009921541 116.8667
0.01119835 114.2859
0.008029269 115.0756
0.003517261 110.8607
0.002445762 113.0446
0.007067538 112.0553
0.01449566 106.598
0.01318659 113.4124
0.01138103 112.5934
0.0210977 112.185
0.02607745 116.0266
0.03128393 106.7056
0.02850949 105.5266
0.05623041 110.7561
0.05785981 115.3999
0.04200331 102.1893
0.0608177 109.1259
0.02434115 108.7509
0.008850685 106.5649
0.01434756 112.2738
0.01162839 114.5499
0.02165858 110.0559
0.0183329 109.6854
0.02853969 103.9612
0.03615951 102.1777
0.01069279 97.22031
0.01440691 105.0857
0.00410553 98.37288
0.008709453 91.22956
0.006523571 98.38053
0.001118884 94.58635
0.005036957 94.88329
0.009339984 95.0214
0.009723124 95.27557
0.01380286 101.9926
0.01778769 104.3878
0.01400992 102.8111
0.01201247 108.0964
0.007484451 104.0863
0.0001393701 103.9835
0.002082691 105.0403
0.004151167 103.7237
0.004664031 102.2146
0.002592877 97.98295
0.00523447 94.89168
0.003275291 100.326
0.003585242 95.67327
0.006561554 105.2345
0.01121043 104.5443
0.02364659 102.3423
0.01799228 97.46327
0.02294291 96.78167
0.01876005 93.96863
0.02373471 90.77515
0.02190223 88.25355
0.01951305 83.19261
0.0122379 80.44503
0.02270153 87.77843
0.04669528 92.18779
0.05366655 91.72703
0.04483479 91.18897
0.02179972 87.44721
0.0124283 85.62523
0.01987692 89.37379
0.02314905 85.96402
0.02137686 83.01493
0.00565756 85.70721
0.01692842 79.56624
0.008694843 81.48741
0.02822418 79.82569
0.03650862 89.76447
0.03329514 86.63407
0.01572163 86.62918
0.01202238 95.88683
0.01832509 96.67623
0.00551613 94.32854
0.003322167 104.1309
0.01210332 107.5293
0.02107853 108.6178
0.0168854 111.3787
0.01633541 113.8272
0.01250336 125.7256
0.02302492 120.9445
0.01695632 127.8141
0.02868437 136.4525
0.0175156 126.145
0.00656085 130.517
0.004973314 136.116
0.00857611 137.1639
0.003928618 123.8563
0.007572322 133.1801
0.003060361 125.8178
0.007788701 127.751
0.00320556 140.9907
0.006041843 136.79
0.01820628 151.6867
0.0168221 147.5378
0.02169056 152.8014
0.0279875 157.0955
0.02140746 158.8114
0.01185045 156.2084
0.01292052 149.9102
0.01928458 144.3407
0.01954294 150.7016
0.0124489 143.1404
0.01302055 133.5857
0.006420626 131.877
0.01304216 132.5287
0.03140275 125.8665
0.01735046 120.5184
0.009678183 120.168
0.01229666 124.839
0.006222132 115.927
0.006568515 107.2197
0.01806775 111.5878
0.003195523 107.8609
0.001048304 110.3105
0.004346988 98.85932
0.006416704 102.6208
0.004692015 99.14995
0.004482487 99.06081
0.01249696 104.2694
0.01321851 105.508
0.02924884 99.83944
0.02721972 108.3657
0.02927769 112.841
0.01599807 113.14
0.02245654 108.9621
0.0218124 107.5759
0.02368845 103.1512
0.02774265 102.847
0.009926078 107.8168
0.009777978 99.90081
0.003565289 98.30933
0.00929698 107.2828
0.01488655 105.7937
0.01602556 117.3538
0.007357927 117.0245
0.002977897 115.1774
0.0008312832 121.5684
0.02236609 123.6272
0.009065089 119.5398
0.00577294 117.011
0.009213297 110.1196
0.004033897 119.3107
0.02063341 112.2024
0.03721718 113.478
0.02320542 115.925
0.01829185 124.6437
0.02538802 139.2935
0.01428239 141.3794
0.009606524 153.3985
0.01694019 154.002
0.0193879 146.3016
0.02215347 146.4847
0.0119313 141.6262
0.006033281 137.9766
0.0143333 147.4078
0.005328846 142.9985
0.02098269 137.3428
0.02939726 132.1683
0.02402426 138.7714
0.01022317 139.8837
0.0115625 141.7835
0.006074122 153.6081
0.008678062 152.1369
0.005085866 156.7012
0.0036763 152.0932
0.01007929 139.941
0.003301842 121.131
0.003616651 124.1945
0.00171175 120.8989
0.01095925 129.0284
0.02074006 127.1558
0.03607476 136.3599
0.03414153 131.7812
0.02632771 138.6484
0.02412213 136.6629
0.01224737 138.3506
0.01417586 141.9028
0.009515674 140.1326
0.01762706 140.1653
0.0235408 132.6943
0.02621078 132.5675
0.01623826 137.6497
0.02520556 142.0225
0.02023971 137.5081
0.03368645 140.5967
0.02983997 145.5734
0.01663311 152.479
0.01378674 143.6881
0.01322133 139.6076
0.01700206 133.8366
0.02190404 141.0676
0.04016829 137.6192
0.03349396 129.3965
0.02049083 133.5747
0.04602994 126.7411
0.03627511 128.8237
0.01701633 126.7336
0.02140585 122.9848
0.03088441 116.1946
0.0236497 108.5183
0.0279864 104.6324
0.03691394 110.5047
0.0384252 105.7467
0.05506366 111.1329
0.07021491 111.742
0.09051029 113.1072
0.06588923 116.1766
0.05632092 111.1035
0.03491895 111.6506
0.04053889 108.3803
0.02333671 100.6825
0.006121332 108.9994
0.006598233 106.9467
0.004760801 110.2774
0.001621145 107.4326
0.001646277 107.8063
0.003668324 103.0145
0.003960171 110.2076
0.00465815 112.3685
0.007861772 114.3544
0.004857032 116.9502
0.004080392 118.1357
0.008324709 117.5631
0.0119136 127.7241
0.01330989 132.4923
0.008963085 136.9947
0.005761207 147.6236
0.02254646 144.545
0.01729823 135.9244
0.03217803 133.3752
0.03646185 133.4276
0.03381064 139.2144
0.02359248 137.0069
0.01657002 138.8549
0.03061462 137.5947
0.03903541 149.8195
0.05851776 156.9137
0.04650275 151.8716
0.03533124 147.3569
0.04994191 139.9976
0.05031037 148.2893
0.05650098 139.5938
0.05569729 126.8441
0.04594 132.7457
0.04154884 125.4802
0.02795669 120.9513
0.02077746 117.9992
0.01426861 108.45
0.01635159 121.2407
0.007219561 123.9648
0.01500057 124.2818
0.02378172 119.9717
0.02967312 113.9435
0.03234559 105.6549
0.03017887 104.2776
0.01774349 106.4092
0.01318444 112.1738
0.02390316 118.3026
0.02353963 114.3619
0.03220663 112.2361
0.0115261 117.5122
0.0242018 119.6917
0.02187083 120.0423
0.006468791 117.5218
0.003122725 118.4867
0.007421998 120.0985
0.009106535 120.4013
0.00109089 116.3672
0.002872032 112.9316
0.00291504 114.2815
0.002934011 109.182
0.0009880023 109.8578
0.006308026 106.4783
0.02174173 108.8083
0.02082576 114.3145
0.02266296 109.8298
0.008003423 102.0396
0.01235202 95.86457
0.01131987 94.52967
0.012336 107.8113
0.01122425 105.4142
0.005692914 103.8531
0.002025427 102.1356
0.002443482 107.1847
0.003952328 99.45342
0.004836266 100.5237
0.002350672 102.8592
0.004504499 101.427
0.007508358 104.11
0.01588508 113.195
0.02083141 116.5765
0.0194643 125.2724
0.01196964 113.7908
0.004038038 111.4529
0.002345341 117.335
0.01274247 115.8931
0.001969662 114.0766
0.001230898 110.0062
0.002002214 117.2022
0.002700599 118.525
0.009422022 110.915
0.01351731 121.5701
0.005796637 126.4418
0.003276838 124.4539
0.004652635 126.2054
0.006764334 132.2625
0.003953837 130.7719
0.01395283 123.4358
0.0123665 136.2076
0.01659121 122.1237
0.001260444 123.2976
0.009916606 118.4966
0.005360074 111.7776
0.007174707 112.927
0.01379682 122.1559
0.009493716 126.1726
0.00735291 117.0248
0.009632761 114.5065
0.006446293 102.1189
0.007460428 102.9974
0.008435074 99.00949
0.003998693 98.34525
0.009494604 86.83665
0.004406435 91.60571
0.01250537 96.15014
0.008643639 96.47261
0.01026341 91.79899
0.01821807 98.49977
0.01827284 98.28894
0.0176222 102.8641
0.01533842 101.2756
0.0003882528 102.6571
0.007966767 106.5461
0.009833753 100.0827
0.006617264 102.9491
0.01067048 103.5679
0.003815203 104.6377
0.007839981 108.8884
0.02395572 112.2949
0.0376474 101.8852
0.03855682 107.6004
0.02588776 104.3297
0.02206367 103.6565
0.029975 98.8936
0.03791822 91.51597
0.03590076 100.3228
0.04257602 98.88563
0.02698631 111.6371
0.01095838 109.2183
0.01369558 104.2268
0.04299966 116.0283
0.04691978 117.1267
0.03275926 130.1271
0.04631425 139.6024
0.04745 144.4623
0.05034139 135.0071
0.0287113 128.1733
0.05084564 125.7624
0.0512332 130.7469
0.06650933 137.3603
0.06404489 141.6675
0.05148037 134.1869
0.03555404 136.3406
0.03246798 147.7109
0.01445879 155.6184
0.02293442 154.4945
0.008321624 154.5909
0.01078625 170.018
0.01108758 157.6118
0.02040139 148.6498
0.0124296 157.8478
0.0129405 150.6328
0.01433248 153.9498
0.01389447 161.241
0.01405389 166.1425
0.02374737 173.9887
0.02631362 172.6387
0.03244475 163.2615
0.02694562 162.9592
0.01797131 173.4051
0.01713581 166.6061
0.01659887 175.7034
0.02700124 182.065
0.02441504 206.9868
0.0187591 193.5764
0.02739619 187.9784
0.02565198 186.4221
0.03363518 193.7612
0.01420605 189.6353
0.01936765 184.7939
0.01057883 188.5569
0.01279004 182.3191
0.0187379 177.7542
0.01947054 176.9181
0.02243569 173.0565
0.01195153 179.0493
0.01192553 166.0434
0.007732284 168.2466
0.02189188 169.1803
0.02273736 159.9153
0.03806722 157.7414
0.02421901 146.9265
0.008882268 163.5691
0.01457359 173.7257
0.006719639 172.2299
0.002513549 185.4239
0.002073682 188.7872
0.0009784604 186.5651
0.001787681 180.8706
0.003959592 189.5679
0.005949624 201.5193
0.01092223 205.1532
0.00965599 205.7607
0.007387491 219.0272
0.00950908 233.8824
0.00746827 242.4875
0.005363239 252.9281
0.004693232 257.2522
0.007568979 247.5938
0.002715437 264.4829
0.005001749 263.6474
0.002399945 249.9834
0.003433519 265.7829
0.005872958 252.7378
0.01199706 263.7213
0.01117428 249.5713
0.01079749 254.824
0.02430432 252.4093
0.02063091 246.0694
0.02940776 247.0511
0.04482464 250.2365
0.026617 249.6477
0.02592501 258.6202
0.02484356 266.406
0.01884032 268.7265
0.02266433 264.7065
0.02358862 250.1604
0.0318678 248.3097
0.03343117 229.8779
0.03487047 236.5821
0.02626634 243.6771
0.0112836 222.6797
0.01837456 231.8947
0.00356482 232.6801
0.004247134 253.0352
0.003002989 266.1952
0.001592028 291.9049
0.004461898 288.3143
0.009535342 271.6468
0.01124344 257.4806
0.005282958 259.4055
0.01137853 281.7729
0.004963595 263.0017
0.00540249 267.0175
0.0007651771 257.3668
0.007015663 268.3051
0.01383946 252.7653
0.01453969 238.202
0.02287229 248.1536
0.01161163 241.6179
0.002695237 235.1495
0.02017835 239.88
0.008426337 228.2396
0.009699325 224.9198
0.008092266 216.4694
0.02313961 213.7097
0.01939471 209.1851
0.02283166 207.455
0.01595154 225.1953
0.01377 220.82
0.001759208 202.7271
0.01281095 195.9752
0.00892875 197.3684
0.01130483 182.0533
0.006554071 174.3088
0.006120001 190.111
0.001820604 191.9339
0.0088024 206.0572
0.002663815 202.7885
0.004015752 214.3793
0.005748261 201.9624
0.009319799 190.4603
0.003802517 194.8224
0.005788597 193.7992
0.01838064 204.6106
0.03488294 214.9689
0.02293767 201.8212
0.01958742 175.7979
0.0145119 188.7967
0.02506402 206.6934
0.02407923 205.8792
0.01760266 192.4967
0.02120809 179.5084
0.01000575 167.3119
0.03107204 162.5204
0.02742372 170.2173
0.01366427 173.4671
0.01469137 168.3195
0.01527871 186.9076
0.01156625 188.4607
0.005697905 191.486
0.00922226 209.4356
0.006727781 208.3867
0.001952577 200.748
0.001475532 196.2478
0.006961146 210.2528
0.0137081 185.6867
0.01666618 195.9481
0.01689311 200.1072
0.007851263 209.4071
0.007099106 196.1899
0.004058985 198.1005
0.005989871 208.1762
0.0140332 182.9596
0.008307605 177.5643
0.009597582 175.7551
0.02039619 172.1927
0.01566915 161.9379
0.01348404 163.577
0.01864031 174.9804
0.01826734 176.9676
0.008065399 170.3519
0.006869184 171.3477
0.005417424 158.1127
0.009615943 163.8621
0.009576671 170.6979
0.002619162 168.5069
0.00954028 174.9104
0.003820103 168.7537
0.006055166 159.8015
0.01388006 155.2959
0.01554805 158.8795
0.01091489 155.7561
0.01406045 169.3562
0.02265046 171.3426
0.02364071 170.131
0.0230131 147.6219
0.02833219 146.5276
0.04555332 151.9409
0.03361661 162.3538
0.0183354 162.2451
0.01082378 169.975
0.003129768 172.4023
0.005293446 190.9258
0.00156979 182.5089
0.00125926 172.1664
0.0001272668 170.1293
0.005635793 171.6368
0.02631493 168.3244
0.005905728 167.4429
0.002819414 174.2636
0.001173191 176.2126
0.001604577 184.4113
0.0009626961 210.1494
0.001701429 220.7129
0.007725573 218.0419
0.01599429 228.0907
0.008640851 209.1654
0.006560938 225.3798
0.001298605 207.3795
0.001750534 228.0257
0.001530435 232.9573
0.01271611 243.5667
0.008625819 246.3513
0.01538538 245.051
0.01685035 246.1774
0.014451 256.1185
0.0043303 289.9337
0.003628465 279.8208
0.003867333 283.315
0.001273154 282.944
0.002143457 311.4753
0.004003749 293.0586
0.01320102 307.2272
0.002908583 310.919
0.002594636 315.8667
0.002640431 315.668
0.0004652791 320.1012
0.00101882 319.9468
0.0009816921 309.3577
0.002248517 265.613
0.001024645 264.0174
0.0005974802 264.3509
0.009308045 245.4884
0.002431499 254.3329
0.002468053 234.9368
0.006352274 239.142
0.004836084 232.4548
0.004965042 218.917
0.009643714 225.8974
0.002819193 253.8891
0.001738311 248.5307
0.0116669 251.0322
0.004738668 260.3645
0.00525221 274.0744
0.01399935 263.8357
0.004031631 266.9194
0.004742069 282.9941
0.004919226 289.8308
0.01340787 272.3787
0.004928331 286.541
0.002931987 271.0772
0.01350232 263.7642
0.008227965 258.0404
0.004359747 236.7082
0.008432881 250.6809
0.009092024 250.1107
0.01113796 241.782
0.01079181 238.883
0.006616606 234.5818
0.001647979 248.245
0.009995979 254.0335
0.003299457 247.6748
0.01144459 237.631
0.001257366 240.7006
0.002627851 251.867
0.004976071 242.2906
0.0005540103 248.0397
0.009715968 246.1636
0.01461146 232.7095
0.02315771 233.1438
0.03181715 244.0343
0.02741864 250.5524
0.02553247 240.4714
0.02528943 228.7576
0.01381871 253.7248
0.003994847 260.2702
0.01578175 242.1709
0.03479895 221.7087
0.03054283 214.9035
0.01401693 216.1368
0.004168493 193.6026
0.01032591 200.3492
0.01237078 202.7179
0.009928919 208.7145
0.01566033 213.6824
0.01157647 232.5666
0.005041502 232.178
0.0005105477 224.0482
0.00491008 217.8337
0.007149226 221.1755
0.005724745 226.9182
0.005636448 214.0072
0.005766635 212.6062
0.004275164 207.9817
0.01019775 194.1744
0.007842842 195.0929
0.004941992 185.0555
0.005694175 165.745
0.01368609 166.2396
0.02207947 170.007
0.003581623 172.7337
0.003169337 166.5909
0.01515782 162.6905
0.006357817 162.9271
0.007328409 160.9579
0.01546809 169.752
0.009488251 161.4156
0.003016592 158.969
0.006973102 158.5969
0.01059294 156.3989
0.01483378 165.7253
0.01841965 158.1916
0.01741024 148.9775
0.01179628 145.6587
0.01967513 134.709
0.03332117 132.1608
0.03725045 127.1781
0.05685101 123.9926
0.03743826 125.6699
0.03722499 129.2562
0.05696244 132.5862
0.04655216 135.8473
0.03646755 133.4329
0.02167374 127.4608
0.01046465 117.1852
0.01199428 109.0991
0.01222243 112.6577
0.007299978 114.5799
0.005809756 110.7243
0.006282479 109.6188
0.002030052 110.1725
0.005506507 105.9248
0.003808152 105.4008
0.003969412 106.3708
0.01240926 109.0994
0.04881896 113.8901
0.0358676 111.8917
0.02341909 115.833
0.02387055 121.4032
0.02618538 123.5697
0.01437922 133.8686
0.01853823 130.3739
0.01605423 126.3769
0.01154428 126.0929
0.01936037 126.2923
0.01941988 122.0152
0.007703491 121.8518
0.009786219 125.7035
0.009707184 126.1118
0.01024351 123.1973
0.01172164 120.2218
0.02761946 115.1267
0.02221143 116.8899
0.04233927 120.578
0.04129451 125.852
0.02984739 130.7042
0.02590436 128.9471
0.01882124 126.9755
0.02216817 115.4805
0.03022345 117.7876
0.04946347 119.8818
0.05499663 125.6652
0.04265248 115.7059
0.04908923 127.2842
0.0308985 119.454
0.02026078 111.0045
0.03327773 111.8982
0.01231919 107.6592
0.01366371 109.9774
0.01881913 113.9693
0.006719434 107.3024
0.01244046 109.8225
0.0216488 102.1095
0.01637661 108.7479
0.02335373 114.6208
0.03397778 115.616
0.01505405 119.8697
0.0196217 113.7589
0.01855977 121.1107
0.02093226 123.1289
0.007660959 126.2548
0.01717871 126.8066
0.01764736 127.0039
0.0192944 129.4765
0.02470319 130.4597
0.002153559 128.1762
0.009972264 121.7992
0.01793506 117.711
0.02675931 120.118
0.02219323 123.8545
0.03739369 125.1329
0.008275614 123.5343
0.009822441 125.7419
0.02878458 128.6764
0.00548556 132.4185
0.007297392 133.1807
0.005125476 137.7808
0.004348215 137.7717
0.001091382 144.0077
0.01479559 139.5418
0.01722946 146.4191
0.01952397 146.1055
0.02088452 161.8472
0.02226105 173.9199
0.01722712 169.0745
0.02149636 165.6249
0.01100154 164.7024
0.0113016 182.838
0.0096829 199.625
0.004194349 203.7056
0.006495562 194.9329
0.002170089 219.9
0.002023936 211.4663
0.002871442 228.7212
0.003759725 238.6659
0.0004129667 218.3041
0.003287171 210.4756
0.005302859 200.6385
0.005687622 183.1206
0.006734058 189.516
0.01088855 177.6935
0.01309679 177.5801
0.01302975 195.7784
0.01329952 193.5019
0.003663084 180.7526
0.009772609 195.1857
0.00782455 192.6583
0.006258184 208.3555
0.007754897 224.4232
0.01589685 225.0532
0.01200422 222.7301
0.007083462 216.7375
0.009449611 211.9412
0.01084307 199.4536
0.01325768 197.21
0.004496695 196.6001
0.006506025 207.2344
0.01006742 195.7381
0.008010007 193.1922
0.02851576 193.8566
0.02414113 196.9561
0.02145421 190.7085
0.01632992 189.3218
0.009612698 191.2873
0.0265462 193.64
0.03574998 204.415
0.01399006 213.3861
0.02919013 201.6864
0.02748885 214.6199
0.02462131 211.4194
0.01002803 216.0888
0.005088625 211.9287
0.01138739 231.7178
0.0058868 239.0106
0.01000228 246.1062
0.01160985 238.8302
0.01291051 236.6482
0.004831661 222.5559
0.001297389 224.3286
0.001074885 215.5112
0.005026497 207.3469
0.001998631 204.6591
0.004555586 200.8343
0.005933796 188.6451
0.02462142 185.7185
0.02418377 192.2482
0.007881296 195.471
0.01793628 196.8268
0.007877804 186.0763
0.00251022 175.801
0.001241759 169.653
0.0002986496 176.1235
0.0006321219 176.9282
0.0006364212 178.8168
0.00406959 177.1019
0.005683271 164.9657
0.005785338 159.3295
0.007159022 166.1988
0.00712213 164.9277
0.008513399 170.509
0.0131314 167.6169
0.03536559 159.8004
0.03495989 150.0837
0.02730406 152.6789
0.03215509 164.0595
0.04478279 171.9206
0.01432135 167.8802
0.004100454 177.5488
0.005303827 176.3032
0.004771254 193.0844
0.0082217 193.6167
0.01104184 199.6232
0.01989091 172.6058
0.008143655 177.5362
0.002671788 187.4087
0.001221491 204.9674
0.004375881 202.9364
0.0004302948 203.874
0.001268537 184.8616
0.003887395 188.4824
0.00570948 187.1167
0.001249145 175.6194
0.007288168 179.4143
0.006045938 173.9211
0.01096315 168.3331
0.007157909 160.1786
0.007174476 158.3152
0.008977984 147.0891
0.006766855 139.2965
0.002824366 158.5633
0.001450759 162.2478
0.003414853 177.0189
0.004780138 175.8398
0.002529031 187.3448
0.002337765 182.3994
0.004756693 177.6788
0.00346112 172.4856
0.002193519 177.6812
0.001773147 179.3724
0.003095453 170.3712
0.005102527 165.0181
0.004789591 166.2146
0.005105161 163.6433
0.007214773 165.3076
0.007279834 160.1982
0.02220194 153.2817
0.01995011 155.7414
0.00781872 149.1039
0.006655451 155.0486
0.01712411 164.0175
0.007297236 161.9124
0.005216632 162.5579
0.00987872 174.118
0.01329682 184.5057
0.010768 173.0514
0.008274978 172.3787
0.004349339 171.2205
0.003393213 176.4115
0.002207912 171.2506
0.002954895 171.0074
1.620945e-05 188.384
0.0008053574 193.2185
0.005802028 199.3668
0.01224854 199.3955
0.02896057 196.8557
0.009098003 218.1881
0.01184878 235.1926
0.005977329 231.4104
0.008258901 238.8629
0.003315117 227.3524
0.003314402 218.4902
0.00892108 217.1486
0.01604423 207.0123
0.01641666 195.4997
0.002869614 192.718
0.001906541 190.3016
0.00281974 204.4112
0.008255038 208.9964
0.01084601 215.4059
0.01309616 201.3928
0.01190416 204.0052
0.02115717 200.6535
0.0170356 200.5517
0.01364044 207.5841
0.002936191 212.7077
0.005770283 201.0564
0.01056183 193.6303
0.009956033 191.1565
0.007797315 211.7034
0.006566063 199.5875
0.00384508 197.9306
0.004734206 193.3846
0.002355273 203.4824
0.0009766743 203.5326
0.01288331 210.4385
0.005745537 217.1392
0.007277922 204.9945
0.008123877 207.481
0.001794996 204.0539
0.0005061849 191.9833
0.008858392 183.6116
0.004020256 192.8799
0.006070363 191.7113
0.01058192 184.8209
0.02012433 177.5135
0.04713951 170.0172
0.03089927 173.0263
0.01730305 174.606
0.01107329 180.4457
0.01048747 170.5438
0.00384096 172.0612
0.003684691 176.3803
0.006441601 170.7859
0.006406686 179.8144
0.008557471 188.6928
0.02540953 216.4064
0.03211828 218.3393
0.01891248 251.0235
0.01898017 241.1481
0.05087503 264.0804
0.03394604 261.7584
0.03278374 265.4301
0.02533462 271.9085
0.02298803 274.6552
0.03025376 277.051
0.03058613 277.938
0.02685746 279.9696
0.01410137 264.1989
0.008686934 249.3787
0.002633319 259.5419
0.01072465 256.084
0.01701743 238.9492
0.02906147 251.3212
0.01153343 255.5184
0.00737457 255.8152
0.002513976 250.0522
0.01533526 260.5281
0.0148144 263.9562
0.01231474 260.3737
0.02189475 249.5946
0.01746495 241.4553
0.009316968 252.8026
0.003737397 273.3078
0.003161156 281.5549
0.01870112 287.7485
0.01460677 327.4227
0.006820674 351.2498
0.003416265 361.5354
0.003176891 373.8301
0.00723307 368.9963
0.004913932 361.7877
0.006687498 344.7103
0.01176203 359.9952
0.01307989 366.0817
0.0138344 345.3208
0.006658967 350.3906
0.005515836 360.7802
0.01398297 355.9445
0.008247818 410.3302
0.01916922 451.85
0.001763362 463.4788
0.008446818 437.5058
0.008438185 413.4018
0.002530794 429.3533
0.002038236 425.7571
0.004450694 437.6037
0.005823569 449.9179
0.002317509 447.6941
0.00548911 451.9198
0.00368097 447.935
0.002369973 489.666
0.02553695 473.4069
0.005903827 465.5567
0.002853426 477.5492
0.003014058 480.8622
0.001287229 451.3435
0.0004007039 453.6963
0.005061598 462.3538
0.001618821 485.9911
0.001033756 485.5299
0.002336476 545.829
0.001098063 550.1936
0.0008047718 556.0263
0.004849815 562.4868
0.01164736 552.3813
0.02559426 523.0577
0.01664355 532.1063
0.01070186 578.95
0.002362611 597.414
0.0053938 615.5378
0.002576573 681.2824
0.001621306 693.9842
0.0074581 700.9633
0.0003704187 694.3285
0.002484362 664.1503
0.004787231 694.9679
0.004232183 726.8774
0.00232111 687.6395
0.001280301 680.3975
0.006018222 672.796
0.003818365 633.7411
0.002618727 632.436
0.003954409 628.0481
0.004984654 623.985
0.005126927 607.3341
0.007357866 606.6996
0.01085089 582.105
0.003176665 553.7428
0.0006934339 549.8319
0.004444946 543.7093
0.003946828 516.1457
0.006805254 478.4572
0.005574162 502.539
0.007892413 495.6581
0.002870312 482.9258
0.003521411 457.4654
0.00633499 435.4741
0.003588632 433.9972
0.004651669 435.3999
0.001939867 422.3019
0.000537677 407.9752
0.01082555 388.5314
0.007310328 433.618
0.01000739 400.9657
0.01058943 421.9783
0.01553344 411.0608
0.02669261 380.3623
0.02230045 425.0342
0.002033764 414.1129
0.005059434 436.341
0.005814296 440.1153
0.009595862 390.6723
0.004454001 384.7825
0.001490436 368.0935
0.009791203 332.6589
0.01206068 324.9797
0.006733979 318.9751
0.002644205 313.4522
0.003815152 316.613
0.001314894 333.2195
0.002487789 361.0676
0.0006559152 367.3588
0.004892352 377.9672
0.004331102 376.2171
0.01210316 363.4057
0.008611941 368.7807
0.003311115 366.6816
0.008709653 351.3887
0.003644841 358.4553
0.01256724 336.9544
0.00484619 320.3002
0.001043494 294.3913
0.001496003 280.5337
0.0008140002 291.7973
0.009918692 313.2039
0.01761592 319.9186
0.01719605 318.2807
0.009443362 299.364
0.007438812 312.6445
0.0103387 317.6184
0.008720111 304.7987
0.01550685 296.9142
0.02385798 279.2836
0.01279675 271.4263
0.008640733 256.3783
0.003145779 265.6005
0.002323146 274.5792
0.00597881 269.2993
0.0009765397 285.6527
0.005739665 312.7295
0.001555846 320.758
0.005084622 315.9796
0.006622684 290.8266
0.005238728 315.6613
0.01199628 316.3315
0.01055412 318.318
0.01328917 309.5506
0.008977777 321.2196
0.002951297 347.6904
0.001553568 317.9211
0.00707942 333.8768
0.001971654 299.1152
0.006095338 269.3018
0.007697282 274.5941
0.01138119 280.1446
0.0006144698 258.3515
0.00602241 288.4001
0.008650089 295.1396
0.01485742 298.8122
0.01500855 287.3807
0.01729846 297.4932
0.03565149 297.8427
0.0221653 328.3104
0.005983181 317.8894
0.007244648 334.7812
0.009165858 341.4696
0.007498514 333.9689
0.01780153 320.7465
0.005920673 319.9529
0.006580627 289.0521
0.02897439 286.8322
0.02639808 288.0988
0.01589287 277.4956
0.007811279 248.5372
0.000787388 267.7206
0.004093888 278.4423
0.005075379 265.2426
0.004860417 267.0388
0.01045418 256.8442
0.007476078 263.4063
0.01089038 278.1834
0.003046535 274.1347
0.006787832 263.2978
0.005065432 257.4107
0.01171298 258.6113
0.006884488 261.1353
0.01423939 246.6757
0.01032446 237.4935
0.008136574 218.3634
0.01002908 218.7905
0.01595353 212.6543
0.01593143 227.3749
0.01589085 218.279
0.005284765 231.4946
0.0008958851 260.1432
0.004370753 255.8322
0.009526565 252.9998
0.00360422 256.8077
0.00799549 263.9957
0.002127809 276.7903
0.001942896 267.7052
0.009200705 253.8405
0.007116924 246.7559
0.003601258 246.317
0.00659168 258.4825
0.009946331 251.7133
0.02326542 250.7721
0.009071724 241.6191
0.003830095 243.3366
0.009740624 242.6348
0.01392247 234.2451
0.01146226 216.9494
0.008116968 209.4385
0.005126336 221.9925
0.0101102 232.8955
0.0140322 242.4562
0.02073156 261.425
0.01831741 270.4618
0.009477764 260.7009
0.01193137 260.6973
0.01720411 295.1707
0.001689046 303.1263
0.006754324 308.5609
0.005933623 296.9442
0.0008972485 294.2445
0.0004931338 304.4834
0.001174807 298.4111
0.003240099 289.3529
0.003416993 281.4793
0.00523219 299.8062
0.00792721 296.7348
0.01103099 312.2494
0.005657209 297.6316
0.0034292 318.6164
0.001822385 339.3246
0.00468858 346.1665
0.01277965 336.6393
0.01245674 337.5774
0.008621593 340.6195
0.00757135 327.7627
0.005114187 339.8234
0.01001072 342.4486
0.01453713 349.7721
0.01785938 348.1258
0.005018116 347.2608
0.005443865 358.9361
0.007454455 373.1973
0.009473393 369.0671
0.01688154 340.9177
0.001175298 344.1988
0.009455427 363.6894
0.001533593 381.8527
0.001794046 368.9573
0.002622958 386.0119
0.001477032 398.9384
0.008276532 400.7112
0.002453181 401.3699
0.00271942 408.3024
0.002458909 409.2134
0.0001849809 391.3557
0.00977261 378.8499
0.001417372 359.7216
0.002564537 363.617
0.002941086 375.0816
0.01494573 367.8068
0.007361631 363.4929
0.006330874 334.2988
0.006948304 325.5523
7.955523e-05 329.0593
0.002572016 300.5911
0.002904995 273.5579
0.0026261 274.0902
0.006187987 259.9371
0.0009677091 259.3807
0.002004404 247.305
0.001732945 238.3
0.002478738 218.0039
0.0009409058 204.6408
0.004964713 183.6399
0.01645586 182.0907
0.01973689 168.4782
0.01461364 167.1539
0.01700164 172.635
0.009888193 170.4446
0.02307291 165.7649
0.01983203 179.1623
0.01664112 185.2232
0.007255484 180.8965
0.01038468 170.7593
0.01328741 167.322
0.008032725 165.4778
0.0139847 174.7533
0.01822579 170.1056
0.01806596 173.2377
0.0086197 179.0462
0.01800114 199.1841
0.01002863 198.2532
0.01387663 202.8033
0.02338842 184.8738
0.01558364 191.0283
0.02685409 188.006
0.02368912 185.7383
0.018456 192.4068
0.02577971 203.3642
0.01499366 207.5948
0.01380645 206.1585
0.00947885 216.1373
0.02192844 221.2291
0.001801081 229.2177
0.00889392 227.8807
0.002963846 215.1836
0.007341292 223.8246
0.004896395 231.2026
0.006161193 234.2243
0.004471472 223.6083
0.01337681 227.6654
0.0147494 219.6846
0.01397946 222.8331
0.0044144 243.0735
0.006344934 240.7488
0.001068336 236.954
0.000288549 231.6188
0.0006784664 221.6427
0.008709679 212.0601
0.005233628 224.4471
0.002578615 225.5564
0.002377972 239.3752
0.00287581 255.6768
0.0005350613 247.134
0.0006556352 260.7101
0.004156189 272.224
0.004602951 268.174
0.009563461 263.508
0.01760888 251.2826
0.02429012 245.9432
0.02083828 245.0151
0.01152452 249.5164
0.04144076 240.6318
0.02359538 241.0845
0.01654574 245.5532
0.003002314 235.6701
0.001256218 237.6318
0.006361542 249.6514
0.006372606 233.4231
0.001492897 232.4034
0.01279347 222.9621
0.0004158236 221.7231
0.001878558 204.7644
0.006611634 223.6484
0.007538497 252.6116
0.008330895 258.7882
0.002312109 261.3666
0.002805064 273.93
0.03358504 267.3315
0.03386845 247.0181
0.02237964 256.1082
0.008414245 256.4858
0.00338075 267.8855
0.00362319 266.6304
0.01150604 255.1072
0.005540325 266.763
0.004964681 273.6697
0.004042801 261.7476
0.00692672 255.5128
0.01091532 263.1108
0.02264877 267.5063
0.01673205 282.0417
0.01053725 278.1075
0.01717972 262.5172
0.00994527 239.6164
0.007289525 237.6224
0.009981421 245.1552
0.002718962 249.3625
0.005805638 257.4047
0.007189446 256.0711
0.002375422 250.2433
0.01099651 258.8677
0.001583863 261.9225
0.008217371 258.0808
0.009116225 239.8532
0.00532205 238.3424
0.027135 236.9997
0.008042028 225.4828
0.008318693 223.0895
0.01229465 227.7228
0.008672814 223.6508
0.009656693 230.8172
0.01109394 229.0015
0.000568719 214.9708
0.00594428 191.796
0.002408631 194.5882
0.0006266658 196.8343
0.0006169313 182.1884
0.004456081 193.3476
0.001698995 188.302
0.008302696 183.0764
0.002530922 180.8737
0.007262088 183.8061
0.002828604 184.1399
0.005944513 168.734
0.01588823 161.9066
0.01693853 156.1215
0.01466805 154.6515
0.03447898 156.2342
0.04278698 143.4115
0.02810545 150.6342
0.03438171 152.4181
0.01122572 146.5326
0.01872006 143.753
0.01971888 149.1106
0.02620727 157.743
0.01676182 171.7574
0.01591105 171.4758
0.01318008 170.2849
0.004455467 173.2701
0.002727893 170.8837
0.007146368 171.6564
0.00206258 178.0465
0.004035145 180.9968
0.002507059 185.5238
0.01113055 171.9122
0.03218194 171.9652
0.02128238 162.2112
0.009828812 160.7985
0.007475206 162.7255
0.008622714 161.4445
0.006635483 151.356
0.009726018 151.6213
0.0127394 156.4352
0.02121283 154.8336
0.01102087 165.1236
0.01790854 159.346
0.0167518 150.8949
0.01729996 153.7193
0.009082473 163.4354
0.0126137 173.202
0.01233762 169.6536
0.01204601 161.3342
0.02752197 161.1753
0.02214808 154.6167
0.03377791 164.3377
0.03159288 164.79
0.02245094 147.3709
0.0229719 162.8032
0.009152281 151.4856
0.003334367 160.4717
0.01347051 164.4839
0.01504273 162.0105
0.005034981 164.9569
0.02301173 163.3
0.0216476 168.1525
0.01265258 169.4359
0.007820285 166.4279
0.00637564 163.9401
0.009553666 172.3478
0.003829156 172.3809
0.007847001 181.8718
0.007998197 201.8043
0.02722788 201.7363
0.03077846 189.9832
0.04497623 194.2623
0.04552421 189.0673
0.05443695 183.652
0.04070591 188.5847
0.05067096 182.2203
0.03986813 170.7153
0.06102167 165.2882
0.0328335 161.0714
0.00758183 160.0921
0.009377393 154.3926
0.006823203 155.081
0.005442576 155.3678
0.004538608 148.4899
0.003772828 145.702
0.003488724 144.4166
0.006824237 149.23
0.002269257 146.633
0.008875688 147.9105
0.005803329 144.0364
0.01493012 143.5501
0.0145744 144.7496
0.01736108 142.6714
0.02064494 152.8443
0.003886112 146.727
0.001666548 155.3952
0.003552261 159.1339
0.001392575 164.6942
0.001373185 154.5813
0.005041626 148.7789
0.007652331 130.7337
0.002226476 119.9975
0.002623742 116.3875
0.004420477 121.3043
0.005466453 122.4673
0.005118969 122.1018
0.005873239 130.7771
0.006925797 133.7577
0.01051339 129.3653
0.003680236 133.455
0.009527095 128.3532
0.01398237 124.5135
0.01150802 130.5048
0.01262797 146.2017
0.002732948 143.4215
0.005185772 143.736
0.004369994 136.1065
0.01139846 137.6113
0.01258413 141.9484
0.005033977 143.3082
0.01325466 146.5824
0.007411621 156.9937
0.003822306 153.606
0.001826484 152.799
0.002320236 149.7649
0.01288877 150.896
0.01774257 163.4257
0.01635197 163.6501
0.01929572 162.3466
0.009868613 170.8587
0.005390868 183.8366
0.001121428 176.2178
0.002388611 176.9732
0.01295254 182.8425
0.01189381 172.4762
0.01044363 162.2096
0.0132932 163.2992
0.004254269 158.5288
0.004058346 152.8002
0.01072842 153.6997
0.005322946 149.2565
0.003103762 150.2485
0.009473466 147.1991
0.003749008 145.0379
0.0005956174 138.1965
0.003368827 133.4104
0.0109749 138.6242
0.02103302 138.5405
0.004192784 139.0323
0.004742493 143.959
0.003463552 150.1915
0.01604851 153.6129
0.01425235 143.7843
0.01297139 140.6369
0.03208891 146.5706
0.02698916 157.9723
0.02589929 147.2974
0.02617148 137.4518
0.02711445 146.4662
0.02204132 138.2921
0.04003445 146.675
0.03574802 153.4035
0.01242594 154.8406
0.008211324 155.1827
0.0149271 149.5349
0.01064448 146.5986
0.007420926 143.2699
0.004941981 135.2053
0.006321463 141.7267
0.001283022 149.3
0.007610209 142.6195
0.01631283 135.3443
0.01696615 142.0712
0.02713191 146.6078
0.02956207 150.7966
0.02024592 148.6374
0.02462054 152.5946
0.01758348 152.9127
0.008230777 156.1783
0.01726419 174.8591
0.01743718 183.6505
0.02524402 182.4024
0.0132536 177.316
0.01200595 176.5107
0.01417434 166.2581
0.01338445 166.9235
0.0310648 163.8354
0.03417624 167.2456
0.02324718 173.3853
0.03010503 183.2249
0.02643624 197.596
0.008055273 208.6398
0.005100753 195.631
0.009304926 188.9468
0.01787882 187.4502
0.005816431 186.9978
0.002283417 186.5543
0.006400198 185.4615
0.01460711 195.0415
0.008417524 222.887
0.003178343 215.5716
0.00383883 218.1279
0.008508734 224.3957
0.002525847 226.3909
0.001392021 228.4935
0.002564619 231.4948
0.005006655 229.5729
0.004955574 259.7414
0.003551227 261.2345
0.007362326 268.1119
0.007421893 278.537
0.0006433392 276.5115
0.00602922 279.7741
0.004527771 269.6793
0.004703627 268.5536
0.003658653 270.1897
0.0008825611 273.6824
0.006189198 258.8344
5.950022e-05 250.9173
0.000286332 225.5438
0.003224339 221.1099
0.003989386 203.3559
0.01414486 205.4441
0.01388377 193.8904
0.01267996 197.1706
0.01305019 221.1291
0.01617519 209.674
0.006037594 209.7099
0.01305632 219.6619
0.005989805 236.0685
0.004924261 215.763
0.01402554 246.221
0.02850751 219.2579
0.02960812 221.4137
0.01705419 226.7798
0.008988189 223.127
0.01031172 227.6364
0.01449233 217.5181
0.0128927 216.5927
0.01710346 224.5852
0.01856087 222.3301
0.01164417 231.7492
0.01169742 258.9759
0.02147573 237.8186
0.02370837 244.0881
0.01102136 246.5214
0.01261787 243.8777
0.01354545 252.4966
0.02340633 250.0796
0.003306167 246.1868
0.002784797 258.5717
0.01180718 268.6591
0.008438152 282.2352
0.01079504 276.8591
0.007846865 284.8996
0.01279552 270.1836
0.01699039 269.0967
0.001931894 264.3532
0.002954741 243.8882
0.001906839 240.3026
0.002303148 249.2592
0.002806522 265.4686
0.002583604 260.4443
0.001026846 268.5884
0.005052467 255.2629
0.006789148 250.9917
0.004838974 278.2825
0.01488951 273.9721
0.01168039 257.9244
0.006048155 259.7722
0.005792557 243.6649
0.00364141 229.7618
0.0008313828 230.8471
0.0007993876 238.8402
0.002399501 241.6744
0.006338724 249.5488
0.01565898 241.3196
0.01403573 229.9057
0.004777582 218.186
0.01047706 225.6757
0.009945494 231.4978
0.009079197 232.03
0.003174689 230.772
0.001757724 245.8774
0.007306509 250.4179
0.005398356 253.6194
0.002402729 251.4897
0.01006207 235.0897
0.008869336 258.0023
0.002353007 277.9433
0.004608715 257.8574
0.007489697 256.4247
0.01431757 252.4571
0.01341331 243.3511
0.01001946 259.2972
0.00855681 257.4464
0.01469702 272.7035
0.008595475 246.1631
0.00724282 271.3484
0.00321529 255.5643
0.003721365 237.4142
0.004990019 247.2698
0.006871494 238.1703
0.006245922 240.4689
0.004409583 252.1338
0.00972327 229.8951
0.005977593 241.3972
0.01134128 225.8581
0.01474187 233.5029
0.009953833 238.8638
0.001849776 252.898
0.003227001 238.7291
0.006818381 235.2811
0.004335222 221.9458
0.008600044 243.2017
0.004996842 240.6268
0.006957936 226.7856
0.002737754 219.4088
0.0101815 216.115
0.003967411 219.1935
0.01367737 222.9465
0.02152067 218.4048
0.02086516 217.8642
0.02226675 215.7654
0.007830726 214.9345
0.002565426 212.6753
0.007076987 217.664
0.008843365 202.0474
0.01253362 189.6435
0.01067712 207.7166
0.006243212 198.102
0.013436 199.4817
0.01059895 206.8735
0.002914747 219.1336
0.004998803 209.1429
0.009753484 207.8097
0.001744706 229.9529
0.002905422 234.044
0.009320313 244.8571
0.004744078 260.4688
0.0006308928 261.0061
0.0004991593 269.2537
0.004474566 271.2644
0.008556049 281.9536
0.01551151 306.3919
0.01169009 334.7903
0.01498923 342.7947
0.02251167 370.7507
0.02996071 344.9948
0.02346877 354.3752
0.01757767 373.3359
0.009135994 359.5628
0.007253986 368.7331
0.001916268 369.4112
0.009060737 378.8935
0.001924052 360.7098
0.004042848 358.8744
0.007020564 342.7512
0.02251161 347.8639
0.02355241 350.7886
0.01082834 389.523
0.005442214 411.2244
0.00599152 463.5772
0.002675215 457.3639
0.00212706 474.4944
0.003366373 460.0928
0.004312559 484.9355
0.004415621 491.2069
0.001268414 511.4938
0.001476381 502.5603
0.005103095 474.989
0.008111301 444.3742
0.00970858 452.189
0.01175882 460.9471
0.01669449 476.8934
0.007107396 446.8943
0.01839778 421.1178
0.007480642 430.1663
0.001176204 436.864
0.003654589 440.2086
0.0004888188 450.3808
0.005712334 480.3941
0.002240806 482.0623
0.00485054 468.8198
0.01014946 473.6928
0.01617697 456.1743
0.003122306 473.6959
0.002737859 454.5999
0.003562298 482.5008
0.004216539 477.3178
0.002910055 491.8677
0.002060241 509.3513
0.00931162 548.5598
0.0009778073 560.6377
0.00221675 597.9896
0.005303991 557.6963
0.001924564 587.5311
0.002134945 582.8644
0.0005682509 594.3085
0.003691526 569.4195
0.003022777 522.3685
0.005791421 498.8254
0.005194488 459.7845
0.001553866 456.092
0.005071228 464.0916
0.002394753 479.2271
0.003921793 473.8896
0.002380485 499.5524
0.001783958 505.685
0.003368573 497.0906
0.0260809 530.8256
0.0372331 568.455
0.01697051 533.9656
0.009715405 488.7451
0.007131324 505.2326
0.006192275 514.247
0.002810557 524.0005
0.005935482 544.5924
0.008971006 489.8312
0.01009391 490.5798
0.003900725 488.7903
0.005968522 467.0186
0.008920244 440.7783
9.018264e-05 416.6428
0.002995525 425.4715
0.0160158 429.2797
0.01468666 442.1532
0.00229811 461.3815
0.002975303 429.3177
0.00297772 475.2454
0.004214419 473.2439
0.003703912 448.1791
0.003659454 466.2512
0.004085428 423.1255
0.001283049 449.0986
0.000866351 455.9877
0.006470923 483.6698
0.001446018 517.5066
0.0009505029 581.7147
0.007013431 568.9964
0.005367936 586.2405
0.001510966 656.0074
0.003654248 637.6087
0.002139366 630.0927
0.0032632 641.2386
0.001852417 586.3067
0.0001079429 562.1297
0.003413928 573.4802
0.01372626 578.3424
0.008750027 536.3304
0.007411662 546.412
0.004787129 538.6461
0.008686844 540.1631
0.0137108 584.1635
0.009369129 620.1205
0.0107805 622.3426
0.001980291 678.5291
0.004622246 713.6821
0.007673597 686.5123
0.006494189 643.6073
0.01261095 619.5378
0.01975491 623.2788
0.02182022 599.7267
0.03354773 571.2265
0.01176349 580.8068
0.00778212 575.4929
0.007429807 572.3273
0.002985657 582.0414
0.003051216 572.1948
0.003508317 538.0767
0.01344893 542.6164
0.01580304 547.8492
0.01568001 561.0387
0.003226762 554.6043
0.001007766 585.3913
0.00514471 583.0628
0.0160018 524.6278
0.01296636 481.9146
0.0190228 467.762
0.00311456 466.7174
0.005220873 454.6757
0.003142166 424.2932
0.006452076 408.4674
0.00521713 419.0305
0.00396956 402.2369
0.001932161 411.7707
0.0005976737 385.2879
0.003055236 379.3576
0.001261324 385.0228
0.001812859 368.3602
0.001353699 383.2852
0.002628636 380.2474
0.004525191 348.4363
0.003212673 340.1018
0.001853888 339.0693
0.003934344 346.2506
0.002515546 389.7495
0.004053304 401.8345
0.0009350273 392.4971
0.003158939 399.2563
0.001882124 367.6509
0.004323485 392.3916
0.006013793 397.2448
0.02430256 410.6703
0.01030199 424.1837
0.01433694 429.6494
0.00403481 450.8769
0.003077685 451.4692
0.003567021 493.2266
0.01409223 498.7603
0.005606863 480.4766
0.0001956321 500.0438
0.003116451 488.0347
0.004575226 496.2146
0.004002914 561.4672
0.005993686 550.5046
0.001354448 546.8223
0.003386082 499.0685
0.01539164 525.1106
0.005171113 523.2307
0.005014114 536.2064
0.00612406 555.5124
7.48473e-05 532.059
0.004049632 556.4483
0.004006176 521.8144
0.002458645 558.6089
0.01372746 618.7264
0.007999061 646.3322
0.009941669 623.8224
0.001190251 638.4006
0.00529965 670.7159
0.002791701 680.5112
0.00148761 711.4792
0.005995542 766.4507
0.001146637 757.6172
0.0009588579 806.5253
0.008289135 778.7756
0.01416559 809.2298
0.008642296 790.9644
0.003987709 769.7732
0.01014269 878.0239
0.005057787 854.0842
0.0003557257 877.8978
0.004720876 828.8153
0.001754872 888.099
0.01023505 790.2909
0.009543768 789.1283
0.005412972 781.2301
0.005795588 775.496
0.002920825 734.5253
0.003467115 691.5851
0.003725728 748.6617
0.001746244 783.3724
0.009295305 766.6886
0.002202106 755.7963
0.00268105 744.6868
0.003787698 726.5058
0.00672787 750.6071
0.0002687715 735.3621
0.0009010636 730.9443
0.0031764 754.2949
0.004093774 810.3568
0.004969887 801.6721
0.003842796 787.2377
0.003251394 785.2542
0.00506055 794.2742
0.00803377 867.9209
0.0007501156 787.0055
0.001496817 744.3665
0.0021321 804.3898
0.00190521 688.8779
0.003303783 717.0635
0.006132284 777.612
0.004521203 767.2043
0.002640821 764.8606
0.001727102 706.7449
0.002668263 705.531
0.001115978 691.7271
0.0005857687 668.3604
0.004253124 664.6782
0.01232887 667.4217
0.0134921 633.196
0.01265534 658.6761
0.005260714 629.9335
0.001197708 588.5878
0.005307 591.0686
0.01101828 556.542
0.008720155 568.4055
0.003884305 529.4238
0.001928966 556.343
0.003357428 533.3427
0.00114727 521.8889
0.004064355 493.034
0.003106422 516.3212
0.001870171 523.9189
0.002695577 499.1084
0.005215171 504.243
0.007880804 510.1695
0.00111968 516.8982
0.002708841 537.9224
0.002636484 510.1614
0.001628412 504.1778
0.0004886922 487.5581
0.001041098 520.6309
0.003748103 490.0743
0.001602322 486.8233
0.001741242 513.8801
0.0006698967 540.4996
0.00553873 521.9862
0.009785345 527.2782
0.008795753 529.8208
0.006096152 533.4596
0.007340933 504.681
0.008845524 497.7599
0.004150544 474.9408
0.01800511 481.8199
0.01276204 452.6879
0.005352357 445.1861
0.01264834 432.844
0.001170354 390.2648
0.008241751 388.0965
0.01081707 373.6144
0.004433738 403.2709
0.002963291 353.8816
0.004320514 353.6398
0.002130328 377.6288
0.002230686 371.9973
0.001760447 382.7831
0.001461167 379.0735
0.004108685 401.3196
0.004840125 388.5244
0.004087166 401.2516
0.003658236 399.6323
0.004399689 431.36
0.009197767 424.4077
0.01017654 420.0701
0.003356565 434.1631
0.002723709 415.4289
0.0005896187 421.9241
0.003487952 449.2388
0.00700515 485.6266
0.005871473 498.5097
0.002599935 477.7785
0.007440174 506.4208
0.001771538 489.8147
0.001891346 489.0725
0.00357127 516.2103
0.004042754 514.3487
0.001314027 552.4659
0.002162591 602.7456
0.001734425 575.8024
0.001750555 561.2417
0.003459478 525.3938
0.00530778 549.3371
0.004453706 501.3435
0.01024498 499.0159
0.003537443 497.9331
0.01894332 475.9606
0.009983981 472.1765
0.01031481 456.7201
0.007811385 451.3964
0.004881134 496.4909
0.004000197 471.9232
0.01050151 497.4522
0.00150876 464.5667
0.004491902 450.4449
0.003172711 473.1649
0.005287881 466.6051
0.001893785 461.5679
0.00913051 417.1372
0.008230236 443.4033
0.005519451 462.9056
0.008035062 497.7394
0.01715963 481.1394
0.02290912 482.5359
0.008766302 480.6662
0.001718952 501.0177
0.008771136 473.8344
0.008081617 481.8693
0.002978106 488.9786
0.01197404 512.2712
0.01012881 545.9758
0.01980593 558.1126
0.01678712 525.624
0.01198843 547.2994
0.01011351 547.5124
0.01610091 569.9712
0.007337623 617.3903
0.002457918 683.7702
0.003041542 688.2114
0.005244023 705.0767
0.005553414 757.8903
0.001571608 663.3048
0.0188302 733.496
0.007031292 691.354
0.0009941701 657.1626
0.001101341 667.0986
0.004060997 729.2081
0.002244698 678.0576
0.007181996 761.7861
0.01150473 717.8293
0.009758505 694.3257
0.002539703 687.7132
0.002960715 665.754
0.004641975 626.906
0.004389022 606.7101
0.002833845 611.1032
0.001624816 578.7133
0.005879154 588.8738
0.0007282215 575.404
0.00128584 608.5922
0.002373269 609.8902
0.000950801 612.8142
0.001497604 642.8654
0.005519518 607.1113
0.005000585 577.1247
0.009294681 594.3726
0.002000678 628.2311
0.001116022 650.6053
0.002287337 694.3375
0.0009191266 626.9933
0.007511556 603.0567
0.004919368 592.0799
0.00126851 559.432
0.003796886 554.0848
0.005172449 586.1721
0.007404924 603.8925
0.006016809 653.9138
0.002145808 638.1143
0.002113724 675.9398
0.0003801977 674.3951
0.0008817877 647.5861
0.002029417 655.4744
0.004483648 666.493
0.004947425 694.6161
0.004758811 651.4495
0.002773624 613.0784
0.001391981 591.3738
0.002807169 611.2202
0.004953863 610.6537
0.007857853 602.5661
0.003661117 625.2769
0.001187916 649.5565
0.003607071 701.8757
0.003195678 711.3625
0.0008785858 696.9749
0.001891915 721.7205
0.003011712 714.4999
0.007858806 669.6475
0.008741042 637.798
0.002496503 624.3555
0.001438253 589.5127
0.01050431 604.2543
0.001454206 595.3379
0.003456719 643.186
0.001878426 607.6832
0.001586627 615.4397
0.001042725 565.8112
7.521415e-05 561.5346
0.0002579296 579.8682
0.001174066 549.6847
0.0004274184 544.9868
0.007376694 532.299
0.003151091 552.5648
0.006692299 613.3816
0.005596517 659.4748
0.002948951 697.4431
0.006433839 670.8245
0.004324222 655.7104
0.00670482 711.6249
0.003159106 700.3752
0.004247931 698.224
0.007724267 707.5358
0.001731135 725.6687
0.003802017 737.3268
0.0040722 724.5691
0.004357346 714.3837
0.001272875 747.964
0.000169322 720.0944
0.001886412 719.6847
0.001671191 717.0535
0.005642131 798.0004
0.003845024 788.9293
0.002962985 776.73
0.002154933 729.7726
0.00965917 716.1696
0.008697681 681.775
0.001534554 692.5587
0.001636694 661.959
0.001722653 688.9699
0.00374943 717.9401
0.0020528 668.1439
0.001926513 664.0308
0.006791601 697.1767
0.004475088 750.6822
0.003348186 759.2285
0.00229042 745.1166
0.0003740402 859.8256
0.001044107 901.639
0.003102722 961.7395
0.002142311 982.973
0.002166363 942.7669
0.002693164 972.1283
0.003253238 986.0169
0.00193805 989.8124
0.004898403 997.5581
0.002832628 996.1868
0.001924726 1019.26
0.00389745 1101.529
0.001402687 1103.99
0.003345877 1113.233
0.002066094 1069.878
0.003135058 1099.197
0.006119776 1124.135
0.005818772 1157.54
0.009454712 1159.55
0.008581713 1130.521
0.002225731 1139.754
0.005231984 1158.818
0.001995489 1186.874
0.0001244645 1164.741
0.00280211 1121.088
0.001765592 1194.08
0.002607097 1176.636
0.000687511 1152.335
0.005163034 1269.997
0.004920592 1246.462
0.000677489 1182.807
0.00168225 1137.9
0.002979138 1195.504
0.001327585 1136.331
0.003710932 1084.575
0.0005145161 1134.194
0.001546562 1160.52
0.003634852 1067.767
0.0009224352 1052.431
0.003143667 1038.792
0.00318251 985.8008
0.001754778 939.079
0.00323208 931.2513
0.004169605 1076.578
0.004523462 1109.104
0.004498755 1115.224
0.01002306 1063.68
0.002602933 1123.095
0.0005327387 1130.597
0.002666546 1151.163
0.003518346 1062.863
0.001454851 1071.34
0.002406794 1063.718
0.005313875 1093.595
0.002557652 1125.402
0.004648625 1169.348
0.003209246 1203.328
0.003927173 1209.608
0.003630957 1216.552
0.001746705 1201.178
0.007293827 1126.415
0.003927157 1150.587
0.001365737 1189.019
0.00221488 1129.979
0.0009095564 1163.669
0.00339512 1077.091
0.004344351 1091.276
0.002818528 1111.886
0.002433813 1063.648
0.004252469 1077.683
0.0050565 1029.598
0.002039921 953.9949
0.00567257 907.9338
0.001156271 878.3038
0.007020786 910.474
0.003251272 924.8366
0.009702734 953.8108
0.005114586 929.9587
0.004172143 994.8642
0.0006502095 1039.319
0.0004816643 1000.913
0.0003157259 1063.156
0.002978615 1094.395
0.003700796 1062.913
0.005678244 1051.41
0.001892228 991.2618
0.004470721 966.5887
0.002658075 997.463
0.003077172 980.319
0.00067728 1025.054
0.001259631 1013.675
0.006616309 1025.109
0.009022193 1028.023
0.007950541 981.2352
0.002491839 1006.39
0.002772611 1051.625
0.001285768 1084.492
0.003182731 1003.795
0.0001637482 948.5534
0.0009250787 945.9203
0.0004644685 974.7773
0.002168772 930.7176
0.002983656 918.5275
0.00487409 880.054
0.004606853 874.0443
0.006581986 856.1769
0.001122531 827.8764
0.003202504 864.728
0.007290396 860.223
0.00106551 894.0582
0.004366059 894.1349
0.00809437 901.6904
0.007582916 864.7911
0.005321179 823.0881
0.002692535 815.5191
0.004999401 784.7722
0.00280597 783.5228
0.00472218 757.5759
0.001267884 777.5645
0.002931653 820.2497
0.003105766 789.6156
0.001147069 808.2478
0.002692093 801.4111
0.0006107716 761.8406
0.001514171 682.8772
0.003645664 719.0695
0.005946091 710.9549
0.00210106 738.3995
0.002168782 734.4243
0.00189954 743.6201
0.005206405 665.7384
0.01319293 677.9389
0.01130182 637.4319
0.003090629 618.7336
0.01117681 631.147
0.00298708 621.1837
0.003184902 563.2641
5.230723e-05 564.5596
0.001294679 544.6626
0.002084537 607.478
0.003107999 628.8933
0.001443468 638.1149
0.001101407 663.4577
0.005932028 670.3964
0.004183528 680.2311
0.005199192 664.5374
0.002358065 687.449
0.002156913 700.3976
0.003152399 753.364
0.001297382 796.1421
0.001215279 769.5017
0.003547797 782.803
0.001270708 831.4973
0.005642985 871.999
0.009303445 933.4603
0.005622065 886.0436
0.009790715 978.1788
0.01364304 949.2051
0.01260867 890.1314
0.005706446 980.8537
0.004683732 883.371
0.0006122213 914.1894
0.0003360453 929.6732
0.004368102 984.2576
0.00408845 980.3038
0.002359768 1070.656
0.0008607954 1054.077
0.0009945313 1054.474
0.007666902 1049.377
0.001982485 1084.594
0.002477774 1099.26
0.002818867 1132.32
0.002771618 1038.315
0.007240039 1075.573
0.00762112 1169.473
0.01093471 1080.934
0.007532478 1037.423
0.002815324 1053.052
0.004440241 1064.639
0.007932338 1002.444
0.00514515 1039.317
0.005856596 1004.049
0.002113693 983.4986
0.002203618 993.2351
0.002865289 1002.428
0.005941768 978.8206
0.000610078 998.9039
0.001637808 1034.406
0.0004718154 1064.91
0.00911401 1028.767
0.002065549 915.6246
0.00036984 878.552
0.004593312 861.1084
0.0125841 829.3495
0.02752729 898.6183
0.00683086 866.0034
0.00890383 821.6383
0.01057003 763.1156
0.01224774 734.3916
0.0008718152 705.6941
0.0007130919 741.0877
0.001268708 706.4147
0.0009957105 728.3598
0.006748464 774.3272
0.002293507 760.5581
0.001772444 761.3073
0.005408086 801.688
0.003337483 809.0824
0.002036456 817.4948
0.0006467626 858.1247
0.0008303859 844.6512
0.006143764 832.1266
0.003826397 766.678
0.003498659 780.3231
0.003584521 807.6657
0.004708106 767.4297
0.001747254 866.6955
0.001755689 795.8235
0.00181288 820.8121
0.003097509 861.3326
0.008206996 916.0611
0.01390439 963.237
0.003594888 932.7513
0.002512034 906.7975
0.001317318 1045.379
0.005278803 1137.349
0.0009378077 1145.815
0.001301797 1265.333
0.00344144 1258.413
0.003989458 1220.48
0.004094222 1168.133
0.001986932 1225.297
0.001988052 1312.33
0.0005759298 1350.19
0.001572886 1301.285
0.001523159 1336.411
0.0008793707 1386.155
0.003843014 1414.293
0.005559922 1374.166
0.001270268 1410.463
0.001798435 1561.295
0.002894678 1527.528
0.0006704448 1612.806
0.00527523 1617.24
0.007672328 1687.524
0.005775037 1639.47
0.001902781 1606.125
0.002656862 1627.059
0.0003480839 1546.844
0.0007159699 1659.449
0.0016175 1797.2
0.003805047 1776.146
0.0006575281 1748.055
0.005148145 1703.975
0.003877487 1786.677
0.00165162 1699.723
0.001327684 1687.952
0.00177184 1720.752
0.0004836136 1633.381
0.002092708 1591.258
0.001440696 1570.824
0.000650279 1444.01
0.000513247 1508.497
0.0007492772 1492.826
0.009020273 1454.689
0.002151753 1330.615
0.005316212 1243.425
0.0004240926 1230.856
0.0002437295 1297.964
0.003024288 1237.708
0.0009984487 1342.174
0.002455906 1375.233
0.005849403 1396.66
0.001003536 1344.521
0.003680065 1365.084
0.002085744 1353.898
0.0009092076 1378.625
0.001308202 1373.175
0.005032687 1328.929
0.00295949 1360.157
0.004099006 1437.721
0.002193292 1382.083
0.00445893 1372.688
0.001461949 1509.37
0.001064224 1532.379
0.001539836 1465.59
0.001432522 1295.094
0.001413366 1241.885
0.003385445 1233.289
0.00405515 1331.661
0.003367511 1292.697
0.0005323653 1308.328
0.001231422 1308.089
0.0004137458 1289.786
0.0002868396 1283.015
0.003630232 1265.478
0.004937365 1256.697
0.005778014 1131.675
0.008824679 1173.498
0.00741087 1185.649
0.001048166 1108.563
0.002516787 1129.162
0.000727251 1158.069
0.0007820548 1087.449
0.002647801 1113.222
0.002003561 1263.769
0.006799111 1268.328
0.001448219 1299.386
0.0003886215 1154.436
0.002979753 1284.963
0.001340931 1382.143
0.002709455 1453.029
0.005481414 1381.696
0.0004783784 1312.935
0.004029701 1360.847
0.00547849 1382.958
0.001482196 1307.494
0.0004227724 1369.918
0.0002602771 1445.716
0.0008634837 1450.374
0.001556339 1383.972
0.001228983 1432.708
0.001453686 1397.545
0.003766982 1335.372
0.0004303664 1388.959
0.0017194 1428.244
0.001698616 1461.33
0.0004722828 1416.42
0.008217154 1504.07
0.00815188 1456.613
0.009152381 1509.633
0.005186271 1464.944
0.001929748 1477.197
0.002187097 1490.316
0.0007102858 1505.055
0.0015412 1523.146
0.002624548 1400.636
0.001081324 1275.672
0.008994491 1196.843
0.008262054 1199.249
0.01983054 1181.758
0.00231895 1153.925
0.008049338 1181.668
0.005429176 1151.452
0.002022713 1110.738
0.004454439 1187.634
0.005335663 1157.636
0.002898707 1138.279
0.0006523381 1174.326
0.0006397693 1113.607
0.0005655318 1151.567
0.004994342 1175.679
0.01045475 1268.75
0.003554666 1290.867
0.002157953 1280.778
0.002617918 1301.569
0.001672634 1241.242
0.002746039 1337.32
0.003545724 1254.247
0.002263032 1372.417
0.001526429 1266.457
0.001007363 1321.408
0.0004730463 1407.163
0.00446955 1435.615
0.00474424 1474.801
0.004065151 1552.572
0.00458488 1565.029
0.000901469 1522.927
0.004343484 1521.78
0.0005782203 1700.268
0.0008487088 1705.557
0.005851491 1688.307
0.002082172 1645.774
0.001083198 1639.593
0.0008256022 1552.287
0.001764775 1696.005
0.0008201386 1796.818
0.001038569 1803.569
0.003814517 1683.86
0.00217135 1727.83
0.002487563 1762.629
0.0008972907 1728.735
0.002690123 1853.297
0.005343166 1925.896
0.0004063697 1925.582
0.001271938 1988.026
0.002159826 2007.015
0.003457714 2049.114
0.002079088 2027.863
0.002317552 2073.885
0.003444861 2167.146
0.008072801 2143.618
0.001830788 2109.254
0.006612379 2227.521
0.0007128167 2149.581
0.004847766 2231.902
0.001446504 2113.384
0.004215334 2117.886
0.0005547432 2341.98
0.001264583 2395.621
0.002486338 2290.497
0.00195509 2399.069
0.001301035 2412.296
0.00187107 2452.233
0.001591931 2306.662
0.001541285 2341.974
0.003246978 2444.219
0.00474619 2556.929
0.0009899153 2366.76
0.004688886 2288.846
0.001922944 2326.284
0.002826187 2613.381
0.001459754 2498.518
0.004459707 2315.4
0.001160682 2297.623
0.002647251 2446.276
0.001935236 2307.163
0.002070887 2366.889
0.003682304 2292.55
0.003712765 2372.404
0.004047626 2382.797
0.001966923 2298.468
0.00992899 2164.661
0.0005689412 2150.852
0.0001063098 1997.127
0.0009771104 1940.846
0.0003474152 1902.012
0.002422292 1904.804
0.0005978844 1956.723
0.001260184 1845.473
0.0002332631 1857.184
9.329809e-05 1857.266
0.005620051 1927.89
0.003836941 2066.741
0.0003214646 1932.826
0.002321908 2003.208
0.001620713 1917.775
0.001365969 1955.859
0.0004990118 1927.829
0.002344791 2018.644
0.003663328 1975.145
0.001384256 1934.451
0.001274672 1974.199
0.002684256 1911.997
0.001818241 1941.199
6.628235e-05 1908.36
0.001860698 1953.109
0.002086543 2017.885
0.004229507 2010.361
0.0002097344 2003.446
0.004926123 2131.978
0.001030588 2355.524
0.003592294 2302.682
0.007445642 2266.438
0.008595179 2474.858
0.001070867 2540.715
0.001367167 2448.212
0.001163431 2356.599
0.00248989 2401.034
0.003293301 2469.355
8.564452e-05 2429.279
0.001398967 2369.199
0.0006806339 2229.774
0.002143882 2163.905
0.0006725848 2165.054
0.002355644 2069.091
0.00191129 1923.608
0.001711585 1983.933
2.001451e-05 1843.178
0.0009303892 1961.593
0.0001036212 2179.935
0.005529074 2325.196
0.001608021 2287.278
0.006294525 2339.449
0.001783347 2335.61
0.001810705 2305.886
0.001219779 2296.449
0.0002689977 2385.645
0.0003491309 2457.441
0.001164534 2538.769
0.003694264 2578.428
0.004217956 2607.261
0.004972959 2470.84
0.001257634 2555.142
0.004531337 2398.142
0.002126362 2522.411
0.006128929 2329.165
0.004656191 2403.642
0.00363723 2273.418
0.0009961855 2091.849
0.00582012 2018.275
0.0002671387 2271.522
0.001021938 2223.825
0.00389802 2052.717
0.001093221 2043.164
0.0005773395 2128.794
0.001907788 2180.677
0.001138746 2320.794
0.0002778986 2422.207
0.004675033 2469.449
0.008457994 2551.063
0.0009931313 2478.935
0.0003553878 2299.633
0.002284092 2180.208
0.004211946 2115.057
0.001917119 2148.397
0.005320088 2288.979
0.001121321 2282.493
0.00115684 2190.38
0.001201817 2208.838
0.002397506 2145.834
0.001467401 2168.763
0.0005514682 2250.061
0.001171826 2315.714
0.001819613 2277.887
0.003761184 2402.887
0.002304072 2384.517
0.003786525 2365.092
0.004514366 2568.46
0.001175829 2538.156
0.001552973 2630.357
0.002871284 2772.978
0.001560575 2764.833
0.002142886 2833.923
0.001971315 2829.629
0.000160721 2724.386
5.001738e-05 2590.457
0.004002073 2592.749
0.002422143 2506.142
0.002938868 2512.103
0.001715732 2677.225
0.0004295779 2865.627
0.004317886 2823.632
0.001736888 2618.342
0.001599614 2745.349
0.002053807 2890.114
0.006322433 2911.219
0.0009299089 3049.84
0.004502859 3027.567
0.006137483 3108.444
0.007953732 3507.752
0.004751961 3477.37
0.001476407 3379.098
0.002209914 3504.111
0.0007425674 3436.522
0.001037566 3565.849
0.003176521 3446.932
0.0009917582 3372.823
0.001045335 3408.225
0.001476765 3636.793
0.001120202 3559.746
0.0004069763 3726.311
0.001281093 3768.823
0.000274102 3604.117
0.001503918 3642.207
0.00431139 3618.544
0.000626879 3468.934
0.001258167 3572.167
0.001136044 3385.817
0.0008300563 3244.104
0.0004738771 2974.513
0.001058048 2957.824
0.005310975 2714.322
0.001825427 2640.873
0.001972351 2538.18
0.0006538279 2706.757
0.002221964 2631.169
0.002288752 2674.376
0.007597526 2777.206
0.000666557 2493.867
0.003538567 2403.449
0.0009346782 2507.889
0.0009865318 2473.566
0.005813673 2472.473
0.0004574894 2449.754
0.0009833556 2402.97
0.0007817665 2455.954
0.002910464 2491.518
0.002428575 2415.913
0.002397475 2558.522
0.002287973 2621.335
0.00879603 2639.736
0.0002754142 2611.142
0.0007630603 2480.863
0.001198049 2313.033
0.005679594 2251.624
0.00154996 2388.954
0.001092441 2388.486
0.005640009 2262.531
0.003462234 2241.053
0.00111346 2042.215
0.001623792 1980.792
0.003299543 1933.467
0.000474379 2126.796
0.004136669 2309.494
0.00582937 2192.679
0.002017823 2103.645
0.001483221 2084.712
0.002773204 2151.57
0.002331164 2164.335
0.0002417253 2391.701
0.006961679 2329.713
0.002025957 2494.325
0.005929989 2609.971
0.003311902 2537.94
0.00264342 2647.296
0.002302799 2596.686
0.001098985 2639.998
0.00479017 2608.872
0.006359909 2482.8
0.001046924 2392.835
0.001954944 2309.374
0.008373267 2285.23
0.008055474 2171.3
0.002563152 1994.838
0.00101248 2012.033
0.001572909 2067.007
0.003240014 1983.733
0.0017625 1869.097
0.0009208474 1817.667
0.001084964 1881.988
0.006300815 1933.367
0.001687462 1925.198
0.001455941 1879.083
0.002506237 2065.962
0.00614275 1927.757
0.001493991 1941.364
0.0009226217 1954.773
0.002163328 1819.378
0.005889685 1806.789
0.001105493 1991.16
0.003606888 1914.448
0.003560911 1751.168
0.007385017 1671.857
0.001654078 1608.73
0.0009910768 1661.82
0.000350028 1766.558
0.002310413 1922.677
0.002743229 1887.113
0.002051458 1786.939
0.0003039726 1849.493
0.002077866 1822.118
0.0008870251 1971.587
0.003585111 1967.926
0.001140156 1992.847
0.001981345 1935.827
0.0001699747 1923.575
0.001947115 2104.074
0.0004945922 2236.27
0.001543547 2249.918
0.003520054 2245.493
0.004900394 2237.372
0.003103983 2384.761
0.001444729 2454.461
0.005813931 2421.956
0.007348808 2448.416
0.0007021583 2300.513
0.006874955 2355.495
0.0001805254 2241.028
0.004331836 2240.822
0.002446091 2229.351
0.00447705 2167.896
0.007315698 2192.393
0.005058783 2305.68
0.004815408 2377.614
0.00206017 2526.099
0.00172741 2585.94
0.0006479005 2529.094
0.001793888 2668.706
0.001357619 2618.282
0.0009759677 2578.689
0.0006428517 2894.063
0.001582303 3007.062
0.0004961481 2979.396
0.0003790057 3086.496
0.001463967 3091.245
0.00229623 3086.364
0.004689882 3098.332
0.0002683892 3311.137
0.000204135 3176.447
0.001980364 3155.575
0.006172079 3213.383
0.001057187 3119.564
0.0001632966 3208.24
5.40622e-05 3280.668
0.002727579 3366.22
0.0009122929 3501.311
0.0009683353 3407.45
0.0008177972 3481.37
0.0004985488 3216.736
0.0002615975 3285.489
0.001630038 3247.188
3.464218e-05 3364.762
0.0001345775 3559.553
0.0003160933 3383.284
0.002455992 3322.023
0.0007823329 3113.539
0.002795231 2947.177
0.0002428176 3215.387
0.00174243 3084.315
0.0007468024 2865.216
0.002399621 2847.299
0.0008488668 2738.972
0.003126312 2911.619
0.001459911 3005.804
0.004568202 2998.632
0.0006439369 2895.929
0.0005077772 2926.782
0.0008613699 2916.442
0.00275249 2760.538
0.0009840277 2739.093
0.0006645287 2678.927
0.0003517033 2719.082
0.001148219 2596.958
0.002004447 2639.291
0.001190091 2774.411
0.0001517474 2578.205
0.001060041 2471.404
0.007250791 2505.746
0.009174288 2565.228
0.003279777 2554.314
0.005332039 2520.502
0.002503227 2542.519
0.0007721579 2572.435
0.0008667954 2579.818
0.002354973 2463.984
0.002081383 2579.074
0.001764322 2739.819
0.005294796 2672.506
0.003466486 2587.203
0.002143127 2464.512
0.006043927 2541.031
0.0008707599 2509.372
0.002978102 2489.058
0.001005752 2422.344
0.002687335 2383.461
0.002679537 2239.017
0.002719677 2219.733
0.0004271072 2136.681
0.001403018 2307.215
0.0004299916 2184.692
0.001885429 2125.876
0.002350715 2077.374
0.001469478 2133.179
0.0008041417 2107.794
0.007942534 2091.353
0.001057724 2324.852
0.0007309601 2363.236
0.001694138 2301.81
0.0008720778 2346.912
0.0001960932 2342.333
0.002040319 2354.082
0.0008344108 2236.965
0.0009243446 2297.888
0.0006985607 2151.783
0.003747226 2232.372
0.002611358 2247.795
0.0002026182 2487.938
0.003311973 2519.831
0.001544199 2692.533
0.003799744 2654.847
0.001021301 2786.496
0.001762102 3033.377
0.0002573221 3157.655
0.0009102269 3103.961
0.0004705788 2914.72
0.002945975 2907.511
0.001119928 3243.324
0.001591763 3119.375
0.005006835 3119.494
0.003115112 3055.742
0.005545478 2917.867
0.003503291 3121.216
0.001343206 3118.78
0.0008427972 3193.776
0.003673261 2837.272
0.0007963516 3019.92
0.001253581 2963.399
0.0006161795 3118.876
0.0003816325 3048.181
0.001233476 2958.716
0.006015647 2928.323
0.002188442 2877.984
0.002065144 3010.009
0.0002484283 2790.488
0.001435296 2671.65
0.001764723 2718.082
0.0005589078 2652.211
0.003635582 2698.442
0.003321328 2671.343
0.005606914 2763.122
0.001115116 2657.707
0.0001210019 2431.377
0.0002418296 2417.195
0.0004509117 2309.507
0.003683827 2365.329
0.0006834668 2304.323
0.0008469314 2408.024
0.00537765 2452.053
0.001715018 2389.742
0.004103436 2407.919
0.001798693 2307.16
0.001092715 2322.817
0.003147114 2269.717
0.000485219 2251.949
0.000791755 2086.055
0.002950367 2115.889
0.003911848 2006.726
0.002884318 2021.019
0.004249176 2036.327
0.003120063 1863.233
0.003243435 1893.032
0.00199577 1882.878
0.0008182605 1741.423
0.002920667 1767.969
0.002326256 1899.514
0.002733951 2059.369
0.00271825 1990.167
0.008037173 2085.853
0.00508394 2087.036
0.002494481 2020.32
0.002085703 1976.544
0.0001589019 2020.906
0.0006422547 2023.267
0.002523142 2105.8
0.004855805 2218.184
0.001803634 2173.544
3.547567e-05 2081.338
0.0002425395 2179.368
0.001764872 2204.356
0.001691104 2156.416
5.624641e-05 2160.133
0.00010485 2123.379
0.0005885336 2092.156
0.004314474 2165.849
0.002882654 2020.344
0.0002854581 2023.995
0.0004591565 2098.336
0.0007885499 1949.311
0.0004536019 2010.145
0.00181518 1847.898
0.001951982 1857.787
0.002203504 1835.834
0.003535345 1800.138
0.0009974488 1707.319
0.002751505 1624.907
0.002704913 1620.416
0.001705359 1716.606
0.00483332 1713.608
0.005997552 1714.849
0.002106221 1629.62
0.004634784 1607.432
0.0006069116 1649.09
0.001148008 1653.67
0.002525445 1648.793
0.001010007 1737.98
0.00167008 1790.238
0.0009488296 1862.109
0.009016611 1867.042
0.005970717 1863.462
0.001307458 1840.216
0.002105051 1760.808
0.001610638 1708.436
0.004210125 1726.898
0.004499806 1758.844
0.00310886 1760.052
0.003640785 1709.876
0.0008304408 1847.253
0.001979143 1930.315
0.001267449 1953.835
0.00150948 2012.61
0.002027972 1998.462
0.001478177 2033.878
0.005287946 2183.548
0.001999627 2281.303
0.006365445 2285.5
0.000617066 2142.763
0.002528133 2206.631
0.003666213 2157.737
0.00373762 2287.183
0.002890014 2366.593
0.0001266365 2499.429
0.002680739 2472.803
0.00208227 2430.269
0.003038293 2465.186
0.004990548 2511.629
0.003813006 2615.127
0.001335033 2474.979
0.0002734136 2484.321
0.0002842064 2615.326
0.002430519 2649.192
0.0001546211 2314.348
0.001261924 2276.716
0.00151058 2286.413
0.005514431 2277.375
0.001824425 2270.045
0.001799117 2339.987
0.002270067 2298.773
0.0002430088 2233.687
0.0009794915 2329.85
0.002698543 2506.39
0.003882454 2461.515
0.00219103 2441.268
0.001279484 2551.828
0.001490414 2503.071
0.000942875 2494.927
0.003305511 2325.657
0.002599694 2357.874
0.004155368 2212.121
0.005043243 2162.506
0.005577871 2284.125
0.001845881 2344.335
0.001175551 2387.902
0.003658946 2358.951
0.0003025293 2580.879
0.001879959 2654.606
0.002247184 2689.427
0.001439405 2644.79
0.003410379 2561.916
0.004178136 2601.142
0.002015366 2629.918
0.001520561 2643.357
0.001543836 2711.858
0.0014611 2751.761
0.00229292 2785.928
0.006000861 2686.527
0.007768747 2596.551
0.006380731 2639.39
0.002600383 2763.519
0.003028649 2896.555
0.0005674978 2902.413
0.0007617922 2857.186
0.001682594 2798.715
0.002060921 2885.766
0.001716304 3151.039
0.0002415443 3090.437
0.00151866 2796.857
0.0008675764 2896.646
0.0007657955 2926.904
0.0001088109 2928.88
0.0001161285 3031.346
0.004687474 2844.967
0.00239551 2945.394
0.0005634491 2898.287
0.0007110033 2541.33
0.001314171 2526.125
0.001162341 2539.528
0.001594461 2513.411
0.004385556 2603.272
0.0002108341 2459.672
8.776206e-05 2559.801
0.004624501 2691.186
0.001346392 2655.647
0.001201998 2494.767
0.0005226702 2417.078
0.000316054 2237.148
0.0009854908 2340.976
5.548577e-05 2371.963
0.001381923 2538.856
0.004580584 2479.016
0.001515475 2487.704
0.005619281 2593.56
0.003253024 2685.346
5.810026e-05 2733.139
0.001130865 2925.982
0.001013715 2817.99
0.004614903 2750.181
0.00345773 2895.516
0.004034832 2784.213
0.0008870317 2606.278
0.0005637673 2671.657
0.001618877 2554.845
0.0003501189 2644.359
0.001072735 2723.35
0.001062397 2714.923
0.002998336 2780.813
0.001680819 2830.874
0.002764939 2760.476
0.008934988 2724.156
0.0002412963 2448.694
0.001790441 2257.102
0.001740929 2283.015
0.0040095 2321.931
0.002607737 2346.802
0.002942154 2735.511
0.001536682 2444.181
0.0005951852 2499.653
0.001741261 2584.273
0.005069371 2463.892
0.001849204 2503.709
0.000967687 2358.102
0.004929115 2210.285
0.002740728 2232.909
0.00280401 2241.866
0.0002823694 2247.014
0.0006922078 2305.926
0.002379068 2342.821
0.001352638 2660.471
0.00256902 2748.92
0.003245388 2813.2
0.0009626717 2806.7
0.00202008 3090.266
0.002169414 2890.234
0.0001340293 2872.751
0.001492182 2726.076
0.0004059551 2982.612
0.0006596248 2910.632
0.0006527707 2849.512
0.002429362 2672.339
0.004213085 2698.855
0.00498689 2673.997
0.001775519 2571.977
0.00304668 2625.423
0.001641717 2758.124
0.0003524807 2907.508
0.0008223685 3245.625
0.003092047 3070.873
0.001092135 3092.118
0.0007416346 2880.942
0.0005972097 2950.558
0.001102597 3197.379
0.000981667 3118.05
0.00118525 3178.039
0.002459315 3268.236
0.001109153 3017.172
0.0009616393 3075.679
0.001031865 2853.771
0.001688617 2874.914
0.001362604 2971.238
0.004137494 3138.845
0.001194818 3110.327
0.001003164 3269.148
0.001365515 3580.259
0.00339855 3394.35
0.002790109 3646.49
0.002633519 3497.136
0.001557151 3135.047
0.0007756695 3120.208
0.002277487 3145.778
0.00317108 3247.19
0.001032486 3075.53
0.001770511 2898.411
0.0001934499 2671.78
0.001705749 2526.982
0.0002160643 2539.617
0.004679225 2701.634
0.0001012248 2709.874
0.0002082938 2704.809
0.002101422 2763.865
0.001491175 2814.694
0.0009312686 2818.471
0.002240667 2755.293
0.001308331 2535.575
0.0009558255 2534.025
0.001665514 2653.379
0.002637222 2797.116
0.0009647068 2803.52
0.0009458122 2689.406
0.001395612 2560.678
0.001542721 2705.782
0.0007317046 2770.386
0.001763508 2830.055
0.0006964105 2799.342
0.0001975523 2860.235
0.001463431 2684.317
0.0013016 2626.977
0.003749405 2705.136
0.00117426 2686.938
0.002664805 2580.603
0.001112032 2547.674
0.002084164 2428.139
0.001806811 2257.731
0.004043277 2351.084
0.0002208059 2459.21
0.001390438 2364.247
0.0003755681 2289.259
0.0008514652 2234.3
0.007745823 2318.225
0.002241933 2257.383
0.00156965 2106.185
0.001106998 2308.881
0.001345739 2257.513
0.0001079438 2160.634
0.002204409 2133.637
0.002206776 2064.038
0.003591108 2023.207
0.001714226 1930.928
0.001856451 1999.546
0.004441917 1994.573
0.001481175 2214.553
0.0009346507 2352.095
4.406693e-05 2490.325
0.0003203349 2373.838
0.0007360803 2464.808
0.0009385789 2595.136
0.003033666 2672.299
0.003015735 2422.044
0.008942439 2546.743
0.001549779 2583.645
0.00165396 2632.969
0.001461249 2616.829
0.004060984 2710.127
0.0001394594 2645.781
0.001782853 2825.097
0.002388807 2836.008
0.001980535 2713.613
0.001476149 2731.985
0.001445954 2915.024
0.003939753 2711.042
0.001636234 2623.753
0.0006530546 2645.941
0.002457452 2666.928
0.0006416549 2506.585
0.0005749385 2510.972
0.000824714 2563.504
0.00330042 2522.763
0.001297848 2589.472
0.0004755812 2588.882
0.001084035 2683.36
0.006911784 2696.924
0.007309289 2891.095
0.001121336 2852.653
0.002982766 2503.802
0.004135341 2420.857
0.0003411797 2511.741
0.003711028 2516.575
0.0004470037 2536.476
0.003903125 2620.02
0.001849842 2488.386
0.00231879 2546.801
0.001416728 2472.661
0.001061386 2706.975
0.002269409 2773.628
0.0006074832 2890.749
0.003244469 2779.218
0.001967003 2920.486
0.0005069916 2900.777
0.001890403 2769.033
0.001710672 2455.616
0.004315055 2368.156
0.00012795 2306.871
0.0005117813 2375.58
0.0008111635 2371.335
0.001773025 2308.123
0.001958643 2392.33
0.002623153 2464.905
0.001835873 2519.043
0.00206513 2375.699
0.002740137 2408.445
0.0002391246 2490.998
0.004856557 2624.513
0.001348457 2792.529
0.002561558 2911.024
0.002151787 2939.885
0.0004570966 2962.93
0.00306209 2850.284
0.002705334 2935.516
0.003249677 2922.681
0.001263223 2915.46
0.001014089 2715.97
0.005428091 2634.293
0.0005073831 2570.291
0.0005275127 2550.97
0.00331686 2676.236
3.932295e-05 2889.011
0.002281767 2760.849
0.002363025 2619.273
0.007443888 2564.441
0.004198729 2593.516
0.001340958 2552.273
0.002525347 2308.455
0.0008461866 2374.286
0.0004648105 2522.966
0.001371538 2366.685
0.001011352 2392.541
0.0007944607 2396.804
0.001503825 2325.868
0.002625545 2314.377
0.0005909866 2177.478
0.000419107 2038.901
0.0003477786 2035.356
0.001371607 2016.625
0.00329223 2073.341
0.001774964 2127.377
0.005505493 2207.194
0.004600316 2057.974
0.002251265 2040.47
0.00198412 2135.493
2.155217e-06 2142.484
0.000532677 2195.952
0.001341708 2116.092
0.002113613 2237.607
0.0001621734 2314.306
0.004451047 2304.214
0.009394158 2330.709
0.008537636 2307.805
0.003535042 2389.886
0.00379175 2320.293
0.004716281 2304.583
0.004015668 2364.608
0.002186405 2517.375
0.0001115356 2336.081
0.002940774 2345.522
0.006436504 2399.108
0.004654524 2425.44
0.001287192 2545.417
0.001580735 2666.986
0.004581255 2705.334
0.002642653 2660.35
0.0004827176 2746.013
0.001468315 2641.974
0.001818503 2396.841
0.004761644 2345.043
9.799839e-05 2397.435
0.000935338 2361.519
0.005840933 2263.324
0.00302796 2173.683
0.001241867 2037.715
0.003471908 2114.078
0.001131313 2168.602
0.002803167 2250.418
0.006462722 2288.329
0.002091662 2356.537
0.0006336351 2455.222
0.000506941 2334.397
0.0004395802 2377.766
0.004223706 2260.78
0.001728407 2152.22
0.0001547655 2179.352
0.001951448 2052.708
0.00114501 2175.344
0.001758738 2230.369
0.006747919 2223.577
0.007412627 2047.072
0.01206053 1957.065
0.002224821 1979.863
0.004158394 2042.97
0.007427743 1989.808
0.001491396 2018.799
0.002951372 1867.287
0.0003162421 1839.129
0.005297369 1878.239
0.00352267 1893.218
0.002933397 1948.729
0.0007490357 1769.785
0.004499578 1710.466
0.0008341036 1702.378
0.003251838 1637.102
0.001429236 1735.97
0.001209963 1757.472
0.003111208 1622.883
0.0003689582 1559.307
0.001672107 1464.853
0.0009401452 1519.181
0.009205225 1567.495
0.002460702 1612.811
0.003459345 1690.841
0.003693601 1777.822
0.0001285575 1733.389
0.003888795 1907.735
0.005583635 2008.238
0.0001004011 2064.477
0.003746863 1975.456
0.002250286 2018.902
0.002695587 1995.773
0.0007631989 2042.066
0.002712548 2162.005
0.003319557 2101.51
0.0009033672 2202.675
0.0008713403 2077.594
0.002173764 2040.475
0.001639299 2071.782
0.000408009 2116.552
0.00358242 2249.765
0.001890243 2247.812
0.003914217 2408.765
0.001100642 2528.416
0.0007260791 2473.976
0.0005139418 2671.635
0.0008639674 2687.746
5.364043e-05 2728.863
0.001417403 2839.058
0.002875365 2916.433
0.003512625 2730.649
0.006197481 2888.438
0.0003582696 3027.994
0.002429202 3243.285
0.002283089 3416.345
0.003291061 3491.413
0.0009632471 3516.262
0.008308087 3702.469
0.002482328 3797.96
0.0003670923 3869.641
0.0006359235 3826.615
0.0005116416 3860.829
0.0009702572 3873.371
0.00728229 4077.921
0.0004591002 4088.331
0.001016892 3852.165
0.001210494 3846.555
4.259357e-05 3721.599
0.003113791 3909.673
8.771168e-05 4035.838
0.0004746787 3789.042
0.0008624043 4026.245
0.001204247 4229.231
0.001967418 4236.47
0.0004189097 4125.383
0.0001936659 4150.217
0.0008558723 3917.603
0.005044332 3866.358
0.001821638 3839.611
0.003615557 3719.223
0.001892607 3695.786
0.002286028 3620.267
0.000743571 3658.475
0.001403819 3445.673
0.0001319088 3360.748
0.0005277474 3398.204
0.0003326048 3378.768
0.002346974 3283.816
0.001413895 3254.021
0.0005679445 3421.348
0.002183467 3333.062
0.003687224 3380.779
0.0005941142 3278.968
0.0009343793 3233.854
0.0004498364 3094.206
0.003838758 3338.642
0.008528383 3414.827
0.001574918 3301.996
0.001503228 3413.194
0.0004457141 3410.356
0.005017231 3358.42
0.002379734 3063.436
0.001110715 2937.331
0.003740877 2640.236
6.498806e-05 2605.598
0.00356696 2694.618
0.0002896708 2698.662
0.001683084 2579.467
0.00381902 2694.164
0.000555195 2526.257
0.002305555 2763.749
0.004470979 2815.445
0.0006540931 2926.183
0.001628466 2995.018
0.001848565 2988
0.005000725 3146.89
0.004685202 3046.135
0.002313342 2798.015
0.003535879 2876.897
0.001732211 3053.614
5.942974e-05 3155.373
0.001330727 3119.498
0.0004738274 3405.975
0.0001674499 3337.427
0.001964676 3463.836
0.002980009 3549.65
0.0005654759 3631.302
0.0007159405 3461.85
0.004169499 3432.736
0.001773129 3435.091
0.0009249237 3667.461
0.0008190434 3747.817
0.00137493 3769.727
0.00319298 4049.003
8.645481e-05 4222.558
0.0005490044 3924.156
0.0001802589 4427.996
0.001667887 4400.976
0.003217058 4548.731
0.002159878 4887.895
0.002455562 4962.098
0.002463575 4759.529
9.244937e-05 4860.877
0.0004649038 4898.953
0.003134127 4641.851
0.004171046 4298.157
0.001003892 4350.219
0.002415228 4293.271
0.0005399037 4211.377
0.0007285002 4050.448
0.00113386 3847.847
0.002720366 4031.415
0.001831388 3918.709
0.0005698133 4014.665
0.001840928 4036.263
0.0009474387 4037.498
0.001689229 3905.076
0.001604297 4106.307
0.0008695012 4583.235
0.001694387 4552.494
0.000593891 4631.955
0.001025732 4550.372
0.0003337413 4362.074
0.0023389 4050.622
0.0009352908 4201.198
0.0002235655 3997.828
0.002286817 3931.229
0.003438589 3823.415
0.000655092 3694.033
0.0007620794 3934.148
0.002046772 3855.075
0.002023625 3696.614
0.001005587 3812.924
0.00118323 3856.409
0.0005168727 3954.348
0.002872378 3889.947
0.0008063263 3696.194
0.001167708 3747.591
0.005079457 4310.86
0.0004073337 4611.184
0.0001936782 4383.168
0.001903013 4310.16
0.00163046 4484.623
0.001474531 4323.868
0.002133977 4184.27
0.001060616 4155.865
0.002133801 3865.776
0.001321335 3734.923
0.00112355 3615.598
0.004741123 3461.528
0.003503385 3817.067
0.002363932 3894.632
0.001646296 3786.686
0.002524473 3771.428
0.001955518 3719.37
0.000217568 3637.445
0.002708647 3634.202
0.0002651205 3598.848
0.0005990634 3528.738
0.001531969 3446.583
0.0007490277 3460.568
0.001986171 3492.279
0.0006527533 3402.562
0.003640571 3539.896
0.001915375 3476.484
0.0004802285 3476.948
0.001596599 3579.041
0.0008064759 3764.475
0.0005401283 4080.245
0.0009218527 4133.848
0.001283264 4123.069
0.0005554942 3892.432
0.001135836 3672.102
0.006841031 3476.884
0.002155684 3519.489
0.0005814046 3392.48
0.001098928 3403.103
0.0002203732 3759.661
0.001671072 3991.045
0.00305404 3780.456
7.590642e-05 3768.971
0.0015317 3787.455
0.002464152 3784.43
0.0004455927 3718.32
0.001142314 3705.869
0.000858944 3696.862
0.002789758 3971.904
0.001933792 3864.985
0.002052821 4072.166
0.0008370367 3890.151
0.002496805 3645.782
0.004245468 3508.654
0.001072901 3505.574
0.0003845683 3457.246
0.002072891 3546.912
0.009356875 3378.026
0.00116231 3483.019
0.003711441 3208.528
0.001452946 3453.01
0.0003918572 3220.097
0.001595125 2972.814
0.0004422008 3132.428
0.001564018 3078.99
0.0001556445 3246.528
0.002716255 3333.928
0.0006904889 3321.031
0.002775195 3090.436
0.002492733 3322.279
0.006539686 3309.756
0.0003518386 3504.727
0.0004563632 3503.077
0.001195387 3585.164
0.001212308 3608.497
0.0002700146 3883.229
0.003116482 4086.504
0.002437011 3914.43
0.0009749319 3655.784
0.0004832414 3935.691
0.001995238 3988.703
0.003488578 3825.024
0.002072293 3816.851
0.0002348829 4037.996
0.0002663708 4285.161
0.001190778 4457.536
0.001062045 4439.341
0.001009843 4488.433
0.003426368 4712.112
0.002065776 5019.642
0.001940874 4776.185
0.00371062 4778.741
0.001109062 4496.742
0.0001629989 4417.745
0.001396052 4515.046
0.001208768 4561.217
0.001706017 4647.996
0.001171773 4546.279
0.0004328765 4375.517
0.0006726706 4152.823
0.00123178 4378.842
0.002344626 4030.898
0.0003691572 4237.372
0.0001660915 4262.411
0.0005984741 4236.065
0.001978858 4197.19
0.005105648 4415.003
0.002316247 4452.615
0.002479422 4521.464
0.004215405 4616.611
0.001655273 4671.859
0.002461171 4403.343
0.002640517 4231.32
0.001039216 4063.986
0.00120884 4248.721
0.00241846 4264.185
0.003974422 4056.747
0.001071269 4118.479
0.002594833 4285.842
0.002036228 4403.693
0.002827681 4468.904
0.0005162637 4769.939
0.001929287 4469
5.243469e-05 4463.559
0.0002912166 4454.129
0.0001351883 4615.317
0.0005948684 4689.147
0.002212639 4661.356
0.0004753122 4923.51
0.001079086 5132.039
0.0003229533 5111.04
0.002014796 4881.019
0.0005168592 4772.721
0.002367431 4261.783
0.0002759231 4407.236
0.0005905385 4337.602
0.00135755 4326.414
0.001269548 4021.258
0.001382495 4023.607
0.0005040452 3619.885
0.003588968 3718.287
7.036784e-05 3616.428
0.002749903 3615.761
0.003118839 3625.521
0.001318218 3771.298
0.001067138 3596.481
0.002058656 3342.637
0.002070613 3283.8
0.002182775 2936.55
0.00291734 3129.626
0.0001055827 3064.395
0.002248575 3025.493
0.004837336 3002.229
0.001400171 3110.85
0.001776395 3210.896
0.003434555 3453.126
0.003426112 3494.175
0.001650667 3242.305
0.002051614 3272.321
0.0004978307 3250.477
0.004315555 3134.243
0.0002467638 3368.77
8.729458e-05 3405.741
0.002982053 3083.909
0.001569535 3241.44
0.003301268 3034.732
0.003693189 3212.261
0.0002581586 3200.954
0.003682803 3068.375
0.001553554 2861.763
0.00156225 2682.142
0.00412103 2718.766
0.0009817404 2627.294
0.0001817575 2481.084
0.00288742 2348.835
0.003021552 2363.701
0.001260918 2452.824
0.0009474574 2593.946
0.001133638 2765.8
0.002159545 2702.633
0.004376311 2482.204
0.002911155 2560.026
0.003174609 2521.975
0.001748093 2647.694
0.002592346 2501.266
0.00212207 2440.847
0.001244227 2397.817
0.001400575 2357.841
0.002203726 2501.756
0.0004742625 2658.451
0.002795796 2556.093
0.002456901 2543.791
0.001472394 2375.405
0.0001881934 2475.879
0.00531595 2337.373
0.001066078 2368.196
0.001800979 2510.139
0.003932972 2594.455
0.002077482 2584.574
0.001789855 2881.013
0.0004872393 3150.109
0.002611075 3165.005
0.00119384 2816.317
0.0006553568 2739.43
0.002984071 2804.099
1.634889e-05 2955.465
0.002215174 2668.172
0.001365168 2617.153
0.004770986 2632.919
0.004323712 2555.551
0.003933195 2664.606
0.001229962 2595.265
0.0002394383 2384.523
0.001599072 2404.019
0.00265347 2440.507
0.001938915 2608.663
0.002576339 2586.018
0.002643094 2585.043
0.0007059989 2447.941
0.001211233 2443.201
0.002731592 2602.15
0.003074354 2691.981
0.002279188 2450.944
0.003229677 2550.06
0.004367648 2498.47
0.002674463 2553.883
0.004845825 2741.236
0.002956288 2682.656
0.001675502 2729.703
0.004192514 2777.789
0.0004136461 2825.823
0.003838319 2596.632
0.002546013 2599.888
0.002324067 2659.568
0.0004408078 2629.153
0.0008073293 2617.015
0.002725014 2418.891
0.001517896 2422.733
0.012023 2344.843
0.001104123 2300.179
0.001833128 2552.231
0.00236749 3008.496
0.006280643 3260.657
0.002646442 3244.53
0.005453738 3228.779
0.002168985 3264.14
0.0005237752 3023.361
0.003481507 2970.155
0.002853594 3089.656
0.007582579 3092.098
0.0004877051 3100.81
0.001381112 3360.67
0.001198435 3580.583
0.0002553236 3785.803
0.001535473 3667.827
0.001722256 3879.232
0.003697981 3559.275
0.0004890381 3435.74
0.00104653 3475.27
0.001109 3370.464
0.002930405 3291.584
0.0008153604 3597.813
0.001900634 3856.535
0.0006543099 4106.483
0.0005938017 3886.178
0.0006525094 3635.383
0.00155049 3526.889
0.002190442 3356.917
0.0002239782 2989.231
0.001090475 3031.062
0.002978547 2893.842
0.00682883 2665.773
0.0003401449 2487.382
0.003533358 2516.658
0.002411337 2633.763
0.002406766 2564.133
0.005047106 2554.531
0.0003680126 2669.559
0.0008093704 2660.509
0.0002985652 2745.225
0.002549352 2585.027
0.00292874 2608.848
0.004224578 2795.772
0.005045928 2659.038
0.002121429 2619.008
0.003232788 2578.078
0.005005447 2675.766
0.004063163 2716.331
0.003546637 2778.037
0.004272812 2960.844
0.00174932 2946.357
0.0005468449 3012.677
0.0006382717 3081.176
0.0009896595 3066.247
0.001268615 3050.892
0.002198253 3174.197
0.004153761 3219.252
0.003177262 3123.209
0.001262035 3128.297
0.002675968 3204.82
0.0008976891 2949.562
0.001870835 3110.635
0.0001275376 3121.429
0.006271824 3065.687
0.003237068 2835.195
0.001200292 2760.246
0.0008628769 2827.021
0.0003940158 2862.459
0.002525677 2767.701
0.002146049 2698.333
0.0007135414 2702.002
0.004171676 2766.179
0.002596381 2656.386
0.001300685 2625.829
0.0004025678 2402.319
0.005737159 2456.762
0.0006913669 2557.079
0.007852506 2524.683
0.001591937 2502.943
0.001463167 2460.503
0.001419787 2313.813
0.003717705 2236.937
8.18582e-05 2128.552
0.001424165 2032.428
0.0003422602 1912.17
0.007054206 1954.547
0.005453395 1947.279
0.002508003 2029.605
0.005604338 2072.221
0.006291604 1955.759
0.001299658 1852.862
0.005502511 1838.173
0.001216759 1907.187
0.001723711 1896.217
0.005584593 1807.529
0.004210518 1683.162
0.000319523 1629.542
0.001869647 1642.292
0.003148531 1572.966
0.004263229 1597.293
0.005148742 1587.223
0.003731723 1664.907
0.001701341 1663.594
0.0003438614 1578.735
0.002025798 1510.954
0.003532852 1421.913
0.004428623 1497.437
0.001938221 1499.945
0.0003146984 1404.442
0.001366097 1332.092
0.0002423175 1323.551
0.001026838 1349.07
0.001207362 1273.586
0.001185135 1231.169
0.0007729335 1319.67
0.004607372 1259.687
0.001078311 1210.527
0.003313607 1202.615
0.007934459 1268.625
0.003967335 1272.516
0.007127458 1393.04
0.006183822 1440.358
0.004857574 1583.112
0.001623004 1622.997
0.00113109 1620.668
0.00103208 1600.49
0.008670118 1537.481
0.004306991 1443.647
0.005252027 1489.346
0.005391814 1466.606
0.0002593558 1460.782
0.003128491 1416.503
0.00211806 1383.316
0.0007456277 1361.314
0.0009568503 1312.5
0.004299521 1235.307
0.001588206 1258.92
0.001680688 1146.686
0.003495516 1124.669
0.001713083 1179.69
0.007500268 1151.959
0.01032665 1212.212
0.0001242552 1225.521
0.001149306 1188.32
0.001528244 1242.095
0.000455412 1297.277
0.002636216 1345.463
0.005514099 1386.239
0.01259492 1415.402
0.001310669 1470.843
0.002029841 1395.648
0.006797194 1406.027
0.007904904 1323.462
0.002519507 1362.107
0.00662034 1360.497
0.004640316 1307.439
0.0002068673 1279.776
0.002783092 1308.401
0.002509804 1438.894
0.004344319 1406.73
0.002963588 1491.235
0.001724664 1405.106
0.002939319 1525.842
0.002648146 1608.779
0.002566734 1775.687
0.001800262 1708.782
0.004150695 1753.48
0.00231605 1744.589
0.004490562 1662.134
0.0008497173 1646.263
0.001401615 1705.913
1.892342e-05 1631.915
0.001480639 1620.931
0.0002968826 1575.503
0.001280306 1615.576
0.002191517 1452.851
0.002506697 1354.033
0.0003721116 1278.55
0.003349201 1273.836
0.001910825 1375.643
0.001498857 1488.42
0.001699833 1536.575
0.003570548 1516.578
0.0004411588 1499.946
0.001404236 1560.98
0.00173163 1518.898
0.001308852 1481.294
0.0008293013 1431.713
0.001311937 1448.509
0.001324084 1436.689
0.003771226 1403.527
0.003760807 1425.814
0.001930523 1405.989
0.001761753 1440.683
0.003644239 1393.021
0.004091483 1314.636
0.004575396 1351.63
0.00236231 1347.533
0.001706217 1382.043
0.001116154 1398.598
0.001459989 1468.107
0.001086614 1496.531
0.004316391 1475.095
0.006161756 1514.747
0.00448182 1466.008
0.005112716 1502.957
0.001902019 1416.911
0.004751159 1351.197
0.0007895399 1417.186
0.001524374 1470.999
0.00068044 1430.281
0.003622912 1368.376
0.005095021 1348.534
0.009287409 1267.414
0.00029861 1264.717
0.000686941 1168.35
0.001203897 1198.122
0.001859537 1206.807
0.002982924 1155.117
0.005226662 1145.057
0.006377964 1140.526
0.0008311641 1101.771
0.0002169889 1109.519
0.005238554 1139.984
0.0007618839 1109.168
0.001974515 1031.556
0.001247476 1097.136
0.001486671 1076.461
0.002369362 1018.76
0.0009390029 1009.42
0.004518798 990.9611
0.009709604 1002.936
0.008755727 1034.19
0.01066239 1038.114
0.01953414 1041.688
0.005182885 995.1117
0.003273698 999.8779
0.0008148445 1002.18
0.0003330115 1020.73
0.003867826 1030.595
0.006639236 987.7053
0.008076739 877.9154
0.005430089 987.6943
0.006215625 1017.824
0.0004857626 1026.227
0.0007936867 1013.322
0.001772423 950.6025
0.0006590659 893.9406
0.001196474 901.2028
0.003607851 939.5173
0.004047575 930.9972
0.005375131 874.0557
0.005695413 916.8314
0.0005544309 900.7745
0.002269962 878.8054
0.003784078 846.0817
0.008259373 850.5406
0.0009744063 828.8177
0.006682443 824.6057
0.008003808 754.9391
0.004271306 711.0216
0.002845473 710.7466
0.01513479 688.5384
0.004041783 635.871
0.002772902 620.5109
0.006291649 613.4102
0.002075208 581.8538
0.001735839 575.7462
0.01264041 583.1613
0.0134797 567.3157
0.01467332 529.0676
0.003556828 563.9346
0.003326321 562.893
0.002789762 575.1219
0.005711914 570.1598
0.003561512 598.5086
0.001669197 604.1189
0.008749216 641.1473
0.00614907 644.7043
0.01174854 597.9271
0.008947249 569.3274
0.009526252 556.619
0.004721068 545.0448
0.001628113 543.9568
0.001095127 553.365
0.006431361 550.2698
0.00917623 568.5748
0.005161532 565.9486
0.001453941 546.6923
0.008485336 526.7962
0.00828695 553.8188
0.002137739 498.6824
0.001297593 479.9277
0.005008916 505.3214
0.002737066 500.0522
0.0007086331 539.3253
0.007455684 587.4025
0.0006806018 589.3793
0.004741808 581.5245
0.01394267 630.967
0.003067365 663.987
0.0007450735 628.0868
0.00118319 566.8584
0.002585969 549.0142
0.003534938 605.8431
0.00386264 597.2919
0.001412496 582.3178
0.001847328 551.8763
0.001060444 551.5369
0.001784598 570.804
0.0008025001 557.7031
0.003744338 554.5247
0.004990485 520.0319
0.0004565 524.2643
0.003866047 485.2259
0.003770333 475.7402
0.00644464 488.031
0.006963917 489.8083
0.006709999 458.1821
0.008084221 433.8011
0.006291745 409.6967
0.002119286 395.7661
0.0005065939 373.8685
0.01240879 352.976
0.007476972 328.6285
0.0003522973 337.536
0.0004086279 350.8881
0.003964673 328.8444
0.008189465 324.1358
0.00391443 312.3732
0.0009239927 351.5323
0.01010923 360.7147
0.001603449 348.0962
0.003151463 311.7528
0.0047916 305.9712
0.004682829 338.4138
0.003163405 343.7507
0.006585469 326.9234
0.001769752 307.9543
0.008077596 310.0112
0.01634425 302.0776
0.009475318 297.3538
0.0201189 297.5024
0.02687318 292.3254
0.02766025 286.5817
0.02642896 317.9604
0.01307436 304.3369
0.0149854 279.462
0.02807341 273.5067
0.01667367 259.5867
0.02693502 246.5347
0.01722002 251.2401
0.03475882 270.2131
0.03100907 259.1114
0.04497192 257.3114
0.03156018 236.8327
0.02534197 229.7534
0.009921427 253.3788
0.006932305 260.4261
0.002958995 253.1745
0.006961794 252.7659
0.00482295 254.6301
0.009072212 258.6669
0.005036386 265.3458
0.00712531 260.0779
0.01722709 266.7662
0.006999037 272.5941
0.002406364 284.2627
0.005153875 298.5208
0.001473203 294.0407
0.002692266 271.8522
0.01470051 278.7791
0.02685228 282.8306
0.009466372 291.1954
0.003405868 280.881
0.009191258 260.1102
0.003518465 244.7393
0.001436737 238.8836
0.002906714 234.8598
0.001311563 229.1651
0.01145141 223.6852
0.006161893 219.4624
0.0007440494 225.3418
0.002899479 231.5056
0.003503875 233.2365
0.008582055 228.8711
0.01354049 218.941
0.008837401 213.4991
0.01720412 218.9366
0.02167536 210.8659
0.02012376 205.9046
0.011309 198.5702
0.009143615 191.8911
0.007159827 197.1219
0.002649985 195.4247
0.002083714 187.9696
0.005742711 192.2085
0.008346476 192.4044
0.008151859 193.9293
0.01774876 192.3636
0.01552251 194.7211
0.02215679 183.8344
0.03810949 175.7127
0.01942093 182.8237
0.0240858 164.2004
0.01001904 159.503
0.02053205 165.7635
0.01079123 159.5848
0.01896608 162.4066
0.0168128 159.7927
0.01396357 156.5531
0.01508311 155.6842
0.01525911 146.2585
0.01070003 143.2193
0.005723196 143.1579
0.01850572 140.4864
0.04100435 134.5085
0.03757559 130.4559
0.0490466 123.9223
0.02669331 130.8344
0.01217515 129.856
0.01738048 126.6826
0.02556313 121.7426
0.01263654 108.9871
0.02379877 112.6793
0.01885653 109.1729
0.0179967 101.3398
0.01716533 103.5137
0.02635332 110.9679
0.02500618 107.9595
0.02297699 107.4214
0.02390571 113.0715
0.025282 110.8185
0.02102284 111.6694
0.01136102 104.1065
0.0133909 106.649
0.01266654 111.5194
0.008182927 115.1281
0.002779468 120.0009
0.01948588 121.4813
0.01285307 127.4604
0.009495639 130.9171
0.01382238 132.0287
0.0120515 134.9882
0.01844771 132.5922
0.00600826 136.7771
0.0003404635 138.1157
0.007105817 133.7371
0.01141098 148.842
0.012321 149.1983
0.005752829 139.4996
0.01862146 135.5861
0.01178154 140.9045
0.01057055 144.6539
0.02055359 137.6676
0.02016925 136.1002
0.02210105 132.8659
0.04080879 138.4684
0.02269164 145.2746
0.03292261 144.5781
0.03465185 141.4479
0.04391741 137.8075
0.04967706 142.5624
0.03338079 148.5051
0.03772155 135.7532
0.02598536 134.6043
0.01334119 138.3502
0.0188481 137.4374
0.003222817 133.3224
0.02361725 121.1231
0.03326667 120.357
0.02965762 116.8291
0.03910831 124.3106
0.02129429 120.6875
0.01409571 117.0069
0.03097923 116.109
0.02296323 112.8243
0.03099239 117.3872
0.01235925 114.6707
0.01125168 112.8398
0.00604398 116.058
0.02117636 108.8151
0.02283066 113.3748
0.02615536 117.3289
0.009591222 113.549
0.003219253 110.87
0.01217195 116.5483
0.01648204 109.3886
0.03315297 113.6101
0.02261925 115.843
0.01515394 111.6901
0.0009030295 115.9268
0.007684269 109.3675
0.006573089 114.8936
0.008432955 109.8754
0.001712944 119.1774
