probIn scale
0.04875376 6228.055
0.04420542 5910.614
0.03168517 5726.329
0.03202194 5421.2
0.03455392 5584.881
0.05846981 5307.079
0.0660047 5827.04
0.03162741 5627.967
0.02445203 5269.58
0.0179192 5079.82
0.02267047 5155.151
0.01800234 5170.431
0.02226618 5188.844
0.009049196 6046.433
0.01741114 6002.456
0.0335341 5944.249
0.04178566 5572.597
0.04356128 5075.977
0.05150128 5242.17
0.04177194 5433.723
0.04511484 5625.549
0.06329462 5586.45
0.09756224 5760.84
0.07296483 6023.157
0.06283007 5785.859
0.0454997 5979.764
0.03561171 6106.301
0.03471469 5992.76
0.02889333 6401.343
0.02668198 6732.479
0.05700342 6975.19
0.03561317 6945.719
0.02680733 6944.803
0.04760824 6948.686
0.06212571 6818.328
0.08194934 6847.324
0.05467839 6542.88
0.04835417 6099.987
0.04360984 5929.262
0.04353329 5947.664
0.02874955 6192.63
0.04237419 6083.242
0.04815117 6377.972
0.02641914 6309.427
0.02766214 6146.601
0.03176504 6437.743
0.04833547 6194.949
0.04422876 6320.009
0.03420662 6143.675
0.01759155 5874.689
0.01941333 6028.291
0.02997409 5910.522
0.02807057 6012.468
0.02355206 5855.898
0.02834439 5863.406
0.0332064 6189.492
0.03109599 6320.375
0.02995084 6344.607
0.03842685 6057.814
0.02815284 5563.69
0.009642947 5767.564
0.01103377 6386.086
0.02223345 6449.078
0.01710694 6556.871
0.01687522 6489.813
0.02030904 6566.524
0.01071802 6800.899
0.01437592 6657.148
0.01184715 6693.056
0.02174367 6442.377
0.03647757 6367.333
0.04334932 6128.676
0.03841 6206.013
0.03980569 6157.661
0.02093796 5618.238
0.03443249 5566.514
0.03166189 5466.013
0.02573007 4953.022
0.03723702 5287.792
0.03181773 5567.989
0.01868391 5787.229
0.02202214 5958.779
0.01750954 6175.179
0.01394478 6103.107
0.03497575 5947.729
0.04251171 5787.971
0.04938559 5567.13
0.0451481 5836.495
0.03807682 5941.212
0.05621778 6050.767
0.07344207 6181.948
0.0679437 6097.412
0.08426429 6552.916
0.06408799 6309.871
0.04953198 6437.253
0.05255426 6633.2
0.03729764 6882.667
0.04540351 7387.861
0.04967244 7478.321
0.02875785 7363.366
0.04098323 7769.042
0.02300738 7735.711
0.01471709 7628.185
0.006708515 8156.024
0.005231599 7507.606
0.01006992 7258.883
0.008414921 6875.716
0.01265243 6774.067
0.01996274 6681.692
0.03250314 6647.071
0.01808208 6745.841
0.03140971 6414.599
0.0462919 6377.431
0.04250963 6361.407
0.04201321 6549.514
0.04995034 6508.828
0.05797855 6393.592
0.04990972 6111.375
0.05362007 5671.97
0.05324136 6082.316
0.06276284 5845.502
0.06353467 5700.964
0.0395982 5512.833
0.02711583 5462.866
0.02569294 5249.522
0.01650992 5197.243
0.00881529 4970.887
0.01388806 5711.026
0.01416892 5615.405
0.02212841 5414.725
0.02489132 5542.347
0.01563543 5895.939
0.0109927 6345.261
0.002687005 6631.553
0.01215906 6951.659
0.01936714 7748.249
0.01233076 7314.724
0.01382686 7755.419
0.01725246 7552.06
0.02225859 7542.016
0.03878265 7653.099
0.04868799 7319.078
0.05516283 7547.206
0.04883823 7384.428
0.04952567 7583.186
0.04987207 7454.421
0.02830858 7650.766
0.01955016 7812.573
0.05182234 7971.265
0.0544648 9053.582
0.06231249 7743.375
0.03331837 7253.8
0.01847863 7298.894
0.009220878 7078.841
0.01379752 7300.692
0.0185813 7459.521
0.01278564 7203.712
0.0169296 7195.862
0.003338001 6537.949
0.008328891 6093.006
0.02156164 6385.37
0.02127161 5820.753
0.03792302 5954.924
0.04690586 6008.273
0.03572315 5819.712
0.04915585 5830.65
0.04727557 5806.521
0.04509307 5867.513
0.02627621 6160.559
0.02043865 6190.278
0.01846119 6174.141
0.02612516 5978.876
0.02703504 5888.037
0.01401578 6239.778
0.00638826 6431.503
0.008483851 6447.009
0.01075379 6451.763
0.008997069 6592.902
0.007804486 5965.961
0.01541506 5794.068
0.02212513 6148.302
0.01902177 6552.688
0.03875735 6600.516
0.02736085 6864.458
0.02940341 6702.865
0.04481574 6326.705
0.03208016 5740.74
0.05261107 5931.512
0.04521683 6079.147
0.03983991 6264.094
0.05216234 6001.238
0.06409703 5792.172
0.06168277 5806.429
0.07670694 5440.691
0.1075842 5324.343
0.08497974 5840.132
0.0957826 5695.085
0.0602319 6298.311
0.05112717 6071.894
0.03207543 6095.026
0.05371684 6036.657
0.04707145 5634.048
0.05447116 5789.872
0.03034627 5815.325
0.01374536 5735.477
0.02051267 6039.918
0.03207484 5564.189
0.03537466 5538.102
0.02717201 5665.257
0.02344721 5832.403
0.03498497 5596.32
0.03044796 5571.811
0.02195708 5112.693
0.01021268 5362.466
0.01353806 5696.11
0.01449019 5781.083
0.01444353 5564.556
0.009023786 5452.566
0.01196023 5684.946
0.01072316 5996.919
0.008511885 5895.652
0.02188271 5955.783
0.03429645 5331.574
0.02590486 5112.543
0.02661401 5073.407
0.03011302 5161.818
0.02233494 4801.689
0.02227817 4354.004
0.02435915 4865.592
0.02118824 4734.31
0.03959074 4757.756
0.03858946 4809.57
0.04367349 4778.421
0.04782181 4840.385
0.0349651 4814.467
0.02250191 4673.948
0.01683163 4329.642
0.01742988 4757.324
0.04001391 4848.905
0.04553854 4604.376
0.05490074 4804.805
0.06420809 4802.626
0.03796887 4706.893
0.02871829 5002.734
0.01636 4653.458
0.02790823 4511.854
0.04007345 4539.262
0.03162058 4430.423
0.05874143 4521.55
0.05444014 4311.23
0.05581763 4251.018
0.06801294 4421.51
0.07552049 4170.362
0.06370112 4179.78
0.05584875 4146.843
0.03526451 4301.591
0.04717978 4211.118
0.05905032 4518.025
0.07693114 4580.328
0.08304557 4326.4
0.09919576 4550.216
0.09685722 4449.958
0.1039577 4213.244
0.0629048 4039.977
0.0544198 3891.697
0.04895871 3962.677
0.02996039 3953.382
0.0316571 3865.412
0.03165137 3914.423
0.04332546 3810.107
0.03230387 4014.016
0.04657015 4236.133
0.04488267 4528.37
0.04309709 4426.918
0.03906528 4262.329
0.02546252 3970.171
0.03633793 3875.213
0.06336812 4033.033
0.05441355 3898.693
0.08275205 4081.006
0.09233757 4320.536
0.1084118 4422.261
0.09535853 4431.731
0.1069831 4230.568
0.08381179 4178.441
0.08915132 3986.665
0.08724123 4368.828
0.06804686 4125.689
0.05526015 4326.12
0.0280906 4278.2
0.02261722 4245.568
0.01380431 4183.144
0.02503547 4451.907
0.06241832 4316.7
0.06013825 4578.03
0.05568542 4320.479
0.04290697 4579.442
0.05709247 4902.579
0.02677135 4455.943
0.0255969 4012.292
0.01660574 3862.747
0.004218352 3376.74
0.004361192 3193.801
0.01396526 2928.2
0.01853577 3016.949
0.01393113 2997.657
0.01121645 3350.43
0.03696143 3326.311
0.04242859 3208.952
0.03327313 3404.758
0.02200861 3151.687
0.03108581 3207.655
0.0371383 3408.206
0.01910509 3169.875
0.01615903 2844.307
0.01489981 2732.114
0.02947711 2847.777
0.06717129 2828.414
0.06394351 2913.695
0.069473 2858.243
0.1124479 2873.524
0.1165673 3018.713
0.1159472 2850.251
0.1341774 3041.73
0.1615034 3048.894
0.1358013 2902.848
0.1230724 3070.979
0.06587818 3045.735
0.03875398 2882.81
0.03207546 2973.022
0.03635537 2811.96
0.0422732 3119.023
0.0545077 3268.298
0.06009064 3171.016
0.07066565 3023.459
0.08868535 2942.21
0.0662454 2775.373
0.07373259 2882.055
0.03247767 2756.438
0.04147828 3005.972
0.04138062 2962.503
0.08735794 2871.203
0.1068449 2896.613
0.1097669 2999.086
0.1729597 3149.953
0.1387925 3025.506
0.07466016 3107.542
0.1005051 3164.261
0.110317 3067.424
0.08921743 3002.904
0.1019656 2779.227
0.09474423 2935.615
0.06709964 2889.065
0.06408724 2846.839
0.0784194 2716.266
0.08429071 2557.962
0.0907486 2421.33
0.1195194 2535.55
0.08184849 2600.176
0.09101306 2666.935
0.09395042 2615.033
0.09807385 2669.267
0.06852549 2545.462
0.07242988 2485.789
0.04517453 2464.201
0.05138084 2370.535
0.05233976 2292.738
0.07606356 2365.94
0.07293642 2389.731
0.1019637 2541.901
0.1087661 2312.514
0.1123504 2377.522
0.1224807 2280.933
0.1289633 2193.112
0.1233964 2279.529
0.1047023 2126.778
0.09551979 2052.748
0.09244643 1962.366
0.102487 2073.67
0.08970721 2059.795
0.05285712 2055.909
0.02328229 1976.711
0.03229026 1860.516
0.01398265 2022.234
0.02190809 2100.12
0.01676729 2084.206
0.03505496 1889.683
0.02028389 1984.603
0.03595982 2064.81
0.05056097 2016.164
0.07303723 1918.138
0.05036535 2028.563
0.02422081 2156.124
0.01771015 2068.818
0.006628583 2027.633
0.03402223 2024.502
0.06145948 1990.557
0.04873188 2085.397
0.0595885 1998.274
0.06207103 1999.767
0.0476462 2033.867
0.03954143 2085.208
0.03357276 2126.002
0.01973484 1968.373
0.05095862 1859.637
0.04947533 1899.353
0.07031067 1911.472
0.07565316 1960.58
0.08104478 2098.483
0.07132083 2189.957
0.04776067 2299.316
0.04904739 2398.664
0.06680264 2548.953
0.07003873 2610.928
0.07551811 2478.16
0.09611729 2347.922
0.09809712 2404.771
0.05549433 2294.263
0.05859827 2191.176
0.03450772 2158.326
0.003107116 2195.03
0.009737 2239.701
0.01572824 2181.018
0.0126996 2108.147
0.01208001 2150.263
0.02215256 2354.439
0.03485083 2311.338
0.04531555 2300.589
0.07446105 2340.612
0.04407332 2321.285
0.018867 2300.399
0.02267939 2229.022
0.02032484 2259.728
0.02969723 2269.028
0.04497586 2552.84
0.04649752 2564.861
0.05351705 2691.153
0.0502981 2521.831
0.0319275 2555.667
0.03822596 2359.379
0.03804172 2519.207
0.05717454 2602.903
0.06632257 2465.772
0.09130766 2488.381
0.08425193 2403.296
0.05653368 2305.581
0.0507188 2453.825
0.04104269 2437.509
0.04081551 2554.881
0.04228272 2587.764
0.0348342 2792.827
0.03316494 2579.825
0.04305448 2557.473
0.05360968 2417.709
0.06246786 2453.744
0.06318859 2450.327
0.07174956 2474.608
0.07362792 2454.162
0.0640712 2227.274
0.03814305 2326.973
0.02972814 2415.178
0.02174419 2281.746
0.02493033 2213.846
0.03416748 2467.071
0.04551192 2567.2
0.04210706 2600.908
0.06116759 2680.177
0.06566223 2683.837
0.05347606 2437.483
0.04751789 2397.778
0.03052765 2409.835
0.05306105 2289.842
0.05170936 2440.769
0.07629323 2378.02
0.07594697 2248.289
0.07706823 2328.643
0.1137853 2420.016
0.1142537 2459.571
0.127014 2359.843
0.1526484 2423.845
0.1078456 2623.227
0.114306 2836.393
0.111291 2735.932
0.1421079 2971.118
0.1056141 2768.306
0.1238653 2819.86
0.1075787 2599.301
0.1171833 2673.447
0.1195893 2639.877
0.1271258 2682.042
0.1332901 2628.52
0.1317816 2576.671
0.1398688 2585.338
0.1234954 2852.101
0.1258855 3209.549
0.1392301 3183.392
0.1480406 3178.12
0.1666764 3128.625
0.144025 2953.633
0.1347127 2880.296
0.1107476 2867.394
0.05717044 2942.247
0.06059549 2859.303
0.05856851 2959.716
0.06022361 3060.796
0.0737514 3249.185
0.06775378 3255.593
0.0679893 3133.367
0.06729814 3250.978
0.06284363 3044.098
0.02830302 3065.311
0.0395978 2872.232
0.04997857 2808.06
0.02837786 2506.522
0.05138167 2582.609
0.07158168 2484.226
0.05527931 2598.775
0.06569085 2642.194
0.05547869 2575.629
0.06165248 2441.189
0.03418321 2505.209
0.02098208 2433.015
0.04573701 2472.909
0.0564721 2516.312
0.04209668 2528.673
0.03477419 2459.838
0.07059921 2509.407
0.06688403 2591.688
0.06563072 2746.828
0.07135952 2740.709
0.04474004 2606.971
0.02095987 2439.722
0.01782857 2413.908
0.02071267 2397.801
0.04809685 2596.286
0.07098544 2327.625
0.04570861 2384.059
0.05459376 2298.144
0.05183968 2320.824
0.03280318 2286.23
0.02095721 2364.693
0.02370856 2375.859
0.0162984 2210.624
0.01414001 2214.176
0.002987936 2176.791
0.002796294 2201.433
0.01573855 2355.897
0.008371785 2243.193
0.008607951 2156.947
0.004123838 2132.264
0.003731015 2241.883
0.00490976 2087.445
0.0008362752 2338.703
0.005992951 2539.724
0.006900948 2572.208
0.01394743 2406.298
0.007238121 2412.277
0.01459539 2552.905
0.02887323 2633.015
0.04380661 2630.576
0.03023828 2788.314
0.03297945 2820.487
0.04451839 3073.303
0.04022565 3177.556
0.03653634 3058.639
0.05121393 3138.436
0.02112489 3112.934
0.04055907 3157.769
0.05711404 3009.821
0.05960049 2953.194
0.02916816 3480.974
0.04122133 3265.727
0.05334838 3233.268
0.08077338 3230.992
0.06464351 3024.032
0.06286459 3205.414
0.04700725 3560.816
0.03665621 3730.461
0.02664495 3838.109
0.03879244 4422.819
0.01564587 4255.862
0.03506968 4064.232
0.02994701 3914.132
0.03326999 4046.997
0.0360455 3721.454
0.055847 3738.511
0.05163195 3515.81
0.06984548 3294.115
0.0539821 3401.68
0.05799501 3409.888
0.053145 3399.961
0.0434149 3366.583
0.0589484 3448.457
0.05396524 3542.08
0.05173617 3753.021
0.02754701 3860.574
0.03181533 3927.53
0.03749805 3757.81
0.05803067 3676.027
0.03281829 3631.091
0.05200432 3536.26
0.05011618 3641.408
0.04683216 3473.068
0.07945482 3968.05
0.07379368 3695.247
0.05279758 4090.315
0.0552553 3963.624
0.03415375 3975.33
0.04063871 4217.301
0.03885587 4448.031
0.04955609 4446.757
0.04504984 4253.983
0.06888066 3905.375
0.0579044 3645.583
0.06456356 3310.258
0.05065667 3703.358
0.07874545 3585.367
0.08416592 3621.503
0.08044593 3478.861
0.04935208 3919.555
0.05627027 3728.459
0.09684303 3566.102
0.08589743 3522.337
0.06139551 3775.4
0.04890905 4026.972
0.06331796 3960.534
0.0462528 3781.157
0.03002273 4061.156
0.01903986 3999.767
0.01268603 3762.143
0.008950493 3671.618
0.02488053 3510.902
0.01565955 3379.906
0.01636616 3375.164
0.02674147 3213.872
0.04772347 3339.089
0.03650629 3007.825
0.04298477 2820.847
0.0546081 2819.399
0.02630477 2679.299
0.01404583 2741.154
0.023987 2672.851
0.03140227 2671.623
0.01488585 2598.549
0.0185369 2789.912
0.003289315 2718.849
0.004522482 2587.636
0.003968507 2552.569
0.02195534 2487.153
0.00700924 2386.212
0.00990909 2262.42
0.02603867 2156.945
0.03591098 2390.351
0.04497036 2668.681
0.06734867 2667.926
0.08562658 2870.577
0.06665435 2621.702
0.05124625 2624.425
0.0713419 2714.813
0.04420065 2999.079
0.03643242 3074.789
0.051173 3248.314
0.05052259 3360.562
0.06546758 3066.958
0.07530199 2941.382
0.08669064 2876.994
0.06134028 3077.593
0.09437422 3206.028
0.09481058 3346.355
0.08535689 3312.126
0.08204502 3672.784
0.08866972 3655.769
0.0482958 3771.74
0.03784939 3875.309
0.04138587 3746.601
0.04414879 3654.892
0.03971508 3600.831
0.06399786 3574.258
0.05894845 3661.863
0.06009779 3719.832
0.05604647 3620.804
0.0597874 3821.871
0.03830714 4197.65
0.04222616 3867.315
0.05624738 3778.699
0.02671213 3665.768
0.02768608 3633.163
0.03978412 3767.963
0.05402748 3655.704
0.04151458 3538.308
0.032673 3348.839
0.04378426 3270.787
0.02581833 3078.73
0.01731988 2844.348
0.02909668 2776.411
0.05739579 2631.865
0.06681669 2549.386
0.04842082 2582.14
0.06798142 2603.466
0.08107836 2663.248
0.07586017 2782.722
0.09142785 2958.401
0.07606672 2883.997
0.05800519 2835.822
0.05286975 2826.581
0.03664403 2656.586
0.04428452 2669.173
0.03404606 2623.631
0.06864903 2615.678
0.05936326 2450.743
0.03764624 2659.89
0.04107329 2494.736
0.02107089 2608.28
0.01175446 2637.256
0.03610693 2774.991
0.03667585 2766.354
0.03131781 2531.394
0.02463217 2668.319
0.03814552 2697.752
0.03742481 2508.684
0.02245089 2475.554
0.01651305 2565.183
0.01548287 2544.902
0.008898544 2534.492
0.00717945 2635.507
0.01398748 2683.008
0.01596223 2523.208
0.009428063 2572.413
0.02116434 2481.775
0.03177065 2585.896
0.001282013 2638.15
0.005056138 2404.5
0.01154381 2495.732
0.01359127 2511.004
0.02184494 2646.13
0.02133823 2643.177
0.01797147 2670.361
0.01667335 2976.6
0.03638535 3266.003
0.02709833 3551.831
0.03709151 3727.175
0.04155452 3581.33
0.04107252 3346.737
0.02578875 3610.117
0.01087053 3667.001
0.02629027 3763.16
0.01309287 3869.359
0.01500008 3792.165
0.0169564 3575.767
0.02254167 3904.489
0.01341727 3968.286
0.02055669 4033.852
0.01119147 4000.278
0.01668315 4121.498
0.03074772 4090.05
0.02741654 4113.429
0.02726528 3976.108
0.04274624 4020.077
0.03178739 3900.92
0.04910384 3709.904
0.05990888 3381.585
0.06567449 3361.933
0.03494591 3188.257
0.03099439 3034.724
0.01332856 3117.295
0.01474174 3027.739
0.01749206 3173.58
0.01390707 3185.259
0.01592031 3220.591
0.03317167 3254.35
0.04135324 2984.125
0.033967 2801.349
0.03904509 2904.177
0.04130626 2835.573
0.05631006 2724.736
0.08773222 2702.31
0.1257487 2526.019
0.09970453 2570.892
0.09451909 2494.317
0.07879452 2445.725
0.08623716 2572.36
0.05645796 2588.388
0.06285813 2637.374
0.04904849 2707.658
0.04428407 2798.332
0.06346124 2847.127
0.06716509 2875.792
0.06832099 2996.298
0.04937105 3231.062
0.06274025 3236.834
0.0603112 2999.153
0.07171694 3094.553
0.06275148 3087.304
0.06645131 3142.125
0.07846766 3511.618
0.07636934 3264.718
0.1199229 3192.215
0.1065452 3082.51
0.08724622 3150.494
0.08993331 3596.665
0.07025661 3453.447
0.08450888 3227.772
0.06408152 3192.223
0.04703858 3036.435
0.04700639 3112.207
0.02816494 3279.451
0.009152109 3185.666
0.01266512 3128.475
0.003276004 2894.97
0.01255196 2851.946
0.02467562 2954.112
0.01512508 2937.93
0.01883014 2772.153
0.03785937 2833.086
0.03684174 2908.448
0.03431603 2957.084
0.02352249 2810.104
0.02273896 2792.291
0.02933713 3009.401
0.0361719 2929.03
0.0625999 3114.804
0.07401678 2957.106
0.07012369 2901.638
0.04071885 2737.148
0.02769539 2937.733
0.01383877 2947.771
0.03091726 3222.053
0.01670281 3126.985
0.02712891 3036.917
0.02397938 2840.205
0.01931072 3046.315
0.03846068 3097.698
0.06429338 3027.099
0.04549682 2824.739
0.02758559 2822.152
0.03652407 2810.392
0.03245798 2525.351
0.03256351 2364.762
0.03299954 2368.297
0.03551795 2349.035
0.02373187 2284.776
0.04411103 2309.987
0.03606868 2202.241
0.03186634 2107.29
0.02532923 2115.624
0.02380518 2132.685
0.04368778 2263.142
0.0473795 2127.489
0.03381737 2021.073
0.01236896 1944.501
0.01457065 1819.126
0.02020456 1906.443
0.01828987 1862.55
0.02091503 1806.347
0.007156486 1756.254
0.0104715 1716.04
0.007691325 1756.76
0.01413266 1755.994
0.007839507 1679.072
0.01836165 1606.223
0.01250468 1667.255
0.01115183 1613.252
0.03051629 1725.031
0.02820292 1662.05
0.03671438 1643.865
0.03631147 1567.968
0.07040969 1554.441
0.09428936 1580.097
0.07603208 1513.234
0.04835529 1372.421
0.04449224 1513.296
0.03961333 1446.794
0.03333561 1479.718
0.03038466 1528.68
0.03229775 1551.65
0.02563115 1584.254
0.0118404 1635.967
0.006815633 1633.822
0.008350818 1744.691
0.01789249 1806.532
0.006165812 1889.836
0.002787706 1865.918
0.007568388 1885.883
0.01885696 1882.113
0.03318485 1882.541
0.02511156 1859.303
0.02723616 1956.357
0.02872736 1958.4
0.02068971 1869.835
0.01508258 1840.118
0.01750052 1796.278
0.01284548 1815.217
0.01770279 2025.216
0.006121073 1922.129
0.01194993 1839.916
0.02087901 1864.677
0.02275065 1840.446
0.04532735 1841.884
0.04540601 2050.615
0.04778119 2064.21
0.04781044 1994.849
0.06513101 1937.736
0.04039364 1955.538
0.0435642 1995.129
0.02126269 2027.019
0.01284358 2075.03
0.01832426 2167.256
0.02927918 2190.149
0.01752068 2181.199
0.02408232 2136.898
0.02467896 1972.48
0.03332306 1948.473
0.04364847 1968.244
0.03857086 1863.437
0.02864116 1820.957
0.02229507 1903.68
0.01258081 1869.091
0.03668254 1803.958
0.03940563 1831.944
0.06439244 1734.731
0.03034134 1741.46
0.03798288 1676.67
0.03987951 1771.131
0.0272787 1718.879
0.02210741 1706.385
0.02329755 1765.427
0.03851206 1750.608
0.06044993 1601.537
0.08485911 1537.159
0.07885234 1569.576
0.06968691 1594.783
0.1030737 1645.219
0.1351882 1705.459
0.1917778 1762.678
0.1914746 1804.96
0.1613573 1781.244
0.1540661 1931.565
0.101994 1999.145
0.1241972 2097.282
0.09477537 2027.206
0.108896 1872.476
0.09890453 1814.006
0.08700012 1725.63
0.06643789 1639.198
0.07051451 1839.43
0.07133504 1858.941
0.08589014 1785.105
0.06924151 1732.037
0.06023483 1692.469
0.0787083 1591.063
0.06910171 1573.795
0.09254667 1560.125
0.1221096 1591.058
0.103203 1565.742
0.08549036 1564.64
0.06131632 1629.347
0.07427785 1592.875
0.08869129 1440.552
0.04738302 1365.282
0.06203616 1350.858
0.03921085 1403.505
0.04130044 1408.03
0.0384495 1467.57
0.03612678 1498.783
0.0378027 1432.234
0.046944 1505.611
0.05011194 1478.929
0.05790196 1529.415
0.03784755 1537.912
0.029465 1633.007
0.03573357 1676.053
0.0448577 1732.002
0.03391642 1771.74
0.02648614 1795.475
0.02006227 1703.436
0.03744231 1721.816
0.04531923 1617.115
0.04347434 1595.574
0.03479493 1686.034
0.04147111 1624.054
0.04243168 1509.607
0.04754121 1501.235
0.03067002 1603.131
0.02210263 1537.662
0.0203759 1528.405
0.02063579 1569.266
0.03009205 1575.792
0.03582286 1683.122
0.06396274 1695.665
0.05928869 1675.223
0.07343705 1593.228
0.05620389 1512.806
0.04962812 1488.996
0.05804912 1501.94
0.05381964 1532.92
0.03761838 1534.047
0.04981445 1668.865
0.02435572 1664.954
0.02569376 1832.652
0.02802748 1848.733
0.03138958 1901.747
0.07048964 1870.327
0.0686537 1784.787
0.09034196 1821.949
0.08190603 1877.779
0.06439688 1868.65
0.0699841 1834.825
0.06215822 1895.167
0.06669504 2068.359
0.1014708 1994.123
0.116293 2078.882
0.1423065 2159.504
0.1154631 2222.356
0.06740962 2156.624
0.04118812 2043.506
0.03958962 2105.336
0.07739041 2028.754
0.1182368 1833.904
0.1280253 1747.318
0.1141211 1817.745
0.1121154 1943.331
0.1477734 2055.438
0.114497 1937.34
0.09345238 2118.727
0.0694887 2041.774
0.06177836 2053.968
0.04907275 2048.475
0.04779235 1945.313
0.06398461 1943.462
0.05785353 2046.175
0.08765269 1882.392
0.08447268 1962.457
0.08620253 1879.344
0.08585233 1810.149
0.06434312 2036.699
0.06157667 2032.817
0.06237157 1889.142
0.09312955 1952.711
0.06711099 1941.121
0.04587834 2177.899
0.04111215 2275.152
0.04526608 2234.386
0.04334484 2390.097
0.03198023 2386.554
0.03800861 2402.187
0.02742898 2309.193
0.009625148 2217.251
0.01132584 2256.619
0.005602197 2278.462
0.005811646 2277.801
0.002415266 2328.604
0.002788099 2453.576
0.006132498 2424.511
0.006085753 2487.157
0.002053588 2404.88
0.009417363 2583.35
0.01555051 2550.81
0.002889685 2561.136
0.01322754 2625.206
0.02225683 2602.162
0.02787034 2641.419
0.05939849 2554.297
0.06919132 2464.2
0.08056083 2442.454
0.06081698 2564.114
0.05379319 2496.532
0.04098791 2706.341
0.05240003 2584.626
0.0681518 2672.83
0.05745228 2633.922
0.08531914 2586.529
0.09467606 2658.646
0.07983205 2585.423
0.06154644 2594.789
0.07241779 2577.183
0.0755674 2479.36
0.07035063 2237.294
0.03004138 2516.36
0.02931258 2533.238
0.03189229 2449.773
0.04254062 2532.588
0.06230331 2421.887
0.06863148 2459.273
0.04078982 2510.483
0.06409616 2439.344
0.06489694 2453.012
0.04219061 2603.928
0.03242206 2778.824
0.04278961 2641.748
0.05454354 2558.25
0.05420369 2846.085
0.05606178 2893.085
0.04796058 2796.663
0.05618787 2757.07
0.04274627 2733.077
0.0383074 2872.802
0.03811415 2785.962
0.04988919 2683.048
0.02974617 2769.867
0.03023954 2575.916
0.03404462 2446.912
0.04451426 2606.203
0.05404795 2799.772
0.100991 2756.827
0.09046032 2684.73
0.08064385 2732.804
0.05830184 2906.861
0.03642532 2896.905
0.0277669 2883.074
0.0328625 2883.841
0.07203918 2816.653
0.05169137 2904.526
0.04812055 2752.125
0.03189944 2914.889
0.04378405 2759.784
0.03336416 2483.225
0.01472864 2564.351
0.01080504 2608.761
0.01278475 2693.903
0.02265367 2547.592
0.03727399 2654.017
0.05350833 2495.861
0.08766563 2470.41
0.08454577 2419.265
0.05386023 2576.351
0.0885737 2666.15
0.09453965 2616.904
0.1004955 2646.558
0.09076358 2789.627
0.09637237 2716.074
0.09604685 2614.919
0.09298778 2462.68
0.06498593 2379.241
0.04810774 2558.18
0.06141892 2576.212
0.06072695 2545.534
0.02933275 2539.279
0.02961725 2593.58
0.03265729 2494.247
0.04313616 2390.487
0.04957986 2409.037
0.08221644 2462.013
0.0682094 2314.644
0.06941434 2551.74
0.09324569 2532.024
0.08853098 2518.748
0.1104528 2388.73
0.1832431 2414.729
0.1677007 2480.231
0.176573 2327.524
0.1670795 2406.478
0.1201899 2322.964
0.1245892 2257.088
0.1035758 2274.729
0.07341424 2313.225
0.07785073 2357.173
0.06565932 2303.747
0.06794834 2279.721
0.05860371 2407.63
0.0667053 2431.981
0.05878858 2525.128
0.06032771 2511.309
0.07736538 2409.855
0.05683395 2517.461
0.08844992 2340.432
0.07644895 2279.794
0.07402891 2339.948
0.07448912 2238.388
0.09113288 2044.412
0.1078058 2074.853
0.09531502 1949.554
0.09004759 1985.758
0.07412939 2042.43
0.06809562 2077.413
0.09185604 1953.245
0.1284305 1894.608
0.1078955 1980.005
0.1126269 2156.632
0.1120593 1960.717
0.09623799 1849.584
0.1453529 1777.224
0.1281049 1767.727
0.08802653 1879.874
0.0939461 1819.175
0.08142865 1725.149
0.05021681 1630.048
0.05956756 1662.536
0.04697453 1647.282
0.0480345 1735.479
0.05836533 1682.464
0.104323 1791.082
0.09571403 1800.311
0.0872671 1760.871
0.08458074 1854.452
0.06786175 1928.28
0.07316177 2015.845
0.07599259 2149.029
0.08432133 2062.997
0.07661645 2135.073
0.06463333 1976.807
0.09901419 2006.677
0.1282021 2021.816
0.1425375 2032.667
0.1413288 2084.731
0.1305564 2042.589
0.1252372 2113.447
0.1118564 2103.274
0.1292799 2059.067
0.06889763 2172.782
0.08043337 2067.27
0.06793743 2004.588
0.04583862 1964.947
0.06091855 1845.327
0.04020196 1877.911
0.06139161 1908.716
0.1174302 1771.345
0.07983156 1768.645
0.06352223 1481.28
0.05933281 1509.588
0.06158622 1499.755
0.06446276 1527.203
0.03332733 1460.797
0.03681695 1571.215
0.04786621 1658.253
0.05384011 1673.122
0.06330271 1661.113
0.05784993 1632.763
0.0670516 1641.918
0.08417951 1753.71
0.1405369 1822.401
0.1707628 2036.74
0.1669076 2083.275
0.1703614 2083.557
0.1646382 2208.967
0.1252542 2119.47
0.1182653 2177.933
0.1535485 2163.624
0.142147 2163.192
0.127419 2267.031
0.1338105 2405.61
0.1010483 2388.468
0.1077443 2467.705
0.1044943 2484.302
0.08172113 2587.59
0.05017378 2688.5
0.06575026 2491.999
0.0637201 2522.728
0.08680804 2598.353
0.05917585 2513.762
0.05806831 2515.082
0.07524912 2594.457
0.08218123 2542.486
0.0585341 2834.845
0.0415867 3035.065
0.03480641 3053.05
0.04311748 3016.592
0.04249635 3094.247
0.02716668 3162.108
0.03021796 3098.103
0.01422235 3042.15
0.0224355 2817.267
0.01568509 2742.175
0.02228301 2718.216
0.03262539 2544.039
0.03004547 2686.868
0.03640817 2500.675
0.0599653 2596.045
0.04086637 2538.773
0.02336423 2431.58
0.04758635 2488.744
0.06756066 2410.321
0.07910741 2190.484
0.05300818 2232.229
0.07384053 2232.569
0.07495476 2177.7
0.05485591 2155.427
0.06951951 2191.935
0.0733934 2214.381
0.05611659 2177.499
0.08195877 2014.278
0.06931556 2094.533
0.074499 2042.821
0.06023383 2188.91
0.04846022 2136.174
0.03404131 2242.359
0.03900175 2262.826
0.0212633 2209.565
0.03717374 2236.636
0.02731931 2289.724
0.02151268 2387.789
0.01860297 2404.567
0.0377873 2309.126
0.06992827 2304.505
0.1031967 2177.783
0.1184152 2281.758
0.1187836 2294.313
0.1269587 2480.903
0.1418772 2386.184
0.1217576 2519.5
0.09870626 2348.889
0.1250851 2270.804
0.1381645 2403.996
0.1153006 2494.506
0.1237025 2430
0.09379457 2403.907
0.1297665 2470.992
0.117926 2456.883
0.1121186 2621.34
0.1038891 2618.819
0.09894742 2417
0.1385824 2376.395
0.1180861 2269.627
0.08987358 2220.184
0.08649866 1969.663
0.07665853 2047.078
0.04510333 2271.594
0.05355876 2250.263
0.06774414 2097.833
0.05427811 2208.428
0.06465362 2119.173
0.07504774 2276.468
0.05608515 2373.124
0.06721257 2476.957
0.03428752 2627.083
0.01579972 2576.146
0.02891494 2619.453
0.02348384 2597.772
0.02377718 2596.548
0.0197529 2848.918
0.01513524 2589.923
0.009936534 2586.028
0.01099154 2573.134
0.0362856 2539.354
0.06032833 2514.163
0.05733658 2696.834
0.09987745 2662.473
0.1054308 2756.748
0.1038674 2912.117
0.1096228 2596.701
0.1444265 2582.635
0.1331212 2604.434
0.09598557 2701.276
0.09271518 2647.359
0.05649968 2541.69
0.08433006 2508.673
0.09123789 2505.716
0.07607674 2540.951
0.08628494 2680.017
0.06765614 2725.09
0.06290861 2584.826
0.04398752 2489.111
0.04035612 2564.275
0.0389012 2659.14
0.02774137 2769.487
0.04191315 2751.453
0.02086868 2598.693
0.01632852 2781.949
0.01421253 2910.34
0.01779574 3030.203
0.007657121 3046.462
0.009366341 2825.372
0.03060756 3020.343
0.02238688 3074.074
0.03040541 3102.288
0.04393995 3077.875
0.05084646 3081.719
0.04359191 3092.459
0.0544358 3289.28
0.04867083 3085.038
0.05716166 3231.728
0.0431833 3414.669
0.03088706 3462.473
0.04761204 3406.831
0.06771743 3428.685
0.05302601 3607.043
0.04594079 3521.271
0.04587646 3785.256
0.05239002 3913.647
0.03753493 4049.976
0.01860352 3700.22
0.03954667 3692.683
0.03884862 3490.439
0.0218459 3531.709
0.0233084 3574.701
0.01174324 3694.22
0.03617559 3515.134
0.05353543 3597.042
0.03874977 3357.75
0.03494028 3225.632
0.0394963 3342.402
0.04197874 3420.227
0.05062045 3766.22
0.05419726 3853.848
0.06422112 3804.06
0.07502338 3953.704
0.05214814 3831.531
0.05312023 3829.64
0.06510028 3846.047
0.07259329 3837.301
0.09045384 4124.607
0.07597598 4058.374
0.05901992 4401.947
0.07701931 4084.026
0.09313505 4053.19
0.0918718 4295.956
0.06395197 4399.188
0.03511469 4181.75
0.0369334 3933.349
0.05633307 3953.009
0.03616482 3681.652
0.03321961 3775.792
0.04651959 3746.589
0.05059092 3793.829
0.04300946 4005.81
0.0562542 3744.338
0.0427485 3842.151
0.0391466 3538.946
0.04786565 3609.033
0.04344007 3773.177
0.07454718 3818.865
0.06207211 3835.812
0.04717731 3652.104
0.04886856 3704.31
0.05172229 3612.028
0.04039018 3660.17
0.04499748 3457.603
0.03048391 3563.411
0.01406998 3723.956
0.01461205 3887.99
0.02239019 3767.069
0.03295373 3505.369
0.03679741 3452.435
0.02995582 3673.154
0.03242521 3577.669
0.04786155 3477.096
0.04787034 3249.295
0.06330476 3425.7
0.07126395 3234.626
0.04008715 3206.826
0.03483542 2852.959
0.02295481 2743.663
0.04786595 2797.364
0.04998737 2750.131
0.05364419 2677.84
0.04026758 2649.387
0.024276 2781.21
0.03310138 2816.411
0.0296253 2847.733
0.01859737 2837.869
0.0183027 3221.026
0.03150828 3240.257
0.07646768 3311.469
0.05918504 3523.299
0.0738723 3447.202
0.03666369 3210.876
0.03739606 3323.67
0.03365905 3228.906
0.02249649 3372.172
0.02927545 3856.109
0.04735111 3918.323
0.05611061 3832.82
0.03338581 4084.661
0.03717058 4020.602
0.01956402 4254.232
0.02327605 4144.493
0.03349117 3922.988
0.0241479 3915.748
0.03125404 3845.25
0.0332234 4097.837
0.04670709 3883.784
0.05320302 3856.303
0.0226539 3812.914
0.03119021 4005.594
0.01340917 4132.323
0.003589667 4225.815
0.005757177 4459.834
0.007837894 4230.655
0.01945911 3723.351
0.008539417 3713.868
0.007372864 3847.776
0.007773323 3907.64
0.003680123 4000.136
0.005618195 3769.338
0.002648308 3908.261
0.002418871 4172.457
0.009914499 4127.123
0.01676582 4067.828
0.01597073 4456.156
0.01068396 4463.597
0.003833688 4570.006
0.003888815 4455.441
0.006583617 4644.362
0.02905377 4522.216
0.04203405 4439.723
0.03844465 4375.096
0.03509664 4612.442
0.03284617 4867.009
0.01770941 4761.645
0.02861222 4857.555
0.024453 4748.549
0.02139815 5059.496
0.02963111 5038.824
0.02565615 5353.458
0.01734382 5290.724
0.01179419 5925.859
0.03481594 5432.326
0.03747202 5304.425
0.01954432 4999.845
0.009989647 5016.172
0.01699821 4719.478
0.02236575 5029.492
0.02341748 5500.784
0.01292044 5515.966
0.01286822 5306.911
0.02581303 5350.175
0.05524505 5672.443
0.02869388 5758.15
0.01832026 5813.601
0.01861705 5790.917
0.02569761 5780.909
0.05015002 5237.435
0.05259154 5601.354
0.07294271 6123.804
0.08411532 6499.778
0.09854784 6087.723
0.08961236 6288.895
0.08208152 6421.711
0.0672121 6829.562
0.06340721 7325.903
0.07590172 6814.821
0.06658605 6536.214
0.04863122 6749.075
0.05134994 6684.763
0.05238958 6714.572
0.07714279 6766.704
0.05690454 7086.542
0.0507592 6914.615
0.03146123 7008.194
0.04770024 7009.396
0.04416807 7145.926
0.02544171 6854.902
0.02335728 6668.063
0.01305833 6538.704
0.02096024 6356.031
0.01071879 6102.612
0.01083797 6337.721
0.00426842 6075.676
0.0120678 5864.775
0.02214414 5483.324
0.02002938 5976.395
0.02524673 5793.215
0.0352036 6682.782
0.01528652 6531.612
0.02005481 7119.229
0.02066106 7324.502
0.01151245 7722.323
0.009944122 8026.042
0.009264569 7969.093
0.008112305 8438.046
0.01529855 8436.472
0.00852818 8549.478
0.02565203 8054.427
0.03460022 7903.994
0.02136183 8183.154
0.01504319 8553.379
0.03037489 9430.403
0.01582388 9439.131
0.01141809 9410.713
0.01896853 9467.087
0.01157571 8944.745
0.01992008 8056.686
0.0086869 7444.094
0.007438934 7495.29
0.03588755 8046.186
0.02854972 7663.17
0.02802803 7663.691
0.05452653 7950.701
0.05685084 8084.184
0.04765569 8805.932
0.02378804 9040.991
0.04699469 9041.831
0.03205469 8767.035
0.0356907 8340.109
0.04235244 7805.186
0.05049448 7856.667
0.06105519 7760.978
0.03903313 8103.479
0.040867 7678.641
0.03788799 7388.589
0.03014037 7565.754
0.04248036 7681.578
0.05583682 7674.843
0.04817334 8087.149
0.05284741 8126.149
0.02775154 8710.03
0.0091489 9094.519
0.01718929 9538.071
0.01431667 9751
0.00634711 9654.405
0.002369146 10024.44
0.005430304 9694.573
0.0003559808 9314.7
0.001402611 8830.536
0.0104409 9222.336
0.01947245 8827.182
0.01641694 9588.331
0.01588376 10605.58
0.02248706 11365.78
0.03182416 10897.78
0.04581453 9961.24
0.04741863 9579.926
0.07652576 9669.319
0.06621077 9931.404
0.05144725 8935.382
0.02453204 9753.352
0.0146867 9376.951
0.01303713 9744.635
0.02119779 9567.081
0.0164774 9928.852
0.01975627 9588.304
0.02221593 9400.477
0.02499963 8966.24
0.01954549 9205.947
0.02714618 9069.015
0.04743374 8682.067
0.03582512 8337.008
0.02177801 8285.59
0.02878294 7877.26
0.03100919 7753.8
0.04707215 7574.328
0.03433713 8195.172
0.0328947 7355.69
0.03339401 7816.299
0.02153976 7766.317
0.02934782 8276.951
0.0310041 8479.35
0.03715886 8445.036
0.02181528 7901.284
0.01740812 8071.013
0.02700831 8131.13
0.03449499 7874.422
0.01942005 8126.345
0.02649209 7740.152
0.03350937 7320.666
0.02800161 7603.539
0.02768733 7584.277
0.02889952 8232.551
0.02195674 8567.581
0.01758868 9047.121
0.01626046 9027.111
0.01397974 9453.341
0.02495543 8531.292
0.02694381 9287.293
0.02073825 8568.849
0.03068812 8583.621
0.03288759 8328.75
0.03109359 7917.022
0.02989136 7370.943
0.003361484 7579.804
0.002001049 7831.537
0.0006955235 7744.885
0.002168079 7367.388
0.004131439 7568.515
0.007927671 7753.07
0.01356613 7396.809
0.02311296 7373.613
0.01501749 7174.625
0.01591693 6643.033
0.02433588 6612.102
0.02567147 6700.27
0.04008632 6805.229
0.01674682 6643.853
0.01296873 6593.752
0.01070497 6498.095
0.00767342 6382.577
0.005267591 6367.812
0.01099007 6583.337
0.01353975 6812.707
0.02467817 6979.238
0.0240054 7067.826
0.02745888 6867.759
0.01209761 6946.635
0.01221866 7589.288
0.02642495 7696.805
0.03489217 7533.391
0.03757859 8136.09
0.03517878 8712.486
0.05128865 8454.072
0.02517019 8707.181
0.02414574 8962.756
0.02037452 8788.619
0.01878813 8880.279
0.009069036 9177.604
0.01572713 9063.161
0.00727889 8950.54
0.0133015 8862.457
0.003814665 8599.671
0.006352312 8491.937
0.01235291 7961.91
0.01538737 8477.807
0.02430299 8602.61
0.01252364 8244.26
0.02750475 8047.605
0.03969347 8703.18
0.03488465 10146.44
0.02378266 9898.788
0.006148702 9701.838
0.004857345 9599.544
0.01044572 9010.99
0.01321543 9534.103
0.003887214 9478.586
0.008504416 10192.16
0.01051314 10115.39
0.01438675 10760.72
0.01955833 11059.25
0.0103451 11378.57
0.008454202 11892.7
0.003237157 11808.2
0.006136385 11796.22
0.01659882 12017.85
0.01541064 11253.83
0.01963162 12035.85
0.01620295 11667.85
0.01201664 12151.86
0.0304441 11404.92
0.03362371 11939.55
0.01570587 12530.66
0.01776039 12072.59
0.02369412 12161.57
0.02513231 12611.69
0.02401258 12516.7
0.03003499 12361.42
0.01615159 11095.34
0.006992357 11776.19
0.0186574 11341.12
0.009939466 11161.13
0.007935702 9671.961
0.005012488 10001.59
0.007574283 10299.09
0.01284377 11002.31
0.007781182 11034.5
0.006713621 10613.25
0.005743016 10125.24
0.004518269 10352.54
0.01558196 9610.185
0.0222169 9426.689
0.01309844 9035.931
0.006101327 8659.245
0.01466132 8478.342
0.01601688 8578.05
0.01360187 8952.256
0.0202117 8704.698
0.03806196 8446.257
0.03479909 8618.813
0.03067233 8472.666
0.02684047 9288.376
0.01891591 8216.467
0.01418865 8031.971
0.02229472 9035.813
0.02870337 8836.313
0.02275388 7656.52
0.03540647 7895.726
0.02081797 7843.231
0.03484465 7941.419
0.03649679 8420.004
0.01383501 8467.01
0.01898798 7923.74
0.02676923 7836.046
0.02475241 7337.573
0.037959 7299.079
0.05280383 7350.502
0.03907755 7333.749
0.03756169 7380.096
0.02950262 7110.446
0.02298 6438.193
0.03592419 6616.161
0.01682249 6638.474
0.02265518 6367.117
0.02151127 5819.766
0.008808843 5670.524
0.01184374 5436.042
0.01037551 4966.976
0.01317726 4762.621
0.01247839 4539.31
0.04322027 4629.96
0.06950546 4362.401
0.08070578 4425.828
0.05376525 4337
0.04084897 4401.383
0.02990059 4659.838
0.03739483 4789.706
0.02971212 4982.644
0.04832988 5165.272
0.07133584 4828.102
0.06472244 4711.849
0.04740686 4947.504
0.05356356 4759.783
0.04814423 4819.786
0.05597246 5101.849
0.05385798 5007.096
0.04633063 4555.801
0.03144928 4365.185
0.03056787 4204.46
0.03799363 4081.601
0.04296678 3946.244
0.05885727 3975.548
0.03382672 4194.558
0.02369279 3830.881
0.04988245 3736.747
0.05926583 3431.271
0.06206206 3523.191
0.0553694 3304.117
0.06831027 3666.985
0.07071287 3757.207
0.09278583 3380.488
0.1051689 3363.558
0.08024282 3309.031
0.07568601 3401.486
0.05809448 3513.323
0.04263413 3437.894
0.02551981 3602.72
0.04158175 3497.288
0.04641474 3654.315
0.02988204 3708.155
0.02260119 3859.584
0.02760948 3762.798
0.0329605 3974.331
0.03034815 3895.023
0.03091617 3887.814
0.02669572 3975.366
0.04393506 3947.66
0.05363558 3980.241
0.04797675 4136.654
0.0579226 4119.36
0.06258373 3789.471
0.02976967 3478.782
0.03908438 3689.776
0.06288104 3683.58
0.02346105 3546.074
0.01518953 3833.579
0.03329881 3346.656
0.02421843 3373.697
0.01888871 3496.479
0.01792863 3296.735
0.01879732 3267.509
0.02665359 3229.959
0.02488045 3011.652
0.01143995 3195.322
0.02159826 3274.227
0.04541648 3538.225
0.0411057 3383.025
0.05318202 3263.48
0.05411061 3336.664
0.06483237 3336.133
0.06168666 3329.666
0.04762043 3367.862
0.06176702 3417.189
0.06578139 3454.343
0.06108192 3112.807
0.101944 3251.319
0.08737759 3373.565
0.07177655 3374.371
0.06981734 3523.749
0.07988845 3620.35
0.0944889 3516.91
0.1048284 3463.92
0.08050986 3523.881
0.07271774 3511.683
0.06043806 3343.49
0.07074809 3232.732
0.06367278 3159.847
0.03918388 3060.624
0.07490436 3432.332
0.08775726 3436.875
0.06564456 3483.358
0.05157762 3464.576
0.0546199 3340.224
0.03653549 3365.135
0.04090464 3305.116
0.03959437 3424.983
0.05336076 3576.08
0.0528023 3694.603
0.05663625 3614.481
0.06096755 3466.752
0.05479148 3565.446
0.02801765 3534.087
0.06315196 3790.333
0.04232577 3873.032
0.03938386 3605.61
0.03119075 3471.383
0.02172071 3419.608
0.03108129 3178.666
0.0396984 3318.885
0.02965586 3078.144
0.02806842 3021.761
0.03360285 2795.181
0.05551774 2591.063
0.0606354 2608.391
0.0708816 2485.387
0.05790021 2702.547
0.0785239 2636.973
0.07909919 2577.204
0.0730211 2693.081
0.07578577 2729.147
0.07091532 2696.017
0.0780848 2917.71
0.1007429 2981.667
0.06570332 2773.262
0.05280722 2824.311
0.05018602 3065.238
0.03011115 2956.384
0.08339993 2952.036
0.08845612 3132.08
0.08917022 2973.506
0.07154957 2926.372
0.04194548 3104.542
0.04516967 3290.095
0.04192737 3285.569
0.0587671 3484.643
0.05676538 3492.757
0.05724617 3284.056
0.05655127 3520.181
0.05401005 3473.436
0.06049747 3255.244
0.107068 3275.104
0.1049547 3183.094
0.09087611 3182.03
0.1091475 2926.038
0.08614049 2830.648
0.09522813 2842.715
0.05768023 2647.362
0.05863679 2706.019
0.05408955 2858.722
0.05799317 2914.464
0.07586776 2759.479
0.0737932 2712.925
0.07698039 2623.472
0.06861975 2571.262
0.06136649 2672.111
0.04287336 2676.333
0.02490769 2531.722
0.03263021 2762.137
0.03811574 2865.369
0.03576061 2990.39
0.03965156 2877.073
0.01520719 2898.027
0.02917053 2949.6
0.02628805 3006.153
0.03345852 3043.688
0.07263587 3090.233
0.08638083 2816.562
0.07616789 2679.018
0.1005195 2455.141
0.08757074 2366.989
0.0908877 2426.418
0.08516831 2569.873
0.1038632 2581.976
0.1515089 2620.32
0.09849023 2727.55
0.04762144 2772.513
0.05624684 2749.699
0.07461003 2648.54
0.04249881 2678.022
0.0671396 2630.231
0.05990457 2407.497
0.03995489 2488.463
0.0628103 2494.873
0.02561593 2494.383
0.04273182 2705.889
0.05694297 2535.049
0.07295899 2509.301
0.03648911 2568.5
0.03371947 2377.75
0.02383214 2244.888
0.02172219 2256.278
0.03167966 2260.534
0.03117002 2340.059
0.04048042 2307.474
0.06359381 2232.687
0.0392094 2255.223
0.03162561 2374.521
0.01748513 2495.88
0.01907027 2504.695
0.01364758 2676.755
0.02997958 2433.94
0.06888506 2456.203
0.1129689 2476.929
0.1028109 2403.202
0.07796514 2328.753
0.04110868 2217.916
0.07777649 2327.419
0.06400462 2248.276
0.07007411 2121.012
0.08754601 2130.932
0.08040745 2208.051
0.06003598 2177.053
0.03070466 2223.668
0.02472697 2263.458
0.03193013 2169.792
0.02786488 2202.418
0.04144996 2259.891
0.04839351 2250.392
0.05256109 2266.656
0.02150952 2421.038
0.02216211 2381.948
0.04647084 2449.447
0.07670643 2274.529
0.08091803 2380.74
0.08422602 2405.734
0.132718 2416.071
0.1729034 2597.272
0.1846184 2477.677
0.1402923 2493.924
0.1308749 2623.618
0.1180254 2614.169
0.07941323 2733.365
0.03965553 2425.67
0.03621438 2452.206
0.03523358 2512.58
0.03168182 2682.931
0.04249473 2602.061
0.04265836 2688.976
0.04323205 2974.313
0.05742042 2949.898
0.06038269 2709.426
0.0414332 3155.223
0.04991503 3209.31
0.06856747 3226.55
0.03802643 3033.07
0.05899129 2811.387
0.05294737 2880.565
0.05024289 2912.037
0.05735453 2994.994
0.06312298 2958.491
0.04528877 3028.053
0.05274068 2878.983
0.05437455 3011.989
0.1041796 3040.158
0.07378881 3129.772
0.04255985 2982.554
0.02766891 2813.122
0.02686739 2845.876
0.009290485 2703.992
0.006025846 2770.555
0.007277826 3005.488
0.002609541 2922.755
0.001005437 3213.482
0.0002717133 3140.029
0.004334172 3046.78
0.03129744 3164.727
0.03796789 3043.78
0.05111461 3070.453
0.05832148 3048.675
0.09368519 3040.869
0.04443997 2975.63
0.03735667 2834.324
0.0515206 2795.934
0.06144926 2797.907
0.03307637 2680.746
0.02027396 2767.798
0.008612044 2562.679
0.005723689 2628.051
0.0176526 2557.031
0.01625673 2417.177
0.01947874 2488.333
0.01966606 2422.773
0.01371866 2361.379
0.01956985 2416.728
0.02247053 2479.339
0.0396775 2437.88
0.03168429 2284.738
0.03305021 2330.686
0.03565949 2326.377
0.02590059 2251.299
0.04724062 2219.404
0.02970924 2176.213
0.03430861 2075.363
0.04853606 2154.097
0.03692919 2108.48
0.05764675 1969.676
0.04424523 1887.838
0.04411488 1901.659
0.07236329 1948.346
0.09037038 1784.849
0.07662007 1787.451
0.04650001 1677.088
0.04710514 1598.078
0.03927552 1515.914
0.05122229 1686.436
0.07348728 1772.713
0.1312147 1763.532
0.1621563 1649.708
0.1568459 1718.8
0.1178616 1648.634
0.1006711 1754.188
0.11188 1816.559
0.1418744 1703.856
0.1357702 1626.1
0.1819284 1636.439
0.179667 1724.027
0.1339336 1828.379
0.1019957 1898.03
0.07697182 1902.075
0.05027606 2036.119
0.04355773 1802.546
0.02461625 1817.919
0.017818 1782.724
0.03475468 1736.881
0.04555265 1760.909
0.07214251 1758.128
0.04283615 1869.248
0.0363507 1811.627
0.03416284 1916.459
0.03779488 1951.62
0.02954727 1997.265
0.02789855 2096.326
0.03195979 2138.049
0.02835677 2185.082
0.03943694 2135.383
0.02368404 1935.273
0.0169539 1871.518
0.011731 1947.097
0.01706149 2080.411
0.04098595 2083.622
0.0334583 2110.679
0.03369929 2086.037
0.02382115 2201.447
0.041266 2178.828
0.02763561 2117.571
0.02595285 2143.566
0.03994525 2200.85
0.03040899 2224.5
0.03871387 1990.31
0.0227908 1864.388
0.01320806 1907.422
0.01623222 2063.275
0.008901957 2201.26
0.01615131 2202.96
0.02382214 2234.02
0.04970539 2387.408
0.05320242 2382.483
0.04272645 2355.476
0.0293751 2522.606
0.03501692 2684.126
0.03865979 2632.593
0.03320718 2659.715
0.04020715 2660.62
0.05134509 2679.872
0.07085757 2753.319
0.0488292 2791.843
0.04049686 2865.642
0.02978707 2842.544
0.01452878 2708.912
0.02171951 2593.291
0.02645015 2451.83
0.0439609 2493.129
0.03495367 2667.513
0.03874047 2561.806
0.03259261 2624.638
0.04366971 2451.066
0.03619852 2440.222
0.02614728 2358.595
0.02945174 2531.664
0.03026969 2634.626
0.02102524 2469.127
0.0176281 2517.659
0.004094032 2593.208
0.008822851 2391.312
0.006092264 2329.288
0.00922138 2329.569
0.007229052 2255.383
0.003571945 2180.393
0.001678069 2262.719
0.006227575 2461.163
0.01464989 2573.994
0.01390631 2525.685
0.01576738 2644.636
0.03706358 2707.931
0.04229083 2761.138
0.04923922 2679.95
0.05324025 2600.259
0.05607982 2632.695
0.03308042 2583.485
0.03658643 2577.174
0.06726014 2494.415
0.05739164 2453.252
0.06429053 2414.384
0.06288 2465.141
0.04552642 2274.485
0.01366387 2265.495
0.02522702 2293.727
0.03978074 2349.261
0.0373132 2188.538
0.02454247 2311.26
0.03449496 2176.719
0.05391642 1991.761
0.02171909 2100.259
0.01886552 1901.391
0.03477836 1736.852
0.05485854 1842.195
0.06888736 1842.219
0.04082323 1851.317
0.07393838 1734.023
0.1136733 1695.99
0.1031177 1750.104
0.120518 1774.786
0.126502 1725.748
0.1464015 1627.933
0.09654107 1566.432
0.1034238 1625.879
0.09723239 1539.049
0.1003041 1565.17
0.1051979 1603.699
0.07365969 1624.568
0.1076038 1618.269
0.07941867 1758.203
0.08781582 1756.859
0.1021648 1680.872
0.1378574 1706.451
0.1639687 1577.505
0.1557371 1562.665
0.1442615 1569.355
0.1236198 1519.416
0.131228 1500.507
0.1075684 1536.298
0.1268167 1542.011
0.1069691 1477.117
0.08402619 1474.163
0.1108319 1488.713
0.1199647 1509.287
0.1275882 1409.29
0.09824307 1355.474
0.08637072 1396.022
0.0982127 1403.851
0.09532799 1381.331
0.07137893 1388.491
0.05889565 1357.008
0.08379805 1336.395
0.09738038 1269.036
0.08476222 1345.39
0.06238169 1329.033
0.08959071 1326.435
0.04678055 1458.801
0.07008679 1470.907
0.0994216 1464.194
0.08219524 1471.284
0.1217504 1463.944
0.1229404 1413.764
0.09676076 1370.95
0.1176912 1287.071
0.08294756 1318.912
0.07507461 1376.215
0.05549542 1296.031
0.03614765 1295.305
0.02680951 1253.251
0.01907989 1273.371
0.03028668 1225.464
0.02209476 1234.876
0.02112797 1197.428
0.01335895 1184.887
0.007996351 1193.503
0.01443168 1165.472
0.0216783 1199.835
0.02523803 1205.902
0.04350975 1265.047
0.05016349 1187.078
0.05221643 1210.033
0.07822493 1158.254
0.09412953 1137.993
0.07473478 1169.248
0.07522663 1266.092
0.0986002 1302.124
0.07458581 1250.029
0.07701283 1268.639
0.06641967 1286.469
0.09527756 1215.296
0.09282709 1179.12
0.07398822 1112.566
0.06373991 1132.801
0.03793048 1216.033
0.03543338 1166.892
0.0509262 1188.371
0.04980932 1221.577
0.06547777 1157.515
0.0542154 1164.468
0.07576303 1123.171
0.08202993 1151.023
0.09895145 1221.89
0.128213 1138.954
0.1263095 1177.843
0.1284692 1164.543
0.1609486 1205.024
0.1445263 1292.54
0.1072203 1279.01
0.1647852 1354.437
0.1230093 1414.714
0.117902 1400.306
0.1484396 1460.999
0.1231969 1410.398
0.1138372 1358.305
0.08599759 1405.933
0.07595476 1363.633
0.1256804 1338.704
0.1303852 1295.746
0.1160258 1348.842
0.1203926 1436.42
0.1330886 1442.012
0.1321935 1367.687
0.09000481 1266.7
0.04757919 1306.351
0.02207755 1275.909
0.0259212 1327.939
0.03138696 1360.258
0.03517306 1406.902
0.02399255 1467.631
0.04570651 1514.533
0.06527769 1412.985
0.04773524 1348.945
0.04691676 1288.831
0.05998704 1137.932
0.05630377 1096.38
0.05772065 1008.082
0.06736891 1022.946
0.0504595 978.434
0.02774381 995.1627
0.0200493 979.4607
0.05837245 920.7097
0.05490064 919.2764
0.06049225 952.3721
0.07016048 939.6019
0.08161997 961.7167
0.06300565 986.0197
0.07673553 1008.196
0.06502009 934.8105
0.0458547 931.4306
0.05382838 880.2044
0.08272381 927.1362
0.1101548 942.3227
0.09906232 908.0916
0.08986191 925.2306
0.07182837 840.9998
0.07963649 771.0356
0.0448183 854.3527
0.01997005 846.7405
0.03435499 787.0135
0.03494808 793.4651
0.0245436 734.214
0.01852685 757.4205
0.01564181 792.9406
0.02105737 757.0413
0.02575092 746.3314
0.02631534 726.2341
0.01050945 704.8629
0.01411799 683.623
0.01939193 673.2247
0.0469023 695.1298
0.03441413 722.2398
0.02162304 688.1778
0.009211665 687.2147
0.02833975 636.1845
0.05172257 620.8308
0.07057998 621.629
0.04798156 588.3351
0.04013777 580.8477
0.04858689 581.0531
0.04412345 610.1271
0.0692654 615.8443
0.05195286 595.476
0.04578809 638.9183
0.06070446 653.7326
0.04909616 691.9353
0.04997607 687.2428
0.04454347 722.7797
0.06361755 747.4023
0.05057294 762.0473
0.06529771 807.0483
0.07048853 779.7178
0.06432394 811.1493
0.06078846 842.6008
0.04856334 792.275
0.05434852 765.0538
0.06547803 777.6394
0.05706288 825.4648
0.01625656 784.9595
0.010022 764.0518
0.01351123 812.2384
0.0132921 811.1176
0.03423814 828.9166
0.05839612 862.2559
0.02817688 908.0992
0.05604284 830.7909
0.07052152 782.0732
0.03490822 769.7803
0.03056506 745.2389
0.04080501 744.8321
0.02307803 726.3988
0.0194326 715.7659
0.01974511 702.9612
0.02048899 761.2053
0.02700065 696.8496
0.02279383 724.135
0.02663533 754.3139
0.01711455 850.372
0.04043278 887.1452
0.06508036 860.4523
0.09612778 935.0704
0.08456691 941.5153
0.09847957 927.3009
0.1190919 938.8251
0.09775509 924.2872
0.1155116 947.6146
0.1376604 1012.769
0.1540957 969.1162
0.1603325 978.3187
0.1552049 1012.995
0.1850283 990.0128
0.1334009 899.9459
0.1477599 928.6182
0.1374977 915.2695
0.1611067 1025.426
0.1851078 1018.909
0.1738707 1075.835
0.1864396 1051.496
0.1872411 964.9097
0.1540727 1048.481
0.1641032 1034.265
0.1617692 1110.135
0.1394621 1127.119
0.182746 1088.862
0.2199639 1073.489
0.2267409 1107.784
0.2319037 1172.372
0.2352411 1155.047
0.3134899 1189.223
0.2594771 1151.407
0.2227051 1218.88
0.1988951 1123.044
0.1673456 1164.576
0.1371338 1205.744
0.08110191 1288.978
0.09795103 1286.214
0.1005617 1328.88
0.1555884 1274.902
0.1703627 1389.664
0.126952 1393.583
0.09267859 1396.5
0.1003693 1295.425
0.09614152 1250.157
0.09136159 1229.168
0.1369712 1144.473
0.1349226 1076.365
0.1607484 1077.633
0.1344798 1094.919
0.09613332 1041.679
0.116519 1076.323
0.135499 1151.066
0.1491526 1148.483
0.1005176 1116.393
0.09565831 1140.598
0.1148435 1113.39
0.1352463 1087.715
0.1511257 1029.475
0.1451142 1023.168
0.1261332 1069.462
0.1478817 1019.957
0.1178945 1097.544
0.1451639 1144.841
0.1994171 1142.594
0.204054 1102.362
0.1832646 1127.803
0.1837223 1243.39
0.1290767 1340.931
0.08520852 1273.205
0.078893 1309.637
0.05434704 1322.354
0.06037533 1373.151
0.05557377 1393.178
0.0473078 1320.888
0.04554757 1232.429
0.02193992 1370.074
0.01956462 1468.84
0.02859737 1511.469
0.03125752 1519.086
0.01486138 1416.089
0.02739772 1425.892
0.02841279 1414.901
0.0122611 1356.752
0.01412559 1263.683
0.02228402 1309.516
0.02545395 1360.994
0.02814423 1379.655
0.02409057 1324.217
0.02869422 1300.435
0.08552258 1259.675
0.06786819 1285.1
0.06831349 1274.453
0.04484916 1216.325
0.03957808 1151.014
0.03444888 1036.606
0.02245519 1130.477
0.01847019 1169.482
0.02253103 1209.085
0.01842226 1206.77
0.02457917 1161.316
0.02296433 1188.107
0.03758573 1180.064
0.03091424 1225.417
0.03246697 1239.573
0.03137233 1195.635
0.04392537 1280.702
0.02067276 1219.633
0.009580086 1274.393
0.005898205 1345.692
0.0395431 1453.219
0.03705187 1374.365
0.03468845 1439.795
0.01363566 1429.842
0.008029289 1379.921
0.01044044 1480.441
0.01048536 1549.566
0.005536927 1502.498
0.02048251 1504.818
0.03677124 1619.206
0.02282731 1662.578
0.008660156 1614.419
0.01480599 1606.472
0.03861741 1638.717
0.01772665 1535.399
0.01508081 1650.34
0.04248098 1659.884
0.03689057 1879.963
0.0404379 1814.077
0.02161224 1620.893
0.01897324 1537.754
0.01173235 1577.764
0.0297123 1458.892
0.03506991 1466.904
0.04827439 1520.541
0.04666414 1415.435
0.06243231 1233.415
0.08324131 1301.058
0.08515301 1350.922
0.0928783 1408.077
0.07466209 1455.382
0.06369548 1299.444
0.08654504 1262.837
0.09667357 1275.718
0.0847809 1223.252
0.1027038 1265.662
0.1203269 1211.732
0.1356383 1121.491
0.07471798 1103.634
0.07920379 1103.336
0.07663373 1175.945
0.06640852 1292.861
0.07556413 1268.918
0.1218108 1332.418
0.1286617 1250.389
0.145752 1253.295
0.1278817 1248.907
0.1096377 1293.591
0.08290263 1281.73
0.07667631 1310.294
0.08110371 1394.042
0.06941091 1447.413
0.04529238 1414.179
0.0359848 1492.371
0.05300062 1527.105
0.04830926 1636.013
0.06121931 1565.06
0.07905091 1638.808
0.05997123 1511.783
0.06849853 1566.659
0.06535695 1627.621
0.09679439 1685.34
0.1021166 1713.7
0.1347772 1892.241
0.1273219 1936.537
0.1244033 1858.675
0.1020294 1782.361
0.08584981 1777.722
0.06754879 1785.766
0.08042703 1657.181
0.05555762 1542.441
0.02795747 1509.253
0.02012888 1492.629
0.02220679 1509.217
0.00804024 1512.99
0.01961774 1592.708
0.01572212 1505.586
0.0167171 1583.539
0.02201066 1492.478
0.03579883 1458.151
0.04549296 1433.881
0.07852823 1464.957
0.07839836 1438.945
0.05037462 1390.08
0.08171255 1450.036
0.09608077 1457.275
0.09812627 1553.61
0.08140525 1615.909
0.0940048 1670.18
0.1124667 1663.588
0.1129417 1631.618
0.09898908 1527.51
0.08662078 1607.775
0.05672146 1702.828
0.08250877 1618.841
0.07153785 1653.466
0.09407679 1674.739
0.1100212 1682.854
0.06010495 1685.424
0.05532397 1800.386
0.03789868 1735.858
0.03391189 1680.673
0.03274658 1669.035
0.03994521 1751.593
0.0538012 1838.968
0.04670075 1908.244
0.06473749 1906.013
0.0334178 1875.485
0.03668588 1800.022
0.04556827 1705.372
0.06749773 1646.67
0.08444024 1784.556
0.1044322 1700.275
0.07914631 1672.703
0.05741778 1699.66
0.08994469 1908.438
0.1007063 1982.565
0.09490641 1980.342
0.1061252 1877.403
0.05831689 1850.173
0.04543837 1857.842
0.0332289 1836.726
0.03024611 1716.889
0.02100846 1785.138
0.02593399 1757.428
0.01843323 1722.987
0.02285476 1683.808
0.01117759 1792.506
0.01200086 1630.177
0.01474611 1737.171
0.01106272 1749.957
0.01524617 1666.857
0.01205478 1777.717
0.03419318 1729.137
0.02850973 1727.041
0.05407223 1756.957
0.0386955 1768.138
0.02321628 1650.323
0.07453812 1687.642
0.0600727 1769.919
0.02315198 1715.46
0.03501809 1762.952
0.02922584 1694.98
0.02246109 1686.187
0.04368474 1789.517
0.03986246 1720.245
0.04245259 1753.455
0.07978395 1851.193
0.08504164 1739.013
0.07025039 1767.46
0.06343871 1982.776
0.04530769 1907.262
0.04290486 2012.741
0.05922846 1830.958
0.06987824 1840.224
0.07833749 1790.444
0.0892306 1860.986
0.0602773 1867.549
0.0448788 1973.159
0.05384908 2111.16
0.0633765 2166.09
0.04499547 1962.822
0.03634773 1977.185
0.02950332 2137.288
0.02821346 2089.91
0.02904418 2071.997
0.03916048 2083.604
0.02832973 2070.349
0.0202139 2097.366
0.01822599 2098.389
0.01721309 2229.157
0.05413549 2516.366
0.045761 2474.6
0.03508181 2216.75
0.04328277 2228.643
0.05195806 2308.491
0.074869 2174.346
0.0635331 2253.409
0.05837303 2358.338
0.06147468 2274.184
0.02771255 2379.294
0.04462784 2415.95
0.02517629 2387.732
0.05311772 2354.114
0.03997746 2291.688
0.03545576 2346.753
0.07843862 2390.281
0.06445774 2257.266
0.06676194 2478.346
0.08806157 2442.291
0.09267091 2730.206
0.07808732 2695.439
0.03598042 2787.617
0.05672503 2625.036
0.08760956 2570.969
0.0912997 2605.024
0.04509512 2503.777
0.05448584 2635.936
0.0596882 2753.122
0.07591598 2682.453
0.09254168 2781.226
0.08772885 2821.654
0.1062325 2853.431
0.08034324 2990.933
0.0621862 3028.147
0.08784234 3119.748
0.0724207 2799.681
0.07702901 2810.089
0.07664127 2770.882
0.07921031 2793.276
0.09084928 3306.881
0.0980665 3563.468
0.08634091 3748.99
0.04901228 3829.679
0.03195854 3808.205
0.01600319 3881.75
0.02128425 3905.245
0.01792896 3982.338
0.01492752 3814.686
0.02425706 4172.537
0.02144332 4110.152
0.01985341 4033.935
0.02268662 3808.386
0.03214929 3608.159
0.05774984 3588.916
0.03126434 3755.648
0.03070068 3824.897
0.0235761 3805.34
0.0237151 3702.263
0.04814106 3499.858
0.06573914 3477.23
0.07258134 3765.429
0.0560818 3404.401
0.07614163 3361.78
0.04086913 3389.163
0.04787517 3453.41
0.06131147 3282.156
0.04639994 3111.382
0.02243251 3296.244
0.03772763 3164.853
0.02617626 3242.063
0.02152946 3208.879
0.02618184 3278.943
0.03468222 3233.046
0.03735239 3530.254
0.05062636 3548.645
0.04792437 3689.531
0.0154803 3580.442
0.03562164 3705.777
0.04089135 3675.473
0.04459961 3520.016
0.02940258 3580.451
0.041531 3751.11
0.0638492 3677.145
0.05376479 3548.999
0.06093472 3695.556
0.0840839 3971.247
0.1162415 4093.141
0.09059118 4030.275
0.06618076 3932.197
0.05022955 3825.525
0.04022449 3803.705
0.07642768 3780.765
0.07321713 3720.98
0.09015927 3990.36
0.0594548 4183.714
0.04455252 4076.44
0.02743137 4090.136
0.01907322 3858.773
0.01066261 3775.693
0.02104473 3615.139
0.02046239 3389.994
0.00807716 3435.927
0.003711418 3498.64
0.001153754 3324.884
0.0193181 3296.647
0.01566909 3322.072
0.02869003 3599.61
0.04947233 3550.763
0.07753597 3609.973
0.05210884 3667.37
0.02768916 3498.804
0.02984407 3815.6
0.02267869 3833.974
0.04177725 3543.493
0.01875305 3679.207
0.01108504 3734.019
0.0162865 3881.821
0.03756808 3948.271
0.04492776 4080.541
0.05419533 3995.175
0.05638717 3753.592
0.04080425 4061.083
0.02501068 3939.976
0.00835497 3994.205
0.004530505 4135.822
0.004504691 3882.009
0.009335818 3994.511
0.007534058 4122.913
0.004510572 4152.174
0.01158042 4533.041
0.0212526 4398.331
0.03670442 4494.738
0.04886896 4432.718
0.05433787 3960.931
0.06741635 4122.963
0.06309662 4604.734
0.06561315 4696.641
0.07792963 4551.072
0.07315403 4478.4
0.04504912 4447.565
0.04606377 4326.696
0.04875179 4264.001
0.02926317 4306.202
0.02339709 4184.831
0.03727892 4188.516
0.01795471 4537.344
0.02996076 4837.312
0.05166311 4852.45
0.02199697 4576.968
0.03795571 4244.337
0.03994352 4357.133
0.04420968 4544.987
0.04255616 4563.854
0.04187059 4781.218
0.02731664 4705.125
0.04097792 4936.665
0.056182 4791.662
0.06581626 4705.768
0.04412759 4736.312
0.0284422 4692.27
0.02979806 4577.572
0.03530623 4853.016
0.02562817 4861.776
0.02442322 5019.029
0.02126488 5217.965
0.02068791 5363.16
0.01930731 5474.555
0.03359652 5355.544
0.04175194 5403.344
0.04641667 5592.068
0.03987352 5293.282
0.02795963 5256.161
0.02583887 5509.039
0.02113838 5440.22
0.0202346 5219.181
0.04654168 4775.771
0.04342104 4640.399
0.044261 4563.6
0.03337058 5047.751
0.04223456 4686.525
0.04109353 4837.851
0.03953974 4631.651
0.02297157 4791.976
0.06035852 4916.822
0.05094197 4997.478
0.04988206 5165.047
0.05438008 5293.887
0.04234162 5345.413
0.0679194 5237.716
0.04497781 5172.596
0.03315019 5311.142
0.0312867 5498.88
0.03790661 5607.533
0.06151588 5247.768
0.04090929 4919.478
0.03968075 5013.234
0.0184496 4883.716
0.0138566 4942.779
0.01481163 5072.454
0.01753181 5523.394
0.03630227 5618.772
0.04235448 5214.841
0.04664599 4709.491
0.05016625 4957.838
0.04818885 4978.12
0.05216732 4871.304
0.06015748 4602.125
0.05636099 4417.904
0.04104424 4374.459
0.03864759 4560.163
0.04754948 4431.862
0.04434586 4706.321
0.08574314 4460.153
0.05456346 4066.319
0.04667813 4357.799
0.03543134 4368.268
0.02450303 4374.164
0.02560011 4212.308
0.05067189 4079.244
0.06442745 4060.328
0.06512129 4310.547
0.05295837 4128.501
0.05752676 3903.199
0.05103125 4187.58
0.0527199 4167.411
0.060005 4259.403
0.06592812 4453.944
0.04314766 4571.827
0.05915751 4842.165
0.04352169 4735.668
0.02955681 4898.712
0.0411592 4789.61
0.03770593 4886.479
0.02057978 5079.342
0.01521143 5071.327
0.01007808 4946.566
0.009705225 5280.939
0.03936177 5088.494
0.05182146 5209.517
0.05747332 5131.284
0.02545399 5227.409
0.01557894 5163.085
0.0150733 5274.477
0.008025029 5635.671
0.005352484 5399.328
0.02054062 5372.168
0.03379094 5709.162
0.03953431 5459.235
0.03806385 5303.316
0.02196023 5357.883
0.01534633 5149.95
0.01806912 5264.96
0.04847903 4994.227
0.03473189 4531.16
0.02669246 4683.295
0.02180781 4685.389
0.02361384 4531.4
0.0392936 4448.336
0.04700569 3903.785
0.04476899 3577.535
0.06714953 3611.104
0.0420088 3677.579
0.03515313 3780.683
0.01970112 3759.471
0.01184254 3619.786
0.01372995 3858.222
0.02577314 3694.213
0.03281222 3993.32
0.03926014 4247.155
0.04655707 4160.977
0.02713454 4107.024
0.01211765 3989.016
0.01765689 3906.639
0.02068286 4069.015
0.03472386 3986.085
0.04743685 3740.4
0.05415602 3639.722
0.02915931 3793.671
0.01906077 3720.843
0.0145735 3772.648
0.03774242 3822.452
0.02625885 3949.532
0.05101755 4116.153
0.06987812 3989.938
0.06204664 3931.406
0.07133691 3787.338
0.06309802 3632.492
0.1000866 3544.996
0.07639682 3584.434
0.07198586 3471.538
0.07986553 3429.105
0.1053982 3084.618
0.1011322 3011.429
0.08323097 3065.828
0.07569259 3165.562
0.05062189 3345.242
0.03899388 3152.595
0.03555283 3013.143
0.03155571 3091.302
0.03527858 3125.942
0.01845458 3200.447
0.02497695 3167.378
0.02562877 3241.041
0.0309756 3348.698
0.04818611 3484.847
0.06912095 3524.468
0.0675678 3597.17
0.06132853 3270.8
0.08073685 3270.709
0.06175841 3340.254
0.1142787 3449.397
0.08579599 3688.066
0.08239731 3772.253
0.06964688 3338.747
0.07283857 3382.754
0.05471107 3599.559
0.05465398 3677.166
0.06095467 3796.31
0.06951569 3750.731
0.08939908 3651.599
0.0750378 3730.096
0.07312002 3605.874
0.04464022 3411.088
0.04046482 3369.228
0.03158419 3331.836
0.0194404 3424.947
0.01185365 3497.27
0.02055796 3474.372
0.03520788 3347.775
0.06620324 3398.084
0.04794852 3568.095
0.08591732 3618.778
0.06703767 3624.093
0.0712337 3260.148
0.08939442 3268.58
0.07597215 3170.427
0.06886702 3349.644
0.07482344 3516.898
0.05260241 3517.898
0.0901255 3514.469
0.0853257 3959.458
0.09689476 3595.049
0.07375498 3422.889
0.09482843 3178.854
0.08611501 3094.645
0.06434651 3187.63
0.0805452 2927.168
0.06117834 3011.276
0.06788876 3018.344
0.08744509 3120.896
0.1010415 3343.776
0.09633591 3344.062
0.05895823 3395.575
0.05908317 3428.79
0.05644113 3391.192
0.03662966 3714.337
0.06142444 3760.496
0.03735949 4182.622
0.05867703 4259.531
0.04634016 3906.573
0.07639559 3820.658
0.04790058 3586.744
0.06539809 3313.386
0.06247535 3379.86
0.09316674 3423.042
0.08485603 3388.154
0.05227086 3206.668
0.04332559 3156.108
0.06236184 3291.905
0.04456693 3160.677
0.02734099 3172.205
0.01304678 3043.855
0.009304042 3208.513
0.009041988 3394.058
0.009636343 3532.526
0.01796882 3431.993
0.008158005 3504.513
0.01537505 3426.216
0.01242836 3267.063
0.01222846 3128.927
0.009695797 3188.729
0.01664004 3086.23
0.01214168 2958.01
0.03833197 3203.29
0.0424111 3324.222
0.04525363 3392.337
0.03190817 3520.168
0.03105545 3489.379
0.02899013 3551.432
0.005969502 3683.897
0.003348872 3572.108
0.01743572 3601.099
0.01446547 3355.319
0.01376805 3286.387
0.004998602 3293.303
0.003486421 3224.003
0.0001457847 3140.104
0.005614031 2903.92
0.001657338 2973.095
0.001477162 3029.693
0.01440111 3227.647
0.0251327 3229.087
0.02947206 3162.856
0.03224754 3187.708
0.04912199 3136.84
0.0679872 3108.635
0.06164304 3217.118
0.04120602 3407.983
0.04678906 3600.173
0.05581907 3740.82
0.05327824 3979.895
0.07842154 3959.596
0.08067846 3964.935
0.06717575 3839.394
0.05028858 3661.752
0.06030669 3741.399
0.04000308 3653.966
0.02749835 3570.741
0.01659643 3368.491
0.01955772 3292.943
0.03213952 3364.085
0.05986536 3061.351
0.07584965 3087.906
0.05146645 2982.82
0.08434634 2913.053
0.103358 3037.83
0.09449567 3106.638
0.09666174 3136.333
0.05826819 3275.839
0.09829997 3355.087
0.0738078 3326.555
0.06892258 3156.547
0.04087292 3197.639
0.01823802 3337.581
0.03585791 3074.36
0.0247889 3153.331
0.01189606 2955.737
0.02974283 2865.968
0.03056012 2899.421
0.02347999 2894.334
0.03666267 2939.212
0.03716765 2942.018
0.03055215 2968.56
0.02617235 3076.587
0.03851717 3149.755
0.04594666 3102.793
0.03831528 3038.979
0.01885004 3195.286
0.0156089 3438.658
0.0106983 3303.379
0.0256309 3463.673
0.03806951 3360.496
0.02335876 3247.046
0.0224873 3436.794
0.02585812 3611.666
0.03069263 3668.993
0.02986338 3610.047
0.03074508 3570.31
0.0190569 3216.472
0.01999861 3209.483
0.02975919 3148.288
0.02244449 2957.65
0.02770995 3219.048
0.02809837 3100.844
0.03330527 3083.757
0.0530527 3000.099
0.08976294 2982.469
0.07542923 3023.441
0.07336177 3240.883
0.09209837 3116.677
0.08058223 3035.625
0.05047266 3152.959
0.03383381 2998.483
0.02152324 3148.373
0.01574501 3342.553
0.02558306 3420.853
0.04633625 3774.931
0.02539366 3705.411
0.02813621 3404.833
0.0308637 3500.035
0.02676269 3723.579
0.04920473 3574.636
0.06033152 3996.667
0.03708005 4048.08
0.06145116 4072.834
0.07055123 4484.073
0.04449734 4612.237
0.02599694 4732.329
0.01865227 5282.52
0.04015798 4702.115
0.06184707 4565.992
0.09902617 4592.615
0.09786666 4450.941
0.07375815 4568.936
0.06541738 4311.688
0.0732735 4108.694
0.07254632 4162.14
0.08517963 4017.29
0.06771016 3946.896
0.05028453 3945.804
0.02747026 4109.076
0.0435379 3775.209
0.04535582 3435.83
0.04131951 3521.626
0.01790313 3707.606
0.01973093 4082.956
0.02197489 3803.605
0.04279474 3905.392
0.03734733 3929.629
0.06296952 3687.105
0.06458517 4240.961
0.04570279 4648.231
0.04693792 4923.484
0.06154481 5383.716
0.08486559 5300.81
0.06526191 5514.129
0.06400214 5489.074
0.03950251 5614.982
0.03277025 5566.747
0.03787666 5589.222
0.03584173 5533.183
0.03259575 5628.922
0.04350074 5424.241
0.04720437 5634.88
0.04553177 5585.896
0.05013024 5640.746
0.05150593 5603.802
0.08037678 5665.123
0.1035198 5703.836
0.09474903 5746.172
0.1288878 5373.03
0.1041856 5129.446
0.1071667 4977.989
0.0945387 5294.633
0.09332513 4930.765
0.08499646 4689.331
0.0832656 4426.059
0.1090909 4680.416
0.07808867 4440.626
0.05828212 4436.947
0.06260262 4545.328
0.05085924 4646.382
0.04796043 4967.718
0.05637855 4823.837
0.06454479 5214.978
0.05654106 5069.909
0.03095513 4900.46
0.03421787 4831.303
0.03443844 4927.491
0.04077181 4784.06
0.04202447 4825.454
0.0277296 4528.372
0.01503938 4395.66
0.01619418 4414.802
0.0219031 4804.928
0.03057086 4543.839
0.02924319 4813.544
0.02166266 4730.767
0.03963428 4948.047
0.03556473 4852.093
0.04926253 4618.694
0.05786335 4777.741
0.04697651 4842.873
0.02969769 5127.246
0.03675255 5039.204
0.04477023 4977.329
0.07353319 5192.044
0.05468477 5148.839
0.05136138 5246.508
0.03636 5229.037
0.02749744 5307.031
0.02927606 5778.027
0.03333804 5349.78
0.02372248 5539.684
0.04149599 5888.01
0.03314864 5873.018
0.02818273 5928.772
0.0497391 6285.923
0.03201102 6903.305
0.02158345 7028.518
0.03101033 7370
0.04471197 7100.535
0.04607894 6854.576
0.04190657 6993.161
0.02591917 6795.633
0.03233194 7141.016
0.06598211 6853.692
0.0755791 6779.232
0.08473923 6842.71
0.05380152 6670.072
0.06631156 6239.063
0.06501773 6404.698
0.0455489 6502.494
0.04467482 6789.743
0.03636873 6899.948
0.03590893 6611.317
0.02956623 6814.499
0.0199293 7232.485
0.01859982 7023.165
0.02203049 6667.152
0.02063864 6824.13
0.02691955 7044.485
0.06470558 6689.705
0.04331444 6954.92
0.02661699 7263.318
0.01574709 7499.186
0.01905775 7920.171
0.02322037 7978.059
0.01991783 7712.398
0.02765446 7544.475
0.02732063 7775.609
0.02087537 7969.463
0.0237301 8006.6
0.01956434 7980.414
0.0109619 7760.968
0.003616747 7635.07
0.008093672 6837.718
0.02118119 6692.352
0.01525049 6962.239
0.01017459 7064.638
0.009844743 6808.426
0.01577428 7030.52
0.02927626 5894.095
0.03490933 5871.877
0.04294117 5454.458
0.05049788 5500.834
0.04780633 5252.983
0.03710934 5369.253
0.05377997 5136.704
0.04698392 5101.428
0.0351922 5162.767
0.02586238 4480.696
0.01079816 4465.299
0.01635564 4476.112
0.02167745 4716.484
0.01546057 4492.202
0.01161095 4430.335
0.02470146 4398.33
0.01787352 4464.77
0.02388566 4633.158
0.02872514 4265.11
0.04428012 4122.613
0.06037017 4277.243
0.04712519 4527.589
0.05285969 4482.969
0.05697833 4329.901
0.05177991 4621.085
0.03382627 5124.811
0.05683355 5052.107
0.03814794 5360.874
0.03893786 5011.019
0.04358339 4825.578
0.04090483 5082.484
0.04780822 5063.389
0.05529041 4743.621
0.05093112 4026.159
0.06445119 4090.824
0.07214134 4058.886
0.04017575 4099.504
0.03150282 4242.395
0.05125281 4106.65
0.02715662 3986.243
0.01761375 3819.326
0.01872441 4074.042
0.01593821 4118.801
0.007660303 4266.485
0.0007183255 4254.058
0.01277538 4528.132
0.01276765 4415.86
0.0124443 4247.858
0.01257568 4072.229
0.006919471 4389.14
0.0005220257 4419.078
0.005671669 4437.061
0.001882672 4071.504
0.01183578 4186.459
0.01037586 3948.393
0.02015028 3912.493
0.01608949 4235.893
0.02188129 4217.27
0.01528439 4248.004
0.006682462 4319.133
0.002109134 4322.925
0.02422699 4109.213
0.03626728 4214.247
0.0453415 4272.802
0.05817461 3921.539
0.06408347 3554.071
0.04606183 3428.34
0.04084159 3658.727
0.0518929 3829.945
0.04497229 3835.07
0.04004149 3942.238
0.04483442 3737.062
0.03561512 3681.266
0.02683211 3725.922
0.03552622 3766.082
0.08212383 3716.167
0.07888975 3504.498
0.05355215 3637.588
0.0451519 3364.055
0.07431331 3226.49
0.1087002 3327.674
0.1258038 3251.197
0.08292266 3414.789
0.07254526 3362.837
0.09805576 3216.656
0.1426253 3116.771
0.1614181 3122.194
0.1436402 3219.884
0.1425534 3264.217
0.1140411 3131.186
0.1164045 3187.156
0.08872616 3276.22
0.09800711 3216.32
0.0876787 3154.513
0.121996 3192.776
0.07265185 3109.638
0.07901324 3185.162
0.1041235 3019.276
0.1502838 3191.145
0.1243467 3018.555
0.106248 3001.975
0.08895744 2999.12
0.09864454 3228.059
0.06992295 3254.836
0.05093399 3277.396
0.03362278 3367.563
0.03489864 3408.996
0.04362258 3385.702
0.03233349 3299.464
0.01772953 3232.017
0.0266677 3414.827
0.0414961 3306.439
0.0354272 3372.695
0.04185981 3588.451
0.03795098 3531.342
0.03313971 3472.775
0.0694645 3241.554
0.06735164 3162.551
0.06974145 3132.545
0.04264198 3131.225
0.02904089 2986.983
0.0195682 3215.189
0.03502397 3073.339
0.04705497 3074.62
0.03854476 2800.318
0.03415605 2735.548
0.02751522 2636.163
0.06162462 2766.196
0.07417732 2651.805
0.05904188 2868.201
0.05504446 2995.971
0.07083622 2883.142
0.07294853 2700.723
0.04688061 2595.486
0.07133859 2719.105
0.06062242 2915.852
0.0363351 2849.221
0.03244519 2812.89
0.03606762 2847.342
0.01771355 2791.967
0.01342423 2755.345
0.01628098 2973.257
0.01567659 3135.229
0.008229693 3260.722
0.01968953 3150.773
0.01267914 3144.783
0.008387476 3176.577
0.02774662 3431.618
0.01920538 3386.921
0.01198236 3566.124
0.01310888 3748.093
0.01680643 3971.314
0.02289093 4019.888
0.03109199 4157.59
0.06915617 3887.694
0.08645578 3619.98
0.100801 3655.462
0.08486224 3627.209
0.1406604 3581.453
0.1209349 3593.019
0.09277822 3606.908
0.1006793 3597.827
0.07033979 3562.74
0.08756046 3568.721
0.07239594 3483.397
0.07677822 3536.307
0.1163228 3225.637
0.0668798 3334.213
0.04517397 2947.94
0.04381788 2933.447
0.04042405 3192.135
0.02768502 3196.637
0.0332631 3224.346
0.03393736 3410.43
0.02411138 3276.414
0.009891439 3462.438
0.01949858 3362.435
0.04330602 3499.782
0.03654473 3253.606
0.02528665 3134.765
0.02892676 3179.382
0.05355804 3235.955
0.03070092 3039.209
0.05413589 3199.243
0.05695942 3064.914
0.04413406 3016.028
0.03549197 3142.395
0.04532946 3226.44
0.04170401 3175.833
0.04959433 3365.041
0.06791581 3111.396
0.072524 3213.13
0.0668458 3046.26
0.1290264 3060.497
0.0772906 2992.015
0.09199073 3134.187
0.0817601 3479.609
0.07883483 3125.655
0.05244391 3244.757
0.05456239 3319.203
0.05705366 3567.055
0.05754246 3428.072
0.06621374 3343.024
0.08039592 3432.792
0.08956417 3453.621
0.07400133 3496.216
0.07582193 3515.463
0.05120386 3566.077
0.05935495 3427.022
0.04846879 3375.819
0.05077402 3700.479
0.03614436 3873.08
0.03508215 3880.759
0.03953975 3951.504
0.07886102 3812.132
0.08776824 3738.345
0.07069737 3610.115
0.07198466 3749.176
0.07150794 3489.938
0.07204782 3637.72
0.04022266 3537.302
0.05115173 3987.626
0.05181099 3960.801
0.03823026 3746.492
0.03291408 3862.853
0.02232961 3924.465
0.02379575 3897.819
0.04240686 3848.25
0.05811033 3577.868
0.03525654 3456.802
0.01856195 3586.761
0.009849016 3632.775
0.017118 3616.583
0.02026149 3760.838
0.02368969 3518.016
0.03692846 3764.69
0.04791671 3784.177
0.03302884 3629.853
0.04143351 3575.53
0.0288048 3794.265
0.03091772 4031.39
0.04176985 3769.912
0.06704769 4099.664
0.08590793 4120.417
0.09960515 4164.552
0.1310823 4215.811
0.157789 3989.303
0.1062065 4471.913
0.08832734 4492.787
0.06278968 4857.059
0.09597835 4930.395
0.07939463 4849.757
0.05532653 4895.21
0.05601926 5053.262
0.05516048 5410.846
0.07614505 5752.862
0.04651011 5943.831
0.03346204 6088.088
0.03126164 6198.924
0.01632938 6200.722
0.04807472 6212.18
0.04323263 5854.498
0.02397554 5731.415
0.03040656 5370.192
0.01846723 5377.652
0.007388833 5285.434
0.008195046 5460.168
0.01097621 5414.378
0.03473772 5858.445
0.0230877 5666.122
0.01185517 5573.929
0.0194849 5288.886
0.02349369 5353.108
0.02281287 5295.441
0.01945361 5615.661
0.0109186 5928.153
0.01102292 5656.65
0.006361853 5598.263
0.007410464 5083.143
0.01698002 5315.432
0.01316096 5398.31
0.03154466 5407.362
0.01078566 5168.732
0.02184038 5252.739
0.01401642 5222.626
0.004735283 5446.108
0.007675966 5511.749
0.01559226 5300.111
0.02585921 5293.619
0.02806433 5488.781
0.03535057 5437.423
0.05360271 5046.421
0.097905 4693.06
0.1124828 4884.066
0.06842359 4783.524
0.05439 5189.801
0.0642024 5077.828
0.03980356 4622.994
0.05591674 4684.352
0.01923796 4458.034
0.01802984 4435.296
0.03219818 4581.546
0.03977176 4488.094
0.04301032 4533.891
0.04172104 5214.051
0.03540138 5062.373
0.02854042 5206.395
0.0288369 4826.891
0.02643736 4681.59
0.0363494 4832.597
0.03247615 4990.721
0.03028753 4945.386
0.04176293 4927.779
0.05859384 4891.277
0.06372056 5203.297
0.06583596 5412.378
0.04918356 5438.242
0.02762329 5923.187
0.03787298 5472.403
0.04011268 5256.459
0.03476946 5164.688
0.04700857 5394.304
0.04094551 5474.587
0.03658407 4909.028
0.03427611 4936.593
0.02009516 4934.477
0.01743782 5129.439
0.02764825 5190.596
0.03299358 5565.755
0.03662137 5519.32
0.03483126 5448.351
0.03560417 5485.299
0.02919252 5612.625
0.02653437 5479.685
0.01307194 5362.865
0.0447625 5308.377
0.03930161 5205.239
0.02943288 5580.212
0.02854122 5587.736
0.02330796 5780.74
0.008655675 5910.916
0.01076586 6323.653
0.01200253 6092.752
0.01530551 5804.501
0.01965958 5559.896
0.01967473 5594.661
0.0292411 5318.538
0.01382289 5568.226
0.03871889 5460.38
0.03736668 5136.01
0.02929645 5038.114
0.03173636 5150.67
0.03756634 5144.556
0.02462612 4837.3
0.02335035 4879.384
0.02754495 4748.088
0.0193133 4587.175
0.02505354 4880.257
0.0173936 5224.036
0.009086892 5061.083
0.01785435 4911.274
0.02490172 5022.531
0.01593154 5004.789
0.01533724 5150.409
0.01183002 5371.324
0.02340011 5717.592
0.01442039 5615.175
0.01147185 5515.551
0.02416416 5240.918
0.03245022 5151.005
0.03636746 5550.829
0.04067041 5380.1
0.03088835 4979.343
0.03739266 5264.688
0.05000426 5140.488
0.05413741 5269.401
0.03050753 5239.714
0.04143362 5447.91
0.04408846 5106.42
0.08201122 4574.467
0.0661867 4244.44
0.06610675 3676.989
0.06129641 3370.373
0.057734 3590.106
0.08275748 3579.782
0.06587534 3816.287
0.05308312 3614.686
0.06487762 3532.591
0.04766022 3841.23
0.06643697 3909.45
0.09943733 3883.713
0.1052907 3964.019
0.09955493 3725.051
0.06248614 3601.85
0.0630492 3701.273
0.04195984 3625.685
0.03109531 3688.439
0.03231744 3698.672
0.01566899 3691.866
0.01057659 3838.722
0.01518167 3874.742
0.03462326 4152.754
0.05657685 4052.736
0.04822724 4235.416
0.0409747 4425.287
0.03679949 4505.5
0.01432052 4486.247
0.01059181 4395.355
0.02336674 4365.551
0.01605413 4238.836
0.02140382 4131.185
0.02494646 4085.44
0.02901555 4112.515
0.03065419 4332.648
0.05279722 4426.983
0.03972591 4373.635
0.06525361 4250.197
0.06622217 4900.081
0.05427712 4925.271
0.03268164 4601.346
0.03126568 4608.521
0.04468392 5019.063
0.04001427 5306.263
0.0324754 5332.089
0.01398865 5464.744
0.01947319 4856.954
0.02060309 5239.293
0.02348993 5173.809
0.0298086 5334.448
0.0344392 5533.681
0.05572983 5551.965
0.04115975 5672.022
0.05230136 5686.394
0.05930205 5612.832
0.05936187 6056.819
0.05158851 6176.297
0.05049882 5671.25
0.04957882 5901.487
0.06281661 5744.528
0.08802419 5927.105
0.05307847 6168.681
0.04313482 6219.7
0.05091514 6322.536
0.03813376 6662.833
0.02795899 6133.245
0.01855155 6060.386
0.009610947 5659.218
0.02734584 5197.557
0.03152157 4950.586
0.04135465 5456.395
0.03384044 5347.619
0.01591822 5292.538
0.01133825 5093.292
0.01097738 4837.964
0.01253898 4755.205
0.0156041 4796.937
0.01004227 4929.162
0.03211532 4983.636
0.02835663 4939.035
0.03456873 4836.902
0.0274036 4908.734
0.02450141 5144.89
0.03780142 4952.744
0.04135378 5368.773
0.01836139 5306.161
0.02763259 5246.638
0.0268435 4966.76
0.02821757 5089.657
0.05191327 4876.165
0.04660585 5066.235
0.03714746 4987.137
0.06154123 4854.12
0.06699173 4483.718
0.07728032 4509.023
0.06903084 4373.8
0.03895984 4552.61
0.03139346 4566.023
0.02419978 4542.686
0.0175227 4461.986
0.009628079 4225.884
0.02902724 3827.974
0.02350082 3514.338
0.02635347 3531.145
0.01760596 3495.422
0.006929956 3336.789
0.01061959 3581.28
0.007360124 3495.09
0.01162366 3674.227
0.01761633 3704.745
0.008098036 3408.172
0.01594968 3525.204
0.03049858 3542.743
0.04928198 3935.978
0.05801643 3936.081
0.06607752 3776.956
0.1053869 3862.664
0.07829703 3751.509
0.09351393 3913.428
0.0856977 3919.29
0.1129892 3667.484
0.05906796 3585.573
0.05556313 3125.065
0.06772663 3096.383
0.04850374 2947.256
0.02964345 3167.335
0.04163777 3176.228
0.04862136 3286.257
0.03828598 3492.174
0.04541383 3758.229
0.03287159 3515.327
0.03651393 3455.518
0.03399246 3567.416
0.03602986 3416.021
0.04051205 3693.468
0.03835004 3723.78
0.02769101 3651.231
0.04886137 4012.654
0.04406559 3952.407
0.04092677 3851.832
0.04494828 3662.357
0.0380282 3879.918
0.04642916 3767.196
0.03187149 3791.585
0.04398894 3921.207
0.03201477 3784.58
0.03309396 3817.817
0.01976461 4122.984
0.0128226 3776.651
0.01997459 3744.878
0.01191931 3513.889
0.01421178 3463.747
0.007489232 3453.107
0.008977788 3616.893
0.003199056 3689.93
0.008297064 4029.638
0.01378871 3958.182
0.007225484 3755.992
0.01425937 3748.648
0.006337839 3814.795
0.02206913 3940.24
0.02524392 4010.803
0.0117479 4209.909
0.01505902 4290.335
0.02191857 4316.26
0.02866328 4335.07
0.02634237 4466.725
0.01908523 4369.97
0.01654548 4277.681
0.01055934 3957.986
0.004096867 3768.725
0.009400431 3716.065
0.02126928 3610.389
0.03193077 3690.92
0.03601706 3544.897
0.05535987 3529.175
0.03462212 3653.705
0.05096456 3593.494
0.05185466 3870.447
0.06503806 3553.72
0.08950165 3768.405
0.08013887 3700.977
0.07645513 3852.023
0.05972077 3801.519
0.02444852 3893.712
0.01749607 3800.46
0.02965891 3677.945
0.0456196 3935.301
0.04088071 3803.309
0.03002148 4028.137
0.02416281 4155.582
0.02962722 4249.046
0.008539279 4607.597
0.009865254 4820.758
0.02427632 4474.5
0.03541036 4848.729
0.01828301 4579.028
0.02351924 4538.136
0.0305299 4779.881
0.03403083 4926.886
0.01922489 4647.026
0.03450284 4849.592
0.03278688 4706.244
0.03144965 4305.317
0.02960775 4207.954
0.04157298 4272.837
0.04416359 4357.785
0.03489085 4445.487
0.04223471 4506.008
0.05361337 4398.215
0.05214717 4116.345
0.03684541 4041.037
0.05204875 4211.526
0.08883437 4294.744
0.0890748 4204.091
0.05438887 4547.965
0.0486959 4675.801
0.04161685 4792.804
0.03568051 4832.288
0.015173 4889.259
0.0374756 4729.747
0.03667645 4415.337
0.03036026 4602.516
0.04007887 4431.826
0.0561973 4816.296
0.06624355 4530.784
0.07755575 4336.896
0.08472959 3982.181
0.05647776 4044.946
0.03408124 3628.361
0.03226009 3650.471
0.01631796 3898.26
0.01994777 3790.334
0.01242032 3871.076
0.01495188 3970.442
0.03233813 4012.198
0.02433875 4246.877
0.03155534 4431.132
0.02067782 4385.571
0.01395436 4236.824
0.01102172 3959.846
0.03332399 4206.848
0.03965484 4223.442
0.02833751 3777.85
0.03054519 3728.772
0.02547391 3757.215
0.03373846 4136.524
0.01688004 4193.782
0.02038626 4130.188
0.0377269 4300.954
0.03097931 4181.909
0.04111135 4089.904
0.03412902 4177.512
0.03318874 3905.906
0.02594875 3990.334
0.03747109 3952.662
0.0350066 4030.294
0.03652648 3887.668
0.02866637 4044.77
0.02279891 4008.365
0.02114487 4240.272
0.02681227 4427.696
0.05466247 4183.768
0.06269435 3853.669
0.04671354 3461.59
0.0756531 3264.3
0.05638278 3296.395
0.04849418 3068.804
0.05600677 3199.309
0.05028295 3027.406
0.06581521 3152.763
0.07685082 3036.221
0.06594254 3039.8
0.07694658 3020.742
0.05457051 2911.991
0.05161322 2912.356
0.03910126 3103.519
0.03766072 3007.289
0.03211578 2770.449
0.02891181 2875.837
0.01796193 3075.104
0.02001603 3162.861
0.04403937 3165.972
0.03320561 2938.529
0.02549861 2820.049
0.03895951 2933.089
0.05697323 3033.655
0.06320786 3114.689
0.07326725 2963.468
0.05279475 2837.652
0.07251786 2994.12
0.08549474 2978.472
0.126551 3043.257
0.1038297 3084.811
0.08143439 2923.981
0.05124917 2850.786
0.03923419 3014.657
0.0453764 3035.452
0.06164074 3031.582
0.06340979 3008.991
0.08888074 3124.264
0.06423689 2984.665
0.08383062 3024.842
0.09320968 2807.033
0.09190931 2754.055
0.07544272 2822.309
0.06753265 2793.653
0.05164464 2901.441
0.05603158 2977.574
0.0644007 2789.571
0.03840139 2691.91
0.01947934 2755.634
0.02147352 2899.213
0.02305041 2784.127
0.02221147 2543.869
0.03668068 2656.11
0.04226521 2701.567
0.04256235 2620.052
0.04213584 2802.752
0.06068584 2934.924
0.02271006 3107.162
0.03418604 2924.898
0.03818539 3114.761
0.04538949 2889.541
0.02705914 2815.718
0.03108569 3043.644
0.03022785 2953.713
0.02087748 2842.525
0.04550832 2872.603
0.04018249 2915.065
0.04932386 2890.886
0.04601078 2916.937
0.04947663 2919.948
0.05702509 2749.429
0.05254092 2733.021
0.04045387 2848.216
0.04742883 2951.036
0.05659792 3140.528
0.06890526 2998.331
0.06096485 3264.383
0.09621489 3428.18
0.09826547 3302.638
0.08856654 3271.88
0.07748449 3401.958
0.07404121 3652.593
0.06102635 3856.035
0.0571325 3677.89
0.06342425 3808.388
0.05731705 3551.523
0.03230771 3572.406
0.04535963 3645.604
0.03145373 3546.087
0.04132161 3634.11
0.03824791 3649.878
0.05038415 3694.187
0.0347272 3739.115
0.04623232 3907.625
0.03161955 3783.91
0.05393571 3707.749
0.05605759 3876.42
0.06580415 4189.983
0.06684632 4302.699
0.07449648 4771.046
0.08394747 4898.659
0.09598345 4829.798
0.1047405 4987.651
0.09646801 5052.61
0.1119868 5118.803
0.09526301 5171.715
0.07637474 5271.345
0.02710236 5393.974
0.02504613 5517.674
0.03670552 5622.436
0.02542801 5548.629
0.02393254 5637.954
0.03263308 5557.05
0.02846282 5505.737
0.02041905 5931.212
0.02223769 6338.908
0.05659069 6341.019
0.05392814 6341.23
0.02674901 6441.6
0.02954336 5912.237
0.03322312 5738.325
0.05863138 5645.147
0.03877449 5433.412
0.04631495 5412.6
0.03816016 5306.847
0.02480649 5040.555
0.04073745 4976.88
0.03477552 4995.019
0.02222951 5269.573
0.02816235 5538.28
0.02210235 5652.238
0.02733785 6302.116
0.03505618 6555.518
0.04044099 6729.074
0.03799091 7080.784
0.032039 7737.887
0.01748169 7654.076
0.01803308 7706.14
0.01671767 8491.999
0.01593493 7910.946
0.01599661 7413.422
0.02749447 8163.012
0.04073463 7486.222
0.02249519 7392.55
0.04775673 7641.095
0.06979872 8230.791
0.05636828 7995.698
0.05355461 8056.631
0.0584252 8384.548
0.04417888 8602.847
0.04552423 9081.774
0.04568154 8417.704
0.03365494 8288.718
0.03002131 8770.908
0.02834521 8899.17
0.02774637 8260.137
0.01949202 8288.405
0.02004259 8588.779
0.03153459 8927.291
0.0520734 9153.448
0.05291449 8753.792
0.06589689 8859.444
0.05811632 8492.726
0.06282645 8759.138
0.07712616 8312.089
0.08702497 8726.153
0.05032538 8740.477
0.04139683 8475.56
0.01648523 8347.724
0.01199401 8358.538
0.01921955 8779.587
0.01941895 8809.038
0.02098289 9072.899
0.009080777 9414.38
0.007871214 9501.34
0.01508744 9567.52
0.01483377 10521.27
0.01067815 10543.59
0.005097589 10106.88
0.001375168 10065.04
0.005941232 9369.366
0.008679529 9036.83
0.005889804 8919.635
0.01450718 9381.963
0.01770239 8548.6
0.01295909 8737.276
0.02763447 8532.38
0.02656088 8716.496
0.05851457 9373.417
0.03130597 10152.69
0.0320282 9804.346
0.01399621 9899.35
0.008227606 9622.69
0.01422655 9333.576
0.03317686 9964.985
0.03983327 9750.962
0.0317092 10877
0.04946308 10200.12
0.02720756 10245.8
0.01807677 10315.38
0.01115358 9751.921
0.0280233 9991.923
0.01536862 9339.01
0.02032395 8954.443
0.0006814733 8872.328
0.01086295 9011.154
0.01500137 8776.38
0.01112269 8737.641
0.007263877 9076.152
0.00621258 9388.643
0.004682031 9666.024
0.0005344849 9248.95
0.001150162 8983.193
0.005371218 8903.418
0.01170025 8917.228
0.02519308 8505.867
0.01011721 8409.133
0.01595601 8267.078
0.02352124 8385.696
0.03165452 7858.483
0.02336326 8624.061
0.03354353 9167.831
0.05893975 9333.484
0.02807337 9410.012
0.05989186 9277.515
0.04916674 9524.404
0.04991261 9978.431
0.03556234 9338.036
0.06036417 8927.579
0.05273142 8689.818
0.06621483 8511.016
0.06560957 8778.639
0.04940739 8780.875
0.0450294 9283.651
0.04650534 9138.227
0.03819461 9328.764
0.04112859 9250.223
0.02930422 9385.108
0.0339519 9102.867
0.04656526 9254.116
0.03702206 9214.005
0.03122729 9130.165
0.03665138 9782.131
0.0307141 9303.478
0.02263033 9779.128
0.01365427 9779.992
0.0212254 10162.84
0.0164373 9897.707
0.001373567 10389.5
0.006576421 10593.48
0.01426313 10813.4
0.004691345 10806.91
0.00323148 11918.24
0.00775342 10923.88
0.01738958 11438.98
0.03057011 11311.23
0.01517093 11796.31
0.02460645 11696.85
0.01870988 11450.55
0.03234637 11977.98
0.01660378 12952.37
0.02359312 13860.49
0.01617392 13447.05
0.01439316 12976.44
0.0214859 12489.97
0.04141203 12395.33
0.03997138 12310.55
0.03088712 12681.06
0.03402004 13285.62
0.04075621 13507.66
0.03344485 13319.19
0.02635226 13127.8
0.02465174 13152.28
0.02657814 12901.68
0.01154273 13342.61
0.02054902 13044
0.009284575 13456.28
0.01645336 13038.16
0.03019857 12442.16
0.01802925 12600.73
0.01051559 12011.66
0.00743101 12198.89
0.00547085 12074.86
0.01065752 12505.43
0.008465207 13563.51
0.01307919 13169.32
0.01464613 13286.89
0.02291134 12647.29
0.04421851 12054.82
0.05751552 11431.84
0.05053856 11096.94
0.06688969 11674.75
0.04230641 12923.38
0.04178221 13656.06
0.02791011 13280.74
0.02879954 13580.57
0.02135594 14597.07
0.00953252 14848.81
0.01353372 14951.75
0.01182143 14865.69
0.01200993 14318.7
0.04604029 14619.56
0.03661397 13577.97
0.03087415 13702.08
0.0248003 14031.02
0.02471992 12679.34
0.01447571 12811.42
0.01550511 11970.82
0.008660021 11230.93
0.005686363 10865.96
0.01809313 10215.85
0.01569896 9655.121
0.009460299 9958.085
0.01951332 10257.36
0.02233145 10186.71
0.01490144 11835.99
0.01198378 11658.52
0.02802852 12384.68
0.04112056 11719.11
0.05245264 11607
0.03634767 12039.31
0.03465413 12552.19
0.02434211 12276.34
0.004281528 13605.17
0.002011274 14152.08
0.003856222 15137.16
0.009224739 14857.74
0.01623007 14658.86
0.03835021 14522.61
0.03561951 13204.01
0.02652912 14306.28
0.02937968 14309.94
0.006948533 13753.98
0.01036611 14167.28
0.01468036 14342.53
0.01833364 14640.37
0.02012994 15317.95
0.02347591 16087.06
0.0227257 14641.63
0.03303829 14738.35
0.02046682 14351.81
0.02951265 13564.15
0.02937444 12862.2
0.008325551 12859.94
0.0235618 14267.34
0.0182446 14335.26
0.006928095 14812.01
0.01927618 15567.46
0.03248873 16859.13
0.01911811 17522.29
0.01400943 16744.93
0.02287016 15911.41
0.008478225 15937.14
0.009886068 15145.76
0.003874465 15996.94
0.002883387 15909.59
0.01023904 15658.92
0.01848643 15519.45
0.007204948 14963.42
0.007098321 14665.12
0.01411904 15729.09
0.01758589 16195.02
0.0162192 15818.69
0.03141909 14757.58
0.03562776 15182.4
0.03607545 14525.5
0.03123627 13402.99
0.0389283 13870.2
0.02651015 14846.6
0.01237667 14667.72
0.01735654 15291.88
0.008073846 15539.5
0.006959405 15112.71
0.002266681 14747.82
0.001805401 14028.77
0.01158382 13506.4
0.00893094 13952.18
0.009792286 13959.27
0.01442214 14407.44
0.01254177 15026.91
0.02296557 15162.69
0.01418502 14375.23
0.002394079 14016.32
0.005569378 13663.8
0.008267369 12964.48
0.003350222 12018.93
0.01101052 11772.39
0.007499645 11201.13
0.009254642 11990.74
0.00803435 11786.83
0.008706092 10960.32
0.006170103 10987.89
0.004142076 10625.93
0.006644925 10728.29
0.01575178 10250.63
0.003920038 10322.39
0.01182246 10682.04
0.01509039 10541.16
0.01271585 9918.984
0.02603958 9824.778
0.02484135 9059.959
0.01904884 8952.082
0.01248841 8953.016
0.002968332 8603.675
0.004080292 9108.105
0.00241179 8630.517
0.005439177 8851.637
0.01030743 9795.729
0.01171037 9669.609
0.01838338 9722.156
0.009840403 10394.61
0.01194452 10635.95
0.01803777 11379.39
0.01648439 11119.17
0.01060406 11399.89
0.01158163 11483.27
0.010344 11371.16
0.008915031 11870.3
0.005715753 10476.37
0.01227079 9674.224
0.009702677 9259.435
0.01740387 9828.626
0.01742274 10074.61
0.01299025 10630.87
0.01467047 9458.363
0.01293967 9522.075
0.01654543 9327.937
0.02534785 8913.07
0.01673018 9137.034
0.01665841 8876.437
0.020792 9187.528
0.01235708 9139.415
0.01734906 9498.756
0.02936587 9736.858
0.04667756 9174.9
0.03663464 9290.462
0.03949909 9503.181
0.06013345 9030.322
0.06040075 9122.084
0.03913392 8609.632
0.03565926 9014.724
0.03200417 8641.075
0.02715097 8642.018
0.03810207 8546.596
0.01831441 8440.552
0.02143084 8597.938
0.01377956 8450.963
0.02431925 8548.551
0.0260231 9526.232
0.02028841 9311.506
0.02323214 9669.539
0.01369831 9588.481
0.007361528 10022.31
0.007469211 9385.521
0.02189355 8391.373
0.0472388 7874.311
0.02839932 7781.087
0.02845004 7873.027
0.04399934 8131.403
0.04962852 7695.547
0.02537355 7891.313
0.0360763 7722.017
0.04279965 7377.938
0.03886694 7058.277
0.0406923 6696.366
0.044101 6142.44
0.04149778 6282.08
0.04482331 6422.051
0.04567232 6685.158
0.04889168 6510.027
0.03444436 6274.62
0.03068134 6011.061
0.02341679 6007.085
0.02724134 5854.727
0.03772934 5771.404
0.03230043 5990.361
0.03599867 5952.65
0.04073704 5833.492
0.02644187 5724.402
0.02515189 5577.212
0.02876335 5586.709
0.01546843 5564.855
0.02868176 5426.797
0.01682078 5401.781
0.01874089 5060.686
0.04362828 4658.542
0.04504079 4618.013
0.06409491 4582.77
0.0496556 4622.118
0.04659465 4922.836
0.04598612 4788.774
0.03220124 4839.442
0.04772119 4806.811
0.02441459 4911.86
0.04431455 4897.58
0.02310329 4863.948
0.02177696 4502.801
0.01894324 4389.163
0.01081997 4392.662
0.005368879 4661.086
0.01077507 4979.63
0.01930977 4772.229
0.01988509 5332.895
0.0293836 5140.568
0.02854904 4819.861
0.0436926 5141.126
0.03034098 5380
0.0371851 5280.871
0.04175392 5583.8
0.03477686 5771.304
0.01251218 5646.596
0.01572937 5870.14
0.0396503 5999.446
0.03180558 5984.575
0.05644239 5963.469
0.01860408 6325.229
0.02670848 6217.599
0.0267211 6706.251
0.03139687 6514.989
0.02754424 6261.893
0.03548332 6134.617
0.04918567 6319.054
0.03277551 6255.514
0.03102705 6505.909
0.03631665 6580.544
0.03372987 6893.106
0.04565416 7217.977
0.04180347 7810.675
0.02910701 7302.571
0.03763735 7834.265
0.03369333 8224.623
0.03117205 8838.594
0.02566621 9279.491
0.02765149 8508.493
0.0142298 8502.22
0.01590476 8313.207
0.005486298 8620.197
0.008153293 8516.237
0.0102564 8785.382
0.00870372 8712.827
0.02743151 9345.3
0.02980802 8796.291
0.02899151 8550.833
0.0175497 9222.084
0.006975215 8445.067
0.002930279 8772.056
0.006150833 8365.231
0.01085365 7904.974
0.02548217 8092.961
0.01816293 8142.036
0.0174143 8092.208
0.03753436 8378.488
0.04135141 8519.092
0.03782062 8729.227
0.0519033 8231.531
0.04069299 8500.488
0.04554463 7787.484
0.03014588 7843.857
0.02967052 7964.836
0.0266013 7731.185
0.03415319 7385.959
0.02764076 7257.967
0.01973853 7708.779
0.02132707 7873.297
0.0210433 7621.731
0.008433037 8577.556
0.003007912 7919.127
0.01055961 8719.224
0.01105807 8710.419
0.01964621 9130.679
0.01493212 8706.871
0.01990366 8416.886
0.01468117 8655.243
0.02276926 8211.882
0.01567251 7300.473
0.01887693 7045.03
0.0426461 7221.175
0.03129681 7120.718
0.03266199 6832.994
0.04425697 6566.25
0.06573419 6725.451
0.05913563 6764.091
0.03702102 6924.878
0.02850844 6995.408
0.03557883 6673.914
0.07081426 6505.177
0.04413866 6853.899
0.0303739 7086.389
0.0354989 6585.955
0.04856527 6370.362
0.07135502 6748.733
0.09109255 6472.615
0.05836843 5938.043
0.06638243 6002.923
0.03062935 6383.022
0.04772413 6628.531
0.04794941 5985.209
0.03368415 6268.204
0.021908 6761.006
0.01358686 7122.504
0.0235046 6936.102
0.03683337 6605.984
0.03042948 6735.774
0.03631217 7019.152
0.04193983 7247.11
0.03530477 7016.486
0.0237468 6816.967
0.02431175 6775.725
0.03110132 6991.669
0.02585378 7140.282
0.03326774 7196.765
0.02936454 7314.862
0.02766578 7301.791
0.0245145 6938.235
0.03081161 6421.885
0.01571997 6731.253
0.03235077 6668.029
0.01643593 6925.634
0.04199586 7156.706
0.05084482 7757.103
0.04409615 7822.14
0.03284358 7628.307
0.04916162 7718.748
0.02821905 7426.368
0.03819337 7459.097
0.06022659 7388.678
0.0407367 6685.731
0.04586021 6614.974
0.05115367 6749.555
0.0562508 6465.218
0.05007297 5996.609
0.07678071 6101.212
0.05875847 6512.903
0.05858085 6976.111
0.04329727 7326.973
0.04522996 7563.899
0.04943408 7464.259
0.03770719 7569.795
0.04872679 7334.107
0.03297573 7907.16
0.04056794 7815.433
0.02650678 8066.061
0.00281888 8029.099
0.004013259 7503.109
0.002760619 7148.624
0.003500365 6763.665
0.000391886 7165.306
0.0006309735 7442.733
0.001850082 7624.089
0.001762371 8531.162
0.01015916 8544.383
0.009637275 7761.602
0.004216932 7789.522
0.008968726 7636.845
0.00142621 7633.813
0.00225079 6971.212
0.002615419 6555.636
0.004933724 6262.877
0.01343146 6704.555
0.007554343 6676.196
0.01630923 6322.058
0.03065395 6006.431
0.03179311 5937.242
0.03150384 5839.554
0.02155309 5705.898
0.0388154 5844.129
0.05706857 5599.268
0.03038497 5361.47
0.02093884 6025.182
0.02177432 5989.42
0.01486451 5761
0.009379784 6187.257
0.02491769 6267.825
0.04067192 5958.008
0.02904752 5748.78
0.03056121 5946.5
0.02019034 6382.685
0.03711213 6312.579
0.02174115 6471.393
0.01432718 6531.791
0.007039317 7055.391
0.008006937 7198.331
0.004897153 7298.657
0.01888917 7731.258
0.03284399 7239.821
0.02484562 6935.043
0.02043755 6674.181
0.04075267 6525.808
0.04187948 6677.674
0.0564219 6909.949
0.0307214 6969.125
0.03934307 6868.477
0.02705275 6301.899
0.01700718 6403.13
0.01738559 6778.574
0.02315231 6794.868
0.02164891 6706.818
0.02809402 6962.493
0.02693627 6844.913
0.03552759 6923.846
0.01984746 6871.027
0.01870836 6864.914
0.01606459 7521.832
0.01097758 7397.55
0.02548906 7539.686
0.03897674 7413.558
0.03194434 7421.053
0.0163629 7178.82
0.02157671 7032.93
0.01810183 6531.579
0.0306126 7186.013
0.02859456 6989.648
0.03043317 7046.289
0.02397089 7006.7
0.02116191 6478.62
0.04157654 6162.99
0.03320547 6303.433
0.007958489 6120.695
0.01477398 5992.63
0.01066096 5670.143
0.01214549 5550.678
0.005868491 5544.088
0.01121184 5784.199
0.01765903 5699.906
0.01685549 5991.12
0.01069784 5959.299
0.0132584 6361.181
0.008914928 6211.33
0.02518803 5956.525
0.02176094 5959.338
0.00969719 6091.305
0.0120186 6441.017
0.02019507 6656.029
0.00829882 6493.028
0.03212021 7033.807
0.04226422 7802.091
0.03009738 7830.163
0.03685376 7927.642
0.04388103 7404.061
0.0559329 7594.174
0.05578732 7549.835
0.02927133 7233.106
0.03322741 6860.881
0.01763405 6634.895
0.01806419 6529.497
0.01261313 6575.342
0.0229548 6143.318
0.0330209 6178.882
0.01961952 6096.754
0.0226578 6355.479
0.03291762 6431.686
0.02159196 5785.346
0.02712578 5813.773
0.02366945 5515.473
0.04107182 5587.463
0.06830242 5451.138
0.04962136 5389.74
0.05435494 5286.336
0.03304047 5386.575
0.04371257 5534.586
0.0418934 5554.206
0.04141706 5247.322
0.01913115 5562.905
0.01473024 5571.368
0.01414908 5549.978
0.009965008 5830.234
0.006941237 5892.745
0.01023586 5797.096
0.00593881 6308.397
0.003845993 6134.286
0.001845019 6461.702
0.004198997 6497.952
0.01063542 6874.686
0.01127259 6695.923
0.03183261 7007.793
0.03529734 7280.462
0.03007288 7586.164
0.01101607 7050.417
0.03168144 6917.584
0.04393989 6883.662
0.04236046 6525.507
0.03886625 6234.704
0.01622025 6042.092
0.01791228 6360.666
0.02388953 6674.132
0.02501309 6960.417
0.01812061 7434.035
0.02121846 7547.372
0.01339373 7639.217
0.0181151 7006.538
0.0262629 6287.412
0.02509715 6756.345
0.02852423 6171.009
0.01688121 6733.256
0.01722334 6606.999
0.02616301 6456.995
0.01977936 6154.553
0.03197292 5930.685
0.03601437 5926.888
0.04516592 6039.957
0.04873987 6566.928
0.07102098 6219.12
0.0483746 6188.981
0.0627363 6628.904
0.05850928 6256.273
0.04816303 6637.921
0.02566496 7089.436
0.02788979 7407.739
0.01519902 7991.758
0.05171347 7613.916
0.05277212 7515.605
0.03326666 7021.686
0.03284747 7125.475
0.02294383 7455.097
0.04524427 7970.128
0.04793684 8627.2
0.03270941 7939.866
0.02696474 8136.292
0.01658904 7922.18
0.02216365 8756.759
0.007875474 8915.458
0.02142762 9059.262
0.006392082 8942.071
0.009260951 9033.171
0.007911234 9017.205
0.01232419 8892.769
0.01714727 8540.034
0.02746475 8982.369
0.01591726 9202.814
0.01934902 9292.3
0.01657131 9456.547
0.006918334 9881.956
0.01056748 10358.85
0.005613355 10322.38
0.01161408 10615.5
0.01117319 10589.99
0.008706072 10511.44
0.007239684 10602.06
0.00283695 10962.73
0.01262334 11840.73
0.01627064 11638.49
0.01993288 11145.78
0.03389123 10939.49
0.01836254 11075.3
0.03623928 11030.35
0.02780775 9937.754
0.0179766 10017.61
0.01705393 10165.45
0.01237835 10147.95
0.006508752 10830.95
0.005141295 10324.52
0.01000373 10544.43
0.006760024 10227.98
0.004424045 11038.85
0.008146174 11057.42
0.01051425 10518.44
0.0122048 10397.16
0.03378613 9587.798
0.03138425 9809.734
0.03986673 9578.274
0.03089577 9301.725
0.03253274 9377.589
0.02142233 9248.431
0.04097528 9011.011
0.04201266 9149.288
0.04810931 9506.974
0.05636306 8743.313
0.07209358 8731
0.0566447 9150.616
0.05661739 9611.14
0.02030575 9441.507
0.03802329 9506.347
0.02566192 9013.42
0.03013462 8909.606
0.00920311 9071.095
0.01024666 9342.804
0.009202552 9403.635
0.02099536 9492.188
0.02940354 8962.668
0.02147718 9079.068
0.01672409 9520.401
0.01125453 10471.41
0.007476815 10989.92
0.006306515 10511.95
0.01103709 10622.05
0.01006141 10228.67
0.01563499 10853.19
0.01950218 10748.01
0.01025785 10915.75
0.006872756 10999.88
0.004537647 10865.01
0.006710489 10465.43
0.008531811 10893.25
0.007594643 10633.15
0.002692955 9862.092
0.002074069 9178.219
0.01380036 9090.448
0.02793847 9256.166
0.02592141 10047.52
0.04398196 9610.299
0.05490288 9885.094
0.04589923 9826.978
0.037078 10164.86
0.03940712 10669.23
0.04395928 9929.851
0.02725769 9483.24
0.02243207 8888.472
0.03128427 8758.288
0.03773963 9527.507
0.04080224 9842.631
0.05417641 10447.37
0.02680175 9417.994
0.03703335 9180.323
0.02862131 9058.87
0.01433358 9187.848
0.009877693 9257.585
0.02461189 8792.189
0.02490134 7786.727
0.03488308 7642.028
0.03836057 7462.684
0.02653563 6832.514
0.016539 6702.275
0.02865319 6531.024
0.03443624 6671.328
0.0339105 6769.267
0.03621682 7053.63
0.02759784 6823.022
0.02996398 7354.306
0.009642656 7498.146
0.01741867 7951.891
0.02403501 7665.395
0.01947769 7656.168
0.0209696 7989.08
0.01341119 7514.774
0.02682841 7221.279
0.03615256 7302.965
0.03880913 7277.638
0.03280684 7416.695
0.03894062 7431.786
0.04484141 7403.454
0.03363983 7766.649
0.02790518 7446.297
0.02413554 6838.711
0.04446742 6623.706
0.04047662 7055.323
0.04104285 7422.766
0.02210931 7630.425
0.01435505 7876.073
0.006162155 7784.138
0.01363494 7774.305
0.01076537 7410.9
0.01486307 6643.355
0.0219377 6958.354
0.03950949 6921.421
0.02054342 6807.326
0.01933012 6651.054
0.02420221 6742.184
0.008831161 7465.456
0.007315137 7696.353
0.0119416 7811.561
0.006732339 7860.169
0.01670295 6855.598
0.01174097 6779.87
0.01859319 7086.15
0.01732235 7602.427
0.0269055 7308.874
0.03214874 7342.351
0.06294331 7458.964
0.04769347 7284.063
0.02079853 7408.901
0.03767483 7575.232
0.05463612 7348.37
0.0411372 7716.203
0.03309773 7701.629
0.04545267 7557.87
0.06210232 7291.442
0.02810601 8002
0.02095613 8310.396
0.02830732 9000.131
0.02306368 8470.809
0.02733175 8538.785
0.03919239 8194.11
0.0347664 8149.961
0.03307109 7934.95
0.03591548 7940.283
0.02351196 7856.947
0.02666257 7559.065
0.02527717 7662.939
0.0336468 8170.625
0.04201835 7844.498
0.04538655 7694.551
0.05263343 7232.6
0.03816791 6898.215
0.04336776 7087.361
0.02610176 6490.709
0.03706934 7132.158
0.01892493 7247.072
0.01860144 7461.025
0.008581317 7897.75
0.008979096 7732.774
0.002910639 7878.896
0.01094212 7631.797
0.03650821 7553.129
0.04487085 8202.963
0.02419619 8250.115
0.02824807 8930.187
0.04261405 8335.751
0.03426003 8537.327
0.04605372 9369.727
0.02818173 9224.146
0.01659606 9056.823
0.02534187 8881.105
0.01690723 8853.79
0.01058781 9443.917
0.009788556 9519.604
0.003410458 9771.634
0.005421675 10382.99
0.006417707 9483.707
0.01226947 8840.738
0.01344125 8434.314
0.01230222 8251.581
0.006410209 7962.161
0.001557124 7394.458
0.001074372 8143.614
0.0106958 8290.208
0.01586675 8135.175
0.01702667 8001.29
0.003484766 8102.698
0.00569996 7892.295
0.007906434 8101.725
0.02139649 8148.776
0.04178222 8192.424
0.06255096 7657.164
0.0683524 7675.344
0.08335369 8079.623
0.06031273 8380.292
0.05668616 7555.871
0.04196005 6989.845
0.04170282 7113.562
0.03666771 7788.863
0.04178381 7654.854
0.04812883 8005.707
0.04540877 7487.08
0.04989072 7367.553
0.05015144 7244.967
0.03588897 7201.858
0.04203532 7031.193
0.03971336 6982.079
0.03146054 7480.095
0.0370066 7626.622
0.05375687 7315.326
0.05609424 7338.847
0.04925075 7311.403
0.0454771 7774.046
0.04931476 8033.846
0.06165988 8343.928
0.04561743 8371.347
0.0226709 8034.17
0.02898141 7774.162
0.0216965 7292.838
0.02529364 7221.119
0.009117785 6981.387
0.01873635 7305.519
0.00876277 7479.965
0.01085082 7279.602
0.01582818 6836.845
0.03882634 7259.909
0.03805259 6529.747
0.0373227 6612.609
0.06657483 6603.138
0.05977939 6395.875
0.02407221 5822.068
0.04754044 5632.486
0.06288925 5882.063
0.05959688 5562.631
0.05067417 5699.225
0.05591851 5169.651
0.05012881 4876.541
0.04787284 5101.707
0.0311459 4986.397
0.03037553 5267.701
0.03515273 4972.18
0.04305355 5190.757
0.01960395 4668.762
0.02211879 4481.959
0.04530592 4798.596
0.03568411 4459.962
0.03338259 4478.045
0.04474431 4559.862
0.03546596 4654.287
0.02783574 4868.086
0.03033013 4793.632
0.02898848 4883.777
0.06973516 4861.03
0.03419424 5066.313
0.02614522 4910.8
0.02327403 4996.276
0.02160714 4566.867
0.01985244 4391.221
0.0272459 4513.644
0.03452532 4763.61
0.03822994 4447.587
0.07673573 4387.242
0.09514746 4526.834
0.1276316 4321.37
0.1347272 4588.454
0.09755403 4427.27
0.1455293 4494.225
0.1086277 4498.955
0.1320092 4948.667
0.1296239 5149.39
0.1426914 4974.724
0.09371082 5189.945
0.06531776 5675.991
0.0857141 5654.698
0.063895 5840.417
0.04598652 5994.73
0.02945673 6179.294
0.03157351 5657.182
0.01016192 6085.232
0.02374886 6233.124
0.0172868 6259.775
0.01536973 6603.691
0.0173769 6536.966
0.01354856 6679.346
0.03194751 6662.728
0.03408918 6847.251
0.02510681 6852.791
0.0411726 6602.168
0.02338754 6156.18
0.04168036 6267.224
0.06154353 6215.849
0.07753435 6261.476
0.06906284 6429.616
0.03418879 6569.805
0.02221166 7430.041
0.01678479 7537.369
0.007491116 7846.45
0.01386291 8000.237
0.01076325 7796.273
0.03158536 7088.919
0.03028863 7140.264
0.01798174 7281.162
0.01743032 7229.533
0.02079738 7955.963
0.03375351 8108.309
0.03528839 7569.499
0.0422677 7362.109
0.02441439 6980.789
0.01227836 6387.558
0.03344724 6207.016
0.04472739 6360.664
0.03559616 6942.756
0.05415505 6686.312
0.03352701 6463.542
0.02780433 6922.222
0.02367321 6289.281
0.007475522 6346.853
0.004119372 6451.141
0.004752718 6235.914
0.01330198 7289.181
0.02455031 7481.285
0.02823252 7794.033
0.03793362 7888.181
0.0303472 7872.482
0.04146169 7382.698
0.0301619 8025.514
0.04352741 7938.605
0.0341037 7681.863
0.009443514 7453.941
0.006720536 7930.515
0.003690029 7697.605
0.008031313 7121.942
0.02356461 7208.087
0.03514858 6980.482
0.01614042 7127.49
0.02403446 7326.301
0.01824769 7572.207
0.03141135 6866.577
0.02721574 6623.861
0.02073485 6497.977
0.03306825 6322.729
0.05060027 6185.179
0.03329381 6042.229
0.03061081 6243.507
0.03577662 6199.359
0.03588306 6234.002
0.05109136 6247.606
0.06939311 6024.36
0.05861032 5643.226
0.06754833 5761.351
0.04785695 5789.305
0.04053968 5375.47
0.06098174 5664.629
0.04336329 5612.313
0.02006874 6297.046
0.01111629 6487.028
0.01219436 6473.79
0.01971433 6282.767
0.02498511 6217.258
0.01812482 5888.174
0.04065535 5577.327
0.04065388 5941.356
0.03394065 6294.532
0.03100279 6450.861
0.04498133 6424.513
0.05987344 6395.78
0.03398258 6020.216
0.02713292 6379.744
0.01773345 6424.168
0.01790475 7108.354
0.05697835 7548.833
0.06164304 7523.862
0.07669029 7104.549
0.07791977 7182.279
0.06234616 6770.679
0.06027844 6814.646
0.04723928 6582.822
0.03019667 6201.147
0.03766987 6618.637
0.03565996 6671.007
0.03946009 7130.913
0.04783918 7276.702
0.03213495 7246.695
0.03883282 7205.026
0.03801957 6830.752
0.06184644 6942.875
0.07811495 7313.687
0.04335592 7385.831
0.02499378 7198.808
0.02473342 7114.337
0.02574496 7701.656
0.01675144 7255.575
0.01406554 7817.926
0.005055432 7998.161
0.01122877 7974.509
0.01211315 8236.808
0.008155435 8184.593
0.02009331 8417.791
0.02621325 8101.827
0.02277199 8472.598
0.008124758 8302.941
0.02230337 9015.399
0.01215338 8859.679
0.02221758 8763.957
0.03745892 8561.798
0.03329553 8387.362
0.03147799 8635.967
0.01642081 8304.642
0.015569 9028.237
0.02042569 8551.103
0.03522334 8821.469
0.05152244 8513.42
0.028472 8199.086
0.01759952 7923.696
0.01899677 7887.892
0.003182742 8173.151
0.006893358 7871.437
0.00396601 7486.804
0.007536737 7729.425
0.02524942 7089.644
0.01408383 7400.121
0.01950326 7159.098
0.01009708 7558.928
0.01094951 7828.311
0.01647935 7900.318
0.02025433 7425.66
0.01282576 7117.44
0.009695248 7680.826
0.02596199 7426.349
0.01067077 7287.359
0.004132303 6939.442
0.01484715 6543.57
0.03482413 6547.517
0.06630403 6367.116
0.05601178 6580.131
0.04833472 6949.951
0.04325233 6536.596
0.04314028 6339.275
0.07969802 5966.082
0.06090038 5478.226
0.04389912 5606.481
0.05015685 5492.091
0.03533932 5446.328
0.01943184 5640.365
0.0190808 5477.134
0.01797751 5150.736
0.01874281 4843.426
0.0143717 4657.28
0.01989567 4767.423
0.03400152 4906.16
0.01130667 4916.716
0.00260302 4940.122
0.01432852 5049.936
0.01935092 4963.596
0.03252129 4890.022
0.05145732 4825.032
0.06592618 4596.631
0.07850162 4705.989
0.04655448 4672.409
0.038665 5004.239
0.03442997 4836.48
0.02889235 4729.855
0.03306372 4483.419
0.04008169 4787.745
0.05459749 5599.785
0.04850078 5438.872
0.04920445 5850.28
0.06357502 6248.651
0.05762397 6976.398
0.06498845 6269.56
0.05791584 6208.942
0.05343032 6193.17
0.06143193 6087.808
0.04076275 6151.818
0.04843325 6815.123
0.04388895 6924.811
0.06939226 6940.73
0.02305332 7039.957
0.02037274 6623.587
0.02849207 6468.147
0.01899127 6397.134
0.01723547 6589.513
0.009572087 6240.541
0.02345649 6034.081
0.02233187 5617.469
0.03519703 5540.104
0.04000075 5400.402
0.02664582 5129.137
0.02725167 5191.039
0.02576423 5240.275
0.02909931 5197.494
0.02425764 5270.637
0.0134642 5489.232
0.006459183 5461.121
0.01164923 5754.835
0.02972118 5655.075
0.02293688 5836.481
0.02218015 6105.162
0.01285269 6388.7
0.01611934 6365.281
0.02910175 6200.545
0.05920202 6289.737
0.08074413 6369.856
0.05398663 6497.715
0.05968771 6519.947
0.06266436 6377.455
0.04266152 6227.909
0.0709809 6225.458
0.06687133 6266.45
0.05667557 5855.014
0.02001587 5826.928
0.05030027 5619.559
0.0482962 5806.07
0.02366063 6032.198
0.0264703 5790.748
0.04188075 5594.426
0.04581111 5802.443
0.03455281 5324.772
0.02473933 5247.798
0.0235678 5369.732
0.0463786 5467.397
0.03177236 5588.259
0.03154897 5680.855
0.03634392 5416.073
0.03374429 5904.159
0.02528699 5904.307
0.03105424 5601.641
0.03802718 5824.394
0.05728877 5731.396
0.04770454 5837.273
0.03069399 5608.35
0.02731872 5574.019
0.02026589 5340.087
0.02585277 5345.791
0.007619753 4885.444
0.01830198 5203.263
0.02455151 5669.057
0.03330165 5516.271
0.04707729 5688.759
0.04310427 5765.2
0.03596778 6133.548
0.02382539 6388.682
0.01777188 6160.486
0.02013615 6200.151
0.01387417 6561.858
0.01423424 7033.139
0.02709447 7485.522
0.03577214 7038.774
0.05090695 7477.494
0.02468693 7177.328
0.04269139 6369.311
0.03339165 6367.046
0.03433012 6345.873
0.0483422 6646.844
0.04821878 6269.936
0.03182469 6300.22
0.03514305 6260.107
0.04015315 6156.674
0.04086814 6077.363
0.03135505 6083.794
0.03101743 6024.188
0.004024616 6391.57
0.01188641 6658.971
0.01562592 6450.403
0.02160953 6236.254
0.02264715 6385.887
0.02727585 6408.752
0.04043666 6821.513
0.0233536 6887.365
0.01250836 7257.588
0.02036913 7470.52
0.01884106 7414.869
0.008900292 7853.877
0.007379012 6848.426
0.003218022 6906.288
0.008917769 7557.247
0.02617424 8454.301
0.0205099 8583.906
0.03263963 8131.146
0.05653667 9158.054
0.02808601 8556.598
0.02235539 8120.727
0.02948925 8497.456
0.0209759 8778.083
0.01075277 9099.464
0.02368916 9842.347
0.009289793 8904.204
0.02104912 8585.668
0.01165815 8434.612
0.02688579 8611.559
0.02544772 8487.23
0.03250693 8450.751
0.01454787 8623.386
0.006444994 9244.396
0.0002793728 9311.517
0.0008393385 9727.349
0.001369368 9763.61
0.00987337 9738.15
0.009153799 9479.211
0.02453592 9707.19
0.02264159 9533.919
0.0221213 8896.493
0.02493817 9397.059
0.02200057 9809.904
0.006592575 9958.512
0.012504 9730.473
0.00791624 9850.751
0.01988289 10005.82
0.01864328 9045.932
0.02179339 8847.329
0.02996975 8789.377
0.03761285 8640.942
0.03668281 9299.946
0.02879095 9182.237
0.005156047 9517.075
0.004701944 10074.38
0.00616455 9929.649
0.003618976 9904.334
0.01397439 10275.58
0.01923996 10353.45
0.03033413 10154.15
0.03334777 10483.28
0.02367168 10395.62
0.0202991 10615.74
0.02399682 10697.05
0.01691771 11179.57
0.02596148 11215.61
0.03628403 11618
0.03278743 10991.28
0.04631502 11541.89
0.03680201 11323.8
0.01948603 11386.43
0.02084104 10611.76
0.04350315 11181.63
0.05216392 10366.03
0.04808509 9844.809
0.03043403 9898.51
0.02989024 9639.202
0.0385299 9491.499
0.04986093 9816.036
0.04375298 9450.249
0.03468994 9349.123
0.04293032 9202.68
0.06361861 9659.171
0.05915182 9186.819
0.04169167 8837.896
0.03845356 8762.378
0.03581164 8980.396
0.02125481 8953.894
0.01020543 9397.792
0.01636978 9570.655
0.01044583 8747.528
0.007233707 8847.102
0.008690291 8702.893
0.02503495 9268.699
0.02352724 9104.746
0.007767994 9588.856
0.01251153 9311.01
0.01946904 8830.264
0.01279549 9207.457
0.01546891 9124.943
0.02419854 9233.961
0.01188649 9176.025
0.01102718 9068.108
0.05317296 9175.381
0.02273773 9105.669
0.02909194 9222.106
0.01465096 8784.568
0.01887748 8509.755
0.01259663 8477.862
0.01049341 8809.541
0.009851487 9020.874
0.009272224 8848.454
0.01353101 9678.642
0.0105062 9329.81
0.006459008 9366.742
0.01374476 10069.68
0.01512698 10833.32
0.01690009 11301.75
0.01473844 11500.54
0.02248312 11609.84
0.02776484 11448.55
0.02747917 11127
0.02567355 10780.23
0.02062593 11158.73
0.006222585 10549.66
0.0123218 11021.43
0.01267381 11483.25
0.00990066 12270.13
0.007812083 11976.52
0.01072846 11467.81
0.009856456 11210.76
0.008467205 11354.47
0.02702949 11219.03
0.02701219 11679.24
0.02946124 11627.73
0.03012194 11760.33
0.02624338 10793.6
0.0183031 11281.9
0.01613912 11797.22
0.0103557 11801.72
0.02272194 11970.83
0.03181995 12768.13
0.01256094 12942.53
0.02126868 13563.08
0.01749821 14120.37
0.01723565 14076.02
0.03218705 13528.1
0.01741827 14038.63
0.02027972 15275.19
0.02246558 16061.74
0.0177987 16698.06
0.006752475 16773.66
0.01251147 16601.06
0.01524621 15481.45
0.002532882 16084.46
0.001917303 15372.96
0.0004976284 15735.14
0.006586445 15988.47
0.003320764 15950.79
0.002544485 16619.61
0.001830262 15991.73
0.002164839 15836.14
0.001489066 15288.82
0.002455246 15953.19
0.006762494 16698.85
0.01041645 16552.47
0.008578601 16737.48
0.008865549 16500.77
0.01312686 16475.98
0.01779753 15940.6
0.0256271 16891.68
0.02440499 17227.99
0.01520471 16479.57
0.01133095 16816.61
0.002908816 17595.07
0.001064711 17696.74
0.0004224649 18172.63
0.00151542 18854.37
0.0006752006 17308.36
0.004430393 16608.23
0.01326447 15331.84
0.01610235 16010.71
0.0113486 16514.56
0.01440427 18667.32
0.02067571 16784.13
0.01552974 17578.86
0.015278 17806.25
0.00562581 16344.43
0.006354704 16070.37
0.01505872 16489.6
0.01803191 16310.42
0.02281209 16114.45
0.02319517 15385.29
0.0183196 15103.77
0.0177769 15109.16
0.01884629 14815.08
0.01346561 14694.03
0.02168816 15278.48
0.01458897 14863.08
0.009712838 14881.54
0.007080774 14979.96
0.01214321 16320.04
0.0122081 15043.66
0.02002964 15279.05
0.03439404 16795.95
0.02219468 17316.26
0.00670776 17892.16
0.009647068 17946.7
0.005051337 18723.01
0.005576252 16886.42
0.006004223 16513.18
0.003830894 16467.5
0.004134999 16049.77
0.008792616 16781.57
0.0059357 16905.09
0.00300947 18244.6
0.01322501 19831.91
0.01610438 20298.21
0.02733003 19275.97
0.02011148 18788.95
0.0259121 19603.33
0.0174941 19528.52
0.01149297 21629.09
0.01627539 22193.33
0.007320388 23205.85
0.002732817 24018.25
0.01011105 23216.47
0.01363459 23184
0.007269854 24048.59
0.01414483 25420.77
0.00444944 25759.2
0.008410147 24500.91
0.008232875 25278.86
0.004225776 24687.19
0.009465277 25845.84
0.01235713 25021.3
0.009427654 25191.88
0.02172565 23680.79
0.01047839 22775.69
0.02862297 23532.93
0.01321007 24004.25
0.01455955 25098.95
0.01366435 25412.64
0.01747066 25664.65
0.01011122 26959.97
0.00687121 30231.76
0.0102734 31307.34
0.02007641 30447.48
0.006168991 32296.24
0.00418959 32355.48
0.005501197 34350.5
0.01424422 34654.63
0.007618996 32777.29
0.005526712 33011.23
0.001653313 32659.19
0.006837778 30818.35
0.008204839 30118.87
0.007233213 31052.1
0.007395675 29794.15
0.001135558 28039.89
0.005001805 28889.31
0.01413197 29952.14
0.02246808 32450.46
0.009560732 32722.32
0.01338172 31672.55
0.01267967 31965.46
0.01565017 33609.16
0.006715554 30785.46
0.007409822 28835.73
0.01147168 29890.54
0.008118043 30089.98
0.01539414 29339.3
0.007432165 30707.04
0.01982386 30274.63
0.01002933 31433.62
0.01083607 33042.11
0.01842834 33916.45
0.008556347 33176.12
0.01183738 33798.7
0.01122347 36033.07
0.004224527 36126.77
0.009308465 36136.58
0.0105415 36188.56
0.008913321 36758.82
0.005832199 35350.81
0.006614975 33323.91
0.002399093 34970.97
0.004747185 34131.96
0.006668232 34910.28
0.004532155 32372.86
0.0009307494 32015.17
0.00473446 29480.94
0.00377478 32778.58
0.005478838 33145.28
0.004132205 35911.45
0.004714846 33329.69
0.00440021 34930.79
0.003301259 35717.77
0.008072994 33141.03
0.001334012 29847.94
0.00443981 30578.46
0.004805002 30522.91
0.01529331 32749.71
0.008031932 34347.1
0.01390321 34786.72
0.01604777 35426.9
0.008368628 34843.16
0.01629535 34318.78
0.0076196 35745.51
0.008422062 36711.47
0.008751881 34290.54
0.01415188 33237.67
0.01195484 31967.88
0.01608245 35187.42
0.0005942028 34060.69
0.006113807 31761.01
0.007953576 33457.53
0.008760679 34954.4
0.007386635 35867.52
0.003916381 36037.06
0.004744592 36195.64
0.006728828 36216.02
0.006480635 36851.87
0.01933261 35452.02
0.01116146 36523.49
0.009895401 37064.06
0.00220904 35362.57
0.00259195 35639.54
0.003283654 31802.98
0.0151676 32653.66
0.01479665 33966.75
0.01033974 30759.69
0.006896203 31834.19
0.004877161 31916.06
0.007682848 32411.89
0.002680615 34656.79
0.00138053 35072.51
0.01369421 34834.36
0.02346269 33786.23
0.01315313 33949.92
0.0118751 34394.45
0.01250909 34435.85
0.01236475 33420.12
0.003954232 32760.52
0.00234263 32890.2
0.01081293 31836.32
0.0156647 35089.8
0.008970112 35521.2
0.007318803 33626.68
0.01153201 32179.54
0.01450815 31882.69
0.005930368 32637.44
0.0111869 32846.85
0.01090942 34191.27
0.01309806 34622.75
0.01685576 33000.87
0.02039096 32809.37
0.008964073 31182.05
0.02204035 28163.48
0.006444087 28731.01
0.009095909 28455.93
0.009291863 27643.09
0.00436212 27909.25
0.004782375 28880.02
0.0003651414 29570.86
0.006921686 29577.12
0.007164365 28871.96
0.004948295 29362
0.01166666 27593.81
0.004413675 27995.21
0.007569444 30503.32
0.002656916 28981.93
0.002238806 31284.56
0.0006552059 30900.7
0.002310083 32900.8
0.005854858 34688.6
0.003079666 35381.29
0.001261231 39392.05
0.005393426 38071.37
0.007223759 37917.99
0.001564441 39037.04
0.004496542 38088.5
0.002275917 39173.88
0.007960475 39869.55
0.005029297 38828.45
0.006949678 36959.62
0.005317557 35514.55
0.002123568 34944.27
0.003736213 35873.29
0.005781538 37952.35
0.0195524 36787.82
0.02668573 35917.01
0.0145621 36859.21
0.01225209 36694.35
0.00406821 38326.95
0.0008169804 38314.71
0.01026786 38085.95
0.00784958 34468.89
0.007816997 33853.97
0.0107938 35986.57
0.01466937 39013.86
0.007071945 40692.3
0.00663223 45522.07
0.002333408 42728.36
0.007455572 44937.35
0.00333773 42015.37
0.002637678 42676.94
0.002935604 41059.05
0.001854712 42055.28
0.00205749 41872.62
0.001691006 41428.42
0.007634229 37232.68
0.001845039 35294.67
0.001699988 32981.19
0.01196602 33107.18
0.01113446 31514.62
0.009182096 31585.2
0.0084247 33177.27
0.008283189 31876.74
0.0121128 31316.41
0.01568282 33484.57
0.006469963 33130.06
0.003657997 33478.14
0.00464211 32008.07
0.01202756 30672.45
0.01611278 30922.64
0.002978693 31334.86
0.004291525 30986.33
0.008380577 31016.6
0.01007152 32454.02
0.007012709 35851.72
0.004750593 32857.04
0.005130298 31706.2
0.006872796 34593.6
0.004256483 33384.22
0.008689556 32840.75
0.01504271 33639.85
0.01219977 34772.73
0.006938301 35789.68
0.01089667 36019.45
0.005238338 38011.27
0.004926526 39966.94
0.00621038 41977.76
0.001627336 42017.89
0.002980721 39652.74
0.002191191 41739.6
0.008483589 41880.88
0.004142098 42130.15
0.01124353 44882.58
0.009263818 43809.82
0.008800353 42330.8
0.01779802 38804.53
0.006604194 39621.16
0.01483828 39167.76
0.01537601 38199.9
0.004382574 38996.34
0.007858562 41944.88
0.008772985 41594.68
0.005073978 40361.95
0.002388786 40755.79
0.00265429 39760.85
0.01175631 36560.21
0.009111426 36757.86
0.008517638 37281.34
0.01537686 36971.5
0.009702636 34659.21
0.01418757 36187.49
0.01073428 35457.19
0.009120374 35647.38
0.01519799 34757.51
0.006902729 35197.71
0.01830626 34905.94
0.01575721 34344.16
0.01282866 36406.67
0.01785114 37033.26
0.02156465 37524.08
0.01455608 37023.1
0.001449127 36057.29
0.002210357 35264.04
0.005315307 33800.27
0.00300124 33446.53
0.005006582 35371.34
0.00713159 34158.54
0.01652744 34266.13
0.01110532 32887.09
0.008814534 33727.64
0.007466615 33384.73
0.003449539 34278.49
0.009146357 32414.92
0.01430071 31994.12
0.00753091 33345.53
0.006098009 31647.74
0.006312365 31133.83
0.003178671 29894.65
0.005957802 28987.72
0.01844922 30069.11
0.01210816 29714.92
0.0215667 30945.94
0.01810317 32203.91
0.004678462 34104.9
0.01174751 33678.52
0.001214692 34603.43
0.002525496 36803.18
0.008349306 36227.25
0.007387501 37195.28
0.004795659 38789.85
0.008246248 39755.23
0.004369088 40829.94
0.006949789 41325.45
0.004070043 40356.22
0.008141357 42939
0.005882162 43405.79
0.009287758 44108.6
0.008265921 40646.88
0.007739028 39213.61
0.0125963 38626.93
0.01424099 42522.68
0.01958892 42276.15
0.006758605 48221.35
0.007031998 47445.86
0.00642349 41958.31
0.003826272 41751.09
0.002548551 39914.94
0.007192593 40928.6
0.007965511 40621.69
0.01213003 41113.2
0.01969568 41738.96
0.02138854 45541.66
0.007893092 45860.37
0.004549959 47404.05
0.009032672 43021.91
0.01049028 43284.8
0.00899911 47978.38
0.009286992 47847.18
0.008181243 47758.01
0.01012257 49004.62
0.009455158 49921.58
0.001766763 45777.48
0.001279161 44112.24
0.003691854 40340.52
0.01115177 39706.39
0.02281233 37290.04
0.001660688 36601.39
0.003116789 34832.91
0.01121886 31699.21
0.01547716 32227.56
0.02068546 32977.66
0.01819989 33058.07
0.01453391 32261.46
0.01701076 30333.52
0.003011275 30536.74
0.004542887 30690.07
0.007396641 31435.78
0.01680492 32114.03
0.01082456 31833.96
0.01469023 32796.36
0.006785901 33721.38
0.01063354 35650.65
0.007232507 36875.21
0.01109531 36545.98
0.01073831 38989.51
0.005132862 38858.08
0.007836216 36757.57
0.01208328 35983.26
0.01422727 35950.23
0.005976833 36210.04
0.004309957 35429.48
0.002041976 36717.78
0.00300397 34993.07
0.004410234 33766.83
0.003319266 35358.99
0.003172256 35467.9
0.008032633 36498.49
0.00150936 33097.27
0.006327117 34297.23
0.01813382 32897.44
0.01336683 32815.62
0.01268761 30372.52
0.01084048 34411.54
0.008280445 33786.63
0.02007627 34793.95
0.01517051 35047.82
0.01103591 36022.22
0.02397587 35300.13
0.01107509 38441.52
0.01003908 37210.49
0.00457824 35924.32
0.001267598 37087.31
0.0007001634 39716.54
0.005331676 38874.09
0.003739025 42917.9
0.003602045 42000.52
0.01156859 40835.63
0.007921335 40248.43
0.01028945 41816.1
0.01124386 48511.23
0.006392978 47166.92
0.007674525 45586.57
0.01567208 43050.6
0.01088515 42347.66
0.00857105 42664.73
0.003265087 43484.22
0.001502611 43252.28
0.01742425 43289.88
0.005675861 41071.32
0.009003629 41468.88
0.008252727 38683.76
0.01014285 37949.66
0.001509626 36872.73
0.004329205 36068.95
0.005898211 35196.37
0.005908858 34887.11
0.00173706 33801.7
0.005364031 32797.97
0.005203392 32099.61
0.01056609 33160.06
0.01143993 32333.96
0.005546304 33879.18
0.004047634 32592.02
0.008630867 33762.85
0.00968724 32388.78
0.01325914 32577.38
0.002719793 33999.03
0.009735089 34557.73
0.006914996 33584.58
0.02246491 34478.38
0.0111372 34228.75
0.02065005 31534.56
0.0193873 32988.03
0.014445 33152.9
0.01385791 34352.03
0.02020331 34243.34
0.0113141 35806.59
0.00983694 34486.28
0.006021805 34850.43
0.009528262 33916.05
0.004928859 31634.04
0.004847708 32914.14
0.0156346 32411.96
0.02458943 33203.53
0.01464636 33584.69
0.01206626 31169.26
0.009584147 29623.75
0.004178993 32177.55
0.003202107 33122.6
0.003731277 31380.11
0.005546558 29990.28
0.003259936 28686.23
0.0140608 29444.46
0.01718156 31362.16
