probIn scale
0.0302692 3.285762
0.01965184 3.527538
0.01597603 3.608515
0.01850641 3.18559
0.01710042 3.049867
0.01246263 3.086365
0.03771075 3.107346
0.03492466 3.09229
0.04902052 3.076159
0.04666475 3.06806
0.06546242 2.968365
0.05449666 2.970511
0.05688147 3.132433
0.07404291 2.953681
0.05848943 2.992163
0.02347179 3.122824
0.02440045 3.166977
0.01830962 3.015344
0.01528982 3.044681
0.01286883 3.062358
0.02543771 3.021915
0.01782074 3.213238
0.009697205 3.497422
0.02884201 3.487753
0.037059 3.788594
0.05497761 3.957937
0.0503166 3.670684
0.03717571 3.549691
0.02125544 3.265098
0.02252536 3.415549
0.01404173 3.628641
0.01261068 3.749803
0.01387092 3.869469
0.02582445 3.895773
0.02607202 4.119172
0.03235694 4.226186
0.04152056 4.13258
0.03960893 4.687009
0.03172614 4.391822
0.0278592 4.646487
0.0162326 4.38592
0.02890558 4.455596
0.0241467 4.410229
0.03170942 4.569249
0.02699185 4.158885
0.02055677 4.285477
0.02127184 4.103453
0.04052044 4.266649
0.03176033 4.382924
0.03562579 4.26531
0.05916706 4.057366
0.02364876 3.816653
0.02699204 4.197993
0.0316636 4.390293
0.03560049 4.169242
0.0176805 4.16513
0.01686494 4.200411
0.03512152 4.079573
0.007156895 3.800931
0.006586036 3.736445
0.003950577 3.547312
0.007798217 3.721139
0.002742028 3.667774
0.006650805 3.677176
0.0005762065 3.614921
0.005146639 3.808033
0.01449313 3.737155
0.008211563 3.686857
0.01350173 4.136512
0.02734149 4.247918
0.007781042 4.063187
0.03684746 4.091237
0.05823928 4.070055
0.05503301 4.17666
0.05712089 4.274236
0.06741073 4.379525
0.07246599 3.979994
0.07217608 4.023438
0.06732492 4.187476
0.05874448 4.062992
0.04110902 3.7948
0.01741207 3.740641
0.009372297 3.726056
0.01680947 3.411715
0.01694159 3.599071
0.0083059 3.445657
0.0094916 3.677203
0.01625079 3.520337
0.03025713 3.354021
0.01596588 3.450783
0.02118268 3.34113
0.0239572 3.123849
0.02999163 3.277788
0.01973819 3.045194
0.02671956 3.076817
0.01913878 2.955236
0.01239145 2.93173
0.005083193 3.169529
0.01068012 3.018442
0.01645395 2.988872
0.02678777 2.957683
0.02763109 2.998263
0.0259115 2.898365
0.01689029 3.028421
0.0300632 3.072539
0.0508162 2.950854
0.025734 3.171176
0.03835193 3.348753
0.04976988 3.285383
0.03682348 3.296309
0.04551967 3.316419
0.03032495 3.258918
0.03166889 3.451519
0.03208958 3.333725
0.04109204 3.33587
0.04995682 3.341845
0.02965728 3.408378
0.01312002 3.396553
0.01030547 3.813356
0.005803143 3.775288
0.005510928 3.884778
0.007781922 3.816246
0.01421112 3.947513
0.002889284 4.013826
0.005364546 3.771965
0.001799769 3.627711
0.007420237 3.611063
0.01621467 3.541245
0.02380826 3.612482
0.02193876 3.510198
0.03338785 3.144781
0.01810453 3.466483
0.00983974 3.300689
0.01050926 3.062833
0.01515815 2.923125
0.0133983 2.94141
0.01261396 2.797312
0.01263747 2.557222
0.01973572 2.649601
0.009962709 2.637655
0.01239787 2.71373
0.001153649 2.659759
0.00513288 2.61105
0.01277288 2.735181
0.02353979 2.859694
0.02008116 2.8234
0.008261939 2.870887
0.01663669 3.043653
0.01888795 3.237241
0.03181996 3.036565
0.03475261 2.835283
0.02394752 2.737123
0.02475742 2.615522
0.01919845 2.462116
0.0051037 2.229166
0.008448564 2.113883
0.007610158 2.217367
0.004704604 2.253286
0.0009687761 2.130653
0.001687211 2.388804
0.01007389 2.407995
0.01461732 2.289173
0.01134239 2.253901
0.01490013 2.129538
0.01692745 2.116795
0.03465048 1.81601
0.03015523 1.937989
0.03044274 1.827689
0.02066974 1.895677
0.02125199 1.905029
0.01946298 1.976768
0.007669072 2.044012
0.005179923 2.047946
0.01932999 2.222583
0.01144862 2.266255
0.008271151 2.396855
0.01536161 2.335573
0.006068231 2.243307
0.0137598 2.273781
0.006692762 2.33773
0.01597012 2.410811
0.01076786 2.521042
0.01030087 2.776386
0.008569294 2.590553
0.009183737 2.503907
0.01473606 2.421393
0.01495626 2.407729
0.01294798 2.347354
0.01436763 2.416919
0.02220976 2.325774
0.0202369 2.130109
0.02315705 2.249963
0.01597801 2.043616
0.01261075 2.029389
0.005228952 1.913611
0.005158383 1.982284
0.005991448 1.921551
0.0009252206 1.975033
0.007320581 1.850932
0.005808324 1.707667
0.01388109 1.75772
0.01082416 1.653792
0.009238879 1.676872
0.003431393 1.764103
0.01509396 1.630552
0.01605528 1.620983
0.01457563 1.688409
0.01902245 1.697875
0.0338058 1.620665
0.01701911 1.660438
0.002313111 1.695658
0.001642003 1.677442
0.001419168 1.714374
0.005988747 1.676831
0.01361612 1.672274
0.01171918 1.632326
0.01435206 1.667852
0.01533577 1.607718
0.02197841 1.625405
0.0262288 1.624352
0.0384701 1.498865
0.05992449 1.507066
0.08456046 1.441788
0.05680089 1.46048
0.05168331 1.43651
0.03497277 1.424869
0.03015554 1.3322
0.02495748 1.380761
0.03935067 1.259959
0.04274584 1.26401
0.06032961 1.275113
0.06217386 1.281608
0.02322607 1.262256
0.0139228 1.252055
0.007729612 1.296157
0.01097342 1.322036
0.002615209 1.393213
0.0163956 1.338868
0.01345267 1.263813
0.01277523 1.280171
0.01143099 1.227535
0.01076114 1.223668
0.004011081 1.243072
0.006092732 1.284163
0.02367303 1.271715
0.01160735 1.322031
0.002980232 1.325581
0.005502858 1.329678
0.009703181 1.260276
0.0119474 1.212228
0.01462783 1.277943
0.02113811 1.180352
0.01673235 1.114534
0.02700254 1.084123
0.01053712 1.130535
0.003828031 1.153603
0.006953654 1.18679
0.003474129 1.10069
0.01263175 1.110535
0.01536422 1.203573
0.0107364 1.118763
0.004686468 1.144117
0.01508993 1.183964
0.02607353 1.178867
0.03773897 1.113244
0.05346071 1.131533
0.05874106 1.108599
0.05064283 1.130088
0.04430427 1.191657
0.03889766 1.208833
0.03681789 1.195616
0.02448478 1.278582
0.02841021 1.367431
0.03202728 1.330565
0.02422614 1.281071
0.01664907 1.365176
0.001650324 1.369632
0.01213365 1.353649
0.01047221 1.494792
0.01597278 1.566601
0.02605539 1.584915
0.01762857 1.559808
0.009507774 1.521322
0.005464403 1.500746
0.007692864 1.494644
0.01487717 1.531194
0.0028633 1.590153
0.01223764 1.616008
0.0154652 1.659589
0.02087407 1.614368
0.01697775 1.597626
0.01939391 1.598851
0.01992192 1.629213
0.03273635 1.616618
0.04896181 1.619621
0.04245689 1.650278
0.04333519 1.684446
0.05956266 1.735559
0.05129441 1.73943
0.04633378 1.79717
0.02955839 1.7656
0.02839131 1.66594
0.02638422 1.596513
0.03711275 1.626219
0.04096905 1.562267
0.09525544 1.455624
0.07578983 1.44619
0.07023042 1.506673
0.07472794 1.534361
0.06388351 1.459702
0.04159818 1.465584
0.02500354 1.488225
0.03306043 1.538297
0.03483443 1.595918
0.02144433 1.614893
0.0170108 1.636153
0.01018586 1.707375
0.01572887 1.641912
0.04541269 1.519958
0.03374628 1.565409
0.05641438 1.488969
0.04173687 1.333369
0.03883264 1.360826
0.04066349 1.266631
0.02571923 1.290882
0.01796683 1.347165
0.01210401 1.382871
0.01396183 1.37356
0.0279124 1.354481
0.02152573 1.335712
0.02817381 1.349583
0.02682316 1.260524
0.03172387 1.254592
0.01602707 1.241782
0.03792978 1.192479
0.04141361 1.191654
0.07293525 1.310429
0.06855582 1.391493
0.06696392 1.361042
0.05725109 1.453758
0.04787369 1.38838
0.05368557 1.424637
0.06083318 1.327003
0.04454977 1.232613
0.03893963 1.188527
0.04488011 1.215812
0.03570939 1.136216
0.0566355 1.05163
0.03750484 1.048027
0.02389044 0.9806955
0.01752369 1.012289
0.01693992 1.005268
0.03353354 0.9786293
0.0401799 1.032775
0.03343862 1.050406
0.0316387 1.114712
0.01862444 1.136635
0.01675522 1.138483
0.01794835 1.151115
0.04829372 1.202443
0.07053223 1.228053
0.03918617 1.15094
0.05507841 1.264659
0.04606618 1.241683
0.04281582 1.167294
0.06279916 1.123346
0.06553226 1.176335
0.09799381 1.1646
0.1010117 1.200957
0.0990828 1.266935
0.1221689 1.261617
0.1396493 1.254458
0.1036868 1.342144
0.08302802 1.32409
0.09134751 1.346619
0.0607465 1.342851
0.08076122 1.411406
0.09123168 1.402488
0.07152437 1.487667
0.04738799 1.484983
0.04605249 1.504244
0.0214416 1.592815
0.02631069 1.574334
0.03215428 1.717771
0.03864273 1.766695
0.02938502 1.869181
0.04174557 1.879487
0.04672074 1.765099
0.03290772 1.703788
0.04817037 1.581584
0.05900699 1.599725
0.07139965 1.509318
0.06811547 1.435927
0.04791747 1.506609
0.03421451 1.508255
0.04803101 1.581012
0.05992244 1.609048
0.0642768 1.582845
0.08495308 1.685823
0.07081416 1.667407
0.08957421 1.90194
0.1113965 1.748407
0.1437442 1.83635
0.1412655 1.764471
0.140227 1.734322
0.1204439 1.665467
0.1218335 1.685296
0.0986242 1.601734
0.09221355 1.648298
0.07349427 1.490571
0.04986992 1.422092
0.04177595 1.372336
0.03240845 1.386002
0.07495054 1.420808
0.1160322 1.500952
0.0804619 1.358351
0.05940868 1.348537
0.0561044 1.371245
0.04767148 1.390818
0.03196072 1.520188
0.0539039 1.479158
0.03714386 1.36527
0.04485489 1.227589
0.05676456 1.288462
0.0478607 1.287255
0.07073005 1.369352
0.08771866 1.380273
0.05940831 1.429009
0.07248516 1.403915
0.0592492 1.386068
0.0770969 1.338084
0.08571594 1.338637
0.05002241 1.270483
0.03873165 1.340589
0.03613154 1.320632
0.05508661 1.327663
0.05409186 1.286297
0.05184325 1.309288
0.04492612 1.340344
0.05501094 1.31311
0.06240345 1.251854
0.06461727 1.222561
0.06295911 1.140715
0.07995523 1.142617
0.08840744 1.079637
0.04902856 0.9950528
0.05235569 0.9825614
0.07618134 0.9182668
0.04935964 0.9458849
0.0735541 0.9301416
0.07321088 0.9545283
0.0959419 0.9693865
0.09853526 0.8451813
0.07562028 0.8611063
0.07297767 0.8742247
0.07770879 0.8562371
0.07264503 0.8698278
0.06033366 0.8895468
0.05295431 0.9554659
0.04607108 0.9467835
0.02869837 0.8628994
0.04745534 0.9060225
0.02795943 0.8763586
0.01748151 0.8995192
0.01996655 0.9187243
0.04060193 0.9821439
0.0736952 0.8989147
0.05515749 0.9164836
0.03540415 0.9088567
0.03736327 0.8896825
0.05209091 0.9059785
0.04270097 1.010589
0.0582873 1.053168
0.08386812 1.158438
0.05909603 1.204548
0.04182263 1.234787
0.06214865 1.311887
0.0557792 1.34083
0.0907287 1.276966
0.06751907 1.340831
0.06482631 1.345688
0.0772009 1.305022
0.08749739 1.263578
0.06983916 1.334766
0.08346708 1.385569
0.09144032 1.436642
0.1020083 1.523161
0.1053594 1.475417
0.1115665 1.527779
0.1241018 1.438994
0.1159702 1.43325
0.09592652 1.615837
0.08853524 1.484349
0.05122663 1.423751
0.04255827 1.445294
0.05534354 1.362237
0.04315282 1.355107
0.0631373 1.37888
0.07265578 1.368848
0.08180814 1.426211
0.09396076 1.440843
0.08202498 1.518239
0.06111189 1.477446
0.0658755 1.442155
0.04484762 1.454527
0.05039755 1.440038
0.07062117 1.459591
0.08538697 1.450536
0.06164993 1.434515
0.05861684 1.362551
0.06671938 1.294079
0.07773311 1.246446
0.05053127 1.333397
0.05386413 1.334469
0.05475513 1.446847
0.04937434 1.390306
0.08910601 1.323978
0.07574068 1.311549
0.05036957 1.273643
0.05482316 1.217504
0.0581907 1.185965
0.05273634 1.224697
0.04916198 1.311913
0.06419931 1.221653
0.04741689 1.228284
0.0394893 1.353736
0.09042795 1.351327
0.08721869 1.358113
0.07990445 1.432786
0.04617224 1.404362
0.04156219 1.423098
0.03213722 1.33465
0.01497431 1.31832
0.0286576 1.283095
0.02241827 1.290251
0.04493202 1.218462
0.04247358 1.205099
0.04816265 1.127429
0.03923345 1.17803
0.03072219 1.191692
0.02313957 1.1985
0.04233625 1.22306
0.03536405 1.119854
0.03636793 1.085608
0.02435216 1.007719
0.05636889 0.9937378
0.03143099 1.00799
0.03078872 0.9866986
0.05000285 0.9727851
0.1145757 0.9139082
0.1202401 0.9168293
0.05910427 0.8850738
0.03637968 0.8786494
0.03363598 0.9533027
0.01940766 0.9407848
0.02496869 0.8947899
0.01630268 0.8426319
0.006401582 0.8078153
0.003568658 0.8080665
0.004444833 0.8652497
0.01264906 0.7906986
0.01165059 0.813467
0.01000674 0.8955203
0.002934341 0.975316
0.002877725 0.9916404
0.01259194 1.028704
0.008774133 0.9980917
0.01015009 0.9975146
0.01921053 0.9915411
0.02201706 0.9159616
0.01672858 0.8970593
0.01038388 0.8742972
0.02143464 0.9379368
0.04461628 0.9648586
0.0676715 1.029123
0.05902699 1.038771
0.0496956 0.9292429
0.05211234 0.9107082
0.03256286 0.8802355
0.0284235 0.9471221
0.0349005 0.9795482
0.038729 0.9585186
0.02984697 0.9165232
0.05530816 0.9316998
0.06692613 0.8686218
0.04577332 0.8655453
0.05023833 0.8806778
0.04167493 0.8887994
0.04480715 0.9179514
0.1019404 0.8373518
0.07878969 0.8541524
0.08332935 0.8782074
0.06187981 0.8526639
0.06461037 0.855281
0.08036024 0.844315
0.07255821 0.8128737
0.1096431 0.8048758
0.1465855 0.8400251
0.08702223 0.8111245
0.08337568 0.8258231
0.08111356 0.8675365
0.05461994 0.8069676
0.04703097 0.7733933
0.04179223 0.7278848
0.03934352 0.716532
0.02714384 0.747181
0.02469256 0.7111032
0.03443176 0.6645895
0.01964485 0.694037
0.02075082 0.6349151
0.0167494 0.6227817
0.009889101 0.6406379
0.007342807 0.5925417
0.02513605 0.5955507
0.03487595 0.5729281
0.08349763 0.5917167
0.07755861 0.5600209
0.106004 0.5979367
0.09289117 0.5938475
0.09146179 0.6402139
0.08491968 0.5980751
0.1070118 0.5978059
0.1142239 0.6311772
0.1374156 0.6223199
0.10272 0.6420196
0.09959497 0.6405871
0.08247301 0.6181871
0.09317107 0.6005075
0.1386001 0.5712135
0.1576958 0.5120373
0.1320058 0.4998562
0.09316236 0.4901004
0.1175889 0.5125997
0.0894959 0.5041159
0.09396091 0.5256068
0.08396794 0.4986011
0.09217876 0.4960059
0.08779321 0.4954561
0.07143377 0.4991792
0.08816656 0.5072802
0.07418716 0.4930963
0.08403024 0.4916065
0.07412519 0.5187552
0.09403542 0.5136905
0.1335575 0.4919575
0.1045247 0.4778009
0.1135041 0.4945805
0.1080196 0.4660542
0.05577516 0.4516702
0.04274248 0.4387602
0.05555965 0.4408807
0.0539106 0.4268451
0.02956184 0.4057581
0.0555984 0.403334
0.08163826 0.3806228
0.04970411 0.4048228
0.01977306 0.3854988
0.02367236 0.3880045
0.01637329 0.3861309
0.02182405 0.3562808
0.02286452 0.359165
0.04288013 0.3271636
0.04107028 0.342169
0.04319531 0.3172104
0.04747814 0.279344
0.05371671 0.2805894
0.05610671 0.2793027
0.07986855 0.2844727
0.1063651 0.2943633
0.1355929 0.318004
0.158732 0.3119741
0.1769424 0.3071624
0.2288689 0.2965421
0.1699154 0.2988229
0.1718606 0.2973957
0.1439267 0.3081439
0.1161609 0.2999809
0.118758 0.3036232
0.1178215 0.2943659
0.09974206 0.2894869
0.1184451 0.274064
0.1051883 0.2504687
0.1247143 0.2563018
0.1065391 0.2393035
0.1283434 0.2471881
0.1296589 0.2433308
0.1255331 0.2622564
0.1322039 0.2467802
0.1938759 0.2308291
0.2093099 0.2457798
0.205901 0.2474171
0.1740575 0.2421654
0.1627168 0.2293978
0.1186831 0.238897
0.1467378 0.259876
0.1094027 0.2672652
0.1222207 0.2732956
0.1342265 0.2740253
0.1230227 0.288556
0.07046456 0.2971018
0.05315934 0.2935217
0.05883967 0.3054784
0.06951853 0.3234241
0.07315781 0.3678965
0.04930258 0.3691191
0.02955598 0.3790516
0.03074478 0.3866963
0.03310743 0.4064567
0.06421164 0.4282391
0.06004045 0.4109752
0.1295428 0.3872921
0.1327205 0.365326
0.103294 0.3930984
0.110664 0.3996669
0.1183649 0.3731365
0.07703284 0.3521623
0.06551932 0.3378249
0.0627022 0.3371715
0.08555924 0.3309887
0.1137887 0.3505577
0.1159454 0.3332086
0.1503668 0.3204054
0.20051 0.3197694
0.1847921 0.3323491
0.1587732 0.3577479
0.1463844 0.3524275
0.1683807 0.3397325
0.1782694 0.3775394
0.1939945 0.3567094
0.2142346 0.3444964
0.209525 0.3599274
0.2389335 0.3498724
0.1800369 0.3490957
0.1860682 0.3488774
0.1902653 0.344653
0.1739713 0.3388086
0.1709189 0.3369486
0.1607493 0.3456217
0.1222769 0.3354511
0.1138289 0.346441
0.1010848 0.3787772
0.06762344 0.4137935
0.09323208 0.4014749
0.1034275 0.3935731
0.09173134 0.3991572
0.08108671 0.3981702
0.06471756 0.4047153
0.05469488 0.4380096
0.05287398 0.445281
0.05711682 0.4494005
0.05981646 0.4718547
0.09483961 0.4566884
0.1052725 0.4313844
0.09744679 0.3840409
0.114987 0.3857545
0.1335402 0.3467332
0.1114289 0.3591602
0.1335488 0.3554559
0.1561625 0.35197
0.1425559 0.3452296
0.1063807 0.3543653
0.08320733 0.3543983
0.06831173 0.3421068
0.06879044 0.3243857
0.06657453 0.3312049
0.08390606 0.3144891
0.09819372 0.3090137
0.09334231 0.3121915
0.06811806 0.3139926
0.07420732 0.3120297
0.0484175 0.326822
0.05061035 0.3231977
0.03720495 0.3016052
0.03733291 0.3027081
0.06235053 0.3154252
0.06394571 0.3363854
0.05329873 0.3285858
0.0277335 0.3188844
0.02556414 0.322299
0.02850554 0.3169808
0.02536764 0.3239442
0.05219945 0.3139107
0.05355759 0.3162199
0.06701078 0.3184711
0.07179301 0.3266459
0.08551339 0.3423972
0.07096751 0.3350482
0.06587562 0.3356956
0.09051638 0.3378009
0.0745735 0.3517358
0.03718213 0.3683725
0.04182937 0.3878289
0.02932456 0.3921878
0.01816557 0.4061384
0.02563887 0.401208
0.009678354 0.3894695
0.01988562 0.3821391
0.03438639 0.3772093
0.03547556 0.4097386
0.03579212 0.3955926
0.02819025 0.3925433
0.03578426 0.4149498
0.04028072 0.4068896
0.05057804 0.4113371
0.05170917 0.4036868
0.06812744 0.3981213
0.1019457 0.3930241
0.09258153 0.3971649
0.0754618 0.418484
0.03667935 0.4147098
0.04749136 0.4236006
0.03496355 0.4360333
0.05344225 0.4883232
0.03945603 0.4828355
0.02071475 0.498526
0.004692936 0.5052575
0.01023305 0.5106013
0.01699682 0.4992327
0.008685264 0.5144578
0.02729616 0.5227273
0.03820512 0.5020814
0.05153167 0.5284674
0.04489846 0.5495242
0.02841538 0.5669093
0.0122325 0.6100266
0.009171832 0.6088278
0.01387482 0.5948592
0.02768296 0.6746748
0.04724748 0.7160696
0.08558055 0.6550861
0.07278105 0.6798159
0.06091172 0.6357012
0.04623512 0.686422
0.06354088 0.6825808
0.05438359 0.6453382
0.08356747 0.6522972
0.08130533 0.6683008
0.05531854 0.6105835
0.05587554 0.6635629
0.05301986 0.6483492
0.05891256 0.6335968
0.08106754 0.6303177
0.0627526 0.6174739
0.03561256 0.6094244
0.05452955 0.634529
0.07998444 0.5816169
0.1222581 0.5635105
0.1160245 0.5317126
0.1230753 0.5312094
0.1149932 0.5282445
0.07308731 0.5347507
0.07205078 0.5119601
0.1027132 0.4935395
0.08649676 0.5079173
0.09423126 0.4870749
0.1116947 0.4584784
0.08280377 0.4425816
0.06887331 0.451167
0.04719547 0.4612505
0.05547478 0.4950647
0.04828437 0.4875132
0.07195038 0.4808529
0.06475064 0.4639823
0.0822658 0.4627242
0.06868216 0.450477
0.0797605 0.4653789
0.0810369 0.4884691
0.06906666 0.4858508
0.06443293 0.467084
0.08893384 0.4483876
0.08580985 0.4551004
0.06955135 0.4712093
0.08870482 0.5131408
0.08434593 0.5163662
0.08355542 0.5206907
0.1017758 0.4996224
0.1088396 0.5160688
0.1536074 0.5154728
0.1312946 0.5189846
0.1659967 0.5328694
0.1352634 0.546691
0.1530395 0.5671336
0.1410275 0.5788014
0.1290817 0.5807588
0.1454785 0.5579148
0.1907537 0.5400321
0.182186 0.5258163
0.2296434 0.5615764
0.1866086 0.559839
0.2051209 0.5830675
0.1535032 0.5975145
0.1781325 0.6015776
0.1546596 0.578278
0.1914773 0.5531368
0.1635182 0.5849562
0.1964826 0.5797013
0.1969413 0.5654732
0.1934131 0.5741938
0.2318981 0.5885207
0.2733458 0.5709505
0.2359646 0.5631464
0.2133407 0.5735133
0.1884564 0.6024821
0.1150948 0.545211
0.1333758 0.5108372
0.1339431 0.4862095
0.1262963 0.4552962
0.1555101 0.4457174
0.1423702 0.4583992
0.1024701 0.4525039
0.117585 0.4445451
0.09295783 0.4415409
0.05501758 0.4639504
0.04491932 0.4464431
0.05767288 0.4349007
0.04794758 0.4048897
0.04509886 0.35306
0.05220722 0.336568
0.01958818 0.3453613
0.03357369 0.3338676
0.02728784 0.320241
0.0431122 0.3006762
0.06437583 0.3035063
0.07530356 0.2848701
0.0776338 0.2809891
0.0962733 0.2735343
0.09931983 0.2768678
0.08578601 0.2662585
0.1013054 0.2583925
0.09008208 0.2515899
0.06104798 0.2693804
0.0739159 0.2869336
0.06158125 0.3210212
0.05044308 0.3633704
0.02951465 0.3740167
0.03181484 0.3965499
0.03646691 0.3963452
0.05298802 0.3896767
0.03597386 0.3603302
0.04446088 0.3773506
0.04593711 0.3840214
0.01636797 0.4001032
0.002239954 0.3863465
0.02013477 0.3965728
0.02119248 0.394133
0.0314423 0.3949123
0.03512179 0.4120498
0.04637257 0.4225529
0.06833354 0.3915514
0.07202415 0.3889837
0.1109317 0.3667986
0.08830054 0.366089
0.08327762 0.375959
0.1236678 0.371642
0.1007532 0.3454386
0.09069352 0.3389061
0.0779121 0.3438731
0.1034078 0.3456625
0.1179597 0.3126989
0.1411514 0.3161826
0.1190351 0.3005031
0.07888317 0.2836823
0.1043608 0.287639
0.09305194 0.2949305
0.09566228 0.286861
0.1066734 0.2810647
0.06512691 0.2877131
0.07417438 0.2817762
0.08893656 0.2930399
0.09163878 0.2811011
0.0722625 0.2971659
0.09042031 0.2994984
0.1022208 0.3005693
0.09650677 0.3015193
0.1281434 0.3015238
0.1123274 0.3176928
0.153887 0.311264
0.1123463 0.3045486
0.105607 0.3017216
0.08432566 0.2651008
0.0786858 0.267426
0.06400604 0.2650959
0.0837866 0.2721636
0.1076625 0.2531595
0.1157916 0.2543418
0.1006755 0.260623
0.08113055 0.2524292
0.07400669 0.2287616
0.09128382 0.2330379
0.1066273 0.2411287
0.1163719 0.240034
0.1082953 0.2314679
0.09656477 0.2543888
0.09896575 0.2488717
0.09184896 0.2674
0.11401 0.2690324
0.1171502 0.2491951
0.1106278 0.2318376
0.1623314 0.223923
0.1432201 0.2320084
0.1481909 0.2396157
0.1112209 0.2375483
0.1338287 0.2547166
0.1167628 0.2586214
0.1170623 0.2637408
0.1594234 0.2778779
0.1872774 0.2899719
0.1962211 0.2736165
0.1901099 0.2766671
0.1375584 0.2674759
0.1162435 0.2596603
0.1377627 0.2692764
0.1117959 0.275493
0.09828859 0.2922489
0.1197136 0.2977065
0.1047089 0.2833401
0.1187574 0.2904159
0.1054904 0.2979269
0.1661037 0.2738355
0.1544003 0.2678707
0.1730993 0.2865503
0.1991434 0.2803578
0.2138928 0.2649133
0.2002858 0.2624886
0.2223344 0.27188
0.2141837 0.2596494
0.1931779 0.2655796
0.1592174 0.2473529
0.1513889 0.2720359
0.1556508 0.2749589
0.1943921 0.2499503
0.1950336 0.2464384
0.1575563 0.2652185
0.158567 0.2930267
0.1926203 0.2818122
0.1748594 0.2736203
0.1058769 0.2695585
0.05663168 0.2665948
0.04854139 0.2774984
0.02709445 0.3013395
0.04579266 0.292729
0.03921146 0.280136
0.0298677 0.2628932
0.0188608 0.243467
0.02889756 0.2543133
0.02059112 0.2552681
0.01983236 0.2654554
0.03276435 0.2978219
0.05027191 0.3117427
0.05469506 0.3170986
0.04655707 0.3142081
0.04746152 0.3098424
0.07197692 0.3144546
0.06299687 0.3082063
0.06299436 0.3249193
0.05833825 0.3207964
0.04692089 0.3103574
0.05858353 0.3289222
0.04854573 0.3247012
0.04222809 0.3378589
0.06090421 0.3515034
0.07644154 0.3396747
0.07861424 0.3480886
0.07649522 0.3198914
0.03560146 0.3227195
0.0296904 0.3403658
0.03451204 0.3568848
0.06789311 0.381858
0.06011691 0.3710252
0.03269057 0.383899
0.0214328 0.3425336
0.02323316 0.3497617
0.02416505 0.3623644
0.0207943 0.3769678
0.01798189 0.4001921
0.01040756 0.3882942
0.02009228 0.3921507
0.004839906 0.4155223
0.009704524 0.4346177
0.01923859 0.4520281
0.02695192 0.4575314
0.0273691 0.4474435
0.04851169 0.4585706
0.04786867 0.4557117
0.0491054 0.4512923
0.02733988 0.4461677
0.04646987 0.4172456
0.04160516 0.404726
0.09238161 0.4410966
0.07406504 0.4244832
0.07275063 0.4541823
0.0853087 0.4378925
0.06986747 0.4719174
0.05496565 0.4751596
0.09029511 0.5118485
0.1287966 0.5296992
0.1451753 0.5787892
0.1042308 0.6207771
0.06073446 0.5592757
0.08628913 0.5757445
0.12545 0.5548317
0.09883374 0.5547031
0.1123768 0.5735988
0.09839037 0.5494562
0.1450954 0.5643053
0.1747001 0.5536327
0.180695 0.5883148
0.1675779 0.5650769
0.1765616 0.5719383
0.198783 0.5371909
0.209801 0.5197557
0.1908714 0.4943688
0.1598522 0.505074
0.1446525 0.5554934
0.1195536 0.5175694
0.1051822 0.5178647
0.1351029 0.4980163
0.1323585 0.501327
0.08972417 0.4821248
0.1061832 0.4878622
0.09502846 0.4878472
0.0906335 0.4689598
0.1128274 0.4595932
0.1065287 0.4912072
0.1464808 0.4898451
0.1397311 0.4492325
0.1358111 0.4480683
0.134711 0.4176903
0.1701805 0.4028413
0.1840597 0.3998555
0.1769995 0.3830502
0.1563337 0.3753204
0.1968751 0.4034215
0.2096618 0.3839337
0.1915767 0.385054
0.2114042 0.3657875
0.2121214 0.3457962
0.1685275 0.3492378
0.1685994 0.3485654
0.2244232 0.3773351
0.2042116 0.3942776
0.2138548 0.3872259
0.2151951 0.401451
0.1587158 0.3971578
0.1415282 0.3819085
0.1521357 0.3824382
0.1431825 0.3784073
0.1524892 0.3724368
0.1498386 0.378935
0.1503268 0.4030281
0.1343786 0.4090786
0.1705602 0.4032326
0.2570968 0.374084
0.2250662 0.4054579
0.1844675 0.4123081
0.1960853 0.4318607
0.1430093 0.4346083
0.1445167 0.4206199
0.126098 0.3950038
0.1021165 0.4162705
0.09055316 0.4226805
0.09108092 0.4361069
0.1054611 0.4124827
0.1293064 0.3965086
0.1287178 0.4272881
0.1207025 0.4352559
0.09295297 0.4361349
0.1299877 0.4392828
0.09563914 0.4161356
0.084797 0.4007926
0.07250763 0.3849313
0.1007865 0.3866552
0.1084888 0.3581005
0.1297783 0.326897
0.1274189 0.3127811
0.14061 0.2958684
0.1527253 0.298312
0.1799942 0.3015016
0.1919752 0.303136
0.2011752 0.2965778
0.2051576 0.3166206
0.2048261 0.3037425
0.1725933 0.3073591
0.125181 0.3090487
0.1367076 0.3022317
0.1006234 0.2804704
0.08443475 0.292907
0.06856702 0.3005245
0.06281672 0.3011298
0.05781072 0.3166985
0.05050642 0.3314936
0.03255099 0.3567216
0.05478506 0.3530951
0.06168547 0.3775327
0.0615463 0.3744337
0.05464485 0.383848
0.05429352 0.3751537
0.03777726 0.3734948
0.01900178 0.3634224
0.03965239 0.3630738
0.03675001 0.3591158
0.03136146 0.3790706
0.02204655 0.3649483
0.02474593 0.3795227
0.0315055 0.3560718
0.01860839 0.3258572
0.01437361 0.3177566
0.04126705 0.3285523
0.03190758 0.3517236
0.01370765 0.3926263
0.02697542 0.408377
0.008593776 0.3851353
0.01089309 0.3854849
0.02815201 0.3698774
0.05877169 0.3683776
0.0342321 0.3389631
0.04480618 0.3333201
0.0637365 0.3227136
0.0902329 0.3508988
0.1265955 0.3990315
0.1156533 0.405863
0.1167048 0.4212386
0.1625141 0.4362589
0.1148534 0.4427843
0.1473218 0.4539157
0.1505752 0.42066
0.115418 0.4609354
0.1152717 0.4516417
0.1214852 0.4195901
0.08634563 0.4130413
0.08759683 0.432693
0.1288345 0.4296189
0.1873481 0.4554104
0.1248288 0.4638479
0.1538954 0.4643934
0.1113972 0.4784993
0.09191594 0.4645098
0.0708662 0.4839939
0.0543502 0.4832259
0.05172793 0.4600099
0.07388941 0.4519321
0.07870761 0.4788282
0.0521744 0.4771935
0.07730509 0.4779541
0.05592243 0.5145253
0.0773575 0.4986075
0.0479344 0.5298812
0.04659319 0.5520586
0.06520888 0.5629173
0.07984283 0.6063028
0.07831209 0.5702764
0.06731954 0.571628
0.07622688 0.596163
0.05900208 0.568487
0.04741976 0.5626877
0.07087844 0.5259142
0.03924398 0.5314129
0.04192348 0.6096863
0.0231475 0.612132
0.0254726 0.6355726
0.05298728 0.6475759
0.0638281 0.6886767
0.06574883 0.6499449
0.04630073 0.6484475
0.0267711 0.6990861
0.009416254 0.7195042
0.02462885 0.6782647
0.05559107 0.7132185
0.06632757 0.7002205
0.07689385 0.7259136
0.05895508 0.7219994
0.06841742 0.7338603
0.1003892 0.7769965
0.05438896 0.80415
0.04822979 0.7665869
0.04512168 0.758705
0.06815807 0.7587992
0.05364681 0.7803738
0.07042096 0.8317632
0.06911278 0.8007183
0.1073111 0.8328832
0.1248962 0.8573123
0.1569977 0.90952
0.1865343 0.886758
0.2242177 0.901188
0.2134881 0.8843018
0.1464111 0.9346661
0.1221249 0.9771626
0.1014633 1.045154
0.09685021 1.010059
0.04320743 1.099793
0.03586333 1.10331
0.03703243 1.15983
0.04931141 1.170826
0.05043788 1.16948
0.05777558 1.207701
0.04840461 1.145527
0.02482223 1.228768
0.01863331 1.222205
0.04088556 1.198871
0.05336989 1.185833
0.03235113 1.28809
0.04550409 1.285943
0.03335544 1.254305
0.02308955 1.307421
0.04180722 1.298242
0.02286763 1.267407
0.02603157 1.425107
0.02966821 1.411343
0.02340429 1.353262
0.01958163 1.302462
0.053456 1.448735
0.04528089 1.580285
0.06138875 1.685348
0.04999702 1.642335
0.06522232 1.588757
0.07599255 1.42515
0.09087662 1.371097
0.08936997 1.27894
0.08505368 1.309259
0.07940218 1.266579
0.07462316 1.261042
0.08184245 1.195504
0.06016943 1.210171
0.04622775 1.323691
0.04219201 1.428079
0.03884468 1.425184
0.0507122 1.342541
0.03452531 1.37312
0.05576685 1.333551
0.04070969 1.276341
0.07357808 1.193315
0.0841237 1.200901
0.09689451 1.167963
0.1054163 1.157608
0.1090956 1.063734
0.0868386 1.058832
0.05652914 1.037872
0.03383273 0.9828913
0.04090763 1.022366
0.06163391 1.027328
0.05139387 1.064544
0.04560141 1.048601
0.04820312 0.9941729
0.05538724 1.026162
0.07864375 1.064748
0.07862722 1.004749
0.08930233 0.9812197
0.07986702 1.013597
0.06132517 0.9654719
0.05706321 0.9752687
0.05562388 0.9252739
0.05703617 0.9835084
0.07695877 1.000232
0.07501915 0.9740469
0.08872731 0.9634774
0.03867779 0.9915711
0.03541988 0.9026389
0.03225531 0.8952953
0.0414143 0.88026
0.0299141 0.8687158
0.03639401 0.9375105
0.06809653 1.021301
0.08114903 1.08653
0.0739496 1.0634
0.09356637 1.093252
0.06550817 1.094958
0.04482773 1.026442
0.05428275 1.071138
0.07623514 0.9518534
0.04690739 0.9525716
0.07350543 1.00082
0.05842827 1.005482
0.04829373 0.9808201
0.059514 0.9993699
0.0621603 1.057726
0.06144478 1.051265
0.0471674 1.161718
0.01176146 1.106885
0.03523157 1.080105
0.06316544 1.035351
0.08288354 0.9589314
0.07763825 0.8865839
0.1197351 0.888417
0.1530715 0.8681714
0.1638834 0.8742886
0.1406136 0.8472382
0.144065 0.8256766
0.1415841 0.8385875
0.117592 0.7444715
0.1083569 0.7331431
0.109241 0.735292
0.1164775 0.7106446
0.1088645 0.7105424
0.09208872 0.6916225
0.05474791 0.7487514
0.07130435 0.7648316
0.07796401 0.7779622
0.08817468 0.8238754
0.05777184 0.8221582
0.1099612 0.790217
0.1112193 0.8453396
0.1114829 0.8739013
0.09195602 0.9546189
0.09656986 1.001763
0.07743335 1.05454
0.1080405 1.028685
0.1076917 0.9459155
0.09149508 1.016702
0.1433898 1.02431
0.1345376 1.028079
0.1509532 1.078966
0.165283 0.9856258
0.1479136 1.062871
0.124957 1.142585
0.1065523 1.187169
0.07826914 1.215184
0.06058052 1.178137
0.04570422 1.193838
0.05865999 1.228161
0.07526053 1.187751
0.07144745 1.087758
0.08313062 1.109572
0.09433176 1.128588
0.08282296 1.131032
0.08137296 1.040392
0.05397528 1.068046
0.03689295 1.074712
0.04018129 1.066766
0.05175139 1.023218
0.06063981 1.06376
0.05670839 1.20345
0.06780155 1.243924
0.06303294 1.233571
0.04157606 1.311116
0.03413218 1.27324
0.01785235 1.209001
0.01614366 1.167823
0.02338712 1.151933
0.02184098 1.114859
0.0293359 1.181353
0.0176401 1.134799
0.01610911 1.176894
0.02365417 1.189661
0.02481406 1.136896
0.02574242 1.063307
0.01584828 1.119056
0.01754764 1.207553
0.01731354 1.1921
0.03371125 1.236695
0.04458518 1.196259
0.03687658 1.215518
0.01872368 1.13947
0.01370805 1.128229
0.008811877 1.204145
0.01411366 1.121964
0.01748384 1.146932
0.02510284 1.049592
0.01431466 1.135822
0.02614684 1.175042
0.01652496 1.151333
0.01019015 1.170378
0.0223303 1.265736
0.01268022 1.272779
0.008021511 1.184023
0.003565114 1.301912
0.009527453 1.298729
0.008269135 1.289674
0.008114724 1.295851
0.001462839 1.24959
0.001851366 1.199338
0.01834958 1.163442
0.02813468 1.160096
0.03309508 1.078315
0.02602685 1.079548
0.02138777 1.108541
0.01144466 1.171382
0.0271786 1.210663
0.01694575 1.161274
0.03793641 1.194765
0.02823582 1.091673
0.01693347 1.167524
0.02388702 1.213842
0.01468672 1.245779
0.02691927 1.308956
0.02191286 1.342848
0.03405374 1.311677
0.0225155 1.405822
0.01014915 1.439542
0.01537212 1.491343
0.0280027 1.537026
0.04910291 1.446332
0.0275019 1.568322
0.03206772 1.521744
0.04923611 1.500981
0.04654411 1.404626
0.05762218 1.489234
0.0732806 1.450749
0.0911887 1.425599
0.07779719 1.385907
0.07226559 1.430484
0.07390477 1.625213
0.05344934 1.761355
0.03620601 1.636799
0.03515924 1.545912
0.04092449 1.716914
0.04322709 1.74749
0.03346936 1.731156
0.03656734 1.690237
0.03259819 1.63129
0.05547848 1.532901
0.0478825 1.408446
0.04403431 1.468595
0.06164359 1.415737
0.05256513 1.459027
0.04050573 1.410883
0.02537679 1.517247
0.02783665 1.557182
0.03386244 1.663652
0.03709879 1.667733
0.03055462 1.831875
0.02230634 1.944568
0.02650722 1.975433
0.05146652 1.984553
0.06173882 1.998263
0.04247268 1.850602
0.05540984 1.828236
0.04030187 1.817019
0.02590203 1.885911
0.02524794 1.859036
0.02914071 2.087669
0.03049684 1.835025
0.01868052 1.979521
0.05927287 1.90036
0.02255821 1.935911
0.02292968 1.984588
0.01415648 1.858307
0.007983991 1.883265
0.003693595 2.015557
0.00774543 2.001622
0.0269341 2.130004
0.02144708 2.149503
0.02757738 2.119889
0.03455645 2.107412
0.03028799 2.011755
0.02212634 2.019244
0.0232096 1.995902
0.01314327 1.988498
0.03154549 2.014103
0.04558267 2.085381
0.0495834 2.013185
0.09701639 1.944693
0.07444131 1.949391
0.0445649 2.064952
0.03212702 2.177451
0.05241627 2.200559
0.04106726 2.036001
0.03304197 2.083059
0.02663658 2.119971
0.04168325 2.482208
0.04279763 2.424716
0.03543616 2.330669
0.01511093 2.369338
0.01060299 2.455151
0.001147392 2.369518
0.004360893 2.541706
0.003298771 2.496908
0.004445905 2.506455
0.01807757 2.333165
0.009642246 2.272324
0.008292949 2.301335
0.01187842 2.473884
0.001622506 2.339356
0.01354209 2.557235
0.006481734 2.604137
0.002631229 2.521838
0.008297358 2.955429
0.004814218 2.937492
0.02307014 3.002701
0.04280043 2.902227
0.03387129 2.716875
0.05134874 2.501252
0.03838529 2.338508
0.03226783 2.474816
0.02938202 2.352672
0.03321964 2.411311
0.03698506 2.385519
0.06433669 2.359775
0.06268348 2.206159
0.04243536 2.269991
0.04802157 2.263874
0.03176781 2.308545
0.01978474 2.384493
0.01612364 2.490021
0.009450568 2.528403
0.02572949 2.508474
0.04846574 2.477111
0.03267495 2.652701
0.02779746 2.551758
0.01780056 2.506494
0.0168832 2.20272
0.01068574 2.162585
0.01272914 2.404681
0.01409937 2.36789
0.01887592 2.360353
0.02306779 2.471893
0.02549291 2.477469
0.03395444 2.597216
0.008602835 2.501026
0.03093246 2.509796
0.04270492 2.492695
0.02648623 2.545872
0.03541186 2.456419
0.0585448 2.404926
0.0443221 2.360809
0.04189252 2.215638
0.02782914 2.28395
0.05416954 2.313374
0.0176808 2.406448
0.014646 2.351879
0.02137493 2.343174
0.022923 2.300995
0.03087565 2.370938
0.02335615 2.313343
0.01851461 2.472289
0.02892223 2.41014
0.02644905 2.389898
0.01579423 2.244457
0.02532931 2.196589
0.0372573 2.284007
0.05532284 2.352411
0.06729311 2.225869
0.05734865 2.370437
0.05091001 2.615986
0.07589912 2.636015
0.07390825 2.691503
0.0810354 2.534916
0.06621311 2.548675
0.08010957 2.610694
0.06780277 2.296222
0.05601553 2.361956
0.05581897 2.285468
0.03314665 2.226785
0.02883152 2.283014
0.02572776 2.386911
0.01760426 2.486474
0.02235951 2.505524
0.02051697 2.494328
0.01755894 2.692498
0.005895522 2.637816
0.0216213 2.577551
0.01005614 2.589824
0.006822137 2.692387
0.01561708 2.690518
0.007459604 2.937178
0.008785092 2.708772
0.005123998 2.63695
0.01544978 2.583231
0.02224199 2.871166
0.03881821 2.863975
0.03650975 2.54341
0.02868754 2.565054
0.02772352 2.406378
0.02665941 2.157747
0.03560063 2.146956
0.0291281 2.17983
0.04743273 2.065675
0.04285203 1.980375
0.06186151 1.937877
0.03869338 1.818859
0.04112077 1.876807
0.05460016 1.911188
0.03979226 1.771399
0.02291493 1.888593
0.01183263 1.983179
0.004191897 2.033793
0.01585196 2.055107
0.01954329 2.111698
0.01918063 2.183389
0.01811761 2.095174
0.005322242 2.154394
0.01313938 2.169512
0.009113077 2.276082
0.02145361 2.365704
0.01556048 2.548845
0.01678048 2.374938
0.01625445 2.400217
0.004874609 2.258767
0.00410164 2.03113
0.006268222 2.004669
0.02093215 1.95072
0.0163522 2.081812
0.01567924 1.909633
0.02894484 1.796366
0.04660801 1.671846
0.05669123 1.758856
0.03868162 1.622607
0.02158018 1.756602
0.01850587 1.808451
0.01291698 1.836677
0.02508353 1.753164
0.03375195 1.607121
0.0449502 1.675219
0.06003512 1.664008
0.07838002 1.746325
0.07719064 1.584364
0.06511775 1.656619
0.06066046 1.582305
0.09638198 1.455643
0.06168414 1.536272
0.0735867 1.534333
0.049013 1.567296
0.06788369 1.615346
0.07175614 1.439361
0.08218994 1.528126
0.1007052 1.444697
0.06833068 1.457701
0.05593747 1.480873
0.04954362 1.431618
0.0473883 1.495272
0.03201398 1.398773
0.02663387 1.416904
0.03734101 1.351548
0.03940466 1.352583
0.0478603 1.392691
0.04239449 1.323112
0.07913243 1.351228
0.06429774 1.388425
0.04656578 1.565078
0.05904675 1.594031
0.04988251 1.569963
0.05924185 1.613895
0.0452203 1.575433
0.02030714 1.400492
0.03036563 1.393441
0.03477917 1.29072
0.02565692 1.287574
0.01341431 1.361622
0.05074346 1.20199
0.06890032 1.219363
0.08466628 1.163343
0.07128458 1.081801
0.0772545 1.097667
0.100487 1.091551
0.1021222 0.9938843
0.1276447 1.002577
0.1323187 0.9796214
0.126652 0.9948981
0.1671827 1.019797
0.2247686 1.014293
0.1886223 1.021992
0.1492931 1.00208
0.1390267 0.9230514
0.1230451 0.9219269
0.07396106 0.9475186
0.04839467 0.9336241
0.05896953 0.9303426
0.07567453 0.8356263
0.06023746 0.8416544
0.0598457 0.8622381
0.05883946 0.794962
0.05780124 0.809083
0.02080224 0.8211787
0.04642122 0.8410332
0.0643534 0.8551563
0.04234084 0.8536243
0.06548401 0.8714207
0.04390051 0.9085783
0.0582778 0.8781648
0.07917214 0.8020767
0.04982976 0.7516802
0.03873093 0.7819989
0.02453673 0.7008347
0.01805476 0.6958239
0.02669886 0.6990592
0.04196851 0.6963119
0.04292297 0.6972798
0.04275996 0.6484844
0.0426827 0.6401765
0.04051688 0.6990766
0.05513614 0.6532744
0.07287041 0.6181701
0.07773729 0.6057198
0.07144932 0.5465512
0.06485606 0.5205922
0.06421312 0.5330337
0.04395369 0.5369918
0.04557807 0.5491993
0.04112968 0.557503
0.03538212 0.5572988
0.03410026 0.5276281
0.03958083 0.549133
0.07067856 0.5435659
0.0919751 0.5293998
0.070235 0.5410213
0.05728857 0.562017
0.07428163 0.5341235
0.05738655 0.5535531
0.05080876 0.5711033
0.04195687 0.588939
0.02666131 0.648745
0.02109266 0.6086498
0.0202478 0.6312093
0.03062396 0.62746
0.02102072 0.6718085
0.02539301 0.7379309
0.03108673 0.7725282
0.04432492 0.7134106
0.0252542 0.6963362
0.02989367 0.6764638
0.02185321 0.6959914
0.02350358 0.7012484
0.01363452 0.6853052
0.01495327 0.6825712
0.01942388 0.671932
0.03535782 0.6455344
0.03204167 0.6499263
0.02721364 0.6396741
0.04066514 0.6129249
0.05423577 0.6208301
0.05136326 0.6334894
0.05094849 0.6425498
0.05130952 0.6192474
0.04284534 0.6549039
0.03810307 0.6586099
0.03870962 0.7116738
0.05747693 0.7350321
0.06921346 0.730868
0.08533417 0.7314953
0.06977358 0.7403547
0.04908383 0.7448902
0.05536571 0.7756394
0.05939447 0.7281897
0.05962078 0.6654519
0.03349914 0.6272899
0.002350597 0.6632704
0.003282877 0.7003391
0.007569164 0.7298272
0.02150335 0.7139435
0.01859164 0.7005876
0.02490691 0.7097552
0.01806403 0.8281798
0.01556501 0.7909877
0.02081441 0.7735789
0.01741016 0.7254987
0.02016874 0.6958735
0.02280038 0.6895486
0.02643052 0.6677798
0.02676742 0.6050596
0.03609717 0.5770662
0.03364006 0.5645618
0.05671714 0.5729339
0.07317893 0.55285
0.09921228 0.5646113
0.157318 0.5753728
0.141937 0.536231
0.1508867 0.5146765
0.1052142 0.4698013
0.057687 0.451132
0.0563493 0.4096402
0.03923352 0.3920949
0.03619404 0.4148991
0.04519246 0.4012468
0.05646081 0.4113092
0.07044949 0.4451785
0.08815317 0.4368741
0.05611444 0.4993325
0.0284247 0.4801988
0.02549259 0.4645533
0.02746047 0.4638356
0.02701878 0.4508293
0.02286901 0.4543224
0.02349313 0.4687154
0.02985889 0.451763
0.02791501 0.4713367
0.02091522 0.473962
0.01977006 0.4851619
0.01772126 0.5018866
0.02112539 0.4986935
0.0259718 0.4646335
0.01624692 0.4693569
0.01421627 0.4465897
0.01535457 0.4201164
0.01296955 0.4373315
0.02084836 0.4578688
0.01444683 0.4483983
0.008744854 0.4704466
0.003667846 0.4756741
0.01012499 0.4733554
0.02053139 0.4988579
0.02936454 0.4977209
0.01992731 0.4911457
0.03561489 0.5018003
0.07341776 0.4933815
0.05033451 0.488437
0.03883131 0.4941645
0.03404127 0.4619619
0.03609754 0.4462285
0.02317963 0.4905887
0.0107093 0.5285141
0.006493466 0.5356741
0.02791709 0.5386723
0.01988323 0.5360862
0.04417547 0.5481887
0.05956344 0.5059252
0.04683058 0.5706019
0.04591646 0.5475093
0.02039424 0.5715695
0.02483004 0.5726372
0.03644519 0.5790552
0.01912383 0.613286
0.03125517 0.6129709
0.02505641 0.6060427
0.02248447 0.6403584
0.02561862 0.6497475
0.02336426 0.7164875
0.03420362 0.7035963
0.01379746 0.6473706
0.01160873 0.6358662
0.01309733 0.6532201
0.007511659 0.7167599
0.02211327 0.7072588
0.01061565 0.7140097
0.01607323 0.7091748
0.02371401 0.6788523
0.03764499 0.6922162
0.03488037 0.7381224
0.04583138 0.7359952
0.05701194 0.7741559
0.05261945 0.8030806
0.05014641 0.7980376
0.07161371 0.8099101
0.05476964 0.7210661
0.04714473 0.7387501
0.05891734 0.6868193
0.07467374 0.7467086
0.1047164 0.7414419
0.1022687 0.7700349
0.1367813 0.7884599
0.1143831 0.7723126
0.08275337 0.7499109
0.07343816 0.7815113
0.06529426 0.7368826
0.0298945 0.7384019
0.02516403 0.7630579
0.02932708 0.8175146
0.03364737 0.745389
0.04040353 0.8588637
0.04416309 0.9286789
0.02678203 0.9263636
0.03558639 0.8818369
0.03026412 0.8982051
0.02365719 0.8910754
0.01858522 0.9088039
0.01556188 0.9085762
0.04777088 0.7754327
0.0253209 0.786092
0.03190865 0.7434828
0.04950528 0.7702783
0.0628531 0.8181741
0.05338642 0.899107
0.0864521 0.9429198
0.09293639 0.9265041
0.08750319 0.9216876
0.09073556 0.8946798
0.06917335 0.8529974
0.046124 0.8431114
0.02884398 0.8379259
0.06470086 0.8354385
0.05051962 0.7749899
0.04260058 0.7346559
0.04290823 0.7125173
0.02842672 0.6879994
0.02550356 0.7063407
0.03554554 0.699016
0.02969263 0.6183539
0.028073 0.6007486
0.02682862 0.587551
0.03382876 0.5891814
0.02647784 0.6205215
0.05116118 0.6875621
0.05524253 0.7352064
0.02797196 0.6851658
0.02471933 0.6815598
0.02141201 0.6772981
0.03947794 0.6612333
0.0341416 0.6862033
0.03825109 0.688969
0.04532389 0.6971013
0.02544817 0.7013051
0.01334094 0.7121716
0.00438569 0.7240013
0.003492838 0.715652
0.006227735 0.7487992
0.009122951 0.7559221
0.004872973 0.7554064
0.005249486 0.7463
0.007935621 0.7786338
0.0001866756 0.8456062
0.002556819 0.8449529
0.002810835 0.7969682
0.004213952 0.8188379
0.02245626 0.7671435
0.02546416 0.8525891
0.02736597 0.8346773
0.01993171 0.8156576
0.02098645 0.7804493
0.01080454 0.7818555
0.01269107 0.8182063
0.01027274 0.8491721
0.01164815 0.8778625
0.03003321 0.8938285
0.0463954 0.8460056
0.0842395 0.9483106
0.07243473 0.9038197
0.05672711 0.8395823
0.05942267 0.775358
0.03600195 0.7910624
0.05642312 0.8588003
0.07583283 0.8660462
0.07099209 0.8820288
0.07293939 0.8389591
0.05460774 0.7925875
0.03583247 0.755864
0.04896014 0.7548773
0.08500891 0.7952236
0.095171 0.7613821
0.09635854 0.7774474
0.1377728 0.7467439
0.186015 0.7843528
0.1658589 0.8343604
0.1561696 0.8458593
0.1578679 0.8105153
0.08992888 0.8517091
0.06845183 0.8878645
0.05401978 0.8854576
0.03052853 0.9255222
0.03700778 0.9585057
0.03757199 1.014536
0.02668635 1.116895
0.02230548 1.171824
0.02875522 1.160085
0.009511391 1.143566
0.007570498 1.164701
0.01248603 1.132324
0.01321966 1.137463
0.001317038 1.085265
0.007415132 1.109409
0.01158808 1.170629
0.004706686 1.242071
0.007716889 1.269533
0.02110417 1.240986
0.02516632 1.25451
0.02770964 1.212818
0.02741666 1.228792
0.04658226 1.242021
0.04121676 1.196623
0.03445507 1.196909
0.01174675 1.279518
0.01788179 1.279498
0.03183839 1.173109
0.03439393 1.171983
0.03265868 1.214305
0.03097979 1.283032
0.03060248 1.267257
0.03870015 1.131669
0.01492529 1.12811
0.03009698 1.142648
0.03745171 1.20578
0.03776586 1.125931
0.03539455 1.08952
0.02636156 1.075457
0.06238054 1.087082
0.05791651 1.095565
0.05062974 1.085854
0.04610161 1.122131
0.04487293 1.135449
0.07601541 1.099514
0.06554311 1.020173
0.06086284 0.9537405
0.05400646 0.9397684
0.0650564 0.9549611
0.07196207 1.002378
0.1023884 1.043414
0.11058 1.016662
0.08725928 0.9953525
0.04661755 1.004391
0.05579191 1.050845
0.02966223 1.092843
0.01289491 1.028757
0.01215195 1.024541
0.009407311 0.9748497
0.006894089 0.9752972
0.005106469 1.035738
0.007307966 0.9801361
0.005216525 0.9804145
0.005535587 1.022091
0.006185569 0.9735136
0.002336828 0.9523481
0.002799031 1.0208
0.009884204 0.9750728
0.03499214 1.062829
0.02746113 1.16482
0.02064056 1.102907
0.01697202 1.061704
0.0195835 1.00773
0.01508502 0.9947587
0.02528487 1.028526
0.01301673 1.091889
0.02178793 1.060762
0.03570087 1.046416
0.03041926 1.088314
0.0728892 1.16894
0.05305376 1.16933
0.04211412 1.20942
0.05184712 1.227262
0.07086845 1.321533
0.03141367 1.222969
0.03971794 1.250555
0.02479007 1.263306
0.01356861 1.249582
0.01950517 1.290491
0.009337682 1.266701
0.009078169 1.34177
0.01007742 1.31965
0.003627911 1.260703
0.007841069 1.210059
0.01375821 1.232543
0.02063607 1.274155
0.006799863 1.219009
0.008881127 1.162256
0.02029127 1.154714
0.0275146 1.126224
0.01230994 1.107341
0.007771011 1.090904
0.009986347 1.074193
0.005806803 1.11031
0.01110405 1.047229
0.01206585 1.022675
0.0101065 1.09639
0.006602253 1.050587
0.01899517 1.040547
0.03404859 0.9774107
0.02242951 1.023079
0.01521603 1.019915
0.02476341 0.9795696
0.02563815 1.002428
0.02264573 1.046514
0.01003295 1.001586
0.0207521 1.040431
0.01943164 1.069927
0.03287747 1.037421
0.0288055 1.065118
0.02014995 1.037338
0.0302906 1.063207
0.02945195 1.093688
0.02337208 1.194482
0.01819803 1.167616
0.02129425 1.159726
0.02080229 1.203485
0.03018095 1.207631
0.05088027 1.22172
0.05848704 1.2055
0.06342064 1.143141
0.06269802 1.200637
0.07592992 1.264713
0.05680135 1.273021
0.1005703 1.307184
0.1021006 1.347477
0.07967787 1.312916
0.09688075 1.299856
0.1221187 1.382281
0.1423681 1.318601
0.1266618 1.257727
0.1212719 1.250595
0.09670543 1.299878
0.1041652 1.258246
0.09672066 1.253363
0.09278338 1.247259
0.06895046 1.254444
0.07479371 1.259918
0.07551561 1.311356
0.08400006 1.390881
0.07869552 1.389958
0.05057722 1.329304
0.07327847 1.330376
0.05092833 1.364844
0.06130158 1.385538
0.06598524 1.429462
0.07557324 1.444857
0.05757474 1.466352
0.03164691 1.47331
0.02347618 1.436684
0.0241293 1.451671
0.02110476 1.494738
0.01590348 1.523099
0.03224982 1.499442
0.04910241 1.493824
0.03506036 1.580367
0.01071825 1.50607
0.02119894 1.489023
0.03191995 1.510825
0.02842603 1.746517
0.0481903 1.811348
0.03742901 1.726558
0.03491794 1.731408
0.0753908 1.754313
0.06081764 1.720618
0.08846578 1.687706
0.0790735 1.721354
0.09353286 1.740401
0.08178388 1.749063
0.07087726 1.757809
0.04387525 1.66286
0.04254971 1.713275
0.04942731 1.723323
0.05724019 1.616043
0.03738487 1.628362
0.01480726 1.637644
0.04796434 1.545658
0.04198839 1.518597
0.04136748 1.538668
0.02086936 1.468826
0.03005994 1.379343
0.02743814 1.326615
0.01372615 1.388448
0.01381033 1.28885
0.01131345 1.303784
0.02221549 1.405113
0.03547629 1.387841
0.03571794 1.349266
0.06168211 1.329968
0.09191088 1.284848
0.09138197 1.339938
0.073207 1.386294
0.1157181 1.413509
0.1524676 1.343123
0.1149694 1.349389
0.1135616 1.347328
0.1019661 1.403019
0.08087802 1.337696
0.06196978 1.262878
0.06693567 1.229458
0.05407553 1.246836
0.05424645 1.208321
0.06419709 1.185816
0.0254663 1.278787
0.04331543 1.239328
0.04038984 1.369177
0.02477108 1.343353
0.02737721 1.372324
0.0860191 1.413394
0.05943843 1.442772
0.04567641 1.508621
0.0411969 1.535296
0.05854103 1.55189
0.06710468 1.519038
0.08158931 1.635602
0.07668023 1.549653
0.07776326 1.508811
0.07652949 1.390694
0.09465723 1.429751
0.08815484 1.426639
0.0922749 1.34975
0.08253719 1.307808
0.1147612 1.268494
0.1356506 1.331551
0.09500489 1.272895
0.07422441 1.310979
0.08219825 1.252994
0.06390131 1.210662
0.06275373 1.148338
0.04644118 1.22552
0.006950244 1.30474
0.01258094 1.331384
0.0178153 1.414034
0.02719477 1.382156
0.03863647 1.43106
0.04402689 1.446499
0.03165884 1.538769
0.03896455 1.566931
0.044525 1.606953
0.03826856 1.595536
0.05427129 1.491776
0.06498105 1.481407
0.06802077 1.632065
0.06974868 1.694856
0.05613284 1.685903
0.04796213 1.568444
0.04012022 1.551089
0.03628939 1.537465
0.02973685 1.620243
0.02795163 1.658468
0.02449543 1.596357
0.04033431 1.580205
0.06928099 1.574104
0.07537743 1.588319
0.09863677 1.562522
0.0961373 1.568982
0.07430548 1.537349
0.04869157 1.665425
0.0299187 1.788102
0.03126339 1.753149
0.03303204 1.561969
0.03097179 1.528969
0.03657413 1.500205
0.03671395 1.584204
0.03158273 1.599319
0.02593452 1.694374
0.02854787 1.714454
0.03133059 1.508975
0.03425639 1.534425
0.02563122 1.495625
0.01545136 1.441531
0.01453027 1.395226
0.02441141 1.409771
0.02364823 1.389751
0.04041432 1.463722
0.02962385 1.435313
0.02945085 1.447707
0.02833973 1.411844
0.01990542 1.423171
0.02634037 1.441205
0.01573616 1.486562
0.02150248 1.568069
0.02402426 1.597151
0.03338978 1.50458
0.03096546 1.439167
0.05172427 1.443065
0.05947817 1.499894
0.09821762 1.611986
0.09646149 1.546311
0.08698217 1.594191
0.1042985 1.592086
0.08623191 1.608447
0.07749746 1.566086
0.09082386 1.524721
0.0521361 1.547885
0.03772634 1.582038
0.02759221 1.588279
0.04635093 1.717113
0.0579711 1.765256
0.05925552 1.911155
0.05215849 1.844656
0.02904438 1.882719
0.02075875 1.871315
0.01529148 1.800479
0.03755166 1.793844
0.05692532 1.657798
0.05150545 1.54791
0.05335616 1.410268
0.02392543 1.44033
0.02886326 1.307542
0.01512727 1.287201
0.01309623 1.31149
0.04263975 1.428144
0.07624277 1.45293
0.0801184 1.473091
0.1001778 1.409035
0.1246439 1.381624
0.1170248 1.306297
0.1309378 1.16214
0.1051383 1.063708
0.0576561 1.145215
0.05622132 1.160092
0.05750513 1.002447
0.09847844 1.028078
0.07638577 1.07957
0.05742437 1.042973
0.04771284 1.023062
0.0571524 1.083649
0.03732131 1.078541
0.03111131 0.9559909
0.01746305 1.013844
0.0211575 0.9935478
0.02296064 0.9341295
0.01682987 1.062255
0.01558092 1.155166
0.02460443 1.15161
0.02045514 1.198781
0.01164837 1.170256
0.005136905 1.17781
0.01277475 1.143745
0.03199767 1.126256
0.03542196 1.142488
0.04578436 1.134011
0.03139252 1.16699
0.01550967 1.168541
0.03366277 1.210487
0.02858221 1.176582
0.02215122 1.125474
0.02690657 1.185938
0.03017503 1.188571
0.03017292 1.244835
0.0436174 1.261626
0.07045914 1.235634
0.0788659 1.210857
0.1054522 1.234673
0.1013816 1.216877
0.112552 1.208997
0.1237492 1.243874
0.1124573 1.266445
0.1099965 1.205567
0.09290565 1.256668
0.07411887 1.310575
0.1099103 1.49109
0.1002002 1.422107
0.0640867 1.441226
0.05904506 1.426427
0.06111799 1.396396
0.05916742 1.318996
0.04193435 1.421132
0.03692843 1.504663
0.02065607 1.46658
0.05071951 1.604494
0.0553397 1.635721
0.07458259 1.713916
0.07973157 1.640608
0.05913569 1.750494
0.05064137 1.606421
0.03126667 1.578313
0.02537903 1.66587
0.05218843 1.707445
0.04895683 1.634413
0.05426656 1.600382
0.06068618 1.54843
0.04756423 1.582399
0.07440108 1.695604
0.05980647 1.63887
0.07417623 1.694876
0.05897394 1.624533
0.05026443 1.675854
0.05909819 1.814097
0.03051384 1.701456
0.01853431 1.778918
0.01045363 1.717988
0.01504197 1.555027
0.05356864 1.612346
0.06090818 1.59087
0.03873835 1.635636
0.03774219 1.613793
0.03798511 1.623424
0.03629546 1.63488
0.02710966 1.676382
0.02906678 1.803744
0.0325355 1.825956
0.02930599 1.752288
0.006142676 1.720747
0.0007857601 1.673016
0.004526464 1.683713
0.01379066 1.817382
0.009378021 1.685103
0.004482858 1.587823
0.008817207 1.507922
0.01229772 1.667728
0.01047892 1.732609
0.007594339 1.790669
0.01843982 1.977637
0.02375058 1.845296
0.01132744 1.906406
0.02057056 1.859104
0.02493569 1.882797
0.02682079 1.871884
0.05093459 2.050005
0.04355002 2.019158
0.02077084 1.804942
0.04018693 1.943671
0.0367195 2.123576
0.01598794 2.152574
0.03400586 2.04158
0.02604918 1.926247
0.0121795 1.761736
0.003352784 1.743748
0.00453283 1.715469
0.00654593 1.731205
0.01706827 1.755743
0.02376229 1.763336
0.03292465 1.950571
0.04906716 2.061015
0.03829095 2.159787
0.05984711 2.091785
0.05835204 2.070058
0.03494632 1.980251
0.02911584 2.022672
0.02686278 1.932747
0.0203055 2.213896
0.02902588 2.062648
0.02022988 2.236115
0.01111893 2.295742
0.02222891 2.613735
0.01656415 2.616636
0.01452143 2.713891
0.007840524 2.645347
0.03295088 2.66679
0.05100788 2.702884
0.04868564 2.783249
0.04447119 2.762746
0.03341383 2.90051
0.06033506 3.161921
0.06059375 2.941374
0.05649416 2.817629
0.06489844 2.746807
0.05239221 2.673021
0.03611994 2.53252
0.03596371 2.81205
0.0613664 2.670825
0.04105455 2.622724
0.02531428 2.475278
0.03672192 2.130476
0.02658699 2.298148
0.01610794 2.169015
0.01970759 2.138655
0.0467141 1.931948
0.05758046 1.851371
0.04097218 1.754488
0.04826725 1.862366
0.04472649 1.897987
0.04708992 1.875659
0.06046261 1.965214
0.07144475 1.999541
0.05845376 2.010923
0.07763864 2.048053
0.0496499 1.982298
0.03767233 2.200759
0.04280585 2.245901
0.03762436 2.198701
0.02149799 2.12231
0.0145236 2.180042
0.02520862 2.106315
0.04304697 2.113727
0.06764809 2.085195
0.0452642 2.217405
0.03698093 2.108908
0.03282279 2.078131
0.03582979 2.080874
0.01671995 2.148047
0.02579408 2.239697
0.02855252 2.148446
0.01865758 2.233102
0.01506397 1.993263
0.01012356 1.927436
0.008894846 2.076876
0.01457371 2.058604
0.009458202 2.133504
0.008584617 1.97916
0.01347126 2.030934
0.02382096 2.008876
0.03198729 1.927516
0.02096704 2.019336
0.03105672 2.178726
0.02141522 2.24239
0.04723926 2.265677
0.05122557 2.262683
0.04670957 2.152767
0.04582338 2.154523
0.05309435 2.151187
0.05470904 2.127208
0.06083375 1.960876
0.0627057 2.070611
0.07899306 2.195916
0.05030045 2.262547
0.05778946 2.25264
0.03922819 2.255537
0.02834146 2.144402
0.0246231 2.209005
0.01815235 2.220826
0.02732644 2.3262
0.0250746 2.422166
0.01567768 2.499601
0.01093504 2.587791
0.01709481 2.589262
0.02579454 2.586535
0.02178285 2.564307
0.0168979 2.443654
0.01359431 2.550574
0.02448574 2.375111
0.03133567 2.322348
0.02441013 2.212808
0.03550198 2.306035
0.02584535 2.279062
0.03562904 2.257117
0.02553964 2.118103
0.01702575 2.160663
0.004743552 1.934645
0.02574985 1.830961
0.05310207 1.925564
0.05576997 1.902733
0.03432925 1.774491
0.05641821 1.831089
0.03517156 1.884077
0.04511599 1.872357
0.05281348 1.920262
0.04184978 1.906958
0.03766819 1.855716
0.02499873 1.816294
0.0426864 1.720307
0.03014873 1.700121
0.02866587 1.720687
0.02908035 1.812901
0.03469384 1.864486
0.03681574 1.699881
0.02630611 1.709141
0.03856411 1.714594
0.03350762 1.724197
0.05532102 1.691048
0.06259084 1.860583
0.04537062 1.893288
0.02995883 1.978644
0.0525788 2.091922
0.05006927 2.02451
0.03478199 2.150768
0.02064418 2.098802
0.0223538 2.102662
0.03506115 2.030781
0.02775185 2.180753
0.04442342 2.101179
0.0452952 2.147853
0.04387433 2.401573
0.06074691 2.349106
0.05856233 2.447879
0.05825627 2.444618
0.05713152 2.302184
0.05585135 2.195979
0.05873568 2.198687
0.09451437 2.103783
0.08558579 2.16095
0.1123959 2.112948
0.08610498 2.311513
0.06486105 2.186915
0.02786331 2.106336
0.0214825 2.157392
0.01997709 2.174314
0.02394786 2.160052
0.03179218 2.170451
0.03963985 2.384793
0.01568969 2.608478
0.02683748 2.540196
0.03716437 2.715123
0.0331607 2.782121
0.03872375 2.795688
0.06052518 2.694407
0.04469595 2.592341
0.04632337 2.602251
0.03465102 2.620901
0.03358844 2.649031
0.05051583 2.661483
0.04060672 2.83891
0.04067908 2.754499
0.06859988 2.665586
0.08296672 2.670606
0.06924145 2.678312
0.06168388 2.653877
0.03935147 2.685336
0.02188889 2.846604
0.02263102 2.940533
0.03150881 2.713009
0.02032307 2.696495
0.007276255 2.787715
0.0109827 2.6531
0.0161512 2.647296
0.006777247 2.748875
0.007935181 2.76988
0.01474413 2.677519
0.01784448 2.433001
0.01953802 2.344947
0.04754755 2.219883
0.02274873 2.030841
0.02503613 2.241799
0.03636116 2.103577
0.02509098 2.296865
0.02882271 2.273011
0.0368606 2.442713
0.0623969 2.620156
0.04423642 2.509965
0.01211314 2.464703
0.01415077 2.462596
0.01904252 2.506781
0.01483598 2.549265
0.01018678 2.425547
0.005899056 2.479624
0.02733833 2.578624
0.03186122 2.517635
0.02164449 2.73322
0.02446739 2.675838
0.0130706 2.717617
0.01234715 2.875911
0.008543763 2.999039
0.001185057 2.771323
0.005417132 2.931003
0.02340333 2.867456
0.04697454 2.904938
0.02118208 2.830665
0.02252703 2.664633
0.02314234 2.54319
0.02321151 2.37332
0.0220136 2.308367
0.02826272 2.276819
0.04415367 2.290397
0.03708408 2.484726
0.06397546 2.5544
0.05009333 2.260459
0.0490009 2.276065
0.03972511 2.259668
0.03997988 2.316995
0.053778 2.147098
0.02820457 2.02991
0.02268551 1.938809
0.03062708 1.938059
0.05172129 2.117932
0.04346762 1.979929
0.03761157 2.023844
0.0271892 2.278066
0.02236412 2.197028
0.02828759 2.128125
0.02932415 2.117582
0.03943527 2.154635
0.02741223 2.080303
0.01520731 2.146425
0.001292352 2.120476
0.002965062 2.153636
0.008797363 2.081739
0.004575453 2.196457
0.007739103 2.279666
0.02244078 2.094042
0.01951201 1.988108
0.03189742 1.966062
0.02589022 1.995615
0.02990493 1.867545
0.02952677 1.735302
0.01137842 1.568243
0.009973813 1.544866
0.009361705 1.595497
0.006446474 1.593675
0.01859774 1.677508
0.02947618 1.627195
0.02982278 1.724565
0.02242081 1.88202
0.003485195 1.878797
0.006649975 1.828276
0.005317552 1.821425
0.01078169 1.628997
0.01219378 1.653834
0.01126079 1.517763
0.007203838 1.561011
0.01622074 1.509313
0.01740543 1.486295
0.02529295 1.46829
0.03216971 1.425587
0.02710589 1.328192
0.03064664 1.304739
0.02911102 1.336929
0.03148875 1.279391
0.03918403 1.278062
0.0299584 1.261437
0.02936811 1.278168
0.02990811 1.390858
0.02509898 1.455451
0.01456723 1.381878
0.008488868 1.498528
0.01461556 1.536603
0.01462591 1.40578
0.02452135 1.451283
0.02957264 1.460544
0.02831683 1.317374
0.01499728 1.447369
0.01137173 1.386425
0.009830497 1.472352
0.009976605 1.467495
0.0165749 1.400801
0.0136532 1.294801
0.01246146 1.333072
0.03137304 1.377353
0.03216774 1.387092
0.01081554 1.352681
0.01005325 1.35111
0.009579451 1.263767
0.02843159 1.222663
0.02287748 1.165778
0.04686248 1.143691
0.08510357 1.118352
0.08259038 1.033185
0.07425969 1.084931
0.0991223 1.106473
0.1385749 1.097817
0.1033586 1.117771
0.1012114 1.151922
0.08962669 1.091951
0.1067055 0.9868575
0.06259379 1.012767
0.07880008 1.026528
0.1133598 0.9759409
0.09179657 0.9611566
0.06926874 0.9895313
0.06189152 1.054684
0.06289373 1.095431
0.06467159 1.09204
0.08185654 0.9982467
0.09849177 1.078836
0.124665 1.080315
0.09848805 1.096666
0.0907517 1.142402
0.08637108 1.140732
0.06413399 1.167232
0.05287707 1.093096
0.03923308 1.055291
0.05822231 1.024511
0.03799966 1.011475
0.05235388 1.059951
0.04023231 0.9672798
0.05157313 0.8985374
0.02976127 0.9482889
0.01995162 0.9161217
0.01784167 0.8402263
0.01835493 0.8487148
0.0082957 0.8465347
0.008554652 0.831383
0.008060176 0.7845181
0.01298214 0.7907354
0.003677864 0.8215487
0.003580965 0.85
0.002547145 0.842891
0.0009543028 0.8380844
0.008211394 0.8852588
0.002857749 0.7857543
0.008784871 0.8748158
0.02258658 0.8953384
0.02976248 0.8439769
0.01893234 0.9171839
0.02006086 0.9873927
0.01038303 0.9573155
0.01688148 0.9574129
0.01443056 0.9380247
0.0283705 0.9197819
0.02825244 0.926918
0.04918352 0.9108386
0.06681774 0.9838921
0.07052206 0.8973548
0.05057776 0.8985267
0.03392284 0.9099893
0.04737913 0.7959637
0.04030615 0.8102265
0.04203996 0.8473867
0.03715129 0.8391707
0.01991051 0.8639379
0.009351394 0.8361494
0.01291625 0.8183619
0.003524104 0.7861704
0.004444439 0.7468597
0.007636464 0.7465246
0.01677914 0.6906761
0.01943887 0.7679522
0.03493403 0.867103
0.05835375 0.9417477
0.06399445 0.9516947
0.06728824 0.9888681
0.07064053 0.9859854
0.08455715 1.026641
0.07407887 1.008088
0.05493658 1.039065
0.08126367 1.051879
0.07127642 1.034972
0.05744062 1.04443
0.05022291 1.023645
0.06347316 0.9327388
0.08081865 0.9307774
0.087498 1.027812
0.07599049 1.059982
0.08484709 1.115242
0.1195979 1.146814
0.1146869 1.127287
0.07414764 1.174216
0.06472704 1.071704
0.07122855 1.027027
0.04609853 1.025589
0.04546144 0.9993283
0.06406189 0.9181416
0.07268702 0.98526
0.07058814 0.9774332
0.056879 0.9574437
0.07064989 0.9892792
0.06471275 1.091764
0.07899862 1.147613
0.1448809 1.139546
0.1463611 1.206161
0.1307424 1.133603
0.1271391 1.04146
0.1414121 1.069409
0.1002353 0.9723145
0.07429363 0.9682127
0.04171937 0.9603699
0.05549753 0.9704359
0.0662076 0.9307611
0.04728585 0.9077044
0.0351207 0.9846145
0.01345438 1.036596
0.01942826 1.007381
0.01425618 1.122718
0.03051959 1.15045
0.02558806 1.121572
0.02518673 1.134772
0.01868311 1.14262
0.01616259 1.138363
0.02490174 1.10633
0.03057123 1.207832
0.03332395 1.171367
0.03678514 1.055306
0.03227374 1.100192
0.02575374 1.152351
0.01375393 1.144392
0.008281698 1.176415
0.00499013 1.276425
0.01913394 1.211695
0.0234489 1.255896
0.02673745 1.421126
0.07370381 1.402255
0.08121798 1.431335
0.06344037 1.358348
0.05312886 1.382668
0.05190594 1.410218
0.04684958 1.337372
0.08023985 1.367338
0.05908376 1.476725
0.05631505 1.554952
0.03128728 1.586661
0.04282236 1.572666
0.03147246 1.506689
0.01626464 1.711553
0.04149146 1.739096
0.0225894 1.725036
0.01486062 1.728556
0.01039378 1.849259
0.009307123 1.871039
0.0102505 1.845163
0.006748993 1.943148
0.01253584 1.886865
0.007173953 1.911752
0.02004813 1.948684
0.01903991 1.847573
0.005525372 1.797185
0.001525947 1.782626
0.001691716 1.720954
0.003119258 1.653307
0.008321223 1.708788
0.01179226 1.793243
0.00893953 1.841256
0.005690431 1.622934
0.02001276 1.690865
0.02554947 1.644008
0.03413537 1.60066
0.03168464 1.628981
0.0195928 1.503283
0.01528191 1.643344
0.004812346 1.65921
0.001883745 1.665365
0.01487032 1.718001
0.02736014 1.670325
0.03281621 1.713106
0.02363052 1.568041
0.02262353 1.58133
0.02547297 1.485018
0.03042731 1.482189
0.0256817 1.588732
0.02146129 1.567464
0.0220782 1.688278
0.03451357 1.666308
0.02872 1.764974
0.06704208 1.692008
0.05404016 1.748958
0.09071962 1.720331
0.05515883 1.92219
0.04643618 1.930152
0.03787888 1.776007
0.03280054 1.713643
0.04370033 1.660154
0.05091542 1.653327
0.05302611 1.56038
0.07738998 1.569742
0.07823999 1.469098
0.04737824 1.492706
0.05360007 1.411085
0.06751128 1.457943
0.03837068 1.413675
0.03269469 1.36035
0.01702633 1.354351
0.01532223 1.390652
0.02325675 1.41001
0.03479397 1.354726
0.03280692 1.419822
0.03681131 1.430233
0.03610346 1.479328
0.02548938 1.495251
0.02778539 1.423933
0.03829438 1.430748
0.04244208 1.343694
0.04886081 1.304895
0.03006378 1.349398
0.03004838 1.402663
0.05397129 1.283379
0.04807665 1.217628
0.03411973 1.242416
0.04425092 1.229105
0.02654891 1.243304
0.0424619 1.319922
0.03286016 1.488311
0.03647309 1.578859
0.02837752 1.651614
0.05263302 1.513019
0.05745273 1.500259
0.05643159 1.532241
0.06267899 1.509674
0.07257685 1.467083
0.09131564 1.34801
0.104693 1.398466
0.09610143 1.503302
0.0877679 1.57433
0.1062143 1.431841
0.07597141 1.397292
0.08881848 1.397789
0.09215148 1.444738
0.1058621 1.426975
0.145691 1.448947
0.0916623 1.314012
0.1005305 1.400061
0.1099296 1.413426
0.09623181 1.367769
0.09677794 1.359531
0.05976591 1.391941
0.09151577 1.457258
0.06812658 1.365559
0.06881573 1.396736
0.04770557 1.504887
0.05953278 1.530555
0.07162662 1.517559
0.06767628 1.639412
0.07375332 1.541214
0.09147366 1.471914
0.08669629 1.455448
0.05412162 1.457119
0.08109104 1.405311
0.07742063 1.325983
0.07249688 1.262605
0.06054367 1.312474
0.06494766 1.341476
0.04356609 1.344996
0.03912334 1.346229
0.06708565 1.446785
0.07158214 1.583188
0.04584682 1.523864
0.03557926 1.469484
0.02639748 1.529248
0.02557491 1.484405
0.02028368 1.453496
0.02480234 1.442699
0.0410406 1.353024
0.03914249 1.244484
0.03135202 1.264749
0.05040075 1.229064
0.02000941 1.286746
0.009886169 1.343051
0.01115227 1.404977
0.01931573 1.39597
0.03077513 1.362714
0.01958613 1.381903
0.01114793 1.407472
0.03563748 1.435254
0.03640148 1.516195
0.0457223 1.475929
0.03473723 1.523129
0.04064225 1.522572
0.06146282 1.454088
0.07745758 1.494493
0.05710929 1.462123
0.06682664 1.479467
0.07304593 1.437788
0.06518904 1.598304
0.04310686 1.503409
0.02514984 1.499576
0.01879402 1.491467
0.03902821 1.486835
0.05400668 1.487307
0.05474559 1.46205
0.03808278 1.363615
0.07362419 1.499343
0.06519436 1.558178
0.06717347 1.531512
0.06696741 1.560133
0.0596319 1.625147
0.05440755 1.594055
0.08441883 1.576902
0.08240573 1.564739
0.08900354 1.58821
0.08883901 1.671174
0.07454067 1.667227
0.06409969 1.774917
0.06415232 1.827277
0.06342623 1.827215
0.04959585 1.793862
0.03144906 1.7462
0.007382974 1.734796
0.007599113 1.78067
0.01302677 1.629574
0.003257116 1.528374
0.003612504 1.59838
0.006803176 1.66165
0.007996975 1.815675
0.01440717 1.715734
0.01730367 1.801145
0.0131563 1.86621
0.01328192 1.826187
0.006774826 1.963197
0.01059946 1.898325
0.015739 1.783696
0.02205046 1.757109
0.05606893 1.827956
0.02996938 1.739705
0.03751226 1.713459
0.06489018 1.684526
0.06942682 1.651156
0.05964438 1.668946
0.07328338 1.736469
0.05681391 1.767087
0.03433768 1.694484
0.03730532 1.776501
0.05407 1.834299
0.06388022 1.762549
0.09068914 1.744859
0.103183 1.697819
0.07246486 1.798155
0.05184504 1.690465
0.06481001 1.684817
0.04537742 1.624843
0.05548757 1.660418
0.04918152 1.64568
0.04802097 1.624418
0.03574565 1.606313
0.03163139 1.514918
0.0235864 1.598606
0.01981779 1.593357
0.00945223 1.523667
0.01679867 1.626304
0.03469766 1.626301
0.01274399 1.614504
0.03091821 1.641947
0.03940412 1.590943
0.02945363 1.685179
0.04346295 1.662751
0.05103558 1.589508
0.07047672 1.678589
0.06806369 1.67601
0.05817954 1.811417
0.04745297 1.841316
0.02796109 1.889934
0.04607541 2.010572
0.04691913 2.184148
0.02185542 2.150728
0.04010256 2.028551
0.04037886 2.00031
0.04546215 2.117506
0.08289559 2.017098
0.05138214 2.200184
0.03287863 2.259605
0.0427374 2.201907
0.05158193 2.202793
0.0521748 2.282718
0.05337821 2.311431
0.03770362 2.241587
0.03396161 2.21311
0.0433492 2.143588
0.04643706 2.22601
0.03175559 2.140704
0.03574271 2.192181
0.01787783 2.038172
0.02323956 1.930067
0.03704244 1.901502
0.0539693 1.937797
0.06384227 1.811005
0.0447678 1.803655
0.06881483 1.937259
0.06231791 2.045607
0.03670584 2.075499
0.04577495 2.063366
0.01910037 2.140639
0.01790464 2.11474
0.0258304 2.228464
0.01959126 2.371282
0.01001857 2.400468
0.01413982 2.457345
0.002345482 2.738401
0.007254241 2.843997
0.01152384 2.669396
0.01250852 2.732286
0.02127972 2.874928
0.05870992 2.831808
0.04985578 2.856978
0.03641198 2.641948
0.02530525 2.555498
0.02700769 2.502152
0.02988866 2.738483
0.04256007 2.668407
0.05309102 2.575398
0.05914414 2.521547
0.05802893 2.832004
0.07835348 2.784062
0.06329371 2.973083
0.06599672 2.786372
0.06314548 2.898665
0.06060541 2.765687
0.0503869 2.809602
0.04451988 2.67142
0.02660805 2.869339
0.01718998 2.78952
0.02286924 2.659382
0.01248726 2.714197
0.0220637 2.813952
0.0109532 2.588734
0.02003309 2.598863
0.02300057 2.507357
0.02676879 2.361956
0.02093318 2.472818
0.01844958 2.410998
0.03168122 2.361267
0.02481213 2.426182
0.009461007 2.376816
0.005465193 2.554081
0.0151138 2.550815
0.01553216 2.432007
0.0140565 2.50974
0.02705676 2.497671
0.01709454 2.439926
0.02782044 2.512326
0.03100964 2.476642
0.02649696 2.382105
0.02700598 2.310604
0.03315581 2.37492
0.04332507 2.446051
0.07523273 2.537041
0.07524872 2.443349
0.0659591 2.452185
0.08815868 2.309649
0.05878255 2.372015
0.04701055 2.232317
0.04217741 2.20103
0.03435637 2.312834
0.03280153 2.261026
0.02766208 2.165575
0.01417568 2.378901
0.007925821 2.41349
0.01065077 2.310958
0.008131341 2.401777
0.005602712 2.464943
0.0112291 2.483308
0.008953892 2.402959
0.0219671 2.541426
0.01495338 2.54836
0.002715545 2.537991
0.005738583 2.41224
0.01380333 2.310047
0.01993633 2.112321
0.03990109 2.186725
0.04774599 2.183807
0.04653576 1.968339
0.03815648 2.035605
0.02951666 1.926282
0.04492995 1.821327
0.06745677 1.852004
0.05873983 1.938041
0.05728652 1.781111
0.05295536 1.713125
0.05014297 1.649167
0.04555155 1.68522
0.03009344 1.744583
0.03508322 1.538782
0.04172577 1.46864
0.01972951 1.601653
0.01211478 1.528492
0.01204618 1.589291
0.02144876 1.711565
0.02808008 1.676343
0.03543541 1.711577
0.02990368 1.66445
0.01372135 1.689407
0.01567801 1.627105
0.01879666 1.719623
0.02991969 1.645069
0.031421 1.596521
0.02623802 1.713772
0.04344742 1.736156
0.06628287 1.616551
0.05527872 1.673915
0.04672129 1.568335
0.05479249 1.592653
0.04182212 1.658335
0.06244481 1.610857
0.06198116 1.446498
0.05454343 1.37915
0.05181035 1.455714
0.04231915 1.33928
0.03778672 1.485389
0.03965855 1.486889
0.02237723 1.521893
0.01885001 1.508995
0.01047703 1.611592
0.01106702 1.642755
0.005550866 1.533124
0.01127823 1.527025
0.02642662 1.6088
0.02144566 1.643143
0.02342034 1.712143
0.01378476 1.619926
0.01312875 1.633345
0.007448546 1.639276
0.01640883 1.718
0.02240445 1.687018
0.01730587 1.814311
0.009909102 1.81102
0.01424848 1.861804
0.004882679 2.001671
0.007921328 1.95019
0.009093014 1.80338
0.03049729 1.919095
0.04467025 2.028999
0.03474675 2.012439
0.048444 1.898732
0.03152463 2.001194
0.03733128 1.905266
0.04622619 1.89738
0.02307692 1.858422
0.03214966 1.877685
0.03842279 1.909521
0.0305269 1.92584
0.0193934 1.844556
0.03020023 1.824581
0.01921451 1.809331
0.01552495 1.665946
0.02057937 1.611884
0.04053437 1.60769
0.02541668 1.660378
0.05750254 1.549726
0.04225902 1.526647
0.05321265 1.508969
0.05461376 1.470657
0.07001912 1.445946
0.05018931 1.569326
0.03708279 1.579032
0.05807555 1.502978
0.07470358 1.442829
0.07432041 1.409055
0.03247321 1.446696
0.0371123 1.441798
0.01539751 1.488956
0.0277933 1.447715
0.04159763 1.500108
0.06396439 1.48364
0.05954186 1.492151
0.06996128 1.499721
0.1206617 1.489903
0.1161624 1.603917
0.07970955 1.525992
0.05914358 1.668637
0.06403036 1.780425
0.05190739 1.751273
0.04836892 1.852851
0.03123829 1.936004
0.02120648 1.996924
0.02304231 1.914064
0.02855215 2.030011
0.03351925 2.081164
0.01865133 2.096403
0.01324025 2.148116
0.03946031 1.994945
0.01498966 1.998015
0.0274193 2.005102
0.03267728 1.915225
0.03083104 1.920363
0.0186751 1.994666
0.02210525 2.038554
0.03670464 1.969386
0.07754063 2.031721
0.08199817 2.101438
0.09746038 1.934433
0.06576455 1.841175
0.07416857 1.983342
0.09427371 1.886801
0.05699113 1.982806
0.04777429 1.988559
0.03248844 2.035003
0.02815945 2.032882
0.01003839 2.007858
0.01035051 1.985026
0.0238397 1.916184
0.02951627 1.915192
0.05592754 2.086553
0.02738829 2.257628
0.02051348 2.152486
0.01521893 2.165708
0.017317 2.091833
0.02067189 2.165545
0.02807741 2.262268
0.02448638 2.391444
0.03930209 2.163168
0.05849949 2.14345
0.05659154 2.152091
0.02823424 2.161749
0.01649257 2.208242
0.004726852 2.188363
0.003704927 2.461245
0.00224469 2.517556
0.004466453 2.485562
0.006472773 2.376917
0.01761035 2.47436
0.01837116 2.596586
0.01563583 2.348066
0.03188531 2.409162
0.04786024 2.313383
0.04000604 2.282131
0.035305 2.25968
0.01372794 2.438989
0.01335521 2.442245
0.01773862 2.594133
0.01645354 2.55031
0.01575437 2.308898
0.02159648 2.40464
0.02197944 2.534821
0.02405408 2.337195
0.03660812 2.161822
0.05177306 2.159551
0.05402908 2.328458
0.0297285 2.420464
0.01361208 2.557949
0.01732373 2.586431
0.03190935 2.606919
0.01527259 2.804279
0.02821709 2.810978
0.02225125 2.690286
0.02524737 2.799579
0.009369696 2.818387
0.006973135 2.685082
0.007740436 2.831788
0.01169248 2.889797
0.01292472 2.934125
0.006023236 3.090757
0.00995962 2.917502
0.01207639 2.909139
0.01004696 2.855631
0.006903918 2.650352
0.00829528 2.607406
0.004356528 2.496371
0.002794642 2.645424
0.007434763 2.583962
0.004186592 2.724868
0.008845208 2.595214
0.001831146 2.703948
0.01128857 2.673215
0.01437688 2.793936
0.02481141 2.805781
0.01455504 2.668412
0.0156498 2.811185
0.01239284 2.810809
0.02737333 2.980506
0.02931991 2.950502
0.03109931 2.983852
0.04833243 2.884707
0.02133171 3.153064
0.01069476 3.03796
0.009666565 3.052933
0.01030386 2.924374
0.01912818 3.085817
0.01594083 3.103427
0.005731806 3.27703
0.01232072 3.474017
0.0120464 3.312914
0.01419414 3.201408
0.02313325 3.308784
0.01757026 3.401663
0.03769807 3.440667
0.03516832 3.600669
0.031893 3.726583
0.02709476 3.830321
0.02191282 3.757811
0.03290703 4.062905
0.03360767 4.107752
0.01827386 4.476271
0.0188871 4.624246
0.02076193 4.569983
0.02267347 4.319239
0.03329146 4.366504
0.03366515 4.44021
0.02944543 4.425563
0.02730524 4.528623
0.02039868 4.550139
0.0175841 4.63886
0.01484957 4.498127
0.01661249 4.669917
0.0168677 4.418372
0.008023854 4.294989
0.00445751 4.306572
0.01471229 4.349251
0.005445849 4.484375
0.01513963 4.36292
0.02344655 4.404406
0.03014543 4.16271
0.03190907 4.4235
0.03648765 4.501928
0.02203998 4.477106
0.01642604 4.300805
0.01254602 4.336307
0.01313364 4.386562
0.006838979 4.501287
0.01835887 4.403546
0.01634084 4.447256
0.003118068 4.351551
0.001089359 4.49299
0.00483001 4.281305
0.003879601 4.717879
0.003035143 4.494342
0.01144156 4.900311
0.01028599 4.619472
0.01367476 4.942834
0.01005144 4.950029
0.02491562 4.938578
0.01008008 4.697136
0.01320037 4.727735
0.01503739 5.08449
0.01587325 4.972323
0.01410894 5.020335
0.006991834 5.014048
0.004193956 4.958046
0.002534523 4.879237
0.0008737734 5.136104
0.001029186 5.300069
0.01272557 5.352192
0.003804768 5.75773
0.002440752 5.779176
0.01794305 5.80866
0.01440204 5.492627
0.01249215 5.594774
0.02637073 5.215293
0.01513873 5.150753
0.0229625 5.085575
0.02125872 4.811955
0.01130477 4.562328
0.0230236 4.596351
0.0191626 4.693115
0.007079033 4.428401
0.006441636 4.795872
0.005399793 4.758861
0.01170055 4.566225
0.02511946 4.395645
0.01774234 4.431936
0.0253421 4.374169
0.03355405 4.645613
0.02717729 4.752004
0.02833771 4.944247
0.01615522 5.047712
0.02379346 4.921724
0.0366098 4.900237
0.03594336 4.98606
0.06674287 4.689066
0.04588314 4.568253
0.02034886 4.699445
0.02203514 4.419547
0.02245948 4.397083
0.03332666 4.223509
0.05256295 4.068455
0.03965588 3.791348
0.04734997 3.978754
0.05425706 3.787456
0.06213265 4.073425
0.05565452 4.295736
0.02624546 4.104926
0.01927083 4.125753
0.01792849 4.019951
0.003703727 4.010178
0.004055155 4.339184
0.01256404 4.142
0.01608419 4.334088
0.006609257 4.120989
0.0022304 4.205719
0.0001433985 4.532672
0.0002441914 4.885391
0.004524883 4.873601
0.004244299 4.891519
0.0160663 4.94191
0.007048882 4.79541
0.01584398 4.955722
0.01912706 5.161497
0.01829002 5.155342
0.01886244 5.06327
0.02065627 5.085264
0.008537023 5.182282
0.006488682 5.602781
0.009997278 5.185311
0.009123084 5.737064
0.01245614 6.074802
0.02374654 6.456429
0.01960531 6.163476
0.008698611 6.140176
0.01845767 5.76004
0.006917802 5.474382
0.007056487 5.213376
0.01941056 4.963817
0.02602059 4.936001
0.03951055 4.674367
0.03283431 4.770552
0.02844026 5.150666
0.03196342 5.165228
0.02363159 5.309543
0.02621859 5.252985
0.01185136 5.406494
0.01169568 5.514483
0.01596956 5.547334
0.01757156 5.491435
0.01917718 5.567722
0.03651399 5.918018
0.02884248 5.919505
0.03502932 5.911282
0.02502063 5.718209
0.02070158 5.506547
0.04309119 5.607984
0.02333411 5.447692
0.01412696 5.532442
0.01649755 5.556203
0.01177368 5.539305
0.01383722 5.569548
0.006136532 5.981187
0.009247005 6.338454
0.016373 6.03649
0.02179971 5.726117
0.01871708 5.750685
0.009627046 5.671999
0.0111197 5.621183
0.005523538 5.486981
0.01162167 5.45972
0.0062243 5.890833
0.009589448 6.111446
0.01289409 6.291423
0.0162977 6.049415
0.02344893 5.833948
0.03145883 5.529558
0.03896194 5.53899
0.0241901 5.281746
0.01800341 5.301141
0.0262367 5.424979
0.02098476 5.663876
0.01756672 5.496322
0.01769656 5.874696
0.0107668 5.908317
0.01976762 5.543847
0.007335007 5.282467
0.01173389 5.20725
0.003048967 5.147389
0.02175602 4.972925
0.0200704 5.161559
0.01726204 5.180045
0.0154768 5.017276
0.01425866 4.728008
0.02753786 5.020912
0.02097585 5.383435
0.02028522 4.963756
0.01817578 5.11268
0.01189092 5.167318
0.02210676 5.106758
0.01454409 5.109808
0.02139252 5.06642
0.01756985 4.868818
0.008905551 4.769124
0.01624488 5.108763
0.02618817 5.060112
0.01527526 4.577094
0.009084482 4.203485
0.01987029 4.234281
0.0114702 4.08972
0.01443291 4.230779
0.01086271 4.144974
0.01228322 3.898971
0.01460526 3.995344
0.00424203 3.882807
0.005041386 4.200448
0.008446446 4.104481
0.002820741 4.205067
0.01109045 4.238082
0.01547185 4.150513
0.0122393 4.329094
0.008301998 4.307402
0.02263597 4.356582
0.01117509 4.352425
0.01096709 4.521617
0.01180295 4.485465
0.0251611 4.674919
0.02336818 4.697633
0.03127345 4.598035
0.02692745 3.969015
0.01414887 3.913831
0.01476833 3.996828
0.01436187 3.941765
0.01909386 4.205359
0.007272281 4.271277
0.01789906 4.467104
0.02087356 4.242427
0.01703845 4.154436
0.0215523 4.40525
0.01430389 4.48984
0.0218236 4.452499
0.01035156 4.287507
0.03039385 4.520322
0.0226417 4.957921
0.01988135 4.905998
0.02108166 4.991606
0.01583588 4.918655
0.01958796 5.04625
0.01997119 5.279827
0.0170793 5.127365
0.01455029 4.697861
0.01713322 4.83281
0.01637914 4.874986
0.01620016 4.97246
0.006332305 5.077101
0.008979731 5.049008
0.02449017 5.269721
0.01496419 4.805363
0.02710839 4.699585
0.02279073 4.53557
0.02624042 4.643907
0.01626363 4.373992
0.004667149 4.312589
0.008766699 4.133087
0.00809772 4.816417
0.002656528 4.866593
0.003899189 4.987021
0.002361215 4.913671
0.003927823 4.893299
0.007111742 5.279622
0.01719562 4.972706
0.01949769 4.953695
0.01775862 4.379766
0.0160844 4.237848
0.01688994 3.835459
0.008031875 4.090878
0.007593385 4.115277
0.0349278 4.081248
0.03236764 4.067176
0.02451206 4.191314
0.02953628 3.914779
0.02772624 4.028783
0.02696758 4.122191
0.04085866 4.434465
0.0414185 4.1742
0.03082985 4.36646
0.02695534 4.20902
0.01340942 4.684731
0.0148589 4.567332
0.01207673 4.568493
0.0009057369 4.666516
0.006992285 4.727529
0.004853227 4.756041
0.01606327 5.010957
0.01575376 5.067866
0.01291714 5.032707
0.006961904 4.865157
0.005939108 4.958654
0.01990811 4.913587
0.01984782 5.223727
0.02811851 5.260236
0.01332281 4.78191
0.00986023 4.550931
0.01241687 4.942863
0.01400021 4.665738
0.01394894 4.089668
0.02009934 4.38896
0.009680853 4.056381
0.01554335 4.341002
0.0181615 4.072729
0.0146692 4.118759
0.02008204 3.949163
0.01557828 3.808781
0.01660772 3.977365
0.02284655 4.062346
0.02283969 4.227299
0.02400778 4.439134
0.02255392 4.222387
0.01838234 4.485625
0.01339759 4.655071
0.01607168 4.335756
0.02286105 4.083159
0.02216865 4.038296
0.02626782 4.189466
0.02935206 4.247789
0.02514522 4.323176
0.01348331 4.37062
0.009909325 4.405311
0.01821348 4.64318
0.01622766 4.762994
0.01562468 4.904453
0.01147791 4.782235
0.02618272 4.586633
0.02035052 4.428288
0.02149696 4.48178
0.02422782 4.630945
0.03036909 4.946953
0.02500297 5.062694
0.01156973 4.628518
0.02383709 4.275621
0.02944615 4.730121
0.01967307 4.615613
0.01931334 4.396663
0.02386138 4.630567
0.02586847 4.427095
0.01502785 4.660561
0.07010364 4.311525
0.02607585 4.573142
0.01651186 4.931276
0.02621421 5.143538
0.01801305 5.153851
0.03602493 5.318765
0.0123088 5.538371
0.01793593 5.765813
0.02133341 5.863457
0.01862092 5.894539
0.007177885 6.39028
0.01519887 5.949746
0.01873571 5.838368
0.01730978 5.663733
0.01961414 5.696604
0.02183996 5.675394
0.01429005 5.706494
0.01071697 6.215504
0.0008681589 5.798205
0.01460823 5.948403
0.0116174 5.821556
0.008107364 5.616161
0.005961015 5.450743
0.01132328 5.67402
0.004518659 5.929482
0.006635054 6.048846
0.004755721 6.338145
0.01155568 6.16806
0.02215938 6.479367
0.01849813 5.75535
0.01137352 5.729217
0.006574757 5.758038
0.006459451 5.615129
0.009441544 5.552747
0.0002245795 5.670264
0.0003102133 5.624811
0.002245882 5.970568
0.001602078 5.599994
0.006281849 5.537655
0.003909896 5.281038
0.006989099 5.409127
0.002677609 5.465728
0.002772492 5.595797
0.01149706 5.760842
0.0229953 5.475149
0.008090274 5.90127
0.01143807 5.735859
0.010669 5.889979
0.02001726 5.058312
0.02539427 5.104716
0.02280759 5.552024
0.03045982 5.62742
0.01857638 5.595519
0.00675513 5.505116
0.004556191 5.665849
0.0119842 5.954823
0.01118138 5.798901
0.008026958 6.135847
0.005046641 6.52932
0.0005763267 6.510026
0.002800804 6.37669
0.005001197 6.703698
0.0080013 6.416884
0.008295118 6.30914
0.007828248 6.180649
0.001303548 6.20678
0.0004749203 6.171128
0.002215235 5.733112
0.002260386 5.730298
0.01602813 6.069744
0.01321835 6.027902
0.01045609 5.932143
0.01577234 6.174323
0.02916838 6.443991
0.02456364 6.679831
0.0399035 6.571002
0.03036183 6.827785
0.02344478 7.16316
0.009296591 7.06037
0.007718957 6.974706
0.03098691 7.418551
0.03344692 7.408305
0.02152787 7.881404
0.01429953 7.256141
0.01565691 6.588205
0.02536717 6.20304
0.02915764 5.596121
0.04297911 5.283917
0.0356011 4.775482
0.0230102 4.833294
0.01730455 4.603572
0.02830678 4.609445
0.01005425 4.685182
0.01112892 4.419447
0.001513726 4.739159
0.00253373 4.773099
0.003961386 4.310509
0.01536208 4.488981
0.01733226 4.480243
0.02160111 4.573805
0.009178784 4.677265
0.00927832 4.519891
0.009632202 4.316284
0.01092224 4.253797
0.01642653 4.066782
0.01948465 3.882745
0.02116655 3.986941
0.02409433 4.106877
0.03392131 3.830943
0.03209675 3.788874
0.02276092 3.668293
0.01694852 3.510682
0.03479344 3.303768
0.04232704 3.073253
0.03856636 3.297076
0.03481135 3.31582
0.02596089 3.350072
0.01198433 3.440635
0.002561803 3.586181
0.006614318 3.494231
0.004299945 3.813167
0.03417309 4.174163
0.02407278 4.255148
0.03375496 4.416582
0.008796562 4.241696
0.005856619 4.4365
0.00331982 4.103929
0.007612618 3.978758
0.01592769 4.276443
0.03769834 4.350662
0.05026069 4.660013
0.03360941 4.31233
0.05085627 3.831481
0.0449389 3.887184
0.05531102 3.580061
0.06347341 3.76283
0.0524882 3.962164
0.02939164 3.858363
0.02891569 3.927822
0.02635222 4.195677
0.01545044 4.429229
0.009446267 4.289768
0.0055675 3.819164
0.01430165 3.524261
0.02026102 3.183293
0.008217248 3.544291
0.01535941 3.782025
0.03717839 3.624416
0.03103686 3.363082
0.02573199 3.345323
0.03431891 3.264168
0.03352437 3.546547
0.03290029 3.415281
0.03382134 3.453306
0.02778676 3.408604
0.01642963 3.38239
0.04150063 3.326169
0.03627566 3.322931
0.008928409 3.291847
0.02624654 3.273568
0.06057271 3.247635
0.06052192 3.327155
0.05344171 3.314988
0.0369128 3.315963
0.03319086 3.406449
0.05090836 3.508822
0.04230267 3.59463
0.01705987 3.529538
0.02717847 3.564778
0.02991307 3.571222
0.01556136 3.697845
0.01335439 3.592779
0.01647921 3.45906
0.02763767 3.421833
0.0071292 3.438461
0.02646224 3.345394
0.03407263 3.379783
0.02866264 3.06489
0.06154868 2.853184
0.03657542 2.814885
0.04809582 2.876451
0.05273471 3.271765
0.03848453 3.281853
0.02833357 3.393535
0.02246398 3.27284
0.01163985 3.084378
0.02001792 3.239347
0.02977463 3.22502
0.02225861 3.338268
0.01558071 3.439207
0.0117806 3.504827
0.00130755 3.380603
0.004061964 3.626013
0.006195206 3.654863
0.005039854 3.576853
0.005990683 3.442766
0.0005013623 3.43358
0.01162858 3.43604
0.02618017 3.50273
0.03071166 3.466649
0.03225598 3.628494
0.05560864 3.847172
0.04756765 3.942193
0.0331561 3.787054
0.05041848 3.712181
0.04585119 3.51564
0.04265163 3.459417
0.02235159 3.640295
0.0192075 3.606325
0.0163874 3.583027
0.004067298 3.634167
0.01215554 3.328189
0.01745437 3.27835
0.03918878 3.328254
0.03133895 3.50095
0.03916433 3.556574
0.02104198 3.491663
0.0158606 3.480218
0.0160707 3.762366
0.03219377 3.731097
0.01455418 4.05313
0.01379517 4.103945
0.02085772 3.997456
0.03189998 3.919941
0.01890353 3.557613
0.01754522 3.831843
0.02599436 3.756353
0.02436493 3.426657
0.02728858 3.559481
0.03341216 3.887447
0.03005543 4.206475
0.01333007 4.14907
0.00664751 4.475824
0.003610451 5.035613
0.003356579 4.811607
0.00169125 4.920743
0.00352994 4.910914
0.008618279 4.753288
0.003253243 5.24137
0.004538448 5.540774
0.004454452 5.566131
0.005256248 5.427798
0.002651234 5.597008
0.001570951 5.673183
0.003014795 5.048247
0.00258818 5.384541
0.004121666 5.658371
0.01058479 5.469548
0.02115416 5.726473
0.02120785 5.006688
0.01966831 5.169678
0.008795844 5.051804
0.003431777 5.058663
0.01093883 4.72906
0.005205964 4.639883
0.005937551 4.511403
0.008912455 4.212697
0.007278788 4.596952
0.006422273 4.876586
0.002393921 4.703473
0.009330945 5.219793
0.004476833 5.125966
0.003447344 5.030746
0.003738348 5.539315
0.002862788 5.45985
0.007900746 5.34872
0.001175837 5.330774
0.002322158 5.271155
0.006840468 5.615595
0.007856239 5.262495
0.004883158 5.246268
0.01105411 5.066435
0.0224549 4.891891
0.0319973 5.176058
0.02447777 5.147344
0.02123457 5.061257
0.02429578 4.983399
0.01315808 4.848214
0.008659544 4.65459
0.008316201 4.454234
0.009136119 4.114816
0.01017122 3.925613
0.01186399 3.864647
0.001024582 3.924024
0.0005414587 4.130244
0.006800081 4.29746
0.01032793 4.295234
0.008808771 4.343226
0.0281592 4.278749
0.02268904 4.484993
0.03377184 4.201704
0.03595836 4.179295
0.02570389 4.705088
0.02509067 4.929898
0.02782347 4.453679
0.02519325 4.641461
0.02792884 4.315438
0.02258964 4.41439
0.0239657 4.232943
0.02929876 4.484325
0.01833805 4.782834
0.02679145 4.960477
0.03782254 4.737151
0.02125294 4.712692
0.02877859 5.048423
0.03606062 4.829775
0.02480256 4.667218
0.03265487 4.911234
0.02312163 5.013849
0.01350647 4.847755
0.009391663 4.50922
0.02940138 4.489147
0.0445275 4.656863
0.0305934 4.927531
0.03442704 4.908439
0.0241563 4.48888
0.03233686 4.230703
0.009957798 4.036371
0.004934819 3.825238
0.00856922 3.856672
0.01566692 3.633044
0.02295779 3.744647
0.02784328 3.775609
0.004471054 3.480443
0.01167539 3.783307
0.0107601 3.871869
0.01235275 3.748817
0.01926437 3.99011
0.0205102 3.934046
0.01975369 3.868262
0.01278729 3.904753
0.01595564 4.039104
0.02537205 4.016997
0.04532319 3.765909
0.0227463 3.79609
0.023528 3.868314
0.009404508 3.901334
0.005901213 3.796658
0.01563632 3.7121
0.01430575 3.718546
0.00926895 3.551875
0.008989755 3.502881
0.01167279 3.702007
0.009215675 3.614964
0.03293188 4.003864
0.04942403 4.411348
0.02622216 4.399987
0.01103128 4.453794
0.01564211 4.811519
0.0195359 4.672505
0.01095995 4.404544
0.00194825 4.205003
0.003587182 4.454729
0.01263863 4.852046
0.01051739 4.605258
0.01379186 4.693869
0.0197772 5.003249
0.01142375 5.14112
0.01833933 4.972449
0.005326918 5.147577
0.001683691 5.13885
0.01708796 4.957021
0.01675352 4.939962
0.009066676 4.830446
0.006536527 4.771594
0.005569037 4.43448
0.02230575 4.471046
0.01697901 4.498346
0.008754555 4.253408
0.01369837 4.200801
0.0143064 4.001031
0.0324822 3.709701
0.03093163 3.958035
0.01237179 3.945137
0.01173779 3.877305
0.004157854 3.802414
0.002210394 3.757617
0.004642476 3.699532
0.00804296 4.071756
0.01080884 4.083114
0.01409395 3.983196
0.01735929 3.80414
0.01991364 3.881667
0.02961722 3.768068
0.03208361 3.38927
0.03284566 3.794841
0.04573684 3.7085
0.03407098 3.512016
0.03686572 3.538094
0.02935187 3.576318
0.04485063 3.242748
0.04866487 3.064359
0.04545075 3.210789
0.03765121 3.097326
0.0236401 3.024212
0.02807487 2.879869
0.02403735 2.92649
0.03951115 2.983431
0.04429801 3.047453
0.02864784 3.165567
0.03172337 3.022342
0.03114178 3.200883
0.03097617 3.102031
0.03855291 3.24288
0.06488355 3.148137
0.06795802 3.074879
0.06670702 2.961536
0.0730596 2.77154
0.06592106 2.959006
0.06782118 3.15066
0.06447277 3.089729
0.0582672 3.131371
0.04246798 3.290686
0.03478268 3.251496
0.01782577 3.412369
0.01576532 3.114261
0.01368295 2.940309
0.007953082 2.910553
0.01025869 2.898957
0.01322662 2.983969
0.005303644 2.733531
0.008355571 2.592083
0.0104877 2.569664
0.009956903 2.671685
0.002673998 2.608286
0.01453873 2.811639
0.01966243 2.817796
0.01479805 2.873262
0.04282522 2.771734
0.04231078 2.658644
0.01994591 2.739529
0.019809 2.809887
0.009931196 2.735738
0.01897712 2.493731
0.01955809 2.607761
0.03083852 2.689169
0.02912187 2.61587
0.02544405 2.7245
0.04292223 2.830753
0.02382889 2.9669
0.0313791 3.172195
0.03503988 2.997417
0.03248418 3.085532
0.02551504 3.067329
0.02974785 2.958424
0.04512352 3.266576
0.05227416 3.366882
0.03175729 3.244769
0.02243985 3.003723
0.0397779 3.272214
0.04006311 3.133996
0.04474998 3.253725
0.05081906 3.201807
0.04489198 3.318451
0.09282752 3.207817
0.0568979 3.200331
0.04366944 3.058616
0.03968924 3.031137
0.02062071 3.126619
0.004929594 3.238884
0.02538658 3.273076
0.0347386 3.416666
0.02217226 3.5187
0.02898694 3.600122
0.02154356 3.730756
0.01631992 3.694913
0.00917414 3.436498
0.01666922 3.560042
0.009423875 3.617627
0.005822712 3.696099
0.001289897 3.619475
0.00234263 3.812607
0.0002847131 3.792079
0.0009343294 3.817588
0.01931031 3.856941
0.009535534 4.026759
0.009124697 4.221528
0.0127015 4.022263
0.01131811 3.624447
0.01685768 3.505548
0.005369802 3.424376
0.01939924 3.491622
0.02612361 3.578268
0.03936858 3.817148
0.03046592 3.816153
0.02434391 3.588495
0.009359197 3.346332
0.006594145 3.380689
0.006393271 3.333018
0.005322506 3.132792
0.00394575 3.078388
0.005973379 3.047354
0.0204624 3.056946
0.03424896 2.966099
0.05023285 3.013744
0.03806602 2.735886
0.03938603 2.711787
0.04296767 2.666249
0.03054395 2.781973
0.04022628 2.638052
0.06646076 2.475515
0.08204906 2.488733
0.08205266 2.562847
0.03707601 2.472813
0.04280317 2.462325
0.05085244 2.446819
0.021562 2.387696
0.02281185 2.161139
0.02345009 2.14712
0.02988967 2.214332
0.04301015 2.120085
0.03273707 2.119104
0.005796017 2.146216
0.0034781 2.243769
0.002736315 2.186473
0.00381491 2.249579
0.03110118 2.173412
0.0568012 2.184106
0.06406229 2.132368
0.04139412 2.146517
0.05274934 2.173374
0.05800247 1.999465
0.04909915 1.909246
0.08178415 1.931065
0.06072263 1.921091
0.08431046 2.081706
0.06753582 2.203803
0.06580656 2.256784
0.0831785 2.175575
0.06277428 2.110841
0.03737159 2.105323
0.02268645 2.246658
0.01475044 2.112988
0.01899151 2.243878
0.02737257 2.303365
0.02180787 2.319729
0.0266655 2.328075
0.03584358 2.383722
0.03406578 2.53458
0.03647468 2.652381
0.03659373 2.60388
0.03260051 2.610285
0.02497445 2.559162
0.01164752 2.485298
0.01592596 2.593435
0.03604633 2.663312
0.03943603 2.632545
0.02352051 2.660368
0.03712602 2.564972
0.01842659 2.77212
0.03733307 2.831017
0.0422602 2.772777
0.03606902 2.877682
0.02471939 2.991066
0.01421052 3.024672
0.01422486 3.040787
0.01194532 3.111219
0.0127552 3.197578
0.01542312 3.140599
0.01401039 3.511398
0.02399859 3.60952
0.02490919 3.362494
0.01712304 3.440352
0.01177494 3.32121
0.01589619 3.461817
0.0103475 3.462919
0.01672918 3.608968
0.02658896 3.625984
0.01704436 3.714947
0.0271004 3.723382
0.009236683 3.67883
0.0107836 3.656391
0.02256328 3.672071
0.0142621 3.594398
0.0194883 3.590336
0.0168247 3.691464
0.02292446 3.475539
0.02787832 3.618865
0.03275078 3.395134
0.02008696 3.346729
0.01080394 3.298938
0.007981768 3.35487
0.01666033 3.240146
0.002581017 3.122195
0.009480259 2.737971
0.005020995 2.822964
0.008234398 2.885037
0.007096952 2.909871
0.004346775 2.953353
0.01018869 3.263327
0.02205146 3.287653
0.01808761 3.267901
0.01747134 3.458081
0.02467292 3.42082
0.04668207 3.418117
0.02544637 3.495209
0.02087681 3.704546
0.03211068 3.703834
0.02799439 3.510514
0.0258033 3.56102
0.02711312 3.377776
0.02032527 3.759014
0.01746929 3.961739
0.01765755 3.886454
0.02068437 3.735283
0.02216381 3.870533
0.01584837 3.707311
0.007714324 3.925606
0.01368377 3.772327
0.01677447 3.856501
0.0339055 3.71513
0.0348679 3.705433
0.01899224 3.824306
0.03197456 3.51882
0.01192486 3.325525
0.01425503 3.336434
0.02919395 3.201776
0.03148763 3.164418
0.01673097 3.005643
0.01801576 3.303055
0.02641677 3.584898
0.025688 3.738074
0.02770685 3.729775
0.004879109 4.093763
0.01117078 4.087622
0.01867011 4.116094
0.0226098 3.839551
0.01061532 3.730394
0.0006431221 3.736883
0.007315368 3.645838
0.00438724 3.612072
0.003461923 3.41438
0.004999896 3.673787
0.004597094 3.889557
0.002680669 3.928867
0.002759408 3.914652
0.002456768 4.134862
0.01317146 3.988173
0.03820476 4.052405
0.01934663 4.199009
0.01241069 4.244958
0.01634614 4.383039
0.01687176 4.151805
0.02097286 4.403714
0.03094621 4.209166
0.02728804 4.214868
0.02668982 3.745017
0.01171629 3.654501
0.01247123 3.342736
0.02792617 3.384453
0.02651949 3.500005
0.01908931 3.618915
0.0309184 3.627455
0.01757197 3.423051
0.01549429 3.963826
0.008607205 4.302528
0.009338773 4.087403
0.02337674 3.970489
0.03003614 4.214647
0.01705324 4.227886
0.0240261 4.55138
0.02658154 4.895279
0.03754192 5.163642
0.03650183 5.059859
0.01779406 5.193897
0.01560064 5.181901
0.01396141 4.961698
0.006915202 5.049951
0.01149998 4.869546
0.008290074 4.667549
0.009712019 4.810317
0.017745 5.052138
0.02315904 4.923995
0.01907768 5.362211
0.01270165 5.486619
0.006433131 5.367609
0.01012778 5.658558
0.01144421 5.748283
0.01216142 6.085055
0.009196854 5.996817
0.01927842 5.875882
0.006128196 6.111527
0.003400776 5.669966
0.009896273 5.795154
0.01932891 5.497503
0.0196096 5.455778
0.01331033 5.258453
0.01049544 5.065943
0.0201095 5.087529
0.008504263 5.333617
0.0143722 5.295091
0.01005275 5.086325
0.01247914 5.515442
0.00743678 5.841934
0.003837947 5.398822
0.0003982118 5.702551
0.01086268 5.972776
0.007818265 6.077911
0.00150613 5.739001
0.007593681 5.42285
0.01455698 5.098287
0.02946805 4.780855
0.0368787 4.616735
0.03412809 4.528271
0.02779091 4.56739
0.0448521 4.360079
0.0241086 4.34789
0.02008444 4.119105
0.02053604 4.178493
0.005070002 4.123654
0.001013483 4.204516
0.003935938 4.431119
0.006249257 4.427891
0.005709851 4.571215
0.01289384 4.489749
0.02789966 4.589396
0.03033054 4.198775
0.02315418 4.568464
0.01511155 4.806186
0.01082601 4.893826
0.01262 4.917005
0.01040678 5.170747
0.0131286 5.416788
0.01825301 5.554213
0.0368661 5.754452
0.02056259 6.055881
0.01627765 5.915114
0.02269889 6.011097
0.02944606 5.833703
0.02929105 5.561942
0.02315583 5.616725
0.04929829 5.697764
0.01685768 5.931589
0.02881393 6.11628
0.0285648 6.652083
0.01894687 7.105398
0.005981229 7.803621
0.009722098 7.466534
0.01168158 7.142418
0.01067766 6.794814
0.008583924 7.181731
0.009208647 7.112593
0.01446538 7.231905
0.01302087 6.900687
0.008403435 7.041162
0.008084712 7.431881
0.001425487 7.200337
0.003332314 6.834547
0.00877682 6.61694
0.00426712 7.045301
0.005550805 7.410652
0.008812786 7.539549
0.0133626 7.003522
0.01676296 7.300341
0.01305498 7.212074
0.006964568 7.462103
0.01036402 7.350212
0.009992894 7.206359
0.01379995 7.20113
0.01803655 7.450977
0.01907784 7.492343
0.01629187 7.89525
0.01596323 8.143179
0.01954363 8.056876
0.01389697 8.242429
0.003867086 7.769777
0.009401124 7.659294
0.00237623 7.445705
0.0004841445 7.766747
0.005768357 8.049673
0.01187197 7.968918
0.003636973 8.022326
0.004966997 8.030049
0.01179091 7.57492
0.01636514 7.727826
0.02453787 7.130968
0.02510001 7.169786
0.006957825 7.280912
0.005660851 7.670253
0.003878216 7.3016
0.009596244 7.672987
0.009568956 7.505915
0.006322006 6.942688
0.007236535 6.788381
0.003247497 6.846473
0.008656674 7.226712
0.005957733 7.715781
0.006195791 8.034422
0.001532722 8.315956
0.003311761 9.282469
0.009777006 9.776781
0.003753941 9.846111
0.009826232 9.621311
0.01197557 9.39151
0.009473507 10.18995
0.01274591 10.41978
0.009178878 10.26984
0.01165543 9.843497
0.02318646 9.703157
0.003863777 9.83245
0.002409031 9.647071
0.006905037 9.532449
0.01840517 9.375427
0.0168218 9.796681
0.006915933 9.806493
0.008707802 10.88778
0.01289271 10.49448
0.006130147 10.63572
0.006627705 10.33908
0.001056719 10.26864
0.0006432972 9.403433
0.005589968 8.897629
0.002022587 9.060591
0.01172507 8.61521
0.02783877 8.333869
0.01539101 8.208797
0.006033688 7.949411
0.0118056 8.139695
0.005159977 8.225395
0.002311247 7.992021
0.003937623 8.377601
0.003357685 8.71918
0.01535077 9.067609
0.007349014 8.86432
0.01139669 9.790661
0.006363731 9.433233
0.006124761 8.900426
0.00952869 8.570094
0.003035654 8.0486
0.003335269 7.822831
0.01241946 8.192227
0.00834094 8.61436
0.006546889 9.482028
0.01117196 9.060342
0.009423581 9.155258
0.002147064 8.147281
0.002285013 7.941939
0.01020463 8.258948
0.005060627 7.571372
0.004850274 7.594626
0.001250397 7.977067
0.002618128 8.062141
0.009191151 7.930554
0.0009606954 8.017918
0.005452647 7.483141
0.009379641 7.768236
0.009772931 8.424577
0.01982862 8.259979
0.01827071 8.22036
0.003833737 7.701659
0.002268616 7.647652
0.0009228484 7.861074
0.0006543521 7.704118
0.003639647 7.85023
0.007746819 7.182654
0.01139202 6.927471
0.01047011 7.454073
0.003331966 8.020529
0.003667228 8.037955
0.01458331 7.490428
0.002649941 7.41889
0.003239729 7.64954
0.003850856 7.359024
0.006896569 7.058915
0.003872837 7.608775
0.002985953 7.914031
0.001744041 7.989201
0.01060781 7.733251
0.007745617 8.141526
0.002135808 7.950936
0.00402923 8.234158
0.006122731 8.491313
0.009806422 8.098334
0.007056261 8.203311
0.01649121 7.979241
0.009933304 7.433004
0.009432884 7.152288
0.01938161 7.647345
0.01516937 7.600751
0.01323301 8.396438
0.02137362 7.87434
0.002871883 8.098243
0.0005367645 8.307735
0.003171494 8.004341
0.007609927 7.93728
0.001539488 7.61052
0.004919328 7.600792
0.007204203 7.82805
0.01486696 7.869087
0.01971303 7.765514
0.009835369 7.855456
0.01053111 8.133474
0.01231434 8.858207
0.02144446 8.124239
0.01434811 8.12695
0.01985226 7.679357
0.01878282 7.889154
0.008585069 8.696185
0.01475304 8.888004
0.003770872 9.073286
0.0007564037 8.701179
7.211437e-05 8.424469
0.001311235 9.003163
0.002303855 9.568821
0.00199259 9.35688
0.00232823 8.646242
0.005806199 8.336442
0.001304581 9.007029
0.005341953 9.400509
0.006220751 10.09012
0.002878622 10.02446
0.002189187 10.03597
0.005988205 9.993832
0.01232917 9.947642
0.007740002 9.903568
0.006607807 9.245572
0.0001280237 9.798929
0.00233507 10.02994
0.004385262 9.679804
0.002061899 10.13092
0.0003348481 10.12001
0.001182049 10.61923
0.001101941 10.23558
0.0009631282 10.70422
0.002256502 10.65031
0.008737061 10.91646
0.005746254 10.43189
0.01031085 10.79329
0.01463878 10.15259
0.007474479 9.835122
0.01148326 10.36605
0.009148166 10.61122
0.004963795 10.67955
0.0106663 10.95027
0.008029549 11.75962
0.006440181 11.55568
0.005428766 12.53165
0.006472045 12.30037
0.01023168 12.3036
0.008797191 12.54266
0.008991348 12.65292
0.008269131 13.13723
0.009239917 13.33497
0.002073542 13.74958
0.003107767 13.49768
0.0198698 13.50475
0.01863965 12.71554
0.007126971 12.83199
0.01014998 12.7325
0.007097511 12.40521
0.002024229 12.4719
0.006457258 12.72825
0.008217388 12.99884
0.01708117 13.41472
0.00379486 13.63256
0.005090467 14.05935
0.006166807 13.70783
0.01165752 13.49751
0.004722061 15.3777
0.001984764 15.247
0.003216276 15.95366
0.005028065 16.70262
0.007056048 16.53479
0.004836879 16.12469
0.008368853 16.76917
0.001040852 16.19898
0.003725602 17.64633
0.008979261 16.89199
0.0003491945 17.16002
0.004146081 16.34091
0.01643693 16.57738
0.02502995 15.56682
0.005499288 15.11489
0.00314684 14.62777
0.002522242 14.21541
0.00268269 14.61733
0.004118632 14.02689
0.006919985 13.90397
0.006013564 14.46768
0.01146706 13.78821
0.01129586 14.86359
0.01542889 16.03516
0.01278059 15.79268
0.007626283 17.40414
0.002085707 16.14444
0.004554969 16.23233
0.001334005 14.79644
0.001429339 15.86355
0.002384036 15.60052
0.006758068 15.1859
0.01347769 14.51764
0.005167095 14.67262
0.002362164 15.50125
0.006441835 15.22888
0.003123402 15.69397
0.008884203 15.6047
0.008151891 15.69512
0.001738096 16.23288
0.0009660249 15.53148
0.0002433949 16.63837
0.001682789 16.86559
0.001528588 18.10725
0.002851544 17.48108
0.001460242 17.83674
0.0001335794 17.59365
0.0004293229 16.12894
0.0009317959 17.23162
0.007466937 17.86805
0.006199293 18.84492
0.00402555 19.86392
0.002283972 20.17018
0.001240774 21.28972
0.004357852 21.26831
0.01030113 21.47352
0.006243654 23.52178
0.005442867 21.59056
0.005206699 21.51176
0.00204461 20.37455
0.001160172 20.07109
0.004481178 20.49215
0.003308875 20.38065
0.003641093 22.46206
0.006278673 22.72437
0.005513111 24.31142
0.01634711 23.85707
0.00932955 22.86098
0.01189707 23.4844
0.004888882 24.49984
0.008957154 25.25246
0.003279937 26.51653
0.006683237 26.3172
0.002566953 25.9365
0.001797445 25.35253
0.001752757 23.88058
0.003766137 24.44473
0.002295072 24.115
0.004230416 26.22713
0.005439596 27.69514
0.006075573 24.25873
0.01499214 23.08448
0.0142348 23.08853
0.005495404 22.64717
0.001148512 22.84749
0.004783589 23.38496
0.005529737 22.38899
0.003623996 22.93586
0.009487744 22.58884
0.003800603 25.71453
0.00513889 26.41376
0.001939207 23.96606
0.0004825825 25.35069
0.003863817 23.98208
0.006048503 25.31874
0.008470363 24.31396
0.00781238 24.30046
0.006928067 23.99508
0.007277854 24.71372
0.00222994 25.74085
0.004368976 26.08277
0.002585364 23.82132
0.003816182 24.98625
0.003688097 27.14057
0.01119969 26.17738
0.001868649 26.97825
0.01197241 29.36491
0.004815197 27.40946
0.004010688 28.04495
0.0015666 30.62858
0.003794847 31.72723
0.002439452 33.95681
0.004522035 35.90282
0.001177842 34.86675
0.002422585 33.1223
0.00351169 30.01583
0.002770631 30.10823
0.004374398 30.94531
0.003262217 31.37668
0.0008948278 32.3015
0.005489694 31.19369
0.00522216 32.72686
0.004782677 30.39245
0.001774884 29.44702
0.006802451 29.53593
0.009492325 28.76742
0.001868056 31.10093
0.001559026 32.80233
0.002018897 31.29643
0.002697536 34.41171
0.00329535 33.29174
0.01242358 34.02844
0.009328096 30.75457
0.003760687 30.07541
0.002698825 29.42559
6.158681e-05 28.8947
0.0007125134 30.60157
0.0004898697 30.80967
0.005854163 31.53946
0.003172718 29.70858
0.001392258 29.81749
0.004083657 32.34772
0.004550462 33.60761
0.003929304 30.0381
0.001547039 29.82725
0.005526287 28.53271
0.004941571 30.5788
0.004589363 29.68987
0.009541025 29.09796
0.01278459 28.98831
0.001992746 28.5149
0.003723829 29.34542
0.003211399 28.0687
0.00128273 28.50631
0.001348922 27.71479
0.004838022 29.15761
0.001116492 31.09899
0.003679963 30.5179
0.01204218 32.11646
0.006101304 33.39178
0.006712329 33.04868
0.002109301 33.15842
0.0005193326 31.55282
0.001360736 35.20828
0.003921367 36.22545
0.004218363 36.04809
0.0007850572 37.24991
0.0002139261 36.90814
0.002014487 36.14372
0.00516983 33.93169
0.0003103637 34.4345
0.0002414735 33.36834
0.003915505 34.52518
0.005295817 33.30108
0.003922304 31.66296
0.006610625 32.45963
0.00706583 29.82726
0.004028081 28.87142
0.002189789 29.52813
0.01322207 29.50203
0.004095569 29.11866
0.0004845584 26.53002
0.005048363 26.11201
0.003281807 25.52044
0.005844474 23.58074
0.003448986 24.98163
0.006043281 25.76353
0.002101086 28.07471
0.001004827 29.33277
0.00399855 30.26437
0.003047952 32.85847
0.005218433 33.53984
0.00241101 33.63774
0.002452612 35.06043
0.007502683 35.98321
0.006561193 35.48465
0.005076284 34.40045
0.003294809 33.43289
0.0004853009 31.98405
0.001913988 33.41819
0.001868384 33.06274
0.004003548 32.91568
0.008233534 32.74985
0.001876064 32.3087
0.00159727 32.62931
0.0005636658 34.00148
0.001438494 35.16387
0.002873534 36.78435
0.001408588 37.98814
0.004350737 41.68861
0.005680668 43.3673
0.0006376707 43.63576
0.003308493 45.11479
0.003566075 42.66289
0.004622577 43.7291
0.005428992 45.12315
0.0003311125 45.111
0.002442758 45.44093
0.003121581 45.13575
0.001954779 44.6822
0.001691938 44.91027
0.006092798 42.03377
0.001027746 38.78915
0.0009087877 36.94651
0.00509665 37.91253
0.002093836 38.49714
0.004486372 37.02646
0.0006572848 40.80165
0.0008399241 40.10455
0.01153066 37.13268
0.005320853 37.68575
0.004370297 36.92168
0.006639345 35.09242
0.003982584 36.78033
0.00768329 37.9053
0.0007397829 40.91401
0.004995674 39.99857
0.005501893 36.31723
0.00167281 36.61694
0.004888613 37.92973
0.001274886 39.70988
0.007958685 38.06116
0.008061797 34.96964
0.002211818 37.88253
0.002007472 36.82189
0.001121025 38.86529
0.002234393 38.54088
0.001275757 36.14926
0.006866421 33.47948
0.0002921298 32.19397
0.008472206 32.56303
0.004656866 32.3283
0.008005042 33.15438
0.01109187 33.72306
0.001875269 34.97714
0.00693377 34.60287
0.0007176164 33.57389
0.003356706 33.52057
0.003147689 32.90808
0.0039703 32.35828
0.004941251 33.08313
0.0103792 34.97859
0.003763636 37.23342
0.009365925 37.17629
0.004486543 37.63745
0.004195874 35.48624
0.001774571 36.85066
0.003764628 38.82871
0.003529724 38.86587
0.0001945934 43.94705
0.001286789 46.14258
0.001843506 46.55224
0.003513898 48.22383
0.0007326318 48.78856
0.001465591 48.61588
0.003495993 48.9455
0.002539968 50.17893
0.003338251 49.89657
0.002949186 45.87842
0.001840637 49.4444
0.003289954 49.5466
0.003256566 51.64661
0.002301258 47.68249
0.003449441 51.57772
0.002215994 48.21877
0.002711995 47.83745
0.001179972 48.65687
0.001659121 48.71854
0.002868233 44.58198
0.005078566 47.55827
0.002230803 47.35345
0.0005097807 48.94358
0.001862353 50.02127
0.0009828952 49.79147
6.548836e-05 51.54436
0.001298464 50.26678
0.005604175 48.38774
0.001169209 49.37782
0.001591313 50.81392
0.001240665 50.19866
0.007415571 54.02703
0.003353063 60.75856
0.000966538 59.42876
0.002616974 58.96405
0.0002337113 60.59939
0.001884142 59.55831
0.006298467 62.25838
0.002294346 59.09721
0.002861357 61.56855
0.002838935 63.42007
0.0006866425 62.40234
0.0008407431 59.61684
0.001761051 61.32913
0.001863116 60.32511
0.001375572 64.03714
0.004490544 62.20868
0.0009810004 60.04587
0.007139092 60.15303
0.001386814 60.41915
0.00063618 60.60763
0.003528887 63.28228
0.0006634315 61.29583
0.001676637 61.38627
0.001368804 60.68965
0.001691088 57.96549
0.003865216 55.69641
0.001194096 51.46626
2.442532e-05 51.47992
0.0009014847 48.27766
0.001237635 46.00393
0.004317401 47.98623
0.00180683 44.57224
0.00314262 41.86302
0.005539939 44.37049
0.00611387 46.43157
0.004707362 45.40735
0.006896731 45.37236
0.009120692 47.08741
0.005015818 48.44514
0.0004952182 51.33337
0.0001340769 48.62897
0.006349552 44.12294
0.003293607 43.28104
0.002168167 46.66097
0.004888672 45.73852
0.009514763 45.19454
0.003961433 43.12701
0.004145995 42.04623
0.005956179 40.68458
0.0007209052 40.15344
0.003660353 41.44311
0.005699399 41.55617
0.006498687 40.5832
0.001140607 43.02008
0.009254741 42.03437
0.001844097 39.16897
0.001406868 40.34181
0.005925618 42.99752
0.001307628 40.07626
0.001932413 42.87006
0.00106625 44.44244
0.001272855 42.41093
0.008221318 39.80421
0.002465479 39.45382
0.002450505 39.4135
0.003150112 40.54341
0.007329148 42.30814
0.001052826 39.96453
0.0008961636 40.37718
0.003669921 43.02173
0.006623016 43.46455
0.006386574 43.27909
0.002089423 44.57541
0.006614875 44.95195
0.0007745533 44.99743
0.0002971246 46.09034
0.005349874 45.21944
0.002523002 42.25732
0.001261174 45.02281
0.0002247618 41.37566
0.006022425 45.06491
0.005170431 44.91184
0.01195621 45.55838
0.009371954 51.40182
0.01360989 48.36809
0.01236006 46.7101
0.004077039 46.33645
0.003269978 44.69255
0.002116752 44.35904
0.005699494 44.72049
0.001301472 47.11831
0.006078326 41.78455
0.0040605 43.08704
0.0009818805 41.97971
0.002262373 41.71306
0.003434842 44.0442
0.001222433 41.83027
0.002616484 44.77123
0.001890428 41.50874
0.004197015 43.21569
0.003113001 41.74952
0.007963982 39.65118
0.002111677 37.48201
0.0001902186 34.00991
0.004753972 33.61321
0.002633413 33.63705
0.004872718 34.25886
0.000333517 34.05444
0.001799858 31.00921
0.001111301 32.60378
0.002399319 31.92481
0.006082335 30.40684
0.003345773 30.97026
0.001649909 28.75527
0.00194584 30.24674
0.0007323524 28.29518
0.001344532 27.56336
0.0003660934 29.0525
0.00204207 28.23625
0.002063684 27.19756
0.002256446 26.6365
0.002462138 28.32393
0.003981803 26.56854
0.004923941 30.02126
0.004921258 31.17117
0.009414691 33.3876
0.002238209 34.69958
0.001288555 36.14426
0.002874482 38.61068
0.003237063 37.65961
0.01033382 39.63894
0.004444438 35.55985
0.0004099064 36.07339
0.003978685 36.9007
0.004910577 36.35816
0.005905031 38.74459
0.006411014 39.60235
0.003746259 38.15428
0.004832282 39.12802
0.003930371 38.00009
0.002936084 35.16353
0.01110189 34.06982
0.001749604 31.41791
0.002022538 32.98886
0.002188002 31.85612
0.002855787 30.88733
0.007606127 30.96634
0.001617508 32.19168
0.001447389 32.41189
0.002213381 33.41305
0.0008233404 31.47184
0.002226031 31.77199
0.001781275 33.86847
0.001920428 32.45165
0.0005974388 32.94703
0.001270475 32.61711
0.003597351 35.10584
0.004835155 35.08419
0.00789506 33.79199
0.004386596 34.67562
0.003397331 33.84185
0.002886318 35.62878
0.006870685 38.99496
0.007839205 35.46249
0.0009192322 34.28
0.002877795 33.09261
0.002231309 34.33573
0.0006242196 33.47284
0.0004692892 35.15101
0.00109811 32.05244
0.002752568 32.19432
0.01295788 31.223
0.01220563 29.40266
0.003946459 27.99158
0.002956023 26.31008
0.003128011 26.73823
0.01114444 26.10113
0.01268259 28.61119
0.01107978 26.84115
0.004416386 27.74029
0.01122804 27.50705
0.004000042 27.38905
0.001898692 27.51329
0.00725211 27.31425
0.005185043 28.27669
0.0009521563 28.86769
0.003213433 28.17444
0.006117556 27.61973
0.007447231 30.13123
0.006717014 30.45609
0.001214569 28.60813
0.001847816 30.13434
0.001827141 29.58757
0.002392596 30.84613
0.001394048 29.99743
0.01029844 29.72312
0.007499785 30.05853
0.009916993 29.22038
0.007033998 29.96119
0.002723603 31.89236
0.006880821 30.84256
0.0001154765 31.31702
0.004432821 35.28704
0.00459444 37.17359
0.0001297071 35.58152
0.001007052 35.98347
0.004431715 35.92979
0.003770445 33.30672
0.004744673 33.86004
0.003466532 36.04147
0.006127065 34.00054
0.001706185 35.35711
0.0007049692 35.59197
0.003637774 37.0976
0.001961582 38.9689
0.001877984 39.70228
0.008667404 38.64075
0.00394098 40.28815
0.004463101 36.64857
0.00420672 36.521
0.002031146 39.32554
0.002170497 39.29343
0.003466128 40.10993
0.002846548 40.31031
0.006672428 41.27715
0.002645067 40.73458
0.003576745 40.98898
0.0004427079 41.46879
0.003323477 40.58066
0.005519431 39.86302
0.006029214 38.47188
0.002193968 38.64388
0.003138271 36.57317
0.002250056 34.78922
0.006294774 36.76189
0.004605237 36.87199
0.006167707 36.32409
0.009047033 34.6757
0.002296841 34.41297
0.001738178 35.92179
0.001646901 34.38828
0.003608469 33.99313
0.0008952001 31.09356
0.002732962 32.05698
0.0009109749 32.50702
0.002124559 31.11674
0.001318163 29.66047
0.002933351 29.3152
0.002142625 31.25095
0.00123542 31.53376
0.0004027212 29.62057
0.002506024 32.53751
0.0006032753 32.98905
0.001184862 31.55691
0.005917347 32.6555
0.002208588 33.70829
0.00215571 33.34209
0.001635856 32.37008
0.002286589 34.06177
0.001433716 32.90984
0.001628723 33.21663
0.002877494 33.55167
0.006050071 33.74619
0.009434147 33.4219
0.003426469 31.29965
0.003182254 34.01275
0.002492327 31.45482
0.002560458 29.87833
0.001861217 28.18966
0.004644896 27.88468
0.003183502 28.52648
0.004029583 28.02238
0.001612116 27.64148
0.0007423644 27.86896
0.001894765 28.73501
0.0002025457 30.08436
0.003246228 29.43819
0.004544887 27.85873
0.005764843 26.53292
0.003812983 25.41295
0.001624699 25.08216
0.003192898 24.24954
0.003158811 24.88846
0.003304749 24.18106
0.006683395 22.8121
0.001753746 23.3507
0.003276692 23.57752
0.004434739 24.27627
0.003690393 24.17822
0.0001838831 23.41225
0.003313753 25.01147
0.001183316 22.75007
0.002497673 23.02383
0.003728148 23.32777
0.003224028 23.80801
0.002829991 23.82595
0.008484893 24.53239
0.006895912 24.42183
0.003715472 25.8665
0.004547611 24.41843
0.002367419 25.28294
0.003341048 28.24469
0.008082301 29.89201
0.005148581 30.23869
0.001943603 29.156
0.001423298 29.51107
0.0006913924 29.11572
0.0006290444 29.34868
0.001171104 28.94842
0.01008404 29.77577
0.003854513 26.40199
0.01147098 26.22301
0.004779476 25.33938
0.0030433 25.25433
0.004663245 24.07552
0.007477415 23.982
0.004458087 22.99098
0.0005256256 22.82072
0.007347716 22.52234
0.00239423 23.76109
0.001970727 23.75099
0.001312551 23.17951
0.003047007 20.93789
0.005308216 20.68556
0.001060991 19.93211
0.007899723 19.34801
0.0007241409 18.86793
0.001992919 18.57503
0.005137132 19.01608
0.004840005 20.1184
0.004757395 19.49053
0.00401674 19.31161
0.007310519 18.82498
0.009209484 17.97566
0.0187814 18.01842
0.009718496 16.48298
0.0006842549 16.73622
0.01079554 16.28515
0.01176824 16.70081
0.004676075 18.09901
0.00600246 15.94504
0.003681754 15.74243
0.001030304 15.49588
0.008538404 15.37637
0.009758333 14.95486
0.01252654 15.08501
0.00812152 14.89163
0.01866721 13.82483
0.02670882 12.9329
0.02078096 13.80967
0.01156689 13.84796
0.01410479 13.0696
0.02182714 13.42489
0.01084148 13.42383
0.006183858 14.59243
0.00642571 15.24976
0.004105887 15.59024
0.005402979 14.282
0.007653693 14.41364
0.004496272 16.19647
0.001962958 16.42697
0.009524989 17.25913
0.008777143 16.4586
0.002585129 17.03776
0.00986412 17.81789
0.008141492 18.22297
0.01297996 17.74828
0.01220673 17.85916
0.01970538 16.88402
0.008197478 16.04256
0.005938134 15.67805
0.002084311 14.7308
0.006289955 14.4781
0.007834954 13.55509
0.002635498 13.14725
0.006799272 12.2614
0.005052036 12.6294
0.003457155 12.34384
0.005631044 12.93952
0.003946598 13.64328
0.0111833 13.47308
0.01175109 13.09169
0.001750613 13.60982
0.0009733323 12.60969
0.004934769 12.42017
0.008769801 13.15445
0.01029233 12.32312
0.007494586 12.76261
0.003196016 13.96147
0.01289779 14.61217
0.004886418 14.82222
0.003316425 14.66344
0.004171518 14.48804
0.01180609 15.30692
0.005392114 16.25458
0.002594423 15.73275
0.003718208 16.91977
0.006731229 16.24991
0.00710828 16.81983
0.0006061272 15.68099
0.0002533389 16.49865
0.002281826 15.69422
0.004554591 16.08702
0.00117008 16.51266
0.002194451 16.44934
0.005319393 17.84465
0.005509266 16.31507
0.006771504 16.85413
0.02080477 16.01206
0.02657114 15.89523
0.008177292 15.34229
0.01350933 14.99072
0.006861871 15.64225
0.005632334 15.29134
0.003592484 15.58249
0.001011354 16.18328
0.008811335 16.61556
0.004773368 17.02377
0.001933241 17.9669
0.004677996 16.81006
0.003893953 17.44388
0.002572301 18.64032
0.001637983 17.33972
0.003850129 18.1184
0.003196085 17.43732
0.003397606 18.29183
0.005066426 18.71328
0.00193001 18.44164
0.003073546 20.85865
0.003450996 19.10785
0.01585895 18.9718
0.002778249 19.23083
0.007196298 20.73983
0.005320734 21.76545
0.0028835 22.17579
0.001320178 22.82137
0.00536833 22.46958
0.002845809 22.88589
0.00987086 21.05526
0.007147697 20.98203
0.002324779 20.88678
0.007915062 19.68664
0.002293379 21.02804
0.005378232 21.79364
0.001094961 20.1049
0.002217775 20.76649
0.001135283 20.33459
0.007828835 19.83049
0.008963886 19.08062
0.004783331 19.62054
0.002437819 19.96352
0.008243719 20.42063
0.002774746 19.01608
0.005082581 18.64201
0.002991436 19.76692
0.00631655 19.10541
0.004837634 18.54323
0.01060428 18.83484
0.007014127 20.68657
0.004567602 19.80562
0.002009911 18.05399
0.005074826 17.7299
0.01555902 16.93599
0.008011963 17.29285
0.006801908 19.46175
0.005460995 19.08718
0.004804434 20.78162
0.01148334 20.67016
0.009465554 20.76929
0.002437236 20.90448
0.006180944 20.59567
0.004304018 22.49192
0.007279706 22.84872
0.006032211 22.17986
0.001474675 23.35932
0.001545221 26.28655
0.005067945 27.09902
0.001792089 27.62664
0.002449291 26.24114
0.006041847 27.89728
0.005077012 28.85632
0.008087133 28.42553
0.00414971 26.26602
0.002720852 26.13318
0.005121686 26.77358
0.008795502 24.56933
0.02180387 24.47759
0.004171076 23.02705
0.007813226 23.84328
0.008694393 21.05357
0.007722063 21.5909
0.008887092 22.19313
0.003922576 21.98986
0.002493126 23.30201
0.00117108 24.84469
0.004076763 27.3309
0.001244165 25.68526
0.003822709 24.34935
0.007657573 24.53109
0.004722136 24.90559
0.006324345 24.5388
0.008472118 24.57028
0.01181194 25.19183
0.006355697 27.80077
0.003875814 29.64638
0.002950761 30.87816
0.001337752 28.24741
0.003353589 29.94938
0.003801928 28.41387
0.002361138 27.86998
0.004083753 28.35125
0.002265546 26.74795
0.002624952 25.73404
0.001832162 25.44616
0.007657965 26.06509
0.01109988 26.49938
0.002789102 26.9769
0.004439986 29.75927
0.01068414 30.11001
0.006523828 29.65393
0.004436632 28.95475
0.001677566 29.26328
0.005589113 27.22993
0.0005285269 27.29152
0.006446016 26.44726
0.001981915 28.76268
0.005150572 29.92854
0.01034711 29.12897
0.00266809 28.74995
0.001781665 28.19029
0.001648479 27.36979
0.00123377 25.11266
0.003294106 24.86168
0.001807144 24.43028
0.004965387 26.25229
0.006821694 25.55143
0.0006884276 26.30442
0.002318011 26.07882
0.00252471 25.01475
0.0004845405 23.63638
0.006560627 23.66525
0.001923663 22.69161
0.002357591 23.95884
0.002363385 21.94673
0.001325176 21.32903
0.0008086776 22.64362
0.01612078 22.61008
0.01054538 23.45983
0.005649924 22.78327
0.005290595 21.1114
0.005419692 21.35955
0.003770073 20.50939
0.00262651 21.64621
0.001113563 22.21255
0.0004823916 22.16427
0.002845676 23.04954
0.002088393 21.88934
0.003829739 20.63252
0.002259691 19.12581
0.006065373 19.82551
0.003950382 19.54041
0.002208925 20.51228
0.001871402 19.32949
0.009805105 20.79896
0.01153863 20.59942
0.0123977 20.00278
0.003808011 20.84881
0.00246659 21.11727
0.008603137 22.1591
0.008307114 21.3954
0.00188063 20.42599
0.005772453 19.77136
0.001355151 20.33442
0.004357413 19.89048
0.007407764 18.35367
0.005893166 18.47764
0.007971787 18.77681
0.004856461 18.65257
0.002252998 18.68167
0.001237496 19.69208
0.001257115 21.26148
0.0009249908 21.12166
0.002507591 22.4376
0.000906767 21.08233
0.0004580358 21.66344
0.005047017 22.86302
0.0009104876 22.31042
0.003744381 23.61254
0.005549924 24.6219
0.007560419 24.68209
0.007395139 24.30045
0.01072376 23.83036
0.001543323 23.25839
0.003769329 23.26241
0.006440636 21.99967
0.007454728 22.12611
0.006331816 22.03273
0.0068113 24.97277
0.0009185541 26.23518
0.002713552 26.20451
0.002017284 28.89275
0.003763758 28.26172
0.002829458 27.27591
0.0005583667 28.91709
0.003947028 26.66238
0.004151299 28.26368
0.007245777 28.49638
0.004413494 25.67517
0.002701954 25.2908
0.002706395 23.33353
0.001538152 22.92713
0.001998436 23.04687
0.006473513 22.99785
0.005784907 24.77544
0.0005579014 22.27516
0.001458761 23.39769
0.001637594 24.51969
0.004804823 26.16933
0.007770538 27.40884
0.006576576 28.00657
0.009229419 29.00487
0.007983184 28.34832
0.01021024 26.36856
0.004246248 27.84403
0.003552279 28.19896
0.005428497 27.40958
0.003908624 27.71358
0.008061711 27.14118
0.003966888 25.7152
0.001107329 24.39532
0.004536256 23.80964
0.003515378 25.22324
0.003652473 24.33294
0.0006363047 24.07701
0.001871682 24.08139
0.002966493 26.29819
0.009730006 25.05223
0.001050901 26.4416
0.006882456 26.27809
0.009704114 25.09948
0.005870297 23.84063
0.003382046 24.99664
0.002735322 21.95007
0.01627493 21.3037
0.01314152 21.97608
0.002649019 21.49269
0.004209375 22.30765
0.0007287602 21.8926
0.001334774 23.75016
0.001405354 22.92342
0.006147272 21.70187
0.003875675 19.51458
0.000679303 19.79524
0.005331054 22.93363
0.005346256 21.58674
0.002686525 21.98524
0.00249911 22.51187
0.001113535 23.46097
0.001569198 23.11852
0.001655092 24.5904
0.004324885 24.55309
0.0008431885 24.68759
0.003861917 25.91751
0.005428564 26.94531
0.00325342 26.88075
0.001943496 23.67396
0.003149808 23.46896
0.001993995 25.70135
0.0004779253 28.58512
0.002024213 27.95232
0.007096446 29.14193
0.0008459514 32.10026
9.200599e-05 31.39602
0.002412262 30.56084
0.002041078 31.27006
0.001167939 32.33938
0.003630385 33.33311
0.007498401 31.36079
0.00342405 33.09359
0.0008507537 32.19394
0.01083694 32.42435
0.001065559 34.4167
0.004758063 34.24027
0.003523476 36.20406
0.004146621 35.80499
0.00429328 34.92206
0.007281076 35.47056
0.01518914 35.70673
0.004376583 33.77659
0.002850378 32.03656
0.00300681 33.75636
0.004885081 32.511
0.002756062 32.65301
0.001800809 33.97012
0.0005427704 35.06487
0.001433614 32.15466
0.001969423 32.15455
0.002646146 32.5386
0.004632547 32.3895
0.005976543 31.76241
0.005456132 28.70035
0.006023642 30.34055
0.002446072 29.66816
0.00608941 29.35362
0.008065582 27.77206
0.004386069 27.21518
0.006033428 25.94627
0.003764131 23.97094
0.002763704 22.6087
0.002477019 21.96406
0.0002374313 23.09256
0.005032632 23.10794
0.0004609875 23.9084
0.001617915 22.01676
0.0008041326 22.45252
0.009309816 20.67962
0.004293774 21.16338
0.004849008 21.06511
0.005383929 20.27298
0.00485965 19.85293
0.002222976 19.73248
0.00265699 17.8573
0.002170074 17.38901
0.004035561 18.04019
0.001231366 19.28453
0.003698079 19.5933
0.005405844 21.05292
0.005153543 21.38794
0.01156995 20.96717
0.001812258 20.24063
0.005357265 20.70367
0.006629108 20.24837
0.005497311 19.33576
0.005975049 20.54222
0.008018745 20.01156
0.008246912 18.63705
0.005978023 17.93917
0.01468761 17.60369
0.004944828 18.33357
0.001516499 17.74811
0.001915059 18.00866
0.003988051 17.87127
0.003872053 17.4444
2.421441e-05 18.31122
0.001162241 19.80767
0.005666027 21.2322
0.005910806 20.30177
0.004978934 19.54112
0.003266625 20.48439
0.004427501 20.6721
0.003843384 20.31209
0.009539385 20.58129
0.009788406 19.37293
0.005432667 19.38676
0.004441301 19.1902
0.0008571592 18.04406
0.0005384634 17.418
0.001506684 18.08403
0.001804198 17.96954
0.00762154 17.21413
0.003395062 16.39492
0.002761167 16.45016
0.007448779 15.92426
0.004504898 15.78143
0.004497136 15.60329
0.0004345272 15.41745
0.001798703 16.39363
0.004495383 17.10472
0.003600831 18.5731
0.006647005 18.75234
0.01150975 19.8945
0.005567429 20.0953
0.01142302 20.31858
0.01153515 22.06759
0.01416467 22.49805
0.006337531 20.6931
0.003385706 21.18221
0.001219087 21.55129
0.002576241 21.71578
0.004283707 20.22906
0.001738752 19.16927
0.005699324 20.38984
0.003926001 19.6023
0.001629287 19.76171
0.004232222 18.78299
0.000971931 19.29267
0.002435951 19.82881
0.003985307 19.77789
0.008900896 21.08677
0.0002740576 21.30082
0.00197626 21.35102
0.003495919 21.21268
0.0014517 20.02874
0.01250987 18.89585
0.007999947 19.23081
0.002042741 18.78772
0.003293418 18.3062
0.009660473 16.9683
0.006705349 16.94963
0.002280416 18.32841
0.003789854 18.08654
0.006300313 16.45751
0.007873647 17.3687
0.002389908 17.56002
0.000759433 17.81063
0.0009463112 16.95369
0.002332311 16.69418
0.002647428 16.41673
0.003224207 16.48558
0.003013327 16.63597
0.006975326 16.74087
0.003718595 16.82335
0.001649928 16.56279
0.01005642 15.76815
0.004048392 16.5201
0.0003491706 16.53423
0.00570003 16.40765
0.002362857 16.3013
0.002816069 16.24016
0.002621637 16.48684
0.002389858 15.91524
0.01208913 16.61534
0.003690099 17.61164
0.002117748 16.9611
0.002857291 17.78294
0.004447889 17.14553
0.003831993 16.3357
0.003453233 16.04203
0.006325563 18.49493
0.008685653 20.51436
0.007487376 17.88314
0.001397904 17.62044
0.008231242 16.22377
0.003859396 16.00679
0.01663285 16.31444
0.006087795 14.40354
0.008669171 14.27353
0.007964059 15.23873
0.001586954 15.56048
0.0001679978 15.54393
0.00132871 16.07044
0.003604968 16.07652
0.006212553 14.4035
0.003387163 14.05502
0.001373872 14.00519
0.002026327 15.14598
0.004902177 15.82887
0.01383178 15.3607
0.002426721 15.38633
0.001632953 15.30509
0.001447098 16.32863
0.001528805 17.23315
0.0003029219 17.60354
0.004416249 17.27553
0.004437683 17.00558
0.008988058 17.56378
0.002285272 18.27093
0.00660558 19.47287
0.004676539 19.76331
0.005001678 19.49048
0.0007274832 19.49402
0.00766607 18.70093
0.001970479 18.06
0.0008182413 18.42048
0.007084368 17.51992
0.005727006 18.28445
0.005485857 17.58837
0.005179565 17.07213
0.007363893 17.45694
0.007855745 17.56309
0.00713001 17.37965
0.007591451 17.08518
0.004266806 17.52815
0.008154348 16.95131
0.005670537 16.6947
0.001390214 17.10121
0.001515999 17.60204
0.003359318 16.30111
0.002224924 17.59762
0.003844775 19.24855
0.003604686 18.24977
0.003399252 18.47982
0.007246491 18.98346
0.007976428 19.06638
0.006721543 18.07221
0.007559707 19.38838
0.003856632 19.39718
0.003416003 19.60682
0.004795421 18.24722
0.001730857 17.08707
0.01500612 17.25809
0.008369188 17.07708
0.006447304 17.66906
0.0008093798 16.73767
0.003964071 16.53646
0.004699296 16.73748
0.005002871 17.44191
0.005093953 18.22449
0.01137308 18.80669
0.001941722 18.5208
0.01968094 18.90358
0.01004287 18.78534
0.01360426 18.26417
0.00480072 19.95761
0.001612373 20.71822
0.003776874 20.73713
0.008744992 20.4741
0.002834759 20.90997
0.002463549 19.9263
0.0002221801 19.40241
0.002485608 20.03449
0.005975619 22.41496
0.0005056185 20.11314
0.00020341 20.26382
0.01592464 20.92176
0.0006751957 20.70486
0.005143786 20.75106
0.006292457 19.20265
0.005108459 20.1871
0.005278045 20.64228
0.0004128022 20.7753
0.0009979525 20.27433
0.004270448 20.29512
0.003342486 20.17546
0.002633313 21.84891
0.002797532 22.10792
0.00671886 20.03947
0.005131183 20.883
0.004073439 20.75242
0.001234523 20.31533
0.007355616 19.62574
0.01081925 18.1708
0.003713983 19.11828
0.004540893 18.12514
