probIn varB
0.02866717 6061.788
0.01858624 5441.502
0.007715897 5386.728
0.007145769 5452
0.007119142 4242.584
0.008387853 3912.075
0.007667948 3844.485
0.01625172 3176.168
0.01108318 3318.396
0.02527565 2877.973
0.008834437 2517.977
0.001913885 2605.002
0.002558064 2461.234
0.01160967 2674.475
0.01043659 2402.649
0.02376995 2077.477
0.02765412 2243.89
0.01212238 2563.176
0.02720673 2803.106
0.01887628 2939.445
0.004859528 3501.943
0.0008084864 3089.712
0.003777573 3227.433
0.01418401 3436.676
0.009858258 3483.767
0.005994882 3521.505
0.01649519 3392.872
0.03487809 3383.417
0.01605439 3680.832
0.007380995 4050.145
0.01194748 4225.303
0.01185837 4466.044
0.01920347 4603.707
0.02085679 4716.504
0.02534425 4707.163
0.03484299 3514.655
0.0463987 3122.585
0.04298912 2687.51
0.06159475 2665.247
0.06240142 3082.584
0.0585999 3032.857
0.0463444 2790.545
0.06231879 2511.207
0.04617686 2634.489
0.04131974 2662.124
0.02585228 2803.616
0.02005426 3076.835
0.01822828 2845.56
0.0106537 2693.729
0.01535801 2672.997
0.01652406 2530.366
0.01641129 2509.955
0.00458951 2448.277
0.004632822 2338.324
0.002167655 2379.463
0.004520291 2389.94
0.007121511 2238.673
0.006221277 2196.221
0.008974771 2109.124
0.005256464 1941.863
0.004865948 1804.295
0.006697188 1500.532
0.003448004 1476.732
0.01139366 1443.572
0.0004527271 1376.497
0.006684801 1238.656
0.004449118 1210.93
0.00240222 1152.575
0.005344344 1537.786
0.008975854 1620.592
0.003301445 1346.746
0.006695049 1708.944
0.009578956 1927.955
0.01674826 1530.763
0.03282471 1609.531
0.03025564 1825.135
0.02248308 1702.28
0.02130321 1722.307
0.008224225 2048.383
0.01356881 1979.468
0.006222786 1692.816
0.001506143 1867.871
0.003150704 1285.213
0.004643349 1256.606
0.01697921 1448.393
0.005412141 1471.401
0.006025694 1431.462
0.01899007 1502.144
0.02402519 1643.392
0.04247229 1536.731
0.04274525 1254.216
0.06478855 1223.229
0.05158208 1131.249
0.06358432 1138.372
0.07467322 1154.656
0.05037833 1277.74
0.04236444 1291.795
0.02847274 1147.038
0.03868394 1249.7
0.03169357 1117.012
0.01782538 1308.302
0.01388643 1491.218
0.0111192 1457.386
0.01683815 1263.935
0.01234511 1452.276
0.01495032 1104.885
0.02183099 1353.097
0.04266324 1307.203
0.02692624 1546.197
0.01730722 1309.771
0.01395763 1233.433
0.01986489 1418.346
0.02438941 1403.539
0.003669799 1284.732
0.01926028 1231.582
0.01490541 1155.365
0.03301638 1141.335
0.041674 1143.225
0.03301074 1060.143
0.03806111 967.4086
0.04721906 768.1238
0.04527382 751.3223
0.05473728 814.3144
0.05246672 769.9083
0.03884644 788.2221
0.03624263 745.9501
0.03008275 778.0042
0.02809015 889.5995
0.0231762 931.3244
0.01931477 1082.906
0.0158505 1153.681
0.02965267 1279.399
0.02960418 1400.997
0.02032975 1139.786
0.02240269 1043.041
0.03812863 1122.523
0.01873759 1259.497
0.03620418 1148.293
0.03797534 1077.515
0.0132175 1017.829
0.01571536 1078.921
0.01952506 1087.174
0.003555319 972.6534
0.001159025 1031.055
0.0004499724 1028.239
0.003239744 1016.458
0.005999633 930.7751
0.005769781 951.3299
0.002881379 1065.745
0.008654706 1155.96
0.01456192 1064.592
0.02902283 1419.732
0.05407639 1288.27
0.04267845 1200.716
0.0307648 1147.974
0.04393329 1109.676
0.02728464 1067.573
0.0126672 865.5687
0.01783504 1026.494
0.02825377 1108.266
0.05161418 1073.735
0.0310299 1016.432
0.03320505 1144.155
0.05206764 1054.303
0.06312254 1044.156
0.07805577 952.0109
0.0605081 970.6
0.04252868 912.0436
0.02287262 805.8455
0.02937806 721.5238
0.04185193 649.2792
0.04280453 720.5856
0.05163789 745.6303
0.0569669 675.2464
0.05985567 734.4087
0.05023107 787.0295
0.02780569 1008.152
0.03938353 1123.358
0.03074963 1033.665
0.02967729 1038.59
0.0197402 973.7893
0.03233166 1032.612
0.0387128 972.9849
0.07226765 912.9729
0.07881185 893.1592
0.06285337 780.522
0.08885268 878.892
0.1380981 857.9057
0.1084696 934.3218
0.1232205 1032.247
0.09514495 867.8914
0.06869553 903.7921
0.03779343 1104.367
0.03137408 986.7376
0.0167596 892.0925
0.03905569 975.8103
0.02793828 894.6043
0.02408816 909.4023
0.03920749 1109.64
0.04566354 906.6065
0.01937621 816.5747
0.02817181 713.6641
0.02209509 678.717
0.01639011 598.6763
0.02049451 642.7718
0.04276492 652.6296
0.04128697 751.9083
0.06801799 902.4506
0.06324185 849.3109
0.06168783 958.1988
0.0467672 1048.248
0.04425071 1014.355
0.0310596 1028.455
0.06487864 940.0076
0.02771405 961.1236
0.01611146 1110.914
0.03997504 961.2959
0.02973552 874.7851
0.04207302 885.4653
0.04590259 858.5386
0.04449114 960.0505
0.05261141 897.0047
0.05060032 876.2807
0.05430743 872.6323
0.05967086 822.6427
0.07511265 812.2582
0.07622758 772.9139
0.03952801 817.1157
0.02255362 835.4537
0.01810175 865.8532
0.01679862 885.3443
0.006817041 746.9569
0.0062334 637.9419
0.004716084 644.7001
0.01141896 578.1501
0.02642523 535.7309
0.02601299 394.3619
0.02731208 408.2516
0.02803149 414.8505
0.02432889 446.1405
0.02482317 458.7208
0.04955202 378.4775
0.06951382 386.6447
0.06528304 421.6864
0.1088624 490.1959
0.09501039 509.4881
0.08711738 476.303
0.07945905 605.4881
0.08254981 695.0074
0.1396034 760.9883
0.152816 716.0643
0.1952732 745.8132
0.1851783 629.4572
0.1555296 601.2527
0.1450346 674.4626
0.146901 756.7814
0.1281682 755.6127
0.1043235 741.541
0.07831847 683.8262
0.09164507 638.1016
0.1118081 652.5391
0.1467536 656.775
0.1109535 735.8534
0.1378946 796.5695
0.1128255 869.1189
0.1108979 793.94
0.1288674 671.7578
0.1213651 562.0786
0.1018541 646.8239
0.08224994 653.1114
0.09675585 750.9811
0.09665175 858.6547
0.08147554 904.1051
0.07620469 813.3721
0.06584375 982.0851
0.04203549 1063.127
0.0345244 1086.889
0.01755026 892.5361
0.004505697 808.0432
0.01882841 756.1825
0.01635056 617.4991
0.008921048 673.2304
0.04842462 640.2905
0.05546866 670.0135
0.04085172 724.1508
0.04836496 708.4954
0.06717661 539.6374
0.07859429 657.9737
0.04678556 559.8427
0.03086387 634.1696
0.02451195 668.6762
0.0116262 670.4011
0.01629256 674.9143
0.01748945 847.0971
0.01455896 939.5837
0.01379684 887.8386
0.01370695 937.0652
0.01957414 1004.581
0.02502137 1303.073
0.01566343 1485.813
0.01935514 1429.734
0.009908035 1455.187
0.01124205 1527.362
0.00388116 1391.656
0.007656722 1492.192
0.01118928 1494.005
0.009448516 1647.106
0.008172708 1635.884
0.008709748 1498.537
0.01969829 1384.884
0.01677695 1221.912
0.005097013 1090.994
0.01136461 1138.81
0.01187239 1080.396
0.02320459 1336.582
0.02616448 1145.484
0.03443131 1054.188
0.01532717 1216.044
0.01334073 1145.168
0.01575913 1212.583
0.01140832 1259.029
0.01115159 1193.214
0.01879959 1149.594
0.03097413 1252.187
0.05297138 1240.117
0.04221858 1220.431
0.04595499 1242.422
0.0283401 1147.41
0.05196574 1141.791
0.03929858 1107.344
0.04954479 1100.845
0.04898561 1261.84
0.03565188 1138.083
0.04203549 1096.132
0.06351133 1213.898
0.04685056 1164.344
0.04555725 1262.689
0.04716734 1264.028
0.05964644 1263.336
0.04270757 1092.841
0.06179111 1142.378
0.05597762 1055.225
0.06674239 1007.521
0.03495306 1035.068
0.01112352 909.1158
0.02683694 1201.859
0.02217695 1528.603
0.03322476 1725.397
0.03438834 1638.969
0.0384676 1506.46
0.03055219 1555.54
0.03478411 1213.369
0.04833219 1294.127
0.04974986 1282.42
0.04506182 1307.104
0.06016568 1451.88
0.04869373 1490.342
0.06352272 1656.498
0.04727678 1637.423
0.05124075 1575.896
0.05648539 1662.882
0.03168446 1594.567
0.03304214 1467.069
0.03108246 1403.618
0.03891759 1485.74
0.06568865 1467.539
0.05448336 1476.922
0.05224948 1441.975
0.04266835 1513.926
0.04622132 1470.762
0.0384729 1299.503
0.03573199 1303.495
0.02027415 1276.331
0.02785526 1355.612
0.01208946 1217.032
0.01673633 1091.899
0.0131949 1010.432
0.02047966 1010.553
0.03633456 1123.684
0.04291209 1216.124
0.02898453 1539.067
0.01455107 1568.763
0.02239034 1354.496
0.02797573 1493.128
0.03121117 1459.73
0.04597762 1450.882
0.04624254 1329.376
0.03742829 1419.955
0.03743596 1599.7
0.03256842 1502.531
0.02317105 1281.853
0.02284716 1169.856
0.02319236 1032.807
0.0273303 1203.109
0.03810835 1144.007
0.03206733 1104.194
0.02428121 1134.321
0.01950255 963.1338
0.02962551 962.7185
0.05354123 1005.419
0.06441772 1109.89
0.06312474 1096.953
0.07389457 1155.921
0.07123552 1272.108
0.08655633 1130.46
0.07954481 1061.715
0.07082264 1068.462
0.05336485 982.7184
0.06250586 1047.814
0.07688447 837.0434
0.08015144 867.5897
0.08951192 879.9532
0.06838413 841.6264
0.08810918 955.0865
0.09209491 1116.863
0.08686264 1137.432
0.07492317 1122.421
0.0691873 1296.778
0.04954209 1208.853
0.04263827 1200.742
0.03170995 1278.91
0.02993388 1273.862
0.04680281 1247.114
0.04686278 1301.966
0.03815036 1260.124
0.07195589 1191.751
0.06893538 1157.971
0.05818311 1198.055
0.04481677 1107.625
0.02319887 1297.169
0.01769508 1533.571
0.02835474 1638.667
0.04520966 1484.036
0.03089818 1417.506
0.03756018 1192.285
0.06578619 1102.95
0.05286315 1234.324
0.05049711 1083.661
0.04013495 1247.877
0.03474243 1245.693
0.03609008 1025.057
0.05607391 939.5605
0.06956522 754.4753
0.08480048 607.3998
0.1030745 509.6187
0.1100447 526.5112
0.07469663 481.1621
0.08843388 535.7698
0.07772521 649.9538
0.1180496 568.8209
0.06958951 658.8429
0.04753761 696.1695
0.06975409 739.8807
0.06748972 788.4062
0.08059994 670.2705
0.1222044 707.2254
0.1181718 663.3253
0.0932777 712.4442
0.04808048 764.9148
0.04180799 811.1245
0.04588708 887.745
0.04235534 1044.107
0.03954847 1017.062
0.03205056 951.0774
0.05093931 1093.128
0.03782189 1077.217
0.03112217 1276.246
0.04832779 1201.783
0.06657665 1221.588
0.07452332 1277.83
0.08029405 984.1899
0.07687251 943.7509
0.06897662 1174.003
0.05462716 1095.615
0.0637214 1268.918
0.063929 1173.652
0.06227157 1212.18
0.05369127 1031.741
0.05325355 845.0983
0.06486828 836.4262
0.03248803 923.8596
0.0610996 1095.385
0.02145554 1028.142
0.02277245 1033.178
0.02634007 1201.045
0.05186059 1332.258
0.06028942 1244.387
0.05740494 1197.076
0.05734636 1181.311
0.05316164 1014.329
0.04205429 1056.229
0.05370124 986.49
0.069844 944.8003
0.04571167 853.6021
0.04506591 859.1116
0.03525541 885.6758
0.03732814 1041.145
0.06264834 1056.376
0.07085124 1023.019
0.05881985 1049.903
0.0757572 1187.156
0.04150722 1168.708
0.05265907 1294.965
0.06799769 1351.716
0.05897304 1401.496
0.0754829 1413.178
0.05586779 1117.962
0.07140834 1411.12
0.05768148 1458.2
0.04532141 1568.312
0.04754647 1474.704
0.02607764 1606.66
0.01144713 1482.323
0.009545806 1570.439
0.01094939 1618.317
0.01272205 1432.414
0.03191908 1319.132
0.03435631 1297.678
0.03391075 1489.596
0.03672591 1407.306
0.04915248 1463.71
0.03943858 1514.816
0.04312418 1300.672
0.06130748 1224.308
0.04819037 1266.258
0.0438332 1351.382
0.05915485 1462.436
0.0221306 1274.099
0.009969169 1323.509
0.01658736 1469.554
0.014992 1502.634
0.01059356 1721.81
0.01141871 1246.562
0.02730036 1162.64
0.02600488 1215.843
0.03835891 1273.168
0.0296837 1304.627
0.03568964 1103.326
0.02763966 1157.988
0.06392998 1279.202
0.06214516 1447.82
0.02976829 1423.462
0.06101284 1389.123
0.03573533 1137.506
0.04750189 1041.44
0.03860053 1039.295
0.03225921 959.9199
0.04067881 904.4323
0.03518848 821.0014
0.05220064 851.0559
0.08036596 901.3238
0.07845448 761.0154
0.07415258 815.4998
0.06075194 678.1357
0.05197217 673.9582
0.04599865 795.5236
0.03168602 786.8576
0.05077624 875.2977
0.05010235 869.0478
0.06089122 805.3143
0.03433427 815.1356
0.05060797 855.1686
0.06218349 763.3883
0.06909539 802.8147
0.04571007 802.4765
0.03519662 840.4401
0.01802017 799.6123
0.01536005 903.0334
0.01268294 857.8172
0.0165277 1020.292
0.03718627 1080.106
0.0311285 1161.393
0.02112452 1036.753
0.02359476 1052.25
0.01709539 949.1788
0.0298209 887.1777
0.04117203 923.5627
0.05352984 1196.81
0.07754652 1214.049
0.08883169 1289.485
0.09350116 1061.605
0.1029832 1070.387
0.0955052 948.9544
0.06560688 973.8866
0.05252623 1128.373
0.06076288 908.0255
0.08941613 1184.092
0.08654658 1018.264
0.07046148 871.4645
0.0968859 949.8763
0.1016778 840.092
0.08736293 782.7459
0.08016735 701.4081
0.05204574 703.6441
0.0523153 655.2569
0.03808734 700.5502
0.04637975 638.8527
0.04005013 674.5655
0.03386537 632.4044
0.04044014 605.3517
0.04524067 621.6543
0.09864141 579.7685
0.1012569 576.2003
0.06934937 544.7327
0.04407071 449.839
0.02407598 522.2985
0.02933139 549.2764
0.03247187 534.4797
0.03022611 638.8499
0.03665608 581.4897
0.0556881 723.9522
0.02083366 753.564
0.01199545 879.3786
0.01703424 830.7129
0.0400944 949.2958
0.0344202 1006.513
0.0286768 1141.311
0.02357975 1258.549
0.03275562 1353.787
0.01193003 1510.306
0.01136511 1664.473
0.007107376 1670.112
0.01572219 1731.639
0.01873257 1914.912
0.03236793 1993.002
0.03815982 1868.858
0.01952179 1806.107
0.03575248 1840.246
0.02674707 1509.46
0.02926498 1641.055
0.02827292 1647.045
0.04190554 1446.118
0.06295967 1616.902
0.04657139 1658.105
0.03254962 1691.876
0.03334286 1849.323
0.01905492 2074.272
0.02478939 2049.866
0.0199784 2412.798
0.02076277 2275.107
0.01554422 2238.543
0.02003371 2233.329
0.02651042 2227.999
0.0382059 2508.753
0.0363846 2058.342
0.02755068 2088.357
0.02247579 1827.442
0.02946289 1743.583
0.03180839 2171.969
0.02194269 1980.545
0.03011551 1545.71
0.006926651 1392.491
0.01879735 1660.729
0.006940193 1558.915
0.02465161 1284.539
0.02873453 1252.074
0.02683264 1355.571
0.03404846 1166.111
0.03000451 1060.677
0.03728842 1189.131
0.02675999 977.77
0.04418191 1098.724
0.02575353 1188.342
0.03787164 1476.168
0.05539479 1396.069
0.02190833 1542.954
0.02506983 1563.364
0.0224086 1339.96
0.02313162 1429.697
0.025948 1360.363
0.02660737 1330.859
0.03342505 1319.38
0.04042327 1383.337
0.02946445 1654.454
0.02953286 1399.268
0.03141909 1388.648
0.03480588 1320.672
0.03337638 1372.62
0.01511443 1510.053
0.01929491 1795.709
0.01363497 1994.981
0.02058167 1820.487
0.02654513 1800.378
0.03374583 1802.585
0.01364141 1731.393
0.02050828 1685.987
0.005380196 1630.588
0.0076755 1734.507
0.002990114 1609.897
0.007354998 1717.303
0.002148763 1551.375
0.0006413163 1314.358
0.01268585 1305.471
0.004646884 1330.658
0.003051251 1348.481
0.009730997 1316.832
0.005864262 1327.873
0.01184212 1450.96
0.01482501 1562.852
0.009592462 1271.044
0.0135417 1150.876
0.02378942 1220.32
0.04529098 1070.626
0.04440194 1008.836
0.060642 992.6612
0.04649524 835.6963
0.03355353 952.1865
0.009016841 1025.821
0.003378827 1082.152
0.001734053 1006.432
0.005228767 955.4244
0.001519162 926.968
0.002294536 846.908
0.01762468 885.6756
0.01321346 1023.239
0.008725814 1171.01
0.01302333 918.4905
0.01400853 791.1972
0.01351252 821.8782
0.01651436 745.3974
0.01645051 741.1099
0.03346581 783.4756
0.04779268 766.2998
0.03750375 668.2211
0.02529043 714.7607
0.01948354 847.1155
0.0121219 864.9932
0.008991885 807.8375
0.01687931 893.2426
0.01327685 669.8229
0.00882058 575.439
0.01251759 803.8687
0.01421905 799.5491
0.05558584 845.3804
0.05101691 897.7935
0.02895016 797.8923
0.02423317 803.0989
0.0383399 815.0186
0.03907492 758.376
0.07601909 777.4325
0.08414405 574.6454
0.09314317 499.89
0.09775208 504.2861
0.1027148 445.076
0.08867039 410.7602
0.09646469 423.5072
0.06422114 412.3289
0.06619967 455.0979
0.08189413 529.089
0.1169628 576.0577
0.07641466 555.7023
0.09476034 532.7967
0.06954351 560.6366
0.07076897 527.5519
0.0729189 581.0133
0.06474803 546.5958
0.0601609 500.5965
0.03969998 485.7942
0.06004948 603.0114
0.06508202 643.1837
0.05129023 688.8277
0.06677843 652.4994
0.05852969 645.796
0.0680014 722.8696
0.06877839 839.5546
0.06986149 780.2848
0.0853119 908.7389
0.06735984 855.5188
0.0631 915.4367
0.0602724 993.6274
0.04363556 777.7864
0.02279089 818.7404
0.01931491 1013.926
0.007748267 1014.109
0.006498125 878.9664
0.0119671 962.5129
0.0270423 1182.046
0.03527487 1186.757
0.02235014 1336.958
0.01018616 1219.063
0.02272164 1355.718
0.01312882 1286.124
0.01542284 1463.101
0.0166029 1690.711
0.003378813 1351.254
0.01052059 1224.395
0.01273719 1198.989
0.01071572 1095.295
0.002080631 966.2011
0.001512459 784.6858
0.001466554 706.8169
0.006321061 766.9367
0.01731692 692.053
0.02694549 652.4467
0.03366758 630.4134
0.05428324 611.2938
0.06401836 546.1398
0.08105234 532.3715
0.07866404 626.9626
0.09790243 672.8195
0.09375131 707.1948
0.1320795 605.8993
0.1735409 451.6378
0.141882 431.416
0.1536681 386.8423
0.1115041 397.345
0.1042533 396.8501
0.09395833 457.8531
0.118343 416.9933
0.1438637 421.1846
0.1660086 472.2511
0.1857508 562.5589
0.1535104 535.5703
0.1553711 449.2373
0.1727947 454.2651
0.1606565 457.2284
0.1629604 350.8857
0.1836881 353.2389
0.2068476 359.2672
0.1722786 319.8008
0.2045812 370.3273
0.1871603 392.3977
0.1793829 373.7825
0.109898 350.099
0.1254139 369.2332
0.1281114 392.83
0.1479147 409.0771
0.1555666 396.5813
0.122576 468.732
0.1719061 470.5864
0.1503654 451.2617
0.08098639 506.675
0.06529188 648.5041
0.0641557 609.179
0.08215926 565.8675
0.088468 640.5494
0.0833732 708.0698
0.08926082 686.5348
0.06866471 552.5474
0.0760778 517.4151
0.09613503 614.7114
0.09618905 639.2089
0.07404814 629.5021
0.06014487 792.1486
0.0480333 880.1023
0.05612828 967.8237
0.05336723 846.7042
0.04217001 799.9423
0.07413791 786.1698
0.07580523 707.4843
0.05859956 680.6851
0.07610517 695.8637
0.03999412 957.7706
0.04137234 1209.207
0.03559834 1131.83
0.06611043 1118.754
0.03058296 1346.891
0.02678572 1345.676
0.02244814 1280.491
0.03646363 1321.859
0.02136645 1364.105
0.002497485 1424.484
0.007504204 1509.397
0.021113 1456.293
0.02215345 1454.807
0.01654179 1674.134
0.02827617 1778.057
0.01435393 1656.077
0.01882537 1741.354
0.01123137 1697.497
0.01233364 2211.953
0.003773978 2491.543
0.005184852 2388.872
0.007594327 1947.27
0.003878121 1665.762
0.005640659 1789.593
0.007616722 2177.222
0.02193449 2121.025
0.02290796 1651.752
0.03881848 1608.579
0.03796464 1394.035
0.0264282 1156.735
0.02979521 1143.568
0.03827239 1181.677
0.03250394 981.8803
0.02151363 869.5134
0.04114812 929.5733
0.03879183 851.818
0.03510346 862.6441
0.02927729 897.4699
0.05446165 1001.908
0.02110972 1127.632
0.008471678 1257.576
0.01615086 1399.769
0.02220389 1389.232
0.01795054 1502.792
0.02813769 1376.75
0.01978361 1125.472
0.008332978 876.0415
0.01395912 789.7704
0.008144618 866.052
0.002342292 947.3215
0.000207671 1118.047
0.002049907 1056.126
0.01242577 975.8127
0.01877535 1117.358
0.002848729 1439.939
0.003255191 1396.937
0.008864195 1178.07
0.0139417 1027.276
0.01590679 926.7304
0.02127391 921.8198
0.06481579 977.002
0.0438301 1054.674
0.0757352 1016.406
0.08012476 946.8445
0.09718016 1002.356
0.08059032 835.0684
0.07333695 932.3711
0.0331005 1023.192
0.02734748 940.2423
0.03702842 817.727
0.03176238 720.4431
0.02571079 852.7622
0.01235522 944.8971
0.01973224 1016.912
0.0149304 917.9085
0.03804235 1003.441
0.03707137 984.4229
0.05019081 1048.598
0.06906166 1020.699
0.08020243 1113.13
0.1047741 1129.563
0.1000089 1034.718
0.08183768 968.6597
0.08886524 986.264
0.1109819 1007.145
0.1035244 970.0136
0.09692734 811.1464
0.09237031 688.7113
0.07877018 582.6889
0.07609052 546.3203
0.05670562 511.2689
0.06076172 640.7106
0.04157321 684.7963
0.04130553 704.2543
0.04693598 679.5593
0.0386609 645.1298
0.01472342 585.4509
0.01381976 560.3546
0.01499557 672.9109
0.05382673 634.5275
0.04915369 592.8892
0.06669631 747.5226
0.05919804 933.6513
0.05668129 875.6207
0.07439376 714.848
0.06787623 715.3477
0.04423404 676.3181
0.04226196 715.9908
0.04047817 678.1163
0.02794325 699.7123
0.03756331 685.394
0.05383328 659.5407
0.06066981 707.82
0.04181123 833.305
0.05181494 909.5189
0.02867751 903.2185
0.01276413 1151.315
0.01810359 1395.625
0.01433201 1277.168
0.01960605 1136.639
0.0219818 1147.851
0.004860496 1298.124
0.00794741 1485.468
0.007574073 1244.721
0.02263001 1213.732
0.02816109 1038.226
0.03147934 1045.225
0.01499684 992.6856
0.0171461 992.9974
0.0307079 919.578
0.02382649 1002.504
0.03033023 823.8302
0.03455386 644.8416
0.01166909 640.9642
0.04555588 642.1391
0.04261843 636.0635
0.04436824 659.4821
0.0512275 713.0699
0.03994415 693.8248
0.05836181 705.5561
0.07487176 670.4612
0.06755089 489.0727
0.07206494 500.0823
0.06623049 431.7525
0.03415142 438.244
0.04261368 447.8432
0.04261278 473.4361
0.08891755 410.3391
0.07691236 386.6242
0.1055263 391.3456
0.1262721 434.8292
0.1599843 330.0337
0.1317928 383.6003
0.147179 391.2785
0.09910441 429.6389
0.07957492 494.7433
0.07725803 477.0033
0.08106474 510.4502
0.1392612 515.1994
0.1080868 458.2851
0.08718826 550.2298
0.09117647 541.4213
0.07461105 607.3134
0.06806718 615.0986
0.05582523 651.1887
0.07364254 660.8058
0.06894987 684.6001
0.0893413 736.6255
0.08774302 777.2047
0.06167618 807.8387
0.05330777 934.5572
0.04415324 1123.558
0.03941458 1206.653
0.04450963 1231.281
0.02376386 1045.448
0.02364945 963.6794
0.02294607 932.1343
0.02004786 941.3265
0.05236445 1102.741
0.03426556 1050.836
0.01287704 1235.769
0.01530154 1448.595
0.02828639 1555.326
0.05948274 1539.112
0.03065833 1637.443
0.02816688 1753.226
0.01589896 1871.948
0.01585013 1940.77
0.02068779 1827.793
0.02788146 1978.937
0.01977829 1786.208
0.03185687 2008.527
0.02380171 1718.253
0.04633596 1692.253
0.04038981 1625.81
0.04486625 1475.678
0.03364625 1414.483
0.06635341 1255.029
0.04536632 1361.622
0.04262146 1385.61
0.03219455 1499.187
0.0484447 1243.057
0.04648291 1123.328
0.04619342 1110.164
0.05016461 1202.132
0.0661129 1181.859
0.08316768 1074.87
0.04362384 978.6783
0.03796616 934.2565
0.03891544 896.8864
0.0447521 860.7866
0.03071294 799.4216
0.01846273 875.6383
0.01983916 850.495
0.01385035 1025.26
0.01418059 1151.883
0.01284662 1402.534
0.01593329 1385.999
0.007707445 1323.764
0.003927804 1254.466
0.003587913 1241.681
0.002637979 964.7992
0.004789197 1076.577
0.006647134 995.3621
0.0126398 993.9236
0.008037216 826.9861
0.01630968 936.9223
0.01021211 798.4072
0.01031142 902.9024
0.01399404 825.4575
0.006006556 903.7295
0.01080379 932.5498
0.02290023 944.6818
0.03780298 1091.402
0.03721091 1240.54
0.01092385 1441.6
0.01409833 1575.365
0.01544974 1610.736
0.01286727 1700.853
0.002631127 1580.912
0.001687875 1542.929
0.004062177 1640.094
0.0008300798 1718.664
0.009046674 1350.444
0.005633173 1486.11
0.02029514 1263.66
0.02121797 1373.009
0.02450616 1208.748
0.01604891 1332.286
0.03460253 1338.128
0.02173169 1302.078
0.01516768 1600.832
0.01284913 1763.623
0.02959373 1447.012
0.02437423 1429.988
0.03898885 1542.59
0.03140774 1457.577
0.01252901 1576.331
0.01182377 1968.887
0.02690679 1858.189
0.0161576 1894.888
0.007999394 2037.274
0.001874015 1947.338
0.01755575 1944.19
0.01887271 1676.731
0.01337895 1670.65
0.01728785 1472.476
0.00759459 1350.711
0.001141054 1293.522
0.01195391 1300.068
0.0159683 1309.851
0.0306321 1474.249
0.02778559 1424.716
0.03655687 1475.108
0.02647128 1350.2
0.01841936 1187.575
0.03371256 1151.344
0.06493487 1139.866
0.08370361 1236.751
0.09627065 1169.445
0.1035353 1055.032
0.07474183 1030.921
0.05252767 938.3115
0.03672092 763.3494
0.06387811 668.5645
0.05774004 816.1643
0.0548555 935.8721
0.05114092 865.8252
0.04140795 739.2613
0.04935609 782.2638
0.04422755 675.1699
0.06367265 691.133
0.03949491 777.5431
0.02421117 685.8251
0.02959461 759.2115
0.05312996 626.1554
0.03161605 659.4519
0.05177581 649.6555
0.06303794 607.7535
0.03724807 647.8229
0.02898356 626.3065
0.0478828 629.3083
0.06082378 649.6133
0.05472513 645.5912
0.03280876 782.9333
0.04116486 623.5878
0.05567794 758.8936
0.07231459 782.5826
0.06907454 905.9728
0.05486848 896.8411
0.06214499 932.692
0.0536206 767.8804
0.03670249 825.3217
0.04217998 987.5118
0.01962254 820.1859
0.03847173 750.3294
0.04120629 795.6334
0.03128103 878.256
0.02672228 960.5641
0.02311418 855.1478
0.02112736 838.4049
0.003287401 785.3626
0.007755352 842.5391
0.01675356 743.4783
0.01966606 782.2481
0.02542187 791.205
0.0203691 639.1255
0.01241642 713.4712
0.006621389 747.5765
0.02370796 897.9784
0.0131771 829.6542
0.008540663 807.1893
0.01301371 934.3025
0.01003896 1065.356
0.01347709 1101.396
0.005231376 987.11
0.02455564 1168.787
0.0198164 1206.641
0.04819637 1279.981
0.06426784 1254.837
0.05323479 1026.5
0.06583586 993.2295
0.03792397 1107.252
0.04230004 993.518
0.02091154 1319.105
0.02511808 1160.536
0.03305048 932.2655
0.01387333 977.1022
0.01962554 984.5327
0.02120175 953.4142
0.03581984 1182.422
0.005791023 1289.21
0.00105764 1477.943
0.002387686 1377.996
0.003415258 1271.519
0.02766943 1268.012
0.02811552 1705.764
0.03413716 1995.952
0.02694887 1754.83
0.02676787 1476.241
0.04159583 1347.947
0.02995028 1144.457
0.03515589 928.7396
0.02248057 728.292
0.007183961 745.797
0.01330026 788.5286
0.01097962 784.7774
0.006293664 747.0869
0.01156614 797.6714
0.01441001 824.0279
0.01596918 861.42
0.01679411 819.8864
0.01401971 789.4539
0.003060796 894.9133
0.0164386 881.5435
0.01375109 856.0795
0.01521993 740.3748
0.01545658 757.4312
0.004549228 750.283
0.005959008 775.2134
0.008998697 812.5393
0.02941569 873.5957
0.01086312 912.7882
0.002739284 969.1591
0.005943848 934.428
0.004733106 880.0154
0.002685247 869.7679
0.002453785 969.9487
0.01800295 902.9036
0.01560971 764.017
0.00874653 646.4146
0.008301638 585.2541
0.01166847 584.3021
0.02258465 613.515
0.02803738 736.9051
0.03352613 723.5318
0.03772515 725.1123
0.03250315 862.5309
0.03814655 857.4432
0.06003718 776.7487
0.06162366 834.0283
0.06974325 881.7694
0.07441574 753.7063
0.05378865 747.9192
0.07549931 771.7244
0.07526656 771.6807
0.04982503 793.5924
0.04231579 768.9583
0.0259901 843.7019
0.02527652 850.0108
0.01043592 968.5505
0.01259345 875.3417
0.01423076 951.6524
0.01154232 858.2959
0.01414627 999.244
0.004016987 857.5199
0.01770499 760.6812
0.01871975 697.2632
0.02577743 699.5047
0.02696504 728.0547
0.02992673 750.4792
0.02235627 741.1772
0.04272917 786.0263
0.047717 825.8786
0.04603225 786.4282
0.07050538 769.5938
0.06408233 816.8749
0.05406139 999.4103
0.05853016 880.1465
0.05709439 926.0635
0.04237927 863.827
0.03257315 783.5466
0.01981508 726.2398
0.02129436 744.4905
0.02164734 765.4255
0.01385785 988.0571
0.02378158 957.1183
0.04105089 881.4994
0.03959849 729.4231
0.02264057 738.7614
0.01586114 701.7011
0.01534681 753.7094
0.03163402 838.5228
0.05694952 844.5257
0.06367536 800.3783
0.06574768 752.776
0.08115882 685.2542
0.08221978 768.5298
0.04953179 846.0106
0.07271629 709.4392
0.05233405 642.1131
0.04287052 674.6749
0.05077077 692.8789
0.05424323 746.7755
0.04232476 789.4425
0.07623588 838.0184
0.09951151 754.9828
0.06824783 712.0166
0.08088643 683.0797
0.0523672 515.2676
0.04028876 706.9979
0.0360954 818.033
0.0384874 906.0873
0.04638848 760.1254
0.0433425 806.1318
0.05590761 984.9472
0.02818649 1081.217
0.01432186 985.3114
0.01947825 1031.733
0.01543883 1126.527
0.01052244 1037.479
0.01039698 1047.825
0.0151804 1153.723
0.00932323 1098.762
0.01363009 1072.031
0.03263162 1043.349
0.02906225 1077.198
0.02229836 1043.568
0.03148891 1062.067
0.04017754 1078.066
0.04624598 961.4747
0.03677287 1073.271
0.03402615 1127.565
0.03125567 1111.292
0.02282243 974.9161
0.0585796 874.0487
0.04846029 826.5555
0.06593969 878.8714
0.0506581 807.8401
0.04396306 881.4676
0.04501004 998.2349
0.04971537 1009.954
0.02694592 929.59
0.04387401 998.8315
0.04537045 939.6074
0.04546209 841.1183
0.04621946 837.0904
0.0545577 916.6145
0.0628379 861.0046
0.0575877 666.7301
0.05503186 587.621
0.05868385 535.3601
0.0645324 582.2488
0.08805565 590.0283
0.08550775 555.9617
0.0527175 573.2317
0.06133503 650.4226
0.07174329 618.6193
0.07001431 669.721
0.05226338 754.506
0.06667232 719.8459
0.06907427 740.0225
0.0720805 697.3665
0.04501844 730.1357
0.05921214 1002.708
0.05622543 1133.422
0.04144841 1050.113
0.05952568 1096.816
0.07821397 1090.844
0.03921111 1182.731
0.02798243 1336.621
0.03023574 1551.623
0.04430493 1245.128
0.04868827 1642.831
0.03690688 1516.662
0.03992126 1384.202
0.02227943 1418.106
0.0301048 1596.193
0.03682906 1385.668
0.04676021 1249.777
0.05142962 1375.545
0.0439338 1371.198
0.05483276 1358.567
0.02453041 1565.017
0.03710982 1584.155
0.02758708 1732.901
0.03361328 1541.768
0.02846351 1752.069
0.02710387 1868.236
0.03667156 1585.933
0.02934796 1574.841
0.04007915 1606.269
0.04088488 1723.757
0.03925833 1612.895
0.04539776 1396.029
0.03041065 1316.063
0.02033339 1264.11
0.02758013 1174.039
0.02388396 1158.423
0.02206214 1025.59
0.001612455 843.4486
0.007124182 959.4316
0.009710447 1035.995
0.03626747 987.4874
0.03414148 901.0191
0.02831392 1026.695
0.03599618 1355.374
0.04851946 1357.806
0.04583595 1600.987
0.04843804 1403.318
0.03919891 1062.21
0.04084866 1210.545
0.03153042 1184.164
0.03133964 1168.588
0.03490065 1262.773
0.05480616 1333.066
0.03616381 1442.834
0.05205802 1409.233
0.03540873 1213.383
0.03956845 1354.12
0.02906024 1083.602
0.02097567 1117.341
0.02588093 958.4736
0.03787444 844.4669
0.06073888 955.5072
0.05548967 775.6207
0.03314902 707.3281
0.02567897 840.9697
0.03317378 1008.945
0.02575969 994.0709
0.05513346 997.853
0.0957438 850.4013
0.06965764 880.7683
0.05451005 872.1753
0.04702841 782.8515
0.03959721 703.1736
0.07595077 631.7932
0.04870048 536.5066
0.05392096 567.0208
0.04026081 555.5885
0.02036199 604.6479
0.03438563 585.0658
0.04007531 552.0303
0.03762991 702.0013
0.03332122 769.3737
0.05472942 813.7992
0.02530962 861.6497
0.01551326 836.02
0.01690414 937.4583
0.01254292 998.3393
0.01471031 917.9125
0.009393686 874.086
0.004869224 833.9728
0.002370612 800.9353
0.0004345847 848.372
0.002658616 885.807
0.0008882637 966.4355
0.003935408 1114.632
0.009874899 1342.016
0.01268154 1244.816
0.01417646 1291.696
0.002085913 1297.814
0.01118249 1263.04
0.01282458 1159.052
0.00579032 1001.373
0.02131253 999.1418
0.0199765 1083.131
0.02607527 1580.099
0.02448029 1785.993
0.03840251 1779.867
0.02967968 1894.907
0.03215618 1908.155
0.01672036 2083.829
0.04497286 2071.912
0.03970103 1959.782
0.03620573 1866.863
0.03292512 1803.189
0.03026334 1711.329
0.01844674 1591.083
0.02848308 1752.596
0.01487946 1628.968
0.01623512 1489.892
0.01675586 1773.942
0.04198663 1766.881
0.04337919 1698.846
0.02307109 1632.824
0.01336652 1725.602
0.006293234 1462.949
0.01879896 1392.334
0.01967685 1330.133
0.005452971 1062.115
0.00514441 1170.836
0.01709901 1218.206
0.03270504 1211.73
0.04890998 1191.464
0.02540388 1089.285
0.028788 1177.468
0.03175259 1114.35
0.02857523 1298.789
0.03431816 1157.29
0.05222796 1165.479
0.03858674 1092.141
0.03949075 947.6686
0.07705688 946.3637
0.06678541 942.7244
0.0736982 988.8872
0.05272569 1019.931
0.08693272 906.182
0.04322485 758.3296
0.04982141 848.0902
0.02331633 743.2773
0.01496087 605.6753
0.01490971 726.5239
0.01396275 802.2859
0.02438242 819.474
0.02147801 869.5386
0.01684225 994.8197
0.01065477 974.6896
0.01978159 837.073
0.02106715 830.6234
0.01383792 744.4468
0.02058493 588.7391
0.02612804 532.1053
0.03605574 521.4659
0.0291881 511.8899
0.01787656 506.8092
0.03490862 558.8398
0.04643247 546.581
0.04659767 501.3476
0.03750438 427.126
0.01328529 444.1914
0.01910534 475.3358
0.01767075 561.6623
0.01306133 532.8513
0.01590371 460.6246
0.01347396 541.1505
0.01478698 498.0633
0.01520627 466.3574
0.0117684 520.7484
0.008147908 510.5051
0.01814446 511.9559
0.01920004 495.8183
0.02084077 554.975
0.0389986 603.7642
0.06228409 695.8403
0.07070479 699.1206
0.0766237 627.1941
0.08868456 527.2994
0.06210837 549.2158
0.04420556 554.3708
0.06607535 437.2483
0.04561631 404.3658
0.03596361 405.4305
0.03436256 417.871
0.02628202 390.6543
0.02275149 388.5353
0.03603709 381.0773
0.06162959 429.8248
0.05033369 422.9951
0.04555048 409.886
0.04892021 371.0303
0.02038059 384.9621
0.008019835 439.6348
0.005367563 481.8529
0.004791372 455.4334
0.01530174 480.4899
0.02903791 535.5513
0.03453594 619.113
0.04491355 665.9892
0.04537666 717.6741
0.03892008 792.6435
0.06118739 837.7154
0.06804144 877.151
0.03872973 951.1157
0.04179926 1047.225
0.06114155 1076.177
0.08000586 978.4015
0.06712898 1043.946
0.0812987 1213.567
0.1023021 1079.493
0.1167196 1070.828
0.09476479 984.4485
0.08825265 1006.997
0.07463779 1083.436
0.04875194 1004.994
0.07151589 965.0485
0.03683211 874.8334
0.02170103 964.161
0.04340513 925.0587
0.0247141 1113.601
0.02574411 1396.524
0.02404135 1560.465
0.03950879 1150.152
0.03302008 1074.719
0.03166135 841.69
0.0324817 731.595
0.0284796 774.0407
0.01861423 733.0061
0.01875747 738.9284
0.04395808 817.3591
0.07145056 1017.861
0.06036137 1186.421
0.04468617 1065.281
0.04862627 914.6597
0.04862977 811.8112
0.06500402 746.7076
0.03005779 615.2841
0.01936495 628.2143
0.006707097 754.9952
0.01214248 686.7213
0.001686798 698.5933
0.002470071 751.8662
0.001751284 800.6255
0.008591495 766.0916
0.0181676 775.6786
0.04031432 744.861
0.04711952 814.8968
0.03541509 748.2102
0.02512633 759.6479
0.01511914 826.4723
0.01354806 1032.949
0.006047893 1303.925
0.03565634 1238.509
0.04050483 1372.454
0.01600766 1501.273
0.02042632 1290.031
0.01259589 1239.702
0.02984108 963.3306
0.01683924 784.9781
0.02367728 794.5365
0.04063505 787.4014
0.04981623 899.7715
0.05153415 761.7788
0.03255718 688.5221
0.03124049 713.6399
0.02851633 783.2239
0.01510083 773.0247
0.0249315 776.2868
0.01166026 682.2413
0.005489255 657.7077
0.0007528214 747.106
0.006885546 664.4787
0.004267954 689.7043
0.009898208 680.6305
0.01187288 700.8594
0.01267589 714.2204
0.01288154 778.9837
0.008987095 635.3564
0.006234059 721.7309
0.00930448 569.1275
0.01536005 529.8222
0.01563302 550.59
0.01073023 526.709
0.02031384 615.0008
0.01798876 573.9411
0.02109415 490.5258
0.013187 556.647
0.01988346 529.1801
0.04741554 521.6902
0.05853709 599.771
0.08356253 598.8446
0.05646464 653.0898
0.03558836 827.0141
0.03417434 718.715
0.02399087 649.1441
0.01551703 728.6564
0.03560524 635.9992
0.01335548 637.1691
0.006861557 713.7821
0.005533157 848.0234
0.01504554 906.3695
0.02409694 877.9367
0.03802417 940.4894
0.04783499 959.6956
0.05972426 975.3881
0.03878045 886.4472
0.03892841 932.8142
0.03396728 1029.688
0.02398832 897.8753
0.01500865 807.3642
0.01595224 820.4317
0.01862447 726.5693
0.02332724 804.0114
0.02787759 692.7407
0.01488158 735.3437
0.00985157 626.3771
0.01013519 732.2933
0.02218148 628.6967
0.03946179 549.8555
0.05157529 554.4437
0.1165154 549.2015
0.08469899 532.2121
0.08896357 625.0938
0.06467273 702.3658
0.02956743 670.4372
0.04835183 549.3065
0.04300971 512.1376
0.03838088 550.4793
0.04155544 596.1354
0.05455939 590.2956
0.03502118 556.3664
0.0320719 672.4382
0.0238372 533.7989
0.01239649 599.1227
0.006149098 580.9011
0.02196922 563.9088
0.01745418 441.0088
0.007794029 513.3004
0.001841599 540.8885
0.004660241 589.3057
0.008699164 583.8663
0.01377997 513.5223
0.03498407 593.4605
0.04484411 722.2929
0.03081736 662.0985
0.04248039 714.8122
0.02321008 808.6922
0.01811227 870.2197
0.00542538 967.0776
0.01583581 998.743
0.01351192 913.0501
0.004753862 774.3861
0.006982372 875.4395
0.006920143 859.1821
0.007249538 973.7007
0.0116832 1037.427
0.01204762 911.6904
0.02360698 984.9005
0.01641489 896.1055
0.01625378 1078.825
0.02852636 1278.866
0.03777026 1369.152
0.04101739 1589.821
0.06090492 1835.794
0.06157138 1467.521
0.07997406 1484.478
0.04797922 1333.631
0.03958109 1465.583
0.02792263 1542.991
0.01947416 1502.513
0.0111253 1454.585
0.01525329 1211.927
0.02558341 1173.611
0.03789658 1164.788
0.02629113 1027.384
0.01789847 1105.946
0.01930483 1109.386
0.04715151 1066.552
0.03968595 1120.077
0.06724863 1212.057
0.06591908 1095.634
0.0610247 1053.486
0.05123381 1211.269
0.07650238 1114.158
0.0861967 1215.482
0.1042289 1355.679
0.06689523 1465.815
0.06240599 1255.464
0.06489124 1295.039
0.06902929 1406.249
0.05447424 1580.811
0.05604782 1407.628
0.0653969 1567.194
0.06504118 1440.094
0.06035642 1710.495
0.06025776 1618.172
0.07418201 1543.8
0.0660831 1266.474
0.08335987 1215.032
0.08513514 1109.617
0.09877532 1061.078
0.07462371 1143.883
0.04068942 1153.702
0.03414616 1134.782
0.05179527 1133.055
0.03961031 1124.251
0.03228346 1141.375
0.02583083 1100.659
0.03562502 980.5601
0.04122109 976.8432
0.04068442 835.5799
0.05740436 878.7234
0.07132443 1000.363
0.05934413 1082.244
0.05039252 1164.005
0.06436596 1204.668
0.03192684 1155.004
0.0338838 1306.54
0.04568507 1506.972
0.05381059 1254.387
0.03196368 1399.678
0.01511998 1490.421
0.01461988 1509.848
0.01519574 1557.63
0.02678441 1246.089
0.01652619 1370.919
0.04440007 1538.769
0.04041702 1749.972
0.03023691 1516.911
0.04357847 1495.37
0.04243836 1160.353
0.05789408 1149.94
0.07522395 1052.611
0.06149744 971.0979
0.05941763 995.945
0.07719579 940.0287
0.09162711 884.3626
0.09366505 863.9428
0.073661 876.3881
0.05774007 848.5392
0.05795962 920.8646
0.04263782 835.8207
0.02537559 819.6103
0.03739128 714.3246
0.06052619 778.2297
0.03204962 785.9545
0.04433007 683.284
0.03422691 748.7625
0.03469986 694.2453
0.06454695 552.9416
0.04634673 554.6507
0.02626216 608.6931
0.02951687 546.4462
0.0346474 502.6197
0.03074725 571.4409
0.01498753 563.8035
0.02120415 541.3255
0.06199386 561.7758
0.04369563 474.2772
0.03033584 581.9805
0.02631316 583.2984
0.0373426 634.1059
0.01640011 818.1199
0.0347433 827.4645
0.02402468 728.4631
0.02700068 704.6802
0.03696591 711.2089
0.03080787 791.3374
0.01376638 749.9305
0.030307 727.9255
0.03941241 684.5843
0.05388618 728.4385
0.07124471 754.4233
0.0732104 738.4182
0.09314979 622.5065
0.06419821 681.5092
0.0315853 633.6705
0.03387505 605.2621
0.02279046 567.5604
0.03133427 586.7155
0.02310589 622.3467
0.006400402 649.255
0.007387469 654.5944
0.008544776 688.8375
0.00574075 809.4907
0.01096842 683.4953
0.01852237 490.7978
0.01448823 385.441
0.01301082 405.7538
0.01310429 442.2954
0.01726393 469.1439
0.01086282 509.7903
0.01521072 575.6425
0.01791749 705.4908
0.02463855 656.6738
0.005632929 648.0708
0.001755115 753.07
0.003974174 626.599
0.007463363 654.6289
0.01197086 693.403
0.02631362 769.6095
0.02240925 830.7001
0.02561485 863.2199
0.02216259 1000.842
0.02328683 975.2051
0.03868905 1153.434
0.04164086 1404.128
0.05692759 1349.781
0.04356756 1144.91
0.03515205 1128.091
0.04494367 1119.889
0.08007307 905.0044
0.063196 783.1586
0.06648896 933.3188
0.08044648 1033.558
0.05945865 990.639
0.04529016 1061.765
0.05573207 1230.12
0.0808935 1029.481
0.03795906 1183.209
0.0295201 1057.443
0.03496212 1211.839
0.02659344 1394.898
0.03603141 1168.43
0.03888814 1217.095
0.04155691 1314.803
0.04813037 1346.046
0.05894154 1484.748
0.06110677 1126.649
0.07089719 1038.211
0.07921738 1030.462
0.06937865 1006.313
0.05715225 1004.654
0.05342877 936.6959
0.05125613 679.5471
0.04029973 738.8818
0.04726135 824.1014
0.02054857 801.0246
0.01105806 680.2488
0.02133693 502.3354
0.01909879 443.5912
0.03704804 393.2832
0.04852138 424.6134
0.05608522 384.4704
0.06608823 310.5599
0.05803833 331.2382
0.07089477 390.9184
0.04766655 384.4215
0.03025465 491.3259
0.02810834 454.5314
0.03317762 479.9441
0.04278896 506.1966
0.06465729 532.8039
0.06119777 386.3195
0.06835069 351.3322
0.04075677 361.5635
0.05424372 367.8649
0.05691584 357.2846
0.07619515 381.6007
0.05274892 355.706
0.05506214 348.5639
0.0963988 401.3248
0.08197235 401.1474
0.09116437 410.1781
0.05820145 409.4252
0.04181963 486.7506
0.06922962 574.9241
0.06672815 594.4678
0.0710264 620.8253
0.06166999 645.8893
0.08090001 703.8619
0.08395711 752.4722
0.07887407 1069.473
0.07565898 959.7859
0.09079564 847.2049
0.116825 676.2377
0.09705517 606.468
0.1184968 632.2
0.07741551 665.5097
0.1019945 679.5514
0.1032401 955.4585
0.08733578 923.1954
0.09454837 893.4442
0.1017193 873.8786
0.0770485 745.183
0.1248429 816.2617
0.1162945 947.9193
0.1109448 807.0574
0.08009009 720.6587
0.07429911 686.6003
0.1025806 747.5563
0.1304329 721.9157
0.1042005 772.4043
0.07464526 785.2917
0.05911231 919.7305
0.05961002 1035.666
0.04769151 899.1949
0.03219142 1009.445
0.04570607 957.9244
0.08596187 1025.005
0.05162019 1124.52
0.05892855 1099.374
0.0625312 1167.57
0.06672197 1248.538
0.05179679 1492.237
0.05527932 1351.489
0.05355875 1226.984
0.05206828 1329.516
0.03433355 1518.444
0.0463891 1788.762
0.05614547 1787.929
0.07352581 1986.208
0.06920221 1931.711
0.06957206 1857.805
0.04664843 1997.135
0.04086406 1646.018
0.02975191 1930.633
0.0350576 1835.441
0.04430118 1904.844
0.0242615 1943.403
0.03388127 2097.293
0.02939919 1845.926
0.03064215 1684.144
0.03087953 1893.048
0.0235546 1884.499
0.03264335 1846.934
0.0365969 1997.338
0.01820596 1904.925
0.03358571 2090.204
0.041812 2240.226
0.02282425 2359.744
0.03132999 2387.737
0.00899354 2838.629
0.01364449 2779.386
0.01013948 3259.336
0.01152827 2899.987
0.01747146 3033.059
0.01346347 3126.726
0.008353151 3510.157
0.009292167 3661.171
0.01438283 3711.137
0.01398733 3146.062
0.01769051 2600.796
0.02607446 2687.355
0.008805924 2509.559
0.02088782 2473.321
0.03015793 1990.051
0.02674819 2163.543
0.02445234 2287.558
0.0175703 2271.911
0.01021826 2112.59
0.01220331 1842.026
0.009221446 1878.744
0.02172334 1856.377
0.02819481 2054.937
0.04173747 2041.755
0.0392587 1935.406
0.03760964 1629.528
0.04412161 1857.803
0.03028775 1673.715
0.02184077 1754.329
0.02213668 1563.969
0.0227456 1296.912
0.0176631 1293.511
0.00799793 1305.637
0.0122993 1428.027
0.01303873 1353.85
0.01314599 1227.512
0.01936717 1024.047
0.01189969 1017.838
0.0142129 965.9713
0.01637364 782.6294
0.01303489 749.9432
0.0115454 814.8349
0.01387289 772.5413
0.01312705 733.1707
0.01151992 701.2694
0.01313138 762.172
0.03959664 679.5825
0.03840253 785.0039
0.0458872 749.7051
0.04504059 741.298
0.04052536 900.1093
0.04443519 987.1998
0.05138379 804.8455
0.02235891 727.0519
0.05083463 750.264
0.03836193 887.0727
0.03235797 1031.551
0.04066366 998.8329
0.04165888 808.2794
0.03529821 800.9279
0.01830129 784.7583
0.008654859 777.0186
0.004479189 730.4577
0.00448177 751.0338
0.005130282 725.9162
0.006570613 658.2383
0.02394083 686.5443
0.02148219 806.5318
0.03098952 826.8542
0.0217256 986.8085
0.02695979 983.3526
0.02998448 1118.625
0.03275316 988.3553
0.04007395 1267.868
0.04153542 1289.601
0.03062471 1232.769
0.0468272 1007.673
0.04676348 912.6534
0.02049296 862.6212
0.01800214 1165.168
0.01726713 1097.349
0.0300421 1009.167
0.03113003 973.3264
0.03203872 1075.439
0.02966771 1042.105
0.01992994 1165.182
0.02535048 1314.688
0.01545512 1141.298
0.02673267 1324.324
0.05028699 1305.639
0.02900541 1289.034
0.03640729 1020.556
0.02245629 1089.458
0.0327685 1156.776
0.01586404 1301.624
0.01935673 1369.76
0.0223173 1230.529
0.03320952 1321.978
0.02097846 1339.309
0.03620657 1359.209
0.02800559 1423.627
0.006803933 1617.844
0.003875881 1531.362
0.01176848 1581.871
0.01486173 1464.518
0.01894585 1482.913
0.05977059 1527.832
0.02389583 1383.359
0.02108478 1238.382
0.01940309 1203.843
0.008399722 1313.822
0.01225732 1203.071
0.01944244 1457.147
0.01528609 1478.365
0.02121989 1415.668
0.02512912 1839.974
0.04014759 1870.774
0.02388119 1822.271
0.03977747 2032.645
0.03617178 1654.974
0.03601434 1961.474
0.03031144 2142.318
0.02487237 1821.207
0.02455977 1871.293
0.02347794 1904.004
0.01182431 1896.132
0.02129532 2246.127
0.02315705 2317.933
0.01325131 2616.352
0.01321393 2531.292
0.01902884 2697.508
0.02933719 2412.868
0.03519942 2361.021
0.07036807 2089.03
0.0986483 2081.306
0.08860372 1623.699
0.1197316 1350.155
0.09901913 1120.422
0.08784394 1240.892
0.05795026 1175.036
0.043898 1061.389
0.06619096 1193.748
0.08025739 1153.69
0.06895329 1136.139
0.06261851 1017.4
0.07874727 1016.502
0.06427932 937.8442
0.0621178 804.1453
0.0539166 863.1413
0.04066745 664.2717
0.07235704 742.7915
0.1037471 688.8589
0.09363648 798.1051
0.1082771 709.6355
0.09137513 662.6422
0.06555062 660.1027
0.05072555 652.8318
0.04522576 594.8849
0.06124828 656.1625
0.08265849 759.0604
0.06877027 751.7951
0.0905863 813.3339
0.1297724 829.883
0.1338602 868.7098
0.1590058 753.41
0.1564552 832.4911
0.1320283 734.9568
0.09566211 728.5755
0.09988094 753.6443
0.09679578 780.1807
0.106406 877.6363
0.07125267 756.7639
0.07546808 776.9722
0.06525579 719.022
0.06760399 759.6946
0.03967776 901.6506
0.05087351 1061.684
0.05785554 1214.938
0.04345176 1189.844
0.04516841 1093.136
0.08614067 1331.407
0.05685308 1394.244
0.02539486 1296.168
0.00820228 1286.013
0.01168178 1507.553
0.01443712 1616.758
0.01779918 1555.692
0.03478804 1376.657
0.04106773 1368.976
0.0216399 1425.34
0.01385073 1354.157
0.01169593 1359.664
0.009926445 1306.873
0.001332416 1423.652
0.002323109 1561.4
0.0168513 1641.074
0.02215835 1670.309
0.03057463 1571.846
0.02892327 1358.248
0.0239334 1452.759
0.02847522 1244.889
0.04046686 1322.999
0.03678855 1212.386
0.04109388 1128.627
0.100946 1231.07
0.09130836 1219.544
0.1199404 1064.028
0.08132396 994.4753
0.07082666 1035.512
0.05772841 1138.574
0.05762039 962.0004
0.06112303 1188.553
0.04480246 1458.835
0.05856391 1253.292
0.04281819 1244.64
0.03549906 1217.661
0.04069419 1170.35
0.03068365 1330.234
0.03197322 1441.661
0.02628794 1324.397
0.01730047 1402.285
0.01433676 1503.701
0.01915261 1579.986
0.02373554 1620.222
0.0176671 1188.289
0.02988566 1100.742
0.04915964 993.4887
0.02973412 848.4222
0.01400323 852.3778
0.02574106 877.9678
0.01813924 939.5789
0.007439714 877.2459
0.001463975 860.1617
0.009178666 776.6809
0.01645696 866.9027
0.009978283 936.2483
0.01968931 867.4714
0.04166771 830.4175
0.05736325 604.4045
0.0589632 699.923
0.03429158 792.2627
0.05722178 865.8213
0.043229 985.0863
0.01871987 967.0916
0.03990716 946.3924
0.02157119 840.4853
0.01425648 809.6444
0.03686663 745.5067
0.04396048 808.9919
0.04640756 857.5926
0.06052608 940.5773
0.05334749 1033.012
0.03684708 1151.601
0.03794922 1169.693
0.03866195 1040.469
0.05185355 1187.357
0.04751909 1111.886
0.04807821 1127.591
0.05442929 1333.799
0.0621144 1309.66
0.07583844 1221.007
0.05238465 1340.754
0.05025025 1173.277
0.02997018 1090.276
0.02565081 1137.65
0.01984987 1269.594
0.005667853 1149.079
0.01022014 1138.798
0.005216547 1173.986
0.003698451 1223.697
0.005019928 1322.764
0.00850777 1338.766
0.009287591 1246.672
0.01612447 1419.158
0.02615013 1397.724
0.0219211 1504.314
0.02307664 1326.701
0.0203051 1415.632
0.02060086 1479.092
0.007049396 1589.153
0.01603876 1427.942
0.008900825 1363.926
0.01733176 1340.77
0.007759834 1267.133
0.00566241 1209.001
0.00139622 1185.479
0.01168459 1150.724
0.006646515 1005.981
0.009135881 1097.142
0.01262916 1130.547
0.008746111 939.6199
0.02965149 1058.426
0.01750267 1207.884
0.006670483 1211.107
0.03768503 1305.644
0.01483011 1178.132
0.02220319 1524.25
0.02623977 1607.981
0.02524096 1482.866
0.03305545 1424.912
0.03702801 1430.262
0.03448868 1240.695
0.03062815 1402.929
0.04477069 1687.529
0.0446428 1687.57
0.02576098 1584.744
0.02401074 1706.041
0.02516658 1315.034
0.06118168 1172.893
0.04018744 1225.428
0.03474286 1153.956
0.009572304 1333.161
0.01623853 1751.636
0.01167058 1524.278
0.01808297 1729.538
0.02263986 1544.643
0.01181277 1408.004
0.0106223 1603.973
0.009879082 1522.203
0.0009892897 1715.284
0.01333669 1855.73
0.02036045 1595.992
0.01313455 1468.002
0.01852051 1411.037
0.007113642 1474.002
0.009264654 1513.914
0.007523236 1763.835
0.001840244 1586.881
0.008436179 1535.602
0.008382673 1811.46
0.0007734893 1896.277
0.007068939 2228.275
0.01004828 2148.534
0.01625057 1879.635
0.030272 1852.036
0.03677453 1981.591
0.03670678 2009.567
0.03492093 2054.011
0.04686882 1931.311
0.04436703 1714.302
0.02585121 1567.389
0.0485295 1447.173
0.06742468 1649.32
0.05779007 1655.16
0.04246328 1722.877
0.04867531 1566.947
0.03650151 1734.365
0.04502215 1959.019
0.0630956 1938.612
0.04534939 2044.581
0.02682323 2443.409
0.04852719 2494.949
0.02256166 2429.062
0.01779622 2757.213
0.007668431 3123.453
0.01016849 2985.883
0.0125825 2639.34
0.002427827 2118.574
0.001390705 2380.485
0.001339519 2499.106
0.000862628 2749.27
0.002490089 2765.843
0.005320934 2453.248
0.004577466 2604.564
0.00821548 2769.577
0.0118006 2496.618
0.01489264 2420.312
0.01519564 2721.449
0.01847141 2266.91
0.02271632 1978.396
0.01499627 1892.451
0.00856182 1849.894
0.008628751 1682.955
0.006724315 1544.216
0.008839043 1475.006
0.00229453 1448.429
0.007876965 1376.625
0.007580963 1350.556
0.00636275 1226.206
0.01228324 1072.577
0.03021056 908.1101
0.0593068 810.2445
0.05586056 777.3076
0.04301234 756.4947
0.04599649 804.9102
0.02150559 787.7961
0.008960629 704.6426
0.01738029 618.7057
0.01770258 628.1516
0.005934077 519.1751
0.04110654 474.9261
0.02649837 527.0109
0.01883998 565.2689
0.03205807 486.4831
0.04048463 512.5729
0.07140396 474.9983
0.07606235 620.4686
0.07344929 588.1663
0.06901575 478.8065
0.0837103 543.5982
0.07022521 595.4837
0.09738616 662.0238
0.05688489 644.0215
0.05073707 607.4726
0.03587251 567.259
0.03210804 527.5617
0.03142949 488.6006
0.04628479 479.6096
0.06297281 505.8319
0.05359592 519.7948
0.02220326 543.8121
0.03975323 560.6483
0.03235488 533.8671
0.028999 520.0841
0.0266075 579.2061
0.05983396 605.8655
0.03831425 724.4841
0.05470198 652.5671
0.06015843 560.1723
0.05945412 543.5911
0.08215922 560.8585
0.0864992 514.4379
0.06460107 553.4408
0.06735478 535.007
0.08184803 524.2482
0.06588802 529.0457
0.09564185 585.939
0.07747392 662.9013
0.07367146 719.7278
0.08170732 773.7347
0.07221018 772.5847
0.07602854 703.8634
0.06155337 678.8316
0.04290528 667.8198
0.02420708 700.1972
0.02163395 644.8231
0.01764228 609.1879
0.007524829 613.9445
0.01393538 508.0765
0.02339773 458.5099
0.03276884 447.5554
0.04017202 430.4145
0.03967417 466.4261
0.03331053 566.1287
0.03118318 618.6114
0.03571943 535.0597
0.04753611 502.9317
0.07571339 561.6358
0.08530142 602.7848
0.08024745 648.1942
0.05207842 604.7212
0.04087669 576.6391
0.05475192 642.5299
0.03172588 533.7697
0.0552688 532.2048
0.06918087 563.7607
0.07959673 605.0634
0.06162995 673.1967
0.07367512 639.6746
0.112499 596.8337
0.1169262 778.0744
0.1218086 742.2968
0.1318589 636.4155
0.09150918 642.8506
0.06141807 623.6092
0.09208516 646.4721
0.08036903 641.7964
0.06074595 540.0467
0.07422627 558.51
0.09475137 625.1457
0.05594834 714.1082
0.04958081 900.7758
0.08474616 997.3806
0.05765571 1042.164
0.05213001 992.9835
0.0565448 1060.341
0.08233999 1017.211
0.1058416 1022.698
0.09749657 892.9048
0.08977041 1053.818
0.03124822 990.5358
0.0382567 898.5816
0.04472138 948.7943
0.05572318 945.4943
0.03684369 1082.673
0.02245717 1071.95
0.03715267 1244.075
0.04340236 1212.218
0.05458986 1340.131
0.05255827 1290.762
0.04732834 1297.869
0.04581338 1199.763
0.0415878 1377.726
0.04953296 1468.164
0.03895702 1410.143
0.05007675 1308.993
0.05362491 1465.352
0.06660851 1316.667
0.05771163 1411.224
0.05554499 1182.831
0.06348688 1237.001
0.04030933 1220.903
0.03412774 1212.703
0.02881886 1319.2
0.03362372 1179.934
0.03333187 1297.168
0.02794388 1456.499
0.02096943 1537.303
0.03726427 1893.717
0.03348005 2377.824
0.03411914 2293.7
0.05222381 2414.138
0.03923886 1868.312
0.05568775 1828.829
0.05952537 1476.464
0.06750438 1316.357
0.04104075 1152.223
0.04866796 898.6558
0.05192108 1083.879
0.0670727 1238.618
0.07214594 1107.068
0.05914845 1189.372
0.05885007 1220.73
0.05097773 1025.224
0.04575908 1033.931
0.04641071 996.2933
0.02731698 1012.713
0.03563951 905.5718
0.01100041 802.4447
0.02848902 815.5807
0.02940937 838.3298
0.03649173 790.1147
0.05472516 901.1167
0.04906065 906.9703
0.04824295 939.1705
0.04149601 1020.88
0.07343846 1195.096
0.06177317 1244.96
0.04106847 1253.404
0.03963466 1209.232
0.02046098 1196.487
0.03194261 1207.449
0.01910083 1245.635
0.01066672 1177.368
0.03780844 1294.903
0.01688691 1330.975
0.005002915 1347.514
0.01156017 1199.014
0.001623984 1205.345
0.009497813 1448.112
0.01134417 1318.275
0.009300568 1394.813
0.01328728 1463.775
0.0145383 1229.059
0.02243284 1251.002
0.01380438 1249.507
0.0170265 1180.859
0.0297969 1113.232
0.01182777 1157.052
0.02253804 1184.64
0.01955201 1215.457
0.02794049 1265.303
0.02329804 1433.053
0.02139337 1351.813
0.06300821 1505.612
0.0454021 1584.715
0.03357387 1772.318
0.04766528 1771.538
0.03442681 1585.646
0.03161287 1509.627
0.04289984 1584.936
0.05689852 1328.889
0.06805129 1448.931
0.06073262 1386.574
0.04585187 1507.131
0.04393944 1494.657
0.02726594 1593.933
0.03634686 1607.558
0.03043775 1596.56
0.01392426 1284.624
0.03551615 1263.531
0.04701459 1483.338
0.03120749 1266.841
0.03803891 1610.426
0.03439414 1694.836
0.01932756 1773.48
0.01062584 1510.49
0.01070422 1662.106
0.005979118 1363.337
0.007215765 1405.086
0.001679443 1826.412
0.0004126818 1675.044
0.001066698 1580.518
0.00234967 1581.347
0.01493564 1379.017
0.02548367 1164.241
0.04185585 1114.29
0.03983378 1194.03
0.03249936 1112.559
0.03145775 1137.944
0.03589808 1173.164
0.06137872 1325.065
0.05360505 1523.206
0.05190593 1526.939
0.02380215 1639.684
0.04414447 1577.667
0.02509811 2061.743
0.02581567 1916.032
0.04101951 1666.931
0.05204812 1408.969
0.04196504 1354.773
0.04401138 1370.109
0.05819689 1437.098
0.05082718 1403.161
0.05197572 1402.323
0.03215762 1604.222
0.04491109 1446.155
0.05176468 1708.052
0.05066327 1629.694
0.03491933 1292.443
0.03045041 1122.868
0.0258034 1130.034
0.007973225 1213.624
0.01485483 1078.999
0.008923891 1248.125
0.003465099 1380.736
0.0009074059 1338.432
0.0009648467 1335.852
0.003303267 1282.946
0.01083892 1184.921
0.02285702 1405.67
0.03325787 1406.045
0.01882881 1299.387
0.01266006 1106.03
0.01364576 1150.393
0.01213372 1277.447
0.01730742 1079.78
0.01978725 1195.497
0.01223739 1053.72
0.01106906 1088.722
0.01267314 1006.722
0.01557181 1158.624
0.009619843 1054.138
0.01989185 927.1679
0.04697439 797.606
0.04528355 777.6351
0.06334208 779.9721
0.06544158 864.6417
0.05529521 820.9941
0.0869715 872.5143
0.0823376 799.1062
0.07302041 840.4201
0.06066982 757.2381
0.06065851 893.8916
0.04833257 599.7123
0.0345956 560.3124
0.03217689 619.2719
0.03580377 495.2909
0.04782554 530.8913
0.05099667 494.2252
0.03160107 531.4959
0.04028164 489.4747
0.071861 537.6273
0.07761545 603.3948
0.0424234 639.461
0.04813908 733.8643
0.0302458 744.9877
0.03453506 740.898
0.02613516 674.9169
0.02918068 638.554
0.03980105 613.2805
0.05216925 636.3768
0.03731484 556.8963
0.02367087 499.2832
0.01908945 473.0532
0.03423624 469.6823
0.018113 455.9086
0.02514589 543.0892
0.04292476 679.7148
0.05016794 697.7193
0.06906008 757.7599
0.03915131 753.4396
0.04327978 645.2857
0.03064231 618.9795
0.04892187 687.4556
0.05705087 691.4984
0.07975379 744.3036
0.0887322 744.2723
0.08225593 719.4719
0.06012762 773.3565
0.07436399 629.747
0.0803708 659.1649
0.07656377 611.5592
0.06682633 759.1718
0.05200874 593.4152
0.05974931 670.3574
0.08590412 637.5424
0.08954836 613.9296
0.07521112 601.078
0.06596314 449.4197
0.08791969 541.0118
0.08263188 444.034
0.1180377 493.1543
0.1177537 537.7418
0.1126562 500.5163
0.1012387 507.3917
0.09717708 584.9414
0.1247844 555.3857
0.1435691 576.3702
0.1126637 637.4414
0.1284325 570.1189
0.1247136 604.9484
0.1102993 647.9946
0.1106612 606.4746
0.09627117 677.5779
0.07629211 657.0239
0.06491275 647.1024
0.09153582 668.854
0.05115622 781.8716
0.05973885 880.388
0.03175931 830.0973
0.03509645 723.7883
0.04934687 561.9968
0.05666232 577.8902
0.04154768 640.2292
0.05447549 589.0751
0.03934236 568.5453
0.05290226 489.5532
0.04941574 487.1474
0.0650098 523.543
0.04961019 475.2036
0.05018233 555.0699
0.06405466 550.8052
0.07902718 514.5975
0.07803875 544.1142
0.07108164 571.3957
0.05120368 621.5143
0.1014294 631.5549
0.08164653 672.3697
0.09596129 736.2035
0.1141243 825.9145
0.107839 850.9237
0.1051113 729.1842
0.1152005 770.5168
0.08711351 877.5523
0.1093798 869.1634
0.1110411 968.1565
0.1238679 818.2828
0.09911192 874.9552
0.08852787 800.3441
0.06530374 853.7306
0.06324662 1002.555
0.04829773 1090.158
0.0674589 1236.118
0.04703914 1336.546
0.04900425 1612.758
0.04091285 1638.362
0.02878867 1560.496
0.03376763 1553.296
0.06622117 1675.16
0.04587745 1772.307
0.02906891 1627.348
0.03227772 1733.181
0.01030829 2240.805
0.007806852 2209.876
0.00742819 2496.861
0.01952623 2351.173
0.01687023 2807.965
0.006432219 2795.626
0.01031568 2771.487
0.005573275 2155.388
0.01016002 2336.727
0.002670968 2444.369
0.006597684 2358.273
0.004830862 2945.403
0.02078756 3282.993
0.01447773 2779.963
0.02242365 2474.459
0.03098863 2279.212
0.02565655 2526.677
0.02222402 2213.791
0.0378435 1878.01
0.05609161 1873.686
0.05527848 1693.333
0.08020168 1409.269
0.06735699 1236.161
0.0847031 1105.949
0.07556761 1173.144
0.06470915 1011.778
0.07068259 1110.658
0.08200836 1263.112
0.06347654 1219.87
0.02237018 1304.563
0.02370791 1264.871
0.01767937 1197.376
0.02241209 1248.015
0.02600834 1140.237
0.03477073 1293.094
0.02681441 1304.021
0.01249631 1260.53
0.01650684 1123.684
0.006032209 1075.366
0.00202754 1158.275
0.001103963 1358.062
0.006458955 1365.071
0.0188858 1237.475
0.01094498 954.9053
0.008264548 884.3302
0.00708257 1001.715
0.01345546 1192.006
0.008955403 1120.061
0.0189247 898.4807
0.00653114 707.4429
0.01508149 630.2615
0.01246941 667.7665
0.02897021 661.0577
0.03313239 631.0373
0.05122837 683.6199
0.07425829 662.4807
0.071423 653.7409
0.07766831 547.2657
0.09507961 488.9027
0.0697262 482.2417
0.104533 488.5453
0.1139048 623.5113
0.08546403 645.0284
0.1029243 645.4909
0.06988351 775.3199
0.06976568 812.237
0.04435243 805.4475
0.03026365 897.2385
0.03657804 937.4722
0.03536786 1070.482
0.04601545 1092.892
0.04223763 1152.651
0.02477233 1030.478
0.02852055 719.7809
0.02855393 774.9767
0.01370974 734.6588
0.009769311 631.8877
0.008915878 716.8218
0.01927518 689.2059
0.01904284 623.4595
0.02340922 621.9278
0.02243424 645.2926
0.01117537 703.4634
0.01692118 731.8005
0.01689347 731.0718
0.01315837 893.0064
0.02053508 1017.192
0.003598858 1033.188
0.01273692 828.5382
0.007182848 957.1029
0.01239819 1046.187
0.01880154 1122.007
0.01106279 1082.512
0.01212706 1099.853
0.02435886 974.3242
0.01791833 943.6487
0.02824674 1047.606
0.01414069 1110.223
0.03067497 1271.879
0.03443809 1235.475
0.05804925 1187.408
0.0495038 1083.35
0.05359987 964.6362
0.06088335 1020.577
0.05785059 1218.282
0.06827682 1153.985
0.0269472 1102.574
0.01940576 989.8198
0.01207694 947.543
0.02130328 934.8462
0.01738482 898.7701
0.03219139 867.8415
0.04137824 827.6258
0.06007278 774.0872
0.06691784 1044.3
0.09339851 979.1453
0.1182037 1045.296
0.09002364 1111.399
0.08692603 1049.23
0.07260151 1140.572
0.03628969 1189.354
0.03952046 1354.051
0.05044563 1391.387
0.03567577 1268.811
0.02290608 1488.975
0.008502163 1323.252
0.007301908 1316.094
0.002498606 1634.7
0.004556169 1364.859
0.00460055 1245.474
0.005748041 1271.702
0.00700926 1370.63
0.004764695 1457.655
0.02225129 1365.368
0.02844248 1417.987
0.03154569 1318.403
0.01750104 1212.309
0.02352143 1412.588
0.02748825 1740.575
0.03254624 1912.931
0.02944335 1954.866
0.0213383 2059.116
0.01662133 1842.96
0.00896967 1884.538
0.008072923 1916.354
0.006471181 1734.994
0.005697246 1709.652
0.01471848 1812.552
0.02144692 1719.337
0.03001685 1461.435
0.03242662 1602.118
0.02883099 1465.141
0.03364481 1415.853
0.01830838 1484.577
0.02130131 1608.02
0.03288471 1441.323
0.02626489 1560.683
0.02623349 1998.217
0.02008553 2018.17
0.01464333 2420.769
0.01527458 2829.918
0.01180408 2178.671
0.01231875 2414.066
0.009402995 2671.166
0.01130702 2659.206
0.009843742 2870.07
0.01249017 2549.657
0.01274754 2360.85
0.01544023 2468.045
0.01775919 2724.734
0.01562029 2442.164
0.0260318 2206.835
0.03660945 1698.602
0.02539372 1688.552
0.01203847 1708.637
0.006478504 1743.081
0.01234238 1813.739
0.008056853 1576.578
0.007855626 1585.146
0.01787902 1569.476
0.01707191 1872.884
0.01636299 1411.779
0.01795687 1333.972
0.02439305 1363.683
0.03540812 1321.577
0.05697109 1269.849
0.05380042 1120.541
0.05229678 1207.61
0.03187289 1167.611
0.01946912 1066.12
0.02995508 1042.34
0.0148953 1163.233
0.01573926 1170.727
0.01783362 1217.926
0.01056307 1226.695
0.01984232 1250.843
0.01522164 1356.963
0.02770787 1407.197
0.03341248 1409.766
0.02993111 1258.208
0.02856992 1425.802
0.02102576 1233.345
0.03358459 1269.652
0.02895618 1424.836
0.01972038 1572.245
0.01458938 1783.017
0.008722707 1757.259
0.01341703 1789.816
0.003569746 1799.048
0.007456815 1939.836
0.005959943 1681.859
0.003821885 1627.914
0.002445176 1631.414
0.0003318459 1440.69
0.001622995 1502.927
0.005993881 1612.428
0.002504787 1487.663
0.0009094508 1243.198
0.006439091 1160.019
0.01021614 1114.549
0.001638435 1198.512
0.01095287 1091.495
0.01138593 1020.037
0.02473312 1061.469
0.02330984 1057.144
0.04185655 1171.288
0.03519095 1181.148
0.04667403 1169.46
0.06878149 1218.032
0.07809359 1110.236
0.06134356 1061.202
0.06912266 1053.148
0.09348802 1198.682
0.08961723 1066.657
0.05750797 1011.593
0.05659192 1135.674
0.05132536 1119.473
0.04400315 1439.324
0.04922702 1400.299
0.05105013 1368.746
0.0605692 1248.641
0.08102165 1536.458
0.03566534 1584.907
0.01557072 1736.911
0.0200177 1634.189
0.01992894 1748.533
0.01047075 1776.113
0.007202368 1979.834
0.01006536 1693.255
0.0111257 1628.739
0.002512834 1718.878
0.006786065 1651.373
0.005468848 1565.75
0.007714994 1703.114
0.008270282 1559.642
0.01862511 1392.267
0.02115572 1215.145
0.02737292 1356.487
0.04195664 1395.18
0.02737969 1440.608
0.02601774 1337.522
0.0345661 1402.388
0.01129754 1119.297
0.0114848 1103.865
0.01334046 973.3566
0.009126717 876.5842
0.003539069 894.8448
0.005908704 908.1241
0.01107959 810.8671
0.005961685 973.6633
0.01865397 1145.687
0.008915341 1108.108
0.005319531 1100.571
0.008566197 1362.169
0.0341302 1143.507
0.03542946 1207.225
0.04937946 1155.849
0.05497913 910.6652
0.0670607 965.9103
0.04519971 955.5838
0.03755406 1071.688
0.03666942 1242.448
0.03519234 1479.457
0.04889137 1158.522
0.03906682 1237.917
0.01618997 1264.627
0.01902636 1425.528
0.04532935 1437.125
0.01940777 1543.946
0.02560809 1337.272
0.02834165 1310.242
0.04089742 1195.965
0.04252892 1079.965
0.09320974 1048.567
0.09525481 1062.225
0.07509797 1058.661
0.05002662 985.7232
0.04410069 1024.083
0.04490104 1127.437
0.05353738 1251.669
0.05323772 1087.499
0.05091382 1141.896
0.05031378 1093.347
0.06368163 942.6878
0.04174683 963.8649
0.05513973 1164.939
0.0354206 1242.803
0.04475696 1483.554
0.04090934 1794.34
0.06382192 1674.124
0.04340994 1561.463
0.04502088 1381.48
0.04834622 1206.29
0.07126702 1121.002
0.05885667 1148.216
0.08797182 1067.791
0.08316849 1093.386
0.08342825 1146.86
0.0815886 1360.694
0.07143132 1402.317
0.0618393 1369.582
0.05963795 1114.961
0.0418069 1074.686
0.04533431 888.4825
0.0383083 869.4927
0.06643682 778.4244
0.07417242 828.4432
0.09205267 809.3039
0.1104402 745.6152
0.07103867 733.1035
0.06819139 835.416
0.05070534 809.692
0.04076209 818.5934
0.02915845 672.4086
0.03641731 732.0556
0.02173905 791.6687
0.007763993 939.4584
0.01375898 1041.07
0.0260632 882.4894
0.04669164 938.6603
0.04941455 948.3643
0.04235546 951.0643
0.05340739 1000.347
0.05050221 1000.512
0.05780554 1040.085
0.08570679 964.5091
0.08416304 974.3699
0.07388458 858.3702
0.08020865 693.121
0.05917116 760.2552
0.02317206 763.9906
0.01541732 747.2593
0.01585001 705.4981
0.01531058 655.0905
0.02435284 589.2374
0.03351948 513.2238
0.04968779 584.8055
0.07728441 527.4622
0.04719746 481.7942
0.02577148 547.7454
0.04333257 602.607
0.0654797 573.6044
0.04476365 589.9772
0.03578693 565.9252
0.03874079 551.6347
0.02714537 576.5474
0.0459833 521.3932
0.04030657 442.4975
0.03339732 478.3798
0.03202362 416.919
0.03894455 349.5652
0.03900943 383.8133
0.0326565 403.615
0.01625091 376.8916
0.01450009 383.9483
0.02918602 387.7768
0.03878461 413.934
0.03017021 415.2262
0.02056999 494.6694
0.02157337 544.573
0.009599806 527.6245
0.00106598 620.9015
0.008053673 784.9824
0.008212574 840.3889
0.01240754 901.628
0.01116876 901.5085
0.006425507 745.5858
0.0330171 844.056
0.03048275 894.5753
0.02578869 845.4186
0.06118731 722.5828
0.05726751 766.7679
0.05902899 753.3546
0.07008549 670.2739
0.04736349 728.4913
0.05980633 676.4226
0.07605684 557.6612
0.1125819 687.0565
0.09845433 671.7709
0.1302529 663.5646
0.1120622 731.096
0.07514253 771.1396
0.08186081 801.7986
0.07333256 867.8083
0.1042261 900.2376
0.07810712 891.7476
0.08438038 883.8926
0.08763799 945.6549
0.07464015 988.5377
0.09807597 1280.141
0.09260039 1157.636
0.08093701 1152.573
0.0647411 1126.993
0.03533546 960.6389
0.03425225 1122.451
0.03457657 1171.845
0.02646054 1064.647
0.03401781 1255.57
0.02306655 1112.257
0.03219897 994.7755
0.01776971 994.3926
0.01983738 857.8296
0.01595723 936.247
0.01846553 759.1981
0.03582275 756.4058
0.03750744 649.8642
0.03066469 677.5718
0.04261769 488.8125
0.03122307 552.8923
0.0423969 523.0612
0.06596673 518.7444
0.07804677 562.5472
0.102576 477.8622
0.08168357 503.7027
0.05617246 569.8169
0.06404223 610.6797
0.06710544 562.3692
0.04144002 576.4481
0.0628709 751.6638
0.05743769 877.021
0.06227445 840.8471
0.04672885 1018.477
0.05187201 1165.426
0.0431593 1373.336
0.0429439 1373.323
0.06039953 1413.243
0.07171945 1351.665
0.06282568 1513.838
0.06135973 1351.285
0.06012796 1253.545
0.07667786 1149.532
0.07145171 1318.006
0.04510784 1040.001
0.05807768 964.7735
0.05006602 1124.533
0.0429738 1166.632
0.04468667 1015.187
0.02990747 923.0319
0.040603 987.6551
0.03456876 1077.452
0.0264524 927.6917
0.04058626 909.8199
0.02903334 1099.873
0.02895368 1042.574
0.03414639 986.7504
0.03771049 1018.144
0.04896759 902.8399
0.04094087 1037.509
0.05161299 957.4423
0.071674 875.1239
0.06212701 788.6737
0.06234453 877.64
0.01925709 947.4769
0.01588108 944.6163
0.02053555 871.1208
0.01095853 950.2392
0.02207755 793.8609
0.03657508 762.4883
0.05796057 615.0201
0.05912449 649.0534
0.0789693 624.0496
0.07569703 683.5004
0.08075156 695.8746
0.06762566 694.9778
0.06245703 729.1009
0.05872517 738.8679
0.06404979 753.6133
0.02239862 680.7174
0.01067857 727.0162
0.02557469 786.5793
0.04116992 746.4947
0.04206366 713.7163
0.0596306 584.0533
0.0747352 629.1916
0.06694812 606.7901
0.08893863 678.9276
0.09734564 655.3275
0.06718385 630.5898
0.05937001 639.0823
0.05456753 710.4471
0.04771362 718.1104
0.06236782 620.1196
0.05657306 583.4965
0.04377433 619.6762
0.02940892 649.5297
0.02493899 828.5315
0.03625431 965.262
0.04647394 960.3596
0.03686061 1024.814
0.02963617 1009.677
0.0513028 992.5747
0.03441308 1011.699
0.04286979 973.8783
0.03461788 879.0005
0.05401324 886.2013
0.0477227 972.0186
0.02728073 934.8129
0.04039889 866.6665
0.07376332 750.7445
0.05783577 840.4772
0.04379821 865.6209
0.05227971 881.4221
0.05574533 847.5249
0.06393093 767.0576
0.06029318 702.2586
0.04505728 802.9466
0.05641272 665.4442
0.06809933 724.7603
0.05723144 786.0336
0.04466583 759.1248
0.0448473 942.0673
0.0439471 1041.116
0.02813996 924.371
0.0527495 781.154
0.0304019 726.3403
0.02657366 721.2758
0.04260529 735.3464
0.05567784 863.262
0.05329261 857.4995
0.04571218 809.8127
0.02662834 1039.493
0.02613865 1020.138
0.01706825 886.1215
0.02083837 847.2684
0.009399555 904.448
0.006588849 877.6507
0.01470189 920.563
0.0396584 872.1611
0.02416887 870.4865
0.02878142 836.8431
0.03243487 824.7553
0.02963868 865.0364
0.04185463 855.6782
0.06080394 872.9367
0.0560041 774.6511
0.07819119 833.6839
0.0729352 808.6272
0.06508417 665.4555
0.05900703 566.9202
0.07349459 505.5987
0.05415525 530.1822
0.04716442 513.0129
0.0588409 583.9073
0.06448533 659.8357
0.07566294 666.8151
0.0734951 703.2195
0.07020303 779.9921
0.08157383 761.1133
0.0827857 776.6003
0.07236444 648.7344
0.07949496 769.8531
0.07551259 766.7566
0.04793856 948.5965
0.05383943 1110.985
0.04877174 1032.687
0.0775372 1069.383
0.06383184 978.2396
0.07735891 1047.044
0.0990225 991.9595
0.08226243 1035.529
0.09367509 1156.523
0.07848041 1411.788
0.07192565 1748.768
0.09384837 1327.503
0.08269317 1257.798
0.07846217 1204.375
0.09426157 1311.382
0.05917103 1314.737
0.04801757 1698.774
0.05528068 1944.931
0.03905579 1810.226
0.02119501 1813.551
0.004724427 1723.732
0.002453565 1822.952
0.004760975 1538.089
0.01617376 1816.711
0.01421724 1692.507
0.01360078 1653.219
0.009446823 1679.66
0.02550526 1737.107
0.03037031 1844.907
0.01608924 1865.623
0.03447128 1859.321
0.03759153 1751.309
0.05230185 1608.933
0.03050953 1583.186
0.03578387 1492.842
0.05503418 1317.398
0.04919341 1192.804
0.0539077 1228.547
0.08321522 1129.562
0.07201928 1132.818
0.07309218 1173.534
0.07332379 1111.489
0.08288822 1125.41
0.06584784 1242.078
0.05517936 1439.185
0.03788184 1406.46
0.02936452 1588.774
0.03889288 1364.129
0.07494786 1376.696
0.0457588 1391.349
0.03002976 1313.297
0.03641162 1546.267
0.01967218 1565.72
0.0365136 1677.905
0.04615623 2100.612
0.03613297 2240.424
0.0317218 2152.051
0.02051382 2146.621
0.02754453 2102.365
0.0169021 2118.66
0.02370417 2598.481
0.01468862 2247.68
0.01666472 2367.98
0.01338822 2204.154
0.02677524 1943.111
0.01924426 1985.852
0.02623349 1791.069
0.01967748 1628.949
0.01340091 1535.007
0.001336178 1498.831
0.01351207 1393.248
0.01877608 1264.872
0.008629001 1269.172
0.002487872 1395.747
0.0115164 1481.402
0.01263571 1647.299
0.01616943 1443.152
0.008417872 1348.888
0.02044042 1447.648
0.0267059 1291.296
0.02483881 1255.864
0.02134342 1205.032
0.01664147 1136.458
0.00778842 1428.403
0.009963057 1959.549
0.01166003 1816.568
0.005868188 1952.71
0.005408583 2476.966
0.01216586 2257.266
0.009910302 2001.167
0.0254067 1703.834
0.03272712 1656.141
0.02438283 1479.257
0.0395653 1473.892
0.03653147 1708.79
0.01840934 1637.086
0.01059541 1581.324
0.0169874 1460.818
0.01677504 1393.763
0.01786663 1349.67
0.02775791 1432.584
0.04651612 1637.379
0.05621398 1619.942
0.04441212 1673.349
0.02629992 1823.622
0.013503 1770.297
0.02130018 2153.037
0.02220382 2538.632
0.01821677 2848.499
0.02349486 2772.095
0.03670012 2202.421
0.02505374 2388.513
0.03053456 1790.793
0.02431519 1714.449
0.01774954 2039.265
0.01008531 1877.408
0.04020171 1877.414
0.05086458 1790.488
0.05867065 1631.973
0.07850663 1767.028
0.0740045 1611.476
0.06597695 1707.258
0.08394419 1632.366
0.06055184 1862.608
0.0278293 1935.714
0.02489572 1782.921
0.03632556 1600.924
0.03861361 1510.493
0.03677387 1332.243
0.02590532 1356.049
0.02248818 1457.802
0.01401148 1255.16
0.02464918 1120.533
0.03760707 918.7735
0.05642799 1043.967
0.05252132 1000.817
0.03980911 1021.959
0.05358074 1073.848
0.03230356 1157.038
0.0285224 1131.756
0.04544311 1172.63
0.03956985 1219.349
0.01927041 1214.417
0.02372703 1209.805
0.01034639 1559.237
0.002200026 1381.559
0.002773166 1281.619
0.002089424 1395.021
0.004896868 1744.6
0.007459049 1362.639
0.01830268 1555.565
0.0307763 1871.985
0.04418682 1712.59
0.03460289 1867.92
0.02953082 1832.532
0.0316467 2246.852
0.02910268 2525.838
0.04466752 2595.244
0.03215692 2818.838
0.01925411 3086.465
0.01991301 2769.938
0.008534011 3086.873
0.00567022 3063.875
0.001655088 3088.329
0.001582166 3297.25
0.01121849 3325.037
0.008159149 3093.394
0.006632723 3573.668
0.005035635 3897.812
0.002889177 3834.126
0.001025482 4249.836
0.006832063 4390.043
0.007775677 4432.01
0.01048822 4138.216
0.006225227 4059.935
0.005235595 4057.99
0.01579469 4660.863
0.0247687 4679.327
0.007672449 4095.059
0.006101306 4475.712
0.003551555 4768.698
0.003246002 4834.039
0.002094629 4505.432
0.007659771 4547.83
0.01354635 3922.02
0.01978357 3646.767
0.01875042 2886.463
0.01236425 2799.53
0.003239342 2742.568
0.001960125 2493.826
0.003121665 2358.751
0.006748816 2111.233
0.01425418 2145.345
0.009890019 2345.87
0.02559123 2681.79
0.03012609 2455.567
0.03143374 1784.461
0.0285106 1657.255
0.01508223 1728.616
0.02351684 1755.264
0.04537069 1932.246
0.06170206 1687.508
0.04496513 1617.563
0.03229971 1281.59
0.01854042 1070.702
0.01941177 1089.571
0.02487468 973.6133
0.01180485 721.4005
0.01473522 626.0557
0.0117698 576.5699
0.01964529 486.1749
0.02765765 476.0809
0.01681998 503.2936
0.01600524 494.5337
0.01902964 509.3688
0.0280224 578.5342
0.02280814 559.2427
0.03679639 483.5832
0.02161758 448.6033
0.05226752 464.3573
0.05820423 494.6946
0.06893258 483.3724
0.07612976 516.4452
0.07862376 459.65
0.0892225 413.8608
0.08940262 455.4639
0.08358236 363.6715
0.06319358 382.4367
0.05212467 434.742
0.0827434 438.3607
0.08386679 501.6021
0.06230216 571.7316
0.0628703 587.1565
0.05958719 667.0381
0.06464282 630.503
0.07193295 696.1704
0.07538094 709.0693
0.06963068 741.5398
0.07073315 806.1429
0.06179657 929.9547
0.04034042 937.3048
0.03934109 853.981
0.04839795 747.5868
0.04458574 724.8156
0.04504653 760.2437
0.02623405 702.6698
0.05179973 638.8414
0.04017917 554.6789
0.0229771 618.9597
0.02206561 553.966
0.02166083 678.8739
0.004955751 665.0158
0.0101553 677.0257
0.01742511 665.6429
0.01197328 612.8858
0.01197337 596.8511
0.01346241 695.3467
0.00913701 835.8511
0.04168855 835.7021
0.0439654 939.4687
0.0536704 949.7998
0.05398734 946.0572
0.0485983 706.6333
0.04405428 782.9004
0.01436 841.9241
0.00534368 717.3593
0.0134819 635.9303
0.01719574 620.7463
0.01464107 689.9243
0.01654757 750.0674
0.03552424 786.1534
0.0229234 715.8252
0.01668537 906.0389
0.02407446 918.1929
0.03757279 1026.235
0.04845953 950.2034
0.04502756 970.9763
0.0373707 974.43
0.05822245 1173.915
0.03774297 1478.509
0.04504172 1683.862
0.03343732 1981.415
0.05303235 2031.57
0.02949054 1712.777
0.02907676 1702.597
0.03290998 1933.555
0.01447008 1648.004
0.01823291 1610.194
0.01564466 1684.281
0.006895231 1663.695
0.01706797 1785.595
0.03584748 1768.513
0.02128384 1734.102
0.02557936 2224.689
0.01660121 2327
0.02200162 2643.197
0.01179823 1618.819
0.004186114 1498.82
0.01388731 1497.358
0.01128336 1294.474
0.01775371 1327.432
0.01834372 1386.605
0.02375011 1209.75
0.03527383 1193.563
0.02742725 1381.003
0.02026867 1517.402
0.00825202 1415.728
0.004345694 1471.062
0.004656614 1370.756
0.007891018 1399.751
0.01230221 1284.559
0.0269968 1088.358
0.02435336 1292.564
0.01978003 1300.039
0.028615 1411.22
0.03409304 1461.06
0.03482982 1422.132
0.04955624 1404.565
0.01689656 1367.169
0.01063213 1503.407
0.01027143 1507.354
0.02183112 1445.354
0.01460094 1306.816
0.009546227 1153.461
0.01177968 1199.532
0.01287099 1432.793
0.0224867 1284.919
0.05110657 1318.119
0.05567782 1246.672
0.06046676 1088.016
0.02907433 995.2984
0.01508462 927.3622
0.01130713 1072.754
0.00607527 1043.832
0.01176689 1123.795
0.02055826 1173.294
0.02732166 1283.225
0.0174627 1159.312
0.01172004 1268.328
0.009347404 1044.412
0.0116507 1104.069
0.005895448 1012.641
0.003050406 995.5603
0.003679602 1034.384
0.005297485 1056.266
0.006322355 1077.885
0.01126034 1093.351
0.02339707 1155.013
0.03066876 927.4816
0.0271675 965.4426
0.02006396 930.5473
0.03862497 1090.536
0.04038103 918.7554
0.03968056 1006.672
0.03227963 1121.14
0.02746218 1086.721
0.05022936 1024.775
0.03679573 1199.806
0.04392713 1255.283
0.05884624 1098.708
0.05461378 939.5487
0.06503489 900.564
0.08455231 703.6591
0.05421292 625.4921
0.06509083 686.6363
0.10974 695.9208
0.1191082 577.7407
0.1021379 530.9982
0.07588518 588.1588
0.06155323 632.9743
0.0519901 650.023
0.04777352 714.8258
0.08417924 731.5245
0.1062925 617.3771
0.1124887 676.422
0.08820293 702.7849
0.1056941 659.8332
0.08672399 652.3561
0.1120163 706.3266
0.08178947 693.2275
0.05592444 684.0124
0.05208379 702.7273
0.02985771 764.2613
0.04977039 790.2995
0.04901352 799.1752
0.06436597 848.5549
0.08841952 791.3553
0.06398235 753.991
0.04849616 827.4167
0.06127002 811.6232
0.05930723 748.1947
0.05168298 726.9967
0.05645498 746.0278
0.03636949 747.4845
0.02627272 766.2269
0.02178102 636.8409
0.02217469 626.4287
0.02628019 671.7576
0.01777675 552.1867
0.0105194 500.0928
0.0134252 573.4355
0.01816327 620.3597
0.03185309 546.1376
0.02744526 575.6386
0.00343591 589.0781
0.005715166 498.8912
0.01507264 472.5541
0.02514576 495.655
0.02248016 631.6937
0.03527045 706.2613
0.02666289 657.3952
0.03607934 735.2893
0.0222544 705.6328
0.04076164 753.3199
0.02588614 789.2022
0.02335763 811.2413
0.01819578 770.1839
0.01215506 719.4882
0.01111869 656.2839
0.01295798 641.5093
0.00795627 713.3977
0.008317417 897.0734
0.008419498 945.0174
0.01488612 1070.489
0.017338 1335.496
0.01794275 1214.937
0.02684962 1211.053
0.02320356 1448.089
0.03141085 1313.756
0.02157349 1044.423
0.02362766 1134.373
0.02429024 1022.583
0.02301371 1138.903
0.03580935 1103.967
0.04232578 1021.691
0.03279022 927.2709
0.05269793 816.9098
0.07238742 848.2721
0.06431599 814.3144
0.1092904 827.8064
0.08846574 711.4251
0.07343958 650.152
0.08293891 703.9739
0.05132654 748.109
0.0544706 671.8837
0.05380425 682.3137
0.08145001 728.4814
0.08488766 814.9619
0.08680757 923.6351
0.06970985 855.0757
0.03801009 987.1295
0.04826796 1015.682
0.0549237 1024.99
0.1114227 1013.188
0.09341582 875.0219
0.1166772 964.3028
0.1124931 1003.211
0.1155412 867.1644
0.1013435 850.9962
0.08608224 810.7019
0.07043895 742.4333
0.06767146 665.1437
0.06210589 853.2221
0.06664321 843.5477
0.05715163 773.8634
0.0694029 917.2863
0.08434595 925.1138
0.0741607 927.9116
0.0637399 940.4367
0.05049263 836.5659
0.03149769 900.517
0.02681518 968.3929
0.03147729 949.3156
0.03350048 1016.214
0.02935917 1126.265
0.02124003 1036.059
0.02194657 1020.343
0.0172624 987.5307
0.02971519 1023.206
0.01575312 1034.199
0.04280131 935.135
0.04706117 1009.038
0.04927301 1075.353
0.05015762 937.6104
0.05807311 876.489
0.03856301 968.9437
0.03669246 1017.569
0.06356991 941.3943
0.06747854 851.9102
0.05102178 952.064
0.03987166 945.658
0.05123946 939.6705
0.02605254 939.46
0.04025192 922.9924
0.04109748 873.5678
0.02379082 807.1453
0.01283383 875.6479
0.006706963 996.1891
0.00500387 960.841
0.007888182 915.1566
0.008457486 803.1214
0.002656078 883.5647
0.003425113 716.7912
0.002473369 666.8553
0.003289773 542.7429
0.008435096 561.6295
0.003666448 696.4894
0.009805073 646.0574
0.01027043 656.8015
0.01549148 731.442
0.01044292 702.6354
0.005731024 874.6966
0.00326607 1144.641
0.008499164 1119.581
0.0112795 1264.264
0.02600093 1293.945
0.01406943 1298.301
0.03561151 1039.665
0.06271753 1139.986
0.06189205 1178.798
0.05524157 1160.036
0.08336531 1195.046
0.05645844 979.8237
0.03142319 1236.421
0.04999785 1207.932
0.05937881 1125.648
0.07349847 1284.333
0.02372354 1191.39
0.02003011 1262.869
0.05649011 1267.211
0.07088284 1147.482
0.03946258 1080.479
0.02790312 952.8803
0.03211782 969.9998
0.04631958 874.2418
0.03525036 995.2201
0.03240582 919.5608
0.04264756 934.5818
0.03617326 951.8778
0.03643708 882.7845
0.04102919 1031.057
0.0568708 902.3494
0.08714009 885.251
0.1023323 793.2061
0.07859243 673.9825
0.06723198 634.9466
0.06489778 550.9228
0.07119176 617.3762
0.07322015 658.2056
0.08052326 863.41
0.08310906 824.172
0.08504341 797.6753
0.07575263 848.5482
0.08786075 840.1409
0.08757227 855.6526
0.05868249 860.2825
0.04767212 891.6377
0.03408859 923.8374
0.03351679 849.0868
0.04437037 832.6172
0.03530477 795.0003
0.03153471 846.1223
0.02853259 837.8297
0.03285467 760.5332
0.04499623 906.3217
0.06945944 946.2232
0.0463147 906.1216
0.04904859 953.4977
0.05248214 894.4463
0.05645962 915.3511
0.04845755 830.3924
0.02828416 855.3455
0.01366986 1065.818
0.007932474 1452.507
0.02314426 1401.517
0.02000773 1470.432
0.01963259 1452.657
0.01826869 1498.953
0.01625186 1524.051
0.009706141 1535.083
0.004659228 1830.093
0.002174337 1569.229
0.002094506 1493.768
0.001894962 1599.814
0.0009612426 1422.868
0.001237235 1431.822
0.02671484 1294.781
0.02306754 1264.56
0.01458045 1379.383
0.007600551 1601.428
0.008600603 1478.392
0.002665889 1574.568
0.0005424798 1560.604
0.0008047769 1279.74
0.001810838 1114.299
0.01335245 1130.77
0.01221479 948.2037
0.007223746 940.3919
0.01123436 1012.972
0.01801957 916.5274
0.02736928 973.3847
0.02509458 920.7173
0.03292317 1085.876
0.02218838 1070.74
0.02424625 1207.932
0.02183448 1227.054
0.02157235 1250.035
0.01491186 1162.308
0.0266794 1162.338
0.01911084 1195.032
0.01133869 1309.314
0.01807136 1290.887
0.01032695 1788.477
0.01637141 1538.469
0.01097976 1605.737
0.005078296 1683.397
0.003977349 1735.085
0.01057124 1380.429
0.008671889 1129.818
0.002215579 1199.697
0.004330534 1229.697
0.006706769 1217.531
0.0134724 1033.358
0.008315101 936.6463
0.0140583 1146.584
0.03083187 1238.603
0.02235058 1242.046
0.0162028 1223.52
0.02533129 1051.631
0.0384509 1083.963
0.01977553 948.1503
0.01989006 899.1354
0.01882004 762.3635
0.03125662 763.4428
0.04252669 728.8843
0.08924413 743.283
0.06392583 690.2013
0.06855172 652.8788
0.07131047 957.9426
0.04464087 1005.576
0.03438156 1120.582
0.04163851 1059.383
0.02720708 789.0383
0.01332423 787.7787
0.02664703 640.8821
0.01528608 547.1799
0.005207388 544.3096
0.002276746 554.9833
0.01536707 541.792
0.03075788 517.8956
0.03526505 517.7302
0.03321484 533.6469
0.0239534 647.9963
0.02155371 653.0343
0.02522126 593.7911
0.02599089 580.1979
0.05947812 511.9751
0.05001346 483.1865
0.04011104 508.4371
0.01960925 555.0972
0.01967755 554.9125
0.0367539 572.1608
0.05255993 659.7041
0.05010332 554.2161
0.08399136 529.9032
0.06307444 496.9636
0.08018929 438.2604
0.07911041 408.5591
0.08075925 448.939
0.05964158 403.5822
0.0688943 419.7142
0.05394982 412.9664
0.0670157 443.7089
0.06759726 421.6552
0.06157452 433.2249
0.1152712 388.7513
0.1092733 323.6258
0.118439 345.1726
0.08398225 344.5814
0.1562901 300.3011
0.1754423 322.8063
0.1293429 287.1809
0.1249067 269.8309
0.1546145 267.8268
0.1198379 295.8179
0.07745863 293.5872
0.09753042 341.1727
0.1153081 338.3907
0.1310979 337.7849
0.0655815 309.04
0.03309613 421.0327
0.02045143 418.9604
0.01490349 470.7873
0.002444134 426.8317
0.00251148 494.6948
0.004728425 487.3452
0.02030197 557.0721
0.01822724 477.9981
0.01322118 468.3894
0.006409382 588.0499
0.01722517 582.4328
0.01478754 507.4191
0.02403501 490.7226
0.02083501 491.6367
0.02029942 458.2957
0.01377679 516.6469
0.0229103 440.1358
0.01423372 381.5094
0.01343279 362.0972
0.01060378 337.1399
0.04178998 371.8301
0.05085064 386.7914
0.04374153 423.8078
0.04608378 378.1676
0.0775677 373.6547
0.05662233 418.6118
0.05887693 527.0591
0.04411066 496.4427
0.04548686 570.285
0.05838228 596.771
0.08628246 506.1874
0.04360935 499.5326
0.04291228 468.3436
0.08077222 463.3736
0.07837043 487.2266
0.0549787 487.0619
0.04755466 419.8328
0.03907012 446.4129
0.03492123 441.4035
0.03863518 415.2486
0.05100386 469.5783
0.02153307 494.747
0.02438291 544.9137
0.02559155 578.7125
0.03675634 503.5522
0.03628492 507.955
0.03321146 471.399
0.03944378 433.47
0.05833878 496.8753
0.05396187 551.4973
0.057248 539.529
0.04694773 642.8431
0.06472885 794.2418
0.07243201 871.9792
0.05190241 753.4126
0.05338937 778.6903
0.07404684 1048.08
0.06140326 1064.418
0.07190742 1056.619
0.05792589 1144.853
0.02595406 1242.433
0.03507025 1251.466
0.02916521 1070.08
0.03100684 1159.256
0.02754365 885.7273
0.03461622 1007.036
0.02849802 988.3001
0.03710191 1250.597
0.04476596 1158.671
0.03140948 1316.859
0.02668729 1244.557
0.0128838 1239.4
0.02576085 1211.59
0.03482172 1221.022
0.03330675 1148.746
0.0211671 1082.881
0.009142316 1115.443
0.00619165 1150.889
0.003065365 1098.667
0.008443898 1144.269
0.008828063 1083.413
0.006515834 1105.028
0.008811441 917.7542
0.003877764 908.0569
0.005789041 842.7231
0.002615837 819.5465
0.004993652 898.0817
0.001700293 997.1851
0.02384154 1026.299
0.01250832 1051.29
0.008908132 942.9786
0.005898171 1046.595
0.01230868 974.8951
0.01330511 1142.111
0.006721332 1143.208
0.01694871 1274.461
0.0333136 1324.604
0.02076829 1344.643
0.03951476 1265.176
0.04543883 1320.047
0.01582749 1188.163
0.004450117 1292.105
0.001276096 1327.853
0.006208792 1387.926
0.01230129 1465.137
0.01687438 1756.324
0.0290212 1691.745
0.03040737 1433.721
0.02560258 1488.443
0.02287238 1615.671
0.02517083 1849.881
0.01836981 1831.451
0.02351273 1715.674
0.0215822 1792.598
0.04060835 1788.397
0.02526841 2226.721
0.01647664 2029.702
0.008612826 1881.891
0.00280066 1783.219
0.002931916 1672.533
0.003392105 1791.538
0.02226873 1798.817
0.006845012 1880.426
0.004571821 1910.759
0.00871064 1801.039
0.02693675 1639.288
0.02201672 1793.257
0.01324381 1820.943
0.01716432 2264.638
0.03029876 2538.048
0.01955066 2998.936
0.01517622 3182.941
0.04633758 2623.617
0.03885058 2108.106
0.02262719 2170.924
0.02607958 2255.895
0.008377763 2483.01
0.002859666 2745.217
0.01417389 2531.113
0.02347173 1763.704
0.01238938 1730.003
0.01558159 1678.479
0.03523314 1759.18
0.02913946 1560.479
0.02657627 1283.621
0.02888226 1418.017
0.03087167 1560.724
0.04246505 1219.408
0.03773628 1432.259
0.02349421 1543.22
0.02691852 1429.716
0.03785541 1358.428
0.03458567 1232.494
0.05101784 1228.462
0.04846966 1018.61
0.08733194 945.5348
0.09621347 787.4212
0.08922512 711.7495
0.06952794 590.6764
0.04585362 591.8996
0.04242477 604.9988
0.0788147 742.4001
0.05319634 825.2683
0.02589398 814.694
0.02378598 802.2508
0.05498085 907.5195
0.055439 905.3233
0.07362869 1013.952
0.07503515 1034.275
0.09507655 1071.98
0.09889516 1048.093
0.07651721 775.238
0.08247468 765.4651
0.08083896 826.1606
0.04643386 954.0077
0.0334372 796.5798
0.01991762 852.9762
0.03224236 877.5487
0.09454847 832.2681
0.1035776 735.5673
0.09368956 671.8957
0.1032981 785.4674
0.1284479 760.631
0.1036375 699.7301
0.08678303 766.3802
0.06483344 567.6067
0.05157619 662.598
0.01694246 684.4501
0.01576764 828.4926
0.01947003 815.7453
0.009947286 878.1794
0.02715943 850.2836
0.02783354 797.7506
0.02061102 819.3335
0.02342912 835.4428
0.0210162 834.8331
0.02344006 741.2775
0.01473455 785.9834
0.01431955 775.8385
0.01369011 997.0197
0.03125268 1025.99
0.0449291 1044.193
0.04428383 1033.483
0.08440758 995.5572
0.0629654 1120.127
0.08001676 1149.143
0.1066751 1023.184
0.1090814 918.9438
0.08427401 824.6111
0.1029882 797.6444
0.1222084 925.8676
0.08657005 842.7282
0.06254765 772.5799
0.06151844 736.9038
0.04943488 799.5825
0.04705425 891.1632
0.030075 829.2922
0.05475152 846.1351
0.0512485 938.6361
0.05073615 951.5222
0.02731915 978.6244
0.06003143 1059.338
0.06464623 1002.664
0.07092742 975.068
0.07180805 1006.639
0.06301073 1124.35
0.07162984 971.5072
0.07318878 1004.321
0.09243312 891.6903
0.08560991 918.3081
0.09088315 830.3315
0.09714161 862.2994
0.06867289 1012.429
0.05760671 1050.448
0.06071626 1196.909
0.04663697 1173.322
0.04562647 995.8027
0.04150611 1243.761
0.0386194 1302.198
0.04574405 1092.71
0.04814762 1141.653
0.04335839 1033.45
0.04913547 1049.338
0.02973002 1053.926
0.04752378 1031.496
0.04095716 979.1947
0.04838544 1136.745
0.06773459 913.1723
0.04979695 751.9702
0.08404547 698.3463
0.1121967 678.0458
0.1090286 655.226
0.1057463 601.3752
0.1177833 543.3082
0.1488874 520.0674
0.15418 522.5036
0.1852466 538.2531
0.1325796 664.0254
0.09031728 718.3516
0.08400589 773.3578
0.05195216 776.6357
0.05195244 732.5997
0.02717799 938.0142
0.03943166 812.4152
0.06811444 808.4051
0.06882294 779.5438
0.06558302 680.3318
0.07558147 666.9497
0.08284461 664.989
0.07671237 709.3962
0.08456962 683.9603
0.08528613 747.1402
0.0820659 743.4698
0.05198877 839.4509
0.06043246 851.3729
0.0299414 709.1413
0.02672558 678.9233
0.03095468 620.7748
0.02781907 606.2453
0.0162241 535.5233
0.01197111 452.5508
0.004587625 441.1958
0.008032508 457.8951
0.00085067 445.6801
0.01027838 474.1001
0.01565495 527.3169
0.02148025 481.645
0.02175535 553.1966
0.01508326 561.503
0.03250746 592.16
0.04142861 597.6571
0.06274549 619.4105
0.02465982 539.0462
0.02779914 492.5399
0.02472359 467.982
0.02922283 473.8375
0.02507778 644.4178
0.02079811 611.0392
0.02042568 572.9361
0.01920688 523.4254
0.0238695 583.8321
0.02799188 583.6839
0.01646082 516.6297
0.02773718 571.0317
0.03866748 466.9099
0.0584567 545.7451
0.07224647 611.4954
0.06078225 665.0064
0.07527758 710.3845
0.09247316 616.3392
0.1065829 615.055
0.087934 696.7574
0.1121698 809.8923
0.1290088 830.141
0.08799223 781.5132
0.08257764 863.0324
0.08718636 913.3003
0.05820752 853.6515
0.05410388 776.8
0.04983733 775.3259
0.04475339 706.0961
0.05092975 782.351
0.07119271 803.8353
0.1006241 738.2582
0.1035395 793.2208
0.08696882 770.233
0.05791133 632.8678
0.06300638 682.33
0.05679294 736.4657
0.02858684 698.8997
0.02823132 766.0797
0.0396358 821.9955
0.03905954 887.3312
0.04705789 1307.348
0.04439715 1378.273
0.04332562 1452.445
0.03489403 1253.461
0.01951521 1097.091
0.02653716 1057.441
0.01744658 1192.967
0.0161632 841.8722
0.02194198 790.0459
0.0300078 784.9002
0.018308 793.8253
0.0207012 810.2305
0.01475961 810.7989
0.02252373 747.1271
0.02755465 706.9387
0.01296419 661.6841
0.00952804 586.9717
0.02175588 632.5728
0.0239178 624.5457
0.02990368 610.2666
0.03717575 655.7862
0.05298156 619.7429
0.0717428 649.3159
0.0344901 594.3601
0.03574656 560.1894
0.03775274 635.4074
0.03201534 588.0101
0.02431889 702.9146
0.03277062 794.5176
0.01482416 804.5732
0.009110456 919.8606
0.01600141 877.9374
0.01311651 851.5869
0.03426621 750.917
0.08334401 739.6354
0.07127005 836.2589
0.07852144 826.6723
0.05713264 848.4774
0.04468493 823.3557
0.0498534 705.6352
0.07110779 731.9666
0.1072409 553.8646
0.07939434 548.4465
0.072112 610.5679
0.08827132 595.7548
0.1175427 595.2038
0.08882015 616.3822
0.09784697 666.9174
0.08812159 607.5856
0.0996882 583.5186
0.09471434 692.0383
0.07470153 635.494
0.08348721 631.7565
0.09390818 659.5485
0.0922564 813.7234
0.09145227 845.7586
0.08862418 801.6922
0.08577289 761.3912
0.06886977 836.7377
0.09158628 784.6475
0.08205269 728.9896
0.09633715 731.3845
0.1144851 679.987
0.102882 660.6273
0.1101143 612.9638
0.1012501 694.286
0.115975 631.4286
0.1326427 696.4202
0.09779307 703.8447
0.1300756 758.6247
0.1462229 721.5996
0.1616884 704.1511
0.1308232 639.2943
0.1024715 573.1671
0.1024431 531.5932
0.06360123 513.0552
0.05313449 458.1426
0.0683838 509.7576
0.08290116 543.5409
0.07013728 528.2821
0.07338978 515.3263
0.07663308 493.6808
0.05727306 456.4163
0.04359505 450.1943
0.04792856 458.3942
0.04419764 490.4264
0.1039052 599.0786
0.095453 594.7457
0.08513632 597.5617
0.1106802 654.3433
0.1013897 668.5403
0.08358103 629.6359
0.06931645 616.1352
0.07837082 686.4802
0.05281596 642.5195
0.06911257 682.8138
0.1080306 702.9895
0.1404058 683.0982
0.1650888 622.8501
0.1107804 762.1616
0.09406635 785.3059
0.09898718 907.8147
0.06180093 870.2908
0.06310497 707.1959
0.02239647 695.5507
0.01938731 812.0106
0.02190537 961.9481
0.03878317 860.408
0.05271399 901.876
0.05156168 1097.168
0.06116006 1088.896
0.0625034 1010.039
0.09296894 1177.812
0.07867498 1121.358
0.06039036 1150.16
0.07348019 1162.73
0.07765545 1115.528
0.05137327 1255.185
0.05913187 1288.345
0.07985602 1212.526
0.05638714 1193.976
0.07759662 1163.321
0.06187554 1349.416
0.05903837 1162.851
0.02458849 1160.272
0.01685037 1049.338
0.02012167 1188.477
0.01956186 1187.865
0.02628086 1244.146
0.02234342 1205.231
0.0170387 1266.657
0.007111365 1305.17
0.006157662 1635.873
0.0106249 1676.296
0.02059713 1456.449
0.02419488 1541.257
0.04721224 1172.02
0.04287056 1578.445
0.0547153 1873.594
0.04557052 1889.99
0.01547932 1426.069
0.02145243 1388.516
0.01357238 1535.058
0.03395104 1466.833
0.04139153 1262.934
0.01596878 1343.336
0.01180362 1533.004
0.01357659 1553.79
0.01577575 1716.258
0.01654251 1560.636
0.01736901 1460.337
0.01571401 1556.804
0.01934101 1302.629
0.01196911 1271.573
0.01097743 1193.955
0.0163008 1331.737
0.008999395 1060.36
0.02392322 892.1389
0.03027536 882.5155
0.02327874 878.4633
0.02317538 887.8568
0.01105785 805.9734
0.02060932 734.6026
0.02271198 781.5049
0.04113446 967.4371
0.0200926 1056.928
0.03119404 1083.73
0.02186921 1061.216
0.02399782 1218.457
0.04014739 1057.02
0.04584899 1052.581
0.02495066 1021.21
0.04495871 1094.962
0.03944027 1280.569
0.0255128 1221.078
0.02324458 1387.48
0.02476422 1241.994
0.02516329 1129.225
0.03236117 1173.263
0.03588284 948.2141
0.02895091 871.8653
0.0406429 926.4494
0.04032885 946.9959
0.03937231 851.4091
0.02279543 753.4941
0.03230816 722.6916
0.04443201 701.1681
0.06807683 710.4749
0.0664963 648.0981
0.09229899 553.6378
0.05772153 566.8794
0.05458253 605.1287
0.05335255 588.3998
0.05321238 614.6266
0.06978934 667.5086
0.05612361 661.2418
0.05210136 656.6996
0.05009068 656.2352
0.05330621 687.645
0.06077146 713.4132
0.06595569 694.3497
0.0788501 864.6475
0.09102896 645.8088
0.0840176 625.8162
0.0794947 597.015
0.09040167 575.0041
0.1153055 421.7085
0.09489133 429.9447
0.06946884 413.234
0.1080491 488.0832
0.1453047 464.5276
0.1894563 421.7909
0.140594 532.1227
0.09204889 580.6079
0.08628594 563.7431
0.09399983 568.8073
0.1021004 521.0837
0.1152231 597.4578
0.08806751 680.4947
0.1124434 697.831
0.07781471 883.0022
0.03737427 1070.927
0.02441614 1050.606
0.01602839 1238.313
0.01773177 1160.105
0.02345549 1038.892
0.01911877 967.5896
0.01944298 889.9229
0.02167198 837.6548
0.0395882 676.0172
0.05727944 761.0109
0.05512933 749.6171
0.07969505 858.7253
0.08474867 786.918
0.08792714 707.2065
0.08070524 856.5653
0.07634077 742.3884
0.05872602 722.7243
0.08211581 747.4105
0.0824323 679.6199
0.05813896 711.2049
0.07653151 799.913
0.05315532 980.3799
0.06008066 826.1009
0.06854533 768.9026
0.07816884 674.2537
0.09484659 594.6137
0.09801577 586.8331
0.1071732 621.6797
0.1171228 703.011
0.1319511 587.5656
0.1311695 553.0759
0.13437 543.393
0.1519575 525.4627
0.1656048 547.7737
0.1536354 555.0198
0.08957789 625.6156
0.1153322 599.276
0.1133401 626.4588
0.1217552 631.8967
0.1042778 541.163
0.126673 595.8325
0.1055041 639.4332
0.1197469 692.8932
0.08369897 590.2874
0.08685427 623.1392
0.1093295 489.3702
0.1159543 501.9812
0.09420778 581.2774
0.07608628 649.262
0.04619641 540.9677
0.06629761 585.3849
0.07898212 578.9111
0.09211487 623.1083
0.1206783 690.9578
0.1420178 705.6611
0.1244484 647.6492
0.1041622 613.2532
0.1199171 596.9038
0.1180743 600.5814
0.09565412 541.8358
0.0923345 527.3546
0.0888937 541.9891
0.07755514 551.4632
0.06284214 545.2611
0.07283582 560.7353
0.09007367 612.4548
0.06164774 540.1359
0.05716888 659.2041
0.08833493 698.1216
0.09890701 790.6098
0.1303876 676.4688
0.1225661 635.0323
0.08879653 711.2045
0.06282346 657.5024
0.04494782 663.7249
0.04121893 616.3794
0.03130144 626.889
0.04484196 679.7191
0.04760465 662.9972
0.05200745 577.7711
0.05832131 618.6982
0.08161973 611.8113
0.0875047 631.7708
0.06724406 721.6337
0.04418064 816.5174
0.08204864 983.1871
0.0764572 1076.671
0.063803 1183.427
0.05261502 1190.361
0.05406788 1012.022
0.03180104 1354.343
0.03241335 1322.849
0.01975264 1346.418
0.03576935 1262.216
0.02457258 1194.826
0.01170702 1237.239
0.01208126 1354.899
0.007003717 1311.493
0.01433782 1132.145
0.01031762 1113.145
0.01375996 960.1613
0.004693713 933.9795
0.004765283 878.8037
0.004348615 962.0505
0.005457009 1041.545
0.002725358 958.1132
0.02844556 999.8474
0.03127168 927.0945
0.02114428 953.8653
0.03088709 943.2921
0.03479496 842.2486
0.02580966 792.3818
0.02130272 769.8486
0.01606691 787.1354
0.02168293 676.7518
0.04149114 740.0878
0.04685 768.4793
0.05649088 851.5794
0.04969926 892.5648
0.04846368 814.3848
0.04191919 800.9263
0.05638891 810.8392
0.0517322 853.4496
0.03589493 892.5092
0.04299102 880.4326
0.05338498 862.5965
0.07022145 670.8906
0.06613107 705.9174
0.07068551 680.4665
0.07097802 672.9953
0.07039355 540.8311
0.08178356 606.6866
0.09602569 649.4169
0.1182571 676.8529
0.1264287 601.253
0.1352329 547.7411
0.1921228 424.1486
0.2021801 422.7344
0.1933385 421.8219
0.2112269 401.4965
0.2408358 459.2982
0.2471103 439.8549
0.2149545 498.4983
0.2085327 520.3614
0.1731505 634.0797
0.1560453 555.5323
0.1042521 694.3858
0.1244841 659.5047
0.1813725 687.0889
0.1593479 521.6974
0.1262777 501.75
0.102579 475.1699
0.07090002 380.28
0.05211099 355.4703
0.04916771 404.8216
0.05659473 323.4872
0.04982498 311.7097
0.02999636 421.2317
0.0384903 393.2301
0.06430377 402.8763
0.04410039 343.7151
0.05859161 400.2238
0.06605266 382.433
0.06574424 417.9167
0.0824219 455.428
0.06925439 499.4187
0.06831667 479.0571
0.06516207 452.6968
0.07774718 464.0369
0.07350935 469.1809
0.09146579 458.5373
0.08617121 543.7493
0.08370417 621.6566
0.08952075 745.0838
0.09813975 853.9903
0.08065973 1004.963
0.06850194 943.4983
0.07706955 804.2771
0.0621247 824.5212
0.0503808 736.1245
0.04676212 702.8883
0.0417978 716.4129
0.06629488 611.9848
0.06398862 508.244
0.04617423 555.2823
0.02707284 668.9547
0.0739793 717.7459
0.08007398 752.6542
0.0789483 858.626
0.07379408 826.6109
0.06214356 784.3183
0.0573027 695.6281
0.05295215 657.633
0.06148715 574.6823
0.04827273 629.8835
0.03188634 638.9
0.02476312 651.7554
0.0108469 615.8329
0.01208025 718.2198
0.01775135 745.2955
0.01447161 746.5384
0.004176422 838.5668
0.002851453 832.1395
0.002748314 799.2094
0.002508603 708.7171
0.003715833 792.0592
0.002441486 786.9234
0.003218999 1104.871
0.01072268 926.9031
0.009108037 949.7474
0.005503426 1167.064
0.005877405 1127.653
0.005890109 1124.543
0.008074959 1080.807
0.02140154 1026.888
0.04141769 1008.656
0.03491201 891.9589
0.006504406 857.3837
0.007687573 730.3154
0.01643078 768.0357
0.0055255 783.1622
0.006714856 828.1443
0.001571955 1081.545
0.004498574 1063.734
0.007870206 1035.334
0.005811772 1038.398
0.008699651 897.0264
0.004488774 1118.021
0.007270651 973.8993
0.005694416 1347.164
0.01761785 1255.613
0.02039165 1149.57
0.02549243 1026.183
0.02560186 963.9947
0.0271242 961.6606
0.04604942 957.2164
0.03900351 850.7439
0.03530578 867.1243
0.03406457 799.5551
0.02664739 798.5174
0.03269623 759.9742
0.01956526 623.7371
0.03529261 564.524
0.02367371 517.8768
0.0160276 583.7213
0.03545653 587.3795
0.03318778 628.3202
0.03363676 606.2885
0.04140981 645.0938
0.04180063 586.7748
0.03528266 581.3644
0.03226943 709.8242
0.03316745 641.5578
0.04998523 701.9761
0.03915958 720.2917
0.02633568 629.6061
0.02626094 634.1841
0.02463222 588.0882
0.03494639 614.1442
0.02919653 655.7436
0.02851539 649.0038
0.03014994 659.8582
0.03543176 655.1664
0.04126555 658.2898
0.02670261 631.2178
0.04270631 696.8228
0.03187221 611.4744
0.03678245 484.2313
0.02814566 527.8266
0.0132536 508.942
0.009926906 490.1924
0.009726353 443.9648
0.01145272 455.1487
0.02187097 502.7966
0.01893512 459.9919
0.02716406 478.7444
0.01426989 524.5549
0.002175904 520.1962
0.007219882 559.6899
0.008958794 539.9018
0.009917049 521.465
0.01167622 616.995
0.01355078 526.0766
0.00748683 514.2073
0.01664055 534.1198
0.03541362 629.9914
0.03647211 714.002
0.04645543 695.7366
0.04957187 748.7784
0.03764919 720.0029
0.04988618 732.1532
0.04216631 708.1455
0.0487097 791.6438
0.07695456 773.8682
0.0663934 785.9617
0.06661516 711.3806
0.05846898 704.9978
0.07565034 721.8618
0.03884911 774.8871
0.01194337 862.8548
0.02117592 1009.028
0.02989453 962.3898
0.00406971 966.6921
0.00700239 865.6834
0.02126293 762.4191
0.01830493 680.5475
0.02455097 643.5886
0.01603922 694.8533
0.01521861 767.2314
0.01742079 825.547
0.0459491 879.3281
0.0461652 889.4009
0.04314983 878.0518
0.04853172 998.5147
0.04055855 963.2623
0.05563914 1025.029
0.08140078 927.8399
0.05648158 971.1795
0.04952341 921.4745
0.03163049 933.2033
0.05699351 1087.249
0.05021682 1078.038
0.03468177 1123.014
0.01954555 1209.578
0.02070486 1084.293
0.02304071 1309.506
0.01648847 1068.88
0.01819573 813.7022
0.03664987 728.4076
0.03337565 881.4543
0.02677915 955.8929
0.0210851 775.2255
0.04270379 857.2203
0.04707769 1021.522
0.07404022 924.9777
0.03330678 1062.499
0.05994241 1220.61
0.05236347 987.4682
0.07308581 964.4847
0.05371026 1107.57
0.05720378 1034.159
0.02802857 1196.259
0.02731588 1229.972
0.04568115 1190.766
0.03621398 1147.303
0.03212121 1178.515
0.03910149 1195.645
0.04753373 1197.407
0.03568577 1068.23
0.02991622 1174.162
0.03406782 944.7838
0.04170741 989.296
0.02559615 1063.057
0.01844428 1030.006
0.01124351 980.8925
0.03063051 900.6612
0.01688403 942.884
0.0494232 928.9879
0.05552946 1042.973
0.0410656 874.9727
0.02474451 1138.736
0.01341539 1178.023
0.002753533 1462.881
0.007221493 1317.36
0.006364252 1206.105
0.02136994 1127.432
0.01994795 853.1538
0.0148581 832.4615
0.003780927 831.4374
0.001152155 908.2951
0.002449602 884.7191
0.01981699 745.268
0.01116791 904.9252
0.005506742 932.503
0.01390037 1121.6
0.02892708 1246.308
0.01623807 1147.269
0.01045743 883.4753
0.0089954 939.6807
0.01397113 964.5074
0.001823738 839.2767
0.002720781 821.0996
0.002955864 849.452
0.006763339 775.9915
0.002568065 821.5241
0.01194102 817.4359
0.009244205 930.1433
0.02549611 905.4345
0.02678056 990.1876
0.03792977 1109.346
0.04385105 1183.643
0.04078523 1063.813
0.0466875 875.8945
0.03026609 800.0698
0.03693901 783.5358
0.04077956 758.7671
0.02433673 827.174
0.03828004 948.5233
0.03366662 1044.586
0.04443243 1041.423
0.04087622 1097.717
0.05462317 1121.917
0.05277596 918.0155
0.03786128 835.7735
0.02258428 945.6686
0.03079359 973.9562
0.04979389 1093.412
0.07128834 1088.792
0.07036407 941.9879
0.08497183 994.8706
0.05058431 979.1389
0.03073542 1059.134
0.01962091 876.865
0.02863189 768.8872
0.02314209 678.596
0.02353175 743.5885
0.02911264 800.6407
0.06185869 646.5021
0.0390556 572.4038
0.04625987 514.492
0.03897759 464.0098
0.04522735 473.4923
0.05730159 613.3059
0.07045668 576.9475
0.08393358 487.2385
0.06227677 491.2665
0.06788492 442.3727
0.05920907 520.3157
0.05208346 502.5218
0.04859265 495.196
0.03062924 421.117
0.03894601 466.0809
0.05055375 528.8441
0.07140217 552.9786
0.07115058 604.4809
0.06621505 608.7408
0.07097951 590.9661
0.07504682 649.4164
0.06512963 697.5483
0.04255939 767.1238
0.03201641 754.0955
0.02371251 801.6204
0.04920369 938.7734
0.03231612 929.0894
0.03874536 977.7581
0.04969815 965.2722
0.02215417 985.18
0.03191038 1071.235
0.03801805 1120.452
0.02777486 1011.345
0.02683565 764.419
0.02682855 795.3904
0.01804234 834.3217
0.02499559 836.022
0.03647274 880.1404
0.05041939 796.9887
0.0370937 832.7016
0.0325273 788.4156
0.0272578 783.7135
0.02753479 660.9008
0.02406802 807.2347
0.03609653 758.4356
0.04066171 830.1261
0.0489171 745.4437
0.04743719 680.9604
0.05025085 706.8672
0.04868147 808.2814
0.04352255 851.6642
0.04247344 816.871
0.02445239 797.6625
0.03052707 862.5981
0.02305423 832.9303
0.03015191 1004.725
0.03347896 1177.524
0.03331038 1271.81
0.04078971 1437.28
0.02932512 1272.371
0.00886796 1425.408
0.001328693 1368.475
0.002948769 1244.859
0.005597059 1251.566
0.002609051 1340.553
0.009106834 1201.828
0.007187201 1183.134
0.002918336 1107.884
0.007625594 950.4525
0.0005733072 910.9708
0.007881159 727.4383
0.01579407 689.5192
0.01845093 655.4316
0.01015021 703.9501
0.02692551 671.9773
0.03010092 625.5082
0.04562913 666.8536
0.04391669 620.1582
0.03044422 564.7325
0.02786158 579.9075
0.04295968 590.0269
0.04934525 529.9864
0.08077424 524.2813
0.04074266 507.0868
0.03469534 584.3802
0.03534719 669.8352
0.05741214 685.7125
0.03637527 786.8587
0.03174423 959.3271
0.01569724 971.7275
0.008815609 1111.387
0.01048406 1264.793
0.02685986 1077.014
0.02047889 1213.557
0.02730975 1020.392
0.02021918 905.1611
0.01741177 891.5073
0.009541927 850.1248
0.02135139 1055.367
0.02051142 909.0503
0.02219454 1072.077
0.01778676 1045.425
0.002578208 926.1843
0.002432843 802.3275
0.00365518 736.8577
0.01075854 747.0209
0.02597623 761.6655
0.04611832 632.7161
0.06086438 523.3536
0.07324888 547.1338
0.06145802 524.4351
0.07069365 514.5117
0.09591928 531.5017
0.06987469 589.7312
0.04462085 614.9042
0.05126077 679.0543
0.05235587 721.0154
0.051602 719.1387
0.03418756 634.1223
0.06371385 678.4941
0.04876819 540.7887
0.03656573 662.801
0.02326599 668.3297
0.0278107 654.9664
0.03043709 765.6438
0.03724745 783.0273
0.0301973 738.1511
0.01608675 667.1576
0.02554076 640.0911
0.01275258 714.3011
0.02237016 639.2692
0.01947352 662.4783
0.01875643 594.9943
0.03001928 667.9102
0.03049817 636.5685
0.02146459 663.5354
0.03227648 769.0474
0.05233534 612.2101
0.06339283 632.3448
0.07405974 619.3259
0.08099366 544.1085
0.08586925 620.6507
0.03713049 588.2387
0.03774475 653.5342
0.04864089 574.5574
0.06371469 533.9844
0.05842892 450.5145
0.04823645 504.8878
0.03465344 546.306
0.02346617 542.9953
0.03692085 498.1162
0.05651245 489.888
0.03634211 499.8088
0.02987529 548.0526
0.02739843 435.9413
0.02616475 438.1743
0.01882095 411.5797
0.0112149 355.8733
0.02765667 311.5203
0.05190414 337.134
0.04895245 377.4405
0.0521612 342.2117
0.06226317 317.3293
0.06673208 315.0887
0.1040173 307.7323
0.1033605 327.1862
0.09074198 378.9124
0.06805291 351.797
0.06763722 351.3608
0.05136619 409.6295
0.06030346 444.7205
0.05406743 517.1899
0.04401645 452.893
0.07820017 520.069
0.06266843 535.8639
0.06794982 577.8585
0.07254649 710.1997
0.09201244 637.0912
0.0629371 665.057
0.07361297 612.8704
0.1148515 670.1127
0.1000769 551.2967
0.1030797 576.8014
0.1099199 540.4278
0.08437813 497.279
0.06401087 478.9926
0.1208821 546.4522
0.09418006 454.1831
0.1178171 503.6775
0.1088455 598.7258
0.107841 717.8967
0.1013971 628.4289
0.1283319 569.0464
0.1307877 505.4436
0.09421543 485.498
0.056612 433.7882
0.06485616 381.4651
0.04694545 504.3106
0.07512302 463.099
0.07155481 489.0698
0.06136795 455.8217
0.03463489 404.8703
0.03215278 390.2947
0.02532164 383.2899
0.04226939 385.8456
0.05165753 369.2326
0.07137374 396.7154
0.08850137 436.9512
0.08065315 467.8623
0.04449057 593.4894
0.05993202 557.6864
0.05469603 633.7416
0.05731802 693.1361
0.04579299 635.2576
0.05797572 587.191
0.06705316 560.8046
0.1238742 631.0016
0.07373937 524.4942
0.06895996 640.9198
0.08752963 668.0173
0.06085906 750.6349
0.05039405 653.8337
0.07623042 693.9072
0.09818449 657.7314
0.08347142 723.4304
0.05947488 935.5165
0.05448582 1009.762
0.04364496 950.1757
0.03673007 1089.493
0.03351655 1128.75
0.03133254 1230.845
0.06144827 1077.89
0.05446748 1099.801
0.08422834 942.6152
0.08425169 974.3742
0.04582605 1031.704
0.03931348 1084.798
0.05311632 1112.405
0.05357579 1034.712
0.05562429 965.98
0.05689129 1049.751
0.04815773 1151.675
0.03843222 1237.353
0.04009379 1253.232
0.04222108 971.2665
0.03357624 889.5735
0.0355043 930.0632
0.0127479 877.3469
0.02586009 785.8768
0.01443666 792.0761
0.004040353 729.6067
0.001067666 701.1441
0.002287261 665.1994
0.006806409 636.6189
0.004751913 603.1219
0.001029539 682.12
0.0005503783 689.2975
0.001492749 748.5965
0.01597302 719.827
0.03337012 586.173
0.02391198 664.9899
0.01685182 555.7886
0.01985263 498.8757
0.01831264 461.5463
0.009831437 538.34
0.006085179 533.8349
0.01640229 465.9873
0.0117513 435.8443
0.02830121 478.4455
0.0551058 452.3758
0.09037261 455.4198
0.08579246 407.5531
0.1052553 453.4831
0.09428077 458.1833
0.08371615 485.9739
0.09596179 502.6553
0.114554 498.5169
0.08037692 513.8925
0.09407885 467.3487
0.06475131 534.3052
0.04714977 498.8568
0.06348586 472.8361
0.07490351 434.9844
0.06565404 450.4048
0.08147876 423.039
0.0814496 406.6501
0.06754774 487.8273
0.07853895 477.2619
0.06159823 454.6612
0.07628823 387.6787
0.07683224 434.0966
0.05746554 492.7499
0.09914274 597.0501
0.0763496 549.7073
0.05108831 635.1892
0.05849776 645.1095
0.06401052 733.8291
0.05576681 690.3792
0.03376977 759.086
0.0160351 746.3205
0.007179856 729.852
0.02151025 740.412
0.02134245 565.5496
0.04266944 491.7773
0.04830443 446.0601
0.05198367 462.0603
0.05475638 447.3261
0.05760596 446.4311
0.04247694 467.4849
0.05872489 460.541
0.05305154 493.0654
0.05608508 490.0708
0.04912984 475.2936
0.05681024 423.7432
0.06325751 447.8178
0.07097457 447.4076
0.08371907 506.694
0.06566603 567.3902
0.09728953 567.5827
0.0669734 612.2801
0.07805325 729.6714
0.0892541 685.9449
0.07517758 689.1832
0.05311617 626.7895
0.06406739 743.4131
0.07787834 861.9939
0.05437847 861.8886
0.07295825 796.3791
0.0621444 920.9213
0.07252112 900.9486
0.0378162 1114.08
0.01519826 1167.186
0.01950349 1070.64
0.01286531 1158.303
0.02136821 1187.959
0.01551838 1281.285
0.01101432 1321.142
0.01212565 1245.112
0.02587972 1393.145
0.0277333 1922.286
0.01292841 2100.49
0.003662182 2051.283
0.008491144 1998.225
0.00413948 1847.931
0.006931146 1878.067
0.008252449 1887.168
0.01284701 1916.578
0.01295655 1751.965
0.004116155 1851.174
0.00424625 1718.114
0.001049188 1709.857
0.01445423 2042.458
0.02300308 1856.368
0.04914347 1825.703
0.0476287 1893.735
0.0564906 1610.389
0.04956179 1862.187
0.0515247 1748.704
0.03759298 1592.638
0.04730116 1342.623
0.07508867 1324.605
0.0392604 1351.624
0.04220284 1407.486
0.03106909 1277.205
0.02991515 1539.536
0.03080326 1578.275
0.02843359 1739.216
0.02249416 1635.142
0.03798501 1408.578
0.04705655 1439.34
0.04738329 1506.052
0.03182078 1643.407
0.03502659 1491.686
0.04201246 1615.906
0.03333919 1544.029
0.0424745 1322.797
0.04880328 1296.432
0.03036975 1190.766
0.04053131 1270.444
0.04484632 1191.833
0.04624512 1061.133
0.05588928 1284.103
0.07992899 1157.464
0.05803669 1154.901
0.06456011 1161.822
0.07118172 1005.331
0.06713504 1039.386
0.07245631 938.4134
0.05850341 1033.542
0.05255586 1043.679
0.08569305 936.5613
0.1303523 1005.835
0.0804843 1026.699
0.08529255 1018.783
0.05401066 1089.931
0.05019608 991.2376
0.05915928 938.1198
0.06378937 992.0988
0.04508125 906.8167
0.0629012 896.4167
0.07417878 864.053
0.06699925 753.4187
0.07355803 820.9987
0.0762531 708.4672
0.08502337 925.3597
0.1179913 1016.121
0.06674443 934.1652
0.06176052 1015.848
0.05698159 899.383
0.05676656 1001.9
0.05321398 905.7364
0.05995807 854.2993
0.04432908 887.2815
0.05019499 898.9984
0.07041077 890.0335
0.06432201 779.0231
0.03694822 687.3692
0.04089779 620.5717
0.01784693 650.567
0.02549407 707.2763
0.04487533 745.1577
0.02572687 934.9685
0.0270255 958.7609
0.01380406 959.2242
0.04209628 992.5659
0.04656976 1239.943
0.04645048 1199.929
0.0453657 1186.593
0.0298814 1203.299
0.04678658 986.7442
0.04072424 842.6511
0.03971725 965.5314
0.0242425 1088.733
0.0422549 1186.252
0.03111021 1123.042
0.03349219 1444.507
0.06794007 1449.445
0.04826168 1176.703
0.05240229 1245.801
0.0464746 1077.132
0.05978624 870.9679
0.06671131 871.7967
0.08272737 886.3393
0.09552373 896.6684
0.1218038 876.6659
0.1000422 1013.059
0.05214754 994.2166
0.0349194 1239.061
0.04563612 1222.668
0.03439335 1154.427
0.01846277 1192.269
0.02164489 1163.886
0.01908945 1394.536
0.02688881 1319.275
0.03726838 1375.55
0.04350484 1211.42
0.03359736 1339.21
0.01475674 1513.474
0.01420756 1869.651
0.03621732 1901.61
0.0287105 2021.202
0.03619782 2156.688
0.04227645 1862.606
0.05541817 2013.625
0.03889534 2152.875
0.03230976 2457.649
0.01432545 2446.944
0.01277286 2335.969
0.005724815 1934.968
0.005447458 1823.35
0.004609549 1636.518
0.01013856 1610.289
0.009838202 1765.187
0.001072971 1948.303
0.009233444 1955.769
0.01261601 1765.808
0.02138206 1891.669
0.0260065 2028.62
0.02740944 2411.224
0.02186704 2604.103
0.02598003 3159.858
0.03080279 3108.309
0.02311962 2992.228
0.03223108 2765.19
0.02191099 2481.714
0.02775801 2288.224
0.02738862 2554.241
0.02532661 2640.866
0.02381556 2953.802
0.01799952 2911.762
0.005442153 2550.228
0.002619705 2359.949
0.008283518 2341.701
0.00477363 2524.289
0.004234977 2487.114
0.002651673 2385.469
0.007724145 2358.955
0.00757007 2838.016
0.00344308 2657.809
0.002040378 3193.963
0.0006737526 2708.63
0.005958058 2684.244
0.009499983 2685.539
0.006376015 3076.611
0.02300617 2836.346
0.02368675 2655.941
0.0368553 2844.722
0.01828333 2830.833
0.02014059 3026.98
0.004248713 2794.615
0.001937277 2654.856
0.003249605 2302.556
0.00492811 2235.784
0.006713941 2276.933
0.004983174 2004.964
0.01527664 1886.374
0.02969523 2001.836
0.02465799 1687.683
0.03887171 1602.451
0.02666517 1352.997
0.02742391 1147.714
0.02199029 1288.94
0.03477898 1236.615
0.0182942 1345.321
0.02455656 1477.028
0.03089929 1258.558
0.02666297 1473.695
0.03191462 1225.153
0.05933183 1216.726
0.07136584 1147.143
0.06033695 1021.957
0.06613549 834.8977
0.06680814 787.9702
0.05168116 775.9047
0.04111968 674.6619
0.05788688 838.0404
0.06353248 804.2717
0.07917497 690.3202
0.06052359 635.5822
0.04408707 765.5927
0.04785882 731.4186
0.04847307 790.3892
0.04150363 823.5784
0.04649613 874.7325
0.05418437 817.1163
0.05370937 743.1718
0.06361955 813.0136
0.05180714 709.6479
0.08039087 688.1684
0.09875239 814.8673
0.1493591 894.2561
0.08395026 797.6892
0.08864996 687.2312
0.07988393 786.3281
0.1017294 827.6048
0.1109977 780.6682
0.1520052 868.3363
0.2079377 773.2348
0.1696391 837.0507
0.1602993 703.8849
0.1278817 612.3705
0.1100192 710.2351
0.121612 746.9734
0.1538749 763.6889
0.1542326 893.6814
0.1269513 752.0351
0.1088202 750.3508
0.07245472 782.4209
0.06937376 761.4017
0.08112274 701.2597
0.05970471 728.4313
0.0691372 678.2204
0.05599477 614.7269
0.06375076 722.9185
0.07870546 830.9258
0.09871313 782.9101
0.08408506 855.1427
0.08431044 743.1658
0.05040604 627.5089
0.05268777 572.1432
0.0286773 676.8626
0.04908057 733.6795
0.03865932 669.5295
0.03503927 642.7984
0.03871028 607.5885
0.04761335 582.5669
0.03543238 587.2997
0.05836346 458.0275
0.08282672 473.9577
0.07898156 496.7707
0.08583682 533.9169
0.04069676 536.0885
0.05230543 516.0375
0.0790124 527.0494
0.07980054 509.8382
0.07803577 584.1115
0.04203639 595.6823
0.06863788 582.9842
0.07781863 629.1131
0.06221997 585.2627
0.03620799 699.4765
0.04093508 604.3813
0.03932167 640.2061
0.06042509 657.2089
0.08777304 598.8224
0.09106994 487.2617
0.1417787 433.1511
0.1337066 490.6343
0.1412501 522.1
0.1387438 527.0984
0.1836491 619.8996
0.1695552 684.81
0.1107126 785.512
0.1190344 833.0257
0.1494877 669.1587
0.1531971 584.4922
0.1675425 518.2995
0.1640511 515.8485
0.1383931 531.0867
0.1102861 599.7638
0.1313622 614.2508
0.09087919 620.2694
0.05671846 703.4325
0.08510174 683.5668
0.06504919 677.4533
0.07100999 745.0494
0.06713454 739.736
0.08938439 781.1355
0.0779902 800.9827
0.05035146 686.3108
0.05219351 678.6832
0.04049747 599.144
0.03395818 550.0018
0.02736498 407.4432
0.0157923 387.6138
0.01353008 426.3543
0.01873319 430.2715
0.01136762 419.4276
0.025101 473.7949
0.02508108 460.6279
0.03323694 496.8469
0.04309771 486.9475
0.05365502 519.0386
0.06063888 539.7749
0.07300375 611.7134
0.04746172 587.5593
0.06200173 595.0944
0.08418717 500.4147
0.08147987 515.2495
0.06944086 545.8669
0.05521625 551.5797
0.02819409 646.6734
0.03891558 649.8782
0.03717966 650.9713
0.03688923 763.8535
0.01358577 641.9225
0.01372812 594.6991
0.01304874 870.53
0.008497545 728.4941
0.01401539 723.8301
0.02826327 689.1671
0.03590824 650.5005
0.03998646 709.7223
0.0597571 722.2129
0.09252792 705.5413
0.09946135 683.0177
0.06794797 755.1914
0.07243268 761.712
0.05099941 791.7275
0.03687908 680.9326
0.03057515 677.9175
0.03123298 735.2684
0.05033178 802.276
0.0418067 947.08
0.03419801 945.5422
0.03231297 936.5254
0.05090775 940.3674
0.0480284 1051.124
0.04096883 1029.089
0.04521676 1117.955
0.02867559 1181.109
0.02276034 1224.961
0.02673945 1005.81
0.02757851 1100.49
0.02163545 1257.541
0.01196345 1203.705
0.02082907 1171.84
0.02652028 1035.975
0.04054893 999.111
0.032267 1210.496
0.04826834 1347.001
0.04250082 1376.52
0.04653975 1389.593
0.05924444 1244.468
0.0768198 1273.032
0.06881982 1227.556
0.06883286 1288.527
0.05239327 1461.149
0.06935982 1502.527
0.05692469 1563.421
0.05585293 1626.522
0.04683881 1682.662
0.06515627 1876.534
0.06787887 1573.972
0.06588817 1365.063
0.06926509 1523.806
0.05788046 1311.03
0.07561456 1205.871
0.07340674 1190.008
0.05966467 1265.758
0.06479449 1098.702
0.05765797 1032.736
0.08205431 1152.122
0.06220901 1007.456
0.04465836 918.4994
0.04358906 932.7099
0.03312503 1008.857
0.03820105 1271.616
0.03739343 1121.62
0.01114209 766.536
0.0202801 784.1638
0.03594384 713.4888
0.04704697 764.0517
0.04479942 755.7057
0.04199105 752.9322
0.05375192 865.648
0.07257308 845.2878
0.04291507 1012.246
0.02750931 999.0526
0.05322755 1091.671
0.05148351 1261.986
0.05992349 1187.048
0.04743157 1368.678
0.04181651 1370.133
0.03259132 1563.211
0.01538602 1304.463
0.02203831 1265.971
0.01160436 1190.946
0.01784619 1480.763
0.01966338 1402.944
0.02534702 1612.679
0.007144627 1893.582
0.01384884 1741.739
0.01224985 1593.806
0.01276978 1576.686
0.03527593 1703.109
0.04303271 1829.658
0.04166606 1702.299
0.02023796 1799.364
0.04567715 1777.299
0.03335496 1786.231
0.02181379 1838.868
0.02590875 1876.281
0.02604883 1759.86
0.006497286 1798.272
0.005441688 1673.305
0.00172711 1359.902
0.01445546 1233.335
0.03099328 1827.864
0.01394843 1520.557
0.02419241 1330.473
0.03190313 1521.057
0.01732987 1371.157
0.01427179 1345.46
0.02684576 1394.735
0.02690923 1444.132
0.03533839 1235.271
0.02282569 1349.715
0.0001617023 1684.568
0.01013126 1669.803
0.018391 1884.652
0.02703418 1826.931
0.04988145 1876.071
0.05060433 1636.533
0.0574644 1567.517
0.05732773 1603.206
0.06760693 1291.984
0.07757834 1459.972
0.08527105 1398.727
0.07743366 1257.825
0.05021365 1062.12
0.05016888 1005.858
0.04355979 1048.226
0.06102252 977.6113
0.07003242 918.5644
0.05899825 879.7953
0.04668112 869.4336
0.04950114 895.1415
0.03334391 861.9978
0.04933454 1126.841
0.01963862 997.3284
0.02629006 835.5105
0.01175075 879.039
0.005647844 771.7396
0.0005628302 686.6993
0.006764787 770.8598
0.005053592 605.6344
0.003125322 518.7063
0.009227391 495.7724
0.009144843 568.0792
0.01309331 655.3333
0.004614204 520.0416
0.00414294 632.139
0.001543042 649.3724
0.01304665 614.8892
0.01592456 727.2257
0.009046819 706.3954
0.004930709 761.572
0.01354008 893.1049
0.01917216 885.3673
0.02232564 837.5506
0.008815066 770.5012
0.02013513 798.5822
0.05026585 879.9409
0.03138469 788.401
0.03163183 847.5665
0.02217871 775.7892
0.01394998 883.077
0.02060935 890.0279
0.01343357 1036.02
0.01606003 959.4946
0.01412941 954.2187
0.02130321 1032.777
0.03585716 997.17
0.04365039 1076.163
0.06016235 1205.868
0.09571442 965.4147
0.07593559 1140.033
0.05806017 1087.487
0.04610826 1111.851
0.043979 1128.72
0.02465214 1102.126
0.02338912 950.0704
0.02508265 936.4927
0.03125891 999.2973
0.01980824 901.6622
0.01983439 961.5055
0.007913221 853.4309
0.01588403 865.7244
0.02467712 886.2213
0.02807452 869.9213
0.04465681 957.2455
0.07998898 949.1057
0.0749433 943.9662
0.04653542 910.651
0.05853163 996.847
0.1171181 835.9075
0.1260984 733.2831
0.1214059 619.381
0.1101847 650.2525
0.1017861 587.4467
0.0790987 618.9706
0.07132204 583.7362
0.08118007 527.5799
0.1148328 525.7294
0.09753991 610.1686
0.05645644 545.7838
0.06934641 601.5626
0.08293418 732.2881
0.0701443 739.2056
0.0616109 702.7554
0.06129578 775.8765
0.05987759 720.0693
0.04940467 859.5467
0.05643002 831.1369
0.03468224 1098.702
0.02164385 1213.755
0.01795101 1409.248
0.006484596 1454.485
0.01197105 1393.914
0.003099162 1321.345
0.007568151 1354.301
0.0124546 1643.452
0.01305959 1677.693
0.01121707 1749.798
0.002267347 2026.908
0.001655537 2367.757
0.002491299 2237.686
0.01396944 2206.154
0.01096911 2329.291
0.003440895 2558.601
0.003701366 2417.117
0.004696029 2346.028
0.00181822 1989.426
0.003074578 1827.246
0.00270565 1896.124
0.008416508 1731.492
0.01726843 1409.493
0.008110485 1360.453
0.006697919 1129.137
0.01034917 1071.787
0.01163167 901.9278
0.01629971 916.5968
0.02092511 1006.678
0.01124122 1086.367
0.008648769 1287.17
0.00749985 1135.987
0.007725375 1022.838
0.02058749 1026.275
0.03585835 995.9961
0.03118909 927.5055
0.06588968 864.2225
0.08269431 853.3614
0.07532309 860.546
0.08687069 807.5713
0.0719923 894.2573
0.06122815 1001.745
0.03842949 1053.447
0.05527082 1187.421
0.05477884 1185.146
0.04081387 990.3678
0.01565401 981.318
0.0179451 986.5009
0.03261109 1149.051
0.0406853 1085.849
0.04177394 912.5825
0.05982332 817.0486
0.03504772 826.0609
0.02458073 784.5517
0.02663129 839.8326
0.0273687 820.3227
0.02284658 759.7032
0.01034036 826.781
0.008158619 1012.844
0.004476577 1148.015
0.00786615 1434.053
0.01234058 1331.037
0.0156705 1230.938
0.01678385 1135.91
0.01919657 1094.476
0.01115464 1090.06
0.008970003 1167.741
0.01460778 1207.947
0.02496473 1201.958
0.01511908 1263.082
0.01565808 1319.716
0.02705673 1160.356
0.01335895 1046.193
0.01550416 1126.031
0.0279999 1209.849
0.02650422 1366.069
0.006426507 1370.355
0.005432208 1398.301
0.01241636 1352.493
0.01513025 1299.285
0.03492086 1207.915
0.04662713 945.575
0.03731247 1032.193
0.05931583 813.6574
0.05961036 829.402
0.1024624 889.7766
0.1040006 837.7192
0.09456183 765.9555
0.09535537 543.736
0.117025 551.2898
0.1706593 572.2106
0.1519843 466.844
0.1434235 432.7742
0.1731876 467.1219
0.1347176 487.4918
0.09450864 453.8712
0.1262696 392.8778
0.1204035 485.5555
0.1322362 437.5759
0.1350455 511.6994
0.106118 515.1927
0.06506649 584.8605
0.05880065 538.6239
0.06023799 483.3745
0.09757264 578.4459
0.05554487 590.9697
0.06342786 667.4271
0.08452152 638.9324
0.05964912 603.195
0.03921402 717.653
0.05591684 666.0896
0.05111312 703.4666
0.05471766 754.3286
0.0650987 744.823
0.0721122 723.6177
0.09984247 817.7769
0.1692234 713.5507
0.1668674 627.8175
0.1748055 598.0167
0.1843387 590.5498
0.1792131 650.7152
0.2101435 566.3794
0.1615202 645.9595
0.1233993 656.6018
0.06770102 737.611
0.0405771 781.6662
0.02620093 644.7993
0.02781083 714.0148
0.02033667 605.3467
0.0230698 641.692
0.02654628 575.9435
0.02246767 498.0279
0.04142226 479.7963
0.05930444 513.0323
0.06413206 525.5501
