probIn scale
0.06303751 1018.008
0.03707444 1031.714
0.03453025 993.5426
0.03655783 1010.458
0.0536274 971.9536
0.06068382 996.4525
0.0738271 1061.8
0.05662987 1038.589
0.0449621 1064.471
0.04073478 1113.281
0.02654846 1149.752
0.05529883 1150.477
0.03197967 1232.819
0.02970912 1200.883
0.03377888 1181.015
0.03642389 1138.138
0.01937184 1137.051
0.02114366 1163.718
0.05219793 1172.42
0.05607492 1205.997
0.05889981 1150.073
0.05340066 1213.56
0.05456574 1264.161
0.05322917 1310.839
0.06893089 1312.08
0.05260232 1322.27
0.07074968 1406.521
0.07627883 1361.725
0.07168298 1285.877
0.02337643 1260.216
0.01912776 1235.28
0.02611214 1292.836
0.02817833 1366.08
0.04010493 1399.502
0.02195022 1376.73
0.03877181 1350.994
0.03370825 1360.527
0.02032746 1435.857
0.01962206 1347.832
0.006336665 1303.994
0.018145 1334.834
0.01693617 1219.137
0.01307481 1222.671
0.01648699 1105.079
0.01881871 1041.769
0.01487588 1073.196
0.02206288 1098.484
0.02021798 1137.619
0.006415827 1073.048
0.006255282 1043.554
0.01851824 1025.293
0.02071043 1037.328
0.05093714 1131.578
0.05287899 1110.306
0.05822812 1118.847
0.06569364 1131.315
0.09851232 1122.826
0.06731459 1093.142
0.04403031 1054.873
0.04195951 1083.862
0.03238789 1126.591
0.01711862 1178.939
0.01966628 1173.678
0.03483059 1146.007
0.0617723 1176.754
0.03479667 1172.89
0.04729647 1227.833
0.02811149 1240.693
0.02584399 1200.966
0.01584485 1298.863
0.01063491 1331.373
0.02180539 1329.378
0.02163348 1316.321
0.04190326 1386.938
0.03682685 1312.984
0.02667103 1226.989
0.007822271 1237.27
0.0163867 1249.283
0.01427839 1226.259
0.02344577 1194.322
0.02960062 1292.587
0.02995905 1308.947
0.0329654 1374.347
0.04007503 1315.11
0.0411565 1388.202
0.02958656 1351.012
0.02697756 1378.499
0.04253378 1303.121
0.04755567 1306.874
0.0510192 1378.397
0.04772584 1475.28
0.05560387 1359.763
0.03352013 1295.386
0.04882164 1346.445
0.07212915 1332.466
0.04431944 1268.336
0.02922061 1303.463
0.03630147 1306.741
0.02069315 1221.154
0.03162404 1225.21
0.03414528 1274.259
0.03741869 1220.107
0.03711743 1238.666
0.02384882 1383.368
0.02404222 1494.914
0.01008935 1471.551
0.01563531 1508.882
0.02459451 1429.067
0.02469258 1491.595
0.02774592 1660.992
0.02452577 1676.215
0.02229273 1750.182
0.01551293 1868.708
0.02022154 1874.313
0.01973672 2070.781
0.007323765 1993.882
0.01831443 2007.464
0.02374181 2062.235
0.02398213 1920.941
0.02331688 1794.261
0.02804806 1692.935
0.04807444 1638.419
0.03295012 1640.471
0.0445101 1823.98
0.04684412 1869.397
0.03316252 1936.71
0.02589727 1875.227
0.03134035 1814.514
0.04586913 1839.401
0.04498954 1816.388
0.04812498 1785.401
0.01658544 1775.877
0.02135438 1779.444
0.01610606 1870.093
0.01001799 1839.752
0.01595797 1918.868
0.02244579 1915.539
0.03818781 2042.619
0.01654897 2251.691
0.00657843 2152.19
0.003210949 2058.543
0.007720649 2246.141
0.0277731 2587.193
0.02678168 2405.461
0.01886431 2365.689
0.01040623 2400.643
0.01126466 2519.589
0.01095487 2383.469
0.01320932 2374.918
0.02417651 2308.189
0.01391905 2239.099
0.01332774 2299.069
0.01733541 2620.269
0.01681178 2674.155
0.01404977 2702.139
0.0147731 2631.912
0.01008964 2645.96
0.007631031 2637.582
0.01439712 2638.872
0.0242668 2796.638
0.02275736 2557.021
0.01332189 2428.269
0.01612497 2202.694
0.01853842 2153.036
0.01435418 2149.16
0.02557528 2033.775
0.03014196 2080.826
0.01600877 2174.069
0.009837567 2107.913
0.01737643 2195.566
0.02150735 2116.008
0.005974596 2074.015
0.0120641 2168.299
0.007702497 2165.603
0.006160581 2078.24
0.01425751 2015.634
0.02438456 2064.595
0.03346117 1970.393
0.03023582 2031.815
0.02499073 2013.358
0.015745 2067.893
0.02455242 2076.115
0.02190944 1996.343
0.01573773 1983.217
0.009819579 2119.338
0.00959019 2054.456
0.009466081 2023.262
0.01749322 2007.836
0.01089917 1993.52
0.009529705 2061.707
0.007535144 2110.495
0.01657899 2240.453
0.01648369 2170.026
0.02689337 2318.216
0.02804811 2187.711
0.01488607 2026.209
0.03091984 2024.082
0.02877352 2137.432
0.02002028 2200.804
0.01847627 2303.879
0.03285041 2047.373
0.02362616 1949.332
0.03867603 1732.882
0.0277643 1796.712
0.02069749 1822.556
0.02128433 1881.237
0.02088359 1868.817
0.01950267 1840.072
0.02267074 1708.649
0.01868074 1676.449
0.02322276 1789.545
0.008958058 1711.023
0.008772654 1779.287
0.008846431 1814.057
0.01612505 1708.926
0.02032377 1696.616
0.02854139 1825.081
0.01501141 1754.848
0.01773624 1787.89
0.01895055 1727.015
0.02192123 1836.512
0.0490338 1841.388
0.03545915 1969.958
0.02207166 1864.695
0.02945186 2048.667
0.0232574 1961.685
0.02169623 2065.951
0.03381032 2075.071
0.03126408 2108.448
0.01429357 2230.708
0.01190736 2303.643
0.01510605 2192.566
0.02144067 2220.715
0.007401894 2055.847
0.006391345 1936.915
0.02067517 1942.84
0.01247584 2012.988
0.03319271 2006.632
0.02298562 1974.105
0.03684548 1909.692
0.02538477 1874.529
0.02849935 1913.91
0.03030633 1913.639
0.04185304 1947.503
0.04655054 1876.896
0.03644203 1888.558
0.02069739 1872.955
0.01631904 1919.304
0.04044494 1851.596
0.01254703 1947.025
0.01331137 1941.955
0.0121814 1988.975
0.02218738 2102.168
0.03272491 1893.1
0.01443418 1980.073
0.01171034 1967.364
0.01359965 2017.619
0.01170059 1972.423
0.006369055 1884.405
0.0128595 1815.65
0.02094768 1875.602
0.01856127 1699.356
0.008123313 1670.104
0.008356917 1796.709
0.02129873 1754.205
0.01017452 1860.037
0.01757976 1957.617
0.01329683 2019.794
0.00901371 2144.609
0.01059413 2304.475
0.0107699 2272.554
0.01411182 2433.052
0.01418863 2222.572
0.01470657 2155.111
0.01544731 2157.324
0.01271501 2080.59
0.004404092 2047.621
0.00648615 1876.622
0.02207571 1711.979
0.01404391 1744.531
0.01376332 1632.451
0.002966038 1525.419
0.01360936 1469.736
0.03176186 1555.584
0.03740678 1602.986
0.0208659 1615.46
0.02380875 1725.06
0.02191165 1937.009
0.01469323 1833.891
0.01779636 1957.812
0.0246841 1842.169
0.01556526 1972.953
0.01870407 1835.073
0.01258587 1769.748
0.0219507 1787.463
0.0104944 1854.842
0.003152636 1825.051
0.004974545 1710.398
0.003878121 1793.805
0.01213763 1707.279
0.01183408 1665.23
0.01294 1750.091
0.0177274 1862.347
0.01204072 1964.176
0.01081054 2021.926
0.01178832 1938.255
0.01308425 1990.365
0.01557034 1992.153
0.02783974 2035.712
0.02276104 1874.207
0.02945266 1870.701
0.02717315 1871.959
0.02345902 1814.361
0.0242321 1687.862
0.03659498 1668.736
0.01178266 1605.62
0.01622585 1515.411
0.02128446 1505.876
0.02395125 1508.154
0.009205075 1541.512
0.01933155 1475.574
0.01645297 1424.18
0.0134704 1535.33
0.02124022 1594.389
0.01694357 1586.279
0.01756822 1630.686
0.02521359 1522.146
0.0217074 1576.383
0.01349789 1431.233
0.02301969 1485.799
0.0164674 1356.916
0.02507619 1353.42
0.02622978 1474.871
0.03911693 1529.283
0.03707497 1626.935
0.02200848 1647.061
0.03099051 1578.967
0.02852523 1624.633
0.033547 1702.98
0.0335925 1655.164
0.036952 1742.959
0.05561041 1609.708
0.04063373 1555.131
0.02223534 1524.599
0.01320042 1635.955
0.03378721 1757.26
0.01869325 1932.475
0.02245191 2058.173
0.0138515 2181.88
0.02325448 2164.622
0.02244183 2392.406
0.03614086 2471.527
0.01750577 2543.675
0.02052153 2387.386
0.0141498 2378.163
0.03059368 2233.993
0.0211225 2100.535
0.01822006 1998.309
0.02549359 2265.451
0.03104593 2298.106
0.02426753 2619.259
0.04817425 2658.401
0.03229716 2577.825
0.01997582 2428.998
0.01040255 2282.566
0.0188613 2538.251
0.0296165 2548.79
0.01766339 2637.406
0.01409405 2558.436
0.02090873 2689.616
0.01380753 2651.321
0.01158898 2726.692
0.005695467 2749.78
0.006140633 2802.902
0.01981152 2798.558
0.03215052 3057.117
0.03590405 3229.424
0.01370385 3212.739
0.00348772 3157.98
0.007975243 3373.397
0.02381275 3325.732
0.01074231 3313.269
0.01639362 3053.033
0.01590193 2996.915
0.01510338 2846.904
0.01129297 2820.476
0.01789577 2789.329
0.009569083 2916.299
0.01375669 2773.62
0.01830139 2700.953
0.01327892 2864.543
0.008488394 2823.264
0.0046369 2885.979
0.01391949 3049.474
0.01134374 3224.113
0.01133799 3459.023
0.007300344 3365.603
0.0006237044 3613.377
0.003245555 3930.084
0.01415363 4124.939
0.01661479 4088.95
0.02275412 3931.404
0.02571047 4135.312
0.03278266 3876.278
0.01108055 3805.355
0.007416829 4007.569
0.003107313 3987.352
0.00629014 3910.137
0.003831477 3846.99
0.01263152 4044.559
0.0177715 4010.647
0.008692114 4201.255
0.003551734 4261.606
0.006787861 4418.311
0.01190338 4267.418
0.01707448 4272.091
0.01170563 4144.684
0.009110066 4109.963
0.009999229 3769.841
0.01809684 3954.35
0.01555325 4177.007
0.01540208 4144.893
0.01423227 4156.755
0.01283565 4010.895
0.02582546 3801.896
0.01748591 3754.356
0.01275505 3624.329
0.01189879 3692.087
0.004368699 3497.627
0.01061759 3305.13
0.02972425 3021.069
0.01972983 3185.861
0.01431221 2975.08
0.01002118 3095.668
0.01912883 3010.4
0.009860156 2945.42
0.01850353 3197.595
0.01235793 2928.21
0.02227509 2730.532
0.02809519 2929.849
0.01274056 3005.474
0.01956138 2999.604
0.006322307 2908.002
0.004098084 2778.852
0.009236583 2560.846
0.01118936 2621.044
0.00784941 2434.99
0.0193183 2513.571
0.009119503 2476.509
0.02105384 2340.963
0.009554871 2295.25
0.0081342 2305.671
0.01285737 2179.589
0.008342238 2152.646
0.01226412 2258.344
0.02821789 2304.98
0.01676561 2326.566
0.02107491 2283.52
0.02032745 2324.719
0.008109857 2205.355
0.01588854 2110.812
0.009204888 2103.721
0.01373636 2031.558
0.01512125 2037.01
0.00525976 2043.84
0.02377217 1996.143
0.01422216 1944.11
0.01696669 1854.683
0.01896228 1850.856
0.02180991 1962.092
0.01567001 1885.439
0.02634822 1974.387
0.03824147 1823.625
0.03912162 1724.691
0.01630329 1692.22
0.007689473 1676.307
0.01143372 1631.397
0.008735903 1567.651
0.009253276 1402.845
0.02110127 1413.578
0.02217115 1399.039
0.02289833 1448.885
0.02455709 1411.615
0.01973169 1244.114
0.03148082 1163.058
0.03493206 1197.45
0.04641862 1196.852
0.02512575 1169.617
0.02482743 1243.364
0.02324541 1316.097
0.05007392 1320.158
0.02385863 1440.073
0.02333351 1474.137
0.01104041 1478.48
0.01738314 1480.483
0.04799064 1528.312
0.02792405 1469.159
0.02721621 1600.735
0.03698768 1655.516
0.02851667 1666.283
0.02330413 1641.4
0.02356725 1712.315
0.01326408 1779.558
0.0101509 1860.592
0.03412144 1833.99
0.02663607 1812.778
0.02135172 1753.789
0.02251427 1770.568
0.01480496 1748.343
0.02200181 1782.329
0.01126163 1621.79
0.01913573 1540.404
0.009146046 1594.351
0.0110687 1584.625
0.02159827 1508.549
0.01620634 1633.129
0.01088895 1688.727
0.01535294 1701.956
0.04131221 1603.406
0.05807537 1661.917
0.02567945 1584.723
0.01791979 1651.788
0.01349911 1690.313
0.01638669 1787.082
0.01694133 1930.329
0.01166403 1766.868
0.006287641 1720.997
0.009628896 1671.925
0.01029623 1604.924
0.01844377 1524.07
0.02247871 1426.447
0.01785652 1493.699
0.01434165 1420.662
0.03513622 1397.256
0.02817002 1552.317
0.02577641 1568.02
0.008133114 1618.017
0.02261539 1519.877
0.03213144 1478.366
0.0252881 1358.883
0.02552485 1398.596
0.03373515 1436.987
0.03110539 1394.982
0.02592777 1396.244
0.049068 1298.248
0.04919983 1304.811
0.05674231 1303.804
0.03542849 1245.289
0.03522835 1272.669
0.03184347 1304.545
0.05382242 1167.668
0.02536122 1203.425
0.01617972 1319.005
0.04974747 1252.822
0.03895576 1337.727
0.03510454 1485.605
0.03818749 1478.277
0.02912211 1490.182
0.01793811 1426.599
0.0244876 1478.397
0.01450818 1400.715
0.01730796 1559.329
0.01294743 1566.817
0.01721062 1509.136
0.0234655 1510.965
0.02583617 1522.594
0.01988834 1410.409
0.01459174 1378.693
0.01625485 1425.149
0.00770423 1386.922
0.02239186 1340.782
0.02110695 1285.365
0.01118495 1359.45
0.02238307 1416.186
0.0266018 1538.672
0.02990958 1526.759
0.02903396 1592.969
0.03844806 1596.217
0.04475748 1512.186
0.04497814 1455.106
0.04379478 1475.762
0.02429693 1475.2
0.006520476 1489.878
0.0148524 1517.183
0.01582627 1484.318
0.0187827 1504.657
0.02729338 1556.088
0.03190949 1505.244
0.04571799 1456.998
0.04023577 1530.808
0.03662794 1487.385
0.02721636 1510.923
0.02544579 1541.478
0.02587541 1577.179
0.02460453 1600.096
0.02576542 1511.336
0.02622428 1484.288
0.05026015 1550.094
0.029849 1456.532
0.0135838 1379.599
0.02044194 1365.019
0.01449202 1376.524
0.00590823 1322.598
0.01371094 1360.041
0.0256399 1361.93
0.005569772 1402.854
0.02542195 1451.278
0.02366288 1353.17
0.008837229 1324.061
0.01726807 1284.718
0.02881153 1293.91
0.01890101 1205.794
0.01700667 1229.877
0.02054779 1289.84
0.01328186 1217.811
0.01873831 1195.141
0.01489353 1268.08
0.008192951 1223.217
0.02391446 1179.241
0.01253536 1276.712
0.03304998 1397.747
0.03336201 1409.162
0.01068544 1401.425
0.02100518 1488.649
0.02324537 1399.817
0.02936008 1480.353
0.02676387 1317.582
0.02648435 1391.699
0.01417818 1455.975
0.01892406 1488.029
0.01794598 1512.66
0.01393682 1486.915
0.01482584 1407.661
0.02770636 1453.545
0.03004106 1457.472
0.04420315 1386.416
0.03255612 1270.061
0.02558675 1358.995
0.03636758 1337.98
0.03307818 1430.794
0.02422706 1394.924
0.04064863 1390.043
0.03635783 1386.818
0.01549068 1397.797
0.01215946 1433.96
0.0270498 1446.681
0.02680799 1373.565
0.02626764 1342.624
0.02562755 1381.2
0.0140976 1346.105
0.01913094 1390.03
0.02700578 1342.348
0.0414563 1357.396
0.0567669 1273.344
0.04599266 1210.852
0.05554658 1179.829
0.03679617 1194.608
0.02573424 1158.267
0.02298174 1200.831
0.04267665 1225.115
0.04489486 1329.592
0.0482861 1375.247
0.07415811 1295.74
0.03685229 1301.38
0.04898814 1324.969
0.04604019 1246.967
0.0350228 1337.195
0.03038682 1411.258
0.01257636 1349.765
0.01953872 1416.567
0.009245945 1417.945
0.01595107 1352.611
0.007555888 1320.96
0.01850887 1336.195
0.03201458 1329.122
0.03729567 1396.366
0.0269328 1463.141
0.01562276 1447.647
0.01322217 1451.658
0.01562605 1391.642
0.02016215 1401.393
0.03908806 1513.699
0.03244544 1587.446
0.0326744 1817.44
0.03922305 1733.944
0.03349576 1575.5
0.02540878 1446.253
0.02574143 1390.802
0.03231883 1350.318
0.03442482 1253.711
0.06683818 1242.113
0.06862244 1124.548
0.03034467 1094.917
0.01797627 1102.604
0.02517633 1090.417
0.023203 1061.352
0.01935414 1105.615
0.02413106 1163.222
0.03529716 1192.412
0.01942138 1315.966
0.02723768 1255.286
0.01109869 1328.995
0.01553032 1357.608
0.01377488 1343.45
0.008963736 1323.861
0.01927637 1313.302
0.02999594 1318.901
0.02496384 1311.332
0.01670617 1420.712
0.02110673 1443.556
0.03327953 1415.498
0.02383818 1392.015
0.0214464 1405.576
0.03962412 1401.057
0.05302201 1406.331
0.06500918 1555.814
0.07632991 1534.806
0.04684357 1480.833
0.03823905 1483.008
0.03642481 1506.458
0.03387843 1453.754
0.04114119 1298.403
0.0251055 1314.869
0.02210091 1254.077
0.03827592 1300.666
0.02357599 1256.162
0.01740212 1250.383
0.03507211 1165.94
0.0273589 1249.688
0.03877521 1233.097
0.03519527 1349.089
0.02265275 1307.721
0.0436652 1301.68
0.04273676 1279.649
0.0328441 1226.806
0.02384932 1293.984
0.02755656 1372.299
0.02070503 1523.813
0.05574432 1544.064
0.04310709 1446.927
0.04581277 1458.364
0.06150384 1503.405
0.03631239 1517.227
0.03422626 1427.082
0.03307061 1541.183
0.0261726 1509.464
0.02288123 1526.363
0.02209906 1405.05
0.0365898 1418.844
0.03729052 1405.274
0.03551833 1388.25
0.03468773 1464.223
0.04432514 1435.889
0.04584719 1398.571
0.03535297 1407.586
0.02515316 1475.016
0.01889366 1403.541
0.01894585 1450.693
0.01125674 1378.17
0.01534606 1303.737
0.0134368 1323.909
0.02579691 1360.888
0.03973633 1389.725
0.03059201 1470.758
0.02639115 1643.184
0.04279213 1585.278
0.01813121 1493.313
0.01376035 1587.828
0.01541746 1544.185
0.02599114 1678.42
0.04810909 1663.717
0.02897492 1662.458
0.01226532 1664.063
0.02504945 1686.158
0.02632956 1657.227
0.01938612 1738.242
0.04158241 1719.388
0.04158121 1776.158
0.02755963 1918.397
0.03606917 1893.029
0.02884709 1965.936
0.03362265 2053.278
0.05730441 2174.525
0.05830746 2017.057
0.04015361 1997.203
0.02795793 1869.163
0.0335331 1806.563
0.02211069 1915.774
0.01868408 1926.172
0.006201456 2082.529
0.0009678235 2092.344
0.003754332 2187.248
0.01078855 2139.666
0.02960855 2146.527
0.02593622 2155.221
0.01091791 2308.932
0.0221131 2429.851
0.03253823 2111.319
0.03797379 2198.915
0.04458033 2207.587
0.0180611 2193.279
0.02214062 2088.523
0.01398752 2008.132
0.02015169 2170.747
0.009217519 2179.779
0.01648398 2054.855
0.01134976 2026.127
0.008192373 2087.171
0.00682907 2120.747
0.02342459 1998.348
0.04249499 1981.325
0.02528295 2100.923
0.01982775 2358.901
0.01240756 2517.304
0.02563121 2468.56
0.02415914 2508.089
0.01285747 2554.196
0.01625085 2688.778
0.01052108 2671.132
0.01505489 2780.076
0.01197107 2762.369
0.003485402 2673.844
0.006326801 2558.944
0.005603486 2632.243
0.004014978 2691.58
0.007092483 2650.693
0.01277931 2491.036
0.01315323 2548.496
0.002760437 2574.802
0.004026493 2489.912
0.005028761 2506.185
0.01351643 2493.626
0.005588462 2657.13
0.01102279 2495.685
0.01807364 2418.615
0.01174593 2315.065
0.01399931 2283.902
0.01578341 2254.168
0.01615999 2103.233
0.01553081 2217.863
0.0183702 2121.714
0.01713265 2038.692
0.0151945 1952.486
0.04153563 2060.283
0.03250786 2075.225
0.02688202 2083.534
0.02331927 2035.22
0.0249534 1946.251
0.02375997 1977.262
0.01344008 2074.009
0.02870229 2079.964
0.02301717 2001.992
0.02648596 1868.812
0.02517394 1766.367
0.02547735 1711.704
0.03474432 1717.61
0.04995764 1572.266
0.03374123 1591.244
0.03615368 1658.41
0.03553015 1746.258
0.02197545 1847.751
0.03047544 1738.134
0.03341407 1770.642
0.03502284 1822.874
0.02022801 1906.695
0.02750267 2000.952
0.02115471 1979.59
0.008159708 1988.74
0.0152327 1732.304
0.01207866 1538.369
0.01726314 1555.114
0.02058239 1573.26
0.01102035 1659.391
0.03538148 1718.478
0.04006672 1690.655
0.02625142 1760.25
0.0217076 1807.5
0.02693467 1714.278
0.01607109 1718.564
0.02290428 1796.771
0.02415057 1618.607
0.02755973 1668.821
0.0118618 1678.965
0.01893906 1696.731
0.02008744 1707.063
0.02635702 1847.417
0.0306724 1876.908
0.02150511 1845.188
0.0151491 1765.708
0.03056476 1727.389
0.01993022 1882.005
0.02012435 1890.786
0.005770372 1974.392
0.01809592 2026.321
0.02610941 2099.603
0.05046171 1999.146
0.0289728 1989.905
0.02139966 2024.062
0.01701223 2009.595
0.02656707 2060.415
0.02261543 2170.981
0.01886125 2032.338
0.01427043 2085.97
0.03617359 2202.319
0.05146096 2012.829
0.0416842 1928.334
0.02794312 2043.37
0.02345506 2111.935
0.01637871 2217.165
0.02388153 2227.185
0.01251126 2386.438
0.0105337 2280
0.02104703 2319.122
0.03050323 2330.137
0.03953168 2290.526
0.02827158 2135.256
0.0273199 2199.908
0.03109543 2220.547
0.02490768 2318.011
0.016511 2243.116
0.0154735 2191.526
0.008549248 2160.235
0.02014624 2189.504
0.01712685 2159.422
0.0154499 2143.266
0.02322092 2036.37
0.0168506 2251.468
0.02328632 2231.108
0.008638698 2177.259
0.01675854 2143.257
0.008926062 2168.756
0.02756083 2109.607
0.03347971 2090.168
0.02799615 2042.666
0.01630339 2143.164
0.01990699 2146.784
0.04236389 2148.358
0.04792311 2334.246
0.02111574 2237.601
0.02252576 2093.638
0.01773176 2183.634
0.02818012 2318.763
0.02885294 2362.772
0.01533502 2491.048
0.004847379 2492.476
0.01135874 2546.309
0.0139055 2388.816
0.0128714 2376.245
0.007714107 2410.184
0.01296679 2272.786
0.01504847 2157.055
0.02828735 2149.499
0.01047777 2015.28
0.02319814 1959.425
0.03895592 2067.267
0.02350892 1996.982
0.03625418 1857.247
0.02613244 1743.229
0.01583301 1851.469
0.02073969 1715.255
0.02023372 1748.107
0.03366407 1838.451
0.02824554 1886.59
0.02076988 1877
0.01304329 1935.167
0.01125949 2091.627
0.01857237 1957.642
0.01545666 2068.459
0.01852098 2140.161
0.01280781 2308.162
0.008422031 2312.251
0.01405743 2491.882
0.003806944 2237.179
0.01893771 2238.131
0.01905175 2237.722
0.01532855 2151.968
0.01115978 2107.979
0.02939358 2039.402
0.01830217 1981.351
0.03799755 1910.283
0.03570105 1975.083
0.0341483 2082.368
0.04213833 2134.549
0.05505444 2166.709
0.04943121 2195.053
0.02360284 2210.241
0.007748444 2224.445
0.01263823 2063.853
0.008159587 2066.587
0.01661143 2073.933
0.003144283 2023.128
0.01282412 2139.269
0.01523453 2164.738
0.01808941 2081.086
0.03957099 2166.692
0.02399699 2356.429
0.02180787 2434.506
0.01030032 2212.563
0.005081741 2304.344
0.004512231 2236.584
0.02379078 2173.381
0.02528801 2096.546
0.003805217 2009.151
0.0238848 1859.978
0.02327203 1931.345
0.03322179 1937.041
0.0286812 1898.048
0.03040281 2019.164
0.02781499 1935.33
0.02717479 1950.013
0.02924886 2024.353
0.0158449 2002.967
0.02054395 2039.131
0.02488225 2076.415
0.01443786 2163.549
0.01491719 2320.819
0.01577588 2276.332
0.0138764 2297.304
0.007368986 2239.439
0.009726491 2335.481
0.01116889 2390.314
0.0146888 2324.64
0.01816094 2312.312
0.01666421 2368.479
0.01163048 2363.757
0.004794736 2444.07
0.0099503 2386.628
0.01345692 2532.835
0.01518586 2514.747
0.0219429 2361.168
0.01730076 2305.236
0.005534466 2395.68
0.009145265 2291.277
0.01636801 2353.259
0.0217946 2442.143
0.0307648 2582.999
0.02805825 2384.76
0.02112966 2518.932
0.02761364 2520.656
0.02647416 2300.923
0.02882415 2233.124
0.04948037 2242.372
0.03203171 2099.073
0.02681692 2316.758
0.02681237 2193.866
0.0270333 2222.498
0.02658439 2173.565
0.02640843 1868.835
0.02927406 1928.465
0.03526633 1981.201
0.02770049 2073.13
0.05185032 2170.87
0.02182182 2188.055
0.01974181 2176.954
0.01276076 2156.627
0.01785607 2120.507
0.02239566 2000.762
0.007416364 2055.286
0.001770642 1991.073
0.008480525 2166.938
0.01385285 2154.611
0.01378796 2041.965
0.02789711 1935.763
0.01319068 2073.844
0.02931147 1975.613
0.02591742 2142.005
0.01001163 2183.422
0.005669 2161.899
0.01160687 2070.661
0.01916961 2085.772
0.02763561 2017.783
0.03146523 2034.603
0.05012943 1837.802
0.03905408 1816.886
0.03482522 1910.948
0.02571037 1943.605
0.00968544 1924.652
0.01733899 1854.71
0.01094883 1804.953
0.004876585 1841.607
0.006998213 1892.973
0.01397283 1897.402
0.01479293 1825.587
0.007558062 1851.329
0.008292688 1815.541
0.01989814 1897.171
0.0199395 1824.104
0.0149577 1912.818
0.0159841 1876.363
0.01641192 1804.851
0.01795547 1729.308
0.02090294 1858.701
0.01431924 1930.413
0.01226656 2064.618
0.009284885 1977.574
0.01147649 1879.809
0.01141014 1929.143
0.01144627 1787.666
0.03041986 1815.165
0.02823708 1842.503
0.02862048 1719.389
0.03002208 1677.687
0.02861103 1763.534
0.01910714 1652.513
0.007685118 1674.828
0.01462345 1805.719
0.02308166 1662.769
0.03970297 1572.599
0.03568508 1681.297
0.0307587 1747.913
0.0114678 1655.563
0.0168659 1577.441
0.0291885 1516.365
0.04172263 1511.428
0.04066024 1455.116
0.0211573 1321.959
0.03250422 1343.705
0.03746457 1283.91
0.01501652 1205.188
0.02855752 1362.482
0.02254628 1437.798
0.01451336 1544.519
0.02279981 1463.564
0.04482761 1464.918
0.04086484 1454.817
0.04288064 1417.176
0.03920541 1291.498
0.05756906 1435.951
0.02665856 1458.962
0.03548281 1601.594
0.04664356 1682.18
0.0374529 1907.86
0.03587928 1840.965
0.03319549 1671.301
0.02708278 1642.348
0.03323861 1707.359
0.03162974 1652.391
0.0149925 1785.036
0.02117281 1697.508
0.0154117 1553.293
0.03460867 1589.745
0.03149758 1461.975
0.03544699 1547.667
0.03661557 1492.146
0.01926656 1413.305
0.02478011 1464.508
0.01167475 1494.592
0.02066731 1506.648
0.01689971 1598.049
0.02875866 1665.686
0.02497939 1619.927
0.03155917 1618.449
0.03459628 1581.774
0.02696349 1613.393
0.02503913 1538.723
0.02032995 1608.511
0.01582919 1519.593
0.01983635 1674.528
0.01550573 1823.889
0.0374817 1785.205
0.03430995 1927.508
0.04506626 1779.414
0.03441128 1720.436
0.0321637 1866.428
0.01345579 1900.787
0.01259075 1946.002
0.01136719 2109.916
0.009860891 2050.026
0.008988223 1965.585
0.0110304 2017.13
0.02170149 2108.586
0.03031364 1964.211
0.01682558 2092.801
0.02312091 2170.588
0.03010486 2103.873
0.01803064 1890.177
0.01335547 1775.381
0.02270066 1714.922
0.04152597 1741.345
0.01541938 1701.576
0.01817347 1630.337
0.03201033 1681.649
0.02169728 1754.899
0.03121821 1802.281
0.02365601 1861.427
0.009640647 1843.29
0.02150244 1834.654
0.03044351 1771.784
0.0344357 1763.281
0.02772531 1835.263
0.04345337 1733.179
0.02518403 1757.437
0.02422773 1821.894
0.02174481 1936.787
0.02100976 1927.903
0.01866741 2020.046
0.009687411 2176.756
0.007339232 2138.233
0.01196537 1993.019
0.02270222 1931.948
0.02232797 1907.538
0.02177572 1899.598
0.04311261 1888.107
0.03432816 1905.564
0.04919441 1930.625
0.04589329 1900.133
0.0380831 1889.682
0.02341904 1756.967
0.02689759 1629.061
0.03649242 1658.95
0.03661143 1562.815
0.03043705 1680.904
0.04965955 1764.135
0.02938286 1761.563
0.02647518 1868.635
0.01996922 1894.377
0.0224258 2013.117
0.03666652 2082.299
0.04177213 1954.446
0.03861915 2036.672
0.0284721 1974.62
0.01470718 1902.517
0.0223168 2072.609
0.01282208 2028.414
0.008368259 1979.869
0.03439672 1883.578
0.03719822 1903.513
0.03310268 1957.745
0.02029481 1912.398
0.03157552 1946.582
0.01375725 1923.817
0.02018634 1937.049
0.02104977 1977.938
0.02001688 1997.498
0.03112188 2038.731
0.04299696 2122.16
0.0307932 2005.098
0.02207221 2026.31
0.02359576 2099.182
0.02934733 2177.525
0.03939376 2041.936
0.03801439 2134.605
0.02696193 2081.213
0.01722771 2337.634
0.02197073 2327.425
0.0161758 2286.811
0.02256314 2210.14
0.01889168 2200.57
0.008098518 2327.602
0.01103867 2354.762
0.007790498 2285.581
0.01875644 2328.632
0.02945472 2135.638
0.01146604 2250.339
0.01173179 2346.865
0.01327279 2295.359
0.02255799 2458.999
0.02829347 2578.339
0.02617098 2443.321
0.03111962 2319.499
0.0339476 2366.294
0.04560318 2296.554
0.04541473 2324.069
0.02680659 2448.011
0.009329753 2644.641
0.009974129 2609.993
0.02109017 2620.168
0.01077017 2431.4
0.01413102 2511.573
0.01701954 2522.89
0.02594044 2557.536
0.03187168 2740.676
0.02191877 2810.856
0.02754599 2720.302
0.02247928 2646.581
0.01871066 2638.178
0.02956645 2692.773
0.02207085 2668.897
0.02188255 2826.878
0.02045639 2835.6
0.01537862 2738.838
0.0148065 2727.33
0.009733386 2630.726
0.01738936 2775.224
0.0321198 2684.849
0.01318927 2790.136
0.02182886 2725.052
0.02324551 2750.883
0.02445631 2881.364
0.02447389 3008.307
0.013876 3240.028
0.008458789 3264.059
0.01580009 3390.491
0.02467287 3528.822
0.01506505 3619.043
0.02103791 3546.624
0.01788152 3467.056
0.01683987 3375.214
0.02201136 3361.963
0.01720094 3177.44
0.02033274 3269.297
0.0205309 3287.202
0.01270139 3447.971
0.01107009 3590.869
0.009755292 3630.848
0.006459379 3922.696
0.006728159 3979.752
0.01671473 4387.598
0.01209219 4542.871
0.004576325 4487.063
0.005695757 4262.595
0.007037428 4597.752
0.01340466 4493.461
0.02827329 4031.971
0.01564832 4012.566
0.01149578 3791.449
0.02348186 3544.75
0.006061039 3687.293
0.004862431 3492.567
0.01375165 3503.856
0.01263338 3341.592
0.025949 3202.275
0.00548006 3720.918
0.01079206 3231.991
0.02008586 3176.498
0.007939478 3316.533
0.01404926 3092.783
0.02020636 3183.093
0.01892798 3280.477
0.01353518 3392.282
0.01684917 3730.661
0.003779137 4079.795
0.01223221 4103.625
0.01701723 4318.04
0.01987131 4335.309
0.008507271 4097.331
0.0179397 4048.961
0.01094909 4331.011
0.00718075 4399.374
0.00923178 4537.844
0.01089292 4244.097
0.01038141 4075.931
0.01218479 4016.914
0.01904506 3984.61
0.02923412 3761.346
0.02697491 3989.178
0.0199989 4258.683
0.01122253 4289.634
0.006832106 4556.76
0.007642359 4414.718
0.01881 4598.265
0.02588704 4600.895
0.03654391 4838.241
0.01378036 5093.853
0.005672568 5663.644
0.004816944 5920.739
0.004569127 6118.744
0.009215953 5885.313
0.009838473 5923.915
0.005972715 6020.962
0.007251496 5964.371
0.01037364 5743.007
0.01252704 5388.12
0.009821039 5261.768
0.00898154 5167.776
0.005598761 4854.463
0.01281403 4773.529
0.02035787 4540.653
0.009031332 4472.569
0.01363316 4246.155
0.01182407 4442.388
0.0117049 4321.338
0.01500819 4156.862
0.007008233 4493.992
0.007460676 4239.555
0.01366718 4298.601
0.03767775 4395.76
0.02737672 4396.419
0.01296384 4300.18
0.01628335 4149.217
0.02235234 4596.82
0.02643016 4590.855
0.02374532 4513.078
0.01217175 4496.928
0.0186719 4520.639
0.008354329 4143.056
0.0004329703 4080.501
0.009070328 4064.099
0.01236697 4147.218
0.01902386 4488.31
0.009985223 4314.804
0.01636246 4427.468
0.00696836 4515.456
0.01044052 4449.698
0.007064675 4478.145
0.01351841 4469.794
0.01361099 4162.623
0.01551148 3706.129
0.0219617 3487.071
0.0110319 3615.938
0.01678903 3386.103
0.02175406 3203.764
0.01743622 3198.959
0.008503173 3240.799
0.009329926 2936.027
0.01663128 2949.803
0.01531173 2872.665
0.02385204 2801.624
0.01939949 2803.155
0.0211194 3018.103
0.01107222 3025.278
0.006519159 3094.602
0.008897178 2952.315
0.01245648 2979.339
0.015503 2896.48
0.01415341 3145.526
0.01808593 3194.29
0.01836251 3457.313
0.014871 3435.786
0.01406214 3764.523
0.0114085 3919.088
0.01247603 4048.802
0.006447401 4200.423
0.004741877 4469.833
0.007151178 4564.623
0.005300948 4674.948
0.009543755 4808.838
0.005820725 5016.502
0.01648837 4940.682
0.01125943 4847.344
0.008953033 4837.593
0.008895821 4787.785
0.01169768 5259.276
0.01086663 4771.389
0.007750022 4972.759
0.005444485 4835.768
0.01115799 4655.483
0.00752326 4531.736
0.01757986 4819.966
0.01516751 5175.388
0.006952434 5222.396
0.001944502 5219.272
0.005288486 5384.116
0.009011195 4960.583
0.01672325 4898.081
0.01421375 4689.956
0.0111548 4696.36
0.009945419 4676.343
0.01139198 4720.532
0.01533902 4386.216
0.01054694 4721.231
0.01174704 5215.873
0.0194357 5503.662
0.01035447 5777.285
0.01031137 5631.282
0.00843982 5419.874
0.01027329 5698.835
0.003279062 5368.45
0.01077692 5731.802
0.009197487 5886.299
0.009321691 5479.737
0.004260804 5176.984
0.01436665 5233.183
0.003658331 5157.55
0.01284354 5415.327
0.01401656 5318.341
0.007152957 5322.782
0.01562152 5331.903
0.01556428 5055.111
0.0144572 4836.128
0.01867411 4891.14
0.007267876 4971.484
0.01513728 5102.938
0.008660485 5008.105
0.006974508 4974.628
0.007597428 4899.69
0.01613124 5187.456
0.02073072 5306.745
0.008145387 4877.745
0.01773372 4710.811
0.01737496 4925.305
0.006678227 4842.807
0.01104066 4711.952
0.01555858 4555.16
0.008212636 4588.962
0.009809561 4621.429
0.01599966 4240.953
0.005571982 4396.377
0.02127758 4604.199
0.02222038 4454.323
0.01155859 4769.07
0.009568648 4917.715
0.009862004 5033.02
0.01872886 4948.943
0.009641178 4894.636
0.01165494 5077.161
0.005936667 5220.481
0.00609946 5341.375
0.00943677 5831.397
0.01398467 6026.992
0.01020251 6324.192
0.009632999 6233.118
0.01364674 6390.899
0.008389565 6102.159
0.002757017 5730.507
0.003807847 5893.572
0.01300671 5666.97
0.02354931 5586.916
0.004369436 5878.257
0.01004987 5414.212
0.007382488 4951.262
0.02353671 5143.725
0.01818295 5152.594
0.008451764 5386.132
0.006608175 5187.897
0.009831769 4857.509
0.00894544 5021.393
0.007622835 5141.461
0.01069492 5158.054
0.01375683 5249.624
0.02717951 5496.227
0.02344195 5630.9
0.01722494 5189.194
0.008669252 5189.821
0.009104009 5175.197
0.007045576 5068.434
0.007935459 4999.924
0.01406545 4770.102
0.003880986 4582.394
0.01778399 4491.986
0.02000591 4731.822
0.01284221 4846.174
0.004191509 5295.42
0.008381928 5235.188
0.009466656 5326.266
0.01354816 5365.852
0.003536136 5778.846
0.01374934 5395.805
0.01357218 5438.512
0.01224217 5608.126
0.009363 5736.341
0.00354013 6097.548
0.0025112 5847.505
0.004497899 6021.976
0.003902976 5625.371
0.005766803 5436.319
0.01644096 5874.531
0.02337339 5926.158
0.01421115 6209.587
0.01360828 6443.107
0.009343882 6670.843
0.01058321 6906.824
0.008209049 7032.46
0.009418455 7249.099
0.007807069 7066.502
0.005665661 7005.205
0.006065163 7593.514
0.008419437 6987.275
0.002570418 6812.01
0.0134284 6512.972
0.005755144 6162.392
0.006793267 6147.763
0.01267541 5999.31
0.005042392 5722.101
0.004153039 5303.894
0.006942056 5095.163
0.008448606 5146.373
0.004254533 4923.172
0.02085811 5147.775
0.007387087 5258.878
0.00537576 5013.726
0.009417424 4596.873
0.005662838 4428.57
0.009776508 4524.018
0.02169225 4331.557
0.01970224 4120.842
0.01689914 4460.923
0.01326302 4566.585
0.01655155 4704.733
0.01522952 4756.853
0.01808198 4671.131
0.02141036 4618.614
0.02450916 4386.853
0.004378203 4416.895
0.01325465 4304.611
0.01208619 4107.08
0.01589485 4227.345
0.01031744 3857.803
0.008330983 3668.083
0.007463653 3545.715
0.008404214 3710.34
0.01269898 3757.127
0.02013082 3794.53
0.01004608 3472.217
0.02749371 3772.976
0.02236138 3739.55
0.01414604 3434.744
0.01737689 3370.842
0.007336073 3318.816
0.01658429 3364.086
0.01321694 3667.927
0.009763289 3547.253
0.01576059 3466.319
0.01771351 3473.212
0.01468478 3791.522
0.01727318 4080.353
0.01705931 3718.977
0.01122281 3830.56
0.0262403 3869.779
0.01395546 4178.788
0.008921016 4076.791
0.01783988 3803.347
0.01584574 3757.854
0.01718546 3699.97
0.01101389 3767.342
0.01197016 4038.588
0.002398345 4072.06
0.004382499 4139.601
0.009127761 4158.982
0.009063992 4108.941
0.01039544 4466.425
0.01081312 4699.131
0.01544566 4742.973
0.00939625 4700.101
0.009188859 4424.684
0.008134537 4599.564
0.008402983 4768.696
0.02147412 4676.912
0.02026226 4341.983
0.01688427 4141.278
0.01205271 4591.562
0.01463288 4649.365
0.008200673 4692.839
0.01429713 4680.073
0.006540931 4572.211
0.009632792 4369.048
0.01311011 4239.578
0.007535516 4240.371
0.007941087 4235.762
0.0133201 4271.061
0.01266456 4321.93
0.01015563 4599.655
0.01054988 4505.658
0.01351846 4885.219
0.02588747 4995.516
0.02057589 4528.401
0.01426206 4295.318
0.01686984 4228.984
0.01487363 4242.536
0.01366716 4182.227
0.01136812 4242.215
0.007997888 4494.018
0.003422937 4741.537
0.00870147 4277.464
0.004347842 4257.501
0.007404984 4230.873
0.02088632 4307.941
0.02067941 4113.574
0.01375327 3764.854
0.01372769 3761.349
0.02581901 4199.23
0.03320017 4292.115
0.02473348 4720.395
0.0143126 4790.99
0.02317639 4918.228
0.01542104 5009.318
0.01733185 4918.656
0.02720098 4867.627
0.01517411 4972.553
0.01722178 4893.573
0.00397178 4825.073
0.006585833 5155.154
0.01217067 5291.472
0.007763983 5074.82
0.004372954 4932.09
0.01041072 4811.141
0.01007605 5255.237
0.00327594 5228.311
0.001114734 5101.667
0.004469894 4603.94
0.00910069 4599.992
0.006781979 4740.546
0.003773233 4656.491
0.008614383 4834.743
0.009111186 4808.201
0.01352343 4493.031
0.01204435 4303.101
0.01340908 4587.715
0.01140885 4369.221
0.02315857 4233.143
0.01519187 4095.117
0.01729016 3949.571
0.01983009 3907.384
0.007393396 4076.821
0.01467054 4392.028
0.01365237 4298.252
0.005742163 4440.367
0.01481744 4091.568
0.01250329 4362.956
0.004371423 4525.28
0.00491555 4591.239
0.01076637 4532.689
0.003676239 4020.331
0.008192171 4155.574
0.004601554 4243.644
0.01175239 4331.859
0.002264584 4546.696
0.009719215 4463.92
0.01614783 4361.872
0.02732982 4304.031
0.01142099 4114.633
0.01108439 4184.521
0.01438075 4367.949
0.009131709 4434.58
0.004278782 4237.341
0.009408219 4279.036
0.01197054 4044.184
0.002582859 4178.345
0.004377935 3941.741
0.009238906 3845.039
0.01021674 3546.313
0.01318583 3915.089
0.008355727 4110.201
0.0141167 3991.992
0.01030717 3669.942
0.01068532 3925.926
0.01904037 3875.509
0.02794028 3888.729
0.04215223 3575.037
0.03001615 3759.405
0.01339111 3588.579
0.01581058 3389.801
0.01181492 3435.814
0.01254763 3245.338
0.006729178 3357.326
0.007334771 3494.656
0.01470249 3271.942
0.02039995 3320.478
0.006396072 3463.004
0.006739867 3446.659
0.003183938 3478.257
0.005178417 3378.133
0.009435529 3465.134
0.01590047 3580.278
0.008663396 3574.192
0.0167638 3757.468
0.02031367 3936.759
0.0142635 3765.379
0.01506305 3836.457
0.006023503 4129.849
0.007896352 4204.372
0.02871295 4087.736
0.01943127 4062.78
0.02388922 4127.418
0.01034257 3768.196
0.02284834 3493.53
0.01486909 4017.054
0.01097891 4204.476
0.00805027 4148.564
0.01193104 4251.42
0.01799193 4030.479
0.01572468 3887.444
0.009327882 3935.023
0.008707701 4211.336
0.017039 3944.854
0.006025318 3931.268
0.002007355 4007.598
0.006749274 3690.096
0.01192366 3774.564
0.01809554 3788.271
0.00951254 3701.702
0.004362816 3581.045
0.008194288 3792.47
0.009151117 3972.158
0.01317542 4100.113
0.0090187 3854.895
0.01557428 3582.661
0.01189956 3747.493
0.01666248 3820.458
0.01650885 3701.861
0.01696092 3644.102
0.02296298 3277.249
0.02468709 3056.364
0.03412826 2893.611
0.009131644 3035.537
0.02142404 3062.29
0.02407065 2985.599
0.01997196 2980.134
0.02596545 3179.12
0.01521698 3193.7
0.02023642 3059.373
0.007231219 3172.192
0.008478092 3000.55
0.01426309 2910.227
0.003767202 2789.528
0.01629515 2701.271
0.02827068 2732.013
0.02790814 2761.124
0.03321002 2737.777
0.01394419 2580.334
0.0200355 2421.965
0.01564282 2546.119
0.005572627 2633.024
0.009474246 2588.754
0.01668869 2592.061
0.02777484 2468.045
0.02505553 2439.962
0.02609025 2624.876
0.01990281 2409.534
0.01303775 2312.17
0.01057945 2198.047
0.01051915 2075.18
0.01516449 2129.457
0.01975343 2139.451
0.02737143 2086.71
0.03250853 2099.445
0.03303616 2167.551
0.05229163 2153.013
0.04543268 2119.996
0.03679596 2078.729
0.02625252 2000.633
0.03209643 2188.896
0.02139374 2124.643
0.02785645 2229.157
0.03439777 2156.228
0.03002914 2032.96
0.04048959 1910.613
0.05092506 1919.675
0.02976363 1884.926
0.02059127 2003.55
0.01521336 1962.723
0.0102692 2026.151
0.02057154 2202.964
0.01700229 2141.775
0.008444135 2166.236
0.008535487 2019.908
0.01168879 2106.975
0.02018486 2152.53
0.0164588 1938.327
0.0132913 2057.162
0.02430193 1913.296
0.01909465 1922.814
0.02186059 1989.118
0.01274397 2102.129
0.002757867 1930.029
0.00114759 1946.022
0.0001981849 1871.04
0.005490475 1883.94
0.01664325 1982.523
0.03221572 1973.63
0.03067069 2034.635
0.03164334 1990.463
0.02378236 2132.472
0.01417627 2201.964
0.01140305 2174.29
0.01281898 2143.289
0.01622572 2064.312
0.01679505 2086.837
0.01209247 1818.668
0.01222506 1629.733
0.004809695 1535.036
0.01342613 1508.18
0.01386743 1540.436
0.006967293 1445.032
0.0073546 1351.617
0.02338706 1396.084
0.005724966 1394.42
0.006732372 1443.54
0.01133619 1315.361
0.01780468 1284.834
0.02146074 1313.381
0.01013617 1389.11
0.01312039 1383.673
0.01985098 1485.186
0.03310605 1478.48
0.03501233 1324.524
0.05153628 1296.368
0.04119773 1233.886
0.04160486 1247.654
0.02259844 1196.622
0.01727234 1220.408
0.0201517 1237.336
0.01365461 1189.629
0.01167766 1170.467
0.008762502 1136.303
0.02209741 1075.655
0.03269505 1073.812
0.02413295 1015.806
0.02511035 1035.011
0.02574432 1038.55
0.0174732 1096.508
0.02613714 1095.439
0.01604021 1055.152
0.0227279 1045.394
0.02232086 1060.061
0.04629467 1007.143
0.05846611 1083.566
0.04865037 1053.596
0.03282967 1117.925
0.05009726 1142.314
0.0367605 1217.066
0.02554473 1111.781
0.008071935 1115.868
0.01388584 1214.22
0.0182844 1286.03
0.01871619 1242.981
0.02230224 1191.91
0.02110538 1220.321
0.01098477 1315.964
0.008575671 1288.052
0.008377362 1374.06
0.009093243 1538.699
0.01521744 1724.783
0.0181942 1829.358
0.01379361 1858.476
0.01358976 1898.499
0.01061048 2012.814
0.01677864 2045.929
0.02812266 2091.719
0.03026447 2052.6
0.02235072 2073.332
0.01269772 2163.381
0.01657179 2322.445
0.01305955 2181.544
0.02576251 2224.804
0.01086348 2337.456
0.01613168 2321.617
0.01688482 2363.226
0.01878833 2449.971
0.007194535 2589.126
0.01158805 2561.093
0.02404907 2572.815
0.02571843 2454.218
0.002903747 2316.756
0.0113723 2190.331
0.01694485 2190.289
0.03270836 2112.881
0.01611697 1965.967
0.01819309 1935.751
0.01616958 1940.545
0.01585292 1937.421
0.02295128 1790.542
0.0315858 1735.245
0.04507788 1731.585
0.03844251 1697.125
0.01159244 1645.827
0.01642837 1740.125
0.02717029 1839.916
0.03191905 1846.152
0.02416889 1948.519
0.03973813 2146.021
0.04163047 2055.446
0.01902281 2065.858
0.01760211 1946.088
0.01771016 1980.391
0.01391969 1957.693
0.02334767 1953.845
0.0255135 1980.072
0.02808689 2016.566
0.01478931 1864.979
0.01054568 1973.651
0.02373154 1949.92
0.02207728 1954.659
0.01098676 2081.239
0.01073771 2185.722
0.01588725 2261.116
0.006133699 2285.781
0.0008333886 2111.718
0.01049431 2154.452
0.01719677 2168.338
0.01219223 2207.023
0.01808102 2169.761
0.02494269 2265.035
0.008846774 2392.818
0.006445312 2371.037
0.01239519 2319.499
0.01890425 2219.231
0.02714514 2215.768
0.02251889 2287.328
0.01427822 2325.067
0.02266841 2295.669
0.01690228 2349.141
0.01480451 2220.645
0.02075831 2226.779
0.01778448 2162.709
0.01134756 2313.098
0.0194861 2248.059
0.02187895 2274.587
0.01791527 2347.87
0.02436222 2308.066
0.01704197 2193.907
0.01625333 2149.214
0.02195744 2230.701
0.02260069 1982.933
0.01119202 1916.311
0.0181146 1936.056
0.03539551 1917.709
0.03637797 2005.312
0.02438374 1843.823
0.02775442 1758.355
0.03434472 1697.991
0.0386919 1825.056
0.04361968 1809.698
0.02146943 1665.718
0.01425224 1753.597
0.02787042 1727.222
0.02050643 1660.019
0.04611956 1685.556
0.04409264 1766.496
0.04676983 1741.334
0.05373284 1747.725
0.03992165 1602.687
0.03974473 1543.4
0.06312089 1740.356
0.0434834 1748.4
0.02307071 1658.447
0.01696977 1643.389
0.02414749 1712.276
0.03050099 1637.451
0.02711258 1610.877
0.06952896 1739.799
0.05389449 1599.029
0.02121326 1686.929
0.009324835 1788.015
0.02055153 1771.189
0.03021202 1768.868
0.03490059 1800.739
0.02911797 1991.318
0.03100612 1936.406
0.02127092 1859.487
0.01313509 1849.172
0.02200747 1863.9
0.02771623 1691.328
0.02061183 1664.886
0.03138685 1680.91
0.02741468 1648.443
0.02413 1615.028
0.02029948 1531.621
0.01371011 1541.739
0.01905952 1517.888
0.03107242 1632.83
0.006789449 1570.803
0.01126864 1443.942
0.005878744 1591.888
0.01832463 1528.742
0.02993908 1523.373
0.01797194 1542.837
0.04120454 1621.444
0.03998803 1625.296
0.03696153 1683.511
0.02251439 1646.129
0.008615261 1536.635
0.03050893 1552.585
0.0525071 1641.171
0.06521663 1666.627
0.07099372 1649.154
0.05909529 1702.591
0.03493884 1703.897
0.02967361 1554.594
0.02443838 1686.781
0.02419663 1786.709
0.0172565 1881.312
0.02934964 1757.386
0.02442355 1774.629
0.04633696 1769.878
0.02739264 1953.165
0.0141674 1963.902
0.006865789 2103.95
0.01468389 2149.267
0.01600706 2119.567
0.01445216 2210.22
0.008431091 2288.408
0.01419037 2287.193
0.004228705 2447.923
0.009509462 2288.618
0.01005443 2314.121
0.02026231 2424.722
0.02979077 2522.161
0.02157973 2555.413
0.03945976 2305.963
0.0251909 2529.151
0.01144412 2484.231
0.0202302 2502.071
0.009841019 2602.399
0.01524647 2465.752
0.01490986 2612.121
0.01160301 2495.831
0.0232366 2441.624
0.01039518 2473.611
0.01417105 2515.955
0.01350605 2625.836
0.03926965 2732.901
0.02577319 2541.06
0.03066991 2306.124
0.01232026 2208.352
0.01738155 2239.11
0.01570364 2492.844
0.01561272 2438.859
0.01960782 2543.824
0.02663683 2657.646
0.03349211 2580.241
0.02326904 2364.124
0.02441604 2419.513
0.01673575 2417.53
0.02652499 2461.307
0.005878585 2421.939
0.01326831 2399.065
0.02843981 2355.676
0.01505995 2338.68
0.006013497 2473.233
0.01155223 2423.934
0.01583112 2474.937
0.02426027 2453.068
0.01738567 2427.411
0.02310147 2207.744
0.01164161 2199.449
0.009290337 2070.456
0.006487598 1926.104
0.009227958 1880.805
0.01444319 1840.598
0.01199987 1892.852
0.01173954 1968.358
0.01728378 2007.177
0.02066407 2063.119
0.02242957 1959.371
0.01662989 1874.177
0.01216981 1858.529
0.0293099 1709.298
0.01707445 1819.459
0.01091274 1835.338
0.0183511 1965.167
0.01136041 1904.618
0.01724388 1812.375
0.0133982 1813.783
0.01378115 1927.324
0.008577308 1897.75
0.01831861 1780.134
0.0133768 1819.97
0.009712787 1943.476
0.02384055 2018.694
0.04014352 1861.501
0.04168566 1772.564
0.05531564 1788.827
0.03641951 1965.785
0.02980474 2047.454
0.03701575 1989.047
0.05175246 1851.889
0.03406701 1923.426
0.02728721 2025.768
0.02249236 1987.879
0.01270531 2143.914
0.01866277 2164.908
0.01773265 2102.492
0.02671316 2171.404
0.04352389 2279.107
0.0443888 2297.115
0.0442326 2435.432
0.02767931 2372.841
0.01565823 2424.473
0.01224349 2436.914
0.005106926 2630.764
0.01446781 2462.325
0.00304661 2435.463
0.006502166 2519.602
0.01269874 2713.333
0.02991711 2837.961
0.03455353 2811.618
0.01948021 2872.256
0.02252933 2824.983
0.02282972 2821.739
0.01829734 2901.607
0.02872384 2738.549
0.03068056 2782.095
0.01451153 3172.233
0.005219015 3243.201
0.006338092 3180.448
0.01631105 2998.934
0.01320221 2945.976
0.01513005 3066.596
0.017427 3177.965
0.01012611 3061.044
0.01634171 3118.516
0.01682664 3161.88
0.009204276 3150.815
0.01635147 3323.143
0.01322542 3115.083
0.02112142 3130.899
0.02462292 2987.101
0.01324316 3105.663
0.01182253 2926.849
0.02238988 3093.702
0.01930739 2820.451
0.02420184 2867.765
0.0245152 2584.458
0.04762507 2507.587
0.03220578 2489.889
0.03961943 2527.626
0.02750988 2357.453
0.03070017 2351.947
0.01583492 2336.852
0.01701544 2231.306
0.006809042 2384.672
0.008080809 2514.746
0.006824497 2705.562
0.008659821 2549.344
0.01237465 2525.366
0.008486294 2432.02
0.01805614 2292.027
0.02005884 2263.097
0.01716097 2218.568
0.02322769 2095.43
0.02326075 2050.956
0.02686033 2122.622
0.01963333 2217.411
0.02989332 2166.64
0.02793674 2139.495
0.01657119 2207.993
0.02493329 2261.763
0.02739711 2305.674
0.02568299 2400.633
0.01777186 2401.339
0.0286173 2344.37
0.05552728 2489.144
0.02617347 2606.862
0.01090118 2429.457
0.02149585 2427.852
0.01424237 2552.385
0.02483055 2706.58
0.03341022 2661.362
0.02607846 2752.918
0.01942822 2991.827
0.01465204 2654.653
0.01956084 2788.678
0.04197827 2752.908
0.03630853 2783.704
0.02519836 2596.769
0.02476415 2720.508
0.03214496 2679.201
0.0201817 2652.25
0.02553853 2705.102
0.009498588 2525.757
0.02555433 2340.032
0.0184872 2288.569
0.01360966 2354.522
0.03717404 2170.629
0.0310811 2214.641
0.03680138 2239.344
0.04414411 2238.951
0.0318628 2146.193
0.0317553 2209.487
0.02420035 2194.951
0.01134017 2222.807
0.008935534 2276.11
0.01803246 2339.944
0.008688062 2292.909
0.01040168 2293.376
0.009685705 2168.626
0.01387875 2159.737
0.01496844 1961.799
0.01197482 1998.334
0.009046188 1980.536
0.01513545 1930.182
0.01044626 1799.547
0.01752825 1766.112
0.01066176 1666.342
0.007821539 1797.369
0.02145068 1853.031
0.01637031 1907.577
0.01139208 2049.738
0.01486772 1826.757
0.02283276 1703.709
0.01999672 1689.548
0.02460306 1752.689
0.02586982 1859.923
0.0134737 1921.003
0.02015399 1848.832
0.01351769 1778.313
0.02082978 1780.879
0.03838189 1811.746
0.03787928 1882.601
0.03397101 1852.157
0.02987556 1924.12
0.02215455 1968.434
0.03201087 2072.668
0.03897664 2048.059
0.02985211 1934.095
0.03415741 1897.052
0.02695846 1796.954
0.02012711 1806.519
0.01962313 1876.027
0.01177931 1805.888
0.02536405 1812.021
0.02923364 1765.161
0.01403538 1759.795
0.007825226 1962.065
0.01353876 2022.369
0.01671008 2113.069
0.02648307 2135.841
0.03522805 1966.35
0.02645885 1872.481
0.02485645 1798.61
0.01875077 1992.41
0.0163448 2036.523
0.006430085 1941.56
0.009412394 1929.269
0.0120543 1967.604
0.00972363 2007.674
0.0136783 1956.488
0.03198303 2196.881
0.02942469 2275.158
0.02141786 2179.411
0.01225126 2116.461
0.004503207 2009.955
0.005603909 2005.458
0.00788142 2069.348
0.01500078 2122.224
0.01694972 2288.289
0.02371311 2216.972
0.01626741 2249.816
0.02280832 1969.968
0.03147659 2093.553
0.02943825 2043.101
0.02122377 1987.382
0.01325655 2040.802
0.0186227 2010.31
0.02138957 2139.214
0.01108789 2246.26
0.01593868 2115.87
0.01217892 2050.553
0.0181101 1932.605
0.01841023 1860.675
0.01898805 1980.006
0.01564555 1987.625
0.01305814 2152.321
0.03216345 2010.156
0.01188534 2149.778
0.02891269 1928.872
0.02026102 1936.331
0.01073372 1942.146
0.01290934 1909.285
0.02173901 1857.98
0.02005677 1858.929
0.01423706 1831.162
0.01970069 1727.572
0.01040449 1725.858
0.01314065 1655.958
0.01783741 1641.634
0.03003056 1642.079
0.01011505 1729.207
0.02396994 1814.847
0.0200598 1827.934
0.02671232 1978.549
0.02280577 2025.672
0.01060384 2128.755
0.01507858 2036.819
0.01193982 2071.62
0.008938512 2183.135
0.02000739 2035.121
0.01584201 1865.762
0.01769029 2006.462
0.01394661 2111.476
0.02845557 2023.793
0.0108872 1954.679
0.02616947 1896.193
0.02952187 1924.83
0.03572915 2015.646
0.01219905 1811.879
0.01898952 1794.806
0.01946643 1879.866
0.0234384 1973.919
0.03213691 1887.377
0.01455537 1928.319
0.02032667 2018.634
0.01660612 2009.376
0.01665768 2064.909
0.02028253 2256.483
0.01727316 2259.332
0.02025772 2200.862
0.01128828 2191.766
0.01948557 2329.901
0.01372851 2571.49
0.008722457 2715.668
0.01658848 2624.139
0.01714274 2849.959
0.0178868 2669.678
0.006820384 2832.916
0.009579871 2723.567
0.01245308 2945.429
0.01302238 2996.83
0.009491381 3082.966
0.006764678 3214.221
0.009173447 3223.859
0.01540492 3144.675
0.01488132 3306.714
0.01615487 3285.787
0.03372899 3248.534
0.02480848 3117.286
0.01942968 3003.383
0.03017145 2778.549
0.01141051 2793.895
0.01129107 2613.404
0.004719328 2679.786
0.00518214 2634.264
0.007051308 2510.401
0.02039855 2588.87
0.02674434 2652.544
0.02518874 2671.787
0.02174747 2700.888
0.01711849 3002.099
0.02070488 3010.608
0.01609486 2942.93
0.02377863 3036.975
0.0244856 2843.297
0.01687646 3112.128
0.0156125 2934.344
0.01057833 3066.079
0.02519574 3065.224
0.01147724 3102.33
0.02168519 3124.33
0.01308428 3322.49
0.02482395 3308.239
0.02176052 3280.338
0.02062489 3422.626
0.01879389 3490.767
0.01849499 3341.554
0.01941997 3176.355
0.02714985 3100.152
0.01670566 2976.847
0.009666865 2926.411
0.01154673 2824.124
0.01372778 2907.967
0.01079334 2825.749
0.02067457 2506.426
0.006213379 2317.796
0.01106432 2217.428
0.01379389 2192.27
0.01189407 2293.798
0.01660248 2222.971
0.01520468 2125.522
0.00703423 2160.797
0.01359134 2078.802
0.01244741 2081.32
0.02004331 2076.341
0.0222839 2092.024
0.00499786 2025.115
0.006482221 2165.946
0.00759289 1977.3
0.007348473 1907.392
0.001259103 2024.338
0.01029055 2018.686
0.009615813 1988.755
0.01992099 2132
0.02642268 2053.382
0.02227187 1931.189
0.04047029 1841.487
0.01990585 1815.821
0.02905949 1760.573
0.01890254 1739.542
0.01837158 1779.561
0.0242001 1840.879
0.02550102 1682.24
0.009533059 1721.177
0.01188988 1769.333
0.01134753 1832.414
0.01556294 1820.811
0.01436838 1933.253
0.02142844 1829.77
0.01779576 1809.326
0.03164223 1800.953
0.02028599 1789.091
0.04498544 1673.473
0.0488329 1650.041
0.01915204 1698.763
0.01477054 1700.02
0.01706534 1745.345
0.02023871 1760.079
0.03232112 1833.584
0.02771683 1878.383
0.01521385 1720.452
0.02612733 1654.688
0.02966713 1625.37
0.02313688 1593.249
0.01943907 1702.357
0.02303463 1559.435
0.03673259 1596.077
0.04247696 1564
0.04349452 1606.977
0.05850911 1500.642
0.05069467 1514.467
0.04059106 1415.618
0.0277419 1443.093
0.03324814 1441.84
0.0289041 1390.055
0.02731509 1456.775
0.06248298 1501.604
0.04417319 1558.429
0.03090821 1538.28
0.02190903 1574.828
0.01220394 1595.728
0.01718907 1637.899
0.006013347 1633.194
0.00723369 1603.612
0.004551328 1583.899
0.007126573 1665.457
0.02100009 1568.752
0.01749443 1442.823
0.009070961 1534.585
0.01863363 1555.711
0.01728516 1575.741
0.01692034 1574.671
0.002955835 1588.138
0.01903863 1607.137
0.0104935 1556.39
0.008776294 1642.822
0.02928494 1724.497
0.02633098 1788.483
0.02426826 1699.621
0.004236295 1722.533
0.002161994 1832.135
0.006197557 1817.13
0.01687995 1836.28
0.01688987 1922.452
0.01164224 1950.573
0.008933145 1986.27
0.01925495 1991.812
0.02525838 2092.83
0.02446983 1956.334
0.04389251 1946.52
0.05811726 1935.735
0.02973457 1876.231
0.0290809 1881.688
0.02366005 1934.167
0.0350165 1928.652
0.02361644 1846.761
0.02105585 1898.559
0.02101115 1783.319
0.03252294 1675.697
0.02079806 1725.283
0.02255447 1803.225
0.03016109 1649.155
0.02840107 1698.382
0.01831691 1724.816
0.009279883 1808.062
0.01874798 1779.95
0.02399622 1860.402
0.02343151 1955.706
0.02194751 1923.805
0.02168041 2003.506
0.0191052 1976.09
0.02100597 2010.2
0.03639863 2021.614
0.05196377 2071.61
0.02469282 2134.327
0.04148097 2149.536
0.02865629 2089.228
0.02126529 2069.386
0.01858984 2155.914
0.010586 2166.064
0.02202189 2329.296
0.01664184 2290.975
0.009793579 2334.263
0.00596447 2521.175
0.009117557 2592.356
0.002789319 2656.571
0.01632055 2598.896
0.005554643 2747.43
0.02683775 2573.132
0.03668653 2617.828
0.03042378 2913.061
0.004269958 2844.664
0.005269818 2806.651
0.008133752 2567.905
0.01380011 2674.51
0.02542917 2583.795
0.01031083 2337.652
0.01010231 2458.143
0.02271906 2435.035
0.008715737 2489.562
0.00772455 2599.491
0.004723996 2579.713
0.01019499 2460.198
0.03087626 2291.287
0.02614512 2255.213
0.02987919 2277.376
0.02420819 2368.785
0.02837917 2387.186
0.0234776 2369.947
0.02277576 2627.819
0.03812057 2581.106
0.04061012 2524.494
0.04431814 2365.951
0.04336171 2366.888
0.0316905 2317.465
0.02412947 2271.59
0.01661182 2259.14
0.01498343 2112.515
0.02382925 2210.144
0.01168729 2270.436
0.03150951 2278.836
0.0322567 2218.705
0.0187659 2335.122
0.03380386 2263.61
0.01116863 2361.931
0.008253316 2098.142
0.009828631 1953.349
0.01040446 1778.355
0.013161 1858.159
0.006117684 1831.353
0.00271278 1949.808
0.003579009 1840.122
0.005122009 1721.533
0.005568866 1869.283
0.007789735 1902.042
0.007520202 1777.231
0.01562759 1901.253
0.01403105 1818.292
0.02716841 1737.852
0.01639623 1852.258
0.0115578 1842.226
0.01726946 1921.815
0.02500499 1818.502
0.01445439 1682.659
0.01572884 1807.01
0.01098378 1725.422
0.01592477 1679.696
0.01681592 1652.776
0.009888315 1790.27
0.0130385 1856.599
0.01156629 1949.557
0.008718289 1947.396
0.008696181 2043.749
0.005487918 2043.842
0.01627883 2000.97
0.01181731 1973.009
0.018377 2149.68
0.01484255 2069.518
0.0110966 2175.741
0.02631012 2067.014
0.01681452 2087.177
0.01328622 2181.759
0.009761035 2391.346
0.01421784 2348.275
0.01366975 2206.514
0.01988679 2202.519
0.01477719 2182.063
0.008875267 2217.113
0.003497156 2294.302
0.009939206 2269.439
0.01057107 2110.956
0.0190017 2120.145
0.01430748 2085.238
0.02044347 2128.159
0.02167252 2082.742
0.03415928 2023.616
0.02600349 1905.842
0.02868828 1988.351
0.01558407 2108.04
0.01986605 2287.18
0.02514216 2406.524
0.009346546 2205.308
0.02624518 2252.817
0.02201931 2526.539
0.02235862 2416.934
0.02672709 2516.793
0.04205906 2529.106
0.04500849 2601.378
0.02269352 2726.081
0.008885309 2786.465
0.008820527 2686.718
0.006339021 2904.006
0.01530694 2889.308
0.02213135 3050.224
0.02212508 2689.251
0.03062524 2646.989
0.0309995 2641.245
0.03462664 2600.288
0.03634208 2545.64
0.02779781 2676.614
0.01402547 2560.956
0.01137236 2657.729
0.009656959 2383.181
0.01179221 2377.676
0.006353205 2200.74
0.006089384 2324.423
0.004130563 2429.169
0.01008143 2439.828
0.01612924 2478.405
0.0186138 2573.767
0.01410013 2572.996
0.0233149 2459.434
0.01005259 2330.557
0.005346102 2480.111
0.008723923 2241.432
0.01360089 2292.893
0.01032926 2350.013
0.009567099 2281.359
0.01238481 2421.612
0.01177007 2435.319
0.006807042 2363.967
0.01845259 2407.749
0.0168317 2335.427
0.01346755 2290.709
0.01348084 2368.039
0.01938384 2352.391
0.009856148 2267.381
0.01210652 2391.377
0.02328004 2564.631
0.02429689 2438.701
0.02169409 2479.036
0.01362577 2449.39
0.02666291 2606.632
0.02839879 2632.369
0.02469542 2547.213
0.02028697 2694.104
0.04571564 2828.728
0.02190226 2688.838
0.0174531 2807.104
0.01329286 2809.128
0.01923249 2864.631
0.01873638 2884.181
0.02267607 2960.468
0.0128291 3007.924
0.01011722 2884.509
0.02214583 3006.181
0.01519845 2954.115
0.01047752 2824.972
0.008781548 2844.614
0.02534587 2796.426
0.02151015 2888.772
0.01546598 3074.146
0.03201014 3148.654
0.02072298 3231.739
0.006377441 3133.408
0.01387709 2974.896
0.01277848 2955.288
0.0407082 2872.99
0.03141316 2867.183
0.04155785 2870.33
0.03600888 2847.542
0.03289138 2780.034
0.0205972 2853.199
0.01170479 2694.283
0.01363985 2619.74
0.03285625 2628.711
0.01609837 2595.166
0.009782817 2636.918
0.01779406 2614.237
0.01433118 2669.492
0.01270744 2605.204
0.009750602 2650.743
0.01298812 2656.575
0.004270233 2587.845
0.01225243 2907.482
0.01620572 2786.069
0.01307543 2636.765
0.002044376 2753.015
0.001773977 2695.682
0.003806448 2658.664
0.008531002 2640.201
0.01637554 2655.168
0.008343744 2681.245
0.01342799 2600.988
0.01852234 2671.592
0.008345459 2661.614
0.0117847 2851.216
0.009319418 2776.321
0.01152767 2876.139
0.009467742 2745.514
0.01420538 2681.692
0.01316105 2709.367
0.01347511 2556.782
0.01119839 2478.509
0.01567773 2396.883
0.01751133 2510.759
0.008343992 2174.295
0.01861353 2137.187
0.006631669 2110.415
0.01468687 2192.616
0.0184769 2273.862
0.008376212 2262.481
0.01734994 2007.632
0.006439476 1981.774
0.02353139 2106.63
0.02469556 1850.874
0.01244851 1900.558
0.01386538 1858.72
0.02277618 1784.711
0.02673195 1741.155
0.01038883 1663.299
0.01416599 1665.92
0.01939528 1734.92
0.01518894 1831.791
0.0260517 1891.494
0.01670943 2109.355
0.02338759 1979.309
0.03481836 1919.596
0.04673221 1925.218
0.03478837 2048.577
0.03031409 2178.166
0.01702177 2037.738
0.01131942 1964.767
0.01185693 1894.817
0.007027241 1817.805
0.006747975 1661.258
0.004754472 1629.407
0.002831076 1695.101
0.003254533 1694.279
0.01341118 1743.724
0.02086754 1771.258
0.03551021 1779.425
0.03691967 1861.291
0.0327708 1954.544
0.01298931 1973.807
0.01302285 1950.97
0.01251785 2068.466
0.01859255 1997.355
0.02040935 1861.006
0.02087233 1835.277
0.01617759 1840.744
0.0319114 2058.723
0.02256383 2123.777
0.01473 2116.897
0.007445662 1989.265
0.002723802 1975.361
0.008752699 1924.745
0.01314286 2141.284
0.01315014 2265.827
0.00618771 2219.601
0.01320828 2232.578
0.009372167 2328.398
0.002951087 2188.267
0.0185181 2322.103
0.01879501 2405.098
0.007477895 2441.667
0.009888127 2460.947
0.03317683 2346.194
0.02142016 2473.189
0.0119417 2343.657
0.001977352 2338.163
0.009883817 2302.372
0.01578749 2312.758
0.0177125 2222.881
0.01220059 2309.308
0.0184556 2397.056
0.005696573 2410.915
0.006221863 2368.275
0.008001473 2421.065
0.01141764 2477.86
0.0196979 2446.676
0.01998282 2492.078
0.004509345 2610.382
0.005804193 2553.558
0.01609967 2712.455
0.006913403 2652.166
0.01340633 2586.058
0.01072212 2482.541
0.008661042 2744.417
0.01075756 2542.739
0.01588401 2442.572
0.006003606 2462.216
0.01320802 2430.483
0.01698432 2410.891
0.009741508 2652.461
0.01002852 2720.559
0.01537516 2541.211
0.00437977 2864.008
0.01354309 3020.098
0.009611832 2976.702
0.01580729 3142.929
0.01457611 3032.785
0.0240475 3157.388
0.0155813 3058.516
0.01790018 2947.039
0.02684906 3035.829
0.01755255 2884.757
0.01373025 2871.125
0.01822873 2711.415
0.02107286 2781.041
0.02120644 2682.307
0.01262042 2592.781
0.01588421 2373.308
0.01999679 2405.249
0.01274023 2345.691
0.007971961 2396.988
0.009960416 2389.157
0.01502792 2275.472
0.02239862 2208.901
0.01642997 2184.447
0.006742506 2174.043
0.007392487 2226.896
0.008243929 2253.564
0.01909057 2433.816
0.01998809 2424.549
0.01432165 2179.647
0.003351479 2124.407
0.008625109 2183.56
0.003212465 2183.18
0.01258454 2398.678
0.005939029 2457.968
0.0198011 2553.943
0.02081761 2744.731
0.01861685 2789.826
0.01759307 2846.484
0.02877403 3131.008
0.0154198 2995.36
0.004178536 3052.224
0.01131716 2908.487
0.006038811 2995.766
0.01317543 2972.145
0.02391199 2941.328
0.01621784 3084.928
0.02167224 3368.29
0.02664015 3419.301
0.02195462 3509.451
0.02004785 3302.374
0.01730168 3198.557
0.02266151 3044.181
0.01656916 3143.714
0.02063957 3028.319
0.01782348 2890.925
0.00979818 2739.119
0.01812643 2712.185
0.0171409 2604.998
0.006372113 2518.6
0.005456965 2680.288
0.01066428 2617.072
0.0185915 2807.114
0.0352332 2952.311
0.01729072 3014.06
0.02418012 3005.63
0.02469404 2901.332
0.02252487 3026.874
0.009996982 3095.855
0.01392039 3156.412
0.01048761 3043.313
0.01914596 2975.635
0.01369219 2979.318
0.00848221 3122.09
0.01575328 3126.585
0.02185428 3132.13
0.02265384 3050.806
0.01868932 3142.479
0.01582198 2957.55
0.005554804 2733.994
0.01417449 2577.114
0.02135681 2495.56
0.03148224 2388.091
0.0286128 2532.454
0.02613362 2699.743
0.01507867 2677.226
0.01287986 2808.316
0.01439577 2771.088
0.01681484 2751.178
0.007957951 2858.529
0.01334876 2636.286
0.01193927 2507.31
0.0179427 2383.359
0.02398879 2536.385
0.0219789 2318.749
0.03675893 2230.526
0.03513248 2163.821
0.02196999 2161.942
0.02524907 2305.955
0.01271657 2574.701
0.01002963 2672.451
0.02691805 2688.696
0.0157871 2551.546
0.02071955 2462.933
0.01420787 2443.294
0.01663453 2370.352
0.02244934 2209.786
0.01689788 2227.091
0.003967318 2251.76
0.007774926 2424.547
0.01203391 2488.158
0.004488107 2510.643
0.01246351 2547.762
0.01460875 2393.058
0.02227939 2246.696
0.02554458 2170.931
0.005080644 2478.126
0.01331905 2532.977
0.008722033 2535.944
0.02111934 2588.951
0.02086473 2441.657
0.02717107 2402.361
0.03064583 2456.212
0.01160361 2314.02
0.01639837 2523.549
0.003413016 2943.07
0.009637453 2719.598
0.01686569 2761.632
0.02125141 2768.042
0.0187836 2943.908
0.01402953 2894.447
0.01450208 2743.59
0.01318077 2658.207
0.01357176 2536.068
0.01357507 2568.529
0.009899784 2477.001
0.01129139 2743.556
0.009322693 3013.101
0.01816341 3077.163
0.03601093 2945.137
0.02658004 3061.772
0.005591867 3078.897
0.005717216 3084.617
0.003056908 3013.625
0.008376647 3175.35
0.009479115 3049.804
0.01683802 2948.464
0.01038895 2865.489
0.01227702 2898.863
0.01725118 2867.444
0.01948875 2636.341
0.03466314 2564.141
0.02168644 2545.509
0.01792597 2537.006
0.01711027 2556.665
0.010218 2581.699
0.02505102 2657.479
0.02741272 2528.953
0.0186429 2449.32
0.02054664 2468.046
0.02830673 2304.274
0.03222414 2258.482
0.02644608 2466.394
0.01112034 2630.497
0.01811997 2711.264
0.01301766 2653.795
0.01150827 2622.85
0.01074096 2536.242
0.01513348 2348.156
0.0181285 2263.357
0.0177261 2035.484
0.01643632 2112.412
0.008717242 2185.799
0.01477884 2279.505
0.009845725 2240.13
0.0132001 2193.344
0.03307348 2117.389
0.01810145 1972.962
0.02022645 1898.908
0.02774559 1903.066
0.0364949 1811.89
0.02704434 1767.8
0.02159372 1598.311
0.02310169 1552.901
0.02161582 1509.906
0.02410059 1516.19
0.03189216 1474.205
0.02159816 1548.654
0.03194849 1650.243
0.03267396 1851.698
0.01932049 1739.372
0.0271191 1719.254
0.01546569 1741.899
0.01264733 1698.798
0.01593419 1627.888
0.01423762 1745.283
0.01823625 1725.064
0.01671601 1713.922
0.008221332 1748.624
0.02335961 1686.013
0.02687908 1652.317
0.02264182 1614.229
0.01677753 1754.405
0.02746187 1710.103
0.02108793 1679.642
0.03147789 1651.113
0.02571672 1730.894
0.01909431 1725.688
0.04171025 1639.206
0.02478991 1468.669
0.01318866 1547.771
0.01411238 1611.02
0.01694821 1770.053
0.02203963 1815.265
0.02838439 1706.85
0.03483201 1702.73
0.02810459 1635.789
0.03811148 1556.198
0.02080067 1553.155
0.03364583 1503.025
0.03043512 1511.243
0.01700005 1615.16
0.02715955 1631.093
0.03776763 1548.5
0.02786498 1576.51
0.01745916 1655.384
0.01796501 1689.384
0.0220152 1728.155
0.01843643 1817.904
0.02200168 1897.321
0.02518158 1925.563
0.0196191 1929.813
0.017006 2049.224
0.01648725 1937.993
0.02053192 1900.736
0.0111615 1958.671
0.01389328 1899.456
0.0222087 1864.07
0.02520272 1900.634
0.03419278 2017.193
0.04272374 2030.149
0.03687139 1880.065
0.05575454 2056.509
0.03536192 2137.853
0.04015657 2180.809
0.01620889 2159.841
0.01477204 2245.021
0.01302399 2178.551
0.01212705 2378.469
0.01029002 2472.7
0.01101758 2503.304
0.01493485 2518.302
0.02128276 2438.584
0.02942898 2496.25
0.0289185 2525.508
0.03388723 2489.834
0.01980573 2664.636
0.03460791 2595.747
0.04187049 2628.168
0.02721198 2409.295
0.01153688 2587.859
0.02435713 2767.637
0.008300479 2743.103
0.008592268 2588.954
0.02737222 2565.95
0.01518927 2466.294
0.006939535 2420.71
0.008641481 2441.958
0.005453116 2507.056
0.01243274 2499.371
0.01215552 2358.647
0.005659213 2420.45
0.01318092 2348.997
0.02140302 2445.301
0.01291258 2408.298
0.008394033 2491.478
0.01671788 2514.078
0.01194695 2400.331
0.003158885 2399.765
0.002843526 2314.437
0.02342997 2391.489
0.009499686 2389.401
0.01142535 2456.063
0.01749064 2365.956
0.0144001 2317.652
0.01424899 2365.313
0.01223803 2460.443
0.02037591 2427.538
0.01614619 2528.718
0.01384625 2558.267
0.02922486 2446.933
0.01620665 2270.973
0.02069173 2242.585
0.02071596 2313.316
0.02091839 2336.966
0.02458144 2282.049
0.02036788 2348.311
0.01498965 2264.456
0.01208564 2201.338
0.01159322 2194.62
0.01851504 2078.911
0.01781774 1914.074
0.03613579 1848.616
0.04145145 1863.075
0.039431 1874.058
0.01489329 1817.773
0.01020286 1823.576
0.02249981 1899.313
0.0125803 1885.271
0.01612011 1800.554
0.004261478 1868.916
0.01053394 1809.352
0.02333154 1729.578
0.02980401 1668.996
0.03880398 1724.719
0.05536042 1710.067
0.03664772 1667.889
0.02214804 1810.946
0.04550009 1725.332
0.05054233 1719.334
0.04240009 1724.221
0.03909643 1635.31
0.02900739 1624.759
0.02973249 1443.211
0.001922351 1510.429
0.001956208 1473.856
0.007745029 1535.025
0.007881724 1495.857
0.02020754 1528.985
0.035982 1570.232
0.03571008 1604.934
0.02563389 1500.868
0.01660219 1464.676
0.01760893 1573.784
0.01564073 1568.372
0.02673201 1518.616
0.02121946 1493.109
0.02755565 1490.75
0.02925057 1605.439
0.04176793 1716.961
0.0229467 1723.063
0.01995008 1768.096
0.00922024 1635.808
0.01871242 1641.354
0.0109295 1608.225
0.03022148 1630.658
0.02256079 1595.974
0.02354787 1485.999
0.01095129 1548.683
0.01478976 1554.431
0.0201129 1458.926
0.0231282 1498.845
0.02301429 1413.459
0.03617447 1351.985
0.05252156 1415.717
0.04225017 1538.245
0.04376424 1408.82
0.02718811 1455.492
0.05118588 1429.002
0.05460681 1352.564
0.05585548 1366.709
0.03679363 1315.727
0.0422544 1402.788
0.05348275 1497.932
0.04107812 1543.895
0.02800898 1476.485
0.04671244 1437.598
0.04812275 1427.731
0.02249092 1331.012
0.02398237 1381.58
0.01433479 1442.178
0.006590404 1603.374
0.01775292 1582.104
0.01512977 1549.702
0.01508364 1618.562
0.02374386 1674.752
0.02468203 1648.802
0.02112384 1796.153
0.02278223 1661.952
0.04650386 1518.766
0.02778455 1452.782
0.01995139 1427.029
0.0294431 1412.799
0.03929901 1393.277
0.02979105 1422.281
0.02198784 1366.144
0.02829886 1444.089
0.03375904 1363.291
0.02166461 1455.913
0.03129133 1475.856
0.01233201 1485.03
0.01138775 1638.646
0.03357336 1651.507
0.03642788 1633.877
0.01684892 1657.833
0.01612728 1692.503
0.02101552 1653.554
0.01477324 1615.469
0.01487712 1709.059
0.008885782 1731.254
0.009805812 1754.851
0.01589438 1709.014
0.02368079 1721.486
0.03169697 1679.266
0.03871745 1677.234
0.01739834 1744.505
0.009596795 1832.994
0.001074853 1829.641
0.008165005 1798.549
0.01128064 1644.369
0.0120825 1657.333
0.01863455 1622.456
0.02036779 1566.249
0.0419521 1629.182
0.02516459 1619.314
0.003541337 1643.632
0.01321643 1803.516
0.02056423 1705.917
0.03748993 1821.473
0.01836725 1924.6
0.01443064 1947.584
0.009853209 2023.77
0.01156801 2064.807
0.01694097 1998.536
0.008855592 1917.548
0.01545455 1855.417
0.01160583 1922.621
0.007821298 1826.002
0.01011702 1929.332
0.01203657 1774.327
0.01615047 1822.253
0.01983714 1802.495
0.01865697 1826.248
0.01661054 1881.792
0.005713601 1913.867
0.004659623 2030.495
0.005412113 2067.499
0.007456306 2322.833
0.001500862 2398.172
0.01127529 2427.405
0.005603887 2352.943
0.005600208 2522.521
0.01510943 2652.055
0.02613732 2609.307
0.02693703 2759.062
0.00406464 2501.389
0.01433759 2482.482
0.01089363 2444.093
0.01918376 2445.458
0.01347068 2359.023
0.01376684 2458.42
0.009889281 2361.382
0.02418184 2366.694
0.02458374 2221.929
0.01547381 2124.516
0.02175488 2043.225
0.01075267 1893.489
0.01391837 1914.498
0.008763103 2052.95
0.01039776 2086.087
0.004434954 2249.131
0.008783349 2334.323
0.01220267 2550.936
0.0113112 2648.437
0.01148067 2810.29
0.01274958 2779.714
0.00527446 2835.679
0.004836341 2852.595
0.01985023 2743.958
0.006765084 2816.588
0.0192042 2644.557
0.0180185 2690.087
0.02676202 2571.955
0.02539135 2787.165
0.01553158 2524.838
0.01554087 2761.796
0.009952633 2630.263
0.01154763 2451.641
0.007239423 2387.98
0.007577418 2183.19
0.02612967 2355.957
0.0276543 2462.269
0.02330794 2353.372
0.02177286 2251.828
0.01469082 2431.808
0.01201788 2323.648
0.01012313 2219.966
0.01368113 2253.505
0.02449148 2354.485
0.01086334 2292.371
0.01890158 2305.204
0.02772386 2596.508
0.02735819 2492.422
0.01947341 2449.202
0.03300705 2467.795
0.02444146 2562.615
0.01928634 2539.129
0.02635799 2597.327
0.02333544 2748.639
0.01950334 2770.773
0.02712983 2786.968
0.0211849 2833.776
0.03198029 2946.771
0.01927951 3122.911
0.02705929 3084.53
0.03380041 3033.492
0.04228386 3050.743
0.02924067 3031.924
0.03440127 3379.509
0.02095903 3040.661
0.01179444 3067.794
0.03258713 3087.65
0.02081072 2877.307
0.0120732 3194.676
0.01688632 3267.641
0.04348458 3104.248
0.02342782 2996.551
0.01328424 2915.257
0.005636901 2820.408
0.01340344 2730.964
0.01641087 2654.459
0.01796273 2609.385
0.04336339 2609.469
0.02439832 2697.788
0.02320768 2555.213
0.0155628 2624.648
0.01263304 2851.368
0.01752367 2874.613
0.01378298 2790.932
0.01236613 2811.626
0.01699071 2838.168
0.006942912 2754.368
0.01100568 2765.805
0.004893424 2519.595
0.004800696 2721.51
0.01146629 2793.41
0.01745755 2694.631
0.007716491 2516.032
0.008628044 2584.261
0.006944654 2524.048
0.00694465 2390.88
0.006729353 2265.06
0.01283957 2285.803
0.02776585 2413.189
0.01354579 2417.612
0.01030256 2336.158
0.02606448 2374.418
0.02227087 2404.742
0.03143813 2250.011
0.03226353 2194.425
0.02424627 2167.962
0.0217728 2216.139
0.005540301 2005.98
0.01690391 1966.705
0.02870583 1882.234
0.01655683 1857.146
0.008177245 1907.551
0.01489173 1913.616
0.02209443 1862.368
0.01090512 1871.175
0.01471966 1813.882
0.0202 1932.655
0.01530049 1962.793
0.005038592 1939.549
0.003129194 1850.074
0.01615132 1707.404
0.0105242 1749.384
0.008621344 1662.177
0.007726065 1661.275
0.02359384 1647.355
0.006603243 1620.922
0.01454094 1652.344
0.01701263 1630.014
0.01082454 1700.505
0.01500325 1716.74
0.03806795 1727.644
0.03754122 1654.344
0.02738586 1783.947
0.02279476 1875.678
0.01881355 1917.574
0.02097591 2009.366
0.02528804 1928.944
0.02788787 1736.818
0.03657498 1853.372
0.03246643 1932.682
0.02736193 1777.365
0.01768898 1720.086
0.01738751 1712.955
0.0235134 1747.095
0.01324645 1786.109
0.01218783 1737.623
0.006584147 1914.428
0.008523627 2037.62
0.004414684 2149.451
0.007760407 2145.743
0.01550597 2274.83
0.01349718 2259.148
0.02800789 2253.894
0.02442764 2111.307
0.01750621 1981.975
0.01579239 1875.194
0.02988085 1911.574
0.03353123 1921.802
0.02658332 1998.804
0.0165859 2208.683
0.02448936 2213.059
0.006184328 2364.105
0.005252495 2483.367
0.01577554 2223.75
0.008651754 2282.838
0.01603206 2222.014
0.01533576 2187.672
0.02118689 2172.81
0.02429319 2038.738
0.0132079 2178.591
0.02441829 2199.711
0.01475581 2117.194
0.03059596 2147.958
0.02683705 1990.06
0.01683018 2016.457
0.03546395 2027.313
0.0278177 2240.875
0.04211272 2340.694
0.02983909 2390.316
0.02853767 2597.318
0.01696297 2706.507
0.02403533 2694.964
0.01371692 2590.811
0.009406377 2634.021
0.006008129 2507.696
0.01132704 2529.871
0.01723733 2436.969
0.01659274 2336.255
0.01730589 2243.75
0.01772418 2264.35
0.01538672 2165.292
0.01163925 2234.111
0.01543472 2213.193
0.0200408 2002.207
0.031739 2032.847
0.02943879 1956.986
0.03050824 1907.659
0.02620818 1827.223
0.02063238 1969.982
0.01838316 1939.707
0.02089087 2011.192
0.01941799 2056.571
0.01877752 2267.343
0.008310166 2298.582
0.01091394 2406.179
0.01106381 2381.726
0.03086263 2599.295
0.03179816 2457.097
0.02231138 2404.208
0.01191868 2281.472
0.01105427 2278.624
0.01080045 2189.125
0.02149044 2257.788
0.02649213 2244.679
0.02929589 2325.27
0.04116107 2297.13
0.02153049 2165.928
0.01736173 2122.021
0.01690177 2048.55
0.0233412 2130.251
0.02637344 2229.104
0.02839384 2244.886
0.02267088 2294.65
0.01595085 2364.51
0.00840664 2338.307
0.01386056 2291.864
0.009351173 2135.904
0.007907095 2051.403
0.009623354 2073.253
0.02395465 1885.015
0.03722673 2058.144
0.01660516 2007.761
0.02640717 2081.37
0.035021 2039.976
0.01348799 1926.366
0.03149874 2065.581
0.02293915 2179.022
0.02370683 2301.679
0.01644985 2287.125
0.0179613 2277.798
0.02893432 2260.141
0.00617048 2231.518
0.01077442 2400.917
0.007763098 2519.397
0.01363466 2642.674
0.02029154 2601.8
0.02006944 2649.096
0.02030364 2733.57
0.01002423 2716.979
0.01705956 2827.845
0.02229411 2946.427
0.01523277 2843.478
0.02977175 2815.267
0.0259599 2999.294
0.01681364 3044.862
0.03033447 2964.976
0.0259264 2891.976
0.008839903 3044.707
0.007482724 2815.073
0.006160633 2736.763
0.01082241 2729.341
0.0111184 2670.945
0.009400593 2748.521
0.01323246 2647.208
0.002639826 2515.94
0.002173588 2405.294
0.00373198 2369.811
0.002702095 2572.994
0.0116549 2477.978
0.01292755 2311.997
0.01896159 2242.703
0.03329923 2181.995
0.01723016 2219.773
0.0124613 2131.45
0.0233281 2105.661
0.01681834 2092.56
0.01053416 2261.406
0.007860796 2580.235
0.004645608 2496.318
0.005288876 2579.317
0.01275096 2638.196
0.01595762 2612.459
0.01930174 2512.856
0.02185292 2662.855
0.02141295 2708.073
0.03183238 2667.245
0.03255 2549.329
0.01634784 2634.936
0.01624459 2730.24
0.02190692 2705.627
0.01237429 2725.437
0.008146861 3003.734
0.005719817 2776.584
0.009592745 2646.606
0.01941902 2467.298
0.02923411 2520.982
0.02929791 2363.891
0.02424514 2263.219
0.01750733 2202.546
0.006934119 2210.374
0.00659025 2088.084
0.005509603 2095.259
0.01048995 2140.505
0.01565958 2308.97
0.02362693 2178.88
0.02246146 2071.554
0.0323081 2178.403
0.0352726 2130.845
0.01745977 2099.609
0.01453491 2152.537
0.00318283 2118.27
0.01603736 2179.654
0.01600723 2140.472
0.01116107 2077.724
0.02379109 2049.729
0.01481655 2009.223
0.006845699 2094.28
0.02394098 2112.489
0.03681947 2127.15
0.02513927 2143.871
0.0138062 2287.901
0.003884061 2625.92
0.01933369 2601.755
0.01578061 2413.822
0.01676814 2399.669
0.01886489 2325.141
0.0166963 2443.057
0.02100805 2318.725
0.0194053 2395.418
0.02879764 2260.78
0.04296861 2156.577
0.02922596 2031.249
0.01316221 2105.725
0.03640809 2046.163
0.0188717 2249.713
0.021333 2269.599
0.02036508 2321.36
0.02325654 2433.08
0.02515141 2509.594
0.01789887 2502.345
0.01647176 2455.27
0.01113352 2576.572
0.006606499 2618.862
0.004399425 2430.137
0.001723133 2472.768
0.008970027 2505.72
0.02202512 2591.397
0.01790897 2495.8
0.01361901 2523.87
0.0108964 2484.512
0.01927633 2582.261
0.01347034 2356.471
0.0146453 2323.291
0.01500145 2193.15
0.017802 2322.23
0.02307861 2343.188
0.02705857 2279.653
0.04191071 2012.152
0.0578553 1895.723
0.04364991 1914.982
0.03741504 1957.854
0.03554711 1982.755
0.03351605 1920.387
0.02078273 1999.818
0.01375829 1980.325
0.01667821 2030.673
0.01708693 2139.823
0.01249334 2036.491
0.004863104 2033.047
0.01944744 1983.481
0.01811841 2066.871
0.02736243 2144.101
0.01675824 2088.986
0.01103774 2204.024
0.0185458 2288.671
0.01416481 2291.84
0.02539387 2126.081
0.02283239 2201.065
0.02540563 2370.659
0.0249561 2341.452
0.0440113 2182.944
0.06502213 2071.77
0.05618277 2030.761
0.03787712 2134.667
0.03892902 2171.963
0.03409362 2162.343
0.03506998 2169.435
0.03367918 2225.386
0.02627933 2312.27
0.01439495 2359.382
0.00640508 2403.584
0.00840017 2412.335
0.005770602 2397.499
0.00682907 2387.661
0.02744817 2481.149
0.01493551 2481.989
0.01519903 2506.425
0.0194276 2719.038
0.02062802 2896.55
0.01218675 2916.509
0.01286541 3152.433
0.007749908 3366.208
0.008275628 3122.174
0.009724526 3180.541
0.007294628 3117.813
0.008174278 3131.53
0.0143192 3114.048
0.007165055 3313.063
0.006881098 3222.872
0.009650291 3491.612
0.03149964 3135.276
0.02208511 3155.075
0.0114518 3039.275
0.01055535 2720.943
0.009178147 2800.995
0.01542582 2883.423
0.01201468 2867.743
0.01676841 2927.519
0.0176706 2991.093
0.01783751 3001.255
0.0144531 2783.24
0.01459785 2718.553
0.01281027 2533.447
0.009481289 2544.446
0.02079037 2569.519
0.01737405 2419.515
0.01141858 2322.588
0.01679237 2283.953
0.02307398 2364.989
0.02424642 2382.765
0.01989806 2315.229
0.01105412 2423.194
0.01880486 2449.809
0.03262999 2535.15
0.0572306 2589.365
0.03651513 2676.328
0.03303035 2633.067
0.01729792 2609.203
0.0159499 2858.449
0.01329161 2864.737
0.01498606 2944.211
0.006302324 3067.785
0.009781961 3097.06
0.01072615 3304.625
0.01008489 3467.592
0.01529006 3363.039
0.02326149 3212.436
0.02024038 3096.01
0.01583148 3021.625
0.02581003 3164.59
0.01941917 2953.767
0.008910888 3077.177
0.007504048 3027.894
0.0159305 3108.29
0.007470635 3116.976
0.0164803 3269.128
0.01472718 3302.418
0.01945967 3350.96
0.02872403 3138.631
0.02669055 3073.429
0.03721827 2800.452
0.03095035 2729.777
0.013711 2670.625
0.01883327 2666.111
0.01407354 2763.13
0.01108474 2926.815
0.01182579 2993.785
0.02009711 2881.289
0.01267311 2885.493
0.0163929 3073.733
0.01515389 3180.784
0.01217727 3352.382
0.01525795 3551.28
0.0209607 3239.655
0.02049046 3228.017
0.005384235 3127.655
0.004414093 3095.697
0.01517233 3336.641
0.01553213 3520.573
0.01356433 3244.507
0.01363093 3097.264
0.009802598 2947.952
0.01412584 2893.174
0.007210604 2994.501
0.01187558 3052.298
0.01003503 3122.133
0.01660497 3285.433
0.02174078 3226.003
0.01000903 3266.241
0.01302801 3446.506
0.01484953 3480.548
0.02454305 3379.852
0.00880001 3175.45
0.01555053 3068.732
0.02608667 3141.028
0.02004761 2907.971
0.008169245 3060.784
0.006776253 3141.911
0.01081648 3112.966
0.01770784 3052.335
0.015227 2969.782
0.01335344 3133.172
0.005777688 3254.348
0.003852483 3264.964
0.002539433 3423.157
0.002101495 3473.91
0.003601842 3783.352
0.01801063 3538.198
0.01146384 3567.877
0.01484085 3350.729
0.01134327 3358.931
0.004696911 3461.09
0.003527193 3218.433
0.003234012 3114.947
0.004949491 2816.094
0.00625682 3045.834
0.01876537 2979.527
0.02134715 2915.051
0.01695796 2858.193
0.02302347 2718.616
0.02044113 2751.394
0.02216967 2782.466
0.01705366 2924.402
0.0170149 3330.452
0.01860902 3247.536
0.008591056 3188.821
0.01721091 3182.497
0.02301272 3274.511
0.02902347 3232.555
0.02083799 3104.69
0.01288779 3063.803
0.01061021 3187.781
0.007597713 3119.456
0.004847723 3134.401
0.00765621 3228.369
0.008789374 3069.425
0.01468657 3200.15
0.01575468 3178.458
0.006775209 2884.065
0.01927305 2791.699
0.02594098 2858.856
0.01247465 2535.098
0.02905149 2474.266
0.02461485 2530.857
0.01109924 2393.512
0.0128423 2327.679
0.01696531 2304.891
0.03042276 2498.224
0.02094878 2302.008
0.01004405 2270.204
0.01502079 2161.271
0.01513879 1997.961
0.02729377 2080.861
0.02473477 2092.898
0.01641092 2059.907
0.01179262 2018.718
0.02445793 1970.023
0.008323424 1922.859
0.003512934 1908.34
0.01004221 1978.954
0.0147261 2167.176
0.0185646 2192.553
0.03085009 2044.338
0.0431529 2154.845
0.02331878 2091.816
0.01510841 2252.228
0.03218285 2117.162
0.02555571 2239.387
0.03221847 2241.314
0.01308406 2370.368
0.02602059 2480.071
0.0272636 2525.677
0.02405914 2344.357
0.01802245 2384.807
0.01538737 2402.853
0.0328966 2284.846
0.02332238 2292.356
0.02712106 2290.598
0.03003714 2107.718
0.02735296 2030.731
0.0297488 1909.056
0.03114487 1948.588
0.03269219 1986.826
0.03656578 2037.289
0.04793958 2071.049
0.0454357 1968.093
0.03311371 2011.432
0.02787776 2106.8
0.01364629 2009.64
0.02865554 2041.57
0.0178464 2022.132
0.02006777 1907.188
0.01847843 1952.43
0.03112114 2123.688
0.01796151 2197.455
0.01857518 1984.226
0.004631708 2048.078
0.01358257 2111.69
0.02154138 2106.735
0.007922219 2096.176
0.008254358 2020.692
0.01548331 1928.401
0.01954221 1966.194
0.01009728 1982.629
0.01598596 1886.057
0.008486129 1780.854
0.02823485 1703.876
0.02845854 1637.982
0.01655597 1783.298
0.01273874 1870.099
0.01515625 1801.189
0.01621782 1822.069
0.01398253 1796.89
0.03498268 1741.86
0.02627158 1669.857
0.0317535 1640.719
0.02089281 1698.805
0.01261911 1731.599
0.01404803 1723.756
0.01239961 1730.07
0.006467898 1668.928
0.02564318 1826.077
0.03079406 1818.808
0.03930225 1712.5
0.03137961 1622.737
0.03007966 1569.155
0.05262716 1503.136
0.03757963 1546.171
0.0439121 1517.916
0.0411794 1368.161
0.03110972 1373.518
0.03541652 1342.876
0.018157 1355.867
0.02072152 1376.955
0.02938108 1470.138
0.02457858 1481.033
0.02022685 1400.951
0.01786523 1321.345
0.03210977 1375.499
0.01952663 1396.767
0.01700783 1294.004
0.004929144 1330.074
0.00758409 1254.215
0.01213348 1283.054
0.02004452 1326.735
0.02894424 1319.379
0.02861653 1314.228
0.02433374 1322.438
0.02856879 1280.268
0.03689898 1247.839
0.03898407 1182.235
0.02890778 1349.052
0.039664 1297.539
0.02899897 1201.42
0.03213809 1176.852
0.01361205 1130.618
0.02244547 1201.772
0.03298544 1270.019
0.03212633 1274.53
0.02495635 1412.696
0.02233353 1310.63
0.02432728 1301.151
0.01484421 1315.496
0.01638117 1290.577
0.02924777 1324.261
0.01592047 1350.907
0.01386792 1396.644
0.02099325 1387.815
0.02045523 1397.846
0.01397559 1385.965
0.01071352 1417.921
0.01801265 1392.746
0.01643968 1399.871
0.01411618 1470.392
0.0002974998 1472.06
0.01045146 1561.607
0.01535785 1537.951
0.02258356 1720.606
0.01494299 1634.609
0.01553873 1576.722
0.02433551 1461.798
0.01187466 1507.847
0.01262545 1494.048
0.02387284 1454.992
0.01966033 1636.314
0.027529 1617.185
0.01704984 1618.272
0.01448101 1524.594
0.02225814 1471.842
0.01137868 1488.921
0.01949862 1469.187
0.02934498 1347.091
0.03822015 1387.686
0.04875338 1544.439
0.04172631 1542.684
0.0441251 1598.231
0.04413494 1525.996
0.05231692 1548.404
0.03848506 1578.611
0.04173119 1577.988
0.04846094 1483.311
0.06054609 1500.746
0.06536397 1574.378
0.06972862 1695.304
0.04042983 1687.182
0.02856635 1728.849
0.02683166 1624.065
0.02924552 1600.596
0.02499481 1579.078
0.02107761 1593.97
0.02046955 1561.176
0.01689994 1613.743
0.02763501 1579.978
0.017303 1617.34
0.03957551 1662.837
0.03633866 1606.579
0.05374793 1712.197
0.0255355 1687.016
0.01064182 1847.268
0.01927972 1949.645
0.01139594 1854.729
0.0107949 1976.343
0.01556266 1947.384
0.03108604 1788.779
0.01631744 1676.568
0.009214037 1697.512
0.02677524 1795.169
0.02467093 1693.643
0.03269856 1763.302
0.02794587 1704.072
0.01754974 1635.371
0.0388791 1551.547
0.02505958 1535.108
0.006979381 1480.571
0.01495135 1459.691
0.01518638 1445.817
0.0202533 1496.517
0.02321631 1404.512
0.02468948 1473.181
0.03612001 1558.879
0.02690557 1596.186
0.04650403 1669.663
0.03068821 1622.424
0.02062644 1687.831
0.04127442 1860.863
0.02926246 1690.109
0.02156216 1589.732
0.02047327 1446.269
0.007609285 1401.553
0.007741638 1470.593
0.02467205 1438.358
0.02191118 1570.027
0.01738436 1696.363
0.01659133 1751.141
0.02569254 1784.308
0.03285179 1692.536
0.02497 1603.85
0.02745391 1554.18
0.02287844 1589.186
0.0157248 1562.334
0.01093357 1505.007
0.01848799 1507.63
0.04630248 1616.435
0.04723848 1609.996
0.05313656 1483.575
0.03968617 1577.193
0.0158868 1556.163
0.009861184 1444.472
0.007471996 1359.298
0.007855036 1324.808
0.01640159 1265.246
0.007819756 1230.685
0.01058137 1253.234
0.01531725 1260.203
0.01893754 1376.131
0.01238392 1355.453
0.0117821 1442.432
0.0305419 1402.268
0.01334073 1391.886
0.03280024 1332.004
0.03952377 1348.34
0.0348077 1377.559
0.03065529 1363.576
0.02741749 1337.253
0.0143201 1277.31
0.0145506 1380.397
0.01397477 1371.5
0.009331898 1341.667
0.03634047 1327.252
0.04264485 1312.501
0.04351061 1315.607
0.06318027 1340.362
0.0365668 1407.3
0.04028026 1496.187
0.02144014 1360.901
0.0227354 1405.544
0.02667971 1334.32
0.02857158 1362.162
0.01029726 1383.943
0.0329549 1509.971
0.01364578 1464.035
0.01014072 1371.412
0.01469523 1378.619
0.01053584 1501.833
0.008328263 1572.759
0.01297974 1647.984
0.02029461 1630.478
0.01727773 1791.79
0.02627421 1988.009
0.003900108 2103.513
0.005441542 1978.114
0.006715584 1968.558
0.02275075 2000.741
0.0191459 2169.122
0.01962608 1963.453
0.0271477 1993.635
0.02632428 2025.966
0.01830321 1900.105
0.0226111 1985.863
0.01954909 1864.878
0.01658103 1924.403
0.01095021 1931.271
0.01761069 2003.782
0.01297278 2196.836
0.01834415 2172.591
0.03592485 2114.879
0.02819618 2123.247
0.04741086 1902.727
0.04728412 1820.153
0.06085584 1699.13
0.03427559 1640.467
0.01996109 1606.521
0.009620362 1538.318
0.01660263 1671.598
0.02496721 1802.663
0.01447595 1892.325
0.01264068 1972.685
0.01184266 1996.863
0.009157366 1886.852
0.01709887 1878.801
0.01095639 1804.793
0.02679343 1762.912
0.01189845 1739.463
0.009440078 1705.234
0.0188358 1827.891
0.01580846 1843.008
0.01464 1996.876
0.02182722 2149.716
0.01308687 1976.901
0.01181158 2086.081
0.02647108 2094.297
0.01997015 2291.053
0.01774583 2199.094
0.008696926 2432.43
0.009217521 2518.039
0.0118307 2604.653
0.01393024 2599.54
0.01118656 2609.064
0.01043157 2698.344
0.005106707 2592.274
0.008784337 2458.726
0.01616322 2459.278
0.01111223 2524.288
0.01722558 2682.808
0.02544688 2577.493
0.0100413 2449.661
0.007415637 2581.709
0.00725754 2381.415
0.02161591 2504.989
0.0209866 2371.456
0.03153581 2433.167
0.01563444 2323.606
0.02407663 2250.322
0.01415249 2247.717
0.01114225 2050.908
0.03033696 1954.812
0.02728799 2004.992
0.01344072 2078.106
0.01873296 2221.3
0.009708573 2270.48
0.007488502 2123.677
0.01346789 2261.531
0.02935097 2266.453
0.01785462 2345.291
0.003716074 2477.943
0.0192346 2582.359
0.01659907 2630.387
0.009863319 2491.486
0.01535484 2236.123
0.01522004 2225.45
0.02111687 2433.832
0.02612516 2366.259
0.04463704 2293.283
0.02512446 2259.194
0.0283594 2280.76
0.0181809 2216.252
0.01724543 2303.58
0.009904439 2547.549
0.01467446 2476.948
0.0129235 2568.682
0.007658424 2480.578
0.01064738 2317.201
0.01224922 2194.159
0.008132256 2366.161
0.005857373 2395.152
0.022181 2283.677
0.02025558 2261.407
0.01216009 2200.607
0.007332756 2162.482
0.0177554 2338.4
0.0124796 2449.138
0.004983264 2494.736
0.006325208 2573.707
0.003447994 2810.522
0.01325619 2741.099
0.01578161 2489.342
0.01760813 2486.73
0.02227337 2495.753
0.01537835 2534.591
0.01293254 2433.931
0.01670335 2383.637
0.008440217 2230.951
0.01036481 2344.812
0.008201804 2195.159
0.01971711 2016.47
0.03021414 2099.422
0.0161607 2163.45
0.01929609 2220.971
0.01745133 2223.165
0.02424479 2238.497
0.03850765 2332.734
0.02842116 2284.84
0.03034323 2167.754
0.03443473 2216.146
0.03002235 2389.107
0.03302051 2275.204
0.009235142 2382.215
0.02415889 2226.419
0.03566007 2157.703
0.04591997 2282.595
0.03735313 2154.015
0.02320459 2131.362
0.02086122 2028.095
0.01823903 1974.735
0.0137538 2027.06
0.01801129 1994.42
0.02639731 1860.731
0.02362477 1919.111
0.01661347 1846.13
0.02890412 1795.699
0.03223088 1711.228
0.05140725 1629.462
0.04741895 1515.262
0.03937987 1495.305
0.0483658 1344.894
0.03283187 1386.879
0.02386556 1265.627
0.03665129 1317.172
0.02443951 1363.292
0.02079488 1365.144
0.02093948 1461.528
0.04286926 1402.721
0.04494176 1410.786
0.02500769 1436.626
0.01369692 1434.126
0.01303062 1579.019
0.03557199 1624.981
0.02523884 1715.72
0.03954634 1671.066
0.04145832 1666.664
0.04778319 1590.059
0.05355704 1549.362
0.05287901 1526.185
0.04607225 1381.112
0.04113196 1362.374
0.04099239 1380.403
0.05225165 1336.12
0.03061685 1316.878
0.01075529 1296.542
0.02957401 1210.879
0.01319752 1151.202
0.01747517 1124.5
0.01750621 1120.128
0.01274497 1102.704
0.01882001 1203.366
0.0285681 1042.337
0.044396 1186.364
0.05735578 1174.414
0.04655497 1156.136
0.0595576 1131.339
0.05232615 1183.062
0.04319076 1181.399
0.0488829 1182.186
0.03077847 1194.804
0.02490582 1214.319
0.02280174 1215.258
0.02154535 1224.688
0.01415449 1100.093
0.02903889 1087.272
0.02437104 1113.892
0.02269028 1025.016
0.04078227 1046.512
0.0112265 1034.093
0.01045917 1103.385
0.006521234 1060.044
0.01238934 1135.03
0.02207706 1110.809
0.05931024 1096.198
0.04702922 1108.837
0.04421215 1210.672
0.05526464 1245.446
0.06349527 1143.81
0.04707715 1101.973
0.03185177 1146.814
0.03379766 1080.797
0.06434754 1190.498
0.05589583 1075.278
0.0538751 1013.519
0.07757291 1003.61
0.04368896 996.3742
0.04123977 1094.669
0.03385631 1108.237
0.0231421 1186.581
0.03365015 1139.844
0.02312157 1215.683
0.03927912 1170.761
0.04041873 1209.526
0.02772733 1214.722
0.04001863 1194.552
0.0374786 1129.943
0.03014753 1079.985
0.0537907 1073.545
0.04297577 1073.091
0.04395638 1075.821
0.04150269 1090.151
0.04195452 1109.753
0.03649215 1042.57
0.02354331 1023.711
0.05313054 990.3945
0.04747506 1005.493
0.03808121 1005.295
0.03089805 972.0192
0.03617626 1015.035
0.0443562 926.6682
0.04926762 885.3867
0.05153842 951.0614
0.05532471 913.4182
0.06841436 865.5236
0.0543893 879.3707
0.05774701 890.9592
0.03892396 848.8213
0.07213473 781.0095
0.06990055 764.4501
0.05344817 776.2547
0.03690136 770.6487
0.04165994 765.7422
0.02019956 825.7453
0.02113495 816.478
0.03614548 748.669
0.05063348 711.2032
0.02459262 716.543
0.05964392 724.587
0.05135746 738.4223
0.05178501 704.7836
0.05814484 675.7534
0.04812118 643.9676
0.0680324 632.3088
0.04137579 628.9661
0.05922323 640.4943
0.07080629 734.6566
0.07134874 703.8005
0.0749222 749.6004
0.05250948 745.9788
0.05374749 767.3961
0.06094795 756.5375
0.04004858 706.5634
0.04948537 685.728
0.04116019 681.6682
0.03909634 761.2217
0.06030968 746.6846
0.02764554 741.4464
0.03740828 739.3451
0.03071134 717.4118
0.02145037 713.9872
0.02303291 748.3835
0.03486424 739.8306
0.0298987 788.4281
0.04266093 794.635
0.04005557 747.5403
0.04265895 780.7564
0.04582065 791.7055
0.02547292 837.9437
0.03955404 810.6495
0.04482684 849.0822
0.06195614 821.2404
0.04809483 789.1041
0.05349645 782.6051
0.05200175 761.3795
0.0395353 811.6102
0.05919634 834.8356
0.05036384 890.45
0.06598089 942.1556
0.08763799 997.9536
0.057176 943.3277
0.05694756 959.015
0.05976852 935.6724
0.04710627 921.4237
0.02682542 921.7778
0.0239169 913.2788
0.01657265 890.1132
0.02311669 891.0447
0.02488992 914.1386
0.02857619 942.1612
0.03490485 982.27
0.03398951 929.4823
0.05042114 879.1149
0.02793541 886.1841
0.01563204 924.6205
0.01790749 846.7164
0.01265581 825.7119
0.02692745 825.1215
0.03497331 828.1585
0.03623221 823.1957
0.04610454 843.9427
0.03301376 850.4157
0.05105288 860.8592
0.04278953 881.1912
0.03742433 836.1248
0.04313636 854.5379
0.02572301 819.8712
0.01481994 875.8974
0.01926481 810.9027
0.02836992 802.5916
0.02881543 734.0106
0.02756796 697.3571
0.03017371 696.508
0.01074845 713.4005
0.02107349 695.2465
0.02478384 662.7959
0.04019566 652.9785
0.03542895 690.8886
0.03162267 718.8457
0.01449674 694.8244
0.02880616 673.3794
0.02695698 693.982
0.01695383 693.2932
0.02145311 711.6289
0.02235786 671.8573
0.03001727 677.9947
0.03994286 732.9748
0.02728009 718.7852
0.04454556 750.8421
0.01610975 763.5933
0.02817996 744.8319
0.02927533 756.7105
0.06028049 769.6505
0.04066449 725.9289
0.03127008 687.0353
0.02311193 695.5532
0.01762016 718.3329
0.01737424 718.174
0.01844819 788.7833
0.02057329 717.7166
0.02927004 702.2535
0.04155612 658.8171
0.04995442 671.2229
0.04832226 676.4969
0.05357975 721.9858
0.0611587 707.3288
0.0718879 738.9443
0.05435776 799.741
0.05874922 845.204
0.0457244 848.423
0.03348372 804.6819
0.04313913 838.1556
0.04217897 862.0795
0.02663556 819.5359
0.05498107 814.534
0.04986689 857.6228
0.01723207 838.4522
0.02733372 934.9724
0.03184071 921.0702
0.01920259 942.6815
0.01663355 980.6838
0.02560733 1015.899
0.03260361 1055.974
0.0332891 1027.744
0.02487068 983.0848
0.02575015 985.8573
0.02180711 1049.714
0.02748636 1072.905
0.04172046 1041.601
0.03501024 1004.601
0.06581308 942.7619
0.04515671 932.0907
0.0336109 989.2735
0.03061121 1060.364
0.01543462 1052.164
0.0152366 1097.277
0.005977314 1087.094
0.02040908 1101.459
0.02510563 1075.594
0.03428099 1142.317
0.05045901 1170.267
0.05338438 1049.351
0.05149224 1118.894
0.03006902 1068.829
0.03204864 1152.291
0.03840336 1188.464
0.03545336 1174.018
0.03283708 1161.927
0.03746539 1112.476
0.0274547 1092.85
0.02647709 1105.895
0.02104843 1167.978
0.01676306 1158.153
0.02443006 1207.264
0.02259499 1317.18
0.02612453 1240.667
0.01416566 1207.804
0.01274499 1153.489
0.02459082 1155.545
0.03332402 1129.27
0.04407168 1154.411
0.05499302 1138.286
0.04318748 1125.629
0.03799358 1080.578
0.03850428 1083.668
0.02796526 1140.253
0.03389596 1209.705
0.03369842 1273.536
0.06049949 1348.813
0.0442241 1284.201
0.06159915 1292.216
0.04391681 1328.6
0.05129832 1381.387
0.02650635 1408.372
0.03777298 1274.786
0.02520291 1183.24
0.04405234 1272.543
0.05093379 1309.489
0.04412209 1289.579
0.03871086 1234.82
0.03437109 1115.358
0.02094219 1082.349
0.01283201 1136.128
0.01890163 1178.786
0.02880847 1264.048
0.02324181 1318.005
0.03013462 1272.142
0.02846567 1286.747
0.01860295 1350.26
0.02198421 1243.455
0.01869678 1187.585
0.01793919 1127.093
0.0302071 1084.789
0.0307925 1130.726
0.01581435 1119.171
0.008961979 1150.721
0.009132606 1119.642
0.007651389 1035.541
0.01572489 941.1895
0.01995362 937.0668
0.01486081 957.7723
0.01000933 952.8278
0.009182893 931.0787
0.01159491 914.6416
0.02201089 927.4264
0.03621402 911.3057
0.05976035 903.5429
0.04835247 841.7201
0.04314468 849.2883
0.034489 844.6189
0.03143821 890.4602
0.03123248 922.3291
0.03051847 1017.674
0.01439371 1040.926
0.008355595 1103.958
0.01605266 1112.425
0.0149559 998.843
0.007324375 1055.074
0.01150783 1108.228
0.02432283 1106.261
0.02326371 1115.069
0.03447378 1139.706
0.02309149 1333.141
0.01874897 1308.843
0.01689526 1358.276
0.01025269 1364.549
0.005184487 1349.723
0.008403515 1334.591
0.02192733 1312.996
0.02285537 1242.652
0.03904806 1185.367
0.03551749 1180.791
0.04334093 1121.52
0.04388915 1015.02
0.02343512 992.7517
0.02006276 986.6324
0.03791613 1105.255
0.03548079 1086.551
0.04046047 1099.271
0.04537844 1100.463
0.04955642 1081.707
0.05519321 1216.503
0.05760415 1253.239
0.0447928 1225.53
0.04637245 1264.269
0.05069559 1113.114
0.05179537 1114.94
0.05443561 1165.21
0.06751997 1089.878
0.05551857 1150.676
0.04934996 1216.41
0.03477023 1145.213
0.03259431 1197.624
0.06061479 1189.815
0.04238519 1242.983
0.02937048 1224.083
0.02433366 1194.749
0.02922647 1137.899
0.0238704 1117.289
0.01325119 1139.23
0.01458255 1186.416
0.01483468 1281.636
0.04011878 1269.746
0.02495324 1244.415
0.02600511 1224.679
0.02886966 1243.185
0.04803127 1222.797
0.05114859 1134.719
0.05428168 1174.36
0.04987933 1200.102
0.02985007 1179.418
0.02554406 1046.681
0.01789089 1015.162
0.02196458 1033.011
0.02268412 986.4858
0.01554491 1012.694
0.02168833 1065.152
0.02355426 1086.621
0.03856524 1119.757
0.04582595 1157.924
0.03594273 1110.521
0.03757952 1194.046
0.04130941 1118.963
0.02571009 1125.483
0.03308406 1025.376
0.01744684 1066.902
0.03139409 998.0365
0.04201858 1041.849
0.02842758 1151.45
0.04274739 1152.232
0.05304168 1170.591
0.04586576 1216.918
0.06702088 1186.094
0.05001298 1143.202
0.0507778 1112.915
0.07274597 1106.513
0.0497367 1091.824
0.04332748 1057.419
0.0346194 1069.234
0.03745862 1076.656
0.03625638 1076.143
0.04160709 1037.541
0.01585066 1025.162
0.03419624 990.8799
0.04445394 941.6893
0.04343809 1008.172
0.02087924 976.2644
0.04546942 991.2664
0.04659102 980.8998
0.04508231 1011.351
0.0326469 980.2372
0.02411717 959.8331
0.03700194 983.9546
0.04186274 945.6221
0.02647063 893.7107
0.03887733 907.9363
0.0407342 891.5127
0.05700103 832.2657
0.04496358 837.7149
0.0523876 792.4057
0.04677268 780.3473
0.05247006 810.2185
0.06798844 745.5291
0.08868355 745.0551
0.04733455 747.7521
0.02401069 748.8154
0.02841699 826.9303
0.03267193 827.0645
0.0473387 752.6672
0.04775819 735.0095
0.05402836 701.5839
0.0397921 694.9733
0.03699869 682.4646
0.0336744 708.428
0.0273055 742.644
0.03258523 747.0711
0.02766595 786.0396
0.03985398 851.5691
0.05865683 848.1127
0.0371419 863.76
0.04196105 854.2919
0.03957092 874.9036
0.04085979 843.5386
0.03763768 824.3789
0.07046466 834.5566
0.07598031 830.6715
0.06417674 874.3474
0.04924228 837.8863
0.02809697 850.0899
0.04126654 810.3581
0.04635991 729.2437
0.05673467 736.0494
0.03666276 710.6519
0.03628772 736.7414
0.02168368 718.8465
0.02673701 720.1058
0.01986234 714.258
0.008463376 714.4125
0.02343293 706.5586
0.04001505 686.4381
0.02844447 644.4384
0.04086928 588.9104
0.05285344 579.0359
0.03903139 582.4784
0.05522132 516.9669
0.04523464 513.9432
0.04201187 491.7237
0.06701581 506.2553
0.08352404 550.2292
0.08159537 512.7941
0.09947245 538.9002
0.07521367 531.9583
0.0848259 507.1101
0.09838594 478.7171
0.1038558 482.8194
0.08360449 478.4338
0.07413129 478.2163
0.09419177 485.6652
0.09983115 475.6469
0.09913486 458.0567
0.07424186 446.3465
0.07808862 476.9774
0.0857201 501.7188
0.08760693 541.7562
0.1040261 550.4137
0.09783265 579.8088
0.07139489 556.4436
0.07270824 605.726
0.06944071 644.8387
0.09180913 681.0744
0.05596824 655.1297
0.05699183 686.4795
0.04521152 692.7445
0.07272487 608.9596
0.0363646 567.5705
0.03591304 597.4711
0.04128193 603.3071
0.04583856 577.3223
0.01887666 604.703
0.01278947 611.6139
0.02608994 584.6135
0.03269262 582.47
0.02918482 599.8647
0.03073044 594.6895
0.05488525 607.8835
0.07039966 519.4887
0.05820405 477.4461
0.08401537 475.8242
0.07944744 484.5061
0.08072229 480.9657
0.07296976 472.2715
0.09536317 458.5894
0.0703867 473.5853
0.05176925 509.363
0.03482445 520.1829
0.04502766 526.7071
0.06077904 515.823
0.07221949 502.5217
0.05250724 472.0619
0.05805098 452.7248
0.06411702 441.0136
0.09870249 421.0598
0.110184 438.0841
0.1015133 441.986
0.1129929 422.6783
0.1258231 430.0142
0.1294653 407.1596
0.1261537 419.7418
0.09913628 460.1056
0.126156 449.1666
0.09773205 438.4453
0.09323005 445.7567
0.1195591 460.0546
0.1437559 498.3902
0.1199259 527.9158
0.09140712 552.6468
0.09395786 537.5582
0.05816536 539.6334
0.07658846 526.8156
0.05879835 550.5845
0.05072654 563.9864
0.06060019 595.8665
0.03744789 561.2526
0.03511384 559.1986
0.05660414 562.2013
0.0716594 587.7341
0.0850096 582.9706
0.07113883 609.317
0.03650029 632.1127
0.02264047 662.7781
0.02086944 689.6313
0.03283832 667.0493
0.03843194 695.8139
0.03227617 711.0435
0.02805735 701.3565
0.03047639 697.8736
0.02368243 694.1587
0.01874971 652.0951
0.01606737 613.9229
0.02171865 678.982
0.02326994 688.366
0.04439981 707.5485
0.09725643 719.541
0.08370465 690.6699
0.05582729 726.3504
0.0648799 672.8606
0.07041752 669.2547
0.06257983 593.2438
0.02095143 609.0464
0.01875497 592.0567
0.01362877 603.4169
0.02273028 593.1151
0.03589755 604.8578
0.04795705 587.0404
0.06458908 618.8598
0.04146057 642.4552
0.05847328 632.0777
0.04564085 591.8765
0.02370695 609.439
0.01573734 608.7579
0.0159364 640.1997
0.02318667 682.7771
0.02557937 650.0588
0.02652001 688.7781
0.01589695 666.3262
0.06169791 645.7412
0.0600222 611.7951
0.035621 638.787
0.06215441 615.9175
0.07959297 666.112
0.05889404 666.1375
0.06421475 718.6547
0.04503024 694.2517
0.04474663 688.7267
0.05310342 693.1243
0.06380809 645.2407
0.05304877 633.4952
0.04614794 636.1754
0.06085463 703.0433
0.03099506 744.4092
0.04593238 730.5041
0.07188598 755.1945
0.05404022 785.5016
0.05438012 811.0903
0.05397784 790.8067
0.07002408 784.2746
0.06356638 719.9212
0.06181477 688.5714
0.0725045 671.0177
0.0525676 739.0886
0.0738575 764.0963
0.1076836 786.4492
0.09017619 758.4627
0.07531054 739.8488
0.07961741 697.4567
0.0945042 676.0336
0.05426528 632.8535
0.0318466 644.6191
0.03881218 672.1395
0.05459381 686.4352
0.04279949 677.3968
0.02232204 674.8378
0.04489776 669.627
0.04429906 646.3961
0.04830213 653.8094
0.04989779 666.3514
0.03885637 694.8707
0.05129626 652.1017
0.0572314 641.8675
0.06777399 624.3211
0.07885487 609.2129
0.07445889 636.3939
0.07072264 619.322
0.06552335 623.2259
0.05328134 638.421
0.04223084 644.2348
0.03375696 597.9975
0.07197063 628.0685
0.07834804 651.702
0.07987654 686.1762
0.0809826 677.7248
0.09685736 696.6811
0.08340708 738.6009
0.04389989 762.2576
0.02148688 738.0394
0.05112304 761.7963
0.04091241 746.6291
0.04186874 723.2543
0.02580395 691.1704
0.01911592 667.04
0.04368035 656.3741
0.04941476 637.4604
0.05537003 654.1664
0.06465341 632.1352
0.05304627 657.4552
0.06859556 567.8609
0.05413226 553.1099
0.04880902 554.4499
0.03848006 587.069
0.02551644 606.2263
0.02281317 603.9532
0.04198775 601.6847
0.03299418 570.4224
0.05522621 562.9038
0.05218212 606.591
0.04134116 632.6828
0.04942934 637.6952
0.1006987 642.0202
0.1097025 693.6839
0.1073021 697.9256
0.1001978 702.0246
0.06738054 721.9011
0.09843772 661.4923
0.08139249 677.6775
0.1161654 633.5924
0.07124497 571.2639
0.07514471 591.7832
0.0432063 624.9498
0.07205475 641.4397
0.1186729 662.6336
0.09622069 677.0047
0.06333471 684.2989
0.06730689 662.5956
0.08076329 621.9715
0.06796319 657.8163
0.07625474 682.4397
0.06097864 764.3174
0.05451049 761.9379
0.03477664 731.7983
0.04030974 750.4394
0.05102091 773.0592
0.03807854 716.9574
0.03415743 663.9007
0.01652233 717.8031
0.01512126 719.3622
0.03616707 767.7614
0.02937985 722.2251
0.01281568 657.3275
0.02373465 662.5423
0.01303896 687.0048
0.02060513 623.4715
0.0242689 575.9028
0.03425086 584.3419
0.03881421 611.594
0.03826524 573.1055
0.02568076 530.023
0.04253735 496.8828
0.02723741 551.5354
0.03033269 543.8916
0.03439371 612.3309
0.06952341 623.6501
0.05113142 608.3641
0.05442746 611.9168
0.06337384 625.1637
0.1135923 640.2574
0.0982676 648.9169
0.112182 690.3155
0.09242014 677.9373
0.09184651 670.1845
0.09878603 671.2416
0.06608875 673.4224
0.05514322 703.25
0.05297392 643.8159
0.04762045 630.5277
0.04425106 643.2339
0.07653559 619.1615
0.04987478 636.4848
0.05744386 613.7403
0.05307724 621.3546
0.04290412 629.4551
0.02732372 655.3408
0.05264548 604.7163
0.05010285 601.9205
0.04941359 578.0482
0.03009015 617.9377
0.04508852 602.3337
0.03751762 596.1214
0.03283732 619.8193
0.05894146 647.9109
0.05373197 656.277
0.04425454 690.7561
0.06822745 723.7653
0.04254315 728.0911
0.03520055 693.3677
0.01463386 649.9267
0.008398352 613.639
0.008302626 630.2966
0.02339897 612.6602
0.0370317 585.2254
0.0443517 567.2263
0.03438949 589.0231
0.03148639 604.5411
0.03747707 587.7507
0.01943821 569.8944
0.02165358 541.335
0.03353811 518.9133
0.02428136 552.9232
0.05063241 501.4212
0.06113819 538.942
0.07660702 550.7878
0.1018742 517.3057
0.07530866 492.5884
0.06118028 541.8123
0.1231422 519.6256
0.1407742 528.8997
0.1643003 491.2211
0.1425246 493.4759
0.1311842 480.9067
0.1074204 487.6544
0.09435402 474.5534
0.107427 435.4269
0.1162912 432.047
0.1269507 436.2127
0.1464953 449.2848
0.08893928 453.4373
0.05823614 459.2707
0.05862113 449.9432
0.01619569 446.9069
0.01516949 426.6973
0.02731823 444.2859
0.04622124 451.2298
0.06889888 485.5266
0.05677672 465.6448
0.03809753 461.5886
0.03533741 447.7199
0.07190456 474.4251
0.04481275 542.1589
0.02662636 492.399
0.02780105 484.2612
0.04010677 486.1569
0.02480253 472.193
0.02109736 532.3954
0.03046004 549.942
0.01757085 545.851
0.02760825 555.3128
0.03622333 531.796
0.07570182 563.0175
0.1002207 538.0884
0.1154401 566.0679
0.1021721 544.3675
0.1045004 559.3902
0.09414916 601.1665
0.06393681 641.92
0.05826924 627.6018
0.06552778 607.2402
0.07634628 638.5517
0.0868112 674.2257
0.06866086 699.6987
0.07559013 709.1497
0.07673491 718.6202
0.08920784 681.3516
0.05488853 625.7352
0.06910397 664.8426
0.05040826 655.9387
0.07268463 720.5478
0.08218963 674.7959
0.07483361 669.2024
0.06908177 644.3853
0.07407295 649.6495
0.07226118 692.5039
0.04941167 656.1173
0.05788885 661.7521
0.06637264 634.1656
0.03991905 685.1242
0.02450574 701.5439
0.02870211 678.9309
0.02882419 598.594
0.04126898 622.6082
0.04724579 601.4513
0.04500131 588.1465
0.05412627 608.1346
0.04412425 636.7949
0.04172598 578.5618
0.02799595 577.8133
0.03188963 583.3331
0.04013334 576.0651
0.03779401 602.4359
0.04807857 631.8681
0.04435923 637.4633
0.04740966 599.8843
0.05527828 583.7856
0.04761735 613.7128
0.04347106 586.9183
0.05254438 604.7704
0.05533704 603.0827
0.04508822 617.4973
0.07413578 646.6982
0.04650498 619.3865
0.06626202 554.4382
0.06991769 542.3159
0.08158442 516.9073
0.054898 526.8666
0.07684387 479.4004
0.06109011 484.8724
0.07390802 479.1385
0.04812414 482.0751
0.04711609 463.5378
0.03753208 445.0154
0.02249956 420.3838
0.0511318 426.6928
0.07013408 456.9305
0.05427206 438.5242
0.05107871 434.3531
0.05445653 402.5323
0.05851213 417.5318
0.05510197 440.1261
0.06189422 461.7446
0.06862818 454.8074
0.06205378 507.5718
0.0571726 491.7598
0.08359704 501.8705
0.107081 522.4212
0.07396745 498.9681
0.06113556 531.2834
0.09679401 508.396
0.08844319 457.6522
0.09312316 448.1971
0.07639086 434.945
0.1107161 418.9928
0.08515318 425.5397
0.06747631 448.5895
0.06791045 421.0174
0.06131342 411.0213
0.05731707 403.553
0.05806575 405.9524
0.02978048 382.7072
0.04930586 393.7507
0.06321337 391.7135
0.04839791 366.2405
0.04837209 377.0647
0.04387818 389.0143
0.03953172 343.4119
0.02330203 359.6405
0.03028816 363.7551
0.02450166 344.8045
0.02908719 351.4808
0.02876754 342.3864
0.04109051 338.2843
0.05890043 365.679
0.05301809 355.9784
0.05576586 347.8266
0.05406782 379.7876
0.04042796 383.3057
0.04345854 374.3162
0.06573199 356.6618
0.07110746 334.5215
0.05834326 328.0432
0.06377499 326.5749
0.06275577 334.2924
0.05249562 347.7341
0.06420955 369.0264
0.03310762 406.1968
0.03099584 421.787
0.0122871 463.8792
0.0007010213 461.4661
0.007519063 503.1749
0.0123546 496.629
0.007854676 492.3575
0.01518955 508.3922
0.005594848 558.277
0.01008706 509.21
0.0066713 487.1287
0.01276065 489.9737
0.009670108 534.8823
0.02055282 574.8439
0.02283397 577.2791
0.05468603 569.9405
0.06444222 606.1767
0.04936835 584.9413
0.069505 574.313
0.06504426 591.8348
0.06495549 565.1434
0.05974122 565.0712
0.06553349 554.6318
0.06115172 577.4259
0.03347961 562.8615
0.0311783 561.878
0.02333347 586.8342
0.01844678 615.602
0.03792129 601.5544
0.03463037 598.2984
0.009144683 629.2768
0.01873246 613.2341
0.03413446 588.0767
0.01619215 552.2074
0.02537799 532.5228
0.02911651 535.0664
0.04082433 600.2019
0.04820002 542.1032
0.06916534 534.7694
0.06503503 543.8754
0.08674056 557.113
0.07564463 573.2052
0.08933198 617.4307
0.06596623 593.9062
0.03076856 572.6657
0.04130263 582.1452
0.05279702 604.5181
0.04966213 639.1097
0.04220252 636.0407
0.02621358 636.6157
0.0495333 615.8989
0.08687523 651.2241
0.06589709 639.4212
0.06377443 573.5631
0.08645006 572.4619
0.06120836 594.446
0.07459152 619.635
0.06562529 614.3603
0.05303309 642.2348
0.07204122 623.3731
0.05208755 609.7493
0.05059411 583.5948
0.07011603 577.4765
0.07965659 544.8068
0.08452441 542.4766
0.108391 525.9263
0.1204575 510.9981
0.1043639 484.3082
0.06943252 483.3961
0.08722355 441.0031
0.07996417 460.8707
0.05963491 446.8651
0.04669877 478.9086
0.0428703 494.9682
0.02668773 481.9112
0.02128803 425.6862
0.02157529 418.9169
0.05797903 417.3574
0.06702063 455.6193
0.05567179 460.75
0.04403671 488.6144
0.03687606 440.8192
0.05527794 416.5212
0.06975422 420.3774
0.06413216 436.4683
0.09408276 434.6396
0.1134861 437.1528
0.0519217 449.3929
0.05234148 405.4506
0.03737734 412.1452
0.04853496 423.5374
0.04382954 411.513
0.02614292 412.8731
0.03555715 392.0003
0.03253975 407.9776
0.06338083 423.2052
0.06562837 420.7175
0.0414899 436.868
0.06426052 438.9856
0.05902325 431.8805
0.03727853 454.0581
0.04733469 461.6137
0.04132182 458.1259
0.01907583 461.157
0.0311933 469.157
0.05378833 476.9422
0.06885743 480.7711
0.08640648 527.2464
0.1023356 501.1527
0.1095545 500.608
0.09398379 478.843
0.08266176 471.8661
0.06016528 465.5245
0.04521333 499.5214
0.02863928 522.7935
0.01989801 516.5922
0.02385313 557.7846
0.02338787 570.8966
0.03047058 562.6242
0.0364137 570.6153
0.05904381 560.1844
0.03534253 546.7284
0.02934837 633.1933
0.03349706 632.8728
0.04377425 665.1814
0.04354324 673.4514
0.02541347 682.4999
0.0331345 672.9676
0.05379375 701.3373
0.05845563 636.2105
0.0396864 647.4291
0.02663167 641.0723
0.03617428 666.2668
0.04477347 685.294
0.03507273 654.9549
0.04099673 648.3849
0.0296742 657.161
0.057248 629.5656
0.04672281 631.2355
0.03672774 611.4283
0.02711764 622.3556
0.04830276 606.876
0.05611537 527.1157
0.06145788 503.7353
0.0697206 506.4162
0.06368948 498.059
0.06636166 467.1881
0.05526204 479.2598
0.03896805 498.5739
0.03398753 479.4854
0.04163955 485.9433
0.03408649 465.8395
0.07614345 490.9851
0.07010209 484.823
0.08229231 465.1836
0.04240744 444.6042
0.06308083 478.3269
0.07221469 523.4959
0.09957476 476.3884
0.1213292 494.5945
0.1585509 506.6843
0.1310489 466.6477
0.1356622 436.8653
0.1543397 424.1222
0.1790759 397.6979
0.1799353 391.2436
0.1137779 380.1245
0.1181532 387.1742
0.1411909 356.6938
0.1459141 369.8682
0.1606084 403.3776
0.1572266 372.1974
0.18808 368.5379
0.1499659 385.0381
0.1168192 363.4415
0.1336468 362.8548
0.1039806 351.9599
0.09847692 362.6693
0.08293325 359.9547
0.05691268 366.6299
0.06616651 352.8179
0.07204706 353.0225
0.08583422 372.2566
0.09896883 369.5104
0.08033104 359.3061
0.06934917 357.2972
0.05769095 343.8524
0.05752933 366.6118
0.06453726 377.069
0.06543699 399.3705
0.04977588 374.8162
0.04638981 385.3255
0.04936223 400.5957
0.08038337 395.23
0.07446431 381.6377
0.1388228 384.1022
0.1748842 396.1557
0.1560501 410.594
0.1118457 420.045
0.1373154 435.2073
0.1361809 397.7726
0.1251271 394.3066
0.1373811 419.4134
0.1315271 390.1249
0.08579482 395.9997
0.08137394 354.9421
0.05128675 357.7006
0.04918826 381.5321
0.04372973 399.4276
0.04222119 420.4966
0.01544909 466.9587
0.02856635 491.5861
0.03198255 504.7352
0.05152416 493.1925
0.04713008 447.212
0.03847448 447.6966
0.03655219 403.1304
0.05179942 397.215
0.06938601 409.6978
0.0678813 420.2397
0.07927177 392.234
0.09441114 393.8543
0.1124223 415.6312
0.1309239 420.7303
0.1307014 434.0811
0.1013969 465.8934
0.06121068 486.173
0.06471719 517.0692
0.04981051 487.838
0.06848753 473.2318
0.06070869 482.2027
0.09340454 479.2693
0.08111052 468.8159
0.08188315 446.3037
0.08135412 431.3065
0.1030379 466.4423
0.06287147 471.9755
0.04259073 467.1889
0.05283482 493.873
0.06779834 508.5824
0.07463367 445.9139
0.06052943 415.918
0.08643961 413.2991
0.1119405 419.8551
0.09800663 401.945
0.09218464 422.9411
0.0689045 465.0139
0.04643166 458.4353
0.04693529 479.1059
0.03616677 519.3776
0.07574806 520.6079
0.08612926 495.2182
0.08477494 476.6763
0.118931 482.6224
0.07903553 467.8658
0.0925157 444.9831
0.07813397 439.9976
0.06111205 437.7172
0.07478281 474.3451
0.08034228 445.6012
0.07911943 453.7376
0.09858442 446.4751
0.0952503 456.8643
0.06593771 463.992
0.05366805 486.3484
0.04427092 492.9975
0.0337579 484.7059
0.02800631 524.1222
0.02817688 518.9828
0.02199265 484.0117
0.01859952 484.8175
0.02884389 450.206
0.0125307 456.8223
0.02671846 455.2002
0.02944781 469.7407
0.04085808 499.0643
0.04206375 504.028
0.03986405 499.3866
0.06736061 441.3858
0.0407052 410.2459
0.03416988 439.6727
0.02086343 423.3821
0.02174392 444.651
0.03716761 455.0085
0.05244408 432.2939
0.07855471 436.3844
0.100726 420.1738
0.09502843 399.6662
0.0769417 388.666
0.06584511 395.8625
0.07066446 401.3783
0.05623386 383.1517
0.04118712 387.1117
0.0226588 372.897
0.006665349 364.0317
0.02627046 345.8741
0.05634272 339.6907
0.05351108 326.8308
0.02965313 310.6587
0.02427616 303.9122
0.02040302 298.836
0.009893833 296.0605
0.01573934 297.5165
0.01673519 297.3519
0.005025824 300.0412
0.01052072 303.7031
0.02356438 300.992
0.04852637 294.3949
0.06245506 287.5139
0.06180142 314.9566
0.08373831 311.2683
0.05604205 335.7474
0.07713798 318.8298
0.0709003 307.1545
0.05591902 309.3319
0.08489749 298.7382
0.07567701 282.5349
0.07720862 280.5452
0.06231638 265.1658
0.08927863 260.3323
0.08607201 252.1325
0.1010187 266.845
0.0760831 261.2239
0.08573643 255.6606
0.06882052 252.4576
0.08505463 261.2968
0.09711496 267.0738
0.09789724 275.3308
0.08598693 260.6458
0.1020596 251.5541
0.06754337 264.3695
0.06798673 264.1969
0.1039717 268.6989
0.1217535 307.8272
0.1091113 299.241
0.090978 313.6845
0.06421589 314.1153
0.0381452 308.3909
0.05747608 311.5487
0.06480688 324.3794
0.04640262 309.6298
0.04643994 331.3284
0.03740414 329.2914
0.02663672 324.3474
0.02384751 325.8665
0.04821503 329.2305
0.06582834 278.1932
0.06253306 263.422
0.08312908 244.6621
0.07034827 256.2179
0.07790498 281.4773
0.08005529 294.0965
0.06775419 289.6185
0.09051724 251.0251
0.1251197 240.6605
0.1053239 252.2602
0.1091719 256.6922
0.0948666 263.2478
0.1160639 241.1502
0.1508039 240.9984
0.134389 239.9101
0.1558667 233.2807
0.1998888 238.4567
0.1760664 228.3464
0.1435765 218.218
0.1484884 232.5608
0.1239678 239.0369
0.1261977 242.8252
0.1412508 238.4205
0.1068572 253.6512
0.1125707 261.1275
0.06897502 257.1144
0.05026895 273.3003
0.04652048 296.1217
0.05006024 298.2959
0.02828668 306.043
0.0403537 299.0415
0.03842736 308.0589
0.0432612 290.1616
0.0359897 281.7964
0.05511041 271.7489
0.04295321 275.337
0.05921784 270.986
0.05322325 279.7764
0.08861759 273.6065
0.08179973 253.0247
0.09417155 290.3495
0.1046774 283.3362
0.1410457 300.2773
0.1140899 307.5767
0.1317622 316.1358
0.1242063 348.4387
0.08295282 340.0979
0.06288143 320.0279
0.07415476 321.9277
0.08643826 312.3986
0.07680222 310.0126
0.08128591 302.9503
0.03986099 284.9695
0.06125379 269.5537
0.09363404 271.4275
0.09819295 262.6434
0.0834005 275.3345
0.0433205 266.7415
0.06758336 260.0136
0.07649789 270.5905
0.07140896 276.3327
0.07022517 282.1939
0.1004111 296.661
0.1186684 285.2732
0.1144649 291.1533
0.1543253 275.249
0.09163587 257.1589
0.1092919 265.5921
0.1281656 268.0495
0.08510836 265.7284
0.1090767 271.1939
0.082068 271.8812
0.06882683 267.6132
0.09296355 273.7817
0.1528354 289.4001
0.1742037 274.3667
0.1511083 266.6864
0.1512845 255.3299
0.1415505 244.3957
0.1085188 236.0433
0.1329794 229.7515
0.1357889 239.8544
0.1629471 261.6899
0.1643494 267.5017
0.1796921 260.879
0.1512053 253.0465
0.1411246 267.3434
0.1469463 276.7084
0.1389771 322.2958
0.1870593 322.6909
0.2131506 344.5668
0.2064709 356.2904
0.2242924 344.9358
0.2043145 324.3435
0.226126 333.1861
0.1864767 370.4164
0.1562394 377.078
0.1462035 372.9312
0.1335351 359.2411
0.1289668 374.7316
0.1138532 371.3247
0.1458482 398.8156
0.1567633 410.9097
0.1359496 400.0387
0.1116926 394.5561
0.1282187 403.0885
0.1503409 414.1836
0.1506529 432.5917
0.1372283 409.867
0.1113179 413.854
0.1586134 365.8131
0.1277578 350.1269
0.1286605 372.9975
0.1380734 361.0226
0.1597317 368.3405
0.1400472 362.8796
0.1093476 328.8799
0.1062706 327.7739
0.1027143 328.4383
0.1133383 319.9637
0.1219826 315.3475
0.09366771 309.72
0.1414098 305.3991
0.1679252 319.2131
0.1582492 303.3596
0.1477195 308.3924
0.1014074 315.307
0.1613329 320.4196
0.1605826 335.787
0.1455746 346.9445
0.1633976 358.6981
0.1734644 332.2645
0.1366925 325.4108
0.1129745 303.935
0.1193386 316.0994
0.1023849 289.5662
0.09156326 294.0647
0.08362935 305.1295
0.09319195 297.527
0.1307343 292.6997
0.161316 294.5797
0.1803426 282.1305
0.1860337 279.9471
0.2062991 273.6582
0.2042454 279.7443
0.1790032 275.055
0.1871901 256.0615
0.176428 266.5794
0.1378128 279.1782
0.1151454 288.0527
0.1037494 282.1596
0.1136969 264.7805
0.09351147 254.3053
0.1106216 250.1093
0.1281333 254.1383
0.08932129 265.3044
0.1024579 253.7939
0.157605 250.848
0.1391658 242.6389
0.1390295 244.2657
0.1120395 246.2573
0.1058041 237.7247
0.1111866 242.7512
0.08780307 242.1636
0.09263752 237.2436
0.09168312 232.1367
0.09037896 229.4845
0.06460292 215.7229
0.04926303 221.4194
0.054498 224.1616
0.06166435 217.3914
0.087519 216.7162
0.1184105 204.3015
0.104397 226.9447
0.1014532 237.7402
0.09302475 254.8369
0.08736788 237.5047
0.0743437 238.4059
0.07952272 228.2192
0.06473308 235.2939
0.0362249 237.3625
0.03862386 237.48
0.0654285 238.0447
0.06405618 220.1646
0.03643556 213.2378
0.04183992 203.4521
0.03702948 195.9045
0.02325147 201.5997
0.03031646 218.2724
0.03049723 222.6621
0.01944137 233.102
0.03174476 218.4458
0.03976776 216.8264
0.05477073 235.2921
0.06295655 225.3431
0.07712463 216.4699
0.08887866 214.0736
0.1142248 212.8062
0.1381026 201.3268
0.1137573 204.1373
0.112417 207.0038
0.1094266 203.7097
0.1194451 221.7286
0.1000981 209.4205
0.1830219 203.5168
0.2185278 192.0125
0.2057535 202.8155
0.2017167 190.7246
0.2628217 191.5438
0.2264347 192.0721
0.1953162 200.6218
0.208137 197.4394
0.2194993 211.6517
0.175533 211.6553
0.1488072 206.4392
0.1529165 217.4477
0.1881451 205.2611
0.1773661 204.0336
0.1314815 203.5187
0.1375405 211.609
0.1396815 204.0534
0.1368596 217.1571
0.08318712 216.8679
0.0983297 225.793
0.1210306 230.131
0.08655141 229.241
0.08224677 233.0693
0.1208611 262.2991
0.1281664 278.346
0.1643303 258.4869
0.1612091 267.0423
0.1051381 254.2255
0.1198222 247.8655
0.1234912 231.2176
0.1321002 251.4429
0.09633146 282.8187
0.0821481 290.3758
0.07830103 289.0134
0.1341943 277.9233
0.1267079 268.5953
0.1123262 269.7725
0.1387804 272.1105
0.1542053 277.3032
0.1503845 263.6897
0.1337393 279.5287
0.119341 280.3335
0.1003292 298.7465
0.1007102 314.3364
0.09609365 308.635
0.09783275 296.3842
0.05513103 294.3289
0.05335885 286.4257
0.05964878 296.741
0.07500649 290.4567
0.06095541 281.4171
0.06701933 301.6332
0.06235728 282.0226
0.05264009 283.3409
0.05602413 301.3008
0.06008863 293.6891
0.06703152 299.5809
0.1206745 293.9677
0.1102083 320.8235
0.129752 313.2787
0.1131179 304.4044
0.1116723 331.3361
0.1065315 307.1746
0.07976541 310.9036
0.07038847 313.5436
0.05994813 319.5648
0.03664824 308.9653
0.05795458 311.6866
0.0798076 352.3627
0.06988433 343.0174
0.05427541 333.918
0.0681668 321.4271
0.09158144 309.333
0.06002799 344.7843
0.08307502 360.4491
0.06106101 352.3341
0.0795512 360.8243
0.05438991 372.6039
0.06629309 388.0609
0.05326587 393.1049
0.04597508 379.0822
0.0449488 368.887
0.06642774 375.8247
0.07747958 393.6379
0.09633926 392.8128
0.111848 386.4802
0.09751339 376.0146
0.1077293 362.356
0.09368253 359.1737
0.06326587 357.3489
0.08820818 360.9966
0.1001596 354.952
0.05432929 364.1197
0.02589036 342.8758
0.04258397 330.4663
0.07329217 347.6967
0.0710391 339.4144
0.05682813 321.327
0.05312279 315.3173
0.03066796 302.1263
0.03789343 326.3277
0.04320675 323.3088
0.05557045 316.1162
0.08878222 315.2176
0.06043372 280.9521
0.05395982 250.6589
0.05226935 252.8835
0.06504172 243.3604
0.07094253 232.174
0.09251727 240.795
0.1113378 250.1688
0.09349917 275.7805
0.09744946 281.8663
0.1258285 292.4225
0.1686183 291.8016
0.194626 289.595
0.1590948 311.0049
0.1203923 303.8488
0.1278787 310.7849
0.1264505 322.3626
0.06845747 308.7333
0.09800408 291.6519
0.1000858 315.7013
0.1209601 321.1247
0.1098945 318.8067
0.1157542 316.9591
0.1433879 306.7446
0.1066659 281.4928
0.09745516 264.9034
0.06866991 269.2196
0.05092373 274.4396
0.04376224 278.5073
0.1038879 264.0912
0.1124518 264.6958
0.09860523 252.8969
0.1072048 254.6029
0.1103311 238.5461
0.07314826 231.4389
0.09762102 239.1356
0.1070731 225.7569
0.1109362 227.0508
0.1168073 227.282
0.09377884 242.8768
0.07609734 238.461
0.09354541 241.2825
0.1070593 234.5366
0.07367317 226.9805
0.08986549 230.1775
0.06955949 239.0968
0.10903 244.2558
0.1318823 244.6178
0.1808142 228.7041
0.1100442 239.4056
0.1411143 239.2481
0.1474396 223.0155
0.1621569 209.5326
0.1303488 201.0723
0.1481589 188.9394
0.1300529 200.7072
0.1525271 194.7977
0.1336907 177.311
0.131781 172.5758
0.1281213 177.9149
0.1139649 187.4541
0.1042122 189.1115
0.1356138 195.7413
0.1583151 202.5934
0.1597891 207.425
0.1050316 205.2029
0.08314697 212.1827
0.06210593 224.4578
0.08990277 218.6306
0.09409972 222.0859
0.1270445 230.2555
0.1608239 249.8044
0.1521576 256.6014
0.1734639 265.6945
0.1652239 260.6673
0.1942998 256.6874
0.2082507 265.0252
0.1459435 253.7693
0.1428054 243.7905
0.1331841 249.286
0.110554 267.1385
0.08774396 239.6484
0.06808798 237.538
0.06098458 239.4767
0.06875318 225.3567
0.08864587 210.696
0.1275095 219.4116
0.1348871 217.6151
0.09541192 220.8585
0.089367 227.2555
0.1032998 232.7686
0.1325146 245.604
0.144738 257.9129
0.1280963 266.1657
0.1687343 291.606
0.175519 286.7305
0.2160181 294.0306
0.2356669 279.8413
0.2770352 271.0507
0.2561243 267.2566
0.1625863 258.1441
0.1693905 270.5948
0.1282176 263.9601
0.1065029 252.5063
0.07851527 255.1724
0.076176 261.7042
0.07611139 255.6241
0.04314291 248.7804
0.07400461 238.6007
0.05840523 235.3768
0.05112335 232.0733
0.04801385 239.9218
0.03569611 233.3911
0.02178433 226.8076
0.007637636 243.8556
0.02411628 241.0391
0.04639406 229.7229
0.06779035 255.6434
0.07182306 263.949
0.06347969 243.243
0.08473916 246.4575
0.08887171 240.4935
0.06492749 246.2077
0.08177562 222.841
0.09738054 218.4528
0.09199863 207.5292
0.07747452 181.8882
0.06380397 194.7428
0.07349184 199.6859
0.09588611 193.3082
0.05175771 182.9748
0.0447148 177.1132
0.03470354 180.6783
0.01198493 190.2761
0.005139513 203.638
0.01443543 210.5643
0.0212867 202.0643
0.02317303 181.064
0.04126879 171.5797
0.04281354 176.6251
0.05009376 160.9334
0.05452946 153.542
0.03791483 144.082
0.03250787 147.9664
0.05130027 146.6233
0.05784736 144.3377
0.0530415 145.6218
0.04007275 137.401
0.07114716 149.3178
0.1392941 144.29
0.09702058 150.313
0.09354186 145.723
0.08392898 160.9881
0.09128196 157.4459
0.06396503 162.3177
0.07453303 161.6836
0.09661819 159.0996
0.1046574 166.9302
0.1276573 156.1872
0.1309434 158.5231
0.131549 167.9537
0.1021692 165.5705
0.1023947 182.5176
0.09576406 176.0345
