probIn scale
0.02736524 6025.11
0.05400538 6297.52
0.05051391 6155.951
0.03284002 6103.052
0.03281103 6191.537
0.04025108 5720.795
0.03100335 5986.637
0.03542509 6105.69
0.03374757 6024.15
0.02097047 5978.607
0.0159754 6655.192
0.002973489 6541.955
0.001360526 6254.229
0.001467116 6256.595
0.006843801 6492.394
0.009376762 6732.985
0.001371118 6606.077
0.00499308 6937.532
0.006112771 6844.018
0.02109071 6896.424
0.01032946 6686.962
0.01308998 6663.161
0.005232621 6601.143
0.01095514 6075.002
0.02109195 6118.431
0.01584885 6257.102
0.01432584 7019.556
0.02671234 7045.98
0.02478731 7140.149
0.02184271 7304.379
0.013032 7612.702
0.01862455 8127.399
0.02941218 8225.578
0.03140133 8590.309
0.03219225 7691.452
0.03177329 8428.438
0.03469871 8951.356
0.03073185 8432.798
0.01412504 8873.934
0.003924108 9053.508
0.008318719 8965.403
0.01139867 9581.291
0.01016715 9648.368
0.01972855 9869.733
0.02319603 10124.23
0.02305327 10221.9
0.01658621 10308.16
0.02417299 10614.5
0.02255279 10382.73
0.02646813 9666.093
0.01974662 10035.02
0.02480124 9516.875
0.007701973 10179.51
0.008624164 10043.74
0.008644817 9861.844
0.004097609 9809.184
0.0009031502 9868.626
0.003780462 10368.83
0.002989123 10570.12
0.02439332 10277.78
0.01793731 10871.16
0.004115573 10077.85
0.008552025 10166.09
0.005927085 9937.942
0.001423133 9972.77
0.008480865 9902.395
0.005194005 10222.82
0.005309697 10250.29
0.008422843 10265.29
0.007350246 9962.559
0.00751057 10437.75
0.006719588 10287.6
0.003077932 10276.17
0.0150712 10129.84
0.008330861 10837.99
0.02530378 11505.38
0.02898852 11677.85
0.04079436 11540.55
0.05823663 10564.93
0.03923511 10609.8
0.03354754 11142.71
0.02409096 10726.21
0.01140277 10660.43
0.02570398 10537.14
0.0115476 9698.021
0.004886303 8818.799
0.01225561 10175.6
0.006803248 10676.54
0.008506651 11061.69
0.01265202 10723.25
0.01061571 10274.56
0.01273078 9478.282
0.001327077 9035.369
0.01054769 9460.5
0.01257976 8852.159
0.008875232 8264.739
0.01903514 8332.654
0.01114609 8670.233
0.01769299 8437.569
0.01749783 8485.6
0.001815615 8380.427
0.0009059238 8652.949
0.01761329 8410.08
0.01549652 8726.022
0.04342011 8439.444
0.03506767 9319.468
0.02261727 9031.917
0.006304527 8680.634
0.003044927 8440.332
0.001601496 8369.661
0.003305407 8588.576
0.004857644 9098.258
0.001364624 9413.315
0.004450624 9422.372
0.01351253 9675.135
0.02244052 8677.979
0.0144959 9113.304
0.01206876 9423.003
0.02263362 8972.314
0.01002325 9170.75
0.01198048 8900.012
0.02452134 8723.096
0.03947562 7830.444
0.04469219 7908.889
0.04327834 8012.244
0.03000875 7961.25
0.02912038 7531.037
0.03182936 7087.402
0.03764099 7376.097
0.03319204 7095.709
0.01952581 7216.456
0.03003523 6950.324
0.03909664 7055.146
0.03272571 6572.44
0.02546713 6262.533
0.02811485 6412.421
0.01246887 6241.698
0.01430318 6074.489
0.01622155 6409.735
0.0443697 6076.231
0.02886219 6138.327
0.02772943 6005.063
0.03478153 5854.254
0.04652781 6112.741
0.03856061 5846.732
0.03140038 6494.142
0.02661671 6710.51
0.03689514 6633.205
0.009026877 6960.339
0.008647749 7171.42
0.02268505 6863.096
0.01827919 6723.62
0.0236395 6458.635
0.03156169 6822.555
0.01308142 6827.534
0.006987619 6318.112
0.002161649 6077.091
0.004310914 6862.347
0.006315073 6752.394
0.005103084 7304.105
0.01529999 7079.328
0.04175731 7144.925
0.04548267 6605.5
0.04265495 7003.443
0.04076616 7369.55
0.08006784 6904.087
0.06441065 6974.103
0.05978145 7070.144
0.02766201 7337.421
0.02287224 7482.988
0.007811174 7603.092
0.0195568 7963.666
0.01983941 8538.192
0.02649901 8499.344
0.02178783 8643.888
0.03526868 8768.985
0.02004576 8279.76
0.02059148 7815.004
0.01077535 8262.181
0.01559923 8521.021
0.03117254 8587.426
0.03393641 9324.995
0.008112199 9839.841
0.006010769 10281.55
0.0125146 9880.425
0.005882045 9402.236
0.01292166 9069.065
0.009877442 9318.522
0.005331181 9350.571
0.01218485 9310.497
0.01319452 9402.662
0.01982323 9383.219
0.02898235 9039.017
0.02084576 8852.704
0.01692256 8710.329
0.009983905 8688.007
0.01069382 9842.603
0.01567823 9317.836
0.02311149 9974.951
0.02082653 10589.82
0.01426587 10643.86
0.03145492 11705.43
0.03024448 11455.2
0.02095636 11198.05
0.008804794 10784.46
0.003693676 10958.12
0.005274301 10633
0.006942388 10778.3
0.004151182 10232.54
0.004045234 10006.52
0.006259363 10092.7
0.002744384 9970.827
0.001493856 10558.22
0.001565457 10307.11
0.006303216 11031.49
0.009231295 11859.81
0.005440912 12471.02
0.01465123 11285.66
0.006641299 11157.27
0.007369037 11070.73
0.006510744 10974.06
0.001556746 10674.32
0.006994021 11122.95
0.01265626 10247.6
0.01512732 10533.53
0.01738442 10705.45
0.008128228 10446.64
0.007398442 10023.19
0.007333842 10249.26
0.01316611 9837.726
0.02476823 9533.833
0.01537522 9155.202
0.02775622 9035.511
0.01227348 9166.675
0.01377487 8677.52
0.01053623 8355.974
0.001309162 7845.403
0.002227525 7831.13
0.005561871 7833.227
0.01528469 7833.14
0.01839538 8146.039
0.009367987 7975.372
0.01035748 7926.992
0.01749957 7865.896
0.0103747 7617.792
0.01489801 7966.85
0.02747872 7644.396
0.0259631 7771.563
0.01258093 7790.363
0.01826334 7785.856
0.02660367 8275.096
0.0464882 8395.724
0.02485029 9132.714
0.0152382 9113.343
0.03181959 8987.182
0.05991851 9271.226
0.03496966 9811.082
0.05450345 10251.87
0.02948539 10431.95
0.03418008 9965.877
0.06227792 9684.544
0.03811413 10015.23
0.02384847 9932.411
0.02064542 10274.26
0.01764138 10418.19
0.02842057 10752.75
0.01747588 10639.59
0.007188983 10195.47
0.009003369 10189.46
0.005366447 9709.04
0.02234403 9015.642
0.01826924 9121.467
0.007602665 8880.544
0.003226725 9119.831
0.0008609897 8724.901
0.0003129169 8349.872
0.01000637 8443.757
0.004618614 8716.815
0.005057308 8931.604
0.01122881 9221.254
0.01025082 9941.96
0.003305211 9869.2
0.007949879 9517.692
0.008922799 9434.9
0.00435106 9971.343
0.005550379 11052.42
0.0055144 11136.42
0.009525026 12397.61
0.00561595 13217.15
0.006200879 12834.67
0.003833926 11690.61
0.001014348 12644.06
0.001178922 12988.78
0.004619503 12136.05
0.00877179 11729.09
0.001892888 12056.98
0.007176913 12961.88
0.003031071 13366.11
0.000846386 14029.85
0.007467178 14028.44
0.003021124 14278.94
0.003144957 14307.21
0.01931582 14679.61
0.0194688 15532.42
0.02126224 15895.87
0.02219026 15498.43
0.01630303 16408.63
0.01242136 17605.76
0.00512512 17523.27
0.007400322 18739.68
0.00356833 19738.91
0.003289669 21073.77
0.004637537 20708.56
0.0006214356 20452.04
0.001135434 20693.06
0.01834538 22328.24
0.005622077 23904.76
0.01250268 24209.26
0.004672406 23097.76
0.01035332 20866.59
0.00957981 22581.69
0.01279331 23135.5
0.01020385 22689.72
0.009392019 21074.77
0.005945232 21013.03
0.0006664201 19180.67
0.003058921 19973.78
0.001000766 21052.74
0.003349848 19088.07
0.006616936 20472.29
0.004264184 21431.53
0.002728874 21107.5
0.002769813 23327.14
0.006764613 23078.11
0.007118026 21666.76
0.01262657 22967.41
0.01083193 24147.4
0.003553771 22677.08
0.001732228 22137.5
0.001142047 24332.61
0.003279759 24718.01
0.01127071 24877.16
0.0102267 23049.96
0.009730688 22377.71
0.01320788 22860.07
0.01301993 22563.4
0.01951402 21209.66
0.01560197 21780.68
0.01534458 22013.33
0.0177423 21470.75
0.01327773 21318.82
0.01392923 21031.82
0.0170251 21759.88
0.005611976 21978.31
0.01178925 22208.77
0.01121546 24446.18
0.009802985 23190.83
0.007307959 24932.32
0.00986039 25207.45
0.01091355 26634.08
0.0161154 25878.18
0.01401773 25440.79
0.02096066 23401.54
0.01580489 21800.76
0.004984968 20274.02
0.002868028 21078.19
0.002769931 20004.14
0.005248381 19146.57
0.009863517 20399.95
0.001854269 20297.73
0.001155387 19464.96
0.002253641 19020.72
0.003657968 19733.82
0.001334477 19139.34
0.002994092 18768.98
0.003419157 18346.21
0.008246333 18360.8
0.006912629 19518.34
0.02152948 19034.59
0.01813615 19031.51
0.002075276 18397.08
0.0006030198 19784.79
0.004256678 19604.74
0.003407306 20591.03
0.003229557 21858.24
0.003199824 21363.87
0.003443662 21293.29
0.003374538 20550.48
0.001710358 21091.02
0.002493038 21066.08
0.005558716 21553.47
0.01273207 21427.29
0.008747051 21440.8
0.007273012 21184.75
0.0003541738 19921.63
0.002106515 20393.95
0.002603299 20124.88
0.01240178 17871.03
0.01647104 18540.95
0.0151284 18516.94
0.008012799 18584.29
0.004897627 18223.01
0.01206288 17380.2
0.01601442 18452.62
0.01171883 18795.99
0.01413719 18399.15
0.006309346 19408.15
0.002710509 20288.43
0.005352885 21059.86
0.003003236 19006.92
0.008238858 18910.19
0.006502976 20115.11
0.0005443856 19974.38
0.004191329 19292.56
0.0007434883 20763.88
0.001592562 22049.63
0.0005073922 21233.7
0.001443389 21633.73
0.003624118 22008.55
0.006506925 22756.69
0.009107463 23992.98
0.01151741 24469.42
0.007552633 23527.1
0.004185621 21080.8
0.001189129 20467.33
0.004210611 21532.52
0.008880857 20218.85
0.0005257243 19634.46
0.005347865 19794.71
0.01396468 20529.06
0.009439861 21895.08
0.008850516 21145.5
0.003608936 20587.38
0.001386009 20625.86
0.006469898 22941.53
0.01021264 22149.44
0.008594181 22667.91
0.009951298 22049.58
0.01335951 21127.12
0.01392342 20747.08
0.008495258 22249.09
0.002377712 21996.77
0.004797765 22180.44
0.008508535 23582.35
0.002953911 23292.61
0.001838096 24204.5
0.009257055 23190.12
0.007440091 21243.84
0.005347847 21390.03
0.001847856 20756.17
0.003767888 20322.78
0.007055318 21018.76
0.009229991 20725.99
0.009176976 22585.36
0.004297611 22880.21
0.003422515 23678.9
0.008466412 23373.39
0.01485438 22617.13
0.01934993 24519.06
0.01702469 24084.65
0.01324605 23804.23
0.005054005 23273.67
0.002723772 24512.33
0.006481735 25624.15
0.002777482 27360.34
0.006433141 27775.37
0.00533618 27079.19
0.0008187545 27415.37
0.00224595 28120.6
0.0005507732 27237.6
0.006699646 25707.62
0.006490847 24734.87
0.004778483 23996.78
0.004931748 23930.93
0.002009108 25943.01
0.01366155 26161.38
0.007676493 24528.69
0.01184692 22720.42
0.006085478 22566.42
0.006114565 24124.53
0.01030015 23177.88
0.001069298 23084.8
0.003039657 22109.11
0.0104065 22435.16
0.007248419 22466.26
0.005495286 23548.68
0.001549496 22660.36
0.003790852 21638.43
0.008090607 21750.02
0.002764379 24538.99
0.003843313 23525.75
0.005380991 23631.83
0.00761665 23812.47
0.007410492 24226.2
0.01248482 25502.13
0.02026791 24412.47
0.007870638 26219.5
0.006939401 28903.84
0.00279747 28822.58
0.001891946 28744.09
0.002264468 30395.94
0.0008611879 30289.02
0.002304337 28759.77
0.003661918 29427.37
0.009094292 29877.55
0.002943912 28546.24
0.002460273 28365.71
0.007497824 26634.88
0.006132082 26809.16
0.003244319 26626.16
0.0115078 26306.44
0.005225635 26507.07
0.004759934 25483.78
0.003080696 25896.67
0.001138438 27267.16
0.004374962 29045.38
0.002429947 30880.1
0.0007277845 31919.15
0.007607227 31939.86
0.003189663 31884.26
0.00120674 33458.22
0.002558389 31122.73
0.000883895 29230.13
0.004390845 28599.17
0.01299406 26505.71
0.0215559 25799.4
0.01297759 24509.87
0.00534176 25320.87
0.006656187 25764.59
0.01035117 26720.56
0.004787487 28341.07
0.003957283 27052.17
0.003549168 30230.78
0.004790158 31488.47
0.00554701 30084.08
0.002406259 30108.06
0.003869762 31124.54
0.01252185 32188.9
0.009460021 32075.76
0.00392101 34213
0.0009335831 35807.54
0.003606109 35596.09
0.00324485 32506.5
0.001068729 32760.14
0.002515339 32775.25
0.005297268 30998.21
0.0121463 30343.65
0.01589417 29668.14
0.01862303 31100.76
0.01029853 28723.39
0.008417993 28863.35
0.001925333 29829.29
0.006084659 35155.21
0.004246693 33222.39
0.004258147 32503.19
0.0002894247 32914.22
0.00162787 30995.01
0.005280233 30800.71
0.002830646 30040.7
0.005697061 31417.73
0.004331089 30455.93
0.01015903 29514.06
0.004466135 33074.84
0.00198249 33326.72
0.003150679 36573.11
0.005011567 40817.98
0.01800647 37771.98
0.004212739 40119.82
0.009426826 39728.88
0.006755357 39938.22
0.003545476 36892.19
0.002625068 37414.25
0.002794189 37285.45
0.009223081 37127.73
0.006495242 35854.96
0.004674564 36118.17
0.00297065 36842.91
0.001083203 41530.98
0.006349123 39923.78
0.001452275 41067.45
0.001293559 39739.19
0.001265175 35973.24
0.001507087 36060.85
0.001294059 37519.67
0.005349496 40109.45
0.0005872555 38869.5
0.001817962 40186.75
0.005105859 41269.37
0.01022607 42955.1
0.004597586 40343.83
0.004518523 38319.31
0.005427944 37652.78
0.005214119 36595.47
0.008023682 38726.28
0.001042298 36629.42
0.002295558 34581.04
0.005010295 33357.62
0.005162473 29592.53
0.01269356 30693.04
0.006557003 30364.14
0.01117346 31428.72
0.006893018 32402.6
0.01079278 34662.05
0.01020659 35287.93
0.008599226 34306.8
0.01372974 34925.75
0.007492651 32826.12
0.01451196 32682.83
0.01254055 33253.16
0.006686595 33882.62
0.005505726 34635.04
0.004361 33211.85
0.005658984 34460.72
0.01014882 35876.15
0.01135251 36093.19
0.0152461 37333.41
0.006816172 36267.68
0.005428216 36632.09
0.004845871 37266.19
0.0005927165 39347.51
0.003436239 40633.78
0.005276454 37252.48
0.002778928 35722.91
0.002968433 35141.9
0.004200562 34529.61
0.0007490864 35330.38
0.0009509736 33748.98
0.001689172 37618.79
0.01096477 35287.09
0.01714576 33203.73
0.004384183 31087.09
0.004865492 32368.32
0.003364401 29286.84
0.009999575 28732.69
0.005380334 29142.1
0.007867153 27502.28
0.00577866 28279.56
0.005231611 27090.4
0.005913367 26878.52
0.002319055 26051.14
0.005631125 28403.07
0.004115155 25684.92
0.001687458 25300.07
0.008927985 25675.97
0.001394545 27454.39
0.005374932 28133.61
0.009044859 27746.54
0.01083697 28660.77
0.006321846 30101.81
0.01076185 33245.29
0.00755536 34667.67
0.00536369 33545.16
0.002214102 34166.44
0.003486598 32954.52
0.006667256 32035.64
0.007733701 31288.96
0.01229414 30955.57
0.007607908 33691.57
0.0007155739 34535.78
0.001263044 30956.75
0.005034321 34285.37
0.002524379 32848.07
0.0110717 36619.37
0.0005732316 37079.41
0.006044232 36951.14
0.0111813 39482.79
0.01312845 35375.09
0.001672678 37235.87
0.004940544 37124.43
0.001704324 35295.02
0.002403457 35996.17
0.001460651 39178.47
0.001009589 40623.79
0.002648267 41971.03
0.002642358 41273.06
0.004213215 44514.66
0.004725663 45045.42
0.002318003 49311.14
0.002132125 52092.95
0.001456362 51818.82
0.002184573 50654.93
0.000445531 48316.7
0.002138254 52123.81
0.005011932 54225.96
0.001884083 55373.02
0.002450538 51870.25
0.001989436 51670.44
0.004269309 47609.07
0.01133331 47422.47
0.007215564 43587.16
0.008789013 42704.51
0.007445075 40853.94
0.004753433 41990.1
0.01549459 39970.01
0.0138392 38207.51
0.01097485 35609.76
0.01509685 31553.57
0.01159883 31994.36
0.01748572 32279.61
0.005265488 31928.19
0.006219569 33953.66
0.00316628 35510.74
0.001248438 36114.41
0.002251942 36224.94
0.004213021 37884.8
0.006866258 36395.08
0.01167637 40621.87
0.005790551 38815.13
0.005886989 39560.88
0.004360328 38336.39
0.003344939 38620.17
0.005158374 38218.31
0.001272829 38841.49
0.0003382068 36985.08
0.0007864659 36593.36
0.006415662 37998.62
0.00615586 37736.39
0.003487698 35472.6
0.001747957 34306.05
0.0008006752 31583.21
0.003722137 28800.3
0.0008635355 29890.84
0.004767754 30973.59
0.000405388 32866.08
0.005911902 33089.14
0.006499453 31650.32
0.008840505 30465.15
0.01203269 28991.72
0.007768525 30275.29
0.004449067 31843.83
0.002110541 30578.54
0.0003434946 30070.34
0.0070936 29152.96
0.003789719 28118.01
0.001063133 28176.53
0.003311491 30310.5
0.004794908 29826.96
0.009452365 32645.75
0.006936881 30209.77
0.01091026 28100.06
0.00799707 28082.05
0.007322075 28372.27
0.009521233 29635.99
0.01120222 30618.38
0.009463064 31744.53
0.004492896 31172.83
0.008398284 31777.09
0.005595134 33092.14
0.01049092 31367.97
0.008962353 32445.06
0.004215981 33033.29
0.007142726 32305.77
0.01152942 32580.2
0.009120376 33533.92
0.00223438 34424.06
0.003644185 33502.29
0.002366354 34105.14
0.003048177 34288.33
0.003502107 34888.56
0.005569007 36094.15
0.002655151 35989.51
0.002463997 34819.06
0.01019083 33968.31
0.002322398 33514.45
0.00621739 33709.39
0.002264341 33493.3
0.00048885 32818.14
0.005083571 31607.31
0.0002414028 33356.42
0.005669146 31798.59
0.002457634 30937.25
0.003505013 29332.46
0.01300027 30592.21
0.01335058 32515.63
0.007396554 34544.39
0.00596651 34861.27
0.007400689 35494.48
0.001890573 33246.96
0.006643821 35386.59
0.001935692 34811.59
0.003574456 32809.3
0.004178568 31487.6
0.009627641 28865.23
0.001062562 28737.74
0.004113577 31449.04
0.002526515 30133.45
0.008090267 29953.86
0.00360009 30121.28
0.009256288 28862.15
0.004595095 32284.97
0.003431299 34104.11
0.004609016 35530.63
0.008117955 36503.28
0.003459556 37003.16
0.001094648 38686.78
0.005894029 38458.07
0.005234117 36029.92
0.005106183 33410.25
0.0005934139 35178.95
0.001180179 35952.88
0.007283601 35161.61
0.009318895 37553.06
0.01081239 35563.04
0.009423115 36564.19
0.008093318 37906.12
0.009019599 37908.31
0.00482556 39826.02
0.007076324 41256.81
0.005396478 39666.68
0.007489045 42602.56
0.008106148 42696.93
0.002901385 42433.05
0.002186709 41906.02
0.003178953 45558.64
0.002645188 44332.99
0.006450673 42057.23
0.006427483 41018.66
0.001297695 39589.1
0.0001705727 40367.2
0.005145339 45244.49
0.008689938 50385.01
0.007908079 51476.6
0.009071 50258.97
0.004608649 52509.64
0.004057223 56440.79
0.001600316 53951.78
0.007003775 53713.26
0.003423291 53676.3
0.003742495 51161.79
0.001969616 51547.32
0.006749729 52524.28
0.002754707 55718.43
0.001939481 56224.07
0.002330445 52991.23
0.0003532192 53663.29
0.004508478 52591.86
0.0008516958 53446.76
0.001816963 53151.94
0.002491538 52696.67
0.007581953 55169.3
0.01164538 56188.43
0.005784846 54482.96
0.003893159 56738.15
0.002013646 57249.01
0.004003407 59547.79
0.002103411 64321.36
0.0001385103 69529.47
0.00378811 69297.39
0.001132803 65387.61
0.005231971 64239.09
0.002736155 63491.98
0.003447383 56816.47
0.00144624 52667.77
0.000690461 52233.38
0.003205884 52427.9
0.005040878 54017.57
0.006334244 54004.4
0.002171921 57727.86
0.003130952 53075.3
0.005682341 54183.5
0.0003595694 54684.79
0.002829102 52744.02
0.001609854 53705.11
0.00237565 58576.17
0.001607842 56966.31
0.0004440919 56714.1
0.003015872 56010.13
0.0002104147 56779.66
0.001784211 59770.75
0.001818873 59940.67
0.005879166 63182.14
0.003838312 68155.38
0.008442761 63155.73
0.0004064126 62572.63
0.003202499 64168.54
0.004599345 64688.03
0.002187086 68211.92
0.002628612 72145.93
0.001032731 69981.51
0.002284027 71257.73
0.00805375 72974.35
0.009446303 76162.35
0.002375786 75390.11
0.0003649159 84069.81
0.002657286 82346.74
0.003218276 87254.63
0.002645626 84572.3
0.001018833 85414.49
0.002629593 82499.38
0.001028395 77026.75
0.002832977 78137.42
0.001181394 80608.79
0.0007274727 79652.3
0.001317324 76314.74
0.004333374 72726.86
0.0004215271 77870.56
0.001077175 69569.37
0.0005309103 71964.15
0.0002208682 79726.66
0.0006826407 81147.88
0.00420947 79874.76
0.00256576 79938.4
0.0004681507 81369.82
0.005890341 84680.68
0.001590961 81951.3
0.0003264087 83302.79
0.002149204 80928.96
0.004927846 83055.18
0.0004235938 86340.57
0.002616127 86959.37
0.005052741 82163.54
0.002957221 83090.05
0.002408353 77875.05
0.0007230833 83008.05
0.003523872 78860.17
0.0008092144 78676.73
0.001127247 74913.84
0.003129896 76292.28
0.002898361 79630.65
0.00778847 80059.94
0.005469701 80163.52
0.002776777 84764.82
0.003402833 86860.86
0.002842068 87773.64
0.002207376 85790.51
0.0009120798 81286.71
0.00567018 83261.7
0.002102533 84261.01
0.001048081 89429.71
0.002613757 97611.53
0.001338262 95630.38
0.001538395 96618.99
0.004528845 102707
0.008049152 113017.1
0.002706668 116849.6
0.004109145 113256.1
0.001787082 114384.6
0.0001391943 113440.6
0.00236194 104776.2
0.008412332 101148.5
0.005830014 99200.11
0.001303118 104084.9
0.002367019 99378.41
0.001832944 99927.03
0.0005584245 94425.9
0.002416884 98939.59
0.001358627 99988.14
0.0003557998 100290.8
0.000593313 104244.7
0.004545998 107325.9
0.00380461 109870.4
0.001979183 109344.4
0.00626666 117508.3
0.004935633 123951.3
0.003342123 115264.5
0.0018342 124074.1
0.004460791 127352.7
0.0003610188 130488
0.001623726 133127.3
0.002070991 135673
0.002217024 125414.6
0.001240611 126990.3
0.002274609 131135.5
0.001986437 135369
0.001791462 126405.4
0.003271325 127710.7
0.001294366 132761.3
0.001639364 134411.3
0.0003000234 132363.9
0.0005624201 122450.7
0.00117166 122249.5
0.0007855342 126791.6
0.001119513 122938.6
0.008278286 113378.1
0.00465779 112915.3
0.001452304 110819
0.007624785 112172.7
0.002233852 108855.3
0.003194678 113968.1
0.002319729 98168.79
0.002773427 97157.06
0.004346281 99491.16
0.002192648 95501.38
0.002134314 92508.33
0.002250638 100781.3
0.0007962978 97415.69
0.001034241 97146.47
0.006463526 96750.13
0.004889423 99891.27
0.006560172 97659.42
0.004652014 101750
0.005278652 103141.6
0.003011205 104638.8
7.892102e-06 103626.4
0.003312542 105583.4
0.002304913 99680.08
0.0007378488 99883.26
0.003311596 99277.16
0.002975807 95405.09
0.001883782 93390.79
0.001611519 90430.99
0.002031182 89351.77
0.0003259561 87225.76
0.0006872119 89526.71
0.00233944 94725.05
0.002616916 99232.02
0.004893675 112105.7
0.00143044 105593
0.00184615 98234.12
0.0009564978 104350.8
0.004543832 110787.6
0.001004174 112389.4
0.001066826 112242.5
0.001517286 109742.4
0.0003116707 107651.7
0.0002913126 100043.9
0.001536514 114730.9
0.001738061 116063.5
0.002960781 116309.7
7.226027e-05 112707
0.002345697 118464.5
0.00127172 117915.5
0.003573743 123763.1
0.001963325 113073.6
0.001702637 110746.6
0.003930346 106198.3
0.004414204 109021.9
0.0001279287 111690.8
0.00462831 114181.6
0.002268884 116973.6
0.001359461 123534.5
0.0006521715 125889.4
0.0005151205 124893.6
0.003837544 117209.2
0.00434994 121435.3
0.001515258 125469.9
0.00260362 113163.3
0.003910608 122533.7
0.00158741 129735.4
0.001192919 132406.1
0.0009837931 138406
0.0005721138 131397.4
0.00117509 132954.5
0.001316286 137801.7
0.002467704 153981.6
0.001201687 152664.5
0.001589879 162091.2
0.001560259 168336.8
0.005014959 167737.1
0.002005638 179421.5
0.001852389 187597.3
0.0003815239 205337.2
0.001170713 196577.3
0.001854265 191246.3
0.002077419 197202.1
0.00145377 182375.9
0.002781821 176795.1
0.0007441409 175731.2
0.00252088 168922.6
0.0004631715 163346.1
0.0002075575 172572
0.0004633181 186259.2
0.002787021 164767.4
0.003246499 172280.3
0.002700033 173467.8
0.002860199 182938.7
0.0006157468 177924.9
0.0006096756 172583.8
0.001843095 168869
0.000227656 167169.2
0.001834574 166074.4
0.0001199425 157104.5
0.001075419 166722.2
0.001314066 167985.1
0.00152871 167403.7
0.0002348252 167295.6
0.002559411 160107.5
0.001283354 152486.9
0.003730383 156528
0.001370433 157831.9
0.001424703 170006.6
0.0006903705 169947.6
0.0008577912 172813.2
0.001111786 168065.9
0.002652565 157453.6
0.0001354334 155213
0.006781385 158872.7
0.001863646 168302.4
0.004133979 170698
0.00685013 165485
0.004776322 170512.6
0.003650969 184019.3
0.005566087 172023.3
0.002761284 174972
0.004053423 189600.2
0.002879178 188326.6
0.003231625 209389.8
0.004320759 212436
0.0005916935 210338.7
0.0008297229 215338
0.001896823 203245.2
0.002101888 200026.8
0.0001690083 204575.6
0.0009634046 210538.6
0.002057902 205796
0.0007729419 210025.5
0.002160484 183866.8
0.003895177 167729.1
0.00398472 162213.2
5.431369e-05 167655.5
0.005382086 169517.2
0.001701395 166300.5
0.003345887 167070.5
0.004697121 164670.2
0.001026162 155509.3
0.004071825 150652.3
0.0007971426 137185.2
0.0002856214 129550.5
0.003830826 130097.7
0.0001869139 125049.6
0.002653205 126257.2
0.001291508 131592.6
0.000830277 138468.5
0.0086968 142647.4
0.0005400152 139617.8
0.003745536 133579.9
0.0006973451 131008.4
0.0006328792 132089.1
0.005931056 120974.7
0.00650106 130707.7
0.001371107 123618.7
0.004011307 123856.6
0.001498628 125034.8
0.001062128 128508.1
0.0007006473 129666.2
0.0004346202 120735.7
0.0009806878 115724.1
0.0008510604 124246
0.00068636 128492.9
0.001302153 129385.8
0.006759756 130034.1
0.004915178 134270
0.004035864 130366.5
0.005329978 138503.3
0.00790034 140792.7
0.0007328769 142615.8
0.004431495 142330.3
0.002419821 139170.7
0.002096203 132939.9
0.0007460852 139485.8
0.002099183 138020.8
0.002325709 126755
0.0003018595 111747.7
0.0002983241 108651.2
0.002330062 105154
0.0008449427 108191.7
0.001576873 116903.7
0.006852322 123141.9
0.000691842 117590.7
0.001690625 118629.4
0.0008157885 115120.7
0.0005168073 123061.4
0.003696464 132776.8
0.0003930739 137239.4
0.004790977 128010
0.0006376738 130799.1
0.0003449364 129153.5
0.0001806698 131561.9
0.001594257 126960.8
0.0001969175 135701.3
0.0001259536 134779.3
0.004196365 136648.2
0.001839735 135065.1
0.0002370249 134487.2
0.0007548806 135640.7
0.0001224787 131840.1
0.004421491 132814.2
0.004678578 130005.6
0.001714927 129554.9
0.000646225 129525.1
0.002993211 128016.9
0.0001776372 132035.8
0.004303597 125792.9
0.001188623 132670
0.001318815 142841.3
0.001726525 141055.8
0.0002798707 146219.9
0.003833303 152943.2
0.003229092 142140.9
5.572064e-05 147802.2
0.001338102 151826
0.002228689 154274.4
0.002748438 151729.6
0.004708679 149809
0.00158722 147730.8
0.003376364 144641
0.0003133723 141387.3
0.002172894 128152.5
0.007037554 129223.8
0.006648459 121511.5
0.0003141451 119186.9
0.0001842959 120594.3
0.0003779266 112969.6
0.002499239 113533
0.002995466 116328
0.0007143518 109954
0.001333225 109788.1
0.003631431 104232.6
0.0004072865 103301
0.001620197 107923.3
0.000847888 101249
0.002945577 107397.8
0.002157973 108307.2
0.0007032297 111565.7
0.002439151 119228.9
0.0003698554 120439.6
0.0003808994 121232.8
0.002623412 123333.8
0.0002948451 126410.7
0.001107602 127228.6
0.0009274821 134460.3
0.0005588137 132682.2
0.002150004 125612.9
0.002867512 143496.1
0.0009319495 144105.7
0.0005267031 143021.4
0.001141912 145900.8
0.0001915259 152610.7
0.0005864192 143279.7
0.0006228783 146915.4
0.008857364 148268.3
0.004145914 150953.8
0.004494815 146469.1
0.001155995 145219.6
0.0007945154 140334.4
0.0003607519 130522
0.002374001 134035.1
0.0004749185 129004.7
0.001052387 135172.4
0.001540564 127390.8
0.001625131 133752.1
0.001895425 125655
0.002818667 133563.8
0.001599028 130485.9
0.0003606124 139656.8
0.003212065 132952.6
0.003582459 129616.9
0.002689462 129638.3
0.004767079 126942.5
0.004398221 118153.2
0.002493691 119773.5
0.0007463541 121576.2
0.001536932 117850.2
0.004469141 116691.2
0.00150703 125249.7
0.0001672337 119613.4
0.0003518054 116951
0.003080176 112689
0.002008805 119226.3
0.001014234 110622
0.002315901 105138.9
0.0005863555 99951.32
0.0004013798 97690.79
0.001402106 97698.3
0.001120623 92995.23
0.001295007 86350.26
0.001490387 88414.9
7.721407e-05 89264.6
0.001353825 96478.2
0.001422556 90324.89
0.006104296 93974.13
0.00255104 92775.82
0.004098749 87242.97
0.001734176 78726.77
0.0006119829 78536.28
0.002387354 77797.02
0.004965676 77830.42
0.002679654 78816.13
0.00415606 81366.21
0.002193084 81109.99
0.001131916 87929.71
0.0007989309 88738.35
0.007650995 84586.9
0.0009548238 82610
0.00673396 87517.78
0.003128345 91610.88
0.004220353 93173.37
0.004762813 93563.65
0.003057438 89348.92
0.004495289 92566.06
0.001910683 90412.37
0.002028216 88553.07
0.004374667 86824.36
0.0001473578 85285.33
0.001598289 91104.66
0.001851337 99150.26
0.004447934 99274.37
0.004421596 96761.87
0.001138613 91164.35
0.0007574456 90253.65
0.0009053499 92781.45
0.003012734 92773.62
0.005168549 85756.3
0.003975569 83055.41
0.002290048 85817.75
0.0009949481 85554.96
7.126862e-05 77769.42
0.004282409 73493.35
0.008560722 72433.13
0.002903459 74945
0.005802482 81601.49
0.005986739 83463.36
0.001749488 89156.13
0.002636709 90382.03
0.001329284 93507.12
0.004709991 88961.44
0.003272472 88247
0.0004182848 89483.66
0.004024768 91746.36
0.003279491 92738.65
0.0008614868 90217.84
0.004132878 93000.17
0.004700179 85457.14
0.001341615 84318.69
0.00451914 89874.68
0.001888003 91597.82
0.0009932634 100723.5
0.002434954 97676.33
0.00139623 102289.2
0.00145176 105430.2
0.003036632 122287
0.0004329218 120019.6
0.001753729 119871.5
0.004606668 121895.4
0.006366555 118827
0.001886954 121087.5
0.001522796 116098.1
0.0009585255 114588.8
0.0003064003 120509.5
0.001875056 115533.3
0.00220785 121201.9
0.004415471 123982.2
0.006547349 122401.4
0.004090163 124202
0.003469063 119836.6
0.002832513 115830.1
0.007299951 113514.1
0.002760582 117221.7
0.002825868 132796.1
0.0008691881 142776.9
0.004744567 143174.9
0.0001640105 139900.9
0.002155483 126000.1
0.003334963 138459.9
0.001794435 133777.4
0.001269157 132711.5
0.002860969 127658.3
0.001002358 136280.9
0.00105084 133189.4
0.004115848 128481
0.001434312 127513.3
0.002069214 121754.7
0.003620461 124950.9
0.002043756 133606.8
0.001253295 139954.6
0.003170897 134064.8
0.002009545 131213.8
0.001106587 122554.3
0.002653483 121159.9
0.005778659 126242.7
0.0005350583 119285
0.001689113 117157.4
0.002699159 115204.4
0.0009813311 109259.8
0.003677688 116304
0.001556137 104254
0.005262959 110350.4
0.007222743 111992.7
0.0002156506 122728.3
0.005127315 122749
0.000854724 119553.5
0.002976789 116799.2
0.003510353 114252.5
0.001623498 117694.8
0.00117258 115786.8
0.0009624811 109661
0.004044567 109292.9
0.002493102 101744.8
0.0008380551 91348.42
0.003183434 89619.23
0.002511353 87033.97
0.005159746 92890.54
0.004281637 91609.76
0.003136087 91619.25
0.0005718543 92427.58
0.0004005575 95124.71
0.001450553 94300.28
0.003208604 93359.75
0.0006744545 99462.43
0.001087673 104257.2
0.002586719 107956.9
0.002150936 106561.1
0.00145792 116412.5
0.001232108 116840.4
0.005960783 113932.8
0.003539827 106351.3
0.003467308 110614.1
0.004515943 110845.6
0.0009030479 110782.3
0.004054041 112867.9
0.006320504 109567.8
0.001631928 98040.57
0.004459166 91129.86
0.0003412203 97145.96
0.002985034 100036.5
0.0006978682 94804.03
0.0005103827 91740.62
0.001385469 90148.98
0.00195235 90067.78
0.002306909 94344.22
0.001932593 91787.5
0.009335763 91209.64
0.0006523209 91613.62
0.002834506 93047.19
0.005999167 89125.78
0.005796861 93605.4
0.0002426485 92189.43
0.0008216986 95246.68
0.000985067 95566.37
0.0004958957 94926.99
0.001236907 90950.97
0.00245617 94460.27
0.002148912 96253.42
0.0009665153 95949.77
0.001917021 96700.96
0.002434575 92440.94
0.003530215 90108.91
0.001870926 90720.96
0.006607976 88197.61
0.003615784 96931.79
0.002898299 100208.8
0.003822836 102622.8
0.003946839 99073.79
0.001295813 94674.46
0.0002574356 92428.32
0.0004291188 95184.35
0.002268509 94354.84
0.002464671 96896.97
0.0004455634 97885.01
0.00251877 106205
0.004055571 102249.8
0.001403846 103201.4
0.004128803 105111
0.006908059 102984.8
0.003972184 106183.8
0.0008854849 111689
0.001683722 107114.1
0.0008255814 106287.5
0.002070288 114278.4
0.001589616 113365.3
0.001205022 120202
0.003058198 118612.5
0.003314987 111814.6
0.001591405 113490.3
0.001968444 109960.8
0.001365522 120639.2
0.002764071 119189.9
0.002943232 123959.3
0.003738493 121160.5
0.001771177 124327.5
0.002898604 122992.3
0.002453682 127158.8
0.004327146 130861
0.003720915 126551.2
0.002484578 122369.6
0.00257451 116753.7
0.000247163 123503.8
0.001085599 115065.7
0.004143309 105880.3
0.002739325 104955.8
0.001498026 106692.1
0.001412344 100868
0.0045188 102036.7
0.002215901 102418.4
0.000346155 92458.23
0.0008868289 88473.31
0.002666264 81148.91
0.001084672 84793.36
0.001398587 75877.49
0.001539477 71441.05
0.001374118 74147.62
0.000253474 75362.47
0.002094746 70788.48
0.0005290594 68479.68
0.00253801 64968.61
0.001361296 71258.01
0.009251648 67392.21
0.008386079 66342.56
0.01061304 66793.39
0.002517714 66464.16
0.0006450336 65208.74
0.0006100805 58706.05
0.001092283 65592.1
0.0006332614 63007.56
0.00412422 64414.29
0.0110372 68508.1
0.008761866 65959.71
0.004278407 65491.49
0.004256911 63814.74
0.0003959668 67189.85
0.000134814 65288.64
0.004184304 63573.88
0.001335924 67411.18
0.0002140568 65185.16
0.001206052 65197.76
0.001598251 64220.72
0.001306853 62753.85
0.0008779334 66794.68
0.006104657 67768.7
0.009133272 69877.61
0.00569782 65652.58
0.005194576 68483.6
0.006574509 66391.08
0.01091505 72567.85
0.005375639 74049.66
0.004957491 73386.08
0.002382576 69389.31
0.007019438 70816.45
0.01133039 69401.35
0.004219137 65976.39
0.002524878 67101.28
0.002129204 61940.2
0.0001852531 62300.37
0.003136108 59840.45
0.0008150407 65417.15
0.002008812 61910.81
7.424033e-05 62074.56
0.00390973 56976.3
0.0006643296 56387.94
0.00150922 61582.24
0.004505263 57180.79
0.005064975 64771.79
0.0006948578 61310.42
0.007387491 61558.29
0.000395136 57505.79
0.0008257135 55347.66
0.001521321 58572.85
0.004006516 56250.31
0.004608497 59376.96
0.009689954 65582.49
0.005624607 59862.86
0.009811425 62466.28
0.005516327 61486.2
0.007549476 57172.31
0.002575068 55237.02
0.005092847 59725.11
0.001457363 58053.66
0.006301825 57782.82
0.004808799 54609.6
0.0007961833 52294.58
0.002719755 52856.56
0.002655403 51586.48
0.001694562 53532.44
0.004042619 55962.17
0.007243382 54975.97
0.007186768 53994.78
0.004584628 53684.7
0.002160762 58725.1
0.009181833 60587.43
0.01352996 57398
0.008968797 64002.02
0.001785387 63424.12
0.001606586 63331.69
0.008596929 67829.22
0.002132969 67834.23
0.008974734 67454.8
0.005000925 68430.31
0.003167743 70601.16
0.002332604 66249.73
0.006551298 68829.64
0.004882644 71233.69
0.00271391 72628.28
0.000550712 69048.94
0.001945492 71394.92
0.004647618 77067.43
0.002064985 76719.06
0.001557785 73293.03
0.006256838 74166.22
0.003856961 72370.62
0.003075111 74662.06
0.003779551 75425.71
0.001313965 80528.62
0.0006429446 83972.26
0.0007297556 89472.83
0.001229765 78747.55
0.001056859 79850.1
0.002333863 83404.91
0.001404317 85086.06
0.001252679 83681.49
0.0006900228 87836.99
0.002480325 95095.92
0.001767129 98150.82
0.001156505 97679.77
0.004331085 96801.41
0.001499295 100291.2
0.00105259 98854.39
0.001780283 103150.2
0.001521298 110322.1
0.005145205 102180.5
0.00212042 101902.4
0.001925517 97888.73
0.003760801 98164.4
0.005181693 95809.85
0.002061449 98248.97
0.001924399 98781.72
0.001871421 97321.9
0.002521093 104807.9
0.004714262 104241.6
0.004480234 104537.1
0.001143147 110765.7
0.00871281 105764.9
0.002002761 102498.4
0.002870324 107829.3
0.004101292 106656.1
0.001025573 99618.48
0.003545098 105574.8
0.006597751 106302.5
0.006970834 97980.52
0.006829776 98861.95
0.006478612 96786.59
0.002875938 100278
0.007907935 98195.96
0.004583282 104693.2
0.002485383 105563.7
0.007171405 101838.9
0.005324953 95053
0.00179702 92919.37
0.001440486 92117.93
0.003414477 89975.08
0.008081583 85750.72
0.00490511 92157.22
0.0002819621 93819.97
0.0007895663 86775.17
0.00229709 87199.58
0.004652308 83000.1
0.004107463 77640.64
0.01034315 79781.85
0.008336644 81045.96
0.005864728 82222.54
0.006848175 80618.81
0.003154125 79079.95
0.004909446 83152.85
0.004009186 78257.35
0.003734209 78338.03
0.001662606 76559.7
0.003196043 78595.88
0.003935655 79489.3
0.001816441 76971.41
0.001473572 80733.63
0.001575207 79246.45
0.002610076 85540.85
0.006340221 87428.18
0.004394306 91649.14
0.00216128 95742.29
0.003470033 92051.59
0.0006696485 89316.26
0.003900838 85572.37
0.001664673 88341.73
0.002686397 91134.91
0.00224209 94942.5
0.001166829 90405.2
0.004881001 99915.13
0.004185605 99958.02
0.003569827 98477.45
0.001641765 97810.77
0.007810664 92485.39
0.005927594 90309.05
0.003218082 90064.89
0.001478184 88531.39
0.003337095 85171.2
0.00171199 90974.03
0.002069464 95602.91
0.002437918 91471.26
0.00378759 89469.96
0.0002691168 86727.62
0.001258627 87455.39
0.003695613 83721.8
0.00211609 87448.42
0.001606525 87823.33
0.00121376 88969.61
0.0008470662 91389.68
0.000400208 89750.97
0.003516923 89094.22
0.001098847 91633.24
0.005221124 94452.25
0.0007523905 95366.21
0.0003083606 88674.68
0.001930856 98734.43
0.001108608 94489.62
0.007465741 94873.45
0.001131976 96929.08
0.001376819 98419.59
0.001072789 91356.61
0.002336246 93984.1
0.003082445 96176.24
0.006678823 92977.95
0.01386076 98218.05
0.006603057 91975.99
0.002200632 93743.71
0.002226361 93772.15
0.00376006 94727.99
0.005754646 90130.95
0.0009071826 93248.42
0.004097228 101107.9
0.003000578 104166.4
0.004011239 104776.2
0.0004747121 108272.9
0.003342329 108705.9
0.006210645 113662.2
0.000450233 111555.6
0.001797439 101593
0.001681525 104986.3
0.002459216 104927
0.002078607 102974.4
0.002274547 99356.13
0.0006794034 97344.37
0.0002244152 98973.21
0.0012588 96506.42
0.001049246 89518.99
0.008745974 78331.39
0.002158469 79409.89
0.00145522 84721.58
0.00120876 84939.8
0.008187518 86508.11
0.001478251 86399
0.00267999 83227.82
0.0006702446 87041.09
0.0007002836 81877.78
0.00209405 86294.83
0.0009123945 85270.21
0.002514488 80600.57
0.00161875 77666.01
0.003346556 74669.61
0.0006229934 70465.95
0.001512702 72365.96
0.001939702 67984.1
0.002567558 64014.74
0.01130188 60263.2
0.004452489 63506.66
0.003027205 64878.5
0.01036942 64361.61
0.004030498 64495.18
0.006296599 62721.46
0.002884473 63874.56
0.003231278 67309.35
0.00505425 71424.26
0.001732126 64998.34
0.004635584 65390.45
0.0007725465 65449.38
0.0004485177 66059.07
0.003756774 66185.61
0.006584742 65955.18
0.002128168 60146.18
0.008413776 58221.33
0.005974187 59997.97
0.006194386 59067.19
0.001959494 64152.76
0.0008384435 67986.88
0.00190459 67023.34
0.001540957 62714.77
0.001810519 65712.45
0.0001013714 64971.19
0.007260675 65662.12
0.00487426 68274.79
0.0005696171 71848.3
0.005483149 75148.89
0.0002427631 75198.75
0.002493787 73167.14
0.001316141 73342.96
0.001199516 74996.67
0.0009329088 79740.01
0.001743161 77657.26
0.005269387 75173.81
0.00791068 77960.42
0.0002452713 77025.4
0.0004715541 78914.95
0.003847632 76986.41
0.005355651 76137.83
0.001224937 73220.46
0.001635491 78658.14
0.0004831715 86480.49
0.0017003 83829.73
0.0005352823 84276.05
0.006424975 78897.69
0.001050267 73638.81
9.036878e-05 74297.11
0.002271373 73384.44
0.001845823 68864.14
0.004136453 73042.9
0.003919034 71847.02
0.005616141 71751.21
0.00175999 71334.83
0.000861269 76652.67
0.002910644 75084.56
0.0004892468 80627.71
0.001317059 85840.21
0.0004998424 81447.78
0.0003483139 78841.76
1.745034e-05 77124.77
0.0003876216 77003.34
0.0003710846 84667.73
0.004803789 89088.46
0.003603283 95207.82
0.002477774 91227.36
0.00514286 88268.08
0.001342423 94209
0.004109604 90186.28
0.005336914 84180.72
0.001104113 87967.98
0.001617134 88395.93
0.00157767 86993.96
9.79766e-05 93459.73
0.0007130336 92061.01
0.003749453 93174.43
0.006616301 94502.71
0.002668351 90986.95
0.001542395 93875.03
0.004351034 98176.76
0.004888755 102405.7
0.001500261 101741.2
0.001143605 100345.8
0.001062368 107730.4
0.002559896 105436.4
0.003487159 103220.9
0.001585076 107213.2
0.004143589 103744.8
0.002318939 108504.3
0.002384342 100079.1
0.003315752 94663.42
0.0046078 100043.8
0.001425444 94664.32
0.004723285 93928.74
0.001996959 92322.82
0.01397831 95301.03
0.004921912 98010.1
0.0003408027 98907.91
0.0002156401 106378.6
0.0007428242 106471.7
0.002647464 97464.73
0.0005056458 97728.72
0.002291336 89029.18
0.003621572 93519.99
0.001772167 90937.42
0.0006674764 89566.53
0.001665877 90767.65
0.003593038 89059.03
0.001363012 89851.81
0.001695095 91861.26
0.00239271 90704.6
0.002480733 90750.92
0.002028951 89356.23
0.001926969 88108.29
0.002945805 93916.39
0.006528987 98951.28
0.001356461 113209.5
0.00371658 113713.5
0.0004643412 117032.9
0.001522181 117829.1
0.001835703 117958.3
0.001560788 117023.4
0.00277792 125046.3
0.006193184 119830.7
0.002942747 122916.6
0.001019817 128645.1
0.002861603 119394.1
0.0009253912 108811.2
0.004048521 109772.3
0.001236132 110979.4
0.001728039 109820.8
0.003128678 103239.9
0.0009355282 99483.71
0.002385772 102635.7
0.003111151 100668.8
0.00576158 93661.1
0.0004628178 94303.48
0.003593664 93565.38
0.004383314 104215.3
0.00411826 106799.4
0.007583382 114016
0.002802477 117719.2
0.002729176 112257.2
0.0006903066 113896.6
0.00234204 106925.2
0.001661557 110973.1
0.005127909 110458.8
0.002689541 103903.9
2.814769e-05 102749.5
0.00106365 92419.8
0.002058802 96409.1
0.002293296 95417.84
0.0002480746 95624.27
0.001176025 97357.87
4.666342e-05 95370.86
0.001160704 96426.61
0.00121224 96183.28
0.001808642 105935.4
0.002457487 110903.9
0.001113569 109133.5
0.0009049818 115244.8
0.00940267 112134.9
0.003458855 110824.1
0.007119743 115901.4
0.009970304 108934.6
0.006119722 111930.5
0.003387912 110708.6
0.003205297 110434.5
0.0008237012 117145
0.003164109 118630.4
0.00037779 113674.7
0.001001432 121753
0.001027005 123744.9
0.002510899 122670.7
0.007895885 127014.8
0.002382117 127347.7
0.0007487633 131896.2
0.000576875 134232.9
0.002095635 136144.3
0.001580119 141921.8
0.0007349906 135162.8
0.00191155 132067.9
0.001561562 138106
0.0007186883 135366.5
0.001911664 144214
0.001011741 138039.7
0.0009398621 141469.9
0.0002911039 133690
0.001380462 125028.3
0.004202528 119358.2
0.001199223 116059.2
0.004190855 122539.2
0.00583511 116253.1
0.00139052 116573.8
0.008130668 110359.8
0.003791497 114601.2
0.007674173 102960.7
0.001268488 97296.99
0.002625536 100560.2
0.000767733 94217.68
0.001621234 92157.95
0.003711575 87097.51
0.001635599 85828.07
0.001562638 79614.77
0.005902161 78364.13
0.006589407 78368.72
0.002598638 85893.21
0.001785854 91525.04
0.005246789 82992.27
0.008459618 75590.31
0.00232867 73251.18
0.0002632484 70427.14
0.002502902 65790.38
0.004076273 67821.11
0.00153068 67161.25
0.002319665 63173.89
0.001505903 70081.62
0.007492597 68670.6
0.007479794 72701.3
0.001110181 70797.82
0.001981727 73990.89
0.002043525 72003.2
0.00218566 70171.22
0.002861631 66650.81
0.001603105 67467.8
0.0004428468 71417.02
0.002160084 72873.85
0.0002679091 65808.45
0.001677091 68116.44
0.0001892314 66574.75
0.001975234 65287.78
0.006322693 62922.28
0.0004280771 60301.15
0.0007967574 60372.56
0.002684281 65609.97
0.0008632168 62457.3
0.0008713151 62140.47
0.005309403 62332.04
0.002936779 62005.67
0.003474931 60746.07
0.002831949 58895.58
0.006609366 61742.51
0.002283793 65388.73
0.0001499678 65486.46
0.0007216829 69103.18
0.003244774 67407.29
0.001382359 66465.86
0.003368237 69521.55
0.001478452 67331.51
0.002968757 68101.24
0.001494149 64495.78
0.0005526294 66909.42
0.007327856 67637.38
0.003848907 68305.75
0.006905852 69892.74
0.005912612 71263.33
0.00277209 78412.89
0.004820566 79454.64
0.002168431 83459.9
0.007065045 86455
0.004057371 80272.93
0.002627821 81389.2
0.0004158226 77214.16
0.002351806 77058.98
0.007649087 73810.78
0.002404445 74505.37
0.006504164 71977.25
0.002229775 73231.12
0.001683419 76722.82
0.006763864 74478.83
0.004933707 74370.58
0.002777123 74583.33
0.00029289 79387.29
0.00640301 70260.4
0.002404318 73395.88
0.004863624 66612.46
0.0006696417 62622.38
0.0003353424 61983.82
0.00715627 58350.18
0.001085421 62560.96
0.001359866 60706.49
0.001426254 59230.29
0.001595792 57590.01
0.003905745 56179.57
0.0009165797 58273.21
0.003300504 58925.14
0.001193626 58242.81
0.00129451 60751.22
0.006307607 64705.58
0.004915362 63684.2
0.01687904 62918.27
0.01230686 66053.48
0.0007057557 69813.94
0.001118524 73681.2
0.004227257 72702.8
0.002563555 70999.4
0.006115176 79548.85
0.00531776 74483.28
0.005686646 74313.88
0.001198701 72700.1
0.0006041635 71968.16
2.252954e-05 69328.66
0.001302024 69719.83
0.001548624 68267.66
0.008324453 73205.1
0.002393685 69417.11
0.004819454 67966.98
0.000838025 64854.65
0.00624405 66835.82
0.00650503 64927.21
0.002447582 61255.44
0.002659987 62696.99
0.001872406 68787.92
0.003180237 75947.32
0.001006217 76651.11
0.001578383 73432.6
0.002665055 76485.74
0.006642091 77922.02
0.001075973 81810.94
0.001279399 82218.93
0.006306824 84691.31
0.004775506 92619.23
0.004927576 86417.43
0.0003371653 89220.41
0.005899325 88841.24
0.007765396 90169.11
0.004309905 89293.17
0.0009972308 91660.4
0.003197378 91205.17
0.004397946 88027.21
0.005406059 84230.73
0.007112323 82509.73
0.001802962 81705.49
0.003593499 86284.5
0.001229625 83060.56
0.0004649219 86106.57
0.0003437395 91872.46
0.001336985 91933.46
0.001153856 100282.1
0.002905453 101743.8
0.004966699 105568.5
0.00430866 114772.6
0.001088854 113728.7
0.0005592792 112410.9
0.006536729 110552.4
0.005990746 102207.5
0.004185739 94112.98
0.0001526386 93697.9
0.0009153548 95933.79
0.006621191 93892.78
0.00215076 88450.7
0.001281823 84707.12
0.001439065 90303.79
0.002993086 90262.16
0.004377939 92523.31
0.004779638 98606.59
0.001088916 99825.08
0.001805711 107060.2
0.001308941 102121.3
4.572915e-05 109563
0.002784807 102592.9
0.000970738 116759.9
0.0008026634 115851.8
0.003853642 111756.2
0.0005480131 117732.4
0.0002882393 117834.2
0.00143864 118872.1
0.0008018176 113718.8
0.001098814 114840.2
0.006438315 110975.2
0.002332128 110233
0.0009005687 101782.7
0.003072092 99240.88
0.001671774 109505.7
0.001169531 106037.9
0.004582174 119265.3
0.0005297037 127132.9
0.000698589 119165.4
0.002845505 112534.3
0.005287358 101762.3
0.002096366 102409.4
0.002315371 108461.5
0.004541617 104015.9
0.006795537 97140.42
0.0005606533 98467.32
0.00312514 95449.36
0.003208318 98699.58
0.008738659 93143.62
0.002795187 91759.88
0.004826412 85858.21
0.003098047 87077.3
0.002526192 87273.37
0.003144848 88357.7
0.001659221 93270.42
0.002171213 95688.11
0.002122788 91631.81
0.0006735831 85064.44
0.005109125 86845.56
0.002599932 86329.59
0.0007334283 87874.84
0.0008163148 89166.89
0.0009148488 94776
0.002307996 86585.09
0.002577641 87704.45
0.002295485 89653.29
0.0001923518 96131.91
4.203655e-05 100717.9
0.0005015229 95275.62
0.0009000532 99479.64
0.001391413 94593.81
0.0005554255 90968.65
0.001386754 95489.97
0.00119563 87693.71
0.001025181 89331.57
0.006408302 97907.37
0.004980492 99201.69
0.006556694 103366.8
0.0006007627 97125.86
0.00115371 90720.45
0.007828161 83915.52
0.003530127 79969.28
0.000537727 76112.3
0.002532554 78349.29
0.002709898 74216.23
0.001484572 69237.9
0.002286064 62657.38
0.0006072583 60971.43
0.004219546 62942.91
0.001981915 58201.48
0.003117774 56640.56
0.001642515 55803.82
0.00503824 55627.09
0.006421555 53226.86
0.001933329 51027.1
0.006886549 48759.4
0.0009128997 47663.88
0.0003938191 49108
0.00154029 48841.61
0.003712814 49807.89
0.0005775362 51439.34
0.005071784 52400.81
0.0105043 56319.98
0.00669323 52476.79
0.0080458 52254.72
0.002608831 53092.98
0.001634141 55718.72
0.002522068 54787.88
0.002561955 55589.54
0.0009482287 54619.42
0.002767129 53603.56
0.004320751 54834.39
0.007018465 51450.03
0.01170113 52175.91
0.01992947 53014.36
0.004457994 56269.24
0.01465546 59965.1
0.008536297 54938.86
0.005732064 53566.1
0.004647198 54464.65
0.002065403 46337.02
0.00185592 45586.1
0.0005070246 46196.35
0.0003615037 46983.27
0.01141175 44436.22
0.005060452 46361.2
0.005683036 49269.41
0.002864936 47552.34
0.008704876 46506.54
0.005271291 46764.59
0.0001052924 44090.14
0.007401335 46447.5
0.0008448608 45729.05
0.007352478 46264.55
0.006284229 44478.28
0.004828151 45575.93
0.0006860382 42413.14
0.004859503 44981.12
0.007530173 43571.13
0.004561956 43695.9
0.0001647259 41115.68
0.003744558 41123.24
0.005293159 37396.08
0.009956309 37759.71
0.007127006 36117.26
0.001138139 39698.63
0.007714937 39626.45
0.009395285 40874.88
0.005223801 40014.3
0.007577021 39518.05
0.01367802 37246.65
0.004404739 37193.3
0.006861424 35914.7
0.003751388 35366.5
0.001651161 34226.01
0.002600634 33030.85
0.004406578 33478.45
0.006177573 31876.03
0.002734533 35240.23
0.00368315 35753.78
0.00254077 36190.68
0.004862634 34422.04
0.004233931 33111.32
0.0006438874 34618.8
0.001509578 37266.46
0.008528786 38459.52
0.005342868 41513.99
0.0008752978 41426.22
0.00173514 41572.29
0.007449537 43815.26
0.01549511 43085.9
0.00772817 41435.09
0.001964894 43159.23
0.001526542 42878.97
0.005476161 43428.43
0.002290719 43899.15
0.01441639 44753.23
0.008457133 44344.72
0.004714939 45071.67
0.002194969 42437.53
0.005784283 42801.06
0.003622652 38722.31
0.006053992 38053.75
0.003361636 37097.45
0.004586978 36745.04
0.007728846 36057.14
0.001560113 38284.25
0.001578601 38176.52
0.003229734 37425.27
0.005885089 40868.94
0.002720235 43965.14
0.002092462 41223.07
0.0004765813 40931.72
0.000241335 42181.32
0.004880214 43270.45
0.00296303 44824.82
0.003428592 43190.08
0.002721063 45356.16
0.005684617 44600.77
0.008630556 46912.6
0.006191558 47898.3
0.008545019 46197.8
0.01207218 48103.54
0.01066723 46656.21
0.01414711 45783.85
0.01140054 46751.36
0.01144524 46774.86
0.01702355 49478.23
0.009490266 47510.77
0.001297562 49971.29
0.004069532 52022.41
0.01373092 51882.82
0.0002014537 50161.69
0.001492624 51859.18
0.01055155 51848.98
0.0006464304 54474.36
0.002448398 50673.27
0.001081695 52149.19
0.007687368 50905.33
0.00673932 49713.88
0.001887675 47752.52
0.001535664 48494.46
0.001573928 49849.98
0.002236843 45710.07
0.002671682 43656.36
0.003340779 44945.03
0.006267465 47996.43
0.005284344 48243.13
0.00342335 51423.59
0.002992856 52556.51
0.002049671 53840.55
0.003246578 47901.58
0.002709297 50336.61
0.001492575 50605.88
0.0009120739 52595.58
0.001190311 49938.18
0.0003490372 51076.94
0.001697113 49688.74
0.0009055597 50753.76
0.00154447 52594.44
0.0001435817 51722.45
0.003072054 48438.33
0.007614975 47447.2
0.008903153 49607.6
0.01298975 45230.86
0.00799123 44991.73
0.0005570861 45318.79
0.007902028 42968.09
0.003461636 40239.21
0.001649821 39234.29
0.0003897093 38070.07
0.001700778 39146.46
0.006831026 38995.03
0.003158847 38310.79
0.01014846 40056.33
0.01140412 43142.22
0.003487968 42536.46
0.007774623 42812.06
0.005440837 42886.32
0.002081604 41383.8
0.002505509 39961.85
0.01043686 39024.46
0.004105961 39591.89
7.203027e-05 39753.1
0.00279458 38190.82
0.008140763 36118.14
0.002437208 38834.29
0.002734974 37471.34
0.005413602 40611.28
0.002557539 40826.82
0.003297749 43544.14
0.006665057 42274.99
0.004609174 40104.77
0.001422702 40532.82
0.009272577 42178.77
0.01646247 44036.24
0.01261684 46099.09
0.002244047 44107.87
0.00252224 50142.49
0.00654236 50528.93
0.008997055 48789.02
0.006596164 48153.58
0.004411952 50459.59
0.00989978 48975.88
0.002059336 51465.84
0.002689765 49273.32
0.002237607 51910.71
0.01010016 48482.29
0.001148335 50878.07
0.0008313344 53914.24
0.001710492 54498.22
0.0009031262 54871.28
0.0009127017 54307.47
0.002074682 54189.4
0.001287185 51900.97
0.001924005 51185.37
0.004870118 50625.57
0.004242459 51503.65
0.002040725 50413.64
0.0005032703 48404.57
0.003212326 49904.32
0.004530893 52560.16
0.007123843 55585.11
0.007716108 51520.73
0.002926101 53124.72
0.001462246 49288.42
0.002786678 49891.95
0.006393976 48865.65
0.007619204 53231.78
0.005370016 52076.12
0.007377772 51126.82
0.003775241 48450.74
0.002413933 45843.44
0.004325567 46063.38
0.00366704 48196.56
0.004988273 46205.79
0.005580789 46491.88
0.006660931 42902.07
0.0005644293 41257.03
0.005878168 43634.45
0.005216424 45152.29
0.006547813 45862.74
0.007712834 45432.57
0.003864156 43684.7
0.00697478 46033.31
0.002866068 44125.31
0.003372517 43511.44
0.001113816 46230.35
0.0007445979 45826.09
0.0007532677 49040.92
0.002213502 47793.64
0.001684586 46559.99
0.004363637 44558.67
0.0009749177 44560.56
0.002152775 44573.49
0.00729528 42815.33
0.001143126 42883.68
0.007896518 42058.64
0.007042526 41617.34
0.007703143 43442.85
0.00667432 40615.37
0.003335287 40619.97
0.003730207 39155.61
0.0001921394 39677.15
0.005587577 36882.16
0.001270281 40693.42
0.004972469 38477.58
0.005255383 40482.8
0.001658821 42696.95
0.001485209 41487
0.003100633 38952.97
0.004566924 35965.17
0.002566072 34175.35
0.002931774 32520.85
0.01053278 33728.11
0.01060865 33155.91
0.0001706698 31156.35
0.002178221 31344.08
0.002493507 31526.51
0.002879182 31151.95
0.001372603 31284.06
0.0008589185 31588.33
0.004615392 29570.29
0.003407317 32011.3
0.003611214 31486.3
0.001012859 31504.19
0.003152752 34111.73
0.001840811 35139.63
0.003059408 34873.07
0.003705374 31033.88
0.006061988 32661.82
0.006593442 30239.84
0.009899595 30439.4
0.002095076 30576.03
0.002812242 28031.46
0.003754021 29915.11
0.003501913 30777.92
0.001105819 30862.75
0.004231982 29962.37
0.01228592 28546.41
0.008216792 28617.42
0.001779128 29049.12
0.003383661 29391.11
0.004943676 30565.32
0.003743745 32566.39
0.007034856 30941.03
0.006114099 31527.17
0.002194952 30220.17
0.003388383 30234.42
0.0007702783 31540.46
0.006940993 31289.91
0.009740146 31499.23
0.004629624 30519.71
0.008170564 29189.45
0.003966629 29908.03
0.00123576 28601.79
0.001788131 28418.82
0.001033412 27477.9
0.001018521 26956.02
0.001676306 27290.85
0.00189341 27176.43
0.0004459682 27451.71
0.0001053435 28325.3
0.001938886 28095.21
0.004228958 29135.77
0.005145314 30973.2
0.003674512 31964.37
0.004100159 32516.55
0.009063931 31906.47
0.01161645 33581.38
0.007144935 35243.49
0.004971075 36618.36
0.01015039 36484.9
0.01007691 36940.33
0.01059348 40185.6
0.007107963 41351.65
0.003703415 43594.54
0.004337702 43246.29
0.003713527 45714.49
0.00515727 46396.04
0.0009804 49159.19
0.002303129 49770.89
0.008060402 52728.72
0.002148206 52835.93
0.0005708492 55823.67
0.00355498 55906.32
0.0002678909 54770.18
0.0003578838 54866.29
0.00284133 57459.46
0.002431896 56399.91
0.008329839 56375.94
0.005497317 56242.75
0.005587719 59898.98
0.01391213 56107.68
0.01139575 55874.23
0.002470763 57967.93
0.001031114 52479.69
0.001700485 57361.52
0.002670697 56719.11
0.00100974 60153.35
0.006619898 60159.23
0.00444211 59378.59
0.007803033 63360.77
0.007550704 66390.38
0.002200295 66347.88
0.0003433442 67578.37
0.0009969819 68398.15
0.002367179 71415.54
0.003102797 65670.21
0.001082981 71124.24
0.002555705 64982.01
0.00328312 66858.31
0.00578437 70094.89
0.00323773 67897.67
0.003123739 63934.8
0.002087139 63753.41
0.002971553 64021.92
0.006078687 66042.12
0.009046695 69381.89
0.01672935 75970.16
0.0001801303 80841.62
0.0004430682 86510.35
0.001233935 83422.15
0.0006571492 83332.15
0.0003241893 78046.75
0.0002106212 79223.58
0.001383066 82122.28
0.001208823 77671.67
0.00532803 75163.58
0.01049723 77266.31
0.002583924 79262.83
0.01109904 79611
0.007404618 76133.38
0.0008355426 71323.31
0.0004567989 71285.31
0.001302998 74230.7
0.001887231 79592.95
0.002121568 80927.11
0.003660458 81275.11
0.002296693 72398.18
0.002065174 72122.06
0.002889701 68294.9
0.00767615 69382.43
0.002835026 73985.75
0.00517872 68623.44
0.006956119 72488.51
0.002720251 77895.62
0.001123583 83687.55
2.105314e-05 89335.69
0.000818252 93132.75
0.001670146 104414.5
0.001077341 111031.6
0.005216355 108083
0.005022002 102088.1
0.002786507 104999.8
0.002262568 102167.8
0.003978155 104400.8
0.004868072 111733.6
2.644357e-05 113529.9
0.003299869 109876.6
0.003093639 105670.9
0.001789995 108571.5
0.0007094809 108672.7
0.001003303 110927.2
0.0001910357 108721.6
0.00275598 108439.8
0.003616613 107679.7
0.001919158 103695.9
0.0005142714 101765.9
0.001606622 99624.93
0.003406405 102141.6
0.003381872 102205.9
0.001082476 105010
0.001303459 104601.5
0.0007464928 104706.6
0.001131861 99696.92
0.0008840731 96124.8
0.001250729 98868.61
0.001598333 95577.48
0.002027301 96037.94
0.00139287 94954.92
0.001797007 92191.12
0.002255038 91959.5
0.0003767018 91777.07
0.0005716966 90073.58
0.0001817238 86185.87
0.001518586 88279.68
0.0007837026 86332.09
0.0007836997 89423.46
0.002771974 90268.27
0.002866157 96289.73
0.001336598 97841.04
0.001003432 93942.15
0.001103389 95291.09
0.001337796 93019.8
0.001338668 88125.23
0.002113886 88259.77
0.00213922 88325.22
0.0006080468 92225.92
0.0001798456 87804.33
0.001398798 86061.65
0.0002961906 84039.27
0.003054195 79942.79
0.0006123898 77404
0.005308025 78857.69
0.0004472512 80288.2
0.001912029 77913.39
0.001951117 80193.12
0.002164815 72449.75
0.002512833 73442.88
0.005975898 73980
0.00153736 74999.11
0.0009648009 78216.92
0.0007146324 74793.66
0.01002562 76547.44
0.007070169 81739.92
0.006174919 77413.44
0.009430154 77257.04
0.00105622 76868.04
0.006658917 77694.1
0.003662258 73835.84
0.002671524 73640.24
0.0001278698 74246.53
0.001400681 70669.02
0.00279846 73011.83
0.001382026 72218.94
7.644064e-05 76348.66
0.00496288 72562.17
0.0004936357 66187.67
0.006158552 66827.99
0.0008800392 70579.49
0.001395779 69253.55
0.0005221339 62411.89
0.002236751 72583.01
0.002420763 71748.63
0.006957908 71156.03
0.003337201 66146.4
0.0002693339 64421.73
0.006809751 59794.44
0.007832444 58948.4
0.006191435 59359.7
0.003097991 58831.36
0.001496829 58460.24
0.002689883 59568.14
0.007519875 58152.18
0.002628769 55400.6
0.0005826536 53758.01
0.004595116 52651.33
0.002934886 55249.45
0.003459379 56007.79
0.001095661 51146.84
0.001138321 51887.78
0.001102441 51298.27
0.0004104832 56756.17
0.003082642 57170.25
0.004079462 56735.46
0.0009718726 57004.38
0.001906943 64862.69
0.002488643 70837.12
0.003360857 69098.38
0.001631769 70210.16
0.001419351 69468.52
0.004278865 64665.69
0.004152349 66968.35
0.001950516 65261.36
0.001140016 63120.94
0.00280985 65595.3
0.0004129607 67532.68
0.001962977 62985.38
0.004230308 58780.23
0.0009635857 62566.3
0.001991871 65638.06
0.01021607 63837.46
0.001702514 62296.19
0.004779759 64073.44
0.002942253 63984.01
0.003279753 65498.54
0.003968594 68099.44
0.006186069 70910.56
0.0007373831 68026.15
0.00205846 67965.97
0.009322119 68690.51
0.006369739 73221.68
0.006605324 67444.98
0.004870245 65116.61
0.0005292808 64743.93
0.004898408 68012.67
0.0002642498 68565.69
0.0004765996 60914.4
0.003183812 58549.32
0.002996109 57881.81
0.003083128 57765.4
0.003105565 54188.76
0.001755432 54544.52
0.006771232 52269.34
0.006863619 60082.79
0.006419315 57211.99
0.0003464523 55883.55
0.002978821 53406.08
0.0008143554 54581.11
0.001436678 53105.6
0.002139067 53319.48
0.002331049 52575.46
0.008404192 54246.35
0.006803937 54730.52
0.009928217 53748.94
0.007975546 52004.99
0.01346693 51371.3
0.004907548 49013.98
0.00860146 50872.49
0.008491462 54079.83
0.01037985 54719.69
0.005328313 56306.52
0.002609196 57738.79
0.001547067 57407.33
0.008124447 59484.53
0.003105988 63147.39
0.001611764 65585.76
0.0006808595 59907.41
0.001428754 61094.72
0.002821659 62846.43
0.001686975 65283.56
0.001761972 67065.87
0.0002524147 67066.8
0.001242969 70403.78
0.001733561 67482.16
0.006791552 67894.86
0.01118916 64813.58
0.004188199 64906.13
0.002920076 66778.88
0.0054395 69391.79
0.002523004 66049.17
0.001945669 62684.51
0.001659916 60722.49
0.01123239 60537.36
0.004952462 57243
0.002383101 58306.81
0.003928687 59046.66
0.001011609 59157.2
0.005693041 64267.95
0.005086845 62351.66
0.0002475615 61718.71
0.0009939339 65569.77
0.002132713 70115.47
0.005189921 65501.87
0.004444735 67848.11
0.001258596 63637.23
0.001112889 60681.01
0.00130548 58258.13
0.002187141 55425.76
0.005696752 55508.62
0.0002513116 56371.89
0.001586864 52461.63
0.0008323879 47340.59
0.002615161 48994.43
0.003120528 47926.78
0.003763384 50716.85
0.0002140392 51471.93
0.001481767 55899
0.006950349 59262.64
0.008124619 59849.12
0.009722747 64417.94
0.002746766 61095.91
0.003522052 59858.48
0.001043116 63256.41
0.004169164 61335.45
0.0009857685 63155.55
0.000206878 64383.19
0.008415794 66329.28
0.001904359 66835.98
0.001437988 66657.62
0.002741933 66066.36
0.003031063 67142.1
0.002107536 72754.07
0.0004807338 79033.26
0.00478913 76501.69
0.003122437 79258.84
0.0002951918 83912.8
0.003139918 87161.38
0.007082928 88033.34
0.003238669 87040.31
0.008799723 81998.8
0.01146166 85350.52
0.004716902 86138.05
0.003230505 90625.61
0.002093438 84214.14
0.0001941326 81397.55
0.0003276492 81903.01
0.00538103 82471.77
0.001522556 81474.47
0.0030721 84444.86
0.0008112782 88314.69
0.002811859 89403.51
0.002138517 83327.14
0.003122622 87214.98
0.0005353201 81801.82
0.001283892 80211.46
0.001004024 81666.82
0.00382107 79172.19
0.004371469 79689.41
0.001134431 81711.07
0.001888616 77525.76
0.00246303 73484.12
0.001598423 70227.1
0.001712088 76435.47
0.002683643 71775.36
0.003135195 70566.27
0.001536682 70907.96
0.0008669055 73529.25
0.002498919 74872.89
0.002195247 76413.98
0.003182947 75815.66
0.00586635 75771.07
0.003019039 72516.86
0.002736188 69894.16
0.002076575 79312.25
0.002157327 80576.23
0.00723453 84336.88
0.00475753 85321.61
0.001002788 81212.48
0.002147085 82483.63
0.003012807 89367.38
0.002622607 93273.24
0.002281276 97182.03
0.002732636 97719.31
0.001233822 98306.1
0.001802853 101021.9
0.00134461 103853.4
0.0008565887 103802.3
0.0007108161 112327.2
0.001600848 113058.2
0.0003889565 118441.1
0.001217444 118768.6
0.0009821818 118266.5
0.0001423362 115333.7
0.0007230489 119130.9
0.0007368876 112483.5
0.002729628 108630
0.001471647 109199
0.003182758 109662.5
0.001244451 101806.2
0.003447353 100544.6
0.005153902 101373.7
0.0003699845 101944.3
0.0006321856 100273.9
0.001130253 94100.64
0.001034719 92919.39
0.0007100519 89872.02
0.004387795 94971.64
0.0005876973 86685.48
0.004503848 85339.44
0.004999965 89940.96
0.001858347 90400.37
0.004681992 87588.53
0.003479034 83933.46
0.003567036 89990.91
0.00199481 92487.22
0.000468927 96582.96
0.0005507148 89682.06
0.0003815567 85285.4
0.0009848665 90302.47
0.001694137 86916.73
0.006909444 93205.41
0.001501751 88477.51
0.0009772659 97046.64
0.001127743 97501.82
0.002251391 96773.38
0.003135791 98658.07
0.001124115 94405.72
0.0003068867 82417.99
0.000492777 86556.56
0.002321236 84146.06
0.005017264 84678.42
0.0004756291 81807.94
0.001314912 89030.17
0.001584164 83639.87
0.004907638 85081.52
0.002306814 84334.21
0.0009634724 83961.24
0.001104153 80871.16
0.003094036 81499.92
0.005700895 83513.29
0.004222788 84215.59
0.0005678884 85953.83
0.0004757668 87328.24
0.001316354 86989.46
0.005155536 83361.56
0.006626756 86566.51
0.005219568 89846.96
0.007803249 99122.38
0.005219976 97084.93
0.005904341 96466.01
0.00750107 91789.24
0.003018609 93680.96
0.006185601 102234.7
0.005688695 102751.1
0.01151684 107308.1
0.005507873 102433.3
0.007406516 102462.7
0.003528705 111071.3
0.00441217 113398.6
0.0007076345 115317.3
0.002567929 115426.3
0.001486467 116686.1
0.003377349 119043.6
0.0008525002 111698.3
0.0008863756 112706.6
0.001567638 115318.6
0.002319686 112912.1
0.001610818 113080.5
0.0005957652 115630.9
0.0001802148 117159.7
0.007387542 118294
0.002792377 117678.2
0.001378016 116359.5
0.003267184 112117.4
0.002127291 115145
0.0006574869 120708.8
0.004699835 118053.8
0.001522734 121475.5
0.003716723 119411.3
0.001643049 111868.1
0.001934676 107343
0.00168723 110643.1
0.001199011 108545.6
0.003155734 108299.5
0.002972147 115297
0.007652359 118917.2
0.001425964 112966
0.0005662842 120511.6
0.001019443 120236.5
0.004032864 113055.9
0.001599381 119314.9
0.0008491606 122047.9
0.0004638377 116539.8
0.002676438 124644.2
0.0002986284 147167.1
0.0001800474 148772.3
0.002717464 146562
0.001925685 153798.1
0.0004076922 146745.6
0.0009970036 132888.9
0.003767242 129051.1
0.003715699 125466.3
0.003107707 124469
0.001934234 123052.6
0.002804781 120997.8
0.003526605 120038
0.00244988 127963.1
0.0004858039 128784.9
0.001292963 127283.8
0.002086635 128320.3
0.0004497098 136910.8
0.0005970372 140446.9
0.00159771 127805
0.001084067 120708.9
0.001569444 121017.9
0.0006279687 128747.5
0.0005778023 121475.7
0.001926715 117917.8
0.0008905932 118802.9
0.005999318 114240.4
0.001559306 108594.2
0.001859487 112384
0.0008842855 115563
0.0004572779 117767.2
0.001198198 108398.9
0.00227988 108435.3
0.001575295 111863.1
0.0002539197 115563.8
0.001842458 112446.9
0.003000126 122601
0.003579605 127991.8
0.0005428952 131300.4
0.0007312844 140961.7
0.0026627 147359
0.005397371 147495.6
0.002124559 146520.8
0.001705835 138921.4
0.003237818 148739.3
0.0005773767 147155.5
0.001993638 156077.4
0.002582728 167397.7
0.0009933214 163731.7
0.001955551 171773
0.008218248 180690.4
0.001726582 189739.6
0.001882923 187461
0.001444166 195298.9
0.003753479 186125.3
0.002191655 192026.9
0.0009976675 179472.5
0.0004329532 186844.4
0.003497273 186143.5
0.0007496064 180084.7
0.001238958 183624.1
0.0007229476 179352
0.0001222951 177290.8
0.004823609 186279.7
0.003761591 190633.1
0.004048394 180673.2
0.001973664 175326.8
0.005506156 170973.7
0.002780883 169218.6
0.0008275998 171848.1
0.0003685798 164523.7
0.0009467105 162909.9
0.00225986 165129.8
0.0004754237 166688.5
0.0006508724 166509.7
0.0005256715 158768
0.0006412434 149692.3
0.001308205 142896.9
0.0004588316 145415.5
0.000320409 144749.6
0.001443424 154021.9
0.002085824 155835.7
0.002313315 160071.4
0.002831289 155554.1
0.0009591659 164617.9
0.003996899 163390.9
0.0001681848 155567.2
0.0007922576 163487.5
0.0007925617 170340
0.0003838701 168497.2
0.01018236 148718.5
3.98222e-05 160230.9
0.001536844 161186.6
0.003433047 163912.2
0.0003565594 169026.8
0.0009657613 182321.6
0.006810853 198081.3
0.007951338 206622.5
0.003048059 211349.4
0.0007275416 225024.5
0.0006107943 211389.4
0.002415292 206527.8
0.0007522835 187200.8
8.474219e-05 200353.4
0.0007221825 188993
0.001954747 172451.5
6.71117e-05 177713.7
0.005321048 184222
0.0004244336 189098.8
0.0005053784 187023.3
0.003799575 185942
0.001853637 179139.5
0.002005184 187872.1
0.0007433005 182649.9
0.0005884251 185120.8
0.001032822 195598.3
0.001817723 189297.9
0.0007979695 188200.7
0.0006124952 181074.4
0.001669246 186295.3
0.003000226 194984.6
0.0007582553 192066.7
0.001186687 191475.7
0.001192589 185016.4
0.000434791 171616.4
0.0005842413 174951.5
0.0007033336 166370
0.001329348 182003.1
0.0001318547 191456.1
0.00149998 177032.1
0.001887655 182040.4
0.001075539 180341.1
0.001618598 182384.2
0.003821503 187647.8
0.000167835 179269.5
0.0005517671 185297.6
0.0002845565 193906.7
0.005345097 190342.8
0.000792823 179340.1
0.0001922034 175213.9
0.0007374979 164784.4
0.001850288 150826.6
0.002081677 153060
0.002536742 156102.8
0.0008914918 158812.1
0.001904714 163321.1
0.001243523 168050.4
0.0006956821 162651.6
0.001288591 156582.8
0.0002980293 154824.2
0.0002054235 164367.9
0.006452262 160365.5
0.001506645 153144.7
0.002697494 154216.7
0.0005158567 151461
0.0002011318 172473.5
0.000475638 169238.6
0.002781037 183572.5
0.001550768 172013.2
0.001440285 173727
0.000806932 188058
0.001443881 176994.2
0.001206984 186808.7
0.001103358 179290.2
0.003021059 179725.2
0.00105837 177113.3
0.001613862 192740.6
0.001762237 189181.6
0.00119619 186756
0.001578456 186996.1
0.0004727852 199695.9
0.000705521 209767.8
0.003299362 207086.9
0.002323347 219690.6
0.002798892 245570
6.706207e-05 247790.5
0.0002294467 231408.4
0.001558582 221631
0.002935029 225563.3
0.0001308904 219757.3
0.001813533 218056
0.001354607 225747.5
0.0004897032 226870.1
0.001139061 209066.2
0.0006908714 205879.8
0.002469034 199559.8
0.0003761552 190319.6
0.0005530271 194568.5
0.002258383 198028.2
0.005864468 182846.8
0.002615143 187606
0.002712979 196567
0.0002586224 199853
0.002506044 212078.5
0.001311483 215564.5
0.001518103 196333.2
0.00242253 182982.1
0.0003049005 197699.5
0.004025568 177033.4
0.003310471 188157.7
0.00240348 179220.6
0.003038578 190887.3
0.0003183529 201933.6
0.001611248 193877
6.386422e-05 174808.9
0.0008313513 170750
0.0003014582 176394.6
0.003705678 169281.3
0.00112285 164872.7
0.0007290972 168865.1
0.001266151 185712.5
0.001663257 176971.1
0.002908856 175598.2
0.0007803745 172690.7
0.003339405 185832.5
0.000654115 190201.5
0.0009131401 186640.7
0.0001622181 185769.7
0.002485044 191216.2
0.001606632 199148.8
0.007456106 189867.5
0.001825135 201048.8
0.0002685972 219992.4
0.0004983467 229905.8
0.002962163 240508
0.0006439516 236081.5
0.001560851 228300.3
0.003230502 219417.2
0.001242264 225760.7
0.001077936 215713.4
0.002292493 214972.2
0.0003657082 221799.7
0.003021847 208099.7
0.0007093425 200547.9
0.003656712 208774
0.005459141 217044.1
0.001815412 219791.7
0.002173769 205218.3
0.001088883 200904.9
0.001378228 195636.7
0.001279349 192097.6
0.0003264038 196605.6
0.002007953 188246.7
0.001601547 191625.8
0.002334055 207103.3
0.0004894479 224817.7
0.002808652 221040.1
0.002381846 224474
0.003820833 234590.3
0.001882616 247366.6
0.000819413 235921.6
0.001051853 242251.3
0.004878105 250011.9
0.0004012247 233475.3
0.0006481809 245930.5
0.0003086742 226679.1
0.00185942 223619.5
0.0005117977 225240.2
0.0003235448 216276.7
0.001455851 208456.3
0.002217712 219820.3
0.0003856329 236424.4
0.001395537 243275
0.001029294 245981.6
0.001981042 248317.2
0.001069819 230956.9
0.001607997 235422.4
0.002773971 239084.4
0.001126014 239106.7
0.001465066 268264.1
0.00244409 266248.2
0.005223956 264439.2
0.001079108 264160.8
0.003220294 258807.9
0.0005964465 239948.1
0.001236549 226843.3
0.002396622 233900.8
0.003118565 232905.6
0.0003757987 225324.4
0.0004942512 230607
0.0003816829 235260.5
0.002034423 254049.9
0.0002789989 258902.2
0.008447646 243121.5
0.00197028 258418.5
0.004388803 261143.3
0.003933605 267858
0.000970404 272669.2
0.0008424312 293672
0.002118265 280083.1
0.002216337 283760.4
0.001332043 287289.8
0.005031723 270920.1
0.001402852 276007.2
0.004782445 294418.9
0.002033435 287909
0.0004440381 306752.5
0.001134821 299264.1
0.001961183 293383.9
0.0004953273 312962.5
0.0007755163 305539.6
0.001057013 289166.5
0.001297397 272533.5
0.002680299 256202.9
0.00114143 259851.4
0.0004249883 255873.8
0.0008156866 252857.4
0.002615364 279702.3
0.007667935 302439.9
0.001015164 298837.3
0.004174645 298860.3
0.002245455 276494.1
0.002092252 267578.8
0.002655724 270793.3
0.001584244 268444.4
0.001768358 247508
0.0003573106 250323.3
0.0002267207 229939.7
0.002504035 224405.6
0.002001288 225656.4
0.002738321 231855.6
0.001811087 212812.7
0.001768875 209050.1
0.001130952 224877.6
0.001095365 253529.8
0.000816139 234658.6
0.00192486 239762.2
0.0004510231 225021.5
0.001122915 224137.6
0.001897947 232803.7
0.002556023 213136.5
0.003317325 209106.6
0.0001626415 191618.9
0.001187858 179301.3
0.004517732 196980
0.0008935774 184438
0.0003043215 187989.6
0.001055929 197605.2
0.00281851 192418.6
0.002609294 188070
0.0004781465 188434.7
0.001586561 198245.2
0.000568702 191254
0.0003801139 185653.7
0.001442469 185781.8
0.004769596 183793.3
6.589032e-05 170836.4
0.001593906 168594.8
0.001913047 183919.5
0.002924056 183898.3
0.0001812271 170186.4
0.00328577 172236.7
0.001638218 164506.2
0.00186938 155446.1
0.002653431 156034.8
0.002168841 164143.2
0.00298639 164759.9
0.004421005 161461.2
0.003217665 177042.8
0.0001777215 174857.1
0.003889044 176808
0.003830473 173879.3
0.0002586032 173933.9
0.001305337 171237.8
0.002589531 181602.8
0.001606271 202853.7
0.0008980158 205898.3
0.0009468346 190991
0.001765131 197026.2
0.000315773 195897.2
0.001317542 180483.5
0.003695954 187257.8
0.001151419 199818.3
0.001168066 193716.3
0.002494572 194755.8
0.005132589 192536.6
0.002599485 195201.2
0.0003250039 202784.5
0.0008716244 211693.1
0.0004976634 223917.7
0.0005392955 218381.4
0.0001737906 220361.8
0.00140124 213902.4
0.002357647 216028.9
0.001700313 206645.1
0.0005865153 215082.6
0.0002106058 213209
0.0002139715 219882.7
0.002410755 210797.7
0.0004133184 205132
0.003096879 197798.5
0.0003584214 187351.2
0.002599099 185031.2
0.0002748381 171761.2
0.0017119 167305.3
0.001885578 152828.9
0.001319256 150473.4
0.0005897478 146093.3
0.000432649 148213.4
0.003793248 142244.4
0.004812754 141071.4
0.002826963 134458.8
0.0004771518 139910.9
0.000552506 130712
0.007888698 128307.3
0.004224924 128224.7
0.0005358048 126587.7
0.0005977919 128144.3
0.001214631 137388.3
0.001576755 130900
0.0005938806 127194.1
0.002065293 123113.2
0.007785998 118164.9
0.002888 119055.7
0.001724634 128421.9
0.000359206 124664.2
0.0008186643 115038.7
0.0005832735 111326.8
0.004371574 117197.1
0.002290576 121517.4
0.0008594275 136299.5
0.00140463 120656.3
0.0003092848 125922.5
0.001332203 129886.5
0.003467904 126537
0.003529949 141595.2
0.001759816 145689.4
0.0003859245 146142.6
0.001311393 145415.7
0.001401321 152827.8
8.66407e-05 147029.4
0.002917353 139711.7
0.00190669 143109.8
0.003044502 150344.7
0.0007598472 140364.9
0.004533577 145162.6
0.002384877 155790.9
0.006132736 165834.5
0.001026373 171313
0.001589126 178222
0.0009801237 169278.1
0.002000885 160484.8
0.002647258 159726.5
0.002214291 157096.2
0.002521659 166324.1
0.002791977 166739.2
0.003601208 164495.7
0.00581051 165055.2
0.009396583 174744.1
0.01080657 167979.6
0.003653248 167453.7
0.004658508 153444
0.00458093 156992.9
0.01082016 148755.8
0.004689317 146122.3
0.008560493 141927.3
0.004828613 146671.5
0.002147586 144820.1
0.00358945 144486.5
0.00165694 148269.8
0.00132011 151214.3
0.0004815843 156572.9
0.0009520654 154749.1
0.001420198 157970.1
0.0001580917 152484.6
0.000994424 147185.7
0.004123905 163730.4
0.004196951 149679.1
0.002274453 143436.4
0.001178354 144130.1
0.001670359 140724.4
0.001188821 144793.4
0.002608911 139355.5
0.0004810325 147128.9
0.001874769 154373.9
0.001762308 143504.1
0.001328073 159278.6
0.001625213 154333
0.0005000766 146606.5
0.003556055 154143.9
0.001221964 164995
0.000164204 162640
0.00587576 165339.4
0.0007087986 168514.5
0.002351173 168276.7
0.001775851 157654.3
0.00115105 160514.4
0.003030943 163025.6
0.006178905 170005
0.0006475945 169806.3
0.005283368 182114.9
0.001169151 177197.1
0.0005055351 185336.9
0.0006574575 183008.1
0.0005823953 191235
0.002215066 191997.3
0.000703514 187912.3
0.0004644883 189480.6
0.001163911 186111.5
0.0004013877 176721
0.001477981 178180.1
1.80313e-05 175784
0.004477523 174851.7
0.0005897134 183730.6
0.0006655824 193006.7
0.001390065 201264.8
0.001064472 187228.8
0.002502183 187579.8
0.0008756524 173057.1
0.00109614 175952.1
0.00113724 166424.8
0.003492854 169236.6
0.0004524279 159148.6
0.001823451 160906.3
0.0006526192 158540.1
0.001192174 157597.1
0.0040072 161261.5
0.003949628 156424.3
0.003839759 145715.8
0.0008067236 152818
0.001407243 135977.1
0.002396502 123641.9
0.0005831682 126008.8
0.002870439 128104.9
0.0010204 131309.3
0.00122592 121860.8
0.002794203 121771.6
0.001195637 115279.3
0.003548523 107743.7
0.004198739 106634.1
0.002512477 101448.2
0.00236386 96200.13
0.008904946 93791.3
0.008933846 88451.93
0.001667501 84914.85
0.002370068 80671.14
0.001799631 78974.8
0.002220236 76334.98
0.0009725877 75786.19
0.0003631935 71478.08
0.0009762364 74590.68
0.002017584 73444.14
0.001393973 66979.67
0.0008518952 63095.7
0.006773919 59829.95
0.0002412273 63758.93
0.007751666 63732.85
0.002676492 70257.62
0.001723068 73614.15
0.006971904 78984.41
0.002733574 80920.69
0.0002094625 82854.66
0.002362953 83625.08
0.006782402 84694.83
0.006603004 84868.65
0.007196714 93586.83
0.00334712 97597.87
0.004021942 98226.26
0.001577594 102958.5
0.001578843 95391.92
0.001567865 96837.51
0.003230175 95485.3
0.0001334456 96855.64
0.0002704686 102435.2
0.001547212 106739.2
0.004591446 108908.4
0.001883486 103682.8
0.001854771 106986.6
0.005067229 105061.7
0.001317456 106989.2
0.001910718 107247.2
0.002144617 114599.3
0.000984615 115769.2
0.001504334 114468.8
0.002353213 108883.6
0.001081817 99216.97
0.001197599 89243.01
0.001304702 90455.59
0.003688169 84811.9
0.004798789 81319.56
0.001570911 80671.18
0.003207593 83546.93
0.001320625 78357.76
0.001125102 72061.4
0.004912974 77514.86
0.001229957 70736.25
0.005285688 77299.84
0.004526532 74982.9
0.002065816 67612.03
0.0001035667 66350.08
0.002948205 61600
0.006765733 61795.6
0.003755462 61468.71
0.006972424 58973.56
0.008271482 62933.65
0.01454112 60453.02
0.009857201 66340.16
0.001675552 70079.33
0.002884935 68732.13
0.000905611 69630.97
0.005823252 66732.56
0.002807505 62973.81
0.002463971 66267.3
0.002290406 64349.36
0.001990468 62348.11
0.002766452 62468.27
0.001076743 65266.89
0.0005083026 59388.84
0.002528859 56243.7
0.0006067466 54622.28
0.0001746092 55399.82
0.004430349 54463.82
0.003691759 50203.71
0.004040554 50949.57
0.001585788 48415.38
0.001914876 51748.01
0.002456739 48737.25
0.003435415 48531.07
0.004232654 50365.33
0.00922245 48812.29
0.01310584 51176.01
0.001789224 55228.17
0.002252853 53346.87
7.170504e-05 50364.79
0.0008649702 49891.52
0.001277715 46806.2
0.002147565 47941.33
0.005992276 45748.28
0.001061601 50278.35
0.004082933 48530.46
0.002191075 49038.47
0.001447905 49954.78
0.0004755386 51351.92
0.003704522 48389.67
0.001406497 50827.54
0.004873342 54177.61
0.007453035 57929.18
0.005850178 60175.57
0.00159206 58476.16
4.30309e-05 65324.98
0.001907324 68517.18
0.0003950754 66082.3
0.0002337181 68723.65
0.000479001 71364.34
0.008181627 72997.92
0.0131163 71660.81
0.01001855 69681.03
0.002019883 67701.22
0.006181779 65633.68
0.00303633 69210.92
0.002668047 65199.2
0.001065318 64731.07
0.001540787 57299.18
0.006371953 54839.69
0.004617826 52185.7
0.003056781 53140.76
0.002536455 54923.68
0.005644435 55042.98
0.01090963 50554.19
0.005005911 50450.84
0.004903365 52131.9
0.007436928 53250.14
0.004151201 53116.38
0.003324125 55342.5
0.0004900786 54952.69
0.003770382 53910.07
0.005119115 50851.96
0.007107455 52860.34
0.002035135 54850.88
0.002681562 57164.99
0.004110359 58929.34
0.005517855 63389.41
0.005293137 64845.04
0.009210882 63287.48
0.001906828 63857.51
0.01574524 63556.46
0.004022238 63440.56
0.004907931 67610.49
0.007131791 63701.19
0.002396411 61553.87
0.0002140688 62819.19
0.00225993 58667.06
0.0009617735 63404.82
0.004080465 62684.66
0.002096148 60391.14
0.005796646 59794.16
0.005329919 61834.59
0.001082994 65064.9
0.0003388486 63669.84
0.001910782 59618.66
0.004075522 58607.38
0.004956348 52960.47
0.0150454 51590.76
0.004231497 52471.34
0.005143136 50138.71
0.003850761 45877.01
0.003737662 47123.15
0.008427674 45417.14
0.003236196 42172.08
0.003546671 43557.02
0.001827459 41060.2
0.00182224 40593.07
0.009245287 36563.43
6.90283e-05 39832.28
0.002437482 40228.42
0.002375888 40159.07
0.001882848 40590.98
0.002418863 41742.36
0.002188432 38874.96
0.003569669 41775.37
0.006862418 37457.8
0.00367143 39972.81
0.009372845 42311.19
0.005426936 40331.03
0.004070152 38439.03
0.000446673 35754.62
0.002928504 36818.77
0.006206044 38301.87
0.003521046 38037.37
0.001447002 37476.38
0.003887385 35894.46
0.00412065 35608.25
0.007061547 38272
0.008468269 37834.73
0.003264965 36151.09
0.003649331 33826.63
0.0006905222 37999.78
0.001176346 36904.79
0.002099097 37420.53
0.001352698 37343.97
0.0009239585 36213.72
0.004678073 35347.05
0.002658307 37658.13
0.00651095 38111.72
0.008754816 34447.47
0.01045261 35979.38
0.01115984 38914.15
0.004437057 39736.51
0.01117322 39286.2
0.01270962 40040.59
0.01305278 40722.57
0.006086736 43648.12
0.001568326 43429.25
0.005193196 44815.77
0.000412919 44226.55
0.0007816999 44978.75
0.001942012 42765.49
0.006994151 43494.54
0.009307308 43745.3
0.007657333 43382.17
0.01063842 41554.81
0.009566374 42479.57
0.001550932 42655.6
0.002490384 42059.51
0.01288807 43377.32
0.006874661 46380.98
0.01072369 43728.03
0.004359298 45166.94
0.006140921 44985.9
0.002135451 46913.92
0.00213338 47221.96
0.0009578935 51885.74
0.004828881 48414.39
0.003273838 49902.66
9.890837e-05 51735.79
0.001092078 49472.09
0.002059381 50723.95
0.001293372 49353.54
0.000452166 51988.72
0.002159442 50784.26
0.005250771 46516.26
0.007141405 42477.59
0.001298939 41356.52
0.005289061 42648.91
0.001969383 39309.92
0.0006885477 36558.77
0.01021847 36062.13
0.002543321 32583.5
0.0007834255 35319.54
0.002645509 38068.57
0.0004302775 39823.7
0.002194879 40839.84
0.006738332 41996.99
0.003603738 43753.51
0.00725377 46277.94
0.01160865 43779.38
0.007900855 43575.97
0.007159481 42177.1
0.01363293 39457.93
0.01508926 40382.98
0.01157308 37797.04
0.001502429 35306.96
0.005555549 35626.86
0.002230581 35784.6
0.0004523721 37660.5
0.002972945 39256.77
9.274509e-05 35902.56
0.0008876094 33473.83
0.005074554 31288.69
0.003110435 31642.17
0.003229855 29766.38
0.003711457 30422.8
0.005423882 30388.05
0.003741627 28350.97
0.0008698825 28182.88
0.005408262 26169.65
0.001481054 24502.12
0.0002446171 22966.86
0.004097992 22911.63
0.009298067 22433.94
0.006818608 24010.77
0.003547099 24321.2
0.0049701 25372.35
0.002173179 27015.53
0.007671258 27128.82
0.008275064 26047.46
0.009552239 25526.88
0.01865109 25812.86
0.008297561 24327.22
0.001164892 24737.67
0.002438233 25881.02
0.0121856 25793.2
0.003546617 25812.07
0.004330766 25568.73
0.0005871865 24937.46
0.001999766 26885.05
0.00773305 28624.23
0.006325305 28819.9
0.01420207 30262.11
0.01492504 29786.42
0.001611061 28424.43
0.0001179226 29830.86
0.004043289 32921.83
0.00939946 33068.49
0.01960641 33191.05
0.0132244 32545.97
0.004765383 33209.46
0.002815167 32676.74
0.002767921 32801.58
0.003997777 31108.02
0.004546464 29395.29
0.001950796 30039.46
0.001598367 32569.22
0.002524124 34587.91
0.009458358 33366.5
0.007434723 31945.91
0.003086161 33836.67
0.00185668 35944.44
0.004377412 37348.33
0.000891714 37057.73
0.006970948 35439.22
0.001264566 37601.12
0.001060919 36218.87
0.0008831572 35340.12
0.003557725 35150.31
0.002398037 32304.78
0.00197432 31944.76
0.0001149156 31852.45
0.004212991 29954.55
0.00544799 29775.07
0.001111903 28636.23
0.001462417 27051.45
0.0001073432 28471.88
0.003863563 30479.9
0.01077942 29466.09
0.0106939 28470
0.01040882 26927.28
0.006809038 24431.42
0.005772838 23113.53
0.002861668 23762.39
0.01288246 22986.36
0.009022987 20863.41
0.005175053 20774.09
0.01264844 21454.31
0.002624307 21691.73
0.004667743 22585.02
0.007097903 23448.17
0.005409191 23553.06
0.0107771 23402.87
0.002617626 23711.51
0.004247728 22264.31
0.004341334 23318.63
0.003076109 25177.13
0.004123574 25297.92
0.00326841 25503.26
0.007318868 24884.5
0.009454692 24096.27
0.005112626 23104.3
0.00807071 22652.87
0.004309867 21634.44
0.004303956 20943.44
0.001304948 21227.93
0.002497785 21283.62
0.00896459 20906.29
0.001181583 20591.42
0.002828695 19869.96
0.003284128 20073.84
0.001874347 20263.87
0.003804897 20470.91
0.005313618 20397.04
0.01363544 21667.49
0.009833101 22027.6
0.0007930451 24372.22
0.005280372 23988.8
0.003454753 24652.74
0.004240222 23348.36
0.0004714068 24493.98
0.009318316 23527.83
0.0005509595 21947.09
0.003561412 20692.73
0.007845998 21592.43
0.005116951 23184.75
0.001423549 24098.46
0.004523683 24486.49
0.006095113 24817.83
0.001941738 23065.59
0.00966369 22539.82
0.0005367552 22998.06
0.001551768 22779.82
0.002509832 24710.51
0.00721592 23753.87
0.001187805 22685.5
0.006065369 22893.75
0.01230146 22747.48
0.02683531 21292.09
0.01594006 22677
0.0123242 22056.63
0.004508465 21221.29
0.00950206 20257.39
0.003492966 19522.73
0.0122772 19532.66
0.004782626 19732.5
0.001804382 19265.44
0.01183212 20055.92
0.006584244 20953.93
0.005884212 22205.98
0.008103089 21547.45
0.00394728 21057.83
0.004586296 22402.7
0.004018869 22284.86
0.007420729 23433.39
0.004357068 25048.55
0.006818893 23270.16
0.001360284 23323.18
0.001353405 24836.7
0.002612048 25096.32
0.009416664 22592.73
0.002701249 22622.1
4.359475e-05 24173.13
0.00270792 24628.85
0.002073193 24130.99
0.01156427 26081.92
0.006059209 24735.82
0.001112551 23874.75
0.001748258 22848.96
0.002683429 23110.97
0.01196599 23373.7
0.005456836 24328.79
0.001799234 24901.69
0.01222995 25092.33
0.005061413 25171.48
0.007730722 23516.15
0.007417559 21632.38
0.01146432 20911.25
0.00783644 20611.47
0.004765603 19328.41
0.01250815 19060.35
0.008282278 18839.08
0.005117123 19025.79
0.003495726 19533.06
0.01255585 19478.87
0.0128209 18946.71
0.01399388 20122.87
0.008365981 21403.76
0.005800688 20385.99
0.008102407 19431.72
0.01256515 18723.53
0.007262902 21190.63
0.006310639 22642.72
0.01245367 22869.1
0.007519142 21918.35
0.005393227 22323.41
0.006526306 23137.71
0.005719577 24346.92
0.007942757 25380.79
0.006475563 24995.84
0.02016378 24074.93
0.01695489 24596.81
0.02460613 27046.64
0.02087835 28257.7
0.01981367 29004.81
0.01572319 27110.51
0.004637553 27556.89
0.004278217 30247.67
0.002927975 29928.45
0.0006418073 31165.2
0.005079892 33203.28
0.001415282 32299.93
0.008910044 33740.95
0.009150692 31660.11
0.01831995 31117.27
0.01183599 29860.59
0.008947852 28421.95
0.00875293 27477.92
0.005045331 28921.07
0.006326149 27667.95
0.009661318 27125.67
0.01105822 26532.64
0.003160137 27059.76
0.002146287 26828.4
0.001998041 27145.22
0.001711837 28532.45
0.002100148 30409.12
0.006230798 32390.57
0.006003214 32764.98
0.004231308 30818.9
0.002161589 31475.23
0.003087324 28694.25
0.009575052 27699.07
0.004826268 25818.63
0.004105655 26813.59
0.01482779 26831.12
0.006996893 25641.06
0.002299356 27869.94
0.005027132 27352.04
0.003936926 27238.61
0.007028968 27730.09
0.007338536 26602.83
0.01493212 26260.73
0.01478962 24965.39
0.002708083 23559.18
0.0007427617 24733.13
0.004123566 22424.62
0.004126247 21076.49
0.002075898 21555.74
0.002342244 22554.23
0.006213952 22617.82
0.01134438 22959.77
0.008932387 24540.31
0.007327353 24145.89
0.01961312 22605.74
0.007576533 21584.78
0.002046175 22637.9
0.00150928 22729.35
0.00931849 23426.61
0.001286686 23891.09
0.00883228 25567.7
0.006752113 24909.32
0.01078324 22774.61
0.00760737 24025.41
0.01065052 22948.34
0.007974045 21605.13
0.007877357 20087.63
0.01195957 20843.45
0.002791817 21266.39
0.005595186 20172.75
0.004352548 19187.23
0.001789091 18290.2
0.003745772 18625.6
0.005337208 19801.49
0.001637206 20062.26
0.007507662 22367.99
0.003254157 22440.64
0.002349377 21962.81
0.001473831 22929.31
0.006056967 24836.38
0.002061006 25174.66
0.004646852 27283.13
0.003059995 27303.06
0.005495119 27014.13
3.643643e-05 27353.81
0.002332516 25794.66
0.0003442122 28441.55
0.002117223 31763.18
0.007310159 33074.43
0.002798597 31273.65
0.003004919 31029.92
0.005789722 32453.72
0.004586763 33502.55
0.01211703 34198.72
0.003952545 35465.26
0.006111589 35771.94
0.005280131 36503.1
0.001354764 37859.33
0.0006863651 37150.23
0.004662722 39240.93
0.008217449 41987.37
0.0006319186 42302.14
0.003310778 41781.37
0.008738781 42298.19
0.001653195 45542.7
0.0007334591 46261.4
0.0003027728 48942.94
0.002587313 48671.78
0.008785288 47841.66
0.004381655 45854.37
0.0004307932 44876.92
0.009117699 44101.27
0.01040032 48620.17
0.007637659 46206.24
0.004655633 47732.27
0.003001922 47717.44
0.002709602 49559.24
0.007096946 54698.15
0.008899156 54827.82
0.003287114 54963.01
0.009124816 53231.08
0.0004181767 50486.84
0.002714781 51630.58
0.00272286 52773.88
0.0009193743 53079.46
0.006200369 48557.6
0.004736223 48692.17
0.001839615 48263.38
0.00147515 47787.81
0.0002587244 44868.75
0.0004019641 42969.92
0.001664437 42133.56
0.005572435 39666.51
0.003169026 39423.81
0.004555121 42264.84
0.01041085 42053.36
0.008620408 42705.76
0.008158958 43032.47
0.006520307 40349.91
0.00745463 37409.3
0.005684304 42051.9
0.003299876 43094.77
0.001965433 42808.84
0.006300424 41600.28
0.005838115 41496.51
0.006428868 43494.09
0.006519605 38252.87
0.001658545 38841.47
0.002196117 38911.3
0.002005737 38547.47
0.004597022 38942.61
0.0009271128 41196.26
0.001851922 40743.58
0.001325477 37428.71
0.004969476 37134.78
0.004881762 34977.53
0.0007533921 36182.16
0.001248673 36591.56
0.0004342199 36194.76
0.0003068505 35897.57
0.004691542 37921.68
0.008889673 35792.69
0.005331541 38623.74
0.001478866 34748.32
0.004548535 35952.2
0.004770553 35811.51
0.006660634 37280.18
0.010233 40716.46
0.008335442 41219.28
0.01109563 41751.15
0.004229309 40330.29
0.01117764 41185.13
0.001538504 42175.33
0.0010729 42986.21
0.002049091 41933.34
0.003501257 41241.26
0.007179019 42877.08
0.006389626 42272.98
0.002159399 39960.69
0.001952581 41581.52
0.0003768155 41004.02
0.001647897 42965.67
0.001203541 43189.16
0.005832204 42373.59
0.00272594 41842.03
0.009014888 44137.65
0.01004506 42436.9
0.004645414 39537.35
0.005185636 38524.09
0.006713169 39832.33
0.0105366 39298.46
0.008434515 40457.73
0.006939803 40548.44
0.008632207 42819.51
0.004732192 42165.02
0.01092658 42180.65
0.008256562 39579.5
0.009325093 37027.51
0.007257619 38398.15
0.01314902 36883.16
0.01199281 37891.63
0.01180777 35976.71
0.01785851 35002.9
0.00955957 34702.6
0.01180128 35827.34
0.01473525 34392.24
0.01229748 35895.77
0.007775237 37840.64
0.006093349 41195.14
0.008301034 42993.49
0.008793353 43127.88
0.004248625 42736.16
0.00966523 38510.16
0.009037845 34812
0.0008678631 37210.02
0.005269011 39456.37
0.0084545 42046.82
0.01029938 44810.46
0.002705961 48565.98
0.003047984 50907.31
0.00582954 51054.26
0.001654011 49719.75
0.001489661 48014.38
0.003724022 47947.37
0.001652393 46716.25
0.003072622 46000.99
0.004714137 45167.27
0.0003340005 47903.6
0.002268246 46329.64
0.003019844 45183.99
0.0001572358 46286.81
0.003909914 49356.19
8.664126e-05 50482.49
0.003974783 52628.09
0.002312746 51960.09
0.002356322 47928.65
0.004155206 49401.01
0.003172948 52768.55
0.009340826 55267.11
0.004639108 56548.99
0.002319961 56187.05
0.005206802 58251.53
0.004094952 58596.12
0.004489856 56045.95
0.0009920008 58629.85
0.002637403 57511.71
0.00117508 59306.68
0.0005811942 58732.13
0.0007980467 58464.64
0.007073901 59650.93
0.00543616 52334.29
0.00247495 50830.43
0.002630209 51751.56
0.001103494 52230.24
0.001941631 52436.37
0.003749531 54343.44
0.001189876 54204.84
0.009175858 51606.83
0.002755869 49066.48
0.005564569 47418.37
0.01455836 46917.43
0.006959643 50271.56
0.004629049 48398.17
0.004555275 49652.06
0.008050955 50502.27
0.001509043 52853.87
0.004492515 54062.08
0.003910624 54454.93
0.002902763 50509.71
0.0007319941 50844.9
0.003882288 50073.19
0.003481893 48335.43
0.007820696 48133.88
0.0167128 48985.76
0.008154347 47806.03
0.005722621 46019.33
0.01026342 45757.33
0.006757544 44135.18
0.005560849 45109.88
0.001418472 46550.07
0.002564322 48013.73
0.002240439 45436.89
0.003375078 44692.98
0.004925216 45391.02
0.002050613 45320.7
0.004519394 51922.15
0.007989494 50394.97
0.006575916 51245.37
0.007005826 46876.39
0.001604174 49186.53
0.006067291 45174.47
0.003765006 44257.58
0.001575888 44831.36
0.004648282 42697.42
0.006707153 37648.86
0.007692867 36897.16
0.00342954 38514.8
0.007886715 37557.67
0.005614244 38326.48
0.005359202 35745.57
0.008849232 37211.65
0.009702167 34840.15
0.01175273 32619.75
0.01096472 33623.78
0.004799752 32303.07
0.01050478 34963.6
0.003315922 35100.52
0.002269262 35285.48
0.003122771 35015.82
0.00349702 33680.66
0.0006995966 33003.2
0.0004852341 31847.7
0.005223999 31045.63
0.003888525 31314.09
0.008611585 33850.94
0.003900302 32517.23
0.01278396 32220.78
0.01994954 32538.06
0.00175709 32117.05
0.001492224 31697.76
0.005157597 30358.59
0.01165119 28693.83
0.004545407 28636.08
0.006178033 29647.8
0.004310653 28798.54
0.005477245 28654.48
0.004599759 27650.2
0.001075333 25815.93
0.006349042 25253.94
0.001524636 27793.72
0.003757127 29146.33
0.002248959 32189.82
0.003519291 32119.56
0.001413925 28275.47
0.001192343 29859.47
0.003377824 29922.14
0.001775754 26710.69
0.00357229 25682.7
0.01392998 24975.9
0.0006432135 25320.12
0.001772247 24031.68
0.002595354 23610.44
0.001583897 24247.28
0.0111751 24396.13
0.007068218 24787.78
0.008946457 23519.6
0.005967248 22652.61
0.008016198 23114.33
0.004081845 21882.24
0.009784758 22748.37
0.00928603 22411.68
0.01032818 22882.1
0.007942859 21564.5
0.002629579 21627.66
0.006371288 21472.09
0.01387083 20346.77
0.01505073 19207.43
0.004093912 19857.55
0.01107635 19244
0.01173728 20032.52
0.01037446 19871.65
0.0130524 20500.33
0.00564618 22281.84
0.004560164 21135.02
0.003722964 21899.44
0.006727914 20218.62
0.003154235 20493.92
0.005924073 18920.16
0.003851238 18671.93
0.0104337 17365.52
0.01465078 18340.48
0.01784959 17794.84
0.03229109 17012.06
0.0167856 16040.24
0.008833717 17151.26
0.007794123 16626.1
0.007037796 16897.02
0.001557357 17709.95
0.001395117 19279.01
0.001861536 21202.48
0.0007129005 20914.05
0.0006066117 21609.72
0.008089718 22192.11
0.01553209 21624.68
0.01440377 20377.48
0.01453946 20082.83
0.005830481 21050.93
0.003819657 19991.03
0.002779404 19708.04
0.008921195 18225.61
0.004658718 17523.6
0.001178319 16718.66
0.003270845 14777.69
0.004961191 13932.84
0.004882805 13161.44
0.005165192 12415.32
0.01023057 11938.85
0.01431829 12844.5
0.005961161 11819.28
0.02179579 11504.07
0.02358527 10880.24
0.04272587 10949.68
0.04272912 10403.09
0.03835892 10115.91
0.02205172 10466.51
0.01787518 10466.15
0.01513201 10111.74
0.006900794 9755.612
0.005770469 10104.1
0.004088284 9838.349
0.004561314 10276.05
0.007924249 9614.141
0.01959577 8860.938
0.04334838 8236.728
0.0569283 8541.807
0.03038798 8661.967
0.02860169 8893.938
0.01612296 9448.559
0.005764506 9119.349
0.0008684477 8398.556
0.0005230567 7803.124
0.0011677 8652.674
0.002390964 8531.34
0.004194745 8223.279
0.0006871924 8981.593
0.004225514 9376.429
0.009229731 8594.877
0.008777426 8605.183
0.01267325 8966.063
0.01509388 8854.722
0.006559315 8722.571
0.004744687 9014.792
0.002210979 9007.291
0.00433603 8728.455
0.006061893 8455.122
0.004910915 8939.965
0.004950639 9166
0.002117414 9933.444
0.01014062 10576.11
0.02040797 9712.117
0.01723787 9119.077
0.004256075 8740.55
0.007227039 8544.243
0.006929965 8995.933
0.01396818 8927.83
0.01113232 9347.116
0.009744733 9590.035
0.007745083 8488.435
0.003730361 8937.449
0.004120645 8974.804
0.00982288 8900.936
0.01030481 9109.209
0.0008895185 9397.9
0.003800885 9638.033
0.008126355 9403.845
0.007194679 9049.488
0.005090883 8797.164
0.005106943 9128.451
0.01050136 9592.373
0.01193471 8930.437
0.009343525 8452.255
0.0016357 8054.511
0.008984289 7201.037
0.02492097 7241.245
0.03008053 7484.563
0.02549653 7823.494
0.01166826 7077.382
0.0191015 7382.729
0.01578628 8154.166
0.01522099 8635.063
0.006782948 9313.167
0.008405013 8931.181
0.009483546 8296.482
0.008587901 8168.446
0.01311632 7923.065
0.01060843 8192.268
0.005403518 8876.81
0.004070873 9210.223
0.0168369 8596.59
0.01107313 8523.817
0.01253779 8330.161
0.009761494 8009.483
0.01730202 7583.486
0.01920367 7218.528
0.01288771 7283.868
0.006405888 6907.935
0.01199286 6853.123
0.01609148 7168.495
0.007751707 7291.03
0.01119309 7377.603
0.001832745 7252.069
0.006611654 6735.009
0.008187563 7080.165
0.01151728 6811.083
0.01223625 7648.691
0.00463774 7437.908
0.004792952 7070.807
0.01230053 7128.67
0.007715257 7640.4
0.01176201 7499.024
0.007686326 7944.78
0.008956884 7649.408
0.007822858 7684.314
0.009802792 8643.334
0.01882575 8217.438
0.02112917 8741.557
0.02606415 9420.977
0.03084276 8918.23
0.01119969 8818.672
0.005570677 9592.656
0.008402136 8828.722
0.01281478 8845.589
0.01032157 8729.661
0.02040895 8834.484
0.02628271 8416.456
0.02068141 8940.068
0.03215364 9331.261
0.02186442 8781.891
0.0201236 8562.682
0.04069815 8362.851
0.02772805 7966.942
0.04459182 8615.575
0.04608215 8344.462
0.03846186 8587.178
0.01508916 7549.66
0.004837557 7806.192
0.0171297 7983.857
0.01170826 7750.478
0.01723963 7717.003
0.01289337 7871.695
0.0133245 7728.248
0.03014429 8087.862
0.04950664 7994.184
0.01514684 7811.863
0.03036097 7435.46
0.02802008 7630.419
0.0171653 7762.153
0.01827463 7898.453
0.02421576 8198.942
0.009528849 7903.75
0.003492805 8017.617
0.003539016 8303.296
0.01651543 8427.767
0.01799659 8829.459
0.01281349 8476.969
0.01444563 8353.775
0.009621445 8158.546
0.00056473 8326.911
0.001853103 8490.676
0.005949502 8204.225
0.01288817 7920.994
0.01288122 8126.086
0.01000675 7875.536
0.02048587 8464.338
0.01093541 8700.76
0.004801568 8698.533
0.002298506 9056.975
0.004403162 9454.576
0.01044552 9178.216
0.01054117 8756.334
0.008767233 8393.067
0.01058553 8614.735
0.003862111 8781.504
0.001053168 8623.228
0.009703729 8317.971
0.003210329 9022.088
0.007701176 9252.215
0.004503072 9642.276
0.01404148 8831.639
0.01452879 9252.352
0.01472304 8503.576
0.01300518 8363.125
0.01876317 8026.332
0.01907473 8369.144
0.0215721 8992.551
0.03190426 9230.108
0.03492012 9815.908
0.006292998 10280.08
0.0002781872 9993.225
0.0002519935 9935.758
0.005274768 9895.298
0.01529516 9594.428
0.01211614 9291.296
0.0126695 9440.872
0.008783916 9894.57
0.01360329 9827.787
0.008087157 9543.987
0.004455999 8969.45
0.005972406 8899.436
0.00263845 9464.214
0.007300468 9923.272
0.009635164 9805.674
0.02173977 9654.098
0.04486359 9202.222
0.02906105 9593.373
0.0227569 9332.216
0.01489664 8667.417
0.009712972 8621.915
0.01440156 8840.935
0.01405426 8747.145
0.02699637 8451.951
0.03768071 8551.134
0.0238317 8332.672
0.02302355 8355.418
0.00608687 7879.432
0.002583401 7700.918
0.004536068 7308.829
0.00953891 6909.117
0.001728271 7593.796
0.0009116687 7522.48
0.004435181 7090.148
0.008364635 6704.38
0.01257592 6212.083
0.01696653 6241.115
0.01985394 6009.62
0.02435215 5908.853
0.02489788 5622.419
0.01713709 5648.913
0.009953267 5524.738
0.008702196 5433.988
0.003248764 5153.17
0.008486469 5415.852
0.01355006 5253.026
0.03130218 5126.034
0.03508616 4898.914
0.02257026 4908.124
0.02717684 5015.733
0.02693172 5139.515
0.02082088 5364.886
0.03396626 5191.317
0.03321873 5330.156
0.02588522 5133.618
0.01739526 5511.816
0.03016904 5429.838
0.0295444 5783.331
0.02224876 5667.305
0.0155487 5568.442
0.01232625 5769.823
0.010289 5658.473
0.01136586 5716.37
0.01299188 6172.707
0.01420007 6076.487
0.01898526 6061.426
0.009713984 6385.078
0.002204578 6142.866
0.003643641 6284.088
0.006915703 6214.062
0.007065455 6349.674
0.01227861 6340.146
0.01591264 6081.367
0.01496906 6090.603
0.01371218 5846.731
0.01036148 6716.349
0.01326188 6554.066
0.02791622 6447.656
0.01447579 6535.742
0.01757005 6764.202
0.01399445 5966.26
0.006427652 5616.418
0.0128076 5444.962
0.005879048 5278.889
0.006024942 5355.956
0.005782877 5508.453
0.005284312 5480.464
0.008374751 5542.703
0.01112525 5655.341
0.01731458 6131.25
0.02827756 6021.657
0.02361471 5930.751
0.02479038 6276.597
0.04619465 6273.007
0.05321696 6262.884
0.04095988 6675.091
0.04025975 6913.741
0.02950533 7269.453
0.01938544 7378.582
0.02146943 7220.513
0.01203073 6804.86
0.001939164 6362.877
0.01073278 5535.358
0.005924842 6309.236
0.002326572 6517.672
0.0006126521 6123.874
0.004301723 6235.336
0.01050596 6304.517
0.00613888 6501.087
0.006988963 6210.88
0.01148341 6595.199
0.02338299 6512.155
0.008670358 5904.849
0.0288471 5800.184
0.01661211 6256.804
0.017065 5915.369
0.04962242 5951.918
0.06416883 5509.824
0.05458617 5153.275
0.03164568 5026.797
0.04050105 4811.505
0.04772381 5083.145
0.05798478 4718.963
0.04060236 4878.415
0.01796563 4855.758
0.01368222 5189.444
0.003406199 5563.255
0.001479053 5799.062
0.002678811 6300.107
0.004348183 6051.612
0.005517885 6058.747
0.01626395 5814.436
0.03847595 6048.312
0.03647836 5861.139
0.04954823 5625.024
0.02142988 5356.268
0.01032101 5268.442
0.01367572 5485.71
0.007318616 5468.538
0.01248854 5248.883
0.009744522 5221.818
0.01513778 5146.441
0.01648411 4889.543
0.01442863 4833.058
0.02377535 4453.199
0.02777529 4563.004
0.01997522 4702.211
0.01793879 4909.751
0.01100059 4573.66
0.01397527 4802.527
0.0183884 4780.366
0.01156882 5177.981
0.006716053 5278.677
0.001287514 5190.298
0.001614683 5490.138
0.00371709 5418.142
0.009519689 6089.619
0.001783677 5663.854
0.005867138 5645.156
0.0019652 5621.857
0.008088532 5967.477
0.01126546 5965.652
0.003731729 6307.11
0.001218483 6809.835
0.003803364 7654.671
0.002166318 8201.327
0.01663633 7658.855
0.01514334 7298.731
0.03773814 6916.948
0.03545509 6561.077
0.02696886 6601.498
0.01083133 7242.269
0.01723937 7025.016
0.01667666 7161.103
0.01586343 7329.04
0.008853388 7551.832
0.006126769 7227.655
0.008349929 7115.558
0.009862018 6974.742
0.009724041 6569.244
0.02674718 6072.814
0.0238461 6188.218
0.03868365 5873.58
0.04601665 5995.113
0.07611764 6350.183
0.04400201 5880.844
0.03501209 6376.608
0.02707761 6059.462
0.0307268 6118.027
0.02011854 5551.623
0.01162582 5195.749
0.01515383 5200.875
0.006008768 5524.939
0.004847812 5392.215
0.001250335 5239.137
0.002837482 5087.605
0.007367075 5337.526
0.004317608 5236.407
0.009820531 4818.731
0.005104928 4344.612
0.00521368 4010.075
0.007816546 4050.532
0.002590508 3806.213
0.005840794 3652.31
0.002800356 3756.347
0.00309569 4121.8
0.01679809 4187.509
0.0126515 4191.819
0.01017284 4531.166
0.0009227364 4736.543
0.01589151 4448.227
0.006124216 4426.179
0.004543952 4623.347
0.002953972 4720.059
0.004672642 4960.367
0.004916974 5090.498
0.007722376 4782.309
0.01049916 4864.396
0.02239633 4964.98
0.02833343 5131.574
0.02126183 5169.745
0.03439456 5133.867
0.03248272 4982.067
0.02679881 5762.08
0.01992643 5405.83
0.02278505 5586.95
0.01595972 5637.904
0.006604344 5857.805
0.01231885 5794.838
0.02070234 5925.2
0.007571982 5952.939
0.009366627 5923.373
0.01603865 5463.722
0.004286443 5127.477
0.001452702 5242.82
0.01009588 5460.091
0.009988849 5282.147
0.005718683 5266.317
0.009705836 5322.391
0.01217884 5100.066
0.007394289 5432.166
0.003960542 4857.923
0.02067814 4807.455
0.01334977 4571.846
0.02675178 5012.397
0.02856961 4822.164
0.01004761 4965.975
0.02768778 5030.901
0.04074539 5347.343
0.02730355 4713.64
0.01993337 4571.104
0.01960364 4171.625
0.04851745 4034.453
0.0393544 4021.665
0.04487941 4137.46
0.04542731 4191.482
0.01828735 4011.015
0.04574912 4244.741
0.0239975 4365.812
0.02295416 4412.565
0.01864015 4162.832
0.02980798 4205.427
0.02823526 4392.099
0.03093208 4539.13
0.05810286 4790.966
0.04430127 4570.399
0.03909577 4426.258
0.03791027 4773.259
0.04451783 5200.537
0.04424473 4841.595
0.04207798 4904.051
0.04875013 5083.465
0.04916872 5048.944
0.0471348 4668.299
0.05928629 4297.613
0.03969785 4423.905
0.03733179 4535.793
0.05475606 4778.057
0.03013149 4876.322
0.01329472 4853.032
0.017837 5398.772
0.02799658 5500.613
0.02112951 5313.767
0.04309487 5407.556
0.0268558 4973.122
0.02469463 4770.676
0.01738844 5245.701
0.02365116 4891.804
0.0138552 4577.06
0.01630385 4265.212
0.02807023 4595.197
0.0304497 4577.798
0.02163431 4379.878
0.01523583 4514.202
0.005834722 4410.84
0.0190336 5092.835
0.01484304 5174.002
0.01621692 4928.888
0.01301616 5014.771
0.02269776 5166.381
0.03128207 5111.984
0.05388893 5291.224
0.0413348 5073.749
0.04897708 5219.718
0.03664016 4892.312
0.04048242 4978.089
0.03323504 4991.953
0.05758348 4974.606
0.03254349 4832.754
0.04729194 5023.342
0.03703175 4983.672
0.05203015 4786.396
0.02878801 4608.666
0.02198068 5031.945
0.01360424 4967.83
0.01411154 4835.795
0.01968221 4965.933
0.01828868 5096.258
0.01284733 5092.361
0.01289641 4622.974
0.01228626 4154.605
0.02889856 4191.383
0.02427721 4223.177
0.03409838 4227.526
0.01714434 4255.974
0.01843364 4574.759
0.0135738 4087.165
0.02199159 3863.446
0.03139896 3905.994
0.03060477 4085.817
0.04048568 3685.645
0.05656534 3797.678
0.1026291 3699.909
0.1033369 3454.435
0.08851592 3529.037
0.09588978 3453.684
0.08225979 3350.509
0.06636252 3382.687
0.05847887 3370.767
0.07350002 3076.08
0.05435599 3163.072
0.06931215 3134.666
0.07741223 3222.569
0.06416559 3241.437
0.07490079 3155.921
0.03903787 3420.025
0.05032983 3429.798
0.05547461 3574.625
0.05918304 3528.68
0.06198624 3595.13
0.07483322 3641.028
0.02942447 3101.321
0.02939283 3149.003
0.04642239 2911.005
0.02894276 2840.581
0.02267906 2960.002
0.03031892 3071.007
0.02198715 3246.671
0.01232237 3216.769
0.01237344 3146.4
0.01646477 3224.494
0.01836789 3296.64
0.02958255 3353.299
0.01455213 3378.887
0.0186555 3522.927
0.01551184 3297.14
0.01318381 3310.926
0.01784138 3099.969
0.01258775 3106.878
0.0237567 2884.682
0.03209249 2806.39
0.01737714 2674.73
0.01041714 2665.454
0.004647783 2632.317
0.001913973 2447.686
0.006858838 2453.678
0.01980006 2547.882
0.02081347 2778.925
0.04536794 2719.227
0.09775273 2704.681
0.09874662 2621.211
0.09844116 2589.69
0.1068888 2647.634
0.07747937 2796.258
0.04906742 2924.551
0.04889815 2967.994
0.02272409 3009.669
0.005901547 3120.496
0.01746405 3094.058
0.02030044 2874.219
0.01937547 3090.641
0.02239454 3191.703
0.04136332 3120.074
0.0659201 3072.168
0.06816948 3160.415
0.03293176 3116.9
0.03965326 3381.884
0.02182292 3303.372
0.02371203 3282.536
0.02761245 3282.021
0.02809519 3278.829
0.02843846 3081.465
0.04536485 3003.115
0.07512966 3042.936
0.09067894 2989
0.07936134 3083.205
0.06734292 3199.707
0.04301829 3229.57
0.06548371 3080.08
0.05188982 3045.339
0.04602881 3092.671
0.02543806 3213.748
0.01700777 3213.722
0.006312146 3169.566
0.009974849 3013.258
0.001114597 2821.577
0.008187905 2872.287
0.01773607 2879.554
0.02684142 2906.593
0.03247443 2982.274
0.007378174 2977.535
0.005683277 2981.422
0.008278877 3021.762
0.003330056 3076.056
0.002649801 3184.332
0.003055702 3128.974
0.001432439 2856.137
0.01007036 2916.954
0.005939701 2887.505
0.004727565 2842.123
0.009096573 2950.81
0.009761248 2958.001
0.01798165 2921.756
0.03239605 3320.516
0.05444429 3125.974
0.04538408 3119.937
0.06236988 2940.055
0.04429838 3317.279
0.04678711 3050.433
0.07069028 2869.06
0.0662848 2790.971
0.05136471 2843.335
0.05921498 2870.163
0.03203666 2937.541
0.02636913 3084.442
0.02167935 3246.718
0.04853636 3092.718
0.04373421 2888.927
0.05569292 2909.391
0.05696689 3091.737
0.07137002 3245.723
0.07177981 3324.523
0.05981178 3461.377
0.06790329 3293.086
0.07208006 3502.92
0.07212348 3408.01
0.07946604 3583.898
0.08459707 3559.782
0.04402675 3451.754
0.03424199 3511.365
0.04610622 3599.154
0.04177284 3618.608
0.02901021 3797.611
0.02601917 3669.767
0.0361846 3845.861
0.05254513 3856.075
0.05557099 3795.188
0.04648129 3680.289
0.03864454 3431.917
0.04530618 3623.605
0.04444699 3506.422
0.02633229 3653.003
0.0411814 3906.763
0.03596639 3682.877
0.01968318 3852.652
0.04482793 3641.618
0.05626762 3523.292
0.04062253 3603.789
0.02542804 3662.357
0.02617304 4007.636
0.01793049 4390.645
0.0132417 4259.549
0.02422346 4338.869
0.02214844 4565.059
0.01604537 4914.19
0.02370592 4932.946
0.04196252 4894.147
0.04853607 4894.98
0.06131246 4618.984
0.04739239 4624.384
0.03713197 4921.71
0.02711231 4599.565
0.0364365 4522.185
0.04113187 4626.927
0.04351728 4468.707
0.05046267 4316.861
0.02213854 3993.879
0.009506187 3828.656
0.003848203 3987.113
0.003016317 4271.134
0.01249435 4516.908
0.01575734 4416.373
0.01173068 4422.169
0.01256378 4604.046
0.01727298 4567.681
0.02643543 4350.751
0.03263732 4657.286
0.04289151 4778.434
0.0528995 4793.193
0.03654555 4675.359
0.01855499 4945.138
0.01443869 5228.566
0.01172155 4927.419
0.01382019 5113.876
0.02338631 4821.942
0.02539392 4907.329
0.0394644 4473.242
0.03400059 4500.705
0.05985373 4387.904
0.04028822 4208.238
0.04553214 4499.094
0.04567314 4707.299
0.04224802 4642.945
0.04430097 4742.535
0.06054589 4995.714
0.02888903 4838.41
0.0134804 4963.641
0.01419731 4653.627
0.008655755 4731.673
0.01268984 4685.632
0.01308211 4740.29
0.02900153 5013.449
0.04027817 4943.369
0.02208548 5356.343
0.03467636 5234.82
0.02123028 5151.8
0.02296881 5468.853
0.009184126 5306.173
0.01110175 5414.395
0.007263761 5233.39
0.02287327 5382.036
0.01983848 5215.894
0.01491399 4996.008
0.01098873 4968.578
0.01222044 4720.113
0.004164453 5287.081
0.0175277 5035.491
0.01139862 5203.215
0.005085001 5251.347
0.01394932 5418.272
0.03771108 5332.89
0.02217698 5091.927
0.01177877 4879.049
0.01670298 5172.128
0.008770494 5085.767
0.008283879 5338.95
0.01193761 5131.273
0.01161441 5241.209
0.01339316 5457.88
0.004656907 5226.387
0.009471641 5177.352
0.008405955 5025.659
0.019447 4905.135
0.01402297 4801.335
0.005528128 4911.833
0.0003062896 5228.636
0.003098664 5297.961
0.01169297 5309.445
0.004962552 5164.604
0.007567762 5184.343
0.003996671 5212.731
0.001833275 5229.731
0.01025593 5193.006
0.01200057 5286.19
0.03691105 4882.832
0.01649588 4957.683
0.02771311 4719.824
0.03853734 4807.065
0.01518024 4825.503
0.003247865 4972.176
0.01832467 4884.463
0.02487562 4991.848
0.01800536 4908.981
0.02584784 4446.158
0.04605475 4656.4
0.05045912 4774.923
0.02854969 4794.549
0.01105497 4811.771
0.01919759 5098.613
0.02161006 4877.136
0.01739352 4727.232
0.01591778 4673.148
0.03025903 4897.294
0.04116058 4896.176
0.03032243 4821.567
0.03833978 4797.188
0.02958735 4839.039
0.05818211 5038.612
0.04490849 5114.027
0.02971189 4917.062
0.03037509 4818.6
0.02058793 4641.895
0.02704645 4741.809
0.01916413 4937.68
0.02653501 5125.919
0.03547 5137.322
0.03540166 4975.438
0.03764003 5054.36
0.04431801 4943.154
0.06177924 4697.966
0.06411683 5035.587
0.03491075 5330.637
0.04353756 5262.394
0.08610745 4992.334
0.0793075 4969.741
0.08359977 4847.588
0.06649497 4607.257
0.05031988 4525.638
0.06855339 4756.314
0.06806934 4831.432
0.04482453 4817.968
0.05493222 4825.079
0.04451861 4635.193
0.04735251 4361.248
0.01120081 4164.946
0.00613851 4309.199
0.005212895 4183.916
0.001222659 4392.868
0.006697555 4179.53
0.01596205 4337.581
0.009588945 3943.781
0.002310493 3942.207
0.01236313 4183.576
0.01706281 4277.315
0.007465705 4285.522
0.01199078 4682.571
0.0143283 4678.203
0.02335396 4600.06
0.02348352 4701.656
0.02795009 4806.071
0.03439118 4876.368
0.04533998 4710.712
0.03183702 4600.306
0.02768845 4843.445
0.04117553 4900.238
0.04563946 4897.035
0.03625269 5003.067
0.02271785 5302.823
0.03472959 5175.613
0.04517035 5120.821
0.06456775 5297.769
0.06706015 5262.209
0.04245283 5006.978
0.03268405 4954.721
0.03087089 5000.526
0.01984818 4733.252
0.02324939 4892.688
0.008306918 5395.041
0.01875292 5092.68
0.01295291 5060.628
0.01489718 5158.544
0.04755492 5242.47
0.04179727 5170.948
0.03644423 5573.802
0.04426905 6254.605
0.03693999 6137.296
0.0263931 6334.746
0.02629551 6003.924
0.03122577 6015.248
0.01757605 5976.145
0.01834793 5721.329
0.002903349 5625.227
0.00360725 5577.862
0.003826341 5741.412
0.008808988 5663.107
0.005083111 5909.551
0.002077615 5517.165
0.002162669 5470.417
0.003842878 5681.686
0.0009842148 5465.26
0.004765746 5621.856
0.0150924 5730.559
0.03242512 5759.658
0.01725155 5905.081
0.01523113 6237.624
0.02854937 6018.848
0.01680272 6172.464
0.03569939 6119.157
0.02722767 6372.526
0.02008893 6293.649
0.004560105 6120.458
0.004958236 5678.043
0.007670264 5405.485
0.007744778 5915.363
0.002569675 6020.055
0.006057081 6517.958
0.002335727 6107.832
0.0002569936 5744.271
0.01092483 5946.695
0.01115711 5488.053
0.003655379 5710.799
0.002416969 5417.241
0.0005934817 5634.913
0.000890478 5527.831
0.005519513 5472.268
0.008879589 5442.463
0.01838419 5476.17
0.02037114 5602.395
0.0203295 5695.396
0.03385104 5431.594
0.01968155 5303.301
0.008019368 5247.057
0.01766861 5347.283
0.007881564 5659.573
0.006089272 5717.728
0.005601928 5529.748
0.007771328 5715.306
0.01961248 5182.61
0.02220486 5195.149
0.02080846 5807.239
0.03365073 6486.534
0.03366891 6308.894
0.03718222 6398.071
0.009451019 6435.948
0.005280321 6181.727
0.00256737 6335.159
0.007123783 6284.604
0.001436059 6664.77
0.001124808 6496.133
0.006060718 6670.273
0.002653268 6754.973
0.005556973 6901.285
0.01698862 7094.615
0.007377083 6830.678
0.01312368 7132.942
0.03353809 7067.2
0.02664119 7628.396
0.04645924 7135.583
0.03037987 7384.76
0.03507093 6848.501
0.02626742 6878.351
0.0459212 6807.508
0.0364937 6760.017
0.04765359 6580.617
0.0285237 6204.002
0.02239506 6431.66
0.010864 6568.877
0.004671077 6931.242
0.02445674 6595.329
0.02368716 6903.887
0.01784083 6406.395
0.00603678 6006.882
0.005632996 6132.403
0.002916097 6099.182
0.0153045 6364.618
0.009808905 6709.354
0.007917218 6976.361
0.00788755 7193.309
0.01473251 7121.135
0.0138067 7384.849
0.01023283 7015.13
0.01332991 7313.779
0.03192484 7531.788
0.04328807 8638.213
0.02467582 8883.667
0.03167382 8004.668
0.02300328 7679.184
0.04014641 7744.289
0.03741301 8007.298
0.03801116 8211.244
0.04065652 8408.462
0.04526281 8390.436
0.0393658 8181.029
0.02822649 8061.135
0.02872365 8525.215
0.03211 8439.509
0.02018791 8146.925
0.01052382 8499.304
0.005047981 8273.53
0.0006090104 7896.773
0.003107165 8141.232
0.004196319 8562.353
0.002027127 8581.483
0.001314502 8489.141
0.001324562 9414.325
0.001434982 9224.267
0.02163159 9270.134
0.02013812 10543.65
0.0177963 9912.329
0.005807599 9376.312
0.007953741 9355.513
0.01244466 9418.966
0.01052331 9294.694
0.02917114 9760.346
0.02043906 10083.76
0.0191875 10814.01
0.01160471 10473.91
0.02207408 10348.38
0.0294258 10248.3
0.03850607 9095.389
0.03592998 9191.281
0.02186292 9557.703
0.03007752 9673.102
0.02887895 9343.228
0.03686263 9263.87
0.02380185 9362.82
0.0196415 9392.301
0.01090377 9772.577
0.01092953 9221.069
0.007604882 8754.842
0.006839557 8824.05
0.006408243 8390.716
0.006999926 7967.965
0.01276775 8026.247
0.01507461 8694.674
0.009722313 7657.143
0.01633938 7742.553
0.01370586 8107.972
0.01456644 8470.836
0.01664095 8303.302
0.02270106 8207.431
0.01251493 9060.317
0.02163232 7888.025
0.0115584 8064.026
0.02022832 8036.847
0.006666941 7495.828
0.005281551 7571.592
0.001514899 7957.867
0.002168274 7117.652
0.001094546 7462.029
0.003782448 7405.425
0.003590419 7449.063
0.01087385 7447.675
0.01404457 6813.343
0.01608804 6988.611
0.01183377 6673.747
0.01170864 6874.856
0.01270482 6599.279
0.01496715 6450.222
0.02315736 6598.153
0.02186676 6424.369
0.02852285 6547.082
0.01937936 6623.97
0.02094017 6781.463
0.01167337 6898.903
0.007885946 6790.406
0.003714452 6972.66
0.003501003 6602.908
0.008381617 6961.106
0.002060492 7022.103
0.00713083 6766.424
0.01462763 6758.263
0.006300313 6609.955
0.001472497 6219.77
0.005373095 6467.899
0.01502541 6073.845
0.02843973 6496.232
0.02852669 6365.79
0.01960638 6211.242
0.02864213 6090.309
0.01288594 6250.248
0.01205551 6038.107
0.002440911 5755.522
0.001291056 5595.028
0.008799761 5725.279
0.01402016 5351.606
0.007021364 5571.842
0.01718579 5266.382
0.01431145 5455.657
0.03128538 5235.049
0.05028324 5044.111
0.03128532 5008.248
0.02660605 4832.434
0.02216816 5158.043
0.0261089 5530.267
0.02511989 4807.315
0.03234229 4474.999
0.01206759 4265.177
0.01603415 4912.853
0.01310639 4931.135
0.007379656 4593.199
0.008668872 4648.714
0.01012305 4467.31
0.02257344 4977.423
0.04044512 5017.991
0.03871051 4678.029
0.0303673 5035.591
0.03560058 4960.751
0.03965534 4854.642
0.02754577 4714.441
0.02165885 4371.278
0.02658175 4394.788
0.03542768 4335.404
0.04392583 4142.998
0.04158834 4304.774
0.03933024 4172.22
0.02733923 4089.177
0.01956931 4222.441
0.02260159 4450.719
0.01281735 4438.518
0.01233732 4606.138
0.01079553 4805.292
0.005057947 5028.785
0.01089217 4987.602
0.009488702 5535.071
0.01944437 5910.511
0.01452006 5887.518
0.006378045 6384.852
0.007258128 6873.869
0.0007055779 6617.042
0.001025758 5942.468
0.006127038 6599.579
0.02118971 6534.33
0.007683149 6994.072
0.008796397 6815.025
0.007988582 7349.461
0.01141815 7678.525
0.002129548 8564.74
0.008818754 8648.105
0.03617952 8533.326
0.02655611 8953.551
0.02616755 8533.941
0.04248242 8686.614
0.04441691 8441.858
0.02931072 8432.391
0.02084716 8823.122
0.01087527 8547.428
0.02147243 8596.078
0.009021059 8087.998
0.009972659 8589.934
0.01148806 9035.039
0.01656004 9263.028
0.001160347 9169.49
0.0030343 8786.394
0.00324804 8926.744
0.003870153 9111.897
0.002106889 8927.577
0.002780192 8890.657
0.005708443 9035.887
0.00788644 9242.739
0.01964634 9010.324
0.02862284 8854.811
0.01913349 8726.935
0.01189249 7951.397
0.02690935 8476.815
0.03011005 8544.053
0.03125181 7610.851
0.03934456 7713.276
0.02458097 7392.159
0.01753498 7088.818
0.01190242 7170.967
0.01294187 7525.317
0.01048353 7891.281
0.003261631 7839.379
0.00431453 7854.686
0.007569779 8224.36
0.01225363 8148.303
0.007643793 7776.502
0.007572 7862.925
0.01246122 8414.358
0.009582221 8623.009
0.003574694 8059.503
0.0156424 7907.291
0.01837165 8065.331
0.01465245 8113.483
0.005851377 7705.302
0.004120015 7980.669
0.01001473 8773.992
0.003078441 8311.71
0.001975635 7853.039
0.008064848 8314.056
0.006485736 8464.409
0.01427477 8825.349
0.004712879 9775.613
0.0126474 10041.84
0.00652137 9944.126
0.01754754 9709.943
0.02031122 9957.005
0.02413602 9983.738
0.02239541 10488.68
0.01993371 9886.303
0.02781781 9423.574
0.02610222 9115.541
0.02226894 9030.842
0.03653034 8598.015
0.03522366 8590.311
0.0260071 8259.755
0.01097716 8087.075
0.0142635 8071.038
0.01482513 7730.325
0.01004314 8025.537
0.0123827 8162.685
0.006802429 8081.812
0.007949501 7869.132
0.01035502 7930.916
0.009983032 7932.889
0.00385742 8171.505
0.004889203 7659.201
0.002574337 7891.641
0.00233125 7901.576
0.002889402 7815.265
0.004485041 8056.292
0.003528961 8168.392
0.007897456 8031.689
0.004356196 8262.98
0.004332985 8208.181
0.01655661 8091.546
0.002687411 8058.419
0.005940317 8147.254
0.01274009 8327.531
0.01219167 7925.085
0.01822122 7362.689
0.01251208 7396.058
0.01500028 7977.851
0.02100793 7571.53
0.0173458 7635.088
0.003961905 7691.952
0.006753785 6891.301
0.00643526 6514.083
0.013717 6682.17
0.01243041 7565.608
0.008251203 7328.635
0.00573597 7713.201
0.002741773 7912.819
0.005671249 8497.317
0.009004167 8216.266
0.005523196 7896.159
0.008782581 8140.598
0.004822245 8010.194
0.0089743 8228.719
0.01337929 8860.345
0.01056711 8641.357
0.01454394 8962.501
0.00136131 8921.182
0.008437864 8827.048
0.0005425006 9136.768
0.008466209 8727.162
0.01395267 8736.424
0.01154188 8037.299
0.009126891 7838.099
0.007458022 7855.665
0.003330924 8301.825
0.008877875 8555.944
0.02090672 9340.704
0.02726084 9198.316
0.02788073 9226.409
0.03265245 9533.689
0.02487509 10035.77
0.02861308 10147.78
0.02514646 10535.47
0.01362329 10026.87
0.01966552 9064.316
0.009122965 9581.021
0.01093605 9943.049
0.02293393 9299.261
0.005900401 9029.44
0.00243354 8946.571
0.0005551928 9109.523
0.002005868 9420.069
0.0007439824 10457.66
0.004242162 11478.58
0.009202577 11833.84
0.0040439 11937.63
0.003157864 10737.68
0.004958031 10764.65
0.002398402 11120.13
0.0007235104 11153.51
0.002445109 10271.56
0.01228983 9752.372
0.002214758 10666.38
0.007588249 10524.7
0.01202952 10202.35
0.005594019 10398.69
0.006911011 10577.82
0.0209737 10203.58
0.02966793 11133.3
0.02654156 11384.43
0.0327828 11873.33
0.01320184 11913.35
0.01673609 11538.19
0.03014145 11876.09
0.01053252 12267.53
0.005765972 11063.85
0.01541038 10878.27
0.01287263 11553.16
0.01847275 12083.82
0.01536159 11714.93
0.01762991 12043.92
0.02349216 11383.78
0.03063161 11104.22
0.04181012 11364.3
0.02601686 11886.06
0.02217445 12458.51
0.006567966 12842.94
0.001038005 13012.31
0.001790656 13156.62
0.001771338 13564.68
0.01065964 14071.61
0.0115199 14225.62
0.01493636 13605.75
0.007553356 13240.29
0.0166343 14359.59
0.0174644 15419.25
0.02726859 15875.99
0.02314002 15490.58
0.01319368 15923.76
0.01533629 15561.12
0.00977272 16345.87
0.01934467 15748.41
0.01667347 16336.96
0.0153632 15978.67
0.01344378 17028.64
0.009099602 16614.83
0.02050091 17414.93
0.006548961 17988.32
0.00265589 20042.19
0.009085428 21053.05
0.01068204 21553.95
0.009144953 23571.35
0.0111023 23997.1
0.01476567 23828.2
0.01305732 23572.81
0.002745979 25195.41
0.002119921 25782.95
0.01026219 26289.76
0.000787275 25091.31
0.005351749 23408.28
0.00412561 26195.69
0.006222798 25358.04
0.001584827 24560.1
0.0007191753 25546.13
0.001432061 25744.69
0.001200653 24111.9
0.005455894 22376.37
0.002981961 23418.73
0.00465953 24210.14
0.005941574 23811.31
0.002139498 22770.45
0.002734898 22238.96
0.006891712 23226.8
0.002031781 22619.79
0.008670933 23188.37
0.02117 21326.71
0.02607071 20714.99
0.0155986 21720.24
0.002633729 21009.85
0.001153114 21429.86
0.00739721 21572.82
0.007296825 20702.74
0.007970623 22484.2
0.001804417 23044.44
0.00444325 23418.62
0.002932204 24244.05
0.003331497 22945.22
0.00664588 24346.15
0.004701736 23793.12
0.01515013 24684.7
0.002807522 27050.88
0.009234539 24817.62
0.006305282 25307.77
0.00594415 25269.66
0.006717016 25824.5
0.005710808 25951.83
0.002532165 26962
0.006353889 28595.75
0.002980943 29586.61
0.004994814 29835.8
0.004444284 31795.42
0.007898633 34452.01
0.0129732 33279.82
0.007104688 31598.07
0.007567056 32632.44
0.00720876 33291.31
0.008219324 34806.55
0.01806516 34527.16
0.01441455 33974.97
0.01252295 35048.53
0.004634329 34271.38
0.005011043 34802.55
0.005740664 34360.71
0.00584569 35619.1
0.004712849 36067.96
0.003040377 34000.94
0.003900036 34994.39
0.002672537 36589.32
0.0008926221 35284.75
0.004108589 34975.67
0.007221082 31156.89
0.01405474 33572.36
0.01291907 36582.02
0.01313059 36082.18
0.002475704 35550.83
0.003402816 33447.62
0.008467556 33986.01
0.003079238 32163.27
0.005346344 33116.08
0.0003174761 29622.61
0.002186582 30054.35
0.005248288 30899.9
0.00359981 32454.25
0.004733035 32456.64
0.002646348 33781.65
0.00485066 33772.26
0.004087493 31794.23
0.005827028 32753.56
0.003180204 33154.22
0.00355845 35944.21
0.001334664 34775.26
0.003858094 35046.55
0.001185853 34379.17
0.007512037 31246.31
0.003312472 34223.58
0.002591184 32731.76
0.0004543418 32503.13
0.001482256 34462.55
0.008663456 33617.5
0.00787089 35053.03
0.01490106 34989.28
0.005189234 32004.53
0.0007269043 34494.16
0.001023539 34750.88
0.0003013545 33311.43
0.0008479014 30023.91
0.002156616 30275.18
0.005791383 30146.49
0.006442226 30577.98
0.005446437 31378.53
0.008057339 28078.23
0.007747717 29203.01
0.004608425 28479.35
0.004902579 27623.53
0.009678045 28875.55
0.02041924 27853.1
0.01690617 28518.45
0.01186093 26922.43
0.006958925 25949.25
0.0009811652 26339.38
0.001599124 25318.54
0.001895225 22749.99
0.0006786401 23262.48
0.0005822206 24345.7
0.007923394 21622.15
0.002916575 23988.19
0.001879088 24842.5
0.001010881 25584.69
0.002025187 24229.2
0.004587398 25001.95
0.005629914 25161.37
0.01044428 24689.31
0.01782517 23307.96
0.01330618 24129.66
0.01718656 21546.5
0.01327097 22731.28
0.01844208 23049.7
0.01571946 26191.11
0.02653197 24210.88
0.02375422 23785.1
0.009509808 22990.46
0.0153989 22394.48
0.01159741 20698.97
0.01246493 21607.75
0.009659999 22382.72
0.01068511 24313.87
0.01230129 24416.36
0.009069657 22094.99
0.01157347 20810.39
0.002220647 23602.19
0.01470828 22972.52
0.009927155 20652.36
0.01227373 21593.48
7.355799e-05 21460.53
0.00263809 21454.03
0.00383356 19541.8
0.0173209 19735.94
0.01628109 19048.63
0.01648842 18983.83
0.009950195 19719.12
0.008452657 20735.13
0.003451722 19376.02
0.001301934 20259
0.006297019 19963.92
0.005124629 21658.68
0.002248435 22942.89
0.004185756 21544.45
0.007624326 21250.15
0.004545458 20105.45
0.004138407 21143.97
0.00299755 20821.25
0.007667019 21246.07
0.01548795 21606.16
0.007529292 21434.69
0.00749864 21969
0.01078405 20659.58
0.006875972 21452.13
0.01433186 21163.64
0.01450285 18704.12
0.01836738 17533.24
0.01964656 17704.5
0.01574445 16568.13
0.002576358 17244.12
0.005342773 16828.16
0.00145594 16579.85
0.008980644 16140.18
0.02626437 16774.79
0.01656742 17023.59
0.01223199 17326.46
0.003754035 17376.74
0.005477578 16413.81
0.002216382 16292.56
0.01338858 15875.34
0.007818494 15849.94
0.003630421 15383.43
0.01396955 16885.34
0.008700983 17279.01
0.007032306 17273.54
0.01555119 17146.82
0.009576356 16236.33
0.01889633 16107.81
0.009686621 16250.28
0.008897377 14810.83
0.002743949 14402.13
0.007682963 14859.1
0.003397444 15767.01
0.007283699 15143.97
0.005794316 14999.49
0.003090446 15420.21
0.006404278 14466.48
0.00722186 13521.23
0.004845916 13521.49
0.005189547 14183.88
0.00847684 14530.26
0.0108738 15277.65
0.009898103 14216.28
0.005180571 13646.44
0.0001836752 13184.7
0.00224514 12401.81
0.009775175 12561.56
0.002688249 13617.51
0.008275745 13228.6
0.006955285 12796.45
0.01108072 12116.09
0.003432346 11150.48
0.004794652 10841.39
0.0003527306 10538.49
0.00333502 10408.49
0.0009785177 10063.64
0.001422283 9720.933
0.000280173 9944.863
0.0030989 9490.709
0.005225482 9550.521
0.01380998 10110.92
0.0119345 9572.144
0.007861317 10191.45
0.004766456 9637.55
0.005597862 9845.481
0.004570434 10158.47
0.01395192 10271.32
0.006695303 10139.34
0.01863563 9115.317
0.01404265 9328.464
0.02213267 8372.273
0.03444379 8052.94
0.02325407 7797.476
0.02523035 7377.962
0.01094949 7550.621
0.004929405 7766.103
0.01139297 7435.505
0.01436354 7584.539
0.02984417 7883.101
0.03880803 7518.244
0.03051829 7599.365
0.01975976 7711.944
0.01887751 7025.627
0.03709441 7045.006
0.05022583 7314.312
0.05246252 6956.837
0.03673295 6767.166
0.05572281 6819.659
0.04304334 7305.547
0.02629919 7130.41
0.02038798 7142.484
0.009739573 6798.167
0.005559144 6503.218
0.001744639 6156.774
0.009721997 5993.691
0.009889625 6078.488
0.008796094 6083.627
0.0145271 5683.133
0.01654582 5986.429
0.01660517 6010.721
0.02690786 6439.605
0.03062596 6306.919
0.03695411 6686.537
0.01275124 6671.74
0.007973723 6983.655
0.006341774 6792.916
0.01401632 6685.703
0.01073864 7055.783
0.01576599 7010.612
0.008253996 6386.902
0.007942749 6218.863
0.01874985 6312.69
0.01922447 6060.306
0.0340292 6406.314
0.04550627 6192.568
0.03723703 5929.655
0.0297686 5603.319
0.03022531 5561.377
0.0381397 5325.701
0.0582861 5339.578
0.05201685 5279.511
0.04774807 5113.764
0.06702254 4994.755
0.05410015 5172.349
0.03796576 4790.729
0.0326129 5084.114
0.03179359 4966.612
0.01932131 4755.917
0.02481393 4519.154
0.03794609 4222.04
0.02329626 4392.233
0.01247761 4369.36
0.003990431 4324.619
0.004766898 4624.302
0.003071915 4798.323
0.01090271 4407.475
0.01622923 4265.087
0.0103492 4374.798
0.01405553 3962.755
0.01668372 3966.831
0.007241824 3925.108
0.003669685 4116.034
0.009924459 3990.004
0.002365052 4324.948
0.001589952 4280.576
0.01142537 4506.974
0.01427519 4977.135
0.01776564 5024.669
0.04213301 4775.64
0.03792882 4497.181
0.05627854 4273.116
0.05640792 4158.923
0.0561959 3958.932
0.07230027 4139.608
0.06791494 4306.586
0.0645379 4088.849
0.1016491 4602.439
0.1026119 4623.557
0.05973205 4653.578
0.02983132 4308.217
0.02676359 4464.824
0.01056054 4153.182
0.01314146 4445.14
0.01581756 4381.721
0.004907399 4361.077
0.01032803 4266.153
0.005183412 4281.522
0.0128782 4011.843
0.03468016 3984.059
0.03750383 4201.526
0.05679241 4351.197
0.03606146 4461.447
0.02083992 4676.866
0.03299677 4670.153
0.05305008 5052.983
0.04380995 4954.715
0.06530793 4705.983
0.06268696 4528.1
0.07038988 4406.619
0.05225984 4343.291
0.01931153 4334.411
0.01916038 4378.084
0.01950877 4496.702
0.02698254 4255.555
0.03326834 4026.482
