probIn varB
0.01871761 974.2887
0.01423239 1007.908
0.01599777 996.6549
0.02504966 878.3766
0.0112125 879.8799
0.01228442 852.7304
0.008085157 875.7944
0.005401719 1040.797
0.009800049 834.723
0.001225349 886.2258
0.008641073 905.4452
0.009245691 971.7273
0.006962509 847.6235
0.01475788 888.692
0.01652362 932.5904
0.009530937 925.0315
0.005778013 869.1783
0.005842051 905.5263
0.01219839 1052.066
0.01124705 958.6339
0.008991144 958.5188
0.0097359 976.2068
0.01189479 923.6985
0.004275451 821.1064
0.007800051 792.4366
0.01149145 729.3798
0.005268679 754.1904
0.01268333 752.234
0.01476682 781.9089
0.002005428 624.0948
0.01061248 632.6288
0.003845119 607.6112
0.01000889 798.8875
0.0005001029 817.2555
0.004544838 867.9191
0.006082628 755.181
0.006529117 753.9762
0.007741412 755.2992
0.01521536 748.6496
0.01795601 776.5735
0.02113061 932.805
0.01084663 845.2753
0.01995741 703.5056
0.01605243 766.8612
0.01978792 804.1685
0.02366285 741.4467
0.02371277 885.0254
0.01982953 731.6927
0.01113215 677.7198
0.009813561 633.6976
0.007324325 528.9942
0.005832161 638.6128
0.02402498 619.403
0.01839713 646.9978
0.01404872 693.7824
0.01507014 579.703
0.019284 553.0266
0.03336232 595.302
0.02234987 580.9926
0.01650933 517.0404
0.02390555 572.6069
0.01935561 516.7803
0.02988672 466.4125
0.02631898 509.0081
0.02760221 546.3203
0.01557228 605.9597
0.01136782 661.6342
0.008091312 608.3307
0.0108493 559.0146
0.03689907 503.8151
0.01664376 723.1048
0.01841913 724.9887
0.01056024 580.2628
0.01023038 552.2576
0.01243133 460.5122
0.01855499 400.0837
0.01282587 477.7649
0.002481714 436.8792
0.01516479 568.5775
0.01418426 521.9189
0.01716148 539.0684
0.02636272 491.2424
0.03649455 490.2509
0.02632478 594.9136
0.03125703 565.3357
0.02404957 704.6664
0.02205853 591.934
0.004292407 574.3992
0.01288353 633.4523
0.01453609 658.6583
0.003891804 774.0155
0.003073349 803.8244
0.004158766 832.1239
0.004130403 853.2018
0.008056455 841.8183
0.007580112 909.6409
0.006152422 940.394
0.01069028 994.2153
0.005815511 900.9704
0.00755226 766.1675
0.00992142 717.8784
0.01912722 650.5375
0.01569306 681.8177
0.01124936 563.5546
0.004577601 588.6132
0.008298317 496.8168
0.005006425 483.633
0.01096426 365.8371
0.02162305 381.7803
0.02345084 346.9542
0.01792537 356.311
0.01339141 378.59
0.009146633 367.2257
0.02130103 358.0885
0.01696955 388.9943
0.0103252 396.9452
0.001816428 410.2164
0.004097612 426.2491
0.01051947 339.2435
0.01481345 290.0765
0.009633082 272.5023
0.02023591 307.6784
0.02985281 232.6874
0.02647787 207.196
0.05531506 192.6318
0.08133397 164.9932
0.1039799 147.4015
0.08250218 152.6523
0.04630712 163.3617
0.04386969 140.3795
0.03267443 125.5523
0.01623796 131.0037
0.01106486 144.796
0.01617232 143.4825
0.02618761 131.8933
0.02149829 118.1099
0.0331493 100.3881
0.02158748 91.76478
0.02593643 90.44549
0.04586764 105.5492
0.05441282 97.67313
0.0925484 81.34854
0.1022742 83.06984
0.1006101 92.49906
0.1238956 96.60389
0.126336 107.6935
0.1120883 105.9373
0.123966 110.4369
0.1082396 93.95389
0.09179498 98.24854
0.06224183 104.1843
0.04271865 113.2957
0.04612122 97.46245
0.03524465 100.9286
0.03913659 105.9314
0.01437944 134.9931
0.01112121 116.5754
0.02759401 103.4032
0.02447616 108.2973
0.02743482 109.3502
0.02467878 114.0232
0.02671242 134.7536
0.02847922 159.2764
0.03353881 174.1352
0.05574861 150.2077
0.03684106 179.0904
0.04369258 197.7938
0.04372988 226.9439
0.05761004 252.5647
0.04919813 274.9663
0.07014882 297.9733
0.05215592 299.9171
0.04255242 293.8784
0.02705599 272.6815
0.03563729 325.2589
0.01936121 291.9944
0.03253788 279.0735
0.03325376 247.2771
0.03851058 251.521
0.02632355 241.796
0.01781165 223.3205
0.02197824 262.8037
0.02882338 225.4365
0.02246731 191.823
0.02355702 214.5738
0.05297412 224.2511
0.05321282 220.6104
0.07315437 210.3219
0.08272554 206.1428
0.07987715 173.8472
0.04993384 203.2505
0.05349628 209.155
0.03196856 204.6478
0.03521991 227.0368
0.02576938 233.9836
0.02461878 248.1066
0.01823762 245.6006
0.03649162 273.3396
0.04757356 230.6525
0.05151286 226.8672
0.03032453 225.2772
0.03426234 209.2148
0.02637078 187.905
0.02887508 234.5794
0.0301335 207.2178
0.03844586 172.9506
0.03790874 172.3783
0.01302839 199.2011
0.01718277 196.5403
0.02681006 232.4895
0.04123472 178.1405
0.02569181 204.5188
0.02390147 220.3525
0.02766914 206.4288
0.02070148 170.9956
0.02819647 183.1038
0.04370246 185.0441
0.04673395 207.8052
0.04408986 232.2479
0.03271262 261.0583
0.04607836 274.3241
0.04528122 211.9439
0.05033534 233.1227
0.04759953 256.7901
0.04830196 206.2333
0.04542332 222.1934
0.04373701 202.7789
0.03518233 179.8571
0.04361955 158.7104
0.04785411 159.3782
0.05828418 177.1925
0.05291553 157.2088
0.0594315 164.7915
0.05983365 166.7483
0.0686933 160.6609
0.04816095 165.1809
0.07063134 210.2366
0.1137766 182.3289
0.1280648 190.5688
0.1079016 173.3038
0.1045204 162.3483
0.1153339 135.3065
0.1291674 142.2701
0.1034933 155.4515
0.1069518 140.1971
0.09552899 153.3882
0.07603434 140.2935
0.1323026 139.6492
0.1015506 142.3408
0.07266209 162.1078
0.08405688 155.8328
0.1056725 162.3798
0.1311654 149.8188
0.1277322 141.9013
0.1096763 162.148
0.06158604 166.0017
0.04750816 147.8484
0.01732759 184.5374
0.009730608 176.1451
0.009108762 153.7087
0.01504812 151.1113
0.01718008 151.3162
0.02773951 167.3715
0.0298845 170.3269
0.02458384 191.9651
0.04985141 195.2261
0.03731402 207.2922
0.05886182 212.9169
0.03107075 221.0327
0.03950604 202.4776
0.03957303 272.7895
0.06963097 273.858
0.06557368 267.8138
0.05659639 240.0404
0.06842379 266.4528
0.06383803 297.4674
0.06293036 295.5732
0.04764254 269.2445
0.04628887 227.5298
0.04136647 234.1928
0.04492774 198.8364
0.0341071 199.47
0.04065901 164.4922
0.04255845 202.2755
0.03987364 223.3381
0.03120922 224.1999
0.03965255 234.2494
0.02292047 227.2395
0.02389429 212.409
0.03388187 204.1633
0.04371159 241.4706
0.04172894 281.4326
0.0554027 253.0536
0.04577654 275.9241
0.02970975 216.8844
0.02443389 224.4725
0.03617601 214.3566
0.03322117 211.918
0.04703354 216.0718
0.04222697 174.5895
0.03923626 216.6838
0.05608083 183.052
0.05687569 172.2852
0.08420209 178.5948
0.06958008 210.0389
0.07964059 180.7596
0.06487758 181.0087
0.05054856 198.7176
0.04532298 187.681
0.03172703 147.4449
0.04641414 162.9756
0.05529619 159.0219
0.04693067 157.4832
0.0291149 143.8922
0.02800672 144.2853
0.05217842 158.453
0.061011 154.2671
0.05975741 136.0386
0.04831763 132.6898
0.03413806 123.0151
0.03535035 126.3409
0.03633529 123.9357
0.05386486 117.8179
0.05549743 117.9537
0.04471324 104.1284
0.02947778 101.1329
0.03595714 130.9785
0.03428142 131.4593
0.04914532 135.8726
0.06034173 149.798
0.06926356 159.884
0.05974644 138.3756
0.0597987 129.4266
0.07359546 146.9681
0.05986293 159.3924
0.0622291 137.5748
0.09754368 125.6483
0.1001034 128.4088
0.1058019 148.2327
0.08761043 135.8967
0.07484089 101.1265
0.09223244 88.8825
0.098768 94.82313
0.07342998 115.3319
0.03022111 129.3126
0.02932387 135.1073
0.03618288 134.5944
0.04420585 123.9215
0.03019537 114.4825
0.0340964 146.47
0.0413745 135.8024
0.03949876 170.6444
0.04128986 173.8543
0.04647249 165.2045
0.06356511 150.1547
0.08780082 147.8955
0.06913369 194.136
0.05482892 240.4843
0.04522629 245.7258
0.06410613 215.1528
0.05572206 207.3863
0.05798849 211.7827
0.0428137 204.2335
0.05812624 243.109
0.0433784 261.7657
0.05822973 243.3714
0.05977495 257.0927
0.04538127 244.1106
0.04695123 226.8915
0.04843801 253.2599
0.06289182 240.8676
0.05911487 273.4649
0.03970633 269.1716
0.06650365 240.2846
0.04394952 231.5094
0.02792779 245.3144
0.03740404 264.8112
0.03214727 262.0728
0.04851155 245.8896
0.04557723 259.1441
0.05155867 268.9926
0.06324323 247.2914
0.05516559 214.2821
0.0503397 233.5525
0.04202233 243.9983
0.05770206 254.9458
0.08221287 233.5294
0.05559133 199.6969
0.03312416 229.9881
0.02618751 206.1706
0.02270375 178.7578
0.01131972 152.2062
0.004888143 205.6615
0.006167153 222.4008
0.01676702 217.7811
0.04614966 203.4274
0.03349343 200.1739
0.04520935 195.4965
0.03903184 181.7945
0.05774954 213.571
0.05107667 218.3502
0.06797951 208.0349
0.05997231 183.7577
0.04842912 142.7084
0.07267514 164.0323
0.1000286 134.1379
0.1034973 145.6181
0.08723929 140.7266
0.09893608 144.0091
0.08035404 132.4245
0.07678579 127.8402
0.1024905 140.9527
0.08528469 152.7854
0.07132266 138.2426
0.07560048 161.3282
0.0959376 179.5108
0.07920368 197.7505
0.06557956 217.1271
0.06996689 215.5863
0.08810603 169.8118
0.08550348 149.5608
0.06606383 161.3979
0.08502708 180.5034
0.07316797 182.0708
0.09496673 166.0213
0.06241008 166.0668
0.06761681 167.207
0.06902697 190.2057
0.07793636 170.0592
0.08703675 152.7276
0.08932095 139.6786
0.07805187 122.2598
0.06095743 140.9187
0.0573206 176.7594
0.04768012 164.9249
0.05762038 176.6318
0.06817465 173.4239
0.06988719 194.527
0.05484834 189.5618
0.06665983 219.071
0.07789304 243.9043
0.05395339 223.1553
0.04637747 207.3624
0.03238482 213.086
0.02620892 219.3906
0.05503328 239.8084
0.04338089 237.5987
0.04981503 223.6729
0.03479861 234.9039
0.02985231 248.1213
0.03863497 238.5312
0.07651833 298.4933
0.09345592 252.2108
0.08345521 211.5654
0.06251941 196.6626
0.04678267 196.5501
0.04545866 215.8211
0.02811283 208.1817
0.04619167 233.2802
0.03219274 295.5283
0.03263435 308.494
0.03877993 317.772
0.01925285 329.9895
0.01874037 327.9798
0.01045785 311.0191
0.03096209 299.0217
0.03337369 287.1652
0.04930867 236.6363
0.04707464 213.5002
0.05671278 206.6494
0.04122957 228.3865
0.03598258 255.2645
0.04396726 283.7748
0.03825627 246.0282
0.03061282 288.0258
0.01685858 234.9827
0.01321115 220.1942
0.008296413 238.59
0.01008706 234.3938
0.02092053 179.5856
0.02735115 186.9071
0.03691448 207.919
0.05128779 181.2126
0.05742732 199.1025
0.05952603 200.45
0.05970247 172.1233
0.07216235 135.5283
0.0666966 142.4967
0.08386423 153.4736
0.1109398 162.5052
0.07130325 157.6493
0.07978604 161.4265
0.04945635 158.2111
0.04195467 147.6597
0.03180953 136.4741
0.05142786 124.1857
0.02828553 116.087
0.04522341 118.8552
0.04325923 120.5829
0.05702828 129.7329
0.02759197 141.5847
0.03695814 143.7066
0.02151298 131.8541
0.02389854 141.284
0.02062688 146.0898
0.01303502 171.1112
0.02219186 167.7923
0.02417903 142.366
0.03114058 150.1087
0.02658364 159.0487
0.02145418 180.9474
0.02147444 182.4968
0.02766226 160.6146
0.01242452 157.4405
0.01982231 130.2742
0.02398899 119.8983
0.02102647 121.0673
0.0400018 127.2077
0.02531123 112.5007
0.04170156 125.293
0.04328348 138.8082
0.04639359 136.5825
0.03306129 133.2736
0.04672168 133.7967
0.05824285 164.143
0.06771804 184.5991
0.06241006 208.713
0.02703104 200.701
0.02182453 233.2895
0.02316099 203.5016
0.02126273 195.0983
0.03591076 227.7457
0.03420517 227.7768
0.0375653 199.5228
0.05402782 200.1918
0.06054791 197.4642
0.1006488 200.2789
0.09412275 183.0212
0.06619834 169.7429
0.07111774 183.8382
0.06758834 177.4002
0.05434634 223.7843
0.07194341 231.8863
0.06211302 239.3619
0.04208585 262.5472
0.06122164 302.6641
0.07844517 267.5984
0.09066903 285.2635
0.05905142 261.0416
0.05553088 271.3777
0.0451518 315.2926
0.05045593 332.3755
0.06895759 267.7991
0.0628207 282.2016
0.04712427 265.7082
0.07295681 262.4232
0.07467055 247.2581
0.06716092 263.4284
0.05978713 240.1449
0.06100956 205.8534
0.04694796 195.7757
0.05601475 184.4882
0.02998138 204.8928
0.05251498 214.8617
0.05877715 250.3565
0.05871387 247.7621
0.08140342 238.9017
0.08453429 201.477
0.07876095 181.9215
0.06407188 163.9841
0.09542571 148.198
0.0931711 124.6167
0.09026245 122.7627
0.0778678 110.9918
0.06788016 103.2095
0.05922806 111.3412
0.05247598 127.6417
0.03191354 144.0086
0.02361281 147.204
0.03142757 132.3831
0.04990285 128.6362
0.03276351 126.2928
0.0362873 141.0722
0.009431362 151.1143
0.01423232 147.9554
0.01904573 160.4639
0.04778428 145.8933
0.02870092 142.1244
0.02666992 131.5645
0.02885175 130.9652
0.02493651 128.502
0.03471463 138.3601
0.02653459 157.4263
0.038007 140.1856
0.0404962 117.4103
0.05081854 115.561
0.05848037 113.7182
0.05042177 109.9888
0.06924717 125.5515
0.07327652 122.043
0.05402025 116.7593
0.09387531 126.2165
0.04993026 140.3356
0.02890388 139.8102
0.0224411 133.8325
0.02813371 135.557
0.02640419 166.072
0.03650916 170.8529
0.0461589 147.8114
0.03373339 163.1778
0.03914215 156.8657
0.05263987 138.5494
0.05644475 140.8217
0.0296118 153.2935
0.0379115 170.7326
0.0509806 158.485
0.1035866 187.2404
0.1062008 175.5565
0.088961 188.232
0.06334563 193.6208
0.05942586 150.9428
0.04247935 154.7063
0.0457673 150.3816
0.03787476 175.5381
0.03186953 165.3029
0.03704177 180.8203
0.02685106 177.4695
0.03239353 194.7599
0.02421717 191.8171
0.01463724 200.6738
0.01802251 201.7404
0.02785747 234.8367
0.04337736 262.1747
0.02583922 287.236
0.07309172 235.6576
0.06367569 256.248
0.03865549 272.2132
0.04023567 286.0525
0.04337892 251.1548
0.04004221 294.9779
0.04551386 227.9859
0.05319083 176.1659
0.06064987 162.141
0.04526117 147.5525
0.04843446 161.2827
0.0210124 152.4467
0.02527056 146.1744
0.02808883 154.7869
0.03580872 135.4484
0.02731928 138.4063
0.01241958 118.0975
0.01475743 129.2052
0.02501378 128.525
0.02372352 123.1769
0.03087175 135.6288
0.01620162 144.6797
0.01361601 153.8819
0.01557267 139.5147
0.01014665 158.4633
0.01126405 166.7514
0.02647413 124.9136
0.03710191 136.8292
0.03724824 168.3017
0.05278277 178.1651
0.09237216 170.8973
0.1350062 149.9203
0.09509857 153.0589
0.0828943 148.7552
0.06212428 160.2061
0.08628847 142.0706
0.07191493 155.768
0.103217 148.4932
0.1146031 146.3736
0.1263857 141.1232
0.08085188 127.4079
0.09458093 150.8886
0.09407059 165.9201
0.06900456 162.9561
0.08039705 177.2822
0.07839021 141.8576
0.05874254 146.993
0.06743711 150.223
0.07350635 136.1771
0.05433267 125.0431
0.06473122 117.7429
0.05321523 105.4271
0.08078269 105.3017
0.1098144 122.9808
0.1050993 117.801
0.1204416 101.2012
0.1164737 120.4112
0.1159876 133.1704
0.1064539 116.2621
0.1070289 122.0598
0.1145367 131.911
0.07704762 152.4618
0.0667819 156.1465
0.05982933 194.8145
0.07279251 215.7333
0.07279266 216.5474
0.0526406 305.4814
0.03823042 303.0309
0.05093406 371.1532
0.06352586 331.4749
0.05848937 399.7577
0.03927755 371.1216
0.03375038 374.3085
0.007838127 315.4639
0.01159951 377.2654
0.02830345 332.458
0.02699858 250.9311
0.03046644 265.0367
0.03348903 256.6632
0.02713644 239.8829
0.02033523 214.3438
0.01608063 202.7507
0.004846191 220.5863
0.01328519 165.0906
0.02254006 146.2709
0.02450387 142.4488
0.04241619 145.7792
0.05198634 137.1143
0.02787706 156.7026
0.01606592 154.0853
0.009663116 150.8877
0.01458648 144.3999
0.009277086 147.6103
0.02427328 179.1091
0.02239945 141.1691
0.02021436 125.5393
0.03533584 117.2941
0.01682984 115.3127
0.02760075 119.8805
0.04879669 122.5271
0.03240553 123.7871
0.03016418 132.3034
0.02487409 135.9716
0.01093469 131.5379
0.01173265 143.6907
0.01130397 154.5344
0.02043064 173.5923
0.01648849 157.0074
0.01860255 145.2032
0.01510468 123.6123
0.02407068 121.0847
0.04475775 137.6697
0.08096773 118.0755
0.02893401 104.9863
0.02917812 104.8881
0.01927007 100.0565
0.02855328 109.6811
0.02427053 115.0942
0.01577964 119.4231
0.015881 123.3732
0.01906545 116.5768
0.00500158 128.3079
0.005536391 105.1165
0.02460009 146.6843
0.03051372 136.0095
0.02670555 186.69
0.02340524 208.8859
0.01872325 229.3808
0.04345459 251.2062
0.0225235 322.9711
0.03208133 373.0594
0.02503849 454.0154
0.03350892 396.2361
0.02806921 342.4515
0.03083527 291.6479
0.03180352 295.6407
0.03919001 270.2435
0.03191244 271.7781
0.03267819 256.382
0.03913764 265.9486
0.05282252 202.6788
0.07266636 203.8825
0.07278232 203.1603
0.04632897 228.2558
0.03511792 238.2916
0.03448403 219.201
0.02849371 187.6793
0.02714328 196.4713
0.02419335 181.9897
0.02927158 175.1121
0.02219851 165.8075
0.05137291 151.2897
0.06381489 159.8581
0.0758323 123.1764
0.07287607 130.1663
0.06273943 122.708
0.06581375 114.6951
0.04813027 91.93017
0.07324474 77.77013
0.08917769 77.47792
0.07228619 71.68897
0.03967849 68.91917
0.05105586 75.29036
0.05694196 72.95108
0.03327651 78.27536
0.04994236 84.61708
0.0548044 82.27906
0.03643971 84.7019
0.02546987 84.38064
0.0220725 84.62716
0.01689143 88.72271
0.01370399 92.5815
0.01036119 93.232
0.008740312 85.46403
0.02679534 85.78207
0.04681704 90.41789
0.06608232 89.06484
0.06665062 89.3323
0.06093781 75.39895
0.04720876 82.81299
0.07713038 71.67403
0.05415439 72.42333
0.07792986 65.41185
0.1202326 65.91765
0.143808 71.92465
0.1217041 73.05601
0.1034001 75.16488
0.1033406 70.37424
0.1092287 76.30099
0.08355084 73.58851
0.08952704 79.94509
0.09977713 83.17046
0.08595492 74.16201
0.06600885 83.53702
0.09552515 60.16274
0.08707934 69.66366
0.118323 82.75145
0.09032175 95.2322
0.06498274 95.89148
0.03748461 107.1298
0.01836311 110.3163
0.01641901 113.4364
0.03228243 105.9019
0.01970886 103.4679
0.0242607 113.445
0.01602675 103.8872
0.007899335 94.92646
0.008885486 105.9766
0.01029191 90.32461
0.006160929 88.24564
0.002771912 92.02113
0.008893563 79.07466
0.0158643 86.06978
0.0199521 90.26961
0.04546666 80.64531
0.05325422 84.28295
0.06192219 98.79273
0.05520532 97.57693
0.07763449 124.9246
0.09345699 113.9308
0.09972683 120.2034
0.09979624 101.9214
0.06516692 92.5673
0.06539913 120.3395
0.0833744 112.9285
0.0731856 116.4
0.03883162 137.0968
0.0451569 159.2402
0.0191106 146.7978
0.01902014 143.7808
0.03718355 170.3864
0.02417646 176.628
0.03613182 154.7968
0.02752653 117.2873
0.02514121 130.6827
0.01422207 138.2839
0.01564967 166.4217
0.02743587 162.4942
0.03733046 178.9824
0.02777889 161.3055
0.03265301 171.0646
0.02160226 176.0586
0.03973119 185.8163
0.02848551 199.8739
0.01801012 246.9205
0.03036028 281.7393
0.0252291 255.1077
0.01691578 248.5533
0.02218154 200.0437
0.03242935 179.4342
0.03275205 178.5609
0.03549396 189.6728
0.04707698 210.3381
0.03691062 207.0929
0.02637828 182.6664
0.03104112 189.9159
0.04269146 174.3186
0.04395959 195.8634
0.02853965 221.9316
0.04326358 187.0374
0.04447082 153.8252
0.05775791 151.6812
0.07112176 146.9442
0.06191825 139.6434
0.05161118 121.587
0.06438568 101.2481
0.07161182 111.7693
0.04584715 104.86
0.03340191 105.7339
0.01539173 120.1221
0.008698961 102.301
0.02143046 112.6652
0.03290927 129.4441
0.0553064 145.7405
0.05454744 135.9407
0.03733931 157.3393
0.05731565 155.6567
0.03945211 168.7208
0.05862865 132.5601
0.06519181 138.3934
0.08505821 111.2334
0.06949859 109.2773
0.04430968 118.5638
0.04971106 123.8636
0.06900288 115.4666
0.07898085 98.74809
0.08097185 94.57567
0.04982444 91.00683
0.04873291 78.31068
0.06143713 90.03876
0.07136838 97.78809
0.0640423 97.54904
0.04116086 91.38895
0.03248545 91.60323
0.05010705 104.3506
0.07057712 121.3325
0.06144733 111.8518
0.04510516 109.8444
0.03084125 100.0434
0.03192303 99.88743
0.06414908 83.04812
0.06723916 87.89632
0.04111331 93.75161
0.0416963 99.92255
0.01760759 106.3871
0.01383044 102.8078
0.01440117 99.92323
0.01457284 106.2018
0.02549878 130.2364
0.02572336 144.428
0.01473411 131.7587
0.02381547 145.5673
0.02575853 146.6157
0.01883211 137.5713
0.01604504 123.0516
0.01755203 135.3689
0.006238874 156.32
0.01738002 160.2793
0.0244394 144.213
0.02044395 136.9844
0.0485444 136.2483
0.04270943 126.4997
0.04962096 142.7534
0.06818877 138.6391
0.0639482 168.628
0.08370733 157.8557
0.1089269 154.9859
0.09565197 161.234
0.1052935 169.0852
0.1210076 166.7721
0.1066967 180.7177
0.1148886 163.1944
0.08344015 158.5868
0.05308683 174.2159
0.07188521 181.9315
0.073173 155.264
0.05639539 164.1755
0.04692387 149.1008
0.06156617 143.2665
0.06279035 161.1437
0.07360773 143.7001
0.06933744 140.2025
0.05404726 158.4182
0.06300895 169.2978
0.04141861 164.2254
0.0487508 168.4236
0.04575013 175.2664
0.04084108 183.8599
0.07021749 170.9916
0.07612637 151.9594
0.05257141 151.4141
0.06148133 171.6736
0.04444342 182.32
0.04100986 191.3426
0.06016852 171.1232
0.02919055 144.233
0.04877114 143.9182
0.03589468 131.7775
0.05782651 162.9123
0.05839902 184.0644
0.03927279 186.478
0.05399338 196.1611
0.02892915 205.308
0.05424859 204.6615
0.04567774 215.5529
0.06171021 192.8292
0.07045967 184.1389
0.05824248 154.1017
0.05375365 142.0815
0.07095709 178.6964
0.0409817 157.9892
0.07725803 145.2633
0.09218828 123.4349
0.1095453 130.4255
0.09489733 131.3218
0.07735036 139.6763
0.05449475 139.295
0.0711238 141.7297
0.07140589 154.5843
0.1007363 132.4568
0.1217968 131.3767
0.1049969 118.7433
0.1054778 125.3842
0.1301845 131.7465
0.1292646 151.551
0.08288939 152.6657
0.09730833 172.9114
0.07836659 177.6296
0.05624283 231.802
0.04145388 225.475
0.05034309 226.8336
0.05087282 180.9479
0.06154629 170.9605
0.04755307 200.4209
0.03803859 188.9206
0.03561131 184.8017
0.0304322 220.9772
0.02786579 209.1793
0.02400297 236.2738
0.02804309 248.5232
0.02332358 213.3885
0.02534611 218.9473
0.03122455 251.8221
0.03001504 237.6974
0.02658718 221.1392
0.01577297 232.2987
0.02184379 265.2467
0.02000001 262.854
0.03066454 241.7634
0.04048029 233.1373
0.03877768 187.3152
0.0448664 197.9908
0.0399865 256.4033
0.02202 252.7619
0.04251259 244.3668
0.03684654 249.7959
0.02769339 287.2515
0.05120099 212.4682
0.03876886 209.6413
0.0580109 200.0054
0.06301298 200.0014
0.06918291 212.9386
0.05120364 207.9644
0.02869294 170.3311
0.02006355 196.5173
0.02066515 222.9271
0.01573361 206.0733
0.01954318 212.5681
0.01383824 212.6716
0.0102834 171.3259
0.0182196 226.7743
0.01405216 265.3789
0.01853213 296.5584
0.0150584 287.8104
0.01538977 246.3894
0.02232272 282.5744
0.03591728 313.2674
0.02961292 324.1993
0.02922399 402.3754
0.01713677 398.7555
0.01246397 341.29
0.03348781 310.4448
0.04143798 252.725
0.0366195 297.3421
0.03543154 359.5107
0.03821218 321.5527
0.05792274 270.0637
0.05220677 262.8015
0.03006905 274.4811
0.0244615 325.9515
0.02992589 278.6222
0.02619008 262.0139
0.03234133 240.7536
0.03866598 260.4877
0.03472754 285.9399
0.03802021 288.1516
0.04331927 305.4247
0.02203642 319.8071
0.02585021 319.2125
0.02998862 258.425
0.04727522 255.5871
0.03125873 262.7901
0.02045606 290.1078
0.03081594 273.8529
0.03880465 295.2859
0.06757482 298.037
0.0505676 263.8162
0.03794142 230.122
0.08155776 197.8903
0.07453243 174.6795
0.07325252 148.1009
0.07991481 126.7353
0.08892083 124.6201
0.07686813 126.8523
0.09530472 141.7749
0.08415743 146.7434
0.09174275 161.7917
0.0855899 160.3193
0.08433266 143.7818
0.07588915 181.8629
0.06893381 172.8299
0.06187024 160.7386
0.04329939 151.189
0.04908997 172.5554
0.06186225 185.7591
0.07445036 180.4805
0.07754736 174.464
0.09172372 181.561
0.07396868 170.522
0.06591819 158.4273
0.04803447 190.439
0.06804586 207.8329
0.09945601 194.353
0.08372463 185.9408
0.1114221 222.0577
0.09802145 234.0846
0.1072255 233.1208
0.08648906 277.5098
0.07285802 294.0172
0.06488781 247.3919
0.07204651 247.0371
0.063291 285.9516
0.04987485 288.0806
0.04640853 279.5058
0.04380745 206.0698
0.04526148 191.4873
0.03325977 198.3053
0.03112865 188.014
0.02781592 170.4249
0.03153799 182.3426
0.02589262 176.8625
0.04160226 210.4825
0.06041581 225.1743
0.04552634 202.0559
0.05244521 205.3325
0.04382049 227.3155
0.05912617 232.3063
0.02716337 282.2807
0.02366026 314.9042
0.01366586 305.5691
0.02353782 276.192
0.02276242 248.81
0.0149234 265.0819
0.01354956 251.5761
0.01794007 224.3768
0.02148141 234.7608
0.02218403 275.1233
0.0282023 294.0253
0.02664745 354.3074
0.03187351 338.2526
0.04030362 422.7059
0.02982676 353.9905
0.03257138 393.4391
0.03201759 354.7547
0.02521359 343.4776
0.02327032 369.3045
0.01494806 363.7832
0.02115207 353.7582
0.03382463 369.3362
0.03422998 378.709
0.03563469 322.6968
0.03736445 287.5627
0.01575988 286.593
0.02357565 240.5178
0.01619697 299.1753
0.024128 303.0102
0.03405492 333.0328
0.03669081 350.8473
0.02370824 301.1553
0.02136966 388.9183
0.02273293 357.3481
0.01728337 348.0879
0.02496147 345.7263
0.009582711 372.995
0.0205078 369.5554
0.03480641 396.8928
0.01899626 340.9291
0.01466485 333.9275
0.01724956 325.7627
0.01379785 360.4133
0.01273462 379.5526
0.02215385 419.1919
0.02805883 505.1687
0.03789867 489.0701
0.02326257 452.039
0.02474901 460.5028
0.0166769 448.1745
0.01900066 427.9464
0.007515188 391.6211
0.01576924 357.5617
0.02271637 348.4639
0.01528247 331.1593
0.0141445 350.7072
0.04649629 314.8407
0.03138371 337.9916
0.02511754 332.5368
0.0246705 329.999
0.03825632 298.0936
0.03690954 286.4425
0.02326318 311.9512
0.03614564 345.954
0.02460046 370.6112
0.02144144 376.4404
0.01714118 388.2233
0.01191681 374.1805
0.02839648 370.2867
0.06072966 310.1685
0.06422985 274.5316
0.07487763 270.5352
0.08268789 268.5113
0.07046578 253.3722
0.07961044 254.2336
0.06799442 270.659
0.07161201 307.292
0.05223195 301.0109
0.04586913 273.1909
0.05124502 267.3944
0.08096448 341.878
0.08127282 378.5736
0.08811084 353.5019
0.04668996 321.3452
0.0473852 321.5792
0.05740353 291.1032
0.07661749 224.9346
0.06944405 205.3825
0.06631886 210.1677
0.04711158 245.1398
0.03502774 267.812
0.03261023 284.1512
0.04028764 258.1905
0.02380467 247.7921
0.03133024 274.339
0.04002886 286.1827
0.03870706 293.0848
0.0510883 248.3502
0.06868894 223.9651
0.07644347 175.7395
0.06681167 177.3369
0.06292968 182.5403
0.04023407 188.7049
0.04335385 216.6179
0.03666839 207.967
0.02134052 218.2121
0.03581432 252.5465
0.05600009 209.0078
0.03591063 183.0668
0.05445232 190.6195
0.03989633 224.404
0.04019928 257.1667
0.05710966 368.3784
0.04613749 353.8713
0.03923447 402.28
0.02935508 402.0624
0.05170854 407.7308
0.04534468 337.1408
0.03612427 326.8894
0.01885551 319.9395
0.02054455 349.8479
0.0121113 354.8275
0.01033914 349.3951
0.01124112 388.3131
0.01445577 375.5534
0.009060672 379.6252
0.0119566 381.6628
0.02091278 373.4674
0.03365326 378.1458
0.009672126 338.4616
0.02303312 307.0188
0.0512855 301.6569
0.07939427 293.248
0.06569568 283.7745
0.04891831 270.4361
0.04458284 240.2413
0.03214449 197.4614
0.04129164 244.0831
0.05180358 210.4071
0.03802082 223.4865
0.07021663 228.6683
0.05148756 247.6374
0.04642675 262.9396
0.03104398 241.1653
0.04008211 261.9478
0.02971975 242.36
0.03521475 250.5272
0.04699416 229.4185
0.04648998 244.1925
0.04563505 257.9658
0.03479114 264.814
0.02846828 244.5811
0.04566224 277.5102
0.03331998 271.5851
0.03276127 257.33
0.02733002 209.2946
0.02398488 210.4664
0.02770394 195.8415
0.02042157 208.11
0.02327221 232.0112
0.02755709 216.9354
0.02572297 253.0929
0.02578368 248.8058
0.02929012 241.1967
0.06203029 257.2378
0.05101151 246.8426
0.06031724 276.4332
0.0643409 329.2723
0.03107761 328.3137
0.02653038 254.0217
0.01991194 210.5506
0.01000523 254.2263
0.01971028 237.4076
0.02282087 223.2068
0.04314059 264.8927
0.04206481 238.5661
0.08661998 249.332
0.09141947 212.6013
0.07881858 209.0306
0.06231788 212.4376
0.066691 207.1709
0.05769695 232.3887
0.08440846 248.334
0.0377616 282.2925
0.0364169 337.4578
0.02842455 358.1779
0.01351189 383.3121
0.01487045 427.9918
0.02734622 397.4393
0.04264027 383.1543
0.03539021 400.6565
0.02570287 422.6085
0.03462864 406.9294
0.02528046 340.151
0.01514361 253.4245
0.01031346 270.0462
0.02091698 282.7453
0.02421048 297.4915
0.01428707 272.7742
0.0573165 269.8276
0.02109393 255.0036
0.02505701 292.5404
0.03316627 282.4557
0.05468066 259.9857
0.04202359 259.321
0.05328728 220.8094
0.06553518 206.561
0.0323024 208.6234
0.01901363 218.2075
0.003234132 178.4377
0.0114874 159.3735
0.02300463 177.969
0.04881452 194.3036
0.03644324 187.8392
0.02649151 204.9009
0.02908053 184.7767
0.03147071 205.3951
0.04691259 222.9538
0.02040826 250.8944
0.0130775 229.7646
0.008406428 201.5394
0.01270029 210.4177
0.01320302 198.4574
0.002709094 178.1969
0.00310497 183.2158
0.002403499 205.7929
0.002063519 186.2867
0.01343919 174.5868
0.02334362 196.1441
0.01713119 187.5236
0.03333956 207.2521
0.02215711 248.5573
0.01649296 241.969
0.01011761 238.5181
0.01041324 273.1472
0.003593142 245.6676
0.004733702 260.5921
0.01557631 302.2406
0.0266142 316.1398
0.02812914 299.0353
0.0162875 275.9598
0.01624571 258.7296
0.01526407 203.6839
0.03872446 200.0136
0.04641591 198.9288
0.04391758 222.4456
0.02281263 232.9013
0.02678046 246.7706
0.03039155 241.2262
0.03060522 278.0323
0.02980925 306.2446
0.02766717 363.7608
0.01981043 336.2021
0.02980505 284.4829
0.03257634 274.8706
0.04241644 294.1514
0.0410146 279.3334
0.02667742 346.728
0.01528261 306.1691
0.01419551 292.5268
0.01662604 259.1866
0.02598257 257.659
0.04781375 261.6969
0.06238161 201.2366
0.05657686 193.8199
0.05385823 202.4436
0.05553973 176.3904
0.04745224 181.5921
0.05641572 214.4374
0.04295994 227.2326
0.06766255 207.2439
0.04595909 182.0921
0.0566176 243.9757
0.0458691 248.1795
0.03451497 203.5026
0.03007488 199.765
0.03567495 179.0997
0.02427581 170.8265
0.03515264 193.6786
0.02783425 187.9729
0.03294885 188.6525
0.04078968 202.8627
0.05565296 178.147
0.04938321 244.2072
0.02524248 253.778
0.01696366 272.6606
0.007945818 294.0491
0.01458617 335.4613
0.009986472 293.0179
0.007457844 266.7961
0.005564772 195.8519
0.01359958 192.6773
0.01595707 188.5176
0.011512 175.8458
0.01668172 158.152
0.02750807 160.5726
0.03762704 134.302
0.05366958 121.9173
0.03307665 129.522
0.03077843 118.0732
0.0322695 110.9652
0.01868131 127.8663
0.02456578 128.0923
0.0180222 137.1659
0.05239144 124.7642
0.05291097 101.1325
0.05365758 113.2419
0.07409655 105.8342
0.06481701 112.4515
0.08263871 129.2336
0.07102316 131.4285
0.08244452 133.8976
0.08119227 144.2644
0.07516298 135.1627
0.05576605 124.85
0.02965304 116.8951
0.09252723 102.5365
0.07156356 88.42038
0.06831135 106.6148
0.05041132 110.3021
0.08137276 118.3494
0.07366251 102.044
0.08479781 114.8578
0.08837339 122.1056
0.07660638 130.7581
0.06361696 130.0579
0.05389185 149.0926
0.05987591 161.6516
0.05428461 150.9344
0.04200259 154.3294
0.05694149 151.0614
0.04588874 134.8493
0.04545668 130.7804
0.05730924 117.9481
0.05073359 112.6755
0.06522392 116.7057
0.05977004 125.1115
0.05811234 130.9392
0.04532222 110.4956
0.08196162 129.4953
0.05034333 143.0336
0.0413674 128.2555
0.02064546 160.1417
0.0266404 160.416
0.02300034 185.809
0.02761143 194.0571
0.04064301 167.6198
0.04824919 185.6164
0.06706832 234.3169
0.04214214 225.5671
0.04743698 210.9436
0.05128411 212.9516
0.03108391 258.2009
0.03268198 270.4783
0.05442656 237.1112
0.02749265 262.0773
0.02862748 245.8829
0.03226415 274.9981
0.04105402 270.6503
0.05849289 203.1686
0.03746442 216.0162
0.04008204 252.3517
0.03808061 268.4267
0.04267612 268.9238
0.03130871 273.6909
0.02586386 289.0551
0.01906444 348.6651
0.01764985 268.1007
0.02739627 262.7466
0.03089012 245.2019
0.02905063 251.0886
0.03414622 275.3966
0.03415299 263.4826
0.03210598 292.1523
0.03102286 311.1363
0.03173163 334.0144
0.02683461 316.2627
0.0356129 286.0059
0.04448753 274.0624
0.03020141 267.2884
0.04106131 239.401
0.0320807 270.2459
0.01699474 339.5175
0.01973141 330.1974
0.01633316 328.7548
0.02355888 336.4572
0.02454968 335.9852
0.02720729 325.2582
0.02005641 364.8404
0.01884148 342.7198
0.01554268 334.5386
0.00841307 326.9211
0.01231396 364.0771
0.01563299 336.2067
0.01989344 409.1054
0.0389362 399.8923
0.03043545 349.9823
0.04232917 325.5462
0.04668656 421.2193
0.04015533 325.7335
0.0499421 293.5668
0.01438666 273.3816
0.02929934 263.6115
0.04287101 252.8305
0.05204325 250.2575
0.0436185 287.6101
0.03259949 345.4267
0.02861244 330.4029
0.04072713 386.7017
0.02656178 331.1919
0.03285534 369.9647
0.02194497 362.7581
0.01500123 370.0674
0.0173646 344.9998
0.02979857 322.2359
0.009835076 339.8376
0.008247821 269.951
0.007158921 308.6283
0.03167509 353.712
0.01926769 402.7496
0.01996869 422.1529
0.01998669 378.7195
0.02081709 392.3424
0.02462541 374.9437
0.02556871 363.2662
0.03399202 341.741
0.02778411 238.7441
0.03123536 204.2189
0.02901188 192.765
0.02490333 176.2
0.02440591 179.5078
0.02433723 195.4921
0.01921736 189.6014
0.009832741 178.428
0.01073306 229.6605
0.01535009 218.5801
0.009019436 277.2901
0.0162838 260.2476
0.02910273 287.4425
0.01333575 274.611
0.01182651 273.1689
0.01119233 231.4583
0.01530914 217.899
0.02609492 211.2674
0.0174384 182.8018
0.0188765 189.0337
0.02713874 198.4178
0.03457353 165.1694
0.0428155 139.6645
0.03545489 125.6345
0.03256629 148.2487
0.04631692 140.1793
0.03818314 145.1437
0.02382767 176.7483
0.05104318 172.1146
0.03334716 152.6784
0.05820076 156.3828
0.09534742 154.2592
0.1045888 146.238
0.1163878 145.4424
0.1142771 146.7857
0.1329625 161.4635
0.1462947 132.7779
0.1214674 154.4465
0.118268 154.2631
0.1082565 144.3006
0.09678436 152.9807
0.06762366 144.1601
0.08884497 145.7782
0.09738629 133.8465
0.09090542 147.4475
0.0723776 144.5569
0.08711171 121.3722
0.09710367 122.6548
0.0633947 109.9736
0.08612494 110.2582
0.095371 106.8842
0.09632668 132.6072
0.08017109 152.54
0.0710071 156.4794
0.07044504 147.1675
0.08084026 155.2922
0.07919593 142.3548
0.0638898 143.499
0.03946916 163.925
0.04522748 144.3851
0.01231841 142.3758
0.0121746 148.0133
0.01435382 140.4017
0.009735853 153.4653
0.005766729 154.1725
0.01231511 171.9307
0.02924165 172.9548
0.02430268 175.2028
0.02503558 181.5714
0.0230071 228.9964
0.02794576 250.5023
0.05547706 267.0099
0.07024051 238.8597
0.06453788 209.7683
0.05211931 224.5967
0.0349839 226.7708
0.02509534 250.9822
0.03199732 309.7126
0.03346382 300.331
0.03474978 305.9169
0.03699458 343.4251
0.04177259 325.9663
0.0367518 330.7969
0.04517412 291.8634
0.04497948 232.8842
0.05332104 229.1531
0.06642905 237.8385
0.07384154 244.2398
0.05342331 230.029
0.03684064 253.0323
0.02768048 298.2662
0.04231621 291.5996
0.06018949 252.2902
0.04496615 244.5966
0.0580064 273.8652
0.05770774 313.2466
0.04649944 245.401
0.05006991 264.2445
0.06408945 238.4817
0.05395312 218.3263
0.06506935 220.1094
0.04820636 265.8318
0.03713502 266.6043
0.03732543 255.5794
0.04112475 252.1665
0.03886957 242.8653
0.040945 276.6825
0.02650775 248.2509
0.02391368 249.1582
0.01845242 210.5401
0.03995112 205.9498
0.03248794 185.1895
0.04624598 202.3074
0.05605037 273.2134
0.04919375 236.7619
0.05223446 214.8318
0.05158047 210.7034
0.06377785 236.4323
0.05776091 258.8831
0.0376705 257.9914
0.01922518 300.2395
0.01184949 368.7156
0.009354698 333.5849
0.01057882 336.6201
0.03265879 369.5666
0.03572646 367.0425
0.0455189 348.1358
0.03563486 297.6205
0.03241303 256.4217
0.03551391 258.262
0.03292966 261.553
0.04743074 254.5443
0.075588 280.3087
0.0806436 246.0599
0.06868228 220.2463
0.06089386 215.086
0.0673205 221.2352
0.06530422 238.4925
0.06851696 219.8878
0.05397986 238.0535
0.04963561 240.4882
0.08470604 235.739
0.04929666 211.8086
0.06182584 204.0534
0.054011 204.8199
0.07214494 178.7842
0.08159753 168.2483
0.05811388 189.443
0.07205329 198.8652
0.07069201 166.568
0.0643477 178.3508
0.08633201 167.9297
0.06636991 159.0242
0.06314803 196.8242
0.06005307 212.1852
0.05416881 226.0668
0.05356066 238.2737
0.04506017 284.0728
0.07328414 298.4677
0.07247889 264.1573
0.05608574 306.2872
0.07669194 284.0489
0.05838211 301.4363
0.04415414 265.6202
0.03591717 277.0587
0.04062914 229.1455
0.05290518 196.7993
0.04890259 200.7796
0.02434736 192.6688
0.0414055 194.4047
0.03909586 181.2652
0.03505967 206.1153
0.05616917 220.1271
0.03936714 206.121
0.04751044 208.799
0.05741929 196.9467
0.06937632 198.6659
0.04963231 211.0045
0.03971726 224.8228
0.05423082 248.1296
0.05776495 277.9773
0.04362904 244.4844
0.0394196 199.9242
0.0298791 230.9622
0.02626071 198.0709
0.01427727 236.209
0.02793153 354.5679
0.02159769 451.1483
0.01045609 439.7368
0.01027244 483.3047
0.006861306 452.9287
0.01265796 460.8914
0.01513663 569.741
0.01331178 523.7785
0.01595486 586.0772
0.02398508 462.3939
0.02364484 466.6492
0.03338655 541.1275
0.03950815 478.0721
0.02378282 479.1699
0.03656562 471.5283
0.03668951 497.6695
0.03782566 551.7658
0.0376888 504.0447
0.03238335 479.757
0.03702325 499.4632
0.03194265 475.3494
0.02305333 458.1817
0.01619499 377.3409
0.03148196 416.8753
0.0660551 448.9193
0.02283383 459.1681
0.02843974 419.2731
0.02096642 405.6471
0.03645139 377.1052
0.03094132 353.6619
0.02573666 324.1915
0.02630772 305.9768
0.01862021 275.9209
0.02040408 215.6184
0.01638845 246.6794
0.001846297 267.9391
0.005129604 273.9459
0.008314053 279.1336
0.007805002 239.3765
0.004497769 220.8344
0.01078633 243.2853
0.02363982 269.702
0.02976183 246.5123
0.02217726 258.0276
0.03250355 226.5934
0.04041301 250.2872
0.02507977 220.654
0.03748226 202.468
0.03442546 209.5544
0.04568946 246.9463
0.0345785 226.3161
0.04708917 251.2235
0.06115407 258.232
0.05031132 228.069
0.04201633 235.185
0.04948931 244.4157
0.05949357 211.5633
0.06091999 222.4308
0.04714402 214.7405
0.03781853 220.5966
0.03709871 226.2631
0.05176646 222.4307
0.08117468 198.8839
0.08092816 201.2445
0.05939677 200.0827
0.06469904 177.7898
0.05987449 190.4349
0.04625631 147.5451
0.04425751 139.5012
0.04606942 130.9416
0.03561003 143.1423
0.04338571 131.8704
0.03815467 140.4372
0.03403838 146.0238
0.0257264 137.3495
0.04544431 143.3239
0.05207541 132.157
0.04373365 125.6015
0.02291573 116.238
0.01849001 117.423
0.02595017 124.0139
0.01847037 145.8006
0.02036112 141.5798
0.01945201 132.7943
0.008627536 126.8435
0.008054759 142.5941
0.02209088 144.1519
0.02704456 176.9032
0.03792053 178.9983
0.03973087 187.8907
0.03381506 183.8377
0.02789557 158.6796
0.02611604 126.7477
0.03872831 130.1066
0.0374911 143.8496
0.04116778 139.3036
0.0559263 119.6427
0.05630106 103.3371
0.06541307 126.9581
0.05946937 134.4331
0.07173279 153.923
0.05016005 149.0807
0.06911615 140.1252
0.0921735 156.1678
0.1086642 139.1066
0.08839224 134.9545
0.07468969 139.9387
0.06725167 163.6405
0.05186004 156.0239
0.03436646 152.8118
0.03642552 136.4596
0.04383756 147.419
0.04158069 140.1151
0.02255538 147.1028
0.02131534 122.759
0.04459111 124.8205
0.08577483 128.5716
0.1045604 150.7643
0.1073364 168.0677
0.06274028 194.5426
0.04678247 206.2523
0.03087422 215.3288
0.02205931 275.8665
0.02648339 269.1809
0.04173267 305.1592
0.03483615 277.1721
0.03141193 306.3856
0.04092338 346.9327
0.03791138 384.4585
0.04555138 372.0886
0.04617598 352.5465
0.05424774 316.8459
0.02607013 371.7169
0.03364045 337.7947
0.03537158 372.3775
0.03661147 485.43
0.02341096 470.0082
0.02975183 452.9313
0.02093979 455.1062
0.02671609 519.5969
0.02944536 545.5337
0.01370717 548.13
0.01127529 445.2106
0.02115035 411.205
0.01805421 452.0602
0.02734724 381.1373
0.03187446 398.5614
0.0344888 384.811
0.02188883 337.2757
0.03506166 313.4558
0.03053698 256.8314
0.04919255 305.3125
0.04801936 251.8313
0.04602303 249.0315
0.04161973 277.1702
0.02384082 257.735
0.01025447 247.8261
0.009616837 236.096
0.01529729 248.0444
0.02169755 201.9706
0.0155576 175.323
0.02430023 214.0864
0.02013783 262.9513
0.04512223 254.2731
0.0338962 230.257
0.01633914 213.6099
0.01631204 177.7442
0.01495926 175.9698
0.01709677 233.4654
0.01422431 213.932
0.0309937 206.4078
0.02788448 212.3548
0.02785412 200.4573
0.0269143 256.287
0.03141469 223.0769
0.0163347 221.7529
0.01829312 203.0868
0.01890474 183.8134
0.01875721 183.7655
0.02114273 185.8127
0.01242423 148.839
0.02339565 159.1435
0.02887449 147.2094
0.02734106 155.599
0.06480248 164.0678
0.05973531 140.6576
0.08146771 129.212
0.0539954 152.0202
0.0511205 141.4047
0.04564061 151.2616
0.05837091 159.5801
0.02630088 180.1375
0.030321 193.231
0.04236399 176.9757
0.06167533 164.538
0.08071962 140.093
0.05120828 153.7241
0.05484651 169.8262
0.04211074 194.1311
0.04592018 202.7678
0.02870239 177.1329
0.008802358 185.0747
0.01168569 177.7516
0.01607696 150.6491
0.005794923 154.9569
0.02175793 144.4943
0.02911865 169.4272
0.0348035 181.4803
0.02669869 183.5259
0.01481265 202.5109
0.01526503 166.3374
0.02563365 169.4489
0.03397874 145.7675
0.0428275 161.7701
0.02314254 168.2206
0.01615231 132.7987
0.02579005 144.5211
0.05363341 141.4085
0.05750455 162.0414
0.05896964 138.0017
0.05499344 137.976
0.06074113 150.8735
0.03286058 154.1245
0.01601399 174.3468
0.02586826 171.4479
0.0250986 184.2395
0.02354141 185.5269
0.02824474 183.2302
0.01139826 190.402
0.02080302 185.4198
0.01879154 199.3306
0.0236034 199.294
0.03608221 185.975
0.03121636 193.6492
0.02937828 209.0631
0.02601302 256.1136
0.02341611 266.0305
0.01666901 254.1481
0.01580158 200.5495
0.01385573 196.4632
0.01662183 169.2568
0.02246476 164.1729
0.02462927 153.1726
0.02885733 132.2972
0.05565583 138.2329
0.06088855 137.59
0.07473168 150.6336
0.05924694 154.959
0.04810743 170.5575
0.0239715 172.8822
0.03864991 166.2094
0.04236936 146.495
0.06645987 119.9122
0.06115189 123.774
0.05919379 128.8544
0.04588502 126.1641
0.05091481 135.5499
0.02559944 143.3804
0.04562964 132.9972
0.03698735 138.6509
0.04316819 148.3384
0.05849464 167.1224
0.0723742 179.7371
0.06470677 176.3792
0.04253972 147.19
0.04698322 134.2655
0.05411883 134.2795
0.05690146 146.6938
0.07801647 158.0174
0.04064058 127.3031
0.04460585 117.2157
0.03665717 130.631
0.04086046 140.1268
0.04348728 157.0814
0.05246344 143.6777
0.06634524 124.6641
0.06278138 114.4233
0.07576757 91.39951
0.07980928 105.9573
0.06792269 117.8177
0.102111 134.8767
0.07371848 125.5728
0.09557429 146.4265
0.07244728 157.1003
0.05389045 153.379
0.04746312 169.1898
0.02796799 210.519
0.05507504 204.4578
0.0517197 214.1788
0.06393522 255.2799
0.0824817 244.378
0.05823722 250.5813
0.0733548 242.641
0.05628577 250.5066
0.07169195 243.804
0.06092276 226.5679
0.05771478 273.0691
0.04610196 272.0241
0.02420183 276.0072
0.01728263 318.0794
0.01570886 289.0489
0.02779354 282.0437
0.01945369 285.7767
0.03548634 269.9806
0.02767773 309.8362
0.05168629 283.1843
0.03535682 284.8782
0.02257112 243.5571
0.02193345 241.916
0.02707278 199.9562
0.02961874 184.6149
0.05103423 183.7653
0.04781109 186.4661
0.06526302 204.9592
0.06497324 217.9331
0.05243952 235.458
0.06610795 196.5662
0.07478023 177.7638
0.05826403 162.2865
0.06932353 166.6091
0.07791118 166.6399
0.07419617 187.3423
0.08479101 173.3541
0.06013845 190.8974
0.08555713 205.5098
0.07118237 231.9858
0.05615813 219.8393
0.0423382 207.0639
0.06119802 220.5791
0.09589487 216.5137
0.06151309 215.0127
0.07246312 201.0249
0.04198157 212.1381
0.06287051 221.8947
0.09868448 235.1723
0.1096216 241.2474
0.1165853 227.2284
0.08344224 221.5564
0.1089339 213.7747
0.08622097 214.0727
0.08347309 220.9725
0.06633756 231.4105
0.05961308 237.7848
0.07298478 219.9048
0.05626122 191.6591
0.04265687 240.8783
0.03403291 214.9232
0.05642564 231.5446
0.05439844 214.1195
0.0348264 227.4363
0.03249141 219.3265
0.03291705 210.1242
0.02148693 211.5092
0.01725165 197.9944
0.02549463 203.8157
0.0546163 200.3847
0.03693992 178.9236
0.01808243 178.3298
0.02102155 183.2488
0.01791174 186.9063
0.01508437 181.0476
0.02460449 199.6201
0.02115583 207.3766
0.01967868 178.1773
0.02029729 186.2439
0.03187483 209.0047
0.04266305 188.7617
0.05078699 188.8987
0.03682119 176.3935
0.02903307 201.0118
0.0294761 221.6558
0.02312771 221.4018
0.02062213 231.7831
0.03935362 282.9834
0.03394481 291.1104
0.02794243 320.5354
0.01864123 292.0635
0.04105097 268.2324
0.03007497 264.1383
0.03684401 238.2308
0.02569211 206.6166
0.04278285 225.0011
0.04910906 248.5344
0.02615036 274.5773
0.01934905 265.9746
0.02584266 250.0091
0.01899076 233.4041
0.02009589 281.7185
0.02799514 195.8595
0.02984506 173.3514
0.02213241 186.6188
0.01035165 232.98
0.005908818 238.9054
0.007633155 259.6239
0.008319294 277.2506
0.009383879 338.1764
0.02674382 309.9247
0.03085821 292.5426
0.05023885 292.5827
0.04083281 286.2466
0.04306255 268.688
0.03683185 257.3955
0.05198358 230.3782
0.03033845 257.6816
0.04200055 247.9967
0.04738117 238.6533
0.03608549 211.1146
0.04998148 211.729
0.03622136 203.2178
0.03593892 200.3222
0.05978737 233.2692
0.02537349 230.6854
0.02510736 238.4573
0.02206173 235.8946
0.03133303 196.3533
0.05798307 207.2101
0.03784544 196.1424
0.04352575 215.0365
0.05348007 222.4213
0.04629622 242.4135
0.06173663 220.6248
0.04090301 196.6171
0.05733996 247.7151
0.05369858 206.1503
0.0298935 217.9153
0.02421634 182.9986
0.03385934 196.3967
0.0305514 215.024
0.03639663 181.3498
0.04408288 173.9373
0.0334117 159.5013
0.04382088 182.6153
0.06004974 157.814
0.1145139 155.6943
0.1286653 168.842
0.1233523 163.8538
0.123458 163.985
0.09627276 176.5654
0.1185212 184.2576
0.09232796 180.4551
0.0648627 177.6817
0.06389731 182.4636
0.0624582 182.2648
0.06237051 184.9744
0.07447155 197.7885
0.09095452 212.6017
0.1013483 210.8662
0.09452657 169.6265
0.05993315 185.0509
0.06631597 192.3449
0.04353891 192.2557
0.06648583 208.8075
0.05871073 187.9629
0.05539337 193.2283
0.04823409 175.4602
0.05301953 151.5308
0.04729946 151.369
0.08273174 155.4072
0.07749038 165.4437
0.08809512 178.142
0.1030584 198.4318
0.09013412 163.7504
0.08103782 186.2886
0.0483771 240.4314
0.04227484 291.6867
0.04016073 314.9575
0.04688842 341.1858
0.04095699 341.4741
0.0409546 264.5703
0.01986804 299.7821
0.02439935 297.5055
0.02112371 252.7015
0.0295323 291.6471
0.03242923 269.2216
0.05242395 289.2899
0.03506758 300.3044
0.03879568 223.6451
0.04641442 201.0231
0.05443335 209.6877
0.02197003 203.7488
0.02983413 211.6791
0.02598336 214.8824
0.01630978 205.8068
0.0247228 220.3563
0.01455766 238.6026
0.007158018 204.8339
0.005462414 215.9702
0.01292837 278.8287
0.01369273 277.5212
0.0231301 275.8814
0.03364046 313.8263
0.04160017 355.3808
0.04877931 325.8341
0.04131381 384.3935
0.02297134 339.5971
0.02149562 352.8284
0.01972734 337.5503
0.01444665 336.8084
0.01167691 328.4394
0.02825988 315.1392
0.02342519 278.9279
0.03021807 307.8326
0.0479094 283.5696
0.03643783 326.933
0.04051363 284.4706
0.05217393 248.3349
0.04253107 236.1608
0.05353858 256.0184
0.05234318 299.3196
0.07106475 366.0087
0.03973608 353.4515
0.04769457 290.3605
0.02429854 316.2472
0.02386029 325.3661
0.02133829 317.4918
0.0366354 322.192
0.03209146 299.7328
0.02725 346.2513
0.02292779 450.2424
0.0124373 404.3574
0.02977333 427.7465
0.02440868 397.6887
0.02696021 385.765
0.02100609 409.8712
0.007810821 422.4471
0.007426887 419.2317
0.007319969 398.1014
0.01364682 405.0792
0.01446214 280.2855
0.01966458 337.9626
0.01622004 394.9237
0.02377165 353.9859
0.0174306 308.914
0.02376421 337.6361
0.03886847 372.819
0.04279047 303.2662
0.03672118 274.6685
0.02664246 252.1605
0.0158819 213.6846
0.009772161 205.1387
0.01974104 236.7415
0.02587294 277.2613
0.0127628 263.6044
0.02668122 248.2636
0.02055962 240.2612
0.01415879 246.409
0.01940874 276.6871
0.03524867 261.0253
0.03525536 261.6202
0.03968259 279.1091
0.03183751 259.2962
0.01864407 214.3424
0.03284068 280.5933
0.03875581 254.252
0.05221755 299.143
0.02989306 295.4992
0.03405002 341.4013
0.03751677 314.2616
0.05257215 307.5409
0.04582212 287.7736
0.03845078 281.5584
0.04456828 355.0506
0.0545118 341.6523
0.04661937 333.1335
0.02911632 318.4397
0.04089727 305.378
0.04184931 314.5255
0.03385201 319.2448
0.02586081 324.4013
0.03235721 349.0238
0.02793799 292.9118
0.03299927 271.0043
0.0140117 298.4749
0.01460575 312.098
0.0259528 252.0304
0.04057138 268.6564
0.04672274 287.276
0.05005811 264.7273
0.05070295 273.9823
0.03137174 231.9866
0.03246938 231.0497
0.04536037 211.7859
0.05323904 205.7457
0.06464218 221.4466
0.04163772 247.996
0.03877343 267.5215
0.03327471 267.3023
0.04002464 308.6993
0.01125737 294.5151
0.0188083 257.5009
0.01535286 222.8966
0.02456986 228.3001
0.01647679 218.7855
0.02194564 264.477
0.03240392 262.9846
0.04351378 245.8386
0.02896727 232.0893
0.02175636 225.9952
0.02060872 215.7352
0.02199553 273.6167
0.03265478 275.8889
0.01915257 253.1585
0.02470337 250.4236
0.0266226 209.2926
0.03424792 209.7351
0.03625845 181.3697
0.03701003 181.5592
0.03810894 168.0661
0.03651927 177.6566
0.02654576 189.2326
0.03001772 190.5301
0.02421146 161.7991
0.0370008 169.7822
0.04394766 160.9742
0.06713964 153.1485
0.06631381 150.6366
0.06641912 175.8285
0.05980866 169.231
0.08508764 147.7731
0.08366842 144.7384
0.0281242 165.461
0.03440934 155.2821
0.04412838 111.9258
0.07220476 107.8453
0.07029563 118.2366
0.07620504 121.8171
0.04805325 114.3331
0.02298832 117.5745
0.03911842 118.5003
0.01441456 120.8193
0.02367564 103.901
0.02534142 119.4336
0.01933691 134.9939
0.0175168 135.2447
0.01787453 145.621
0.006683157 139.4691
0.007103339 126.1791
0.03104407 116.3452
0.02381743 127.4926
0.02008621 142.5027
0.03438527 132.6272
0.0351218 119.1749
0.01827466 128.4662
0.01340783 134.3489
0.03421965 149.8961
0.04201367 159.862
0.04686881 155.0222
0.04735927 152.667
0.05383951 168.406
0.03978066 201.9824
0.07418226 216.7204
0.05774037 208.0893
0.05481341 211.5449
0.0548058 187.0592
0.07721585 188.6338
0.07167507 199.6349
0.06177517 196.3856
0.08413997 230.3738
0.08129955 226.2866
0.07409694 237.1525
0.04612041 267.0306
0.018328 271.0646
0.01694329 263.2741
0.01611413 228.6744
0.01276423 231.4123
0.01908795 277.0158
0.02612277 248.515
0.01770456 211.9275
0.02164263 231.5743
0.009252647 254.6416
0.006578521 220.406
0.01003563 193.0721
0.02739168 202.5519
0.04905963 166.5932
0.04013508 143.7049
0.04077262 144.664
0.06126585 133.3821
0.01900756 142.2478
0.01795985 119.09
0.01247198 113.8607
0.0149375 95.44744
0.007585493 105.7898
0.001314924 106.0017
0.01002872 123.7492
0.008176679 131.8589
0.01590462 147.239
0.03514965 153.4952
0.07319495 178.6477
0.05724764 187.291
0.06301175 170.7368
0.0823167 173.0127
0.08111471 187.4891
0.07557983 161.5621
0.06861218 167.5273
0.04994155 193.2669
0.06956492 208.2102
0.05945094 198.4807
0.07414887 173.4057
0.06452837 156.9866
0.06731656 179.3037
0.05670776 195.9474
0.07466587 228.8625
0.06117377 220.3981
0.05326321 236.4234
0.08006077 235.2763
0.08606916 219.7992
0.08192954 219.2194
0.0589129 234.7352
0.05013126 250.4987
0.04835093 254.6387
0.02906474 224.3793
0.03039845 293.1287
0.03505005 272.8515
0.04962335 250.1907
0.04618192 293.6063
0.04187605 315.4787
0.05227965 268.4563
0.05048785 256.651
0.04157816 240.1517
0.05122502 224.7518
0.05275812 254.4649
0.05893464 210.0266
0.05039235 220.7211
0.0502071 201.0434
0.05721258 214.9269
0.03715827 198.397
0.03909664 214.2
0.052694 190.4321
0.08854753 202.5349
0.05564356 236.6824
0.07311419 232.4589
0.1018705 214.3065
0.09405863 253.2531
0.07206377 180.1065
0.06346408 162.3752
0.05346103 187.0399
0.06332224 184.8787
0.05065807 173.4248
0.05687857 168.8964
0.07125127 170.7412
0.03454818 175.6652
0.05219131 160.4478
0.06360352 195.507
0.06308108 195.0052
0.04780511 189.645
0.0364929 192.3859
0.03961554 199.3157
0.05008174 174.3995
0.04618856 170.131
0.06060357 161.4632
0.06315251 139.1353
0.05203242 163.6542
0.0444113 164.6922
0.05085977 163.8437
0.03621178 170.8985
0.0260537 169.474
0.03400339 187.0745
0.03284868 169.0773
0.0317725 163.4162
0.02707063 132.9728
0.03165463 150.7271
0.06325915 134.1088
0.07275425 163.8992
0.09787737 145.3302
0.1017274 140.0174
0.07364121 140.3662
0.08159017 151.4451
0.08194562 168.8103
0.09961151 206.1028
0.1021252 204.6562
0.1141149 207.599
0.07865856 177.1346
0.0564496 179.7142
0.07174798 169.3862
0.06518028 187.4837
0.08911728 156.5386
0.0649173 172.1544
0.05602624 164.202
0.08316361 164.6094
0.08856718 159.4042
0.09530544 157.6662
0.05360013 118.2752
0.04522522 110.3063
0.04871992 115.0471
0.05143197 106.4163
0.07298762 84.99582
0.08304749 90.4328
0.1235162 97.23504
0.07717884 92.16083
0.0804515 88.03888
0.09481071 92.2386
0.08720386 85.19449
0.07181264 80.0915
0.07154549 74.35772
0.06954511 93.04923
0.06528713 88.77667
0.06395196 105.2999
0.08518397 126.9027
0.0669556 141.3595
0.07732454 142.7987
0.07293868 150.2527
0.07157038 146.0257
0.0690575 131.1651
0.06763573 144.0101
0.04829199 136.0815
0.04209823 146.9996
0.02376364 129.0522
0.02566228 140.4296
0.02495053 106.8411
0.02577785 128.1145
0.03915348 144.6739
0.0156316 134.607
0.02805093 167.0325
0.02836008 173.6417
0.03850768 170.6173
0.01599735 162.6313
0.01611053 158.7872
0.01758324 132.3296
0.06208787 132.877
0.05640655 166.3485
0.03911976 183.9853
0.03094501 179.4352
0.04889227 177.5347
0.04760689 198.4539
0.05303926 176.7777
0.03939773 208.2796
0.04051919 206.2543
0.03197653 221.841
0.02181715 250.4412
0.03456531 274.2351
0.02913759 250.0286
0.01934 249.951
0.01808349 182.7669
0.02688342 173.7767
0.01148526 175.3369
0.02846088 247.6505
0.03043208 273.4522
0.04992683 287.8657
0.05499667 304.2134
0.06430342 254.7117
0.06314891 255.4752
0.05253735 248.6024
0.02378227 256.6815
0.04516741 239.4024
0.05323598 217.172
0.07201015 196.1232
0.0443754 168.4673
0.06932899 164.2481
0.02946162 189.2382
0.04407988 175.3933
0.02040718 180.0921
0.03013897 186.3786
0.03772726 207.9442
0.06020689 175.3081
0.0322221 201.6537
0.03129529 261.7642
0.01723597 284.5106
0.02096336 335.453
0.01932055 329.087
0.01925456 334.1715
0.03035861 352.1878
0.01272125 326.6785
0.02382404 356.8628
0.02340697 399.5832
0.01634556 472.2245
0.01110213 507.0556
0.007198405 495.4192
0.009820694 470.0542
0.00394539 453.865
0.0195497 456.1553
0.02252318 459.9445
0.0203074 475.5118
0.02211474 480.6702
0.01302338 522.2646
0.01491363 513.2551
0.02575434 431.8662
0.03526889 434.2481
0.04226565 379.3811
0.04185174 311.2967
0.03620332 250.6178
0.04249683 226.4425
0.05441065 176.6796
0.06457682 145.7036
0.0589935 153.8082
0.08415205 133.7267
0.0857175 128.9523
0.07272372 126.5345
0.0648182 117.5752
0.07472688 127.3591
0.04415571 123.6451
0.04216294 117.0393
0.05062963 96.32155
0.06237299 107.9605
0.03669703 120.6066
0.0324881 134.9257
0.0450964 109.8851
0.0409097 94.44342
0.04162714 80.29406
0.04591185 88.14814
0.07386711 88.2673
0.08363812 79.85001
0.05577012 95.76731
0.04061833 104.185
0.0439383 99.96409
0.02344809 97.89622
0.0191088 94.42804
0.02199818 85.60288
0.03315376 82.33486
0.03320696 89.98041
0.04431844 92.52688
0.05795408 80.96838
0.06097089 88.85542
0.0516991 82.58979
0.1202548 87.95243
0.1110884 89.23727
0.09130579 83.59994
0.1079702 63.34189
0.1535636 60.15144
0.1049031 75.14537
0.1066534 82.90072
0.1147238 88.52159
0.100341 103.1325
0.1129668 128.2887
0.1089589 145.2992
0.08982663 112.9185
0.07799251 115.6443
0.08062399 133.7668
0.09990867 128.0969
0.135854 130.9484
0.1312225 143.6639
0.1148859 120.5852
0.1221694 119.5334
0.09138383 112.8599
0.09219982 129.8421
0.09346806 136.5863
0.06886488 115.2696
0.0812711 95.81541
0.06536168 108.4333
0.07642763 99.5434
0.07193915 109.999
0.06114711 101.2961
0.07373531 102.38
0.04423113 90.82061
0.03006909 104.3236
0.03845279 118.0379
0.03877011 127.7832
0.03630805 123.6799
0.07163984 117.3313
0.06236731 124.1122
0.05278612 145.1841
0.07223831 156.4563
0.07300155 162.824
0.08273068 141.6465
0.08740207 117.2094
0.05623172 114.0605
0.02039028 123.885
0.03481638 118.5401
0.03244186 125.192
0.02612136 140.3102
0.02167198 129.9964
0.03443219 147.3538
0.02839395 125.0437
0.04080642 120.7303
0.04678697 126.6115
0.070775 119.5518
0.05371669 132.6066
0.05018718 144.7293
0.09319658 139.8213
0.1075034 134.2236
0.1115134 125.7923
0.1334344 152.7446
0.1160499 148.5659
0.09493162 158.4585
0.07355914 129.3027
0.08459081 136.1941
0.07841562 149.0544
0.07604478 163.3872
0.09789161 197.1572
0.08216638 179.0021
0.09461378 158.2371
0.06839245 154.8518
0.08578093 174.9485
0.06372506 165.3109
0.04905107 156.8992
0.04115875 157.118
0.05330777 172.3301
0.06854663 152.2291
0.06920889 141.2623
0.06361724 155.7015
0.07277459 181.8162
0.07673529 161.6209
0.1079152 169.5878
0.1024559 173.8463
0.1100372 154.6668
0.1104923 176.7421
0.09831942 176.4648
0.09237377 182.9343
0.07799833 197.8124
0.08192339 238.3823
0.06140163 242.7738
0.05561765 218.197
0.06807929 197.5882
0.04534628 216.0807
0.05081056 192.5638
0.04276124 159.5258
0.03091963 187.9084
0.02370934 203.1196
0.034404 173.2099
0.0224599 148.7958
0.03744235 164.3077
0.04159751 135.4965
0.03246 154.2906
0.04080853 169.5165
0.05958203 156.1867
0.04162944 175.4875
0.03145956 173.9538
0.04382754 169.1483
0.04724218 159.3251
0.06022886 167.7543
0.08482359 164.638
0.1111088 156.7156
0.1074561 135.4932
0.1474408 121.3022
0.1450571 123.311
0.1527952 124.2365
0.1331854 122.0447
0.1420673 135.1965
0.1061295 145.6204
0.1226021 150.6198
0.09831731 128.5751
0.1107676 137.4447
0.1369765 125.3433
0.1075369 98.71363
0.1096199 117.0426
0.1338052 116.2713
0.1263328 131.0436
0.1079274 133.3723
0.1174931 130.817
0.1311634 113.391
0.1138048 113.5724
0.1439227 120.6393
0.1279322 135.6102
0.114783 117.2212
0.1113038 130.5348
0.1094449 110.1578
0.1207593 110.9307
0.1031282 106.8501
0.09181411 102.5184
0.1377151 100.4027
0.117719 102.5976
0.1170973 100.5358
0.1266363 104.58
0.0816584 115.9213
0.09584815 114.0077
0.1100422 107.86
0.1412281 95.38614
0.122587 115.4722
0.1157215 133.599
0.1441943 147.6393
0.1279003 145.5618
0.09350498 125.8862
0.08180044 135.8456
0.07019885 128.6869
0.0566499 134.4556
0.06607635 129.1939
0.0591875 152.0905
0.06953135 142.363
0.08154282 136.2847
0.1152853 130.3133
0.1241282 131.6999
0.09130808 119.4313
0.07268854 139.0213
0.05299098 126.9134
0.0612653 116.4016
0.05996318 133.0408
0.03021326 117.202
0.02935288 119.0918
0.03697796 122.4747
0.05182153 126.0206
0.07097211 115.8821
0.05753286 108.7812
0.05249389 108.4458
0.07222843 96.98588
0.06623365 104.4274
0.07418904 108.3884
0.0551905 85.28196
0.07719137 102.8005
0.08045169 115.5157
0.07926396 125.2055
0.06319867 114.9583
0.04239252 108.8396
0.03950974 116.4936
0.05464245 110.5354
0.08987608 125.0922
0.07907604 129.489
0.09780041 112.283
0.0908612 123.9411
0.09852839 116.3204
0.08925022 124.1905
0.09540661 132.5941
0.1060245 162.5249
0.1154911 152.3552
0.09915142 113.2966
0.07720909 102.5786
0.06096981 102.0388
0.06158011 111.6882
0.04569187 122.2976
0.0453112 119.23
0.0711897 115.8061
0.09765664 111.1258
0.08546056 113.2732
0.08639632 127.1521
0.07936979 133.8379
0.08324465 130.158
0.08172605 123.9651
0.09239533 115.4498
0.08804063 122.7541
0.1141214 122.2975
0.1106891 125.8521
0.09292887 107.7007
0.1375031 101.2237
0.1412861 96.50181
0.1382937 94.22908
0.124898 98.42787
0.1301293 94.94793
0.1265844 99.66143
0.1112635 118.5004
0.09980363 103.5771
0.08166946 110.8679
0.07933797 115.5663
0.09725443 120.3013
0.08343217 138.2742
0.08158201 139.0411
0.05492668 135.9865
0.04857242 133.1297
0.05387127 145.7762
0.05151932 138.3976
0.03606855 135.7886
0.06622384 122.8673
0.08755297 147.7689
0.07711482 139.4486
0.0672621 149.7739
0.05050884 145.0556
0.04519512 153.1467
0.05832207 144.5434
0.07583892 148.0262
0.05742223 164.9467
0.04699164 177.5988
0.0600288 188.9942
0.05689297 188.8244
0.05693048 201.8036
0.07968498 179.6506
0.07920552 182.7821
0.09170147 172.606
0.1088251 157.0899
0.1284927 134.856
0.09402352 153.3978
0.0844388 170.6571
0.07200835 197.7447
0.1102061 167.0269
0.07828593 151.8304
0.07433058 142.3872
0.0777591 146.1987
0.1184585 136.2625
0.1364431 121.8365
0.1202799 137.3117
0.0912663 150.8899
0.09029438 145.6863
0.1191151 162.6786
0.08551767 168.2957
0.08792316 165.9439
0.09034616 136.8609
0.09264112 122.0393
0.09979892 129.5472
0.09118644 103.0354
0.04876596 99.92105
0.07246047 97.88522
0.05783359 105.1738
0.05838737 113.9784
0.0542068 133.9133
0.06826426 150.3639
0.09415454 148.8012
0.1127713 140.2031
0.121058 116.9641
0.128422 110.6353
0.1123833 112.5772
0.09580957 95.19334
0.1034525 94.20606
0.1226888 90.18285
0.09597988 109.728
0.0929289 115.9035
0.08228188 116.8401
0.06565464 125.4429
0.03464286 124.1165
0.05560154 129.6048
0.05087235 142.8518
0.0554055 160.3307
0.05541413 179.698
0.06880574 185.5733
0.05171576 176.2728
0.06241147 158.2445
0.05804307 166.9201
0.04469875 202.4542
0.09119212 143.1407
0.09912725 164.5457
0.08535867 146.1645
0.08120684 142.2682
0.07838788 130.6562
0.1024751 140.5117
0.08348489 171.6343
0.06808348 171.7439
0.05818883 199.0787
0.04287787 178.0691
0.06399584 151.7732
0.04656272 152.8685
0.05192873 129.6434
0.05206215 131.7192
0.07031619 129.3618
0.06870101 131.2863
0.07107297 133.066
0.09050283 128.6328
0.1073149 112.8429
0.09120162 110.8625
0.08426487 142.8857
0.06164052 131.2048
0.05116934 124.181
0.05181421 114.1411
0.05524556 111.001
0.07121419 117.3588
0.06848376 108.5753
0.04832571 101.0696
0.03282884 116.6143
0.02088554 115.7308
0.01085102 130.3936
0.005663315 118.9043
0.006098277 139.1955
0.01063407 139.8358
0.01115822 148.4143
0.01397942 177.5787
0.01531581 182.9391
0.0220135 162.3287
0.02817506 176.8333
0.03541522 203.1667
0.0431282 215.6243
0.01836629 196.285
0.01639998 222.2946
0.02019305 229.2992
0.01210822 242.4024
0.03114625 223.1982
0.02261753 260.1727
0.006257408 214.1671
0.01249642 232.3293
0.008421717 195.8692
0.008467561 193.7807
0.01049524 219.3687
0.02949694 279.6592
0.0207576 285.5697
0.01345457 253.3017
0.01276079 294.6136
0.01536044 254.1188
0.008130285 270.2596
0.01502855 320.7027
0.0135292 298.0662
0.01123804 283.5323
0.0128429 386.1786
0.01730281 432.206
0.02673006 424.8577
0.01915418 435.2401
0.01434726 419.1647
0.01823616 415.4715
0.01490018 434.8036
0.01376435 444.9181
0.01623088 477.6058
0.02169732 408.09
0.01689083 460.5807
0.02647147 509.5752
0.02158866 542.9313
0.01196367 571.8376
0.01033983 546.8667
0.02570909 542.9752
0.02197015 510.1494
0.04369173 498.2915
0.02193278 504.8192
0.01779991 426.7114
0.02519893 440.6652
0.02009532 400.5744
0.01216835 477.1635
0.01430169 452.1054
0.01885632 458.1223
0.02605621 428.8424
0.01284779 423.8666
0.0289819 468.8817
0.02669427 479.5785
0.01803248 559.8299
0.02753586 471.4375
0.01874821 462.7914
0.01844362 387.4573
0.02007572 381.0058
0.01422723 383.3649
0.01834595 444.9587
0.01685396 420.5019
0.007903477 415.1505
0.008714297 393.0229
0.01216795 502.7247
0.01475548 468.5471
0.003713143 471.89
0.008834389 439.1304
0.01101327 395.5017
0.02756874 394.4821
0.03916876 447.4347
0.03633885 488.7537
0.02996276 502.7083
0.01554648 452.3293
0.01617554 524.9359
0.02883678 460.4193
0.01250269 463.013
0.02187196 397.2345
0.03076114 496.3498
0.05527322 411.805
0.05705088 414.5091
0.04472678 400.0927
0.05433308 427.2146
0.05422721 506.5252
0.03189122 534.214
0.02187629 473.6463
0.01139089 451.6016
0.005588866 396.5411
0.008597496 460.7201
0.009546202 459.0356
0.00156692 416.058
0.02823915 328.9479
0.02531104 307.7019
0.0206301 333.0283
0.01771201 328.4648
0.01890628 301.4989
0.03305098 283.686
0.05575138 268.6473
0.05089193 278.8187
0.05147079 289.0902
0.05734202 306.8398
0.05401724 329.177
0.0258853 309.8737
0.01467095 380.9384
0.02113037 367.3499
0.0292392 347.4086
0.05383946 302.3045
0.06036623 263.3234
0.04169385 289.585
0.03865517 270.4329
0.03285715 248.9704
0.04362746 224.6705
0.04863359 237.8948
0.03761449 211.678
0.05385177 177.1532
0.05985985 163.0224
0.04042926 190.9166
0.04859453 171.9555
0.05138589 190.0584
0.04796778 200.6864
0.05006409 222.9997
0.04834789 218.5293
0.02745698 215.2485
0.02681316 220.3894
0.02853102 272.0052
0.04327945 339.7921
0.03576281 345.8235
0.04170008 372.7683
0.0300846 371.5217
0.03031499 439.9349
0.01867916 410.2097
0.01100087 325.6489
0.01915377 332.6599
0.01422834 348.8744
0.02209185 331.9727
0.019509 344.9346
0.02092344 332.1766
0.03093933 385.4719
0.02632409 384.9086
0.01982436 457.4755
0.0247097 407.6578
0.024782 378.2813
0.01689661 394.1475
0.01219416 404.265
0.01336231 410.4325
0.02831574 399.1105
0.04026917 374.9852
0.02036928 390.8376
0.01976624 356.6007
0.02053627 327.9763
0.02236307 293.3425
0.008791055 249.0641
0.02350378 286.6928
0.01092217 292.3724
0.02900697 286.7079
0.0286242 265.4681
0.04322199 246.058
0.04442168 248.251
0.03363909 251.4856
0.01549399 227.4706
0.02512271 271.7729
0.02468929 312.8867
0.006853846 332.8076
0.02258108 346.4424
0.01859885 341.084
0.0267864 307.6271
0.02177304 401.6142
0.02002132 362.3949
0.03562987 314.3587
0.02977985 280.7782
0.03088089 272.8743
0.02329089 236.6288
0.02123576 194.4157
0.01658502 181.0169
0.009561163 192.7235
0.01960102 187.5311
0.01368611 179.2781
0.01415882 159.3513
0.01074351 150.5605
0.01035228 157.6035
0.009610946 169.3531
0.03590601 174.371
0.04452614 169.9652
0.04272635 149.2189
0.05460933 141.5436
0.07281857 157.5774
0.05778498 154.5577
0.04969867 185.1859
0.07170831 150.3332
0.07393126 157.3086
0.06283752 153.3645
0.06190377 145.1533
0.05946805 123.9927
0.03177053 127.2231
0.03126715 106.5762
0.03045641 80.58507
0.03269082 94.38899
0.04756787 103.4142
0.05906758 103.7728
0.0568155 83.36562
0.06227467 107.9226
0.05317788 102.9852
0.05045177 91.84665
0.01841651 101.0616
0.01002117 93.43958
0.01898843 86.77671
0.005322742 80.00734
0.01050188 80.47284
0.02694581 90.51452
0.06232748 97.19442
0.0623485 108.418
0.07380763 103.2022
0.07639729 116.7993
0.08876797 118.0364
0.1046065 102.4754
0.1268924 91.55698
0.1203348 83.27
0.1253556 93.43641
0.1263935 116.8568
0.1078613 140.2925
0.1224596 139.5972
0.08678295 142.2399
0.1142102 129.1065
0.1162435 127.1177
0.1306401 132.7094
0.1231666 126.5005
0.1294097 133.0156
0.1027557 159.4025
0.07720861 137.5503
0.07179471 153.0802
0.07438612 160.2008
0.1194138 143.8121
0.1084883 124.4883
0.1142084 130.4126
0.1093845 119.019
0.09290713 133.4384
0.1225155 116.9934
0.1419593 106.9586
0.1486716 122.9229
0.1393509 120.2916
0.1327608 116.6038
0.1006137 139.7136
0.06579729 155.924
0.05463361 167.1456
0.0509951 159.3682
0.05552881 166.4848
0.04655347 185.0701
0.03509085 193.195
0.05590993 162.6536
0.03867858 149.1204
0.04893031 177.5456
0.05464716 168.0353
0.06870966 143.1841
0.07869115 141.4395
0.08286031 149.4516
0.09447039 138.0199
0.07143845 167.0118
0.09398945 168.6356
0.06886089 160.0498
0.08528453 186.1875
0.06666882 170.4289
0.05332979 138.9252
0.06539712 119.0292
0.06455349 114.0442
0.05441947 139.3525
0.05057888 149.1645
0.02214788 129.2097
0.01888439 166.2497
0.0194148 163.8527
0.0250035 150.8599
0.04226123 162.8958
0.04115592 163.6221
0.04821693 139.8731
0.05491013 142.5873
0.06147349 135.2453
0.02506233 150.93
0.03196588 170.4849
0.04709928 148.8081
0.05637482 176.7411
0.05807541 194.7132
0.05976146 208.334
0.03071686 202.0167
0.034695 195.3837
0.03444518 184.0099
0.03090834 209.3517
0.0259881 175.1572
0.04710315 163.3931
0.03654829 171.7775
0.05331085 184.4668
0.07326317 173.1715
0.05837537 187.9717
0.04254251 214.2984
0.05208922 238.7625
0.05868707 253.2539
0.03809618 240.1399
0.05976412 310.3682
0.05332284 305.366
0.07139466 282.3947
0.05574337 235.3018
0.03595417 280.3133
0.009537943 288.9668
0.00807436 252.134
0.01768223 256.3565
0.02978144 254.1882
0.03139091 232.2325
0.03728085 239.2402
0.06701671 223.4394
0.06234117 192.4424
0.04798321 155.0525
0.03288606 148.4739
0.04970499 129.0437
0.05423818 116.1931
0.04290275 97.95634
0.06611565 116.2345
0.05387392 151.1895
0.02632178 157.0132
0.02614361 153.7177
0.0164276 167.3068
0.008749482 158.9593
0.02015517 159.9851
0.04006464 153.5938
0.02315508 143.0964
0.03334549 146.8391
0.01382454 144.948
0.0308353 142.23
0.05782807 119.3577
0.0748964 135.0179
0.09489054 154.9732
0.09184205 151.7531
0.09074585 146.8515
0.0579225 136.973
0.069746 119.3707
0.07863826 127.1375
0.04915906 153.8386
0.03952395 152.0197
0.03268001 183.9048
0.02166129 204.0301
0.01186287 185.7711
0.005917119 200.3833
0.01270099 194.4165
0.0315101 193.7982
0.03984549 168.7931
0.03083511 152.011
0.02435334 158.2602
0.03888335 163.2365
0.04075904 184.2722
0.04457856 171.4681
0.03162289 172.2223
0.018138 172.5844
0.03026201 170.6438
0.03023907 154.9231
0.06326514 138.8957
0.03492657 130.2581
0.05751315 142.8404
0.03965753 148.4235
0.04948486 154.6917
0.06797976 131.7593
0.07818711 120.0654
0.06814983 101.6967
0.0515626 109.4168
0.05442626 104.2131
0.06106146 169.2688
0.07306659 163.3768
0.08591331 182.0034
0.1002874 167.9316
0.09388572 172.705
0.06799891 183.3851
0.04046462 170.4038
0.04950489 149.0402
0.05035818 147.1971
0.02871373 153.4375
0.04086924 185.2323
0.02384123 183.9179
0.03968969 179.5687
0.02444888 207.8991
0.02007666 171.3584
0.007206923 149.9386
0.02563931 145.3929
0.02378665 154.6231
0.01580453 142.9606
0.01158003 156.0289
0.008225675 175.6415
0.00888454 190.4233
0.0167197 200.7214
0.02931649 237.6046
0.04948709 215.4259
0.06979224 207.305
0.07209519 212.6695
0.05856975 189.5409
0.06756865 257.6262
0.05117589 231.6064
0.02832499 273.5393
0.04116213 203.2139
0.06384802 219.3475
0.03918435 197.006
0.06768298 185.5418
0.06365059 198.5968
0.04772003 189.4157
0.04874957 179.8425
0.0625244 175.1214
0.07004057 181.7696
0.0624312 185.1939
0.05245037 200.1123
0.03068067 209.8636
0.03638282 220.2195
0.04312189 242.4655
0.03648575 242.135
0.01946664 257.4348
0.02014555 203.9635
0.03442985 164.7359
0.04561544 146.1924
0.07173361 162.8475
0.06416043 183.9338
0.05730375 178.656
0.0846947 191.1675
0.08664196 180.5711
0.07906118 173.2825
0.04404983 185.7249
0.03888148 155.8463
0.05102003 165.7596
0.05258865 168.7698
0.06047156 179.5102
0.05019957 185.846
0.08507079 167.3855
0.05359758 140.0294
0.04825278 134.8534
0.05434612 128.1953
0.0706235 155.8157
0.06318841 137.9524
0.05623924 143.2764
0.05693455 148.0851
0.07087184 195.772
0.08631553 175.2041
0.09486736 186.7896
0.072909 190.9494
0.05576143 222.9987
0.0503011 212.877
0.05607788 177.5733
0.04704083 165.8557
0.05155046 192.8686
0.06692677 219.3468
0.08770946 218.9579
0.04122848 276.5352
0.0229693 311.6408
0.021184 351.2608
0.02096812 327.8106
0.04048009 320.3865
0.05091462 278.6585
0.03559026 310.7198
0.03938971 236.0156
0.05015269 255.1956
0.04242428 256.1494
0.06538292 252.6389
0.06544244 201.1932
0.05627845 177.8283
0.070808 184.9249
0.05808571 166.8265
0.05424212 180.8646
0.03649938 203.5591
0.03254168 220.1863
0.02965342 238.0266
0.06776225 276.7505
0.06124953 277.5957
0.06039735 285.397
0.061749 271.7723
0.06735791 248.1585
0.0647268 270.2082
0.04802922 238.2332
0.06109344 267.8716
0.03786592 290.5015
0.03702549 258.765
0.0248937 281.6877
0.02909046 244.9709
0.01607875 233.9809
0.01003233 252.5285
0.007068885 277.7533
0.03235874 254.0535
0.04046755 273.261
0.0269201 226.451
0.02895631 265.4635
0.02322065 264.635
0.02744078 290.2886
0.02187053 281.2212
0.01114723 257.4617
0.01373936 239.1192
0.02074212 257.5388
0.02807137 268.2654
0.04071358 249.0496
0.04378511 210.3707
0.04618019 202.9783
0.063203 183.7583
0.04416414 193.0246
0.03468325 178.4879
0.02591818 225.5678
0.03146398 207.0495
0.03364759 199.401
0.02907046 231.4791
0.02538053 248.9689
0.0282745 244.6079
0.02534888 208.1179
0.02841795 172.2447
0.03166399 192.628
0.0354072 175.4773
0.0349219 192.3592
0.02258188 200.094
0.004396329 190.374
0.01243792 209.6317
0.004164287 228.4251
0.01399451 208.4346
0.01228028 200.2919
0.02133824 212.8436
0.03205286 185.0252
0.02984714 228.5061
0.06549288 206.3368
0.06323858 231.1089
0.04730762 247.4885
0.04051818 240.7414
0.02499327 248.108
0.01988001 225.0385
0.01365926 212.2052
0.01943759 223.3411
0.02875967 229.1101
0.01975985 254.0172
0.02696803 233.5544
0.02696494 275.9522
0.03294906 306.0094
0.03962649 288.6054
0.04620054 264.3803
0.0654487 256.0004
0.07497995 251.686
0.05919031 218.9519
0.06363696 208.7801
0.052159 246.9692
0.09378365 238.3232
0.07140917 274.0366
0.07601094 282.0688
0.04468812 272.07
0.06245827 285.4242
0.06035958 227.494
0.03777988 252.9598
0.02651687 257
0.0108651 237.4213
0.01830983 256.4253
0.03029757 246.3347
0.05317401 220.3664
0.04985064 209.2668
0.05272145 187.8722
0.04581124 187.6802
0.04030698 160.1992
0.02962365 168.223
0.02511551 145.951
0.03600466 143.3163
0.0573823 141.686
0.05606061 139.2535
0.03537522 168.5728
0.04332445 159.6904
0.04509882 161.5825
0.05462576 162.5802
0.07140817 166.8857
0.06890476 166.4102
0.04599894 207.281
0.0652546 217.5064
0.08632694 209.7735
0.07731821 207.6279
0.07364018 218.7785
0.05185026 178.1427
0.05271998 193.0892
0.05968922 200.5984
0.04879229 225.1089
0.03628408 218.0981
0.02576451 238.6489
0.06510529 252.9225
0.05755981 286.5154
0.06703857 287.6649
0.05422345 276.5535
0.04519304 269.1097
0.04587608 281.8195
0.04725656 371.0815
0.02150967 317.1329
0.02283278 339.0024
0.02705996 352.5092
0.02245381 428.3863
0.05024629 394.0266
0.0488788 418.148
0.06073252 462.475
0.05486101 476.0508
0.03969244 420.5867
0.05213833 431.2718
0.02531095 402.1988
0.02330845 414.9544
0.0169652 455.7621
0.03144991 473.958
0.02044752 423.716
0.015878 471.306
0.01012897 425.926
0.02569676 457.4179
0.01998672 441.2189
0.02228002 349.528
0.01370497 314.9661
0.01605894 329.2552
0.02424668 318.7096
0.04876609 341.1815
0.04357807 308.9319
0.02719196 288.3829
0.02313745 297.374
0.01463446 338.0329
0.01871881 365.0616
0.02796631 368.2945
0.02157185 367.6742
0.02429911 380.0873
0.01290903 338.5168
0.005533186 385.3998
0.003091167 396.5308
0.01108957 380.0701
0.01483266 328.5744
0.02729237 336.5381
0.01185422 386.0245
0.006340797 380.1304
0.02131945 297.2078
0.02364469 316.9564
0.02041577 310.1156
0.03004064 393.0286
0.03519578 448.2255
0.03019168 414.7485
0.02496499 394.0138
0.02322754 325.359
0.02670282 332.7365
0.02721578 327.4971
0.03140861 359.0752
0.01213083 359.0501
0.03130378 397.128
0.03936176 357.2357
0.04578321 370.139
0.03403804 323.5431
0.03306853 333.5944
0.01790543 311.5818
0.01859512 384.2793
0.02179302 384.3786
0.02967289 366.7354
0.05587455 404.5639
0.03281928 298.0374
0.03383023 348.193
0.02731705 343.034
0.02503268 318.5863
0.03846724 302.0156
0.07071387 277.1672
0.05030659 309.6898
0.04869512 345.8319
0.02369325 336.0153
0.04031975 351.1096
0.02354386 382.295
0.01399484 424.4767
0.01759863 460.2399
0.016381 518.7093
0.007410268 630.5811
0.0104561 802.2111
0.01116194 806.1561
0.01196316 842.4184
0.006948011 772.4158
0.01608703 728.5754
0.01827646 780.2733
0.007347234 765.9266
0.02866216 731.0202
0.02804803 508.294
0.03494489 421.3394
0.03479774 450.4586
0.02461804 398.8669
0.02373093 348.1272
0.01316364 340.0687
0.01938109 422.3299
0.01916034 462.4036
0.01292981 429.5154
0.006870373 416.2429
0.008872678 418.111
0.008836881 444.476
0.01554715 377.972
0.02680929 479.714
0.02849577 423.9888
0.02364094 477.4923
0.01974702 439.6806
0.0333727 429.7357
0.02792756 407.4967
0.0303481 470.2174
0.0218436 503.4372
0.01730779 480.795
0.0171214 546.5657
0.02033946 558.6357
0.02142132 544.9091
0.02731091 555.9768
0.01805969 567.3397
0.01498604 531.2198
0.023283 569.2312
0.01536796 481.4007
0.02412297 491.045
0.02560897 490.6253
0.02628576 489.3379
0.02119098 493.4434
0.03199704 469.3889
0.02504085 436.357
0.02444663 379.4921
0.02198028 359.4665
0.03870487 396.0384
0.04333234 323.0045
0.03200392 286.8485
0.05002297 285.4776
0.03280476 333.9191
0.03009176 346.8689
0.04072952 292.3333
0.05063289 299.2438
0.03285313 345.9707
0.02184275 371.5621
0.02376652 307.2749
0.02018912 270.268
0.0208881 316.7139
0.02180607 269.7604
0.009384448 225.7284
0.02326908 230.8127
0.02367815 213.7953
0.02002494 243.8198
0.03225627 225.1027
0.01965637 204.6691
0.02444526 224.3687
0.05248968 206.085
0.05832119 208.4395
0.0507031 209.5551
0.0398955 222.195
0.02572332 217.0638
0.04539299 244.4639
0.05092974 290.1272
0.04037387 302.3694
0.03327777 280.3293
0.03069884 290.3064
0.03797747 283.042
0.029529 320.3642
0.03060171 312.9061
0.01427125 309.8394
0.01964546 279.6547
0.02116758 271.7168
0.01130201 274.7635
0.02234096 276.4183
0.02116823 290.6514
0.04014399 230.7535
0.02086814 261.7481
0.01207892 265.3
0.02058726 222.7109
0.0209385 182.1957
0.01430515 187.168
0.0369072 168.2825
0.04697431 166.119
0.06588981 180.9398
0.07365367 169.1638
0.0636966 177.1871
0.05886818 216.5528
0.04998571 239.4125
0.07012816 208.5686
0.04867382 196.2486
0.07041939 197.6209
0.06472176 201.713
0.0597292 147.2692
0.06575654 137.5843
0.06117687 123.281
0.05559442 112.7403
0.04632606 113.5132
0.03794367 119.404
0.04572338 144.9593
0.04809822 131.6326
0.06640114 119.2771
0.08356284 128.8843
0.07155917 130.0136
0.09339792 126.7718
0.06817365 137.8114
0.08208087 160.6624
0.07293209 172.4138
0.09364403 196.7418
0.06629628 162.72
0.0483298 155.2653
0.06332988 153.5413
0.09895004 140.192
0.07641132 136.1787
0.08599429 144.988
0.0936489 141.6256
0.06274884 151.7575
0.07959192 163.7064
0.05363296 188.0707
0.07653149 174.9309
0.09894789 184.4513
0.09650127 211.5199
0.1226049 195.6057
0.07014879 187.1373
0.04706856 165.9933
0.03836261 146.1055
0.03411384 137.4505
0.03280226 150.9847
0.03872126 168.5875
0.0490658 172.9647
0.04108886 172.4217
0.04563917 175.8076
0.05680745 174.8994
0.04111515 152.1514
0.04774688 156.1962
0.03239391 179.9552
0.04221766 176.3339
0.05768993 174.0956
0.063668 156.3264
0.05679794 162.2827
0.03140115 159.1637
0.05661023 157.9713
0.0635987 141.5575
0.0823308 143.925
0.07849081 131.4774
0.08143805 142.3549
0.05682398 143.9304
0.03921655 165.0339
0.03882734 183.1657
0.06159046 193.0888
0.0508112 207.437
0.03501793 196.6299
0.03402838 196.2203
0.03518861 185.5507
0.04742376 241.9846
0.03146671 229.0745
0.01698091 221.6262
0.02382829 190.2136
0.03142143 190.9826
0.01915739 153.47
0.005633126 134.3231
0.009703669 157.6955
0.02516274 173.501
0.03597557 195.6623
0.04275561 160.7195
0.05503326 133.7851
0.0864552 124.0325
0.07025663 105.7359
0.07094625 104.185
0.07335273 95.63517
0.06094079 96.44513
0.09031807 91.83218
0.06061263 110.4671
0.06593854 102.6457
0.09099311 111.3521
0.09995689 120.7683
0.07374047 113.8329
0.08244428 111.3976
0.07729206 108.6918
0.08115467 95.10684
0.0557719 104.3978
0.05034668 99.24183
0.07202724 105.7812
0.06516104 116.9607
0.03989343 117.5825
0.02591723 141.8669
0.0408388 141.6063
0.04275463 142.94
0.04630677 147.0194
0.05395633 131.1568
0.06000512 144.3649
0.05848301 149.4316
0.05692462 142.6044
0.06463374 135.744
0.05701496 129.0565
0.08396609 146.1699
0.06261778 125.3156
0.07909834 120.571
0.08411298 116.2497
0.1133205 123.0074
0.1193066 99.93349
0.1129956 93.77943
0.1293514 102.046
0.1145557 99.30607
0.1016123 112.9376
0.112071 103.5652
0.1189631 92.90632
0.1427697 105.2614
0.1773313 96.47105
0.1731214 82.47749
0.1911847 79.88191
0.2177379 69.0971
0.1830437 73.3762
0.1597126 86.01128
0.1315507 82.05367
0.1312758 104.1067
0.1032517 110.0112
0.1366267 109.4919
0.1086986 104.0854
0.1520116 101.2362
0.1411117 106.9928
0.1276842 94.23627
0.1383668 103.4639
0.122162 107.8604
0.1434289 124.3165
0.09441042 98.64632
0.05980856 112.1351
0.05553525 126.66
0.04316091 133.7051
0.04979753 119.1963
0.05710804 123.2802
0.04400664 115.2956
0.03974664 98.81034
0.06438538 79.1895
0.05039683 85.6188
0.07678958 90.06519
0.1151923 99.33124
0.1147275 108.7974
0.1014822 104.1828
0.07887304 116.5861
0.05017092 135.2306
0.05536732 141.1101
0.06784261 159.9557
0.04677713 159.6496
0.03394014 127.122
0.03858763 123.0675
0.04960471 138.8931
0.04696542 142.2247
0.02556966 135.2314
0.01512844 138.9234
0.02223356 133.6956
0.03824478 138.6347
0.05660291 133.4163
0.08353578 121.8642
0.06758261 123.4167
0.1039506 122.3577
0.07861063 97.08331
0.1028893 80.96557
0.1164671 77.6841
0.1297278 68.90435
0.1150754 70.85734
0.08315344 80.20704
0.0690741 90.01232
0.06079876 109.8175
0.06430687 113.4117
0.07382947 117.5688
0.0394107 108.0346
0.04978959 109.0543
0.03936925 103.2072
0.03671533 88.025
0.06856649 98.57396
0.06141202 120.1419
0.04816972 127.6967
0.04505856 142.9313
0.07018671 135.4764
0.06610279 144.0165
0.05408435 142.9944
0.06606373 153.8959
0.05967974 156.9089
0.07490666 169.3607
0.05457698 178.3059
0.05697718 164.5511
0.05495925 157.3797
0.04598482 181.9842
0.07109541 169.5925
0.03825695 172.3883
0.03430008 180.1174
0.02778297 171.3516
0.0470896 152.4209
0.04518557 173.9897
0.07662165 165.4867
0.07240872 193.2565
0.08086792 178.7157
0.07236192 208.7724
0.05010073 253.9923
0.03992468 222.4071
0.03036855 196.084
0.02653795 171.3373
0.0355775 200.9784
0.04188085 222.2335
0.05058731 221.3909
0.06368116 204.1195
0.08861866 220.7894
0.1089657 176.6121
0.08401146 195.4787
0.05436674 187.761
0.07500378 213.8275
0.05988162 214.733
0.08105927 249.6595
0.07142736 247.0662
0.06691129 268.4543
0.06128093 242.9048
0.04192974 306.6717
0.03047012 270.5962
0.06165626 255.9795
0.05924561 286.0119
0.03996823 271.7682
0.01832418 216.0616
0.03007264 244.7376
0.03999368 278.2049
0.02075315 331.2378
0.01911996 338.0862
0.007051085 349.1282
0.0006382573 339.3393
0.003861588 340.889
0.003384499 416.6959
0.005634033 378.3487
0.01234668 382.1865
0.0182624 399.7473
0.03400755 396.0694
0.03747612 406.9278
0.05452206 409.2515
0.0360462 323.4946
0.03062933 289.7958
0.03673073 324.5097
0.0427094 316.0265
0.05507541 295.2078
0.03162341 283.5924
0.02510278 285.4986
0.03598371 305.6781
0.02436492 275.2884
0.02306214 253.4548
0.02610421 305.9284
0.01611761 282.5131
0.02895786 235.3332
0.02471088 233.4439
0.03663228 254.7696
0.02802982 258.8204
0.02431074 228.0647
0.05290813 234.9232
0.04682821 229.9277
0.03914327 248.6158
0.02417816 228.7532
0.02514537 215.6724
0.02998705 218.4011
0.02451076 219.9918
0.0286763 225.0318
0.03081619 195.2267
0.01573608 172.5522
0.03446612 189.2165
0.05940651 182.0022
0.05521757 192.7474
0.03116931 172.0025
0.02369864 159.3067
0.01768616 161.5294
0.03157842 202.8946
0.02930215 228.4493
0.02962297 263.1327
0.03401968 245.5199
0.04308843 241.7479
0.04693655 260.7682
0.04299621 264.0459
0.0245854 237.6561
0.06416656 233.5218
0.05017935 242.2164
0.02887481 230.7736
0.01979501 204.5385
0.01374973 193.4763
0.005753284 167.5619
0.01397782 179.3277
0.006436553 167.8372
0.002760643 152.4635
0.008862574 169.745
0.02582311 146.4364
0.01275775 166.2763
0.0180287 179.8103
0.01113052 203.0771
0.009246766 170.4731
0.01692306 158.2341
0.005367543 141.8663
0.0137668 141.4193
0.03008055 154.004
0.02912683 175.6562
0.04034314 158.5064
0.0603706 134.564
0.1185469 122.9816
0.09123453 112.8035
0.05942068 119.1978
0.08181656 144.3085
0.09500242 149.7618
0.1014688 140.694
0.09543728 137.138
0.06044956 161.1457
0.05447767 205.1747
0.04532046 210.4219
0.06691451 212.5723
0.05483679 174.9406
0.05031629 161.4282
0.08407782 163.6994
0.09131725 148.9096
0.08943911 144.7684
0.1163561 167.9719
0.1154914 165.6482
0.091662 184.9673
0.06108791 216.5757
0.04476045 197.9258
0.06318498 214.8693
0.06038431 218.1387
0.03641233 233.0028
0.03001388 247.7343
0.03650616 257.0148
0.0741129 257.9356
0.04579988 273.7012
0.0267187 255.7031
0.04938261 289.0145
0.05276053 240.074
0.04742887 244.2289
0.04960009 215.0514
0.02935541 224.495
0.05120447 190.7945
0.02730144 189.4957
0.02942698 159.8255
0.01663846 178.4614
0.007186262 193.4772
0.03125487 172.8756
0.0367153 186.1951
0.03214477 230.4099
0.01877158 280.4514
0.01877128 289.1893
0.02811184 257.189
0.04283768 242.704
0.04581565 276.1766
0.04217685 250.4879
0.03969678 239.0386
0.0370832 218.2081
0.0538093 233.1932
0.04473928 202.0291
0.04997436 174.9804
0.05378861 160.6604
0.07569469 180.7313
0.04985372 213.4227
0.04707027 207.5106
0.0677978 232.7327
0.06559865 240.9516
0.08654755 198.2595
0.07444215 206.9499
0.0372433 227.4855
0.05819359 228.7181
0.03735058 209.3507
0.0390863 202.6629
0.02920432 207.4863
0.04621657 223.0808
0.02681567 234.4636
0.03067111 215.8887
0.01627701 245.5255
0.03268805 227.1922
0.048581 217.7898
0.02819256 199.643
0.02562882 204.3516
0.0148349 212.5375
0.03770068 242.2487
0.03684794 281.0501
0.04025099 287.133
0.06096547 304.776
0.06696149 324.6813
0.06336945 320.6378
0.04393083 313.254
0.05109899 365.859
0.03062219 422.7375
0.01973093 387.5388
0.02349103 360.4725
0.03820762 353.1274
0.04258904 294.7898
0.02760832 280.7277
0.02863023 346.6512
0.03481156 328.1658
0.03527845 319.9536
0.03960005 317.1549
0.0382342 315.2613
0.03668987 326.8921
0.03971603 408.0285
0.03354395 421.8243
0.0281669 401.86
0.006242431 387.1594
0.003910294 325.6931
0.01115118 266.2778
0.01014991 264.5483
0.01640246 231.4981
0.01839725 212.6268
0.02523135 218.8103
0.03562964 252.9642
0.006726824 281.2194
0.01021117 322.8064
0.006411705 308.2774
0.01380736 268.0235
0.02920775 254.3904
0.02689405 280.4336
0.03839995 335.0255
0.03539106 399.9304
0.01933725 479.0279
0.01215495 506.9914
0.003463802 472.4422
0.008267096 498.8026
0.00535338 536.0252
0.01186963 655.3123
0.01071569 566.8872
0.01776527 739.542
0.03170607 718.9161
0.02166392 673.3222
0.01905873 698.0669
0.03805588 476.0628
0.02624955 422.6098
0.03087388 465.063
0.01927468 400.4687
0.02076465 371.962
0.03693472 368.6547
0.01716015 326.8598
0.01496514 347.2187
0.02955482 360.0517
0.02278892 327.1111
0.02823697 358.0326
0.02539021 360.7542
0.0407052 424.7771
0.03587738 440.5863
0.0299092 348.2848
0.03005317 333.8315
0.04421648 352.7014
0.03633026 355.7581
0.03311857 328.3818
0.04640405 312.9368
0.04429142 335.4107
0.05138227 328.1094
0.04607721 312.1059
0.04030023 308.2949
0.04983519 274.0419
0.04082658 270.4654
0.04093553 276.67
0.03427598 265.0204
0.04646777 254.7256
0.04185046 250.0709
0.03259617 258.6901
0.06728185 254.8657
0.07410748 213.7182
0.059091 208.5823
0.07267019 192.1761
0.07919438 169.6249
0.04154929 178.5539
0.0444153 198.2184
0.06670205 227.1092
0.05826504 205.2696
0.05591319 190.0461
0.04175758 182.3717
0.02640181 197.3857
0.009492434 208.5016
0.02373983 201.3513
0.02447709 184.4982
0.04714458 215.7565
0.04849551 199.1269
0.04854981 260.5939
0.04678575 276.1952
0.02349305 241.0152
0.01332025 217.1638
0.01642142 202.3826
0.0201143 221.7212
0.02077134 241.797
0.02090837 195.6559
0.02538006 194.4129
0.02047164 196.0595
0.01127723 194.0048
0.02024191 200.3755
0.02331755 184.4034
0.03528848 174.6828
0.02730837 131.928
0.02838958 138.8143
0.02936861 145.4072
0.03202908 134.0396
0.01269183 122.4524
0.03574551 146.4044
0.04781586 173.0843
0.03365637 184.6018
0.05091298 159.2663
0.09616984 164.973
0.09593672 156.6374
0.1194949 129.7031
0.124026 140.0402
0.1060779 138.6643
0.1048739 164.6699
0.1046064 145.1464
0.09561998 138.5361
0.08894215 133.5673
0.058668 147.1842
0.04616568 132.1026
0.038169 135.1141
0.05020489 146.9314
0.06653573 159.5882
0.05961462 160.5317
0.06839773 155.7141
0.05343804 172.2866
0.07051071 160.6817
0.07698442 178.2361
0.04168771 189.9832
0.02903558 173.8118
0.01901602 213.7927
0.01540199 240.4008
0.01263646 251.7157
0.007931423 222.1509
0.003655445 223.735
0.005748404 214.8826
0.01198199 223.4
0.04074582 258.2013
0.04135566 250.8873
0.03907071 259.8455
0.03598732 290.0418
0.05634774 270.2439
0.04755141 279.4027
0.04295375 306.6718
0.03201532 272.5984
0.02481964 299.872
0.03777844 279.3891
0.03028808 312.9298
0.04513595 268.385
0.03916215 257.6055
0.03067569 281.4248
0.04348506 276.2848
0.05215835 241.8407
0.03664756 263.4648
0.0320024 297.5738
0.02689399 282.8275
0.03266284 267.4431
0.0131295 292.2775
0.01909256 252.798
0.01315526 247.9025
0.03689991 229.2367
0.03815989 185.985
0.04317248 206.8214
0.03478143 216.5226
0.03613442 229.9709
0.02244354 273.7057
0.03010825 270.2444
0.01691101 250.0254
0.03718104 250.0401
0.03296598 214.4007
0.02770495 215.299
0.03975181 191.5623
0.06466877 174.3532
0.06545152 172.5393
0.07078654 172.1961
0.09865509 169.5344
0.09056638 188.2353
0.08828961 162.8885
0.04421464 168.1947
0.05780593 154.2394
0.05749379 146.0794
0.05761292 160.1721
0.06711974 149.6487
0.04703355 138.9521
0.06047413 113.5396
0.04295109 116.9592
0.05065397 129.9707
0.06699297 122.6913
0.06887923 140.7333
0.08884609 139.7327
0.1528683 124.9944
0.1482981 104.5021
0.1322315 101.4458
0.1112289 99.75644
0.1415492 94.96776
0.1410097 105.3703
0.1455103 125.5008
0.1352234 117.4444
0.1203553 124.2122
0.1534302 125.3994
0.1322673 115.2542
0.1151039 136.2625
0.1616028 119.7479
0.1016741 138.4759
0.1263756 128.5825
0.08517067 115.7414
0.06977733 107.3606
0.07468856 103.7783
0.07898967 101.662
0.06857062 113.0368
0.06946041 140.7412
0.05737746 155.7985
0.05137592 165.4441
0.06340391 150.578
0.07731513 146.3957
0.07350386 154.6813
0.06295005 175.369
0.07212193 192.9988
0.05934391 173.1901
0.06161064 184.1621
0.06846243 189.441
0.05438635 204.4894
0.03530989 227.8988
0.02408354 257.2938
0.01476366 308.1361
0.002897971 335.4577
0.005609915 333.5425
0.01745614 345.7618
0.02083884 294.0276
0.03562712 345.6706
0.03310004 299.8021
0.03795433 341.0315
0.03430836 350.0246
0.04071091 331.6483
0.03262709 352.4883
0.02250579 330.5727
0.02093322 287.9306
0.0300121 309.7927
0.03057411 287.7959
0.02570917 241.7239
0.04786407 297.0735
0.05889358 266.3202
0.04365611 237.8155
0.04399345 200.0169
0.04304633 185.4762
0.04621847 184.9917
0.03153445 156.2798
0.05530329 130.9258
0.03061738 129.8843
0.03752671 151.495
0.03662329 142.6419
0.02271277 188.3485
0.02204413 223.8775
0.02276001 268.3331
0.02929894 251.1014
0.03109206 264.8815
0.0445779 229.8727
0.05705407 223.3333
0.08232659 226.4029
0.06275008 211.1379
0.04349212 218.1475
0.02498904 192.1688
0.05689354 169.963
0.07335604 166.5157
0.07188879 149.1699
0.06247555 176.3726
0.05654385 146.6032
0.06098316 147.2564
0.06532732 164.6924
0.05741567 175.4782
0.03578748 182.9442
0.04078238 165.4227
0.03174821 151.0358
0.04293094 144.8335
0.04385548 149.1496
0.02063549 144.2573
0.01378656 139.0411
0.02854835 160.6758
0.026846 148.2902
0.01528148 165.8907
0.01801388 168.555
0.01489213 152.2895
0.03336259 163.8965
0.03598408 173.0782
0.03940503 165.464
0.02645807 186.4974
0.01981168 191.3102
0.02125362 146.2263
0.02133685 157.7401
0.04580178 154.1123
0.05007428 168.4224
0.04524371 174.9021
0.06633599 130.3696
0.09682987 120.6198
0.07253564 99.58333
0.110727 95.73349
0.09933266 82.39597
0.08146231 86.4802
0.0384782 88.33646
0.0382218 100.2204
0.05925567 112.3387
0.0766948 105.3794
0.06902085 112.4033
0.05107319 106.1285
0.08069431 108.6585
0.06730558 99.1267
0.07794593 96.81471
0.1405256 112.8091
0.1135237 107.2369
0.1138853 111.2017
0.1195473 89.64517
0.1091735 99.46142
0.0911907 93.01873
0.1311558 97.61326
0.1236357 117.9479
0.09225985 100.7226
0.08603118 99.85613
0.08755358 93.94615
0.08326815 84.38243
0.06236736 80.04703
0.06588757 93.32154
0.09566416 92.42994
0.0880985 86.23607
0.0952967 87.78368
0.08413024 129.8139
0.07135724 114.0973
0.06460161 129.7404
0.09152834 130.7087
0.0677631 134.3128
0.08004092 136.9164
0.06280003 144.5735
0.0416158 147.8594
0.05523303 153.0737
0.07206385 172.3851
0.06213179 158.5935
0.06422489 162.1787
0.07344929 137.1887
0.07399277 165.6929
0.07836577 188.0502
0.03206011 210.2779
0.04248338 187.1359
0.03580471 196.9382
0.02427884 225.1314
0.02650772 250.6888
0.02244748 276.0329
0.04073647 261.5972
0.06235516 266.6631
0.08464593 216.7208
0.09366733 180.1139
0.09521189 208.2681
0.05441069 226.7139
0.06931032 223.7416
0.04904275 215.408
0.05413278 211.842
0.02420719 233.1646
0.02915257 252.2473
0.008662369 260.0807
0.009037971 226.6687
0.02648873 221.4751
0.02737717 248.0027
0.03047306 225.5461
0.03552343 217.6219
0.04756845 258.566
0.02684914 265.8876
0.02057703 262.955
0.02817308 280.2464
0.02156342 367.8977
0.0155681 328.1355
0.03056577 350.5345
0.02030771 367.1425
0.04208827 331.4723
0.01627391 402.1262
0.01171848 355.9343
0.03034056 371.7832
0.03827092 359.2747
0.03745592 305.9451
0.03846705 294.346
0.02998367 340.2183
0.04674449 314.7708
0.05011775 289.7339
0.03512259 367.4147
0.04608769 350.2337
0.0344425 341.2343
0.05079322 288.4147
0.03837925 250.698
0.03315465 302.8536
0.02188506 319.976
0.02876625 344.9099
0.0387432 313.3551
0.02134297 275.6294
0.02078439 219.4126
0.03537402 230.801
0.03150709 227.9408
0.03653761 191.3408
0.03035575 166.3776
0.01727838 172.9405
0.01638902 152.4729
0.03044535 162.3403
0.0220476 192.1568
0.02359512 201.3702
0.02578861 181.9962
0.01265229 164.7592
0.02128388 168.9046
0.03520587 211.3393
0.04348142 200.4752
0.05878781 231.2391
0.024215 245.4284
0.02671107 254.7662
0.03171736 286.339
0.04917297 298.8559
0.02194375 280.3385
0.02014886 292.012
0.02764515 266.7921
0.04684281 270.2748
0.06953676 222.8732
0.04923923 209.219
0.02277463 227.7093
0.03837228 235.9511
0.05402608 256.7006
0.06638731 252.9191
0.05624468 269.5792
0.03446269 268.8469
0.0460954 277.0904
0.03952259 275.2049
0.02934574 250.3082
0.03256232 245.1134
0.04151748 243.9895
0.04032157 259.9657
0.06029332 236.9945
0.0456279 225.8757
0.02338173 235.4335
0.05422405 291.7715
0.052933 264.0845
0.06010146 264.4132
0.06231344 256.9723
0.08808936 229.1142
0.0689873 214.4665
0.06402577 202.4135
0.08461686 207.8093
0.07122386 206.9392
0.051067 201.3957
0.03460805 177.4914
0.04531457 154.7215
0.0503651 162.1884
0.06057404 149.6461
0.08311235 145.2421
0.1038243 112.6701
0.1082253 105.961
0.1182855 119.0411
0.09229191 112.0854
0.09910781 104.471
0.1018455 106.9232
0.08135746 110.8222
0.07684872 122.5146
0.03821947 116.6052
0.04314951 123.1044
0.04516208 132.6453
0.04961348 129.1
0.07078249 167.1697
0.07376338 197.9316
0.06831027 184.6011
0.04829944 174.4078
0.03832374 197.8691
0.06938625 210.0528
0.05379122 200.6763
0.04642975 192.9287
0.04996971 188.8541
0.05708428 184.0003
0.05709641 178.981
0.07345456 161.4889
0.0910413 136.175
0.1011576 124.1078
0.1007559 137.5113
0.04956889 152.5256
0.03397555 162.3835
0.03092597 160.2385
0.03298618 127.4174
0.05605985 136.0654
0.06018266 163.5943
0.05479447 156.3205
0.05505677 145.7663
0.08065325 158.0936
0.05790479 189.246
0.09145954 184.2359
0.06698438 166.1646
0.0969383 180.1158
0.1113008 196.7358
0.1043642 214.2054
0.1263248 209.7287
0.1000641 216.371
0.08927562 199.1657
0.07228263 208.6349
0.07085135 219.0302
0.05360158 243.5598
0.04439955 239.4505
0.07101127 194.1605
0.05968908 214.1494
0.04525022 192.1099
0.03608054 187.1289
0.01822518 193.0628
0.009471402 229.0776
0.01668099 245.7121
0.02364562 250.2063
0.02364263 254.2154
0.02282275 206.415
0.01942855 183.2169
0.0496876 187.1899
0.08704829 217.804
0.09056933 237.645
0.04770374 309.8083
0.05134384 281.9137
0.05450002 307.1663
0.03159567 301.302
0.00732043 255.7986
0.02027048 278.3593
0.0261305 275.9253
0.02694402 277.5735
0.03317093 220.0615
0.05381117 218.6533
0.03407415 204.1174
0.03035129 180.7178
0.03413171 226.6902
0.03866544 266.9621
0.05463046 277.3353
0.05358706 268.2475
0.05979979 253.8823
0.02958342 264.2087
0.03558145 230.494
0.04261945 208.7232
0.02639019 224.9906
0.03376632 235.4742
0.03306944 223.4547
0.03147456 207.8068
0.04944722 173.0636
0.03987254 187.136
0.02429726 187.9024
0.02387141 178.7262
0.0231641 166.5039
0.01414965 157.2281
0.01136782 187.1572
0.01111351 171.6955
0.02549647 211.9716
0.02882161 244.2391
0.04336764 233.0333
0.06071184 330.9697
0.04441443 309.5051
0.03376565 323.6223
0.02427765 344.7195
0.03751024 348.3776
0.02513496 280.0428
0.02863168 281.8784
0.02679725 254.5853
0.0139073 227.476
0.03407609 232.665
0.02547245 224.7276
0.01341362 180.4726
0.04903096 158.8038
0.05274225 177.0987
0.08342892 211.8146
0.07072222 224.7708
0.07784654 250.1059
0.05128592 257.8739
0.05898017 274.6185
0.05112432 252.1366
0.07540583 260.9788
0.04477714 295.6969
0.04948405 287.3816
0.04292723 294.2487
0.03092838 328.6181
0.03842916 299.9381
0.03494355 312.5918
0.04516356 306.8341
0.0135039 344.3358
0.01622607 302.7148
0.02111418 290.7965
0.01438209 271.4104
0.02123826 251.036
0.0160436 233.7958
0.02370648 216.5608
0.026623 193.5345
0.05774496 163.097
0.04769883 179.4348
0.05695101 170.8629
0.0382355 175.3748
0.03054764 148.021
0.03809855 135.1992
0.07105321 137.9144
0.06693145 130.7764
0.06982846 142.751
0.04769738 135.8237
0.03705063 138.7786
0.0542921 120.6439
0.06571966 122.2861
0.04147928 116.384
0.08054233 121.5676
0.08331108 114.3308
0.06280784 124.4962
0.1035536 82.3206
0.09732656 78.74936
0.09374705 70.76237
0.07261978 61.07932
0.05026306 56.64592
0.05227328 66.03745
0.04440078 63.44775
0.03899819 63.8357
0.04224444 57.86976
0.05287321 60.94231
0.03630197 70.49872
0.03415184 78.74519
0.05768786 76.11198
0.09653134 74.07214
0.08472278 77.76099
0.1402551 70.67277
0.1302686 83.04538
0.167154 82.88279
0.1570257 78.31346
0.1766552 75.94869
0.1538405 65.19725
0.1445043 69.32216
0.1501368 69.59606
0.2022521 70.73093
0.1705258 84.13923
0.1999648 75.76584
0.2505788 71.43038
0.2499534 71.54263
0.2207176 82.51747
0.2261839 79.04076
0.2581341 93.25384
0.2789035 70.24378
0.1868162 67.90168
0.1627809 78.55998
0.1514308 86.12505
0.1612389 91.13976
0.156903 88.94587
0.1418218 78.58523
0.113603 78.77174
0.1028031 106.8519
0.1265789 114.6099
0.1080262 97.99099
0.07087514 100.5245
0.0838214 112.7383
0.09273456 115.5543
0.08581901 122.6978
0.06271977 104.2208
0.08427043 92.13759
0.07181074 93.97454
0.05421151 84.17761
0.01706631 103.5283
0.04298052 98.73478
0.04971213 105.6153
0.02821884 98.02305
0.01330709 94.92828
0.02142898 106.3092
0.02830185 102.2575
0.02425368 101.4439
0.0236328 98.63445
0.03365428 103.2165
0.05332606 107.2172
0.0422655 104.3017
0.04405777 108.8144
0.06318353 116.5864
0.0569585 97.66214
0.06445956 96.62705
0.09788172 110.1414
0.08693051 113.6009
0.09768174 105.2879
0.08858693 96.25452
0.05794812 94.06693
0.04170836 93.59532
0.02479398 102.5217
0.02433973 127.5941
0.03402185 134.4318
0.03337454 156.0733
0.02994636 154.1068
0.02962755 148.0259
0.01465314 133.0369
0.02510942 144.4393
0.01680054 176.6298
0.01498447 186.5418
0.03262093 181.8921
0.03626223 178.8713
0.03656584 195.6033
0.02661366 197.6273
0.01620438 189.3587
0.02451055 194.5105
0.01009555 176.9335
0.005876736 169.6737
0.01838301 142.725
0.01971404 134.0661
0.01103899 112.9874
0.01455118 118.988
0.02939876 94.92977
0.02854969 91.78955
0.04207286 98.54395
0.05963873 124.1002
0.04023362 125.9479
0.04924056 130.5536
0.04439801 148.6687
0.06384053 117.7195
0.07053677 116.3252
0.1015939 106.1382
0.09541435 99.27355
0.09119429 97.98596
0.07859821 97.28336
0.07027483 83.83557
0.07848426 86.71806
0.0917935 87.28005
0.1198751 98.39842
0.1101443 107.3751
0.09992869 136.4963
0.1166955 132.4277
0.1315524 141.0084
0.1051109 147.9616
0.09613624 155.9978
0.09893561 178.3524
0.09140054 167.7713
0.1226379 209.946
0.08063336 202.5285
0.04212132 206.2447
0.04023897 223.1152
0.03844246 250.3243
0.05025859 223.8728
0.05206061 200.8846
0.06288524 184.0921
0.06096259 199.9996
0.03660907 190.1012
0.05543543 185.9771
0.05508269 201.2435
0.05440801 193.0491
0.03139332 211.8503
0.02013468 198.624
0.02095327 217.0702
0.01034738 272.4508
0.02026705 218.527
0.02981833 253.7772
0.03461677 261.7606
0.03232887 211.2171
0.008078681 185.4977
0.001418058 206.6031
0.005355246 228.9688
0.01838386 200.995
0.02230486 205.7568
0.03983815 186.933
0.05993565 199.8895
0.06264542 171.9482
0.05342557 174.6223
0.05974156 209.3448
0.08049344 204.8528
0.08363548 195.7959
0.03892829 191.0052
0.05768448 229.865
0.03091877 217.212
0.05168015 215.7856
0.03692774 242.6666
0.03243054 227.3054
0.05600398 280.8919
0.03357401 334.2725
0.08618724 301.3425
0.07451217 251.9696
0.07480829 223.9303
0.06381448 237.0914
0.05907322 249.084
0.07922042 196.2976
0.1019719 213.829
0.1308919 194.6892
0.145316 190.2036
0.09235832 179.4566
0.08616544 161.9284
0.04807653 169.3673
0.05826178 159.7759
0.10653 163.5298
0.1440663 170.4782
0.1342648 160.1987
0.105625 171.2753
0.1252951 148.5314
0.09754922 149.5842
0.1056076 144.798
0.1281416 132.8883
0.1211552 127.336
0.1118617 135.5481
0.0942153 142.0147
0.09908665 146.4003
0.08013414 123.9971
0.1036416 120.8161
0.06733047 113.2571
0.07985151 119.8714
0.09516121 134.1654
0.06963485 134.3952
0.05942405 148.2711
0.03789077 150.9276
0.0618695 141.272
0.08653386 124.3609
0.09858067 108.451
0.0558601 109.8699
0.04646205 104.77
0.04512071 94.44456
0.04477218 96.3802
0.03936638 91.88624
0.04560124 101.0673
0.02385849 108.5695
0.04251002 124.4328
0.03433361 97.75945
0.01873983 83.48397
0.05047061 96.61526
0.05587157 94.04898
0.05282889 117.3888
0.09035972 116.2211
0.07725438 126.3557
0.08290969 116.2239
0.0612608 125.3783
0.06206675 127.2055
0.04005469 138.779
0.05030476 132.6666
0.06833488 144.8106
0.06202132 143.3704
0.07444547 129.6787
0.06710219 128.5037
0.06970207 121.874
0.0475465 140.7755
0.04933228 146.4168
0.03372775 123.594
0.04586048 119.429
0.04995029 117.7234
0.05578545 121.2625
0.04165223 99.35772
0.07489627 85.96029
0.07732359 73.2842
0.08249779 77.08444
0.08284068 86.27648
0.06575544 99.11743
0.07922835 92.06797
0.07732118 94.37986
0.07616504 80.90455
0.07257037 84.70592
0.06509316 79.70768
0.07098367 80.8966
0.07286069 90.6895
0.08762258 87.36929
0.07500382 102.2501
0.03999722 93.46377
0.0413729 124.4529
0.02942938 129.8318
0.03009605 125.2379
0.02759563 137.827
0.05669739 125.6894
0.05308953 106.6752
0.08381316 99.13928
0.03587606 102.3176
0.04790717 95.58258
0.04412347 96.24533
0.07740432 110.5162
0.09149915 115.1226
0.09723144 100.6069
0.06611202 107.3056
0.09860528 106.3024
0.11573 100.1163
0.07598204 86.54896
0.09480407 77.81742
0.1026386 65.36097
0.1115426 77.58656
0.1244228 73.86293
0.1487988 83.75948
0.161357 95.57461
0.1267019 77.16187
0.1128676 80.83569
0.103956 89.54669
0.1387352 94.26277
0.1160922 97.29703
0.1203367 87.9127
0.07794217 97.4621
0.06871139 97.73039
0.077015 89.73552
0.07545464 83.74176
0.08289261 86.18243
0.07989025 98.63148
0.06564283 95.82548
0.05636285 91.77816
0.06856457 94.65531
0.05294732 93.62464
0.05813183 85.98006
0.05692057 98.25123
0.0580313 96.14097
0.04940211 94.10687
0.05286207 84.90938
0.05246203 86.87553
0.04649972 95.43224
0.03998911 97.50113
0.05325084 95.52538
0.0605347 89.54724
0.05012939 94.73172
0.03141516 90.59015
0.01773807 103.9814
0.03961689 94.57119
0.06268783 103.8393
0.05103373 126.0972
0.03725183 139.4812
0.04117694 138.3492
0.06201451 141.699
0.07054233 158.1724
0.06709942 210.1278
0.05347404 187.6332
0.06212968 204.0222
0.07748485 229.6452
0.08530364 215.0669
0.06596804 214.1751
0.05449865 228.6824
0.06701273 216.8039
0.06564127 219.6046
0.0583964 223.8504
0.03026877 235.8395
0.03640378 210.8728
0.04707153 194.8403
0.02793687 187.7484
0.01998067 163.4411
0.04659445 214.0701
0.04081573 228.0916
0.04038864 243.4453
0.02998266 249.5956
0.03595383 242.8931
0.03095011 230.1192
0.02327957 225.8271
0.01760133 257.4491
0.0143925 279.2563
0.0291772 271.8525
0.02016579 297.5079
0.01183952 310.523
0.01909409 295.8463
0.01850516 266.7488
0.01651665 304.6351
0.0229948 339.1884
0.0322464 387.186
0.03373421 374.805
0.0418367 375.4378
0.04892406 359.3683
0.04375317 346.851
0.02587971 349.4661
0.03331839 402.6351
0.03416135 372.616
0.0411016 376.1236
0.03949675 357.6949
0.05578992 392.9961
0.04093884 323.5055
0.04095932 302.3963
0.03861985 321.7463
0.05306045 342.0749
0.05615363 326.4053
0.05783949 305.7314
0.06718566 289.8221
0.05733849 264.5478
0.07424159 225.6278
0.06658463 225.9442
0.0499701 221.002
0.04845284 228.3889
0.04343283 212.6517
0.04019062 187.6236
0.04083315 144.2334
0.06239978 129.5754
0.07229253 140.8595
0.06347555 127.3025
0.1036024 131.6261
0.1116837 129.4407
0.1027842 135.0068
0.1215025 132.9171
0.1062283 122.4098
0.0887852 114.0267
0.08932987 116.1181
0.09161871 122.1713
0.1012177 126.8809
0.1180067 133.5579
0.1308436 121.0832
0.1116995 121.6491
0.07925413 128.7783
0.08338468 155.0806
0.08623945 155.2255
0.06592106 151.2131
0.03850366 143.3318
0.03321848 145.7315
0.05429232 154.173
0.05251603 168.6167
0.05073684 158.5451
0.08637914 144.882
0.06494933 127.0966
0.0867285 120.9388
0.07157569 147.6113
0.05715411 144.823
0.02322141 153.7415
0.01880859 144.7572
0.01931473 132.4198
0.02768192 151.9904
0.01649331 145.7454
0.02216588 155.836
0.06365817 176.82
0.04827318 176.4924
0.07928901 226.9617
0.05250555 211.3531
0.0737176 209.6864
0.04777831 204.9803
0.02659572 226.2485
0.01204945 252.9402
0.003162453 255.2147
0.009379013 237.0928
0.01680285 222.0633
0.008322202 254.3399
0.005421855 264.9047
0.007955621 284.9699
0.0129172 289.5094
0.01747589 276.6864
0.01913058 276.0678
0.01916576 278.1266
0.01154422 325.4895
0.009885405 344.5026
0.005895214 358.4298
0.01188971 374.4238
0.02216771 337.3065
0.01915321 340.2631
0.02340463 456.3195
0.01084755 506.121
0.01015588 488.087
0.007961497 482.1524
0.02255733 432.164
0.02879759 385.4733
0.025354 374.6855
0.02371262 392.4207
0.01724987 377.9661
0.04013481 381.0754
0.02635223 429.1181
0.02606161 471.1651
0.01674893 467.3971
0.02149065 393.3987
0.0174114 382.4338
0.01068151 404.3527
0.00848414 367.2036
0.006691226 368.6385
0.01010855 350.8288
0.009844027 370.8892
0.009892277 365.4506
0.009092436 397.0701
0.01326338 392.7202
0.01931685 360.7067
0.016462 410.5883
0.02094955 388.2362
0.01399362 394.8683
0.02549894 418.4093
0.03265498 415.5498
0.03252467 493.9239
0.04510159 437.2391
0.03023238 547.2171
0.03517126 550.9324
0.0410536 488.6851
0.02789014 492.6616
0.01826737 459.4667
0.003903437 417.2143
0.02096493 363.4838
0.01625513 352.8523
0.03323864 352.5561
0.0767375 311.0398
0.04077667 300.888
0.049799 248.991
0.04216571 305.3083
0.03922114 278.3542
0.01797016 292.0846
0.01098487 302.5194
0.01415834 257.0587
0.02260938 279.4317
0.02780034 264.6239
0.02272117 295.7214
0.06228313 317.5413
0.05842992 305.492
0.03425165 319.72
0.01766624 325.428
0.01553742 312.8012
0.01454313 259.1955
0.01814055 288.9535
0.01820817 297.4196
0.008629025 309.7787
0.006199026 240.7222
0.01037323 234.6343
0.01998862 174.1666
0.01193041 164.1237
0.006359446 182.8885
0.004659365 194.2556
0.01655995 164.7337
0.0127692 158.9659
0.0215649 146.7004
0.01760666 146.3889
0.01382769 169.1058
0.01943019 186.3858
0.02065877 175.066
0.02243058 203.1603
0.01817227 203.4369
0.01795422 203.7653
0.02523411 190.2823
0.0264503 155.1313
0.03456127 156.7807
0.02973021 164.5152
0.01424845 152.2311
0.03745838 164.9611
0.05164113 176.6155
0.06591647 151.0349
0.06672541 139.2209
0.06552843 167.8347
0.04455839 193.8218
0.05087356 207.9211
0.05252834 190.1112
0.07300137 218.6967
0.04888386 242.0902
0.03927961 220.7328
0.02697427 188.5184
0.03848321 178.984
0.02715373 210.707
0.02711459 196.2241
0.04414144 175.0449
0.03937036 197.2612
0.03596785 211.7075
0.02627569 212.843
0.04463767 219.8063
0.04419731 231.1771
0.04266872 215.901
0.028131 208.5519
0.01504273 215.0453
0.02089099 190.4866
0.01805804 169.633
0.02376482 189.277
0.02372864 201.1044
0.03313358 190.45
0.03504136 169.0634
0.02061321 183.2023
0.03951087 209.7128
0.07614436 216.1899
0.05551675 244.7266
0.06100922 255.1321
0.05674856 275.4964
0.07605353 272.7803
0.08562744 217.8585
0.07662843 224.5279
0.03596407 264.3031
0.04451225 217.6317
0.05395252 248.5802
0.0422054 235.578
0.04268406 228.3147
0.05900406 209.8023
0.05957634 165.0409
0.05108978 173.5215
0.02988904 202.307
0.04167174 179.0983
0.06731659 184.2913
0.04677765 159.1306
0.05561053 185.763
0.052116 175.2758
0.0492532 188.242
0.05349093 216.1983
0.04435005 220.075
0.03812956 213.0238
0.04608998 247.8467
0.02024903 238.5216
0.01201059 219.6985
0.03104705 234.166
0.01033292 281.3991
0.004013072 237.7818
0.003938847 215.0937
0.0113451 222.5723
0.0051649 219.6171
0.01320187 202.5608
0.02566149 223.1731
0.01759244 246.3871
0.01633042 237.5986
0.0222397 227.0353
0.02400922 220.9475
0.03532692 206.5218
0.03373452 218.0598
0.03651883 214.2544
0.02965003 228.3668
0.03107731 227.883
0.03110304 235.592
0.04817482 200.4314
0.02474179 205.5201
0.04529904 191.3823
0.04219443 201.786
0.04072058 208.1685
0.0541605 171.4162
0.05558472 149.814
0.05117586 141.1174
0.0840464 130.2051
0.08864764 132.0419
0.08526805 131.3726
0.1004283 123.066
0.08417322 137.3466
0.05106693 137.3155
0.02954742 146.7058
0.02593502 127.6538
0.03544667 140.9243
0.04247355 146.7715
0.04211105 139.2769
0.07156058 140.8952
0.0766652 121.5537
0.09475653 120.832
0.0812884 105.6404
0.08635112 105.1465
0.1082223 118.0545
0.09342183 89.60312
0.05695973 82.82981
0.07511486 89.183
0.09657429 103.0118
0.1124925 106.0897
0.096148 108.7628
0.1025606 85.1088
0.06801123 78.8832
0.07524582 77.65274
0.07948619 105.1409
0.0803451 95.45429
0.06354584 104.1899
0.0585271 131.7983
0.04547701 134.1792
0.04656712 158.382
0.04198229 148.2586
0.05061739 141.7208
0.05148299 160.9682
0.04024775 157.0233
0.06091799 148.6524
0.07038616 154.8176
0.05199174 151.3789
0.04978999 155.0343
0.05933164 199.3113
0.06065127 181.1409
0.06373033 175.8323
0.05685047 182.6187
0.03601905 139.6854
0.03401609 143.905
0.02258505 138.7646
0.02413753 160.7059
0.04401319 167.6325
0.05093916 187.2359
0.07490441 179.6125
0.06924752 171.3141
0.04811891 151.3362
0.030466 171.1463
0.02625436 178.0358
0.02364309 180.6555
0.01098158 210.6347
0.007779359 198.4823
0.008778913 174.9879
0.0116902 193.3816
0.01439103 252.0677
0.006403293 218.4747
0.02159561 192.6511
0.02050161 176.5375
0.04004438 175.7488
0.04663623 169.3179
0.05788713 159.7928
0.05599126 132.4726
0.0680876 110.3419
0.0600624 126.7026
0.0341564 132.8251
0.02436249 109.3789
0.05702463 111.9758
0.07658575 101.735
0.06497394 100.799
0.0438238 92.58026
0.05905622 98.79639
0.06273236 114.0855
0.03985268 109.8769
0.05400626 126.4457
0.0555783 132.0088
0.06106894 141.3725
0.03625438 153.2165
0.03966483 153.2952
0.04342693 156.6028
0.05440761 157.6062
0.04915745 190.3253
0.06255175 206.7797
0.08249236 176.838
0.05596058 194.3688
0.03153813 171.1922
0.0340606 158.4616
0.02947054 163.3137
0.04619866 168.29
0.07109963 203.4771
0.06784888 198.2802
0.0605711 193.8891
0.03817382 225.7829
0.02456259 181.3937
0.03766868 196.4022
0.04104137 208.7604
0.02476483 215.5493
0.02034552 217.7841
0.03399626 240.6217
0.04378666 277.4912
0.0557455 279.1832
0.02174191 315.0407
0.01544426 338.6301
0.03551581 332.2576
0.02617185 327.2801
0.03802702 330.5752
0.04290443 361.4483
0.05280807 297.2599
0.06434353 267.9329
0.06077455 260.2708
0.04215689 333.8902
0.0832647 348.5188
0.0423493 338.1104
0.0563604 310.8767
0.06209962 264.2519
0.06158254 223.9228
0.04112426 197.2006
0.03662211 200.4323
0.02781011 174.3899
0.04544431 186.7336
0.03994058 161.4408
0.04724796 166.3089
0.04315184 180.5685
0.04413315 201.8947
0.01619979 215.9539
0.01175032 213.0171
0.01370234 212.7615
0.02658874 189.221
0.02380541 207.6103
0.04215027 219.846
0.05343243 256.1378
0.04681882 258.1163
0.04296716 254.7399
0.03479257 243.0699
0.04538664 266.3054
0.07526627 290.2424
0.06719163 270.6743
0.0544 230.5408
0.05796766 190.1456
0.08095199 224.665
0.04770573 207.8014
0.05008601 251.2661
0.04124316 262.5865
0.03371687 225.5997
0.01874176 212.0257
0.01556092 252.9134
0.01265251 268.0393
0.004841632 258.0981
0.002454411 260.2724
0.00641662 238.0743
0.01393488 209.2273
0.02404755 270.5244
0.05314613 267.3057
0.02866714 281.4687
0.03223567 290.3014
0.04101168 250.1433
0.08098741 254.0226
0.06126983 268.1015
0.04524153 313.3292
0.04547023 277.1166
0.0365484 219.2014
0.05561367 209.0709
0.02082524 225.6213
0.02989176 234.1785
0.04992905 246.4391
0.06631297 251.8744
0.05164225 236.1265
0.05718449 251.8449
0.07183484 320.0333
0.05667752 299.3255
0.06894229 331.9172
0.06958727 355.3148
0.04540277 361.4454
0.04604365 295.551
0.04247911 298.1874
0.04367803 299.9445
0.06696217 326.8311
0.05819038 283.4836
0.04495277 344.6819
0.03374525 355.678
0.02886546 372.4097
0.02778656 358.0398
0.03097025 320.1871
0.0425358 345.871
0.01605798 359.8232
0.006994633 414.8051
0.01664406 430.1806
0.02777197 479.1912
0.06629545 459.7774
0.05284877 371.3853
0.0362281 378.4847
0.04128879 415.8991
0.03592644 302.6302
0.05068104 284.9031
0.07717473 249.5664
0.09809546 251.9949
0.1101758 250.0037
0.1090949 257.5465
0.09052523 289.02
0.06659348 280.4073
0.05577819 300.2584
0.03729367 315.9486
0.05645092 322.2966
0.0289148 320.9509
0.05699779 384.3246
0.03000309 336.5833
0.01085282 367.5088
0.01697638 372.2938
0.01317252 359.2651
0.00979872 419.8082
0.02904758 353.226
0.02134393 321.0375
0.005592562 285.4842
0.01562259 251.479
0.02370145 216.9768
0.02286259 215.0397
0.01699157 251.9254
0.0171724 312.2792
0.0243696 277.0159
0.02991607 322.5286
0.03615561 292.1122
0.04988103 271.5435
0.05435322 238.9904
0.0710337 238.3533
0.0548552 211.0114
0.07146253 200.8793
0.0523673 201.6551
0.03467472 213.5162
0.01848572 241.6549
0.02292065 269.7985
0.010208 252.801
0.008320896 269.585
0.001756067 245.0837
0.006719639 281.213
0.007860302 239.315
0.01277909 235.9062
0.0261196 238.9241
0.05724862 245.797
0.04188892 250.2006
0.03027474 248.4135
0.01333425 287.0136
0.01156911 267.8013
0.02041433 254.0247
0.03030769 224.6294
0.03249246 233.1029
0.04153694 190.3737
0.06057924 182.9007
0.07993873 180.7625
0.07176273 217.6402
0.06791702 179.6617
0.07797301 171.176
0.09114473 151.5361
0.09263663 165.1286
0.09541229 167.9529
0.1047851 161.3664
0.08171244 143.7719
0.09874593 126.1684
0.09252646 133.0352
0.0878424 173.1103
0.08795992 186.9338
0.074705 179.2978
0.06568032 189.15
0.05179719 166.5064
0.0370644 202.569
0.04261722 185.8
0.04965163 197.0263
0.05411611 193.2106
0.05203336 202.2754
0.04438233 254.1247
0.06176844 240.7935
0.03341451 285.7778
0.04778474 271.6544
0.06521038 239.808
0.0413658 228.736
0.0578711 225.9128
0.0581961 199.0075
0.08665534 164.678
0.04986697 198.883
0.04761846 203.9776
0.04440722 240.4793
0.03740835 279.588
0.04475004 226.1679
0.02919927 264.0077
0.02992236 243.4147
0.02210022 254.6242
0.01943228 238.0225
0.03533129 206.8598
0.03306083 206.0412
0.03568623 222.3147
0.05270318 253.4212
0.04786364 269.877
0.03502669 210.3936
0.0167992 226.5884
0.0256434 274.7043
0.02550066 318.84
0.03187664 290.1655
0.03513734 259.4901
0.03477583 297.8485
0.0484662 296.248
0.05336046 319.8577
0.04397233 360.8662
0.05718853 358.3571
0.05544813 373.1281
0.05133275 296.8325
0.05637928 279.1979
0.04588894 246.616
0.05546519 282.0361
0.04589746 246.6252
0.02645003 200.9226
0.02737901 230.2642
0.03047789 192.9621
0.03444224 228.1141
0.04006314 248.9632
0.0418169 215.4141
0.04758506 172.1268
0.03995952 167.4883
0.04880125 183.6044
0.06406072 177.7958
0.08076236 161.9211
0.07975788 150.0175
0.1001228 157.6274
0.116957 196.9674
0.09387144 236.2409
0.05423704 198.0703
0.07654523 242.1838
0.06566886 210.9385
0.04608995 178.4959
0.07238694 151.4677
0.08529056 171.0137
0.06711033 187.2937
0.03775939 173.9143
0.06515555 145.3155
0.07528244 157.5095
0.05507794 208.4579
0.04013071 220.7248
0.06844663 207.6819
0.0493601 175.5261
0.05523292 196.7152
0.03796392 209.345
0.05327765 175.2013
0.02623206 142.347
0.03133601 159.8983
0.02877483 152.211
0.006173351 153.5084
0.003193928 155.9096
0.003487387 162.5702
0.006921653 154.5801
0.02354858 163.2973
0.0213268 156.7958
0.0708763 179.8965
0.06358762 188.7296
0.05734572 216.354
0.05082866 194.6684
0.06967506 165.6041
0.05599733 145.8173
0.06520695 136.7082
0.0594423 124.2248
0.05076747 112.4583
0.05821129 124.5809
0.0633201 141.2818
0.03761968 130.9876
0.04322561 149.9744
0.06335963 129.3456
0.04357677 133.9699
0.02309583 107.3279
0.02603011 112.1733
0.04784551 118.2274
0.02835577 112.6126
0.01983598 134.1251
0.01507808 150.3359
0.02572313 161.4028
0.04117046 164.1523
0.03369358 176.8336
0.02652545 219.0145
0.0249162 224.6129
0.006820469 203.6505
0.0101404 182.4681
0.001431636 164.6937
0.006193963 160.348
0.008093035 157.6811
0.01191169 145.4984
0.03535342 135.4686
0.04207456 146.5302
0.04778806 137.3868
0.05936704 118.1416
0.04846678 118.9081
0.04037759 156.3906
0.05215543 143.5717
0.06339069 119.8173
0.06016284 149.3594
0.07890672 158.8354
0.07024664 164.0383
0.0656266 161.3391
0.03237207 183.8001
0.03741751 185.4165
0.06538312 160.3283
0.09272719 148.5667
0.06099104 144.3215
0.07638176 131.2637
0.04327481 126.6418
0.05288812 126.0924
0.04431095 160.2376
0.05147154 121.5025
0.06093438 128.206
0.07142708 134.373
0.09961214 150.7135
0.08893392 143.6918
0.1270332 161.3319
0.1129848 171.8095
0.07658307 173.5717
0.08434619 168.0959
0.08113615 183.2374
0.08173007 179.5599
0.1204186 177.6742
0.1105699 161.9295
0.09985266 134.3949
0.09966383 140.6322
0.1127667 118.9705
0.09548486 126.5051
0.07210066 152.1738
0.08318685 180.3727
0.07909635 177.6556
0.03952954 168.2293
0.02530964 147.7695
0.03129481 162.2494
0.02727515 166.9553
0.02371002 173.2924
0.03151031 192.9527
0.04872981 180.7232
0.04575457 157.5036
0.01765622 159.1215
0.01419698 151.0972
0.01539363 153.62
0.01311623 152.5285
0.02301275 144.564
0.02781829 142.0184
0.03709504 152.9823
0.04168152 172.1712
0.06975357 167.7351
0.05603555 177.9915
0.02798613 172.667
0.02152087 156.8755
0.03324399 177.2237
0.03492415 183.7033
0.02404804 193.3999
0.05596756 156.8088
0.05660288 168.7697
0.07213293 190.9057
0.06036524 197.4964
0.05202292 176.5887
0.02716108 141.3877
0.05607911 155.7083
0.04340962 140.7852
0.03031621 130.4609
0.04982794 144.8321
0.06983165 138.1944
0.08778475 134.5709
0.09254575 106.6097
0.08387392 95.81124
0.09035409 108.1686
0.1246533 101.9197
0.1464611 93.55479
0.1252329 108.1403
0.1263712 99.01558
0.09441753 102.1608
0.09325391 138.2511
0.09926082 147.9666
0.09389215 184.8964
0.100119 172.1311
0.1050862 178.2914
0.0977707 189.6901
0.06922791 181.094
0.06010218 172.771
0.05507158 178.4372
0.08045019 193.6781
0.06424134 195.6982
0.06949453 230.2981
0.06237598 225.0083
0.05681147 191.1746
0.0467297 218.0001
0.04868142 256.2655
0.04682733 277.4514
0.0321577 249.0615
0.01895845 220.5256
0.03716902 280.4429
0.02162322 244.5871
0.04623202 251.8419
0.04272914 197.8417
0.06835016 229.4832
0.04059029 230.848
0.04440954 243.8093
0.04694993 243.3236
0.03597281 231.3378
0.02102119 237.4879
0.01314631 241.7965
0.007064455 245.5485
0.00983833 241.0162
0.01824808 212.4062
0.02728149 243.6194
0.02073347 217.2152
0.02753468 223.6811
0.02071639 268.4113
0.01954177 307.0204
0.0102165 320.3469
0.01233929 308.9701
0.003765468 365.9619
0.003120123 402.3805
0.001300013 431.1693
0.001454197 365.8283
0.01710695 381.5725
0.02982983 340.5906
0.02473857 283.1134
0.04342983 283.0917
0.02340308 266.5156
0.02993091 232.9609
0.04392188 240.7059
0.03008745 199.8394
0.02013031 223.8432
0.01100777 256.8906
0.02152878 229.6011
0.03898818 215.2646
0.02928077 232.8869
0.03493445 254.6511
0.03594264 307.2312
0.05605553 296.6239
0.05112484 288.6315
0.0471554 358.8533
0.06108084 402.6673
0.05763309 426.2006
0.06049012 344.8405
0.06315017 323.8377
0.03349877 229.5275
0.02395953 186.6401
0.03262789 174.6027
0.04790186 184.438
0.04304161 166.1654
0.05985822 174.4869
0.0478001 170.9011
0.0388577 186.466
0.03808828 182.6173
0.04011327 174.2152
0.03682621 178.4489
0.03969123 174.047
0.08946323 190.2645
0.0943117 171.0338
0.08095185 150.8397
0.06055314 179.0459
0.08530159 210.493
0.07057179 197.0864
0.06000924 226.6632
0.05260681 215.7009
0.04104506 213.7763
0.03475503 241.2263
0.03847918 216.568
0.04384132 226.8181
0.02066778 225.8973
0.02036712 174.3861
0.008381974 172.7049
0.003269092 157.7366
0.01345742 186.7254
0.009481261 192.4046
0.0004230609 197.7913
0.005464352 166.9098
0.01687174 184.2988
0.01722439 181.8279
0.01610373 212.0674
0.02742546 221.1938
0.01080261 224.1394
0.006251257 250.8386
0.005550701 216.0571
0.009290252 223.481
0.0140622 192.0981
0.01660662 213.6894
0.01187077 199.4717
0.008619717 193.6152
0.03184912 207.454
0.03199437 166.6969
0.03148651 182.8767
0.03658378 164.6452
0.04250088 190.1481
0.03706903 182.0059
0.05189149 176.6289
0.05889223 202.0145
0.04496953 226.4541
0.03104144 226.4718
0.01524967 178.4207
0.04537239 196.4168
0.05362448 185.6206
0.06623514 173.9367
0.05151495 157.0059
0.05790791 173.8323
0.05278613 175.3769
0.06780093 161.5636
0.05992572 153.938
0.0682179 169.9743
0.0478883 196.1065
0.05367811 196.1134
0.03859355 197.4059
0.05385826 193.7134
0.08742629 212.4892
0.08238239 190.2476
0.06039922 185.4183
0.06746611 270.4044
0.03816907 242.3533
0.05965519 293.1886
0.06505673 258.7631
0.04731377 294.7779
0.03495603 281.1252
0.02722228 263.8249
0.04322613 283.6458
0.03340251 222.4692
0.03803847 236.2768
0.04947923 211.6484
0.04112361 205.4097
0.03968677 250.7748
0.04075793 232.5511
0.03037217 221.0897
0.05072358 259.3473
0.04627001 263.4226
0.04481422 259.3725
0.03928215 238.7063
0.06566659 284.9367
0.03720359 300.4223
0.03051237 252.4941
0.01792205 204.0989
0.01330463 202.1443
0.01920579 232.1149
0.01456841 194.5452
0.01026799 205.9744
0.01613081 223.2865
0.01533757 213.1413
0.01885025 238.5739
0.01522936 227.6797
0.005087329 214.9641
0.004058655 202.7212
0.002716374 191.6047
0.01718085 164.554
0.03108604 148.5842
0.03574932 160.9977
0.05161774 203.3274
0.05148696 208.1676
0.0591533 202.9377
0.0685747 204.528
0.04372488 226.2749
0.04360797 235.1836
0.03358391 229.9203
0.02414507 243.7658
0.02011683 245.5291
0.02274957 200.5975
0.03590765 193.2221
0.0468129 201.3949
0.03424566 217.364
0.05268447 232.3734
0.04287847 197.4586
0.05655057 185.8685
0.0256832 174.4323
0.03526127 169.0855
0.02697059 213.5991
0.02601381 248.181
0.01615254 244.6989
0.01322792 238.7434
0.007937562 169.6201
0.006657776 165.3687
0.01142832 150.6347
