probIn varB
0.02026853 0.0002129596
0.0219963 0.0001898292
0.01642977 0.000147997
0.01767234 0.000160898
0.01411466 0.0001617706
0.004814341 0.0001602138
0.006651241 0.0001413763
0.005438534 0.0001130406
0.001820023 0.0001054947
0.01425299 8.551507e-05
0.00980772 7.916086e-05
0.01653412 8.510655e-05
0.01957433 7.941607e-05
0.0352153 8.464299e-05
0.04655316 8.20471e-05
0.0256317 8.398891e-05
0.0299806 0.0001007086
0.02563311 9.023596e-05
0.01586483 9.135177e-05
0.01524501 0.0001060859
0.02191052 0.000102785
0.009120137 0.0001028462
0.01601881 0.0001095816
0.0116566 0.000107848
0.0233693 0.0001007914
0.01898418 9.872046e-05
0.02648196 9.315569e-05
0.04588978 7.549809e-05
0.02623363 6.887622e-05
0.04566956 8.14344e-05
0.03535012 9.004552e-05
0.02148886 7.501436e-05
0.01108278 7.555889e-05
0.01737754 7.388901e-05
0.01730832 7.418982e-05
0.02146426 7.154075e-05
0.02681617 6.151801e-05
0.02048047 5.807465e-05
0.01647133 5.72108e-05
0.01393238 5.204504e-05
0.0262701 5.009539e-05
0.01247345 5.345565e-05
0.005908834 6.388984e-05
0.02430804 6.033195e-05
0.02351446 4.737119e-05
0.0187236 4.880828e-05
0.01536666 5.834246e-05
0.04210748 6.434767e-05
0.02634946 7.351572e-05
0.02562781 7.518236e-05
0.02630623 6.880721e-05
0.03340244 7.112721e-05
0.03579997 6.634697e-05
0.06479419 5.409354e-05
0.04726324 4.675828e-05
0.0223501 5.626871e-05
0.01065205 4.42464e-05
0.007358804 4.559542e-05
0.01311365 5.724813e-05
0.003173548 6.001253e-05
0.002427016 4.746346e-05
0.01157455 3.760093e-05
0.03223542 3.900455e-05
0.03700353 3.981871e-05
0.03361773 4.451655e-05
0.01890609 3.990805e-05
0.01720398 3.665006e-05
0.01139228 3.53678e-05
0.01074909 3.302395e-05
0.01012608 3.613042e-05
0.02301719 3.100218e-05
0.02556796 3.316753e-05
0.02440145 3.656369e-05
0.03509377 3.496549e-05
0.03887712 2.963781e-05
0.07236574 2.863354e-05
0.05755465 2.717522e-05
0.06347125 2.855871e-05
0.06077892 2.660021e-05
0.05091285 2.148923e-05
0.05500841 2.112157e-05
0.03446784 1.876181e-05
0.03200292 1.777985e-05
0.04092836 1.758134e-05
0.03026154 2.246383e-05
0.01749939 2.270378e-05
0.01446732 2.226293e-05
0.03175665 2.188973e-05
0.02832117 2.233733e-05
0.03315587 1.865711e-05
0.03493414 2.075375e-05
0.01681783 2.03891e-05
0.019785 2.191704e-05
0.02445273 2.383137e-05
0.02147945 2.450577e-05
0.02044888 2.735871e-05
0.02909549 3.494373e-05
0.04371134 3.987407e-05
0.03217992 3.89872e-05
0.03090261 4.036427e-05
0.02546372 3.822667e-05
0.03438825 4.171994e-05
0.02497342 4.530366e-05
0.01412545 5.519829e-05
0.01085512 5.844302e-05
0.008287789 5.706623e-05
0.0169722 6.003399e-05
0.01571167 6.422031e-05
0.01436192 6.918041e-05
0.01226658 6.948262e-05
0.01673294 8.742582e-05
0.01161189 8.389223e-05
0.004579212 7.769777e-05
0.007513749 7.328115e-05
0.009354 8.476947e-05
0.01045804 7.589324e-05
0.02632125 7.312181e-05
0.0259082 8.238772e-05
0.00833263 6.672197e-05
0.02238496 6.87207e-05
0.007987268 5.173793e-05
0.008389153 5.217164e-05
0.00544061 4.52298e-05
0.01104663 4.611119e-05
0.01827217 4.615564e-05
0.02330513 4.592217e-05
0.0174403 4.854037e-05
0.0192603 4.30299e-05
0.0177045 4.182876e-05
0.04081741 3.764153e-05
0.0255716 3.954025e-05
0.02204232 4.053358e-05
0.0232559 4.075012e-05
0.01931138 3.488847e-05
0.01871418 3.595021e-05
0.009334368 4.128346e-05
0.0100968 4.632683e-05
0.00668983 5.229942e-05
0.008006524 6.131391e-05
0.01744133 6.477738e-05
0.01081049 7.065118e-05
0.006470308 6.063375e-05
0.01894728 5.684134e-05
0.02264415 5.096848e-05
0.01617601 4.822527e-05
0.02325255 4.756806e-05
0.02569189 3.940982e-05
0.01236253 3.750563e-05
0.02338645 4.420812e-05
0.03794345 3.990554e-05
0.03849645 3.857177e-05
0.01940759 3.958988e-05
0.01807492 3.797075e-05
0.01061926 4.134448e-05
0.01688152 4.642972e-05
0.02128974 4.807031e-05
0.02249724 3.977039e-05
0.02266757 4.68478e-05
0.02174329 4.338262e-05
0.01276204 4.412755e-05
0.01271107 5.293424e-05
0.007846724 5.726173e-05
0.003396634 5.638231e-05
0.006512462 5.357385e-05
0.0148645 5.572058e-05
0.01323808 5.135897e-05
0.007503899 6.088543e-05
0.02110426 6.266555e-05
0.02228791 7.842923e-05
0.02724172 8.585577e-05
0.02445521 9.124975e-05
0.01456747 8.918796e-05
0.02073994 9.643647e-05
0.01984282 8.445344e-05
0.0236222 8.74226e-05
0.02052302 8.85977e-05
0.01704613 8.554257e-05
0.01311904 8.336574e-05
0.008274758 7.852933e-05
0.006522567 8.574318e-05
0.007045256 8.531756e-05
0.007893303 9.904846e-05
0.003007579 9.272393e-05
0.003963136 7.991509e-05
0.006331798 7.136875e-05
0.004388465 8.411599e-05
0.007678602 6.905267e-05
0.008962116 8.274506e-05
0.02507651 9.442139e-05
0.005816156 7.689896e-05
0.002498512 7.650284e-05
0.003535733 8.765553e-05
0.001644628 7.497285e-05
0.001256467 7.445865e-05
0.0007450894 7.820608e-05
0.001281461 8.329033e-05
0.01172749 7.362409e-05
0.009095942 8.23756e-05
0.01290708 8.657272e-05
0.01206524 9.610817e-05
0.006557387 9.253934e-05
0.001098721 0.0001067357
0.008180291 0.0001094502
0.008860423 0.0001082672
0.01333838 0.0001167506
0.008708117 0.0001080471
0.006338173 0.0001052369
0.01460778 0.0001172674
0.01399851 0.0001397475
0.01447546 0.0001302371
0.02180107 0.0001226992
0.02946264 0.0001182588
0.0232048 0.0001459051
0.01297589 0.0001217078
0.009721215 0.0001352672
0.01511132 0.0001118211
0.009731986 0.000105686
0.01743954 0.0001043948
0.01144194 0.0001084638
0.01931042 0.0001105411
0.01250371 9.52345e-05
0.002988859 0.0001093656
0.01330205 0.0001142955
0.01855654 0.0001174142
0.02100047 0.0001095216
0.01015148 0.0001090009
0.008058668 0.0001169221
0.01362931 0.0001092259
0.01091129 0.0001068237
0.0203547 8.220335e-05
0.02920733 7.374377e-05
0.01629774 8.072283e-05
0.01622308 7.863062e-05
0.01243249 7.241684e-05
0.0016298 6.951527e-05
0.003148987 7.246851e-05
0.008196308 7.303483e-05
0.004854244 7.56165e-05
0.01705429 7.974817e-05
0.01324775 8.375348e-05
0.0195999 8.699601e-05
0.02632344 7.811061e-05
0.02564478 8.166298e-05
0.01639913 7.311542e-05
0.01263587 7.217418e-05
0.001677205 7.147413e-05
0.00176158 8.278753e-05
0.0007513579 6.615995e-05
0.007157238 6.290867e-05
0.006965797 6.645859e-05
0.004293234 6.101151e-05
0.002043671 5.373832e-05
0.011253 5.462963e-05
0.004647913 5.185022e-05
0.006134503 5.55114e-05
0.0009573251 5.78056e-05
0.004419825 5.054083e-05
0.009733668 5.177188e-05
0.01386621 4.621551e-05
0.01231679 5.085677e-05
0.02385079 5.019279e-05
0.01643191 5.125136e-05
0.01624557 5.342511e-05
0.01257079 5.57632e-05
0.006912253 6.032018e-05
0.01678876 5.681362e-05
0.0229034 5.797437e-05
0.02783454 6.505782e-05
0.02274111 6.820446e-05
0.01480894 6.175365e-05
0.01657957 6.798515e-05
0.01615971 6.525469e-05
0.01679474 6.793137e-05
0.01459745 6.065093e-05
0.02051192 6.869371e-05
0.02207418 6.524055e-05
0.02965484 6.152274e-05
0.02779262 6.497693e-05
0.05074838 5.917794e-05
0.04947556 5.652183e-05
0.03957468 6.220322e-05
0.03165498 5.894075e-05
0.03568285 5.985146e-05
0.03010844 6.110177e-05
0.01520074 9.28665e-05
0.009740622 9.415852e-05
0.01695089 0.0001032997
0.02316804 0.0001040644
0.02688557 9.305873e-05
0.02948633 9.53189e-05
0.0259714 7.716354e-05
0.01090152 6.848486e-05
0.0173726 8.128463e-05
0.01706416 8.247749e-05
0.01440074 7.419156e-05
0.0157978 7.726305e-05
0.01461061 7.896804e-05
0.01108567 7.576955e-05
0.006838141 7.54379e-05
0.009327295 9.62065e-05
0.008691184 0.00010051
0.01234718 0.0001110411
0.01301777 0.0001273925
0.009057861 0.0001327275
0.01881905 0.0001223362
0.01724197 0.0001347983
0.01430886 0.0001429847
0.01532162 0.0001808622
0.01322566 0.0001750445
0.02113121 0.0001744434
0.008803567 0.0001494988
0.003935452 0.0001638031
0.003285744 0.0001688379
0.002160006 0.000131103
0.004611889 0.0001240111
0.00591646 0.0001307132
0.005724589 0.00012094
0.006001113 0.0001120232
0.01216577 0.00010829
0.0243982 0.0001001639
0.03139739 9.721195e-05
0.02619806 9.664238e-05
0.008378808 9.947295e-05
0.02622635 0.0001021856
0.02733641 9.754814e-05
0.02987495 9.168819e-05
0.02739825 7.538678e-05
0.02608681 7.359259e-05
0.03241611 6.495866e-05
0.04193405 6.090909e-05
0.02419418 6.054164e-05
0.03012946 5.260448e-05
0.0142821 5.874617e-05
0.02148222 7.988169e-05
0.005997061 8.31691e-05
0.008483093 7.835361e-05
0.003631548 6.868654e-05
0.01060871 6.688621e-05
0.01833258 6.462289e-05
0.01175359 5.803443e-05
0.03545794 5.124779e-05
0.01203603 5.981585e-05
0.0106952 6.213003e-05
0.03130045 6.203206e-05
0.02308089 6.28043e-05
0.02090649 6.064293e-05
0.01360757 5.402031e-05
0.01715176 5.494373e-05
0.02255089 4.793833e-05
0.02851221 4.270051e-05
0.03378042 3.799665e-05
0.03589064 4.146731e-05
0.04545115 3.76794e-05
0.02476363 3.846539e-05
0.01923847 3.932373e-05
0.01375642 3.817547e-05
0.02228522 3.467264e-05
0.04133148 4.512962e-05
0.03877536 3.523e-05
0.02502466 3.076682e-05
0.02168879 3.271406e-05
0.0279747 3.26035e-05
0.03973096 3.872921e-05
0.04249624 3.821695e-05
0.06302371 4.172419e-05
0.04588967 5.203449e-05
0.02443666 4.074575e-05
0.02527316 4.349704e-05
0.05059044 5.730847e-05
0.04922276 6.05789e-05
0.03717892 6.422007e-05
0.02346713 5.760468e-05
0.03689426 6.414587e-05
0.03699615 6.180454e-05
0.01677709 7.007958e-05
0.02190095 6.57809e-05
0.02356793 6.57951e-05
0.02064775 5.877294e-05
0.03373066 5.286988e-05
0.02636924 4.628832e-05
0.02074182 4.672247e-05
0.01507391 5.503547e-05
0.02197512 5.686279e-05
0.01636984 5.989514e-05
0.01307165 5.35733e-05
0.01735097 5.913697e-05
0.006450781 6.292477e-05
0.004981504 7.075775e-05
0.006989985 8.502655e-05
0.01380889 9.735187e-05
0.01786069 9.785334e-05
0.01436026 8.086907e-05
0.007768364 7.617198e-05
0.01406574 6.655248e-05
0.01046273 7.3209e-05
0.01260421 7.117992e-05
0.01436493 5.502103e-05
0.008135003 5.967826e-05
0.01506378 6.379095e-05
0.01355464 5.812231e-05
0.01973222 4.42797e-05
0.009623086 4.387414e-05
0.015329 4.787451e-05
0.03574715 4.94302e-05
0.04310387 4.353931e-05
0.05013801 3.744239e-05
0.03474014 3.617287e-05
0.04563073 3.845045e-05
0.04301088 5.369948e-05
0.0298761 5.77186e-05
0.04301333 5.972746e-05
0.0199562 6.145301e-05
0.0265795 5.576383e-05
0.02318782 5.335839e-05
0.01864382 5.25145e-05
0.02937422 4.51928e-05
0.01209866 4.641826e-05
0.02459247 4.360161e-05
0.02243517 5.035219e-05
0.01002826 4.990651e-05
0.005472729 4.398866e-05
0.003389791 4.057878e-05
0.005710676 3.851289e-05
0.006175443 4.106223e-05
0.00569246 5.403693e-05
0.02280085 5.230713e-05
0.01751135 5.844459e-05
0.03675427 5.670586e-05
0.04270023 5.833124e-05
0.04345496 6.052049e-05
0.03138806 5.438574e-05
0.009098698 5.898717e-05
0.01295887 7.4575e-05
0.01749416 6.521384e-05
0.03168586 6.209497e-05
0.01382381 6.341995e-05
0.01063979 7.423456e-05
0.01305204 7.9563e-05
0.0230045 7.525089e-05
0.03859259 7.96937e-05
0.03019836 7.523768e-05
0.02346019 6.877132e-05
0.0339341 6.036615e-05
0.04242529 6.480647e-05
0.03480795 6.372802e-05
0.03304175 8.894601e-05
0.02736273 7.489159e-05
0.01985424 7.387801e-05
0.02554156 6.413029e-05
0.0130863 6.538535e-05
0.01548698 7.928631e-05
0.01267773 9.768975e-05
0.01646247 9.245303e-05
0.01599232 8.784109e-05
0.009386741 8.001727e-05
0.02704005 8.546718e-05
0.02280445 9.198162e-05
0.0195984 9.447083e-05
0.007574532 9.183771e-05
0.01530947 9.013751e-05
0.008365642 7.695676e-05
0.01418735 7.171265e-05
0.008974408 7.258417e-05
0.01315471 7.085818e-05
0.01960085 6.73773e-05
0.0108905 7.517809e-05
0.01257817 7.427037e-05
0.01998304 7.627931e-05
0.02672166 7.637724e-05
0.04128035 7.999133e-05
0.03845839 8.516107e-05
0.02007881 8.088804e-05
0.01748844 7.247585e-05
0.0164986 5.999177e-05
0.01180873 5.714515e-05
0.01372152 4.917727e-05
0.02577486 4.06619e-05
0.01697914 3.840708e-05
0.01669792 4.112365e-05
0.0209363 4.990267e-05
0.01177994 4.823814e-05
0.01309696 5.490461e-05
0.01819315 5.341233e-05
0.03385065 4.88814e-05
0.02671553 5.585848e-05
0.02585774 5.241164e-05
0.01569815 4.692887e-05
0.01797135 4.28683e-05
0.01270995 4.168702e-05
0.02077135 3.465269e-05
0.01532783 4.247409e-05
0.005025541 4.433085e-05
0.007474214 4.39369e-05
0.009265713 4.542699e-05
0.00953622 4.387573e-05
0.01801985 4.012727e-05
0.01118612 3.244437e-05
0.01678282 3.542609e-05
0.03153191 4.173745e-05
0.04224537 4.354918e-05
0.06733138 4.326329e-05
0.06137201 4.519093e-05
0.03499667 4.403764e-05
0.05238271 4.361765e-05
0.03774547 4.686741e-05
0.03382307 4.401219e-05
0.01860821 4.557933e-05
0.01687439 3.594684e-05
0.01334676 3.595721e-05
0.01999829 3.683268e-05
0.01836544 3.450907e-05
0.03006547 3.569717e-05
0.02419247 3.994915e-05
0.02828895 5.198689e-05
0.0431628 4.504551e-05
0.07068192 4.155738e-05
0.04672938 3.400887e-05
0.04370385 3.240492e-05
0.05693525 3.347994e-05
0.04587611 3.054807e-05
0.0781602 3.315912e-05
0.0634083 3.592339e-05
0.06776922 3.337057e-05
0.07733097 3.164346e-05
0.04699336 3.243634e-05
0.03039177 2.953773e-05
0.03143701 3.709825e-05
0.02474895 4.118677e-05
0.02227658 3.264484e-05
0.01786016 3.33106e-05
0.03597976 3.305675e-05
0.04123121 3.281628e-05
0.0371715 3.669952e-05
0.03008047 4.67442e-05
0.02493806 4.761375e-05
0.03727234 4.881536e-05
0.03419633 5.509146e-05
0.02264351 4.766374e-05
0.02445257 4.163068e-05
0.0282048 4.385996e-05
0.02408601 3.564913e-05
0.02825969 3.322295e-05
0.03045187 3.514021e-05
0.03548723 3.796085e-05
0.03363809 3.755242e-05
0.04896341 3.274174e-05
0.04718474 3.275578e-05
0.02684054 4.009708e-05
0.02233074 4.163336e-05
0.04085648 4.048707e-05
0.03401672 3.715865e-05
0.03766442 3.48434e-05
0.02706961 3.391121e-05
0.03057619 3.533878e-05
0.03168568 3.695477e-05
0.0419806 3.950554e-05
0.05642534 4.28721e-05
0.04457502 4.21311e-05
0.02550297 4.294191e-05
0.02231215 4.312981e-05
0.01081071 4.527111e-05
0.01041918 3.705736e-05
0.01657518 4.271398e-05
0.008013624 4.462373e-05
0.005632761 4.25441e-05
0.009673296 4.478536e-05
0.01454026 4.352979e-05
0.006668958 5.483342e-05
0.0138612 5.714528e-05
0.03360066 5.73936e-05
0.02767047 5.673402e-05
0.03705135 5.796055e-05
0.01727498 5.992539e-05
0.01788654 6.051673e-05
0.02324339 5.526821e-05
0.03992884 5.656926e-05
0.03676488 5.833351e-05
0.03130268 6.079247e-05
0.007269161 5.51e-05
0.01475381 4.696293e-05
0.02701339 5.225231e-05
0.0341332 4.851403e-05
0.04698387 4.270081e-05
0.03873446 4.174108e-05
0.03625893 3.924539e-05
0.02020904 3.487846e-05
0.03066964 3.509323e-05
0.02489829 3.394114e-05
0.01892733 3.079059e-05
0.04455858 2.511346e-05
0.03029403 2.851268e-05
0.02746352 2.73098e-05
0.03203029 2.739357e-05
0.03879803 2.578867e-05
0.03456756 2.440813e-05
0.02123082 2.234688e-05
0.02130679 2.074148e-05
0.02161759 1.720092e-05
0.03558432 1.994338e-05
0.03428597 2.674992e-05
0.01671816 2.37909e-05
0.005501677 2.216074e-05
0.009002219 2.102575e-05
0.01475335 2.525599e-05
0.02484126 2.493684e-05
0.03634941 2.467952e-05
0.05058981 2.775509e-05
0.06428251 2.838254e-05
0.05675292 2.966993e-05
0.06881957 2.783459e-05
0.08158982 2.32681e-05
0.0780854 2.247826e-05
0.0857592 2.298551e-05
0.07857394 2.395347e-05
0.06757669 2.504812e-05
0.05422815 2.328681e-05
0.03489141 2.895172e-05
0.04704803 2.270824e-05
0.06568898 2.081828e-05
0.08356733 1.931857e-05
0.07846405 1.734331e-05
0.132949 1.767019e-05
0.1482641 1.840036e-05
0.1459026 1.52801e-05
0.11185 1.675363e-05
0.128793 1.700758e-05
0.1056775 1.594837e-05
0.05580381 1.762707e-05
0.04597949 2.008855e-05
0.03930685 2.227771e-05
0.03055457 1.931953e-05
0.03698396 1.702065e-05
0.05676538 1.749364e-05
0.06334247 1.839297e-05
0.06796231 2.082428e-05
0.07284583 2.204327e-05
0.06299912 1.857306e-05
0.05402716 1.755205e-05
0.06016917 1.964289e-05
0.04686522 1.614705e-05
0.05842669 1.581746e-05
0.05428538 1.620511e-05
0.03797884 1.601612e-05
0.0454743 1.737943e-05
0.04835528 2.07697e-05
0.04140384 2.424658e-05
0.01654858 2.323549e-05
0.0140033 1.968783e-05
0.01371331 1.966084e-05
0.03364041 2.052217e-05
0.03234927 2.237773e-05
0.03472941 1.703937e-05
0.03355932 1.760594e-05
0.03575663 1.548725e-05
0.02181463 1.470522e-05
0.06013661 1.247365e-05
0.07915611 1.179409e-05
0.09485474 1.154302e-05
0.09389794 1.211765e-05
0.03913541 1.249316e-05
0.01570864 1.059021e-05
0.01489492 1.362542e-05
0.007575931 1.577978e-05
0.0008614176 1.506022e-05
0.01699879 1.402662e-05
0.01916757 1.436604e-05
0.03274383 1.318671e-05
0.02413935 1.487398e-05
0.05613822 1.74487e-05
0.05401957 1.650576e-05
0.05753624 1.374501e-05
0.07201198 1.342711e-05
0.08129404 1.806722e-05
0.04953219 1.77083e-05
0.02285179 1.686859e-05
0.01875068 1.767771e-05
0.02457502 1.98847e-05
0.0085354 1.698909e-05
0.0170317 1.738992e-05
0.01013527 1.697021e-05
0.01794122 1.763127e-05
0.01648713 2.00952e-05
0.02660383 1.999815e-05
0.03565045 2.110597e-05
0.03825765 1.934997e-05
0.01519159 1.710237e-05
0.009664063 1.750526e-05
0.02196344 1.780716e-05
0.03990667 1.657353e-05
0.03573217 1.65345e-05
0.03196123 1.669184e-05
0.05263808 1.747695e-05
0.02412951 1.69779e-05
0.02152144 1.581173e-05
0.02840513 2.166289e-05
0.02950953 2.172658e-05
0.03204557 1.806041e-05
0.03625454 1.776209e-05
0.04515115 1.890382e-05
0.03590507 2.021717e-05
0.02184171 2.030055e-05
0.04370329 2.272239e-05
0.01212274 2.26662e-05
0.01357519 1.906119e-05
0.006997846 2.460105e-05
0.01342327 2.688943e-05
0.01860873 2.578715e-05
0.03320127 3.240986e-05
0.02957072 2.475523e-05
0.03614058 2.653421e-05
0.03953241 3.038154e-05
0.04536058 3.232938e-05
0.02318175 3.654986e-05
0.0337375 3.420336e-05
0.032801 3.90009e-05
0.03964247 3.828002e-05
0.03737893 4.219567e-05
0.02498101 4.287258e-05
0.03743014 3.967514e-05
0.06473102 3.500681e-05
0.06431117 3.165274e-05
0.05541851 3.203492e-05
0.07528014 3.113066e-05
0.05319716 2.984728e-05
0.0417043 2.25796e-05
0.04544354 1.821665e-05
0.04806519 1.787758e-05
0.04659034 1.845411e-05
0.05523018 1.754284e-05
0.06043268 1.784303e-05
0.06642975 1.73084e-05
0.05400375 1.830284e-05
0.05183791 2.116636e-05
0.04401645 2.090935e-05
0.05797549 2.197825e-05
0.06010909 2.564829e-05
0.05637731 2.564669e-05
0.05710107 3.156822e-05
0.05332816 3.089669e-05
0.05550921 2.747334e-05
0.03023228 3.356043e-05
0.02832405 4.019142e-05
0.02549728 3.860338e-05
0.03267196 3.463585e-05
0.01828172 3.839048e-05
0.02176797 4.446791e-05
0.02084976 4.706393e-05
0.02799359 4.242043e-05
0.02677959 4.336739e-05
0.01800911 4.310302e-05
0.02514808 3.761962e-05
0.02067097 3.639233e-05
0.04540662 3.340291e-05
0.06088835 3.530357e-05
0.06867404 4.211539e-05
0.06399855 3.955689e-05
0.04130155 3.731202e-05
0.05587754 3.402985e-05
0.05076713 3.15697e-05
0.04686716 3.469842e-05
0.0458814 3.454528e-05
0.06794565 3.193556e-05
0.08788282 2.861014e-05
0.05012005 2.458523e-05
0.05081355 2.128144e-05
0.08154891 2.728208e-05
0.05514322 2.540986e-05
0.0353754 2.63388e-05
0.03953244 2.714054e-05
0.01981078 3.171928e-05
0.01378085 3.403663e-05
0.01138672 3.210175e-05
0.000901061 3.516448e-05
0.007050172 2.801476e-05
0.01718694 3.035537e-05
0.02476876 3.101355e-05
0.02837899 3.285037e-05
0.0346168 3.713476e-05
0.05180178 3.566569e-05
0.07385108 3.450352e-05
0.07777515 3.672288e-05
0.07603216 3.368273e-05
0.06259986 3.451911e-05
0.05000224 3.024579e-05
0.02776479 2.945926e-05
0.03513803 3.35784e-05
0.02039096 3.272048e-05
0.01271401 3.595371e-05
0.01326535 4.046373e-05
0.01575633 3.085533e-05
0.009907215 3.19361e-05
0.008152469 2.84984e-05
0.0107255 2.773733e-05
0.0158911 2.613956e-05
0.02775384 2.503268e-05
0.03349267 2.236179e-05
0.06863184 2.109307e-05
0.06158366 2.009246e-05
0.04526781 1.984551e-05
0.02933954 2.029601e-05
0.05226046 1.885207e-05
0.04038089 1.67863e-05
0.05943538 2.169802e-05
0.07570481 2.238273e-05
0.04588621 1.75537e-05
0.05579259 1.675081e-05
0.04404058 1.888063e-05
0.07717106 2.118298e-05
0.06387365 1.977871e-05
0.05062489 2.129077e-05
0.0403331 2.029179e-05
0.0283414 2.376552e-05
0.03806718 2.092006e-05
0.03155347 2.1125e-05
0.04535797 2.271755e-05
0.03321619 2.32115e-05
0.05519953 2.717402e-05
0.06042726 2.424582e-05
0.02777128 2.163613e-05
0.03368562 2.334168e-05
0.02876851 2.003559e-05
0.0230752 2.041655e-05
0.04512124 2.209423e-05
0.03541492 2.117611e-05
0.02348851 2.360365e-05
0.02754926 2.489083e-05
0.03149816 2.997927e-05
0.04350928 3.48799e-05
0.02878247 3.329329e-05
0.0279828 2.995938e-05
0.02145032 2.783806e-05
0.02598642 3.134055e-05
0.0267613 3.541142e-05
0.05293283 4.064389e-05
0.03152412 3.92422e-05
0.04119963 4.132372e-05
0.05440227 3.152634e-05
0.05118181 3.592055e-05
0.03826279 3.696249e-05
0.05197727 4.119503e-05
0.03440513 4.279596e-05
0.04276625 4.515045e-05
0.05831903 4.9743e-05
0.03845587 4.971868e-05
0.04162789 4.648385e-05
0.03507067 4.30842e-05
0.03384628 3.257936e-05
0.02510629 3.839307e-05
0.01163359 4.405364e-05
0.008937731 4.113413e-05
0.006912625 5.71807e-05
0.008398058 5.1237e-05
0.02295918 4.481234e-05
0.03504757 4.796052e-05
0.04660967 3.647454e-05
0.04131721 3.426014e-05
0.02578835 3.025165e-05
0.01943862 3.48536e-05
0.01913854 3.129415e-05
0.01684503 2.626537e-05
0.005766711 2.412251e-05
0.0164863 3.032143e-05
0.0189177 3.292071e-05
0.01802258 3.548464e-05
0.02263975 4.170713e-05
0.02354851 4.288033e-05
0.007076615 3.565672e-05
0.006320987 2.941286e-05
0.004136607 3.153862e-05
0.01200807 3.756312e-05
0.04099407 4.264592e-05
0.03155624 4.305078e-05
0.03604883 4.789124e-05
0.01288727 4.509546e-05
0.01620209 3.460763e-05
0.008499063 3.5145e-05
0.01044725 3.650964e-05
0.02005134 3.587783e-05
0.0114908 3.638208e-05
0.009489572 3.703512e-05
0.007274814 3.145606e-05
0.01570385 2.789448e-05
0.02301086 3.171273e-05
0.01861281 3.801146e-05
0.02710069 4.114293e-05
0.01833369 3.938012e-05
0.002213434 3.964526e-05
0.01305354 3.653719e-05
0.01917688 4.599527e-05
0.02105031 4.332736e-05
0.0280568 3.921409e-05
0.03775479 3.403854e-05
0.03427144 3.134361e-05
0.03712927 3.389937e-05
0.03936269 3.083474e-05
0.04465885 3.175867e-05
0.03539893 2.747708e-05
0.03564164 3.174734e-05
0.02426241 2.69681e-05
0.02196532 3.007325e-05
0.02948974 2.686655e-05
0.03379907 2.342681e-05
0.02049237 2.365081e-05
0.03726674 2.380426e-05
0.03810136 2.415544e-05
0.03207835 2.53037e-05
0.03496554 2.777882e-05
0.04086148 2.774676e-05
0.02818779 3.03518e-05
0.02897897 3.573356e-05
0.02559147 3.979143e-05
0.04711506 3.617034e-05
0.03860536 3.705793e-05
0.01757598 3.157909e-05
0.005927281 2.934024e-05
0.01396735 3.179809e-05
0.02145298 3.015085e-05
0.01178131 3.149008e-05
0.01921211 2.92431e-05
0.04584819 2.710032e-05
0.04815226 2.341501e-05
0.03896001 2.729103e-05
0.03538568 2.682049e-05
0.04285272 2.623099e-05
0.03733875 2.875837e-05
0.01666961 3.352491e-05
0.02680186 3.217812e-05
0.03281436 3.218961e-05
0.01618535 3.281887e-05
0.02525776 3.837918e-05
0.040649 4.260167e-05
0.04151088 4.175491e-05
0.04564776 4.216485e-05
0.04601201 3.910781e-05
0.04859624 4.582952e-05
0.04466679 3.655032e-05
0.04722474 3.241374e-05
0.05524133 3.116383e-05
0.04566571 3.251593e-05
0.03958552 3.494366e-05
0.01918663 3.230845e-05
0.02399321 3.606061e-05
0.03004825 3.860511e-05
0.02533561 3.879899e-05
0.07975257 3.568328e-05
0.04499692 3.820614e-05
0.03680456 3.489807e-05
0.02261601 3.87162e-05
0.03908693 4.344636e-05
0.01764511 4.451987e-05
0.01924945 3.879958e-05
0.01638541 3.788651e-05
0.01759725 3.743051e-05
0.005147801 3.160493e-05
0.005255694 3.439008e-05
0.02178445 3.454422e-05
0.04210876 3.92472e-05
0.01744436 3.642761e-05
0.04285702 3.615091e-05
0.03153783 3.323179e-05
0.0405743 3.466897e-05
0.06584016 3.199303e-05
0.04872298 2.98254e-05
0.07303022 2.993903e-05
0.06203215 2.623437e-05
0.04517683 2.36158e-05
0.06889987 3.019711e-05
0.07079935 3.516336e-05
0.07084381 3.314204e-05
0.04718874 3.149975e-05
0.06243604 3.617277e-05
0.05307082 3.785803e-05
0.03046259 3.987145e-05
0.03946029 4.334883e-05
0.03799074 4.238915e-05
0.01967983 4.301166e-05
0.02392658 4.645535e-05
0.01876767 4.505885e-05
0.02340297 4.425227e-05
0.02379684 4.974854e-05
0.01107127 4.128673e-05
0.01320737 4.461197e-05
0.02819019 3.815038e-05
0.04732317 3.55132e-05
0.0218062 3.396093e-05
0.01727004 3.53067e-05
0.02430475 3.379e-05
0.0263527 4.31246e-05
0.03142038 4.299894e-05
0.0286136 4.327944e-05
0.02454632 3.959193e-05
0.01274651 3.900672e-05
0.01058752 4.537423e-05
0.01032171 4.730127e-05
0.001597941 4.272932e-05
0.009363782 4.418572e-05
0.01098642 4.150265e-05
0.00324809 4.71929e-05
0.005056767 4.69348e-05
0.006937748 5.211871e-05
0.01493451 5.086354e-05
0.02150329 4.56286e-05
0.01294617 5.200931e-05
0.01043817 5.054124e-05
0.007171394 5.054702e-05
0.006642164 5.912701e-05
0.007856709 6.289859e-05
0.01899785 5.896048e-05
0.02779964 5.602838e-05
0.02965514 5.078219e-05
0.02468401 4.39427e-05
0.02664794 3.961461e-05
0.03427498 3.332688e-05
0.05464449 3.691125e-05
0.04815503 4.394044e-05
0.03177619 4.331184e-05
0.0194968 4.015964e-05
0.01565425 4.315737e-05
0.01961897 3.590447e-05
0.01214412 3.274133e-05
0.01959035 3.205467e-05
0.02107259 2.564234e-05
0.02317161 2.568838e-05
0.01447646 2.948131e-05
0.008305876 2.74463e-05
0.01974076 2.955074e-05
0.03437975 2.823589e-05
0.02560569 2.778732e-05
0.0178957 2.471066e-05
0.005929733 2.235428e-05
0.008788026 2.528142e-05
0.02652905 2.449074e-05
0.03442863 2.751371e-05
0.03983321 3.335495e-05
0.04590824 3.237396e-05
0.05054388 2.97483e-05
0.03713947 3.058254e-05
0.04961143 2.42029e-05
0.03049727 2.480914e-05
0.02635847 2.996194e-05
0.0180621 2.746909e-05
0.07173432 2.189638e-05
0.0695146 2.058263e-05
0.08649585 1.8275e-05
0.0851517 1.936666e-05
0.06617703 1.753724e-05
0.05338901 1.838017e-05
0.05648865 1.966791e-05
0.03502097 2.43568e-05
0.0327573 2.647954e-05
0.02779379 2.604165e-05
0.02493289 2.701904e-05
0.01952255 2.439585e-05
0.02038393 2.736126e-05
0.01671892 2.148393e-05
0.03181681 2.04573e-05
0.03035874 2.304983e-05
0.04480826 2.591093e-05
0.07711826 2.197998e-05
0.08043617 2.310967e-05
0.09109598 2.305199e-05
0.06211265 2.274865e-05
0.06264638 2.339544e-05
0.09012047 1.964087e-05
0.1083335 1.817401e-05
0.1310526 1.832978e-05
0.1064476 2.110124e-05
0.07985788 2.219583e-05
0.05147073 2.524148e-05
0.06117043 2.986264e-05
0.07313191 3.2611e-05
0.05536519 3.664176e-05
0.07114472 3.479621e-05
0.09090875 3.712916e-05
0.06233867 4.614461e-05
0.04694321 4.448527e-05
0.0534647 3.9791e-05
0.04866823 3.91675e-05
0.06672429 3.479732e-05
0.0557209 3.353573e-05
0.08537678 4.129766e-05
0.08550383 3.980487e-05
0.07099827 3.971229e-05
0.06600372 3.693613e-05
0.08242368 4.095251e-05
0.08622143 4.173157e-05
0.06157969 3.593269e-05
0.04639555 3.136727e-05
0.0262703 3.15794e-05
0.0352198 3.203152e-05
0.03574818 3.501634e-05
0.0393223 3.96602e-05
0.06518392 3.538821e-05
0.0303585 3.432957e-05
0.03320946 3.770246e-05
0.05613976 3.491797e-05
0.07392704 3.370059e-05
0.06823658 2.659153e-05
0.06291165 2.524703e-05
0.0457027 2.610048e-05
0.03673355 2.318951e-05
0.04752159 2.042833e-05
0.05308347 1.678863e-05
0.06112323 1.690508e-05
0.03740071 1.636829e-05
0.04000783 1.49042e-05
0.04755147 1.309382e-05
0.0293483 1.268842e-05
0.01814006 1.332256e-05
0.008461151 1.63369e-05
0.009966625 2.136119e-05
0.01586674 2.088515e-05
0.02959128 1.915749e-05
0.02995701 1.83134e-05
0.03894046 2.358558e-05
0.04611289 2.564668e-05
0.0297177 2.611883e-05
0.01876821 2.714305e-05
0.02962787 2.434194e-05
0.0530267 2.190909e-05
0.0658534 2.053742e-05
0.06137099 1.846608e-05
0.0845969 1.963509e-05
0.1047456 2.473951e-05
0.0675239 2.730963e-05
0.05864406 2.163564e-05
0.03554279 2.439308e-05
0.04830836 2.539402e-05
0.05577173 2.678976e-05
0.07350899 2.839202e-05
0.06985974 2.700571e-05
0.08468944 2.204956e-05
0.07384864 2.274698e-05
0.05751578 2.115587e-05
0.05014464 2.102174e-05
0.07712271 2.131714e-05
0.07151137 2.230151e-05
0.1040634 2.283884e-05
0.08624752 2.330161e-05
0.1014262 2.669712e-05
0.09326068 2.767994e-05
0.09640307 2.157599e-05
0.07860527 2.410485e-05
0.09094567 2.179927e-05
0.07938743 1.933997e-05
0.07752994 1.951989e-05
0.1035595 1.831839e-05
0.1032418 2.312753e-05
0.1018515 2.391613e-05
0.09830427 2.333203e-05
0.1327954 2.700874e-05
0.0932276 3.058829e-05
0.08709219 2.831702e-05
0.06681962 2.893087e-05
0.05362784 2.839936e-05
0.0367259 2.865958e-05
0.06423237 2.807079e-05
0.06162595 2.80097e-05
0.0877044 2.865775e-05
0.07185506 2.449425e-05
0.08982846 1.989201e-05
0.08713202 2.068384e-05
0.07603872 1.811146e-05
0.09049146 2.296676e-05
0.101628 2.359544e-05
0.08457455 2.34947e-05
0.07179621 2.043172e-05
0.08394307 2.296046e-05
0.09152615 1.914797e-05
0.1138088 1.864487e-05
0.08735788 1.711263e-05
0.07207546 1.777601e-05
0.05747965 1.836732e-05
0.06094844 1.693168e-05
0.06390455 1.609899e-05
0.05351551 1.641978e-05
0.06248541 1.550042e-05
0.06832334 1.676691e-05
0.118228 1.73e-05
0.1358847 1.6444e-05
0.1355337 1.504367e-05
0.1628481 1.673392e-05
0.1536966 1.814338e-05
0.1546799 1.731622e-05
0.152021 2.00984e-05
0.1497419 1.829794e-05
0.1333775 1.807517e-05
0.145499 1.761043e-05
0.1779705 2.160202e-05
0.1308971 2.10039e-05
0.1225944 2.368569e-05
0.1082434 2.340164e-05
0.07359019 2.189167e-05
0.07573013 2.079691e-05
0.06083336 1.813056e-05
0.08094714 1.707676e-05
0.1117537 1.569204e-05
0.1154729 1.451284e-05
0.1184943 1.4613e-05
0.08902423 1.39141e-05
0.126212 1.532586e-05
0.1125634 1.544963e-05
0.09683565 1.621782e-05
0.09581246 1.456509e-05
0.096177 1.480943e-05
0.08757784 1.602943e-05
0.07871982 1.648887e-05
0.1433913 1.700182e-05
0.1550473 1.856673e-05
0.1479372 1.689005e-05
0.1574864 1.611761e-05
0.1500041 1.587753e-05
0.1199682 1.830182e-05
0.08708238 1.896976e-05
0.07108509 2.004527e-05
0.07014211 2.046932e-05
0.07543106 2.040474e-05
0.06145411 2.130722e-05
0.08335181 2.103389e-05
0.07711156 1.697085e-05
0.1142694 1.524732e-05
0.1034489 1.20328e-05
0.08154477 1.481488e-05
0.06456631 1.475107e-05
0.04630541 1.456036e-05
0.06234801 1.779471e-05
0.05827152 1.583826e-05
0.05980079 1.74592e-05
0.04269609 1.831884e-05
0.04919332 1.871933e-05
0.04054971 1.984643e-05
0.04084404 1.480134e-05
0.04964456 1.380826e-05
0.04236031 1.649763e-05
0.04029771 1.767075e-05
0.03011507 1.648119e-05
0.05317778 1.698855e-05
0.04513849 2.013594e-05
0.06082883 1.647986e-05
0.05248101 1.578722e-05
0.06273202 1.372332e-05
0.06599503 1.377447e-05
0.0898857 1.779998e-05
0.09632027 1.578704e-05
0.08517175 1.770847e-05
0.08863119 1.545757e-05
0.08133452 1.826249e-05
0.05606576 1.625409e-05
0.07330594 1.716622e-05
0.07991461 1.460263e-05
0.07600604 1.402419e-05
0.09572448 1.282028e-05
0.04872006 1.575711e-05
0.05094801 1.727994e-05
0.05375659 1.869024e-05
0.05463715 1.702961e-05
0.06778771 2.327269e-05
0.03064157 2.272394e-05
0.03043149 2.485489e-05
0.02580348 2.54266e-05
0.03086431 2.54215e-05
0.02076065 2.287409e-05
0.01981714 2.585285e-05
0.03156082 2.56032e-05
0.02039281 2.231956e-05
0.02744094 1.989519e-05
0.02268215 1.709347e-05
0.0231031 1.525427e-05
0.03944067 1.471444e-05
0.05835203 1.782415e-05
0.06450477 1.818539e-05
0.07727887 1.817101e-05
0.04539719 1.765983e-05
0.0693808 2.012728e-05
0.05939275 1.806596e-05
0.04216623 2.266101e-05
0.04300646 2.284111e-05
0.03648724 2.501612e-05
0.01704052 2.509795e-05
0.01330674 2.311985e-05
0.01708507 2.477452e-05
0.01519116 2.7362e-05
0.0222931 3.082685e-05
0.03427228 2.662052e-05
0.03916771 3.326186e-05
0.01147318 3.439216e-05
0.02694856 3.421748e-05
0.01199607 3.266834e-05
0.007793168 3.536925e-05
0.01951164 3.906467e-05
0.01830853 3.090431e-05
0.0102261 3.331572e-05
0.001990775 4.091595e-05
0.01147616 3.602453e-05
0.007588541 3.100026e-05
0.007184968 2.859878e-05
0.01171289 3.36865e-05
0.0270393 3.761536e-05
0.01514896 3.750396e-05
0.0210225 4.198265e-05
0.01075108 5.137391e-05
0.007696806 4.77092e-05
0.006730594 5.204063e-05
0.005921117 4.560113e-05
0.01234324 4.453231e-05
0.01362448 4.122294e-05
0.0344395 3.128479e-05
0.02681658 3.010113e-05
0.03695281 2.439666e-05
0.03365445 2.703265e-05
0.05010621 3.057126e-05
0.03710299 2.994933e-05
0.04535343 3.17977e-05
0.05586523 3.462139e-05
0.0675578 3.277147e-05
0.04398301 2.529793e-05
0.04436352 2.339295e-05
0.02920743 2.2591e-05
0.02362782 2.101675e-05
0.03136239 2.432795e-05
0.02830877 2.681325e-05
0.02243372 3.113016e-05
0.01120023 3.29211e-05
0.01063155 3.286342e-05
0.00297505 3.398816e-05
0.004645947 3.399366e-05
0.01905527 3.177614e-05
0.02415441 3.121257e-05
0.02217155 2.944798e-05
0.03972678 2.857857e-05
0.03750968 2.409367e-05
0.05280782 2.498463e-05
0.02415612 2.691481e-05
0.02641589 2.865254e-05
0.02938409 3.080116e-05
0.01463463 2.719888e-05
0.02046629 2.706232e-05
0.01712089 2.332476e-05
0.02440916 2.216995e-05
0.03289078 2.049923e-05
0.02719829 2.070056e-05
0.01598939 2.013021e-05
0.02163703 1.977697e-05
0.02336783 1.760657e-05
0.03313314 1.372596e-05
0.03000459 1.83539e-05
0.01390617 2.09245e-05
0.02053905 2.016648e-05
0.0064832 2.329945e-05
0.006749991 3.099693e-05
0.0146793 3.099062e-05
0.02910495 2.701038e-05
0.03610278 3.046863e-05
0.0491116 3.037997e-05
0.07743835 3.265797e-05
0.05228597 3.551973e-05
0.04880464 3.537397e-05
0.04176893 3.889378e-05
0.04963188 2.928289e-05
0.03937278 3.206915e-05
0.05010359 3.727499e-05
0.05115826 4.336141e-05
0.05266052 4.036039e-05
0.03641277 3.505443e-05
0.04455692 3.705713e-05
0.03965595 3.57636e-05
0.04177436 3.591109e-05
0.04495437 3.718362e-05
0.05612795 4.268168e-05
0.05431712 3.87803e-05
0.04104589 3.112932e-05
0.04902253 3.075738e-05
0.06028133 2.805364e-05
0.06590424 2.653752e-05
0.02863187 2.407323e-05
0.02430113 2.413858e-05
0.02520857 2.187438e-05
0.02651365 2.126683e-05
0.04797298 2.176959e-05
0.05487176 2.097978e-05
0.07453334 2.367431e-05
0.09897315 1.95312e-05
0.0781714 2.367696e-05
0.06909017 2.375599e-05
0.04565901 2.242807e-05
0.02726004 2.456039e-05
0.0393434 2.14582e-05
0.0357426 1.854606e-05
0.0463697 1.474555e-05
0.06243072 1.698103e-05
0.09446198 1.879409e-05
0.07790516 1.758754e-05
0.05574219 1.847417e-05
0.05963506 1.798493e-05
0.04734762 1.948669e-05
0.04117091 1.957694e-05
0.04306524 1.982422e-05
0.06012246 2.083351e-05
0.07517969 1.729581e-05
0.06959119 1.996656e-05
0.03981271 2.141726e-05
0.05558561 2.233831e-05
0.06585862 2.398136e-05
0.08754816 2.537079e-05
0.09990387 2.730025e-05
0.09144194 3.092947e-05
0.0937742 2.315551e-05
0.0786048 2.829935e-05
0.0810631 2.724861e-05
0.09472911 2.300887e-05
0.1022034 2.17207e-05
0.1088684 1.881243e-05
0.09046111 2.111636e-05
0.0604369 2.103932e-05
0.08768056 2.099025e-05
0.09477201 1.855754e-05
0.1098905 2.354717e-05
0.1016903 2.30425e-05
0.1090363 1.96965e-05
0.1590085 1.75623e-05
0.1717878 1.709011e-05
0.1575119 2.044936e-05
0.1100795 1.710645e-05
0.08381431 1.559034e-05
0.078378 1.642767e-05
0.07346256 1.582735e-05
0.1107493 1.435652e-05
0.08919443 1.444639e-05
0.133969 1.728105e-05
0.1136967 1.52553e-05
0.1146379 1.585574e-05
0.08045327 1.581982e-05
0.1034584 1.654296e-05
0.08069724 1.693926e-05
0.06090702 1.558226e-05
0.07956516 2.041584e-05
0.06934624 2.007197e-05
0.07986052 1.620499e-05
0.06386838 2.008461e-05
0.05847897 2.142638e-05
0.03755446 2.560591e-05
0.04798026 3.036442e-05
0.05597732 3.298157e-05
0.06514785 3.118453e-05
0.09362278 3.003474e-05
0.09539955 2.905248e-05
0.1032879 3.292737e-05
0.08847982 3.774793e-05
0.07368298 4.251318e-05
0.0519332 3.678749e-05
0.03352243 3.330028e-05
0.04987576 2.977465e-05
0.03745021 2.773586e-05
0.04426831 3.226616e-05
0.04224505 3.140498e-05
0.03994957 2.845931e-05
0.06262134 2.381708e-05
0.06505086 2.452773e-05
0.08218334 2.442679e-05
0.04909255 2.828783e-05
0.06157478 2.99329e-05
0.06770309 3.605302e-05
0.0460326 3.991221e-05
0.04229206 4.40301e-05
0.02260378 4.032848e-05
0.02489694 4.772447e-05
0.02249905 5.229978e-05
0.02619788 4.73659e-05
0.0166698 5.253241e-05
0.02778761 4.888582e-05
0.03097018 4.609909e-05
0.01585966 4.745336e-05
0.01637164 5.068041e-05
0.02197078 4.995253e-05
0.0185286 4.997573e-05
0.0267152 4.708352e-05
0.0251271 4.435781e-05
0.02532237 3.914638e-05
0.02157829 3.883009e-05
0.04495322 3.86285e-05
0.03422952 3.393806e-05
0.05973474 3.833822e-05
0.06046519 3.441694e-05
0.03283041 3.425974e-05
0.04016694 3.751715e-05
0.04112966 3.422728e-05
0.06278135 3.207376e-05
0.06754675 2.636654e-05
0.09819915 2.760273e-05
0.07794735 2.523947e-05
0.06711706 2.561353e-05
0.06641316 2.807019e-05
0.07914841 3.048539e-05
0.06517668 2.679362e-05
0.08175493 3.086151e-05
0.06738981 2.912284e-05
0.07959089 3.078752e-05
0.053749 3.13712e-05
0.03186036 3.160991e-05
0.04046216 3.005328e-05
0.04760153 3.617901e-05
0.04609155 3.307557e-05
0.06545761 3.307757e-05
0.04094319 2.969485e-05
0.04901739 2.875973e-05
0.0515204 2.989476e-05
0.04283127 3.483231e-05
0.04829514 2.465508e-05
0.03657737 2.201883e-05
0.04994004 2.233776e-05
0.06051205 2.346494e-05
0.04959216 2.20213e-05
0.04197529 2.041341e-05
0.03210601 2.244339e-05
0.0290659 2.340971e-05
0.04764299 1.772205e-05
0.05614785 2.119836e-05
0.08171107 2.032156e-05
0.05713455 2.36269e-05
0.07332653 2.482407e-05
0.07485675 2.885381e-05
0.06475612 2.67756e-05
0.03751744 3.072676e-05
0.03253235 3.145509e-05
0.03348846 3.215298e-05
0.03039968 3.29408e-05
0.02243735 3.244911e-05
0.006284883 3.055292e-05
0.01130688 3.692111e-05
0.01687694 3.63544e-05
0.02755053 3.168766e-05
0.0262769 3.717306e-05
0.01366826 4.328649e-05
0.005306803 4.050649e-05
0.007155494 3.506826e-05
0.001898428 3.603314e-05
0.006077234 4.10798e-05
0.01470011 3.581535e-05
0.007761334 3.258493e-05
0.01002163 3.160514e-05
0.003721318 3.076558e-05
0.01138904 3.206912e-05
0.009522797 3.448065e-05
0.009647778 4.847664e-05
0.007042094 4.35625e-05
0.007479409 4.364051e-05
0.01744974 5.41647e-05
0.01812639 5.260435e-05
0.01936815 6.142109e-05
0.01660755 5.115741e-05
0.03667173 4.939049e-05
0.03925849 4.738043e-05
0.0124872 5.043219e-05
0.03107289 5.421896e-05
0.02333952 4.599347e-05
0.03787283 4.626679e-05
0.03551075 4.756605e-05
0.01472154 3.93548e-05
0.02618925 3.764639e-05
0.02640576 3.973034e-05
0.02963858 5.11949e-05
0.01419543 5.80028e-05
0.01464344 6.092907e-05
0.01707976 6.557348e-05
0.01843158 6.953171e-05
0.01163278 7.950066e-05
0.01223945 6.714634e-05
0.01830351 5.529797e-05
0.01397292 6.319646e-05
0.006803318 5.66548e-05
0.01153473 4.993233e-05
0.01671503 5.560727e-05
0.01636874 4.803187e-05
0.02959014 4.457322e-05
0.03523407 4.534123e-05
0.03071703 4.354366e-05
0.05384065 3.173241e-05
0.05359809 3.423099e-05
0.04698669 3.426333e-05
0.05866753 4.034536e-05
0.06254504 3.357315e-05
0.05333427 3.095614e-05
0.08123443 3.975794e-05
0.1074007 4.01589e-05
0.08948162 3.465595e-05
0.08738949 3.982042e-05
0.05468146 3.803649e-05
0.05701014 3.9788e-05
0.06117722 3.730876e-05
0.06340835 4.100423e-05
0.0311656 3.773624e-05
0.01913287 3.759783e-05
0.02359895 3.311739e-05
0.01856948 3.05451e-05
0.01144726 2.520143e-05
0.03703354 2.531518e-05
0.02899802 2.579906e-05
0.04513445 2.740546e-05
0.03245442 3.282115e-05
0.02639883 3.401941e-05
0.02321822 3.283719e-05
0.03632057 3.426572e-05
0.05973519 3.280765e-05
0.04751984 3.066794e-05
0.04365484 3.119768e-05
0.03777643 3.080303e-05
0.05321041 3.223992e-05
0.0591592 3.722583e-05
0.08838915 3.669649e-05
0.07562546 3.520228e-05
0.04485807 3.843297e-05
0.0614306 4.142114e-05
0.04823768 4.146356e-05
0.03829884 4.21804e-05
0.02534252 4.476749e-05
0.01781789 4.974769e-05
0.02569612 4.384173e-05
0.01457988 4.273195e-05
0.02498096 4.224174e-05
0.05127151 4.101731e-05
0.04662177 4.029118e-05
0.04497418 3.802703e-05
0.03539403 3.619443e-05
0.02820057 3.141665e-05
0.02128111 3.703785e-05
0.02473978 4.119534e-05
0.01422328 3.801789e-05
0.01220729 3.733282e-05
0.02204833 3.793963e-05
0.04041954 3.237169e-05
0.05024679 3.717946e-05
0.03944211 4.152194e-05
0.03010485 3.901413e-05
0.03129837 3.626373e-05
0.05234043 3.815679e-05
0.04113801 4.111666e-05
0.03747249 4.272888e-05
0.03957596 3.837901e-05
0.0309306 3.205942e-05
0.03030543 3.279823e-05
0.03451437 3.320216e-05
0.01964026 3.783555e-05
0.03214908 3.839988e-05
0.01629436 4.051515e-05
0.009780685 4.587699e-05
0.01730811 4.944255e-05
0.01908336 4.653321e-05
0.02626969 4.006589e-05
0.04593607 3.959518e-05
0.03266766 4.228861e-05
0.02622857 4.099717e-05
0.03626328 3.97974e-05
0.03076886 4.242711e-05
0.03327856 3.411055e-05
0.02191008 3.53728e-05
0.03857631 3.786023e-05
0.05120228 3.816856e-05
0.05076389 3.363524e-05
0.03616585 3.630183e-05
0.03932362 4.06962e-05
0.03369047 3.883205e-05
0.04056436 3.964053e-05
0.03525668 3.843657e-05
0.03925443 3.686177e-05
0.06639909 3.881951e-05
0.07412623 4.424238e-05
0.06133246 4.93326e-05
0.03210646 4.936754e-05
0.01996613 4.258918e-05
0.01645639 4.568461e-05
0.01469553 4.444078e-05
0.01122461 5.982004e-05
0.02418738 6.238619e-05
0.01056791 7.336916e-05
0.007363293 7.51081e-05
0.0116949 9.884999e-05
0.01769947 0.0001094341
0.01973746 8.979671e-05
0.01857115 9.639725e-05
0.03038886 9.784957e-05
0.0129136 7.28538e-05
0.01013501 7.170554e-05
0.008038797 8.429961e-05
0.00634318 8.322467e-05
0.01669393 9.459969e-05
0.01193951 8.408305e-05
0.02338551 7.80292e-05
0.0201284 7.475102e-05
0.004807194 7.96963e-05
0.01645344 7.401464e-05
0.01493984 8.055708e-05
0.01309462 7.36622e-05
0.01996843 7.957191e-05
0.009347926 8.105058e-05
0.006121371 7.515645e-05
0.005060558 6.965644e-05
0.01312503 5.946084e-05
0.02036944 6.738072e-05
0.01874449 5.705579e-05
0.01835728 6.282946e-05
0.02598995 6.788044e-05
0.0320417 8.125278e-05
0.02032791 8.334008e-05
0.01885482 6.373543e-05
0.01489306 5.827568e-05
0.009678547 5.989393e-05
0.01054236 7.231841e-05
0.02601073 7.022362e-05
0.03078867 6.369063e-05
0.01742803 6.990033e-05
0.0145545 6.937858e-05
0.004424329 7.326929e-05
0.01053275 6.887939e-05
0.01317355 5.342922e-05
0.03722694 5.669321e-05
0.03474848 6.618202e-05
0.02927092 7.33862e-05
0.0170908 7.701625e-05
0.004755338 7.673777e-05
0.01199927 7.458732e-05
0.01683484 7.542802e-05
0.01731864 7.904865e-05
0.01162883 8.370026e-05
0.02177442 8.72345e-05
0.02760062 8.493025e-05
0.03651401 8.474751e-05
0.03718686 7.168959e-05
0.02718444 8.214613e-05
0.01619667 8.896916e-05
0.007583482 9.114516e-05
0.009139421 9.215643e-05
0.009530378 8.354262e-05
0.01261669 6.327016e-05
0.004162458 6.505881e-05
0.008762403 5.445165e-05
0.02055991 6.016393e-05
0.01404898 6.237497e-05
0.01168126 6.634397e-05
0.01448768 6.404183e-05
0.01444584 6.582036e-05
0.01155882 5.432683e-05
0.01301495 4.24348e-05
0.03280686 3.924214e-05
0.01701577 3.396196e-05
0.01261146 2.891152e-05
0.01572353 3.047547e-05
0.0175025 2.912447e-05
0.02288146 3.135033e-05
0.03180581 2.979385e-05
0.02274219 3.233708e-05
0.008981363 2.966043e-05
0.009062196 3.01642e-05
0.009560006 3.164306e-05
0.01287985 3.151782e-05
0.02063051 3.679402e-05
0.007587053 3.65383e-05
0.00982643 3.716135e-05
0.005811458 3.711698e-05
0.01226261 3.517648e-05
0.01778249 3.541273e-05
0.01767465 4.294353e-05
0.03132012 4.227287e-05
0.04456223 3.762322e-05
0.04042103 4.284546e-05
0.02654241 3.547157e-05
0.03442429 2.957689e-05
0.02577977 3.052875e-05
0.02645388 3.038069e-05
0.02094399 3.505042e-05
0.03347343 3.987004e-05
0.03049216 3.935304e-05
0.03149961 3.977474e-05
0.02548153 3.527408e-05
0.03252648 4.010961e-05
0.02102018 4.450764e-05
0.02603321 4.443386e-05
0.02104841 4.013617e-05
0.02713094 3.545275e-05
0.03801715 3.461034e-05
0.05199399 2.841147e-05
0.06936982 2.900972e-05
0.05313315 2.299407e-05
0.07434564 2.892857e-05
0.07927883 2.777339e-05
0.02416073 2.765361e-05
0.01859087 2.510831e-05
0.03384638 2.298251e-05
0.05898779 2.281265e-05
0.08165773 2.255484e-05
0.1013941 2.635314e-05
0.08330881 2.477314e-05
0.07655303 2.793439e-05
0.05709113 2.508371e-05
0.05486711 2.534301e-05
0.04349254 2.331002e-05
0.04485331 2.570881e-05
0.04221095 2.118211e-05
0.05107883 2.099117e-05
0.03853497 2.408191e-05
0.02933311 2.691713e-05
0.0329086 2.74708e-05
0.03119442 3.571395e-05
0.01847454 3.857008e-05
0.04403614 3.779066e-05
0.06662527 4.370896e-05
0.0567091 3.747518e-05
0.05766743 3.514949e-05
0.04554589 4.297198e-05
0.03305263 4.307438e-05
0.01487358 3.408437e-05
0.02700465 2.820632e-05
0.01605027 2.858461e-05
0.01273614 2.856498e-05
0.01295083 2.720444e-05
0.01609097 2.645385e-05
0.01382203 3.115934e-05
0.03152951 3.427517e-05
0.0497468 3.891828e-05
0.05010777 2.944441e-05
0.07389502 2.840186e-05
0.0549867 3.047818e-05
0.04073024 2.985233e-05
0.03757994 2.760324e-05
0.02291844 3.637205e-05
0.04960657 3.06789e-05
0.03097222 2.725544e-05
0.09252508 2.665065e-05
0.09102065 2.956428e-05
0.05984186 3.479721e-05
0.0770556 3.638023e-05
0.05301114 3.135217e-05
0.06180095 3.201587e-05
0.09263766 2.485158e-05
0.1252877 2.629711e-05
0.1253478 2.396688e-05
0.1103393 2.748342e-05
0.05902776 2.319198e-05
0.06828433 2.410045e-05
0.0531656 2.221223e-05
0.02573337 1.575429e-05
0.03350777 1.686151e-05
0.02473374 1.563622e-05
0.03301839 1.727589e-05
0.03634862 1.562973e-05
0.06050977 1.668047e-05
0.04740496 1.755014e-05
0.06280041 2.246727e-05
0.06835632 1.913589e-05
0.08720276 2.36772e-05
0.07353597 2.33498e-05
0.03086263 2.332274e-05
0.05315672 1.834039e-05
0.09171769 1.857039e-05
0.07271787 1.958349e-05
0.05532646 2.016114e-05
0.04540659 1.851783e-05
0.03926835 2.481377e-05
0.04928792 2.926681e-05
0.04872325 2.823481e-05
0.06730047 3.040594e-05
0.04249196 3.022174e-05
0.0333252 2.517901e-05
0.04309271 2.237399e-05
0.0582742 2.802509e-05
0.05117826 2.521056e-05
0.05678675 2.421713e-05
0.04306394 2.481672e-05
0.06518465 2.597784e-05
0.08326535 2.467686e-05
0.08059727 2.645648e-05
0.1094678 2.410074e-05
0.09402013 2.196406e-05
0.06978801 2.002611e-05
0.09262036 1.645739e-05
0.09410709 1.691758e-05
0.05167335 1.647268e-05
0.08018281 1.654861e-05
0.07619048 1.664872e-05
0.07570396 1.610226e-05
0.09387775 1.740388e-05
0.07665816 1.638119e-05
0.06781707 1.453467e-05
0.06268228 1.849878e-05
0.06132712 2.176073e-05
0.06602674 2.249848e-05
0.05772851 1.989534e-05
0.04676991 2.089841e-05
0.04783847 2.392771e-05
0.0635118 2.241781e-05
0.05952888 2.431961e-05
0.1079908 2.700667e-05
0.09091995 2.55855e-05
0.07798241 2.403092e-05
0.05885219 2.267106e-05
0.06544229 2.75664e-05
0.07922124 2.532866e-05
0.0500143 2.273982e-05
0.04448565 2.031325e-05
0.05373035 1.79013e-05
0.03183649 1.792272e-05
0.05031954 2.215476e-05
0.05903952 2.064254e-05
0.09491394 2.145258e-05
0.12131 1.866047e-05
0.1164841 1.768808e-05
0.05636401 1.993522e-05
0.06412107 2.088845e-05
0.04124328 2.000502e-05
0.05723162 2.048727e-05
0.05484833 1.738162e-05
0.03982522 1.799999e-05
0.03543393 1.917034e-05
0.03277173 2.122711e-05
0.02095718 1.853766e-05
0.04833939 1.783703e-05
0.04845298 1.549194e-05
0.05753898 1.577282e-05
0.05658544 1.271895e-05
0.04851768 1.75814e-05
0.07125453 1.53076e-05
0.1103547 1.622381e-05
0.1045657 1.51471e-05
0.06668163 1.702845e-05
0.08990722 1.705208e-05
0.08397409 2.090577e-05
0.04637799 2.350674e-05
0.04149218 2.782608e-05
0.04293457 2.541328e-05
0.03922332 2.702163e-05
0.03858901 3.062973e-05
0.06080367 3.35447e-05
0.06001747 3.412892e-05
0.05064856 3.472162e-05
0.03242033 3.676528e-05
0.02397699 3.952807e-05
0.03612396 4.132952e-05
0.02763624 3.738531e-05
0.04343912 3.697091e-05
0.04313954 3.850428e-05
0.0567954 3.603137e-05
0.04650438 3.879697e-05
0.04761729 4.425666e-05
0.04900845 4.556612e-05
0.04365788 3.806765e-05
0.03428929 4.117091e-05
0.02202621 4.064325e-05
0.03814554 3.626344e-05
0.05121186 4.073221e-05
0.04700316 3.342853e-05
0.03060248 3.23356e-05
0.03429297 2.796077e-05
0.03533891 2.678329e-05
0.01516719 3.185627e-05
0.03352163 3.183374e-05
0.03646645 3.305098e-05
0.04298748 2.849869e-05
0.01688834 2.401972e-05
0.0285406 2.632245e-05
0.0245482 2.938618e-05
0.03704031 2.612992e-05
0.03190086 2.681317e-05
0.07312698 2.823415e-05
0.07487961 2.440815e-05
0.04335454 2.859963e-05
0.03306075 3.067043e-05
0.0643271 2.98922e-05
0.05188992 2.580307e-05
0.05798713 2.417133e-05
0.04758851 2.526136e-05
0.04404792 2.280842e-05
0.06071512 2.347644e-05
0.06614048 2.148374e-05
0.06110337 1.853772e-05
0.05475881 2.139429e-05
0.05894688 1.904004e-05
0.08131742 1.885933e-05
0.1114315 1.935288e-05
0.1054789 2.438429e-05
0.09307678 1.971875e-05
0.08862517 2.143082e-05
0.0894233 2.107776e-05
0.07799925 2.029222e-05
0.09124159 2.042292e-05
0.09457394 2.231387e-05
0.06213469 2.00344e-05
0.06774799 2.087368e-05
0.04146693 2.176507e-05
0.03721994 2.393763e-05
0.05093928 2.192887e-05
0.05943767 2.09201e-05
0.05807227 1.672742e-05
0.04792411 1.676998e-05
0.04833592 1.804873e-05
0.08884992 1.84775e-05
0.08599347 1.925689e-05
0.08167558 1.977316e-05
0.0734342 1.854599e-05
0.08136808 1.848005e-05
0.06870646 2.191456e-05
0.0808637 2.163241e-05
0.0741025 2.082723e-05
0.07011928 2.233254e-05
0.06883713 1.967197e-05
0.07405991 2.235209e-05
0.06142433 2.234388e-05
0.0396881 1.769272e-05
0.02558641 1.755777e-05
0.03062943 1.76306e-05
0.03966543 1.982819e-05
0.06289027 1.865333e-05
0.03572352 1.904565e-05
0.04269924 2.301517e-05
0.06243032 2.273114e-05
0.08789741 2.309046e-05
0.08254209 2.775707e-05
0.08327096 2.671466e-05
0.08296878 2.570567e-05
0.0388295 2.235772e-05
0.0390627 2.386438e-05
0.06104422 3.11382e-05
0.0339906 2.77913e-05
0.03283875 2.387979e-05
0.0237706 2.7167e-05
0.04171312 3.898671e-05
0.0321783 4.252098e-05
0.02260598 5.274442e-05
0.02483935 4.680222e-05
0.02442266 4.542032e-05
0.02215726 4.924023e-05
0.009496908 4.155643e-05
0.01660326 4.4738e-05
0.02479157 4.204071e-05
0.06380291 4.422963e-05
0.05362472 4.499332e-05
0.05080204 3.837054e-05
0.03550584 4.757205e-05
0.03234192 5.112618e-05
0.02773754 5.608928e-05
0.01954328 4.962778e-05
0.03542924 4.601857e-05
0.02095929 5.216364e-05
0.02791204 5.60696e-05
0.0297675 5.84324e-05
0.03270255 5.276927e-05
0.04021078 6.049142e-05
0.03731584 6.537096e-05
0.01997698 5.654758e-05
0.016755 5.758107e-05
0.0243144 5.355456e-05
0.02474873 4.941591e-05
0.02127165 4.329601e-05
0.03020476 3.725777e-05
0.009102761 3.957326e-05
0.01579262 4.61305e-05
0.02317261 3.934965e-05
0.02009984 4.655359e-05
0.01570881 4.657479e-05
0.02745917 4.511394e-05
0.0411273 4.445046e-05
0.04127861 4.625959e-05
0.05291495 4.447411e-05
0.04895274 4.099519e-05
0.05275414 3.941176e-05
0.04907769 3.630165e-05
0.0403393 4.574672e-05
0.04620308 4.713726e-05
0.04296487 4.49579e-05
0.02526226 4.720265e-05
0.03427018 5.084134e-05
0.01838895 5.298695e-05
0.03207941 5.184804e-05
0.03272479 5.620844e-05
0.02746005 5.591974e-05
0.02576036 6.021183e-05
0.02378913 5.475299e-05
0.0424118 6.147597e-05
0.03446263 7.667621e-05
0.03050678 6.427561e-05
0.0159082 5.61341e-05
0.02718344 6.031962e-05
0.02482123 5.958718e-05
0.02764974 5.308377e-05
0.022075 5.333394e-05
0.04019066 5.176044e-05
0.05175427 4.226128e-05
0.03657033 3.958803e-05
0.03790028 4.587315e-05
0.03669093 5.03584e-05
0.03907373 5.287047e-05
0.02475153 5.406655e-05
0.0192782 5.132754e-05
0.03788479 4.17082e-05
0.02659568 4.235793e-05
0.03841916 4.269328e-05
0.03867809 3.298146e-05
0.02151828 3.029596e-05
0.01409636 3.427085e-05
0.01335887 3.890963e-05
0.0240214 3.700247e-05
0.02688408 4.917597e-05
0.05936807 4.884857e-05
0.05797291 5.22709e-05
0.03564405 4.695506e-05
0.01800898 3.921867e-05
0.02696298 4.484193e-05
0.04476986 4.045709e-05
0.02797721 3.867429e-05
0.02082763 3.346145e-05
0.01379301 2.892674e-05
0.01606751 2.446081e-05
0.01056151 2.389548e-05
0.01902647 2.724663e-05
0.02858846 2.32865e-05
0.03777364 2.08733e-05
0.02283359 2.408975e-05
0.03787852 2.181355e-05
0.03777126 2.182254e-05
0.035833 2.399499e-05
0.04032146 2.063705e-05
0.03347951 2.488123e-05
0.02111791 2.359007e-05
0.01121407 2.289153e-05
0.01750277 2.458687e-05
0.03446583 2.33185e-05
0.01406064 2.190942e-05
0.01955031 2.244253e-05
0.01680031 2.284372e-05
0.009692126 2.556758e-05
0.01268697 2.26855e-05
0.002646752 2.360901e-05
0.006177926 2.459105e-05
0.02836412 2.267146e-05
0.03740967 2.296722e-05
0.04560243 2.631343e-05
0.07332293 2.675095e-05
0.06269452 2.205501e-05
0.04740085 2.177213e-05
0.05766548 1.983153e-05
0.07017142 1.90833e-05
0.03429738 1.557338e-05
0.03209954 1.734529e-05
0.02308511 1.592894e-05
0.01435928 1.745731e-05
0.02275701 1.61923e-05
0.02813024 1.62143e-05
0.05300696 1.486738e-05
0.04928902 1.358021e-05
0.06059923 1.194852e-05
0.05498792 1.356548e-05
0.06921613 1.419592e-05
0.04986099 1.416004e-05
0.03193147 1.328213e-05
0.04529722 1.657551e-05
0.07404575 1.621543e-05
0.06990165 1.404426e-05
0.08974909 1.452838e-05
0.08457292 1.484645e-05
0.04950676 1.114421e-05
0.03307761 1.142582e-05
0.02627997 1.558684e-05
0.0111597 1.58834e-05
0.005026409 1.426194e-05
0.005046797 1.578168e-05
0.02320706 1.390997e-05
0.04670029 1.727673e-05
0.09464921 1.669465e-05
0.09297876 1.456162e-05
0.07720169 1.700526e-05
0.04351496 1.84897e-05
0.04505754 1.786311e-05
0.04874402 2.137754e-05
0.04860845 2.316861e-05
0.05176494 2.700322e-05
0.07487045 2.723651e-05
0.05514958 2.596217e-05
0.03441769 2.67649e-05
0.03725409 2.2794e-05
0.01984728 2.158892e-05
0.008852749 2.511996e-05
0.002500237 2.930987e-05
0.01082662 2.899393e-05
0.009014654 2.28389e-05
0.01134493 2.800632e-05
0.01671357 3.133761e-05
0.02120084 2.922911e-05
0.01830174 3.07626e-05
0.01964287 2.762646e-05
0.02744833 2.555803e-05
0.03089147 2.22821e-05
0.01208641 2.246786e-05
0.01259255 1.94792e-05
0.01964998 1.695481e-05
0.02914782 1.789987e-05
0.01415255 1.922258e-05
0.002943275 2.176287e-05
0.009662959 2.714182e-05
0.006179476 2.588457e-05
0.006610669 2.799998e-05
0.00612602 2.661771e-05
0.008270317 2.519805e-05
0.01041147 2.486554e-05
0.02165213 2.277127e-05
0.03692814 1.98391e-05
0.03619414 1.801124e-05
0.06241098 1.519336e-05
0.04874678 1.757294e-05
0.02637076 1.883052e-05
0.03146137 2.138786e-05
0.03900829 1.8605e-05
0.04391316 1.901006e-05
0.02601091 2.006281e-05
0.0335883 1.799782e-05
0.04012069 1.59791e-05
0.0492788 1.917836e-05
0.06975363 2.022129e-05
0.04417652 1.67713e-05
0.02498104 1.501142e-05
0.02659292 1.446083e-05
0.03620286 1.450347e-05
0.03492465 1.480691e-05
0.03229764 1.714072e-05
0.03130183 1.772479e-05
0.03556954 1.728366e-05
0.03091811 1.830716e-05
0.01968633 1.826191e-05
0.0212239 1.473691e-05
0.01940352 1.796408e-05
0.02215724 1.440542e-05
0.0382879 1.581123e-05
0.04776406 1.802899e-05
0.05089882 1.74506e-05
0.05324982 2.042028e-05
0.06870058 2.349528e-05
0.06706942 2.209249e-05
0.1138475 1.890891e-05
0.0736215 1.811551e-05
0.08389977 2.735642e-05
0.1178013 2.152304e-05
0.13251 2.053042e-05
0.1274541 1.891391e-05
0.1052176 1.977344e-05
0.1088946 2.179032e-05
0.08135898 1.974743e-05
0.06403594 1.973529e-05
0.08108604 1.731044e-05
0.06310007 1.567558e-05
0.04529332 1.465114e-05
0.06062366 1.311422e-05
0.08954032 1.358863e-05
0.03822113 1.427359e-05
0.06704464 1.747763e-05
0.04785784 1.871569e-05
0.05607243 1.826568e-05
0.0760792 2.037412e-05
0.09054263 1.782462e-05
0.1099838 1.865676e-05
0.1182614 1.970608e-05
0.1026979 1.897099e-05
0.07063197 1.994803e-05
0.0784926 1.907155e-05
0.07424348 1.68636e-05
0.08220048 1.629643e-05
0.06879495 1.544196e-05
0.1115865 1.514684e-05
0.08961107 1.399395e-05
0.07447838 1.48837e-05
0.07461881 1.541671e-05
0.06994446 1.524542e-05
0.08413961 1.708161e-05
0.07246917 1.474083e-05
0.06140442 1.57783e-05
0.06378855 2.070985e-05
0.08147099 2.389055e-05
0.05356919 2.04548e-05
0.06436732 2.149018e-05
0.04954432 2.217843e-05
0.04633881 2.133377e-05
0.05836654 2.154577e-05
0.04843135 2.254219e-05
0.04967961 2.129708e-05
0.08854323 1.995091e-05
0.09838457 2.326045e-05
0.1259179 1.916114e-05
0.1219569 2.074305e-05
0.08993534 2.238238e-05
0.09182001 2.125919e-05
0.07101105 2.196445e-05
0.0614787 1.795603e-05
0.05378433 1.996905e-05
0.0258041 2.293794e-05
0.0368588 2.202808e-05
0.07155944 2.318696e-05
0.06196276 2.331318e-05
0.05780698 2.513252e-05
0.05812249 2.6574e-05
0.0312254 2.485477e-05
0.05480289 2.261485e-05
0.09433353 2.327353e-05
0.1076277 2.26395e-05
0.09600354 1.858357e-05
0.1350933 1.62981e-05
0.09033675 1.473644e-05
0.07363995 1.549189e-05
0.07607468 1.773823e-05
0.08217035 1.584583e-05
0.05872413 1.602461e-05
0.1019853 1.577407e-05
0.1234444 1.610659e-05
0.1170265 1.442888e-05
0.1258359 1.442732e-05
0.1134484 1.46558e-05
0.1032302 1.511072e-05
0.07878831 1.61124e-05
0.0838339 1.798869e-05
0.1048173 1.671285e-05
0.09245872 1.682838e-05
0.05266857 1.579663e-05
0.06836069 1.683372e-05
0.06763715 1.769784e-05
0.04559972 1.55221e-05
0.03336926 1.602221e-05
0.06818773 1.507474e-05
0.04777246 1.478925e-05
0.07216827 1.457583e-05
0.08952668 1.519725e-05
0.06583766 1.640907e-05
0.06371951 1.668179e-05
0.06257938 1.705709e-05
0.08583391 1.842838e-05
0.1008587 1.536648e-05
0.1076367 1.502484e-05
0.07094217 1.502126e-05
0.07653549 1.311512e-05
0.06715784 1.252748e-05
0.1165605 1.415286e-05
0.1040583 1.255421e-05
0.1278182 1.123883e-05
0.1491623 1.480019e-05
0.1045388 1.525628e-05
0.09027473 1.523087e-05
0.1113091 1.484019e-05
0.0627929 1.346719e-05
0.07348642 1.932954e-05
0.06559547 2.141875e-05
0.07663023 1.680952e-05
0.09163171 1.691948e-05
0.1091569 1.793773e-05
0.1337595 1.546716e-05
0.09597149 1.339835e-05
0.1399662 1.26953e-05
0.09654157 1.509162e-05
0.09628466 1.920959e-05
0.1178843 2.144524e-05
0.114581 2.855908e-05
0.1261491 2.7519e-05
0.09313599 2.66248e-05
0.1179113 2.388857e-05
0.1184116 2.207433e-05
0.1191299 1.900457e-05
0.1346598 2.317916e-05
0.1449611 1.773317e-05
0.1573139 1.620882e-05
0.1809931 1.770179e-05
0.1868434 1.653651e-05
0.1467239 1.705473e-05
0.130315 1.728861e-05
0.08447723 1.685676e-05
0.0799405 1.737548e-05
0.05860915 1.725093e-05
0.05020978 1.815284e-05
0.0995278 1.863047e-05
0.08091264 1.892405e-05
0.09427299 1.706453e-05
0.08886354 1.665826e-05
0.1365236 1.719817e-05
0.1636896 1.664417e-05
0.1502081 1.631528e-05
0.1117663 1.648054e-05
0.1028152 1.881344e-05
0.1237813 2.111367e-05
0.119327 1.765251e-05
0.1600168 1.723882e-05
0.1551719 1.613478e-05
0.1309878 1.902431e-05
0.1261509 1.86885e-05
0.1199483 1.949536e-05
0.09527835 1.760444e-05
0.1404518 1.8527e-05
0.1234355 1.855347e-05
0.1087981 1.745553e-05
0.07539171 1.842478e-05
0.07196572 1.973028e-05
0.09381085 1.883475e-05
0.0784105 1.652804e-05
0.04242866 1.676717e-05
0.03998274 1.377382e-05
0.04950411 1.362827e-05
0.05789422 1.246701e-05
0.03485432 1.277793e-05
0.04863164 1.115662e-05
0.0665572 1.084132e-05
0.05904474 1.34153e-05
0.07616654 1.672241e-05
0.06455053 1.716236e-05
0.06467344 2.413249e-05
0.04162746 2.14731e-05
0.05135177 1.900537e-05
0.05217783 1.942461e-05
0.0531262 1.792583e-05
0.05468702 1.806454e-05
0.05406744 1.865299e-05
0.07761449 1.735122e-05
0.08943919 1.835893e-05
0.1093952 1.78442e-05
0.1274365 1.74281e-05
0.1092659 1.852905e-05
0.1741409 1.618332e-05
0.1254484 1.842224e-05
0.1169229 1.723987e-05
0.1553964 1.68627e-05
0.1640272 1.602946e-05
0.1873104 1.440871e-05
0.1765523 1.553029e-05
0.150696 1.620189e-05
0.1501702 1.539011e-05
0.2037596 1.468786e-05
0.1965312 1.169513e-05
0.1685798 1.082865e-05
0.1845339 9.769403e-06
0.133527 1.023663e-05
0.1225013 1.216973e-05
0.1119407 1.143051e-05
0.1096515 1.163016e-05
0.1408256 1.378342e-05
0.09522992 1.542462e-05
0.1092849 1.449013e-05
0.1239196 1.235177e-05
0.1420294 1.274529e-05
0.1439015 1.42989e-05
0.1309256 1.601514e-05
0.1249619 1.500379e-05
0.1297201 1.419991e-05
0.1208345 1.419204e-05
0.09410502 1.68227e-05
0.1067033 1.521526e-05
0.1208681 1.579223e-05
0.08412741 1.458566e-05
0.1099516 1.429202e-05
0.09226134 1.700145e-05
0.0830626 1.732242e-05
0.07161751 1.479246e-05
0.08093601 1.648994e-05
0.09432602 1.647278e-05
0.1045209 1.421844e-05
0.1540947 1.180471e-05
0.1149988 1.177135e-05
0.1010761 1.189573e-05
0.07430778 1.245077e-05
0.119886 1.401737e-05
0.1154716 1.36093e-05
0.08538472 1.177075e-05
0.09935022 1.102591e-05
0.09071454 1.300283e-05
0.0851168 1.424079e-05
0.08730339 1.583776e-05
0.0906715 1.497794e-05
0.07506772 1.782145e-05
0.02743821 1.917966e-05
0.03379011 1.992942e-05
0.0280733 2.108413e-05
0.05446885 1.90537e-05
0.07883841 1.995635e-05
0.06560085 2.043424e-05
0.03235198 2.115832e-05
0.03788767 2.216521e-05
0.05493498 1.675046e-05
0.09874248 1.779596e-05
0.1056346 1.621393e-05
0.09823772 1.781709e-05
0.06079245 1.950856e-05
0.05103425 2.23336e-05
0.02732121 2.634417e-05
0.01902134 2.920289e-05
0.04094055 2.879452e-05
0.02792945 2.632998e-05
0.02815889 2.452009e-05
0.02950789 3.164436e-05
0.04329936 3.369953e-05
0.03542213 3.299775e-05
0.02427718 3.548955e-05
0.01932075 3.699467e-05
0.01120733 4.273077e-05
0.01403182 5.032926e-05
0.01571696 4.174568e-05
0.01007134 4.558099e-05
0.01241704 4.84844e-05
0.00838349 5.06175e-05
0.004887215 5.139679e-05
0.007727014 5.049115e-05
0.02162229 5.772467e-05
0.02483376 5.072688e-05
0.02959732 5.004034e-05
0.04709166 5.4835e-05
0.0441514 4.711711e-05
0.02747809 4.831047e-05
0.02819799 4.683948e-05
0.009451104 4.005211e-05
0.03038736 3.670086e-05
0.0281988 3.630087e-05
0.04760796 3.816495e-05
0.05539341 3.325759e-05
0.05016563 2.884914e-05
0.0702114 2.889846e-05
0.04557311 3.102148e-05
0.02695982 2.923689e-05
0.06552595 3.17173e-05
0.08183457 3.160364e-05
0.06072905 2.979803e-05
0.03385968 2.75727e-05
0.03172535 2.959876e-05
0.01768046 3.250887e-05
0.02961787 3.707104e-05
0.04744652 3.951211e-05
0.06114753 3.909842e-05
0.05023454 4.348343e-05
0.05616232 4.706168e-05
0.06688342 4.28571e-05
0.02821459 4.658773e-05
0.01087737 5.177755e-05
0.01207218 5.251254e-05
0.003718346 6.171749e-05
0.00382471 5.061058e-05
0.004502512 4.95943e-05
0.002840761 4.100481e-05
0.0009781046 4.23798e-05
0.005017173 3.795153e-05
0.0001028329 3.595083e-05
0.007866291 4.256779e-05
0.0107288 4.282811e-05
0.01925071 4.126389e-05
0.0294344 3.61455e-05
0.01199224 3.224357e-05
0.03394449 3.239156e-05
0.03677634 2.858221e-05
0.04429678 2.695051e-05
0.03672715 2.697224e-05
0.03285175 2.192695e-05
0.04679889 2.356018e-05
0.04174331 2.864485e-05
0.04671138 3.542893e-05
0.05971466 3.197021e-05
0.04673353 3.536996e-05
0.05233028 4.352866e-05
0.06110271 4.226052e-05
0.04991913 4.991295e-05
0.03512262 4.540767e-05
0.0294597 4.067889e-05
0.0388917 3.722083e-05
0.03497742 3.89301e-05
0.03362851 3.755722e-05
0.02562359 3.89801e-05
0.0244111 4.388489e-05
0.02633085 3.517814e-05
0.01939288 3.034895e-05
0.01768031 2.509017e-05
0.02179193 2.302688e-05
0.03313023 2.717758e-05
0.05110877 2.650653e-05
0.02861474 2.785639e-05
0.01725971 3.131667e-05
0.03511816 3.082055e-05
0.0476548 3.689197e-05
0.04319796 2.924072e-05
0.04762685 2.694707e-05
0.04652241 2.841138e-05
0.04295059 2.656072e-05
0.05306996 2.577866e-05
0.03162726 2.678393e-05
0.03373259 3.142113e-05
0.02381222 2.903428e-05
0.03835452 3.198234e-05
0.04080154 2.792769e-05
0.04683851 2.331367e-05
0.07402576 2.563863e-05
0.03778523 2.557868e-05
0.02702492 2.482101e-05
0.05795208 2.134823e-05
0.06185661 1.903892e-05
0.06790842 1.787579e-05
0.04552687 2.353095e-05
0.06048859 2.238427e-05
0.07934398 2.053017e-05
0.06987798 2.153153e-05
0.07262241 1.96534e-05
0.06132014 2.467759e-05
0.0670644 2.216309e-05
0.05795244 2.185504e-05
0.04845178 2.010565e-05
0.04767285 2.660892e-05
0.0294883 2.513064e-05
0.02978005 2.443563e-05
0.01985156 2.324901e-05
0.01069177 2.150143e-05
0.01187245 2.547492e-05
0.01431586 2.573415e-05
0.02518194 3.136683e-05
0.03653707 3.217943e-05
0.00593116 3.221748e-05
0.007104564 3.808588e-05
0.01429131 4.091581e-05
0.004070331 3.498263e-05
0.006503594 3.77595e-05
0.01027624 4.878031e-05
0.008267556 5.049362e-05
0.01949943 6.692752e-05
0.03809933 6.817822e-05
0.03819101 6.904271e-05
0.04897879 6.979948e-05
0.02327328 6.649395e-05
0.01242404 8.006378e-05
0.01036036 8.056355e-05
0.01003286 8.57129e-05
0.003223868 7.800534e-05
0.00347571 7.1252e-05
0.005912561 6.556542e-05
0.01109672 7.785812e-05
0.01901214 6.924854e-05
0.02817938 6.928627e-05
0.02753282 7.274625e-05
0.02633654 7.521077e-05
0.01007559 7.125164e-05
0.01181634 6.882859e-05
0.01949254 6.356678e-05
0.01857438 6.063412e-05
0.01647918 4.82739e-05
0.02066435 4.657432e-05
0.02463974 4.316303e-05
0.01950285 4.430365e-05
0.02021147 3.873318e-05
0.026679 3.702148e-05
0.03232274 3.429192e-05
0.03475741 3.307488e-05
0.01975678 4.110632e-05
0.02648191 4.797111e-05
0.00511878 4.357592e-05
0.02087823 3.841498e-05
0.02865043 4.131884e-05
0.01842386 4.18419e-05
0.03551049 3.85165e-05
0.02703695 3.930263e-05
0.04058389 4.276559e-05
0.0482054 4.358e-05
0.04744948 5.112021e-05
0.03644464 5.01451e-05
0.02386634 5.297846e-05
0.02336119 5.273319e-05
0.03188644 5.386498e-05
0.06230343 5.22109e-05
0.04642491 4.991937e-05
0.03534303 4.909775e-05
0.02546707 4.991295e-05
0.03688075 4.760565e-05
0.0411338 4.607857e-05
0.05213675 4.238064e-05
0.03687697 4.159407e-05
0.03459709 3.177386e-05
0.07362323 3.292918e-05
0.02285244 2.618079e-05
0.0168703 2.61621e-05
0.0143303 2.473002e-05
0.0154023 2.310248e-05
0.01203643 1.893369e-05
0.01695161 2.128708e-05
0.005355625 2.422178e-05
0.02274141 2.528641e-05
0.01729651 3.06199e-05
0.01096713 3.15552e-05
0.002521281 2.900859e-05
0.01937686 2.997433e-05
0.02403116 3.551588e-05
0.02802557 4.727901e-05
0.01373733 4.704168e-05
0.02125812 4.69002e-05
0.02961254 5.014967e-05
0.0396932 5.440874e-05
0.02353575 5.274568e-05
0.01013293 4.964769e-05
0.01378444 4.851459e-05
0.01933203 5.034266e-05
0.01839951 5.045103e-05
0.02787496 4.945047e-05
0.01327138 4.659549e-05
0.01302465 4.111765e-05
0.0134005 3.364677e-05
0.01489597 3.53664e-05
0.03591294 4.187474e-05
0.06268248 4.538448e-05
0.06102833 4.61476e-05
0.09064222 4.325155e-05
0.0796087 3.088741e-05
0.08701472 3.178322e-05
0.08400547 3.469706e-05
0.04342467 3.464834e-05
0.05456451 3.390945e-05
0.06285605 3.398053e-05
0.05967709 3.6867e-05
0.05497277 3.54913e-05
0.02979388 2.818787e-05
0.02841594 2.643978e-05
0.02491434 2.687601e-05
0.007713667 2.755851e-05
0.02050555 2.711134e-05
0.02880113 2.729613e-05
0.04006841 2.847776e-05
0.0241886 2.999897e-05
0.04236212 2.856885e-05
0.03438 3.513093e-05
0.03816077 3.763168e-05
0.0564449 3.946657e-05
0.04227406 3.950147e-05
0.03253846 4.498725e-05
0.04739833 3.558842e-05
0.05220088 3.459399e-05
0.0302975 3.234366e-05
0.03408417 2.854136e-05
0.03227247 3.081377e-05
0.03543517 3.091686e-05
0.04321335 3.316349e-05
0.05175356 3.798805e-05
0.05972061 3.99676e-05
0.03228225 3.954819e-05
0.04550652 4.776152e-05
0.03736992 4.579917e-05
0.05436081 4.346526e-05
0.05740595 3.642325e-05
0.07133789 3.530046e-05
0.05044349 3.747832e-05
0.06164922 3.639688e-05
0.06148395 4.055201e-05
0.0268242 5.043859e-05
0.0287174 4.85728e-05
0.01909505 6.050306e-05
0.0191922 6.055706e-05
0.01857272 5.998392e-05
0.02566426 6.046709e-05
0.01874268 6.385003e-05
0.00991606 5.778869e-05
0.01341554 6.049147e-05
0.005534642 6.805674e-05
0.00453592 6.989426e-05
0.009865492 8.611025e-05
0.009405465 8.098213e-05
0.01197613 7.478256e-05
0.02276421 7.986908e-05
0.01262799 8.618181e-05
0.03199628 7.224501e-05
0.01130184 7.031988e-05
0.003528695 7.410738e-05
0.008848356 7.345602e-05
0.004663163 6.275255e-05
0.005173755 6.370995e-05
0.002155886 6.378068e-05
0.006496063 5.728159e-05
0.001791484 5.365868e-05
0.003056419 5.509549e-05
0.008232167 5.65269e-05
0.007781197 5.930381e-05
0.009387594 4.943583e-05
0.02062994 4.483527e-05
0.01415045 3.871729e-05
0.03538301 4.156409e-05
0.03324487 4.436017e-05
0.0411482 4.106487e-05
0.02278918 4.048737e-05
0.01721087 5.005415e-05
0.03353827 5.260028e-05
0.03285376 5.139892e-05
0.01486174 4.285617e-05
0.01556618 4.148319e-05
0.006536567 4.203576e-05
0.01385741 3.892015e-05
0.03240396 3.630226e-05
0.02966675 4.210006e-05
0.03551091 4.876111e-05
0.02422773 3.896913e-05
0.02253551 3.728006e-05
0.01779768 4.250682e-05
0.03324896 3.824286e-05
0.0414686 4.184131e-05
0.02459902 4.725197e-05
0.03051322 4.88341e-05
0.04212383 4.342689e-05
0.03283342 4.062511e-05
0.01909866 4.254344e-05
0.02421662 4.621174e-05
0.0266835 4.327093e-05
0.02317001 4.163728e-05
0.02525046 4.142214e-05
0.03937944 5.152796e-05
0.0300298 4.94469e-05
0.03906301 4.692252e-05
0.04690068 5.300174e-05
0.02005519 4.674642e-05
0.03550827 4.872765e-05
0.01208876 4.882317e-05
0.02180018 4.243723e-05
0.0213409 4.294769e-05
0.01167592 4.477058e-05
0.0125413 5.005855e-05
0.03663256 4.213934e-05
0.03207385 4.640551e-05
0.04201336 4.134003e-05
0.02403847 3.747765e-05
0.03167407 3.674241e-05
0.02979432 4.219721e-05
0.03008447 4.142924e-05
0.03320966 3.992846e-05
0.03138993 3.915346e-05
0.03113354 4.503552e-05
0.0170504 4.614884e-05
0.02617273 4.413326e-05
0.03233507 3.800247e-05
0.02504848 4.141207e-05
0.02119796 4.250977e-05
0.02624298 4.758194e-05
0.006486831 3.943795e-05
0.01068813 4.456276e-05
0.01011123 4.055444e-05
0.005831705 3.99264e-05
0.009085599 3.873682e-05
0.01162412 3.96674e-05
0.01515342 4.026937e-05
0.01555582 4.766746e-05
0.01080474 4.053918e-05
0.006767863 4.125565e-05
0.004493779 4.272561e-05
0.01722311 4.604846e-05
0.02306609 4.671575e-05
0.01777921 4.312067e-05
0.0184145 4.455778e-05
0.01529506 4.196849e-05
0.0132759 4.197864e-05
0.006000482 5.014795e-05
0.009371523 5.295872e-05
0.01904219 5.311971e-05
0.02751729 5.403354e-05
0.04381108 5.522034e-05
0.03898696 5.420728e-05
0.03478209 5.184073e-05
0.01558572 4.717818e-05
0.01636637 4.904811e-05
0.01204869 5.387515e-05
0.01853739 5.170096e-05
0.00864172 6.325266e-05
0.01047097 7.817455e-05
0.02472453 7.35248e-05
0.004555978 7.263878e-05
0.01003045 6.970193e-05
0.01540119 6.558744e-05
0.00635555 6.984219e-05
0.0008998851 7.610349e-05
0.004882718 9.774891e-05
0.01013294 0.0001046589
0.01158199 9.263295e-05
0.02198363 7.7879e-05
0.01981107 7.210615e-05
0.0117803 6.672134e-05
0.01184118 6.496416e-05
0.009781541 6.30577e-05
0.01663094 6.515011e-05
0.03774133 5.759426e-05
0.04480726 4.887243e-05
0.04147867 6.299457e-05
0.03093444 5.474067e-05
0.03695477 4.877686e-05
0.02672328 4.354814e-05
0.06616369 3.567333e-05
0.07668586 4.242688e-05
0.07992683 4.165963e-05
0.07010835 3.456377e-05
0.05772679 3.244914e-05
0.0428823 3.343373e-05
0.03670401 3.109233e-05
0.05036259 3.425265e-05
0.03285215 2.815843e-05
0.03286268 2.806698e-05
0.04360967 2.648041e-05
0.02771398 2.506754e-05
0.02728648 2.899596e-05
0.05224146 2.766605e-05
0.03779693 2.901609e-05
0.0246904 3.006881e-05
0.03058331 3.342291e-05
0.02421585 3.320468e-05
0.03107177 3.778542e-05
0.0304536 3.440658e-05
0.03478764 3.824103e-05
0.02618528 3.640756e-05
0.02220322 3.132643e-05
0.0393126 2.95325e-05
0.05654943 3.351713e-05
0.04762402 2.806085e-05
0.0370012 2.338823e-05
0.02100319 2.640249e-05
0.01741241 2.677371e-05
0.008057878 2.533548e-05
0.01527219 2.764389e-05
0.004999806 2.954898e-05
0.002546935 2.936454e-05
0.003673698 2.982831e-05
0.01229755 2.750869e-05
0.008535854 2.492399e-05
0.009787803 2.355873e-05
0.01064654 2.651041e-05
0.02317603 2.890341e-05
0.02168075 2.797869e-05
0.03919083 2.939135e-05
0.02574867 3.083171e-05
0.03195999 3.392919e-05
0.03889781 3.406037e-05
0.03829918 3.0156e-05
0.04671462 3.295798e-05
0.03573964 2.882874e-05
0.02461157 3.446608e-05
0.0370377 3.993519e-05
0.0579588 3.808065e-05
0.04904847 3.971473e-05
0.03317163 4.491442e-05
0.05302338 4.161517e-05
0.05130357 3.350623e-05
0.027992 3.325225e-05
0.03246156 4.152534e-05
0.04651527 3.51002e-05
0.06387111 3.650222e-05
0.05648612 4.003095e-05
0.05906262 4.304475e-05
0.07073236 4.752653e-05
0.03462631 5.306711e-05
0.02158781 5.44039e-05
0.02241106 5.253698e-05
0.02199137 5.327622e-05
0.02422092 4.848449e-05
0.02383268 4.89148e-05
0.01858064 4.540627e-05
0.01531337 4.906821e-05
0.03535404 4.573127e-05
0.05095017 4.818157e-05
0.02123883 4.502099e-05
0.01454455 4.018627e-05
0.02144679 4.063034e-05
0.02088601 4.040141e-05
0.01505664 4.539791e-05
0.02044288 4.257195e-05
0.01964431 5.486682e-05
0.0158868 5.552258e-05
0.02738932 4.940475e-05
0.01625034 5.268766e-05
0.0221648 5.248828e-05
0.02892997 4.555783e-05
0.03928064 3.746733e-05
0.04374917 5.133628e-05
0.04213768 5.379502e-05
0.02818715 5.905467e-05
0.02414271 5.044738e-05
0.01878337 4.721447e-05
0.02885229 4.084222e-05
0.04873074 4.372859e-05
0.0382943 3.928701e-05
0.03639655 3.808391e-05
0.03388092 3.280258e-05
0.0275978 2.853895e-05
0.06023077 3.137008e-05
0.04556714 4.524534e-05
0.0484902 4.116533e-05
0.05288725 3.628494e-05
0.05458291 3.422362e-05
0.04435317 3.742376e-05
0.05170923 3.108577e-05
0.03742389 2.914923e-05
0.04353179 2.992527e-05
0.0221977 2.767199e-05
0.02934078 2.930593e-05
0.02807065 3.427657e-05
0.01880794 3.127432e-05
0.01840334 3.241045e-05
0.019162 3.415446e-05
0.02844327 2.703913e-05
0.03180402 2.594556e-05
0.02088061 2.373999e-05
0.02295876 2.38872e-05
0.01697756 1.992065e-05
0.0137496 2.119453e-05
0.02490299 2.674587e-05
0.01467679 3.138364e-05
0.02491655 3.208221e-05
0.05147662 3.366218e-05
0.03723067 3.448069e-05
0.05289464 3.990207e-05
0.03758797 3.645273e-05
0.03865137 3.122147e-05
0.02143221 2.271126e-05
0.02445061 2.163888e-05
0.01285917 2.176875e-05
0.03528397 2.256214e-05
0.05506496 2.160074e-05
0.03414679 1.872944e-05
0.02731177 1.860301e-05
0.04235708 1.744722e-05
0.05822425 2.243902e-05
0.04545946 2.781577e-05
0.02733002 2.926798e-05
0.031389 3.486876e-05
0.02269142 3.584996e-05
0.03120201 4.031184e-05
0.02843276 3.406675e-05
0.02306716 3.17812e-05
0.002636368 3.776297e-05
0.01021409 3.673734e-05
0.02078699 3.785569e-05
0.01204551 3.858366e-05
0.0159173 3.653304e-05
0.01931565 2.934062e-05
0.0217624 3.212878e-05
0.0112005 3.761634e-05
0.01048428 4.167311e-05
0.007284489 3.289182e-05
0.01648415 3.662761e-05
0.02531 4.666912e-05
0.03558531 5.042651e-05
0.0334225 4.1548e-05
0.02351576 3.591631e-05
0.01134727 4.150825e-05
0.0192834 3.751182e-05
0.01921321 4.580839e-05
0.01639263 4.250792e-05
0.02899838 3.863098e-05
0.04686585 2.885656e-05
0.04490267 2.612552e-05
0.07308875 2.532104e-05
0.08448364 2.640042e-05
0.06010907 2.206769e-05
0.0480456 1.986055e-05
0.05719472 1.994283e-05
0.05011851 2.037494e-05
0.06879673 2.07985e-05
0.04906357 1.926017e-05
0.03568589 2.201555e-05
0.019083 2.016645e-05
0.04395676 1.942469e-05
0.05332606 1.790192e-05
0.03767865 1.759278e-05
0.03208697 1.746963e-05
0.02987088 1.996497e-05
0.04535721 1.894279e-05
0.04067004 1.977356e-05
0.03529873 1.677886e-05
0.03406214 1.735795e-05
0.04272152 1.855281e-05
0.03465532 1.689169e-05
0.02412863 1.622431e-05
0.02437016 1.445957e-05
0.03970024 1.491762e-05
0.03634072 1.250198e-05
0.03035166 1.450624e-05
0.02349738 1.769322e-05
0.01836286 1.968561e-05
0.01494112 1.746477e-05
0.00948111 2.013679e-05
0.02853865 2.146661e-05
0.02353538 2.284369e-05
0.04193148 2.567339e-05
0.05615544 2.871678e-05
0.07952609 2.623399e-05
0.05434949 2.724088e-05
0.02528134 2.482724e-05
0.008157704 2.059213e-05
0.01086872 2.22073e-05
0.009050269 2.60123e-05
0.001836865 3.155695e-05
0.008722219 3.893119e-05
0.01180454 3.590065e-05
0.004185314 3.644997e-05
0.01114403 3.286352e-05
0.01446258 2.868879e-05
0.03761274 2.914678e-05
0.04214112 3.117516e-05
0.07244932 2.703834e-05
0.06238808 2.734304e-05
0.05375503 2.337359e-05
0.0752285 2.525998e-05
0.05163166 2.499035e-05
0.0825748 2.555964e-05
0.05245507 2.154738e-05
0.03694768 2.167348e-05
0.03894875 1.861493e-05
0.03996827 2.015825e-05
0.03779809 2.087893e-05
0.03590773 2.112124e-05
0.04350436 2.342219e-05
0.05340717 2.364228e-05
0.04969445 2.376632e-05
0.04251966 2.78291e-05
0.03792432 2.596256e-05
0.0266544 2.640024e-05
0.02226082 2.792744e-05
0.03963642 2.358563e-05
0.04815416 2.001774e-05
0.08023671 1.706232e-05
0.06236938 1.567768e-05
0.0470528 1.46496e-05
0.04572552 1.695045e-05
0.06771165 1.591359e-05
0.06599856 1.579514e-05
0.07806562 1.632806e-05
0.07074572 1.550684e-05
0.1020095 1.449917e-05
0.08986766 1.326099e-05
0.08245791 1.370485e-05
0.08381249 1.164109e-05
0.05548 1.228606e-05
0.05296707 1.148378e-05
0.04861266 1.288215e-05
0.04888035 1.132153e-05
0.04736516 1.167862e-05
0.06674531 1.234518e-05
0.1216273 1.193973e-05
0.1511625 1.264653e-05
0.1477228 1.323967e-05
0.1620473 1.229156e-05
0.1659723 1.034902e-05
0.1742249 9.771451e-06
0.175123 8.920314e-06
0.1954141 7.572152e-06
0.2082846 6.774718e-06
0.1732512 7.96652e-06
0.1361175 7.852016e-06
0.1836274 6.93423e-06
0.1378794 7.43514e-06
0.133467 7.697848e-06
0.1522272 8.169382e-06
0.1477996 7.386493e-06
0.1473221 8.130644e-06
0.1398276 7.63073e-06
0.1105112 7.969563e-06
0.07483064 7.707918e-06
0.07978845 8.494528e-06
0.07040356 7.796188e-06
0.07056146 6.999914e-06
0.07330023 7.612791e-06
0.1003489 8.85267e-06
0.1089208 9.415423e-06
0.09801636 1.032618e-05
0.07056078 1.139126e-05
0.05156463 1.278635e-05
0.04461365 1.222731e-05
0.05321298 1.033175e-05
0.06477108 1.105787e-05
0.05374037 1.288822e-05
0.05747263 1.110901e-05
0.08694304 1.260043e-05
0.08205849 1.357068e-05
0.0891389 1.108248e-05
0.08780604 1.208405e-05
0.04858163 1.403836e-05
0.05565513 1.197178e-05
0.03240762 1.441104e-05
0.04161624 1.413261e-05
0.06977468 1.334656e-05
0.06722315 1.248298e-05
0.05294688 1.562636e-05
0.08748653 1.377081e-05
0.09115476 1.487901e-05
0.07598052 1.406524e-05
0.06152127 1.584431e-05
0.0818631 1.504491e-05
0.05583314 1.684932e-05
0.03931286 1.953059e-05
0.0267535 1.692129e-05
0.05259172 1.849976e-05
0.03375614 1.934406e-05
0.01226572 1.75728e-05
0.004994692 1.803285e-05
0.005453714 2.105733e-05
0.008191559 2.036861e-05
0.02626271 2.145204e-05
0.03325107 2.120316e-05
0.03439433 2.147213e-05
0.01182377 1.869287e-05
0.03008239 1.836351e-05
0.01474499 1.938968e-05
0.0122539 2.358704e-05
0.01412539 2.748399e-05
0.008530207 2.445109e-05
0.005045161 2.712736e-05
0.004094714 2.563425e-05
0.001529028 2.960628e-05
0.008224331 2.740508e-05
0.02936047 2.625716e-05
0.03397471 2.209833e-05
0.03904615 2.317141e-05
0.07690844 2.200916e-05
0.0998965 2.328415e-05
0.1091188 1.926997e-05
0.09142467 1.997453e-05
0.1073892 2.025859e-05
0.07096229 1.848709e-05
0.07418986 2.119222e-05
0.06147268 1.715305e-05
0.05708656 1.868483e-05
0.07027463 2.101488e-05
0.06397561 1.736315e-05
0.0771302 1.689945e-05
0.05702345 1.599587e-05
0.07167507 1.736471e-05
0.0791961 1.731778e-05
0.07261501 1.579534e-05
0.07392733 1.39563e-05
0.0387014 1.557496e-05
0.04999998 1.932596e-05
0.03416843 2.356219e-05
0.04306263 2.372026e-05
0.01926112 2.219411e-05
0.02325231 1.82079e-05
0.04028207 1.470876e-05
0.07519868 1.611236e-05
0.07350108 1.535784e-05
0.08315937 1.394513e-05
0.1236511 1.409137e-05
0.1237146 1.017235e-05
0.09905441 1.126992e-05
0.07334391 9.845444e-06
0.0518878 1.095374e-05
0.06293439 1.181263e-05
0.06332515 1.324596e-05
0.03594262 1.32411e-05
0.01873612 1.347795e-05
0.009526898 1.278785e-05
0.008040981 1.161363e-05
0.007661681 1.196732e-05
0.01294317 1.340029e-05
0.03178507 1.194572e-05
0.04917512 1.082511e-05
0.03280046 1.084889e-05
0.0476437 1.135473e-05
0.05119336 1.015908e-05
0.02865794 1.051717e-05
0.01510199 1.152307e-05
0.008977262 1.149651e-05
0.004306449 1.460752e-05
0.007238041 1.895776e-05
0.00805327 1.865227e-05
0.01659369 1.791001e-05
0.0211646 1.927463e-05
0.04124333 2.055214e-05
0.04779829 2.034309e-05
0.04568873 1.89792e-05
0.03338443 1.955273e-05
0.0356296 1.771557e-05
0.03981728 2.020491e-05
0.0451198 1.78754e-05
0.04517502 1.61375e-05
0.02936854 1.398073e-05
0.02312108 1.537713e-05
0.01411118 1.499516e-05
0.02413297 1.584544e-05
0.03145102 1.683763e-05
0.03563454 1.556679e-05
0.02955005 1.65926e-05
0.05551759 1.702715e-05
0.08627674 1.545575e-05
0.09243833 1.33554e-05
0.07693544 1.39933e-05
0.07189488 1.316192e-05
0.06876134 1.447606e-05
0.05499966 1.510642e-05
0.03013547 1.586635e-05
0.01599161 1.569051e-05
0.02495472 1.666948e-05
0.01965926 1.841804e-05
0.02679952 1.863806e-05
0.02663331 1.935179e-05
0.07685563 2.219814e-05
0.08019287 2.424363e-05
0.09359885 2.669816e-05
0.08727248 2.960199e-05
0.07381488 2.962568e-05
0.04748067 3.241219e-05
0.04717441 2.671951e-05
0.03537147 2.484884e-05
0.04265605 3.056864e-05
0.05012092 2.710322e-05
0.03858662 2.578163e-05
0.05248759 2.890578e-05
0.07872377 2.623837e-05
0.0852469 2.608865e-05
0.0703638 2.830902e-05
0.09984308 2.735601e-05
0.07826356 2.620702e-05
0.04838499 2.473811e-05
0.01741806 2.290728e-05
0.02469363 2.355941e-05
0.01910464 2.27458e-05
0.03653701 2.134834e-05
0.02487024 2.268382e-05
0.04926023 2.542077e-05
0.05510901 2.783393e-05
0.03265972 3.20781e-05
0.02379963 2.942542e-05
0.009190971 3.166116e-05
0.03154501 4.34873e-05
0.03223705 3.85828e-05
0.03028376 3.610715e-05
0.05901779 2.888626e-05
0.0491907 2.604458e-05
0.06180495 2.476228e-05
0.09159968 2.609352e-05
0.07929049 2.711318e-05
0.1066139 2.823754e-05
0.1262354 2.364399e-05
0.08574064 2.259631e-05
0.07936829 2.576556e-05
0.05632035 2.563471e-05
0.06195021 2.533219e-05
0.06735281 2.716728e-05
0.04919721 2.610917e-05
0.03780014 2.427913e-05
0.02672069 2.597783e-05
0.01521813 2.500662e-05
0.009307052 2.8642e-05
0.02465591 2.998124e-05
0.04625424 2.765983e-05
0.04761065 2.763881e-05
0.0614171 2.956493e-05
0.04869792 3.644349e-05
0.06147018 3.221938e-05
0.06974984 2.873726e-05
0.03231842 2.854007e-05
0.02212614 2.785809e-05
0.03711037 3.040696e-05
0.03706052 3.341567e-05
0.03093664 3.204218e-05
0.04299832 3.257745e-05
0.04622361 2.860494e-05
0.05812786 2.721158e-05
0.05249888 2.529076e-05
0.07147413 2.75275e-05
0.05141835 2.347027e-05
0.05327287 2.499004e-05
0.05113813 2.699488e-05
0.05800433 2.767782e-05
0.03984287 2.828989e-05
0.0559305 2.622756e-05
0.05711478 2.804666e-05
0.04791475 2.428594e-05
0.04121917 2.533402e-05
0.03576961 2.818867e-05
0.05266694 2.797461e-05
0.05061016 2.597147e-05
0.03527004 2.47756e-05
0.05728906 2.280793e-05
0.07589305 2.031509e-05
0.08320579 2.024759e-05
0.1107143 2.01954e-05
0.1319473 1.930172e-05
0.1164173 1.881739e-05
0.08827101 2.154947e-05
0.09145518 2.43719e-05
0.0873303 2.355337e-05
0.07167689 2.598776e-05
0.06987273 2.868727e-05
0.05892636 2.686691e-05
0.05424531 2.986309e-05
0.08536971 2.863415e-05
0.07417086 3.115962e-05
0.08256053 2.875945e-05
0.0794855 2.744191e-05
0.08030731 2.61474e-05
0.04399584 2.544832e-05
0.02759065 2.448438e-05
0.03763875 2.586905e-05
0.02182217 2.828283e-05
0.0101885 2.601354e-05
0.03218072 2.761034e-05
0.03628225 2.680255e-05
0.06792716 2.99123e-05
0.04068878 2.699325e-05
0.02672644 2.833233e-05
0.03607403 3.160705e-05
0.03994567 2.665201e-05
0.03704662 2.870905e-05
0.04300585 3.141805e-05
0.02926186 3.18899e-05
0.04319258 2.642786e-05
0.03100606 2.081265e-05
0.02669227 2.220626e-05
0.04608776 2.231462e-05
0.0294634 2.538144e-05
0.05826472 2.876564e-05
0.07311863 3.489519e-05
0.1017317 3.514158e-05
0.08351175 3.609862e-05
0.1304857 3.972426e-05
0.1262617 3.647928e-05
0.1149753 3.248958e-05
0.1008113 2.902361e-05
0.0867107 3.095945e-05
0.1246189 2.868293e-05
0.1236178 2.675234e-05
0.07895503 3.256428e-05
0.07566442 3.705675e-05
0.08923079 3.461105e-05
0.09109666 3.239492e-05
0.09229075 2.828323e-05
0.0409902 2.832284e-05
0.04639397 2.616999e-05
0.04433543 2.560038e-05
0.04296693 3.008858e-05
0.02791668 3.28103e-05
0.02706665 2.831208e-05
0.02202852 2.655091e-05
0.02716929 2.956995e-05
0.04336199 2.92052e-05
0.04936378 2.642857e-05
0.05114477 2.638297e-05
0.08712721 2.713898e-05
0.06310071 2.524908e-05
0.04876007 2.705101e-05
0.06145637 2.624287e-05
0.0438258 2.673037e-05
0.05321233 2.53063e-05
0.02961734 2.545218e-05
0.03505517 2.861823e-05
0.0399516 2.592644e-05
0.03546828 2.316579e-05
0.08693717 2.357018e-05
0.06028523 2.017108e-05
0.04215108 2.325298e-05
0.04726081 2.569921e-05
0.07255131 2.550355e-05
0.09781108 2.704304e-05
0.08169197 2.724134e-05
0.05607247 2.451141e-05
0.0466891 2.281745e-05
0.06593441 2.517709e-05
0.07776111 2.085531e-05
0.06857855 1.941058e-05
0.06352708 1.647192e-05
0.07598036 1.898154e-05
0.07990514 1.81999e-05
0.06737001 1.654569e-05
0.04810246 1.828291e-05
0.05090455 2.290619e-05
0.06250048 2.10716e-05
0.07684573 1.94773e-05
0.07415503 2.008582e-05
0.05848653 2.179659e-05
0.04163451 2.517226e-05
0.02730152 2.061776e-05
0.04529422 2.280819e-05
0.04337448 3.158151e-05
0.02710759 2.661744e-05
0.03649193 3.091898e-05
0.02550075 3.590354e-05
0.0260883 4.170239e-05
0.01246187 3.891604e-05
0.008594692 3.204687e-05
0.0179547 2.967723e-05
0.06886569 2.723894e-05
0.05864096 2.68292e-05
0.05531579 2.621688e-05
0.02803602 2.78306e-05
0.02360136 2.297835e-05
0.05297679 2.620434e-05
0.08111157 2.677999e-05
0.06577814 3.073629e-05
0.05349963 3.332416e-05
0.02631751 4.387488e-05
0.0295317 4.378959e-05
0.01190496 3.899906e-05
0.02091032 3.751938e-05
0.03038504 4.422966e-05
0.01828313 3.830842e-05
0.005675669 3.621692e-05
0.004198833 3.750583e-05
0.01788149 3.68325e-05
0.01763644 4.412446e-05
0.01472832 4.173732e-05
0.02379596 4.397166e-05
0.02026418 3.83431e-05
0.02969689 3.475744e-05
0.01538088 3.3407e-05
0.01679279 2.970141e-05
0.006362329 3.015595e-05
0.01345506 3.148739e-05
0.01315908 3.605066e-05
0.01399211 3.279306e-05
0.02034374 3.646635e-05
0.01900729 3.812433e-05
0.01129967 3.321711e-05
0.01236086 2.974001e-05
0.01863914 2.981556e-05
0.009050476 2.833427e-05
0.002620856 3.286841e-05
0.008136134 3.626351e-05
0.01101133 3.761342e-05
0.009549059 3.816756e-05
0.01355848 4.052994e-05
0.006956956 3.865132e-05
0.003522107 3.686778e-05
0.009069334 3.933562e-05
0.007071901 3.30096e-05
0.006456627 3.554874e-05
0.01177563 4.073658e-05
0.00806172 3.627427e-05
0.003220124 4.533823e-05
0.01055791 4.170911e-05
0.02327685 3.590152e-05
0.05458497 4.131229e-05
0.04733211 4.547832e-05
0.05980631 4.887381e-05
0.05741369 4.580139e-05
0.06932878 3.822859e-05
0.05351684 3.478349e-05
0.05614325 3.694357e-05
0.07032639 3.696021e-05
0.04900155 3.939121e-05
0.06652106 3.704189e-05
0.04955755 3.646701e-05
0.04035963 4.253136e-05
0.02993408 4.578862e-05
0.04524072 4.3257e-05
0.04329066 4.097724e-05
0.0487177 4.436279e-05
0.02511347 3.710286e-05
0.04156998 3.88686e-05
0.02959563 4.913698e-05
0.04060926 4.82225e-05
0.02154649 3.743072e-05
0.005335384 3.190696e-05
0.007740926 2.95936e-05
0.01830438 2.901486e-05
0.03197376 2.937808e-05
0.05543219 3.070821e-05
0.06317184 2.867376e-05
0.08323157 2.473543e-05
0.1173125 2.221158e-05
0.05622576 2.301838e-05
0.07756121 2.443407e-05
0.04831244 2.562822e-05
0.0306297 2.48777e-05
0.04907835 2.38707e-05
0.06233546 2.082605e-05
0.07113503 2.022832e-05
0.04903529 2.525857e-05
0.03486089 2.637137e-05
0.07894241 2.331828e-05
0.09163839 2.675928e-05
0.05403759 2.587924e-05
0.0480559 2.715576e-05
0.05178617 2.838047e-05
0.05359322 2.853863e-05
0.0369795 3.035072e-05
0.02552102 3.273746e-05
0.04462564 3.401544e-05
0.03422559 3.482674e-05
0.03011402 3.607409e-05
0.01982896 3.991162e-05
0.02117792 4.084196e-05
0.02882553 4.254722e-05
0.03226226 4.631245e-05
0.02191738 3.95964e-05
0.01510662 4.041131e-05
0.02443327 4.08241e-05
0.0409146 2.987203e-05
0.04227978 2.431666e-05
0.04196505 2.946885e-05
0.04212495 2.731888e-05
0.05132184 2.632859e-05
0.05409423 2.545731e-05
0.05555241 2.345133e-05
0.03256201 2.137814e-05
0.01748481 2.706341e-05
0.01831761 3.189942e-05
0.01231319 3.530975e-05
0.02531341 3.511646e-05
0.01633772 3.701659e-05
0.0162832 3.528463e-05
0.06177166 2.958837e-05
0.05582066 2.980172e-05
0.0379918 3.061223e-05
0.03526427 3.230841e-05
0.04419105 3.505457e-05
0.05362947 3.62884e-05
0.0693818 3.822955e-05
0.05896966 3.690831e-05
0.05139193 3.945713e-05
0.03788188 4.354149e-05
0.02617253 3.844314e-05
0.02352204 5.131699e-05
0.02161323 5.474344e-05
0.01793402 5.156539e-05
0.02002273 4.956798e-05
0.01064651 5.428935e-05
0.007873842 4.874217e-05
0.01966442 5.932949e-05
0.02179604 5.839425e-05
0.008971697 6.066352e-05
0.004449473 5.760143e-05
0.01583815 6.140178e-05
0.02386035 6.0564e-05
0.02444555 5.045909e-05
0.024792 5.130662e-05
0.01954779 5.301289e-05
0.0124831 5.513075e-05
0.02409764 6.416777e-05
0.02406709 6.439906e-05
0.02841004 7.839883e-05
0.02355063 7.037792e-05
0.009094856 7.623563e-05
0.01705918 8.175439e-05
0.009041377 9.026973e-05
0.01332159 0.0001082061
0.01407868 0.0001310594
0.01612912 0.0001324113
0.007461545 0.0001263988
0.01736805 0.0001045482
0.008323485 0.0001114749
0.01971992 9.822574e-05
0.01198449 9.714902e-05
0.0120826 9.68148e-05
0.01291604 8.997727e-05
0.01303039 0.0001023081
0.007600649 0.0001076853
0.002222705 0.0001153219
0.01256735 0.0001136041
0.00728939 9.712421e-05
0.005154652 0.0001079359
0.001332446 0.0001138514
0.01237022 0.0001101462
0.003847331 0.0001089099
0.01026458 0.0001044794
0.009431554 0.0001217038
0.01622445 0.0001016268
0.0137215 8.851714e-05
0.01100674 8.868129e-05
0.007559829 8.87439e-05
0.009534155 8.466426e-05
0.009781063 8.082792e-05
0.01308618 7.100515e-05
0.01011551 7.80889e-05
0.01343938 7.198389e-05
0.0172095 5.973232e-05
0.02150713 5.811256e-05
0.02718435 5.836007e-05
0.01960843 6.792642e-05
0.009855261 8.155969e-05
0.00953045 8.391896e-05
0.01443474 8.967731e-05
0.006510638 8.967279e-05
0.009029593 9.215437e-05
0.001945885 8.298061e-05
0.005876581 8.713023e-05
0.001803439 8.959497e-05
0.0136203 8.34306e-05
0.01762244 8.334073e-05
0.02489449 8.972135e-05
0.01013129 7.667516e-05
0.01685631 7.443447e-05
0.01281195 7.391915e-05
0.01304879 6.192819e-05
0.00784274 5.431728e-05
0.01511978 4.717358e-05
0.02377848 5.050675e-05
0.03723981 5.001852e-05
0.04581644 5.355141e-05
0.04903453 5.021417e-05
0.04664251 4.934073e-05
0.0464616 5.827002e-05
0.04219733 6.219981e-05
0.01697023 5.598821e-05
0.03888549 5.901386e-05
0.04028341 6.256455e-05
0.03041905 6.031826e-05
0.02812761 6.401975e-05
0.02920895 6.410952e-05
0.02704341 6.799882e-05
0.02920125 6.077833e-05
0.03587043 5.454888e-05
0.0185758 4.971826e-05
0.007100627 4.579441e-05
0.00495797 4.185377e-05
0.01658612 3.946443e-05
0.003617338 5.199605e-05
0.004858484 5.466097e-05
0.006919556 5.060145e-05
0.008274576 5.125431e-05
0.0188773 4.642771e-05
0.008975801 4.872859e-05
0.01505092 4.324781e-05
0.01825085 4.228786e-05
0.009888992 4.030035e-05
0.01117832 4.691357e-05
0.009792928 5.770532e-05
0.01914259 5.596461e-05
0.02020032 5.585277e-05
0.01814063 5.812424e-05
0.006736462 6.173424e-05
0.01293177 6.478027e-05
0.01458154 6.421373e-05
0.02259307 5.9668e-05
0.03216373 4.824268e-05
0.04035417 5.118995e-05
0.04936247 4.836637e-05
0.05299529 4.387065e-05
0.04932274 5.343169e-05
0.047162 4.220374e-05
0.02992962 4.46254e-05
0.02196316 5.130277e-05
0.02707336 5.509006e-05
0.02258912 6.306687e-05
0.01838255 5.498848e-05
0.02921535 6.179538e-05
0.03118903 5.993337e-05
0.06122195 5.536568e-05
0.0574895 5.291166e-05
0.04961201 3.968374e-05
0.05884763 3.714671e-05
0.03962576 4.118604e-05
0.02763076 5.265133e-05
0.0159757 5.426889e-05
0.01902656 5.870372e-05
0.01420627 5.761426e-05
0.01740633 4.42116e-05
0.01597723 4.920443e-05
0.02072791 5.122339e-05
0.008190254 5.4881e-05
0.002355783 5.523321e-05
0.01429275 5.023719e-05
0.02253628 4.921148e-05
0.05897875 4.906416e-05
0.07377483 5.15234e-05
0.07826221 4.908114e-05
0.09095152 4.952021e-05
0.06556291 4.480046e-05
0.0447342 4.733901e-05
0.04468971 4.613078e-05
0.03835715 4.624233e-05
0.0595814 4.657519e-05
0.01912365 4.297325e-05
0.02589014 4.897314e-05
0.04371593 4.650162e-05
0.02409799 4.396469e-05
0.01892818 3.821777e-05
0.02189157 3.575471e-05
0.02613399 3.820224e-05
0.03758963 3.641889e-05
0.03115034 4.26879e-05
0.04201188 4.124297e-05
0.02640641 4.788688e-05
0.02130089 5.150013e-05
0.0399965 5.503183e-05
0.03658882 6.465497e-05
0.02330833 7.568573e-05
0.02197086 6.543988e-05
0.01672426 6.504101e-05
0.02240565 6.024661e-05
0.02466116 7.566343e-05
0.02053072 8.195688e-05
0.008416788 7.416056e-05
0.03058006 5.564369e-05
0.02661647 5.010908e-05
0.02624622 5.559559e-05
0.04161197 5.309563e-05
0.04956736 5.291417e-05
0.05820521 4.52612e-05
0.04401045 4.100376e-05
0.03992452 4.14391e-05
0.0260972 4.118085e-05
0.0308078 3.608538e-05
0.0201857 3.646812e-05
0.004495886 3.690246e-05
0.005364554 3.965676e-05
0.001719005 3.743732e-05
0.006258408 3.975867e-05
0.01454474 4.687421e-05
0.02614489 5.500226e-05
0.04857534 5.834137e-05
0.04876386 5.672254e-05
0.02589031 5.758941e-05
0.03002978 6.363743e-05
0.02253808 5.857608e-05
0.01220928 6.355475e-05
0.009018432 5.90951e-05
0.01196493 5.341708e-05
0.02267872 6.165762e-05
0.03580477 5.270766e-05
0.04007217 5.694773e-05
0.04948358 5.441931e-05
0.04887743 4.121863e-05
0.04364974 4.045696e-05
0.03831668 4.140305e-05
0.03374331 3.164578e-05
0.0273886 3.092661e-05
0.03535421 3.205837e-05
0.01435676 3.305085e-05
0.01725344 4.001237e-05
0.01694631 3.93704e-05
0.01418509 4.027121e-05
0.01424428 4.090201e-05
0.01360227 4.329637e-05
0.0260464 4.094032e-05
0.03513448 3.451276e-05
0.04953285 3.614023e-05
0.03104494 3.348714e-05
0.01480169 3.852473e-05
0.03583687 3.798401e-05
0.01970554 3.75493e-05
0.009719278 3.447045e-05
0.00425128 2.89119e-05
0.007901844 3.21624e-05
0.02137767 3.85999e-05
0.01280486 3.783273e-05
0.01263127 3.423732e-05
0.007275123 3.569115e-05
0.006333669 3.212311e-05
0.02084331 3.847874e-05
0.01220048 4.162884e-05
0.00932024 4.266877e-05
0.01202019 3.86212e-05
0.03108429 3.748779e-05
0.03134347 4.111393e-05
0.02282854 4.303793e-05
0.04587033 3.553736e-05
0.04945794 3.444106e-05
0.06088046 3.510568e-05
0.05394571 3.893692e-05
0.04811289 3.906253e-05
0.04492542 3.417692e-05
0.03643327 3.492703e-05
0.03987014 3.458354e-05
0.03996911 3.042591e-05
0.04767122 3.031989e-05
0.02413143 2.776155e-05
0.02025835 3.430085e-05
0.02131403 4.053218e-05
0.01851118 3.579138e-05
0.03082473 3.175162e-05
0.04403426 3.149503e-05
0.04165649 3.676538e-05
0.04637589 4.128037e-05
0.0546757 3.941902e-05
0.04580407 3.629033e-05
0.04759288 3.352534e-05
0.04129561 2.939884e-05
0.03546246 2.655291e-05
0.03024137 2.787099e-05
0.02004842 2.804892e-05
0.02201611 2.429405e-05
0.02451158 2.899551e-05
0.02411224 2.736608e-05
0.04420815 2.770693e-05
0.03233179 3.061343e-05
0.01787567 2.752309e-05
0.01471202 2.581693e-05
0.008588998 3.353514e-05
0.001107226 3.428427e-05
0.02183964 3.466358e-05
0.03584776 3.835215e-05
0.04294846 3.74578e-05
0.05882062 2.963062e-05
0.04712583 3.386164e-05
0.06452977 3.322486e-05
0.02349938 3.437513e-05
0.03691968 3.473806e-05
0.05049474 2.80237e-05
0.02572828 3.420854e-05
0.03438481 3.207197e-05
0.03345623 2.704607e-05
0.04974586 2.965163e-05
0.0400526 3.369055e-05
0.01705202 3.577114e-05
0.01320538 4.24396e-05
0.02470395 4.294488e-05
0.01573485 4.86439e-05
0.03171824 5.045822e-05
0.02150999 5.194413e-05
0.05364979 4.811829e-05
0.06340981 4.765455e-05
0.04216899 4.607186e-05
0.04472021 3.805491e-05
0.05713691 4.019717e-05
0.04974776 3.83201e-05
0.03736948 3.116473e-05
0.05336716 2.720546e-05
0.02980945 2.610274e-05
0.03871131 2.946888e-05
0.03041701 3.508701e-05
0.02218127 4.399199e-05
0.01775506 4.891622e-05
0.0141708 4.74772e-05
0.01918633 4.225744e-05
0.02042574 4.39146e-05
0.01123999 4.820246e-05
0.01956586 5.223121e-05
0.01058619 5.315819e-05
0.01638057 4.848565e-05
0.00495539 4.936681e-05
0.002699902 5.546077e-05
0.01321091 5.892298e-05
0.01496593 5.858545e-05
0.02858229 6.434589e-05
0.02412833 5.788517e-05
0.03094993 6.418575e-05
0.01774507 5.799611e-05
0.02052009 5.938024e-05
0.01342925 4.967601e-05
0.008586798 4.345102e-05
0.00700203 4.411185e-05
0.00903338 4.156293e-05
0.01104144 4.036542e-05
0.0164008 3.921158e-05
0.01675699 3.718152e-05
0.01966397 2.991993e-05
0.03579095 2.577537e-05
0.05094003 2.451916e-05
0.05144978 2.678429e-05
0.08457876 2.674953e-05
0.08230679 2.613373e-05
0.0685466 2.586332e-05
0.04722713 2.272191e-05
0.07734119 1.982435e-05
0.1145741 1.67005e-05
0.09647017 1.678019e-05
0.05991513 1.928665e-05
0.07943436 1.972805e-05
0.09295317 1.822777e-05
0.1114433 2.07063e-05
0.1017539 2.121732e-05
0.07160007 2.07901e-05
0.07772927 2.326989e-05
0.06763387 2.368069e-05
0.06917568 2.281146e-05
0.08195358 2.25066e-05
0.06388364 2.1318e-05
0.06045108 2.081073e-05
0.06069696 2.012341e-05
0.05162589 2.251599e-05
0.04399579 2.385983e-05
0.07777254 2.544376e-05
0.07247715 2.116654e-05
0.07318715 2.567715e-05
0.06469321 2.414995e-05
0.04983539 2.4314e-05
0.05692071 2.801866e-05
0.03140778 3.009824e-05
0.0248098 3.076002e-05
0.02384605 3.53092e-05
0.01316465 3.801575e-05
0.0269155 3.972363e-05
0.04780942 4.311527e-05
0.04404211 4.155741e-05
0.03451821 4.346667e-05
0.0249806 4.196846e-05
0.01568442 4.412646e-05
0.01845955 4.374101e-05
0.02152255 4.912501e-05
0.01476263 5.316469e-05
0.00798408 6.21448e-05
0.01252731 5.327358e-05
0.01018488 5.213652e-05
0.03011798 4.913237e-05
0.02479649 4.323682e-05
0.02694654 5.254717e-05
0.04344482 5.139474e-05
0.02377924 5.344624e-05
0.04339502 5.985703e-05
0.02910538 5.324063e-05
0.03367588 5.992408e-05
0.03013652 6.348607e-05
0.01263294 6.108362e-05
0.02505701 5.924703e-05
0.02980685 6.077261e-05
0.01728031 5.73325e-05
0.01315417 5.195944e-05
0.0185588 4.83107e-05
0.02893797 4.603212e-05
0.02139659 4.33001e-05
0.04715279 4.076608e-05
0.02250057 4.536003e-05
0.01442825 3.978448e-05
0.0197484 3.800281e-05
0.03859033 3.434772e-05
0.03344536 3.439479e-05
0.02612564 3.248238e-05
0.03538744 3.126023e-05
0.01908073 3.299087e-05
0.01230368 3.85468e-05
0.02442134 3.819718e-05
0.01461477 4.005411e-05
0.01756625 3.752542e-05
0.007671091 4.27971e-05
0.006041867 4.220846e-05
0.001558679 3.447923e-05
0.02207104 3.315612e-05
0.02413585 2.938561e-05
0.02831163 3.378155e-05
0.03472749 2.632757e-05
0.05260813 2.737012e-05
0.05190096 2.375234e-05
0.07669098 2.837358e-05
0.07063739 3.191154e-05
0.0474724 3.25928e-05
0.03380335 3.138384e-05
0.04085635 3.051643e-05
0.03225602 2.896874e-05
0.03976611 2.988307e-05
0.0290562 2.779474e-05
0.04537995 2.897065e-05
0.04202693 2.816345e-05
0.03622684 3.036157e-05
0.03343117 3.158862e-05
0.02020064 2.998833e-05
0.01048788 2.928553e-05
0.01488275 3.320795e-05
0.007743303 2.906345e-05
0.006402023 2.604355e-05
0.02366848 2.775005e-05
0.0568891 2.981827e-05
0.0424482 3.118396e-05
0.05301789 3.186605e-05
0.05940187 3.083117e-05
0.05499409 2.950876e-05
0.04263404 2.442099e-05
0.05834044 2.188048e-05
0.07588634 1.951099e-05
0.08479741 1.975717e-05
0.1075213 1.986795e-05
0.1057385 2.12461e-05
0.05957717 2.012973e-05
0.03774708 2.0494e-05
0.0366028 2.026304e-05
0.02700863 2.380676e-05
0.008842206 1.984646e-05
0.01422076 1.613066e-05
0.008480408 2.099343e-05
0.005793506 2.130107e-05
0.001203195 2.109355e-05
0.003273039 2.137239e-05
0.01881661 1.973966e-05
0.0189207 1.677432e-05
0.03919908 1.650522e-05
0.04419685 1.592604e-05
0.05173943 1.482581e-05
0.05895466 1.631832e-05
0.04294889 1.902574e-05
0.05534196 1.617487e-05
0.06609486 1.574015e-05
0.05470874 1.4914e-05
0.0642181 1.356831e-05
0.09017085 1.469463e-05
0.07373098 1.616664e-05
0.08301836 1.845998e-05
0.08048271 2.240112e-05
0.135069 2.251748e-05
0.1089771 2.117719e-05
0.1130126 1.930563e-05
0.08873197 1.99338e-05
0.1074425 1.924008e-05
0.07109075 1.497747e-05
0.0738105 1.45906e-05
0.03821975 1.477042e-05
0.03026821 1.327621e-05
0.03007446 1.295792e-05
0.05054085 1.299029e-05
0.05141425 1.236132e-05
0.04832512 1.378228e-05
0.04528574 1.351573e-05
0.03482254 1.561025e-05
0.03617988 1.716185e-05
0.03291285 1.832921e-05
0.03139998 1.710987e-05
0.01677598 2.071323e-05
0.02177549 2.111671e-05
0.0299413 2.291666e-05
0.03872329 2.580895e-05
0.06979536 2.072642e-05
0.08164249 1.988758e-05
0.07509186 1.7976e-05
0.07743386 1.552358e-05
0.07219196 1.418259e-05
0.06309438 1.4074e-05
0.05022661 1.679175e-05
0.0536245 1.792982e-05
0.05112512 1.803742e-05
0.03687607 1.889537e-05
0.03953966 2.001366e-05
0.05256762 1.889895e-05
0.04534128 2.176911e-05
0.02630431 2.215323e-05
0.03491566 2.200145e-05
0.02070338 2.141167e-05
0.01885398 2.060473e-05
0.008595552 2.109256e-05
0.005688618 2.066432e-05
0.01218954 2.387324e-05
0.01593944 2.68515e-05
0.03676355 2.857529e-05
0.06234085 3.181666e-05
0.074058 3.643089e-05
0.05001508 3.517998e-05
0.04426705 3.661409e-05
0.02891376 3.084653e-05
0.02418882 2.800639e-05
0.03450959 2.781075e-05
0.01749073 2.972765e-05
0.0240308 3.269289e-05
0.01638091 3.378403e-05
0.0251787 3.884491e-05
0.03496649 3.179653e-05
0.07177236 3.711927e-05
0.0730501 3.840681e-05
0.04796266 3.401059e-05
0.06303839 4.392657e-05
0.06913886 4.253385e-05
0.04253397 4.665651e-05
0.04345938 5.066694e-05
0.04323491 4.439202e-05
0.0579796 4.203494e-05
0.07082424 3.706707e-05
0.053711 3.623325e-05
0.03303797 3.434246e-05
0.02328043 3.639387e-05
0.02944815 3.779967e-05
0.04471885 4.113029e-05
0.0436951 3.852824e-05
0.03514149 3.283315e-05
0.03173356 3.272166e-05
0.03103427 3.018902e-05
0.01973102 3.101917e-05
0.02734665 2.81188e-05
0.02177472 2.771933e-05
0.02301424 2.808751e-05
0.01223942 3.088186e-05
0.01589798 3.191747e-05
0.01767624 3.091728e-05
0.01782847 3.233421e-05
0.03162103 3.179474e-05
0.02728662 2.729584e-05
0.0312478 2.696719e-05
0.01577979 2.772733e-05
0.01377471 2.925402e-05
0.002917862 3.033928e-05
0.007165397 2.984379e-05
0.01768626 3.005564e-05
0.01942156 2.964425e-05
0.01441838 3.234984e-05
0.02129677 3.515742e-05
0.04576862 3.469217e-05
0.03662674 3.852094e-05
0.03207661 3.935837e-05
0.04136954 3.347832e-05
0.02936572 3.292192e-05
0.03061418 4.051779e-05
0.04392723 4.505929e-05
0.03313993 4.852428e-05
0.0190996 4.088826e-05
0.01297456 4.373642e-05
0.03300016 4.383881e-05
0.05421276 4.321265e-05
0.03731848 4.122121e-05
0.0278337 3.838055e-05
0.05002337 3.42812e-05
0.04102386 3.467802e-05
0.02256367 3.220507e-05
0.02643877 3.398572e-05
0.0295852 3.677623e-05
0.01916735 3.353861e-05
0.02359483 2.960173e-05
0.03991312 3.042836e-05
0.04778535 3.014221e-05
0.04916 2.817701e-05
0.04262501 3.152484e-05
0.02947639 3.543918e-05
0.01868487 3.955079e-05
0.01812393 5.16393e-05
0.03132382 4.497424e-05
0.05973912 4.075823e-05
0.0504516 4.556111e-05
0.05258284 5.055805e-05
0.03358741 5.849418e-05
0.02272056 4.948433e-05
0.0213434 4.724383e-05
0.02312477 4.123673e-05
0.01808043 3.957035e-05
0.01278671 3.648673e-05
0.04655271 4.471073e-05
0.04337507 4.56655e-05
0.05227627 4.172706e-05
0.01575442 4.291621e-05
0.007870178 4.638065e-05
0.006026711 4.393661e-05
0.003060112 4.003502e-05
0.01663174 3.489567e-05
0.02103221 3.161884e-05
0.04017834 3.401762e-05
0.06940672 3.365542e-05
0.05533378 3.650173e-05
0.02722628 3.443788e-05
0.02415182 4.126591e-05
0.02273984 4.053285e-05
0.03137643 3.728973e-05
0.0311285 3.09776e-05
0.01574886 3.02788e-05
0.00899393 3.142076e-05
0.01472074 3.002999e-05
0.0410815 3.071787e-05
0.03680421 2.417473e-05
0.04924054 2.40324e-05
0.06968765 2.277524e-05
0.06142019 2.527957e-05
0.06043908 2.654196e-05
0.06248255 3.430417e-05
0.03321398 3.42655e-05
0.03990862 4.575822e-05
0.0361995 3.947973e-05
0.03888933 3.992567e-05
0.03395192 3.983501e-05
0.03742231 4.093557e-05
0.0377148 4.455146e-05
0.02901989 3.943158e-05
0.0227385 3.741227e-05
0.03456047 3.62736e-05
0.03503762 3.925566e-05
0.04558546 4.016454e-05
0.04045513 4.344001e-05
0.07024249 4.529893e-05
0.04332552 4.871505e-05
0.03021333 4.065211e-05
0.01822832 4.748878e-05
0.02822301 4.636876e-05
0.03985073 4.184315e-05
0.0287634 4.209551e-05
0.02277386 3.868273e-05
0.04817262 3.861386e-05
0.02488432 4.107126e-05
0.01265943 3.549201e-05
0.02969618 3.739865e-05
0.03254404 4.225049e-05
0.03097482 4.077446e-05
0.04991709 4.066439e-05
0.06597506 4.163722e-05
0.04636011 3.854433e-05
0.02747376 3.925064e-05
0.01944191 3.309655e-05
0.02828225 3.091154e-05
0.02240565 3.34529e-05
0.007317223 3.894897e-05
0.01002691 3.863893e-05
0.01419708 4.372619e-05
0.01517763 4.177513e-05
0.01582379 4.026865e-05
0.01652874 4.195737e-05
0.02290736 4.167538e-05
0.0198663 3.824696e-05
0.01004973 4.300841e-05
0.02188796 3.859e-05
0.005394146 4.760465e-05
0.006012463 3.91909e-05
0.01736719 3.406848e-05
0.03282823 3.427334e-05
0.03323348 3.069763e-05
0.03521617 3.113504e-05
0.03145209 3.028375e-05
0.01832576 3.164231e-05
0.02968464 2.85911e-05
0.0221736 2.612535e-05
0.05703104 2.350691e-05
0.05510908 3.116581e-05
0.05344862 2.548432e-05
0.07487631 3.043971e-05
0.06550069 3.376293e-05
0.05188532 3.107175e-05
0.05932349 3.439517e-05
0.02639577 3.188338e-05
0.06057102 3.950696e-05
0.040983 3.050263e-05
0.05129624 3.172504e-05
0.06785262 3.342445e-05
0.08836691 3.452257e-05
0.0638262 2.656242e-05
0.05427216 2.348517e-05
0.0755978 2.420887e-05
0.08456799 2.945944e-05
0.09419044 3.099318e-05
0.06288908 2.741938e-05
0.05937413 2.749215e-05
0.04299582 3.00728e-05
0.02925974 3.037169e-05
0.03339756 3.453732e-05
0.04204268 3.399516e-05
0.04019228 3.41891e-05
0.02410277 3.321965e-05
0.02294934 4.218193e-05
0.0168394 4.197565e-05
0.01797743 4.36277e-05
0.04129471 3.875012e-05
0.03763083 3.927445e-05
0.03207894 4.660616e-05
0.01526037 4.218206e-05
0.02348275 4.333636e-05
0.01493106 3.874643e-05
0.0232052 3.610632e-05
0.02594909 3.70638e-05
0.04778369 3.327059e-05
0.01998749 3.585548e-05
0.01989203 2.993369e-05
0.01372644 2.480808e-05
0.01400576 2.316402e-05
0.002226183 2.295749e-05
0.0003974726 2.35578e-05
0.0007960807 2.182632e-05
0.00704598 1.932623e-05
0.007851701 1.808673e-05
0.0004787063 2.085882e-05
0.002668835 2.288046e-05
0.006366014 1.84749e-05
0.004351218 1.665865e-05
0.009503094 1.519116e-05
0.02448262 1.561808e-05
0.02149435 1.345448e-05
0.03563212 1.461249e-05
0.04675451 1.608196e-05
0.04742657 1.724877e-05
0.04524208 1.754202e-05
0.04273529 1.534222e-05
0.05986719 1.823156e-05
0.05372529 1.95589e-05
0.04839679 1.867117e-05
0.03838566 2.034533e-05
0.04803895 1.882838e-05
0.07147388 2.098139e-05
0.05705835 2.055179e-05
0.07169493 2.237321e-05
0.06415238 2.639994e-05
0.03450156 2.73493e-05
0.03921877 2.419406e-05
0.03336024 2.57808e-05
0.02909073 2.214836e-05
0.06259112 2.234385e-05
0.07174143 1.857535e-05
0.06409226 2.170533e-05
0.04316616 1.949431e-05
0.03389702 2.023827e-05
0.03434164 1.933964e-05
0.02126713 1.772585e-05
0.01495365 2.009542e-05
0.02197925 2.012828e-05
0.05633605 2.102803e-05
0.03952258 2.292878e-05
0.01663786 2.207476e-05
0.03740063 1.95304e-05
0.05601004 2.101441e-05
0.05228625 2.475199e-05
0.04483123 2.411123e-05
0.06730587 2.643184e-05
0.05887182 2.691394e-05
0.05656475 3.16716e-05
0.04218148 2.778068e-05
0.05267545 2.426651e-05
0.05999577 2.444405e-05
0.0629206 2.503242e-05
0.07543935 2.326135e-05
0.06708287 2.222598e-05
0.04158665 1.88345e-05
0.05869965 1.929989e-05
0.0620051 1.791807e-05
0.04866921 1.955756e-05
0.03751565 1.928951e-05
0.06475091 1.758799e-05
0.07678279 1.873152e-05
0.04494316 1.601832e-05
0.03761922 1.860326e-05
0.02554389 1.813948e-05
0.02518121 1.78155e-05
0.03110592 2.271269e-05
0.04743099 2.30601e-05
0.03115021 2.096334e-05
0.006536989 2.070471e-05
0.007523564 2.069238e-05
0.02630554 2.28836e-05
0.02484511 2.55055e-05
0.0218997 2.542166e-05
0.01365463 2.561876e-05
0.02579737 2.9184e-05
0.03191553 2.75448e-05
0.04278637 3.403653e-05
0.03428789 3.307631e-05
0.02307651 3.1019e-05
0.02246623 2.778072e-05
0.02075784 3.079625e-05
0.02195304 3.266752e-05
0.03087613 3.236694e-05
0.01873938 2.938443e-05
0.005956495 3.437063e-05
0.02426824 3.287794e-05
0.03836188 3.160294e-05
0.03611557 3.315598e-05
0.0313921 3.211625e-05
0.06448699 3.401022e-05
0.0451191 3.048305e-05
0.030193 3.287818e-05
0.02334392 3.824579e-05
0.02889691 4.287113e-05
0.07145597 4.217927e-05
0.0655645 4.604421e-05
0.04596677 4.611859e-05
0.05473765 4.458476e-05
0.05642408 5.19626e-05
0.05495254 4.677235e-05
0.042378 4.504967e-05
0.02256898 5.357714e-05
0.0108991 5.648551e-05
0.02516033 7.251632e-05
0.02512457 7.633841e-05
0.01818917 7.02812e-05
0.01710505 7.188321e-05
0.01610769 6.37685e-05
0.01748425 6.650045e-05
0.03400795 6.710718e-05
0.04330913 6.817167e-05
0.03271064 6.644363e-05
0.03081791 6.090429e-05
0.01910665 6.876725e-05
0.02970713 6.823152e-05
0.02715818 7.242158e-05
0.009871933 7.004981e-05
0.02071069 8.889008e-05
0.006417747 9.058317e-05
0.004430565 8.14574e-05
0.006970794 7.688306e-05
0.01337187 7.655304e-05
0.007923165 6.641539e-05
0.0171001 7.056391e-05
0.03944969 8.333209e-05
0.04531162 7.33942e-05
0.02531354 6.489215e-05
0.02996752 6.770957e-05
0.03506227 6.786287e-05
0.02196037 6.353959e-05
0.01179368 6.016156e-05
0.03386553 5.748272e-05
0.03674654 5.468623e-05
0.0320236 5.580844e-05
0.02900864 5.511366e-05
0.02574507 5.877205e-05
0.03247051 5.142989e-05
0.01744568 4.683261e-05
0.02211575 4.677517e-05
0.02882365 3.860425e-05
0.03325457 3.817386e-05
0.05260309 4.293609e-05
0.04905456 3.583455e-05
0.03699524 3.721999e-05
0.05254856 4.3626e-05
0.05613893 4.846306e-05
0.04886962 3.983916e-05
0.07346587 3.772335e-05
0.06035381 3.451467e-05
0.05977696 3.332568e-05
0.05221459 3.269979e-05
0.03049412 2.947126e-05
0.01770826 3.21283e-05
0.01537727 2.959871e-05
0.0201289 3.022561e-05
0.02722211 2.796105e-05
0.04533554 3.372545e-05
0.01734822 3.382756e-05
0.01028639 3.200248e-05
0.02119602 2.558781e-05
0.01581108 2.793913e-05
0.01887882 2.423725e-05
0.03305156 2.736189e-05
0.04576349 3.343297e-05
0.02456542 4.008263e-05
0.02692647 4.336348e-05
0.02223159 3.592065e-05
0.03044685 3.422119e-05
0.02850344 2.87843e-05
0.04265661 2.900535e-05
0.0496656 3.123676e-05
0.03142607 2.59578e-05
0.01990731 2.923375e-05
0.007067282 3.147747e-05
0.009816495 2.805856e-05
0.01518294 3.403971e-05
0.01018757 2.867171e-05
0.01356782 2.674484e-05
0.02843682 2.416772e-05
0.05084044 2.67747e-05
0.06797435 2.434007e-05
0.08587435 2.600614e-05
0.07342991 2.643476e-05
0.08162601 2.393785e-05
0.09419469 2.087339e-05
0.1071581 2.167664e-05
0.07445804 2.442974e-05
0.07018147 2.349018e-05
0.05459529 2.269414e-05
0.0496527 2.484595e-05
0.05071431 2.744036e-05
0.07943865 1.948476e-05
0.08254148 1.755829e-05
0.07606318 1.62754e-05
0.09936889 1.548457e-05
0.1104788 1.716969e-05
0.1009445 1.571668e-05
0.05685847 1.753126e-05
0.05367771 2.031103e-05
0.04113424 2.509011e-05
0.05528869 3.080032e-05
0.04760345 3.410759e-05
0.03374163 3.705776e-05
0.01379471 3.769005e-05
0.01291108 4.01663e-05
0.00931027 4.473893e-05
0.01287388 4.573237e-05
0.01176592 4.705423e-05
0.01719535 4.23731e-05
0.01371925 4.228265e-05
0.01005373 3.878699e-05
0.005527042 4.900498e-05
0.005719727 5.336361e-05
0.01725155 6.025893e-05
0.01690171 6.337206e-05
0.02308556 7.061242e-05
0.01387444 8.45987e-05
0.004281384 8.091942e-05
0.003781159 8.196328e-05
0.01653015 7.743431e-05
0.02533961 8.431029e-05
0.02720952 7.966869e-05
0.02005678 8.441552e-05
0.01246718 8.592842e-05
0.01658006 7.185003e-05
0.0259416 6.582809e-05
0.02220852 6.896574e-05
0.01034243 5.900779e-05
0.03201969 5.302783e-05
0.02270254 5.083485e-05
0.01689305 4.489077e-05
0.02534341 4.48309e-05
0.02813239 4.934678e-05
0.05185131 4.431595e-05
0.02524838 4.331126e-05
0.01562562 3.765619e-05
0.03021723 4.259465e-05
0.02511488 3.522518e-05
0.01912226 2.685952e-05
0.03129386 2.92925e-05
0.03096731 2.814428e-05
0.03596171 2.876067e-05
0.0168883 2.732007e-05
0.02264462 2.20056e-05
0.03204827 2.014855e-05
0.02402537 1.822272e-05
0.007633465 1.946401e-05
0.02134901 2.039583e-05
0.02295687 2.053992e-05
0.01598452 2.255863e-05
0.02037836 1.924009e-05
0.003862976 2.08539e-05
0.002683792 2.137861e-05
0.02236543 2.678666e-05
0.01694855 2.850557e-05
0.01096176 3.484409e-05
0.02241071 3.342222e-05
0.02924293 3.590512e-05
0.02829589 3.426413e-05
0.0465247 3.689856e-05
0.03993178 3.951229e-05
0.04525931 3.857288e-05
0.04654051 3.767527e-05
0.0369574 3.794349e-05
0.02677449 4.249878e-05
0.04274998 4.31593e-05
0.03503206 3.828235e-05
0.02249252 3.388217e-05
0.0240331 3.717052e-05
0.03535786 3.851236e-05
0.02253027 4.350559e-05
0.04401224 4.016218e-05
0.05126697 4.763136e-05
0.04071936 5.22885e-05
0.05051393 4.197664e-05
0.03004622 4.041094e-05
0.04563549 4.522868e-05
0.06686491 4.299685e-05
0.03983522 4.512904e-05
0.02491583 4.357336e-05
0.01540441 4.50808e-05
0.02205308 4.565557e-05
0.0344268 5.295507e-05
0.03610815 5.191009e-05
0.03243033 4.043309e-05
0.01581458 3.99869e-05
0.0377031 5.214147e-05
0.05460139 5.418248e-05
0.05642483 5.477913e-05
0.0357685 5.804373e-05
0.03786982 5.559684e-05
0.02501617 5.762503e-05
0.009614891 5.765216e-05
0.01570141 4.930858e-05
0.01141766 5.48959e-05
0.01715201 6.528402e-05
0.01824501 5.854614e-05
0.01797037 5.486327e-05
0.02420403 5.722242e-05
0.01878178 6.124208e-05
0.008762467 7.778109e-05
0.009132065 7.441717e-05
0.007628983 6.754152e-05
0.01894702 6.445587e-05
0.02215246 7.211309e-05
0.04389505 7.178864e-05
0.03011963 7.71282e-05
0.0417766 6.620947e-05
0.03719308 6.848138e-05
0.02408851 5.748758e-05
0.01548048 5.827979e-05
0.01459423 6.201841e-05
0.03170915 5.341603e-05
0.03092908 4.53408e-05
0.04248387 3.955448e-05
0.04301319 4.163083e-05
0.03473846 4.330549e-05
0.01691812 4.473842e-05
0.0214937 4.122462e-05
0.02419624 4.920912e-05
0.01295974 6.065946e-05
0.01842101 6.585368e-05
0.01300378 6.331718e-05
0.02019277 7.388808e-05
0.04483558 6.168708e-05
0.02264775 6.580598e-05
0.03041359 7.240908e-05
0.02494452 7.139333e-05
0.01897444 5.93644e-05
0.02861846 5.033933e-05
0.02665431 5.329237e-05
0.005207728 5.984219e-05
0.002145179 5.976005e-05
0.005706599 6.174033e-05
0.01031681 7.221109e-05
0.01039386 8.219833e-05
0.01051133 7.993157e-05
0.003439776 6.970088e-05
0.004289555 6.212176e-05
0.009823936 6.293274e-05
0.007398349 5.796044e-05
0.01144025 5.52939e-05
0.003937839 4.189834e-05
0.007367051 3.843416e-05
0.006800864 3.342265e-05
0.00794872 2.933635e-05
0.006480608 2.884008e-05
0.02128073 2.916546e-05
0.01207206 3.277942e-05
0.01786284 3.099827e-05
0.05355703 3.098309e-05
0.04068546 3.258324e-05
0.03012637 3.384268e-05
0.02271386 3.391435e-05
0.01000858 3.750759e-05
0.01088894 3.360848e-05
0.01315801 3.618087e-05
0.01980131 3.30476e-05
0.02649902 3.403562e-05
0.03125856 3.862936e-05
0.03499879 3.771305e-05
0.05821694 3.526061e-05
0.06359785 2.558763e-05
0.06002274 2.231916e-05
0.05280414 2.484452e-05
0.03965983 2.743651e-05
0.0437943 3.244449e-05
0.03022787 2.81221e-05
0.01068669 2.792841e-05
0.02564903 2.951385e-05
0.01741104 2.932564e-05
0.02080609 3.182462e-05
0.02252085 3.108799e-05
0.02782863 3.354253e-05
0.042927 3.211859e-05
0.05887546 3.030171e-05
0.04635788 3.168464e-05
0.03232395 3.466075e-05
0.02101784 3.486436e-05
0.04663067 3.337571e-05
0.03406855 3.322671e-05
0.02135803 3.10424e-05
0.009022217 2.758888e-05
0.01879808 2.623238e-05
0.007297204 2.41729e-05
0.008689603 2.362339e-05
0.003874705 2.263297e-05
0.002808662 3.070192e-05
0.01209978 2.972752e-05
0.0201446 2.823452e-05
0.01544542 3.006766e-05
0.01530562 2.47769e-05
0.02811011 2.188109e-05
0.03456917 2.439995e-05
0.02327711 2.374197e-05
0.02492742 2.2852e-05
0.03190175 2.134362e-05
0.03564664 2.436799e-05
0.05801958 2.548818e-05
0.06281451 2.200864e-05
0.05450344 2.23975e-05
0.0486996 2.65312e-05
0.03757022 3.131725e-05
0.05845521 2.667112e-05
0.05757773 3.322672e-05
0.04152744 2.96172e-05
0.04096245 2.849884e-05
0.03340533 3.222387e-05
0.01425684 3.103531e-05
0.02337798 3.602724e-05
0.03798467 3.789124e-05
0.04199445 3.478712e-05
0.05300696 3.801202e-05
0.04559232 3.457385e-05
0.02790491 3.185735e-05
0.0188524 3.364967e-05
0.02521484 3.449774e-05
0.02856682 3.519292e-05
0.0551577 3.042553e-05
0.03810398 3.527724e-05
0.03495267 3.900225e-05
0.03467199 3.561061e-05
0.02634773 3.325441e-05
0.04111276 3.424166e-05
0.04337512 3.854999e-05
0.02792646 3.291582e-05
0.02149201 4.441754e-05
0.01463169 3.664256e-05
0.03427763 3.546047e-05
0.01021292 3.336821e-05
0.01872587 3.132054e-05
0.01933133 3.123804e-05
0.03181843 2.960242e-05
0.03260245 2.977499e-05
0.02409174 2.916826e-05
0.02169978 2.778428e-05
0.02694332 2.293575e-05
0.03435773 2.455216e-05
0.02008665 2.481211e-05
0.006549804 2.238136e-05
0.001453493 2.064674e-05
0.01448742 1.782142e-05
0.01052781 2.021035e-05
0.02114867 2.025443e-05
0.02180339 2.512517e-05
0.0207426 2.543819e-05
0.01144754 2.647452e-05
0.0354953 2.409486e-05
0.01991943 2.76329e-05
0.02084337 2.815419e-05
0.01459172 3.093816e-05
0.03696844 3.374943e-05
0.04291478 3.631031e-05
0.07139744 3.690926e-05
0.05700039 4.264398e-05
0.0357766 4.355358e-05
0.0197796 4.401521e-05
0.01474243 3.525938e-05
0.02067845 3.219042e-05
0.02021651 3.1654e-05
0.02137526 3.551531e-05
0.01725411 3.463048e-05
0.02332581 3.622395e-05
0.03584422 3.743371e-05
0.04196947 3.265762e-05
0.06621141 2.801621e-05
0.03131302 3.132111e-05
0.03018679 3.133387e-05
0.01672441 3.52021e-05
0.01334194 4.029526e-05
0.01686749 4.124777e-05
0.03154303 4.075639e-05
0.02658607 4.654154e-05
0.01785242 4.192352e-05
0.02461715 3.978462e-05
0.02995232 3.999814e-05
0.05360416 4.088865e-05
0.05045282 4.511003e-05
0.03603463 5.297884e-05
0.03267231 4.692007e-05
0.04990695 4.434986e-05
0.0247305 4.060277e-05
0.03753783 3.740072e-05
0.02092777 3.789593e-05
0.04385938 4.375608e-05
0.02976149 4.418601e-05
0.03513731 4.311605e-05
0.04796646 3.384739e-05
0.02788392 3.228711e-05
0.02421132 3.364103e-05
0.03022072 3.65413e-05
0.03695562 3.396286e-05
0.04966094 4.120218e-05
0.02942271 3.953874e-05
0.03190749 3.750878e-05
0.03645205 3.350731e-05
0.04460143 3.065111e-05
0.06820782 3.137255e-05
0.07361089 2.719115e-05
0.08350506 2.527889e-05
0.06881713 2.901479e-05
0.07179563 2.977754e-05
0.06369627 3.228274e-05
0.05448694 3.372549e-05
0.03593129 3.254776e-05
0.02345992 3.891451e-05
0.02119703 3.738546e-05
0.01663813 3.641246e-05
0.02277192 2.671121e-05
0.01427289 2.652905e-05
0.03093352 2.3832e-05
0.04495303 2.52516e-05
0.06203566 2.510301e-05
0.05919948 2.2055e-05
0.03213489 2.513603e-05
0.06234403 2.502918e-05
0.06852033 2.268084e-05
0.05380598 2.406321e-05
0.0268934 2.77567e-05
0.04244919 2.908858e-05
0.06619058 2.664375e-05
0.0382678 2.939451e-05
0.04504575 2.929393e-05
0.05742212 2.85079e-05
0.09249203 3.26676e-05
0.08114492 2.977798e-05
0.07775977 3.670102e-05
0.08838224 3.202386e-05
0.07660905 2.983607e-05
0.07153436 2.46207e-05
0.05969052 2.562131e-05
0.0571212 2.771191e-05
0.05024209 2.917637e-05
0.02953995 3.149829e-05
0.02710805 3.138379e-05
0.03382728 3.076693e-05
0.03860635 3.237325e-05
0.040302 2.748725e-05
0.04938948 2.315427e-05
0.05302297 2.075112e-05
0.03991275 2.983424e-05
0.01854615 3.381519e-05
0.03112042 3.64437e-05
0.03165891 3.743102e-05
0.02810693 3.643154e-05
0.03027042 4.054891e-05
0.01937647 4.527446e-05
0.03004301 4.413497e-05
0.03361701 5.18841e-05
0.02882349 4.918246e-05
0.02142918 4.169832e-05
0.01124636 4.915625e-05
0.03097439 5.641109e-05
0.02940832 5.613122e-05
0.01280922 6.214149e-05
0.02430474 6.160615e-05
0.01130649 5.797097e-05
0.03081481 5.893259e-05
0.03407677 5.308773e-05
0.02810669 4.195937e-05
0.03823232 3.982709e-05
0.04853411 3.401114e-05
0.05040418 3.590551e-05
0.03185795 4.101279e-05
0.03367013 4.438444e-05
0.03146046 4.48298e-05
0.03596554 4.405694e-05
0.03825067 4.046184e-05
0.0279514 4.12261e-05
0.0243379 4.073398e-05
0.01340664 4.347623e-05
0.01371479 3.942378e-05
0.01386772 3.738336e-05
0.03574904 2.921282e-05
0.0429856 2.549696e-05
0.05819639 2.166786e-05
0.05881051 2.372637e-05
0.0432402 2.146709e-05
0.0445928 1.913541e-05
0.0369135 1.809627e-05
0.05696023 2.033687e-05
0.04227341 1.896626e-05
0.03195438 1.681059e-05
0.01656302 1.917511e-05
0.01720731 2.050522e-05
0.03501845 2.305893e-05
0.0456391 2.572409e-05
0.05531505 2.667319e-05
0.05550384 3.121065e-05
0.0515447 2.96256e-05
0.05518142 2.510988e-05
0.01589505 2.785814e-05
0.01272882 2.867724e-05
0.004723775 2.653863e-05
0.02204936 2.755245e-05
0.01938865 2.238591e-05
0.05405736 2.495216e-05
0.06215274 2.310428e-05
0.08194818 2.467845e-05
0.09083694 2.361848e-05
0.0829926 2.406133e-05
0.07748253 2.555851e-05
0.08648227 2.324371e-05
0.07287779 2.011771e-05
0.07026045 2.273854e-05
0.07324733 2.023777e-05
0.1008424 2.364109e-05
0.1094348 2.327635e-05
0.141349 2.496976e-05
0.1324545 2.635133e-05
0.08822548 2.66045e-05
0.07446723 2.973137e-05
0.06338862 2.597089e-05
0.06232883 3.305654e-05
0.07687552 3.292875e-05
0.09483193 3.196493e-05
0.04782046 3.495188e-05
0.06857331 2.935469e-05
0.05481792 2.661461e-05
0.03007544 2.533846e-05
0.02153256 2.689965e-05
0.009192971 2.426277e-05
0.01132139 2.738727e-05
0.02868372 2.852124e-05
0.02284758 2.465624e-05
0.04445988 2.333703e-05
0.04788058 2.731259e-05
0.02871183 2.455628e-05
0.07389612 2.351006e-05
0.09000025 2.575026e-05
0.07124429 2.212071e-05
0.07540753 2.184559e-05
0.06844387 2.101402e-05
0.05530546 2.64962e-05
0.05319184 3.446706e-05
0.03886816 3.229954e-05
0.0232176 3.293358e-05
0.02572683 3.509739e-05
0.02465856 3.535012e-05
0.01154856 3.491672e-05
0.01679717 3.894279e-05
0.01297323 4.096622e-05
0.01028219 4.163997e-05
0.008284644 5.069712e-05
0.007321594 4.678376e-05
0.008700196 3.873872e-05
0.003588529 3.771257e-05
0.00370061 3.749714e-05
0.02224009 3.454679e-05
0.02915947 3.383412e-05
0.06685947 3.729099e-05
0.06275566 4.381434e-05
0.05291434 4.383931e-05
0.05657683 4.08747e-05
0.05465812 5.183975e-05
0.02820774 5.293383e-05
0.01293703 5.059671e-05
0.01507328 5.024981e-05
0.01195482 4.758807e-05
0.01546282 4.956064e-05
0.02124625 5.912525e-05
0.02094742 4.725168e-05
0.04105491 5.391077e-05
0.04498863 5.703885e-05
0.03075107 6.064926e-05
0.02958227 5.370152e-05
0.01986572 5.332149e-05
0.02079345 4.870466e-05
0.02215805 5.035602e-05
0.02303461 5.782342e-05
0.04424249 5.706046e-05
0.07230969 5.764503e-05
0.04418683 5.601494e-05
0.03978696 6.286308e-05
0.01002194 6.869883e-05
0.009342826 6.542306e-05
0.006301765 6.864352e-05
0.003039487 6.429102e-05
0.006027645 6.266431e-05
0.009337987 4.880804e-05
0.01803816 4.886603e-05
0.02025612 4.925082e-05
0.02851385 5.57866e-05
0.03427727 5.583178e-05
0.01392192 5.430094e-05
0.007631749 6.167848e-05
0.01056167 5.891855e-05
0.01278303 5.970266e-05
0.02561377 5.294555e-05
0.02397377 5.145851e-05
0.04817584 4.814044e-05
0.03580719 4.040657e-05
0.01697011 4.43517e-05
0.01061505 5.317106e-05
0.006165955 5.69526e-05
0.02962402 5.557865e-05
0.02298528 5.331234e-05
0.01509926 6.116193e-05
0.03070677 6.034978e-05
0.01519993 6.587648e-05
0.01457287 5.509119e-05
0.009386812 6.621477e-05
0.02584282 6.929154e-05
0.02161461 5.679488e-05
0.007772626 4.920092e-05
0.00442217 4.460251e-05
0.004578804 4.192344e-05
0.001487928 4.732803e-05
0.005079554 4.771e-05
0.003127562 4.691407e-05
0.01206168 5.414911e-05
0.008818839 4.777741e-05
0.01888605 4.9708e-05
0.01044491 5.646544e-05
0.01768858 5.596209e-05
0.01658375 7.079769e-05
0.009826681 7.303194e-05
0.01158866 7.44162e-05
0.01136328 9.193684e-05
0.01505095 8.613502e-05
0.02486492 7.986322e-05
0.03275878 7.630224e-05
0.05106588 7.270579e-05
0.04313169 7.181638e-05
0.05434905 6.439501e-05
0.04633459 5.852114e-05
0.05546143 6.287638e-05
0.04332245 6.239338e-05
0.03110489 5.702651e-05
0.02381932 6.186463e-05
0.0274293 6.919687e-05
0.04897206 6.45622e-05
0.04649845 6.405802e-05
0.01694962 6.502991e-05
0.03398762 6.26167e-05
0.02952114 4.847499e-05
0.02690956 5.140321e-05
0.03136891 5.592898e-05
0.01665186 5.697518e-05
0.03099754 5.016734e-05
0.04050832 4.424612e-05
0.03478113 4.150569e-05
0.05012048 3.392305e-05
0.07239215 3.33676e-05
0.06182393 3.387981e-05
0.04525287 3.932598e-05
0.04272236 4.274302e-05
0.02093868 4.257329e-05
0.02697095 4.494419e-05
0.02168807 4.432196e-05
0.02212805 4.319943e-05
0.03117594 3.546627e-05
0.04056211 2.823315e-05
0.03356103 3.137629e-05
0.01471656 2.94539e-05
0.02428191 3.297662e-05
0.03406035 3.267105e-05
0.01733602 3.556063e-05
0.02634832 3.506707e-05
0.02472385 4.462564e-05
0.04277064 4.02088e-05
0.02301096 4.61052e-05
0.01996184 4.143123e-05
0.03820257 3.767644e-05
0.02174412 3.594439e-05
0.02582514 4.032977e-05
0.02074676 4.469085e-05
0.02996313 4.574105e-05
0.01953781 5.294228e-05
0.02229705 5.505931e-05
0.01997333 5.546076e-05
0.01981646 5.768371e-05
0.02613368 6.363217e-05
0.01885801 5.500592e-05
0.008392872 6.733092e-05
0.003103222 5.783201e-05
0.005200872 5.270269e-05
0.01117909 4.888747e-05
0.01215322 4.554206e-05
0.008507726 4.996758e-05
0.009344344 6.37093e-05
0.0161934 5.932966e-05
0.006625251 6.017715e-05
0.01113374 5.817277e-05
0.01678898 6.628986e-05
0.006993786 7.656302e-05
0.009577898 7.793648e-05
0.01446106 6.090154e-05
0.01983492 5.497794e-05
0.02102133 5.108965e-05
0.02501731 5.140504e-05
0.04274155 4.686329e-05
0.02950621 4.338398e-05
0.02728739 4.460986e-05
0.026486 4.465987e-05
0.04455992 4.313151e-05
0.02108442 3.843719e-05
0.01781117 3.595677e-05
0.02137449 3.109756e-05
0.02580317 3.893517e-05
0.04552797 3.95562e-05
0.04239307 4.012228e-05
0.04967288 3.501826e-05
0.03406814 3.756734e-05
0.04251018 3.547248e-05
0.03737664 3.579934e-05
0.04715245 3.574527e-05
0.03652065 3.987739e-05
0.03142153 3.969958e-05
0.04409989 3.972358e-05
0.04456463 3.53328e-05
0.02785294 3.600369e-05
0.02407998 3.770866e-05
0.03482449 3.975486e-05
0.03976416 3.558157e-05
0.05408455 3.262002e-05
0.03677907 3.234724e-05
0.04547042 3.396145e-05
0.01878038 2.906842e-05
0.02730759 3.047586e-05
0.04250273 2.792452e-05
0.05578087 2.73561e-05
0.07961079 2.47327e-05
0.06632084 2.492472e-05
0.03845051 2.041286e-05
0.04091793 1.858043e-05
0.04664324 1.669192e-05
0.03321853 1.639225e-05
0.05697367 1.54209e-05
0.04733177 1.645532e-05
0.04439731 1.607747e-05
0.04686548 1.590664e-05
0.0809523 1.803214e-05
0.08854718 2.047287e-05
0.07756435 2.149801e-05
0.07831317 1.755953e-05
0.08063076 1.629373e-05
0.07128145 1.828275e-05
0.07155056 2.200403e-05
0.04236554 1.718607e-05
0.04484741 1.855982e-05
0.04035029 1.71006e-05
0.05234416 1.923078e-05
0.06103573 1.979282e-05
0.08467956 2.173261e-05
0.08403721 2.605108e-05
0.05602865 2.739423e-05
0.04086237 2.402938e-05
0.03886107 2.570991e-05
0.0111429 2.614535e-05
0.01184898 3.024121e-05
0.0166744 3.699235e-05
0.0161022 3.327781e-05
0.01954139 2.985096e-05
0.01261016 2.854627e-05
0.01009403 2.878826e-05
0.02201846 2.843852e-05
0.01011037 3.206026e-05
0.02768481 3.451953e-05
0.04108544 3.216382e-05
0.03725825 2.826349e-05
0.03557778 2.48924e-05
0.04067193 2.737841e-05
0.0231668 2.605392e-05
0.02068078 2.664866e-05
0.01570924 3.171844e-05
0.01249479 2.706642e-05
0.02005898 2.385792e-05
0.01220719 2.66254e-05
0.01755797 2.636647e-05
0.03094536 2.612336e-05
0.0187206 2.731781e-05
0.02116601 2.863862e-05
0.03042866 2.849348e-05
0.01827746 3.125227e-05
0.02063179 3.080268e-05
0.04228487 3.549495e-05
0.06001194 3.108046e-05
0.04212729 3.716019e-05
0.07240279 3.64753e-05
0.07045464 3.587119e-05
0.06058636 3.19e-05
0.05589356 3.622142e-05
0.05468256 3.646185e-05
0.06305165 4.121086e-05
0.07062486 3.733458e-05
0.05892366 3.560952e-05
0.03598994 3.696005e-05
0.0313546 3.902326e-05
0.03677922 3.989099e-05
0.05068826 3.917442e-05
0.03449545 3.429302e-05
0.04367212 3.211736e-05
0.03725742 3.250814e-05
0.03444333 3.385096e-05
0.03801194 3.88682e-05
0.03226328 3.735201e-05
0.03143432 3.511581e-05
0.04799273 3.311884e-05
0.02617861 3.237819e-05
0.03872655 3.103676e-05
0.03455263 2.489162e-05
0.04861675 2.55598e-05
0.05079258 2.494874e-05
0.0454958 2.644546e-05
0.03902975 2.656666e-05
0.03959407 2.367688e-05
0.02870426 2.227681e-05
0.0361545 2.118016e-05
0.01232246 2.11017e-05
0.01310496 2.074348e-05
0.006035831 2.202723e-05
0.003494104 2.030557e-05
0.007577246 2.117196e-05
0.005965582 2.04838e-05
0.02255558 2.024461e-05
0.03196361 2.171439e-05
0.03304126 2.257732e-05
0.04694182 2.307302e-05
0.04894634 2.371296e-05
0.04295321 2.380093e-05
0.05958318 2.068858e-05
0.06074328 2.314386e-05
0.06436823 2.144009e-05
0.04444268 2.303003e-05
0.05252924 2.000178e-05
0.06370112 2.410515e-05
0.07346656 2.040223e-05
0.07582832 2.388568e-05
0.1005615 2.176222e-05
0.114593 1.833201e-05
0.09522887 1.936922e-05
0.07005513 2.061512e-05
0.06617835 1.888169e-05
0.05222424 1.792686e-05
0.05853255 1.735145e-05
0.07558394 1.89478e-05
0.0661162 1.913791e-05
0.04519341 1.805406e-05
0.03134513 1.665791e-05
0.01897249 1.621369e-05
0.01106123 1.641144e-05
0.01284462 1.761665e-05
0.01071668 1.915057e-05
0.03245052 1.861663e-05
0.05129388 1.730884e-05
0.05533242 1.665227e-05
0.03487285 1.574115e-05
0.03139475 1.553172e-05
0.05028431 1.263367e-05
0.05071632 1.22228e-05
0.05631627 1.462066e-05
0.06412962 1.645946e-05
0.1279922 1.5551e-05
0.1400104 1.490475e-05
0.1417736 1.485959e-05
0.1665515 1.440436e-05
0.1178664 1.440166e-05
0.1191074 1.399605e-05
0.1414536 1.584673e-05
0.1151076 1.710806e-05
0.1535644 1.766204e-05
0.1071292 1.587358e-05
0.08187509 1.280294e-05
0.1023136 1.171157e-05
0.1191807 1.068425e-05
0.1010078 1.062008e-05
0.09346724 1.116061e-05
0.07676119 1.273636e-05
0.05408764 1.444087e-05
0.0591698 1.340469e-05
0.07601148 1.169502e-05
0.1302106 1.429338e-05
0.1135374 1.179931e-05
0.1487737 1.235806e-05
0.1390903 1.187525e-05
0.1426578 1.269032e-05
0.1221028 1.444954e-05
0.1044201 1.628546e-05
0.117673 1.715939e-05
0.07828965 2.163478e-05
0.04645426 2.016476e-05
0.04568924 1.939476e-05
0.04503399 1.899084e-05
0.06699322 1.910647e-05
0.04462701 1.968278e-05
0.04900198 1.943252e-05
0.03133574 1.966504e-05
0.02344366 2.273321e-05
0.04173741 2.487686e-05
0.05214152 2.616797e-05
0.07006565 2.408037e-05
0.07031846 2.4005e-05
0.05331745 2.569919e-05
0.03379123 2.023249e-05
0.04546291 2.036631e-05
0.04080026 2.080336e-05
0.04612476 2.280836e-05
0.02695608 2.443367e-05
0.03020557 2.248333e-05
0.01817656 2.26287e-05
0.03754847 2.415887e-05
0.03813559 2.097555e-05
0.03146637 2.063461e-05
0.04769481 2.065585e-05
0.07092315 1.879599e-05
0.08214898 1.58339e-05
0.111702 1.529243e-05
0.1550728 1.543425e-05
0.08749738 1.460454e-05
0.07685926 1.352609e-05
0.07223817 1.357992e-05
0.08373169 1.331195e-05
0.08332612 1.405962e-05
0.1097332 1.515948e-05
0.09496722 1.208054e-05
0.1263059 1.15403e-05
0.105103 1.04648e-05
0.09941449 1.226351e-05
0.09316729 1.246115e-05
0.1290257 1.250971e-05
0.1478198 1.063138e-05
0.1447653 1.122507e-05
0.09099244 1.125905e-05
0.09717855 1.197091e-05
0.0885274 1.173659e-05
0.1028983 1.275456e-05
0.1137715 1.446627e-05
0.08894488 1.392319e-05
0.1001762 1.380381e-05
0.1044549 1.429141e-05
0.1150275 1.466033e-05
0.1163415 1.222362e-05
0.0601517 1.264994e-05
0.05233198 1.177833e-05
0.08406896 1.16332e-05
0.09776898 1.165669e-05
0.08136104 1.081116e-05
0.06938508 1.124233e-05
0.06783046 1.237715e-05
0.0728463 1.409097e-05
0.06629648 1.240359e-05
0.07309283 1.339601e-05
0.05907251 1.493262e-05
0.04880834 1.370109e-05
0.01221046 1.568174e-05
0.008351989 1.39186e-05
0.006814123 1.319896e-05
0.01003043 1.464338e-05
0.0286654 1.733016e-05
0.02298881 1.81238e-05
0.02662634 1.614863e-05
0.03160832 1.386294e-05
0.04152612 1.41606e-05
0.0472082 1.567405e-05
0.03069772 1.683685e-05
0.01984015 1.641513e-05
0.008712434 1.485996e-05
0.0119906 1.427129e-05
0.02723678 1.563416e-05
0.01545948 1.700036e-05
0.0244359 1.699291e-05
0.01876516 1.815673e-05
0.02145253 1.767645e-05
0.02946098 1.791305e-05
0.03789855 1.644014e-05
0.02811637 1.655067e-05
0.03495912 1.511098e-05
0.06110113 1.608099e-05
0.06014355 1.611789e-05
0.04431518 1.35631e-05
0.03133731 1.336197e-05
0.02121979 1.379461e-05
0.023773 1.599808e-05
0.03685497 1.601178e-05
0.04528646 1.469892e-05
0.06195659 1.223895e-05
0.113709 1.1378e-05
0.117176 9.962564e-06
0.109511 1.041544e-05
0.1304716 1.095428e-05
0.106255 1.291493e-05
0.129057 1.361442e-05
0.1419973 1.352978e-05
0.105682 1.355579e-05
0.1209301 1.362709e-05
0.09914966 1.321941e-05
0.08901156 1.280946e-05
0.108244 1.40318e-05
0.09105156 1.430286e-05
0.1013968 1.299789e-05
0.10362 1.191931e-05
0.09806767 1.356998e-05
0.07071768 1.372324e-05
0.07084813 1.388742e-05
0.03458259 1.453583e-05
0.04031921 1.394877e-05
0.05628473 1.731209e-05
0.0516648 1.663096e-05
0.04544537 1.9088e-05
0.04862141 1.597131e-05
0.01856041 1.685406e-05
0.02813122 2.183915e-05
0.04058485 2.28979e-05
0.03725519 2.257974e-05
0.04424351 2.50468e-05
0.01528189 2.837989e-05
0.006414101 2.922632e-05
0.0172271 3.005623e-05
0.02525293 3.240737e-05
0.03274455 2.908668e-05
0.05075489 3.732184e-05
0.04768822 4.187257e-05
0.02297216 4.83737e-05
0.0246564 4.895697e-05
0.007325116 4.848433e-05
0.01820809 5.014706e-05
0.01964219 4.670718e-05
0.0496373 4.643744e-05
0.06461996 3.986784e-05
0.05874919 3.49418e-05
0.05061779 2.782582e-05
0.06068336 2.572458e-05
0.06936403 2.299137e-05
0.05033914 2.177039e-05
0.06036621 2.505298e-05
0.05729286 2.484588e-05
0.03686697 2.184021e-05
0.05472427 2.464313e-05
0.0993014 2.182513e-05
0.1110111 2.268672e-05
0.1200614 2.129063e-05
0.09961293 2.341644e-05
0.06706816 2.153563e-05
0.06017535 1.809737e-05
0.06675559 2.396964e-05
0.06771148 2.370621e-05
0.06730141 2.308368e-05
0.06347654 2.230545e-05
0.06683463 2.233307e-05
0.0925942 2.038467e-05
0.08841134 2.201576e-05
0.08745751 2.077694e-05
0.06345735 1.821712e-05
0.03611874 2.183472e-05
0.0351415 2.474859e-05
0.01334503 2.511589e-05
0.01278346 2.708715e-05
0.02155447 2.310462e-05
0.03240921 2.041209e-05
0.06504304 2.171682e-05
0.05488518 2.499766e-05
0.05749051 2.805908e-05
0.05943294 2.368768e-05
0.0436202 3.238943e-05
0.05007991 3.457053e-05
0.03438754 3.001567e-05
0.02166942 2.798618e-05
0.01456202 2.562723e-05
0.01827091 3.03693e-05
0.02881345 3.098194e-05
0.02998056 2.785178e-05
0.05385846 2.296504e-05
0.02991068 2.574775e-05
0.01758622 2.634197e-05
0.01172677 2.297476e-05
0.009543702 2.798953e-05
0.009414258 2.812234e-05
0.0105194 2.855071e-05
0.02627817 2.817944e-05
0.02022415 2.740564e-05
0.0251132 2.826354e-05
0.05760133 2.649048e-05
0.06802387 3.180011e-05
0.04472329 3.915757e-05
0.04185632 4.319585e-05
0.01257938 4.007188e-05
0.01990949 4.561337e-05
0.01581456 3.8683e-05
0.007221217 3.668436e-05
0.006523071 2.800816e-05
0.01866227 2.548139e-05
0.02232563 2.543283e-05
0.02897655 2.754837e-05
0.04427236 2.656891e-05
0.04906847 2.700591e-05
0.06453001 2.859358e-05
0.07244193 3.251801e-05
0.07115697 3.520439e-05
0.06481018 3.60295e-05
0.03824985 3.882431e-05
0.05254526 4.892806e-05
0.05863015 4.284489e-05
0.03767243 3.943173e-05
0.03617115 4.013844e-05
0.05420197 4.624504e-05
0.02769234 5.011777e-05
0.02525932 5.438132e-05
0.02302853 4.865716e-05
0.03305507 4.830008e-05
0.0332216 5.404255e-05
0.02765837 4.573905e-05
0.02355418 4.494131e-05
0.04533065 4.129637e-05
0.02950493 3.867729e-05
0.01895549 4.465728e-05
0.02078192 4.505821e-05
0.03036086 3.79806e-05
0.04691712 3.24083e-05
0.04681392 3.359842e-05
0.04234848 3.925705e-05
0.04031986 3.816168e-05
0.0508869 4.384634e-05
0.05855315 4.663752e-05
0.04876476 3.657564e-05
0.02938815 3.379128e-05
0.02381258 3.456225e-05
0.01754536 3.036285e-05
0.008410587 3.91266e-05
0.01937229 3.283168e-05
0.03910336 2.80316e-05
0.05657382 2.795537e-05
0.06209509 2.311973e-05
0.06208061 2.367496e-05
0.05960786 2.245717e-05
0.05223967 2.451011e-05
0.06541255 2.454549e-05
0.03938188 2.172784e-05
0.0388108 1.951339e-05
0.01806218 2.122839e-05
0.03457099 2.599565e-05
0.03750769 2.886573e-05
0.05664295 3.565691e-05
0.05072986 3.432642e-05
0.04029423 3.527098e-05
0.03644946 3.283583e-05
0.04575182 3.327483e-05
0.06062614 3.338381e-05
0.09324635 2.926208e-05
0.06392825 2.95744e-05
0.02605545 3.407252e-05
0.02573969 3.493435e-05
0.01391165 3.170995e-05
0.01136372 3.593319e-05
0.007076451 3.507896e-05
0.02340425 3.709917e-05
0.02721648 4.043763e-05
0.03436215 3.910668e-05
0.01970486 3.648597e-05
0.01651235 3.814079e-05
0.02789621 3.588509e-05
0.04613099 3.846356e-05
0.0502464 3.621224e-05
0.0475248 4.316123e-05
0.05656859 4.912499e-05
0.03304871 4.421069e-05
0.03164054 4.232721e-05
0.02696028 4.901635e-05
0.03358256 5.460423e-05
0.03809047 5.676424e-05
0.05073035 5.862095e-05
0.0484772 6.205664e-05
0.03555681 6.246444e-05
0.03629168 8.722462e-05
0.03781017 8.651892e-05
0.0240907 8.418106e-05
0.0141643 7.065087e-05
0.01901884 7.501065e-05
0.04492596 7.186551e-05
0.01108429 7.14369e-05
0.004164752 8.073231e-05
0.004395101 8.464237e-05
0.00796618 8.962215e-05
0.01212865 8.581594e-05
0.01291651 8.209633e-05
0.007097333 7.995922e-05
0.01323015 6.291502e-05
0.002993855 6.898267e-05
0.007211464 7.072725e-05
0.003503079 6.868794e-05
0.007645673 7.309137e-05
0.00288611 7.309121e-05
0.009671193 7.572556e-05
0.01447798 8.989583e-05
0.005036381 8.359419e-05
0.008205955 8.822445e-05
0.00907658 8.032988e-05
0.009729381 6.710294e-05
0.006067888 6.209247e-05
0.01933592 5.761573e-05
0.02917237 4.778227e-05
0.04139395 4.09748e-05
0.02251225 4.109114e-05
0.03106643 3.73975e-05
0.03146972 3.961598e-05
0.02180535 4.187599e-05
0.02715513 4.519939e-05
0.0285633 4.757325e-05
0.02992478 5.753045e-05
0.02723775 5.428735e-05
0.01831224 5.212506e-05
0.02450985 5.573872e-05
0.04777931 5.51161e-05
0.03605307 5.668706e-05
0.05022901 6.048148e-05
0.04139867 6.146696e-05
0.03603021 5.296989e-05
0.07214654 5.200642e-05
0.0352666 5.176092e-05
0.06159315 4.666163e-05
0.09763801 5.517922e-05
0.09939408 4.858492e-05
0.084665 4.255621e-05
0.07249631 4.162965e-05
0.04943151 3.638438e-05
0.03709151 3.258523e-05
0.01702089 3.106731e-05
0.02289953 3.040244e-05
0.03333895 2.924224e-05
0.02216452 3.363328e-05
0.02802913 3.461392e-05
0.03684407 3.120469e-05
0.01955209 2.701041e-05
0.01292722 2.506197e-05
0.01967071 2.746153e-05
0.01408539 2.283047e-05
0.02561584 2.274483e-05
0.01055394 2.270949e-05
0.02117504 2.520859e-05
0.03126008 2.569624e-05
0.0526892 2.075002e-05
0.03740139 2.544028e-05
0.03636035 2.389489e-05
0.0549528 2.237911e-05
0.04264732 1.764088e-05
0.01559062 1.747501e-05
0.01428104 1.654607e-05
0.0109934 1.636112e-05
0.005925514 1.802275e-05
0.005805761 1.887725e-05
0.02380338 2.360543e-05
0.006600565 2.389706e-05
0.02381051 2.17009e-05
0.05164378 2.103302e-05
0.02969601 2.213242e-05
0.05277088 2.309744e-05
0.04486697 2.49144e-05
0.04644957 2.64287e-05
0.05990629 2.560305e-05
0.03443595 2.638687e-05
0.02505936 2.533137e-05
0.0399359 2.500144e-05
0.03395902 2.181153e-05
0.03030923 2.244123e-05
0.02860257 2.413737e-05
0.03942609 2.47515e-05
0.03287017 1.958676e-05
0.03617772 1.831356e-05
0.05600063 1.590595e-05
0.08769246 1.646147e-05
0.06765155 1.55559e-05
0.0717269 1.460708e-05
0.08297147 1.31469e-05
0.09313043 1.415857e-05
0.1650681 1.290169e-05
0.1572243 1.141708e-05
0.1782297 1.148062e-05
0.1430245 1.237435e-05
0.108318 1.204698e-05
0.09670899 1.256604e-05
0.06685745 1.339725e-05
0.07212296 1.657265e-05
0.05216426 1.992165e-05
0.05790275 2.475861e-05
0.04410626 2.524634e-05
0.02615114 2.115417e-05
0.01414567 1.913071e-05
0.03490147 1.937743e-05
0.04454207 1.821491e-05
0.02724665 1.871613e-05
0.02757218 1.394372e-05
0.05959909 1.389067e-05
0.09006061 1.519369e-05
0.1209652 1.696897e-05
0.07968676 1.761811e-05
0.04408476 2.086509e-05
0.06189915 2.109673e-05
0.1139889 1.987161e-05
0.082561 1.478531e-05
0.1094776 1.485142e-05
0.1056374 1.514688e-05
0.0911041 1.550119e-05
0.1027235 1.332437e-05
0.09123074 1.613324e-05
0.06001182 1.718094e-05
0.04904953 1.665845e-05
0.01756383 1.827892e-05
0.03970168 2.001079e-05
0.03475356 1.859814e-05
0.0218984 1.978157e-05
0.03453891 1.917322e-05
0.04168981 2.057635e-05
0.04636261 2.571772e-05
0.04470462 2.852162e-05
0.0484187 3.600583e-05
0.02955774 3.396948e-05
0.03806799 3.138805e-05
0.05403307 2.641838e-05
0.06162601 2.978456e-05
0.07452203 3.328495e-05
0.05879243 3.100981e-05
0.03966973 3.651657e-05
0.03050979 4.204936e-05
0.05501412 4.651492e-05
0.04450713 3.802361e-05
0.05028847 3.696677e-05
0.05146732 3.440428e-05
0.0581429 3.64337e-05
0.05563986 3.904497e-05
0.05919882 3.605447e-05
0.04545335 3.798766e-05
0.03684001 4.447098e-05
0.02342725 5.067336e-05
0.04075223 4.737015e-05
0.03577014 5.770917e-05
0.02290459 5.123629e-05
0.01448924 4.896047e-05
0.03954329 4.468205e-05
0.02774272 5.24237e-05
0.02406253 4.518035e-05
0.02851017 4.831586e-05
0.01521207 4.880471e-05
0.02312277 4.410611e-05
0.02790322 4.674749e-05
0.01671633 3.983059e-05
0.006118533 3.271807e-05
0.01895507 3.551656e-05
0.02740086 3.816285e-05
0.01868257 3.870772e-05
0.02184507 3.62824e-05
0.02542426 3.293658e-05
0.006564973 2.807286e-05
0.01064953 2.516379e-05
0.006826826 2.12186e-05
0.01557764 1.772566e-05
0.01823247 1.51081e-05
0.03093159 1.546928e-05
0.01709402 1.691107e-05
0.005813587 2.142395e-05
0.003586854 2.093734e-05
0.01767196 1.914647e-05
0.03379532 1.788722e-05
0.04465423 1.824181e-05
0.03211046 1.720514e-05
0.08566285 1.537334e-05
0.07467888 1.532948e-05
0.03695422 1.436812e-05
0.03808214 1.323466e-05
0.01450961 1.192286e-05
0.01259186 1.406264e-05
0.009839111 1.423589e-05
0.01157116 1.494225e-05
0.01960891 1.624524e-05
0.03155523 1.664558e-05
0.03909445 1.626697e-05
0.05568406 1.452988e-05
0.0458236 1.521472e-05
0.0510006 1.748386e-05
0.008585096 1.939523e-05
0.04046422 1.896471e-05
0.05581058 1.895372e-05
0.04597418 1.827074e-05
0.06248897 2.131984e-05
0.06235443 1.969776e-05
0.0766036 2.201113e-05
0.09078071 2.171384e-05
0.07378585 2.233026e-05
0.06178588 2.764588e-05
0.07871095 2.486782e-05
0.0987168 2.176002e-05
0.104557 2.254447e-05
0.07498317 2.183807e-05
0.09200328 2.05513e-05
0.1205856 1.809662e-05
0.1042365 1.788399e-05
0.1457015 1.886084e-05
0.1347631 2.166417e-05
0.1289303 2.119936e-05
0.1228813 2.321744e-05
0.1063632 2.294946e-05
0.08352554 2.683702e-05
0.0802478 2.246174e-05
0.07471117 2.122485e-05
0.06566699 2.328496e-05
0.04003746 2.129688e-05
0.03705966 1.799344e-05
0.03943072 1.749727e-05
0.03415593 1.584126e-05
0.03810747 1.692967e-05
0.06674858 1.71445e-05
0.06224395 1.916439e-05
0.08386 1.584252e-05
0.08435088 1.46406e-05
0.133187 1.377727e-05
0.1279476 1.491391e-05
0.1679282 1.530173e-05
0.1751703 1.456091e-05
0.1599779 1.403202e-05
0.1427699 1.470904e-05
0.09058275 1.543506e-05
0.07877275 1.510443e-05
0.0500502 1.587065e-05
0.03303015 1.450686e-05
0.05320667 1.645497e-05
0.04170808 1.535016e-05
0.04841758 1.57783e-05
0.03591281 1.704036e-05
0.04656898 1.835658e-05
0.04492759 1.647048e-05
0.04066389 1.555135e-05
0.0370853 1.499009e-05
0.05195359 1.565937e-05
0.06834847 1.730236e-05
0.04301522 1.642981e-05
0.04967715 1.934201e-05
0.05200419 2.467862e-05
0.04976136 1.933625e-05
0.04266177 2.027398e-05
0.03116684 2.664374e-05
0.02002819 2.698252e-05
0.04483627 2.742295e-05
0.03798934 2.84603e-05
0.05142499 2.951239e-05
0.03269533 2.968992e-05
0.03568773 3.568918e-05
0.02657341 3.525658e-05
0.01894276 3.73135e-05
0.01787171 3.601033e-05
0.01130708 4.238017e-05
0.0326457 4.506696e-05
0.0345974 4.233872e-05
0.03473003 4.309843e-05
0.04860651 4.049649e-05
0.04602592 3.464809e-05
0.06575419 3.120813e-05
0.04931034 3.332248e-05
0.06136167 2.625414e-05
0.05758446 2.961881e-05
0.05024585 2.969768e-05
0.02604388 3.071839e-05
0.03691416 2.893758e-05
0.03440718 2.418377e-05
0.05555193 2.054999e-05
0.04829109 1.863763e-05
0.04498885 2.011515e-05
0.07378703 2.386683e-05
0.05406963 2.665146e-05
0.0374364 2.559123e-05
0.04595873 2.058628e-05
0.1041366 1.540345e-05
0.1122533 1.334046e-05
0.09814726 1.310823e-05
0.1064821 1.217178e-05
0.1217921 1.16539e-05
0.09847412 1.045442e-05
0.1023735 1.10504e-05
0.1047467 1.003098e-05
0.1115118 1.200782e-05
0.0663577 1.307659e-05
0.0415599 1.386147e-05
0.04073697 1.560095e-05
0.05146276 1.406967e-05
0.06850223 1.322413e-05
0.08645594 1.60956e-05
0.06614569 1.770252e-05
0.04640777 1.801824e-05
0.05943427 1.630592e-05
0.08065013 1.517594e-05
0.06662008 1.524454e-05
0.09851383 1.452744e-05
0.07847926 1.514417e-05
0.07904 1.469543e-05
0.06944091 1.39369e-05
0.08842494 1.168565e-05
0.09329959 1.313352e-05
0.09824298 1.250365e-05
0.1210712 1.171696e-05
0.1137412 1.224553e-05
0.08595206 1.347598e-05
0.08489298 1.387623e-05
0.1287155 1.643993e-05
0.146737 1.897695e-05
0.1829641 1.747947e-05
0.1939005 1.619349e-05
0.1304919 1.62389e-05
0.1585854 1.823423e-05
0.1859473 1.88801e-05
0.134874 1.728244e-05
0.1189157 1.909756e-05
0.1028872 1.975624e-05
0.1228204 1.88458e-05
0.1017657 2.094395e-05
0.1096892 1.986679e-05
0.1236864 2.287636e-05
0.1290125 2.716784e-05
0.1054925 2.333343e-05
0.09230548 2.707373e-05
0.07396946 2.406127e-05
0.08882903 2.178323e-05
0.06100164 2.163438e-05
0.05682465 2.248708e-05
0.05685598 2.362085e-05
0.05685259 2.336146e-05
0.04985825 2.654845e-05
0.03568333 2.779407e-05
0.0501353 3.185922e-05
0.02467164 3.355609e-05
0.0309017 3.652719e-05
0.03620905 3.213014e-05
0.04267822 3.346398e-05
0.03501912 3.229468e-05
0.0493304 3.283802e-05
0.06663553 3.076815e-05
0.04705461 3.967663e-05
0.05832475 4.010352e-05
0.0411544 3.716945e-05
0.03244177 3.060938e-05
0.03144094 3.384895e-05
0.03883358 3.269761e-05
0.02466327 3.237565e-05
0.03571645 3.67265e-05
0.04336006 3.585468e-05
0.05091754 3.844167e-05
0.03304946 4.07024e-05
0.02118073 3.605264e-05
0.01803857 2.990846e-05
0.01939077 2.992068e-05
0.04340998 3.473608e-05
0.0663482 3.529815e-05
0.03069922 3.121324e-05
0.009743159 2.939725e-05
0.01103257 2.966534e-05
0.01697254 2.85326e-05
0.01924876 2.838542e-05
0.02346696 2.549801e-05
0.02878361 2.649016e-05
0.0253176 2.501143e-05
0.0196761 2.160415e-05
0.008016525 2.68569e-05
0.009697719 2.913581e-05
0.01579966 3.715418e-05
0.008690656 4.063361e-05
0.005263532 4.124846e-05
0.004093343 4.177819e-05
0.005696468 3.910743e-05
0.01448756 3.959997e-05
0.02098304 3.406913e-05
0.02967816 3.407938e-05
0.02167447 3.69104e-05
0.02861787 3.468167e-05
0.03360016 3.442689e-05
0.02614534 3.392207e-05
0.03950837 3.180685e-05
0.02680175 3.427133e-05
0.008343291 3.440763e-05
0.006451743 3.295762e-05
0.01129205 3.312099e-05
0.05526701 3.800295e-05
0.0842158 3.964782e-05
0.04173375 4.18521e-05
0.03934146 4.161655e-05
0.02136431 4.33692e-05
0.01576806 3.485063e-05
0.01040761 3.958629e-05
0.00417808 4.176121e-05
0.01688594 4.691298e-05
0.01768272 4.480902e-05
0.0209582 4.545698e-05
0.01359796 3.894247e-05
0.03220339 3.619042e-05
0.03599823 3.438599e-05
