probIn varB
0.01643513 4931.908
0.02024821 4278.336
0.006203814 4037.506
0.005600475 4405.314
0.007361982 4581.877
0.00237447 4269.313
0.0005559457 4272.994
0.003404435 4493.291
0.004357754 3885.464
0.004470598 3646.33
0.0006679231 3452.342
0.003323054 4182.848
0.0001076441 4351.338
0.001490644 4152.887
0.00345677 4382.742
0.003918307 3338.829
0.004707669 3372.007
0.00700946 2890.166
0.01388639 3045.289
0.01716482 2758.159
0.01312169 2736.095
0.01663825 3275.811
0.01160345 2803.441
0.01300155 2370.073
0.0142165 2228.635
0.01305464 1954.077
0.01201036 1742.345
0.02921916 2002.165
0.05409948 2021.512
0.02482359 1949.466
0.02339183 1702.35
0.02080236 1777.414
0.01021706 1807.893
0.01376207 1725.769
0.02655404 1483.282
0.02185478 1506
0.01353678 1323.398
0.01167921 1165.052
0.01072655 1207.016
0.031814 1024.207
0.05501094 1017.017
0.05688683 995.1818
0.06144538 1079.295
0.04800175 1013.673
0.03897086 1001.908
0.03795787 982.3513
0.03177224 1026.362
0.0335776 958.8645
0.04229708 943.6174
0.03908342 894.6865
0.03592604 973.4638
0.03931107 1117.344
0.04042501 1235.832
0.03417115 1165.64
0.02929909 1103.137
0.03422178 964.2502
0.02545126 996.9764
0.02097357 1140.362
0.0201598 1066.808
0.02048128 1021.772
0.03694181 922.7583
0.04047168 917.179
0.01896617 1115.936
0.01105402 1076.546
0.03168257 1126.566
0.0158331 1220.074
0.01268432 1200.648
0.00379837 1160.196
0.005571523 1131.508
0.004028435 1045.52
0.01562503 934.2066
0.002981635 1049.577
0.01619477 1037.175
0.003875214 1136.934
0.01448615 1075.002
0.01259549 1305.78
0.01281128 1441.01
0.02053083 1305.101
0.0234621 1421.096
0.02003219 1288.601
0.005975908 951.2286
0.001845418 981.5822
0.001288123 973.3827
0.004215131 1122.374
0.00332086 1086.543
0.01021257 1278.504
0.0097722 1348.576
0.009479432 1205.337
0.01608792 926.0125
0.01598082 801.2177
0.02713234 628.2964
0.01869123 673.6534
0.02530439 706.6652
0.03983979 957.7354
0.04085602 947.282
0.03851184 808.8398
0.02520894 748.0325
0.02143177 852.1035
0.02099305 897.7126
0.01312857 967.2918
0.03443647 929.8488
0.03163041 1010.53
0.05362218 1040.486
0.03984694 1073.966
0.04256281 1025.147
0.04870075 941.564
0.03213744 890.7302
0.02024392 943.2321
0.01298889 834.8254
0.009755647 814.1166
0.00982198 761.8959
0.01264266 769.1313
0.002858389 789.708
0.002097653 731.2128
0.000212302 820.755
0.005852299 835.108
0.003419958 823.5164
0.008045696 780.0377
0.01950107 674.3833
0.008174398 675.0657
0.01255725 727.0936
0.01364614 768.849
0.0179046 690.0324
0.02830912 703.6132
0.01830409 817.8765
0.009967391 941.1888
0.01611926 956.352
0.01273235 788.2783
0.01764765 802.6346
0.008022139 988.5922
0.005783583 742.6252
0.01975475 740.0824
0.01600491 749.0289
0.02594659 801.4249
0.02376666 833.6537
0.01392756 1061.646
0.01999037 1044.139
0.01646586 1211.386
0.006359473 1041.814
0.01278612 1002.111
0.03170275 1042.807
0.01480683 1123.903
0.004418774 1239.834
0.0023061 1130.786
0.004396942 1271.774
0.005690455 1244.967
0.007315819 1242.199
0.003799432 1371.626
0.009107411 1307.77
0.006461893 1519.604
0.01173412 1500.279
0.01505222 1422.377
0.003836344 1349.77
0.001078174 1274.46
0.002398204 1274.677
0.001814934 1373.066
0.01487063 1393.511
0.01745682 1395.616
0.01598678 1684.325
0.01267755 1786.292
0.009377315 1945.22
0.005981612 1756.503
0.02115241 1931.24
0.007838077 1707.099
0.005112757 1341.547
0.007045602 1389.631
0.01094252 1246.266
0.01889405 1173.028
0.02061522 1142.337
0.01299369 1226.714
0.01117447 1358.907
0.01135899 1323.358
0.01058799 1684.721
0.002374962 1835.102
0.002654248 1647.529
0.002331981 1459.409
0.01038595 1320.03
0.00504504 1275.149
0.01556939 1116.358
0.02295013 833.4311
0.01458635 751.4163
0.01038165 651.8984
0.0160678 716.3198
0.03053235 688.0997
0.04854159 597.11
0.04061818 651.4323
0.04644223 602.7219
0.02923147 554.6074
0.03491785 496.7737
0.04294358 490.0273
0.02541117 461.7665
0.02230982 637.9193
0.01912815 588.0413
0.03438514 756.8146
0.03588882 860.7794
0.04907138 826.6691
0.07253652 774.7637
0.09775689 837.2325
0.09469461 742.7958
0.066919 866.0918
0.054782 949.7253
0.06371734 872.9048
0.05308445 854.7311
0.05432948 846.3284
0.05104116 736.5948
0.04242541 882.3604
0.04029396 786.0226
0.03422943 798.5007
0.04507066 740.1304
0.05980643 705.5008
0.06820307 741.8558
0.04432147 686.4143
0.0685825 686.4177
0.04755943 649.622
0.05326123 588.2568
0.06889322 522.0826
0.05238072 587.4032
0.0520369 627.9243
0.05205617 691.0595
0.03795174 667.946
0.02201947 660.2973
0.04282577 567.8443
0.03059124 623.255
0.02884348 701.9984
0.02369242 653.7559
0.03104918 629.7677
0.02201339 581.1932
0.02315466 505.9147
0.03715529 534.4171
0.03173615 529.688
0.03366237 532.1862
0.02161368 488.1938
0.008739166 483.2192
0.009454334 594.5553
0.003122669 637.7739
0.005568748 540.7964
0.005478513 458.833
0.01249268 364.6933
0.01069426 378.4551
0.006545962 394.1256
0.003641561 330.5138
0.01958211 342.0106
0.007569462 361.1041
0.008544625 357.1682
0.02051922 377.4829
0.03064006 405.3378
0.02769258 381.4291
0.05425148 418.1015
0.06237684 482.7608
0.07939149 586.4275
0.09484184 616.6038
0.1148714 564.4408
0.08419956 646.4755
0.05633986 714.0527
0.03872204 723.9563
0.07285339 760.548
0.04385859 777.3696
0.02924082 775.6863
0.0249768 737.6326
0.008735203 720.4651
0.008623056 652.5893
0.02987061 646.5644
0.02407702 627.2729
0.01615572 568.5884
0.008715564 624.1965
0.004354363 670.0917
0.007781484 749.3978
0.01989371 656.0235
0.0325955 676.3665
0.01552746 616.6089
0.0361551 670.4197
0.03528091 594.7339
0.0334369 631.9639
0.03345566 610.5063
0.0130242 629.1937
0.008498689 628.4987
0.0128171 492.6682
0.003379765 474.7226
0.01189873 478.3584
0.01945586 517.0405
0.01575711 581.9751
0.008262022 584.1097
0.008300748 615.9945
0.006065385 575.8597
0.006113673 504.3368
0.02350852 554.4095
0.01547983 583.697
0.00437834 604.3178
0.009073506 523.6807
0.007007925 453.4555
0.009193732 485.9784
0.01650631 527.8746
0.01784975 577.1028
0.02878008 459.0092
0.02119237 452.5027
0.0277284 506.1972
0.02183141 517.1934
0.01786183 563.2641
0.02721053 493.0051
0.04309477 415.3409
0.02641578 378.765
0.05536018 367.6213
0.04314456 413.0083
0.07169818 464.4223
0.05769932 451.6224
0.04164828 426.3205
0.03635356 437.1774
0.03711488 407.8253
0.03750941 414.6029
0.0398038 457.4895
0.0431234 419.0134
0.02729303 425.4836
0.02491924 480.4666
0.02621811 462.0515
0.02649611 483.6453
0.009709616 509.723
0.006790463 583.9816
0.009062756 713.9185
0.006922672 641.5369
0.007967196 670.2061
0.01118266 695.1659
0.0159886 697.2175
0.006497106 729.4997
0.01301757 744.7999
0.009834264 699.9212
0.006084495 653.2572
0.005093074 560.8258
0.007940298 609.0714
0.02267162 659.513
0.02835553 661.4769
0.01943332 662.2478
0.01770548 773.3635
0.004799695 688.6729
0.004059142 838.6104
0.0048159 771.3678
0.002338072 849.8995
0.004634341 756.7393
0.004609639 791.2868
0.004153972 845.416
0.01215377 752.6374
0.0202415 705.2788
0.03406618 719.301
0.06893715 996.5514
0.1078558 1046.421
0.1083817 1185.338
0.1003956 1275.118
0.1024683 1599.511
0.1021742 1399.561
0.1205539 1169.884
0.1239851 1190.832
0.1292518 1307.235
0.08608336 1415.935
0.07965829 1336.311
0.07238559 1017.035
0.05704116 893.1973
0.06072591 933.8783
0.06516614 978.1887
0.04980517 938.2827
0.0568564 808.4858
0.04442675 913.3921
0.05301719 985.1728
0.05530975 1031.728
0.05221069 1038.737
0.03176916 1172.378
0.03377585 1344.679
0.03915587 1060.969
0.03042502 874.0435
0.02437641 1036.805
0.03524747 1033.537
0.0237113 1040.512
0.01151313 993.93
0.01875136 910.6297
0.006203466 986.4829
0.00313611 938.4397
0.003864008 994.1268
0.001184719 1046.458
0.002494089 998.1267
0.008293128 913.3502
0.004052414 900.2043
0.02375033 655.7076
0.03966224 690.5695
0.02234133 736.6686
0.04082715 888.5978
0.05186782 723.4606
0.05267462 652.3827
0.01728483 562.2307
0.008680939 601.6811
0.01591911 649.4911
0.008115848 667.9721
0.005166435 729.6709
0.009961654 767.2571
0.005488886 848.786
0.004415477 1132.592
0.01040086 1423.006
0.0143197 1185.709
0.01143361 1150.144
0.01103715 1178.522
0.003801521 1139.244
0.004713897 1114.73
0.006932525 1248.798
0.0003556278 1147.143
0.003216128 1167.761
0.005812611 1478.297
0.005640578 1309.313
0.01054224 1201.117
0.002800617 850.3829
0.003260076 694.5254
0.003009357 624.6795
0.001616541 634.1394
0.005109699 559.4299
0.01479004 645.2641
0.00904278 619.188
0.01779383 604.0666
0.02504019 652.3475
0.02089551 744.9833
0.005957181 776.1501
0.01062031 783.2845
0.006450345 787.3694
0.008210705 830.4632
0.002308446 768.768
0.002732062 774.3625
0.006997019 679.1834
0.02064958 618.6314
0.02334561 664.5798
0.02080581 686.0756
0.01995717 771.7146
0.008096914 730.3222
0.01222855 817.7168
0.0008875732 973.8552
0.005656495 922.0532
0.007724852 1031.256
0.009259199 1107.37
0.027255 1168.086
0.0108323 1280.356
0.02028038 1150.314
0.02020767 1216.588
0.02586504 1103.136
0.0265024 1206.583
0.01698755 1101.146
0.01592191 989.1955
0.01627132 915.7171
0.004344712 744.74
0.007580305 784.6776
0.005458013 808.963
0.002658937 626.27
0.007883066 672.9296
0.005105843 774.6407
0.005164787 648.2849
0.003319322 733.0802
0.00811655 702.2366
0.01005193 552.1424
0.005252857 574.6186
0.0123624 636.2006
0.01496169 691.9098
0.009315986 877.5649
0.01130599 906.3067
0.006694957 910.6702
0.005941312 1051.024
0.006469599 921.1601
0.0195806 1016.296
0.01390608 1094.779
0.01428035 1190.204
0.01302815 1263.555
0.003303335 1188.163
0.0001682344 1201.088
0.002160733 1285.585
0.001846162 1338.303
0.002252778 1386.653
0.005588021 1344.391
0.008849608 1322.408
0.006402272 1509.749
0.01220773 1436.531
0.03218362 1157.417
0.01965186 1200.27
0.02335298 1442.915
0.02344613 1810.504
0.004892547 1729.737
0.00777063 1446.398
0.006700488 1246.43
0.009420138 1231.508
0.003703283 1217.506
0.001628299 1377.389
0.002898776 1273.844
0.0006417068 1297.541
0.005865859 1193.051
0.006235086 942.0234
0.007398427 1258.069
0.01227887 1320.245
0.007003354 1554.233
0.01058722 1489.66
0.007476347 1594.538
0.001421202 1710.262
0.001925446 1982.601
0.0054839 2136.178
0.01783313 2204.027
0.007958893 2294.013
0.01336997 2747.661
0.01794528 2571.239
0.01348317 2381.684
0.01814399 2670.998
0.01104482 2720.474
0.003893596 2610.88
0.005469319 2457.497
0.002022737 2528.646
0.006846432 2444.266
0.0189517 2506.499
0.02679318 2294.817
0.02313443 2576.758
0.03381614 2393.276
0.02701127 2091.647
0.006503185 1829.355
0.003612108 1439.005
0.0110362 1280.963
0.006535547 1258.901
0.01331609 1222.48
0.009941084 1088.689
0.01295013 1125.604
0.02995621 1249.75
0.02611546 1292.139
0.03116982 1313.047
0.02121995 1233.358
0.013161 1170.651
0.0007781901 1189.491
0.007077232 1176.192
0.006696149 1333.515
0.005076776 1327.764
0.001960232 1123.166
0.009273187 1021.809
0.005617666 1031.383
0.01141428 1065.792
0.01631044 1165.033
0.01436463 1126.443
0.009912622 1216.772
0.003727412 1140.537
0.0007325267 900.5148
0.003917173 869.6282
0.01572242 1015.4
0.01855442 1061.14
0.03343738 1203.834
0.02800373 1493.832
0.01468924 1591.496
0.03824473 1441.217
0.04344862 1508.674
0.05205353 1363.809
0.03871761 1697.44
0.04150169 1848.93
0.02657429 1520.134
0.01774326 1682.841
0.01135989 1591.292
0.009226389 1682.999
0.01122002 1869.998
0.02017481 1549.516
0.01955632 1427.026
0.01898553 1346.354
0.01044277 1181.988
0.01981394 1231.033
0.02784819 1389.836
0.04332315 1236.301
0.05218764 1043.352
0.0489789 945.1598
0.04503904 1162.787
0.05477707 1070.219
0.05779644 868.8863
0.01823245 1039.568
0.02521543 903.447
0.03775655 845.3034
0.04018246 823.7275
0.03207239 868.5555
0.03729864 780.4881
0.02242416 715.053
0.02235748 767.7661
0.01801345 807.0173
0.00970196 839.197
0.003566126 737.3602
0.0040762 796.5383
0.00468377 810.432
0.01086214 850.0042
0.01275453 901.8798
0.007821215 833.1515
0.008329465 814.2172
0.009182312 780.2717
0.02112301 880.6726
0.02490451 957.7535
0.02912534 886.2519
0.03437174 923.4749
0.01601333 980.3281
0.01901434 841.8315
0.01658634 968.943
0.01745687 912.5601
0.009398791 764.4714
0.01529514 766.0929
0.02075578 732.6563
0.01239351 779.5802
0.02047365 716.6036
0.01435693 889.783
0.0181646 980.3975
0.02301085 1008.399
0.02449346 1053.363
0.02438756 1074.347
0.009496013 744.4253
0.01031857 757.3098
0.0272449 733.2014
0.01415578 734.9168
0.008471095 621.061
0.01276225 568.0317
0.01321994 545.7105
0.00989132 539.678
0.002389126 655.4119
0.01063854 685.0267
0.00615875 703.4483
0.004009799 763.1728
0.0003521799 755.515
0.0009375143 634.5867
0.003240425 613.4942
0.0006676125 588.8775
0.01650501 644.7989
0.0139337 583.1802
0.00815706 554.9702
0.004324426 621.8174
0.01298357 650.3792
0.02841311 632.8887
0.0396689 652.25
0.01866798 573.6797
0.02653158 596.1005
0.01107271 563.1742
0.01697698 510.2861
0.006846286 559.1273
0.0006486993 556.596
0.00320213 603.5463
0.01279156 534.9377
0.008171002 549.8578
0.002441025 674.0327
0.01557246 753.0857
0.01335476 765.748
0.02415637 719.7058
0.02258656 732.7611
0.03103045 668.2226
0.04271845 716.5594
0.02082413 677.0173
0.03275663 682.9735
0.03579203 678.1214
0.02921691 770.9411
0.023356 756.379
0.01785095 769.158
0.006689477 718.4977
0.002379968 727.4907
0.0061265 766.5655
0.00615939 724.0609
0.005461877 805.7443
0.02145226 1036.206
0.02811216 1006.524
0.01194551 1139.185
0.005584025 1319.507
0.006548357 1143.624
0.0123022 1079.523
0.01109247 964.7967
0.004900605 974.5556
0.005562848 944.579
0.01334569 1173.333
0.01432093 1259.291
0.01277175 1300.192
0.009516617 1563.127
0.02084936 2055.245
0.02020082 1982.037
0.02895372 2274.036
0.02868234 1864.283
0.04716729 2051.233
0.02746653 1793.413
0.01995499 1610.057
0.01348224 1765.148
0.005548254 2005.838
0.002734107 1948
0.003353345 1901.503
0.0005186252 1674.224
0.001395736 1260.278
0.001632012 1305.855
0.0036054 1421.306
0.005303121 1325.869
0.005139941 1120.904
0.008684378 1281.41
0.00853881 1213.4
0.005923894 1105.942
0.001417872 1223.721
0.009199628 1315.475
0.003108407 1248.343
0.001630718 1271.893
0.003409114 1313.384
0.02055279 1284.56
0.02014705 1241.441
0.03176212 918.4113
0.02237168 824.9594
0.01679241 999.2439
0.01973792 1097.986
0.008675721 783.095
0.01028099 818.878
0.03403899 845.4796
0.04310324 702.7835
0.04181611 702.311
0.003467238 722.0176
0.004303817 740.3997
0.001042095 779.7309
0.01021554 758.702
0.007316702 730.4006
0.01126232 643.7657
0.01548254 652.6983
0.00344443 660.6113
0.0002899724 652.4321
0.004855601 716.4058
0.008455174 706.9379
0.008158498 758.4985
0.01726648 745.968
0.009133808 672.6388
0.02604872 773.6019
0.03373355 753.6951
0.02636918 729.9843
0.03447087 715.9375
0.018393 741.3944
0.008633009 653.1711
0.002888365 718.8583
0.006759929 789.6913
0.005369288 748.1369
0.00585783 761.7732
0.005034987 784.6263
0.01469915 759.2398
0.01135653 842.4745
0.0153722 732.5735
0.02860568 687.9681
0.01638719 682.4731
0.01934722 573.8017
0.02331388 525.9396
0.03638699 501.0051
0.06488645 492.551
0.09776178 489.0849
0.07952801 582.1844
0.08689011 660.4688
0.0950168 642.3044
0.06849664 571.5095
0.08664642 653.5591
0.1012835 678.6082
0.08843282 740.0363
0.1072704 812.4116
0.1423914 909.2614
0.1519921 896.4243
0.1136757 754.4357
0.1094791 732.6156
0.0686521 720.604
0.06207984 813.9124
0.08300215 861.0735
0.07706098 769.14
0.06519241 730.2555
0.05514312 851.9909
0.03542627 790.6726
0.04225878 769.7017
0.03166862 593.6279
0.02230588 627.4062
0.00832367 712.8667
0.006569984 873.3652
0.009145602 967.362
0.003018786 1291.843
0.005743404 1140.534
0.006300373 1069.415
0.01835019 758.091
0.01849107 847.356
0.01038792 1132.769
0.02438984 967.8826
0.02811473 889.3504
0.03129257 927.714
0.04067792 916.5528
0.02382171 779.6548
0.03388353 865.591
0.04855675 847.5493
0.03867606 705.9879
0.01391765 554.0449
0.01572694 513.5923
0.02612723 569.6643
0.04515987 586.7707
0.02980685 498.7638
0.06793899 483.0877
0.08428233 491.7313
0.07165398 507.5419
0.08016555 543.7275
0.0681489 609.4968
0.07763129 711.548
0.06643794 765.9951
0.02522291 908.6182
0.02196885 908.0612
0.01395596 806.4802
0.02303062 907.1784
0.03986066 930.4381
0.05939403 791.107
0.09851546 801.7556
0.09220109 825.5329
0.08990161 1010.748
0.1034776 993.1743
0.07340213 987.3168
0.09201018 975.2879
0.07912708 937.1345
0.07079522 892.6546
0.07381571 989.3614
0.05382107 1023.709
0.02676363 849.4114
0.01994267 865.7266
0.008456898 755.1686
0.002385504 811.8066
0.003311151 915.9832
0.005980652 799.8394
0.005157236 774.2309
0.01190354 685.0777
0.03241652 861.0387
0.04549392 784.4524
0.03502389 731.6586
0.02752567 727.7157
0.01155242 892.8896
0.0007130824 954.7673
0.005499237 958.3585
0.004986801 1005.852
0.004809179 976.6213
0.003408227 998.5231
0.006929244 1189.489
0.0158683 1038.435
0.004906382 1068.3
0.004239644 1113.871
0.000858081 1508.5
0.0002727969 1448.694
0.003043516 1620.996
0.00196017 1749.605
0.01694277 1620
0.02953826 1638.69
0.01632714 1510.447
0.01937632 1570.792
0.01673513 1454.685
0.01987157 1373.711
0.01308411 1416.997
0.006778327 1156.825
0.004994462 1116.689
0.01491156 1197.48
0.01043373 1152.51
0.01968112 1193.999
0.02241186 1270.73
0.02195124 1186.986
0.02920647 1003.644
0.03062123 1131.469
0.04520795 1212.092
0.0481114 1175.567
0.03283515 1120.702
0.0479133 1025.978
0.05014439 1022.021
0.0646425 1041.16
0.08231038 979.9917
0.04793388 908.8791
0.0424895 960.462
0.02337339 1063.846
0.02605403 992.2923
0.02051481 1027.159
0.01126558 982.3015
0.005872893 945.7687
0.004365377 1023.309
0.008342099 1035.425
0.01038276 1001.087
0.009982247 825.5175
0.01797602 946.4775
0.008294682 1152.322
0.01834027 1013.764
0.02391555 1083.598
0.01551564 1185.943
0.01283959 1184.389
0.004645259 1284.06
0.01002992 1226.808
0.02549655 1224.553
0.02916567 1272.561
0.01889883 1250.97
0.03593436 1271.689
0.01188545 1371.489
0.01134986 1244.388
0.01273346 1108.906
0.01205643 1354.86
0.01172573 1157.865
0.005679706 985.5738
0.002207841 810.3059
0.004536092 848.2088
0.01581042 799.2281
0.008664259 696.2569
0.006624582 691.833
0.01688069 739.4113
0.01479612 770.7794
0.01124348 767.84
0.00963366 779.0567
0.03366344 779.5184
0.04737096 747.373
0.02843213 739.5054
0.03184685 1000.04
0.006368761 945.6742
0.008432155 1110.027
0.01659075 1286.452
0.02385091 1241.963
0.01756183 1349.937
0.02017865 1549.87
0.03130404 1528.14
0.02226244 1449.473
0.02778195 1201.292
0.01510132 1266.143
0.005418349 1144.816
0.006327753 998.4703
0.0004668391 1135.883
0.007997255 981.0738
0.008894601 1029.28
0.00364267 1050.122
0.004615623 1075.436
0.005206304 1008.351
0.01653706 879.6512
0.02218967 972.6546
0.01630052 875.3667
0.006027934 841.4028
0.01076084 909.3258
0.009929107 992.9373
0.01649367 849.1653
0.01012001 889.2709
0.005648576 1018.116
0.01429366 995.829
0.02615573 767.812
0.02850163 731.4096
0.02705334 758.8992
0.04454717 769.9697
0.03380088 783.6317
0.03294685 903.2633
0.04238632 808.5136
0.06156693 913.9739
0.05572109 876.9492
0.03669141 912.3638
0.04556406 878.2767
0.03469427 826.1974
0.03552969 752.2391
0.03943618 919.4357
0.03965649 888.0933
0.04962063 974.5987
0.02627375 928.2291
0.0315211 1041.996
0.04034802 920.1313
0.02250099 830.192
0.01484159 810.9903
0.02750623 908.5249
0.02999771 1008.897
0.0316925 818.2889
0.02126677 932.228
0.03886596 815.1036
0.03797109 1034.709
0.05868083 1094.463
0.04743277 1067.654
0.03332858 1213.913
0.0205212 1451.931
0.00642096 1710.473
0.01247095 1613.776
0.004835135 1340.524
0.004365978 1443.503
0.004918006 1412.455
0.00294393 1317.951
0.001074042 1278.29
0.01008049 1092.016
0.001914236 1098.168
0.0009379023 1201.535
0.004936031 1170.751
0.02262234 1074.336
0.00888773 1108.207
0.008975507 1293.236
0.004606426 1225.794
0.002628071 1134.856
0.002980815 945.4757
0.006282593 970.9941
0.003298579 932.5919
0.009960435 813.8684
0.005527731 839.2832
0.002744142 874.3798
0.004026096 918.5249
0.006830816 876.2513
0.003962491 765.205
0.004502684 813.1758
0.01974751 962.0166
0.001646472 964.4048
0.01988032 852.1155
0.01554474 941.8312
0.005327529 938.0563
0.007778789 752.1777
0.008097621 617.5458
0.007454943 696.9778
0.004859624 698.3289
0.005572118 678.4325
0.01811992 729.3718
0.01334659 715.7965
0.02329658 634.2291
0.02380857 603.646
0.04534293 753.3888
0.05490975 968.8723
0.06305847 918.7467
0.03692396 913.9674
0.04333301 901.1395
0.05736896 914.7047
0.03790373 846.4005
0.03916218 857.7077
0.05466313 1008.525
0.06311705 935.2321
0.06924339 898.9575
0.06561684 849.5749
0.04229829 863.6508
0.02002916 937.1714
0.01944738 768.913
0.01159538 672.6606
0.01147708 617.733
0.007755964 592.1989
0.01522285 524.1029
0.01549896 583.1226
0.02299902 570.3014
0.02106157 658.3828
0.04195466 727.3622
0.04535455 789.7611
0.04865919 769.3696
0.03907611 789.6003
0.06061734 684.8929
0.0431691 625.9135
0.03562712 711.0986
0.04307929 681.6755
0.03801523 613.0202
0.02106272 628.4571
0.02256338 591.8162
0.01232588 510.1832
0.02744707 629.9475
0.02655401 640.1833
0.02623644 603.6115
0.01126969 626.7536
0.03698647 625.1254
0.02585096 634.3557
0.01896073 657.3666
0.002876253 683.8831
0.009871908 568.1491
0.0005534016 582.2096
0.003457869 625.3017
4.106293e-05 615.3068
0.004091117 715.9935
0.01595451 747.617
0.01509476 653.4305
0.01098475 593.0537
0.00958321 734.9788
0.009429112 838.4681
0.01144342 881.2494
0.01862712 886.8178
0.02033655 833.3708
0.02396925 834.763
0.002652144 828.7756
0.00125494 893.2713
0.009010267 952.7379
0.02188741 816.8775
0.01954352 835.6111
0.01726371 744.5835
0.02570284 687.3215
0.01469571 660.3205
0.01636477 644.3498
0.01410456 662.8425
0.006253355 594.6045
0.004874677 644.237
0.004618821 630.4843
0.007641435 636.762
0.0114405 688.5965
0.008866951 639.4013
0.00280337 635.2198
0.002695517 717.0316
0.003390788 695.7127
0.02167202 807.2651
0.01883557 971.8635
0.01003303 1060.384
0.01327869 972.8157
0.02791177 1033.331
0.02493607 1176.015
0.04850699 1167.019
0.05147357 1188.362
0.03449583 1245.194
0.03649622 1149.287
0.02276033 1324.574
0.02602605 1359.368
0.01555729 1516.656
0.01229608 1713.15
0.0179773 1622.472
0.0107816 1813.193
0.01076931 1862.668
0.01270949 2163.384
0.04437415 1845.287
0.04640572 1540.518
0.0386685 1405.376
0.05707662 1437.275
0.02900553 1836.25
0.03395488 1667.864
0.02505823 1402.113
0.02064199 1084.998
0.03265924 932.259
0.05619813 1097.676
0.06694989 1023.313
0.08506039 992.2416
0.06743889 957.4738
0.0457223 943.8619
0.0357027 1031.991
0.03743781 913.0345
0.04284917 906.243
0.05379583 918.0056
0.0547041 969.3875
0.04220296 817.366
0.03269455 820.1706
0.0805936 626.8358
0.05258398 624.2025
0.07557321 683.2729
0.05056592 631.7448
0.06171744 680.5237
0.03404492 590.4548
0.0537826 644.1285
0.0450369 779.8744
0.04581835 891.8692
0.01855967 1015.706
0.0244928 859.564
0.02250896 804.0409
0.02944309 871.8716
0.01036188 857.2306
0.003309635 716.3414
0.01163802 594.4427
0.01193033 593.2397
0.007431097 569.8566
0.01415575 468.4541
0.009853907 425.5551
0.008218487 376.674
0.007623749 362.119
0.004503043 373.4275
0.003554932 378.5581
0.006530606 394.0681
0.009085329 428.4793
0.01401061 504.9964
0.02161068 542.8115
0.02316767 700.3051
0.03694682 638.8548
0.05694642 641.769
0.06535497 640.5705
0.08443974 604.7097
0.104047 678.5596
0.05577664 788.8684
0.0258128 660.3885
0.03820435 682.5639
0.04117682 781.6425
0.03788661 888.9116
0.0343499 943.4388
0.01626334 999.0716
0.01426172 954.8484
0.01550446 810.6007
0.009048954 902.9318
0.006768356 997.109
0.003648899 898.6041
0.0153852 894.5249
0.01319332 1006.166
0.01195745 1017.482
0.01922032 900.8817
0.02376435 1040.894
0.01410382 1217.955
0.01085645 1360.587
0.008757011 1268.056
0.01130444 1443.087
0.001066886 1438.172
0.002710518 1334.139
0.003844831 1204.792
0.001481694 1013.386
0.0030272 1140.479
0.002478256 961.2136
0.004768063 1014.334
0.005504497 1067.385
0.00840622 1060.169
0.003703601 1081.777
0.01884916 1189.925
0.01862635 1055.333
0.005744834 1187.267
0.002842717 1123.482
0.005482149 1026.074
0.01263626 1019.944
0.02189078 989.2889
0.01574444 906.4291
0.02948248 1129.355
0.02514141 1245.035
0.02503812 1182.427
0.03427896 1180.844
0.04139551 1119.592
0.04236226 1059.835
0.04007354 1027.811
0.01497707 1005.557
0.01041649 914.4536
0.01247368 1033.251
0.00887466 1187.477
0.003080329 1142.465
0.01292624 1294.674
0.009772234 1099.297
0.01030678 1054.704
0.01408743 1113.047
0.005404979 1150.395
0.02257676 1069.108
0.01641153 1150.798
0.03026471 1229.628
0.02878113 1014.479
0.03491695 1024.273
0.01211617 980.5239
0.01283259 1022.752
0.01507451 1020.608
0.002118863 888.0217
0.00224175 1066.334
0.008770356 1213.353
0.005683898 1247.824
0.02379069 1317.925
0.01884139 1657.239
0.01412869 1922.415
0.01434482 1937.405
0.008812636 2486.808
0.01011535 3124.948
0.006229687 3032.595
0.00613948 3089.534
0.004450939 3156.076
0.005209787 3312.933
0.003935757 3702.333
0.01236601 3856.774
0.001203191 4065.95
0.001426417 4481.763
0.0005426618 4242.121
0.003513668 4793.399
0.004128043 4480.639
0.002458828 4204.212
0.002458737 4664.366
0.002245274 4551.711
0.003670839 4311.834
0.00332098 5052.206
0.004532901 4092.852
0.007013294 3681.627
0.00701682 3721.794
0.003516012 3978.034
0.001735762 4612.735
0.0003236143 3368.547
0.001003564 3198.315
0.007290195 3564.674
0.005057227 3449.255
0.0005566057 3795.32
0.008276363 3901.178
0.01925468 3977.409
0.001499858 3961.191
0.002270813 4070.483
0.004737694 4474.463
0.009863305 4690.38
0.004067744 5758.448
0.004103933 5226.448
0.003344709 5632.642
0.001603775 5700.125
0.00132236 6562.607
0.001438779 6796.231
0.001165436 6745.703
0.001369149 7110.954
0.003737581 7814.58
0.001724648 7473.163
0.001611814 6079.887
0.001358062 4868.76
0.002322397 4436.705
0.002929213 4573.747
0.0008393227 4498.953
0.004629209 4952.89
0.00399148 4530.746
0.001229033 4931.129
0.002050438 4677.777
0.003878573 4132.673
0.003741566 3632.038
0.00264621 4171.73
0.008157449 4063.173
0.01570465 4009.06
0.008717367 4587.996
0.0118712 5028.129
0.008197506 4432.305
0.005954692 3814.719
0.01924057 3619.301
0.01380664 4203.11
0.01156173 4302.904
0.008075009 4294.08
0.008338447 4050.624
0.01540318 4051.605
0.01866353 4439.729
0.01673506 4299.962
0.02034907 3986.67
0.02867927 3482.916
0.01720667 3994.465
0.01673363 3766.022
0.007304663 3960.847
0.003605085 4262.096
0.004176285 3845.383
0.0006764088 3145.547
0.001776481 2996.543
0.001080822 2820.461
0.002451445 2435.935
0.006053072 2059.217
0.01654571 2114.354
0.006719838 2125.449
0.008636264 2020.478
0.008980445 1864.657
0.009746687 1949.381
0.01753241 1887.476
0.005813555 1805.263
0.002544214 2086.196
0.004254406 2404.351
0.0052304 2358.84
0.009348939 2160.698
0.01338431 2540.58
0.009335222 2506.81
0.01152302 2884.075
0.01400282 2909.472
0.01081351 2721.293
0.0004822043 2843.013
0.001480588 3257.857
0.0007059864 3017.406
0.003535496 2619.854
0.005976093 2322.626
0.001558866 2759.946
0.0009909127 2320.889
0.002969149 2057.824
0.003204553 2310.197
0.006542701 2229.228
0.007648285 2418.527
0.004306474 2794.51
0.0006554472 3045.744
0.002299972 2606.629
0.008804284 3039.409
0.009562543 3107.518
0.01239204 3309.953
0.008010074 2868.61
0.004214954 3102.907
0.009616899 2976.228
0.01206479 2384.442
0.02638303 2798.409
0.02741404 2784.677
0.02322669 3092.442
0.01607819 2706.995
0.004311055 2519.276
0.006052404 2753.676
0.003417265 2787.209
0.004996957 3125.797
0.0006100039 3200.192
0.00483292 3551.895
0.003414904 3493.881
0.002622808 3575.916
0.002440456 3508.905
0.003498204 3431.849
0.003424761 2685.113
0.001433513 2254.821
0.002224394 2664.449
0.003351273 2276.521
0.009254284 1932.223
0.002098799 1904.169
0.0003161046 2095.922
0.007825014 2321.745
0.009197669 2032.088
0.0133196 2163.586
0.01583531 1968.948
0.005366988 2030.508
0.002006223 1814.805
0.009547734 2109.502
0.00834809 2546.48
0.00931166 2756.654
0.01686959 2645.639
0.02575093 2627.344
0.02409713 2867.616
0.02450172 2753.406
0.02286347 2775.682
0.01297814 2874.192
0.00848967 2627.297
0.01887392 2194.807
0.01724137 2154.306
0.01243372 2138.226
0.007134003 2563.376
0.004189964 2449.78
0.004876364 2131.854
0.0008959785 2467.437
8.491513e-05 2595.449
0.003535075 2381.268
0.009879931 2190.332
0.01017088 2288.537
0.01395828 2416.259
0.01344894 2006.077
0.0001880905 2149.611
0.002817418 2133.149
0.006792359 2487.912
0.001033198 2738.468
0.001019261 2856.567
0.005661646 2593.394
0.0009485229 3025.808
0.002872001 2979.463
0.000732024 2504.165
0.001335612 2232.63
0.003971184 2617.307
0.001135681 2536.723
0.0124626 2551.33
0.002865143 2343.321
0.01520655 2599.572
9.84413e-05 2666.993
0.004450295 2144.06
0.007688029 2182.189
0.005443437 2135.732
0.007749303 2208.862
0.001242269 2113.73
0.003026214 2573.596
0.003876932 2636.941
0.0005185219 2959.676
0.00961642 2647.739
0.02117663 2589.583
0.01936765 1965.885
0.01516788 1656.649
0.01500969 1477.198
0.01080936 1731.826
0.005606267 1518.694
0.002800452 1740.048
0.008445782 1601.177
0.01147298 1713.658
0.005798549 1777.823
0.006770708 1867.928
0.0109268 1861.725
0.006076692 1751.791
0.004524721 2052.26
0.003327412 2205.527
0.003432484 2286.797
0.008861626 2454.289
0.002195612 2337.89
0.00270778 2007.148
0.01574906 1903.851
0.01858367 1678.179
0.01624506 1210.328
0.01313114 1254.856
0.01733428 1044.228
0.02317316 1074.885
0.02607007 1083.169
0.02198872 1079.996
0.02057478 983.6889
0.02266989 831.9676
0.01737065 785.1281
0.01467309 684.3363
0.02038927 692.3407
0.005017376 749.6473
0.002166619 623.4067
0.003611154 547.433
0.005030957 553.0181
0.002624465 545.5707
0.004793192 591.3915
0.006670977 497.5776
0.01017401 455.5536
0.01146869 436.6721
0.02251623 448.2724
0.01938338 537.3368
0.02020364 574.3249
0.01983911 645.2468
0.02032326 586.7238
0.01526683 523.8223
0.01050393 501.2096
0.009795469 570.1721
0.007962715 646.6739
0.001729592 655.0446
0.007346182 751.7987
0.00361688 793.2544
0.002841867 829.516
0.02557077 723.7722
0.0290772 754.2404
0.06663136 689.2109
0.07117312 705.7962
0.07722908 720.3908
0.04971836 715.8739
0.05829054 781.2891
0.06560255 833.7774
0.04750923 835.6916
0.03039083 967.5131
0.02077384 870.6725
0.02106877 805.1552
0.02054639 811.0708
0.01628036 713.2959
0.01561975 586.4961
0.01385602 540.4554
0.01303082 520.444
0.014956 507.6299
0.02049532 512.1933
0.01052446 601.8223
0.005976894 653.2552
0.006569775 717.4111
0.004065577 613.177
0.0003262463 575.6781
0.0008192461 601.7546
0.0150441 639.5088
0.01585059 598.1426
0.01753346 700.8162
0.03536157 743.6284
0.03266264 810.9693
0.03044985 730.7564
0.01501155 845.3991
0.00444658 799.9157
0.005872394 719.6496
0.008391972 700.2913
0.0151568 787.2221
0.01671104 795.6536
0.002141616 962.1967
0.004891751 1144.435
0.009222447 1165.8
0.009132472 965.0486
0.01057318 980.1882
0.01802631 918.9711
0.02461586 837.72
0.03228795 878.7648
0.03019019 842.5423
0.01538192 762.2914
0.01517523 725.455
0.05047799 786.4352
0.03922872 664.9033
0.0322368 585.9831
0.04088194 569.9545
0.03038873 532.6965
0.0264525 683.8647
0.02686265 726.7817
0.04083082 711.2023
0.01075728 790.4506
0.01915314 839.2108
0.04232359 882.2781
0.06520222 852.7694
0.04578476 800.5785
0.04064053 955.3554
0.03929988 939.9836
0.03040855 856.7848
0.0370638 872.3039
0.02165523 985.5408
0.03267594 1193.72
0.01853194 1190.002
0.02924276 1285.24
0.0324401 1061.746
0.02955633 1021.089
0.02653019 1079.938
0.0227948 1056.972
0.01907612 988.9237
0.007831164 900.0544
0.01692969 912.8876
0.02798879 1032.292
0.03323339 1030.922
0.04304692 1208.948
0.02821173 1390.159
0.02662664 1211.558
0.0259073 1250.642
0.03109421 1209.481
0.0295235 1188.665
0.04106328 1298.371
0.02018248 1115.182
0.01532634 963.0542
0.007583318 967.0638
0.003337155 902.0915
0.002177604 955.9912
0.003942919 1068.487
0.01054047 1249.787
0.008623127 1302.196
0.001467932 1343.52
0.003689142 1451.155
0.0004146535 1497.074
0.004817546 1480.895
0.002085247 1326.31
0.01406245 1255.745
0.002685702 1037.939
0.008741629 1092.053
0.008001287 1065.596
0.007722967 1055.746
0.001398976 912.8535
0.002271284 1089.83
0.01078916 1143.987
0.007467393 1055.656
0.008454266 1008.086
0.01754271 1063.724
0.01630084 1032.187
0.02394511 994.2163
0.01440286 807.1199
0.01019037 763.4196
0.01364437 729.5661
0.02233291 733.531
0.01211892 757.3785
0.002552393 745.2854
0.004013502 671.9829
0.01044487 559.7997
0.004432979 598.827
0.002054425 548.0241
0.003185411 603.5535
0.004171487 798.9243
0.01146569 763.7676
0.001087965 705.3077
0.008370349 754.4753
0.01206639 677.4545
0.007856689 639.4919
0.004906835 743.5072
0.003892702 702.3793
0.001563498 653.7571
0.005323697 609.0966
0.0103109 598.6274
0.06323143 713.1571
0.03023287 686.4473
0.01264577 742.7568
0.03621127 884.8777
0.0309262 827.4869
0.005287272 657.8085
0.005153034 737.353
0.00860158 742.5474
0.004993209 808.1758
0.004424309 866.4347
0.008233193 772.4127
0.01351226 775.3512
0.01924299 784.921
0.009777244 661.3295
0.009326861 643.3867
0.02072532 696.4558
0.02507359 755.8989
0.02462204 781.8544
0.02544933 858.4691
0.04050414 761.6086
0.05138777 733.099
0.0340661 764.2578
0.01089938 800.7314
0.0127086 844.7893
0.02094159 726.5664
0.02970448 724.4214
0.02266951 824.6407
0.01666154 750.216
0.01991376 931.8405
0.002410404 1042.225
0.004133179 929.8826
0.003852674 1166.259
0.01673224 1155.015
0.01869848 1109.104
0.01633805 971.5618
0.01282236 1017.74
0.02671606 1053.817
0.02146568 1104.732
0.02885275 1037.572
0.01926161 969.361
0.02000745 894.369
0.007542414 874.7808
0.00563424 947.6418
0.002927123 1124.74
0.007238021 1184.05
0.002511215 1109.28
0.003544571 1163.206
0.003003339 1127.145
0.01336065 1058.148
0.01180707 1079.022
0.02146577 1102.872
0.01300495 1098.201
0.0219836 965.9768
0.005774065 1031.555
0.001817813 1237.784
0.01252905 1385.951
0.01062539 1515.022
0.004951674 1430.705
0.006628678 1480.895
0.004771802 1486.964
0.002826777 1485.14
0.002925464 1811.913
0.003911968 1749.606
0.00206769 1787.417
0.002242164 1555.614
0.005649346 1471.902
0.007272861 1451.757
0.01926134 1355.639
0.01238351 1383.177
0.01142511 1414.098
0.01975879 1283.646
0.02539425 1493.027
0.02110574 1459.909
0.01602833 1631.815
0.006749265 1625.57
0.001599131 1473.326
0.0008931967 1488.11
0.0008058085 1654.673
0.004336981 1604.926
0.001797026 1604.719
0.006063785 1627.507
0.01009252 1549.742
0.02260777 1454.45
0.02767251 1124.614
0.02309531 1176.948
0.02395216 1202.703
0.01521615 1227.082
0.003463075 1166.848
0.001325319 1160.816
0.006945626 1122.839
0.003552809 1272.104
0.005775636 1220.778
0.01666392 1351.267
0.01990361 1280.638
0.02067401 1275.554
0.01097413 1198.174
0.03706141 1063.751
0.03339401 994.4216
0.04147737 954.0776
0.03961254 814.983
0.02878224 659.899
0.02959392 668.1204
0.03225485 769.5982
0.02098451 816.8787
0.01233971 687.4211
0.005464611 669.8601
0.007977061 776.7806
0.009731799 682.1279
0.008927488 633.1972
0.00644587 721.6881
0.003420901 690.1429
0.01690411 639.2328
0.009918608 733.869
0.01197617 687.4336
0.006016475 677.7802
0.004473472 516.1552
0.001598353 532.7299
0.004286758 518.8314
0.01163289 467.3409
0.01443119 534.5284
0.01858092 621.6993
0.0134545 715.7084
0.01277443 539.5968
0.004304679 595.844
0.01893961 548.4914
0.0140835 551.5914
0.01002782 416.1715
0.02586375 373.0299
0.03139025 417.3077
0.03342079 431.9821
0.03650282 414.1057
0.04845076 485.3063
0.02766967 507.0909
0.0291827 544.0131
0.03564516 634.7364
0.04992508 533.848
0.03510556 504.6204
0.02215576 478.2081
0.0251037 391.0174
0.03445944 457.8776
0.02499886 464.8232
0.01866033 527.5234
0.03099413 471.6509
0.03011229 436.2134
0.04335272 463.8375
0.04361841 460.4132
0.0441912 492.6014
0.02376625 610.5848
0.03339217 618.3047
0.03189068 659.3145
0.01235024 691.6996
0.006929816 664.5423
0.0003352158 623.6029
0.006423651 528.1578
0.01044821 598.1342
0.006970762 541.7372
0.004512087 474.2933
0.004987111 481.833
0.00110246 526.6035
0.003848509 661.7665
0.01092401 724.5161
0.02836256 708.2453
0.03204339 641.5258
0.03331909 731.6524
0.04878611 743.9379
0.0318703 776.4759
0.06218847 824.6945
0.05718737 644.2119
0.05741364 564.8295
0.06584508 620.1235
0.04073997 666.3191
0.03840433 586.511
0.05456666 641.694
0.0469842 620.9959
0.07533968 738.9455
0.05883317 874.5431
0.04227687 839.9277
0.0403311 878.8513
0.03664357 840.6808
0.02909053 806.853
0.02258893 913.9124
0.02435729 884.6346
0.01704158 769.0559
0.01547108 821.4836
0.02714192 692.6162
0.02564045 787.7863
0.005983586 955.0867
0.01084943 942.1876
0.009370084 1008.529
0.01631645 978.9865
0.01345586 753.3095
0.007043103 719.0464
0.0103874 652.0974
0.003473106 642.2182
0.001687396 656.2309
0.006080793 617.6903
0.01437992 578.637
0.01413718 640.2252
0.01423145 651.9553
0.01130499 659.4218
0.01319994 706.2987
0.01290076 823.7687
0.02327062 966.2114
0.0233783 735.5879
0.01281184 688.2948
0.02981209 753.4321
0.01760549 728.9149
0.007952866 834.9482
0.01946735 752.4408
0.02279073 783.0701
0.02622112 815.8906
0.01489639 951.3436
0.006319414 1040.097
0.02394348 997.4053
0.03713 906.5615
0.0149432 844.169
0.003398679 805.7374
0.003276736 794.2546
0.01399532 742.9932
0.02318981 743.4458
0.01004024 851.7483
0.01970345 801.5953
0.004252312 917.862
0.007355677 880.3245
0.01187996 961.7197
0.01008297 1133.704
0.0009055108 1059.32
0.006170582 1077.229
0.004373958 1037.019
0.008810876 1046.266
0.009665961 1068.884
0.01756769 1014.248
0.01459928 963.1423
0.004514481 1257.454
0.0107972 1192.858
0.0157463 1100.878
0.004812297 1107.818
0.003088936 1073.713
0.01926213 1219.453
0.02333781 1109.73
0.02886476 902.9679
0.0224194 861.1329
0.0290235 753.3589
0.02492246 778.7038
0.03662086 679.3853
0.01305729 882.5039
0.008027544 902.0414
0.004203795 950.248
0.004133457 950.8101
0.00253328 1150.188
0.003373183 957.4376
0.003409533 1100.189
0.01621481 1227.95
0.03181547 1286.451
0.008915559 1423.596
0.007358623 1274.51
0.01252382 1390.871
0.007136435 1113.445
0.00621926 1179.649
0.004087374 1307.885
0.008360774 1133.655
0.00819251 1297.959
0.01121533 1189.033
0.03679111 1251.913
0.02925084 1091.131
0.007148706 1159.332
0.004449681 1135.265
0.0032333 1060.867
0.001906532 1017.063
0.009444782 871.2795
0.008023739 835.7466
0.01004804 603.5485
0.01070472 574.6689
0.01642568 582.0516
0.03821274 577.9329
0.0603993 687.7497
0.07375382 746.5543
0.06094545 812.3481
0.04646607 679.4392
0.03445453 675.6224
0.01924778 637.3681
0.01629078 641.9823
0.01019678 571.3198
0.002026673 675.5105
0.003481142 650.4186
0.003004345 680.0091
0.008550386 706.2294
0.0004819111 705.994
0.007071514 691.8328
0.001735746 746.594
0.008342724 768.9794
0.001217573 731.9667
0.005352004 692.8916
0.001687299 715.1958
0.003376121 833.0252
0.01323259 795.1563
0.01575945 797.4195
0.03470102 750.0774
0.03645815 712.8246
0.03104532 817.8023
0.03117706 718.0927
0.01982542 786.4316
0.01203075 877.2018
0.02071639 929.0807
0.00592016 937.3353
0.0138762 828.5061
0.002336966 816.2438
0.002736143 998.7224
0.007258036 1013.593
0.01274777 1026.435
0.02808411 1218.111
0.01422653 1136.443
0.0284178 979.1745
0.01468902 1002.521
0.01743439 999.8602
0.008319059 977.8153
0.01826046 973.4011
0.02845117 1136.37
0.03506397 1017.899
0.03196356 1121.43
0.03018933 1200.239
0.04806268 852.4233
0.0737691 1068.661
0.09141025 1226.235
0.03210837 1473.563
0.03273815 1665.969
0.02512169 1775.833
0.01324357 1978.942
0.01104699 1984.882
0.02546911 1843.181
0.03143927 1723.503
0.02701891 1798.865
0.01911923 1512.348
0.0458586 1433.923
0.04589304 1604.882
0.03342205 1406.887
0.03585629 1572.535
0.04215547 1514.292
0.03980917 1564.294
0.03557749 1462.953
0.04349421 1372.021
0.05661973 1029.3
0.05761977 765.5578
0.06914688 799.1386
0.05730183 939.2631
0.06023017 873.07
0.07021505 950.8602
0.06767857 872.8104
0.0494208 761.8877
0.04922542 782.1841
0.08309248 760.0996
0.08177216 841.0063
0.09264309 874.6158
0.1033763 781.2783
0.09428134 674.4104
0.05639981 639.6844
0.06741927 666.3793
0.08166142 681.515
0.05120686 731.6821
0.03074316 825.604
0.01297792 871.4595
0.006858525 818.9731
0.006607908 716.8516
0.01335317 644.9034
0.0171656 729.2992
0.006084196 708.6283
0.006882205 792.0224
0.01859892 720.3722
0.01896245 741.7123
0.003837767 820.8308
0.008721366 793.8427
0.002647981 725.6061
0.003995034 748.9374
0.0004499582 838.2589
0.0008532668 750.7352
0.003129665 736.6191
0.0007960567 745.8527
0.002743125 721.4592
0.0007561503 825.2205
0.001221463 780.4696
0.002619987 810.2222
0.003163693 849.7914
0.007479218 816.2714
0.01527117 938.0363
0.01439082 942.4629
0.01619793 1034.109
0.01392353 823.7352
0.01695573 756.9748
0.01562923 716.8456
0.02042088 689.8367
0.01477195 813.8193
0.007799539 681.0767
0.0109087 698.0752
0.008069382 685.0464
0.002288389 774.563
0.00867214 707.7408
0.01284435 702.3772
0.007849667 721.9743
0.01443255 795.6446
0.02713176 764.6623
0.01065638 831.6269
0.01624113 859.0893
0.0235451 1036.118
0.02641925 1268.012
0.02082707 1277.726
0.02377263 1323.274
0.04073715 1309.328
0.02262742 1202.935
0.01597922 1014.505
0.01738214 1073.368
0.03865346 1041.349
0.02293926 919.476
0.02137564 917.7642
0.009229981 885.2785
0.007263393 907.373
0.0113488 901.9375
0.005636516 912.6005
0.004679336 836.1344
0.003775728 707.7166
0.006189986 686.1802
0.000804374 637.1494
0.005306317 675.1999
0.003951414 536.3754
0.003039481 567.187
0.01279033 579.6686
0.03321032 551.0187
0.0471493 503.7651
0.05436635 539.7589
0.08061189 585.9752
0.06650202 554.8433
0.08612946 529.5613
0.0783424 599.8038
0.04664388 627.7609
0.03048091 653.1875
0.04642414 776.4109
0.04107605 905.933
0.05628357 747.2082
0.04231182 696.483
0.04699784 662.4848
0.06485614 628.1266
0.06830372 637.8158
0.06383466 605.3116
0.07425044 626.4918
0.04893555 831.1335
0.03855782 883.1763
0.05112567 923.5722
0.01818377 1058.168
0.0085061 788.083
0.00442752 725.5118
0.003765799 721.8465
0.004679168 760.3043
0.004545986 839.6929
0.01112185 766.1493
0.01003028 860.3879
0.01034007 684.9114
0.009086539 638.6468
0.01814488 587.3339
0.002710776 582.7644
0.01614601 535.1763
0.007267938 524.5985
0.007194222 459.8632
0.01775856 465.0422
0.01912375 522.566
0.02961892 702.8025
0.02985076 786.0034
0.03740276 801.984
0.05414819 932.0894
0.06893689 1113.512
0.07399231 1092.61
0.0693641 974.8331
0.06437316 1123.947
0.06580019 1250.17
0.05961685 1118.547
0.04869243 1024.054
0.02810631 1044.892
0.03477644 1049.916
0.02395938 957.4026
0.02123908 863.1499
0.02195335 722.3755
0.01820221 656.1185
0.0131209 639.4655
0.01214464 779.2749
0.01881772 791.14
0.0113595 862.022
0.01826185 631.9271
0.01674625 637.8951
0.008153922 720.932
0.001500839 691.1885
0.002871395 649.8932
0.004688857 674.8049
0.004175006 676.2345
0.004003856 614.7062
0.01410274 480.8902
0.006486329 532.2409
0.01019965 553.1478
0.01792215 519.1315
0.01557161 513.2001
0.006702066 544.1771
0.008037241 523.4867
0.003176349 493.6985
0.002881191 605.9731
0.002196009 692.4148
0.0192033 705.8909
0.01248617 790.1493
0.01498538 677.0407
0.004756545 639.5529
0.005235244 540.0627
0.01433985 635.0966
0.004883638 576.7419
0.007623152 551.162
0.02854974 566.7837
0.04885931 616.9064
0.02955038 704.066
0.01749576 607.5554
0.00787485 574.6178
0.008340157 568.2625
0.005543984 588.6312
0.01102423 562.219
0.01706347 673.0893
0.04264237 668.8424
0.01971793 611.3959
0.03495893 669.8117
0.05382897 660.6899
0.04661159 695.7086
0.04464799 671.0342
0.04273944 789.4507
0.06399344 846.1005
0.0381959 734.6909
0.04008396 863.7824
0.05014876 855.9122
0.02868914 844.948
0.02306624 804.9953
0.02187793 779.5412
0.03739289 731.7201
0.03607471 708.415
0.03522861 770.1666
0.0348633 827.1165
0.03382948 764.7606
0.02442638 787.9071
0.03231269 756.6848
0.0203602 832.3168
0.02031233 888.7484
0.03048458 850.199
0.02793051 844.4558
0.02079452 993.6159
0.01965392 940.6295
0.007995532 882.8876
0.003660419 777.9676
0.01551647 681.9534
0.01515927 644.4045
0.0224829 604.5144
0.02043609 636.7933
0.02037721 751.3388
0.02018553 702.938
0.0482737 792.4414
0.03440044 830.3768
0.03777345 795.087
0.03971921 792.6072
0.05149895 864.1857
0.05200272 895.1759
0.07118732 745.978
0.07732688 783.6324
0.08051509 685.1979
0.0766841 765.2884
0.04206592 738.5488
0.04169086 737.682
0.02140713 781.8546
0.01703361 792.832
0.009223285 733.191
0.01159587 583.8724
0.01655898 547.8519
0.01351393 567.3422
0.009197446 560.2022
0.02456484 586.8799
0.02666925 484.1382
0.03251086 542.9289
0.04429677 533.9028
0.02305782 459.1023
0.03825262 388.9
0.05893572 482.8422
0.0602747 498.0132
0.0697939 475.3601
0.07876879 397.1785
0.08509462 477.4524
0.04806399 481.5621
0.06474183 528.2154
0.06210146 404.5024
0.07133786 379.9965
0.06466884 330.2447
0.06205297 354.0827
0.04344297 390.2786
0.03309365 396.3215
0.04327521 401.9877
0.04047292 382.0824
0.03380223 334.3105
0.02515874 385.8947
0.02913582 350.3064
0.03630736 377.0805
0.0277684 455.5332
0.03447053 461.5367
0.02764614 458.1809
0.02103245 479.8168
0.0154449 523.8533
0.008588783 527.7659
0.02207474 468.9906
0.01386769 509.5155
0.01790878 605.2658
0.006735643 690.2448
0.005150781 721.0249
0.01627699 764.4588
0.01288047 626.9571
0.02632494 589.2823
0.0137435 630.3192
0.01108608 710.7427
0.002934095 664.3871
0.002959082 547.8285
0.0004716885 586.7493
0.002623342 524.3742
0.005579284 587.3218
0.006251085 643.7239
0.01177099 705.7052
0.01847253 589.356
0.01408684 567.597
0.01384581 624.6041
0.01764205 612.5767
0.06218549 571.3455
0.05012666 621.4976
0.04571035 628.6883
0.01836749 613.9444
0.01852002 649.7701
0.04071299 623.2637
0.05319674 655.452
0.0623102 749.4203
0.02207434 714.0453
0.0123738 661.296
0.01942242 653.6265
0.02360818 690.5031
0.0340949 720.2884
0.02885193 723.1828
0.03065867 774.7104
0.02309086 738.3683
0.01364826 648.767
0.02259705 540.8799
0.01234731 536.8131
0.004338808 514.6037
0.01213423 585.1196
0.007931757 515.4378
0.01873779 441.4665
0.01735207 475.3851
0.01788329 565.2474
0.02342028 568.9585
0.01385042 510.9781
0.01625015 596.3943
0.02461335 490.4763
0.01730396 426.891
0.01471858 535.0006
0.01418513 549.8128
0.01485808 626.9617
0.01198613 581.1554
0.01634423 657.4881
0.01388913 854.1477
0.02157349 714.7629
0.02421669 603.6246
0.01611444 586.8657
0.01493227 678.4016
0.0103374 707.7199
0.02628287 625.7425
0.03781347 621.6191
0.03261064 656.4704
0.03502733 628.5491
0.03861496 696.5094
0.03157706 567.1202
0.05310877 490.3672
0.02996194 504.432
0.02164777 486.6148
0.009371209 509.1085
0.003882222 500.364
0.009482747 465.7844
0.0003981548 458.6991
0.005945646 489.8726
0.01935119 494.6551
0.01463736 579.8742
0.01799579 554.0429
0.02153647 576.845
0.01118913 666.6029
0.0120451 691.2022
0.04087351 831.5694
0.04665345 832.2843
0.04524348 784.5976
0.04493448 721.5142
0.02196318 733.3355
0.01023184 845.9327
0.01003147 1004.059
0.003776537 839.7692
0.005459727 857.4262
0.007730156 806.8598
0.009187851 840.2439
0.008835249 1028.158
0.004529314 937.9283
0.003967186 837.9247
0.01732621 742.5185
0.01218011 625.7747
0.01918045 592.2218
0.01614849 601.2228
0.01469304 616.5128
0.05001023 593.8657
0.08358375 558.8109
0.08291528 628.6516
0.06933051 791.1485
0.04746054 856.8551
0.02166257 983.3684
0.01512119 1014.398
0.01876669 960.1567
0.01728872 1002.319
0.006039781 987.0434
0.01011668 1071.613
0.01382125 1060.767
0.01340641 1151.975
0.0205647 1209.785
0.01129565 979.8453
0.002073824 1123.422
0.01114001 1050.341
0.01504151 1035.54
0.005772507 994.1221
0.00184604 1074.001
0.004707523 1205.14
0.003567632 1291.686
0.01307626 1446.454
0.004117995 1274.63
0.01573793 1276.759
0.02524972 1531.099
0.03133585 1452.276
0.02414811 1346.439
0.06079685 1206.196
0.052018 1147.545
0.04919936 1106.887
0.04624217 1174.913
0.03804604 1248.217
0.02593189 1157.322
0.02847872 1246.296
0.009414088 1142.12
0.0077146 1118.101
0.002914415 1130.898
0.004805425 1302.296
0.001550154 1469.258
0.003711063 1318.251
0.004741926 1648.093
0.000940806 1633.659
0.001057784 1893.879
0.002317581 1995.93
0.008416012 1989.933
0.01574101 1605.318
0.02627886 1706.72
0.0184681 1588.833
0.01961765 1393.986
0.01005729 1532.102
0.01058406 1512.939
0.0154037 1301.903
0.01552209 1467.619
0.01956336 1268.385
0.005093187 1218.356
0.003262051 957.127
0.009580292 1145.116
0.00981115 1178.376
0.004911796 1131.24
0.001024724 1119.952
0.008349345 1151.16
0.01166132 1168.192
0.01479081 1168.878
0.01337927 1129.59
0.01272796 1074.575
0.01100029 1031.827
0.004058758 1124.715
0.003486008 1372.708
0.009667384 1452.244
0.002557309 1389.12
0.0005017174 1334.748
0.0006308686 1325.603
0.004587597 1300.944
0.01076556 1351.747
0.01072036 1296.634
0.01268924 1667.29
0.01177236 1677.32
0.03255626 1583.499
0.03634369 1590.585
0.01798548 1500.195
0.01028087 1356.262
0.00161037 1181.252
0.004683814 1359.138
0.002687178 1554.382
0.003195199 1647.707
0.003398677 1535.727
0.003909792 1644.584
0.002915496 1481.075
0.00555558 1428.411
0.01780115 1480.041
0.0270917 1195.789
0.053856 1317.291
0.02808894 1145.27
0.02398256 1041.083
0.02738932 1098.664
0.03544264 958.5163
0.03416929 909.6989
0.03571006 867.7835
0.01567404 936.633
0.02199414 1157.636
0.02547888 916.0285
0.02422065 978.6849
0.0324189 991.6688
0.03783353 1023.344
0.03113241 1052.338
0.02507775 1134.428
0.02944527 1294.805
0.02754548 1249.962
0.01316379 1392.137
0.006973414 1338.811
0.0364352 1337.87
0.01186515 1270.654
0.02265961 1161.834
0.01316022 1100.022
0.01065447 1078.694
0.01431866 1070.594
0.01592758 986.9087
0.01015592 963.8562
0.02112084 899.6517
0.02397137 918.0022
0.03066857 891.9174
0.03523067 1029.257
0.02242428 964.7216
0.02466605 960.0512
0.02535619 903.6004
0.02231274 804.3007
0.01498728 705.0651
0.01542675 587.434
0.0153126 579.1991
0.01545307 735.1963
0.02238117 743.5358
0.007283003 792.9867
0.006607261 940.6688
0.01549807 1216.317
0.01482785 1163.579
0.03148823 1213.382
0.02257235 1355.576
0.0174303 1384.973
0.01325498 1235.187
0.01041614 1276.82
0.0180946 1335.268
0.03032404 1112.487
0.01990223 1167.84
0.01475226 1010.651
0.005744561 1183.757
0.009402995 1130.745
0.02599268 1024.814
0.01295089 1157.481
0.009373668 998.239
0.01748995 1022.548
0.01828566 889.5835
0.01238446 1003.134
0.04224054 827.1288
0.01915525 783.6293
0.01684622 703.8458
0.0199654 733.4294
0.01714537 862.6225
0.01620961 841.1952
0.02508089 825.9089
0.02469066 833.8854
0.02611808 892.165
0.03328288 1007.833
0.02354 1089.122
0.01457455 1073.239
0.02788862 950.968
0.007669022 911.0557
0.004186129 915.5603
0.01890361 876.1428
0.0320103 1047.815
0.02471703 1118.71
0.009334135 1097.849
0.001975801 1057.572
0.006954707 990.6798
0.004696304 891.7402
0.003364807 768.9791
0.00494005 781.8292
0.02848822 636.6307
0.01821646 587.1178
0.01149185 588.1923
0.001631669 674.5901
0.009242369 678.3438
0.01474281 559.2588
0.01972714 612.9681
0.01860926 591.463
0.02674341 562.9967
0.02081217 478.6789
0.001602737 510.8245
0.001432337 510.0274
0.004338177 481.1044
0.00144605 478.6896
0.009349865 491.4035
0.01628208 446.297
0.01310568 476.9358
0.01205897 460.0904
0.01436044 493.9967
0.02255707 551.0734
0.03026312 589.0275
0.0319852 700.1982
0.03517116 747.9433
0.02577408 710.0076
0.0399386 792.9364
0.03735941 746.123
0.03322267 756.1963
0.03134858 610.3236
0.009089801 585.6046
0.01197062 648.7562
0.01790981 672.001
0.02331046 665.8401
0.02553515 658.5692
0.0161622 650.7295
0.01574781 663.69
0.01244697 716.6845
0.02084083 716.106
0.003381392 724.7767
0.01359641 731.2179
0.005968075 854.4305
0.01114867 903.4791
0.00783463 789.0965
0.01423465 745.3627
0.01297761 789.2319
0.01216074 838.7734
0.007884295 795.2441
0.01064841 807.0686
0.01223747 710.0709
0.01502983 756.141
0.01421638 689.4016
0.01617004 609.5813
0.001917221 602.2736
0.008228354 656.9791
0.004768459 647.646
0.01082957 809.7688
0.009118939 709.1545
0.01238017 787.2367
0.01137233 691.0939
0.01916193 695.5701
0.020345 585.7973
0.0112698 606.8905
0.01796877 633.1752
0.02949928 612.3979
0.04142195 635.9183
0.04358483 674.144
0.03699623 654.6997
0.03309447 611.4102
0.0391259 627.2285
0.05106028 596.7185
0.07281631 594.2903
0.05464671 591.1949
0.03724794 487.2227
0.05514769 513.7813
0.03749971 534.1184
0.04252951 508.235
0.04066754 476.694
0.06061185 573.6458
0.05099273 631.0484
0.07033165 582.6495
0.07363348 538.7723
0.09507285 558.122
0.09720738 535.4434
0.07477092 534.1699
0.05994568 548.0478
0.03737058 520.7921
0.01684927 446.3893
0.01329961 484.9087
0.01678983 559.7228
0.02106776 578.7215
0.02207238 612.2625
0.01446744 543.0317
0.01702288 536.145
0.04378804 640.2014
0.029878 827.0358
0.02173048 867.4622
0.02058845 911.1844
0.03356237 789.1232
0.01084124 635.734
0.005361451 675.3429
0.02223477 709.2901
0.01454926 631.2949
0.01482753 753.9321
0.03473617 700.4777
0.03363726 595.4659
0.02477495 767.0093
0.003411203 862.6896
0.008757611 980.6371
0.007933872 988.9911
0.01183274 975.854
0.009770009 919.7304
0.01929299 879.9297
0.02603059 841.6218
0.009818457 915.0825
0.01218454 967.9094
0.01783797 925.5638
0.003930193 882.9092
0.008556956 833.4706
0.009161303 886.3568
0.01189566 947.7533
0.01106148 768.5714
0.02220932 806.6921
0.009591905 766.4146
0.006435754 818.5486
0.00477032 859.2277
0.01511387 930.2132
0.01032025 1108.732
0.01483451 1177.865
0.02154808 1238.917
0.03071254 1010.338
0.04435723 865.8537
0.05895043 986.5289
0.05425979 895.3043
0.05355738 752.1404
0.1089723 759.7763
0.0927991 622.3715
0.07216008 612.7969
0.0692706 525.3483
0.08404987 475.5417
0.06491816 503.4206
0.0706639 546.7266
0.04066019 496.9983
0.0157402 431.5917
0.0134523 345.8175
0.01566917 422.867
0.01156584 469.6903
0.01998159 441.9623
0.003234845 427.9967
0.002547268 410.5537
0.009582694 511.7568
0.01344564 598.1446
0.02155763 606.2107
0.03782429 582.7309
0.02834537 627.051
0.037818 654.0048
0.02674004 706.2296
0.025137 738.4991
0.0386714 790.8487
0.02486271 744.223
0.03314867 729.2279
0.02447496 796.125
0.02408755 755.32
0.02339348 776.5669
0.01496779 782.5058
0.01047361 695.4977
0.00764891 763.8761
0.01275864 827.1643
0.02021032 704.1537
0.02383362 706.5392
0.03433792 753.5293
0.03058519 624.4574
0.04398857 700.3318
0.0328628 710.7206
0.02690614 535.0433
0.03038559 563.5746
0.030619 542.902
0.03183075 741.8569
0.02247522 890.7535
0.008837701 963.5642
0.007480853 1030.688
0.003765434 913.6911
0.01179983 990.456
0.01518255 850.9256
0.009555668 726.1574
0.01096316 741.5093
0.02581532 769.334
0.02133819 779.1223
0.01754195 704.8896
0.01722122 798.4559
0.01247111 774.6994
0.01001795 783.8934
0.02246431 895.0637
0.0234364 833.5896
0.0250249 752.17
0.02748943 716.5532
0.03575982 718.0026
0.01373154 715.9453
0.00519572 809.2112
0.006744358 875.3194
0.006880686 713.066
0.006562008 578.6317
0.004815701 759.3288
0.0171455 831.3815
0.0189213 737.114
0.01183311 918.7996
0.009483798 909.3552
0.005801074 1018.216
0.001144482 912.1056
0.01722362 973.281
0.02816395 950.3158
0.02971758 873.4051
0.01616971 907.1809
0.01785953 917.0579
0.0201716 899.4933
0.03233566 805.2661
0.03893276 805.3513
0.0401016 893.4251
0.04665899 837.5197
0.03384918 1101.412
0.02838317 929.6482
0.03470267 883.5422
0.02644007 877.7833
0.02467255 773.418
0.03350471 641.0508
0.02578798 640.2063
0.03718891 648.0505
0.03845163 702.7746
0.0181932 626.3659
0.0133616 639.0622
0.01184642 469.8823
0.02103507 448.7995
0.01774934 415.4393
0.01838399 350.2119
0.01813818 391.9042
0.02643033 374.871
0.03494743 387.3515
0.0172795 356.6051
0.006075365 379.5088
0.007479637 414.254
0.005065961 429.8622
0.003656493 433.2452
0.003068219 447.5885
0.002411576 525.7544
0.001616171 522.3448
0.007223321 543.7841
0.02328282 646.6482
0.02258557 715.4729
0.02012803 601.0584
0.02095994 634.7791
0.01451385 537.3035
0.01429977 570.7224
0.0177336 675.2959
0.02299322 700.019
0.03013939 571.5433
0.02685206 564.1344
0.01172473 581.1549
0.00716988 561.7339
0.01532835 601.958
0.007679147 541.315
0.0107983 486.3623
0.02535399 483.5657
0.01862687 493.8026
0.02266112 440.3317
0.03281761 485.8312
0.02222235 499.3075
0.01524624 702.6606
0.03193474 803.3487
0.02810099 711.0469
0.02827573 624.9551
0.03004592 684.2123
0.01742158 710.7606
0.01480543 587.7246
0.0155159 648.7245
0.01888043 564.4369
0.0156555 408.3564
0.02704575 368.98
0.01125338 436.3753
0.006728161 518.9524
0.003809411 478.2048
0.01127861 458.4308
0.01407548 456.9628
0.0208852 412.6441
0.01528024 425.2305
0.01236901 492.4352
0.005515463 436.8096
0.02893078 372.2284
0.03844217 382.5365
0.02720346 354.0748
0.01801306 371.233
0.02046708 362.4852
0.02021271 432.8773
0.04458827 430.9842
0.01990166 510.2086
0.008028014 467.9855
0.005853116 456.4882
0.01008628 490.4305
0.02845322 483.8964
0.02528025 478.1455
0.0245285 373.9301
0.01998764 449.6529
0.03893564 373.122
0.04497385 341.8585
0.03242969 302.5911
0.05613158 249.8122
0.02732947 304.7476
0.04022437 326.5605
0.02927049 302.1614
0.03812468 288.36
0.05415046 321.6269
0.04511101 339.8905
0.05855212 363.6221
0.06730797 334.7219
0.1070202 327.0242
0.0933105 350.5307
0.07615065 329.0892
0.05830985 366.7671
0.0804243 307.7397
0.07371934 317.2528
0.1075634 357.5042
0.1079931 380.8505
0.09190002 421.3432
0.1316146 417.4741
0.1567445 369.0749
0.1435563 373.725
0.1480915 419.9749
0.1443793 423.1985
0.1530999 381.5225
0.1416786 423.2105
0.1617905 427.1803
0.1651733 428.8648
0.1550608 440.7726
0.128572 427.0407
0.1626082 372.8702
0.1263017 414.5801
0.1106216 398.1696
0.08382027 440.2237
0.05447466 427.3519
0.05661072 468.5067
0.04331121 461.7207
0.02327911 419.815
0.007698206 424.392
0.0157938 399.8704
0.01842961 429.9227
0.02331424 448.0355
0.02952251 485.1142
0.03167181 537.912
0.03927189 587.2977
0.05034213 627.7849
0.05889219 559.2511
0.03811535 621.2362
0.01178924 615.08
0.004508089 637.625
0.01237485 703.5282
0.02157893 678.1425
0.0204126 670.6086
0.02947736 609.4488
0.03010109 566.1749
0.03034804 520.4859
0.03931151 421.3707
0.03549121 399.2338
0.01463852 352.855
0.008898831 352.9659
0.0104114 347.3587
0.01685509 318.0333
0.004862076 403.2655
0.002286498 436.4633
0.009459439 540.1078
0.01329986 635.5486
0.01239602 640.8046
0.005223603 740.8223
0.009560557 715.2937
0.01925705 902.9523
0.03745211 787.2672
0.04964953 940.0888
0.0324284 1006.593
0.03868697 734.6071
0.04982013 821.4136
0.06554113 871.6465
0.06491809 927.8629
0.09953029 754.7464
0.1295867 593.4196
0.09995224 677.5477
0.1184995 696.4896
0.09804047 690.5154
0.1004173 564.975
0.1103771 521.0425
0.1199455 604.1309
0.172451 666.4857
0.1627024 813.9508
0.1386974 822.3227
0.1230831 754.5945
0.0800147 895.2657
0.04114264 1003.323
0.04336013 1006.482
0.06887055 908.3402
0.08548209 911.748
0.07584838 745.9147
0.06766982 679.2193
0.06257391 631.0625
0.0526019 787.9823
0.06019532 769.3081
0.04994889 717.2983
0.03933771 740.8437
0.04169434 881.6639
0.02296145 837.0881
0.03611136 850.5606
0.03818074 921.701
0.04343002 867.4301
0.04937294 783.1484
0.01894925 731.3482
0.02298119 781.4087
0.02163097 811.5272
0.02824853 732.26
0.02422216 703.6529
0.01430595 861.1426
0.003981984 907.6552
0.01440298 832.3918
0.005950308 840.8794
0.003481319 759.8918
0.001884586 640.3283
0.009599866 645.4741
0.003635668 593.6916
0.001835365 541.9571
0.002315737 554.5889
0.001881335 537.9789
0.011292 488.1343
0.01242021 433.913
0.007772032 467.3576
0.007139885 472.1949
0.01012734 524.2448
0.01082733 451.2078
0.007533948 419.7172
0.006841055 439.2034
0.009570883 388.5215
0.0161595 385.8921
0.01693616 341.549
0.01226794 340.2554
0.007394066 405.1371
0.01404643 368.4765
0.02564138 371.8321
0.01050433 389.8471
0.01720756 372.4622
0.02194055 391.4744
0.04344683 377.0989
0.0501659 358.1323
0.04076491 420.5879
0.04933606 358.6163
0.03555538 388.6856
0.04144235 397.2719
0.08158593 427.1562
0.05641876 388.4821
0.03255334 354.7003
0.03643837 404.7181
0.04149449 375.1295
0.04868616 311.1057
0.07314938 305.82
0.03343576 349.4906
0.01409316 332.4044
0.02794712 372.4259
0.0216717 360.4421
0.03895436 402.0337
0.05782297 359.0526
0.04410396 315.0841
0.06170122 371.8096
0.07452837 324.1757
0.05427743 307.1692
0.06728738 306.1737
0.02748893 241.5457
0.03230999 255.087
0.02770398 235.0226
0.03053716 288.9021
0.0196972 316.831
0.015289 303.7011
0.01310079 284.753
0.01897557 234.3309
0.01683968 230.6697
0.02487977 223.4638
0.03556809 227.3812
0.04518577 249.3947
0.02340448 257.0539
0.007659288 293.0274
0.008508739 271.2401
0.008170767 309.5724
0.01865005 357.6239
0.01929905 328.0457
0.01705118 292.3019
0.01483062 316.4498
0.02292224 301.8411
0.02570795 286.9927
0.03899303 302.4512
0.05777707 358.4073
0.05910764 380.2082
0.05355141 319.8463
0.03633559 330.8906
0.05415161 300.2156
0.03201421 343.4179
0.03713436 415.0381
0.02383638 510.646
0.03570062 573.7975
0.0389064 489.4248
0.02626389 481.7956
0.0151515 600.1848
0.01972408 703.4271
0.02656289 618.3439
0.03581699 693.0637
0.03593477 674.0173
0.0404043 645.7325
0.06122582 667.2458
0.05276994 608.9847
0.02525957 612.37
0.03355967 556.3327
0.02959509 569.4478
0.01497322 631.4786
0.0206633 638.2977
0.0285204 561.3592
0.04114168 591.6788
0.03850458 623.7541
0.02761094 591.3273
0.02069046 536.3731
0.02346563 572.9185
0.03603045 633.5695
0.04579594 626.8776
0.05634305 604.3898
0.04318061 595.7955
0.03230335 656.3716
0.02996045 562.0323
0.01875089 610.9522
0.0345322 620.037
0.0222136 804.079
0.02473157 896.1479
0.02384107 905.2807
0.02809145 1034.248
0.04622187 913.846
0.0547735 986.2005
0.06880567 1040.854
0.04933041 1120.317
0.05139064 931.3056
0.03093477 997.3215
0.02783072 1002.988
0.04425918 1061.271
0.02258408 1069.499
0.02958034 1008.601
0.04050511 1051.169
0.04219063 1188.49
0.06351153 1201.678
0.06009587 1207.269
0.02492099 1286.045
0.01716623 1354.86
0.009986682 1117.705
0.005647778 1107.31
0.00182919 1093.502
0.007426459 868.1139
0.01595897 764.9414
0.03619989 804.0001
0.03450239 841.7881
0.02031684 805.2314
0.01350634 932.5303
0.03425599 990.7584
0.05146927 1202.121
0.04608219 1337.503
0.03614407 1511.838
0.03534704 1321.909
0.02963593 1294.375
0.02449101 1126.289
0.02543082 1189.474
0.01145558 1042.994
0.002264661 1063.066
0.001565452 1071.591
0.005043043 1092.887
0.004698384 1177.885
0.01345547 1359.976
0.005375818 1337.843
0.01019066 1412.325
0.01397469 1628.081
0.0107966 1671.401
0.004923499 1311.202
0.009500648 1222.634
0.01308034 1225.935
0.007569919 1119.632
0.008288005 1062.949
0.01092684 981.4819
0.01523156 1042.433
0.01089928 1219.68
0.004461729 1264.321
0.0006905736 1168.613
0.00277019 1060.163
0.003313666 1031.819
0.00628495 1207.363
0.006373771 1163.016
0.005065972 1355.073
0.02191898 1124.955
0.01102704 1256.87
0.007608032 1099.833
0.003375095 808.5752
0.005254435 705.8375
0.01216976 738.6925
0.009672933 577.5635
0.01391545 543.1582
0.02162531 634.7674
0.04066994 517.9694
0.05364809 656.5526
0.07029014 655.8781
0.08312852 732.0627
0.1035901 778.201
0.1044408 675.7683
0.05035817 704.3959
0.03124206 710.6255
0.01693152 746.6098
0.001108848 682.5171
0.001603898 559.8658
0.01098117 614.624
0.008435957 671.8213
0.007968364 723.1445
0.008002655 627.1164
0.006119469 643.0225
0.002117051 678.6106
0.004765996 699.6268
0.014068 873.2533
0.004886152 900.325
0.005042444 1007.878
0.01179217 1154.385
0.01337371 1023.162
0.003062267 1011.844
0.006324813 1106.564
0.003061377 1208.217
0.003420432 1277.567
0.002215132 1403.574
0.000527013 1481.647
0.001658602 1644.875
0.001346427 1594.831
0.005719078 1683.514
0.007766262 1811.366
0.0001014941 1700.077
0.004735183 1660.785
0.01712028 1786.16
0.02416646 1688.302
0.03772899 1755.208
0.04544905 1600.719
0.05627253 1513.594
0.04943933 1510.039
0.02296624 1791.211
0.01130459 1629.928
0.006481039 1922.009
0.01395259 1686.863
0.008452981 1615.783
0.01817749 1781.39
0.01339891 1961.486
0.01436177 1865.618
0.01239313 2248.737
0.03010274 1692.317
0.0338849 1978.055
0.03010526 2134.06
0.02219508 2271.45
0.01575899 2653.481
0.02005492 2850.46
0.00954237 2751.959
0.01520567 3153.088
0.008187337 2853.638
0.002975622 2786.651
0.009150953 2822.157
0.02723491 3111.833
0.02473686 2953.391
0.01197682 2948.534
0.01133899 3787.94
0.01485254 3618.762
0.01521364 3608.036
0.01546498 3627.357
0.008452601 3399.692
0.0030304 3266.412
0.003722106 2460.349
0.02731576 2239.894
0.01711454 1875.436
0.01289587 2106.094
0.02228985 2054.674
0.01581815 2012.816
0.004208179 2270.529
0.002298987 2325.439
0.003278695 2128.976
0.003615634 2062.36
0.01999647 1766.027
0.02106314 1802.316
0.01450771 2011.476
0.004469826 2041.761
0.00929533 2062.164
0.0148147 1997.912
0.0128707 1900.451
0.01186821 2077.782
0.003258923 2278.151
0.0006468177 2157.462
0.003124863 2193.221
0.02437543 2269.087
0.01999432 2511.032
0.01768868 2527.351
0.02020889 2149.313
0.01490347 2212.099
0.008182202 2266.189
0.005307938 2728.281
0.008998516 2608.142
0.001617695 2679.164
0.002928931 2641.274
0.004010402 2715.872
0.001369395 2645.207
0.004285286 2535.322
0.001671597 2531.071
0.003741472 2566.469
0.001152084 2322.13
0.003370695 2819.446
0.01193473 2850.23
0.004595534 3439.685
0.009872793 3231.122
0.01386121 2965.38
0.01413383 3012.693
0.01014385 2788.512
0.003735825 3103.192
0.0002418636 2847.186
0.001337415 2284.458
0.01037662 2204.876
0.006349226 1959.79
0.004316742 2140.647
0.007559257 2107.466
0.02308417 1845.615
0.03981927 1789.477
0.03106381 1709.928
0.01658611 1546.824
0.01805384 1635.027
0.03009646 1391.244
0.04078865 1259.118
0.01170588 1417.587
0.01662242 1353.419
0.03353534 1494.096
0.03318427 1468.765
0.03928971 1542.722
0.03978825 1727.457
0.0273004 1917.007
0.03027564 1736.584
0.02439848 2036.685
0.02632588 1872.632
0.01951401 1978.999
0.01457708 1905.061
0.021412 2227.113
0.0176723 2358.502
0.001616793 2781.108
0.003470488 2964.408
0.004972626 2859.623
0.003392229 2573.203
0.007446303 2399.338
0.003505809 2483.162
0.00224305 2957.321
0.006288665 2627.686
0.001107896 2336.179
0.0002994036 2413.704
0.004804629 2445.972
0.002057895 2229.099
0.00398604 1949.823
0.006395872 1865.671
0.004513298 1839.711
0.01622966 1752.595
0.01324732 1502.165
0.006079258 1376.567
0.003279879 1286.709
0.00335138 1346.277
0.009101328 1463.586
0.005967795 1368.04
0.01455057 1465.906
0.01195143 1200.699
0.02250469 1145.613
0.03224347 1278.169
0.04078959 1388.073
0.01828391 1522.057
0.02299333 1724.271
0.02021073 2050.406
0.02573434 1845.092
0.01758864 1725.594
0.01551847 1753.401
0.02012902 1717.481
0.01630703 1429.262
0.00620289 1593.904
0.01124495 1754.132
0.01336887 1613.279
0.02580597 1649.243
0.01401706 1528.793
0.002419316 1577.884
0.007280284 1545.279
0.0008712787 1605.205
0.002211531 1891.133
0.00499263 2013.838
0.002116993 2132.039
0.002502579 2088.782
0.008691731 2074.161
0.004112102 2394.901
0.0005337807 1940.763
0.002200398 1918.548
0.01170678 1706.435
0.01257988 1651.684
0.02066602 1560.422
0.01391608 1319.037
0.01041699 1447.209
0.01813982 1388.919
0.03081283 1091.434
0.02396979 1109.327
0.01411587 1270.843
0.008471769 1161.836
0.003060854 1206.36
0.003496408 1124.157
0.002787548 925.2362
0.003699472 771.4873
0.006536011 939.8372
0.003212987 865.248
0.02237708 943.5362
0.02425994 1176.143
0.02330338 1113.95
0.006412363 1149.776
0.01192947 968.6175
0.01274437 728.2511
0.02305606 624.3405
0.0255826 669.5228
0.007271426 567.451
0.01023918 470.2585
0.005559246 463.7547
0.00770562 484.7573
0.01164749 554.8181
0.01454155 481.9311
0.03657275 465.9463
0.01440057 463.3508
0.005938596 472.7184
0.003843866 458.5642
0.01699877 413.4847
0.01272435 411.2504
0.01859619 417.3091
0.02651482 436.9776
0.04844483 446.6393
0.05748686 589.9584
0.03122564 560.606
0.03136822 613.4985
0.04723592 551.3275
0.03684435 696.9117
0.0513724 638.6162
0.0475613 717.3186
0.01474846 831.3319
0.01144604 889.9737
0.00604594 988.5102
0.007712944 967.2895
0.009643832 759.0317
0.01381648 663.085
0.009146458 759.2788
0.01056896 692.6789
0.01499644 765.5731
0.02078658 664.3312
0.0322081 852.9892
0.02766379 793.8917
0.01477116 779.3763
0.02592769 860.1692
0.03405165 817.2533
0.02116402 823.5538
0.0163108 695.9979
0.01809727 727.6924
0.005675943 693.2721
0.00908083 794.1337
0.02166013 794.9972
0.01931798 822.6203
0.02298313 749.0437
0.02006158 813.7406
0.01889511 797.1498
0.01117584 861.2705
0.001868341 757.817
0.001640045 848.6906
0.003870712 961.0064
0.004154963 1123.89
0.00822403 832.5367
0.001279307 883.6634
0.001057958 1048.898
0.0004336802 1072.63
0.007700799 1144.424
0.00699958 946.5578
0.0092912 999.47
0.007786281 935.9419
0.005317671 956.1591
0.002040906 935.405
0.005660554 1003.543
0.02358937 938.8027
0.0129689 844.6316
0.01593454 854.626
0.0224306 848.7582
0.0198722 923.1454
0.02529421 995.8248
0.02014633 948.1316
0.01572473 1147.739
0.01772965 1338.882
0.02422755 1398.175
0.02398871 1201.25
0.04583142 1193.815
0.02024601 1230.602
0.02202367 1143.1
0.005868974 1285.372
0.01618129 1330.653
0.00815553 1276.89
0.005547564 1473.337
0.01201714 1545.08
0.006734073 1572.216
0.004804258 1304.702
0.00303196 951.9123
0.01407626 954.9133
0.006259161 854.1965
0.005780648 810.6573
0.004704526 766.3054
0.01260451 722.3678
0.02029161 775.9744
0.02632068 810.866
0.01438134 633.7322
0.02738706 636.8939
0.02174741 639.3493
0.02005578 742.66
0.005065455 695.0869
0.01289772 841.5014
0.005745394 712.1454
0.004037307 652.1083
0.006938032 657.7608
0.00287669 637.9137
0.0071487 651.2976
0.02007144 598.1734
0.0225394 670.6547
0.01808586 683.1881
0.01528806 683.5351
0.02308685 690.054
0.01218359 832.4402
0.01237431 915.4465
0.005467051 828.2204
0.003195859 750.1275
0.009864025 848.427
0.009107565 785.649
0.02038102 809.7045
0.01374686 849.1269
0.02321919 935.4919
0.01806377 816.1229
0.01874422 1018.405
0.01914685 813.3052
0.01695772 796.079
0.02584 698.4337
0.05459883 613.5423
0.0239452 614.4265
0.0277463 654.0371
0.02486446 643.6098
0.01828932 777.2473
0.0198176 822.346
0.02407299 756.8657
0.03552316 838.031
0.03032741 912.3398
0.02380675 928.2998
0.02348372 818.6358
0.007598345 821.6725
0.01191226 803.8529
0.003814398 876.5822
0.004079925 847.4039
0.006115279 826.0556
0.01433077 801.2451
0.005733004 858.0845
0.007215364 984.8079
0.01256321 858.0544
0.003206462 906.2197
0.00788548 1153.881
0.002460443 1367.744
0.002651755 1275.295
0.00318808 1270.336
0.000846768 1168.398
0.0005741214 1310.379
0.005776302 1352.574
0.002028879 1344.7
0.008507525 1372.999
0.004917305 1716.184
0.01130057 1470.315
0.005514357 1533.925
0.008000203 1207.562
0.002585383 1136.2
0.003430721 921.3885
0.002736359 902.8481
0.001687207 821.4015
0.005428927 874.084
0.008808857 883.9495
0.007256166 984.6119
0.01521108 931.8902
0.01926202 995.1677
0.01873421 959.3188
0.007717665 855.1652
0.02739923 825.168
0.03477689 925.7246
0.05620742 897.8849
0.08386991 892.0502
0.07944437 617.1136
0.04406803 564.9426
0.04535243 497.4902
0.02448291 497.9436
0.01634714 501.1095
0.01284629 355.5245
0.008317955 386.6947
0.005750671 389.5748
0.002842779 403.4972
0.0004559273 478.5391
0.0009489925 522.3854
0.0005550389 557.952
0.002271165 568.0453
0.002137802 610.0862
0.001698357 583.1085
0.00448128 644.8264
0.003140078 649.2359
0.01418011 603.4238
0.009426472 620.5413
0.0155177 595.3946
0.006367604 594.1099
0.0063568 508.2438
0.005546407 516.3354
0.0121267 509.7728
0.009220757 596.3585
0.00378089 624.064
0.008778387 616.2233
0.01756645 508.5581
0.02099831 479.1491
0.03010221 431.611
0.02965549 531.6715
0.05480431 532.4513
0.03911327 637.6866
0.02912113 600.4524
0.03590804 680.5309
0.03555231 745.9843
0.01466238 690.5907
0.01501358 671.0818
0.005871892 545.1665
0.008211738 544.0215
0.01609199 564.0707
0.007849274 596.5476
0.0019962 611.1681
0.01274773 602.7413
0.02269141 638.099
0.01809131 584.3623
0.02493081 552.7849
0.01654861 456.8712
0.02041782 468.9888
0.02799674 477.3813
0.02605216 491.9898
0.01404421 521.3927
0.01349233 428.1708
0.02348825 415.9179
0.02791628 453.1257
0.01305479 460.0469
0.01363607 401.1792
0.01761119 413.7212
0.01944976 325.9857
0.02021284 373.2779
0.0182223 446.7038
0.01458589 397.6999
0.008668885 451.3285
0.008115989 392.5491
0.005977149 507.815
0.01255313 507.8257
0.0207398 674.8034
0.005553118 735.0571
0.01765745 659.0277
0.03273019 590.7675
0.04707696 659.3929
0.0298338 814.5079
0.02483981 880.0584
0.04508591 944.0912
0.01783456 806.2437
0.03131158 657.6316
0.03174017 731.9768
0.01258736 795.2235
0.004872054 590.1709
0.004539476 649.9889
0.005807042 711.462
0.001568636 620.0117
0.005146613 668.3857
0.009467015 818.6283
0.007921844 811.2563
0.005878192 702.3974
0.01235451 839.7105
0.002103496 740.1929
0.004679519 881.1692
0.005237283 840.6085
0.02019045 857.5376
0.01831394 927.5942
0.009422988 1024.282
0.006029406 1111.568
0.006005068 1373.885
0.007430921 1412.827
0.006937038 1651.514
0.008258829 1821.1
0.01061251 1489.333
0.008972601 1631.306
0.01649896 1425.519
0.006471165 1390.787
0.002617135 1424.701
0.008778492 1333.829
0.01894907 1245.123
0.004415564 1364.933
0.003686494 1304.597
0.004190633 1170.563
0.003888227 948.4135
0.002312738 930.1182
0.001501616 1105.386
0.004065044 1022.533
0.005407077 1190.101
0.004691869 1138.75
0.008338902 1096.584
0.005328346 1012.169
0.008483838 973.1014
0.01399963 1106.803
0.01415002 1242.044
0.01733867 1295.927
0.04245849 1323.792
0.02980873 1290.09
0.02182949 1172.015
0.01980605 1002.115
0.02342842 1140.825
0.01441679 1106.246
0.008044349 1201.766
0.004444344 1153.8
0.00836584 1043.143
0.01474147 1127.045
0.02595181 1013.002
0.01715566 1092.837
0.01472692 1086.891
0.01621191 1138.077
0.03581703 1107.94
0.01375598 1267.154
0.01144974 1370.922
0.01891724 1325.841
0.02223364 1287.847
0.006524189 1518.063
0.009465729 1716.548
0.01501949 1776.153
0.01342502 1507.942
0.008089575 1761.184
0.01675246 1866.413
0.004593288 1918.129
0.003522645 1621.732
0.01413656 1611.476
0.006904548 1698.717
0.0008024664 1778.366
0.0007706568 1546.423
0.001411009 1824.13
0.0002754488 1603.09
0.0007202167 1821.488
0.002536264 1844.139
0.009166806 1677.884
0.007351655 1758.228
0.01006084 1508.183
0.01485628 1613.402
0.02635272 1338.269
0.01733141 1560.975
0.02432961 1255.989
0.02376405 1338.383
0.03309033 1134.402
0.01041453 1350.765
0.008136807 1340.431
0.001458778 1480.913
0.004740861 1820.246
0.001135035 2100.797
0.009164373 2023.696
0.007373881 2294.304
0.007730008 2640.901
0.01244358 2807.867
0.003476595 2483.632
0.00365593 2463.534
0.0009863809 2163.001
0.004718698 2246.729
0.0101697 1990.486
0.0145069 2006.753
0.01281413 1714.205
0.01135281 1619.021
0.02211426 1643.161
0.01096071 1645.769
0.007303182 1761.276
0.003806232 1609.782
0.001276006 1816.82
0.02750229 1920.696
0.02285724 1523.552
0.01736968 1255.328
0.03036203 1054.566
0.02373674 1151.771
0.02885021 1137.781
0.01359162 1358.41
0.01169426 1170.012
0.009733245 1304.425
0.01212355 1416.985
0.01425337 1473.065
0.003525121 1350.192
0.001503933 1060.676
0.00502278 1157.218
0.014643 1274.942
0.01486786 1035.719
0.02068696 1049.162
0.02537957 1193.784
0.03135244 1260.216
0.01770603 1273.645
0.02813864 1099.345
0.01652997 1155.434
0.01602635 1419.214
0.01583057 1253.516
0.01264921 1232.114
0.006889832 1316.662
0.01421033 1131.48
0.01801902 1152.068
0.01333181 953.5293
0.01102753 963.2581
0.004176098 861.9157
0.01289621 944.6786
0.01981121 1036.913
0.01890004 1138.625
0.01403952 1161.893
0.003093907 1157.693
0.007590507 1183.299
0.01578426 1292.206
0.02294517 1574.471
0.01759841 1460.988
0.009992668 1208.705
0.02418603 1122.698
0.01368445 1309.395
0.006849386 1275.755
0.00523467 1182.46
0.01615588 1208.907
0.01226815 1292.531
0.02132607 1107.596
0.02827342 1101.417
0.02480498 1095.146
0.02253272 1306.032
0.0186415 1546.919
0.01790138 1503.852
0.001948746 1738.148
0.00160254 1806.002
0.004437008 1982.754
0.01156217 1753.418
0.002092575 1585.521
0.01403438 1759.876
0.009955809 1639.442
0.01208104 1673.202
0.01768287 1323.658
0.02254799 1418.905
0.02784359 1321.526
0.03562822 1323.242
0.01839048 1457.624
0.01634442 1479.937
0.02087612 1583.43
0.01595854 2009.573
0.0152536 1798.518
0.01540118 1738.598
0.00799484 1740.764
0.01244741 1549.708
0.007408025 1689.548
0.006306049 1649.595
0.004441283 1573.537
0.01084444 1534.053
0.01708737 1780.077
0.01208205 1927.735
0.01119204 2059.724
0.008856362 1764.37
0.009062389 1611.392
0.01838973 1627.195
0.004772646 1494.043
0.00130631 1482.803
0.00770882 1398.889
0.01387996 1204.112
0.006183732 1410.796
0.0152191 1419.241
0.01278569 1355.679
0.02749004 1316.499
0.02117024 1187.669
0.01091892 1243.622
0.01022662 1181.38
0.0002279159 959.0397
0.00105277 1316.194
0.01709148 1389.337
0.004026342 1220.786
0.001750374 1184.598
0.006378644 1188.381
0.001827792 1260.414
0.00416762 1379.569
0.0002048726 1435.637
0.000783822 1554.435
0.002514209 1262.318
0.004982835 1030.212
0.000792671 1187.096
0.0004602205 1141.004
0.001376692 1203.789
0.00152069 1088.937
0.003169097 1173.91
0.004805619 1110.179
0.004542487 1107.617
0.00235448 972.6183
0.007044329 1017.698
0.007844531 982.5106
0.0101762 1076.328
0.003685634 1100.719
0.001664688 1221.107
0.002241355 1150.181
0.007817311 1256.268
0.01414573 1519.114
0.0191475 1706.131
0.0103111 1785.376
0.00483079 1906.885
0.00686896 1713.134
0.003387765 1479.246
0.008030562 1721.51
0.007621334 1851.285
0.01023077 1946.934
0.0195875 1588.192
0.02897267 1684.69
0.03567222 1672.29
0.01026144 1710.083
0.01541112 1828.246
0.01246085 1843.658
0.005506765 1691.319
0.007222458 1771.233
0.008821292 2323.462
0.004969825 2212.906
0.001313326 2031.04
0.003007556 1925.531
0.003925794 1547.711
0.002148793 1434.37
0.006782061 1540.561
0.004994895 1217.15
0.01397099 1074.218
0.01993356 1008.661
0.004940443 1010.071
0.003548205 1043.73
0.00352363 1213.757
0.005088154 1024.099
0.004120177 1085.226
0.009863363 1034.077
0.02391533 1017.496
0.02252479 852.2795
0.01614705 872.1563
0.01866264 1046.918
0.003640634 968.0476
0.001909421 1043.874
0.008987874 1034.201
0.01341691 971.7261
0.01755274 1114.98
0.003901311 1194.844
0.0112145 1461.983
0.01521004 1593.374
0.01797386 1596.633
0.03556705 1443.994
0.03967404 1260.572
0.04117787 1148.929
0.03586659 1192.468
0.02317015 1168.3
0.02583177 1171.102
0.01054082 1059.206
0.001755522 867.7258
0.02111834 879.5001
0.02894879 864.8892
0.02633306 904.3481
0.04184311 1030.82
0.0467888 975.1341
0.04301696 1085.947
0.03725424 1290.925
0.03056958 1108.665
0.02505978 1054.965
0.01259324 1217.717
0.01612585 1332.646
0.01736962 1511.058
0.0382877 1551.798
0.02553563 1457.365
0.03009618 1636.284
0.01412958 1766.339
0.01097214 1743.21
0.009217269 1563.796
0.008933607 1564.493
0.006938031 1661.191
0.01084058 1675.566
0.01312587 1819.205
0.007304978 1576.2
0.008749213 1864.247
0.01468448 2012.095
0.0143267 2167.02
0.005316267 2054.166
0.006662207 2000.021
0.0114322 2085.579
0.02271428 1679.482
0.01829793 1450.747
0.01767576 1755.826
0.02527968 1827.243
0.02924055 2067.083
0.02655654 1692.492
0.01101395 2147.909
0.005055983 1638.447
0.004442922 1477.608
0.01136952 1355.495
0.01129546 1470.466
0.01790416 1331.583
0.02533212 1098.047
0.01859688 1105.123
0.003401733 987.6956
0.008792272 884.0728
0.00865841 828.8147
0.0159198 705.0512
0.04250887 655.7916
0.06242952 634.8574
0.04053435 565.5656
0.03960571 591.1861
0.06550005 556.1711
0.06863804 543.483
0.103308 599.7354
0.08296516 596.6817
0.08575144 553.14
0.0638183 504.7947
0.05255821 533.2383
0.06010044 596.7881
0.06199122 734.4608
0.06436926 672.5091
0.07453944 663.823
0.03613782 720.7574
0.03814943 624.9094
0.02896521 624.7018
0.01426787 638.5441
0.02450802 702.2891
0.007191108 759.6416
0.0115413 901.0475
0.003217056 965.6813
0.006614224 830.1372
0.008448604 707.371
0.001565796 783.284
0.01089641 845.4246
0.01110513 818.2856
0.009668971 924.4975
0.004481993 890.3702
0.003249205 795.1662
0.006862804 932.5177
0.007374125 894.6519
0.00619143 898.2431
0.004212382 957.2504
0.002885455 784.8556
0.002040169 650.4497
0.009486912 679.9259
0.003911284 710.3003
0.001883256 656.4025
0.001930015 555.3658
0.003522356 560.8241
0.01197337 531.2176
0.005957631 437.0723
0.009845625 455.7904
0.00209845 346.9318
0.01694435 394.6887
0.01871527 377.9532
0.02377538 377.8491
0.03461225 394.7095
0.03330189 406.1627
0.02319744 410.4602
0.05010135 386.4146
0.05646329 379.9765
0.06735902 415.8615
0.04382285 434.7001
0.0458927 450.0499
0.06452205 488.0279
0.02543843 437.6898
0.05581429 388.9963
0.05425378 486.117
0.03437268 507.1567
0.01353736 506.9066
0.01072701 596.8452
0.01587276 711.0503
0.01150468 864.5775
0.004232596 811.6153
0.006569646 688.7613
0.004643499 742.4783
0.006127054 756.6314
0.00941374 863.4531
0.00240317 839.5549
0.002010915 834.0613
0.007416429 1026.19
0.01066553 1142.562
0.004166684 1192.501
0.007724486 1311.263
0.005771781 1217.422
0.01726625 1194.007
0.01417896 1269.128
0.01106203 1160.265
0.01302639 1276.599
0.008725675 1432.313
0.006130923 1819.404
0.007027185 1844.66
0.01064325 1652.975
0.004007044 1758.648
0.001982921 1846.286
0.006922486 1791.437
0.01815594 1510.647
0.02657854 1489.163
0.01844465 1328.885
0.01644392 1305.549
0.01942643 1205.086
0.0173435 1386.183
0.01564807 1165.278
0.01161795 1345.401
0.01280704 1283.66
0.0006812016 1335.27
0.0006057654 1635.056
0.00434028 1990.027
0.002435039 1752.039
0.0005153846 1746.737
0.001697444 1699.584
0.001961535 2073.677
0.0005016214 2369.022
0.002385794 2172.427
0.004504463 2289.352
0.01216209 2704.556
0.01334973 2639.842
0.01637989 2857.974
0.01413843 2422.851
0.003834879 2544.745
0.006785654 2357.983
0.005242473 2285.63
0.00259584 2303.473
0.008382276 2138.89
0.007504795 1838.473
0.003604792 1591.508
0.0032669 1641.699
0.00741015 1716.153
0.003040572 1479.248
0.009613783 1097.832
0.007718112 1122.116
0.00439103 1255.898
0.004081954 1338.394
0.005516283 1191.574
0.0009031966 1210.298
0.002367838 1015.512
0.001127186 1120.008
0.000706071 1143.106
0.004437416 1127.059
0.006484076 1144.946
0.01084772 1177.831
0.02194442 936.5901
0.01157196 908.6175
0.007737406 914.0557
0.0121566 709.5116
0.02146133 828.1356
0.009377965 867.8347
0.008023518 868.6661
0.01790775 859.2737
0.01697657 782.1025
0.02890029 735.1652
0.02961069 675.2379
0.0322606 706.194
0.05254279 601.5647
0.06996741 554.8844
0.07442649 545.7753
0.08105801 484.4873
0.0476226 611.4406
0.04646417 552.9774
0.0256024 512.7377
0.01385756 536.0756
0.02053591 577.8819
0.01516045 525.6736
0.004625174 534.9957
0.007875082 581.9185
0.01632151 567.4841
0.02242157 557.739
0.01163812 530.9581
0.01569115 525.5098
0.01749898 463.8441
0.005925029 468.2499
0.01522624 482.7023
0.01151264 441.8643
0.02392356 411.3692
0.03002109 433.3408
0.04205613 505.3897
0.03618997 560.7664
0.02627772 608.2366
0.0189379 696.4285
0.009240001 714.6028
0.005684211 796.6282
0.007537085 816.9604
0.003882887 861.6904
0.01114922 774.7521
0.005192943 900.7349
0.01208728 885.2259
0.01652417 976.1808
0.01204259 859.6232
0.01336278 892.4486
0.01134107 741.888
0.01438581 809.8683
0.05914318 715.9673
0.05135642 752.0529
0.04605598 723.3745
0.02933925 771.006
0.02289548 734.1433
0.01975475 628.0063
0.02111271 590.8651
0.01666794 634.3854
0.01647975 509.5276
0.006442262 612.8845
0.006131954 718.0821
0.01425464 675.8832
0.02279538 746.8903
0.05113274 736.9127
0.02747303 695.1429
0.0139562 649.996
0.006764942 598.7384
0.003610303 639.407
0.008993595 757.2538
0.005785547 768.9189
0.003831687 875.6432
0.007692968 798.4861
0.01294457 819.6307
0.01468221 832.5958
0.01227945 757.0079
0.005682106 695.6992
0.01556572 709.817
0.005627204 803.2863
0.001653303 720.4864
0.009449563 690.2648
0.01275388 659.6504
0.009727628 617.8996
0.03482759 673.6261
0.03542539 632.9112
0.06318936 669.1673
0.06133141 753.2523
0.04523535 693.7372
0.03744357 693.7506
0.03441898 728.5239
0.03859479 698.5112
0.01596586 781.5784
0.0185696 722.7419
0.03074699 643.2107
0.02951077 668.787
0.02691908 767.7242
0.02879745 693.9941
0.03054186 640.9271
0.02908686 632.6118
0.02123457 744.9626
0.01601313 704.9995
0.00806111 678.3948
0.006959288 711.9811
0.01661156 604.9416
0.0117155 552.7864
0.0007165663 532.6513
0.001216881 588.3572
0.002588911 504.5186
0.00722226 578.7393
0.007646032 459.715
0.01367542 394.8285
0.02206074 433.5971
0.01864104 484.6591
0.008734172 450.8792
0.01310242 412.1046
0.02202134 465.1331
0.03112275 469.1166
0.02401692 439.7458
0.01463233 463.4373
0.002757419 440.6364
0.01994657 389.024
0.01086857 398.9402
0.01287974 359.7042
0.006342819 400.166
0.01772573 430.5161
0.01355982 410.2
0.006893553 406.4758
0.0125845 409.3865
0.01224019 419.1127
0.01394797 464.7046
0.01201806 518.8681
0.01095059 503.1595
0.0113172 456.9393
0.007043164 532.7896
0.009641765 592.2581
0.01680158 526.2139
0.02397564 437.8501
0.03506062 459.4583
0.02315476 435.3416
0.01129032 416.5224
0.01850864 394.8401
0.02161347 365.8693
0.03392422 348.3609
0.05975433 390.9657
0.05108375 450.33
0.08350311 423.0936
0.07764442 434.5843
0.0674597 334.9935
0.06868949 364.9541
0.05540243 392.4666
0.05376785 370.2256
0.03452941 452.7868
0.03847988 535.4521
0.02504054 518.2494
0.02338148 485.9371
0.02930903 536.3623
0.0256326 454.8427
0.03893787 522.2609
0.02333116 560.3225
0.04051201 543.1473
0.04388221 575.3221
0.05720281 584.5831
0.07491711 740.0506
0.04907773 731.3043
0.07460154 813.7425
0.03951422 843.3506
0.03646569 825.55
0.03112201 749.7627
0.01861506 534.4305
0.01543179 578.6546
0.004770863 597.9577
0.005279865 673.1526
0.006848056 746.3929
0.01696759 668.2767
0.01685675 631.694
0.01623521 547.1813
0.02171175 610.7014
0.008778559 636.103
0.006878624 666.2653
0.01470796 665.7663
0.007864526 617.8697
0.01065963 605.096
0.008245999 656.7727
0.01958144 687.7004
0.01491769 603.975
0.007496034 528.2738
0.008104903 477.0989
0.01255586 440.4822
0.02448722 375.6966
0.03486249 477.0493
0.0261622 500.0463
0.03252667 573.3432
0.03137357 646.9733
0.02173486 622.7868
0.02340926 488.4173
0.02979786 482.2805
0.01922414 534.1153
0.02859403 693.4213
0.02920108 730.6643
0.02930534 800.2272
0.03273409 737.8623
0.02104402 766.8491
0.01805981 726.4481
0.01058758 714.8538
0.003550209 651.4866
0.002385402 702.4802
0.003533563 684.1868
0.01258647 766.0042
0.01216496 803.2451
0.01958393 852.4183
0.006042394 833.805
0.02169806 887.6516
0.01420511 919.8814
0.01381211 911.7388
0.01990396 844.402
0.006787931 745.1901
0.0004618004 804.2188
0.0006924302 839.7751
0.01531087 1119.657
0.03432433 1199.061
0.02535599 1145.622
0.04075152 1156.408
0.04371798 1251.536
0.06476222 1263.835
0.05567145 1324.486
0.07137404 1412.588
0.07199092 1215.72
0.04715526 1231.223
0.0206886 1530.064
0.02419177 1371.749
0.01972646 1275.543
0.01300696 1194.249
0.01937336 1227.507
0.01236937 1099.976
0.01282454 1182.653
0.005941428 1063.078
0.01156204 838.9642
0.00670777 860.669
0.01235673 775.2964
0.004855863 991.7614
0.01026997 1039.191
0.01439853 999.6954
0.009064812 1003.979
0.005886243 1103.334
0.00389865 1106.689
0.0112354 934.4504
0.0134108 920.1208
0.009694214 1021.095
0.01352896 1116.949
0.03577556 1121.304
0.01602356 944.8003
0.01258077 889.5698
0.007159475 935.9352
0.01287857 1051.389
0.01130651 964.2431
0.01194887 1093.24
0.02335215 1109.229
0.02613871 1166.833
0.02256992 1275.719
0.02552065 1398.778
0.03196552 1374.997
0.02273915 1380.471
0.02901547 1395.024
0.01653449 1271.156
0.02742211 986.6967
0.009523938 828.3814
0.005405703 735.6715
0.01698763 800.9981
0.01308063 820.9265
0.01057117 854.627
0.001752266 934.0575
0.002679623 1223.888
0.003149466 1124.604
0.002163624 1153.452
0.00931254 1190.472
0.006307046 1388.961
0.01398886 1371.537
0.004875364 1570.854
0.008730981 1656.652
0.006601199 1481.426
0.002845194 1392.639
0.005576698 1381.502
0.01176632 1366.568
0.02300973 1264.755
0.04079202 1295.392
0.07579872 1316.507
0.05790228 1500.878
0.04711376 1397.985
0.04252308 1368.693
0.024932 1437.711
0.01192753 1892.078
0.001498381 2074.882
0.001278944 2390.927
0.007429899 2560.193
0.004642952 2539.106
0.002877151 2250.828
0.002055563 2135.651
0.0004584076 2494.607
0.003014783 2771.085
0.01106836 2366.022
0.004248227 2172.986
0.01569101 2126.014
0.006772925 1831.069
0.006515024 1824.302
0.008436772 1714.389
0.02825994 1555.227
0.03389114 1743.3
0.02371394 1688.804
0.02181307 1536.996
0.0116253 1301.877
0.006075018 1158.041
0.0184257 1085.588
0.01969283 917.8148
0.01455388 902.1788
0.01381896 832.5824
0.01210464 790.6084
0.009933672 668.5362
0.008978285 543.148
0.007297498 428.4547
0.01335037 578.6529
0.01621594 636.116
0.02157314 609.8642
0.0161679 536.1532
0.001754408 532.8618
0.001942138 526.1042
0.01278585 476.5325
0.00188943 528.3776
0.007688194 557.0632
0.00936161 623.9149
0.01564462 621.8674
0.02415168 542.8165
0.0319532 508.5054
0.02476143 495.1451
0.02858539 469.4692
0.03054728 483.3429
0.04275908 527.1795
0.04838905 520.6985
0.03203025 610.7655
0.02530831 523.7442
0.02487829 443.0149
0.03829461 510.3406
0.03635152 478.2835
0.03149317 446.2967
0.0162518 457.2412
0.02707339 452.9922
0.04091218 435.6343
0.04112133 378.1781
0.03068702 366.5665
0.03065613 422.1453
0.05243753 494.5793
0.06837856 569.8296
0.07945505 614.1874
0.06718631 669.2645
0.05389672 654.9757
0.02964398 638.3674
0.01555046 638.1938
0.01361258 714.77
0.02016367 829.6076
0.01277027 774.8331
0.004146143 707.552
0.005942164 799.7841
0.01116308 830.1351
0.004995487 987.1352
0.008990622 913.3587
0.02116549 890.3317
0.007420491 991.7502
0.007859131 827.913
0.005002196 820.877
0.001457232 1006.426
0.005671938 1052.446
0.009451594 1255.112
0.03151012 1157.289
0.01518426 1184.022
0.01732284 1060.632
0.01483472 932.2831
0.01012959 1001.277
0.01219045 783.1316
0.01579124 741.7439
0.03239284 637.6551
0.01223703 613.0866
0.01280802 501.3221
0.007669988 504.7989
0.03229734 553.6691
0.01823307 534.6857
0.01710606 502.5034
0.006882976 493.0589
0.01479954 520.4685
0.02467456 435.9228
0.01851679 413.79
0.03595503 393.0737
0.07055489 385.7577
0.0425344 382.3365
0.06687466 379.4865
0.06056368 385.1333
0.089769 367.4683
0.1160157 446.1741
0.1816323 453.4487
0.1386755 485.2975
0.07913805 450.5664
0.05653904 487.9042
0.05768046 430.8454
0.06455813 609.7941
0.04302088 511.8692
0.05212717 449.0111
0.06604458 466.6956
0.09518596 390.651
0.09075252 417.6751
0.1035865 381.8288
0.1068393 371.1981
0.1471748 373.4646
0.1261236 375.0992
0.08409026 371.9735
0.0928816 376.6831
0.1125003 398.2932
0.08080934 443.644
0.04547572 466.8538
0.05991754 690.19
0.0331361 751.2508
0.07552115 758.2819
0.04616961 738.9314
0.03079299 865.2523
0.01165572 924.3851
0.01560978 753.7362
0.003754046 726.8015
0.007149483 814.2407
0.01827692 881.7373
0.03581744 792.1917
0.06326564 918.0808
0.06196687 963.5039
0.06341164 828.3837
0.07044964 913.0111
0.07016415 1008.6
0.04642707 1031.31
0.06896676 1183.387
0.03914314 980.8271
0.03174204 995.5993
0.03911206 1125.274
0.01547136 1059.286
0.01548915 1027.742
0.01572253 993.5954
0.01702415 1036.262
0.01687847 1040.61
0.01463554 977.5612
0.004891948 979.8058
0.003154747 943.1289
0.008514528 822.6244
0.01039805 763.1347
0.002628634 842.6449
0.002786669 985.6536
0.01113815 969.9433
0.01126347 843.6155
0.005323526 850.5489
0.004515367 954.9899
0.01175399 830.2038
0.01804893 749.4449
0.01225777 628.5027
0.03952582 593.1158
0.05606991 519.8958
0.05267624 490.7163
0.07703917 541.5678
0.04786521 529.7853
0.02970417 545.9842
0.01559214 471.9821
0.02008311 482.2086
0.01444378 476.8481
0.004843576 565.8077
0.00628097 640.3378
0.00469761 646.8649
0.01080798 652.971
0.006833619 656.5674
0.009799038 662.7457
0.007630293 716.4556
0.003978874 638.5742
0.0163279 544.0123
0.03580562 537.0226
0.06132929 517.6501
0.08872264 560.1166
0.07835628 526.2528
0.09557792 490.4897
0.08786183 483.1496
0.07973367 495.775
0.04560861 526.7849
0.02623773 491.0954
0.029549 509.101
0.05875792 628.9651
0.06917909 612.105
0.04951694 512.2523
0.04532552 589.4303
0.02576878 526.2578
0.02236869 561.3504
0.0318624 642.0518
0.04072106 695.9787
0.01974762 732.8521
0.01720588 671.3547
0.0100861 683.4346
0.01382822 615.8848
0.009163558 714.5604
0.003223309 747.5499
0.004834987 824.4286
0.01219272 676.2809
0.00569733 666.8632
0.003686042 592.8132
0.01061038 496.891
0.01331436 575.473
0.02123512 609.746
0.02636678 570.8703
0.02607164 574.8091
0.02251289 615.367
0.01681319 545.0768
0.0261136 571.6829
0.01697372 604.0784
0.01261611 599.8482
0.01205395 481.5211
0.01228124 528.8472
0.007858822 555.8735
0.007164445 503.2665
0.02283207 535.8146
0.04244885 544.0876
0.05230208 607.1947
0.04875222 651.6664
0.03897413 567.7544
0.03729404 659.3942
0.05072831 553.6026
0.02471643 619.4085
0.02662081 639.4859
0.01886693 741.5854
0.01737325 708.4808
0.01719098 670.4969
0.03150607 584.9047
0.0549359 508.1168
0.056101 554.5376
0.05755321 509.2843
0.09809472 506.4196
0.1108659 534.0691
0.09449971 481.0924
0.1024132 394.3106
0.09360767 389.3884
0.14824 456.6599
0.1578019 330.5668
0.1194006 397.9498
0.1296826 320.1929
0.1529868 275.7123
0.1594709 280.9432
0.2131593 269.1073
0.2219437 254.4379
0.2156374 230.1954
0.2632672 228.2816
0.240729 226.9808
0.1888373 281.5128
0.1428535 293.9819
0.1147797 291.4462
0.1051796 289.7022
0.1100706 334.0252
0.1116226 292.4728
0.1142095 289.0653
0.1189356 294.3264
0.1057311 267.4541
0.08823614 265.8504
0.09636192 306.4822
0.1328761 363.404
0.1436329 421.5167
0.1343872 369.331
0.08413455 466.6054
0.1073014 547.4269
0.09611663 571.3419
0.09542753 473.642
0.08810425 464.554
0.1011123 543.8208
0.1084737 553.2912
0.143406 489.7101
0.1777982 487.3108
0.1413347 441.0244
0.1373325 582.7268
0.1158575 639.2216
0.108589 699.7105
0.1121503 599.2717
0.1108872 573.106
0.09671384 562.4088
0.09743234 522.91
0.1072545 487.3342
0.09215388 511.8462
0.0711299 547.0186
0.05268395 640.6356
0.05314546 621.1045
0.04185246 637.0432
0.01928546 692.8929
0.007142748 645.6632
0.009558875 668.9499
0.005004551 725.1627
0.0075005 762.6591
0.009562412 811.7266
0.01438486 884.0165
0.03939296 927.7162
0.03441175 863.6731
0.04645453 728.8398
0.02026443 680.4633
0.02120595 578.5128
0.02123684 567.7833
0.02390585 672.006
0.03818773 686.1342
0.03860027 748.0666
0.02858815 799.1096
0.03320341 889.997
0.03023638 887.7609
0.02721661 810.7588
0.02904897 920.2193
0.01609561 789.0658
0.02174975 771.8719
0.006099829 782.0117
0.01733245 873.6774
0.02020517 880.9404
0.01499331 992.0455
0.009365845 953.2058
0.009048319 885.7274
0.00649822 801.028
0.01205595 809.8946
0.007803686 873.599
0.003071606 682.2412
0.004066566 607.1004
0.005637993 535.1689
0.01887828 585.57
0.01888108 546.1234
0.01853381 585.6652
0.02393868 687.2663
0.02689777 609.7109
0.0257775 729.9662
0.02061266 705.6005
0.02357181 781.32
0.02007519 949.2801
0.01180748 1024.188
0.002958349 946.3898
0.008512784 936.5228
0.008078107 965.1518
0.01344314 815.1917
0.01968164 907.8487
0.02306662 948.2646
0.03183583 1002.502
0.03834585 926.6047
0.03756152 899.5539
0.03037089 795.6555
0.05215321 837.5928
0.05809618 936.5367
0.07092359 689.1631
0.05265593 590.1438
0.08194394 540.6607
0.08164586 600.5386
0.08326157 548.0626
0.03670362 544.6967
0.01715807 615.8496
0.02541433 535.5931
0.02027816 582.3995
0.04517063 569.3251
0.05124976 612.6865
0.06930087 624.7267
0.06786207 659.7799
0.05205967 738.1254
0.05419139 767.7328
0.02219073 657.3021
0.03466775 654.6319
0.03514515 598.882
0.02657108 585.3256
0.03509868 604.2799
0.01688933 503.5052
0.01829634 541.7029
0.01484784 539.1612
0.01565628 544.7104
0.0163809 455.1827
0.008125072 508.8911
0.003312105 490.044
0.008987275 518.8234
0.01394011 494.5957
0.01179379 480.9389
0.02734586 446.3009
0.02349252 413.8279
0.009045851 424.4604
0.001952846 503.8499
0.004755496 556.8025
0.006035013 581.746
0.004827937 605.8928
0.009472229 553.1977
0.002578744 473.8919
0.007698827 474.3242
0.008148038 481.3593
0.005816662 421.5757
0.003800795 392.7907
0.0006015381 373.0828
0.003532654 343.1623
0.006747707 335.7203
0.002778608 361.0974
0.00392973 376.8202
0.02146632 338.4876
0.02269239 401.7017
0.03216587 408.6504
0.06596297 420.7448
0.06537162 454.0411
0.06426415 356.1993
0.07620843 438.1171
0.07589472 464.93
0.1049124 423.8916
0.1083766 375.8189
0.08688647 332.467
0.09710369 356.3206
0.08183534 284.3177
0.06573511 311.212
0.0520606 328.1364
0.04313377 366.4987
0.04862982 382.4121
0.03497682 420.5942
0.01864727 426.0918
0.03200955 430.4197
0.02229419 427.71
0.02562462 424.6868
0.04249628 531.8108
0.0804944 576.8925
0.0514 590.7883
0.04761136 729.5685
0.07245529 622.6783
0.07677502 609.7926
0.05804921 729.6926
0.07254082 706.0855
0.03526862 695.2808
0.03598166 753.7726
0.02577968 770.5488
0.03996922 777.5945
0.03378149 896.7897
0.03877504 846.9139
0.03007425 813.958
0.04164757 782.6796
0.02590315 755.6988
0.01676556 804.2918
0.01949532 859.8569
0.03510015 798.4331
0.03933644 821.1141
0.03768346 838.3143
0.04862101 919.6315
0.05660601 836.1881
0.06979596 807.7861
0.05935659 776.5979
0.05416507 753.5674
0.04119197 724.8934
0.03685282 749.8172
0.04651402 893.6103
0.05915897 854.4332
0.04640557 824.3535
0.02570267 805.8643
0.0212411 869.5451
0.01381847 868.7197
0.01173505 847.9193
0.00739796 740.4907
0.006517493 766.1624
0.008985941 808.4164
0.01924547 762.9186
0.02370431 695.3585
0.0259043 765.9149
0.05119199 811.3987
0.05051583 831.0035
0.03324876 896.8179
0.02591639 921.2086
0.02901001 1024.217
0.02646268 1134.481
0.03426349 975.1884
0.05345859 1023.067
0.03404442 1001.651
0.02419955 890.8251
0.02464576 825.6993
0.03145337 841.5743
0.03288581 733.9843
0.02079907 719.6308
0.01427093 668.5818
0.01116073 630.8518
0.006367497 651.1746
0.003556568 712.7272
0.03000085 706.3152
0.02255791 737.746
0.03758689 805.4623
0.01990917 797.9785
0.03473777 629.9294
0.01647505 626.0982
0.007810032 565.1495
0.007346897 580.1709
0.00713532 741.8809
0.0106481 780.4119
0.00222022 651.4821
0.002352465 622.8661
0.00563478 724.6101
0.003657073 716.4978
0.004373134 628.9104
0.0009141509 585.6915
0.0007567475 557.9734
0.005749457 514.2737
0.01292906 475.8934
0.01740422 505.5889
0.0178482 580.8921
0.01811935 528.3982
0.01133923 495.1776
0.0129228 443.4959
0.01807634 439.2863
0.02895203 436.626
0.03369092 462.9966
0.03277224 477.7472
0.03285421 602.1851
0.03102056 545.5751
0.03200236 592.2987
0.03847067 618.6626
0.05510874 534.2268
0.05956556 588.6444
0.0770744 588.3125
0.08641714 641.2201
0.08370205 588.3778
0.09321133 524.3243
0.06443809 518.7942
0.05311584 570.6948
0.02939368 493.7544
0.03452715 465.0128
0.0346259 468.1813
0.02936462 560.9007
0.029545 586.0645
0.01705977 585.3137
0.02582037 677.8878
0.02652377 701.5351
0.03123508 725.493
0.01774917 725.8744
0.0357818 620.1925
0.06160167 736.651
0.07438279 757.91
0.06845884 760.8881
0.04785443 812.2851
0.02323346 627.1301
0.01886753 714.1087
0.02562665 567.8142
0.02570943 576.9624
0.02358334 585.4016
0.01346648 491.6614
0.01091781 675.6242
0.005998151 665.3632
0.003320117 888.5612
0.0150776 881.4754
0.01513512 810.3937
0.003034142 868.8227
0.0127385 864.3768
0.02393494 975.505
0.007439497 1025.297
0.00550458 865.5904
0.01268417 778.8027
0.00258662 873.297
0.01200248 827.037
0.01623431 802.7849
0.02075662 681.3866
0.01574687 794.0833
0.009491578 833.5716
0.01247151 826.1748
0.01082507 852.4645
0.02014907 848.408
0.02265796 771.4437
0.01835193 924.1618
0.01079567 886.0883
0.02990679 954.8851
0.08174432 969.7073
0.06655926 1069.291
0.07036089 1168.57
0.06711589 1165.254
0.05562369 1084.068
0.0219268 1077.399
0.02569943 957.1317
0.02346072 900.7379
0.003590162 862.4521
0.01871045 838.7804
0.02471418 935.3667
0.01980992 864.2186
0.01224268 1040.327
0.009302356 1054.156
0.001769662 950.0676
0.001583596 1011.643
0.01659597 898.0876
0.02167978 839.4889
0.004638024 895.0225
0.004897898 990.2335
0.001749218 1134.249
0.004062697 1137.334
0.0018416 1164.526
0.006499406 993.6249
0.01465927 1028.939
0.01626048 1187.089
0.01403193 1126.063
0.006157136 1053.09
0.009006854 926.6714
0.01105128 1013.21
0.01243644 1002.142
0.00694386 963.256
0.003804305 1029.344
0.007663895 1044.169
0.001849918 975.1169
0.003264186 856.4905
0.006507971 675.3755
0.02132905 498.8853
0.02958232 487.2598
0.03247123 415.8489
0.02935012 416.2175
0.02107439 392.4367
0.03098902 433.8722
0.07652078 460.705
0.06079167 423.3575
0.04773978 492.0599
0.06687166 500.4659
0.05379357 567.2166
0.03309697 562.331
0.06481767 616.343
0.08863876 588.9204
0.1119568 585.4897
0.1041156 609.8416
0.0690641 550.9369
0.07769226 513.2842
0.05731231 487.3264
0.0493117 596.557
0.02525129 651.3048
0.02353513 590.5023
0.0250821 565.1997
0.01510398 537.8354
0.02614704 608.4424
0.03817061 577.9896
0.04341966 525.1808
0.04118981 540.9245
0.03426477 518.386
0.06715852 527.1667
0.09074527 549.0909
0.07572695 515.2959
0.08504011 459.1705
0.07668098 452.6311
0.07519418 447.2915
0.09904674 406.9698
0.1045494 407.388
0.1015448 443.6123
0.1381966 404.7608
0.1576889 467.4132
0.1904808 424.0013
0.1849605 489.3399
0.2109584 471.1338
0.1897605 512.4894
0.1703751 522.9138
0.1925267 504.7776
0.1567668 605.1367
0.144915 607.2584
0.1632483 605.7483
0.1437261 575.5988
0.1566405 539.9277
0.182695 541.2047
0.1770348 609.458
0.1209173 560.5406
0.1158183 541.1057
0.09614802 698.0346
0.09868198 700.9301
0.1066469 707.6226
0.09689491 637.2234
0.0951486 596.1839
0.08049264 557.5573
0.0566005 550.2592
0.02592399 555.8037
0.04044156 709.8516
0.01592535 756.2986
0.001981773 747.5886
0.0006277846 732.9171
0.0002567657 876.072
0.0002525983 924.2356
0.0029402 1057.113
0.008167589 1091.504
0.01170372 1201.305
0.004797744 1235.155
0.01037214 1490.75
0.004639206 1459.881
0.009583645 1638.101
0.009320254 1538.364
0.005629403 1230.33
0.003620237 1385.243
0.004540188 1678.103
0.004761867 1819.929
0.00198078 1581.691
0.00275421 1548.487
0.002648733 1432.892
0.003858787 1400.205
0.01392768 1403.632
0.01550167 1469.768
0.0113227 1151.418
0.01782638 1121.689
0.01854538 989.8499
0.01824902 1002.649
0.01833901 866.3869
0.005886379 760.3572
0.01000069 736.9198
0.01182895 789.2463
0.01363882 712.6661
0.01958403 620.1431
0.01523201 576.4967
0.02996471 568.9321
0.02691112 503.4427
0.01255231 473.4634
0.01317347 429.4967
0.009174754 411.285
0.01735699 405.0091
0.04177759 391.3619
0.03217932 377.2852
0.007276496 356.4103
0.002564418 327.4403
0.001152412 321.7495
0.004230079 383.1817
0.0102519 334.0708
0.008142625 381.4633
0.01132994 411.1558
0.02595354 417.526
0.04619543 393.012
0.05379895 462.3412
0.04642419 456.6428
0.05087782 402.3216
0.03025632 434.003
0.04107393 411.5457
0.02933367 406.426
0.03361665 380.505
0.01020517 425.1276
0.01386636 467.4318
0.008033577 433.8471
0.02317125 418.9496
0.02205418 450.287
0.02001094 475.4406
0.007675255 409.1343
0.03554348 437.0895
0.06773742 472.9583
0.06798135 497.4888
0.06614207 540.3171
0.05440928 534.3551
0.06556248 510.8641
0.05373683 654.8692
0.04689785 546.3104
0.02290443 525.0285
0.04345172 480.9084
0.02657943 505.4118
0.06010268 500.0609
0.03427207 609.165
0.03926301 512.877
0.02150113 514.5288
0.02361338 434.8584
0.02137225 350.1072
0.00335867 341.1518
0.001758072 321.3761
0.01965008 273.8115
0.02314543 295.0807
0.02322276 252.9445
0.02085896 214.7974
0.02234551 207.391
0.03043805 262.5269
0.0296848 241.8723
0.006761165 287.2067
0.02154923 265.8365
0.02283961 294.2579
0.03097002 271.1212
0.04357465 281.6502
0.07119476 309.6134
0.07614658 301.8548
0.1056097 309.2254
0.1217095 310.1639
0.133849 356.5016
0.1128286 398.9576
0.09331127 397.5637
0.1091823 388.5104
0.06072917 447.0307
0.06843453 501.9234
0.05568497 523.6515
0.06022769 525.269
0.07080033 587.5901
0.07064419 634.8252
0.07854319 681.5239
0.1019082 734.1619
0.08971014 757.2342
0.07492459 808.2703
0.07515693 752.3591
0.08596003 747.9922
0.05374212 604.195
0.05077012 507.8021
0.06113667 520.3115
0.09716281 529.1487
0.1060389 543.3097
0.1157516 545.7292
0.1303357 529.4488
0.1220086 543.7049
0.1339649 461.916
0.1409034 462.1876
0.1414297 511.0495
0.1898636 533.918
0.1519903 551.6648
0.146673 506.9027
0.1194948 587.3633
0.1403803 550.3679
0.07636257 607.7487
0.09080994 677.4766
0.087374 590.0571
0.08312674 672.4561
0.09862288 584.9909
0.07901882 524.9728
0.09946944 459.4269
0.09286051 537.5047
0.05998042 590.8776
0.05254291 559.552
0.05246817 707.5451
0.06475439 674.4712
0.06299638 667.6606
0.05995433 719.8137
0.1029468 634.3453
0.07552699 671.3368
0.06124599 583.425
0.06244146 508.901
0.1052716 524.3822
0.1423682 362.996
0.1101974 338.7162
0.1034864 371.6105
0.09453496 421.2586
0.03373389 468.2833
0.03142505 433.3946
0.03670805 439.799
0.034819 536.3032
0.03959923 552.5231
0.03096823 490.1753
0.04330051 527.7322
0.05196328 544.9491
0.07375157 486.2385
0.08537224 413.4133
0.1036186 479.3952
0.1125503 388.1375
0.0892401 365.0984
0.112083 353.9157
0.09263674 381.6529
0.07217015 363.1351
0.03724978 410.4291
0.02835216 443.568
0.04489194 416.168
0.05549866 482.3743
0.02379638 468.6422
0.0273073 506.7794
0.03993209 481.1846
0.03265686 518.053
0.04739206 546.3195
0.06359105 539.2239
0.05990841 593.6042
0.08920877 621.7973
0.07195917 632.1761
0.07509857 532.5076
0.06714544 558.03
0.0674105 609.8963
0.07073885 575.8953
0.06165931 603.0859
0.02842994 624.7439
0.01697561 703.5438
0.01582159 754.1515
0.01699387 798.8703
0.02011509 936.8086
0.0094391 716.5381
0.01082966 788.0211
0.01571427 748.0628
0.01246101 585.7114
0.005617072 613.3325
0.01043603 627.3714
0.0174825 588.3732
0.008552381 573.9866
0.01233544 541.1875
0.0214906 511.8095
0.0274842 611.7332
0.02712668 541.756
0.02093061 470.9534
0.01935892 468.744
0.01965325 451.0586
0.02772267 425.1439
0.0347512 443.8407
0.04933703 560.698
0.03592396 565.203
0.03617827 469.8174
0.04718595 563.442
0.01940478 459.7691
0.02091305 402.0495
0.02364614 388.8179
0.01252878 348.7124
0.005105121 385.7883
0.01085301 429.8275
0.005942407 385.9479
0.001792693 446.2011
0.005130631 461.8514
0.01136444 458.2296
0.009437777 466.2489
0.004363576 492.6956
0.002817768 518.5023
0.007218756 480.081
0.006787637 438.1584
0.01543497 390.326
0.01776596 374.2483
0.024543 427.4483
0.02687571 368.112
0.03732547 383.9947
0.03210951 426.874
0.03595064 464.8159
0.04176153 549.7388
0.02588712 608.799
0.01630638 737.1537
0.01376902 830.9978
0.01440726 779.2881
0.02119654 866.8508
0.01818938 753.3568
0.007470127 691.5717
0.01870435 645.5534
0.01322796 716.8318
0.01553706 810.1338
0.01353285 693.801
0.01815799 845.0069
0.03039976 892.4274
0.03314551 777.5487
0.02446839 933.5948
0.02790399 923.0905
0.03653266 871.6636
0.04465436 779.8519
0.03684382 692.5955
0.01277346 804.1779
0.01530763 879.1554
0.004427507 817.283
0.006272428 730.703
0.007518448 785.3887
0.01478227 705.0592
0.00917821 755.4979
0.008835848 807.213
0.001041812 673.3021
0.00564505 725.4908
0.002560108 824.055
0.006290848 889.7913
0.009805643 767.8492
0.0073203 826.3373
0.002353694 1032.917
0.005905152 853.2618
0.01545004 832.8655
0.03795393 864.8037
0.02897866 887.8724
0.02798166 772.3736
0.02092155 830.388
0.01694157 844.2923
0.01293036 891.0295
0.01387203 757.5297
0.005245683 723.3058
0.001832072 712.7835
0.001238355 665.5007
0.0003324915 552.9518
0.004607536 571.2234
0.00481566 595.1717
0.004076506 643.5105
0.006403143 687.3674
0.02622557 740.2914
0.02610067 856.8224
0.02815438 912.2016
0.01423829 871.7411
0.02474984 784.068
0.01259236 760.0715
0.02310467 863.0524
0.01709527 1040.161
0.01598204 1104.838
0.01363795 1038.003
0.006308673 1020.679
0.007231448 1209.072
0.01235783 1221.151
0.02074958 1206.921
0.04113732 1083.599
0.02233717 872.8243
0.02441432 892.1484
0.03585883 1032.707
0.02724747 1137.628
0.0189801 1170.621
0.03134066 1136.693
0.02744091 1278.318
0.01680629 1305.303
0.01669053 1205.407
0.01306836 1082.093
0.02180942 1073.854
0.02809076 1290.33
0.006770341 1230.504
0.006019894 1222.305
0.0006264402 1169.927
0.003797476 1357.391
0.00344525 1243.578
0.001323354 1081.133
0.003092056 1231.162
0.0005593054 1067.539
0.003525627 946.0102
0.00740314 923.3775
0.01516142 945.4273
0.01478971 840.9603
0.01169141 764.5075
0.007483948 814.4391
0.001818346 716.3745
0.008664645 818.5409
0.007742776 897.3668
0.01626749 830.0033
0.004027188 799.3486
0.006889597 827.233
0.01052778 797.0845
0.01216056 713.4631
0.02607216 819.5767
0.0351968 916.1031
0.02850448 719.7016
0.04295958 738.0952
0.04144701 694.2483
0.04681583 744.6258
0.03848555 929.8848
0.0601413 911.0242
0.05626593 950.7862
0.03217608 922.0811
0.02491515 881.248
0.01761331 1002.884
0.01680579 887.1411
0.01294108 1003.736
0.01391214 801.3036
0.03184416 745.5062
0.02708065 745.0131
0.03789625 748.1946
0.04195914 662.0387
0.04235083 612.9911
0.04119385 642.4238
0.02116196 735.8068
0.03635816 726.418
0.03114949 767.1774
0.03400988 763.7318
0.02184398 706.5707
0.01922417 672.2736
0.02486488 742.8919
0.02185938 800.3241
0.02885058 810.6326
0.02464762 874.2597
0.02084905 821.9975
0.03462722 960.4619
0.02345519 981.5679
0.03184613 1007.088
0.0354813 958.9103
0.02814677 1028.964
0.02619688 1091.308
0.02596261 1101.909
0.02313234 1268.828
0.01270259 1184.807
0.006609188 1593.403
0.00927099 1568.88
0.0135672 1329.838
0.02540203 1530.658
0.0329337 1752.543
0.02312652 1908.118
0.01132601 2044.725
0.01705082 1988.275
0.01340094 1966.457
0.009305818 1843.118
0.005657153 1846.197
0.002627757 1795.831
0.004426807 1821.801
0.003560805 1771.689
0.004315536 2046.402
0.008600822 2027.137
0.007728208 1691.95
0.006865366 1797.363
0.006648365 1473.074
0.006030482 1398.462
0.004339973 1302.873
0.00579896 1050.115
0.01446757 970.4471
0.04328548 1025.051
0.03034501 1158.417
0.01904485 1136.226
0.03221786 1083.738
0.02958373 1110.442
0.03134102 1100.648
0.02482063 1017.221
0.03768561 931.1204
0.03408383 991.1875
0.02285512 989.455
0.02955181 836.4317
0.03184158 730.3314
0.05256495 738.7581
0.02863288 717.5885
0.01971984 705.2697
0.0167592 639.3559
0.0200241 635.8221
0.009302411 688.7949
0.004708689 701.6546
0.004268647 631.8915
0.00606836 611.8152
0.0235762 579.4915
0.02587279 646.7854
0.02766983 634.3012
0.03732157 626.999
0.02119626 598.4266
0.01747347 627.7506
0.004717888 746.8104
0.007207205 852.7541
0.002275137 819.2029
0.008761134 704.682
0.006893385 705.4164
0.01894245 560.3872
0.03585233 586.4055
0.03555086 611.9249
0.02380007 697.7086
0.01480865 675.9436
0.02026319 637.5031
0.01206736 681.1893
0.043478 870.525
0.03620743 803.7711
0.02938437 810.2025
0.01553427 777.2018
0.04681093 785.5448
0.02850104 672.5373
0.02290657 687.2456
0.01050941 648.1648
0.00180654 718.3915
0.000142829 783.7795
0.0117131 759.4262
0.01889747 652.342
0.009529259 530.1775
0.01155879 502.6279
0.01033508 601.5767
0.01432301 648.4408
0.02319545 700.3811
0.02449172 711.7267
0.03527807 755.9817
0.01714169 718.2427
0.03592366 749.8696
0.02155391 755.2201
0.0265983 680.9202
0.01195567 634.6794
0.01289093 557.3092
0.01836324 636.3176
0.01699398 693.7395
0.0129871 604.0447
0.004733545 610.9394
0.005813981 671.0564
0.01224322 659.2774
0.01140591 855.6993
0.01912279 905.215
0.01086946 990.3784
0.00365856 911.0158
0.003378821 779.0102
0.004542572 740.958
0.006897088 704.4917
0.005976419 831.2593
0.0106361 878.6627
0.01554236 795.3031
0.01372109 856.2637
0.01033341 864.2139
0.01173698 1011.486
0.02003517 858.386
0.007206159 997.1005
0.006445131 936.1192
0.02252193 994.2668
0.01433469 880.5744
0.01607705 876.1705
0.007847981 916.3422
0.001881346 859.5196
0.0109353 980.7261
0.01960115 1134.306
0.01186628 1113.08
0.008702272 1022.923
0.004878696 1249.164
0.004563797 1200.74
0.02174373 1244.281
0.01098031 1092.244
0.01558169 965.5064
0.01268966 873.2458
0.01396427 815.8371
0.01283726 1039.301
0.01342037 1162.327
0.006973483 1197.991
0.0065564 1163.239
0.02233261 1245.191
0.01277986 1259.615
0.01527953 1036.934
0.01294355 1034.918
0.01171554 958.7527
0.003493175 905.9684
0.0006476445 965.3344
0.01313292 1090.076
0.01237412 1267.006
0.005008747 1258.312
0.009174147 1265.826
0.003550384 1557.856
0.001527157 1482.059
0.004447719 1590.052
0.01169261 1668.579
0.01435973 1672.897
0.01346666 1542.872
0.01887631 1410.037
0.009560048 1247.988
0.001125465 1250.031
0.0009515313 1591.295
0.003925789 1586.713
0.004850967 1585.834
0.01585162 1471.106
0.03356531 1268.235
0.02699144 1120.091
0.02818446 1066.615
0.01728777 1124.468
0.00227915 1102.702
0.003418401 895.9606
0.001966602 804.3158
0.008717572 778.3603
0.03442711 790.8846
0.008241239 809.8974
0.004972441 813.2958
0.007681295 677.0539
0.01373729 670.1885
0.01929773 637.7181
0.02160926 696.5155
0.0252329 673.3586
0.01636931 564.8306
0.01975191 501.6558
0.02578114 480.2475
0.02885545 512.6577
0.03373376 470.0043
0.03116979 476.4903
0.01503469 401.9184
0.02860855 419.6255
0.02956168 500.0623
0.03796485 483.2941
0.02737824 446.329
0.03895323 499.2242
0.01125048 506.1141
0.01346698 523.1148
0.03669604 441.405
0.051083 450.2503
0.07239663 405.7513
0.07056059 482.8243
0.07347092 501.2433
0.09684531 400.5028
0.07222731 485.2131
0.08166807 414.5665
0.09666493 475.5884
0.103054 438.9653
0.1312317 442.7819
0.1055676 470.0422
0.08568554 431.0096
0.08795201 400.3477
0.06123496 473.4129
0.08100136 465.4895
0.08902142 432.9288
0.1040947 370.7389
0.1085111 435.9567
0.1036893 398.1093
0.1092834 423.1641
0.1431317 496.9357
0.1181163 582.545
0.1035753 554.4982
0.06452374 603.5436
0.0578172 603.6801
0.0426043 551.6291
0.05096168 578.3376
0.049357 681.1252
0.02278208 705.4078
0.006871435 859.257
0.000730774 776.2623
0.002653252 698.8899
0.00360513 738.4064
0.00708947 833.122
0.02583702 904.9602
0.01725392 957.5808
0.02428892 965.3716
0.01758636 885.095
0.01838475 825.9002
0.01449521 849.824
0.02510426 982.7175
0.03031372 899.1695
0.01533459 977.6696
0.01484606 991.9748
0.011398 1214.633
0.007278067 1346.684
0.005106908 1551.231
0.003837506 1611.162
0.006095577 1638.509
0.01542565 1582.988
0.002337071 1538.27
0.0007175282 1746.996
0.001098719 1490.082
0.002577853 1607.486
0.002783744 1489.197
0.009789402 1419.708
0.009675545 1228.113
0.006236952 1147.046
0.0109617 1052.182
0.01314454 948.1413
0.01304623 993.8535
0.01301642 1009.933
0.02956654 1107.242
0.03889744 1028.96
0.03924989 958.9351
0.03075189 837.8187
0.03988138 814.519
0.041025 817.3723
0.02711333 946.8237
0.02157828 904.527
0.01072028 869.0876
0.02130815 834.8666
0.01558606 802.96
0.005100015 761.3877
0.01293809 720.3116
0.004928305 576.7238
0.01416221 476.7501
0.02030489 516.5234
0.0150841 527.373
0.03931705 590.8179
0.02214874 623.9104
0.01716751 687.1079
0.01960533 702.1808
0.03386914 608.0782
0.06914485 629.0997
0.07731574 531.9332
0.1033211 603.4928
0.09802506 667.6814
0.09289225 582.3601
0.1013885 558.1689
0.1013657 556.9466
0.0883874 546.4907
0.09803338 506.8831
0.08120249 507.6713
0.07308401 522.2467
0.07425942 535.3358
0.07859447 537.1379
0.05993663 553.6916
0.02552668 553.6031
0.01650331 527.7736
0.008559515 630.7933
0.004191635 588.9142
0.004924303 597.3373
0.00364951 615.6415
0.001067529 709.6929
0.005584532 700.0592
0.0120902 834.8796
0.00566391 951.2564
0.009282891 942.0623
0.007968296 922.9408
0.01935087 984.7102
0.007287623 934.522
0.01686145 815.519
0.01941836 828.8325
0.02333022 891.9391
0.01756844 884.6212
0.03732718 774.2101
0.03660099 863.8353
0.01762219 816.1359
0.03250518 764.5739
0.0236992 769.6622
0.03633737 735.8822
0.03849579 711.9582
0.04310347 789.7937
0.04271934 843.0393
0.05510056 781.0775
0.02231598 847.9819
0.03287681 805.3823
0.01978212 735.0445
0.01513128 738.8721
0.02674019 759.5112
0.02387491 721.6302
0.01018047 565.6408
0.004776884 627.0328
0.009869613 627.9877
0.0050185 593.4053
0.01041719 613.0496
0.01413043 592.8674
0.01400325 580.216
0.006347975 584.0614
0.004423333 524.0265
0.004952316 482.8024
0.008854144 540.1298
0.01429039 690.2891
0.009211836 848.4719
0.01746776 864.2243
0.01560634 948.4066
0.01625346 926.1603
0.02293671 991.8477
0.02949189 1080.701
0.02659857 1156.819
0.0311363 1072.384
0.02080355 1034.327
0.01839223 1035.81
0.03346062 934.6317
0.03129733 822.3934
0.01684299 683.4961
0.0202655 750.0949
0.02780383 813.3892
0.05838132 810.1853
0.05528075 841.0185
0.0556886 909.9908
0.02944811 751.2497
0.01856544 744.2879
0.02242565 831.7211
0.03628303 904.4095
0.02630532 933.8661
0.03873481 996.8464
0.02535226 1086.689
0.03282748 1070.247
0.03241285 913.6882
0.02959374 1100.74
0.04568849 981.9882
0.0507125 1095.842
0.04774838 1062.272
0.06394013 932.5952
0.04747816 960.2799
0.02595861 885.6304
0.01532685 769.5928
0.002459017 811.244
0.008422913 857.7815
0.01445372 829.9846
0.01463577 1163.964
0.01167982 1043.319
0.01526043 1102.527
0.01851889 938.5991
0.01890552 836.2648
0.01102651 846.3755
0.01192362 1025.36
0.007452081 1321.514
0.0001904144 1304.627
0.001978222 1344.915
0.008684955 1563.744
0.0139551 1599.621
0.01487265 1279.185
0.01757585 1491.753
0.01071993 1313.297
0.01487567 1296.576
0.02297651 1441.897
0.02270955 1393.112
0.02591857 1319.902
0.03399948 1063.32
0.0244972 902.9791
0.01646242 950.4202
0.01970353 857.0627
0.01684077 953.1269
0.008282389 1102.487
0.02894259 1203.688
0.02400214 1234.695
0.01441576 1045.889
0.04129855 1162.517
0.03272932 885.4006
0.02559831 900.3852
0.03198108 847.1256
0.02083217 803.8367
0.0227148 724.1664
0.009406086 706.3114
0.01524271 706.6201
0.01516083 599.5685
0.0161294 620.2355
0.02484425 667.986
0.04018866 666.7955
0.04559952 716.7151
0.02938336 690.8066
0.03337009 710.5524
0.03880299 794.0904
0.03314456 850.9646
0.04085498 731.1362
0.04305845 768.4189
0.01573385 940.0764
0.01340533 925.7906
0.01097095 984.5342
0.02190589 871.3939
0.01901849 798.5659
0.01904003 795.7318
0.01847166 715.4315
0.02319079 760.4185
0.04164119 944.8884
0.04619024 986.3537
0.03249072 911.5609
0.03062983 927.0485
0.03326727 1186.705
0.02316532 1245.21
0.007886063 1372.141
0.01244024 1310.986
0.0033067 1351.275
0.01118907 1184.617
0.01492502 1329.603
0.00774582 1446.797
0.002222924 1380.963
0.001540546 1255.38
0.004870313 1196.978
0.007711113 1563.927
0.02237487 1470.1
0.008500269 1758.95
0.008041097 1916.932
0.02645484 2260.847
0.03898633 2049.425
0.03477305 2222.823
0.02916479 1841.071
0.03808765 2057.049
0.03047749 2096.152
0.01976747 2158.683
0.01014116 1910.153
0.005018983 1955.428
0.007789686 2063.711
0.0006577993 2074.948
0.005400563 2398.772
0.01684219 2249.83
0.01834601 2797.487
0.01537235 2964.87
0.02012967 3399.074
0.02001413 2996.56
0.01024966 3015.187
0.01528558 2346.6
0.007889916 2297.56
0.002725466 2133.845
0.002050624 2064.537
0.002857191 1936.487
0.001849526 1704.301
0.00632344 1678.694
0.004240015 1495.012
0.002896688 1848.499
0.001614166 2342.453
0.005315365 2669.466
0.001165437 2537.235
0.003572265 2089.638
0.007603872 2056.947
0.01363003 2125.457
0.006276354 2344.669
0.003903536 2416.787
0.005017565 2358.107
0.001998979 2886.461
0.01271292 2672.478
0.004920421 2347.75
0.000369698 2333.084
0.003726544 2373.089
0.009890025 2120.659
0.004000609 1924.757
0.0007548267 1869.901
0.001484226 1971.028
0.005301126 1861.609
0.0172663 1899.618
0.01429345 1615.191
0.01121776 1356.233
0.004261212 1256.347
0.003550188 1184.233
0.003679655 1241.326
0.003153358 1249.499
0.003020058 1225.227
0.003551651 1432.338
0.004148126 1521.283
0.006428846 1269.597
0.004342968 1058.044
0.002396665 1042.414
0.001824248 1176.777
0.000151774 1050.062
0.002089462 1058.105
0.007953761 994.6065
0.01993552 1024.688
0.02678569 1302.584
0.02025997 1246.05
0.002771251 1259.219
0.007788803 1274.506
0.008181059 1313.422
0.0101367 1271.484
0.01187688 1214.678
0.01532148 1292.49
0.007544137 1253.109
0.01702132 1216.082
0.009598405 1304.162
0.01160523 1421.453
0.008683915 1448.741
0.009216895 1427.563
0.005607249 1170.685
0.008499387 1090.247
0.01558791 1032.908
0.005895422 1079.308
0.0061796 1256.075
0.01894828 1258.685
0.01663595 1230.322
0.007841459 1320.834
0.01631529 1566.331
0.02173741 1346.041
0.02202476 1346.702
0.0123582 1432.779
0.02270258 1245.68
0.01616983 1377.625
0.02254874 1277.981
0.01666774 1089.097
0.01175131 1145.084
0.0073593 1098.935
0.001787926 1122.001
0.002233995 1282.205
0.00330841 1271.199
0.006940167 1107.254
0.02035038 933.1326
0.0346489 827.0812
0.04592197 890.5161
0.04978365 915.6496
0.04362171 883.3045
0.05211767 1084.659
0.01340817 1014.431
0.01257728 889.9316
0.01105479 896.4126
0.01342801 1038.705
0.002882156 1087.432
0.002170972 1049.709
0.004203198 1212.882
0.01095782 1124.046
0.003012678 1197.998
0.006347917 1023.953
0.0150622 956.2472
0.0142921 860.5716
0.008461405 909.908
0.02810904 826.8618
0.02769975 733.2257
0.01422349 751.8116
0.0194848 792.024
0.00527809 700.9211
0.01160881 553.8442
0.01062482 608.8031
0.009535761 573.4398
0.003826941 560.7855
0.01062804 560.5258
0.006401282 526.7394
0.01197854 556.3494
0.0109874 586.0878
0.007075229 551.1753
0.009990185 521.524
0.02638443 472.2374
0.01772447 521.5214
0.01058969 532.7541
0.02079327 528.1672
0.008513262 431.4512
0.01546965 496.3103
0.02392095 484.4562
0.02202161 471.6486
0.01966211 484.3594
0.01606656 433.5441
0.01878405 442.0713
0.03181993 458.4616
0.02005895 501.7188
0.01094705 540.6171
0.01903213 492.5672
0.01417125 464.3481
0.0181307 459.5539
0.02732852 379.0882
0.006078541 416.1031
0.002450729 489.3835
0.008705049 525.9191
0.003952122 696.3288
0.002229715 728.5792
0.01120526 673.5566
0.0138788 707.1461
0.008599831 630.6196
0.01555976 674.0504
0.01295756 770.5796
0.02767767 907.5076
0.03506026 953.588
0.01808745 854.3625
0.01819427 801.8825
0.002620742 669.6362
0.00334783 738.2924
0.005269709 842.7179
0.007107752 867.2305
0.01845834 780.5961
0.02892095 840.2572
0.02457208 772.7589
0.03869837 836.3176
0.02665511 836.7837
0.01487401 960.5323
0.01447172 898.3414
0.01030716 911.9296
0.003307832 792.9135
0.005048727 640.3375
0.00347211 618.5066
0.006385792 625.4947
0.01054001 708.1614
0.003146293 576.989
0.002429017 647.4522
0.00414273 765.3705
0.007327802 607.7376
0.009975867 628.8479
0.005249065 598.064
0.003702836 604.6702
0.001058372 622.5242
0.003218926 659.825
0.01623631 732.3642
0.02929728 763.7778
0.01815219 930.2003
0.02078541 847.475
0.008708767 950.825
0.003787317 844.7477
0.008556777 830.6462
0.01787217 776.7949
0.007367761 816.4406
0.006078601 767.9176
0.0009064779 714.5107
0.0005347109 914.6465
0.002365275 989.522
0.006306748 1147.177
0.006946661 1228.096
0.0003168541 1270.255
0.004470172 1190.39
0.007087978 1408.526
0.01482456 1312.507
0.03463393 1260.855
0.02733419 1660.123
0.01017527 1453.754
0.007231487 1168.842
0.004420552 1277.725
0.009287961 1269.919
0.008037996 1235.988
0.001116099 1164.429
0.002273224 1012.445
0.008135041 901.825
0.008597906 917.2975
0.007410101 829.8512
