probIn varB
0.02694102 2.365764
0.009796084 2.321985
0.001942291 1.908888
0.02310558 2.043679
0.02979787 2.276195
0.02799117 2.231445
0.01411611 1.954865
0.02047993 1.81431
0.01686368 1.747869
0.01041602 2.363114
0.002699107 2.497979
0.001443543 2.435091
0.005642386 2.355296
0.008152046 2.277281
0.006773316 2.390591
0.009777567 2.088152
0.01004666 1.820495
0.0206272 1.741491
0.01814467 2.225669
0.01220047 2.552761
0.01034413 2.2719
0.01382738 2.226284
0.02312404 2.311065
0.01957899 2.426776
0.02803817 2.205824
0.004735947 2.156643
0.00246055 2.229327
0.00703076 2.062708
0.01087301 2.462306
0.01436058 2.187753
0.0143128 2.558383
0.00893697 2.118769
0.006063846 1.952074
0.003252368 1.537176
0.009231266 1.659737
0.009742618 1.647724
0.0121828 1.56407
0.029053 1.711951
0.02387248 1.685528
0.01279447 1.827741
0.01190722 2.125268
0.01972814 2.17692
0.01092368 2.012939
0.01328145 1.898103
0.02649348 1.709261
0.02206073 1.38623
0.02456276 1.739569
0.007637468 1.508483
0.0009518269 1.458685
0.001031415 1.358829
0.001052697 1.589837
0.002604732 1.926792
0.006371348 1.809448
0.009911516 1.916402
0.007400541 1.82922
0.009276501 1.542365
0.01837753 1.354326
0.01998311 1.266554
0.0066678 1.328749
0.002378196 1.079636
0.01823562 0.8246496
0.01197465 0.8291045
0.006582528 0.8061314
0.006937598 0.7535681
0.01677011 0.6990123
0.02216192 0.7054784
0.02678418 0.7052163
0.02472453 0.701865
0.008665353 0.6860559
0.01560856 0.7863684
0.002126693 0.7586007
0.002525671 0.7448057
0.001599522 0.8739615
0.002601106 0.8472997
0.006808792 0.9387331
0.00539825 1.04582
0.01063178 0.882673
0.01795619 0.779881
0.02491062 0.8114401
0.02241849 0.8334909
0.01610535 0.8228174
0.01867851 0.7894427
0.03027539 1.047561
0.02124434 0.9755808
0.02382262 0.9012449
0.02835558 0.7324446
0.03747198 0.688428
0.02816333 0.7753492
0.02561727 0.8515089
0.03212145 0.8171638
0.02115153 0.8163822
0.02285172 0.8116416
0.03217797 0.9370187
0.01520354 0.8756538
0.01336695 0.8868221
0.01003383 0.8258841
0.01513746 0.7686702
0.01906787 0.7188517
0.01772453 0.7019131
0.01033305 0.6628908
0.005513886 0.6160078
0.004697823 0.598749
0.02398071 0.5635111
0.01680473 0.6509371
0.006029412 0.5494669
0.004480925 0.5476753
0.0007504856 0.5803606
0.005348453 0.6398029
0.02668648 0.6608499
0.01390479 0.7414821
0.05226322 0.639406
0.06170064 0.8073227
0.04609171 0.869563
0.0293552 0.8587233
0.0358321 0.746408
0.05002527 0.7428483
0.03497452 0.8133198
0.04890266 0.7742845
0.03584673 0.8164401
0.03731862 0.8376423
0.01085911 0.896609
0.006526058 0.8611636
0.01215392 0.8363688
0.02234153 0.85193
0.006684131 0.8623235
0.03981657 0.8223875
0.02935666 0.894283
0.03257945 0.8854807
0.03340627 0.9088779
0.02928494 0.8562978
0.04072971 0.9629764
0.04319552 1.05984
0.04584109 0.9294844
0.03982864 1.050813
0.03365474 0.9569584
0.02818983 0.977742
0.02719775 0.9605763
0.02257372 0.944286
0.003188941 0.8143812
0.005665564 0.8453826
0.01560417 0.8407577
0.009651609 0.7425807
0.00982409 0.7924494
0.01121767 0.8623531
0.01733786 0.853035
0.0117398 0.7696917
0.0205495 0.7119533
0.02205419 0.8272304
0.01739359 0.9616764
0.008533246 0.8290515
0.003611443 0.9630657
0.01775652 1.102551
0.01240623 1.100784
0.0224807 1.096405
0.02739384 0.9801237
0.007867685 1.092003
0.007722289 1.097254
0.02242634 1.105025
0.004982713 0.9573532
0.002065452 0.7704077
0.008809605 0.7566585
0.003646319 0.769408
0.01396307 0.6772387
0.02262602 0.567121
0.03765947 0.4948345
0.03163126 0.5163761
0.04393996 0.4261222
0.04989274 0.3795705
0.04729341 0.3445923
0.04998627 0.390778
0.04326769 0.4036936
0.04516644 0.3399876
0.03599186 0.3436934
0.04650914 0.422436
0.05042529 0.3518142
0.06142013 0.314843
0.03727622 0.3558579
0.0409935 0.3553928
0.04196721 0.3902244
0.06838551 0.3321703
0.06731867 0.3849265
0.06330612 0.3892063
0.03735142 0.4325428
0.02432303 0.4695778
0.03488017 0.5283713
0.02039656 0.4991633
0.02523652 0.5859193
0.02974906 0.517273
0.03635677 0.4945381
0.0430742 0.5131208
0.03356653 0.5207133
0.03527488 0.4565535
0.03887789 0.5527986
0.05445224 0.7801301
0.04647557 0.7249627
0.053175 0.6822929
0.07493576 0.8436276
0.06860411 0.8976885
0.06723548 0.9131843
0.07174132 1.010502
0.05983209 0.962121
0.06180086 1.049059
0.06376045 0.8893245
0.04898894 0.8817892
0.06774999 0.8505015
0.06655814 0.7502442
0.07003683 0.7242124
0.06317526 0.64887
0.0446111 0.7453075
0.03697007 0.7627649
0.02033591 0.7810071
0.02488664 0.6996045
0.01040503 0.7229013
0.01463502 0.802243
0.007029691 0.7529664
0.01440737 0.6858391
0.02424863 0.6666275
0.02588567 0.5690198
0.05499559 0.6004261
0.03193927 0.7371076
0.02077145 0.8178162
0.03671724 0.7419783
0.03741328 0.7296062
0.04130125 0.7614372
0.02741195 0.760833
0.02027981 0.7619805
0.02695877 0.7434984
0.03024675 0.8089561
0.02189006 0.8887329
0.0229253 0.6943038
0.02730177 0.7277682
0.0288372 0.7560599
0.03143591 0.7968504
0.03921049 0.682475
0.02459741 0.6539205
0.02047688 0.795995
0.0348338 0.5840905
0.02873189 0.660883
0.04119712 0.5421096
0.03570954 0.5002276
0.01787036 0.5085846
0.01649724 0.5267443
0.04509981 0.4928288
0.03598232 0.5422856
0.03628785 0.5861902
0.06138224 0.5888478
0.05108195 0.6331873
0.05215712 0.6739594
0.06471664 0.5408842
0.06379015 0.5759417
0.04143771 0.5971773
0.01594028 0.6187838
0.02103446 0.7179683
0.01761044 0.6536235
0.004700652 0.7086307
0.01150947 0.7408789
0.01433795 0.654924
0.01575741 0.6568151
0.009783551 0.7092934
0.004294704 0.7389817
0.004341924 0.7639119
0.004389958 0.7961769
0.002975694 0.8640202
0.001622669 0.877193
0.003230812 0.8156013
0.003186588 0.7472613
0.00602925 0.6286528
0.01367344 0.7135691
0.01669769 0.8293466
0.03780781 0.7720562
0.02955263 0.808591
0.04875819 0.8133748
0.04254614 0.7958531
0.04077683 0.8944399
0.04570193 0.8498979
0.03722825 0.7955352
0.06537875 0.8021803
0.03553862 0.7790902
0.02741786 0.8288351
0.02209931 0.969252
0.01091343 1.028368
0.02436398 0.8711563
0.01716335 0.6457823
0.01328342 0.7345215
0.02239418 0.7588222
0.01815329 0.6927821
0.02930987 0.6602542
0.03162837 0.6466442
0.02845143 0.6385483
0.01848424 0.6537711
0.02821743 0.5802364
0.05062818 0.4774079
0.04811798 0.4686959
0.04503665 0.5713964
0.05100642 0.5946669
0.0616712 0.6828429
0.07576644 0.7520931
0.07111359 0.789429
0.07598126 0.668887
0.06106487 0.6202143
0.06851949 0.6851269
0.06656225 0.682871
0.09174341 0.6253978
0.05509635 0.6081991
0.05621925 0.5896434
0.05795893 0.6412103
0.05871302 0.6460296
0.08588528 0.6879142
0.05332522 0.6066025
0.03884557 0.7039706
0.03880382 0.6588358
0.04979836 0.6320982
0.04214383 0.5817793
0.02712561 0.5730491
0.04171667 0.5156086
0.04058809 0.5853704
0.03953639 0.6180752
0.03164996 0.6390255
0.02761446 0.5445686
0.01749476 0.5291029
0.01008474 0.5161288
0.007845523 0.617808
0.02536907 0.710086
0.01683511 0.8750862
0.03136292 0.7925399
0.01764131 0.6866977
0.01608045 0.7925872
0.02051638 0.7860826
0.01897134 0.7522677
0.0202836 0.8379932
0.032689 0.7316354
0.04024769 0.6687192
0.0512685 0.6884286
0.03999903 0.7106461
0.04442278 0.7868359
0.04472605 0.6869404
0.05042825 0.7161472
0.03431666 0.679727
0.02940178 0.54749
0.03010787 0.6635094
0.03981857 0.6232199
0.04373154 0.5679921
0.06503637 0.5196858
0.06659644 0.5698389
0.06861396 0.4763809
0.0533196 0.4154447
0.03981783 0.3523552
0.02635385 0.3328906
0.01507083 0.3638515
0.04604824 0.4182064
0.04939219 0.5073388
0.04830989 0.4722882
0.03228231 0.4472226
0.03250779 0.5099793
0.02736301 0.5514737
0.04412986 0.5700047
0.02988655 0.4758433
0.02889193 0.5390353
0.01460843 0.4799034
0.01555449 0.4603611
0.02050334 0.549216
0.01266724 0.558437
0.02074443 0.5208815
0.01672717 0.4979396
0.04018059 0.4525561
0.05176396 0.5032805
0.05547398 0.4740896
0.07298853 0.4096608
0.07712027 0.3903334
0.05787709 0.4148337
0.03505767 0.3045293
0.04691023 0.3775474
0.03502871 0.3565692
0.0392991 0.4218809
0.05093907 0.4187956
0.03854831 0.3637857
0.04752841 0.3784996
0.05472965 0.3092742
0.09158462 0.3091396
0.07897746 0.3153637
0.1125797 0.3082537
0.1040431 0.3469381
0.09368167 0.2972184
0.06579338 0.2895998
0.06778186 0.3160851
0.05708395 0.3876481
0.06575594 0.4012264
0.06788299 0.4161848
0.0554903 0.3992322
0.03108881 0.4427613
0.02748689 0.3747249
0.03125147 0.381165
0.01829937 0.3364073
0.03027451 0.3587497
0.0232313 0.3002598
0.01587602 0.3835527
0.02506163 0.3671579
0.03026374 0.3221959
0.02538528 0.3343977
0.01468248 0.3710422
0.01722434 0.4549146
0.01808884 0.4738586
0.03001277 0.473622
0.03592367 0.518184
0.04709249 0.5733659
0.04698315 0.5698317
0.02559508 0.5587123
0.01456818 0.5046015
0.02243114 0.5091273
0.02029139 0.553835
0.01852416 0.5411446
0.01410013 0.4524164
0.02083566 0.5182951
0.03376572 0.4632996
0.02090159 0.4936748
0.03234626 0.4535656
0.02192853 0.4865106
0.02498453 0.5416128
0.05447205 0.5531219
0.07347804 0.4626463
0.07449123 0.4614979
0.1073344 0.4387171
0.1360839 0.4446202
0.1387276 0.4856585
0.1424208 0.530201
0.1322143 0.5304404
0.07785414 0.5514661
0.04653365 0.5063332
0.02958855 0.4926616
0.01712036 0.4940641
0.01956016 0.4341822
0.009707085 0.4440971
0.02182201 0.4165255
0.02388633 0.5074501
0.01634237 0.5316436
0.01210464 0.5673154
0.01981846 0.5523684
0.02520115 0.5344776
0.02210459 0.4813309
0.01454189 0.5470034
0.01523875 0.5482025
0.01408153 0.5864423
0.01878039 0.5291456
0.02107082 0.5253879
0.01556805 0.5572157
0.02630479 0.5275461
0.05033898 0.5091285
0.02757014 0.4202907
0.04273835 0.4205546
0.06036594 0.4412987
0.04745705 0.3965141
0.05033077 0.3690526
0.08163546 0.3930809
0.0457179 0.4676169
0.04462271 0.3770596
0.05609303 0.4191561
0.05879129 0.4775954
0.04442709 0.4927356
0.02970935 0.483689
0.0532257 0.4938525
0.06008424 0.4586499
0.05967992 0.4901148
0.05666204 0.4557994
0.0610721 0.4209014
0.06640641 0.3988488
0.06550672 0.4008163
0.04797706 0.4185321
0.03695146 0.3343705
0.04191576 0.3707575
0.06395841 0.4239175
0.08783419 0.4550334
0.05020373 0.4439043
0.04528484 0.4087452
0.03595056 0.4878206
0.03270067 0.4681854
0.04113726 0.4498229
0.02799109 0.426454
0.08957215 0.4421484
0.07261323 0.4076105
0.09870407 0.4915228
0.06152543 0.4599273
0.02285862 0.480362
0.006171472 0.6104938
0.01153303 0.5700059
0.004683397 0.5129004
0.01390138 0.4931417
0.01561239 0.4380162
0.01420491 0.3977036
0.007983804 0.4020812
0.002843764 0.3941341
0.008224278 0.3363495
0.01844331 0.3533253
0.01758118 0.3992154
0.02283787 0.3844133
0.02667881 0.386566
0.02955573 0.3703787
0.01967726 0.4286302
0.0226675 0.3446159
0.06881778 0.3155433
0.03040444 0.3589519
0.01564657 0.345438
0.00617947 0.3112359
0.005352929 0.3378977
0.002294671 0.4050561
0.007944515 0.4336742
0.002881407 0.4369935
0.005112934 0.4119562
0.01034965 0.4654745
0.004331042 0.5023124
0.009545138 0.6017845
0.01399285 0.6311327
0.01583971 0.5600471
0.00936583 0.5652987
0.01379605 0.5289296
0.0119273 0.564191
0.01337857 0.5657218
0.01534045 0.5587909
0.04114514 0.4799487
0.04653113 0.5032382
0.06683574 0.5049469
0.0695048 0.5747578
0.05907459 0.5103796
0.04038164 0.4827896
0.04952416 0.4660113
0.02878455 0.467864
0.04118532 0.4662765
0.04968857 0.5476891
0.04862372 0.7060743
0.03323224 0.6332067
0.02390975 0.6628471
0.01422428 0.5726994
0.02253628 0.5137834
0.03011087 0.6125387
0.04383906 0.5608777
0.03857956 0.4762142
0.03585139 0.5107604
0.03507555 0.5278805
0.02535103 0.4655649
0.03844406 0.479095
0.0217074 0.4892393
0.02132182 0.4563552
0.04315118 0.3995343
0.03320362 0.3576211
0.0513622 0.4447881
0.04577916 0.4454341
0.07630786 0.4351497
0.08980613 0.4566104
0.09571543 0.4407063
0.1204457 0.4695635
0.09935241 0.4575406
0.1015673 0.4989289
0.1107348 0.4541826
0.08174813 0.4559404
0.1108296 0.3408764
0.07869778 0.3691478
0.06256113 0.3529893
0.04677647 0.3886101
0.04710784 0.3938629
0.06093534 0.4039373
0.07776136 0.4094281
0.09302028 0.3638768
0.1053906 0.3955884
0.08754868 0.4241444
0.07578916 0.456123
0.0415237 0.4131788
0.06472129 0.3664452
0.0658632 0.3825516
0.0861081 0.4004505
0.08814544 0.4688411
0.07683709 0.4081544
0.09257941 0.4233739
0.09895162 0.473044
0.1147939 0.4487965
0.08022411 0.5175966
0.04711752 0.4295779
0.03319188 0.4758506
0.0210683 0.4557522
0.03471639 0.4920751
0.0330355 0.4530051
0.04054695 0.4307991
0.03875976 0.420625
0.04136106 0.3858828
0.04488756 0.4021587
0.04864953 0.3860054
0.05472028 0.3183611
0.05372164 0.3063504
0.03522659 0.276814
0.02941876 0.3111737
0.04068392 0.3332805
0.0662073 0.3345752
0.05941588 0.2924473
0.05247005 0.2647473
0.06133544 0.2552135
0.06250129 0.2637011
0.05428067 0.293013
0.07434311 0.2610102
0.06872507 0.2728042
0.1047553 0.2923951
0.08151736 0.2721509
0.1187127 0.2516699
0.1419538 0.2295056
0.1515631 0.2590281
0.1284924 0.2558725
0.09478513 0.2756616
0.0898788 0.29265
0.08982712 0.2823307
0.04841383 0.2807132
0.06874447 0.2834044
0.05778476 0.2531651
0.04470584 0.2342033
0.0225375 0.2240652
0.02323243 0.2578459
0.01466877 0.2618632
0.02350876 0.2601881
0.02587032 0.2184074
0.01807337 0.234215
0.007301162 0.2497367
0.01962728 0.2833195
0.04704939 0.2335333
0.03948027 0.261812
0.07600115 0.2954107
0.1287866 0.3088569
0.09818749 0.3226301
0.09162999 0.2944975
0.1482871 0.3319846
0.1635096 0.3236835
0.1688908 0.3486535
0.1152371 0.4055784
0.09337636 0.4112197
0.1010285 0.4435676
0.1107819 0.4641403
0.06498385 0.4741457
0.05592137 0.4818534
0.04011468 0.4095289
0.03697285 0.4201694
0.02217269 0.3851594
0.009076601 0.394203
0.01768453 0.457979
0.02218869 0.4961009
0.03572526 0.5055627
0.04996761 0.4942386
0.04199524 0.4752174
0.05816406 0.4971156
0.05007308 0.5913338
0.05999509 0.5648046
0.05083977 0.5639713
0.06182658 0.5314732
0.06192818 0.5367757
0.05787127 0.4906805
0.05679748 0.48729
0.05889516 0.4824648
0.05869458 0.4877503
0.06605198 0.4896966
0.03785625 0.5686433
0.03399869 0.5425805
0.0231084 0.5437891
0.02941894 0.509625
0.02215505 0.4741193
0.0256358 0.4119282
0.05993079 0.5093909
0.04681727 0.4772689
0.05402742 0.4345132
0.05045988 0.4321065
0.04388638 0.4651081
0.03802582 0.4846082
0.04369735 0.515023
0.07284082 0.4897234
0.05833374 0.5056965
0.05514789 0.5256551
0.05652087 0.5196465
0.03684329 0.6006144
0.02221777 0.6675894
0.03337303 0.5303259
0.01045209 0.5516834
0.02245908 0.4408932
0.01955985 0.4529721
0.03794848 0.5191601
0.03026684 0.4097768
0.03337932 0.4815636
0.02866137 0.5408952
0.04778051 0.5579555
0.03551109 0.5898649
0.04790077 0.6002417
0.06586015 0.5391025
0.07115903 0.4900224
0.0531662 0.5077055
0.03487594 0.4740295
0.04008039 0.4379906
0.02603646 0.4644544
0.03082907 0.4467624
0.008617056 0.4266845
0.0103247 0.4512198
0.01676677 0.4572439
0.04164637 0.4114728
0.04442359 0.548171
0.03632457 0.5541234
0.01439234 0.5537545
0.02392276 0.6876989
0.03863251 0.6957033
0.02790137 0.7152311
0.01352428 0.6869843
0.02396923 0.5752944
0.01704202 0.5346028
0.0281811 0.5150898
0.01410353 0.5268536
0.006968983 0.4706534
0.01870644 0.5428099
0.01975836 0.5984442
0.01048108 0.5090409
0.01338912 0.4538089
0.01261851 0.4326876
0.02119976 0.4440247
0.02225025 0.4348975
0.02062097 0.4501661
0.01619269 0.5148967
0.006231614 0.4970009
0.01251238 0.4765142
0.01811047 0.438028
0.02410019 0.5401431
0.02338007 0.5199639
0.02265098 0.5178294
0.02363867 0.5052056
0.02341576 0.5166217
0.01567037 0.4656374
0.0352129 0.4926987
0.02716876 0.4521674
0.02697044 0.4012972
0.01899971 0.4066869
0.01720209 0.4388475
0.03856586 0.3299751
0.04248876 0.3763833
0.04147362 0.3587559
0.04408335 0.4711217
0.04718283 0.4319722
0.0599967 0.3969211
0.107772 0.3635521
0.1005524 0.3164434
0.1176801 0.2530733
0.1264563 0.2282387
0.0994572 0.2001686
0.06733598 0.1906554
0.08859972 0.1606354
0.07166929 0.1624209
0.08106392 0.1669583
0.1031009 0.1543603
0.1064403 0.1751484
0.09146646 0.2230993
0.1002221 0.2255701
0.08103927 0.2354293
0.08529756 0.2414474
0.08016092 0.2113332
0.08192883 0.2301089
0.08700237 0.2360047
0.09929113 0.2118543
0.06746039 0.2193567
0.0474107 0.2587276
0.05474209 0.2485422
0.04782156 0.2559137
0.06782748 0.2642013
0.06017882 0.2685101
0.04727903 0.2447584
0.06757331 0.250636
0.07046828 0.2642065
0.1009476 0.3128446
0.08618448 0.2790811
0.08094034 0.2722711
0.070149 0.276948
0.08535614 0.2677232
0.1129396 0.2546441
0.1119417 0.2860387
0.101316 0.3441996
0.1090677 0.3232933
0.1263773 0.3668581
0.1016418 0.339661
0.09265483 0.390693
0.06646246 0.37869
0.05714825 0.3816611
0.0672987 0.3384139
0.08680367 0.3411801
0.05845762 0.3228292
0.06925155 0.3332383
0.06402938 0.3285079
0.06480215 0.3957157
0.0556166 0.3962293
0.04870567 0.3842423
0.03948717 0.3604773
0.0563131 0.3019974
0.06575302 0.316838
0.05903658 0.3341064
0.07115532 0.330515
0.04987546 0.3221165
0.06453599 0.2898344
0.02925986 0.33276
0.01236338 0.3289695
0.007102867 0.3882633
0.02413543 0.3456017
0.0405224 0.3652627
0.03949034 0.3465191
0.03683452 0.3943058
0.01964663 0.3684721
0.02126496 0.3932235
0.04009639 0.3865272
0.09059514 0.4072311
0.08001854 0.4525045
0.05724043 0.4002865
0.05000662 0.3740596
0.03387723 0.3614033
0.03508045 0.4322327
0.03699132 0.3990241
0.07968632 0.4776528
0.05703586 0.4381785
0.09451121 0.4107877
0.09886086 0.4185611
0.08605004 0.3898865
0.0797556 0.3196414
0.09215168 0.3110886
0.07686411 0.2841324
0.05785597 0.3185039
0.04743575 0.3265859
0.06303998 0.2861279
0.08655714 0.2581904
0.1164951 0.2234725
0.1160688 0.2338064
0.1069232 0.2227566
0.09891409 0.2755208
0.1109427 0.3004875
0.09935489 0.3476066
0.1048818 0.3618435
0.093444 0.3676465
0.1131674 0.3869444
0.1156459 0.3477037
0.07915609 0.372924
0.05466079 0.3753648
0.04916114 0.3932839
0.06241293 0.3828551
0.08638988 0.4407784
0.06131388 0.4188874
0.101997 0.385607
0.08240354 0.4275315
0.06860118 0.4758727
0.06374645 0.5376899
0.04724938 0.4088818
0.04183544 0.4131403
0.07074568 0.4480277
0.06657554 0.4326773
0.04078012 0.3808361
0.08036351 0.3329276
0.08515457 0.2973815
0.06069965 0.3556023
0.06522807 0.3336279
0.04950708 0.2993853
0.05196524 0.2956162
0.04128901 0.2868629
0.05043769 0.2768338
0.04962356 0.3140464
0.03614637 0.2924563
0.02529737 0.3502427
0.02823395 0.3944591
0.008798648 0.3978855
0.01147416 0.3775379
0.01554296 0.3936612
0.02718592 0.4422476
0.04503263 0.4696342
0.0457674 0.4676017
0.06253492 0.6079886
0.08245915 0.5420823
0.03008357 0.4994632
0.02201588 0.3642905
0.0161404 0.4408012
0.01195045 0.592356
0.02629648 0.6585721
0.04633276 0.7045216
0.06694309 0.7543848
0.05357111 0.8272954
0.04733175 0.7356438
0.03208632 0.7189655
0.01543522 0.7489994
0.03703565 0.8293255
0.04296557 0.9100211
0.06576484 0.8635329
0.07360875 0.7939957
0.05058991 0.8247161
0.02201947 0.7312083
0.02572689 0.6606456
0.05168047 0.7289276
0.04430846 0.6333877
0.0243261 0.5749773
0.01709229 0.6197313
0.01326988 0.6607585
0.01219074 0.5754861
0.02361318 0.5668943
0.03084793 0.5901581
0.03649192 0.6931936
0.007116616 0.8885399
0.01589768 0.8818897
0.009359873 0.9750583
0.007373008 1.036973
0.01397069 1.182763
0.007738084 1.229061
0.001082257 1.204421
0.0211324 1.566512
0.03201872 1.528588
0.04775811 1.514961
0.0370092 1.350334
0.03801966 1.205659
0.03847854 1.187677
0.03219552 1.192431
0.03543785 1.233045
0.05282573 1.091144
0.04996939 1.089274
0.03318634 1.163983
0.04000202 1.325191
0.01538945 1.266041
0.01558222 1.159668
0.004292977 0.9128956
0.001577385 0.8840698
0.001970932 0.9142974
0.00281789 0.9379584
0.008419434 1.025425
0.003337225 1.004316
0.008089473 0.9048983
0.01056769 0.8330145
0.02580131 0.8020774
0.02214939 0.8996918
0.03281619 0.976979
0.0449887 1.020169
0.03466722 1.035097
0.02379423 1.025861
0.0125762 0.9379922
0.01094831 1.180844
0.004112774 1.255114
0.01043875 1.125056
0.007580533 1.26105
0.01012893 1.393066
0.01991407 1.271298
0.007859238 1.335415
0.0008426138 1.216549
0.008058615 1.097277
0.007389234 0.9414018
0.01643988 0.9549147
0.008246401 1.031652
0.01517654 1.011849
0.002592304 0.9711319
0.01227604 0.848948
0.006189092 0.8326606
0.005409606 0.897554
0.005191596 0.9743763
0.001847524 1.060913
0.005407934 1.119483
0.004219774 1.375492
0.01208482 1.450903
0.01401429 1.447615
0.01670022 1.702977
0.01024325 1.748234
0.009498649 1.633193
0.01960775 1.749656
0.02023212 1.565246
0.02642417 1.393214
0.03326576 1.176646
0.03233383 1.176402
0.02664595 1.172455
0.009648848 1.121439
0.01305116 1.076127
0.02770218 1.006413
0.03652309 0.8841301
0.03629281 0.870033
0.03088763 0.8773243
0.02182788 0.8985054
0.0185072 1.036249
0.06084876 1.100543
0.06124989 0.9749096
0.04566384 0.892616
0.02652572 0.9816717
0.0162134 0.953288
0.01562464 1.260679
0.0199987 1.130589
0.012235 1.08545
0.01372688 0.8620778
0.0108694 0.7894788
0.02637092 0.8404169
0.04588709 0.8558623
0.05141259 0.7919537
0.03826512 0.8511102
0.03963209 0.8208843
0.03620351 0.8755934
0.0229006 0.8603499
0.02079694 0.9160352
0.008278454 0.944441
0.007073178 0.7926912
0.01700524 0.7843199
0.0297546 0.9162958
0.02850689 0.893838
0.0289735 0.8837179
0.0301381 0.8268133
0.04478974 0.8060475
0.03822331 0.7362207
0.052008 0.7246975
0.04462912 0.6753959
0.03283467 0.593711
0.03169442 0.6525926
0.02095852 0.5891032
0.03390466 0.5970996
0.02370582 0.49694
0.03710105 0.4761228
0.04207587 0.5021204
0.03621853 0.5289129
0.04874531 0.5094492
0.04767248 0.4936286
0.03718787 0.4147161
0.03602236 0.4592136
0.03278964 0.4551244
0.04146594 0.4119624
0.04697798 0.3771799
0.04806167 0.3195976
0.04265229 0.3608377
0.05424342 0.3445441
0.06252184 0.339122
0.05336537 0.4004584
0.08032727 0.3794228
0.1004297 0.4007301
0.1068834 0.3904058
0.09192076 0.4853834
0.046954 0.4651391
0.06678154 0.4252477
0.05414916 0.4133906
0.06344295 0.3786479
0.06756621 0.3676132
0.1489651 0.271634
0.1135022 0.2499728
0.0710351 0.2831216
0.08081654 0.2552341
0.08020897 0.3107467
0.05280444 0.3149971
0.04766471 0.333978
0.04525727 0.3807707
0.03640619 0.3680384
0.007499846 0.2713311
0.007680697 0.2714315
0.006382562 0.3103864
0.02158853 0.4426021
0.02151528 0.4056247
0.02048455 0.4045559
0.04883183 0.4686447
0.06257122 0.4086337
0.07363467 0.4299752
0.04733359 0.4464701
0.05218675 0.3911877
0.03210183 0.4467733
0.02093301 0.4636049
0.007351041 0.4929261
0.01773417 0.4376796
0.009107054 0.4991475
0.006276081 0.4594523
0.01864595 0.4555301
0.03099354 0.4651241
0.02932247 0.5041573
0.02531128 0.4804389
0.02379808 0.5513566
0.02740329 0.5564024
0.03113535 0.5145034
0.03870179 0.5388749
0.03982662 0.540723
0.05844426 0.6801904
0.04770574 0.7166814
0.05833559 0.708591
0.04281514 0.8307126
0.04668231 0.8444834
0.01499499 0.7365704
0.006347405 0.7380264
0.006185971 0.6589422
0.006104507 0.6846403
0.0192413 0.5048455
0.02856425 0.5557259
0.03685611 0.5870258
0.07246127 0.5721981
0.06483295 0.5384257
0.04851039 0.5535063
0.03000662 0.4572014
0.03165446 0.5619195
0.03684224 0.5339553
0.05793174 0.6642478
0.0393928 0.7466484
0.03743451 0.746095
0.03368948 0.8157858
0.04775085 0.675252
0.03166093 0.6801645
0.02259984 0.5909273
0.027624 0.4490241
0.04290278 0.3765831
0.06850132 0.4257505
0.05888853 0.3826189
0.05150951 0.3769717
0.08417941 0.348457
0.08863847 0.3494887
0.09356043 0.3001461
0.09361706 0.3281608
0.09709762 0.3240992
0.1194329 0.3743282
0.08569264 0.3547793
0.04203097 0.3849528
0.05563802 0.3690608
0.07133657 0.328565
0.07883343 0.3220616
0.06012903 0.3382901
0.05668147 0.3477619
0.07278439 0.3094099
0.03989012 0.3561292
0.04982576 0.3881698
0.03081378 0.432186
0.02363337 0.4587191
0.01698742 0.4770789
0.01618786 0.5207378
0.01716661 0.5440866
0.03613642 0.6549752
0.04343868 0.619988
0.05059704 0.6574282
0.04141206 0.6972955
0.02602439 0.8329546
0.03816977 0.7170735
0.05094785 0.6642436
0.06718258 0.7004004
0.02860702 0.6430027
0.02116638 0.6652157
0.008111029 0.664159
0.003814682 0.6097108
0.006735406 0.6126708
0.009536364 0.4961104
0.01320037 0.4699185
0.01181326 0.5335652
0.009651769 0.5680294
0.007869796 0.5635056
0.02067737 0.5377241
0.03933234 0.5531143
0.03417186 0.4248834
0.03429811 0.4442687
0.03175423 0.5628243
0.05637382 0.5966831
0.05769603 0.5199559
0.04699891 0.5039569
0.03206933 0.4929154
0.06960473 0.4959959
0.06898991 0.4721757
0.07982927 0.5012663
0.07876488 0.492322
0.07646976 0.4145699
0.06762187 0.3596545
0.03169738 0.3741757
0.06497556 0.3766374
0.06520938 0.3673962
0.04154548 0.4250601
0.05490536 0.3139537
0.06115425 0.2537762
0.02755388 0.2749058
0.02562905 0.2738191
0.02404099 0.2814621
0.01745529 0.3031028
0.02064191 0.2574289
0.0238354 0.2129638
0.02015893 0.2111948
0.01819126 0.200188
0.04029808 0.2138654
0.02983779 0.2155392
0.05365078 0.2419993
0.03963448 0.2718727
0.0217487 0.3273875
0.02156737 0.3628623
0.02201512 0.39121
0.02543199 0.3799018
0.01667478 0.3604049
0.008211704 0.3772477
0.003460587 0.3563955
0.01088404 0.3793367
0.01364783 0.373371
0.03344132 0.3800497
0.04382234 0.3665113
0.05249852 0.3417171
0.05026147 0.3569781
0.03721623 0.3811339
0.02185753 0.2966749
0.01715885 0.291338
0.02071072 0.3145494
0.02745984 0.3343569
0.02052442 0.3967599
0.03806906 0.3238402
0.0251317 0.3388313
0.02438154 0.471666
0.04014189 0.541927
0.01612574 0.5714659
0.01773295 0.5766168
0.01306711 0.7061741
0.01389481 0.6996249
0.02441773 0.6640801
0.02216851 0.654914
0.01132002 0.7192758
0.01677865 0.7751301
0.01482118 0.6475144
0.00337165 0.6295788
0.001189166 0.6183226
0.003653327 0.5814094
0.007714947 0.5611094
0.02415449 0.6329523
0.02016769 0.6382973
0.01399466 0.7383597
0.03129218 0.8516767
0.00886024 0.9337479
0.02927425 0.7456275
0.01398241 0.7411825
0.01380513 0.7722008
0.01448268 0.6649145
0.02560382 0.5937877
0.02223111 0.6532064
0.01861537 0.5424426
0.02127422 0.4945628
0.032401 0.4827463
0.02625697 0.5426065
0.03159089 0.5247103
0.01452561 0.4902525
0.02328779 0.5089332
0.02426537 0.4613031
0.03622356 0.4813081
0.05209061 0.5247744
0.06751795 0.5595842
0.06241861 0.4530224
0.03825311 0.4303213
0.04628243 0.4979361
0.03445424 0.5136552
0.03237242 0.4450167
0.03531331 0.4506908
0.02891077 0.5904765
0.01438491 0.6258143
0.007507553 0.5870995
0.01547031 0.5320327
0.01786296 0.5111665
0.02469886 0.4102923
0.0125701 0.4866814
0.02929219 0.4070557
0.0413957 0.4468452
0.04378796 0.5049594
0.05506013 0.5921877
0.07110805 0.5625833
0.05392114 0.6054409
0.07049079 0.5235359
0.06637781 0.5420157
0.07116605 0.5315459
0.03756427 0.5149284
0.01314696 0.5349017
0.01127367 0.446945
0.004904409 0.4531086
0.001322232 0.4968748
0.0008339505 0.4535934
0.0001385322 0.4657553
0.005784039 0.5362816
0.003130816 0.5952158
0.0181174 0.5953569
0.01696017 0.4757372
0.01722319 0.4034987
0.02228763 0.3606177
0.01029593 0.3562623
0.02573061 0.3247742
0.02070708 0.3074588
0.01397936 0.3496067
0.01467835 0.3197127
0.01751456 0.3874349
0.02927119 0.3522312
0.0196057 0.3411934
0.03573609 0.4111467
0.04561706 0.4724308
0.03372866 0.4771265
0.03943893 0.4503391
0.02309706 0.3827114
0.0265259 0.4020969
0.009957581 0.3735801
0.0377978 0.3289565
0.03648338 0.3389471
0.02951092 0.3210688
0.02509588 0.3420937
0.001291922 0.3531364
0.004623988 0.2960866
0.003265112 0.3380992
0.005890022 0.3151627
0.006165904 0.2691077
0.01271053 0.2322962
0.02016515 0.248719
0.03923508 0.2852609
0.04493951 0.3454726
0.03421464 0.3383752
0.01919331 0.3401085
0.02355158 0.3167094
0.04459714 0.3001525
0.07250676 0.311021
0.07254418 0.3465673
0.09009402 0.3025665
0.09853589 0.3091866
0.08598692 0.3273637
0.08873625 0.282875
0.08392141 0.2996251
0.0468461 0.2988458
0.06752226 0.3334862
0.07949395 0.3436073
0.05410774 0.3402328
0.06085569 0.3217781
0.1100123 0.3505656
0.1205713 0.3512346
0.1145707 0.3279564
0.09701109 0.3036997
0.1204933 0.2672783
0.1378381 0.3264376
0.1474302 0.3188041
0.1125651 0.3459302
0.08549624 0.4421598
0.09873107 0.4259132
0.09413997 0.4407836
0.0866495 0.4010441
0.1411107 0.3813339
0.1359313 0.2952318
0.1060811 0.2897636
0.06920366 0.2654518
0.06768821 0.2831774
0.06204385 0.293211
0.06599592 0.2629734
0.05981951 0.2758125
0.06776781 0.2376557
0.03760273 0.2784124
0.03217048 0.2564031
0.02402924 0.2431833
0.008921072 0.2380447
0.02104479 0.268599
0.03305264 0.2755283
0.03965726 0.2914511
0.05241802 0.3392678
0.03868302 0.3030956
0.01559796 0.3177253
0.005110108 0.3295833
0.007156114 0.3068411
0.007750951 0.2848311
0.01370842 0.3798042
0.01599408 0.3144968
0.02635644 0.2951119
0.02955892 0.281695
0.02104292 0.2953181
0.03179188 0.2784952
0.01615105 0.3195468
0.02862317 0.360181
0.03408691 0.3296171
0.04557426 0.3335302
0.02781064 0.3998616
0.02922102 0.3355875
0.05226116 0.2964692
0.03922921 0.3506251
0.03522953 0.3780632
0.03626387 0.364189
0.05866379 0.3332869
0.04372331 0.3371827
0.03211374 0.3250206
0.05175349 0.315825
0.06770227 0.3378281
0.08253082 0.2846818
0.0728259 0.2587438
0.0570838 0.2499836
0.03203692 0.255661
0.05192996 0.2340824
0.04727672 0.2418417
0.06338918 0.281624
0.1170499 0.3178554
0.1447763 0.3044305
0.1199589 0.3631074
0.1098506 0.3300093
0.1124766 0.3637031
0.1063863 0.4331711
0.06528865 0.369656
0.08593897 0.403364
0.08612137 0.4290223
0.07558469 0.48307
0.08804692 0.5199447
0.09753398 0.4503588
0.1237829 0.4796054
0.13613 0.4395307
0.1196303 0.4281688
0.1336209 0.3617187
0.1237454 0.3577769
0.1489092 0.3504659
0.1457383 0.3073893
0.1562092 0.2771075
0.1372947 0.2747057
0.09614813 0.3087525
0.115369 0.3493057
0.1054159 0.365747
0.1162895 0.3917475
0.1118155 0.3978235
0.1443461 0.3551758
0.1102283 0.3657053
0.08490033 0.3953837
0.1038954 0.4409332
0.1033678 0.4075364
0.06344498 0.4444344
0.05215045 0.4375256
0.05650041 0.4032771
0.05059287 0.4247623
0.04816826 0.4371524
0.03247161 0.4365771
0.03086798 0.432997
0.0449232 0.5530582
0.04398061 0.5348235
0.06319107 0.6726449
0.06210468 0.6844115
0.04789463 0.5739782
0.08837698 0.5013556
0.09100964 0.3949042
0.09780566 0.3884606
0.06885403 0.375545
0.1073363 0.4078508
0.1045405 0.4334202
0.1245778 0.4148587
0.1424035 0.4187891
0.1260518 0.4023694
0.1115776 0.4622023
0.122932 0.4387995
0.1249511 0.4731523
0.09301788 0.4541199
0.06789768 0.4333846
0.07383892 0.5034676
0.09117247 0.5788133
0.09714854 0.5480712
0.05561925 0.5682258
0.08381098 0.5153157
0.08467631 0.4929443
0.07832582 0.5946642
0.06740617 0.6191125
0.06327821 0.5934656
0.02863629 0.6883611
0.02109151 0.7082876
0.06671656 0.715079
0.06502431 0.7327257
0.07540625 0.7158254
0.0510638 0.7221117
0.04766106 0.5760988
0.03215382 0.5635277
0.05920845 0.5257255
0.06182749 0.5644639
0.04106567 0.5031766
0.03435779 0.5245839
0.05299787 0.5452213
0.06987622 0.5360652
0.08155971 0.4430119
0.09239225 0.4262294
0.07237768 0.3512859
0.08254884 0.3874908
0.07289326 0.3847427
0.09632896 0.3897419
0.0627524 0.4072013
0.03452358 0.4269599
0.03694295 0.4609379
0.06676353 0.4011438
0.1376656 0.3547121
0.09820793 0.342004
0.1022998 0.3649918
0.12716 0.3834649
0.1059796 0.3768911
0.0958231 0.3435175
0.1093723 0.3699575
0.0764792 0.3824981
0.1043928 0.4403751
0.1381036 0.3627339
0.1004022 0.3614071
0.09873126 0.3975083
0.08016007 0.4328649
0.06182207 0.4363353
0.06549257 0.4359668
0.06164988 0.4608862
0.05816708 0.4670404
0.03731293 0.5155916
0.02900996 0.5147416
0.05609104 0.4787055
0.03019448 0.3716513
0.01805629 0.3886983
0.01328273 0.4664273
0.0129678 0.6254206
0.02182654 0.5821467
0.0154231 0.5976143
0.007811533 0.6660637
0.01036611 0.7497705
0.0206916 0.7686483
0.01109191 0.7506003
0.01187979 0.9349765
0.006353697 0.9654766
0.008957074 0.8728581
0.002872816 0.9113011
0.00706777 0.9019506
0.006570718 0.8758489
0.006910205 0.7451746
0.01828115 0.8095693
0.02499479 0.7653583
0.03815713 0.6581371
0.05094714 0.662815
0.0320578 0.645351
0.02581998 0.7679424
0.02618437 0.8581016
0.02652902 1.084063
0.04245594 0.9527956
0.04613703 1.006566
0.0519742 1.125198
0.02578998 1.225962
0.01224911 1.13277
0.01649281 1.145772
0.02709537 1.137596
0.04118659 1.165327
0.04707954 1.001392
0.02065243 0.9368994
0.01153898 0.8952735
0.005697292 0.8359718
0.0008326479 0.763796
0.002135743 0.7154205
0.002844809 0.8894935
0.001843343 0.9160561
0.009435206 0.9732354
0.006400782 0.8413486
0.0153403 0.8444555
0.0520649 0.8118897
0.03694918 0.8110051
0.03817106 0.8143905
0.01015534 0.7248037
0.01436276 0.7473575
0.01200605 0.7818566
0.006840133 0.8658919
0.004627699 0.9317307
0.01287559 0.9732137
0.01971916 0.8230378
0.006014652 0.9408358
0.0138776 0.9654446
0.01092372 0.9780354
0.005340835 0.934832
0.01233816 0.859187
0.004304611 0.7864158
0.004031748 0.7825674
0.004961412 0.9166594
0.01182524 1.16787
0.02819245 1.216699
0.02020444 1.268457
0.02183847 1.245388
0.01510813 1.130948
0.01328241 1.157367
0.01123041 1.218066
0.02532287 1.342444
0.02367762 1.299319
0.02113415 1.360877
0.02927953 1.668356
0.002261268 1.771655
0.005014608 1.633726
0.005452146 1.77118
0.008089728 2.109223
0.003519326 2.073895
0.002793504 2.22937
0.005015198 2.43303
0.001925223 2.440055
0.01441524 2.342953
0.02085224 2.087454
0.005861757 2.264867
0.009008972 2.001765
0.01315576 1.709461
0.0227603 1.574826
0.0112369 1.83815
0.01361934 2.096677
0.009601207 2.250093
0.002601953 2.597208
0.001074052 2.44623
0.0005919776 2.40106
0.004853261 2.703561
0.004694425 3.416808
0.002638551 3.225951
0.01353269 3.576282
0.008105466 3.207846
0.005187697 2.909874
0.0004882253 2.70288
0.004205562 2.830117
0.005809661 2.925282
0.01295855 2.875414
0.01268393 2.834542
0.005568885 2.862153
0.001225313 2.696555
0.003891716 2.515705
0.001129955 2.470962
0.01353573 2.115643
0.009767509 2.186585
0.0139917 2.145445
0.00391295 1.759755
0.01346201 1.694381
0.02749872 1.914752
0.0142662 1.589232
0.01948939 1.584822
0.0174983 1.505565
0.02134527 1.662361
0.03165505 1.523059
0.02334942 1.286417
0.04095043 1.433894
0.0240423 1.225479
0.03801908 1.282718
0.05603241 1.097336
0.04675273 1.036806
0.04852255 1.228293
0.05188594 1.281932
0.05641556 1.206116
0.03491422 1.466948
0.01894692 1.76533
0.009305167 1.891832
0.019387 1.803083
0.007304238 2.071176
0.01260244 1.756439
0.00529107 1.793788
0.004618626 1.45698
0.01080034 1.486841
0.004648151 1.394672
0.01604242 1.24546
0.01847501 1.209249
0.03128574 1.259628
0.01987331 1.360255
0.008617573 1.647692
0.003111111 1.387751
0.004964325 1.207002
0.00441214 1.393275
0.008068141 1.665145
0.0081114 1.717992
0.004781861 1.760807
0.007109186 2.059093
0.01730085 1.950831
0.0315911 1.655941
0.01149239 1.597526
0.02039695 1.70095
0.01440602 1.996096
0.0217105 1.921161
0.01851641 1.56144
0.02017397 1.447446
0.009360406 1.73769
0.008777642 1.441738
0.01238983 1.323599
0.02025268 1.509522
0.02002873 1.767572
0.0133414 1.629655
0.01053864 1.670248
0.01258676 1.489743
0.003543276 1.35021
0.005309918 1.523766
0.01229541 1.590487
0.009312995 1.502805
0.002241901 1.474947
0.007564193 1.348199
0.01386669 1.406246
0.008393732 1.518999
0.01676445 1.775587
0.01454954 1.834185
0.01605054 2.246226
0.0234761 2.402266
0.00610907 2.439479
0.01563838 2.108878
0.007158937 2.15553
0.007556153 2.000001
0.004733566 1.976461
0.002288783 2.12021
0.003766887 1.771093
0.0137999 1.512443
0.01326488 1.841541
0.01460509 1.705018
0.01230118 1.542956
0.01239923 1.367931
0.01826738 1.30075
0.02597926 1.423772
0.006449138 1.267779
0.00428679 1.205496
0.001009088 1.084763
0.00386135 1.162342
0.006878072 1.170258
0.007650524 1.110181
0.01235699 0.9613584
0.04560131 1.140376
0.02415335 1.047431
0.04968831 0.9533409
0.04484905 0.8678461
0.04138978 0.9394669
0.02444133 0.9632939
0.004379186 1.039243
0.009954502 1.016704
0.01663371 0.9600224
0.02488636 1.017704
0.009897023 0.943691
0.005239084 0.9087095
0.003764644 0.9809564
0.00771718 1.110333
0.003861911 0.9318601
0.007441964 0.792398
0.01359936 0.6547743
0.03420329 0.7724198
0.01169139 0.9095805
0.02350933 0.9249651
0.01562032 0.8666133
0.01198515 0.7963205
0.008201348 0.7170388
0.009883467 0.6456331
0.003724944 0.707493
0.007590018 0.7893212
0.01316529 0.8690732
0.007375465 0.9339916
0.003533007 0.864256
0.001072337 0.7499304
0.01174308 0.7413022
0.01732984 0.8296198
0.02751697 0.7192402
0.02568925 0.7596856
0.04439846 0.6872194
0.04948369 0.7068892
0.04300854 0.5766013
0.04861808 0.567834
0.08228279 0.5691262
0.0789326 0.4931344
0.07185817 0.5146564
0.09066347 0.534512
0.06892414 0.506864
0.08146603 0.5298069
0.08680605 0.5994398
0.07718641 0.62365
0.06602333 0.6027671
0.05965847 0.6580979
0.09187761 0.6535369
0.1010432 0.7118597
0.08152757 0.6921944
0.07279004 0.6376357
0.1007928 0.5676994
0.1078382 0.4611244
0.07910939 0.382211
0.0476421 0.3845968
0.04978918 0.3594212
0.04310449 0.3428743
0.04758582 0.3800645
0.028772 0.4445728
0.01679198 0.5167754
0.02234188 0.5771221
0.02029782 0.5435096
0.0315378 0.4327779
0.01860905 0.3685742
0.02458679 0.4162668
0.04367776 0.4568274
0.04563806 0.5068271
0.03825763 0.5900471
0.03263803 0.5730953
0.02114623 0.5036948
0.0243543 0.4597139
0.01292942 0.4356614
0.01994884 0.4371376
0.02765475 0.4558257
0.0405431 0.4359225
0.03969651 0.391845
0.02371633 0.3579738
0.026915 0.3165148
0.01506531 0.3604579
0.002777577 0.3581613
0.001078474 0.3242602
0.001991186 0.3566053
0.0100061 0.3638644
0.02624602 0.4158897
0.03648524 0.4908667
0.01038163 0.5548334
0.01273457 0.5725373
0.01192972 0.5864696
0.0164496 0.6396287
0.00907625 0.697215
0.0170022 0.6837544
0.02611864 0.7274617
0.008191134 0.7677302
0.001839771 0.730902
0.005587998 0.7129298
0.004002259 0.684866
0.01111686 0.6805687
0.01143925 0.789517
0.01313483 0.8726541
0.01331892 0.8215213
0.02405514 0.769371
0.01357056 0.8829207
0.01588606 0.8822736
0.01770778 1.022892
0.0307112 1.057158
0.02773186 1.307107
0.01888372 1.191384
0.02379894 0.8879954
0.01155177 0.9064506
0.01725331 0.8972555
0.02115041 0.8171552
0.01726338 0.8777843
0.0225605 0.8999373
0.02266652 0.7603621
0.02481445 0.7390136
0.01359369 0.6470699
0.0178841 0.5700636
0.04827266 0.5629638
0.07398659 0.7137901
0.04444888 0.9032893
0.0332116 0.8341448
0.009974171 0.8303709
0.01199207 0.7656279
0.03166966 0.8816012
0.04030708 0.8381166
0.04062759 0.8256776
0.01893917 0.9017838
0.0578312 1.053106
0.08758512 1.037424
0.06415015 0.846375
0.04562013 0.7418504
0.03381801 0.6918705
0.05663771 0.7225337
0.04605599 0.6519505
0.03669201 0.5647299
0.04331176 0.5939704
0.0276993 0.5582355
0.01079771 0.5868661
0.02944343 0.5561974
0.01589135 0.574117
0.03841269 0.506266
0.03734895 0.4862023
0.02891496 0.4970849
0.004302662 0.4627913
0.006566622 0.439219
0.005696456 0.4974036
0.006153446 0.5594188
0.02272998 0.5823454
0.03835816 0.6336565
0.04093072 0.6876483
0.03378925 0.7302287
0.02919264 0.6680906
0.02997791 0.6694599
0.05396892 0.7062664
0.05698151 0.6352062
0.04008197 0.6460589
0.04766637 0.5512502
0.06613923 0.5839833
0.06451424 0.6372015
0.06537406 0.5525156
0.1278342 0.5421304
0.1078292 0.496531
0.09119954 0.5254181
0.08374319 0.501069
0.04471683 0.5486065
0.0363717 0.4676114
0.04210629 0.4400785
0.05202132 0.5133063
0.08007862 0.509605
0.07516991 0.4715496
0.07005685 0.4042076
0.03262709 0.4082303
0.02144934 0.3735163
0.01477486 0.3593068
0.01103467 0.3136534
0.01068196 0.3098245
0.007374472 0.3386706
0.003193828 0.3263198
0.005497616 0.3138133
0.01374094 0.2880781
0.018642 0.2432747
0.02214041 0.2802272
0.03593689 0.2785761
0.0270528 0.2809787
0.02063114 0.3158406
0.02945182 0.3565255
0.0304626 0.3892571
0.01642444 0.4367402
0.01113911 0.475422
0.01243031 0.4096526
0.00969858 0.4236445
0.007177091 0.391773
0.008175408 0.3331646
0.01519776 0.3325211
0.01881125 0.2729449
0.02729016 0.2715911
0.03008239 0.3023991
0.03437416 0.2979189
0.01695023 0.3209204
0.03025504 0.4011192
0.02244621 0.4072358
0.03520318 0.3942775
0.009845311 0.3604099
0.002224405 0.4791162
0.003939719 0.539071
0.009000452 0.5122739
0.01134417 0.5091002
0.02198372 0.5600337
0.03076073 0.5395184
0.04244776 0.4967809
0.04114111 0.5916333
0.02562387 0.5842773
0.01958294 0.4827179
0.01994383 0.4939684
0.02139042 0.5329802
0.0141754 0.5016738
0.003933946 0.5754623
0.006559333 0.5529488
0.01570919 0.458844
0.01393729 0.4420938
0.02620881 0.4568575
0.03007713 0.45367
0.02545111 0.4107395
0.02188481 0.4189988
0.03259507 0.4145394
0.02678882 0.4287144
0.02974259 0.469993
0.02530069 0.5252304
0.02262207 0.5783725
0.04121077 0.5263377
0.04323728 0.5080264
0.07995647 0.5005392
0.0433212 0.5281752
0.05172291 0.4591203
0.06014648 0.4145953
0.06183742 0.3864709
0.04651461 0.3743371
0.01773902 0.3970458
0.03055916 0.4236219
0.05136068 0.5143553
0.05285543 0.5797809
0.04721316 0.6582224
0.03041265 0.7450666
0.02154415 0.7765705
0.01970012 0.6807776
0.02465927 0.6541523
0.01351877 0.6399522
0.01275585 0.6957265
0.01318329 0.7694828
0.01924959 0.7510656
0.01983806 0.8353736
0.02002664 0.8044176
0.01818614 0.7830939
0.04076489 0.8256974
0.07266064 0.8226475
0.05411523 0.7162927
0.04922439 0.716275
0.06813108 0.5630547
0.07025256 0.7525546
0.07155103 0.7035917
0.05947883 0.7351251
0.0252614 0.7424347
0.01351428 0.6919014
0.02393605 0.7236562
0.01780369 0.639927
0.01388088 0.611059
0.01708679 0.6334398
0.009105607 0.6844799
0.01452568 0.7105547
0.02517946 0.5436587
0.02444678 0.5027864
0.0328623 0.5252347
0.0473813 0.5350308
0.06104214 0.5236215
0.08357214 0.5020665
0.08386193 0.4243591
0.08398294 0.4890317
0.07306709 0.5159153
0.05767744 0.5480856
0.05707032 0.5595745
0.05598017 0.5591295
0.07783992 0.5412356
0.08580974 0.4958436
0.06930803 0.4493321
0.06705124 0.4676597
0.05108082 0.4233718
0.03661075 0.4185045
0.02359877 0.437575
0.0139563 0.3701234
0.01286324 0.3803244
0.01945005 0.3494115
0.008889198 0.3186199
0.0104073 0.3065907
0.01891666 0.250137
0.0277883 0.2287625
0.05528641 0.2945666
0.05253449 0.3413793
0.02366902 0.3377054
0.02511549 0.3736175
0.01337238 0.3681295
0.028778 0.37958
0.05169365 0.3385443
0.03444395 0.3501465
0.043314 0.3328616
0.07334033 0.3147727
0.08307682 0.323031
0.08162418 0.3127105
0.1165641 0.2989783
0.1100713 0.3468563
0.09831556 0.3619294
0.07324429 0.4103188
0.09269042 0.448222
0.1080515 0.5508202
0.07067771 0.5293725
0.05693752 0.4799268
0.02772812 0.4560373
0.04580733 0.4875178
0.02518008 0.4320166
0.0225343 0.5006164
0.04003619 0.5115113
0.03691426 0.4928205
0.06133799 0.5439368
0.04599123 0.580762
0.04661458 0.5305237
0.05365129 0.4993766
0.06121589 0.4445399
0.06839461 0.4669541
0.07902757 0.4284487
0.05722855 0.4093487
0.07245803 0.4426794
0.09473502 0.4871231
0.1093747 0.4049223
0.1004766 0.4520696
0.06982728 0.4299008
0.07697215 0.4401241
0.08178247 0.4123061
0.1036749 0.3721952
0.0586244 0.3335954
0.05259319 0.3545852
0.08291352 0.3697217
0.07909195 0.3627508
0.1033352 0.3727781
0.07261049 0.3870023
0.06441852 0.4185334
0.04772517 0.5189043
0.03565707 0.4748938
0.02797794 0.4728717
0.0123277 0.507465
0.02391453 0.4179164
0.02174912 0.5128029
0.02121637 0.4767099
0.008988834 0.475089
0.01733267 0.4443357
0.01343064 0.5003821
0.02187242 0.544123
0.01049521 0.5319874
0.01498933 0.5225745
0.01012942 0.5450072
0.0116929 0.5260681
0.01213285 0.557573
0.01237372 0.5734461
0.0147518 0.5699408
0.00500664 0.6747358
0.01952031 0.7877023
0.03460471 0.79617
0.03046642 0.7466247
0.06060282 0.7131499
0.05821636 0.6260315
0.04636215 0.6546001
0.02639956 0.7429103
0.01965629 0.691425
0.04656675 0.6722184
0.0621587 0.6884583
0.09121362 0.6813593
0.09746228 0.6352496
0.08714201 0.7108146
0.06802839 0.6786091
0.05668481 0.6505231
0.06445781 0.6377255
0.04280171 0.5831782
0.0542352 0.6077718
0.07301768 0.6325951
0.05029317 0.5185629
0.06401389 0.493689
0.02762188 0.4393936
0.01745959 0.4122643
0.01907982 0.488692
0.02689689 0.5416398
0.02182005 0.482301
0.01952531 0.471512
0.06004607 0.4474426
0.06830607 0.4096452
0.08757258 0.3694991
0.06092154 0.413666
0.05570016 0.4550331
0.04434073 0.5224689
0.01590668 0.5160864
0.0211427 0.4867853
0.008728269 0.5694289
0.009771245 0.5333247
0.04361854 0.5802816
0.04258224 0.6319984
0.02640137 0.6630276
0.03011199 0.609371
0.02560317 0.6268645
0.01718382 0.6249597
0.03904758 0.6325903
0.06052826 0.6545234
0.05922459 0.6761541
0.0520394 0.6986995
0.05882491 0.7476994
0.07196864 0.7911072
0.04888176 0.6825163
0.05710342 0.7398839
0.0773179 0.6911282
0.06648937 0.6909565
0.03660732 0.8149657
0.02402212 0.7543261
0.03528975 0.7125494
0.05132759 0.7867052
0.04750782 0.792326
0.07738215 0.6236391
0.05932275 0.5476912
0.03272703 0.5875327
0.0502677 0.7125253
0.0567778 0.5956554
0.05443961 0.5763067
0.06079215 0.6305193
0.08412237 0.5917212
0.05496515 0.5168162
0.0580737 0.5590045
0.04007738 0.4186982
0.01435995 0.5997576
0.01799454 0.604575
0.02434137 0.7198317
0.03470794 0.7002522
0.05494879 0.6687874
0.05646158 0.6544468
0.06963056 0.6321764
0.06195544 0.5623062
0.06211952 0.4660166
0.07278282 0.4338045
0.05589265 0.4382945
0.0591186 0.4262571
0.05563546 0.4106591
0.03690719 0.3723129
0.06951443 0.2860374
0.05095756 0.2817934
0.04650047 0.293865
0.03507002 0.2829918
0.04669537 0.2698057
0.05725564 0.2531568
0.07909076 0.3054509
0.06669542 0.2965685
0.08688892 0.2763649
0.1041182 0.2524217
0.05602037 0.222861
0.0412889 0.2417045
0.05662974 0.2665388
0.04816064 0.2330643
0.05484815 0.2531794
0.05070329 0.2246775
0.04245595 0.2406536
0.04227068 0.2111137
0.03242862 0.2392859
0.03998709 0.2560346
0.02934102 0.2557135
0.02645849 0.2276987
0.05594216 0.2422691
0.07454744 0.3218904
0.06749082 0.3362322
0.07218804 0.3585164
0.08027603 0.3973571
0.07392985 0.3738659
0.08656342 0.4046525
0.08852191 0.3619141
0.09512546 0.3313117
0.07268522 0.3451455
0.0710818 0.4007739
0.05794468 0.3700809
0.0689455 0.3704606
0.08567557 0.3067181
0.07918788 0.2822967
0.0694857 0.2977453
0.05912988 0.3182705
0.0745576 0.288916
0.0660265 0.2846892
0.1235872 0.2972072
0.145914 0.3039635
0.1126432 0.2947646
0.04009171 0.2953286
0.03120579 0.3740339
0.03184654 0.3216239
0.04375733 0.2527287
0.06228274 0.2486699
0.09259808 0.2400081
0.1008792 0.2155132
0.1293404 0.2282726
0.2067315 0.2267159
0.1784825 0.2717747
0.1638606 0.233815
0.1345532 0.2003792
0.1124354 0.197921
0.09697207 0.2052959
0.091835 0.1979433
0.1046308 0.2022589
0.1165796 0.2178296
0.1341992 0.2134471
0.1741065 0.2166238
0.1529252 0.2254947
0.1079978 0.1973335
0.1211493 0.1841788
0.1223184 0.2108622
0.1105242 0.2314202
0.1195046 0.2390584
0.08160078 0.265375
0.07396363 0.276148
0.06937207 0.2715839
0.06494511 0.3231029
0.02884505 0.332087
0.05670721 0.3505361
0.04423964 0.4201445
0.04147557 0.4059449
0.06007554 0.42205
0.04032518 0.3850703
0.02913421 0.3915345
0.04543841 0.4022391
0.07354421 0.4184866
0.07224245 0.4240582
0.1060632 0.4348161
0.1296241 0.4415993
0.1142706 0.4057129
0.1319989 0.4396218
0.09251842 0.3822055
0.07466818 0.3865581
0.1073297 0.3105292
0.122821 0.2915368
0.1070551 0.3454558
0.09114822 0.3256013
0.09916162 0.3411248
0.08521076 0.3206232
0.0717515 0.3353135
0.09854155 0.3299866
0.07576488 0.3026073
0.1086612 0.3671421
0.147954 0.3316856
0.1702236 0.3802967
0.1239077 0.3490877
0.09665797 0.2966682
0.07978804 0.3507065
0.04439715 0.349713
0.04272008 0.3504709
0.04620821 0.3105219
0.05290011 0.2658836
0.06656816 0.2327149
0.05180825 0.2696319
0.04990401 0.2836885
0.06828316 0.3735705
0.08044654 0.3577016
0.08333988 0.328282
0.1269917 0.3473203
0.08921595 0.3400141
0.09559364 0.3244112
0.1159317 0.2920904
0.1036935 0.3330351
0.08820701 0.3165492
0.05752931 0.2877223
0.07143953 0.2802553
0.09915441 0.2677619
0.0702128 0.2822761
0.07200775 0.2552368
0.06545455 0.2546239
0.07546387 0.2436745
0.09037101 0.1778479
0.08388922 0.1818629
0.08584586 0.2252907
0.09067572 0.2453255
0.0664038 0.2293751
0.07374535 0.1842844
0.08291628 0.2222578
0.119957 0.2117272
0.105419 0.2060177
0.1071492 0.1931056
0.1350835 0.2104976
0.1634937 0.22171
0.1255068 0.2883187
0.1754045 0.2644989
0.1837756 0.2690409
0.1555085 0.3034642
0.1593964 0.3465658
0.1615335 0.339923
0.1290825 0.3288811
0.09588056 0.2835079
0.1315506 0.3044784
0.1120812 0.2753871
0.1062417 0.2186061
0.1009521 0.2537671
0.09120989 0.2185191
0.08954881 0.2241538
0.08089583 0.2537434
0.05792317 0.2773565
0.07385232 0.2495312
0.05777542 0.2496092
0.05146365 0.2555168
0.07227812 0.2612727
0.07462059 0.2478474
0.08292081 0.2430258
0.06626117 0.2638025
0.05820402 0.2433942
0.04606041 0.2568712
0.03301439 0.252436
0.05189778 0.2234944
0.04674318 0.2179422
0.05085633 0.2254688
0.05497875 0.2603422
0.02503619 0.2623842
0.02556384 0.2621295
0.0287369 0.2597124
0.01881074 0.2573584
0.01864706 0.2163924
0.02009477 0.2088415
0.03139613 0.2228441
0.04343663 0.2079094
0.04142854 0.2220873
0.03320325 0.3220295
0.03142434 0.3409937
0.04107885 0.2848031
0.03618739 0.2762774
0.03749369 0.2571096
0.02695981 0.3061102
0.03510283 0.3463271
0.03375297 0.3474427
0.04009685 0.3750889
0.01885859 0.3868503
0.01841838 0.3811137
0.01784708 0.3571147
0.03675731 0.3462523
0.02166855 0.4460302
0.03208266 0.5107805
0.03383224 0.4024788
0.05712571 0.4395834
0.0791142 0.3858091
0.07137319 0.3985897
0.07624763 0.5448644
0.05992977 0.5079404
0.0588667 0.5404561
0.05862669 0.5624182
0.03744633 0.5276923
0.03803683 0.5985903
0.03907423 0.6026391
0.03512152 0.6272359
0.02762621 0.8091097
0.01923247 0.7212734
0.006204878 0.7146068
0.0170045 0.6927607
0.01830927 0.6871076
0.01262783 0.6389469
0.03536314 0.6627872
0.03876007 0.6871317
0.02931126 0.5993133
0.0160696 0.5852409
0.01804106 0.6697015
0.02819863 0.5659965
0.04693452 0.5500662
0.04691936 0.4744104
0.05918471 0.4835056
0.04303925 0.4647745
0.05230605 0.4595208
0.04515975 0.4537141
0.04638895 0.3813643
0.03414789 0.3592554
0.03050922 0.3655388
0.02416224 0.3169119
0.04318789 0.3214556
0.03154906 0.3153682
0.05187216 0.34621
0.04477275 0.3145198
0.03484266 0.2666535
0.02189672 0.2770337
0.01386026 0.2555185
0.007398283 0.3224697
0.002537022 0.3503159
0.004101847 0.3511164
0.001608564 0.3830933
0.004893796 0.4250048
0.01353661 0.3601093
0.00468983 0.4641247
0.003767373 0.4562966
0.005263594 0.4509962
0.002814138 0.5227717
0.003018019 0.4962125
0.003009024 0.5769577
0.00134501 0.5412026
0.005188573 0.464466
0.001567784 0.507246
0.001604168 0.5976235
0.003648742 0.7172885
0.007395891 0.5652777
0.008133484 0.4699747
0.0359017 0.460774
0.04990105 0.5112387
0.05740408 0.4931039
0.1022689 0.4497838
0.09174478 0.4184961
0.1124673 0.4003461
0.1349003 0.3954023
0.115504 0.321996
0.1560095 0.3064125
0.160297 0.3211847
0.1314666 0.3199823
0.1103848 0.3051411
0.0954549 0.2847968
0.1029439 0.2506665
0.09827251 0.2848169
0.09743343 0.2834552
0.0798904 0.2734841
0.06164347 0.3156106
0.06534681 0.3456322
0.07928218 0.3141429
0.1170167 0.3188041
0.12267 0.3623321
0.09253206 0.322449
0.1295501 0.3434557
0.1096729 0.3485933
0.08533807 0.3608268
0.06166903 0.3400798
0.09456942 0.3428945
0.09687812 0.2916634
0.07323306 0.2743366
0.07914519 0.2866132
0.07016039 0.2949854
0.06320057 0.35055
0.08917818 0.3444318
0.09936944 0.4080301
0.1041308 0.5234262
0.09564225 0.5014945
0.07826303 0.5042714
0.08193014 0.4444136
0.0975725 0.4236335
0.09069408 0.4535649
0.073574 0.4276819
0.05226646 0.3642632
0.07950262 0.3300525
0.06665165 0.3156853
0.03509165 0.3874915
0.04962086 0.3427892
0.03571956 0.3377563
0.04559754 0.3452786
0.03203821 0.3524892
0.02115022 0.3828743
0.04265917 0.3776604
0.02933811 0.4277608
0.04374392 0.3308061
0.05575932 0.2990382
0.03804035 0.3014615
0.0456924 0.2581472
0.05120553 0.3115131
0.06357397 0.317146
0.0851029 0.291364
0.08617072 0.3172428
0.08793927 0.3502092
0.09464265 0.3109902
0.09579234 0.3317046
0.0960125 0.3836032
0.09832672 0.3751942
0.09052106 0.414377
0.1255425 0.3999231
0.1092922 0.406561
0.07580305 0.4078299
0.07973434 0.4399241
0.07043416 0.4523888
0.06349809 0.4507265
0.07252588 0.4333392
0.07846061 0.523493
0.06658814 0.4603727
0.05018131 0.4720457
0.03975764 0.4929419
0.04602162 0.4132854
0.04905364 0.4840826
0.04825486 0.4924027
0.0308468 0.3968198
0.02301036 0.353975
0.03515758 0.3523343
0.03029012 0.3821646
0.05602052 0.3572876
0.05432604 0.3857025
0.0654762 0.4374975
0.0603334 0.5072184
0.06577432 0.3772129
0.07140988 0.3258998
0.0533216 0.4018487
0.04982987 0.3940891
0.04454453 0.353506
0.03740594 0.348539
0.050487 0.2623993
0.06055429 0.2575365
0.03562804 0.2386121
0.0129047 0.2932094
0.03401055 0.3163966
0.037418 0.3170401
0.02272216 0.3083777
0.005727399 0.3232936
0.003181899 0.3252412
0.006285776 0.3108629
0.005388004 0.275808
0.005157377 0.2798099
0.008372542 0.3185625
0.02148324 0.3394625
0.023542 0.3912287
0.02757524 0.3539992
0.02685756 0.3089151
0.04714952 0.2575062
0.03321141 0.2684675
0.04837414 0.2814181
0.05199141 0.2540918
0.04251709 0.2663051
0.03808658 0.2825475
0.03946976 0.3251443
0.06420762 0.3770932
0.04917732 0.2833689
0.065933 0.326123
0.05117541 0.3648286
0.0922874 0.3921865
0.1089353 0.384338
0.1065669 0.3690158
0.08385811 0.3636265
0.06976016 0.3516565
0.03913592 0.3698915
0.03799266 0.3168571
0.032704 0.3524197
0.05156887 0.3879714
0.0688128 0.4087755
0.07031732 0.4443777
0.06201373 0.5030814
0.0533245 0.6334502
0.07816731 0.6180522
0.06434773 0.6747565
0.05814297 0.6685226
0.04065046 0.6569989
0.03172566 0.6139964
0.04956054 0.6389285
0.05425696 0.668685
0.05440075 0.6498801
0.09765495 0.5413393
0.08400017 0.5510477
0.07565218 0.6021919
0.07222026 0.5798957
0.05772189 0.5739656
0.04052381 0.5661791
0.03969343 0.6630576
0.03342955 0.6847319
0.02016097 0.7984854
0.02857942 0.8214829
0.03772552 0.743507
0.01930407 0.6442674
0.01346138 0.6327273
0.01446568 0.5378435
0.03138712 0.5797458
0.02400152 0.5628078
0.01382482 0.5011662
0.01638031 0.4662806
0.03019642 0.4570933
0.04352763 0.4076609
0.07486062 0.4099191
0.07398989 0.4220112
0.07506352 0.4580852
0.07149608 0.4976428
0.05952708 0.4382346
0.0415247 0.4090239
0.04309044 0.426072
0.02929203 0.4227048
0.02720631 0.4710486
0.02056671 0.4830497
0.008489803 0.5425301
0.01008428 0.5042304
0.01514265 0.4455901
0.008970942 0.4247831
0.009439871 0.440708
0.01807151 0.4976947
0.01423576 0.5270961
0.04183145 0.4744025
0.03809274 0.4685677
0.04629623 0.4574216
0.06537952 0.4913355
0.06926057 0.3741268
0.08641969 0.4062641
0.07164794 0.396675
0.1044986 0.3936629
0.1216536 0.3727599
0.1111182 0.3154674
0.1513381 0.3353426
0.1221523 0.3637739
0.09571157 0.3578238
0.08238543 0.3722923
0.0448071 0.3692088
0.03759946 0.3297882
0.03520535 0.3606815
0.0297616 0.3323301
0.017999 0.3369886
0.01458774 0.3397847
0.01600958 0.3375734
0.03156863 0.3615203
0.02655426 0.3596003
0.03197548 0.3379739
0.02626298 0.2733905
0.01855749 0.3074608
0.02249812 0.331523
0.01926977 0.3593205
0.02027046 0.3403546
0.02491823 0.3596485
0.03636791 0.3654216
0.03267404 0.3790457
0.03407372 0.3804676
0.02921317 0.4148097
0.01403687 0.4628038
0.006545384 0.5348698
0.008770816 0.5191882
0.01571008 0.5510565
0.02781093 0.677666
0.03404469 0.6738055
0.03274959 0.6781854
0.02305551 0.6217161
0.05019629 0.5976652
0.06344756 0.6100726
0.09253789 0.6256104
0.09427615 0.5059375
0.08580064 0.5923061
0.07913958 0.6547673
0.1168892 0.5306037
0.09266414 0.4862432
0.08038172 0.4464818
0.09180525 0.4259176
0.06356251 0.3319191
0.05282715 0.3972435
0.03530026 0.4324054
0.03811512 0.4174896
0.05793185 0.3820451
0.03066001 0.4052267
0.02639487 0.4585959
0.03174905 0.4721702
0.02479653 0.3995758
0.01811089 0.4184025
0.02282201 0.4446276
0.02569638 0.4028032
0.05192038 0.4650449
0.04556281 0.4662079
0.05538581 0.4140028
0.02781637 0.3951793
0.01334291 0.5438697
0.02080475 0.5319554
0.02416031 0.5396537
0.04899045 0.4821573
0.03371481 0.4817359
0.02879816 0.5281594
0.02354647 0.5295259
0.01577741 0.5552161
0.0131266 0.6094255
0.0124899 0.6132572
0.02402942 0.7586271
0.02449863 0.7795455
0.01933029 0.6980217
0.01582672 0.6631804
0.04966838 0.6229527
0.03701163 0.7232677
0.04852366 0.8162501
0.04604543 0.882909
0.05935911 1.10775
0.05423543 0.8345022
0.04802332 0.6397489
0.0517814 0.6209222
0.04797581 0.5588083
0.02971567 0.5695146
0.01399587 0.5415596
0.008948103 0.5502693
0.02019317 0.5614321
0.006760717 0.5620336
0.005751158 0.6091757
0.004652701 0.6029669
0.003417197 0.7463401
0.004044183 0.8421715
0.006138704 0.8658771
0.006571495 0.9298752
0.004683517 0.8225755
0.01053631 0.7933982
0.01875739 0.6884433
0.02365791 0.702856
0.01701384 0.6617391
0.01875903 0.5505475
0.0199825 0.5267556
0.01990141 0.6220373
0.0325334 0.5088436
0.04750013 0.5272288
0.05703345 0.5837272
0.06961831 0.5933076
0.06353813 0.6017251
0.06153162 0.5636998
0.06126226 0.7095222
0.06566171 0.674724
0.09048824 0.6315875
0.06337246 0.8423153
0.06915036 1.006045
0.03992279 1.315026
0.02132374 1.215241
0.01476663 1.252531
0.02607105 1.370847
0.006510453 1.429967
0.005803236 1.251742
0.01089685 1.437157
0.01689588 1.38066
0.02943179 1.11995
0.02276563 1.232277
0.03213801 1.2686
0.05378327 1.203117
0.03619088 1.382504
0.02632015 1.211248
0.01098761 1.514636
0.006373685 1.476627
0.01199783 1.448794
0.007320422 1.505653
0.02261155 1.713372
0.02615332 1.471219
0.01998748 1.425859
0.005823608 1.39769
0.02160037 1.418478
0.01819046 1.21803
0.02102833 1.455248
0.01786304 1.545498
0.01430726 1.453637
0.006686138 1.35807
0.0145533 1.12048
0.02114205 1.009731
0.03746815 0.9323272
0.0388664 0.9065619
0.05317546 0.8705438
0.03346289 0.8305104
0.05824457 0.836677
0.03157857 0.8562418
0.03379672 0.8317334
0.03695965 0.8560752
0.08042487 0.710026
0.08703329 0.7163286
0.05308305 0.5821059
0.04572917 0.5790055
0.04352222 0.4555628
0.03937181 0.4550132
0.04265239 0.4770613
0.04469835 0.5389146
0.03322133 0.5422867
0.04297227 0.6508729
0.05314305 0.60321
0.05447779 0.639936
0.05750463 0.6559374
0.0762378 0.5972118
0.08171374 0.7520684
0.06998502 0.6968712
0.04709348 0.7596165
0.02495736 0.9311696
0.02835598 0.8578873
0.01267107 0.7901618
0.007400949 0.8265468
0.01658311 0.776313
0.01312367 0.7652593
0.006368423 0.9046354
0.01086275 0.9181405
0.003570785 0.8224726
0.005260423 0.7098334
0.007784653 0.7772377
0.008717527 0.8175455
0.02074539 0.8500432
0.02227288 1.001934
0.02753595 0.9802058
0.0299169 1.115592
0.02637539 0.9928988
0.01746357 0.9973689
0.01884016 1.079666
0.0226397 1.092205
0.01623476 1.08897
0.004696024 0.9338821
0.004354174 0.9691479
0.002118765 0.9042256
0.005422627 0.8584983
0.003760992 0.7707266
0.02080524 0.731093
0.009278844 0.8754862
0.01688927 0.8430069
0.008332065 0.6763209
0.01899301 0.6549134
0.02205563 0.6446451
0.02528714 0.7263485
0.01938847 0.7546826
0.01884319 0.6779136
0.03338838 0.7031238
0.02482828 0.6220583
0.04062526 0.533337
0.03874253 0.5119848
0.02999946 0.5538436
0.03324826 0.559984
0.04934841 0.5678321
0.04092677 0.462706
0.06039129 0.401891
0.0464949 0.3402737
0.0505701 0.3284995
0.019887 0.3590872
0.01577072 0.3520189
0.01901593 0.3693471
0.01890162 0.412217
0.03075654 0.4121202
0.03531633 0.4638773
0.0360169 0.4388498
0.03298588 0.4223638
0.01887357 0.4272145
0.0179047 0.4426292
0.004262188 0.5008357
0.004331914 0.4875067
0.0004602569 0.5446509
0.007822166 0.4970753
0.009031053 0.5706497
0.007731717 0.5192016
0.01799196 0.4451304
0.01661948 0.4489373
0.0257595 0.503804
0.009973828 0.4882537
0.02468047 0.5599034
0.05184687 0.5478632
0.03243625 0.6439643
0.03568093 0.7444805
0.02190874 0.7702825
0.02671185 0.8009017
0.01358747 0.8319977
0.006140839 0.970962
0.008283544 0.8707633
0.00324944 0.8664337
0.00516244 0.8244164
0.003354996 0.938394
0.0005070723 1.15403
0.003652706 1.29196
0.002654887 1.359925
0.002232518 1.276035
0.005740853 1.284963
0.006827898 1.345702
0.004989982 1.394824
0.005490546 1.311399
0.006592436 1.14521
0.009856713 1.10907
0.03433736 1.11825
0.0266379 1.167009
0.04296279 1.130664
0.02595444 1.178871
0.008378377 1.284717
0.01358649 1.03751
0.02435191 0.9779853
0.02492567 0.7810299
0.04462607 0.8615195
0.03081666 0.7812655
0.03986626 0.6686658
0.0635365 0.7982199
0.04943019 0.8289839
0.03943553 0.8635952
0.03026474 0.9325657
0.04663493 0.9207702
0.04739994 0.7449462
0.06009431 0.7823375
0.03885478 0.814558
0.03760652 0.9116048
0.0428212 0.8071622
0.04096404 0.8674023
0.05934222 0.9721457
0.06815418 0.9463299
0.06745132 1.026199
0.03790049 0.9219148
0.04334525 1.026145
0.02640287 1.088666
0.022188 1.032304
0.0332163 0.8412169
0.05345374 0.7943795
0.03190558 0.8080738
0.02666686 0.6218306
0.02893177 0.5883505
0.03871631 0.5723413
0.02439328 0.573572
0.04831378 0.5813436
0.0366636 0.5872328
0.0309502 0.5767647
0.02587138 0.6534905
0.02731885 0.7013228
0.02247009 0.6158385
0.04447673 0.5820779
0.02135032 0.4614137
0.02668081 0.4844052
0.03784897 0.4986624
0.0498484 0.5222089
0.03998458 0.4623826
0.01852033 0.4525456
0.01206257 0.4061589
0.008407026 0.4354885
0.01679469 0.5335526
0.03132508 0.5161866
0.02532067 0.4078975
0.05373589 0.4600345
0.04709715 0.3896277
0.09847008 0.3557062
0.09680596 0.3817243
0.08427143 0.4842688
0.07629014 0.4713096
0.05304905 0.3499379
0.06228667 0.4024651
0.08019666 0.3157082
0.07795825 0.3146552
0.09849271 0.3192053
0.09159036 0.3314449
0.06931013 0.3288378
0.05817611 0.3570343
0.02895779 0.3873398
0.02152437 0.4053255
0.0265181 0.3734339
0.03208225 0.4497533
0.03828152 0.4990155
0.0508152 0.6223969
0.0682055 0.6296973
0.08683468 0.4373231
0.06824202 0.391719
0.08866356 0.4370234
0.05911836 0.4467043
0.05172603 0.4892286
0.02787634 0.4344348
0.05930386 0.4680526
0.06437333 0.4297569
0.06139168 0.4521505
0.04831621 0.4502507
0.02992045 0.4400028
0.03807096 0.3622345
0.05391199 0.3757074
0.04710221 0.3983698
0.04565513 0.4349789
0.03161215 0.4628711
0.02216535 0.4603693
0.0238096 0.4921407
0.01293737 0.4700453
0.01521495 0.4899951
0.01768663 0.5003029
0.01494622 0.5487465
0.01554475 0.6149317
0.02127866 0.6520233
0.05492321 0.7025418
0.05921184 0.787461
0.04973998 0.7674237
0.06361088 0.8495123
0.04646076 0.8119334
0.03801333 0.9125012
0.02349902 0.9696969
0.02524302 0.9062208
0.03241001 0.8604797
0.04670037 0.6798349
0.03133923 0.6541424
0.02869025 0.7691359
0.03794933 0.7003799
0.05049839 0.7365506
0.04092672 0.6478026
0.04609256 0.5608554
0.04825511 0.5295394
0.03297946 0.4680518
0.01554304 0.4841978
0.01623247 0.5617793
0.02519171 0.5044765
0.02549126 0.5449777
0.0369383 0.5234269
0.03416364 0.4784996
0.04014078 0.4163528
0.03819006 0.3664142
0.02464706 0.3948027
0.01276436 0.4638269
0.02111395 0.4280006
0.02318123 0.4759434
0.03235959 0.4704963
0.02569196 0.4426966
0.02571183 0.4513884
0.01575118 0.4900764
0.02306819 0.4833298
0.01225389 0.5575274
0.007928456 0.5467913
0.01576633 0.5365522
0.02855302 0.6165746
0.02080372 0.662698
0.03151247 0.6110834
0.01785819 0.5804801
0.01923951 0.5838042
0.02010695 0.6241065
0.01985785 0.5073897
0.01616955 0.4280026
0.02931196 0.4435012
0.02653124 0.4128885
0.04551086 0.4217966
0.05292484 0.406416
0.06366783 0.3870896
0.01967785 0.4175507
0.01793426 0.3621808
0.0183768 0.3293007
0.004543058 0.3736273
0.009997919 0.4035157
0.004219328 0.4333194
0.01024522 0.4780022
0.001534114 0.5914416
0.004221132 0.5650631
0.00404702 0.6296024
0.01521977 0.6099021
0.01590053 0.5299647
0.008816056 0.529169
0.009247727 0.4880382
0.008806082 0.480158
0.007204555 0.5355065
0.01200666 0.5274887
0.01710024 0.5404523
0.004476698 0.53661
0.003070902 0.6106534
0.004213341 0.5203734
0.01293233 0.4716326
0.0232402 0.3924284
0.03309566 0.414572
0.02872888 0.467843
0.02937819 0.4955495
0.03653475 0.5150045
0.04751082 0.4242001
0.05258935 0.4302704
0.06268357 0.4100793
0.08395138 0.4515945
0.08189057 0.3591914
0.06535367 0.3644204
0.05726072 0.3395564
0.1015772 0.3895343
0.1179601 0.4093859
0.1230511 0.3730659
0.07780296 0.3547238
0.06839849 0.3117717
0.06174463 0.2813539
0.05739371 0.2806266
0.07597651 0.3023198
0.07248233 0.2824392
0.07074841 0.283879
0.08042013 0.2906346
0.08640891 0.2691892
0.08791036 0.3410052
0.1152899 0.2615367
0.1489359 0.1997028
0.08819846 0.1736883
0.09811303 0.1670694
0.0944784 0.1625382
0.07752649 0.1696974
0.08471839 0.2061212
0.05562634 0.2377964
0.04936976 0.2878335
0.03391996 0.2319331
0.03022035 0.1915556
0.01815864 0.2026726
0.01968828 0.2198964
0.01312821 0.2045248
0.01254611 0.1568406
0.01519008 0.1648971
0.004435132 0.2094154
0.01787426 0.2408308
0.006869308 0.2750456
0.004618178 0.295818
0.007540594 0.3135528
0.01027602 0.2907194
0.01709431 0.2608775
0.0165259 0.2584855
0.02440616 0.2330363
0.03574855 0.2871294
0.04055833 0.2718822
0.05209048 0.2837976
0.06549874 0.3000166
0.06438627 0.3217305
0.03142076 0.3971577
0.06830686 0.393565
0.08595245 0.384337
0.07320414 0.3699651
0.08731654 0.3978906
0.08851413 0.37403
0.09603753 0.371868
0.08031478 0.3759511
0.07856888 0.3320899
0.1064411 0.3343547
0.09076527 0.3463297
0.06729215 0.3218354
0.06552253 0.3291941
0.04509033 0.3285407
0.02093974 0.3443731
0.01978533 0.3713763
0.04847331 0.3066751
0.06000117 0.3387868
0.05327987 0.3594193
0.03210049 0.3333464
0.02923638 0.2983883
0.02520345 0.3016363
0.02491916 0.3222268
0.02197271 0.3424258
0.01602667 0.3927255
0.01058409 0.4577168
0.01417337 0.4228279
0.0211703 0.402379
0.003599944 0.4621037
0.01311413 0.5088841
0.02964503 0.4874786
0.01632748 0.5472486
0.005308515 0.5320837
0.01225924 0.7379765
0.008238117 0.8805418
0.006549007 0.6676748
0.002289795 0.6379596
0.001975199 0.7107349
0.002071528 0.9095679
0.001488032 0.9630869
0.003765182 0.8216452
0.01493493 1.009309
0.03980996 0.9560328
0.05803799 0.8019215
0.05342169 0.9264609
0.04783796 0.8433818
0.04069029 0.9210366
0.02399137 0.8897239
0.03889905 0.8718885
0.0320933 0.9002743
0.02169202 0.8194663
0.03892195 0.6841735
0.02929013 0.7170896
0.03331385 0.7168054
0.03156395 0.7155869
0.04856295 0.6884473
0.04987786 0.7760283
0.05266124 0.9013019
0.0307371 0.9282118
0.0190017 0.7530736
0.01195201 0.7072792
0.03915512 0.6928186
0.04355008 0.6138594
0.03633372 0.6745441
0.05084458 0.74572
0.04609887 0.870662
0.0413278 0.8630191
0.01819147 0.8550478
0.003069572 0.8024195
0.01198337 0.7841511
0.008060362 0.8125533
0.005253937 0.8002448
0.003601626 0.7624529
0.011983 0.8394853
0.02286239 0.786495
0.02754629 0.8601197
0.03286288 0.8929432
0.02975973 1.132454
0.03173687 1.10086
0.02093387 1.074896
0.03056452 1.144705
0.03654239 1.174853
0.02413819 1.025025
0.01527757 0.9707801
0.01150144 0.8381165
0.01516154 0.8428373
0.03060333 0.6952518
0.05707179 0.7160102
0.04231171 0.710966
0.02246861 0.7306183
0.0409867 0.7547395
0.02667131 0.7523464
0.02852129 0.8309593
0.01302462 0.8732265
0.01982992 1.002178
0.007354559 1.137388
0.03214383 0.9460217
0.01674576 0.9130407
0.01042638 1.018892
0.01304415 0.9557392
0.015948 0.9844925
0.03711996 1.109796
0.07015659 1.052704
0.0642316 0.8988956
0.06534259 0.8508172
0.03697878 1.102445
0.06260648 1.103478
0.04098053 1.245741
0.02900355 1.203159
0.03043363 1.414135
0.04073741 1.190326
0.03099913 1.449757
0.03771305 1.610397
0.046244 1.776253
0.04502924 1.668214
0.03653774 1.437121
0.02721531 1.269214
0.008616907 1.185066
0.008492838 0.9728424
0.008189703 0.8502878
0.04855595 0.9537575
0.0161206 1.075753
0.01493496 1.221612
0.02497303 1.203837
0.03022804 1.26674
0.02886478 1.309277
0.03189144 1.204031
0.04758154 1.16304
0.04625771 1.020448
0.03079608 0.8365597
0.03143539 0.8689746
0.03065422 0.8990835
0.03786266 0.7521567
0.03957405 0.6622751
0.04188281 0.4903755
0.05318521 0.430693
0.0498898 0.4394977
0.03404843 0.4514431
0.03934872 0.3898544
0.06528484 0.4578789
0.0458816 0.4492347
0.05980114 0.4421247
0.03876155 0.4695609
0.04029362 0.5198539
0.03298257 0.5457379
0.02885463 0.4906615
0.03233951 0.5062894
0.04973591 0.5592368
0.01722191 0.5716991
0.005302397 0.5900127
0.01066906 0.7032099
0.0108557 0.8160532
0.01281878 0.6574621
0.00783769 0.6398407
0.009928369 0.6539945
0.007154764 0.5964139
0.005213837 0.497098
0.006690849 0.4868075
0.00399626 0.3869629
0.005185322 0.403666
0.004243127 0.3740415
0.009276021 0.4507386
0.005818598 0.4282676
0.006934478 0.3852252
0.005943624 0.3473678
0.009928275 0.3581481
0.005030557 0.3856042
0.0137814 0.4404794
0.01905079 0.3428392
0.01665196 0.3759118
0.03327118 0.3572309
0.0411893 0.3581417
0.05088268 0.3974977
0.07046929 0.3903912
0.05361449 0.3567386
0.07071449 0.3706276
0.04876262 0.3634459
0.06201792 0.3726807
0.04501408 0.3512629
0.05824569 0.360143
0.05434534 0.3612513
0.0804814 0.3867683
0.0926789 0.3830983
0.07667959 0.4284197
0.09104723 0.340841
0.1173226 0.3194359
0.1229547 0.3268971
0.1525539 0.3079555
0.1269582 0.2629312
0.1359872 0.3155269
0.1058775 0.343713
0.09777345 0.3843057
0.08904223 0.3706529
0.08817754 0.3158258
0.08740736 0.2772204
0.04928195 0.2356784
0.03476553 0.2373628
0.04542738 0.2504521
0.04535112 0.2570035
0.05169733 0.2527467
0.07520246 0.2643948
0.08220119 0.249784
0.05666157 0.2533771
0.05932896 0.1929572
0.07946768 0.1842507
0.08690846 0.1928282
0.07303698 0.1759396
0.04706524 0.1674651
0.05913636 0.1622831
0.06053479 0.1841229
0.03559119 0.2328251
0.01551007 0.23564
0.01708353 0.2510609
0.03354786 0.2170294
0.0377133 0.1996339
0.04195686 0.2095766
0.03377753 0.2586683
0.049311 0.2770791
0.03523751 0.2861036
0.05470123 0.2902418
0.05785594 0.3051026
0.09144526 0.2573603
0.05306218 0.2545942
0.0743599 0.2664103
0.06741008 0.2396654
0.08934006 0.2212876
0.08403749 0.243676
0.09101226 0.2422544
0.07273091 0.2610333
0.03151221 0.2736823
0.04834409 0.3005704
0.0904119 0.2560605
0.08027497 0.2738414
0.06115725 0.2895652
0.1047155 0.2419603
0.07374665 0.2680379
0.07375165 0.2722014
0.08533563 0.325034
0.09007052 0.2934169
0.05858176 0.3102654
0.0569397 0.3261845
0.03685406 0.3846452
0.08651274 0.480979
0.07015488 0.5102351
0.08494873 0.5608154
0.06070402 0.5712507
0.07111114 0.6034929
0.06808378 0.5065912
0.06952001 0.5033034
0.06837479 0.5189789
0.03686024 0.4893665
0.01595939 0.5513582
0.02754521 0.5659953
0.04258211 0.5346628
0.04803866 0.4790943
0.04947774 0.4426078
0.03982856 0.4302614
0.04894223 0.4048937
0.05296125 0.4806679
0.03121862 0.4489586
0.03106546 0.5500258
0.04765063 0.5221911
0.02563142 0.4846933
0.0364134 0.5127546
0.04458552 0.5080809
0.03915685 0.5132433
0.06015396 0.4234153
0.04341369 0.4039301
0.04677229 0.4313405
0.01653002 0.4490095
0.01094576 0.5405273
0.01088725 0.4836493
0.02192486 0.4754964
0.03304493 0.4742218
0.03164319 0.4109075
0.01534953 0.3944383
0.01566089 0.4574566
0.01697697 0.5170712
0.01049868 0.563638
0.002645365 0.5017086
0.007531856 0.5746912
0.00775988 0.4972064
0.01325553 0.5514161
0.02957553 0.5423631
0.04754588 0.5799593
0.04358709 0.5302995
0.04216543 0.5202571
0.0751193 0.6032183
0.05529093 0.5677099
0.05727465 0.5185269
0.05277011 0.5624112
0.02840826 0.5774454
0.04375652 0.5001086
0.05625852 0.49893
0.04733125 0.450421
0.04634089 0.4492217
0.02536959 0.5338829
0.01933692 0.5404003
0.01676501 0.5518884
0.009132907 0.7043262
0.004427063 0.866092
0.01134486 0.992306
0.01420363 0.9477117
0.01289693 0.9249777
0.02721008 0.8089997
0.02613362 0.8805075
0.03319345 0.9289703
0.01904316 0.8031894
0.01901164 0.7949733
0.01770925 0.7314001
0.01136381 0.633637
0.02086786 0.5608935
0.03162743 0.5482956
0.03099993 0.4992215
0.04203304 0.4175602
0.02104131 0.5008392
0.03271201 0.4245245
0.05521939 0.4028716
0.04298603 0.4722969
0.02978207 0.4374405
0.02875909 0.4033946
0.02854857 0.4561857
0.02602563 0.5315016
0.0354182 0.5055307
0.04783062 0.4601577
0.02058837 0.4691192
0.02551563 0.4230329
0.01381992 0.411286
0.02372714 0.4471057
0.01997392 0.4620386
0.04092581 0.4523985
0.04366876 0.49678
0.04248312 0.4357591
0.04507894 0.3883078
0.03150431 0.4321137
0.04026049 0.3737292
0.03334767 0.3935337
0.02856372 0.4125854
0.02598047 0.4379771
0.04710732 0.4744393
0.03664243 0.4519368
0.04753904 0.5091919
0.04307014 0.50543
0.03134879 0.4711985
0.05138404 0.4036661
0.05891988 0.4341418
0.05881336 0.406032
0.04535277 0.3776032
0.03089154 0.4023357
0.04672354 0.3192688
0.03031132 0.3307429
0.04537534 0.3439573
0.03419095 0.4579814
0.03676831 0.5226377
0.0351124 0.5076683
0.03985902 0.4785626
0.04374585 0.4656836
0.038898 0.474553
0.03289479 0.4275725
0.04576844 0.4015757
0.04446638 0.4523482
0.04844061 0.4219828
0.05514517 0.3995806
0.04910479 0.41527
0.02640057 0.4070165
0.04421038 0.4467859
0.02322274 0.5116027
0.04077759 0.5039727
0.05653602 0.5617473
0.06270133 0.6908782
0.04408257 0.8226376
0.05081293 0.8049008
0.06401658 0.787317
0.05424894 0.8935064
0.03271964 0.7301357
0.02912241 0.7817016
0.04061661 0.6840006
0.03630598 0.6849047
0.05734252 0.7657193
0.05136361 0.6261848
0.0737185 0.6275852
0.07280832 0.7372625
0.05421075 0.6050687
0.05170153 0.5240207
0.05761671 0.5104224
0.06424303 0.4626888
0.05102814 0.4035758
0.04762593 0.3377281
0.07802345 0.3299295
0.1027399 0.3366552
0.1190481 0.2986386
0.121359 0.3425345
0.1161603 0.3493752
0.1044134 0.3232317
0.0635513 0.3324176
0.05495025 0.2813776
0.07551526 0.2631949
0.08954379 0.253234
0.1309947 0.250002
0.1473926 0.2508353
0.1208552 0.2641605
0.1034101 0.2581881
0.09730163 0.2457729
0.06405366 0.1952517
0.08321736 0.1796584
0.07371104 0.2096261
0.07680465 0.2444266
0.0569449 0.2408791
0.09658965 0.2746628
0.09419145 0.3442127
0.1234507 0.3179768
0.1172057 0.344412
0.1098827 0.3064175
0.06323853 0.3202667
0.05193408 0.30329
0.08212327 0.329196
0.06844187 0.3361155
0.06989158 0.3049842
0.04118566 0.3370388
0.03660895 0.3572677
0.03138374 0.3986388
0.01699463 0.3313314
0.03196734 0.331692
0.02331376 0.4139511
0.02594995 0.362006
0.02970195 0.3498086
0.03723765 0.2986393
0.056593 0.3030355
0.05728732 0.3140574
0.03848431 0.3546299
0.02588809 0.321174
0.02206376 0.2656057
0.04307438 0.2791051
0.02783177 0.2640817
0.03883622 0.3012928
0.03649508 0.3084967
0.05243949 0.2935653
0.03583977 0.360159
0.01446101 0.3304801
0.02183612 0.357086
0.008892669 0.3283735
0.001471462 0.4043803
0.004193322 0.4699855
0.01352174 0.5028836
0.02165449 0.4858074
0.03753578 0.4727683
0.02478575 0.4876553
0.01072265 0.4628842
0.02107488 0.5241213
0.01009287 0.5222384
0.02585647 0.4597982
0.01725182 0.4920368
0.01282568 0.5189406
0.02469669 0.6077329
0.02553094 0.6177067
0.04621044 0.4508215
0.034753 0.4931621
0.0663367 0.4698916
0.06612965 0.4599732
0.05400804 0.4598971
0.0391223 0.4393998
0.04043091 0.4578549
0.03252457 0.4801483
0.0339053 0.5464564
0.03530336 0.5189265
0.03965285 0.5255985
0.05693519 0.5342751
0.07308019 0.5104645
0.07028995 0.4919975
0.06857482 0.4203056
0.09080633 0.4012203
0.08629533 0.3582893
0.1161091 0.3521226
0.110081 0.330331
0.1146957 0.3577116
0.1195946 0.3702575
0.07962835 0.4166709
0.06883606 0.3787764
0.08954329 0.3763766
0.08430499 0.3575428
0.1136012 0.3502579
0.1025644 0.3380176
0.09376962 0.3526246
0.08776184 0.4136506
0.0609456 0.4504162
0.04591307 0.4863921
0.0504994 0.4783594
0.0374908 0.4670133
0.04741279 0.4948431
0.04137286 0.5468221
0.02114192 0.4960791
0.03156795 0.4798785
0.03166264 0.491929
0.03639949 0.5974591
0.04596885 0.5634214
0.008198951 0.4831265
0.03202952 0.4799995
0.04606442 0.4094032
0.04011763 0.4619759
0.04135038 0.5398594
0.04773875 0.5834907
0.05883423 0.5755917
0.04309404 0.5432187
0.06095966 0.4868751
0.05393208 0.5668316
0.05954998 0.5198474
0.04677071 0.5174488
0.0429137 0.5990559
0.05032495 0.610494
0.04376043 0.5671024
0.02828434 0.5288679
0.0122787 0.6289748
0.013135 0.6438218
0.003565996 0.558161
0.00431323 0.553392
0.0008687591 0.5559752
0.009821047 0.526503
0.02218844 0.5811173
0.02131722 0.5102846
0.02228748 0.5004493
0.0233733 0.4673473
0.0148737 0.4521566
0.01702389 0.3920411
0.005111538 0.3635262
0.009782068 0.3578425
0.02202493 0.4031464
0.03299718 0.4063973
0.04369338 0.5062372
0.0283003 0.5155742
0.03570286 0.5344549
0.02400271 0.6100833
0.01479629 0.5502488
0.01764007 0.6991281
0.0140907 0.6433212
0.009962504 0.6889653
0.01157911 0.7313323
0.004290235 0.7453842
0.009918048 0.7809744
0.003951048 0.782281
0.002538237 0.9233408
0.001062695 0.926878
0.002881363 0.8463552
0.01867655 0.979829
0.01234801 0.958107
0.01524101 0.8594859
0.03777476 0.8278408
0.007113349 0.8024294
0.01596639 0.7969602
0.03266364 0.7142541
0.02876876 0.7924687
0.04015427 0.7000571
0.06177751 0.7973029
0.06541751 0.8305255
0.03525518 0.9066353
0.01935462 0.7553383
0.03716551 0.5546065
0.03027528 0.5885804
0.03451935 0.6138233
0.05151536 0.5303265
0.03133176 0.5198075
0.03892811 0.5743866
0.03002014 0.7549138
0.0398905 0.7139157
0.02928461 0.6959999
0.03747913 0.707796
0.04597279 0.6820592
0.05279938 0.7050025
0.04186871 0.7458755
0.02542938 0.6426978
0.01276432 0.5793907
0.01284473 0.7189778
0.0177915 0.7523778
0.003161092 0.7785067
0.01887472 0.8707089
0.02507216 0.9376535
0.02206844 0.9563418
0.01974499 0.9169462
0.02355466 0.7771909
0.0384213 0.5709221
0.0476483 0.6000123
0.0428393 0.5927336
0.07583896 0.6441164
0.05526674 0.5126689
0.04883939 0.47186
0.03475567 0.5239286
0.02897278 0.5287656
0.01714741 0.4823855
0.02617967 0.5100129
0.02896366 0.5222397
0.01946005 0.4639268
0.02154939 0.4976458
0.02283738 0.5178217
0.01857262 0.4792046
0.02939826 0.5136146
0.04269925 0.4548519
0.01777184 0.4711439
0.02497752 0.5077576
0.02285676 0.6605315
0.02140753 0.5667649
0.009047748 0.4642347
0.00985911 0.4479195
0.007248705 0.4728566
0.004810431 0.4210205
0.002414682 0.3866651
0.00928132 0.3907864
0.01141168 0.4505586
0.006495299 0.4965585
0.008640185 0.5048657
0.01406611 0.5654554
0.01581126 0.6286633
0.01278318 0.6834694
0.01270559 0.8042552
0.0135092 0.7169406
0.006031983 0.8092379
0.003029516 0.9159639
0.0121344 0.9238685
0.0077081 0.9906562
0.0131361 1.025756
0.007231594 1.066081
0.0001441013 0.8866541
0.002210644 1.104772
0.005814897 1.233257
0.01034885 1.130842
0.01084458 1.304956
0.007222819 1.165218
0.0219367 1.195722
0.01626691 1.358333
0.02567941 1.297952
0.02678769 1.395162
0.0429467 1.535871
0.03781726 1.448152
0.03445892 1.613576
0.01301615 2.086578
0.01571365 2.080739
0.0105382 2.299573
0.006652805 2.17025
0.01890058 2.30461
0.01675435 2.30422
0.01987504 2.611151
0.002207501 2.757141
0.002188471 2.47027
0.005711317 2.19841
0.02014378 2.199819
0.0150297 2.673147
0.008089486 2.463257
0.006329177 1.93941
0.0171314 1.776576
0.01589517 1.822504
0.01320332 1.935929
0.01335745 2.185758
0.01070497 2.088221
0.01411787 2.03072
0.02216252 1.730302
0.03219596 1.588384
0.02706342 1.563925
0.03050784 1.36033
0.03592675 1.363352
0.02705657 1.450088
0.004008313 1.246944
0.00627661 1.194717
0.003267758 1.184561
0.004881942 1.297406
0.00585145 1.23598
0.01186885 1.339829
0.00473706 1.217083
0.006080301 1.215685
0.005843842 1.303945
0.0004205269 1.099798
0.00394016 1.021085
0.01251769 0.9366111
0.02908844 0.8575151
0.01351565 0.7754608
0.005820703 0.8018117
0.005323472 0.824634
0.01344912 0.7890392
0.00560258 0.7944878
0.007129794 0.7085133
0.01604206 0.8126829
0.01463198 0.8507151
0.02916629 0.8643015
0.03188917 0.9119407
0.034339 0.8806214
0.02743454 0.831292
0.02436263 0.8427993
0.01060034 0.8741279
0.007690122 0.9035339
0.01711171 1.003829
0.01548249 1.017267
0.0264164 1.012631
0.02088083 0.849396
0.02216524 0.7615907
0.02653516 0.9156043
0.03626165 0.7611633
0.03298249 0.6646779
0.03739009 0.6961732
0.03557423 0.7590965
0.03121139 0.768636
0.02811841 0.8857113
0.01530886 0.8780314
0.02191155 0.9459688
0.02631964 0.958326
0.03405038 0.9477738
0.04021842 1.136209
0.03632525 1.140462
0.04191715 1.129924
0.04484452 1.118994
0.03440927 1.20013
0.01496349 1.047383
0.01944691 0.8865641
0.01067692 0.8562229
0.02671927 0.8542997
0.04002285 0.8612228
0.0276766 0.834806
0.01996017 0.7502948
0.01152996 0.7068509
0.02298648 0.6760858
0.03009625 0.7513036
0.02741251 0.6910644
0.03200153 0.6557739
0.03159252 0.6260774
0.03157943 0.6238584
0.06029326 0.7003901
0.05919909 0.7149195
0.06232253 0.6706971
0.09036339 0.6572314
0.07140729 0.6390383
0.03167638 0.5895725
0.0424476 0.7073697
0.04468253 0.7169224
0.07177968 0.6499219
0.05841483 0.4649045
0.04258057 0.5671413
0.03480867 0.6593558
0.04254866 0.5891662
0.05960689 0.5323715
0.04504757 0.4840361
0.0359731 0.4983215
0.02681102 0.5264239
0.01678262 0.512168
0.02137654 0.4843851
0.02173664 0.4003358
0.01774677 0.3562645
0.01257102 0.3850025
0.01341879 0.4073529
0.003341709 0.4111573
0.02086417 0.3607863
0.02427474 0.388107
0.02812537 0.3813158
0.01639076 0.3958236
0.02445278 0.3881575
0.0192445 0.3992338
0.02091138 0.4507846
0.01544924 0.4672101
0.02031361 0.4288329
0.03552643 0.3670644
0.03575534 0.4097118
0.02447814 0.4093118
0.009787357 0.3618242
0.01815041 0.3524343
0.03766169 0.3420881
0.03076694 0.378101
0.02916211 0.4799506
0.03570034 0.5007518
0.0370704 0.4524867
0.04837744 0.4408651
0.06188797 0.4545234
0.05811102 0.4924583
0.06922588 0.5315548
0.05327901 0.6135905
0.05327258 0.7438851
0.03232226 0.6261975
0.02419706 0.5738353
0.04232772 0.5892074
0.02955163 0.573902
0.02464818 0.5124699
0.03269673 0.6363453
0.03337784 0.5404707
0.03437982 0.6009254
0.04578302 0.5524541
0.03883828 0.5504544
0.04322802 0.4961136
0.06159444 0.3999554
0.0393003 0.3440766
0.01454063 0.3766205
0.03091985 0.4198357
0.02838948 0.4045658
0.008192904 0.4159423
0.02059342 0.4327774
0.01593056 0.520686
0.0259975 0.540856
0.03471622 0.4478152
0.04695915 0.4118462
0.06011773 0.4387216
0.07530751 0.3804963
0.07140285 0.4139509
0.0610647 0.4057716
0.04621023 0.4397821
0.05634336 0.4523638
0.06520304 0.4478228
0.05997429 0.4680204
0.05678837 0.4360146
0.04689086 0.408468
0.03315466 0.4573273
0.03191337 0.4645237
0.03969924 0.5547551
0.03257408 0.4690474
0.04091805 0.4970008
0.04102945 0.4395157
0.04088294 0.5041457
0.04006178 0.5107344
0.0265313 0.4889781
0.03587957 0.4968138
0.02037219 0.5774837
0.02168684 0.6310128
0.01971836 0.6513407
0.01330099 0.6238981
0.02914842 0.6970117
0.02936572 0.709516
0.02073709 0.7535492
0.04736016 0.6877682
0.0585513 0.7072563
0.05217981 0.6428326
0.03704086 0.563015
0.02658474 0.5370847
0.03035236 0.4942072
0.03942949 0.5012464
0.03840196 0.5426144
0.03414919 0.6030545
0.0400452 0.637823
0.03936521 0.6023387
0.03711798 0.4699245
0.03075852 0.4239562
0.04144604 0.4429149
0.03070094 0.598045
0.02260278 0.5270033
0.02258919 0.489206
0.02922742 0.522599
0.04682231 0.5394821
0.05169042 0.5382492
0.05693713 0.5368605
0.02907689 0.4494417
0.02139949 0.5273952
0.03126545 0.4968981
0.02855313 0.4473563
0.0374524 0.343641
0.03852363 0.3512009
0.07772652 0.334465
0.07257004 0.3848492
0.08010627 0.374369
0.03917846 0.3744833
0.04625647 0.3914411
0.05161055 0.4006565
0.05940633 0.4332017
0.04260105 0.4238508
0.0648109 0.3959817
0.08101158 0.4901698
0.05220919 0.454378
0.04052182 0.4220159
0.02288896 0.4318809
0.02560539 0.4467573
0.01917496 0.5058265
0.01362723 0.4515225
0.03787192 0.378452
0.04609383 0.4007386
0.04231923 0.3646674
0.02647837 0.3666426
0.0120606 0.3615902
0.01211586 0.3250014
0.0156745 0.3223017
0.02044708 0.3016989
0.02478174 0.3471939
0.0198162 0.3297168
0.01474393 0.3429773
0.01933707 0.4087218
0.01918573 0.4514463
0.04075341 0.4912041
0.0725068 0.4257831
0.04159377 0.3689196
0.03601162 0.4465078
0.02238665 0.4368063
0.02284964 0.3951219
0.03874202 0.4690022
0.05398058 0.3973241
0.05272474 0.3991863
0.05503184 0.3927132
0.05338813 0.3521476
0.03135336 0.3145538
0.0401462 0.3062245
0.06820332 0.3124337
0.0617722 0.2440652
0.04792186 0.2215264
0.0352681 0.2126665
0.03174913 0.2455596
0.03824735 0.2566155
0.0434638 0.2353454
0.0386211 0.2479646
0.04509492 0.2576842
0.04987195 0.2972893
0.05058275 0.2795257
0.05988921 0.2693173
0.04982938 0.3128609
0.02724716 0.2851974
0.04027452 0.2755383
0.03725894 0.2872027
0.05734032 0.2616038
0.04888416 0.2739711
0.0473477 0.2915504
0.06318892 0.2906054
0.05054739 0.2857406
0.07194535 0.3166291
0.05299116 0.2324124
0.02970244 0.2212826
0.04631729 0.2707642
0.03671263 0.2402842
0.02508263 0.2393585
0.01522686 0.2214478
0.01336762 0.2013812
0.0189132 0.2033495
0.03506642 0.2715657
0.04265029 0.2917561
0.05026416 0.3231162
0.03080213 0.3284154
0.03457879 0.2895583
0.01767996 0.2975743
0.02102835 0.332841
0.02567308 0.356036
0.03006665 0.3227905
0.03503748 0.3214598
0.02816727 0.2908466
0.01585513 0.3155389
0.003373809 0.2719236
0.006604557 0.2802482
0.00259625 0.2420515
0.01126136 0.2729557
0.02487639 0.2542048
0.01655118 0.2776221
0.01810996 0.2892211
0.02272186 0.2737183
0.01604022 0.2804843
0.009986602 0.2826368
0.02356973 0.248076
0.02318766 0.2411269
0.01873214 0.2480346
0.04091662 0.2684794
0.04264052 0.2291597
0.0458557 0.2657904
0.05168564 0.2830655
0.04740356 0.2900578
0.04678654 0.2622725
0.05616796 0.2391296
0.08672226 0.282
0.1150411 0.2560214
0.1319652 0.3255679
0.09398761 0.3853798
0.1333863 0.3270687
0.1350175 0.35573
0.1499162 0.3549515
0.1413334 0.3637393
0.1130973 0.3427595
0.08381765 0.3466268
0.05824013 0.3463765
0.04714537 0.3126026
0.04629631 0.361629
0.03081129 0.3187213
0.0224701 0.3672193
0.03027856 0.3802338
0.04206875 0.4072128
0.0203403 0.431986
0.01292504 0.4237455
0.01745825 0.3643572
0.007734339 0.3798852
0.02401541 0.3766566
0.01515335 0.4037878
0.005008512 0.3393592
0.003936061 0.3508641
0.01454313 0.3340766
0.004385368 0.34368
0.006106031 0.3678186
0.001125205 0.3156764
0.004220314 0.3884182
0.01000873 0.4296854
0.0001836998 0.3926248
0.005522779 0.4357141
0.0147173 0.3710212
0.0089731 0.3613554
0.003916845 0.377356
0.01410412 0.4110117
0.006686737 0.4724065
0.00529316 0.5088775
0.005564177 0.503
0.01884227 0.4502064
0.03702717 0.4590329
0.03957186 0.5122193
0.03842321 0.5907642
0.02927087 0.5567242
0.02159506 0.4816558
0.01356345 0.5739789
0.04376135 0.4597426
0.04563609 0.3301402
0.05588946 0.290282
0.02869649 0.2951048
0.01136169 0.3822648
0.01310537 0.3709798
0.006080983 0.355522
0.02042261 0.3834844
0.02239318 0.4437952
0.04781591 0.4778858
0.03582233 0.4335317
0.03798266 0.4769315
0.05213013 0.4802269
0.05449179 0.4616262
0.05144153 0.418501
0.05125565 0.4329201
0.04188639 0.3659749
0.03200998 0.4153846
0.04885397 0.4768817
0.06034814 0.523675
0.04662982 0.5691921
0.03418218 0.6127061
0.01510639 0.6161361
0.01471748 0.5996686
0.01631978 0.6354529
0.01827455 0.6018134
0.009414256 0.6613252
0.004876988 0.6115679
0.008215101 0.4963137
0.003194242 0.5719274
0.0162838 0.5457508
0.02436945 0.5628556
0.02090922 0.6113013
0.02573895 0.715785
0.03258376 0.8582637
0.05135633 1.026399
0.04776323 0.9510543
0.03406993 0.8566818
0.0409895 0.7856701
0.02601915 0.7828102
0.02968747 0.7645294
0.02452359 0.8045021
0.02922994 0.8868381
0.01778956 1.014524
0.02926497 1.066372
0.01896141 1.204183
0.03720146 1.049282
0.04609752 1.163217
0.01905956 1.191518
0.005245802 1.123331
0.001280446 1.116088
0.007707819 1.173152
0.004810357 1.238398
0.001211033 1.288228
0.001146181 1.509835
0.01453128 1.344508
0.01828751 1.294783
0.01170612 1.086202
0.01631504 1.084218
0.01344066 0.9867394
0.01836513 1.046732
0.01949628 1.264235
0.01270754 1.454566
0.02378745 1.361245
0.01333372 1.537986
0.0145512 1.594709
0.0104032 1.485142
0.01429119 1.562251
0.006489455 1.49221
0.004123977 1.360185
0.005645743 1.177264
0.01059366 1.082797
0.009546658 0.9955255
0.02269592 1.121551
0.02925863 1.249152
0.01979713 1.398468
0.0214524 1.31028
0.012267 1.156976
0.01902888 1.19902
0.01308016 1.262271
0.006971888 1.220984
0.006880543 1.154251
0.01257477 1.003176
0.01739252 0.9708979
0.006774216 0.8223828
0.01038614 0.6382859
0.007835581 0.5780491
0.001890421 0.5799446
0.012444 0.5745432
0.02326627 0.5400679
0.005450133 0.515374
0.01146221 0.4881112
0.01348475 0.4030569
0.01326411 0.4269885
0.01551545 0.4309922
0.02923002 0.399833
0.03935034 0.3754689
0.0299325 0.3703535
0.03640112 0.3838364
0.0149039 0.4133532
0.01625762 0.4130133
0.02342148 0.388508
0.03484227 0.3839883
0.02643413 0.3550315
0.04445433 0.4137606
0.03703176 0.3735041
0.06741241 0.3811421
0.1309641 0.4263689
0.1459916 0.4093421
0.1094795 0.4434306
0.08972486 0.3845722
0.07349468 0.3413117
0.08147394 0.3010319
0.09357942 0.3475577
0.04820725 0.3264439
0.03300536 0.3552915
0.03968855 0.4227694
0.06697745 0.3702576
0.05166392 0.3432839
0.07717898 0.3227964
0.07214802 0.3490778
0.0704012 0.3739269
0.0787463 0.3233691
0.1035065 0.3288057
0.0695439 0.3404639
0.07390121 0.3478437
0.06639424 0.4349376
0.04768464 0.4046322
0.06879002 0.4235009
0.1031429 0.459473
0.08837162 0.3994085
0.1270522 0.3621524
0.09105968 0.374004
0.06681768 0.4068445
0.05919328 0.4061341
0.03127887 0.4993138
0.04162239 0.4854134
0.05152969 0.5121546
0.03218727 0.5142626
0.0442261 0.492863
0.05007027 0.4672102
0.06137582 0.5029723
0.06562731 0.5596694
0.06347338 0.5766042
0.04524395 0.5746129
0.07247623 0.5933995
0.0566625 0.6631271
0.03985244 0.6314392
0.03565666 0.5542674
0.04666077 0.5455032
0.02515929 0.4833914
0.02114069 0.6400116
0.02843164 0.5924903
0.02955541 0.656566
0.04168053 0.5160997
0.07148013 0.5225149
0.04969257 0.5613227
0.04429844 0.506913
0.01507618 0.5841666
0.007449914 0.7558175
0.007732708 0.8453155
0.00898603 0.7584539
0.002485416 0.6694408
0.00546936 0.7306057
0.01300377 0.8138689
0.02404588 0.6531582
0.01190621 0.5630456
0.01343193 0.6455312
0.02245335 0.5871475
0.02834768 0.5364928
0.01436072 0.5719534
0.007317102 0.6017721
0.01394287 0.666548
0.01019076 0.6296562
0.01661166 0.6014662
0.02534203 0.5954773
0.03759097 0.6197517
0.02822957 0.5629191
0.02955366 0.519014
0.01722799 0.4787095
0.01855623 0.4616376
0.004433145 0.4395644
0.00884532 0.4330376
0.01696478 0.4205915
0.04511231 0.4354788
0.02765831 0.4744791
0.03138145 0.4401806
0.04455723 0.4654773
0.07929617 0.4762203
0.09798411 0.5038374
0.08706298 0.5689862
0.06702169 0.5876143
0.05451313 0.5874413
0.03562933 0.6112006
0.02865407 0.6427054
0.02201248 0.6572594
0.01949217 0.6130371
0.02254567 0.6303205
0.02724718 0.649443
0.01721327 0.5738752
0.01491251 0.6455349
0.003962345 0.5926361
0.01351444 0.6257527
0.001435823 0.668621
0.003076329 0.7253203
0.006115468 0.7541507
0.0009844182 0.7695092
0.0002243172 0.7680046
0.001687499 0.7108464
0.003895509 0.7572272
0.00919243 0.8362321
0.01601864 0.7050146
0.004586082 0.6923417
0.003392662 0.6530021
0.002748942 0.5651079
0.008146481 0.6847177
0.01229751 0.6203057
0.0250789 0.4998693
0.02146848 0.6408741
0.02206803 0.7662664
0.02787086 0.7110718
0.02110449 0.5691338
0.02295326 0.6496727
0.0237586 0.581061
0.03896803 0.5657696
0.04271221 0.5778039
0.02353896 0.5867755
0.04775582 0.5458393
0.06056111 0.4818387
0.0444909 0.4208534
0.07505295 0.4125564
0.08551076 0.5021522
0.09832062 0.5566712
0.06221806 0.6083457
0.05102751 0.5838931
0.03776634 0.4598447
0.04702153 0.494043
0.0520896 0.4569433
0.05605665 0.3850015
0.06259087 0.4340684
0.06592397 0.3468115
0.09517482 0.3400174
0.09615747 0.3734632
0.1130337 0.3422561
0.102382 0.337023
0.07125398 0.3066062
0.06048529 0.3175121
0.08611738 0.2964492
0.07365112 0.299342
0.08741144 0.2800881
0.09690645 0.2802327
0.07066738 0.2962133
0.03252505 0.3193776
0.03774968 0.3476907
0.04446363 0.3254285
0.07823156 0.3153969
0.06305005 0.268877
0.06571173 0.2993698
0.0663235 0.3326044
0.07338598 0.3142778
0.07204378 0.2966362
0.05288845 0.3427809
0.02642932 0.3031904
0.02694168 0.2757511
0.03279113 0.2263148
0.04997154 0.190311
0.05423352 0.2104917
0.07923198 0.2098323
0.07644453 0.2308886
0.08712588 0.2511087
0.05771172 0.2501407
0.03265992 0.2913057
0.0372166 0.2662628
0.05073053 0.2767764
0.06064437 0.2508249
0.06989318 0.2449982
0.06509199 0.2681339
0.08697558 0.3078583
0.06962472 0.3631962
0.05304933 0.3570539
0.06513311 0.393241
0.06739211 0.3990054
0.04647976 0.3475011
0.04557106 0.3733019
0.05001341 0.3502532
0.05381575 0.3519418
0.05251802 0.3673988
0.0648744 0.3600724
0.03688516 0.3745974
0.02475552 0.2945502
0.02482848 0.2359466
0.02373411 0.2558232
0.008785485 0.2961195
0.01870283 0.3121197
0.03241516 0.3319185
0.03698784 0.3750646
0.04248089 0.4019364
0.07067664 0.3802879
0.04378461 0.4250398
0.03384051 0.464023
0.04676588 0.4375919
0.03777087 0.4114127
0.05379521 0.4074812
0.06193749 0.4083432
0.07627537 0.4077809
0.07537836 0.4197744
0.08826165 0.4206092
0.07333985 0.4478374
0.07376256 0.5067356
0.08156537 0.4534261
0.0664574 0.4282502
0.03616404 0.5034753
0.02950296 0.4359435
0.02056044 0.5238074
0.00705353 0.5208988
0.007635151 0.5640087
0.007304484 0.564465
0.01798204 0.5442004
0.015285 0.5514314
0.01876656 0.5191945
0.01988659 0.5294611
0.01518015 0.5150782
0.01479177 0.4460832
0.005974619 0.4067163
0.00505808 0.4365942
0.00691178 0.4305592
0.006106399 0.4102196
0.01735976 0.4270421
0.01345065 0.4442854
0.07081822 0.4989801
0.03751802 0.4699966
0.06364648 0.4510955
0.1102185 0.4171995
0.09769682 0.4386841
0.09430849 0.4462562
0.09647136 0.3965057
0.08565675 0.3838659
0.09739961 0.3691773
0.06824379 0.3937618
0.06438398 0.3651546
0.04362335 0.3526274
0.02792798 0.3303387
0.04801978 0.3213291
0.04164111 0.3007046
0.04351646 0.3546637
0.05316614 0.3110947
0.0779683 0.4115952
0.05588212 0.3363424
0.05456825 0.3489
0.09449754 0.3693435
0.08499729 0.3599323
0.06677663 0.3731121
0.1038676 0.4056435
0.09611616 0.4248935
0.05690528 0.3432517
0.06529241 0.357279
0.04586456 0.3524081
0.04212064 0.3751118
0.05935078 0.4224305
0.06026105 0.322647
0.08529963 0.3543673
0.0894256 0.3237757
0.07355774 0.2958545
0.06145061 0.3376299
0.05341333 0.3378365
0.05617856 0.3499611
0.04785354 0.3697308
0.01700798 0.355392
0.00992651 0.3138907
0.006784657 0.3303738
0.006991595 0.2609102
0.02164095 0.2439767
0.03800076 0.2322813
0.05132231 0.2439183
0.03239919 0.243483
0.05380914 0.2579906
0.03857529 0.2736972
0.06154489 0.3253751
0.05665121 0.3303867
0.0861748 0.3412168
0.07007289 0.3153564
0.07403206 0.3226115
0.1004685 0.2936139
0.07895256 0.2797188
0.08832629 0.3327677
0.08555646 0.3242051
0.08122706 0.3170988
0.08352331 0.2798857
0.1083662 0.2984955
0.1134716 0.2908
0.1286231 0.2769855
0.09959547 0.2807504
0.09245817 0.2640361
0.09491359 0.2619723
0.08286356 0.2387339
0.08856058 0.2579214
0.08419938 0.2516272
0.09091762 0.3132479
0.07053215 0.2690186
0.06128412 0.31997
0.05197282 0.3219307
0.05910819 0.3432622
0.04085916 0.3205431
0.05591495 0.3505732
0.07735783 0.4139132
0.06396548 0.4088785
0.07067338 0.3650216
0.07718483 0.394371
0.07037238 0.4196613
0.08471489 0.436493
0.08977191 0.4953263
0.06862052 0.5815283
0.05807862 0.4982296
0.06767426 0.483443
0.06526173 0.5188762
0.06835886 0.5250475
0.04953816 0.5631998
0.07116407 0.4330115
0.06513112 0.4502443
0.05681449 0.4549299
0.03841151 0.4884663
0.06957011 0.4469273
0.05373563 0.4605298
0.03294157 0.4001762
0.06333339 0.3711737
0.06066157 0.3480304
0.06227133 0.3846971
0.04674315 0.3154696
0.06900599 0.3139132
0.07876961 0.2700781
0.07865832 0.3155546
0.05450949 0.310892
0.06642058 0.3291898
0.0515134 0.3112625
0.05086959 0.3571188
0.09830234 0.3108306
0.1417768 0.2841891
0.1632558 0.2856314
0.1826226 0.2518003
0.1835273 0.3288246
0.1649973 0.3673367
0.1492467 0.3383129
0.1324833 0.3366863
0.1086173 0.3125029
0.09977899 0.3347671
0.06732816 0.3814081
0.0578722 0.4708504
0.04201527 0.5385802
0.07590256 0.5964294
0.07552601 0.6664175
0.0713802 0.5883263
0.07476883 0.5523032
0.07307835 0.5853521
0.04859762 0.7105783
0.03063303 0.6740276
0.007685646 0.6137582
0.01105333 0.5520019
0.0176712 0.5755849
0.03755738 0.5436343
0.02514935 0.5499741
0.02858136 0.4566153
0.03720753 0.4958495
0.04522817 0.5026752
0.03929943 0.553343
0.04600811 0.6234214
0.02925838 0.665795
0.0513323 0.7191269
0.05854368 0.8940856
0.0520515 0.7712974
0.04220598 0.8611921
0.04822413 0.7385812
0.07709222 0.7720879
0.03759309 0.6914425
0.04900287 0.7738925
0.03724651 0.9843981
0.03899656 1.105416
0.06353464 1.048212
0.09681294 1.128775
0.07058475 0.9814473
0.05315646 0.8682214
0.05395072 0.8776124
0.04640882 0.8879414
0.03290959 0.8080967
0.02883946 0.7075911
0.06062291 0.7864013
0.07791224 0.8025038
0.06859731 0.7778336
0.07982359 0.7130311
0.1130841 0.6683103
0.091621 0.6428285
0.08535378 0.6427044
0.03494022 0.6415366
0.03346904 0.8218399
0.0255228 0.844649
0.008346921 0.9975171
0.01050526 0.7648386
0.002520559 0.7106845
0.006986272 0.8376392
0.02373365 0.6352343
0.01973958 0.7041853
0.02075071 0.7290238
0.02260693 0.7417132
0.0522017 0.7254847
0.03946036 0.738273
0.05281542 0.7593716
0.02693672 0.6965528
0.06180682 0.7093084
0.08189634 0.7670837
0.06900506 0.8294794
0.09056241 0.8077485
0.04862692 0.8560806
0.02925496 0.8086213
0.02843875 0.8956289
0.0368279 0.839417
0.04510658 0.7791833
0.01928864 0.6965661
0.03527915 0.6150752
0.02517994 0.5901208
0.0231376 0.6220232
0.02147577 0.6197892
0.02507998 0.5751053
0.008079886 0.5124229
0.01861423 0.3943765
0.02472672 0.3455949
0.01195167 0.3258615
0.02529517 0.2994288
0.03140543 0.2725083
0.02191929 0.2910483
0.01409035 0.2736434
0.01838136 0.2366865
0.0259731 0.211038
0.01004794 0.1671127
0.02015131 0.1799494
0.008771264 0.2011996
0.01840563 0.2212567
0.0283831 0.2508962
0.0498797 0.2812312
0.05826087 0.3929366
0.04004487 0.3826492
0.02681516 0.448749
0.0398103 0.4895958
0.0447741 0.4412879
0.04096161 0.4534977
0.04180008 0.4873126
0.0420413 0.4832968
0.03492707 0.4674284
0.05932367 0.4616633
0.04509735 0.5113691
0.0631704 0.4800254
0.08185717 0.5276028
0.04548668 0.4313941
0.01903595 0.4452157
0.005573776 0.4878242
0.01229433 0.4387559
0.02101036 0.456016
0.01381782 0.4317244
0.01223464 0.373826
0.01073541 0.431402
0.009283669 0.4118282
0.01342059 0.4691891
0.03320688 0.428511
0.02941312 0.5103683
0.0314027 0.5055202
0.05289947 0.504577
0.06600268 0.4818644
0.06753416 0.5432348
0.04323784 0.4709464
0.06878593 0.5308196
0.07306067 0.4618111
0.07689287 0.4030921
0.083154 0.3810858
0.06198597 0.3763117
0.05636582 0.3816362
0.05441038 0.3623178
0.05868355 0.3911156
0.0392455 0.4149197
0.03992169 0.3897903
0.04640376 0.404444
0.04762368 0.3799479
0.04754199 0.4016832
0.03023433 0.4178912
0.05440094 0.4645061
0.03343641 0.5308365
0.05264456 0.4856387
0.05962566 0.4768675
0.04545463 0.5354861
0.03302478 0.6258633
0.03859561 0.532267
0.03988513 0.5340312
0.03027258 0.5624052
0.01679062 0.571425
0.02097682 0.5614198
0.023388 0.5213138
0.0155221 0.5343968
0.006459539 0.583879
0.01028238 0.5788695
0.006964616 0.6408242
0.01598723 0.7679964
0.02575998 0.707997
0.009841274 0.7232558
0.01604745 0.6950931
0.01802088 0.6194174
0.0161438 0.5814706
0.04056972 0.570867
0.06333004 0.5200633
0.05310919 0.6434607
0.04268364 0.7572172
0.0577273 0.7146911
0.03128146 0.6803911
0.02477548 0.8278011
0.03988231 0.7510656
0.04784509 0.6995212
0.03914269 0.8131289
0.04792112 0.8572899
0.04283621 0.7724146
0.02123634 0.7057628
0.01398464 0.7248465
0.02522237 0.6575699
0.01609961 0.7079989
0.03311467 0.6346579
0.04277201 0.753526
0.03661945 0.8076654
0.03169149 0.8650998
0.04586936 0.740674
0.04280498 0.7150197
0.04732375 0.6610441
0.02226102 0.6732734
0.03279006 0.6039304
0.05170294 0.5289254
0.03688256 0.5235043
0.03071153 0.5121517
0.03764719 0.5627658
0.03519361 0.4961528
0.03485395 0.4450712
0.03286247 0.4444882
0.04193438 0.3881192
0.03795066 0.4430424
0.05076558 0.4376784
0.0241653 0.4626726
0.04466639 0.4251383
0.05982745 0.3959102
0.07831135 0.3514706
0.0859728 0.4012351
0.06560162 0.5295746
0.05148937 0.5808499
0.05209286 0.6162082
0.04169008 0.6037304
0.06548193 0.6931884
0.06131778 0.7471779
0.06012146 0.7752326
0.03443149 0.899916
0.01743423 0.8117143
0.02754883 0.8733407
0.03882095 0.7026055
0.03117431 0.6157816
0.01572074 0.6108083
0.02574024 0.5491861
0.02592754 0.5036097
0.04793111 0.4235915
0.04561886 0.5088606
0.048448 0.5451276
0.04827376 0.563066
0.02759283 0.7396285
0.01939477 0.726967
0.0257829 0.5366765
0.0282696 0.537434
0.03014227 0.5538334
0.07081651 0.5718121
0.0781762 0.5160747
0.08189604 0.4622207
0.05782486 0.4898844
0.07392303 0.4261485
0.07286179 0.3767966
0.09942571 0.3470073
0.1123237 0.4058636
0.1319231 0.3513852
0.1053226 0.4045602
0.1069464 0.3883813
0.08079535 0.3708348
0.0647141 0.3695994
0.08449151 0.385948
0.07168768 0.3203904
0.07415928 0.3601167
0.06286123 0.3607295
0.04914782 0.3773202
0.0292515 0.4204742
0.06230981 0.4060642
0.05142838 0.4709495
0.03692314 0.4110002
0.04592671 0.4760903
0.06572503 0.425248
0.09002684 0.4029097
0.08186839 0.4419517
0.09191909 0.4962724
0.1361111 0.4699254
0.1121093 0.4501215
0.1041608 0.4264294
0.0911993 0.4566193
0.1138941 0.4335217
0.1360743 0.4699313
0.1402303 0.5112379
0.1228593 0.5205475
0.06685848 0.5917308
0.06350007 0.6235768
0.07270943 0.635982
0.08296342 0.527502
0.1014652 0.5344008
0.08455966 0.5915761
0.08585454 0.659448
0.06098984 0.4661079
0.07328043 0.4244978
0.0507042 0.410462
0.04471258 0.3962524
0.0365507 0.358694
0.04811157 0.3667148
0.06397853 0.3313358
0.07858303 0.2946436
0.08258354 0.3514221
0.06817534 0.3444065
0.05101813 0.4150628
0.04440666 0.4130459
0.03079405 0.4779993
0.01305408 0.4851922
0.01402445 0.5590128
0.02028185 0.4856872
0.009302103 0.4359303
0.004257428 0.450269
0.007936991 0.4373608
0.017296 0.3615754
0.02270552 0.3878431
0.01089904 0.3854577
0.00584288 0.4397933
0.005300227 0.5034309
0.01127945 0.5468664
0.008541846 0.4818985
0.00838071 0.6002037
0.01548746 0.6853139
0.03964228 0.6292523
0.02579434 0.6245323
0.01116105 0.6113854
0.01682076 0.6102198
0.02243929 0.7104113
0.04572396 0.5716838
0.03802778 0.5698098
0.04995019 0.5283689
0.06075443 0.4976272
0.07321741 0.512045
0.0897637 0.7003753
0.06982209 0.6924826
0.0592309 0.6465926
0.05172193 0.6539483
0.03651472 0.7188642
0.0601065 0.6176855
0.09309034 0.5906833
0.07213114 0.5489489
0.04362669 0.448825
0.03383137 0.4716612
0.04303026 0.5574745
0.07234642 0.6485889
0.05356552 0.5952422
0.03898755 0.4243275
0.03005963 0.4584879
0.02211886 0.4659959
0.02355563 0.4544566
0.05650713 0.4621306
0.05599322 0.5156048
0.05183706 0.526317
0.02335428 0.5336306
0.03123285 0.4804119
0.02723172 0.5692099
0.04349666 0.6420557
0.04846723 0.6881834
0.05070193 0.7040176
0.0508004 0.5946929
0.06520929 0.5905231
0.06165939 0.5713241
0.09027648 0.5788534
0.1006677 0.6083021
0.0866542 0.5798788
0.07957988 0.4640159
0.07868009 0.4382063
0.06768964 0.4339079
0.06275891 0.5232161
0.05090515 0.596819
0.04376837 0.6011908
0.05479765 0.466888
0.06183408 0.4950158
0.06308455 0.4023502
0.07205531 0.3676799
0.05210363 0.3779931
0.0544697 0.3363128
0.05504442 0.4039506
0.05891219 0.4923879
0.04760777 0.3683392
0.06456993 0.36604
0.06288947 0.332906
0.07504879 0.3683696
0.05712126 0.3256685
0.05432186 0.3907448
0.06180097 0.4621519
0.04940069 0.5100793
0.02631652 0.5953142
0.02034598 0.6947843
0.03106816 0.8607684
0.03271719 0.8393067
0.03784453 0.8262208
0.0532101 0.7750837
0.06793041 0.8594338
0.05727734 0.8915087
0.05379219 0.7244465
0.05800387 0.6292498
0.05500798 0.4776169
0.03659591 0.5046284
0.01889849 0.5183731
0.009365645 0.633842
0.01476607 0.7239114
0.004668564 0.5995118
0.003805398 0.517097
0.01552976 0.5089174
0.02835034 0.574596
0.0376039 0.5604024
0.01932092 0.5949925
0.01334029 0.5884079
0.01086857 0.5736586
0.003504685 0.5529778
0.01091765 0.5564435
0.009397351 0.631722
0.008070689 0.780036
0.01166227 0.778097
0.01939148 0.6347355
0.007524818 0.8167267
0.01474946 0.6489773
0.008204679 0.6537387
0.01321863 0.6006207
0.005610177 0.7447469
0.01185742 0.7243928
0.0198243 0.6451911
0.04274111 0.6980762
0.03177098 0.6797133
0.01889871 0.7310361
0.03280316 0.7763116
0.06092131 0.8731543
0.05756819 0.7275595
0.05248567 0.526244
0.06356606 0.575382
0.04940106 0.5409562
0.02387248 0.653901
0.04265627 0.4839322
0.03358545 0.4925325
0.01324252 0.492867
0.008744238 0.5125078
0.01874575 0.5720763
0.01619832 0.584518
0.02487523 0.5331568
0.04254871 0.5000016
0.04565818 0.5110639
0.05370698 0.5290037
0.03834636 0.4486409
0.03640223 0.4511151
0.02406942 0.3813479
0.03975771 0.4322422
0.02787237 0.3917632
0.0257878 0.3916761
0.06139893 0.4107403
0.07785213 0.4343245
0.06642467 0.3599132
0.07130941 0.3578994
0.04385814 0.373525
0.04063529 0.3831319
0.0292332 0.3470798
0.01668157 0.3631391
0.04149617 0.3786276
0.03405512 0.3903766
0.01555231 0.3510065
0.001943479 0.3259883
0.01190788 0.2644704
0.006891835 0.2661971
0.01131929 0.2832192
0.01837355 0.2871529
0.01883586 0.2776133
0.01846459 0.3156012
0.01961362 0.3283492
0.03244235 0.4028301
0.02970318 0.3543928
0.02763979 0.4171012
0.04387371 0.4124432
0.07448819 0.3964601
0.07194004 0.3836763
0.08333087 0.427508
0.06458914 0.3707039
0.089737 0.3629274
0.1002677 0.3756979
0.08629472 0.348218
0.109106 0.2890729
0.1097762 0.2563685
0.1012104 0.263922
0.09947717 0.2784052
0.1160645 0.2746597
0.1293881 0.323534
0.1545312 0.3837034
0.11702 0.3489841
0.1354283 0.3308882
0.1406637 0.3175291
0.1635427 0.3456394
0.1518402 0.3479293
0.1344884 0.3448145
0.1275156 0.326781
0.1086275 0.3162315
0.125856 0.3373351
0.1121101 0.2842679
0.09516114 0.3258112
0.1150825 0.2825874
0.08667445 0.2772213
0.1257175 0.2444777
0.1062164 0.2309407
0.08011585 0.2331989
0.06621203 0.3055852
0.07782157 0.2878981
0.05902209 0.337748
0.07085579 0.3724609
0.04781656 0.4033135
0.02939187 0.4181881
0.03499133 0.3489956
0.02721115 0.3258181
0.01371578 0.3369028
0.01918416 0.3198679
0.02229722 0.4172414
0.06848966 0.3468625
0.05261224 0.3973517
0.02235197 0.4750372
0.03845198 0.5167339
0.06826933 0.5188531
0.05476959 0.4845345
0.03870173 0.4512457
0.02672199 0.4675642
0.03071198 0.5407432
0.03809408 0.4822757
0.06398038 0.4629605
0.0716365 0.4010463
0.106263 0.3637473
0.0982343 0.3776788
0.09660057 0.3775737
0.09201355 0.3816545
0.072142 0.380671
0.0629609 0.3646827
0.07397229 0.3431698
0.08124012 0.3893853
0.08671748 0.4202817
0.1022676 0.3996706
0.08177026 0.3493505
0.05086538 0.3651193
0.02447556 0.3898474
0.02791132 0.45232
0.07090591 0.4299185
0.08183207 0.4018254
0.0980886 0.4226199
0.07395973 0.3692451
0.04945314 0.3952246
0.080088 0.4268072
0.08814873 0.474177
0.08024838 0.4399316
0.0798652 0.5291759
0.06827646 0.4857059
0.03885923 0.4419599
0.05237598 0.464313
0.06899963 0.4620933
0.04789443 0.5406734
0.04649143 0.4936552
0.04824042 0.4446117
0.04575907 0.3832559
0.0442143 0.4344814
0.03290452 0.5481555
0.04451288 0.5428573
0.03780247 0.5270574
0.03244404 0.4829727
0.01699216 0.4760607
0.0128848 0.5860239
0.0169871 0.6844531
0.009966011 0.7926737
0.01477004 0.737013
0.00906691 0.7246375
0.003458441 0.5998194
0.002419836 0.5513815
0.003869533 0.5797641
0.008109514 0.6466595
0.01571319 0.6701235
0.005503155 0.7527579
0.01013888 0.7538925
0.001575346 0.7907066
0.006001207 0.9192146
0.01416468 0.9806724
0.01350204 0.9327231
0.0158511 0.9866751
0.007475241 0.9497495
0.02596843 0.8123028
0.04575146 0.9203224
0.03424678 0.9918091
0.03345035 0.8907576
0.02345772 1.016562
0.01675856 0.8846159
0.01155404 0.831908
0.009815113 0.9742663
0.01313252 1.070237
0.009731186 1.300381
0.01989917 1.017994
0.02583296 1.074988
0.01989595 0.9553239
0.02452265 0.9660983
0.02272936 0.8855146
0.02693718 0.8990115
0.04856664 0.9651436
0.04296303 0.8706869
0.0370326 0.8062356
0.04692983 0.7607656
0.04549183 0.7527792
0.04845209 0.7619836
0.07549815 0.8072818
0.0550262 0.8753067
0.05588201 0.8409861
0.08150642 0.7762868
0.07681459 0.7352631
0.06688618 0.6323458
0.04474833 0.5616943
0.04208543 0.6223592
0.04091974 0.5810771
0.02987655 0.5729879
0.03749321 0.587317
0.02930655 0.7039457
0.02620841 0.6218218
0.02641649 0.6195455
0.03211224 0.5467931
0.02486114 0.4992802
0.02813813 0.5018374
0.02801431 0.4805114
0.04422988 0.5126154
0.03561287 0.5186062
0.02836738 0.7190077
0.05404672 0.622359
0.03154391 0.5724703
0.05819206 0.5231697
0.03085922 0.5008092
0.02067956 0.4998743
0.02692504 0.4681156
0.03873282 0.5435648
0.04224727 0.5433885
0.05021115 0.4324753
0.05098689 0.5263271
0.04055661 0.558071
0.04968258 0.5007527
0.03976589 0.4165684
0.03112305 0.4058479
0.02342289 0.4894886
0.00926281 0.4731562
0.007957618 0.4818906
0.007172453 0.5311669
0.01345649 0.5440367
0.01528999 0.6621714
0.01534087 0.7305689
0.01766569 0.6731439
0.02955721 0.6890778
0.02350156 0.5981889
0.04572602 0.563958
0.03516739 0.5774127
0.02121108 0.5836351
0.02158074 0.4936968
0.02584637 0.6148831
0.01853048 0.4996366
0.02666892 0.4627227
0.01499908 0.4506649
0.01394398 0.5346613
0.01372023 0.5905538
0.00938846 0.5323676
0.01079427 0.5444076
0.01871292 0.4566745
0.02560799 0.5113685
0.03792728 0.5364892
0.02257047 0.5115576
0.02038297 0.5293831
0.03835088 0.5569157
0.03341317 0.4613269
0.03590605 0.486294
0.03025035 0.4085227
0.0505505 0.3931929
0.06138147 0.3564429
0.04672077 0.3583172
0.05076238 0.406172
0.05096774 0.3902657
0.03492752 0.372213
0.06228731 0.4186605
0.06257845 0.3644771
0.04034051 0.3847075
0.01887491 0.3261372
0.02911256 0.3033223
0.03423247 0.3069249
0.02709699 0.2815794
0.01827049 0.3987449
0.02450393 0.4409245
0.0577135 0.3984699
0.06526321 0.4261188
0.0373954 0.4004824
0.04512508 0.3834455
0.04220708 0.3811723
0.0537046 0.4419232
0.08692596 0.4625032
0.06531166 0.411378
0.03933331 0.4360709
0.01625276 0.430573
0.0160794 0.4319353
0.02721519 0.5056887
0.0335167 0.5431926
0.05746658 0.6500878
0.04853365 0.7421324
0.0457067 0.7700457
0.04416693 0.6293707
0.05347593 0.6230995
0.05566598 0.5573902
0.05241288 0.5546163
0.05062841 0.5362801
0.07615114 0.5231704
0.04412533 0.4161953
0.05468002 0.4220154
0.07880596 0.4000227
0.06805218 0.3608396
0.06875601 0.3625509
0.04044022 0.3027746
0.03153022 0.3070041
0.06621732 0.298554
0.07904494 0.2839696
0.07411872 0.245127
0.1298712 0.2506898
0.1332228 0.2469824
0.1446154 0.2481327
0.1392094 0.2114754
0.1239657 0.2117845
0.1309503 0.230899
0.1513164 0.2349613
0.1602549 0.2642818
0.1437239 0.2508306
0.1095612 0.2656868
0.07248336 0.206939
0.0495118 0.2525756
0.08369157 0.2224836
0.1076107 0.2496009
0.1142304 0.2736407
0.08586775 0.270624
0.06532378 0.3037366
0.08086036 0.3218395
0.08199967 0.4107611
0.1027041 0.5019715
0.05961354 0.5504611
0.08403693 0.5222852
0.07740445 0.4592863
0.05759718 0.4316647
0.0631982 0.36172
0.04749864 0.3340117
0.05708273 0.3563304
0.04497306 0.3511919
0.01740203 0.3870265
0.0173062 0.4830098
0.02884594 0.5335278
0.04877788 0.5548499
0.04292634 0.4493085
0.0418431 0.50364
0.03160244 0.5617265
0.0301955 0.5963878
0.05073173 0.5419499
0.05358526 0.5691655
0.03674541 0.5212835
0.01824165 0.580805
0.02801361 0.6543671
0.01983097 0.7453272
0.04137091 0.6233275
0.03556192 0.5704356
0.03579123 0.5709447
0.03225222 0.576903
0.03076001 0.5017947
0.01589483 0.4531691
0.01881171 0.400677
0.01198421 0.393171
0.03113758 0.4045805
0.03562102 0.398579
0.03309903 0.4357231
0.04266526 0.5093267
0.0526706 0.5493335
0.04349241 0.5460766
0.06509037 0.5498523
0.07787078 0.6795369
0.06910605 0.7528556
0.07874862 0.6711184
0.0661072 0.5399658
0.068664 0.6801151
0.05942348 0.5398436
0.05133146 0.4801467
0.03145862 0.4096006
0.02918273 0.358757
0.02647599 0.4315536
0.0221712 0.4480751
0.0165267 0.4761139
0.03076063 0.5184338
0.03952994 0.5187906
0.04556733 0.5827778
0.05570363 0.619539
0.06295574 0.5256111
0.04091535 0.5667043
0.03416845 0.5868622
0.02995128 0.6417151
0.02762006 0.726311
0.0388998 0.6572904
0.0546477 0.6062929
0.06252795 0.6118792
0.07464357 0.5880099
0.05877126 0.5662113
0.05468875 0.4886993
0.05052087 0.5200319
0.06217375 0.5286137
0.06939546 0.3925193
0.05596561 0.536552
0.03072761 0.474261
0.0394186 0.4840359
0.05280351 0.5155859
0.04879493 0.4213565
0.05261388 0.4468083
0.05924243 0.4245425
0.0505291 0.4302204
0.04976547 0.4224725
0.03086975 0.4689451
0.03374845 0.457238
0.03635136 0.4512869
0.01131848 0.4785497
0.01486079 0.4898608
0.016297 0.5278513
0.00508908 0.46026
0.0107984 0.5675987
0.02033086 0.4739671
0.01682721 0.512533
0.02682416 0.5845775
0.0208178 0.5450821
0.02185476 0.6170315
0.03019107 0.6408362
0.03546084 0.644103
0.02755368 0.5725958
0.03257862 0.5867739
0.03143898 0.5521169
0.02391824 0.5841762
0.02219236 0.5605805
0.03668679 0.5012401
0.03874825 0.4817615
0.05394746 0.5968955
0.046484 0.6304364
0.0277842 0.5471105
0.04635822 0.5945906
0.06606601 0.562049
0.05331677 0.6055522
0.03955988 0.6130305
0.04333817 0.5477133
0.04119519 0.4987253
0.03315793 0.4056014
0.03308827 0.4648443
0.04221495 0.4042141
0.0448256 0.3237034
0.05703459 0.3372662
0.06987567 0.335095
0.06639395 0.324639
0.07780188 0.3263176
0.06314053 0.2856067
0.04060465 0.2592092
0.05584789 0.2568433
0.0505187 0.2575565
0.06581691 0.2565908
0.08185703 0.3044834
0.06643784 0.3185747
0.06594233 0.3357182
0.04551306 0.3533176
0.0559003 0.3041267
0.05508088 0.3113562
0.0339024 0.2900425
0.0291895 0.2643966
0.04569278 0.2965926
0.05861384 0.315698
0.08058573 0.3073567
0.05217189 0.3330438
0.04935985 0.3641847
0.0304846 0.2816648
0.02439458 0.2732874
0.03417772 0.2487167
0.05014081 0.2670869
0.03612496 0.2570137
0.05252072 0.2416434
0.05231225 0.2614406
0.0714263 0.3168662
0.08600028 0.3510389
0.07033751 0.3760257
0.102611 0.3712519
0.07832904 0.3915883
0.1156897 0.3230962
0.1094511 0.2990416
0.133884 0.3212495
0.1715274 0.2851678
0.2107618 0.2562646
0.1813166 0.2022088
0.2121259 0.2201058
0.1931393 0.2071035
0.1821875 0.208048
0.149298 0.2060421
0.1083762 0.207711
0.08532939 0.1927613
0.1048658 0.1922397
0.129675 0.1878943
0.08015335 0.1698206
0.08130837 0.1587251
0.07596835 0.1985211
0.06501812 0.1847584
0.07487228 0.168215
0.08324822 0.1594459
0.04727424 0.195258
0.02819105 0.2114516
0.0494954 0.2138224
0.03571858 0.2379332
0.03116512 0.2323924
0.03526814 0.2572001
0.06674497 0.3253758
0.09172382 0.3308209
0.09854284 0.3438976
0.1005297 0.2968321
0.1232535 0.2902144
0.1766546 0.3419706
0.2141406 0.3411491
0.1644147 0.3251785
0.1592564 0.3469813
0.1180065 0.4001638
0.1361825 0.3322611
0.1030643 0.3755002
0.1006882 0.450178
0.1315991 0.3903864
0.08864906 0.3662269
0.134115 0.3458746
0.1331727 0.2874117
0.07721498 0.3129291
0.08326394 0.3838835
0.07856233 0.3657525
0.08740454 0.3300982
0.1136442 0.3185787
0.1170117 0.4172668
0.1293066 0.3766207
0.1093926 0.2753332
0.1312257 0.3000016
0.1268944 0.2950974
0.06910958 0.3025551
0.04874958 0.3055329
0.07713924 0.3386778
0.0677764 0.415019
0.06920797 0.3635704
0.08796641 0.544314
0.05493942 0.4798166
0.04596197 0.4667054
0.03341906 0.4808062
0.03785719 0.4719125
0.03342914 0.4511397
0.0269046 0.4878771
0.05235037 0.4423201
0.07085357 0.3946242
0.05375919 0.4006
0.06210165 0.3992222
0.05601368 0.4207853
0.07047214 0.3794474
0.06604318 0.3781182
0.07782318 0.3992046
0.06616071 0.4213538
0.06624584 0.4234695
0.06491188 0.4134947
0.05082008 0.4387156
0.06167713 0.4136744
0.07068459 0.4104084
0.06790187 0.4244139
0.05102722 0.3577506
0.03967677 0.3449529
0.05339194 0.3468056
0.06030389 0.403681
0.05146271 0.4034164
0.04946723 0.3409618
0.05759538 0.359194
0.06201982 0.3754569
0.07707655 0.3743818
0.03057202 0.394178
0.02080244 0.3669077
0.01413994 0.4129818
0.01256024 0.3880283
0.006243934 0.3460394
0.00403751 0.3558311
0.005132042 0.3350912
0.004694926 0.348234
0.002340763 0.3203158
0.008656043 0.4105278
0.02211707 0.3954197
0.02895867 0.3927333
0.02207483 0.4661263
0.0195939 0.5114425
0.02550494 0.6175104
0.03724423 0.5990837
0.03733656 0.5784067
0.02853817 0.5802382
0.03435501 0.4986466
0.03907227 0.5279991
0.03540927 0.5402608
0.06303755 0.5528421
0.03870717 0.5615562
0.05290263 0.5995519
0.04614202 0.5217685
0.07299655 0.4646154
0.05452956 0.4822382
0.06650159 0.4990652
0.06754109 0.4834956
0.09174592 0.4402006
0.079126 0.4944314
0.07547652 0.5919854
0.07449161 0.5906053
0.08703098 0.625062
0.05434048 0.7043359
0.05438788 0.7061039
0.04988269 0.7030731
0.03626385 0.6125758
0.04809068 0.6533812
0.02769139 0.6220275
0.01735883 0.7008315
0.009925247 0.7915236
0.002726632 0.7350933
0.00288067 0.818632
0.0005841763 0.8673087
0.008442218 0.7467541
0.01229201 0.6592705
0.008986462 0.8101161
0.008789367 0.9545242
0.0113979 0.8437219
0.004354684 0.7172076
0.01635716 0.7379626
0.01220347 0.9141809
0.0102917 0.9358616
0.01945454 0.9978309
0.001418775 1.078774
0.0008013445 0.9254619
0.006307927 0.8943102
0.005736154 0.875233
0.004055404 0.810069
0.001806195 0.7297155
0.005305934 0.7789185
0.01087758 0.781343
0.02551908 0.7422666
0.0222194 0.6941457
0.02586404 0.6403894
0.01639159 0.5764702
0.01389715 0.5203588
0.007488631 0.5034215
0.01021707 0.5496593
0.003575596 0.5362462
0.001378096 0.5924298
0.005229179 0.5498512
0.007144751 0.5712396
0.0162692 0.6074436
0.00677412 0.6055432
0.02609309 0.5978404
0.04272093 0.6182989
0.03583582 0.7129856
0.04775893 0.757291
0.0324708 0.6600113
0.05595793 0.6269385
0.0613065 0.6957343
0.04373597 0.6920305
0.03773442 0.6981452
0.02155061 0.7058743
0.02669029 0.6593768
0.02185123 0.7986531
0.03719829 0.8079575
0.02266901 0.780458
0.01469859 0.7586922
0.01623217 0.8910471
0.01720334 0.9309549
0.01615803 0.7956628
0.02178527 0.7759719
0.01312053 0.8231882
0.01767148 0.7905907
0.02468581 0.887756
0.04579396 1.019826
0.06096757 0.9143424
0.06266116 1.055517
0.05814945 0.8739536
0.04782186 0.7635163
0.05051767 0.7776604
0.0688984 0.851709
0.07976794 0.8336926
0.05601013 0.8945375
0.04981666 0.9137746
0.05498572 0.8423824
0.04886098 0.8255493
0.02079678 1.004419
0.01395311 1.151873
0.01202273 1.023012
0.003986104 1.29426
0.002729722 1.17093
0.009333187 0.8988281
0.03126138 0.9552758
0.01638082 1.110557
0.02343355 1.085168
0.02880547 0.9519012
0.0414692 1.121052
0.03617914 1.03804
0.02481214 1.039642
0.03164241 0.9688945
0.02412451 1.043756
0.05102853 0.8545677
0.03178806 0.9017851
0.04539354 1.070726
0.02678445 1.037121
0.008925026 1.138884
0.01129258 1.174224
0.01310326 1.291691
0.009988608 1.478171
0.01769651 1.353592
0.02256907 1.640684
0.02043588 1.395624
0.03440906 1.245511
0.02528699 1.258858
0.0149544 1.345375
0.008406695 1.166036
0.006812028 1.185028
0.005239196 1.25842
0.01842403 1.386352
0.01298223 1.374906
0.008025036 1.32554
0.01105358 1.270807
0.005353686 1.223874
0.01080131 1.06063
0.008659651 0.9403695
0.01108748 0.9287424
0.007916049 0.9774348
0.01543799 0.8950086
0.0205036 0.9384079
0.01556022 1.066784
0.01116262 1.061322
0.005623875 1.095819
0.003973494 1.051099
0.006436204 1.023473
0.00300467 0.9566256
0.0110212 0.9960181
0.01585441 0.8947964
0.002534185 1.007143
0.002121438 1.112982
0.005045195 1.058935
0.009503662 1.040403
0.002808296 1.011653
0.003279492 1.046014
0.001934124 1.094733
0.003627496 1.014016
4.785034e-05 1.075163
0.006396035 1.039874
0.0008076668 1.156048
0.003362279 1.369146
0.002614362 1.420432
0.005824658 1.538986
0.007285757 1.399154
0.005495572 1.256607
0.005936252 1.370296
0.003011296 1.397151
0.00858921 1.359347
0.002676967 1.449085
0.008034822 1.481966
0.0127333 1.767771
0.01516046 2.094468
0.01024264 2.17755
0.013895 2.314422
0.01123733 2.011352
0.004139473 1.818845
0.003803841 1.890184
0.01010046 1.780788
0.01644453 1.937209
0.009454174 2.059116
0.004465466 2.465547
0.002287286 2.342166
0.001601268 2.419876
0.004176131 2.040447
0.001361238 2.000222
0.01104056 1.891282
0.01341412 1.783381
0.01476024 1.576031
0.03258912 1.54507
0.01361648 1.35591
0.01862746 1.433824
0.009947923 1.306191
0.003438967 1.557227
0.01650396 1.318755
0.01452779 1.360788
0.01754253 1.242213
0.02139076 1.401681
0.03111466 1.528907
0.02779821 1.471454
0.01479941 1.438036
0.006556753 1.763177
0.008870299 1.967641
0.007815894 1.797884
0.002794116 2.149171
0.01794661 2.074582
0.01781935 2.279315
0.01246812 2.320083
0.006570853 2.314471
0.003711459 2.17811
0.006015483 2.199955
0.0122863 2.166457
0.005811713 2.159414
0.01157621 2.025596
0.01923334 2.022498
0.01680757 1.948002
0.01880738 1.711785
0.02778628 1.739081
0.0286025 1.403508
0.02514737 1.101141
0.02617087 1.142158
0.01829951 1.14915
0.02436526 1.481763
0.03901456 1.438235
0.01587207 1.321914
0.004618317 1.20632
0.01053578 1.125833
0.005557609 1.025032
0.003570866 0.956757
0.002826411 0.8173327
0.004522322 0.9192419
0.006117961 0.9329695
0.001061713 0.9347116
0.00307353 0.8033259
0.002839261 0.7271062
0.003542414 0.8365985
0.0152079 0.8271333
0.01596378 0.8203505
0.02494991 0.8866726
0.04230131 0.8295873
0.05250021 0.7192485
0.04009162 0.7620635
0.03705482 0.7258136
0.06317613 0.7147417
0.06182442 0.6298864
0.07142536 0.535175
0.07645369 0.5096849
0.05020956 0.4356297
0.06044029 0.4123252
0.06620155 0.4351926
0.03895654 0.4233042
0.04672542 0.4201727
0.07197726 0.4006973
0.0827144 0.412743
0.1036297 0.3317109
0.07735475 0.3783888
0.04956538 0.5112432
0.04252372 0.5188216
0.03224401 0.5329119
0.03590752 0.433121
0.03423864 0.4376233
0.03786929 0.4542963
0.03494668 0.5002704
0.04474173 0.4538295
0.04435962 0.4692237
0.01731001 0.5735292
0.02650232 0.6054775
0.01559995 0.5799191
0.0009063738 0.5642797
0.001634063 0.4889881
0.003942036 0.458046
0.0247475 0.4312321
0.0208375 0.4026217
0.03071395 0.3546025
0.02133587 0.3666239
0.004114183 0.4814375
0.0005984702 0.4892625
0.01068949 0.4495654
0.02297104 0.4247599
0.01698956 0.5214322
0.01741197 0.5159324
0.007754826 0.6394195
0.0193831 0.6053257
0.003895405 0.6207334
0.002870182 0.6384512
0.005450957 0.5147399
0.006202117 0.4935913
0.002998 0.5502394
0.02296191 0.4740125
0.01903678 0.4703444
0.01574835 0.5199241
0.02164358 0.5692928
0.01885904 0.5296217
0.03051247 0.5289493
0.01306915 0.6603204
0.01644527 0.6252168
0.01723111 0.6324395
0.02628204 0.7026576
0.02011039 0.7469592
0.009105921 0.6800583
0.004766194 0.6256802
0.004395938 0.5852428
0.0120251 0.6087461
0.02454876 0.5612282
0.02550038 0.5239151
0.02328246 0.5780139
0.01557408 0.6099342
0.00550915 0.6607742
0.01851578 0.6386597
0.0257864 0.7907576
0.01664237 0.8690273
0.0134468 0.9213829
0.01331716 0.8917155
0.02006572 1.030302
0.02102768 1.057937
0.02798524 1.017499
0.02268187 0.9874045
0.02198614 0.9323231
0.01580493 1.089345
0.01725363 1.007421
0.01257557 0.9793401
0.01427423 1.007935
0.02693886 0.9286538
0.01641498 0.803199
0.02608289 0.8308617
0.05362622 0.750861
0.05323235 0.6813072
0.04395064 0.5915465
0.06434048 0.5979057
0.08396991 0.5807315
0.06423157 0.5264214
0.04119915 0.3898259
0.08719628 0.3510737
0.07205373 0.4285986
0.07388954 0.4244601
0.07295633 0.5076165
0.05466166 0.5649665
0.04099057 0.4912626
0.08321466 0.5908518
0.06623832 0.5760042
0.09770119 0.5641071
0.06990029 0.560896
0.07676465 0.5059046
0.0542134 0.6686068
0.04303263 0.6274148
0.05472386 0.6217405
0.03199113 0.6572034
0.0268845 0.6639851
0.02233471 0.6657154
0.01501569 0.6335265
0.008212116 0.599228
0.007560013 0.6377495
0.004854919 0.7260763
0.01325969 0.7277285
0.008858633 0.7637517
0.01054359 0.7543078
0.01378846 0.6787353
0.02411683 0.6828563
0.02561487 0.6490842
0.02142581 0.6622421
0.01760149 0.6498881
0.0202286 0.5860186
0.01447668 0.6340891
0.005239065 0.6341601
0.007115844 0.5430266
0.01805598 0.4778986
0.02585972 0.5467039
0.01688996 0.673235
0.010552 0.6834737
0.004810257 0.6839111
0.01213752 0.5657466
0.002061561 0.6994536
0.008925384 0.8140758
0.02642227 0.7598983
0.01506167 0.851196
0.0151715 0.7849666
0.009100247 0.8797008
0.0155684 0.8804581
0.008652966 0.8568195
0.004214122 0.7780145
0.0009101647 0.6970663
0.002845194 0.6787049
0.008115819 0.8381304
0.007111271 0.9205775
0.0119991 0.8970319
0.01532654 0.9378819
0.01263787 0.9365541
0.01203458 0.8810301
0.03983704 1.091957
0.04624717 0.9282362
0.02474979 0.9743096
0.04377404 0.9063277
0.03204588 0.8944645
0.03428369 1.047979
0.02902394 1.007884
0.01251258 0.9639364
0.02143933 0.9376509
0.0190137 0.7725665
0.01453534 0.8375808
0.01659691 0.7661531
0.01543841 0.7677469
0.0227486 0.7495605
0.04410281 0.765222
0.0235753 0.7738898
0.0297097 0.709605
0.03129094 0.6750314
0.06130457 0.7366985
0.05148342 0.8546243
0.05423175 0.7297803
0.05432874 0.685862
0.0599092 0.6616688
0.06014043 0.5527602
0.04140659 0.4507723
0.02477776 0.537189
0.02893128 0.5899606
0.02677127 0.6243559
0.009709339 0.5821775
0.014375 0.7110436
0.01966354 0.720092
0.03003087 0.7979594
0.03080271 0.6909031
0.03294616 0.7040005
0.0286275 0.8387566
0.02133495 0.6911728
0.02215183 0.5767448
0.0115076 0.6297371
0.01024496 0.5795734
0.01775462 0.6165661
0.03718432 0.6282323
0.02871879 0.5183305
0.0239233 0.5021963
0.05373844 0.5127054
0.03878477 0.4461769
0.0380211 0.3830355
0.0292421 0.4183318
0.02514337 0.3804864
0.02029188 0.4457142
0.03508193 0.5239668
0.0173695 0.7116203
0.017846 0.7819867
0.01950211 0.8392382
0.01490559 0.8461866
0.03459838 0.9480253
0.0300132 0.8697479
0.03123143 0.91088
0.03102729 0.9628618
0.03080075 0.9283369
0.04107014 0.946228
0.04781044 0.9248044
0.04444288 0.8140167
0.04472869 0.7614781
0.03145843 0.6024156
0.03811592 0.6361562
0.02792091 0.6209155
0.02820595 0.5856344
0.03372811 0.6372903
0.05610191 0.5744884
0.03866241 0.6035728
0.04588085 0.5132091
0.05222454 0.4877576
0.05408676 0.6761965
0.05901977 0.7190995
0.03314225 0.7321309
0.01914728 0.7327933
0.01820412 0.9379641
0.0113336 0.9539328
0.003278733 1.001228
0.004252904 0.8384126
0.003451238 0.8171959
0.0013209 0.8454919
0.01307771 0.8238886
0.01009708 0.9640376
0.01839886 1.150276
0.008974944 1.329573
0.01600638 1.407607
0.03498354 1.276398
0.02055698 1.105934
0.01688323 1.066946
0.008963245 1.064818
0.0211591 0.9478496
0.03771267 1.001173
0.04522591 1.047877
0.05525088 0.9006324
0.06236548 1.027604
0.04186227 1.017493
0.02866741 1.01892
0.01767911 1.1755
0.0182362 1.347181
0.0140044 1.426717
0.01034078 1.253181
0.005020438 1.168368
0.01576795 1.146591
0.01833658 1.064133
0.02471439 1.103109
0.02126635 1.170017
0.03105761 1.18395
0.0161608 1.209224
0.01951952 1.316289
0.02125183 1.275373
0.01836527 1.256468
0.03235186 1.166689
0.0241172 1.098419
0.0107569 1.126479
0.01971289 1.045448
0.01380211 0.8480898
0.02562041 0.8202788
0.03182485 0.6934611
0.03900761 0.6291381
0.0525096 0.5239343
0.06066843 0.5328443
0.06927773 0.5965327
0.06617296 0.4978747
0.07625245 0.4984803
0.05557324 0.5787824
0.04938206 0.5451289
0.03842752 0.5482493
0.03154737 0.6647547
0.01717197 0.5655177
0.01484803 0.6511335
0.01720242 0.6455115
0.02810972 0.6079225
0.02319602 0.6658591
0.02127429 0.5616358
0.03555719 0.5352151
0.02946152 0.4693082
0.02493407 0.4366527
0.0347097 0.3743704
0.01118831 0.4202835
0.01246035 0.4502333
0.008391679 0.4884165
0.01385374 0.5232441
0.0224262 0.633254
0.0175275 0.6180224
0.02582886 0.5891607
0.03343081 0.6246057
0.03184858 0.6459097
0.04730506 0.7008585
0.0384038 0.877415
0.04594323 0.7504888
0.04537719 0.8306148
0.05961139 0.8430846
0.04043332 0.7150346
0.03418818 0.6935467
0.03418306 0.64619
0.03002194 0.7483924
0.01746108 0.8003561
0.02358389 0.7396096
0.01723825 0.6039441
0.02049254 0.6735723
0.01723508 0.7172169
0.01823164 0.7877063
0.00649156 0.8311272
0.01282631 0.7458062
0.01550905 0.8508815
0.01497581 0.8354861
0.02174474 0.7228751
0.0215651 0.7481792
0.02247443 0.6981149
0.008620143 0.7416135
0.01722752 0.6705024
0.01618615 0.6686974
0.03622055 0.6412726
0.06187523 0.5502389
0.06887666 0.482314
0.06227788 0.4978674
