probIn scale
0.06996182 0.0001917967
0.05864345 0.0001975283
0.04226956 0.0001977671
0.03696958 0.0001994226
0.03088501 0.0002054209
0.02295365 0.0002174194
0.01756824 0.0002342702
0.0318014 0.0002420471
0.02817514 0.0002307887
0.01230129 0.000236412
0.007916138 0.000236042
0.02314374 0.000257866
0.0151633 0.0002650158
0.01821827 0.0002584643
0.02783055 0.0002422349
0.03513303 0.000234093
0.02002573 0.0002212697
0.01336095 0.0002391587
0.02803168 0.0002493346
0.0360189 0.0002469296
0.01427113 0.0002495943
0.028201 0.0002503976
0.01454092 0.0002319819
0.02226611 0.0002374856
0.0298179 0.0002470603
0.02161237 0.0002671712
0.01895054 0.0002564379
0.005124624 0.000255066
0.01017714 0.000261829
0.009623384 0.0002585949
0.01275473 0.0002642271
0.02395302 0.0002543847
0.01207299 0.0002478488
0.006585119 0.0002647201
0.01100174 0.0002695076
0.007069177 0.0002523926
0.00682807 0.0002515788
0.01499383 0.000252819
0.01875807 0.00025044
0.02259234 0.0002501559
0.03218852 0.0002463788
0.01391221 0.0002245254
0.01130053 0.0002265911
0.01409521 0.0002278696
0.01261718 0.0002339501
0.02568729 0.0002298081
0.01095351 0.0002314467
0.02283616 0.0002344258
0.02019634 0.000232109
0.01517454 0.0002516529
0.03539863 0.0002587993
0.01782201 0.000267067
0.01492314 0.0002741507
0.0259637 0.0002702791
0.01228591 0.0002850177
0.009574284 0.0002831813
0.006033305 0.0002943945
0.003459963 0.0002878479
0.005157407 0.0002821929
0.01569574 0.0002876098
0.02264531 0.0002845468
0.01452795 0.0002737781
0.02142944 0.0002700939
0.0110092 0.0002855792
0.01261946 0.0002908406
0.003369835 0.0003026878
0.001582893 0.0003000592
0.01254802 0.0003010642
0.02222087 0.0003101841
0.02493547 0.0003184702
0.02487654 0.000312621
0.03797464 0.0003104809
0.02989986 0.000309814
0.01444764 0.0003068231
0.0169124 0.0003046151
0.005562432 0.0003001475
0.01376848 0.0002995352
0.01736621 0.0002696689
0.01326238 0.0002978123
0.004295405 0.0002954241
0.004175202 0.0002677153
0.01195787 0.0002607118
0.005269631 0.0002617741
0.0128156 0.0002866031
0.02409273 0.0002650622
0.01650206 0.0002678531
0.01437102 0.0002681026
0.005570676 0.0002679165
0.007837032 0.0002498968
0.004540419 0.0002528547
0.007893502 0.0002244926
0.008893134 0.0002059821
0.01499287 0.000207859
0.0154833 0.0002091029
0.01593697 0.0002171298
0.01586401 0.0002071547
0.01562495 0.0001993805
0.02093854 0.0002191494
0.0198244 0.0002192572
0.01693255 0.0002113146
0.008115634 0.0002114035
0.00689515 0.0002116369
0.01051454 0.0001996863
0.01199762 0.0002153684
0.02535764 0.0002129713
0.02782547 0.0002087762
0.03193651 0.0001980993
0.02286441 0.0001867636
0.01085306 0.0001924063
0.01185341 0.0001836865
0.009752616 0.000185823
0.006940611 0.0001978679
0.01420962 0.0002034431
0.009505349 0.0001931156
0.01556325 0.000188838
0.02955455 0.0001898396
0.02380868 0.000183238
0.03951592 0.0001758615
0.02040999 0.0001849614
0.02170775 0.0001950675
0.01140329 0.000180937
0.01068652 0.0001892825
0.01932904 0.0001814623
0.0122798 0.0001742986
0.01116824 0.0001738248
0.0148455 0.0001607434
0.02107762 0.0001545871
0.0294116 0.0001537945
0.03155983 0.0001418036
0.04007358 0.0001403783
0.03744736 0.0001366512
0.04423567 0.0001389676
0.05710331 0.0001341044
0.05765455 0.00014525
0.03999277 0.0001479426
0.02618967 0.0001431587
0.04359325 0.0001383235
0.05129879 0.0001294525
0.05977454 0.0001286623
0.06794788 0.0001215945
0.06593992 0.0001264864
0.07066226 0.0001256447
0.07529382 0.0001178051
0.07602015 0.0001144571
0.05350285 0.0001120205
0.05797498 0.0001103707
0.0604376 0.0001106195
0.04464857 0.0001107996
0.06979729 0.0001027518
0.06778703 0.0001041558
0.04784426 9.951957e-05
0.03820516 0.0001050679
0.04071411 0.0001004285
0.01925381 9.764738e-05
0.02155783 9.818812e-05
0.01954992 0.0001012392
0.02966201 0.0001000916
0.02036575 9.824316e-05
0.02638151 9.546616e-05
0.03308597 0.0001041254
0.03100591 0.0001089782
0.01643261 0.0001060084
0.02403855 0.0001124504
0.01451711 0.0001136322
0.03817423 0.0001143085
0.04189129 0.0001098225
0.05238368 0.0001027925
0.05577827 0.0001134398
0.08582911 0.0001073024
0.06657243 0.0001170294
0.05235352 0.0001221486
0.04188988 0.0001167368
0.03838843 0.0001203624
0.0538783 0.0001152871
0.06069419 0.0001208821
0.04797378 0.0001162238
0.07106633 0.0001148332
0.07285588 0.0001158107
0.04694172 0.0001160297
0.05807549 0.0001216838
0.04582415 0.0001177289
0.03393765 0.0001201696
0.03462412 0.0001201975
0.02494883 0.0001209659
0.02111088 0.0001239462
0.03190223 0.0001209484
0.04770204 0.0001305182
0.05093931 0.0001416792
0.03481832 0.0001425079
0.03382409 0.0001412277
0.03191349 0.00014376
0.04058804 0.0001351419
0.03688406 0.0001377985
0.02855594 0.0001329805
0.01555205 0.0001277315
0.02614617 0.0001307229
0.0509926 0.0001253333
0.08557982 0.0001215029
0.1033292 0.0001289847
0.1122355 0.0001369773
0.1145578 0.0001385196
0.1070898 0.000144332
0.04996314 0.000157053
0.05426075 0.0001611479
0.03940416 0.0001653564
0.01947521 0.0001547172
0.01178044 0.000170625
0.02343295 0.0001789675
0.01861547 0.0001650705
0.01297992 0.0001607465
0.007251672 0.0001495095
0.008576075 0.0001335987
0.01892853 0.0001310273
0.02003655 0.000141377
0.01491956 0.0001529964
0.02310674 0.0001478859
0.02613343 0.0001474719
0.02801339 0.0001387446
0.01630421 0.0001403185
0.01333069 0.0001387382
0.01082391 0.0001316409
0.007671345 0.0001187867
0.0081344 0.0001084573
0.01929756 0.0001113717
0.03368614 0.0001120364
0.03141974 0.0001140584
0.04450246 0.0001095421
0.03255832 0.0001021205
0.04042669 9.984784e-05
0.03196435 0.0001083152
0.02268163 0.000110861
0.0302766 0.0001075338
0.038877 0.0001077162
0.05399659 0.0001111806
0.05028734 0.000112606
0.07488755 0.0001110998
0.04565339 0.0001119666
0.0361642 0.0001144433
0.05283153 0.0001051678
0.07817069 0.0001001758
0.05383543 9.320739e-05
0.06852237 9.64528e-05
0.05355027 9.012972e-05
0.0825344 9.020211e-05
0.04800792 9.178469e-05
0.05093012 9.569489e-05
0.02786863 9.468583e-05
0.02212873 9.321123e-05
0.03929896 9.023499e-05
0.0377427 9.310105e-05
0.05180379 9.376401e-05
0.03000282 9.542385e-05
0.02622986 9.532209e-05
0.05052814 0.0001050656
0.06278417 0.0001003076
0.0680233 0.0001054829
0.08089151 0.0001046029
0.06694177 0.0001120531
0.07153091 0.0001154276
0.07985362 0.0001174012
0.09209904 0.0001106963
0.09414729 0.0001043015
0.0695451 9.899173e-05
0.06047858 9.592127e-05
0.0569444 9.415149e-05
0.02563325 9.5051e-05
0.02492255 9.777256e-05
0.0359024 9.896403e-05
0.05305355 9.192445e-05
0.05383473 8.86244e-05
0.05953313 7.866208e-05
0.05467986 7.655358e-05
0.05119616 7.226605e-05
0.02836986 7.227701e-05
0.04829601 7.705237e-05
0.06926719 8.010749e-05
0.04597703 7.01959e-05
0.03910683 6.619469e-05
0.02729369 6.766574e-05
0.04349431 6.560298e-05
0.04987297 6.637143e-05
0.05633608 7.171685e-05
0.09443402 6.970969e-05
0.1067547 6.656284e-05
0.1232746 6.808e-05
0.08645374 6.854421e-05
0.07034553 6.805555e-05
0.07953435 6.925735e-05
0.06617097 7.453182e-05
0.06704078 7.208341e-05
0.03903569 7.044038e-05
0.04760955 7.051782e-05
0.05751086 7.290833e-05
0.07767179 7.381742e-05
0.05454503 7.449007e-05
0.0685919 7.292998e-05
0.06809992 7.608743e-05
0.06065077 7.447241e-05
0.09633147 7.328519e-05
0.0806007 6.555812e-05
0.07358727 6.255351e-05
0.05488581 6.198469e-05
0.02893304 6.053504e-05
0.03353402 6.032515e-05
0.05090597 5.683403e-05
0.04692499 5.590859e-05
0.04313024 4.968037e-05
0.03373125 4.468131e-05
0.01815618 4.271646e-05
0.01167916 4.511178e-05
0.0342243 4.225794e-05
0.04202239 4.161349e-05
0.05225647 4.48427e-05
0.03192461 4.623434e-05
0.03498373 4.712607e-05
0.05249872 5.358929e-05
0.07444386 5.808747e-05
0.06540028 6.234129e-05
0.05199756 6.682641e-05
0.03974971 6.839581e-05
0.04926453 6.194981e-05
0.05409167 5.882953e-05
0.03600101 6.065362e-05
0.03912119 5.894047e-05
0.05211665 5.967321e-05
0.07910561 6.107339e-05
0.0946809 6.073916e-05
0.1143814 6.22192e-05
0.07804149 6.094088e-05
0.08280169 6.572035e-05
0.06732508 6.837243e-05
0.04849178 6.517925e-05
0.07234453 6.766028e-05
0.06316364 7.211027e-05
0.07182666 7.426659e-05
0.06314327 7.926885e-05
0.05856974 7.620494e-05
0.06658116 7.439415e-05
0.08171872 6.999763e-05
0.1004221 7.514319e-05
0.09631666 7.564308e-05
0.1036161 7.72564e-05
0.101243 7.898875e-05
0.09000438 7.281692e-05
0.04400838 6.6738e-05
0.03544036 7.031576e-05
0.02332972 7.329036e-05
0.02145993 7.266935e-05
0.01922973 6.6236e-05
0.03815355 6.576175e-05
0.06438709 6.49879e-05
0.09703263 6.943322e-05
0.08089815 6.503142e-05
0.05390925 6.46814e-05
0.0675824 6.709348e-05
0.111507 7.277417e-05
0.102497 7.326805e-05
0.09452501 7.901886e-05
0.09183756 7.478998e-05
0.08817031 7.062722e-05
0.08540865 7.146186e-05
0.06831518 7.072276e-05
0.06192142 7.154384e-05
0.07234539 6.765899e-05
0.05978694 7.377367e-05
0.06646091 8.123725e-05
0.04990031 8.096664e-05
0.06450502 8.389003e-05
0.06867614 8.763194e-05
0.06499458 8.021573e-05
0.04125927 7.978274e-05
0.04708944 8.09738e-05
0.05973449 7.996718e-05
0.05563979 8.327381e-05
0.02967215 8.261607e-05
0.02593353 8.312133e-05
0.02742052 8.60607e-05
0.02682513 8.589717e-05
0.03261416 7.884617e-05
0.05779927 7.582085e-05
0.08337482 7.208837e-05
0.07799334 7.63537e-05
0.06355619 7.690414e-05
0.07052527 7.070303e-05
0.08931487 6.976904e-05
0.07006711 6.920392e-05
0.04916863 6.917628e-05
0.0636498 6.996632e-05
0.09328128 6.802933e-05
0.08914461 6.927037e-05
0.1141062 7.0461e-05
0.1653565 7.08157e-05
0.1544006 7.184866e-05
0.1084369 6.921981e-05
0.136121 7.082297e-05
0.1039506 6.839435e-05
0.1127276 6.602611e-05
0.06485853 6.064599e-05
0.07763416 6.198765e-05
0.07387158 6.46746e-05
0.05393752 5.907611e-05
0.06805852 6.212461e-05
0.08354352 6.47288e-05
0.06991442 6.769817e-05
0.06757054 6.782656e-05
0.07396341 7.301272e-05
0.08662335 7.479201e-05
0.08046023 7.274276e-05
0.0748408 7.653422e-05
0.0633572 7.810245e-05
0.08259749 8.286113e-05
0.06180492 7.627213e-05
0.03965905 7.211926e-05
0.03236402 6.719955e-05
0.02586093 7.031244e-05
0.04539266 7.605783e-05
0.04278059 7.695191e-05
0.04841217 7.632145e-05
0.05305666 7.69312e-05
0.04357342 7.189229e-05
0.02149176 7.321736e-05
0.05672348 7.744667e-05
0.05083649 7.802342e-05
0.05272617 7.751445e-05
0.04986412 7.955951e-05
0.0612551 7.926357e-05
0.05527845 7.641746e-05
0.08826533 7.30753e-05
0.07181289 6.842572e-05
0.0998665 6.982011e-05
0.1086163 7.040766e-05
0.045503 6.887435e-05
0.08857995 7.02304e-05
0.06354849 6.704271e-05
0.03289239 7.547656e-05
0.023222 6.957003e-05
0.03768 6.37832e-05
0.03866369 5.852662e-05
0.02180379 5.436807e-05
0.0309588 5.351956e-05
0.01898556 5.281049e-05
0.03491309 5.401652e-05
0.03378675 5.181875e-05
0.04121505 5.107423e-05
0.04901458 4.907788e-05
0.0370855 5.15427e-05
0.04464613 5.150271e-05
0.05242482 4.958075e-05
0.06252229 4.642009e-05
0.07669696 4.537211e-05
0.07024507 4.363196e-05
0.08133151 4.310793e-05
0.08267389 4.109457e-05
0.05450961 3.958832e-05
0.07134408 3.874246e-05
0.03472961 4.179518e-05
0.04186429 4.204698e-05
0.05118287 3.945859e-05
0.07066918 3.919623e-05
0.05124978 4.020829e-05
0.07054777 4.285573e-05
0.05698809 3.98294e-05
0.05227032 4.053728e-05
0.05201042 4.05659e-05
0.0586217 3.914648e-05
0.06881414 4.117188e-05
0.06368652 3.923285e-05
0.07545506 3.846757e-05
0.0759059 4.042928e-05
0.04693034 3.949804e-05
0.03334035 4.033564e-05
0.05686666 4.093052e-05
0.05568294 3.998596e-05
0.07005645 4.009004e-05
0.0847066 3.774569e-05
0.09760874 3.528114e-05
0.1123372 3.667154e-05
0.1075781 3.810605e-05
0.0727702 3.739294e-05
0.09848585 3.933461e-05
0.06533925 3.901761e-05
0.05481717 3.602042e-05
0.03649033 3.607111e-05
0.0479296 3.66619e-05
0.04596699 3.806515e-05
0.06531646 3.70063e-05
0.08279323 3.89716e-05
0.08603701 3.568466e-05
0.1101551 3.370859e-05
0.07377345 3.115908e-05
0.07213115 3.285282e-05
0.04977021 3.184249e-05
0.04997185 3.045733e-05
0.07245505 3.143665e-05
0.05868215 3.019992e-05
0.0673612 3.127593e-05
0.06447715 3.022092e-05
0.06976192 2.97017e-05
0.06835387 2.75608e-05
0.07972933 2.929787e-05
0.09557903 2.809987e-05
0.08487875 2.807549e-05
0.06810724 2.6853e-05
0.08215004 2.662437e-05
0.07132982 2.684062e-05
0.04844065 2.646986e-05
0.03759333 2.769014e-05
0.04970321 2.869768e-05
0.0645607 2.623857e-05
0.07718601 2.644124e-05
0.05992493 2.66824e-05
0.02870806 2.729941e-05
0.02508769 2.686314e-05
0.02891046 2.607233e-05
0.01739961 2.486854e-05
0.02816665 2.32669e-05
0.01905793 2.386389e-05
0.03305016 2.258623e-05
0.07127403 2.15859e-05
0.09500188 2.197256e-05
0.07718682 2.20911e-05
0.06727428 2.139052e-05
0.05877461 2.084169e-05
0.07172174 1.856886e-05
0.05146348 1.831799e-05
0.04587447 1.764652e-05
0.05316689 1.746672e-05
0.02555312 1.823454e-05
0.02990326 1.650527e-05
0.04198376 1.602954e-05
0.03823314 1.703059e-05
0.01251239 1.850426e-05
0.0102791 2.002716e-05
0.004891777 1.952651e-05
0.004306038 1.823881e-05
0.0146517 1.723417e-05
0.02224737 1.609447e-05
0.0353464 1.57408e-05
0.05372478 1.451739e-05
0.05463109 1.337447e-05
0.02872343 1.363033e-05
0.01553753 1.384377e-05
0.02743937 1.542627e-05
0.03783194 1.584768e-05
0.01826812 1.631974e-05
0.01597093 1.747484e-05
0.01625332 1.709983e-05
0.0249085 1.554643e-05
0.01733849 1.523801e-05
0.01958994 1.483899e-05
0.01781425 1.462308e-05
0.01973875 1.427461e-05
0.02033817 1.364894e-05
0.01849485 1.404537e-05
0.03458711 1.35124e-05
0.03124065 1.326854e-05
0.03882328 1.248793e-05
0.066164 1.229783e-05
0.05065213 1.285417e-05
0.07048347 1.233619e-05
0.07439033 1.394607e-05
0.0685491 1.4244e-05
0.07366106 1.41566e-05
0.1159545 1.379872e-05
0.09367751 1.421322e-05
0.1019928 1.401195e-05
0.1545364 1.430272e-05
0.1902443 1.410805e-05
0.1810108 1.373711e-05
0.18844 1.455872e-05
0.1659311 1.473661e-05
0.1178024 1.548907e-05
0.1273336 1.601353e-05
0.1115648 1.491583e-05
0.1117186 1.473505e-05
0.1356184 1.431604e-05
0.1150312 1.538721e-05
0.08220739 1.441927e-05
0.07607569 1.446766e-05
0.04263165 1.460223e-05
0.04027419 1.511641e-05
0.05313757 1.44331e-05
0.04627223 1.583733e-05
0.05298186 1.728516e-05
0.05574509 1.765412e-05
0.06168963 1.75734e-05
0.09058676 1.736735e-05
0.09376457 1.803422e-05
0.1185797 1.78843e-05
0.1546105 1.752022e-05
0.1023319 1.742675e-05
0.1041137 1.898533e-05
0.1056751 1.9561e-05
0.1078282 2.024615e-05
0.09690176 2.242875e-05
0.08493489 2.343833e-05
0.06517955 2.382272e-05
0.08357851 2.393391e-05
0.07446258 2.436112e-05
0.07206513 2.441366e-05
0.06173862 2.336618e-05
0.04954528 2.290381e-05
0.07613028 2.253801e-05
0.05744437 2.302154e-05
0.0702011 2.437386e-05
0.09289637 2.417582e-05
0.08117155 2.21739e-05
0.1024729 2.147748e-05
0.1017426 2.182579e-05
0.1016881 2.12543e-05
0.08905573 1.98862e-05
0.08378617 1.940819e-05
0.1115522 1.844508e-05
0.1338201 1.828761e-05
0.153048 1.872551e-05
0.1559995 1.801415e-05
0.1520625 1.734272e-05
0.1462014 1.766959e-05
0.1741056 1.819178e-05
0.1660641 1.84768e-05
0.191119 1.752587e-05
0.1983959 1.803415e-05
0.1881148 1.829792e-05
0.1599201 1.824596e-05
0.1831596 1.911922e-05
0.185505 1.98522e-05
0.2191347 2.011387e-05
0.2211599 1.987456e-05
0.2645073 2.038464e-05
0.2928791 2.070726e-05
0.268978 2.138053e-05
0.2410578 2.128454e-05
0.1392207 2.206784e-05
0.1194675 2.293305e-05
0.127677 2.18302e-05
0.1048799 2.064932e-05
0.09873054 2.021755e-05
0.117146 2.095195e-05
0.1438562 1.958165e-05
0.1417986 1.966587e-05
0.09419457 1.980423e-05
0.09726625 1.97075e-05
0.1131045 1.956001e-05
0.1005998 1.991475e-05
0.1076759 1.994604e-05
0.1064487 1.890194e-05
0.1144426 1.696897e-05
0.09343534 1.795714e-05
0.1289064 1.815298e-05
0.1342597 1.700631e-05
0.06503688 1.652635e-05
0.07473822 1.748241e-05
0.06561204 1.702675e-05
0.06442206 1.601042e-05
0.07371744 1.6373e-05
0.07583684 1.733976e-05
0.08609844 1.805653e-05
0.07099213 1.718201e-05
0.0824393 1.759458e-05
0.06696399 1.714036e-05
0.03562132 1.772294e-05
0.05237895 1.73686e-05
0.0614018 1.674013e-05
0.06623713 1.829081e-05
0.06610549 1.995775e-05
0.08120528 1.923261e-05
0.1078878 2.017157e-05
0.07639638 2.246231e-05
0.05392959 2.267543e-05
0.03407122 2.23912e-05
0.0425078 2.291868e-05
0.03924654 2.180236e-05
0.04273322 2.058528e-05
0.04045189 2.083414e-05
0.04952501 2.063741e-05
0.02895696 1.974688e-05
0.03954078 1.928289e-05
0.03577676 1.819046e-05
0.0369803 1.911993e-05
0.05386271 2.032069e-05
0.05911274 2.096904e-05
0.0552266 2.230093e-05
0.04704646 2.352451e-05
0.07521523 2.323845e-05
0.07740197 2.285338e-05
0.08295702 2.242275e-05
0.06409798 2.217536e-05
0.05674913 2.28319e-05
0.0676225 2.352884e-05
0.08339859 2.378263e-05
0.07644766 2.571e-05
0.08774891 2.458077e-05
0.1108851 2.589483e-05
0.09029628 2.609582e-05
0.06959403 2.61937e-05
0.04538745 2.536064e-05
0.05321437 2.445748e-05
0.0524769 2.486231e-05
0.09741055 2.505487e-05
0.1100162 2.453089e-05
0.09455561 2.467435e-05
0.09918672 2.501019e-05
0.1012245 2.542625e-05
0.123801 2.608145e-05
0.137736 2.683219e-05
0.1539895 2.731377e-05
0.1615451 3.080621e-05
0.1465507 3.00344e-05
0.1540767 3.091726e-05
0.1360701 3.077059e-05
0.1323054 2.997792e-05
0.1350289 3.110362e-05
0.1259549 3.30305e-05
0.1427788 3.597436e-05
0.12901 3.730236e-05
0.1392289 3.784061e-05
0.1345565 3.785888e-05
0.1130147 4.234484e-05
0.1204226 4.2225e-05
0.1190644 4.413187e-05
0.1282366 4.465471e-05
0.1226715 4.387211e-05
0.09667423 4.449767e-05
0.1096435 4.531914e-05
0.09504686 4.726645e-05
0.07657072 4.34189e-05
0.07342866 4.493504e-05
0.09655619 4.5131e-05
0.07810813 4.378249e-05
0.06840606 4.11428e-05
0.07202219 3.80216e-05
0.1036068 3.946939e-05
0.07382288 4.136317e-05
0.1152412 4.292911e-05
0.08800089 4.328337e-05
0.06813984 4.184149e-05
0.08884986 4.165121e-05
0.09709707 3.81417e-05
0.1730021 3.51258e-05
0.1449942 3.584928e-05
0.1703199 3.354267e-05
0.1893137 3.249147e-05
0.1466131 3.285834e-05
0.1510489 3.335876e-05
0.158764 3.335451e-05
0.1660814 3.219898e-05
0.1078736 3.487989e-05
0.09380813 3.493905e-05
0.09711729 3.441714e-05
0.07399747 3.52175e-05
0.07248376 3.878566e-05
0.05468914 3.630653e-05
0.08466129 3.79091e-05
0.1249685 3.752174e-05
0.1136122 3.751157e-05
0.07727489 3.473722e-05
0.06510452 3.526715e-05
0.07648086 3.526511e-05
0.1194623 3.411079e-05
0.1257852 3.652396e-05
0.1012356 3.665295e-05
0.0694909 3.725934e-05
0.04480194 3.757537e-05
0.05040044 4.120368e-05
0.0457372 3.795356e-05
0.04221741 3.605478e-05
0.06159546 3.796044e-05
0.0714437 3.428816e-05
0.07929105 3.389336e-05
0.08526348 3.438012e-05
0.0844658 3.271868e-05
0.05137777 3.220209e-05
0.0423297 3.103328e-05
0.0572468 3.260952e-05
0.05214698 3.133607e-05
0.0647078 2.976687e-05
0.05966808 2.857632e-05
0.07653206 2.780358e-05
0.07178598 3.012911e-05
0.06112071 3.072389e-05
0.03533205 2.964926e-05
0.03842154 3.127043e-05
0.04091878 2.973862e-05
0.05852949 3.192741e-05
0.0592377 3.259386e-05
0.06277514 3.046292e-05
0.05951509 3.194683e-05
0.06818083 3.450466e-05
0.06373305 3.496852e-05
0.06889281 3.400407e-05
0.1096624 3.455722e-05
0.075464 3.379372e-05
0.04820285 3.154357e-05
0.05810526 3.290694e-05
0.03045439 3.482183e-05
0.03589726 3.586049e-05
0.06842005 3.569562e-05
0.06453295 3.397623e-05
0.05316968 3.303515e-05
0.06501424 3.307074e-05
0.06131485 3.391536e-05
0.06436703 3.308061e-05
0.07726768 3.126689e-05
0.05925098 3.183543e-05
0.08298392 3.125645e-05
0.06936474 3.027475e-05
0.04958627 2.966506e-05
0.07430907 2.955654e-05
0.09235796 3.086756e-05
0.1200756 3.079226e-05
0.1126291 2.907863e-05
0.1106903 2.932645e-05
0.1310008 3.043199e-05
0.1028242 3.112537e-05
0.07991014 3.090792e-05
0.07344799 3.137566e-05
0.08787651 3.170636e-05
0.06411472 3.224527e-05
0.04953826 3.031879e-05
0.02342108 2.927741e-05
0.04201104 3.127695e-05
0.0693509 3.017853e-05
0.09701815 3.201655e-05
0.09360512 3.059987e-05
0.08759496 3.198175e-05
0.09000806 3.282268e-05
0.08086691 3.280605e-05
0.04998086 3.313068e-05
0.07518827 3.42302e-05
0.07305471 3.43331e-05
0.09399329 3.497994e-05
0.08543823 3.367731e-05
0.08331049 3.236118e-05
0.0478137 3.292686e-05
0.05196041 3.174661e-05
0.03107209 3.203291e-05
0.04230826 3.061346e-05
0.0439712 3.150406e-05
0.03514504 3.264775e-05
0.0757086 3.254464e-05
0.1032682 3.253108e-05
0.1045398 3.099981e-05
0.1001363 3.129394e-05
0.09577495 3.067614e-05
0.07102053 3.102474e-05
0.07582846 3.087167e-05
0.05716057 3.178156e-05
0.04128143 3.192121e-05
0.05920242 3.207857e-05
0.03776713 3.024856e-05
0.1088942 2.937127e-05
0.09917469 2.875218e-05
0.07235964 2.754497e-05
0.09917523 2.826001e-05
0.07083371 2.758528e-05
0.08666966 2.65702e-05
0.1203337 2.818855e-05
0.09894965 2.905425e-05
0.0908036 2.816787e-05
0.06504799 2.719462e-05
0.05421514 2.859117e-05
0.06264679 2.564735e-05
0.08558084 2.424729e-05
0.07299735 2.240911e-05
0.06942116 2.387501e-05
0.05954381 2.400726e-05
0.06340272 2.385081e-05
0.03535049 2.388237e-05
0.0389514 2.386412e-05
0.01726541 2.306847e-05
0.01051223 2.053265e-05
0.01242508 2.091617e-05
0.01239086 2.090786e-05
0.01701952 2.226244e-05
0.01712144 2.477888e-05
0.007758303 2.431514e-05
0.007759356 2.455599e-05
0.004378035 2.401084e-05
0.008694127 2.507305e-05
0.02013517 2.478626e-05
0.04407781 2.299463e-05
0.05531862 2.36476e-05
0.05232433 2.169652e-05
0.04733435 2.172577e-05
0.08326796 2.238565e-05
0.0620996 2.317965e-05
0.09358619 2.61618e-05
0.07607342 2.708321e-05
0.06407968 2.623722e-05
0.06762219 2.550372e-05
0.1099281 2.652683e-05
0.108969 2.807185e-05
0.08108527 2.628134e-05
0.08743787 2.693368e-05
0.07206639 2.689829e-05
0.06718647 2.587924e-05
0.07907042 2.768037e-05
0.09521449 2.634758e-05
0.07061575 2.438314e-05
0.06172558 2.458669e-05
0.03009078 2.476652e-05
0.03062601 2.392132e-05
0.04861619 2.338752e-05
0.05775623 2.432125e-05
0.06869973 2.560654e-05
0.1095264 2.642669e-05
0.09974267 2.451024e-05
0.1043998 2.399653e-05
0.1306056 2.370658e-05
0.140514 2.361783e-05
0.1980932 2.448866e-05
0.1511666 2.344935e-05
0.1452789 2.232355e-05
0.1479961 2.053299e-05
0.1371035 2.10545e-05
0.1479994 2.144459e-05
0.1477539 2.041382e-05
0.1414503 1.976971e-05
0.1366641 1.87571e-05
0.1538622 1.94968e-05
0.1321563 2.022325e-05
0.1282261 1.965182e-05
0.1477188 2.088611e-05
0.133373 2.079465e-05
0.1083998 2.310409e-05
0.1146142 2.403216e-05
0.1140796 2.368941e-05
0.08555397 2.656663e-05
0.1120562 2.706938e-05
0.09734918 2.659617e-05
0.1165544 2.542375e-05
0.1035721 2.545297e-05
0.1184755 2.71589e-05
0.09299182 3.034767e-05
0.08098602 3.018747e-05
0.06561562 3.184718e-05
0.0430113 3.265267e-05
0.05476991 3.395819e-05
0.03164022 3.496932e-05
0.03124595 3.278109e-05
0.03268219 2.891789e-05
0.04078498 2.93813e-05
0.04014074 2.784923e-05
0.033277 2.737834e-05
0.02487099 2.811764e-05
0.006596566 2.551552e-05
0.005829816 2.672422e-05
0.004793118 2.720103e-05
0.007878039 2.956108e-05
0.01754277 2.811511e-05
0.0181911 2.855138e-05
0.02298394 2.987276e-05
0.05153872 2.812849e-05
0.04808551 2.998638e-05
0.03325355 3.013365e-05
0.0268213 2.996456e-05
0.02196755 2.959394e-05
0.01081093 2.765867e-05
0.00634016 2.76387e-05
0.009985764 2.789533e-05
0.02614261 2.791117e-05
0.01040272 2.866483e-05
0.01612786 3.199835e-05
0.04820496 3.268809e-05
0.04277576 3.165574e-05
0.04527101 3.198355e-05
0.05143425 3.472069e-05
0.01967217 3.469494e-05
0.0363131 3.265705e-05
0.04891123 3.197012e-05
0.03981328 3.146766e-05
0.0387855 3.1185e-05
0.06218672 2.975165e-05
0.08026977 2.958972e-05
0.08099963 3.073163e-05
0.05856236 3.151101e-05
0.02231815 3.355466e-05
0.02684229 3.437446e-05
0.0367994 3.576781e-05
0.03821801 3.526318e-05
0.03318672 3.326596e-05
0.05662234 3.380256e-05
0.04216398 3.61019e-05
0.03659736 3.301967e-05
0.02381674 2.953122e-05
0.03969637 2.785382e-05
0.02038366 2.714508e-05
0.02753488 2.826665e-05
0.02679389 2.805509e-05
0.02648801 2.749362e-05
0.02318259 2.57175e-05
0.02364724 2.681863e-05
0.03486036 2.824035e-05
0.03281173 2.966815e-05
0.03040366 3.002133e-05
0.01724581 2.951221e-05
0.02706513 2.891556e-05
0.04270256 3.020021e-05
0.02699219 3.323246e-05
0.003481268 3.240263e-05
0.01039488 3.536306e-05
0.00434086 3.566942e-05
0.00722637 3.602654e-05
0.02559978 4.155911e-05
0.02748513 4.301117e-05
0.03113656 4.266224e-05
0.04551277 4.459769e-05
0.03402299 4.401875e-05
0.0662873 4.576401e-05
0.06130802 4.940589e-05
0.04658876 4.891737e-05
0.04862371 4.700971e-05
0.05960144 4.539511e-05
0.0480343 4.37369e-05
0.06020081 4.607878e-05
0.05013574 4.39169e-05
0.07302856 4.328888e-05
0.07114171 4.232507e-05
0.09508929 4.074508e-05
0.1111037 3.962001e-05
0.1299233 3.881351e-05
0.1038671 3.753629e-05
0.07001182 3.640961e-05
0.07302228 3.839028e-05
0.05126707 3.842404e-05
0.03741176 3.678635e-05
0.02943982 3.572245e-05
0.03687948 3.598854e-05
0.03583406 3.928212e-05
0.02490187 3.772048e-05
0.04523706 3.594665e-05
0.06755988 3.5043e-05
0.07287397 3.552093e-05
0.07426849 3.4767e-05
0.05706003 3.435428e-05
0.06365594 3.572914e-05
0.1064356 3.459128e-05
0.08249001 3.283601e-05
0.1035832 3.351932e-05
0.09667508 3.077908e-05
0.07032693 3.075897e-05
0.05738927 3.109663e-05
0.08408013 3.09433e-05
0.07927934 2.899181e-05
0.04045197 2.930516e-05
0.06528312 3.173665e-05
0.05365712 3.580167e-05
0.03854378 3.382931e-05
0.04961264 3.245542e-05
0.08731137 3.160022e-05
0.1024162 3.08634e-05
0.09056858 3.102224e-05
0.1125385 2.928364e-05
0.1230488 2.874329e-05
0.1504674 2.714217e-05
0.1249424 2.78848e-05
0.1244907 2.632065e-05
0.1519397 2.528999e-05
0.1165318 2.550684e-05
0.1016757 2.485848e-05
0.12416 2.453522e-05
0.09819538 2.522619e-05
0.0794711 2.509554e-05
0.09365816 2.341497e-05
0.06630955 2.266134e-05
0.08824748 2.416786e-05
0.08089923 2.510515e-05
0.09247819 2.498052e-05
0.1145591 2.433463e-05
0.1133993 2.518922e-05
0.1209812 2.733013e-05
0.08263589 2.869917e-05
0.1028011 2.945479e-05
0.09593689 2.987258e-05
0.1024909 3.050234e-05
0.09514412 2.926353e-05
0.1160991 2.913961e-05
0.100688 2.94515e-05
0.09854501 2.810644e-05
0.1301337 2.637122e-05
0.1151421 2.730535e-05
0.08942252 2.676254e-05
0.03285022 2.69864e-05
0.04317767 2.618131e-05
0.0414828 2.532211e-05
0.03148222 2.562287e-05
0.0151569 2.668939e-05
0.02697506 2.624733e-05
0.0537556 2.507704e-05
0.05784472 2.559262e-05
0.06490979 2.364993e-05
0.05641497 2.385971e-05
0.04479782 2.397181e-05
0.07132291 2.424693e-05
0.06636066 2.3868e-05
0.07493415 2.368419e-05
0.08099055 2.305166e-05
0.07256191 2.359185e-05
0.05816754 2.208347e-05
0.02587645 2.215818e-05
0.03587767 2.443251e-05
0.0521165 2.413756e-05
0.07168508 2.522472e-05
0.074105 2.488911e-05
0.07896718 2.459761e-05
0.06835616 2.254713e-05
0.06588575 2.348022e-05
0.06196026 2.215076e-05
0.05362511 2.021667e-05
0.04871963 1.850594e-05
0.04350827 2.013184e-05
0.04377487 2.06833e-05
0.0448867 1.995417e-05
0.04044228 2.033442e-05
0.03005081 2.010595e-05
0.02630471 1.92854e-05
0.02152779 2.05126e-05
0.02887213 2.173363e-05
0.02826577 2.154834e-05
0.03550136 2.133652e-05
0.03885076 2.026396e-05
0.04703563 2.08808e-05
0.0504652 2.235555e-05
0.1064142 2.383894e-05
0.1059144 2.43614e-05
0.11225 2.467968e-05
0.08708296 2.402644e-05
0.08574771 2.52844e-05
0.08915884 2.5293e-05
0.09460728 2.43958e-05
0.09060579 2.241548e-05
0.1255934 2.273613e-05
0.1104244 2.173279e-05
0.09824076 2.230976e-05
0.1136493 2.087495e-05
0.1091339 1.848565e-05
0.1139947 1.841231e-05
0.1061058 1.913144e-05
0.08406198 1.923987e-05
0.07645656 1.994692e-05
0.1408791 2.043981e-05
0.1335762 1.953058e-05
0.09983001 1.802636e-05
0.09713701 1.677071e-05
0.07454523 1.720532e-05
0.07435805 1.695328e-05
0.04054343 1.703376e-05
0.07346191 1.794029e-05
0.0950935 1.878457e-05
0.07656854 1.820995e-05
0.08831006 1.721611e-05
0.09306052 1.670081e-05
0.1058746 1.690422e-05
0.09779298 1.54563e-05
0.0877791 1.554773e-05
0.06928632 1.575298e-05
0.0412755 1.665502e-05
0.04888616 1.544999e-05
0.03764617 1.601246e-05
0.02686218 1.655907e-05
0.0345306 1.725298e-05
0.05512794 1.95681e-05
0.05866742 1.747693e-05
0.07151382 1.781368e-05
0.08386899 1.970556e-05
0.07462252 2.046295e-05
0.08869713 1.918541e-05
0.1201435 1.938715e-05
0.1092643 1.818592e-05
0.09700411 1.918138e-05
0.1099746 1.874882e-05
0.08150462 1.819906e-05
0.07449364 1.73017e-05
0.04969733 1.826039e-05
0.07399692 1.843928e-05
0.0637353 1.934299e-05
0.08296101 1.961467e-05
0.05274851 1.889829e-05
0.0614755 1.962679e-05
0.05697422 2.021134e-05
0.03418067 1.991685e-05
0.03775183 2.054213e-05
0.03671089 1.981564e-05
0.0264676 1.915808e-05
0.02578272 2.054522e-05
0.02161731 2.071067e-05
0.02777813 2.039274e-05
0.03471193 2.048729e-05
0.03939387 2.142102e-05
0.03081964 1.869455e-05
0.0463492 1.931499e-05
0.07294363 1.93831e-05
0.05673766 1.930987e-05
0.04871137 1.908705e-05
0.05728236 1.786576e-05
0.02768515 1.693003e-05
0.01289748 1.626924e-05
0.01092131 1.725748e-05
0.01970736 1.660155e-05
0.03368428 1.768653e-05
0.03717965 1.696896e-05
0.05586161 1.588899e-05
0.05545221 1.412164e-05
0.07529278 1.405832e-05
0.065752 1.426582e-05
0.09723326 1.379018e-05
0.07574802 1.395084e-05
0.0355638 1.312275e-05
0.03164536 1.1725e-05
0.05133581 1.098121e-05
0.07584992 1.101767e-05
0.0821627 1.172565e-05
0.06705558 1.17054e-05
0.05205658 1.220584e-05
0.03827185 1.180819e-05
0.04176682 1.231798e-05
0.03830691 1.183578e-05
0.02934211 1.216753e-05
0.040763 1.273475e-05
0.03380762 1.306246e-05
0.04702027 1.256577e-05
0.03187477 1.323966e-05
0.05880763 1.267404e-05
0.04837983 1.229492e-05
0.0732246 1.195795e-05
0.07727493 1.232762e-05
0.03706698 1.216807e-05
0.04617437 1.094253e-05
0.05712772 1.309542e-05
0.1029162 1.326591e-05
0.0602567 1.357204e-05
0.04938139 1.326245e-05
0.03990004 1.301459e-05
0.04627388 1.351302e-05
0.03066315 1.291705e-05
0.02556631 1.382479e-05
0.01766697 1.391804e-05
0.0118667 1.566422e-05
0.03219131 1.577386e-05
0.02664363 1.591995e-05
0.01385796 1.697723e-05
0.0225907 1.663582e-05
0.03312669 1.667822e-05
0.04510159 1.800746e-05
0.06377229 1.786696e-05
0.06355555 1.618485e-05
0.0720723 1.525193e-05
0.04994318 1.441656e-05
0.1037724 1.358245e-05
0.1776118 1.354883e-05
0.1561349 1.254118e-05
0.1204263 1.218027e-05
0.1118833 1.195692e-05
0.1576192 1.181942e-05
0.1640987 1.185969e-05
0.174802 1.216865e-05
0.1890187 1.25226e-05
0.1705556 1.211589e-05
0.1494456 1.254913e-05
0.155422 1.228425e-05
0.1269436 1.250342e-05
0.1123825 1.258703e-05
0.1037251 1.23735e-05
0.1033635 1.251159e-05
0.1339641 1.27457e-05
0.1267723 1.304546e-05
0.1319194 1.260822e-05
0.1331022 1.296546e-05
0.1301768 1.23768e-05
0.1292243 1.22368e-05
0.1355695 1.241579e-05
0.1339695 1.169389e-05
0.1731926 1.124247e-05
0.215039 1.08535e-05
0.2260474 1.079034e-05
0.2019648 1.023177e-05
0.1998923 1.054508e-05
0.2136819 1.104535e-05
0.2592812 1.205954e-05
0.2822536 1.195971e-05
0.2370323 1.190024e-05
0.2638065 1.096994e-05
0.2469367 1.202325e-05
0.3075619 1.232285e-05
0.3072785 1.270484e-05
0.3367432 1.374652e-05
0.3632555 1.31814e-05
0.3353792 1.260182e-05
0.3753772 1.311315e-05
0.4042106 1.275757e-05
0.3824089 1.281038e-05
0.3184776 1.399681e-05
0.3192202 1.503881e-05
0.2825601 1.513562e-05
0.264807 1.485284e-05
0.2865428 1.394497e-05
0.2673099 1.442126e-05
0.2877665 1.733217e-05
0.2637991 1.747013e-05
0.240834 1.770202e-05
0.3117943 1.746291e-05
0.2295127 1.604641e-05
0.1922546 1.542007e-05
0.2007117 1.566136e-05
0.1842661 1.536605e-05
0.1606731 1.510964e-05
0.127385 1.493048e-05
0.1193328 1.489081e-05
0.1510173 1.494346e-05
0.1556281 1.529172e-05
0.1599973 1.518563e-05
0.1726671 1.420265e-05
0.1789882 1.305604e-05
0.1837099 1.30543e-05
0.2133955 1.315508e-05
0.1532489 1.404792e-05
0.08272771 1.364312e-05
0.06349844 1.255566e-05
0.05985859 1.217144e-05
0.0894865 1.287385e-05
0.09256781 1.238959e-05
0.1044298 1.262761e-05
0.1032814 1.215975e-05
0.09685244 1.176044e-05
0.1020672 1.287074e-05
0.1012729 1.284391e-05
0.1057585 1.241304e-05
0.1244065 1.159751e-05
0.122991 1.173068e-05
0.1124049 1.231758e-05
0.1150464 1.212022e-05
0.1891911 1.222182e-05
0.207897 1.197267e-05
0.1973955 1.227924e-05
0.1868409 1.237435e-05
0.1982434 1.19172e-05
0.1935949 1.154027e-05
0.2091153 1.136668e-05
0.2394721 1.1062e-05
0.1860847 1.196341e-05
0.1630691 1.138963e-05
0.1601226 1.172155e-05
0.1460322 1.145386e-05
0.129185 1.217918e-05
0.129681 1.217205e-05
0.153823 1.217913e-05
0.200622 1.26516e-05
0.1602387 1.29123e-05
0.1415332 1.278411e-05
0.1464157 1.305399e-05
0.1529075 1.314882e-05
0.1531659 1.420541e-05
0.1199719 1.486815e-05
0.1248553 1.516919e-05
0.1151057 1.554232e-05
0.10421 1.477588e-05
0.07684206 1.470645e-05
0.08726795 1.460373e-05
0.129223 1.518669e-05
0.08949333 1.511738e-05
0.1039268 1.463887e-05
0.08101333 1.280924e-05
0.08057638 1.253681e-05
0.05976209 1.221405e-05
0.03237113 1.312399e-05
0.03560241 1.327071e-05
0.05055141 1.371484e-05
0.08057023 1.455642e-05
0.06169975 1.534335e-05
0.07132134 1.524219e-05
0.0785955 1.450385e-05
0.09763629 1.370334e-05
0.07657442 1.354093e-05
0.05212286 1.454506e-05
0.1013793 1.352648e-05
0.0893983 1.397212e-05
0.09030516 1.374947e-05
0.08677131 1.366451e-05
0.06866944 1.468515e-05
0.04971927 1.501587e-05
0.06470404 1.516959e-05
0.03881363 1.613342e-05
0.0629585 1.542162e-05
0.08357744 1.595246e-05
0.06340193 1.51714e-05
0.05739615 1.522415e-05
0.09699546 1.497814e-05
0.1082832 1.575126e-05
0.115071 1.552455e-05
0.1128403 1.499325e-05
0.1144815 1.541499e-05
0.08810488 1.541791e-05
0.09980472 1.400161e-05
0.07378139 1.308641e-05
0.07246453 1.426194e-05
0.06656085 1.472328e-05
0.06169729 1.454756e-05
0.03805665 1.459207e-05
0.03450769 1.420875e-05
0.03179824 1.477252e-05
0.02572863 1.517349e-05
0.03529465 1.477913e-05
0.05297699 1.533671e-05
0.07412618 1.675128e-05
0.08903142 1.623174e-05
0.1082676 1.641951e-05
0.08119405 1.644916e-05
0.1437367 1.591138e-05
0.1477014 1.635607e-05
0.1500471 1.685984e-05
0.1633778 1.75054e-05
0.2057191 1.93667e-05
0.2178653 1.873898e-05
0.188487 1.889433e-05
0.2376125 1.869821e-05
0.3049039 1.958627e-05
0.3259603 1.857896e-05
0.2919905 1.817508e-05
0.293465 1.813407e-05
0.2436425 1.807622e-05
0.2312688 1.852039e-05
0.2092514 1.902826e-05
0.1619972 1.880374e-05
0.2128663 1.764802e-05
0.2276168 1.761338e-05
0.2016934 1.884426e-05
0.1901479 1.712629e-05
0.1800406 1.841954e-05
0.2239065 1.694808e-05
0.2109455 1.761033e-05
0.2288569 1.778469e-05
0.140001 1.740167e-05
0.1613609 1.654623e-05
0.1108256 1.656502e-05
0.1097846 1.70789e-05
0.134339 1.642139e-05
0.165288 1.681955e-05
0.1482786 1.573988e-05
0.1674551 1.498704e-05
0.1814837 1.599951e-05
0.2013114 1.680629e-05
0.1911494 1.841264e-05
0.1648204 1.879384e-05
0.1475341 2.006562e-05
0.1701534 2.11893e-05
0.2367584 2.118014e-05
0.1824876 2.156244e-05
0.166453 2.126554e-05
0.1481473 2.071169e-05
0.1185513 2.029304e-05
0.1180134 1.878713e-05
0.08113579 1.865707e-05
0.1049656 1.909367e-05
0.1372286 1.915885e-05
0.1304857 1.881248e-05
0.1127662 1.993742e-05
0.09285811 2.037409e-05
0.08770737 2.226902e-05
0.1057406 2.275646e-05
0.113104 2.191582e-05
0.1084524 2.177377e-05
0.1271653 2.116921e-05
0.09998052 2.215061e-05
0.08617152 2.190428e-05
0.05320122 2.151442e-05
0.07948074 1.990284e-05
0.0638609 2.000073e-05
0.07443439 2.089948e-05
0.1079515 2.074485e-05
0.08476245 2.059007e-05
0.07111914 1.977785e-05
0.1058007 1.878286e-05
0.09009032 1.8672e-05
0.09307923 1.971887e-05
0.137719 1.983817e-05
0.08866984 1.811008e-05
0.1088904 1.908386e-05
0.09234926 1.902581e-05
0.08609611 1.991226e-05
0.1146346 1.965802e-05
0.08953125 1.989512e-05
0.1155329 1.956759e-05
0.1465886 1.939739e-05
0.142815 1.91234e-05
0.1184425 1.996853e-05
0.08142175 1.971559e-05
0.08581991 1.874576e-05
0.1093885 1.963058e-05
0.1674185 2.013451e-05
0.1401344 2.129366e-05
0.162301 2.069391e-05
0.1755751 2.423592e-05
0.177185 2.480282e-05
0.1233029 2.271969e-05
0.1219505 2.120146e-05
0.1360522 2.04613e-05
0.1530985 1.980011e-05
0.1734969 2.04184e-05
0.1578654 1.891761e-05
0.148647 1.911614e-05
0.1966764 2.076766e-05
0.1895113 2.225221e-05
0.1645286 2.273669e-05
0.1393593 2.390823e-05
0.1641352 2.566388e-05
0.1671064 2.46287e-05
0.1866995 2.531416e-05
0.136926 2.542284e-05
0.1428541 2.581452e-05
0.1878977 2.427655e-05
0.1310862 2.420576e-05
0.1176732 2.509586e-05
0.1389461 2.52335e-05
0.134768 2.742002e-05
0.09736327 3.053526e-05
0.09474248 2.885067e-05
0.06448815 2.875661e-05
0.06190997 2.967234e-05
0.06219113 2.879546e-05
0.08754289 3.025574e-05
0.05616363 3.104776e-05
0.07815774 3.292664e-05
0.07954379 3.174625e-05
0.07056228 2.849397e-05
0.07373339 2.938052e-05
0.05988109 3.136796e-05
0.06407851 3.246736e-05
0.05718208 3.186043e-05
0.05961565 3.083076e-05
0.09354672 2.881552e-05
0.06480843 2.909189e-05
0.08457158 2.8962e-05
0.09542972 2.826911e-05
0.07306942 2.772795e-05
0.08862059 2.95024e-05
0.1036151 2.918985e-05
0.1156444 2.813462e-05
0.1330435 2.829799e-05
0.1754901 2.636494e-05
0.1466221 2.636874e-05
0.1195701 2.514016e-05
0.1390439 2.501178e-05
0.1456549 2.428355e-05
0.1371892 2.469426e-05
0.09578399 2.308068e-05
0.08729008 2.301563e-05
0.0878332 2.156586e-05
0.09112308 2.091662e-05
0.05517732 2.104336e-05
0.07238917 2.026048e-05
0.0521502 1.925864e-05
0.04528277 1.847646e-05
0.07663394 1.855188e-05
0.0939683 1.993821e-05
0.0706385 1.935335e-05
0.03555388 1.977902e-05
0.03985447 1.97307e-05
0.06281066 1.937255e-05
0.06953358 2.000686e-05
0.100921 2.080775e-05
0.1380068 2.064159e-05
0.1360434 2.013728e-05
0.1586947 2.130988e-05
0.1416343 2.147145e-05
0.08131033 2.026522e-05
0.1336845 2.047135e-05
0.1423993 1.905815e-05
0.1379824 1.784963e-05
0.1476876 1.640466e-05
0.1871184 1.648807e-05
0.1877064 1.634184e-05
0.2077432 1.6163e-05
0.1629035 1.654283e-05
0.1378748 1.663704e-05
0.1147659 1.785572e-05
0.09865309 1.760352e-05
0.07489436 1.704167e-05
0.0690857 1.564026e-05
0.06346627 1.5582e-05
0.09232352 1.484744e-05
0.1091741 1.583592e-05
0.1086017 1.606159e-05
0.1491658 1.662814e-05
0.09679435 1.68618e-05
0.1009924 1.663604e-05
0.08675021 1.814532e-05
0.06821148 1.847234e-05
0.07130553 1.915659e-05
0.09911268 1.858192e-05
0.1144986 1.783483e-05
0.1033257 1.902068e-05
0.09664344 1.882264e-05
0.1125634 1.78138e-05
0.1047562 1.742969e-05
0.1330065 1.777389e-05
0.1405852 1.664242e-05
0.09303857 1.656805e-05
0.06576013 1.643122e-05
0.1012843 1.662973e-05
0.09518242 1.608439e-05
0.1294713 1.639518e-05
0.1336958 1.634999e-05
0.20323 1.57752e-05
0.2299835 1.561676e-05
0.2423929 1.616461e-05
0.2473884 1.658324e-05
0.2209335 1.779472e-05
0.287134 1.840697e-05
0.3015114 1.755716e-05
0.2870758 1.612366e-05
0.3298446 1.612897e-05
0.3091478 1.640275e-05
0.2894148 1.700935e-05
0.2684799 1.887014e-05
0.3157015 1.849016e-05
0.3052942 1.841833e-05
0.323263 1.837676e-05
0.2532096 1.767504e-05
0.2083373 1.746813e-05
0.2049076 1.641615e-05
0.2181969 1.65508e-05
0.2406679 1.694168e-05
0.2935458 1.561881e-05
0.2641264 1.549283e-05
0.2911318 1.545352e-05
0.2287707 1.496878e-05
0.2415974 1.594694e-05
0.2168322 1.626258e-05
0.1937185 1.648515e-05
0.2057572 1.661847e-05
0.1655476 1.590185e-05
0.1658156 1.668605e-05
0.1391752 1.61681e-05
0.1359359 1.522178e-05
0.1094783 1.50198e-05
0.1096222 1.554277e-05
0.1248514 1.59224e-05
0.1169849 1.584382e-05
0.1126149 1.576962e-05
0.09813028 1.737258e-05
0.08412131 1.739441e-05
0.0979824 1.821562e-05
0.09998415 1.736345e-05
0.08202712 1.729911e-05
0.08644799 1.695048e-05
0.101021 1.816266e-05
0.07901931 1.953661e-05
0.0930341 2.043016e-05
0.0646701 2.104649e-05
0.0734792 1.985225e-05
0.07820479 1.915261e-05
0.05740351 1.742762e-05
0.07669508 1.654945e-05
0.0783626 1.576295e-05
0.04180795 1.51083e-05
0.0609847 1.636404e-05
0.03926766 1.669678e-05
0.03461154 1.655861e-05
0.05444762 1.662176e-05
0.02908873 1.677293e-05
0.01757138 1.542596e-05
0.03356545 1.419923e-05
0.04139024 1.344931e-05
0.06943118 1.291339e-05
0.08497257 1.3453e-05
0.06929497 1.383299e-05
0.06902569 1.368494e-05
0.08298732 1.334533e-05
0.08349004 1.275491e-05
0.09044669 1.214817e-05
0.07631394 1.287286e-05
0.05489489 1.376243e-05
0.04831842 1.326999e-05
0.04345425 1.301911e-05
0.0319867 1.357178e-05
0.07785152 1.272594e-05
0.04599055 1.258958e-05
0.06145913 1.329851e-05
0.04487419 1.410736e-05
0.03965639 1.457443e-05
0.05687556 1.429657e-05
0.04850527 1.383967e-05
0.08987584 1.486707e-05
0.09056107 1.614721e-05
0.1096068 1.648903e-05
0.08107768 1.622785e-05
0.1235167 1.756679e-05
0.1286973 1.868635e-05
0.1504106 1.813709e-05
0.1164759 1.848091e-05
0.127415 1.855584e-05
0.107881 1.708303e-05
0.1043472 1.532545e-05
0.1128623 1.492722e-05
0.08978012 1.395805e-05
0.0845152 1.410586e-05
0.09697913 1.454401e-05
0.05128736 1.486826e-05
0.05471554 1.572146e-05
0.06506616 1.37519e-05
0.0722243 1.441637e-05
0.1157977 1.487629e-05
0.1366982 1.536164e-05
0.1842355 1.458816e-05
0.1786186 1.398424e-05
0.1468389 1.501579e-05
0.1856947 1.487615e-05
0.18316 1.381615e-05
0.1531608 1.320559e-05
0.1182754 1.350827e-05
0.1076325 1.459096e-05
0.07767396 1.394439e-05
0.06290009 1.416201e-05
0.05631085 1.355143e-05
0.07269019 1.486055e-05
0.06963089 1.496435e-05
0.04583969 1.490823e-05
0.07461839 1.593604e-05
0.07492934 1.367049e-05
0.06005278 1.552063e-05
0.04752718 1.64215e-05
0.05292386 1.639297e-05
0.05262898 1.680069e-05
0.05813608 1.705815e-05
0.0795091 1.648867e-05
0.1008739 1.630947e-05
0.1250984 1.640197e-05
0.09184851 1.581202e-05
0.09387485 1.529157e-05
0.1261263 1.511986e-05
0.1537054 1.54799e-05
0.1364251 1.662497e-05
0.1794531 1.767938e-05
0.1573828 1.786222e-05
0.1602715 1.754276e-05
0.1364217 1.796959e-05
0.1193019 1.917675e-05
0.123002 1.82255e-05
0.1190874 1.741212e-05
0.1254382 1.868591e-05
0.1214036 1.743827e-05
0.1270438 1.782613e-05
0.1578069 1.808221e-05
0.1682068 1.745565e-05
0.1527294 1.727542e-05
0.129184 1.728614e-05
0.107126 1.687141e-05
0.079091 1.648561e-05
0.060215 1.630352e-05
0.1043819 1.637659e-05
0.1041983 1.577357e-05
0.1397635 1.58264e-05
0.1470973 1.46766e-05
0.1927464 1.475729e-05
0.1825234 1.460472e-05
0.2070269 1.425162e-05
0.2335082 1.517398e-05
0.1948524 1.583514e-05
0.1664436 1.515613e-05
0.1897975 1.344165e-05
0.2133362 1.349862e-05
0.1877818 1.264926e-05
0.1826471 1.248683e-05
0.1345747 1.205191e-05
0.107103 1.178613e-05
0.1129495 1.173732e-05
0.1290189 1.178577e-05
0.1325273 1.161394e-05
0.09413601 1.08698e-05
0.08931173 1.058066e-05
0.1077715 1.084932e-05
0.06567068 1.100265e-05
0.05138901 1.029487e-05
0.05112126 1.07695e-05
0.06861509 1.010296e-05
0.06469089 1.057411e-05
0.07765143 1.041413e-05
0.08929626 9.891237e-06
0.09348069 9.692981e-06
0.08755552 9.24044e-06
0.08938565 9.938182e-06
0.09552143 8.999849e-06
0.09530683 8.960119e-06
0.08604758 8.417567e-06
0.1053717 8.903201e-06
0.1260262 8.652654e-06
0.1375545 8.872179e-06
0.1006142 8.888645e-06
0.08989661 8.935178e-06
0.15346 8.30181e-06
0.1172088 8.731768e-06
0.1291904 8.670434e-06
0.1495283 8.749243e-06
0.140358 8.951546e-06
0.1194942 8.982561e-06
0.113913 9.091138e-06
0.148142 8.356728e-06
0.1280779 8.027586e-06
0.1621243 8.208697e-06
0.1383469 7.636188e-06
0.1476881 7.152566e-06
0.1104408 7.928269e-06
0.09687141 7.671816e-06
0.09838133 7.556178e-06
0.1209301 7.376504e-06
0.08042908 7.303348e-06
0.08418396 7.383186e-06
0.08028608 7.457265e-06
0.06799631 7.578316e-06
0.04649099 8.172734e-06
0.05123474 8.553882e-06
0.02846276 9.263054e-06
0.03162631 1.027871e-05
0.02709599 1.106041e-05
0.03896873 1.124012e-05
0.02477084 1.232977e-05
0.02559041 1.248967e-05
0.05849352 1.280232e-05
0.05204228 1.295826e-05
0.05814196 1.401636e-05
0.05344824 1.367341e-05
0.040875 1.43254e-05
0.04819344 1.456443e-05
0.06813885 1.520691e-05
0.07892176 1.475738e-05
0.05275355 1.402113e-05
0.04039054 1.451082e-05
0.04286808 1.51887e-05
0.06796063 1.508451e-05
0.05347654 1.529984e-05
0.02156115 1.433336e-05
0.03579699 1.406046e-05
0.03655726 1.371863e-05
0.04291443 1.307485e-05
0.04642598 1.416755e-05
0.05893654 1.465033e-05
0.06254189 1.567132e-05
0.09809917 1.573945e-05
0.1077254 1.527616e-05
0.1258606 1.637875e-05
0.122758 1.534556e-05
0.1114076 1.465174e-05
0.0888899 1.398136e-05
0.1074364 1.386059e-05
0.1209852 1.337155e-05
0.1631868 1.35416e-05
0.1571994 1.329348e-05
0.1653799 1.341561e-05
0.2207834 1.32733e-05
0.2327894 1.246298e-05
0.1857494 1.299495e-05
0.1901071 1.303362e-05
0.2043732 1.252297e-05
0.2000618 1.282128e-05
0.2352541 1.273031e-05
0.2839179 1.250794e-05
0.2649236 1.404266e-05
0.2142024 1.369614e-05
0.225097 1.389108e-05
0.2376022 1.463544e-05
0.2666424 1.554197e-05
0.2374009 1.506602e-05
0.2560289 1.525975e-05
0.2874047 1.497834e-05
0.2676587 1.462952e-05
0.2917402 1.566097e-05
0.2697764 1.480221e-05
0.2857843 1.351773e-05
0.2705274 1.317878e-05
0.2425076 1.282628e-05
0.1895611 1.315912e-05
0.1381475 1.302475e-05
0.1082736 1.279832e-05
0.09835687 1.289674e-05
0.09571357 1.247994e-05
0.07017336 1.276075e-05
0.1285718 1.381977e-05
0.1498145 1.443326e-05
0.1874574 1.361906e-05
0.1424004 1.344679e-05
0.132494 1.386266e-05
0.1404143 1.460362e-05
0.1311556 1.347205e-05
0.1252282 1.335936e-05
0.1528144 1.23804e-05
0.1556086 1.381219e-05
0.1402091 1.306923e-05
0.1067457 1.301391e-05
0.09299285 1.421012e-05
0.1100895 1.374059e-05
0.1214676 1.240647e-05
0.09164409 1.264801e-05
0.05633709 1.221056e-05
0.06259357 1.183976e-05
0.09716824 1.194565e-05
0.1125846 1.09161e-05
0.09563266 1.068433e-05
0.09114114 1.039568e-05
0.07548693 1.048514e-05
0.06420549 1.020267e-05
0.0615245 1.000072e-05
0.05055594 1.028574e-05
0.06346056 1.056112e-05
0.1243749 1.1021e-05
0.1830328 1.073849e-05
0.1923569 1.029776e-05
0.1836584 1.069448e-05
0.1853679 1.031608e-05
0.1863241 1.027847e-05
0.1835894 9.691016e-06
0.157419 1.058303e-05
0.1158898 1.063742e-05
0.1180961 1.048768e-05
0.1020379 9.992653e-06
0.09439214 1.005638e-05
0.05531686 1.107108e-05
0.1073209 1.161129e-05
0.1512487 1.219241e-05
0.1500981 1.213554e-05
0.1739664 1.194169e-05
0.1550533 1.23961e-05
0.1811302 1.383662e-05
0.1644453 1.466362e-05
0.1635914 1.500272e-05
0.1664522 1.458993e-05
0.1403121 1.43494e-05
0.1923231 1.425322e-05
0.1754471 1.468124e-05
0.1444884 1.379301e-05
0.1696993 1.317161e-05
0.2015353 1.308261e-05
0.2333527 1.281505e-05
0.1802751 1.373757e-05
0.1500533 1.393823e-05
0.1696436 1.487436e-05
0.180567 1.602199e-05
0.1965124 1.591108e-05
0.2163149 1.661178e-05
0.1635636 1.740199e-05
0.1378973 1.670182e-05
0.1265451 1.751932e-05
0.1393702 1.652237e-05
0.1571891 1.573491e-05
0.1707864 1.593176e-05
0.1795656 1.553326e-05
0.1509841 1.598979e-05
0.144987 1.58801e-05
0.1466432 1.613696e-05
0.1994548 1.686538e-05
0.2122383 1.74709e-05
0.208865 1.747161e-05
0.2448683 1.764349e-05
0.2822582 1.886244e-05
0.2345501 1.923544e-05
0.2485306 2.130627e-05
0.2521497 2.129354e-05
0.2107925 2.248798e-05
0.22099 2.2988e-05
0.2123486 2.103047e-05
0.2312231 2.134076e-05
0.2318819 2.119358e-05
0.2159857 2.225987e-05
0.2854973 2.18995e-05
0.2425478 2.100461e-05
0.2770497 1.987955e-05
0.2551487 1.923232e-05
0.2938162 1.95976e-05
0.2759921 1.895904e-05
0.2933535 1.985731e-05
0.2493131 2.101549e-05
0.2456675 2.045457e-05
0.2333261 2.155348e-05
0.1748715 2.07428e-05
0.1989929 2.073848e-05
0.2244557 1.887157e-05
0.2042873 1.951158e-05
0.2044564 1.910983e-05
0.1732407 1.885887e-05
0.1589589 1.952801e-05
0.1601072 1.923787e-05
0.1292009 1.797644e-05
0.1430281 1.694274e-05
0.1275445 1.576738e-05
0.1044883 1.598486e-05
0.08748475 1.721336e-05
0.1025826 1.725076e-05
0.08619451 1.821544e-05
0.06167873 1.756845e-05
0.03417436 1.700917e-05
0.02277923 1.575992e-05
0.03613343 1.522112e-05
0.04640474 1.607116e-05
0.06843755 1.547063e-05
0.07244734 1.615912e-05
0.1005424 1.621495e-05
0.1003283 1.811825e-05
0.1001261 1.793645e-05
0.1306108 1.729725e-05
0.1462652 1.709831e-05
0.1397307 1.629077e-05
0.1769742 1.465078e-05
0.1343268 1.538931e-05
0.1328645 1.65846e-05
0.1282075 1.524997e-05
0.1309052 1.547229e-05
0.1025109 1.531699e-05
0.1301798 1.559037e-05
0.187568 1.641154e-05
0.1386588 1.668169e-05
0.1535948 1.564577e-05
0.1482641 1.522437e-05
0.1459446 1.510684e-05
0.1492048 1.620685e-05
0.1603471 1.686229e-05
0.1721832 1.62686e-05
0.1414998 1.6607e-05
0.1248776 1.485649e-05
0.1449348 1.644765e-05
0.1279349 1.689025e-05
0.1231961 1.696882e-05
0.1353752 1.637153e-05
0.1123467 1.668187e-05
0.1110215 1.661189e-05
0.1235232 1.604169e-05
0.1088369 1.613708e-05
0.1153525 1.568923e-05
0.09006214 1.584234e-05
0.06437313 1.578988e-05
0.09186387 1.520338e-05
0.09729 1.67451e-05
0.0764068 1.6685e-05
0.06716991 1.577538e-05
0.04907372 1.537276e-05
0.02610712 1.428309e-05
0.02153614 1.457424e-05
0.019578 1.467112e-05
0.01288989 1.439963e-05
0.01380409 1.380611e-05
0.03360419 1.329493e-05
0.004124047 1.441385e-05
0.02053416 1.593082e-05
0.02368071 1.637762e-05
0.02378552 1.581786e-05
0.02248252 1.551106e-05
0.02724102 1.52371e-05
0.01596087 1.576571e-05
0.01259223 1.584557e-05
0.01733882 1.479582e-05
0.00630922 1.562319e-05
0.01848186 1.588028e-05
0.03524357 1.846398e-05
0.02748654 2.017185e-05
0.0233566 1.969619e-05
0.02885005 1.875221e-05
0.02598832 1.808112e-05
0.01564252 1.823361e-05
0.02260301 1.714344e-05
0.01573511 1.734864e-05
0.02962332 1.687206e-05
0.03902594 1.84406e-05
0.04693187 1.847593e-05
0.04125581 1.766071e-05
0.03236757 1.647835e-05
0.03893335 1.606216e-05
0.04390192 1.557004e-05
0.05761525 1.479864e-05
0.09424114 1.567035e-05
0.08695588 1.500055e-05
0.07505122 1.420421e-05
0.07569575 1.434338e-05
0.06760805 1.318133e-05
0.1138786 1.299862e-05
0.1823432 1.338389e-05
0.1552133 1.339456e-05
0.217403 1.367621e-05
0.2336961 1.343785e-05
0.1632831 1.338891e-05
0.1582939 1.369703e-05
0.2258176 1.515359e-05
0.2193322 1.453076e-05
0.2452967 1.421353e-05
0.2190366 1.386955e-05
0.2143519 1.416659e-05
0.169455 1.440656e-05
0.1921046 1.432557e-05
0.1581249 1.460315e-05
0.122834 1.500534e-05
0.1427137 1.508756e-05
0.1136003 1.594671e-05
0.0858255 1.526614e-05
0.09703145 1.443588e-05
0.09136331 1.483374e-05
0.1148224 1.525484e-05
0.1053923 1.540419e-05
0.1348268 1.51281e-05
0.1668885 1.440866e-05
0.1325552 1.496735e-05
0.1688741 1.621655e-05
0.1409112 1.671119e-05
0.1340087 1.696332e-05
0.07871396 1.676513e-05
0.06373074 1.755374e-05
0.06235318 1.767343e-05
0.06589105 1.710697e-05
0.04213864 1.722353e-05
0.02867504 1.860517e-05
0.0454579 1.735079e-05
0.03977808 1.717859e-05
0.02730403 1.681534e-05
0.02741311 1.711104e-05
0.04112069 1.548465e-05
0.04887917 1.489762e-05
0.03417314 1.458202e-05
0.01340705 1.347059e-05
0.017396 1.379424e-05
0.02350831 1.297857e-05
0.0535308 1.374729e-05
0.07318926 1.34697e-05
0.07869738 1.208869e-05
0.1069268 1.242037e-05
0.07622658 1.242991e-05
0.07819607 1.325908e-05
0.05609571 1.275795e-05
0.06408571 1.252261e-05
0.06959137 1.247859e-05
0.1038405 1.260331e-05
0.1129849 1.261572e-05
0.1082724 1.259949e-05
0.06904072 1.237449e-05
0.07593011 1.249787e-05
0.0981321 1.216874e-05
0.1040851 1.278609e-05
0.08333564 1.204077e-05
0.0656089 1.226412e-05
0.09402943 1.280137e-05
0.09608686 1.299051e-05
0.07989877 1.297515e-05
0.0737614 1.280998e-05
0.06224705 1.328052e-05
0.1031686 1.294357e-05
0.06962802 1.330235e-05
0.04861448 1.317402e-05
0.05692981 1.473425e-05
0.07423531 1.375485e-05
0.08506698 1.407314e-05
0.0849342 1.411423e-05
0.08659468 1.257588e-05
0.108139 1.29238e-05
0.1040397 1.183057e-05
0.08343692 1.181132e-05
0.08624052 1.158682e-05
0.06458671 1.145586e-05
0.07286672 1.248625e-05
0.05553455 1.331577e-05
0.06353877 1.373997e-05
0.06189576 1.390384e-05
0.08568133 1.357564e-05
0.1034291 1.3118e-05
0.1497873 1.481814e-05
0.2262255 1.481303e-05
0.2655979 1.491327e-05
0.2862896 1.420744e-05
0.2791523 1.384255e-05
0.3139159 1.525542e-05
0.2715041 1.494449e-05
0.2458314 1.516499e-05
0.2083726 1.499597e-05
0.2085966 1.514864e-05
0.1967595 1.440131e-05
0.1994696 1.385858e-05
0.2070054 1.432733e-05
0.2475312 1.40071e-05
0.2859761 1.370868e-05
0.241299 1.251188e-05
0.2309004 1.23422e-05
0.235991 1.195972e-05
0.2042634 1.236615e-05
0.1987405 1.190648e-05
0.1962264 1.156542e-05
0.1766476 1.180654e-05
0.1688544 1.17309e-05
0.1519928 1.268101e-05
0.1568263 1.293781e-05
0.201736 1.314354e-05
0.1859446 1.277182e-05
0.1790835 1.204452e-05
0.219756 1.202389e-05
0.2311031 1.219072e-05
0.2557172 1.204687e-05
0.2666228 1.206394e-05
0.2213077 1.151887e-05
0.2146674 1.125289e-05
0.2552947 1.160506e-05
0.2446505 1.138531e-05
0.2434631 1.176154e-05
0.2446363 1.21264e-05
0.3121293 1.176343e-05
0.3132395 1.239528e-05
0.2676359 1.301221e-05
0.2245754 1.289552e-05
0.2078624 1.287576e-05
0.170063 1.323537e-05
0.1517746 1.350354e-05
0.1509655 1.312597e-05
0.1658115 1.271269e-05
0.1240357 1.175815e-05
0.1274926 1.251634e-05
0.1019975 1.146717e-05
0.1036748 1.189162e-05
0.1275879 1.141414e-05
0.14252 1.19904e-05
0.1241032 1.117927e-05
0.1022427 1.0903e-05
0.1630227 1.12231e-05
0.1998386 1.144845e-05
0.2331448 1.097383e-05
0.254259 1.092298e-05
0.258956 1.058096e-05
0.2548191 1.055543e-05
0.2010538 1.026302e-05
0.2260538 1.029383e-05
0.1610647 1.017341e-05
0.2475588 9.90261e-06
0.2585559 1.011186e-05
0.2596509 9.351389e-06
0.2631255 9.083559e-06
0.256491 8.843158e-06
0.1935259 8.671092e-06
0.1848936 8.284226e-06
0.1921845 7.604829e-06
0.1352086 7.546955e-06
0.1664023 7.239291e-06
0.2062302 7.305528e-06
0.180162 7.290731e-06
0.1626878 6.661357e-06
0.1811084 6.277098e-06
0.2307719 6.502087e-06
0.2482146 6.790794e-06
0.2580997 6.984602e-06
0.2267547 6.801582e-06
0.2518106 6.455146e-06
0.2602963 6.640524e-06
0.2435858 6.867715e-06
0.2488375 7.19078e-06
0.2027206 7.437388e-06
0.1975857 7.36326e-06
0.1982959 7.514221e-06
0.1621372 7.695829e-06
0.1436913 7.927415e-06
0.1498099 7.959205e-06
0.1641327 7.913968e-06
0.1677555 7.997715e-06
0.1487381 7.680804e-06
0.1776267 7.733558e-06
0.1960354 7.685275e-06
0.1421356 7.450607e-06
0.1111454 7.796408e-06
0.1276609 8.268114e-06
0.1164291 8.405595e-06
0.110196 7.999203e-06
0.09662703 8.776996e-06
0.08695125 8.811955e-06
0.09660866 1.002794e-05
0.08729913 1.039136e-05
0.09245925 1.026815e-05
0.06344724 1.144945e-05
0.06052116 1.086276e-05
0.08187167 1.071488e-05
0.08895697 1.174484e-05
0.06478922 1.035812e-05
0.08482292 1.055921e-05
0.05756518 1.049262e-05
0.07810729 1.001824e-05
0.06671956 1.073746e-05
0.05450738 1.070691e-05
0.02155595 1.083685e-05
0.04220826 1.143558e-05
0.02808609 1.235942e-05
0.03221111 1.330297e-05
0.04141957 1.311357e-05
0.05513873 1.222642e-05
0.0613046 1.326761e-05
0.06055359 1.100204e-05
0.05660465 1.031712e-05
0.07722764 1.020452e-05
0.08145999 1.008686e-05
0.04509418 1.013991e-05
0.07682054 1.094444e-05
0.05359717 1.066258e-05
0.06795107 1.170108e-05
0.07919921 1.181956e-05
0.1100474 1.256134e-05
0.122946 1.183015e-05
0.1309002 1.162226e-05
0.1254788 1.161042e-05
0.1356332 1.049755e-05
0.1245804 1.020956e-05
0.1027617 1.03313e-05
0.03166235 9.791173e-06
0.04166922 9.100266e-06
0.04908013 8.276455e-06
0.04206695 8.967491e-06
0.0399372 8.992655e-06
0.08819835 8.996266e-06
0.1232234 1.040608e-05
0.111967 9.579326e-06
0.1173583 9.503113e-06
0.1057532 9.551646e-06
0.09353886 9.208129e-06
0.09699515 9.406427e-06
0.0847314 8.976372e-06
0.05476225 8.990116e-06
0.0544813 8.915815e-06
0.0681274 9.550479e-06
0.08606345 9.404041e-06
0.09326149 9.193309e-06
0.1038306 9.513313e-06
0.1048839 9.954593e-06
0.1338189 9.845762e-06
0.1428225 9.770011e-06
0.1586453 1.121263e-05
0.1646823 1.165435e-05
0.132919 1.237294e-05
0.1270303 1.144737e-05
0.1601279 1.103329e-05
0.1128577 1.151999e-05
0.1052007 1.215476e-05
0.1022364 1.219701e-05
0.09652406 1.251344e-05
0.08768857 1.271955e-05
0.1184473 1.339855e-05
0.06261184 1.266873e-05
0.08377136 1.371263e-05
0.08275149 1.3673e-05
0.07338632 1.468164e-05
0.06559405 1.583066e-05
0.04821183 1.542646e-05
0.07775054 1.679274e-05
0.08202342 1.696429e-05
0.1173572 1.69174e-05
0.1021336 1.704264e-05
0.1168987 1.815248e-05
0.1111942 1.748617e-05
0.1427191 1.969193e-05
0.1592828 1.939548e-05
0.1733648 1.926858e-05
0.1960454 2.04528e-05
0.2156472 2.07056e-05
0.2480932 2.015221e-05
0.230859 2.065802e-05
0.2056913 1.977258e-05
0.204253 2.026253e-05
0.1608695 2.106027e-05
0.1406527 2.163934e-05
0.1185842 2.350106e-05
0.1125769 2.29647e-05
0.1268813 2.344745e-05
0.1311651 2.201934e-05
0.1180611 2.148152e-05
0.1597428 2.173935e-05
0.1931803 2.233333e-05
0.219403 2.117771e-05
0.2226542 2.098891e-05
0.179639 1.967582e-05
0.2362269 1.990386e-05
0.2478368 2.16661e-05
0.1732678 2.407939e-05
0.1561682 2.608197e-05
0.1364039 2.669475e-05
0.1337831 2.753698e-05
0.1270866 2.583292e-05
0.1851985 2.482251e-05
0.2092745 2.309601e-05
0.2223729 2.261904e-05
0.2419192 2.327407e-05
0.2561111 2.36273e-05
0.2549649 2.332884e-05
0.2455166 2.400051e-05
0.1648076 2.482899e-05
0.1560823 2.436727e-05
0.1968715 2.274662e-05
0.1422049 2.374609e-05
0.1435168 2.45067e-05
0.1337017 2.44625e-05
0.1411029 2.361258e-05
0.1494679 2.455982e-05
0.1318303 2.453344e-05
0.1537378 2.284111e-05
0.1812749 2.303919e-05
0.1073704 2.343438e-05
0.1074721 2.525552e-05
0.1325659 2.617051e-05
0.1696497 2.572182e-05
0.2075634 2.6181e-05
0.1871508 2.575456e-05
0.107471 2.719116e-05
0.1245001 2.704717e-05
0.09261951 3.078532e-05
0.04738505 2.933746e-05
0.07021348 3.2674e-05
0.07336166 3.137662e-05
0.08042803 2.882331e-05
0.0869711 2.932097e-05
0.06625904 2.884944e-05
0.07545655 2.910249e-05
0.08218209 2.771738e-05
0.08158084 2.97053e-05
0.08406378 2.783031e-05
0.05594419 2.715664e-05
0.04080468 2.666472e-05
0.04543776 2.510829e-05
0.04496806 2.531599e-05
0.04455587 2.370739e-05
0.02422004 2.3797e-05
0.08375966 2.485349e-05
0.1121617 2.316755e-05
0.1007273 2.365805e-05
0.07094782 2.369388e-05
0.07395429 2.306912e-05
0.1035261 2.184688e-05
0.1126404 2.099837e-05
0.1423579 2.007059e-05
0.1414429 1.813796e-05
0.1538119 1.862799e-05
0.159067 1.905546e-05
0.1349164 1.965918e-05
0.108687 2.010338e-05
0.1103966 2.044471e-05
0.09404015 2.011047e-05
0.06775675 2.042068e-05
0.06562866 2.006635e-05
0.06126078 1.807384e-05
0.03724113 1.790286e-05
0.05703779 1.819433e-05
0.04000624 1.884916e-05
0.0461257 1.823008e-05
0.05327794 1.773764e-05
0.05538059 1.70394e-05
0.05769471 1.807128e-05
0.05540644 2.028542e-05
0.07159651 1.965447e-05
0.07839988 1.846342e-05
0.1176505 1.983057e-05
0.1225591 2.059709e-05
0.1270162 2.064676e-05
0.1229549 2.163884e-05
0.1556031 2.201612e-05
0.1277459 2.215331e-05
0.174537 2.302962e-05
0.1754153 2.377239e-05
0.117621 2.345665e-05
0.0942588 2.275549e-05
0.1143469 2.620471e-05
0.1295715 2.628419e-05
0.1277767 2.86914e-05
0.102312 2.946932e-05
0.104384 3.117594e-05
0.1477935 3.161336e-05
0.143422 3.27749e-05
0.1908176 3.202277e-05
0.1856767 3.198934e-05
0.1962204 3.313262e-05
0.2072639 3.449264e-05
0.2045553 3.860772e-05
0.1942091 3.96798e-05
0.1858965 3.863226e-05
0.1584641 3.5237e-05
0.1399749 3.33087e-05
0.1259581 3.093178e-05
0.1104756 2.951213e-05
0.1180814 2.816633e-05
0.0957158 2.977461e-05
0.09700569 3.185665e-05
0.09043925 3.168981e-05
0.09221366 3.683446e-05
0.1021084 3.463777e-05
0.1136566 3.537474e-05
0.08564639 3.806244e-05
0.04984151 3.63347e-05
0.02559359 3.646329e-05
0.03657985 3.720361e-05
0.04940107 3.927505e-05
0.05094546 3.897229e-05
0.02881922 3.919598e-05
0.02330673 3.887855e-05
0.03484941 3.669554e-05
0.03064784 3.686506e-05
0.0313305 3.623974e-05
0.02779688 3.578101e-05
0.03484381 3.534639e-05
0.04525648 3.418769e-05
0.02967187 3.604464e-05
0.03016431 3.651162e-05
0.02215128 3.814238e-05
0.01851666 3.79259e-05
0.009222492 3.723963e-05
0.02168055 3.629981e-05
0.02894162 3.674865e-05
0.02240354 3.837935e-05
0.01859044 4.079759e-05
0.03057631 3.908059e-05
0.03173626 3.989286e-05
0.0493306 4.143448e-05
0.0168254 4.26877e-05
0.01187206 4.252149e-05
0.01165197 4.355615e-05
0.01782523 4.272009e-05
0.01196152 4.439895e-05
0.01158486 4.246703e-05
0.0138445 4.171301e-05
0.01922276 3.999129e-05
0.01919111 3.79503e-05
0.02251658 3.588533e-05
0.04699755 3.813621e-05
0.04022247 3.555557e-05
0.0309745 3.894386e-05
0.02416498 3.811622e-05
0.03914842 3.47552e-05
0.0315202 3.40752e-05
0.01882323 3.195717e-05
0.03065438 3.244457e-05
0.03785362 3.319653e-05
0.04386762 3.5403e-05
0.05500544 3.452012e-05
0.06768534 3.608317e-05
0.05613071 3.254594e-05
0.08148172 3.228994e-05
0.08867615 3.217437e-05
0.06552699 3.400247e-05
0.04503835 3.339861e-05
0.0264821 3.469231e-05
0.02537202 3.219133e-05
0.0353557 3.119679e-05
0.04670226 3.406088e-05
0.07417882 3.378159e-05
0.1074228 3.174954e-05
0.1407139 2.916044e-05
0.1697521 3.138957e-05
0.1636496 3.111189e-05
0.183798 3.191016e-05
0.1455183 3.074474e-05
0.1472434 3.205109e-05
0.1353762 3.128307e-05
0.1465269 3.128981e-05
0.113239 3.164031e-05
0.110423 2.983877e-05
0.06522373 3.146639e-05
0.08685537 3.101511e-05
0.07112641 3.079128e-05
0.08598328 3.078143e-05
0.1017671 3.136917e-05
0.09446182 3.266974e-05
0.07442733 3.085212e-05
0.08075613 2.987274e-05
0.06629417 3.197352e-05
0.05484706 3.188657e-05
0.07606719 3.284184e-05
0.07413337 3.588224e-05
0.04560624 3.856342e-05
0.03124191 4.006929e-05
0.05331968 4.059889e-05
0.05018582 4.31569e-05
0.06160041 4.377651e-05
0.04278441 4.339531e-05
0.05991332 4.255509e-05
0.05972848 4.304869e-05
0.0590364 4.219708e-05
0.06586026 4.227021e-05
0.06900559 4.469453e-05
0.06162453 4.232168e-05
0.04381444 3.987172e-05
0.07595407 3.937068e-05
0.03290088 3.889759e-05
0.03730407 3.653564e-05
0.06081921 3.781697e-05
0.05836389 3.5674e-05
0.06538273 3.309776e-05
0.05164691 3.439414e-05
0.05955587 3.298172e-05
0.06264096 3.046852e-05
0.04018179 3.212847e-05
0.01814639 3.242847e-05
0.01005681 3.260527e-05
0.01129908 3.222569e-05
0.03877364 3.060856e-05
0.02297318 3.195126e-05
0.01884159 3.347647e-05
0.05364354 3.219773e-05
0.04397529 3.177102e-05
0.04641618 2.925029e-05
0.06307209 3.071194e-05
0.06534881 2.72192e-05
0.08670703 2.788332e-05
0.08188175 2.81278e-05
0.09169998 2.799811e-05
0.09469274 3.059812e-05
0.09641596 3.148666e-05
0.1029927 3.130763e-05
0.1038757 2.994955e-05
0.1221831 2.831598e-05
0.1253775 2.978323e-05
0.1079363 2.851761e-05
0.1069913 3.056902e-05
0.1137385 2.752551e-05
0.09621849 2.806381e-05
0.1066333 2.665073e-05
0.1575199 2.615723e-05
0.1583995 2.51249e-05
0.1682053 2.741461e-05
0.2089365 2.920496e-05
0.1985147 2.988682e-05
0.2029404 2.846213e-05
0.2363498 2.925006e-05
0.2262286 2.752874e-05
0.197095 2.849896e-05
0.1561579 2.853944e-05
0.1145964 2.807459e-05
0.08028883 2.986827e-05
0.1098933 2.955181e-05
0.08091618 3.033457e-05
0.07381875 3.161397e-05
0.03267153 3.341642e-05
0.05127004 3.454215e-05
0.08881505 3.384936e-05
0.07729788 3.129433e-05
0.0746064 3.198889e-05
0.05362068 3.382081e-05
0.03984734 3.164012e-05
0.03119705 2.966094e-05
0.05426421 3.209178e-05
0.1030494 3.340004e-05
0.1017265 3.303456e-05
0.08471807 3.0485e-05
0.08492578 3.250037e-05
0.1356382 3.411463e-05
0.1113962 3.058701e-05
0.1261905 2.892479e-05
0.1360848 3.029522e-05
0.1470016 3.195482e-05
0.1725535 3.328703e-05
0.1543048 3.15409e-05
0.1291229 3.013632e-05
0.1322949 2.955849e-05
0.1235309 2.952667e-05
0.1311788 3.036332e-05
0.1664888 2.936531e-05
0.1771247 2.779891e-05
0.1687072 2.919994e-05
0.1308303 3.198751e-05
0.1602917 2.83352e-05
0.1253287 2.799026e-05
0.1131269 2.830196e-05
0.1314588 2.784925e-05
0.1387581 2.764078e-05
0.137607 2.896596e-05
0.0993271 2.962535e-05
0.1029059 2.876849e-05
0.1315261 3.015652e-05
0.09212539 3.265958e-05
0.09839048 3.225527e-05
0.1049468 3.079658e-05
0.1122265 3.1067e-05
0.1205386 3.203272e-05
0.09570294 3.051004e-05
0.08174156 2.776446e-05
0.1034083 3.052704e-05
0.1217107 3.149806e-05
0.1004796 3.203465e-05
0.1290991 3.287842e-05
0.1344615 3.336986e-05
0.09955368 3.0862e-05
0.1099387 2.958901e-05
0.1210181 2.961253e-05
0.1083861 2.994704e-05
0.09754213 3.01196e-05
0.08785045 3.237088e-05
0.111246 3.091226e-05
0.1226617 3.114292e-05
0.1309474 3.277486e-05
0.1004042 3.326662e-05
0.1401284 3.040185e-05
0.09482903 2.929092e-05
0.075033 2.922788e-05
0.06475683 2.877887e-05
0.03616836 2.742807e-05
0.03862981 2.980991e-05
0.03626399 2.725807e-05
0.04958579 2.655215e-05
0.05236036 2.686247e-05
0.06232567 2.698603e-05
0.06529588 2.594854e-05
0.04396393 2.604244e-05
0.05335506 2.622986e-05
0.05477119 2.720198e-05
0.06874142 2.72362e-05
0.07630054 2.888924e-05
0.08430201 2.71146e-05
0.1128491 2.715343e-05
0.1057796 2.773905e-05
0.09224625 2.559166e-05
0.1007658 2.633022e-05
0.1334155 2.662143e-05
0.09667151 2.624511e-05
0.1075159 2.87233e-05
0.1010577 2.892605e-05
0.1004383 3.163535e-05
0.07154398 2.999806e-05
0.04050197 3.137872e-05
0.04825522 3.358373e-05
0.04145316 3.409073e-05
0.05948583 3.385309e-05
0.04940951 3.466971e-05
0.05525098 3.539561e-05
0.0383859 3.363117e-05
0.03929061 3.666295e-05
0.02304627 3.723629e-05
0.03440032 3.511914e-05
0.03361375 3.653139e-05
0.03664082 3.590069e-05
0.04937635 3.632939e-05
0.05637712 3.64451e-05
0.05745169 3.859229e-05
0.05894555 3.897444e-05
0.08137447 3.865411e-05
0.08651385 3.851223e-05
0.08776714 3.796693e-05
0.1145047 3.797893e-05
0.1491756 3.815045e-05
0.1471535 3.558772e-05
0.1343715 3.631277e-05
0.1200612 3.842772e-05
0.1165002 3.662238e-05
0.1194883 3.778622e-05
0.1144568 3.800836e-05
0.1289539 3.807365e-05
0.1312951 3.5951e-05
0.1004685 3.495467e-05
0.1232823 3.468131e-05
0.1255908 3.645768e-05
0.1036406 3.582782e-05
0.08598069 3.706076e-05
0.1097289 3.529162e-05
0.08309103 3.61699e-05
0.1041906 3.54552e-05
0.09689728 3.774036e-05
0.05862416 3.775418e-05
0.078323 3.798101e-05
0.04599856 3.685981e-05
0.02672195 3.906643e-05
0.02945748 3.923537e-05
0.05150555 3.941199e-05
0.04360548 4.311385e-05
0.04758098 4.016889e-05
0.05475211 4.479675e-05
0.05665349 4.321373e-05
0.03194359 4.328723e-05
0.03362479 4.277625e-05
0.03206036 4.375976e-05
0.01879818 4.439513e-05
0.005524952 4.170978e-05
0.004028783 4.426638e-05
0.006953432 4.281389e-05
0.001897976 3.953234e-05
0.00977827 4.125883e-05
0.004984497 4.247447e-05
0.01097013 4.083731e-05
0.007019092 3.904715e-05
0.0243691 4.01155e-05
0.01032421 4.017804e-05
0.0160751 4.090364e-05
0.01523515 3.988132e-05
0.02160418 4.305631e-05
0.01776407 4.166933e-05
0.01788537 4.350964e-05
0.0309195 4.545276e-05
0.03008469 4.654038e-05
0.03302448 4.725534e-05
0.0386117 4.927081e-05
0.0422997 4.82422e-05
0.06834469 4.513491e-05
0.07461648 4.577231e-05
0.04993881 4.609324e-05
0.06560064 4.351195e-05
0.04463779 4.6121e-05
0.03228915 4.633101e-05
0.05088942 5.175051e-05
0.05795759 5.677261e-05
0.03918944 5.682035e-05
0.03818477 5.612752e-05
0.02854168 5.46979e-05
0.02907125 5.727792e-05
0.0383085 5.581333e-05
0.03768957 5.343084e-05
0.03163324 5.225928e-05
0.03720564 5.37453e-05
0.009880192 5.24416e-05
0.0140517 5.183156e-05
0.03754978 5.367013e-05
0.02146081 5.474877e-05
0.04229051 5.203909e-05
0.0615566 5.795365e-05
0.06771244 6.380782e-05
0.0387369 6.29223e-05
0.02416783 5.894126e-05
0.01676608 6.351371e-05
0.01762316 6.866601e-05
0.01839572 6.782311e-05
0.03828975 6.806151e-05
0.05464904 6.836035e-05
0.04914126 7.333793e-05
0.03609948 7.05085e-05
0.0520727 7.113721e-05
0.1071002 7.288486e-05
0.09780665 7.552528e-05
0.07591215 7.34258e-05
0.08977401 7.592206e-05
0.09682765 7.748989e-05
0.0927616 8.025615e-05
0.07361093 8.214395e-05
0.04785437 8.522821e-05
0.06372407 8.547384e-05
0.05342733 8.640354e-05
0.03910679 8.788276e-05
0.0375247 9.153926e-05
0.03806338 9.350956e-05
0.02312868 9.281095e-05
0.00724293 9.294399e-05
0.002477774 9.419408e-05
0.004594648 9.385358e-05
0.01104356 0.0001025854
0.02046236 0.0001120504
0.02883155 0.0001107888
0.0299301 0.0001094335
0.02963062 0.0001116236
0.02651152 0.0001057389
0.03211753 0.000105253
0.03611877 0.0001130367
0.03312337 0.0001139216
0.02248591 0.0001120317
0.04548551 0.0001126116
0.05422462 0.0001092221
0.05061881 0.0001126697
0.03973722 0.0001069158
0.05325218 0.0001090864
0.07095164 0.0001079638
0.09240674 9.767159e-05
0.08121726 9.660482e-05
0.08358827 8.661454e-05
0.06905592 8.655142e-05
0.07004315 7.9804e-05
0.1110824 7.603964e-05
0.1006193 7.824318e-05
0.08265031 7.556703e-05
0.07413867 7.827927e-05
0.07181134 7.924184e-05
0.04488801 7.57686e-05
0.01600495 7.613209e-05
0.02192391 8.263393e-05
0.01741743 8.071991e-05
0.02062371 7.703452e-05
0.03898088 7.702649e-05
0.03134061 7.454175e-05
0.03027079 7.767811e-05
0.03819297 7.728797e-05
0.03411916 8.352734e-05
0.03751238 8.212652e-05
0.02197586 7.732022e-05
0.0156708 8.209666e-05
0.0163891 8.0668e-05
0.02471979 7.787113e-05
0.00888086 7.419419e-05
0.01693672 7.260179e-05
0.02167271 7.529272e-05
0.04507043 7.382745e-05
0.05224122 7.963674e-05
0.04572063 8.392152e-05
0.04973445 8.95697e-05
0.07619703 9.334909e-05
0.07639371 9.009518e-05
0.06952515 8.971361e-05
0.08655192 9.113118e-05
0.08337164 9.681948e-05
0.06462799 9.533503e-05
0.05411525 9.343948e-05
0.03357446 9.11276e-05
0.04136785 9.197643e-05
0.04832834 9.172537e-05
0.08919617 9.18491e-05
0.06338769 8.605222e-05
0.0915384 8.364203e-05
0.1086298 8.606227e-05
0.1112726 8.069093e-05
0.08912832 7.858736e-05
0.09542831 8.228035e-05
0.09081027 8.57612e-05
0.05907289 8.707821e-05
0.06064057 8.694662e-05
0.08406964 9.87874e-05
0.1208781 9.471123e-05
0.1271206 9.143736e-05
0.1190881 9.324487e-05
0.101015 8.732411e-05
0.09545947 8.734376e-05
0.09342719 8.325453e-05
0.134866 8.486652e-05
0.1116335 8.530107e-05
0.1125857 9.185396e-05
0.1187224 8.856709e-05
0.1036811 8.969849e-05
0.1006962 9.169495e-05
0.1192493 8.956794e-05
0.1272783 9.438987e-05
0.1405416 9.515927e-05
0.1534897 0.0001016438
0.1247198 0.0001053504
0.1204946 0.0001052634
0.07010402 9.645809e-05
0.06635512 9.472194e-05
0.05653062 9.955324e-05
0.07002201 0.0001010798
0.04247829 0.0001019127
0.05983367 0.0001097182
0.06034618 0.0001093984
0.04128465 0.0001074854
0.05454101 0.000108809
0.05928527 0.0001093828
0.05220705 0.0001086469
0.02595913 0.0001085503
0.04923083 0.0001038301
0.02363687 0.0001049295
0.01494379 0.0001058815
0.01719324 0.0001117255
0.01318854 0.0001097075
0.01815644 0.00011618
0.01546417 0.000122729
0.03358953 0.0001283239
0.03716409 0.0001302216
0.04772264 0.0001219171
0.04324019 0.0001198799
0.03685605 0.0001274534
0.03740006 0.0001346418
0.04728081 0.0001412661
0.05110882 0.0001552199
0.03187288 0.0001627183
0.01776741 0.0001717425
0.02381969 0.0001768689
0.02682535 0.0001757489
0.01605971 0.00018159
0.02670101 0.0001739881
0.02051064 0.0001784744
0.01980066 0.0001864545
0.009092481 0.0001920537
0.01297977 0.0002098974
0.005643651 0.0001984451
0.01156549 0.0001994248
0.01797977 0.0001827123
0.01946131 0.0001846176
0.01281907 0.0001866053
0.01369812 0.0001882034
0.008883635 0.0001821526
0.007601155 0.0001803628
0.007966158 0.0001751324
0.01646167 0.000169336
0.04388857 0.0001627164
0.05126583 0.0001718589
0.04028287 0.0001752696
0.03048998 0.0001797491
0.02083552 0.0001792617
0.01198912 0.0001851801
0.01193686 0.0001859094
0.006058442 0.0001738617
0.00988753 0.0001790051
0.01380273 0.00017342
0.01182536 0.0001728396
0.005715303 0.0001749112
0.01819366 0.0001859778
0.01986005 0.0001908119
0.01928374 0.0001923991
0.009179051 0.0001804967
0.01069426 0.0001865004
0.006716705 0.0001954914
0.02643799 0.0001863444
0.02404745 0.0001822996
0.02988371 0.0001802156
0.02459112 0.0001772624
0.01832347 0.0001893601
0.01257978 0.0001931201
0.02517892 0.0001978904
0.04467367 0.0002091668
0.03690323 0.0002084621
0.04368615 0.0002135005
0.02538018 0.0002185157
0.01089373 0.0002258216
0.008079838 0.0002324788
0.03557771 0.0002187783
0.01897094 0.0002278284
0.0121994 0.0002336287
0.005215106 0.0002469951
0.01592469 0.0002689466
0.01486677 0.0002541101
0.01357723 0.0002573673
0.01230588 0.0002674846
0.01445701 0.0002632338
0.03034908 0.0002660557
0.0185073 0.0002521034
0.01293887 0.0002529432
0.008263913 0.0002614195
0.02148572 0.0002487842
0.02055846 0.0002442877
0.01133146 0.0002461053
0.009223577 0.0002331379
0.0254129 0.0002339756
0.0235343 0.0002427963
0.01804883 0.0002274036
0.0124207 0.0002301238
0.01373089 0.0002364276
0.02011137 0.0002330602
0.02373125 0.0002303861
0.0206373 0.0002353762
0.02178959 0.0002304758
0.02502089 0.0002309742
0.03266925 0.0002407936
0.01677948 0.0002464452
0.01178092 0.0002365057
0.01020406 0.0002435102
0.006375289 0.0002525895
0.006025223 0.0002425794
0.006988909 0.0002469487
0.01531503 0.000248367
0.01175714 0.0002518249
0.01064543 0.0002324565
0.01945921 0.0002283437
0.01493033 0.0002472896
0.01424092 0.0002373637
0.01845601 0.0002457927
0.01320115 0.0002582528
0.005309654 0.0002594201
0.0182946 0.0002539514
0.014897 0.0002749777
0.01512501 0.0002828172
0.01352053 0.0002955246
0.008446668 0.0002804758
0.01582088 0.0002885002
0.02616286 0.0002792499
0.02351997 0.0002645883
0.02069471 0.0002539771
0.02462587 0.0002265223
0.02077833 0.0002177116
0.0118037 0.0002136917
0.01526552 0.0002021738
0.01272774 0.0001987084
0.01622826 0.0002096905
0.03671466 0.0002010444
0.02813864 0.0002096394
0.02303929 0.0002035009
0.02853365 0.0001976318
0.03597434 0.0001975889
0.01988563 0.0002065684
0.01797881 0.0002011763
0.009151861 0.0001916793
0.00799145 0.0001890654
0.01559572 0.0001938183
0.01281118 0.0001885417
0.0347664 0.0001884972
0.05085213 0.0001849651
0.02897159 0.0001973376
0.03058824 0.0001924554
0.0239235 0.0001939372
0.02018361 0.0002021957
0.03732347 0.0002085042
0.0466771 0.0002161009
0.02341782 0.0002101644
0.02744867 0.0002187221
0.04017706 0.0002112651
0.05140421 0.0002167124
0.02634169 0.0002328065
0.02947553 0.0002246108
0.01758278 0.0002183537
0.01339843 0.000214178
0.02676021 0.000221082
0.04157972 0.0002189197
0.0334936 0.0002261856
0.0328895 0.0002207436
0.0300114 0.0002051677
0.01600562 0.0002061531
0.006964839 0.0002067081
0.02226461 0.0001942593
0.01945402 0.0001824914
0.01877405 0.0001957966
0.02248483 0.0001940286
0.01834304 0.0002111594
0.008921046 0.0002089066
0.01052999 0.0002105063
0.01700281 0.0002149785
0.03247752 0.0002243286
0.02916818 0.0002230029
0.04000856 0.0002139447
0.03327377 0.0002186526
0.01761601 0.0002283611
0.01496746 0.0002366682
0.01790676 0.0002356849
0.01261222 0.0002186316
0.008258081 0.0002111293
0.02114541 0.0002127967
0.02925495 0.0002186576
0.02799265 0.0002233204
0.02531593 0.0002267828
0.04102696 0.0002164609
0.03249488 0.0002074663
0.04033123 0.0001991424
0.01957125 0.0002153173
0.009334435 0.0002206938
0.00537149 0.0002094695
0.0222287 0.000214751
0.01101859 0.0002221105
0.02173332 0.0002174665
0.01058269 0.000225584
0.01649759 0.0002154142
0.03818303 0.0002046926
0.02396561 0.0001949519
0.0129919 0.0001959731
0.007958023 0.0002062749
0.01421812 0.0002067943
0.00994606 0.0002086254
0.008406237 0.0002198002
0.01336191 0.0002227206
0.01978943 0.0002283154
0.01918718 0.0002188427
0.02100786 0.0002090532
0.03982136 0.0002025475
0.0287579 0.0002040649
0.01064735 0.0002102197
0.03147103 0.0002077361
0.03434402 0.0002132027
0.02444349 0.0002044488
0.03236985 0.0001912735
0.03339501 0.0002119422
0.02566358 0.00021595
0.03876039 0.0002256469
0.03617689 0.0002376678
0.03359925 0.0002303757
0.0289212 0.0002368696
0.02271243 0.0002452026
0.01879167 0.0002627957
0.02108786 0.0002474466
0.01612575 0.0002473883
0.009699974 0.0002330529
0.01253688 0.0002216895
0.02495178 0.0002216166
0.0096782 0.0002209447
0.01755303 0.0002019212
0.01915131 0.0002146595
0.007513551 0.0002107161
0.01749295 0.0002224003
0.00800405 0.0002111003
0.003124865 0.0002096451
0.00296726 0.0002325055
0.00891306 0.0002410071
0.01140769 0.0002366137
0.02223507 0.0002587049
0.01623743 0.0002677426
0.0151624 0.0002776091
0.03047164 0.0002929015
0.01846675 0.0002702817
0.01839621 0.0002829281
0.01527697 0.0002628073
0.002899886 0.0002583704
0.001526258 0.0002556773
0.005098056 0.0002523857
0.003363643 0.0002603258
0.003082729 0.0002591333
0.01028983 0.0002467502
0.005536818 0.0002638039
0.003110286 0.0002598811
0.01019167 0.0002625272
0.001857248 0.000273124
0.00559344 0.0002724529
0.002386995 0.000252653
0.01033143 0.000266273
0.01052578 0.0002482052
0.009972793 0.0002444793
0.0208537 0.0002483895
0.01167621 0.0002582836
0.03136167 0.0002588316
0.01892483 0.0002433391
0.007115845 0.0002450724
0.01509706 0.0002395842
0.01445559 0.0002342592
0.01369941 0.0002364807
0.01400367 0.0002252205
0.01015223 0.0002378439
0.005448322 0.0002465183
0.02176258 0.0002544042
0.01676187 0.0002547086
0.00948337 0.0002689766
0.004858743 0.000262186
0.01611457 0.0002661612
0.004330716 0.0002604359
0.01122815 0.0002800938
0.009564125 0.0002797379
0.006010735 0.0002859481
0.00635755 0.0002886966
0.02709054 0.0002709747
0.02387498 0.0002585905
0.01525573 0.0002488328
0.009439717 0.0002551898
0.01799114 0.0002338282
0.01775272 0.0002194315
0.03236487 0.0002106409
0.03446152 0.0002146346
0.04785665 0.0002170404
0.06883046 0.0002162034
0.05052669 0.0002243882
0.04519731 0.0002216105
0.06101356 0.0002299433
0.0356934 0.0002173408
0.04888298 0.0002336347
0.02912842 0.000233126
0.01509715 0.0002338927
0.02166347 0.0002379171
0.01013278 0.00023756
0.005919834 0.000239122
0.004525165 0.0002162975
0.00885715 0.0002093816
0.01218546 0.0002180044
0.01321144 0.0002307315
0.01739955 0.000226812
0.02176761 0.0002163157
0.01435151 0.0002051488
0.01635563 0.000207299
0.03342828 0.000220275
0.04240473 0.0002364332
0.01708068 0.0002389873
0.03654626 0.0002199688
0.04487177 0.0002120577
0.02210066 0.0002063367
0.02100423 0.0002238752
0.03862302 0.0002146814
0.02027446 0.0002157907
0.01780546 0.0002014914
0.01669989 0.0002109736
0.02609641 0.0002263497
0.007097461 0.0002190627
0.0111903 0.0002172469
0.00351356 0.0002436937
0.01006422 0.0002392659
0.01632709 0.000236528
0.006023659 0.0002455877
0.006767227 0.0002529122
0.02073826 0.0002781522
0.01044328 0.0002666565
0.01396575 0.0002923797
0.01021402 0.0002864758
0.02068725 0.0002794113
0.02813493 0.0002920951
0.002896925 0.0002961115
0.009700008 0.000291021
0.006699804 0.000301487
0.007997712 0.000300099
0.0092493 0.0003131967
0.01648988 0.0003143906
0.01042028 0.0003196025
0.009026634 0.0003039519
0.01328921 0.0002983844
0.01791422 0.0003100798
0.0231121 0.0003107764
0.02581338 0.0003134626
0.02533481 0.0002932914
0.03492097 0.0003059619
0.02368181 0.0003186588
0.02628584 0.0003024531
0.01863294 0.0003041239
0.01501296 0.0003025704
0.01160195 0.0002969871
0.0318957 0.0003040663
0.0127839 0.0002953347
0.01131174 0.0002964074
0.01346851 0.0002877981
0.02909147 0.0002804359
0.0235996 0.0002808619
0.01335176 0.0002593211
0.01383109 0.0002743429
0.01331333 0.0002589695
0.01100357 0.000260439
0.009651628 0.0002719207
0.02241077 0.0002380496
0.03067514 0.0002309115
0.01819467 0.0002302515
0.009070109 0.000219719
0.01465869 0.0002169776
0.008999574 0.0002068572
0.01983731 0.0002094367
0.01994185 0.0002003714
0.01255339 0.0001837714
0.03027639 0.0001792959
0.02233443 0.0001760826
0.01946601 0.0001651248
0.007247238 0.0001580521
0.01390853 0.0001533713
0.01128669 0.0001601639
0.009772903 0.0001613088
0.01273171 0.0001641472
0.006732934 0.0001628791
0.007331074 0.0001585848
0.01470345 0.0001513494
0.001130408 0.000152044
0.01064506 0.0001598079
0.01528905 0.0001731285
0.01639282 0.0001782802
0.02777064 0.0001690157
0.009509922 0.0001618762
0.02813575 0.0001614282
0.03891307 0.0001569248
0.03222847 0.0001491466
0.03111988 0.0001462286
0.03799929 0.0001368117
0.03979207 0.0001434951
0.03472159 0.0001387189
0.01892857 0.0001359869
0.05680476 0.0001309407
0.04475851 0.0001279734
0.06660176 0.0001265622
0.05680786 0.0001267746
0.07947534 0.0001390419
0.05121691 0.0001342664
0.04875871 0.0001326261
0.03979696 0.0001292004
0.05142799 0.000123813
0.04474225 0.0001341356
0.02119408 0.0001347807
0.02234228 0.0001318392
0.01826612 0.0001336885
0.02203302 0.0001291491
0.02386904 0.0001318006
0.008209271 0.0001342549
0.02228649 0.0001277153
0.02978472 0.0001233199
0.02950864 0.0001215669
0.03871006 0.0001220138
0.03776104 0.0001249913
0.037646 0.0001276216
0.0516426 0.0001219551
0.05791055 0.0001079547
0.0443112 0.0001005624
0.0326039 0.0001048624
0.01651949 0.000106975
0.01390875 0.0001070335
0.01393312 0.0001046888
0.03421661 0.0001083816
0.02873307 0.0001080392
0.03767733 0.0001055984
0.0222309 9.702085e-05
0.03180663 0.0001033859
0.04971752 0.0001030065
0.03661063 0.0001064367
0.0193218 0.000108327
0.009723457 0.0001081572
0.02681529 0.0001164745
0.03378218 0.0001090109
0.04223252 0.0001082599
0.02423104 0.0001012312
0.01376834 0.0001120952
0.01352867 0.0001090181
0.01246341 0.0001096236
0.009478 0.0001127068
0.006332226 0.0001077643
0.01861971 0.0001051054
0.03642379 9.869007e-05
0.035034 0.0001126118
0.04153049 0.0001042938
0.04658997 9.821837e-05
0.05085172 0.0001033768
0.03710313 0.0001059467
0.05673007 0.0001070205
0.07107451 0.0001004277
0.06621592 0.0001014437
0.06985124 9.685678e-05
0.0554686 9.694303e-05
0.06737346 9.759515e-05
0.06002102 9.378654e-05
0.04856452 9.409858e-05
0.03606601 9.484702e-05
0.03398469 9.214094e-05
0.02553088 8.265723e-05
0.01726742 8.984192e-05
0.005330591 8.502006e-05
0.006244791 8.608954e-05
0.008089675 7.820994e-05
0.02588989 7.936307e-05
0.02849973 7.888635e-05
0.03767668 8.721196e-05
0.05423884 8.950329e-05
0.04491994 9.251855e-05
0.03827583 9.417218e-05
0.04283554 9.230785e-05
0.05695761 8.85075e-05
0.04682962 8.620787e-05
0.06450178 9.235897e-05
0.09633467 9.232932e-05
0.08909386 8.375407e-05
0.05953392 8.839896e-05
0.06162581 9.087112e-05
0.05563974 9.172887e-05
0.03763782 8.184875e-05
0.04167377 8.128869e-05
0.03516217 8.252146e-05
0.05986518 8.541471e-05
0.07938891 8.505793e-05
0.0769472 8.615206e-05
0.07421347 8.569649e-05
0.05590081 9.139585e-05
0.02893978 9.156246e-05
0.06911649 9.156752e-05
0.07628094 9.289107e-05
0.08465447 8.819347e-05
0.1114885 8.362715e-05
0.1132318 8.7745e-05
0.0838872 8.920859e-05
0.1039342 8.424379e-05
0.1041998 8.173974e-05
0.07031683 8.687867e-05
0.08425314 8.648707e-05
0.06819314 8.622586e-05
0.06892309 8.72841e-05
0.04982228 8.861072e-05
0.06079455 9.102233e-05
0.06188598 8.95675e-05
0.05270265 8.862882e-05
0.04412867 8.947577e-05
0.02423204 9.274606e-05
0.03476786 9.52016e-05
0.03485301 9.301426e-05
0.03020718 9.413223e-05
0.05880196 9.094528e-05
0.05157255 8.983874e-05
0.02698223 9.975224e-05
0.03327908 0.0001012984
0.04201948 0.0001030818
0.02834122 0.0001054542
0.02697029 0.0001110426
0.03065941 0.000104653
0.03920376 0.0001068076
0.05068461 0.0001112302
0.06601649 0.0001112555
0.0394111 0.0001090613
0.02591294 0.0001027318
0.01929699 0.000106633
0.01520747 0.0001046226
0.005423247 0.0001078471
0.007067875 0.000107206
0.001594382 0.0001119479
0.005224643 0.0001206504
0.01017053 0.0001158414
0.02512307 0.0001221686
0.01308914 0.0001250208
0.0161455 0.0001192662
0.01712631 0.000122878
0.01108232 0.0001215291
0.01807879 0.0001285026
0.02640877 0.0001227239
0.03782066 0.0001314883
0.03653503 0.0001318876
0.02801714 0.000133015
0.01569238 0.0001340828
0.01816737 0.0001336817
0.01313075 0.0001314886
0.01109219 0.0001305002
0.02541553 0.0001254833
0.03783505 0.0001207252
0.03133967 0.0001189092
0.01843285 0.0001138848
0.02227278 0.0001167931
0.01758833 0.0001170298
0.01974222 0.0001205042
0.01957409 0.0001110204
0.01791642 0.0001061778
0.008841487 0.0001087191
0.007042878 0.0001063908
0.01443161 0.0001093493
0.01231111 0.0001174596
0.02460564 0.0001131227
0.02098579 0.0001109309
0.02670617 0.0001119623
0.0126589 0.0001088428
0.008855202 0.000111356
0.004565259 0.0001057977
0.006416666 0.0001044745
0.0207273 9.95569e-05
0.03313499 0.0001020701
0.0580434 9.754011e-05
0.05119766 9.452325e-05
0.0618216 9.163912e-05
0.0235981 9.564157e-05
0.03348532 0.0001002719
0.03477441 0.0001030586
0.02317061 0.0001004997
0.02699701 9.633216e-05
0.05017722 9.553551e-05
0.0373082 0.000102895
0.0313874 0.000103004
0.05218216 0.0001032636
0.03602741 0.0001083968
0.04544788 0.0001112233
0.03652759 0.0001063959
0.03928333 0.0001045168
0.06206558 0.0001159153
0.0782791 0.0001221253
0.08643524 0.0001227447
0.06642912 0.0001253937
0.07954094 0.0001227447
0.09449132 0.0001301314
0.07966425 0.0001285022
0.08942639 0.0001330785
0.08235415 0.0001278566
0.0630522 0.0001117481
0.03853493 0.0001039724
0.03940927 0.0001062563
0.0397348 0.0001046376
0.02901018 9.95992e-05
0.02923508 9.27001e-05
0.03976912 9.387303e-05
0.04290838 9.632091e-05
0.05949198 9.296928e-05
0.05245241 9.479455e-05
0.05418396 9.579529e-05
0.0296635 0.0001043614
0.02805852 0.0001128749
0.01691046 0.0001128202
0.01074591 0.000121231
0.0200259 0.0001214843
0.02721258 0.0001192005
0.03185678 0.0001160949
0.03957642 0.0001149972
0.04085067 0.0001235852
0.04270893 0.000125175
0.04137522 0.0001367065
0.04167251 0.0001308173
0.04180357 0.000124684
0.03545554 0.0001276735
0.04019792 0.0001269461
0.03581727 0.0001279198
0.02957968 0.0001327893
0.02588811 0.0001367684
0.03985209 0.000129683
0.03598778 0.0001268082
0.03045348 0.0001291752
0.0295291 0.0001249638
0.02393236 0.0001343801
0.01608728 0.0001341554
0.01039071 0.0001438825
0.01782399 0.0001292096
0.02951435 0.0001345667
0.03927837 0.000144251
0.04192448 0.0001477824
0.03062727 0.0001463232
0.03760697 0.0001543462
0.03822064 0.0001554194
0.03256383 0.0001523539
0.04141208 0.0001418641
0.02730497 0.0001365265
0.02061917 0.0001315028
0.004958913 0.000129255
0.004808358 0.000122741
0.01232595 0.0001186899
0.01039086 0.0001160222
0.02005563 0.0001248113
0.01825761 0.0001279227
0.03420722 0.0001318366
0.01158092 0.0001381961
0.01735634 0.0001422549
0.0276916 0.0001440747
0.01137083 0.0001402273
0.01452797 0.0001412001
0.02502534 0.0001446734
0.01287561 0.0001376585
0.01649824 0.0001426398
0.005630248 0.0001399531
0.004617624 0.0001496761
0.002643182 0.0001550226
0.001502883 0.0001492746
0.004130317 0.000142773
0.01433809 0.0001457458
0.0195195 0.0001376591
0.03118116 0.0001413414
0.05183547 0.0001375813
0.04384101 0.000140857
0.05970631 0.0001407145
0.07647512 0.0001615088
0.08310588 0.0001600864
0.08760267 0.0001591138
0.07171664 0.0001594448
0.04507221 0.0001564353
0.02216964 0.0001635367
0.0216372 0.0001585827
0.03668698 0.0001579453
0.0198939 0.0001498847
0.03218553 0.0001547668
0.03134898 0.0001563623
0.02704958 0.0001561533
0.0282135 0.0001533218
0.02518199 0.0001501739
0.02417475 0.0001393642
0.02573902 0.0001453962
0.0181806 0.0001486339
0.009035408 0.0001445042
0.005359222 0.000156698
0.01012027 0.0001596496
0.00765735 0.0001672699
0.006282091 0.000175746
0.002474959 0.0001671904
0.01410398 0.0001812564
0.02789918 0.0001794845
0.0236671 0.0001880395
0.01891798 0.0001975051
0.01804046 0.0002064572
0.005956347 0.0002166735
0.01087593 0.0002098327
0.01113993 0.0002133369
0.02589408 0.0002131788
0.007108597 0.0002090413
0.01086785 0.000199331
0.01073716 0.000217414
0.02388617 0.0002158673
0.04138449 0.0002202367
0.02385783 0.0002115897
0.02226079 0.0002102624
0.0279505 0.0002317542
0.03853654 0.0002254248
0.03248441 0.000217579
0.01105897 0.0002145133
0.01804317 0.0002304759
0.007149128 0.0002326434
0.0151112 0.0002090755
0.01281239 0.0002023507
0.01272904 0.000210296
0.01348177 0.0002185898
0.01388491 0.0002227802
0.01672999 0.0002213296
0.03322748 0.0002313498
0.03800212 0.0002430575
0.02838741 0.0002451315
0.02849927 0.0002635487
0.03586392 0.0002810794
0.02269706 0.0003035892
0.02264829 0.0003326613
0.02047329 0.0003385071
0.01863965 0.0003455653
0.008872234 0.0003476266
0.002599384 0.0003375528
0.005226928 0.0003205928
0.005793915 0.0003127018
0.000795239 0.0003277589
0.002652851 0.000353577
0.005886533 0.000379996
0.006903748 0.0003643477
0.02438561 0.0003555826
0.01272472 0.0003857542
0.01596411 0.0003981728
0.01084311 0.0003974459
0.01171177 0.0003672885
0.01139348 0.000365202
0.01045476 0.0003446477
0.006023069 0.0003261395
0.01982509 0.0003132861
0.01418059 0.0003007618
0.005908426 0.0003030595
0.0002839353 0.0002967543
0.004430193 0.0002815137
0.01218009 0.000290184
0.02182736 0.0003120428
0.03347653 0.0003132864
0.03879211 0.0002866128
0.01277666 0.0002865904
0.01764669 0.0002752956
0.0121241 0.0002726949
0.02101877 0.0002677439
0.02155282 0.0002851737
0.02472555 0.0002858796
0.02459332 0.0002910952
0.007968562 0.0002736946
0.0116693 0.0002844814
0.003024929 0.0002901632
0.0168506 0.0003032602
0.01015096 0.0002881268
0.01568559 0.000269275
0.02539426 0.0002703762
0.01591645 0.0002566843
0.01459333 0.0002313139
0.02324291 0.0002273638
0.0215725 0.0002256741
0.03372647 0.0002099185
0.03067384 0.0002068731
0.008414182 0.0002065532
0.01687709 0.0001891821
0.01398485 0.0001907723
0.01659866 0.0001997937
0.01721677 0.000202577
0.01268781 0.0001992381
0.008754911 0.0001822309
0.00593074 0.000195856
0.01130947 0.0002060298
0.008536012 0.0002030238
0.01305372 0.000209625
0.0164262 0.000212418
0.01276295 0.0002088393
0.0255398 0.0001966932
0.02671088 0.0002059886
0.02203165 0.0001986077
0.01446801 0.0001960481
0.006730424 0.0001969501
0.01918338 0.0001884074
0.02642805 0.0001925817
0.03488195 0.0001951753
0.0350617 0.000194563
0.03378736 0.000185275
0.02685767 0.0001773678
0.04456702 0.000184457
0.01385002 0.0001971985
0.02079639 0.0001990967
0.01032893 0.0002020752
0.03935697 0.0001962268
0.02381498 0.0001953413
0.0231453 0.0001890159
0.03374978 0.0001839513
0.04600351 0.0001711623
0.06386038 0.0001654422
0.07323246 0.0001609224
0.05676384 0.0001610548
0.05205127 0.00015878
0.03212467 0.0001641241
0.05415536 0.0001710582
0.07504264 0.0001811663
0.05562889 0.0001715075
0.02715993 0.0001777991
0.01877622 0.0001795618
0.02913618 0.000191123
0.03893403 0.0001997828
0.03129431 0.0001875072
0.01741665 0.0001927124
0.002882274 0.0001948615
0.009910994 0.0002017727
0.006224534 0.0002085939
0.007120789 0.0002119337
0.01054039 0.0002075169
0.009729922 0.0002097508
0.01970936 0.000202083
0.02521005 0.0001969407
0.04157007 0.0001845986
0.03956821 0.0001861272
0.02808939 0.0001916471
0.03509346 0.0001929576
0.04862219 0.0001903854
0.04118474 0.000197332
0.05420879 0.000199333
0.02581423 0.0002075937
0.0154774 0.0001987576
0.0324454 0.0001829454
0.02710095 0.0001879752
0.0288192 0.0001968177
0.01821002 0.0001991332
0.009206971 0.0002082801
0.002405518 0.0002104416
0.002749363 0.0002231208
0.007434148 0.0002245645
0.003581602 0.0002193011
0.001547811 0.0002288596
0.01238432 0.0002244767
0.02308605 0.0002160388
0.02895567 0.0002284038
0.02036093 0.0002209982
0.01563709 0.0002378334
0.01210104 0.0002112047
0.0233451 0.0002239304
0.02266126 0.0002283066
0.01618484 0.0002254063
0.01236309 0.0002180574
0.01454925 0.0002008401
0.01833727 0.0001864518
0.03153593 0.0001897638
0.02687329 0.0001762528
0.04143622 0.0001786325
0.01834507 0.000180786
0.02889364 0.0001885667
0.02625199 0.0001871742
0.02425518 0.0001924135
0.01958041 0.0002098489
0.006870095 0.0001974843
0.008938474 0.0002018097
0.02164539 0.0002019624
0.01725889 0.0002053154
0.01699917 0.0002101362
0.01928225 0.0002225254
0.01445221 0.000231561
0.03036223 0.0002144673
0.01169715 0.0001994515
0.01379693 0.0001947037
0.005572796 0.0001944709
0.009827298 0.000191498
0.01085116 0.0001940207
0.01791412 0.0002034035
0.01920953 0.0001968282
0.01536353 0.0002041099
0.00254447 0.0001870174
0.0123128 0.0001758257
0.01062387 0.0001725277
0.005982645 0.0001715388
0.003408144 0.0001681409
0.01557366 0.0001803627
0.02640742 0.0001805065
0.02244205 0.0001824613
0.02734584 0.00017947
0.01578813 0.0001925965
0.01276278 0.0002015831
0.01134499 0.0002048522
0.00921655 0.0002010171
0.01155807 0.0001963448
0.004421263 0.0002024421
0.003757698 0.0001878647
0.0052685 0.0001755599
0.005740244 0.00017567
0.001369276 0.0001775375
0.004867338 0.0001701031
0.01110796 0.0001680352
0.006207227 0.0001706437
0.004918557 0.0001894063
0.001568148 0.000188503
0.006299381 0.0001687926
0.02126564 0.0001647946
0.0592588 0.0001589094
0.05467168 0.0001520477
0.03381289 0.0001505118
0.02365798 0.0001438596
0.01617876 0.0001409027
0.01394128 0.0001404622
0.02142207 0.0001365737
0.01128308 0.0001307956
0.02630348 0.0001380162
0.01658573 0.0001309004
0.006607679 0.0001344552
0.01628501 0.0001373504
0.007631105 0.0001374013
0.01904869 0.0001381713
0.0117718 0.0001361434
0.01357149 0.0001427838
0.01621785 0.0001370912
0.03492518 0.0001315773
0.03078467 0.0001194992
0.01884392 0.0001296986
0.007073162 0.0001322898
0.0123859 0.0001282995
0.01409487 0.0001301516
0.007479376 0.0001225943
0.003473022 0.0001255274
0.01591777 0.0001230196
0.008923042 0.000134193
0.0209783 0.0001314088
0.02468223 0.0001280194
0.01885122 0.0001283945
0.01441788 0.0001269152
0.01637906 0.0001319835
0.01097036 0.0001226933
0.004571783 0.0001256092
0.01358585 0.0001302998
0.01732092 0.0001303105
0.01877475 0.0001370212
0.01418314 0.0001372652
0.02200003 0.0001334713
0.01184855 0.0001227384
0.004062004 0.0001314762
0.003050174 0.0001332087
0.01864154 0.0001297517
0.01581501 0.0001293023
0.01998789 0.0001229245
0.01255705 0.0001136156
0.04834245 0.0001093286
0.06007965 0.0001048566
0.04611197 0.0001005084
0.03925581 0.0001022392
0.03630865 9.867495e-05
0.02141967 9.618442e-05
0.01166527 9.181502e-05
0.0183175 9.02396e-05
0.02677007 8.66258e-05
0.03885138 8.69208e-05
0.02701239 9.317653e-05
0.01365953 0.0001016657
0.02943557 0.0001016901
0.02829859 0.0001047989
0.02399835 9.671401e-05
0.009806605 9.243804e-05
0.01520413 8.60197e-05
0.02844429 9.062797e-05
0.02180559 0.0001001156
0.01853717 0.0001024587
0.008906317 0.0001026776
0.02013202 0.0001026023
0.01301936 0.0001172907
0.008186874 0.0001207684
0.008967777 0.0001220908
0.01799161 0.0001160446
0.02471056 0.0001123265
0.02250356 0.0001070671
0.02324495 0.0001057876
0.02551514 0.0001138007
0.02731131 0.0001129932
0.0377099 0.0001069023
0.03551302 0.0001097919
0.04339694 0.0001086856
0.03061453 0.0001176707
0.02624554 0.0001185018
0.02884451 0.0001232758
0.01836904 0.0001268769
0.02040661 0.0001288497
0.03083703 0.0001220886
0.03141023 0.000124172
0.04119332 0.0001241639
0.05316087 0.0001212651
0.04597567 0.0001186753
0.05831609 0.0001197711
0.07070237 0.0001153267
0.08980738 0.0001100093
0.06742325 0.0001091739
0.07042269 0.0001107336
0.06621882 0.0001115306
0.04505439 0.0001187433
0.03396433 0.0001189034
0.04656076 0.0001222242
0.03199004 0.0001198471
0.02513388 0.0001248002
0.01588747 0.0001313982
0.01655514 0.0001308231
0.004625313 0.0001310973
0.0111333 0.000129739
0.009889925 0.0001299405
0.01085436 0.0001235972
0.02777532 0.0001324887
0.03735455 0.0001223554
0.02775852 0.0001241356
0.03227111 0.0001226924
0.0344791 0.0001415058
0.005808847 0.0001521895
0.01567387 0.0001667915
0.02693087 0.0001739562
0.01785358 0.0001826328
0.01197438 0.0001950344
0.01616186 0.0001997649
0.02619113 0.0002087068
0.01273243 0.0002094741
0.01202132 0.0001943138
0.02887371 0.0002041737
0.010047 0.0002230135
0.01868867 0.0002313081
0.022796 0.0002353171
0.01724142 0.0002335144
0.01686975 0.0002516952
0.0266342 0.0002554818
0.01438171 0.0002563916
0.02940548 0.0002541411
0.0135108 0.0002695209
0.006358554 0.0002686455
0.003425086 0.0002659482
0.0127743 0.0002790531
0.01627295 0.0002871237
0.01086461 0.0002784104
0.01873661 0.000248619
0.01385918 0.0002580427
0.01861194 0.000235998
0.00408373 0.0002392254
0.01162669 0.000262293
0.01502903 0.0002689538
0.01537096 0.0002700513
0.008985211 0.0002740942
0.01256405 0.0002754457
0.02756909 0.0002777931
0.02867865 0.0002878469
0.02941337 0.0002857275
0.03051266 0.0002648579
0.04380867 0.0002634965
0.04237651 0.0002627729
0.04310937 0.0002550979
0.007564629 0.0002528827
0.00526251 0.0002536644
0.001955783 0.0002607092
0.01854772 0.0002665072
0.02600776 0.0002690791
0.01555924 0.0002613218
0.007286272 0.0002657902
0.00835997 0.0002480323
0.004438618 0.000222112
0.006629346 0.0002267751
0.008542081 0.0002390321
0.01801223 0.0002487415
0.01729457 0.0002464699
0.0267157 0.0002563468
0.02802741 0.0002718322
0.02988679 0.0002616521
0.02780693 0.0002542236
0.01623092 0.0002636947
0.009550919 0.0002428144
0.01278156 0.0002564304
0.02494868 0.0002639068
0.0311601 0.0002546999
0.0155523 0.0002569778
0.01714385 0.0002778993
0.006055039 0.0002482795
0.02210157 0.0002423849
0.03323698 0.0002408317
0.01683017 0.0002262562
0.01951933 0.0002070107
0.02716787 0.0002014958
0.03680884 0.0002014265
0.03822106 0.0001866289
0.03097897 0.0001751789
0.02383442 0.0001711399
0.03069214 0.0001690982
0.04112661 0.0001683259
0.06708778 0.0001794448
0.04717647 0.0001869804
0.02675449 0.0001938094
0.0384208 0.0001953106
0.01326985 0.0001900221
0.01445741 0.000178755
0.02286837 0.0001839697
0.02681306 0.0001843637
0.04789433 0.0001942802
0.03179391 0.0001843183
0.02736372 0.000181271
0.0463322 0.0001683128
0.05925143 0.0001723733
0.07145441 0.0001552246
0.06396373 0.0001444633
0.05336468 0.0001434589
0.05071186 0.0001373395
0.05428669 0.0001354224
0.0590878 0.0001230022
0.02377674 0.0001111392
0.01653346 0.0001204286
0.01891659 0.0001348572
0.01790642 0.0001305464
0.008960597 0.0001242082
0.01652462 0.000121633
0.01994902 0.0001174353
0.01777863 0.000116402
0.01063391 0.0001147881
0.007002926 0.0001133124
0.02301707 0.0001133074
0.02592186 0.000112654
0.02506081 0.0001118878
0.01214919 0.0001101805
0.01269945 0.0001065081
0.01470303 0.0001074819
0.02090568 9.673603e-05
0.02806222 9.383597e-05
0.01686945 9.280149e-05
0.02784012 9.573541e-05
0.01325069 0.0001031588
0.02058726 9.841451e-05
0.009511997 0.0001014103
0.01076187 9.283349e-05
0.02822202 9.284116e-05
0.02410775 9.237848e-05
0.01012894 9.138044e-05
0.02135021 9.084003e-05
0.03520448 8.708783e-05
0.03830313 8.816869e-05
0.03378569 8.415339e-05
0.02877561 8.168689e-05
0.04231338 8.532008e-05
0.01539171 8.531946e-05
0.01317825 8.075456e-05
0.0133267 7.472865e-05
0.02354742 7.37379e-05
0.0221077 7.520928e-05
0.008434601 7.231969e-05
0.01541321 7.131751e-05
0.03393792 7.610924e-05
0.03697065 7.524148e-05
0.03088166 7.617897e-05
0.02946195 7.492415e-05
0.05002396 7.545845e-05
0.03820812 7.103565e-05
0.04638439 7.235851e-05
0.05015322 7.015262e-05
0.04237896 7.138583e-05
0.05728086 6.664575e-05
0.07742385 6.543951e-05
0.05701081 6.579129e-05
0.08157294 6.434063e-05
0.07239938 6.243972e-05
0.04534636 6.068193e-05
0.02454056 6.114726e-05
0.0181202 6.120529e-05
0.01086391 6.215378e-05
0.03235492 6.214147e-05
0.02434169 6.050687e-05
0.04502737 6.383232e-05
0.03399524 6.59881e-05
0.05690255 6.427884e-05
0.03543522 6.388464e-05
0.04092133 6.969316e-05
0.05730595 7.068635e-05
0.07941355 7.404178e-05
0.05629465 7.239865e-05
0.04292903 7.383579e-05
0.03925021 7.241118e-05
0.03069264 7.53832e-05
0.05197838 6.646358e-05
0.06013041 6.823043e-05
0.06071704 6.880973e-05
0.05589591 6.117646e-05
0.06516296 5.733505e-05
0.03417347 5.710807e-05
0.03396555 5.624884e-05
0.04160179 5.331881e-05
0.02833276 5.535423e-05
0.02431735 5.712868e-05
0.04138099 5.609919e-05
0.03178462 5.529427e-05
0.03403279 5.524878e-05
0.0349964 5.324361e-05
0.03092904 5.13927e-05
0.01948038 5.309431e-05
0.03030899 5.31552e-05
0.03673979 5.254487e-05
0.03054179 5.132787e-05
0.04215721 5.196084e-05
0.02393999 4.791456e-05
0.02242874 4.656636e-05
0.02991759 4.497196e-05
0.02102261 4.473549e-05
0.01418475 4.364119e-05
0.01023709 4.38558e-05
0.01762047 4.465486e-05
0.04705117 4.567235e-05
0.04781797 4.622138e-05
0.0332575 4.792968e-05
0.02273467 4.675595e-05
0.03459458 4.635691e-05
0.03944171 4.443117e-05
0.03892552 4.211746e-05
0.02734092 4.158525e-05
0.03091722 4.948119e-05
0.03726204 5.184341e-05
0.04064552 4.768515e-05
0.02680418 4.87274e-05
0.03444465 4.819589e-05
0.03107229 4.802252e-05
0.03245836 4.99943e-05
0.02134793 5.242347e-05
0.01051346 5.393216e-05
0.04323793 5.605122e-05
0.03330885 5.398384e-05
0.02408938 5.663844e-05
0.02380414 5.735378e-05
0.04332341 5.812464e-05
0.05707865 5.98918e-05
0.05045012 5.528394e-05
0.05879678 5.353094e-05
0.03643451 5.412249e-05
0.04855878 5.843854e-05
0.03510233 5.652153e-05
0.0405832 5.707417e-05
0.02996853 5.217055e-05
0.01694654 5.103349e-05
0.02942922 5.210237e-05
0.01628649 5.237902e-05
0.007829075 5.421604e-05
0.003960254 5.57505e-05
0.006747319 5.114327e-05
0.006301706 5.31223e-05
0.01812723 5.283428e-05
0.002508831 4.958004e-05
0.006087595 5.116537e-05
0.01222874 5.216441e-05
0.003152226 5.731055e-05
0.001546393 5.846436e-05
0.008073799 5.488836e-05
0.02847621 5.199949e-05
0.06798417 5.371529e-05
0.06184444 5.39319e-05
0.07448267 5.296763e-05
0.07370045 5.348711e-05
0.06398358 5.570776e-05
0.05098379 5.779982e-05
0.05004395 5.947476e-05
0.05046738 5.897876e-05
0.06222488 5.64281e-05
0.05256337 5.841676e-05
0.02597128 5.427393e-05
0.03006188 5.056162e-05
0.03887232 5.550641e-05
0.03211469 5.853178e-05
0.03523218 5.904774e-05
0.06269066 6.11121e-05
0.04332548 6.185551e-05
0.06523815 6.118831e-05
0.04940024 5.837665e-05
0.03277792 5.889731e-05
0.02709912 5.503565e-05
0.06461931 5.620052e-05
0.05663628 5.824266e-05
0.05291796 5.827339e-05
0.06167484 5.543093e-05
0.09215978 5.403514e-05
0.09954864 5.21725e-05
0.1035493 5.403304e-05
0.0737332 5.453368e-05
0.05475432 5.979593e-05
0.0559452 5.792414e-05
0.03852605 5.594695e-05
0.0292883 5.450186e-05
0.03558611 5.693012e-05
0.02132088 5.264606e-05
0.01775257 5.744806e-05
0.02451067 5.478987e-05
0.04403219 5.712773e-05
0.03673286 5.703087e-05
0.03392506 5.420627e-05
0.02394729 5.937783e-05
0.03522479 5.761056e-05
0.03388438 5.434175e-05
0.01703493 5.228652e-05
0.01345076 5.098337e-05
0.01781558 5.143749e-05
0.03978879 5.095174e-05
0.0384972 5.054088e-05
0.04118816 4.976966e-05
0.04680145 4.831628e-05
0.06906626 4.92872e-05
0.08491709 4.927815e-05
0.07661775 4.816159e-05
0.05379075 4.945434e-05
0.06108091 4.809724e-05
0.03929618 5.384273e-05
0.03604016 5.281606e-05
0.0441111 4.741409e-05
0.01630112 4.99753e-05
0.02810203 5.149076e-05
0.05053605 5.290981e-05
0.05812417 4.80594e-05
0.04698441 4.607154e-05
0.04930581 4.906376e-05
0.04664012 5.012349e-05
0.02047689 5.053969e-05
0.02949153 4.970265e-05
0.02044109 4.983837e-05
0.01525969 5.110499e-05
0.0320707 5.356456e-05
0.04027166 5.458754e-05
0.04396235 5.475631e-05
0.0414296 5.368052e-05
0.03590533 5.609091e-05
0.02963562 5.286245e-05
0.03338712 4.807132e-05
0.02955743 4.693822e-05
0.03600579 4.602323e-05
0.04036957 4.423949e-05
0.03774474 3.964534e-05
0.04728834 3.931724e-05
0.02486243 4.049307e-05
0.02025728 4.085946e-05
0.01576672 4.304388e-05
0.005653559 4.36569e-05
0.01339521 4.262463e-05
0.03073128 4.26993e-05
0.01931269 4.687681e-05
0.01203997 4.441454e-05
0.003744713 4.689507e-05
0.005328536 5.04015e-05
0.004550245 4.800291e-05
0.01558997 4.755346e-05
0.0186271 4.773752e-05
0.03416167 4.376842e-05
0.05225604 4.290988e-05
0.07557932 4.406954e-05
0.1212898 4.612017e-05
0.1176065 4.206242e-05
0.1386968 4.058085e-05
0.1785752 3.927403e-05
0.1879289 4.040114e-05
0.2336419 4.006906e-05
0.1927035 4.110595e-05
0.1296929 4.032338e-05
0.1637529 4.296335e-05
0.1490449 3.950201e-05
0.158375 4.034162e-05
0.1608895 4.075792e-05
0.1511082 4.266024e-05
0.09917883 4.016551e-05
0.08196488 4.256168e-05
0.08214623 4.215157e-05
0.06374299 4.27839e-05
0.05061299 4.369059e-05
0.05808456 4.187191e-05
0.0428986 4.670808e-05
0.03485638 4.858425e-05
0.05890693 4.375847e-05
0.07105027 4.470859e-05
0.06479466 4.092837e-05
0.05182608 4.469931e-05
0.04484688 4.47178e-05
0.07591841 4.594965e-05
0.05657095 4.381236e-05
0.06210129 4.432819e-05
0.05254597 4.455683e-05
0.0636821 4.474132e-05
0.06058124 4.654646e-05
0.04657273 4.532406e-05
0.05216562 4.556081e-05
0.06430462 4.719246e-05
0.06746316 4.920499e-05
0.08071769 4.9072e-05
0.095895 4.822553e-05
0.06341513 4.711869e-05
0.07512064 4.369353e-05
0.06047899 4.267463e-05
0.05940462 4.396075e-05
0.05404373 4.467682e-05
0.05301908 4.570647e-05
0.06984445 4.741632e-05
0.05319994 4.398902e-05
0.09730569 4.273164e-05
0.1250083 4.190866e-05
0.1348277 4.396048e-05
0.123857 4.71095e-05
0.1652188 4.598541e-05
0.1576986 5.165423e-05
0.1825077 4.773521e-05
0.1686783 4.501292e-05
0.1566584 4.511074e-05
0.1398932 4.626763e-05
0.1277924 4.831488e-05
0.1040898 4.228347e-05
0.1087734 4.500551e-05
0.08520546 4.452733e-05
0.07371538 4.312006e-05
0.04005485 4.012908e-05
0.0344082 3.745048e-05
0.05495323 3.692076e-05
0.05349789 3.910738e-05
0.0460814 3.98144e-05
0.03200357 4.016927e-05
0.04438912 4.287156e-05
0.0232957 4.149731e-05
0.03278053 3.862988e-05
0.02412454 3.993562e-05
0.02151016 3.995227e-05
0.04010862 4.042257e-05
0.01664279 4.134819e-05
0.03500785 4.195067e-05
0.07016678 4.204213e-05
0.1137316 4.362158e-05
0.06534999 4.414701e-05
0.05698696 4.301899e-05
0.05248467 4.140314e-05
0.04578219 4.138839e-05
0.03995502 4.299182e-05
0.06287079 4.285358e-05
0.04648732 4.150548e-05
0.05026618 3.990689e-05
0.05853854 4.01205e-05
0.04760549 4.337811e-05
0.05242705 4.092042e-05
0.05052253 4.235188e-05
0.0604838 4.493034e-05
0.05254964 4.551596e-05
0.03722644 4.438415e-05
0.03946533 4.41155e-05
0.03439742 4.23562e-05
0.04069661 4.301138e-05
0.01858292 4.383561e-05
0.01968636 4.519497e-05
0.03222584 4.733982e-05
0.007004419 4.956243e-05
0.003262856 4.816039e-05
0.009090486 4.867495e-05
0.01336641 4.742172e-05
0.01871273 4.611737e-05
0.02741399 4.674854e-05
0.01611513 4.41435e-05
0.02442224 4.333184e-05
0.04431656 4.092887e-05
0.03003703 4.052076e-05
0.0306881 4.130467e-05
0.04282067 3.864478e-05
0.04072903 3.697095e-05
0.06355542 3.533188e-05
0.06819069 3.493457e-05
0.08393525 3.615818e-05
0.06691745 3.347043e-05
0.07982279 3.339858e-05
0.04831793 3.520488e-05
0.07005197 3.619421e-05
0.1137743 3.725246e-05
0.1021004 3.713312e-05
0.07908263 3.632478e-05
0.1031392 3.75303e-05
0.1003085 3.790995e-05
0.09734497 3.59955e-05
0.08129764 3.617157e-05
0.08925942 3.527197e-05
0.09234375 3.296198e-05
0.1338965 3.066945e-05
0.110154 2.993542e-05
0.1290439 3.32458e-05
0.1402779 3.576716e-05
0.08138889 3.808387e-05
0.09324196 3.72576e-05
0.0625946 3.949027e-05
0.06617953 3.971274e-05
0.06498916 3.912832e-05
0.07248075 3.651803e-05
0.09547064 3.663997e-05
0.09898137 3.761564e-05
0.09529358 3.881633e-05
0.06567221 3.897214e-05
0.084527 3.945394e-05
0.05663944 3.824486e-05
0.07882859 4.128689e-05
0.07565904 3.883684e-05
0.08391047 3.785989e-05
0.07502516 3.768314e-05
0.06040431 3.378252e-05
0.06927278 3.145768e-05
0.0801693 3.488482e-05
0.08532478 3.502811e-05
0.1216229 3.273654e-05
0.08831578 3.481983e-05
0.1034892 3.597536e-05
0.1062313 3.739507e-05
0.1123541 3.616122e-05
0.08905005 3.881193e-05
0.1135551 4.105301e-05
0.1379335 4.14613e-05
0.1529965 4.050276e-05
0.1275617 3.886981e-05
0.1350289 4.01446e-05
0.1003942 4.249162e-05
0.08767704 4.01437e-05
0.0920836 3.996858e-05
0.09095282 4.012966e-05
0.1069656 4.160185e-05
0.1197846 4.02195e-05
0.1105351 4.28816e-05
0.1134653 4.200643e-05
0.1112066 4.044226e-05
0.07461123 3.904424e-05
0.08227519 4.115619e-05
0.07221281 4.002756e-05
0.08925813 3.777555e-05
0.08670267 3.728701e-05
0.08927453 3.779072e-05
0.0929432 3.591319e-05
0.1129583 3.591562e-05
0.1295976 3.55006e-05
0.1121133 3.463926e-05
0.1115055 3.410814e-05
0.1178556 3.429827e-05
0.085556 3.47431e-05
0.06151245 3.324677e-05
0.06526538 3.416275e-05
0.06731504 3.195647e-05
0.06944972 3.303211e-05
0.06665373 3.361568e-05
0.08589029 3.210489e-05
0.0984735 3.415077e-05
0.07641201 3.395104e-05
0.1074055 3.388744e-05
0.1158701 3.314517e-05
0.1161105 3.42274e-05
0.09552105 3.376497e-05
0.09937162 3.347913e-05
0.06904255 3.289021e-05
0.06801628 3.216939e-05
0.05884862 3.589187e-05
0.04951146 3.319504e-05
0.0625364 3.395861e-05
0.06486622 3.208181e-05
0.06268906 3.131529e-05
0.06220637 2.979455e-05
0.06071183 2.994157e-05
0.06566469 3.190001e-05
0.05225769 3.183452e-05
0.05854353 3.408214e-05
0.04122674 3.444918e-05
0.06646509 3.40984e-05
0.08365044 3.601544e-05
0.06892821 3.756996e-05
0.09494457 4.137398e-05
0.08412516 4.137859e-05
0.1108946 4.22266e-05
0.1114044 4.483991e-05
0.09309843 4.466899e-05
0.09820945 4.272728e-05
0.08757123 4.155586e-05
0.1091028 4.200113e-05
0.1673112 4.190519e-05
0.1691771 4.000884e-05
0.1759204 3.761405e-05
0.1758081 3.757177e-05
0.1495565 3.816995e-05
0.1226525 3.90298e-05
0.1446194 4.115633e-05
0.1353652 3.859228e-05
0.1593069 3.983028e-05
0.1267564 4.118517e-05
0.134791 3.929984e-05
0.1238849 4.076545e-05
0.1331439 4.113639e-05
0.1311838 3.844311e-05
0.1288063 4.087142e-05
0.09952244 3.90538e-05
0.0648114 4.014783e-05
0.06431108 3.705698e-05
0.0594475 3.74866e-05
0.05861562 3.859469e-05
0.05759508 3.940725e-05
0.08003505 4.175043e-05
0.1004511 4.269055e-05
0.09857132 4.335206e-05
0.1277449 4.401855e-05
0.1219332 4.339339e-05
0.05944186 4.1936e-05
0.06420881 4.289414e-05
0.07946043 3.900845e-05
0.07773156 3.951484e-05
0.08281406 4.147382e-05
0.05474912 4.201071e-05
0.05379627 4.628917e-05
0.06553379 4.990377e-05
0.05221664 4.892264e-05
0.03007649 4.714228e-05
0.04156829 4.55646e-05
0.05865567 4.455864e-05
0.06788126 4.55406e-05
0.06588187 5.011747e-05
0.03643861 4.96235e-05
0.02956433 5.347387e-05
0.05221353 5.471784e-05
0.06723316 5.27439e-05
0.04844377 5.089902e-05
0.04318999 5.302754e-05
0.08827586 5.32479e-05
0.08477639 5.608278e-05
0.08951043 5.924288e-05
0.1118847 5.53583e-05
0.1192841 5.611999e-05
0.05545938 5.479822e-05
0.0692129 5.289435e-05
0.04311387 5.437268e-05
0.03805174 5.372777e-05
0.02977727 5.372905e-05
0.01596702 5.427591e-05
0.01546932 5.566799e-05
0.02266474 5.524603e-05
0.04983735 5.827331e-05
0.03706043 5.904428e-05
0.02466216 6.086259e-05
0.04099197 6.140555e-05
0.05044234 5.690259e-05
0.04717192 5.848288e-05
0.04283911 6.126911e-05
0.06717466 6.045797e-05
0.06388738 5.962818e-05
0.05534343 6.106884e-05
0.06659686 6.07519e-05
0.05954618 5.881e-05
0.04504073 5.839622e-05
0.0320311 5.910516e-05
0.04411768 5.678655e-05
0.0310502 5.67541e-05
0.02499679 5.78504e-05
0.03306216 6.295366e-05
0.02150207 6.103199e-05
0.02971064 5.814823e-05
0.04036109 5.820104e-05
0.04190474 5.839026e-05
0.06915624 5.494753e-05
0.06630614 6.003022e-05
0.05489473 5.740581e-05
0.07395592 6.593397e-05
0.06704913 6.678959e-05
0.1014945 6.446156e-05
0.1221838 6.232785e-05
0.09818411 6.161152e-05
0.09315262 6.175e-05
0.1080187 6.206768e-05
0.09158396 5.90579e-05
0.0963058 5.548007e-05
0.0920295 5.319975e-05
0.05225162 4.902341e-05
0.03995373 4.609533e-05
0.03936656 4.41843e-05
0.04640171 4.221069e-05
0.05554421 4.170207e-05
0.04542306 4.25327e-05
0.06062383 4.22983e-05
0.02865913 4.306979e-05
0.02701038 4.476136e-05
0.05083256 4.525935e-05
0.06831211 4.661948e-05
0.06921176 4.647835e-05
0.05642514 4.771994e-05
0.04575536 4.629484e-05
0.04761027 4.652556e-05
0.02943524 4.477239e-05
0.03840247 4.322046e-05
0.07357272 4.445218e-05
0.09072055 4.621456e-05
0.08121022 4.34246e-05
0.08532484 4.036021e-05
0.08332808 3.947432e-05
0.07531639 4.196046e-05
0.0816448 4.220042e-05
0.07199886 4.315964e-05
0.06308401 4.311572e-05
0.07967299 4.551804e-05
0.07717776 4.631973e-05
0.07325492 4.606262e-05
0.05746661 4.71575e-05
0.04666871 4.838871e-05
0.06098146 4.966242e-05
0.07931845 5.193418e-05
0.1179189 5.066594e-05
0.1096143 5.202241e-05
0.1248573 4.533866e-05
0.07033529 4.397188e-05
0.06239467 4.351939e-05
0.05345343 4.703473e-05
0.05310703 4.817101e-05
0.05071708 5.022146e-05
0.0404275 4.715847e-05
0.04499139 4.893854e-05
0.03836173 4.777176e-05
0.05121687 5.02944e-05
0.1023803 5.202374e-05
0.09977135 5.238869e-05
0.06896013 4.669221e-05
0.04903994 4.484099e-05
0.06800429 4.300827e-05
0.0987697 4.095782e-05
0.05411074 4.12713e-05
0.05580278 3.803539e-05
0.04720445 3.826874e-05
0.0749666 3.875953e-05
0.06940016 3.833203e-05
0.08896845 3.650167e-05
0.04988857 3.688279e-05
0.08295979 3.859552e-05
0.08714429 3.692698e-05
0.06346904 4.021847e-05
0.04515549 3.538345e-05
0.0727726 3.364788e-05
0.1179041 3.146834e-05
0.133941 3.304913e-05
0.1171286 3.294011e-05
0.135288 3.448938e-05
0.1536845 3.37871e-05
0.1132867 3.443587e-05
0.09903464 3.150912e-05
0.1159906 3.326654e-05
0.1299689 3.532391e-05
0.1260942 3.567251e-05
0.1551225 3.683862e-05
0.1998632 3.48876e-05
0.2185743 3.358435e-05
0.2082034 3.574863e-05
0.1918948 3.463701e-05
0.185923 3.476505e-05
0.1991309 3.504373e-05
0.1700594 3.257101e-05
0.1999234 3.071229e-05
0.1483007 3.154506e-05
0.1714924 3.427179e-05
0.1814456 3.474795e-05
0.1465183 3.334083e-05
0.1172626 3.343536e-05
0.1101349 3.434924e-05
0.07520683 3.302435e-05
0.08362583 3.360617e-05
0.1209318 2.86724e-05
0.0974305 2.733992e-05
0.06994568 2.548344e-05
0.04944601 2.579017e-05
0.05708444 2.605424e-05
0.05534041 2.542258e-05
0.02999602 2.567094e-05
0.02592246 2.758668e-05
0.04453159 3.065156e-05
0.02362026 3.008847e-05
0.04335348 2.921591e-05
0.03471467 2.773607e-05
0.02292096 2.962307e-05
0.02282456 3.176714e-05
0.02689718 3.14373e-05
0.01119472 3.110313e-05
0.01205936 3.02354e-05
0.01111072 2.948985e-05
0.005555272 2.919394e-05
0.01076647 2.687801e-05
0.01533837 2.565045e-05
0.02539125 2.547119e-05
0.01321346 2.423356e-05
0.00813085 2.497808e-05
0.01693436 2.506157e-05
0.01099624 2.280119e-05
0.004936825 2.114293e-05
0.01075933 2.11417e-05
0.008824735 2.13676e-05
0.01198341 2.24468e-05
0.005199587 2.379677e-05
0.0005117571 2.588694e-05
0.003594554 2.628098e-05
0.01028193 2.770914e-05
0.008248609 2.779001e-05
0.005054779 2.746857e-05
0.01056431 2.781464e-05
0.007712356 2.737176e-05
0.01896765 2.807766e-05
0.06001882 2.688854e-05
0.08010104 2.7386e-05
0.08113723 2.85781e-05
0.1142522 3.035108e-05
0.09671078 3.005332e-05
0.1020197 3.019242e-05
0.1143357 3.227774e-05
0.1113668 3.345887e-05
0.1172761 3.259405e-05
0.07890423 3.108583e-05
0.08682212 3.1406e-05
0.07002229 3.116736e-05
0.08821204 3.040831e-05
0.06444247 3.129643e-05
0.07099645 3.191237e-05
0.07721792 3.077973e-05
0.131085 3.107817e-05
0.1509596 2.935906e-05
0.1311974 3.059415e-05
0.1439137 3.164395e-05
0.1372029 3.002417e-05
0.1426791 3.299606e-05
0.2026061 3.292976e-05
0.2457427 3.343738e-05
0.2288843 3.187748e-05
0.2177287 3.010707e-05
0.1969969 2.846714e-05
0.204116 2.933897e-05
0.1631641 2.899155e-05
0.1449017 2.650247e-05
0.113417 2.874775e-05
0.08594381 2.736739e-05
0.1024556 2.507281e-05
0.08952064 2.654212e-05
0.08375569 2.911108e-05
0.06154558 2.942242e-05
0.06020244 2.806599e-05
0.0545926 2.602277e-05
0.07598594 2.83208e-05
0.05647906 2.720436e-05
0.05886201 2.787023e-05
0.09011288 2.838755e-05
0.08029841 2.844183e-05
0.06234616 2.984316e-05
0.05637008 2.705934e-05
0.06201987 2.732947e-05
0.0692822 2.63292e-05
0.07162429 2.889797e-05
0.09089318 2.777264e-05
0.07954376 3.05207e-05
0.08492226 2.81391e-05
0.07438548 2.852128e-05
0.05133155 2.902595e-05
0.03631243 2.767416e-05
0.04239861 2.822347e-05
0.05699557 2.811075e-05
0.07244094 2.496086e-05
0.06588711 2.558051e-05
0.08840051 2.377892e-05
0.0425759 2.476127e-05
0.02988717 2.263339e-05
0.03766753 2.291966e-05
0.02020995 2.245123e-05
0.02850067 2.157425e-05
0.03993446 2.253275e-05
0.03143759 2.131554e-05
0.0524603 2.098648e-05
0.06901576 2.204879e-05
0.09856163 2.145279e-05
0.1197084 2.160678e-05
0.205506 2.167175e-05
0.1848395 2.210078e-05
0.192646 2.282097e-05
0.1874933 2.309153e-05
0.1212565 2.333851e-05
0.1011104 2.393649e-05
0.1003277 2.449867e-05
0.1020319 2.570058e-05
0.1045714 2.655968e-05
0.1177207 2.644935e-05
0.09019215 2.78702e-05
0.07033539 2.858187e-05
0.10745 2.825616e-05
0.08456506 2.972026e-05
0.08098822 2.716942e-05
0.09111471 2.375221e-05
0.05027721 2.224194e-05
0.0509709 2.56854e-05
0.04603313 2.655503e-05
0.01855605 2.578546e-05
0.008961226 2.534389e-05
0.007063605 2.520583e-05
0.01866097 2.593749e-05
0.02038884 2.344257e-05
0.01902851 2.412824e-05
0.0270508 2.631185e-05
0.0460712 2.705564e-05
0.07499097 2.594702e-05
0.0862352 2.600772e-05
0.1070467 2.483253e-05
0.1284146 2.633401e-05
0.1485688 2.748281e-05
0.1299449 2.632108e-05
0.1437941 2.895944e-05
0.1155639 3.05688e-05
0.09842378 2.999991e-05
0.07072726 3.231426e-05
0.06486836 3.38657e-05
0.05278724 3.313378e-05
0.04414233 3.350481e-05
0.04115327 3.150353e-05
0.04335015 2.855336e-05
0.06759026 3.009127e-05
0.06401788 2.938486e-05
0.07752152 3.024737e-05
0.1003124 3.054145e-05
0.07044885 3.124183e-05
0.07683711 3.0772e-05
0.05443966 3.349303e-05
0.07569119 3.328393e-05
0.08597425 3.497851e-05
0.06870768 3.440031e-05
0.09770709 3.50399e-05
0.1110601 3.43535e-05
0.08386932 3.440648e-05
0.1293489 3.420908e-05
0.1605377 3.773202e-05
0.09587136 3.497811e-05
0.0846141 3.411455e-05
0.122448 3.424882e-05
0.1175195 3.598621e-05
0.1015781 3.493636e-05
0.120413 3.351971e-05
0.1124793 3.697284e-05
0.1162978 3.366889e-05
0.1377139 3.32248e-05
0.1190908 3.088836e-05
0.1125042 3.060363e-05
0.1215872 3.022819e-05
0.07808704 2.973702e-05
0.08084477 3.075324e-05
0.06314094 3.119403e-05
0.08236321 2.998783e-05
0.07232887 3.056444e-05
0.1216147 3.240255e-05
0.1332372 3.110683e-05
0.1715435 3.412861e-05
0.1187942 3.2794e-05
0.1287622 3.123983e-05
0.1119004 3.068565e-05
0.1176797 3.31947e-05
0.1254356 3.66017e-05
0.1078186 3.575205e-05
0.129982 3.375567e-05
0.1366237 3.050363e-05
0.1578178 3.106795e-05
0.1872109 3.085591e-05
0.178969 2.941605e-05
0.1194889 2.841009e-05
0.1266274 2.828796e-05
0.1193615 2.956828e-05
0.1508217 3.129201e-05
0.1384326 3.173956e-05
0.1515019 3.249947e-05
0.1351996 3.064414e-05
0.1078833 2.936798e-05
0.1054853 3.017236e-05
0.1084244 3.102971e-05
0.07211385 2.977079e-05
0.05054716 3.097065e-05
0.09008081 3.027683e-05
0.06367381 2.951349e-05
0.04884885 3.172451e-05
0.05878654 3.249654e-05
0.03135605 3.299568e-05
0.03554546 3.190242e-05
0.03874774 3.082626e-05
0.03263306 3.068849e-05
0.03300667 2.825241e-05
0.01740231 2.830767e-05
0.02377914 2.850786e-05
0.02789671 3.021939e-05
0.03932373 3.085508e-05
0.03839997 2.982404e-05
0.05252055 2.934737e-05
0.0633197 3.00178e-05
0.07035961 3.061975e-05
0.0539522 3.32999e-05
0.07953039 3.262178e-05
0.07450176 3.217504e-05
0.1585043 3.191393e-05
0.1684502 3.373386e-05
0.1209422 3.066351e-05
0.114626 3.072215e-05
0.1524309 3.102743e-05
0.1330973 3.281157e-05
0.1345721 3.092767e-05
0.1067576 3.079577e-05
0.0873862 3.013081e-05
0.09237579 2.951446e-05
0.1172558 2.881009e-05
0.1429152 2.861712e-05
0.1652411 2.730086e-05
0.1614215 2.753619e-05
0.190136 2.753401e-05
0.1549514 2.808833e-05
0.165518 2.90442e-05
0.1046497 2.619073e-05
0.0957044 2.562431e-05
0.1207882 2.471446e-05
0.1638532 2.594215e-05
0.1533884 2.531191e-05
0.1687329 2.499122e-05
0.2107442 2.572619e-05
0.1833794 2.810359e-05
0.1562542 2.582388e-05
0.1376776 2.54742e-05
0.1434378 2.575169e-05
0.1477 2.630829e-05
0.1578633 2.66342e-05
0.1132126 2.70213e-05
0.1198272 2.824379e-05
0.09812683 2.693758e-05
0.09851104 2.736832e-05
0.07273588 2.833408e-05
0.05692124 2.839266e-05
0.04253163 2.667451e-05
0.05239751 2.72896e-05
0.04948575 2.911478e-05
0.0511434 2.897718e-05
0.05266054 2.771906e-05
0.09785521 2.826233e-05
0.08088153 2.908107e-05
0.08112672 2.722025e-05
0.08844421 2.698264e-05
0.122 2.95688e-05
0.1149873 3.027871e-05
0.1258762 3.051672e-05
0.09450174 3.05999e-05
0.1294703 3.025978e-05
0.1280448 2.836277e-05
0.1578196 2.635079e-05
0.2200849 2.545482e-05
0.1620429 2.37948e-05
0.1124938 2.602611e-05
0.1350999 2.51894e-05
0.1557337 2.38799e-05
0.1383138 2.71375e-05
0.1190663 2.50829e-05
0.09778443 2.466162e-05
0.1097629 2.657939e-05
0.1206463 2.669108e-05
0.1386688 2.725238e-05
0.1568429 2.614906e-05
0.1576627 2.657558e-05
0.1783404 2.593724e-05
0.1616642 2.376978e-05
0.09732317 2.177241e-05
0.1374321 2.037666e-05
0.1271916 1.966889e-05
0.1516454 1.912776e-05
0.1098716 2.013305e-05
0.08235866 2.061672e-05
0.06964584 2.227341e-05
0.07469468 2.051477e-05
0.06068937 2.168961e-05
0.07783079 2.303049e-05
0.05115823 2.361394e-05
0.0658374 2.464473e-05
0.0443123 2.307217e-05
0.04497385 2.417706e-05
0.02044266 2.327569e-05
0.01297424 2.148693e-05
0.02177722 2.012236e-05
0.01993022 2.068737e-05
0.01955632 2.029577e-05
0.01229916 2.006444e-05
0.01454539 1.962338e-05
0.001420598 2.027701e-05
0.01208959 1.929918e-05
0.008144894 1.892702e-05
0.00688342 1.874149e-05
0.01641148 1.915024e-05
0.02053596 1.823308e-05
0.0297321 1.687895e-05
0.04471821 1.757108e-05
0.03935766 1.767034e-05
0.0522531 1.741145e-05
0.03953049 1.707855e-05
0.05011871 1.730751e-05
0.06769229 1.727993e-05
0.05237411 1.686008e-05
0.02718551 1.683838e-05
0.01180305 1.663216e-05
0.0116988 1.694073e-05
0.01606602 1.75207e-05
0.03229096 1.74469e-05
0.03048887 1.778321e-05
0.06838446 2.15332e-05
0.09239097 2.05972e-05
0.07655224 1.963726e-05
0.05664919 1.874523e-05
0.04488199 1.750914e-05
0.03767568 1.712385e-05
0.01764608 1.664057e-05
0.03121584 1.690759e-05
0.02913022 1.844134e-05
0.05789831 1.858247e-05
0.05909059 1.894183e-05
0.06211128 2.019959e-05
0.03675979 1.946567e-05
0.03864202 1.904084e-05
0.05700633 1.890019e-05
0.05945438 2.055504e-05
0.07643356 2.006827e-05
0.09707504 2.000518e-05
0.1112786 2.073816e-05
0.1072192 2.120232e-05
0.1376114 2.100611e-05
0.1426358 2.265932e-05
0.1243246 2.220739e-05
0.1343416 2.288432e-05
0.1564472 2.358993e-05
0.1607965 2.370993e-05
0.1335796 2.471196e-05
0.1112052 2.450897e-05
0.0983425 2.236049e-05
0.1179064 1.995856e-05
0.1264379 1.881547e-05
0.1051907 1.849629e-05
0.1153261 2.10151e-05
0.1057932 2.204593e-05
0.08705878 2.060073e-05
0.06855363 2.039584e-05
0.07571851 1.997662e-05
0.08822924 1.946668e-05
0.1049413 2.027482e-05
0.08476019 2.091411e-05
0.1119736 2.164896e-05
0.1272959 2.311627e-05
0.1510856 2.297983e-05
0.1828329 2.240872e-05
0.1891772 2.258221e-05
0.1339941 2.391152e-05
0.1337767 2.450894e-05
0.1335788 2.397111e-05
0.1522144 2.577292e-05
0.1035258 2.592172e-05
0.1145687 2.503915e-05
0.1679056 2.374772e-05
0.1403413 2.411622e-05
0.1081155 2.460546e-05
0.09751386 2.407489e-05
0.07762053 2.429477e-05
0.1019671 2.183128e-05
0.1268247 2.148313e-05
0.1192406 2.243107e-05
0.1286243 2.184961e-05
0.1255034 2.085998e-05
0.1325083 2.157071e-05
0.1156224 2.158002e-05
0.1144314 2.208264e-05
0.1626953 2.126946e-05
0.1862143 2.229136e-05
0.2037544 2.05971e-05
0.1371022 2.161766e-05
0.1351005 2.289906e-05
0.09755099 2.264215e-05
0.1213072 2.185994e-05
0.0691419 2.121427e-05
0.08223941 2.183377e-05
0.06477664 2.19941e-05
0.08973476 2.253851e-05
0.1391679 2.213427e-05
0.1428145 2.218646e-05
0.1699004 2.15065e-05
0.2030448 2.124012e-05
0.1663929 2.175919e-05
0.1468616 2.135271e-05
0.1623445 2.0714e-05
0.1688312 2.309795e-05
0.1156934 2.357224e-05
0.1066881 2.425071e-05
0.1289675 2.547859e-05
0.129488 2.487233e-05
0.1562342 2.497023e-05
0.2088925 2.600029e-05
0.2093396 2.591447e-05
0.2087765 2.503176e-05
0.2212956 2.482989e-05
0.1833726 2.72118e-05
0.1937688 2.790574e-05
0.1277421 2.60179e-05
0.1143971 2.62778e-05
0.131983 2.432277e-05
0.09919621 2.524485e-05
0.08170183 2.482888e-05
0.09410959 2.537736e-05
0.08432303 2.54904e-05
0.06947393 2.450112e-05
0.07185992 2.549088e-05
0.04428087 2.686519e-05
0.01921433 2.835207e-05
0.006537972 2.963337e-05
0.01993095 2.805802e-05
0.01859505 2.674498e-05
0.01181203 2.791478e-05
0.00858783 2.872693e-05
0.01917019 2.730517e-05
0.02255299 2.73114e-05
0.01830989 2.60286e-05
0.01912402 2.64518e-05
0.0191409 2.620921e-05
0.02357093 2.52025e-05
0.04420004 2.418632e-05
0.07023307 2.326137e-05
0.07066939 2.324781e-05
0.08545188 2.204721e-05
0.1155707 2.062418e-05
0.1692298 2.086761e-05
0.181622 2.149701e-05
0.1508286 2.027839e-05
0.1466398 2.036982e-05
0.1445006 2.129862e-05
0.1502156 2.354974e-05
0.1369887 2.292412e-05
0.1430267 2.266714e-05
0.1546704 2.326937e-05
0.1330488 2.315733e-05
0.1381086 2.455428e-05
0.1443896 2.317875e-05
0.1539739 2.348315e-05
0.1782049 2.385641e-05
0.140377 2.260469e-05
0.1545764 2.323487e-05
0.1558333 2.379782e-05
0.1472397 2.459117e-05
0.1464608 2.415966e-05
0.1826167 2.405067e-05
0.1833649 2.421463e-05
0.1742213 2.593676e-05
0.1843018 2.445103e-05
0.2040406 2.328339e-05
0.2333365 2.093656e-05
0.2121947 2.224233e-05
0.197973 2.169004e-05
0.2219798 2.268036e-05
0.2230076 2.584054e-05
0.1462723 2.45208e-05
0.1112252 2.625526e-05
0.09654676 2.817752e-05
0.09991166 2.913533e-05
0.07342826 2.873172e-05
0.07665127 2.712879e-05
0.07835445 2.949968e-05
0.07899583 2.869807e-05
0.07676287 2.866791e-05
0.08392453 3.055399e-05
0.08370676 3.155507e-05
0.1135591 3.0336e-05
0.1210073 3.207862e-05
0.1007736 3.356372e-05
0.08346859 3.192546e-05
0.05125679 3.346366e-05
0.06638069 3.17319e-05
0.08928561 3.174851e-05
0.1044237 3.338387e-05
0.09595735 3.26429e-05
0.1055092 3.115774e-05
0.1290718 3.046468e-05
0.1460945 3.099084e-05
0.1400439 2.962284e-05
0.1563924 2.753526e-05
0.1222617 3.020578e-05
0.09546356 3.049042e-05
0.08000736 2.920586e-05
0.06151971 2.686775e-05
0.07565788 2.634547e-05
0.07195424 2.865983e-05
0.07355111 3.127026e-05
0.07701543 3.405592e-05
0.09742327 3.258812e-05
0.1089379 3.396018e-05
0.1142948 3.421262e-05
0.1271983 3.7762e-05
0.09089137 3.639474e-05
0.09264661 3.578363e-05
0.1087917 3.657609e-05
0.09591375 3.885722e-05
0.08540272 3.712586e-05
0.09026925 3.598686e-05
0.1265024 3.585973e-05
0.1383577 3.69875e-05
0.1121904 3.5091e-05
0.1358592 3.371605e-05
0.1490371 3.377867e-05
0.1557642 3.598209e-05
0.1498485 3.375315e-05
0.1518544 3.421485e-05
0.1265777 3.675122e-05
0.08442224 3.233324e-05
0.1167276 2.998277e-05
0.09090461 3.052452e-05
0.07419203 3.14223e-05
0.07314712 3.252997e-05
0.07416063 3.14491e-05
0.06447451 2.892145e-05
0.09425686 2.84879e-05
0.1104729 2.783726e-05
0.07581494 2.744793e-05
0.1054806 2.570809e-05
0.1259025 2.565682e-05
0.148875 2.539106e-05
0.1280418 2.519205e-05
0.1115129 2.472645e-05
0.1149293 2.538619e-05
0.1504694 2.533843e-05
0.1250602 2.706926e-05
0.09080937 2.659214e-05
0.09049845 2.548932e-05
0.1082139 2.597371e-05
0.09032231 2.683904e-05
0.1443522 2.65829e-05
0.1710061 2.740295e-05
0.1555872 2.797756e-05
0.1024417 2.812693e-05
0.07348879 2.752297e-05
0.09244502 2.835366e-05
0.05482834 3.148607e-05
0.06236285 3.234892e-05
0.09279449 3.064014e-05
0.1018567 3.157362e-05
0.09371832 3.301659e-05
0.09319672 3.280173e-05
0.09264751 3.262041e-05
0.08768888 3.155536e-05
0.05375929 3.252873e-05
0.02979371 2.995001e-05
0.04412766 3.00462e-05
0.08333913 2.885667e-05
0.1076284 3.096742e-05
0.1138035 3.157647e-05
0.146797 3.010958e-05
0.1191342 2.989472e-05
0.09165731 3.098244e-05
0.07054748 3.091846e-05
0.07415173 3.026909e-05
0.07181944 3.036591e-05
0.04744552 3.237489e-05
0.06292898 3.289686e-05
0.04791038 3.306296e-05
0.06423085 3.706681e-05
0.06605591 3.601146e-05
0.06240405 3.471987e-05
0.07072709 3.537422e-05
0.06116718 3.682483e-05
0.0441652 3.712079e-05
0.0648324 3.709064e-05
0.06685338 3.826584e-05
0.06626319 3.732818e-05
0.06040616 3.686227e-05
0.06285245 3.825156e-05
0.08431164 3.88775e-05
0.06129089 3.913875e-05
0.106356 3.939805e-05
0.09667984 3.750045e-05
0.119031 3.695731e-05
0.04962482 3.746999e-05
0.04073866 3.625491e-05
0.03702123 3.82424e-05
0.02414052 4.062465e-05
0.01143566 3.975221e-05
0.02229078 3.967216e-05
0.006060311 4.02246e-05
0.002426834 4.22187e-05
0.002290552 4.284872e-05
0.006225433 4.820015e-05
0.003528213 5.008901e-05
0.02434941 4.613238e-05
0.05514987 4.720805e-05
0.03958176 4.587387e-05
0.06521668 4.472389e-05
0.06422206 4.375518e-05
0.07813475 4.55761e-05
0.06278929 4.625984e-05
0.04711784 4.729605e-05
0.09678508 4.622942e-05
0.1191541 4.490014e-05
0.1167551 4.244869e-05
0.1678509 4.374304e-05
0.1249859 4.406454e-05
0.09855445 4.568463e-05
0.07699863 4.431895e-05
0.05751717 4.435425e-05
0.04812576 4.226713e-05
0.03980103 4.085218e-05
0.04520045 3.836257e-05
0.03212889 3.453208e-05
0.02654166 3.376338e-05
0.02690127 3.465532e-05
0.02699969 3.289524e-05
0.05210336 3.299211e-05
0.04716738 3.012899e-05
0.08421517 2.728766e-05
0.07232571 2.648542e-05
0.03452921 2.645323e-05
0.0559442 2.819392e-05
0.05607787 2.928578e-05
0.06530527 2.968043e-05
0.07491306 2.991569e-05
0.06714754 3.206569e-05
0.05640508 3.034105e-05
0.06842764 2.801539e-05
0.05289217 2.764774e-05
0.04627374 2.818467e-05
0.06856191 3.075845e-05
0.0702785 3.067954e-05
0.09467611 3.151399e-05
0.09390012 3.042489e-05
0.06902028 2.983974e-05
0.08761241 3.166829e-05
0.09495088 3.243273e-05
0.09114676 3.222861e-05
0.06525962 3.1948e-05
0.06710761 2.984405e-05
0.0898989 3.063124e-05
0.1114655 3.059518e-05
0.1046084 3.274193e-05
0.107052 3.31293e-05
0.1086011 3.474402e-05
0.1037633 3.567368e-05
0.09859074 3.636206e-05
0.1026875 3.657047e-05
0.08763417 3.502433e-05
0.09452415 3.641645e-05
0.06360183 3.530732e-05
0.0762554 3.45977e-05
0.08979653 3.514255e-05
0.1017209 3.504184e-05
0.0769005 3.792247e-05
0.07998374 3.929653e-05
0.1018648 3.804103e-05
0.07878922 3.874737e-05
0.09184856 3.822492e-05
0.09161639 3.745173e-05
0.07227976 3.54451e-05
0.129571 3.680574e-05
0.1646011 3.542685e-05
0.1822413 3.536041e-05
0.1950751 3.713475e-05
0.1579299 4.10754e-05
0.1571138 4.210351e-05
0.1285066 3.94736e-05
0.106143 3.751618e-05
0.09263539 3.585247e-05
0.1194635 3.806115e-05
0.1607369 3.918987e-05
0.1288954 3.824148e-05
0.1200211 3.970605e-05
0.136736 3.748386e-05
0.1387137 3.550348e-05
0.1859419 3.468899e-05
0.1725916 3.566837e-05
0.2096103 3.759077e-05
0.1902864 4.01027e-05
0.1822036 3.907752e-05
0.1860634 3.652523e-05
0.1912991 3.78746e-05
0.2290534 3.93235e-05
0.2309833 4.080772e-05
0.2389939 3.947746e-05
0.2047175 4.023856e-05
0.203158 3.740336e-05
0.2128454 3.698119e-05
0.197445 3.739465e-05
0.2234619 3.570114e-05
0.1932568 3.561037e-05
0.2151295 3.667695e-05
0.2095727 3.413992e-05
0.257635 3.475592e-05
0.2689829 3.647729e-05
0.2387034 3.756143e-05
0.2146138 3.782826e-05
0.2172871 3.99396e-05
0.1979778 4.106234e-05
0.1682692 4.133667e-05
0.1627183 4.11949e-05
0.1652536 4.272483e-05
0.128788 4.224608e-05
0.1209315 4.036845e-05
0.130388 4.203149e-05
0.1206951 4.266164e-05
0.1071935 4.269629e-05
0.08559818 4.188493e-05
0.04691932 4.650151e-05
0.07023115 4.469807e-05
0.07518448 4.614188e-05
0.06943214 5.008257e-05
0.05114414 4.771104e-05
0.05262202 4.524994e-05
0.04077419 4.343218e-05
0.04704696 4.024651e-05
0.05657377 4.11384e-05
0.03925829 4.160588e-05
0.06771175 4.03312e-05
0.06041045 4.491113e-05
0.0903209 4.635175e-05
0.1185213 4.842307e-05
0.1053707 5.172259e-05
0.08980462 5.52578e-05
0.07853961 5.804542e-05
0.05816075 5.716391e-05
0.04687208 5.679084e-05
0.03552009 5.525762e-05
0.05120679 5.820112e-05
0.03716425 5.593501e-05
0.04929624 5.96148e-05
0.01863651 6.404413e-05
0.00807484 6.576803e-05
0.01340322 6.438614e-05
0.01555961 6.617334e-05
0.03956743 6.121456e-05
0.03815473 6.183549e-05
0.03882182 6.353881e-05
0.02247913 6.293772e-05
0.02367936 6.606222e-05
0.02305561 6.489927e-05
0.01725163 6.596908e-05
0.01111927 6.108427e-05
0.0174567 5.774395e-05
0.04350738 5.632021e-05
0.05950486 5.905449e-05
0.08198753 5.583165e-05
0.09011781 5.500013e-05
0.1112714 5.415457e-05
0.1253382 5.305061e-05
0.1138555 5.226036e-05
0.1133941 5.147839e-05
0.1168682 5.209857e-05
0.1067131 5.296614e-05
0.09810647 5.373313e-05
0.07717616 5.547541e-05
0.07867365 5.930211e-05
0.0186507 6.035601e-05
0.0365646 6.171443e-05
0.02582382 6.207191e-05
0.03472209 6.627513e-05
0.03810174 6.540989e-05
0.05356516 6.851832e-05
0.08697528 6.227749e-05
0.05282899 6.495087e-05
0.06422461 6.654105e-05
0.07374842 6.412414e-05
0.07003408 6.241709e-05
0.04393448 5.816633e-05
0.03769797 5.806168e-05
0.04528126 5.921619e-05
0.04918511 5.799638e-05
0.06234743 5.822334e-05
0.05635787 5.659692e-05
0.07154763 5.573695e-05
0.06467546 5.013472e-05
0.07474428 4.869166e-05
0.08834754 4.776983e-05
0.08514845 4.587263e-05
0.06977306 4.65146e-05
0.06504202 4.668075e-05
0.06254674 4.81842e-05
0.06172316 4.952795e-05
0.03206897 4.882419e-05
0.02675718 4.914991e-05
0.01730136 4.469194e-05
0.03768457 4.545826e-05
0.03955804 4.71243e-05
0.03440287 4.587097e-05
0.08188086 4.309182e-05
0.05760952 4.585184e-05
0.05954402 4.520178e-05
0.03504557 4.929115e-05
0.03594738 5.033202e-05
0.04655839 5.078308e-05
0.07073806 5.285833e-05
0.09833931 5.421402e-05
0.09501818 5.3161e-05
0.0505168 5.459706e-05
0.04391961 5.52594e-05
0.04484367 5.806703e-05
0.05758081 5.729541e-05
0.08388149 5.493615e-05
0.05418771 5.245913e-05
0.03350238 5.536265e-05
0.05088086 5.504896e-05
0.03888699 5.571803e-05
0.04648841 5.539001e-05
0.03850232 5.634739e-05
0.04481583 5.522367e-05
0.03165851 5.317455e-05
0.03397945 5.481175e-05
0.0407561 5.166444e-05
0.04919086 5.188412e-05
0.06520601 6.11874e-05
0.07907728 6.242087e-05
0.09917584 6.462493e-05
0.06479488 6.155359e-05
0.0567723 6.029485e-05
0.05743501 6.235338e-05
0.0547267 5.986175e-05
0.07655369 6.135274e-05
0.08592941 6.230365e-05
0.04753521 6.033984e-05
0.05331724 5.860353e-05
0.07599103 6.216869e-05
0.080168 6.600527e-05
0.06735752 6.52131e-05
0.0867832 6.586908e-05
0.06538283 6.732388e-05
0.07182228 6.866161e-05
0.07100029 6.707529e-05
0.06396875 7.296354e-05
0.06456592 7.903798e-05
0.06954566 8.128732e-05
0.06485054 8.096431e-05
0.04603748 8.728755e-05
0.06451957 8.574726e-05
0.08269893 8.625988e-05
0.06569145 8.572909e-05
0.08116722 8.006491e-05
0.07509737 7.772026e-05
0.06555025 7.946574e-05
0.05644398 8.111848e-05
0.04651706 7.216408e-05
0.03664477 7.549847e-05
0.01161794 7.652746e-05
0.01925988 7.24836e-05
0.01309993 8.024341e-05
0.05398902 7.892732e-05
0.08286577 8.543563e-05
0.08519948 7.569842e-05
0.07377419 7.722466e-05
0.04266661 7.678552e-05
0.06284574 7.322312e-05
0.06644951 7.537559e-05
0.06892367 7.815999e-05
0.07935885 7.994185e-05
0.08606632 7.80015e-05
0.07428887 7.318928e-05
0.07681108 7.317632e-05
0.05693462 7.421217e-05
0.0403075 7.515144e-05
0.0224783 7.79142e-05
0.01496548 7.588235e-05
0.04160827 7.851869e-05
0.03191526 8.304497e-05
0.04469896 8.799919e-05
0.03564961 8.686178e-05
0.04372617 9.031872e-05
0.0378811 8.563277e-05
0.03278843 8.673564e-05
0.03621045 7.785064e-05
0.03767464 7.658131e-05
0.04065903 7.692479e-05
0.04428069 7.357921e-05
0.04608332 7.37171e-05
0.0642828 7.142237e-05
0.09071155 6.776949e-05
0.1018042 6.958859e-05
0.06666034 7.103698e-05
0.0349388 7.728241e-05
0.0623195 7.733372e-05
0.03529998 7.642051e-05
0.03238943 8.055032e-05
0.04759977 8.10029e-05
0.03241405 8.737822e-05
0.04432125 8.47205e-05
0.04018249 8.256911e-05
0.03625873 8.333392e-05
0.0388337 8.557083e-05
0.0646214 8.204021e-05
0.03455117 8.099098e-05
0.03924737 8.297976e-05
0.02531458 8.157436e-05
0.02088794 8.377118e-05
0.01602049 8.299895e-05
0.009732962 7.897462e-05
0.01746276 8.104847e-05
0.03631298 8.222571e-05
0.02871517 8.438924e-05
0.007043719 8.43331e-05
0.01975129 8.596937e-05
0.02329246 8.68382e-05
0.03284291 9.875321e-05
0.06702412 9.375383e-05
0.06472667 8.923507e-05
0.06819736 8.47688e-05
0.07227282 8.167382e-05
0.04173873 7.796748e-05
0.05453029 7.38301e-05
0.04854824 7.484224e-05
0.06001809 7.284275e-05
0.06776755 7.467534e-05
0.05127949 6.756446e-05
0.0555074 6.668441e-05
0.06013985 6.675832e-05
0.04710989 6.652938e-05
0.0740931 6.446616e-05
0.04230199 6.116458e-05
0.06341935 6.236151e-05
0.06194075 6.555297e-05
0.04991536 7.046974e-05
0.07709643 6.725686e-05
0.06702089 6.565342e-05
0.07751235 6.763622e-05
0.06906895 6.798349e-05
0.08002018 7.126282e-05
0.0752471 6.37379e-05
0.04631817 6.865452e-05
0.06807575 7.165982e-05
0.06282921 7.142175e-05
0.0489391 7.11752e-05
0.0428024 7.341558e-05
0.03241423 7.435928e-05
0.03892736 7.694731e-05
0.03565593 7.552277e-05
0.03139523 7.738504e-05
0.04518187 8.751015e-05
0.04600666 8.460433e-05
0.05450391 8.260636e-05
0.08320939 8.412884e-05
0.08176608 8.654392e-05
0.07935418 8.132223e-05
0.07151949 7.72912e-05
0.06365264 7.164208e-05
0.03886812 7.037642e-05
0.03529864 6.875954e-05
0.04195542 7.341174e-05
0.0495793 7.215732e-05
0.06163684 7.556182e-05
0.04999747 7.424785e-05
0.04871864 7.395592e-05
0.04564324 6.932638e-05
0.0534497 7.289183e-05
0.06349692 7.526575e-05
0.06434887 7.586514e-05
0.04008877 7.790647e-05
0.04671968 7.7861e-05
0.04764374 7.941061e-05
0.05427386 8.225641e-05
0.06675258 9.116538e-05
0.05984567 8.949911e-05
0.06528869 8.453247e-05
0.07154869 8.673588e-05
0.0930775 8.999634e-05
0.09454203 8.783292e-05
0.06094239 8.199395e-05
0.03633793 8.88539e-05
0.04365558 8.453808e-05
0.03424689 8.994152e-05
0.05376461 9.074575e-05
0.0812339 8.558262e-05
0.07851312 8.078006e-05
0.07657994 8.171368e-05
0.06600612 8.32356e-05
0.04659488 8.46331e-05
0.05611013 8.45084e-05
0.07157563 8.252364e-05
0.07266741 8.210259e-05
0.06158183 7.789589e-05
0.0964392 7.441403e-05
0.09865535 7.136584e-05
0.0635484 6.466969e-05
0.06404144 6.338846e-05
0.1001438 6.406829e-05
0.04952643 6.899664e-05
0.077594 6.909798e-05
0.05859562 6.769539e-05
0.07826509 7.091916e-05
0.06635508 7.280082e-05
0.04658449 7.313303e-05
0.07459586 7.090927e-05
0.05973604 7.208101e-05
0.05486731 6.95564e-05
0.04481829 6.78977e-05
0.05050555 6.734364e-05
0.05604076 6.682052e-05
0.05947228 6.862532e-05
0.06625523 6.588078e-05
0.04660956 6.265748e-05
0.02578774 6.20196e-05
0.02321762 6.090553e-05
0.02589159 6.235969e-05
0.03717376 6.13948e-05
0.0478442 6.449988e-05
0.04014473 6.350034e-05
0.05183524 6.890112e-05
0.03449464 6.759797e-05
0.04369158 7.033776e-05
0.03305714 7.440182e-05
0.0178399 7.830029e-05
0.02640978 7.729369e-05
0.03259232 7.562111e-05
0.047735 7.73764e-05
0.04576826 8.277895e-05
0.03516223 8.014619e-05
0.02880252 7.671333e-05
0.04080568 7.534641e-05
0.07649163 7.883222e-05
0.07777513 7.45569e-05
0.03341537 7.213259e-05
0.03902495 7.392415e-05
0.03103115 7.709354e-05
0.03734597 7.40404e-05
0.04376704 7.702137e-05
0.03914689 7.809057e-05
0.04864425 8.309052e-05
0.03409654 8.487015e-05
0.01681931 9.053389e-05
0.03111189 9.286521e-05
0.03240564 9.470108e-05
0.02829025 0.00010088
0.02816572 0.0001020129
0.02929834 0.0001063719
0.03290197 9.485266e-05
0.03129293 9.422833e-05
0.04225451 0.0001055902
0.03284678 0.000106503
0.02919214 9.762456e-05
0.01337188 9.888362e-05
0.005383973 9.474046e-05
0.02031612 9.934688e-05
0.01184902 9.220822e-05
0.009336905 8.633339e-05
0.003740522 8.879435e-05
0.015184 8.655373e-05
0.02125869 9.209575e-05
0.03571653 9.968626e-05
0.04503974 9.64204e-05
0.03750926 9.395807e-05
0.026279 9.40404e-05
0.03310656 9.832558e-05
0.03969639 9.264227e-05
0.02705148 0.000104692
0.03413665 0.0001038411
0.03753171 0.0001039615
0.06692094 0.0001008481
0.09499121 9.70837e-05
0.07988161 9.640557e-05
0.1112986 9.11074e-05
0.1185222 9.343598e-05
0.09623373 9.42079e-05
0.0941937 9.256217e-05
0.08389474 9.161581e-05
0.05339792 8.666059e-05
0.06261453 8.559127e-05
0.04816309 7.93993e-05
0.05310549 8.327797e-05
0.0525902 8.810071e-05
0.05458169 9.070918e-05
0.03411939 9.153739e-05
0.03073137 9.034053e-05
0.02444191 8.802246e-05
0.04709942 8.961929e-05
0.03531551 8.730241e-05
0.0386418 8.991147e-05
0.04523949 8.880951e-05
0.05226776 8.439315e-05
0.05686692 8.065977e-05
0.04742181 8.818301e-05
0.05694998 8.823461e-05
0.0481646 8.536907e-05
0.07964693 8.521951e-05
0.0518828 8.869075e-05
0.08339053 8.873368e-05
0.08801743 8.851061e-05
0.09338097 8.52799e-05
0.08608124 7.888475e-05
0.07127703 7.800926e-05
0.0638193 8.028087e-05
0.04060682 7.217121e-05
0.0396605 7.263029e-05
0.05859798 7.226255e-05
0.0571544 6.78762e-05
0.09392109 6.794448e-05
0.08829389 6.859929e-05
0.06154055 7.007302e-05
0.03344567 7.107489e-05
0.05023529 7.219726e-05
0.06079507 6.933276e-05
0.07357273 7.538114e-05
0.06828438 7.218853e-05
0.08344189 7.473495e-05
0.07731722 7.719759e-05
0.1080026 7.715173e-05
0.08822404 7.356768e-05
0.06752476 7.42092e-05
0.09265591 7.364324e-05
0.06559072 7.411444e-05
0.04033996 7.595697e-05
0.02423379 7.050449e-05
0.03637757 7.008539e-05
0.01926104 6.856076e-05
0.03529871 6.231714e-05
0.0651914 6.29246e-05
0.0846166 5.992285e-05
0.06531398 6.341626e-05
0.08926866 5.750702e-05
0.1055007 5.690056e-05
0.09124268 5.584734e-05
0.1062315 5.401323e-05
0.06862207 5.173049e-05
0.0437946 5.193558e-05
0.04036189 4.839725e-05
0.0472095 4.598992e-05
0.02063228 4.868387e-05
0.02776226 4.818005e-05
0.07380451 4.778203e-05
0.07022509 4.582611e-05
0.09632653 4.565519e-05
0.08642741 4.645032e-05
0.1035396 4.711826e-05
0.1219888 5.09979e-05
0.1605632 5.256002e-05
0.1282808 5.224757e-05
0.1294201 5.393366e-05
0.1271589 5.142843e-05
0.09945775 5.206295e-05
0.0855005 5.238327e-05
0.08237722 5.547515e-05
0.1080304 5.291435e-05
0.1185341 5.010127e-05
0.09637106 5.363538e-05
0.1245925 5.780805e-05
0.1010998 5.284096e-05
0.07818791 5.426011e-05
0.07318195 5.790593e-05
0.07345538 5.795364e-05
0.05545042 6.056756e-05
0.05323138 6.059774e-05
0.04915496 5.72941e-05
0.0494743 5.90144e-05
0.03378741 6.098382e-05
0.02043823 6.236521e-05
0.04473769 5.923681e-05
0.05667781 6.147912e-05
0.07707959 6.377926e-05
0.05907564 6.29633e-05
0.0568856 6.243357e-05
0.05652049 6.409669e-05
0.07545849 6.009066e-05
0.06704499 5.844005e-05
0.05886054 5.602467e-05
0.04705351 5.900837e-05
0.02887706 6.276063e-05
0.04153748 6.293654e-05
0.0457323 6.603894e-05
0.03116412 6.73579e-05
0.04899742 7.219057e-05
0.02855977 7.149738e-05
0.03370098 7.301564e-05
0.03630204 6.797393e-05
0.06176621 6.717431e-05
0.06212021 6.668636e-05
0.1203169 6.193414e-05
0.1479774 5.865094e-05
0.1565837 6.088219e-05
0.1979348 6.307057e-05
0.1812736 6.418252e-05
0.1425007 6.193976e-05
0.1654548 6.306606e-05
0.1657407 6.003727e-05
0.1394807 5.846135e-05
0.1772377 5.611587e-05
0.1431384 5.786689e-05
0.1173103 5.626721e-05
0.1243639 5.316547e-05
0.1276089 5.26508e-05
0.1053639 5.220057e-05
0.0856782 5.297984e-05
0.07146242 5.54845e-05
0.04245655 5.457556e-05
0.03520858 5.262647e-05
0.04733989 5.590948e-05
0.02383189 5.450514e-05
0.03622376 5.006606e-05
0.01700598 4.789361e-05
0.01638963 4.923505e-05
0.02776017 4.99746e-05
0.01651604 5.190494e-05
0.01340435 5.583803e-05
0.01077471 5.897706e-05
0.01787876 6.087956e-05
0.0233069 5.743949e-05
0.02297642 5.572189e-05
0.04032549 6.025228e-05
0.03257648 5.830634e-05
0.04201239 5.643172e-05
0.02650966 6.125556e-05
0.008493997 6.257631e-05
0.01511928 6.212651e-05
0.01706592 5.887913e-05
0.04156513 5.576172e-05
0.03864244 5.54847e-05
0.04191705 5.157256e-05
0.0618852 5.147614e-05
0.07448166 5.108334e-05
0.06894399 5.06841e-05
0.06673647 5.471422e-05
0.05989163 5.42488e-05
0.08334183 5.601783e-05
0.07471454 5.541564e-05
0.07981626 5.296355e-05
0.07282572 5.36595e-05
0.04233357 5.309747e-05
0.03728093 5.118473e-05
0.02878926 4.957021e-05
0.03831278 4.927793e-05
0.03065739 4.736625e-05
0.01937404 4.790138e-05
0.03078699 4.987342e-05
0.04870796 5.405543e-05
0.04150619 5.807651e-05
0.03419356 5.81018e-05
0.02279193 6.17999e-05
0.04350868 6.417854e-05
0.04369293 6.389901e-05
0.04012882 6.307385e-05
0.02943535 6.290598e-05
0.03019717 6.553819e-05
0.02395321 6.92051e-05
0.04290775 7.486735e-05
0.03994501 7.611051e-05
0.04423981 7.953219e-05
0.03354211 7.49437e-05
0.02764261 8.088467e-05
0.03604607 7.343181e-05
0.0236818 7.240598e-05
0.0233516 7.189337e-05
0.01744139 7.281954e-05
0.02259011 7.333783e-05
0.02796094 7.530729e-05
0.04047347 7.685084e-05
0.04127944 8.666597e-05
0.01963219 9.119876e-05
0.02714864 9.171645e-05
0.04148593 9.318561e-05
0.04410975 8.934674e-05
0.05427881 8.686703e-05
0.05533433 9.408094e-05
0.03805773 9.404067e-05
0.04432442 9.479549e-05
0.05380948 9.123048e-05
0.0421069 8.763342e-05
0.0419454 8.59771e-05
0.06795219 9.138153e-05
0.06163494 9.349017e-05
0.05003295 9.24654e-05
0.01652159 9.588688e-05
0.02009634 9.573483e-05
0.03884461 0.00010252
0.02343178 0.0001102873
0.009298862 0.000112065
0.01934973 0.0001105718
0.01897492 0.0001104816
0.01595673 0.0001074103
0.0191653 0.0001051071
0.03113442 0.0001071502
0.041952 0.0001046214
0.03193967 0.0001092059
0.03745112 0.0001077492
0.03431232 0.0001042185
0.0478832 0.0001017777
0.03757394 9.675321e-05
0.02439798 0.0001002635
0.02491101 0.0001014948
0.01184098 0.0001016422
0.0001597547 0.0001039053
0.003546103 0.0001035327
0.02632364 0.0001065037
0.05004349 0.000109842
0.05540757 0.0001214446
0.06146219 0.000122521
0.07381817 0.0001191196
