probIn scale
0.03307769 0.0140462
0.04221016 0.013385
0.03066628 0.01398275
0.02110039 0.01409816
0.021473 0.01463173
0.02544527 0.01379493
0.03583677 0.01453263
0.02429254 0.01392469
0.02442978 0.01449342
0.01612944 0.01426937
0.01346299 0.01432151
0.02544231 0.01455022
0.03964175 0.01511746
0.02346869 0.01558412
0.04107129 0.01557267
0.04481533 0.01547176
0.01609533 0.01435921
0.02003116 0.0131666
0.01367945 0.0118464
0.02434743 0.01205363
0.01225387 0.01338557
0.007103277 0.01360841
0.005826395 0.01366191
0.01017561 0.01360986
0.02058201 0.01490245
0.01792375 0.01553354
0.01030387 0.01644525
0.009579369 0.01564694
0.01800833 0.01622133
0.02787334 0.01672692
0.0119103 0.01531061
0.02195142 0.0144877
0.03649664 0.01406344
0.02031939 0.01528148
0.01918187 0.01570546
0.01377966 0.01606127
0.004291957 0.01638912
0.007062315 0.01599839
0.01193772 0.0163854
0.01099476 0.01646248
0.008897929 0.01595518
0.01354935 0.01559983
0.02882564 0.01674133
0.02095204 0.01796713
0.01242918 0.01712453
0.0171229 0.0177909
0.01111995 0.01720425
0.006709641 0.01668132
0.01247132 0.01660963
0.01492058 0.01601976
0.01292941 0.01572879
0.02884847 0.01545132
0.02460792 0.01516055
0.03220678 0.01424551
0.03083237 0.01436903
0.02210828 0.01399069
0.02028207 0.01515791
0.03436368 0.01466391
0.03708208 0.01480642
0.03053602 0.01512489
0.03747099 0.01640131
0.04137497 0.01565828
0.03077458 0.01530563
0.0224563 0.01568976
0.01905095 0.01651306
0.02102702 0.01648481
0.01271298 0.01690405
0.004575654 0.01696113
0.006409333 0.01546994
0.01531656 0.01492016
0.01957425 0.01491454
0.02328319 0.01484737
0.02025523 0.01368359
0.02489705 0.01297235
0.006097598 0.01268788
0.005671953 0.01258852
0.01222424 0.01284325
0.02059626 0.01285528
0.01614668 0.01305196
0.01745621 0.01325552
0.04053621 0.01356492
0.03787708 0.01272763
0.04212513 0.01264805
0.01926105 0.01265764
0.0208364 0.0121175
0.01675043 0.01140596
0.02171522 0.01172956
0.04866122 0.01223338
0.05806672 0.01260249
0.03613344 0.01176387
0.02992326 0.01075326
0.02752316 0.01071557
0.02539372 0.01053508
0.06078799 0.01050369
0.04637072 0.01046152
0.03913767 0.009071069
0.03607096 0.009914642
0.0322227 0.009752141
0.01278462 0.009454579
0.01177651 0.009080195
0.03059531 0.009528109
0.03059246 0.008927612
0.0199449 0.009147088
0.0270215 0.009209215
0.02514337 0.009257395
0.02149473 0.008677132
0.01035011 0.008659932
0.0054387 0.008462142
0.01215424 0.009005566
0.02527142 0.008497228
0.0322818 0.008317621
0.0117807 0.008245859
0.009156326 0.007441086
0.01498439 0.007352122
0.01134531 0.006887671
0.02209936 0.006581708
0.03747421 0.005547547
0.03776852 0.005672675
0.02320542 0.005833382
0.01627946 0.005334459
0.01305963 0.005573953
0.0192223 0.005755959
0.02413367 0.005838441
0.03092464 0.005875488
0.07641964 0.006093164
0.04775592 0.006309416
0.05006438 0.006238095
0.05394308 0.006409444
0.05763261 0.006427013
0.06593417 0.006575447
0.0779963 0.00679585
0.07097918 0.006238159
0.06542145 0.006805815
0.0378025 0.006990187
0.03899163 0.00674095
0.01831352 0.006723476
0.01068277 0.006357724
0.02759963 0.006413659
0.03368761 0.006765953
0.02225081 0.006340325
0.03111949 0.005753603
0.04438487 0.006044331
0.03146094 0.006434841
0.05340716 0.00674334
0.06287735 0.007172193
0.05728607 0.00745946
0.05351486 0.007750865
0.03776437 0.0072392
0.02412935 0.006855532
0.01961634 0.007041904
0.02856949 0.006876974
0.03052595 0.006987117
0.0527684 0.007217001
0.09715709 0.007014422
0.07613828 0.006999902
0.07574472 0.00684293
0.08771025 0.006184704
0.106519 0.00597525
0.07696757 0.005641532
0.0762535 0.005671793
0.04889541 0.005332069
0.106066 0.005272551
0.1394381 0.005867568
0.09716821 0.005716603
0.074697 0.005551662
0.05768717 0.005645951
0.06588179 0.005318564
0.1077135 0.005307203
0.08053347 0.005161913
0.07919933 0.005067201
0.09431134 0.004683434
0.0930588 0.004707644
0.09433397 0.004532646
0.08372397 0.004471373
0.09001385 0.004764185
0.06648135 0.00458729
0.05345846 0.004690397
0.07167828 0.004599226
0.06906716 0.004550549
0.08967406 0.004650643
0.09560101 0.004952328
0.1210937 0.005024886
0.07962659 0.004794147
0.09472795 0.004821671
0.08158263 0.00501245
0.07169401 0.004720081
0.07068902 0.004936493
0.05914401 0.005298029
0.08002045 0.005401297
0.06142211 0.005472406
0.03441142 0.005278017
0.02083362 0.005575345
0.0171729 0.006081992
0.01314187 0.006203615
0.02722404 0.006072147
0.02368012 0.006049879
0.01851741 0.006096584
0.01991044 0.005767989
0.0241765 0.005745496
0.04034138 0.00569418
0.02226639 0.005632582
0.02795821 0.00564463
0.02206093 0.00605025
0.01332596 0.006067425
0.01627613 0.006430299
0.03600197 0.005873849
0.0323923 0.006123885
0.03421768 0.005979982
0.008656539 0.006110522
0.02416867 0.006040095
0.01356851 0.006131258
0.006174131 0.005985289
0.001761758 0.006030386
0.01261695 0.005582717
0.01278301 0.005332631
0.0131243 0.005494155
0.01803316 0.005625007
0.004181661 0.005511157
0.007600057 0.005720715
0.02321582 0.005600738
0.02886614 0.005402158
0.02305969 0.005045449
0.02600051 0.005197456
0.03605568 0.005455286
0.04723393 0.004984196
0.05445824 0.005171195
0.05074052 0.005167724
0.03356055 0.005102359
0.01931694 0.004912229
0.01926978 0.004616449
0.0373328 0.004896324
0.04488283 0.005086463
0.05548678 0.004956921
0.06864974 0.005221086
0.06068265 0.005514156
0.06244857 0.005173097
0.04650587 0.004858006
0.03589695 0.004874392
0.03442815 0.004951517
0.01277545 0.004912817
0.02467435 0.004624945
0.01205874 0.004504637
0.01657538 0.004744457
0.01404372 0.004678815
0.01344483 0.004726486
0.01841411 0.004884853
0.02348287 0.004728405
0.0325056 0.004869211
0.04037019 0.005005566
0.05942312 0.004848
0.03067771 0.004601323
0.02629547 0.004229183
0.03225671 0.00428752
0.04205559 0.004135127
0.05447545 0.00435939
0.03383076 0.004681577
0.03131541 0.005011597
0.05463867 0.005100798
0.03468861 0.004735408
0.02826984 0.004641953
0.02911083 0.004755519
0.01771465 0.00464369
0.02264104 0.004541126
0.0179895 0.004648295
0.01411165 0.004597224
0.0160346 0.004826051
0.01221449 0.004715102
0.01081589 0.004581186
0.01225496 0.004670386
0.01025152 0.00464939
0.02358942 0.004604681
0.02878551 0.0051386
0.02489267 0.005441447
0.05134916 0.005831154
0.03959036 0.006200284
0.01355288 0.006147579
0.02055516 0.006482617
0.02068913 0.006444064
0.01244569 0.006490072
0.01037491 0.006360871
0.01826087 0.006094629
0.01582382 0.005952746
0.03574001 0.006040578
0.02922598 0.006040934
0.02539766 0.005721076
0.01639646 0.005378051
0.000718917 0.005307338
0.003019803 0.005614109
0.0130708 0.005525656
0.01434244 0.00521852
0.05277772 0.005380478
0.04672464 0.005776984
0.04541927 0.005545711
0.03709346 0.005818467
0.03393014 0.00614169
0.01815208 0.005852711
0.01436294 0.005739721
0.03057046 0.005820842
0.042759 0.006089069
0.02145053 0.00622146
0.008364802 0.006135999
0.0200766 0.006126493
0.01516946 0.005591135
0.03765956 0.005656677
0.06195412 0.006511666
0.04365711 0.006542377
0.04551845 0.006733358
0.04005632 0.006794068
0.03115105 0.006856147
0.02234909 0.007136575
0.03358166 0.007568277
0.04263043 0.007246076
0.01997888 0.007997223
0.01928789 0.007955088
0.0334991 0.008221275
0.02213702 0.008002553
0.02555341 0.008225164
0.02502258 0.008396525
0.05021153 0.008390486
0.05680264 0.008389918
0.03181116 0.007292164
0.02276027 0.007020922
0.02533962 0.006990628
0.01306047 0.006276998
0.01689419 0.006445841
0.01286787 0.0064205
0.01451419 0.006430864
0.009093792 0.006106478
0.0232328 0.005155582
0.02044322 0.005137704
0.01802726 0.005043353
0.01706594 0.004854082
0.01836358 0.004689763
0.01379296 0.004512629
0.0122092 0.004292025
0.008389075 0.003948028
0.01113251 0.003736388
0.01096755 0.003772858
0.0204818 0.004018255
0.01116228 0.004156272
0.01262677 0.004075187
0.01457199 0.00416089
0.01550425 0.004288133
0.008076919 0.004510492
0.01656153 0.004491999
0.02694814 0.004471134
0.03727678 0.004780969
0.04627223 0.00452763
0.03734997 0.004497402
0.03198224 0.004754735
0.0235379 0.004660982
0.02453968 0.00426528
0.03118151 0.004088242
0.03007096 0.004004081
0.05774489 0.004287825
0.06077286 0.00416697
0.04547572 0.004147234
0.04208657 0.004214287
0.03744687 0.00397115
0.02511625 0.003970456
0.04106701 0.003767773
0.05181183 0.003746092
0.07928044 0.003414375
0.06156921 0.003693237
0.03844943 0.003362212
0.0119776 0.003291327
0.01368752 0.003244589
0.01829844 0.003202163
0.007810039 0.003351185
0.009614752 0.003503198
0.0104438 0.003499097
0.02417871 0.003373134
0.0265472 0.003305227
0.03687932 0.003272318
0.05010553 0.003124986
0.06147059 0.003036
0.05061653 0.003262552
0.05523684 0.0032339
0.02493234 0.003219743
0.03670905 0.003146672
0.01268454 0.002992847
0.03118932 0.003040536
0.01926421 0.003046992
0.02192499 0.00305289
0.02979147 0.003004631
0.01173365 0.003094051
0.01732203 0.003154503
0.03057284 0.003227427
0.03129235 0.003277895
0.02817545 0.00336684
0.04315562 0.003409432
0.07319228 0.003548715
0.08107252 0.003683012
0.07431506 0.003813424
0.05936845 0.003699903
0.06955205 0.003710635
0.06764898 0.003820448
0.06962185 0.003518838
0.07428542 0.003366177
0.0879626 0.003533463
0.08826074 0.003581576
0.05831029 0.003600508
0.05371715 0.003424882
0.02769746 0.003644814
0.02940835 0.00385831
0.03218027 0.00415474
0.04217569 0.004181587
0.03900725 0.004059943
0.04131698 0.003833264
0.04341915 0.003931587
0.05746168 0.004068423
0.02531512 0.004046584
0.02799558 0.003689673
0.01259259 0.003495917
0.01120089 0.003403489
0.02543876 0.003330877
0.03277198 0.003278913
0.03088199 0.003253035
0.007021336 0.003275237
0.01499913 0.003221271
0.004940339 0.003131987
0.00783922 0.003267513
0.02541364 0.003379846
0.04201305 0.003418322
0.05176152 0.003106958
0.05187756 0.003047919
0.05377042 0.002964816
0.05848995 0.002944825
0.06765479 0.002967379
0.05423387 0.002997535
0.0623335 0.002991608
0.05843415 0.002753838
0.07547026 0.003126777
0.06664327 0.003350482
0.07822188 0.003581708
0.09818831 0.003528284
0.1225645 0.003382303
0.1429617 0.003487464
0.1490595 0.003503217
0.1185043 0.003146107
0.1189951 0.003378439
0.1106035 0.003498583
0.09825291 0.003388786
0.08536298 0.00348028
0.06883085 0.003233079
0.1115178 0.00335175
0.09146684 0.003565541
0.0874947 0.003712393
0.1010536 0.003990788
0.1325623 0.003863357
0.1096675 0.00365824
0.1033393 0.003541367
0.09448346 0.003406138
0.06083646 0.003255376
0.07608289 0.0033491
0.1030861 0.004252709
0.0925271 0.004195112
0.08400738 0.00393426
0.09423427 0.004167838
0.106573 0.004026598
0.1066115 0.004609661
0.1145814 0.004796372
0.1023037 0.004529374
0.1144241 0.00414785
0.1035263 0.004122214
0.09294145 0.004379327
0.1196789 0.004512151
0.1002778 0.004262578
0.09021921 0.004287355
0.09214321 0.004411073
0.08062186 0.004610949
0.1049404 0.004953288
0.09256281 0.00493142
0.0900445 0.005057603
0.09262484 0.005058605
0.1165931 0.005109009
0.1451054 0.004980847
0.1377775 0.005226299
0.09801042 0.005167058
0.0886642 0.005291309
0.06213468 0.005076913
0.07450186 0.005011938
0.04678403 0.004901458
0.05831097 0.004752244
0.05619316 0.005090642
0.05654104 0.005056317
0.0550238 0.005005981
0.05477435 0.004631111
0.04730017 0.004506298
0.05784404 0.004733702
0.06042078 0.005008496
0.09528513 0.004898327
0.09464681 0.004908061
0.07201057 0.005077175
0.05649618 0.004983974
0.05871544 0.004841144
0.06403737 0.00495804
0.04459036 0.005073285
0.03073065 0.004698256
0.03129951 0.00472876
0.03555491 0.004457161
0.02506501 0.004913986
0.02814358 0.004843303
0.0187021 0.004790178
0.01552548 0.005125866
0.01301056 0.005117964
0.002305376 0.004859788
0.006719233 0.004805042
0.01392701 0.004737753
0.03514477 0.004774065
0.01373271 0.004589546
0.02466335 0.004745725
0.008092206 0.004667649
0.01154322 0.004685262
0.02274216 0.004630853
0.02052751 0.004274968
0.01838967 0.004421356
0.02060963 0.004582346
0.0313707 0.00465471
0.03122583 0.00477202
0.03947165 0.004566532
0.06081243 0.004201422
0.06028464 0.004407991
0.08499685 0.004402074
0.06846701 0.004271645
0.08470159 0.004124651
0.06790778 0.003591237
0.03054635 0.003581121
0.04883034 0.003368515
0.06421993 0.003282174
0.04317178 0.003438659
0.04480783 0.003444081
0.05431636 0.003518475
0.07223113 0.003451542
0.08097579 0.003767841
0.05441669 0.003889856
0.04844149 0.003846196
0.0477425 0.003830237
0.08728064 0.004101579
0.1019858 0.003933082
0.06869597 0.003894799
0.04478837 0.004240956
0.05086621 0.00381916
0.07046493 0.003684463
0.09595947 0.00354929
0.06753768 0.004005789
0.101851 0.004179638
0.1107913 0.003923795
0.09493579 0.003953946
0.06785098 0.003947878
0.06479859 0.00396188
0.0624791 0.003755672
0.02953225 0.003809187
0.03702764 0.003590732
0.04834262 0.003799132
0.06853925 0.004225781
0.06438446 0.004009513
0.04776757 0.004106013
0.06204192 0.004200485
0.06452467 0.004303282
0.08238118 0.004619219
0.1027733 0.004499874
0.1271186 0.004382734
0.1038042 0.004598173
0.1193395 0.004503495
0.1287175 0.00466966
0.1095856 0.004890429
0.1029115 0.005118529
0.08720542 0.005170966
0.07233381 0.00508949
0.07441329 0.005485889
0.05996814 0.005103379
0.08809212 0.005065605
0.0717453 0.005076978
0.06735629 0.00518557
0.05058017 0.005201047
0.04886119 0.005385052
0.03793061 0.005471553
0.04267198 0.005274346
0.02999294 0.005045567
0.05340862 0.005170928
0.0761359 0.005140137
0.05911462 0.004888527
0.07545795 0.004540894
0.06412905 0.004482455
0.06141426 0.004726827
0.1032271 0.00476014
0.103707 0.004804313
0.05614061 0.005020795
0.05267789 0.005367487
0.06359882 0.005588092
0.07513187 0.00577434
0.07416978 0.005283461
0.05608598 0.005151753
0.06658797 0.005103914
0.1181097 0.005852057
0.06593105 0.005965392
0.04683929 0.006129183
0.03633862 0.006017612
0.03115213 0.006188047
0.03533378 0.006193827
0.01490526 0.006113469
0.01475889 0.006156288
0.02192688 0.006504039
0.02514109 0.006362832
0.02119098 0.006097623
0.02471448 0.005993048
0.05438921 0.00557834
0.01595015 0.005390437
0.01188042 0.005391666
0.03638351 0.005722735
0.04502124 0.005728786
0.03304864 0.005827158
0.0402615 0.005823347
0.05110915 0.005523408
0.05738099 0.005266421
0.02441743 0.005479427
0.03367274 0.005643104
0.02114302 0.005919632
0.0318045 0.005967807
0.01955098 0.00601981
0.04132293 0.00613282
0.05300744 0.005545959
0.04583018 0.005643132
0.03996383 0.005859457
0.05962541 0.00585616
0.04810736 0.005434725
0.07686802 0.005448286
0.08181612 0.00575632
0.1081673 0.006503727
0.1100902 0.006790583
0.09209293 0.006495569
0.08141749 0.006338769
0.0701341 0.006025494
0.07563186 0.006508684
0.05239988 0.006083308
0.04923445 0.006079519
0.05999646 0.005522665
0.06605912 0.005361129
0.07431152 0.005366568
0.0937244 0.00528843
0.07589239 0.005370869
0.08957866 0.005259096
0.07650145 0.005224613
0.06940144 0.005048853
0.07005979 0.004872886
0.1045906 0.004788368
0.1039033 0.004776247
0.06900069 0.004841466
0.05356173 0.00482501
0.04517276 0.004846876
0.06375642 0.005018802
0.0357502 0.004969477
0.03904092 0.004839201
0.05624924 0.004890977
0.06800691 0.005186604
0.07032531 0.004763549
0.04168795 0.005087078
0.02175469 0.005266079
0.01881825 0.005294735
0.02217254 0.005688105
0.01975988 0.005365331
0.01778808 0.005322196
0.02951483 0.005284683
0.02307378 0.004817934
0.02166851 0.004505077
0.03544576 0.004736695
0.03459329 0.005115447
0.02032278 0.005260086
0.03288032 0.005287229
0.02597572 0.005500671
0.02195916 0.005694459
0.02610238 0.005820409
0.02559161 0.005897586
0.01821917 0.005935419
0.01777823 0.006019771
0.03575212 0.006348946
0.04221171 0.006109874
0.03181243 0.006449276
0.03474696 0.006859108
0.04252655 0.006548749
0.03579988 0.006263843
0.02143665 0.006289742
0.0194712 0.006999545
0.0488951 0.006982103
0.04114273 0.00704224
0.06440086 0.00726924
0.04067881 0.007406854
0.03508741 0.007788965
0.03616086 0.007891133
0.03653898 0.008278478
0.03187917 0.008063084
0.03654729 0.007555705
0.03575517 0.007401392
0.04336393 0.007936625
0.03979949 0.008679257
0.03419506 0.008106235
0.03120856 0.008208466
0.03393766 0.008182185
0.0261785 0.00805821
0.02152348 0.008398509
0.02093057 0.008424944
0.02371383 0.008560949
0.05510484 0.009110777
0.0571003 0.008230096
0.03019391 0.007272213
0.02064719 0.007389667
0.03377541 0.00713882
0.0208673 0.007005277
0.01585037 0.007102189
0.03036408 0.007331492
0.02083114 0.006922248
0.02779222 0.007085959
0.0445582 0.007471898
0.06021961 0.007066268
0.06631655 0.007384405
0.07905023 0.007239449
0.07505477 0.007099484
0.06522744 0.00695518
0.03842959 0.006584591
0.04744016 0.006342552
0.08076665 0.006209708
0.08514384 0.006194948
0.07725984 0.006277498
0.0773684 0.006439817
0.06322014 0.006794335
0.06476274 0.006472131
0.05379432 0.007043095
0.05273155 0.006744045
0.04933814 0.006590597
0.04238475 0.006443273
0.05361303 0.006563769
0.06841157 0.00630533
0.06715177 0.006062136
0.03212916 0.005416357
0.04525239 0.005546572
0.04462593 0.006064694
0.05946185 0.006003562
0.09054406 0.005726195
0.09390965 0.005768971
0.05931179 0.005944689
0.05427844 0.00547456
0.03442146 0.005636094
0.04340752 0.005641179
0.05187259 0.005145611
0.0398253 0.005282534
0.03580124 0.00513251
0.0350508 0.005038154
0.03072153 0.004688879
0.01961761 0.004357178
0.04058871 0.004957708
0.06884911 0.005206223
0.04426627 0.005339657
0.05527732 0.005298775
0.04035977 0.005051561
0.05322382 0.005072783
0.08565646 0.005333562
0.06657352 0.005351866
0.05358531 0.005412945
0.04645199 0.005116522
0.03806116 0.004954781
0.06231334 0.004819913
0.05497615 0.004981785
0.04282672 0.005247627
0.06245463 0.005360627
0.05809964 0.00555561
0.03833423 0.00560751
0.07019245 0.005640389
0.07250522 0.005867864
0.08687164 0.006075176
0.09967229 0.006576057
0.09330395 0.006742263
0.05175981 0.006859052
0.05382834 0.006991895
0.04111827 0.006874465
0.02433027 0.006788326
0.02452018 0.006929248
0.02600039 0.006884416
0.01311904 0.006951419
0.02103067 0.007753759
0.009553169 0.006987479
0.01610385 0.006648046
0.02441637 0.006599045
0.02299636 0.007037929
0.03067768 0.006975487
0.0169249 0.006775047
0.03403926 0.006461798
0.02071562 0.0060828
0.02092173 0.006191193
0.02405649 0.00623073
0.02941876 0.006088568
0.01897394 0.006045351
0.04135124 0.006052431
0.03132753 0.006466285
0.02750666 0.006148101
0.01489716 0.006313813
0.02357682 0.006183313
0.01861677 0.006108883
0.01214528 0.006211313
0.02064025 0.006137956
0.01786167 0.006262898
0.0142055 0.006516866
0.0348058 0.006248523
0.03254829 0.006359086
0.04727579 0.00676461
0.05591795 0.007042112
0.03914252 0.007069787
0.03730006 0.007238296
0.05888099 0.007110134
0.05152937 0.007389999
0.04143998 0.007146972
0.07382224 0.006671654
0.1008288 0.006309271
0.06990975 0.006249414
0.05323241 0.005914038
0.05467239 0.006286928
0.06628465 0.006278139
0.08681782 0.006214124
0.06967226 0.006642998
0.06081588 0.006265618
0.06335763 0.006384162
0.06392801 0.006526573
0.07124046 0.006933453
0.06292954 0.006115266
0.05498187 0.006331232
0.08139164 0.006784082
0.0594036 0.006575625
0.04384688 0.006509964
0.03505347 0.006568672
0.01648461 0.007351266
0.0256276 0.008272892
0.01941199 0.00881777
0.01600529 0.008800778
0.009153362 0.009188674
0.01390094 0.009166393
0.01245216 0.008820559
0.00824154 0.008798323
0.01723258 0.008440528
0.02653683 0.008310315
0.02521757 0.008015302
0.05061929 0.007708555
0.03517354 0.007534803
0.03514396 0.007799046
0.0549013 0.00795056
0.0488758 0.008376673
0.05053903 0.008633186
0.0336309 0.008110538
0.04214337 0.008464804
0.03659082 0.009024435
0.03146929 0.009183298
0.02382213 0.008665533
0.03566139 0.008260844
0.04122395 0.008243131
0.04136166 0.008308442
0.05183451 0.008553328
0.03568856 0.008749365
0.03432742 0.00897068
0.03459529 0.008623843
0.03754408 0.008830981
0.0293686 0.008636651
0.03755047 0.008396689
0.03854331 0.009010899
0.05134016 0.009368127
0.05630556 0.009963614
0.05872448 0.009627811
0.03230406 0.009278708
0.02262015 0.009925521
0.01929417 0.009602949
0.01480632 0.00966063
0.04334891 0.009830592
0.03321418 0.00980338
0.04258006 0.009649218
0.01009303 0.009419042
0.01449843 0.009814448
0.0142455 0.009413095
0.02123873 0.009528512
0.008173252 0.009140263
0.004424715 0.008892041
0.01217665 0.008883566
0.01183228 0.009269651
0.02265541 0.009544534
0.01141378 0.009308616
0.006870059 0.009579259
0.01853109 0.009188394
0.0224496 0.009310873
0.0303114 0.009183841
0.02463893 0.009009876
0.04452597 0.008867659
0.03847439 0.009452207
0.02926252 0.009402544
0.02737564 0.009409869
0.03284127 0.0093958
0.04714395 0.009813697
0.04323846 0.01001319
0.04850565 0.01018637
0.051304 0.01024752
0.03061571 0.0100435
0.01118037 0.01005712
0.008309233 0.009764236
0.02379661 0.01008499
0.03748877 0.009791763
0.02532789 0.009720176
0.03338853 0.00946017
0.0224352 0.009442894
0.03189293 0.009687882
0.02506755 0.009330294
0.01912324 0.009353699
0.04152903 0.009487838
0.02962163 0.009484597
0.03689555 0.009575977
0.04375477 0.009702817
0.02613168 0.009663803
0.04603938 0.009415673
0.04994079 0.009375416
0.03203297 0.009565896
0.03264813 0.009590925
0.02842149 0.009505109
0.03244386 0.0100564
0.03104488 0.0102917
0.02222633 0.01034258
0.01340107 0.009967216
0.01279275 0.01018862
0.02812729 0.01041096
0.04955318 0.00987528
0.05928144 0.009873035
0.07098382 0.01004352
0.05063695 0.01034521
0.0537152 0.0104039
0.03002571 0.01063411
0.03181571 0.01058281
0.02130458 0.01082003
0.01687389 0.01117248
0.02400306 0.01125991
0.02176256 0.01208748
0.02897912 0.0117498
0.01624196 0.01105308
0.0148628 0.01054088
0.02416295 0.01104243
0.02861386 0.01130601
0.0221719 0.01104537
0.02278394 0.01065525
0.01112789 0.01014929
0.01771128 0.01051638
0.01923662 0.01014549
0.02377395 0.01099817
0.05472928 0.01121157
0.03238364 0.01108238
0.01687407 0.01106788
0.02054893 0.01141713
0.0310147 0.01119014
0.02713681 0.0111018
0.0251816 0.01114902
0.02863111 0.01073203
0.01469229 0.009989071
0.00954092 0.009275305
0.009159635 0.009440098
0.007907224 0.009011424
0.0272829 0.008660203
0.03410655 0.008831843
0.0281837 0.009076044
0.02519166 0.009587629
0.03891972 0.01017619
0.01277806 0.01128168
0.01003594 0.00980948
0.01455459 0.009653134
0.03445915 0.01011378
0.02481334 0.0100563
0.03305889 0.009397521
0.03319419 0.009963352
0.02056394 0.01036633
0.007648849 0.009515466
0.01301061 0.008916437
0.01382064 0.008758548
0.01835566 0.009037201
0.01881879 0.0082385
0.02797715 0.00813454
0.02959166 0.008489037
0.02130291 0.009405407
0.03453581 0.009507928
0.0465605 0.009629491
0.04105451 0.009889393
0.05461871 0.009716521
0.06124754 0.0092723
0.05101762 0.009485875
0.04728309 0.009679532
0.06167844 0.009516824
0.05799691 0.00999908
0.04728075 0.01012018
0.04473266 0.0102173
0.06244212 0.01152249
0.04635211 0.01192605
0.05777655 0.01142876
0.0724629 0.01095787
0.06604989 0.01058196
0.05554144 0.01062678
0.05631135 0.01126304
0.04066959 0.01153317
0.03273403 0.01156767
0.03598321 0.01097047
0.05013856 0.01112454
0.04580512 0.01103792
0.03699011 0.01073968
0.02750176 0.01070366
0.03907671 0.01053467
0.02607622 0.01088792
0.03489898 0.01102715
0.03859492 0.01114885
0.03925316 0.01126876
0.05175342 0.01138494
0.07062889 0.01098329
0.06495839 0.01161258
0.05837084 0.01116312
0.0557138 0.01089409
0.04455955 0.01046444
0.03644595 0.01026829
0.04494792 0.01061931
0.05395875 0.01079481
0.04420529 0.01064407
0.03814802 0.01052387
0.02975816 0.01007831
0.01997445 0.009655389
0.03553131 0.009617374
0.01762104 0.009153761
0.02526199 0.008538304
0.02084645 0.009614776
0.02376362 0.009851459
0.02147294 0.009475343
0.01708386 0.009542883
0.0224855 0.009353625
0.02992736 0.009493134
0.0368719 0.009725281
0.07446944 0.009387838
0.06624651 0.00931689
0.04733578 0.008766351
0.04537124 0.008922828
0.04177602 0.009140703
0.05821808 0.009335479
0.06056067 0.00808114
0.04577914 0.007479491
0.03597249 0.008018611
0.03571736 0.008114903
0.05721666 0.008432058
0.03475895 0.008427152
0.05539535 0.009034587
0.04857779 0.009153532
0.05269444 0.009337086
0.02180688 0.00930352
0.01643733 0.01007003
0.02094002 0.009812519
0.01140082 0.009270721
0.01416494 0.009589052
0.03078578 0.009935987
0.02480925 0.01040149
0.02728924 0.01044968
0.04269976 0.01025129
0.03351872 0.01067664
0.02318007 0.0105772
0.03447067 0.01076983
0.02668966 0.01079334
0.04203859 0.01067254
0.03556511 0.01042578
0.02989157 0.009862236
0.04114823 0.009538354
0.04497557 0.009294713
0.04073222 0.008742275
0.05460651 0.008519388
0.05162184 0.008417721
0.03191415 0.007565965
0.01527818 0.007410603
0.01059102 0.007249324
0.02510097 0.007449176
0.02109287 0.007766399
0.02832389 0.008472615
0.03140658 0.009250614
0.01271738 0.009615927
0.01947375 0.009541155
0.01324282 0.009474854
0.01429062 0.009270944
0.02451512 0.01008641
0.01917708 0.009543752
0.02525079 0.009731991
0.02262973 0.009756182
0.02353482 0.009617207
0.03281308 0.009891663
0.01255344 0.009554162
0.02560212 0.009770855
0.02545765 0.01004143
0.02499327 0.0106186
0.02480777 0.01152593
0.02936747 0.01212931
0.02171484 0.01154725
0.02530216 0.011043
0.05676235 0.01265516
0.08415964 0.01141698
0.06381957 0.01127435
0.05626289 0.0117543
0.04164294 0.01267737
0.03779475 0.01217597
0.03950094 0.0110616
0.0589243 0.01246477
0.06389444 0.0120796
0.06148162 0.01242501
0.04832671 0.01284689
0.05212029 0.01355541
0.06882548 0.01413515
0.0285297 0.0144022
0.04436612 0.01511552
0.03732566 0.01418216
0.0263973 0.01381852
0.01877672 0.01383019
0.04193104 0.01335934
0.0293061 0.01414793
0.0275341 0.01400372
0.03466322 0.01487138
0.03866358 0.01455657
0.02836886 0.01484738
0.03599441 0.0146421
0.02198783 0.01655205
0.03239852 0.01535536
0.0284885 0.01497936
0.01778812 0.01675606
0.01474687 0.01665419
0.02797935 0.01612681
0.01317941 0.01578758
0.00918474 0.01590821
0.009334794 0.01617036
0.01278557 0.01606227
0.01771443 0.01645678
0.02089725 0.01655588
0.01388366 0.01663231
0.02538839 0.01621067
0.03275831 0.01567485
0.02601733 0.01640111
0.04116712 0.01676413
0.05727467 0.01902922
0.02493363 0.02004022
0.02878568 0.02045931
0.02069306 0.01986243
0.02300784 0.02077705
0.0194212 0.02053645
0.01173371 0.01996932
0.01219806 0.01950496
0.008871834 0.02026321
0.02529002 0.02081176
0.02917503 0.0212649
0.03777303 0.02050811
0.03082082 0.0210834
0.02439906 0.01934894
0.01528619 0.01858673
0.01449327 0.01834577
0.01991725 0.02057729
0.01038934 0.01956677
0.009667539 0.01901453
0.01195703 0.0180453
0.03491948 0.01822134
0.01600888 0.01779853
0.01605602 0.01754497
0.01752357 0.01732662
0.01202696 0.01690642
0.01713714 0.01659245
0.005201278 0.01692453
0.01454981 0.01788851
0.02070373 0.01760728
0.02402368 0.01970186
0.02545003 0.01857352
0.01261099 0.01877278
0.04272406 0.01791502
0.02052322 0.01876889
0.02574483 0.01993706
0.02125997 0.01910499
0.01247097 0.01943174
0.003796594 0.02048592
0.005553971 0.0216446
0.002637225 0.02182671
0.004126356 0.02242778
0.008052772 0.02314026
0.006789985 0.02389449
0.006991545 0.02536686
0.01406183 0.02556966
0.01315844 0.02520289
0.01397831 0.02743778
0.0210493 0.02527123
0.003485523 0.02669566
0.004567055 0.0260108
0.01430811 0.02570816
0.007884778 0.02661685
0.006306454 0.02766241
0.01952425 0.02608822
0.01548074 0.02678043
0.01292393 0.02601444
0.0198504 0.02694413
0.004908721 0.02708543
0.004062359 0.02957858
0.001255254 0.03110673
0.00851478 0.03030654
0.01117621 0.02783064
0.02606312 0.02924427
0.02968314 0.02932965
0.01920357 0.02783028
0.01077546 0.02461445
0.01096657 0.02532135
0.01266584 0.02805417
0.007461551 0.02979035
0.01026357 0.03040864
0.004465566 0.03115597
0.002424344 0.03204494
0.003897661 0.03208664
0.004958631 0.02904821
0.004657451 0.03240725
0.009451832 0.03156532
0.01046669 0.03205816
0.00349831 0.03195982
0.001158946 0.03185999
0.0130569 0.03010527
0.004717214 0.0294467
0.004378791 0.02959438
0.004337719 0.03171466
0.01146825 0.03072175
0.02595131 0.03107063
0.01975949 0.03151804
0.01896535 0.02774063
0.008440135 0.02718297
0.01236184 0.0248139
0.01659512 0.02449995
0.01571523 0.02144106
0.02128673 0.02165936
0.01525425 0.02102875
0.03889041 0.02024409
0.03276358 0.0201117
0.04064408 0.01918555
0.05159337 0.01833327
0.05531997 0.01833164
0.03660785 0.01926866
0.03310172 0.01990029
0.02366866 0.01889687
0.01482388 0.01987895
0.004580881 0.0193772
0.004142216 0.01914556
0.02746931 0.01872147
0.02490015 0.01852445
0.005801339 0.01815282
0.02774216 0.01881455
0.009120817 0.01839434
0.006611888 0.01740921
0.009896014 0.01788264
0.007729657 0.01755856
0.02204895 0.0175263
0.02637625 0.01633297
0.02552323 0.01529106
0.04107031 0.01559254
0.02810007 0.01574926
0.01806826 0.01721378
0.006882329 0.01790535
0.009753954 0.01704057
0.008711979 0.01728735
0.01301518 0.01785246
0.01000299 0.01735748
0.005362404 0.0170449
0.00648969 0.01762494
0.01328057 0.01697948
0.01290842 0.01785845
0.01770662 0.01850242
0.03141356 0.01714823
0.02696231 0.01673866
0.03502559 0.01665592
0.0375482 0.01694565
0.02320859 0.01667687
0.03606644 0.01661831
0.02294458 0.01780219
0.02697013 0.01618385
0.02252818 0.01622278
0.009420141 0.01569564
0.0131584 0.01558041
0.02797268 0.01696989
0.03794498 0.01681437
0.04263827 0.01794717
0.06140392 0.01625087
0.08032416 0.01583507
0.0268247 0.015829
0.01752231 0.01507514
0.02100361 0.01507563
0.02244807 0.01495486
0.01945516 0.01461585
0.01105296 0.01452504
0.01355186 0.013833
0.009802762 0.01359105
0.02906794 0.01301677
0.01941267 0.01314851
0.03430962 0.01244873
0.03149191 0.0119032
0.03658781 0.01185018
0.03589662 0.01213589
0.03765314 0.01254498
0.0173986 0.01275441
0.02939462 0.01347603
0.02495281 0.01329107
0.04248868 0.01355746
0.0372553 0.01335849
0.03421293 0.01380024
0.03464068 0.01467577
0.05122145 0.0152966
0.02819606 0.01633801
0.02647351 0.01591878
0.008878276 0.0161359
0.01825325 0.01653227
0.03413278 0.01450555
0.04976554 0.01517374
0.02863106 0.01538639
0.04718367 0.01522467
0.05715531 0.01519148
0.03619657 0.01449438
0.02174344 0.01414545
0.02222006 0.01371686
0.03411323 0.01397755
0.04204734 0.01473709
0.02329758 0.01554166
0.03483518 0.01510891
0.02099148 0.01637732
0.02948414 0.01663636
0.02279549 0.01653338
0.03388414 0.01627816
0.01594069 0.01685271
0.006333334 0.01659095
0.01032291 0.01629308
0.01754735 0.01642979
0.01462485 0.01563312
0.01012911 0.01558089
0.012317 0.01700666
0.0124398 0.01786514
0.01707891 0.01873756
0.03077181 0.01970765
0.01338418 0.01942644
0.01132745 0.01907067
0.01069967 0.01898413
0.005860077 0.01917465
0.01197129 0.01826073
0.004215176 0.0200466
0.001110855 0.02076045
0.00342998 0.02132919
0.01458432 0.02101046
0.001675788 0.01976566
0.01553664 0.02091657
0.01354793 0.02029618
0.01485204 0.01889208
0.01186324 0.01883269
0.02025656 0.0186823
0.03642192 0.01690952
0.04271735 0.01820273
0.04003708 0.01811605
0.04474921 0.0176343
0.04008446 0.01859013
0.03687063 0.01900469
0.03409154 0.01780725
0.02374344 0.01832814
0.01601916 0.01798959
0.02299012 0.01826051
0.03776402 0.01938473
0.03197284 0.02004665
0.03634042 0.01882687
0.02491908 0.02002151
0.01254645 0.02138946
0.01499677 0.02045516
0.01801509 0.02038498
0.02177952 0.01867592
0.01365557 0.01976769
0.02091294 0.01861317
0.0402604 0.0180191
0.03886829 0.0172885
0.02241634 0.01795262
0.01022736 0.01950203
0.02989581 0.02042804
0.0157866 0.01914197
0.0174679 0.02057408
0.01254719 0.02048268
0.02224584 0.01957765
0.01101099 0.01924183
0.003853365 0.01814109
0.005469933 0.01825784
0.0153555 0.01827797
0.002064712 0.01698949
0.02209945 0.01743009
0.02601981 0.01755233
0.023323 0.01725985
0.01645796 0.01772189
0.01458566 0.01733156
0.005183124 0.01759969
0.006442507 0.01765298
0.007921838 0.01584247
0.004173945 0.0157531
0.004430482 0.01643335
0.008326953 0.0167538
0.002359496 0.01556176
0.008534857 0.01521808
0.007251581 0.01488056
0.02272256 0.01570861
0.01740373 0.01726365
0.01297216 0.01681696
0.02996027 0.01464864
0.01464061 0.01587929
0.03300447 0.01571835
0.02281411 0.01506386
0.01777587 0.0149278
0.01554801 0.0139791
0.01145419 0.01302571
0.02011869 0.01330084
0.009716361 0.01223566
0.01450245 0.01219667
0.02868626 0.01264257
0.01270742 0.01232005
0.02121315 0.01256847
0.01460372 0.01228473
0.005466006 0.01164869
0.01360553 0.01086331
0.03659711 0.0112997
0.03854914 0.01147249
0.06398625 0.01190792
0.05481001 0.01216075
0.05131568 0.0123743
0.08120574 0.01247898
0.04989268 0.01195117
0.03496218 0.01136345
0.02754392 0.01076738
0.03158467 0.01088753
0.03754877 0.0101263
0.03411709 0.00996949
0.01914633 0.01001531
0.02018537 0.0100451
0.01324506 0.009828682
0.01652609 0.009743399
0.007086509 0.009540205
0.00867665 0.01003738
0.01545938 0.01084025
0.01867807 0.01091943
0.02431848 0.01125412
0.02637051 0.01173555
0.02791328 0.01167104
0.01605571 0.01171231
0.008859451 0.01148137
0.001139871 0.01206523
0.0004163984 0.01163497
0.002771958 0.01139937
0.004081228 0.01123036
0.00758472 0.01186966
0.02036478 0.01129102
0.01726299 0.01151053
0.02423921 0.0120962
0.01049643 0.01220022
0.01595966 0.0113779
0.02296249 0.01049706
0.02944562 0.01051206
0.02180554 0.009594679
0.03332738 0.009588048
0.03961814 0.009481775
0.0523482 0.009673477
0.01864973 0.009905266
0.01937581 0.01001954
0.01618685 0.0100883
0.01547649 0.009960532
0.01881813 0.009883431
0.01175299 0.00981787
0.009254118 0.009957672
0.01059948 0.01033809
0.01504218 0.01031716
0.0144442 0.01085696
0.02376878 0.01137444
0.02961877 0.01218849
0.02252447 0.01210693
0.01405086 0.01199101
0.01559413 0.0114136
0.01545452 0.01197024
0.004703697 0.0126017
0.01350612 0.01307646
0.0301483 0.01386605
0.02756571 0.01387103
0.01470962 0.01420649
0.02513896 0.01436791
0.03136797 0.01389362
0.04753132 0.01381079
0.04887322 0.0140978
0.02856509 0.0147062
0.02766045 0.01557548
0.0161262 0.01479018
0.01263243 0.01542095
0.02370239 0.01520759
0.04959336 0.01528667
0.02665405 0.01502552
0.0223135 0.01436583
0.02023089 0.01506717
0.0127822 0.0157078
0.02334626 0.01433124
0.01524971 0.01435904
0.03557161 0.01463749
0.01816632 0.01599527
0.02196648 0.01595924
0.02881986 0.01591975
0.01601459 0.01589494
0.01839945 0.01508754
0.0131162 0.01562997
0.02440249 0.01591477
0.02202434 0.01543184
0.02359643 0.01647263
0.01458911 0.01765083
0.03181047 0.01727691
0.02348087 0.01743167
0.03125165 0.01861775
0.03378965 0.01847881
0.02698498 0.01943913
0.01470932 0.01891324
0.01299413 0.0191667
0.01989454 0.01969443
0.02521641 0.01975188
0.01318949 0.0188357
0.01944975 0.01850889
0.01262817 0.01884656
0.01573563 0.01743192
0.02837144 0.01784027
0.03062389 0.01872021
0.03754501 0.01828457
0.02888606 0.01902658
0.007902371 0.01891085
0.001021706 0.01841453
0.004295146 0.01775414
0.01757719 0.01870645
0.01301034 0.01774295
0.009777635 0.01652556
0.01234771 0.01578402
0.0149778 0.01711236
0.01073029 0.01730504
0.006798045 0.0168088
0.0006522543 0.01775507
0.001111755 0.01864548
0.008483409 0.01697752
0.006276087 0.01746981
0.007445518 0.01692111
0.005113677 0.01631387
0.01284213 0.01749144
0.01568122 0.01688437
0.01363143 0.01567909
0.01808547 0.01555288
0.01209755 0.01681459
0.01165524 0.0163033
0.005313958 0.01763307
0.01249776 0.01628464
0.01546422 0.0161679
0.001976579 0.01805281
0.005033781 0.01743099
0.01176952 0.01719811
0.01087944 0.01820846
0.005915555 0.01773095
0.00583123 0.0166492
0.01266721 0.01714046
0.01616093 0.01795037
0.0245666 0.01788445
0.01012289 0.01843282
0.009665096 0.01729844
0.005668614 0.0178763
0.0200952 0.01907755
0.01055209 0.01878598
0.01008476 0.02027612
0.00708756 0.01900188
0.01055599 0.01954837
0.01922196 0.01894244
0.02826025 0.01724214
0.02930463 0.01725881
0.03718249 0.01740059
0.01737632 0.01676517
0.01958013 0.01619392
0.02177509 0.01752539
0.01097521 0.01723695
0.006139502 0.01740578
0.02234946 0.0197123
0.02111888 0.02064675
0.02196288 0.02154476
0.04019552 0.02081994
0.03137269 0.02081081
0.02040334 0.02107073
0.01569497 0.02234497
0.01047831 0.02451876
0.003042108 0.02299983
0.00212625 0.02599942
0.003578479 0.02771624
0.009343046 0.02484547
0.01004498 0.02544654
0.01175099 0.0264035
0.005590368 0.02678814
0.002073346 0.02734049
0.003491946 0.02832943
0.0132818 0.02885275
0.02448661 0.02854603
0.02168935 0.02945775
0.02119692 0.03155815
0.01028671 0.02922607
0.0158763 0.03145274
0.02477075 0.02929116
0.01753072 0.02963271
0.02283878 0.03104069
0.01711499 0.03211703
0.01728458 0.03120894
0.005779474 0.02845485
0.01026808 0.03068439
0.01361608 0.03497547
0.009216821 0.03624764
0.005378194 0.03671358
0.009813082 0.0379877
0.01213972 0.03907103
0.008611354 0.03749
0.0185393 0.03432232
0.02135423 0.03224282
0.02050142 0.03178266
0.03143732 0.02834587
0.004107885 0.0286706
0.01431723 0.02595436
0.01837873 0.02565364
0.02046139 0.02385258
0.01587395 0.02199631
0.008694165 0.02245019
0.009697127 0.02339647
0.008261668 0.02297474
0.003774813 0.02395498
0.0002091506 0.02329707
0.01066179 0.02217163
0.008640309 0.02169838
0.00766815 0.02045927
0.02493254 0.02080262
0.02863118 0.02023697
0.01773713 0.01898099
0.01151188 0.01863645
0.0122755 0.01718786
0.02671131 0.01655365
0.02072694 0.0162172
0.051543 0.01495404
0.0366788 0.0153064
0.03926094 0.01447718
0.03650168 0.01447565
0.02859906 0.01469489
0.01931437 0.01461999
0.01395376 0.01363503
0.004359589 0.01430138
0.008188802 0.01576444
0.004576143 0.01539627
0.002970631 0.01422379
0.007024618 0.01324064
0.01117334 0.01358806
0.01509344 0.01375299
0.01419369 0.0133367
0.02310079 0.01379428
0.01511761 0.01411386
0.01065713 0.01460544
0.007693016 0.01418018
0.02551779 0.0138492
0.02765099 0.01400472
0.02267853 0.01510809
0.02644475 0.01462393
0.01272058 0.0136169
0.01567003 0.01392907
0.008323408 0.0137375
0.01640799 0.01269434
0.01548363 0.01256495
0.007078388 0.01225592
0.007685668 0.01257448
0.006046542 0.01197899
0.001912686 0.01271624
0.001571241 0.01210403
0.002780042 0.01158948
0.00701352 0.01195805
0.01230819 0.0120207
0.03515166 0.01233313
0.03045306 0.01232755
0.01853074 0.01212472
0.03823453 0.01232312
0.03870066 0.0123978
0.03178024 0.01253
0.03566778 0.01299641
0.04068064 0.01231461
0.01903733 0.01248628
0.01342224 0.01286144
0.02020162 0.01345053
0.01695186 0.01258992
0.01596671 0.01294731
0.01793336 0.01210103
0.01556989 0.01266228
0.009069617 0.01349956
0.02157186 0.01361226
0.02577243 0.01488879
0.03390606 0.01480258
0.0247925 0.01345673
0.02457487 0.0133164
0.03774075 0.01338172
0.01367497 0.01276347
0.01760387 0.01407761
0.02436762 0.01364386
0.02969023 0.0133146
0.02327664 0.01317674
0.02006113 0.0131418
0.01687753 0.01304749
0.01822406 0.01325958
0.03033214 0.01336102
0.04503276 0.01321125
0.03180558 0.01251898
0.04637873 0.01236439
0.04980104 0.01172254
0.03315703 0.01165264
0.03400646 0.01195149
0.07981434 0.01270441
0.03432205 0.01219517
0.04104159 0.01181758
0.0419224 0.01161632
0.02848901 0.01142968
0.01046503 0.01108463
0.00730794 0.01179735
0.002955255 0.01112538
0.01254606 0.01048747
0.01347932 0.01063128
0.01671961 0.01199501
0.01856669 0.01296296
0.01621587 0.01366175
0.008844248 0.01310844
0.01148929 0.01212626
0.01308626 0.01151936
0.01889314 0.01132244
0.009787403 0.01090907
0.01854388 0.01051019
0.02019042 0.01021439
0.03436407 0.01026353
0.05715142 0.01034073
0.02800061 0.010397
0.02783663 0.01034033
0.04056693 0.009937657
0.03453669 0.009954152
0.04098194 0.009649256
0.02578655 0.009822636
0.02126393 0.009891979
0.03183253 0.009438507
0.05960088 0.01001851
0.06366281 0.009127763
0.0557473 0.0089812
0.05658893 0.008797977
0.03734108 0.008925017
0.03944716 0.008636369
0.04724084 0.009689052
0.0551787 0.009410207
0.04886963 0.01005997
0.04775689 0.009416019
0.06537845 0.009489012
0.04226632 0.009256479
0.02810641 0.009377004
0.04446186 0.009602813
0.043718 0.009419314
0.0306462 0.009353186
0.04449302 0.009247457
0.04124494 0.009542616
0.03198777 0.009529337
0.02958304 0.009311258
0.02629115 0.009237752
0.01530875 0.009550369
0.008311125 0.009637773
0.01038313 0.01005837
0.03185423 0.01012627
0.05420268 0.01048513
0.06170445 0.01083955
0.03711 0.01124947
0.03334941 0.01211248
0.02855262 0.01252521
0.03443994 0.01170348
0.02575106 0.0112819
0.0293438 0.0115004
0.03862739 0.01148233
0.02097033 0.01178606
0.01734391 0.01215353
0.0161453 0.01068508
0.0312198 0.01086699
0.03279899 0.01010268
0.02865001 0.01027665
0.02341553 0.01010324
0.02403279 0.009690733
0.02947407 0.009690198
0.02769092 0.00966769
0.02635313 0.009064291
0.01284124 0.009207079
0.01070435 0.009636818
0.02729393 0.009522344
0.01974642 0.009923193
0.02000844 0.009702845
0.03027404 0.01094874
0.01650499 0.01182295
0.01881847 0.01159234
0.01194075 0.01096161
0.01475874 0.01057378
0.01501673 0.01033438
0.008061375 0.01050011
0.007376059 0.009585803
0.01030369 0.01000915
0.01570967 0.009983637
0.01889793 0.00991713
0.02584326 0.009828772
0.01969259 0.008785172
0.02948083 0.008387338
0.0297527 0.00831862
0.02024395 0.008275911
0.03477147 0.008268308
0.01862647 0.008348263
0.02027277 0.008087308
0.01620914 0.008171789
0.01692725 0.007593515
0.01120252 0.00762259
0.02543506 0.007590236
0.02932999 0.008001116
0.02700859 0.007653875
0.0279388 0.008242929
0.02194179 0.008363081
0.01022471 0.00828556
0.00391409 0.007792336
0.003515846 0.007309779
0.01718737 0.006733169
0.01729047 0.00726508
0.01993449 0.007450691
0.03474158 0.00707819
0.03294125 0.006960906
0.03667201 0.00689402
0.03380847 0.006623169
0.01067627 0.006297369
0.01954679 0.006473223
0.0263937 0.006380249
0.02560989 0.00607608
0.02394711 0.006217176
0.03036766 0.006629792
0.0293705 0.006379328
0.02422666 0.006318999
0.05182062 0.005852811
0.05920446 0.005758679
0.04868425 0.005917104
0.05217247 0.005975357
0.05260133 0.005830281
0.05375405 0.005403079
0.06462721 0.005181144
0.04156771 0.005571668
0.02311976 0.00563052
0.03990058 0.005881455
0.04181586 0.005838694
0.02378632 0.005738332
0.03105235 0.00598416
0.02879557 0.005796265
0.0281864 0.005561534
0.0255942 0.005803746
0.0101962 0.006505467
0.02101796 0.006714094
0.02283346 0.006513012
0.02469959 0.00685561
0.03050925 0.00654859
0.03362539 0.006415094
0.02642568 0.006545774
0.04530595 0.007056129
0.04222418 0.007311613
0.04170971 0.007200281
0.04105755 0.007109826
0.03271501 0.006451676
0.01451336 0.006724327
0.01121147 0.006585362
0.008314373 0.006244227
0.004741177 0.005829431
0.006279325 0.006039981
0.01413719 0.006152264
0.004685901 0.005570013
0.003286193 0.005791269
0.01934702 0.005708392
0.01876744 0.00542721
0.02734229 0.005526657
0.01162037 0.006098871
0.003662565 0.005993763
0.007918548 0.005939677
0.01016573 0.005867968
0.01767511 0.005751748
0.01446064 0.005460283
0.01902661 0.005238496
0.03836949 0.005066248
0.0394686 0.005203819
0.04115427 0.005487773
0.01680768 0.005182529
0.009404726 0.005685063
0.01307833 0.005308578
0.01791229 0.00493276
0.02939598 0.00497022
0.04576643 0.005309945
0.07174321 0.005515292
0.06536895 0.005736967
0.05597652 0.00591839
0.04220613 0.006305763
0.04274568 0.006264714
0.03891506 0.005776536
0.03924719 0.005826526
0.03068943 0.006146865
0.01419758 0.006090676
0.008928468 0.006088835
0.01258773 0.006292329
0.03293049 0.006527512
0.01703863 0.006593668
0.03930997 0.007016741
0.06015593 0.006372734
0.05135024 0.006022991
0.05108279 0.006043962
0.04149097 0.005573539
0.02470629 0.005190406
0.01190106 0.005116588
0.008157576 0.005081869
0.01590467 0.00524407
0.02080617 0.00492443
0.03354011 0.005186046
0.0216671 0.005199579
0.02988898 0.004971304
0.03104283 0.0054348
0.03424816 0.005747118
0.04326883 0.006043472
0.03513452 0.006301377
0.03298179 0.005926561
0.03811391 0.005966944
0.05612909 0.005987464
0.05807122 0.006276178
0.0761416 0.006223566
0.06258855 0.00631005
0.03421202 0.006203034
0.05075943 0.006214011
0.07027579 0.005679645
0.05640988 0.00580859
0.08688331 0.005699443
0.08747795 0.006124873
0.05297216 0.006791075
0.03961824 0.006823138
0.04425001 0.006413649
0.01842053 0.006881573
0.02084869 0.00756261
0.03131661 0.006861865
0.02511319 0.007154671
0.02143237 0.006939272
0.01220922 0.007078548
0.0125811 0.008013907
0.01410982 0.00771056
0.01922454 0.007430562
0.02539497 0.00809694
0.03396406 0.00869055
0.0100545 0.008541612
0.02394076 0.008576693
0.005259014 0.008691758
0.001350191 0.009356941
0.00832751 0.009045326
0.006795197 0.008602309
0.006627729 0.008163243
0.01589991 0.008779088
0.01085537 0.008140161
0.01368562 0.008212464
0.01978386 0.008085985
0.03681138 0.008052381
0.04517737 0.008965113
0.0490855 0.008936012
0.03852093 0.008935649
0.0495689 0.009144358
0.01760364 0.009318512
0.03536729 0.009422626
0.02376543 0.009583619
0.02969589 0.01044749
0.03609066 0.01047953
0.02772073 0.01154948
0.01985137 0.01277115
0.0169089 0.01226638
0.01196834 0.01230536
0.006997655 0.01216696
0.006222799 0.01154431
0.01896342 0.01194707
0.02403096 0.01097124
0.0165897 0.01056296
0.0389191 0.01144149
0.05088529 0.01186149
0.05569859 0.01218591
0.04727293 0.01124791
0.02744286 0.01138354
0.03144072 0.01146152
0.05244541 0.01203582
0.04041215 0.0125446
0.0302271 0.01192649
0.02942004 0.01208362
0.04200944 0.01229934
0.03163372 0.01265692
0.02955466 0.01294285
0.03696935 0.01259895
0.0472278 0.01215341
0.03696417 0.01189867
0.03898732 0.01247003
0.04132808 0.01263034
0.0426432 0.01325064
0.0219518 0.01379399
0.03289999 0.01414921
0.03036953 0.01518423
0.00949634 0.01459664
0.01266646 0.01448115
0.01356244 0.01420331
0.01734543 0.01417654
0.01751844 0.01634412
0.03499041 0.01770223
0.01774062 0.01768124
0.01364989 0.0188956
0.01955808 0.01831821
0.01979101 0.01797989
0.03209608 0.0164592
0.04001378 0.01577195
0.03834588 0.01521087
0.02590936 0.01619327
0.01873086 0.01555793
0.01696188 0.01611683
0.01064995 0.01686344
0.009020806 0.0165762
0.009027005 0.0168263
0.02774179 0.01688873
0.01691713 0.01569736
0.02243276 0.01614998
0.01744722 0.01706753
0.02024045 0.01658767
0.03471307 0.01672489
0.05077304 0.01633394
0.03603441 0.01605408
0.02333999 0.01649723
0.01935744 0.01707959
0.02274284 0.01612481
0.02681881 0.01482365
0.02861336 0.01513843
0.03796318 0.01489386
0.04477361 0.01505016
0.03249627 0.01474039
0.03313247 0.01585416
0.02855988 0.01551071
0.02607876 0.01594044
0.03068765 0.01590719
0.0245955 0.01612424
0.02370458 0.01616773
0.0232135 0.01501268
0.02464847 0.0142322
0.01050866 0.01355902
0.003041552 0.01314867
0.007657102 0.01303662
0.01977918 0.01389476
0.00936998 0.01479926
0.01288097 0.01301758
0.01711014 0.01315507
0.009624118 0.01174632
0.01220501 0.01135712
0.01492626 0.01117431
0.03866337 0.01176358
0.04669902 0.01173976
0.05988951 0.01101994
0.06321995 0.0108335
0.05199257 0.01104273
0.06649467 0.01060473
0.04835728 0.009797716
0.02253212 0.009891056
0.03240943 0.00995461
0.02167047 0.01017494
0.02718374 0.01040425
0.03548011 0.01061936
0.0440091 0.009669068
0.0498995 0.01012371
0.02286296 0.009759838
0.0289162 0.009729195
0.03079845 0.009663869
0.02701767 0.009610024
0.009344827 0.009096874
0.01077669 0.009278685
0.01087383 0.009178526
0.008750544 0.009808411
0.005705603 0.009764958
0.009968483 0.01003189
0.01559943 0.009485209
0.02627783 0.009655342
0.03525618 0.009261609
0.04218099 0.009300762
0.05604495 0.008702867
0.07950414 0.008101599
0.1120251 0.007720212
0.0798832 0.008409691
0.05604458 0.008394827
0.04871938 0.008808881
0.04629683 0.009108739
0.0387546 0.008762543
0.02049977 0.00900089
0.02444413 0.00859863
0.03115921 0.008733727
0.0487794 0.008538676
0.03468256 0.009351976
0.03420242 0.009413228
0.03125111 0.009598341
0.03725843 0.009505972
0.01909815 0.009607396
0.02174462 0.009647499
0.04064904 0.009545463
0.03151151 0.008742434
0.03400692 0.009053335
0.03421014 0.00884711
0.03231531 0.008966413
0.01766694 0.009220264
0.03898794 0.00888559
0.04508521 0.008174841
0.04424403 0.008875927
0.02902348 0.008839378
0.03111713 0.009018359
0.02200643 0.009395116
0.03631339 0.008978961
0.02195925 0.009177229
0.02132727 0.008818044
0.01834928 0.008777031
0.01183935 0.008130326
0.0007704835 0.007856607
0.001510088 0.007615826
0.006202212 0.007246453
0.01236435 0.007830182
0.01799455 0.007377662
0.04619053 0.00685966
0.04696583 0.006310917
0.03139433 0.006183171
0.02949256 0.006019524
0.03102671 0.006226265
0.03754958 0.006501594
0.01227206 0.006081406
0.003007189 0.006121643
0.006137536 0.006500543
0.01214616 0.006224289
0.02027288 0.006356915
0.03731442 0.00630955
0.05082259 0.006147733
0.05642805 0.005810633
0.08097943 0.005784213
0.05557978 0.005614285
0.04879584 0.005898198
0.05758363 0.005989438
0.07533641 0.005872602
0.08244218 0.005714455
0.07513248 0.005451444
0.1135223 0.005530738
0.09447658 0.005598739
0.09965322 0.005558151
0.05901937 0.006110689
0.03620267 0.005455553
0.02694797 0.00508969
0.02250597 0.005429487
0.01152337 0.00519741
0.02020934 0.005337531
0.02472722 0.005328585
0.0322956 0.005272457
0.0275499 0.005322487
0.02625045 0.00496433
0.0278175 0.005136824
0.01721711 0.005386406
0.02190754 0.005131143
0.02680395 0.004982712
0.03201402 0.005540881
0.04844145 0.005446682
0.06523537 0.00541032
0.07196942 0.005224272
0.04871264 0.005008683
0.0407666 0.005164945
0.04188552 0.005467964
0.06770903 0.005634064
0.04159467 0.005641259
0.04240655 0.005707356
0.05094434 0.00579223
0.06418363 0.006165053
0.06139791 0.005738176
0.05595724 0.005682861
0.06069453 0.005306806
0.06193463 0.005174584
0.06450736 0.004658166
0.07940402 0.004809941
0.03314918 0.004818138
0.03405938 0.004885675
0.02669087 0.005085204
0.01846123 0.005390429
0.02056696 0.005697981
0.04486913 0.006063922
0.02428729 0.00586026
0.0350512 0.005789233
0.02814464 0.005614071
0.03153366 0.005712222
0.03475472 0.006053256
0.03871368 0.006228486
0.0722378 0.00620335
0.0509233 0.005557979
0.06471638 0.00553113
0.04823295 0.005619093
0.04878846 0.005684966
0.04146718 0.005259987
0.04674219 0.00525668
0.03070644 0.005872752
0.02287961 0.005866881
0.01171292 0.006442365
0.03478587 0.006656672
0.01785638 0.006396726
0.03407579 0.006628457
0.02391069 0.006383447
0.04164727 0.005983231
0.02428907 0.006216409
0.04181171 0.005861353
0.06600818 0.005562368
0.03840267 0.005549765
0.02600731 0.0059259
0.02989348 0.005410036
0.0353891 0.005239357
0.01866136 0.005511857
0.01017155 0.005578652
0.01076859 0.00599767
0.01977487 0.006070029
0.03062567 0.006238975
0.03272308 0.006263084
0.02424808 0.006635479
0.02015467 0.006513451
0.03305011 0.006336523
0.05138178 0.006494139
0.05569391 0.006813714
0.06287758 0.006477502
0.03406312 0.006296897
0.04406371 0.006266301
0.03214402 0.006180615
0.05339895 0.006322362
0.04941443 0.006448018
0.05602635 0.006301367
0.04415544 0.006157331
0.02422569 0.006048646
0.01236746 0.006117576
0.01525557 0.006058509
0.01863115 0.005824153
0.01492604 0.006342467
0.01236788 0.00654268
0.0108816 0.005978046
0.02563055 0.005383549
0.02055966 0.005291874
0.03686612 0.005084979
0.03210733 0.004747147
0.05201127 0.004713987
0.03927941 0.004896697
0.06339163 0.004884249
0.1277082 0.005360718
0.1239738 0.00600699
0.1240749 0.005783208
0.07836689 0.005471767
0.05270354 0.005778523
0.06174743 0.005524717
0.07328958 0.00560853
0.06511458 0.005897932
0.04930117 0.005864908
0.04753062 0.00582885
0.03757178 0.006073313
0.02971229 0.005968619
0.02210398 0.005854392
0.02523352 0.006237587
0.01072007 0.006336706
0.01328457 0.006579644
0.01183141 0.006673303
0.01341911 0.006464655
0.01679203 0.006606113
0.01245734 0.006468383
0.02482662 0.006516062
0.0398545 0.006446978
0.03800386 0.006479229
0.02562874 0.006865752
0.03278138 0.006443654
0.03537319 0.006491381
0.07761378 0.006542022
0.09275851 0.006038534
0.09294443 0.006172441
0.08790086 0.00619389
0.1013151 0.006311898
0.06845712 0.006642803
0.03801656 0.006340466
0.03971355 0.006863335
0.05448136 0.006095557
0.05802746 0.006411417
0.05804294 0.006362944
0.07588231 0.006588853
0.07612835 0.006571694
0.0738323 0.00622727
0.04361888 0.006209771
0.04693175 0.006896818
0.04315401 0.006756084
0.05864217 0.006932089
0.03536389 0.006630322
0.03708558 0.006437694
0.07252643 0.007383989
0.05560317 0.007596577
0.05222991 0.007827212
0.04182346 0.007555453
0.05145231 0.00799393
0.05903979 0.008625081
0.05025236 0.008829673
0.03319133 0.00843468
0.03461726 0.00868828
0.03581724 0.008789587
0.02430492 0.008969768
0.02812087 0.009163285
0.04510797 0.008731692
0.04365424 0.009035302
0.02166963 0.009687502
0.01001048 0.008627351
0.01061525 0.008442575
0.04659581 0.008942712
0.0403319 0.008778068
0.03383768 0.009389841
0.02632164 0.008512423
0.02133512 0.008797825
0.02753355 0.008744721
0.02136777 0.008307061
0.01536333 0.008888303
0.01749534 0.009336777
0.01971652 0.008875755
0.01871994 0.008540167
0.03448346 0.008335023
0.03623183 0.008756528
0.03945833 0.008583695
0.04392462 0.008725767
0.04911742 0.008506546
0.03231542 0.008084502
0.02058017 0.008063038
0.01805306 0.008571713
0.03631141 0.008572776
0.03271174 0.009051486
0.0183573 0.009811713
0.01987994 0.009882067
0.003470263 0.01010648
0.01351736 0.01006608
0.02950639 0.009126461
0.03056322 0.00927393
0.02688296 0.0085527
0.02552183 0.00849721
0.008742908 0.009185588
0.005474702 0.009294692
0.009456011 0.009179594
0.008833934 0.00880848
0.01084499 0.008676342
0.01457314 0.008770034
0.005694417 0.008714479
0.007619497 0.009275197
0.007157143 0.008930606
0.02832202 0.00851622
0.03957515 0.008496002
0.04918067 0.007692737
0.06297353 0.007963452
0.07399278 0.008285555
0.08852736 0.008046539
0.04408912 0.00865957
0.04460571 0.008637676
0.03494939 0.008333612
0.01387361 0.008784021
0.01797471 0.00891215
0.01631954 0.008981916
0.02530498 0.008968214
0.01989499 0.009297517
0.02844608 0.009479313
0.04143365 0.009281039
0.02547429 0.009015875
0.02915633 0.008789835
0.03439622 0.0084536
0.01598388 0.008387817
0.02459561 0.007833573
0.03145843 0.007775433
0.04850819 0.007371218
0.0259085 0.00825258
0.02709886 0.00818247
0.0248806 0.008000207
0.01351903 0.008152007
0.02581209 0.00797916
0.02564445 0.008291158
0.02790364 0.00814235
0.03511812 0.007988787
0.03849475 0.008506089
0.05015296 0.008944154
0.02383149 0.008491244
0.03625814 0.008062133
0.04874989 0.008215671
0.03921718 0.007948679
0.03988677 0.007790308
0.02112267 0.008335764
0.01956684 0.008612831
0.0263422 0.007803649
0.02768763 0.007598351
0.03968142 0.007105646
0.03665414 0.006580349
0.07967903 0.006346034
0.07102891 0.006413994
0.09353793 0.006569506
0.08415808 0.006354452
0.05470707 0.006159018
0.05391645 0.006386932
0.04241714 0.006692138
0.04730609 0.006597775
0.04365761 0.00691435
0.0275185 0.007011117
0.02113126 0.006637783
0.0243503 0.006865445
0.03182088 0.007173673
0.02514038 0.00704704
0.02595691 0.007197947
0.02032439 0.006975799
0.01475559 0.007089588
0.0158525 0.006993615
0.01351213 0.007071109
0.02275002 0.007405716
0.008282144 0.007372296
0.01194163 0.007151457
0.01124097 0.00660284
0.01661262 0.006727309
0.01852504 0.006922588
0.01912916 0.006993735
0.0346659 0.00661994
0.04836978 0.006895288
0.04775263 0.006841949
0.04825757 0.006865167
0.05657138 0.007210563
0.06670286 0.006981238
0.05549758 0.006928317
0.04776231 0.006195868
0.06858354 0.005954677
0.0590543 0.006030825
0.06467439 0.00570845
0.0500949 0.005437629
0.0414171 0.005712717
0.02076687 0.005710593
0.02363135 0.00554834
0.0409197 0.005544498
0.06323886 0.006036488
0.0351025 0.006040111
0.01856491 0.00611534
0.01841128 0.006149131
0.02109358 0.006580069
0.0333989 0.00661156
0.04311706 0.00591057
0.0352897 0.00572728
0.03587763 0.005360042
0.04813721 0.005301394
0.03968894 0.005278501
0.03220857 0.005558913
0.02921614 0.005623398
0.04450307 0.005673782
0.04898203 0.005910438
0.03818234 0.006043668
0.04287548 0.005938421
0.03473847 0.006226119
0.02705544 0.006294784
0.03505092 0.005968048
0.05378803 0.006292048
0.02613913 0.006576206
0.01921296 0.006371888
0.01570177 0.006378846
0.01904168 0.006300338
0.01321202 0.006010259
0.01159191 0.006026779
0.01622324 0.006002901
0.03281605 0.005949033
0.03664856 0.006588272
0.01992568 0.006091349
0.0502116 0.006229867
0.04876035 0.00625133
0.05598037 0.006143587
0.0439788 0.005812631
0.02991812 0.005994077
0.01718837 0.006170817
0.006128488 0.006289408
0.008162804 0.005987789
0.01267303 0.005766243
0.01431787 0.005710684
0.001318611 0.006135876
0.003256608 0.006170125
0.006625088 0.006514475
0.01440523 0.006531082
0.008475661 0.006778108
0.004127089 0.006561722
0.003858384 0.006641117
0.00536384 0.006863308
0.008073097 0.006366146
0.01278258 0.006012277
0.0186787 0.005754815
0.01619399 0.005776928
0.02349981 0.006038066
0.02960813 0.005619187
0.03567217 0.006175171
0.05645087 0.005983977
0.07458186 0.006519073
0.02823415 0.006602354
0.02875976 0.006863495
0.03730651 0.006457377
0.03639699 0.006268005
0.0231987 0.005734621
0.05417288 0.006026174
0.05017177 0.005618523
0.09142651 0.005257396
0.05485339 0.005066093
0.04695238 0.005031963
0.06342734 0.005041429
0.07121622 0.004759444
0.08921183 0.004743504
0.05314827 0.004640702
0.03620133 0.004752336
0.02792713 0.004894418
0.02213343 0.00460554
0.01908909 0.00480492
0.02844402 0.004809048
0.02551581 0.004522811
0.03705624 0.004659031
0.04554021 0.004689707
0.05826948 0.004408074
0.08017216 0.004542498
0.06248631 0.00449954
0.09061344 0.004628155
0.1075507 0.004565253
0.04896187 0.004655004
0.04427993 0.004590102
0.04805166 0.004556719
0.04306372 0.00474602
0.05272414 0.004343186
0.0858399 0.004352557
0.08089521 0.004140916
0.08387292 0.004632783
0.05828881 0.004573416
0.06595947 0.004589453
0.09882707 0.004257167
0.07799858 0.004096972
0.04982613 0.003987141
0.06704047 0.003740279
0.0704264 0.003432322
0.1106758 0.003425342
0.09223589 0.00351805
0.06641178 0.003346371
0.05652771 0.003390108
0.03778402 0.003333825
0.04726158 0.00307168
0.03133728 0.002817264
0.02511203 0.002855074
0.02616647 0.002921793
0.04264462 0.003084535
0.03020188 0.003123256
0.04401832 0.00316045
0.05156798 0.003254437
0.05147098 0.003336369
0.06462283 0.003122299
0.09087062 0.003110273
0.06497639 0.00320542
0.04137763 0.003295643
0.06695428 0.003243125
0.05692999 0.003249893
0.08732307 0.003246769
0.09077977 0.003089508
0.07480054 0.003080659
0.09484792 0.003099254
0.07248744 0.003207733
0.06853377 0.003007438
0.05864381 0.003084173
0.05103996 0.003268536
0.07928907 0.003448405
0.05425438 0.003238725
0.05126372 0.003289746
0.05128867 0.003417127
0.06523409 0.003288854
0.09994842 0.003463992
0.05405795 0.003592917
0.06987828 0.003476446
0.04242479 0.003641091
0.04740695 0.003552208
0.05409119 0.003771505
0.08270959 0.00372023
0.09125973 0.003672399
0.07775612 0.003840853
0.07962077 0.003756455
0.09603554 0.003914487
0.1003397 0.00369708
0.1506772 0.00365108
0.1121826 0.003675018
0.1037361 0.003486787
0.1331986 0.003443702
0.1266836 0.003593432
0.08501952 0.003448288
0.06718535 0.003397094
0.04389321 0.003090208
0.02939161 0.003051109
0.02300103 0.003153157
0.03233143 0.003235855
0.07857784 0.003170078
0.06820489 0.003393764
0.06114646 0.00340207
0.09704122 0.003296169
0.08390552 0.003395573
0.07102138 0.003359015
0.06530551 0.003256442
0.05876176 0.003353373
0.03144389 0.003216532
0.02652209 0.00332733
0.02621881 0.003256078
0.02719341 0.003129529
0.02757085 0.003130846
0.05522608 0.002922482
0.02295222 0.003137897
0.01112866 0.003063294
0.008904256 0.00306355
0.0162083 0.002989406
0.02648378 0.00292731
0.03872701 0.003173772
0.03661535 0.00312252
0.03529684 0.003093504
0.01979103 0.003107516
0.0130673 0.003079033
0.02266005 0.002927855
0.03460662 0.002889352
0.05470974 0.00272432
0.03966487 0.002917308
0.03804906 0.002948882
0.04801222 0.003115509
0.06811671 0.003026033
0.07337228 0.003103538
0.05738662 0.003093058
0.08629814 0.003001648
0.124906 0.003166869
0.1705399 0.00305134
0.1559159 0.003003857
0.1104274 0.003040302
0.09744597 0.002949541
0.06431433 0.00307408
0.0383713 0.003089903
0.0585606 0.003037694
0.07538059 0.00326312
0.09276555 0.003253449
0.07975719 0.003153471
0.05457176 0.003373191
0.03313899 0.003189122
0.02102239 0.003239376
0.02026957 0.003023065
0.03564234 0.003164469
0.05884499 0.002886835
0.05137855 0.002777767
0.04833478 0.00295132
0.03643784 0.003160866
0.04019287 0.002997575
0.05308996 0.002955078
0.07316077 0.003027745
0.07573256 0.003077604
0.07889082 0.003008877
0.1162674 0.002878344
0.09423689 0.002777415
0.07779251 0.002866711
0.08184374 0.002832313
0.05867314 0.002932445
0.05532815 0.002820607
0.05447107 0.002761241
0.04125341 0.002811667
0.02981739 0.0026878
0.01457331 0.002609633
0.03095929 0.002676828
0.03548172 0.002649527
0.02622968 0.002539572
0.02635901 0.002456501
0.0620728 0.002552236
0.08364613 0.002611299
0.09509982 0.002577987
0.06588881 0.002572525
0.07013432 0.002758588
0.05043579 0.002816036
0.0627704 0.002878754
0.1164746 0.002800766
0.1238402 0.002863497
0.1332616 0.002671423
0.1235976 0.002749487
0.1482437 0.002702857
0.1436346 0.002787424
0.1128161 0.002832987
0.1152054 0.003099041
0.1070379 0.002792234
0.1046994 0.002858607
0.06367104 0.002585762
0.06595883 0.002532073
0.04334007 0.002536107
0.04648105 0.002734978
0.04723484 0.002785547
0.07024364 0.002898323
0.06840342 0.003041612
0.05534533 0.002770931
0.08244747 0.002492978
0.0767079 0.002571544
0.05844749 0.002662048
0.06243945 0.002583631
0.0656868 0.00268269
0.06796129 0.002543945
0.07372614 0.002501796
0.05684037 0.002623796
0.07384858 0.002774199
0.04955711 0.002982025
0.0594763 0.002908252
0.04845684 0.003021983
0.04915438 0.002877484
0.0324588 0.002698119
0.01550379 0.002820185
0.01482871 0.002669976
0.0195347 0.002859264
0.02771871 0.002762678
0.02289495 0.002708068
0.03020814 0.002857528
0.02960653 0.002708537
0.02031578 0.002782248
0.01183561 0.002925199
0.01723854 0.003048102
0.0308947 0.003200972
0.01991726 0.003029391
0.03631626 0.003171936
0.0346582 0.003153071
0.008963722 0.00322724
0.009773289 0.003109762
0.01699056 0.003050305
0.01205468 0.003157516
0.01912808 0.002991662
0.01134824 0.003121681
0.01189874 0.003355714
0.01900914 0.00329967
0.01473673 0.003390397
0.02423231 0.003195435
0.03314772 0.003346292
0.02575 0.003582005
0.03345668 0.004287191
0.05783227 0.004153563
0.04656746 0.004118566
0.05789581 0.004108448
0.02868761 0.004316145
0.01382317 0.004663206
0.01784793 0.004627902
0.04990397 0.004615136
0.05669648 0.00457293
0.0910271 0.00473622
0.08454111 0.004423529
0.13715 0.004629432
0.09888533 0.004333672
0.09600116 0.004613958
0.1214881 0.004696806
0.06738488 0.004546093
0.07002209 0.004452347
0.09962417 0.004174257
0.08710327 0.004319412
0.07110535 0.004071021
0.06294073 0.004033065
0.09375277 0.004083685
0.09555072 0.004178589
0.09431041 0.004136856
0.1338892 0.004036718
0.1052355 0.003815074
0.143726 0.003585573
0.1326574 0.003675986
0.1066001 0.003720296
0.09232747 0.003692838
0.1068188 0.003548623
0.119424 0.003468817
0.1183517 0.003342317
0.1108657 0.003211427
0.09575504 0.003482383
0.08266727 0.003476816
0.06432329 0.003479373
0.075488 0.003445375
0.06903621 0.00338601
0.05589443 0.003341761
0.01583078 0.003350291
0.05091867 0.003541725
0.04529357 0.003321959
0.07366366 0.003364165
0.06027195 0.003250724
0.04734456 0.003519883
0.05507657 0.003488944
0.05236951 0.003464002
0.06476263 0.003293776
0.04527334 0.003314591
0.07346715 0.00335951
0.06081917 0.003440433
0.06577277 0.003529609
0.04647418 0.00354817
0.01767467 0.003797848
0.01449576 0.003496461
0.04265275 0.003653652
0.04559856 0.003576928
0.02376912 0.003290447
0.01772271 0.003427962
0.007349346 0.003567935
0.009202197 0.003442953
0.01591969 0.003291128
0.01028705 0.003495251
0.01879109 0.003380868
0.03047917 0.003181097
0.03417429 0.003378615
0.08033803 0.003193943
0.089076 0.003400345
0.06571837 0.003425776
0.04326791 0.003303717
0.02575202 0.003259098
0.0592282 0.00351358
0.04416803 0.003190449
0.0533013 0.003032841
0.05090451 0.003130793
0.04208107 0.003074462
0.06253135 0.003231957
0.08152585 0.003284931
0.08726527 0.003471106
0.0556297 0.00330492
0.04694493 0.003521649
0.04064334 0.003816785
0.05458037 0.003845315
0.03968303 0.003955132
0.06229118 0.003977095
0.04842704 0.004649044
0.04416105 0.004711213
0.06272807 0.004951302
0.0757639 0.00495044
0.07631662 0.00465579
0.04871233 0.004683862
0.04963788 0.005131477
0.06661456 0.005275654
0.05484929 0.005001197
0.0428431 0.005209096
0.07803647 0.005440004
0.07980176 0.005217351
0.06351527 0.005136303
0.02882382 0.005430044
0.03091513 0.005450999
0.02728173 0.005484218
0.02630826 0.006094839
0.03545087 0.006289044
0.04889384 0.006321781
0.05430446 0.006673385
0.0627688 0.00705134
0.06609836 0.007604549
0.05892407 0.007239593
0.03788506 0.007849007
0.04360864 0.007871485
0.05667403 0.008043797
0.03568085 0.008069357
0.04038909 0.007243018
0.03003197 0.007215119
0.02850699 0.007460419
0.06196149 0.0080794
0.06884705 0.007346782
0.06845088 0.006917246
0.05526451 0.007018436
0.04860249 0.007146157
0.03131696 0.006871356
0.05211031 0.006984229
0.03806236 0.007311924
0.03933581 0.007230488
0.05854297 0.007141944
0.06739884 0.006972117
0.0595155 0.006535234
0.08806967 0.006472725
0.09549205 0.006409872
0.08584186 0.006424969
0.04359989 0.0059548
0.0333496 0.005969351
0.02057629 0.006589164
0.03595287 0.006316268
0.0307114 0.006297474
0.04109444 0.006335381
0.04452668 0.006314506
0.05599422 0.006388726
0.09369167 0.006137064
0.0820891 0.005975431
0.0659071 0.006387716
0.06558815 0.006956376
0.04795722 0.006696853
0.0364754 0.006624447
0.05059113 0.006438133
0.04143345 0.006131884
0.03732981 0.005878021
0.01670789 0.006115391
0.02308584 0.006610224
0.0326177 0.006486288
0.03659941 0.006311349
0.04811524 0.006391752
0.06363099 0.006186397
0.08325614 0.00593155
0.1055185 0.006283469
0.09350167 0.006122657
0.04989035 0.005928407
0.05795401 0.005774853
0.02781411 0.005825034
0.03940401 0.00625767
0.04431628 0.005807505
0.02814781 0.006251753
0.03611944 0.006120928
0.02809408 0.006690354
0.05227629 0.006899747
0.02738036 0.00745618
0.02600893 0.008009294
0.05343179 0.00840297
0.04053709 0.008287041
0.03365042 0.008066018
0.02280216 0.008026922
0.01001197 0.007641622
0.003947037 0.006791633
0.003364601 0.006616288
0.003921657 0.006703887
0.01204204 0.00712301
0.01497522 0.00714326
0.007078827 0.006899666
0.0279481 0.007212169
0.03395094 0.007158472
0.05281016 0.007357643
0.04069571 0.007404613
0.04413284 0.007128737
0.03649906 0.007985599
0.01344138 0.008518379
0.02439992 0.008713211
0.02411988 0.009299609
0.02655195 0.009556083
0.02790755 0.00986458
0.03220064 0.009887198
0.04032217 0.00864588
0.03268703 0.007966971
0.03835209 0.007906565
0.02256088 0.008022151
0.0120711 0.007734271
0.01470112 0.007834575
0.02546493 0.00815116
0.02870888 0.008100639
0.03069217 0.008140014
0.03507767 0.007871102
0.06232822 0.007518507
0.04820202 0.007419252
0.06083607 0.00747995
0.08066973 0.007673229
0.1048333 0.007640036
0.07666099 0.007612668
0.08206095 0.007686932
0.06380782 0.007746174
0.05988432 0.007960192
0.0555402 0.008031466
0.05491243 0.0079805
0.0419674 0.008137123
0.03269875 0.008160191
0.0568013 0.007939911
0.03632855 0.008392879
0.02165225 0.007981448
0.02819784 0.008624147
0.03452577 0.009403168
0.03610834 0.01036746
0.03619171 0.01017911
0.04640826 0.01042694
0.04755912 0.01117807
0.04472767 0.01102176
0.02497476 0.01158729
0.02482307 0.01145617
0.01363444 0.01111401
0.007862089 0.01111699
0.01096257 0.01061195
0.02286158 0.01111139
0.04918958 0.01162294
0.04634733 0.01172618
0.06135778 0.01188355
0.05680151 0.01123576
0.05699265 0.01143435
0.04274704 0.01079926
0.03836151 0.01197844
0.05037765 0.0121247
0.03041978 0.01210624
0.02297859 0.01285694
0.01033727 0.01287101
0.01763772 0.01362441
0.02589258 0.01346194
0.04163081 0.01236312
0.04731461 0.01235834
0.02925728 0.01202648
0.03144025 0.01184758
0.0365791 0.01142135
0.04123028 0.01103324
0.02479861 0.01145031
0.04379479 0.0118254
0.04099353 0.01230546
0.03521425 0.01212516
0.02568114 0.0125051
0.02205538 0.01203492
0.02298698 0.01229768
0.01825446 0.01238381
0.01736454 0.01183915
0.02436691 0.01140915
0.01267651 0.0119028
0.01443688 0.01193079
0.007244037 0.01223446
0.02442015 0.01220718
0.02329794 0.01276694
0.01214747 0.01437342
0.01597263 0.0147684
0.02941323 0.01448492
0.01508024 0.01516427
0.02026926 0.01605445
0.02583395 0.01590459
0.01068308 0.01524269
0.01242466 0.0148174
0.01782774 0.01611197
0.01948466 0.01695294
0.01234874 0.01806265
0.007055972 0.01752945
0.009557294 0.01884113
0.00301107 0.01769671
0.004612571 0.01878488
0.006956661 0.01826888
0.01856083 0.01915763
0.009609096 0.01919092
0.01347869 0.01923298
0.01656707 0.02029474
0.009912216 0.01940031
0.01184362 0.01782797
0.006910329 0.01703647
0.01835217 0.01781248
0.004299328 0.01668597
0.006955221 0.01641342
0.004440835 0.01770504
0.003116793 0.01748973
0.02232766 0.01865363
0.03273012 0.01819804
0.04225171 0.01746928
0.02713078 0.01680833
0.03457409 0.01671811
0.03525797 0.01714265
0.02930906 0.01759952
0.03385218 0.0172284
0.02085678 0.01696584
0.02131035 0.0169224
0.009448281 0.01683135
0.01969793 0.01629028
0.008288167 0.01698603
0.01327198 0.01740511
0.008689084 0.0176495
0.007844021 0.01739234
0.01764502 0.01710821
0.02291582 0.0166811
0.02527387 0.01688986
0.01911143 0.01740967
0.01844043 0.01556935
0.005062889 0.0157911
0.007440656 0.01555367
0.003969526 0.01456556
0.02293176 0.01388169
0.02145493 0.01352478
0.03002513 0.01331158
0.01742523 0.01315795
0.01708618 0.01449684
0.0219024 0.01499886
0.01380295 0.01437844
0.0158877 0.01313392
0.02308212 0.01238249
0.02581734 0.01157993
0.008619914 0.01010389
0.001595888 0.01009673
0.008482544 0.009772145
0.01203442 0.00902333
0.01221845 0.008300778
0.02188461 0.007931708
0.01086035 0.007290795
0.0190818 0.00677609
0.02973424 0.006396437
0.05804781 0.007126464
0.07512592 0.006524009
0.06729092 0.006381726
0.05588346 0.00608692
0.07307015 0.006170762
0.07317062 0.006267387
0.05270292 0.006764319
0.02628189 0.006744908
0.01610051 0.006854614
0.02171435 0.00745267
0.01747837 0.007131803
0.01116029 0.006510402
0.03239663 0.006430748
0.05563626 0.006821868
0.06827855 0.007065193
0.08274849 0.00677059
0.06647808 0.006833745
0.03285593 0.006255491
0.03668755 0.006624546
0.01553341 0.006452091
0.01749423 0.006544063
0.01913087 0.006434227
0.02083264 0.006566158
0.027626 0.006755504
0.0201426 0.00658913
0.02019322 0.006394665
0.03014178 0.006143429
0.02401076 0.006409213
0.01884896 0.006150738
0.01680637 0.00610268
0.01350144 0.005784501
0.008459662 0.005839598
0.008237848 0.005786673
0.01136631 0.006067691
0.01946431 0.006645791
0.01783836 0.006510296
0.0217878 0.005977674
0.023475 0.006142248
0.04932664 0.006370337
0.05856575 0.006674114
0.04284473 0.006913383
0.03643356 0.006521144
0.008629396 0.006417962
0.0123168 0.007134354
0.004935622 0.006666695
0.009085951 0.006467672
0.002032417 0.007016283
0.006236053 0.00709654
0.009885383 0.006769106
0.02270419 0.006905777
0.03759119 0.006274082
0.02682066 0.006629243
0.01111122 0.00625346
0.01536603 0.00646522
0.01552273 0.006858492
0.02049721 0.006636039
0.03469452 0.006698347
0.03559298 0.006700809
0.04226023 0.007267406
0.05925464 0.006743572
0.04695746 0.006730114
0.06343311 0.007583053
0.03992477 0.007850661
0.02019419 0.008239479
0.01198589 0.008171748
0.01305175 0.00766398
0.009496267 0.008087227
0.01098119 0.008711131
0.04637648 0.008602479
0.1181034 0.008766297
0.0742164 0.007994605
0.04646159 0.008022367
0.03489198 0.008179126
0.0320862 0.007966835
0.03078385 0.007975644
0.02836137 0.008690519
0.02280884 0.008483576
0.03056916 0.007222337
0.02533391 0.007336649
0.03790518 0.007767953
0.04985726 0.007594578
0.04777102 0.007371772
0.05505839 0.007665754
0.06171833 0.007054963
0.06153615 0.006771286
0.07886554 0.006479945
0.109724 0.006497533
0.07876597 0.006462513
0.05061637 0.006162739
0.03496561 0.005933148
0.0448346 0.00582013
0.04513151 0.005662274
0.01991678 0.005803591
0.0252992 0.005808791
0.017341 0.005702034
0.01037155 0.005497955
0.01510393 0.005868633
0.01087676 0.005887889
0.01258 0.005740623
0.01648496 0.005369765
0.01754085 0.005228258
0.01659286 0.005148356
0.02664723 0.005137605
0.0111936 0.005523458
0.01303598 0.005335069
0.01359878 0.005050569
0.01504721 0.004902905
0.02249157 0.00504296
0.006731509 0.004997875
0.006647187 0.005182306
0.02330324 0.00563803
0.02343251 0.006308466
0.02488602 0.006143907
0.04432599 0.005973113
0.03137203 0.005773643
0.04171235 0.006169497
0.04450897 0.006006828
0.03427045 0.006036226
0.03260283 0.00581304
0.04199593 0.005638855
0.02861923 0.005407691
0.02535979 0.005361732
0.01595404 0.005394938
0.02244428 0.005201276
0.02271474 0.005004067
0.01907591 0.00528531
0.01929703 0.005000616
0.01883238 0.004741315
0.02190429 0.004624995
0.03218378 0.004817651
0.02442592 0.005005137
0.0102719 0.004670647
0.0257673 0.004233559
0.03101149 0.003853192
0.04601766 0.003785795
0.04065425 0.003862433
0.03692064 0.003760794
0.0209349 0.003490744
0.02120285 0.003395225
0.02087931 0.003531654
0.01220074 0.003294263
0.001247593 0.003415159
0.008011266 0.003414474
0.009242171 0.003495742
0.01200259 0.003484913
0.006066877 0.00362563
0.003364487 0.003558576
0.005903916 0.003595097
0.02583237 0.003518635
0.03286976 0.003574454
0.06025388 0.003784794
0.05095495 0.003661125
0.03095828 0.003689984
0.04794545 0.003404723
0.05467732 0.003719047
0.05449175 0.00362793
0.04643348 0.004067275
0.06031875 0.004238771
0.05553702 0.004114172
0.03393766 0.004443976
0.02022063 0.004253477
0.02860799 0.004484974
0.03041153 0.004656319
0.04881238 0.004501456
0.0383678 0.003914055
0.03426387 0.004117675
0.03713525 0.004208728
0.01862597 0.004184897
0.01794274 0.00414755
0.00529552 0.004122349
0.02721519 0.004217335
0.03643733 0.004203502
0.06263863 0.004480885
0.05722089 0.004547096
0.04574424 0.004735681
0.05203224 0.004864411
0.05642688 0.004987801
0.05618222 0.00481527
0.07386478 0.005045756
0.07548104 0.005022782
0.05835779 0.004977739
0.05281598 0.004800424
0.07004899 0.004769789
0.08377871 0.005130497
0.08544642 0.005086545
0.0940981 0.005192936
0.09395135 0.005284802
0.0944588 0.005115871
0.07395177 0.005310399
0.04935763 0.005589129
0.06299583 0.005926768
0.09426237 0.005499365
0.1044335 0.005053844
0.1179959 0.004714468
0.1014941 0.004861393
0.09640059 0.004455103
0.09811659 0.004672561
0.09283374 0.004982893
0.05977141 0.005018847
0.04899678 0.004901007
0.05800359 0.004952464
0.05988247 0.005172604
0.06514876 0.005229815
0.03006165 0.004979083
0.03725414 0.005084533
0.01143955 0.004870808
0.01674457 0.004794702
0.005804855 0.004919484
0.01671749 0.005435567
0.01519404 0.005923267
0.01134715 0.005963658
0.03126409 0.005789017
0.04018514 0.005860659
0.03582369 0.005687548
0.03155892 0.005989472
0.02365438 0.005751992
0.01286981 0.005813126
0.02418148 0.005750032
0.03286051 0.006094572
0.03220796 0.005762871
0.03530034 0.005403743
0.0486828 0.005407514
0.05449487 0.005442077
0.05935222 0.005487736
0.03505725 0.005478176
0.02931785 0.005797668
0.0136397 0.006195142
0.032723 0.00607302
0.04614884 0.006094483
0.02446304 0.005991064
0.03404609 0.005393355
0.01552994 0.005561811
0.01403693 0.005219268
0.03465732 0.005250254
0.05551805 0.004743541
0.04350157 0.004969803
0.03862601 0.00522376
0.02360566 0.005154661
0.03487164 0.004959411
0.05014423 0.004863252
0.06139744 0.004878807
0.050293 0.004568175
0.05700732 0.004761377
0.06504264 0.004500194
0.0707057 0.00466909
0.09004714 0.004664554
0.08340932 0.004562574
0.06885979 0.00401394
0.07254548 0.003859105
0.09621832 0.0038554
0.115767 0.003990023
0.092076 0.003794541
0.08659832 0.003688203
0.129432 0.003601568
0.14554 0.003597674
0.1472656 0.003360042
0.1078329 0.003285397
0.104483 0.00348645
0.08525538 0.003426442
0.1234504 0.003323855
0.1105307 0.003350737
0.1312902 0.003513082
0.1544844 0.003409428
0.1431772 0.003742374
0.1192516 0.003676858
0.1021511 0.003263389
0.09437816 0.003356911
0.08671278 0.003139632
0.0825737 0.002882616
0.08775776 0.002905663
0.04966433 0.002980234
0.06306484 0.002770071
0.06430421 0.002693042
0.06701067 0.002851043
0.1084805 0.002781535
0.08794154 0.003062417
0.07737236 0.003101567
0.08158802 0.003228329
0.08230372 0.003351257
0.07910836 0.003413121
0.1006517 0.00363174
0.07805783 0.00351691
0.04241437 0.00373298
0.0326983 0.00388963
0.02007129 0.00366983
0.00906971 0.003659461
0.002362766 0.003648502
0.005755536 0.003767827
0.01532186 0.00355879
0.01090189 0.003816742
0.01603956 0.003872748
0.0229933 0.003918321
0.01375062 0.003871773
0.01899708 0.003863429
0.008946169 0.003796126
0.0153902 0.00385472
0.03007515 0.003977223
0.03141909 0.003867826
0.03713035 0.003781876
0.0746149 0.003724476
0.05694142 0.003475661
0.0310799 0.003080297
0.03389594 0.002834654
0.03201368 0.0027723
0.03063301 0.002687185
0.03047627 0.002714128
0.02779777 0.002809165
0.02027446 0.002631541
0.01434011 0.002692704
0.01343568 0.002463436
0.01831891 0.002478171
0.04053291 0.002618198
0.03708054 0.002661754
0.04727325 0.002602777
0.0302983 0.002521314
0.03724391 0.002530497
0.03286099 0.002425998
0.03571302 0.002321827
0.05781155 0.002190303
0.03045121 0.002046657
0.02191827 0.00198643
0.02245692 0.002019672
0.03985734 0.001919527
0.04826034 0.00199049
0.0496611 0.002098154
0.04709944 0.002040353
0.05680386 0.002013821
0.08441952 0.002199549
0.08402846 0.002335932
0.1026897 0.002190817
0.1207788 0.002304548
0.1047556 0.002267384
0.09096255 0.00223674
0.1219388 0.002344101
0.1928683 0.002458909
0.1895893 0.002446026
0.1897294 0.002386436
0.1807792 0.002437003
0.1877275 0.002383405
0.1886995 0.002448559
0.146321 0.002493692
0.09345081 0.002553552
0.08128146 0.002590634
0.1212306 0.002442322
0.1195486 0.002363438
0.1140362 0.002316047
0.08438445 0.002309512
0.09578926 0.002244293
0.09672412 0.002269295
0.09466975 0.002054224
0.07212702 0.001855483
0.07191547 0.001988094
0.0970131 0.002037106
0.07531585 0.002036044
0.05456059 0.001935233
0.06480212 0.001880461
0.08370051 0.001957734
0.0712579 0.001857363
0.08293031 0.001704727
0.07386038 0.001607803
0.09728513 0.001658155
0.1011103 0.001710274
0.0958472 0.001643133
0.1250828 0.001681861
0.1082515 0.00161995
0.08979119 0.001568904
0.1047985 0.001469249
0.1089815 0.001508066
0.1090212 0.001501674
0.1066742 0.001400053
0.09973195 0.001368239
0.08098891 0.001332486
0.1024847 0.001320834
0.101128 0.001406764
0.08274925 0.001317747
0.09679576 0.001371276
0.1083535 0.00127295
0.1502966 0.001241656
0.1626151 0.001239821
0.2022595 0.001193963
0.2129971 0.001185012
0.2510099 0.001192339
0.2292497 0.001138843
0.208911 0.001164046
0.2551678 0.001135094
0.2219258 0.001046043
0.2353787 0.001021976
0.2927269 0.001012406
0.2966222 0.001041592
0.3175991 0.001050061
0.278082 0.001050142
0.2527925 0.001104169
0.2707323 0.001141372
0.232923 0.001104343
0.2315984 0.00110681
0.2269723 0.001057868
0.2182081 0.001049878
0.2043379 0.001078163
0.2131359 0.001141336
0.186787 0.001166524
0.2042138 0.001225775
0.1899984 0.001173449
0.158309 0.001197631
0.1364029 0.001215757
0.1514168 0.001155877
0.1436725 0.001086328
0.1823581 0.001100449
0.1780255 0.001100346
0.1293763 0.0009899274
0.12367 0.0009309968
0.1249915 0.0009033091
0.1528276 0.0008197031
0.1570358 0.000867032
0.1639236 0.0008913868
0.1350291 0.0008545788
0.08181833 0.0008091821
0.05908054 0.0008209457
0.0590043 0.000799107
0.05695967 0.0008314076
0.06355256 0.0008307259
0.05819225 0.0008733829
0.08859027 0.0008893625
0.09124506 0.0009629801
0.07749337 0.0010231
0.1058846 0.001011065
0.08798053 0.001088689
0.06427792 0.001066341
0.04485664 0.001119288
0.0541485 0.001104121
0.04535489 0.001155858
0.02334576 0.001164748
0.02633144 0.001101189
0.04891033 0.001028467
0.05170801 0.00106241
0.07792276 0.0009762989
0.05675062 0.0009923672
0.05574162 0.0009290997
0.05158308 0.0009377169
0.0386531 0.0008433203
0.03417216 0.0007747918
0.04062198 0.0008058172
0.03387423 0.0009051285
0.02332321 0.0008595058
0.03612877 0.0008331597
0.03881284 0.0008441249
0.05648749 0.0008217358
0.06370291 0.0007997921
0.0717401 0.0008055566
0.05171889 0.0008722336
0.07536308 0.0008706539
0.05933453 0.0008831379
0.02182342 0.0008518544
0.02329879 0.0008250911
0.04077775 0.0007878977
0.04704707 0.0007894622
0.05506952 0.0007369543
0.06115859 0.0007628962
0.06610543 0.0007281638
0.08901762 0.0007073148
0.07511557 0.0006878512
0.05729781 0.0006627624
0.04785258 0.0006498013
0.06606349 0.0007017292
0.05026431 0.0007063787
0.03734219 0.0006562006
0.02717119 0.0006819003
0.03277126 0.000627608
0.02863782 0.0005996419
0.01977463 0.0006304223
0.04085234 0.0006738678
0.02443424 0.0006403104
0.01605676 0.0006636403
0.01521925 0.0006685159
0.009122179 0.0006657389
0.02176757 0.0006852036
0.03703794 0.0007053849
0.02013214 0.0007264547
0.01503701 0.0007067815
0.0367692 0.00074205
0.03168079 0.000709969
0.0616455 0.0007583351
0.04601611 0.0007518393
0.04733756 0.0007460768
0.06097254 0.0007459857
0.04662488 0.0007630497
0.05746112 0.0007847923
0.0463859 0.0007612606
0.05535393 0.0007512836
0.04628708 0.0007313377
0.04187537 0.0006413683
0.05730992 0.0006677502
0.05940612 0.0006712679
0.06729667 0.0006907957
0.06757671 0.0006683554
0.04193577 0.0006368673
0.04555816 0.0006240404
0.05106485 0.000600137
0.04588292 0.0006182426
0.04243101 0.0006300954
0.03050894 0.0006575217
0.02578856 0.0007032309
0.009730339 0.000695462
0.01350115 0.0006345494
0.009945733 0.0005925908
0.009331859 0.0006351116
0.01397302 0.0006729515
0.01181129 0.00069254
0.02212674 0.0006772557
0.02696144 0.0006736043
0.02688863 0.0006812269
0.04397213 0.0006850461
0.04296307 0.0006483077
0.04725859 0.0006794182
0.07368118 0.0006546662
0.09943426 0.0006808429
0.06907121 0.0007558899
0.07722608 0.0007606397
0.1165869 0.0007696096
0.1171467 0.0007652461
0.08904244 0.0007909269
0.1239411 0.0007951614
0.1719702 0.0007938819
0.1440945 0.0008103265
0.1537838 0.0007608156
0.1527242 0.0007428129
0.1302709 0.0007304114
0.1090201 0.0007206774
0.09378087 0.0007261289
0.1151645 0.0007403214
0.0990817 0.0007267148
0.1245499 0.0007628653
0.09433417 0.0007466698
0.1273776 0.0007861315
0.08032652 0.0007760491
0.06340866 0.0007642717
0.03541557 0.0007134522
0.03828294 0.0007089195
0.04466882 0.0007108414
0.05143564 0.0007287857
0.03958007 0.0007801022
0.02347168 0.0007729362
0.03605493 0.0008059841
0.03053624 0.0008194047
0.02393736 0.0007775685
0.03089261 0.0008250114
0.03401019 0.0007753452
0.03660292 0.0007894879
0.03432647 0.000739582
0.05068487 0.000738348
0.04717569 0.000765249
0.059808 0.0008242979
0.05621914 0.000850673
0.04057183 0.0008485488
0.0214209 0.0008246266
0.02671254 0.0008254829
0.03282719 0.0008733459
0.04485915 0.0008564226
0.02910159 0.0008672256
0.04587143 0.0008431016
0.01810241 0.0008089405
0.01943131 0.0007803326
0.03528891 0.0007390312
0.03712887 0.0007244487
0.06263776 0.0006937128
0.04855005 0.0006724354
0.032222 0.0006823464
0.01937347 0.0006611357
0.02449001 0.0006707501
0.01339494 0.0006770591
0.01593825 0.0006987598
0.01818333 0.0006485434
0.02635537 0.0006281853
0.006681812 0.0006267189
0.003044646 0.0005634023
0.005215884 0.0005565094
0.0168405 0.0005711978
0.01036794 0.0005710874
0.00944133 0.0005974665
0.02981074 0.0006116815
0.04722674 0.00063516
0.07631772 0.0005614088
0.08455747 0.0005497204
0.09575988 0.0005639865
0.07853938 0.0005488971
0.08747524 0.0005511017
0.09806616 0.0005580494
0.1017969 0.0005322894
0.1041423 0.0005527392
0.09475879 0.000546919
0.1190602 0.0005336764
0.09962708 0.0005089417
0.08022073 0.000510692
0.09545602 0.0004955191
0.09487327 0.0004578629
0.09329037 0.0004745442
0.1180815 0.0004914644
0.07669918 0.0004885869
0.1052195 0.0004971546
0.09950853 0.0005357001
0.1350153 0.0005043907
0.1258138 0.0005085962
0.1733721 0.0005243639
0.1623776 0.0004891662
0.1486233 0.0004929496
0.1575986 0.0004954815
0.1757026 0.0004915223
0.1847939 0.0004667554
0.2054096 0.0004709237
0.1947726 0.0004866566
0.2009281 0.000487158
0.2080041 0.0005154248
0.2131062 0.000486765
0.1848444 0.0005035865
0.1984075 0.0005015318
0.2298104 0.000496334
0.2291251 0.0005053338
0.1967214 0.0004745041
0.1894885 0.000477697
0.175109 0.0004739465
0.2217901 0.0005255832
0.2152076 0.0005393105
0.2169404 0.0005656293
0.1814616 0.0005980176
0.1678431 0.0006206706
0.1622639 0.0005949726
0.174249 0.0006245517
0.2160138 0.0006545196
0.1958313 0.000677309
0.2500092 0.0006380676
0.2434062 0.0006178572
0.2343373 0.0006096892
0.2580869 0.0006184746
0.264276 0.0005854468
0.260863 0.000643222
0.2069635 0.0006832475
0.2294928 0.0006903981
0.2318342 0.0006848161
0.1653477 0.000677878
0.128649 0.0006955196
0.124516 0.0007097608
0.2050615 0.0006807217
0.1523291 0.0006984483
0.1361974 0.0007079272
0.1223082 0.000743093
0.1133602 0.0007444766
0.1280945 0.0007425269
0.0969456 0.0007590855
0.1278279 0.0007544479
0.09938695 0.0007686387
0.08156774 0.0007344574
0.09863167 0.0007314059
0.1070038 0.0007491138
0.1284565 0.0008106733
0.1675508 0.0007983664
0.1713671 0.0007799203
0.1914896 0.0008255306
0.1837 0.0008189164
0.2134919 0.0007978146
0.2296587 0.0007851708
0.2731725 0.0007971293
0.2970196 0.0007183519
0.2961921 0.0006777935
0.3070218 0.0006607121
0.3005501 0.0006242561
0.2819044 0.0006409703
0.2554358 0.0006984644
0.2368089 0.0007347937
0.2096712 0.0007035146
0.2509869 0.0006470306
0.2573412 0.0006571885
0.2605605 0.0006144684
0.210602 0.0006131108
0.2381997 0.0006566563
0.1448291 0.0007040692
0.1778845 0.0006928053
0.1783671 0.0006630456
0.1566775 0.0006657789
0.2318525 0.0006427428
0.1900356 0.000652966
0.1953684 0.0006844543
0.2662558 0.0006726973
0.2596572 0.0007000538
0.2377769 0.0006828127
0.2252278 0.0006674927
0.1562828 0.0007079972
0.1799333 0.0007261353
0.2181568 0.0007345893
0.2169538 0.0007481848
0.1537648 0.0007406104
0.1961854 0.0007360755
0.2396447 0.0007475943
0.2278507 0.0007460337
0.1764554 0.0008073827
0.151451 0.0008520433
0.1770443 0.0008560081
0.1507528 0.0008546764
0.1198089 0.0008964142
0.1005987 0.000910905
0.09838356 0.0008865732
0.116336 0.0008798436
0.1239033 0.0008669161
0.1324529 0.0008151437
0.1457274 0.000790443
0.1473316 0.0007424081
0.1497785 0.0007743244
0.1239344 0.0007389123
0.1151903 0.0007593311
0.1206406 0.0007828091
0.1237495 0.000778462
0.1522698 0.0007699759
0.1175137 0.0007812397
0.06787821 0.0007753883
0.06825712 0.0007019621
0.07411458 0.0006771786
0.06739681 0.0006899761
0.05228515 0.0006158695
0.06810219 0.0006644147
0.05427842 0.0006386174
0.06368915 0.0006356184
0.06945449 0.0005827376
0.06818935 0.0005747525
0.07292143 0.0005841676
0.08385799 0.000573502
0.08691744 0.0005859385
0.1101435 0.0005595487
0.09613046 0.0005396135
0.07173227 0.0005445974
0.09277446 0.0005251517
0.108237 0.0004877295
0.1248534 0.0005203483
0.1061165 0.0005173866
0.08750706 0.0005331755
0.08133471 0.0005476402
0.05402158 0.000529017
0.04575192 0.0005454566
0.0187263 0.0005955331
0.01447744 0.0005437111
0.06461632 0.0005151325
0.05077783 0.0005335626
0.0777774 0.0004996684
0.03968432 0.0004824634
0.05856885 0.0005037284
0.06873329 0.000490209
0.08473855 0.000507567
0.09707789 0.0005050946
0.08546338 0.0005310843
0.06126881 0.0005113361
0.07906926 0.0005393718
0.08726199 0.0005132946
0.08371658 0.0005080999
0.09825279 0.0005396702
0.05688074 0.0005752814
0.05705412 0.0005392344
0.04955767 0.0005099902
0.04501173 0.0004843158
0.04525256 0.0005188056
0.07160066 0.0005181049
0.05713175 0.0005432831
0.06430619 0.000573551
0.05722385 0.0005644263
0.0656708 0.0005779714
0.04533072 0.0005577784
0.08272927 0.0005625716
0.07254101 0.0006064123
0.03118803 0.0005473327
0.04597924 0.0005875359
0.07960034 0.0005728275
0.04598169 0.0006045958
0.06892546 0.0005699906
0.05059786 0.0005757815
0.07405722 0.0006161181
0.1064169 0.0006448114
0.09170351 0.0006216639
0.09271963 0.0006266333
0.0829076 0.0005792181
0.09097927 0.0006054682
0.09733313 0.0006328086
0.1187198 0.0006366353
0.1458312 0.0005918519
0.1602373 0.0006306301
0.1024369 0.0005980042
0.1402703 0.000574792
0.1591008 0.000538556
0.1381825 0.0005255545
0.1421111 0.000511543
0.1155855 0.0005068927
0.1202963 0.0004371684
0.1242785 0.0004445352
0.1275077 0.0004479342
0.1407982 0.0004805759
0.1691428 0.0004848753
0.2353252 0.0004932307
0.2050606 0.0005180035
0.2114364 0.0005228677
0.2704016 0.0005219615
0.2627738 0.0005226719
0.2972333 0.000517827
0.203901 0.0005175222
0.1838841 0.0005411154
0.1640324 0.0006258242
0.2438043 0.0005798683
0.2502882 0.0005717495
0.207916 0.0005583082
0.1833508 0.0005657389
0.1799001 0.0005649751
0.2571848 0.0005215154
0.2395729 0.0005131521
0.2234218 0.0005181318
0.2236588 0.0005286207
0.2197369 0.0005013962
0.1892593 0.0004986382
0.1983642 0.0005379087
0.2828304 0.0005199967
0.2406369 0.0005506956
0.2404716 0.000506851
0.2517282 0.0005779885
0.3118039 0.0005730048
0.2894674 0.0005780121
0.214885 0.0005595815
0.1719706 0.0005679392
0.1731483 0.0005522997
0.1983017 0.0005537572
0.2340035 0.0005717418
0.2251138 0.00056905
0.1737876 0.0005523661
0.1843758 0.0005492099
0.1698155 0.0005284713
0.2256682 0.000558322
0.2065235 0.000549752
0.2115045 0.0005794992
0.2378939 0.0005505035
0.2054929 0.0005807617
0.238026 0.0005329956
0.2098193 0.0005329381
0.2405661 0.0005277674
0.2380698 0.0004950801
0.2457649 0.000473227
0.2232122 0.0004442599
0.2508059 0.0004832446
0.2469509 0.0004804334
0.2564872 0.0004429618
0.2259678 0.0004141029
0.216026 0.0004501615
0.2319684 0.0004576144
0.2336997 0.0004350257
0.2713633 0.0004680201
0.3163065 0.0004495514
0.2735026 0.0004277575
0.1992356 0.000435755
0.1315548 0.0004378785
0.1751675 0.000487815
0.1471124 0.000445988
0.1676748 0.0004167484
0.1838707 0.0004004285
0.1554242 0.000399888
0.2084409 0.0004016128
0.190384 0.0003957944
0.1657146 0.0003950962
0.1626366 0.0004089254
0.1858984 0.0004430856
0.2321004 0.0004322515
0.2245815 0.0004142287
0.258686 0.0004191992
0.2783248 0.0004112433
0.2890995 0.0004026727
0.2452963 0.0004262517
0.1994436 0.0004292529
0.1944384 0.0004437617
0.1804542 0.0004353247
0.1640698 0.0004223143
0.1276762 0.0004524622
0.1258933 0.0004589884
0.1175369 0.0004509438
0.1092165 0.0004457938
0.09479255 0.0004800427
0.07068596 0.0005072299
0.07429732 0.0004999896
0.08285751 0.0004957424
0.1420624 0.0005262328
0.09392218 0.0005057304
0.09869998 0.0005136465
0.06625675 0.0005117715
0.06553613 0.000538375
0.05407597 0.0005332719
0.04930186 0.0005426956
0.03262719 0.0005294754
0.02556789 0.000548088
0.02600715 0.0005432836
0.01541069 0.0005402819
0.01128912 0.0005275075
0.01326358 0.0005843125
0.002169914 0.0005918037
0.01025574 0.0005812095
0.01111482 0.000596188
0.02385104 0.0005671509
0.01499335 0.0005716577
0.0146657 0.0005291068
0.02541196 0.0005232678
0.02574543 0.0004978064
0.02567557 0.0005306812
0.05413629 0.0005936851
0.0337859 0.0006071162
0.02267924 0.0006382703
0.0236243 0.0006931135
0.01707684 0.0006841337
0.02749367 0.0006725959
0.03177308 0.0005784453
0.03124894 0.0006012853
0.03843893 0.0006409415
0.008420722 0.0006630496
0.01180525 0.0006124568
0.02661558 0.0006077679
0.01761652 0.0005993369
0.02392668 0.0006225165
0.02607485 0.0006042726
0.02265975 0.0005843112
0.03326065 0.0006156334
0.03270661 0.0006236775
0.02935122 0.0006428828
0.0246416 0.000650356
0.02061274 0.0005894547
0.01760972 0.0005928691
0.01442806 0.0005707049
0.02413806 0.0005659638
0.02211956 0.0005865892
0.05881624 0.0005590397
0.04101289 0.0005894607
0.04191245 0.0005816008
0.03710058 0.000612856
0.03489433 0.0006444411
0.05583663 0.0005790771
0.04158215 0.0005883202
0.02921882 0.000578769
0.04664445 0.0005454599
0.04744152 0.0005057931
0.06201962 0.0004889454
0.035266 0.000482543
0.04029191 0.0004602137
0.04176267 0.0004073277
0.05565748 0.0004351708
0.04687445 0.0004074455
0.05864484 0.0003924843
0.03375658 0.0003958173
0.04698439 0.0003983563
0.06119225 0.00041152
0.06328873 0.0004294234
0.0673573 0.0004356602
0.06895848 0.000465288
0.08602415 0.0004793164
0.0554028 0.0005094456
0.06640224 0.0005239646
0.05252657 0.0004866591
0.02097412 0.0004903036
0.02111377 0.000512445
0.04598629 0.0004990109
0.01962864 0.0004867102
0.02348852 0.0004676525
0.02316392 0.0004408787
0.01519526 0.0004232101
0.01609458 0.0004340018
0.01740807 0.0004230897
0.0243261 0.0004005676
0.01330995 0.0003878578
0.02064433 0.0004569514
0.04310131 0.0004470902
0.05001492 0.0004628252
0.05198506 0.0005080853
0.03044621 0.000507636
0.02447139 0.000524005
0.02919475 0.0005287581
0.02016354 0.0005335611
0.0285634 0.0004982898
0.02042597 0.0004663548
0.02513934 0.0004798081
0.01464548 0.0004973863
0.03151587 0.0005024586
0.02832302 0.000476154
0.0260255 0.0004321553
0.01645495 0.0004393548
0.01937666 0.0004101969
0.02687882 0.0004320032
0.01307036 0.0004356096
0.001685806 0.0004352334
0.008860372 0.0004372934
0.01288932 0.0004341704
0.01662331 0.0004329549
0.02618873 0.0004548187
0.02994743 0.0004539051
0.02495021 0.0004708802
0.0292618 0.0004636172
0.04201743 0.0004941128
0.04783417 0.0004661337
0.05734359 0.0004399845
0.0672915 0.0004115814
0.03588877 0.0003826847
0.04226642 0.0003782105
0.04063574 0.0003637959
0.0569036 0.0003613426
0.05219199 0.0003766201
0.06844056 0.0003787046
0.06136975 0.0003946213
0.07599506 0.0003775384
0.09330098 0.0003574218
0.1038132 0.0003512139
0.07895855 0.0003386876
0.09937983 0.0003275196
0.09296429 0.0003230293
0.0726297 0.0003167641
0.09612172 0.0003302569
0.1037361 0.0003269496
0.0800415 0.0003168115
0.05913534 0.0003188229
0.07361844 0.0003544195
0.1277051 0.0003765117
0.08821294 0.0004069966
0.1616244 0.0003978929
0.1460121 0.0004066218
0.09584022 0.0004108055
0.09943352 0.0004183025
0.125526 0.0004107551
0.125748 0.0004620919
0.1101133 0.0004440309
0.0896051 0.0004539911
0.08100327 0.0004536108
0.09027017 0.0004908207
0.1079766 0.0004644192
0.1345893 0.0004258022
0.138493 0.0004308354
0.1309046 0.0004658959
0.09526583 0.0004293281
0.08020859 0.0004316682
0.1145251 0.0004205134
0.1415464 0.0004487006
0.1658187 0.0004520312
0.2258583 0.0004227806
0.2252833 0.0004094934
0.1685146 0.0004479412
0.1753545 0.0004493949
0.1717991 0.0004415539
0.2051261 0.0004697817
0.2051484 0.0004382584
0.2321751 0.000434901
0.1992619 0.0003987034
0.179082 0.0003916957
0.1682147 0.0003943385
0.1356494 0.0003915266
0.09534273 0.0004080037
0.08180231 0.0004012641
0.1114861 0.0003985505
0.1056757 0.0003892624
0.1179033 0.0003964571
0.1115468 0.0004081372
0.1110302 0.0004175615
0.1060474 0.0004392513
0.1141455 0.0004241249
0.08853356 0.0004533051
0.07077417 0.0004291835
0.1058304 0.0004292151
0.1202611 0.0004008573
0.1298968 0.0003808623
0.1091748 0.0003987524
0.1170356 0.0003894694
0.09849542 0.000401491
0.129073 0.0004111143
0.1626837 0.0004001291
0.1589024 0.000398717
0.1800341 0.0003839201
0.1469631 0.0003985928
0.1864478 0.0004004288
0.2296316 0.0003940759
0.2477184 0.0003810929
0.2704716 0.0003823799
0.2277654 0.0003859704
0.1801945 0.0004125911
0.1740886 0.0004244002
0.1680754 0.0003677907
0.1634039 0.0003659246
0.1794248 0.0003494808
0.1597078 0.0003601108
0.1750839 0.000370766
0.2001229 0.0003731923
0.2045416 0.0003760165
0.1987778 0.000377264
0.2415985 0.0003369946
0.2181551 0.0003648209
0.1844881 0.0003611199
0.2030978 0.000373042
0.2082875 0.0003595297
0.2305814 0.0003963035
0.2489811 0.0003955187
0.2973298 0.0004048024
0.254419 0.0003979726
0.2466222 0.000406265
0.2789579 0.0004209689
0.293929 0.0004074632
0.3528454 0.0003917795
0.3523404 0.000387799
0.3378033 0.0003721728
0.4079201 0.0003681678
0.410131 0.0003881217
0.3741425 0.0003972252
0.3559214 0.0003820817
0.3375814 0.0003840322
0.2996328 0.0003921032
0.3175983 0.0003990192
0.3303706 0.0003928516
0.2587038 0.0003814843
0.1859438 0.0003748112
0.193398 0.0003689843
0.1687496 0.0003626027
0.2165371 0.0003462047
0.1504435 0.000350111
0.1322855 0.0003369438
0.114867 0.0003227113
0.1394772 0.0003014332
0.1598248 0.0003123916
0.1430534 0.0003042
0.1694441 0.0002889131
0.1293489 0.0003128625
0.1093379 0.0003238147
0.1048533 0.0003216211
0.1371286 0.0003149604
0.1161389 0.0002931697
0.08716647 0.000316659
0.09725053 0.0003441197
0.08978337 0.0003252464
0.1238176 0.0003025828
0.1491533 0.0002893868
0.1363989 0.0002650674
0.1358668 0.0002607259
0.1341909 0.0002756538
0.1348374 0.0002855139
0.1307645 0.0002827898
0.1454124 0.0002893417
0.2073249 0.000291348
0.2276895 0.0003131689
0.2511592 0.0003239619
0.2460265 0.0003193299
0.2600355 0.0003123005
0.2644515 0.0003029247
0.3083252 0.000305583
0.2764027 0.0002935745
0.298959 0.0003166672
0.2992267 0.0003117042
0.2985747 0.0003010111
0.2760958 0.0003331611
0.2956039 0.000335753
0.3214024 0.0003405061
0.3558127 0.0003574102
0.3820622 0.0003665958
0.3668926 0.000380353
0.3016493 0.0003904255
0.3593008 0.0003931606
0.4213264 0.0003689533
0.4163321 0.000382951
0.4321526 0.0003779972
0.4336665 0.000407569
0.4008473 0.0004222001
0.3432159 0.0004211883
0.3896734 0.000461368
0.4355616 0.0004657972
0.4974239 0.0004836697
0.4860673 0.0004946611
0.4569537 0.0005018439
0.454597 0.0004879432
0.4813032 0.0004540642
0.509674 0.0004395172
0.4338076 0.0004447994
0.4510106 0.0004357029
0.4958982 0.000432831
0.5139697 0.0004149161
0.4797016 0.0004244535
0.3769627 0.0004180627
0.3945828 0.0004294239
0.3556661 0.0004166356
0.3738134 0.0004107945
0.4362685 0.0004015914
0.4034166 0.000372586
0.3944914 0.0003707723
0.386536 0.0003719139
0.3044909 0.0003557833
0.3242027 0.0003709633
0.3002143 0.0003346013
0.3427429 0.0003403843
0.3938614 0.0003544282
0.3390215 0.0003726011
0.3513986 0.0003832415
0.3651808 0.0003713482
0.3231869 0.0003678427
0.371148 0.0003487853
0.3846172 0.0003454325
0.3988951 0.0003770061
0.4893145 0.0003662821
0.4426568 0.0003692391
0.4091705 0.0003559134
0.457972 0.0003518243
0.4221341 0.00033612
0.4455905 0.0003126113
0.4474583 0.0002996269
0.4435258 0.0002812785
0.4242445 0.0002920895
0.485013 0.0002981234
0.4314618 0.0002916216
0.4670048 0.0003176251
0.4514082 0.0003330243
0.4462418 0.0003456885
0.4088396 0.0003633236
0.4206097 0.0003658708
0.3903963 0.000369955
0.4447893 0.0003683366
0.3900488 0.0003788365
0.398318 0.000400638
0.3808955 0.0003816587
0.3663744 0.0003896493
0.3575908 0.0004040974
0.2734933 0.0003992257
0.3243522 0.0003690314
0.3128574 0.0003750224
0.3734962 0.0003790798
0.3764501 0.0003732591
0.3662482 0.000372194
0.377761 0.0003592524
0.4336729 0.0003543944
0.4374669 0.0003386128
0.4075684 0.0003444218
0.3773973 0.0003701187
0.3539671 0.0004000301
0.4211999 0.0004372591
0.4346024 0.000440872
0.4131112 0.0004504703
0.4157134 0.0004614318
0.4921643 0.000455109
0.4762978 0.0004547314
0.426137 0.0004354606
0.4675369 0.0004339318
0.5237467 0.0004072366
0.5401326 0.000423463
0.5588308 0.0004227937
0.5784608 0.000473203
0.5995202 0.0004470366
0.5260691 0.0004479466
0.5343859 0.0004594926
0.5371252 0.0004718137
0.5426573 0.0004407356
0.5681126 0.0004650663
0.6186578 0.0004599495
0.5738507 0.0005007302
0.6382952 0.0004808329
0.6289302 0.000447165
0.5963385 0.0004732493
0.6474171 0.0004663189
0.5663827 0.0004145046
0.5617412 0.0004088164
0.5286503 0.0003923385
0.5067172 0.0003782945
0.4972463 0.0003746549
0.4588296 0.0003897209
0.4791899 0.0004320097
0.5017435 0.0004014961
0.4988686 0.0003984995
0.5267269 0.0003824141
0.5128243 0.0003700781
0.470408 0.0003780568
0.474917 0.0003931982
0.5187258 0.0004141588
0.4987685 0.0004005499
0.5391805 0.0004223927
0.5032048 0.0004280916
0.461238 0.0004427859
0.4104752 0.0004290365
0.4179784 0.0004220416
0.4297207 0.0004622489
0.3407881 0.0005010648
0.3064513 0.0005247812
0.3048242 0.0005121286
0.3083973 0.0005077814
0.2944822 0.0005216681
0.290418 0.0005152164
0.2562585 0.0005391171
0.2708969 0.0005459441
0.294612 0.0005603222
0.3413993 0.0005256034
0.3109758 0.0005203213
0.2919495 0.0005029606
0.3026677 0.0005361178
0.2936712 0.0005797372
0.2910672 0.0005331422
0.2289673 0.0005484545
0.2043924 0.0005421081
0.17238 0.000545507
0.187005 0.000548309
0.1462875 0.000597575
0.1446472 0.0005696336
0.1302384 0.0005905189
0.1564057 0.0005989467
0.1277313 0.0006342407
0.1103789 0.0006751303
0.1106528 0.000679379
0.09840131 0.000712526
0.09845542 0.0007678683
0.08260963 0.0008347904
0.1240336 0.0007802274
0.09559255 0.0007807286
0.1181435 0.0007785292
0.1092488 0.0008437917
0.1170895 0.0008593873
0.1375977 0.0008723862
0.1104237 0.0007793212
0.1032813 0.0008041381
0.1184866 0.0007867988
0.1482379 0.0007371254
0.1656202 0.0007565602
0.1601764 0.000788809
0.1641275 0.0007474422
0.213955 0.0006852087
0.2262983 0.0006779117
0.2799058 0.0007006299
0.2875687 0.0006590295
0.280599 0.0006144777
0.2539164 0.0006190915
0.300021 0.0006421655
0.3032868 0.0006231023
0.3199718 0.0006318822
0.3572458 0.0006479551
0.3855581 0.000636631
0.3827462 0.0006642959
0.3443747 0.0006402293
0.3238529 0.0006119117
0.3615082 0.0006537303
0.3366151 0.0006724939
0.3552108 0.0007053757
0.3490236 0.0007354446
0.3345922 0.0007101284
0.3209571 0.0006921919
0.357284 0.0007379224
0.3328186 0.0007258339
0.3551603 0.0007403101
0.3364247 0.0007371974
0.286433 0.0007030958
0.2694939 0.0006972646
0.3084322 0.0007587043
0.2977635 0.0007345554
0.2944448 0.0007466877
0.3083316 0.0008141868
0.3255268 0.0008270135
0.2815586 0.0008012858
0.2959063 0.0008580094
0.3551855 0.0008376204
0.3405442 0.0008006523
0.303623 0.0008233971
0.3421246 0.0008295365
0.3540185 0.0008425092
0.3344434 0.0007725716
0.251302 0.0007236428
0.2917551 0.0007182703
0.2783954 0.0006512092
0.3218152 0.000646068
0.3204113 0.0006174381
0.3545076 0.0006207373
0.330913 0.0006188022
0.3368002 0.0006462394
0.3112856 0.0006448531
0.2839785 0.0006187265
0.353758 0.0006185342
0.3313935 0.0005715778
0.3303429 0.0005918312
0.3368416 0.0005903582
0.2797295 0.0005846919
0.2486643 0.000615063
0.209826 0.0006597516
0.2169546 0.0007157625
0.229069 0.000711255
0.2358848 0.0006728479
0.2186083 0.0007197745
0.2740651 0.0006936876
0.2574063 0.000683262
0.2430041 0.0007253753
0.2257655 0.0006976852
0.2850175 0.000704016
0.2611989 0.0006696991
0.2309395 0.0006560305
0.2506961 0.0006263576
0.241664 0.0006664055
0.2546104 0.0006771471
0.2428223 0.0006862715
0.2908806 0.0006151368
0.2635611 0.0006385601
0.3054148 0.0006856405
0.2006492 0.0006630133
0.2098868 0.0006291747
0.2172525 0.0006051221
0.2285445 0.000624749
0.1834272 0.0006077522
0.1737178 0.0005699693
0.1640341 0.0005629916
0.1385515 0.0005810333
0.117851 0.0006140875
0.1183672 0.0006327322
0.1234816 0.0005883349
0.1351483 0.0006127196
0.1348156 0.0005860229
0.1196891 0.0005511733
0.1582889 0.0005497621
0.1355789 0.0005166356
0.1645627 0.0005436249
0.135006 0.0005665474
0.1180454 0.0005396671
0.09563967 0.0005290007
0.1194195 0.0005646419
0.1345013 0.0005588943
0.1148418 0.0005337644
0.102773 0.0005243017
0.07011251 0.0004702487
0.0770379 0.0005109207
0.05412773 0.0004694432
0.05888265 0.0004444045
0.06913977 0.000468428
0.06873299 0.0004946147
0.08976841 0.0004924689
0.09645892 0.0004924695
0.1256576 0.0004682187
0.1177536 0.000464134
0.1206753 0.0004340059
0.1435423 0.0004477385
0.121667 0.0004542202
0.1284232 0.0004648497
0.1139073 0.0004524129
0.08194203 0.0004650677
0.1000175 0.0004886715
0.07253505 0.000548223
0.06545342 0.0005262303
0.04998625 0.0005158227
0.07812543 0.0005011054
0.08262889 0.0004920136
0.09651854 0.0005219305
0.120345 0.0004968091
0.1263509 0.0005319773
0.2068703 0.0005373169
0.163651 0.0005320202
0.1159824 0.0005600175
0.1421981 0.0005802887
0.1875061 0.0005724062
0.1486554 0.0005480149
0.1792443 0.0005275264
0.1689302 0.0005142313
0.1759055 0.000545271
0.1635025 0.0005279189
0.1939862 0.0005454623
0.1649039 0.0005322741
0.1420393 0.0005734655
0.161785 0.0006190315
0.1545365 0.0006505954
0.1012418 0.0005937156
0.07506409 0.000545112
0.07739286 0.0005456429
0.08475895 0.0005662106
0.09811826 0.0005698167
0.1030848 0.0005452392
0.08530205 0.0005612316
0.04082816 0.0005806696
0.09137712 0.000604543
0.121572 0.0006173568
0.1484074 0.0005905741
0.1396185 0.0006128366
0.1073526 0.0006031551
0.1100177 0.0006100614
0.1436426 0.0006419792
0.123476 0.0006435106
0.08763568 0.000601842
0.08833611 0.0005800005
0.08112515 0.0005956693
0.08843565 0.0005876171
0.09227731 0.0006241799
0.1014744 0.0006051586
0.1006585 0.000590992
0.1118775 0.0005543491
0.07810167 0.000526647
0.1269516 0.0005320398
0.1236025 0.0005470765
0.0965187 0.000524011
0.1086943 0.0005571591
0.137817 0.0005442244
0.1230461 0.0005513461
0.1280174 0.0005923268
0.0923177 0.0005621143
0.08874917 0.0005716882
0.09168907 0.0005820851
0.08940097 0.0005870608
0.1360754 0.0005971966
0.1393506 0.000559574
0.1313145 0.0005947696
0.07967696 0.0005910079
0.1015389 0.0006192644
0.09116431 0.0005945724
0.110736 0.0006100636
0.08823744 0.0006013994
0.05968057 0.000574137
0.0672865 0.0005826557
0.0546565 0.0005456244
0.04780136 0.0005710093
0.07768392 0.0005317037
0.1104536 0.0005846476
0.08840222 0.0005545141
0.1417499 0.0005289763
0.1068125 0.000528418
0.07032015 0.0004996931
0.05653875 0.0004866242
0.06436028 0.0004806072
0.05895107 0.0005402216
0.06130528 0.0005619977
0.07582903 0.0005623625
0.1218607 0.0005476493
0.1385773 0.0005310254
0.1329487 0.0005684016
0.1528317 0.0006054352
0.1671659 0.00062489
0.2080179 0.0006198159
0.2269716 0.0005294276
0.2322923 0.0005370188
0.2509362 0.0005604652
0.2234084 0.0005661349
0.2243376 0.0005530659
0.1627567 0.0005775717
0.1691917 0.0005930285
0.1685864 0.0006301278
0.1428865 0.0006076484
0.1219271 0.0006146799
0.1035103 0.0006319629
0.1434398 0.0006224228
0.08239776 0.0006648644
0.08869956 0.000655301
0.08673803 0.0006913641
0.1032002 0.0006982472
0.1227101 0.0007057923
0.1296759 0.000763732
0.1368954 0.0008171392
0.1903415 0.0007839561
0.2081174 0.0008120448
0.210665 0.0008281753
0.2233713 0.000822343
0.2389717 0.0008212054
0.2209147 0.0007740366
0.2067048 0.0007499998
0.1220244 0.0007488169
0.1117463 0.0007588694
0.1011286 0.0008720222
0.1022367 0.0008911167
0.08797672 0.0008229883
0.08383747 0.0008494356
0.1009518 0.0008965868
0.1525382 0.0009069164
0.1649494 0.0009061028
0.186037 0.0009279067
0.1927169 0.0009137497
0.1544331 0.0009412821
0.1575553 0.0009399936
0.1294278 0.0009848324
0.1249901 0.0009400143
0.1479591 0.000913089
0.1752378 0.0009989866
0.1749046 0.000986139
0.1799793 0.0009525506
0.1907104 0.0009378142
0.1753052 0.0009135714
0.1981794 0.0008542297
0.2080502 0.0009221977
0.1691245 0.0009605826
0.1238935 0.0009186622
0.1518111 0.0008251937
0.1428666 0.0007925838
0.1394483 0.0007488422
0.1365593 0.0008121558
0.08393374 0.0008675357
0.08714268 0.0009338133
0.07951185 0.001000402
0.08241326 0.001026605
0.07714037 0.001064682
0.06372082 0.001108933
0.06087422 0.001084864
0.1038437 0.001107012
0.09240716 0.001102465
0.1247752 0.001119847
0.1755583 0.001049199
0.1579473 0.0009445416
0.2264474 0.0008740129
0.211684 0.0009079336
0.1645611 0.0007839282
0.1729115 0.000747879
0.1901772 0.0007317853
0.2825155 0.0006713525
0.2260024 0.0006592971
0.1947916 0.0007097844
0.2031973 0.000678693
0.1823785 0.0007089808
0.2132139 0.0006877171
0.1667402 0.0007120261
0.1626496 0.0006948335
0.1676966 0.0007175878
0.1721244 0.0007106807
0.1525727 0.0006889264
0.1274464 0.0007174777
0.1120051 0.0007586225
0.1232914 0.0008110319
0.1433827 0.000787979
0.2092471 0.0007056089
0.1994587 0.0007303908
0.2239698 0.0007894622
0.2112263 0.0007959389
0.1825057 0.0007832207
0.1568394 0.000767485
0.1191314 0.0007953464
0.1254074 0.0007192062
0.1342896 0.0007054625
0.1818079 0.0006962158
0.2160137 0.0007214703
0.2694783 0.0007401375
0.2957716 0.0007445252
0.2297771 0.0007171149
0.2253887 0.0007296248
0.2229304 0.0006974089
0.2239806 0.0006779075
0.2375795 0.0006503762
0.2161586 0.0006612186
0.235551 0.0006453593
0.2101814 0.0006631243
0.1762543 0.0006262888
0.1310357 0.0006171553
0.1238422 0.0006613518
0.1222634 0.0006127047
0.1322254 0.0006291094
0.1415974 0.000673101
0.1006589 0.0006620032
0.1610867 0.0006601328
0.1518725 0.0006811883
0.1766349 0.0006527618
0.1694963 0.0007153461
0.1512902 0.0006403969
0.1478021 0.0005863837
0.2338958 0.0005590911
0.2320769 0.0006023926
0.2676011 0.0005995408
0.1844017 0.0005871171
0.1824208 0.0006088026
0.1778989 0.0006096435
0.232354 0.0006402837
0.2613128 0.0006532568
0.2620241 0.00066696
0.1925457 0.0006993955
0.2077168 0.000715376
0.1450975 0.0007534706
0.1110117 0.0007248362
0.0915111 0.000769299
0.1162396 0.0007545203
0.07895186 0.0007250405
0.0599682 0.0007363539
0.04899597 0.0007158819
0.03840684 0.0007049733
0.02933579 0.0007429873
0.04277756 0.0007455371
0.05468488 0.000787292
0.06465558 0.0008140361
0.04548656 0.00079883
0.03813926 0.0007472709
0.04821557 0.0007287974
0.06446452 0.0007455709
0.0693253 0.0007777837
0.06911953 0.0008138334
0.06605895 0.0007940752
0.04232373 0.0007534121
0.06951591 0.0007046725
0.07765964 0.0006704001
0.0840668 0.0006211217
0.09286357 0.0006163607
0.09370888 0.0006101639
0.0842591 0.0006190186
0.07806349 0.0006312856
0.1085107 0.0006403962
0.1255029 0.0006356937
0.1187705 0.0006439037
0.06372431 0.0006174261
0.05436903 0.0006279317
0.07307823 0.0006642206
0.08706211 0.0006915299
0.1242432 0.0006426209
0.1125098 0.0006368587
0.09865852 0.000638152
0.06344634 0.0006781486
0.02720566 0.0006529565
0.02809751 0.0006185566
0.01412468 0.0005766429
0.01955216 0.0005259373
0.02228974 0.0005196193
0.03326163 0.0005332413
0.03081456 0.0004977595
0.01557161 0.0004868164
0.01027339 0.0004712425
0.01435325 0.0004347162
0.02722641 0.0004427685
0.04766972 0.0004190206
0.07266837 0.0004046464
0.06364596 0.0004039211
0.06448168 0.0004251613
0.06969723 0.000408451
0.06198386 0.0003864128
0.1006788 0.0003713154
0.09634687 0.0003897768
0.1167587 0.0003894079
0.1154846 0.0003558112
0.1172131 0.0003528862
0.1192354 0.0003514675
0.1117964 0.0003571717
0.1015271 0.0003699404
0.125731 0.0003650688
0.1089732 0.0003584206
0.09118885 0.0003717639
0.08978449 0.0003897567
0.0837734 0.000374837
0.07661213 0.0003847409
0.06074752 0.0003975054
0.04730881 0.0003973676
0.03324575 0.0003911029
0.04554114 0.0004209515
0.05939396 0.0004196693
0.08966865 0.0004455531
0.1302872 0.0004169041
0.1423583 0.00044077
0.1167191 0.0004216681
0.103911 0.0004381338
0.1240762 0.0004367297
0.09604609 0.0004445997
0.08921801 0.0004758439
0.06814753 0.0004555222
0.05476028 0.0004576345
0.07802749 0.00047386
0.1017384 0.0004566911
0.1109531 0.0004567409
0.1338306 0.0004266081
0.1267827 0.0004255704
0.1126937 0.0004480057
0.1634516 0.0004698398
0.1149436 0.0005020063
0.1378877 0.0005127661
0.1192448 0.0005354786
0.1216276 0.000518943
0.1443223 0.0005334857
0.126473 0.0005347323
0.131641 0.0005526711
0.2060776 0.0005824781
0.1903972 0.0005734236
0.1790236 0.0005965015
0.2067361 0.0006058267
0.2339111 0.000588828
0.2648034 0.000560834
0.2659345 0.0005288022
0.2104215 0.0005172255
0.1923999 0.0005319476
0.2152611 0.0005257077
0.1881119 0.0004813638
0.1940061 0.0004711752
0.163859 0.0004691262
0.169839 0.0004614515
0.1908386 0.0004751787
0.2134518 0.000495191
0.2460909 0.0005022149
0.2304904 0.0004694355
0.2715299 0.0004550412
0.2677503 0.0004805092
0.2667512 0.0004526637
0.2569439 0.0004723396
0.1895564 0.0004857747
0.1509785 0.0004965675
0.1354106 0.0004980278
0.1018902 0.0004811766
0.1382102 0.0004909317
0.1330142 0.0004710254
0.1332536 0.0004618046
0.1372097 0.0004415629
0.09081679 0.0004386152
0.06794118 0.0004449488
0.08921576 0.0004366
0.09894623 0.0004303675
0.09712686 0.0004253115
0.09480693 0.00044172
0.0882999 0.0004168043
0.05118754 0.0003890056
0.04882074 0.0003948007
0.02931033 0.0004060249
0.02496694 0.0004068812
0.02336505 0.000406475
0.01612923 0.0003811533
0.01878531 0.0003824184
0.01255018 0.0004016861
0.02600719 0.0004073381
0.05152053 0.0004236535
0.06474154 0.0004194452
0.06952364 0.0004139773
0.06037108 0.000383256
0.05350576 0.0004160099
0.03802986 0.0004145125
0.0548111 0.0004242964
0.05790057 0.0004283571
0.05481389 0.0004218369
0.07050485 0.0003906831
0.05753403 0.0003964214
0.05397529 0.0003958571
0.04211551 0.0004076216
0.04265969 0.0003995068
0.06776312 0.0004089367
0.07161238 0.0003849119
0.07252111 0.0003721979
0.08858143 0.0003759944
0.07484383 0.0003819269
0.07936186 0.0003755593
0.06838405 0.0003705079
0.09444441 0.0003714611
0.09536524 0.0003238016
0.07928111 0.0003359671
0.07726037 0.0003306975
0.1098057 0.0003249981
0.1017091 0.0003071545
0.1042461 0.0002956119
0.07814544 0.0003000501
0.0463263 0.0003240541
0.05542056 0.0003261334
0.1120738 0.0003457169
0.07960776 0.0003320039
0.05457979 0.0003308484
0.04602098 0.0003431251
0.05159865 0.0003549555
0.05634886 0.0003353249
0.03404449 0.0003190192
0.04180843 0.0003227942
0.03659259 0.0003071948
0.02731675 0.0003145883
0.02758469 0.0003112117
0.03335326 0.0003045305
0.0317538 0.0003059306
0.03898745 0.0003182086
0.03522287 0.0002985875
0.04270494 0.0002968268
0.02469358 0.0002941662
0.03488076 0.0003023447
0.03074072 0.0002777386
0.04351483 0.0002743307
0.04700703 0.0002863366
0.05869226 0.0003019075
0.03497103 0.0003038651
0.03965618 0.0003119551
0.02433875 0.0003168819
0.02617417 0.0003206822
0.01442506 0.0003175947
0.02550104 0.0003059064
0.01146403 0.0003082365
0.02312885 0.0002846626
0.02423653 0.0002852607
0.01883204 0.0002870181
0.01830928 0.0003119404
0.05299598 0.0003136757
0.04602862 0.0003067712
0.04351052 0.0003159637
0.05177282 0.0003451501
0.04423751 0.0003347202
0.03476811 0.0003157253
0.05189722 0.0003466206
0.05177678 0.0003363965
0.0616484 0.0003160887
0.05668968 0.0003170697
0.04839766 0.0003201992
0.06176912 0.0003147439
0.06405262 0.0003145079
0.06181286 0.0002826415
0.07055508 0.0002723141
0.06499663 0.0002508941
0.09638622 0.0002527022
0.1693706 0.0002443409
0.139555 0.0002461559
0.09755065 0.000242052
0.150788 0.0002246329
0.1731941 0.0002308448
0.1728158 0.0002231061
0.1578055 0.0002144865
0.2032039 0.0002115002
0.1639017 0.0002173546
0.1868868 0.0002244254
0.1870769 0.0002148958
0.1700888 0.0002058879
0.1743841 0.0002184706
0.1736887 0.0002009709
0.1790154 0.000196017
0.1260441 0.0002061142
0.1506682 0.0001933596
0.1440414 0.0001871306
0.1173871 0.0001786647
0.1303571 0.0002005368
0.2025981 0.000196255
0.2280399 0.0001806118
0.2547237 0.0001846553
0.2860053 0.0001774559
0.2161415 0.0001859998
0.2242583 0.0001766444
0.2620071 0.000165497
0.2317197 0.000172081
0.2790293 0.0001729076
0.2711435 0.0001702028
0.3197274 0.0001689096
0.2782686 0.000182067
0.2589317 0.0001883144
0.3047295 0.0001986139
0.2307456 0.0002081257
0.2055953 0.0002339381
0.1882494 0.0002301855
0.1959605 0.00024069
0.140618 0.0002477259
0.1893212 0.0002627295
0.2393103 0.0002531493
0.2220356 0.0002625894
0.2027317 0.0002852965
0.2732306 0.0002660343
0.2631978 0.000270461
0.2490715 0.0002891523
0.2569389 0.0003016367
0.2152511 0.0003009416
0.1933621 0.0003169855
0.20022 0.0003217788
0.2124921 0.0003407842
0.2025829 0.0003060573
0.1699491 0.0003108005
0.2051499 0.0003018759
0.19034 0.0002929916
0.1689581 0.0002945967
0.2114842 0.0003094013
0.2086198 0.0003185042
0.1634521 0.000327515
0.1683158 0.0003311617
0.1347963 0.0003453782
0.1343677 0.0003501638
0.1549331 0.000361599
0.1395037 0.000359985
0.1251272 0.0003479302
0.08532468 0.0003560662
0.08448507 0.000331925
0.131624 0.0003383289
0.143544 0.000325498
0.1071635 0.0003297899
0.0928568 0.0003877553
0.09915879 0.0003693516
0.08151652 0.0003484818
0.048197 0.0003298231
0.05190128 0.0003410831
0.03713452 0.0003473918
0.03949876 0.0003366768
0.04456202 0.0003577849
0.03094145 0.0003975235
0.04759039 0.0003773621
0.07296833 0.0003738918
0.06193819 0.0003779387
0.05859167 0.0003666947
0.06156965 0.0003739534
0.05390114 0.0004014406
0.03807157 0.0004073243
0.05465209 0.0004125568
0.09265902 0.0004209141
0.07249525 0.0004228878
0.05562147 0.0004447586
0.03899255 0.0004703294
0.06475376 0.0004809273
0.0861791 0.0004798891
0.101254 0.0005067001
0.08814105 0.0005020915
0.0819318 0.0005152684
0.1172206 0.0005556049
0.1146596 0.0005526414
0.1283989 0.0005472617
0.145946 0.000561315
0.1937205 0.0005603269
0.185576 0.0005425947
0.1918086 0.0005402351
0.2063017 0.000507498
0.2376882 0.0004939235
0.2686997 0.0005202925
0.2509551 0.0005355147
0.3056098 0.000542255
0.2905465 0.0006037969
0.2906481 0.0005852469
0.2152627 0.0005732546
0.2236974 0.0005723026
0.2229637 0.0005740365
0.269453 0.0005851266
0.2101637 0.0005888259
0.2111605 0.0006344985
0.2009052 0.000604476
0.1918383 0.0005498843
0.243774 0.0005404234
0.2522908 0.0005647815
0.1656451 0.0005181876
0.1298363 0.0005203325
0.1088777 0.0005037263
0.09006578 0.0004915478
0.08264831 0.0005007027
0.1083477 0.0005046675
0.09525511 0.00048631
0.1076888 0.0004599935
0.1256385 0.0004419353
0.1162872 0.0004426488
0.1316952 0.0004218922
0.1686035 0.000431892
0.1716967 0.0004491855
0.1861412 0.0004183093
0.1995062 0.0004099744
0.1281168 0.0004189915
0.1373214 0.0004207856
0.1524184 0.0004236175
0.17917 0.0004360494
0.1590544 0.000412333
0.1456042 0.0004269794
0.1614571 0.0004284951
0.1258403 0.0004348755
0.1638785 0.0004239593
0.1700886 0.0004027155
0.1225178 0.0003790191
0.09486386 0.0003822487
0.08785196 0.0003848858
0.07320751 0.0003816202
0.05962518 0.0003665213
0.08275024 0.0003600653
0.03396832 0.0003436217
0.04259565 0.0003433969
0.06095486 0.0003584093
0.04644879 0.0003660847
0.04459171 0.0003676879
0.06297238 0.0003621376
0.04981355 0.0003539935
0.05534223 0.0003474478
0.06576435 0.0003287214
0.07531959 0.0003481215
0.06685857 0.0003587757
0.05861117 0.0003883089
0.05436785 0.000405167
0.0709732 0.0003878666
0.09908673 0.0003633948
0.1021619 0.0003936696
0.07075287 0.0003819768
0.06648581 0.0003644601
0.06133848 0.0003765367
0.07018651 0.0003797577
0.06803665 0.0003973893
0.0919189 0.00039822
0.09075928 0.0004148452
0.1158101 0.0004273526
0.08887846 0.000432657
0.1134668 0.0004460968
0.08962322 0.0004622483
0.07928354 0.0004620507
0.06207146 0.0005050826
0.07511326 0.000493339
0.07002072 0.0005004477
0.07727352 0.000491342
0.05671718 0.000466867
0.05968333 0.0004990634
0.04792533 0.0004984892
0.0909067 0.0005177084
0.09814219 0.0005866635
0.09945026 0.0005834124
0.08603651 0.0006591997
0.05855966 0.0006719518
0.0532313 0.0007142525
0.04525627 0.0006646041
0.02899634 0.0006698859
0.0480328 0.0006723371
0.05684195 0.000664267
0.05949104 0.0006423696
0.05789132 0.0007080815
0.04969688 0.0006471412
0.07705255 0.0006539823
0.05929039 0.000668624
0.06086652 0.000641637
0.06451679 0.0006918755
0.04567033 0.0006112579
0.04350633 0.0006517859
0.06426053 0.0007068508
0.0683652 0.0007838081
0.07245961 0.0007582101
0.07735699 0.0007323458
0.04984021 0.0007564138
0.05755062 0.0007979531
0.04469919 0.0007516065
0.04095276 0.0007722704
0.03666966 0.0008868516
0.03896342 0.0009212968
0.05624055 0.0008803621
0.06620989 0.0008851589
0.06642115 0.0008248297
0.08926911 0.0008717141
0.08104096 0.0008212343
0.08997031 0.0008577206
0.1107503 0.0008563896
0.08485934 0.0009171705
0.1143367 0.0009476089
0.159078 0.0009756305
0.1251821 0.0009252505
0.1140257 0.001019469
0.1284426 0.001008445
0.1360326 0.001007765
0.08160551 0.0009680306
0.06399043 0.0009700141
0.0772459 0.001034567
0.08034817 0.001094591
0.087865 0.001157914
0.09407741 0.001164924
0.1305115 0.001134857
0.1519705 0.001153906
0.1156458 0.001251382
0.09821314 0.001199682
0.09295261 0.001172512
0.1269839 0.001164626
0.122264 0.001147781
0.1521816 0.001066354
0.1518493 0.001073305
0.160989 0.001077036
0.2131132 0.00111913
0.2089887 0.0011557
0.2168596 0.001059515
0.1857346 0.001008004
0.14833 0.001006624
0.1347961 0.001026122
0.1361787 0.001081041
0.14303 0.001095932
0.1287956 0.001128655
0.1266629 0.001048994
0.1645014 0.001152667
0.173083 0.001149479
0.2267392 0.001203782
0.2201092 0.00114896
0.1858144 0.001102497
0.1965684 0.001086191
0.1728528 0.001020561
0.1527728 0.001022689
0.1508281 0.001044986
0.1646604 0.001076722
0.1651171 0.001122674
0.1495386 0.001083842
0.1782705 0.0009963019
0.1876874 0.0009790551
0.1874658 0.00103418
0.221069 0.001142027
0.2669948 0.001129695
0.2310864 0.001156051
0.2199357 0.001128991
0.1861685 0.001184618
0.1806161 0.001262246
0.1589461 0.001206974
0.1363126 0.001102913
0.09586005 0.001175205
0.1015928 0.001210623
0.1199697 0.001356502
0.1375433 0.001337409
0.1156988 0.001375383
0.09299763 0.001334432
0.07694469 0.001414342
0.08352229 0.001358841
0.1061117 0.001282367
0.09038309 0.0012384
0.09128252 0.001199903
0.08720598 0.001292727
0.09463829 0.001335958
0.07276204 0.001383064
0.1280439 0.001361618
0.08492569 0.001319653
0.05252805 0.001224598
0.04558304 0.001298239
0.0357615 0.001197103
0.01630841 0.001197728
0.01617825 0.001157537
0.01519116 0.001197146
0.003358035 0.001200215
0.001941467 0.001150998
0.004851764 0.001210712
0.01127616 0.001274268
0.01123822 0.001228894
0.01135134 0.001148351
0.01058116 0.001099328
0.02129812 0.001041561
0.04937915 0.0009626183
0.04383375 0.001065873
0.06613637 0.00102546
0.06656019 0.001010187
0.1137538 0.0009773438
0.1101754 0.0009706018
0.1255489 0.0009887113
0.1160959 0.001025818
0.1366196 0.0009961266
0.1528678 0.001007463
0.1542687 0.001070476
0.1760053 0.001148186
0.1316446 0.001077336
0.07761794 0.001049132
0.07130441 0.0009954544
0.04965869 0.0009767658
0.05021547 0.000916326
0.03962323 0.000906674
0.05289827 0.0009137979
0.03095107 0.0008896085
0.04257711 0.0009082491
0.03269595 0.0009534997
0.03906643 0.0008685571
0.05344583 0.0009381658
0.09231856 0.0009960227
0.1142504 0.0009313362
0.1215515 0.0009102089
0.1273103 0.0008570886
0.1099183 0.0008724675
0.1303498 0.0009109062
0.136322 0.000940965
0.05132279 0.001009128
0.06485167 0.001018962
0.07014576 0.001036364
0.05573192 0.001039043
0.0527101 0.001008517
0.0553137 0.001002265
0.07183807 0.0009781527
0.06593494 0.0009937095
0.06656412 0.001038031
0.08184467 0.001091686
0.1115173 0.001053097
0.1175655 0.00107607
0.1907798 0.00103124
0.1842415 0.00105464
0.2484926 0.001019354
0.241937 0.0009972234
0.2067499 0.001063622
0.120057 0.001166349
0.1210903 0.001111166
0.1145937 0.001068752
0.1345007 0.00108777
0.1277464 0.00112736
0.1131062 0.001109155
0.1197074 0.001121613
0.1391237 0.001161603
0.1398025 0.001145766
0.171391 0.001157612
0.1875482 0.001183739
0.171258 0.001090425
0.1198479 0.001085228
0.1549938 0.001113903
0.1596427 0.001059809
0.1652477 0.001066068
0.187891 0.001029298
0.1796253 0.001012265
0.1809409 0.001028824
0.1932117 0.000915797
0.2822722 0.0008961989
0.2761553 0.0009264491
0.2991573 0.0009369913
0.3125816 0.00090379
0.3387994 0.000907808
0.3119405 0.0009032502
0.2858559 0.0009830647
0.2734078 0.0009632441
0.2006881 0.0009421442
0.2119244 0.0009692842
0.2160932 0.0009803363
0.209576 0.00099105
0.1595344 0.001061413
0.1658394 0.001004226
0.1460469 0.001089057
0.1394213 0.001040293
0.1236879 0.001122735
0.1351801 0.001038901
0.1563657 0.001042447
0.1432749 0.001065512
0.1526908 0.00110593
0.1731296 0.001131651
0.1653936 0.001047233
0.1607122 0.001094942
0.1122711 0.001039647
0.1020501 0.0009776354
0.09427676 0.001003975
0.08242169 0.0009130046
0.05684682 0.0008835148
0.04820752 0.000858191
0.03958723 0.0007970319
0.02792027 0.0008224188
0.01440912 0.0008021211
0.02839545 0.0008104369
0.0320502 0.0008179537
0.06593079 0.0008546863
0.05914464 0.0009101588
0.06054396 0.000930663
0.06586651 0.0009445913
0.05999564 0.0009207538
0.06929668 0.0009042942
0.1219673 0.000889393
0.1348836 0.0009493248
0.1437576 0.0009804297
0.1366103 0.001006571
0.1166794 0.001031041
0.1328397 0.001055551
0.1111144 0.001134479
0.08667191 0.001140937
0.07009391 0.001161123
0.07422618 0.001117034
0.1006603 0.00106703
0.08640651 0.001106703
0.07495167 0.001115734
0.1036027 0.001160114
0.07304869 0.001182235
0.07494947 0.001161941
0.09495751 0.001266594
0.1107973 0.001240064
0.1360213 0.001243389
0.1549527 0.001217549
0.1709819 0.001222816
0.1570631 0.001185196
0.2340521 0.001278513
0.2238892 0.001228655
0.2611922 0.001248069
0.2552533 0.001147514
0.22937 0.001169223
0.2038764 0.001166566
0.1820427 0.001075681
0.2002737 0.001024081
0.2098357 0.0009354703
0.2170039 0.0009006269
0.2304014 0.0009396984
0.199998 0.0009695723
0.1817689 0.0009866792
0.1863351 0.0008818544
0.2188201 0.000911248
0.2809532 0.0009422922
0.2563157 0.0009273407
0.3184492 0.0009311783
0.3335657 0.000938624
0.361563 0.0008829563
0.3481822 0.00092989
0.3392863 0.0008886453
0.3199044 0.0008280982
0.2736948 0.0008122923
0.2151114 0.0008589015
0.251832 0.000902837
0.2649073 0.0008381523
0.2926583 0.0008904119
0.3137855 0.0008616989
0.3686519 0.0008919963
0.3886059 0.0008741215
0.4581007 0.0008820899
0.4418386 0.0007879986
0.4068678 0.0007671324
0.4288173 0.000730821
0.4238384 0.0007404872
0.3243577 0.0007390695
0.2459878 0.0007306478
0.212217 0.0007419004
0.2204648 0.0007357818
0.265212 0.0007409936
0.2446452 0.0006622674
0.2138653 0.0006652729
0.1916548 0.0006941578
0.1731784 0.0006305977
0.1835608 0.0006205273
0.2001309 0.0006220853
0.2229696 0.0006148874
0.2204515 0.0005997653
0.23153 0.0005975315
0.2026849 0.0005590818
0.1688004 0.0005719285
0.1718739 0.000544662
0.2096555 0.000496607
0.2089209 0.0004782324
0.1715951 0.0004727691
0.1811326 0.0004747357
0.2076271 0.0004775429
0.2303524 0.0004737639
0.1957017 0.0004892097
0.1530225 0.0004815801
0.1706784 0.0004570395
0.1946029 0.0004619258
0.1763811 0.0004427699
0.2368507 0.0003995986
0.2791326 0.0004197711
0.2892489 0.0004151543
0.2966564 0.0004396253
0.3012188 0.0004492698
0.2602531 0.0004781625
0.2397471 0.0004793033
0.2986201 0.0004787329
0.2963608 0.0004927445
0.2954812 0.000488028
0.347197 0.0004512743
0.3591947 0.0004370755
0.390523 0.0004085986
0.3233979 0.0003938007
0.319466 0.0004154028
0.3528524 0.0003894363
0.3756438 0.0004144825
0.3563163 0.0003948247
0.31392 0.0004124185
0.1980513 0.0004022086
0.160915 0.0004098587
0.1436808 0.0004026892
0.1298999 0.0004138455
0.1599745 0.000420164
0.181784 0.0004064367
0.2128901 0.0004035829
0.2093016 0.0004022653
0.2286479 0.0004089073
0.2475346 0.0004151384
0.2307416 0.000406751
0.2138995 0.0003727984
0.2353237 0.000368918
0.276986 0.0003643542
0.266277 0.0003800316
0.2461151 0.0003785236
0.2119072 0.0004116139
0.2263314 0.0004191363
0.2190274 0.000432244
0.2258048 0.0004209877
0.1749067 0.0004275654
0.1778105 0.0004304919
0.1796696 0.0004438899
0.1657905 0.0004755036
0.1890003 0.0004631329
0.2212464 0.0004568453
0.1605908 0.0004616112
0.1428822 0.0004538271
0.1783474 0.0004364011
0.1739406 0.0004251419
0.1616768 0.0004003359
0.1382155 0.0003689452
0.1253088 0.0004026664
0.1630513 0.0004273538
0.1937094 0.0003950337
0.1937748 0.0004085317
0.2466663 0.0003687587
0.2177023 0.0003877245
0.192933 0.000403781
0.2120335 0.0003803066
0.2482658 0.0003804203
0.2402812 0.0003749298
0.2531559 0.00040221
0.2569073 0.0003647145
0.1991577 0.00038758
0.1990775 0.0003952493
0.1984716 0.0003996061
0.1785094 0.0004015853
0.2001731 0.0004241758
0.2005661 0.0004614292
0.1758274 0.0004529551
0.159843 0.0004731022
0.1604503 0.0004419684
0.1507586 0.0004435674
0.1219964 0.0004656846
0.1115708 0.0004739534
0.09085804 0.0004631658
0.09629723 0.0004644026
0.0622275 0.0004792453
0.05000241 0.0005227012
0.0498404 0.0004962094
0.07349727 0.0004837935
0.08807331 0.0004618614
0.06318167 0.0004731629
0.04062206 0.000485267
0.04029125 0.0004835686
0.02759705 0.0004649027
0.01876145 0.0004640478
0.02824384 0.0004763946
0.0241193 0.0005071999
0.02306496 0.0004894964
0.02260499 0.00050614
0.03130083 0.00050934
0.03918628 0.0005671215
0.04503844 0.0005303081
0.05767936 0.0004946657
0.06076953 0.0005211164
0.08103953 0.0005211068
0.08191638 0.0005332208
0.07688733 0.0005268601
0.05164186 0.0005508374
0.08698735 0.0005445165
0.1066955 0.0005783078
0.09968318 0.0005772724
0.114968 0.0005754497
0.1261577 0.0005490259
0.1100486 0.0005404102
0.1147069 0.0006282471
0.1423629 0.0006337301
0.1488299 0.0006394428
0.1380439 0.0006387079
0.1479052 0.0006005975
0.1909871 0.0005649372
0.2034349 0.0005108217
0.2107192 0.0005118612
0.1723634 0.0004919975
0.1603327 0.0004655396
0.1783158 0.0004563009
0.2106984 0.0004505644
0.1934111 0.0004255706
0.1734841 0.0004356478
0.1219285 0.0004292984
0.1279294 0.0004362173
0.1132849 0.0004001633
0.1177124 0.0003801518
0.2271486 0.000387005
0.1838018 0.0003876938
0.1744662 0.0003899823
0.2120961 0.0004213644
0.1456854 0.0004228851
0.1579413 0.0003971399
0.180809 0.0004015529
0.1724532 0.000450518
0.1037462 0.0004461293
0.08696807 0.0004414216
0.0899674 0.0004050265
0.0999246 0.0004203764
0.1133034 0.0004617666
0.1199882 0.0004636853
0.1082077 0.0004581148
0.1214248 0.0004694532
0.1109544 0.0004309051
0.08835487 0.0004210016
0.06799118 0.0004521976
0.06255958 0.0004606019
0.06236617 0.0004330198
0.05252508 0.0004060023
0.07321451 0.0004039709
0.06878093 0.0004033567
0.04950288 0.0003870399
0.09504342 0.0003930751
0.08833848 0.0003890544
0.07648283 0.0003988241
0.1092701 0.0003778103
0.140616 0.0003756817
0.1681826 0.0003895738
0.1759636 0.0004024997
0.1728722 0.0003812603
0.1322036 0.0003831716
0.1300603 0.0003924567
0.1155284 0.000383812
0.1046466 0.0003719581
0.09465016 0.0003676318
0.09382841 0.0003779481
0.1276854 0.0003623436
0.1541407 0.0003652106
0.1037329 0.0003773869
0.1048383 0.0003810025
0.1094836 0.0003723252
0.07649147 0.0003583745
0.05505069 0.0003591577
0.05689163 0.0003589952
0.04650381 0.0003753554
0.05788307 0.0004072473
0.0465158 0.0003960511
0.03514976 0.0003731725
0.03058403 0.0003769554
0.01616114 0.0003745645
0.03625948 0.0003434075
0.04151565 0.0003555503
0.01684643 0.0003448794
0.01907132 0.0003422371
0.01425496 0.0003290813
0.01563297 0.0003068561
0.009931057 0.0003046048
0.02736577 0.0002929588
0.03621871 0.0002997997
0.02656549 0.0002992507
0.04108149 0.0003100351
0.04158242 0.0002971176
0.03845029 0.0002992401
0.07466905 0.0003271591
0.06123617 0.0003271828
0.02938835 0.0003337667
0.02888406 0.0003639968
0.0574036 0.0003909867
0.08223641 0.000390009
0.07969177 0.0003712365
0.06828844 0.0003709125
0.07639076 0.0003905595
0.09612495 0.0003860154
0.1033779 0.0003783785
0.09592476 0.0003784936
0.103322 0.0003760329
0.1211635 0.0003754503
0.09699279 0.0003530238
0.07035988 0.000349542
0.09979917 0.0003759807
0.112186 0.0003636076
0.08443272 0.0003920515
0.07578838 0.0003753473
0.09949959 0.0004001669
0.1181412 0.0004008495
0.09610216 0.0004046236
0.06401787 0.0004141215
0.05403342 0.0003739512
0.04611899 0.0003950153
0.03253809 0.0003882343
0.02782411 0.0003804793
0.03165854 0.0003713867
0.0475614 0.0003781826
0.06152306 0.0003462444
0.08473673 0.0003359881
0.09297982 0.0003570883
0.1036466 0.0003405316
0.1066345 0.00033703
0.116318 0.0003227107
0.1141737 0.000309297
0.1628659 0.0003071125
0.1554208 0.0002921663
0.1415785 0.0002814338
0.1404018 0.0002567808
0.1184121 0.000263927
0.1061654 0.0002238808
0.1040967 0.0002197866
0.07404629 0.0002130755
0.06797421 0.0002281136
0.07929312 0.0002187693
0.04366939 0.0002305098
0.03829372 0.0002301568
0.05302205 0.0002093803
0.0489595 0.0002171439
0.05190395 0.0002080295
0.06082443 0.0002024101
0.08205855 0.0002225489
0.1012021 0.0002138236
0.09333106 0.000219235
0.1090665 0.0002276811
0.09434643 0.000211294
0.08201837 0.0002136844
0.1227301 0.000231692
0.1082931 0.0002318744
0.08398297 0.0002337664
0.09868391 0.0002416685
0.1169038 0.0002369413
0.1044063 0.0002327768
0.1139469 0.0002261453
0.131705 0.0002481135
0.1664281 0.0002453748
0.1520547 0.0002234703
0.1354801 0.0002385594
0.1171431 0.0002259041
0.1439245 0.0002429116
0.1610077 0.0002328061
0.1425587 0.0002279344
0.1921231 0.0002209009
0.1478913 0.0002120568
0.1103348 0.0002231855
0.1210927 0.000252417
0.07992955 0.0002666573
0.05517213 0.0002853308
0.04016444 0.000297364
0.05756105 0.0002770109
0.05666421 0.0002655867
0.05206705 0.0002586631
0.03756681 0.0002553406
0.05305006 0.0002506869
0.06999728 0.0002593099
0.05280377 0.0002585239
0.07793684 0.000284208
0.08449238 0.0002548755
0.06025302 0.0002533797
0.0581575 0.000296833
0.07225008 0.0002933929
0.07095799 0.0003167426
0.0475952 0.0003197377
0.04027735 0.0003180093
0.03737024 0.0003414764
0.05198268 0.000333329
0.05791415 0.0003181098
0.08739835 0.0003284752
0.0706367 0.0003139139
0.05958916 0.0003069034
0.06681782 0.0002893912
0.05259559 0.000296526
0.07679015 0.0002868659
0.08139085 0.0002935791
0.05192076 0.0002863425
0.06413206 0.0002833639
0.08925514 0.0002892315
0.09490126 0.0002941788
0.06436946 0.000299646
0.07345868 0.0003022725
0.08405357 0.0003181194
0.09724506 0.0003346732
0.1154809 0.0003238775
0.1328952 0.0003133946
0.1458006 0.0003309988
0.1131549 0.0003032072
0.09575501 0.000307243
0.09574781 0.0003266511
0.09782454 0.0003175958
0.1214895 0.0003393865
0.120403 0.0003607559
0.1301141 0.0003492829
0.1069238 0.0003327343
0.08713376 0.0003152991
0.08367046 0.0003086971
0.09584511 0.0003208869
0.1097765 0.000342091
0.06149198 0.0003576472
0.07989145 0.0003497735
0.08730771 0.0003498011
0.1099793 0.0003511583
0.1365167 0.0003231594
0.121019 0.0003312495
0.1292819 0.0003367061
0.1502088 0.0003266952
0.1930987 0.0003292787
0.177934 0.0003404568
0.10938 0.0003407743
0.09391289 0.0003348415
0.0828457 0.0003291636
0.08691062 0.0003501058
0.1196805 0.0003445196
0.1312753 0.0003524351
0.135648 0.0003858973
0.149867 0.0003621803
0.09852013 0.0003795948
0.1157496 0.0003966475
0.1702286 0.0004077078
0.2073364 0.0004153649
0.2263378 0.0003697217
0.178852 0.0003542927
0.1842237 0.0003389156
0.2155005 0.0003117004
0.2176025 0.0003297347
0.207094 0.0003322492
0.2983355 0.0003171441
0.2805813 0.0003554684
0.2075895 0.0004054656
0.2547504 0.0004098985
0.2410951 0.000398515
0.2408854 0.0003699176
0.261103 0.0003702784
0.2702341 0.0003726157
0.2487986 0.0003738654
0.2455001 0.0003430064
0.27236 0.0003405733
0.2829515 0.0003713466
0.2829127 0.0003892453
0.2346232 0.0003705434
0.2373575 0.0003675594
0.2622867 0.0003477926
0.2674354 0.0003460076
0.2348287 0.0003335105
0.2587482 0.0003441763
0.2204663 0.0003263707
0.1633664 0.0003600768
0.1487211 0.0003712667
0.1228939 0.0003773473
0.1430389 0.0003945214
0.1523519 0.0003871141
0.1335853 0.0003989904
0.1245528 0.0003992114
0.1225884 0.0004142059
0.1069081 0.0004190146
0.1051221 0.0004193774
0.1346499 0.0004309142
0.1048526 0.0004416345
0.1022397 0.0004310448
0.1301618 0.0004319345
0.1132492 0.0004297644
0.1505903 0.0004177181
0.1734099 0.0004184408
0.1655244 0.000404468
0.159036 0.0004017853
0.1376919 0.0004105154
0.1734295 0.0004023421
0.1599499 0.0004056797
0.1744072 0.0003898231
0.1883448 0.0003891292
0.1612307 0.0003719086
0.1594497 0.0003601958
0.1758633 0.0003763461
0.1524496 0.0004204345
0.1414785 0.0004243288
0.1511891 0.0004391267
0.1961692 0.0004497337
0.1800934 0.0004756724
0.1772595 0.0005036935
0.1695328 0.0005078256
0.1743134 0.000456486
0.1601098 0.0004718208
0.1653938 0.0004807942
0.1966202 0.0004714469
0.2234063 0.0004668982
0.2726567 0.0004591761
0.279983 0.0004401
0.3277613 0.0004352477
0.3441321 0.0004374324
0.3094811 0.0003955222
0.2915559 0.0004001666
0.2624353 0.000408102
0.2064997 0.0004239607
0.1529317 0.0003887428
0.1063157 0.0003947359
0.1616694 0.0003871451
0.1718785 0.000373639
0.2252501 0.0003805925
0.2461706 0.0003424067
0.2242817 0.0003290996
0.147531 0.0003108649
0.170306 0.0003033938
0.1523484 0.0003150151
0.1192464 0.0002883752
0.1211507 0.0002936623
0.08626792 0.0003006909
0.07449439 0.0003016389
0.07601733 0.0002843526
0.05501754 0.0002883864
0.0714985 0.0002787371
0.0668802 0.0002804038
0.04967456 0.0003111138
0.0550309 0.0002905887
0.05851486 0.0002880129
0.07215095 0.0002863101
0.1188172 0.0002780893
0.1471837 0.0002829621
0.1584747 0.0002875803
0.1368017 0.0002813547
0.1162424 0.0002821203
0.1001137 0.0002836685
0.1027991 0.0002703388
0.06400954 0.000287703
0.09215018 0.0002692439
0.08820622 0.0002629933
0.08513006 0.000255913
0.04551115 0.000253976
0.04235425 0.0002602908
0.03804935 0.0002652591
0.04890249 0.0002566726
0.04189609 0.0002515408
0.04941792 0.0002224017
0.03762483 0.0002071349
0.02735499 0.0002089903
0.04093192 0.0002045003
0.03607095 0.0001986827
0.02701361 0.0001960552
0.01697021 0.0001958226
0.02615723 0.0001931389
0.02356194 0.0001793494
0.0429715 0.000175124
0.05574718 0.0001692757
0.07543452 0.0001715577
0.06401254 0.0001682382
0.0647109 0.0001635008
0.03398711 0.0001762227
0.03088837 0.0001648921
0.04665955 0.0001556096
0.04424407 0.0001464243
0.04918464 0.0001444436
0.05229808 0.000151271
0.06565768 0.0001565472
0.06446514 0.0001572417
0.06715257 0.0001567267
0.04789848 0.0001516625
0.04712084 0.0001560056
0.08729473 0.0001447588
0.119207 0.0001496384
0.09685574 0.0001544367
0.05416055 0.0001601113
0.04270354 0.0001658656
0.03281554 0.000165018
0.02688992 0.0001655752
0.03037668 0.0001668759
0.02839153 0.0001557739
0.08520427 0.000148529
0.1145993 0.0001653905
0.09468781 0.0001469969
0.108667 0.0001521594
0.1172352 0.0001416414
0.1270373 0.0001447405
0.136481 0.0001458049
0.1540017 0.0001458805
0.1237382 0.0001455792
0.1605013 0.0001425856
0.1437344 0.0001443212
0.124739 0.0001530813
0.09298818 0.0001428034
0.113218 0.0001312995
0.08563205 0.0001339775
0.08152163 0.0001344761
0.07347899 0.0001387812
0.04367468 0.000143058
0.06610211 0.0001402585
0.1132119 0.0001407527
0.1124573 0.000137299
0.1157145 0.0001347458
0.1276757 0.0001333988
0.1059317 0.0001380277
0.1278631 0.0001391802
0.1315292 0.0001327638
0.1160947 0.0001294268
0.09907781 0.0001373628
0.08839536 0.0001399945
0.0663872 0.0001392154
0.05559261 0.0001336284
0.07752121 0.0001404702
0.09994907 0.000132927
0.09382881 0.0001264861
0.06522604 0.0001262633
0.07705339 0.0001340434
0.08283498 0.0001404036
0.07733249 0.0001419626
0.06786887 0.0001461761
0.05189198 0.0001428395
0.02997446 0.0001355109
0.02781729 0.000153479
0.02003361 0.0001565756
0.01974158 0.0001603211
0.02111951 0.0001724095
0.02825963 0.0001840212
0.04049078 0.0001869407
0.0404014 0.0001788352
0.03129238 0.0001861265
0.03571484 0.0001746158
0.03651172 0.000178385
0.08834279 0.0001782831
0.1113295 0.0001808159
0.04770148 0.0001822246
0.06672756 0.0001861676
0.05395404 0.0001929713
0.05495708 0.0002045772
0.08151361 0.000203081
0.05379168 0.0001922319
0.04404839 0.0001704556
0.04842309 0.0001719641
0.05433439 0.000163064
0.07206689 0.0001771326
0.07551248 0.0001910292
0.1150544 0.0001834566
0.1232662 0.0001840364
0.1756547 0.0001998199
0.1855085 0.0001950896
0.166692 0.0001937885
0.1536381 0.0001921416
0.126068 0.0001866248
0.08069882 0.000189279
0.09154751 0.0001982687
0.1078961 0.0002086456
0.09459516 0.000202432
0.09184353 0.0002103362
0.04709919 0.0001974925
0.03461971 0.0002020706
0.02859022 0.0002141067
0.01797799 0.0002291978
0.01200801 0.0002333215
0.007627824 0.0002272638
0.01004077 0.0002285788
0.003898918 0.0002255423
0.003407467 0.0002036102
0.01024559 0.0002070593
