probIn varB
0.02319292 155.7743
0.02133231 141.564
0.0105077 155.1678
0.01320062 154.8992
0.0125432 158.082
0.00358184 154.7634
0.003406552 195.4911
0.002755492 203.2639
0.001550788 183.8172
0.008495655 180.8826
0.001237808 163.1924
0.003289993 176.1128
0.001306889 165.6887
0.001230728 147.945
0.007170639 144.9849
0.01071837 143.8435
0.001832896 116.1942
0.001060088 106.4915
0.001490614 108.2645
0.001220015 118.1203
0.003694571 112.2994
0.01064044 121.3145
0.01414899 115.6104
0.02260137 104.648
0.02109828 106.9771
0.0202356 100.3138
0.03883291 95.26965
0.01643428 83.10741
0.007606641 79.27661
0.004409457 69.6697
0.001669202 71.8103
0.0009237217 63.36891
0.007283594 54.4087
0.002397242 49.0898
0.008128877 48.61968
0.01967092 42.1906
0.02484198 45.64446
0.02181116 42.29271
0.04982317 35.99891
0.05421568 35.2742
0.04779996 31.96791
0.03532767 36.49807
0.03802695 38.24439
0.02440385 43.86339
0.01797267 53.33552
0.008847793 47.15293
0.01170052 46.06485
0.004824688 49.70452
0.007523353 52.68139
0.004972932 53.87006
0.006222297 53.4148
0.004407249 54.94173
0.01344567 53.23727
0.01178933 58.11378
0.01560715 50.25815
0.01151903 47.89023
0.007245071 47.30728
0.02064424 56.70569
0.01906979 48.82307
0.02063454 43.00171
0.02949525 39.35963
0.02123193 37.7319
0.02265831 39.23772
0.01381316 37.75986
0.00482183 34.34943
0.003927013 33.10308
0.01582155 38.87177
0.01067038 44.56221
0.01448054 48.13576
0.01434706 45.22837
0.01956365 49.87282
0.01961596 62.98956
0.05062766 62.75532
0.03235079 54.71392
0.01343606 51.36074
0.002064044 57.17423
0.0005827419 49.08288
0.01093904 50.04376
0.01581776 46.90637
0.009714659 53.57053
0.006185606 56.27086
0.009260224 62.18306
0.003611635 54.08332
0.003120724 54.27365
0.0004733516 54.41307
0.0003449992 50.78949
0.003199787 46.54155
0.002811147 46.99234
0.01333697 50.44839
0.008515852 46.04835
0.003937785 53.6361
0.002075989 46.73965
0.002176472 39.32826
0.005118887 40.38187
0.0177016 40.40471
0.02133764 44.65916
0.01831127 43.49094
0.01852521 40.32881
0.03445364 43.15211
0.05228429 39.1045
0.02685969 45.78566
0.02293417 49.80412
0.02463897 45.09664
0.02358897 40.77401
0.02155721 40.7405
0.01337613 49.78788
0.01962499 48.70416
0.01687146 53.39771
0.006254946 46.95401
0.01568818 56.36572
0.004024895 48.51542
0.002498302 45.37348
0.01239942 48.47361
0.02421446 46.83123
0.03207931 47.05832
0.03604813 41.3276
0.02390352 32.69977
0.01229524 33.32869
0.02054861 37.19178
0.02993607 37.72041
0.02379134 31.79117
0.03575917 35.76357
0.02413762 32.80865
0.0230067 33.87235
0.01749764 44.57938
0.01129407 48.64837
0.006701971 52.36945
0.01494712 50.27088
0.007577258 52.89432
0.002053251 58.45344
0.001751776 56.58285
0.002808611 63.91553
0.000457464 61.70415
0.0007443096 64.21151
0.007603979 63.33742
0.009742289 54.53653
0.0104158 53.72274
0.01118636 51.45572
0.01786555 48.05776
0.03088087 45.9069
0.01227723 46.22057
0.007661335 43.58474
0.005870942 42.67571
0.011771 44.23232
0.004740291 39.8783
0.003620132 37.0517
0.00518275 39.38683
0.0140242 41.23816
0.02689363 41.83182
0.03543857 36.30195
0.0243015 38.08697
0.02103276 39.91845
0.0139029 38.75722
0.0178536 43.13989
0.01651294 52.05812
0.007116616 52.69195
0.0142271 58.88364
0.007519338 64.12048
0.01441328 67.36119
0.02779436 62.60085
0.02541828 68.74809
0.02166101 62.2153
0.01165106 55.21434
0.009125236 55.64317
0.01662923 62.26716
0.008250265 58.8573
0.002661721 65.78901
0.0008874263 59.79891
0.0001348347 66.25524
0.0006297082 71.22644
0.006180813 85.72987
0.004142885 74.3511
0.00915264 72.74889
0.003233051 72.95213
0.006865747 57.26823
0.01366392 53.19871
0.0159442 53.66471
0.0353442 56.08073
0.01792448 51.76409
0.008684684 45.36321
0.01271215 38.97474
0.01170087 40.17774
0.01323358 33.04679
0.01957664 36.13722
0.03057376 31.03048
0.01115232 29.33866
0.001023233 33.9621
0.01012911 35.85663
0.01155963 32.6845
0.02052706 38.9729
0.01743465 38.61833
0.02182973 40.11191
0.02105078 39.15634
0.007588941 44.92124
0.006339979 46.18866
0.01536523 52.42538
0.01247738 49.27024
0.01077986 49.00882
0.01827613 49.33601
0.01937029 52.777
0.02540136 62.05437
0.02355174 54.10503
0.02298733 46.53816
0.01128654 44.24382
0.002059559 44.55809
0.003873465 48.56421
0.009677191 47.75747
0.01562716 52.70481
0.02505213 50.79234
0.007488079 49.36416
0.01300782 49.67378
0.009705647 54.17495
0.01148776 63.87152
0.01337902 63.05616
0.005270489 77.87477
0.002203686 87.66595
0.002784551 85.84207
0.00283985 75.64374
0.001382359 76.61729
0.009400746 63.44147
0.007649025 57.73989
0.006126451 54.25247
0.01953098 57.09497
0.01792535 51.39803
0.02793403 62.781
0.0183275 53.3395
0.01945007 44.68392
0.0124168 51.93694
0.03060303 39.07792
0.02382384 30.41036
0.01813512 28.84153
0.02332532 25.40557
0.038224 23.08354
0.03502793 23.66895
0.029172 21.9734
0.02168372 21.71008
0.01419767 19.53886
0.008992072 20.25916
0.003396201 21.87792
0.003070104 19.76906
0.01180383 17.52646
0.01329892 17.82135
0.01286728 16.74606
0.01392926 15.84089
0.007156303 15.07829
0.0007849745 14.19485
0.0007987694 12.9244
0.009054332 12.5057
0.02104981 12.26251
0.02143414 13.26828
0.01489741 14.0044
0.02327226 14.41172
0.03761243 15.5507
0.05814748 15.22838
0.04711662 17.23593
0.05512362 14.15421
0.02620566 16.09093
0.04646023 14.9512
0.03019753 15.90044
0.03863265 14.38818
0.01709993 15.5867
0.02685458 16.3913
0.02562069 19.57125
0.02371879 19.5881
0.01979792 21.05755
0.01650109 20.25734
0.0164204 20.50377
0.02073667 19.536
0.0186621 16.91931
0.04338445 16.37951
0.0327433 16.06746
0.03670011 13.14928
0.04539664 14.59892
0.05620837 14.71068
0.07048959 15.90232
0.0439151 15.63848
0.0619225 13.87246
0.04727053 15.67022
0.05547572 16.69777
0.02420916 16.78958
0.02747348 21.00844
0.01530046 19.29113
0.006748811 21.09502
0.001772463 19.72708
0.008778197 20.77076
0.01152839 19.14908
0.0320681 17.75217
0.01829326 14.76815
0.03351691 12.10478
0.02736521 11.70419
0.03334256 14.39969
0.01793148 15.64594
0.02508606 16.98729
0.03028202 16.43141
0.03087236 15.0409
0.0501656 15.60764
0.06715287 19.43016
0.07281993 18.24621
0.06043319 19.74469
0.06464149 19.94147
0.0466045 17.54642
0.03380594 17.3387
0.04496302 16.81794
0.04160456 16.37312
0.04503098 15.65346
0.02002831 11.83155
0.01590064 10.75938
0.006700004 12.1944
0.00500807 15.51163
0.01025133 15.73992
0.007335463 13.50317
0.004273695 12.3506
0.01317757 12.56248
0.02115766 10.95227
0.02730528 13.07976
0.02804612 14.1069
0.04517354 13.90467
0.03126739 15.08815
0.02986183 20.20596
0.01850582 21.77399
0.009476678 22.05333
0.02097037 22.90638
0.02062559 21.26599
0.03178749 19.79938
0.04141936 22.9425
0.03724248 18.48963
0.03127333 17.75841
0.01609736 15.50313
0.00602447 13.72372
0.007519716 13.42884
0.005610464 13.27303
0.001693457 16.31729
0.0005479144 19.43391
0.0006155209 17.16143
0.007432283 18.30538
0.0193864 21.35932
0.009622782 23.20995
0.004503704 22.46294
0.001216202 22.90936
0.01372203 23.64017
0.02650371 24.11869
0.01086888 27.97254
0.008976372 25.60336
0.00491809 23.57482
0.004804617 24.2909
0.004333894 22.17544
0.01081631 20.61106
0.0144173 19.45737
0.0166322 21.18885
0.01585567 20.50507
0.03106885 22.43745
0.01451557 24.75379
0.0141409 22.04838
0.01673845 19.34137
0.004242548 20.70811
0.01506985 22.73267
0.01013892 18.57432
0.01576034 21.44141
0.01882405 21.33035
0.03435056 26.49485
0.02660064 24.92808
0.0364884 26.1161
0.02768329 34.27003
0.0181681 29.51129
0.01316245 28.3414
0.01515592 27.24374
0.01551875 27.8379
0.003159246 31.75837
0.003198426 28.41163
0.006129888 32.04279
0.004725482 29.84121
0.01153247 32.29741
0.003516932 32.09019
0.009662909 32.69498
0.008202324 30.50314
0.006192461 33.80687
0.003445207 33.17786
0.00733432 33.15371
0.01136258 39.40462
0.009979842 30.12433
0.02365286 29.58718
0.01704463 28.84869
0.007874744 27.88268
0.002483401 27.17979
0.009046725 26.55383
0.02058543 25.76266
0.01146322 26.72641
0.02110077 34.93341
0.02210533 36.32609
0.02363326 29.73651
0.00868733 30.81174
0.006791182 30.51066
0.003679917 29.78062
0.002578457 35.8365
0.004531461 39.58257
0.0147718 31.65141
0.01204807 31.76349
0.03545463 29.39082
0.02857592 36.08008
0.006518867 36.24532
0.002537669 32.77517
0.00779588 32.76103
0.007241788 33.82051
0.006730083 35.64318
0.008687938 39.59227
0.01243802 39.03322
0.009416379 42.23643
0.01901155 53.19317
0.01696276 53.50602
0.02056353 60.72484
0.01301378 61.37323
0.01399685 67.27017
0.01773666 66.86373
0.0202238 78.95833
0.02604263 88.03514
0.01911271 91.75281
0.0306299 88.73977
0.0221267 101.7921
0.003017489 98.47232
0.003229612 108.237
0.002433814 118.8722
0.01041905 131.018
0.005476307 117.3883
0.001981696 112.8092
0.007100342 135.1433
0.004087102 126.3724
0.0001631575 129.5788
0.001074218 116.2003
0.006407475 126.1726
0.009012646 113.7009
0.007773117 115.6476
0.01644319 97.2639
0.01114614 90.97694
0.01053046 91.86323
0.006556553 92.25895
0.0007932968 99.13632
0.007530514 103.6545
0.01386536 100.4265
0.03252566 102.1012
0.01502313 101.1985
0.03603104 89.75377
0.02972149 71.56563
0.01277731 71.17805
0.01835367 77.03051
0.01299341 83.1133
0.02008159 72.42588
0.01915376 60.22284
0.01934673 57.7684
0.01478563 59.74804
0.01869298 55.54354
0.02314382 54.47578
0.01690206 60.61759
0.01011496 61.73929
0.02053836 66.01558
0.01693707 74.15186
0.01841602 77.7812
0.01816687 82.1126
0.008937094 91.32922
0.01348394 95.33094
0.003605856 116.0452
0.00552435 122.6634
0.0060618 101.5928
0.001262188 112.3478
0.001127114 127.715
0.005218787 131.3773
0.005103884 134.1523
0.007476372 129.0727
0.001089615 135.054
0.004342069 106.5198
0.00625093 101.4606
0.00126063 124.0463
0.002257049 116.7526
0.005295322 122.3339
0.007977742 118.7844
0.01715928 110.0681
0.01092655 113.1523
0.001729429 119.2589
0.0007855659 132.0423
0.005898525 119.7333
0.007180945 107.2489
0.004206813 87.69714
0.005983159 85.70488
0.001785684 78.69204
0.008024551 80.49945
0.009447516 88.95431
0.004258247 81.06477
0.0007846971 71.90826
0.001957608 78.19373
0.01116729 73.07686
0.01272384 84.36359
0.0106207 85.38616
0.02226994 100.44
0.02013557 90.98992
0.004982083 98.4334
0.002010175 90.10516
0.00969863 90.60383
0.007165931 92.29766
0.01485347 85.77126
0.00427419 87.14676
0.002600792 78.25961
0.002224774 66.31683
0.004314666 71.11788
0.02424369 77.67977
0.01412372 69.66719
0.01095645 73.65761
0.00536827 69.11502
0.0185435 56.1207
0.0105338 53.29192
0.00205828 54.77042
0.003952312 55.32188
0.005422532 49.62462
0.002314207 55.24773
0.00207624 56.08469
0.005795181 58.20937
0.003811877 54.1157
0.004990923 46.32417
0.01022999 47.08908
0.03514859 47.51923
0.03224507 59.83339
0.01291925 60.23646
0.009646094 61.70892
0.01299277 51.34892
0.01771712 57.64147
0.02295399 60.63514
0.01054128 63.54758
0.02909002 55.47152
0.02645037 58.2629
0.008260233 65.79343
0.00272144 57.01433
0.01097081 57.57901
0.01612937 60.12845
0.01509691 62.85946
0.01499992 69.52115
0.0191705 69.32569
0.001851172 61.4986
0.002336855 66.3775
0.002322258 71.73018
0.001803977 65.5087
0.003537182 70.49453
0.00478651 57.43204
0.0009644615 58.50293
0.009205424 61.41446
0.01766874 65.18658
0.01014501 59.21067
0.01411824 50.59556
0.0118768 45.63775
0.01142315 45.12393
0.005395474 40.45517
0.006171991 41.77939
0.03060276 42.58501
0.01212465 43.6104
0.003589335 45.16781
0.003311866 51.31334
0.003360562 52.273
0.004077166 47.64377
0.004617873 41.14596
0.01169435 44.29847
0.01289776 38.66357
0.01311673 37.92475
0.02346742 40.19523
0.02166771 38.28575
0.02670972 36.0236
0.02323377 35.86357
0.01391904 45.7296
0.02736969 36.13475
0.01242002 34.73588
0.005865969 38.89285
0.009989938 42.56479
0.01445526 42.99387
0.009156872 42.11824
0.01395169 38.94344
0.0148322 34.97433
0.02276329 35.6148
0.04153979 36.39167
0.0278528 32.41483
0.01396195 33.66947
0.03014458 42.64215
0.03597137 38.86368
0.03049023 43.66543
0.04267936 40.88222
0.02903764 43.70669
0.01847341 44.93632
0.00951552 43.67568
0.01143609 48.6067
0.01516799 57.02418
0.01836943 51.34114
0.0165019 50.82327
0.01520176 50.66319
0.02102721 51.02439
0.02526356 51.74138
0.03024915 48.16395
0.01178901 55.82381
0.01029408 42.26892
0.007089834 40.72392
0.002968531 47.02228
0.01747175 42.504
0.007199584 41.44712
0.0171739 38.36336
0.01606556 36.15018
0.01273429 37.16257
0.01346719 36.40657
0.01525736 34.12384
0.04296322 34.26552
0.0585479 31.9932
0.04507648 24.66555
0.03273059 26.95338
0.03671665 29.63079
0.03606518 34.12452
0.01665683 37.60924
0.02061296 42.31176
0.01771351 42.4631
0.02621937 40.68199
0.01417261 40.03587
0.01436118 36.97978
0.01920019 36.43569
0.0129502 31.1119
0.03615791 28.18252
0.04686008 28.73757
0.03531913 22.6353
0.03552638 21.98014
0.007597812 19.34481
0.007497 20.85525
0.007254261 24.79592
0.01164598 28.05781
0.01056537 31.81716
0.0108316 33.51425
0.02076804 40.43467
0.02716286 42.15983
0.03291699 37.16495
0.02890447 43.39242
0.03752968 35.92628
0.01871264 37.7023
0.02552065 39.52263
0.009130826 32.39933
0.01018123 30.0591
0.009935721 32.13104
0.01017779 32.92664
0.004588585 28.40078
0.000132214 29.08444
0.004879076 26.06994
0.002778192 23.13083
0.003481477 29.48897
0.005472647 35.06723
0.00737759 33.08927
0.01506683 32.95719
0.02038319 30.53713
0.02397251 26.86047
0.03823589 23.46824
0.0549007 24.20994
0.04615242 25.27371
0.01599963 26.89056
0.01188748 25.87745
0.01763179 28.21912
0.01234565 25.92529
0.01575699 30.43176
0.0222497 27.91549
0.01864655 30.06049
0.03949684 26.50361
0.04117466 27.61646
0.0312391 33.13873
0.03655261 32.1263
0.02490463 33.97496
0.0163133 33.29215
0.01962378 32.05914
0.02846181 31.67846
0.02607063 32.35138
0.01928882 32.03571
0.03522255 30.91846
0.02240429 29.30097
0.01938501 24.20889
0.02457212 21.57795
0.02455004 27.34824
0.01644563 29.48188
0.01015212 36.72228
0.01913698 35.89495
0.01205911 31.93496
0.02718733 31.63712
0.009817897 32.25319
0.03540117 31.58351
0.02948883 32.61579
0.009716157 25.15531
0.02326743 25.06503
0.02945727 25.10992
0.01959206 24.41255
0.01462351 23.01111
0.007008177 24.24155
0.006218445 33.79129
0.008876478 36.8851
0.01330935 32.38948
0.01698254 42.40155
0.01460479 38.69836
0.01563108 45.54761
0.007993736 49.64503
0.01300889 46.60705
0.009931924 45.93748
0.01231845 43.28004
0.005330917 37.95099
0.0004732171 34.58309
0.00197996 34.68536
0.004624559 36.12239
0.002528939 30.4328
0.01062796 38.53867
0.0101188 42.75685
0.005104396 41.09291
0.00105902 40.96835
0.002343165 37.61819
0.00340511 29.48725
0.02089106 26.70583
0.01969733 35.25625
0.007894854 40.1549
0.006885195 33.94324
0.01055831 25.24671
0.01052974 26.3162
0.009293875 28.02295
0.008060023 22.82316
0.02140909 21.36318
0.02078992 19.42386
0.01230383 17.83035
0.02024735 16.80402
0.01139022 16.58092
0.02203976 15.85793
0.02780344 16.58767
0.03208879 17.75209
0.03551069 16.40423
0.05569194 16.0434
0.04807582 16.31015
0.03351784 14.82779
0.0260381 12.81821
0.04047112 12.30838
0.04844927 11.67198
0.09074789 9.47658
0.06481903 8.892785
0.06477922 10.31573
0.1003028 10.07468
0.08584662 10.56553
0.07490993 11.20876
0.07760038 11.4751
0.0515162 11.04252
0.04813185 12.67167
0.06243383 14.31967
0.07626513 14.81563
0.08576303 15.0096
0.05352919 14.99528
0.05544431 17.93484
0.03492584 16.08029
0.02028586 13.86083
0.04865148 17.14978
0.05247077 16.24494
0.02821273 16.39186
0.02819483 18.26835
0.03028623 21.32912
0.05556914 19.96462
0.05376795 20.10069
0.04747655 20.59765
0.06077863 22.19365
0.03556915 26.61873
0.03674608 27.86323
0.04350994 29.52974
0.01672553 29.12801
0.01932245 26.60391
0.02923198 28.06
0.03347631 24.91502
0.03796983 29.37139
0.03920716 27.78706
0.027816 28.30503
0.01920083 26.57396
0.01726341 25.33568
0.02301944 24.60953
0.02854221 24.9277
0.04902714 20.36653
0.04186149 23.27788
0.03587871 24.78618
0.03499527 22.03325
0.04350008 21.6486
0.02843074 22.12746
0.03486014 24.6148
0.03775932 24.5274
0.05683319 22.06763
0.05382148 24.80081
0.08460951 25.781
0.05601871 27.06768
0.03757368 29.51282
0.01421479 25.06755
0.01151585 29.52444
0.009912026 30.06708
0.01649526 29.52241
0.01375703 25.38544
0.0200243 27.74633
0.02060389 22.60197
0.02471359 21.70618
0.02071736 20.75876
0.02153044 17.60362
0.02859855 20.95349
0.03903705 22.84665
0.03440357 21.6498
0.04540819 23.29682
0.0389275 22.05394
0.03263691 25.22587
0.02827671 27.87228
0.03548691 25.91799
0.01671502 30.13657
0.02410671 33.59551
0.03198239 29.66603
0.02176962 24.3674
0.03681643 27.04898
0.02015369 31.30586
0.01475424 29.41336
0.009362881 28.36967
0.02852619 31.1234
0.0117639 29.88681
0.01094998 28.80928
0.008968236 24.4616
0.01809923 22.38864
0.02912728 19.78171
0.0294813 17.53899
0.03612598 14.50643
0.04667666 12.89492
0.04383886 14.00174
0.05495938 15.50296
0.05873478 17.40161
0.03223737 18.64081
0.05379095 23.01339
0.03285515 23.68487
0.018527 18.51044
0.02705722 18.07418
0.03117192 17.76189
0.02877835 19.67936
0.06261461 19.56581
0.07628491 21.16864
0.05887154 20.49988
0.05966575 19.81101
0.04572842 20.03637
0.04337862 23.65037
0.05670531 27.8085
0.03718207 21.70105
0.04847531 25.28678
0.07904189 26.37012
0.0731091 19.96122
0.06573613 20.23349
0.07722503 24.63569
0.04300762 21.75581
0.05023845 22.41105
0.03489731 21.09489
0.04291399 24.66046
0.05904866 25.80507
0.02383468 29.07544
0.02021853 32.01527
0.01078834 35.06332
0.01023877 37.74454
0.01233269 36.66229
0.01052332 37.25026
0.01263628 38.41784
0.01438861 37.49481
0.01135118 39.02249
0.01028903 37.31387
0.01360064 32.73459
0.01643624 31.36301
0.008160313 30.00108
0.01308015 34.47388
0.003337822 36.43569
0.002119108 33.40951
0.002605479 29.23202
0.007570264 29.463
0.00219815 25.50154
0.01279793 20.81158
0.01475023 20.41178
0.008070319 20.35301
0.03605572 22.41514
0.04177997 21.54559
0.03497251 26.50308
0.03770195 27.84856
0.02422984 26.07291
0.01806249 25.6817
0.03401151 28.09964
0.02724266 27.90655
0.01762895 27.68684
0.00977998 28.7827
0.006460729 24.92324
0.004537742 23.53874
4.136969e-05 23.3326
0.01084697 24.99988
0.02508494 22.04092
0.0341718 21.09862
0.02891537 24.8792
0.03586177 22.58362
0.01218121 23.90058
0.01617429 23.75356
0.007708067 18.66235
0.0104963 20.01941
0.01774958 23.58478
0.0154354 28.59673
0.01982662 28.58017
0.01236118 24.03265
0.01269021 24.05618
0.02144376 30.53902
0.01860175 31.83619
0.01722239 31.95567
0.02474624 37.35051
0.01165075 39.38239
0.01691706 37.11159
0.01730181 31.82705
0.02173446 34.24746
0.02197473 36.52965
0.009337763 41.85937
0.008130449 42.49683
0.01208994 44.20193
0.01070079 44.5326
0.0173991 42.0415
0.01680297 41.09848
0.0177357 34.70635
0.008519475 38.96578
0.004555166 40.92078
0.009892506 39.95905
0.01221635 38.54988
0.02163264 42.59651
0.01221886 41.45673
0.02588214 46.32286
0.02604947 46.68724
0.0207288 45.82802
0.01014569 53.03627
0.02301991 61.93561
0.01367699 65.89468
0.02034791 70.87936
0.01806909 66.49852
0.008643108 72.12321
0.00991161 83.58017
0.00901299 75.91182
0.01044245 71.77969
0.01522526 63.85893
0.005301245 60.5765
0.01470166 58.9102
0.004473779 67.8179
0.00547076 72.6318
0.001713448 72.29276
0.007192188 77.16864
0.006400775 82.25036
0.005203008 84.8665
0.007263164 88.54806
0.0006810496 86.07069
0.01331484 89.31569
0.007883136 93.81911
0.001406046 87.38235
0.001641395 79.51383
9.935852e-05 68.83777
0.001343603 73.597
0.005264473 59.52218
0.01083793 52.28955
0.003797583 48.51137
0.005327776 50.84705
0.001211906 56.18277
0.005006129 55.20623
0.002472299 52.12928
0.006663301 57.54232
0.001403088 65.76408
0.002798554 60.44605
0.008089617 61.36005
0.007270564 61.95591
0.01056412 54.93516
0.00915754 53.87548
0.008432754 57.5343
0.006845351 58.15584
0.006785039 50.54475
0.002917501 42.73584
0.004344978 39.74694
0.01516325 40.68623
0.009693728 37.10177
0.009322299 35.40786
0.01010016 35.75607
0.005832964 28.07862
0.004862491 24.57733
0.01534698 25.54268
0.02235178 22.688
0.04233797 18.67712
0.01195328 18.10011
0.003728004 21.01322
0.0221873 20.7596
0.02242862 21.54203
0.01984677 22.00951
0.003830172 21.50701
0.0037689 27.37323
0.01599447 27.48667
0.007074681 23.90951
0.01254822 23.52548
0.009566097 21.96725
0.01313034 22.78712
0.03561612 27.87066
0.0460264 25.01272
0.02885911 26.3326
0.04321583 30.4264
0.04797547 26.38544
0.03366579 22.24958
0.03582252 22.94728
0.02769915 23.75824
0.03591604 27.00623
0.03382738 27.53898
0.07664637 28.12279
0.04804121 26.88029
0.06357114 29.92113
0.02341549 34.5831
0.006539273 33.2091
0.01050996 35.10795
0.007252609 34.14397
0.01681365 33.36635
0.005241207 38.05062
0.004619666 36.44
0.007224031 36.28567
0.009433436 32.99471
0.01665759 33.82803
0.03273595 32.01783
0.01588768 36.023
0.008067159 39.17923
0.004653751 38.89396
0.01725967 46.2615
0.01476929 39.2889
0.007328015 44.24572
0.01341767 57.2988
0.003576368 50.97641
0.001116988 54.01269
0.007110805 48.60778
0.002028478 46.93151
0.0008953108 42.78447
0.01104047 53.68096
0.009204391 48.23905
0.007727871 56.14697
0.002909252 47.47866
0.009486337 42.44737
0.01111459 42.97778
0.0197719 41.03351
0.01146212 48.61812
0.002155213 42.26307
0.0129221 36.56721
0.01953389 37.81382
0.01395868 42.04367
0.005641157 33.00626
0.00959428 31.13584
0.006701739 32.97101
0.01051662 38.296
0.006669324 33.29192
0.003651467 42.77885
0.005207353 39.28669
0.004642666 34.89262
0.001996273 39.34777
0.004181052 43.8791
0.01120881 35.17181
0.00462061 41.00218
0.007524709 45.13326
0.008058399 49.41406
0.001936987 58.17605
0.005838698 59.90671
0.009417983 82.01005
0.01881799 82.97114
0.007898898 82.0824
0.00669146 77.76374
0.01133238 68.37405
0.01252245 62.3063
0.01531256 65.37233
0.01713501 69.96959
0.01857501 75.32869
0.01661137 79.74256
0.01351022 81.83239
0.008634434 86.07046
0.0008995765 93.37993
0.003731755 80.5726
0.003119203 77.77998
0.006206976 65.53019
0.01925779 59.22811
0.00824947 51.36118
0.01057789 57.88468
0.01474992 48.59089
0.01898518 51.29653
0.008699682 57.44381
0.01651886 61.98623
0.005550652 56.16687
0.005271187 53.15142
0.005602026 54.48794
0.004171996 49.4987
0.006293413 48.82409
0.001303151 43.39828
0.005608745 40.7254
0.00821282 38.66091
0.007902135 45.47065
0.008630586 37.99157
0.01398412 37.61363
0.006473736 33.01833
0.008787469 36.92299
0.01969087 38.29204
0.02801743 39.67975
0.01885485 40.57706
0.01414906 34.94236
0.004331085 38.10415
0.01855399 45.252
0.02051217 40.75742
0.04370259 48.04821
0.04276157 48.46388
0.0384069 49.8345
0.01209486 53.73608
0.01791539 49.50024
0.007772799 50.29195
0.006920212 57.15811
0.004247135 59.10389
0.01164013 61.31269
0.009892707 77.42475
0.01740902 70.47562
0.02380522 70.96533
0.01176208 71.43505
0.007009237 74.66645
0.004906764 74.9081
0.004111788 70.80861
0.00132494 67.98571
0.003414879 62.58597
0.005208968 57.49504
0.002912532 50.45563
0.008706039 50.74563
0.004879202 58.52137
0.01737833 56.13366
0.02906862 57.03324
0.01090317 47.48426
0.01371409 41.3435
0.01063519 37.05969
0.01932211 37.85909
0.01290186 39.18634
0.01224495 37.12001
0.02454899 31.3307
0.02289736 29.91445
0.01490964 28.19336
0.02506351 32.79031
0.03801881 31.66865
0.0244818 39.55283
0.008882999 34.21902
0.01580325 35.8189
0.0257165 34.96935
0.04537528 35.14172
0.05176604 37.62723
0.02267485 37.57969
0.007055551 37.8406
0.008358999 40.87074
0.003975493 41.78562
0.01034609 40.50836
0.018836 37.14907
0.01748434 39.13233
0.03818889 41.16816
0.02563051 40.63438
0.0496887 36.55966
0.0324501 29.71443
0.01985346 24.08939
0.01531487 25.35988
0.02288302 25.06752
0.00637512 31.56005
0.005629247 33.14495
0.0002753349 29.83878
0.01091696 30.76929
0.003381713 30.27455
0.003541533 28.76748
0.00744261 25.12455
0.007250175 21.82021
0.01125962 21.86236
0.0113193 21.17944
0.02247558 22.64942
0.005267989 25.724
0.01382569 22.75963
0.03031352 21.5104
0.04354488 21.73772
0.03989274 15.90431
0.01993569 17.12044
0.01591459 17.38834
0.003951546 18.16419
0.003654529 14.62902
0.001252881 14.33515
0.01155966 15.21471
0.009600338 15.80662
0.006835626 14.63486
0.006271474 13.14723
0.01043227 12.83171
0.01158142 13.49474
0.03240607 12.6267
0.03037759 13.6808
0.05103005 14.51193
0.02463903 13.75197
0.03070657 13.08401
0.04136056 15.02693
0.05232311 12.35278
0.04486279 14.35099
0.0482169 13.2105
0.026239 13.17648
0.02699941 14.76456
0.02907074 14.35513
0.04310424 14.67369
0.05309748 16.09474
0.04162505 16.32413
0.04446147 16.51474
0.04823692 12.72249
0.05130223 12.11051
0.05302779 10.70053
0.05086361 12.5694
0.03605702 13.3608
0.0242381 10.9335
0.03187782 11.67378
0.06179782 11.84037
0.03641957 12.64526
0.03812165 14.92723
0.02844818 16.85404
0.01363744 13.40487
0.01349597 13.86806
0.01936041 13.93684
0.02738178 13.68164
0.03063931 13.66699
0.03625623 12.37173
0.06063 12.35128
0.03138635 12.40625
0.02571049 14.40024
0.02385365 16.67524
0.02807345 20.66696
0.02060238 20.84925
0.01052966 22.52885
0.01059878 22.55184
0.004654782 18.57275
0.007688049 21.568
0.01243998 22.82873
0.009710304 23.97486
0.0181087 23.20479
0.01081611 20.64218
0.01149064 18.85059
0.01363427 20.90694
0.01323302 28.87707
0.02068032 28.08801
0.04408779 32.37919
0.03924718 28.22561
0.04466451 28.67553
0.02305598 25.5452
0.00713337 30.67406
0.00925598 37.99608
0.02643779 45.55029
0.01353877 45.00381
0.001126179 50.73841
0.01590543 42.61068
0.01167393 41.87417
0.01522682 54.01311
0.01173845 52.72368
0.02487204 51.36298
0.02176314 45.49915
0.01389031 43.58971
0.01949469 38.83481
0.0267301 35.06287
0.0197479 32.11374
0.03162775 38.58138
0.02423503 39.61214
0.026578 35.46535
0.01910045 37.97755
0.007339123 31.29838
0.004649862 34.96811
0.01044097 35.33194
0.01106807 36.39208
0.02085285 40.14805
0.01060343 42.51473
0.01680702 40.36595
0.009094844 40.60804
0.00394736 42.53314
0.002760103 44.13733
0.02130863 47.85553
0.01076239 45.8026
0.005522007 53.29198
0.001558705 48.75488
0.009356731 48.56813
0.007926259 39.26299
0.005283168 40.95273
0.01484987 51.63709
0.01744241 53.13829
0.01171869 46.92812
0.02258988 50.38687
0.02450625 63.78062
0.03922857 56.50211
0.01941084 44.50877
0.02630577 42.84776
0.03166338 42.27413
0.02740796 41.33845
0.03328183 46.75204
0.02727444 50.98638
0.03285711 46.91377
0.02758235 47.7302
0.0298438 51.36123
0.03087598 57.39878
0.03163638 56.54988
0.02689689 50.58909
0.02060305 52.72705
0.005548431 49.12688
0.007968708 54.0365
0.00527044 54.21369
0.005292455 62.01691
0.0222701 49.73069
0.02099073 55.86153
0.03467684 55.81557
0.02578357 48.33993
0.03340171 49.83678
0.008750413 43.24581
0.0111301 49.04706
0.007373909 42.93444
0.02043589 35.49859
0.02799592 32.5469
0.01461499 39.61643
0.009214424 36.10259
0.01086977 31.92841
0.02436219 33.81851
0.0223806 33.98736
0.03930189 34.80329
0.02843999 41.6639
0.03595238 38.07466
0.04048692 41.31308
0.03487126 41.89443
0.03881128 46.90809
0.01854055 48.62647
0.01751906 51.9154
0.01062121 51.75068
0.006089176 50.24594
0.001326904 52.95825
0.0006801636 50.56601
0.002761298 51.4245
0.001839793 48.50252
0.001765987 50.77853
0.007098906 52.54604
0.01920781 52.08809
0.008632553 51.73028
0.005651275 43.61377
0.00364043 33.43527
0.01402452 33.47857
0.005311856 33.59552
0.006292002 34.83055
0.01280983 31.18846
0.01163635 32.92074
0.04701159 31.48347
0.03752036 30.03027
0.02902754 30.39257
0.01735622 29.9757
0.004764616 24.68857
0.006132063 26.3127
0.0275737 25.65132
0.02723991 26.05805
0.008839211 28.25206
0.006775347 27.64721
0.01436703 27.37972
0.007623203 26.30789
0.001881491 27.07182
0.02459847 28.0299
0.01119814 33.13957
0.008871633 27.05784
0.00825237 24.55071
0.008873748 18.85859
0.01258615 20.95806
0.02070945 25.25583
0.006718849 26.99085
0.01145352 25.5775
0.03000131 28.22472
0.03239109 28.15749
0.02806476 29.08252
0.03464442 25.15763
0.0306112 28.62881
0.04628027 27.50802
0.04561419 27.13812
0.05906868 29.50287
0.05563988 28.79716
0.05594469 27.28061
0.03361163 29.06759
0.01900013 31.28858
0.008369267 30.34039
0.01105887 25.06228
0.004602277 24.32979
0.005957475 26.15905
0.01948342 27.50635
0.02716407 22.83249
0.02369804 24.06676
0.01052855 21.23491
0.008876921 19.17439
0.02271536 20.49566
0.01489618 25.90367
0.009343928 24.01872
0.005852903 29.21508
0.02111073 36.19655
0.02852172 38.05806
0.03084571 39.32324
0.01924642 40.33965
0.02487672 41.72377
0.01235334 44.00478
0.02733567 43.45702
0.01324193 43.3492
0.01854152 49.13098
0.008112131 57.77608
0.01724498 50.54492
0.02823229 44.96015
0.02641563 37.87595
0.02334869 31.90774
0.02285336 25.66007
0.004538139 25.82428
0.006820199 25.97796
0.01171503 28.60196
0.01867842 26.80535
0.005094149 25.74748
0.005758038 20.13419
0.02169306 20.31991
0.02661767 21.75046
0.02377317 19.79453
0.01978392 19.15439
0.01970476 19.36612
0.004504795 16.87744
0.01626249 22.42845
0.02042274 24.15665
0.03109026 26.74727
0.02431973 24.92163
0.03931574 22.8721
0.04041502 24.11767
0.03026628 28.67998
0.0215861 30.58929
0.01246817 26.73433
0.01682015 23.31339
0.008828138 24.21645
0.01919343 24.15464
0.01381698 27.55935
0.01456514 27.71192
0.009646453 25.09367
0.007406329 23.21162
0.004733308 24.77882
0.01369435 33.46311
0.01094736 33.4929
0.005930245 41.19607
0.004695669 40.41777
0.01314624 42.76388
0.01649301 39.7763
0.01004037 38.87406
0.006561993 32.12333
0.008603201 31.78276
0.002829799 33.32855
0.006039175 28.89819
0.005434151 28.42314
0.0002790155 32.40772
0.01182114 32.48349
0.0105032 29.93
0.01083726 30.6575
0.01196671 27.63644
0.009995607 27.82553
0.02682687 28.26251
0.04166876 30.84356
0.08904048 32.34587
0.09613943 34.60038
0.05528836 32.54935
0.05646866 37.45519
0.03391086 37.41218
0.02385222 38.60743
0.01226502 36.32692
0.007399188 31.39445
0.007697516 30.58809
0.01317176 33.10848
0.006521441 36.81279
0.001594912 28.84365
0.006307929 27.2548
0.007236479 22.43599
0.005111832 20.66591
0.01861082 22.64316
0.009033237 19.99088
0.01079953 21.37298
0.007550391 23.49827
0.007824065 23.0937
0.006930624 25.03707
0.002042872 25.54801
0.0045623 30.77746
0.005655277 32.1509
0.01075295 33.21859
0.02430623 29.81494
0.02904133 28.33164
0.03816521 31.12093
0.01579866 25.38127
0.01297002 29.1872
0.0120284 28.08847
0.008131859 24.54732
0.002854724 24.91441
0.00850829 27.16099
0.01132759 28.09018
0.009162377 26.2173
0.002517434 27.29193
0.004633072 27.34992
0.003727643 29.47773
0.009507213 31.18369
0.01232544 28.41015
0.01701745 26.91718
0.0263057 24.99391
0.02101944 23.05392
0.004174773 24.36505
0.01493269 26.59289
0.02439868 26.73608
0.02220872 33.35946
0.03917179 33.90163
0.07095409 28.28706
0.0702857 29.30952
0.08098087 28.8865
0.07873869 33.44088
0.06800026 31.68171
0.07202132 35.23664
0.03291998 36.58924
0.04075306 41.02872
0.02210085 41.73875
0.01958891 42.90508
0.01832252 44.70915
0.006822888 49.9688
0.01386183 36.41895
0.02446731 33.65191
0.0249161 34.83747
0.005643524 33.91544
0.002848228 34.09809
0.004942276 41.09968
0.01293198 39.00807
0.002026485 38.40275
0.001513465 35.04091
0.01180864 36.99972
0.02129608 41.66393
0.02762644 42.09902
0.0150844 40.80725
0.01221497 39.65409
0.005991311 42.69582
0.005729925 38.26055
0.004097984 41.19427
0.001785089 36.87979
0.004206264 33.27602
0.01220225 30.17051
0.01534167 32.23618
0.004061894 27.64926
0.003100652 27.72967
0.009809852 26.17454
0.01965693 32.75814
0.02121388 27.81462
0.01254236 24.71979
0.02330859 22.04837
0.02093824 19.87401
0.02379778 21.0749
0.02146989 18.01172
0.009161088 18.86495
0.004650155 15.42847
0.01010652 15.88114
0.009802917 17.45365
0.0022486 16.99227
0.009185863 19.35328
0.006021652 15.77055
0.002533337 15.59793
0.002062657 14.98489
0.004301461 15.38077
0.01006017 12.0995
0.01016512 15.67749
0.001985026 17.14577
0.02139982 18.3428
0.0106289 18.45
0.007203063 17.39964
0.02518416 18.4176
0.03150063 17.80538
0.0171669 15.92493
0.00910079 15.41042
0.01795259 13.39584
0.008298548 15.64528
0.01952024 20.80624
0.01537236 22.75282
0.01894641 22.06236
0.03000274 21.30245
0.008444083 20.39375
0.02761261 18.99642
0.02348308 16.0615
0.03362079 15.65809
0.04770747 17.57437
0.02902423 17.30203
0.01088201 20.05908
0.006409014 18.78785
0.006874128 20.24335
0.003314455 19.22818
0.002478913 20.34115
0.004364616 22.10654
0.005148866 22.39826
0.006146999 22.42368
0.002570391 20.61764
0.006596545 20.43748
0.005343156 17.62325
0.006018995 17.46241
0.008076763 16.2703
0.009330972 16.07532
0.01850201 16.36858
0.037764 16.95099
0.06158744 18.94543
0.08903152 20.18692
0.1090609 20.48852
0.07139837 19.01172
0.0702712 16.92437
0.06273251 15.43753
0.04285517 12.13589
0.04631412 14.49174
0.02588887 13.29929
0.04434347 13.18962
0.03343121 11.36908
0.026266 13.39747
0.01798593 16.68581
0.02679203 15.80505
0.01340983 15.79871
0.02396031 17.71072
0.03524895 16.46859
0.05524628 16.74705
0.05946058 16.28047
0.08205496 14.52855
0.07542255 13.18551
0.104168 15.82065
0.09023574 16.89656
0.08071531 16.27239
0.08031362 17.41791
0.04898082 15.4072
0.01978042 18.82963
0.01330316 17.07177
0.01119442 21.47389
0.004594196 21.44339
0.0002541706 22.29226
0.004636585 19.60599
0.003722091 20.24406
0.009960847 18.60845
0.008440125 20.15023
0.001597304 18.98667
0.00354756 15.4475
0.01054848 15.74688
0.01879345 14.20073
0.02977225 12.62171
0.02001147 12.37326
0.02048033 13.71103
0.006878065 14.34002
0.01417999 14.52837
0.01203215 15.30783
0.03056228 20.47358
0.03610215 21.64489
0.02706075 22.95259
0.02383505 20.71756
0.04444427 19.59383
0.04440972 22.85874
0.02769869 22.59711
0.02983549 25.69262
0.01124093 23.11146
0.01047885 23.83222
0.008330831 20.75151
0.003488523 21.09927
0.003636757 20.89567
0.00602546 19.14399
0.01863684 20.67386
0.0362838 22.83505
0.01318971 22.18615
0.02247957 22.97021
0.02502085 19.00965
0.01395015 21.90448
0.009924235 27.01061
0.0164235 32.27093
0.02742749 37.08716
0.02831735 37.34649
0.01821177 35.61595
0.02500042 33.18918
0.02533458 28.3655
0.03261997 26.73553
0.02490842 26.30753
0.01709782 27.26524
0.002393635 35.14843
0.00544822 32.05229
0.004136038 31.4038
0.01033739 33.30379
0.006741203 41.00851
0.01792585 37.12237
0.01420241 33.21934
0.004279772 35.4518
0.002877984 31.77503
0.0009002743 29.59144
0.003391245 27.9783
0.01814744 26.08232
0.001379973 25.36865
0.001280846 22.83223
0.005252292 24.00467
0.01092313 22.44895
0.007440918 22.78197
0.002946922 21.69756
0.003968698 25.00325
0.01011822 22.61667
0.01616939 18.5623
0.03235398 17.20146
0.04051593 19.96875
0.04522335 20.5603
0.02395185 23.91649
0.02402901 29.91183
0.01645506 30.3268
0.01559092 27.80075
0.02815498 30.34605
0.03001709 29.90797
0.05086111 25.47747
0.06107062 27.10055
0.04583744 23.42453
0.04847328 22.25159
0.0314745 19.96654
0.01407781 16.95383
0.006731008 21.17752
0.01129294 20.70081
0.02061565 23.40254
0.01483007 22.95548
0.01643947 25.57968
0.007563323 28.47159
0.006210885 26.0803
0.005468345 28.4639
0.006186052 33.58564
0.001152129 29.99279
0.005024295 27.85166
0.003380115 30.4221
0.002977183 28.74845
0.003547072 29.37945
0.0007412625 34.47124
0.002977722 36.23523
0.007631698 34.2369
0.01256918 38.5243
0.01478765 33.49559
0.01451311 34.32814
0.02576003 32.04728
0.0314091 34.18464
0.02631941 36.6632
0.03252131 32.77717
0.01663167 32.70336
0.002001287 35.29641
0.002058019 30.24002
0.00350679 30.17298
0.009785463 29.32065
0.006268829 24.05537
0.006437418 21.12344
0.004936344 23.69549
0.002711674 24.76454
0.008957623 27.95259
0.007823404 34.07427
0.01755528 29.51605
0.008110962 31.23399
0.01226327 35.65619
0.01858446 33.14604
0.01366829 29.21524
0.009342116 28.44624
0.00888663 28.3609
0.007899796 27.66831
0.01228422 28.03605
0.01114599 30.16584
0.005834121 31.65031
0.03293008 30.43968
0.03251894 35.20613
0.01452246 32.14428
0.04079451 31.40032
0.03685701 28.40085
0.04158185 28.53204
0.03041458 27.44193
0.02172011 28.12619
0.009780836 30.81008
0.005016927 28.37223
0.01272685 29.48614
0.00869047 25.05251
0.01031214 21.93475
0.01445524 20.03013
0.04010352 20.16549
0.02830017 21.31203
0.01409671 21.3652
0.01301715 23.83301
0.01207331 22.93593
0.006228142 23.91748
0.002490026 19.52685
0.003566073 19.66003
0.006153706 18.9588
0.002070564 24.59964
0.005806538 26.22329
0.0115897 27.7717
0.01234353 23.9945
0.01017302 26.74494
0.01444769 26.44551
0.008405695 25.77086
0.01179983 26.21686
0.01045021 26.49243
0.00774761 25.1726
0.0001326852 22.90208
0.001908482 21.69986
0.002008757 23.33355
0.01019991 18.0532
0.01963582 16.44841
0.0125992 19.1224
0.02110204 21.67047
0.01838607 20.53071
0.02908648 18.57771
0.024187 21.14143
0.01732115 21.13997
0.0349215 18.10991
0.02386765 18.50337
0.04523142 15.45618
0.07529616 14.08246
0.1279786 12.50302
0.09313226 13.47238
0.1170461 12.55173
0.1272299 13.41377
0.1250413 15.68751
0.1156296 14.87058
0.09050432 13.88632
0.0989396 13.33296
0.08165533 14.62243
0.08374816 17.11338
0.09640776 18.99216
0.09577607 16.18204
0.06688222 18.45899
0.03784198 18.77678
0.03113821 19.92664
0.04399876 19.99232
0.06399772 17.79107
0.04579558 22.98048
0.02163883 22.34737
0.02679488 20.55188
0.02868047 19.36312
0.03513748 19.65319
0.03621802 23.34151
0.01956723 24.68389
0.016144 26.59739
0.005175413 25.03225
0.003579328 24.96676
0.0009727097 28.52579
0.006958842 28.33302
0.0080414 28.76734
0.007517019 29.14868
0.01451357 26.43196
0.007578119 30.48644
0.00562638 33.53254
0.008409902 40.67622
0.01657847 31.37591
0.02389826 25.6251
0.02344981 30.77757
0.02570899 32.65443
0.00975044 38.43208
0.005944773 41.10147
0.003161953 39.31333
0.0002158724 37.07683
0.0007829397 39.38
0.007297567 33.59837
0.02191034 37.32014
0.01507702 40.16056
0.02080207 41.9347
0.01970832 47.75843
0.01639688 38.65535
0.01200831 35.47134
0.01478778 38.82211
0.02062855 36.52348
0.01040769 40.5871
0.005879544 46.44243
0.007561364 39.58638
0.008469791 41.51265
0.008415998 40.39693
0.002246243 37.68986
0.002909835 50.60379
0.006123719 56.88939
0.008095298 51.89544
0.01195191 50.11019
0.006403522 54.7253
0.002707121 63.37507
0.001773298 66.44345
0.001707368 60.90702
0.001602462 75.55597
0.01047444 78.64466
0.02138407 70.73324
0.03720721 74.3964
0.0345779 75.78832
0.02626833 74.21182
0.02441626 79.50803
0.008724712 59.4435
0.009646298 59.63902
0.01150136 57.38855
0.009014854 65.9323
0.005875793 64.60111
0.003480669 54.33927
0.003082359 50.71624
0.002785706 47.54524
0.0003066705 41.86354
0.003299202 43.0222
0.008690172 42.90437
0.02274602 35.99124
0.02154363 30.05241
0.0302744 26.41796
0.03546106 24.00901
0.02357396 25.45211
0.02949122 26.14611
0.02606928 30.84457
0.01438378 31.78121
0.01640256 33.71453
0.02054558 35.65325
0.00586516 35.09027
0.003455283 39.20203
0.003505804 38.66849
0.01058331 37.42182
0.007623275 33.82895
0.004887334 33.01847
0.005328976 26.86684
0.01475576 24.76169
0.01991073 26.19876
0.004469492 25.74422
0.002082235 24.362
0.002775355 26.05504
0.01625915 26.64619
0.01401312 26.05685
0.02566741 25.14627
0.02404287 23.09953
0.009355004 25.169
0.008184758 22.8176
0.006002092 25.9813
0.005286673 28.16783
0.003499481 29.38187
0.009290859 31.52663
0.02307687 36.32026
0.02244926 30.96249
0.01306013 24.56303
0.0172614 25.23831
0.01339476 25.90845
0.01579903 24.83044
0.01287789 26.50807
0.009489425 33.15935
0.02077319 37.6651
0.01386138 35.99903
0.002005475 33.53348
0.006112546 33.80004
0.01280514 29.67777
0.01245037 29.1649
0.01701273 30.50355
0.03276214 29.64952
0.03093957 26.23966
0.0178097 27.01455
0.01316837 24.7424
0.006107159 23.49275
0.006810561 25.94587
0.009113547 25.22589
0.03407728 23.79419
0.0510833 24.82007
0.04744329 26.2371
0.0290418 22.38177
0.04644026 21.01785
0.07644552 19.13451
0.03797059 16.83051
0.02987121 20.06271
0.02143666 18.20629
0.01673244 14.94457
0.03436679 12.33834
0.01327683 10.12168
0.00835069 11.06062
0.002510464 11.7652
0.003981797 14.06921
0.009116261 16.74938
0.009193492 19.72833
0.01316413 17.78098
0.0274471 20.85194
0.01606966 23.85126
0.008698666 20.18949
0.01294379 23.74255
0.02225454 24.97037
0.01407473 26.43678
0.01831156 33.7602
0.01329804 30.26602
0.02487048 34.51923
0.02112337 32.13155
0.01409889 27.37174
0.01217102 28.40863
0.02163101 25.71313
0.005735218 19.215
0.007686017 17.23902
0.008080969 15.14916
0.003407601 15.70652
0.003200718 14.75062
0.01763561 16.6977
0.0173403 15.42315
0.008199566 15.81885
0.01670628 15.74715
0.03774356 14.98799
0.01472685 15.62812
0.008299539 17.09423
0.01506111 16.74996
0.01234632 17.34818
0.03056378 20.3674
0.01923074 21.46605
0.02893495 20.27225
0.04085567 16.77114
0.02785159 15.99979
0.02473669 16.87762
0.02082552 20.59148
0.02530956 16.46987
0.03531095 16.82098
0.04727437 12.1114
0.06345453 12.51963
0.04395716 12.30132
0.03536202 12.14789
0.04594061 11.10022
0.05710745 11.86667
0.05343528 12.24647
0.0416136 13.11237
0.04031552 14.08717
0.03437316 13.38325
0.0223005 15.60542
0.03086302 13.71484
0.02930414 13.652
0.02527833 13.64938
0.03176931 13.90377
0.03988881 12.55849
0.04821606 13.09797
0.04684431 16.62542
0.06831361 16.78103
0.06514151 20.35447
0.05669257 18.47767
0.04913161 17.43646
0.05501434 20.21881
0.0689886 20.14965
0.05799495 21.85788
0.06005409 25.07218
0.03553684 35.23985
0.02917724 37.69052
0.01213176 35.76693
0.0356737 37.71339
0.04493786 34.81161
0.05180879 33.73499
0.04997817 30.95511
0.05423691 35.36174
0.02196018 29.56111
0.03455889 22.61154
0.04834166 25.63093
0.03878772 25.45066
0.05831571 28.48507
0.06169556 28.39046
0.05961493 31.66718
0.07345025 38.4174
0.04983405 36.27309
0.05681011 32.506
0.02776591 30.78082
0.0291267 33.55562
0.04277814 29.48312
0.04694291 25.67705
0.03609434 26.01607
0.02858274 22.21594
0.02852554 22.42635
0.03147387 23.17924
0.008136555 18.33271
0.005102493 19.69618
0.009511655 15.66037
0.0109376 15.37085
0.01289779 18.43427
0.03429253 16.48019
0.03214698 18.00627
0.0109876 17.71896
0.01113061 16.7892
0.006534434 18.48669
0.007613029 19.51462
0.02088629 18.92134
0.01536667 17.29101
0.02597886 17.87065
0.04558747 17.03549
0.04690499 17.09155
0.06658529 14.79399
0.08788084 12.52409
0.07371884 10.79202
0.08319055 10.96937
0.1066531 8.254101
0.1073072 9.365994
0.1053857 10.56298
0.1213321 11.1524
0.1056931 11.34967
0.1048675 13.60493
0.07674048 12.74822
0.07677934 13.426
0.06518971 14.73214
0.05347267 16.20002
0.05988418 16.94384
0.0655287 14.00169
0.04462126 13.1484
0.02191407 14.58605
0.03587925 18.27859
0.04837084 16.81519
0.02386801 14.63998
0.03991714 16.7474
0.05406701 13.77448
0.0649135 15.52405
0.0792865 17.37958
0.08290589 14.14262
0.07720114 15.43808
0.08934784 13.66204
0.09868085 17.32
0.0773861 19.42396
0.04844753 20.05883
0.02385606 22.15825
0.02429668 21.63213
0.03284899 19.15969
0.05332062 18.51876
0.06160367 19.84691
0.08286072 20.74728
0.08385329 17.88709
0.04761384 17.84654
0.05517047 17.72878
0.06535379 16.11461
0.05978883 15.41123
0.04362584 19.67333
0.05951197 22.70454
0.08838571 21.15616
0.05220236 17.96228
0.05704676 18.32634
0.07505523 21.35767
0.04512472 24.50088
0.03441447 30.13304
0.04363634 26.08932
0.04666667 25.12573
0.05486589 21.55925
0.03558497 19.83976
0.05184633 19.22944
0.06427428 16.69918
0.03215836 19.57595
0.03615725 23.89625
0.04958014 20.24989
0.04184053 20.85179
0.02492309 23.30892
0.0244625 25.57039
0.03355678 24.13635
0.02244201 24.7813
0.0284888 25.38754
0.01924793 29.74226
0.008631341 28.54905
0.006877237 31.43561
0.010504 33.09251
0.008464583 36.92452
0.002145911 38.53125
0.004260966 35.16441
0.003644426 30.02056
0.006023324 39.52942
0.009514488 32.01058
0.01317808 32.22283
0.01065781 34.91741
0.006322736 32.25453
0.01603475 36.114
0.007659036 34.02571
0.01036572 36.28197
0.01035541 42.02405
0.01186533 43.25783
0.02565431 42.31991
0.01572423 42.63473
0.01985853 51.19431
0.02588312 47.71575
0.03254251 47.98141
0.01568403 49.39744
0.05599509 48.69465
0.04432776 39.12989
0.0169408 38.95424
0.003685275 46.27842
0.003322352 49.7462
0.007041711 56.1543
0.01145573 48.71395
0.005322797 55.91197
0.002629111 54.91944
0.002467904 62.63999
0.01073665 52.87124
0.01845398 53.21808
0.03124946 52.16459
0.0245986 50.35521
0.01954357 38.2913
0.01564708 44.60097
0.0126945 38.92152
0.008664472 30.28251
0.006245069 32.88793
0.008648032 29.42276
0.006623463 25.73166
0.007301082 20.65323
0.008487223 21.8235
0.01893198 25.68686
0.008322227 19.66387
0.01477561 17.57655
0.04094999 20.20373
0.04290557 18.73925
0.03779042 17.44165
0.02135327 15.68828
0.01186113 14.68994
0.03522928 15.78132
0.03263 13.75744
0.03589132 14.2337
0.07557115 13.89813
0.09149803 12.87038
0.08588984 12.92169
0.0988049 11.79872
0.1118822 12.45339
0.1070744 12.44187
0.08215715 13.15531
0.0948995 12.71318
0.09851957 9.800348
0.1248977 10.57881
0.1137991 12.44545
0.1034612 13.36826
0.085409 14.14331
0.06048567 14.32646
0.0979645 18.1113
0.07820611 21.30506
0.05900097 21.61286
0.03646691 19.43436
0.04084752 21.24989
0.03988432 19.84934
0.03549201 19.38538
0.01887444 24.49208
0.01350942 22.35287
0.03564869 24.52633
0.04136052 22.8505
0.01311494 17.60047
0.01387336 19.02447
0.02931022 19.52366
0.01295209 27.65751
0.009388136 27.31087
0.004283505 28.87464
0.01049585 29.3309
0.01339022 30.70812
0.007874973 29.31567
0.007796694 31.72442
0.007551119 26.98719
0.001567762 27.07332
0.001447399 37.01478
0.003307944 37.30406
0.009802885 34.80022
0.008713339 33.39664
0.0100428 35.01341
0.0148734 33.61799
0.004777468 35.06776
0.02479311 37.93521
0.0272162 35.75287
0.04055407 35.07325
0.01943477 38.15131
0.02367468 44.57199
0.01723361 46.35379
0.02117853 44.27085
0.01206526 41.01024
0.006173856 40.78182
0.01532346 51.06866
0.01030174 44.95104
0.002641571 39.05432
0.002191183 38.93408
0.01343874 38.82198
0.01602959 38.95366
0.01848246 36.34252
0.0208055 39.93943
0.007435622 41.681
0.00566531 39.64531
0.009948305 41.05929
0.0145583 40.15765
0.01140287 42.95871
0.01338143 49.16241
0.01544139 50.76061
0.0120025 48.72054
0.00936304 46.56491
0.006869549 47.16702
0.008452339 45.85382
0.0125372 47.71496
0.03399768 48.91908
0.03437825 44.24741
0.03353647 46.23063
0.02108027 42.092
0.01339994 40.7105
0.03323815 37.83943
0.03618364 46.0808
0.02636945 55.98421
0.01695207 68.11054
0.02038104 61.17992
0.03249248 66.10152
0.009434097 62.81829
0.01085555 59.43747
0.0006888495 63.07561
0.0007463845 58.59842
0.005159089 48.04174
0.005475168 42.25484
0.004052781 46.64392
0.002072336 51.4488
0.005313909 54.71909
0.003382989 53.55784
0.002451234 52.38154
0.006346798 53.98044
0.01162072 54.24381
0.006206331 60.68607
0.001438867 67.53916
0.004529819 69.34044
0.001648703 69.14924
0.00769762 64.26025
0.003394263 61.88911
0.009145886 65.91973
0.009101462 61.90495
0.00567622 63.10314
0.01401491 58.46393
0.01160974 64.29611
0.01217412 68.59249
0.01125232 73.96771
0.01166334 79.18234
0.002606215 73.65776
0.006801276 67.80142
0.004642915 80.6714
0.01075409 73.68371
0.004554897 81.05669
0.004135788 78.52671
0.004104221 68.19413
0.001495955 68.71043
0.001575439 80.21453
0.000813592 80.24064
0.004233805 91.44303
0.0004750632 87.81306
0.00185747 91.30945
0.0004974022 104.1307
0.003046266 102.984
0.006407551 101.67
0.002020881 93.71278
0.002415747 92.50125
0.001380354 105.7848
0.003528805 89.94225
0.01291731 90.38691
0.001711196 95.62149
0.006162326 145.2304
0.004585649 153.8215
0.003591403 149.529
0.002970518 154.8114
0.004343383 167.9042
0.002710498 149.2114
0.000838873 144.0374
0.00301341 139.5762
0.00525879 153.3428
0.003712188 154.893
0.003010246 153.5378
0.004141426 166.3157
0.001025306 193.3988
0.004069742 187.0612
0.008675268 185.5097
0.002901763 209.3897
0.01656802 175.3084
0.01348005 184.9053
0.01033346 195.1536
0.002260431 183.4087
0.0136147 164.4869
0.00565773 151.3493
0.0109323 166.2978
0.003131565 130.009
0.003833909 122.3091
0.003566949 132.1228
0.003371816 141.803
0.002011384 135.2871
0.00773368 127.0997
0.002133613 124.6287
0.002304723 123.6459
0.002864265 134.4742
0.001098132 150.8496
0.001899049 142.8505
0.006447782 146.6656
0.002948023 162.0923
0.002809177 139.0638
0.006668002 145.5239
0.005225787 144.3551
0.001104097 125.6077
0.005862948 124.1722
0.006501482 151.0466
0.007135726 194.5099
0.007572556 228.5732
0.006919291 193.301
0.004658452 178.2661
0.005161501 189.872
0.006027372 207.5243
0.01847071 179.3624
0.01164337 167.3804
0.007811807 155.9786
0.01813562 123.4767
0.00767499 130.7336
0.009464808 151.7504
0.001565298 151.6832
0.002393141 149.7042
0.002645507 140.7596
0.001140518 122.3853
0.001577388 136.8808
0.002585351 121.5099
0.006234255 110.7273
0.002802124 128.9038
0.003883507 126.8745
0.0007203007 141.5172
0.00360353 163.9879
0.005677144 166.5056
0.01031256 161.5135
0.01057588 146.6169
0.002356099 150.0557
0.008101046 141.4969
0.005694089 124.8272
0.003479011 135.2515
0.006429984 135.1381
0.0190808 109.5679
0.01351865 106.0835
0.01168761 107.8744
0.01842988 99.97981
0.0105405 92.80396
0.009448481 84.39432
0.002422623 85.61871
0.003842276 82.02076
0.002801977 85.05408
0.005043093 67.14339
0.001103805 59.73091
0.005281237 74.57318
0.007034209 76.33866
0.009163592 69.95313
0.006523221 73.77069
0.008396387 69.89931
0.006331231 58.77761
0.002602915 65.59906
0.00870873 67.21956
0.00897027 77.16015
0.006916312 80.18917
0.01055961 80.65574
0.00842696 70.44425
0.00300725 65.54832
0.005950362 60.58946
0.008070482 61.83792
0.0116782 64.34814
0.01090316 63.07565
0.01369057 68.06417
0.008571358 57.51231
0.016156 56.41835
0.03293516 55.28234
0.03024165 53.67699
0.0106298 45.86731
0.008768476 46.98453
0.004768683 58.64109
0.005405483 51.32423
0.007859022 52.0975
0.00659081 44.86766
0.005545884 39.60929
0.01583937 41.02898
0.01044131 45.192
0.009392668 52.76274
0.01576338 56.7496
0.007375589 57.38475
0.00728897 53.60023
0.01145145 45.62592
0.01125387 53.83493
0.007816514 46.65585
0.0113137 45.41386
0.01846825 42.99392
0.01031152 41.32884
0.00579084 46.90435
0.003597829 45.62172
0.001666031 41.64283
0.01140298 37.92976
0.005301798 36.92887
0.009977406 32.32609
0.02074817 31.96765
0.04233326 28.20616
0.02098862 29.29832
0.01989664 27.14066
0.0239748 23.18224
0.02408386 24.85336
0.01908503 27.40517
0.007748131 26.5539
0.007748463 27.4156
0.0121403 23.67518
0.00549939 22.18925
0.01119235 22.93655
0.01104191 26.74065
0.02740765 23.77544
0.01592028 25.85209
0.009654232 26.43862
0.002786107 25.06735
0.0008482399 22.62508
0.001035528 21.84828
0.001475931 22.05115
0.002199093 25.56669
0.004936721 24.25424
0.02199371 25.82979
0.02034901 24.36739
0.02685294 24.99377
0.02135687 25.67618
0.01102728 23.32791
0.009068584 26.76989
0.008544679 23.01847
0.00286038 24.95154
0.003112404 27.50212
0.004855416 31.79559
0.008749138 27.58461
0.008401582 24.59989
0.009423549 25.74701
0.007826573 28.15679
0.005000948 28.58495
0.0135037 35.31168
0.007609934 36.97205
0.010775 31.10815
0.002016326 31.1969
0.004316258 34.1861
0.006020684 34.63685
0.006887407 49.40144
0.008434126 58.81315
0.01139099 57.99729
0.02116626 43.64496
0.01179498 45.74829
0.006565585 48.7114
0.01408528 46.4932
0.01636653 46.07572
0.02449407 37.14778
0.01876613 47.93948
0.01861004 46.80902
0.002957112 44.35974
0.0007390083 54.0389
0.005005108 41.67089
0.004481054 38.70042
0.007995416 34.07603
0.001892685 30.57255
0.008762017 30.32668
0.009270299 32.78521
0.001521309 29.00055
0.008360256 23.96616
0.009182195 26.68542
0.02514677 24.92795
0.01763721 25.99625
0.01996595 32.50147
0.01775196 30.83463
0.003357391 31.5849
0.005888334 33.05509
0.00553458 29.4909
0.01549917 29.05762
0.008551007 32.2294
0.007093158 30.07464
0.009485647 24.90733
0.01266981 26.44512
0.02190721 31.45404
0.01761431 35.30898
0.01330107 34.6461
0.007184687 32.55256
0.01114383 37.90266
0.02251477 39.43466
0.006175463 44.87263
0.001590877 39.00457
0.005430795 40.41983
0.01008007 29.42363
0.01330723 29.73729
0.00293195 30.1385
0.002536786 29.84043
0.003322618 31.7713
0.008421782 35.32426
0.004771581 32.31258
0.002099451 28.99114
0.001949539 27.58814
0.002908757 27.45775
0.007981113 29.81257
0.004066377 32.38506
0.001040703 31.58429
0.001838446 33.88694
0.02219148 30.40912
0.006091337 31.1582
0.01099317 28.38722
0.01701319 27.307
0.007664105 27.55288
0.005861239 26.00758
0.01906541 23.0603
0.01903718 27.04389
0.01337163 28.81567
0.0126249 25.99415
0.01330237 26.76877
0.02245915 27.79588
0.01116569 26.1749
0.01540679 28.73161
0.02147023 27.52165
0.004850739 31.18735
0.009573199 30.64158
0.007194416 33.2323
0.007872524 38.84758
0.006728034 37.35926
0.006712467 41.45324
0.008807787 33.72439
0.007410084 32.45509
0.005941799 28.56521
0.001731289 27.50972
0.007425557 22.96099
0.002489095 27.34302
0.003567663 27.09776
0.009090225 31.27826
0.02126749 26.77216
0.02246119 29.93051
0.01503386 30.1268
0.009568872 35.96975
0.04044956 32.13181
0.02056822 25.67679
0.02835416 26.03944
0.02224858 29.42493
0.02536778 29.96752
0.02343167 28.71175
0.02359771 24.79198
0.03426645 21.57367
0.04067499 21.5356
0.04379135 18.57541
0.02748422 18.51837
0.03584952 18.45945
0.03359184 22.33455
0.02586083 23.72701
0.04354936 23.85035
0.03437783 21.86743
0.02571119 28.17319
0.0207185 27.76208
0.0118776 29.18532
0.003789927 26.2251
0.00584134 24.79937
0.01001092 27.88828
0.007142424 27.04951
0.002942684 27.43109
0.00218813 30.81873
0.008642438 37.52607
0.006255954 34.64021
0.005734967 38.58127
0.009196015 38.16716
0.02117997 35.095
0.02037814 33.64403
0.0277932 38.0022
0.01395405 36.74539
0.02320075 36.85301
0.008819545 38.34891
0.01204935 42.16787
0.02726979 45.79868
0.01725583 48.18409
0.0148026 48.51617
0.01180683 48.28785
0.01600956 50.86049
0.002513202 49.70042
0.001938023 53.95416
0.004359642 46.46639
0.000822486 37.70598
0.001128167 38.73452
0.00581535 39.11834
0.0137171 41.13352
0.01753191 46.03842
0.02414115 37.70837
0.03218311 29.55874
0.009034189 30.01181
0.004570389 26.89525
0.004596263 25.50073
0.02603604 27.87235
0.01884212 30.04655
0.03585608 25.82635
0.05139646 26.41991
0.0130197 26.79871
0.02657186 31.3914
0.05503078 35.28714
0.03706264 41.14703
0.03148176 44.26027
0.06128363 30.63853
0.0463876 27.36677
0.0293986 27.13742
0.042612 27.36447
0.05753085 26.57477
0.04597786 28.05883
0.0512704 27.73801
0.03764628 33.18478
0.02318781 29.90117
0.03358658 28.18912
0.02465938 28.66123
0.00639269 30.47735
0.004623354 28.05096
0.00730222 27.66825
0.007692825 21.6208
0.01801226 21.48374
0.02916364 19.75368
0.04259419 19.80532
0.03803338 21.58453
0.0855876 22.70405
0.09762424 26.52406
0.0606499 21.57466
0.06764811 24.44712
0.04883086 24.21963
0.04983222 22.73959
0.03684168 27.11634
0.06203046 29.47921
0.0615366 27.56956
0.0767508 32.19127
0.07446054 30.27397
0.07084067 28.69945
0.05123278 32.04125
0.04932641 26.59987
0.06113229 21.29462
0.0622321 22.96154
0.0559436 21.63952
0.05983119 18.66355
0.03440919 18.02159
0.02183506 19.10431
0.01870704 17.22961
0.03170243 16.58305
0.04735181 18.03453
0.05126094 21.37696
0.0631654 22.52264
0.06159883 24.17095
0.03547364 29.17094
0.01360381 30.7258
0.02730838 31.74328
0.03922824 30.43366
0.04961386 29.20248
0.039727 32.18912
0.03653174 31.02528
0.0207809 38.68724
0.0224651 39.95545
0.03078868 36.227
0.01403081 27.87267
0.007196067 26.07515
0.004998455 28.13988
0.002978159 34.9247
0.005833187 39.08692
0.005286278 38.77334
0.003119417 33.71894
0.008658773 27.96857
0.008743802 29.59694
0.02000133 24.51326
0.009144606 25.40444
0.02616623 26.91378
0.02090521 25.34356
0.02734622 27.05728
0.02614557 22.91847
0.0268685 21.61062
0.0280492 23.72815
0.02877438 28.44227
0.0239908 30.15013
0.02997516 29.50829
0.01468547 21.62473
0.01255702 22.8123
0.0350644 25.4187
0.04452539 27.61076
0.05257157 31.27423
0.03640912 30.0384
0.01591335 30.20347
0.01764661 30.58538
0.03128153 29.979
0.006617787 21.63462
0.01592988 22.23443
0.03020882 20.30696
0.01886867 21.06761
0.01320402 19.84564
0.01812039 21.13106
0.01295512 24.02734
0.009993193 24.92844
0.01827759 21.52084
0.005479425 20.79244
0.009138546 22.29239
0.03490471 24.42308
0.02250775 26.66402
0.0232585 23.34565
0.02377011 23.55081
0.02401187 25.21597
0.02157476 21.2003
0.01330598 20.80875
0.00828583 21.60774
0.001371845 18.72563
0.01039478 15.91373
0.005814996 17.53907
0.005186239 19.57483
0.01928762 19.53961
0.01867005 20.39511
0.01803539 17.90879
0.01613765 24.01268
0.03924959 25.49683
0.0362335 26.15903
0.04303951 26.52114
0.02877774 24.96441
0.01767926 32.78467
0.004891647 37.28123
0.02088967 35.46276
0.008813345 37.38176
0.01852833 39.9887
0.0165046 40.94333
0.009195575 42.16658
0.0008333338 40.85131
0.001075826 41.13374
0.002001962 37.59006
0.005358999 36.21203
0.01129063 33.39909
0.02136767 33.02333
0.02037207 37.59607
0.006484321 39.65972
0.00485985 41.91343
0.007465446 39.41931
0.002036532 42.47766
0.002446448 43.93065
0.007508634 45.25199
0.005698003 43.74336
0.002721713 43.90432
0.001543525 47.79869
0.01820268 48.57222
0.03380872 45.07878
0.01717849 44.42672
0.01621194 50.7521
0.01342491 49.44005
0.004076333 60.321
0.005903357 64.19041
0.002303954 55.26639
0.002464119 70.11958
0.002349787 65.63802
0.001230171 66.82709
0.007559387 58.69417
0.007918077 62.90955
0.005022751 74.81034
0.006201344 72.93837
0.002754007 68.75999
0.009929915 67.14337
0.02186814 67.35199
0.01305257 59.37828
0.006397935 50.17102
0.01367939 51.11105
0.008134698 52.082
0.00304 62.55223
0.003758443 70.6754
0.004742654 69.36284
0.007667079 64.70828
0.007779121 66.18975
0.00281867 58.11875
0.0002925724 58.92672
0.008711438 53.12321
0.01440842 65.52404
0.01041667 68.46526
0.009506047 72.58475
0.005182699 63.58186
0.0008295888 71.24032
0.002173995 84.92361
0.001122621 84.38285
0.003216116 96.18399
0.007340347 122.2836
0.00822925 105.3595
0.004153367 116.1978
0.001061179 116.6667
0.005617799 116.1801
0.006168026 114.1285
0.01067869 101.1655
0.0102591 115.8675
0.008835243 98.58481
0.01299032 116.2446
0.01227277 128.8206
0.007959319 108.6567
0.0005068729 120.4945
0.001796577 136.3754
0.004779137 142.3194
0.01556771 127.0492
0.028171 120.9504
0.0117021 117.9806
0.0158212 122.1716
0.01168982 115.02
0.02660162 123.3155
0.03567995 129.1404
0.01388699 116.9903
0.01226247 144.9022
0.00429705 126.5183
0.0003240711 112.5621
0.002415702 130.7841
0.0006504261 122.0903
0.002086814 119.0954
0.009999498 112.2156
0.004497012 92.68968
0.003028142 112.1585
0.0003329925 103.8103
0.007933159 117.158
0.003441344 102.2506
0.0007281177 107.3727
0.009148725 125.1114
0.006142381 138.3805
0.008433143 143.3873
0.01453524 146.9196
0.01263303 145.1781
0.01428699 124.7666
0.02439558 128.5156
0.007863767 139.1179
0.003833301 157.6627
0.01189489 159.7617
0.006443255 142.1048
0.006644172 143.1024
0.00664061 119.2916
0.000278063 105.9235
0.0005231133 81.46891
0.00702947 75.24369
0.00129246 65.94216
0.008766321 67.45481
0.01509819 55.89086
0.01002769 60.91988
0.009104248 59.40839
0.01245981 56.77234
0.01881847 63.4051
0.01482731 56.76365
0.008918939 53.90947
0.01334711 47.68972
0.01105889 54.77906
0.007313037 49.47504
0.009683531 52.84242
0.02102254 56.01497
0.02927299 62.43133
0.02076573 57.78386
0.02515533 48.35077
0.02368571 47.19816
0.01495104 50.24765
0.02152858 50.99071
0.02218132 53.13374
0.01465634 59.55279
0.01259955 55.74251
0.01617306 55.86363
0.0187949 52.69942
0.02076436 55.9574
0.02805264 57.37531
0.02796206 42.66627
0.06178834 41.32945
0.04227696 40.02634
0.04373866 33.52288
0.03314412 32.45411
0.01398994 33.22577
0.006761528 33.65189
0.006879752 32.83353
0.02391816 30.3195
0.01340915 30.6116
0.008166744 28.24448
0.008841481 30.98943
0.01777028 30.84764
0.009397563 30.24
0.01562714 33.0195
0.02775321 34.04854
0.01587749 33.01455
0.01812332 31.61486
0.0062193 35.94673
0.01444594 36.60068
0.0240835 33.72155
0.02257202 36.17927
0.01151648 45.89285
0.03333072 46.61242
0.03892243 44.35194
0.02362638 47.94564
0.01245247 41.59973
0.01460551 38.03615
0.01532381 38.00016
0.006217931 36.89259
0.01004255 34.89502
0.01051703 32.73347
0.004826911 32.84502
0.0104698 32.49945
0.01445139 34.31443
0.02614253 35.73727
0.03698621 34.07688
0.04025852 35.22732
0.02209103 38.65533
0.01701138 40.07754
0.009940004 32.32897
0.01438214 30.70644
0.005921643 27.20223
0.003753096 26.8755
0.003052198 26.21044
0.002702285 22.54821
0.004408255 18.70601
0.004131458 21.61655
0.01705827 22.44733
0.02540163 26.63148
0.01210858 25.3995
0.02141481 26.75219
0.03063625 26.93603
0.03499709 28.11778
0.03822785 29.3697
0.03018933 26.77886
0.0137009 22.4405
0.01606877 20.00197
0.02246111 19.97151
0.03683602 21.38829
0.04025625 21.43881
0.05168715 22.15817
0.03816477 21.52514
0.03005386 20.88062
0.02738955 20.44557
0.02959135 20.73577
0.03012183 22.53523
0.01399078 25.28387
0.006684209 26.02432
0.005794513 29.98269
0.01659291 33.84878
0.007151012 38.00864
0.008770035 45.27053
0.002394003 41.36537
0.0009065167 39.59596
0.002418161 47.62213
0.001191704 48.77822
0.004192314 52.79446
0.003152051 47.68972
0.002213683 42.07447
0.00827259 36.21416
0.0003822216 40.23223
0.006673098 47.69481
0.008477341 42.34475
0.005116374 35.89503
0.003178315 35.68198
0.01138541 38.12647
0.01590206 44.11925
0.008492956 44.01719
0.004490061 48.01989
0.00405203 50.64849
0.01468614 48.31914
0.006770728 46.57476
0.001414604 35.98833
0.001655172 35.29408
0.0005595927 38.29539
0.009688529 38.85981
0.004587774 40.6426
0.005077838 41.17821
0.01556322 36.33422
0.01063385 40.47574
0.02195701 43.55285
0.01145431 43.746
0.008441776 38.72838
0.01330597 46.94286
0.002715915 46.6487
0.001086419 46.65269
0.004606622 45.64073
0.01276263 49.79574
0.01268746 48.7737
0.01014274 51.36479
0.02022981 56.23797
0.02628902 59.50648
0.03108559 53.103
0.02873858 56.09135
0.01897806 62.99255
0.01874469 66.78469
0.01818972 64.57216
0.004714451 71.24345
0.002323938 77.2767
0.0009211074 68.16636
0.005688798 67.25207
0.004857284 63.48945
0.004394154 71.00676
0.008415774 65.85221
0.00423846 60.09785
0.005404775 63.6157
0.002602589 75.36424
0.004152402 81.58139
0.006538018 70.4984
0.006149902 60.75335
0.01157358 54.13221
0.002332564 52.11951
0.002190922 46.21634
0.004811392 44.3866
0.01379792 43.12518
0.009106876 35.13154
0.005348607 38.46112
0.004738706 34.08575
0.008168029 36.88836
0.005749196 35.02856
0.00324455 34.27896
0.00115821 35.89509
0.001963522 37.96065
0.003702772 31.9383
0.02337846 37.55935
0.02268288 28.58261
0.02962668 29.70134
0.031809 27.52033
0.04314092 29.37264
0.05168949 25.78399
0.03154345 26.32056
0.03242614 26.71704
0.03782113 25.6309
0.01893787 27.82837
0.03578298 25.54309
0.03151991 24.4357
0.03400906 24.21705
0.01963764 21.7329
0.02898899 21.12278
0.0162842 20.47076
0.008334254 23.68723
0.01122149 26.30863
0.01532486 28.11639
0.0008195246 28.36718
0.004829389 25.3903
0.007006387 28.08365
0.009293274 29.9462
0.005363682 27.31288
0.02173518 24.28992
0.02536315 26.62641
0.02673241 25.28101
0.01660244 24.73143
0.01429833 25.91336
0.009751551 29.06179
0.007131389 30.75867
0.01316374 32.43264
0.01420149 30.75625
0.01053863 27.40942
0.01847077 29.5887
0.02618817 33.75059
0.01354179 35.58883
0.01265325 30.33744
0.002424456 35.24277
0.0002427733 35.17922
0.003363955 36.14412
0.004125741 35.35248
0.00653638 27.78033
0.00551356 29.70704
0.003488872 34.62354
0.00325503 37.52297
0.01140942 42.70487
0.02008204 41.17854
0.02357513 38.36713
0.00300317 43.10516
0.006138325 40.60207
0.009513121 35.7707
0.00764189 42.33248
0.01108506 42.0869
0.01960494 47.22874
0.01073669 51.06196
0.007983059 47.16068
0.007342826 45.28051
0.02131069 41.65343
0.02801137 35.36617
0.03442152 34.59778
0.04306818 27.54355
0.04821935 24.76452
0.0292668 28.65279
0.02659633 26.1736
0.01464593 24.99625
0.02026121 24.46593
0.0258783 23.47051
0.02418807 27.38121
0.02450447 23.9152
0.05349605 27.25831
0.02793768 24.50149
0.009151845 29.31552
0.008127186 27.57981
0.00595624 28.15174
0.008446209 29.20772
0.01107834 30.53087
0.004346186 34.15548
0.007723548 34.33616
0.02943254 43.59646
0.01866318 46.15163
0.01286983 42.28287
0.003547708 42.89582
0.01603686 44.34787
0.02447192 40.81012
0.02894092 42.49726
0.01298842 43.83884
0.01018795 42.03169
0.007749488 44.89923
0.007722969 45.86283
0.01417832 47.86776
0.007425091 46.06651
0.009661369 44.8127
0.01782589 47.75202
0.02084343 44.82346
0.02249718 43.73645
0.01510038 50.875
0.01228222 49.20265
0.005978002 50.16285
0.00911422 47.82911
0.00279856 51.13004
0.006313672 45.9416
0.01361852 50.56687
0.02870065 47.10541
0.04123451 44.2575
0.02741488 41.61568
0.03972856 38.42225
0.0318236 38.6484
0.02680156 29.35028
0.00786769 33.98103
0.003901196 40.95628
0.01119148 36.71851
0.02367989 34.4587
0.02001464 34.35362
0.04606599 35.42702
0.0409714 36.25046
0.03338151 39.82327
0.01063349 46.09543
0.009080697 54.58021
0.01248259 46.48735
0.01602474 45.9714
0.02196888 50.19661
0.02624474 45.17272
0.008234761 48.25362
0.006701227 46.0246
0.004590074 53.58367
0.008392011 61.88697
0.006481031 59.51314
0.004067711 59.52665
0.004670062 50.94255
0.008563634 55.35759
0.0226631 61.11841
0.02400305 57.10438
0.03643298 44.21331
0.04032838 40.88088
0.04977192 43.07132
0.03925293 36.33365
0.02073506 38.74828
0.02759544 42.44372
0.02173456 43.40199
0.03471762 41.50909
0.03814555 32.56621
0.03940687 34.60198
0.04647939 31.42166
0.04595388 38.57968
0.03010567 34.82901
0.0179695 36.38773
0.02132008 30.81744
0.02707683 31.24861
0.02227643 32.15886
0.01212754 30.08021
0.01011187 34.55613
0.01668517 36.7678
0.0215359 34.55217
0.02014101 42.39421
0.02339167 40.62335
0.03615998 44.75173
0.03392197 43.42407
0.01695081 38.5071
0.02217508 30.79279
0.02253283 36.51475
0.02015139 35.6329
0.01779758 38.2096
0.003729634 34.47106
0.007727548 39.18816
0.01047056 42.57831
0.04292214 42.32109
0.07062995 42.25408
0.0429892 34.84876
0.06469878 38.96559
0.04914386 37.40401
0.0305916 35.34404
0.03511318 37.33741
0.04093333 33.86249
0.04067947 37.74774
0.03196937 32.87423
0.03594908 30.40892
0.03012453 38.99665
0.01983995 30.82198
0.03550486 32.90654
0.02074846 23.50959
0.03211639 25.20988
0.03236632 29.34382
0.02744299 33.33471
0.02660016 30.4626
0.0115438 30.63747
0.01819676 33.86338
0.01912074 27.13925
0.02310893 31.76654
0.01153084 31.61257
0.009250876 32.62495
0.01142212 30.54448
0.001250668 33.12007
0.00136329 34.00945
0.003618534 38.92659
0.00346277 38.64632
0.003298945 32.71131
0.007718432 35.5428
0.01816301 34.87275
0.02453709 35.12682
0.03343601 37.62582
0.01992156 35.70048
0.02937677 35.52217
0.02824681 37.75275
0.01252005 38.51973
0.022644 31.87899
0.01391011 34.88728
0.008279026 39.47158
0.01055374 37.3563
0.008713466 34.03685
0.004761852 31.95257
0.004245555 30.15256
0.002763998 30.07498
0.003590834 26.42639
0.007461424 26.46692
0.01401126 26.64001
0.02350756 28.96911
0.01756949 30.51781
0.02263746 29.54575
0.02446292 28.72463
0.02600303 35.41234
0.04595061 32.96966
0.04693407 35.67302
0.03296897 37.59402
0.03128944 36.36163
0.03196386 31.97299
0.01378267 34.553
0.01204652 34.49964
0.00887985 39.58948
0.01520934 37.51874
0.01542266 32.69923
0.02971068 37.08807
0.05795678 35.7328
0.04533305 31.26129
0.03930738 32.16231
0.04319906 33.28474
0.02351189 31.54659
0.007638977 30.54208
0.02868666 31.13473
0.007313889 32.5166
0.004380395 30.96584
0.01134775 28.98428
0.009153715 33.39959
0.005406415 37.98377
0.01307431 35.22534
0.008956759 35.98407
0.01669548 29.81196
0.02564702 28.69832
0.01807719 26.71946
0.01019207 32.46763
0.01705842 32.35423
0.00505153 38.14504
0.01792489 39.63584
0.01735914 41.21419
0.008200703 41.00425
0.01727828 43.9493
0.02356367 47.91652
0.01615767 42.9455
0.0106178 44.79582
0.01530841 48.78473
0.02139543 61.71629
0.04117969 60.07524
0.02838764 57.25212
0.005351059 60.00562
0.01568851 63.36004
0.01294429 59.09845
0.00700649 61.74128
0.006063438 52.26714
0.01604241 48.99397
0.02186774 49.03138
0.01327287 59.3659
0.002355934 62.6496
0.00129638 63.87972
0.0009095954 61.51162
0.005615045 74.18455
0.008438443 85.56656
0.001421664 84.53668
0.00741473 70.39943
0.007694234 82.46524
0.01220474 72.56805
0.006342741 83.37036
0.002198452 92.86823
0.002962963 96.30305
0.006788017 90.14439
0.006195603 73.50787
0.005795871 79.74903
0.001471577 93.11433
0.002364173 85.27836
0.005547869 98.03804
0.0006894279 110.1771
0.001398845 124.1007
0.001868532 124.907
0.0008095483 112.8854
0.007287782 107.8047
0.02173654 95.45211
0.01097845 108.3641
0.002758678 103.1978
0.009643533 111.4971
0.002032335 100.7438
0.005065454 103.1246
0.004364125 100.7302
0.02044169 100.7916
0.01611246 112.6292
0.01250461 94.34228
0.01665402 93.84738
0.01876484 86.89643
0.0152707 90.01735
0.007531701 83.82378
0.01165526 67.07013
0.005800956 69.37333
0.007105474 76.53158
0.005756704 65.15452
0.0107712 72.62605
0.005611003 92.31588
0.003630415 79.91863
0.002934804 90.57714
0.004989907 80.10916
0.002827895 77.10219
0.01560236 79.001
0.01002705 69.18951
0.02233993 60.85135
0.01185657 57.97499
0.009646344 52.28432
0.01019046 48.21647
0.003402728 52.30587
0.01546415 56.26278
0.004061913 65.39317
0.006348054 54.5381
0.01031975 53.56694
0.02529028 63.06688
0.02025611 66.47133
0.03559481 65.38005
0.02816916 67.74107
0.006217994 70.3301
0.00509831 84.83619
0.01420674 69.55986
0.01242058 65.6381
0.008868627 65.53475
0.001723668 66.4734
0.0003261728 69.99059
0.004613242 69.39989
0.007755933 67.52873
0.01092315 78.65011
0.01215314 71.79461
0.006830627 77.43333
0.004014813 64.03421
0.005477381 70.89274
0.01444781 73.46955
0.02101398 67.41652
0.022303 65.43183
0.01197897 61.54193
0.02483584 59.0681
0.03396295 58.07538
0.01858159 47.62581
0.02297341 54.00132
0.01348944 59.49925
0.007063331 54.38618
0.006085161 48.87778
0.01689457 49.75186
0.01071758 46.89801
0.0232926 46.03651
0.009723811 44.20374
0.01370491 39.4193
0.005580092 39.093
0.01494256 38.90404
0.01551589 43.27606
0.01817361 35.88175
0.01023587 38.691
0.007839973 41.52808
0.01279694 59.42751
0.02532212 57.30692
0.02559953 55.77067
0.01313927 49.8456
0.01812988 42.6183
0.004857436 38.04074
0.009729189 32.62498
0.01370075 25.78052
0.01742282 24.54165
0.007737462 22.36804
0.007290337 24.61118
0.02023216 23.8789
0.02295732 23.99285
0.04641973 23.93163
0.04573952 23.41172
0.05514371 22.73881
0.04041805 19.31852
0.03245031 16.89284
0.02328045 17.05372
0.01631976 14.77343
0.01509539 14.79934
0.02090453 13.33798
0.04297721 12.08034
0.05267696 11.16548
0.044137 12.27411
0.03099807 15.61703
0.02945189 16.58873
0.04397443 14.07585
0.03584098 14.87974
0.01345865 14.35737
0.02250623 14.81488
0.0330778 14.31019
0.02624819 14.00497
0.0194526 14.01933
0.006326129 14.66731
0.004675044 15.97171
0.01807875 18.82042
0.01107847 19.82762
0.006581604 20.62849
0.00913763 18.6912
0.003816707 16.46435
0.001219475 17.61379
0.003308053 16.77686
0.01130968 17.67338
0.01859001 20.09271
0.01824542 23.43575
0.02267829 28.45863
0.01560097 27.17375
0.009601431 26.51769
0.00646243 31.71313
0.0281515 32.48065
0.0528361 32.8771
0.06570117 33.69792
0.04146994 35.91139
0.02175496 30.08057
0.01835067 33.72815
0.02234654 34.18723
0.004619564 34.17349
0.002460085 36.1399
0.008345591 35.54193
0.00606049 42.45816
0.00684809 43.58332
0.01317654 47.51399
0.01609878 47.39023
0.01160462 53.66384
0.02307064 60.85127
0.02343194 54.45225
0.03361889 49.6074
0.01295213 52.38002
0.006861468 50.77588
0.006876507 49.33717
0.006967728 56.31905
0.01287793 51.48175
0.009434045 44.94069
0.01572614 47.73944
0.03299975 45.38234
0.02436016 41.50912
0.009528295 40.406
0.004972819 38.10613
0.006761422 42.01894
0.01494874 50.77738
0.02102362 47.17626
0.02085131 38.57266
0.01687703 44.79049
0.009541115 39.64927
0.0090665 38.08496
0.01418273 43.03866
0.01641319 40.17101
0.02722989 39.04332
0.01646966 37.9095
0.02025824 39.26481
0.02510766 43.7639
0.008380369 47.12412
0.01700732 48.77216
0.02302228 48.6658
0.01698576 48.15546
0.01144025 41.94216
0.009048952 40.43515
0.01262405 39.28198
0.01429283 47.99164
0.02432285 39.66425
0.01723731 38.01847
0.02585333 32.91888
0.02368031 32.26461
0.02146936 33.46577
0.02533395 37.66501
0.01699438 42.19459
0.008250659 45.266
0.01341552 47.64476
0.007173793 51.09872
0.004328252 49.05643
0.00323952 59.82736
0.0101364 77.97468
0.01136684 83.29219
0.01270097 77.03459
0.01508852 82.25052
0.02398151 77.34498
0.02075475 62.57702
0.01586204 56.34946
0.02345295 58.96081
0.02369539 49.57682
0.03253281 59.62279
0.03958599 62.51538
0.0375026 59.0535
0.02016247 65.2644
0.02397123 60.16189
0.03671562 58.12156
0.01702702 54.58433
0.01480152 46.63305
0.009135651 41.4791
0.02179756 40.21742
0.01861196 40.2753
0.01989166 37.44817
0.02255649 34.94777
0.02904618 32.70353
0.01102447 35.32099
0.002693777 27.65929
0.008877358 27.82748
0.008614438 35.49777
0.004913815 30.87511
0.0006483324 31.11604
0.002666372 36.28579
0.009499538 33.38476
0.003128674 39.29602
0.004193023 36.08257
0.001374802 31.92147
0.005019078 33.08785
0.006789726 33.11562
0.01102916 29.24147
0.03517015 28.63923
0.01620304 28.18185
0.0240587 26.79688
0.01329329 27.63545
0.02215503 25.67695
0.01840956 22.18214
0.03260399 19.02818
0.04088212 22.79614
0.0257323 27.70395
0.03339915 30.9169
0.03842359 33.50554
0.03982086 34.00262
0.05223288 26.26326
0.03100133 30.4049
0.05756023 26.4521
0.04364414 21.81291
0.03335763 22.65827
0.03952622 19.73886
0.02023801 21.94906
0.01136532 20.32994
0.03311814 19.56844
0.03197893 17.01424
0.02277429 19.29963
0.01639218 17.04268
0.01997316 15.84311
0.009798302 17.94325
0.01518179 16.65333
0.02479583 16.35495
0.04006331 18.43566
0.04052491 18.94902
0.03358697 19.80968
0.02506103 18.55103
0.07148937 16.27912
0.08785891 18.63962
0.05158816 17.46577
0.06472478 18.90773
0.04081029 20.15012
0.03050325 18.93733
0.02018115 19.16035
0.03254153 17.88508
0.04568794 15.1671
0.02612764 16.89031
0.02121808 14.80099
0.01708817 17.55163
0.01023099 16.62232
0.01551416 17.31074
0.02318185 22.15525
0.02747034 22.6907
0.02870619 17.51597
0.0126526 14.6058
0.01358466 13.18572
0.01348735 12.93605
0.003986533 14.55341
0.0048471 14.51675
0.004422858 14.42825
0.01480537 13.97127
0.01679009 18.37885
0.005477137 19.79559
0.0007459306 18.70401
0.00117596 19.58646
0.004362261 19.8257
0.003309216 22.23594
0.005732396 21.86584
0.001785298 22.45863
0.009156904 26.19999
0.01565134 23.53207
0.0101905 22.1117
0.006630618 26.66826
0.0169041 27.00305
0.0335722 29.08689
0.0378111 30.08184
0.02720837 30.84026
0.01146385 29.25808
0.02364963 31.97492
0.0267569 32.30013
0.01252421 27.38224
0.01171789 23.50648
0.01109357 21.95194
0.01017061 24.42383
0.007839914 26.55393
0.02852755 32.07153
0.01272537 28.59422
0.007556401 25.99843
0.007224888 26.84355
0.01231473 27.45136
0.02906011 34.5437
0.03963092 32.75054
0.01757904 33.91775
0.0056481 23.78593
0.003421705 25.31462
0.007739881 23.61013
0.002849498 23.92119
0.002802857 27.59713
0.004483243 23.42652
0.002781451 29.84685
0.003989584 35.03432
0.006769871 40.51593
0.01116765 41.3116
0.01674995 35.96253
0.02808949 31.19942
0.02219646 33.33062
0.02359489 25.6767
0.03158605 23.31943
0.02443915 22.55865
0.0263885 25.76718
0.010541 25.37597
0.008981414 22.61634
0.004175835 22.83278
0.0009533817 22.00672
0.001230597 17.73388
0.007498999 18.23414
0.004614414 19.0659
0.008141779 17.63296
0.009037638 20.40178
0.02307868 20.73316
0.03213528 17.26457
0.02945609 19.76619
0.03485413 22.63086
0.02798608 24.57497
0.01020269 25.05665
0.01431497 25.27649
0.02120739 25.00937
0.01812489 27.67164
0.01195408 29.20536
0.02814132 30.81627
0.01173134 30.69231
0.01378016 34.40699
0.006414608 40.99372
0.008909698 39.3977
0.01375785 43.6187
0.02269277 36.15053
0.01552933 33.8106
0.02647873 27.68647
0.01409398 26.35661
0.02441405 28.29812
0.01266865 26.79402
0.03699034 27.27597
0.05454417 27.29
0.07261928 29.50991
0.07939023 32.41503
0.03599673 29.56446
0.02530145 31.5365
0.02404382 28.73469
0.0275305 30.44088
0.01735226 31.36876
0.02222387 32.01414
0.02679531 34.62894
0.03379827 35.85528
0.04795667 32.32572
0.05972832 37.96166
0.0589925 32.94291
0.04732942 36.6417
0.02712277 33.86939
0.02372107 36.02785
0.009102481 31.27388
0.001958871 30.94664
0.005770494 32.16494
0.01021395 35.86682
0.006479944 41.96526
0.01288544 41.54923
0.00541225 39.60027
0.0037912 35.96092
0.01199028 47.69885
0.0154699 45.40091
0.01298283 48.96635
0.005309437 49.78014
0.0006638321 58.47128
0.001480827 51.93284
0.008461864 50.78372
0.002600652 47.90186
0.01224738 52.43035
0.01724755 60.64687
0.01758958 61.18405
0.0364163 56.77745
0.02449714 54.41454
0.005553359 48.16983
0.001595998 47.89108
0.0009214407 46.52352
0.002844044 37.48291
0.01171966 45.55875
0.003114071 41.59987
0.01092212 42.22304
0.01086505 50.82897
0.007307322 55.51042
0.002448326 54.45285
0.00217484 55.10051
0.003517301 66.09935
0.01117679 48.21477
0.008204181 48.50168
0.005843091 50.00032
0.003647294 54.1534
0.005390722 48.14912
0.003321521 49.35251
0.002378988 43.65398
0.00191095 47.78367
0.01694735 50.38176
0.03194259 52.21338
0.03953108 53.22642
0.04068237 50.35782
0.02436904 48.09696
0.03101612 47.38665
0.02314035 46.1846
0.02655058 45.44992
0.01627862 42.76887
0.02406201 51.64675
0.01272857 49.14808
0.01014286 45.45932
0.02089828 42.97125
0.01533105 42.20107
0.04102659 37.49149
0.03739571 35.5106
0.0340967 34.73024
0.05282221 33.27868
0.05111693 31.28669
0.02480493 28.53959
0.01929978 27.10154
0.02000652 26.59968
0.003561747 24.998
0.005586011 23.6277
0.005712618 24.30146
0.006142032 27.6745
0.01354516 23.96581
0.02561225 23.45784
0.03907393 21.35608
0.02353804 17.24116
0.05626777 15.03112
0.01191159 15.44746
0.02360808 15.80522
0.01479489 14.41762
0.01358368 15.7114
0.004746776 17.34357
0.01011746 16.10117
0.01857805 17.22792
0.01780247 17.59327
0.03506304 21.03932
0.01662517 20.25485
0.01413656 18.0967
0.0174529 14.1831
0.01660414 15.69034
0.0236108 17.94412
0.01516905 20.97394
0.02079633 22.07742
0.00682402 23.45412
0.002914784 27.02059
0.00975718 37.85218
0.03341057 35.96362
0.03004727 33.10673
0.03021624 37.80651
0.01703025 32.41509
0.008763813 34.25828
0.01211505 29.91624
0.005059009 28.08123
0.01517657 28.36315
0.01967207 22.67929
0.01426259 23.81716
0.0121916 26.59805
0.02576897 27.52508
0.04024329 21.35841
0.03056653 18.25447
0.02350329 14.56625
0.02996072 14.84731
0.02493402 15.32722
0.007025183 13.29704
0.00207247 12.42132
0.01083619 13.04784
0.03077114 11.52093
0.0226793 12.67985
0.03618689 10.96221
0.03637198 10.35889
0.02415452 10.62818
0.01350786 12.66679
0.01115499 14.81697
0.003201815 14.88202
0.001438277 15.04365
0.003858172 17.87037
0.004494702 17.71206
0.001965337 23.35286
0.008854173 21.53641
0.0207009 19.91792
0.01967269 18.49567
0.02553723 20.501
0.01809479 21.71004
0.02065982 23.47574
0.01859614 23.47552
0.04277011 23.01436
0.02259599 25.46835
0.04296489 26.68902
0.03889302 20.76451
0.05863319 21.40409
0.0233486 21.4398
0.01562209 22.69085
0.01016671 23.23286
0.0154226 22.21883
0.01741889 23.57542
0.006548084 19.46394
0.01264448 16.35402
0.01342458 16.5723
0.01404396 16.42922
0.006962139 16.07563
0.0112054 16.05859
0.03049255 15.44205
0.0215156 13.35781
0.01549276 15.50461
0.01915975 16.74256
0.005280769 16.4193
0.01162899 17.63828
0.01388772 18.73543
0.004696547 21.23403
0.004701442 18.70758
0.004743091 19.14943
0.00477951 21.47596
0.01548496 19.61159
0.01049173 23.4508
0.01713933 25.05634
0.01764666 23.05645
0.01865775 22.56759
0.01437804 21.26959
0.01185134 23.27392
0.01681301 24.92164
0.0145024 23.6473
0.02272758 22.55632
0.04708784 21.85024
0.02985019 20.196
0.009334564 24.17802
0.01433683 23.58171
0.02074769 21.51611
0.007086396 19.41293
0.01531924 14.49346
0.01957317 13.63436
0.01568294 14.35482
0.01506981 15.707
0.03418353 15.08441
0.05030215 13.14303
0.05253677 14.10416
0.04583021 15.73829
0.04130477 14.8824
0.05343144 15.9011
0.03100629 16.89199
0.01565117 18.69297
0.01045058 20.65486
0.00635325 22.43521
0.008154238 20.61003
0.001133363 17.8628
0.004330512 16.61673
0.01273918 13.88908
0.007722914 11.95816
0.00651235 12.35553
0.003569722 13.16488
0.004255331 13.57089
0.003260984 13.87432
0.006925131 11.94215
0.004573826 15.32353
0.005280933 17.15412
0.05696408 17.00962
0.02904011 16.81071
0.02542019 18.50512
0.05468592 15.76939
0.07068439 17.25507
0.0466322 19.47316
0.04030323 19.74645
0.0532242 17.7853
0.06548681 15.94797
0.04068859 15.22929
0.02962498 14.21791
0.01003239 15.44719
0.01044483 16.06684
0.02630205 17.76662
0.02393025 20.81803
0.02977035 20.96862
0.02182081 25.8755
0.01486544 32.25639
0.01690264 31.83408
0.01810188 27.16642
0.03100474 27.41525
0.01661649 28.07821
0.007006069 30.1632
0.002766408 28.18292
0.003471552 26.68557
0.002920384 25.38224
0.001352876 22.49014
0.0055124 21.59207
0.005601851 21.05103
0.01454823 22.69957
0.00448834 20.40626
0.004872017 20.64733
0.005448554 21.97595
0.004210148 23.28167
0.005218389 22.23009
0.01084492 22.5961
0.007170012 18.02219
0.01460823 18.5322
0.007678184 18.66334
0.01504668 16.95163
0.01390322 18.78641
0.001428391 17.88135
0.007252758 16.31965
0.01492328 15.95019
0.007540738 17.37704
0.00670281 17.21029
0.01202203 14.96303
0.01104303 14.5182
0.01333214 15.2555
0.01565404 15.9509
0.02313752 16.70714
0.02103502 15.89724
0.02684986 18.76194
0.02496112 18.86332
0.01681366 20.01299
0.02151363 21.3747
0.003837675 22.34761
0.01043549 23.20726
0.004347553 22.29793
0.008814594 22.48489
0.008546376 25.03275
0.007286216 24.92377
0.009731053 28.31636
0.007940493 33.66564
0.005014176 30.88255
0.007478573 29.50468
0.01529921 30.00687
0.02092639 27.69155
0.01820379 23.68426
0.01549263 26.44604
0.01183647 30.08201
0.002509026 31.34785
0.01746996 30.19619
0.02830933 29.69399
0.008642424 28.45819
0.007418765 24.3911
0.0144949 19.28485
0.01950978 20.17017
0.0138091 18.1819
0.02044586 16.98076
0.01751259 20.3375
0.03060889 20.80942
0.03730137 20.53349
0.03820949 18.74681
0.02663599 17.89745
0.01838707 17.96593
0.01180713 16.78993
0.01801145 17.57213
0.01157334 15.93776
0.002141725 18.6544
0.005561753 19.4214
0.01537347 19.99471
0.01528086 18.91935
0.005176646 19.18459
0.01650437 21.07051
0.01388184 19.60285
0.02001951 25.79411
0.01891175 28.2084
0.01477588 26.60815
0.04112757 24.99733
0.04775975 26.47728
0.02889151 28.87319
0.0525053 27.12889
0.05986199 25.33683
0.02648985 24.87675
0.03563352 23.00473
0.0134914 22.93214
0.02090486 20.86436
0.003256972 17.73338
0.0002841304 19.12183
0.007949497 21.98603
0.0106443 24.64223
0.01747209 26.5392
0.01861144 29.70144
0.008436007 31.33129
0.006928998 38.03123
0.008236034 33.73072
0.008536977 31.79708
0.0110239 32.48473
0.00416741 26.91941
0.006605639 26.62856
0.00825391 29.9626
0.007159787 30.51201
0.006854454 31.85709
0.006548859 33.88826
0.005973162 34.59976
0.004536004 35.17193
0.001578613 34.10711
0.00112692 32.28384
0.0007274698 35.63622
0.005146205 29.7029
0.002664284 29.83939
0.001496232 28.51688
0.01539701 25.76793
0.04391271 27.7522
0.0606491 30.40959
0.07156955 27.24328
0.102213 26.38587
0.07195625 28.10744
0.04513243 33.22305
0.03517897 30.26538
0.01453615 32.48906
0.01837521 36.29902
0.0196771 31.82981
0.02406283 28.05648
0.01170065 23.6722
0.01473699 24.68404
0.01836957 28.62022
0.013937 31.13941
0.01351166 26.77736
0.02118532 22.03874
0.009505044 23.21409
0.01342712 24.09338
0.009176949 27.02479
0.02626766 28.3197
0.04426408 26.35432
0.04177415 21.39034
0.03516132 21.93433
0.05568278 23.40307
0.06542921 23.20898
0.04036065 22.44136
0.04566802 22.02141
0.03081766 23.01098
0.03400217 21.58541
0.0197334 21.02071
0.02004383 21.56074
0.02247496 16.49633
0.01519223 15.46103
0.01414477 12.81024
0.01716855 12.68525
0.01652937 13.13977
0.0127586 10.6452
0.01176389 11.15257
0.003064621 12.84792
0.002002621 11.18615
0.006384562 12.04141
0.009595874 14.70787
0.003478503 13.6442
0.00336746 14.49224
0.01447839 14.73481
0.01444923 14.12079
0.009906283 14.52819
0.007343918 13.90944
0.01898243 13.65336
0.01096722 15.66921
0.003971767 14.45193
0.009272742 14.30048
0.02244347 18.05907
0.04770256 17.6929
0.06854527 20.05545
0.05408304 19.75861
0.05058547 21.12366
0.08092535 18.59935
0.05244613 21.04008
0.05046962 20.77534
0.06015258 19.15922
0.02102167 18.63905
0.01305174 21.84516
0.006824919 18.54745
0.007301742 18.68994
0.008806577 20.0096
0.007482203 24.64069
0.003596449 24.99062
0.002831363 21.91189
0.006677441 22.86952
0.006625305 24.5416
0.003582706 24.01402
0.004356908 22.14939
0.002698401 21.84639
0.007908595 21.22928
0.01749668 20.49021
0.008906962 20.36839
0.01590108 20.84898
0.01726891 22.05509
0.005409093 24.97958
0.008714807 25.53725
0.003705202 23.87636
1.501459e-05 28.04086
0.005630277 27.64299
0.006897561 29.35019
0.01850606 29.29477
0.0168934 34.89191
0.02046761 35.69824
0.01227875 32.64769
0.03844442 30.36636
0.05700264 29.34114
0.03986882 23.74667
0.02422524 23.34824
0.02933209 25.63587
0.02463222 27.89612
0.02122063 26.72274
0.01937217 24.79553
0.02480755 25.13105
0.01533032 26.4013
0.02521394 23.34456
0.03701994 23.00527
0.04168411 29.28225
0.04696099 27.58212
0.06532497 27.40441
0.04996481 24.34657
0.04080141 21.63711
0.04894117 20.14032
0.02659474 20.27017
0.03924838 25.36691
0.06136258 21.62903
0.0803405 24.45534
0.06040262 23.99022
0.02734327 28.33324
0.0324361 26.74607
0.05916369 24.04283
0.03606595 22.55034
0.03860984 26.20851
0.01958024 31.81802
0.009835213 36.72596
0.02747912 30.78813
0.02959436 35.84084
0.03592903 30.92512
0.05038182 29.62849
0.03710072 30.55912
0.01339361 30.42028
0.02569683 28.48149
0.02567414 26.76924
0.02469068 26.8698
0.02135527 32.94356
0.01791968 38.99474
0.01117059 38.34239
0.02003645 36.14001
0.02084229 31.78923
0.01902787 34.03322
0.03850377 32.47875
0.0325815 32.29555
0.0268755 34.41858
0.04428436 29.22582
0.03474173 26.23606
0.0214167 25.1749
0.03949897 26.50871
0.03605278 22.72285
0.04157172 24.79038
0.03899427 28.204
0.03563181 30.6159
0.02649802 42.43424
0.03069308 45.15151
0.03808578 40.97579
0.03342974 37.63108
0.02667512 36.92659
0.03108244 34.24716
0.01871941 29.90735
0.03984518 32.67078
0.02609842 39.08232
0.02303358 37.16385
0.02130589 40.98608
0.01592737 41.08113
0.02333551 36.03713
0.02635452 38.41963
0.03451065 33.83045
0.04948132 33.74559
0.03894007 32.29832
0.04353783 35.77216
0.01195367 34.91834
0.02293317 31.21156
0.02604797 32.11061
0.02336038 30.97703
0.02049042 32.08088
0.02821712 30.75716
0.03105423 28.07676
0.03259631 25.52031
0.0241941 30.92893
0.0335322 31.28515
0.04399606 30.21394
0.04605609 26.36596
0.03576918 24.89414
0.03922786 21.65973
0.02999825 20.73108
0.02842483 20.1028
0.03879273 17.19712
0.01389816 15.43902
0.02933724 15.51534
0.01785476 17.32408
0.007324677 17.4401
0.0228599 16.24374
0.008089048 16.80189
0.009213264 16.12835
0.003319117 19.81309
0.00514827 18.8326
0.01241218 16.79903
0.01352134 20.30458
0.01678318 19.27853
0.01334996 18.86564
0.01616719 16.67017
0.005655151 15.686
0.001349872 15.42048
0.001812471 14.55287
0.008814377 12.26832
0.005642845 12.8136
0.001865303 13.40217
0.02627733 15.84087
0.0129692 15.48101
0.02234346 13.97738
0.01520362 12.53959
0.01038608 14.14001
0.001234455 12.66615
0.008728672 14.48989
0.009296181 10.89882
0.007813576 12.27889
0.004167563 12.92234
0.01756677 13.48945
0.01502291 15.65519
0.01323053 13.52255
0.01602035 13.80303
0.01033202 15.90275
0.01142169 14.43477
0.01578559 14.43487
0.01354426 16.28102
0.01617992 16.96943
0.006983307 15.04296
0.01604323 14.46176
0.02255766 14.95304
0.02681447 14.08171
0.0154503 15.82709
0.01760548 14.30225
0.01629817 14.31028
0.02291378 16.59425
0.02436105 14.52968
0.0337823 17.76846
0.02418608 15.02087
0.01485881 15.70772
0.005725329 20.76391
0.004922309 19.47194
0.01832174 23.51401
0.01628554 20.45158
0.0144059 19.79555
0.02024479 22.30847
0.03559958 26.13168
0.0339497 32.2643
0.03965203 40.25673
0.03984234 37.96528
0.04738303 36.13591
0.05203176 39.17813
0.05556893 37.00134
0.01772782 35.77837
0.02121834 36.3123
0.01200459 37.68249
0.01472758 44.59533
0.02120885 38.44976
0.01695991 47.09303
0.02342519 45.87882
0.01669524 44.37234
0.01563609 46.66229
0.01450441 57.69418
0.0290519 56.73301
0.03236729 47.12107
0.02336612 48.31648
0.01260197 45.31045
0.007185289 47.45776
0.007122493 45.58431
0.01051739 47.74844
0.03041906 40.29899
0.0470355 36.98706
0.04901027 35.66719
0.03182712 38.28332
0.03701457 36.01145
0.02663748 26.30292
0.01885842 26.34429
0.02285013 28.42827
0.02484101 29.90359
0.01163363 28.40825
0.01280596 29.03086
0.006657023 29.17557
0.002122045 29.50076
0.001557785 32.00971
0.007144178 27.26903
0.004031424 26.91458
0.005576401 29.35833
0.01182426 34.54164
0.0086103 29.38183
0.009232239 28.39606
0.01620079 26.77475
0.04539789 21.89357
0.04283046 23.40159
0.05558544 26.22194
0.06420262 27.23866
0.05759001 26.43313
0.06295504 20.1991
0.05189117 19.90873
0.0235858 23.56476
0.02537859 25.01001
0.01308404 29.62067
0.01008401 30.12233
0.01124147 31.34336
0.006652649 30.58344
0.004111355 32.22209
0.01111173 32.32783
0.007088919 30.65995
0.01189308 28.02554
0.01360726 23.66178
0.0154416 23.87929
0.02537355 22.08753
0.02042908 24.10331
0.01386118 23.5634
0.03001085 21.40899
0.01818887 24.98996
0.01589617 25.18872
0.01375436 18.97225
0.01571106 18.57232
0.01894967 18.3302
0.0151244 23.3288
0.00928746 22.04312
0.008213049 23.54711
0.001192211 28.32739
0.01047184 31.85046
0.01877048 28.34332
0.01150615 29.59007
0.003045804 34.02899
0.007349649 31.10338
0.003632572 35.1007
0.001565049 37.87902
0.0005072606 37.57378
0.005195216 35.56627
0.009203804 34.41304
0.02232329 32.99086
0.02073 30.96648
0.0174103 34.15702
0.009904979 38.05386
0.002135551 39.97199
0.0109503 51.97629
0.008851737 44.52996
0.02003138 43.38455
0.01457937 41.49617
0.02016539 44.48424
0.02627735 47.35464
0.03039888 45.77663
0.03167059 46.47069
0.02259187 46.15322
0.009425383 35.78947
0.02510289 37.75246
0.03526251 40.11695
0.04423057 31.82108
0.05042516 34.22838
0.06885465 32.33714
0.04638735 36.99516
0.03891978 29.79346
0.03393555 29.12517
0.02634726 27.60016
0.02780819 27.21149
0.02776364 22.22783
0.02125057 23.71362
0.03112991 27.12657
0.02682725 25.11605
0.0190158 32.46829
0.01493997 30.47406
0.01980475 28.57635
0.01053996 27.0244
0.007274826 28.56195
0.01436681 32.97935
0.004307959 30.11045
0.00379157 25.57063
0.00489449 27.04732
0.006647537 28.1149
0.01161697 26.32411
0.01615641 21.64545
0.02329702 19.19024
0.008780235 20.97048
0.004492122 25.39027
0.00596449 30.23713
0.004990952 31.34756
0.004078335 32.09376
0.01582336 27.36221
0.008333268 27.88959
0.01260622 24.34826
0.0137241 25.03212
0.03031713 22.76749
0.03890447 23.93
0.03325387 20.5812
0.04001609 20.90676
0.04892133 21.52533
0.03550269 20.1531
0.03215235 21.77885
0.02435903 22.13087
0.006971042 24.5161
0.01487972 21.5733
0.02228206 19.98604
0.03284753 21.9287
0.01242322 27.33521
0.0154117 26.63658
0.01659477 26.45763
0.004610824 30.92503
0.01430355 27.73813
0.002305868 24.16881
0.001579414 28.5569
0.004832959 24.47868
0.004876027 23.30594
0.006134656 23.09507
0.00966432 20.9483
0.0007848945 25.40238
0.00485997 24.41501
0.02268213 21.4271
0.02202959 18.53771
0.02923098 20.08327
0.03202025 20.15503
0.0134931 20.24307
0.0004150099 20.59618
0.001298195 21.82585
0.007086137 22.2433
0.009732315 21.40833
0.01648297 24.39836
0.006769753 25.569
0.02018868 29.86854
0.02810444 32.84041
0.02387405 33.00955
0.03133659 31.95556
0.03436454 33.25458
0.03201933 31.4668
0.04764237 33.35673
0.01948037 36.26967
0.0132159 38.13347
0.02060646 36.68361
0.02479713 36.96153
0.04104936 43.04851
0.06223849 44.49879
0.0492975 38.73034
0.0454046 38.37872
0.03122197 37.96494
0.05037459 44.40661
0.03265714 38.85653
0.04018183 43.23697
0.06040647 40.63449
0.0764453 38.93844
0.05833925 34.20075
0.0600891 34.41899
0.05134256 31.02329
0.02367894 28.48965
0.01140522 22.05749
0.0106685 22.7255
0.01099435 21.69257
0.004562299 17.08313
0.01325943 16.65807
0.005963965 17.45751
0.01252193 15.55414
0.009847534 17.06608
0.02352906 19.34818
0.01422256 17.43673
0.01410611 19.96634
0.008771942 22.50402
0.01123964 21.68589
0.01145494 20.23558
0.005531443 19.82818
0.001392275 20.46986
0.002136966 22.78992
0.001995928 23.04197
0.008758967 25.45927
0.01444234 22.06669
0.01143092 21.29106
0.008922378 21.40859
0.002446894 21.76254
0.004538424 25.28232
0.01611269 25.39057
0.02757272 24.96874
0.0348981 24.14675
0.01846343 21.8692
0.01050248 21.73983
0.005040378 21.06598
0.003435157 19.83813
0.002936505 20.61744
0.005619447 22.30974
0.001822153 24.32179
0.007208129 24.85756
0.01103863 22.61035
0.01122421 26.30481
0.01324822 24.48958
0.003077666 24.49077
0.009685765 31.00219
0.02235508 26.20796
0.02236135 26.9322
0.01158119 26.81479
0.01171353 28.90364
0.01288014 31.23074
0.03998074 29.93287
0.05011688 31.69237
0.04638645 25.32459
0.02951059 26.17522
0.04428185 25.13835
0.01683509 28.05566
0.01024297 24.75891
0.003775235 21.48106
0.001696781 20.18725
0.007178617 19.39443
0.001448369 16.61485
0.00477185 18.07261
0.003739688 15.63753
0.01167497 14.00129
0.01234319 13.6434
0.02050594 15.09048
0.01824562 15.52793
0.007895541 19.93959
0.01380405 18.47845
0.03053109 17.31709
0.01791719 16.53083
0.02109595 17.75026
0.02400825 17.53584
0.04079472 14.36953
0.02592537 14.76362
0.01650669 17.47485
0.0241543 13.82892
0.02032133 12.05397
0.04139506 9.464398
0.03704812 10.40992
0.02178543 9.687742
0.01986179 8.885532
0.0109977 8.776141
0.004030098 9.815571
0.01059019 8.814246
0.01103355 9.988214
0.01629512 9.4028
0.01124347 11.32658
0.02406367 14.51136
0.01733095 15.07792
0.02811359 19.10275
0.03973718 17.46932
0.04885253 19.03081
0.03350256 18.20239
0.01436539 22.54361
0.006806386 20.65065
0.01287871 18.7542
0.01876587 19.11711
0.01161723 17.53712
0.003243682 20.15764
0.01460875 18.99572
0.01264169 23.08741
0.005170708 22.19298
0.0143828 21.9721
0.02320594 28.88538
0.02049499 29.31895
0.0100401 25.06932
0.02031159 24.74402
0.01549057 26.55401
0.02298381 30.93723
0.02761339 29.48539
0.03813009 32.55651
0.04311044 33.67118
0.05261967 37.93843
0.02908598 35.72749
0.02487532 36.78777
0.003486162 35.21188
0.008595648 33.07535
0.00395523 30.96983
0.01253958 31.68943
0.01823887 31.67607
0.01176787 37.75448
0.00648232 35.44524
0.006484276 37.98098
0.008091098 38.06062
0.001917404 34.50345
0.00319896 33.91997
0.01626632 32.53196
0.02828727 38.02094
0.01733232 42.08882
0.0238792 48.87159
0.01259844 49.49265
0.001539861 51.82124
0.0006382206 53.05852
0.006528487 50.93036
0.0124542 68.20055
0.007978146 61.26566
0.009671608 61.36881
0.004739901 58.58732
0.002876428 55.94632
0.008908283 58.26423
0.00912075 44.63163
0.02936065 50.10333
0.01374117 57.68512
0.009932908 64.91377
0.001804004 57.66993
0.005706987 61.413
0.007743062 58.48804
0.0148326 51.82627
0.004336159 44.73441
0.001011221 43.95613
0.01243214 37.88196
0.01001987 37.14171
0.01122771 35.01702
0.01276125 36.31916
0.00993101 32.28964
0.02037694 30.15319
0.01712975 31.69485
0.01562508 34.37093
0.00689553 36.65236
0.01387933 39.87318
0.02447923 39.99392
0.03258547 36.83109
0.01877328 39.43297
0.0271039 40.64466
0.01686487 43.3365
0.005370316 41.50221
0.007700468 41.47488
0.0008185846 53.3313
0.002109302 48.30286
0.002907822 60.90225
0.004499942 61.47897
0.004918078 62.72457
0.001702598 59.77982
0.001573405 66.58072
0.00691013 69.27281
0.01305297 59.94669
0.01711868 57.09168
0.01677814 61.40003
0.01427383 64.62945
0.02439456 51.88761
0.02021605 44.23077
0.004064821 41.85461
0.003368527 42.88452
0.01341108 40.83982
0.00833706 43.07623
0.02590814 49.08568
0.04179003 51.96907
0.04071333 45.48789
0.07926712 50.82473
0.06586295 46.87377
0.05360025 48.25199
0.03950095 40.26511
0.0551967 36.06674
0.07181742 37.20788
0.04894659 41.11694
0.05996919 34.28827
0.0488276 30.45826
0.07922193 29.56009
0.07684395 29.49244
0.05843919 29.03958
0.0695249 25.56113
0.09578422 23.55136
0.09241028 23.86527
0.0773837 25.40295
0.07724598 24.76265
0.06538322 24.61338
0.04215935 24.81614
0.02202961 24.73571
0.0209188 24.91332
0.007602666 18.57954
0.006681521 16.26691
0.01514848 16.36346
0.01173562 14.78563
0.002070474 14.10914
0.0003540071 17.40844
0.00203598 15.70562
0.00822669 16.05784
0.007069918 15.68849
0.003152423 16.67647
0.008440763 14.40113
0.01035971 12.88273
0.008629882 13.1496
0.01171581 11.70843
0.00944219 11.3653
0.009466478 12.2843
0.0237925 11.90131
0.03413068 13.49071
0.04386659 13.26484
0.03224949 21.36735
0.03382464 22.33871
0.03268987 20.77572
0.03630661 20.57852
0.05639712 18.3347
0.03367102 17.80016
0.04974271 20.30803
0.04382367 20.59434
0.05243298 21.68249
0.05024201 22.94055
0.02512717 22.27973
0.01983034 20.78842
0.02391741 19.81382
0.02600747 20.1083
0.01156268 20.99548
0.01382644 23.05466
0.01529882 23.4776
0.01262772 25.44551
0.01207356 21.10477
0.006958516 22.05528
0.02160202 25.38065
0.01749385 24.51775
0.01236466 20.1493
0.01765689 19.1067
0.02719336 20.50799
0.02081174 22.17074
0.01949581 18.27055
0.007440326 16.32166
0.01601363 17.31489
0.02611015 16.6345
0.01574169 23.08446
0.0336883 24.60351
0.03049651 22.64713
0.02627191 21.89752
0.02202904 22.49375
0.02116312 18.65554
0.02538173 19.24781
0.02084471 19.70629
0.02324131 17.08999
0.02252152 19.90896
0.0151025 19.82722
0.01137234 19.36912
0.01372006 19.4733
0.01155538 19.38507
0.00963007 21.03704
0.03006735 18.8441
0.04559404 19.92013
0.04553867 20.65594
0.05336429 24.26633
0.05737596 24.94725
0.05089499 27.85598
0.04380458 32.32532
0.02999147 31.81615
0.03647677 35.14032
0.05156609 27.90041
0.03688539 33.20999
0.02302742 37.58838
0.03640339 38.87577
0.038483 39.47358
0.02775647 37.35725
0.01603817 36.40408
0.005365187 34.34969
0.006732749 32.22109
0.00301003 28.99167
0.002527327 28.95997
0.003443675 30.31837
0.00120683 31.88197
0.007857061 34.36148
0.01535162 33.38665
0.01666419 28.17628
0.009727137 30.63946
0.003719436 29.26602
0.02252716 32.17462
0.009211307 37.19146
0.005504282 33.77589
0.003533041 35.16644
0.004652683 36.41682
0.01066904 37.04674
0.01117505 41.12488
0.01471775 37.80852
0.01951556 35.85693
0.03336776 36.61749
0.04245026 39.63481
0.05347251 41.06143
0.05030787 33.4268
0.04411415 36.80826
0.03505613 40.56708
0.04760663 39.29543
0.03507481 39.05669
0.06435676 44.88635
0.08735284 41.58183
0.0948937 39.72694
0.1124252 36.08028
0.08475167 29.69789
0.09648749 23.32908
0.09359703 17.6559
0.08176435 18.75852
0.06582569 19.5166
0.03880944 18.90124
0.04076212 19.90467
0.06438313 21.74537
0.06190393 21.83833
0.06028793 23.65114
0.08931893 20.5329
0.08453937 20.74962
0.0482339 23.96449
0.04308402 22.30458
0.02141678 24.89156
0.02464554 25.86341
0.00876964 26.94865
0.01121735 24.6962
0.005697353 26.54003
0.009395922 29.9115
0.00152752 31.64443
0.003301553 30.32858
0.01672722 33.13172
0.0257312 30.30214
0.0257779 29.27563
0.02537311 30.56927
0.02362581 36.92337
0.02212885 32.66626
0.01515046 36.4349
0.01292323 39.84439
0.007906991 35.33326
0.02117315 26.31763
0.03030765 27.15677
0.02886943 27.19813
0.0172562 22.68609
0.006015273 19.75558
7.875745e-05 20.20361
0.003958334 18.69768
0.002103107 20.26094
0.001482012 19.08988
0.002970714 16.88469
0.01456806 16.13312
0.01167857 16.19615
0.01195507 19.6065
0.01025742 17.26254
0.0136937 19.36176
0.01479869 17.02623
0.02048345 19.52988
0.04621458 22.02506
0.05121111 20.15217
0.03845241 15.96416
0.05941066 18.411
0.05015976 14.90945
0.03447933 14.89355
0.03069102 13.44447
0.02578386 15.21045
0.02977319 15.91165
0.03147565 16.50135
0.03617401 18.39972
0.05357971 13.9752
0.03526203 15.03723
0.03791478 17.50587
0.06225213 18.07056
0.07355036 15.04879
0.06478361 15.70823
0.06795791 14.54759
0.05579668 15.3616
0.03580243 17.77168
0.03248558 17.27146
0.01557318 17.89223
0.00481028 17.0787
0.01804108 14.24259
0.01733979 16.46065
0.009287272 19.31519
0.02073531 19.59123
0.03469564 22.48661
0.02786141 22.43434
0.01387467 19.28623
0.00677979 22.38516
0.0098298 21.93223
0.006739783 21.33182
0.00991664 21.46098
0.03165433 19.79637
0.05181215 21.05523
0.04657927 21.05865
0.02741482 19.43497
0.02497032 18.61437
0.01737981 19.30322
0.01627945 23.94007
0.01695917 21.65122
0.008708475 19.8052
0.001663833 18.01469
0.002064653 15.24716
0.004960369 19.45616
0.007565077 19.21946
0.02074646 21.56338
0.01880217 21.06143
0.01883279 18.61057
0.02285843 18.57858
0.02868283 20.3596
0.0344543 22.55158
0.03829114 23.72695
0.0806236 21.69819
0.05914744 18.66268
0.05272532 21.87094
0.07514364 18.70776
0.06171523 16.02451
0.05517298 15.30517
0.05187012 16.21682
0.05519969 15.22603
0.05908779 16.04656
0.05590547 15.79769
0.07453913 17.72432
0.07293855 19.78998
0.04863643 18.98415
0.023528 18.58393
0.007119268 16.45397
0.01276439 14.65021
0.007686194 13.1476
0.01347854 12.80535
0.009347869 13.13774
0.007121184 13.93245
0.02320172 12.7685
0.02081051 14.79354
0.02273954 15.66806
0.01223544 16.1778
0.009353785 16.37265
0.004980961 16.97768
0.008668268 18.38853
0.002728027 20.45598
0.00117106 21.1316
0.01008354 19.46624
0.02708587 19.87665
0.01629433 25.0477
0.01750444 24.96476
0.02017429 27.40665
0.008882616 29.85247
0.006414515 32.50145
0.01338458 31.05275
0.0265256 31.29125
0.04202528 28.65156
0.0153984 27.78285
0.0165406 37.555
0.01239709 35.39201
0.009040442 35.9519
0.001388535 33.94049
0.0116713 35.52093
0.005865258 39.93729
0.005114248 37.94682
0.009857663 37.58487
0.00686844 34.65363
0.006922428 36.0455
0.0174923 32.85092
0.03186539 29.79249
0.0009853244 25.52054
0.003249188 24.45971
0.008477755 24.33336
0.0058284 25.19218
0.01510239 21.09718
0.02352766 24.73354
0.02624541 21.75762
0.02669425 21.47597
0.02967662 18.6097
0.01697007 16.15027
0.01286571 18.64025
0.01545794 18.54427
0.0309317 20.14849
0.02201252 19.23836
0.02369227 20.46231
0.025599 19.53743
0.02562986 21.90366
0.0480755 26.29586
0.02966554 27.95871
0.01808443 28.30288
0.01193206 33.36139
0.003366178 27.80901
0.006609233 33.72929
0.0205628 33.26917
0.0137078 30.91984
0.00242031 32.71705
0.01033406 42.62676
0.02327036 42.62762
0.02032861 38.78614
0.02061626 41.1283
0.01336163 43.385
0.0210675 42.55903
0.0200357 37.29914
0.01061886 41.86303
0.01719397 43.00033
0.005554564 47.30635
0.01818777 53.97549
0.002461793 55.07519
0.002593178 52.23429
0.002122789 65.48559
0.003388911 63.35191
0.007701548 57.24846
0.005971317 54.71402
0.00401173 60.01774
0.006989948 55.25463
0.005746025 51.19476
0.01189273 47.39686
0.01199112 40.40171
0.005907241 41.66608
0.01042143 42.11205
0.004882272 40.96974
0.01186549 43.06122
0.01361765 40.79572
0.01354847 37.0116
0.008910844 37.24462
0.0124438 32.41131
0.01404918 35.06321
0.01570801 33.51966
0.01020481 33.77969
0.01290963 34.54643
0.0127967 31.98105
0.005834141 36.01816
0.00325079 29.35919
0.0160446 25.19216
0.02701642 24.58008
0.05125048 24.37207
0.04443591 22.82444
0.03733644 22.37939
0.04251737 20.15352
0.016051 21.68769
0.02396948 19.32576
0.03076149 19.21949
0.0124676 21.87705
0.01088139 16.90464
0.007100998 17.12755
0.004821708 16.68371
0.003940748 17.7037
0.008309848 19.34267
0.004876034 19.0508
0.0009638313 16.39008
0.007260998 18.95968
0.00624467 24.98308
0.006393123 24.17893
0.009838881 28.79031
0.01814579 25.68651
0.01839549 30.25577
0.006533261 28.01621
0.005327409 34.28439
0.002202929 29.54351
0.009848677 34.55704
0.0196734 37.4727
0.01538519 32.34527
0.02090472 28.33129
0.02713472 24.92906
0.02449219 26.73668
0.02578262 26.75745
0.0305321 25.89888
0.01753583 25.11219
0.01034586 25.20322
0.0103455 22.36308
0.0284983 21.43328
0.02949791 19.25698
0.03257649 20.4951
0.05036455 20.65595
0.03924017 22.11525
0.02943951 26.69736
0.02189494 24.78977
0.01956925 19.95438
0.01733881 21.27409
0.01281688 20.09666
0.01384249 22.38517
0.02154262 20.1675
0.02143218 20.30169
0.01579449 21.25871
0.02051615 18.26802
0.01468278 18.67747
0.02502495 16.74025
0.01679188 16.05412
0.03973537 14.73663
0.04673601 19.37099
0.06622885 23.18901
0.05360703 22.87095
0.04765387 26.47556
0.05479521 19.76148
0.03903112 24.06581
0.03680996 26.19641
0.02661689 26.13724
0.03935489 29.49273
0.04124113 27.4259
0.02631428 27.12171
0.01009389 25.09314
0.01058716 21.0879
0.01416499 22.73479
0.01944171 24.41576
0.01579503 28.93668
0.0128577 29.83404
0.02112995 34.27033
0.03379512 31.29883
0.0430424 35.41571
0.03377699 39.81559
0.02167456 42.6183
0.03350089 38.46191
0.04358124 42.37668
0.0313372 38.27247
0.01843537 39.63742
0.01339418 38.19144
0.0187891 36.06445
0.02393999 32.59144
0.01071064 37.73762
0.000817166 28.06327
0.02590881 26.87858
0.03098161 29.99737
0.03198234 30.49918
0.04077197 27.29797
0.0612538 27.22712
0.03677554 26.76779
0.06349333 29.60039
0.09550028 31.24621
0.0986204 27.20768
0.09510877 25.86442
0.1156785 26.76078
0.1117759 21.08086
0.08355184 22.98045
0.09776026 24.43876
0.07979606 21.67185
0.07288448 22.79581
0.03886928 24.49527
0.0219521 30.86585
0.02119528 27.60516
0.01320842 28.05781
0.02354702 27.01622
0.01270644 26.62998
0.01031219 27.93627
0.005774775 29.48838
0.015701 30.21288
0.01361111 35.89771
0.004772237 37.87947
0.01079208 38.9472
0.01573589 40.34852
0.01971608 47.56467
0.01226003 46.19277
0.01820374 44.10293
0.01870794 43.12712
0.01677841 31.58279
0.02812014 37.29114
0.01904154 44.37484
0.002044831 42.4653
0.007255241 46.05155
0.005805579 46.23387
0.01503997 47.10803
0.009044539 49.32034
0.02661229 48.34525
0.02273227 44.1807
0.02361552 42.0268
0.02908995 41.80425
0.02166286 33.60444
0.01771852 34.37046
0.02310976 36.72696
0.01214494 42.39005
0.004338037 48.08781
0.002027831 48.48413
0.006809963 48.62776
0.02135783 52.85177
0.03187028 51.63972
0.03610629 48.02247
0.06585184 54.55772
0.04657908 49.70756
0.08307381 47.6966
0.04818988 41.67805
0.06095564 38.80272
0.03406876 38.83239
0.02465297 38.29996
0.01880828 36.35405
0.009590019 36.534
0.01383513 35.5624
0.002567178 29.90253
0.0232629 34.01585
0.02863367 27.91907
0.01038561 29.85627
0.00547784 29.4771
0.005609311 28.72412
0.01347783 29.27343
0.0130717 36.90568
0.011612 33.28891
0.005992635 32.02013
0.007268549 34.8183
0.007380328 24.68835
0.02160319 25.50007
0.01612666 23.9454
0.01767759 24.01612
0.021144 22.32062
0.02821011 23.43333
0.02119415 26.58835
0.02387583 25.82287
0.01557485 26.28794
0.02221397 27.68546
0.01185347 27.50528
0.005053149 28.7112
0.009553942 26.74643
0.009138303 34.06912
0.00273813 33.43028
0.01389732 40.53207
0.01661213 46.84465
0.009769981 43.98191
0.004347485 47.9539
0.004812805 38.87875
0.007486001 41.00142
0.007543501 34.49277
0.001135916 30.29496
0.01060478 30.06938
0.006450588 31.9304
0.009952096 28.8092
0.01425539 29.66781
0.01046241 28.04212
0.004119789 30.08104
0.006224685 27.47037
0.008730776 28.12372
0.01059428 25.67577
0.0145984 27.5628
0.006635054 30.7813
0.01567774 32.49601
0.01199415 28.98761
0.01548204 32.18238
0.007723291 31.14116
0.01012574 30.96574
0.02904602 39.5297
0.03463448 35.62866
0.04849458 32.54639
0.04009784 33.35334
0.04846961 33.65093
0.04613795 25.30431
0.05054989 24.46854
0.04806926 22.08943
0.03603853 21.28184
0.01120371 20.73569
0.007215354 21.55393
0.01437727 22.60297
0.007938192 21.16887
0.005867057 26.75802
0.02130679 25.16977
0.02632307 25.48186
0.04080083 28.29369
0.03487913 34.54555
0.03135339 35.39188
0.01558735 31.00656
0.01179982 32.85444
0.00821613 42.45579
0.02522414 53.27178
0.01842294 45.9753
0.009162636 41.83307
0.00540838 45.8834
0.01867436 58.40005
0.008465638 61.71179
0.007826268 54.82967
0.02318286 51.08503
0.03198015 44.74107
0.009468451 42.54512
0.004707828 32.47721
0.01008696 30.5323
0.01006498 27.92328
0.004957012 31.54465
0.005536232 39.38183
0.003796163 38.60339
0.001056723 45.11662
0.002578792 40.29487
0.005031195 43.49172
0.00261778 37.38751
0.01470709 49.03887
0.01606908 47.36243
0.01661549 49.31099
0.01747058 51.32664
0.007342661 56.43807
0.01604863 64.0294
0.002072011 69.73969
0.004165085 61.57271
0.003871809 57.65264
0.004440134 57.35771
0.01892988 61.53356
0.02286398 61.14181
0.01914593 63.22434
0.01045158 55.65559
0.01087927 60.37254
0.0163868 60.24346
0.0228716 60.94448
0.01216368 66.69669
0.01092828 65.12224
0.002513761 63.91297
0.006882804 67.61069
0.005975442 72.78703
0.006328089 81.4433
0.009580452 79.04218
0.003226591 77.73261
0.002925322 78.83367
0.001616616 83.00984
0.01616287 82.2862
0.01949623 67.48138
0.009698815 58.32197
0.001307147 55.69799
0.004619926 45.36989
0.004705928 41.89878
0.01050509 41.39814
0.01132548 37.9005
0.007725039 40.52574
0.01952231 41.46256
0.01697452 39.86702
0.0270261 39.40933
0.03167428 40.65846
0.02350471 41.59031
0.02276574 40.99729
0.01912746 39.8591
0.004232405 41.50443
0.00136485 40.47237
0.002174484 28.8143
0.0009810162 29.46737
0.001114727 33.80486
0.008130352 30.82044
0.01581145 28.08317
0.01254104 22.09232
0.004472447 23.12825
0.005903535 17.69043
0.003308795 17.2826
0.01206058 18.22519
0.02229876 24.12705
0.02966362 20.51353
0.02274056 25.97012
0.05847733 26.19268
0.03191186 27.38432
0.03779934 23.71792
0.04861511 24.23427
0.0353023 24.22881
0.01873535 21.22325
0.0285446 22.11659
0.0204418 21.43843
0.02203132 20.9074
0.02644364 17.92096
0.02900614 16.90706
0.03430641 16.57166
0.06981116 19.61333
0.04319709 19.7543
0.03336038 19.62738
0.01408264 18.25075
0.009236839 19.45604
0.001922983 20.87085
0.0009615102 21.90912
0.004845079 21.90038
0.006217037 23.66429
0.01296434 24.5719
0.01869225 21.23588
0.03070359 19.64001
0.02918512 18.17178
0.02610595 17.89209
0.02618666 21.16475
0.01077058 20.14427
0.004301786 18.91291
0.003405234 21.32001
0.004164116 20.60215
0.006567892 22.11782
0.006870957 20.37806
0.0288572 19.14332
0.02414537 19.81449
0.009853357 21.07024
0.02879866 21.16955
0.02297565 20.34087
0.01462548 14.61627
0.01354409 11.22576
0.01123804 10.39041
0.02254656 11.35638
0.0162599 10.88612
0.01809113 11.76258
0.008228929 12.36217
0.006611526 13.27303
0.01001195 15.20264
0.02718118 17.06413
0.008604693 19.16551
0.01101865 18.42974
0.005363461 15.89365
0.004499915 14.17127
0.005625732 13.40782
0.02707835 12.93096
0.01138202 13.02299
0.004633056 11.6151
0.01455137 11.79846
0.01208273 12.42199
0.003405093 13.34433
0.006586003 14.54789
0.01026505 13.11117
0.008655914 14.00462
0.01037845 15.08257
0.01486481 17.96302
0.02229188 18.95628
0.03115496 23.95434
0.02368967 24.98495
0.02074386 22.27382
0.0279423 19.85265
0.02563756 15.76328
0.03199869 16.16061
0.04676996 15.18902
0.04477574 16.37695
0.01675399 18.73241
0.0213334 17.12166
0.03853302 16.53563
0.02313191 14.32477
0.03221184 11.35497
0.01018143 14.23312
0.008001862 16.5844
0.0237671 18.05977
0.04577276 20.03169
0.060317 23.22625
0.0462729 24.70815
0.02648307 26.24079
0.0136709 25.20419
0.01179342 27.0624
0.01568509 28.07755
0.02105234 24.00818
0.02276183 19.99976
0.03772515 19.87056
0.030971 20.85029
0.01433651 21.88885
0.030802 25.15251
0.03038065 26.44127
0.0146678 30.02816
0.01618728 28.70675
0.01370804 34.65671
0.01254581 34.31712
0.008906954 33.17121
0.02244493 36.57086
0.0139275 40.24205
0.01251981 39.241
0.02755897 41.46694
0.02461875 40.2269
0.02561502 37.42859
0.04169059 33.8887
0.03111893 37.53793
0.01342313 36.66564
0.01728691 40.34094
0.01592928 37.34209
0.02257735 38.92722
0.01978657 41.02825
0.01956312 44.76952
0.01349706 50.57845
0.01470365 46.90241
0.02081493 49.16817
0.0123238 40.43634
0.006423997 48.75981
0.01752115 43.4938
0.01057886 42.45941
0.02124997 49.14201
0.021375 45.5621
0.01518054 45.85832
0.03136381 36.92482
0.01898836 33.26952
0.05293265 32.04981
0.06966229 36.82822
0.06741329 32.24224
0.1066012 30.50626
0.1227474 25.8099
0.07518273 26.17007
0.06850649 22.12697
0.03742322 20.14787
0.0232682 17.58435
0.02605892 18.68338
0.01338283 19.04672
0.01252154 18.58256
0.009304673 18.74621
0.01091307 23.62387
0.02123379 17.4099
0.01362326 17.31044
0.01786098 16.17823
0.01862498 15.51491
0.01836222 15.03264
0.011264 15.20868
0.003784305 13.46527
0.004918829 14.21746
0.03147226 14.02832
0.04294157 13.19072
0.04641112 15.14371
0.03883453 15.6493
0.0418119 13.4975
0.0404963 16.47168
0.02030966 15.00817
0.03963225 14.32508
0.03402045 14.10831
0.02359593 14.4348
0.02761513 14.55873
0.01068569 15.17042
0.0381184 15.68364
0.02694404 14.11883
0.01895925 13.33918
0.0347148 11.28441
0.01805922 11.63599
0.0144642 11.94185
0.004515981 13.38927
0.01473744 15.94017
0.01322894 14.14611
0.01134826 16.31009
0.008105236 17.35822
0.03118545 15.89938
0.02621066 16.23279
0.01838808 16.49197
0.0104059 14.07565
0.0203178 13.17666
0.02291912 13.70966
0.02011884 13.30107
0.03094227 11.97716
0.03336419 14.91603
0.02070341 15.00093
0.02595518 18.32509
0.03268361 19.17188
0.0324266 16.53477
0.02940915 17.6246
0.02835943 20.20375
0.04154085 21.99588
0.03412782 21.07279
0.04305517 20.99482
0.0417849 21.79581
0.04112125 18.46245
0.01640743 15.68993
0.0163715 16.61946
0.006499238 17.37685
0.007917007 18.47356
0.004716453 19.07465
0.008163734 20.43076
0.01721462 22.31256
0.02760073 27.13046
0.02198143 25.58243
0.01540914 26.2608
0.02494515 29.9395
0.02983587 30.3956
0.03172688 27.27831
0.01018924 28.57233
0.01273458 27.55668
0.03051499 27.18184
0.0202732 32.46839
0.02175992 31.92307
0.01359337 27.18861
0.01726823 29.72984
0.01337704 30.02778
0.009362276 33.94249
0.004855041 31.53215
0.009582039 37.63129
0.008328195 33.02328
0.01352333 32.75295
0.01587945 33.83106
0.004514525 33.73174
0.02163579 39.8273
0.02405339 46.316
0.01845978 50.2759
0.01425001 51.01649
0.009269211 54.19292
0.001651125 54.3639
0.003840579 58.84177
0.0004892303 57.23362
0.0006521976 67.84038
0.004018008 69.96167
0.008022842 72.66139
0.00740723 71.56092
0.01925165 83.88999
0.003989821 84.42494
0.006636459 86.68118
0.01044578 89.51485
0.002935988 78.55345
0.001216868 77.11318
0.008662607 84.41084
0.01801987 72.69529
0.02362403 82.11379
0.00497742 75.32857
0.005312589 82.31141
0.002632373 83.44665
0.004611175 74.48668
0.009592541 75.29281
0.007246519 74.16914
0.0028378 77.41256
0.0002531014 74.27345
0.001081142 63.30745
0.009894937 65.70689
0.02087512 65.79604
0.01683678 55.72217
0.02290046 53.86407
0.02725439 58.65031
0.03265548 57.50456
0.01836142 63.3861
0.01321884 60.56706
0.0196301 61.36568
0.0132599 49.93724
0.01206555 53.07739
0.003892693 48.03112
0.001111143 45.83491
0.001798406 36.9576
0.002723294 34.21251
0.009021634 35.60951
0.01005531 31.94779
0.02666704 34.50243
0.03574278 38.41703
0.03867533 32.59081
0.02834467 31.02794
0.02353829 37.41128
0.01649832 35.38857
0.008361279 42.70209
0.003222484 38.68843
0.009127498 40.48678
0.02128449 44.27776
0.0210996 41.71857
0.01134586 39.31169
0.006049004 40.44061
0.00256323 41.66989
0.00114967 40.47167
0.00365094 37.65611
0.007511304 32.44276
0.00239573 29.7152
0.004381715 30.95985
0.001224039 30.48337
0.003532046 29.26618
0.006667853 33.15327
0.002977191 31.16136
0.002107347 28.99395
0.01615688 29.88624
0.04160101 32.03354
0.04432765 28.5572
0.04337819 30.0918
0.02604851 33.63556
0.008182047 28.68926
0.0237602 22.53934
0.02777367 21.92624
0.02929413 20.1465
0.03170997 23.78635
0.0175475 20.88618
0.0333827 23.81902
0.02256298 26.96055
0.01191695 23.60293
0.01221476 20.63533
0.009065068 24.82458
0.006138996 22.43831
0.001764543 25.50377
0.005820274 25.24447
0.004803049 25.91497
0.005031981 27.04784
0.01277657 26.16897
0.02233169 24.57979
0.03067938 20.89681
0.0458549 18.96671
0.03752371 23.16468
0.03121733 19.28696
0.05873059 19.01688
0.06484666 20.70668
0.03728226 25.01117
0.03090469 19.03029
0.02427571 17.47463
0.01825662 16.62274
0.02087443 15.76943
0.01259286 17.16444
0.0147488 16.49275
0.003762867 14.92896
0.02138167 14.94945
0.01989391 15.73951
0.01464609 17.68618
0.009329335 21.98539
0.01025416 23.06531
0.003984902 23.66446
0.005603506 25.04993
0.004548476 24.38184
0.01013736 27.53456
0.01461302 29.22286
0.001165669 32.46537
0.003037337 38.56013
0.007494044 38.65545
0.01963003 43.40263
0.01635332 48.77632
0.0175792 46.54423
0.01541428 42.17772
0.005786954 38.45819
0.00667672 39.30432
0.00442238 43.75228
0.004135867 39.52885
0.00771644 42.25435
0.004769754 49.74701
0.01231354 51.86391
0.0171089 63.89092
0.02349356 62.52109
0.05488475 52.81994
0.02735581 52.17965
0.01084353 55.23246
0.01828132 52.1276
0.00842133 56.62609
0.002368963 51.98606
0.01028337 53.28986
0.01431394 53.76192
0.01859782 57.27708
0.00796583 60.91656
0.00616605 72.51553
0.007105988 74.77923
0.001920614 71.21936
0.001286571 74.50518
0.003910323 69.93217
0.004706911 70.22591
0.008278132 87.93917
0.003286089 82.30759
0.01309022 80.06729
0.01047127 75.54714
0.00297857 78.77993
0.004948233 88.47308
0.009552043 90.70595
0.01373644 79.18433
0.02532379 84.07463
0.02836587 78.7569
0.02526784 84.12587
0.01513261 76.48689
0.01017341 75.10149
0.01017926 69.28967
0.02264151 65.67364
0.02974209 61.01239
0.02259703 73.32387
0.007585389 62.40418
0.003158404 65.48941
0.003788608 68.51296
0.006111102 59.02453
0.002187559 46.40466
0.009054777 50.59846
0.007362317 46.1334
0.009514102 52.41909
0.0031488 58.73069
0.002279145 58.8569
0.006107051 54.37659
0.00661853 54.63893
0.01297624 56.66361
0.01034762 43.79805
0.01009372 42.62842
0.003937918 33.56755
0.008157249 29.94765
0.009483353 32.70486
0.02388865 30.28427
0.01993791 28.46707
0.008856714 26.95357
0.02217594 26.3957
0.04576485 26.204
0.06285292 25.06979
0.05494561 23.24926
0.0322096 17.66173
0.02865673 19.09673
0.02735129 19.43165
0.0337957 21.50887
0.04420731 19.44123
0.04375035 18.06558
0.05368176 15.45702
0.02344448 16.22024
0.0460559 16.0709
0.0428133 18.36092
0.04841165 21.50461
0.04766213 24.65427
0.04646893 24.79335
0.06133259 23.37687
0.05141483 27.03592
0.06954841 26.88554
0.044987 25.86298
0.04881205 21.47431
0.04643718 23.46483
0.05027652 22.47919
0.03605031 20.90078
0.0530974 20.19466
0.08508405 19.09018
0.07958765 17.59991
0.05499796 17.30466
0.0429898 17.65597
0.05651414 20.70991
0.04594935 23.77035
0.02052882 21.54626
0.01636282 23.23808
0.01615113 18.82271
0.006443428 16.37543
0.006332391 18.65569
0.01918367 16.73523
0.03622614 19.78974
0.05394882 21.82198
0.036003 19.98782
0.05567839 21.37496
0.0522429 20.3478
0.04303344 20.49898
0.02759995 17.79925
0.01659027 16.9846
0.02282745 15.55179
0.02930897 16.11854
0.02518781 14.19635
0.0106419 14.23249
0.01450692 15.68514
0.01165393 16.46471
0.03536248 16.22978
0.04177896 18.76487
0.03259093 20.47985
0.04694803 20.55537
0.03920173 25.17382
0.0359659 26.14355
0.05947732 26.07961
0.03123787 25.80348
0.02330695 20.62544
0.01673364 21.53699
0.03004617 19.64433
0.03188374 17.44798
0.03750839 14.22362
0.02654512 13.70854
0.01775767 13.1637
0.02814253 12.39675
0.02676109 14.62968
0.04310048 16.16511
0.04967953 12.76375
0.07852824 14.62029
0.07956476 13.7828
0.06766128 14.52722
0.04193808 13.45985
0.04289214 12.15155
0.03201473 13.17354
0.02787532 15.0836
0.04970648 18.79856
0.03804712 19.67876
0.0421315 19.76058
0.03704655 23.09386
0.03879028 23.26741
0.05489486 24.0436
0.04491516 22.89622
0.02403098 25.43891
0.02596812 25.39811
0.02179221 22.37068
0.03413298 18.37572
0.03178718 15.08968
0.0312436 14.13483
0.02651809 14.60822
0.02171068 13.98972
0.02311388 17.13178
0.02798378 19.04479
0.009443206 16.62363
0.01589711 17.52253
0.01181307 16.21564
0.02381572 14.04741
0.02105654 12.54922
0.01015568 13.20159
0.01009608 13.00307
0.01366676 14.39544
0.01177079 15.47142
0.005471907 18.47663
0.01024502 16.84718
0.005597328 16.00199
0.008248672 18.52912
0.02171931 18.25449
0.02394381 19.06008
0.01261079 17.18618
0.01664335 20.65024
0.01065915 22.50594
0.02561691 25.30838
0.01839259 29.01841
0.02343417 26.60751
0.009947226 25.40236
0.007072544 26.32854
0.008788661 22.64551
0.01101381 21.27074
0.0199175 21.99527
0.02417775 22.74579
0.01604464 23.23421
0.02890672 25.41811
0.04336163 23.76545
0.05076844 20.38892
0.04538725 22.10758
0.03094826 21.32182
0.04946469 23.60977
0.04546055 23.24487
0.03687809 22.62643
0.02645084 22.702
0.005590749 22.98162
0.003941303 21.57121
0.004787642 18.45337
0.006662874 16.39448
0.01744865 18.02647
0.00966833 19.72084
0.01943223 20.64977
0.0201349 19.4274
0.0191322 17.45197
0.01127717 17.3286
0.02814895 15.90846
0.04825936 18.01897
0.04668148 19.29256
0.07108019 19.68215
0.04104458 19.65356
0.04337364 21.62725
0.05528197 19.6917
0.02512207 17.92844
0.0337002 17.3917
0.0282235 17.16541
0.01897853 19.1255
0.01440729 17.18271
0.01020473 15.09592
0.01178251 14.3138
0.008418941 15.58253
0.01381168 18.47388
0.01855745 16.21808
0.03333527 15.06263
0.01978928 12.90786
0.02174587 14.75079
0.05230779 14.47102
0.03924466 15.66335
0.07058418 17.23971
0.0931619 18.82975
0.09584034 16.77468
0.08520332 16.99236
0.05152301 17.67144
0.02489073 17.05699
0.01261545 19.39829
0.008328417 17.74455
0.008834137 16.92897
0.008211336 17.46766
0.007992919 16.68445
0.004804746 16.40984
0.01074763 17.29393
0.007060469 17.71679
0.000804452 18.67074
0.005937297 20.31783
0.01329593 19.73694
0.02242983 19.7867
0.01928988 21.98109
0.02621406 17.15033
0.03093141 22.09753
0.03804412 26.60959
0.02600111 25.27308
0.02346382 25.91583
0.02247819 25.92539
0.006536179 21.98427
0.006745837 22.30032
0.008702244 22.06024
0.009096879 24.62438
0.02423338 24.58146
0.0312079 27.11982
0.01835331 26.87805
0.02737317 28.84895
0.01972569 32.21548
0.01985535 31.878
0.02822098 30.64074
0.02905466 29.86531
0.02806491 27.19338
0.01656544 23.15659
0.02632614 27.59934
0.02384327 26.82524
0.08141068 27.87499
0.08732185 23.22108
0.06034414 22.4879
0.02373452 19.59279
0.03515369 20.00437
0.03806532 23.06614
0.04896911 26.64034
0.0243337 23.84996
0.01533969 25.31975
0.01718641 27.65602
0.03517691 25.94788
0.0304988 26.30655
0.01839214 25.30677
0.006719964 24.58573
0.01329303 29.12621
0.003407762 28.76032
0.001279919 30.26141
0.000531279 34.85072
0.006881364 33.1748
0.001826503 37.61647
0.007165467 37.95314
0.01736709 43.72958
0.01063521 56.18601
0.006246816 53.86283
0.0125552 57.36675
0.03285334 53.67156
0.03191509 45.7469
0.04535348 45.78471
0.03747926 41.77927
0.04155093 38.92203
0.02198158 47.86887
0.01345989 46.28959
0.005718307 47.21401
0.002779601 44.07964
0.004966293 40.61089
0.001698218 38.46441
0.006933125 34.43431
0.01032504 35.84819
0.003503982 35.48114
0.001194198 35.94466
0.01544513 34.61275
0.0214425 32.67897
0.02194693 32.28335
0.04519337 35.66864
0.05145392 37.3848
0.05990348 39.97819
0.04297971 31.86013
0.02316046 30.29672
0.01666947 28.4344
0.01572911 26.72669
0.02720612 25.59881
0.02702824 25.81965
0.03371969 22.23558
0.05569631 19.60658
0.05004154 15.99918
0.05425387 19.03126
0.05216931 17.01901
0.05736196 17.10927
0.04782394 18.66113
0.04500215 20.89007
0.06057148 18.6294
0.03685144 21.1282
0.02573194 17.73774
0.01263217 19.25286
0.01164075 20.6732
0.01081774 17.53994
0.009336592 19.21478
0.005594915 18.75406
0.005120496 20.94848
0.01213193 18.64902
0.02979665 25.01054
0.009446451 30.10764
0.01420912 30.25137
0.01915292 31.15674
0.01478303 33.72877
0.01664056 32.19945
0.009574532 31.98282
0.003548107 29.21915
0.001051882 29.62144
0.003185277 25.46637
0.001654145 26.52484
0.008097871 25.85854
