probIn scale
0.0291906 7157.751
0.02748666 7405.488
0.01548882 7119.04
0.01871715 7545.541
0.01156675 7233.927
0.003205027 7330.967
0.01057484 7128.098
0.009135379 6855.678
0.005509589 6770.529
0.005114281 7055.393
0.02044342 6445.023
0.02858829 6413.687
0.006340492 6545.103
0.00548921 6599.474
0.007158076 6020.607
0.01526465 6044.912
0.02296749 6092.571
0.01641715 5314.437
0.00462955 5117.455
0.004223624 5080.697
0.007840762 5059.572
0.006284531 5109.692
0.01599909 5280.488
0.02983218 5065.942
0.03972545 4708.204
0.03109675 4944.746
0.01105246 5321.87
0.01474185 4955.747
0.02012851 4769.407
0.005491333 4695.927
0.005006107 4828.195
0.008327897 4747.407
0.01985475 4868.998
0.02007944 4992.763
0.003127127 4987.752
0.005592949 4924.862
0.02111036 5307.428
0.05372272 5300.501
0.05182763 5504.263
0.05049254 5200.542
0.03092877 5461.41
0.01957605 5721.668
0.03143015 5723.53
0.0234448 5897.608
0.009448888 5757.646
0.01752483 5718.44
0.01851658 6151.759
0.03234865 6462.835
0.03506326 6721.309
0.03663357 6403.313
0.06102922 6737.481
0.04031395 6769.267
0.01534552 6817.589
0.02422213 6594.654
0.02408373 6637.809
0.02461708 6451.958
0.03769777 6453.419
0.03007976 6150.478
0.0171142 5882.108
0.005819656 5519.174
0.004709341 5025.486
0.01201973 5001.917
0.01170788 4865.418
0.01272122 4991.051
0.02311561 5260.935
0.01546038 5236.287
0.01739424 5358.393
0.02055191 5224.02
0.006933157 5434.65
0.006191828 5396.089
0.0007803571 5430.785
0.002224449 5376.138
0.0004776818 5240.455
0.004445866 5214.981
0.004530074 5507.928
0.005795108 5513.072
0.007001784 5156.362
0.00789793 4915.855
0.01251823 4734.955
0.002711681 4770.327
0.01436966 4376.422
0.02054475 4123.061
0.01098228 4379.866
0.003419901 4282.697
0.007189188 4463.057
0.00457838 4603.49
0.01219648 4833.342
0.01303323 4470.812
0.01833326 4339.129
0.02543217 4274.164
0.02791146 4253.538
0.03159699 4488.278
0.02380273 4945.468
0.01298652 5019.329
0.04022688 5258.654
0.06842714 5124.776
0.04660914 5283.103
0.04407672 5523.706
0.04076947 5485.393
0.05480368 5183.425
0.05386356 5546.714
0.05587459 5632.849
0.05705008 5873.858
0.02677937 5637.119
0.05094857 5321.969
0.05724868 5782.594
0.02040112 6072.604
0.02217283 6056.683
0.04157341 6048.63
0.05263052 5700.037
0.05504411 5533.885
0.0628989 5349.307
0.03014485 5605.264
0.04186846 5633.75
0.01954326 5950.877
0.02013451 5952.868
0.01256317 5354.247
0.00734108 5905.584
0.0269362 5599.491
0.02383003 5250.108
0.02043398 4838.037
0.03027373 4615.562
0.04905815 4910.884
0.05291895 5239.974
0.04634321 5270.477
0.04515227 5188.491
0.02443719 5292.426
0.0241422 5356.354
0.02987979 5500.873
0.04388288 5343.653
0.027763 5706.153
0.04426152 5932.257
0.064011 5907.248
0.04865268 5442.433
0.06789536 5211.932
0.04830715 5253.642
0.01601312 4654.187
0.02536416 4675.752
0.0352545 4702.573
0.02747881 4983.535
0.01302414 4615.383
0.007329523 4728.72
0.006256197 4865.229
0.01059167 5033.807
0.01989621 4736.457
0.005616396 4609.681
0.01219888 4827.029
0.009029306 4978.692
0.008527195 5046.242
0.01098553 4762.805
0.01104609 4734.503
0.04078098 4768.195
0.07348368 4849.68
0.06401787 4935.353
0.0467683 4822.211
0.03487038 4641.525
0.05972867 4896.694
0.07138877 4909.122
0.06583344 4603.544
0.08657389 4690.067
0.06353859 4525.714
0.05528493 4235.119
0.06375645 4141.914
0.07726296 3766.916
0.1192593 3561.788
0.1220795 3524.967
0.1052774 3486.409
0.1299391 3346.901
0.1072026 3181.56
0.1010799 3284.603
0.09319734 3109.723
0.08038027 2780.319
0.1061546 2918.953
0.110972 2940.738
0.1069244 2717.02
0.1119962 2885.595
0.07781455 2681.436
0.06129636 2756.732
0.07224636 2956.837
0.06774736 2750.863
0.06530969 2790.496
0.08494349 2732.008
0.1100882 2916.208
0.1203316 2962.354
0.08704817 2937.199
0.06048729 3092.323
0.04194895 3373.99
0.02673087 3554.14
0.02990493 3599.866
0.02360696 3512.551
0.05741802 3339.831
0.07931242 3302.105
0.07667536 3257.735
0.08672154 3295.313
0.05737574 3526.77
0.05104371 3307.99
0.04636346 3458.678
0.06862719 3200.301
0.0358005 3415.589
0.03110296 3567.892
0.03207309 3600.482
0.01933129 3851.567
0.01652575 3776.052
0.03263193 3910.037
0.04240005 4253.825
0.04168245 4541.818
0.07001961 4431.169
0.1004011 4683.098
0.1021322 4597.548
0.1212327 4997.292
0.1001323 5037.204
0.08165472 4960.253
0.09526243 4867.951
0.1272208 4994.16
0.1172343 4996.674
0.1114894 5412.725
0.08982012 5369.857
0.06885636 4937.833
0.0279002 4981.694
0.04038755 5187.836
0.04049322 4884.877
0.02724227 4983.282
0.01113978 4888.088
0.01387392 5276.629
0.02168149 5259.444
0.02220608 5257.808
0.01542721 5269.346
0.01259615 4780.216
0.01605397 4600.858
0.01207578 4588.821
0.0196825 4509.272
0.027057 4189.677
0.01746243 4198.383
0.007517365 4184.37
0.02126068 3799.943
0.02098415 3922.384
0.04685073 3453.406
0.03723544 3720.837
0.05165693 3805.889
0.03544146 3626.499
0.03698119 3981.283
0.05553445 3751.722
0.06413296 4024.13
0.06042162 4187.249
0.09847661 4136.679
0.06980461 4033.502
0.09067961 4425.313
0.07685227 4427.409
0.08552588 4201.233
0.06431968 4192.728
0.05613365 4447.631
0.03943911 4122.968
0.04529157 4157.675
0.04033831 4073.529
0.02333284 4173.321
0.03550302 3976.26
0.02185026 4048.537
0.02129803 4194.815
0.02639787 4246.52
0.01875356 4109.588
0.01116193 4130.216
0.009094703 4033.092
0.01788358 4022.747
0.01097717 3905.427
0.008866194 3973.833
0.01993777 4012.721
0.02532707 4004.638
0.02451728 3676.77
0.02429937 3781.52
0.01073901 3976.184
0.01495777 4092.881
0.02464931 4025.96
0.06013191 4125.148
0.04583976 4112.943
0.04603079 4115.495
0.05298714 4035.938
0.04312576 3963.827
0.08155696 3868.508
0.1064878 3749.626
0.1020751 3696.238
0.1007038 3975.452
0.07022705 4397.341
0.06040959 4449.187
0.1130827 4581.088
0.08279756 4608.355
0.08622915 4554.588
0.07599977 4270.919
0.07210363 4503.859
0.03821497 4309.85
0.02708012 4532.15
0.03553569 4613.52
0.03709874 4735.951
0.02067995 4922.103
0.02465846 5000.59
0.02880556 5039.452
0.05463479 4869.553
0.04872661 5003.037
0.047886 4882.049
0.02727356 4620.178
0.02826008 4750.233
0.01961749 4576.745
0.02797833 4728.285
0.01844927 5018.179
0.02205245 4693.672
0.04373255 4520.245
0.04560581 4148.973
0.02676448 4010.46
0.01299154 4029.441
0.01283235 3944.081
0.01331471 3803.153
0.01049174 3670.781
0.02645321 3682.735
0.02082483 3755.978
0.04796986 3671.787
0.0462202 3573.368
0.05762677 3574.113
0.04360997 3559.873
0.05574737 3705.28
0.04460574 3773.317
0.04468694 3750.172
0.03661341 3613.511
0.02946565 3911.489
0.0486245 4101.951
0.01707682 3723.828
0.01509716 3478.411
0.01885441 3520.252
0.04521215 3822.691
0.02824762 3632.946
0.04375684 3585.303
0.046664 3765.917
0.03273759 3741.124
0.03165005 3837.755
0.04535471 3869.83
0.0433032 3778.333
0.0378741 3928.615
0.01381377 3873.774
0.01874413 4015.65
0.01094359 4013.21
0.01151788 4022.571
0.01841993 4028.592
0.008612961 4216.718
0.0123645 4126.073
0.006420938 4155.322
0.004950121 4151.897
0.002172991 4118.539
0.00247327 4384.935
0.002010569 4766.073
0.00515527 4687.001
0.007962849 4188.679
0.008407324 4453.898
0.008139312 4451.558
0.01805148 4300.39
0.01493375 4481.981
0.01082744 4711.152
0.009938926 4471.244
0.009600577 4926.258
0.0299857 4685.075
0.04436943 4887.259
0.02491869 5087.47
0.02495063 5397.947
0.04015608 5594.71
0.04052023 5377.9
0.03029629 5362.873
0.06560404 5145
0.06180675 5228.058
0.06920191 5331.427
0.05233236 5452.555
0.06116901 5196.791
0.04695627 5388.643
0.05526893 5535.455
0.06043383 5478.087
0.05611922 5678.585
0.03961178 5835.152
0.04389276 5661.747
0.06102392 5368.821
0.02843271 5281.368
0.04889139 5026.642
0.05896786 4954.37
0.04245049 4895.91
0.02020281 4438.743
0.02495991 4087.397
0.03482316 4366.529
0.02262391 4551.634
0.02260662 4767.28
0.01805061 4825.198
0.01192986 4812.526
0.008874582 4846.471
0.02125706 4845.702
0.009151388 4781.158
0.01417272 4580.533
0.0159792 4283.555
0.02780926 4340.952
0.02420096 4543.473
0.02271952 4801.944
0.02204592 4527.961
0.02873993 4969.911
0.01022422 5434.442
0.009183865 5705.707
0.003046008 6251.37
0.005578108 6408.815
0.004918984 6773.972
0.02157628 6401.16
0.02124964 6226.338
0.03532857 6307.746
0.05620569 6883.635
0.04368833 7015.913
0.04126539 7617.237
0.03149981 7711.548
0.05617848 7639.628
0.04916699 7384.084
0.02915615 7657.544
0.03356032 7559.363
0.04976331 7977.811
0.03247765 8238.965
0.01258445 8301.401
0.01551518 7589.534
0.01122202 7300.194
0.005022373 7286.666
0.01254361 7190.908
0.01537158 7233.582
0.007197171 6866.007
0.003925194 6643.864
0.002238383 6517.052
0.003701465 6342.266
0.01584678 6382.564
0.01180687 6510.403
0.02329835 6740.31
0.02732699 7538.473
0.01903093 7465.171
0.03644992 7180.011
0.0302722 7443.863
0.0265207 7974.065
0.008112957 8023.716
0.01468658 8187.6
0.003408175 8285.043
0.009516563 7428.925
0.005144111 7447.523
0.01369691 7461.968
0.01254602 6853.841
0.01945066 7224.046
0.01747673 7034.064
0.04310325 7062.676
0.08603512 7151.983
0.07087504 6830.603
0.04155129 6821.362
0.01531915 6292.916
0.01684001 6573.6
0.02785422 6030.062
0.04792209 5663.172
0.02970991 5450.969
0.02822193 5601.697
0.03617765 5779.453
0.02643288 5668.044
0.0247121 5234.203
0.03552754 5352.335
0.02686785 5227.126
0.04129918 4985.65
0.0273257 5165.497
0.02504977 4882.878
0.03484864 5172.029
0.027347 5139.685
0.02896988 5064.031
0.02700362 4996.345
0.0360299 5141.465
0.03068588 5668.518
0.03263816 5908.586
0.04584968 6167.53
0.01938361 6019.734
0.01494548 6002.836
0.01762692 6440.017
0.02005183 6260.902
0.0184815 6163.259
0.01577678 6283.83
0.009730839 6143.515
0.006316001 6216.144
0.01387522 6164.933
0.02676858 6720.953
0.03663364 6956.225
0.0443093 6535.953
0.03824209 6472.749
0.02193654 6695.166
0.03362927 6998.268
0.02765074 6614.631
0.02318394 6616.336
0.02377997 6487.687
0.03721473 6612.991
0.04796589 7216.664
0.03347531 7457.825
0.02127216 7500.69
0.02315628 7426.071
0.02067346 7428.296
0.03405229 8385.77
0.01086887 8071.103
0.0361809 8254.524
0.041652 8303.231
0.03258649 8142.369
0.02972413 8570.053
0.04138186 8514.113
0.02904066 9280.591
0.04894 9516.993
0.0301222 9703.511
0.02654616 8601.87
0.02784736 8462.964
0.01971686 8425.809
0.01225762 7735.389
0.03305714 7457.83
0.01354723 7763.106
0.005031425 6965.787
0.006570351 7369.272
0.001823269 7530.579
0.002087593 7391.698
0.01385411 7191.44
0.01230466 7257.548
0.01087659 7179.096
0.0188614 6732.254
0.0142349 6243.841
0.02195226 6302.947
0.02372194 6190.085
0.01485532 6040.541
0.01083051 5942.664
0.02222076 5776.288
0.009762886 5928.583
0.02285596 5807.646
0.007114749 5562.762
0.02146537 5477.351
0.02803531 4953.527
0.02671722 5419.669
0.03745996 5518.072
0.05139882 5395.383
0.07918464 5040.711
0.1310965 4766.29
0.1228682 4761.033
0.154924 4684.652
0.1415877 4546.694
0.1778659 4853.284
0.1384583 4630.278
0.1682994 4603.225
0.1520321 4628.291
0.1199904 4724.923
0.1248502 4603.707
0.1259661 4543.469
0.1064841 4551.058
0.08389236 4463.844
0.06308261 4606.806
0.04897961 4776.186
0.05606615 4876.882
0.06871556 4734.08
0.03934376 4638.827
0.06682001 4560.374
0.06885135 4373.64
0.08724098 4247.477
0.07794303 4344.113
0.07223818 4095.783
0.06278678 4268.585
0.05728429 4615.605
0.04521869 4678.472
0.07351137 4643.276
0.03189151 4414.182
0.05163974 4382.891
0.04446534 4710.196
0.03303473 5011.479
0.04773574 5099.049
0.02602303 5038.159
0.03233505 5031.162
0.0443316 4732.874
0.04408773 4827.118
0.04629471 4901.506
0.02860549 4996.638
0.03236569 5128.813
0.05062961 5458.392
0.05469755 5681.075
0.07250929 6200.699
0.09250544 6195.868
0.09940319 6266.61
0.08620786 6260.978
0.09959771 6343.624
0.0589868 6339.188
0.0555594 6536.817
0.06308225 7038.459
0.05642828 7257.884
0.05620272 7193.632
0.06132165 7405.154
0.03499293 7449.522
0.03990329 8352.379
0.03413913 8030.275
0.06608714 8578.158
0.0455848 8619.476
0.02210804 8460.73
0.01784473 8265.584
0.03589761 7992.096
0.03042631 7909.367
0.04138515 7551.939
0.02806138 7465.229
0.03683385 7522.272
0.03980669 7333.989
0.04974204 7389.993
0.05447929 7616.855
0.08354787 8282.972
0.06040183 7981.426
0.06042797 8003.801
0.05648639 7853.058
0.04850294 8348.464
0.03305532 8125.127
0.03893168 8484.647
0.01597173 7897.238
0.0210917 7757.569
0.04510296 7947.926
0.03510641 7952.667
0.02080517 7842.911
0.00956573 8000.13
0.003244664 7816.81
0.02149715 7296.89
0.0113876 7278.326
0.02793725 6996.406
0.009055755 7009.944
0.018507 6677.857
0.01659654 6536.539
0.02224369 6643.458
0.009105525 6664.246
0.01922153 6878.545
0.01282832 7199.324
0.02327096 7351.822
0.02549085 7448.501
0.02243005 7166.387
0.03886346 6846.089
0.03418919 6685.375
0.02895135 6931.508
0.05155872 7032.914
0.04388508 7294.224
0.04186582 7485.416
0.03730213 6671.311
0.02609851 7003.043
0.03228503 6938.822
0.02774903 6647.241
0.03018122 6228.145
0.05333142 6166.062
0.03716323 6165.545
0.03560812 6506.467
0.03742963 7073.696
0.04778515 6408.335
0.0289316 6302.999
0.02507757 6088.879
0.01781599 5962.53
0.01396954 5799.121
0.01896653 6053.055
0.02978013 5992.6
0.01335423 5747.855
0.02534307 5755.346
0.04038922 5856.795
0.02092841 4972.997
0.02344094 4686.789
0.02118927 4934.441
0.04422663 4719.834
0.02839428 4582.306
0.02173088 4965.554
0.04265663 4919.643
0.03715654 5093.774
0.04466974 4729.812
0.02160945 4861.824
0.0210662 4607.67
0.02943932 4760.326
0.033438 4623.092
0.05846711 4657.026
0.02570368 4207.737
0.05167023 3895.934
0.06639374 3595.039
0.08598023 3555.416
0.06038366 3271.906
0.08252764 3079.311
0.07869677 3228.781
0.06298555 3082.7
0.05253989 2883.292
0.03660415 2887.733
0.03874357 2698.443
0.03823956 2769.363
0.05118646 3036.683
0.04198967 3024.379
0.02388555 3004.437
0.0119348 3105.151
0.02043805 3186.92
0.01582904 3233.961
0.01186416 3211.228
0.01197001 3173.175
0.02153471 3150.917
0.03615814 3078.25
0.04681699 2925.497
0.03146945 2634.062
0.02359535 2633.383
0.03306332 2476.237
0.02205165 2359.243
0.02699681 2295.597
0.02460394 2504.393
0.02490826 2761.53
0.05184578 2848.712
0.06231604 2992.115
0.08004634 2877.664
0.07797177 2549.74
0.04610049 2743.178
0.0701151 2700.145
0.05432256 2629.109
0.07188451 2425.891
0.08915461 2332.249
0.07728265 2307.182
0.09768691 2337.667
0.1145515 2423.835
0.108235 2716.235
0.05882683 2584.124
0.06787929 2504.43
0.06671721 2374.281
0.08814156 2630.499
0.09828281 2541.087
0.08379959 2420.999
0.07117902 2460.921
0.0759895 2517.195
0.1010856 2417.592
0.08984315 2467.968
0.1632979 2633.972
0.155263 2390.762
0.1124606 2512.005
0.1264875 2676.131
0.1597986 2487.633
0.1212565 2344.953
0.1409879 2654.274
0.1234143 2722.939
0.08686327 2577.814
0.07483791 2521.356
0.08488143 2581.912
0.08984386 2623.621
0.1163489 2509.901
0.08588083 2343.306
0.08301077 2293.836
0.09199213 2418.095
0.08185884 2335.443
0.1015325 2233.049
0.1106249 2240.581
0.09558508 2136.215
0.08284905 2067.818
0.1174088 2199.966
0.1119993 2085.359
0.1305599 2122.958
0.0983036 2087.347
0.09242491 2122.091
0.1126267 2073.147
0.09748518 2201.519
0.09272748 2270.732
0.07441593 2275.821
0.02816807 2328.648
0.03415668 2387.943
0.01815476 2311.551
0.01707386 2136.465
0.0434963 2183.027
0.05406306 2180.254
0.06099603 2038.256
0.07395731 1998.868
0.06726286 2013.363
0.05040242 2110.339
0.08929991 2262.74
0.03407695 2353.743
0.03085818 2370.29
0.05057543 2283.964
0.02200055 2176.947
0.01551182 2247.031
0.009119094 2198.581
0.02251327 2157.423
0.02762143 2128.951
0.03403322 1988.708
0.02992205 1884.012
0.02779226 1849.817
0.03468408 1941.145
0.04786311 1952.229
0.02746855 1777.789
0.04562176 1722.298
0.05683037 1699.404
0.08276619 1716.297
0.1062895 1736.895
0.07874602 1796.101
0.06516267 1802.617
0.04722605 1839.115
0.02311566 2059.572
0.0325754 1984.076
0.04923437 2028.833
0.08525351 1932.602
0.0902613 1933.015
0.1645791 1914.473
0.1364217 1795.183
0.1046542 1688.343
0.08658719 1664.275
0.1151835 1568.805
0.07396597 1642.764
0.07778684 1680.53
0.05785082 1753.091
0.0406111 1815.923
0.07435202 1827.339
0.07631756 1836.061
0.07618966 1880.69
0.04192573 1966.217
0.04256102 1930.018
0.08511435 1995.903
0.1023947 1926.915
0.09035678 1935.043
0.1300377 1927.183
0.1535875 1915.069
0.1608383 1867.36
0.1453242 1831.72
0.1503454 1873.809
0.1260578 1820.47
0.1140353 1844.228
0.08805829 1887.577
0.1078342 1810.49
0.09665423 1728.953
0.1075608 1830.881
0.0664896 1727.107
0.0576077 1782.765
0.06581966 1629.614
0.05272093 1654.835
0.04874831 1730.739
0.05500206 1638.765
0.06249764 1730.909
0.04052289 1744.166
0.06779844 1552.084
0.07086945 1650.656
0.08612286 1606.299
0.09806875 1635.857
0.1226595 1535.691
0.1119784 1517.837
0.1297843 1634.682
0.1423255 1736.641
0.1532065 1621.06
0.1660737 1629.862
0.1569515 1684.126
0.1375045 1672.725
0.1727851 1757.219
0.1698724 1855.664
0.1425044 1853.558
0.1433602 1979.369
0.1141879 1871.762
0.1327031 1778.757
0.1453359 1730.531
0.1410619 1751.381
0.124677 1664.21
0.1129117 1841.729
0.08144422 1978.014
0.06909368 1996.355
0.06239493 1953.789
0.04729249 1994.951
0.06119803 1882.355
0.05223793 1946.975
0.04424635 1941.358
0.0479005 1889.591
0.03925028 1878.919
0.03629321 1950.922
0.02189161 1999.301
0.008774622 1772.681
0.009722896 1739.725
0.01584016 1675.784
0.006191627 1851.312
0.003579258 1774.658
0.005933663 1731.842
0.01371044 1593.524
0.02207079 1590.606
0.02234687 1766.186
0.01410503 1746.125
0.007696096 1701.457
0.01607592 1739.642
0.02150121 1914.702
0.03033423 1989.707
0.02380578 1977.693
0.032047 1966.173
0.02801091 1939.764
0.04619917 1840.878
0.04326837 1906.538
0.04948313 1916.925
0.04115756 1869.206
0.04104835 1927.503
0.03004478 1794.009
0.08325329 1787.094
0.09386705 1714.584
0.09250457 1675.283
0.07793769 1699.356
0.09918478 1614.75
0.09608301 1576.466
0.1101862 1548.045
0.1287736 1583.57
0.1129874 1558.732
0.08917444 1652.781
0.08919064 1663.17
0.08880083 1681.303
0.1150873 1552.932
0.1022586 1459.554
0.09215126 1470.254
0.09436484 1384.125
0.1098272 1525.03
0.1228499 1520.684
0.1105338 1513.791
0.1127939 1605.424
0.1106246 1590.2
0.1633242 1628.167
0.1596209 1574.666
0.1805077 1572.772
0.1570131 1643.131
0.1613229 1698.384
0.1582436 1851.168
0.1509111 1865.492
0.1118051 1868.283
0.1006028 1865.823
0.1127706 1853.143
0.1062947 1915.884
0.06306567 1919.23
0.06217528 1898.153
0.0719332 1778.324
0.05928736 1824.864
0.0658667 1981.002
0.07492218 2108.927
0.05400107 2048.482
0.0559923 1995.1
0.06474172 2104.859
0.05035535 1952.769
0.04189657 2004.867
0.06120814 1966.334
0.04503543 2065.127
0.04971579 2079.76
0.04282447 2158.524
0.0483586 2002.568
0.0519371 1945.549
0.06422357 2122.46
0.08917823 2116.957
0.07708981 2208.974
0.07316583 2410.274
0.04999874 2428.291
0.07926541 2553.467
0.06784232 2464.767
0.07756253 2483.141
0.06837135 2368.139
0.03805251 2356.345
0.05003415 2464.271
0.04686928 2315.114
0.06852582 2368.4
0.08683449 2370.97
0.1086104 2403.438
0.09736443 2515.948
0.07493976 2652.415
0.07093182 2627.993
0.08058337 2666.451
0.06906095 2400.28
0.0614416 2269.28
0.03557883 2475.664
0.03166048 2446.981
0.03199511 2554.876
0.02158581 2498.308
0.0220891 2387.541
0.04024503 2327.603
0.03139581 2307.573
0.05412097 2190.494
0.06451545 2184.439
0.09225947 2201.259
0.09255183 2149.849
0.08327511 2085.71
0.09059094 2093.582
0.08594 2074.102
0.06038609 2174.515
0.0548864 2028.517
0.05289992 2113.836
0.04001533 2167.061
0.03880708 2302.5
0.05122601 2253.51
0.06087616 2084.133
0.03648466 2182.967
0.04287837 2190.981
0.08532386 2177.969
0.1211585 1972.755
0.1460603 1991.35
0.09735997 1914.607
0.0957301 2008.273
0.08431141 1883.825
0.04336784 1787.505
0.04025307 1808.66
0.03925625 1943.313
0.04454052 1879.756
0.05084528 1907.88
0.04441742 1911.245
0.03597258 1944.871
0.02491609 1818.515
0.03537332 2006.291
0.04216602 2139.302
0.02716069 2133.623
0.01934472 2157.488
0.02800293 2248.291
0.04182488 2335.285
0.0490575 2201.956
0.01746415 2191.303
0.03316173 2184.375
0.02508741 2066.996
0.03051291 2129.605
0.03579498 2033.546
0.05376434 1986.89
0.07351227 1955.284
0.06500334 1898.882
0.058389 2029.09
0.06127732 2052.809
0.09165475 2175.37
0.124365 2109.599
0.1274199 1895.996
0.1399392 2037.675
0.1308274 2119.66
0.1015277 2093.08
0.08476703 2157.581
0.1114274 2150.884
0.123262 2203.222
0.1083195 2301.118
0.1548277 2242.981
0.1890136 2069.41
0.1147207 2060.79
0.1219584 1999.658
0.05892887 2051.74
0.05767147 2044.339
0.03871383 2171.154
0.03282325 2277.903
0.05535366 2412.26
0.0585921 2384.604
0.07433275 2209.154
0.09103217 2177.618
0.0781362 2166.729
0.08885972 2108.666
0.1444113 1991.638
0.1242154 1857.251
0.1536042 1781.4
0.1453523 1787.732
0.1055032 1765.052
0.06189861 1730.917
0.07863737 1766.407
0.116789 1839.009
0.1409244 1790.936
0.1315892 1721.793
0.1322739 1649.04
0.1154679 1733.694
0.1170799 1690.135
0.1446207 1772.497
0.1112551 1724.717
0.0900263 1673.755
0.08542701 1747.053
0.05842366 1792.373
0.07484829 2029.35
0.07543831 2012.177
0.05802351 1998.644
0.09261783 1916.024
0.06340065 1937.432
0.08993456 2016.117
0.08357161 1931.589
0.08476698 2026.725
0.07305179 2061.607
0.05575241 2080.173
0.05712334 2237.705
0.08065989 2161.41
0.1025684 2152.555
0.09271769 2149.692
0.1633195 2285.557
0.1301627 2319.727
0.09881784 2254.371
0.1201291 2026.394
0.1034898 1976.435
0.07925526 1975.755
0.04916008 1898.188
0.03308112 1903.818
0.0377868 1832.851
0.04986968 1818.034
0.02571154 1871.576
0.02500804 1862.666
0.02935637 1844.541
0.024392 1774.562
0.03775494 1810.249
0.04738716 1733.222
0.04212781 1650.131
0.04705394 1607.317
0.02869001 1485.012
0.03193329 1467.179
0.03889354 1523.492
0.04258681 1449.944
0.03682958 1356.825
0.01412609 1364.664
0.01450692 1330.712
0.01279947 1371.281
0.01784081 1415.758
0.01732389 1487.257
0.03402645 1464.014
0.02737327 1449.019
0.02323544 1461.179
0.020762 1529.015
0.03062334 1648.38
0.03255137 1573.293
0.03672758 1533.965
0.06966714 1611.216
0.04307261 1648.43
0.02407671 1555.802
0.02007636 1582.684
0.03315567 1731.443
0.03403845 1682.226
0.02957114 1797.864
0.03378303 1861.332
0.05310506 1729.352
0.0598017 1775.79
0.05338967 1962.429
0.03058984 2083.397
0.03723066 2016.561
0.05286972 2156.501
0.05625921 2032.327
0.07130847 1846.087
0.04836769 1846.156
0.04582036 1783.245
0.01768505 1831.98
0.03219826 1909.652
0.052808 1887.137
0.04852009 2027.566
0.03823037 2122.919
0.02937694 2179.087
0.02332477 2190.8
0.04697051 2129.848
0.05334974 1973.385
0.06021969 2005.856
0.05851659 2000.083
0.05509366 2027.836
0.08116288 2111.472
0.06830871 2119.552
0.07361573 2043.383
0.09044094 2060.513
0.08284826 2145.508
0.07814835 1949.346
0.04202649 2076.059
0.04327533 2025.074
0.0598986 2047.721
0.06685533 1966.492
0.07434506 1912.284
0.08361035 1936.615
0.06593175 1899.049
0.04578693 1884.677
0.05278502 1798.095
0.02792745 1814.246
0.01875748 1796.25
0.01686536 1880.943
0.01116504 1925.843
0.01492398 2079.162
0.009390804 2220.241
0.009557299 2060.488
0.01146834 2186.41
0.0081796 2236.947
0.01535543 2252.23
0.03414732 2138.558
0.05262993 1952.997
0.05423653 1956.012
0.04060578 1917.857
0.04205166 1774.322
0.04629915 1746.98
0.05989708 1779.116
0.04108802 1752.803
0.02929667 1702.812
0.03431549 1798.711
0.0381349 1750.071
0.03672598 1745.588
0.05264547 1635.538
0.0915043 1692.128
0.07478996 1690.86
0.08026529 1863.19
0.1021085 1995.76
0.09347789 1934.982
0.06565585 1946.014
0.04252602 1814.495
0.02791461 1866.839
0.05215903 1705.276
0.05404133 1946.786
0.02918039 2106.234
0.02106144 2130.264
0.01399459 2246.535
0.001742647 2167.141
0.008171618 2152.822
0.02558492 2098.104
0.02929074 2116.977
0.02230629 2054.795
0.04050008 2103.012
0.05831463 2126.238
0.07852989 1934.302
0.08827563 1946.991
0.1110242 2059.922
0.1050398 2144.97
0.0610997 2242.13
0.06943932 2146.214
0.06107071 2158.407
0.05288195 2034.465
0.03942687 2186.489
0.03516102 2096.39
0.02152489 1982.472
0.01575579 2170.447
0.01699499 2183.686
0.03847409 2237.691
0.02509531 2279.103
0.01475824 2326.948
0.03517897 2491.724
0.03760154 2454.374
0.04924356 2405.121
0.04616395 2486.899
0.05239638 2456.991
0.04144665 2304.649
0.04066868 2307.741
0.05156184 2227.001
0.02463256 2169.666
0.01686193 2229.083
0.01144973 2342.733
0.03887455 2462.785
0.02866849 2757.302
0.02777034 2710.632
0.03283921 2806.737
0.02517207 2850.522
0.0263251 2926.73
0.01595502 2801.125
0.00550723 2827.304
0.006429899 2747.741
0.01382049 2804.283
0.02016082 2632.44
0.02461029 2505.492
0.03175514 2445.626
0.03717874 2448.821
0.05146195 2549.852
0.03995864 2788.071
0.03215823 2701.352
0.03209269 2697.503
0.0389592 2649.02
0.02928874 2671.862
0.01559032 2824.857
0.01162246 2861.465
0.01083454 2769.185
0.0124279 2851.782
0.004051177 2719.052
0.02118275 2993.039
0.02852541 3113.807
0.05282063 3353.803
0.03813124 3376.052
0.04112515 3233.696
0.0264293 3007.902
0.0271789 2847.392
0.04873576 2907.295
0.0221155 2780.198
0.02370386 2826.627
0.01747688 2849.873
0.00875623 2708.423
0.01059024 2766.19
0.003843307 2690.902
0.0008499315 2728.52
0.003746335 2639.973
0.01063284 2809.609
0.01875157 2697.896
0.0162646 2909.17
0.01523848 2847.674
0.0158563 3071.845
0.008679226 3062.983
0.01200457 3081.49
0.007850924 3059.706
0.007865716 3099.774
0.01261421 3009.058
0.003424663 3127.407
0.009332715 3310.849
0.006658243 3255.956
0.01424087 3333.352
0.03252108 3263.07
0.05050659 3306.089
0.05421764 3422.15
0.04691694 3488.748
0.05864591 3606.885
0.09095701 3674.187
0.08280531 3680.669
0.08968377 3657.877
0.1451831 3403.814
0.1364703 3364.281
0.1308175 3338.649
0.1138904 3288.781
0.08954421 3194.377
0.06300817 3272.568
0.03199587 3307.853
0.04175309 3674.229
0.02986123 3791.999
0.04459987 3517.936
0.06916233 3361.424
0.07492725 3375.828
0.04210762 3626.692
0.07687611 3905.791
0.08066968 4248.918
0.08709757 4368.346
0.07665892 4443.727
0.05177238 4545.665
0.0500558 4937.359
0.03042489 5159.86
0.03107909 5390.128
0.0285547 5336.177
0.01673908 5357.143
0.01778287 4700.576
0.01347715 4522.025
0.01099263 4774.784
0.01623697 5192.285
0.0133882 5597.606
0.04008144 5770.635
0.0282031 5903.216
0.04094168 5499.937
0.06021416 5392.928
0.07097377 5022.782
0.0564918 5046.754
0.06107545 5163.575
0.05185626 5322.767
0.06195273 5204.442
0.05104257 5259.19
0.0490213 5490.549
0.04879096 5308.048
0.04953207 5176.217
0.02992497 4839.458
0.02396419 4989.502
0.02657271 4817.764
0.03346476 4699.453
0.03330705 4578.44
0.04437543 4467.089
0.06037508 4489.298
0.04748751 4764.305
0.02629682 4601.248
0.02219603 4964.062
0.01773579 5167.793
0.02017706 5015.212
0.02300725 4846.913
0.01694373 4536.827
0.03758394 4450.848
0.05511962 4655.42
0.02796011 4907.298
0.05411102 5128.56
0.04924973 5298.723
0.02509507 5214.569
0.02758305 5336.11
0.03187581 5396.921
0.05960085 5433.781
0.07333757 5339.235
0.08422544 5344.096
0.1015805 5558.968
0.08036082 5913.807
0.06975688 5423.727
0.08381501 5232.271
0.07524221 5360.982
0.08176714 5224.918
0.03886121 4714.791
0.02587108 4706.183
0.01455862 4457.74
0.02564841 4387.907
0.02717252 4564.446
0.01547303 4820.19
0.02878366 4865.78
0.03053591 4505.881
0.02888379 4625.063
0.01044297 4840.385
0.003937389 4941.395
0.001970887 5280.884
0.002099494 5438.333
0.02087027 5399.228
0.01497083 5435.763
0.02538397 5763.589
0.02172637 5342.095
0.02231905 5272.397
0.02435164 4944.031
0.01608 4777.162
0.02545781 4823.975
0.02770869 4840.549
0.005828062 5279.569
0.007671069 5680.355
0.01765054 5977.239
0.02611281 5407.699
0.02967485 5396.037
0.02193289 5451.896
0.02458903 5090.218
0.02466026 4786.477
0.02038104 4699.351
0.01086331 4676.232
0.01034778 4797.838
0.02059732 4664.206
0.02067916 4123.222
0.02052698 3925.227
0.021362 3854.933
0.0307787 3983.396
0.04092656 3923.834
0.02718589 4116.583
0.02358883 3866.15
0.01267597 3976.696
0.01790437 4006.21
0.02616935 4093.584
0.02767005 4489.488
0.04678018 4343.31
0.05467289 3803.938
0.05203206 3869.128
0.03629249 3789.135
0.03971565 3842.586
0.02049295 3826.856
0.02142221 4045.218
0.03595211 4322.526
0.03536753 4356.304
0.0266246 4499.146
0.01453068 4289.253
0.0075515 4086.961
0.008718166 4219.267
0.005955775 4214.228
0.005987794 4359.076
0.01419776 4445.959
0.007735738 4184.461
0.03128684 4084.74
0.03065904 4089.726
0.02482623 3882.54
0.02942634 3849.484
0.01892909 3873.205
0.002389677 3849.839
0.006729015 3867.225
0.02621395 4033.962
0.03785338 3986.758
0.03377604 3871.968
0.02922009 3821.432
0.02922262 4146.199
0.01657101 4199.368
0.02597663 4227.233
0.01665669 4314.56
0.03220226 4059.526
0.04278915 4440.787
0.07411449 4493.61
0.05635891 4840.472
0.08246573 4796.085
0.09070457 4658.251
0.07577093 4266.185
0.06827862 4172.194
0.04747708 4258.511
0.08235973 4164.282
0.1021725 4177.543
0.09485798 4560.567
0.08976302 4516.6
0.09861181 4669.393
0.1223486 4666.655
0.1063885 4967.227
0.08458697 5212.288
0.05819317 5512.543
0.05792813 5433.101
0.0366602 5367.228
0.03543486 5047.103
0.05163763 5120.62
0.03750761 5062.343
0.07288669 5250.717
0.04305315 4962.095
0.04935174 4749.681
0.0586121 4350.398
0.04320948 4276.017
0.04171905 4173.556
0.03365565 4233.556
0.01684753 4337.303
0.02313888 4466.853
0.02096958 4590.661
0.01127325 4486.053
0.02504883 4408.775
0.02506855 4350.052
0.02639935 4276.787
0.01381322 4393.294
0.01285768 4463.521
0.003142547 4453.501
0.004851285 4273.25
0.008301767 4707.207
0.009175478 4617.417
0.01669121 4189.414
0.03392642 4267.009
0.02549676 4045.228
0.05304193 4085.717
0.04060276 3973.259
0.0442536 4035.975
0.04201244 4149.535
0.02252863 3975.733
0.01427274 3896.218
0.01450496 4037.257
0.004407017 4248.835
0.0120936 4183.498
0.01696829 4367.381
0.04012329 4396.572
0.06443394 4241.176
0.0619997 4494.394
0.06495625 4746.289
0.08059411 4760.33
0.09861403 4907.195
0.09623384 4774.204
0.0690461 4679.785
0.07672144 4485.543
0.08550419 4601.634
0.06328634 4677.929
0.03758478 4540.562
0.04078456 4935.305
0.04021051 5091.088
0.04999409 5257.191
0.06385349 5034.57
0.05722797 5058.269
0.07649034 5639.284
0.08057244 5956.042
0.1104493 5845.864
0.1058972 5709.659
0.05620025 5475.485
0.06418539 5629.537
0.05316171 5369.768
0.09516247 5200.969
0.08285323 4902.853
0.06074196 4673.534
0.05336153 4729.731
0.08360442 4771.404
0.09585896 5129.768
0.07806296 5101.591
0.06322793 5024.731
0.04731961 4781.239
0.06719683 4818.867
0.0431969 4609.279
0.06010151 4186.331
0.04143098 4574.362
0.05238722 4431.692
0.03020468 4224.876
0.01294994 4484.749
0.006702057 4345.303
0.005278135 4246.428
0.0223762 4816.534
0.04453464 4897.316
0.0614207 5123.174
0.07375274 4981.307
0.06998787 4732.049
0.08867131 4927.75
0.08935083 5337.921
0.06635131 5700.847
0.06902427 5490.953
0.05005839 5627.598
0.03539709 5979.589
0.04946686 5520.541
0.05023614 5439.514
0.024394 5451.23
0.01761513 5633.359
0.02368616 5394.539
0.02713557 5680.072
0.03160296 5693.075
0.03378786 5297.53
0.04071284 5283.227
0.03204792 5476.33
0.0488336 5959.156
0.03820097 5935.732
0.04406664 6229.922
0.02564706 6209.619
0.04056809 6352.857
0.02902379 6376.796
0.02931609 6123.124
0.01693292 6236.681
0.01886226 6151.193
0.03145857 6469.796
0.04583127 6410.419
0.06216664 6591.33
0.05223444 6753.768
0.04227757 6202.11
0.04950805 5827.114
0.0476128 5491.501
0.05812048 5298.644
0.06577513 5856.665
0.06591675 6142.794
0.05189639 6536.17
0.05210224 6680.408
0.06017659 6916.1
0.0808841 7041.942
0.08306913 7294.307
0.1011605 7183.867
0.1103316 6958.393
0.09502076 7734.832
0.08796725 7713.696
0.07563604 7953.751
0.05234235 8793.518
0.04127144 8395.944
0.03071771 9060.803
0.04957016 9022.231
0.04769448 8707.956
0.04164224 9137.581
0.03728191 9895.7
0.07816487 10261.87
0.08592976 11101.96
0.0609994 10896.45
0.0450544 10200.22
0.03823623 10330.11
0.06247585 11527.6
0.0313869 12173.5
0.02839274 11148.79
0.01239779 10595.76
0.00692629 10929.08
0.01013884 10893.6
0.001645646 10699.87
0.0009171075 10791.06
0.00420874 11280.54
0.0003366455 11287.11
0.007882117 10778.51
0.01027207 11625.35
0.01883868 11557.3
0.026784 11603.65
0.0181163 11293.95
0.01723861 11843.48
0.0155667 11934.15
0.01048227 11476.05
0.01548961 12143.79
0.01038389 12575.66
0.003608056 12192.04
0.003325512 13394.22
0.007782356 13415.73
0.0167721 12111.7
0.01186879 12375.91
0.01301182 13078.68
0.007825672 13797.55
0.005724622 14352.12
0.01001361 14562.56
0.02017007 13952.81
0.02850551 13283.96
0.04005327 12528.87
0.01427783 12093.83
0.008312951 11611.9
0.008322381 12773.96
0.006019962 12142.03
0.004724132 11753.24
0.005111338 12475.93
0.008031221 11694.87
0.01064736 11903.94
0.005201066 11586.84
0.01357054 11302.39
0.01675801 11104.28
0.01910326 10730.58
0.007334286 10200.86
0.005173929 10095.5
0.00581828 9727.675
0.01208343 10036.69
0.01555019 10881.03
0.0135264 11265.87
0.004502825 10759.76
0.01264135 11424.38
0.01068198 10929.89
0.01029246 10897.01
0.007876425 11148.17
0.009741545 10234.71
0.02251857 10375.92
0.01039418 10205.47
0.02173624 9878.709
0.03477775 9449.47
0.01289071 8883.58
0.01736124 9245.448
0.01695564 8964.069
0.007304955 8586.663
0.009290712 8837.293
0.003377414 9385.495
0.00166618 9691.355
0.003777711 9685.491
0.0006272733 9209.219
0.007553078 9268.22
0.01385325 8896.915
0.004304601 8600.852
0.01368884 8433.614
0.0175258 8342.829
0.008509781 8125.694
0.02231825 7884.505
0.03011889 8492.47
0.01699616 8020.626
0.02471549 7575.353
0.03869056 7877.284
0.02894811 8044.338
0.02507642 8110.887
0.01029384 8672.614
0.01878292 8911.206
0.03228201 8529.772
0.03351747 7587.055
0.02070752 8176.849
0.03097351 8256.943
0.03711212 8840.856
0.03109368 8054.715
0.01437663 7947.235
0.009920902 7265.085
0.03525751 7202.191
0.03049169 7302.866
0.01229451 7342.589
0.01405671 7401.308
0.01313228 7666.019
0.004661916 7198.678
0.005936527 7556.668
0.01517961 7560.283
0.01125114 7569.902
0.01106009 8234.353
0.02670079 7870.618
0.04542465 8164.924
0.04437614 8397.759
0.03126472 8887.525
0.02326504 8778.056
0.04057079 8508.722
0.02455619 8792.971
0.02259969 9025.216
0.03593431 8533.686
0.05057281 8108.029
0.0224952 8462.762
0.02186692 8353.415
0.03096396 8555.44
0.0409593 8881.883
0.01805999 9071.388
0.0236308 9197.942
0.03359241 9809.183
0.02665365 9364.687
0.028638 9830.249
0.0221972 9406.352
0.02301452 9165.695
0.02725961 9579.428
0.01944232 10439.34
0.009796604 9885.935
0.01522277 10787.12
0.01198943 10722.91
0.006585814 10917.55
0.0009128706 11403.81
0.01127937 12029.72
0.002137126 12785.22
0.008265253 12702.69
0.02095863 13384.14
0.0149475 13332.7
0.01569378 13712.33
0.00781111 12760.13
0.00849613 12598.67
0.00967749 12484.07
0.00923665 12253.01
0.01757318 12115.63
0.006075858 11704.86
0.005775382 11672.34
0.01005149 11350.66
0.009091507 11597.15
0.01151359 12514.42
0.027675 12546.38
0.02202471 12849.59
0.03951692 14099.47
0.04939681 13689.19
0.009328528 13132.76
0.006083764 14096.4
0.008162699 13992.78
0.004923532 13440.88
0.006593008 13800.68
0.002942062 13600.3
0.005436364 13491.45
0.001203234 11930.16
0.007660891 11680.92
0.006683749 10996.43
0.006016823 10296.64
0.009800252 10748.34
0.01134029 10817.44
0.01049003 10692.94
0.01036998 10110.19
0.04431365 10063.55
0.05421994 9656.013
0.05060852 9851.965
0.03329878 9723.437
0.03082451 10188.68
0.05058852 10554.05
0.01966988 10831.04
0.01650665 11706.89
0.01500477 11067.11
0.01544505 11090.57
0.008445072 11456.15
0.01127957 10796.59
0.01587773 11256.15
0.02915604 11378.87
0.02373 12419.16
0.01524132 11667.98
0.01059314 11621.7
0.0204598 12056.72
0.03653423 12086.89
0.01851136 11678.04
0.00741676 10594.74
0.008824586 10944.98
0.006356445 10989.7
0.01820309 11061.66
0.02224872 11486.6
0.04594314 11728.26
0.04081512 11804.03
0.04623538 12151.33
0.04128335 11582.31
0.03760401 11984.34
0.02393984 12331.11
0.0130254 11845.74
0.009404348 11240.28
0.008444825 11697.68
0.01415969 11301.93
0.008998946 11306.57
0.003005475 11443.16
0.003082697 11109.12
0.00620022 10733.24
0.007094439 10533.41
0.00814219 10876
0.01921924 11178.58
0.006956083 10459.37
0.004992882 10251.83
0.006945146 9943.172
0.01772692 10240.92
0.009508399 9873.744
0.002886661 9791.75
0.003600744 10366.23
0.004047772 10521.3
0.005602089 11067.87
0.001955105 11469.96
0.004641088 11457.07
0.01320796 11572.31
0.01494104 11508.16
0.01455757 11429.8
0.008713788 11488.62
0.01373813 11619.84
0.01064353 10751.1
0.006380168 10825.37
0.00590956 10608.24
0.006755565 10154.58
0.00627707 11073.61
0.01250214 10614.67
0.02819188 10719.5
0.01152695 11394.96
0.005858554 12255.58
0.009187734 12872.94
0.0205129 13509.56
0.01843064 14584.39
0.006707636 15893.87
0.004012421 16747.36
0.005966689 18535.64
0.004378603 17767.35
0.01844485 17192.43
0.01924364 17912.81
0.01803946 17383.31
0.005725337 17184.65
0.006123382 18559.08
0.009937679 19827.87
0.0107723 20923.79
0.003700331 20334.38
0.006312227 21299.54
0.008784757 21086.28
0.009340121 22408.16
0.01538373 23458.27
0.01350952 25570.05
0.007589832 23467.73
0.007113294 24617.95
0.01462132 22206.04
0.01478955 23502.16
0.01179417 24536.19
0.01640678 26266.35
0.013871 25215.29
0.01673505 24852.03
0.01214995 25325.02
0.008223982 26665.97
0.0103908 25993.59
0.004576561 25951.98
0.01033503 23932.99
0.0256941 26004.59
0.01570853 28107.19
0.02338532 28580.7
0.01583805 29428.11
0.01074342 31640.19
0.004861021 32233.73
0.01714142 30339.04
0.00955435 29904.03
0.007465946 33271.25
0.0001804859 36105.43
0.003427714 33045.73
0.00537637 33985.59
0.001116717 34529.63
0.003971026 36329.33
0.008461869 36431.13
0.005865489 33947.46
0.01538789 33097.96
0.007034074 35536.39
0.001462866 34257.16
0.0008741404 32275.69
0.00414676 33430.01
0.001460937 33428.17
0.004829521 32632.87
0.007874354 33395.87
0.01344012 30513.15
0.009783156 29730.63
0.006621546 29257.51
0.002026304 28624.93
0.007457511 28605.54
0.00433825 27393.63
0.01304823 28178.16
0.008328441 29423.81
0.00423683 29821.96
0.009784918 27808.33
0.008482386 26262.78
0.004394575 27175.76
0.001249483 26116.53
0.003101759 28243.16
0.005768983 29334.38
0.007042968 29162.87
0.009902378 28248.33
0.0168586 28730.81
0.009553165 32087.85
0.01780642 31899.65
0.003729712 33822.09
0.001974658 32754.86
0.004640008 31781.51
0.01584958 30761.49
0.02365743 32245.6
0.01334806 34990.8
0.01807645 35795.05
0.009483066 37096.58
0.01374036 36065.86
0.01119695 36185.46
0.003442753 36112.23
0.002354815 36818.57
0.006497683 34995.4
0.002302798 31817.73
0.005497637 33331.84
0.001619581 34820.89
0.007920648 33973.59
0.01171057 35555.08
0.008244644 34502.8
0.003466835 35805.19
0.009572541 32193.23
0.002523224 30301.35
0.0006765173 29730.43
0.006152102 29535.47
0.002387039 26638.52
0.002908344 28404.87
0.002424425 28072.52
0.006164654 27043.5
0.005134797 28442.85
0.01246839 29781.07
0.004100828 30099.38
0.005660539 27812.41
0.01588897 28665.16
0.01337066 28204.57
0.01919912 30417.58
0.005182306 29001.74
0.002518211 29650.98
0.004474819 29147.57
0.007399306 28900.29
0.01103576 29094.64
0.01185541 29505.66
0.01156956 31226.18
0.01202786 30278.85
0.01508373 31139.94
0.03249674 32208.31
0.02756227 31680.38
0.03164254 29994.93
0.01232669 28915.93
0.006512606 29213.53
0.002245085 28505.21
0.006386127 26898.7
0.005485351 25498.14
0.01039992 26266.47
0.008460597 26021.59
0.006977734 26318.21
0.007419816 26175.18
0.002963119 26575.42
0.001822493 28383.27
0.002086235 26855.67
0.001508274 28026.03
0.00278944 28604.27
0.002566492 28728.32
0.002628903 27040.4
0.008746128 26274.87
0.02001165 26050.36
0.01305313 24801.06
0.007247061 25271.03
0.002262022 27443.65
0.007757568 27753.43
0.007452603 29487.85
0.01553919 29606.26
0.01171019 28758
0.01116708 29586.06
0.006034954 29390.29
0.01186842 31697.95
0.01304507 32287.85
0.0077423 30638.21
0.01434303 26602.88
0.009088758 26557.36
0.001041098 26535.16
0.001962665 24105.97
0.003364772 23437.81
0.000889427 23180.39
0.001360241 21434.83
0.004694617 21088.82
0.01274205 20959.3
0.0203724 21753.93
0.06271606 20888.69
0.04193847 20622.66
0.02137961 21372.56
0.02312212 20860.35
0.01141136 22804.74
0.01487547 23751.47
0.009176155 22751.33
0.008198043 22903.22
0.005437408 22356.69
0.0029784 20932.78
0.002780545 21225.59
0.005233534 21485.26
0.004631255 20471.36
0.001666095 21659.53
0.006037681 21600.94
0.01607607 18966.21
0.009177654 20204.25
0.008372102 21132.53
0.004637435 21418.12
0.004214179 20036.94
0.0001781314 19065.2
0.002695849 18828.75
0.001864412 19206.12
0.01517902 18438.19
0.02978907 17555.19
0.03405787 18389.54
0.01663847 18932.99
0.02209156 19646.37
0.01988379 19867.2
0.009014476 20592.67
0.007635519 22197.63
0.004300286 22002.75
0.002897251 22703
0.002943282 23886.05
0.006851234 23365.11
0.003145851 22857.74
0.002267102 25106.27
0.00242058 24553.9
0.006061047 22543.92
0.01680302 23194.63
0.02208526 24597.92
0.01716846 23185.53
0.008000172 23330.34
0.00886646 24637.6
0.009005974 23975.67
0.009186484 25594.12
0.00689645 25805.29
0.01161369 26814.35
0.006181977 25875.86
0.006789322 27562.37
0.007242991 28490.57
0.01009142 26105.19
0.005882074 24771.62
0.005402979 25218.89
0.005219701 23629.61
0.0005388263 24645.3
0.003022333 24660.93
0.003249754 23973.77
0.007882176 25401.45
0.001128804 25369.18
0.004267168 24675.55
0.005570479 24871.35
0.007975365 24959.9
0.01153384 24454.96
0.007726128 23766.77
0.002680661 22972.38
0.01262694 22992.5
0.007312395 20914.76
0.01256368 21883.13
0.01505296 22014.7
0.01248114 21480.32
0.00739284 21063.5
0.008994388 20585.81
0.01432879 21501.06
0.01212975 21786.57
0.03602645 21973.16
0.01820571 20613.42
0.01525047 19867.07
0.006562941 20109.96
0.01225654 20187.67
0.01852599 20035.47
0.03006312 19178.19
0.01444694 18542.92
0.02953132 18467.55
0.020377 17725.02
0.01356069 16813.34
0.008087107 16918.74
0.001024989 16189.89
0.001173503 16297.83
0.004975864 16295.98
0.01032159 15843.49
0.01079523 16316.96
0.0140316 15874.84
0.005292671 16556.73
0.002171279 16711.74
0.002053748 16222.36
0.009818276 15973.86
0.009789471 16015.2
0.00516635 15283.63
0.0133851 14372.24
0.007144997 14344.13
0.007377843 14216.09
0.0002431288 15392.07
0.000417429 16128.28
0.01209065 16737.4
0.01616616 17269.35
0.02321134 17135.63
0.01153636 18927.66
0.01763695 18378.49
0.01893081 18933.07
0.01630694 17820.19
0.01108114 18094.78
0.007627714 17195.86
0.008607873 16575.94
0.007209606 16384.19
0.00834465 17135.72
0.01036199 17968.02
0.01032733 17784.45
0.02221391 17755.01
0.02430266 18538.92
0.01936021 18002.44
0.01974241 18910.1
0.03375322 18903.59
0.02385945 19158.51
0.0355351 18735.88
0.03036165 18787.22
0.03765498 19880.08
0.03029512 21250.41
0.03754108 21437.27
0.03527036 21334.99
0.006809853 21120.39
0.01494301 20098.07
0.01276804 20374.6
0.01648833 20508.76
0.01214401 21120.34
0.002396905 22240.58
0.005005991 23396.99
0.0039992 23096.91
0.0151162 22575.45
0.02560533 22449.57
0.02211222 22097.48
0.0202478 20371.03
0.008665031 18845.35
0.005351881 17517.65
0.007078505 17859.41
0.01480692 17194.83
0.01428349 17031.79
0.00410318 16556.61
0.007390777 17148.36
0.004196378 16566.66
0.00882638 16260.87
0.009894905 15180.08
0.01350961 14836.61
0.01587879 14250.09
0.02108331 14014.01
0.01995774 13357.55
0.01039429 12695.06
0.004884075 12701.84
0.01276975 13433.88
0.01470193 14299.5
0.001258727 13688.27
0.002032129 13658.85
0.002860113 13479.32
0.00263293 13652.48
0.00591503 13757.87
0.0209707 13704.22
0.0142393 14529.54
0.02420516 14650.46
0.0312256 15251.5
0.01986638 15491.25
0.02037094 16008.38
0.006693469 15382.87
0.00546936 15066.68
0.01464503 15900.8
0.01836317 14530.43
0.007342284 14783.83
0.00667974 14281.24
0.02374788 14645.9
0.01022584 14667.72
0.01992316 15210.36
0.02647349 14604.26
0.02714994 15001.77
0.02643106 14355.29
0.02208284 14029.05
0.01833051 15215.03
0.02583923 14368.3
0.0216896 14094.66
0.01962144 14044.52
0.01575324 13807.33
0.005371791 14012.93
0.01886484 13108.2
0.01880581 13090.67
0.01194391 13550.88
0.008170876 14428.52
0.009574095 13782.08
0.009243053 13744.17
0.005741621 14082.16
0.004104442 13197.24
0.01333196 12854.65
0.00319127 13346.58
0.002177066 11454.86
0.0009533727 11436.24
0.005875818 11029.85
0.01714011 11144.98
0.01605152 11009.12
0.02766281 11824.53
0.03884848 11867.05
0.03431895 11072.42
0.01573051 12030.83
0.0102598 12441.62
0.007289663 12314.09
0.01017141 12676.64
0.01959242 11243.83
0.0171344 11336.07
0.009208085 10684.16
0.02064754 10638.69
0.02679827 10249.29
0.02018684 10922.85
0.01238589 11274.72
0.005298961 10724.85
0.01388635 11078.77
0.003168194 10767.93
0.00893295 11419.71
0.01746474 11834.77
0.02393798 11751.04
0.0132755 12303.06
0.006690502 11758.18
0.01032138 11394.71
0.02008142 10858.6
0.0216416 10413.8
0.01448061 9812.26
0.002329712 9842.394
0.006628688 10033.72
0.01726922 10036.52
0.03173765 9792.307
0.06618016 10039.03
0.04076831 10028.83
0.05285388 10283.27
0.02617181 10535.16
0.01595242 11260.76
0.004743996 10915.65
0.008102633 11430.79
0.01513522 11299.47
0.009544086 11231.26
0.00659151 11633.36
0.001721273 12149.15
0.003901147 11369.82
0.002598896 11579.23
0.001387996 11448.5
0.004046107 11424.64
0.00924434 11093.88
0.009196663 10624.68
0.02529671 11564.06
0.02377785 12993.09
0.02327364 14031.33
0.02020656 13815.41
0.01134653 12981.69
0.01511723 11953.41
0.006670021 11312.1
0.001788131 10916.26
0.001108469 11257.89
0.01729731 10510.24
0.02689761 10215.78
0.03009843 10991.16
0.04159404 11160.42
0.03159311 11745.91
0.02821225 12235.52
0.02515449 12664.83
0.008424227 12726.36
0.002525027 11818.18
0.01070802 11728.53
0.01463654 13276.77
0.009133168 13635.88
0.006631406 13645.51
0.002237831 13798.39
0.007544682 13636.21
0.007409822 13982.2
0.02078361 15202.68
0.005148895 15149.37
0.01250335 15129.68
0.01499803 14356.21
0.005988773 14454.27
0.005321161 13686.45
0.005694687 13270.88
0.005473241 13092.55
0.007123479 12969.53
0.00839043 13129.97
0.00969555 13135.8
0.005777272 12839.06
0.01244496 12922.45
0.01403538 13387.04
0.0128583 14112.28
0.02401363 13883.57
0.02095972 14093.7
0.01742106 13573.75
0.01822613 12662.69
0.03762022 14337.56
0.02821129 13946
0.03551419 13965.92
0.0350404 13629.36
0.04955851 13495.1
0.02705312 13209.33
0.01960162 13305.88
0.02598264 12637.86
0.01874309 12052.55
0.02181361 12404.71
0.01509893 11993.46
0.02477681 12319.49
0.02272879 12007.3
0.03941351 11747.69
0.03853712 11248.72
0.02439581 10953.73
0.04047231 10050.16
0.02519701 10229.38
0.03328714 10602.91
0.04053651 10781.89
0.03248326 11764.59
0.04153511 11903.29
0.03359833 12389.29
0.04706168 10898.1
0.01602113 11046.89
0.01819998 12015.14
0.0148402 12172.42
0.01358496 12647.27
0.0187415 12786.25
0.01465831 13045.66
0.007535736 13021.09
0.001976097 13335.47
0.003805095 12695.03
0.006762456 12761.69
0.01364403 12758.76
0.01612652 13122.02
0.0144066 13639.51
0.03346902 13953.71
0.01974876 14149.88
0.02013957 13779.6
0.0311095 13703.94
0.02538227 13868.8
0.01154071 14733.17
0.007853966 15688.33
0.005353473 15054.84
0.00493478 14857.93
0.01815216 14424.85
0.01342616 14022.3
0.00706585 13735.94
0.006359303 12788.54
0.0192499 13622.9
0.01334894 13666.66
0.01059376 14261.36
0.007736388 15626.23
0.02371526 15697.85
0.02243533 15385.96
0.02743467 14311.05
0.03429001 14117.19
0.05054673 13297.38
0.02807875 12917.89
0.02751692 11461.47
0.01559147 11004.08
0.008258325 10730.39
0.01302431 10965.37
0.01750961 11337.12
0.009786843 11549.11
0.02620102 11628.97
0.008216554 11676.76
0.00629593 11434.19
0.01204226 12446.03
0.02891003 13117.93
0.02802366 13165.86
0.01462906 13174.17
0.008247865 13077.31
0.003996695 12481.49
0.01335261 12114.72
0.02784644 12259.68
0.03135428 12797.05
0.01676519 11926.62
0.01316665 12069.32
0.01310717 12808.4
0.01630302 13139.49
0.01907958 12697.65
0.0130054 12279.06
0.005779915 11442.1
0.0137193 11621.33
0.01241299 11454.65
0.003529074 12263.49
0.008548278 12511.02
0.02390531 13011.01
0.01271087 11623.78
0.008412182 11506.52
0.02115322 12070.88
0.01777531 12495.39
0.01702016 12115.59
0.01271649 10952.9
0.01637411 11532.58
0.02391785 11406.03
0.01711545 11405.91
0.02655647 12024.47
0.0349659 11216.84
0.03434101 11199.99
0.02242579 11402.66
0.06379582 11933.14
0.03999179 11874.48
0.02324606 11550.34
0.03350594 11612.17
0.02924443 11585.33
0.02363172 11482.9
0.03098688 12174.59
0.03035108 12408.15
0.0210319 12753.65
0.01551881 12206.41
0.01560212 12918.89
0.02061588 13801.02
0.01105045 13142.98
0.007651294 13566.35
0.02805183 13136.87
0.03150119 13158.82
0.01147139 13366.59
0.007392138 13788.72
0.006599149 13987.19
0.007722221 13667.2
0.004804966 13063.41
0.003557201 13082.03
0.009472282 13211.99
0.008704329 14501.63
0.01647019 14823.24
0.01598798 14970.88
0.01617416 14499.3
0.005270819 14258.6
0.005993863 15347.49
0.001553053 15350.51
0.003801316 14769.82
0.008628751 15368.29
0.005422138 15674.93
0.01250541 15882.68
0.01147394 16925.23
0.008637348 15975.75
0.002640357 16814.93
0.002705594 17986.68
0.009756276 18096
0.01967526 18672.97
0.02263652 19825.31
0.009745353 19644.91
0.01426318 17765.84
0.005277223 17858.68
0.01517057 17893.24
0.00700535 17055.71
0.005864464 16471.88
0.004128949 16366.01
0.02464239 15745.72
0.03170369 14650.96
0.03702949 15407.5
0.02390598 15100.52
0.03006652 14470.31
0.01947452 12797.42
0.0009558727 14031.38
0.001231181 13220.53
0.003477228 13312.9
0.004205964 13258.82
0.008933945 12325.33
0.01003989 12365.11
0.01307731 12509.02
0.0198474 12877.76
0.0430654 14084.45
0.02745458 13595.83
0.02672288 13876.9
0.04345534 14117.82
0.02534028 13268.47
0.02140241 13344.02
0.002708953 13723.66
0.01854766 14452.9
0.02977317 13877.24
0.0238618 13461.33
0.02337799 13379.08
0.01877282 12696.58
0.01094662 12489.59
0.01663165 11421.95
0.01875469 11464.05
0.02442003 11545.01
0.01274595 11282.46
0.03035159 11565.4
0.02515355 13199.21
0.0204444 12597.7
0.02846772 13398.81
0.01352905 12929.18
0.01132596 12686.37
0.005818401 12137.39
0.009883818 12258.65
0.003563108 13266.05
0.01353073 13272.04
0.03160812 13466.3
0.01511634 13062.97
0.007462801 12231.07
0.009084108 12894.15
0.01031704 12246.92
0.006920736 12345.95
0.01163335 13912.02
0.01006361 14393.95
0.0147036 14512.5
0.01036553 13313.62
0.0201128 12988.2
0.01192082 12421.22
0.009900236 12594.38
0.008647921 10959.05
0.01300278 11479.07
0.01512065 11965.37
0.01723004 13254.22
0.01253954 14166.8
0.005026187 12570.31
0.01498444 12284.3
0.02061393 12240.53
0.01927482 11430.63
0.0165887 11084.35
0.01153101 11706.84
0.01565742 11756.43
0.01805653 11135.52
0.03017105 10388.84
0.02142685 10620.56
0.02929652 10481.17
0.03248866 9956.206
0.01816168 9964.263
0.03188986 9890.295
0.02215931 9726.824
0.02748488 10359.02
0.03726735 11715.55
0.03577788 11731.25
0.0356073 12188.57
0.05454429 12237.83
0.02348403 12312.01
0.04295714 12425.55
0.02488102 12590.72
0.02456063 12973.4
0.008988515 12441.75
0.006515926 12693
0.0195857 12715.27
0.02552133 11457.78
0.03077111 11637.19
0.03480823 12365.86
0.03518906 11599.51
0.04801563 10580.54
0.04416822 9895.169
0.04032055 9678.845
0.04692243 9472.761
0.04281088 9457.884
0.03775084 8470.64
0.02561377 8495.49
0.0133931 8785.505
0.0152092 8794.999
0.0147491 8817.161
0.01740666 9325.807
0.01766604 9513.085
0.01086235 9466.352
0.006687773 10038.24
0.004675005 10668.4
0.01302534 11675.26
0.01224011 13159.54
0.01236434 12926.49
0.03280291 12053.61
0.05154345 11951.82
0.02325739 12429.75
0.01165326 12987.64
0.01530908 13007.55
0.02365901 12217.25
0.01683292 10944.69
0.01243385 11977.02
0.007912059 11641.28
0.01203735 11546.75
0.01568259 11888.65
0.02346913 12349
0.0130112 13150.2
0.01695184 14007.91
0.01055378 13182.93
0.007163264 13646.11
0.005868817 14222.79
0.007231645 13789.05
0.01572315 13359.62
0.0313651 13414.77
0.03656754 13578.48
0.01663616 13364.44
0.01594191 13439.43
0.01725214 12955.87
0.01024656 13557.91
0.008632529 13821.48
0.005280314 13318.65
0.007713655 12779.46
0.01542972 12521.09
0.01341644 12215.51
0.01536463 11471.89
0.01998892 12369.04
0.03254576 13438.09
0.03193796 13059.85
0.02392948 12819.82
0.03539343 12850.71
0.04585794 13885.88
0.0505411 15058.94
0.0453243 15241.88
0.04482771 15025.32
0.0248174 15205.27
0.0177332 14517.09
0.01496742 14554.97
0.01001305 14927.79
0.0295332 14668.52
0.02455694 13949.55
0.03825247 14658.87
0.02511559 15149.11
0.02050828 14559.02
0.0132798 15663.73
0.01553402 16549.96
0.02028605 16544.66
0.01154064 15879.19
0.02212618 15930.56
0.01803902 15866.44
0.01914039 15858.92
0.01874115 16095.29
0.02206339 16918.64
0.01279662 17127.51
0.00511792 17420.11
0.005097589 17808.06
0.006706726 17325.74
0.008056337 16460.93
0.009869357 15492.41
0.01226378 15341.45
0.001938678 14879.42
0.02320652 15767.47
0.017053 15409.32
0.005950332 14794.63
0.007641423 14647.29
0.01435725 13419.33
0.01570382 13133.6
0.01834981 11790.47
0.01601305 11122.18
0.01946021 11852.7
0.02322706 12114.84
0.02829942 12201.32
0.01716342 12631.03
0.01125253 13311
0.01245598 13341.74
0.01463792 14062.17
0.01011776 15585.51
0.0270422 15173.06
0.01884974 14946.02
0.007420129 14861.65
0.02234982 14528.06
0.01751451 14674.72
0.01776456 15041.88
0.01796508 14184.13
0.009039171 14337.81
0.002480043 14578.17
0.0008678651 14087.08
0.004584466 13818.31
0.004042058 15635.83
0.01329842 14342.47
0.006644471 14160.26
0.0166846 15210.18
0.01169053 15226
0.01339043 14818.54
0.01696252 14417.26
0.0184838 13589.25
0.0188071 13613.69
0.03057709 12994.27
0.01726319 12614.45
0.01894917 12555.71
0.02044904 12017.09
0.02841177 12031.29
0.009113523 11457.35
0.01688336 11267.59
0.0127093 10300.83
0.01119163 10724.89
0.01272387 11258.28
0.02394043 10408.07
0.0005351065 9755.345
0.001709309 9465.086
0.005614598 9376.833
0.001917514 9762.924
0.01030918 10275.99
0.003285755 9962.023
0.01166624 9655.661
0.00861044 8983.504
0.01320564 8477.873
0.01496602 8592.682
0.0108915 8731.385
0.006437459 8388.844
0.004032105 8940.375
0.009782279 8666.128
0.01331078 9051.727
0.02490513 9136.824
0.024467 8510.946
0.02373698 8677.057
0.05320384 8759.008
0.06006231 8409.942
0.05428684 8026.249
0.01916402 7795.486
0.01690686 7368.004
0.03602525 7603.344
0.02960662 8057.184
0.008365046 7203.241
0.008082024 7309.711
0.01678554 7219.338
0.01314302 7683.567
0.01846181 7159.777
0.01718592 7604.712
0.02844268 7582.465
0.04013533 7863.496
0.02458911 7716.943
0.007017912 7749.418
0.01644255 7675.543
0.008410697 8102.437
0.01334789 8136.383
0.01851388 7808.4
0.0201544 7003.293
0.03685569 6712.036
0.02831197 6737.471
0.05574628 6949.952
0.08743231 7009.841
0.09031549 6651.462
0.08109835 6958.095
0.07400234 6849.103
0.05334236 6919.616
0.03254736 7181.519
0.009911678 6798.256
0.009661287 6697.711
0.01660649 7401.79
0.02434499 7947.371
0.01980555 8400.096
0.05471646 8382.896
0.0573742 8483.685
0.02410879 8803.721
0.02910335 9228.798
0.0194488 8543.152
0.008693786 8056.638
0.02751469 8605.908
0.03031262 8604.091
0.0307929 8371.525
0.02887647 7706.294
0.03418334 7700.383
0.01847623 8177.051
0.02240144 7775.551
0.01984746 7414.049
0.02060556 7416.139
0.02082357 6693.017
0.01345749 7302.843
0.02660239 7367.016
0.02891527 7328.716
0.03317687 7613.903
0.03291509 8048.843
0.01934081 7874.361
0.01074426 8056.698
0.003288272 8071.763
0.01273328 8439.061
0.01927866 8689.566
0.02448658 9025.249
0.03663364 8479.467
0.04143532 8078.007
0.02670497 7946.841
0.03518697 7595.602
0.04396128 7784.112
0.04648962 8051.522
0.03730984 7233.387
0.04996345 6977.649
0.03257068 6917.735
0.04399126 7026.25
0.06077018 7202.294
0.04556526 7214.643
0.02994121 7371.086
0.02235559 6960.187
0.01334008 7026.187
0.01809204 7019.109
0.02589363 7147.571
0.01990033 6832.348
0.02831851 6771.717
0.03606022 6727.164
0.04558199 6316.787
0.04313925 6213.083
0.05340548 6324.085
0.05874198 6771.753
0.02996163 7275.19
0.02425743 7535.707
0.01568641 7407.772
0.02459805 7660.589
0.02105082 7428.462
0.01848212 7889.01
0.01068323 7785.738
0.03199573 7148.238
0.03913716 7444.439
0.03782048 7129.377
0.03518957 6434.932
0.0468494 6478.983
0.02719336 6346.283
0.02047747 6180.102
0.02557091 6243.454
0.03256293 6592.628
0.02827426 6599.62
0.03181629 6453.44
0.05160841 6074.523
0.03609806 6285.857
0.01559081 6526.856
0.01502155 6509.564
0.01898018 6493.827
0.01897035 6149.449
0.01245867 6334.074
0.005401851 6483.123
0.006773336 6301.111
0.01815397 5959.085
0.01289668 5900.385
0.03067445 6300.106
0.03495691 6475.636
0.04293545 6688.223
0.03955163 7088.857
0.04556539 6880.2
0.06279179 6640.224
0.06574041 6528.981
0.06341317 6113.452
0.05938388 5743.588
0.06286709 5875.038
0.07660308 5533.263
0.08054274 5499.59
0.07982817 5412.397
0.06849487 5589.851
0.05527804 5600.364
0.03284298 5562.291
0.01067656 5757.037
0.008360108 5465.063
0.006213911 5089.946
0.004886654 5039.843
0.01854423 4999.46
0.02727644 4899.168
0.02579162 4946.671
0.03671821 5033.376
0.04625736 5379.254
0.04878414 5769.36
0.06484469 5442.622
0.05642223 5460.558
0.05199554 6352.723
0.04237907 5897.685
0.03703714 5874.058
0.03725682 5951.115
0.03145024 6422.527
0.05018415 6951.168
0.05086138 6785
0.04986539 6647.118
0.05068996 6657.157
0.02891844 6991.947
0.04184059 6792.924
0.01176397 7353.486
0.0217554 7854.449
0.02051576 8832.287
0.01724217 8983.536
0.02465328 8563.048
0.03105741 8794.446
0.03500886 8708.54
0.07754962 8597.933
0.05246621 8898.36
0.06684888 8779.02
0.07347646 9316.472
0.07032396 9496.994
0.0621967 9534.339
0.06655139 9214.622
0.07372807 9190.64
0.06808079 9208.896
0.06250993 9367.563
0.07100317 9441.436
0.07032352 9181.289
0.04954499 9487.437
0.03082827 9164.022
0.01784063 9517.991
0.02986769 8554.127
0.0245903 8496.399
0.0157831 8778.996
0.01894489 8213.844
0.03053245 8252.682
0.01118464 9000.64
0.006444382 9308.951
0.00818267 9922.48
0.01355914 9290.305
0.02447296 9267.104
0.003425271 8882.245
0.008362399 8798.032
0.01101865 9417.862
0.01328884 9337.778
0.02847984 8285.213
0.02429431 8591.119
0.0353575 8510.487
0.04467932 8460.347
0.02900398 8199.497
0.02976207 8271.004
0.03731152 8025.906
0.02922001 8639.214
0.02780795 9237.036
0.006248076 8018.04
0.007032131 7661.507
0.0148819 7334.608
0.03344579 7812.278
0.05495772 7640.135
0.04660501 8324.285
0.04963544 8231.135
0.03188654 8639.306
0.04188521 8090.657
0.05354905 8391.091
0.05173164 8140.152
0.04246868 8070.065
0.03936477 8145.793
0.02522761 7924.772
0.0229813 8506.215
0.0164897 8061.911
0.02131333 8713.002
0.0118534 8660.141
0.01532126 8424.457
0.02589849 8004.181
0.01385636 7824.396
0.03497501 7077.119
0.06104964 7373.846
0.03735241 7746.854
0.05070685 8560.068
0.03813051 8607.741
0.03892285 9401.02
0.02844084 9390.518
0.01638311 9296.258
0.02381795 9689.832
0.04193345 9310.925
0.04586048 9030.818
0.03998816 9111.214
0.03118763 8984.621
0.03321577 9956.477
0.02594897 9361.32
0.0264323 9224.876
0.01168756 9864.731
0.01456164 9675.74
0.02261859 9937.017
0.02231011 9859.175
0.01186367 10163.52
0.01892911 10752.14
0.0206425 11270.74
0.02289929 11719.18
0.006927172 12262.41
0.01151339 11942.29
0.01323468 11798.14
0.007629547 11535.11
0.007877195 10839.15
0.008424651 10149.72
0.006443318 9840.952
0.008927587 9521.56
0.005569997 9450.147
0.01555299 9551.269
0.01699801 9156.654
0.006531856 9433.127
0.007848748 9549.856
0.02207019 9654.872
0.05411523 9672.273
0.02977351 9646.897
0.05305105 9686.227
0.05429274 9738.752
0.04632095 11004.29
0.04022024 11400.78
0.04514125 10555.51
0.03515578 10580.26
0.02748845 10195.89
0.008063321 10587.4
0.00556639 10966.37
0.008292892 10412.57
0.008103211 10032.52
0.004352217 9553.485
0.009238728 10431.1
0.004605831 10463.29
0.005523503 10851.32
0.008385642 11232.93
0.006051915 11398.61
0.01130927 11413.49
0.003386456 11706.5
0.009397419 12371.79
0.01095618 11798.2
0.007733481 11679.41
0.003072672 11623.8
0.002714948 11667.71
0.007225292 13023.27
0.01721831 12872.69
0.01202168 12428.93
0.01228229 12680.62
0.01808841 13735.61
0.02149949 13613.47
0.01889982 12636.78
0.01057774 11999.3
0.02388813 12518.6
0.02454872 13274.2
0.02758612 13406.71
0.03883296 13946.8
0.02884221 13898.93
0.01808787 13690.66
0.02128574 15013.68
0.01501633 14776.81
0.01202334 16622.73
0.01172491 16900.27
0.008260993 17057.93
0.009880894 15974.54
0.002908592 16991.45
0.001415659 15905.05
0.004880555 16571.11
0.01526855 17347.46
0.005611208 16199.7
0.00872105 15985.59
0.009601524 16742.95
0.03101621 15859.25
0.03000522 17196.68
0.04334139 16197.82
0.05414432 17035.12
0.05724607 17121.22
0.04571348 16795.65
0.03509764 16843.2
0.03151581 16574.45
0.009406368 16830.95
0.009331692 16653.03
0.01278576 16769.96
0.009372408 18683.12
0.01980536 17920.72
0.01238768 18483.87
0.006725231 18780.61
0.009466207 20791.97
0.01295991 21219.39
0.007953141 20808.76
0.01425278 21244.61
0.01193915 20461.6
0.01049957 21015.28
0.005447192 19182.5
0.01348056 16802.05
0.01871567 17473.98
0.01393832 17705.71
0.02192681 17741.07
0.02637789 17431.5
0.04198127 17246.14
0.04671664 16712.38
0.02606 16774.07
0.02852902 15443.03
0.03097535 15846.87
0.01805901 16677.45
0.01154111 17320.05
0.01660126 17198.85
0.0110774 17801
0.01293736 18620.39
0.02060795 19958.42
0.01644711 20229.99
0.01193785 21563.48
0.007298827 22246.14
0.0002714289 21382.63
0.004231632 20760.98
0.001500018 23106.15
0.003335652 22517.46
0.01206535 22189.25
0.01174744 22170.16
0.01615435 23552.61
0.02373766 23310.91
0.01750979 24100.66
0.01072769 25078.32
0.0178078 25449.06
0.007232504 24855.33
0.002479784 24479.79
0.008940568 24250.68
0.01101146 25655.51
0.01385087 25577.95
0.02025753 24567.35
0.01020888 25099.98
0.02035744 28147.37
0.01762649 26942.08
0.01889631 26202.61
0.006354873 24265.91
0.002498383 23338.06
0.01351673 24779.07
0.004936335 23679.16
0.01511713 24904.9
0.0121665 24348.12
0.01330357 23335.82
0.01572649 21123.22
0.01438989 23096.9
0.01487674 22980.33
0.02260105 24374.74
0.003465033 25604.73
0.005754807 27581.14
0.0148359 28905.3
0.01509948 29564.52
0.02293732 28544.91
0.02067774 28745.01
0.02264925 26704.77
0.01901408 26047.66
0.02713576 27343.88
0.01083618 26308.82
0.01229223 26421.17
0.01079707 26277.45
0.01077427 25226.9
0.00706817 23115.68
0.003735799 24174.7
0.002430608 23052.79
0.005981758 22622.83
0.0083588 20392.3
0.00304614 20812.93
0.005194802 21136.89
0.002629565 20779.51
0.003965707 21853.41
0.00625186 20525.87
0.01854644 20522.86
0.01780463 20607.6
0.0103247 20197.39
0.01999492 18033.93
0.01771107 17621.78
0.02009336 17587.57
0.0179933 17126.4
0.01387945 17488.75
0.01283959 18640.75
0.02206298 18770.69
0.02763236 18289.3
0.01918948 17921.31
0.01623258 17462.11
0.01960899 18151.7
0.02127331 17368.86
0.005002006 17274.93
0.006374043 18434.45
0.01139674 19632.67
0.01332898 18916.05
0.007336484 18702
0.0112349 19084.48
0.01375555 18303.44
0.04192428 19367.59
0.03909485 18318.29
0.02574965 18315.06
0.02829275 18838.26
0.02010333 19464.8
0.02102873 19511.09
0.01517347 22340.78
0.005524296 23254.34
0.01014882 25944.65
0.0112134 25524.86
0.01396155 26492.51
0.0142147 25624.71
0.006123934 26698.75
0.01671008 26737.47
0.02211428 27332.3
0.01665757 27231.61
0.0124286 28442.86
0.01140632 28595.26
0.005979014 28640.65
0.003094555 28489.99
0.003901255 28207.74
0.004439014 29871.58
0.001221148 28980.99
0.0045821 28230.91
0.005054474 29937.15
0.01040181 30304.43
0.02680626 31116.65
0.03396115 32974.48
0.01880556 33697.84
0.02235696 32545.39
0.01621647 31111.8
0.007743135 31827.71
0.004073466 31665.56
0.007736731 31457.99
0.003925196 31870.69
0.001101884 32142.5
0.00972875 30685.28
0.004271118 30742.68
0.004991234 31715.53
0.01056717 32797.43
0.02441994 32081.63
0.02293762 33963.02
0.01566483 33626.78
0.006797158 32257.57
0.006384371 33696.52
0.01382349 32208.06
0.007310404 32493.1
0.01148522 32668.5
0.005639048 32534.89
0.006055331 34217.74
0.007189006 32695.08
0.01144827 31785.07
0.009059811 30022.9
0.003937056 31859.58
0.01500445 30271.9
0.01185372 29683.56
0.009829275 29710.41
0.007196818 29187.74
0.007380215 30754.4
0.004039029 31504.04
0.01218368 29111.49
0.02424018 28019.73
0.01363412 27061.68
0.0170925 25654.94
0.01026038 25689.58
0.01156656 27136.72
0.0141324 25399.27
0.01327916 27246.89
0.002561104 27809.76
0.0005197447 26287.28
0.006327966 27016.28
0.023749 28642.04
0.01059837 27637.34
0.02381667 25127.57
0.02038946 26782.53
0.01803851 26377.92
0.01072147 24610.95
0.01640079 25597.54
0.01878174 26695.57
0.02681722 27856.76
0.02511941 28573.49
0.0261027 27531.86
0.009136696 26889.33
0.006303302 28465.51
0.01480999 27513.99
0.007809004 26989.32
0.009582274 25990.16
0.01339373 27799.32
0.01294505 28799.82
0.01284852 31456.5
0.007160697 30392.31
0.00103144 30909.65
0.001260939 33051.2
0.007439195 32809.24
0.01070728 32617.6
0.01025892 32116.69
0.01202386 32302.57
0.016704 32447.13
0.01098758 32212.71
0.005445784 34633.3
0.006313351 33942.64
0.01585539 31550.89
0.02043977 31749.54
0.02607826 31191.52
0.006726796 33052.24
0.008034207 32926.58
0.01512813 30736.1
0.01216041 30216.55
0.01247198 29430.39
0.0347337 28041.71
0.04096337 24440.48
0.01987581 25626.11
0.01591085 26120.83
0.009472979 24882.54
0.01359257 25755.39
0.01481995 25494.01
0.005534656 24757.63
0.007138572 26290.39
0.007423159 28558.9
0.01222304 28168.01
0.004575304 26283.84
0.007741519 27286.96
0.004656557 29223.71
0.002435432 29078.51
0.01058797 29068.53
0.01503033 30621.93
0.01733057 27737.68
0.02701902 26765.69
0.004306621 29853.09
0.003274759 34694.94
0.005643636 32638.91
0.001961036 34863.64
0.005930939 36370.99
0.003350802 37636.7
0.003885949 36963.88
0.005972488 36118.69
0.004617337 34777.22
0.005628261 33708.25
0.01525591 35495.55
0.009371779 35483.55
0.002209392 37330.65
0.0008845328 35437.67
0.006917834 37219.67
0.01252631 39188.16
0.006766976 42941.11
0.005973913 46290.77
0.004152205 48618.55
0.005322442 52953.89
0.01081749 54211.61
0.007670852 57762.53
0.01084458 61695.08
0.008837312 60300.4
0.007506259 61391.95
0.00646514 61435.97
0.01232946 64863.6
0.0007647913 66799.78
0.004843425 68566.38
0.005625423 65680.45
0.00312615 66445.23
0.003844371 62456.62
0.01211379 59685.78
0.002600407 59042.81
0.003921294 62898.04
0.006165665 62184.1
0.007982993 63861.14
0.006489901 66279.04
0.0033119 71582.08
0.00333888 71434.31
0.0006562071 79970.16
0.0008735234 74216.39
0.0009772173 73100.03
0.007957905 73121.8
0.003868849 76114.47
0.006634635 77578.92
0.005556027 73337.72
0.001733276 73112.3
0.005079552 64488.48
0.007590811 65899.64
0.01010647 61599.47
0.004148932 56743.37
0.004127119 58260.14
0.001842821 55713.06
0.0006743882 50155.76
0.002956227 49858.39
0.01187998 46247.12
0.01323471 48008.77
0.02232403 53479.25
0.01598162 54636.99
0.01034732 54308.71
0.01124 57363.28
0.007795769 55927.68
0.01267294 54846.91
0.006230111 52845.06
0.01133151 53810.01
0.002992385 51963.6
0.001964236 47379.81
0.00303067 45630.28
0.0017122 43173.63
0.001640098 46990
0.005247938 45850.58
0.001772158 49668.45
0.008634636 49967.59
0.002873222 50098.02
0.001990389 52936.3
0.007127556 52751.73
0.004912102 53069.65
0.001946021 54620.38
0.005972203 57219.21
0.001800217 60051.87
0.002654725 63427.48
0.002122641 58368.36
0.007265003 59710.97
0.00988405 62624.18
0.006547846 61639.82
0.0007579283 61047.45
0.0003990878 61459.06
0.006616968 60593.27
0.006906517 60880.45
0.01001103 56857.74
0.008901044 53754.11
0.005657547 54850.21
0.01067886 57172.42
0.008006326 57723.55
0.005444597 58672
0.00845574 62073.43
0.0074602 61230.72
0.01416812 59879.3
0.001847461 58831.46
0.005213489 59555.28
0.003724574 62795.15
0.001664442 60667.17
0.003386082 55299.94
0.002255207 54957.75
0.003739928 51985.63
0.002899622 55587.24
0.008252957 52435.54
0.00572522 56787.1
0.005211134 58490.67
0.006949938 60282.67
0.008963898 59295.9
0.006395164 60251.65
0.004233009 62647.96
0.005178779 61730.83
0.007040855 64325.44
0.003222018 62090.42
0.004020084 64540.59
0.005359218 59916.45
0.001218679 61495.32
0.007689578 57857.06
0.001063436 57909.81
0.002548675 54899.98
0.01196397 49387.55
0.01409455 48801.35
0.002533614 51450.05
0.002154781 47947.83
0.005864149 50220.91
0.01103199 48011.66
0.0106468 48722.15
0.004416012 52618.1
0.004467888 51348.63
0.005470243 48493.37
0.009028938 47288.54
0.001784658 51713.81
0.00042746 52254
0.000976268 48742.83
0.009847685 48542.07
0.002487885 50230.61
0.006565047 50724.33
0.00558798 54692.89
0.00793858 56103.1
0.001836063 61154.77
0.00304602 65476.57
0.002165212 60365.36
0.006541771 64424.81
0.007317705 68283.75
0.004707016 67540.87
0.007614396 65585.73
0.004356285 65645.39
0.003164499 64394.59
0.0002423025 66036.39
0.002466866 63227.26
0.008862617 66443.87
0.01693927 62403.9
0.007792124 60562.9
0.00347428 64940.86
0.004499075 69090.74
0.003001296 68998.38
0.003644904 76151.49
0.008556001 80080.31
0.008464923 76955.42
0.009492486 79560.86
0.001664989 87653.02
0.0009087339 86941.58
0.006287043 92450.24
0.007383209 89767.23
0.006761882 86448.48
0.001949038 83748.96
0.004632041 83578.24
0.005635094 81670.63
0.00317577 87740.72
0.01163592 91351.81
0.007403152 86246.22
0.004479997 92261.73
0.002759741 88040.29
0.005803849 80244.26
0.01626087 74491.3
0.008561328 73404.59
0.009355914 76926.93
0.003367799 81884.59
0.01161774 84481.11
0.002404485 77583.97
0.003778367 75469.02
0.004345213 72745.88
0.003868987 79856.75
0.003620947 78174.97
0.00581073 74251.53
0.00509263 66916.74
0.01377238 61294.72
0.0148353 61308.18
0.00699374 66767.62
0.007828533 67535.76
0.002144828 65534.42
0.001500572 68279.32
0.003806555 67345.6
0.00255623 71194.81
0.008019701 69530.14
0.009992036 73121.99
0.005868193 69630.4
0.007099121 69318.17
0.006963468 69934.07
0.01223718 66402.32
0.002227939 71830.75
0.009856506 76510.83
0.004694927 74221.36
0.005832923 75751.61
0.006855177 71821.21
0.007230925 66117.78
0.006142822 63914.15
0.001721005 62169.94
0.009819233 62663.56
0.002665233 60352.67
0.001739812 65748.53
0.001834447 64611.58
0.01345714 63499.15
0.007718426 61632.7
0.007137043 65212.68
0.01995614 66969.85
0.005145136 62242.53
0.003626337 58928.53
0.001569123 58073.64
0.007436329 62491.44
0.002346903 61545.49
0.01017999 67179.26
0.007497141 64373.84
0.001129813 66088.9
0.008527216 65986.14
0.001541949 72184.82
0.002551056 72953.49
0.0008235988 72656.67
0.0004062191 77777.89
5.261256e-05 82001.01
0.001668546 91334.62
0.003579161 89594.41
0.01007374 83276.96
0.00472785 87410.68
0.01259991 85742.67
0.003870917 89201.33
0.002226984 89838.73
0.002020022 93107.69
0.004408961 92860.78
0.001229684 97072.31
0.004344049 85710.82
0.002850542 85422.97
0.001226303 87315.54
0.003027103 82921.43
0.002177096 78917.68
0.007220992 76524.97
0.01230735 82223.34
0.002323494 84547.65
0.002923116 85269.03
0.001920695 91755.2
0.007979133 94961.28
0.007055814 99243.94
0.008090108 92841.47
0.01632015 92930.24
0.005207278 93071.14
0.008776027 91625.38
2.669948e-05 95296.43
0.005676004 92524.67
0.009169977 90248.76
0.007432838 85805.25
0.003515861 88989.79
0.01472986 90576.13
0.002706646 82017.25
0.0008583012 89155.82
0.005032103 95894.76
0.001813616 103337
0.000670428 106998.4
0.003960295 103546
0.01293266 109419.6
0.000600658 106943.6
0.0001489752 103088.5
0.0005955599 105837.5
0.003327554 97812.46
0.001213653 98247.99
0.001210889 95230.88
0.0001327719 96057.18
0.0003687553 95909.43
0.001058109 96255.75
0.002950605 101644.7
0.004065608 99668.53
0.006462738 100327
0.006474773 99102.58
0.004668182 102882.1
0.005072072 94050.63
0.005044444 97510.48
0.00304641 104533
0.004081548 98759.27
0.004011556 98076.55
0.008685206 95938.27
0.003775042 87422.64
0.001455995 83969.71
0.002755628 82488.91
0.002802762 87161.55
0.001313285 79389.49
0.005367749 80948.13
0.01631587 79661.02
0.01067439 83949.69
0.005552266 83574.89
0.005794373 82522.29
0.001709179 90232.19
0.002410871 88105.42
0.00234434 88058.71
0.01431802 84031.2
0.004379873 87040.26
0.002080222 92067.07
0.004597586 93375.53
0.003828162 85791.6
0.005615302 87565.81
0.005712376 87190.01
0.00622251 87389.08
0.002808385 91102.72
0.004851132 95941.39
0.009584706 91239.03
0.0005030102 89368.93
0.002751572 88323.61
0.000650685 82980.43
0.001320285 77852.7
0.004001238 74798.45
0.003997813 80799.2
0.001071848 83339.41
0.001788587 81886.45
0.01098561 78213.37
0.01770158 77457.79
0.01793409 76391.91
0.00715683 77820.38
0.007187131 72116.87
0.00478272 68773.5
0.001789805 72711.91
0.002497321 70852.2
0.003012825 72103.39
0.003497908 74662.52
0.008927873 71341.6
0.007825821 66544.01
0.004878652 64333.39
0.009886383 63253.8
0.001913629 62839.83
0.004743431 64888.52
0.007153351 62082.52
0.01152633 56860.72
0.005728284 58671.19
0.001041396 53587.41
0.002044107 56782.93
0.0005589351 57880.68
0.007420402 55948.4
0.01026727 56673.54
0.003231959 55541.05
0.001866503 58776.54
0.0009643842 59681.99
0.003421765 60076.92
0.002399196 57535.4
0.007385808 59513.21
0.003163706 59640.53
0.003126755 59144.44
0.003897212 61658.9
0.001640027 62678.79
0.007199842 57091.31
0.009108309 57044.97
0.01013396 59457.69
0.00773291 58316.12
0.001348753 62045.39
0.00238297 64481.73
0.005732561 67682.39
0.003915901 73236.87
0.002736166 73968.55
0.00345266 74033.23
0.007954268 78504.31
0.007605472 78332.88
0.003671506 73050.52
0.005328587 69877.94
0.01068392 71663.56
0.01343573 64360.74
0.007990549 70294.06
0.007936367 72417.1
0.01229722 64864.2
0.01122301 62673.95
0.007122286 61840.69
0.003378651 62486.2
0.003936533 64183.99
0.0004894502 65108.66
0.0008821617 70559.23
0.002593174 69076.37
0.0009588741 67867.35
0.00140106 71184.23
0.001240343 72220.4
0.001778772 80398.92
0.00593326 77589.99
0.00205933 76047.11
0.0009034806 77842.73
0.001680644 72276.26
0.003496822 76367.56
0.005963679 82870.9
0.01367268 88214.02
0.006656075 79771.53
0.004660233 80923.9
0.005321161 75761.71
0.007857455 79663
0.00362566 85097.01
0.0009728539 81998.36
0.000737501 68776.78
0.001282256 73194.41
0.002846865 76253.08
0.004617476 76646.44
0.006152705 80386.52
0.003437253 79965.91
0.003601587 76918.88
0.005024596 76812.92
0.002799645 75075.88
0.002238921 77636.02
0.002981494 77000.36
0.002590871 73398.65
0.008587153 74797.91
0.009111365 71396.88
0.00145901 76101.71
0.006306426 72387.14
0.003312862 65402.89
0.002658811 68552.97
0.00207793 65936.32
0.006365972 65285.33
0.006947712 67209.89
0.004683031 61194.15
0.002987218 62614.99
0.008442374 63445.6
0.009666996 63841.64
0.003573746 65235
0.005325446 64676.56
0.01422143 62178.34
0.01775922 62540.88
0.001933733 63629.53
0.006709281 70318.76
0.01010396 77246.64
0.004932639 72920.52
0.00875382 74366.39
0.002378605 75104.31
0.004867595 72483.89
0.008468275 76775
0.001612321 75990.52
0.00359983 74118.32
0.00256353 73177.53
0.0005706855 69854.46
0.004929623 77248.7
0.003248852 76846.19
0.005621264 79008.68
0.003732037 80731.21
0.00402752 83682.64
0.00400725 82288.69
0.005552238 79247.07
0.00652621 85463.73
0.002475646 74400.41
0.001684151 75821.01
0.002293145 73701.89
0.004379038 76135.37
0.001905923 67938.13
0.006962302 66813.71
0.001434374 69835.82
0.0002080415 72845.11
9.579159e-05 70736.28
0.002979894 70511.59
0.004739345 73141.57
0.006336205 81196.01
0.003257023 82906.72
0.005516021 86834.1
0.005071032 91086.01
0.008482448 89362.74
0.004228158 90922.84
0.007697961 87757.16
0.01388743 84121.93
0.007117226 81584.24
0.007625565 86375.18
0.0007772586 89040.77
0.002834878 85218.33
0.002441244 82448.01
0.00111846 84689.97
0.004490648 85566.87
0.0003727944 88729.44
0.002157012 89792.77
0.009424581 95855.02
0.01093071 91353.98
0.002912016 93843.04
0.0002381014 89978.17
0.001684207 92790.41
0.003738445 103521.2
0.00326405 100016.5
0.003072665 97005.69
0.009364243 102688.5
0.007119168 101547.6
0.003936296 105631.9
0.003199318 108945.3
0.005403234 109571.4
0.002453693 116050.3
5.881892e-05 118070.2
0.004449266 115568.4
0.000490276 116340.3
0.001029615 119903.6
0.000331352 123256.4
0.002182688 129477.6
0.003456773 120907.9
0.006609542 116690.5
0.004108379 110632
0.001225831 114895
0.001149151 113641.6
0.003780642 119743.9
0.002273587 126756.6
0.003255929 135070.6
0.003075529 135534.1
0.002163052 148828.8
0.002043228 137155.6
0.006861597 134822
0.01124095 130274.1
0.003822663 134652.2
0.001588457 130625.6
0.002620373 131646
0.007417172 138311.1
0.00235623 136685.5
0.001639867 145676.8
0.003730452 153507.1
0.006014757 153105.4
0.004157735 147638.2
0.005783816 145091.9
0.003450721 148785.5
0.001581588 151898.5
0.002692829 150598.4
0.001406987 147375.7
0.003337468 134210
0.0002739107 127665
0.002214976 133291.7
0.002611676 136054
0.004572028 134495.5
0.006543591 142682.3
0.01264497 143542.9
0.002937603 144937.1
0.003090634 144373.4
0.0008545373 155104.3
0.003191645 148754.7
0.000499468 137864
0.004022466 141636.9
0.01008458 138813.3
0.001355253 135897.4
0.001402779 141251.7
8.522705e-05 147082.4
0.004025607 146343.7
0.006213711 151288.7
0.006730347 129665.4
0.003325439 122438.8
0.002194225 111604.8
0.0005921885 109180.1
0.001411812 102769.3
0.002267452 103597.3
0.001398363 105517.6
0.005558774 105087.8
0.003444686 106748.7
0.00287015 106719.5
0.00397913 111588.1
0.004959602 106773
0.005363797 108684.1
0.0006486791 110111.3
0.005743921 104237.7
0.005816504 108336
0.007361612 107694.5
0.008017543 111309.1
0.003262088 113585.9
0.006735279 115969.6
0.003445076 108925.1
0.002831876 109444.9
0.005848369 117004.4
0.005465055 121606.9
0.008467371 133510.6
0.006864581 127496.6
0.006315258 129571.4
0.005309205 132269.3
0.001096162 132427.9
0.002353239 130821.6
7.914057e-05 126334.7
0.001758626 131467.4
0.00132051 132480.3
0.0003489026 127736
0.0008160871 132000.3
0.002917324 127608.2
0.005924222 127072.9
0.009623283 129928.7
0.002633303 135369.6
0.002888286 134286.4
0.006643592 134134.7
0.001322505 132343.4
0.001274032 131312.9
0.003053591 136085.8
0.005829372 132827.3
0.005421158 134413.4
0.005115942 129155
0.002709284 124993.4
0.003902081 121003.7
0.003574448 115599
0.01057867 115462
0.009879448 112281.3
0.0002261666 110721.4
0.0007145982 111608.7
0.0005801235 115491.6
0.002491501 120843.5
0.003124817 117433.1
0.001323182 120704.3
0.0005670683 120254
0.009973325 113955.9
0.009960933 108976.7
0.001350976 116569.9
0.002265681 116418.5
0.002417338 111796.1
0.004612219 112309.1
0.007780735 110306.6
0.00639756 107545.9
0.003935927 117309.3
0.005337079 118615.1
0.004715643 116914.6
0.003493842 116511.2
0.000942682 114577.4
0.003799566 111717.6
0.001659095 113464.9
0.005735597 124971.7
0.00272572 121602.4
0.005145173 111350.2
0.00498411 114607.6
0.009521314 104217.3
0.01130133 103092.6
0.004856417 106438.9
0.006185337 102051.3
0.003010225 103792.6
0.004222403 104517.3
0.007342936 106203.5
0.005008295 104558.6
0.00245717 104758.2
0.002919129 107824.3
0.003975172 112592.2
0.005850591 109416
0.002977631 111417.9
0.0144185 108097.6
0.01457931 97247.45
0.002191128 96509.01
0.00921827 100625.3
0.01060821 103708.7
0.008636783 100067.4
0.005625959 102363.6
0.003597392 98254.93
0.002820182 102030.7
0.002756339 100912.1
0.007207698 91359.65
0.002223497 96804.81
0.001511457 92618.11
0.0001039747 93196.93
0.004071104 97269.18
0.002357324 101710.9
0.002231065 98613.54
0.004494638 97433.8
0.005749327 97706.06
0.003132293 89750.57
0.004620844 91010.41
0.002815617 86106.69
0.0009839504 84538.87
0.0001646423 83823.77
0.003155726 79180.3
0.002310222 79758.81
0.001588479 77422.75
0.002157674 78522.07
0.0009232661 72422.22
0.001433867 71522.82
0.003275981 74092.36
0.002376527 70261.25
0.001095319 68497.94
0.003173445 69020.52
0.003539109 66249.62
0.006534106 63343.03
0.01122386 64801.61
0.007312431 64519.15
0.02071615 66801.76
0.009801982 65151.13
0.003620075 66126.77
0.001141602 66612.21
0.002592645 69276.78
0.009239276 76936.64
0.003176833 81972.8
0.0004742621 83524.17
0.006075678 80484.5
0.006568784 86180.38
0.002580515 85497.94
0.0002948889 81146.87
0.001837225 84694.12
0.002416664 82157.39
0.004397909 84648.49
0.005095643 85886.01
0.001130787 89021.74
0.0001962049 96117.17
0.005644924 102183.1
0.003210412 105132.1
0.003866498 95742.94
0.002107755 94516.61
0.004887797 100532
0.00647447 100043.1
0.01115477 106000
0.008931872 99458.71
0.004657331 101357.6
0.004470146 95335.63
0.002867679 98335.67
0.01276696 107809
0.005199723 107027.4
0.0150677 124203.6
0.008126598 131958.8
0.002893035 121877.3
0.001878815 126678.9
0.002813939 122363.5
0.00527071 117118.7
0.006990954 115249.9
0.007349898 118486.4
0.004396659 122754.6
0.001722673 113742.1
0.003502757 109110.7
0.008643457 120786.9
0.002081706 124993.9
0.006565502 121763.3
0.007401938 115038.8
0.007934271 100895.7
0.003911783 108314.3
0.00142839 110801
0.003706892 113167.6
0.001495359 114243.9
0.003539999 112615.4
0.01498255 123672
0.005776643 122772.9
0.00474929 129726
0.0004021962 133390.6
0.0004726643 131415
0.001036481 127659.1
0.002170011 129558.5
0.003250845 140919.5
0.003667632 141595.1
0.002466552 142980.7
0.006445207 141731.3
0.0006856962 150496.1
0.00433359 155570
0.0003333514 155756.2
0.0006343012 160730.6
0.007651081 173791.4
0.002551942 166178.8
0.001440347 155411
0.003877939 154281.2
0.004567731 145577.3
0.002363189 156419.5
0.003451347 159932
0.000252694 161357.2
0.001654346 161089.6
0.00218945 157096.5
0.002233009 160106.2
0.002176753 155271.7
0.006421707 154477.7
0.005068406 145290.2
0.003307986 144937.2
0.003050795 143769.6
0.00298839 135254.1
0.001068606 145291
0.0005622393 139379.1
0.003686286 148482.6
0.001383612 144612.2
0.001901601 139801.2
0.001454597 145082.5
0.001583901 146684
0.003996036 152583.5
0.002289993 144742
0.001539825 148479.1
0.0009548981 151821.7
0.002823292 159171.5
0.00111342 155362.1
0.0004025345 148927.7
0.007182621 153440.4
0.007464047 156924.1
0.005482933 153152.7
0.002664807 161951.6
0.00195465 163993.1
0.0005007365 163580.8
0.003060649 157748.5
0.003837701 147460
0.008439046 149558
0.002512614 147598
0.002297926 151235.2
0.00371187 163886.5
0.00303139 175350.7
0.001493183 179629.1
0.004001205 164260.6
0.006348636 169065.3
0.005657661 157146.2
0.007843818 154094.4
0.005228663 156378.7
0.009736848 155386.1
0.00647388 150621
0.001105968 142656.7
0.00570473 153122.5
0.006453072 161648.8
0.005146212 169850.7
0.005165084 169603.2
0.0007500219 171176.3
0.0004437098 163892.4
0.001491509 153173.7
0.0062461 153488.6
0.001856006 150853.7
0.002257647 153504.9
0.003613153 151503.7
0.002287158 144694.7
0.004152402 133720.5
0.002555342 133786.8
0.001472393 134899.4
0.00387398 145078.4
0.005146089 150528.9
0.003525153 144977.7
0.003339329 140248.6
0.00418209 140997
0.007196736 138195.6
0.005484513 139524.2
0.002994795 145996.4
0.007897935 149903.9
0.003031052 156995.4
0.003605622 153527.4
0.002326545 164548.2
0.00163874 164529.4
0.003378489 152808.4
0.004367566 146865
0.002342844 141099.1
0.0001293502 142074.5
9.007176e-05 146312.9
0.001842911 154828.5
0.00435849 167934.2
0.004134955 166356.2
0.002834158 151062
0.004591098 157768.6
0.0009376065 142423.2
0.001976613 136985.6
0.002435343 136722
0.001842351 137844.5
0.004009656 133539.2
0.002003441 120707
0.00155947 135339.1
0.0006727533 140492.2
0.001100589 138965.7
0.005028457 137843.1
0.003701516 139652.5
0.009068027 145767.7
0.005903813 134509.8
0.003652138 141781.5
0.0006721109 138221.1
0.001586331 135768.7
0.007981008 122611.4
0.01118284 127110.1
0.01551774 121455.3
0.01552934 113831.7
0.009192555 115472.5
0.009629489 123392.4
0.007357267 108973.5
0.002792835 109243.9
0.002988194 122449.9
0.006028706 129216
0.002283378 140104.9
0.003485804 137225.4
0.005403188 137670.3
0.0008276829 137533.5
0.002596001 131973.3
0.001719444 131485.1
0.001216726 137543.5
0.001923684 140354.4
0.003003871 149870.5
0.006794172 143718.2
0.003601608 147332
0.009078078 156512
0.01282928 149403.7
0.008925346 146163
0.002674241 138170.3
0.005069264 143166.9
0.001901068 140686.6
0.004107776 159878.2
0.005762571 156633.5
0.007463715 161457.4
0.00378871 169820.6
0.001788352 161346.5
0.004976679 167618.5
0.002140155 149805.9
0.002199176 138453.8
0.00290575 132851.2
0.003896152 127811.5
0.00311959 124935.1
0.002034424 124652.9
0.0003030197 120454
0.001199763 117964.7
0.002388053 110662.1
0.003107783 112363.4
0.003466947 116821.7
0.008280651 110249.4
0.004526232 111639.7
0.002550194 108926.7
0.001727114 114023.8
0.001628954 123782
0.0005280349 117320.3
0.000115101 122408.7
0.001559799 113801.4
0.001026751 112704.4
0.0001097534 113473.9
0.00184737 117010.7
0.001219176 114733.6
0.005576784 114573.2
0.002756138 115453
0.002119739 103306.1
0.00448574 99155.85
0.004936611 95917.9
0.005262786 97495.41
0.005166986 103293.7
0.001646325 94978.36
0.002316337 95074.95
0.001490917 88639.87
0.0002081423 88149.22
0.002599921 87349.68
0.0003750403 87272.67
0.004588843 83501.82
0.0002894085 93368.01
0.01058294 95287.59
0.003102772 96401.15
0.000900269 94900.61
0.002353467 93036.44
0.003856467 94798.29
0.001944912 93836.02
0.0006225951 90166.21
0.001042063 90915.01
0.002018104 84273.56
0.002828796 83388.64
0.004595858 83242.03
0.006602101 81766.41
0.01016913 80930.22
0.01503756 82882.91
0.004083383 88644.71
0.004235184 88645.81
0.001752126 88613.13
0.003615681 92054.65
0.005065491 87948.3
0.01062712 86932.84
0.00200981 86667.72
0.002542639 90900.69
0.007079524 86402.74
0.005853792 91994.73
0.006420839 89306.24
0.002100213 91266.39
0.00521584 88288.74
0.008349083 93801.19
0.002414716 94603.1
0.0007687017 95652.66
0.005715526 92231.17
0.001238097 87062.25
0.001929454 88812.88
0.004548146 98160.03
0.002672755 103864.4
0.002199279 102020.1
0.006030922 102184.5
0.0004695639 99719.74
0.002812134 105709.4
0.001344897 101898.7
0.005589685 99374.04
0.008074565 102119.6
0.007619504 104186.6
0.006851068 104790
0.01825528 102585.7
0.009732705 105480.4
0.006481352 103872.5
0.005413851 104215.8
0.01845443 103529.4
0.01418338 97163.59
0.01310075 93414.88
0.00842292 89591.92
0.002941482 94458.61
0.001900776 94313.09
0.004972214 99670.72
0.00513231 95444.83
0.008103971 96733.28
0.003746939 91586.1
0.002063197 87939.79
0.007485283 87193.07
0.005206267 92077.73
0.002776321 86833.15
0.005963398 86640.25
0.01175308 85221.31
0.007586354 93052.33
0.00538881 96227.07
0.002414009 97610.45
0.001928881 97613.71
0.0007497047 99213.99
0.002821768 103879
0.003682191 103699.7
0.008164387 105511.9
0.0006306023 109351.5
0.001631495 107201
0.006440709 112407
0.002300377 116846.8
0.00205056 118208.4
0.002589224 122322.9
0.002763021 114644.7
0.003339876 112839.3
0.004003101 115714.1
0.0005133322 125218.2
0.003045447 127223.1
0.005357736 137505.5
0.006049343 137931.9
0.00223918 128083.6
0.001287455 116654.1
0.003767825 116276.4
0.005083758 119072.1
0.003306718 116441.9
0.007835166 110250.3
0.005903709 118916.7
0.004600446 114430.1
0.002042131 118213.4
0.002111983 111239.1
0.006523488 108221.7
0.005563627 115325.1
0.005485553 119890.8
0.006458891 112215.6
0.002094723 112820
0.00245234 118220.8
0.001314816 123747.4
0.002734499 128609.4
0.007541302 119174.9
0.005520813 115600
0.005874465 109375.9
0.004255544 124121.2
0.006769575 117614.5
0.004882846 109577
0.002171713 113512.4
0.003716352 116234.5
0.00493325 114838.4
0.002096 114783.6
0.0004673449 118666.8
0.004392617 122404.9
0.002322195 120806.7
0.001572366 116427.3
0.004900381 113000.2
0.01234592 112726.4
0.005373468 116615.3
0.001785696 113459.9
0.007234379 123847
0.003210849 126196.7
0.00300013 127032.1
0.00618762 123657.8
0.004670616 117435.5
0.002767687 116232.4
0.006474327 109170.9
0.001214954 108279
0.0005460684 109157
0.001328358 113346.9
0.003111824 108503.9
0.0009042114 106705.3
0.004735187 110200.3
0.01002717 109594.2
0.006180708 108665
0.005569286 103193.5
0.007156063 101910.6
0.003870477 105177.2
0.01052233 101216.3
0.00893705 97116.19
0.00501159 97194.88
0.004800715 92728.84
0.01129344 94662.09
0.006047322 97056.21
0.01133919 98330.7
0.002735344 93042.51
0.001797832 93444.64
0.00309011 93270.69
0.006494959 94573.29
0.01306656 85567.11
0.01410677 86299.12
0.01091753 77667.94
0.00475885 78016.03
0.002814179 82095.46
0.008240136 82738.37
0.003277995 88954.46
0.005117119 93632.08
0.006829137 90074.99
0.001221271 89008.36
0.005214515 84770.85
0.003918494 82407.97
0.007035786 85474.36
0.002677077 87801.59
0.001274747 85812.77
0.004230637 82535.24
0.002550433 85305.05
0.008891416 86818.1
0.01602102 87089.17
0.01365557 81086.63
0.004772468 77326
0.001364182 79723.14
0.004060922 73640.93
0.004421833 81628.75
0.003619774 76068.7
0.01243591 74881.87
0.005879075 79192.2
0.005177929 76117.29
0.001222688 76304.02
0.004533658 76665.06
0.001846037 74814.7
0.001316147 73974.49
0.004588862 76162.29
0.004193916 81202.55
0.007390274 83775.77
0.009646106 83616.77
0.009321439 77232.21
0.002126796 83415.89
0.001443456 83706.63
0.002050122 87812.75
0.005084254 80240.93
0.004275689 81892.38
0.00817726 83723.59
0.01056017 78430.32
0.0092015 79600.64
0.003832432 78948.03
0.009709241 80104.52
0.007088366 80927.24
0.003923116 72448.52
0.0008854337 71564.1
0.006960715 78076.05
0.007724895 72829.12
0.0046025 76053.24
0.007635709 74009.72
0.00996419 80743.19
0.009117551 75253.34
0.002316415 76461.23
0.003481296 79230.99
0.005877175 76926.26
0.00552006 81758.69
0.00233936 79716.26
0.0009914878 83099.85
0.00312715 82452.87
0.003647668 87426.42
0.0009348496 87786.35
0.003097226 86073.94
0.001774685 89162.6
0.00579282 92079.12
0.007258557 91806.41
0.007860726 97464.49
0.009113834 91663.37
0.01172451 99635.07
0.004739745 105838.8
0.001515792 102111.5
0.0001063054 101463.4
0.006568572 98369.51
0.005969593 100024.9
0.00849498 106040.4
0.005834539 105936.9
0.001312255 100669.6
0.007952118 104484.1
0.004579182 102765.5
0.001456242 100040.9
0.004076439 100308.8
0.01202029 105842.6
0.005656402 109420
0.003615015 125642.1
0.00325309 124428.1
0.00474149 123632.1
0.001446674 126730.7
0.00297971 127880.4
0.007064243 133594.3
0.00689351 134844.5
0.004617017 134545.2
0.002376845 129355.9
0.002488157 124607.8
0.005186865 123170.9
0.00480548 120677
0.006370418 126587
0.007212571 116616.5
0.00964697 115100.7
0.004941499 108753.6
0.001837168 114077.8
0.005143303 118813.8
0.008126273 112657.8
0.005783162 107494.1
0.005454692 109843
0.002315329 105364.7
0.002324189 104022.2
0.0005871563 110741.5
0.004290987 106417.5
0.00246448 104536.9
0.002326489 110861
0.003810033 106839.8
0.003302987 106847.1
0.001840053 104662.9
0.0003280726 108534.8
0.005834705 111326.1
0.003126139 110864.9
0.002363314 116730
0.003014288 120155.7
0.003293933 115494.6
0.004223083 106222.9
0.003254329 103150.8
0.001844713 102116.4
0.002656533 100795.4
0.004895202 104044
0.002159599 116087.3
0.0004289916 113531.3
0.007831994 113029.2
0.008055113 107722.2
0.01070633 103515.7
0.003888568 114257.2
0.01053815 114332.9
0.006266788 113573.1
0.003221587 126970.2
0.001724165 128752.4
0.001238175 127128.6
0.0007609886 140224.6
0.005299027 142531.2
0.004353072 138099.6
0.0029744 134293.9
0.009311472 137536.3
0.004495328 140581.8
0.003828939 144432
0.0006353991 145506.3
0.005985969 146067.6
0.0002752747 148085.4
0.0007684982 139313.5
0.000265269 131833
0.00287431 139795.1
0.006515257 144630.1
0.007758467 143702.3
0.00652347 145147.9
0.007480037 156573
0.004346128 164394.6
0.004393512 177307.9
0.001186467 170733
0.00162447 175734.5
0.0003979797 172034.6
0.00630218 175848.8
0.002726469 178189
0.005228283 177862.9
0.0004342709 189197.9
0.001759895 187704.4
0.002769565 169960.2
0.002704972 164284.3
0.000111429 169661.1
0.003854248 164029.7
0.00774622 165131.2
0.004319822 160241.2
0.002164929 156392.8
0.003884418 162265.5
0.00166738 159914.6
0.0007605406 172664.5
0.003303976 164015.9
0.001492591 165019
0.003509752 166020.5
0.003605505 167975.5
0.01005979 187164.3
0.006625633 182636.4
0.006091442 190524
0.0001936508 196105.6
0.006470733 181126
0.007765919 183431.6
6.677254e-05 198452.1
0.001856593 204616.6
0.0008745561 201343.6
0.006138861 208831.8
0.001476494 212485.9
0.007251392 212801.3
0.007200958 209097.5
0.001575754 185182.2
0.00146047 190746.9
0.002687796 184129.6
0.0071498 176235.4
0.008367187 182856.8
0.005318365 186771.5
0.006918631 198637
0.004449199 191125.8
0.002480688 183091.7
0.003766257 177835.2
0.0004664902 176274.6
0.0005656417 178894.2
0.003781983 179351.1
0.001328942 173005
0.001855292 170323.1
0.005774826 158263.5
0.003735004 150743.1
0.001606205 150897.8
0.005493031 146205.4
0.0007630339 141134.4
0.00398705 135796.1
0.01221729 137675.9
0.005438502 131849.3
0.002665331 137350.4
0.006577586 126797
0.009136966 125901.7
0.007384262 128105
0.001613924 127391.7
0.003834269 130088.8
0.001838476 127226.3
0.003773137 126762.2
0.003170122 121007.7
0.002540696 120529.6
0.004773215 126712.1
0.001586216 130398.9
0.003248318 131191.9
0.002100605 122061.3
0.004348676 111170.7
0.0007840215 110996
0.0050027 106786.5
0.004742919 106877.4
0.009002613 108981.9
0.008447885 115149
0.007872739 109725.9
0.02785036 104546.8
0.006134913 93184.73
0.009262495 94506.84
0.008518193 99403.47
0.003745832 100797.3
0.006784318 102553.5
0.005240263 103321.6
0.000997002 113712
0.001895841 112635.2
0.002621759 118319.4
0.007523312 107788.6
0.01307797 107713.1
0.004726558 115437.4
0.003927471 111727
0.000617899 113794.9
0.001297559 113044
0.005169027 125883.2
0.003685664 121735.6
0.008189275 123228.1
0.005452288 116799.8
0.007581712 111353.8
0.003440074 114610.7
0.01062558 109691
0.005319924 107788.4
0.002185528 103210.5
0.008268538 107973
0.0108587 116892.3
0.001176494 111549.3
0.001830471 108640.2
0.008845707 109423
0.00930515 98629.58
0.007431201 98977.51
0.008526973 100639.5
0.008327444 97972.3
0.002347804 88636
0.0005005053 88660.41
0.001328111 88311.2
0.01040457 88052.35
0.006024968 88530.86
0.004666748 93758.5
0.007092709 91288.64
0.004075089 83640.48
0.00852535 88748.5
0.004015654 86116.65
0.004609553 76766.99
0.00118352 76894.72
0.003422557 74746.43
0.00550621 77208.79
0.00167642 84453.58
0.001698201 98024.26
0.006164707 102118.6
0.0007762945 105783.4
0.004060523 105255.7
0.004617069 108287.1
0.00762363 113876.9
0.006927893 123340.7
0.00684578 120033.5
0.0120991 119003.8
0.00503836 111924.1
0.00433028 123124
0.008555077 129676
0.004111703 123026.1
0.003996709 125943.4
0.009736158 130873
0.003873193 128957.5
0.002323319 137942.5
0.006604081 135800.3
0.005045796 122306.6
0.0008811999 124728.1
0.005713715 122567.9
0.002295736 126144.5
0.0002015815 126304.7
0.003143805 131703.4
0.003605824 135442.5
0.004542495 132368.4
0.005840658 130375.8
0.003341729 136088.7
0.001417871 132642.6
0.003070912 132923.3
0.01040069 135881
0.0005229025 134509.5
0.002852141 137329.4
0.001276981 129475.4
0.003237393 133200.2
0.0005046473 136016.4
0.003575464 137900.5
0.003863252 136846.3
0.008344445 126837.5
0.01217696 134337.5
0.005507066 128580.8
0.002047372 127146.6
0.006398004 130459.9
0.007470464 123197.7
0.004849871 122854.7
0.003412346 125532.6
0.004838686 128112.8
0.005238284 128653.7
0.002124675 132806.5
0.003889356 123297.6
0.001287644 119076.1
0.003838933 120857.6
0.002733613 119864.4
0.001545282 119457.2
0.003491227 125975.9
0.0004550745 131329.8
0.00543346 123058.5
0.001539672 121094.1
0.005560063 128240.6
0.004166362 133490.2
0.01364317 136086
0.002280662 131826.6
0.001048652 136368.9
0.002830161 146668
0.0007366909 156280.5
0.00159432 147291.2
0.0003932359 158367.2
0.0001622997 159218.8
0.002147547 154239.6
0.004018836 156263.6
0.007717743 156472.6
0.0009540941 164980.7
0.005012502 178336.5
0.002597026 164675.9
0.002493016 157414.8
0.0006801647 161345.1
0.0008653725 159655.2
0.002450938 152980.1
0.007690507 156705.8
0.002946402 156242.9
0.003111351 164157.1
0.001719552 157664.4
0.003114626 156506.8
0.003145294 158233.6
0.001731752 170736.2
0.0005595358 174129.2
0.000556003 170975.9
0.00248306 174026.3
0.00575651 159507.5
0.00414485 166245.5
0.002372291 180969.3
0.01137733 170133.7
0.007669932 165228.3
0.001917653 170762.4
0.002218073 167846
0.0005331971 168293.8
0.006662517 176904.8
0.003694976 173507.3
0.01098259 176394.6
0.005348289 169411.8
0.0004044464 166857.9
0.003495473 158315.4
0.003564193 159363.3
0.005675179 171148.8
0.0003803318 183319.3
0.005163688 186534.4
0.006742535 202020.5
0.007458708 187920.9
0.0003127989 186797.1
0.002102672 187616.3
0.00195998 178897.1
0.0001526822 185480.3
0.001121628 178205.6
0.001717159 173708.4
0.003954089 166406.1
0.0003712758 171707.4
0.006915793 174829.8
0.008614349 173435.9
0.008639409 171403.4
0.004045029 160463.4
0.003794027 163673.9
0.002693972 165550.8
0.001535639 158486.3
0.002507949 163378.9
0.007832653 180597.5
0.009942643 174343.9
0.004006713 164895.7
0.004744259 154428
0.001939273 164746.2
0.00757154 165477.5
0.006140826 158490.4
0.00672714 160904.5
0.003045549 164638.9
0.002598385 164334.9
0.0002467643 165565.7
0.0007142223 165632.5
0.0002910324 162877.4
0.0005145431 165295.9
0.001642238 166990.3
0.001032759 168194.1
0.001618427 151661.2
0.002925768 147076.9
0.001977577 157334
0.001941635 163868.4
0.01052013 154371.8
0.01127596 159698.6
0.003291027 149767.2
0.002831559 153332.4
0.002878802 149787.7
0.0007847474 145851.2
0.0006204451 153922.1
0.003540351 144804
0.001150431 139148.1
0.001787987 138206.2
0.00108774 146510.1
0.001283033 142056.2
0.001894283 143336.2
0.002162185 155230.4
0.001079336 155117.3
0.006736282 147729.5
0.01118335 143325.6
0.0170254 141334.4
0.004808192 149273.7
0.001220022 170995.7
0.0005208185 172489.8
0.003066738 166994.3
0.01167712 191056.5
0.005300008 197056.3
0.005542342 203891.9
0.01320739 204911.9
0.001129407 200828.8
0.00307325 186740.3
0.002952672 178491.4
0.005733084 178276.9
0.001990221 188184.7
0.004535532 189474.8
0.01392581 198506.1
0.01256255 193805.2
0.007607232 188879.5
0.003430571 191998
0.003838364 186222.6
0.00252774 186703.7
0.001959409 189447.5
0.000536378 170432
0.006444222 163955.8
0.003721415 169713.7
0.005491145 168562.1
0.0008270723 151537.2
0.001302693 143432.5
0.007144716 133744.6
0.005207496 135035.8
0.009918369 132259.9
0.0107609 124217
0.002982336 117418.5
0.007229294 117131.4
0.008471803 118042.6
0.004891288 115911.2
0.0009316049 119273.1
0.005345116 111823.3
0.007139947 99095.57
0.008469151 101045.4
0.005904811 105102.1
0.010311 107946
0.001385798 100982.4
0.006490774 100482.6
0.002185046 91083.52
0.009703394 88481.79
0.008592439 90431.02
0.00344419 94756.2
0.005273666 92489.11
0.004872306 85667.43
0.008799578 86799.47
0.01104953 84629.76
0.02278512 88065.96
0.009120464 83990.23
0.003183504 83025.95
0.004507454 83350.55
0.003357092 80956.22
0.004985749 80890.12
0.005059179 82598.66
0.003580398 75860.49
0.001119294 86315.3
0.004155459 89477.58
0.009762408 84886.52
0.007369146 81458.39
0.002440641 88913.69
0.001789005 87222.61
0.002459119 87413.93
0.008526274 86681.59
0.01170008 88161.97
0.002107554 91321.26
0.003123816 88803.23
0.002794222 93951.51
0.002230938 92226.35
0.006723164 97909.81
0.003312045 99671.2
0.001690356 102719.5
0.005425404 105744
0.006696526 104193.4
0.007963943 99113.23
0.008348927 102338.5
0.008290851 96753.7
0.006435924 89177.04
0.003405763 94265.44
0.001453138 85796.36
0.002274939 86415.62
0.006764141 88682.7
0.006913916 90305.27
0.003017525 89834.44
0.004782236 81499.38
0.003590449 74232.15
0.001125459 74597.75
0.0007066631 73636.09
0.002235118 75247.6
0.006434443 71228.32
0.008046146 69033
0.01652454 70576.52
0.001102429 75719.7
0.002782606 74361.35
0.0001107872 73767.47
0.009448177 74408.76
0.01884579 76317.15
0.00950491 75422.64
0.01014899 76915.5
0.01740726 71979.06
0.01224203 69668.62
0.006624168 70683.76
0.008767863 67835.92
0.003907805 67822.17
0.003904573 66441.58
0.004797361 69803.86
0.005256678 70405.06
0.003002919 71844.39
0.003626672 65920.16
0.004218269 63302.18
0.003837046 64034.59
0.005229391 64000.5
0.001522856 68574.35
0.004491418 70409.57
0.01088952 70234.46
0.0005653873 75005.48
0.002026191 69505.17
0.002682416 64451.03
0.006636158 63085.63
0.01437647 64270.73
0.005876358 61434.91
0.01374692 63522.52
0.00636041 58669.5
0.007053624 57775.87
0.005840982 57850.07
0.006495529 58446.26
0.01118216 59367.56
0.009041259 66895.63
0.009133603 66188.6
0.003756219 68230.6
0.0006168052 67893.37
0.003118253 61137.41
0.00467057 62648.64
0.00399476 65287.95
0.009659479 68307.05
0.01492492 67620.6
0.006041708 70463.25
0.001528119 73808.38
0.004456013 71183.52
0.003286772 63895.67
0.002079792 65344.26
0.003484785 64117
0.004330685 62984.21
0.001644517 63939.88
0.03046812 66985.34
0.01450499 63395.69
0.01282704 58967.91
0.006442797 58437.37
0.001539925 61686.2
0.002619934 58658.49
0.0005243654 58748.67
0.002016847 60830.68
0.006955649 60996.66
0.01425959 63562.28
0.009541217 65279.45
0.007070375 66484.62
0.001082559 66092.01
0.002133689 69909.9
0.007377032 65204.17
0.004959767 70769.79
0.007884057 69403.56
0.001471687 72000.87
0.001729828 72149.12
0.001230474 69297.13
0.001726252 71060.4
0.00642353 71792.54
0.002539364 75327.18
0.003169254 74515.32
0.005882331 74527.83
0.01774168 69342.37
0.002032213 70214.02
0.001869038 71515.84
0.004808166 68921.9
0.006282803 69242.3
0.002517097 66988.37
0.001809726 76231.14
0.002086187 77032.36
0.004245384 76650.45
0.003199438 78813.44
0.00386143 85724.06
0.00601125 90522.19
0.01189206 89322.22
0.005413247 94797.03
0.01081927 101404.6
0.005827286 106275.8
0.005948526 108495.3
0.007668391 110187
0.004304847 104916.6
0.002121191 110717.9
0.009038886 110512.7
0.005652475 105660.6
0.00199646 103743
0.008324081 109664.5
0.001706824 119009.3
0.0001062214 118632.2
0.00575525 121372
0.002178739 128137.5
0.002540247 131668.1
0.001841978 131039.6
0.0006993508 131609.5
0.003924519 125713.5
0.002037719 132688.5
0.0006109155 140093.9
0.005094606 149808.9
0.0009014708 154850.7
0.0051605 154567.8
0.005281992 146934.4
0.00420352 160253
0.008657332 176691
0.005942677 157974.1
0.008356105 163649.1
0.007086641 159981
0.007532243 154830.1
0.004330487 164227.8
0.001762215 155848.1
0.001951495 153953.6
0.002937266 155753
0.002653453 149513.9
0.007054249 150445.3
0.006466904 155918.2
0.00552503 143606.7
0.003544939 143291
0.007029547 153296.6
0.007187632 150646.5
0.003352566 143750.6
0.003132051 150932.4
0.001536016 145999.1
0.000233561 138396.9
0.001431417 150212.4
0.004554623 143113.6
0.002869503 136084.4
0.002698373 137259.7
0.001477751 125059.7
0.001157986 117048.6
0.005160199 106286.7
0.004065995 103081
0.003768255 102166.7
0.01041969 102686.4
0.004872242 105835
0.007109766 107711.4
0.007315787 107136.3
0.006111987 106700.2
0.001612138 108527.6
0.000421438 114854.1
0.0005409886 116804.3
0.0008350044 118171.5
0.001450551 116945
0.002877176 122024.6
0.003985394 113617.6
0.002237368 115250.1
0.0002676119 118702.2
0.002059867 114759.9
0.01002174 111133.4
0.003089371 105737.8
0.0005471988 105789.3
0.006054437 106194.5
0.000284186 111848.6
0.0008829845 123651.8
0.003478189 121463.8
0.004221144 123599.5
0.004408452 131728.7
0.005278858 129169.9
0.005398444 134759.9
0.003908477 126745.2
0.00285506 126425.6
0.006317623 118103.3
0.007843129 120561.3
0.00506243 119621.6
0.005902813 119604.2
0.007266328 112816.9
0.00487416 112842.7
0.006471182 107313.6
0.00440955 110981.7
0.00152353 113030
0.002018299 103684
0.007021044 100114.9
0.001192927 98689.57
0.001347785 102413.6
0.003865856 113243.3
0.007071252 110541.4
0.0007317176 109599.2
0.003433686 115947.7
0.00196354 118270.6
0.003716437 113678.1
0.0003394451 108477.8
0.0049533 108591.7
0.008830878 113424.3
0.007972684 118523.5
0.008214332 117709.7
0.00652972 131286.9
0.003594338 136393.2
0.004538353 143062.1
0.005389475 135349.3
0.002572221 137895.6
0.003814249 137922.1
0.00362873 132050.2
0.006066351 133191.6
0.005967271 130351.4
0.009125727 131100.9
0.002836142 122717.5
0.002230256 118656.7
0.003896038 127116.7
0.001546157 121503.6
0.001270025 119370.2
0.002880758 121298.5
0.0002381624 123282.7
0.006488319 125947.6
0.006794785 119465.8
0.001190968 121458.4
0.001510611 131232
0.002610784 118561.3
0.0006598447 124547.1
0.002423974 136297
0.002291337 132602.6
0.002951417 124798.1
0.001318261 121297.4
0.0002687075 118731.4
0.001603578 119109.6
0.001950106 120700.8
0.005819748 120406.9
0.001365462 118346.4
0.005412196 113580.5
0.004955359 110830.3
0.00142479 106945.5
0.00295415 102507.5
0.00452368 103442.6
0.006085145 104200.3
0.001543506 99778.44
0.003124993 99830.35
0.003810203 97760.74
0.00393832 101221.1
0.0009346663 96099.69
0.003765889 97021.65
0.003407152 88544.8
0.006984066 83469.21
0.004181167 83966.96
0.001260735 83557.64
0.006509055 92077.54
0.002872848 88002.42
0.003827758 97881.62
0.003511711 108396.7
0.007746587 110266.9
0.003570617 106913.1
0.0004242158 107508.8
0.0001093609 116171.2
0.002494941 115697.3
0.002836358 116304.9
0.008757726 107799.1
0.003722749 99988.88
0.002470515 98746.12
0.0008250046 100689.6
0.002621184 106098.7
0.005187395 102741.7
0.006688061 102537.7
0.00553487 113291.1
0.002666102 105802.6
0.00316988 106811.8
0.002555093 102510.3
0.003014534 115732.8
0.006057856 127879.9
0.004214952 130908.9
0.001726824 132157.5
0.002397721 135078.7
0.005992661 127100
0.001762923 131946.3
0.001567102 127246.2
0.0009449541 129607.4
0.000971374 131201.5
0.004914872 141691.3
0.0009865695 144714
0.004006724 150002
0.001870524 152819
0.001708343 158723.8
0.001766538 162180.8
0.008478359 149438.7
0.001074382 153455.2
0.005656529 153389.5
0.003890645 146540.2
0.00306158 144244.2
0.00717752 132915.6
0.001928044 134219.9
0.003809113 132118
0.001056201 128458.8
0.003726116 142803
0.006306406 139893.6
0.006187828 145055.2
0.004822026 144807.9
0.005304722 141549.4
0.004933334 132210.7
0.01036345 133749.9
0.002184274 134274.4
0.006895406 132338.4
0.001701629 130392.3
0.003075778 120370.4
0.004887088 125637.4
0.00213405 133286
0.001989445 131452
0.0004798601 135831.9
0.001924184 134353.7
0.0005875482 139374.4
0.002449498 137544.7
0.001084305 137213.2
0.002644442 137887.6
0.009124565 142318.5
0.007231884 130799
0.001509996 117781.2
0.001982568 115049.6
0.001585058 114306.8
0.004444913 104243
0.01086741 111010.6
0.009055955 101436.3
0.01056564 94973.19
0.002324113 96228.52
0.003147427 98408.61
0.002064411 106739.7
0.003902127 113538.1
0.00433582 107745.4
0.001539233 106967.2
0.009349585 106095.2
0.003123662 100642
0.003241919 101130.6
0.0002053229 100396.8
0.004489341 102227.1
0.001727598 105585.5
0.001036368 104192.1
0.004706268 102384.9
0.008832038 101560.7
0.001953402 102412.1
0.002986279 113906.2
0.006177792 113436.6
0.005961462 113037
0.00359758 106036
0.008239284 115194.1
0.007438424 102267.2
0.007476021 101726.4
0.002705427 113644.7
0.007310275 116020.6
0.009729967 107424.7
0.003894842 105674.8
0.005519098 101448.5
0.005241018 101480.7
0.001696293 98041.52
0.00268186 99331.61
0.00988716 98378.65
0.001381759 101064
0.002234231 101473.8
0.006752434 105409.2
0.003065441 105326.1
0.008500654 107742.7
0.002021755 107562.5
0.003565916 102313.2
0.006347358 105784.1
0.002274158 107871.3
0.002146517 114299.3
0.00327849 111147.2
0.004314958 117355.7
0.004137573 112340.7
0.002322481 114234.6
0.003212511 119242.1
0.001075498 113584.8
0.002098133 108037.7
0.002467808 106946.9
0.002172683 112637.1
0.002287875 110545.8
0.002676286 109052.3
0.0006546661 106255.3
0.009064251 100699.1
0.005539521 96358.49
0.001882195 94564.61
0.002463044 89191.08
0.009822597 85648.96
0.0102098 84081.22
0.002734754 79226.61
0.009884584 81801.34
0.006767974 82247.38
0.007141377 82168.93
0.007065881 84422.22
0.0005392325 89192.9
0.001048413 87357.97
0.0007800715 81009.94
0.001361553 80362.42
0.003565958 83809.93
0.001390148 83221.67
0.001181972 87907.17
0.0003709202 85590.17
0.0006328242 83933.3
0.002228664 77453
0.005521228 74464.5
0.003155473 72411.8
0.006099053 75765.89
0.01175752 71349.37
0.007719899 69412.19
0.0102816 69684.99
0.001023136 66505.36
0.007472371 62648.02
0.008414948 58790.17
0.003195135 58649.93
0.00465329 57953.2
0.001884562 58355.65
0.002656272 62704.4
0.001279307 66434.21
0.004211367 69623.9
0.002908023 71615.49
0.01219497 76780.07
0.007034745 77417.81
0.004408833 75899.32
0.003039603 68232.05
0.005713239 71037.71
0.001356727 74124.39
0.00309262 78594.65
0.01002248 83656.99
0.008593041 76222.38
0.005487851 73943.92
0.001357591 81347.02
0.006764774 85847.68
0.01032293 87482.04
0.009224958 91305.02
0.01082587 86279.79
0.004978088 81933.01
0.00363697 84417.89
0.001939721 89468.9
0.008963181 86687.94
0.002714356 87782.16
0.002384754 93363.67
0.0008224936 91875.5
0.003230577 94973.82
0.01015858 90545.75
0.007764662 85534.5
0.005481088 87862.69
0.004434444 84489.57
0.005394471 84387.64
0.004548188 81221.78
0.004683175 78595.31
0.007272917 83663.18
0.006560338 94252.52
0.002139013 103397.6
0.008918637 104664.9
0.00355624 100687.2
0.002974125 103161
0.006874195 100216.2
0.000353182 104641.5
0.002928323 110363.9
0.005300712 112152.1
0.002848816 106467.4
0.01017104 95940.26
0.002912727 101337.1
0.007182667 95049.6
0.008771852 92870.36
0.003581614 88763.89
0.00257826 95286.37
0.003763471 89813.75
0.003003823 91136.75
0.009397015 90514.6
0.003356012 92568.05
0.0004335766 86099.36
0.001843073 95273.18
0.005988934 105249.2
0.004188618 110773.8
0.003194627 111900.2
0.002324794 110614.7
0.0007339414 114157.8
0.0001469106 117684.9
0.005218444 112074
0.001189759 114003.9
0.005851118 115174.4
0.00391525 126358
0.0009766256 125316.2
0.0003043742 123811.4
0.003677406 116212.3
0.006685705 121340.1
0.01045465 129949.4
0.004086083 135592.1
0.001148058 135923.3
0.002027953 144817.6
0.001655146 141383.7
0.002632051 148492.4
0.005287644 140180
0.003544844 154629.3
0.001505726 155741.8
0.004225953 149066
0.008552364 149478.5
0.003737731 156840.9
0.003686029 155109.1
0.008344367 148445.8
0.002161085 157249
0.007154447 164272.5
0.005762488 166421.6
0.0002674693 167768.4
0.005399911 152421.9
0.0003857743 151148.4
0.001024304 152238
0.001964246 149953.7
0.003067427 153227.2
0.00363495 153916.2
0.003076758 165921.9
0.005922728 169039
0.0106728 172600.3
0.003023619 171337.3
0.005906425 174157.5
0.006577578 178850.2
0.002573784 178858.9
0.006417569 171339.9
0.002752166 173838.6
0.0004403726 177736.1
0.003373371 181601.2
0.003620551 196184.3
0.004123325 197678.8
0.01123789 176771.4
0.003661596 181358.9
0.004850826 184859.7
0.005617446 167814.9
0.009126396 179732.6
0.001986019 156567.4
0.004176665 163601.7
0.002231655 165732.1
0.004209059 161482.6
0.006947238 172747.4
0.003070944 169448.6
0.00411079 167163.1
0.006787109 165017.1
0.002688862 156541.4
0.0006031623 164609.6
0.003172348 165810.3
0.003494552 161029
0.0002536005 174003.3
0.00268368 180456.4
0.00286378 188282.1
0.001699241 178267
0.00039902 193702.9
0.01198718 192744.6
0.009161851 198405.5
0.008958589 196026.6
0.001619053 205408.5
0.0009935316 202752.8
0.0006418579 192021.2
0.0006886283 184641.1
0.00242681 184941.6
0.0006576571 183720.9
0.006361151 191236.8
0.01001679 190644.7
0.004747418 209871.4
0.0002280769 214449.4
0.003175874 217229.9
0.001972432 214712.3
0.004866088 201431.8
0.001351994 211475.5
0.002570486 217597.1
0.003611056 211106.4
0.003367242 205242.5
0.001012455 205454
0.002472366 211644.4
0.002090333 203791.7
0.001067863 227726.2
0.0002616686 223335.6
0.001040599 227147.8
0.003371809 252073.4
0.002781217 252767.8
0.004015669 258929.8
0.007607982 250510.6
0.001346318 245278.1
0.003061542 251206.1
0.003309508 255360.3
0.002318146 265522.4
0.0006429136 253049.1
0.002238732 235354.4
0.004080534 247371.3
0.006022709 247481.8
0.002951984 248623.7
0.002128492 242583.5
0.008154491 232223.9
0.002636631 243947.4
0.002023818 249503.4
0.0001709042 244246.9
0.001099094 245272.7
0.0006608783 266104.2
0.002137706 258001.7
0.002495621 253929
0.0006496203 248946.3
0.004833402 242255.3
0.004361896 242584
0.005770437 245825
0.002267077 251923.2
0.001557193 251518.1
8.40619e-05 246823.1
0.0009816582 264882.4
0.002855942 245450.8
0.00151306 246146.1
0.004759107 257072.4
0.001094323 265753.7
0.003994771 257354.8
0.00044023 269713.5
0.00176103 254079.8
0.005070394 255258.9
0.003861211 253949.4
0.004167244 266093.6
0.004318688 273440
0.00574682 273724.5
0.005403946 269524.1
0.002596919 301547.2
0.002531342 271827.9
0.003552389 260358.4
0.005922045 290537.2
0.004375599 308771.2
0.008672119 315315.9
0.008321266 317525.5
0.003023802 327118
0.0006651131 331670.8
0.0005773872 312412.5
0.001648395 292119.1
0.002713963 297009.6
0.001445889 278733
0.001434241 275174.2
0.0001497831 257566.7
0.001247844 243459.6
0.0006336316 232085.4
0.004737875 230609.4
0.006837887 225994.3
0.01068905 232626.5
0.007294065 218657
0.003054016 206831.1
0.002290678 199809.8
0.00291131 208436.9
0.006023454 203879.9
0.005288437 196726.7
0.001702325 208101.9
0.001065606 200616.2
0.001806074 194902.5
0.003370388 192756.7
0.002695994 204429.6
0.001394807 195976.4
0.002876039 185009.7
0.0008022367 189247.7
0.004863385 196528.8
0.005264444 206946
0.004426816 210180.5
0.000778397 214965
0.0002472065 192090.4
0.0006600631 204002.5
0.001863514 206635.3
0.001363664 200051.1
0.001952121 202787.4
0.0004270045 207209.8
0.0068582 201532
0.006332958 199290
0.001724689 200353.5
0.001405505 200589
0.0007125717 217439.5
0.0005366782 230257.4
0.002300142 237701
1.931542e-05 222958.5
0.001929366 216983.9
0.008459742 210465.8
0.005151676 214697.6
0.002598554 212170.5
0.006283273 211464.8
0.0009990487 216654.3
0.001293802 203926.5
0.002898347 200242.9
0.005656681 221924.9
0.001979095 192568.5
0.001029469 190443.5
0.002846158 178353.7
0.0005139296 173228.2
0.002441423 173337.8
0.00101492 166764.7
0.002273154 169155.1
0.0008626866 184952.8
0.002686688 184671.6
0.004804213 185474.5
0.007935633 178494.6
0.001932825 157970.5
8.59319e-05 169175.4
0.002405253 158636.3
0.01220699 151466.1
0.00501013 140919.9
0.002971918 136180.5
0.003393916 140891.4
0.0001915895 133474
0.0005944685 142338.4
0.009972578 143251.2
0.001393998 144370.5
0.002320189 145957.9
0.001881813 150379.2
0.005818696 154215.5
0.00531619 149634
0.003431049 140795.6
0.003968863 140964.6
0.006731029 134326.3
0.003101551 147365.2
0.0008548074 145962.7
0.001015184 151343
0.005371443 156331.9
0.002909353 153413.1
0.002244365 146929.1
0.0006754009 159669.1
0.001059153 173277.6
0.0003403533 176128.3
0.003283095 178128.2
0.004338342 184724.9
0.003822572 193522.4
0.0006989248 203697.5
0.001065172 206018.8
0.003211219 220958.7
0.0004814502 223109.5
0.0007105749 242215.4
0.002542253 242910.7
0.0003024236 237036.1
0.0007963455 243701.2
0.001513171 237651.6
0.002347013 231618
0.00368149 220963.8
0.0054015 218358.5
0.008669239 209314.5
0.008862283 209497.8
0.004220413 218550.1
0.001580617 220026.1
0.006295706 233007.9
0.001072811 217039
0.00145449 217182.9
0.002347383 221086.4
0.003218865 184833
0.001592841 189566.2
0.003794299 189638.1
0.002960208 186700.5
0.00153766 188542.1
0.004934863 190731.4
0.00865548 176119.9
0.004314642 169313.1
0.001281019 181994.2
0.003447216 185435.5
0.001354148 179652.9
0.002080111 191669.9
0.006524904 191386.5
0.004138873 181746.5
0.002147956 173958.7
0.001704711 170380.6
0.004218123 164888
0.002176515 163182
0.008998189 155489.7
0.008786659 157159.3
0.004069121 161016
0.003842519 157148.8
0.001856386 144510.2
0.003751524 148909.5
0.003753451 158463.8
0.00349512 155936
0.007935714 162285.8
0.001932605 157419.2
0.001687468 155626
0.004737137 172649.4
0.003647868 172528.7
0.003133521 188189.8
0.0008522538 188448.4
0.002039921 176062.8
0.004877663 173027.5
0.001017836 170219.5
0.0008547205 169117.4
0.00593195 181970.4
0.002282242 174354.1
0.00181802 186397.6
0.002238245 196841.3
0.002535054 204584.8
0.001701487 212411.6
0.001020949 223436.3
0.00755738 247584.6
0.00192785 252259.5
0.00213151 246254.8
0.004578322 239492.3
0.0105783 261639.5
0.002196836 265302.8
0.002608651 249355.9
0.001738427 255768.3
0.00652473 239857.5
0.005287762 253212.1
0.002595251 258879.2
0.002226922 248259.3
0.003139288 257110.4
0.001049323 254664.9
0.0001055307 257513.5
0.001572603 284198
0.004715412 294951.6
0.0006073059 277732
0.0007545347 285178.6
0.002887321 282474.1
0.0002756252 300530
0.00124181 281862.7
0.003813466 300125.1
0.003106669 286916.3
0.002082204 303712.1
0.002126972 315995.4
0.0002852068 336110.2
0.003589923 339296.4
0.002493008 348583.6
0.001113015 325941.5
0.0004459792 362895.7
0.001723745 364043.1
0.004849718 382005.6
0.0006178811 365085.8
0.0007948985 373270.7
0.001850841 363614.2
0.0002635741 380970.9
0.003223 383852
0.005354657 381715.8
0.001956956 379864.8
0.0005489449 349065.9
0.001245536 311187
0.001911967 339488.6
0.000972616 339026.2
0.0002926235 344369.1
0.0007682713 335029.6
0.003996286 338017.7
0.006931799 316584.3
0.0007745861 325777.1
0.001016994 332605.2
0.002371087 327200.9
0.0010222 334617.8
0.002788094 298020.7
0.001231504 284596
5.158748e-05 279583.1
0.001954911 251152.2
0.003939963 255271.3
0.006559544 266509.6
0.004830464 248014.4
0.001499053 256791.4
0.001172873 259082.4
0.002967558 250202.7
0.00188096 259120.6
0.003641518 278436.5
0.001524246 279562.7
0.0006815764 291013.5
0.00156739 316676.3
0.001998894 313433.1
0.001726422 302456.4
0.002768909 294846.9
0.00258444 303541
0.001059778 306613.7
0.002402582 285924.1
0.00248339 288443.9
0.0006746061 268079.2
0.007098597 272335.9
0.01173713 269615.8
0.003536869 259166
0.009369943 254933.4
0.00586743 228996.8
0.0001723557 223962.4
0.003666444 226641.1
0.002506648 229649.8
0.001408354 228591.5
0.00145679 234128.9
0.008226571 243141.4
0.001357606 238016.4
0.001024472 242478.4
0.0007316508 233764.1
0.00255552 234124.5
0.0001316613 236004.1
0.004076458 247321.2
0.004776459 263787.8
0.003590053 264548
0.003312295 258885.6
0.001686371 234076.5
0.003478474 255555.9
0.004309036 269568
0.003035374 251773.7
0.004942829 271553.6
0.001308125 282188
0.006767303 283803.3
7.080486e-05 288861.7
0.0003132557 279525.7
0.002429834 263837.2
0.001266441 267447.9
0.001642036 260709.2
0.001620636 247426.6
0.0008060621 240879.8
0.001434832 249006.6
0.003388252 241009
0.006553321 248505.7
0.002952604 257266.6
0.0005125504 263483.7
0.004819758 256023.8
0.002946229 251911.4
0.004289567 250736.6
0.0005919742 249300.7
0.003280625 243159.3
0.003375911 231638.4
0.002536673 237156.3
0.003206986 235016.5
0.0007738622 231298.8
0.001958178 234210.6
0.0003474243 240873.1
0.001255556 258823.6
0.0007654254 255679.7
0.003799121 245151.4
0.00130022 248673
0.0005702441 256658.8
0.002456181 260994.4
0.001330518 257769.7
0.002138243 242603.7
0.004546682 250763.3
0.003836752 243500.2
0.003598498 264125.7
0.007293364 278722.6
0.0007432975 294436.4
0.00254163 279736.6
0.006662314 253300.9
0.004055575 252461.3
0.001269237 257834.7
0.002422587 259123.2
0.0007163371 257705.4
0.001639993 277413.6
0.00168296 283058.2
0.002901638 281330.7
0.001672215 277521.3
0.0009738103 277576.4
0.001202774 284802.1
0.001116529 276973.2
0.005113272 295558.6
0.002272544 279679.4
0.001057155 281904.3
0.001099626 297506.8
0.0003798021 312524
0.005078801 305231.9
0.0007267692 315561.3
0.001599947 310368.3
0.0005042207 307286.9
0.0001831943 294060.7
0.001071287 299873.7
0.0002757098 298479
0.001758484 312002.3
0.004369643 309161.6
0.001395793 311201.5
0.001291406 290032
0.001102374 287236.5
0.001363634 289410.9
0.0005994397 288416
0.0005703333 292533.4
0.002203068 298270.1
0.001179308 312000.3
0.003862626 324092.3
0.0005895499 336123.9
0.001483927 332018.2
0.001404537 319222.1
0.005024514 332890.1
0.001302578 343298.2
0.006117938 322777.9
0.001568969 324214.9
0.002491374 325141.6
0.001429021 325353
0.003899084 324888
0.0008287428 314630
0.00148876 309227.6
0.002228771 303371.7
0.00274687 306597.9
0.0004720042 293050
0.001838993 285213.5
0.00343253 275108.7
0.002182135 274777.1
0.001591556 269540.8
0.002837668 256889.3
0.0008466984 251103.8
0.001493491 256430.1
0.005366019 260718.6
0.006798736 268607.8
0.006188886 261394.8
0.007528067 268887
0.002222158 249563
0.001119141 236003.6
0.003193028 240986.9
0.001599588 248023.2
0.008321528 236630.5
0.001054815 232507.6
0.002398697 240355.3
0.0006786971 240483.8
0.002100553 246514.6
0.0001257303 237762.1
0.002410796 241874.6
0.001187424 249080.6
0.001204326 244255.9
0.0005991433 234195.7
0.001173465 254266.2
0.0007646954 249070.8
0.0018575 266909.3
0.0002842977 259921.7
0.000373652 240131.8
0.001106268 253480.2
0.002417415 236657.6
0.003396245 238370.2
0.001431358 231407
0.003490706 228927.1
0.0004995847 219035.1
0.0003163224 209999.4
0.006589424 199781
0.001330091 200969.6
0.001976522 208986.5
0.001963381 199799.4
0.001495542 207935.9
0.003823274 219669.8
0.002619335 226800.8
0.001603138 230469.7
0.004330943 225243.9
0.005407857 203758.3
0.005622157 214393.4
0.005697765 214029.1
0.003426014 218594.9
0.00212961 215743.8
0.0006756776 213088.5
0.002062312 200378.6
0.002894385 214764.1
0.001908813 215330.2
0.0007891365 232932.1
0.001873152 230001.1
0.005879247 244127.5
0.007148263 242571.7
0.009218856 243399
0.005355545 237168.5
0.00707064 245182.1
0.001832182 244510.4
0.001860268 240626.2
0.001798481 237213.6
0.005344423 248597.9
0.002154726 245344.3
0.003370844 243558.9
0.005382144 245974.9
0.0004171876 272861.9
0.004388609 270601.1
0.005493657 254965.6
0.003934334 263965.6
0.0007113373 253582.8
0.0002986598 237571.2
0.0008680014 226000.5
0.002763771 230361.5
0.00130428 237697.3
0.0008276661 244152.9
0.000532082 227583.8
0.0003619878 232624.2
0.0001480169 226547.4
0.003182076 225443.7
0.006441513 246341.1
0.004905389 239186.4
0.0008840476 228266.2
0.002888194 230231.8
0.00117552 227651.1
0.002175869 219508.3
0.0009794065 207858.1
0.002419455 219873.7
0.005815379 208984.9
0.006916013 217388.4
0.0006766242 217518.9
0.0001731584 225294.2
0.001833141 228481.9
0.001489467 236121.5
0.002035856 246722.3
0.001661115 244333
0.0005123452 246899.9
0.0003566769 265452.3
0.001215399 262292.4
0.0003432029 272512.4
0.001040832 277380.5
0.004521624 263566.1
0.001854396 280269.9
0.0004469357 270804.5
0.002353744 289975.3
0.002545563 282014.2
0.002450874 280037.8
0.0008773098 278420.7
0.001784279 287796.4
0.002258363 297338.6
0.002400625 286231.1
0.001876018 281976.9
0.004315935 308304
0.004470045 306089.1
0.0006023273 281158.9
0.001720214 274344.4
0.001886788 265247.9
0.001256371 256491
0.001090228 269186.9
0.0003077162 277871
0.003721269 295570.1
0.004800989 264524.4
0.000339253 269411.7
0.006431104 276832.8
0.002502708 277585.5
0.002049491 254382.7
0.005315651 260140.8
0.003353024 256675.6
0.002839467 243887.5
0.001706923 244716.2
0.001207125 251386.8
0.006816479 235201.6
0.004278459 228942.8
0.004290883 230264.9
0.0008593002 247825.7
0.003136089 247371.2
0.001963632 247351.8
0.004418243 252543.2
0.001857122 242141.1
0.004721742 232353.3
0.002017849 226080.7
0.0003740276 218332.6
0.001106487 208723.9
0.004542827 215580.7
0.00294057 214960.9
0.002625899 219757.9
0.001929523 210120.7
0.006721153 208836
0.002193526 196207.4
0.001113058 207082
0.002400215 194102.3
0.01214319 203347.9
0.01209331 196998.8
0.005776967 185533.5
0.007338154 179650.6
0.007197084 202245
0.003182186 202711
0.002451298 192002.2
0.004388055 180566.6
0.009378935 176282.4
0.004209563 175870.8
0.003872993 160301.6
0.006917303 168111.5
0.001365755 179639.8
0.0008730495 169938.4
0.00873942 176058.3
0.003336751 186781.2
0.002842133 186615.8
0.005928577 193963.3
0.001119278 209018.6
0.002180767 214070.8
0.001782499 189853.3
0.002529622 193938.5
0.003153188 188535.8
0.002205532 176774
0.002127161 177976.5
0.00147787 198149.5
0.00260417 198533.9
0.002972119 188249.5
0.0006213997 184641.7
0.008776247 177936.1
0.001874825 184068.6
0.00311367 197121.3
0.004530415 211756.6
0.002098108 216393.2
0.00430174 209966.6
0.002375594 203722.3
0.0003775911 200121.7
0.002721993 198232.1
0.004686666 220330.1
0.001730965 214011.7
0.003625927 222130.2
0.005669617 216755.7
0.003556582 215290.4
0.002149419 226103.6
0.00215075 219665.3
0.002700197 221677.5
0.00114427 227138.7
0.001977566 226306.5
0.003430027 224284.1
0.003286188 229160.3
0.0004713171 216758.4
0.002374171 217914.6
0.002577988 197851.1
0.003488413 182852.6
0.002746076 200193.5
0.0002876228 207870
0.00295161 206319.1
0.002363115 207204.1
