probIn varB
0.02604656 0.01578725
0.01569672 0.01648693
0.01684463 0.01288364
0.01664595 0.01284756
0.004188083 0.01250107
0.002793066 0.0107047
0.005673895 0.01134522
0.00200531 0.01263021
0.004069033 0.01260321
0.01634418 0.01099201
0.009462871 0.009626666
0.01685341 0.009035619
0.01178704 0.009390224
0.01052797 0.009651299
0.008614882 0.009009165
0.008069059 0.008098143
0.008350624 0.008351451
0.003784295 0.006901351
0.01153151 0.007316741
0.02264552 0.007211536
0.01256981 0.006884106
0.0179537 0.006108348
0.02675603 0.004984657
0.022095 0.004710923
0.03393336 0.004016636
0.03837245 0.00404365
0.04063224 0.003521121
0.01717156 0.003891546
0.0268727 0.003694413
0.02674915 0.004420413
0.02147537 0.004387589
0.01258266 0.004253696
0.02098386 0.004493194
0.01164522 0.00423751
0.02919047 0.005121153
0.03014672 0.005274954
0.02648382 0.004871715
0.01546864 0.005177768
0.01053898 0.005700859
0.0109879 0.005207309
0.009710566 0.005706734
0.01991035 0.005735132
0.01811053 0.005377526
0.03178584 0.005498972
0.03358377 0.005236027
0.02688607 0.005113042
0.03560609 0.005552
0.02702637 0.005272462
0.0183914 0.004616392
0.01967568 0.004603246
0.02852232 0.005123464
0.04402012 0.005868316
0.05231704 0.004978941
0.02856297 0.005384643
0.02427159 0.004916121
0.03152297 0.003927707
0.02429942 0.003638738
0.0179495 0.003804226
0.01386868 0.00385495
0.02168174 0.003930739
0.01548831 0.004036741
0.02671779 0.003336099
0.05356021 0.003597486
0.02960425 0.004141699
0.0306077 0.004046467
0.0261651 0.004178186
0.02492999 0.004531618
0.02450237 0.005134128
0.02263998 0.004783214
0.0105083 0.0040175
0.02034122 0.00441642
0.04599796 0.004480387
0.02187058 0.005031411
0.01835789 0.004841387
0.01967678 0.005656163
0.02753623 0.006190224
0.02435217 0.006334533
0.03750043 0.005235965
0.01471859 0.005022769
0.02176485 0.004091197
0.02861649 0.004010096
0.02146901 0.003714509
0.009757361 0.003928718
0.01660662 0.003408446
0.02199678 0.003417934
0.03164029 0.00330413
0.0339645 0.002883497
0.03761704 0.002466965
0.03704051 0.002493955
0.06059449 0.002201114
0.04440237 0.002244011
0.0480818 0.001959477
0.04063061 0.001890523
0.02931557 0.001839544
0.0446549 0.002141225
0.07274327 0.002519607
0.0754224 0.002794359
0.04363312 0.002541749
0.02261974 0.002313534
0.01836623 0.00227343
0.02298155 0.002122014
0.03750617 0.002186346
0.04217664 0.002561307
0.04920754 0.002680725
0.02944372 0.002279867
0.04612091 0.002302975
0.04749008 0.00217713
0.04734955 0.0019848
0.04962328 0.002281311
0.03529824 0.002231819
0.04005272 0.00242552
0.03362857 0.002276435
0.06257628 0.002407536
0.04868811 0.002621926
0.03514269 0.002788451
0.05750654 0.002812975
0.0351937 0.002520641
0.01479947 0.002393781
0.0115226 0.00219883
0.01501086 0.002068732
0.02263438 0.001989164
0.01681382 0.001838903
0.02182549 0.001790198
0.03074257 0.00171562
0.02262189 0.001953441
0.03005047 0.002355118
0.01130587 0.002502622
0.007316305 0.002609424
0.008237745 0.002813497
0.02177591 0.002570522
0.01377503 0.002476087
0.008673063 0.002306675
0.01679069 0.002365252
0.02315228 0.001687821
0.0394675 0.001517635
0.01512089 0.001505224
0.01720879 0.001406905
0.02097322 0.001318914
0.01476754 0.0014691
0.03074814 0.001565623
0.02203259 0.00159561
0.03235624 0.001776357
0.03514154 0.001682614
0.02785434 0.00198945
0.02277009 0.001385721
0.02056088 0.001332361
0.016667 0.001433569
0.02558441 0.001539861
0.02378813 0.001444768
0.02342698 0.001446515
0.03750258 0.001512099
0.05096281 0.001489311
0.06494407 0.001441636
0.08760088 0.001505032
0.06200773 0.001798926
0.030092 0.001633024
0.01691707 0.001723258
0.01309532 0.001799097
0.02272066 0.001964486
0.03413143 0.002057691
0.02253346 0.001982281
0.01962506 0.001783728
0.02362497 0.0017901
0.0449296 0.001871136
0.04560563 0.001777646
0.0429682 0.001880308
0.03943802 0.001531126
0.03071337 0.001403344
0.01873991 0.001552276
0.03008711 0.001726101
0.02338337 0.001518092
0.03190298 0.001237456
0.04711867 0.001047924
0.02076491 0.0008868927
0.02119422 0.0009798186
0.05819758 0.001134074
0.06148869 0.001286133
0.06396422 0.0013435
0.08461425 0.001887423
0.08685846 0.002016198
0.0695306 0.001878745
0.04862737 0.001362356
0.02824467 0.001273608
0.03503296 0.001513268
0.03936746 0.001606091
0.05569152 0.001517344
0.05854759 0.001601811
0.06314288 0.001636966
0.09177746 0.001666165
0.07274292 0.001609969
0.06176871 0.001620156
0.06897858 0.00158324
0.07458125 0.001789108
0.06780149 0.002002499
0.07103197 0.001894741
0.04795305 0.001613689
0.0241265 0.001597028
0.02414814 0.001434927
0.00983119 0.001593636
0.01986361 0.001568107
0.02758102 0.001491678
0.01712037 0.001239481
0.02118541 0.001335228
0.03832416 0.001251537
0.02677849 0.001246061
0.02286605 0.00149328
0.01168142 0.001412997
0.02207209 0.001264913
0.02057274 0.001469096
0.04087771 0.001511396
0.05116251 0.001547042
0.04003611 0.001522561
0.06382919 0.001418655
0.0601564 0.001512151
0.07077401 0.001368526
0.06179062 0.001307113
0.05519103 0.001305132
0.05763598 0.001089604
0.0457549 0.001213917
0.04421359 0.001286568
0.03905254 0.001386293
0.04015462 0.001209871
0.0461698 0.001479847
0.05092194 0.001825546
0.04213359 0.001755998
0.04433359 0.001806041
0.04649928 0.002061166
0.04588081 0.002063851
0.04894244 0.002183386
0.0502059 0.002133042
0.03790499 0.002164973
0.03774945 0.002502632
0.03159663 0.002578901
0.02186611 0.002384483
0.04465015 0.002151315
0.04705646 0.002117997
0.04826006 0.001669825
0.05918442 0.001354344
0.07157136 0.001402807
0.07597763 0.001507165
0.07998898 0.001689161
0.05282185 0.001800047
0.03292064 0.001836868
0.03424798 0.001972418
0.02589695 0.001410537
0.01852209 0.001417748
0.03740085 0.001417475
0.04183841 0.001421844
0.03840786 0.001217918
0.06935104 0.001136702
0.0586682 0.001065678
0.08047737 0.001004227
0.08897732 0.001068966
0.04190564 0.001133908
0.04603551 0.001103818
0.0482038 0.001152307
0.03949759 0.001199037
0.05169536 0.001222242
0.07450735 0.001077643
0.06827622 0.001144559
0.07537877 0.001136828
0.05234109 0.0009654151
0.0697952 0.0009355043
0.04466697 0.0009466858
0.05039038 0.0009283453
0.0420614 0.0008289739
0.04024555 0.0009386279
0.0337295 0.000845133
0.03830504 0.001183591
0.06635938 0.001246144
0.0859262 0.001200689
0.1087684 0.001417593
0.107048 0.001472283
0.0831434 0.001409106
0.0763602 0.001321405
0.04825761 0.001126154
0.07223248 0.001289417
0.08543926 0.001079766
0.06512235 0.001132574
0.06862948 0.000980428
0.04543888 0.001040778
0.04383194 0.001124523
0.03959728 0.001044768
0.04320078 0.001233159
0.04910652 0.001242677
0.02368431 0.001180009
0.01959015 0.001331116
0.02649639 0.001249085
0.01451373 0.00138251
0.02009332 0.00126058
0.009545086 0.001305599
0.009974567 0.001390134
0.01807703 0.001509564
0.001175584 0.001399083
0.003230349 0.001629628
0.005260301 0.001793899
0.003504004 0.002266823
0.003934234 0.002352224
0.01849033 0.002413124
0.02125923 0.001848137
0.007618859 0.001998579
0.01785227 0.001988272
0.01082533 0.002416844
0.01369218 0.002462671
0.002442926 0.002523047
0.008015978 0.002435614
0.02064104 0.002273094
0.01314313 0.002379664
0.02361536 0.002398582
0.0255741 0.002766354
0.01911469 0.002663398
0.03990576 0.002790542
0.02803135 0.002626136
0.0312714 0.002448479
0.01990021 0.002280956
0.01627395 0.002122848
0.02197039 0.001984155
0.05299109 0.002205719
0.04111684 0.002714312
0.05431267 0.002609552
0.06018608 0.002528604
0.03998951 0.002619101
0.05653626 0.002521214
0.05247779 0.002499511
0.03503748 0.002304978
0.07206908 0.002629942
0.06415414 0.002248583
0.04752859 0.002356766
0.05609983 0.002480849
0.02806598 0.001996667
0.03084546 0.002300869
0.01992068 0.0021506
0.0267 0.002141283
0.06228446 0.002439032
0.07773106 0.002522439
0.07502845 0.002847558
0.03946698 0.002871396
0.05877726 0.00267901
0.0650278 0.002743376
0.05343685 0.002314898
0.0423703 0.002188821
0.03578167 0.002450367
0.07269624 0.00257584
0.05007757 0.002616901
0.05448765 0.002907597
0.05818365 0.003214111
0.0743293 0.002798951
0.07631713 0.003264654
0.05170799 0.003464693
0.07021049 0.003037921
0.05917067 0.002777102
0.0486672 0.003075782
0.04367678 0.002668449
0.0231193 0.002364479
0.02564722 0.002533073
0.02047056 0.002632959
0.02720534 0.002515214
0.009637703 0.002678599
0.01209763 0.003456351
0.01838584 0.003816741
0.02497031 0.003814327
0.0271207 0.003813579
0.02491079 0.003679473
0.03487535 0.002699126
0.02809387 0.002593364
0.03519415 0.002864125
0.02565766 0.002710041
0.03728529 0.002732467
0.05668804 0.003135946
0.04164826 0.003584821
0.03194668 0.003367724
0.02907396 0.003086235
0.02257382 0.003454862
0.01601507 0.003004599
0.02107072 0.003324958
0.01820853 0.003002332
0.01356173 0.003261611
0.04161137 0.002615774
0.05985905 0.00268608
0.0648639 0.00293623
0.05685 0.003279238
0.05400362 0.002721877
0.05959261 0.002897348
0.05778068 0.002674928
0.04499948 0.002598339
0.05747881 0.003205204
0.03164404 0.003029512
0.03117567 0.002694364
0.03573414 0.002900883
0.01146084 0.002732675
0.01680586 0.002470364
0.02517816 0.002442148
0.02500787 0.003070411
0.04054937 0.002952163
0.01842866 0.002341713
0.0288775 0.002418226
0.05431463 0.00227441
0.08696222 0.002021815
0.07317268 0.002248091
0.03743926 0.00205986
0.05142639 0.001848994
0.06170744 0.001991569
0.0675101 0.002001909
0.06497735 0.00214591
0.04391252 0.002552032
0.01870029 0.002354164
0.006013959 0.002249151
0.009427748 0.002312283
0.01370794 0.002696791
0.02773888 0.002682773
0.0285359 0.003216565
0.01654586 0.003044083
0.005929334 0.00294388
0.008520643 0.0029934
0.0114104 0.00265788
0.01503508 0.002964847
0.02058294 0.00298164
0.01345327 0.003547671
0.01401533 0.003432299
0.01494457 0.003453042
0.01907659 0.003071175
0.02659601 0.002849232
0.01036786 0.002632925
0.005975493 0.00214362
0.006295794 0.002220487
0.01627754 0.002202802
0.0243252 0.002273186
0.04464956 0.001912434
0.06723867 0.001843226
0.06389201 0.00192382
0.07890674 0.002115107
0.06911761 0.002338711
0.04522727 0.002741061
0.05635652 0.003033066
0.07084069 0.00283645
0.06355579 0.002704081
0.07761355 0.002358852
0.06123053 0.002397208
0.02452364 0.002097838
0.015475 0.002051361
0.04038722 0.002243049
0.05520146 0.001970894
0.04421468 0.001899451
0.03240275 0.002180623
0.01895063 0.002029214
0.02221365 0.001879072
0.0073962 0.00247487
0.001569671 0.002675265
0.0031962 0.002659444
0.01629232 0.002253249
0.01055468 0.00234239
0.01393466 0.002012972
0.004694452 0.001928056
0.02717756 0.002400518
0.05132464 0.002447084
0.05061765 0.002358551
0.04651111 0.002350841
0.06007846 0.001846535
0.08300415 0.002005629
0.05986972 0.002043606
0.08673073 0.002062935
0.0588379 0.001959309
0.05574305 0.002181636
0.05360933 0.00272416
0.05933491 0.002628046
0.04789669 0.002342477
0.07365698 0.002374267
0.07973063 0.002135432
0.03955436 0.002105423
0.05259531 0.002162987
0.03232826 0.002265784
0.0246535 0.002527214
0.03525595 0.002031109
0.03677169 0.002203375
0.03333398 0.002125951
0.03507878 0.001965679
0.04159952 0.001945897
0.02398301 0.002144197
0.03946413 0.001692653
0.04358502 0.001946304
0.05415407 0.001869194
0.03473004 0.001702334
0.04064112 0.001794742
0.0215041 0.002108565
0.01833799 0.002361869
0.01955416 0.002532615
0.0176874 0.002129387
0.009088014 0.001818754
0.01406146 0.001868338
0.02275916 0.00154254
0.02325525 0.001556031
0.01519939 0.001595501
0.01414465 0.001892098
0.02100063 0.001833026
0.01562323 0.002092012
0.02709062 0.002278902
0.01738808 0.002169079
0.01972918 0.002008589
0.02211676 0.001808408
0.01658561 0.002259878
0.02075474 0.002331166
0.0233272 0.00226876
0.03128824 0.002668328
0.02880006 0.002527331
0.01754863 0.002270132
0.02024633 0.002204985
0.04316077 0.002451276
0.02861263 0.002143881
0.02807593 0.002132101
0.02508769 0.002426583
0.01274406 0.002490474
0.03791654 0.002564851
0.041518 0.002668322
0.06444313 0.002664457
0.06058161 0.002466388
0.04336339 0.002161098
0.04867311 0.001906568
0.01249647 0.002004421
0.01692015 0.002432219
0.03261085 0.002560025
0.03079102 0.002402281
0.0271791 0.00285513
0.04406956 0.002604274
0.06821314 0.00332507
0.06188072 0.002631208
0.07085436 0.002672065
0.09295233 0.002938817
0.08100438 0.002226642
0.06444677 0.00231318
0.05052589 0.002397684
0.0535937 0.002464862
0.05040609 0.002631967
0.03567348 0.002236284
0.03744876 0.001796469
0.05734796 0.001855999
0.06720544 0.001959588
0.06885157 0.001634451
0.05064203 0.001756675
0.07938069 0.001824242
0.09820188 0.00201937
0.08585077 0.001832424
0.07388814 0.00206685
0.07703291 0.001836992
0.04452873 0.002100948
0.03168916 0.002267829
0.04769201 0.002525438
0.02217239 0.002399344
0.02262255 0.0027052
0.02519924 0.00291459
0.02943179 0.003526456
0.02989823 0.003410198
0.02185516 0.002955577
0.02212291 0.002866089
0.02701423 0.003036846
0.02655255 0.00344443
0.03670717 0.003122365
0.02829701 0.002889576
0.02642609 0.003280462
0.02983834 0.00336618
0.0274113 0.003593483
0.03601984 0.004213876
0.02633603 0.004608844
0.02393052 0.004231356
0.02657009 0.003472155
0.01925912 0.003242029
0.01779914 0.003445151
0.0293089 0.004010216
0.03592236 0.004163308
0.01517907 0.004152972
0.013048 0.004438655
0.01261756 0.004815679
0.01627905 0.00454141
0.02670818 0.00452229
0.0276113 0.004139495
0.03842881 0.004569091
0.0355417 0.00469211
0.01755121 0.005672207
0.01946057 0.005319046
0.0359687 0.006499218
0.01923429 0.005100374
0.04005874 0.005213894
0.03243823 0.005716483
0.02552579 0.006776496
0.02647004 0.006097175
0.013007 0.005714685
0.00810606 0.005904335
0.01023419 0.005517996
0.02912636 0.006206495
0.02296634 0.005261607
0.01674612 0.004613591
0.02807927 0.004465341
0.01498499 0.004435826
0.004517886 0.004412432
0.01599463 0.003841157
0.001663899 0.004104271
0.004981963 0.003909669
0.008710091 0.003757163
0.009882849 0.003420896
0.003682047 0.003268435
0.007920874 0.003271485
0.01465848 0.003503341
0.01163836 0.003634142
0.01086357 0.003544229
0.005071917 0.003863738
0.01808272 0.003810414
0.01696608 0.003418458
0.02570611 0.002921045
0.03578705 0.002809844
0.03764363 0.002572378
0.03736015 0.002921393
0.04348178 0.002541381
0.08298348 0.002710296
0.06203124 0.002502836
0.08045185 0.00202937
0.06779539 0.002192308
0.0517619 0.002168927
0.05009918 0.00205027
0.03009673 0.001902638
0.03906524 0.002254916
0.04105325 0.002064733
0.06314617 0.001967335
0.03561128 0.002080868
0.07109849 0.001964813
0.07944369 0.00179347
0.09737062 0.001529977
0.08099715 0.001439069
0.08336828 0.001416213
0.06449047 0.00157156
0.05122172 0.0015321
0.04325084 0.001612885
0.03017752 0.002059744
0.02672146 0.002188789
0.01981127 0.002228101
0.02542567 0.002821741
0.02480069 0.003035622
0.0429516 0.003494514
0.05612077 0.003379259
0.04415995 0.003084594
0.05732223 0.003228212
0.01986324 0.002874866
0.02215523 0.003035516
0.01917866 0.003056831
0.0216335 0.002957554
0.02479192 0.002997866
0.02517836 0.002734091
0.02110093 0.002652167
0.02229181 0.002575588
0.03068986 0.002392557
0.0299403 0.002348048
0.04792542 0.002720741
0.02159677 0.003114686
0.03663068 0.003955954
0.01386168 0.004218907
0.01087083 0.003893458
0.01189992 0.004255669
0.01937468 0.004448739
0.0245049 0.004007483
0.02848705 0.004459614
0.01518905 0.003751665
0.0181285 0.003353464
0.01642561 0.003159692
0.01309783 0.002947861
0.02199599 0.002717798
0.05698126 0.00304118
0.0421696 0.002523462
0.04224026 0.002772257
0.04981428 0.002722291
0.05272304 0.002680078
0.0481786 0.002528953
0.03198328 0.002230397
0.07036053 0.002058566
0.04245185 0.001505684
0.03533087 0.001300296
0.03745526 0.001035139
0.01962099 0.001170272
0.02517854 0.001186544
0.03037878 0.001217262
0.03441911 0.00125648
0.02582937 0.001358023
0.03226571 0.001246813
0.04127385 0.00110667
0.04108665 0.001056597
0.0262096 0.0009471466
0.0420646 0.0009585968
0.06267764 0.0009172171
0.09876195 0.0009943456
0.08023464 0.0009968312
0.07936326 0.0009109046
0.07571804 0.0009717321
0.06790142 0.00109212
0.06391325 0.001115144
0.08901303 0.001122372
0.09079995 0.0009436937
0.06623534 0.001017051
0.07926915 0.0008924281
0.1115355 0.001025755
0.1259725 0.0009097114
0.1570292 0.001006104
0.155666 0.001011183
0.1143463 0.001163625
0.08433737 0.00132239
0.06548813 0.001348823
0.05586148 0.001481136
0.08881892 0.001310246
0.06030914 0.001195319
0.0617176 0.001313893
0.06249308 0.001355929
0.03650246 0.001418788
0.04693724 0.001437495
0.05090148 0.001591544
0.08000011 0.00165523
0.122165 0.001546387
0.1066266 0.001600863
0.1208371 0.001501947
0.1080417 0.001444185
0.1341714 0.001267828
0.1196887 0.001047451
0.1299543 0.001256677
0.0918618 0.001313003
0.1279614 0.001052415
0.08971288 0.0009051968
0.08944268 0.001022853
0.0815494 0.001192742
0.08841389 0.001369757
0.09487326 0.001195787
0.09527574 0.001131381
0.123109 0.001162366
0.1084229 0.001189511
0.1428181 0.001176345
0.1102039 0.001103524
0.1723438 0.001056894
0.17562 0.000970484
0.150063 0.001016582
0.1303312 0.0008466482
0.1877817 0.0009248379
0.15969 0.0009050286
0.1570257 0.0009633243
0.1580846 0.0008794641
0.1200182 0.001088187
0.09199991 0.001023366
0.07408341 0.000793186
0.0851778 0.0008750502
0.09387826 0.0007103759
0.09923656 0.0007764691
0.09746714 0.0007591585
0.1147721 0.0008334509
0.1405466 0.0008250445
0.1202025 0.0008678776
0.1022281 0.0007879553
0.1059157 0.0008283459
0.09772469 0.0007998002
0.1384047 0.0008673183
0.1257439 0.0008395021
0.1129842 0.0008156243
0.1038602 0.0008732837
0.130354 0.0008343153
0.09049263 0.0009183967
0.09336934 0.001108696
0.07876542 0.001157353
0.08024629 0.001209358
0.08365756 0.001106248
0.09319268 0.001134194
0.08590523 0.001024556
0.05600985 0.001055213
0.05137669 0.001140677
0.05476843 0.001235498
0.05403572 0.001423452
0.02769593 0.001427136
0.03130171 0.001262124
0.04328074 0.001115908
0.0572458 0.001026591
0.03637749 0.001194218
0.02671498 0.001160655
0.03462075 0.001104733
0.04024236 0.001243757
0.05749319 0.001442425
0.0377196 0.001325764
0.03494237 0.001219336
0.03976375 0.001139725
0.03791591 0.001380013
0.06819448 0.001348699
0.05397556 0.001151332
0.05988995 0.001195025
0.07905286 0.001140724
0.0889686 0.001181983
0.08389639 0.001456198
0.07640384 0.001568045
0.07048793 0.00152748
0.05963396 0.001769836
0.04586837 0.001944873
0.02489233 0.001707019
0.05803797 0.001965012
0.05393669 0.001784859
0.05170728 0.002185122
0.03812029 0.00224832
0.01414344 0.001788447
0.007496719 0.00173813
0.01109182 0.001749037
0.006608698 0.001630288
0.01224545 0.001726429
0.0166391 0.001895724
0.006878021 0.001976644
0.008843164 0.00203589
0.03898015 0.001988261
0.02029462 0.001823196
0.01246155 0.002183737
0.03423586 0.002094769
0.03486343 0.002248112
0.02762552 0.002148177
0.04073561 0.002291557
0.04885157 0.00219511
0.0911228 0.002049292
0.08770925 0.001825663
0.0616824 0.001978379
0.05338013 0.002028917
0.04879954 0.002189701
0.04515437 0.002008126
0.05006056 0.002205565
0.04018354 0.002141469
0.06880809 0.002113923
0.0494497 0.002307892
0.03763277 0.002324472
0.04074683 0.001846426
0.03174904 0.001782795
0.04479203 0.00174686
0.0601663 0.001819065
0.04118943 0.002169208
0.05290794 0.001926859
0.04456379 0.002332765
0.04376355 0.002164455
0.0394546 0.00262626
0.03072537 0.00258992
0.02364186 0.002648065
0.02686235 0.002482571
0.03460424 0.002705131
0.03884739 0.002784219
0.03205599 0.00297172
0.02321111 0.003244017
0.03138922 0.003601168
0.01023351 0.003151009
0.0189863 0.003346943
0.01608706 0.003597778
0.02061644 0.003605229
0.02091935 0.003236809
0.01866516 0.003324173
0.0533998 0.002687525
0.04999247 0.003379965
0.0122503 0.003265367
0.009202182 0.003296201
0.008517945 0.003184378
0.007394699 0.0029869
0.01488791 0.002934843
0.02289538 0.003092983
0.03366635 0.002842985
0.02743533 0.002476225
0.01291394 0.002889174
0.02431774 0.002782655
0.03674317 0.002405068
0.01953623 0.002008389
0.02979269 0.002302458
0.03564183 0.002393958
0.02969214 0.002608715
0.03668163 0.002932605
0.0224016 0.003271537
0.04329842 0.003172748
0.0716813 0.003218928
0.04711413 0.00313079
0.01267618 0.00319949
0.02298741 0.003679518
0.03145173 0.005261309
0.04984503 0.004221913
0.05197544 0.003762122
0.04761912 0.003867254
0.03761486 0.003390618
0.01812624 0.002974483
0.02068613 0.00300171
0.03865522 0.002918973
0.05291636 0.002889139
0.04507482 0.002722213
0.04100722 0.002215833
0.04077788 0.002270032
0.02773127 0.002454282
0.04349523 0.00242921
0.0201731 0.002571522
0.02784157 0.002641233
0.05030605 0.002783493
0.04951217 0.002519985
0.0440282 0.002439732
0.02276699 0.002561508
0.0288382 0.002708032
0.02491279 0.00239949
0.03430093 0.002259376
0.03617444 0.002282023
0.02146326 0.001687593
0.03284627 0.001810749
0.03164549 0.001627835
0.01949603 0.001777953
0.01032387 0.001764786
0.02660593 0.00177971
0.0332388 0.001320861
0.03850888 0.001374745
0.03587524 0.001351555
0.03692939 0.00128671
0.02645595 0.001102015
0.02560698 0.001197406
0.01013805 0.001360988
0.01361045 0.001292295
0.02679369 0.001273986
0.02354871 0.001342519
0.03425827 0.001368088
0.06877875 0.001366375
0.07080723 0.001457622
0.0812169 0.001385514
0.09020395 0.001375649
0.1210265 0.001012522
0.1064984 0.001037831
0.09745036 0.001044322
0.1295254 0.001055009
0.09741366 0.0008841153
0.09552518 0.0008604989
0.09809907 0.0009150841
0.05193844 0.0008633535
0.04614219 0.0009114558
0.02834727 0.0007883073
0.02212453 0.0007803482
0.04163545 0.0006637058
0.03809505 0.0006785471
0.02406858 0.0007065586
0.04365649 0.0006742954
0.08058946 0.0008364005
0.08570418 0.0009212198
0.06650796 0.0009669067
0.06412672 0.0009132281
0.05404101 0.000955334
0.05397125 0.001138859
0.04592816 0.001113351
0.06025372 0.001264001
0.03968308 0.001563578
0.05380856 0.001797952
0.0563892 0.001918064
0.08461471 0.001963202
0.04777289 0.001750624
0.03654189 0.002026482
0.0573205 0.00194113
0.03513001 0.002172342
0.03983809 0.002073077
0.04523971 0.00210901
0.04605471 0.002043583
0.0469123 0.002066392
0.03387308 0.001935507
0.04148322 0.001881192
0.03267857 0.001943198
0.05668221 0.002196925
0.04339392 0.002211892
0.03161268 0.002491014
0.02291279 0.002535192
0.009395385 0.00330487
0.004321071 0.003518365
0.01393031 0.003550597
0.01898167 0.003397512
0.01910774 0.003952153
0.009745987 0.004270866
0.01647654 0.004780458
0.03009481 0.004108514
0.02513396 0.004093061
0.007799819 0.003517986
0.01379677 0.003599006
0.01202391 0.003753569
0.0336455 0.00328535
0.02591255 0.003309261
0.006602034 0.003425047
0.0008676621 0.003504538
0.003599927 0.003508837
0.006135875 0.003367338
0.009389371 0.003201116
0.02609496 0.002691718
0.02654188 0.00282387
0.03841245 0.002439201
0.05707355 0.002082684
0.0400502 0.00176204
0.05460461 0.00209373
0.03304244 0.002307004
0.03925488 0.001989234
0.04043108 0.001900138
0.02862948 0.001792619
0.02899557 0.002149313
0.03479563 0.002241908
0.01965178 0.002415655
0.01189126 0.002174459
0.01948982 0.002519505
0.008294211 0.002366248
0.01466242 0.00270801
0.01194476 0.002917962
0.01839406 0.002603867
0.03260185 0.002720936
0.04835012 0.002850353
0.02438254 0.002969028
0.02394513 0.00306114
0.02260601 0.003301705
0.01326799 0.003495664
0.02340323 0.004021965
0.03132573 0.004082983
0.01935868 0.004143562
0.03138375 0.003920972
0.03735392 0.003966328
0.0481595 0.00467869
0.05947624 0.004457192
0.06922411 0.005494079
0.04131044 0.004994389
0.0378233 0.005444121
0.0244987 0.004459671
0.04161803 0.004323724
0.01885636 0.003612886
0.029152 0.003678518
0.02118115 0.003994024
0.01746166 0.004285018
0.006397108 0.003562407
0.005279291 0.002779336
0.01479263 0.002327285
0.02838239 0.002312555
0.02874284 0.002314911
0.02405275 0.002234928
0.01616933 0.001983682
0.0048571 0.001989354
0.01244414 0.001856439
0.02169131 0.001734054
0.01810799 0.002171228
0.01398409 0.001783584
0.02508195 0.001970898
0.03397163 0.001952175
0.01587096 0.001711816
0.01321336 0.001694836
0.01706836 0.001863292
0.008606971 0.001670859
0.01966038 0.001531713
0.03149642 0.00142045
0.02520305 0.00134554
0.02478548 0.001326677
0.009147854 0.00103923
0.007340239 0.001187279
0.006137516 0.001029132
0.01165724 0.001033916
0.01738487 0.001012844
0.02177453 0.001072544
0.01500685 0.001099081
0.0239123 0.001355055
0.01320564 0.001348364
0.06132143 0.001365207
0.08109725 0.001333394
0.08024218 0.001371185
0.1002681 0.001365925
0.08447794 0.001357435
0.05441531 0.00128095
0.04160522 0.001350439
0.04271041 0.001298294
0.02587793 0.00130273
0.04849879 0.001269573
0.05326003 0.001560141
0.061212 0.001365704
0.08333833 0.001425589
0.09081978 0.001346169
0.08091059 0.001121656
0.06284449 0.001288125
0.06421988 0.001449761
0.05724819 0.001617863
0.04084227 0.001652502
0.03734138 0.001769099
0.03821971 0.002004526
0.03312902 0.002185842
0.03880404 0.002440222
0.04883333 0.002534747
0.03235068 0.002231911
0.02485375 0.001999604
0.02424033 0.002123147
0.04048809 0.002336761
0.02988967 0.002756432
0.01969837 0.002494977
0.01500397 0.002588876
0.01493763 0.002183314
0.02657588 0.002124539
0.01859159 0.002014829
0.03424895 0.002335242
0.03834319 0.002447655
0.01748854 0.002222511
0.02425109 0.002465501
0.0298932 0.002186475
0.03936429 0.002180842
0.02859491 0.00190292
0.02713243 0.00201017
0.04186749 0.001825008
0.05919514 0.001369413
0.06912562 0.00166632
0.07483126 0.001549532
0.09781401 0.001454041
0.07061369 0.001462425
0.05109607 0.001456861
0.03238905 0.001347961
0.03669615 0.001372766
0.08139891 0.001197703
0.07319571 0.001365676
0.0582285 0.001456757
0.05495467 0.001490021
0.06196869 0.001646364
0.04550226 0.001549028
0.03600238 0.001478155
0.02455331 0.001571959
0.03879527 0.001477219
0.02926168 0.001631922
0.02034386 0.001603821
0.02983925 0.001672425
0.06539276 0.001731031
0.02726378 0.001819117
0.03686373 0.00190173
0.06763854 0.001755229
0.04195638 0.001665949
0.02459998 0.001604693
0.01989923 0.001655578
0.04307793 0.001788772
0.05434857 0.00173995
0.04233336 0.001347523
0.02952366 0.001266521
0.05466875 0.001376015
0.06754081 0.001591382
0.05484217 0.00152039
0.06823174 0.001540828
0.04618147 0.001504922
0.02426663 0.001281269
0.04380639 0.001291707
0.03711426 0.001159173
0.03777906 0.0009674679
0.07488704 0.0009921026
0.07057782 0.001061972
0.08186043 0.001231358
0.09843883 0.001318052
0.1231877 0.001222131
0.1035879 0.001172911
0.1138382 0.001537929
0.09574723 0.001756657
0.05786161 0.001817528
0.05494147 0.001800295
0.02308731 0.001880667
0.01206233 0.002115729
0.02566157 0.002451971
0.0604685 0.002169751
0.04785282 0.002241365
0.04456094 0.0026686
0.04164648 0.002672862
0.02749268 0.002533151
0.03154114 0.002869379
0.03339005 0.003128305
0.05330075 0.002853841
0.02730962 0.003072029
0.03229729 0.002714906
0.03431874 0.00278067
0.04022941 0.002857696
0.04769409 0.002462881
0.06860058 0.002342512
0.06135385 0.002247661
0.05046253 0.002378419
0.04458802 0.001899715
0.02791236 0.001870873
0.02185853 0.001682003
0.01062542 0.001694509
0.01103038 0.001735629
0.01094685 0.001720237
0.01669685 0.00165273
0.01240678 0.001723843
0.01885013 0.001898751
0.03227838 0.00213756
0.01704425 0.002419222
0.02375017 0.002392596
0.01782826 0.002383802
0.03506871 0.002165628
0.0349586 0.00212341
0.04660383 0.002246047
0.05633993 0.002601539
0.06607329 0.002522142
0.04266283 0.002255829
0.05199381 0.001935812
0.04241952 0.002030644
0.09821383 0.001864384
0.07273244 0.001648538
0.05939631 0.00194657
0.0849658 0.001780285
0.06542923 0.001381311
0.06914787 0.001260588
0.07775667 0.00103732
0.06414256 0.001159182
0.08472942 0.001294604
0.1134147 0.001344552
0.1115119 0.001392376
0.09491678 0.001518457
0.1262563 0.001197719
0.1555257 0.001123162
0.112276 0.00108331
0.08079555 0.001032006
0.07928182 0.0009124592
0.05280346 0.001145889
0.04433975 0.0008731623
0.04309981 0.0007728467
0.06115398 0.0007128118
0.06296698 0.0009732213
0.05157688 0.0009123683
0.08007979 0.0009707549
0.0953388 0.000966231
0.08910634 0.0009315888
0.1164354 0.0009244251
0.09890442 0.0008593629
0.0958425 0.001039102
0.1186303 0.001136414
0.1192632 0.001061975
0.1038922 0.001050249
0.07104927 0.001079503
0.0362142 0.001000456
0.03253147 0.00123012
0.0357586 0.001458655
0.05048072 0.001568547
0.04383592 0.001347316
0.03973606 0.001321176
0.03586278 0.001431431
0.06012131 0.001309763
0.07679334 0.00137903
0.0752954 0.001297547
0.05669177 0.001414067
0.05895766 0.001295757
0.02885023 0.001440618
0.04660258 0.00136626
0.05891816 0.001506229
0.06396214 0.001305893
0.08341779 0.001113952
0.1019994 0.001041487
0.1087041 0.000927928
0.1125774 0.0008563076
0.1474369 0.0009187173
0.1990969 0.0008310348
0.2082111 0.0007763503
0.2326573 0.001106703
0.1724096 0.00107292
0.1977742 0.001189236
0.2135566 0.001192519
0.1727541 0.001440825
0.1663811 0.001582026
0.1904394 0.001396414
0.1886814 0.001260976
0.1332812 0.001300926
0.1342401 0.001298897
0.08810934 0.001439452
0.08099952 0.001687489
0.07256117 0.001313634
0.05925498 0.001551907
0.07531218 0.001576728
0.06773852 0.001757695
0.02507525 0.001799947
0.02405851 0.00178411
0.03094005 0.00184306
0.0260857 0.0017769
0.01983292 0.001866324
0.0166491 0.001791461
0.05062058 0.001760329
0.03239931 0.00222235
0.05369996 0.002095528
0.04282841 0.002297687
0.02660195 0.001810584
0.02962138 0.001948328
0.03425279 0.001850906
0.03282622 0.002036223
0.02489098 0.002120423
0.02639178 0.001722959
0.03839431 0.001610214
0.03857851 0.001714673
0.02786526 0.001831282
0.02620011 0.001765704
0.02253153 0.002013563
0.009587119 0.002543162
0.02795399 0.002314228
0.01813792 0.002761675
0.01341833 0.0030374
0.02614356 0.002644843
0.02249193 0.002300446
0.01481329 0.002342882
0.01261063 0.00260551
0.01405737 0.00215894
0.009786463 0.002063102
0.0233037 0.001952886
0.01966884 0.001727024
0.03665345 0.001813695
0.01830253 0.001878299
0.01534696 0.002207732
0.02327446 0.002129377
0.03165762 0.002424203
0.04116621 0.002146709
0.0203916 0.001965502
0.03147742 0.001834156
0.04046295 0.001921802
0.05979988 0.001551003
0.04550716 0.001418269
0.03503909 0.00119915
0.02522061 0.0009849743
0.02901686 0.0009456925
0.02638255 0.0009403242
0.06230963 0.001067967
0.09537453 0.001042464
0.09581633 0.0009837917
0.0740267 0.0009437235
0.06341242 0.001061102
0.05055984 0.001175337
0.02410637 0.001266269
0.02762225 0.001252008
0.02052936 0.001045675
0.03669556 0.001166857
0.04921395 0.001078831
0.0607082 0.001039794
0.04275118 0.001153429
0.05697673 0.001087519
0.07198984 0.001186099
0.07261382 0.0011998
0.07298845 0.001249238
0.06386307 0.001503135
0.07955219 0.001696444
0.05270462 0.001584263
0.06947916 0.001754226
0.05670011 0.001635308
0.04288356 0.001587347
0.04856067 0.001691514
0.04395437 0.00167629
0.07556306 0.00146554
0.05077568 0.001461812
0.07484903 0.001640457
0.06027034 0.001459017
0.04942939 0.001508162
0.04166318 0.001527954
0.04055307 0.001524466
0.05771427 0.001658967
0.04505517 0.001999899
0.02824358 0.002041665
0.02731662 0.002279121
0.02298763 0.002592883
0.02261745 0.002295144
0.03097388 0.002257858
0.0551146 0.002316367
0.0531431 0.002258417
0.092226 0.002212474
0.09563111 0.001811569
0.06240902 0.001391052
0.04786168 0.001429567
0.06034684 0.001688959
0.04773547 0.002086731
0.05070599 0.002202555
0.05373743 0.001721614
0.05084258 0.001809502
0.06840641 0.001733962
0.05954488 0.001820483
0.07155243 0.001759663
0.04436601 0.001734431
0.06374584 0.001816187
0.03897838 0.001597127
0.02925409 0.001519227
0.01933303 0.001888285
0.02240238 0.002549824
0.03411664 0.002335544
0.06912226 0.002335449
0.06087683 0.001944458
0.05004065 0.001996999
0.06420018 0.001688674
0.06592451 0.001428553
0.09026854 0.001396691
0.06455999 0.00161673
0.05744256 0.001227185
0.05699838 0.001175512
0.0794933 0.001223337
0.05413839 0.001196736
0.0441625 0.001307986
0.0424235 0.001146269
0.06725549 0.001354014
0.06259224 0.00118134
0.08881457 0.001043482
0.08552673 0.0009571528
0.08526786 0.0009330582
0.0747757 0.0010526
0.1261154 0.00101649
0.1359234 0.001033135
0.06625395 0.0009673802
0.06079356 0.001097679
0.05859092 0.001281725
0.03590464 0.001300899
0.04097869 0.001456827
0.05745074 0.001399303
0.07280859 0.001437065
0.06458127 0.001455822
0.0716637 0.001587055
0.07718219 0.001648585
0.04975855 0.001779886
0.0432836 0.001550757
0.06535884 0.001604778
0.05578592 0.001211677
0.05410691 0.001242823
0.0614711 0.001085151
0.07751055 0.001097059
0.0689106 0.001099101
0.1046307 0.001169977
0.08020611 0.001303142
0.04659229 0.001344773
0.05874542 0.001484049
0.04292394 0.001285671
0.06606358 0.001370799
0.06258417 0.001363849
0.06142641 0.00147125
0.04425881 0.001674033
0.06166861 0.001613311
0.04689748 0.001885098
0.03199846 0.001922274
0.03632059 0.00201547
0.01983738 0.001980979
0.01677822 0.001856428
0.02748964 0.002122253
0.03223535 0.002296189
0.0293254 0.002234721
0.05771977 0.002277314
0.07757575 0.002086721
0.06139654 0.001928913
0.04446331 0.00252625
0.0687815 0.002699893
0.08494276 0.00262574
0.07129195 0.002439183
0.09444591 0.002291036
0.07840152 0.002186151
0.08358611 0.00219065
0.06096545 0.00248648
0.02877956 0.002207072
0.05324357 0.002427255
0.052922 0.002294504
0.04556446 0.00220151
0.04039903 0.00235541
0.05543012 0.00246792
0.08678118 0.002352006
0.08817988 0.001923858
0.07283791 0.00185039
0.06914246 0.002323558
0.04157713 0.002476031
0.02927291 0.0027535
0.05601443 0.003096287
0.03774298 0.002984459
0.03199955 0.00271599
0.01732348 0.003092413
0.02118496 0.002950657
0.006858474 0.002728185
0.02150645 0.002618559
0.008832335 0.00281545
0.01050741 0.002740251
0.01451114 0.002882556
0.02678936 0.00342088
0.04344871 0.003947126
0.04937701 0.003843324
0.05011519 0.00394603
0.03656221 0.002996277
0.02670592 0.002939212
0.02658749 0.002559102
0.0354559 0.002409643
0.02146498 0.002539917
0.01844667 0.002948935
0.02117583 0.003138919
0.0171677 0.003108557
0.01611037 0.002677149
0.01196675 0.002891176
0.008330505 0.002621498
0.03270807 0.002400808
0.03167698 0.002602356
0.02239711 0.002931789
0.01992359 0.002709991
0.02314492 0.002805485
0.03885374 0.002264591
0.04177843 0.002181583
0.03209143 0.00186248
0.02550961 0.001789121
0.0206486 0.001593213
0.01587211 0.001912311
0.03811156 0.001850499
0.01561056 0.002029919
0.02359863 0.002109841
0.04885877 0.002071479
0.0480274 0.002030783
0.03101138 0.002015684
0.02221527 0.002455647
0.04365796 0.002259293
0.03430849 0.002488781
0.02039911 0.002612478
0.004155163 0.00236823
0.0121801 0.002802174
0.01520973 0.003041081
0.01792086 0.00333806
0.02456143 0.003230381
0.03345381 0.002952651
0.02151914 0.002357396
0.03353566 0.00176764
0.0195276 0.001443828
0.0237486 0.001588548
0.02425355 0.00152057
0.02680062 0.001639364
0.02693243 0.001700987
0.02809869 0.002003985
0.03397078 0.00180308
0.02761255 0.001733179
0.03829484 0.002455313
0.04935087 0.00217809
0.03382884 0.002454843
0.02322245 0.00246657
0.01478355 0.00245646
0.01392906 0.002606447
0.004537571 0.002584798
0.01384046 0.002468738
0.01495227 0.0024567
0.01224737 0.002497484
0.008344119 0.002341089
0.0125193 0.002567312
0.03068374 0.002433148
0.03362273 0.002461833
0.04857726 0.002071634
0.06053932 0.002431983
0.0421221 0.002475509
0.04098036 0.00207708
0.04166156 0.00177922
0.04093243 0.00210051
0.03827862 0.001785578
0.04156268 0.001748095
0.03339814 0.002050019
0.04753659 0.002480815
0.07664826 0.002264483
0.09853763 0.002020437
0.07248334 0.002122437
0.05104279 0.002123566
0.02091639 0.002103288
0.02709584 0.001771045
0.03246752 0.001388418
0.03530754 0.001544597
0.02319507 0.001927467
0.02570899 0.001641596
0.03184727 0.002151972
0.03014938 0.002412725
0.06221971 0.002616728
0.08053202 0.002121244
0.0713151 0.002014714
0.07737706 0.001752998
0.06226742 0.001740144
0.0576006 0.001598345
0.03945386 0.001320551
0.05659169 0.001206285
0.08172844 0.001542439
0.08580673 0.00163515
0.1066978 0.001629235
0.1415388 0.001686498
0.06715734 0.00158472
0.06628976 0.001463855
0.06818821 0.001535357
0.05969367 0.001645631
0.04481981 0.001848623
0.03467866 0.002049306
0.02479362 0.001902552
0.03288134 0.001730089
0.01151832 0.001829434
0.009716111 0.002145225
0.01115576 0.002200411
0.01434353 0.002456717
0.009044943 0.002355749
0.01299318 0.002480236
0.02147847 0.002699646
0.01605132 0.00314661
0.02454829 0.003255497
0.01696453 0.00356392
0.01761342 0.003415558
0.00927445 0.003668665
0.02190514 0.003697749
0.01790186 0.004259694
0.01232183 0.003216128
0.009063748 0.002919567
0.01369199 0.002771994
0.02148216 0.003079892
0.03472537 0.002433919
0.04218322 0.003278194
0.03884613 0.003092733
0.02299617 0.002999548
0.02308016 0.002726704
0.03605853 0.003047519
0.03947431 0.003175131
0.03124326 0.002521798
0.02376803 0.001855541
0.03162246 0.00195072
0.0405609 0.002039779
0.02343828 0.002096217
0.03754807 0.002249822
0.06186395 0.002576416
0.03745814 0.002305549
0.03339187 0.002520323
0.0409366 0.002366503
0.03179019 0.00218567
0.04090823 0.002454303
0.04253034 0.002057697
0.02956571 0.002107742
0.02981096 0.001883059
0.03047935 0.00185762
0.04728357 0.00186648
0.04505885 0.001839219
0.04622299 0.001796453
0.05850819 0.0020112
0.03032316 0.002268497
0.007093108 0.002463162
0.02121844 0.003029844
0.02745636 0.002838241
0.0249517 0.002947746
0.01999937 0.003262313
0.02167184 0.002740422
0.01814571 0.002768094
0.02481126 0.002781435
0.02012125 0.003444731
0.01302069 0.003893209
0.007429631 0.004383665
0.03125878 0.004833558
0.02895399 0.004797617
0.02911242 0.005044756
0.04111039 0.00460308
0.05261943 0.004770089
0.04661175 0.005527217
0.05350323 0.004902794
0.04260891 0.004709071
0.04384822 0.00472565
0.03127098 0.005128671
0.01220583 0.00544889
0.01400364 0.004784544
0.01436349 0.005434011
0.01966483 0.005473094
0.01947383 0.005212901
0.02905236 0.005347777
0.01837423 0.004454406
0.01556543 0.004503176
0.0167566 0.004014129
0.03168147 0.003740499
0.02140077 0.004073107
0.01595508 0.002709848
0.01818194 0.002418199
0.01922383 0.001952036
0.04479435 0.001657305
0.04468893 0.001899594
0.05197406 0.001799384
0.06088322 0.001925723
0.04439403 0.001856544
0.02264056 0.001602918
0.0272637 0.001670272
0.03469279 0.001619367
0.0509506 0.00179763
0.04483054 0.001625679
0.05310471 0.002131321
0.05879777 0.002096449
0.03044186 0.002075897
0.03372039 0.002138629
0.02114019 0.001975513
0.010595 0.002046519
0.03555985 0.001985913
0.04044745 0.002280109
0.02817857 0.002642811
0.02161961 0.002162159
0.01188523 0.002212688
0.01601734 0.002334669
0.02153211 0.002628197
0.0184571 0.002357269
0.03612986 0.002279361
0.05364039 0.002113962
0.07150172 0.002048281
0.05624206 0.001732053
0.05258996 0.001592721
0.06886185 0.001758921
0.07646316 0.001777389
0.03538417 0.001887164
0.06838037 0.001942015
0.05418888 0.00191509
0.05497847 0.00156022
0.04784588 0.001584953
0.05909254 0.001687758
0.03888932 0.001627546
0.04276257 0.001912734
0.05267649 0.001963432
0.05714457 0.001950898
0.07152186 0.002168445
0.0677025 0.001824043
0.08133247 0.001936667
0.04781605 0.001583856
0.02052644 0.001478291
0.02016574 0.001826791
0.01718426 0.001776624
0.0103793 0.001975687
0.01049783 0.002269892
0.009590809 0.002402576
0.01364352 0.002545858
0.01883855 0.002214719
0.02577654 0.002104423
0.03795981 0.001946587
0.04145138 0.001916605
0.05713237 0.001905289
0.03973415 0.001821639
0.02582073 0.001664215
0.0323077 0.001998951
0.03734508 0.001809653
0.05310344 0.002194847
0.01807157 0.002615771
0.02284845 0.002753796
0.0275593 0.002355106
0.06510897 0.002355827
0.0495132 0.002273282
0.06498874 0.00255834
0.06978702 0.002954017
0.05517478 0.003195227
0.05337901 0.002590023
0.04351136 0.00290262
0.05729731 0.002458693
0.053457 0.002876307
0.03182663 0.002945018
0.01561795 0.002915897
0.01819031 0.003490475
0.02387759 0.003325827
0.02534581 0.003849816
0.03045323 0.003609785
0.03049529 0.003279012
0.02821531 0.002841773
0.03266085 0.003070484
0.008102151 0.003066435
0.01138675 0.003281127
0.03603501 0.003033857
0.07472752 0.002459547
0.06421631 0.002502487
0.03863402 0.002310135
0.04659576 0.002473046
0.0492754 0.002513994
0.06253784 0.002077684
0.07341232 0.002162236
0.06458375 0.002165603
0.08234001 0.001968287
0.07144226 0.001500687
0.05394254 0.001594662
0.07728475 0.001495834
0.06181036 0.001671603
0.06156659 0.001634977
0.036407 0.002069909
0.0170268 0.001875
0.0245899 0.001912267
0.03569137 0.001946473
0.02837058 0.002328506
0.03250564 0.002705706
0.02992158 0.002569631
0.01298056 0.002238084
0.01245465 0.002286154
0.01551455 0.002249231
0.01984348 0.002192132
0.02736892 0.002240192
0.03382621 0.002446339
0.01948773 0.002977851
0.01966179 0.003053989
0.02115033 0.003012356
0.02850175 0.002479674
0.03898971 0.002400126
0.04466799 0.002844836
0.03166554 0.002863238
0.02411206 0.002863601
0.02364785 0.002582901
0.0282624 0.002451312
0.0632802 0.0026505
0.04814369 0.002543185
0.04936613 0.002757659
0.04184866 0.002258529
0.06134595 0.001774092
0.06012882 0.001811549
0.08173642 0.001987468
0.04985885 0.002003373
0.03742417 0.002061671
0.03045815 0.001830079
0.01572286 0.001957853
0.009442044 0.00226848
0.01876868 0.002080739
0.03201337 0.001993021
0.03895499 0.00194971
0.03231004 0.001928313
0.05928036 0.002093804
0.05365258 0.002207542
0.03452302 0.002855618
0.02635329 0.003269346
0.01401961 0.00269248
0.01751497 0.002638012
0.02787311 0.00215505
0.02657355 0.00240221
0.03538684 0.002478544
0.02981434 0.002366906
0.04115923 0.002432608
0.04041611 0.002363624
0.05482158 0.002368972
0.02532372 0.002450584
0.01658382 0.002320063
0.01978241 0.002796243
0.002273604 0.00271621
0.01705892 0.003019952
0.01790165 0.002961857
0.01850792 0.003349424
0.04036429 0.002877365
0.04701043 0.00233533
0.0345204 0.002484467
0.05630108 0.002598315
0.05705284 0.00293718
0.03963729 0.002260413
0.0419596 0.002387294
0.04179939 0.002386163
0.04767901 0.002589387
0.03289056 0.002713859
0.02179693 0.002485973
0.02043656 0.002843372
0.02563458 0.00241691
0.04171716 0.00246554
0.0569026 0.002571933
0.06616702 0.002409413
0.06184416 0.002503598
0.04409639 0.002062146
0.0257159 0.001887663
0.02292572 0.001883488
0.02507055 0.001555057
0.03378123 0.001408394
0.05449613 0.001483437
0.06370181 0.001509769
0.04255949 0.001451029
0.01933172 0.001520309
0.03206126 0.001198671
0.06315248 0.001354329
0.03874855 0.001289832
0.05915636 0.00129158
0.08829951 0.001060767
0.05449415 0.0009745929
0.03817259 0.0007823634
0.03772436 0.0006948779
0.04154028 0.0005535686
0.038111 0.0006480391
0.0502455 0.0006913066
0.06553398 0.0006877914
0.05089937 0.0008641931
0.09048044 0.0008251771
0.07607211 0.0008836534
0.05013176 0.001002776
0.08011885 0.001035477
0.07826964 0.0009012355
0.1067479 0.0009534759
0.1051961 0.001072325
0.06964275 0.001353826
0.07226827 0.001404712
0.09445876 0.001497733
0.04814492 0.001488388
0.06211052 0.001666533
0.05508954 0.001685903
0.0640134 0.001670962
0.06069113 0.002030311
0.06071469 0.001974412
0.06283376 0.002167444
0.05034851 0.002117389
0.04658252 0.002153189
0.02189845 0.002136071
0.02569158 0.001971657
0.02508234 0.001457621
0.04330409 0.001495891
0.03799941 0.001177216
0.06639951 0.001124121
0.0659942 0.001164729
0.03996144 0.001023292
0.04236483 0.001055865
0.04829909 0.0008691411
0.0543288 0.0007016652
0.04469868 0.0007860001
0.05224139 0.0008048364
0.05460762 0.0009432605
0.05279218 0.000917436
0.03877867 0.001254331
0.06292051 0.001531529
0.07281883 0.001414869
0.08106988 0.001258467
0.08385383 0.001297795
0.06228146 0.001152327
0.04344354 0.001452261
0.05679834 0.001235669
0.03014261 0.00111895
0.02473955 0.0009683835
0.02387276 0.001027415
0.03016428 0.001128772
0.03053458 0.00105788
0.07338542 0.00115116
0.06433479 0.001163509
0.06034677 0.001185997
0.1202159 0.001223477
0.1066749 0.001099757
0.1143733 0.0008716789
0.06793108 0.001040703
0.0727308 0.001006307
0.06218339 0.001218984
0.06645347 0.001243509
0.07961628 0.00140727
0.04467984 0.001601374
0.02814952 0.001547289
0.01642398 0.001453769
0.02682249 0.001275049
0.04244596 0.001502669
0.05487841 0.00140115
0.05367149 0.001600739
0.05240684 0.001636335
0.03202625 0.001511259
0.02420637 0.001469084
0.03820235 0.001325733
0.03987567 0.001465587
0.04652233 0.001633253
0.07265763 0.001805405
0.06273177 0.001602923
0.06258693 0.001740287
0.05521899 0.001789309
0.06209016 0.002021402
0.0250627 0.002811816
0.01977426 0.002920681
0.03493667 0.002893055
0.02941938 0.002396171
0.01168684 0.002638654
0.01399765 0.00256834
0.03508799 0.0022034
0.04774622 0.0023805
0.04000737 0.002464251
0.03770929 0.002410932
0.036953 0.002720936
0.02299569 0.00253321
0.005508988 0.003047606
0.02099402 0.002889912
0.04930852 0.00239703
0.0466768 0.002216579
0.04231173 0.001771489
0.05434933 0.001855592
0.03727974 0.002015044
0.0423173 0.002651383
0.02134296 0.002701606
0.005736813 0.002687636
0.002692388 0.002805432
0.005674058 0.002576003
0.009335058 0.002544956
0.02249165 0.002832294
0.03264204 0.002939772
0.0270534 0.003003802
0.01639625 0.002635916
0.01959964 0.002295039
0.01987013 0.002042452
0.03274925 0.00198589
0.04575682 0.002153776
0.04831009 0.002359556
0.05262203 0.00237757
0.03919631 0.00216361
0.04055833 0.001813441
0.04004359 0.001955062
0.03189386 0.00186141
0.04746848 0.002108486
0.05306344 0.002198026
0.06764954 0.002136118
0.03715146 0.002070744
0.03366561 0.001775411
0.05684303 0.001703968
0.06431116 0.001654366
0.08134503 0.001724279
0.1106961 0.001667682
0.1088548 0.001684159
0.09180518 0.001774825
0.04608249 0.002096479
0.05075011 0.001902868
0.07934598 0.002254392
0.08493579 0.002575354
0.09196122 0.00216296
0.1083688 0.002190476
0.1067894 0.002064721
0.09398093 0.002205809
0.1338292 0.002066931
0.07291907 0.002045122
0.05353711 0.001866834
0.05280703 0.001894915
0.04217435 0.001777014
0.0227786 0.001817976
0.0315747 0.001909896
0.05310786 0.001813499
0.0470199 0.001676217
0.07055513 0.001708205
0.04512701 0.001576131
0.03506173 0.001575619
0.03331223 0.001644895
0.03121808 0.001662742
0.02012696 0.001734225
0.02120295 0.001837818
0.03124927 0.001817171
0.05257661 0.001947734
0.0547747 0.002077335
0.04537188 0.002303084
0.04190055 0.002573223
0.0282661 0.002037298
0.02148378 0.002234072
0.02031953 0.001950964
0.02269124 0.002073656
0.04488072 0.001964674
0.05398721 0.001653223
0.05745282 0.001754012
0.1011164 0.001892296
0.08319328 0.00182267
0.05724745 0.00217006
0.036041 0.002176657
0.03980543 0.002118402
0.03523854 0.002226078
0.06507105 0.002038615
0.06599323 0.00222342
0.03995744 0.002048777
0.035468 0.001854181
0.06644318 0.002034676
0.06156801 0.002074735
0.05508904 0.001941022
0.06227348 0.001871121
0.1041517 0.001712031
0.07216652 0.001750494
0.06728533 0.001768418
0.08733191 0.001605149
0.03429834 0.001332937
0.07361775 0.001487077
0.03752099 0.001455538
0.05553146 0.001487988
0.06324092 0.001514692
0.07006798 0.001510217
0.04073247 0.001455652
0.03073885 0.001505057
0.02644634 0.001459005
0.06491549 0.001321845
0.04550173 0.001306123
0.04578358 0.001325889
0.02651908 0.001474693
0.03076175 0.001380577
0.0189955 0.001202383
0.02877539 0.001459528
0.05004223 0.001297783
0.07829519 0.001241406
0.06697075 0.001289297
0.03736738 0.001410035
0.02266184 0.001205652
0.003941725 0.001198712
0.001865049 0.001390805
0.007447805 0.001577144
0.006108013 0.001554602
0.0108747 0.001832563
0.03097584 0.001783698
0.008789906 0.001889292
0.009893256 0.002075458
0.02047659 0.002149902
0.01286448 0.002257882
0.02217478 0.002144582
0.01525879 0.002795227
0.03859758 0.002974359
0.02229966 0.003014258
0.02777633 0.002954518
0.0220991 0.002963222
0.03481153 0.003042111
0.03870281 0.003187604
0.03096897 0.00303932
0.04028121 0.003174494
0.03501172 0.002904679
0.01869436 0.003073505
0.02044852 0.002854297
0.01832544 0.003475949
0.01461322 0.002979351
0.007945841 0.003008946
0.01747848 0.002581109
0.0252691 0.002177816
0.01394404 0.002172731
0.01388325 0.002272576
0.01229502 0.002532459
0.01476097 0.003126259
0.02738093 0.00344036
0.02932387 0.003316723
0.03349402 0.003409754
0.007642935 0.00296044
0.01377646 0.002971093
0.02376951 0.002917998
0.0410957 0.002666628
0.01646213 0.002884747
0.01089591 0.002474733
0.009412046 0.002567733
0.03125067 0.002445403
0.03425452 0.00277375
0.0466738 0.002645607
0.03300617 0.002267925
0.01925506 0.002574715
0.01402337 0.002301972
0.01416785 0.002489886
0.008908404 0.002594416
0.03066847 0.002294134
0.04570628 0.002111499
0.06771913 0.001930972
0.06769225 0.002851481
0.04935358 0.003218907
0.04808294 0.002777897
0.04218437 0.002871365
0.03495538 0.003208982
0.05075928 0.00338926
0.05237582 0.003547576
0.05104658 0.003592258
0.0205317 0.003872109
0.0249223 0.003740104
0.03071691 0.003144253
0.0393503 0.003282942
0.03495759 0.003160491
0.02209122 0.003610715
0.02168205 0.003841608
0.01449326 0.003782082
0.02726062 0.00348937
0.03354429 0.003056457
0.03904678 0.002936083
0.05413021 0.002809428
0.04671528 0.002407895
0.07218531 0.002191526
0.0420025 0.002222953
0.02747644 0.002103601
0.02990806 0.002143476
0.05673544 0.002178004
0.05323601 0.002224879
0.05384722 0.002192056
0.05993521 0.002064695
0.05711281 0.002194369
0.02878753 0.002453029
0.04421306 0.00211935
0.04736999 0.002026159
0.04926352 0.002358889
0.04962734 0.001950946
0.05879739 0.001750833
0.04305788 0.001559217
0.016867 0.001541118
0.01221161 0.001372087
0.01360324 0.001347038
0.03413403 0.001240369
0.02661035 0.001268696
0.02961856 0.001489512
0.03687667 0.001349812
0.03351124 0.001503232
0.04516293 0.001775355
0.03909967 0.001631483
0.03770954 0.001846208
0.04842553 0.002182184
0.04097681 0.002147604
0.04197721 0.002004661
0.05670134 0.001772726
0.08183768 0.001907422
0.1113424 0.002075741
0.1014797 0.001586559
0.1254962 0.001479643
0.1278054 0.001679471
0.1438838 0.001563414
0.1530536 0.001707923
0.1252017 0.001525809
0.1357655 0.001530954
0.1394888 0.001490945
0.08388392 0.001794789
0.08921774 0.001471724
0.08680617 0.001761818
0.1026944 0.001764187
0.07424061 0.001941641
0.04584336 0.002165093
0.03396019 0.002420998
0.06237266 0.002145105
0.02461279 0.002103859
0.01768331 0.002325488
0.02291923 0.002386485
0.0213306 0.002332565
0.01923574 0.002303039
0.02856964 0.002595272
0.01843616 0.002516144
0.01583347 0.002622118
0.02256316 0.002960155
0.03037929 0.003557175
0.03766404 0.003184826
0.05963531 0.002719397
0.06395617 0.003245212
0.04727961 0.002569892
0.04271245 0.002720052
0.04614038 0.00267602
0.03237787 0.002992927
0.03051587 0.003499287
0.02910068 0.003250813
0.03921416 0.002631242
0.04152029 0.002853844
0.04750985 0.00251908
0.03715289 0.002424928
0.02337564 0.002495844
0.01712907 0.002248604
0.02307412 0.002234699
0.04483386 0.001939585
0.03941401 0.002277415
0.03361261 0.002406129
0.02935033 0.00222109
0.04246294 0.002317417
0.03307879 0.002814677
0.05390598 0.00292619
0.05719883 0.002389312
0.0503175 0.002619765
0.05758645 0.002544534
0.05173625 0.002342261
0.06626204 0.002321932
0.1126177 0.003131078
0.08985019 0.002871307
0.09204736 0.003084095
0.06460949 0.002969348
0.07611534 0.002531777
0.09344337 0.002617714
0.100213 0.002806717
0.0949535 0.003080006
0.07478081 0.002773328
0.07050685 0.002548066
0.067672 0.002711081
0.04103006 0.002868272
0.04247952 0.002671966
0.04176697 0.00270216
0.0446509 0.002571167
0.06153329 0.002134847
0.04330977 0.001962331
0.0471201 0.001752753
0.03486552 0.001607048
0.05977748 0.001737439
0.05734545 0.001717192
0.0350385 0.001531226
0.03044903 0.001357942
0.02246951 0.001421964
0.03476673 0.001412381
0.05653362 0.001439125
0.07654957 0.001511463
0.0711897 0.001382077
0.06258638 0.001472797
0.07604663 0.001440831
0.0557144 0.001293775
0.05791164 0.001153395
0.0402261 0.001147251
0.02090151 0.001097826
0.03984365 0.0008349081
0.05200069 0.001022213
0.04389506 0.001025685
0.05861513 0.001005086
0.06174965 0.0009165423
0.07181752 0.0009541923
0.05048897 0.001020782
0.03988851 0.001035391
0.02655869 0.0009844943
0.02481063 0.0009766905
0.02534257 0.0009986974
0.03481782 0.0008853002
0.02648817 0.0009970182
0.01634975 0.0009520956
0.02455378 0.00112818
0.0334025 0.001273399
0.02804008 0.001452936
0.02319644 0.001414227
0.02887531 0.001441603
0.02506319 0.00138601
0.01510398 0.001505185
0.02229052 0.001578625
0.02474014 0.001688831
0.02478388 0.001521681
0.06632914 0.001369412
0.07206641 0.001317997
0.05656126 0.001141541
0.06514278 0.0009710167
0.07986483 0.00111862
0.07402898 0.001210874
0.06869215 0.001187595
0.08259576 0.001137428
0.09343232 0.001072965
0.1225998 0.001164472
0.132137 0.001124012
0.1586058 0.001273565
0.1248737 0.001376618
0.1373938 0.001568881
0.1601887 0.00156258
0.1481366 0.001145164
0.09610446 0.001163742
0.1166963 0.001217134
0.08639768 0.00137009
0.08540604 0.001419427
0.09666966 0.00144113
0.09451295 0.001535092
0.07224701 0.001435753
0.06969704 0.001766934
0.07683369 0.001392285
0.08284823 0.001491674
0.07224335 0.001373659
0.05760343 0.001322394
0.0471306 0.001232222
0.03787774 0.001196155
0.04156466 0.00126817
0.03799732 0.001367243
0.04003709 0.001413056
0.02982204 0.001630651
0.02441205 0.001426038
0.03670525 0.00130741
0.0471223 0.001546606
0.06036585 0.001497795
0.02527424 0.001587463
0.05251638 0.001709355
0.0471824 0.001898926
0.05899488 0.001954486
0.05410899 0.00228115
0.02926433 0.002665331
0.03700555 0.002631308
0.04214665 0.00277974
0.05028279 0.003040711
0.02609769 0.002580621
0.02500654 0.002553317
0.02495827 0.00245672
0.02774138 0.002626568
0.04086979 0.002503715
0.02634032 0.003107822
0.01925597 0.003068143
0.02334208 0.00286991
0.02343107 0.003056129
0.04349704 0.00253472
0.07056763 0.002266563
0.05986822 0.001973815
0.06670075 0.002501083
0.06081053 0.002575419
0.07071424 0.002766218
0.09338291 0.002399845
0.08661959 0.002263411
0.06041328 0.002019204
0.03647127 0.002050885
0.04221584 0.001887069
0.03262374 0.001761496
0.03962432 0.001471869
0.05217479 0.001986461
0.04275002 0.001883683
0.06078499 0.001663207
0.05770754 0.001796846
0.05381849 0.001566072
0.07307617 0.001545313
0.034803 0.001389772
0.02764101 0.001603674
0.01595161 0.001464064
0.01243613 0.001744558
0.01763206 0.001993001
0.01739722 0.001742445
0.01903429 0.001947852
0.01212111 0.001906563
0.00552157 0.002069586
0.002415067 0.002111916
0.01393633 0.002412172
0.01938017 0.002766813
0.02074703 0.002313621
0.01820592 0.002312576
0.02102934 0.002151714
0.01981418 0.001891002
0.03763685 0.002245513
0.05789856 0.002407551
0.05241319 0.002236958
0.04565774 0.002295808
0.07425732 0.002406591
0.07772436 0.002293719
0.04976386 0.002363263
0.04908544 0.002609682
0.05126907 0.002601682
0.02766913 0.002376074
0.02835449 0.002216298
0.01368293 0.002482867
0.02462014 0.002795632
0.02691678 0.002682907
0.03067721 0.00267336
0.0295268 0.002394636
0.02101879 0.002781837
0.03658415 0.003035097
0.04590959 0.003064407
0.03433071 0.003312742
0.0269906 0.003185382
0.02443326 0.003322878
0.00940661 0.002931389
0.01803908 0.002869233
0.0267293 0.002951127
0.03878701 0.002946956
0.0249303 0.002977063
0.02896614 0.002812557
0.04458062 0.002852528
0.07995308 0.002651002
0.07323259 0.002945426
0.06214001 0.002922822
0.07002531 0.002601082
0.05129112 0.003205721
0.04079176 0.002582096
0.05969662 0.002443889
0.07818954 0.002191232
0.07296583 0.002416986
0.05367119 0.002227867
0.0582584 0.002160451
0.03993921 0.002058142
0.03147265 0.002236284
0.04837015 0.002290453
0.03068673 0.002209718
0.02318133 0.002228224
0.02124591 0.001967569
0.008292063 0.002135676
0.02288897 0.00222465
0.02064502 0.00172822
0.04009682 0.001558058
0.05682741 0.001523584
0.04385515 0.001569549
0.04871215 0.001354027
0.07624529 0.00140662
0.05215192 0.001515201
0.07289627 0.001530972
0.08148122 0.001706433
0.07294671 0.001368849
0.0749034 0.001547173
0.07428261 0.001214308
0.1049796 0.001091978
0.1085626 0.001129505
0.09456536 0.001031741
0.08488426 0.001342761
0.1059998 0.001578585
0.09896489 0.001605979
0.09836834 0.001585922
0.07374527 0.001794213
0.07757644 0.001618359
0.09606644 0.001715992
0.1091781 0.001779768
0.08727734 0.001699078
0.06975617 0.001922419
0.0784266 0.001780576
0.08056059 0.001520459
0.0422895 0.001486939
0.03444777 0.001324566
0.02242511 0.001390651
0.03653066 0.001376439
0.02965557 0.001111676
0.02210892 0.001275548
0.02663231 0.001486625
0.0387457 0.001325422
0.05633442 0.001260563
0.05078036 0.001326711
0.04590494 0.001570368
0.0410667 0.001676543
0.04436171 0.001575034
0.04823156 0.001842797
0.03563136 0.001836356
0.03273455 0.001621949
0.02562779 0.001980844
0.0276333 0.001822358
0.01333824 0.001752439
0.04003266 0.001634786
0.02123256 0.001693652
0.01385461 0.00146607
0.01591813 0.001562921
0.03176684 0.00159618
0.05194261 0.001830703
0.03478794 0.002048801
0.03816455 0.00183001
0.02669748 0.001423032
0.02524247 0.001224688
0.04514357 0.001152516
0.05126186 0.001333749
0.04955493 0.001372982
0.05609726 0.001165251
0.05705175 0.001219698
0.03942231 0.001071992
0.05889944 0.001142869
0.03944494 0.00125575
0.04977273 0.001388941
0.06518603 0.001279369
0.05993425 0.001290348
0.01767164 0.001053286
0.0123769 0.0008964933
0.01035844 0.0007935145
0.01182817 0.0008266017
0.03373033 0.0009983624
0.06594044 0.001011519
0.07489983 0.00118899
0.06812253 0.001477897
0.06363275 0.001387718
0.05094147 0.001450428
0.07134889 0.001194413
0.07763843 0.001010937
0.1084783 0.001186824
0.06465948 0.001098993
0.04115363 0.001254916
0.04046764 0.001118142
0.01691027 0.001179107
0.014546 0.001504642
0.02218356 0.001533437
0.01452722 0.001521221
0.009236096 0.001337272
0.01474811 0.001219581
0.01521645 0.001185563
0.01117041 0.001508839
0.02383024 0.001688634
0.02044612 0.001916804
0.04021497 0.002246255
0.04247986 0.00226765
0.07099128 0.002159931
0.08356545 0.002249346
0.03531231 0.002439579
0.02414249 0.001994703
0.02486508 0.002375608
0.00705622 0.002574658
0.009262456 0.002855804
0.01479997 0.00331615
0.02103626 0.002666822
0.01074959 0.002667088
0.006049202 0.002425128
0.007214059 0.002558313
0.009063094 0.002543649
0.0434198 0.002632543
0.05336865 0.003037165
0.0346859 0.002990673
0.02950651 0.003014795
0.02209367 0.003046824
0.02648145 0.003287381
0.02753842 0.002767028
0.06102808 0.00280114
0.03798062 0.002295692
0.05246505 0.00230022
0.03675426 0.002106848
0.03120604 0.002144913
0.0665204 0.00206397
0.04588372 0.001735139
0.05316611 0.002341795
0.03480062 0.002207927
0.02953061 0.001809997
0.04014087 0.001772601
0.02261439 0.001825092
0.02183651 0.002298293
0.0308723 0.002383983
0.01724265 0.002155233
0.01463443 0.002191086
0.005577867 0.002507674
0.006676102 0.003093696
0.009951023 0.002762649
0.01044294 0.003463135
0.01207951 0.00336921
0.02526672 0.002819688
0.01383816 0.003479779
0.01908341 0.003890524
0.0237849 0.003111725
0.02599309 0.003323174
0.02345643 0.003096223
0.0197185 0.003027555
0.03100262 0.002692641
0.02126988 0.002720016
0.04879705 0.002490108
0.0372305 0.002341342
0.0330438 0.002440179
0.02041346 0.002118737
0.01146933 0.002089266
0.03412175 0.002101148
0.02276196 0.002180364
0.007530041 0.002097708
0.01306245 0.002172261
0.006434565 0.002679548
0.03001782 0.00266288
0.03861173 0.00284339
0.0195841 0.002871515
0.02092657 0.003274482
0.01500753 0.00375854
0.01437086 0.003033883
0.04280519 0.003292912
0.03435479 0.003104273
0.03642464 0.003579995
0.0448066 0.003523076
0.03110347 0.004002704
0.0324988 0.003099099
0.03068581 0.002906865
0.02461713 0.002610627
0.01470323 0.002225527
0.01197187 0.002575788
0.01512858 0.002734612
0.02457435 0.002262653
0.0543394 0.002503413
0.05483181 0.002548548
0.06700852 0.00250395
0.04694414 0.002201976
0.03921043 0.001948394
0.04439338 0.002319489
0.04232321 0.002288805
0.05850933 0.001960249
0.05449061 0.001899249
0.0557763 0.002431551
0.07468477 0.002316287
0.04860759 0.002043108
0.02009321 0.001951955
0.01933985 0.002286234
0.02669986 0.002771956
0.03530546 0.002292963
0.02110637 0.002299468
0.02008814 0.002341536
0.01918624 0.002328179
0.03209442 0.002576922
0.0288792 0.002490252
0.03345119 0.002211193
0.05357193 0.002205528
0.03814445 0.002680693
0.04017444 0.003074629
0.03454517 0.003533902
0.0413372 0.003968396
0.02396782 0.003017207
0.02000137 0.003120674
0.02633054 0.002970119
0.01631918 0.002685008
0.02740504 0.002418718
0.01233144 0.002968163
0.01724565 0.002859221
0.03078703 0.003486704
0.04064332 0.004264246
0.03420608 0.005191013
0.04187094 0.004654022
0.03646291 0.004506127
0.06749426 0.003616528
0.04040296 0.003377016
0.02469184 0.004750534
0.03189756 0.00434535
0.01793363 0.004636998
0.02901822 0.004295954
0.02469503 0.004101496
0.02953481 0.004297674
0.06026988 0.004730337
0.05416189 0.00438188
0.05159422 0.004315941
0.03695566 0.004785512
0.02500835 0.004628695
0.02850028 0.005377909
0.03659305 0.006091533
0.02687828 0.004945886
0.008374233 0.004375947
0.01299656 0.004174194
0.02781263 0.004233443
0.006911645 0.004532907
0.005354047 0.004669441
0.005611863 0.004560268
0.005952715 0.003692906
0.01569975 0.004011489
0.02528782 0.003090125
0.03655334 0.003146487
0.04691057 0.002965117
0.04095597 0.002622712
0.03198889 0.002294632
0.01760315 0.002932233
0.01555485 0.002866824
0.0213068 0.002803162
0.01072097 0.002508564
0.02288676 0.002689526
0.03085443 0.003110669
0.02117175 0.002668639
0.01893315 0.002680436
0.02252179 0.00283402
0.01450836 0.002731795
0.007066137 0.002877028
0.005014787 0.002674381
0.002573761 0.002686703
0.01423573 0.003085562
0.02388708 0.003023487
0.02716222 0.003046946
0.03716142 0.002857484
0.01512041 0.003217211
0.02016896 0.00309971
0.01694483 0.003360671
0.01564241 0.003912515
0.00391328 0.003624624
0.01480213 0.002964912
0.01134486 0.002746414
0.03066468 0.002648609
0.03077872 0.002359007
0.02103037 0.002537351
0.02479951 0.002925943
0.02948086 0.002615189
0.02314974 0.003101497
0.03196407 0.002896881
0.04514438 0.002713602
0.03615285 0.002756428
0.01999109 0.002996258
0.03420332 0.002607136
0.03708295 0.002611408
0.04599223 0.002930756
0.03228008 0.003445532
0.03592283 0.003433156
0.06244152 0.003492607
0.06005633 0.003332133
0.03950538 0.003951716
0.0201517 0.004367683
0.02070902 0.003680414
0.03202244 0.003607125
0.03398546 0.003925115
0.0311758 0.003962518
0.02450121 0.003853662
0.008737055 0.003673964
0.02795029 0.003539011
0.03312787 0.003457623
0.01668252 0.002639232
0.03014634 0.003231685
0.01931703 0.002990013
0.03007471 0.002526628
0.03465019 0.002206542
0.0342849 0.002410348
0.04702699 0.0019551
0.05042248 0.001985434
0.04867352 0.001696084
0.02622525 0.001547685
0.02349672 0.001624382
0.01111908 0.001664902
0.02857136 0.00173869
0.04366466 0.00187326
0.03565511 0.001702131
0.03513512 0.001644709
0.0301866 0.001754895
0.03697554 0.001622898
0.02846949 0.001549214
0.06251526 0.001395949
0.05264094 0.001434096
0.04290174 0.001317226
0.04368119 0.00144232
0.03711738 0.001391992
0.04060689 0.001564963
0.04609185 0.001345304
0.03404526 0.001563822
0.05590187 0.00160744
0.0390421 0.001868163
0.07257249 0.00184509
0.06922666 0.001703716
0.0626596 0.002017299
0.06302338 0.001806969
0.02968992 0.001774771
0.0228981 0.001955562
0.009046624 0.001914123
0.004180093 0.001918042
0.005952802 0.00189246
0.006892775 0.001724527
0.002489275 0.001341573
0.004201317 0.001428134
0.01747631 0.001387095
0.02516095 0.001406192
0.03583116 0.001171195
0.03731104 0.001125391
0.03309219 0.001196659
0.02019184 0.001032991
0.02279583 0.001061974
0.03584732 0.001238931
0.0414365 0.001251164
0.04838747 0.001204801
0.06311593 0.001011352
0.09836445 0.001119748
0.1066693 0.0008957116
0.09766025 0.0009066815
0.1096438 0.001115045
0.07084038 0.001187021
0.06300199 0.001175248
0.08729793 0.001108601
0.07079505 0.001130725
0.06197362 0.001310796
0.06100748 0.001471934
0.06448112 0.00139545
0.08620116 0.001413841
0.09390102 0.001616401
0.09052747 0.001464299
0.07257307 0.001176366
0.07537847 0.001205678
0.05767188 0.001471802
0.0615612 0.001255023
0.05888174 0.001368483
0.05043937 0.001145574
0.03769869 0.001421554
0.02212251 0.001442014
0.03788491 0.001193402
0.03719524 0.001255319
0.05206209 0.001366983
0.02425449 0.001414171
0.02591708 0.001365784
0.03353076 0.001584932
0.02579677 0.001628605
0.0440636 0.002019863
0.07076041 0.002218649
0.05534544 0.00255039
0.03838225 0.002831478
0.02356071 0.002672158
0.03034639 0.0031047
0.02330812 0.003556372
0.02843747 0.003404256
0.02253385 0.003265316
0.02022602 0.002819965
0.02584429 0.003350129
0.02642564 0.003177542
0.01363705 0.003132419
0.01450171 0.003415578
0.02415056 0.003505457
0.001794712 0.003570253
0.01105608 0.003678164
0.003176121 0.004455428
0.0125639 0.004892927
0.007573403 0.005110659
0.007015332 0.004989175
0.008158227 0.005328258
0.02501319 0.004844554
0.02259619 0.00561924
0.01697034 0.006199868
0.01778316 0.00603298
0.02371583 0.007435041
0.02351286 0.008162925
0.02259005 0.00737777
0.01406584 0.007297564
0.01533697 0.007339099
0.009728313 0.007763742
0.01014532 0.006840881
0.02208577 0.0063066
0.01482168 0.006138476
0.0285516 0.005940743
0.01746162 0.007075085
0.03507376 0.008365842
0.03435463 0.007827658
0.02433188 0.007990337
0.01847319 0.008154259
0.01414403 0.008359223
0.01752519 0.007444929
0.02614015 0.006595271
0.009009334 0.004909591
0.01094013 0.006273405
0.01331999 0.007621173
0.01069973 0.006982179
0.009573261 0.00658059
0.003328967 0.007169428
0.005962859 0.008375467
0.007386027 0.008435782
0.01469558 0.008403368
0.0194668 0.009006746
0.030451 0.009257419
0.03081801 0.009370584
0.02952318 0.01166297
0.006385686 0.00982549
0.007318962 0.009156709
0.006261602 0.009078621
0.002545235 0.009172133
0.008344366 0.00793927
0.004836463 0.007585398
0.007169397 0.006016793
0.01125328 0.004912904
0.009218943 0.005436711
0.02758219 0.004869498
0.02683274 0.004766195
0.02580942 0.005316396
0.02012178 0.004666172
0.02662227 0.005028214
0.04030644 0.004668561
0.0397264 0.004269006
0.0311239 0.005039674
0.01926381 0.005254101
0.02640884 0.005545154
0.01451465 0.004630527
0.01495302 0.004320372
0.04402333 0.004274031
0.03510993 0.004061568
0.03654416 0.004377318
0.02811455 0.004338119
0.03094255 0.005020589
0.02377972 0.006221188
0.01565986 0.006112222
0.008848231 0.005763293
0.00250889 0.004630217
0.008596202 0.00458345
0.01795682 0.004273265
0.03374715 0.004528852
0.01602549 0.004348238
0.02327184 0.003722007
0.02338003 0.004378919
0.02054441 0.003813571
0.03228167 0.004300998
0.04165809 0.004157488
0.03796365 0.00301733
0.03352961 0.003886627
0.02207124 0.003987298
0.008324722 0.004371888
0.01962323 0.00391926
0.01104976 0.003815743
0.01309808 0.003888894
0.03956298 0.004166521
0.02093742 0.003846306
0.02160828 0.003544668
0.02632788 0.003208445
0.02272398 0.003168304
0.01764861 0.004380468
0.01641012 0.003780257
0.0421605 0.004200096
0.03465546 0.004070703
0.02316659 0.004568974
0.02560197 0.004192381
0.02178933 0.004286022
0.01603832 0.004442678
0.02366262 0.004550229
0.01943283 0.004455608
0.01728895 0.004608826
0.005540298 0.005299001
0.003280486 0.006486285
0.006994889 0.007369601
0.01350472 0.006683637
0.01089531 0.007029359
0.00839474 0.006441705
0.006732512 0.006326004
0.02032512 0.00572174
0.02138442 0.006120765
0.02191084 0.00597503
0.0137889 0.005731492
0.01719424 0.004791005
0.01874084 0.005088941
0.01600292 0.004957702
0.007341066 0.004563868
0.004721549 0.004708864
0.003513515 0.003712709
0.004636018 0.003343523
0.009319348 0.00326451
0.005806322 0.003407445
0.007396232 0.003471104
0.002977776 0.002819456
0.009484241 0.002926788
0.003064867 0.002833578
0.02399471 0.002629114
0.01544826 0.002949539
0.01640389 0.003213217
0.009093587 0.003100874
0.02025873 0.002745217
0.03199926 0.00330605
0.03258537 0.003388159
0.03920688 0.003198533
0.04532277 0.003428305
0.03335589 0.003528288
0.02581019 0.003419425
0.02088843 0.002710857
0.02336359 0.002746709
0.02049094 0.002905269
0.017203 0.003295703
0.06013065 0.00327155
0.04513456 0.003121021
0.05345272 0.003096818
0.03543302 0.002681656
0.03662311 0.002838209
0.03386394 0.002773819
0.04268166 0.002862294
0.06328051 0.002638278
0.07050499 0.002757834
0.06212908 0.002522276
0.05996582 0.002050619
0.06651568 0.00225858
0.06679956 0.001876775
0.08759484 0.001777383
0.07783211 0.001384309
0.09006029 0.001695542
0.09871408 0.001699499
0.1054476 0.00170806
0.08782335 0.001877746
0.04742113 0.001834088
0.04391355 0.001778209
0.0399522 0.002027999
0.03910576 0.001942896
0.04445634 0.001725912
0.08264435 0.00174516
0.07958927 0.001707985
0.07116284 0.001769627
0.08136947 0.00213591
0.07430528 0.001977763
0.07160054 0.002515141
0.08401071 0.002302652
0.06385256 0.002667432
0.04920012 0.002755375
0.04669041 0.002351654
0.05644661 0.001992248
0.05362756 0.002056484
0.1046055 0.002003373
0.1049917 0.001635577
0.1119211 0.001518092
0.1008941 0.001587558
0.04782894 0.001400814
0.04357909 0.001629224
0.04146791 0.001663202
0.06929627 0.001669453
0.06527113 0.001541821
0.0738906 0.001364989
0.07841034 0.001245791
0.07800208 0.001228012
0.07439288 0.001273012
0.07992864 0.001230435
0.08375409 0.001141327
0.1007816 0.001069069
0.1018734 0.001126992
0.09235642 0.000983154
0.1113883 0.001139068
0.1055797 0.001129351
0.09565551 0.00114616
0.09469554 0.001099142
0.1202744 0.001233393
0.1341752 0.001255769
0.1192691 0.001076008
0.1347479 0.001065743
0.1207488 0.0009543317
0.1022998 0.001095067
0.0863563 0.001265417
0.07725229 0.0011599
0.05104092 0.00123321
0.07204134 0.001199331
0.09750996 0.001256945
0.06262857 0.001358581
0.04570692 0.001253758
0.05162125 0.00126863
0.03440979 0.001454118
0.03601902 0.001469956
0.03142397 0.001332486
0.0402691 0.001294465
0.05623762 0.001229169
0.0534093 0.001354791
0.06559853 0.001755288
0.06916724 0.001636752
0.05544534 0.001492271
0.03298881 0.00153587
0.02970441 0.001452309
0.04984043 0.001617909
0.06930632 0.001548928
0.09125565 0.001492354
0.1074959 0.001838254
0.1149189 0.001709297
0.09455495 0.001715365
0.09032198 0.00164351
0.08796189 0.001605758
0.06262563 0.001509311
0.08955623 0.00142239
0.07644019 0.001680747
0.05310513 0.001492414
0.05765094 0.001695102
0.05730424 0.001523762
0.04894273 0.001672908
0.04897489 0.001737374
0.03639892 0.00170139
0.03676219 0.001567085
0.04666748 0.001642804
0.03140682 0.001476199
0.03273642 0.001454746
0.02332024 0.001792782
0.01791653 0.001625293
0.02754878 0.001630828
0.01337336 0.001820135
0.01071052 0.001617686
0.02623756 0.001365004
0.05419147 0.001317954
0.05230645 0.00135865
0.04715423 0.001408631
0.05720633 0.001503103
0.03789929 0.001480668
0.03066239 0.001410794
0.04784372 0.001367247
0.06118892 0.001500788
0.04240547 0.001484442
0.04807061 0.001752839
0.03953812 0.001770277
0.0336231 0.001886339
0.03023099 0.002034338
0.03319048 0.002048311
0.01012234 0.001823988
0.02211931 0.00184424
0.01859814 0.00184883
0.02129144 0.001943169
0.04438883 0.002242943
0.05188846 0.002267112
0.04870883 0.002528792
0.03690476 0.002582946
0.0224447 0.002689057
0.02321716 0.002396867
0.02184092 0.002517036
0.03239401 0.002371874
0.02848138 0.002983595
0.03178887 0.003121514
0.03093807 0.003051416
0.02404913 0.003066713
0.01491122 0.003024299
0.01221115 0.002845774
0.01386751 0.002740807
0.01792033 0.003157921
0.01967626 0.003664984
0.05070389 0.003664631
0.03029399 0.002702908
0.0261934 0.002758747
0.01723845 0.003017177
0.02918681 0.00290466
0.02196768 0.00316216
0.0197179 0.002962456
0.02748793 0.003003412
0.02896692 0.003270396
0.0331388 0.003083072
0.03143928 0.003477532
0.02653837 0.003100368
0.03047693 0.003365105
0.04668495 0.003218409
0.03112122 0.002676214
0.02570102 0.00351238
0.01737834 0.003763723
0.02493152 0.003683524
0.01735048 0.003487696
0.01101786 0.003773486
0.002038105 0.004179774
0.00278437 0.00357436
0.01108246 0.003452671
0.004402294 0.00397082
0.008635188 0.003197256
0.01450928 0.003146136
0.01653878 0.002922764
0.01487043 0.002956856
0.00745462 0.003031132
0.01857517 0.003219797
0.03793591 0.003664295
0.03806401 0.003568068
0.03478976 0.00374673
0.0342939 0.003558288
0.04400188 0.003591839
0.03601048 0.004168396
0.02240707 0.003680899
0.02967133 0.003802555
0.02836027 0.003837536
0.03897975 0.004145197
0.05467535 0.003863819
0.0528745 0.003017825
0.05387465 0.003297322
0.07594645 0.003195257
0.09392096 0.002724935
0.05416533 0.003057579
0.04992186 0.003178679
0.05735383 0.003581148
0.04327658 0.00400556
0.03288952 0.003177041
0.05027706 0.002895209
0.04996132 0.002416686
0.06308457 0.002226063
0.06420342 0.003026064
0.04923116 0.002802877
0.0582095 0.002572561
0.03623335 0.002801771
0.06444375 0.002437209
0.04090056 0.002318097
0.06354745 0.002485185
0.0520224 0.002509655
0.0684434 0.002475094
0.04621217 0.002308483
0.0420218 0.001910159
0.02419827 0.002443745
0.01782411 0.002593552
0.01727115 0.002188411
0.01600041 0.002562444
0.01511036 0.002609475
0.01499335 0.002674099
0.01380509 0.003075019
0.0256329 0.002919398
0.01722997 0.003222106
0.0228216 0.002973002
0.01791421 0.003469895
0.01068558 0.003922718
0.01055115 0.004550232
0.01616755 0.004168697
0.01711207 0.004572452
0.01054464 0.005444271
0.01027843 0.005853594
0.007495046 0.005434456
0.01064274 0.005483571
0.008236696 0.004433372
0.01536326 0.003595048
0.04084111 0.003272701
0.04152433 0.003708243
0.03357104 0.003378193
0.04890794 0.002759559
0.04215473 0.002861547
0.04793356 0.003656941
0.06098567 0.003294288
0.03820888 0.002979969
0.03964901 0.002413155
0.02140331 0.002549688
0.01340326 0.002308196
0.0113048 0.002205776
0.007291032 0.002316899
0.01763534 0.001939234
0.02354583 0.00160606
0.01264152 0.001729713
0.03448668 0.001550585
0.05509172 0.001491281
0.04351655 0.001692316
0.04395598 0.001336585
0.04774228 0.001490416
0.02250007 0.001624237
0.05225832 0.001383667
0.04860064 0.001254351
0.05264444 0.00141511
0.04198642 0.001265547
0.03468045 0.001202209
0.02172556 0.001397547
0.02034514 0.001555961
0.02698326 0.001417461
0.0203577 0.001467409
0.02638405 0.001612737
0.04074132 0.00174725
0.03483399 0.001550395
0.06645891 0.001605837
0.05192912 0.001631172
0.04433814 0.001938694
0.04967911 0.001928974
0.03650413 0.001935481
0.04139455 0.001964264
0.06540154 0.001882681
0.0555484 0.002181541
0.05570829 0.002022652
0.05818562 0.001908615
0.0704526 0.001921751
0.03944598 0.001643519
0.03273304 0.001898069
0.01991141 0.002439247
0.02822746 0.002119109
0.0425539 0.002024932
0.06216856 0.002099349
0.05427388 0.002619004
0.03110531 0.002253658
0.02549588 0.002140106
0.01558017 0.002070385
0.01059574 0.001991343
0.0113375 0.002261105
0.02265511 0.002446041
0.03165768 0.002174104
0.02097611 0.002155605
0.006993707 0.002404925
0.02162059 0.002273998
0.03335287 0.002449591
0.02339249 0.002437402
0.02571645 0.002697149
0.04275 0.002312885
0.05573098 0.002461476
0.05531494 0.002092964
0.03551622 0.001821736
0.03988003 0.001697401
0.08097239 0.001675847
0.06912185 0.001744681
0.06613255 0.001690988
0.0664032 0.001470196
0.06152726 0.001536402
0.06117585 0.001315343
0.03282932 0.0015871
0.05268156 0.001462988
0.06412121 0.001391153
0.08931482 0.001407333
0.1192854 0.001454847
0.09673836 0.001777828
0.1042037 0.00158356
0.07636034 0.001717277
0.07149836 0.001648736
0.0702925 0.001841186
0.07731839 0.001832063
0.06119446 0.002188215
0.0456564 0.002073438
0.01354635 0.001908862
0.02398511 0.002145179
0.02336853 0.002081774
0.01992446 0.00220927
0.02170024 0.002298413
0.01470265 0.003023505
0.004718578 0.003012891
0.0169993 0.003034035
0.03674465 0.002760872
0.02838824 0.003080353
0.03278712 0.002846806
0.0512572 0.002848477
0.06070055 0.003201913
0.0519296 0.003674302
0.05548526 0.004002068
0.03846607 0.004369585
0.02342617 0.00433856
0.00957911 0.004132411
0.008841043 0.003653028
0.006388915 0.003409634
0.002389029 0.002887121
0.009704621 0.003013891
0.02991515 0.003540766
0.03222279 0.002966941
0.02726714 0.003222863
0.03647486 0.003279209
0.05100738 0.003382178
0.05295482 0.003645633
0.03301211 0.003521012
0.02908604 0.003728173
0.0312136 0.003731865
0.02969717 0.003316894
0.0427183 0.003014738
0.03579358 0.003166958
0.0311004 0.002923663
0.05070494 0.002398911
0.04425266 0.002648034
0.02636135 0.002885724
0.0255146 0.002425675
0.03014083 0.002284135
0.0176584 0.002589825
0.02110083 0.00273421
0.02661588 0.002901688
0.01430751 0.002597153
0.02817456 0.002193313
0.02795744 0.002633664
0.0221636 0.002366908
0.02879227 0.002128616
0.02616318 0.001747095
0.02864392 0.00176848
0.02908346 0.00202835
0.03692668 0.002224917
0.01973018 0.002141619
0.0212977 0.002185134
0.02041318 0.002322335
0.01901467 0.002226631
0.02607921 0.002121875
0.02170297 0.00198391
0.03867861 0.002077535
0.04541429 0.001840988
0.02943952 0.001671351
0.03681923 0.001689865
0.03967906 0.001684718
0.05511864 0.001365463
0.07148964 0.00147905
0.08302768 0.001629028
0.08078511 0.001610353
0.07612079 0.001681632
0.08133673 0.001556444
0.07192668 0.001963853
0.0717701 0.00197079
0.08836886 0.0018508
0.07312321 0.001874531
0.07286936 0.001903018
0.05295179 0.001852677
0.07154443 0.002455922
0.05875461 0.002492334
0.07052394 0.002098596
0.06277602 0.001896849
0.0376901 0.001912527
0.04247076 0.001740075
0.03099842 0.002000935
0.05742772 0.002121461
0.02616224 0.002123376
0.03055884 0.002047609
0.03929531 0.002029377
0.07002901 0.001761358
0.0503401 0.001820221
0.05859602 0.001912813
0.05766033 0.001954785
0.04674609 0.001838231
0.03363876 0.001545373
0.03546294 0.001544258
0.03166231 0.001584012
0.01373174 0.001320256
0.02222984 0.001476837
0.01579072 0.001575488
0.01928813 0.001497706
0.008470884 0.001324797
0.008052117 0.001394839
0.005818311 0.00131926
0.01313444 0.001381663
0.03552927 0.001221402
0.03171073 0.001495516
0.01843327 0.001736451
0.02179012 0.001509294
0.02662465 0.001603399
0.04398805 0.001538645
0.04443901 0.001866867
0.04386432 0.002138428
0.03774306 0.002298219
0.02205267 0.00257407
0.03696771 0.002328033
0.04461452 0.002539372
0.06165099 0.002540531
0.04793991 0.002237741
0.04155174 0.002603308
0.02065862 0.002703332
0.02428438 0.002503367
0.01719346 0.002557885
0.01675809 0.002054008
0.04132254 0.002199455
0.03564803 0.002207217
0.01827614 0.002444814
0.01683128 0.002446414
0.01833175 0.002152194
0.02155567 0.001887272
0.02649613 0.001804973
0.0350922 0.0020193
0.03450287 0.002327627
0.02939648 0.002748122
0.03443199 0.002645326
0.01071612 0.00245529
0.01465475 0.002599724
0.01020929 0.002672737
0.008783334 0.002643549
0.01672982 0.003044038
0.02325518 0.003126148
0.01858901 0.003285304
0.01736996 0.003464744
0.0153175 0.004162194
0.009971264 0.004068743
0.02372021 0.003701468
0.02296394 0.003561357
0.02012861 0.003507436
0.007972864 0.003502159
0.005899296 0.003103618
0.01854166 0.002344314
0.02301056 0.00201216
0.04164365 0.002133665
0.05673527 0.001763516
0.09942456 0.001862386
0.0669864 0.002312578
0.03776184 0.002376372
0.03367417 0.002345577
0.03931741 0.002208346
0.04407604 0.001988632
0.04817601 0.002090954
0.04673044 0.001662534
0.0468786 0.001659239
0.04665675 0.001591866
0.03994631 0.001305557
0.07160605 0.001426596
0.08187701 0.001618991
0.06478427 0.001311979
0.05118216 0.00141869
0.03798585 0.001348812
0.05297527 0.00128282
0.02943588 0.001149741
0.03038699 0.001108159
0.02021571 0.001324998
0.007570424 0.001523525
0.02547447 0.001633479
0.03190002 0.001791353
0.04838348 0.001830912
0.04239899 0.001546947
0.04629681 0.001606004
0.04686886 0.001555918
0.0656932 0.001676578
0.07695938 0.001857077
0.0669622 0.00186202
0.0781355 0.001616933
0.06598234 0.001987745
0.04138285 0.002100761
0.04162832 0.00225341
0.04256355 0.002245924
0.07512838 0.002397649
0.03257628 0.002785409
0.05464218 0.003168477
0.05723972 0.002728098
0.07617846 0.002351471
0.06499117 0.002224837
0.04289733 0.002086109
0.03750003 0.001883467
0.03608942 0.001737235
0.03168263 0.001895804
0.02275639 0.001816005
0.02759434 0.002133047
0.02834154 0.002235725
0.04541007 0.002411298
0.05404625 0.002372827
0.07648273 0.001899764
0.07409738 0.001627776
0.03351505 0.001555464
0.02603289 0.001566894
0.02373925 0.001700242
0.02321994 0.001413131
0.03556784 0.001474211
0.03861841 0.001758698
0.05168144 0.001941608
0.057139 0.001765553
0.04913893 0.001605949
0.06589845 0.001725254
0.08380432 0.001915564
0.08523307 0.001919249
0.1146682 0.002089931
0.09581354 0.002151913
0.06244973 0.002254055
0.1055386 0.002141243
0.07958004 0.002377971
0.06604829 0.002278579
0.06196233 0.001754119
0.07387259 0.001932922
0.06173813 0.002173855
0.04254548 0.001917557
0.04613944 0.00214415
0.05670796 0.001714855
0.08183242 0.001859934
0.06161949 0.001834205
0.03392283 0.001851966
0.03174785 0.002105674
0.04030918 0.001840487
0.05149269 0.001974321
0.05501443 0.002390883
0.04595656 0.002080871
0.07365044 0.002073599
0.0746771 0.001935834
0.06213271 0.001804123
0.05993595 0.002326871
0.06541171 0.002186242
0.05202546 0.002506787
0.03637193 0.002419882
0.05437647 0.002618628
0.04499987 0.002439835
0.05349907 0.002466322
0.05196712 0.002464115
0.04691356 0.002541338
0.03657565 0.002766705
0.03537404 0.002886288
0.0373625 0.002863813
0.03396008 0.003265401
0.03165413 0.003514278
0.008640576 0.003355076
0.003469571 0.003276763
0.005271098 0.003927356
0.0196919 0.003674794
0.01700638 0.003498822
0.01654139 0.003160027
0.02335765 0.003015908
0.02980542 0.003186894
0.0307625 0.003499856
0.05143614 0.002788152
0.03823752 0.001938668
0.04046921 0.001856509
0.04648436 0.001875182
0.02217945 0.001781288
0.03171737 0.001716712
0.03243817 0.001752668
0.03797421 0.001555234
0.03994753 0.001770333
0.03509939 0.001866202
0.07465861 0.002016907
0.06324667 0.002002847
0.05396092 0.002200923
0.04605941 0.00183887
0.04735156 0.001557075
0.06969095 0.001643621
0.06390243 0.001925645
0.06051587 0.002188423
0.06250262 0.002333957
0.02924316 0.002140338
0.02325437 0.002325698
0.02477792 0.002578322
0.02199766 0.002611626
0.02053198 0.002567415
0.01378229 0.00296107
0.03486031 0.002447496
0.01476513 0.002703282
0.05221987 0.003118532
0.03323583 0.00328515
0.03838793 0.002745057
0.03053219 0.002850341
0.02412116 0.002172099
0.02397586 0.002595221
0.03547912 0.002541796
0.02187917 0.002939002
0.03143546 0.002589318
0.0358104 0.002716625
0.01946158 0.002196468
0.01208082 0.001815639
0.008746151 0.001707402
0.01470673 0.001521739
0.03010276 0.001516983
0.03872105 0.001309786
0.03381278 0.001654934
0.01960671 0.001955971
0.01653318 0.001710378
0.01914407 0.001726095
0.00344197 0.001751134
0.005277308 0.001788103
0.006604967 0.002318811
0.01002449 0.002509296
0.02599324 0.002409616
0.01795111 0.002483711
0.01820364 0.002578362
0.02715525 0.002431513
0.05290133 0.00236155
0.05546368 0.002298196
0.04417151 0.001925682
0.04371584 0.002155116
0.0364001 0.00188897
0.05136973 0.001907442
0.03970287 0.001827222
0.04785435 0.002094411
0.03470063 0.002060968
0.02447103 0.002126755
0.02481109 0.00196094
0.02622222 0.002114587
0.02708129 0.002770782
0.02376336 0.002773564
0.04740518 0.002875711
0.06686236 0.002636152
0.05326518 0.002686209
0.07176991 0.002650687
0.05212694 0.002354065
0.03381124 0.002176847
0.0422421 0.001964716
0.01983335 0.002045165
0.0136475 0.002039415
0.003066859 0.002264665
0.01732461 0.002090029
0.005399394 0.002262616
0.005124675 0.002518225
0.007215035 0.003048143
0.02195714 0.003090873
0.0299319 0.003210073
0.02833652 0.003303372
0.01486886 0.003488846
0.01915765 0.003898246
0.03260254 0.00414095
0.02188988 0.003243537
0.04677479 0.004051602
0.02924518 0.003729016
0.02108705 0.00370726
0.0100986 0.004213137
0.01762007 0.004060242
0.03450471 0.003906444
0.01211898 0.00427638
0.02883885 0.003552031
0.01786791 0.00321717
0.02018919 0.002705402
0.03208423 0.002732278
0.02554632 0.002416499
0.0662854 0.002801586
0.04702457 0.002910914
0.02690428 0.002769499
0.04004051 0.002737007
0.03629884 0.003175525
0.03601746 0.003211105
0.03389539 0.003520601
0.03519854 0.003646474
0.04840464 0.003541405
0.04196069 0.003334571
0.02091346 0.002888199
0.02679099 0.003069115
0.02593062 0.003026784
0.0187431 0.003044535
0.02533522 0.003265615
0.04184528 0.002908016
0.02830071 0.003763552
0.04192517 0.003589939
0.02051111 0.003464765
0.02059316 0.003129349
0.02412727 0.00274505
0.02582597 0.002174578
0.03473561 0.002119073
0.02918065 0.00183334
0.02984759 0.001638699
0.03043825 0.001504712
0.06220874 0.001581282
0.05660773 0.001598502
0.04370394 0.001680005
0.03512541 0.001685855
0.02286186 0.001760438
0.02315438 0.00168345
0.03899288 0.001344607
0.05833859 0.001232211
0.08579873 0.001425393
0.083417 0.001643654
0.106108 0.00176665
0.09409064 0.001760519
0.08704473 0.001826122
0.04061034 0.002136268
0.05226749 0.002116923
0.03974408 0.001992417
0.03658882 0.001835089
0.03308573 0.001898238
0.01741872 0.002047179
0.03755551 0.001909241
0.02492994 0.001738553
0.007640211 0.001861985
0.01041315 0.001868131
0.01109667 0.001849708
0.01631144 0.002007987
0.03256839 0.00152288
0.03711285 0.001599135
0.03429671 0.001431396
0.0464482 0.001233726
0.06136099 0.001426352
0.04495198 0.001491396
0.03465375 0.001671072
0.01284515 0.001533377
0.003678318 0.001707708
0.01194603 0.001796851
0.008664757 0.002108451
0.005723068 0.002030278
0.01211472 0.001919663
0.01686943 0.001967008
0.008143902 0.002052654
0.001497728 0.002081532
0.007521117 0.002375691
0.01312106 0.002273993
0.04532575 0.00206312
0.02230454 0.002192093
0.02101216 0.00219227
0.01594338 0.002586227
0.01518629 0.002767022
0.02494876 0.002404872
0.01274041 0.002164899
0.01182367 0.00212995
0.01642392 0.00183913
0.02407344 0.001675353
0.01688031 0.001597989
0.03469453 0.001521535
0.02277119 0.001791438
0.03147603 0.001793534
0.02425863 0.001633815
0.02587499 0.001833262
0.03246902 0.002677198
0.03025759 0.002119274
0.03279853 0.002566524
0.02836291 0.002348852
0.03548992 0.002339304
0.06152369 0.00209325
0.07258401 0.002027698
0.0409232 0.002068386
0.03051167 0.002192131
0.0409698 0.002104785
0.04513278 0.002022729
0.0485478 0.001997336
0.03019352 0.001828704
0.01964053 0.001934786
0.01372467 0.001917172
0.04146288 0.002201734
0.04074961 0.002162784
0.03303199 0.001993037
0.01643583 0.001794388
0.03099649 0.001783271
0.0315265 0.001882619
0.05676613 0.001728381
0.03524289 0.001676302
0.03109855 0.00176447
0.0271029 0.001662747
0.03086605 0.001781249
0.01076269 0.002038404
0.01253089 0.001450977
0.02366772 0.00159532
0.03190167 0.001485086
0.02917231 0.001374057
0.05657732 0.001392849
0.05054557 0.001419636
0.07148234 0.00139233
0.05853227 0.001420302
0.057086 0.001449536
0.05647647 0.001382709
0.05043361 0.001317405
0.04276463 0.001232895
0.03695861 0.001136056
0.01862576 0.001099152
0.01483674 0.001317568
0.03166445 0.001505677
0.04295779 0.001696937
0.05858737 0.002123129
0.06048477 0.001857724
0.08704403 0.001711843
0.06523802 0.001895247
0.08444857 0.001998715
0.09853881 0.00172474
0.07423131 0.001627197
0.08591106 0.001659947
0.07046195 0.001630638
0.06011151 0.001669516
0.05697415 0.001529165
0.05564307 0.001533613
0.04279295 0.001755836
0.02892284 0.001569428
0.0300812 0.001618374
0.04020715 0.001863748
0.03491395 0.00229321
0.02050412 0.002550746
0.0255656 0.00312646
0.03589244 0.00335964
0.02494727 0.002673493
0.03072747 0.002168797
0.0254162 0.002205883
0.03148468 0.002177211
0.03026254 0.002281788
0.01666138 0.002370933
0.0241684 0.002508309
0.01296007 0.002600437
0.01739601 0.002511065
0.01741368 0.002215409
0.02748613 0.001996213
0.0472607 0.001939106
0.0303118 0.001815884
0.03006499 0.001904522
0.03819918 0.001674933
0.05146871 0.001540969
0.07700953 0.00119801
0.09396122 0.001365004
0.07714152 0.001489431
0.10694 0.001578483
0.1231613 0.00189441
0.08582035 0.001901708
0.09821714 0.002042864
0.09677932 0.001811618
0.0860964 0.001546606
0.07124054 0.001582393
0.06562563 0.001715509
0.0554321 0.001410726
0.05909394 0.001379895
0.08812799 0.001440712
0.06482683 0.00143425
0.04024416 0.001335504
0.06023855 0.001259905
0.07925112 0.001348809
0.08005962 0.001374339
0.06663652 0.001189858
0.09496927 0.001174382
0.08177488 0.001212386
0.09058683 0.001070169
0.06568344 0.001307117
0.04441273 0.001569721
0.03923635 0.002165236
0.0251967 0.002188248
0.01491917 0.002312099
0.0240265 0.002365081
0.01796026 0.002525808
0.02114436 0.002882168
0.03989098 0.00296412
0.04042793 0.002895984
0.05749449 0.003192685
0.0603343 0.00310415
0.03988822 0.002929933
0.04216159 0.002304853
0.05768792 0.002280537
0.08009225 0.00263785
0.09259853 0.002565294
0.08579067 0.002511116
0.08131738 0.002663392
0.06193487 0.003190016
0.06408109 0.003076904
0.08669897 0.00286182
0.04530757 0.003114215
0.03050105 0.00279422
0.01844012 0.003271244
0.02953546 0.004088433
0.02197052 0.004186429
0.02651078 0.003624848
0.01791648 0.004693017
0.04240445 0.004618035
0.04671363 0.005339001
0.0280969 0.004397831
0.02056929 0.004473233
0.03777668 0.004218744
0.01495136 0.004260814
0.03082813 0.004277653
0.03189076 0.003776741
0.01287279 0.004527409
0.01639027 0.004470853
0.01709555 0.004106512
0.02643283 0.003523701
0.01383458 0.004078402
0.03187519 0.004629883
0.03456259 0.004205386
0.0117939 0.003912016
0.006307384 0.004428249
0.007453851 0.004190306
0.005800808 0.005150332
0.009926105 0.006123515
0.005271889 0.00555696
0.008028577 0.005267682
0.01778261 0.005692253
0.01263443 0.00647238
0.01253188 0.006283751
0.004540576 0.007220581
0.0007677055 0.007050284
0.001346755 0.006852044
0.002765787 0.006984123
0.001974749 0.006786544
0.004330969 0.006864482
0.0003754444 0.006886238
0.001845542 0.005271485
0.007084576 0.0056336
0.001452096 0.005456684
0.003215314 0.004994613
0.002156256 0.004617211
0.003722359 0.005075873
0.0128801 0.004826838
0.01039579 0.005453635
0.003138012 0.005998875
0.01468943 0.006336433
0.01793741 0.007843256
0.02038945 0.006615578
0.01551385 0.005611974
0.03088705 0.006386257
0.03399917 0.006024514
0.01790771 0.006130988
0.01933841 0.006518047
0.02189115 0.007722735
0.01172022 0.00732489
0.007366113 0.006442355
0.008954644 0.006824487
0.009778927 0.0060776
0.02949379 0.005744708
0.01730968 0.00444622
0.001658256 0.00431656
0.003198872 0.005209103
0.007611021 0.004778343
0.006499877 0.0039075
0.0283121 0.004883344
0.01778097 0.005154191
0.01582501 0.005976848
0.0107755 0.005669486
0.0111954 0.006266403
0.01626402 0.006781754
0.01840006 0.007355648
0.01138343 0.007172255
0.01817446 0.007086437
0.02473241 0.005906917
0.02717378 0.006452585
0.04118422 0.006164444
0.03455193 0.006669503
0.04220896 0.006901528
0.01803873 0.006009893
0.01751017 0.005306627
0.02750707 0.006936343
0.02192421 0.00754518
0.01939479 0.006008284
0.01400027 0.006400016
0.01337653 0.006367494
0.0116688 0.006990983
0.01202705 0.007035176
0.009943033 0.006727924
0.008897887 0.006418172
0.02425475 0.006387364
0.01755768 0.006834328
0.02656116 0.006521279
0.01883688 0.00820112
0.01262871 0.009856759
0.01934968 0.009787543
0.01237178 0.009512107
0.01146836 0.008502521
0.02197838 0.009295064
0.02043389 0.009636786
0.02070903 0.00862585
0.01136733 0.009086994
0.03009802 0.009406655
0.01778868 0.008646753
0.008343762 0.008654216
0.01640792 0.009053511
0.0150832 0.009893887
0.01004323 0.01075572
0.003953801 0.01031233
0.006862844 0.008617601
0.01497003 0.01079864
0.004135255 0.01096627
0.001622875 0.01100455
0.001456057 0.01240688
0.007884745 0.01307763
0.005650401 0.01265697
0.001986361 0.01311526
0.004537923 0.01541888
0.005840045 0.01212199
0.00700345 0.01069115
0.01300497 0.01088697
0.01651849 0.01036342
0.006294878 0.01070186
0.01368594 0.01280444
0.01018177 0.0127325
0.005502576 0.01254664
0.01578729 0.01228325
0.006991573 0.0108443
0.01152498 0.00982365
0.007728038 0.00915379
0.009059123 0.008927246
0.01682774 0.009188196
0.01137453 0.007936779
0.00311175 0.007284393
0.01265728 0.006541637
0.02421843 0.004572061
0.01729177 0.003735036
0.01955296 0.004520943
0.01245116 0.004358597
0.01080673 0.004448726
0.01628599 0.004508015
0.007785681 0.004758176
0.009107649 0.004268679
0.01425745 0.005232912
0.01363544 0.004623324
0.007966942 0.004806577
0.007154805 0.004223753
0.005604769 0.004343984
0.005447173 0.004675691
0.01491754 0.005061711
0.02365574 0.004515275
0.01888787 0.004938585
0.01363195 0.005078872
0.01244999 0.005062487
0.02290848 0.005065284
0.02548447 0.004805524
0.01765408 0.00446966
0.01216455 0.004021726
0.02384356 0.003932778
0.05369891 0.004015034
0.04510331 0.004551287
0.02848394 0.004197537
0.03556368 0.004012543
0.03748489 0.003744242
0.06140346 0.004288135
0.05600408 0.004635486
0.04082001 0.004745566
0.04264057 0.005054439
0.03358464 0.005014893
0.02824584 0.005446758
0.04152358 0.005588466
0.01931521 0.005196141
0.02914302 0.00491223
0.04514847 0.004494618
0.06212418 0.004390879
0.05833266 0.004221672
0.06040715 0.003901958
0.03522737 0.003188398
0.04891711 0.003542302
0.02940392 0.004068784
0.01907117 0.004049122
0.02006391 0.003841291
0.02220759 0.00392564
0.04423509 0.003882007
0.05838913 0.003515057
0.03100632 0.003452802
0.02562847 0.004057759
0.02298018 0.003832757
0.03437747 0.004389757
0.020604 0.00438597
0.006497299 0.004289928
0.01032758 0.003549331
0.01982845 0.00326835
0.004275678 0.002977157
0.008300132 0.003163157
0.02270955 0.003077004
0.0364653 0.003297517
0.0408301 0.003705811
0.04734809 0.003952948
0.03483316 0.003849315
0.01871463 0.004261121
0.01052904 0.004039051
0.01055264 0.003768599
0.01923793 0.004610871
0.01326325 0.004497659
0.01312922 0.004862469
0.008483502 0.005550322
0.009604799 0.005992293
0.002426196 0.005690135
0.001752467 0.005693497
0.008773695 0.005605468
0.004019441 0.006268506
0.0005242649 0.006245697
0.002164495 0.008439162
9.05381e-06 0.008043407
0.005284609 0.007840158
0.01033495 0.007660967
0.007559669 0.007039563
0.01953255 0.007622546
0.009489094 0.008078063
0.005316593 0.007568679
0.01022259 0.007669776
0.01117187 0.007768732
0.01206152 0.008477694
0.007469206 0.007922263
0.008363391 0.007315915
0.01299156 0.007265347
0.01674146 0.00711013
0.01946218 0.006670039
0.008523399 0.005805446
0.02037056 0.00569502
0.01564228 0.006292959
0.01149541 0.006149541
0.005033984 0.005820797
0.0191245 0.004978709
0.01283572 0.00510003
0.01555418 0.005228096
0.02007781 0.004641281
0.01682083 0.004541098
0.03205767 0.004993418
0.02356135 0.005698973
0.02848999 0.006278068
0.02657179 0.007092481
0.02142749 0.006668815
0.009473438 0.005815581
0.009134986 0.005404346
0.01820412 0.005149764
0.01712266 0.005666104
0.01816192 0.005845082
0.0142786 0.005563913
0.007299737 0.005733939
0.006788154 0.005596019
0.02452988 0.005511229
0.04065157 0.005708659
0.03605203 0.005806722
0.01978938 0.006376607
0.01931504 0.00675074
0.01936018 0.006674167
0.006496369 0.006725814
0.004983531 0.006286044
0.02386883 0.005375532
0.02250921 0.005332575
0.06204428 0.005189598
0.03217902 0.005039441
0.02255221 0.005212907
0.02382716 0.005529818
0.03466761 0.004953737
0.03724918 0.005146874
0.02382293 0.005352311
0.02406394 0.005575019
0.02584366 0.005504871
0.01382388 0.00534573
0.007917994 0.005518612
0.0158421 0.005072533
0.03127466 0.004498207
0.01784818 0.0056456
0.01487355 0.005438494
0.01202805 0.004656974
0.02101286 0.004730564
0.01281098 0.005526227
0.009775406 0.005488869
0.03311045 0.004973809
0.01873169 0.005131526
0.01599969 0.004627796
0.01850581 0.004828822
0.01387273 0.00362863
0.02909128 0.003598711
0.02510382 0.003471844
0.03114025 0.003351328
0.04168347 0.002841514
0.03692175 0.003025672
0.02738432 0.003055677
0.02275749 0.003404292
0.007011822 0.004374684
0.01609791 0.003831316
0.03150621 0.004169803
0.01086315 0.004396517
0.01745561 0.004051682
0.02212457 0.004307639
0.0275473 0.004084405
0.02613703 0.004165721
0.02059028 0.003424869
0.01930059 0.003753161
0.03905565 0.003723651
0.03886926 0.003540329
0.03970539 0.004301535
0.02503161 0.004303269
0.03138501 0.003119311
0.04085541 0.002985069
0.06222577 0.00319328
0.06003843 0.003256155
0.04816727 0.002813196
0.04231712 0.002868678
0.03604757 0.002887593
0.02440272 0.003117725
0.03873912 0.003213138
0.04985619 0.003785616
0.04380934 0.004030219
0.04504726 0.003465923
0.06026001 0.003377212
0.02521141 0.003659048
0.02721381 0.004390671
0.02598601 0.004492513
0.02566873 0.003280437
0.02290694 0.00330728
0.02911338 0.003355129
0.03767292 0.002899485
0.02784599 0.002966549
0.01746901 0.003470939
0.01646586 0.003482099
0.03340453 0.003226663
0.03967861 0.00280177
0.0273576 0.003086215
0.01558715 0.002970192
0.0138871 0.003618517
0.02063658 0.003722278
0.01094195 0.003993858
0.0154277 0.00378125
0.02535035 0.003974554
0.03872834 0.004783779
0.02161868 0.004146352
0.00866331 0.003716826
0.01660297 0.004256508
0.00717811 0.004677685
0.001377146 0.005196575
0.003065873 0.005046598
0.02797414 0.005012977
0.02986001 0.004905414
0.02091552 0.00374173
0.02235731 0.003098857
0.01733232 0.003302213
0.01827193 0.003082353
0.02019574 0.002908329
0.02801327 0.002093306
0.02838061 0.002019008
0.04888465 0.001982957
0.05085277 0.00177177
0.07730392 0.001727057
0.08980733 0.001684883
0.06065381 0.001515204
0.04707812 0.001994814
0.04970248 0.002242162
0.05891829 0.002856644
0.07794984 0.002628508
0.0728972 0.00242416
0.07298713 0.002286692
0.09299825 0.00214116
0.05637513 0.002029798
0.05631882 0.001928527
0.04105471 0.001664905
0.03493438 0.001530899
0.02866826 0.001516489
0.03437048 0.001681352
0.05654118 0.001657952
0.06997759 0.001550213
0.07056586 0.001456401
0.05375664 0.001462673
0.05864631 0.00148518
0.04999768 0.001438721
0.08197429 0.001530973
0.07516626 0.001555356
0.06419721 0.0015452
0.03476021 0.001396069
0.02276253 0.001341633
0.05125646 0.001164203
0.030021 0.001250049
0.02654192 0.001244586
0.03538812 0.001295629
0.01652521 0.001228933
0.01444093 0.001341566
0.01374518 0.001499245
0.02556576 0.001436404
0.02029272 0.001867873
0.02417032 0.00153376
0.01581349 0.001453168
0.01498834 0.001511986
0.02317374 0.001656421
0.01553912 0.001500685
0.02965428 0.001316144
0.02532541 0.0012881
0.01530239 0.001237643
0.03323794 0.001163213
0.02843843 0.001223067
0.02268765 0.001379035
0.03098752 0.001268546
0.01995786 0.001260704
0.01919836 0.001180388
0.02070102 0.001330695
0.01803825 0.001557241
0.03407335 0.001413132
0.03027712 0.001482419
0.04021162 0.001591026
0.02423703 0.00180833
0.03127063 0.001767374
0.02186191 0.001889558
0.01619534 0.001924506
0.03025504 0.002044851
0.0329856 0.002167862
0.02354976 0.002268823
0.02523668 0.00213277
0.0262836 0.002062535
0.04459791 0.002374887
0.04539138 0.002562185
0.03382689 0.002556579
0.03638762 0.002301432
0.02689331 0.002153329
0.01852744 0.001955767
0.02915209 0.001783861
0.04568812 0.001856156
0.0423039 0.001934333
0.05840437 0.002780134
0.04989052 0.0024361
0.04598934 0.001653915
0.05297525 0.001625602
0.04262976 0.001709788
0.02288066 0.001866885
0.03323769 0.001883531
0.02137082 0.001774384
0.0112553 0.001852202
0.005676363 0.00173011
0.006008058 0.0019652
0.01866336 0.001523102
0.01473499 0.001480687
0.0163698 0.001820204
0.01624097 0.001788277
0.01400283 0.00182061
0.004254829 0.001662686
0.006705117 0.001478469
0.01509095 0.001570036
0.01584052 0.001747921
0.01957611 0.00196905
0.02229027 0.001966476
0.0348816 0.001479791
0.04314214 0.001349649
0.03488512 0.001360381
0.04575213 0.001359292
0.0564641 0.00143622
0.04865266 0.001245814
0.0657112 0.001568373
0.05604517 0.001692222
0.03977787 0.001835219
0.03239338 0.001811659
0.03757336 0.001856907
0.03698174 0.001994072
0.04194151 0.001938836
0.0666991 0.001480626
0.06314754 0.001374992
0.07587109 0.001325883
0.07917925 0.001273983
0.08972607 0.001357071
0.09927359 0.00139986
0.08227298 0.001439609
0.04797878 0.001551841
0.03750531 0.001689646
0.05566949 0.001979342
0.05338534 0.001536647
0.102326 0.001763174
0.1053885 0.001908069
0.0758881 0.001969586
0.05181588 0.002349463
0.05671119 0.002518061
0.02254381 0.002183176
0.04920271 0.00239281
0.04894966 0.002351948
0.04623049 0.003086633
0.01759678 0.003637219
0.02243909 0.003385686
0.02949637 0.003275163
0.01586383 0.002773032
0.02579853 0.002640002
0.02912585 0.003133531
0.03048563 0.003234319
0.01444134 0.002805237
0.005054526 0.00254757
0.002928203 0.002556087
0.006684841 0.002862394
0.008450078 0.00289028
0.01795427 0.003296351
0.00662921 0.003696506
0.01081225 0.003651583
0.01847778 0.003729365
0.006793775 0.003851364
0.01407273 0.00291677
0.01460888 0.003102555
0.02133028 0.002929214
0.03495908 0.002532444
0.02445506 0.002400584
0.03794906 0.002493437
0.04893967 0.002573431
0.03738712 0.002912551
0.04861476 0.00269326
0.0446076 0.002734891
0.0269418 0.002808924
0.02086963 0.002706505
0.02889363 0.002886514
0.0537746 0.00274151
0.05740469 0.002721253
0.03288241 0.002938453
0.05289438 0.002947872
0.03677161 0.002500994
0.0268258 0.002919606
0.01679012 0.002624614
0.01967903 0.002715891
0.02483514 0.003119127
0.009077335 0.002905531
0.02507906 0.00255933
0.01692469 0.003395204
0.01515072 0.003749769
0.03854468 0.003787626
0.02038585 0.003903233
0.0163388 0.003850317
0.01637532 0.003795184
0.01232221 0.003761584
0.03620671 0.004384658
0.02147937 0.00303581
0.01992291 0.003460115
0.03572314 0.003491746
0.0428631 0.003269634
0.04481129 0.00296017
0.02443922 0.002868653
0.02575513 0.002585374
0.02375863 0.002225772
0.02154458 0.001829084
0.03332656 0.00194661
0.02913058 0.002147302
0.01573215 0.001769857
0.0434782 0.001612058
0.03539767 0.001240646
0.04701486 0.001224047
0.02620494 0.001202747
0.02149966 0.001181123
0.03000821 0.001248877
0.0307495 0.001387581
0.05634216 0.001530467
0.0421944 0.001471505
0.04141608 0.001526698
0.04975682 0.001692825
0.05828718 0.001978699
0.06281769 0.001764395
0.04807294 0.001678492
0.05063009 0.00152016
0.04444202 0.001631444
0.04863134 0.001764384
0.04990941 0.001621387
0.05936645 0.001638151
0.05211727 0.001320151
0.07236839 0.001250431
0.09538439 0.001435488
0.06763612 0.001713669
0.08965879 0.001979332
0.04824193 0.002094034
0.04758741 0.00199691
0.05007833 0.002488754
0.02684967 0.002637651
0.01855075 0.002856753
0.03656342 0.0029821
0.02105405 0.002837192
0.0268074 0.002784753
0.02924777 0.002540547
0.03423616 0.003088103
0.03863592 0.003068637
0.01591482 0.003280836
0.0168915 0.002906827
0.02405696 0.002807288
0.008295441 0.003057472
0.01812965 0.002493309
0.01132945 0.002750963
0.01238179 0.003304077
0.01700712 0.002996663
0.01901808 0.002747108
0.04220165 0.00246176
0.02403173 0.002129536
0.0279125 0.002408977
0.05367249 0.002648313
0.07452803 0.002265007
0.05987169 0.002092079
0.06366501 0.001993959
0.05081388 0.001889974
0.06226136 0.001756116
0.07132269 0.001798438
0.07282033 0.002019632
0.08337813 0.001775723
0.06344157 0.001649988
0.06769847 0.001746094
0.0737798 0.001950826
0.04628704 0.002068565
0.0250021 0.001995838
0.03414671 0.001813725
0.0420151 0.002026818
0.0301739 0.002112537
0.02685819 0.001922902
0.03359111 0.001817911
0.01698874 0.002133574
0.01068871 0.002170061
0.01830024 0.001893524
0.02275329 0.001669574
0.0173254 0.001848526
0.006507133 0.001675283
0.003718599 0.001820346
0.01438252 0.001623144
0.02320214 0.001578396
0.02847267 0.001775475
0.04866238 0.001909745
0.03739336 0.001784242
0.04004632 0.00179313
0.03027276 0.001718665
0.02364096 0.001757755
0.007736861 0.001867595
0.01470423 0.001948948
0.02645839 0.001800594
0.03638209 0.001521953
0.06407221 0.001557037
0.08485995 0.001848604
0.08220313 0.0016219
0.07746685 0.001565239
0.0877565 0.001483793
0.06351799 0.00137402
0.02998513 0.001616743
0.04686683 0.001727647
0.04536265 0.001795064
0.02758905 0.001833431
0.02997027 0.001697274
0.03151672 0.001434862
0.03970427 0.001482282
0.0306758 0.001660373
0.02331578 0.001874841
0.002991482 0.001646289
0.01510509 0.001838828
0.02024545 0.001596801
0.01131954 0.001893772
0.01159425 0.00182817
0.01530677 0.001652521
0.03034677 0.001336877
0.01017953 0.001271446
0.005374532 0.001414233
0.01220056 0.001889112
0.01458423 0.001647263
0.0395576 0.001618938
0.04456878 0.001446736
0.03840605 0.001497171
0.04680647 0.001406007
0.07631859 0.001661417
0.07008961 0.001470353
0.0250562 0.001649872
0.03117099 0.001741863
0.05451613 0.001879713
0.03522307 0.002028681
0.06852334 0.001897446
0.0375249 0.001688576
0.01545852 0.001671595
0.02241773 0.001708113
0.05245183 0.001622228
0.0890627 0.001764255
0.07368741 0.00157625
0.08361474 0.001407101
0.07051453 0.001469804
0.07705818 0.001598402
0.0593043 0.001544954
0.05157465 0.001408415
0.06846134 0.001577095
0.05833486 0.001281211
0.02468993 0.001266267
0.02202054 0.0014016
0.01031179 0.001502823
0.007675558 0.001762721
0.004484345 0.0020842
0.005226293 0.001853306
0.01816133 0.002132565
0.01551543 0.002151946
0.0113651 0.002018016
0.00386391 0.001534027
0.00243843 0.001560396
0.005794636 0.0013399
0.01058844 0.001263818
0.01729185 0.001550152
0.01790674 0.001686406
0.01793829 0.001742953
0.02139806 0.001689652
0.02087046 0.001517985
0.03011739 0.001619321
0.02295837 0.001696102
0.03124418 0.001842832
0.02547886 0.001867071
0.03917856 0.001558714
0.01340691 0.001263916
0.0725703 0.001346502
0.0731883 0.001292162
0.07747789 0.001314036
0.07745303 0.001435896
0.0454547 0.001219135
0.05390549 0.001415983
0.02729471 0.001573926
0.03395544 0.00174427
0.05950196 0.001885113
0.06245459 0.001810919
0.06848504 0.001514913
0.06104972 0.001717484
0.02776633 0.001779406
0.02074704 0.00176245
0.03579207 0.001845868
0.02582479 0.001950923
0.03609044 0.002000583
0.03545417 0.002050348
0.01775708 0.001654862
0.02457224 0.001735487
0.01502623 0.001477021
0.01285377 0.001563848
0.02617927 0.001319385
0.02005892 0.001146535
0.0320027 0.0009986204
0.06513052 0.001049017
0.05606203 0.0009703516
0.05357844 0.0008645617
0.06490727 0.0008335754
0.07866156 0.001075
0.06157815 0.001072262
0.06463254 0.001031644
0.07433796 0.0009409461
0.09237222 0.001057467
0.1217487 0.001010292
0.1180876 0.001198621
0.106461 0.001136129
0.07724252 0.001199684
0.1032394 0.001448074
0.06287438 0.001130736
0.05939838 0.001123341
0.02922056 0.001199259
0.02180262 0.001256606
0.01848056 0.001354764
0.03817282 0.001270279
0.03186693 0.001303076
0.03698089 0.001200219
0.04537931 0.001115557
0.05434111 0.001056201
0.04849536 0.001326622
0.05982077 0.001608474
0.02360261 0.001676411
0.01716235 0.00178132
0.01452335 0.001397434
0.01998761 0.001767061
0.02109937 0.001884562
0.01968155 0.001984532
0.0261745 0.001893776
0.02119079 0.001566515
0.0171447 0.001678504
0.0457928 0.001562275
0.03846772 0.001726095
0.02796748 0.001729348
0.01221209 0.002056787
0.01296561 0.001762479
0.01188331 0.001516791
0.02635374 0.00177001
0.03528533 0.001986442
0.03355632 0.001867634
0.0393231 0.002291522
0.05356801 0.002024721
0.04257358 0.001979887
0.03868075 0.002112748
0.03589726 0.001798346
0.0263897 0.002108305
0.0435594 0.002492212
0.04911594 0.002751869
0.05324944 0.002931925
0.03955044 0.003345132
0.009158425 0.00308675
0.0129816 0.002605639
0.02971731 0.002292953
0.02599222 0.001993031
0.01953677 0.002013404
0.03498332 0.002140612
0.04964774 0.002584071
0.03030275 0.00243377
0.01874593 0.00233985
0.03666568 0.002078517
0.04753456 0.001794241
0.02408313 0.001678669
0.03723038 0.001478756
0.05705683 0.00129763
0.07587474 0.001258551
0.05982974 0.001302692
0.05524725 0.001153371
0.04571466 0.001022733
0.05380064 0.001003384
0.03411907 0.001050672
0.03683574 0.001120212
0.04845004 0.001395991
0.04907389 0.001658846
0.04239171 0.001900281
0.04748568 0.001738011
0.04508829 0.001846786
0.04340074 0.001735373
0.04836176 0.001800121
0.05125338 0.001722904
0.03584019 0.001770973
0.06297625 0.001737802
0.05482146 0.001330217
0.06830642 0.001555283
0.05381767 0.00163873
0.08278628 0.001650759
0.09128354 0.002106427
0.07222965 0.002051575
0.08199961 0.001890264
0.06220131 0.001889147
0.0483102 0.002032486
0.02664381 0.002000896
0.008643634 0.001776964
0.0138574 0.001865317
0.005874086 0.002046573
0.01918545 0.002108018
0.01885418 0.002540108
0.01347461 0.002544761
0.01825124 0.003046611
0.003865601 0.003257611
0.005789414 0.003828424
0.01273135 0.004256258
0.0220358 0.00383316
0.003890361 0.004230953
0.02605161 0.004718431
0.02389007 0.004616612
0.01957049 0.005455092
0.02016269 0.004810317
0.02802477 0.00489759
0.01861327 0.0050842
0.01271696 0.004789785
0.003143154 0.004819921
0.004475817 0.005313753
0.00184847 0.005239437
0.008944617 0.004542203
0.007335594 0.004064507
0.006635655 0.003891565
0.02049929 0.003404113
0.02733298 0.003207825
0.02617916 0.003759472
0.03502652 0.003718346
0.06049366 0.003752512
0.06055605 0.003909871
0.04350126 0.003324188
0.0516569 0.003643753
0.05060274 0.003464888
0.05266686 0.003432125
0.04017067 0.003444052
0.04339748 0.003778008
0.03810529 0.004546835
0.03769722 0.005266888
0.02930759 0.005027802
0.03373986 0.005009127
0.02271765 0.004289103
0.03590657 0.004340644
0.0311762 0.004363154
0.06378728 0.004178635
0.06690051 0.004322389
0.05247292 0.003897419
0.05000593 0.003516744
0.05258904 0.00315624
0.0396838 0.002649889
0.04424245 0.002790251
0.03330373 0.003487295
0.03316712 0.004780987
0.03492629 0.004299608
0.02887378 0.004205851
0.0304913 0.004463343
0.007942711 0.004162647
0.01241212 0.004254235
0.01066188 0.004715895
0.01499941 0.004676933
0.02440901 0.00444447
0.03785204 0.004373328
0.01519449 0.004530244
0.01896784 0.004871896
0.01407472 0.005134693
0.01735548 0.00536046
0.01651247 0.004604421
0.01464815 0.004974739
0.01253795 0.004805916
0.01185521 0.004554449
0.01105249 0.004227151
0.01377992 0.004392216
0.01648996 0.004292736
0.006967327 0.004840313
0.00601599 0.004189887
0.02398826 0.003737951
0.02564851 0.004445115
0.02374136 0.004558757
0.01263251 0.005087376
0.004211266 0.005335085
0.01189207 0.006080483
0.01677675 0.005916735
0.01145627 0.005648756
0.007994085 0.005628515
0.01582024 0.006296248
0.02675494 0.004924363
0.009679418 0.006092527
0.008503109 0.0071357
0.009856929 0.007275836
0.01837323 0.006873336
0.004796501 0.006187592
0.0145214 0.006184331
0.02379826 0.004954596
0.01600051 0.004740855
0.02978353 0.004986107
0.03163677 0.004675484
0.02462499 0.00446283
0.01692984 0.004267712
0.01494809 0.00462055
0.02593795 0.004098711
0.02780896 0.004493883
0.02327259 0.003936287
0.01961728 0.003876011
0.0215773 0.003329278
0.04592117 0.003899129
0.0298285 0.004163935
0.0207861 0.00421207
0.01412261 0.003991041
0.01343626 0.00398617
0.01297598 0.003498367
0.01828463 0.003730049
0.01437769 0.003691328
0.02663272 0.004237569
0.03200322 0.004725758
0.03132262 0.005477332
0.02494508 0.005407912
0.0327025 0.005164938
0.02624157 0.005973481
0.009450544 0.005791685
0.02474739 0.005858027
0.03086582 0.004943179
0.008679167 0.005080354
0.002580111 0.005417516
0.007841239 0.005647531
0.009994597 0.005546884
0.004005105 0.004986602
0.005458063 0.004963931
0.006665025 0.005769392
0.01013068 0.005062776
0.02235999 0.005423126
0.04890037 0.005775814
0.03993022 0.005911373
0.03465663 0.005543161
0.03137862 0.005764534
0.01241729 0.00457966
0.01581293 0.004407447
0.03164228 0.0040521
0.03229937 0.004091321
0.0340069 0.003684906
0.03524788 0.003653545
0.0338209 0.00459407
0.02905883 0.004849404
0.02202673 0.00420166
0.03394579 0.003535671
0.07214405 0.003243695
0.05901718 0.003440259
0.03142881 0.003386359
0.02341801 0.00306902
0.02092248 0.003184215
0.02203263 0.003735913
0.01811036 0.003822734
0.0341395 0.004098158
0.02278476 0.004440961
0.01597808 0.004895953
0.01319977 0.005037951
0.04246764 0.005297395
0.03441159 0.004515042
0.02275126 0.00475972
0.02165749 0.0042616
0.02844507 0.004277457
0.02063833 0.004404956
0.03307584 0.004799434
0.01134437 0.005384648
0.02488166 0.005724166
0.02719915 0.006016722
0.01626821 0.004862672
0.03159186 0.004564759
0.0341109 0.004356778
0.01225461 0.003694913
0.008111111 0.003961494
0.01140887 0.004310804
0.02726397 0.005111025
0.01771469 0.005049431
0.01864874 0.005604386
0.00982088 0.006563106
0.01529314 0.00668038
0.02056155 0.005558759
0.01302474 0.005357839
0.01913311 0.004183063
0.01465618 0.004485849
0.01018521 0.004845937
0.01214843 0.004477718
0.009687593 0.004241913
0.01149394 0.004323659
0.01418748 0.004508471
0.01291481 0.004126772
0.02710779 0.003683081
0.01755936 0.003434436
0.01253852 0.003160097
0.01012189 0.003451708
0.002832356 0.003453463
0.009155833 0.003673068
0.01546588 0.003660094
0.01117197 0.003992044
0.01137553 0.003976307
0.02472481 0.00371247
0.03143581 0.003670764
0.01659128 0.003372904
0.01414938 0.002885621
0.01316812 0.002839731
0.009242704 0.003488169
0.007949058 0.003614165
0.01422208 0.003892616
0.02017693 0.004123955
0.03438942 0.003511204
0.03973743 0.003475084
0.0680591 0.003076385
0.04291676 0.003092512
0.01869295 0.002426012
0.01343093 0.002460197
0.008123449 0.002221002
0.01323657 0.001971604
0.01550216 0.001722229
0.02122875 0.001673298
0.019554 0.001915455
0.01385746 0.001637326
0.009009674 0.00174877
0.003394376 0.001678109
0.01325559 0.001377647
0.008789284 0.001501989
0.01607458 0.001447194
0.02522765 0.001294599
0.04562747 0.001125569
0.03243766 0.001193249
0.02027781 0.001358656
0.03639617 0.00146651
0.02893245 0.001573103
0.01390303 0.001442636
0.01593288 0.001657429
0.01443652 0.001902676
0.01527562 0.002174479
0.01894436 0.002251053
0.03570737 0.00209044
0.02703645 0.002100969
0.02935867 0.002267615
0.06256659 0.002115517
0.1009446 0.001639392
0.08829867 0.001545342
0.07501404 0.00167661
0.05379273 0.002287747
0.03688062 0.00265108
0.0412087 0.002821902
0.0312954 0.003014448
0.03661989 0.003342245
0.01901073 0.00363867
0.03315876 0.004318027
0.03642094 0.004035011
0.05545595 0.003585441
0.03732048 0.003165459
0.05322732 0.002296052
0.04990527 0.002442477
0.02814417 0.002040954
0.03259958 0.002173899
0.03021922 0.001974838
0.04501446 0.002118949
0.0535818 0.002157858
0.0481816 0.001997453
0.04479233 0.002081947
0.03996338 0.002153953
0.02631658 0.00202878
0.05907114 0.002350939
0.02641849 0.002589654
0.02952022 0.002309147
0.03732494 0.002174188
0.06666489 0.002423353
0.06619864 0.002425938
0.05259452 0.002290226
0.05393034 0.002444613
0.02133101 0.002933781
0.03911528 0.003100964
0.06034814 0.002706394
0.03120815 0.003020107
0.04896564 0.002992208
0.06762686 0.002334937
0.06256825 0.002277866
0.06228333 0.002523991
0.03889022 0.002441621
0.06488133 0.002621435
0.06191947 0.002304875
0.07102024 0.002229647
0.1097991 0.002408079
0.1103249 0.002459337
0.06173587 0.002209071
0.04290665 0.002357289
0.02565968 0.002408544
0.02462231 0.002478594
0.03626545 0.002250025
0.03637165 0.002480351
0.03709327 0.002065755
0.03682348 0.00200936
0.05353692 0.001960646
0.05272109 0.002144769
0.03894957 0.002161909
0.03937319 0.002707462
0.05607853 0.002686271
0.05926297 0.002960785
0.07065895 0.002677431
0.0542806 0.002213358
0.0655439 0.002065135
0.0400249 0.002178333
0.02238011 0.00275264
0.02733414 0.002822656
0.01755551 0.002521046
0.01739634 0.002804081
0.0611334 0.002654707
0.07749009 0.00277512
0.04360552 0.002997841
0.02877326 0.003637501
0.03501733 0.003362309
0.02832913 0.003200911
0.003578115 0.002967922
0.004379397 0.003320381
0.01318388 0.002895678
0.01630505 0.003323716
0.03070049 0.003062658
0.04304445 0.003074054
0.03839244 0.003082734
0.02490128 0.002901125
0.04451225 0.002954149
0.04109284 0.002964723
0.04380855 0.00273817
0.01905163 0.003233285
0.02972872 0.00255712
0.03605945 0.00252201
0.04426464 0.002246979
0.04359845 0.001923398
0.0346277 0.00181048
0.04227814 0.001906354
0.03265269 0.001945204
0.0178709 0.002075527
0.0219173 0.002377132
0.02054474 0.002437676
0.02388462 0.002490005
0.03295734 0.002680458
0.03466492 0.002941572
0.05136527 0.002693532
0.03122837 0.002848942
0.0279055 0.003591885
0.02871743 0.00431528
0.0242573 0.004936092
0.03353511 0.004000396
0.01928782 0.004531183
0.02965224 0.003951721
0.04012642 0.003613517
0.01402765 0.003671799
0.002317656 0.00332937
0.003857093 0.002819037
0.002886134 0.002913932
0.008140127 0.002842772
0.009345307 0.003734005
0.01623729 0.003593213
0.03534166 0.003495734
0.02352387 0.003325291
0.05160061 0.00359143
0.04681101 0.003209637
0.02730768 0.002977579
0.01329526 0.00313709
0.01338077 0.003550721
0.006648444 0.003637388
0.006188023 0.003477213
0.002692586 0.003409298
0.008835171 0.003412427
0.009681193 0.003289517
0.009857474 0.003316358
0.006274153 0.003237419
0.0195903 0.003565786
0.01668136 0.003475888
0.02016122 0.003300183
0.01773312 0.003381131
0.03014142 0.003145373
0.03943279 0.003207769
0.01889658 0.003236041
0.009985728 0.002959976
0.02317692 0.002808054
0.0209164 0.002861835
0.02627349 0.002586267
0.01619796 0.003120101
0.01080392 0.003226745
0.03488945 0.003522798
0.028921 0.003529348
0.04786045 0.003571993
0.05163022 0.003449325
0.03773431 0.003549175
0.03038674 0.002792326
0.0204524 0.003026094
0.02072204 0.002999205
0.03925359 0.002611809
0.03654635 0.002834863
0.0296549 0.002816478
0.02040302 0.003147205
0.01331303 0.002742247
0.01796024 0.00296725
0.02440076 0.002847864
0.03319991 0.002922689
0.04673412 0.002294163
0.03309329 0.002435513
0.01839584 0.002450688
0.02462192 0.002311104
0.01962737 0.002092423
0.008889099 0.001795537
0.01048663 0.001691518
0.01816669 0.001846583
0.01028306 0.001591118
0.02045332 0.001581014
0.02125932 0.001541883
0.03000593 0.001701432
0.01927468 0.001827542
0.02510449 0.001737806
0.02162174 0.001380047
0.03545555 0.001475959
0.02699939 0.001395778
0.037535 0.001419218
0.05221492 0.001334487
0.04126032 0.001571125
0.03915487 0.001607181
0.05829404 0.001431996
0.06085706 0.001665837
0.07391666 0.001757179
0.05718744 0.001706039
0.06951752 0.001729194
0.04529841 0.002058921
0.04183042 0.002439518
0.0472536 0.002196437
0.05121761 0.002212113
0.05354006 0.002326025
0.0469571 0.003081776
0.03130528 0.002894819
0.03550764 0.002800428
0.03381951 0.002860898
0.04686429 0.002906398
0.05214209 0.003377702
0.04548495 0.00360766
0.02441204 0.003705245
0.02251573 0.003184436
0.02831006 0.003816519
0.01891807 0.003528062
0.02694458 0.003377981
0.04001922 0.003170114
0.03511503 0.003299289
0.02462965 0.003006723
0.04378907 0.003007279
0.0238759 0.002454219
0.03118328 0.002304804
0.0370544 0.002478941
0.03806213 0.00245912
0.04446756 0.002805042
0.03127935 0.002973392
0.01997658 0.003393732
0.03021205 0.003674826
0.03159379 0.003563172
0.03076248 0.003314437
0.05521376 0.002891037
0.05988799 0.002885315
0.03712719 0.003024501
0.04997986 0.002770145
0.05567525 0.002811839
0.03652598 0.002823575
0.06182704 0.002530244
0.04516293 0.002286543
0.04353097 0.002067604
0.04858498 0.002021919
0.03961126 0.001843196
0.02074446 0.001823114
0.02298149 0.002333217
0.02423491 0.002584307
0.03989839 0.002794615
0.035017 0.002369222
0.0355109 0.002394142
0.06966896 0.00209799
0.01993143 0.002022101
0.02020409 0.002261897
0.01784891 0.002244403
0.009898797 0.00266763
0.0172547 0.002029788
0.005429341 0.002586704
0.01993919 0.002502286
0.0246282 0.002441911
0.0209143 0.002335115
0.01407675 0.002543689
0.01583125 0.002589977
0.01600947 0.002697244
0.02977978 0.003053245
0.01871547 0.00294734
0.02352427 0.002723612
0.01633991 0.00274271
0.01065315 0.003239216
0.02544635 0.004156839
0.03636139 0.003563671
0.02082256 0.00380657
0.01209611 0.003336024
0.009204829 0.00403511
0.0162946 0.00386676
0.02482924 0.004437683
0.03505556 0.003626035
0.03159106 0.004808448
0.02038596 0.004192395
0.03781954 0.004307902
0.007132131 0.004113589
0.02011269 0.003613103
0.03584531 0.003951772
0.03694109 0.003186745
0.05662051 0.003782555
0.04481376 0.003588974
0.04637737 0.003592505
0.03691128 0.003401413
0.0288692 0.003483481
0.01540314 0.003261822
0.01610461 0.003045795
0.0155958 0.002783861
0.02127604 0.003185044
0.01973357 0.003037859
0.0154627 0.002775447
0.01403142 0.002855514
0.01174942 0.002853076
0.004810195 0.002337995
0.01426877 0.002550152
0.02346133 0.002628915
0.0179286 0.002507599
0.0283782 0.002520034
0.04733401 0.002486015
0.02665363 0.002436808
0.04062147 0.002742834
0.03356433 0.002810523
0.03136559 0.002652385
0.0159364 0.002525547
0.01281737 0.002335785
0.008786265 0.002680698
0.005376912 0.00265602
0.01219868 0.002604581
0.01609156 0.002247675
0.02117278 0.00256604
0.02543941 0.002589678
0.02987586 0.002666406
0.02428511 0.002656543
0.02095757 0.002698993
0.02936682 0.002743608
0.01544505 0.002447435
0.02578758 0.002032163
0.0228485 0.002002475
0.01989781 0.001960653
0.01510535 0.002469204
0.02929225 0.002899875
0.009835567 0.002574536
0.002140119 0.002398415
0.01106041 0.001947911
0.004819362 0.001679854
0.006754545 0.001895826
0.00919339 0.001787854
0.02486137 0.001816097
0.03294707 0.001636029
0.03299733 0.001576767
0.04383553 0.001581659
0.04972221 0.001654027
0.04119839 0.001590758
0.04575602 0.001572277
0.0293844 0.001642281
0.03402779 0.00165895
0.02164792 0.001668758
0.01261283 0.001934908
0.01672126 0.001611996
0.01652199 0.001432507
0.01558355 0.001209688
0.03044124 0.001128224
0.01744962 0.001006992
0.02196474 0.0009837695
0.02549567 0.0009981516
0.04166389 0.0008815876
0.05746008 0.00098284
0.04909664 0.001065714
0.03517436 0.001103409
0.0529033 0.001399265
0.05432736 0.001600479
0.04017665 0.001648348
0.06471805 0.001661437
0.06629095 0.001672597
0.07320673 0.001678797
0.09273101 0.001713706
0.1235764 0.001859941
0.1067088 0.001765992
0.0671783 0.001856388
0.05618197 0.001952627
0.0568378 0.002068428
0.0419149 0.002235385
0.03257077 0.002227921
0.03881408 0.002200694
0.02917878 0.00232811
0.03117639 0.002382302
0.03462408 0.002085225
0.03843481 0.001898268
0.02486349 0.002226901
0.02810404 0.002211966
0.05241175 0.001976083
0.0511738 0.001670331
0.05126472 0.00145107
0.03208282 0.001310878
0.04198595 0.001250422
0.05751646 0.001494452
0.05464699 0.001451913
0.04964549 0.001401161
0.05748786 0.001519516
0.07644939 0.00149381
0.0703332 0.001170084
0.03734107 0.001109422
0.0341736 0.001117955
0.04023711 0.00105757
0.04002622 0.0009642931
0.03383447 0.001014255
0.03133335 0.001008307
0.02920469 0.001157276
0.03013335 0.00113468
0.02782401 0.00138756
0.02132964 0.001504353
0.03940588 0.00163974
0.02282625 0.001801978
0.01298951 0.002050129
0.02043686 0.002163511
0.008794748 0.001941635
0.03042626 0.001907578
0.0240204 0.00212941
0.02486705 0.001897918
0.01627713 0.001744995
0.03177328 0.00166346
0.02605697 0.001931892
0.03074663 0.002106491
0.0358033 0.002637699
0.05282809 0.002107995
0.02360557 0.002915386
0.02092722 0.002593468
0.01522886 0.002437162
0.01555742 0.0028398
0.02116681 0.002829745
0.0409205 0.002544258
0.03467274 0.002899019
0.03683231 0.002647016
0.03530374 0.002893045
0.04316434 0.002652424
0.03571038 0.002671878
0.04598511 0.003016241
0.03770601 0.002905112
0.04447166 0.003023611
0.03192751 0.003202985
0.03448105 0.003204378
0.06160307 0.003643462
0.04373906 0.00422867
0.02900394 0.004240215
0.0110502 0.004187991
0.02272241 0.004172847
0.02105547 0.004901533
0.01877753 0.005017419
0.01170049 0.00487535
0.008282289 0.004964632
0.01888644 0.005413561
0.007202038 0.005119482
0.009231555 0.00584334
0.005179423 0.006838314
0.002468932 0.006318188
0.004355653 0.006561809
0.01117209 0.008110281
0.01398144 0.008790153
0.009519801 0.008784494
0.01600434 0.01059093
0.006561413 0.009963723
0.01298159 0.009500073
0.01051421 0.0084381
0.00667684 0.007725418
0.00833974 0.006348208
0.008889782 0.00691006
0.02701047 0.006237588
0.01901043 0.005906366
0.01049032 0.005527186
0.01786859 0.004733326
0.007148147 0.004741848
0.008512493 0.00434172
0.01102458 0.004087128
0.01755369 0.004046842
0.02334872 0.004940518
0.01807996 0.003932906
0.009230684 0.003526286
0.006380022 0.004043177
0.005848006 0.003900407
0.01784915 0.003684709
0.03434645 0.003733549
0.0199305 0.004559744
0.01094087 0.004900198
0.02291462 0.005868864
0.02254867 0.0056311
0.01867615 0.005862335
0.00297042 0.005264194
0.007244172 0.004529531
0.007087938 0.004628303
0.0107566 0.004129179
0.02443443 0.004137529
0.01412927 0.004032021
0.02602661 0.00399516
0.0114259 0.003968171
0.008155133 0.004224755
0.01333813 0.004351215
0.01740806 0.005349011
0.008136898 0.005385187
0.01369533 0.0051993
0.01656072 0.004843921
0.01870504 0.004113184
0.02336508 0.004294873
0.0292561 0.003846868
0.03229018 0.003510172
0.04674188 0.00343727
0.0395662 0.003619134
0.02290847 0.003504309
0.04501735 0.003238625
0.03372813 0.003184777
0.03797422 0.003437897
0.03458525 0.003510184
0.03520108 0.003713365
0.0279629 0.003713018
0.03406319 0.003061136
0.04094817 0.003342931
0.06564715 0.003276528
0.03867278 0.002762829
0.04750113 0.002792539
0.05455954 0.003046697
0.04550408 0.003466012
0.03201966 0.003224129
0.01518829 0.003495682
0.01283362 0.003926988
0.02089757 0.003733886
0.02217773 0.003488088
0.02560894 0.0039272
0.004579977 0.004120316
0.009091692 0.003786316
0.01255565 0.00326475
0.02597895 0.003710571
0.01931388 0.003005871
0.007709939 0.002692304
0.01866626 0.003115954
0.01472245 0.003425947
0.01422786 0.003042248
0.01065942 0.002866555
0.01204383 0.002449166
0.01266542 0.001942306
0.00266159 0.001858712
0.005163962 0.002098437
0.0203813 0.002222005
0.01315249 0.002170395
0.0204467 0.002207027
0.03096526 0.002490985
0.04066835 0.002403279
0.02165651 0.002399876
0.02171568 0.002445394
0.01808147 0.002702306
0.02436491 0.002637472
0.03119617 0.002599585
0.04002607 0.002440654
0.0325834 0.002670155
0.005971056 0.00237655
0.01757373 0.00243298
0.01950319 0.002289423
0.04510497 0.002367445
0.0168977 0.002751413
0.01314052 0.002621592
0.02010714 0.002445604
0.02369769 0.002284496
0.02029995 0.002142661
0.02235688 0.002270468
0.02134053 0.002269342
0.02302254 0.002311228
0.02396925 0.00233339
0.03012825 0.002488567
0.02727877 0.002558601
0.03774774 0.002771229
0.02551324 0.002806312
0.02154261 0.002832972
0.02989116 0.002931959
0.02430856 0.002781981
0.05969505 0.002920388
0.03780136 0.003204692
0.04486318 0.003101905
0.04051583 0.00358603
0.02978004 0.003624149
0.03400199 0.00353148
0.02516475 0.004433586
0.03039129 0.003863324
0.03595458 0.003969407
0.03248622 0.00497809
0.01195526 0.004625541
0.02596392 0.005592471
0.01882069 0.005145273
0.0171814 0.004452937
0.01052302 0.004079757
0.01662538 0.004839148
0.009963554 0.004693341
0.01474069 0.004553023
0.02692245 0.003999455
0.02577184 0.003783589
0.02048803 0.003477803
0.03216439 0.003616634
0.03138296 0.002746444
0.04958344 0.002463819
0.0383724 0.002049574
0.01686312 0.001867776
0.02209033 0.00194409
0.04591869 0.002057449
0.05125654 0.002210075
0.03194072 0.002243001
0.03589403 0.002066169
0.03243621 0.001928614
0.05101608 0.001985167
0.03618991 0.001982386
0.03498239 0.002287968
0.02848104 0.001913771
0.03460922 0.001878553
0.03166858 0.002045999
0.02962668 0.002120314
0.04838802 0.002047157
0.04988402 0.001763914
0.02579364 0.001564361
0.02611656 0.001670194
0.04700565 0.002171809
0.06241548 0.00198142
0.03449196 0.001927904
0.02202198 0.002186162
0.02824324 0.00238492
0.02283789 0.002727874
0.01337614 0.002715685
0.02979763 0.002360834
0.03970985 0.002358032
0.03092253 0.002296822
0.02479511 0.002465412
0.04058706 0.003003364
0.0391408 0.00295916
0.02823283 0.003294689
0.04213049 0.003080499
0.01693247 0.002664049
0.04238075 0.002516969
0.03541594 0.002034647
0.03652869 0.001751561
0.03249946 0.001538969
0.02532464 0.001551863
0.03309043 0.001457381
0.0364909 0.001392648
0.01380946 0.001256756
0.02585596 0.001468713
0.0426644 0.00156878
0.04970406 0.001670772
0.0844111 0.001500499
0.08331062 0.001637752
0.1109826 0.001537714
0.1257583 0.001480529
0.1331513 0.001657653
0.1178831 0.001416964
0.09054067 0.001476476
0.06565644 0.001252795
0.07204366 0.001217237
0.06208431 0.001472016
0.05498067 0.001483806
0.02833231 0.001592924
0.04877461 0.001505253
0.02919349 0.001518944
0.03821455 0.001666252
0.02399534 0.001851156
0.01936651 0.001454388
0.02129913 0.001495599
0.03351203 0.001858415
0.04661402 0.001951647
0.0386445 0.001918478
0.03442413 0.002388256
0.03402735 0.002476497
0.02313786 0.00245747
0.02838938 0.002360953
0.02365052 0.002773777
0.02871831 0.002692824
0.02672663 0.002578585
0.04396652 0.002478822
0.03673137 0.002512269
0.05267488 0.00206813
0.05149683 0.002056648
0.05744929 0.002048931
0.02928352 0.002196553
0.03444678 0.002252424
0.04508838 0.002266333
0.03052729 0.002835287
0.02422467 0.00340227
0.02511727 0.003140913
0.01640204 0.002935103
0.03012851 0.002954852
0.009796236 0.002885055
0.01454729 0.002553769
0.01670171 0.002899507
0.02186155 0.002965059
0.01337234 0.003383227
0.01132407 0.003540609
0.02041865 0.003788589
0.01808235 0.003817825
0.01470223 0.003815574
0.01019238 0.004140743
0.009934107 0.004427544
0.01084074 0.003733963
0.01978566 0.003247006
0.01916795 0.003611012
0.01111757 0.004191583
0.01250633 0.003387923
0.0326669 0.003898472
0.01138451 0.004200612
0.01190469 0.00391246
0.007211353 0.003574623
0.02991991 0.002899427
0.02475431 0.00294709
0.03280397 0.002694928
0.01312266 0.003228113
0.00874234 0.0029182
0.01226974 0.002745005
0.02150159 0.002336971
0.02211364 0.002393443
0.02091746 0.002126868
0.04972289 0.002469136
0.0446901 0.002744225
0.03567817 0.002677928
0.0592554 0.002675037
0.07047363 0.002538457
0.07554129 0.002397279
0.09988025 0.002151804
0.07881203 0.002060901
0.04960413 0.002141336
0.05217569 0.002086635
0.06170476 0.002059229
0.1017729 0.002515769
0.09233475 0.002611771
0.08717421 0.002388197
0.09680537 0.002388945
0.1089333 0.002593664
0.07981594 0.00219685
0.0738329 0.002234484
0.06296666 0.002078005
0.05534153 0.002048841
0.0568076 0.001972234
0.08358226 0.001776655
0.09503179 0.001758414
0.09428286 0.001703108
0.08900315 0.0016835
0.08118097 0.001662946
0.1144496 0.00187652
0.1800772 0.001622708
0.2209737 0.001395462
0.1836906 0.001397984
0.2306594 0.001487947
0.1749143 0.00169324
0.1343889 0.001432365
0.1075511 0.002082984
0.1000277 0.001614068
0.06888293 0.001383796
0.05479818 0.001271893
0.0505134 0.001161104
0.03757996 0.001399554
0.02635248 0.001333559
0.03690121 0.001338068
0.04040908 0.00116003
0.02894017 0.001110458
0.05732523 0.001135834
0.04560968 0.001186524
0.04217596 0.001187706
0.05801309 0.0009833239
0.05576236 0.0009037122
0.07284898 0.0009308318
0.1028652 0.0009972642
0.07984561 0.0008989219
0.1111292 0.0007880578
0.1421807 0.001006227
0.1089954 0.0009025972
0.07356731 0.0009961369
0.08316069 0.0009874453
0.113863 0.001017951
0.0970284 0.0009613306
0.08773052 0.0009544614
0.1062776 0.0009677628
0.09615231 0.0008152421
0.0844748 0.0007207
0.116991 0.0006869704
0.166377 0.0007056281
0.1330939 0.0006710804
0.09164831 0.0008507614
0.1140124 0.0009456532
0.06885673 0.0009753442
0.05171561 0.001198193
0.04235914 0.001367721
0.06529004 0.001446655
0.05596305 0.001493226
0.03308881 0.001311092
0.02188666 0.001205147
0.01560195 0.001286085
0.02251201 0.001227969
0.02916425 0.001163413
0.04075012 0.001115881
0.04424041 0.00109171
0.0366273 0.00119819
0.04672291 0.001430201
0.05100766 0.00148832
0.03187327 0.001688966
0.03383308 0.001819172
0.02604332 0.002028579
0.04170478 0.002400012
0.04151716 0.002325337
0.02965975 0.002516593
0.03693668 0.002736456
0.05921344 0.002719186
0.05630381 0.002625062
0.02400433 0.003200908
0.02890532 0.002535144
0.02569535 0.002097791
0.03200907 0.002335266
0.03514649 0.002296902
0.02570974 0.002155449
0.02004431 0.002382503
0.03261252 0.002619167
0.04508358 0.002874634
0.03701241 0.002843473
0.02786874 0.003541709
0.02817452 0.003788731
0.03650435 0.00423711
0.02171872 0.003493889
0.0178496 0.003690613
0.01854173 0.003245137
0.03706624 0.002924129
0.03922169 0.003534236
0.06080107 0.003341251
0.04281356 0.003378913
0.02901636 0.003694605
0.02554347 0.003477104
0.02656333 0.00455987
0.02609313 0.004451655
0.0172162 0.00456777
0.0106023 0.003487597
0.008229329 0.003086466
0.0130431 0.00320512
0.02288821 0.002897339
0.01727358 0.002799667
0.02649037 0.00284226
0.01800872 0.002718158
0.02663646 0.002894046
0.02719481 0.003076008
0.01873509 0.00298697
0.01286817 0.002895658
0.01924733 0.003441141
0.01264856 0.003188163
0.02423612 0.00334001
0.0331316 0.003592818
0.02947677 0.00337096
0.03147112 0.003249705
0.02275936 0.004044456
0.03110876 0.004530789
0.04351073 0.00362558
0.03668458 0.003514739
0.03455914 0.003152329
0.04518188 0.002555516
0.03997804 0.002639658
0.04313343 0.002512462
0.01946704 0.002905564
0.02583142 0.003197671
0.02726249 0.002961445
0.03163686 0.002847233
0.01103737 0.002875688
0.01124072 0.002578739
0.01418109 0.002998623
0.01977915 0.003122265
0.02369904 0.002726544
0.0148333 0.003381967
0.03150475 0.003347023
0.04874968 0.003171554
0.04744341 0.003610762
0.02533383 0.003557468
0.01699338 0.004558804
0.0263963 0.004669473
0.03536036 0.005110569
0.01980937 0.004584292
0.02388296 0.003916982
0.01862508 0.004004448
0.02591779 0.004742369
0.02213967 0.004861291
0.01162186 0.004843313
0.006401377 0.00411926
0.003623481 0.00395642
0.01050054 0.003970204
0.02130368 0.003209972
0.01761874 0.003159716
0.04456544 0.002760122
0.03078393 0.003149882
0.01155201 0.002771659
0.009466768 0.002624056
0.01638592 0.002791152
0.02215525 0.002592585
0.02410291 0.002716974
0.02733578 0.002841307
0.04562625 0.003106516
0.02761946 0.003141569
0.04122391 0.003083571
0.03445987 0.003307145
0.03280835 0.003269783
0.04334839 0.003602395
0.02336902 0.003219634
0.02252707 0.003212772
0.04424079 0.003890393
0.0528317 0.003726793
0.0296178 0.003209467
0.01867607 0.002696671
0.02208834 0.003020943
0.02747174 0.003001735
0.0109682 0.003135394
0.01259144 0.003082401
0.005572449 0.003005929
0.0118388 0.002646439
0.01624022 0.002561907
0.02574107 0.003046791
0.01791044 0.003105139
0.02816223 0.002772339
0.01905111 0.003118194
0.02257978 0.003641037
0.0175775 0.002926851
0.02496607 0.002988564
0.02729598 0.003060878
0.05437294 0.002977955
0.03794265 0.002646709
0.02568126 0.002415609
0.01936767 0.002388522
0.0119138 0.002774418
0.01055145 0.002825954
0.01611009 0.002853399
0.02685535 0.00315132
0.03105908 0.003144549
0.0512361 0.002794788
0.03382113 0.003326252
0.03181605 0.002656505
0.03729625 0.00313318
0.02852627 0.0028825
0.05173157 0.002639515
0.05792163 0.002643201
0.06101276 0.002799578
0.05601345 0.003264427
0.06394784 0.00322129
0.06348705 0.004030614
0.05291021 0.004265079
0.04336769 0.00430803
0.03912047 0.003586415
0.04848711 0.003108237
0.05962216 0.00261189
0.05714508 0.002308027
0.06806669 0.002441989
0.0792078 0.002297789
0.08193634 0.002364086
0.07942812 0.001929636
0.04909976 0.00213216
0.04429741 0.002232467
0.0255865 0.002605538
0.01349501 0.002851374
0.004637775 0.002747244
0.002896078 0.002999085
0.0008260939 0.002497239
0.004742113 0.002997968
0.01728986 0.003406651
0.0106497 0.003393472
0.01498951 0.002681029
0.01523966 0.003007067
0.03408447 0.002992825
0.01453706 0.003229373
0.02137916 0.003792089
0.02629733 0.004124775
0.02052259 0.004105869
0.03814444 0.003919615
0.03801935 0.003439196
0.03077662 0.003333963
0.03404216 0.003580366
0.03484518 0.003487747
0.02629948 0.003088594
0.06275328 0.003843802
0.03943247 0.004234006
0.0144647 0.004263048
0.02872034 0.004892507
0.02395418 0.00354279
0.03246212 0.003776367
0.0359386 0.003704954
0.02557985 0.003893516
0.02453571 0.003348711
0.01347592 0.002851043
0.009194454 0.0030531
0.00748111 0.00310786
0.01741489 0.003230484
0.005105501 0.003262454
0.007797925 0.003710674
0.01368057 0.003826976
0.01125754 0.003736043
0.002246143 0.003575429
0.01359996 0.003667031
0.006676884 0.003303185
0.007919985 0.003310492
0.006799561 0.0039063
0.00570532 0.003291638
0.01255506 0.00329881
0.01752442 0.002953913
0.01331741 0.002674329
0.02024943 0.002391276
0.01349199 0.002482442
0.01693936 0.002511554
0.02764897 0.002271208
0.02948159 0.002026834
0.03147614 0.002059813
0.03347545 0.001682686
0.05091572 0.00187553
0.06758481 0.001721742
0.04783031 0.00193587
0.07177594 0.001760952
0.04170244 0.001788006
0.03241657 0.001987051
0.032604 0.001836912
0.035619 0.001922052
0.03935946 0.001596829
0.05602567 0.001897865
0.02967696 0.001957987
0.03363625 0.002394909
0.04610094 0.002238368
0.0450699 0.002102072
0.04805762 0.001994915
0.02978937 0.001731123
0.04652358 0.001889806
0.03238434 0.001702406
0.0326563 0.002119146
0.04371318 0.002134945
0.02786469 0.002295628
0.03652752 0.002556786
0.04784956 0.002534751
0.03675873 0.003066009
0.02867792 0.003569371
0.01287816 0.003854633
0.0294114 0.003624874
0.03279135 0.003527226
0.0218516 0.003266665
0.02909491 0.003130909
0.02040293 0.00345033
0.0190091 0.003903336
0.04536692 0.003941542
0.0414862 0.003224209
0.01983455 0.003726823
0.03234585 0.003703271
0.02609091 0.003414049
0.03496917 0.003363866
0.05875208 0.003549318
0.06089057 0.003417659
0.04401096 0.003508988
0.03340816 0.003585047
0.03721013 0.003441808
0.03404119 0.003314713
0.05568563 0.003708383
0.05599936 0.003701964
0.02957245 0.003857584
0.02390164 0.003458039
0.03119277 0.003278168
0.0275185 0.003432691
0.0235227 0.003720947
0.01590743 0.003804775
0.01485582 0.004056681
0.009742085 0.004322177
0.01115468 0.004328682
0.007627336 0.004105941
0.007331281 0.004842417
0.002462027 0.005363841
0.00330512 0.004698208
0.02261362 0.004314353
0.04609541 0.004014242
0.04435429 0.004425253
0.06013842 0.003993182
0.03624077 0.005127917
0.04033801 0.004449788
0.01866392 0.004062386
0.01847016 0.004474926
0.02105268 0.00468834
0.01896193 0.004457425
0.01873543 0.004322258
0.02124159 0.003900202
0.02729462 0.003541827
0.05803656 0.003197714
0.06602302 0.002929414
0.06753926 0.002697053
0.05868401 0.002664052
0.07376962 0.002331276
0.08100152 0.002292404
0.06312944 0.002091542
0.05414747 0.002065522
0.0588991 0.001899674
0.02915835 0.00233552
0.06592264 0.002092586
0.06354576 0.002096591
0.05459426 0.002066187
0.036144 0.002336645
0.04253437 0.001947625
0.02120162 0.001919198
0.01170027 0.001675552
0.008316249 0.001798624
0.005706422 0.001496114
0.01062751 0.001610907
0.01590208 0.001598049
0.01690673 0.001664823
0.02346656 0.001885559
0.01357405 0.001925587
0.008177102 0.001780544
0.01878336 0.001749254
0.02132932 0.001265713
0.02692319 0.001400547
0.0297295 0.001461532
0.04384608 0.001349542
0.03073384 0.001235862
0.03206556 0.001465861
0.03766778 0.00153792
0.02015662 0.001565943
0.01830386 0.001429987
0.01252337 0.001686079
0.0195605 0.002062254
0.01222648 0.002108407
0.02146181 0.002127943
0.03612893 0.002002687
0.03998752 0.002249818
0.05640577 0.002009273
0.06830739 0.002470292
0.05963791 0.002582841
0.03576044 0.002313681
0.0379585 0.002486633
0.04769248 0.002258898
0.06166693 0.00222476
0.08286356 0.002119953
0.07441237 0.001854457
0.07692635 0.00196479
0.05934069 0.001591389
0.04847754 0.001754023
0.0735462 0.001484826
0.04262847 0.001564499
0.04893524 0.001670146
0.04048037 0.002067628
0.0314122 0.002313991
0.04451757 0.002003145
0.03642652 0.001997271
0.03679434 0.001756806
0.06529746 0.001778133
0.07434365 0.001790787
0.1179204 0.001938096
0.1055872 0.001625516
0.1045635 0.001685083
0.06258879 0.001693863
0.0800019 0.001590281
0.0743138 0.001442897
0.06274707 0.001439258
0.08373352 0.00124253
0.08869994 0.001389267
0.09426959 0.001526455
0.08903975 0.001475496
0.1045086 0.001321642
0.08697172 0.001164342
0.09714349 0.001559782
0.08042043 0.00174427
0.08323097 0.001783153
