probIn scale
0.03956421 5877.427
0.03445736 5866.411
0.01852127 5767.054
0.0161332 5995.984
0.02021345 5965.906
0.008118483 6339.47
0.0178153 6461.932
0.03903654 6359.391
0.03718023 6387.316
0.02997905 6443.625
0.01297724 6328.842
0.01143319 6363.773
0.01017889 6542.069
0.005272494 6572.344
0.00738287 6711.896
0.009130301 7079.055
0.01635052 6901.631
0.009870195 7131.182
0.003965201 7450.151
0.003699406 7406.035
0.01019717 6861.322
0.01735349 6494.979
0.03822619 6438.931
0.01663149 6211.201
0.02411805 6486.766
0.007645321 6689.486
0.0086316 6902.286
0.01116292 7305.734
0.02697969 6762.2
0.01896311 6693.454
0.03888864 6376.797
0.02658567 7000.737
0.03268441 6601.229
0.01492979 6065.153
0.03165565 5891.896
0.03867797 5996.716
0.04772542 6031.275
0.05176529 6180.868
0.06564831 6204.887
0.05971498 6147.145
0.02730551 6024.944
0.02275717 6216.665
0.0101321 6640.359
0.01122324 6856.354
0.01810717 7453.356
0.009311592 7678.775
0.01969301 6835.635
0.00269494 6667.843
0.004977135 6768.523
0.003396421 6693.465
0.007201553 6871.694
0.01067929 7026.86
0.01304113 6949.052
0.004782235 6931.287
0.0122935 6751.401
0.01058949 7599.535
0.007346469 7113.425
0.01192969 7461.444
0.007996728 7653.528
0.004939436 7771.716
0.02995502 7920.131
0.02978455 7526.968
0.02463159 7735.442
0.007900678 7988.322
0.006481043 7765.267
0.008296641 7959.498
0.002948936 7735.316
0.004003593 7582.044
0.0008166493 7844.867
0.00506976 8358.421
0.0131541 8868.078
0.00427726 8674.784
0.001636259 8822.313
0.01109601 9056.118
0.003262347 9205.924
0.00783135 9371.106
0.0008947632 9367.262
0.003446125 8886.684
0.002736736 9353.82
0.006254223 9800.845
0.0009770909 10170.6
0.008784664 9612.932
0.005424112 9075.825
0.004568941 9063.387
0.01081504 9088.386
0.01253087 8995.528
0.008730821 8103.904
0.01080324 8125.045
0.02192438 8359.83
0.003882069 9084.179
0.0005281118 8672.719
0.01616115 8259.841
0.007348075 8126.906
0.007821064 8564.532
0.004814821 9196.142
0.005017086 9362.296
0.007790549 9787.175
0.004785415 9279.933
0.001343508 9254.156
0.0006268634 10612.32
0.0008410873 10126.81
0.003635402 10290.02
0.002329725 9809.998
0.002460622 9392.671
0.004273282 9143.861
0.004968154 8887.561
0.004244283 8454.497
0.01092364 8127.667
0.01719125 7894.453
0.01033024 7974.817
0.0057202 7731.209
0.01206588 7669.074
0.004938257 7907.68
0.002363726 7402.792
0.01228169 7332.519
0.01554311 7107.527
0.0143452 7875.047
0.02729251 8382.865
0.02630659 8232.307
0.02568718 8308.042
0.02641333 8646.254
0.01591968 9231.052
0.01951069 9290.805
0.01718568 8644.537
0.01674117 8819.287
0.002830599 8828.308
0.01009571 7947.722
0.004903705 8164.788
0.006847367 8486.666
0.007144847 8112.935
0.001524865 8149.865
0.0014784 8107.257
0.005670614 8140.169
0.002912605 8035.129
0.0009129809 8131.129
0.001991009 8341.203
0.006342088 9157.768
0.00334093 9574.14
0.007910898 9062.361
0.01962894 9180.346
0.03512312 10188.61
0.011437 10093.64
0.00112988 10851.39
0.002154465 9764.763
0.001314456 10229.9
0.0002783749 10471.86
0.0009355284 10407.2
0.000686308 10472.34
0.002712722 10986.53
0.004363154 11481.22
0.00378865 11075.33
0.004879942 11071.06
0.0082747 10669.25
0.01389844 10491.83
0.0197387 10284.7
0.01755527 10344.36
0.006188953 10727.73
0.001154835 10851.07
0.005104702 10983.08
0.0005730213 10597.07
0.001445825 10615.62
0.002800729 9861.6
0.003424403 9973.188
0.001243355 10743.7
0.00607362 10475.17
0.005029652 9841.347
0.001650339 10571.35
0.000739485 9935.058
0.0007582832 10259.91
0.002034985 11048.66
0.01092719 10893.31
0.02174844 10341.93
0.02447339 10257.41
0.006477241 10231.18
0.01130029 11445.27
0.00436869 11658.38
0.01264907 11299.29
0.006690777 10409.79
0.003217949 10669.11
0.00182218 10802.97
0.009324216 10628.81
0.001645625 10699.43
0.001339588 10880.84
0.001485711 11558.32
0.001462291 11061.82
0.00175768 10758.84
0.006015138 11196.78
0.001254299 11376.9
0.00396955 11742.93
0.001522307 10633.27
0.001050122 11462.94
0.01174463 11328.75
0.009511066 11639.42
0.004536672 11464.23
0.01359635 12189.49
0.01362408 12074.21
0.02358313 13024.92
0.01774059 13049.49
0.02186314 13677.04
0.004522926 13214.14
0.007452208 12237.51
0.003560802 11567.64
0.001055596 12356.19
0.0001997957 11962.32
0.003712476 13003.67
0.001267415 13181.27
0.001326296 13421.27
0.008392942 13062.29
0.002078644 12209.95
0.004900369 11378.94
0.006367917 11166.16
0.01625796 10699.77
0.01071382 10990.36
0.01116333 10050.79
0.006732593 9687.518
0.006074561 9529.427
0.003411487 9322.853
0.005427779 9660.052
0.007149319 9918.035
0.01184047 10545.08
0.001456385 10387.48
0.00686011 11331.39
0.01347852 11188.32
0.007592002 11901.42
0.006322384 12050.12
0.01332228 13122.46
0.02666925 12847.85
0.01347651 13633.06
0.01414676 13923.14
0.01299448 13560.46
0.008606706 12558.8
0.003314243 12083.52
0.005536851 13442.7
0.00141432 13544.84
0.006250787 14315.2
0.003794084 16054.13
0.003522961 15381.7
0.007206864 15236.35
0.004988466 14475.58
0.005293534 14083.98
0.0003016846 15484.84
0.001961989 15210.19
0.001157413 15489.59
0.001831748 16381.55
0.001874076 15543.95
0.00322446 15653.34
0.004282767 14723.54
0.005443549 14756.28
0.00384439 14540.92
0.003998729 14133.83
0.005114603 13802.12
0.003546571 13626.61
0.00326082 13726.09
0.01434987 14490.26
0.02210504 14086.02
0.02201141 14414.7
0.01348168 15044.25
0.01118475 14309.42
0.02725892 13632.52
0.006691589 14013.94
0.006238562 13628.76
0.006661533 13815.91
0.004382471 12378.31
0.005871185 12838.53
0.00796204 12895.85
0.005987444 13276.83
0.00781286 12556.2
0.001054743 12327.91
0.009068767 12116.06
0.003076982 12023.55
0.004128464 12119.98
0.001058928 13061.68
0.001003958 13800.98
0.001080425 12755.02
0.003179432 12582.29
0.006798123 12188.44
0.01067839 11897.75
0.0005473958 12128.45
0.002845667 11958.34
0.005638217 11086.58
0.003260808 10661.99
0.004853931 10648.54
0.006861622 10439.25
0.00316995 10531.1
0.005736459 10648.45
0.005522751 11930.84
0.007053052 11457.83
0.01154803 11950.1
0.008917875 10674.21
0.003010752 10511.65
0.001629767 10056.07
0.00424739 10939.37
0.00505309 10351.07
0.005788747 11309.08
0.007572621 11064.41
0.008200631 11130.12
0.006250579 11488.39
0.003617905 11369.08
0.001786237 11403.16
0.0001510769 11174.69
0.002150936 11571.11
0.003034892 12187.57
0.001177609 12147.64
0.009446963 11936.46
0.002790891 11950.49
0.003381328 11619.16
0.006922312 12455.38
0.01276116 12507.85
0.01193604 12387.3
0.009025149 12467.03
0.000185781 12236.23
0.008866207 11997.45
0.003510719 11267.54
0.01615174 10968.2
0.01066628 10864.02
0.009231459 11251.84
0.0123079 11487.23
0.007621477 12193.99
0.003952255 11400.93
0.007719243 12277.45
0.01422893 12743.05
0.00928566 12669.84
0.006439613 12059.09
0.00249978 12023.07
0.01764534 13161.16
0.01594097 13412.54
0.02441961 13495.23
0.01633754 12988.37
0.007340659 14078.78
0.01403787 12808.78
0.01148004 12346.82
0.01419623 10751.05
0.006596099 11516.04
0.003873813 12514.09
0.01118181 12497.68
0.006071372 12506.46
0.009663646 12550.08
0.002266581 13633.13
0.003188195 13009.75
0.006986367 13464.84
0.01101718 12576.79
0.00751157 11377.37
0.01191188 10562.63
0.001934573 11246.16
0.0003184481 10748.1
0.002030754 11458.56
0.003759312 12786.87
0.002557864 11888.46
0.0005404501 11266.57
0.004674686 10786.49
0.002855098 10620.74
0.001225752 10208.42
0.001919605 9629.503
0.002847924 10291.05
0.002424972 10291.48
0.01449946 10160.27
0.01241627 9567.512
0.01687726 9646.97
0.01350049 10225.38
0.003952287 10288.99
0.0006565772 9624.67
0.002503452 9980.539
0.001230287 9779.439
0.006597433 9234.707
0.01068433 9650.752
0.008077445 9277.728
0.006829868 8690.815
0.01631383 8794.684
0.00771057 8342.032
0.002666792 7829.119
0.005520096 7248.088
0.003250308 7446.366
0.00874386 7814.345
0.01003898 8013.427
0.009122996 8292.533
0.003978788 8428.479
0.01486175 8449.556
0.01052876 7939.112
0.01602158 7988.945
0.009794793 8580.95
0.009450195 8491.726
0.002247072 8390.739
0.00212223 7757.22
0.008411232 7923.865
0.00925033 8482.68
0.01032798 9139.648
0.01330326 9301.764
0.01150694 9954.387
0.009914218 9802.907
0.003659142 10114.37
0.008075689 10912.51
0.006232252 11291.51
0.00506689 10817.08
0.006804397 11073.55
0.003098804 11914.27
0.001179439 11085.37
0.00479108 10465.23
0.008280651 10649.33
0.01761537 10580.2
0.01723305 10421.18
0.01222957 10333.21
0.008896156 9776.004
0.009764254 9383.309
0.005012257 9877.26
0.005812441 10086.56
0.01869889 10661.29
0.009290159 10449.55
0.01919746 10276.13
0.01000468 10283.92
0.00555735 10551.25
0.00259879 10381.36
0.004361746 10792.32
0.01008932 10128.04
0.009707771 9759.242
0.007837858 9767.581
0.005130713 10351.57
0.002177352 10742.2
0.003696663 11333.36
0.003570108 11773.22
0.003710502 11465.46
0.01064908 11576.76
0.02202735 10693.53
0.02467078 10515.45
0.02480855 10332.29
0.003982734 10328.56
0.003068199 9820.728
0.001583693 9883.986
0.005146327 9590.879
0.002105311 9742.322
0.0008290448 9722.475
0.0008815772 9489.565
0.001870318 10347.17
0.002566865 11215.46
0.001222373 10992.58
0.006229721 11325.02
0.003224277 11100.64
0.002267 11226.98
0.002894505 12169.22
0.002257044 12109.47
0.003176973 11832.75
0.004047455 11718.9
0.0003035183 12144.53
0.001776196 12578.86
0.004716048 12977.72
0.009940596 13488.67
0.009756548 14216.43
0.009425023 14670.81
0.02070446 15768.08
0.02316044 16537.43
0.004918781 16752.14
0.003853948 17298.29
0.003577903 16671.11
0.00483361 16905.39
0.001611398 16284.44
0.004221311 15871.8
0.00231711 16139.85
0.006794207 16096.7
0.01449436 16125.07
0.006058055 16452.51
0.001412412 15844.07
0.003997331 16090.68
0.01232133 15713.07
0.0117246 15526.68
0.01319642 16166.64
0.01291977 15985.51
0.007611982 14721.12
0.01214321 15329.97
0.004506443 16053.89
0.003751305 15767.52
0.004805568 15845.15
0.007419249 15438.88
0.004732832 15369.25
0.00245726 15531.83
0.00753369 15315.09
0.0008899683 15288.46
0.007885295 15258.13
0.01421333 15319.52
0.00553203 15946.15
0.005950388 16842.58
0.005458038 16923.76
0.004945993 16512.01
0.009594021 16125.43
0.0112483 15079.12
0.007544722 15188.53
0.006062776 15729.56
0.002922072 15977.1
0.01115391 16691.74
0.0055908 16350.15
0.004368126 17023.21
0.005839727 16842.51
0.01514714 16544.53
0.003852038 16620.05
0.005342484 16327.09
0.003312684 18729.03
0.003641286 16791.07
0.00155476 16982.04
0.008777956 16610.28
0.001127605 14810.33
0.0015103 14556.75
0.001409953 14522.05
0.0008501887 15072.38
0.002515122 13541.48
0.003557123 13489.73
0.003942593 12828.66
0.006930772 12938.72
0.006654162 13719.19
0.01062117 13048.71
0.009985149 13532.46
0.005195563 14745.24
0.004947579 15710.09
0.002861295 16645.02
0.004036785 16685.62
0.007796217 17073.26
0.0002322706 16966.32
0.002343897 17226.41
0.005153779 16561.07
0.003617862 15952.61
0.005182782 14692.16
0.01956853 14049.15
0.01377981 13423.94
0.01271415 13870.69
0.004751401 14749.26
0.003140734 14056.44
0.01104204 13720.1
0.005050603 13778.27
0.005125928 13269.81
0.008187973 13286
0.005902457 13583.88
0.001397334 13746.05
0.001850936 13170.49
0.004489624 12571.64
0.001738909 13370.27
0.003740926 13527.28
0.01036261 13599.04
0.01015178 13355.75
0.00359117 13882.25
0.002754694 13873.73
0.00047729 12515.3
0.007023002 13220.19
0.009370696 13105.86
0.0051882 12985.38
0.009649096 12663.49
0.01472366 12577.5
0.005573192 11679.28
0.01657907 12069.83
0.00579619 11835.54
0.01696011 12896.1
0.008432165 12263.02
0.02548126 13249.07
0.01887637 12913.89
0.007612142 13255.82
0.000350752 14403.12
0.003851875 13631.46
0.00260299 13121.65
0.009521432 12367.42
0.01244912 12114.15
0.003887508 12495.37
0.002960035 12058.3
0.008616721 11925.31
0.00406747 12951.26
0.009502162 12459.62
0.01422854 12413.6
0.003349242 12360
0.004212823 12187.7
0.006869686 11333.07
0.007394393 10829
0.008047504 10058.44
0.01705147 10175.04
0.005587162 10061.88
0.01339438 10066.22
0.002418095 9966.6
0.001900683 9446.408
0.002046001 9540.847
0.009999811 9471.455
0.0181336 10187.45
0.006820928 10472.48
0.00574153 9541.326
0.008197173 9631.212
0.002288022 9501.595
0.02361704 9469.521
0.01731733 9415.737
0.02906515 9697.502
0.03382365 9228.125
0.0445282 8783.36
0.02197416 9150.684
0.02465506 9847.969
0.02958666 9646.661
0.01895931 9048.441
0.03318619 8373.582
0.02341929 9125.839
0.02599204 9520.723
0.0164576 10220.96
0.01414452 9888.173
0.01366763 9385.037
0.02110448 8858.837
0.01446638 8902.484
0.007135569 7629.361
0.002404015 7561.564
0.004711461 7390.134
0.001932538 6698.047
0.01247134 6959.936
0.005694621 6629.632
0.01316131 6132.399
0.007978394 5975.063
0.0221298 5719.955
0.00799269 6251.135
0.01562937 6295.298
0.01708112 6632.423
0.01153252 6929.961
0.005472371 8215.461
0.003549031 8487.841
0.001707633 8697.621
0.004158115 8959.998
0.004542608 8513.682
0.004535771 8786.582
0.003247094 9127.806
0.005389134 9603.079
0.01061625 10331.89
0.008582714 10013.83
0.01457271 9714.932
0.01113056 9181.046
0.009759877 8702.186
0.003445029 9235.867
0.002526843 9719.456
0.001769511 9438.317
0.000196201 9527.364
0.004912844 9140.462
0.004172365 9909.311
0.007490352 10286.14
0.0003654003 10268.66
0.00579179 9990.746
0.006707057 8876.785
0.006080465 8617.046
0.01232502 8789.842
0.01319626 7517.851
0.00695519 7255
0.003962128 7601.798
0.01556568 8072.829
0.0134382 7855.858
0.007630918 7434.657
0.008270392 7064.114
0.005190362 7023.797
0.005996726 7173.309
0.004602384 7045.981
0.009948568 6563.223
0.005268336 6291.786
0.004343522 6401.437
0.0002914532 6494.912
0.003046744 6163.815
0.003691609 6132.885
0.0009868918 6017.882
0.01784508 5979.648
0.02087854 5816.427
0.02772193 5793.365
0.04113353 6124.902
0.04470583 6098.07
0.0128309 6158.396
0.006673867 5935.532
0.01233429 6097.098
0.003725788 5996.21
0.005387303 5818.915
0.01571855 5453.98
0.008372086 5655.512
0.01167684 5546.26
0.005057257 5875.901
0.007287355 6085.825
0.009178587 5930.734
0.005450742 5628.349
0.004222942 5810.507
0.001667294 5560.87
0.0006116143 5273.24
0.002876622 5245.056
0.003284385 5243.006
0.01487155 5266.933
0.008097859 5890.363
0.0083562 5901.524
0.009892667 5723.293
0.004928414 5803.406
0.01170263 5552.064
0.01661937 5645.629
0.007813492 5389.384
0.003002907 5180.578
0.003788715 5285.67
0.001849679 5201.379
0.01032871 5085.388
0.02726283 4838.559
0.03391412 5135.796
0.03113972 5240.702
0.04410153 5275.082
0.05424202 5822.215
0.05196988 5876.853
0.02900148 5342.692
0.01692544 5157.076
0.03389954 4910.635
0.0216664 4735.542
0.008801138 4797.106
0.0131268 4583.294
0.02815583 4808.307
0.02923852 4602.831
0.00688901 4352.636
0.002877094 4206.338
0.001486222 4241.011
0.004995992 4479.74
0.003478135 4271.685
0.006454612 4474.478
0.004271654 4597.196
0.004174719 4889.381
0.008639149 4657.472
0.01079465 4870.289
0.01995945 4452.926
0.01302463 4584.037
0.009426344 4369.341
0.01818981 4116.875
0.008400559 4119.994
0.01267807 3933.487
0.002868807 4088.674
0.01245084 3961.132
0.01548018 3948.42
0.01074507 4137.974
0.009736918 4049.077
0.0294724 4242.617
0.01617551 4435.468
0.02717772 4128.341
0.01260573 4303.703
0.007260398 3865.356
0.0349932 3944.195
0.03545051 3704.986
0.02654756 3354.066
0.03525293 3692.723
0.03940684 4165.187
0.03892735 4138.013
0.03642885 4412.747
0.03173444 4529.877
0.0343802 4502.193
0.02652866 4486.522
0.05186085 4571
0.017519 4349.51
0.03581201 4426.047
0.04443593 4737.583
0.04811802 4622.956
0.03288053 4488.511
0.02111566 4304.544
0.0172476 4038.597
0.03637665 3751.22
0.02789436 3241.426
0.01352013 3122.305
0.01321555 2910.869
0.004387567 2777.36
0.004424704 2521.571
0.003905171 2500.014
0.005481834 2321.664
0.00298844 2303.621
0.004896307 2519.842
0.008055421 2535.95
0.006643187 2542.209
0.009038159 2702.742
0.02116258 2867.161
0.02378966 2836.844
0.006964189 2915.609
0.005204223 2793.556
0.006850695 2792.351
0.002818246 2851.516
0.007134014 2720.936
0.005329573 2897.34
0.01151427 2943.065
0.004846957 3015.205
0.0101391 3142.859
0.00299531 3189.741
0.001686458 3199.705
0.006326725 3266.054
0.01966844 3367.111
0.0255584 3436.825
0.03380265 3632.94
0.03853928 3774.652
0.04982569 3894.397
0.02820008 3573.623
0.02617201 3597.605
0.0234715 3659.954
0.02308749 3690.687
0.02356866 4013.659
0.03021714 3699.213
0.02911079 3680.842
0.03544045 3977.802
0.02535534 3883.247
0.007277255 3925.261
0.04207672 3754.204
0.04165186 3750.488
0.03529147 3693.866
0.02766664 3444.239
0.0125141 3467.249
0.007446411 3478.275
0.01764257 3401.124
0.003073276 3485.543
0.002666726 3454.288
0.004236288 3496.455
0.01614764 3361.684
0.01920487 3552.826
0.03711075 3829.824
0.02206529 3606.723
0.03115898 3636.734
0.03541428 3686.883
0.02526459 3622.597
0.01538307 3517.575
0.01363663 3522.019
0.01235129 3593.405
0.0129841 3473.979
0.008557262 3543.346
0.01043724 3276.991
0.01229942 3414.148
0.01544787 3282.759
0.01123149 3556.722
0.005175505 3257.644
0.006695954 3573.928
0.01005992 3509.479
0.001843972 3584.7
0.002751125 3293.454
0.0007796891 3300.227
0.01123483 3250.466
0.01306453 3533.16
0.01001272 3515.526
0.004176607 3466.417
0.005218894 3416.916
0.01399966 3255.716
0.01709744 3528.158
0.01783139 3518.729
0.01453827 3213.222
0.02083829 3099.694
0.02151851 3085.363
0.01978528 2720.014
0.02909286 2910.106
0.04770854 2956.297
0.04522083 2894.479
0.01545999 3193.956
0.03118472 3183.024
0.07418743 3097.437
0.09274954 3079.924
0.08259531 3341.657
0.06115682 3068.2
0.03060058 2819.126
0.01900641 2967.954
0.01765603 3022.267
0.00620204 3127.926
0.008273665 3139.43
0.01274747 3178.154
0.005816259 3323.124
0.03104203 3336.272
0.03173696 3234.832
0.03379052 3224.478
0.08830554 3067.479
0.05625111 2995.859
0.04538405 2796.685
0.02636723 2699.77
0.01165786 2835.096
0.01286426 2552.516
0.009822392 2625.089
0.009484723 2590.999
0.01505649 2526.875
0.02162077 2390.933
0.01136714 2393.333
0.005521367 2502.44
0.006313703 2463.157
0.004835044 2401.528
0.004949706 2403.945
0.0006358677 2066.722
0.005423638 2056.862
0.0174264 2114.627
0.004398632 2113.594
0.02262233 1964.697
0.01411969 1874.905
0.004198911 2026.55
0.01819506 2102.616
0.01304643 2009.468
0.01954943 2084.649
0.04047905 2306.407
0.03945199 2267.972
0.02887395 2414.533
0.02942719 2522.729
0.02317668 2248.535
0.0161521 2248.716
0.0143614 2102.165
0.01223162 2206.973
0.01127585 2079.447
0.005506568 2037.694
0.01943151 1987.231
0.01517186 1960.194
0.00907709 1880.584
0.01561301 1861.041
0.03242146 1840.871
0.05645718 1852.708
0.03011021 1810.223
0.03716044 1850.561
0.04509723 1784.958
0.03795252 1795.057
0.03342374 1730.426
0.04996365 1549.959
0.04153445 1545.32
0.05411461 1538.275
0.0593836 1514.375
0.07445378 1545.592
0.06457937 1596.536
0.1030517 1510.816
0.1232211 1470.84
0.1204693 1432.851
0.1633931 1470.08
0.1368166 1529.376
0.1225847 1502.563
0.112513 1457.263
0.12976 1382.492
0.1108044 1303.771
0.1344869 1282.157
0.1570773 1251.435
0.1518627 1390.642
0.1203653 1473.237
0.1297347 1567.961
0.07679403 1558.731
0.06883556 1515.566
0.06009503 1512.759
0.1136453 1528.698
0.08341876 1442.129
0.09386698 1469.189
0.04465447 1485.536
0.03726502 1474.599
0.04043313 1515.138
0.03393443 1492.631
0.02384313 1418.166
0.01490465 1396.764
0.006549132 1351.082
0.008144179 1297.202
0.01394443 1312.077
0.01953267 1214.201
0.03992634 1218.792
0.02231344 1264.671
0.02785665 1276.269
0.03792054 1197.067
0.03133575 1267.412
0.008473985 1229.473
0.01585678 1213.208
0.02682758 1359.586
0.02675567 1266.677
0.03484996 1258.661
0.02210067 1245.392
0.01053819 1293.979
0.02615593 1333.387
0.0276361 1293.882
0.03094443 1326.775
0.03786342 1355.987
0.04007826 1347.214
0.04736663 1385.136
0.07017197 1412.625
0.08421059 1445.166
0.1002115 1474.235
0.06801371 1445.326
0.09716718 1337.652
0.1402664 1386.587
0.1398177 1306.621
0.1230139 1310.247
0.08655464 1341.106
0.08626001 1338.254
0.1071095 1449.483
0.1380454 1510.806
0.1693141 1494.748
0.1378304 1572.431
0.07720664 1532.994
0.1009452 1628.425
0.0720076 1650.434
0.07078333 1675.61
0.04309726 1705.992
0.04828404 1700.542
0.05487049 1613.642
0.03625125 1574.619
0.03423331 1514.365
0.03671146 1436.281
0.04952364 1419.724
0.01551437 1425.451
0.007727337 1395.673
0.01035071 1362.083
0.003695704 1499.966
0.007315412 1500.519
0.002934943 1509.929
0.0007751227 1390.625
0.002056707 1575.937
0.005058534 1651.232
0.001757895 1743.007
0.006579679 1626.699
0.007541094 1749.223
0.008658806 1740.453
0.007812342 1728.359
0.004669981 1701.846
0.002224519 1892.051
0.005811529 1978.998
0.01873532 2029.329
0.02458039 2074.302
0.005055325 2335.938
0.02046882 2265.42
0.03560698 2243.501
0.0263209 2356.283
0.02316571 2445.908
0.01516941 2465.803
0.0171121 2463.25
0.003129028 2552.169
0.004869299 2502.91
0.02032895 2467.01
0.02109 2439.859
0.03054426 2374.812
0.02321248 2545.262
0.008381658 2744.171
0.008440873 2885.355
0.03068226 2783.513
0.01240753 2957.18
0.01924461 3059.421
0.02517707 3075.769
0.02575299 3216.696
0.02771967 2977.198
0.01441771 3132.416
0.02189656 3139.053
0.02677668 2977.362
0.02111218 3128.6
0.01886773 2927.175
0.009722332 3305.253
0.01295185 3337.267
0.006994959 3404.864
0.006591525 3408.141
0.009301417 3227.517
0.03414541 3334.741
0.02214232 3269.276
0.01436171 3192.798
0.02266711 3253.696
0.03447798 3316.286
0.01196893 3494.079
0.0122033 3561.772
0.01398847 3846.523
0.005781023 3810.42
0.0007500019 3611.252
0.001869365 3661.296
0.01960861 4279.975
0.02551028 4484.738
0.01396272 4254.182
0.01551046 4286.437
0.003950821 4116.048
0.01883585 3787.855
0.03193809 3687.531
0.01644574 4092.972
0.01339949 4093.243
0.009351902 4345.193
0.002902 4594.004
0.004236135 4466.794
0.001328105 4358.656
0.006947269 4319.903
0.01595492 4355.16
0.01405955 4330.332
0.01864718 4239.551
0.01356383 4268.552
0.01981973 4161.826
0.0205263 4255.648
0.02145748 4654.03
0.01739228 4749.224
0.01226797 5317.61
0.003011354 5435.219
0.009763845 5481.376
0.00925696 5410.529
0.01252447 5212.066
0.005497065 5298.525
0.04364737 5245.429
0.04965433 5475.776
0.04000112 5116.431
0.04885068 4720.305
0.02645731 4525.35
0.01777414 4683.681
0.01114895 4352.366
0.01140566 4440.808
0.009898372 4489.276
0.007367394 4667.156
0.01067064 4849.565
0.01323458 4717.362
0.005797605 4638.381
0.009777094 5008.27
0.01045243 5194.861
0.004378492 5177.765
0.009382182 5392.989
0.004007306 4908.945
0.005063238 4818.041
0.007026504 4834.025
0.00475915 4779.667
0.0007714954 4205.401
0.002417331 4140.969
0.006569043 4369.288
0.01064856 4431.961
0.01029725 4561.209
0.01650893 4492.44
0.01168569 4525.029
0.00865187 3922.894
0.009038583 3921.013
0.002809115 3897.407
0.003646243 3860.692
0.004473192 4062.306
0.008589765 3999.599
0.01429081 4061.606
0.006140005 3934.925
0.02233152 4077.79
0.0177877 4168.957
0.05385994 4200.192
0.06629063 3844.115
0.05744781 3870.901
0.06002626 4021.538
0.04751211 4079.954
0.0668033 4035.985
0.05533933 4025.784
0.0506127 4401.252
0.04756676 4664.057
0.05654891 4702.08
0.04406558 4158.592
0.04273847 4164.4
0.04388117 4063.843
0.05313756 4171.571
0.04850337 4359.912
0.02313027 4023.968
0.02149509 4397.103
0.0200914 4271.483
0.03688951 4054.45
0.02961874 4173.66
0.02607483 4149.94
0.004872512 3989.625
0.001997999 4144.487
0.001406912 3928.375
0.008862073 4039.054
0.003995075 4129.851
0.009630336 4240.629
0.009087222 4131.598
0.00355361 4211.938
0.006960332 4054.012
0.004268964 4188.468
0.001294681 4208.155
0.01070137 4295.335
0.003764266 4431.664
0.02011357 4721.855
0.009961785 4993.291
0.01008755 4537.302
0.01358854 4576.627
0.03039992 4658.419
0.02018355 4719.03
0.02510492 4592.834
0.02566543 4616.388
0.005638898 4739.7
0.01229639 4546.083
0.0308581 4500.829
0.01666711 4637.525
0.01294823 4624.096
0.01339825 4361.611
0.01635699 4195.215
0.01431054 4175.03
0.02563844 4187.13
0.02695664 4549.434
0.011933 4519.416
0.00881734 4644.749
0.01341336 4906.927
0.02076522 5182.952
0.008466617 5389.095
0.0160918 5737.242
0.005339201 5922.397
0.004451775 6053.132
0.003304796 6061.164
0.006395964 6552.661
0.02014483 6098.231
0.02308523 6012.974
0.01123534 6000.867
0.006851939 5947.457
0.01010633 6257.571
0.009054763 6527.572
0.004089274 6184.372
0.009505488 6650.207
0.007344751 6435.301
0.01800697 6036.226
0.01685684 6240.61
0.01684928 6250.795
0.01596476 6514.671
0.02337524 6402.694
0.008165616 6555.707
0.01350474 6526.465
0.0228439 6425.171
0.0117685 6583.665
0.001419131 6420.596
0.001837537 6760.886
0.0006392088 7079.593
0.001979279 6878.734
0.009194905 7031.501
0.006580526 6961.075
0.007971588 6747.436
0.005648698 6671.323
0.008032876 6930.286
0.01062757 6965.354
0.01971229 6582.195
0.009613612 6534.634
0.008823508 6571.192
0.007807942 6712.716
0.00296597 7103.582
0.00523508 6467.256
0.002622336 7167.741
0.0008301259 6705.655
0.005277 6681.626
0.004807702 7020.22
0.003211538 6946.425
0.006446964 6614.05
0.002775388 6125.783
0.001488773 5983.03
0.005258128 5802.461
0.002486767 5708.785
0.002319618 5479.035
0.002805765 5576.063
0.007509555 5487.373
0.01131643 5508.311
0.0138448 5758.077
0.01014485 6111.599
0.01449987 6255.874
0.01288242 6605.144
0.004812703 6647.05
0.008073275 6502.391
0.001494148 6313.072
0.003727781 6047.353
0.009225532 5764.752
0.01314345 5924.095
0.004706223 5915.651
0.001775266 6117.072
0.002757657 6440.104
0.0006946106 6563.147
0.003116252 6296.469
0.006282954 6458.507
0.006161726 5882.076
0.002335997 6387.919
0.001317671 6158.45
0.004078337 5976.715
0.008279382 6149.182
0.01560532 6155.169
0.01088421 6127.718
0.001419664 6111.548
0.00200611 5898.68
0.005407632 5886.246
0.006733134 6301.052
0.009328714 6719.711
0.005286654 6520.436
0.002389324 6209.321
0.00226172 6457.431
0.00310078 7017.69
0.008663375 6590.493
0.009574129 6640.494
0.008570825 6298.086
0.01553338 6189.156
0.02928219 6118.608
0.06617472 6090.047
0.07025599 5550.09
0.02585942 5493.139
0.02433244 5494.812
0.01695148 5536.63
0.02131092 5529.902
0.02202273 5779.034
0.01773166 5948.379
0.01752388 6073.08
0.02196524 6283.297
0.02378753 6243.067
0.02016585 5897.584
0.01041772 5536.256
0.009705127 5797.211
0.01072917 5926.25
0.02999992 6309.093
0.03592453 6437.628
0.03538725 6692.309
0.03642319 6146.425
0.01544584 6167.288
0.01173008 6240.056
0.015418 6525.626
0.01263726 7005.574
0.005680523 6402.846
0.01191101 6478.42
0.0136485 6518.983
0.01067047 6072.963
0.01679716 6045.3
0.02477912 5950.919
0.01607428 5798.82
0.01523349 5876.013
0.01402016 5847.576
0.02121737 5790.832
0.023977 5589.003
0.03799013 5512.979
0.0214668 5551.649
0.007473867 5641.824
0.007144128 5415.833
0.006894805 5042.673
0.01856106 4901.029
0.009773517 4682.094
0.01433064 4624.476
0.009272161 4603.833
0.002478544 4809.593
0.005192605 4600.258
0.00617741 4847.216
0.007856568 4883.623
0.0141487 4924.617
0.02227819 5287.546
0.01194398 5184.837
0.01885355 5036.092
0.02254369 4791.088
0.005438287 4828.78
0.00677922 5406.221
0.005450188 5383.623
0.0005635291 5168.52
0.01028892 5196.23
0.01631906 5064.108
0.009269649 5350.473
0.002204886 5135.288
0.008424926 4995.104
0.01671589 5232.536
0.009329595 4963.682
0.02434689 5126.957
0.003894721 5004.248
0.003611453 5129.716
0.002570779 4890.982
0.003608032 4742.852
0.01281171 4443.97
0.008204906 4566.101
0.007209635 4019.724
0.01119825 3554.433
0.01064163 3767.24
0.02291478 3434.117
0.0379637 3474.204
0.04331972 3553.165
0.05977149 3525.083
0.05117669 3720.943
0.0567653 3676.956
0.05973012 3997.164
0.04832691 4012.384
0.04153921 4074.588
0.04931835 4097.803
0.02991457 3658.257
0.03070126 3834.808
0.03050538 3891.939
0.02026241 4188.304
0.04204647 4303.536
0.05132026 4290.9
0.02723782 4565.419
0.01696655 4415.874
0.01636392 4333.411
0.02311316 4049.11
0.01609289 3910.343
0.034475 3833.244
0.05621824 3856.287
0.04661408 3976.202
0.01552165 4159.122
0.01458219 4006.281
0.01005577 3985.368
0.00715799 4238.108
0.001572841 4131.993
0.0009419139 4423.75
0.005546026 4662.011
0.003522165 4733.065
0.01669459 4868.236
0.01324317 5114.66
0.02294108 4888.838
0.01767855 4783.236
0.02521076 4615.215
0.02811927 4698.234
0.009438677 4604.265
0.009353815 4736.23
0.006710384 5189.405
0.009049509 5330.226
0.01110918 5402.017
0.003210297 5169.391
0.004316912 5092.416
0.01031912 5176.259
0.01764154 5167.07
0.01615656 5268.654
0.009748844 5197.224
0.01506146 4883.066
0.007363281 4983.357
0.00216122 5013.268
0.006253526 5189.295
0.01322697 5097.419
0.01808793 5348.723
0.007196515 5417.094
0.008617141 5443.79
0.02358088 5505.213
0.04443505 5638.473
0.03074399 5585.562
0.01398746 5931.562
0.01041918 5889.621
0.008870043 5732.066
0.001507988 6083.45
0.0123202 5860.566
0.01110975 5984.567
0.009324681 5923.333
0.01158326 5831.139
0.01991129 5784.13
0.02665297 5588.991
0.02041978 5465.083
0.0222132 5572.062
0.009135315 6022.61
0.005451216 6282.425
0.01147199 5961.868
0.01924018 5956.003
0.02399389 5412.345
0.01233134 5583.485
0.009961304 5785.758
0.01520503 5453.321
0.03766688 5473.483
0.02865693 4968.63
0.02881587 5181.992
0.0250219 4987.584
0.02148395 5079.774
0.005103989 5106.572
0.004617699 5060.7
0.003008364 5095.986
0.002158683 5121.562
0.006013012 5046.911
0.009323319 5115.528
0.01218267 5067.717
0.01264907 5520.652
0.01173039 5317.669
0.01014696 5547.028
0.01237465 5467.363
0.02160747 5410.559
0.01863428 5234.263
0.01229035 5645.417
0.02284899 5563.984
0.01513689 5578.539
0.02424389 5982.689
0.02487548 5954.826
0.02794878 5925.042
0.02280113 6394.334
0.01686005 6531.552
0.01632539 7394.784
0.01113871 7287.403
0.01626293 7006.714
0.0186589 6927.513
0.01785263 6602.009
0.008956458 6709.227
0.006114782 6770.162
0.004170709 6672.525
0.0008212689 6758.074
0.0002374425 6966.136
0.001058388 6707.729
0.00406725 7256.837
0.003988513 7239.696
0.01006216 7278.186
0.01254535 7426.076
0.02264885 8232.713
0.01065898 8216.72
0.005862945 7972.091
0.003113529 7940.231
0.003717772 8000.108
0.008776524 8055.556
0.006861957 8195.245
0.002863622 8965.925
0.001591397 8854.943
0.007662647 8792.38
0.01540645 9358.013
0.003624292 9281.147
0.002873885 9783.294
0.01359768 9173.107
0.007899891 9398.333
0.006450852 10326.39
0.003089412 10394.01
0.006050434 10178.49
0.01715502 10432.16
0.03233149 9458.929
0.01643727 9628.265
0.01522511 9872.994
0.008692658 9953.346
0.009867807 10534.23
0.02156651 10446.42
0.01543229 10747.12
0.01445446 11391.64
0.003596318 11644.58
0.00587073 11666.26
0.002969864 10917.81
0.00462056 10956.49
0.01250505 10786.33
0.008968844 10876.37
0.006164311 11481.41
0.01134061 12434.31
0.01252688 12593.51
0.02021196 12385.92
0.02854698 12556.85
0.007495571 11330.31
0.003448595 11939.2
0.006140832 11347.31
0.01598074 9938.677
0.003397753 9590.846
0.005015081 9298.307
0.003066223 9542.722
0.006166253 9853.869
0.02128878 9463.099
0.005843765 9401.657
0.005000001 9244.275
0.005424838 9733.295
0.002277151 10245.22
0.003915737 9990.2
0.00164854 9460.027
0.006519074 9516.842
0.002880081 9604.607
0.003219508 10693.45
0.007803352 10537.08
0.02200239 10424.62
0.02923848 10987.98
0.01780292 11731.07
0.01546474 12024
0.003944902 11957.24
0.003192378 12517.69
0.001852925 13072.8
0.001151607 14012.16
0.002904651 14672.64
0.0009805097 14647.26
0.001844053 14021.88
0.008094496 13190.46
0.01257945 12853.74
0.01267773 14012.55
0.006959321 15171.57
0.00513678 14892.33
0.009065022 14566.47
0.005181468 14822.09
0.00277402 14473.25
0.002936191 14835.01
0.004393862 14698.74
0.004816846 15034.73
0.0005761957 16100.62
0.006815486 16277.95
0.005329109 16287.78
0.004759719 15089.83
0.01387661 15484.86
0.005607884 16471.82
0.005887337 15621.46
0.009676464 16009.84
0.008200129 16374.92
0.008916411 15804.97
0.002326254 16414.05
0.001176717 15655.24
0.002442681 14332.81
0.0006778765 14634.62
0.002509014 13957.03
0.007124587 15031.04
0.01594702 14115.28
0.01598352 13794.33
0.007898053 14830.79
0.0024685 14636.52
0.001453768 15174.84
0.005931282 15185.43
0.004548888 14315.37
0.00310712 13994.54
0.004214869 14658.2
0.000751742 13794.94
0.005168902 14175.56
0.00306407 14419.82
0.001746878 15419.13
0.009857135 16057.68
0.009276569 15517.95
0.005966854 15429.39
0.01534718 17578.42
0.005509829 17948.88
0.000585088 18247.64
0.001441666 17803.14
0.007677792 17108.48
0.008181445 16714.07
0.003890595 16483.12
0.006865815 16684.5
0.005442186 16159.65
0.002015511 16250.61
0.0009201964 16335.14
0.004646738 15188.35
0.0001314844 13939.05
0.002462189 14133.93
0.0007652191 14147.49
0.002988413 13621.35
0.003747031 15222.92
0.005357363 15256.35
0.005154681 16386.6
0.01547918 16967.54
0.007291349 18620.53
0.01129522 19688.02
0.01106139 21082.47
0.00173166 20584.33
0.004302314 20116.08
0.006073078 19323.87
0.001035324 18195.46
0.003932716 18978.98
0.002648871 18608.54
0.002095799 18700.87
0.0004378822 19783.86
0.003988876 18531.7
0.001706201 18594.98
0.001472851 17666.88
0.006037534 18612.71
0.01338016 18961.96
0.00964249 19893.45
0.00879976 18813.77
0.002760199 18930.95
0.01162874 18103.91
0.01775321 17222.73
0.01173698 18065.1
0.0308102 17529.64
0.0179082 16957.21
0.01012208 16653.83
0.004555672 17010.25
7.861106e-05 16152.6
0.01126006 17271.1
0.02076609 17944.56
0.01455155 17522.85
0.01393893 18031.75
0.00789934 19396.56
0.002446538 17697.32
0.01069181 17634.93
0.009081966 17979.1
0.01974613 17476.28
0.005216366 15904.99
0.004625138 15882.21
0.0003004117 15007.9
0.0008772862 13849.43
0.0001023484 13686.64
0.008055774 14215.58
0.001177675 13593.46
0.002532208 13881.69
0.009196132 14043.07
0.01156467 13174.38
0.005349212 12926.14
0.001963568 12430.81
0.002752226 12372.18
0.007212745 13434.01
0.001089991 13232.55
0.005986688 14000.37
0.01166912 14238.87
0.017725 14729.84
0.01082324 14472.26
0.005802411 13269.89
0.00020346 13425.44
0.004365158 12148.99
0.01189451 11627.99
0.001899885 12121.12
0.01073273 11196.22
0.009850136 10616.79
0.0081776 10587.9
0.004015453 10940.13
0.01268457 11031.98
0.01317119 11315.21
0.009190689 11280.55
0.009626137 11378.18
0.001681354 10895.08
0.001454137 10877.75
0.01470474 10973.15
0.005667419 11568.88
0.009254858 11573.38
0.00689894 11208.21
0.01027512 10914.87
0.01352479 11379.32
0.006902343 10794.23
0.02061662 11168.34
0.0251752 11472.29
0.006553134 11695.66
0.007532521 11959.51
0.0003177411 11237.63
0.006623582 11754.78
0.001688481 11389.46
0.0009276739 11452.37
0.001704142 11109.72
0.003531743 10708.07
0.003658562 10037.99
0.007750626 10394.99
0.0111017 10414.15
0.01150333 10608.22
0.003221472 10560.9
0.004692291 10436.36
0.007375887 9731.074
0.008006725 9942.323
0.006166564 9281.215
0.01669012 9374.092
0.003672677 9159.284
0.01344836 9345.061
0.01176631 9394.057
0.01218412 9684.076
0.01168349 10333.58
0.002943384 10033.12
0.000874206 10708.27
0.003331984 10967.16
0.008570014 11181.9
0.01468566 11256.62
0.006510181 11035.86
0.02285105 11133.6
0.02095903 11198.14
0.01655224 11729.19
0.01597557 12258.8
0.02556919 13477.96
0.02823736 13213.94
0.0204755 13648.21
0.01399233 14149.69
0.005972 14842.65
0.004624099 13999.24
0.003202781 14224.73
0.000834376 14630.66
0.001817059 14010.52
0.003401135 14443.02
0.006182276 14678.32
0.007060327 13639.82
0.002703367 13317.31
0.004874523 12344.74
0.01111475 11543.97
0.01021764 11571.19
0.008341272 11984.6
0.008524803 12404.53
0.009986112 11862.68
0.01260913 12102.14
0.02184347 11687.68
0.01090916 11645.7
0.02191962 11569.15
0.00899625 12173.92
0.0118365 11948.14
0.01490047 11964.21
0.009248911 11276.34
0.003282032 11126.42
0.01378172 10597.28
0.01052744 11257.79
0.005714933 10942.66
0.002916114 10927.89
0.006690666 10721.94
0.009047075 10801.84
0.00391097 10813.17
0.002529431 11000.84
0.0099514 10346.88
0.006148188 11061.66
0.008130531 12379.62
0.02044121 12555.69
0.007076055 13672.04
0.003887679 13519.52
0.00288712 14084.95
0.001951376 14433.63
0.0002827207 14103.94
0.001754499 14980.52
0.00216665 14889.18
0.00403661 14102.12
0.00653606 14298.5
0.0148866 13669.2
0.001296035 14651.78
0.004445924 14434.56
0.003315053 13904.86
0.002394235 14505.3
0.003429187 15678.99
0.004470526 15878.51
0.007399147 14949.29
0.012669 14765.43
0.000821064 15021.34
0.0004459917 14970.41
0.003098812 14218.05
0.001229223 14984.27
0.005153353 15057.99
0.004573845 14656.9
0.004307306 14581.32
0.01220419 14442.43
0.00231894 14884.12
0.0005212958 15883.91
0.0008396274 16291.02
0.001788041 16027.14
0.0008734601 15644.51
0.006086733 15252.58
0.007649122 13944.76
0.003828278 13981.15
0.003115243 14563.29
0.00281965 14718.08
0.005126185 14869.47
0.005212919 14524.25
0.00519598 13706.28
0.004641161 13226.23
0.001825187 13623.9
0.00565372 13315.1
0.01145761 13435.54
0.004757257 13199.42
0.003510496 13465
0.002071311 13050.24
0.00495704 12880.84
0.00323284 13461.51
0.006642464 13277.78
0.006376024 12932.73
0.001274421 13858.41
0.003755684 13723.23
0.004255919 14412.38
0.003561904 14241.03
0.004727698 15051.17
0.001652459 14860.83
0.001829831 13538.53
0.0003866138 13122.1
0.0001139116 13219.35
0.007271964 12857.61
0.007348502 13119.54
0.00404645 13801.16
0.000981778 14395.79
0.003015111 13453.56
0.004407585 13317.32
0.01164248 12942.98
0.0001559902 12893.84
0.002746207 12261.7
0.002165066 11706.37
0.01157311 12111.24
0.0181801 11541.36
0.01692345 11682.63
0.01800863 13008.22
0.006132111 14312.88
0.007608474 14182.15
0.006432385 14771.9
0.01074648 14858.33
0.003821902 15937.6
0.006617535 14466.74
0.006647678 13567.96
0.004970283 13200.73
0.007084546 12879.11
0.01367804 13118.69
0.01050616 12395.59
0.02625847 12795.43
0.007813084 13392.33
0.01125766 13685.13
0.004208674 13680.64
0.00553664 13275.11
0.00578093 14617.51
0.001174015 14236.88
5.437596e-05 14071.43
0.001568779 13985.12
0.003213026 14225.16
0.00981443 15275.53
0.007036653 16094.27
0.01358273 16637.25
0.006546298 16794.05
0.00741417 17140.46
0.005501687 15844.62
0.01018318 15278.46
0.0236 14367.74
0.01851275 13550.53
0.01678927 14962.96
0.01618447 14492.94
0.006351717 15412.03
0.0007781647 15162.58
0.001958355 15225.99
0.001218875 14802.57
0.005495045 14451.75
0.003165571 14937.7
0.005621583 15273.87
0.0009522453 15373.9
0.002498203 16996.16
0.0008510338 16473.38
0.003483126 16622.6
0.003116825 16693.42
0.002816518 16732.41
0.003018779 16949.81
0.001980058 16577.48
0.005621404 16328.33
0.004191049 17163.82
0.00488745 17121.79
0.008479258 19138.25
0.004030363 19297.06
0.01023976 18569.31
0.01058996 18800.4
0.01193428 18692.91
0.009160165 18276.59
0.005610631 18533.92
0.00870483 19812.3
0.001797453 20213.93
0.006050764 20051.54
0.01339026 20349.89
0.009865508 19568.52
0.002566923 18986.46
0.009411026 21307.5
0.007516484 20556.68
0.004497295 21184.27
0.004151801 21833.7
0.003498514 21629.81
0.002525832 20466.9
0.00906427 20240.61
0.001006594 21867.52
0.00018891 22823.49
0.001406861 23424.18
0.003561731 23246.36
0.006660166 25922.67
0.01063362 26170.85
0.003531961 25028.71
0.004896508 23259.09
0.00350483 23131.93
0.005081944 24918.47
0.01096472 24079.14
0.01227417 23551.87
0.01054204 23267.08
0.009719188 23265.89
0.01033997 23956.62
0.003799009 22418.75
0.001262143 22844.73
0.001628675 23327.6
0.003445515 22732.24
0.002194549 23300.26
0.001022024 22554.72
0.001226769 23852.75
0.002906648 23649.05
0.0006693085 22635.19
0.0007907527 23956.6
0.01067342 22407.86
0.005254183 22952.88
0.001755622 22845.3
0.001038631 24761.12
0.001484531 24648.16
0.00108639 24784.13
0.0001277921 23828.18
0.006744415 24363.4
0.004049798 24276.67
0.001290431 22605.95
0.006501441 23329.9
0.00935176 21307.8
0.01047307 20788.33
0.01105382 21111.92
0.004875856 21018.37
0.008232768 23153.2
0.004476645 23978.5
0.01087649 25935.1
0.006735669 26356.5
0.003358261 25394.83
0.0008141132 25777.37
0.0004397712 25977.13
0.0005755008 27630.04
0.001866114 27409.61
0.001723344 27180.63
0.007088269 27319.39
0.005064112 27860.46
0.004644796 30367.03
0.006318121 30378.06
0.00745374 29441.11
0.01426595 30755.95
0.01603894 32133.18
0.007249644 30675.84
0.004610568 27581.19
0.002410831 27995.39
0.0007443563 29205.58
0.002372181 28656.52
0.002193528 30263.95
0.001933562 30930.6
0.003982913 33073.39
0.0009078314 33070.72
0.001058193 30316.65
0.00267463 29344.85
0.003316128 30141.84
0.002552706 32584.2
0.0103478 32947.47
0.003081532 30981.18
0.008673253 28503.2
0.006017002 25953.39
0.01080131 26875.09
0.001002857 28573.74
0.002306616 29055.4
0.0006314067 28938.73
0.003836486 28336.71
0.006153566 29581.6
0.006524875 30573.59
0.003654709 31692.45
0.001108747 29481.44
0.008072421 29064.76
0.007688399 29139.62
0.009761365 27887.54
0.01118573 29084.01
0.001656443 27285.01
0.002322446 27572.81
0.001134382 25044.93
0.000576779 24453.98
0.004971445 23503.31
0.003876721 22780.93
0.001923847 23356.54
0.004628222 23381.47
0.003203776 24878.34
0.0001159596 24389.31
0.0004941812 27430.44
0.002678146 28899.45
0.004041986 29673.48
0.001900152 30011.7
0.002806594 30071.45
0.001047475 29376.22
0.003057169 28827.09
0.003807933 28639.39
0.0006143561 29198.42
0.0008531158 30173.81
0.002234283 28479.62
0.002943006 26836.79
0.0003271354 27756.67
0.003231689 27750.41
0.008496846 27683.46
0.00347764 27107.01
0.004681979 28667.85
0.001771877 27168.44
0.0002192861 27507.35
0.00120987 27234.1
0.002332125 27034.91
0.004253877 25480.14
0.005278453 23194.13
0.00799195 22810.34
0.004910989 21612.78
0.006955348 19900.73
0.01087211 20757.34
0.003218685 20373.23
0.002431673 18850.96
0.0005924687 18691.05
0.002359145 17877.14
0.004980224 17330.9
0.002046791 16397.31
0.003997162 16557.84
0.002643602 15295.4
0.01087117 14922.91
0.007913495 14280.94
0.005958324 15552.2
0.008009639 16049.77
0.002770244 14716.16
0.004100738 14965.64
0.003524524 15572.58
0.007849293 15874.47
0.0002400668 16311.84
0.004398398 16535.12
0.008094568 15785.47
0.009366022 15890.57
0.008829878 16694.31
0.01389203 16741.16
0.01248696 15688.81
0.01247051 16604.82
0.007273128 17400.77
0.003620199 17437.11
0.007077512 18177.83
0.00200063 17927.04
0.007742873 17262.79
0.009554729 17284.75
0.01166144 18038.89
0.007126353 17561.13
0.01156856 16867.89
0.008381976 17932.62
0.009014236 18974.73
0.01361013 18090.65
0.01988622 17940.79
0.01128073 16349.52
0.006439398 16224.42
0.01606526 16350.01
0.01105051 15668.9
0.01175183 14848.83
0.007265393 14303.37
0.004810367 12794.33
0.00190541 12713.54
0.0118035 14295.48
0.01737909 13705.25
0.01180126 13875.15
0.009446583 14046.83
0.006099221 13865.12
0.009975518 13975.8
0.002680106 14310
0.007946874 13494.02
0.008221715 14713.3
0.003258119 15107.25
0.001054912 15221.48
0.004368577 17318.62
0.003755213 16145.48
0.004172219 16538.97
0.004679418 14650.48
0.002839303 14847.34
0.004845559 15890.07
0.00230571 15605.65
0.00511932 14664.01
0.0004069365 16010.79
0.006006576 16914.74
0.002520409 17835.89
0.0007476509 17573.98
0.003806906 18445.85
0.006620009 17610.15
0.01178425 17310.89
0.004569692 17725.78
0.007677709 17497.59
0.003457259 17777.4
0.0001336471 17279.05
0.001855667 17899.28
0.005012598 18100.96
0.004721214 17681.95
0.003983435 17684.28
0.002605253 17019.5
0.008606453 17208.16
0.002764302 16398.2
0.001308683 17405.12
0.006834965 17314.04
0.0009452334 16893.23
0.004877132 17648.76
0.001578672 18284.75
0.004057393 19624.07
0.008809536 17820.4
0.01367122 17595.74
0.01093168 16476.8
0.007440891 14435.9
0.01195719 14813.1
0.01075201 14676.86
0.005363072 15394.26
0.00323246 14736.01
0.002653066 13461.91
0.006528013 14112.53
0.01196227 14724.23
0.02715539 14518.8
0.0118018 15467.12
0.001905005 14651.55
0.004630507 15013.34
0.008736105 15610.87
0.002680308 15113.28
0.00148721 14346.06
0.00353797 14174.62
0.003534421 13286.05
0.003066203 13722.75
0.002937645 13275.35
0.007153577 12930.14
0.007375112 12224.89
0.01126263 11879.8
0.008869907 12426.08
0.001967824 13571.03
0.0002647148 12538.79
0.007350861 12309.4
0.01440653 12232.48
0.009257299 12665.75
0.005634892 12133.53
0.003638025 12357.9
0.002702055 12437.02
0.004005712 12457.7
0.001396786 13043.66
0.00363205 11731.79
0.008737878 11417.18
0.004323278 11957.43
0.004066151 11288.98
0.00756721 11052.7
0.0167086 10223.52
0.03244782 9532.818
0.03570685 9031.328
0.02662069 9524.738
0.0078925 8950.115
0.01542815 9883.087
0.005583864 9984.506
0.01819564 9228.02
0.01103549 9338.961
0.01226491 9137.543
0.03348767 8896.297
0.03535593 9055.626
0.02296279 8812.995
0.01161521 8471.732
0.01179961 8213.663
0.002229148 8016.593
0.003198679 8205.681
0.0008843457 8805.681
0.003554137 8005.058
0.008751107 8441.439
0.01792308 8845.401
0.007901861 8773.168
0.008961654 9185.812
0.009613026 8827.147
0.005399901 8554.055
0.009231303 8687.69
0.007551761 8720.585
0.007794461 9467.912
0.008231065 9428.922
0.01864556 9563.856
0.02290355 9491.199
0.009785476 9409.528
0.003720968 9014.117
0.005245896 9207.4
0.008888075 8869.411
0.01541439 9199.056
0.01598721 9295.985
0.01272935 9723.935
0.008700074 9846.121
0.009142531 10161
0.00128698 9958.572
0.0003102143 9367.426
0.001985823 9483.474
0.01191019 9585.502
0.005345997 9930.384
0.0118344 10385.86
0.008548502 9635.805
0.01617557 10211.55
0.01390182 10796.96
0.01566817 10289.54
0.02540293 11052.85
0.01080995 10996.45
0.006927686 10630.39
0.002434251 10824.88
0.00679802 11040.37
0.004666847 10122.13
0.01061074 10233.48
0.00451668 9938.61
0.004617301 10660.39
0.002811697 10929.42
0.004752698 10855.65
0.005086565 11062.48
0.002694046 10268.01
0.004200759 10150.77
0.006089142 10035.75
0.002020425 9892.098
0.00854099 9895.643
0.0007183694 9980.312
0.004569089 10379.72
0.001541007 10071.27
0.00714358 9972.652
0.0003884617 9397.091
0.005919713 9386.496
0.003944442 9118.01
0.01680486 9511.445
0.01512748 10404.49
0.01296514 10628.22
0.00576876 11494.7
0.004001636 11500.94
0.008209971 10973.24
0.003327374 11493.65
0.01534108 11416.15
0.01803644 11357.23
0.008131024 10122.63
0.01440524 10287.21
0.02166546 10063.68
0.01768918 9647.188
0.0208432 9522.638
0.04230947 9190.961
0.02306979 9441.16
0.02174953 9444.678
0.0144358 9291.885
0.007478043 9588.292
0.01077967 9507.089
0.01426529 8300.326
0.002384383 8383.285
0.0009780128 8006.331
0.009318131 8402.91
0.007428804 8303.743
0.005823734 8661.393
0.002670194 8424.718
0.0009843015 8908.367
0.004457551 8407.087
0.007748299 8169.737
0.003569649 8647.543
0.004191499 8507.135
0.0008864638 8663.892
0.00124271 9369.528
0.003399369 9306.121
0.004178492 9019.475
0.0186584 9038.654
0.01123776 8577.62
0.01354803 8702.569
0.01547066 8603.192
0.007090529 8830.007
0.01539241 8802.776
0.00610288 7982.702
0.01277342 7397.866
0.02367099 7483.033
0.01215436 7126.685
0.003384745 7561.595
0.00492409 7807.546
0.005443499 7630.685
0.006558062 6965.577
0.003441029 6767.906
0.002334292 6735.46
0.0104026 6730.033
0.02009163 6497.155
0.007817563 6602.313
0.01559086 6770.743
0.006995792 6738.092
0.005018337 7128.609
0.001893445 7019.009
0.004380976 6951.713
0.0201738 6980.936
0.01233327 7541.503
0.003928338 7832.912
0.003584827 7920.395
0.003986065 7919.209
0.00148151 7330.075
0.0139512 6997.587
0.004630818 6713.574
0.004506414 6465.039
0.007336167 6529.218
0.01408269 6028.34
0.00711132 6061.144
0.009368118 6118.825
0.007003602 5854.803
0.007942726 6104.515
0.008193357 6702.087
0.01336558 7403.299
0.009351972 7575.291
0.01603963 7283.351
0.00722266 7540.602
0.002581154 7365.7
0.008664265 7170.635
0.004757322 7053.407
0.007541808 6956.54
0.0234771 7046.536
0.01300029 7671.764
0.01226959 7630.682
0.01897811 8214.124
0.004806134 7859.991
0.007988949 7963.214
0.0005227941 7736.746
0.0005549238 7715.822
0.00221866 8102.881
0.00366307 8183.764
0.004484104 8447.308
0.001464239 8266.567
0.004184584 8412.617
0.002249758 8858.14
0.001669226 8158.935
0.001856276 8395.852
0.009846094 9045.78
0.006370392 9410.027
0.01735303 9528.511
0.0079248 10080.31
0.02295893 10059.47
0.01030092 11246.69
0.004272969 11206.61
0.003842233 11819.12
0.01051027 12429.18
0.006667016 11404.71
0.01566741 10889.33
0.03038333 11429.29
0.01971305 11854.4
0.01099474 11850.52
0.006896721 11890.57
0.007286792 11731.25
0.01210748 11534.44
0.01652237 12167.81
0.0008700518 11919.33
0.008115653 12822.59
0.007827159 13590.41
0.006532887 13536.69
0.007590325 14004.81
0.005941541 14136.39
0.002506369 15273.71
0.005058689 15327.52
0.005083077 15263.03
0.004675683 14458.84
0.002207128 14462.9
0.00212384 13200.39
0.001895021 12638.92
0.005742888 12053.59
0.006490126 12258.42
0.002548806 11772.75
0.002688591 11984.46
0.006263589 12595.69
0.00176693 12557.97
0.002391403 12247.67
0.005324988 12154.08
0.004904183 12630.06
0.001979811 12032.33
0.006804489 12252.36
0.002597965 12142.29
0.0002947376 12146.97
0.003349726 11713.88
0.005000344 11881.75
0.01121752 12384.69
0.008815528 11686.21
0.003299719 11450.37
0.01580274 11327.31
0.002007655 11154.23
0.004898488 10781.29
0.002915812 11409.99
0.003473255 11406.46
0.003857921 11774.75
0.003269252 10710.59
0.0009427828 11248.54
0.00374776 11826.2
0.004363313 11216.44
0.006775269 11127.52
0.02074775 11203.67
0.0099602 10798.55
0.01264491 11104.23
0.01566965 10107.92
0.0181724 9910.461
0.006742703 9874.268
0.009764905 9690.249
0.007053787 9655.251
0.005749509 9525.116
0.004119256 9716.93
0.01370132 10568.29
0.01337338 9766.607
0.02141014 9044.52
0.007292949 8696.417
0.004205859 8111.065
0.004177291 7884.682
0.02022878 7823.533
0.01909054 7968.153
0.01266922 8300.535
0.01783865 8504.091
0.02317372 8282.883
0.02752996 8902.861
0.03903205 8884.756
0.02150126 8418.166
0.009276677 7959.589
0.006730368 8505.114
0.01721724 8292.499
0.003532122 7942.07
0.006228593 8192.126
0.001862225 8006.317
0.007083913 7709.421
0.01443108 7041.782
0.003240559 7315.9
0.004676905 7271.396
0.01640419 7124.86
0.01654949 7462.473
0.0131818 7769.15
0.005881082 7600.797
0.01083957 6856.323
0.00824061 6844.649
0.006862914 6854.637
0.004473469 6904.522
0.005497696 6819.915
0.006619518 6344.228
0.001642186 5687.045
0.007565948 5355.24
0.01432333 5354.152
0.01018679 4975.122
0.002670215 4780.938
0.006124253 4477.592
0.001149519 4776.37
0.003339163 4542.334
0.004705279 4048.454
0.006677774 3999.693
0.01116024 3797.911
0.02207553 3507.043
0.01452353 3592.415
0.007623753 3477.615
0.007375485 3718.574
0.01484882 3806.888
0.005877005 3667.776
0.0003171932 3718.669
0.001766551 3547.961
0.01271367 3671.977
0.008425054 3523.337
0.00302372 3493.549
0.001401694 3433.585
0.0051764 3559.274
0.004444418 3344.112
0.01348213 3272.889
0.01522135 3053.927
0.009777528 3078.852
0.01646597 3030.703
0.02778789 3095.144
0.02334965 3163.648
0.02238935 3013.469
0.01905824 3373.315
0.01451381 3425.192
0.01538147 3278.138
0.01454672 3518.343
0.01219094 3537.703
0.01128157 3785.76
0.01243772 3753.957
0.0103126 3588.938
0.0125698 3631.737
0.01143525 3383.036
0.01768993 3456.499
0.01688766 3301.023
0.02477208 3206.382
0.02370465 3166.493
0.01988619 3361.974
0.03010839 3439.388
0.01716775 3520.753
0.02000755 3662.402
0.01234155 3399.231
0.002725381 3289.096
0.01062999 3322.94
0.02238018 3276.408
0.009118393 3458.659
0.01178305 3341.109
0.0188115 3296.978
0.02962829 3232.096
0.0294782 3035.954
0.02461084 3334.84
0.02351752 3295.971
0.01930745 3130.287
0.01281297 3329.644
0.01356127 3201.446
0.03550362 3224.637
0.0384261 3340.361
0.05675966 3264.997
0.04046342 3496.136
0.02396088 3764.051
0.02019601 3633.301
0.02240705 3543.308
0.02064367 3398.288
0.02401877 3263.951
0.01755612 3362.686
0.03728339 3494.556
0.02918671 3430.008
0.0268704 3176.499
0.02829248 3178.589
0.02142695 3182.36
0.03117715 3072.6
0.0269698 3107.543
0.02132143 3303.293
0.02570008 3230.592
0.03334082 3118.697
0.03847342 3086.727
0.03889612 3172.44
0.0333622 3284.871
0.04664842 3586.412
0.01471802 3876.202
0.005844949 3572.597
0.01768717 3433.345
0.008111817 3397.244
0.01605602 3309.775
0.02213905 3482.196
0.003424912 3460.679
0.01637499 3143.962
0.01650105 3133.153
0.0413156 3134.757
0.03127 2728.936
0.04825436 2761.498
0.03449122 2751.823
0.02839695 2673.49
0.02450386 2617.107
0.03402443 2404.94
0.04618814 2238.562
0.05415807 2254.73
0.02661887 2240.041
0.02201934 2217.922
0.02510087 2243.69
0.01571826 2265.998
0.02113909 2227.702
0.01738338 2217.976
0.01116934 2044.793
0.002956911 1990.616
0.0009014235 2002.015
0.001572647 1979.953
0.006752558 1916.872
0.005643031 1992.152
0.00247233 2105.406
0.003356538 2100.748
0.0230755 2100.946
0.02341475 1985.395
0.03007116 2080.707
0.02740973 2063.691
0.01629717 2077.254
0.01683626 2015.781
0.01452531 2071.078
0.01879081 1949.884
0.01999556 2005.467
0.02709844 1836.226
0.03736809 1699.6
0.07647213 1704.478
0.09219365 1526.389
0.1028769 1519.927
0.1048952 1420.805
0.05557508 1460.093
0.05270811 1368.147
0.03589295 1322.33
0.04841339 1325.603
0.03166173 1335.891
0.04013764 1333.739
0.03280371 1345.61
0.009291237 1341.165
0.005345429 1385.986
0.0009319526 1548.349
0.01319613 1527.407
0.032575 1649.875
0.02174224 1444.18
0.03806562 1393.944
0.02738121 1449.904
0.02282744 1429.989
0.02483329 1449.384
0.03634167 1449.194
0.04862535 1444.253
0.04284118 1500.647
0.05144958 1613.422
0.05807415 1564.666
0.09827785 1392.162
0.08807709 1452.373
0.07079242 1409.985
0.05385399 1353.047
0.05576783 1265.813
0.02998471 1394.926
0.03232677 1388.044
0.04064441 1386.287
0.04664791 1408.569
0.03614019 1365.595
0.06726503 1321.137
0.06553115 1301.099
0.06662293 1307.895
0.0389513 1332.436
0.03803172 1442.82
0.04925625 1459.068
0.01349042 1501.58
0.01926687 1504.634
0.03014935 1612.115
0.02594936 1673.24
0.02180104 1659.861
0.01605757 1630.47
0.02300892 1701.758
0.01773978 1806.4
0.02260062 1798.341
0.0271211 1908.864
0.01734105 1773.931
0.02706067 1684.742
0.03671407 1596.837
0.02240013 1541.861
0.02767036 1611.389
0.0177741 1447.82
0.002452474 1546.14
0.007960497 1593.256
0.003151865 1568.58
0.004295136 1520.031
0.003224726 1523.688
0.009358417 1478.534
0.02961802 1506.186
0.0305012 1545.36
0.03559374 1527.309
0.0421152 1423.465
0.03357836 1390.742
0.0163157 1516.971
0.006067174 1529.014
0.007968582 1442.003
0.008471195 1386.976
0.01272281 1500.726
0.01157508 1439.231
0.009305523 1532.868
0.008880593 1547.642
0.008668452 1645.797
0.0104378 1651.219
0.008236338 1599.307
0.01302207 1580.236
0.01695619 1619.636
0.01959183 1636.707
0.02233693 1615.966
0.01860247 1617.539
0.01742471 1709.21
0.01276007 1540.933
0.03610007 1563.875
0.01212494 1721.364
0.0006684064 1682.854
0.004751946 1711.106
0.004916964 1682.923
0.0009087964 1611.637
0.006352261 1527.752
0.010411 1523.498
0.008207502 1475.516
0.01753929 1514.949
0.0133304 1480.854
0.02471128 1501.746
0.01142654 1533.97
0.01058501 1598.944
0.008695512 1585.43
0.01592742 1531.967
0.01233994 1543.469
0.005253438 1538.64
0.006247267 1514.215
0.005727864 1420.382
0.003552096 1424.43
0.007560827 1415.258
0.01077688 1415.145
0.005072969 1404.962
0.01826136 1350.949
0.01339071 1411.658
0.02631682 1464.05
0.02918285 1444.936
0.03093193 1499.701
0.009916956 1474.032
0.01699178 1454.253
0.0209868 1452.769
0.0199552 1538.008
0.04640326 1472.389
0.06828642 1288.677
0.04082698 1293.443
0.03504349 1287.18
0.0429519 1290.772
0.06560357 1290.269
0.06455494 1374.441
0.05437834 1458.857
0.03590229 1501.502
0.01241706 1557.738
0.01643711 1665.057
0.02770118 1595.461
0.01595184 1574.697
0.02388892 1638.894
0.02885859 1795.98
0.008434569 1703.789
0.01098996 1693.928
0.005308464 1648.835
0.01431311 1586.577
0.01431202 1497.624
0.00859716 1481.59
0.01524409 1457.088
0.01250873 1432.837
0.008509234 1344.298
0.01314882 1490.134
0.009480356 1443.737
0.0354716 1391.266
0.02428634 1336.077
0.01730311 1421.616
0.01524612 1448.121
0.006085897 1389.49
0.00726289 1393.663
0.02922839 1355.812
0.01703585 1431.317
0.03261256 1415.548
0.03247227 1331.96
0.0533712 1428.9
0.04090096 1462.393
0.06072405 1496.441
0.03771014 1401.218
0.04711214 1438.073
0.03390228 1307.957
0.03882664 1352.74
0.0207604 1398.503
0.04149568 1284.021
0.0611953 1337.731
0.07936944 1353.735
0.09993973 1356.727
0.07041707 1267.77
0.03714066 1220.933
0.02406472 1191.939
0.04050288 1142.281
0.0327726 1171.465
0.0524578 1182.798
0.07711202 1230.095
0.09356853 1242.659
0.1183103 1231.991
0.1094556 1277.681
0.09517917 1279.646
0.084031 1299.757
0.05835584 1233.487
0.05462216 1313.06
0.05874725 1316.474
0.03400914 1326.573
0.03099113 1361.308
0.02128257 1342.771
0.01489758 1445.86
0.009514693 1403.182
0.00247702 1363.039
0.006466858 1309.504
0.0101139 1288.599
0.02100314 1319.285
0.02301221 1390.453
0.02905619 1470.413
0.05084842 1431.422
0.04894201 1513.623
0.06889241 1441.401
0.0479047 1320.514
0.03514304 1458.069
0.0493348 1430.84
0.04563801 1368.238
0.07581455 1292.627
0.07552814 1219.497
0.08226571 1215.508
0.09314379 1241.131
0.1072886 1288.507
0.126491 1204.249
0.09547311 1279.542
0.07965374 1363.025
0.1590006 1517.802
0.1053254 1473.237
0.1224286 1542.319
0.105931 1615.997
0.09468965 1592.023
0.02661353 1717.465
0.02405749 1692.202
0.03375149 1548.527
0.01187439 1484.231
0.01528073 1509.095
0.02603955 1579.057
0.01712658 1624.978
0.02678283 1671.683
0.03022731 1653.97
0.01876438 1672.823
0.00708841 1656.488
0.003841148 1831.096
0.0005834474 1902.49
0.005610554 1870.897
0.008522555 1918.095
0.003853325 1749.274
0.009543204 1907.578
0.007435461 2146.745
0.002446304 2115.263
0.005238852 2094.615
0.01257816 2077.074
0.02340782 2037.624
0.01722448 2152.244
0.01690819 2194.219
0.03321362 1997.951
0.02158032 1954.494
0.04097273 2171.804
0.03296282 2018.926
0.04367785 2083.271
0.03441256 2156.981
0.01600761 2122.941
0.00706871 2086.472
0.01620213 2102.415
0.03776792 2297.534
0.04452766 2157.002
0.04074415 2274.706
0.04574466 2186.861
0.04895264 2214.487
0.02596156 2289.272
0.0323969 2141.964
0.01698734 2013.806
0.0251925 1856.989
0.0176195 1850.716
0.02326131 1874.826
0.03114876 1853.179
0.02894001 1813.853
0.01776684 1830.853
0.03345575 1765.393
0.05329135 1856.882
0.02569587 1983.952
0.04465583 2042.471
0.05926197 2013.793
0.02941342 2285.432
0.05600187 2278.486
0.03910593 2136.904
0.0308378 2144.46
0.02934793 2158.614
0.04080365 2242.729
0.02020611 2357.546
0.01365782 2350.236
0.003684785 2315.028
0.005296193 2238.118
0.003209024 2182.869
0.005616034 2175.132
0.005695175 2171.537
0.002012785 2093.458
0.006196027 2184.73
0.02433891 2213.729
0.02473925 2180.611
0.02841974 2167.061
0.01994777 2161.747
0.009581858 2177.062
0.02279552 2223.013
0.01622728 2206.188
0.01603069 2265.68
0.008474662 2220.173
0.006386107 2371.534
0.002887692 2337.004
0.01244042 2316.056
0.009467542 2256.315
0.01537515 2335.375
0.02334874 2401.372
0.01400446 2220.383
0.01182876 2327.715
0.009149875 2342.03
0.008394267 2481.148
0.0002239458 2465.753
0.006271706 2502.598
0.01142985 2644.13
0.01072301 2767.501
0.006732046 2914.859
0.01319318 2721.03
0.01558917 2641.57
0.01353786 2749.172
0.02380879 2780.392
0.01689465 2977.715
0.02570678 3051.044
0.02641712 3156.793
0.01869973 2913.117
0.02238356 3265.207
0.0175855 3089.731
0.01283404 3020.152
0.01010274 3012.185
0.0130749 3001.593
0.005016793 3135.268
0.008171853 3176.468
0.01518484 3109.971
0.01104709 3065.83
0.004462265 3000.528
0.003119289 3120.854
0.007798358 3342.463
0.02051301 3447.199
0.01918985 3498.334
0.02970899 3411.427
0.03768876 3290.943
0.04142859 2998.044
0.02711618 3054.383
0.02886007 3190.819
0.03708773 3482.987
0.04253818 3284.554
0.03843512 3230.731
0.03452214 3237.931
0.01629023 3275.129
0.01195916 3357.889
0.01012326 3273.218
0.005108103 3140.561
0.01934423 2998.649
0.01064214 2984.744
0.01082962 3094.486
0.007521617 2917.997
0.0109659 3071.971
0.009502992 3095.14
0.02325065 3331.314
0.01287463 3381.333
0.01754008 3280.435
0.005731237 3131.573
0.02968155 3171.813
0.03044136 3139.486
0.03391792 3266.635
0.0384346 3424.973
0.01008486 3434.146
0.005225884 3404.056
0.00347473 3745.918
0.001194801 3773.138
0.001903174 3630.11
0.004826662 3492.748
0.005341621 3698.003
0.01175522 4030.822
0.003993451 4068.28
0.005021189 4308.816
0.003398493 4305.893
0.007080795 4182.453
0.007801861 4566.597
0.003709027 4432.318
0.01344732 4702.033
0.007051481 4654.336
0.007848195 4759.137
0.002135896 4404.766
0.003073742 4394.607
0.01009825 4244.084
0.008673023 4340.634
0.01073341 4801.844
0.003887357 4723.804
0.01070607 5156.99
0.03079702 5210.223
0.03166007 5191.582
0.03884748 5617.816
0.03659955 5605.223
0.04502661 5388.683
0.07438026 5246.717
0.05137622 5384.334
0.0380571 5363.015
0.01620899 5026.048
0.01018948 5167.737
0.003611985 5345.368
0.004962545 5482.897
0.009645939 5339.36
0.004223734 5454.173
0.01350746 5801.275
0.01151564 5963.784
0.01091985 5976.471
0.004261434 6253.016
0.001898886 6199.003
0.001331461 5871.568
0.007235608 6410.278
0.006178539 6113.969
0.002712008 6190.543
0.003619117 6243.01
0.0005060928 5887.592
0.002234723 5995.11
0.0005674428 6001.463
0.004960282 6338.263
0.003632982 7317.812
0.004835529 7604.62
0.01299565 7836.737
0.004735208 8151.022
0.01574837 7941.414
0.004614599 7450.442
0.002423373 7735.614
0.009239233 7929.4
0.01570943 7935.64
0.02922954 8024.03
0.01702759 8259.066
0.01515286 8504.091
0.02477024 8102.918
0.03045897 8475.223
0.02252975 8194.457
0.02686355 8359.694
0.01116012 8560.685
0.001782237 8994.37
0.001326254 9177.359
0.0008660666 9975.112
0.01546281 9568.462
0.01953705 9018.63
0.02771523 8308.983
0.01572743 7970.501
0.0234183 7713.53
0.01530166 7562.362
0.00745611 7309.169
0.02848791 6499.036
0.04064435 6714.754
0.02364771 6461.194
0.02502857 6892.819
0.01549935 6397.834
0.004307467 6378.682
0.004158188 6187.322
0.0007876719 6717.993
0.003814082 6167.079
0.004566699 6082.068
0.007764699 6416.078
0.005838078 6847.719
0.01247859 7617.713
0.01490882 7940.21
0.01719346 7804.993
0.01340699 7742.089
0.02144044 7779.133
0.01190676 7680.341
0.01576095 8087.94
0.01151205 8378.181
0.007140372 9924.078
0.01118195 9652.212
0.003213374 10385.41
0.006507886 10491.91
0.004211119 10826.04
0.005687476 10944.79
0.0009427577 9926.602
0.005508008 10296.67
0.002430244 10223.74
0.0002247653 10385.78
0.002373834 10001.8
0.003023025 9648.379
0.007022472 10276.89
0.01604905 10222.3
0.01071304 10178.73
0.006038952 10596.24
0.009294077 10501.37
0.01499357 11373.96
0.007495019 11970.35
0.003610849 11905.84
0.004345995 12145.52
0.001619512 12289.8
0.002899165 11766.63
0.00538903 11863.83
0.002894563 12082.03
0.002082291 12587.1
0.0003043716 13616.01
0.004983561 12461.43
0.00465573 12765.68
0.002946474 12831.1
0.004314179 12360.42
0.002366644 12475.55
0.01221399 12271.06
0.009177291 12883.24
0.01947843 12828.82
0.01785008 12847.86
0.007767628 13235.49
0.01844628 12714.48
0.01245864 13432.36
0.008638121 13240.25
0.00351429 13019.96
0.001472485 11631.24
0.009177589 12514.44
0.01151669 12372.93
0.02800945 12234.02
0.02882343 11179.99
0.03019514 11537.01
0.03574068 11062.01
0.0235348 12145.64
0.01417557 11966.86
0.005014675 11764.27
0.002380401 11516.38
0.003046266 11197.67
0.01547313 10942.81
0.01053136 11597.49
0.01303106 11188.11
0.004333581 11636.47
0.0009501538 11859.02
0.005895447 12315.33
0.004106376 11421.69
0.01620265 11660.93
0.02731363 11791.78
0.03202907 11243.87
0.04301467 11608.27
0.01797356 11383.45
0.003865036 11316.9
0.00889406 11624.75
0.008029449 12764.14
0.01154888 12777.81
0.01751493 12511.02
0.01153835 11451.41
0.007198533 11234.49
0.002807421 11948.31
0.002787451 11430.49
0.002556986 11417.1
0.003690196 11118.42
0.007589719 10599.49
0.01911165 10350.07
0.02762681 9755.279
0.01668087 9467.676
0.01514992 9401.455
0.02379225 9693.033
0.01680824 8875.945
0.01909769 9006.201
0.02361868 9762.354
0.01589377 9652.403
0.0166537 10044.69
0.004905526 9560.401
0.008316886 10435.75
0.00391034 10146.19
0.01205406 10384.85
0.009440057 10255.88
0.008749056 11172.94
0.0114746 12192.52
0.003189484 12030.65
0.01168876 12853.3
0.0131533 12708.09
0.007020195 13806.1
0.002726342 15244.57
0.01419816 15810.4
0.008364936 15933.61
0.01350722 15529.11
0.00295989 15183.93
0.004236614 16872.94
0.003107634 16775.55
0.007541714 18607.58
0.01163314 16638.67
0.01344294 17624.61
0.009681432 18598.45
0.01037173 19039.94
0.02179016 18344.44
0.005487981 17833.98
0.00273162 17021.17
0.006160775 16530.44
0.008490223 16394.87
0.005876141 16794.07
0.001534369 16430.42
0.005119313 15740.34
0.007278662 15552.65
0.004692215 14725.12
0.003504967 14781.09
0.003432763 14737.92
0.005191688 16012.59
0.001738975 16224.57
0.008383439 16221.3
0.001306868 17020.22
0.003289312 17248.2
0.005944914 17209.4
0.009498545 17352.47
0.009437357 17129.31
0.002435715 16297.05
0.002391169 15338.77
0.003488728 15008.13
0.002152448 14537.92
0.006614441 14346.93
0.004811986 15344.37
0.0004017564 14840.19
0.000609362 14608.41
0.0005236045 14544.09
0.005952939 14595.07
0.00803603 15254.56
0.000693468 14513.97
0.0005008559 15073.98
0.0004923195 15713.47
0.005840533 16289.39
0.004382376 16458.23
0.0003927904 15819.74
0.004955423 16097.72
0.003309063 15492.27
0.001885953 17110.32
0.002184404 16832.37
0.0006110194 15813.93
0.0007402607 15619.72
0.002248032 16323.2
0.008207709 16059.44
0.005646294 15119.59
0.008176249 15166.87
0.0110748 14769.05
0.01929169 13595.97
0.01084893 13920.32
0.004407988 14475.79
0.001827975 13932.09
0.0005411715 14724.99
0.001393772 13760.67
0.002852672 13900.03
0.004179838 13827.87
0.01052649 14088.05
0.004253019 13993.1
0.002183518 14310.75
0.004997177 14264.27
0.003967151 14419.39
0.0009679172 13437.99
0.004357852 13370.06
0.004082347 14083.28
0.004902715 13997.78
0.0007985971 14554.2
0.001955446 15155.94
0.00881019 15398.89
0.003423342 15992.24
0.003547229 17357.17
0.005179786 18775.86
0.001680745 18326.26
0.00285974 17640.24
0.008136885 16418.76
0.007774792 15985.05
0.005538741 15899.77
0.001261026 14476.25
0.000333374 14347.88
0.0006919126 13627.82
0.001332873 14111.42
0.003678704 14297.87
0.0009909829 14401.88
0.005098337 13580.23
0.0009603677 13437.94
0.006071951 13731.22
0.003022353 13380.92
0.002866721 14287.23
0.01058202 13733.7
0.006109089 13648.82
0.004953349 13014
0.003272434 12673.11
0.01193819 12543.97
0.001020107 11867.23
0.007057002 12459.09
0.006998378 12940.51
0.002356364 13301.12
0.003261975 13224.49
0.0007801829 13618.54
0.003160795 13735.57
0.005675354 16473.54
0.0008760534 16965.42
0.00324433 17130.66
0.01089921 17806.83
0.00302041 16349.03
0.01006436 16272.57
0.003452404 16549.76
0.00173164 16697.67
0.0007624755 17977.46
0.001698881 19121.19
0.0008246618 18356.3
0.00139579 18944.87
0.00229574 19783.34
0.01347889 20165.14
0.02009933 20966.69
0.006602843 19972.03
0.008383322 19105.92
0.01171062 19183.12
0.003550093 18412.09
0.005210249 18541.48
0.001883438 18264
0.01295909 17665.89
0.01697446 17515.08
0.008514468 19838.6
0.007396491 19001.52
0.01349975 20344.63
0.01073529 19593.1
0.0102711 19928.09
0.00798431 19559.51
0.007407849 19953.9
0.01130858 21319.37
0.02393989 22200.66
0.004547714 20557.47
0.0005866194 19886.09
0.007600889 20826.79
0.01013052 20017.8
0.01050828 19921.14
0.007143466 20721.01
0.00735558 20476.71
0.009791793 19658.16
0.012379 20603.77
0.01179312 21177.59
0.007707251 20304.57
0.008394031 20653.94
0.01166361 19543.17
0.01218581 19919.7
0.00598394 18789.05
0.00580152 18076.06
0.004476746 19261.03
0.005460866 20157.07
0.003585189 19995.02
0.006079506 18685.41
0.005825382 18257.94
0.007901933 19071.82
0.007983529 17498.81
0.007987794 17374.87
0.01819849 17605.43
0.01009387 17500.81
0.01241733 17323.05
0.01696105 17313.47
0.01191203 17042.34
0.007614234 16916.58
0.00215309 17375.45
0.0009428442 17433.91
0.0006024805 18374.32
0.0002756361 17680.85
0.00110218 17933.41
0.001277355 19293.84
0.0006926311 19541.88
0.007221269 18623.39
0.006240382 19381.99
0.001211712 19354.41
0.003184458 18814.58
0.002243715 18209.47
0.0001919029 17953.38
0.006803739 18414.94
0.007523596 19530.72
0.006409591 17629.78
0.007513345 18230.43
0.006099752 18553.68
0.003929077 17307.22
0.005842782 16758.09
0.01066526 17056.65
0.007793353 18590.57
0.0006111404 18756.34
0.003220018 19672.11
0.003691587 19021.22
4.067944e-06 18006.28
0.002048543 18690.58
0.003677719 19535.75
0.0009867173 21720.54
0.002202877 22960.62
0.002523258 24493.58
0.003282635 23210.55
0.002119336 22409.71
0.002395847 21945.19
0.004422643 21377.83
0.0001939148 22621.92
0.001531333 23486.17
0.004553795 25557.4
0.001314234 25932.77
0.00291706 25440.3
0.0003442953 24781.41
0.0004687892 26726.41
0.003345565 26296.11
0.001249052 26239.06
0.001379248 27907.47
0.003550777 28012.31
0.01127066 27476.41
0.001985723 28149.34
0.0006221963 26987.5
0.003371095 26639.49
0.004341762 26587.28
0.001481381 24915.6
0.0008714636 24515.73
0.001601846 23573.3
0.001317625 24296.44
0.001891492 25711.57
0.002347652 27707.71
0.009123016 28192.83
0.004740335 27538.51
0.003994552 27190.12
0.00255702 27906.82
0.001487215 27201.89
0.003493086 27661.41
0.003541045 26778.44
0.003880453 28722.34
0.002093863 28152.48
0.004750821 28705.5
0.004210085 28119.82
0.004633474 27680.5
0.003080393 26710.14
0.002771074 26502.22
0.001804564 26686.21
0.004648604 25747.52
0.003181508 26050.77
0.00295012 29263.21
0.001317877 29073.63
0.003880022 28933.53
0.003663363 28420.33
0.006019259 29266.12
0.009852966 31278.75
0.002194153 28829.28
0.001675709 29271.07
0.005239108 29353.61
0.003810689 29672.23
0.005824548 27568.27
0.002258263 30784.37
0.001323836 30481.92
0.003205863 29087.43
0.00918512 27492.39
0.009243322 24808.78
0.0220421 24734.95
0.02090753 26720.54
0.01170022 26155.43
0.002192648 26597.18
0.003665697 26311.87
0.001064701 26114.98
0.001096957 25895.1
0.0004812723 24975.22
0.002182576 24922.16
0.002307491 24804.43
0.0007953627 24349.18
0.005793568 24418.61
0.001440422 26204.54
0.00163571 24571.62
0.005915576 23214.22
0.001298189 23501
0.001757384 22845.51
0.01866736 21976.91
0.01948988 21636.04
0.01125308 19909.39
0.003574632 20386.17
0.005381367 20520.35
0.001219586 21619.84
0.005915226 22847.99
0.002255296 21707.33
0.009686084 20125.82
0.00210283 20748.19
0.00384124 20211.24
0.0004783451 20047.71
0.006139315 20941.79
0.0002150889 22696.09
0.004417869 22513.32
0.002109696 21815.76
0.001561394 22306.78
0.001171257 22987.19
0.007551016 22183.99
0.001789543 21994.42
0.001024405 23748.69
0.001111712 23426.09
0.003142397 24843.68
0.00755638 25451.19
0.000362514 28040.17
0.002385885 27609.74
0.002439355 29459.85
0.001769383 27935.6
0.0007181503 27186.31
0.0039988 26534.79
0.005247357 28747.1
0.003772708 30399.81
0.009624027 32109.07
0.007061746 32096.74
0.0004079984 35361.54
0.0008605299 35612.67
0.0008844328 35184.83
0.002846605 34671.96
0.006375986 36737.21
0.004173107 38597.69
0.001419376 38946.92
0.004377087 36070.71
0.001997282 37282.22
0.0002967948 35750.54
0.0006594323 35825.11
0.00230577 35296.78
0.004660979 34567.33
0.002073063 35852.49
6.774487e-05 35992.62
0.002818931 36986.19
0.001290493 38900.08
0.002360381 39504.93
0.0003827869 40040.69
0.003876698 37211.51
0.002464947 39209.24
0.003136832 39990.97
0.00739514 40192.1
0.01046027 38343.59
0.00804598 39102.99
0.001727837 39394.7
0.004110148 40041.6
0.0006683716 41690.24
0.0004389856 37406.89
0.001806849 36509.85
0.001849997 36907.56
0.009125491 36013.55
0.006669492 35698.65
0.002631286 37711.04
0.002526219 36139.35
0.004603243 35545.9
0.014279 36242.45
0.00158737 36841.44
0.001920283 39283.74
0.003719656 35787.35
0.001815441 33207.78
0.002869058 32554.84
0.004733342 34332.01
0.003245738 33202.29
0.004481642 32499.11
0.007661836 32727.86
0.01300073 30417.57
0.01244491 32827.71
0.009363919 33279.53
0.0004336463 35108.44
0.0008697017 34272.11
0.004373482 36056.24
0.001497245 37653.8
0.009129896 36041.62
0.003254864 35572.75
0.002674294 33568.45
0.0008388866 32019.48
0.005135049 33597.57
0.006323106 34508.46
0.008466548 33261.93
0.004026627 34264.21
0.0029222 37220.94
0.002151508 37331.7
0.0009914726 33856.14
0.0007422542 33958.05
0.005334205 33769.1
0.0005111994 32369.57
0.006068538 33258.8
0.01245663 32733.87
0.006820642 32225.79
0.001719792 31978.83
0.001858424 32355.49
0.003921749 33335.2
0.002534867 34917.18
0.00746311 34715.05
0.008783795 35383.24
0.00135653 35684.61
0.002027847 37007.57
0.004823088 37969.43
0.007318113 36921.74
0.005113512 37842.51
0.001852971 35960.37
0.001813115 37518.02
0.002021597 35851.77
0.005449248 39058.29
0.005045855 39821.88
0.005872263 38007.55
0.003242729 38735.21
0.001050443 38757.11
8.153593e-06 38442.07
0.002122146 36778.41
0.006290535 35560.13
0.002603517 36574.11
0.001279152 35114.21
0.002756946 34452.94
0.002212124 34993.59
0.0006662301 32642.76
0.001884296 34886.65
0.004307459 33684.57
0.003106619 34823.52
0.0003513191 35976.74
0.002808101 36974.36
0.002386356 39274.47
0.0003925098 38552.75
0.007037709 40619.82
0.0086926 40321.36
0.00496732 42333.52
0.002971588 45738.03
0.006137062 47357.72
0.001090917 45831.23
0.002119394 44258.93
0.002150422 44026.56
0.001569904 44642.79
0.005275849 43637.17
0.006382475 41802.72
0.002037079 41993.08
0.001365535 39888.95
0.006424509 40095.43
0.00084211 39172.84
0.003863877 37041.7
0.007306437 36044.35
0.004292387 34827.93
0.003814732 33731.79
0.0007242961 34786.65
0.002708082 33953.52
0.002331962 36226.8
0.003105574 35027.38
0.0003521466 34601.1
0.004146915 35198.2
0.002724901 33876.62
0.001687342 35545.63
0.01195814 34170.87
0.002497995 35514.71
0.0008564239 34660.29
0.0005571235 34691.93
0.003925233 34338.78
0.006625736 33309.63
0.009098919 32734.37
0.003595719 33819.05
0.0006836799 33802.11
0.002920348 34508
0.002172547 34039.97
0.007010896 35698.19
0.002945881 33215.7
0.006558792 30539
0.0009066812 32352.62
0.002118104 31276.31
0.00902421 31613.64
0.000840054 28650.61
0.00246675 25705.13
0.02232422 25226.07
0.00635037 26202.37
0.009577187 27828.13
0.01215399 25562.74
0.002758776 25379.9
0.003286313 25763.15
0.003596707 25214.93
0.002935916 24176.43
0.001519658 24444.73
0.003443993 22929.98
0.004342215 23603.66
0.001732679 24280.75
0.0009097376 24577.19
0.00153301 23531.53
0.005121087 22777.49
0.004320136 22942.42
0.001251835 22907.22
0.002607044 22537.44
0.003413939 21930.53
0.0004747608 19965.78
0.002901812 21164.72
0.001300921 20921.44
0.009495243 20682.24
0.01248741 20113.3
0.009709543 18606.48
0.001530207 19430.79
0.004615253 19323.05
0.00906659 21635.52
0.004419296 21722.94
0.003900784 21023.75
0.001852296 20752.15
0.0007206276 22531.9
0.005404144 21149.28
0.005607744 20844.45
0.001938507 21192.79
0.004209902 21612.94
0.005729684 22002.76
0.01706655 20713.76
0.01395288 20367.5
0.0005473861 22721.52
0.001521406 21867.61
0.004866382 20961.02
0.006154333 20779.31
0.002853927 21220.61
0.0009202216 21821.09
0.006323192 21245.74
0.002220337 22013.64
0.007623003 21838.89
0.009452593 20885.44
0.006888725 20305.09
0.001891819 20099.43
0.00123231 19733.9
0.0005961478 19808.11
0.002548195 19345.19
0.004338579 19477.41
0.007106959 19101.68
0.007392196 18337.49
0.008047957 18921.5
0.0008067284 19022.63
0.005443735 20252.42
0.005209704 19216.34
0.009660359 17934.18
0.005433415 18404.76
0.002173297 17993.72
0.005354245 17371.58
0.001938946 17056.05
0.02363724 17877.92
0.01013335 17528.18
0.01404481 16653.36
0.02001813 16178.4
0.01401755 16448.05
0.006391518 15755.38
0.01077066 14629.27
0.005325584 15447.28
0.005469337 15524.59
0.006687154 15403.69
0.009856866 15734.81
0.00341924 16254.91
0.001399994 16034.14
0.002968284 18179.11
0.001024655 17618.1
0.006539335 17422.3
0.003382042 16970.92
0.005710533 16538.94
0.005509728 17102.54
0.002306398 17333.19
0.01190753 17839.71
0.008090463 17117.72
0.005277624 17607.04
0.002170295 16097.51
0.01038553 15369.53
0.009419959 14663.47
0.004631559 15243.8
0.002514886 16940.79
0.001012549 17567.96
0.007010914 17881.38
0.007262296 18460.09
0.001696202 18750.27
0.001278842 19032.38
0.001758742 21024.7
0.004524974 21424.8
0.002665394 20901.58
0.007176206 22160.31
0.00873062 21965.93
0.006356943 22461.3
0.01085318 22215.16
0.0189481 22807.27
0.007306874 23510.91
0.00378106 21506.78
0.0007075956 23256.17
0.003502513 23352.76
0.00577251 22524.32
0.00382434 23088.06
0.006828605 21837.5
0.004408554 20497.12
0.006849424 20151.94
0.002982499 21524.67
0.005750476 21731.12
0.003195027 22000.06
0.008155497 22631.16
0.002340193 21688.83
0.001949343 24195.52
0.0007701329 21870.28
0.004767511 24074.56
0.005870602 23172.14
0.001169983 24622.15
0.0006534389 22219
0.008496185 23571.86
0.0024603 23695.16
0.0006876981 23041.03
0.003387478 23830.07
0.003255466 23498.67
0.003000576 21161.24
0.003826308 21034.13
0.01290287 19536.92
0.01229945 20240.49
0.00456614 21633.84
0.01060426 21185.54
0.0007582738 21348.39
0.002742193 21998.4
0.007929097 20394.77
0.01435748 20776.2
0.003690484 21917.48
0.01017801 22192.28
0.001188917 22547.01
0.003217196 22343.4
0.0008429992 21656.7
0.006663906 21934.16
0.006048078 23204.56
0.001355419 22267.5
0.0004320513 22321.88
0.003989655 21856.26
0.009296864 19681.79
0.004530764 19719.47
0.003702012 20128.22
0.001905672 19758.62
0.003241518 20123.34
0.005671255 21012.91
0.01238357 22327.96
0.007382611 23992.42
0.01833947 23926.63
0.006899732 25190.09
0.0002929663 26815.19
0.0009180639 27053.61
0.006865373 27889.58
0.001670741 26008.59
0.003018654 24973.5
0.003492073 23139.07
0.01004236 23537
0.004154658 23491.86
0.003808862 23796.63
0.00764406 23384.98
0.007542658 22071.76
0.003737815 25142.97
0.0002067248 27794.02
0.004622849 27534.15
0.007782618 27893.67
0.00515215 28088.81
0.003040568 30562.22
0.003357367 29385.74
0.002206391 28206.45
0.001237948 27051.18
2.148489e-05 27181.59
0.001238888 25505.44
0.001091095 27979.83
0.002594706 27765.04
0.002745578 27042.53
0.01107308 26602.4
0.003625943 26337.89
0.01077857 27765.97
0.002108857 28655.1
0.005071466 29486.11
0.006248055 29294.31
0.005505287 27414.68
0.003888528 25319.91
0.006404089 27247.93
0.0008719576 29895
0.002241422 30397.47
0.006045643 29558.56
0.008280287 30220.99
0.005572113 30503.51
0.0002993926 31322.14
0.0006296319 31004.77
0.002503554 29424.01
0.005901143 28914.33
0.003035157 26271.23
0.002960235 27565.72
0.005194965 31132.67
0.002502064 31243.3
0.002042224 29814.46
0.006938425 29523.08
0.01034855 28597.26
0.00786338 28263.59
0.003573199 27691.65
0.001844134 26420.6
0.005498939 25283.33
0.001473695 25068.33
0.003543653 26230.65
0.004977556 25963.5
0.003165182 26673.28
0.002441167 24833.18
0.004187976 22648.18
0.002007465 22252.4
0.005206371 22591.09
0.001680766 22510.44
0.01506446 23848.03
0.01281371 23535.49
0.006873705 23099.14
0.001768495 23069.39
0.005250082 23761.15
0.00247278 25273.21
0.01288367 25134.39
0.005071663 23546.98
0.005065267 22034.39
0.0006827786 22154.15
0.0005928415 22208.87
0.005225986 23092.03
0.007653677 23690.71
0.002117815 22980.35
0.009057571 24389.47
0.001677568 25344.28
0.003644732 25377.69
0.001137648 26391.27
0.001875426 24694.64
0.000823328 24472.91
0.002051575 24323.01
0.001678909 24816.88
0.009501519 26223.99
0.01264742 26381.69
0.00695011 26581.39
0.006176655 24258.41
0.009546926 23763.46
0.006860742 21723.95
0.001408844 21472.11
0.0006869 21811.03
0.006461127 22071.94
0.004190796 22180.21
0.004118365 20803.79
0.006424419 20009.82
9.369684e-05 19383.72
0.00365247 19081.67
0.006473676 18918.68
0.006757339 17992.57
0.005899148 16558.32
0.006292859 14941.48
0.01183187 14496.97
0.01381429 14316.21
0.008615511 14515.5
0.00648465 13438.48
0.007654328 13448.55
0.004402157 13172.15
0.006373857 12993.56
0.009129366 12772.46
0.01751701 12469.47
0.01138804 13479.38
0.003214059 12773.66
0.003602716 12180.15
0.005208929 11941.65
0.009272415 11919.57
0.0005310938 13046.78
0.003705509 13746.56
0.01465299 13202.45
0.02019705 12463.43
0.006777969 12123.81
0.001353307 12652.61
0.003496921 12784.44
0.008819593 12707.68
0.01133012 13029.75
0.01106697 12578.21
0.001845056 13053.46
0.00236192 15826.11
0.00736981 15370.76
0.003985257 16349.93
0.002759873 15972.82
0.0009776502 16942.61
0.006908506 16632.23
0.00790723 16331.73
0.004643423 14474.39
0.001436075 14157.69
0.004125043 13773.04
0.00639697 14119
0.003561581 14609.12
0.005600157 14086.96
0.008283214 13247.14
0.01412064 12724.03
0.02592897 12726.34
0.009350592 14318.46
0.01463861 14561.77
0.00588192 14991.25
0.005647304 13311.3
0.01091801 13490.41
0.005588346 13141.53
0.001200372 12559.67
0.003709458 13095.15
0.007250236 12970.07
0.005325717 13478.13
0.01486752 14094.6
0.002746062 12722.4
0.01304925 12998.25
0.01677249 13087.8
0.004641756 13359.73
0.0002560272 13085
0.0006540786 12986.44
0.0001679531 12581.44
0.0007457522 12361.49
0.002865533 12367.29
0.0075329 11940.6
0.01018245 12606.06
0.003848548 12858.55
0.00668164 13477.33
0.0007515787 12304.71
0.001030819 12269.69
0.001930807 11674.98
0.002162376 12388.56
0.0006149604 13429.2
0.001918099 13914.37
0.008805612 14629.8
0.00249781 14979.25
0.001925055 14686.46
0.00632659 15538.17
0.008275137 14885.54
0.004633796 14098.62
0.000683659 14036.78
0.003228835 13497.42
0.001459843 12584.86
0.0003582207 13502.52
0.006595028 12505.77
0.02013135 12463.54
0.01728488 11525.23
0.007591197 10932.91
0.001462321 11677.73
0.004292297 11711.73
0.001235079 12542.62
0.003727243 12594.28
0.002074427 12638.36
0.005215721 12834.86
0.002134441 11646.08
0.002335387 11696.73
0.004772035 12140.14
0.01098984 12061.8
0.008893037 11712.42
0.005298485 10898.88
0.003378622 10640.72
0.009621447 10048.91
0.009567967 9700.986
0.006201148 8875.698
0.005374963 8734.417
8.899872e-05 8437.692
0.001648326 8432.816
0.003035652 8022.608
0.001413622 7984.033
0.007655513 8302.493
0.008123279 8628.978
0.005495096 8013.871
0.004563564 8685.648
0.005012781 9051.237
0.001326058 9177.284
0.0124406 8865.921
0.01351392 9183.302
0.007425976 8687.192
0.01183634 9200.157
0.01683597 8893.056
0.004984584 8772.546
0.01048865 8494.784
0.009609153 8934.979
0.001746588 8916.323
0.0007832074 8453.114
0.003651122 8102.839
0.009563339 7977.736
0.01328512 7489.272
0.0131893 7722.972
0.008168517 8162.896
0.004014695 7791.969
0.003173096 7126.74
0.001575657 6972.635
0.001343574 6966.605
0.001192662 7138.878
0.004750366 6746.657
0.01324154 6234.811
0.006325185 6527.932
0.007252983 5914.399
0.01752777 6174.854
0.01216829 6003.022
0.006595972 5495.393
0.004806883 5349.163
0.01185293 5323.227
0.01061741 5253.069
0.01077688 5177.78
0.02372898 5541.505
0.03121437 5621.858
0.01453213 5285.422
0.0145555 5178.392
0.01903657 5004.34
0.0207675 4882.514
0.01055781 4930.12
0.01089625 5177.169
0.01086685 5503.277
0.0138427 5303.617
0.0101719 5491.244
0.005520102 5596.359
0.01425903 5578.794
0.0024453 6034.893
0.0008315164 6313.243
0.002806276 6622.895
0.006091954 6312.197
0.006932564 6411.466
0.01143601 6527.419
0.003744867 6512.149
0.02207247 6527.268
0.009486267 6331.851
0.001371662 6155.587
0.006830836 6605.501
0.00976726 6401.396
0.0142631 6841.524
0.01294417 7208.674
0.01089119 6830.664
0.004776826 6716.713
0.004472003 6603.13
0.002007177 6869.729
0.008300869 6978.01
0.006927793 7340.715
0.005426917 7189.124
0.005511786 6650.581
0.01613564 6931.4
0.01993921 7404.494
0.02408231 7125.878
0.02327838 6409.448
0.01815584 6854.408
0.01799835 6336.532
0.0193309 6221.571
0.01725697 5955.069
0.01830882 5907.92
0.01482436 5777.766
0.01091553 5766.541
0.004613572 6416.263
0.003971323 6016.251
0.01227553 6284.062
0.008788597 6710.422
0.006665725 7072.733
0.00295513 7383.355
0.0002972998 7174.327
0.004015185 7454.603
0.00431358 7130.892
0.0004171153 6655.723
0.006136874 6821.802
0.00494779 6498.194
0.01562181 5927.898
0.01564856 5943.969
0.01909067 5687.707
0.01756654 5740.135
0.006727416 5571.944
0.008795138 5660.1
0.007514265 5384.373
0.002492071 5391.966
0.01150175 5163.911
0.003413843 5235.875
0.0004132784 5196.871
0.007703634 5547.883
0.02863141 5986.572
0.01419239 6023.916
0.003559222 6432.691
0.002561927 6086.467
0.008684179 5878.722
0.00284478 5773.107
0.009443028 6018.33
0.01128356 6295.355
0.00350584 6303.754
0.002624807 6353.909
0.0002425253 6434.55
0.007733633 6161.475
0.003867339 5958.261
0.005095678 5715.11
0.006777462 5706.206
0.00225925 5472.469
0.01011874 5934.236
0.01132099 5926.059
0.01240384 6005.577
0.02852068 6201.935
0.01921936 6357.374
0.01304373 6756.38
0.008209572 6483.307
0.002794019 6310.793
0.007707922 6024.629
0.01591184 5958.934
0.003189219 6072.642
0.0006361821 5557.195
0.004210279 4955.888
0.002565076 5179.512
0.00079849 5081.789
0.0002145511 5240.464
0.00184942 5165.336
0.0004930192 5232.202
0.006314107 5112.714
0.002249917 5354.61
0.005729117 5356.323
0.006013861 5321.762
0.007177437 5098.705
0.01388889 5187.239
0.01462959 5229.08
0.02074295 4960.256
0.01234897 5590.264
0.006350292 5596.06
0.01365957 5706.144
0.008879407 5597.033
0.01505372 6106.691
0.02354489 5754.276
0.01850688 5566.904
0.01925138 5520.319
0.01316446 5528.772
0.02211849 5641.624
0.00838456 5812.543
0.02082707 5615.609
0.01959387 5619.753
0.008846065 6025.998
0.01245001 6548.483
0.02439339 6547.494
0.0278264 6460.493
0.006710377 6581.731
0.01749866 6725.644
0.01831855 6531.379
0.01372392 6647.842
0.02465635 6870.034
0.03264861 6968.848
0.01169174 6571.38
0.002745312 6891.188
0.001643624 6758.989
0.006097715 6360.309
0.006362839 6158.14
0.00281521 6425.133
0.009286266 6675.066
0.01738818 6843.039
0.01444922 6969.512
0.004002456 7105.402
0.006821355 7163.21
0.01701433 7600.899
0.01132348 7330.308
0.01654768 7207.256
0.004402108 6954.128
0.009357004 7207.869
0.01136397 6694.245
0.01066853 6261.881
0.002283581 6280.932
0.005532451 6275.636
0.01205245 6053.093
0.01533989 6212.013
0.01361278 6755.006
0.01485201 6450.245
0.004031018 6021.114
0.003346698 5612.832
0.01906097 5533.638
0.01805732 5159.262
0.02010026 5369.835
0.01453478 5207.442
0.01886008 5191.005
0.01887157 5419.475
0.01186851 5628.039
0.01829755 5377.942
0.01272452 5310.369
0.001192234 5363.347
0.002828718 5690.364
0.004241146 5955.623
0.007254919 5631.259
0.007492885 5578.648
0.02043866 5340.73
0.006789401 4764.384
0.003108623 4863.492
0.003056853 5216.665
0.008060002 5152.698
0.003690881 4799.276
0.00293658 5094.923
0.00324154 5173.189
0.01601954 5272.134
0.009872634 5517.825
0.01907651 5477.834
0.0124279 5300.487
0.02332183 5095.378
0.02414245 5168.68
0.02430268 4801.388
0.02027313 5206.777
0.006094215 5369.211
0.009214015 5109.199
0.002978793 5420.783
0.01800943 5313.696
0.01205943 5288.082
0.009710799 4979.962
0.002467207 4897.509
0.001059236 4967.482
0.009009911 5035.822
0.0115196 4756.473
0.00886241 4840.721
0.005855112 4724.102
0.0009822495 4884.859
0.007262766 4499.713
0.006982035 4555.091
0.01336126 4238.712
0.007887226 4400.245
0.005515208 4523.222
0.006035142 4617.895
0.002593534 4619.582
0.003784214 4521.529
0.003456023 4738.455
0.004994095 4702.129
0.003280767 4615.45
0.007708682 4817.755
0.008362757 4589.57
0.01099456 4623.461
0.0139983 4394.461
0.01377117 4422.896
0.01670873 4465.029
0.02741716 4542.506
0.01253891 4667.152
0.014043 4864.67
0.02450531 4597.84
0.03329484 4533.001
0.01670019 4079.886
0.01137975 4268.734
0.01040969 4426.716
0.0191074 4771.564
0.01890663 5119.939
0.011561 4947.613
0.01662568 4725.417
0.007224511 4399.235
0.005483564 4288.979
0.004529425 4187.715
0.02708225 4364.537
0.02667472 4637.203
0.01022673 4385.218
0.005849241 4551.825
0.008694831 4670.825
0.0221766 4938
0.03728092 5059.976
0.03294563 5209.543
0.0519492 5314.963
0.03811763 5219.956
0.03332516 5202.345
0.01856887 5141.34
0.02633631 5486.995
0.00524535 5178.353
0.007423978 5251.31
0.002066624 5309.038
0.0005313345 5630.919
0.0007412545 5794.828
0.007847557 5697.629
0.008263129 5845.164
0.01933068 5806.647
0.008837384 5952.181
0.004094691 6338.217
0.00511405 5954.451
0.009909046 5812.158
0.01886443 5704.67
0.0319092 5904.999
0.03921221 5744.254
0.03000388 5520.038
0.02269242 5747.869
0.02461786 6357.094
0.02421463 6173.917
0.02128944 5840.522
0.02911956 5450.005
0.0311466 5536.912
0.03437379 5553.215
0.01923682 5582.211
0.01236198 5634.113
0.006620445 5310.779
0.03138883 5054.781
0.01254468 4746.267
0.01995496 4947.541
0.003828509 5452.497
0.002185121 5593.307
0.003036941 5959.352
0.005727903 5646.923
0.009568201 5642.548
0.0158503 5367.643
0.005170199 5169.792
0.002944091 4972.69
0.001296902 5224.961
0.003210481 5022.141
0.006647074 4670.087
0.003121593 4985.234
0.005475807 5144.206
0.001644865 5522.507
0.0005016464 5694.128
0.001103188 5702.021
0.009785201 5796.412
0.02200329 5389.067
0.01454211 4914.49
0.008851707 4921.595
0.001777696 4860.655
0.00456545 4991.254
0.008093477 5107.629
0.005247706 5828.919
0.001538255 5679.013
0.007375478 5531.389
0.005547274 5725.842
0.009786779 5626.69
0.0102435 5648.169
0.006742632 5908.665
0.009141972 5959.841
0.029749 5975.822
0.03070014 6027.907
0.01865176 5745.69
0.02682912 5931.135
0.03726099 6211.831
0.04307224 6214.6
0.04868007 6235.129
0.04364919 6507.568
0.06023075 6292.559
0.06208096 5795.061
0.04426786 5476.524
0.02396001 5427.722
0.02817759 5594.729
0.03922553 5702.333
0.04078139 5850.233
0.051135 5483.305
0.01996577 5588.222
0.04453844 5353.304
0.02038269 5174.323
0.02201891 5435.978
0.01827624 5516.77
0.02607682 5475.252
0.00998707 5009.547
0.01136994 4969.184
0.004362727 5082.646
0.01292328 5400.254
0.0205112 5494.963
0.01715819 5990.369
0.0300978 5998.965
0.02037314 5972.577
0.01294893 5952.951
0.01600428 6599.281
0.009550697 6730.546
0.005290123 6890.478
0.01238743 6976.832
0.01721639 6605.943
0.009022387 6555.445
0.001406883 6711.248
0.002102019 6533.829
0.005110775 6431.223
0.002374773 6359.83
0.005127507 6261.378
0.001912067 6301.454
0.00473949 6400.165
0.006469365 6529.559
0.01554822 6863.032
0.01724873 6957.833
0.007567947 7219.816
0.01880723 7245.419
0.01382548 7860.542
0.02930755 7702.413
0.027509 7610.642
0.008476004 7551.552
0.004811773 7516.792
0.0101895 7245.095
0.01245574 7321.113
0.01937083 7373.34
0.04280925 7535.475
0.03200889 8509.945
0.01195473 8455.411
0.01698706 8603.025
0.01859881 9075.869
0.0139808 9443.954
0.007337994 9438.523
0.001400658 9779.778
0.007557916 9407.047
0.01263777 9006.885
0.01336167 7986.513
0.006870212 8354.307
0.007795081 8205.431
0.01797026 8165.773
0.00701484 8105.418
0.007887516 8458.12
0.005719145 8398.066
0.001984498 8530.987
0.01908224 8525.969
0.03552496 8583.97
0.01783065 8193.888
0.005126667 8062.731
0.01145316 7869.403
0.01190609 8132.105
0.0117455 8197.403
0.01260457 8205.732
0.00491992 8111.033
0.002522642 8615.542
0.004003024 8368.578
0.001619908 7766.124
0.003924787 7604.519
0.0005841472 7673.008
0.0009985359 8171.009
0.002250205 7758.162
0.0001277923 7405.088
0.006223828 7540.629
0.004121189 8083.198
0.0005254694 7428.285
0.01159563 7315.234
0.006911791 6904.037
0.009851546 7916.281
0.01054983 7082.078
0.006211102 6783.643
0.002701909 6837.523
0.01360457 6749.199
0.01203833 6546.827
0.008136914 6639.426
0.004938995 6489.006
0.00374117 6804.076
0.00204757 6727.307
0.004137578 6475.028
0.006985961 6409.762
0.02822752 7019.936
0.02839588 7118.511
0.02664654 6850.989
0.02891561 6513.604
0.03530938 6586.648
0.02680731 6262.154
0.01457517 5949.622
0.0150833 5658.274
0.01758157 6056.293
0.02768102 6033.275
0.02566028 5510.5
0.01976491 5884.79
0.006799427 6222.57
0.01678184 5849.115
0.01992535 5919.323
0.01627152 6188.943
0.02289853 6621.709
0.01345181 6501.859
0.0189187 6147.329
0.007203805 6563.743
0.01392972 6689.967
0.01665764 6678.253
0.01259545 6426.303
0.01226845 6168.464
0.02324562 6201.796
0.0101234 6082.636
0.00313553 5992.923
0.004683456 5311.332
0.004209489 5634.695
0.002578636 5383.187
0.005373059 5173.282
0.008395719 5372.653
0.006178049 5558.766
0.02184903 6243.269
0.01281061 6117.736
0.02199401 5836.383
0.01722531 5901.427
0.01534737 5817.059
0.01018711 5758.707
0.002404023 5901.903
0.003462812 6117.334
0.002172085 5694.042
0.001138842 5522.985
0.002008485 5469.97
0.00151256 5620.896
0.001750093 5106.324
0.002295547 5163.639
0.004668415 5371.727
0.005655944 5422.869
0.009392516 5357.006
0.005247537 5205.131
0.001536337 4940.386
0.00120199 5234.394
0.002008038 5036.396
0.002511074 5064.703
0.004858508 5087.71
0.02683116 5449.897
0.01741009 5184.613
0.02144167 4934.981
0.008748634 4760.157
0.009687209 5025.885
0.007214028 4875.728
0.005466904 5162.999
0.006219715 5224.866
0.00418654 5100.61
0.0214334 5003.594
0.01479982 4873.734
0.007150194 5042.342
0.01062506 5246.037
0.004225906 5091.518
0.005067972 4761.115
0.008245562 4800.965
0.00691272 4735.467
0.008222064 4813.232
0.0155252 4732.144
0.02575033 4738.423
0.01628843 4683.844
0.0203277 4606.163
0.0104717 4770.163
0.008901395 5036.889
0.01367653 4982.902
0.01828343 5123.732
0.006824675 4912.266
0.0005656381 4639.226
0.0008664565 4922.433
0.001004925 4667.339
0.002662905 5332.909
0.0008881062 5290.051
0.000330366 5370.488
0.002633214 5429.098
0.002548801 5916.465
0.004387526 5552.144
0.01017124 5508.059
0.01794589 5267.024
0.02863202 5157.531
0.04325334 4938.324
0.02529411 4823.247
0.01768369 4959.036
0.01935072 5434.626
0.00517536 5020.879
0.00772033 5112.492
0.002456862 5295.47
0.002027721 5544.203
0.01175728 5806.296
0.0311046 5832.61
0.03062726 5628.138
0.01818299 5823.742
0.009910697 6229.603
0.004058049 6181.095
0.01044916 6544.74
0.0091922 6224.924
0.008113417 6635.265
0.008509526 6462.272
0.0006356105 6551.065
0.001715217 6326.549
0.002618722 6918.422
0.003956915 6667.637
0.001341194 6204.309
0.00219882 5964.18
0.001524242 6036.207
0.00989236 6123.18
0.009516232 5703.801
0.00381028 6018.461
0.00340384 6112.933
0.004140632 6161.99
0.01526449 6094.746
0.02616349 6265.745
0.01501299 6288.035
0.01006692 6186.671
0.01418965 5771.192
0.008417888 6029.221
0.008518753 6049.939
0.01119448 6331.139
0.008045968 6220.573
0.0009110657 6008.372
0.01072679 5927.483
0.003815089 6022.565
0.00111206 5730.402
0.01014432 5988.309
0.004181443 6003.714
0.005731717 5703.894
0.01013308 6032.909
0.02411108 6233.549
0.01699094 5892.511
0.007101215 6014.228
0.004209143 5974.072
0.007011201 6341.299
0.01388638 6101.407
0.03026807 6435.427
0.01850842 7436.815
0.03157219 7851.809
0.03723121 7915.572
0.03100984 8481.457
0.01304407 8643.97
0.006054867 9109.386
0.00531149 9747.863
0.004591336 10103.98
0.005897711 9426.021
0.0007593181 9339.944
0.006996496 8833.37
0.004527119 9348.079
0.0003654568 9885.627
0.001649829 9326.393
0.002369474 9052.796
0.001466784 9941.416
0.0004512186 10651.7
0.005900026 10818.09
0.004709416 10366.62
0.004561357 11249.29
0.002782903 11569.95
0.005252978 11062.18
0.007282959 10877.76
0.002134085 11114.98
0.0002548824 11076.9
0.00188559 11067.43
0.003520047 10656.75
0.004450325 10353.35
0.010245 10707.9
0.01519943 10031.51
0.02309449 10561.24
0.01552304 10279.21
0.01221706 10405.12
0.004347148 10875.55
0.008507111 11074.32
0.006052101 11064.56
0.001337451 10132.07
0.003394499 9836.579
0.004129269 9849.251
0.005314863 9313.301
0.004994106 9352.189
0.00967001 9186.737
0.005892635 9727.08
0.003481335 8991.027
0.009587725 9377.818
0.007476064 8796.854
0.006311696 9307.154
0.0007552416 8947.672
0.00602261 8979.58
0.0005273208 9157.585
0.004080454 7882.715
0.01394452 8026.634
0.005040681 8528.183
0.008043526 8161.123
0.006359187 7990.213
0.00835157 7888.563
0.003366001 8305.893
0.007230595 8534.145
0.001581696 8118.665
0.001564766 8198.94
0.001006663 8072.049
0.001535376 8466.749
0.004164276 8648.09
0.005151968 9006.748
0.0120419 8532.338
0.003773452 8857.553
0.004874319 8361.979
0.003403049 8287.923
0.002043159 8204.324
0.007577493 8265.197
0.01285138 8087.836
0.008138734 7686.905
0.001581094 8143.937
0.0006993959 7800.643
0.002226047 7918.399
0.009197717 7673.816
0.01168778 7768.468
0.01102213 7888.345
0.01644505 7299.591
0.01037356 6315.195
0.002146189 5875.627
0.0008953991 6510.133
0.0002145029 6888.766
0.01995333 6852.091
0.02114507 6975.127
0.01272026 7451.238
0.01735506 7506.669
0.01259496 7249.627
0.01119604 7458.006
0.004275332 7781.506
0.0003798142 7741.163
0.002816808 8773.894
0.004362303 8884.846
0.01059672 8944.348
0.01243242 8559.013
0.01323262 9074.755
0.007178177 8340.55
0.001259539 9006.186
0.004987312 9106.402
0.00866817 9059.601
0.01775801 9613.128
0.01286802 9115.859
0.003173552 8589.533
0.01295784 8745.03
0.005686549 8877.306
0.008794716 8667.147
0.00345117 9325.579
0.001492471 9042.251
0.004778877 8770.065
0.006524113 8556.468
0.007771737 8259.33
0.004027228 8346.325
0.00113595 7612.68
0.001639617 7926.368
0.01309537 7854.157
0.0206649 8040.535
0.02388968 7727.723
0.02805127 7941.078
0.009225145 8586.974
0.005821152 9307.934
0.01621073 8791.867
0.005513991 9308.956
0.01456585 8976.183
0.001905552 8983.955
0.001104444 9701.314
0.003803144 9477.241
0.003179935 9984.04
0.01831328 9667.345
0.002955385 9970.793
0.0004833443 9920.533
0.001133558 10317.15
0.002282257 9783.326
0.004819874 9994.25
0.004685576 9869.23
0.006296912 9689.637
0.003487286 10056.83
0.001555568 10559.45
0.00496419 10208.08
0.004591485 10325.12
0.001273907 10358.53
0.002943121 10214.95
0.002011557 10661.83
0.006186631 11401.75
0.0009209189 11567.9
0.004938488 11257.85
0.004111363 11653.91
0.00122766 12984.65
0.003393897 13321.69
0.007956726 13149.41
0.003310242 13300.95
0.001352891 14458.41
0.003358548 14700.38
0.003926444 13987.04
0.003154787 14309.55
0.004970387 14826.98
0.009988162 15361.01
0.008059554 15385.11
0.01495056 15872.22
0.01531698 16428.35
0.003867577 14556.56
0.006022388 14039.66
0.01088198 14315
0.002683493 14146.64
0.001130062 14467.17
0.006232438 14212.74
0.01305511 13900.15
0.01793141 14322.09
0.007342208 15515.39
0.007210871 15514.73
0.01040346 15361.34
0.01904021 15931.91
0.007152362 16147.76
0.00414243 15623.09
0.009564907 15130.32
0.007142072 13537.13
0.003160964 13551.03
0.005899756 13836.45
0.005506269 13751.78
0.008063145 15718.69
0.008158365 14750.76
0.009259356 15769.65
0.0145057 15619.17
0.009451154 16136.42
0.005436267 15505.69
0.01054188 14888.79
0.007874028 15171.42
0.008123218 15527.62
0.009953646 15002.9
0.01263456 15936.31
0.02800053 17415.56
0.007230975 16759.54
0.003933584 16287.86
0.003744477 16019.4
0.007279894 16654.98
0.001907843 18875.38
0.003244463 19953.85
0.002974575 19920.09
0.008617817 20012.78
0.002880329 19024.08
0.002607604 19155.43
0.0004249974 19678.02
0.003349969 20189.54
0.003379989 20555.41
0.008490148 20142.32
0.002619918 17732.99
0.001252832 17781.69
0.001823821 18812.41
0.004399769 18383.86
0.003408095 17693.09
0.001502436 16705.79
0.01480524 16382.23
0.01369026 15953.11
0.01558135 15276.27
0.0232305 15954.61
0.03748757 15935.9
0.01634203 14844.4
0.008146065 14987.65
0.0124714 14821.36
0.01322872 15192.08
0.01433245 15540.54
0.006974132 14228.84
0.01458879 13618.92
0.0162152 13624.51
0.005355715 13891.28
0.006394775 12931.42
0.004176259 13304.66
0.00674639 13862.16
0.01075676 13609.06
0.001422803 12646.46
0.008070534 12455.84
0.01249009 10936.72
0.002200087 10437.5
0.007130289 10663.98
0.007459806 10628.78
0.01155968 9825.097
0.006437238 9631.765
0.004205305 10478.17
0.008238667 11329.46
0.01492727 10474.66
0.01008189 11050.91
0.009831354 11288.88
4.827682e-05 11032.74
0.006856607 11177.91
0.0003342491 11429.18
0.0008492296 11801.38
0.005686598 12054.66
0.006959671 11774.53
0.02013471 10944.55
0.003676535 11162.51
0.009459989 10974.36
0.01827512 10307.51
0.01573728 9378.401
0.005456785 9591.502
0.006673625 9601.48
0.003742246 9695.483
0.002560237 9774.029
0.004219733 9528.386
0.007872297 10004.38
0.004557784 10558.55
0.01004194 10218.07
0.01009943 9359.824
0.006161515 8788.117
0.007563856 8458.321
0.01483254 8470.183
0.01509752 7696.89
0.03280875 7563.333
0.01369862 6976.537
0.02826745 6829.342
0.01672379 7038.64
0.01741647 7317.851
0.02615714 7366.085
0.01743403 7527.99
0.005512433 7509.585
0.0009137674 7661.096
0.007789945 7205.432
0.007631005 7191.184
0.01953227 7324.11
0.01522874 6985.143
0.005854742 6801.567
0.001902566 6823.582
0.0005904288 6950.67
0.0007357651 6931.522
0.0115583 6670.153
0.008152563 7319.691
0.01690793 7407.195
0.005317527 7270.591
0.006911848 7509.014
0.008591773 7707.49
0.005839562 8007.144
0.002068765 8652.427
0.003530383 8648.987
0.007881747 8514.893
0.005650262 7945.393
0.008238413 7632.082
0.006677148 7450.84
0.002667613 7787.086
0.006956767 7989.549
0.002146508 7798.542
0.006900735 8364.995
0.00786616 8458.18
0.003782819 8433.618
0.00480925 8587.051
0.002555312 8044.903
0.008449783 7820.622
0.009801788 7408.407
0.009636755 7620.825
0.02008492 7757.848
0.01151345 8429.726
0.001582243 8678.379
0.002501916 8617.661
0.003054316 8299.884
0.00932959 7886.716
0.01439469 8118.379
0.01637242 8062.943
0.009401008 8378.5
0.0143521 9274.516
0.01096029 9839.588
0.009692167 9632.07
0.002891853 9456.37
0.01189538 9623.707
0.01287283 9619.099
0.01130719 9331.846
0.007052486 9088.167
0.01104897 9066.522
0.0117278 8905.279
0.007039625 8473.881
0.0080295 8184.017
0.01161583 7832.105
0.004192977 7218.579
0.003376819 7299.262
0.0006830591 7320.18
0.001294061 7397.536
0.004332691 7760.44
0.001506062 8111.459
0.003358124 8135.486
0.001470457 7677.883
0.01301047 7513.293
0.02170037 7808.262
0.01889311 8233.112
0.008262788 7703.667
0.01583149 8206.775
0.005242452 8923.422
0.006546833 9233.613
0.01252792 9522.481
0.01081746 9749.115
0.007033905 8946.113
0.007054314 8454.355
0.007032053 9368.154
0.01115665 8828.186
0.02397919 8459.301
0.0199591 8866.427
0.01056449 8627.282
0.008043883 8291.406
0.0091797 8549.896
0.01275138 8564.839
0.01109922 8906.426
0.004662457 9098.924
0.003707339 9275.421
0.007007555 8996.939
0.001465741 8654.113
0.0008774953 8545.066
0.004651683 8117.63
0.006809484 7869.463
0.003130056 8287.139
0.0007662984 9304.085
0.007069867 8665.487
0.004855602 8877.679
0.003507216 9333.519
0.004577879 8801.377
0.006946594 9850.139
0.007967075 9587.011
0.003726815 10002.64
0.006522664 9449.361
0.007666792 9514.969
0.005111774 9457.56
0.00425043 9254.027
0.001935687 9967.366
0.003578928 10310.01
0.002005071 11199.35
0.001483064 10978.58
0.01078166 10951.78
0.003655792 11015.23
0.005348094 10521.67
0.001371646 11478.66
0.0008506883 11401.96
0.002658673 11218.74
0.004222728 11096.17
0.0008792115 10279.68
0.01090345 10745.72
0.006084918 10518.19
0.002436303 10236.96
0.01537686 11130.41
0.006257168 11147.15
0.008543599 10997.38
0.00204977 10851.74
0.002480601 10417.12
0.0004080717 10413.01
0.003971396 10577.19
0.004369682 9793.765
0.007242249 9990.631
0.002481954 9422.837
0.002376175 9532.545
0.003888689 10200.87
0.006247235 11109.67
0.0008039359 11080.87
0.002659382 11523.69
0.00258703 11035.02
0.003625985 11078.36
0.004466814 11895.96
0.001316792 11709.82
0.0004624965 11710.99
0.004287618 11790.53
0.005876765 11058.5
0.004858426 10553
0.008208469 10477.27
0.01277245 10610.97
0.006730505 11456.1
0.002282862 11126.8
0.01210145 11603.39
0.0108289 11519.13
0.006836908 11764.45
0.004100242 12070.41
0.003490092 12746.18
0.004860235 13214.16
0.003333775 13231.6
0.00769341 14263.51
0.006003522 13270
0.001796002 13509.11
0.008787714 13919.43
0.01613863 12899.32
0.01071272 12844.79
0.00142793 12880.71
0.001343915 12622.53
0.0009328987 12279.79
0.001025876 12448.23
0.001620624 12197.66
0.001920422 12567.75
0.005195834 12804.52
0.007653015 14182.61
0.002675304 14464.16
0.0007876158 14577.4
0.004081906 13902.6
0.01004188 14118.46
0.006954094 13470.2
0.0136289 13355.56
0.008336908 12777.94
0.01421238 12810.06
0.018646 13057.94
0.003524105 14265.16
0.003294745 15387.3
0.002345825 15768.51
0.003357246 15666.62
0.008487586 15597.54
0.004673182 16740.98
0.006116937 17463.79
0.005551846 18070.77
0.009141399 18724.2
0.008833634 17929.99
0.01227053 17580.21
0.006237617 15597.99
0.01011803 14599.27
0.001293185 14473.57
0.004012354 14331.03
0.003462251 15016.36
0.006508716 14965.76
0.00379415 16025.22
0.004742313 15786.06
0.003316574 14982.09
0.001324188 15115.3
0.003029471 14928.08
0.001598883 15720.69
0.006473176 14915.28
0.001298535 14518.01
0.001646806 15284.5
0.009630572 16271.48
0.008988598 16348.22
0.01475322 17426.62
0.007670955 17829.97
0.01304415 18255.15
0.01452506 17642.43
0.01431569 17913.85
0.01110848 18462.37
0.007639085 18228.23
0.002414281 17628.77
0.001192592 17704.48
0.006460998 18740.31
0.000259147 19395
0.002678198 20067.8
0.002560088 19904.47
0.006708487 19067.27
0.0008695623 18202
0.0008262193 18937.16
0.006639821 18911.36
0.008831022 19807.22
0.006230512 19774.74
0.002505073 21233.32
0.001116929 21946.96
0.0009161104 21398.13
0.003562689 22060.16
0.001865902 24515.32
0.0001218306 24428.14
0.001051812 22242.88
0.002903188 22238.13
0.00481328 21562.9
0.002426239 21074.77
0.001992393 20208.78
0.004586401 19182.45
0.004785368 19140
0.001226096 19640.01
0.005259722 18262.46
0.003497859 20471.07
0.0004543255 20567.63
0.003930176 22199.46
0.005424707 20891.52
0.003452611 23071.96
0.006674954 23623.13
0.003666782 23743.74
0.006435168 22685.82
0.01571272 21659.27
0.01695413 22190.01
0.007053181 21122.57
0.002448294 20482.93
0.002127983 19685.37
0.003134896 19004.12
0.008056789 18574.81
0.0008485953 18528.83
0.0005635286 19234.68
0.002914873 19452.58
0.003957491 19418.11
0.003380767 17854.88
0.006960392 18883.07
0.008182359 18297.52
0.008583629 20086.35
0.009659143 20997.39
0.00412743 21358.9
0.004502391 20528.04
0.007896091 20601.9
0.008485227 20982.27
0.008316201 21813.27
0.004879935 21549.68
0.01232384 23710.19
0.0062547 22875.9
0.003087087 22603.63
0.001016347 21735.29
0.001443553 23072.23
0.002504306 23158.66
0.002023582 24627.05
0.005506533 25909.35
0.008241529 25748.74
0.006494772 27413.58
0.01520771 26956.9
0.009552123 25285.41
0.005969678 24692.1
0.01552286 22828
0.002352292 23656.44
0.002272541 23251.46
0.007061314 22781.36
0.0007096177 24200.25
0.00206109 24665.36
0.006832354 26930.79
0.003974366 26539.66
0.005633804 26033.16
0.006372635 25903.52
0.01152806 24379.21
0.0001334436 24768.13
0.002829593 25829.48
0.0007867147 26564.09
0.001436014 25382.98
0.01435009 25447.14
0.00475457 25972.6
0.001526036 27982.92
0.006604933 27227.89
0.006676169 25709.28
0.002020137 24051.92
0.007443605 26041.01
0.01283005 25789.81
0.006556682 24887.85
0.001176651 24662.85
0.002993785 25133
0.01077989 23730.32
0.004764766 23814.82
0.001450431 25736.51
0.002248972 27913.79
0.002579404 27683.74
0.003849966 26578.62
0.0005152576 27235.03
0.003693356 26701.36
0.005159357 27403.67
0.007557735 27538.28
0.004721676 26626.03
0.001062999 29906.72
0.008516716 29467.31
0.0007976251 29110.89
0.001287313 28064.95
0.004585904 26866.61
0.007691017 30099.37
0.007409368 31883.27
0.001954182 30940.54
0.004454463 32774.64
0.00187011 34459.64
0.001941885 33772.81
0.0007480161 34123.27
0.006411017 35383.37
0.003795432 36669.29
0.002222516 35198.53
0.005334538 33979.8
0.003510325 33801.45
0.005965355 33304.05
0.001844425 35198.04
0.01513197 35448.84
0.01554883 37595.79
0.007246755 35441.54
0.0066112 35345.11
0.01396769 35081.23
0.006176854 37432.38
0.004056122 38107.21
0.006721056 36334.92
0.003963966 38317.62
0.002738406 37415.32
0.005728441 40294.43
0.0042423 40425.5
0.001819836 39280.66
0.0001453808 37173.17
0.00254282 35895.71
0.005606578 36811.66
0.00702361 37563.02
0.009946507 39274.41
0.01137564 38209
0.00235505 36462.1
0.000420342 37627.84
0.002167132 38795.47
0.0008292687 38826.73
0.001331051 35391.57
0.00453208 37677.09
0.005798252 37415.55
0.004883527 36483.8
0.00354503 35946.33
0.01003879 37411.21
0.01386762 39629.93
0.01048826 42883.22
0.005708363 43403.38
0.002048681 42612.88
0.002643495 42259.56
0.00289585 40988.87
0.0026839 40279.61
0.0002526127 35968.29
0.0002854949 36359.09
0.003244648 37669.76
0.002193781 36738.95
0.000950643 37276.58
0.0003020684 37245.97
0.001513131 34642.81
0.002157716 34908.6
0.0007568435 36348.65
0.003943827 36493.05
0.004892087 34388.91
0.005872849 32817.7
0.001547443 31551.38
0.004025229 32590.34
0.006115489 34640.53
0.002071516 33992.96
0.002435879 32952.56
0.001788415 32453.17
0.01144023 35071.33
0.01474947 33907.8
0.01734931 33679.06
0.01915344 32199.83
0.01784495 30554.71
0.02502963 28878.76
0.009289231 25675.01
0.01488156 25653.07
0.009017837 24970.61
0.004081748 25272.39
0.006353732 25082.48
0.006164409 23535.26
0.001521391 21628.48
0.007259654 22117.29
0.002947291 23395.79
0.004372718 23299.55
0.001575852 23123.09
8.611466e-05 21205.87
0.006676023 21576.31
0.007821815 21603.9
0.009498018 20388.83
0.01057842 21657.74
0.0120166 21836.86
0.01448265 22686.76
0.004685918 21586.26
0.002506703 21814.06
0.00257176 21823.13
0.00153988 22486.71
0.006206443 24236.49
0.002606158 26014.32
0.0007501111 24903.96
0.002437409 25327.1
0.004376531 25059.24
0.002915093 25644.06
0.00382754 25943.87
0.005055649 25037.85
0.00345006 22948.9
0.003006995 22448.57
0.0009235873 23228.94
0.000749242 21453.24
0.001178684 20954.38
0.004638953 20593.9
0.003588659 20145.12
0.001580963 20973.86
0.001413394 20628.48
0.0002698358 20062.09
0.005959908 19783.4
0.005184508 20259.65
0.00616777 21054.98
0.00270675 22790.05
5.961029e-05 22297.58
0.009947737 22456.27
0.006826329 21234.05
0.001059171 19841.89
0.001550789 20582.11
0.001905258 21084.26
0.0006301597 20800.38
0.0009844712 20333.76
0.002396756 20360.98
0.005802679 20712.86
0.002927764 22249.14
0.005035173 22061.53
0.001559599 22341.18
0.007696124 22426.29
0.00119412 21396.19
0.01200495 24074.35
0.004119358 22445.59
0.001094576 21826.75
0.001343604 22318.35
0.001821473 21702.87
0.001778055 20234.69
0.003906904 20201.46
0.008101111 19615.19
0.003455333 21146.24
0.001731444 21995.09
0.01292563 20781.68
0.0182249 20295.46
0.01132817 21469.36
0.01986629 22344.8
0.01897864 21988.98
0.02318026 21839.71
0.009809975 20882.97
0.002262444 22308.78
0.007675502 20791.06
0.009570429 21571.62
0.00727441 22377.19
0.00793837 23386.36
0.002916706 24404.99
0.003988784 25690.41
0.007897799 25304.42
0.0084231 24398.91
0.01061354 23329.86
0.0134824 22767.62
0.006459141 21278.85
0.007632093 23055.62
0.003015616 22457.99
0.002749051 22340.01
0.0006855355 22126.05
0.0008624019 22258.32
0.006646151 19654.28
0.002807668 20134.42
0.005141029 19751.66
0.004628221 21118.32
0.001629561 20371.02
0.001974355 19827.5
0.01359042 18801.36
0.01573792 18310.12
0.008615704 17500.57
0.0006017189 16806.77
0.001510561 16990.8
0.001197076 18001.11
0.005383561 18254.89
0.008417475 17462.03
0.005556754 17169.19
0.001272715 16358.97
0.005603557 15612.57
0.007507862 15696.17
0.003554778 14974.98
0.002535175 14420.64
0.001752889 14022.69
0.0009001303 14532.91
0.004982397 16203.37
0.002201516 17459.06
0.005707962 17195.02
0.007064192 18020.7
0.01067498 18285.84
0.009710188 18280.18
0.00990466 17339.62
0.01451492 17617.88
0.01991036 16246.55
0.009430396 15698.79
0.005667905 14614.43
0.01417951 13984.67
0.005989969 14764.68
0.01279882 15426.73
0.01688387 13702.58
0.01674752 13557.96
0.02703269 12808.82
0.02248051 12850.49
0.02907319 13747.69
0.01855119 13780.37
0.02195532 15356.28
0.01256704 16669.27
0.006693628 17032.23
0.004549855 17595.99
0.005377221 16711.86
0.001966337 15870.92
0.008305915 15626.47
0.008400641 15077.06
0.01138189 16112.45
0.0135194 16012.73
0.006892049 17273.69
0.003359414 17890.27
0.007965176 19679.51
0.002220081 18520.4
0.002709483 19011.85
0.002443101 19013.24
0.001729086 20008.22
0.002359033 19763.72
0.009224442 19430.88
0.01624282 17494.01
0.01750758 18453.07
0.005902412 17242.7
0.001894841 18465.09
0.00568161 18129.08
0.003283917 18124.08
0.002194826 17327.21
0.0018446 18007.43
0.00484008 16777.5
0.0007881546 16806.96
0.00148596 17350.09
0.003262122 16928.36
0.008506497 17048.97
0.003869747 16796.18
0.003788195 16478.03
0.004400698 15551.68
0.006584978 16646.56
0.005959983 16534.16
0.005729727 15423.16
0.0132011 15067.79
0.006512338 15497.84
0.001476353 16612.87
0.001011467 16309.72
0.005797125 16803.75
0.002618228 16769.18
0.01156849 15003.48
0.01286417 15622.15
0.005579923 16779.77
0.0005304046 15875.76
0.003121666 16413.43
0.01103272 16516.98
0.003356263 16738.48
0.00579327 16978.68
0.003583925 17270.18
0.001551564 17253.73
0.002635122 17122.7
0.004930567 15884.61
0.007701734 16711.18
0.006973888 16222.71
0.004040504 15475.75
0.008134441 15301.83
0.006688681 13837.12
0.01190744 14253.75
0.01356241 13455.34
0.005971695 14225.1
0.001936634 13956.15
0.003602707 13912.16
0.006682995 13347.1
0.005035157 12520.58
0.003153312 13249.98
0.003101669 12771.4
0.004510664 12979.98
0.01097408 13635.78
0.002540592 13551.41
0.005639727 12639.59
0.004079609 12590.62
0.001611627 12711.87
0.003498136 12764.97
0.003619777 13512.22
0.009025206 13513.49
0.003143147 15234.89
0.008472298 15659.14
0.002931093 15660.79
0.002011171 14922.6
0.001744962 14366.64
0.00199564 14139.51
0.002743431 14290.94
0.009044606 14281.59
0.01996342 12405.27
0.01625541 13539.2
0.02914155 13543.28
0.03430225 13398.56
0.02487269 12794.87
0.01346793 13693.84
0.01576956 13257.74
0.02529584 14105.19
0.02513901 14150.5
0.01621604 15016.15
0.01950773 15134.66
0.02834656 15202.27
0.01427629 15800.74
0.02185389 15171.31
0.04229413 14141.86
0.02716426 14037.46
0.02791984 14576.93
0.04621812 14071.5
0.03895047 13685.55
0.01831524 13519.38
0.02824854 14887
0.01302087 14484.39
0.01402645 14572.85
0.004590048 14955.58
0.001202103 15686.57
0.0007554959 16655.08
8.674677e-05 16541.85
0.002832852 16297.62
0.001165048 16764.21
0.004674824 16905.36
0.006430959 17733.18
0.002892125 17251.02
0.01006743 17276.33
0.001300153 16931.09
0.001533929 16758.81
0.005839253 15403.87
0.004480805 16883.42
0.0004612155 17213.62
0.002182804 16360.63
0.003931565 16256.71
0.003673275 16415.78
0.001897918 16939.05
0.0004195906 16372
0.001660343 15766.61
0.006874406 17806.59
0.001138842 18642.55
0.003030754 18335.93
0.00313722 16132.06
0.0005027266 15990.21
0.001766361 16887.87
0.001021352 17116.15
0.007149027 16613.17
0.006571078 16823.36
0.004424657 17152.34
0.001860882 18557.42
0.002692089 16488.73
0.003924072 16408.39
0.004407381 16088.37
0.002520345 16184.18
0.001424269 15971.64
0.002758278 15379.59
0.003581698 15379.78
0.001159774 15932.32
0.003007429 16088.58
0.0007688744 16309.99
0.001943126 14267.16
0.000434366 13835.7
0.003191887 13326.41
0.00410216 13130.27
0.007027197 13808.15
0.005095871 14320.71
0.003898762 14204.97
0.005845795 15387.33
0.01198283 16118.93
0.01853953 16102.75
0.01135087 15023.34
0.009908103 14259.32
0.01809486 13990.23
0.01168453 13734.8
0.00643572 13583.83
0.01233742 14204.8
0.009359664 13862.03
0.01317657 14438.37
0.008933679 14181.77
0.006586643 13916.2
0.00981092 13334.32
0.01824425 13606.38
0.003282779 13355.85
0.002629899 13145.48
0.006186497 12882.96
0.0146261 12621.49
0.02059628 13014.46
0.01319691 12982.82
0.004539101 12451.12
0.01010287 12324.33
0.008355756 12731.12
0.008472227 13357.36
0.01335806 12961.25
0.01861927 12904.43
0.004690581 13662.57
0.004018743 13604.58
0.001884706 13630.14
0.006620312 13279.21
0.008862778 12790.15
0.002761475 12759.75
0.004395915 12201.59
0.001264066 12700.21
0.004767469 12180.76
0.02159607 13059.88
0.01115917 12105.63
0.01990431 12566.2
0.01754283 13201.54
0.01458882 13285.66
0.001082448 13618.11
0.0146443 13249.45
0.006585749 12935.59
0.005240291 12960.99
0.006832735 12611.29
0.002480854 12771.84
0.009835244 12065.14
0.004669218 12761.61
0.001657155 12277.48
0.00425826 12651.47
0.004125345 12288.44
0.007626428 12373.11
0.01008227 12251.65
0.008193829 12889.21
0.003294477 13783.2
0.008937418 13564.18
0.004629161 13026.76
0.005397089 12717.6
0.003704761 13320.9
0.01045707 14847.1
0.01414066 14556.07
0.02076305 15327.47
0.01256117 15687.36
0.008844527 16382.69
0.007170212 16455.54
0.005713528 15770.42
0.004731132 15601.14
0.0005825076 15246.55
0.006444709 15618.97
0.004120177 13745.45
0.01186009 13662.18
0.01243957 13624.1
0.007077369 13569.06
0.008907924 12768.19
0.01698357 13321.93
0.01862663 13613.51
0.005542182 13951.42
0.01279891 13248.1
0.006147521 13982.61
0.01513617 13682.14
0.01931479 13386.52
0.001294127 13324.53
0.0007757343 13738.12
0.01055644 13231.68
0.02816707 13013.62
0.02475591 12506.32
0.01657024 13131.5
0.007887833 12746.39
0.007359677 12230.87
0.003100994 12498.99
0.01181711 13222.93
0.01447384 11976.2
0.01688162 12910.29
0.02065283 13115.1
0.01010211 13233.69
0.008517544 14373.79
0.0163092 14023.41
0.005086059 14734.9
0.008510067 15219.51
0.003856219 14694.35
0.005572968 14954.91
0.002209362 14931.56
0.001769792 14314.56
0.005836726 14232.72
0.002566946 13579.31
0.003971125 13303.57
0.001431778 13699.25
0.005363219 13893.42
0.008744123 13663.43
0.003778262 14077.79
0.004913902 13655.3
0.003487963 12717.15
0.009581966 11827.7
0.008495566 11749.61
0.02370772 11217.3
0.02587966 11274.2
0.02313028 11708.61
0.01775042 11464.87
0.01244691 11695.65
0.0003798191 12093.56
0.008222274 11914.93
0.006353292 11418.69
0.008284069 11632.5
0.01421846 11933.25
0.007675275 11123.66
0.0117922 10302.43
0.005929761 10512.22
0.01840382 9893.812
0.01145863 9585.18
0.01642887 9249.585
0.02339981 9302.241
0.03315107 9472.988
0.02548937 10105.4
0.01946836 10089.99
0.02074231 9591.667
0.01383552 9470.347
0.008351521 10111.6
0.00833282 9729.472
0.008837031 10016.2
0.0003895835 10369.12
0.001612418 10641.87
0.004945522 11074.74
0.003279459 11072.05
0.002882388 11633.99
0.00373327 11033.16
0.007026695 11057.31
0.006545637 11250.91
0.004856506 11815.08
0.002284574 11460.98
0.004956696 11434.41
0.003253004 11269.47
0.004581719 11638.52
0.008688594 10773.85
0.006031999 10868.71
0.001722715 11604.67
0.007058229 11507.09
0.0152183 12177.07
0.005935637 11374.88
0.0008123215 11274.7
0.0007889276 11498.79
0.0003656231 11933.72
0.0009606101 11210.06
0.001285904 10481.22
0.01006991 10642.12
0.00243093 10841.37
0.002755568 10614.8
0.001610326 10848.49
0.00173152 11152.61
0.005723039 11602.62
0.003602647 12668.02
0.002575219 12522.57
0.003199528 12249.55
0.00453646 12302.67
0.01292257 13225.91
0.0405419 12967.67
0.02984347 13491.06
0.02349888 12845.31
0.01825428 12645.98
0.02021073 12602.63
0.0125761 12253.32
0.02298899 11746.85
0.02295878 12633.24
0.03080815 12032.26
0.01742485 11773.04
0.007878323 12158.93
0.01312977 12575.21
0.01150003 12616.19
0.002490869 13239.54
0.0003708923 14090.17
0.000861439 14124.77
0.003274414 13612.57
0.002297341 13712.66
0.004974447 14178.54
0.006710288 14777.94
0.005318828 15345.06
0.01129695 14486.8
0.01089465 14893.3
0.003060863 15679.28
0.005095667 15511.67
0.007081801 16064.42
0.0001764456 15091.69
0.003262367 15623.2
0.005514245 15347.75
0.003088693 14358.55
0.006240067 14168.62
0.006006544 15044.01
0.01178141 14623.24
0.01638826 14244.11
0.009030047 14322.9
0.008541774 14705.16
0.005606166 13468.03
0.002635166 14420.69
0.004430527 15316.07
0.004314168 16304.11
0.004416511 16936.61
0.001173232 17061.36
0.003440911 16862.42
0.007079333 15759.84
0.004832038 16203.39
0.00153591 16408.91
0.007931286 17409.62
0.005928686 17381
0.003697142 18663.9
0.003043035 18087.38
0.0009160211 17274.6
0.003248046 17195.67
0.005029113 16828.73
0.0111079 16793.58
0.004819868 15863.46
0.002920537 15477.52
0.0130068 15232.18
0.01220849 14792.84
0.008251136 15382.33
0.01252525 16643.2
0.006868643 17078.15
0.002531026 16569.5
0.002144618 16482.22
0.001275299 17138.51
3.565428e-05 16455.19
0.003824467 17242.33
0.002492337 17427.35
0.003514381 17263.53
0.005116445 17663.8
0.00509002 17879.46
0.003026422 16966.61
0.001015645 16755.51
0.0003246356 16793.55
0.0009248195 16369.62
0.0054164 16228.58
0.001039566 17115.16
0.00444972 17386.32
0.004928458 16804.46
0.001536778 16937.93
0.001538438 15561.08
0.003060973 15353.22
0.01060475 15410.54
0.01512295 15576.32
0.003420913 15495.76
0.01383296 14904.77
0.01739521 15513.53
0.01523841 16120.69
0.01824973 16432.52
0.005121556 16588.44
0.009900446 15822.06
0.00813388 14734.11
0.008491771 14815.67
0.009961967 14440.05
0.001517849 15314.54
0.005238233 16817.84
0.0001326948 15427
0.003818492 17421.58
0.001371873 18532.06
0.00280361 19349.26
0.005487824 19620.89
0.002876175 19157.98
0.002308703 20291.99
0.001416504 18849.02
0.007724131 16607.34
0.008716904 16424.79
0.01090031 16686.68
0.01244981 16887.01
0.009953124 16522.49
0.006697497 16602.01
0.003370514 17127.59
0.00411709 17017.02
0.01335929 16174.79
0.01134339 16330.35
0.006716371 16287.13
0.002781924 16453.65
0.0007342133 17350.89
0.002836702 16486.69
0.003077259 17832.81
0.002739513 17221.69
0.003451981 17181.67
0.00129087 17500.68
0.002976958 17460.61
0.006603601 17372.7
0.009817142 17903.59
0.007199232 18501.63
0.004176141 17847.4
0.008362109 18313.09
0.004718204 18243.75
0.004538366 19895.32
0.001598747 18845.46
0.005414179 19515.5
0.005306183 19762.79
0.007271187 19067.56
0.0145124 20269.82
0.00552581 20888.96
0.008477033 22098.32
0.0002892938 22058.73
0.008616706 20998.93
0.00525907 22133.96
0.006656009 19415.05
0.007483657 19868.36
0.003288058 20802.02
0.004851078 21242.99
0.005960135 23663.71
0.006340187 24736.56
0.006769986 24220.88
0.009965156 25753.64
0.005275964 24534.56
0.01708368 25330.76
0.002515731 23362.29
0.001081396 26073.39
0.002771681 27596.79
0.001311016 26874.58
0.00272972 26414.68
0.001930748 27635.7
0.003303062 29042.34
0.002203121 29488.15
0.002699902 29606.94
0.0005719579 29715.54
0.00139823 28622.24
0.0008496571 26555.77
0.006744517 25989.33
0.008258551 25447.15
0.003757286 25562.99
0.002588831 25478.15
0.006343415 26207.51
0.002997549 23776.37
0.01084291 22900.74
0.002549582 22726.94
0.005040784 23292.74
0.008633266 23649.1
0.004247017 23170.95
0.001616213 23697.55
0.00617856 24556.17
0.001095003 23421.34
0.004617622 22130.87
0.006397895 22543.96
0.009798061 23741
0.003213779 25666.1
0.003206079 24264.99
0.0003542674 25587.36
0.0004676508 29163.33
0.006734792 28498.45
0.003142148 26454.71
0.004246425 26635.47
0.003184512 25973.49
9.781004e-05 23634.77
0.002021017 22827.5
0.00270478 24079.44
0.002671352 23914.12
0.007470268 24461.1
0.006637755 26338.55
0.003540099 26859.45
0.005019474 28151.07
0.002636068 26662.25
0.002419651 27658.85
0.002576252 27386.32
0.002293225 27123.38
0.0137741 26102.5
0.01112505 23882.56
0.01056921 24950.27
0.002730307 24014.77
0.0008621066 25751.9
0.006674807 27927.24
0.004954301 28583.95
0.00551854 28948.89
0.007612919 30316.35
0.001537008 32523.93
0.002072191 29851.48
0.001009517 29553.45
0.003102776 29730.58
0.001399383 30360.87
0.002153058 30303.92
0.004216967 32266.49
0.005032605 32414.87
0.005799165 32445.99
0.005140065 30771.21
0.004590218 31023.59
0.01057043 31429.43
0.01216219 33364.51
0.01701039 32488.86
0.009016509 31881.21
0.01744972 31174.06
0.003863181 29377.4
0.0007630738 26876.28
0.004429835 26108.31
0.00590521 27846.79
0.001219375 25862.83
0.002336804 29167.85
0.001978812 30202.86
0.001553877 29487.99
0.0005214632 32805.26
0.006666686 34044.78
0.003710713 34661.13
0.001936149 35494.53
0.0003336368 35247.84
0.007811635 34008.95
9.562236e-05 34192.43
0.0009270794 33220.98
0.001023024 34134.47
0.0003547876 32587.77
0.0006422039 31645.47
0.003958085 31390.45
0.000613269 33162
0.004333507 33032.83
0.005022217 31607.06
0.002344441 31351.84
0.00352694 31216.87
0.002358661 29435.18
0.001362391 28998.07
0.002592119 27642.93
0.004173114 27112.92
0.006275977 25430.34
0.002480105 25717.32
0.009423322 27205.33
0.006769747 27809.84
0.002992762 28987.03
0.003493904 28490.44
0.001601641 27051.1
0.002540513 25691.2
0.002259499 27554.31
0.001431342 27351.24
0.001225077 28044.31
0.0002760978 27310.57
0.0004535628 27531.3
0.0007855201 27331.4
0.002248231 25939.86
0.0007289618 27433.48
0.005624442 27843.59
0.001496141 28765.6
0.003402177 27371.46
0.003330324 26975.36
0.0009906719 26633.3
0.003329608 27224.73
0.006751412 26351.95
0.01318841 24555.64
0.009159939 22358.24
0.006762284 23589.74
0.005301778 23410.33
0.001123916 24254.14
0.01422075 24838.03
0.002636216 24351.5
0.002222138 25004.5
0.01460724 24554.95
0.01134808 25507.36
0.008280263 24082.96
0.0009784666 23709.77
0.002998695 22237.36
0.002120501 23286.9
0.002667049 22476.72
0.001518001 23295.66
0.006213608 24756.05
0.002459232 26220.18
0.004809639 25822.87
0.004554892 28963.55
0.004889073 28454.88
0.003820414 28302.46
0.002962187 28112.48
0.003424101 27205.9
0.002266843 29801.18
0.001814577 27804.71
0.0004423393 25429.18
0.002215421 26356.55
0.008163574 26165.89
0.007495695 26415.13
0.003517918 25905.91
0.002620151 25179.17
0.007020603 26141.63
0.01757996 25322.58
0.02505672 26506.46
0.007007454 26621.9
0.006036192 26855.16
0.0007859759 25647.75
0.002209235 26716.07
0.001534963 29265.2
0.0005851175 29200.5
0.000927205 30639.64
0.00225448 31422.85
0.003433139 29670.91
0.006272542 28117.12
0.0005459203 27985.69
0.004901148 28846.39
0.003454516 29649.55
6.662792e-05 28281.35
0.002205798 25683.39
0.002148255 25997.7
0.0006173811 23465.34
0.0009359443 23552.31
0.002839322 21074.77
0.003801572 22903.87
7.63524e-05 20585.15
0.004104993 20560.85
0.0004233474 19870.44
0.0008005321 20537.81
0.001957024 20553.16
0.006358527 20473.59
0.00687595 19665.93
0.007771593 19877.03
0.003514923 19226.85
0.002354677 19309.17
0.001794058 18857.07
0.0005627218 18817.83
0.002109782 18498.71
