probIn varB
0.02734914 0.01185519
0.01558025 0.0119924
0.01511327 0.01046076
0.005470446 0.01200637
0.001716369 0.01079276
0.008432786 0.01320245
0.006858964 0.01405292
0.01249389 0.01495607
0.007282219 0.01294588
0.008677241 0.01178203
0.002109192 0.01115655
0.004236377 0.01109028
0.002382694 0.01002286
0.004500404 0.009085726
0.003924115 0.01095495
0.003916603 0.01041045
0.003947852 0.007625056
0.002068462 0.007565799
0.002990293 0.006541191
0.009131218 0.006146854
0.01352574 0.006164703
0.02209386 0.004893136
0.0217447 0.003748973
0.02412877 0.003921189
0.03248325 0.003257814
0.02910529 0.003890066
0.03543288 0.004316471
0.01866875 0.0051029
0.01664624 0.004772284
0.01041974 0.005230174
0.0102632 0.005196964
0.001693078 0.004594068
0.00912738 0.00409172
0.006074232 0.003651192
0.005661265 0.003698638
0.005475379 0.003547952
0.01353901 0.003347808
0.01378952 0.003383017
0.01408146 0.00348615
0.01853364 0.0038625
0.01458024 0.004204835
0.03425386 0.005097219
0.03998394 0.00522657
0.02854934 0.004833901
0.01580762 0.005617087
0.009906244 0.004732158
0.005266852 0.004263221
0.01337464 0.003691946
0.03724415 0.004071771
0.0184374 0.003923951
0.01267529 0.004689556
0.003761124 0.005949697
0.01465315 0.006046406
0.006440441 0.006185893
0.006955124 0.006726942
0.004105343 0.007301691
0.01117199 0.007403046
0.01550076 0.006618984
0.008436187 0.007350464
0.009442376 0.007639003
0.00245502 0.007306764
0.00628259 0.0087781
0.002490845 0.008784319
0.000523675 0.009205236
0.003595919 0.009728719
0.008945789 0.009759672
0.003666777 0.009927943
0.0005672341 0.008961585
0.01035441 0.008229424
0.01076128 0.007935884
0.01580813 0.007737019
0.01126081 0.006876187
0.02544037 0.00632071
0.02597597 0.005788044
0.02422504 0.005215791
0.01999059 0.005054669
0.01064869 0.004891616
0.005690344 0.004675755
0.01133269 0.005053393
0.01561265 0.005879592
0.0124703 0.006174394
0.01674602 0.006258674
0.017751 0.005807632
0.01572535 0.00567399
0.01823209 0.005049005
0.01600658 0.005081752
0.01242863 0.005207568
0.01878154 0.005123881
0.008501917 0.004605052
0.005274969 0.004876534
0.001431876 0.004930929
0.002950857 0.004826197
0.01363551 0.005050395
0.01027944 0.005397713
0.005892178 0.004677771
0.01199746 0.005873515
0.01779963 0.006523791
0.0211332 0.006889771
0.01026776 0.007342231
0.01359036 0.006627279
0.01469759 0.005911422
0.004039684 0.006702364
0.004007382 0.007058946
0.01343475 0.007617331
0.02142275 0.006943168
0.01734884 0.006411264
0.04762024 0.004980731
0.03755062 0.00481207
0.02565022 0.004885363
0.02216798 0.005250643
0.01123912 0.005570724
0.006918337 0.005387462
0.004201621 0.005127893
0.00117187 0.004368998
0.001926158 0.004152824
0.001192097 0.00397896
0.0008364978 0.003874042
0.00513895 0.003979719
0.004094987 0.003685077
0.007839573 0.004106313
0.02999986 0.003852343
0.02245377 0.0034633
0.03642135 0.003025645
0.03093444 0.003139216
0.02387164 0.003097038
0.05285917 0.00371282
0.06331292 0.00338162
0.0553927 0.003228564
0.05049635 0.003172457
0.02798927 0.003334296
0.0189118 0.003322081
0.02828346 0.003247065
0.03749 0.002542722
0.05658747 0.002767672
0.05721435 0.00321317
0.02763658 0.003065706
0.02605227 0.002716965
0.01498089 0.002612243
0.01699692 0.002721723
0.01497367 0.002695682
0.004194484 0.002738587
0.007322537 0.003026035
0.01388812 0.003456786
0.01134957 0.004430558
0.01132253 0.00374644
0.002934967 0.003812159
0.008925968 0.00356125
0.009700781 0.003318305
0.02733306 0.00323904
0.03129535 0.003451473
0.02828972 0.003054491
0.01606874 0.003391479
0.02870854 0.003663753
0.02248204 0.003516864
0.02977989 0.003785857
0.04524205 0.003439352
0.03617851 0.004082249
0.02666756 0.005053291
0.02703604 0.004220071
0.0271649 0.003847354
0.01631616 0.003628627
0.00643957 0.004096044
0.004512683 0.004514095
0.006321964 0.004488351
0.005035389 0.004149606
0.009750497 0.003748504
0.007418692 0.003904168
0.01769697 0.004307156
0.01432225 0.004439598
0.01208392 0.005162756
0.007782952 0.005472403
0.005461397 0.005176816
0.02034042 0.004976409
0.0159493 0.004486898
0.01067571 0.004364914
0.01089508 0.004812004
0.01884926 0.004580995
0.04879021 0.004489394
0.035415 0.004340383
0.01955241 0.004707808
0.02633102 0.004843651
0.01581067 0.005593768
0.01683755 0.005694636
0.009490847 0.005417013
0.007238652 0.005584671
0.007296083 0.00606035
0.009138033 0.005787075
0.01854629 0.006774438
0.009885749 0.006373046
0.01827635 0.005621645
0.0255232 0.006200159
0.01671658 0.006722553
0.002655195 0.005803162
0.01685083 0.006811815
0.01732368 0.007489528
0.01426993 0.008814807
0.01124732 0.008510247
0.006985081 0.008166852
0.01339945 0.008307174
0.005520568 0.007275286
0.005374925 0.006943637
0.004580593 0.006583796
0.007180658 0.006296613
0.005680542 0.006269727
0.009489636 0.007241268
0.025163 0.006307579
0.04823603 0.005296141
0.0348088 0.005787784
0.01716201 0.006179813
0.009754722 0.006192945
0.008888163 0.006198704
0.004556155 0.005230319
0.003299669 0.006361342
0.01541293 0.006913333
0.01183299 0.005732075
0.006414034 0.005352096
0.002853742 0.005184593
0.003901111 0.005301343
0.003724566 0.005464785
0.006620601 0.004731012
0.004653885 0.003953
0.004790526 0.003573318
0.01790655 0.003079559
0.03318983 0.002812244
0.01953488 0.002362027
0.03760245 0.002413517
0.02645096 0.002179918
0.02823224 0.002337093
0.02550201 0.001834909
0.03422688 0.001707187
0.03342092 0.001868549
0.03279358 0.002153942
0.04208839 0.002421834
0.04409242 0.002246484
0.04587629 0.00206226
0.04165774 0.002094625
0.03139364 0.002378079
0.03675489 0.002200685
0.04281747 0.00192622
0.02908571 0.001914983
0.06124369 0.001867227
0.05032616 0.001711203
0.06457958 0.001647342
0.07463365 0.001827926
0.05969369 0.001771416
0.04147783 0.001864427
0.03084523 0.001937691
0.03959558 0.002210332
0.02172832 0.001961452
0.02820762 0.002056362
0.04959586 0.002170892
0.05507341 0.002509985
0.0337259 0.002749635
0.01901074 0.002611036
0.01703357 0.002475077
0.02217618 0.002453733
0.02794392 0.00251845
0.01390456 0.002570011
0.003947298 0.002909895
0.007758794 0.00275948
0.01715634 0.002724621
0.02268687 0.002596917
0.01393709 0.00248911
0.008503164 0.002482519
0.00445111 0.002496764
0.007094473 0.002644677
0.01209554 0.002244308
0.009801012 0.002418617
0.02405629 0.002213415
0.0145448 0.002311664
0.003691414 0.002562876
0.02146873 0.0023677
0.02285446 0.002494388
0.02448781 0.002290071
0.03357697 0.002330841
0.02111313 0.002358053
0.02192326 0.002585582
0.01727668 0.002552798
0.02284133 0.00266507
0.03957584 0.002579143
0.02847091 0.002207249
0.02483767 0.002674298
0.02261564 0.002719374
0.03117943 0.002684147
0.0266248 0.002959337
0.03626146 0.003039722
0.03200176 0.002898139
0.04016693 0.002973874
0.03235898 0.003038283
0.01583768 0.002351286
0.01037228 0.002193927
0.003453937 0.002078739
0.01272282 0.002330059
0.01357416 0.002263579
0.01236134 0.002347531
0.002729393 0.002289066
0.008818484 0.002225147
0.007687846 0.0025907
0.009366406 0.002666916
0.003741855 0.002659996
0.01186157 0.00237907
0.02880842 0.002173993
0.02814886 0.001930933
0.02784198 0.001974057
0.03223356 0.002188167
0.02896938 0.00164455
0.02870265 0.00143932
0.01587323 0.00139436
0.01341863 0.001270684
0.01161751 0.001241671
0.01866137 0.001342188
0.005911163 0.001473382
0.003814693 0.00132719
0.0163602 0.001247335
0.02445306 0.001205735
0.0298729 0.001116108
0.01624369 0.001298831
0.01328547 0.001174739
0.0106189 0.001314905
0.00399668 0.001471449
0.007345544 0.001314373
0.01211256 0.001341358
0.02409383 0.001169642
0.01932764 0.001276222
0.03990316 0.001458525
0.02736917 0.001370062
0.04841616 0.001183735
0.04356777 0.001061712
0.06153964 0.001193785
0.04646183 0.001148603
0.04696332 0.001124632
0.0365697 0.001236795
0.02569105 0.001207336
0.006690936 0.001405113
0.009851317 0.001507902
0.01977081 0.001522029
0.0318215 0.001579062
0.04259057 0.001740976
0.0586827 0.002106292
0.06993828 0.0019831
0.05483251 0.001915111
0.01938978 0.001990632
0.02200259 0.001909985
0.01235061 0.002135859
0.01131988 0.001892647
0.006508086 0.002050287
0.01819715 0.002480844
0.01783243 0.002405755
0.004987651 0.002320958
0.009696247 0.002275205
0.02416856 0.002160668
0.02765059 0.002062175
0.02672107 0.001999445
0.02464459 0.00228257
0.02904141 0.002462888
0.05030141 0.002625749
0.02175122 0.002518313
0.03033858 0.002265738
0.05659273 0.002314847
0.03456007 0.002191031
0.03480694 0.00219437
0.01980672 0.002148498
0.04746253 0.001899346
0.03914907 0.002449811
0.01488211 0.002509595
0.01778071 0.002322946
0.005981531 0.002730539
0.01258682 0.002356539
0.01493471 0.0021515
0.0123424 0.002125764
0.005386635 0.002250632
0.0178414 0.002495373
0.008261056 0.002750859
0.01315734 0.002316319
0.0200207 0.002175321
0.03527281 0.002190803
0.02695959 0.001754084
0.02795278 0.001881938
0.01631608 0.001593492
0.02761329 0.001485784
0.02990175 0.001417268
0.02979339 0.001611347
0.03199609 0.001691193
0.0136863 0.001751836
0.02224867 0.001649175
0.01515629 0.001850964
0.02210952 0.001967996
0.01857925 0.002009457
0.03703311 0.001969005
0.04681383 0.001658985
0.03174914 0.001743019
0.03094017 0.001825102
0.04556 0.001452215
0.0899164 0.001683112
0.07760829 0.001788729
0.08069704 0.001583795
0.04025575 0.001484742
0.04556358 0.001529371
0.03879183 0.001585943
0.04071143 0.001461178
0.02053791 0.001419384
0.02853543 0.001474548
0.01320408 0.001535623
0.01632235 0.001404777
0.01881387 0.001272559
0.04467525 0.001391725
0.06217631 0.00138663
0.07146238 0.001252871
0.06178245 0.001319385
0.03017902 0.001423181
0.02018566 0.001544076
0.009157293 0.00133437
0.00620981 0.001510269
0.002147121 0.001727275
0.0113248 0.001787379
0.02397552 0.001693874
0.02503986 0.001536547
0.01575042 0.001424689
0.01929302 0.002141037
0.02917444 0.002280099
0.0187576 0.002104731
0.01648345 0.002353675
0.02185763 0.002674494
0.01129879 0.002921036
0.0163263 0.002644685
0.01717885 0.002499795
0.02738094 0.00227928
0.04882658 0.001888916
0.03503714 0.001843086
0.02818484 0.001762306
0.01796038 0.00202821
0.0197871 0.002319659
0.01356063 0.002157422
0.03083021 0.002405939
0.02853535 0.00248296
0.02289591 0.002190589
0.04117054 0.001921839
0.05666188 0.002048342
0.05721234 0.002058441
0.04311638 0.001943817
0.06021514 0.002070042
0.06505675 0.002225383
0.05795133 0.002519781
0.04416902 0.002515616
0.02816394 0.002515985
0.01125419 0.002341825
0.01545201 0.002019008
0.0251937 0.002067659
0.02385936 0.002695003
0.02406566 0.00227097
0.03505635 0.002356231
0.01259071 0.002505019
0.0331054 0.002605021
0.02814786 0.002362165
0.03291601 0.002566817
0.02423469 0.002520288
0.01451727 0.002546348
0.03297694 0.002432827
0.02752901 0.002335244
0.02713051 0.002576444
0.02267393 0.00217334
0.009140513 0.002064065
0.01718367 0.002346426
0.01156677 0.001861686
0.0161146 0.002322408
0.01006265 0.002689635
0.01579709 0.00287752
0.006255482 0.003021284
0.0007599186 0.002566345
0.002390378 0.00260822
0.001175812 0.002238455
0.01149743 0.001948195
0.02663541 0.001701442
0.01316531 0.00161567
0.02229906 0.001403123
0.03035529 0.001690136
0.03108406 0.002016811
0.02740749 0.00210216
0.02960622 0.001796488
0.06497258 0.001955809
0.06880639 0.002195024
0.0483944 0.002066563
0.06644242 0.002111721
0.07239788 0.002051442
0.06231733 0.001886851
0.05131435 0.001569581
0.02976714 0.001488758
0.01988352 0.001478071
0.03185687 0.001559151
0.01891381 0.001960599
0.01444169 0.001918154
0.01549557 0.001719154
0.008167797 0.001826665
0.01615407 0.001445933
0.01494216 0.001345752
0.0169276 0.001765108
0.03662798 0.001853042
0.04404098 0.001625056
0.01747133 0.001600967
0.01051661 0.001427185
0.006138328 0.001484666
0.008617704 0.001601942
0.00696924 0.001532096
0.006652969 0.001768362
0.009145243 0.001706155
0.01693216 0.001596604
0.02923188 0.001453926
0.03711724 0.001449693
0.01400731 0.001354658
0.001200779 0.00152008
0.0007566804 0.001621891
0.007267059 0.001424006
0.01170596 0.00126411
0.02162929 0.00125911
0.02257916 0.001356388
0.02268299 0.001237713
0.0145082 0.001183721
0.03018373 0.00112153
0.02299612 0.000922213
0.01784143 0.0009959661
0.02242548 0.0009018925
0.008261083 0.001062303
0.000652613 0.001021382
0.007828332 0.001068253
0.006754988 0.001199669
0.01424899 0.001204498
0.06001124 0.001159572
0.07801423 0.001305999
0.07938224 0.001191556
0.06370645 0.001057239
0.1039253 0.00122501
0.1123379 0.0009944752
0.0830876 0.0009718536
0.04848486 0.001030236
0.06070648 0.001209277
0.07417682 0.001151759
0.1298133 0.001094801
0.1461423 0.001106165
0.116954 0.001112642
0.104681 0.001217423
0.08022533 0.001282672
0.07552729 0.001045596
0.06059132 0.001031626
0.05844735 0.001101069
0.04219229 0.001072771
0.04448256 0.001046395
0.07330079 0.001065904
0.06878351 0.001194768
0.09497952 0.001094745
0.03211177 0.001133033
0.02202244 0.001219018
0.02474672 0.00122073
0.02089972 0.001196537
0.02260116 0.001214418
0.008083909 0.0009398908
0.02198354 0.000866445
0.03559734 0.0009157512
0.0358593 0.0008793791
0.04859906 0.001066506
0.05179131 0.001042782
0.04928781 0.0008815016
0.02996745 0.0008747239
0.01839542 0.0009998214
0.02492769 0.0009940043
0.01862431 0.001017346
0.02128016 0.001014945
0.01565549 0.001145094
0.03190652 0.001313905
0.01453029 0.001497751
0.02840506 0.001630654
0.01960183 0.00168368
0.02425538 0.001809886
0.03023025 0.00143405
0.03771208 0.001747931
0.04500242 0.001736817
0.0782869 0.001648708
0.08989177 0.001576307
0.1156451 0.001451144
0.1131362 0.001445386
0.06944523 0.001542462
0.0621503 0.00124041
0.06370481 0.00117174
0.04107824 0.0009266268
0.04475035 0.0009673385
0.02962316 0.001055787
0.03581638 0.001159377
0.03365844 0.001288315
0.02837817 0.00155356
0.02784897 0.002002269
0.04002283 0.002746994
0.02817331 0.002427601
0.04223741 0.002356151
0.0458447 0.002847178
0.02980706 0.00240409
0.06040766 0.002463366
0.03429519 0.002008306
0.04700708 0.001667551
0.03194052 0.001559605
0.03082444 0.001872279
0.04512294 0.001788786
0.04929522 0.001766362
0.05031724 0.001448542
0.0223812 0.001283873
0.01942056 0.00132736
0.01232194 0.001186989
0.007933073 0.001192849
0.02005259 0.00132589
0.01391831 0.001331557
0.02210193 0.00128075
0.02275042 0.001353317
0.01615042 0.001290899
0.01494409 0.001395332
0.005386196 0.001233333
0.004729254 0.001057015
0.002168718 0.0009957361
0.002042631 0.001039561
0.003444221 0.001150179
0.01710543 0.0009712455
0.02005177 0.001009335
0.0157417 0.0009185361
0.03240097 0.0009998157
0.01242765 0.001198209
0.007965073 0.001134943
0.01742134 0.001195873
0.01281064 0.001621401
0.01535318 0.001404279
0.02716058 0.001129442
0.01769708 0.001201091
0.02304151 0.001177974
0.03755201 0.001372264
0.04415755 0.001484335
0.02288533 0.001438023
0.01980709 0.001567929
0.03326012 0.001582638
0.03167755 0.001493654
0.03138272 0.001365698
0.02639575 0.001304277
0.02115578 0.001076631
0.0164644 0.001172813
0.008450677 0.001444504
0.01082429 0.001359278
0.01827992 0.001455728
0.005998522 0.001904719
0.02044151 0.00189
0.02901103 0.002000444
0.01272393 0.002163214
0.01445252 0.002321419
0.02716301 0.001998841
0.01406511 0.001672397
0.01636097 0.001501184
0.02879353 0.001574701
0.02704811 0.001458289
0.0418022 0.00152249
0.05394985 0.001541119
0.06362799 0.001587138
0.04648384 0.001716867
0.04994651 0.001826697
0.03810914 0.001931803
0.03272202 0.001858174
0.02970661 0.002024593
0.0281351 0.001968375
0.0489393 0.001905203
0.05668076 0.002008623
0.05252485 0.001789027
0.05049047 0.001886645
0.02967052 0.001772218
0.02258598 0.001760713
0.01049854 0.001647495
0.004315269 0.001586733
0.01328219 0.00177057
0.02146786 0.001617357
0.007691628 0.001654274
0.01510466 0.001668317
0.01066986 0.001569711
0.0006643296 0.00126426
0.001429182 0.001278691
0.003509346 0.001198931
0.006649625 0.001104456
0.005914865 0.001019379
0.005420486 0.0009392641
0.003974096 0.0008543339
0.005323381 0.0008453243
0.01180176 0.0008723542
0.01783833 0.0008011538
0.01869763 0.001054036
0.03409932 0.001029171
0.03950556 0.001078247
0.04668711 0.001291562
0.03981662 0.00130851
0.02413213 0.001559752
0.01998307 0.001617527
0.0150507 0.001538191
0.02058593 0.001614023
0.02843039 0.001443505
0.02236285 0.001356451
0.01370523 0.001196194
0.02109026 0.001198689
0.01325226 0.0008412969
0.007995487 0.0009883423
0.01082253 0.001030301
0.009648551 0.0007497665
0.01461184 0.0007694502
0.02899755 0.0007765536
0.02453309 0.0009721291
0.008005181 0.001016406
0.01535795 0.001066816
0.01815964 0.001119859
0.01257749 0.00105925
0.015307 0.001005329
0.02623729 0.001120666
0.03189125 0.001183204
0.0216762 0.001110683
0.02859698 0.001193107
0.03798238 0.001324502
0.05616601 0.001529068
0.0355625 0.001662948
0.05808252 0.001269935
0.0507019 0.001008576
0.07798648 0.001171322
0.05031134 0.001275394
0.06197078 0.001078307
0.06255074 0.001230055
0.05324563 0.001321945
0.07276944 0.001355129
0.05322848 0.001182991
0.03567433 0.001242115
0.02030715 0.001370947
0.0136814 0.001167642
0.01280978 0.001184651
0.01036213 0.001338104
0.01620067 0.001145294
0.01329355 0.0009859408
0.02425825 0.000855628
0.0383881 0.0008371743
0.03112588 0.0009355036
0.01332827 0.0009106461
0.04270505 0.000992649
0.02230433 0.0009789425
0.01698306 0.001001194
0.01124962 0.00102584
0.0151919 0.00101793
0.02199069 0.0009314975
0.01990161 0.0009934917
0.03490903 0.001207989
0.0407911 0.001142402
0.06052176 0.001099592
0.05013719 0.0009837301
0.05297663 0.001238639
0.05615622 0.001457037
0.04491145 0.00155477
0.03212904 0.001595618
0.03429335 0.001789741
0.0110846 0.002200369
0.01581669 0.001963775
0.01467943 0.002045455
0.01021719 0.001899106
0.01929604 0.00218848
0.02004992 0.002251294
0.02182582 0.001986489
0.03389654 0.002525182
0.02410889 0.00276659
0.01499827 0.002618029
0.02922156 0.00298235
0.01835162 0.003047504
0.03385453 0.002956929
0.02963811 0.002968732
0.04326259 0.002797465
0.04254321 0.0033771
0.04774126 0.003970587
0.03736785 0.004266944
0.03583685 0.004743201
0.01890021 0.003933579
0.01926774 0.003787258
0.008642511 0.00397435
0.0140098 0.00441962
0.002120945 0.005052319
0.01208165 0.004976454
0.009575106 0.004483416
0.02179009 0.004776082
0.02763067 0.004695965
0.03216711 0.004959018
0.01874412 0.005528194
0.01671827 0.006549941
0.007520269 0.006289321
0.007455621 0.005695469
0.002442143 0.007917147
0.002620856 0.008332498
0.006141718 0.008838802
0.0128169 0.008749909
0.01149198 0.008073771
0.01226635 0.009334555
0.009913052 0.009508423
0.01148298 0.009843022
0.01250551 0.01001171
0.005497004 0.01013665
0.0006959856 0.009226077
0.007463791 0.00991607
0.003370507 0.009522925
0.001016427 0.01176448
0.001460066 0.01163078
0.001353911 0.009345964
0.001659902 0.009641716
0.01572918 0.009189387
0.004440431 0.009391029
0.002349872 0.007304097
0.003284913 0.006959254
0.004491603 0.006372661
0.009816232 0.00560341
0.0122476 0.00565597
0.005528937 0.005348999
0.004703245 0.005884034
0.02037923 0.005616125
0.01440488 0.005442585
0.01522783 0.004989384
0.01832967 0.005839979
0.02410168 0.006019337
0.03258133 0.006636427
0.01289941 0.007668703
0.004546035 0.00847282
0.008725119 0.008212007
0.01087868 0.008750994
0.008307253 0.009771042
0.01135355 0.0100942
0.01050717 0.009489941
0.004192136 0.01033822
0.009587914 0.01011471
0.00182965 0.01411455
0.01067721 0.01274722
0.004045056 0.01334163
0.001037046 0.01317598
0.002805548 0.01339425
0.001040281 0.01411686
0.008849586 0.01433712
0.008372002 0.01357051
0.006783019 0.01267222
0.01806074 0.01133656
0.009525691 0.01134841
0.002707094 0.01058128
0.00595555 0.009362338
0.001476414 0.01079799
0.004497036 0.009223626
0.002178311 0.008458155
0.004356375 0.009666288
0.002272318 0.00887143
0.005173619 0.007629362
0.005571483 0.006718116
0.01714514 0.005827191
0.02746866 0.005767069
0.01853258 0.005864294
0.01148306 0.005966046
0.01025022 0.006316017
0.01232884 0.006286316
0.004584265 0.00854696
0.004106458 0.008570981
0.007073897 0.007566642
0.009587009 0.006948962
0.003391803 0.006715162
0.01378879 0.006543362
0.01792752 0.006874954
0.004988531 0.007098703
0.003167019 0.006626569
0.003357722 0.006531801
0.003257076 0.00601075
0.00123147 0.006309817
0.003954686 0.005883339
0.001043341 0.005470244
0.002900758 0.007161644
0.002874019 0.007714538
0.006716074 0.005787049
0.003883889 0.005548185
0.01367447 0.005846167
0.007007595 0.006187739
0.002456563 0.006163856
0.002173014 0.007191191
0.002026491 0.006256844
0.001124816 0.006292404
0.002375234 0.005626874
0.0004548602 0.004435368
0.006054601 0.004313721
0.008155153 0.004012233
0.003450432 0.00446002
0.01039444 0.004280547
0.005250985 0.004628819
0.02525905 0.004727316
0.02042381 0.004053547
0.02441398 0.003773976
0.02309491 0.003863263
0.01522381 0.003851981
0.003719946 0.003981522
0.005718679 0.004637861
0.0006393243 0.004676283
0.003897483 0.004761021
0.007795761 0.00402066
0.006857731 0.004631868
0.0003631485 0.004707877
0.006180768 0.004193364
0.01769532 0.003333582
0.01745687 0.003478287
0.0186809 0.003431893
0.03331757 0.003080881
0.04295925 0.003028361
0.03609673 0.003158848
0.06325653 0.003700911
0.06380865 0.003445615
0.04954163 0.003772222
0.03949996 0.003206221
0.01268379 0.002793603
0.01696781 0.002365016
0.02460971 0.002578103
0.03505798 0.002726826
0.03072095 0.002007631
0.03592458 0.001893259
0.0288598 0.001893092
0.03286792 0.001624087
0.02102663 0.001597847
0.01369453 0.001388205
0.02270363 0.001363809
0.0143542 0.001556149
0.01376893 0.001618335
0.01657617 0.001972178
0.02295035 0.002209906
0.03420358 0.002022407
0.05037401 0.002146516
0.03338995 0.001879439
0.02406116 0.001978495
0.01680659 0.002363224
0.02412048 0.002714214
0.02943721 0.002445751
0.03489106 0.002826913
0.05073522 0.002662716
0.03821218 0.003155121
0.02732645 0.00275299
0.008336878 0.002509697
0.01925067 0.002517859
0.04374044 0.002309501
0.03143615 0.002054595
0.01346324 0.002088005
0.02576461 0.001856165
0.02205124 0.00184883
0.02755741 0.002016583
0.0276245 0.001651587
0.01671772 0.001604462
0.01067436 0.001785534
0.01006322 0.001886838
0.008574615 0.002206655
0.01431487 0.002843575
0.01094852 0.002684019
0.01063222 0.002301959
0.0152901 0.002026927
0.02141284 0.001886086
0.01830597 0.001760611
0.01757795 0.002022109
0.008764039 0.00175126
0.02163482 0.001754746
0.01036899 0.001800831
0.01392221 0.001736495
0.02180114 0.002107919
0.02098399 0.00258768
0.01862043 0.00293749
0.02290162 0.003040034
0.03005596 0.002960768
0.02685721 0.002736768
0.01641408 0.002758205
0.01623027 0.00280057
0.007424886 0.002700677
0.01410251 0.002583208
0.01528017 0.002524208
0.02356199 0.002368869
0.02506511 0.002273257
0.02448481 0.002703661
0.01358247 0.003427609
0.007437311 0.003559927
0.00779448 0.003078778
0.01477851 0.002945647
0.01335322 0.002990451
0.02378005 0.002870299
0.01766162 0.00283017
0.03034187 0.002819495
0.03332066 0.002965593
0.03572653 0.002494175
0.0191871 0.002049974
0.02101284 0.002017187
0.01981858 0.00212531
0.02274859 0.002098879
0.02048191 0.002172148
0.003733508 0.00225354
0.01287323 0.002329595
0.0249825 0.002636042
0.01304953 0.002636287
0.01690364 0.00312311
0.02524419 0.003374152
0.02148573 0.003132271
0.02185414 0.003008618
0.02558314 0.003941126
0.02058402 0.004655111
0.03293118 0.005020769
0.0214961 0.004231282
0.04196055 0.003959175
0.05718162 0.004175254
0.04761343 0.004569624
0.03661927 0.00377105
0.03536441 0.004208236
0.03141302 0.004982908
0.0385011 0.00487302
0.0332425 0.005364421
0.0233962 0.004543792
0.01566788 0.003808328
0.01678575 0.003501064
0.01296326 0.003822218
0.002359937 0.003028353
0.005824474 0.003470592
0.006064848 0.0034091
0.01003802 0.003277569
0.0139001 0.003064054
0.0139586 0.003158641
0.01473509 0.003231543
0.007305633 0.003520478
0.01836589 0.002947967
0.03379599 0.002931891
0.01779319 0.003279876
0.0257882 0.003669918
0.03150032 0.003789083
0.0227677 0.004088663
0.01226992 0.003701295
0.008053776 0.003185323
0.004212216 0.003369482
0.006012864 0.003395296
0.007224403 0.003642336
0.01025936 0.003214274
0.01697287 0.003486757
0.02274764 0.003729227
0.02013215 0.004438011
0.02926123 0.004637988
0.009834437 0.003671945
0.003966843 0.003262798
0.008766246 0.002589944
0.003625648 0.002682028
0.006726048 0.002975471
0.00517112 0.003657214
0.01046069 0.003362203
0.01245118 0.002494724
0.007292929 0.002599874
0.00627119 0.002303635
0.0188742 0.002331724
0.0217517 0.002445196
0.02832548 0.002586573
0.02877879 0.002001416
0.01588125 0.001631117
0.01776836 0.001582386
0.01437212 0.001639301
0.00710649 0.001595423
0.02260921 0.00158175
0.03738615 0.001756221
0.04284467 0.001602227
0.03834449 0.001692536
0.03748167 0.001393918
0.02962338 0.001474462
0.02407927 0.001618335
0.02551483 0.001356159
0.01488783 0.001342046
0.01861879 0.001229607
0.04762766 0.001191229
0.03997128 0.001407003
0.04071324 0.001422629
0.0634534 0.001296646
0.06621242 0.001187871
0.05789322 0.001100704
0.0316083 0.001301465
0.02148806 0.001016934
0.02239942 0.001043177
0.03857747 0.001101919
0.04481188 0.00104841
0.03656213 0.001101927
0.04526088 0.001079976
0.05445104 0.001020161
0.03500458 0.001022313
0.03360245 0.001049662
0.03039202 0.0008586464
0.034846 0.0008358164
0.02116922 0.0008145984
0.0305264 0.001034051
0.03293396 0.00114011
0.03700923 0.001371082
0.03887119 0.001210499
0.06768456 0.001577164
0.05991659 0.00168775
0.03889839 0.00213688
0.03171343 0.00229618
0.0212157 0.002653805
0.02402584 0.002671086
0.02614765 0.003164192
0.04683302 0.003219613
0.01971617 0.003273957
0.02457237 0.003484219
0.008499888 0.003721435
0.006194734 0.004128749
0.002660591 0.003911933
0.003317226 0.003887977
0.006136822 0.004004638
0.003860447 0.00445041
0.0148002 0.004274016
0.005285142 0.004001657
0.01189973 0.003615817
0.01224252 0.003233799
0.01329707 0.00324765
0.004396825 0.003178205
0.005924007 0.003113648
0.01354463 0.003221506
0.02561245 0.003578334
0.01973888 0.003563116
0.02560115 0.003092487
0.02328539 0.00268652
0.03124905 0.002906023
0.02723493 0.002516363
0.00523121 0.002347044
0.006824716 0.002135425
0.01562009 0.002276796
0.00964023 0.00177047
0.01032816 0.00192345
0.0269372 0.002268939
0.03343338 0.002150092
0.02955904 0.002264674
0.03678854 0.002552839
0.01434317 0.003130242
0.03778656 0.003163444
0.03301812 0.003246359
0.02047709 0.00276912
0.03293901 0.002848094
0.06355217 0.003057592
0.05184261 0.0025784
0.05346265 0.002307923
0.04274963 0.002099403
0.05017786 0.002229137
0.0462428 0.002206245
0.032013 0.002115876
0.04455445 0.001882612
0.0388141 0.002019169
0.04672675 0.00156726
0.02069292 0.001603132
0.03037555 0.001859554
0.01316126 0.001791684
0.01080901 0.002435212
0.01994448 0.00189816
0.04783604 0.001916833
0.06359242 0.001830636
0.04512471 0.00173959
0.05519906 0.001818188
0.05261943 0.001691456
0.04727262 0.001601617
0.0734666 0.001776593
0.06060353 0.001750614
0.03254004 0.00162994
0.01449032 0.001651581
0.02021192 0.001489023
0.02698684 0.001622129
0.03827326 0.00141756
0.04684562 0.001226632
0.02866952 0.001031735
0.03692606 0.001363803
0.04972383 0.001317992
0.03726883 0.001361435
0.02784674 0.001435285
0.02818923 0.001538283
0.02856847 0.001568487
0.02013634 0.001740332
0.01014575 0.001648367
0.01720548 0.001648209
0.03039117 0.001535743
0.02070297 0.001418203
0.01746174 0.00127852
0.02139325 0.001351812
0.02476261 0.001270507
0.03101866 0.001327022
0.04498588 0.001479843
0.06118745 0.001427922
0.02353096 0.00155759
0.0521183 0.001648785
0.0565435 0.001272062
0.07961218 0.001221279
0.04170934 0.0009048769
0.04471467 0.001099752
0.05029704 0.001341416
0.05175619 0.001203719
0.04958387 0.001168533
0.0379285 0.001064667
0.05260452 0.001138014
0.05371069 0.001005596
0.03244934 0.001041887
0.03520412 0.001003072
0.05382631 0.0009964305
0.03656927 0.001137537
0.05065203 0.001180017
0.05326223 0.001153571
0.07622869 0.001057705
0.08458909 0.001203092
0.06585565 0.001097041
0.06234677 0.001206761
0.06531529 0.001257667
0.0666354 0.001330617
0.06725799 0.001203701
0.05148471 0.001202114
0.06745392 0.00118381
0.08235606 0.001033721
0.1132299 0.0009549981
0.09139122 0.001039315
0.1055888 0.001072288
0.0976664 0.001093759
0.09275907 0.001120573
0.09992631 0.001286332
0.073924 0.001462604
0.04879614 0.001482211
0.05831645 0.001380524
0.05941537 0.001554401
0.08176429 0.001283096
0.05197294 0.00165543
0.02833361 0.001463495
0.03555324 0.001668186
0.02213838 0.001513685
0.00395632 0.001588873
0.01082054 0.001766658
0.01702604 0.001711631
0.02297178 0.002073153
0.02563127 0.00205568
0.008777995 0.00208568
0.001446444 0.002346524
0.01534236 0.002127862
0.0095339 0.002279937
0.01027139 0.002481013
0.02142453 0.002727115
0.02718559 0.002691745
0.02094506 0.002848374
0.02278449 0.002685771
0.02832343 0.002430123
0.02902665 0.002238574
0.03443844 0.002749668
0.03186523 0.002702739
0.0259538 0.002546161
0.02037181 0.002645095
0.01580159 0.002792798
0.009607018 0.002572839
0.008623396 0.002960865
0.02362077 0.002975534
0.01675257 0.002546926
0.003147215 0.00238126
0.004529249 0.001942101
0.01180652 0.002010937
0.001183854 0.001930825
0.00384118 0.001853537
0.01492933 0.002175389
0.01357388 0.002832337
0.0136259 0.002779519
0.005076733 0.002924301
0.001890606 0.00284218
0.006084217 0.002545277
0.001365932 0.002129948
0.002659195 0.002273422
0.0004171513 0.002613126
0.007209076 0.002762213
0.006181316 0.002859138
0.01054363 0.003079055
0.01440384 0.003057866
0.01292316 0.003307627
0.01363132 0.003697363
0.02120791 0.0029798
0.03249849 0.002798928
0.02149098 0.002364199
0.02640835 0.002652854
0.03265389 0.002699276
0.04392245 0.002754865
0.03603565 0.002963747
0.01820167 0.002681193
0.01771151 0.002929015
0.02144225 0.002598524
0.03234338 0.00290216
0.01943768 0.002725953
0.02535887 0.002981798
0.01338792 0.002650853
0.01436949 0.002796427
0.01550961 0.002344016
0.005912513 0.002613166
0.02060575 0.002426732
0.04226824 0.002450964
0.07018247 0.002633226
0.03154491 0.002511933
0.0175895 0.003048271
0.02726632 0.003152624
0.04011684 0.002901379
0.0447072 0.002994477
0.06283493 0.002655303
0.05501932 0.002785045
0.05385699 0.002162277
0.03540988 0.002112189
0.03680556 0.001854712
0.06821783 0.001349872
0.09858405 0.00123237
0.06253049 0.001317689
0.0574763 0.001190709
0.05953481 0.001384496
0.04645403 0.00153789
0.05232734 0.001549938
0.07291148 0.001413888
0.05289352 0.001580208
0.04652692 0.001578458
0.05007287 0.001561617
0.07478053 0.001606022
0.1031808 0.001665371
0.1028578 0.001872669
0.08680868 0.001650657
0.08589523 0.001767734
0.1242026 0.001733609
0.08004535 0.0019792
0.06499058 0.001911833
0.05236432 0.002072727
0.02747837 0.002066367
0.01094661 0.001858964
0.007326047 0.00239825
0.02824233 0.002377519
0.03063739 0.001917063
0.03573136 0.002267805
0.01814805 0.002283296
0.01028976 0.002023819
0.006676007 0.001899911
0.01804554 0.00190532
0.01691255 0.002008171
0.01545838 0.001837946
0.008977544 0.002037742
0.02091973 0.002156026
0.02714389 0.002170246
0.02357856 0.001832535
0.006088861 0.002036045
0.006850834 0.002387994
0.009387915 0.002774303
0.001189601 0.00225588
0.00918462 0.002711958
0.002235893 0.002727283
0.009781079 0.002858083
0.01296433 0.003027863
0.0171836 0.003198158
0.005486789 0.003940831
0.01502663 0.00448502
0.0106467 0.004543766
0.01833477 0.004858636
0.01236083 0.004234269
0.02911867 0.004059966
0.01376255 0.003883125
0.03104224 0.003641987
0.03582335 0.003988145
0.01119795 0.004561541
0.009672318 0.003932987
0.01408826 0.003274067
0.01042521 0.00359171
0.008188544 0.004656558
0.01021949 0.004308721
0.01133362 0.00369616
0.01712923 0.003364644
0.01382505 0.003167431
0.008755533 0.003528273
0.01007029 0.002847979
0.006959591 0.002920949
0.02051304 0.002974247
0.03754133 0.002670193
0.03135671 0.002921459
0.01576492 0.003004695
0.02082355 0.003412343
0.01664728 0.003767178
0.02432937 0.004549416
0.02173895 0.004403745
0.01901958 0.004398697
0.02693079 0.005221212
0.0151108 0.004723933
0.01462491 0.00440443
0.006433723 0.00469149
0.003376411 0.004953578
0.01636927 0.004986812
0.02911049 0.004092869
0.02212415 0.003970743
0.03676493 0.003399285
0.03087933 0.003527687
0.02374876 0.003806493
0.02458993 0.003491116
0.01112031 0.002852289
0.01933392 0.002889801
0.03258892 0.002665377
0.0317492 0.0028379
0.04627761 0.002762819
0.03818925 0.002812053
0.05815357 0.00282869
0.06887665 0.003004841
0.05548176 0.002741969
0.04567156 0.002601467
0.02601637 0.002601612
0.03244027 0.002354935
0.04477047 0.002279296
0.04164586 0.002108272
0.03935786 0.0020146
0.03244296 0.001716792
0.05972154 0.001642278
0.06429132 0.001596292
0.0890097 0.001489536
0.1142591 0.001573358
0.1004665 0.002206562
0.1096158 0.001942549
0.1315601 0.002223142
0.1033264 0.002043767
0.07586258 0.002152947
0.05774888 0.001879837
0.04438449 0.002399506
0.03475758 0.002538417
0.02820506 0.002221095
0.06120958 0.002187808
0.03636771 0.002151646
0.03199071 0.002462408
0.02229107 0.002222984
0.02529784 0.001948759
0.01107774 0.001900765
0.01237812 0.001806384
0.007483967 0.001620678
0.01737079 0.001382593
0.01645054 0.001607704
0.02235739 0.001692502
0.01583044 0.001948934
0.01963035 0.002060818
0.01443776 0.002129059
0.02873284 0.00247402
0.01494522 0.002698131
0.01392237 0.002574676
0.02903865 0.002451705
0.02647668 0.002180412
0.0111026 0.002237894
0.0264842 0.00276068
0.03556085 0.002957602
0.0191475 0.003116802
0.02062987 0.003138634
0.02686214 0.00337988
0.01595553 0.002718097
0.02057043 0.002614592
0.01012477 0.002444443
0.01815117 0.002380637
0.0274759 0.001993764
0.05114949 0.00221817
0.02554499 0.001957759
0.03419634 0.00193218
0.06177088 0.002314743
0.0524037 0.002512602
0.06077846 0.002427685
0.0597076 0.0026526
0.07455348 0.002242224
0.08441994 0.002238265
0.05924357 0.00225991
0.05376635 0.00245
0.04072549 0.002363347
0.02215073 0.002336739
0.01730423 0.002020604
0.01781869 0.002292997
0.01052439 0.002493029
0.007753763 0.002890001
0.01067346 0.002724529
0.01397568 0.0030582
0.007519697 0.002792636
0.007824774 0.002991284
0.006311437 0.002921311
0.006276038 0.002874495
0.01994193 0.002620205
0.01809689 0.002922381
0.0219785 0.002720264
0.02704768 0.00257641
0.02465635 0.002763387
0.0287832 0.00281252
0.03679061 0.002687618
0.05136284 0.002756619
0.04133457 0.002895902
0.05830877 0.002426202
0.07446335 0.002493572
0.06739895 0.002088692
0.05927136 0.002156619
0.02675741 0.002035028
0.02005827 0.002016062
0.02081387 0.00221589
0.01028322 0.002160547
0.01363778 0.002075581
0.009633809 0.002127499
0.003902057 0.002051431
0.003720265 0.001897942
0.005987071 0.001938908
0.01227419 0.002040144
0.03009011 0.002163102
0.04556457 0.002170435
0.07289445 0.002253932
0.06091619 0.001794786
0.08403346 0.002003739
0.07704198 0.001929363
0.05514272 0.001835204
0.05802526 0.002118863
0.02580167 0.002439217
0.03400074 0.002407481
0.03473786 0.002735448
0.01934026 0.003117401
0.01738264 0.003328212
0.01938148 0.003344337
0.002635938 0.002737708
0.001664321 0.002492233
0.001465973 0.002513635
0.007807242 0.002110457
0.005842178 0.001986108
0.008258591 0.001860933
0.01356812 0.00220071
0.01073529 0.001663367
0.01859397 0.001513656
0.03069796 0.001724352
0.02184952 0.001915562
0.02233446 0.001893096
0.01048827 0.00163345
0.002248223 0.001948028
0.01165547 0.001856988
0.03119513 0.001596548
0.02677445 0.001290323
0.03539048 0.001394655
0.03289221 0.001413832
0.02063677 0.001463253
0.02992524 0.001484545
0.02816609 0.001521951
0.06038659 0.00140858
0.04036941 0.001287326
0.06192175 0.001463078
0.03535107 0.001431739
0.03040233 0.001227301
0.04153331 0.001313207
0.09269599 0.001432717
0.08661183 0.001483742
0.08537763 0.001461448
0.06152418 0.00134395
0.05922834 0.001347642
0.06787234 0.0017313
0.06713023 0.001838409
0.06261879 0.001543398
0.03957073 0.001663434
0.03315097 0.001516109
0.06845463 0.001543461
0.06514671 0.001505414
0.02773816 0.00179165
0.05202613 0.001697823
0.02842105 0.001792887
0.06136305 0.001880538
0.03485351 0.002190322
0.034614 0.002037852
0.01598394 0.002124287
0.006339019 0.002658943
0.01580461 0.00263013
0.02482632 0.002451266
0.02187085 0.002429892
0.02060404 0.002624478
0.009473968 0.002566348
0.02294826 0.002537478
0.0135429 0.003232721
0.01022026 0.002739254
0.01012469 0.002970127
0.002383025 0.002882565
0.001476063 0.002922036
0.003143681 0.002508941
0.001386272 0.002584491
0.01662356 0.002662101
0.01765076 0.003100756
0.03065272 0.002603403
0.02616968 0.002707453
0.05730856 0.002072777
0.08594751 0.002031142
0.06699496 0.001946208
0.07065133 0.001899329
0.05752556 0.001875302
0.06681703 0.001817395
0.03672285 0.001905383
0.04389347 0.001906568
0.05804713 0.001828467
0.02661438 0.00180486
0.010663 0.001894822
0.01232204 0.00210943
0.01015169 0.00208252
0.009809013 0.002096405
0.001428118 0.002136855
0.006498355 0.001933055
0.01312826 0.001843928
0.010724 0.001744111
0.01494398 0.001670368
0.02434668 0.001905685
0.02531739 0.001659406
0.02444981 0.001702466
0.0104985 0.00167065
0.01490733 0.001426752
0.02190533 0.001453337
0.02714526 0.001209468
0.03157769 0.001154564
0.02900094 0.00125589
0.01413192 0.001348449
0.01983613 0.001295029
0.008362161 0.00110619
0.01719963 0.001056682
0.02101367 0.001028484
0.055959 0.001182832
0.04571584 0.001104694
0.04073453 0.00105888
0.04179854 0.00087661
0.04306363 0.0008922677
0.03556005 0.000884718
0.03272625 0.001143371
0.03417888 0.001242669
0.02672712 0.001344136
0.0243775 0.001364951
0.01996562 0.001451692
0.04124784 0.001756693
0.0152703 0.00177636
0.026486 0.001529949
0.03437929 0.001338301
0.03784656 0.001426751
0.04555472 0.001537697
0.03378413 0.001512417
0.0524631 0.001409646
0.03695672 0.00131646
0.02741517 0.001097577
0.0541712 0.001136833
0.04647159 0.001048569
0.05897807 0.0008591004
0.04006392 0.0009181469
0.03503683 0.001144746
0.02392754 0.001248572
0.03953146 0.001282056
0.05745371 0.001194118
0.0413883 0.001167531
0.05457859 0.001216564
0.04120838 0.001453209
0.03041533 0.00137218
0.04743438 0.001451394
0.04109537 0.001701126
0.0622061 0.001683838
0.07562774 0.001582487
0.03415856 0.001472249
0.04167011 0.001477274
0.06079476 0.001389924
0.07710254 0.001694617
0.05676844 0.001517774
0.04814113 0.001360363
0.0406468 0.001471615
0.06000329 0.001438296
0.05977761 0.00148793
0.07530677 0.001374178
0.06753722 0.001526454
0.07746121 0.001476212
0.0778274 0.001603014
0.03869865 0.001625269
0.06281733 0.001683028
0.07027019 0.001804996
0.06925269 0.001539326
0.04792126 0.001577736
0.06293506 0.001514672
0.05187513 0.001470921
0.0566011 0.001388326
0.0425439 0.001259603
0.01472488 0.001301984
0.02048753 0.001375562
0.04023327 0.001283134
0.043845 0.001056966
0.0340281 0.001164072
0.03101163 0.001217124
0.02614509 0.001104589
0.03004043 0.001064337
0.04351363 0.001054892
0.03959305 0.001007968
0.04083306 0.001169308
0.05142681 0.00108556
0.05956667 0.001224278
0.06516173 0.001231561
0.05513369 0.001123307
0.07026794 0.0009804176
0.07232056 0.0009218476
0.06417932 0.0009439303
0.04719498 0.0008414622
0.01354232 0.001077712
0.02191709 0.001070254
0.03779605 0.001069472
0.04519903 0.001008699
0.05041146 0.001214767
0.03079465 0.001090928
0.02227745 0.001171404
0.02632416 0.0011673
0.03889945 0.001217354
0.03079088 0.001291205
0.05147373 0.001026804
0.04495994 0.001059059
0.02700597 0.0009551793
0.01189002 0.001134966
0.01137905 0.001157566
0.007052595 0.001055332
0.02945689 0.001012099
0.0206056 0.0009554929
0.0240319 0.000850865
0.009668462 0.0008826863
0.02216673 0.0007440282
0.02851975 0.0007923525
0.03794346 0.0007926951
0.02041402 0.0009219965
0.02086139 0.000975835
0.01858164 0.001083515
0.01662672 0.001124736
0.01185987 0.001097474
0.003256113 0.001517176
0.007394827 0.001494289
0.01014854 0.001338048
0.02876693 0.001556948
0.06089682 0.001524934
0.05929266 0.001959921
0.04158628 0.00191827
0.02162065 0.001692226
0.02296736 0.001661626
0.04421206 0.001623149
0.04645279 0.001632462
0.02475944 0.001287466
0.0248482 0.001266049
0.03346391 0.001182656
0.02191635 0.001207856
0.01620036 0.001290104
0.01536655 0.00126271
0.01676183 0.001424008
0.01549334 0.001576174
0.006950053 0.001518767
0.002825979 0.001786598
0.002240974 0.002162832
0.009517049 0.002195967
0.01830351 0.002475667
0.01427598 0.002143252
0.01906259 0.002349497
0.01533055 0.00279178
0.02983612 0.002416089
0.02579797 0.002797385
0.0334084 0.002527082
0.03028494 0.00254387
0.02686646 0.002945822
0.04198423 0.002671982
0.04799329 0.002853207
0.05818551 0.002576947
0.06793179 0.002570151
0.04699987 0.002183032
0.04563566 0.002088168
0.07219825 0.001973481
0.06965016 0.002181796
0.04917802 0.002374034
0.04085868 0.0020726
0.06375164 0.002220134
0.03380002 0.00248577
0.02088913 0.002562613
0.006712884 0.002769563
0.002681684 0.003049051
0.00919535 0.003263169
0.008902009 0.003552604
0.0005515809 0.003509341
0.008183145 0.004372291
0.00179082 0.00580864
0.004451501 0.005379572
0.0136242 0.005764569
0.026091 0.005470814
0.03334015 0.005112393
0.03951837 0.005196024
0.02994717 0.004632019
0.01129309 0.003943869
0.01137481 0.003888326
0.005048367 0.003253283
0.01578292 0.002685503
0.02133898 0.00245361
0.02609326 0.002295044
0.01915991 0.002325058
0.03162578 0.002257465
0.02121995 0.002252261
0.01883404 0.002210148
0.02775988 0.002299861
0.01874676 0.002081452
0.01321495 0.001916736
0.0138777 0.001770015
0.01407761 0.001923793
0.005478435 0.002198049
0.00825958 0.002220781
0.0136867 0.002002062
0.006874194 0.001583669
0.02068914 0.001888108
0.006350743 0.00202071
0.003481348 0.002078288
0.002034117 0.002010781
0.004719262 0.0021059
0.003476939 0.002356664
0.002315717 0.003347444
0.007612299 0.002844567
0.01241805 0.002449485
0.01272695 0.002368187
0.0179321 0.00240228
0.01388567 0.002602872
0.01701735 0.002286244
0.01267247 0.002471361
0.01464812 0.002432607
0.03596129 0.002398325
0.02138416 0.002702296
0.01966967 0.002554879
0.02481363 0.002273089
0.02717928 0.002229625
0.02314361 0.001976821
0.03002042 0.002058616
0.03642979 0.002481015
0.03374393 0.002595268
0.01759454 0.002453763
0.010283 0.002145128
0.02473767 0.002313912
0.02398251 0.001984993
0.0219088 0.001908368
0.02643159 0.001748446
0.03268102 0.001829779
0.01893628 0.001737616
0.01516419 0.001601868
0.006206506 0.0018192
0.002880478 0.001717569
0.001313954 0.001693435
0.00374453 0.001680563
0.004230476 0.001967911
0.0291075 0.002222575
0.02734752 0.002815807
0.02899919 0.002941036
0.005519556 0.002560347
0.005227352 0.002646481
0.003129523 0.002160895
0.00737725 0.002105838
0.0006307902 0.001957468
0.004759889 0.00179776
0.009244648 0.001673341
0.02121753 0.001692171
0.03435535 0.001936057
0.02629575 0.001727678
0.04814816 0.001913046
0.0437207 0.002338553
0.02408908 0.00213969
0.02201447 0.001875153
0.01978908 0.001939973
0.01227281 0.001933281
0.03016091 0.001833267
0.04169691 0.001514378
0.04523597 0.002013654
0.03494291 0.001664322
0.04239184 0.001864547
0.04588816 0.001807034
0.04969959 0.001814715
0.03645403 0.00234224
0.03397199 0.002793408
0.03064685 0.002817402
0.03057475 0.002311351
0.03235734 0.002226213
0.03060526 0.002316542
0.03785593 0.002436221
0.03817324 0.002389784
0.02913028 0.00234969
0.02981487 0.002305838
0.03842692 0.002183319
0.0586568 0.002080499
0.04624483 0.002258633
0.04186427 0.002281081
0.03593034 0.002226242
0.03552666 0.002090255
0.0239836 0.0020981
0.05042097 0.001702303
0.05114255 0.001837269
0.05222449 0.002014094
0.04590959 0.001761005
0.03859914 0.001915871
0.03411033 0.001715626
0.03406106 0.001650719
0.02515347 0.001600501
0.02498241 0.001327118
0.01927581 0.001539311
0.0122842 0.001623301
0.006189843 0.001940334
0.01210176 0.002343383
0.01999828 0.002143286
0.0142261 0.0023396
0.004659624 0.002685859
0.005499575 0.003012362
0.008392957 0.003447462
0.008880662 0.003518382
0.008506674 0.00304025
0.001183483 0.003224111
0.001034316 0.00381583
0.003459537 0.004531066
0.007113081 0.004160138
0.01844897 0.003537987
0.01541098 0.003054755
0.01681057 0.002964699
0.01090871 0.002923187
0.00630847 0.003187653
0.01218607 0.003131858
0.01163757 0.003035527
0.02219092 0.0028214
0.02967272 0.002860565
0.02681036 0.00342348
0.0277385 0.003685503
0.03024438 0.002999595
0.03037024 0.002874618
0.01847011 0.003208132
0.01280549 0.003706761
0.02939839 0.003270237
0.0281945 0.00348869
0.03290092 0.003180547
0.02873675 0.003181614
0.02450062 0.003911686
0.007881557 0.004006342
0.01298147 0.004129218
0.01340377 0.003845673
0.01642882 0.00314544
0.01722198 0.002996531
0.01747051 0.00313063
0.008401292 0.002760612
0.01549075 0.002965994
0.006084068 0.003415713
0.00433789 0.003157207
0.01393825 0.003305644
0.03156097 0.003001679
0.03081483 0.003185869
0.04808317 0.003012472
0.02422406 0.002680204
0.02547418 0.002783975
0.02842422 0.002300727
0.0445914 0.002374369
0.02457003 0.002737654
0.03686511 0.002462463
0.03380735 0.00280747
0.05435922 0.002973209
0.05320153 0.002920021
0.03009094 0.003340178
0.03308737 0.003252189
0.03733248 0.003313743
0.01618781 0.002442726
0.004617188 0.002892117
0.01180175 0.002531089
0.006307789 0.002247132
0.001947165 0.002399113
0.003176646 0.002367339
0.008861079 0.002217832
0.001402344 0.002277129
0.002609195 0.002047649
0.00492287 0.001988646
0.002973919 0.00205939
0.0002265927 0.002106147
0.000694878 0.002192163
0.01112055 0.002263866
0.0144191 0.0018536
0.0147199 0.002104786
0.01345437 0.001893571
0.02925675 0.001584986
0.02553097 0.001480041
0.02352608 0.001618716
0.02567273 0.001790485
0.01347858 0.001628684
0.01241076 0.001855363
0.02152073 0.001927109
0.0350051 0.001769711
0.04834429 0.001632599
0.08906416 0.001609182
0.07836671 0.001733319
0.047294 0.001320775
0.05560219 0.001342425
0.05075088 0.0015992
0.03285828 0.001782997
0.05342429 0.002169565
0.02758013 0.002190253
0.02269104 0.002362591
0.02207864 0.001991545
0.02192323 0.001551296
0.03435708 0.001805515
0.03119741 0.001783243
0.02730273 0.00198072
0.04964634 0.001808979
0.05478066 0.001633402
0.03665466 0.001406064
0.03099529 0.001557699
0.05733236 0.00143072
0.08114293 0.001736139
0.03410292 0.001779319
0.01584492 0.00211216
0.01643565 0.002039773
0.01157429 0.002077088
0.01682785 0.002138102
0.03105384 0.002290208
0.01506095 0.002297174
0.02795832 0.002369866
0.01032092 0.001946159
0.02403983 0.001800258
0.01240474 0.001745646
0.0454573 0.001555515
0.06238694 0.001640163
0.08480203 0.001779187
0.05194384 0.001965613
0.05098869 0.002025304
0.02651967 0.0017618
0.03012964 0.00185897
0.0144211 0.001734957
0.03190969 0.001661255
0.03959142 0.00181203
0.02966938 0.00213878
0.03896708 0.00216277
0.06278423 0.002095135
0.04115591 0.002056141
0.04092243 0.001918123
0.03881735 0.001849887
0.02258215 0.001603303
0.01921478 0.001625649
0.02069513 0.001498003
0.009066879 0.001536304
0.02019266 0.001449546
0.02546123 0.00137968
0.04967094 0.001228583
0.04394628 0.001374299
0.06969834 0.001455548
0.0646933 0.001467055
0.06449239 0.001425065
0.0548778 0.00126203
0.0202773 0.001164307
0.01084328 0.0012914
0.002042993 0.001336678
0.004360122 0.001376972
0.02460337 0.001026755
0.02968847 0.001185547
0.01997883 0.0009830049
0.01803213 0.0008680796
0.02071217 0.0008291446
0.02477937 0.0009322902
0.01733836 0.0008198536
0.02819917 0.0007452533
0.0124685 0.0009648452
0.01591038 0.001043465
0.02071883 0.001238134
0.007331643 0.001291993
0.005153483 0.001293363
0.002384418 0.001332802
0.009632102 0.001556031
0.01021931 0.001512557
0.01360018 0.001550583
0.04239669 0.001798107
0.02224923 0.002345003
0.01219362 0.002826412
0.01183046 0.002937632
0.01251304 0.002866008
0.01037445 0.002529732
0.0156104 0.001952861
0.01178747 0.001616877
0.02586383 0.001584918
0.01954868 0.001357017
0.02023769 0.001278634
0.01486153 0.001294067
0.01241193 0.001480908
0.01860134 0.001382084
0.01165634 0.001700973
0.02099452 0.001483701
0.02686353 0.001407543
0.01362103 0.001297588
0.01863357 0.001333428
0.006893508 0.001322459
0.01167336 0.001285077
0.01271859 0.001349279
0.002054951 0.001221945
0.01719368 0.00130301
0.02208635 0.001434613
0.04023935 0.00137952
0.04251309 0.001259116
0.01650199 0.001199359
0.01184051 0.001183008
0.02991684 0.001325228
0.06120136 0.001250462
0.05434695 0.00132415
0.02590199 0.001466219
0.03507097 0.001221714
0.04796072 0.001146599
0.02447039 0.00116293
0.0413626 0.001002366
0.04536968 0.001074209
0.03390963 0.001143581
0.02507943 0.00134394
0.01637918 0.001329212
0.01612935 0.00142113
0.01467853 0.001297952
0.0128703 0.001422723
0.02121764 0.001253567
0.01449256 0.001398942
0.02981522 0.001182626
0.04144396 0.001197536
0.04650827 0.001104787
0.04316481 0.001098719
0.05200401 0.00106941
0.03372513 0.001252348
0.06645655 0.001155218
0.06056054 0.001240672
0.04424722 0.001442971
0.04100639 0.001523481
0.03322366 0.001370818
0.03059103 0.001419409
0.03197939 0.001442159
0.0688884 0.00132548
0.02867568 0.001288487
0.03158314 0.0011512
0.04865141 0.001116228
0.03040745 0.001218876
0.03566141 0.001136831
0.04426242 0.001245257
0.04931886 0.001251326
0.02954336 0.001265395
0.01686449 0.001053792
0.03487675 0.001041181
0.04151395 0.001264069
0.02023877 0.001361728
0.01369539 0.001258551
0.02103841 0.001300608
0.0413006 0.001482814
0.04632598 0.001525897
0.02825753 0.0013982
0.04557133 0.001395851
0.04758712 0.001471459
0.06347349 0.001487817
0.04580726 0.001423115
0.0495382 0.001340823
0.05799476 0.001263315
0.03323948 0.00113113
0.04272933 0.001087797
0.05579484 0.001114117
0.04666298 0.001071403
0.02564845 0.001076469
0.03552913 0.001077838
0.05925308 0.001145035
0.06385622 0.001128621
0.06732032 0.00125617
0.03345154 0.001545792
0.02705951 0.001780442
0.01692983 0.00197043
0.01663061 0.001822076
0.01138841 0.001555834
0.001707621 0.001426552
0.01926194 0.001470635
0.01872744 0.001337641
0.04032456 0.001538759
0.03446511 0.001672804
0.03173146 0.001987359
0.0129845 0.002104018
0.02008607 0.002159167
0.01452984 0.002518583
0.01787914 0.002258617
0.04013221 0.002286733
0.04047048 0.002234722
0.06164417 0.002185606
0.04689355 0.001890716
0.03667243 0.002063233
0.01477485 0.002235682
0.004442935 0.002631738
0.01345363 0.002431682
0.009957514 0.002310109
0.009662482 0.001925724
0.01272731 0.00204547
0.02765198 0.002021356
0.02485214 0.001536429
0.02771102 0.001594141
0.04050296 0.001866911
0.03311741 0.002438958
0.02545 0.002534155
0.02329902 0.002643579
0.01115095 0.002723878
0.0203994 0.002876946
0.02961574 0.002915478
0.04953432 0.003133957
0.04485675 0.002954757
0.03604921 0.002577428
0.01568814 0.002806879
0.01102286 0.002461992
0.007716569 0.002280792
0.01215948 0.002282277
0.01583681 0.002068369
0.02620313 0.002132778
0.02159914 0.002506038
0.01263859 0.002792314
0.001685104 0.002725069
0.004662616 0.002823403
0.002389734 0.002903281
0.004318331 0.003150208
0.005574204 0.002305154
0.007316523 0.002189173
0.006433985 0.002104781
0.008686696 0.00217638
0.007509923 0.002454875
0.00824898 0.001984484
0.01151031 0.002248511
0.01004165 0.001925245
0.03385067 0.001986093
0.03774667 0.001676695
0.05250579 0.001550436
0.02599689 0.001698213
0.02599483 0.001767848
0.02942111 0.001801973
0.0209065 0.001637151
0.02435298 0.001839754
0.01458363 0.001742322
0.0160239 0.001709641
0.02081271 0.002162988
0.01611242 0.001739903
0.0115209 0.001858091
0.01054802 0.001820555
0.02997064 0.001955563
0.03699264 0.001705775
0.04306548 0.001588066
0.03323631 0.001354754
0.02378324 0.001086246
0.02290564 0.000894384
0.01841894 0.0009456354
0.02067938 0.0008771184
0.01126064 0.0009447822
0.0218328 0.00117519
0.03588581 0.001280986
0.04225113 0.001177731
0.05350342 0.00135461
0.06149917 0.001440865
0.05770686 0.001340607
0.02177374 0.001418088
0.0367842 0.001316339
0.04621597 0.001047835
0.06590153 0.001035135
0.03733351 0.000921757
0.02182664 0.0009489827
0.04687432 0.0009127469
0.04651967 0.001203219
0.05911377 0.00124959
0.06413061 0.00114761
0.05579758 0.001067492
0.08163494 0.0009148944
0.07544132 0.0009160836
0.07901997 0.0008374207
0.06728279 0.0008417272
0.06844805 0.001248589
0.06529757 0.001408006
0.1064263 0.001578356
0.06304902 0.001792357
0.06658078 0.001755594
0.04685908 0.00192642
0.04562913 0.001818678
0.01924188 0.001828172
0.02231654 0.001642582
0.0143356 0.001769142
0.008657995 0.001991972
0.01861767 0.002092801
0.02310347 0.002557894
0.02055112 0.003038575
0.04237891 0.002777455
0.03817046 0.002896034
0.03763211 0.002649845
0.02522281 0.002361253
0.03748798 0.00274438
0.04744726 0.002651511
0.02882167 0.002493876
0.01917851 0.002903025
0.01131875 0.0028782
0.02272419 0.003121169
0.01332355 0.003472706
0.01239663 0.003732506
0.01724026 0.003533978
0.009852184 0.003895772
0.01134405 0.003130757
0.01774134 0.003600314
0.01638485 0.004241812
0.01059696 0.00504858
0.0176646 0.005294821
0.01484286 0.004998423
0.01163371 0.004543274
0.0245575 0.005047799
0.03861455 0.003998596
0.02249524 0.004249823
0.02726273 0.004081636
0.01177246 0.004544533
0.00364399 0.004532291
0.01795271 0.004140198
0.02754501 0.003637378
0.03980676 0.003104428
0.02062736 0.00282115
0.01322893 0.003794893
0.02096581 0.003198131
0.0206075 0.003857152
0.03360855 0.00374373
0.04118585 0.00379097
0.02672936 0.003394998
0.03920641 0.002878469
0.02675784 0.002539632
0.04861433 0.002650925
0.03850081 0.00231315
0.03137428 0.002536775
0.01233887 0.002639275
0.01161154 0.002655856
0.01258557 0.002313114
0.01161509 0.002767183
0.006800947 0.002917795
0.01750323 0.002983131
0.01754597 0.002665178
0.02563882 0.002362236
0.02574599 0.002298231
0.01222778 0.002102637
0.01956954 0.002389912
0.01713746 0.002145973
0.02293725 0.00222067
0.03204873 0.002451135
0.04492327 0.002150441
0.057554 0.002322321
0.04607199 0.001941562
0.02827368 0.002140661
0.02648821 0.002634634
0.0154111 0.002830225
0.01209147 0.002804991
0.01332078 0.002575305
0.02029261 0.002984243
0.0214535 0.00308915
0.01041368 0.003031973
0.005624245 0.003250668
0.001356572 0.002863959
0.001422659 0.002912376
0.0006052962 0.002459432
0.003083846 0.002550982
0.01292506 0.00338408
0.006259236 0.003335667
0.004532824 0.003836524
0.002686902 0.00405453
0.008634545 0.003223042
0.02465429 0.003197671
0.02734462 0.002845755
0.03614891 0.002131444
0.05207972 0.002144646
0.04323284 0.00185112
0.03310323 0.00185455
0.02263887 0.001769438
0.01219766 0.001757094
0.01523384 0.001827259
0.01619907 0.001591502
0.02597573 0.00159162
0.03154488 0.002109415
0.02763202 0.002365741
0.03467403 0.002134832
0.04965191 0.00203757
0.048058 0.002000811
0.03308132 0.002413725
0.07585015 0.002176625
0.08898694 0.002064651
0.07067179 0.002158005
0.08300222 0.001803393
0.05983172 0.001721293
0.06599261 0.001533062
0.06787558 0.0013631
0.07010486 0.001422769
0.05410872 0.001296609
0.05425768 0.001417136
0.02693478 0.001639962
0.01945198 0.001694159
0.007527163 0.001469458
0.01159448 0.001413567
0.02545977 0.001402387
0.02176688 0.001559128
0.03027334 0.001896952
0.05071847 0.001326758
0.05380929 0.001628137
0.03663086 0.001708116
0.02437649 0.001630579
0.01188033 0.001310008
0.002781461 0.001403849
0.001028876 0.001380222
0.01496188 0.001631038
0.01856387 0.001454858
0.01203858 0.001438451
0.009118686 0.001602919
0.01431005 0.001818011
0.005621655 0.001770251
0.01100189 0.001920949
0.01511334 0.001680069
0.0164236 0.002065208
0.02041903 0.002175809
0.02011825 0.002305997
0.02506878 0.002527009
0.007214611 0.002688425
0.0159445 0.002918883
0.01750643 0.003123834
0.02194262 0.003378312
0.01315338 0.003358617
0.01641242 0.003577477
0.02436627 0.003358674
0.02187931 0.003696497
0.01407128 0.003130006
0.0288792 0.00265868
0.02855134 0.002456683
0.03699326 0.002365063
0.04700891 0.002344984
0.07316952 0.002153062
0.05844062 0.002132914
0.0439579 0.00205542
0.04907998 0.002060318
0.04475385 0.002138194
0.03490777 0.002413424
0.03098454 0.002325119
0.02204734 0.001951252
0.02437543 0.001943432
0.01010336 0.001980777
0.02393036 0.001983062
0.01007242 0.001873932
0.0218701 0.00203403
0.0319005 0.001803443
0.02255917 0.001922053
0.01828067 0.001909397
0.02996634 0.001885737
0.02281924 0.001829001
0.03534697 0.001687556
0.06298302 0.001537279
0.07167025 0.001383589
0.06352914 0.001563271
0.07172545 0.001689569
0.06270149 0.001358218
0.06463271 0.001369236
0.07249621 0.001410214
0.05831486 0.001557826
0.04715072 0.001213489
0.02950068 0.001273851
0.0628698 0.001306587
0.06713328 0.001251897
0.05830524 0.001247741
0.077525 0.001237776
0.0603964 0.001085922
0.03736476 0.001224968
0.04883622 0.001309866
0.04413414 0.001149582
0.05421754 0.001110994
0.08451985 0.001363054
0.09431136 0.001107152
0.1118119 0.001097379
0.08660143 0.001144004
0.07537912 0.001168425
0.06324451 0.00112859
0.04702172 0.0009736967
0.02858355 0.001048781
0.02959369 0.001040074
0.04728309 0.001069419
0.02970321 0.0009559803
0.06203582 0.0009582937
0.06084758 0.0008671091
0.04039435 0.0008486773
0.04491618 0.0009937664
0.06069421 0.001117444
0.04256069 0.00110498
0.06897912 0.0009758415
0.05794142 0.001275119
0.05866927 0.001154878
0.05281616 0.001204715
0.01736892 0.001178599
0.0244785 0.001093971
0.04869375 0.001204606
0.04961495 0.001293029
0.05710805 0.001260642
0.06015268 0.001220842
0.05909196 0.001176807
0.07122489 0.001309456
0.04912131 0.001472028
0.06975308 0.001522348
0.06230443 0.001371972
0.05869866 0.001258326
0.09614719 0.001229995
0.08011416 0.001223548
0.1063882 0.00106438
0.1529715 0.001249384
0.1548608 0.00147552
0.1009349 0.001423369
0.05455483 0.001348902
0.04296301 0.001313162
0.05066887 0.001265323
0.03538505 0.001276642
0.0314844 0.001190353
0.0372666 0.001210707
0.03069685 0.001077317
0.04244589 0.0009626449
0.04124311 0.0009594352
0.02716704 0.0009896885
0.03040119 0.001173154
0.04267402 0.001406958
0.03793745 0.001424971
0.02959902 0.001403526
0.04245528 0.001393127
0.0427131 0.001253061
0.04166978 0.001148244
0.04158115 0.001072082
0.0220125 0.001201387
0.01895737 0.001242969
0.03751986 0.001374638
0.03248005 0.001483766
0.05255178 0.001462291
0.0559758 0.001311904
0.06684364 0.001154955
0.0872445 0.001202489
0.09014764 0.001203309
0.08635038 0.001226746
0.09620097 0.001331438
0.08400108 0.001123498
0.07408555 0.001227923
0.06538903 0.001167976
0.05525243 0.001327694
0.02765234 0.001839217
0.01925922 0.002048469
0.01388338 0.001885545
0.01338348 0.001754761
0.02066386 0.001693919
0.0102936 0.001767136
0.03810973 0.002002711
0.01001486 0.001804328
0.0025633 0.001997457
0.004350393 0.002411638
0.006543868 0.002499423
0.02409638 0.002811984
0.03954421 0.00257636
0.01553707 0.002611589
0.02996658 0.003258912
0.05255061 0.003543556
0.04154005 0.00340334
0.04129314 0.002741079
0.06040122 0.002640089
0.05653734 0.002358326
0.05576788 0.002521195
0.07704426 0.001972193
0.05980059 0.002073114
0.06320916 0.001964474
0.06320538 0.002013339
0.04273137 0.001683255
0.05014342 0.00171821
0.03486904 0.001309475
0.03743079 0.001314453
0.06372377 0.00144331
0.04824005 0.001644914
0.05839735 0.001530715
0.07424388 0.00175302
0.07589434 0.001693405
0.0690214 0.001752512
0.07374904 0.001887675
0.07412284 0.001636086
0.07549435 0.00163491
0.1059329 0.001800739
0.08167684 0.001795139
0.07785371 0.001465042
0.06840467 0.001460974
0.07676497 0.001465541
0.09436621 0.001234349
0.07508318 0.001355986
0.07513991 0.001195617
0.04471465 0.001238605
0.0521648 0.001123219
0.03329587 0.001021246
0.03403068 0.001012462
0.0537536 0.001158862
0.05270319 0.001087114
0.08139266 0.001026859
0.07758544 0.0009275757
0.08340199 0.001101811
0.09219956 0.001346093
0.06090902 0.001240491
0.06930483 0.001290272
0.07272102 0.00132758
0.05109057 0.001411639
0.03462094 0.001638535
0.05014978 0.001533348
0.03359863 0.001542679
0.05078594 0.001854548
0.04826212 0.001856739
0.07340492 0.001815211
0.07472444 0.002188243
0.04940091 0.002242673
0.06181567 0.002321377
0.02787372 0.001944412
0.03698443 0.001433232
0.04291325 0.001345107
0.02406907 0.001408506
0.03040223 0.0012546
0.02400442 0.00129752
0.01671575 0.001503458
0.02468666 0.00135386
0.01038434 0.001343516
0.01558793 0.001458691
0.008044155 0.001326989
0.01202319 0.001036219
0.007711428 0.0009503518
0.02246096 0.0008229125
0.01799014 0.0008008274
0.03539237 0.0008577324
0.02804339 0.0009069556
0.02428667 0.0008172573
0.02312746 0.0007862998
0.02274956 0.0008143726
0.02585018 0.00103078
0.04824699 0.0009515709
0.0222273 0.0008399102
0.03802625 0.0009854055
0.01395808 0.001097027
0.02193598 0.001020558
0.03276459 0.0009650294
0.03004092 0.001128524
0.03772809 0.001032353
0.04662354 0.001171926
0.05687972 0.001233272
0.0643103 0.001306228
0.04492612 0.001383971
0.07867134 0.001309733
0.07537261 0.001572841
0.07253211 0.001811931
0.04707601 0.002236829
0.03560788 0.002583291
0.03065466 0.002387466
0.05718796 0.002421197
0.04907679 0.002325781
0.06986633 0.002064369
0.08201658 0.002165716
0.04873388 0.002114279
0.04043083 0.00221937
0.06572154 0.002603918
0.05084751 0.002801982
0.0340999 0.003398189
0.03058461 0.003086195
0.02082034 0.003214882
0.01841054 0.003011007
0.01748657 0.00366568
0.02155958 0.00383028
0.02726441 0.003984791
0.01994938 0.003690147
0.02123805 0.004253177
0.008517021 0.003829882
0.01935503 0.003269427
0.04987073 0.003098351
0.04397963 0.003044586
0.02586108 0.002655046
0.0152019 0.002568513
0.01956348 0.002379141
0.01934912 0.002753503
0.006643201 0.00294813
0.03478001 0.003100473
0.04447171 0.003181359
0.0220344 0.003535934
0.02081991 0.003910533
0.02332508 0.003692709
0.03246726 0.003181179
0.03265151 0.003031648
0.01806535 0.003103708
0.01833023 0.002714144
0.01323771 0.00302472
0.01992696 0.002632935
0.02932106 0.002447489
0.03784761 0.00249301
0.01962608 0.002274931
0.0321625 0.002435254
0.03062354 0.002219849
0.03172334 0.002502783
0.0316132 0.002245688
0.02953721 0.001908586
0.03487237 0.001933747
0.04858539 0.001769745
0.06184046 0.00165404
0.06226019 0.001668331
0.06301883 0.001763782
0.04795141 0.001424744
0.04497451 0.00120108
0.04412903 0.001397543
0.05065004 0.001451959
0.0328042 0.001336458
0.017296 0.00138275
0.01937924 0.001393323
0.01961174 0.001778754
0.01111266 0.001960075
0.003290322 0.001991195
0.006460795 0.0019846
0.005721922 0.001954094
0.02599408 0.001875082
0.02908947 0.001889981
0.02798685 0.001819277
0.02072839 0.002015013
0.01577216 0.002211693
0.01114265 0.002458041
0.01481841 0.002731661
0.0224798 0.002898903
0.03241406 0.002503292
0.03492725 0.002672995
0.05138314 0.002515691
0.06376347 0.002356962
0.05361853 0.002184969
0.05233 0.002021859
0.05393208 0.00183616
0.05892324 0.001719483
0.07315687 0.001887619
0.06931391 0.001848323
0.08934396 0.001870478
0.05718842 0.00183612
0.04500049 0.002107812
0.04139447 0.001997535
0.02579759 0.002232964
0.05393424 0.002238939
0.06002274 0.002332235
0.04341329 0.002571165
0.02354116 0.002295981
0.02325572 0.00229034
0.02372868 0.00229841
0.02366269 0.002333144
0.02387082 0.002381693
0.01109773 0.002623798
0.023764 0.002249344
0.01784176 0.002061924
0.01782326 0.00226176
0.02765551 0.002453649
0.02620918 0.002439769
0.02817119 0.002236387
0.04468063 0.00227934
0.03321417 0.002745379
0.05502451 0.002673804
0.03910307 0.002109645
0.0461024 0.002116716
0.03234408 0.002168934
0.03587646 0.002278846
0.02934772 0.002682899
0.02662965 0.002251865
0.004280334 0.002225657
0.004182813 0.001946324
0.009325244 0.002010671
0.01390234 0.002305009
0.002184117 0.002433759
0.01399372 0.002911534
0.01578777 0.002770834
0.0173016 0.002595143
0.01167934 0.002359373
0.01580139 0.002589964
0.01221618 0.002618902
0.02273926 0.002268243
0.01942448 0.002532987
0.02271783 0.002605085
0.007843775 0.002414793
0.002832138 0.002213562
0.001421055 0.002338726
0.0007131336 0.00245876
0.005014747 0.002291338
0.005001371 0.002837695
0.009876279 0.002962676
0.01001027 0.00284625
0.007394048 0.003131688
0.008990242 0.002852305
0.005200314 0.002532154
0.004053928 0.00290014
0.01085347 0.002675617
0.01144295 0.002888755
0.02192085 0.002646704
0.02936676 0.002360354
0.0321673 0.00277682
0.03657428 0.002476739
0.04870267 0.003021968
0.04751133 0.003132104
0.03734312 0.003541187
0.02954133 0.003600596
0.03977331 0.003488319
0.03539452 0.003621595
0.0533213 0.003410398
0.0416982 0.003307047
0.02327637 0.002867789
0.03166598 0.002686718
0.03288245 0.002937305
0.01901095 0.002891672
0.01730637 0.002896862
0.01293467 0.002767731
0.02505509 0.003090721
0.0432913 0.002893574
0.05545686 0.002641537
0.05364818 0.002399321
0.03870671 0.001956146
0.03948395 0.001901982
0.02235108 0.002210711
0.03353361 0.002197442
0.02456956 0.00219494
0.02263125 0.002513018
0.02466182 0.002515193
0.03024485 0.003067841
0.02526826 0.002677897
0.02384643 0.002809291
0.02835512 0.002632494
0.03179806 0.002831526
0.01933211 0.003180869
0.008579625 0.002706517
0.01188065 0.002584679
0.0222831 0.002727653
0.006268415 0.002883629
0.001139808 0.002788369
0.005774593 0.002801989
0.007916568 0.002822813
0.006923306 0.003098076
0.00403719 0.003471056
0.0009505439 0.003450334
0.002605915 0.003137275
0.01249081 0.003726838
0.01274437 0.003196349
0.01660995 0.003782237
0.01943462 0.003725739
0.01420699 0.003788386
0.006896206 0.003436985
0.008615132 0.002855532
0.01167313 0.00328532
0.007656857 0.00284285
0.0170786 0.002739061
0.0142946 0.002181321
0.02558255 0.001827989
0.0438538 0.001602732
0.04936664 0.001667284
0.0817874 0.001767953
0.07627292 0.001550844
0.09825223 0.001503915
0.1036369 0.001415526
0.1148398 0.001340297
0.0867469 0.001417211
0.1233073 0.00138781
0.0863979 0.001499424
0.05481841 0.001383737
0.03377695 0.001355781
0.03993196 0.001798006
0.04524771 0.001799464
0.05735905 0.001813004
0.0356682 0.001723289
0.01319186 0.001616598
0.01061551 0.001552565
0.01269752 0.001559389
0.01245081 0.001646215
0.02574979 0.001513911
0.01644896 0.001867085
0.02304474 0.001741543
0.02242767 0.001840065
0.03114174 0.001800958
0.04348715 0.001641701
0.04613354 0.001479463
0.03714248 0.001714598
0.07365019 0.00179263
0.06215892 0.001765168
0.07022937 0.001544069
0.0661 0.001721148
0.06109124 0.001878005
0.06022363 0.002002818
0.03965106 0.002422843
0.02451513 0.002277102
0.01296711 0.001871385
0.01029107 0.0019341
0.003439063 0.001952727
0.005701564 0.002076225
0.006387117 0.002160906
0.007800575 0.001832927
0.005204261 0.001927162
0.004476196 0.0025728
0.005407716 0.002856416
0.005488811 0.003027718
0.003113727 0.002666491
0.0001115141 0.003382562
0.009208442 0.003666104
0.01625413 0.004211381
0.01513695 0.003931217
0.02696556 0.00353042
0.007240685 0.003253555
0.01688781 0.003009397
0.02146413 0.002727617
0.02096478 0.002633587
0.02228775 0.00277307
0.05918738 0.002133237
0.04946619 0.002110648
0.0479855 0.001962205
0.02927765 0.002055453
0.02223787 0.002327676
0.01911024 0.002467567
0.01761471 0.002156104
0.03622409 0.002284882
0.02368144 0.002168685
0.02024792 0.00237602
0.01783544 0.001819335
0.003996942 0.001665176
0.01325501 0.001560154
0.02659485 0.001173909
0.01120967 0.001182912
0.03138303 0.001383668
0.02138569 0.001340043
0.01512079 0.001495242
0.01964424 0.00136608
0.01661848 0.001871831
0.0290832 0.001792383
0.02544613 0.001732323
0.04309111 0.001758991
0.03200946 0.0019187
0.0218933 0.001892295
0.001479878 0.002103764
0.01279467 0.001817872
0.01775564 0.001866568
0.002625091 0.001976409
0.005091784 0.001923668
0.002177003 0.002179598
0.01356195 0.002384643
0.007528129 0.002285403
0.005180065 0.002315445
0.01320247 0.002121722
0.006423887 0.00229657
0.01010692 0.002193994
0.03103134 0.002302587
0.0183676 0.0021214
0.01830996 0.001555508
0.03034807 0.001524263
0.01964552 0.001500614
0.02679557 0.001663562
0.02053614 0.001737145
0.03037862 0.001946057
0.01242714 0.001849264
0.007735857 0.001588281
0.02378757 0.001645746
0.01233214 0.001978617
0.005373955 0.001933127
0.0236178 0.001960144
0.01846197 0.002041441
0.01744866 0.002486684
0.02920679 0.002606731
0.02884285 0.002563088
0.01603732 0.003146761
0.0146415 0.003195543
0.009729914 0.003171525
0.006060942 0.0030078
0.005354124 0.002575119
0.007331275 0.001876337
0.001288661 0.002331296
0.001571643 0.002419216
0.002859548 0.002334372
0.0008181988 0.002589203
0.005155692 0.0028012
0.007395918 0.00274884
0.003590272 0.002740763
0.001095041 0.002969986
0.009274785 0.003656373
0.01285171 0.004426573
0.01908248 0.00385782
0.02539559 0.004200301
0.0100885 0.005271554
0.0008137848 0.004677677
0.006251579 0.004954278
0.00936214 0.005474315
0.01666886 0.00501261
0.01632686 0.005099715
0.006831845 0.004958184
0.01322685 0.00445724
0.00682583 0.004026267
0.01232816 0.003742342
0.004645438 0.003711013
0.004095617 0.003358479
0.01480467 0.003258557
0.0237154 0.003733831
0.008935789 0.003957071
0.0012727 0.003956576
0.006482258 0.003466317
0.009072104 0.003892139
0.006581726 0.004113215
0.01483575 0.00386985
0.01662537 0.004418732
0.01548488 0.004912247
0.02647813 0.005271894
0.03863153 0.004642442
0.03359453 0.004718852
0.01940903 0.005507887
0.02759785 0.006421007
0.01964009 0.005767034
0.04375945 0.004308177
0.0221373 0.004531628
0.02242283 0.004750024
0.008615446 0.004133304
0.01602783 0.00382809
0.004624594 0.003918645
0.006393146 0.003842927
0.007298409 0.004660359
0.008052721 0.004450046
0.0111305 0.004459982
0.01504536 0.004308533
0.02683891 0.005895634
0.01238152 0.006182985
0.01040788 0.005577227
0.01485906 0.005048504
0.01950572 0.004045585
0.005284797 0.004181831
0.01014657 0.004470749
0.009996271 0.004619401
0.006232709 0.00469716
0.003649169 0.005037776
0.004402902 0.003947314
0.003601256 0.004202221
0.004571209 0.004110612
0.0106305 0.004603085
0.01075083 0.004193242
0.01838751 0.004141488
0.01884785 0.003935047
0.0019213 0.003531359
0.002956544 0.003253948
0.009190918 0.003264957
0.005839832 0.003164793
0.01352647 0.002517335
0.0182739 0.002668274
0.01684505 0.002870921
0.01349849 0.002707945
0.02670875 0.00314278
0.03124082 0.003152903
0.04152279 0.00342466
0.04308902 0.003005541
0.04271966 0.00323417
0.02758175 0.002933377
0.03353772 0.003271683
0.03393589 0.003859055
0.02780056 0.002882575
0.01617789 0.003207947
0.02417411 0.003366425
0.01809518 0.003114153
0.02021494 0.003217131
0.04866157 0.003531019
0.06672656 0.00310314
0.04354123 0.003241141
0.03692516 0.00308917
0.01401574 0.00339504
0.02990269 0.003292974
0.03861669 0.003315298
0.02875732 0.003506042
0.01846212 0.003502015
0.02542636 0.003071971
0.006457952 0.002571698
0.002593848 0.002635967
0.005371839 0.00253197
0.003756561 0.002701544
0.005899654 0.003153818
0.01179265 0.003518331
0.005031376 0.003245507
0.01495925 0.003715423
0.01485692 0.003588125
0.005035126 0.003961301
0.000773498 0.00439175
0.008479586 0.004706196
0.01232136 0.004796997
0.008493641 0.004690376
0.02003554 0.005610119
0.03196628 0.005919762
0.0371427 0.005992179
0.01727112 0.005934616
0.002930425 0.00489135
0.01317641 0.005114861
0.009242397 0.005111814
0.009709553 0.006031655
0.007497679 0.005901975
0.003194696 0.006365674
0.002596986 0.006399032
0.02024011 0.007383449
0.007862191 0.006799662
0.008667701 0.006643477
0.003337989 0.006848186
0.003624358 0.008091165
0.006114958 0.006965588
0.002095522 0.008122228
0.003374188 0.006959543
0.009866683 0.00599798
0.008549148 0.005407731
0.01475936 0.005958345
0.02117131 0.005375591
0.01419875 0.005875147
0.007868238 0.006733196
0.002601006 0.006831677
0.00508858 0.006506706
0.01158151 0.007617807
0.01625578 0.007038823
0.01552432 0.006786705
0.008905415 0.005899414
0.01158595 0.006407886
0.008236341 0.006136922
0.009554717 0.005824738
0.007660096 0.005737531
0.009725617 0.005235257
0.01079603 0.005870476
0.0126879 0.006186215
0.002488239 0.005537157
0.0004455477 0.006252746
0.002890823 0.006092804
0.01011642 0.00536704
0.009895323 0.004705684
0.01029168 0.003965187
0.003127103 0.004220748
0.005634005 0.004123186
0.005390357 0.004630857
0.003917838 0.004169933
0.004042446 0.0039879
0.003297844 0.00410604
0.001562677 0.004503757
0.003153414 0.004646919
0.005925356 0.003754863
0.008010696 0.003500646
0.00964898 0.003708704
0.02209848 0.004111784
0.01321771 0.003676349
0.009563903 0.003869277
0.007431194 0.004124586
0.007263083 0.004013791
0.001414518 0.00442224
0.004489301 0.004914864
0.00370984 0.004621979
0.01194496 0.004568045
0.02177333 0.00414394
0.03430264 0.004511691
0.009178718 0.005141295
0.0144134 0.004734792
0.01898073 0.004193433
0.0266767 0.004100568
0.01424519 0.004324832
0.01126586 0.00463157
0.02003559 0.00537683
0.01776217 0.005513846
0.02830679 0.006182399
0.01288027 0.007254509
0.004468162 0.007608403
0.006084199 0.008236327
0.01511769 0.007439802
0.03012525 0.007476178
0.02090762 0.008750489
0.01260181 0.009243719
0.005194743 0.01005048
0.01034782 0.0108633
0.01165002 0.0135014
0.005385542 0.01474302
0.008080974 0.01077436
0.004355516 0.01116691
0.002328363 0.009652449
0.001250926 0.008909804
0.002352496 0.009941518
0.009340562 0.01010716
0.004330819 0.01060716
0.01020622 0.01054223
0.007402619 0.009595684
0.005432009 0.01064099
0.006456884 0.008125324
0.0116101 0.007910423
0.003392274 0.008355681
0.01123749 0.008785854
0.01219325 0.009404054
0.01299188 0.009472659
0.008471059 0.009723998
0.01364773 0.009007093
0.01303731 0.008012262
0.006269078 0.009161689
0.01082247 0.008757834
0.004436763 0.009876325
0.005495359 0.009906104
0.005211405 0.00912056
0.006008098 0.009585116
0.008950867 0.01190325
0.01933307 0.01058628
0.02772677 0.01105604
0.03207818 0.01065649
0.01743812 0.01130496
0.0174185 0.0118939
0.01187924 0.01034069
0.0231222 0.008956259
0.01031264 0.008190334
0.005313387 0.007767032
0.01286949 0.007282496
0.01925845 0.007268418
0.006968219 0.007495925
0.01057382 0.00784279
0.01262434 0.00777142
0.01413547 0.007415663
0.01827304 0.00701602
0.01739388 0.00659977
0.009457035 0.006040656
0.006224849 0.006773026
0.009210595 0.006993066
0.01319423 0.005058189
0.003280633 0.00713491
0.004572353 0.006427892
0.01612872 0.006952728
0.0174767 0.008145445
0.004215596 0.007516864
0.004274796 0.007410817
0.002696867 0.00829517
0.002327348 0.007927568
0.007139803 0.007233946
0.003774115 0.007799498
0.003835104 0.007415903
0.002608918 0.007431848
0.01221902 0.008572368
0.009333996 0.008613004
0.009934436 0.006123495
0.002004277 0.006121646
0.006456681 0.005138127
0.01068471 0.004854821
0.01148015 0.005475882
0.02801981 0.005099634
0.01460609 0.0049814
0.008662548 0.004544091
0.00251225 0.004567138
0.006674237 0.00393196
0.004964827 0.003965129
0.0001677896 0.004190376
0.005630318 0.004365059
0.00836693 0.003984362
0.01121841 0.003559865
0.004715854 0.004314561
0.01587389 0.003704033
0.006561092 0.003350988
0.005593356 0.003258166
0.01175513 0.003513223
0.008180865 0.003591211
0.01716179 0.003311371
0.0355095 0.003169727
0.02887099 0.002837328
0.02048424 0.002955991
0.03413716 0.003548488
0.02937763 0.00379361
0.02267855 0.00422229
0.007106499 0.003416215
0.002078416 0.003125315
0.006796214 0.002833677
0.00164094 0.002710536
0.009585589 0.002411848
0.02901821 0.002074272
0.04609882 0.001897763
0.05806828 0.001788293
0.07260645 0.002027511
0.07030207 0.001811385
0.0466604 0.001990216
0.03598692 0.00185049
0.01522402 0.002051786
0.01243081 0.001620851
0.02048697 0.001874224
0.008468252 0.001706005
0.01634263 0.001838349
0.02420037 0.001851901
0.03168063 0.001783397
0.02959366 0.00188245
0.0282146 0.001662482
0.01536927 0.00193726
0.02155838 0.002042351
0.0262945 0.001849517
0.02580133 0.001690979
0.01965858 0.001764654
0.02667448 0.001721527
0.05236637 0.001557566
0.02778233 0.001742642
0.01324692 0.001622201
0.005129972 0.001331446
0.01245736 0.001275963
0.03538133 0.001270239
0.042622 0.00147987
0.04532336 0.001606734
0.03920025 0.001677749
0.06010238 0.001734096
0.04942903 0.002002334
0.04767835 0.002080501
0.02956969 0.002245559
0.01499331 0.002169591
0.02656739 0.002448589
0.03685932 0.002288694
0.02810002 0.002239384
0.04292693 0.002198961
0.03454757 0.002124099
0.04143803 0.001738673
0.03151312 0.001525509
0.05465814 0.001572874
0.06141712 0.001601524
0.0816715 0.001221858
0.05693653 0.00131836
0.06992508 0.001530422
0.05276875 0.001694839
0.04185468 0.001466914
0.05245905 0.001482102
0.05437207 0.001517543
0.04513194 0.001585867
0.07130451 0.001543102
0.0858823 0.001235482
0.0634666 0.001185107
0.0772326 0.001112683
0.09261333 0.001280053
0.07727824 0.001085451
0.07308987 0.0009822674
0.04876279 0.001109863
0.02661776 0.001314234
0.04582792 0.001317859
0.05591081 0.001058438
0.02947838 0.001203125
0.0645978 0.00104611
0.08223808 0.001185304
0.130482 0.001147896
0.1119514 0.001116053
0.0748956 0.001068348
0.0822399 0.0009465821
0.07977422 0.0009406678
0.07462187 0.0008768604
0.05371677 0.0008864912
0.07207926 0.0007870613
0.08016687 0.0009041239
0.04794396 0.0007739719
0.04043473 0.0008609523
0.02778461 0.0008594826
0.03164731 0.0008600855
0.01752465 0.001103824
0.02341749 0.001223921
0.019734 0.001236944
0.02000249 0.001235117
0.01984784 0.001625077
0.01889994 0.001728294
0.006619395 0.001526196
0.02414545 0.001846262
0.03460153 0.002235722
0.02517954 0.002683555
0.02707657 0.002584539
0.01778656 0.002748947
0.03602774 0.003231061
0.04581628 0.003528181
0.02245325 0.003430004
0.02697869 0.004503113
0.03328199 0.005051301
0.006195799 0.003981234
0.006714301 0.003783326
0.01141505 0.003342748
0.0146336 0.003504743
0.01808501 0.003628425
0.02266213 0.003200321
0.03259876 0.003307614
0.04561437 0.002916322
0.03831047 0.002635452
0.01997103 0.002521214
0.01323571 0.002921719
0.006119998 0.003660015
0.01866116 0.00342973
0.00913677 0.003209297
0.01561469 0.00309276
0.01583815 0.002998127
0.01333398 0.003473488
0.01489761 0.002872429
0.01141859 0.002573321
0.008625287 0.002078578
0.005921105 0.002286103
0.004759245 0.002301997
0.01000822 0.002624456
0.01421557 0.002311166
0.03502324 0.002242105
0.04066665 0.002296417
0.02871802 0.002094892
0.01738234 0.002210651
0.01441619 0.001959227
0.007274505 0.001935173
0.0118975 0.002004609
0.005783209 0.002196421
0.007576743 0.002489603
0.005021875 0.00221273
0.007181758 0.002273884
0.01078099 0.002653751
0.007457501 0.002737933
0.01137081 0.002580817
0.01525361 0.003258682
0.03111394 0.002681801
0.04467193 0.002977599
0.04363482 0.002796877
0.02554356 0.002542179
0.03023707 0.002355261
0.02021961 0.002529648
0.05368591 0.002510299
0.03641571 0.003079068
0.02207505 0.003050811
0.016018 0.00313439
0.01411061 0.003174439
0.008626222 0.00342295
0.008728053 0.003697392
0.003580499 0.003702932
0.002391453 0.003458219
0.004101701 0.003428161
0.01372951 0.00396146
0.01339686 0.003780463
0.01076629 0.003543527
0.01331998 0.004046017
0.01140578 0.00372368
0.01665023 0.004884865
0.02494505 0.005672792
0.01637439 0.005224338
0.008518002 0.005448059
0.01529104 0.00482166
0.01922856 0.003955398
0.01298321 0.004390401
0.02411065 0.004823632
0.02409716 0.005042538
0.02278496 0.005544751
0.005402918 0.00491109
0.004540865 0.005624108
0.0005609006 0.004977818
0.002087088 0.005542337
0.004518871 0.005701966
0.01724941 0.006209394
0.00272619 0.006340446
0.001950007 0.005153706
0.001775361 0.005054328
0.004126384 0.004546961
0.01059415 0.004462257
0.01076908 0.0054557
0.007495532 0.005105556
0.01662438 0.004662016
0.01105763 0.004417502
0.0026751 0.004833335
0.004269447 0.004816635
0.002366393 0.004288949
0.005866715 0.004874328
0.02732218 0.0055366
0.02640265 0.005645715
0.02314851 0.005239148
0.01727006 0.005319475
0.003710794 0.005724545
0.005390932 0.00558994
0.01940345 0.00533281
0.01714116 0.005398313
0.007810153 0.005597635
0.004301333 0.006067759
0.003129153 0.006585641
0.002759766 0.006329171
0.0008481592 0.006621344
0.0004868568 0.006285164
0.002337182 0.006347473
0.003039451 0.006399526
0.007303511 0.005124508
0.01146215 0.005049268
0.001800345 0.004765951
0.001736794 0.005191263
0.01029998 0.005506338
0.004047003 0.004541376
0.007871373 0.005217105
0.009656469 0.005241188
0.01626434 0.004119284
0.02330647 0.004412848
0.01959445 0.004466639
0.01831473 0.004111677
0.01639371 0.004368792
0.01533321 0.003978238
0.01648882 0.00407222
0.007884006 0.003825743
0.005948884 0.004245992
0.01498547 0.003978116
0.005600325 0.003940678
0.01370016 0.004090799
0.02190904 0.004094778
0.01270743 0.004969096
0.009193117 0.005877451
0.008456078 0.005817437
0.003373015 0.006422536
0.007114941 0.006755104
0.002960242 0.007386541
0.006845201 0.007236552
0.002816809 0.006981402
0.00872211 0.008257412
0.01076843 0.007282041
0.001827886 0.007585469
0.001120794 0.007479828
0.003107427 0.007084666
0.01144713 0.006873828
0.008880961 0.007386737
0.01315431 0.006414936
0.008737664 0.007635308
0.01207649 0.009868862
0.0004545292 0.009955547
0.001055717 0.00986391
0.007782672 0.009116121
0.01498128 0.007817829
0.02349818 0.006925868
0.01580607 0.006231866
0.005274386 0.006154889
0.01145185 0.006366799
0.01884464 0.006346922
0.00858506 0.007068967
0.01141738 0.00852357
0.006565239 0.007957287
0.003268381 0.006642162
0.0128807 0.006968136
0.008838444 0.007321249
0.01502711 0.005809496
0.01316426 0.006561558
0.01694027 0.008194783
0.007283318 0.007223492
0.00503407 0.00756624
0.01393868 0.006400187
0.02617421 0.005998057
0.02492371 0.006839703
0.03041874 0.006686711
0.02449657 0.007294722
0.02092278 0.007552491
0.02388531 0.008000153
0.03903108 0.006553715
0.02528541 0.006579233
0.02051742 0.006300943
0.02121495 0.005925552
0.01104736 0.006266964
0.001096973 0.005565816
0.0006530315 0.00621167
0.00355773 0.007483514
0.007678258 0.00819011
0.009370123 0.00718546
0.00580731 0.006969027
0.00760358 0.006060481
0.005292514 0.005806716
0.004149827 0.006881442
0.003113671 0.008153015
0.0003109992 0.008137398
0.0007257107 0.0081495
0.001297028 0.008695633
0.002210642 0.007421384
0.01049464 0.006011808
0.009178431 0.006514305
0.006560136 0.005656982
0.008134707 0.005498698
0.01374085 0.005961073
0.01066744 0.00583982
0.0006711085 0.005624043
0.0110789 0.005134467
0.01541408 0.005767222
0.01817718 0.005694983
0.02087221 0.005878944
0.01515173 0.00501642
0.01231005 0.004987217
0.01650907 0.003999583
0.01602528 0.004267386
0.01246655 0.003530689
0.02720699 0.003318352
0.02229997 0.003288135
0.02162004 0.003457251
0.01410924 0.004057236
0.005964448 0.004662489
0.01613104 0.004539432
0.0156344 0.004162682
0.01251139 0.003913636
0.01922065 0.004139153
0.01832221 0.004342544
0.02605599 0.003821259
0.04148034 0.004076153
0.0301205 0.004388587
0.0386649 0.003860327
0.01470451 0.003805465
0.01603253 0.003743412
0.01740109 0.003574375
0.02262685 0.00331485
0.02822342 0.003196573
0.02492769 0.002687882
0.03404019 0.002660235
0.01588909 0.002653759
0.007596253 0.002736394
0.01197936 0.003074923
0.009997394 0.003584678
0.004884769 0.004096952
0.002713593 0.003658662
0.002238407 0.003815812
0.008791555 0.003809756
0.017813 0.003975192
0.02541653 0.003905228
0.007627944 0.003482604
0.008203275 0.002934684
0.01122872 0.002824324
0.001973582 0.003142868
0.001089069 0.002864628
0.003920531 0.002741694
0.0007341167 0.002690938
0.003608353 0.002696429
0.00557379 0.002951747
0.004325987 0.003573379
0.005107471 0.003229975
0.006107951 0.003019162
0.0119955 0.003198106
0.007708134 0.003745188
0.002848543 0.004027067
0.007407797 0.004385612
0.00546762 0.004154259
0.00252604 0.003676793
0.002889444 0.003959015
0.0006694239 0.003805901
0.001193089 0.003998119
0.005123247 0.004721723
0.01373194 0.004867579
0.001580389 0.00443229
0.004004956 0.004063515
0.01366695 0.003844863
0.02155158 0.003759945
0.01938678 0.004020979
0.02032614 0.004446882
0.0155638 0.00467122
0.006476832 0.00465808
0.007000887 0.004285215
0.003737232 0.004883913
0.004093445 0.004502853
0.00582399 0.003775422
0.006124815 0.003870604
0.01688053 0.00403891
0.004625493 0.003838748
0.005081003 0.003711291
0.003456781 0.004049595
0.01332042 0.004266766
0.0250884 0.004391508
0.01033865 0.004222061
0.01228341 0.003324037
0.01564967 0.003406973
0.01569329 0.003803243
0.01355583 0.004488891
0.02124932 0.004077082
0.02276346 0.004449597
0.02259824 0.003656377
0.001391649 0.003732986
0.002784605 0.003675294
0.008661122 0.004081037
0.01763074 0.004590724
0.02251468 0.003353959
0.01475689 0.003327401
0.01854541 0.003008449
0.01672848 0.002925364
0.007155335 0.002463748
0.01524989 0.002443394
0.02377944 0.002500219
0.01819223 0.002516277
0.01074215 0.002545191
0.01540387 0.002843283
0.02461242 0.003235122
0.03235852 0.003581164
0.04542166 0.00344793
0.0314922 0.004376794
0.03198789 0.004399967
0.02227458 0.004632784
0.03320402 0.004400859
0.02631806 0.004408363
0.0205979 0.005189898
0.02084082 0.004990613
0.01355526 0.005034376
0.01440279 0.004283062
0.01238919 0.004028019
0.009348394 0.004588711
0.004402233 0.004292465
0.01195405 0.004077451
0.006737436 0.004350937
0.00098875 0.004581609
0.0008002422 0.00506208
0.001747874 0.005671102
0.009591153 0.005798475
0.00816976 0.005004056
0.009992001 0.004860806
0.01112274 0.004829229
0.01169755 0.004101285
0.005789062 0.004382762
0.00257878 0.003877333
0.005102533 0.003289816
0.003283809 0.00315711
0.00567192 0.002849896
0.02399861 0.002584136
0.02835534 0.002856057
0.02319605 0.002754865
0.02616343 0.002628364
0.03018297 0.002828289
0.05675817 0.002506449
0.0446765 0.002301211
0.03084127 0.002064358
0.03963726 0.002047861
0.05654266 0.002207525
0.02808362 0.001884596
0.07191726 0.00217572
0.06413683 0.001961866
0.06419781 0.002036453
0.08227165 0.001901267
0.06860624 0.001836283
0.06522909 0.001847875
0.03529577 0.002165589
0.0299667 0.001930048
0.009597867 0.001506962
0.004342989 0.001510465
0.01858621 0.001425066
0.01355559 0.001503833
0.02151725 0.001454763
0.01308065 0.001240867
0.01767205 0.001396803
0.01485585 0.001522197
0.02286272 0.001497221
0.02214129 0.001480167
0.0341654 0.001464546
0.04002895 0.001431467
0.06365752 0.001500688
0.06696653 0.001814087
0.03898482 0.00198861
0.06857549 0.002563642
0.03782789 0.002573213
0.04472153 0.002436836
0.03484138 0.002417788
0.03439025 0.002588463
0.04612782 0.002655422
0.06535148 0.002513029
0.08604598 0.002187686
0.06033928 0.002143171
0.05000329 0.002359524
0.04530136 0.002354548
0.03676658 0.002213586
0.04263421 0.00174618
0.06325502 0.001671281
0.06778878 0.001587678
0.07168344 0.001393656
0.04654909 0.001390391
0.07063087 0.001199132
0.05679639 0.001139275
0.02977712 0.001367143
0.0253897 0.001508428
0.03433752 0.001656395
0.04795055 0.001525049
0.06503468 0.001590399
0.04456699 0.002111815
0.05221995 0.001680128
0.05781457 0.001471489
0.05446186 0.001407616
0.07519893 0.001345642
0.0671202 0.001271644
0.07157592 0.001393038
0.06491052 0.001440982
0.09071421 0.001614134
0.09173987 0.001792267
0.0834851 0.002009213
0.07859029 0.002175165
0.05501272 0.002504724
0.05346992 0.002549252
0.06564762 0.002403133
0.03541734 0.003088194
0.04032822 0.003289317
0.05457686 0.002634105
0.03586214 0.002479058
0.04020477 0.002182522
0.04478335 0.002102067
0.04422786 0.002190379
0.01588807 0.00230206
0.01987079 0.002255344
0.02710144 0.002135092
0.01388005 0.002085436
0.01174071 0.002258423
0.02455486 0.002268416
0.02298522 0.002564548
0.03253446 0.002443829
0.0527992 0.00210645
0.04961438 0.001964628
0.03692277 0.002033179
0.02145336 0.001479968
0.02807889 0.001493651
0.04469125 0.001560831
0.03792267 0.001360456
0.04454199 0.001388869
0.04392918 0.001319221
0.02087525 0.001194077
0.02380587 0.001078051
0.01412956 0.00101216
0.01525314 0.001072901
0.0261554 0.00115595
0.02684787 0.001408113
0.03726144 0.001299884
0.02286801 0.001226518
0.03616604 0.001086349
0.02773601 0.0009729037
0.02450809 0.001139172
0.04005462 0.001078147
0.0281263 0.001077005
0.03989793 0.001082537
0.05929792 0.0009854449
0.05652036 0.0009867594
0.05976629 0.0008787075
0.06874401 0.0008320716
0.07015614 0.0009510851
0.07608877 0.001209212
0.06886221 0.001205336
0.07218512 0.00143513
0.1106604 0.00117449
0.09208234 0.00138952
0.08730286 0.001676672
0.08131283 0.001907594
0.08508735 0.001928282
0.08744555 0.001848808
0.1040326 0.001535234
0.08034501 0.001676518
0.04965739 0.001603798
0.04886556 0.001626303
0.06893199 0.001503994
0.06171721 0.001539799
0.08049809 0.001984946
0.05201786 0.001917365
0.04098413 0.002034504
0.01819373 0.002239734
0.03351271 0.002064956
0.03494856 0.002039023
0.04701105 0.001960637
0.07491387 0.001994801
0.0735356 0.001716801
0.0808688 0.001771036
0.06245322 0.001490536
0.01834502 0.001665954
0.04596535 0.001772741
0.03933015 0.00159179
0.02311332 0.001857838
0.02291181 0.001929499
0.02829888 0.001919226
0.01556783 0.001887615
0.007373939 0.002057957
0.01525857 0.002180597
0.01187643 0.002885128
0.0177978 0.003255416
0.04298507 0.002914077
0.04220434 0.002818285
0.06512265 0.002712495
0.07172726 0.002687925
0.05373733 0.002759774
0.05556752 0.002178411
0.05164263 0.001985149
0.04761891 0.001869231
0.0431494 0.001796828
0.03507319 0.001793442
0.02908682 0.001723429
0.03637373 0.001878899
0.07553034 0.00184384
0.05249811 0.001742194
0.04044811 0.00154423
0.0279781 0.001505505
0.03205416 0.001789359
0.04540529 0.00185209
0.03534938 0.002044674
0.03049114 0.001915073
0.0457642 0.002244425
0.0517496 0.002467998
0.07050971 0.001988834
0.0402626 0.002011662
0.02389193 0.002312183
0.008131574 0.002187637
0.00258559 0.001924197
0.002102527 0.001826039
0.006491211 0.00184337
0.01145825 0.002071178
0.01886265 0.001922697
0.02366239 0.001787346
0.03553537 0.001882937
0.0156645 0.002075399
0.03721791 0.00211179
0.02453697 0.001876503
0.02277172 0.001508733
0.01917463 0.001576615
0.03320451 0.001646249
0.04282081 0.001539508
0.04957749 0.00183398
0.06569751 0.001765051
0.06065791 0.001502074
0.07633673 0.00148135
0.08208381 0.001673883
0.08944095 0.001881464
0.07198702 0.001871656
0.05773424 0.001634915
0.08084643 0.001759939
0.08641572 0.00158651
0.0763718 0.001908371
0.03981537 0.001968042
0.05036345 0.00225703
0.03245121 0.002032641
0.01804856 0.002294783
0.02396427 0.002456597
0.01311193 0.003122585
0.006673322 0.002758989
0.005041828 0.002590182
0.01468178 0.002896456
0.01185944 0.002861129
0.02125428 0.002730871
0.02703647 0.00294714
0.01743679 0.002297081
0.008582092 0.002036978
0.0007640233 0.001665351
0.004215388 0.001815477
0.007996208 0.001749095
0.01955713 0.001469218
0.008841002 0.001698537
0.006832451 0.001953766
0.006579453 0.001912757
0.006449737 0.002251017
0.002380048 0.002550947
0.004794065 0.00264752
0.004945394 0.003330912
0.0006690462 0.003439409
0.004676476 0.003155308
0.007006271 0.003060771
0.008208929 0.003766775
0.004728047 0.003797027
0.01498463 0.003243613
0.02167586 0.003077216
0.02488848 0.003334358
0.02198265 0.003192013
0.05572087 0.002764928
0.05647078 0.002546659
0.06212513 0.002261882
0.04479239 0.002314659
0.05439129 0.002107477
0.05108247 0.002032289
0.04818142 0.001869183
0.04725089 0.001596375
0.04132986 0.001734855
0.06332995 0.001862888
0.05230474 0.001798787
0.03182971 0.001776074
0.05096471 0.001693307
0.05028812 0.001708339
0.04900527 0.0017087
0.03006419 0.001607442
0.0364144 0.001634528
0.04276353 0.00137648
0.03947391 0.001453378
0.04085408 0.001471195
0.05157664 0.001252531
0.05694021 0.001277524
0.06348573 0.001359498
0.03713383 0.00113163
0.03042884 0.001236627
0.008837038 0.001302953
0.02326282 0.001162058
0.04794207 0.001079418
0.03213147 0.001326621
0.03664037 0.001317913
0.03860863 0.001282473
0.04185537 0.001295432
0.02074115 0.001496589
0.002646324 0.00136946
0.006035644 0.00135545
0.008950807 0.001326074
0.02231419 0.001489917
0.02961401 0.001508607
0.03318139 0.001540153
0.04553482 0.001523085
0.02490916 0.001646782
0.03031498 0.001734092
0.04040242 0.002169138
0.02993468 0.002825294
0.02592678 0.002885
0.04446988 0.002632109
0.01673383 0.002302468
0.01999173 0.001891242
0.01812905 0.001926569
0.01898965 0.002074006
0.01888248 0.002302589
0.02020107 0.002352232
0.01565423 0.002041504
0.03164162 0.002028243
0.02724279 0.002242527
0.02288384 0.00227646
0.0189336 0.00223456
0.02558174 0.002217446
0.02643225 0.002010587
0.03423848 0.001838451
0.06990668 0.001889926
0.0582722 0.001570946
0.06914597 0.001630202
0.06642739 0.001650609
0.08763737 0.001556779
0.07576686 0.001681249
0.08352775 0.001446227
0.07562384 0.001220919
0.05723976 0.001126205
0.05945244 0.001231328
0.06539928 0.001368903
0.05160761 0.00126716
0.02327384 0.001440753
0.03227852 0.00129329
0.02892076 0.001230593
0.02618591 0.001055181
0.03183291 0.0009932396
0.02223264 0.0008914477
0.06076269 0.0009699739
0.06167186 0.0008915254
0.06817749 0.0009199759
0.03933742 0.000826561
0.02741056 0.000826195
0.02944847 0.0009314344
0.02788232 0.0008483675
0.04286264 0.0007486138
0.03099198 0.0007904895
0.02341986 0.000879411
0.0187572 0.0007565965
0.03623689 0.0009349738
0.02339307 0.001069657
0.01391419 0.00109217
0.02447705 0.001122256
0.0185488 0.00126684
0.01638843 0.001492822
0.01103396 0.001841547
0.02066846 0.001817074
0.03627905 0.001597187
0.05404461 0.001402718
0.04207761 0.001777292
0.03724094 0.00184676
0.03497783 0.001490815
0.03583716 0.001583717
0.03076407 0.001433084
0.0304881 0.001780426
0.01901664 0.001492342
0.02957787 0.001332766
0.01240716 0.001508689
0.02330503 0.001586163
0.02685237 0.001631368
0.02737594 0.001633948
0.0190255 0.001923335
0.03848807 0.001834226
0.0358689 0.001960595
0.0331782 0.002081578
0.0460016 0.002102469
0.0379388 0.002004356
0.06425204 0.00217659
0.05553521 0.002091342
0.04827834 0.001800755
0.03603281 0.001722274
0.05948338 0.001830266
0.07079343 0.001988702
0.05842875 0.001848099
0.05062942 0.001777647
0.04531453 0.00146911
0.02311544 0.001386993
0.03467232 0.001357335
0.03383609 0.001219803
0.05685661 0.00134052
0.06749312 0.001262092
0.06369277 0.001254706
0.08033651 0.001176499
0.08346292 0.001191071
0.06169898 0.001142681
0.07620632 0.001170046
0.07699067 0.001238193
0.0806502 0.001368949
0.07111623 0.001447253
0.05828226 0.00161865
0.06827339 0.001671784
0.04983444 0.001424118
0.03516394 0.00146022
0.05111184 0.001532656
0.05527929 0.001719126
0.0570568 0.001799751
0.0241393 0.001642928
0.02691739 0.001944317
0.01976156 0.001937063
0.02805249 0.001777149
0.0183334 0.001657364
0.006831882 0.001579416
0.01282405 0.001779648
0.01291274 0.001880009
0.007649702 0.001946207
0.01147316 0.002171684
0.02524303 0.002191615
0.02503241 0.001811781
0.02819135 0.001758728
0.03296511 0.001839106
0.02871259 0.002023317
0.03079146 0.001939516
0.01584913 0.001783823
0.02460234 0.001803168
0.01932877 0.001802743
0.007832931 0.00189267
0.02022383 0.00189195
0.02199823 0.002070083
0.05325595 0.002041684
0.04840863 0.002331631
0.03413758 0.002352561
0.0430566 0.002235201
0.0465032 0.001983649
0.06706007 0.001798335
0.05725888 0.001711123
0.08174816 0.00184356
0.09429691 0.00150385
0.06044841 0.001566146
0.07007904 0.001913436
0.08696333 0.001648139
0.07010808 0.001561942
0.05699083 0.00171083
0.05954762 0.001628037
0.08542349 0.001797421
0.04178517 0.001666503
0.07754709 0.001597581
0.09619833 0.001538938
0.06610167 0.001710401
0.05375683 0.001751377
0.01992675 0.00204531
0.02601613 0.001945701
0.02375541 0.00213661
0.02455495 0.001762638
0.03275164 0.001731823
0.03209839 0.001556045
0.05855779 0.001624011
0.05600274 0.001586777
0.04408104 0.001709324
0.03809812 0.001603689
0.04063595 0.001593267
0.05907657 0.001668726
0.06204347 0.001485519
0.05744349 0.001341478
0.06938268 0.001469534
0.05463114 0.001150269
0.03930418 0.001220001
0.04756966 0.001303719
0.04196703 0.001485471
0.03475485 0.001545554
0.02483626 0.001755262
0.01948814 0.001730774
0.03309948 0.001830352
0.02600684 0.001908088
0.02319379 0.002078581
0.05152029 0.002223765
0.04294624 0.002308221
0.05355384 0.002233357
0.05856533 0.002138627
0.04817056 0.002309468
0.06659467 0.002304214
0.04915217 0.002226515
0.05072174 0.002239124
0.03226894 0.002278917
0.04418273 0.002291529
0.04518464 0.002338788
0.03702324 0.002970919
0.0573241 0.002749489
0.04058424 0.002880794
0.04638164 0.002879654
0.04160436 0.003302328
0.02201245 0.003417108
0.01434907 0.003326805
0.008602417 0.003389752
0.001287464 0.003587501
0.01606883 0.004088574
0.008294246 0.004420741
0.007039192 0.00496662
0.009849312 0.004256265
0.01610592 0.00451611
0.009169113 0.004472019
0.008218072 0.00394283
0.01262845 0.004253634
0.004055183 0.004351808
0.008793286 0.004320169
0.008770043 0.004586338
0.009428192 0.004784861
0.009459433 0.004584997
0.007892799 0.004342987
0.005699733 0.004794823
0.003888374 0.003795253
0.01073006 0.004220687
0.01107322 0.003270362
0.003414946 0.00331195
0.008501082 0.002800868
0.01093431 0.002981444
0.01233175 0.003762865
0.02018615 0.003754241
0.02351967 0.004168007
0.02392406 0.003527143
0.02827891 0.003426529
0.03048853 0.003591067
0.01692351 0.003612117
0.005581526 0.004651669
0.01448973 0.004863291
0.01074824 0.005250484
0.0103343 0.005301281
0.01619981 0.005150457
0.00553154 0.004590463
0.01105471 0.004176633
0.01212608 0.003938521
0.005764582 0.004275641
0.006360451 0.004385638
0.008718919 0.004745784
0.01202318 0.005381192
0.01265231 0.005051732
0.007342311 0.004829658
0.003520308 0.004818106
0.0003495072 0.005432947
0.008490789 0.005089762
0.01850445 0.006068608
0.008403758 0.007166692
0.009248086 0.007282628
0.01534913 0.007867923
0.0182081 0.008104586
0.01742494 0.007742819
0.01278048 0.008302037
0.01480282 0.007794652
0.006348945 0.008303468
0.006077209 0.007566923
0.004807054 0.007724536
0.01476638 0.007047147
0.01665695 0.005606401
0.01105521 0.005080714
0.01051734 0.004797074
0.01059046 0.004792292
0.004731117 0.005466556
0.008621944 0.004363274
0.01744229 0.004459522
0.02180148 0.005149287
0.01967554 0.00555926
0.02115383 0.005434208
0.01713378 0.006160258
0.01820143 0.005915677
0.02383743 0.005304006
0.01210889 0.006239405
0.008591923 0.006548478
0.008959965 0.006762378
0.008520216 0.006051506
0.02994999 0.005171086
0.01898526 0.005121578
0.01526408 0.005038642
0.01039302 0.004445924
0.00928349 0.004509497
0.009483167 0.00417894
0.003222919 0.003550264
0.001797735 0.003459822
0.007487142 0.00372497
0.006668476 0.003704547
0.008554427 0.003476586
0.01087282 0.003654903
0.02430768 0.003876373
0.01080906 0.003139769
0.004465898 0.002866969
0.01067416 0.003593434
0.02159084 0.003459518
0.01424735 0.003548373
0.00821196 0.003826337
0.01385621 0.003779732
0.00486832 0.004604246
0.01909795 0.004629387
0.01117921 0.004141606
0.01734789 0.003822787
0.02143992 0.00403328
0.01030403 0.003906919
0.008059002 0.003667488
0.009458097 0.003750586
0.009780842 0.003071978
0.0158431 0.002802384
0.01684831 0.003264336
0.03584629 0.003044625
0.04641102 0.003398174
0.04928671 0.002711394
0.07215649 0.002633556
0.05859694 0.003175265
0.04943683 0.003398193
0.04037858 0.003136475
0.04061954 0.002902452
0.05133544 0.003092491
0.04517254 0.002815901
0.04028228 0.002772354
0.02675439 0.002535151
0.0190688 0.002252416
0.02336133 0.002285977
0.01809924 0.002631839
0.02434689 0.00228066
0.01840398 0.002246192
0.00467334 0.002400456
0.0003015484 0.002195714
0.001793533 0.002034437
0.005314021 0.002148069
0.004593721 0.002080378
0.007210467 0.002002322
0.004287183 0.002004825
0.005804851 0.002125533
0.007754118 0.002264727
0.01588448 0.002020214
0.03129996 0.002088585
0.0213956 0.0023064
0.0176422 0.001662183
0.00813498 0.00157436
0.005307017 0.001398045
0.01712819 0.001281807
0.01877023 0.001457521
0.01328966 0.001446672
0.0306467 0.001569512
0.0194152 0.001503052
0.02119462 0.001440327
0.02330847 0.001252248
0.03910026 0.001601884
0.03799279 0.00143076
0.03178217 0.001196932
0.01904711 0.001066469
0.02278455 0.001090894
0.02268063 0.001180119
0.01148168 0.001179127
0.02317462 0.001414021
0.01115495 0.001402476
0.01469933 0.001634866
0.03517392 0.001534065
0.01264458 0.001454448
0.009864455 0.001625646
0.01466187 0.002076815
0.03380466 0.001647293
0.02955717 0.001859783
0.02612555 0.001703077
0.03742636 0.001618796
0.06611571 0.001446862
0.05960007 0.001220851
0.05025195 0.001105471
0.04176598 0.001232529
0.0322982 0.001256704
0.0217533 0.001401669
0.0258719 0.001546695
0.04414718 0.001851198
0.04759779 0.001826395
0.04226002 0.001796039
0.02292385 0.001799552
0.01501552 0.001747615
0.02104695 0.001406952
0.01864984 0.001470112
0.04772162 0.001596293
0.03231318 0.001529629
0.02397393 0.00169831
0.01374404 0.001627341
0.009980202 0.001325158
0.01759839 0.001249929
0.01628648 0.001173805
0.01696143 0.001117175
0.01455745 0.001381909
0.006830806 0.00147342
0.01594291 0.001681754
0.01648972 0.002488926
0.02016131 0.002426594
0.01737424 0.002431092
0.02245955 0.002120121
0.04060718 0.001931884
0.05653492 0.001821219
0.06111081 0.001753253
0.05457907 0.002081408
0.06373132 0.002125688
0.0791145 0.001731367
0.06162197 0.001729526
0.05544697 0.001610572
0.07223189 0.001368873
0.09041458 0.001424283
0.06374662 0.001583824
0.05460312 0.001596536
0.02940201 0.001479033
0.03795003 0.001592233
0.04319713 0.001888633
0.07305904 0.001879282
0.05098799 0.001978122
0.05080274 0.002082076
0.0334973 0.00217571
0.02820348 0.002184121
0.0184448 0.002480878
0.005700732 0.002349899
0.004803896 0.002163615
0.008747263 0.001982795
0.005498979 0.001855917
0.0009866187 0.001834815
0.003887687 0.001808899
0.01620955 0.001651391
0.0418225 0.001420021
0.04182052 0.001273802
0.03910038 0.001217845
0.04546676 0.001327257
0.03395478 0.00126863
0.0237693 0.00121891
0.03233535 0.001263663
0.04856138 0.001451937
0.06565038 0.001438923
0.07763975 0.001380317
0.08082118 0.001440731
0.07882167 0.001394611
0.07811889 0.001284043
0.05597972 0.001441228
0.05230982 0.001485611
0.04142062 0.00130933
0.04434266 0.001303998
0.03427043 0.00134573
0.02056491 0.001481099
0.04270507 0.001435556
0.05044894 0.001222351
0.05600621 0.0009982564
0.05464561 0.0009731074
0.04902907 0.0008835857
0.05622147 0.000934076
0.07196715 0.0008264555
0.06667661 0.0008070289
0.08740645 0.0008446418
0.08030241 0.0008763795
0.07958378 0.000909864
0.07937433 0.001012128
0.08592768 0.0009065668
0.07217735 0.0009935173
0.03351137 0.001112859
0.06951932 0.001021648
0.06965454 0.001177913
0.06453259 0.001351557
0.04753774 0.001521931
0.03825168 0.00161347
0.04404102 0.001611248
0.02284883 0.001322791
0.04541423 0.001241045
0.05653128 0.001310882
0.04673032 0.001057926
0.06670357 0.001000428
0.0646728 0.001016905
0.06729041 0.0009565905
0.07001467 0.001052408
0.08503472 0.0009115157
0.08899373 0.0009752161
0.1085982 0.001030082
0.1119675 0.0012009
0.1102074 0.001182866
0.1207735 0.001067974
0.1108183 0.001134548
0.07563512 0.0008864175
0.1498681 0.0008052324
0.1214862 0.0007583106
0.1338412 0.0007604475
0.1433248 0.0008522747
0.1248602 0.0007825252
0.08483052 0.0008295942
0.07482488 0.0008597921
0.05617315 0.0009029872
0.03493902 0.0008341569
0.03784613 0.0009691941
0.02008728 0.0008104301
0.0174485 0.0008380409
0.02066839 0.000849227
0.03569607 0.0007841371
0.01097724 0.00078457
0.01174 0.0007835249
0.01497412 0.000808288
0.01555196 0.0009023105
0.01383103 0.000986181
0.0181218 0.001101671
0.02352585 0.001393762
0.0492034 0.001442232
0.06103881 0.001363077
0.06135907 0.001520463
0.04791844 0.001759887
0.04674451 0.002159365
0.04103449 0.002126448
0.06541957 0.002384597
0.05054388 0.002392617
0.05915648 0.002370378
0.04885546 0.002800179
0.02545028 0.002929858
0.008138779 0.002727885
0.008419787 0.002202173
0.004743689 0.002192761
0.004544795 0.00239415
0.01139644 0.002423324
0.01080043 0.002355196
0.007353739 0.001857581
0.02189217 0.00198882
0.02937643 0.002007625
0.003540058 0.002044478
0.009391978 0.002497185
0.01598233 0.002691092
0.01506222 0.002829459
0.01577882 0.002695418
0.007669111 0.002528221
0.01580315 0.002439688
0.008765119 0.00208995
0.002978879 0.001920775
0.01016356 0.001774958
0.01498042 0.001566904
0.01667305 0.001465242
0.03183177 0.001185949
0.02885685 0.00125529
0.03460596 0.001327025
0.06731271 0.001428829
0.07914521 0.001496203
0.0554299 0.001452836
0.05037449 0.00127284
0.03972431 0.001347679
0.04562529 0.001278182
0.05773151 0.001445793
0.04921601 0.001398612
0.04236174 0.001305168
0.04242211 0.001508138
0.02943088 0.001442727
0.02225369 0.001293791
0.02867548 0.001273564
0.0285736 0.001162749
0.02885716 0.001074965
0.03277604 0.00104422
0.03944644 0.0009854191
0.03365955 0.001031717
0.03814543 0.001083499
0.02598083 0.001172703
0.04328189 0.00134555
0.04203139 0.001442587
0.03608374 0.001367388
0.02478812 0.001344981
0.04637659 0.001193636
0.0628325 0.0008946739
0.047303 0.0008664789
0.0690935 0.0007754062
0.06322588 0.0009280542
0.0422345 0.001039691
0.06664341 0.001158266
0.06688033 0.001128218
0.06183345 0.001212003
0.06889549 0.001217552
0.05599205 0.0009758743
0.05376558 0.0009391634
0.06040379 0.0009592704
0.06221018 0.001188456
0.08698529 0.001072236
0.06137652 0.001311173
0.06896744 0.001334273
0.06902825 0.001529693
0.07367682 0.001643432
0.07510453 0.00217508
0.0630767 0.001924231
0.05765671 0.001983738
0.03506927 0.00211769
0.02969186 0.002260417
0.01820145 0.002367078
0.01404364 0.002097226
0.0050425 0.002149224
0.00671493 0.00256515
0.003093793 0.002490791
0.006075741 0.002769378
0.0155146 0.002925842
0.01624796 0.003355543
0.03263537 0.003507112
0.03290257 0.003643197
0.02489216 0.00319011
0.01337041 0.002809672
0.015221 0.002373029
0.02024204 0.002717069
0.02102295 0.002730135
0.03689915 0.00234034
0.01711216 0.002903475
0.01995496 0.002794158
0.01262528 0.003247091
0.01637689 0.003138321
0.01468101 0.003264239
0.03156167 0.00305843
0.02533146 0.003347146
0.0292475 0.003749914
0.06620786 0.004467531
0.05577195 0.004716889
0.04970422 0.004159651
0.05801004 0.003947914
0.05757915 0.00297002
0.03070495 0.003408888
0.027224 0.003241527
0.02205521 0.002949532
0.03632529 0.003305991
0.05348785 0.003338465
0.06279717 0.003496119
0.07333214 0.003306128
0.05081234 0.003689732
0.03136084 0.00314471
0.02149543 0.003110256
0.0243007 0.004152974
0.03418568 0.004165722
0.02337989 0.003752653
0.02117954 0.003126933
0.01264204 0.003318087
0.01273804 0.003580848
0.007869401 0.003070524
0.007349325 0.003123348
0.02353708 0.002942692
0.01454323 0.002484896
0.03297401 0.002231297
0.04341115 0.00228284
0.04820222 0.002137497
0.04144171 0.002097005
0.05600002 0.002042234
0.04703767 0.00205574
0.048086 0.001987634
0.02370636 0.002215845
0.02668157 0.001935969
0.02672584 0.001721779
0.04452684 0.001480836
0.05639093 0.001588012
0.04850485 0.001624664
0.06090563 0.001661014
0.05677902 0.001762902
0.04771797 0.001546022
0.07275518 0.00149237
0.04017652 0.001351825
0.02493272 0.001078291
0.03963287 0.001164225
0.05784588 0.001397421
0.03501769 0.001438593
0.03607077 0.001312557
0.05241014 0.001215971
0.03360681 0.001413677
0.03159852 0.001655259
0.01547845 0.001726219
0.03603258 0.001652778
0.04648157 0.00176617
0.02560663 0.001847368
0.02382092 0.001964582
0.02783297 0.001892782
0.04036538 0.001757105
0.07154354 0.001509893
0.0788642 0.001476342
0.07920587 0.001392836
0.05809316 0.001338632
0.06402502 0.001478674
0.05065515 0.001197393
0.04186361 0.001040214
0.03334403 0.0008977877
0.02120276 0.0009968595
0.01974571 0.001272052
0.01748164 0.00119317
0.02072458 0.001235822
0.03077599 0.00117771
0.02083197 0.001173873
0.02470012 0.001167449
0.03872983 0.001333881
0.03648229 0.001173222
0.02749238 0.0009592877
0.04348866 0.001119808
0.04325296 0.001056072
0.0453895 0.001021232
0.04916845 0.0009571841
0.03511117 0.001009901
0.0443826 0.0009910465
0.03032081 0.001006768
0.05014299 0.0009068576
0.03778762 0.0009142432
0.04943283 0.000818109
0.0315672 0.0008557784
0.03456642 0.0008882873
0.01529034 0.0008864885
0.02279532 0.0007997073
0.03265841 0.0008538691
0.06150451 0.0008634403
0.05830532 0.0009134538
0.05903634 0.0008357245
0.07897685 0.001044443
0.06272299 0.001260533
0.05690813 0.001242551
0.06408952 0.001333767
0.04050417 0.001550214
0.03494182 0.001591198
0.03667246 0.001443564
0.04484291 0.001705217
0.02446109 0.001548409
0.03638416 0.001743588
0.03387157 0.001545458
0.05745382 0.00150007
0.05391967 0.001212957
0.04597036 0.001289434
0.05950391 0.001276252
0.04389389 0.001157892
0.05762931 0.001319519
0.06009288 0.001455146
0.03015326 0.001506203
0.03307205 0.00157002
0.03802415 0.001614968
0.05230875 0.001621596
0.06112526 0.001518013
0.04925806 0.00165587
0.07174307 0.001672503
0.06564211 0.001609092
0.06896026 0.001558671
0.04809521 0.001462505
0.03492096 0.001206846
0.01968326 0.00121179
0.03063403 0.001261517
0.00747567 0.001201218
0.004710004 0.001205592
0.006368001 0.001145551
0.006567684 0.001280067
0.00542982 0.001087828
0.01327459 0.001007347
0.0056327 0.001018997
0.02288238 0.0009986967
0.031121 0.001159895
0.03672334 0.0009774724
0.04916331 0.0009195169
0.034773 0.0008515423
0.0756534 0.0007405262
0.08479703 0.0008631679
0.0653985 0.001002064
0.06978824 0.0009818466
0.03023269 0.0009815541
0.03866075 0.0009301721
0.06592012 0.0007527566
0.09144146 0.0007266811
0.04968573 0.0007019703
0.05361603 0.0007720616
0.06049454 0.001005106
0.09223378 0.001167571
0.08023822 0.00100615
0.06045756 0.0009069338
0.09676289 0.0008682453
0.113166 0.0009516747
0.07492828 0.001137323
0.07761263 0.00106323
0.06893884 0.001090363
0.07207161 0.000958104
0.07498807 0.0008980981
0.1118393 0.0009084205
0.1196943 0.0008614668
0.09569466 0.0009711246
0.08671527 0.001051328
0.09624394 0.0009344743
0.07974226 0.0009160494
0.04520267 0.0008115616
0.0299983 0.0008101218
0.03625337 0.0007452414
0.03821247 0.0007922288
0.03749543 0.0007931614
0.04320782 0.0009150474
0.05527587 0.0008375201
0.08439325 0.0006962466
0.07385568 0.0006821855
0.07473583 0.0007523326
0.07738289 0.0007322334
0.1023605 0.0007238719
0.1265397 0.0008109415
0.09821878 0.0008214679
0.128597 0.0009369629
0.1254982 0.0008834923
0.1783867 0.0007349866
0.181551 0.0007851388
0.1677041 0.001038664
0.11422 0.001067634
0.09494224 0.001107248
0.1199916 0.00132483
0.1005261 0.00140567
0.1344706 0.001289603
0.1124794 0.001295837
0.1130702 0.001578259
0.09282887 0.001608226
0.08533371 0.001511061
0.05637183 0.001411688
0.0504668 0.001201465
0.03439178 0.001147896
0.03792544 0.001214077
0.02134024 0.001363755
0.02780233 0.001292528
0.03372362 0.001479121
0.0589253 0.001365875
0.02935904 0.001439609
0.02511295 0.001538962
0.02172635 0.001987386
0.0236463 0.001996567
0.0400151 0.001881046
0.05251177 0.00189241
0.06346759 0.002172961
0.03632581 0.002379144
0.04225341 0.002563756
0.02440944 0.002886073
0.03135675 0.003031331
0.007077097 0.002918864
0.01313607 0.00272146
0.01610743 0.002637686
0.009718224 0.003007665
0.01726908 0.003403166
0.01813094 0.003320097
0.0221306 0.002957336
0.02777779 0.003370035
0.04104265 0.003246978
0.01796856 0.002712887
0.01399074 0.003104671
0.01352431 0.003773036
0.006839275 0.00355003
0.005188683 0.003330829
0.01137673 0.003199231
0.004348924 0.003491645
0.01004863 0.004036137
0.02855624 0.00424024
0.04477679 0.004744448
0.01954783 0.005810289
0.02324739 0.005727138
0.01555546 0.005719991
0.006249462 0.005516847
0.008621585 0.0060414
0.005568256 0.005772316
0.01259471 0.006158288
0.009506205 0.005425328
0.01316594 0.004889316
0.0070718 0.004622011
0.008737717 0.004630807
0.009903487 0.005356485
0.009512225 0.004814096
0.01290333 0.005391756
0.008029523 0.004825246
0.01404078 0.00448626
0.02323384 0.005061703
0.03162596 0.003924541
0.02002872 0.004968253
0.04182944 0.005066403
0.03403488 0.005363301
0.02745519 0.004769227
0.01955459 0.00462925
0.009543787 0.00424561
0.01779423 0.003924991
0.03123254 0.003471727
0.0255294 0.003604795
0.03279864 0.00321213
0.03330901 0.002845487
0.02509018 0.003375113
0.01592717 0.003422865
0.01046543 0.003942685
0.02356583 0.003632573
0.02141927 0.003981977
0.01165444 0.004296523
0.0180851 0.004309382
0.01511058 0.004125465
0.01671202 0.003598953
0.009470115 0.00365193
0.02272327 0.003518301
0.02599488 0.003330746
0.02602666 0.003772279
0.02268742 0.003970362
0.02172043 0.003609975
0.006580684 0.00396082
0.01194687 0.003457917
0.01480798 0.002969232
0.01320182 0.002818443
0.02332046 0.002853151
0.02255615 0.003372629
0.03874386 0.003516218
0.01779317 0.003312331
0.01216211 0.003424853
0.009884297 0.003220856
0.02116878 0.002545489
0.02029109 0.002445436
0.01938641 0.002165216
0.02056771 0.002426591
0.01752808 0.002628514
0.02681006 0.002683853
0.02473678 0.002517309
0.01633595 0.002849354
0.009952225 0.002613956
0.0248809 0.002634852
0.01423089 0.002349214
0.01953086 0.002015621
0.01837396 0.002040764
0.02130945 0.002220831
0.01562008 0.00226858
0.02693103 0.002412691
0.03406593 0.002548876
0.03359864 0.002791414
0.03345239 0.002510066
0.0345915 0.002522175
0.02972725 0.002312037
0.03552083 0.002190816
0.02928145 0.001959807
0.01507322 0.001984426
0.01376647 0.001817455
0.005555554 0.001868657
0.01649112 0.001763404
0.009448735 0.00161714
0.01123342 0.001511943
0.02015843 0.001401989
0.01865849 0.001572584
0.01270602 0.001653116
0.01083181 0.001566965
0.01410319 0.001473647
0.007519701 0.001393785
0.01264522 0.001536568
0.0249466 0.001251151
0.05469871 0.001243164
0.08687531 0.001079494
0.06902228 0.001294972
0.11899 0.001478659
0.07935926 0.001331727
0.08699018 0.001291051
0.09130656 0.001407264
0.1167168 0.001766982
0.1083682 0.002040307
0.07751223 0.002039274
0.05384157 0.001834488
0.06491315 0.001622272
0.05662688 0.001938269
0.06248445 0.001820102
0.07273712 0.001514214
0.08173147 0.001535041
0.07431887 0.001355619
0.07193317 0.001282519
0.09874494 0.001178465
0.07404432 0.001146909
0.1045052 0.0009860609
0.1238635 0.0009806345
0.1064996 0.001004254
0.08156093 0.001043785
0.08307486 0.001066602
0.1011102 0.001655099
0.06762631 0.001733766
0.07155399 0.002014974
0.08656901 0.00220896
0.07488886 0.00232863
0.06134814 0.002078421
0.07543113 0.002067403
0.06297199 0.001784968
0.0916466 0.001913685
0.08033197 0.001803874
0.05470074 0.00181209
0.04179971 0.001779916
0.0551227 0.001592545
0.02592505 0.001572434
0.03156996 0.001357036
0.02723895 0.001335643
0.05574444 0.001428582
0.01894867 0.001475013
0.02299464 0.001539331
0.01834804 0.00179333
0.01558432 0.001981224
0.004829402 0.002204018
0.00953944 0.002102316
0.01585649 0.002215951
0.03175112 0.002586729
0.04108154 0.002389973
0.04495323 0.001951587
0.03509492 0.001833526
0.03431586 0.001793174
0.02114846 0.001830902
0.01599208 0.001797894
0.04100948 0.002210186
0.02259345 0.002674279
0.008256726 0.002694907
0.01472233 0.002645519
0.02541613 0.002767954
0.02423197 0.003041634
0.03013487 0.002931931
0.01655048 0.003060198
0.02308109 0.002498396
0.01013629 0.002134523
0.02375467 0.002335143
0.02099379 0.002376266
0.01704072 0.002557215
0.01352411 0.002429171
0.01675993 0.002104552
0.03061368 0.002026452
0.03139679 0.001916973
0.05853058 0.002653421
0.05187986 0.002506237
0.0670413 0.002173533
0.08078833 0.002139539
0.06248327 0.001862368
0.08222639 0.001854052
0.08254691 0.001823541
0.09385323 0.00154964
0.09229427 0.001816229
0.09135617 0.002171559
0.08246473 0.00188982
0.07091066 0.001788303
0.06924101 0.0020346
0.06587291 0.002308526
0.06459772 0.00234877
0.05054721 0.002444479
0.06515572 0.002264657
0.03430987 0.002682767
0.05704949 0.002975262
0.05586962 0.002811846
0.04720914 0.002562099
0.05697356 0.002258975
0.04593773 0.002211096
0.04237802 0.002392553
0.02871834 0.002804707
0.03479605 0.002847371
0.02072606 0.002641995
0.03084255 0.002744055
0.01329123 0.00263959
0.01561816 0.00296266
0.02429851 0.003591129
0.02387576 0.003559319
0.02581754 0.00341694
0.03095417 0.003821628
0.03229247 0.003238103
0.01839959 0.003915828
0.02653865 0.004431793
0.01419581 0.003813234
0.01003566 0.004530381
0.01987379 0.004248843
0.01725971 0.00404551
0.01365397 0.003870453
0.01093437 0.004068801
0.009153325 0.003657651
0.01743143 0.003157925
0.01334943 0.003372141
0.01162675 0.004045118
0.002246577 0.004299979
0.0007539418 0.003996637
0.006637127 0.00366916
0.001512483 0.0050636
0.001389112 0.004152626
0.008722709 0.003298246
0.01177137 0.003011908
0.00978798 0.003146211
0.001579534 0.003623724
0.002429982 0.003814343
0.005361931 0.003528818
0.007002194 0.003688533
0.01807742 0.003634866
0.03598708 0.003177451
0.04487168 0.002712166
0.04289038 0.0027982
0.05607727 0.002134919
0.0705217 0.002062581
0.06416855 0.00177013
0.04733548 0.002159789
0.04726055 0.002059288
0.0492811 0.001764643
0.05943772 0.00181148
0.03833438 0.001448733
0.0530263 0.001458137
0.03243083 0.00168376
0.01602475 0.00132007
0.0247366 0.001266784
0.0240592 0.001102252
0.02876507 0.0009481487
0.01601396 0.0009348938
0.02562312 0.001007691
0.03717523 0.0009335972
0.02791325 0.0008204732
0.02556676 0.0008104567
0.02853293 0.0007470808
0.03639268 0.0008109107
0.02763068 0.0008389691
0.03218942 0.001027695
0.01244657 0.001233531
0.0122283 0.001171066
0.01358672 0.001292326
0.02696541 0.001425286
0.03076085 0.001516205
0.03012943 0.001380243
0.01962956 0.001314097
0.006082647 0.001381951
0.01125885 0.001507033
0.02165179 0.001729623
0.02225851 0.001589747
0.03124035 0.001355201
0.03879522 0.001273817
0.05865407 0.001256231
0.07435486 0.0017331
0.03580711 0.001596032
0.04178777 0.001562577
0.05284784 0.001302311
0.04167949 0.001501004
0.04881185 0.001367299
0.07045492 0.001352362
0.06284045 0.001286309
0.07189397 0.001032114
0.0660942 0.001031049
0.07490923 0.00103478
0.09073999 0.0008853761
0.05807032 0.0007997188
0.0884599 0.0007921965
0.1171651 0.000851278
0.1273783 0.0008608711
0.08942653 0.0008317089
0.08046408 0.0008304871
0.08134125 0.0007465776
0.09660194 0.0008001763
0.1056973 0.0007414394
0.1040128 0.0009000751
0.09965551 0.0008557831
0.06661729 0.001025923
0.05784515 0.001243553
0.04852048 0.001149623
0.04105714 0.0009397834
0.02484986 0.000806644
0.04712308 0.0007943687
0.04467736 0.0006989363
0.02274263 0.0006856107
0.02924757 0.0007689336
0.03223777 0.0008853581
0.03169248 0.0008828719
0.01342769 0.0008190675
0.03111246 0.0007863262
0.04016226 0.0008482975
0.039953 0.0009309727
0.03727337 0.0009516534
0.04538402 0.000904939
0.03816322 0.00110946
0.0430827 0.001152699
0.05097318 0.001140731
0.04312798 0.001274829
0.03456527 0.001058594
0.01568325 0.001194548
0.01619894 0.001040751
0.01436848 0.001149498
0.03034165 0.00139717
0.05226249 0.001643762
0.06654477 0.002028969
0.051189 0.001856569
0.03177658 0.001875279
0.0230771 0.002241016
0.009071229 0.002332683
0.007892714 0.002697537
0.01229209 0.002270689
0.01386171 0.002351244
0.0117228 0.002445353
0.00548954 0.002591492
0.009175336 0.00243485
0.007527756 0.002157516
0.02010203 0.002161126
0.01554865 0.002351202
0.01890183 0.002784221
0.02506039 0.003108488
0.0411807 0.003110231
0.04919618 0.002299246
0.03981906 0.002337111
0.02600151 0.002365745
0.03642505 0.00195996
0.03250165 0.001736857
0.05462384 0.00163719
0.04151021 0.001622605
0.05078438 0.001838469
0.06704867 0.002178685
0.05045504 0.001882754
0.08109036 0.001960097
0.07132255 0.002229577
0.06006613 0.002096492
0.02259273 0.002147465
0.01936405 0.002430819
0.01527631 0.002499407
0.02016754 0.002302764
0.03833078 0.002828749
0.03555808 0.002843754
0.04562682 0.002431189
0.05038119 0.002034894
0.05431405 0.001657058
0.03690724 0.001507277
0.0510564 0.001753094
0.04383629 0.001702098
0.04292968 0.001824544
0.04389466 0.001714395
0.05033774 0.001551932
0.03249352 0.001341645
0.02020281 0.001235395
0.02026869 0.001168819
0.02261995 0.001111516
0.03994827 0.001057126
0.02580573 0.001231689
0.02281111 0.001413585
0.02458088 0.001396203
0.03262111 0.001236331
0.02794498 0.001016767
0.04369103 0.001091212
0.06750175 0.001051808
0.0761273 0.0009516211
0.0597089 0.001071251
0.0433338 0.001127903
0.07017386 0.001189679
0.03874763 0.00119912
0.03068523 0.001376712
0.03359699 0.001284779
0.07282001 0.001389957
0.09530252 0.001392894
0.08857266 0.001167386
0.07508001 0.001145933
0.04803381 0.0009888554
0.0561782 0.001074608
0.06218617 0.001262856
0.04114092 0.001262823
0.06176947 0.001153929
0.0586887 0.001256928
0.07515984 0.001402847
0.1174429 0.001332117
0.1018486 0.001250829
0.1033011 0.001055916
0.1059613 0.0009966529
0.07248205 0.001076674
0.07592631 0.001041007
0.04356493 0.001014035
0.04182122 0.001110257
0.08065531 0.001171342
0.1112087 0.001411095
0.1230793 0.001429646
0.100806 0.001418946
0.076603 0.001448207
0.06408373 0.001549256
0.02824544 0.001667878
0.02086631 0.001552657
0.01471315 0.001625842
0.01323301 0.001553534
0.01720029 0.001716677
0.01671724 0.001719056
0.02086358 0.002094898
0.006236451 0.002350735
0.01074545 0.002498896
0.0061336 0.00285721
0.009807731 0.002573122
0.02690725 0.002251528
0.0347776 0.002435156
0.0306163 0.002789151
0.03939179 0.002517208
0.0279343 0.002561167
0.005226303 0.002406786
0.00314618 0.001956501
0.02151753 0.00196963
0.03323601 0.00209881
0.0390356 0.002318753
0.04635297 0.002336544
0.04544708 0.002346869
0.05983707 0.002309768
0.04125436 0.002166212
0.03116786 0.001925313
0.0258368 0.002326111
0.01573922 0.002383905
0.0117952 0.00239186
0.0149361 0.002654209
0.01353508 0.002695287
0.02814919 0.002335303
0.0263222 0.002165719
0.02429192 0.001956595
0.0263457 0.001745911
0.0279255 0.00162448
0.01268117 0.001392193
0.02787977 0.001340271
0.02109563 0.001467522
0.01322124 0.001460389
0.01983675 0.001498269
0.008996734 0.001331274
0.0009480888 0.001344962
0.002427439 0.00147538
0.00610634 0.001360268
0.01496294 0.001209864
0.01676633 0.001094757
0.01321911 0.001273492
0.01005302 0.001080706
0.01371554 0.001019573
0.0196434 0.001012188
0.03741927 0.001118709
0.04195707 0.001144141
0.04076932 0.001167872
0.04049995 0.001244708
0.02627851 0.00112943
0.02782123 0.0009102864
0.0273208 0.0008020164
0.01043163 0.0007417762
0.004184199 0.0007874787
0.004258983 0.000802254
0.008001721 0.0008337933
0.02247069 0.0009208865
0.05985184 0.001141793
0.03573304 0.001222097
0.05627377 0.001710868
0.05475232 0.002291737
0.02563078 0.002089164
0.01953706 0.002002798
0.0202323 0.002112975
0.02507662 0.002346413
0.04741983 0.002439925
0.03986369 0.002493901
0.03177317 0.002779204
0.03391961 0.002871929
0.0521342 0.002808402
0.04925171 0.002903689
0.04633221 0.002589272
0.05104999 0.002903597
0.02925169 0.002970724
0.03877779 0.003475651
0.02512356 0.003327215
0.02495125 0.003352578
0.02498424 0.003999284
0.00428103 0.004134517
0.006665101 0.003516327
0.00700613 0.003310631
0.009202552 0.002461799
0.006345646 0.002770831
0.01088333 0.002744393
0.0227942 0.002573706
0.02386588 0.002817066
0.01162691 0.002955708
0.03175132 0.003309221
0.0244874 0.002996057
0.01703946 0.002731461
0.01766715 0.002770376
0.02087975 0.002478178
0.03287893 0.002557522
0.03582737 0.002470711
0.03707179 0.002817796
0.04743425 0.002972668
0.03328456 0.002410892
0.01802209 0.002442827
0.01266963 0.002120306
0.03630133 0.002724196
0.02521352 0.002462345
0.02028834 0.002463444
0.02228779 0.001885588
0.02492299 0.001882703
0.02757028 0.001816925
0.03381645 0.001918356
0.02574277 0.001785771
0.03217972 0.001863021
0.01271857 0.001820611
0.02125675 0.001823704
0.02785631 0.001568522
0.0332766 0.001468626
0.06406801 0.001382805
0.05419193 0.001186595
0.07536443 0.001013506
0.07244699 0.001054765
0.02810064 0.001060965
0.03082694 0.001053628
0.02240877 0.001086825
0.01859028 0.001159746
0.02797689 0.001045437
0.04512822 0.001064592
0.03314819 0.001036742
0.03039148 0.0009396572
0.02336665 0.001126781
0.0305371 0.001365417
0.02843426 0.001619711
0.04625637 0.001729125
0.05501806 0.001555029
0.06412966 0.001580432
0.04521382 0.001622738
0.02022847 0.001924551
0.01750397 0.001597368
0.02536977 0.00151966
0.03054603 0.001527844
0.01812196 0.001452069
0.02133507 0.001579802
0.03891375 0.001579227
0.03502106 0.001653142
0.02683178 0.001709903
0.01309899 0.001427917
0.01034465 0.001599293
0.007370549 0.001510541
0.01848196 0.001667059
0.02065554 0.001901478
0.03549615 0.002127253
0.03824453 0.001737674
0.03706643 0.001783217
0.03303441 0.001887491
0.04872899 0.001642195
0.08535601 0.001444273
0.08270249 0.001562857
0.03712849 0.00150101
0.02958051 0.001200728
0.04089908 0.001287176
0.04793698 0.001504987
0.04296205 0.001291716
0.04464001 0.001207088
0.03280942 0.001121321
0.02640546 0.001429307
0.01013825 0.001169137
0.008169042 0.001132937
0.009372665 0.00114513
0.006944479 0.001048684
0.004696931 0.001215081
0.001234798 0.0013913
0.001981503 0.001276269
0.000905224 0.0011561
0.008866871 0.001293579
0.01066045 0.00125578
0.03016639 0.001323504
0.03877412 0.001907987
0.04481913 0.002060102
0.04026579 0.002331677
0.03029527 0.002575608
0.03272547 0.002173555
0.02357888 0.002125999
0.03769739 0.001994249
0.0485036 0.00214236
0.05434737 0.002176487
0.03989834 0.0019314
0.04767857 0.002203161
0.0382917 0.002723165
0.04053514 0.002768493
0.0421655 0.003137539
0.02493745 0.002744182
0.0229259 0.003275968
0.03038713 0.003600831
0.0463451 0.003376727
0.03237166 0.003314177
0.03607189 0.003318035
0.03740071 0.00341256
0.03351009 0.003318693
0.0562554 0.003249943
0.04671339 0.003198119
0.02110567 0.002941538
0.01786788 0.002739037
0.02972384 0.003104599
0.02948533 0.002606951
0.0284581 0.002566256
0.03580704 0.002185174
0.03484451 0.002520838
0.03971229 0.002403098
0.07042502 0.002266147
0.0440629 0.002385576
0.02221941 0.002400189
0.02034826 0.002285343
0.007614826 0.002198216
0.02490368 0.002206488
0.03017632 0.002389079
0.00941335 0.002333073
0.01948645 0.002555294
0.02859562 0.002599831
0.03182864 0.002211996
0.03254633 0.002229577
0.03332084 0.002391564
0.02470087 0.002485995
0.01456289 0.002516486
0.009789821 0.002066271
0.02378385 0.002315679
0.01480988 0.002374992
0.01324294 0.002043609
0.01925359 0.001975022
0.03099796 0.002088314
0.04372188 0.002189144
0.04722879 0.002732317
0.05392597 0.002681218
0.04173423 0.002693806
0.02641054 0.003314445
0.05069814 0.003965704
0.0399141 0.003268685
0.03292384 0.002911029
0.026013 0.003047111
0.004406517 0.00332489
0.0152081 0.003151614
0.01068916 0.002799655
0.02554997 0.003010083
0.0191072 0.003313853
0.01828157 0.002697189
0.02147672 0.002674606
0.02586144 0.00253904
0.01705423 0.00278392
0.008243837 0.002538625
0.01208007 0.002788598
0.01042248 0.002696056
0.01721291 0.002878569
0.01736452 0.002844447
0.02254419 0.003364361
0.01966254 0.00380821
0.0363125 0.004309972
0.03494818 0.004028222
0.04235557 0.00386096
0.01948177 0.003841592
0.02928312 0.003518135
0.02594604 0.003106907
0.02267056 0.002982839
0.02224201 0.003047505
0.02092073 0.002521503
0.02066098 0.003229086
0.01164313 0.00298413
0.01884345 0.003368133
0.0198449 0.003053942
0.0135875 0.003795726
0.01835064 0.003492189
0.01006373 0.003710571
0.009900714 0.003428781
0.0171861 0.003950244
0.02553979 0.004081398
0.0198524 0.003663257
0.02311209 0.003320289
0.01617523 0.003479702
0.0148985 0.004015929
0.01278429 0.004598122
0.01569284 0.004757824
0.005792474 0.004589461
0.01857255 0.004610481
0.01154008 0.004986996
0.004694928 0.004338136
0.003480031 0.004036641
0.005494894 0.003811521
0.007448078 0.004795364
0.01649891 0.00525064
0.01843098 0.005829653
0.009207564 0.006327431
0.01345662 0.007099
0.005013835 0.006113697
0.005265676 0.006438785
0.009111856 0.006534282
0.008615807 0.00614342
0.003815595 0.005933489
0.00534666 0.00595563
0.03448321 0.005511258
0.03285397 0.004311345
0.04153215 0.0049864
0.01914261 0.004699195
0.01105708 0.005496859
0.01088697 0.00595986
0.007401473 0.005008464
0.0007038823 0.005240887
0.004147817 0.006119101
0.008562554 0.005453948
0.005580276 0.005733046
0.01202896 0.005473503
0.02457481 0.006330052
0.00950091 0.007022071
0.01029849 0.006585359
0.01495729 0.006585863
0.006531326 0.006305601
0.005178305 0.005440158
0.005021356 0.005432342
0.001950847 0.006450154
0.002327372 0.006022773
0.003837514 0.007352892
0.01016887 0.007009449
0.01144749 0.007627128
0.01340415 0.008201933
0.01296909 0.009777845
0.01937887 0.00946615
0.01849266 0.008902063
0.00958373 0.008511891
0.008874973 0.008167732
0.004074705 0.00689242
0.008543018 0.007548701
0.0123181 0.007736593
0.01082228 0.008585308
0.008235696 0.008691168
0.007454451 0.008747193
0.007523456 0.009179507
0.00644638 0.00897358
0.003942344 0.008664139
0.002629044 0.008035221
0.005315324 0.007780241
0.01001205 0.007450864
0.002558471 0.00695058
0.005092566 0.007717574
0.003285549 0.008679012
0.003229981 0.006774307
0.002532548 0.007348782
0.003834754 0.007038181
0.01205215 0.005267218
0.003751087 0.004914185
0.01601037 0.003632491
0.005749591 0.003348484
0.01127801 0.003294466
0.0227541 0.003415885
0.02094683 0.003431565
0.03038867 0.003051388
0.03593732 0.003216349
0.03052055 0.003503301
0.03733419 0.004252446
0.0415095 0.004406083
0.02027138 0.004416654
0.01159495 0.003729825
0.003939583 0.003916628
0.003911044 0.003590422
0.004177965 0.003405265
0.009362271 0.003258531
0.01365965 0.003183297
0.03288066 0.002748917
0.05737509 0.00260028
0.06377047 0.002751698
0.05172102 0.002554682
0.06105437 0.002630057
0.06216099 0.003031152
0.05046933 0.002599143
0.04062208 0.001832648
0.06987668 0.001835154
0.06129316 0.001785433
0.03952874 0.001702371
0.05177321 0.001464986
0.08725421 0.001686901
0.09678635 0.001877228
0.09890622 0.001893198
0.06423603 0.001598504
0.04089449 0.001821447
0.0428293 0.002127766
0.03746534 0.002015389
0.0387645 0.001639668
0.03829891 0.00152941
0.04504506 0.001403598
0.05310795 0.001742538
0.084827 0.001846418
0.05216871 0.002192244
0.05887269 0.002272964
0.05006638 0.002234585
0.05399312 0.001782095
0.05904682 0.001858713
0.05578063 0.001815195
0.05877747 0.001543018
0.0893908 0.001903281
0.0674389 0.001683392
0.03175397 0.001664463
0.05078816 0.001817334
0.04792426 0.002184175
0.0425803 0.002239541
0.04667564 0.002062292
0.03189496 0.002157404
0.02342344 0.002021371
0.03721976 0.001760378
0.02051459 0.00199137
0.01858406 0.002205658
0.01035121 0.002114744
0.02352645 0.001918657
0.02557892 0.001950518
0.03839592 0.001959774
0.03481756 0.001598269
0.04441399 0.001840586
0.05019856 0.001843076
0.0701157 0.001685202
0.06656493 0.001656752
0.07176062 0.001551832
0.06147516 0.00140098
0.07544646 0.001736949
0.05089062 0.001457939
0.04450739 0.001461571
0.04411654 0.001264286
0.05168117 0.001187247
0.07493839 0.00138987
0.06430963 0.001447991
0.05697863 0.001543076
0.0616782 0.001504328
0.05837061 0.0014487
0.0573853 0.001435815
0.06462874 0.001234782
0.08245477 0.001298159
0.07937779 0.001415733
0.09014546 0.001241928
0.1038266 0.001072309
0.07531257 0.001199636
0.06462728 0.001299839
0.0633169 0.001557658
0.05968129 0.001481324
0.06431242 0.001445881
0.05046 0.001241875
0.02553609 0.001306912
0.03820352 0.001336273
0.03168707 0.00131666
0.034408 0.001337189
0.03254047 0.001264248
0.04574609 0.001309805
0.04366894 0.001309301
0.07689163 0.001151413
0.05516962 0.001249557
0.06064409 0.001242751
0.07383899 0.001229348
0.06524457 0.00117144
0.03786989 0.00118526
0.06463756 0.001241333
0.06521952 0.001351721
0.03484587 0.001309758
0.02602439 0.00148058
0.03287145 0.001605863
0.0523151 0.001712683
0.06617438 0.002071084
0.04419313 0.001987051
0.05171817 0.001956544
0.01806628 0.002280386
0.01128186 0.002121845
0.02796724 0.002154013
0.03063273 0.001914417
0.02678567 0.001734389
0.01647798 0.00161761
0.008781372 0.001418133
0.01011856 0.001275846
0.006447976 0.001216884
0.00267249 0.001229068
0.00344662 0.001264961
0.004241333 0.001451781
0.00528961 0.001329187
0.02828238 0.001271302
0.04219742 0.001433869
0.04345115 0.001954041
0.03463317 0.002227982
0.01098937 0.00192525
0.01185934 0.002044789
0.0192875 0.002023784
0.0274239 0.001998949
0.03528011 0.001939456
0.05506026 0.001911328
0.05060374 0.002016892
0.04072701 0.002165418
0.05239665 0.002532123
0.04695387 0.00263995
0.01492258 0.003312589
0.02980181 0.003993997
0.0127351 0.004754535
0.01188267 0.005034608
0.004424723 0.00466573
0.00273822 0.005924501
0.01537416 0.005468115
0.0228428 0.004504069
0.01315244 0.004465271
0.01757661 0.003688614
0.03017449 0.003673573
0.01959094 0.003081414
0.02221588 0.002909716
0.01992876 0.002775326
0.02570012 0.002975723
0.03292713 0.003180616
0.02227223 0.003206167
0.03180824 0.004133887
0.03643636 0.003945038
0.02697764 0.003564213
0.02995874 0.003842448
0.02077346 0.004632284
0.01710905 0.004384538
0.02243906 0.004548692
0.01685944 0.004197333
0.01624 0.003697527
0.01931969 0.004027713
0.03388979 0.004450292
0.02006087 0.005351604
0.009274431 0.005889465
0.02287545 0.005602249
0.02055111 0.004976468
0.0127163 0.004336026
0.01229253 0.005510616
0.01251836 0.005185788
0.005657952 0.004988023
0.007234306 0.004369038
0.02365135 0.003141314
0.02748157 0.00370664
0.009069195 0.004076265
0.01921871 0.004674746
0.01172628 0.004687782
0.0224989 0.004216248
0.02263747 0.004028287
0.0294105 0.004449719
0.03273252 0.003620618
0.04018463 0.003483866
0.04294901 0.003468185
0.02799392 0.003969524
0.04278003 0.003640819
0.01255098 0.003608574
0.01881822 0.003124361
0.02698018 0.003477327
0.03268874 0.003389472
0.02879825 0.004049046
0.01328602 0.004605482
0.01119785 0.00477377
0.01284808 0.004518201
0.01203097 0.004646244
0.005355334 0.003927576
0.008561616 0.003611462
0.003003495 0.004094985
0.002961851 0.003585114
0.005363385 0.003409716
0.008081276 0.003661139
0.003146398 0.002983774
0.00731911 0.003346197
0.003282482 0.003251043
0.003311957 0.003846151
0.01230994 0.003618261
0.01356333 0.002949386
0.04733555 0.002696335
0.04182345 0.002262169
0.01415741 0.002470887
0.00933438 0.002203814
0.005281632 0.002097084
0.01111598 0.001780643
0.02845348 0.001810445
0.008371838 0.00204058
0.005260198 0.001933916
0.005651881 0.001767336
0.004765384 0.001572633
0.0100503 0.001730403
0.008767367 0.001917143
0.01521539 0.00207291
0.01376703 0.001728391
0.004651618 0.001469253
0.01601406 0.001305227
0.02354861 0.001513685
0.03641771 0.001510734
0.06008955 0.00144327
0.05656541 0.001340986
0.06900599 0.001267632
0.06396272 0.001204872
0.06237201 0.001568144
0.03948759 0.00165112
0.06668065 0.001664441
0.06571425 0.001702769
0.06534529 0.001793572
0.05772376 0.002182612
0.03842963 0.002306772
0.03449222 0.002145936
0.04074936 0.002611656
0.02678525 0.003227499
0.03964341 0.003228644
0.02935633 0.002830391
0.03723573 0.002298097
0.02106143 0.002165632
0.01286484 0.001642044
0.02243242 0.001676208
0.01926777 0.002013468
0.01436432 0.002153825
0.02765018 0.001824817
0.04991031 0.001547878
0.05322739 0.001504496
0.04238182 0.001371921
0.04842738 0.001258518
0.04116011 0.001253673
0.04281714 0.001250998
0.04197493 0.001389534
0.02581881 0.001335507
0.0546791 0.0009275786
0.05930615 0.0009029409
0.07222151 0.0009647533
0.06667959 0.001080658
0.1008547 0.0008886186
0.0670198 0.0009771748
0.05911011 0.001194303
0.07808194 0.001336333
0.06115804 0.001406773
0.04729225 0.001822216
0.06415009 0.001927099
0.0467013 0.002192868
0.05648268 0.002188099
0.0298793 0.001938137
0.015947 0.001810515
0.01988643 0.0015443
0.01310201 0.001379048
0.01867295 0.001252891
0.03805739 0.001266909
0.03263398 0.001189583
0.06130388 0.001023767
0.05705773 0.0009709037
0.05128876 0.001020046
0.05893412 0.0009355873
0.06256733 0.0009924676
0.06532801 0.001332705
0.06022393 0.001398712
0.06672629 0.00131781
0.0546499 0.001189947
0.04133843 0.001265503
0.02600393 0.001296972
0.05261479 0.001311612
0.05601119 0.00149186
0.04815707 0.001701404
0.05882655 0.001797523
0.0584933 0.001806023
0.04853742 0.001571592
0.06447167 0.001405483
0.06347086 0.001451778
0.05352102 0.001393412
0.03827351 0.001207014
0.04638678 0.001331079
0.04174044 0.001364764
0.05206379 0.001576471
0.04693924 0.001684037
0.05747022 0.001180372
0.07414361 0.001222308
0.07962067 0.001150444
0.03119516 0.001352212
0.02777397 0.001235006
0.02706539 0.001234766
0.03841313 0.001194383
0.05910488 0.001200269
0.07042306 0.001373875
0.05593178 0.001348466
0.08739119 0.001107288
0.07672363 0.001154648
0.09411791 0.001276319
0.1340353 0.001517057
0.1319598 0.001636254
0.1485464 0.001977491
0.08245983 0.001794413
0.09826498 0.00177207
0.09546012 0.001956015
0.07602596 0.00167767
0.07523502 0.001507219
0.0496335 0.001663296
0.01940365 0.001829274
0.01809862 0.001999369
0.03776735 0.002121339
0.02748421 0.002145383
0.02283903 0.002050956
0.004980899 0.002606552
0.005102161 0.002915773
0.01005413 0.002366259
0.002826216 0.002084889
0.008998675 0.002261288
0.009769739 0.002692527
0.01549009 0.002846522
0.01360339 0.002761131
0.005594234 0.002652003
0.0009060833 0.002310706
0.003355295 0.002157941
0.01040238 0.002448542
0.02878357 0.002628972
0.01595048 0.002602166
0.03114574 0.002415599
0.02015213 0.003235296
0.01304666 0.003041482
0.002115712 0.003216653
0.000443205 0.002983102
0.006002268 0.003228323
0.0224172 0.002823698
0.02406328 0.002798407
0.0341529 0.003017033
0.02927157 0.002513852
0.04887125 0.00238308
0.02753082 0.002460411
0.02346835 0.002602516
0.03261196 0.002618402
0.04095983 0.002258794
0.04027826 0.001864263
0.03546523 0.001770199
0.04732667 0.001882598
0.02370195 0.001765652
0.04727134 0.002168871
0.03106326 0.002173694
0.03027113 0.001981782
0.04138859 0.00198647
0.05284385 0.002043186
0.02588232 0.00273044
0.04142396 0.003670117
0.04332307 0.003459561
0.06026563 0.003473076
0.05702658 0.003545622
0.02839579 0.003921035
0.03078962 0.003263555
0.01990283 0.002811844
0.02765587 0.002987548
0.03491527 0.003030933
0.03673322 0.00297636
0.03243863 0.003184108
0.06625455 0.002968919
0.03588131 0.002819807
0.02150868 0.00300979
0.00674732 0.002570047
0.0110299 0.002423623
0.03386856 0.002726305
0.02170561 0.002804777
0.03006649 0.002433484
0.03201522 0.002001971
0.01256752 0.001826429
0.02464237 0.002182298
0.008082945 0.002240002
0.003593164 0.00222007
0.006263893 0.002085425
0.00141586 0.001935026
0.004285929 0.001940083
0.005268759 0.002092733
0.009108945 0.00170399
0.02180238 0.001891934
0.02785036 0.001797047
0.01081012 0.001812416
0.02740248 0.001774997
0.02445359 0.00153752
0.02474521 0.001509998
0.02435826 0.001474278
0.02634708 0.001773232
0.03704699 0.001486487
0.04621893 0.001528212
0.02828437 0.001765293
0.04074632 0.002036161
0.07860625 0.001678406
0.08604849 0.001728899
0.1174229 0.001920687
0.09483193 0.002035448
0.08111908 0.002005436
0.07088334 0.00200223
0.02441536 0.001842517
0.02246329 0.00179869
0.03091417 0.002167286
0.04005036 0.001990279
0.02402848 0.001889362
0.01906285 0.001603734
0.01291644 0.001610886
0.01792903 0.001401132
0.03011574 0.001508811
0.02878202 0.001670046
0.02165722 0.001508326
0.05105595 0.001636103
0.02177752 0.001373285
0.008169232 0.001397031
0.01409971 0.001437808
0.02749584 0.001559433
0.01642418 0.001791983
0.02088656 0.002049057
0.0106589 0.002029626
0.01042843 0.002189689
0.01198539 0.002288073
0.01340078 0.002064553
0.01620646 0.002125788
0.01666438 0.002033275
0.03661296 0.001602757
0.01938811 0.001401324
0.01189041 0.001356527
0.02354941 0.001221288
0.01119888 0.00101865
0.009563981 0.001140591
0.01002345 0.0009810868
0.007909882 0.0009449314
0.00187784 0.0008324584
0.00559535 0.0008373815
0.005790944 0.000797581
0.003709484 0.0008304044
0.0007145056 0.001003488
0.01199099 0.001095649
0.008150554 0.001081291
0.008175527 0.001161135
0.007300981 0.001211749
0.01467063 0.001082787
0.02461575 0.001117454
0.02516275 0.001319873
0.02312885 0.001323308
0.03160903 0.001302181
0.01771459 0.00147718
0.01078293 0.001704363
0.001385679 0.001957595
0.0035574 0.002114655
0.0001417992 0.002011189
0.002902261 0.001724114
0.004391359 0.002006561
0.02584208 0.002017509
0.02906551 0.001700224
0.03194126 0.001855437
0.04887164 0.00185599
0.04299035 0.001670283
0.03908822 0.001717988
0.01725492 0.001936585
0.007314607 0.001444443
0.001301053 0.001297318
0.02322698 0.00141666
0.01887174 0.001321724
0.03713042 0.001182788
0.04943872 0.001223192
0.03487199 0.00134364
0.04565101 0.001290617
0.06211064 0.001365067
0.05439725 0.001283889
0.05152378 0.001218904
0.04884359 0.001101344
0.03368366 0.001167457
0.03178374 0.001190018
0.01018051 0.001055169
0.01230295 0.0008976792
0.01188435 0.001010426
0.008167813 0.0009365519
0.005502709 0.001120557
0.02317905 0.00104359
0.03090303 0.001306306
0.04028849 0.001375207
0.04589869 0.001234077
