probIn varB
0.0202704 2055.486
0.01001443 1628.097
0.001510713 1629.313
0.000688756 1877.443
0.002045441 1895.543
0.005935751 2230.879
0.01051023 2274.032
0.0114612 2168.291
0.002370589 2479.547
0.002269016 2200.016
0.00758484 2137.387
0.0009962361 2193.385
0.003558366 2488.074
0.007173228 2147.252
0.01598392 1854.197
0.004373502 1578.023
0.003013961 1654.284
0.001480943 1542.177
0.0002737284 1366.821
0.00813682 1292.75
0.01331313 1370.108
0.009512592 1317.779
0.008275878 1277.29
0.005919519 1335.778
0.0009815742 1366.165
0.00178418 1626.174
0.003377253 1507.994
0.004731524 1539.733
0.0005834988 1666.372
0.003250717 1847.48
0.01031276 1676.757
0.00314411 1552.968
0.003334144 1739.884
0.006699866 1548.928
0.004203264 1560.935
0.0007634646 1601.314
0.004196818 1497.225
0.004070278 1567.377
0.003580685 1862.62
0.002519151 1661.994
0.003006402 1540.788
0.01009962 1425.396
0.006632002 1397.647
0.002411287 1169.347
0.005526815 1053.795
0.001287465 1179.007
0.00232471 949.6324
0.0006528765 915.7042
0.007968281 773.638
0.007675423 845.4295
0.01301695 914.7481
0.01591209 778.7719
0.02146933 764.1366
0.01524127 803.4903
0.008701283 683.5352
0.01273346 733.3682
0.007007447 641.3258
0.006653415 544.3889
0.008227387 491.3079
0.00589962 526.5697
0.01921682 579.0496
0.02059578 547.8146
0.01387099 566.6702
0.01243037 506.0674
0.01661727 596.9073
0.02273776 532.0234
0.02075909 531.7228
0.01099586 642.2613
0.01714804 585.5028
0.01036994 551.2694
0.008287269 546.402
0.02196857 491.5475
0.02836327 529.5637
0.03592975 509.2588
0.03529863 490.0887
0.01477848 483.8259
0.01589589 452.7165
0.02327261 523.5307
0.009892712 609.0779
0.01410277 530.4432
0.007370893 639.2389
0.02061228 606.3561
0.0268015 592.8275
0.04272186 525.8255
0.03909834 640.4675
0.05748055 583.3325
0.03283941 563.8115
0.03983092 565.3487
0.05126827 605.2221
0.03459971 555.8889
0.03216628 561.8057
0.01495572 543.8282
0.0197986 460.006
0.01782857 500.1846
0.01771733 447.7941
0.03139511 349.06
0.01605408 385.1781
0.02004245 359.2318
0.01970859 389.6186
0.02936739 451.3755
0.02069653 431.1002
0.01886086 404.5778
0.002748114 376.1475
0.01728551 384.1633
0.01201682 397.7269
0.03264629 427.4299
0.02452378 461.9218
0.01334549 419.1916
0.01687456 400.5016
0.01081927 369.9572
0.01573529 339.2493
0.0163749 375.7127
0.01153566 358.0662
0.007484476 316.4823
0.01927387 261.5649
0.02404804 253.9524
0.009890821 307.9378
0.01867866 245.1501
0.02457649 268.9417
0.02130766 288.4057
0.01583159 313.5755
0.02355978 345.6357
0.01934168 306.9841
0.04749463 300.3727
0.06344667 288.2345
0.08020303 268.5323
0.05042653 294.2844
0.04602246 265.7692
0.07071226 283.0656
0.06238844 347.1998
0.09158998 379.1326
0.03760992 366.0331
0.04042012 410.4122
0.02088158 393.5276
0.01565838 341.456
0.005209687 342.7419
0.02007342 342.5399
0.02050684 310.2775
0.01367772 362.7378
0.01383244 398.4166
0.01913814 324.6199
0.02193866 296.6874
0.02164284 293.5159
0.01423968 334.6999
0.02612713 356.1987
0.01885095 380.6384
0.02610451 400.7366
0.02000466 322.9084
0.01983594 327.5096
0.01856683 333.5406
0.03151641 348.6384
0.03830669 395.5148
0.04226566 352.0126
0.01156823 342.1374
0.001442079 369.6413
0.00923431 368.5847
0.005283708 365.2786
0.00720098 404.1773
0.0127318 384.1997
0.01030085 387.8069
0.009381115 463.2747
0.0215106 443.1519
0.03204834 493.916
0.02003797 493.6265
0.009311142 565.2659
0.009235354 640.6407
0.008462463 582.7088
0.008707003 618.4942
0.01534655 619.1799
0.02821651 696.4059
0.01365167 675.6162
0.01097568 620.9853
0.01705038 641.6284
0.02096396 645.6345
0.009683875 662.8353
0.001511135 754.2259
0.004075681 929.4469
0.005944319 1000.427
0.004739273 960.5643
0.007387134 889.5113
0.01306988 749.1606
0.007823587 628.2766
0.005781166 665.6491
0.005124701 638.8108
0.0006202879 601.5898
0.005085118 603.4813
0.0009187205 701.8544
0.01016424 634.9616
0.006646651 559.4481
0.009704864 463.5062
0.007655506 512.3468
0.01542867 444.0604
0.03277185 412.3461
0.02124149 379.3349
0.02282228 362.126
0.02109379 314.832
0.01367469 325.2485
0.01575484 354.9851
0.008186451 372.1089
0.0106403 445.3921
0.001552396 415.531
0.001594489 450.1423
0.001457435 434.3395
0.004339258 388.744
0.002409258 334.6006
0.001242483 340.5415
0.00597208 364.9229
0.009753855 382.0967
0.008250938 385.9643
0.02005899 330.0631
0.01521326 264.4343
0.01746041 242.6291
0.01340602 250.1674
0.01184697 278.014
0.007542704 268.5643
0.00996794 291.0891
0.00780104 307.2388
0.003470345 298.7114
0.002236176 260.5876
0.002396295 226.6279
0.002189141 237.5591
0.00663974 249.5133
0.007226993 267.0758
0.01033118 246.8618
0.01819977 245.2411
0.02390183 223.2517
0.02138549 197.293
0.009713499 276.8968
0.005276764 290.42
0.01452009 289.0385
0.01830701 304.1157
0.008649807 322.8105
0.01581221 314.5881
0.004696877 346.3087
0.009295905 372.6197
0.002906721 411.4491
0.01251505 402.975
0.01208943 351.6043
0.01677472 331.2309
0.01448835 371.4866
0.01852949 302.0685
0.02135804 347.4269
0.03590548 398.9652
0.009839564 469.1794
0.01627801 529.4808
0.0245344 589.5743
0.01106245 508.6985
0.01236489 501.3844
0.01013868 432.5931
0.01182375 374.7247
0.01189749 363.0482
0.03208878 382.0696
0.03396362 367.3821
0.03590013 311.4274
0.03332903 285.0221
0.02529902 260.2615
0.04002374 257.2762
0.04444232 252.4539
0.03240595 248.7876
0.02111841 257.9886
0.01375392 267.8353
0.01449107 307.0019
0.02046686 276.6909
0.02276467 297.5003
0.02182789 297.6131
0.02552047 284.741
0.04410424 264.1283
0.02992558 265.0668
0.01413374 237.737
0.0135615 263.1411
0.01457885 243.4933
0.01147778 225.5089
0.01269959 235.3958
0.01259426 218.0945
0.01775702 208.8412
0.02697596 186.1686
0.00525901 171.0636
0.006424835 172.5084
0.00787073 187.746
0.01730593 207.6152
0.01545063 165.8964
0.01148142 221.5208
0.007519548 210.1839
0.01498232 217.4092
0.01967255 237.2899
0.004199522 220.3058
0.02646904 263.201
0.04295311 270.3818
0.03338813 327.1507
0.02043898 295.4632
0.02690758 290.935
0.0533789 324.024
0.05297031 362.2997
0.04993015 318.4728
0.0534057 296.1186
0.05621439 300.1634
0.0304645 351.9103
0.03116729 347.5643
0.02278061 357.6786
0.006184531 344.4304
0.007802229 324.5354
0.0004824209 287.2709
0.01215595 257.8594
0.0240646 294.041
0.02372488 250.664
0.0287505 274.6396
0.02187197 262.6508
0.0195994 296.1264
0.03278544 321.7771
0.04535965 303.2476
0.05967271 318.2298
0.03868986 311.322
0.02219321 255.7256
0.0154348 302.1385
0.02227699 365.5885
0.03554684 405.5603
0.0320045 374.3086
0.04191358 308.0615
0.0357187 297.1488
0.05431217 311.9811
0.05701415 279.4122
0.03910752 274.8384
0.05340257 276.2081
0.03544707 243.0907
0.0504397 329.8365
0.05546694 353.9707
0.04973711 439.5949
0.05034348 400.7641
0.03678846 392.1465
0.03193488 404.7444
0.03165753 380.3198
0.04501109 461.5618
0.01871184 393.4074
0.02070433 399.2137
0.0045684 450.0715
0.002892925 397.8554
0.00299201 417.1616
0.007291208 498.4299
0.01555329 494.2648
0.01579449 446.7632
0.01737941 423.031
0.0229712 419.855
0.008194452 492.9374
0.009060525 485.7749
0.0128202 478.3747
0.002594038 385.6363
0.006914927 326.2484
0.00870666 280.7572
0.01255087 304.0008
0.01334701 257.2615
0.05488496 264.6771
0.06056866 242.5579
0.05049532 253.7459
0.01749508 256.8227
0.01584189 260.4043
0.01522378 262.9496
0.02596679 219.5756
0.02666818 211.852
0.03754558 227.3157
0.02989512 234.4163
0.007513975 261.4255
0.006061491 276.6515
0.002846367 253.8237
0.005694422 246.0312
0.005353446 260.371
0.009550224 267.0664
0.007759971 223.9937
0.01002072 250.1462
0.01802529 275.3662
0.02157933 262.4078
0.03152628 296.143
0.0219341 271.4951
0.04288181 269.5443
0.01376533 290.8684
0.01164574 313.2704
0.00892649 351.165
0.00511641 377.8452
0.005532476 349.2694
0.008614032 358.9934
0.01501323 375.3354
0.01680398 443.4309
0.01585048 492.4217
0.01020876 457.4197
0.01958006 472.4555
0.02188161 447.7824
0.03281431 399.3423
0.03000797 441.9539
0.01910715 376.7941
0.003780015 377.5335
0.01638287 367.336
0.01253623 290.8996
0.02679306 325.8764
0.03251623 350.6287
0.02449993 316.5238
0.03202512 304.989
0.02989389 311.5654
0.02629522 340.8633
0.02948397 336.3006
0.02135994 353.4447
0.01643267 385.8488
0.007486411 317.6026
0.02389969 349.4414
0.01369273 372.2758
0.01888315 384.6919
0.03374323 374.3123
0.04038303 471.1199
0.02120133 500.4172
0.03413287 611.5174
0.03224353 693.679
0.02922775 703.2146
0.02609173 749.4929
0.02551646 658.0581
0.01797051 582.236
0.01874661 615.0758
0.01794099 681.7886
0.01598611 535.5596
0.01413275 570.2938
0.01586415 651.6216
0.01504304 687.826
0.006883126 550.1567
0.009359883 527.1417
0.01332391 579.1373
0.006224432 677.1998
0.007751047 768.2897
0.01028464 825.9736
0.003116732 811.4258
0.0004304546 696.928
0.004207386 661.6108
0.005889531 698.6292
0.007527687 823.5801
0.0003648105 779.9152
0.0002952484 704.3493
0.003052075 749.8557
0.01219117 790.2663
0.01197401 797.4085
0.01339231 713.5371
0.03890956 820.6543
0.03809194 736.4453
0.03414681 823.8325
0.03703474 797.7459
0.02048152 669.42
0.02710646 636.1324
0.02608404 640.6838
0.01394655 685.3633
0.04204411 735.4401
0.0246258 765.3787
0.02287894 788.6333
0.01748467 831.7669
0.01935877 810.6741
0.01400961 811.8855
0.003291112 703.0667
0.0007896006 671.9862
0.003827957 752.8163
0.009140152 842.4865
0.005713931 908.0878
0.005970066 794.0216
0.004038635 866.4387
0.002369715 743.1013
0.006166306 752.3974
0.01002156 792.1333
0.005907886 792.4129
0.008045044 817.9029
0.001583998 746.7986
0.003477422 725.4799
0.003343114 576.0491
0.008869762 508.5034
0.01084989 557.1107
0.009952816 448.5565
0.01204473 440.024
0.01299828 524.7179
0.01139065 622.2435
0.02473006 577.225
0.03947261 474.5626
0.04741835 508.6597
0.02625443 492.1984
0.03327692 561.1264
0.0125278 537.3694
0.007638662 457.7255
0.008974344 556.0774
0.01944326 502.9367
0.01067656 508.0007
0.01331027 508.8648
0.01283186 577.2435
0.009385841 523.8504
0.0311267 489.5353
0.0290124 523.4686
0.03303032 527.6698
0.01645155 518.6266
0.03056162 491.8684
0.03144184 532.4116
0.03301368 579.5902
0.02488499 666.9192
0.01576117 604.7219
0.009261687 598.7494
0.008268013 737.6191
0.00025681 760.7394
0.005510879 728.7403
0.008076422 625.0581
0.004549716 613.8504
0.007407522 549.8201
0.002552202 533.7737
0.008035895 547.4272
0.007683834 457.4584
0.009461379 452.8863
0.03107353 511.9676
0.05829423 575.7811
0.06501534 499.0553
0.0460298 537.0297
0.04065603 510.5515
0.03764149 509.2581
0.04581021 548.022
0.06669041 534.3321
0.07545583 486.3816
0.04793021 424.003
0.03970105 350.5884
0.05597293 354.69
0.04013386 341.5827
0.05647317 345.3857
0.02788894 354.9883
0.02379283 350.5767
0.02030119 333.9305
0.01590488 344.5308
0.01589591 324.4279
0.03364542 315.2058
0.02712434 334.6702
0.00326531 376.2634
0.003847567 380.9986
0.002278008 392.5645
0.005882994 441.214
0.00682589 488.6911
0.01573951 489.2834
0.01262037 511.3618
0.01983998 459.663
0.01905074 394.5473
0.027251 378.6804
0.02725354 373.3412
0.01790871 323.4475
0.03785875 319.584
0.04139127 311.9162
0.03750729 280.6986
0.009316138 373.328
0.01791852 395.597
0.007515764 395.7359
0.009667841 451.0732
0.009057035 453.213
0.002041711 386.5629
0.006599328 411.4361
0.01601333 372.8979
0.02317113 387.6211
0.02136059 419.5192
0.01608471 405.1309
0.01070932 424.198
0.01300212 373.9793
0.02203406 301.1863
0.04316053 284.7036
0.02809052 289.151
0.02031767 323.9908
0.02427943 330.1056
0.01030447 309.1064
0.006636856 371.573
0.01502377 376.7526
0.006959205 434.7349
0.009726492 422.7727
0.009376089 366.7537
0.008172222 368.8191
0.006844631 331.8973
0.001839756 317.555
0.005174246 337.5181
0.001428369 335.6368
0.01651687 327.7435
0.0192161 327.7164
0.02751669 375.4392
0.0109347 393.8231
0.01215256 459.1795
0.006194686 400.3172
0.007271405 361.8916
0.003900189 365.784
0.008859652 365.3745
0.008282735 415.0835
0.01493421 461.7448
0.01900826 591.6266
0.02195667 483.4957
0.0259557 486.4724
0.01113024 471.8777
0.008874698 549.5632
0.009005182 559.2026
0.009217097 554.6816
0.01736618 526.6903
0.02264565 505.3886
0.01362452 578.0751
0.02648131 540.7851
0.01570302 383.3587
0.004413924 428.5335
0.01847044 472.198
0.02175055 491.7232
0.01601677 566.7252
0.007652263 476.5211
0.01427042 537.2898
0.006260397 517.2555
0.005040585 484.3567
0.007489039 412.4728
0.01613761 414.9373
0.01482352 443.2666
0.02072814 392.823
0.01478943 371.0021
0.02619885 361.7835
0.01620596 367.1099
0.008145126 415.6157
0.02242339 412.8639
0.0227793 424.8368
0.008288959 433.5921
0.001687768 482.3988
0.007427997 526.4622
0.002436287 568.0939
8.82605e-05 504.1589
0.002132412 510.0368
0.00368966 409.0552
0.00943945 454.3648
0.01278101 453.4551
0.003741362 500.8983
0.01293714 475.292
0.01427938 500.1785
0.0229333 449.5837
0.01141151 469.2088
0.0004597327 396.3926
0.0006776189 319.269
0.002147889 324.0774
0.005633848 323.2385
0.008726162 251.4541
0.01799235 246.6122
0.02102997 294.9686
0.01231865 309.4665
0.01986671 327.3183
0.0153723 314.4993
0.01432695 298.9016
0.01127371 352.106
0.01099513 317.9314
0.001861973 310.6805
0.0106069 290.6392
0.01098755 303.7492
0.02513783 308.267
0.02265695 311.5234
0.0149768 311.8369
0.01622666 269.5546
0.02589061 262.8178
0.01685514 231.9517
0.01325683 243.0153
0.01636696 234.371
0.03364725 219.0273
0.02632669 252.2471
0.009497717 270.2887
0.009626658 266.0651
0.00803078 270.0449
0.005515389 248.3026
0.01237461 229.4528
0.02788778 231.7592
0.02347913 241.7923
0.01709433 232.5189
0.03004764 254.1647
0.0208386 238.0057
0.01275652 219.856
0.01079574 207.6637
0.005829097 183.3649
0.006677387 207.3761
0.01740744 204.1545
0.02126909 222.3254
0.04052448 205.6091
0.03063953 221.3146
0.02845636 264.6041
0.0455304 269.836
0.01503726 275.2497
0.008495847 275.4696
0.004515484 301.3769
0.02311927 283.9059
0.03574571 300.8881
0.02661736 416.1465
0.01149202 358.9556
0.0363228 388.4847
0.02530759 459.2747
0.0155072 456.0565
0.02680992 386.6563
0.02312652 445.1267
0.009942796 471.5321
0.004475492 497.2707
0.005528768 519.9496
0.003832574 440.4109
0.007253522 402.8823
0.00903937 396.8414
0.00402344 406.1271
0.007040976 375.5628
0.03213876 314.5628
0.02523401 333.7729
0.01695806 366.4547
0.0177694 341.3267
0.01984996 381.1869
0.02828609 417.4213
0.02957338 570.3479
0.009910159 536.1416
0.01593526 531.3563
0.02457434 470.8766
0.03368279 451.5825
0.02033665 376.6084
0.01985477 466.941
0.01432782 631.5353
0.008541973 610.7602
0.01488448 608.9955
0.006830677 618.8396
0.01605038 641.6311
0.01153443 677.3009
0.003335224 616.205
0.004330208 571.7238
0.01624565 546.9447
0.01719713 658.1381
0.02318052 721.3323
0.001601399 672.3346
0.005392506 575.4255
0.01023884 544.9939
0.003981186 655.4157
0.006948805 590.6232
0.005450868 603.0212
0.0007003703 648.5762
0.001535935 681.9285
0.002932279 731.0431
0.008212347 643.4247
0.008735874 658.5767
0.003076367 703.5488
0.009712485 687.6677
0.0229161 574.0785
0.02353027 591.8517
0.0118405 581.8812
0.0113032 534.4189
0.01183239 449.9945
0.003712566 514.2772
0.001319652 643.8399
0.0006498255 748.2752
0.00461297 693.8127
0.01036797 692.2315
0.01266842 767.7833
0.01637685 724.89
0.03417752 707.1994
0.03464724 702.9077
0.01805072 646.644
0.002500421 666.994
0.007269951 709.0533
0.01184951 834.1558
0.01435302 795.1685
0.01039753 785.101
0.002296528 868.268
0.01224715 889.7345
0.00735716 857.8855
0.01039959 829.515
0.01900742 817.7151
0.01804995 808.5395
0.03271649 848.0112
0.01659321 795.2291
0.006157851 1027.521
0.00758924 981.6603
0.008696011 937.2321
0.009574812 976.8457
0.01007266 927.0906
0.003986569 763.2371
0.001664343 987.4486
0.006493405 893.5136
0.01090612 893.1738
0.01252021 847.3567
0.001568055 816.2313
0.002894737 761.6583
0.009338513 749.8118
0.00628741 686.4254
0.01006642 573.2312
0.02302102 558.4332
0.04117294 532.4445
0.02111909 638.6003
0.01153098 630.8628
0.01042072 602.8275
0.01636939 559.1541
0.006021235 640.7507
0.009792409 670.9908
0.005522583 673.4059
0.003366075 556.2017
0.00568552 645.9103
0.0009302826 649.3983
0.00256085 654.7088
0.007594407 687.4291
0.007187396 655.2132
0.01018769 722.6043
0.01238277 778.7243
0.02838229 828.6569
0.02577778 678.3371
0.04060795 646.4446
0.05319846 596.105
0.03881043 650.6794
0.02079928 614.0389
0.01979551 481.7285
0.007525524 438.063
0.004359432 337.1396
0.008401708 309.6814
0.002195058 327.1761
0.002551772 329.2508
0.005532197 310.3644
0.004842874 331.0758
0.01027317 328.0695
0.02528724 301.2557
0.006069545 278.2787
0.009417346 247.0974
0.003532897 237.0107
0.0005272965 222.1066
0.005518487 242.1976
0.005154893 247.4595
0.001321548 229.7112
0.0004073533 206.0407
0.00218829 234.9128
0.004124422 223.4793
0.006859759 189.4389
0.01950616 181.7407
0.03293003 171.2767
0.03421094 182.9487
0.03847549 180.5388
0.07824555 160.0304
0.09785425 162.9172
0.1281814 158.0563
0.1279225 125.7492
0.1020911 117.4864
0.1100849 130.0039
0.1012508 145.6125
0.04235978 123.0387
0.02203628 146.9155
0.01429317 150.8293
0.02021461 188.1207
0.01944077 175.608
0.04531855 216.3638
0.05573763 194.815
0.02813613 210.8173
0.03298703 219.0726
0.02974466 220.1459
0.01551241 243.8978
0.008925537 247.3094
0.009952628 234.1292
0.01893996 309.9225
0.01166508 287.1011
0.007818766 282.2232
0.01622867 292.6514
0.027943 297.2426
0.01662817 291.8981
0.01605707 308.9413
0.02009313 337.2992
0.006760565 310.2475
0.01554735 357.7654
0.0256717 336.9349
0.0206608 284.6347
0.02866092 328.1358
0.03717267 341.7993
0.03940915 320.9967
0.04530688 312.0638
0.02828104 302.735
0.02172671 334.0838
0.01565017 358.0906
0.02339131 303.2573
0.02559346 265.5954
0.02516092 265.8106
0.007554206 295.2333
0.04018102 297.1102
0.03320355 313.0409
0.01907221 260.5103
0.02927051 276.0232
0.05073109 270.9078
0.04981884 376.0457
0.04662067 325.0609
0.04579269 298.6117
0.02821099 261.8643
0.04294758 228.0012
0.03540531 224.949
0.04610157 248.5519
0.03288729 240.6949
0.03653476 267.7082
0.02456986 347.1322
0.02908354 393.4413
0.02939114 386.7633
0.0355486 426.3995
0.0390265 391.1559
0.05144719 368.1075
0.03828186 341.6328
0.01796421 340.6477
0.01429626 341.2342
0.008837241 338.4626
0.002263805 355.1556
0.003614579 401.2791
0.01244611 458.4123
0.001379525 482.2666
0.0107494 518.2585
0.0212334 545.1069
0.02314806 675.0859
0.01594075 663.8308
0.0203458 583.1189
0.01515671 751.5573
0.005925004 759.4906
0.00730832 784.0869
0.0105185 866.8167
0.01692338 1009.74
0.01087257 1027.657
0.01076468 984.1146
0.009923953 909.1555
0.01066245 881.119
0.01010684 766.5074
0.02652995 704.6451
0.01233135 612.1478
0.005972805 602.2992
0.006073678 606.7357
0.01467235 519.8078
0.0112444 453.9256
0.01412451 410.0824
0.02703743 362.4138
0.04870151 422.8512
0.0284301 441.0745
0.0343139 434.4444
0.03352649 293.3077
0.03674612 303.0783
0.03440088 332.9264
0.01250361 307.3301
0.01754321 399.2999
0.01604168 330.4341
0.0184943 340.4081
0.004192547 365.9419
0.01046019 488.3939
0.01504736 511.5558
0.007200884 452.7708
0.01737874 498.7285
0.02483713 475.785
0.02821064 458.7461
0.0304829 459.7399
0.04439261 386.4487
0.02675139 453.5355
0.01302826 411.5723
0.01645708 358.1767
0.02323952 365.0788
0.03229852 379.5166
0.01634436 340.8232
0.006533117 363.994
0.01678984 352.7986
0.009643949 338.4566
0.004929856 394.6975
0.003399422 341.0123
0.0007294121 305.1386
0.003090149 269.9986
0.009204518 247.2848
0.02322604 275.4489
0.03241465 307.2624
0.03022665 302.2842
0.03596791 316.061
0.04883485 306.8401
0.07278967 297.7577
0.03373696 267.9937
0.03085215 242.159
0.02489363 232.6779
0.01008918 230.7909
0.01031731 240.1029
0.03588489 235.8147
0.02047812 229.5131
0.01887548 207.6345
0.01966067 221.6176
0.03888443 217.5625
0.03378277 222.4365
0.04373788 250.7704
0.07084278 235.0098
0.04871213 234.9273
0.07423691 247.2065
0.06128426 251.2868
0.05772779 245.7114
0.05472383 236.4943
0.07541305 240.0924
0.100255 244.0045
0.08867782 241.7412
0.09261237 198.6357
0.07167725 208.8202
0.06896535 245.3221
0.0340664 286.2231
0.056171 286.2155
0.07354797 262.9403
0.06689156 272.572
0.04605059 236.6466
0.08173325 226.2018
0.1008811 189.7039
0.1183437 182.7832
0.08551501 192.4659
0.108777 197.3746
0.04260327 230.0762
0.02705346 235.6887
0.0251838 248.5584
0.01648469 247.8103
0.01258654 242.9634
0.00323571 241.9303
0.006191089 300.0166
0.004633204 288.1682
0.003490758 268.432
0.00551645 245.2694
0.008090255 282.4703
0.0005527352 272.3944
0.002096758 260.3858
0.003942808 297.9738
0.01063132 316.1288
0.003705496 302.531
0.007352997 274.7065
0.0008727838 280.4826
0.004892547 273.2662
0.001476704 235.315
0.005484627 241.3497
0.01761329 220.5396
0.02186704 249.4477
0.02457903 224.8632
0.02522982 255.3128
0.02127286 256.7129
0.01903233 241.5128
0.03782517 270.8326
0.01811649 297.5214
0.0203955 310.3463
0.00420146 290.4373
0.002830653 268.8196
0.004239079 251.3396
0.00456363 281.9508
0.002458045 302.3353
0.006132552 305.8521
0.001774971 327.9285
0.003282575 390.4505
0.004808227 353.1088
0.002718548 310.5971
0.01991999 320.1167
0.02193856 262.866
0.02831544 309.4976
0.02134276 269.846
0.02487042 274.4432
0.0164735 261.9912
0.006485584 254.9309
0.01591555 260.1879
0.02589431 273.5334
0.01395625 293.024
0.003281258 288.1001
0.005906836 284.8194
0.007973107 260.0499
0.02040965 253.867
0.01215033 228.9507
0.01307189 239.4246
0.0213934 240.6094
0.00649769 246.8961
0.0075784 269.1745
0.01749866 279.5878
0.01791008 270.7741
0.00156403 253.9955
0.003310294 262.4872
0.0147469 258.3229
0.01456492 263.5357
0.0188017 273.6986
0.03084158 273.6217
0.02117716 273.3653
0.006386183 319.2456
0.0103933 301.7204
0.005559279 295.41
0.004889207 278.5421
0.01207114 253.115
0.02927519 263.1499
0.01751256 258.4674
0.03588114 266.5142
0.04762657 236.9929
0.05457219 224.2309
0.07908618 246.8469
0.05709372 268.1652
0.06563315 238.6669
0.03137819 219.4551
0.03980514 244.4049
0.04902382 255.5073
0.04226447 239.3496
0.05386603 252.4189
0.01973676 293.0769
0.006943729 326.4029
0.01768212 291.1799
0.01909412 302.9934
0.006681349 330.4978
0.008585553 290.0406
0.01867173 398.1491
0.01793525 392.6498
0.01357014 436.4627
0.005241037 387.6587
0.01179024 412.484
0.005241655 411.9712
0.005411747 390.9315
0.004404929 380.9136
0.009484978 371.5442
0.02427079 370.7094
0.05651741 345.7561
0.04379379 335.895
0.04560771 330.633
0.04029443 313.2203
0.04640172 316.1041
0.01769135 298.7617
0.008965288 267.5807
0.007488362 239.3345
0.006118659 199.1882
0.00891701 219.4192
0.01946353 204.5585
0.02838836 176.7069
0.01483367 155.1821
0.02898717 186.0942
0.03855393 184.264
0.0585921 161.4721
0.05020997 156.3974
0.05468807 155.125
0.04762103 135.7213
0.05412256 141.9034
0.03533735 151.1772
0.06613534 149.3166
0.06726925 151.5779
0.02472186 140.0575
0.03895677 142.846
0.05434616 169.2417
0.03991342 165.8576
0.07510163 167.1013
0.07943621 169.8627
0.07254403 164.8686
0.06793835 155.3448
0.05938888 150.9391
0.06254602 131.8637
0.07807224 132.3937
0.08825551 120.5576
0.04511104 141.8021
0.04524847 143.987
0.05977089 145.3378
0.04138257 172.2279
0.04436594 165.2099
0.03444382 152.3091
0.03181715 185.8239
0.04423605 188.9728
0.05180235 190.2513
0.0449669 209.1403
0.06723257 241.207
0.05753095 192.099
0.04112562 225.5273
0.03559852 254.8796
0.01578469 267.1239
0.0188195 254.2086
0.01908923 256.4577
0.01238838 256.564
0.01358326 270.2856
0.01232869 254.2186
0.008087948 236.6737
0.01984939 219.2401
0.02439985 222.3346
0.008079424 243.2677
0.01706827 308.0841
0.02018143 332.409
0.03357193 333.9668
0.03221387 350.5696
0.02982182 427.3823
0.02379519 404.8423
0.01880504 403.0885
0.01894962 399.4397
0.01418377 350.4441
0.008212259 291.2622
0.006944962 235.1561
0.02364699 239.8694
0.01757548 227.501
0.01768331 218.451
0.04576762 190.0639
0.02911637 183.8608
0.02748015 184.7619
0.04927607 181.3609
0.05539358 174.4189
0.04724877 250.053
0.03815431 215.6079
0.04377385 185.3576
0.02399154 177.0811
0.02132215 178.4218
0.02011676 183.7926
0.02884763 198.9704
0.01463549 198.5262
0.01384765 228.0329
0.03145066 242.5279
0.01301471 309.1835
0.0110444 276.7332
0.01479063 279.876
0.01005912 248.6031
0.01066426 257.8499
0.006010083 249.8528
0.003806805 237.5568
0.01121648 190.5361
0.01414477 196.6289
0.008717455 199.9836
0.01321381 184.3291
0.009154632 216.9777
0.005657407 232.8977
0.007072458 219.3461
0.02455907 223.8212
0.00903341 260.4551
0.0206958 245.4375
0.02538204 230.8273
0.03321469 246.7526
0.06613912 252.3383
0.02692987 259.7626
0.02385546 278.8664
0.02920428 301.3959
0.01492823 253.1936
0.01083575 238.0762
0.004336782 230.7035
0.02899278 187.8558
0.04379644 205.2166
0.04774482 187.8217
0.04890807 177.963
0.07084064 187.6085
0.08933389 180.4818
0.08736302 184.6708
0.07135442 176.44
0.04544255 187.9463
0.07186455 153.3282
0.0772395 172.6163
0.0591322 174.9356
0.06641972 182.2819
0.1078861 187.7906
0.1012949 202.3801
0.07787126 208.3057
0.04779776 219.1392
0.03860784 226.9487
0.04202029 199.6203
0.06683985 237.5314
0.0653441 215.3172
0.03901564 206.6615
0.04254339 205.6174
0.02384943 187.1109
0.02314386 171.4451
0.02444904 187.8209
0.01850349 188.6354
0.01556326 244.7678
0.03281182 248.7942
0.02617237 207.6248
0.02400458 201.012
0.04456926 190.6111
0.08817803 174.7303
0.09228694 152.0968
0.06863011 158.5371
0.06028617 148.9361
0.04509004 135.687
0.04226875 145.1133
0.01747058 141.3684
0.03340613 157.2451
0.02493531 172.4497
0.02534833 185.1737
0.03070049 200.5463
0.02900459 228.9607
0.03259605 261.1377
0.03474208 246.0359
0.03837944 299.6387
0.04269775 255.3189
0.0469883 270.0835
0.05096244 245.9913
0.03148412 281.3869
0.03094046 272.8246
0.05255436 273.5615
0.0378935 255.5659
0.04870245 251.8095
0.03008394 249.9437
0.01892621 300.2586
0.02680638 290.138
0.02804519 340.3469
0.02005155 387.4256
0.02488184 329.4505
0.02479799 344.5646
0.0299801 379.6462
0.04557153 422.5778
0.02110629 496.386
0.0363057 510.8214
0.02538445 522.449
0.02069042 512.8431
0.01164925 514.3003
0.002420251 562.6363
0.009143319 563.4908
0.002763358 575.1547
0.004843463 623.927
0.01489389 698.7028
0.001857029 790.2407
0.002942347 714.8381
0.0005975335 653.1824
0.002342447 683.1922
0.001471698 731.4483
0.008745814 838.7954
0.006853331 766.1822
0.007715472 771.5045
0.01029931 653.2385
0.005836497 590.5309
0.01163824 650.1508
0.02388876 702.8925
0.01096914 596.9276
0.02081825 533.37
0.01905542 557.5662
0.01731996 659.6621
0.02003964 554.584
0.002777094 578.0879
0.007857174 710.8659
0.009211487 678.6516
0.01320396 667.8395
0.0127076 640.8296
0.01154514 737.3526
0.004991933 821.5514
0.005983707 800.7711
0.006537383 797.1445
0.0106575 741.8627
0.005748813 593.2891
0.006459487 544.9696
0.005378733 577.6534
0.006526737 562.2721
0.001659618 575.3921
0.005087337 577.072
0.004220643 660.1088
0.002433042 610.6329
0.005773576 462.8542
0.002032256 497.1095
0.004914739 446.9223
0.009606621 364.5791
0.007939889 382.8871
0.003063263 365.6424
0.001046528 384.2875
0.008824934 375.7104
0.003972942 421.9471
0.004608354 412.8257
0.001718993 356.2769
0.004653326 383.4631
0.002250765 386.8422
0.0007149105 342.2836
0.003422134 336.1089
0.004806848 461.7795
0.001664618 404.7709
0.003351541 407.8768
0.006435432 496.8988
0.009413848 466.8098
0.008899994 472.4541
0.007382819 518.7411
0.005610679 495.4489
0.007516127 468.773
0.01798453 534.271
0.01262576 655.5078
0.01165224 700.4088
0.01299812 740.7893
0.009301181 640.4439
0.01547478 662.9118
0.01891876 608.6774
0.006871433 595.2152
0.01061386 526.5794
0.00624491 621.3402
0.008308604 627.4654
0.01180874 636.2494
0.01903867 621.0466
0.003214354 700.6122
0.006945238 648.4096
0.002199768 688.0921
0.007889302 648.0315
0.003442027 687.4797
0.01361167 543.7867
0.003179026 573.8534
0.005273431 574.9576
0.008478592 520.9287
0.01653682 441.1987
0.01543786 525.4015
0.01718054 489.1598
0.01526317 444.4373
0.008340068 518.955
0.00682915 540.1265
0.01006827 698.2829
0.006248909 634.9221
0.01499319 672.1368
0.01321867 751.5148
0.01303172 710.8537
0.005188752 631.7519
0.002880098 797.7232
0.01476363 759.5966
0.01448275 870.2784
0.01025175 647.66
0.01079675 703.2357
0.009347099 814.8544
0.01522785 830.9988
0.02220532 822.3028
0.02949485 757.8405
0.0307672 836.5024
0.03367134 906.9906
0.03321505 653.7112
0.00690173 653.7188
0.005481749 674.5282
0.001007266 678.5152
0.0008967957 789.4713
0.00661815 999.8923
0.01384787 1118.45
0.007984228 1105.128
0.009166624 955.8821
0.008696897 765.9042
0.003477672 829.1892
0.01077402 783.2793
0.01554536 629.0063
0.01323281 601.9285
0.01372279 510.7421
0.02631252 463.4406
0.01952002 499.3192
0.01280617 454.8356
0.01681738 434.6823
0.01280466 494.4901
0.01106435 461.4819
0.005997087 481.422
0.003798304 479.0753
0.001585955 488.3945
0.008929745 518.0295
0.0127349 576.392
0.008215729 675.6504
0.008311147 691.0285
0.005848998 705.1994
0.008375131 689.0057
0.01557618 749.9912
0.008375115 627.0706
0.00438821 687.4063
0.00226878 827.0346
0.004246324 785.9798
0.00472328 713.6839
0.002582234 568.5537
0.01882432 544.7975
0.0337829 515.8318
0.03695635 496.7822
0.02818131 529.9763
0.0241445 528.7442
0.02604333 539.4126
0.009346476 581.9501
0.005590848 581.8065
0.00406626 669.3863
0.006806314 554.0736
0.008858082 541.5858
0.00512422 510.8463
0.0154827 535.4374
0.006368119 629.1082
0.004866513 513.1191
0.007525204 509.8815
0.02271485 493.3693
0.04565864 558.0443
0.03519034 658.4277
0.02088203 786.9315
0.008869174 979.1181
0.01639611 913.4163
0.006041989 1083.391
0.008829846 1101.114
0.00360426 1049.933
0.00440392 836.2423
0.002015301 980.5328
0.001982017 1049.099
0.01054476 890.5235
0.003098081 1120.855
0.005731086 1106.391
0.01168844 913.4388
0.00207625 909.5894
0.009782174 966.8899
0.003717005 939.6004
0.005986588 928.6915
0.01362256 908.0989
0.01107452 831.9259
0.01253615 737.5415
0.01437872 616.6051
0.003941811 713.6465
0.0002640985 658.4062
0.002144191 658.5699
0.008365086 738.9554
0.02806054 694.5532
0.01625929 581.2244
0.009639121 570.6522
0.00866945 530.3932
0.004940083 466.3972
0.006075189 416.8397
0.006249944 457.6619
0.009697975 589.0392
0.006461856 598.79
0.01441622 615.5728
0.006112872 632.8307
0.0117876 595.3963
0.01692986 515.6019
0.008476889 512.9872
0.008141455 464.2405
0.01045421 473.0083
0.02834502 458.7206
0.01947151 490.9326
0.01818149 469.8887
0.01227815 409.0513
0.01672947 352.0181
0.005928645 323.8982
0.01349487 302.1988
0.007225652 278.5679
0.04159638 295.2113
0.07776441 317.8751
0.07412459 282.2332
0.03409805 261.7644
0.0261871 251.1599
0.04375235 235.9093
0.0584362 187.7259
0.03406176 197.5514
0.03896548 165.2876
0.08354828 152.1503
0.09195029 151.6529
0.08905644 118.2935
0.1242959 121.169
0.1144388 116.8788
0.1138704 119.1245
0.1585633 121.7191
0.1609964 140.2789
0.1526043 160.9143
0.1589893 134.9626
0.1054253 126.3963
0.104461 136.6125
0.0983534 163.892
0.08097193 157.6173
0.07097866 175.813
0.07315486 179.9959
0.07956261 209.9528
0.1019101 176.1816
0.09089604 206.7769
0.0808028 198.4197
0.05184979 170.5896
0.03605341 157.1102
0.01532505 178.3874
0.01126927 165.7284
0.02270617 140.5339
0.009060893 134.1522
0.01200836 145.6435
0.02729674 129.1248
0.02524396 122.8813
0.01064292 118.1512
0.01973257 117.591
0.0266004 129.4001
0.02359373 108.3814
0.02526579 130.9127
0.02321178 140.2777
0.04559864 133.7058
0.02197476 109.7769
0.02539122 117.6037
0.01580801 127.3359
0.02957275 148.1623
0.03584218 124.7708
0.03528859 140.7389
0.03884977 137.2512
0.03436803 150.9876
0.02769622 149.8873
0.02161019 151.6679
0.004725079 148.8756
0.0008944583 145.7592
0.0007279283 141.9652
0.001720457 172.7597
0.006472961 187.5686
0.008693891 181.3554
0.005098012 209.7615
0.005030745 228.317
0.01362546 242.0984
0.01488489 219.6234
0.03137757 172.6609
0.03516505 159.8225
0.03800929 160.9
0.03279546 164.7295
0.03005556 150.2621
0.05889378 135.2639
0.03850772 109.6684
0.05350689 127.1031
0.05507438 130.3827
0.04489214 129.2867
0.04146033 141.5133
0.02706356 147.708
0.0442002 181.6458
0.05370813 156.8984
0.04477429 142.2099
0.05859352 148.9991
0.05912395 130.4605
0.03452145 145.4187
0.06782119 164.9696
0.03488592 175.2204
0.02717158 212.4583
0.02052744 209.449
0.01231208 202.9082
0.01092007 213.5982
0.0118907 227.3246
0.02389937 217.6815
0.02362059 219.2652
0.03090983 193.9027
0.05391818 170.4755
0.06639972 197.1128
0.05629272 184.7904
0.05556991 192.7161
0.05566885 211.8286
0.04692167 199.8994
0.03598141 236.535
0.03127793 206.2477
0.01697266 236.2093
0.008134203 264.3847
0.007260041 249.652
0.01003286 215.425
0.01132204 238.4884
0.03554388 265.0203
0.02483767 273.4389
0.02496526 269.215
0.01669248 267.3985
0.00751724 247.6749
0.00702626 253.1767
0.007877463 220.9624
0.01544741 238.8114
0.01793268 247.0512
0.0150309 251.6708
0.02438799 229.2692
0.01585233 279.4469
0.01107755 293.1726
0.01765 287.0898
0.02813899 296.4464
0.03307871 287.4942
0.04938129 251.2847
0.07117693 235.4972
0.06936446 235.0759
0.05601739 201.0991
0.05648577 194.1432
0.05618454 182.2204
0.05150726 162.7225
0.05805463 150.3676
0.06135877 160.8008
0.06747006 199.6768
0.0625022 200.7347
0.06922515 212.8821
0.08119088 228.3616
0.08874773 253.9805
0.07784325 237.9992
0.1132659 268.4843
0.1027998 259.9121
0.08294767 239.4899
0.07072587 191.7644
0.0797705 189.3905
0.0743826 146.851
0.06590687 177.1205
0.0633948 157.3006
0.05564101 184.1132
0.06628891 175.6395
0.05325054 152.0361
0.05598168 151.2985
0.07510877 161.0818
0.08544233 159.491
0.06774578 163.626
0.05537206 148.4504
0.05051553 159.3955
0.06628184 161.381
0.04214235 171.6846
0.06273957 208.5552
0.05148023 212.1015
0.0343352 212.8423
0.05003755 206.3057
0.04452938 223.6294
0.06893788 226.6419
0.09366486 206.6669
0.09489211 218.4181
0.07760246 237.1421
0.0629147 217.6271
0.06484625 227.5311
0.02676404 247.3707
0.02298462 270.1846
0.01928651 238.5669
0.01279556 192.7484
0.0238583 169.6878
0.01125902 214.4465
0.04062561 230.5049
0.04781136 244.6203
0.03464557 237.9355
0.02548531 223.6704
0.03386718 235.2357
0.01316981 218.0657
0.01285032 225.4464
0.01365833 196.4171
0.002848328 204.6746
0.006140304 233.4431
0.001289405 226.5426
0.00756504 214.4929
0.004035838 180.0963
0.002647705 208.279
0.01231996 221.9555
0.008918762 220.211
0.01432179 211.8463
0.03574289 220.8748
0.009289306 176.784
0.0178122 163.0312
0.01402794 189.5308
0.004231318 184.0221
0.006376076 196.8502
0.00699623 181.1063
0.009322354 192.7562
0.005737663 156.9153
0.001561542 141.9409
0.005745453 125.3407
0.008793142 129.8436
0.003682009 147.2822
0.02132061 150.3138
0.01427237 162.7923
0.01427077 168.3194
0.02536292 182.6396
0.01027919 195.0041
0.01327375 199.7572
0.0139848 211.849
0.006283947 193.0005
0.007147025 196.6799
0.008812712 183.8806
0.01403737 269.2637
0.008606923 219.0444
0.004727481 257.9192
0.0008601677 288.6083
0.005301285 309.2503
0.001499947 344.891
0.0006849896 347.2272
0.004855513 349.8239
0.01011667 414.8689
0.01419045 353.5892
0.02142004 381.8339
0.01667271 433.4696
0.007885212 351.441
0.02506732 353.003
0.02745 332.4335
0.03339448 366.1388
0.04508303 356.0162
0.0348224 342.276
0.04361922 286.4497
0.03167042 343.7619
0.04260447 411.0337
0.03790393 454.4036
0.03173385 540.0523
0.01954365 596.1202
0.0276771 473.8645
0.01011846 358.5366
0.01839572 364.1015
0.01829257 356.7814
0.02932781 389.8993
0.01849057 408.5514
0.008311739 492.338
0.008328508 501.657
0.01159817 425.9593
0.01070813 437.0428
0.01610864 440.8926
0.02223072 450.9875
0.0235068 454.7465
0.04023614 461.6619
0.01673704 466.6898
0.01811863 550.804
0.0108617 479.6606
0.01315407 559.3368
0.001532517 547.2987
0.01579593 514.8952
0.01332129 497.4459
0.02796921 564.4066
0.003560976 566.799
0.00440606 591.0575
0.0115156 678.2985
0.01912805 594.5985
0.03565467 513.3946
0.03357027 443.481
0.06097079 455.2123
0.05991534 463.7008
0.06282186 425.8075
0.0492184 432.2297
0.04887985 424.4139
0.03581791 409.5711
0.0279096 378.6212
0.02758739 370.0362
0.01358413 362.8692
0.01358355 311.9505
0.004198109 275.4914
0.01194875 319.0404
0.02360452 272.6694
0.01959316 274.51
0.04402631 255.5454
0.03841681 250.3529
0.05038263 288.9238
0.03636213 268.6292
0.02171047 262.1219
0.02553471 268.4078
0.02488023 214.5904
0.03692339 205.494
0.03889029 176.8782
0.06210267 175.5504
0.05985037 171.7077
0.04729719 151.2895
0.07490745 166.7479
0.09036526 195.712
0.1170173 185.7788
0.1402918 203.7031
0.1430551 232.4204
0.1407877 200.1483
0.1758177 175.2134
0.1663256 181.5209
0.1393503 193.4315
0.125357 215.6006
0.1078016 212.1508
0.1036155 203.7417
0.08011009 222.4208
0.0526586 198.5195
0.03785674 199.217
0.06659673 247.2703
0.05477773 226.5658
0.04181732 235.789
0.048435 216.1581
0.05167305 224.41
0.03356355 188.7065
0.03884897 207.3345
0.02388166 240.5225
0.01388083 195.0143
0.01267175 204.3336
0.02657814 220.8129
0.04250616 199.2853
0.04604922 204.7211
0.04382996 200.6462
0.04361168 211.7234
0.01122002 232.9663
0.01714987 220.2324
0.02587306 237.1509
0.01125631 240.8423
0.002805992 227.4338
0.00604662 253.2721
0.02588274 222.1452
0.04364914 203.1085
0.04360877 224.2836
0.0231984 216.8522
0.02811349 213.2754
0.04552173 210.6945
0.07394136 287.0597
0.05683453 266.2626
0.07919487 246.8784
0.05940679 207.0878
0.08081074 189.7565
0.05698645 210.2565
0.05827607 204.9385
0.07830883 218.7456
0.08753898 218.2774
0.06031775 202.9706
0.06130014 169.1417
0.04913623 183.5708
0.04758424 184.0529
0.0411927 157.9893
0.05227688 150.4327
0.07907114 137.6639
0.04282924 153.9957
0.02932011 156.3227
0.01888013 134.3063
0.01308591 146.5446
0.01468727 134.3873
0.02082552 121.8619
0.03201549 126.0896
0.0251972 120.6643
0.03075401 156.5572
0.01036508 130.8824
0.01214943 144.8069
0.005041351 142.2069
0.02690578 126.8582
0.0238293 137.8855
0.03021136 124.6377
0.04614161 117.0299
0.03719319 113.6989
0.04611393 106.2431
0.08990686 111.631
0.07154829 126.2571
0.05770815 150.4784
0.05969189 151.0514
0.04050313 157.7914
0.06889247 167.9383
0.06395791 181.0763
0.05960989 179.3142
0.09117535 157.3317
0.1324009 158.827
0.1565584 151.3134
0.1755553 134.9393
0.1936099 144.989
0.1877022 172.4428
0.2368535 146.4668
0.2236574 164.84
0.2025976 146.0673
0.1632979 139.1001
0.1352979 140.678
0.07270625 145.9607
0.04881846 170.7637
0.02227971 187.6416
0.0305826 172.7247
0.04400831 175.6315
0.02847648 178.1204
0.002392544 173.4711
0.007384842 169.4709
0.01427023 208.7076
0.03279091 181.4137
0.02472121 185.0405
0.07122178 190.6981
0.03997631 167.699
0.05120223 164.7126
0.05808312 187.8145
0.05570887 183.3147
0.04876978 132.9646
0.02096535 121.2842
0.006521501 121.8932
0.001433389 131.9997
0.00148381 121.9753
0.004428863 141.2429
0.007455428 161.3392
0.002692065 147.1946
0.01616374 166.5985
0.03438145 165.049
0.02105508 142.1457
0.01971719 150.8865
0.01563234 177.2743
0.01154738 194.5926
0.01522029 208.3282
0.02394337 228.9832
0.06725099 245.87
0.05658494 276.2752
0.05715663 270.1471
0.06739667 268.9395
0.08318672 226.3277
0.08862699 242.7682
0.07982894 242.512
0.0548751 229.5987
0.03503046 249.6627
0.04034203 224.6524
0.04666098 212.0221
0.04934267 220.4903
0.04503913 243.6862
0.03704386 245.2795
0.0206981 245.9256
0.004067446 254.7681
0.0004210053 272.3422
0.01827105 269.487
0.03254192 251.5407
0.0377143 256.0729
0.02876298 308.3233
0.02789951 263.9839
0.05814216 246.6189
0.03084267 253.2557
0.01479693 211.8414
0.02256022 214.6068
0.02232995 238.0091
0.05469423 231.3704
0.08481839 238.2752
0.06665268 239.2322
0.07982639 232.0415
0.05232994 272.2533
0.06882678 287.344
0.05277451 304.6253
0.04333584 315.326
0.0729928 283.446
0.07273663 260.5043
0.09060729 193.8829
0.08153709 184.0834
0.06568643 173.3343
0.09493302 172.3461
0.0809005 184.732
0.06499207 167.6895
0.09142843 172.5841
0.08024818 168.0628
0.06426156 197.1177
0.08331951 178.1037
0.1110479 182.2047
0.0951349 196.7553
0.0800395 204.7312
0.06782323 217.8397
0.08279859 214.7728
0.0564042 205.9128
0.03353388 188.656
0.0271664 199.6657
0.01914201 206.7743
0.008962025 197.7237
0.007156219 193.2105
0.01418509 208.8599
0.009131352 182.0701
0.01147047 178.7187
0.002452603 185.3715
0.0009719561 161.7939
0.00454281 166.1367
0.01372843 147.5331
0.01484354 145.8565
0.01078471 156.234
0.02612981 147.2818
0.0213645 156.5556
0.03631799 157.8856
0.04298386 151.4089
0.08402504 155.3068
0.05204042 167.9188
0.0330364 207.7464
0.03014942 196.2831
0.04254739 199.2409
0.04799264 190.6132
0.06050313 171.3853
0.07889597 199.3239
0.06239031 201.0381
0.07667308 201.3905
0.07948569 214.3569
0.06646578 212.4578
0.06770837 214.202
0.08868473 197.4967
0.06240493 183.8196
0.08976418 173.9582
0.06311861 192.8859
0.03609803 160.0496
0.04186771 171.932
0.03785421 147.9972
0.03453767 125.6928
0.05297051 124.6687
0.05184719 121.8355
0.05163886 133.7128
0.06244119 150.369
0.04246658 169.0789
0.04385179 156.4155
0.0372048 156.5008
0.0370672 154.5168
0.04474122 189.0447
0.05841686 178.2857
0.0381132 191.8456
0.02879371 206.923
0.02630897 201.3027
0.0286604 212.3358
0.03095437 232.8917
0.0177128 273.6783
0.009530806 308.1484
0.008239051 250.0135
0.005899353 245.9242
0.005684585 246.1919
0.003780039 233.6222
0.009252446 230.2158
0.008914083 271.55
0.02528645 272.1189
0.02474538 278.3603
0.02966092 252.7339
0.007481385 299.6901
0.007674864 317.3825
0.01183551 349.4356
0.01519109 303.7225
0.01226007 304.5887
0.0174451 290.3339
0.0234529 248.5014
0.02735238 238.7299
0.04667757 198.4731
0.07626119 189.6201
0.06147791 179.0004
0.0761081 170.1007
0.07616422 185.5878
0.09209763 162.0336
0.09237714 158.331
0.07209561 157.6308
0.06765015 158.0582
0.08974233 152.9007
0.07701085 158.8422
0.07541887 172.6677
0.07680214 151.3661
0.0431036 151.3875
0.02925807 165.5601
0.02618148 158.2308
0.03221549 167.7608
0.02198509 154.4483
0.01727766 174.8718
0.01305166 147.4902
0.03010403 138.5449
0.01515317 136.3711
0.02195474 144.3933
0.04961856 136.7578
0.04675767 124.7554
0.04998877 135.1886
0.03371425 129.4946
0.03015156 120.9017
0.03168738 123.2361
0.04171694 130.0179
0.03686703 134.8168
0.01545936 126.7284
0.02255404 104.5879
0.04060433 124.6122
0.05090519 132.7271
0.0248012 138.9271
0.04570845 151.0392
0.08003473 121.5626
0.1079807 124.7453
0.1080118 136.0321
0.1209172 105.1135
0.1080152 153.1459
0.07117238 140.1504
0.06900049 149.6168
0.06399757 135.3063
0.07605149 133.3621
0.04405419 130.3192
0.04117659 112.1963
0.02109239 128.2747
0.02914321 137.7073
0.03689245 157.8308
0.03440409 158.1047
0.04884168 165.3186
0.03684826 162.8374
0.07248578 167.4964
0.04224227 190.1213
0.05086295 219.9419
0.0490647 225.3652
0.04735493 214.1605
0.01411162 209.0019
0.01675079 231.4065
0.02235498 236.2154
0.01349753 197.0298
0.01267596 198.545
0.008503385 213.8322
0.0131959 213.2016
0.01342677 200.1718
0.0207774 186.36
0.005526553 217.3081
0.009243378 217.4072
0.002504952 200.0887
0.00441798 233.624
0.002708365 281.5142
0.001249622 269.4708
0.003526246 294.7486
0.001643191 273.8951
0.002979399 290.677
0.01463025 302.9146
0.01448738 278.6116
0.04363973 252.301
0.04214725 308.8628
0.04097058 278.0972
0.0365232 263.9901
0.04115184 252.4587
0.02577589 266.1942
0.03569852 254.6269
0.01547875 305.504
0.008952907 277.6638
0.006243998 307.2578
0.01221093 323.0067
0.004541454 276.5792
0.007983724 237.5146
0.0016148 215.5268
0.00449954 196.6912
0.004072793 245.0694
0.006102517 281.3744
0.007108451 259.8828
0.0131807 249.4374
0.03223918 244.3106
0.03690483 247.8001
0.04353983 247.6311
0.03052714 227.564
0.009103088 238.052
0.02354337 249.998
0.05360703 347.3256
0.02762125 360.5352
0.02411115 354.3841
0.03224203 291.0104
0.02337716 335.1802
0.01291164 335.5327
0.01511952 371.2866
0.006439185 375.2349
0.01719287 376.7817
0.01418151 371.2812
0.005163703 392.532
0.006315558 321.3819
0.002431377 309.3336
0.001498835 278.4572
0.008778164 255.976
0.005916027 237.5354
0.009840258 221.2952
0.002968808 214.6635
0.01886176 218.3142
0.01235748 250.5338
0.0006296931 267.9215
0.009882631 288.8853
0.00905545 314.7062
0.009404866 325.5248
0.004912407 303.9741
0.007282347 347.6947
0.01105792 414.1748
0.007195202 466.2512
0.008258543 362.3752
0.00537714 372.1588
0.006016802 330.1645
0.01401208 347.6436
0.01738975 354.5926
0.02574503 305.3722
0.02797302 325.1296
0.02139723 304.3555
0.02372208 295.6845
0.02109797 269.7842
0.0332646 259.5538
0.02581488 203.2571
0.03312373 280.6295
0.01353626 267.8681
0.01348823 257.4061
0.00774456 215.2319
0.01355672 238.8909
0.009200713 235.4511
0.005269519 250.5714
0.007470611 269.6457
0.0072183 298.9226
0.01845363 349.9821
0.014869 313.5241
0.005392859 311.8245
0.00637146 271.2752
0.0059354 309.9953
0.02178609 299.1085
0.03259518 301.3438
0.02812931 342.7038
0.01430067 324.5662
0.007115215 362.3282
0.003914048 341.4401
0.003560011 365.3643
0.01435601 412.4076
0.01076454 414.1617
0.006790896 424.8555
0.002212268 406.5385
0.004762456 421.6663
0.01088665 529.2006
0.006836302 485.9524
0.007733978 408.4877
0.02296883 421.6649
0.006809784 394.4988
0.003014293 359.7739
0.007484656 326.9374
0.0006536145 359.8035
0.001423071 344.3691
0.003331105 380.0973
0.004806905 413.4554
0.00454002 446.4656
0.00901445 440.3765
0.003675124 677.5782
0.01199435 697.0229
0.02817911 619.201
0.009589519 669.8849
0.00166364 714.3193
0.003847263 642.1638
0.009260923 703.049
0.01183949 729.4338
0.01633653 632.2769
0.01650418 620.2783
0.015955 802.5786
0.005495548 851.399
8.820653e-05 854.283
0.00657766 866.6676
0.02497643 973.6098
0.00497609 851.7247
0.002829882 661.1129
0.00248411 736.1898
0.004004972 734.1138
0.009009484 627.2265
0.009654845 654.8861
0.001270481 596.2889
0.001013202 652.5323
0.003639947 776.1187
0.009496193 917.2899
0.007641608 941.0871
0.004438671 977.5627
0.002220919 1087.164
0.001742872 1073.655
0.004901125 1103.432
0.001913375 838.6779
0.003843632 984.5521
0.0125365 759.8524
0.01445727 752.0142
0.01612712 704.2837
0.01890297 580.8501
0.02342444 540.9929
0.01258152 433.8646
0.01252275 400.5122
0.01023799 347.2179
0.0094652 318.9373
0.01173113 289.9233
0.0105742 204.1796
0.02450029 198.899
0.08454699 215.7546
0.09544416 209.1241
0.06572856 219.8061
0.07019311 230.0041
0.04863681 251.6669
0.03015768 213.2492
0.04404559 219.8517
0.0316103 247.7697
0.04438467 191.0816
0.02256318 176.0144
0.0297725 161.7062
0.03479109 129.9898
0.03214566 159.7463
0.03290798 145.5345
0.0211129 127.8865
0.005677067 134.5554
0.04183006 127.4292
0.05612515 134.4963
0.04138567 149.5397
0.05175734 152.1145
0.0313791 123.5038
0.02653225 117.205
0.03193116 136.1783
0.04825978 137.1087
0.0425269 162.9343
0.0472807 150.5388
0.08046972 129.916
0.05070303 138.4231
0.029172 163.9897
0.03397438 202.3633
0.05015986 198.8952
0.03398427 191.1236
0.06603789 187.2615
0.04362633 214.6896
0.03655522 242.8613
0.0421012 286.728
0.04433656 276.398
0.02366537 240.585
0.02723454 255.2211
0.02954527 301.0304
0.03400983 292.924
0.03587148 256.7669
0.03412649 298.1192
0.01181697 374.5826
0.02904761 310.509
0.02938871 311.0293
0.02345471 305.1073
0.02104256 287.4884
0.012734 265.067
0.0118802 244.5919
0.01675486 259.7992
0.03881154 274.8639
0.02055519 253.7053
0.01828688 262.9042
0.02245508 284.6834
0.02275212 258.0668
0.01272475 258.1331
0.0295929 267.0996
0.03545905 322.6374
0.03756242 297.7363
0.02830431 224.5649
0.01202993 247.6779
0.01129917 276.0134
0.02544042 270.2276
0.01984674 327.8139
0.009426294 258.5642
0.01028366 266.1738
0.002287722 248.0286
0.004161683 214.949
0.01020091 210.86
0.05137148 197.6729
0.06521894 198.1189
0.05640996 201.9273
0.05050121 227.9442
0.06538057 246.8725
0.06660608 243.8544
0.03619233 310.0558
0.02355584 300.4159
0.02621279 285.6591
0.01970052 251.1019
0.01241093 241.2516
0.02157687 243.8545
0.06104175 226.3942
0.1123546 212.4032
0.1006192 236.6217
0.09912992 210.7133
0.113317 173.0547
0.09884374 192.5688
0.06195098 193.8566
0.05103354 201.297
0.05958362 179.2401
0.05306996 188.1837
0.04588967 217.251
0.05328371 205.7974
0.06812312 196.6136
0.06661736 204.2112
0.1040262 207.3211
0.1058216 240.313
0.0740329 248.2957
0.08020464 281.568
0.06288044 285.8091
0.05555568 231.1344
0.04559302 237.9993
0.03277239 218.8204
0.04902707 206.7795
0.0397322 232.5344
0.03214403 204.0605
0.03828314 225.5024
0.01644681 192.087
0.01020626 226.3108
0.0185528 227.8125
0.02357574 183.3065
0.02493646 163.6688
0.02192762 187.8405
0.04714429 172.509
0.04425158 178.8118
0.0266863 170.506
0.023611 166.9391
0.02892769 182.203
0.02409107 174.2595
0.006440492 212.6783
0.0006028849 291.2959
0.001929515 261.7281
0.007320199 222.273
0.00322284 246.4602
0.006074501 223.6258
0.01278688 277.1643
0.008860768 246.8359
0.001929652 259.6656
0.005289184 268.0992
0.01166571 266.5512
0.004852882 275.3352
0.01063861 211.3561
0.02817327 243.324
0.01468032 216.7892
0.0206478 209.5672
0.04812152 214.3268
0.0304765 269.1691
0.03206895 262.618
0.02991505 281.1468
0.04714291 331.1444
0.04209599 296.3068
0.04513018 341.0251
0.02753548 399.8372
0.02474342 367.2792
0.03463952 397.2501
0.007440872 430.7981
0.006974078 366.2122
0.01314968 327.7066
0.03004297 336.8407
0.02950132 359.9769
0.02042519 410.2506
0.02536752 424.243
0.048121 428.9073
0.00987764 390.6882
0.01332721 421.0096
0.01696902 488.7107
0.005228227 500.5899
0.007189418 524.5853
0.02337064 590.5557
0.01739549 634.8934
0.01136239 580.9891
0.003109767 612.7225
0.002589162 722.1576
0.0118422 914.4269
0.006468941 874.9735
0.009466352 851.3051
0.01029382 833.9598
0.01809384 824.1497
0.02054628 836.5832
0.01576095 758.8558
0.02561967 782.199
0.01950634 734.3492
0.0319552 692.5006
0.02141911 635.3726
0.03291211 583.8962
0.01979997 694.9969
0.01829569 613.2961
0.01561066 677.1993
0.007246407 760.0399
0.007297215 661.0731
0.01027221 703.8148
0.006113831 760.9106
0.0163372 870.0692
0.004903046 951.3195
0.002370552 1038.273
0.009574511 1055.836
0.004806683 1186.971
0.0003930291 1047.424
0.005528613 1041.457
0.004982351 1030.403
0.004858123 1038.441
0.006112354 912.1869
0.01454392 880.9297
0.02770854 875.9426
0.02264636 723.8042
0.0121252 663.2933
0.002206849 650.4596
0.004048626 612.3466
0.004241016 594.0122
0.01384698 687.8495
0.01422166 737.0993
0.01090754 617.4747
0.007810603 543.5335
0.01714847 606.5995
0.02694691 669.665
0.03564323 611.4178
0.0301618 652.6245
0.02178863 539.9408
0.01870967 570.4462
0.01782055 535.5775
0.02757979 635.9075
0.03487508 540.1637
0.03747802 574.8971
0.01000801 551.9573
0.02225542 661.3309
0.007923455 605.2789
0.02117369 594.575
0.007143988 532.3461
0.004080323 603.3203
0.006388274 518.1896
0.007817224 504.4512
0.01045947 509.6877
0.03134125 469.4966
0.006233238 486.3252
0.009860585 464.2099
0.01102982 342.1805
0.0138613 331.554
0.01519381 361.2637
0.0096123 385.5946
0.004317232 379.2383
0.005300511 349.4946
0.004084273 329.562
0.006199647 297.2101
0.0165191 263.9541
0.0224352 217.6997
0.05141078 210.6339
0.06498454 225.5403
0.05283086 231.5032
0.06379746 173.5158
0.06835729 163.86
0.04136256 166.9582
0.0233101 189.7051
0.01704624 181.7302
0.01145931 183.7899
0.007730472 182.891
0.001575745 214.4768
0.00900859 225.1644
0.009332096 225.4615
0.0009779659 214.5165
0.003470406 240.9773
0.0004908746 235.2712
0.003175828 274.7644
0.007006627 230.554
0.01395139 268.3027
0.02145531 257.7449
0.01328952 279.4499
0.009968818 336.903
0.01759541 367.1977
0.01817764 387.8075
0.008335716 382.6625
0.009432076 343.4014
0.008031636 322.7541
0.004629777 401.0036
0.007054981 432.4415
0.003570906 405.9023
0.003457084 380.3439
0.00444167 401.3442
0.005838563 479.7215
0.02176176 550.6837
0.02125402 510.8861
0.01732992 440.7898
0.03788815 402.439
0.01794572 342.1932
0.02996887 334.6148
0.006014312 358.8284
0.0274971 332.8744
0.02761802 292.1752
0.0112555 275.2522
0.0205253 230.279
0.0308238 248.9913
0.04046762 277.9043
0.04248654 282.6141
0.04510856 285.9753
0.04628514 306.6453
0.03743517 328.6607
0.01528137 328.7467
0.01824923 334.4221
0.007426395 322.1559
0.005690349 375.3442
0.00456331 355.2582
0.008477197 319.9107
0.004266326 372.2099
0.00962708 339.8307
0.01975414 365.6189
0.01684084 361.5844
0.01259038 345.3064
0.007453312 356.1956
0.002515708 374.0403
0.01962466 389.4155
0.01145085 334.6056
0.002638554 360.5143
0.006959857 306.1121
0.006656117 295.2323
0.01408695 332.312
0.02378616 323.5478
0.03224292 334.0034
0.02354212 355.8398
0.01182093 338.9246
0.00627026 353.7653
0.01921648 407.382
0.02243371 381.5403
0.02391349 333.8148
0.03551954 284.7258
0.03004712 399.8716
0.02993685 380.6635
0.03067789 420.1563
0.004480658 368.8662
0.009876071 399.1239
0.01586751 390.8816
0.004862436 354.3965
0.007265062 286.129
0.009878016 252.9118
0.01411752 281.9607
0.01666703 330.9362
0.0181338 402.7241
0.005080801 320.312
0.01452179 289.4474
0.006815326 276.5141
0.006042672 265.1696
0.01268885 299.1089
0.01195385 296.6096
0.0134266 319.2937
0.02043061 287.3033
0.01119381 261.3517
0.01645492 303.4892
0.01560682 298.0268
0.008114373 258.0113
0.0204654 251.1312
0.0322867 252.8864
0.03708747 269.211
0.04509586 280.0117
0.05790596 242.7078
0.06477652 250.034
0.08086527 238.5316
0.1066856 214.7419
0.1180757 191.701
0.0906376 234.6182
0.07640197 234.5517
0.0594829 244.265
0.05179969 258.7314
0.03980952 270.7226
0.04217375 267.7094
0.03740712 265.3897
0.06571557 244.2667
0.04828214 225.8717
0.01600555 214.4797
0.01385831 205.4683
0.02395367 266.8745
0.005558101 281.2705
0.02448498 283.1209
0.04079139 252.016
0.02023787 276.886
0.01208364 295.6874
0.007684296 272.1216
0.0152888 270.0289
0.01926104 276.0662
0.02950095 254.2776
0.03430079 256.0089
0.02549592 256.6873
0.02241852 235.5304
0.02338585 250.1462
0.02859188 260.1929
0.02874059 235.6081
0.01807416 169.2567
0.05464852 167.8769
0.02798411 202.8376
0.04955232 191.4893
0.03564593 185.8162
0.01762844 194.9046
0.01586947 214.9197
0.01345535 181.4115
0.03522959 194.6908
0.0152425 163.9546
0.03063109 171.0011
0.04369426 185.6643
0.05366841 187.8446
0.05476634 213.2876
0.05556347 236.9508
0.0320651 212.5261
0.01901743 255.0475
0.01816737 229.6561
0.02225068 215.1614
0.02287713 192.6741
0.01001136 186.4725
0.009002509 232.7317
0.01215611 233.4366
0.02606258 228.5272
0.02219228 289.9854
0.03125678 308.2998
0.02829814 327.2304
0.01905671 311.975
0.0107766 316.0601
0.02018473 308.1179
0.01631093 274.1135
0.01076377 298.9939
0.02309248 241.048
0.01000267 221.931
0.005587127 227.5352
0.01223014 204.7389
0.01752008 237.337
0.007561297 258.3191
0.01688251 256.8593
0.04417615 220.0591
0.03717334 231.5204
0.04961606 252.0962
0.05888604 215.4339
0.04712645 210.3245
0.03546904 235.7149
0.03692035 214.8958
0.03509273 216.1555
0.03109406 211.9598
0.0522395 212.1945
0.04625663 216.2558
0.0536601 211.5579
0.08129401 188.1814
0.07792147 158.9384
0.07016454 131.2357
0.06542753 123.9506
0.05796096 97.26585
0.04339069 93.79845
0.04085694 101.2005
0.03848483 105.714
0.0399136 103.8265
0.02704907 121.1426
0.01845968 126.104
0.0486996 119.6388
0.04005461 109.363
0.03272232 133.2644
0.02730873 126.3032
0.02321785 133.0957
0.02829742 137.6624
0.02800081 173.4182
0.02459754 199.8861
0.01797057 224.6872
0.02598585 229.6942
0.04438732 217.6451
0.02661661 198.5335
0.03439014 252.3277
0.02433754 213.2359
0.01622445 278.559
0.02126709 302.8184
0.01208871 275.5181
0.01409938 265.0175
0.02066314 200.6922
0.002406828 179.7243
0.01090703 161.7111
0.03121959 183.9076
0.01975442 179.655
0.01930178 186.6871
0.008160173 218.2216
0.01421763 201.312
0.0179416 202.5297
0.01744156 199.0541
0.03044907 217.2435
0.05063703 212.8944
0.06511883 216.5896
0.07265267 191.5433
0.08600813 192.88
0.0622184 240.0297
0.05097881 237.6866
0.03371072 215.452
0.03097934 235.3643
0.02480863 295.8729
0.02802916 279.4112
0.01966855 247.3699
0.005660978 248.2402
0.005636621 264.4622
0.02105764 261.4197
0.02436895 271.7479
0.02875461 257.2234
0.02844869 256.4563
0.03407272 274.3094
0.03456058 347.9755
0.04874041 313.4532
0.08354636 302.471
0.04968548 333.5631
0.05917982 342.9465
0.03391539 361.5308
0.0355574 339.8101
0.02923248 290.9983
0.02068704 325.7004
0.01394036 291.9219
0.008830188 319.7631
0.01117781 383.1105
0.01069571 373.2938
0.00917939 385.4389
0.01697066 421.6536
0.0449453 447.9717
0.03864844 540.4922
0.05517459 558.2394
0.03718922 561.0739
0.00341029 686.3477
0.003841375 793.9486
0.005283752 824.0235
0.003526789 896.2003
0.001114529 1005.028
0.01369294 1182.157
0.01053893 1452.94
0.007742475 1522.692
0.002402955 1705.508
0.006200843 1821.323
0.003740447 1920.581
0.002242253 1739.703
0.00106789 1588.837
0.0006683803 1571.405
0.002436102 1606.574
0.001680428 1565.405
0.004809748 1737.091
0.009068711 1747.547
0.003064287 1871.251
0.001226573 1774.624
0.003334092 2008.797
0.002835986 2123.473
0.003539705 2229.053
0.0006351865 2320.615
0.01159684 2412.488
0.003976101 2308.641
0.003888365 2052.125
0.002364678 1612.89
0.000439208 1529.783
0.003405939 1436.433
0.004375762 1338.25
0.0006383697 1409.029
0.005140968 1545.108
0.004732558 1460.331
0.005457059 1251.47
0.001110311 1187.063
0.004868065 1057.039
0.007060211 979.8895
0.006764455 1154.486
0.01253514 949.2737
0.01042264 871.9767
0.01029987 803.5126
0.01535096 903.7989
0.01825186 914.8965
0.01377684 949.9022
0.004694398 869.6048
0.003392585 836.7076
0.01551162 755.3436
0.004840129 878.0816
0.006929709 874.9601
0.005300333 805.3139
0.002155412 827.2929
0.0007910491 763.996
0.002787384 760.3703
0.00695304 791.7802
0.006922527 601.6247
0.01052342 549.8894
0.009560303 495.1503
0.008015001 544.4096
0.0007753215 460.127
0.004470477 510.9158
0.007168599 386.6251
0.02072838 284.9657
0.04511401 346.2835
0.01507471 314.1014
0.01254142 321.0315
0.004249467 356.0629
0.008536313 341.9586
0.001536559 344.4792
0.002000027 398.9114
0.003103134 317.5643
0.004538533 308.9393
0.00288861 241.9743
0.005094853 253.7272
0.002724283 309.396
0.002344847 274.2767
0.001086584 298.9541
0.002384215 261.6368
0.002490586 268.0689
0.002304361 279.9611
0.008453945 274.0454
0.01902019 235.2072
0.04119837 219.6106
0.01635856 216.8371
0.01367227 241.3037
0.01564085 260.6473
0.01430487 306.299
0.01724323 254.6966
0.02766288 272.4849
0.02724364 227.0997
0.02479566 254.6252
0.05126492 257.979
0.04990705 297.5456
0.06554676 328.6344
0.02845207 338.779
0.0434976 294.2115
0.0652426 302.3235
0.08087859 363.2908
0.04377157 314.1342
0.03101029 278.9366
0.02456439 232.4363
0.06347409 186.9205
0.04938462 208.4203
0.02901935 194.1723
0.04442015 199.0885
0.03741116 210.73
0.03680227 213.0067
0.043171 215.2213
0.05640567 205.7253
0.01781861 217.0642
0.02553959 249.0719
0.02586742 280.337
0.03456926 311.4187
0.03328845 354.9657
0.02229593 305.0197
0.03525556 343.3043
0.02477735 308.787
0.02071847 263.9354
0.03145747 274.6236
0.0282348 264.9567
0.03211965 241.3337
0.05464407 268.5112
0.0440678 258.6232
0.01893909 257.2723
0.02706097 252.2296
0.02867391 309.4083
0.01722097 295.7812
0.01484884 313.1579
0.01120605 300.7278
0.007866189 299.076
0.01178573 312.5407
0.01162314 292.2264
0.008687483 277.8199
0.003930325 299.2266
0.004669725 329.7681
0.009541356 345.5376
0.02233829 373.1838
0.02722901 463.9426
0.01483575 429.357
0.006305678 488.9593
0.008321195 447.1424
0.008294313 437.817
0.01032648 435.1402
0.000738483 470.7782
0.002871419 552.4662
0.003388307 573.1061
0.001730496 615.0865
0.01590654 704.8059
0.00367336 597.0932
0.02582401 545.1158
0.02555953 573.9298
0.02484947 495.9893
0.02609973 569.2331
0.02538899 477.6369
0.03595778 432.5474
0.04182373 448.6323
0.03690753 468.9739
0.02862662 476.516
0.01677403 527.1309
0.001099913 591.7162
0.002391319 565.4568
0.000676114 631.4542
0.001002904 608.5931
0.001017889 643.9575
0.001999636 546.8394
0.004540925 462.3678
0.002091814 487.2432
0.004099445 520.9792
0.006056004 509.205
0.007157681 571.2085
0.0009944489 650.4048
0.003598175 685.0839
0.005327262 771.7341
0.01251848 688.6396
0.004627296 724.088
0.01200968 746.7067
0.0128299 739.2299
0.01204345 766.5137
0.01265777 798.4909
0.01632392 762.4608
0.0160499 676.1966
0.0135932 706.3121
0.03283766 710.8256
0.01448543 721.8486
0.005802013 678.6711
0.002813538 647.8925
0.001099842 576.1713
0.006065109 519.6311
0.007391995 468.6184
0.01212834 500.2286
0.03416623 514.1897
0.02495423 425.1567
0.01889322 383.3913
0.02388415 350.0969
0.02294166 498.4104
0.03790243 464.0535
0.01669854 430.182
0.02526792 427.9684
0.04054866 450.7582
0.06356306 435.4507
0.07280928 368.2636
0.05811466 378.9321
0.03721035 396.2917
0.03393083 413.6876
0.02769305 444.0524
0.01412803 360.4109
0.02004164 366.3778
0.007945696 471.4601
0.004510985 495.6541
0.01818611 495.3846
0.01478907 525.1606
0.006797097 560.7396
0.01439511 624.7593
0.008806043 610.7314
0.01043489 509.3895
0.009036273 532.0246
0.01751213 447.8629
0.006961782 486.0986
0.02093392 518.062
0.02352035 503.6779
0.0191661 571.9393
0.01852208 449.9594
0.0238676 395.0776
0.003579039 384.771
0.006176021 408.3077
0.01021232 461.3029
0.006862277 452.5576
0.009677007 509.4612
0.02009468 487.2541
0.01704175 461.0062
0.005835472 535.2414
0.005086379 522.1887
0.002515118 536.5896
0.01919006 478.0138
0.03524488 419.1282
0.0295879 398.208
0.03536392 383.8005
0.03410183 349.5464
0.03590976 414.1739
0.03043248 401.2524
0.02994338 462.2519
0.03004255 441.9384
0.02668264 442.2597
0.02930085 414.1193
0.02484826 480.2235
0.01294064 513.2262
0.01723308 493.7393
0.01479045 412.8998
0.0203374 399.5282
0.01456628 388.8396
0.02833491 311.1953
0.02613205 294.0889
0.01550126 330.4812
0.02441147 360.7769
0.01139031 388.1249
0.01182139 354.7843
0.01159564 305.4064
0.001575349 242.2753
0.001118942 284.0505
0.008939497 343.6083
0.01331569 406.8434
0.02029734 391.2492
0.01644413 360.1476
0.005870777 360.2391
0.01670838 329.6835
0.01250298 361.1104
0.005284408 404.168
0.006563425 443.9703
0.006010162 435.661
0.008344587 416.8347
0.007300547 401.6576
0.001483831 457.7933
0.001363655 493.9314
0.004936983 500.8746
0.0007110105 430.4377
0.0009555926 364.249
0.004238362 331.4586
0.01287926 343.4361
0.03221069 314.1172
0.02689647 277.2661
0.02394515 248.8725
0.02757448 250.5883
0.009837423 219.717
0.01228663 234.7132
0.008439495 237.1895
0.0116575 202.4415
0.01706064 254.3314
0.02164032 231.6276
0.01444049 254.8649
0.01151907 255.6123
0.01146002 264.2666
0.01656804 291.9578
0.01720928 278.2751
0.01792189 318.2165
0.02133302 314.593
0.0159579 325.8063
0.0141204 354.1968
0.03043219 319.2901
0.03044028 325.1873
0.03608088 305.9638
0.03637574 277.3252
0.0245503 273.9058
0.03487429 328.3967
0.02050302 310.3039
0.03027382 310.2326
0.01196969 371.9551
0.007686928 397.5134
0.00496484 435.5462
0.01729776 473.3091
0.02215395 546.5742
0.02256907 502.3852
0.02037147 477.7531
0.0131861 482.6535
0.009679353 446.5517
0.01290487 436.9452
0.0260785 424.4957
0.01823722 415.5052
0.02350653 371.2935
0.02495834 371.0978
0.0231622 338.3895
0.03247923 380.1312
0.03848867 358.1321
0.04059765 327.4231
0.03227628 300.8872
0.03267759 354.5755
0.0242641 333.4123
0.02208535 327.403
0.02156568 330.6255
0.01484123 361.1887
0.02250652 379.4407
0.02318137 336.3617
0.02350341 325.0307
0.02164934 400.5854
0.02060246 380.9845
0.02354424 358.3832
0.04960624 352.5655
0.03636896 295.2737
0.0282354 340.3532
0.0193984 368.1305
0.03831335 338.9394
0.03671166 333.6567
0.01985965 337.075
0.01028824 305.0444
0.006074705 308.2772
0.001059149 291.6966
0.01097301 306.2465
0.030316 300.8442
0.04888615 282.2673
0.05445795 239.9538
0.06775408 260.5687
0.04763246 269.7048
0.06500518 216.5946
0.06808545 238.4411
0.03858672 230.5264
0.03316763 193.1016
0.01453292 236.4631
0.02808171 267.9789
0.05180551 290.2122
0.04376511 298.084
0.06705157 388.0373
0.04243416 335.4797
0.05041001 296.7317
0.07165842 293.7465
0.05253705 255.319
0.05216143 218.988
0.05804246 272.208
0.06854711 322.3851
0.07984955 318.192
0.05584619 344.6855
0.05839957 310.3613
0.03658868 376.9146
0.01328468 351.2051
0.01295637 319.1053
0.005256245 347.3522
0.008773552 361.4302
0.006410524 369.931
0.0114225 263.7352
0.01564591 330.0861
0.009371024 376.669
0.01052828 350.4964
0.01288801 413.3738
0.01002482 424.9729
0.006875589 485.9289
0.01373 481.8728
0.006575862 499.945
0.008043716 520.3356
0.01157717 482.252
0.00888858 430.5301
0.009095752 435.0525
0.01065197 370.9799
0.01089004 358.7443
0.004466921 282.7725
0.004166013 303.0425
0.01649705 294.5266
0.04411657 285.25
0.0617025 312.6684
0.05258909 367.4802
0.07077832 317.3258
0.04096936 373.758
0.03643067 396.9228
0.04053642 357.1191
0.04525649 387.6782
0.02771418 394.1936
0.02047876 411.7409
0.02222682 404.6292
0.01086674 443.6784
0.0101219 376.9735
0.004539795 439.9654
0.001407171 398.8213
0.006815141 365.8773
0.01397523 337.8752
0.01744185 378.3638
0.04422982 370.1201
0.05581219 360.0757
0.05158072 365.4452
0.04174118 368.8314
0.0195192 303.8456
0.01703074 289.9867
0.02077134 272.9257
0.01710154 320.0396
0.01377449 303.5933
0.01794339 300.4131
0.01480271 294.1596
0.009667789 287.1121
0.003553498 233.6471
0.003808484 228.8267
0.002719699 237.9918
0.008735579 216.1061
0.01462868 216.6848
0.01983393 189.6133
0.0223913 212.0032
0.01197263 218.1116
0.01103569 194.0389
0.02445634 147.272
0.02225138 147.9127
0.02003287 160.5208
0.02794676 144.268
0.02064817 146.2794
0.01797367 166.0859
0.02181479 150.4239
0.02718028 174.3045
0.01878326 192.3564
0.01706021 241.1127
0.0200465 245.5835
0.02143487 225.8887
0.03113932 235.5957
0.02884898 275.6933
0.04436541 299.4079
0.0346867 260.5098
0.05190031 292.7636
0.05337592 275.0134
0.06213188 303.0451
0.05299329 314.4972
0.0678383 338.8325
0.06569518 374.0182
0.07331357 364.1496
0.02678215 373.447
0.01150169 307.5246
0.001083624 351.7692
0.01594792 333.1785
0.01347035 343.9965
0.01596155 347.8761
0.01853604 345.1531
0.02950777 328.7146
0.05472909 327.0287
0.0292175 299.9066
0.02663448 261.7392
0.02297914 304.6353
0.02448917 326.3487
0.01892415 364.5315
0.03486309 364.4213
0.03029698 353.625
0.0293626 360.8777
0.03086526 446.867
0.03300857 496.9513
0.04386245 374.7906
0.03820564 380.7577
0.04751173 411.7306
0.05428447 397.6427
0.02992854 327.3707
0.04912673 389.5755
0.04016243 388.7055
0.03186064 355.8638
0.04019431 404.0165
0.05014825 430.9329
0.03331666 445.5433
0.03630135 402.5104
0.03608765 335.8092
0.03725699 294.2574
0.03537833 318.9197
0.01745646 283.0209
0.006453878 288.1787
0.02203436 264.4079
0.03187684 245.1367
0.03817002 268.0039
0.05474301 275.5147
0.04776038 215.6219
0.06869589 222.4684
0.03818001 232.3433
0.04324418 229.0272
0.04711898 237.8744
0.04536746 240.3331
0.02919179 245.1513
0.02062663 236.387
0.02402804 165.2957
0.01826798 183.1532
0.03453671 190.8369
0.02158224 169.5915
0.02732271 151.7317
0.01677468 132.1618
0.04430752 148.6283
0.02603889 159.9274
0.03050356 145.4397
0.02685474 177.3867
0.02313105 168.6463
0.02779843 173.4554
0.05026727 186.2009
0.03620351 169.8728
0.06653545 180.9027
0.06523977 202.5397
0.0441742 195.4866
0.04386444 201.2884
0.04869913 218.8849
0.04133978 217.7029
0.02902097 214.1961
0.01618833 229.4325
0.02729358 203.3966
0.04863488 211.5087
0.0451737 215.989
0.05361386 197.9176
0.07931906 195.6691
0.1001406 192.7698
0.08315415 189.4976
0.09821557 173.5224
0.04544816 165.2045
0.03587131 213.9809
0.03533854 176.8014
0.03557613 199.9707
0.04162072 200.2169
0.05861993 226.1357
0.04338653 164.4985
0.03005104 154.3468
0.03141143 192.8444
0.03648102 205.6428
0.04404029 235.5849
0.05549341 228.7584
0.03732887 198.0874
0.04550744 215.4439
0.03846836 221.6525
0.03984703 233.2183
0.05326582 243.5564
0.04852293 251.0046
0.04076168 278.2224
0.04991097 290.3179
0.03845485 239.94
0.03866352 261.0571
0.06642725 237.8308
0.03295992 194.3605
0.02922159 190.2471
0.03345958 193.923
0.03124438 204.2006
0.03560825 192.521
0.01590859 191.2149
0.01650522 209.8682
0.02873358 244.6384
0.0217398 227.8533
0.02557818 248.8521
0.02967765 234.2691
0.04624513 229.2393
0.049279 239.9594
0.04010511 283.0346
0.05517846 269.9672
0.03978464 292.1251
0.0136992 233.8085
0.009516391 283.4085
0.0022421 302.284
0.004574662 326.1093
0.004625344 338.5579
0.01137214 348.4206
0.005254275 394.556
0.006891546 348.4226
0.0004293942 303.0774
0.01961433 254.0894
0.02136731 258.8919
0.03599371 314.6974
0.05635635 314.7693
0.04594961 224.0367
0.04304318 219.6124
0.06158607 268.9103
0.02847966 253.8851
0.02301374 270.6458
0.02096369 316.9582
0.02659284 314.5365
0.01953711 322.0822
0.02398245 279.0007
0.007398291 279.6396
0.008073902 268.638
0.004828803 212.0193
0.01568206 218.5518
0.01535906 204.2448
0.03374194 223.4077
0.03449912 266.8458
0.0543223 227.3376
0.06763261 206.6511
0.05025737 215.66
0.05151708 243.7659
0.04347883 220.4913
0.06894094 221.6646
0.05581464 211.7584
0.02480529 228.4401
0.02861079 279.646
0.03321847 320.0098
0.06926808 326.1828
0.1094347 349.4382
0.07368408 353.6524
0.06599641 283.8269
0.06149537 312.1081
0.03315582 277.5155
0.04659594 283.5824
0.03374922 285.6771
0.01493686 311.1566
0.02076471 273.5022
0.02823815 291.5778
0.04207422 317.2138
0.03770331 312.6985
0.01808248 316.4363
0.007889132 319.7913
0.008982582 292.0512
0.01099479 288.3836
0.01306633 256.1909
0.004736612 258.7949
0.001596098 260.7905
0.001384157 296.5691
0.006810105 295.6912
0.01280461 287.7106
0.02466402 334.887
0.02624772 385.7268
0.02181123 353.1488
0.0135769 357.7103
0.004592528 376.3657
0.008125626 415.2722
0.002048168 403.9644
0.01326201 357.8995
0.02749531 333.7917
0.009401284 362.3525
0.006262613 420.012
0.002582526 445.161
0.008208809 449.2394
0.01089964 400.6254
0.005377409 420.31
0.006981146 405.735
0.0139708 314.0406
0.01849306 350.1796
0.04999547 354.2604
0.03505194 294.1015
0.04311423 279.0616
0.03281207 286.0711
0.0396911 281.5003
0.02452084 306.9158
0.01750306 306.0466
0.02275404 285.9501
0.0192258 320.0258
0.001869726 335.8283
0.002828697 365.3441
0.004507113 391.2999
0.006510784 366.7228
0.01228028 371.7541
0.01367784 262.4214
0.004279297 274.4438
0.002096813 251.0656
0.00136723 241.6418
0.009874731 234.5161
0.004855873 231.683
0.002098952 264.8588
0.007004337 287.1047
0.01456652 250.9101
0.01180985 228.4163
0.01058865 235.4753
0.004584733 265.7818
0.004338314 286.9649
0.01850266 288.9636
0.01444343 258.7353
0.01331984 292.3235
0.01061328 230.0898
0.01414871 262.5016
0.01469921 255.1125
0.001250718 233.7233
0.005642446 189.4983
0.004323275 170.8484
0.01053732 178.7213
0.008207577 180.1467
0.009475348 185.5665
0.01018358 218.3102
0.02388086 257.9247
0.03618402 232.3452
0.03094948 237.1296
0.04154673 234.795
0.04634021 246.7771
0.0553541 224.4684
0.02985457 169.6743
0.0558754 192.1689
0.1085151 175.7024
0.115657 193.7531
0.132918 191.3287
0.1240663 174.7177
0.1259673 154.9746
0.09939461 156.7175
0.1078584 164.9832
0.08397778 158.2081
0.08154001 188.8464
0.06473411 149.4228
0.05678936 179.4754
0.07256954 211.4782
0.04706656 248.7397
0.04336982 240.431
0.04775531 235.1459
0.03942794 237.1843
0.01813785 235.4306
0.03143633 232.7938
0.02239386 274.3145
0.01816111 253.7093
0.02152588 214.9767
0.008472113 205.8704
0.000880279 231.3113
0.01412444 218.7203
0.04373294 206.8589
0.04177076 206.7918
0.05125481 191.1685
0.09104879 168.14
0.05912547 179.9808
0.05350617 180.8609
0.05041361 180.8013
0.04867894 185.6155
0.02743204 247.3548
0.02909116 232.8308
0.03245552 225.358
0.03873224 237.1708
0.04422341 286.3376
0.03291403 268.7135
0.04468261 261.3714
0.08197932 257.5912
0.1006596 335.6181
0.1041233 366.8935
0.08457305 344.2158
0.06654835 329.7215
0.04437735 448.323
0.02046951 494.0069
0.02014493 482.4622
0.01991645 502.0526
0.01649093 522.2763
0.02689588 569.352
0.0177311 642.6816
0.0164883 717.715
0.03024183 773.7865
0.04169735 671.5168
0.02707304 667.3006
0.01622485 691.9169
0.03708093 746.6916
0.08071219 729.8342
0.08046788 840.1073
0.03947585 776.4916
0.03162737 791.48
0.01604964 783.3074
0.006579293 943.7241
0.0199426 1071.423
0.02782219 1032.157
0.01638923 989.2801
0.01417953 1014.702
0.00687287 752.6299
0.01004996 580.8059
0.001466821 648.0141
0.0003086389 702.881
0.009687006 690.9972
0.01442873 616.9013
0.00542459 627.5484
0.01583226 748.7724
0.01829641 795.3485
0.006973765 776.474
0.008801431 701.9998
0.01787475 865.9844
0.01583825 889.8551
0.006916806 821.7194
0.007214466 869.8583
0.02371777 923.9237
0.01822602 801.1895
0.008264992 749.6944
0.009397443 728.4111
0.01538661 663.2971
0.01339608 602.2591
0.02230331 542.9053
0.009912839 511.9982
0.01033022 560.1394
0.008426493 448.2845
0.007834468 439.2254
0.009783355 447.691
0.008425455 506.0117
0.007145095 556.5806
0.003403377 640.2657
0.004509489 653.6639
0.007191965 626.9921
0.01399937 573.3395
0.00476546 567.9571
0.01363246 546.4166
0.005725411 611.1597
0.01851279 626.9903
0.01961276 645.6235
0.007172144 579.763
0.01714964 549.7102
0.02720185 452.963
0.02207086 418.5329
0.008396738 399.0516
0.002628072 510.9429
0.007943132 548.3468
0.008440507 584.2974
0.0117188 606.1594
0.0223364 719.0589
0.03355861 729.5448
0.03818653 923.0039
0.01683066 887.9512
0.007022521 809.6982
0.0005532408 834.3557
0.001848248 842.7617
0.004719378 867.2608
0.007458409 963.6212
0.005233744 880.7854
0.001953648 790.1229
0.001573889 716.3316
0.006407054 618.981
0.001962699 595.7598
0.0110604 599.9455
0.005725327 652.7297
0.005867429 741.6331
0.01406366 820.257
0.0132231 918.2352
0.0130989 1087.28
0.01858701 777.2918
0.01338711 909.9075
0.007462718 1064.885
0.002066133 1052.463
0.001996173 1177.086
0.003889616 1050.507
0.002417249 1130.274
0.009563807 1044.601
0.001569714 1127.652
0.002674145 1006.272
0.005861063 1133.474
0.007643367 1080.082
0.003562622 1028.896
0.003078212 1225.418
0.001061764 1463.204
0.007084472 1348.318
0.01473387 1372.294
0.01617287 1213.025
0.02609336 1502.933
0.03164404 1345.485
0.0214274 1287.504
0.005371869 1224.215
0.006834674 1292.62
0.003571747 1256.899
0.01051601 1215.614
0.02048347 1352.793
0.00937142 1138.318
0.02103139 1141.227
0.01841871 1065.078
0.01386901 1019.695
0.008831822 1086.044
0.005341913 1228.937
0.003291389 1053.904
0.01092143 1025.746
0.01153087 991.814
0.01431949 839.2707
0.01353153 894.905
0.01154792 970.1319
0.0140839 1047.381
0.000687575 991.6138
0.0009964191 971.2733
0.001556925 843.0774
0.002215041 850.6893
0.009633479 762.6277
0.01420781 809.4612
0.009431075 1124.792
0.002324734 1468.804
0.004431626 1352.123
0.003392098 1392.29
0.01144528 1557.021
0.01220803 1756.954
0.01051942 1391.633
0.02991531 1265.386
0.03144659 1154.079
0.01835601 1341.077
0.01138282 1217.657
0.01109046 1270.685
0.006457947 1264.427
0.0119172 1423.766
0.009722743 1304.254
0.009261839 1614.908
0.01148581 1563.715
0.01445016 1458.501
0.03155242 1678.757
0.02954203 1505.529
0.01850007 1482.847
0.01157575 1438.481
0.002349184 1461.37
0.01224644 1370.125
0.009106138 1374
0.0004083447 1374.515
0.0009200397 1486.472
0.003954798 1298.761
0.001616987 1107.205
0.002776684 890.0607
0.003113745 952.8192
0.003246879 852.4177
0.005117054 731.5408
0.02002112 614.538
0.01857339 580.9088
0.0219718 523.2409
0.002975464 444.0638
0.01405667 509.9201
0.03354167 519.0473
0.02052681 590.5667
0.02409975 533.3596
0.01908602 496.3374
0.0319392 450.4897
0.0325615 548.295
0.01906251 545.0495
0.01503421 542.697
0.0147968 523.7371
0.01917771 551.713
0.01869638 435.3434
0.02648259 354.1394
0.03270508 408.1145
0.02099114 429.2666
0.02398679 372.4673
0.02103308 320.986
0.009850164 305.46
0.02761306 352.3552
0.01939378 388.0503
0.03091997 388.7882
0.02044026 390.9982
0.01843301 344.0372
0.03183229 348.4754
0.02798177 326.168
0.03295657 327.9807
0.03210324 258.4641
0.04650601 254.3847
0.03973672 279.0618
0.03684105 261.6165
0.05076003 258.2789
0.0378148 223.0338
0.04711607 215.1888
0.05354856 237.3736
0.03618139 257.207
0.03485253 287.0063
0.03577176 307.215
0.04474047 306.5524
0.06031373 336.0363
0.07116562 302.6166
0.09605521 270.2746
0.08641165 289.6908
0.06337285 293.6516
0.0593155 288.5661
0.06138236 295.9842
0.05226443 279.708
0.06317361 334.0633
0.04415901 331.8054
0.05938155 240.1887
0.05971421 283.5713
0.06320915 271.0055
0.03836698 297.001
0.02483945 301.8124
0.01096301 289.2254
0.0101772 253.8679
0.01478796 245.2379
0.009763279 232.1208
0.01126528 226.4747
0.02909839 232.103
0.03052966 239.8766
0.04511133 247.0457
0.06434386 217.8228
0.04040739 224.8157
0.03931984 272.4695
0.04798314 279.9623
0.061445 275.6694
0.04606243 316.9725
0.02667424 286.7593
0.0137069 316.4193
0.009171244 269.6483
0.03329036 256.499
0.02529515 246.2592
0.03795685 301.7978
0.02588241 374.353
0.01727943 428.8277
0.02797324 481.6627
0.02761924 527.93
0.02703383 506.5979
0.03043797 522.3536
0.0332431 484.6142
0.0133024 425.3903
0.02093161 401.4455
0.01591079 395.6404
0.01008944 421.3747
0.01650672 413.7352
0.01711102 400.8416
0.02089717 464.7378
0.01216085 532.0684
0.006608784 608.6154
0.003855713 521.4756
0.008742873 445.8403
0.01783898 409.7665
0.01758737 309.8015
0.01600265 302.4693
0.0323574 324.2539
0.04136345 257.7741
0.03129988 283.5945
0.0230397 378.21
0.01173498 389.3025
0.005606159 427.0799
0.006370806 457.7307
0.007045209 460.2897
0.007208923 508.1311
0.01108797 583.2802
0.009831273 609.4772
0.035224 523.7712
0.0125611 507.6014
0.0279303 451.6305
0.03063305 480.8476
0.03613449 444.1224
0.04017177 429.5572
0.008489629 436.857
0.008717736 500.6992
0.01090998 495.1361
0.01172741 453.157
0.02494025 426.801
0.004104817 414.26
0.003047472 428.3627
0.007769942 469.9839
0.004957174 524.1663
0.008426867 592.3917
0.002420958 560.8629
0.01234829 669.6398
0.01074292 633.496
0.008227022 552.1445
0.009475809 601.328
0.0160935 521.3222
0.02068968 467.696
0.001480962 512.1231
0.003161217 469.915
0.009178572 537.7754
0.006931949 620.379
0.005514662 576.9476
0.004352253 595.7494
0.02322315 592.784
0.01367099 494.0313
0.01082236 456.4754
0.004362943 610.6023
0.0009725072 628.7646
0.02037478 618.9808
0.006838216 639.2823
0.004203622 799.2758
0.004326023 721.5551
0.006826178 905.4745
0.002173941 1179.296
0.005734075 1422.926
0.003711941 1630.617
0.0059291 1769.443
0.01828255 1915.843
0.009918909 1928.08
0.0144882 2168.652
0.01888827 1850.856
0.024987 1830.329
0.02358374 1906.214
0.003198984 2123.262
0.007963924 1828.364
0.006982487 1733.113
0.001999728 1898.129
0.005193654 1977.747
0.007943648 1707.169
0.005949501 1790.367
0.00658386 1686.293
0.002124493 1588.669
0.005904922 1508.257
0.01099972 1566.171
0.01215352 1419.86
0.008923541 1207.667
0.002943231 1137.276
0.003310557 996.1236
0.009786924 986.7675
0.002458093 868.5635
0.01773444 907.6883
0.002776628 806.1335
0.006767722 1024.777
0.01106747 1263.187
0.01720966 1235.352
0.01127772 876.5971
0.007612662 766.3929
0.01398109 722.7398
0.0117033 624.5585
0.01615099 654.0272
0.02061822 843.8024
0.01721661 811.2018
0.01986666 599.8379
0.01606154 625.696
0.0144422 792.8222
0.03279281 741.2232
0.03661092 785.0789
0.009617168 789.7506
0.006623327 645.1366
0.004443544 722.4462
0.0007979923 723.4497
0.006144541 609.9219
0.009233527 631.0339
0.01101281 556.9173
0.009654309 565.8682
0.005544363 579.2887
0.009704426 555.3481
0.01108174 497.8111
0.0132661 433.1065
0.01532102 463.3129
0.02993964 432.2367
0.01428729 459.4681
0.01730738 486.8579
0.02113862 485.4563
0.0183675 411.5608
0.00569398 472.6393
0.02177062 615.9293
0.02820494 526.4206
0.03044295 481.7068
0.01461266 428.4945
0.01980169 377.2032
0.01953641 298.9306
0.02981719 332.6383
0.03346062 341.349
0.04963639 428.2214
0.03413426 461.8296
0.02730219 409.8179
0.02370623 435.766
0.009543793 513.7982
0.0201187 525.6646
0.02340583 534.4961
0.01862451 580.8835
0.02717836 576.9442
0.04072678 474.0211
0.04067466 501.6658
0.03970881 522.4765
0.01883811 512.2687
0.006937352 504.2131
0.01234292 456.2548
0.03717943 494.768
0.02777692 391.0801
0.01427966 409.0073
0.01984696 404.3427
0.03682115 410.0408
0.0236567 350.8338
0.03528274 329.5964
0.04177579 364.4833
0.02091986 442.4927
0.02672349 308.3473
0.04308146 266.0918
0.07259687 238.1592
0.04868625 247.6677
0.06097614 273.6576
0.05888013 273.7034
0.04598538 279.736
0.03771936 320.8762
0.009452549 379.6684
0.01272318 388.4672
0.01300286 474.0606
0.006669891 377.8217
0.01577885 404.53
0.01019789 387.5225
0.007306411 386.4538
0.002440665 374.3515
0.003810203 347.2537
0.01587672 345.6106
0.0278349 346.0924
0.02658676 257.4595
0.01531809 275.7434
0.03321421 261.4729
0.03104688 250.3157
0.02032114 238.7057
0.01733229 238.7632
0.02050636 232.3433
0.01618719 195.7594
0.008545124 215.972
0.02499153 227.177
0.05068535 230.6627
0.05761831 258.0409
0.05504612 222.5678
0.05082552 230.0275
0.08350161 250.2978
0.05400227 258.8421
0.05648732 256.2514
0.05044117 236.4772
0.02274918 229.9134
0.01381103 256.6386
0.02065331 237.204
0.01436336 234.13
0.0212577 216.1109
0.01240708 236.0195
0.004818168 310.7119
0.02412055 298.4803
0.0151677 368.5686
0.0208287 355.7564
0.04068136 339.044
0.04044112 314.8921
0.01650668 290.4214
0.05045954 307.2503
0.04782593 320.8406
0.03911227 317.4976
0.04846652 300.1738
0.03297917 294.5736
0.01308381 325.8876
0.00769792 344.0399
0.005466737 354.9998
0.0005889297 354.9544
0.003428574 338.2394
0.007175123 273.798
0.006703621 255.7582
0.009744151 246.8744
0.002116307 279.818
0.004380332 284.8542
0.01197191 328.7348
0.01757803 333.6542
0.006388614 403.728
0.009314249 385.8725
0.01013858 324.4998
0.01115585 378.2137
0.006732113 357.8848
0.01054376 364.9627
0.004665122 467.4554
0.01276756 584.8158
0.009178915 557.0522
0.01718232 589.8481
0.01582758 625.0901
0.01202255 613.028
0.0143013 562.6587
0.009230582 520.3329
0.006539193 649.7973
0.01548325 678.5473
0.01771146 740.9245
0.01342045 639.0949
0.02758002 591.0586
0.02860184 557.7029
0.01015468 488.2915
0.01190804 581.0915
0.004742925 498.3319
0.01509993 561.089
0.0402532 491.6034
0.02778998 531.9779
0.02756315 506.5051
0.0100613 450.4846
0.007070502 469.0736
0.007865878 382.7263
0.01535244 444.7756
0.01308186 452.2362
0.01914025 407.9409
0.009562667 378.9401
0.009128881 386.9671
0.01195864 426.0479
0.02468119 461.5068
0.03269959 453.2982
0.03832001 412.0165
0.04550065 446.6808
0.04218616 424.9212
0.03883338 535.6582
0.02669091 579.5026
0.008700968 719.9977
0.005086118 694.8131
0.002140647 729.0036
0.0149774 826.0492
0.02593819 877.2943
0.009482349 803.9462
0.006584547 956.8723
0.009961536 828.6489
0.01726497 753.3043
0.02190851 731.5821
0.01314547 551.346
0.008320536 483.4834
0.009716501 389.0516
0.009906087 361.7602
0.002778029 340.3829
0.005663019 286.8899
0.007241883 238.7478
0.01714454 289.2304
0.01813423 292.5131
0.03394148 296.5515
0.03722113 300.3501
0.02519768 290.3736
0.01640175 276.6723
0.04466045 221.8368
0.0383135 249.4957
0.025153 334.039
0.0606598 343.1109
0.07441305 341.7687
0.09279462 327.2136
0.06112328 267.2346
0.07518079 261.3714
0.05137824 231.3642
0.05668743 227.1398
0.05732448 281.1403
0.04587231 301.296
0.06463035 368.6013
0.04268393 328.0571
0.0678709 343.7031
0.07986364 252.8348
0.06397567 253.6505
0.03492362 223.516
0.01508516 236.8245
0.006036632 241.8072
0.02593031 207.1218
0.02399027 212.9748
0.02593859 258.6194
0.04698727 253.0489
0.02050141 300.3492
0.03156905 259.3312
0.0247668 293.1993
0.0386128 301.087
0.02552799 303.6779
0.04855821 312.0278
0.06003581 310.5966
0.03006237 345.119
0.02776096 351.6794
0.02780978 357.3054
0.02263877 349.8934
0.04165669 364.4446
0.03050646 292.6991
0.01930861 366.1786
0.01401476 354.2947
0.02204107 370.0846
0.02143963 348.891
0.02096878 312.3104
0.006504007 274.7398
0.008105808 272.8865
0.01724813 272.8666
0.01448122 242.6616
0.001535192 252.753
0.01487624 251.2871
0.02127429 294.9086
0.006274467 266.8848
0.01898083 222.504
0.04219003 239.8987
0.07504109 242.7528
0.1110311 248.0674
0.09076581 247.4995
0.0704949 267.3979
0.05161832 250.6876
0.02669295 236.1096
0.03690649 267.3004
0.0290056 219.6681
0.04453258 184.2308
0.03593818 182.7685
0.03605844 190.667
0.02275905 218.0547
0.0152827 269.7746
0.02834312 273.7619
0.01169148 327.6964
0.02698052 333.0719
0.03768073 247.6578
0.03373833 292.7828
0.05983391 261.0076
0.03515567 234.4269
0.03914281 297.076
0.0379269 296.271
0.03217369 271.2944
0.05116461 251.4395
0.08085129 265.9066
0.08656588 236.8559
0.0977256 255.2079
0.0779376 215.2811
0.05482471 214.2793
0.04868854 220.1448
0.05001102 238.2663
0.07261926 274.8894
0.06246844 279.1376
0.07199299 300.8526
0.02837392 317.0572
0.03011983 317.467
0.03877387 345.4951
0.05496858 304.9517
0.04910421 320.2962
0.0247212 354.822
0.02416678 403.3442
0.01470054 325.5646
0.008994057 340.2184
0.009245941 357.7882
0.005941435 385.2403
0.007695968 433.4716
0.0248729 406.3558
0.02664299 366.5441
0.02304496 327.591
0.04015149 353.9556
0.01974214 350.4566
0.02246028 372.2518
0.005453813 407.5386
0.01407407 405.5776
0.02106782 433.853
0.01456217 393.3869
0.01480553 412.493
0.003920426 448.2184
0.01047117 472.6009
0.008826402 484.7358
0.01483069 427.2437
0.008150756 408.8752
0.00530703 338.806
0.002609369 326.0828
0.01235649 347.7766
0.006742546 422.2022
0.007326889 493.8071
0.01038868 513.6801
0.01826299 491.8843
0.01448872 471.5935
0.009924466 486.6122
0.006922806 520.8593
0.007182498 480.3401
0.03032152 468.8718
0.07135503 499.5953
0.05827785 509.3409
0.03508393 412.9502
0.02757001 408.3614
0.01859517 444.1517
0.0029641 419.6922
0.002266927 455.7993
0.007880159 412.8872
0.004803939 413.2226
0.008315115 412.9004
0.0104841 323.63
0.005888416 276.2236
0.01336441 277.2535
0.007659917 247.3621
0.02398855 258.0688
0.0445733 228.4496
0.03325423 196.4751
0.02691132 204.9157
0.03176054 203.5556
0.02880303 245.761
0.02561388 216.5784
0.04058101 221.3864
0.06270853 198.732
0.06221278 208.6541
0.05193636 213.3248
0.07112359 253.9511
0.09297 285.4634
0.09235535 302.2212
0.104532 254.7284
0.1127481 229.5936
0.08029154 203.1185
0.0637945 212.3168
0.05397131 238.0748
0.05839428 230.3711
0.05896034 207.8123
0.05291682 199.5921
0.04385834 167.8363
0.02361561 168.5263
0.03206218 145.9889
0.03069758 167.0447
0.02967909 173.5404
0.02243427 162.6254
0.02925729 153.4732
0.0176716 131.3827
0.01868628 145.2506
0.009022984 144.541
0.003103556 158.3729
0.004649151 169.9793
0.007983534 150.1868
0.01258098 157.5895
0.02490379 168.1518
0.01777396 187.7983
0.0277556 201.9802
0.0187222 225.8486
0.005623684 231.7559
0.001261352 252.2939
0.008507938 269.2693
0.02760387 242.149
0.02544221 280.9276
0.03159813 329.1618
0.02986507 309.8842
0.03327469 333.9219
0.0340878 326.6658
0.04330525 338.843
0.0530549 285.7059
0.04644711 261.6538
0.06454425 245.5789
0.02423003 250.1131
0.0347246 265.138
0.02644342 291.1015
0.05451737 238.7845
0.05724605 208.8536
0.03725924 197.2392
0.03246439 198.5753
0.02596893 172.1852
0.03229318 179.425
0.01643632 199.2748
0.02068303 183.3304
0.0450164 148.7086
0.05762352 157.1372
0.04598229 143.6333
0.03586842 139.2072
0.02745359 177.597
0.02516326 173.2105
0.02617934 170.0924
0.02905418 181.3743
0.06200709 153.2064
0.0477541 146.6627
0.05401245 142.2034
0.05889084 143.4991
0.07402306 157.8125
0.04696356 156.6162
0.04570384 162.0989
0.02804609 162.869
0.02385226 189.5593
0.03610697 211.1798
0.04501975 211.0871
0.05064128 191.6612
0.0673685 195.3742
0.06343873 177.966
0.06614379 161.2763
0.05951105 144.1915
0.03521205 141.3745
0.03392939 183.7879
0.01311015 188.1992
0.01042836 210.7483
0.01347298 214.494
0.0182979 198.0446
0.01611494 168.6395
0.01850355 165.7037
0.03540659 157.7374
0.02487101 198.0408
0.03039217 172.8285
0.0193154 159.0653
0.01597356 181.8895
0.01627031 190.7609
0.01657017 174.9512
0.01427417 162.3459
0.03476021 163.9921
0.03229799 153.92
0.02154239 140.3891
0.01664643 157.3686
0.02045206 164.5091
0.04262453 153.2372
0.01842107 173.266
0.02002703 145.9303
0.04017716 134.2177
0.01697913 142.5667
0.02856024 159.7035
0.04908193 171.4155
0.01907688 191.3335
0.04283425 239.6025
0.01881424 250.7659
0.007450714 239.0163
0.0038573 264.3313
0.0129388 255.9712
0.01122987 260.2341
0.008071414 290.2353
0.009669879 247.5159
0.01275246 284.1015
0.01366588 297.4109
0.007795011 252.2078
0.0150886 274.004
0.01987264 309.2988
0.02267276 317.0381
0.006402315 321.7212
0.01312068 281.1036
0.01390089 268.1142
0.008954414 248.6435
0.01735592 239.222
0.02335327 293.0366
0.02845131 319.1186
0.01779399 296.499
0.03646826 255.6167
0.01305146 290.9754
0.007966984 306.5022
0.01626989 297.1646
0.02851509 353.1428
0.035227 338.8438
0.02701403 343.2352
0.02252489 331.5192
0.0127111 348.3448
0.01342941 291.7986
0.02924845 285.6247
0.03374699 282.5426
0.04713701 276.8843
0.03697928 318.3314
0.05530205 335.467
0.02588742 378.6767
0.04190225 362.9293
0.01979178 350.8722
0.01347471 285.256
0.0173248 283.4517
0.01131142 286.9485
0.00956543 255.3391
0.006431992 208.9789
0.004624296 208.596
0.009403857 217.8285
0.01481268 240.7172
0.02548221 270.3831
0.0278064 268.7117
0.02154715 312.8339
0.02689773 379.8631
0.03075617 370.3452
0.03227314 439.7843
0.02814187 427.2075
0.04748024 457.5602
0.04297213 519.3947
0.03652844 523.6997
0.02191044 369.2279
0.02134205 360.0726
0.02694801 336.1158
0.02909349 300.8776
0.01756585 289.1452
0.01686383 259.6337
0.03284518 295.5724
0.02770943 293.3234
0.02825458 253.2851
0.01640876 251.3558
0.0121995 225.4562
0.006877109 246.1481
0.009195923 252.8209
0.00426923 297.0692
0.0149392 311.4639
0.005585565 308.4752
0.008731685 292.8933
0.02422972 334.4584
0.02450785 301.6489
0.03174818 282.5064
0.02097468 291.0675
0.0158408 270.9029
0.006162326 268.6401
0.01527939 262.4018
0.02054515 247.6321
0.01883277 234.2453
0.02030735 211.5514
0.03223042 160.8977
0.03214654 178.1001
0.0257069 213.1714
0.01214564 229.3221
0.03022284 244.2056
0.03232682 254.9597
0.05569865 223.4866
0.07368403 286.6641
0.09911759 268.3056
0.08056518 241.8619
0.08735735 214.5183
0.05158926 214.0465
0.06502624 211.6976
0.0618104 234.525
0.04637968 284.2507
0.03972205 300.8188
0.05260273 327.1304
0.1017256 316.8185
0.09826978 238.1401
0.1063858 226.5092
0.06002285 218.4283
0.07264859 187.7139
0.07589603 201.3891
0.05825169 198.8937
0.0706311 198.7472
0.04466905 245.2443
0.03258394 225.6927
0.02895574 198.0991
0.03957932 250.7925
0.02789645 214.2555
0.02877432 240.9733
0.02446502 285.4892
0.03244416 319.514
0.04033463 305.5247
0.03067437 230.5292
0.02020875 281.1221
0.01800306 265.2527
0.01574431 245.5235
0.04865041 246.4783
0.02100297 238.8668
0.01624092 254.8289
0.03264033 256.3302
0.02540647 310.3074
0.01488737 321.0819
0.007004922 291.8399
0.002642466 324.6879
0.01969372 358.5657
0.01455878 311.5944
0.0279062 335.573
0.01131738 234.722
0.02223858 212.5951
0.0371998 212.1028
0.03014873 255.8773
0.02219753 266.596
0.01481944 327.1228
0.0118591 409.7988
0.01142771 362.934
0.009675153 335.7373
0.01681176 361.072
0.01881463 301.6169
0.007731844 296.0202
0.01076999 280.276
0.009617811 248.4514
0.006944953 226.23
0.01036 199.4926
0.004384736 188.6669
0.008538978 235.5218
0.01046786 246.4624
0.008059456 184.516
0.001265009 197.8404
0.00317559 275.1762
0.0009303331 285.4896
0.007971967 289.4494
0.0163482 258.0936
0.01095635 301.1852
0.009218837 337.9615
0.007246067 345.8321
0.001565245 340.4616
0.01003045 391.235
0.02754948 461.5178
0.02899719 377.6001
0.02332499 378.3407
0.03354305 348.1536
0.02253753 384.9026
0.01384916 425.075
0.00586676 372.5772
0.006939719 371.0004
0.01838625 320.0238
0.01235164 319.7398
0.01838697 305.828
0.006718233 305.6307
0.01253903 322.0398
0.01540984 284.187
0.009718088 305.1769
0.02397601 288.5974
0.009493351 308.9503
0.007336169 277.2205
0.006404532 343.7686
0.006444255 357.3961
0.009823375 428.2578
0.001403475 400.5377
0.003220469 361.3203
0.005392561 347.9121
0.004176923 332.0909
0.02054458 346.1732
0.01409966 380.3935
0.02379779 396.5212
0.01525989 424.7502
0.02586407 440.7821
0.02525218 451.0661
0.01520627 554.0292
0.00260599 513.2957
0.001622977 594.3905
0.008030675 628.285
0.01469064 781.5136
0.004465383 750.6501
0.0132897 793.1771
0.01150769 710.7771
0.01840755 730.1266
0.01199697 751.515
0.003985498 755.6551
0.007148467 736.6178
0.001675944 739.6213
0.004501422 735.9092
0.005189599 735.9855
0.001286511 703.3739
0.0006810142 574.0437
0.004149186 572.0544
0.003510049 599.5345
0.001288072 732.0938
0.006685757 708.064
0.001741289 713.4956
0.007909555 735.7082
0.01047256 710.485
0.005882299 775.8092
0.003500408 722.1991
0.003140657 835.3419
0.003713063 862.6487
0.00383828 1033.24
0.003084965 919.6049
0.003127671 857.0992
0.002568145 706.5576
0.002066605 710.6813
0.003134655 741.4499
0.001252843 539.1242
0.005679899 519.7166
0.008236378 553.5228
0.009621848 460.7974
0.007419216 474.7847
0.008560136 504.2264
0.00996186 511.0884
0.01055581 496.7865
0.0207679 460.5508
0.01525611 452.936
0.01644889 520.9194
0.006044314 388.6959
0.005637885 407.0824
0.01070856 442.9388
0.00795458 526.859
0.005728961 506.8077
0.005811552 480.1818
0.01530807 422.292
0.02770779 458.4762
0.02111006 474.1176
0.01674846 500.0369
0.0170811 558.5925
0.009819599 558.9767
0.001690957 591.8717
0.002010611 552.624
0.007418234 502.3889
0.008356276 516.0726
0.005700693 502.7528
0.005012662 609.2033
0.01039201 639.4741
0.008672041 823.5155
0.006469553 821.6256
0.002637701 878.7183
0.005532941 974.6159
0.01055699 994.2726
0.003253023 1043.538
0.003509182 1043.315
0.01046977 1253.682
0.002987169 1206.253
0.0108857 1075.237
0.01599387 1166.468
0.03338642 1104.59
0.01793496 1158.856
0.01290102 1190.865
0.008530669 979.1154
0.004428003 955.0844
0.01119206 927.8765
0.02841918 821.815
0.01705026 709.5256
0.01136265 709.049
0.016298 647.5391
0.009307075 620.0565
0.005617992 507.5601
0.01385906 556.0708
0.01835971 613.3951
0.009518019 714.9612
0.005774374 648.4236
0.003541154 527.0389
0.01227596 560.0613
0.02398873 439.7607
0.02628905 479.8847
0.005336544 448.6741
0.002017749 534.4996
0.003268633 526.0999
0.001079911 544.9974
0.002749461 608.3629
0.01358281 578.2893
0.006825934 492.1896
0.01558292 552.2936
0.025495 505.1754
0.02548378 459.0292
0.02163904 466.9928
0.03069595 441.4612
0.02861935 446.4664
0.02589203 409.4288
0.009786043 399.6228
0.01510145 425.6734
0.02527283 509.4302
0.0341632 429.2171
0.03098502 364.941
0.03044236 334.9039
0.0349008 374.2694
0.04717915 404.0945
0.03228014 299.3444
0.0244652 318.3453
0.02245986 297.9174
0.02022687 246.6902
0.04767039 213.7217
0.04471906 192.1394
0.04389849 235.2009
0.02979544 208.9396
0.02851593 280.6472
0.01026295 270.7431
0.01129621 325.7254
0.02462396 357.9243
0.04441737 332.0062
0.02616937 320.0023
0.02298588 333.8001
0.02166119 408.6053
0.02735806 337.4138
0.02022741 319.0937
0.01848047 369.957
0.04355177 346.8389
0.02512134 415.7095
0.02162654 469.2827
0.01669103 424.1861
0.01738365 429.2237
0.03426534 518.5244
0.03475446 508.8319
0.03118296 526.1961
0.01612904 514.7412
0.01915639 507.7621
0.0169709 432.433
0.003737219 440.8112
0.02007095 408.0526
0.04625861 451.4056
0.02891874 457.3667
0.01628678 468.0881
0.009166784 550.1752
0.0255512 557.4032
0.01098687 570.9733
0.03277648 668.4422
0.04067484 653.0778
0.02724357 637.7407
0.03157301 569.666
0.01216303 542.4137
0.005097123 607.5677
0.01289048 574.0613
0.01794374 551.9873
0.01065875 608.9086
0.01085267 627.1596
0.02272658 779.5037
0.01824773 610.7187
0.01284566 598.8812
0.008021668 528.8491
0.0009303586 562.6242
0.0006864732 539.5733
0.001471055 519.2408
0.003639473 515.7768
0.01488373 457.9761
0.002178394 469.1065
0.001633271 453.0514
0.01011499 420.0972
0.01068021 361.5283
0.005805763 358.5252
0.01167914 381.2213
0.007571541 500.6882
0.007231892 585.0226
0.005885899 589.2681
0.01122289 507.0643
0.01578483 453.4627
0.01080478 410.9072
0.02253513 459.9901
0.02859166 438.2718
0.01633875 432.5672
0.009958819 444.3686
0.02059743 375.5447
0.007683235 367.0999
0.00561802 366.7718
0.001261946 366.9106
0.007530223 415.4739
0.008234884 392.4621
0.01603149 409.9802
0.00699862 423.7242
0.005609887 336.9329
0.01125638 355.5942
0.02322107 310.4454
0.02346169 406.8664
0.02812899 358.7733
0.02964851 372.8666
0.02778846 303.2965
0.02316753 344.664
0.03490821 344.4191
0.0229635 368.1636
0.04301453 396.3884
0.03789577 411.2351
0.02533903 456.3705
0.0356951 519.2907
0.03384339 578.776
0.02122005 636.9044
0.01435648 600.3458
0.006396177 539.2866
0.0006484517 491.6349
0.01036563 520.0957
0.01385916 486.5355
0.003027627 445.9901
0.003758584 374.9853
0.002221126 310.002
0.008596013 295.3758
0.008185528 288.6631
0.007192965 363.2022
0.01412262 377.468
0.03074415 378.4421
0.03631368 381.9514
0.03218976 458.616
0.02297765 483.6055
0.02521041 485.021
0.02859451 458.98
0.0470513 416.3522
0.03390584 344.4079
0.02288422 361.607
0.03911591 359.4784
0.03349484 447.9447
0.02572155 434.1572
0.02875006 501.3624
0.01849746 473.461
0.009914445 482.4636
0.0138488 423.5457
0.02177085 498.8197
0.03014076 524.0075
0.03168932 451.3505
0.02531356 497.6909
0.01717537 450.3539
0.01432227 495.9341
0.006529118 465.1646
0.008190483 453.764
0.007833887 439.5844
0.001821803 411.6705
0.00311733 424.1541
0.001463353 437.9978
0.001778218 589.016
0.009380185 533.013
0.0005160774 486.5838
0.002757971 525.3558
0.0006376139 471.3246
0.0147908 504.6875
0.003532941 587.1724
0.007895718 544.3603
0.005762928 549.829
0.01162777 481.3177
0.006790495 471.4444
0.02269403 428.011
0.01312062 440.198
0.00201134 388.9024
0.01021778 514.0803
0.006736952 596.9338
0.01351491 637.9682
0.02079987 718.6371
0.02060628 654.9658
0.03549859 626.8344
0.05536414 635.7621
0.05953304 661.5845
0.04352243 727.5753
0.04010519 711.4345
0.02655626 733.7104
0.0226578 668.8683
0.01781579 671.5505
0.01516896 674.9558
0.03072546 674.1414
0.02585544 650.1757
0.03890637 595.9548
0.01731059 565.1494
0.0247307 496.4772
0.01332793 444.745
0.009071057 369.5058
0.002250812 325.4257
0.001799011 360.3478
0.003368222 386.1653
0.006170266 355.2799
0.007520982 388.5244
0.005233556 356.6472
0.006787599 391.065
0.005715915 418.3496
0.01470196 394.9045
0.01640927 384.1696
0.01660699 451.3764
0.02011796 376.8191
0.01104666 338.0096
0.008046687 365.6586
0.01914129 317.5515
0.04670169 385.0787
0.03263411 380.4766
0.04820102 319.3605
0.0406464 339.1408
0.03254794 296.1373
0.04677247 298.3426
0.05080487 268.2595
0.04886113 302.716
0.03579945 368.4375
0.03867181 379.014
0.05289051 315.6251
0.05509475 258.11
0.03687804 313.5853
0.03948053 312.004
0.0148177 297.5958
0.03143779 292.6632
0.02303036 282.6312
0.02879346 302.0158
0.0416638 319.6958
0.03476464 331.0568
0.03734857 386.8273
0.0323051 347.071
0.01916925 314.0595
0.00783687 335.1458
0.01155418 287.4573
0.01627892 273.0382
0.0175148 250.3225
0.03020962 269.0516
0.009794181 279.4477
0.01972989 312.822
0.02624949 251.4143
0.03120184 240.3309
0.05462025 266.8318
0.05358501 273.0433
0.06788822 263.9612
0.04202246 256.6528
0.05649213 230.4542
0.05131413 255.8277
0.04076406 287.1899
0.02085901 258.5007
0.02176687 265.7452
0.02387933 261.6645
0.01891211 277.1137
0.01019737 258.407
0.009148988 255.3786
0.009751958 241.5403
0.006663508 253.9965
0.01021646 242.7259
0.007095729 200.1987
0.01263215 200.7353
0.01945784 176.1666
0.01218883 162.458
0.01019668 182.1284
0.01205045 164.4843
0.01096164 188.6257
0.01322802 191.8527
0.008058145 194.2648
0.01648421 180.2028
0.0253429 192.4047
0.02579542 211.3668
0.0279254 207.0367
0.03578381 240.1224
0.02821677 242.7412
0.02465961 291.8344
0.04279822 285.4703
0.05834143 305.7349
0.06889948 300.0631
0.02539588 328.6606
0.0750412 331.3674
0.07167327 340.6241
0.1182179 336.7595
0.1256897 388.719
0.1269025 367.7258
0.1370552 374.3766
0.1061289 358.6145
0.1257509 303.4523
0.1330002 307.3292
0.1532343 273.5055
0.1119152 265.5628
0.1292622 220.5997
0.09665694 193.0691
0.1161434 206.6227
0.128085 216.2272
0.1082434 217.718
0.08645586 191.4236
0.07052506 188.2108
0.05768289 217.8879
0.05771378 230.9554
0.05793118 215.8874
0.05601205 245.4451
0.05153558 224.8948
0.05015787 205.718
0.07478641 187.8552
0.0368737 181.3842
0.02305834 173.9283
0.0200039 183.1699
0.02248443 230.573
0.02448043 220.3938
0.03325338 194.0311
0.04106439 184.9872
0.04478036 171.5726
0.03194931 171.4572
0.02628777 200.2255
0.02855446 233.7058
0.01479962 212.6858
0.0158841 203.1477
0.013553 233.1643
0.03789251 248.7154
0.06022962 201.3194
0.06138544 209.7402
0.06153332 193.4178
0.04534238 164.1874
0.03321008 187.4389
0.03069563 200.7562
0.01450875 198.9391
0.02925092 204.5687
0.005336413 194.2247
0.02758961 178.5163
0.01412778 182.8102
0.02308025 152.401
0.03105935 148.3557
0.03570594 168.7144
0.0192589 177.1088
0.01128976 203.0214
0.01426608 196.8245
0.01291586 203.2273
0.01661736 168.6993
0.006459337 160.7012
0.002428772 170.8407
0.001889155 184.7709
0.01014413 209.7957
0.005777119 217.9194
0.009683946 261.3104
0.01605983 263.4661
0.05497669 242.1236
0.03909948 235.4119
0.05083608 216.8123
0.03734832 212.3115
0.03579648 193.224
0.03142354 187.2608
0.03367504 167.0265
0.06487481 160.1993
0.05906808 143.6356
0.07439486 131.1337
0.05730834 149.643
0.07934594 139.2784
0.08992578 122.305
0.1300189 123.7467
0.08928936 142.0929
0.08695769 150.6076
0.0561158 140.7654
0.03804088 147.6769
0.03303298 148.4664
0.02001538 161.0148
0.02216603 164.7072
0.02682482 169.9395
0.03859895 183.5869
0.03832703 211.0761
0.0193472 291.7803
0.005458805 275.0148
0.007598569 260.6
0.005402679 249.0402
0.001377953 224.1261
0.01368528 188.8844
0.004095447 219.1412
0.008325417 210.1689
0.00410192 220.3009
0.008072772 219.2905
0.01866103 190.8129
0.0191226 203.9699
0.02129353 216.093
0.01261389 233.5362
0.01401852 235.3242
0.01469078 194.9627
0.01713536 210.3025
0.006797684 213.6202
0.004119541 208.2068
0.04328317 240.5637
0.03865006 268.6916
0.07242 270.0357
0.07551135 232.0657
0.07390395 215.9449
0.05871878 202.7067
0.03894654 187.2674
0.03982521 197.8906
0.04970962 198.3768
0.04901138 198.2677
0.05473763 176.7359
0.07869644 176.1808
0.1012777 183.5974
0.1065549 177.6579
0.07812029 204.9546
0.09200827 186.0238
0.04909272 188.1268
0.08323678 170.7878
0.07423525 211.0099
0.04600082 182.3109
0.02386857 193.4454
0.03724375 170.1202
0.0409734 157.2221
0.04886702 141.2221
0.06103226 152.6002
0.04635068 194.5556
0.05797319 224.2694
0.04034971 214.9335
0.02911946 212.453
0.04020674 223.7072
0.06139726 252.2329
0.05719197 235.8205
0.05735026 212.2663
0.03533031 245.0245
0.04123426 307.5903
0.03184603 312.6693
0.02676913 284.1436
0.01902785 277.2854
0.02317416 277.7775
0.02898026 259.9867
0.01560716 267.7679
0.02142459 267.7937
0.03024129 243.6549
0.03041124 254.6592
0.01775749 242.2462
0.002968147 248.8039
0.005694753 221.7157
0.008157086 268.974
0.01389525 250.915
0.01297234 281.6255
0.009741811 261.8601
0.01186501 202.8951
0.01133444 175.0619
0.0339643 161.478
0.03469668 159.6482
0.01836378 134.3692
0.009470281 130.8046
0.01161668 152.3439
0.01313069 131.7129
0.02558241 133.4202
0.0146583 147.4017
0.01985128 124.0234
0.02273265 119.3024
0.01549671 132.2596
0.009927157 121.1677
0.02357057 111.609
0.02123894 122.8494
0.01865473 118.8862
0.02994304 99.19856
0.01355863 90.06037
0.02631332 92.22955
0.03501468 108.0329
0.02611582 121.1062
0.01689578 132.5233
0.01799439 153.2508
0.03048386 147.6687
0.03411001 147.8103
0.03612294 143.7187
0.03887197 157.8255
0.0360418 133.2084
0.01598667 125.3268
0.008988589 126.7462
0.02270303 124.7393
0.02310774 125.0417
0.02186065 162.2192
0.009469645 162.8309
0.01448212 131.7956
0.02549291 140.1652
0.004654097 127.1994
0.0005443564 118.2154
0.01212731 120.0197
0.01500356 141.3787
0.00634041 143.8584
0.001387837 144.305
0.003093183 152.997
0.006907747 128.7874
0.009244603 98.95584
0.00338802 98.24476
0.002136468 108.4412
0.01624076 136.9788
0.01863917 135.5992
0.021908 121.5839
0.03267759 124.4084
0.04720995 134.7357
0.01810169 124.5425
0.01596026 134.0252
0.01632389 143.5676
0.02459948 153.6856
0.02775621 167.3013
0.01965371 162.8259
0.01950113 188.5547
0.0205011 195.1781
0.01336333 203.0419
0.02350723 191.4634
0.05182998 160.0769
0.04629243 156.6791
0.04692659 144.2477
0.0685721 191.9982
0.04083658 188.2869
0.04048606 201.1896
0.06044559 210.0196
0.04521606 223.5862
0.05223021 220.1596
0.04999809 251.8104
0.05825933 252.2353
0.06496163 285.4675
0.0639005 266.5477
0.0968983 298.643
0.07651687 323.8848
0.07484342 318.3409
0.05324401 322.5665
0.03422398 390.508
0.02706618 428.3593
0.0333767 441.8028
0.03347868 432.9568
0.01280683 487.3292
0.02161243 482.3779
0.03052907 507.954
0.0359087 544.3361
0.0226607 538.0908
0.0481905 445.2402
0.02850201 398.3966
0.03008128 384.4971
0.00749323 377.0861
0.007991873 374.3041
0.015056 390.4867
0.004817461 401.5599
0.006257868 382.0603
0.009265428 411.5424
0.008741644 383.8934
0.002609129 373.6145
0.009447 324.6333
0.0154346 341.5293
0.01338839 360.7393
0.007661894 288.0118
0.01009306 282.2184
0.005047024 320.2636
0.01453626 379.9986
0.01905663 373.6904
0.02405332 369.8361
0.01449028 311.1977
0.02494402 335.1529
0.03444184 314.994
0.02581202 366.8768
0.03711974 368.5641
0.01961567 370.1376
0.04463023 373.8963
0.0218036 452.7041
0.01423462 459.2537
0.03031411 478.9669
0.038563 419.2165
0.02010151 377.3433
0.03728979 354.5638
0.02433305 357.3761
0.03491195 377.3546
0.04476308 349.0638
0.02767957 322.7511
0.01320962 360.9342
0.006330097 397.8023
0.007557574 355.8968
0.009916985 390.9215
0.02600135 459.7749
0.03206722 450.6688
0.01703065 449.6399
0.01773928 520.5688
0.02516519 543.1102
0.02388991 628.0882
0.02999109 528.2258
0.03055625 473.4059
0.02632296 497.8156
0.04451517 431.5068
0.03430082 435.4298
0.03194756 420.4324
0.01463267 438.0021
0.01461863 478.9059
0.01242487 499.4998
0.01218981 678.6664
0.02048326 663.9927
0.004458378 699.8872
0.003419309 792.5011
0.01389932 711.0667
0.00843951 602.0963
0.007973609 712.7751
0.0146073 803.3571
0.01934523 831.9482
0.03090696 749.7234
0.02676181 544.5899
0.01621628 422.0662
0.008742131 571.4491
0.01005641 609.4679
0.01584095 616.9318
0.007984256 654.7558
0.002202719 618.6671
0.003812869 579.3447
0.001460959 516.8228
0.004048204 575.0706
0.004894059 612.8979
0.01115863 506.3005
0.02232552 521.5463
0.01711316 544.6686
0.01015855 481.4691
0.008482818 515.7239
0.009268456 563.5314
0.002302053 581.1638
0.008207907 568.6205
0.006230051 512.2022
0.01178915 535.6467
0.004276749 522.4534
0.004024396 511.9924
0.002432403 602.366
0.0108229 586.5532
0.01950585 590.9536
0.01470572 584.2083
0.01778488 577.4995
0.01048811 601.2097
0.00592143 704.7799
0.009958648 682.3642
0.007363985 565.9265
0.004078092 676.1902
0.004636682 658.7729
0.006707601 681.826
0.01104929 674.3563
0.01122661 521.1345
0.01962977 548.0997
0.01778998 544.4708
0.01217128 520.0443
0.01172899 545.2762
0.01624659 573.8954
0.03009481 525.0585
0.05362373 475.0455
0.04804865 470.7299
0.07591475 418.1488
0.07342557 370.1422
0.0564804 307.5853
0.05272642 329.5092
0.03781625 353.8453
0.04117318 305.3545
0.02199203 330.6817
0.01767275 289.2772
0.01062663 350.1649
0.01341534 406.6474
0.01489346 418.0275
0.0275036 361.8884
0.04863581 333.4388
0.07165127 305.5507
0.04045017 334.5312
0.01940923 376.0433
0.01702054 391.2855
0.005022215 408.4684
0.003297247 396.839
0.0121903 426.892
0.00945035 349.4799
0.009246707 369.3358
0.008653559 400.0438
0.009033881 351.7625
0.003635213 451.8882
0.004414048 444.6912
0.002109999 444.7246
0.002805883 427.7394
0.01309299 469.5444
0.02505199 512.2272
0.02048928 438.6657
0.01187713 398.8938
0.01902824 330.8736
0.01734414 406.4871
0.01593064 448.1208
0.02692165 394.7932
0.04337819 386.0513
0.04569521 378.0433
0.06389083 407.7415
0.04364501 422.2077
0.02105341 424.6957
0.01441683 510.2587
0.01883323 715.5182
0.02804201 749.7795
0.04055605 646.9801
0.0440131 742.3277
0.01928026 668.9978
0.02001226 637.9688
0.01025987 622.6209
0.02295442 637.7487
0.03620622 529.3865
0.05152378 563.2898
0.04104609 439.6711
0.04942737 384.8171
0.03825814 372.5434
0.03267729 389.1167
0.02210145 332.7291
0.01514243 374.7261
0.007029877 388.9941
0.008909675 384.7721
0.008404499 385.7335
0.01927735 371.4845
0.01122238 335.2073
0.006868221 317.4018
0.02549216 302.3673
0.05829867 286.6933
0.06109995 239.6474
0.07007053 245.2341
0.1003435 255.0384
0.1033171 243.0152
0.1029297 249.307
0.08405689 254.7869
0.0787318 235.7385
0.07699573 234.5906
0.07913049 189.1293
0.06793156 181.6331
0.07287958 156.7436
0.06691451 185.5172
0.07590542 183.2707
0.100567 176.5764
0.0917907 138.2251
0.08092107 154.3318
0.08481103 167.3525
0.0859133 190.3881
0.09209076 189.8103
0.1286004 181.6983
0.09164342 207.522
0.05522658 218.6182
0.0477695 202.5603
0.03970408 207.1113
0.05517152 184.5725
0.03834561 171.4767
0.03030432 188.5448
0.01660832 210.2049
0.02901914 215.1248
0.01320707 247.1347
0.01912268 281.0616
0.03288822 307.1424
0.02182581 349.0981
0.0666725 403.7212
0.06613741 369.4961
0.05218939 377.0018
0.05264053 321.0984
0.05498966 330.8965
0.03455164 349.5583
0.04808664 367.8105
0.01939167 327.1907
0.0305434 333.955
0.03597497 330.8863
0.0201215 374.5802
0.003122166 406.7776
0.005536765 408.5879
0.01429913 413.6892
0.008035357 406.5435
0.004844781 431.1208
0.01013475 449.9392
0.009189101 503.0613
0.002598236 479.4309
0.001869246 499.8486
0.01260514 481.0541
0.007197257 601.9726
0.01620415 658.5365
0.01974083 688.2026
0.02277058 732.7465
0.0296039 812.0847
0.01843247 790.5601
0.01225549 676.3029
0.01592399 517.9879
0.005283488 517.7458
0.003376569 406.1675
0.002939148 370.7628
0.004630071 378.8894
0.008413456 405.2128
0.005877687 423.5066
0.004535267 503.5397
0.008309327 501.935
0.02119206 580.4645
0.02603444 559.9804
0.007192109 590.3066
0.02603379 572.055
0.02822098 560.896
0.01257806 678.8753
0.01805605 688.1253
0.0007941853 765.2476
0.01681704 747.2696
0.0190941 655.031
0.02352126 683.221
0.02045388 786.0724
0.01023842 656.9749
0.01400499 571.9236
0.01179228 509.2229
0.02057513 479.7637
0.02321351 454.9687
0.0380722 406.0185
0.03392237 386.5809
0.02899173 337.6871
0.01608707 320.8644
0.008207539 275.6445
0.001249814 259.4352
0.002538043 276.0122
0.006101518 278.4667
0.008595912 262.6532
0.009649181 222.3595
0.004268907 242.2553
0.0002865534 251.8694
0.007415671 265.1659
0.01451867 263.4457
0.02214592 234.8115
0.03014943 253.3758
0.01435321 264.2855
0.02360698 212.4413
0.02221642 223.8418
0.02467993 248.5159
0.05257718 249.9092
0.04626297 219.1613
0.04252101 197.8085
0.02102452 208.508
0.02289966 235.7668
0.02548062 244.4214
0.02126677 249.5694
0.01059614 243.8901
0.01450258 280.9197
0.00849782 336.3671
0.00209987 312.71
0.006052107 281.0719
0.007551925 266.8104
0.008410329 237.4425
0.007253736 238.5711
0.02015357 245.7358
0.01207364 308.8755
0.01462224 324.5014
0.01860086 277.9083
0.01317701 350.6528
0.02034252 297.0596
0.02707573 297.1061
0.01483532 335.9338
0.005871559 378.2582
0.006478345 411.7926
0.005731095 368.0443
0.01115078 444.2389
0.01107551 441.7824
0.00519916 354.893
0.01178701 351.2356
0.01684063 447.8908
0.03140752 386.6033
0.04770431 381.8911
0.03586905 399.4343
0.03787723 375.509
0.04775446 358.9632
0.01957743 384.4876
0.02120649 373.6513
0.03362988 313.0747
0.04738738 288.9075
0.04411531 311.5636
0.05474637 315.5879
0.03534027 343.6352
0.02248522 297.0284
0.02822608 228.2951
0.02777187 263.2775
0.03805581 283.9514
0.07291428 278.5921
0.05095844 265.4261
0.04988924 270.7441
0.03326412 231.7657
0.02529622 205.9379
0.01549671 206.9215
0.03091221 241.4537
0.01127216 251.7066
0.02502839 181.5568
0.006227164 177.917
0.001926571 177.1612
0.001831985 158.4016
0.005085059 185.2541
0.009098804 185.9734
0.009115442 205.3592
0.002320623 195.5811
0.02340032 218.171
0.01195892 271.3569
0.02363892 229.02
0.03321108 267.7685
0.02597155 277.5317
0.03308225 287.3672
0.04688617 275.5792
0.03103993 234.513
0.01930566 224.7366
0.0145221 273.5139
0.007852697 242.6301
0.004640366 223.0134
0.01505993 227.6915
0.02167023 256.1931
0.02267024 258.1957
0.03646912 227.7688
0.03991184 235.6392
0.06196845 235.3564
0.08432378 276.6417
0.07122682 244.6627
0.05948978 260.12
0.0495204 304.1283
0.05195489 298.9388
0.0175905 335.8857
0.02608882 294.3963
0.00882278 255.0721
0.01763869 279.8621
0.0223293 293.3239
0.004778781 317.9277
0.01034706 292.3245
0.01493067 288.4266
0.006486031 312.8692
0.01861151 326.6926
0.0175809 310.1976
0.02203266 319.2856
0.02839943 286.1459
0.03144193 322.1308
0.01669446 338.553
0.006087368 381.9767
0.00797534 425.9403
0.00529796 518.4211
0.001992435 513.7058
0.007303034 539.3778
0.01103574 508.89
0.006009922 509.157
0.01675592 566.1801
0.02074177 580.8194
0.009089755 571.3455
0.01777167 614.1811
0.005040289 545.9886
0.0100354 513.5355
0.008110681 573.8694
0.01002725 596.7222
0.006886408 580.4895
0.005441583 659.7383
0.005138161 630.8666
0.009942023 655.0967
0.01062267 601.3709
0.002051832 513.182
0.008847222 473.9955
0.001782518 566.0814
0.00432277 524.0831
0.01119563 509.6041
0.01227452 503.0702
0.02872323 576.0134
0.02659132 518.7779
0.02243465 531.6579
0.02478626 429.6858
0.04003882 338.7527
0.02140195 327.4064
0.04373469 335.0115
0.03825964 382.4964
0.06283982 372.7427
0.0889687 326.0428
0.06912923 298.603
0.08134602 274.2235
0.07616102 278.9239
0.03425426 290.4085
0.06640276 306.7686
0.05074927 305.7975
0.038515 302.5087
0.03024838 296.3721
0.03046819 300.9932
0.04325453 278.7439
0.06550114 257.5839
0.04383515 283.3693
0.03847008 242.1794
0.04080728 235.3927
0.02428861 254.2186
0.0206465 251.5076
0.01229239 264.8135
0.02805372 249.8353
0.0109327 264.8263
0.006743857 271.4731
0.01629304 234.8193
0.02261616 255.6633
0.01385985 242.8852
0.01660473 228.1655
0.02025597 245.7812
0.02982997 249.381
0.06930151 256.4282
0.06323264 212.7711
0.06170558 206.3444
0.0768916 185.7596
0.09615595 202.4275
0.08658113 212.8983
0.05749874 235.6292
0.06439708 288.9361
0.05345916 289.5167
0.04116936 232.732
0.03451889 236.1388
0.05645235 230.0536
0.07109305 249.81
0.07274961 212.7533
0.1128158 220.471
0.1130692 200.094
0.09885964 187.5752
0.06954258 165.3663
0.04274173 169.4822
0.04251935 213.92
0.04514275 222.4466
0.06191125 227.0809
0.05291503 250.9668
0.04324243 247.2983
0.05592715 251.8404
0.04161223 222.2545
0.04829042 186.5838
0.06926108 168.3954
0.08714321 181.0578
0.08995536 215.2604
0.07086189 186.0259
0.06566365 167.6884
0.02803588 177.8094
0.03045465 179.3737
0.02422609 159.2715
0.02658634 162.7521
0.02792327 189.9959
0.01462348 210.6608
0.02390462 218.6856
0.01128043 219.9198
0.02059735 228.5652
0.0228166 234.3756
0.03041342 245.1551
0.03359675 221.4194
0.06142176 171.8259
0.04760694 151.1904
0.09070786 161.3208
0.08138827 160.1535
0.08420926 150.1082
0.08873495 143.5375
0.08628234 160.6002
0.1115307 172.1073
0.1095472 196.8181
0.1301508 199.9997
0.1015494 188.282
0.1283678 150.6118
0.1276026 135.914
0.1360583 129.3589
0.1369801 110.5698
0.1167294 109.8553
0.09372818 89.96254
0.09406925 79.21541
0.09721869 83.38941
0.113209 101.7144
0.08735807 114.4
0.04237944 131.68
0.0499876 139.7973
0.03846118 144.3872
0.04100152 118.226
0.06501586 95.25645
0.1127313 101.3793
0.09920767 125.8497
0.09902773 123.8047
0.1049413 131.6593
0.06240377 122.2575
0.04096894 119.1966
0.03422052 110.8904
0.03588257 132.9767
0.01578622 141.66
0.006633526 130.4292
0.009621208 122.7381
0.004481139 118.9426
0.01133348 112.9671
0.03145845 128.8107
0.05569292 132.9059
0.05517602 136.3026
0.04263307 144.1497
0.03283002 135.499
0.00992005 159.9938
0.01446648 185.783
0.01951452 167.8993
0.05104604 194.6095
0.03067276 248.8332
0.03216604 238.9643
0.03227411 231.423
0.03696571 264.0712
0.01072679 310.2827
0.02636993 264.2141
0.05891132 275.7922
0.08405955 277.0327
0.06573276 333.2787
0.06943912 328.3553
0.08204868 326.7738
0.06045497 356.9713
0.05031542 378.9918
0.04648687 368.1029
0.06225932 295.5041
0.05489014 288.167
0.0596774 249.694
0.04699791 239.5158
0.02600558 277.5412
0.0342379 309.2599
0.04477042 263.1993
0.07148793 241.9792
0.04265064 261.9078
0.03741217 262.9327
0.06470419 251.989
0.0438737 229.7175
0.01723184 182.9916
0.02171961 188.0296
0.02497411 193.216
0.03588821 173.1722
0.06250242 207.4819
0.05338984 212.4595
0.04667504 213.9677
0.04078766 203.4636
0.04162319 212.0818
0.04434335 210.077
0.04230684 213.4464
0.03817234 215.8153
0.04581154 236.176
0.03199114 236.6113
0.03789468 228.2756
0.01676815 210.5201
0.02553501 200.6465
0.03045592 217.6394
0.04718901 244.1371
0.02235539 231.6975
0.02616423 235.2858
0.02867122 217.8096
0.03108442 211.9283
0.02778027 187.2033
0.00880381 202.3172
0.01298562 231.8268
0.007697031 254.8742
0.006658743 213.1942
0.02721798 205.5317
0.01769128 192.4801
0.03992739 170.6699
0.03710328 169.2042
0.01984783 189.5537
0.00991504 220.8607
0.02276415 226.9333
0.02095462 206.0473
0.02499463 214.2935
0.02212342 265.4334
0.02113176 240.277
0.02194486 252.5122
0.0241985 283.0678
0.02919481 253.665
0.02987563 248.5494
0.03860678 257.0178
0.04226732 271.5801
0.06412363 261.9886
0.06735121 259.1258
0.06218659 256.0334
0.05636358 225.9947
0.06720233 257.9632
0.04858809 208.8095
0.05175678 210.2081
0.04728512 165.7024
0.04859472 168.0686
0.04960743 167.5982
0.05787752 139.3317
0.04176715 151.6881
0.02342031 142.3452
0.01082046 158.8822
0.00206723 162.2085
0.005259475 179.7898
0.01922709 184.0312
0.006519885 193.9051
0.009976692 222.577
0.005151213 235.3494
0.01165302 220.991
0.0198027 199.5407
0.009232405 247.141
0.0375164 253.7951
0.0122387 310.1788
0.007831307 289.7318
0.001305934 268.6199
0.001914668 252.3222
0.01105356 243.2347
0.01366244 255.2682
0.01857299 261.6812
0.02649643 247.891
0.03987756 261.9974
0.03588885 258.4361
0.02907528 264.4051
0.02748532 274.6645
0.03831926 247.795
0.04095863 207.962
0.05504507 181.8437
0.0607671 172.5567
0.1128839 176.2214
0.1003062 179.2816
0.1064932 147.7804
0.06090277 135.6909
0.03579586 145.5834
0.03006275 141.6786
0.03989862 165.2494
0.04318766 162.8353
0.04215309 187.0972
0.02580677 195.5693
0.03491847 177.6973
0.02480024 180.6235
0.01146863 204.8962
0.01689177 230.7035
0.01984398 242.3523
0.02662696 241.3904
0.03723856 274.6432
0.02068114 253.6252
0.005931841 266.7155
0.002469378 251.7722
0.003739366 272.5601
0.01102149 308.0058
0.01979963 335.8365
0.01108646 356.3535
0.02478991 320.3827
0.02255794 397.475
0.03095139 403.6967
0.02320727 407.6521
0.0134072 390.7797
0.02342639 428.1444
0.02181187 386.2276
0.02017077 449.0404
0.03408968 422.4059
0.02226467 438.1734
0.01096692 476.678
0.009926787 405.7151
0.006261056 375.0382
0.01346771 395.7835
0.02171225 354.6185
0.008252227 349.8556
0.009933962 294.2757
0.03028702 299.4136
0.06712103 335.1659
0.08860635 324.6473
0.06964712 337.9084
0.03284603 358.4578
0.02265684 299.5217
0.01352014 329.4791
0.00959366 310.5772
0.009552562 350.8156
0.004650021 481.9681
0.007722909 580.3337
0.006136351 559.3783
0.01026702 534.398
0.01178067 557.41
0.005578056 479.3852
0.02002372 465.9325
0.01688435 579.1867
0.009099375 550.0787
0.007958675 613.058
0.01381537 526.0566
0.01229538 474.1549
0.02347965 448.6143
0.0267365 432.4894
0.04085731 513.7361
0.02584393 485.5782
0.03920011 466.8899
0.03976792 441.667
0.03572635 376.3757
0.02248639 422.3277
0.006090139 432.5164
0.01682127 392.1262
0.02115094 449.2962
0.01340601 433.8556
0.01791188 433.5456
0.04191636 460.2446
0.0402942 414.1168
0.03584533 370.3107
0.04913444 344.7134
0.05788593 328.4278
0.04788465 254.1053
0.05699324 224.2874
0.04852957 213.5349
0.03563313 242.6148
0.0228434 248.2426
0.04656133 279.1045
0.05844678 266.2973
0.03685585 220.0632
0.03595549 255.7647
0.02219102 259.3418
0.02943125 252.2195
0.01952139 235.5281
0.03229834 223.8812
0.0109862 190.9676
0.004871664 202.0506
0.003838625 207.5159
0.005423144 190.905
0.01149469 225.1886
0.01831219 164.4675
0.01477653 194.822
0.01673591 222.2734
0.01400805 203.3704
0.01672681 219.148
0.02779752 242.5519
0.08249033 230.7536
0.05948984 255.6549
0.03888225 263.4486
0.03582937 266.0803
0.0388282 323.7907
0.0338387 303.5444
0.02382921 298.7341
0.01154036 285.3238
0.02356584 300.1427
0.0483402 262.3526
0.04268455 216.2469
0.03771838 233.9966
0.05889804 232.2012
0.03739918 199.9651
0.02976236 175.3803
0.03345458 174.3492
0.02799535 154.3114
0.02550332 212.0098
0.01134616 166.3676
0.01054827 156.7641
0.01014719 146.8173
0.004335977 137.8785
0.01832115 135.7824
0.02051219 129.8668
0.02280368 125.7226
0.03953321 120.5548
0.06916317 136.1962
0.04713243 151.785
0.04858846 155.8175
0.01668954 168.4553
0.008564486 174.8447
0.01007011 165.7633
0.005981339 164.1972
0.002583696 198.0355
0.009748409 208.084
0.02109272 232.5346
0.02094323 223.7408
0.01604132 231.685
0.01628406 241.8421
0.01560585 288.5968
0.02787736 211.4733
0.01951707 172.0185
0.0252295 151.7135
0.02059445 155.0208
0.02182022 136.52
0.02550917 134.3657
0.03491553 124.5595
0.08140251 145.0407
0.06485819 156.2946
0.07680579 124.3557
0.08670587 136.8359
0.1252806 137.0341
0.1297901 142.7197
0.1923412 138.2508
0.1420229 157.8538
0.1550878 170.2685
0.1751421 172.087
0.1658955 178.7681
0.1471089 212.9662
0.1001333 217.5915
0.0871261 207.3319
0.09379624 203.7928
0.08391991 249.982
0.06345449 226.1756
0.08908797 245.8204
0.0548717 234.0407
0.05525035 258.5941
0.05760932 296.5006
0.06758369 301.549
0.07195995 271.4087
0.033908 263.8227
0.05521767 284.3787
0.06213659 265.148
0.06462739 339.264
0.03508112 354.1181
0.02630024 400.403
0.01513136 356.7949
0.01326214 408.9013
0.02110265 384.1515
0.0159077 385.1442
0.04383375 410.2574
0.03139593 336.9045
0.02263675 376.1365
0.04336064 339.7165
0.02254323 354.8622
0.01025357 360.4523
0.0006315196 316.8181
0.001333647 337.5892
0.01170451 322.713
0.01110724 336.0746
0.03277199 397.3818
0.03568205 373.9609
0.02794158 331.1443
0.05803253 313.7793
0.03503564 289.1486
0.05853073 293.4545
0.0574153 324.1087
0.04757539 311.4329
0.03399899 311.6569
0.02316851 330.1256
0.01525002 355.2143
0.0105922 395.0477
0.009337416 374.4008
0.008439148 391.43
0.009237369 386.9306
0.01018503 447.0374
0.02115263 454.4322
0.01589125 427.4915
0.005890491 474.9237
0.007102398 428.9925
0.00216459 557.9502
0.002383143 625.8468
0.004466023 555.7951
0.01198619 618.7438
0.01145935 698.5999
0.01064328 600.8709
0.007499517 551.4855
0.005178801 471.9064
0.006665419 561.3025
0.004890698 609.1482
0.01948287 673.2119
0.02158376 661.871
0.01457323 683.189
0.01072928 726.8195
0.01211293 640.5428
0.009885302 616.7464
0.007523522 724.3813
