trait,n_used,rep,kind,r
Seed_Length,95,0,observed,0.20937691364798944
Seed_Length,95,1,observed,0.0004154699279261473
Seed_Length,95,2,observed,-0.142014096232926
Seed_Length,95,3,observed,0.22184493227428406
Seed_Length,95,4,observed,0.22943526659061386
Seed_Length,95,5,observed,0.2822819861086327
Seed_Length,95,6,observed,0.13761194775406926
Seed_Length,95,7,observed,0.260574958559431
Seed_Length,95,8,observed,0.12729141984001152
Seed_Length,95,9,observed,-0.006529899086308924
Seed_Length,95,10,observed,0.007557964516637816
Seed_Length,95,11,observed,0.053755265368158944
Seed_Length,95,12,observed,0.25520480213856017
Seed_Length,95,13,observed,0.10542346323024107
Seed_Length,95,14,observed,0.01684143800853205
Seed_Length,95,15,observed,0.12421890323008616
Seed_Length,95,16,observed,0.06327547396876547
Seed_Length,95,17,observed,0.003629001279875449
Seed_Length,95,18,observed,0.13031735766566976
Seed_Length,95,19,observed,0.0657121093608461
Seed_Length,95,20,observed,0.226197001841756
Seed_Length,95,21,observed,0.19881558618440925
Seed_Length,95,22,observed,0.10606717040706116
Seed_Length,95,23,observed,0.17692770012651232
Seed_Length,95,24,observed,0.14238964610643853
Seed_Length,95,25,observed,0.14546298092970877
Seed_Length,95,26,observed,0.2033881040470664
Seed_Length,95,27,observed,0.17712861898572854
Seed_Length,95,28,observed,0.21963393978949886
Seed_Length,95,29,observed,0.07937440409919004
Seed_Length,95,30,observed,0.16472649862367159
Seed_Length,95,31,observed,0.0414585061131089
Seed_Length,95,32,observed,0.21999022415074937
Seed_Length,95,33,observed,0.1020359954235278
Seed_Length,95,34,observed,0.038211291784890335
Seed_Length,95,35,observed,0.08241880711358386
Seed_Length,95,36,observed,-0.05650282315210227
Seed_Length,95,37,observed,0.12929641654161356
Seed_Length,95,38,observed,-0.009253647747694667
Seed_Length,95,39,observed,0.041891274673709615
Seed_Length,95,40,observed,0.02941183849061336
Seed_Length,95,41,observed,0.09407968152810088
Seed_Length,95,42,observed,0.13829743403053563
Seed_Length,95,43,observed,-0.005010330619889476
Seed_Length,95,44,observed,0.07022617837562234
Seed_Length,95,45,observed,0.15933296304351413
Seed_Length,95,46,observed,0.017719774629398555
Seed_Length,95,47,observed,0.07246443981428366
Seed_Length,95,48,observed,0.1127090795147043
Seed_Length,95,49,observed,0.15159947425632814
Seed_Length,95,0,permuted_null,-0.09210953196992316
Seed_Length,95,1,permuted_null,-0.08883398270321949
Seed_Length,95,2,permuted_null,0.030531723069003928
Seed_Length,95,3,permuted_null,-0.10547827763606772
Seed_Length,95,4,permuted_null,0.08342621717286547
Seed_Length,95,5,permuted_null,0.036931605833151665
Seed_Length,95,6,permuted_null,0.11754765115946679
Seed_Length,95,7,permuted_null,0.08447853884399104
Seed_Length,95,8,permuted_null,-0.0010810455531397797
Seed_Length,95,9,permuted_null,-0.04762629779447164
Seed_Length,95,10,permuted_null,-0.06531443830912959
Seed_Length,95,11,permuted_null,0.06086989006485488
Seed_Length,95,12,permuted_null,0.13284582870752326
Seed_Length,95,13,permuted_null,-0.004759797160117943
Seed_Length,95,14,permuted_null,-0.01811195052018949
Seed_Length,95,15,permuted_null,0.01969868531752494
Seed_Length,95,16,permuted_null,-0.06696435181199366
Seed_Length,95,17,permuted_null,-0.024858712469245658
Seed_Length,95,18,permuted_null,-0.08241698137097786
Seed_Length,95,19,permuted_null,-0.03833212011038532
Seed_Length,95,20,permuted_null,-0.0070452304707713555
Seed_Length,95,21,permuted_null,0.0565850715210359
Seed_Length,95,22,permuted_null,0.11123644300587134
Seed_Length,95,23,permuted_null,0.08797352613136791
Seed_Length,95,24,permuted_null,0.061688280467049224
Seed_Length,95,25,permuted_null,-0.10206446891462155
Seed_Length,95,26,permuted_null,-0.0015584684864080704
Seed_Length,95,27,permuted_null,0.10627950876219172
Seed_Length,95,28,permuted_null,-0.016751504949506543
Seed_Length,95,29,permuted_null,-0.03359459399689621
Seed_Length,95,30,permuted_null,0.07222985006253949
Seed_Length,95,31,permuted_null,-0.01848857401436154
Seed_Length,95,32,permuted_null,-0.00840943896932679
Seed_Length,95,33,permuted_null,0.02465334902515598
Seed_Length,95,34,permuted_null,-0.045877427437979776
Seed_Length,95,35,permuted_null,-0.0014483382650253632
Seed_Length,95,36,permuted_null,0.07822831579642951
Seed_Length,95,37,permuted_null,0.0030080444267191753
Seed_Length,95,38,permuted_null,-0.08730650545294398
Seed_Length,95,39,permuted_null,0.033470677347926386
Seed_Length,95,40,permuted_null,0.09316011294347024
Seed_Length,95,41,permuted_null,-0.026494878474389257
Seed_Length,95,42,permuted_null,0.12416941615563068
Seed_Length,95,43,permuted_null,0.022740453694969805
Seed_Length,95,44,permuted_null,-0.010169367673345048
Seed_Length,95,45,permuted_null,-0.01388193893949469
Seed_Length,95,46,permuted_null,-0.007552147126008685
Seed_Length,95,47,permuted_null,-0.04591232306379341
Seed_Length,95,48,permuted_null,0.13397673428845158
Seed_Length,95,49,permuted_null,-0.051991272325339
Seed_Length,95,50,permuted_null,-0.0030599322012610855
Seed_Length,95,51,permuted_null,-0.020935908013197585
Seed_Length,95,52,permuted_null,-0.10251699845873638
Seed_Length,95,53,permuted_null,0.0758687178238519
Seed_Length,95,54,permuted_null,-0.07907932588361578
Seed_Length,95,55,permuted_null,0.002908538990733539
Seed_Length,95,56,permuted_null,-0.08512373984441104
Seed_Length,95,57,permuted_null,-0.06239723120799798
Seed_Length,95,58,permuted_null,0.10948097419153184
Seed_Length,95,59,permuted_null,0.06577077283817702
Seed_Length,95,60,permuted_null,-0.040242954629802645
Seed_Length,95,61,permuted_null,0.07210658404498303
Seed_Length,95,62,permuted_null,0.11443598309917001
Seed_Length,95,63,permuted_null,0.1174803224610608
Seed_Length,95,64,permuted_null,-0.049310881063227154
Seed_Length,95,65,permuted_null,-0.032939327359889845
Seed_Length,95,66,permuted_null,-0.027336246150958123
Seed_Length,95,67,permuted_null,-0.09284268003174698
Seed_Length,95,68,permuted_null,-0.0979356931993286
Seed_Length,95,69,permuted_null,-0.11502922299123453
Seed_Length,95,70,permuted_null,0.05342344133580649
Seed_Length,95,71,permuted_null,0.07475898929195338
Seed_Length,95,72,permuted_null,-0.05467432283783419
Seed_Length,95,73,permuted_null,-0.07917308715742959
Seed_Length,95,74,permuted_null,-0.07798158692704286
Seed_Length,95,75,permuted_null,0.05024251661335415
Seed_Length,95,76,permuted_null,0.09924240240048121
Seed_Length,95,77,permuted_null,0.10693894735214599
Seed_Length,95,78,permuted_null,0.020702936203337376
Seed_Length,95,79,permuted_null,0.15089483642162427
Seed_Length,95,80,permuted_null,-0.019084241009819276
Seed_Length,95,81,permuted_null,-0.09732500719008828
Seed_Length,95,82,permuted_null,0.09517132114245738
Seed_Length,95,83,permuted_null,-0.08641984760985229
Seed_Length,95,84,permuted_null,-0.09418859956403104
Seed_Length,95,85,permuted_null,-0.052095322908312175
Seed_Length,95,86,permuted_null,-0.02131484196985407
Seed_Length,95,87,permuted_null,0.06667225537618343
Seed_Length,95,88,permuted_null,0.10591649402422926
Seed_Length,95,89,permuted_null,-0.12036464693531101
Seed_Length,95,90,permuted_null,0.06502462128437754
Seed_Length,95,91,permuted_null,-0.1303037904537519
Seed_Length,95,92,permuted_null,-0.00523309011577848
Seed_Length,95,93,permuted_null,0.11499009492950618
Seed_Length,95,94,permuted_null,0.010609805232772919
Seed_Length,95,95,permuted_null,0.06981204652134838
Seed_Length,95,96,permuted_null,-0.09157645641541093
Seed_Length,95,97,permuted_null,-0.010398806969731531
Seed_Length,95,98,permuted_null,0.03170227236886787
Seed_Length,95,99,permuted_null,0.05376537681837799
Seed_Length,95,100,permuted_null,0.01925385569648576
Seed_Length,95,101,permuted_null,0.009206623503966529
Seed_Length,95,102,permuted_null,-0.10527781265473682
Seed_Length,95,103,permuted_null,0.03314523418602479
Seed_Length,95,104,permuted_null,-0.004955357600612741
Seed_Length,95,105,permuted_null,-0.008087323394359948
Seed_Length,95,106,permuted_null,-0.014971186356834684
Seed_Length,95,107,permuted_null,0.04559208346366135
Seed_Length,95,108,permuted_null,0.05114172593497334
Seed_Length,95,109,permuted_null,-0.051767324214190134
Seed_Length,95,110,permuted_null,0.035879199648874566
Seed_Length,95,111,permuted_null,0.017054269686010332
Seed_Length,95,112,permuted_null,0.018913764024125798
Seed_Length,95,113,permuted_null,0.08104318835745955
Seed_Length,95,114,permuted_null,0.07760472087429887
Seed_Length,95,115,permuted_null,0.05020444605836004
Seed_Length,95,116,permuted_null,0.03388321161886647
Seed_Length,95,117,permuted_null,-0.00867803528999565
Seed_Length,95,118,permuted_null,-0.055408024301344894
Seed_Length,95,119,permuted_null,-0.056330969950465035
Seed_Length,95,120,permuted_null,0.13670967916981597
Seed_Length,95,121,permuted_null,0.03035497305697314
Seed_Length,95,122,permuted_null,-0.14119008607650527
Seed_Length,95,123,permuted_null,-0.0883625635331064
Seed_Length,95,124,permuted_null,-0.10316054247201772
Seed_Length,95,125,permuted_null,0.08264603351539176
Seed_Length,95,126,permuted_null,0.09098628092950178
Seed_Length,95,127,permuted_null,0.05839298905217781
Seed_Length,95,128,permuted_null,-0.10986193595748309
Seed_Length,95,129,permuted_null,-0.035613235118627476
Seed_Length,95,130,permuted_null,-0.004533350167516471
Seed_Length,95,131,permuted_null,0.10811231664922918
Seed_Length,95,132,permuted_null,-0.046089679960923745
Seed_Length,95,133,permuted_null,-0.0818883606812074
Seed_Length,95,134,permuted_null,0.128186600992682
Seed_Length,95,135,permuted_null,0.0017958770758937578
Seed_Length,95,136,permuted_null,0.23708838270518184
Seed_Length,95,137,permuted_null,-0.10983689387971843
Seed_Length,95,138,permuted_null,-0.03326173754521466
Seed_Length,95,139,permuted_null,-0.034166438444930725
Seed_Length,95,140,permuted_null,-0.038696268531265024
Seed_Length,95,141,permuted_null,0.00602267735149771
Seed_Length,95,142,permuted_null,0.03640796842786207
Seed_Length,95,143,permuted_null,-0.09846279113417991
Seed_Length,95,144,permuted_null,0.06615244343093647
Seed_Length,95,145,permuted_null,0.009796964021979528
Seed_Length,95,146,permuted_null,0.12525745128045357
Seed_Length,95,147,permuted_null,0.08735016950459662
Seed_Length,95,148,permuted_null,0.06593363812163082
Seed_Length,95,149,permuted_null,0.03743421961341077
Seed_Length,95,150,permuted_null,-0.038762829811061855
Seed_Length,95,151,permuted_null,-0.006693481990385466
Seed_Length,95,152,permuted_null,-0.15735565487117065
Seed_Length,95,153,permuted_null,0.0733417989912512
Seed_Length,95,154,permuted_null,0.027943795912315873
Seed_Length,95,155,permuted_null,0.15214799548402683
Seed_Length,95,156,permuted_null,0.08981561110291988
Seed_Length,95,157,permuted_null,0.09236591653483764
Seed_Length,95,158,permuted_null,-0.058850268710327
Seed_Length,95,159,permuted_null,-0.05995674017799639
Seed_Length,95,160,permuted_null,-0.1490990545626144
Seed_Length,95,161,permuted_null,0.053406902775658724
Seed_Length,95,162,permuted_null,0.10161699936117122
Seed_Length,95,163,permuted_null,0.1328781019089774
Seed_Length,95,164,permuted_null,-0.05981498705365981
Seed_Length,95,165,permuted_null,-0.014242964767080868
Seed_Length,95,166,permuted_null,0.10093844546680188
Seed_Length,95,167,permuted_null,-0.09497449396955632
Seed_Length,95,168,permuted_null,-0.07033624530224367
Seed_Length,95,169,permuted_null,-0.07659760021383104
Seed_Length,95,170,permuted_null,-0.0687755319698165
Seed_Length,95,171,permuted_null,-0.02549954886165779
Seed_Length,95,172,permuted_null,-0.13090977646725677
Seed_Length,95,173,permuted_null,0.0007359822502136862
Seed_Length,95,174,permuted_null,0.11818343255149613
Seed_Length,95,175,permuted_null,0.03991955992924425
Seed_Length,95,176,permuted_null,-0.06596263887298567
Seed_Length,95,177,permuted_null,0.009439626541935198
Seed_Length,95,178,permuted_null,0.003482270712925596
Seed_Length,95,179,permuted_null,0.048306883792087314
Seed_Length,95,180,permuted_null,0.050853873344029
Seed_Length,95,181,permuted_null,0.007232629242795642
Seed_Length,95,182,permuted_null,-0.122616880439496
Seed_Length,95,183,permuted_null,-0.052756282182941414
Seed_Length,95,184,permuted_null,-0.02068045510991593
Seed_Length,95,185,permuted_null,-0.06739719562345019
Seed_Length,95,186,permuted_null,0.09132569362931472
Seed_Length,95,187,permuted_null,-0.011012339624761086
Seed_Length,95,188,permuted_null,0.12035559515101477
Seed_Length,95,189,permuted_null,0.06604748803243249
Seed_Length,95,190,permuted_null,-0.011005400121048482
Seed_Length,95,191,permuted_null,-0.01834942741692136
Seed_Length,95,192,permuted_null,0.027506519662489806
Seed_Length,95,193,permuted_null,-0.0044999504310093315
Seed_Length,95,194,permuted_null,-0.0696902121304665
Seed_Length,95,195,permuted_null,0.09395377419638874
Seed_Length,95,196,permuted_null,0.03427576979328418
Seed_Length,95,197,permuted_null,-0.08977509254609686
Seed_Length,95,198,permuted_null,-0.055181122329881746
Seed_Length,95,199,permuted_null,0.042641717003174366
Seed_Length,95,200,permuted_null,-0.00017522791451154984
Seed_Length,95,201,permuted_null,-0.053663958535084835
Seed_Length,95,202,permuted_null,-0.007358296209377162
Seed_Length,95,203,permuted_null,-0.0759135583745833
Seed_Length,95,204,permuted_null,0.0509238790358148
Seed_Length,95,205,permuted_null,0.060758658663446444
Seed_Length,95,206,permuted_null,0.11596297716056843
Seed_Length,95,207,permuted_null,-0.04426374301133604
Seed_Length,95,208,permuted_null,0.010956845715565017
Seed_Length,95,209,permuted_null,0.02973893211857448
Seed_Length,95,210,permuted_null,-0.060909718468300886
Seed_Length,95,211,permuted_null,0.1563861474785484
Seed_Length,95,212,permuted_null,0.07983250416462323
Seed_Length,95,213,permuted_null,0.0999952186380048
Seed_Length,95,214,permuted_null,-0.14657961238172573
Seed_Length,95,215,permuted_null,0.028756768324928746
Seed_Length,95,216,permuted_null,0.023123032069655353
Seed_Length,95,217,permuted_null,0.04119622250192388
Seed_Length,95,218,permuted_null,0.07984656647823747
Seed_Length,95,219,permuted_null,-0.12138249210167654
Seed_Length,95,220,permuted_null,0.035691450334341374
Seed_Length,95,221,permuted_null,0.02725920405963751
Seed_Length,95,222,permuted_null,-0.07486177107638531
Seed_Length,95,223,permuted_null,-0.026733082523094153
Seed_Length,95,224,permuted_null,0.10181276691061882
Seed_Length,95,225,permuted_null,-0.05951482518291281
Seed_Length,95,226,permuted_null,-0.06816196708764097
Seed_Length,95,227,permuted_null,-0.10707384567815478
Seed_Length,95,228,permuted_null,0.018774867396321452
Seed_Length,95,229,permuted_null,-0.015924100786290002
Seed_Length,95,230,permuted_null,-0.03307963807528473
Seed_Length,95,231,permuted_null,0.11521680682725416
Seed_Length,95,232,permuted_null,-0.10932984725917501
Seed_Length,95,233,permuted_null,0.03796256877391396
Seed_Length,95,234,permuted_null,-0.0460010027449477
Seed_Length,95,235,permuted_null,-0.018350870634560246
Seed_Length,95,236,permuted_null,0.1193847483568456
Seed_Length,95,237,permuted_null,-0.01755696301800907
Seed_Length,95,238,permuted_null,0.1465750206446449
Seed_Length,95,239,permuted_null,0.1135806422321306
Seed_Length,95,240,permuted_null,-0.06096899996484122
Seed_Length,95,241,permuted_null,-0.03087767379880549
Seed_Length,95,242,permuted_null,-0.11283196031268805
Seed_Length,95,243,permuted_null,-0.014954275524218635
Seed_Length,95,244,permuted_null,0.05172080448060396
Seed_Length,95,245,permuted_null,-0.18118429393037122
Seed_Length,95,246,permuted_null,0.022845893664196863
Seed_Length,95,247,permuted_null,0.027014001681488802
Seed_Length,95,248,permuted_null,-0.13458681088003807
Seed_Length,95,249,permuted_null,0.010367110599161348
Seed_Length,95,250,permuted_null,0.008124161497707907
Seed_Length,95,251,permuted_null,-0.06949484524319888
Seed_Length,95,252,permuted_null,-0.13541721734529516
Seed_Length,95,253,permuted_null,-0.06009045458289196
Seed_Length,95,254,permuted_null,-0.0756190964707619
Seed_Length,95,255,permuted_null,-0.13760072150396427
Seed_Length,95,256,permuted_null,0.18034054512763423
Seed_Length,95,257,permuted_null,-0.033676713163425256
Seed_Length,95,258,permuted_null,-0.049386371457262795
Seed_Length,95,259,permuted_null,-0.05462035703847737
Seed_Length,95,260,permuted_null,0.06620522952870674
Seed_Length,95,261,permuted_null,-0.09971895728794147
Seed_Length,95,262,permuted_null,-0.047242592636514744
Seed_Length,95,263,permuted_null,0.056553728605099385
Seed_Length,95,264,permuted_null,-0.06507284597526339
Seed_Length,95,265,permuted_null,-0.09592764368945098
Seed_Length,95,266,permuted_null,0.09311715546797955
Seed_Length,95,267,permuted_null,-0.030194837355050266
Seed_Length,95,268,permuted_null,-0.06401423650298652
Seed_Length,95,269,permuted_null,-0.031319814494699574
Seed_Length,95,270,permuted_null,0.10124797720654097
Seed_Length,95,271,permuted_null,-0.0030620146363890335
Seed_Length,95,272,permuted_null,0.05536304116734653
Seed_Length,95,273,permuted_null,-0.00742930831976089
Seed_Length,95,274,permuted_null,0.10505348654098533
Seed_Length,95,275,permuted_null,0.10342269541026683
Seed_Length,95,276,permuted_null,-0.07887584352952567
Seed_Length,95,277,permuted_null,0.12994233507082675
Seed_Length,95,278,permuted_null,0.08630298783022113
Seed_Length,95,279,permuted_null,-0.0429794438571414
Seed_Length,95,280,permuted_null,-0.08113937432147779
Seed_Length,95,281,permuted_null,0.13522560330796413
Seed_Length,95,282,permuted_null,0.05250264194012998
Seed_Length,95,283,permuted_null,-0.007358403847078202
Seed_Length,95,284,permuted_null,0.05406076326943224
Seed_Length,95,285,permuted_null,0.002288830391356682
Seed_Length,95,286,permuted_null,0.05203624716677051
Seed_Length,95,287,permuted_null,0.09667073141280319
Seed_Length,95,288,permuted_null,-0.07258867369869662
Seed_Length,95,289,permuted_null,-0.0957925768402231
Seed_Length,95,290,permuted_null,-0.10535402501296313
Seed_Length,95,291,permuted_null,-0.07819680499973904
Seed_Length,95,292,permuted_null,-0.041252121602960726
Seed_Length,95,293,permuted_null,-0.14511807944274538
Seed_Length,95,294,permuted_null,-0.0322527963309209
Seed_Length,95,295,permuted_null,0.09221372166518689
Seed_Length,95,296,permuted_null,0.016243331253163122
Seed_Length,95,297,permuted_null,0.018283591443703198
Seed_Length,95,298,permuted_null,-0.006484763811982569
Seed_Length,95,299,permuted_null,-0.1246801978378653
Seed_Length,95,300,permuted_null,-0.049964574905097925
Seed_Length,95,301,permuted_null,-0.02373960727425819
Seed_Length,95,302,permuted_null,0.05539851095638943
Seed_Length,95,303,permuted_null,-0.01731317223537377
Seed_Length,95,304,permuted_null,-0.05652318898625069
Seed_Length,95,305,permuted_null,-0.0032178955806563235
Seed_Length,95,306,permuted_null,-0.06379329835110605
Seed_Length,95,307,permuted_null,0.04416645253077088
Seed_Length,95,308,permuted_null,0.024302397217084888
Seed_Length,95,309,permuted_null,-0.054657411824158224
Seed_Length,95,310,permuted_null,0.027932979056526433
Seed_Length,95,311,permuted_null,0.030550739469356977
Seed_Length,95,312,permuted_null,-0.04141498111218135
Seed_Length,95,313,permuted_null,0.04827142220914031
Seed_Length,95,314,permuted_null,-0.04642518239723317
Seed_Length,95,315,permuted_null,0.05073628729574926
Seed_Length,95,316,permuted_null,-0.05133408342687769
Seed_Length,95,317,permuted_null,-0.12195208801645961
Seed_Length,95,318,permuted_null,-0.05686252054487009
Seed_Length,95,319,permuted_null,0.14855046530590932
Seed_Length,95,320,permuted_null,-0.007794318594484265
Seed_Length,95,321,permuted_null,-0.09093274614471591
Seed_Length,95,322,permuted_null,0.033355953600149243
Seed_Length,95,323,permuted_null,0.03453055766376413
Seed_Length,95,324,permuted_null,-0.08317811317286083
Seed_Length,95,325,permuted_null,0.09583391019288526
Seed_Length,95,326,permuted_null,0.0027807151646375705
Seed_Length,95,327,permuted_null,-0.03375861076226315
Seed_Length,95,328,permuted_null,0.013048970868968082
Seed_Length,95,329,permuted_null,0.05449016316882768
Seed_Length,95,330,permuted_null,-0.07042168344369239
Seed_Length,95,331,permuted_null,-0.05799329871126232
Seed_Length,95,332,permuted_null,0.0790780359769569
Seed_Length,95,333,permuted_null,-0.03876978433906299
Seed_Length,95,334,permuted_null,-0.01050190929318412
Seed_Length,95,335,permuted_null,-0.12520758366852494
Seed_Length,95,336,permuted_null,-0.011409467175245613
Seed_Length,95,337,permuted_null,0.016218927992727814
Seed_Length,95,338,permuted_null,0.11112341285043073
Seed_Length,95,339,permuted_null,-0.09716869450385766
Seed_Length,95,340,permuted_null,0.08846090220208289
Seed_Length,95,341,permuted_null,0.08520544315061201
Seed_Length,95,342,permuted_null,0.027526044323757867
Seed_Length,95,343,permuted_null,0.018005543389269116
Seed_Length,95,344,permuted_null,-0.00843936529192207
Seed_Length,95,345,permuted_null,-0.02686009770629575
Seed_Length,95,346,permuted_null,-0.0285714544459264
Seed_Length,95,347,permuted_null,-0.09033310927797655
Seed_Length,95,348,permuted_null,-0.03791032451354848
Seed_Length,95,349,permuted_null,0.04946135213861735
Seed_Length,95,350,permuted_null,0.04577178997655612
Seed_Length,95,351,permuted_null,-0.018882685670944036
Seed_Length,95,352,permuted_null,-0.14228665135400265
Seed_Length,95,353,permuted_null,0.03487894691308134
Seed_Length,95,354,permuted_null,-0.009819339454542164
Seed_Length,95,355,permuted_null,0.06395438350189969
Seed_Length,95,356,permuted_null,-0.02495537823540734
Seed_Length,95,357,permuted_null,-0.07691690866672582
Seed_Length,95,358,permuted_null,0.15917309956464842
Seed_Length,95,359,permuted_null,-0.08574978608819064
Seed_Length,95,360,permuted_null,0.009631130574745149
Seed_Length,95,361,permuted_null,-0.07798519738286654
Seed_Length,95,362,permuted_null,-0.06089192868219017
Seed_Length,95,363,permuted_null,0.008666567397202292
Seed_Length,95,364,permuted_null,-0.02491661640674417
Seed_Length,95,365,permuted_null,0.07859912466044304
Seed_Length,95,366,permuted_null,0.0794477060990464
Seed_Length,95,367,permuted_null,-0.05936616797621143
Seed_Length,95,368,permuted_null,0.08581927215829072
Seed_Length,95,369,permuted_null,-0.01638426912926108
Seed_Length,95,370,permuted_null,-0.034863582180935604
Seed_Length,95,371,permuted_null,-0.09296137924649062
Seed_Length,95,372,permuted_null,-0.029921959219915348
Seed_Length,95,373,permuted_null,-0.05159864136044603
Seed_Length,95,374,permuted_null,0.010753241844181655
Seed_Length,95,375,permuted_null,-0.0834070544066399
Seed_Length,95,376,permuted_null,-0.07945605748475915
Seed_Length,95,377,permuted_null,0.025449181910687436
Seed_Length,95,378,permuted_null,-0.020008387386332635
Seed_Length,95,379,permuted_null,0.03592359982525141
Seed_Length,95,380,permuted_null,-0.039205609473920294
Seed_Length,95,381,permuted_null,0.012213794512207155
Seed_Length,95,382,permuted_null,0.033471557893627345
Seed_Length,95,383,permuted_null,-0.10749212384118634
Seed_Length,95,384,permuted_null,0.007130687839729146
Seed_Length,95,385,permuted_null,0.053683614287147435
Seed_Length,95,386,permuted_null,0.0599561692639871
Seed_Length,95,387,permuted_null,0.0749068330399619
Seed_Length,95,388,permuted_null,-0.0629368198494144
Seed_Length,95,389,permuted_null,0.03848128692596389
Seed_Length,95,390,permuted_null,-0.04962848973052497
Seed_Length,95,391,permuted_null,-0.03112242444812545
Seed_Length,95,392,permuted_null,-0.09398833252712938
Seed_Length,95,393,permuted_null,0.09391738215588266
Seed_Length,95,394,permuted_null,0.02454151973733139
Seed_Length,95,395,permuted_null,0.08759753119424016
Seed_Length,95,396,permuted_null,-0.06023580077583793
Seed_Length,95,397,permuted_null,-0.04095287672475155
Seed_Length,95,398,permuted_null,0.1364430224828302
Seed_Length,95,399,permuted_null,0.01625819003263502
Seed_Length,95,400,permuted_null,-0.12133551887253557
Seed_Length,95,401,permuted_null,0.06527966270627898
Seed_Length,95,402,permuted_null,-0.03378189027186891
Seed_Length,95,403,permuted_null,0.03538592677113859
Seed_Length,95,404,permuted_null,0.107163090109819
Seed_Length,95,405,permuted_null,-0.056313116122241644
Seed_Length,95,406,permuted_null,-0.01861353362942226
Seed_Length,95,407,permuted_null,-0.02284716351667411
Seed_Length,95,408,permuted_null,-0.1385998914519119
Seed_Length,95,409,permuted_null,0.0015549418529795522
Seed_Length,95,410,permuted_null,0.13573268138392447
Seed_Length,95,411,permuted_null,0.024198446067500757
Seed_Length,95,412,permuted_null,0.10683614415287379
Seed_Length,95,413,permuted_null,-0.012843461072736276
Seed_Length,95,414,permuted_null,-0.024623027360399286
Seed_Length,95,415,permuted_null,0.05326584830715924
Seed_Length,95,416,permuted_null,0.07659868029738437
Seed_Length,95,417,permuted_null,-0.14657873037919444
Seed_Length,95,418,permuted_null,0.10642780981313285
Seed_Length,95,419,permuted_null,-0.11570603878752966
Seed_Length,95,420,permuted_null,0.010816676373998035
Seed_Length,95,421,permuted_null,-0.030756635401605194
Seed_Length,95,422,permuted_null,-0.020033686061206632
Seed_Length,95,423,permuted_null,0.027541555717090077
Seed_Length,95,424,permuted_null,0.05641101327491886
Seed_Length,95,425,permuted_null,0.10103725809960076
Seed_Length,95,426,permuted_null,-0.03731246373166862
Seed_Length,95,427,permuted_null,-0.009214880518632524
Seed_Length,95,428,permuted_null,-0.1016815664095344
Seed_Length,95,429,permuted_null,0.11580889152813098
Seed_Length,95,430,permuted_null,0.20810630335894986
Seed_Length,95,431,permuted_null,-0.14852656774740458
Seed_Length,95,432,permuted_null,-0.07565647995377292
Seed_Length,95,433,permuted_null,0.014820956607039776
Seed_Length,95,434,permuted_null,0.07344859220275851
Seed_Length,95,435,permuted_null,-0.07972093919969553
Seed_Length,95,436,permuted_null,-0.08872174769765837
Seed_Length,95,437,permuted_null,-0.07499403823316764
Seed_Length,95,438,permuted_null,-0.11060215634773078
Seed_Length,95,439,permuted_null,0.01964136195085334
Seed_Length,95,440,permuted_null,-0.030926382853522158
Seed_Length,95,441,permuted_null,-0.22612335486707777
Seed_Length,95,442,permuted_null,0.043721020047373035
Seed_Length,95,443,permuted_null,0.057318973081592964
Seed_Length,95,444,permuted_null,-0.12164835058194523
Seed_Length,95,445,permuted_null,0.14711925883678775
Seed_Length,95,446,permuted_null,0.035466347833699355
Seed_Length,95,447,permuted_null,0.10293020666272366
Seed_Length,95,448,permuted_null,0.06913873791694719
Seed_Length,95,449,permuted_null,0.17285182680210442
Seed_Length,95,450,permuted_null,0.07483858666440268
Seed_Length,95,451,permuted_null,-0.03795863796734755
Seed_Length,95,452,permuted_null,-0.044000789740576994
Seed_Length,95,453,permuted_null,-0.021174316354986834
Seed_Length,95,454,permuted_null,-0.10213297767428806
Seed_Length,95,455,permuted_null,0.018151004955629754
Seed_Length,95,456,permuted_null,0.06843512950008393
Seed_Length,95,457,permuted_null,-0.11361008745413739
Seed_Length,95,458,permuted_null,0.12524025996673066
Seed_Length,95,459,permuted_null,-0.026943999018919102
Seed_Length,95,460,permuted_null,-0.07764011164908008
Seed_Length,95,461,permuted_null,-0.054321346950963065
Seed_Length,95,462,permuted_null,-0.05119872728108306
Seed_Length,95,463,permuted_null,-0.04820792206180005
Seed_Length,95,464,permuted_null,0.001690280937110638
Seed_Length,95,465,permuted_null,-0.04349849579683772
Seed_Length,95,466,permuted_null,0.12128353020323657
Seed_Length,95,467,permuted_null,0.04105510740210141
Seed_Length,95,468,permuted_null,0.02246584693656148
Seed_Length,95,469,permuted_null,-0.09107026024964514
Seed_Length,95,470,permuted_null,-0.08444753131244315
Seed_Length,95,471,permuted_null,0.07524755978673353
Seed_Length,95,472,permuted_null,0.09446542471341725
Seed_Length,95,473,permuted_null,0.03531670599027649
Seed_Length,95,474,permuted_null,0.05178310884236803
Seed_Length,95,475,permuted_null,0.0278278174526174
Seed_Length,95,476,permuted_null,0.008988550916225954
Seed_Length,95,477,permuted_null,0.06894745549751127
Seed_Length,95,478,permuted_null,0.022050471886981778
Seed_Length,95,479,permuted_null,0.018411188612316696
Seed_Length,95,480,permuted_null,0.029747485676172004
Seed_Length,95,481,permuted_null,0.028039400209890476
Seed_Length,95,482,permuted_null,-0.05977647037030542
Seed_Length,95,483,permuted_null,0.06007839314654957
Seed_Length,95,484,permuted_null,-0.050524626510887335
Seed_Length,95,485,permuted_null,0.09655396643615137
Seed_Length,95,486,permuted_null,0.035924205676233376
Seed_Length,95,487,permuted_null,0.010055459197040734
Seed_Length,95,488,permuted_null,-0.1007166459791281
Seed_Length,95,489,permuted_null,0.15592906412715618
Seed_Length,95,490,permuted_null,0.037306121913620885
Seed_Length,95,491,permuted_null,-0.06115141591854674
Seed_Length,95,492,permuted_null,0.080321351069031
Seed_Length,95,493,permuted_null,0.061268765240094114
Seed_Length,95,494,permuted_null,-0.013269382134369671
Seed_Length,95,495,permuted_null,0.037384026458283995
Seed_Length,95,496,permuted_null,0.0914709727521719
Seed_Length,95,497,permuted_null,0.08954705199046747
Seed_Length,95,498,permuted_null,-0.07141548194378217
Seed_Length,95,499,permuted_null,0.005917219317156726
Seed_Length,95,500,permuted_null,-0.016495321992873194
Seed_Length,95,501,permuted_null,-0.04548199888763153
Seed_Length,95,502,permuted_null,-0.08374162071734428
Seed_Length,95,503,permuted_null,0.10851007972408644
Seed_Length,95,504,permuted_null,-0.16049450913165111
Seed_Length,95,505,permuted_null,0.028023670665373313
Seed_Length,95,506,permuted_null,-0.08156843762280865
Seed_Length,95,507,permuted_null,-0.013015257199793302
Seed_Length,95,508,permuted_null,0.08745512171014964
Seed_Length,95,509,permuted_null,0.05634329274611259
Seed_Length,95,510,permuted_null,-0.05194178370468566
Seed_Length,95,511,permuted_null,0.04614205334470429
Seed_Length,95,512,permuted_null,-0.008045267877601785
Seed_Length,95,513,permuted_null,-0.0080545771190082
Seed_Length,95,514,permuted_null,0.017996170836694594
Seed_Length,95,515,permuted_null,-0.07880072269172197
Seed_Length,95,516,permuted_null,0.10443163571293684
Seed_Length,95,517,permuted_null,0.134616752430435
Seed_Length,95,518,permuted_null,0.025745773853431422
Seed_Length,95,519,permuted_null,0.08567934546567324
Seed_Length,95,520,permuted_null,-0.005091202578498641
Seed_Length,95,521,permuted_null,-0.10367798138137527
Seed_Length,95,522,permuted_null,0.021860088672543743
Seed_Length,95,523,permuted_null,-0.10115411641853017
Seed_Length,95,524,permuted_null,-0.008163284540058519
Seed_Length,95,525,permuted_null,0.14267726549256174
Seed_Length,95,526,permuted_null,0.034938354558509604
Seed_Length,95,527,permuted_null,-0.11511730398127144
Seed_Length,95,528,permuted_null,-0.15192090489136884
Seed_Length,95,529,permuted_null,0.09180619317682652
Seed_Length,95,530,permuted_null,0.06405398975136062
Seed_Length,95,531,permuted_null,-0.05263198327872496
Seed_Length,95,532,permuted_null,-0.07986558356885753
Seed_Length,95,533,permuted_null,-0.0374509932908164
Seed_Length,95,534,permuted_null,0.0902471584342685
Seed_Length,95,535,permuted_null,-0.131974413915879
Seed_Length,95,536,permuted_null,0.051609157845571026
Seed_Length,95,537,permuted_null,-0.07478268285888157
Seed_Length,95,538,permuted_null,0.15990825499465477
Seed_Length,95,539,permuted_null,0.06933793035639933
Seed_Length,95,540,permuted_null,-0.06063228281012999
Seed_Length,95,541,permuted_null,0.04062291987340998
Seed_Length,95,542,permuted_null,0.024046243075914766
Seed_Length,95,543,permuted_null,0.11840547065965962
Seed_Length,95,544,permuted_null,-0.17397008070330558
Seed_Length,95,545,permuted_null,0.1013307335451669
Seed_Length,95,546,permuted_null,0.10553250397269918
Seed_Length,95,547,permuted_null,-0.018016518907132708
Seed_Length,95,548,permuted_null,0.01545975950591231
Seed_Length,95,549,permuted_null,0.031161201198163763
Seed_Length,95,550,permuted_null,-0.020667159531320235
Seed_Length,95,551,permuted_null,0.11225443298841095
Seed_Length,95,552,permuted_null,0.08292661558365397
Seed_Length,95,553,permuted_null,0.0815518668274613
Seed_Length,95,554,permuted_null,0.01974931299533215
Seed_Length,95,555,permuted_null,0.07304042786552872
Seed_Length,95,556,permuted_null,-0.049579938907814494
Seed_Length,95,557,permuted_null,-0.012941473977220065
Seed_Length,95,558,permuted_null,0.13143142488051085
Seed_Length,95,559,permuted_null,0.04480238455905269
Seed_Length,95,560,permuted_null,-0.07750597033233825
Seed_Length,95,561,permuted_null,0.051803031493771474
Seed_Length,95,562,permuted_null,-0.11130648637153012
Seed_Length,95,563,permuted_null,0.05258020082553381
Seed_Length,95,564,permuted_null,0.0639952888516177
Seed_Length,95,565,permuted_null,-0.11454710322049556
Seed_Length,95,566,permuted_null,0.07700393535193459
Seed_Length,95,567,permuted_null,0.031256654252637406
Seed_Length,95,568,permuted_null,0.07309107963311595
Seed_Length,95,569,permuted_null,0.014142423118842576
Seed_Length,95,570,permuted_null,0.005839623534722192
Seed_Length,95,571,permuted_null,0.1308518755995071
Seed_Length,95,572,permuted_null,0.05625234028087173
Seed_Length,95,573,permuted_null,0.0392756276504221
Seed_Length,95,574,permuted_null,-0.030934313066495467
Seed_Length,95,575,permuted_null,0.14358130506837327
Seed_Length,95,576,permuted_null,0.059862971294630064
Seed_Length,95,577,permuted_null,0.1402194279957212
Seed_Length,95,578,permuted_null,-0.040219831828583574
Seed_Length,95,579,permuted_null,0.026363090952141226
Seed_Length,95,580,permuted_null,-0.00555197231962477
Seed_Length,95,581,permuted_null,-0.0035288347871987816
Seed_Length,95,582,permuted_null,0.020738140225202057
Seed_Length,95,583,permuted_null,-0.08107879653376329
Seed_Length,95,584,permuted_null,0.06233290458639591
Seed_Length,95,585,permuted_null,-0.0395135343582464
Seed_Length,95,586,permuted_null,0.06070943721217745
Seed_Length,95,587,permuted_null,0.0671727144835088
Seed_Length,95,588,permuted_null,0.10672883840773392
Seed_Length,95,589,permuted_null,0.028758092593201168
Seed_Length,95,590,permuted_null,0.0796909133810904
Seed_Length,95,591,permuted_null,0.08450094293036961
Seed_Length,95,592,permuted_null,0.062035380714465585
Seed_Length,95,593,permuted_null,0.018904179349347027
Seed_Length,95,594,permuted_null,0.04859839653356666
Seed_Length,95,595,permuted_null,-0.07380473681822297
Seed_Length,95,596,permuted_null,0.019428762081529945
Seed_Length,95,597,permuted_null,0.054474582202502966
Seed_Length,95,598,permuted_null,-0.1510928758437438
Seed_Length,95,599,permuted_null,0.051601097740449256
Seed_Length,95,600,permuted_null,0.0074080393580504104
Seed_Length,95,601,permuted_null,-0.0260702868050553
Seed_Length,95,602,permuted_null,-0.02977960447140581
Seed_Length,95,603,permuted_null,0.06581773254534912
Seed_Length,95,604,permuted_null,-0.07177883631139251
Seed_Length,95,605,permuted_null,-0.09369070571821303
Seed_Length,95,606,permuted_null,0.0692184298917708
Seed_Length,95,607,permuted_null,0.1228714303357717
Seed_Length,95,608,permuted_null,-0.034749062572141734
Seed_Length,95,609,permuted_null,0.021851787068906395
Seed_Length,95,610,permuted_null,-0.05683511407583966
Seed_Length,95,611,permuted_null,0.031146500765949638
Seed_Length,95,612,permuted_null,-0.06142268452929783
Seed_Length,95,613,permuted_null,-0.09775930454204826
Seed_Length,95,614,permuted_null,0.17545698056792286
Seed_Length,95,615,permuted_null,0.031059960653208665
Seed_Length,95,616,permuted_null,0.004957746880188213
Seed_Length,95,617,permuted_null,0.05887611688497142
Seed_Length,95,618,permuted_null,0.06185341108605031
Seed_Length,95,619,permuted_null,-0.06118688301109114
Seed_Length,95,620,permuted_null,0.0593261679840727
Seed_Length,95,621,permuted_null,-0.02981503367827053
Seed_Length,95,622,permuted_null,0.05644135240321088
Seed_Length,95,623,permuted_null,0.030368236992256107
Seed_Length,95,624,permuted_null,0.026764762141712237
Seed_Length,95,625,permuted_null,0.007107255909287
Seed_Length,95,626,permuted_null,0.04148095733131575
Seed_Length,95,627,permuted_null,0.10901396179262815
Seed_Length,95,628,permuted_null,-0.038848345716693766
Seed_Length,95,629,permuted_null,-0.03241698573578145
Seed_Length,95,630,permuted_null,0.08298414111639732
Seed_Length,95,631,permuted_null,0.0314321798180928
Seed_Length,95,632,permuted_null,-0.07038272361589469
Seed_Length,95,633,permuted_null,0.08977729879720553
Seed_Length,95,634,permuted_null,-0.043104641541716955
Seed_Length,95,635,permuted_null,0.015174072696059485
Seed_Length,95,636,permuted_null,0.20042056836450578
Seed_Length,95,637,permuted_null,0.054242155608675596
Seed_Length,95,638,permuted_null,0.0764514149798782
Seed_Length,95,639,permuted_null,-0.02604009804499434
Seed_Length,95,640,permuted_null,0.058524080268398254
Seed_Length,95,641,permuted_null,0.0835942720929721
Seed_Length,95,642,permuted_null,-0.0413426549912167
Seed_Length,95,643,permuted_null,-0.005932685296567604
Seed_Length,95,644,permuted_null,0.01711631282300041
Seed_Length,95,645,permuted_null,0.04759068742235743
Seed_Length,95,646,permuted_null,0.0677692980273438
Seed_Length,95,647,permuted_null,0.049668190379741566
Seed_Length,95,648,permuted_null,0.013883876903833775
Seed_Length,95,649,permuted_null,0.013335569306520446
Seed_Length,95,650,permuted_null,-0.06664248255158564
Seed_Length,95,651,permuted_null,-0.038421131142626956
Seed_Length,95,652,permuted_null,0.0797378333387863
Seed_Length,95,653,permuted_null,0.15045788266772386
Seed_Length,95,654,permuted_null,0.06529629558501479
Seed_Length,95,655,permuted_null,0.026496785395901664
Seed_Length,95,656,permuted_null,-0.08519780407845982
Seed_Length,95,657,permuted_null,-0.07144200650945298
Seed_Length,95,658,permuted_null,0.19638599166453746
Seed_Length,95,659,permuted_null,0.07316720927464862
Seed_Length,95,660,permuted_null,-0.02514366888812787
Seed_Length,95,661,permuted_null,0.10132252397063976
Seed_Length,95,662,permuted_null,-0.04726839426860452
Seed_Length,95,663,permuted_null,-0.013845603307059091
Seed_Length,95,664,permuted_null,-0.0658779009118509
Seed_Length,95,665,permuted_null,0.13347487996275864
Seed_Length,95,666,permuted_null,-0.040322441750307296
Seed_Length,95,667,permuted_null,-0.06502314776131489
Seed_Length,95,668,permuted_null,0.06233301837557793
Seed_Length,95,669,permuted_null,0.11003870976003108
Seed_Length,95,670,permuted_null,0.056267925471433757
Seed_Length,95,671,permuted_null,0.06507513508745219
Seed_Length,95,672,permuted_null,-0.11244861997597484
Seed_Length,95,673,permuted_null,0.03789086260837926
Seed_Length,95,674,permuted_null,0.24302400219330372
Seed_Length,95,675,permuted_null,0.08542190129559654
Seed_Length,95,676,permuted_null,-0.04790445158435855
Seed_Length,95,677,permuted_null,-0.006633463829856617
Seed_Length,95,678,permuted_null,0.03501631518491389
Seed_Length,95,679,permuted_null,0.03815414606729633
Seed_Length,95,680,permuted_null,0.032324100780829416
Seed_Length,95,681,permuted_null,-0.016059727329683887
Seed_Length,95,682,permuted_null,-0.10247878247107522
Seed_Length,95,683,permuted_null,-0.035400533724753505
Seed_Length,95,684,permuted_null,-0.03533730271282633
Seed_Length,95,685,permuted_null,-0.10049699218917585
Seed_Length,95,686,permuted_null,-0.028320497085744908
Seed_Length,95,687,permuted_null,0.06555485578173137
Seed_Length,95,688,permuted_null,-0.06269589372399806
Seed_Length,95,689,permuted_null,0.0017282466154562026
Seed_Length,95,690,permuted_null,-0.003133178743476968
Seed_Length,95,691,permuted_null,0.018060374426578645
Seed_Length,95,692,permuted_null,0.0728866487892261
Seed_Length,95,693,permuted_null,0.05387848201108329
Seed_Length,95,694,permuted_null,0.1012309034155523
Seed_Length,95,695,permuted_null,0.0801369969728711
Seed_Length,95,696,permuted_null,-0.08142934879985278
Seed_Length,95,697,permuted_null,-0.04046207004360795
Seed_Length,95,698,permuted_null,0.029358592222669982
Seed_Length,95,699,permuted_null,-0.04868885934491941
Seed_Length,95,700,permuted_null,0.01774026546345267
Seed_Length,95,701,permuted_null,-0.007380883194157259
Seed_Length,95,702,permuted_null,0.0008879582092018758
Seed_Length,95,703,permuted_null,0.029371044578718322
Seed_Length,95,704,permuted_null,-0.04929881731802101
Seed_Length,95,705,permuted_null,-0.06475857377747295
Seed_Length,95,706,permuted_null,-0.013420264688798759
Seed_Length,95,707,permuted_null,0.035944752201392816
Seed_Length,95,708,permuted_null,-0.017860121377740394
Seed_Length,95,709,permuted_null,0.030204644274127036
Seed_Length,95,710,permuted_null,-0.057775944312787195
Seed_Length,95,711,permuted_null,0.00533231291724922
Seed_Length,95,712,permuted_null,-0.008824672872380184
Seed_Length,95,713,permuted_null,0.024734489295013606
Seed_Length,95,714,permuted_null,-0.06385684569020131
Seed_Length,95,715,permuted_null,-0.09104099510446312
Seed_Length,95,716,permuted_null,0.056704437316291385
Seed_Length,95,717,permuted_null,-0.010726830785274921
Seed_Length,95,718,permuted_null,0.07917797702132066
Seed_Length,95,719,permuted_null,0.020265230645300267
Seed_Length,95,720,permuted_null,-0.09143010069765362
Seed_Length,95,721,permuted_null,-0.01094677395024211
Seed_Length,95,722,permuted_null,0.06451536978127104
Seed_Length,95,723,permuted_null,0.004492722826790925
Seed_Length,95,724,permuted_null,-0.006205275648554359
Seed_Length,95,725,permuted_null,-0.02606452815172308
Seed_Length,95,726,permuted_null,-0.05851264229348359
Seed_Length,95,727,permuted_null,0.06103424758691395
Seed_Length,95,728,permuted_null,-0.01935826925206352
Seed_Length,95,729,permuted_null,0.035415594884111806
Seed_Length,95,730,permuted_null,-0.06363771214737302
Seed_Length,95,731,permuted_null,-0.1228304154213904
Seed_Length,95,732,permuted_null,0.034010448447698176
Seed_Length,95,733,permuted_null,-0.0557437119186174
Seed_Length,95,734,permuted_null,0.138311046912253
Seed_Length,95,735,permuted_null,-0.048333493494478824
Seed_Length,95,736,permuted_null,-0.024171324824378337
Seed_Length,95,737,permuted_null,0.03959206318871667
Seed_Length,95,738,permuted_null,-0.03852887115453643
Seed_Length,95,739,permuted_null,0.019563622513592727
Seed_Length,95,740,permuted_null,-0.024634435063530642
Seed_Length,95,741,permuted_null,0.015081305842125595
Seed_Length,95,742,permuted_null,-0.05731777546798564
Seed_Length,95,743,permuted_null,0.10595539876283776
Seed_Length,95,744,permuted_null,-0.030579768507602984
Seed_Length,95,745,permuted_null,-0.03374996426481412
Seed_Length,95,746,permuted_null,0.11669665024871304
Seed_Length,95,747,permuted_null,-0.05773943618184779
Seed_Length,95,748,permuted_null,-0.08137787644670497
Seed_Length,95,749,permuted_null,0.10788870236015191
Seed_Length,95,750,permuted_null,-0.01767957271935338
Seed_Length,95,751,permuted_null,-0.006794321717296191
Seed_Length,95,752,permuted_null,-0.03198962194356232
Seed_Length,95,753,permuted_null,0.045372586319583345
Seed_Length,95,754,permuted_null,0.0517284156397609
Seed_Length,95,755,permuted_null,0.00969888562969493
Seed_Length,95,756,permuted_null,0.015195901355396207
Seed_Length,95,757,permuted_null,-0.02098066444982224
Seed_Length,95,758,permuted_null,-0.08752866643743061
Seed_Length,95,759,permuted_null,0.03438760940482599
Seed_Length,95,760,permuted_null,-0.08849852223826775
Seed_Length,95,761,permuted_null,-0.06605263242008819
Seed_Length,95,762,permuted_null,0.024821078972538234
Seed_Length,95,763,permuted_null,-0.2031822981474363
Seed_Length,95,764,permuted_null,-0.02177723457477942
Seed_Length,95,765,permuted_null,-0.04443026675818196
Seed_Length,95,766,permuted_null,0.15109042627645763
Seed_Length,95,767,permuted_null,0.06226560141647121
Seed_Length,95,768,permuted_null,-0.05533903354009615
Seed_Length,95,769,permuted_null,-0.06520301365811848
Seed_Length,95,770,permuted_null,0.055437448504691886
Seed_Length,95,771,permuted_null,0.0794107160900429
Seed_Length,95,772,permuted_null,-0.008042330419716187
Seed_Length,95,773,permuted_null,0.08192249783774654
Seed_Length,95,774,permuted_null,0.03944522744837902
Seed_Length,95,775,permuted_null,-0.07312771776067285
Seed_Length,95,776,permuted_null,0.07390182441492206
Seed_Length,95,777,permuted_null,0.02687011582567093
Seed_Length,95,778,permuted_null,0.1356164949888955
Seed_Length,95,779,permuted_null,0.0007557849272540745
Seed_Length,95,780,permuted_null,-0.1587683210061922
Seed_Length,95,781,permuted_null,-0.17384257177256554
Seed_Length,95,782,permuted_null,0.03739464790910034
Seed_Length,95,783,permuted_null,0.029765314597383803
Seed_Length,95,784,permuted_null,-0.13744619804639768
Seed_Length,95,785,permuted_null,0.023227884054405727
Seed_Length,95,786,permuted_null,0.12441862734876027
Seed_Length,95,787,permuted_null,-0.035212486679389594
Seed_Length,95,788,permuted_null,0.11937675724139221
Seed_Length,95,789,permuted_null,-0.043433870119927075
Seed_Length,95,790,permuted_null,-0.08085489927126832
Seed_Length,95,791,permuted_null,0.1388162834888417
Seed_Length,95,792,permuted_null,-0.06130480560891821
Seed_Length,95,793,permuted_null,-0.21140692143880335
Seed_Length,95,794,permuted_null,0.12320293012811942
Seed_Length,95,795,permuted_null,-0.10555547366131497
Seed_Length,95,796,permuted_null,-0.004253631655752613
Seed_Length,95,797,permuted_null,0.012434064079305217
Seed_Length,95,798,permuted_null,-0.04249356044878494
Seed_Length,95,799,permuted_null,0.033020954179058044
Seed_Length,95,800,permuted_null,-0.00837592920471908
Seed_Length,95,801,permuted_null,0.08026766686488429
Seed_Length,95,802,permuted_null,-0.0629529037759737
Seed_Length,95,803,permuted_null,-0.12261443108823328
Seed_Length,95,804,permuted_null,0.08597708499304767
Seed_Length,95,805,permuted_null,0.1624511926450229
Seed_Length,95,806,permuted_null,-0.04582583059573274
Seed_Length,95,807,permuted_null,-0.04688162909162628
Seed_Length,95,808,permuted_null,0.0051221691184550645
Seed_Length,95,809,permuted_null,0.12952894759140476
Seed_Length,95,810,permuted_null,-0.010213534697034697
Seed_Length,95,811,permuted_null,0.008035163269192607
Seed_Length,95,812,permuted_null,0.017519523014159852
Seed_Length,95,813,permuted_null,0.01844194464358896
Seed_Length,95,814,permuted_null,0.012169992607298574
Seed_Length,95,815,permuted_null,0.10512148926497908
Seed_Length,95,816,permuted_null,0.06619033103869056
Seed_Length,95,817,permuted_null,-0.045710481068443665
Seed_Length,95,818,permuted_null,-0.06725104223721397
Seed_Length,95,819,permuted_null,0.03731658919831635
Seed_Length,95,820,permuted_null,0.006398073222211368
Seed_Length,95,821,permuted_null,-0.08070418491524384
Seed_Length,95,822,permuted_null,-0.08373786834157759
Seed_Length,95,823,permuted_null,-0.061832312628998506
Seed_Length,95,824,permuted_null,0.06507847332101496
Seed_Length,95,825,permuted_null,-0.028986915975546437
Seed_Length,95,826,permuted_null,0.10552744746675674
Seed_Length,95,827,permuted_null,-0.04454025798672974
Seed_Length,95,828,permuted_null,0.06379916446919312
Seed_Length,95,829,permuted_null,0.0496065500753757
Seed_Length,95,830,permuted_null,0.03229116255666256
Seed_Length,95,831,permuted_null,0.01640543040195816
Seed_Length,95,832,permuted_null,-0.0008675827044937572
Seed_Length,95,833,permuted_null,0.06444194137696801
Seed_Length,95,834,permuted_null,0.05101690293525308
Seed_Length,95,835,permuted_null,0.016471735926409995
Seed_Length,95,836,permuted_null,0.08898626950261129
Seed_Length,95,837,permuted_null,-0.02001923318255184
Seed_Length,95,838,permuted_null,-0.05885622338074302
Seed_Length,95,839,permuted_null,-0.03366263697317533
Seed_Length,95,840,permuted_null,-0.01658053786181114
Seed_Length,95,841,permuted_null,0.0257087001367138
Seed_Length,95,842,permuted_null,-0.014062111870732877
Seed_Length,95,843,permuted_null,0.014652528215606399
Seed_Length,95,844,permuted_null,0.09951095231136498
Seed_Length,95,845,permuted_null,-0.08042673819166135
Seed_Length,95,846,permuted_null,0.005089589547271487
Seed_Length,95,847,permuted_null,0.05890888662488372
Seed_Length,95,848,permuted_null,-0.03566925076710274
Seed_Length,95,849,permuted_null,-0.007724622379375448
Seed_Length,95,850,permuted_null,0.012971312628713372
Seed_Length,95,851,permuted_null,0.023053492239011625
Seed_Length,95,852,permuted_null,-0.00014971826152305676
Seed_Length,95,853,permuted_null,0.02829398949470486
Seed_Length,95,854,permuted_null,-0.04993347360634835
Seed_Length,95,855,permuted_null,0.07150605470689522
Seed_Length,95,856,permuted_null,0.06702575072854997
Seed_Length,95,857,permuted_null,0.01615308240615382
Seed_Length,95,858,permuted_null,-0.07235292578187917
Seed_Length,95,859,permuted_null,0.09204970927117398
Seed_Length,95,860,permuted_null,-0.0650414075892333
Seed_Length,95,861,permuted_null,0.012874970434052745
Seed_Length,95,862,permuted_null,0.08844442135195327
Seed_Length,95,863,permuted_null,-0.011700666975410036
Seed_Length,95,864,permuted_null,-0.014422549432209136
Seed_Length,95,865,permuted_null,0.04119530467637602
Seed_Length,95,866,permuted_null,-0.14091293344903244
Seed_Length,95,867,permuted_null,-0.08051758461641685
Seed_Length,95,868,permuted_null,0.030710144147251997
Seed_Length,95,869,permuted_null,0.013225280608086143
Seed_Length,95,870,permuted_null,-0.08337125788277767
Seed_Length,95,871,permuted_null,0.08833224581745848
Seed_Length,95,872,permuted_null,0.11169859397885411
Seed_Length,95,873,permuted_null,0.046004611850179095
Seed_Length,95,874,permuted_null,0.0037895108051564583
Seed_Length,95,875,permuted_null,0.13971727750093108
Seed_Length,95,876,permuted_null,0.0059154548368738485
Seed_Length,95,877,permuted_null,-0.07201652275089404
Seed_Length,95,878,permuted_null,-0.0076593377906541
Seed_Length,95,879,permuted_null,-0.12577062160676294
Seed_Length,95,880,permuted_null,-0.08181923869414978
Seed_Length,95,881,permuted_null,0.011509839180362032
Seed_Length,95,882,permuted_null,0.024458428947004736
Seed_Length,95,883,permuted_null,-0.11635767380164479
Seed_Length,95,884,permuted_null,0.06056545227174051
Seed_Length,95,885,permuted_null,0.046516260395508054
Seed_Length,95,886,permuted_null,-0.047686827878812885
Seed_Length,95,887,permuted_null,0.051900415163542324
Seed_Length,95,888,permuted_null,-0.11201249369320664
Seed_Length,95,889,permuted_null,-0.10305749610543376
Seed_Length,95,890,permuted_null,-0.13438258291821875
Seed_Length,95,891,permuted_null,-0.07616148153375724
Seed_Length,95,892,permuted_null,0.05715516480177298
Seed_Length,95,893,permuted_null,-0.07032556174725899
Seed_Length,95,894,permuted_null,0.054204653893286145
Seed_Length,95,895,permuted_null,0.13696523538895888
Seed_Length,95,896,permuted_null,-0.045411986662717355
Seed_Length,95,897,permuted_null,-0.011947643513620414
Seed_Length,95,898,permuted_null,0.0510678783336149
Seed_Length,95,899,permuted_null,-0.08399817070800542
Seed_Length,95,900,permuted_null,-0.018395506650545193
Seed_Length,95,901,permuted_null,-0.010311980259284776
Seed_Length,95,902,permuted_null,-0.0458574529011068
Seed_Length,95,903,permuted_null,0.0021632348099412946
Seed_Length,95,904,permuted_null,-0.04178271040277066
Seed_Length,95,905,permuted_null,0.08523403646130645
Seed_Length,95,906,permuted_null,-0.07389881069267953
Seed_Length,95,907,permuted_null,-0.03572610539531029
Seed_Length,95,908,permuted_null,0.0807697124092997
Seed_Length,95,909,permuted_null,0.014231183812109457
Seed_Length,95,910,permuted_null,0.14973928745572104
Seed_Length,95,911,permuted_null,0.08522119831075126
Seed_Length,95,912,permuted_null,0.14212218966447648
Seed_Length,95,913,permuted_null,0.06566910573587027
Seed_Length,95,914,permuted_null,0.03180336642362829
Seed_Length,95,915,permuted_null,-0.151790988638876
Seed_Length,95,916,permuted_null,-0.032555170889550615
Seed_Length,95,917,permuted_null,-0.013739432610435351
Seed_Length,95,918,permuted_null,0.06392506520268659
Seed_Length,95,919,permuted_null,0.09469716854179168
Seed_Length,95,920,permuted_null,0.04310589209156579
Seed_Length,95,921,permuted_null,-0.010462930663264631
Seed_Length,95,922,permuted_null,0.019223815549915414
Seed_Length,95,923,permuted_null,-0.0061519966641926955
Seed_Length,95,924,permuted_null,0.028134985963638275
Seed_Length,95,925,permuted_null,-0.1536338985070144
Seed_Length,95,926,permuted_null,0.017740378748499236
Seed_Length,95,927,permuted_null,0.02159225195409044
Seed_Length,95,928,permuted_null,-0.061795672116986
Seed_Length,95,929,permuted_null,-0.11348720387911332
Seed_Length,95,930,permuted_null,-0.026306008195794178
Seed_Length,95,931,permuted_null,-0.013844326169455023
Seed_Length,95,932,permuted_null,0.10981474894442243
Seed_Length,95,933,permuted_null,-0.0957443453982536
Seed_Length,95,934,permuted_null,0.023415651848654295
Seed_Length,95,935,permuted_null,-0.07072700890431818
Seed_Length,95,936,permuted_null,-0.031682486768536904
Seed_Length,95,937,permuted_null,0.08558970444424924
Seed_Length,95,938,permuted_null,-0.05165797382331527
Seed_Length,95,939,permuted_null,0.09056214723675038
Seed_Length,95,940,permuted_null,0.11210664318129739
Seed_Length,95,941,permuted_null,-0.03132389599092775
Seed_Length,95,942,permuted_null,-0.025075048040984774
Seed_Length,95,943,permuted_null,-0.0041954317967904525
Seed_Length,95,944,permuted_null,0.09102265299023601
Seed_Length,95,945,permuted_null,-0.03862815007055722
Seed_Length,95,946,permuted_null,-0.04377412670827889
Seed_Length,95,947,permuted_null,0.02045770228691203
Seed_Length,95,948,permuted_null,-0.03464175523597707
Seed_Length,95,949,permuted_null,-0.1219209621164354
Seed_Length,95,950,permuted_null,-0.1505203105454842
Seed_Length,95,951,permuted_null,-0.049111999871655994
Seed_Length,95,952,permuted_null,-0.09389824886716229
Seed_Length,95,953,permuted_null,0.014672000886191958
Seed_Length,95,954,permuted_null,0.03047390227275147
Seed_Length,95,955,permuted_null,-0.11001569092624573
Seed_Length,95,956,permuted_null,0.17199002171363936
Seed_Length,95,957,permuted_null,0.056759083747677797
Seed_Length,95,958,permuted_null,0.030055761584648136
Seed_Length,95,959,permuted_null,-0.0628128386618509
Seed_Length,95,960,permuted_null,-0.0220993262695905
Seed_Length,95,961,permuted_null,-0.004168606440047837
Seed_Length,95,962,permuted_null,0.04545528375027029
Seed_Length,95,963,permuted_null,-0.06275438370531793
Seed_Length,95,964,permuted_null,0.028459294069683984
Seed_Length,95,965,permuted_null,-0.022923576427186856
Seed_Length,95,966,permuted_null,0.04972142326327264
Seed_Length,95,967,permuted_null,-0.03347654376708356
Seed_Length,95,968,permuted_null,0.028144670004722372
Seed_Length,95,969,permuted_null,0.06611389686407285
Seed_Length,95,970,permuted_null,-0.04839530822691123
Seed_Length,95,971,permuted_null,-0.07369917551041186
Seed_Length,95,972,permuted_null,0.03450862438325203
Seed_Length,95,973,permuted_null,-0.005584617037369247
Seed_Length,95,974,permuted_null,-0.0006392410471106474
Seed_Length,95,975,permuted_null,0.09635181428764829
Seed_Length,95,976,permuted_null,0.05813375554033042
Seed_Length,95,977,permuted_null,-0.07421840449947095
Seed_Length,95,978,permuted_null,-0.008649931704038754
Seed_Length,95,979,permuted_null,0.001480561289978896
Seed_Length,95,980,permuted_null,0.0048288494521636464
Seed_Length,95,981,permuted_null,0.023113427837228206
Seed_Length,95,982,permuted_null,0.14781091090375142
Seed_Length,95,983,permuted_null,0.04610422500641558
Seed_Length,95,984,permuted_null,0.06532869001010558
Seed_Length,95,985,permuted_null,-0.019853907541357033
Seed_Length,95,986,permuted_null,0.07928330247677692
Seed_Length,95,987,permuted_null,0.08472482928304823
Seed_Length,95,988,permuted_null,-0.06023738152368614
Seed_Length,95,989,permuted_null,-0.11432030487580813
Seed_Length,95,990,permuted_null,0.15407471422099822
Seed_Length,95,991,permuted_null,0.10633362628123982
Seed_Length,95,992,permuted_null,-0.007748740961150739
Seed_Length,95,993,permuted_null,-0.00395795264172439
Seed_Length,95,994,permuted_null,0.01989325612322237
Seed_Length,95,995,permuted_null,-0.12063706714587524
Seed_Length,95,996,permuted_null,0.019688631713758134
Seed_Length,95,997,permuted_null,-0.1102513402866483
Seed_Length,95,998,permuted_null,-0.10550505702321439
Seed_Length,95,999,permuted_null,0.08890510557779156
Seed_Width,95,0,observed,0.2824948166201772
Seed_Width,95,1,observed,0.03884250103061619
Seed_Width,95,2,observed,-0.09741824206681646
Seed_Width,95,3,observed,0.19551794653931548
Seed_Width,95,4,observed,0.25541999569983226
Seed_Width,95,5,observed,0.20163434197409902
Seed_Width,95,6,observed,0.17791333044730895
Seed_Width,95,7,observed,0.28474797638921173
Seed_Width,95,8,observed,0.1684778886644306
Seed_Width,95,9,observed,0.06777096999152502
Seed_Width,95,10,observed,0.10050824506757282
Seed_Width,95,11,observed,0.046316222889198684
Seed_Width,95,12,observed,0.2423486268613217
Seed_Width,95,13,observed,0.057363348252407756
Seed_Width,95,14,observed,0.09797539000090247
Seed_Width,95,15,observed,0.0718598735488705
Seed_Width,95,16,observed,0.09609418478994564
Seed_Width,95,17,observed,-0.02738299811105202
Seed_Width,95,18,observed,0.1034733719866088
Seed_Width,95,19,observed,0.06463936149093999
Seed_Width,95,20,observed,0.21827521770926656
Seed_Width,95,21,observed,0.33273342496735975
Seed_Width,95,22,observed,0.16696515129792577
Seed_Width,95,23,observed,0.2113448022424973
Seed_Width,95,24,observed,0.15935978247371502
Seed_Width,95,25,observed,0.1255623037347111
Seed_Width,95,26,observed,0.15408098082336263
Seed_Width,95,27,observed,0.043846799066365585
Seed_Width,95,28,observed,0.1756870673568202
Seed_Width,95,29,observed,0.0600005172500367
Seed_Width,95,30,observed,0.09309282940501172
Seed_Width,95,31,observed,0.19423798581360224
Seed_Width,95,32,observed,0.24522574773322736
Seed_Width,95,33,observed,0.18890351581097645
Seed_Width,95,34,observed,-0.057822735693374566
Seed_Width,95,35,observed,0.06962443624209443
Seed_Width,95,36,observed,0.03256063986488149
Seed_Width,95,37,observed,0.1563938603389686
Seed_Width,95,38,observed,0.037411920344290694
Seed_Width,95,39,observed,0.08147369672080776
Seed_Width,95,40,observed,0.026223736294849666
Seed_Width,95,41,observed,0.022931436730238276
Seed_Width,95,42,observed,0.12495007364991295
Seed_Width,95,43,observed,0.056506782058596855
Seed_Width,95,44,observed,0.10400367560752992
Seed_Width,95,45,observed,-0.021973129540337817
Seed_Width,95,46,observed,0.1626002547428328
Seed_Width,95,47,observed,0.05033217514208046
Seed_Width,95,48,observed,0.12415281240472789
Seed_Width,95,49,observed,0.0879312977464029
Seed_Width,95,0,permuted_null,-0.11427739903579284
Seed_Width,95,1,permuted_null,-0.050904270537771086
Seed_Width,95,2,permuted_null,-0.03122001663519602
Seed_Width,95,3,permuted_null,-0.017057505188648132
Seed_Width,95,4,permuted_null,0.03627781604791175
Seed_Width,95,5,permuted_null,0.023003010170354582
Seed_Width,95,6,permuted_null,0.016664168090092468
Seed_Width,95,7,permuted_null,0.0026297590014905444
Seed_Width,95,8,permuted_null,-0.022862699907051157
Seed_Width,95,9,permuted_null,-0.03465239990640738
Seed_Width,95,10,permuted_null,0.029362409914313554
Seed_Width,95,11,permuted_null,0.06613256374394144
Seed_Width,95,12,permuted_null,0.07192777874796011
Seed_Width,95,13,permuted_null,0.09638757675971729
Seed_Width,95,14,permuted_null,-0.031200881826963497
Seed_Width,95,15,permuted_null,0.004318058992544685
Seed_Width,95,16,permuted_null,-0.04956698923801574
Seed_Width,95,17,permuted_null,-0.002162227797703283
Seed_Width,95,18,permuted_null,0.002130774944846186
Seed_Width,95,19,permuted_null,-0.07871703775665928
Seed_Width,95,20,permuted_null,0.11545231007498503
Seed_Width,95,21,permuted_null,0.07239863355073334
Seed_Width,95,22,permuted_null,0.12770589246223463
Seed_Width,95,23,permuted_null,0.01960880872466502
Seed_Width,95,24,permuted_null,-0.008765431891095986
Seed_Width,95,25,permuted_null,-0.0645098541820894
Seed_Width,95,26,permuted_null,-0.01887530325547016
Seed_Width,95,27,permuted_null,-0.009177054131399989
Seed_Width,95,28,permuted_null,0.07174929888001566
Seed_Width,95,29,permuted_null,0.1070656571405749
Seed_Width,95,30,permuted_null,-0.001659998901572618
Seed_Width,95,31,permuted_null,-0.029486840599331966
Seed_Width,95,32,permuted_null,0.11947170677905791
Seed_Width,95,33,permuted_null,-0.006465188470113164
Seed_Width,95,34,permuted_null,-0.0020722753378239686
Seed_Width,95,35,permuted_null,-0.03324713237687971
Seed_Width,95,36,permuted_null,0.06447378957594092
Seed_Width,95,37,permuted_null,0.06684229552096482
Seed_Width,95,38,permuted_null,-0.07251492000637211
Seed_Width,95,39,permuted_null,-0.028842853339217347
Seed_Width,95,40,permuted_null,-0.12467296331113828
Seed_Width,95,41,permuted_null,-0.048187441905995027
Seed_Width,95,42,permuted_null,0.13554314083369667
Seed_Width,95,43,permuted_null,0.08309214910688928
Seed_Width,95,44,permuted_null,-0.05334743876851584
Seed_Width,95,45,permuted_null,-0.0024066179657944164
Seed_Width,95,46,permuted_null,-0.10216008076858935
Seed_Width,95,47,permuted_null,-0.09026912823768898
Seed_Width,95,48,permuted_null,0.1592436006738758
Seed_Width,95,49,permuted_null,0.023476648062219274
Seed_Width,95,50,permuted_null,0.04354675189073344
Seed_Width,95,51,permuted_null,-0.08675829320443677
Seed_Width,95,52,permuted_null,-0.13077182267437118
Seed_Width,95,53,permuted_null,0.040248680071175595
Seed_Width,95,54,permuted_null,-0.13584479052107828
Seed_Width,95,55,permuted_null,0.018486011408935334
Seed_Width,95,56,permuted_null,-0.08143409776575174
Seed_Width,95,57,permuted_null,0.0352717289304231
Seed_Width,95,58,permuted_null,0.0897605449063004
Seed_Width,95,59,permuted_null,-0.10729202602565042
Seed_Width,95,60,permuted_null,-0.04648409567084505
Seed_Width,95,61,permuted_null,0.08403380265654474
Seed_Width,95,62,permuted_null,-0.0035676213601735646
Seed_Width,95,63,permuted_null,0.10864397013273254
Seed_Width,95,64,permuted_null,-0.04238122034923149
Seed_Width,95,65,permuted_null,-0.018785468020549013
Seed_Width,95,66,permuted_null,0.02741544159633972
Seed_Width,95,67,permuted_null,-0.02375638797115208
Seed_Width,95,68,permuted_null,-0.05271227346169457
Seed_Width,95,69,permuted_null,0.03297170611880766
Seed_Width,95,70,permuted_null,-0.03164357987047145
Seed_Width,95,71,permuted_null,0.11257645208331785
Seed_Width,95,72,permuted_null,0.010769339035176378
Seed_Width,95,73,permuted_null,-0.026618639591913698
Seed_Width,95,74,permuted_null,0.07672281065572496
Seed_Width,95,75,permuted_null,0.09760771475937065
Seed_Width,95,76,permuted_null,0.07217802870817212
Seed_Width,95,77,permuted_null,0.14770639536714236
Seed_Width,95,78,permuted_null,-0.0016049211063009668
Seed_Width,95,79,permuted_null,0.18689524440423833
Seed_Width,95,80,permuted_null,-0.041776355082589256
Seed_Width,95,81,permuted_null,-0.17031952228050198
Seed_Width,95,82,permuted_null,0.05899148784061507
Seed_Width,95,83,permuted_null,-0.0863700906975661
Seed_Width,95,84,permuted_null,-0.05625750051660229
Seed_Width,95,85,permuted_null,-0.1462687231132667
Seed_Width,95,86,permuted_null,0.04519094950413011
Seed_Width,95,87,permuted_null,-0.0011781180597721375
Seed_Width,95,88,permuted_null,-0.019909339348141524
Seed_Width,95,89,permuted_null,-0.06520855023980528
Seed_Width,95,90,permuted_null,0.016440918614784764
Seed_Width,95,91,permuted_null,0.06520054284705587
Seed_Width,95,92,permuted_null,-0.062196617041582566
Seed_Width,95,93,permuted_null,0.06863120145881488
Seed_Width,95,94,permuted_null,0.09392573282919348
Seed_Width,95,95,permuted_null,-0.1044165433032883
Seed_Width,95,96,permuted_null,-0.11345079259096194
Seed_Width,95,97,permuted_null,-0.03698290016586324
Seed_Width,95,98,permuted_null,0.07124472683643884
Seed_Width,95,99,permuted_null,0.13735175123199744
Seed_Width,95,100,permuted_null,0.07218897151190683
Seed_Width,95,101,permuted_null,-0.10584734797414752
Seed_Width,95,102,permuted_null,-0.09144599492712398
Seed_Width,95,103,permuted_null,0.0795641931077224
Seed_Width,95,104,permuted_null,0.06205419958636017
Seed_Width,95,105,permuted_null,-0.12541069164507931
Seed_Width,95,106,permuted_null,-0.06731403526624416
Seed_Width,95,107,permuted_null,0.0854514680396524
Seed_Width,95,108,permuted_null,0.019310859752191017
Seed_Width,95,109,permuted_null,0.0771121439104827
Seed_Width,95,110,permuted_null,0.0772561964142941
Seed_Width,95,111,permuted_null,-0.021723384280261528
Seed_Width,95,112,permuted_null,0.01614571794457435
Seed_Width,95,113,permuted_null,-0.039121507501151336
Seed_Width,95,114,permuted_null,0.027093987635572594
Seed_Width,95,115,permuted_null,0.1295709423999033
Seed_Width,95,116,permuted_null,0.0066070490076418215
Seed_Width,95,117,permuted_null,-0.07380941482414893
Seed_Width,95,118,permuted_null,0.06197473704468128
Seed_Width,95,119,permuted_null,-0.037287789298799626
Seed_Width,95,120,permuted_null,0.03927073311800282
Seed_Width,95,121,permuted_null,0.07559082116336673
Seed_Width,95,122,permuted_null,-0.11417939304367763
Seed_Width,95,123,permuted_null,-0.06640746088207033
Seed_Width,95,124,permuted_null,-0.020760192659114975
Seed_Width,95,125,permuted_null,-0.01135091521973064
Seed_Width,95,126,permuted_null,0.03642619473470915
Seed_Width,95,127,permuted_null,-0.05675163176956868
Seed_Width,95,128,permuted_null,-0.08055856436042849
Seed_Width,95,129,permuted_null,0.025818285773651015
Seed_Width,95,130,permuted_null,0.07419363742155499
Seed_Width,95,131,permuted_null,0.14479946279108763
Seed_Width,95,132,permuted_null,-0.03584543557022407
Seed_Width,95,133,permuted_null,-0.031435856952935964
Seed_Width,95,134,permuted_null,0.018493202382431226
Seed_Width,95,135,permuted_null,0.025528284079271747
Seed_Width,95,136,permuted_null,0.18970384977063137
Seed_Width,95,137,permuted_null,-0.03571163030523715
Seed_Width,95,138,permuted_null,0.02453249465849404
Seed_Width,95,139,permuted_null,-0.04402400770584253
Seed_Width,95,140,permuted_null,-0.018510622904616927
Seed_Width,95,141,permuted_null,0.11418621283671768
Seed_Width,95,142,permuted_null,0.0427455434432335
Seed_Width,95,143,permuted_null,-0.14030987797644315
Seed_Width,95,144,permuted_null,0.09268147415419078
Seed_Width,95,145,permuted_null,0.0025999416135209924
Seed_Width,95,146,permuted_null,0.16186829394243843
Seed_Width,95,147,permuted_null,0.054274998212043055
Seed_Width,95,148,permuted_null,0.054843600554162916
Seed_Width,95,149,permuted_null,-0.014293535278533876
Seed_Width,95,150,permuted_null,-0.07164291763552666
Seed_Width,95,151,permuted_null,0.07182791272446354
Seed_Width,95,152,permuted_null,-0.11196921151727107
Seed_Width,95,153,permuted_null,0.12019709126286994
Seed_Width,95,154,permuted_null,-0.04395559855900978
Seed_Width,95,155,permuted_null,0.03996909156430276
Seed_Width,95,156,permuted_null,0.040594706193530505
Seed_Width,95,157,permuted_null,0.0518294532885833
Seed_Width,95,158,permuted_null,-0.03975663134961842
Seed_Width,95,159,permuted_null,-0.012181628329733345
Seed_Width,95,160,permuted_null,-0.17799845767139172
Seed_Width,95,161,permuted_null,-0.004857944044030671
Seed_Width,95,162,permuted_null,0.07025650885959332
Seed_Width,95,163,permuted_null,0.08676076626891652
Seed_Width,95,164,permuted_null,-0.07510942527577358
Seed_Width,95,165,permuted_null,-0.024066505651446177
Seed_Width,95,166,permuted_null,0.07878715643248771
Seed_Width,95,167,permuted_null,-0.10802988063135614
Seed_Width,95,168,permuted_null,-0.09278689793121103
Seed_Width,95,169,permuted_null,0.007639942724073631
Seed_Width,95,170,permuted_null,0.021132037380113426
Seed_Width,95,171,permuted_null,-0.06373246303409656
Seed_Width,95,172,permuted_null,-0.13151300698129853
Seed_Width,95,173,permuted_null,0.01846393315826506
Seed_Width,95,174,permuted_null,0.06463268465986123
Seed_Width,95,175,permuted_null,-0.07113728772842681
Seed_Width,95,176,permuted_null,-0.016817683605923034
Seed_Width,95,177,permuted_null,0.004162584885931658
Seed_Width,95,178,permuted_null,0.030440207392224097
Seed_Width,95,179,permuted_null,0.11444786644472349
Seed_Width,95,180,permuted_null,0.03233351693862585
Seed_Width,95,181,permuted_null,-0.025442701281743405
Seed_Width,95,182,permuted_null,-0.03200915868183782
Seed_Width,95,183,permuted_null,-0.05763645783342902
Seed_Width,95,184,permuted_null,-0.0528373490083991
Seed_Width,95,185,permuted_null,-0.04104238988057143
Seed_Width,95,186,permuted_null,0.08068759325760347
Seed_Width,95,187,permuted_null,0.01736218042656955
Seed_Width,95,188,permuted_null,-0.04730987697509882
Seed_Width,95,189,permuted_null,0.06058295009851016
Seed_Width,95,190,permuted_null,0.010362465491255128
Seed_Width,95,191,permuted_null,-0.014690941534335252
Seed_Width,95,192,permuted_null,-0.014668760068865562
Seed_Width,95,193,permuted_null,-0.020994767430169703
Seed_Width,95,194,permuted_null,-0.10890715524555339
Seed_Width,95,195,permuted_null,-0.09336377013963137
Seed_Width,95,196,permuted_null,0.06616155813902316
Seed_Width,95,197,permuted_null,-0.03899874258069639
Seed_Width,95,198,permuted_null,0.06249864924496116
Seed_Width,95,199,permuted_null,-0.006197694921837516
Seed_Width,95,200,permuted_null,0.009373531932888049
Seed_Width,95,201,permuted_null,-0.027792614591699294
Seed_Width,95,202,permuted_null,-0.006657133259475076
Seed_Width,95,203,permuted_null,-0.047597616347162634
Seed_Width,95,204,permuted_null,0.08891775551106831
Seed_Width,95,205,permuted_null,0.06862329136916104
Seed_Width,95,206,permuted_null,0.07043949655726627
Seed_Width,95,207,permuted_null,-0.12482646003440984
Seed_Width,95,208,permuted_null,0.04568661695716028
Seed_Width,95,209,permuted_null,0.027406894142400585
Seed_Width,95,210,permuted_null,-0.02356568609171065
Seed_Width,95,211,permuted_null,0.21052255529157016
Seed_Width,95,212,permuted_null,-0.058236323619878023
Seed_Width,95,213,permuted_null,-0.0020480766081780663
Seed_Width,95,214,permuted_null,-0.06521817060274432
Seed_Width,95,215,permuted_null,0.03712803069300448
Seed_Width,95,216,permuted_null,0.0017705223863297564
Seed_Width,95,217,permuted_null,0.0007820625776855591
Seed_Width,95,218,permuted_null,0.08097444768920617
Seed_Width,95,219,permuted_null,-0.12316332690075855
Seed_Width,95,220,permuted_null,-0.03013737437573759
Seed_Width,95,221,permuted_null,0.01776813164643209
Seed_Width,95,222,permuted_null,-0.1048553148961599
Seed_Width,95,223,permuted_null,0.0038846708427616537
Seed_Width,95,224,permuted_null,0.037997410429920234
Seed_Width,95,225,permuted_null,-0.01884405775226744
Seed_Width,95,226,permuted_null,-0.04347121183810384
Seed_Width,95,227,permuted_null,-0.02655767260849508
Seed_Width,95,228,permuted_null,0.04784899497347677
Seed_Width,95,229,permuted_null,-0.006410277167817308
Seed_Width,95,230,permuted_null,0.07073522921876552
Seed_Width,95,231,permuted_null,-0.03549338498072989
Seed_Width,95,232,permuted_null,-0.11303034870347586
Seed_Width,95,233,permuted_null,-0.09470633752920662
Seed_Width,95,234,permuted_null,-0.006971911608530584
Seed_Width,95,235,permuted_null,-0.02481817934867448
Seed_Width,95,236,permuted_null,0.040449711791877556
Seed_Width,95,237,permuted_null,0.015168887657133943
Seed_Width,95,238,permuted_null,0.2331468164627522
Seed_Width,95,239,permuted_null,-0.0004249187400013968
Seed_Width,95,240,permuted_null,-0.04277116722368958
Seed_Width,95,241,permuted_null,-0.07353782070014692
Seed_Width,95,242,permuted_null,-0.04421630218269526
Seed_Width,95,243,permuted_null,-0.09862941328033163
Seed_Width,95,244,permuted_null,0.1318490140902483
Seed_Width,95,245,permuted_null,-0.11806540344746183
Seed_Width,95,246,permuted_null,-0.0650001033015773
Seed_Width,95,247,permuted_null,0.06495747052805974
Seed_Width,95,248,permuted_null,-0.08496114162520678
Seed_Width,95,249,permuted_null,-0.03962051474563478
Seed_Width,95,250,permuted_null,-0.006512652106765673
Seed_Width,95,251,permuted_null,0.029113703068007757
Seed_Width,95,252,permuted_null,-0.1775057234032683
Seed_Width,95,253,permuted_null,0.04632837850075391
Seed_Width,95,254,permuted_null,-0.18993921790825977
Seed_Width,95,255,permuted_null,-0.08871050934637857
Seed_Width,95,256,permuted_null,0.028395163037977483
Seed_Width,95,257,permuted_null,-0.01317673759527536
Seed_Width,95,258,permuted_null,-0.11884632008190035
Seed_Width,95,259,permuted_null,0.03413994503140854
Seed_Width,95,260,permuted_null,0.012064977361909684
Seed_Width,95,261,permuted_null,-0.07468199743959074
Seed_Width,95,262,permuted_null,-0.06747050700402907
Seed_Width,95,263,permuted_null,0.08093305015318514
Seed_Width,95,264,permuted_null,-0.0930193670988126
Seed_Width,95,265,permuted_null,-0.05828953325155573
Seed_Width,95,266,permuted_null,0.0076578777339539605
Seed_Width,95,267,permuted_null,0.0018262337828208186
Seed_Width,95,268,permuted_null,-0.10141835647178975
Seed_Width,95,269,permuted_null,-0.05708440357347143
Seed_Width,95,270,permuted_null,0.07786113515478522
Seed_Width,95,271,permuted_null,-0.025476691413181703
Seed_Width,95,272,permuted_null,0.07370618251172135
Seed_Width,95,273,permuted_null,-0.06048118820639283
Seed_Width,95,274,permuted_null,0.11435333018127623
Seed_Width,95,275,permuted_null,0.06707209379486503
Seed_Width,95,276,permuted_null,-0.02831318909050199
Seed_Width,95,277,permuted_null,0.027236146364470498
Seed_Width,95,278,permuted_null,-0.010760483036065326
Seed_Width,95,279,permuted_null,0.04348909105849329
Seed_Width,95,280,permuted_null,-0.02523545953972307
Seed_Width,95,281,permuted_null,0.061669723843354375
Seed_Width,95,282,permuted_null,0.02539925134735968
Seed_Width,95,283,permuted_null,-0.04435700575429663
Seed_Width,95,284,permuted_null,-0.011020960604927375
Seed_Width,95,285,permuted_null,0.02868902879575345
Seed_Width,95,286,permuted_null,0.038383197355696216
Seed_Width,95,287,permuted_null,0.055310847059691456
Seed_Width,95,288,permuted_null,-0.008720676760375638
Seed_Width,95,289,permuted_null,-0.0279603870851522
Seed_Width,95,290,permuted_null,-0.11361462490937477
Seed_Width,95,291,permuted_null,-0.01559211803082168
Seed_Width,95,292,permuted_null,-0.04636201733514034
Seed_Width,95,293,permuted_null,-0.13999007968990035
Seed_Width,95,294,permuted_null,0.08849188476609797
Seed_Width,95,295,permuted_null,0.010170936761442505
Seed_Width,95,296,permuted_null,-0.05692848431269917
Seed_Width,95,297,permuted_null,0.016603425242923305
Seed_Width,95,298,permuted_null,-0.05368685997126988
Seed_Width,95,299,permuted_null,-0.056658145739285154
Seed_Width,95,300,permuted_null,0.00041055628341985645
Seed_Width,95,301,permuted_null,-0.07093943121119167
Seed_Width,95,302,permuted_null,-0.030384684960134523
Seed_Width,95,303,permuted_null,-0.07902512234050511
Seed_Width,95,304,permuted_null,-0.07076751429169667
Seed_Width,95,305,permuted_null,-0.013615890500150683
Seed_Width,95,306,permuted_null,-0.10073056502756464
Seed_Width,95,307,permuted_null,-0.07810462667812022
Seed_Width,95,308,permuted_null,0.056836433237846457
Seed_Width,95,309,permuted_null,-0.06165941091993156
Seed_Width,95,310,permuted_null,-0.020766853600684282
Seed_Width,95,311,permuted_null,-0.0042174126643496
Seed_Width,95,312,permuted_null,-0.02147686213690464
Seed_Width,95,313,permuted_null,0.00020613131489585074
Seed_Width,95,314,permuted_null,-0.01659492328403593
Seed_Width,95,315,permuted_null,-0.014310142815977546
Seed_Width,95,316,permuted_null,-0.017742786311244145
Seed_Width,95,317,permuted_null,-0.06434519820822697
Seed_Width,95,318,permuted_null,-0.1204299706001225
Seed_Width,95,319,permuted_null,0.19937073457210747
Seed_Width,95,320,permuted_null,-0.002202556251784289
Seed_Width,95,321,permuted_null,-0.1711086159210245
Seed_Width,95,322,permuted_null,0.021266378876534667
Seed_Width,95,323,permuted_null,0.02976213585949422
Seed_Width,95,324,permuted_null,0.06317438661776578
Seed_Width,95,325,permuted_null,0.20029388064189568
Seed_Width,95,326,permuted_null,-0.018476433308166777
Seed_Width,95,327,permuted_null,-0.036659451935711906
Seed_Width,95,328,permuted_null,-0.011721471731430587
Seed_Width,95,329,permuted_null,0.081496578251969
Seed_Width,95,330,permuted_null,-0.0637631612430608
Seed_Width,95,331,permuted_null,0.04687378067636226
Seed_Width,95,332,permuted_null,-0.05505697999194095
Seed_Width,95,333,permuted_null,-0.06411922267826928
Seed_Width,95,334,permuted_null,-0.013172785247985007
Seed_Width,95,335,permuted_null,-0.08658523383229776
Seed_Width,95,336,permuted_null,0.05575757801767489
Seed_Width,95,337,permuted_null,0.0015139138341119587
Seed_Width,95,338,permuted_null,0.04189433896085218
Seed_Width,95,339,permuted_null,-0.09790071762379225
Seed_Width,95,340,permuted_null,0.03469264342028067
Seed_Width,95,341,permuted_null,0.12743979375091888
Seed_Width,95,342,permuted_null,0.042889620092621275
Seed_Width,95,343,permuted_null,0.059291629402530126
Seed_Width,95,344,permuted_null,0.040861829793075746
Seed_Width,95,345,permuted_null,0.006800405952067476
Seed_Width,95,346,permuted_null,0.0661454469597196
Seed_Width,95,347,permuted_null,0.025399291494445232
Seed_Width,95,348,permuted_null,0.024584833285500644
Seed_Width,95,349,permuted_null,0.02775727128795439
Seed_Width,95,350,permuted_null,0.006584811552260955
Seed_Width,95,351,permuted_null,-0.0045387034056267525
Seed_Width,95,352,permuted_null,-0.01945372534967523
Seed_Width,95,353,permuted_null,0.07164894970441651
Seed_Width,95,354,permuted_null,-0.08200581765068252
Seed_Width,95,355,permuted_null,0.07139340989216936
Seed_Width,95,356,permuted_null,-0.018804504316261843
Seed_Width,95,357,permuted_null,0.033564851443495886
Seed_Width,95,358,permuted_null,0.0487071036641365
Seed_Width,95,359,permuted_null,-0.07718713145897173
Seed_Width,95,360,permuted_null,-0.037465931084657726
Seed_Width,95,361,permuted_null,0.02811206495885784
Seed_Width,95,362,permuted_null,0.04354120289217473
Seed_Width,95,363,permuted_null,-0.03371681972226465
Seed_Width,95,364,permuted_null,0.025079047108107697
Seed_Width,95,365,permuted_null,0.015589921806302427
Seed_Width,95,366,permuted_null,-0.10694090710009166
Seed_Width,95,367,permuted_null,-0.11701474119353528
Seed_Width,95,368,permuted_null,0.17429228813435838
Seed_Width,95,369,permuted_null,-0.07757982856433326
Seed_Width,95,370,permuted_null,-0.02375573096302952
Seed_Width,95,371,permuted_null,-0.03998735383598257
Seed_Width,95,372,permuted_null,-0.04676579972148196
Seed_Width,95,373,permuted_null,0.0013414343163586917
Seed_Width,95,374,permuted_null,-0.06085285287986638
Seed_Width,95,375,permuted_null,-0.016938626436395335
Seed_Width,95,376,permuted_null,-0.06370190518921169
Seed_Width,95,377,permuted_null,-0.07521715469607632
Seed_Width,95,378,permuted_null,-0.0584857552322968
Seed_Width,95,379,permuted_null,0.12098494560565204
Seed_Width,95,380,permuted_null,-0.03762192822262154
Seed_Width,95,381,permuted_null,0.12616335816722438
Seed_Width,95,382,permuted_null,0.0030355193554673435
Seed_Width,95,383,permuted_null,-0.11189030075617276
Seed_Width,95,384,permuted_null,-0.014936681152665535
Seed_Width,95,385,permuted_null,0.06994645920061138
Seed_Width,95,386,permuted_null,0.07706559681457253
Seed_Width,95,387,permuted_null,0.09387758431690524
Seed_Width,95,388,permuted_null,-0.00933411767517369
Seed_Width,95,389,permuted_null,-0.007553693336983955
Seed_Width,95,390,permuted_null,-0.06420042451854902
Seed_Width,95,391,permuted_null,0.026777950968013015
Seed_Width,95,392,permuted_null,0.018271739082311972
Seed_Width,95,393,permuted_null,0.03779379005473597
Seed_Width,95,394,permuted_null,-0.032960322956433814
Seed_Width,95,395,permuted_null,0.08704355548579892
Seed_Width,95,396,permuted_null,-0.1019614052123338
Seed_Width,95,397,permuted_null,-0.02770308023226266
Seed_Width,95,398,permuted_null,0.11110477951228238
Seed_Width,95,399,permuted_null,-0.03735766780771824
Seed_Width,95,400,permuted_null,0.002494907175046201
Seed_Width,95,401,permuted_null,0.09482182969434046
Seed_Width,95,402,permuted_null,-0.0638975660693164
Seed_Width,95,403,permuted_null,0.029073065369749393
Seed_Width,95,404,permuted_null,0.14223366876122445
Seed_Width,95,405,permuted_null,-0.19122516708360449
Seed_Width,95,406,permuted_null,-0.007281959417301809
Seed_Width,95,407,permuted_null,0.07948823070486276
Seed_Width,95,408,permuted_null,-0.13258263706140036
Seed_Width,95,409,permuted_null,-0.024872169042313187
Seed_Width,95,410,permuted_null,0.21987896536237217
Seed_Width,95,411,permuted_null,0.01209521783626577
Seed_Width,95,412,permuted_null,0.07228603626703226
Seed_Width,95,413,permuted_null,0.07942195656968075
Seed_Width,95,414,permuted_null,-0.07052361390201639
Seed_Width,95,415,permuted_null,0.025423540528623355
Seed_Width,95,416,permuted_null,0.1061116915322023
Seed_Width,95,417,permuted_null,-0.09311844454323082
Seed_Width,95,418,permuted_null,0.07740846398637521
Seed_Width,95,419,permuted_null,-0.08022239509231786
Seed_Width,95,420,permuted_null,-0.06988249040662871
Seed_Width,95,421,permuted_null,-0.014776863020128282
Seed_Width,95,422,permuted_null,-0.10082977183604312
Seed_Width,95,423,permuted_null,0.003468932064237401
Seed_Width,95,424,permuted_null,-0.006629647846897506
Seed_Width,95,425,permuted_null,0.07661081218626112
Seed_Width,95,426,permuted_null,-0.00259619680984113
Seed_Width,95,427,permuted_null,0.00905516615171148
Seed_Width,95,428,permuted_null,-0.0813536960184636
Seed_Width,95,429,permuted_null,0.08648754727524567
Seed_Width,95,430,permuted_null,0.18415382949088877
Seed_Width,95,431,permuted_null,-0.11230751299499178
Seed_Width,95,432,permuted_null,-0.1301162966349873
Seed_Width,95,433,permuted_null,0.041861387287232175
Seed_Width,95,434,permuted_null,0.0038147370919873747
Seed_Width,95,435,permuted_null,-0.038928307310719085
Seed_Width,95,436,permuted_null,-0.1672988386403868
Seed_Width,95,437,permuted_null,0.017108565098621475
Seed_Width,95,438,permuted_null,0.001679706885198147
Seed_Width,95,439,permuted_null,-0.04078955394919168
Seed_Width,95,440,permuted_null,-0.010881578322233312
Seed_Width,95,441,permuted_null,-0.12779941134635747
Seed_Width,95,442,permuted_null,0.05319449235394022
Seed_Width,95,443,permuted_null,-0.09888392240196722
Seed_Width,95,444,permuted_null,-0.08790104547512934
Seed_Width,95,445,permuted_null,0.08311517832958606
Seed_Width,95,446,permuted_null,0.026999151566723487
Seed_Width,95,447,permuted_null,0.030535956638805886
Seed_Width,95,448,permuted_null,-0.03834387595925128
Seed_Width,95,449,permuted_null,0.12706534876352316
Seed_Width,95,450,permuted_null,0.051937897041925946
Seed_Width,95,451,permuted_null,-0.030627356230320375
Seed_Width,95,452,permuted_null,-0.04457194758433503
Seed_Width,95,453,permuted_null,-0.0014232256205929383
Seed_Width,95,454,permuted_null,-0.08968445931059513
Seed_Width,95,455,permuted_null,0.13298850710907167
Seed_Width,95,456,permuted_null,-0.03816398073471461
Seed_Width,95,457,permuted_null,-0.07945275462914823
Seed_Width,95,458,permuted_null,0.03905779203006542
Seed_Width,95,459,permuted_null,0.09981850863771227
Seed_Width,95,460,permuted_null,-0.10331920165399236
Seed_Width,95,461,permuted_null,-0.008546742386480163
Seed_Width,95,462,permuted_null,0.04474864124198863
Seed_Width,95,463,permuted_null,-0.19789169851309793
Seed_Width,95,464,permuted_null,-0.024533292636496708
Seed_Width,95,465,permuted_null,0.000946413600731626
Seed_Width,95,466,permuted_null,0.01763459182219452
Seed_Width,95,467,permuted_null,0.05350383050895281
Seed_Width,95,468,permuted_null,-0.01533035204983299
Seed_Width,95,469,permuted_null,-0.012184076513404401
Seed_Width,95,470,permuted_null,-0.12378044139932357
Seed_Width,95,471,permuted_null,0.050211270799422475
Seed_Width,95,472,permuted_null,0.04213615833649127
Seed_Width,95,473,permuted_null,0.05186447280552529
Seed_Width,95,474,permuted_null,0.11746685876916244
Seed_Width,95,475,permuted_null,-0.05090767486865777
Seed_Width,95,476,permuted_null,-0.03628860853156732
Seed_Width,95,477,permuted_null,0.18747292576789254
Seed_Width,95,478,permuted_null,-0.08573037892831231
Seed_Width,95,479,permuted_null,0.0920903807317797
Seed_Width,95,480,permuted_null,0.007231155222314538
Seed_Width,95,481,permuted_null,0.013488531281892174
Seed_Width,95,482,permuted_null,-0.030147897259809348
Seed_Width,95,483,permuted_null,0.10059626529181673
Seed_Width,95,484,permuted_null,0.008886703320220159
Seed_Width,95,485,permuted_null,0.07643064141117964
Seed_Width,95,486,permuted_null,0.07756541518105638
Seed_Width,95,487,permuted_null,0.014937125977267002
Seed_Width,95,488,permuted_null,-0.0271034294537333
Seed_Width,95,489,permuted_null,0.09584244687897761
Seed_Width,95,490,permuted_null,0.14617780835740413
Seed_Width,95,491,permuted_null,-0.007542704066014261
Seed_Width,95,492,permuted_null,0.03361908398063291
Seed_Width,95,493,permuted_null,0.06861380792079522
Seed_Width,95,494,permuted_null,-0.12110549466160131
Seed_Width,95,495,permuted_null,0.005495397530908511
Seed_Width,95,496,permuted_null,0.08384858638150353
Seed_Width,95,497,permuted_null,0.05018221493064029
Seed_Width,95,498,permuted_null,-0.022537990915061236
Seed_Width,95,499,permuted_null,0.07672716258944634
Seed_Width,95,500,permuted_null,-0.03796076405402063
Seed_Width,95,501,permuted_null,0.041647760816022186
Seed_Width,95,502,permuted_null,-0.09070591099076317
Seed_Width,95,503,permuted_null,0.025192491107457866
Seed_Width,95,504,permuted_null,-0.052901766022157154
Seed_Width,95,505,permuted_null,-0.025340330145260798
Seed_Width,95,506,permuted_null,-0.1035165660156726
Seed_Width,95,507,permuted_null,-0.07191446467090996
Seed_Width,95,508,permuted_null,-0.01998537682808949
Seed_Width,95,509,permuted_null,0.029415089830521962
Seed_Width,95,510,permuted_null,0.02568295546837057
Seed_Width,95,511,permuted_null,0.06626574112773966
Seed_Width,95,512,permuted_null,-0.05473532742919582
Seed_Width,95,513,permuted_null,0.015471703731182923
Seed_Width,95,514,permuted_null,0.05279774106251914
Seed_Width,95,515,permuted_null,-0.053487152338464
Seed_Width,95,516,permuted_null,0.1941605724539694
Seed_Width,95,517,permuted_null,-0.014277541219535932
Seed_Width,95,518,permuted_null,0.019308543251927393
Seed_Width,95,519,permuted_null,0.03733018343577836
Seed_Width,95,520,permuted_null,-0.08175169769221079
Seed_Width,95,521,permuted_null,-0.07902796371002715
Seed_Width,95,522,permuted_null,0.08711097298052575
Seed_Width,95,523,permuted_null,-0.1167145425905655
Seed_Width,95,524,permuted_null,0.03383647025143631
Seed_Width,95,525,permuted_null,0.17784585358217103
Seed_Width,95,526,permuted_null,0.141829373524648
Seed_Width,95,527,permuted_null,-0.09777006159051518
Seed_Width,95,528,permuted_null,-0.19359858107929295
Seed_Width,95,529,permuted_null,0.07246092071181648
Seed_Width,95,530,permuted_null,0.0036567778584637306
Seed_Width,95,531,permuted_null,-0.0384083355371228
Seed_Width,95,532,permuted_null,-0.08498403786909128
Seed_Width,95,533,permuted_null,0.03146337704201406
Seed_Width,95,534,permuted_null,0.0710822515758364
Seed_Width,95,535,permuted_null,-0.0543628825716459
Seed_Width,95,536,permuted_null,-0.0861711057876264
Seed_Width,95,537,permuted_null,-0.05120023371998475
Seed_Width,95,538,permuted_null,0.1100758551710262
Seed_Width,95,539,permuted_null,-0.014842162442379986
Seed_Width,95,540,permuted_null,0.004176995731620805
Seed_Width,95,541,permuted_null,0.17007399335780524
Seed_Width,95,542,permuted_null,0.03578571901916427
Seed_Width,95,543,permuted_null,0.05954650909886334
Seed_Width,95,544,permuted_null,-0.008915621844547215
Seed_Width,95,545,permuted_null,0.09250205565030287
Seed_Width,95,546,permuted_null,0.0924982124812384
Seed_Width,95,547,permuted_null,-0.02380292146971963
Seed_Width,95,548,permuted_null,0.07234707754133833
Seed_Width,95,549,permuted_null,-0.026476341091419518
Seed_Width,95,550,permuted_null,0.019034718670868287
Seed_Width,95,551,permuted_null,0.01735700880743854
Seed_Width,95,552,permuted_null,0.017373476641606087
Seed_Width,95,553,permuted_null,-0.07233937869497394
Seed_Width,95,554,permuted_null,-0.04569198394122165
Seed_Width,95,555,permuted_null,0.05580736448684685
Seed_Width,95,556,permuted_null,-0.05184439983640829
Seed_Width,95,557,permuted_null,-0.05681466295260773
Seed_Width,95,558,permuted_null,0.04416323105705947
Seed_Width,95,559,permuted_null,0.12901367829922405
Seed_Width,95,560,permuted_null,0.005867648176213571
Seed_Width,95,561,permuted_null,0.07157038722185283
Seed_Width,95,562,permuted_null,-0.017772099757366173
Seed_Width,95,563,permuted_null,-0.026590044943178064
Seed_Width,95,564,permuted_null,0.08412607525053208
Seed_Width,95,565,permuted_null,-0.13805646229691498
Seed_Width,95,566,permuted_null,0.018264927887691216
Seed_Width,95,567,permuted_null,-0.04946641780307849
Seed_Width,95,568,permuted_null,-0.040578824038935535
Seed_Width,95,569,permuted_null,0.055650716003443325
Seed_Width,95,570,permuted_null,-0.04462624319196186
Seed_Width,95,571,permuted_null,0.12912981556047978
Seed_Width,95,572,permuted_null,0.11367152608243446
Seed_Width,95,573,permuted_null,0.13635925218597417
Seed_Width,95,574,permuted_null,-0.03888163221968312
Seed_Width,95,575,permuted_null,-0.017094985085003154
Seed_Width,95,576,permuted_null,0.028783634225023533
Seed_Width,95,577,permuted_null,0.10699838249942406
Seed_Width,95,578,permuted_null,-0.02724450010663407
Seed_Width,95,579,permuted_null,0.040883818067009955
Seed_Width,95,580,permuted_null,-0.017749642197759777
Seed_Width,95,581,permuted_null,-0.06986777819843448
Seed_Width,95,582,permuted_null,-0.023184096718261254
Seed_Width,95,583,permuted_null,-0.0722692013151251
Seed_Width,95,584,permuted_null,0.0081238188200543
Seed_Width,95,585,permuted_null,-0.06781040067535932
Seed_Width,95,586,permuted_null,0.08297576442304211
Seed_Width,95,587,permuted_null,0.08629352621995834
Seed_Width,95,588,permuted_null,-0.026727991242809473
Seed_Width,95,589,permuted_null,0.08969466790496142
Seed_Width,95,590,permuted_null,0.05557020636455482
Seed_Width,95,591,permuted_null,-0.0030353890707031823
Seed_Width,95,592,permuted_null,0.09800836600854755
Seed_Width,95,593,permuted_null,-0.05783896960694605
Seed_Width,95,594,permuted_null,-0.03702155137392091
Seed_Width,95,595,permuted_null,-0.05073319100071002
Seed_Width,95,596,permuted_null,0.03726148883809898
Seed_Width,95,597,permuted_null,0.018725350172309287
Seed_Width,95,598,permuted_null,-0.15760583483418064
Seed_Width,95,599,permuted_null,-0.02187390034177012
Seed_Width,95,600,permuted_null,-0.08556663078950963
Seed_Width,95,601,permuted_null,-0.062079296055081494
Seed_Width,95,602,permuted_null,-0.0893962094285739
Seed_Width,95,603,permuted_null,0.07950448248199132
Seed_Width,95,604,permuted_null,-0.10114897612485214
Seed_Width,95,605,permuted_null,-0.0944081235728228
Seed_Width,95,606,permuted_null,0.05945556969093328
Seed_Width,95,607,permuted_null,0.15628719914217326
Seed_Width,95,608,permuted_null,-0.12135212430032315
Seed_Width,95,609,permuted_null,-0.0067958820447809945
Seed_Width,95,610,permuted_null,-0.06363407195790716
Seed_Width,95,611,permuted_null,-0.0031506334674768904
Seed_Width,95,612,permuted_null,-0.003557631702852296
Seed_Width,95,613,permuted_null,-0.17156169398845028
Seed_Width,95,614,permuted_null,0.07462431100062483
Seed_Width,95,615,permuted_null,0.08134449224553798
Seed_Width,95,616,permuted_null,0.02671939963888398
Seed_Width,95,617,permuted_null,0.054865857120218284
Seed_Width,95,618,permuted_null,0.031249884832670254
Seed_Width,95,619,permuted_null,-0.024397088242376186
Seed_Width,95,620,permuted_null,0.04642883848816741
Seed_Width,95,621,permuted_null,-0.03019087298189426
Seed_Width,95,622,permuted_null,-0.00024953208228309723
Seed_Width,95,623,permuted_null,-0.02360492504806925
Seed_Width,95,624,permuted_null,0.0188211901150597
Seed_Width,95,625,permuted_null,0.08936286293200704
Seed_Width,95,626,permuted_null,0.012378410913825872
Seed_Width,95,627,permuted_null,0.08680371973865952
Seed_Width,95,628,permuted_null,0.0257353786164844
Seed_Width,95,629,permuted_null,0.00010049552880201512
Seed_Width,95,630,permuted_null,0.05695870403463581
Seed_Width,95,631,permuted_null,-0.0039037855257362253
Seed_Width,95,632,permuted_null,0.04736807741246142
Seed_Width,95,633,permuted_null,0.13209222006529756
Seed_Width,95,634,permuted_null,-0.05405995971283626
Seed_Width,95,635,permuted_null,0.08150304012436702
Seed_Width,95,636,permuted_null,0.011673417151123789
Seed_Width,95,637,permuted_null,-0.00725395514336406
Seed_Width,95,638,permuted_null,-0.04859686421724553
Seed_Width,95,639,permuted_null,-0.0017312145040327478
Seed_Width,95,640,permuted_null,0.02723285480122655
Seed_Width,95,641,permuted_null,0.00038392737766709123
Seed_Width,95,642,permuted_null,0.0015315526198388073
Seed_Width,95,643,permuted_null,0.01249313239072676
Seed_Width,95,644,permuted_null,0.060836994211863345
Seed_Width,95,645,permuted_null,0.05436487072456207
Seed_Width,95,646,permuted_null,-0.07117913909564905
Seed_Width,95,647,permuted_null,0.06273384352019575
Seed_Width,95,648,permuted_null,-0.03767911405483572
Seed_Width,95,649,permuted_null,-0.008181620406474348
Seed_Width,95,650,permuted_null,-0.08121827093701797
Seed_Width,95,651,permuted_null,0.05673581970990338
Seed_Width,95,652,permuted_null,0.13507412291065263
Seed_Width,95,653,permuted_null,0.19702868157893252
Seed_Width,95,654,permuted_null,-0.024382686049088095
Seed_Width,95,655,permuted_null,-0.043488565020912084
Seed_Width,95,656,permuted_null,-0.05295340392944572
Seed_Width,95,657,permuted_null,-0.046219620467068595
Seed_Width,95,658,permuted_null,0.10015485859120313
Seed_Width,95,659,permuted_null,0.10941278543768687
Seed_Width,95,660,permuted_null,0.12149550570538725
Seed_Width,95,661,permuted_null,0.07379074172343798
Seed_Width,95,662,permuted_null,-0.19481371353999538
Seed_Width,95,663,permuted_null,0.05722233476362168
Seed_Width,95,664,permuted_null,0.15204054594566493
Seed_Width,95,665,permuted_null,0.05943364684610056
Seed_Width,95,666,permuted_null,-0.09361173135889234
Seed_Width,95,667,permuted_null,-0.10999299509173474
Seed_Width,95,668,permuted_null,0.1122547803870021
Seed_Width,95,669,permuted_null,-0.05077182223338467
Seed_Width,95,670,permuted_null,-0.10169321767186221
Seed_Width,95,671,permuted_null,-0.008058784999775304
Seed_Width,95,672,permuted_null,-0.0071204693637051605
Seed_Width,95,673,permuted_null,0.007742047277623593
Seed_Width,95,674,permuted_null,0.15907497966551803
Seed_Width,95,675,permuted_null,0.03396779806908531
Seed_Width,95,676,permuted_null,0.07838750329831391
Seed_Width,95,677,permuted_null,0.07570468672805107
Seed_Width,95,678,permuted_null,0.050825925752995355
Seed_Width,95,679,permuted_null,-0.11004860428666115
Seed_Width,95,680,permuted_null,0.05182832648363596
Seed_Width,95,681,permuted_null,0.016925993050078622
Seed_Width,95,682,permuted_null,-0.19450913123515134
Seed_Width,95,683,permuted_null,0.015876221034117552
Seed_Width,95,684,permuted_null,-0.07629593839516068
Seed_Width,95,685,permuted_null,-0.05673581930953291
Seed_Width,95,686,permuted_null,-0.052232056571186083
Seed_Width,95,687,permuted_null,0.04279302826320786
Seed_Width,95,688,permuted_null,-0.058816503768511295
Seed_Width,95,689,permuted_null,0.12539116798285632
Seed_Width,95,690,permuted_null,-0.10226159894154166
Seed_Width,95,691,permuted_null,0.019048945493380685
Seed_Width,95,692,permuted_null,0.0704895711181424
Seed_Width,95,693,permuted_null,0.06439796249022268
Seed_Width,95,694,permuted_null,0.0007016665381737435
Seed_Width,95,695,permuted_null,0.04630255923291115
Seed_Width,95,696,permuted_null,-0.07830911189432475
Seed_Width,95,697,permuted_null,0.002993131238911744
Seed_Width,95,698,permuted_null,-0.01391321778135396
Seed_Width,95,699,permuted_null,-0.12329125897645359
Seed_Width,95,700,permuted_null,0.06909381200351655
Seed_Width,95,701,permuted_null,-0.028158712292040887
Seed_Width,95,702,permuted_null,0.09963543012814033
Seed_Width,95,703,permuted_null,-0.056885765260739476
Seed_Width,95,704,permuted_null,-0.04001124491677428
Seed_Width,95,705,permuted_null,-0.02090384219657286
Seed_Width,95,706,permuted_null,0.009433183856659338
Seed_Width,95,707,permuted_null,-0.07973182305758458
Seed_Width,95,708,permuted_null,0.028867731329652216
Seed_Width,95,709,permuted_null,0.07142287859786775
Seed_Width,95,710,permuted_null,-0.03225117298519566
Seed_Width,95,711,permuted_null,-0.06954939147109884
Seed_Width,95,712,permuted_null,-0.02165002600810864
Seed_Width,95,713,permuted_null,0.09999493052261296
Seed_Width,95,714,permuted_null,-0.01681787256495558
Seed_Width,95,715,permuted_null,-0.04552874573862457
Seed_Width,95,716,permuted_null,-0.11607974370411327
Seed_Width,95,717,permuted_null,-0.05200564577670499
Seed_Width,95,718,permuted_null,-0.02229133572908193
Seed_Width,95,719,permuted_null,-0.0318544742562455
Seed_Width,95,720,permuted_null,-0.14248510981417198
Seed_Width,95,721,permuted_null,0.03536645471602427
Seed_Width,95,722,permuted_null,-0.05204973837990613
Seed_Width,95,723,permuted_null,0.013385707001801632
Seed_Width,95,724,permuted_null,-0.03450056285001577
Seed_Width,95,725,permuted_null,0.0038389469240549994
Seed_Width,95,726,permuted_null,0.12559504614041433
Seed_Width,95,727,permuted_null,-0.044276937180451725
Seed_Width,95,728,permuted_null,-0.08432617070551846
Seed_Width,95,729,permuted_null,-0.013155192143046838
Seed_Width,95,730,permuted_null,-0.0523279443383453
Seed_Width,95,731,permuted_null,-0.09083456902440154
Seed_Width,95,732,permuted_null,-0.017260238064247126
Seed_Width,95,733,permuted_null,-0.09332889349696008
Seed_Width,95,734,permuted_null,0.09601733041564878
Seed_Width,95,735,permuted_null,-0.10545779212395645
Seed_Width,95,736,permuted_null,-0.07162245634739176
Seed_Width,95,737,permuted_null,-0.027557556335792675
Seed_Width,95,738,permuted_null,-0.05231080839604469
Seed_Width,95,739,permuted_null,0.14064882974767537
Seed_Width,95,740,permuted_null,-0.04902571888147847
Seed_Width,95,741,permuted_null,0.10942728183521969
Seed_Width,95,742,permuted_null,-0.01846746339199841
Seed_Width,95,743,permuted_null,0.07344333424913202
Seed_Width,95,744,permuted_null,-0.05896582720014101
Seed_Width,95,745,permuted_null,-0.008101905556004943
Seed_Width,95,746,permuted_null,0.029451681019093675
Seed_Width,95,747,permuted_null,-0.0603993326238944
Seed_Width,95,748,permuted_null,-0.08218313901235072
Seed_Width,95,749,permuted_null,0.08627548317499462
Seed_Width,95,750,permuted_null,-0.04261965353450455
Seed_Width,95,751,permuted_null,0.13747366645823236
Seed_Width,95,752,permuted_null,-0.009928462711414843
Seed_Width,95,753,permuted_null,0.04562847245615899
Seed_Width,95,754,permuted_null,0.001570696876319503
Seed_Width,95,755,permuted_null,0.033919495823132945
Seed_Width,95,756,permuted_null,-0.01644319950045226
Seed_Width,95,757,permuted_null,-0.0007757169271964334
Seed_Width,95,758,permuted_null,-0.059424207313247754
Seed_Width,95,759,permuted_null,-0.004921392618358189
Seed_Width,95,760,permuted_null,-0.09286785485040816
Seed_Width,95,761,permuted_null,-0.07600523511320287
Seed_Width,95,762,permuted_null,-0.004838085117783931
Seed_Width,95,763,permuted_null,-0.12665504069262068
Seed_Width,95,764,permuted_null,-0.07777273531139481
Seed_Width,95,765,permuted_null,-0.03637873381004013
Seed_Width,95,766,permuted_null,0.181275621076407
Seed_Width,95,767,permuted_null,0.06105881732125194
Seed_Width,95,768,permuted_null,-0.13319146289108366
Seed_Width,95,769,permuted_null,-0.025662857967399106
Seed_Width,95,770,permuted_null,0.04846532579419582
Seed_Width,95,771,permuted_null,0.053139688641595996
Seed_Width,95,772,permuted_null,-0.10807732146696199
Seed_Width,95,773,permuted_null,0.09539890558473421
Seed_Width,95,774,permuted_null,0.13652722582427917
Seed_Width,95,775,permuted_null,-0.04769377220182374
Seed_Width,95,776,permuted_null,-0.005754666884508992
Seed_Width,95,777,permuted_null,0.052264845510156845
Seed_Width,95,778,permuted_null,0.018029586987238895
Seed_Width,95,779,permuted_null,-0.031816592452752965
Seed_Width,95,780,permuted_null,-0.1498856633760802
Seed_Width,95,781,permuted_null,-0.048533926651856824
Seed_Width,95,782,permuted_null,0.0492509742896407
Seed_Width,95,783,permuted_null,0.0005644259873587854
Seed_Width,95,784,permuted_null,-0.04582320688061692
Seed_Width,95,785,permuted_null,0.10373113594032614
Seed_Width,95,786,permuted_null,0.10274995937051452
Seed_Width,95,787,permuted_null,-0.010622198004049264
Seed_Width,95,788,permuted_null,0.020528203650379676
Seed_Width,95,789,permuted_null,-0.0302365253512534
Seed_Width,95,790,permuted_null,-0.05257638994867342
Seed_Width,95,791,permuted_null,0.1420672251326132
Seed_Width,95,792,permuted_null,-0.0158762400913683
Seed_Width,95,793,permuted_null,-0.19288333175058014
Seed_Width,95,794,permuted_null,0.03251242346956911
Seed_Width,95,795,permuted_null,0.020821381686597952
Seed_Width,95,796,permuted_null,-0.03950315940372631
Seed_Width,95,797,permuted_null,0.10449719689401954
Seed_Width,95,798,permuted_null,-0.11311067830756394
Seed_Width,95,799,permuted_null,-0.04712624543284086
Seed_Width,95,800,permuted_null,-0.09288881166655753
Seed_Width,95,801,permuted_null,-0.005606001232080868
Seed_Width,95,802,permuted_null,0.016772129123907797
Seed_Width,95,803,permuted_null,-0.17526799278116229
Seed_Width,95,804,permuted_null,0.05423206095764283
Seed_Width,95,805,permuted_null,0.05400751756352975
Seed_Width,95,806,permuted_null,-0.023845911076705757
Seed_Width,95,807,permuted_null,-0.01110258811729864
Seed_Width,95,808,permuted_null,-0.07074991604441681
Seed_Width,95,809,permuted_null,0.15270196090480231
Seed_Width,95,810,permuted_null,-0.10455698257969333
Seed_Width,95,811,permuted_null,-0.07444934491909583
Seed_Width,95,812,permuted_null,-0.04276428176989155
Seed_Width,95,813,permuted_null,0.08150094590166307
Seed_Width,95,814,permuted_null,-0.0334600586775612
Seed_Width,95,815,permuted_null,0.11909793878757258
Seed_Width,95,816,permuted_null,-0.006600488582488344
Seed_Width,95,817,permuted_null,-0.0011270861579464574
Seed_Width,95,818,permuted_null,-0.06165704290136443
Seed_Width,95,819,permuted_null,-0.10018833049265258
Seed_Width,95,820,permuted_null,0.03184573738516855
Seed_Width,95,821,permuted_null,0.01185229182429122
Seed_Width,95,822,permuted_null,-0.07471433357928221
Seed_Width,95,823,permuted_null,0.018169750802761966
Seed_Width,95,824,permuted_null,-0.004872493704808203
Seed_Width,95,825,permuted_null,-0.004406961556465626
Seed_Width,95,826,permuted_null,0.02645920338422706
Seed_Width,95,827,permuted_null,-0.04265525244392153
Seed_Width,95,828,permuted_null,0.06349455841995658
Seed_Width,95,829,permuted_null,-0.04138930492911098
Seed_Width,95,830,permuted_null,-0.03397538006760731
Seed_Width,95,831,permuted_null,0.02307532805595203
Seed_Width,95,832,permuted_null,0.019686022847571365
Seed_Width,95,833,permuted_null,0.0001870575141767715
Seed_Width,95,834,permuted_null,0.13183263272475754
Seed_Width,95,835,permuted_null,0.06123589212301983
Seed_Width,95,836,permuted_null,-0.03462585401462106
Seed_Width,95,837,permuted_null,-0.016411990640256585
Seed_Width,95,838,permuted_null,-0.01531553709556814
Seed_Width,95,839,permuted_null,-0.07871705092413733
Seed_Width,95,840,permuted_null,0.006485614976478409
Seed_Width,95,841,permuted_null,-0.019744019986416755
Seed_Width,95,842,permuted_null,0.06376842213741798
Seed_Width,95,843,permuted_null,0.04034009999753173
Seed_Width,95,844,permuted_null,0.030568007328565412
Seed_Width,95,845,permuted_null,-0.08581614983436364
Seed_Width,95,846,permuted_null,0.013290912284361266
Seed_Width,95,847,permuted_null,-0.044925520318272516
Seed_Width,95,848,permuted_null,0.04758773922836407
Seed_Width,95,849,permuted_null,-0.0037362706492928867
Seed_Width,95,850,permuted_null,-0.04739422920296177
Seed_Width,95,851,permuted_null,-0.05187868750264034
Seed_Width,95,852,permuted_null,0.04824129146146057
Seed_Width,95,853,permuted_null,-0.017602780652666204
Seed_Width,95,854,permuted_null,-0.10109154227366524
Seed_Width,95,855,permuted_null,0.06385881357397866
Seed_Width,95,856,permuted_null,0.07436715210450281
Seed_Width,95,857,permuted_null,-0.03185015772878884
Seed_Width,95,858,permuted_null,-0.01851753960580902
Seed_Width,95,859,permuted_null,0.11059064453280071
Seed_Width,95,860,permuted_null,-0.023972673092673376
Seed_Width,95,861,permuted_null,0.05827675601995644
Seed_Width,95,862,permuted_null,0.05238244933390179
Seed_Width,95,863,permuted_null,-0.01634186197169181
Seed_Width,95,864,permuted_null,-0.03251904504943588
Seed_Width,95,865,permuted_null,0.01513011307162265
Seed_Width,95,866,permuted_null,-0.09922261341188918
Seed_Width,95,867,permuted_null,0.02670447989901512
Seed_Width,95,868,permuted_null,-0.03793852048599347
Seed_Width,95,869,permuted_null,0.0615717270234578
Seed_Width,95,870,permuted_null,-0.1795287263007328
Seed_Width,95,871,permuted_null,-0.02000718353305163
Seed_Width,95,872,permuted_null,-0.06425490429191191
Seed_Width,95,873,permuted_null,-0.014976328740830765
Seed_Width,95,874,permuted_null,-0.022730076254263334
Seed_Width,95,875,permuted_null,0.04655848002347068
Seed_Width,95,876,permuted_null,0.06742187411132988
Seed_Width,95,877,permuted_null,-0.09736847425338009
Seed_Width,95,878,permuted_null,0.001154351430806777
Seed_Width,95,879,permuted_null,-0.11678008546944017
Seed_Width,95,880,permuted_null,-0.0794753370871934
Seed_Width,95,881,permuted_null,0.035170269838774415
Seed_Width,95,882,permuted_null,0.011964141510909531
Seed_Width,95,883,permuted_null,-0.06180072691830831
Seed_Width,95,884,permuted_null,0.04187803060988911
Seed_Width,95,885,permuted_null,0.0006642763474097209
Seed_Width,95,886,permuted_null,-0.03586656972384835
Seed_Width,95,887,permuted_null,0.02208736222099105
Seed_Width,95,888,permuted_null,-0.07134803299491609
Seed_Width,95,889,permuted_null,0.04686090463663349
Seed_Width,95,890,permuted_null,-0.08674668157263285
Seed_Width,95,891,permuted_null,-0.15739061222343287
Seed_Width,95,892,permuted_null,0.0038539471726128424
Seed_Width,95,893,permuted_null,-0.03331056677648645
Seed_Width,95,894,permuted_null,-0.023121218402793214
Seed_Width,95,895,permuted_null,0.041846747634241135
Seed_Width,95,896,permuted_null,0.0013642853628564912
Seed_Width,95,897,permuted_null,-0.026063081546022326
Seed_Width,95,898,permuted_null,0.1658630023579759
Seed_Width,95,899,permuted_null,0.0011515422272326409
Seed_Width,95,900,permuted_null,-0.025838065843129608
Seed_Width,95,901,permuted_null,0.02482068536892247
Seed_Width,95,902,permuted_null,-0.10485756011306399
Seed_Width,95,903,permuted_null,0.10050819954747654
Seed_Width,95,904,permuted_null,-0.022071667005401863
Seed_Width,95,905,permuted_null,-0.0008297148125960049
Seed_Width,95,906,permuted_null,-0.2253349917308494
Seed_Width,95,907,permuted_null,-0.04762216918536355
Seed_Width,95,908,permuted_null,0.09271835244745313
Seed_Width,95,909,permuted_null,-0.00266484139160323
Seed_Width,95,910,permuted_null,0.10824009640301677
Seed_Width,95,911,permuted_null,0.14842952739944176
Seed_Width,95,912,permuted_null,0.09759065710816803
Seed_Width,95,913,permuted_null,0.09517492619169401
Seed_Width,95,914,permuted_null,0.03563967072665673
Seed_Width,95,915,permuted_null,-0.019188804910993854
Seed_Width,95,916,permuted_null,-0.09488245507722476
Seed_Width,95,917,permuted_null,-0.010924234562367185
Seed_Width,95,918,permuted_null,0.07686964150946857
Seed_Width,95,919,permuted_null,0.048087892554263933
Seed_Width,95,920,permuted_null,-0.03120443568432355
Seed_Width,95,921,permuted_null,-0.08179379227549802
Seed_Width,95,922,permuted_null,0.13820553817153244
Seed_Width,95,923,permuted_null,-0.1185037759708576
Seed_Width,95,924,permuted_null,0.07555250618517384
Seed_Width,95,925,permuted_null,-0.03676389306081816
Seed_Width,95,926,permuted_null,-0.11429824652520854
Seed_Width,95,927,permuted_null,-0.11778429250872804
Seed_Width,95,928,permuted_null,-0.07709062879238338
Seed_Width,95,929,permuted_null,-0.07110333150275214
Seed_Width,95,930,permuted_null,0.019722182566377866
Seed_Width,95,931,permuted_null,-0.017823146073625215
Seed_Width,95,932,permuted_null,0.07448706889210602
Seed_Width,95,933,permuted_null,-0.07123105494347565
Seed_Width,95,934,permuted_null,-0.043963097625540785
Seed_Width,95,935,permuted_null,-0.0028835196355307593
Seed_Width,95,936,permuted_null,-0.04166726423707016
Seed_Width,95,937,permuted_null,0.08209609632026707
Seed_Width,95,938,permuted_null,-0.07245740488337742
Seed_Width,95,939,permuted_null,0.15182482761478477
Seed_Width,95,940,permuted_null,0.04759175186046523
Seed_Width,95,941,permuted_null,0.018512089992883566
Seed_Width,95,942,permuted_null,0.021657682930850977
Seed_Width,95,943,permuted_null,-0.004772799416261485
Seed_Width,95,944,permuted_null,0.0799192396812912
Seed_Width,95,945,permuted_null,0.01884054743961875
Seed_Width,95,946,permuted_null,-0.05968569626962761
Seed_Width,95,947,permuted_null,-0.026044096683209922
Seed_Width,95,948,permuted_null,0.042132347706477655
Seed_Width,95,949,permuted_null,-0.04278240706473057
Seed_Width,95,950,permuted_null,-0.00011410122931192722
Seed_Width,95,951,permuted_null,0.031452392911267404
Seed_Width,95,952,permuted_null,-0.05367137500907476
Seed_Width,95,953,permuted_null,0.04108191367684029
Seed_Width,95,954,permuted_null,0.05954379841139384
Seed_Width,95,955,permuted_null,-0.11303306499554758
Seed_Width,95,956,permuted_null,-0.017414243334022864
Seed_Width,95,957,permuted_null,-0.00683383008829809
Seed_Width,95,958,permuted_null,0.03084185980817114
Seed_Width,95,959,permuted_null,-0.09882681770561161
Seed_Width,95,960,permuted_null,-0.008671482430176894
Seed_Width,95,961,permuted_null,-0.02336527059334232
Seed_Width,95,962,permuted_null,0.04489089677143268
Seed_Width,95,963,permuted_null,0.023972850617597283
Seed_Width,95,964,permuted_null,0.03197758324101008
Seed_Width,95,965,permuted_null,-0.06057845088788481
Seed_Width,95,966,permuted_null,0.0016141024651912944
Seed_Width,95,967,permuted_null,-0.03416468194574122
Seed_Width,95,968,permuted_null,0.06598351536166686
Seed_Width,95,969,permuted_null,0.15478814648509695
Seed_Width,95,970,permuted_null,-0.0370275808837743
Seed_Width,95,971,permuted_null,-0.1234929103143613
Seed_Width,95,972,permuted_null,-0.01698373006663627
Seed_Width,95,973,permuted_null,-0.01785608580192314
Seed_Width,95,974,permuted_null,0.12644628847085604
Seed_Width,95,975,permuted_null,-0.026536356100047332
Seed_Width,95,976,permuted_null,0.044454086547367065
Seed_Width,95,977,permuted_null,0.024922872887538444
Seed_Width,95,978,permuted_null,0.09590229983866766
Seed_Width,95,979,permuted_null,-0.1075551062329467
Seed_Width,95,980,permuted_null,0.028650210207998
Seed_Width,95,981,permuted_null,-0.07391759118504637
Seed_Width,95,982,permuted_null,0.13872968475738115
Seed_Width,95,983,permuted_null,-0.09911841124262348
Seed_Width,95,984,permuted_null,0.09921371569013593
Seed_Width,95,985,permuted_null,-0.08080213045043158
Seed_Width,95,986,permuted_null,0.0033783558404028857
Seed_Width,95,987,permuted_null,0.09667292747845369
Seed_Width,95,988,permuted_null,-0.04881254331830466
Seed_Width,95,989,permuted_null,-0.05402325299476424
Seed_Width,95,990,permuted_null,0.03898079483189734
Seed_Width,95,991,permuted_null,0.055595975925557754
Seed_Width,95,992,permuted_null,-0.027150896860766938
Seed_Width,95,993,permuted_null,0.06551652601570426
Seed_Width,95,994,permuted_null,0.04404681455171141
Seed_Width,95,995,permuted_null,0.08705265974925658
Seed_Width,95,996,permuted_null,-0.07090527269651413
Seed_Width,95,997,permuted_null,-0.1282609381069305
Seed_Width,95,998,permuted_null,0.004140745704155723
Seed_Width,95,999,permuted_null,0.07506358487689814
Seed_Thickness,95,0,observed,0.18259204809549376
Seed_Thickness,95,1,observed,-0.138914414765053
Seed_Thickness,95,2,observed,-0.2245935170726277
Seed_Thickness,95,3,observed,0.027303038555295214
Seed_Thickness,95,4,observed,0.15048760808815442
Seed_Thickness,95,5,observed,0.03375765392368693
Seed_Thickness,95,6,observed,0.05922067362282202
Seed_Thickness,95,7,observed,0.11545704835698727
Seed_Thickness,95,8,observed,0.01143082243228491
Seed_Thickness,95,9,observed,-0.07425261105812431
Seed_Thickness,95,10,observed,0.016871554389318578
Seed_Thickness,95,11,observed,-0.04739343937341408
Seed_Thickness,95,12,observed,0.0351230887389239
Seed_Thickness,95,13,observed,-0.0627006054321748
Seed_Thickness,95,14,observed,0.031266412062766445
Seed_Thickness,95,15,observed,-0.001680805372603733
Seed_Thickness,95,16,observed,0.014535737388693366
Seed_Thickness,95,17,observed,-0.1466382863921418
Seed_Thickness,95,18,observed,0.00415608128512529
Seed_Thickness,95,19,observed,-0.0035840971899857195
Seed_Thickness,95,20,observed,0.08336538189783052
Seed_Thickness,95,21,observed,0.3276818512664499
Seed_Thickness,95,22,observed,0.04936959961427957
Seed_Thickness,95,23,observed,0.07748944880981673
Seed_Thickness,95,24,observed,0.0943227663644773
Seed_Thickness,95,25,observed,0.09850154325063859
Seed_Thickness,95,26,observed,0.0920117160522452
Seed_Thickness,95,27,observed,-0.11669133650942282
Seed_Thickness,95,28,observed,0.0399240507083212
Seed_Thickness,95,29,observed,-0.062122596129340624
Seed_Thickness,95,30,observed,0.021524371022667868
Seed_Thickness,95,31,observed,0.1511630129898606
Seed_Thickness,95,32,observed,0.11124968886530914
Seed_Thickness,95,33,observed,0.09568521722565278
Seed_Thickness,95,34,observed,-0.17412400511267256
Seed_Thickness,95,35,observed,0.050444465474245734
Seed_Thickness,95,36,observed,-0.060858866279760684
Seed_Thickness,95,37,observed,0.08220203586062981
Seed_Thickness,95,38,observed,-0.08652461597308732
Seed_Thickness,95,39,observed,-0.001703343580010494
Seed_Thickness,95,40,observed,0.02324812320719117
Seed_Thickness,95,41,observed,-0.08472132885776945
Seed_Thickness,95,42,observed,0.034732222609973024
Seed_Thickness,95,43,observed,-0.14449562204600497
Seed_Thickness,95,44,observed,0.004681835256587989
Seed_Thickness,95,45,observed,-0.02028737147725794
Seed_Thickness,95,46,observed,0.048452806242386785
Seed_Thickness,95,47,observed,-0.06389805380054385
Seed_Thickness,95,48,observed,0.025194214146458782
Seed_Thickness,95,49,observed,0.004410906176967603
Seed_Thickness,95,0,permuted_null,-0.07996705653554173
Seed_Thickness,95,1,permuted_null,0.04428220307277723
Seed_Thickness,95,2,permuted_null,-0.14484827966223085
Seed_Thickness,95,3,permuted_null,0.08324263980884067
Seed_Thickness,95,4,permuted_null,0.04847485117877131
Seed_Thickness,95,5,permuted_null,0.05785061448846599
Seed_Thickness,95,6,permuted_null,-0.005552309244413384
Seed_Thickness,95,7,permuted_null,-0.0963725007745014
Seed_Thickness,95,8,permuted_null,0.07763025611714312
Seed_Thickness,95,9,permuted_null,-0.0021928327230151153
Seed_Thickness,95,10,permuted_null,-0.014449852291505513
Seed_Thickness,95,11,permuted_null,0.012309260689427347
Seed_Thickness,95,12,permuted_null,0.08370187005442123
Seed_Thickness,95,13,permuted_null,0.16409646319729984
Seed_Thickness,95,14,permuted_null,-0.0020263182428941484
Seed_Thickness,95,15,permuted_null,0.05243401647888245
Seed_Thickness,95,16,permuted_null,-0.04841210961198235
Seed_Thickness,95,17,permuted_null,0.0717632917125246
Seed_Thickness,95,18,permuted_null,0.07366770842493084
Seed_Thickness,95,19,permuted_null,-0.10611431061343617
Seed_Thickness,95,20,permuted_null,0.06218421663885708
Seed_Thickness,95,21,permuted_null,0.0019862886498279025
Seed_Thickness,95,22,permuted_null,0.1264059179554725
Seed_Thickness,95,23,permuted_null,-0.015103269744573974
Seed_Thickness,95,24,permuted_null,-0.039583194403276095
Seed_Thickness,95,25,permuted_null,0.015882224891120497
Seed_Thickness,95,26,permuted_null,-0.08042260710326893
Seed_Thickness,95,27,permuted_null,-0.0025664199449330627
Seed_Thickness,95,28,permuted_null,0.06531593961405333
Seed_Thickness,95,29,permuted_null,0.15230116322365228
Seed_Thickness,95,30,permuted_null,-0.08345053844719565
Seed_Thickness,95,31,permuted_null,-0.01879303474353484
Seed_Thickness,95,32,permuted_null,0.1744735510951436
Seed_Thickness,95,33,permuted_null,-0.07346921158483072
Seed_Thickness,95,34,permuted_null,-0.04726335294344877
Seed_Thickness,95,35,permuted_null,-0.14960589291125304
Seed_Thickness,95,36,permuted_null,0.09913153979754077
Seed_Thickness,95,37,permuted_null,0.004966801730239133
Seed_Thickness,95,38,permuted_null,0.012705052998360292
Seed_Thickness,95,39,permuted_null,-0.10323458108661401
Seed_Thickness,95,40,permuted_null,-0.03836341147747
Seed_Thickness,95,41,permuted_null,0.04532597504382407
Seed_Thickness,95,42,permuted_null,0.11328820365533779
Seed_Thickness,95,43,permuted_null,0.1178611232288714
Seed_Thickness,95,44,permuted_null,-0.12156020786747036
Seed_Thickness,95,45,permuted_null,0.014266555707993083
Seed_Thickness,95,46,permuted_null,-0.10194495924053837
Seed_Thickness,95,47,permuted_null,-0.004900538484239748
Seed_Thickness,95,48,permuted_null,0.16348463328571844
Seed_Thickness,95,49,permuted_null,0.012153692411401379
Seed_Thickness,95,50,permuted_null,-0.03874370370920191
Seed_Thickness,95,51,permuted_null,-0.1333220003340469
Seed_Thickness,95,52,permuted_null,-0.12097385656352583
Seed_Thickness,95,53,permuted_null,0.06640849059808465
Seed_Thickness,95,54,permuted_null,-0.20987285928720226
Seed_Thickness,95,55,permuted_null,-0.026446957433497186
Seed_Thickness,95,56,permuted_null,-0.09822238765517415
Seed_Thickness,95,57,permuted_null,0.01488777720398837
Seed_Thickness,95,58,permuted_null,0.018885530542253816
Seed_Thickness,95,59,permuted_null,-0.003642338848502638
Seed_Thickness,95,60,permuted_null,-0.041094037396423234
Seed_Thickness,95,61,permuted_null,-0.041121905142975534
Seed_Thickness,95,62,permuted_null,-0.07385809569070842
Seed_Thickness,95,63,permuted_null,0.022019580440044303
Seed_Thickness,95,64,permuted_null,-0.002823769244748961
Seed_Thickness,95,65,permuted_null,-0.013933035467669982
Seed_Thickness,95,66,permuted_null,0.05533776695347839
Seed_Thickness,95,67,permuted_null,0.08185235668273709
Seed_Thickness,95,68,permuted_null,-0.05105199799109047
Seed_Thickness,95,69,permuted_null,0.03778915627920252
Seed_Thickness,95,70,permuted_null,-0.06280387204497877
Seed_Thickness,95,71,permuted_null,0.035887111869654674
Seed_Thickness,95,72,permuted_null,0.06440867740980216
Seed_Thickness,95,73,permuted_null,0.03897161705778462
Seed_Thickness,95,74,permuted_null,0.18440693599429941
Seed_Thickness,95,75,permuted_null,0.08826500148875965
Seed_Thickness,95,76,permuted_null,0.0881189893849765
Seed_Thickness,95,77,permuted_null,0.07378897799471346
Seed_Thickness,95,78,permuted_null,0.06106609898690077
Seed_Thickness,95,79,permuted_null,0.13893370750312029
Seed_Thickness,95,80,permuted_null,-0.0021534121301127924
Seed_Thickness,95,81,permuted_null,-0.11419963737031477
Seed_Thickness,95,82,permuted_null,0.12213969174962441
Seed_Thickness,95,83,permuted_null,-0.11435189782052727
Seed_Thickness,95,84,permuted_null,-0.026431425200725077
Seed_Thickness,95,85,permuted_null,-0.02569726464605976
Seed_Thickness,95,86,permuted_null,0.06371836334535165
Seed_Thickness,95,87,permuted_null,-0.06324566956735612
Seed_Thickness,95,88,permuted_null,-0.11225204244001687
Seed_Thickness,95,89,permuted_null,-0.0053146776666351085
Seed_Thickness,95,90,permuted_null,-0.04530738100805866
Seed_Thickness,95,91,permuted_null,0.07329150954472886
Seed_Thickness,95,92,permuted_null,-0.15238798396530154
Seed_Thickness,95,93,permuted_null,0.0015390032261045558
Seed_Thickness,95,94,permuted_null,0.039766032818358894
Seed_Thickness,95,95,permuted_null,-0.10009950256345346
Seed_Thickness,95,96,permuted_null,-0.05674325326815914
Seed_Thickness,95,97,permuted_null,-0.008882230696324447
Seed_Thickness,95,98,permuted_null,0.0876632424226878
Seed_Thickness,95,99,permuted_null,0.04610145400617357
Seed_Thickness,95,100,permuted_null,0.12138077992954835
Seed_Thickness,95,101,permuted_null,-0.14511239459401332
Seed_Thickness,95,102,permuted_null,-0.035310326521890326
Seed_Thickness,95,103,permuted_null,0.14407471269208824
Seed_Thickness,95,104,permuted_null,0.08060562550732991
Seed_Thickness,95,105,permuted_null,-0.09340946825167229
Seed_Thickness,95,106,permuted_null,-0.07480623776338728
Seed_Thickness,95,107,permuted_null,0.016321855624693175
Seed_Thickness,95,108,permuted_null,0.06549168180789086
Seed_Thickness,95,109,permuted_null,0.04932057532988423
Seed_Thickness,95,110,permuted_null,0.06268423730122716
Seed_Thickness,95,111,permuted_null,-0.020198668787532348
Seed_Thickness,95,112,permuted_null,0.023319646986828556
Seed_Thickness,95,113,permuted_null,-0.024044287934296447
Seed_Thickness,95,114,permuted_null,0.05559676735517469
Seed_Thickness,95,115,permuted_null,0.11591140733537952
Seed_Thickness,95,116,permuted_null,0.005077670576039391
Seed_Thickness,95,117,permuted_null,-0.008564435584687906
Seed_Thickness,95,118,permuted_null,0.07039524361668571
Seed_Thickness,95,119,permuted_null,0.0239171858427138
Seed_Thickness,95,120,permuted_null,0.06773471217167486
Seed_Thickness,95,121,permuted_null,0.06750670862151043
Seed_Thickness,95,122,permuted_null,-0.0362576450695593
Seed_Thickness,95,123,permuted_null,0.022721078035841544
Seed_Thickness,95,124,permuted_null,0.07293097405592698
Seed_Thickness,95,125,permuted_null,-0.0003652073247325284
Seed_Thickness,95,126,permuted_null,0.06811004246724961
Seed_Thickness,95,127,permuted_null,0.017531808536176592
Seed_Thickness,95,128,permuted_null,0.017413965833405057
Seed_Thickness,95,129,permuted_null,0.06330906069707157
Seed_Thickness,95,130,permuted_null,0.12632589590719742
Seed_Thickness,95,131,permuted_null,0.07142928098056148
Seed_Thickness,95,132,permuted_null,-0.06670165555088411
Seed_Thickness,95,133,permuted_null,-0.003436057895352982
Seed_Thickness,95,134,permuted_null,0.030693121382415884
Seed_Thickness,95,135,permuted_null,0.09907064050535522
Seed_Thickness,95,136,permuted_null,0.14682159602887054
Seed_Thickness,95,137,permuted_null,-0.053294097111248606
Seed_Thickness,95,138,permuted_null,0.005901848019505877
Seed_Thickness,95,139,permuted_null,0.08551714569365657
Seed_Thickness,95,140,permuted_null,-0.018954437683909947
Seed_Thickness,95,141,permuted_null,0.018413998411806416
Seed_Thickness,95,142,permuted_null,0.06261821967745296
Seed_Thickness,95,143,permuted_null,-0.09114369048862767
Seed_Thickness,95,144,permuted_null,0.03968576336031486
Seed_Thickness,95,145,permuted_null,-0.06442135567308244
Seed_Thickness,95,146,permuted_null,0.11516267207065856
Seed_Thickness,95,147,permuted_null,0.005149938209402266
Seed_Thickness,95,148,permuted_null,0.13183805144882893
Seed_Thickness,95,149,permuted_null,0.028802064148885517
Seed_Thickness,95,150,permuted_null,-0.046316422323649284
Seed_Thickness,95,151,permuted_null,0.050527462454948685
Seed_Thickness,95,152,permuted_null,-0.08935088534585595
Seed_Thickness,95,153,permuted_null,0.11975149669149307
Seed_Thickness,95,154,permuted_null,0.04515972793416267
Seed_Thickness,95,155,permuted_null,-0.0006956515938975963
Seed_Thickness,95,156,permuted_null,0.1175856065959244
Seed_Thickness,95,157,permuted_null,0.008763729203325861
Seed_Thickness,95,158,permuted_null,0.026239978806077355
Seed_Thickness,95,159,permuted_null,-0.07349386090036585
Seed_Thickness,95,160,permuted_null,-0.08123076530565343
Seed_Thickness,95,161,permuted_null,-0.0522236472744059
Seed_Thickness,95,162,permuted_null,0.10358158240532614
Seed_Thickness,95,163,permuted_null,0.0676315233787707
Seed_Thickness,95,164,permuted_null,-0.019324109029822158
Seed_Thickness,95,165,permuted_null,-0.024524479494972225
Seed_Thickness,95,166,permuted_null,-0.030055717850192294
Seed_Thickness,95,167,permuted_null,-0.08862118163210517
Seed_Thickness,95,168,permuted_null,0.016570405501472776
Seed_Thickness,95,169,permuted_null,0.039450734850693565
Seed_Thickness,95,170,permuted_null,0.09240865244908669
Seed_Thickness,95,171,permuted_null,-0.01866110447341128
Seed_Thickness,95,172,permuted_null,-0.10457305485559325
Seed_Thickness,95,173,permuted_null,-0.09195351192867585
Seed_Thickness,95,174,permuted_null,-0.013895310338603622
Seed_Thickness,95,175,permuted_null,-0.10745578127471567
Seed_Thickness,95,176,permuted_null,0.08288209270593172
Seed_Thickness,95,177,permuted_null,-0.08353798534564069
Seed_Thickness,95,178,permuted_null,0.015655682392866542
Seed_Thickness,95,179,permuted_null,0.17592677264593193
Seed_Thickness,95,180,permuted_null,-0.05334029208091564
Seed_Thickness,95,181,permuted_null,-0.007734405455515216
Seed_Thickness,95,182,permuted_null,-0.035348265063684915
Seed_Thickness,95,183,permuted_null,-0.021489991752348017
Seed_Thickness,95,184,permuted_null,0.04034057027545808
Seed_Thickness,95,185,permuted_null,0.037282059666278955
Seed_Thickness,95,186,permuted_null,0.09183855502154209
Seed_Thickness,95,187,permuted_null,-0.03895702573429711
Seed_Thickness,95,188,permuted_null,-0.04313353719419721
Seed_Thickness,95,189,permuted_null,0.03056627465643692
Seed_Thickness,95,190,permuted_null,0.07153405467626499
Seed_Thickness,95,191,permuted_null,0.09494425175820916
Seed_Thickness,95,192,permuted_null,-0.028189785107549437
Seed_Thickness,95,193,permuted_null,-0.04513808794585994
Seed_Thickness,95,194,permuted_null,-0.047579851691218505
Seed_Thickness,95,195,permuted_null,-0.0992143549409166
Seed_Thickness,95,196,permuted_null,0.05530975994861502
Seed_Thickness,95,197,permuted_null,0.03455238298057769
Seed_Thickness,95,198,permuted_null,0.12976267492177854
Seed_Thickness,95,199,permuted_null,-0.08234967964873981
Seed_Thickness,95,200,permuted_null,-0.0005596753997835005
Seed_Thickness,95,201,permuted_null,-0.03524554201389679
Seed_Thickness,95,202,permuted_null,-0.023563970701865992
Seed_Thickness,95,203,permuted_null,0.03755319011906867
Seed_Thickness,95,204,permuted_null,-0.02249370448840329
Seed_Thickness,95,205,permuted_null,0.027149275062341657
Seed_Thickness,95,206,permuted_null,0.023011284420045738
Seed_Thickness,95,207,permuted_null,-0.07154951463449742
Seed_Thickness,95,208,permuted_null,0.018148590229047686
Seed_Thickness,95,209,permuted_null,0.028168900721595856
Seed_Thickness,95,210,permuted_null,-0.0156720848135948
Seed_Thickness,95,211,permuted_null,0.3050406906208615
Seed_Thickness,95,212,permuted_null,-0.003055163241417469
Seed_Thickness,95,213,permuted_null,-0.11029924381633822
Seed_Thickness,95,214,permuted_null,-0.0002637550059224336
Seed_Thickness,95,215,permuted_null,0.10304554609365144
Seed_Thickness,95,216,permuted_null,0.05539860085584918
Seed_Thickness,95,217,permuted_null,0.06773062713436068
Seed_Thickness,95,218,permuted_null,0.10965228252299136
Seed_Thickness,95,219,permuted_null,-0.19369857278651878
Seed_Thickness,95,220,permuted_null,-0.03987572635371051
Seed_Thickness,95,221,permuted_null,-0.030712160483703187
Seed_Thickness,95,222,permuted_null,-0.0693872133533394
Seed_Thickness,95,223,permuted_null,0.04573527916788049
Seed_Thickness,95,224,permuted_null,0.017209928517236652
Seed_Thickness,95,225,permuted_null,0.12760518361591802
Seed_Thickness,95,226,permuted_null,-0.10298157745994986
Seed_Thickness,95,227,permuted_null,-0.08245336418137622
Seed_Thickness,95,228,permuted_null,0.05718301253032751
Seed_Thickness,95,229,permuted_null,-0.05750547869627512
Seed_Thickness,95,230,permuted_null,0.01239451918900393
Seed_Thickness,95,231,permuted_null,-0.025649622319494022
Seed_Thickness,95,232,permuted_null,-0.09978089252828812
Seed_Thickness,95,233,permuted_null,-0.10081816280707842
Seed_Thickness,95,234,permuted_null,-0.020093643354618926
Seed_Thickness,95,235,permuted_null,-0.11846648397607323
Seed_Thickness,95,236,permuted_null,0.014055023830713491
Seed_Thickness,95,237,permuted_null,-0.009251682991441648
Seed_Thickness,95,238,permuted_null,0.18481900898712003
Seed_Thickness,95,239,permuted_null,-0.07504659023543778
Seed_Thickness,95,240,permuted_null,0.091645710541996
Seed_Thickness,95,241,permuted_null,-0.08825650138952978
Seed_Thickness,95,242,permuted_null,0.018305985526757922
Seed_Thickness,95,243,permuted_null,-0.0773468841652201
Seed_Thickness,95,244,permuted_null,0.07498771126269865
Seed_Thickness,95,245,permuted_null,-0.048278604734550847
Seed_Thickness,95,246,permuted_null,-0.011720887746158128
Seed_Thickness,95,247,permuted_null,-0.01793903109953071
Seed_Thickness,95,248,permuted_null,-0.0639796910308291
Seed_Thickness,95,249,permuted_null,-0.04964458386326137
Seed_Thickness,95,250,permuted_null,-0.005332434014314543
Seed_Thickness,95,251,permuted_null,0.12072329379810569
Seed_Thickness,95,252,permuted_null,-0.08223872104166838
Seed_Thickness,95,253,permuted_null,0.07715410987781025
Seed_Thickness,95,254,permuted_null,-0.15529009531847004
Seed_Thickness,95,255,permuted_null,-0.0319953165779502
Seed_Thickness,95,256,permuted_null,-0.10224984490379932
Seed_Thickness,95,257,permuted_null,-0.10952124833495451
Seed_Thickness,95,258,permuted_null,-0.0747698822489471
Seed_Thickness,95,259,permuted_null,0.07164351922604728
Seed_Thickness,95,260,permuted_null,-0.04251507072141618
Seed_Thickness,95,261,permuted_null,-0.13876587536529805
Seed_Thickness,95,262,permuted_null,-0.05617856926579018
Seed_Thickness,95,263,permuted_null,0.0741472675754572
Seed_Thickness,95,264,permuted_null,-0.035031395788741856
Seed_Thickness,95,265,permuted_null,-0.0436835126204292
Seed_Thickness,95,266,permuted_null,-0.03293958670690083
Seed_Thickness,95,267,permuted_null,0.02121596974711045
Seed_Thickness,95,268,permuted_null,-0.018863329810309165
Seed_Thickness,95,269,permuted_null,-0.037048788208790095
Seed_Thickness,95,270,permuted_null,0.0618311681306659
Seed_Thickness,95,271,permuted_null,0.023872769753057705
Seed_Thickness,95,272,permuted_null,0.1252684757470946
Seed_Thickness,95,273,permuted_null,-0.0838604041890986
Seed_Thickness,95,274,permuted_null,0.13238492672829785
Seed_Thickness,95,275,permuted_null,0.013377463794184665
Seed_Thickness,95,276,permuted_null,0.034414302172009414
Seed_Thickness,95,277,permuted_null,0.002418237354017555
Seed_Thickness,95,278,permuted_null,-0.01951402515691067
Seed_Thickness,95,279,permuted_null,-0.0817391759760584
Seed_Thickness,95,280,permuted_null,-0.048232766185707016
Seed_Thickness,95,281,permuted_null,-0.04337892125378923
Seed_Thickness,95,282,permuted_null,0.03145427902702155
Seed_Thickness,95,283,permuted_null,-0.0046804465315478105
Seed_Thickness,95,284,permuted_null,-0.13047967734915045
Seed_Thickness,95,285,permuted_null,0.022660987437732996
Seed_Thickness,95,286,permuted_null,-0.03116111430433286
Seed_Thickness,95,287,permuted_null,0.13898327012188122
Seed_Thickness,95,288,permuted_null,0.025281810821718376
Seed_Thickness,95,289,permuted_null,0.018402149829399056
Seed_Thickness,95,290,permuted_null,-0.07499626092985776
Seed_Thickness,95,291,permuted_null,-0.002818215611188918
Seed_Thickness,95,292,permuted_null,-0.046914001234187264
Seed_Thickness,95,293,permuted_null,-0.08911541131294073
Seed_Thickness,95,294,permuted_null,0.11649683420373685
Seed_Thickness,95,295,permuted_null,0.055768738806334546
Seed_Thickness,95,296,permuted_null,-0.043819986156856144
Seed_Thickness,95,297,permuted_null,0.06541774042260758
Seed_Thickness,95,298,permuted_null,-0.0795201991869641
Seed_Thickness,95,299,permuted_null,-0.013665466511929472
Seed_Thickness,95,300,permuted_null,0.08395535057104156
Seed_Thickness,95,301,permuted_null,-0.010713891071351903
Seed_Thickness,95,302,permuted_null,-0.07274884617694402
Seed_Thickness,95,303,permuted_null,-0.0685221318693762
Seed_Thickness,95,304,permuted_null,-0.04688686002297761
Seed_Thickness,95,305,permuted_null,0.004694997022717803
Seed_Thickness,95,306,permuted_null,-0.11452532919534823
Seed_Thickness,95,307,permuted_null,-0.05363075385371298
Seed_Thickness,95,308,permuted_null,0.061519719923086885
Seed_Thickness,95,309,permuted_null,-0.10620637538904076
Seed_Thickness,95,310,permuted_null,-0.0619591934030397
Seed_Thickness,95,311,permuted_null,-0.06465992578148808
Seed_Thickness,95,312,permuted_null,0.0073804974970577
Seed_Thickness,95,313,permuted_null,0.02163879837438394
Seed_Thickness,95,314,permuted_null,-0.0050948683364065404
Seed_Thickness,95,315,permuted_null,-0.023376600907206918
Seed_Thickness,95,316,permuted_null,0.010330258025176734
Seed_Thickness,95,317,permuted_null,-0.07987652562663991
Seed_Thickness,95,318,permuted_null,-0.12162937681061523
Seed_Thickness,95,319,permuted_null,0.14930700390636503
Seed_Thickness,95,320,permuted_null,0.0589541975034269
Seed_Thickness,95,321,permuted_null,-0.13789798655277674
Seed_Thickness,95,322,permuted_null,0.014681844766140088
Seed_Thickness,95,323,permuted_null,0.041292870629456385
Seed_Thickness,95,324,permuted_null,0.04164805937830596
Seed_Thickness,95,325,permuted_null,0.20750779401258773
Seed_Thickness,95,326,permuted_null,0.03780275924514542
Seed_Thickness,95,327,permuted_null,0.0344542039691397
Seed_Thickness,95,328,permuted_null,0.026897829715865025
Seed_Thickness,95,329,permuted_null,0.056779343262497076
Seed_Thickness,95,330,permuted_null,-0.08391995399651861
Seed_Thickness,95,331,permuted_null,0.023504796744264905
Seed_Thickness,95,332,permuted_null,-0.025999222560896658
Seed_Thickness,95,333,permuted_null,-0.13556938190742626
Seed_Thickness,95,334,permuted_null,0.0391308617367559
Seed_Thickness,95,335,permuted_null,-0.10790803564168089
Seed_Thickness,95,336,permuted_null,0.0749656235520757
Seed_Thickness,95,337,permuted_null,-0.017171729132303103
Seed_Thickness,95,338,permuted_null,-0.033434523204643726
Seed_Thickness,95,339,permuted_null,-0.05264688247252271
Seed_Thickness,95,340,permuted_null,0.0742223453903174
Seed_Thickness,95,341,permuted_null,0.05003871057394584
Seed_Thickness,95,342,permuted_null,0.02632632511439515
Seed_Thickness,95,343,permuted_null,0.025824431144958165
Seed_Thickness,95,344,permuted_null,0.028932693711943964
Seed_Thickness,95,345,permuted_null,0.06751157030844034
Seed_Thickness,95,346,permuted_null,0.15494706305479422
Seed_Thickness,95,347,permuted_null,-0.014869870473543205
Seed_Thickness,95,348,permuted_null,-0.0066248107041120274
Seed_Thickness,95,349,permuted_null,-0.007979176673065871
Seed_Thickness,95,350,permuted_null,0.014641316100105994
Seed_Thickness,95,351,permuted_null,-0.037215080206989395
Seed_Thickness,95,352,permuted_null,-0.09016210619704178
Seed_Thickness,95,353,permuted_null,0.1042554264037388
Seed_Thickness,95,354,permuted_null,-0.07658357033066843
Seed_Thickness,95,355,permuted_null,0.017897267410233793
Seed_Thickness,95,356,permuted_null,-0.011778366345071043
Seed_Thickness,95,357,permuted_null,0.05743075395807288
Seed_Thickness,95,358,permuted_null,0.044639957186801624
Seed_Thickness,95,359,permuted_null,-0.07608671444979438
Seed_Thickness,95,360,permuted_null,0.07589042058940232
Seed_Thickness,95,361,permuted_null,0.05570162146095479
Seed_Thickness,95,362,permuted_null,0.06219501195275094
Seed_Thickness,95,363,permuted_null,0.01971971788675521
Seed_Thickness,95,364,permuted_null,-0.0673605154955721
Seed_Thickness,95,365,permuted_null,0.04269147367976822
Seed_Thickness,95,366,permuted_null,-0.07888190095406865
Seed_Thickness,95,367,permuted_null,-0.06190745372179811
Seed_Thickness,95,368,permuted_null,0.141877672069882
Seed_Thickness,95,369,permuted_null,-0.12061004400661234
Seed_Thickness,95,370,permuted_null,-0.009029938649908968
Seed_Thickness,95,371,permuted_null,0.05300878615009677
Seed_Thickness,95,372,permuted_null,0.010949178482828907
Seed_Thickness,95,373,permuted_null,0.09020925968733547
Seed_Thickness,95,374,permuted_null,-0.07890023660120746
Seed_Thickness,95,375,permuted_null,0.030682216729785553
Seed_Thickness,95,376,permuted_null,-0.07247089378854263
Seed_Thickness,95,377,permuted_null,0.02136973481759944
Seed_Thickness,95,378,permuted_null,-0.12409238149435071
Seed_Thickness,95,379,permuted_null,0.18770100036787596
Seed_Thickness,95,380,permuted_null,0.10115785530169269
Seed_Thickness,95,381,permuted_null,0.08073346049112375
Seed_Thickness,95,382,permuted_null,0.07067579925098402
Seed_Thickness,95,383,permuted_null,-0.07945651585469196
Seed_Thickness,95,384,permuted_null,-0.027962234384274386
Seed_Thickness,95,385,permuted_null,0.11133600770429719
Seed_Thickness,95,386,permuted_null,0.15029734814404105
Seed_Thickness,95,387,permuted_null,0.020025221249902744
Seed_Thickness,95,388,permuted_null,-0.0072085741840793305
Seed_Thickness,95,389,permuted_null,-0.06347449401788283
Seed_Thickness,95,390,permuted_null,-0.09229914329613628
Seed_Thickness,95,391,permuted_null,0.034034408190793626
Seed_Thickness,95,392,permuted_null,-0.008766720612424991
Seed_Thickness,95,393,permuted_null,0.009574204794737091
Seed_Thickness,95,394,permuted_null,-0.013080648160176386
Seed_Thickness,95,395,permuted_null,0.014025867228779819
Seed_Thickness,95,396,permuted_null,-0.1466702505808665
Seed_Thickness,95,397,permuted_null,-0.010591543532183889
Seed_Thickness,95,398,permuted_null,0.06442590818014206
Seed_Thickness,95,399,permuted_null,-0.06825277084226483
Seed_Thickness,95,400,permuted_null,0.046509049620019026
Seed_Thickness,95,401,permuted_null,0.048382077650688526
Seed_Thickness,95,402,permuted_null,-0.08672481442736638
Seed_Thickness,95,403,permuted_null,-0.00803991453387691
Seed_Thickness,95,404,permuted_null,0.024434615168220618
Seed_Thickness,95,405,permuted_null,-0.10415287279113518
Seed_Thickness,95,406,permuted_null,-0.016343287046109153
Seed_Thickness,95,407,permuted_null,0.14892606597297406
Seed_Thickness,95,408,permuted_null,-0.07095190865084101
Seed_Thickness,95,409,permuted_null,-0.025801067048005163
Seed_Thickness,95,410,permuted_null,0.1502563493380102
Seed_Thickness,95,411,permuted_null,-0.007043272059514032
Seed_Thickness,95,412,permuted_null,-0.048439048233061874
Seed_Thickness,95,413,permuted_null,0.08299786704273719
Seed_Thickness,95,414,permuted_null,0.053970994969376976
Seed_Thickness,95,415,permuted_null,-0.0030798973220537776
Seed_Thickness,95,416,permuted_null,0.13735594611320562
Seed_Thickness,95,417,permuted_null,-0.03223747046843014
Seed_Thickness,95,418,permuted_null,0.007911852917678389
Seed_Thickness,95,419,permuted_null,-0.08012545471001681
Seed_Thickness,95,420,permuted_null,-0.017189244240924287
Seed_Thickness,95,421,permuted_null,-0.08285155052132351
Seed_Thickness,95,422,permuted_null,-0.08667793462962967
Seed_Thickness,95,423,permuted_null,-0.04644061156669909
Seed_Thickness,95,424,permuted_null,-0.004617473399925194
Seed_Thickness,95,425,permuted_null,0.09580218095417634
Seed_Thickness,95,426,permuted_null,-0.024974609656301036
Seed_Thickness,95,427,permuted_null,0.06115624039695807
Seed_Thickness,95,428,permuted_null,-0.14513331572701682
Seed_Thickness,95,429,permuted_null,0.05310663531527389
Seed_Thickness,95,430,permuted_null,0.13290155311273735
Seed_Thickness,95,431,permuted_null,-0.13441270529064492
Seed_Thickness,95,432,permuted_null,-0.09104522070267697
Seed_Thickness,95,433,permuted_null,0.1014196000713922
Seed_Thickness,95,434,permuted_null,-0.08374082047140805
Seed_Thickness,95,435,permuted_null,-0.012429620908019814
Seed_Thickness,95,436,permuted_null,-0.06110243002986554
Seed_Thickness,95,437,permuted_null,0.08983075000468595
Seed_Thickness,95,438,permuted_null,0.007750571945588865
Seed_Thickness,95,439,permuted_null,0.05413338884005797
Seed_Thickness,95,440,permuted_null,0.15506030149023892
Seed_Thickness,95,441,permuted_null,-0.09881295831292358
Seed_Thickness,95,442,permuted_null,0.06278167603221411
Seed_Thickness,95,443,permuted_null,-0.15698327599684309
Seed_Thickness,95,444,permuted_null,-0.04650468417021149
Seed_Thickness,95,445,permuted_null,0.039437114069533014
Seed_Thickness,95,446,permuted_null,-0.06584950681942908
Seed_Thickness,95,447,permuted_null,-0.06892153864860834
Seed_Thickness,95,448,permuted_null,0.020435565278350255
Seed_Thickness,95,449,permuted_null,0.02886601596830585
Seed_Thickness,95,450,permuted_null,-0.008793915655863082
Seed_Thickness,95,451,permuted_null,0.08522521564290497
Seed_Thickness,95,452,permuted_null,0.0687207789331303
Seed_Thickness,95,453,permuted_null,0.029321261236627368
Seed_Thickness,95,454,permuted_null,-0.05013716942215338
Seed_Thickness,95,455,permuted_null,0.09056115554214661
Seed_Thickness,95,456,permuted_null,-0.11953337488404006
Seed_Thickness,95,457,permuted_null,-0.1512967490336316
Seed_Thickness,95,458,permuted_null,0.11004847963240959
Seed_Thickness,95,459,permuted_null,0.03997695045245184
Seed_Thickness,95,460,permuted_null,-0.15475304454007938
Seed_Thickness,95,461,permuted_null,0.04743849573086675
Seed_Thickness,95,462,permuted_null,-0.006813405828394183
Seed_Thickness,95,463,permuted_null,-0.17762611592719282
Seed_Thickness,95,464,permuted_null,-0.11656272695838402
Seed_Thickness,95,465,permuted_null,0.014225248995770406
Seed_Thickness,95,466,permuted_null,-0.03268968791021083
Seed_Thickness,95,467,permuted_null,0.02524958992935703
Seed_Thickness,95,468,permuted_null,-0.004587852399390184
Seed_Thickness,95,469,permuted_null,0.05922203189875873
Seed_Thickness,95,470,permuted_null,-0.1744764324516528
Seed_Thickness,95,471,permuted_null,-0.042486439954878226
Seed_Thickness,95,472,permuted_null,-0.032498848495400336
Seed_Thickness,95,473,permuted_null,0.08845892260132356
Seed_Thickness,95,474,permuted_null,0.11708885870869246
Seed_Thickness,95,475,permuted_null,-0.044997300958046424
Seed_Thickness,95,476,permuted_null,-0.06423993247274422
Seed_Thickness,95,477,permuted_null,0.16447168677397686
Seed_Thickness,95,478,permuted_null,-0.09011566340131943
Seed_Thickness,95,479,permuted_null,0.00486803491401696
Seed_Thickness,95,480,permuted_null,-0.030112153539293092
Seed_Thickness,95,481,permuted_null,0.0018683800045192836
Seed_Thickness,95,482,permuted_null,-0.0330609408886882
Seed_Thickness,95,483,permuted_null,-0.0015536362402348847
Seed_Thickness,95,484,permuted_null,-0.006745235578518617
Seed_Thickness,95,485,permuted_null,0.02056989808931372
Seed_Thickness,95,486,permuted_null,-0.09866021594191487
Seed_Thickness,95,487,permuted_null,0.10219814647555317
Seed_Thickness,95,488,permuted_null,-0.10696259515133913
Seed_Thickness,95,489,permuted_null,0.0025198684228597834
Seed_Thickness,95,490,permuted_null,0.10919912793796278
Seed_Thickness,95,491,permuted_null,0.004211351767395132
Seed_Thickness,95,492,permuted_null,0.08080568932941277
Seed_Thickness,95,493,permuted_null,0.0387713090658447
Seed_Thickness,95,494,permuted_null,-0.08733751302428622
Seed_Thickness,95,495,permuted_null,-0.027494541628440557
Seed_Thickness,95,496,permuted_null,0.07015181256975989
Seed_Thickness,95,497,permuted_null,0.08693220170758706
Seed_Thickness,95,498,permuted_null,-0.056037595402427254
Seed_Thickness,95,499,permuted_null,0.05551856166026957
Seed_Thickness,95,500,permuted_null,-0.010868594994919246
Seed_Thickness,95,501,permuted_null,0.03341692238523716
Seed_Thickness,95,502,permuted_null,-0.022379501998888995
Seed_Thickness,95,503,permuted_null,0.012456132068927366
Seed_Thickness,95,504,permuted_null,-0.08660427489709907
Seed_Thickness,95,505,permuted_null,-0.045148354155242446
Seed_Thickness,95,506,permuted_null,-0.04814492166103443
Seed_Thickness,95,507,permuted_null,0.008728108814594147
Seed_Thickness,95,508,permuted_null,-0.039056662466964286
Seed_Thickness,95,509,permuted_null,0.002830825967038271
Seed_Thickness,95,510,permuted_null,0.0401240457783611
Seed_Thickness,95,511,permuted_null,0.021067598765689574
Seed_Thickness,95,512,permuted_null,-0.06877117149461451
Seed_Thickness,95,513,permuted_null,0.07147686907218853
Seed_Thickness,95,514,permuted_null,0.04501798781726965
Seed_Thickness,95,515,permuted_null,-0.17861432467087307
Seed_Thickness,95,516,permuted_null,0.17637596914304138
Seed_Thickness,95,517,permuted_null,-0.04938614451295354
Seed_Thickness,95,518,permuted_null,0.04402798027295566
Seed_Thickness,95,519,permuted_null,-0.045016854419240956
Seed_Thickness,95,520,permuted_null,-0.11906734459434062
Seed_Thickness,95,521,permuted_null,-0.07234939134942446
Seed_Thickness,95,522,permuted_null,0.00030831916526060515
Seed_Thickness,95,523,permuted_null,-0.029954324478936627
Seed_Thickness,95,524,permuted_null,0.025941172833538036
Seed_Thickness,95,525,permuted_null,0.10811758015655193
Seed_Thickness,95,526,permuted_null,0.09057474887507394
Seed_Thickness,95,527,permuted_null,-0.026046682248875005
Seed_Thickness,95,528,permuted_null,-0.08377267316933604
Seed_Thickness,95,529,permuted_null,0.05544822784152097
Seed_Thickness,95,530,permuted_null,-0.024412415465088794
Seed_Thickness,95,531,permuted_null,-0.030745966507913357
Seed_Thickness,95,532,permuted_null,-0.04427274300484916
Seed_Thickness,95,533,permuted_null,-0.020403057154332792
Seed_Thickness,95,534,permuted_null,0.08866506175066573
Seed_Thickness,95,535,permuted_null,-0.010096162538897835
Seed_Thickness,95,536,permuted_null,-0.06684050639389229
Seed_Thickness,95,537,permuted_null,-0.1397515169001757
Seed_Thickness,95,538,permuted_null,-0.010233721271622746
Seed_Thickness,95,539,permuted_null,0.01579589301238151
Seed_Thickness,95,540,permuted_null,-0.040859608679293107
Seed_Thickness,95,541,permuted_null,0.10551013837481674
Seed_Thickness,95,542,permuted_null,0.0024254900153008567
Seed_Thickness,95,543,permuted_null,-0.01717454556277935
Seed_Thickness,95,544,permuted_null,-0.03338793450109717
Seed_Thickness,95,545,permuted_null,0.06274103773727017
Seed_Thickness,95,546,permuted_null,0.06532937143603743
Seed_Thickness,95,547,permuted_null,0.023915235955498056
Seed_Thickness,95,548,permuted_null,0.07849377542926042
Seed_Thickness,95,549,permuted_null,0.007932642535747398
Seed_Thickness,95,550,permuted_null,-0.00459802046093951
Seed_Thickness,95,551,permuted_null,-0.054735771525669316
Seed_Thickness,95,552,permuted_null,0.04599779488438252
Seed_Thickness,95,553,permuted_null,-0.0997009399738083
Seed_Thickness,95,554,permuted_null,-0.020098898193784055
Seed_Thickness,95,555,permuted_null,-0.027557534800597853
Seed_Thickness,95,556,permuted_null,-0.037671555270758494
Seed_Thickness,95,557,permuted_null,-0.11323135841813983
Seed_Thickness,95,558,permuted_null,0.07223807719774392
Seed_Thickness,95,559,permuted_null,0.15776691450472602
Seed_Thickness,95,560,permuted_null,0.1325481697315682
Seed_Thickness,95,561,permuted_null,0.06858588987882833
Seed_Thickness,95,562,permuted_null,0.01950637520816388
Seed_Thickness,95,563,permuted_null,-0.033644857500003025
Seed_Thickness,95,564,permuted_null,0.03962154598447965
Seed_Thickness,95,565,permuted_null,-0.03792582951124799
Seed_Thickness,95,566,permuted_null,0.009377914732607674
Seed_Thickness,95,567,permuted_null,-0.02110707230721949
Seed_Thickness,95,568,permuted_null,-0.07916759275365864
Seed_Thickness,95,569,permuted_null,0.0074953798956953754
Seed_Thickness,95,570,permuted_null,-0.06004242080895497
Seed_Thickness,95,571,permuted_null,0.12295076406186546
Seed_Thickness,95,572,permuted_null,0.07795953592180004
Seed_Thickness,95,573,permuted_null,0.08200730395830674
Seed_Thickness,95,574,permuted_null,0.046928310639364534
Seed_Thickness,95,575,permuted_null,0.0028415048940124074
Seed_Thickness,95,576,permuted_null,0.059573529597102125
Seed_Thickness,95,577,permuted_null,0.049334174008007714
Seed_Thickness,95,578,permuted_null,-0.03872664745444196
Seed_Thickness,95,579,permuted_null,-0.027358607651539038
Seed_Thickness,95,580,permuted_null,0.07834837738808173
Seed_Thickness,95,581,permuted_null,-0.04532688901903402
Seed_Thickness,95,582,permuted_null,-0.013870331085889122
Seed_Thickness,95,583,permuted_null,0.0009171869049176481
Seed_Thickness,95,584,permuted_null,0.017346086223248736
Seed_Thickness,95,585,permuted_null,-0.019099631179242807
Seed_Thickness,95,586,permuted_null,0.02474696736429626
Seed_Thickness,95,587,permuted_null,0.07238322024330149
Seed_Thickness,95,588,permuted_null,-0.14828353258936972
Seed_Thickness,95,589,permuted_null,0.022754676632407725
Seed_Thickness,95,590,permuted_null,-0.0002822304040650189
Seed_Thickness,95,591,permuted_null,-0.07677260775058832
Seed_Thickness,95,592,permuted_null,0.14548200640984674
Seed_Thickness,95,593,permuted_null,-0.1233620467208563
Seed_Thickness,95,594,permuted_null,0.027317998848856967
Seed_Thickness,95,595,permuted_null,0.05530614945061017
Seed_Thickness,95,596,permuted_null,0.07349311736737707
Seed_Thickness,95,597,permuted_null,0.017559511299570778
Seed_Thickness,95,598,permuted_null,-0.06080129550460177
Seed_Thickness,95,599,permuted_null,0.03507960181234307
Seed_Thickness,95,600,permuted_null,-0.1496011164142192
Seed_Thickness,95,601,permuted_null,-0.06259375650814426
Seed_Thickness,95,602,permuted_null,-0.09937982160089762
Seed_Thickness,95,603,permuted_null,0.03585179829084827
Seed_Thickness,95,604,permuted_null,-0.15459357080305403
Seed_Thickness,95,605,permuted_null,-0.1043955219598357
Seed_Thickness,95,606,permuted_null,-0.017643122126687623
Seed_Thickness,95,607,permuted_null,0.16397832606772864
Seed_Thickness,95,608,permuted_null,-0.10169823167213188
Seed_Thickness,95,609,permuted_null,0.0433581170613663
Seed_Thickness,95,610,permuted_null,-0.0244494336419235
Seed_Thickness,95,611,permuted_null,0.05134577020459567
Seed_Thickness,95,612,permuted_null,-0.008099371357573874
Seed_Thickness,95,613,permuted_null,-0.18615069551322203
Seed_Thickness,95,614,permuted_null,0.11114727592526728
Seed_Thickness,95,615,permuted_null,0.09324063702733477
Seed_Thickness,95,616,permuted_null,-0.05794094397192771
Seed_Thickness,95,617,permuted_null,0.014339228285043346
Seed_Thickness,95,618,permuted_null,0.06271197532948541
Seed_Thickness,95,619,permuted_null,-0.04174271214713439
Seed_Thickness,95,620,permuted_null,-0.004141675175621466
Seed_Thickness,95,621,permuted_null,-0.014464087458104104
Seed_Thickness,95,622,permuted_null,0.08851652312973696
Seed_Thickness,95,623,permuted_null,0.004833912203201127
Seed_Thickness,95,624,permuted_null,-0.052035357369920154
Seed_Thickness,95,625,permuted_null,0.12533358351768625
Seed_Thickness,95,626,permuted_null,-0.011689206269550903
Seed_Thickness,95,627,permuted_null,0.08031517567517568
Seed_Thickness,95,628,permuted_null,0.0776509906142786
Seed_Thickness,95,629,permuted_null,0.033549697640903015
Seed_Thickness,95,630,permuted_null,-0.012830245582538317
Seed_Thickness,95,631,permuted_null,0.022718720354493502
Seed_Thickness,95,632,permuted_null,0.09568984338584521
Seed_Thickness,95,633,permuted_null,0.13816328569181366
Seed_Thickness,95,634,permuted_null,0.002683647584562819
Seed_Thickness,95,635,permuted_null,0.029093967950301898
Seed_Thickness,95,636,permuted_null,-0.02622329588570669
Seed_Thickness,95,637,permuted_null,0.012991059478178411
Seed_Thickness,95,638,permuted_null,-0.08137889549785839
Seed_Thickness,95,639,permuted_null,0.04851802680307864
Seed_Thickness,95,640,permuted_null,-0.018690604340754976
Seed_Thickness,95,641,permuted_null,-0.0030004071947052104
Seed_Thickness,95,642,permuted_null,-0.019626543041171805
Seed_Thickness,95,643,permuted_null,0.0481277019554474
Seed_Thickness,95,644,permuted_null,0.038678334356276683
Seed_Thickness,95,645,permuted_null,0.04805281357561039
Seed_Thickness,95,646,permuted_null,-0.09798659207907406
Seed_Thickness,95,647,permuted_null,0.019977307021833243
Seed_Thickness,95,648,permuted_null,-0.03863933385573701
Seed_Thickness,95,649,permuted_null,-0.024058112716149365
Seed_Thickness,95,650,permuted_null,-0.04631518775825313
Seed_Thickness,95,651,permuted_null,0.04105369446557623
Seed_Thickness,95,652,permuted_null,0.2213346971446843
Seed_Thickness,95,653,permuted_null,0.0950288496523346
Seed_Thickness,95,654,permuted_null,0.04563855206483662
Seed_Thickness,95,655,permuted_null,-0.01865220565800179
Seed_Thickness,95,656,permuted_null,-0.04274670314879393
Seed_Thickness,95,657,permuted_null,-0.01619771609170146
Seed_Thickness,95,658,permuted_null,0.10758495287747531
Seed_Thickness,95,659,permuted_null,0.1570206444616712
Seed_Thickness,95,660,permuted_null,0.12817827042345797
Seed_Thickness,95,661,permuted_null,0.005440333871278451
Seed_Thickness,95,662,permuted_null,-0.12086933186893431
Seed_Thickness,95,663,permuted_null,0.04372141591072249
Seed_Thickness,95,664,permuted_null,0.0907886307456421
Seed_Thickness,95,665,permuted_null,0.010887346274906395
Seed_Thickness,95,666,permuted_null,-0.10270746336767035
Seed_Thickness,95,667,permuted_null,-0.05132509191589364
Seed_Thickness,95,668,permuted_null,0.06438776019445319
Seed_Thickness,95,669,permuted_null,-0.002724325675919516
Seed_Thickness,95,670,permuted_null,-0.07734128239473535
Seed_Thickness,95,671,permuted_null,-0.02203123780705471
Seed_Thickness,95,672,permuted_null,-0.0017390046815170326
Seed_Thickness,95,673,permuted_null,0.013385489012329853
Seed_Thickness,95,674,permuted_null,0.02413690471451082
Seed_Thickness,95,675,permuted_null,0.030362379599737796
Seed_Thickness,95,676,permuted_null,-0.01674015698463779
Seed_Thickness,95,677,permuted_null,0.015605758381697685
Seed_Thickness,95,678,permuted_null,0.026759863353976072
Seed_Thickness,95,679,permuted_null,-0.04715897608655624
Seed_Thickness,95,680,permuted_null,0.08717053992933665
Seed_Thickness,95,681,permuted_null,0.05199617419504543
Seed_Thickness,95,682,permuted_null,-0.16585647397016323
Seed_Thickness,95,683,permuted_null,0.022231299353451296
Seed_Thickness,95,684,permuted_null,0.003252103164284377
Seed_Thickness,95,685,permuted_null,-0.038885528430248326
Seed_Thickness,95,686,permuted_null,-0.07898851195835523
Seed_Thickness,95,687,permuted_null,0.04405067769811093
Seed_Thickness,95,688,permuted_null,-0.062286879079120845
Seed_Thickness,95,689,permuted_null,0.1277997595054037
Seed_Thickness,95,690,permuted_null,-0.09334113826785238
Seed_Thickness,95,691,permuted_null,0.057616601972251956
Seed_Thickness,95,692,permuted_null,0.07321569669293139
Seed_Thickness,95,693,permuted_null,0.06460051801952803
Seed_Thickness,95,694,permuted_null,0.07104475206428107
Seed_Thickness,95,695,permuted_null,-0.008742217714493985
Seed_Thickness,95,696,permuted_null,-0.08353198749445702
Seed_Thickness,95,697,permuted_null,0.14742133061646756
Seed_Thickness,95,698,permuted_null,-0.01753213915751638
Seed_Thickness,95,699,permuted_null,-0.047624804012572575
Seed_Thickness,95,700,permuted_null,-0.025310552938910803
Seed_Thickness,95,701,permuted_null,-0.04856593619658301
Seed_Thickness,95,702,permuted_null,0.05361895480510863
Seed_Thickness,95,703,permuted_null,-0.05146260976312944
Seed_Thickness,95,704,permuted_null,-0.05327871645742199
Seed_Thickness,95,705,permuted_null,0.005228788020029452
Seed_Thickness,95,706,permuted_null,-0.019419552108175732
Seed_Thickness,95,707,permuted_null,-0.1796317727022117
Seed_Thickness,95,708,permuted_null,0.03450561330612506
Seed_Thickness,95,709,permuted_null,0.08723260000616034
Seed_Thickness,95,710,permuted_null,-0.01942727068065387
Seed_Thickness,95,711,permuted_null,-0.07820922678923585
Seed_Thickness,95,712,permuted_null,-0.010983707243403674
Seed_Thickness,95,713,permuted_null,0.06277998009625883
Seed_Thickness,95,714,permuted_null,-0.020460947721126554
Seed_Thickness,95,715,permuted_null,-0.056077276927319494
Seed_Thickness,95,716,permuted_null,-0.13419233491021132
Seed_Thickness,95,717,permuted_null,-0.015074251377242512
Seed_Thickness,95,718,permuted_null,-0.03323481620400705
Seed_Thickness,95,719,permuted_null,-0.01534496965343915
Seed_Thickness,95,720,permuted_null,-0.08392728600718101
Seed_Thickness,95,721,permuted_null,0.04816110651642799
Seed_Thickness,95,722,permuted_null,-0.056351013459182225
Seed_Thickness,95,723,permuted_null,0.017545351016015454
Seed_Thickness,95,724,permuted_null,0.010018998257621696
Seed_Thickness,95,725,permuted_null,-0.09728684254479533
Seed_Thickness,95,726,permuted_null,0.13993263690041685
Seed_Thickness,95,727,permuted_null,-0.003073886644673512
Seed_Thickness,95,728,permuted_null,-0.146211279976872
Seed_Thickness,95,729,permuted_null,-0.04954894963546175
Seed_Thickness,95,730,permuted_null,-0.013105824391037885
Seed_Thickness,95,731,permuted_null,-0.10557070400276025
Seed_Thickness,95,732,permuted_null,-0.10439787514552704
Seed_Thickness,95,733,permuted_null,-0.13123406829005274
Seed_Thickness,95,734,permuted_null,0.0311963983350795
Seed_Thickness,95,735,permuted_null,-0.03822462372814015
Seed_Thickness,95,736,permuted_null,-0.1034371000005827
Seed_Thickness,95,737,permuted_null,-0.03852588258043373
Seed_Thickness,95,738,permuted_null,-0.08492461751882222
Seed_Thickness,95,739,permuted_null,0.16494794942329402
Seed_Thickness,95,740,permuted_null,-0.01358521884799397
Seed_Thickness,95,741,permuted_null,0.06277745431354656
Seed_Thickness,95,742,permuted_null,0.008714724999335462
Seed_Thickness,95,743,permuted_null,0.010350072213746002
Seed_Thickness,95,744,permuted_null,-0.1382073042122891
Seed_Thickness,95,745,permuted_null,-0.007566811265524151
Seed_Thickness,95,746,permuted_null,0.04318599607545599
Seed_Thickness,95,747,permuted_null,-0.011962125887863176
Seed_Thickness,95,748,permuted_null,-0.07022353630994208
Seed_Thickness,95,749,permuted_null,0.10508540723282764
Seed_Thickness,95,750,permuted_null,-0.026737463925645043
Seed_Thickness,95,751,permuted_null,0.10735428651931819
Seed_Thickness,95,752,permuted_null,-0.07139787474623806
Seed_Thickness,95,753,permuted_null,0.04319022109220888
Seed_Thickness,95,754,permuted_null,0.01315187323501344
Seed_Thickness,95,755,permuted_null,-7.740997628780631e-05
Seed_Thickness,95,756,permuted_null,0.027201337902279715
Seed_Thickness,95,757,permuted_null,-0.0024652579313505785
Seed_Thickness,95,758,permuted_null,-0.01114702235028404
Seed_Thickness,95,759,permuted_null,-0.060774279249130536
Seed_Thickness,95,760,permuted_null,-0.03192196830220925
Seed_Thickness,95,761,permuted_null,-0.1949673201381962
Seed_Thickness,95,762,permuted_null,-0.00906260603953482
Seed_Thickness,95,763,permuted_null,-0.03935780780283964
Seed_Thickness,95,764,permuted_null,-0.020357316260768886
Seed_Thickness,95,765,permuted_null,0.00010269526927501188
Seed_Thickness,95,766,permuted_null,0.10599694851430651
Seed_Thickness,95,767,permuted_null,-0.00010644899192041243
Seed_Thickness,95,768,permuted_null,-0.08864446320446193
Seed_Thickness,95,769,permuted_null,-0.014109746870948223
Seed_Thickness,95,770,permuted_null,0.04350061876265433
Seed_Thickness,95,771,permuted_null,0.07304480053418153
Seed_Thickness,95,772,permuted_null,-0.105727198634929
Seed_Thickness,95,773,permuted_null,0.016713324962183793
Seed_Thickness,95,774,permuted_null,0.08121107729484422
Seed_Thickness,95,775,permuted_null,-0.0750017757910274
Seed_Thickness,95,776,permuted_null,0.08137458484930049
Seed_Thickness,95,777,permuted_null,0.016299257389798243
Seed_Thickness,95,778,permuted_null,-0.012697191846477877
Seed_Thickness,95,779,permuted_null,0.051015956661721915
Seed_Thickness,95,780,permuted_null,-0.12192129595583479
Seed_Thickness,95,781,permuted_null,-0.029362459388562683
Seed_Thickness,95,782,permuted_null,0.0891475991303538
Seed_Thickness,95,783,permuted_null,0.02502719028650105
Seed_Thickness,95,784,permuted_null,0.06594901972162862
Seed_Thickness,95,785,permuted_null,0.018067235742286553
Seed_Thickness,95,786,permuted_null,0.07579070976849756
Seed_Thickness,95,787,permuted_null,-0.02797279353615655
Seed_Thickness,95,788,permuted_null,-0.029937404233217613
Seed_Thickness,95,789,permuted_null,-0.08275840292648173
Seed_Thickness,95,790,permuted_null,-0.043497974546473986
Seed_Thickness,95,791,permuted_null,0.046185657186552674
Seed_Thickness,95,792,permuted_null,-0.06340243990639016
Seed_Thickness,95,793,permuted_null,-0.10969592141293957
Seed_Thickness,95,794,permuted_null,-0.018636516024602263
Seed_Thickness,95,795,permuted_null,0.05285570826410696
Seed_Thickness,95,796,permuted_null,0.01523746543346998
Seed_Thickness,95,797,permuted_null,0.026962496702891754
Seed_Thickness,95,798,permuted_null,-0.14163608232336364
Seed_Thickness,95,799,permuted_null,-0.1335519939419949
Seed_Thickness,95,800,permuted_null,-0.06998240710017054
Seed_Thickness,95,801,permuted_null,0.06276344901808527
Seed_Thickness,95,802,permuted_null,-0.036078217108896755
Seed_Thickness,95,803,permuted_null,-0.14323523786176193
Seed_Thickness,95,804,permuted_null,0.024069343580876795
Seed_Thickness,95,805,permuted_null,0.03680404784777401
Seed_Thickness,95,806,permuted_null,-0.06586483495402305
Seed_Thickness,95,807,permuted_null,-0.060044885604824426
Seed_Thickness,95,808,permuted_null,-0.02126087989995884
Seed_Thickness,95,809,permuted_null,0.10255428424889823
Seed_Thickness,95,810,permuted_null,-0.031560212991112106
Seed_Thickness,95,811,permuted_null,-0.10518527174212991
Seed_Thickness,95,812,permuted_null,-0.07378444452483582
Seed_Thickness,95,813,permuted_null,0.017817610776336222
Seed_Thickness,95,814,permuted_null,0.015452539515173752
Seed_Thickness,95,815,permuted_null,0.08483177957558212
Seed_Thickness,95,816,permuted_null,0.012472968033877284
Seed_Thickness,95,817,permuted_null,0.06547359504222922
Seed_Thickness,95,818,permuted_null,-0.11766212384717195
Seed_Thickness,95,819,permuted_null,-0.03704687534059538
Seed_Thickness,95,820,permuted_null,0.05907871534110976
Seed_Thickness,95,821,permuted_null,0.027045106962023273
Seed_Thickness,95,822,permuted_null,0.06754842656738683
Seed_Thickness,95,823,permuted_null,-0.023341851568652677
Seed_Thickness,95,824,permuted_null,0.013012883914615352
Seed_Thickness,95,825,permuted_null,-0.024519896817075244
Seed_Thickness,95,826,permuted_null,-0.031737924199308175
Seed_Thickness,95,827,permuted_null,-0.03500529626366151
Seed_Thickness,95,828,permuted_null,0.08073968562569535
Seed_Thickness,95,829,permuted_null,-0.06816181014622068
Seed_Thickness,95,830,permuted_null,0.028197451229702984
Seed_Thickness,95,831,permuted_null,0.0712186814973002
Seed_Thickness,95,832,permuted_null,0.01992633510775741
Seed_Thickness,95,833,permuted_null,-0.07305402093075462
Seed_Thickness,95,834,permuted_null,0.08403950338713415
Seed_Thickness,95,835,permuted_null,0.16230109695745654
Seed_Thickness,95,836,permuted_null,-0.011931120914525084
Seed_Thickness,95,837,permuted_null,-0.004815461378617221
Seed_Thickness,95,838,permuted_null,0.07166642649959447
Seed_Thickness,95,839,permuted_null,-0.04736682896681549
Seed_Thickness,95,840,permuted_null,0.0798362010903595
Seed_Thickness,95,841,permuted_null,-0.07364761221095073
Seed_Thickness,95,842,permuted_null,0.014610227084911779
Seed_Thickness,95,843,permuted_null,0.1233685258738673
Seed_Thickness,95,844,permuted_null,-0.0235914258157129
Seed_Thickness,95,845,permuted_null,-0.07076877442438426
Seed_Thickness,95,846,permuted_null,-0.05903055890918305
Seed_Thickness,95,847,permuted_null,-0.043406219262647414
Seed_Thickness,95,848,permuted_null,0.09595820904277494
Seed_Thickness,95,849,permuted_null,0.04766899144879319
Seed_Thickness,95,850,permuted_null,-0.02318410459015311
Seed_Thickness,95,851,permuted_null,0.0367064104771198
Seed_Thickness,95,852,permuted_null,0.07048326306199995
Seed_Thickness,95,853,permuted_null,0.016623219811291976
Seed_Thickness,95,854,permuted_null,-0.10177542915467169
Seed_Thickness,95,855,permuted_null,-0.033740744481828844
Seed_Thickness,95,856,permuted_null,0.01875710952279417
Seed_Thickness,95,857,permuted_null,0.04373647166144122
Seed_Thickness,95,858,permuted_null,0.05340954192286513
Seed_Thickness,95,859,permuted_null,0.059223024212828476
Seed_Thickness,95,860,permuted_null,-0.008730592690484826
Seed_Thickness,95,861,permuted_null,0.06428513935023145
Seed_Thickness,95,862,permuted_null,0.09622669625936645
Seed_Thickness,95,863,permuted_null,-0.04432333509357725
Seed_Thickness,95,864,permuted_null,0.01951702931485283
Seed_Thickness,95,865,permuted_null,0.063228627878848
Seed_Thickness,95,866,permuted_null,0.003089410075608451
Seed_Thickness,95,867,permuted_null,0.032135883645568915
Seed_Thickness,95,868,permuted_null,-0.05556472690738727
Seed_Thickness,95,869,permuted_null,0.008408421790713605
Seed_Thickness,95,870,permuted_null,-0.17879448020546654
Seed_Thickness,95,871,permuted_null,-0.08893024913063047
Seed_Thickness,95,872,permuted_null,-0.06226444555130977
Seed_Thickness,95,873,permuted_null,-0.08666929585808966
Seed_Thickness,95,874,permuted_null,-0.046771557158637
Seed_Thickness,95,875,permuted_null,0.03693377236726753
Seed_Thickness,95,876,permuted_null,0.016313435481923093
Seed_Thickness,95,877,permuted_null,-0.07494551540794686
Seed_Thickness,95,878,permuted_null,-0.006505540257588056
Seed_Thickness,95,879,permuted_null,-0.1900028478048582
Seed_Thickness,95,880,permuted_null,-0.061418103960687476
Seed_Thickness,95,881,permuted_null,-0.02738498206531663
Seed_Thickness,95,882,permuted_null,0.016249613511685898
Seed_Thickness,95,883,permuted_null,-0.04066791712647245
Seed_Thickness,95,884,permuted_null,0.10670497698518241
Seed_Thickness,95,885,permuted_null,0.010148255654164131
Seed_Thickness,95,886,permuted_null,0.07678554053743034
Seed_Thickness,95,887,permuted_null,-0.023988937379133452
Seed_Thickness,95,888,permuted_null,0.03448164191219988
Seed_Thickness,95,889,permuted_null,0.1230101474946791
Seed_Thickness,95,890,permuted_null,0.03584816963027043
Seed_Thickness,95,891,permuted_null,-0.14537764535673472
Seed_Thickness,95,892,permuted_null,-0.10541844733099039
Seed_Thickness,95,893,permuted_null,-0.09205200727974319
Seed_Thickness,95,894,permuted_null,-0.042373281982878874
Seed_Thickness,95,895,permuted_null,0.05964751811449974
Seed_Thickness,95,896,permuted_null,-0.011120041780609971
Seed_Thickness,95,897,permuted_null,-0.021453232286252566
Seed_Thickness,95,898,permuted_null,0.11587923641817696
Seed_Thickness,95,899,permuted_null,0.16663632809255852
Seed_Thickness,95,900,permuted_null,-0.02672634732081547
Seed_Thickness,95,901,permuted_null,-0.08131953135179196
Seed_Thickness,95,902,permuted_null,-0.05089225144911273
Seed_Thickness,95,903,permuted_null,0.03267886033871564
Seed_Thickness,95,904,permuted_null,0.014556950266741715
Seed_Thickness,95,905,permuted_null,-0.09609889985682879
Seed_Thickness,95,906,permuted_null,-0.08207997074399317
Seed_Thickness,95,907,permuted_null,-0.005704031999553598
Seed_Thickness,95,908,permuted_null,0.19457706164356436
Seed_Thickness,95,909,permuted_null,-0.012367886854942639
Seed_Thickness,95,910,permuted_null,0.07301939431995502
Seed_Thickness,95,911,permuted_null,0.15949271365974219
Seed_Thickness,95,912,permuted_null,0.062467350586712045
Seed_Thickness,95,913,permuted_null,0.06497008462444144
Seed_Thickness,95,914,permuted_null,0.10003308325720182
Seed_Thickness,95,915,permuted_null,-0.060213799826346705
Seed_Thickness,95,916,permuted_null,-0.10440212764430419
Seed_Thickness,95,917,permuted_null,-0.025178200154336895
Seed_Thickness,95,918,permuted_null,0.02265574424622342
Seed_Thickness,95,919,permuted_null,0.04966784730752223
Seed_Thickness,95,920,permuted_null,0.00041124685928561194
Seed_Thickness,95,921,permuted_null,-0.07620845757352732
Seed_Thickness,95,922,permuted_null,0.11870700504602921
Seed_Thickness,95,923,permuted_null,-0.13348831314120185
Seed_Thickness,95,924,permuted_null,0.09506544633496969
Seed_Thickness,95,925,permuted_null,-0.0074595511514529075
Seed_Thickness,95,926,permuted_null,-0.06569504419094827
Seed_Thickness,95,927,permuted_null,-0.074790516200668
Seed_Thickness,95,928,permuted_null,-0.049949739343825225
Seed_Thickness,95,929,permuted_null,-0.1057193161559028
Seed_Thickness,95,930,permuted_null,-0.011971578719998932
Seed_Thickness,95,931,permuted_null,-0.08564174815715238
Seed_Thickness,95,932,permuted_null,0.10503073098790071
Seed_Thickness,95,933,permuted_null,0.007948908214000218
Seed_Thickness,95,934,permuted_null,0.023800030237060375
Seed_Thickness,95,935,permuted_null,0.010045484505482396
Seed_Thickness,95,936,permuted_null,-0.04405492014367479
Seed_Thickness,95,937,permuted_null,0.07551406786138924
Seed_Thickness,95,938,permuted_null,-0.0706834261231927
Seed_Thickness,95,939,permuted_null,0.0643262220959941
Seed_Thickness,95,940,permuted_null,0.01962281482895538
Seed_Thickness,95,941,permuted_null,0.0544151884695718
Seed_Thickness,95,942,permuted_null,-0.0055641448063914615
Seed_Thickness,95,943,permuted_null,-0.011209532640484549
Seed_Thickness,95,944,permuted_null,0.03055707836780497
Seed_Thickness,95,945,permuted_null,-0.04663237856799804
Seed_Thickness,95,946,permuted_null,-0.02467107081522155
Seed_Thickness,95,947,permuted_null,0.009577325643386078
Seed_Thickness,95,948,permuted_null,-0.03631411200073699
Seed_Thickness,95,949,permuted_null,0.005473393751250544
Seed_Thickness,95,950,permuted_null,0.03813619297849265
Seed_Thickness,95,951,permuted_null,0.08163530517189406
Seed_Thickness,95,952,permuted_null,-0.03341831695695928
Seed_Thickness,95,953,permuted_null,0.07079114593426523
Seed_Thickness,95,954,permuted_null,0.08606351200607092
Seed_Thickness,95,955,permuted_null,-0.09033628933074635
Seed_Thickness,95,956,permuted_null,-0.04957636234958776
Seed_Thickness,95,957,permuted_null,0.05120297079759729
Seed_Thickness,95,958,permuted_null,0.034828340974528915
Seed_Thickness,95,959,permuted_null,-0.15677405838001826
Seed_Thickness,95,960,permuted_null,0.00041508720580992267
Seed_Thickness,95,961,permuted_null,-0.011197894084421033
Seed_Thickness,95,962,permuted_null,0.019184461843738024
Seed_Thickness,95,963,permuted_null,-0.014818925756858725
Seed_Thickness,95,964,permuted_null,0.05143951350812649
Seed_Thickness,95,965,permuted_null,-0.06660414247693862
Seed_Thickness,95,966,permuted_null,0.02730682735054683
Seed_Thickness,95,967,permuted_null,0.04664631954398686
Seed_Thickness,95,968,permuted_null,-0.010548060991768067
Seed_Thickness,95,969,permuted_null,0.15765418836806538
Seed_Thickness,95,970,permuted_null,0.03676937284590375
Seed_Thickness,95,971,permuted_null,-0.06833365957549152
Seed_Thickness,95,972,permuted_null,0.07322498198110797
Seed_Thickness,95,973,permuted_null,-0.050135777502664736
Seed_Thickness,95,974,permuted_null,0.1175332329521219
Seed_Thickness,95,975,permuted_null,-0.051858325054718414
Seed_Thickness,95,976,permuted_null,0.038341523304727766
Seed_Thickness,95,977,permuted_null,0.04594444785847497
Seed_Thickness,95,978,permuted_null,0.07920370362973085
Seed_Thickness,95,979,permuted_null,-0.15562831637172173
Seed_Thickness,95,980,permuted_null,0.05467727251504613
Seed_Thickness,95,981,permuted_null,-0.09944678509351484
Seed_Thickness,95,982,permuted_null,0.09326930775475847
Seed_Thickness,95,983,permuted_null,-0.06415539060559398
Seed_Thickness,95,984,permuted_null,0.08860069277382356
Seed_Thickness,95,985,permuted_null,-0.047856711541579944
Seed_Thickness,95,986,permuted_null,-0.07454635756568717
Seed_Thickness,95,987,permuted_null,0.01877227056450469
Seed_Thickness,95,988,permuted_null,-0.05572914999236973
Seed_Thickness,95,989,permuted_null,-0.03730519556727093
Seed_Thickness,95,990,permuted_null,0.037928324079745904
Seed_Thickness,95,991,permuted_null,-0.01771389378682328
Seed_Thickness,95,992,permuted_null,-0.014412285307302458
Seed_Thickness,95,993,permuted_null,0.10884178583042244
Seed_Thickness,95,994,permuted_null,-0.031231685527447907
Seed_Thickness,95,995,permuted_null,0.032638218419417456
Seed_Thickness,95,996,permuted_null,-0.02061043425691352
Seed_Thickness,95,997,permuted_null,-0.18451302015022092
Seed_Thickness,95,998,permuted_null,-0.016799590051585038
Seed_Thickness,95,999,permuted_null,0.0464447737424873
Mass_of_Seeds,95,0,observed,0.2518247379677861
Mass_of_Seeds,95,1,observed,-0.022491385260217586
Mass_of_Seeds,95,2,observed,-0.17115275285048487
Mass_of_Seeds,95,3,observed,0.2162796763186355
Mass_of_Seeds,95,4,observed,0.2584399835993381
Mass_of_Seeds,95,5,observed,0.25497501236610315
Mass_of_Seeds,95,6,observed,0.15732519571848166
Mass_of_Seeds,95,7,observed,0.30446449846836293
Mass_of_Seeds,95,8,observed,0.12511935241405464
Mass_of_Seeds,95,9,observed,0.0155801294639824
Mass_of_Seeds,95,10,observed,0.07919883237462362
Mass_of_Seeds,95,11,observed,0.10865620903916542
Mass_of_Seeds,95,12,observed,0.2603122962826713
Mass_of_Seeds,95,13,observed,0.05873494539277227
Mass_of_Seeds,95,14,observed,0.03702827505026066
Mass_of_Seeds,95,15,observed,0.15622655825346832
Mass_of_Seeds,95,16,observed,0.14342462238927317
Mass_of_Seeds,95,17,observed,-0.01855045624492792
Mass_of_Seeds,95,18,observed,0.11694653981133153
Mass_of_Seeds,95,19,observed,0.10208687322403817
Mass_of_Seeds,95,20,observed,0.2370001895056195
Mass_of_Seeds,95,21,observed,0.30829502887717924
Mass_of_Seeds,95,22,observed,0.13512572710010406
Mass_of_Seeds,95,23,observed,0.21594288143663365
Mass_of_Seeds,95,24,observed,0.13578624763931096
Mass_of_Seeds,95,25,observed,0.20380221206189023
Mass_of_Seeds,95,26,observed,0.18448100886544283
Mass_of_Seeds,95,27,observed,0.07753576634339951
Mass_of_Seeds,95,28,observed,0.20437093542505816
Mass_of_Seeds,95,29,observed,0.05512991017197369
Mass_of_Seeds,95,30,observed,0.10127068679392802
Mass_of_Seeds,95,31,observed,0.1667946826532033
Mass_of_Seeds,95,32,observed,0.20227368667851509
Mass_of_Seeds,95,33,observed,0.15129703612592527
Mass_of_Seeds,95,34,observed,-0.03314859865058094
Mass_of_Seeds,95,35,observed,0.11205746461428816
Mass_of_Seeds,95,36,observed,-0.003410268900994287
Mass_of_Seeds,95,37,observed,0.14953560863305398
Mass_of_Seeds,95,38,observed,0.011022842518252817
Mass_of_Seeds,95,39,observed,0.07607148326595477
Mass_of_Seeds,95,40,observed,0.08761183524807485
Mass_of_Seeds,95,41,observed,0.09583022423931464
Mass_of_Seeds,95,42,observed,0.17236061207703735
Mass_of_Seeds,95,43,observed,-0.003133686743943598
Mass_of_Seeds,95,44,observed,0.13025403703536576
Mass_of_Seeds,95,45,observed,0.09756951737973772
Mass_of_Seeds,95,46,observed,0.07035758017274016
Mass_of_Seeds,95,47,observed,-0.009555999169870252
Mass_of_Seeds,95,48,observed,0.11890190036791107
Mass_of_Seeds,95,49,observed,0.08133962240481711
Mass_of_Seeds,95,0,permuted_null,-0.1300193248854599
Mass_of_Seeds,95,1,permuted_null,0.03560095406257406
Mass_of_Seeds,95,2,permuted_null,0.0025748594547503906
Mass_of_Seeds,95,3,permuted_null,-0.03200375492513485
Mass_of_Seeds,95,4,permuted_null,0.0812452687193407
Mass_of_Seeds,95,5,permuted_null,0.09846450762548814
Mass_of_Seeds,95,6,permuted_null,0.0741606056406437
Mass_of_Seeds,95,7,permuted_null,-0.014809462799622915
Mass_of_Seeds,95,8,permuted_null,-0.017460868579723707
Mass_of_Seeds,95,9,permuted_null,0.024124010166735828
Mass_of_Seeds,95,10,permuted_null,-0.05494627161483543
Mass_of_Seeds,95,11,permuted_null,0.11180845278751778
Mass_of_Seeds,95,12,permuted_null,0.08479990102295656
Mass_of_Seeds,95,13,permuted_null,0.07193266660864692
Mass_of_Seeds,95,14,permuted_null,-0.01583496656619636
Mass_of_Seeds,95,15,permuted_null,0.05249850616776717
Mass_of_Seeds,95,16,permuted_null,-0.0371515438595721
Mass_of_Seeds,95,17,permuted_null,0.027842768340697873
Mass_of_Seeds,95,18,permuted_null,-0.011598363594493611
Mass_of_Seeds,95,19,permuted_null,-0.08467823898139071
Mass_of_Seeds,95,20,permuted_null,0.04697752745040023
Mass_of_Seeds,95,21,permuted_null,0.03764403985250099
Mass_of_Seeds,95,22,permuted_null,0.11674493862210328
Mass_of_Seeds,95,23,permuted_null,0.06868044169666607
Mass_of_Seeds,95,24,permuted_null,-0.00339647239410059
Mass_of_Seeds,95,25,permuted_null,-0.0880723369162151
Mass_of_Seeds,95,26,permuted_null,-0.052119945179295454
Mass_of_Seeds,95,27,permuted_null,0.10164311520294092
Mass_of_Seeds,95,28,permuted_null,0.04039017480154704
Mass_of_Seeds,95,29,permuted_null,0.03590840255059377
Mass_of_Seeds,95,30,permuted_null,-0.041902827546923885
Mass_of_Seeds,95,31,permuted_null,-0.010729428529124098
Mass_of_Seeds,95,32,permuted_null,0.1019653284360723
Mass_of_Seeds,95,33,permuted_null,-0.004013471744870177
Mass_of_Seeds,95,34,permuted_null,0.03131818756007278
Mass_of_Seeds,95,35,permuted_null,-0.042842227071332055
Mass_of_Seeds,95,36,permuted_null,0.038294427059260325
Mass_of_Seeds,95,37,permuted_null,-0.004278415480455773
Mass_of_Seeds,95,38,permuted_null,-0.01976248527688118
Mass_of_Seeds,95,39,permuted_null,-0.055897392649344
Mass_of_Seeds,95,40,permuted_null,-0.009901062369161228
Mass_of_Seeds,95,41,permuted_null,-0.057119007482450086
Mass_of_Seeds,95,42,permuted_null,0.1482726918991546
Mass_of_Seeds,95,43,permuted_null,0.009250524251290183
Mass_of_Seeds,95,44,permuted_null,-0.028054478006150633
Mass_of_Seeds,95,45,permuted_null,-0.03968674650340148
Mass_of_Seeds,95,46,permuted_null,-0.0694183239972466
Mass_of_Seeds,95,47,permuted_null,-0.04387085887136013
Mass_of_Seeds,95,48,permuted_null,0.16269105889835295
Mass_of_Seeds,95,49,permuted_null,-0.03735455182663764
Mass_of_Seeds,95,50,permuted_null,0.03352492361176414
Mass_of_Seeds,95,51,permuted_null,-0.0800978535020319
Mass_of_Seeds,95,52,permuted_null,-0.2088105861387412
Mass_of_Seeds,95,53,permuted_null,-0.016580289234991545
Mass_of_Seeds,95,54,permuted_null,-0.17315747814641771
Mass_of_Seeds,95,55,permuted_null,0.044748400370627175
Mass_of_Seeds,95,56,permuted_null,-0.07818699734236448
Mass_of_Seeds,95,57,permuted_null,-0.05671043528886444
Mass_of_Seeds,95,58,permuted_null,0.10851341087092692
Mass_of_Seeds,95,59,permuted_null,0.023671159499661608
Mass_of_Seeds,95,60,permuted_null,-0.035374600508838054
Mass_of_Seeds,95,61,permuted_null,0.01286090895507612
Mass_of_Seeds,95,62,permuted_null,0.017319310757032955
Mass_of_Seeds,95,63,permuted_null,0.10311634551982471
Mass_of_Seeds,95,64,permuted_null,-0.04803810083122709
Mass_of_Seeds,95,65,permuted_null,-0.06180799482690811
Mass_of_Seeds,95,66,permuted_null,0.010739819887149712
Mass_of_Seeds,95,67,permuted_null,-0.016702940214941994
Mass_of_Seeds,95,68,permuted_null,-0.1054200893513496
Mass_of_Seeds,95,69,permuted_null,-0.07727155432120393
Mass_of_Seeds,95,70,permuted_null,0.001941568287258652
Mass_of_Seeds,95,71,permuted_null,0.10402748838989212
Mass_of_Seeds,95,72,permuted_null,0.05424465045984787
Mass_of_Seeds,95,73,permuted_null,-0.06255497590656421
Mass_of_Seeds,95,74,permuted_null,0.04399235802920578
Mass_of_Seeds,95,75,permuted_null,0.1009940260920706
Mass_of_Seeds,95,76,permuted_null,0.13424211589695562
Mass_of_Seeds,95,77,permuted_null,0.10300961076514545
Mass_of_Seeds,95,78,permuted_null,0.061354021083602675
Mass_of_Seeds,95,79,permuted_null,0.14989035436819495
Mass_of_Seeds,95,80,permuted_null,0.03700575099689058
Mass_of_Seeds,95,81,permuted_null,-0.11788082066290924
Mass_of_Seeds,95,82,permuted_null,0.1626791630093237
Mass_of_Seeds,95,83,permuted_null,-0.1488174856022988
Mass_of_Seeds,95,84,permuted_null,-0.03898586639943194
Mass_of_Seeds,95,85,permuted_null,-0.10492900779770727
Mass_of_Seeds,95,86,permuted_null,0.08581385408591528
Mass_of_Seeds,95,87,permuted_null,-0.02968301768269599
Mass_of_Seeds,95,88,permuted_null,-0.004501126058024918
Mass_of_Seeds,95,89,permuted_null,-0.09207072697688232
Mass_of_Seeds,95,90,permuted_null,0.012230234313131264
Mass_of_Seeds,95,91,permuted_null,0.018941002891974094
Mass_of_Seeds,95,92,permuted_null,-0.0767328373889274
Mass_of_Seeds,95,93,permuted_null,0.11472207128418913
Mass_of_Seeds,95,94,permuted_null,0.08034275142187061
Mass_of_Seeds,95,95,permuted_null,-0.0570781411887189
Mass_of_Seeds,95,96,permuted_null,-0.10483478640177288
Mass_of_Seeds,95,97,permuted_null,-0.051027220657658724
Mass_of_Seeds,95,98,permuted_null,0.03352382349111728
Mass_of_Seeds,95,99,permuted_null,0.09826472297052735
Mass_of_Seeds,95,100,permuted_null,0.07993402934128388
Mass_of_Seeds,95,101,permuted_null,-0.10987251910644877
Mass_of_Seeds,95,102,permuted_null,-0.08980842681403466
Mass_of_Seeds,95,103,permuted_null,0.036904083788304114
Mass_of_Seeds,95,104,permuted_null,0.0788480368823603
Mass_of_Seeds,95,105,permuted_null,-0.03703446827736617
Mass_of_Seeds,95,106,permuted_null,-0.0604268059662092
Mass_of_Seeds,95,107,permuted_null,0.06528290814482371
Mass_of_Seeds,95,108,permuted_null,0.023193508073782086
Mass_of_Seeds,95,109,permuted_null,0.06535760357167679
Mass_of_Seeds,95,110,permuted_null,0.05965814788733969
Mass_of_Seeds,95,111,permuted_null,0.02380827767363799
Mass_of_Seeds,95,112,permuted_null,0.03419063548561975
Mass_of_Seeds,95,113,permuted_null,0.044981785395771426
Mass_of_Seeds,95,114,permuted_null,0.08408845779066526
Mass_of_Seeds,95,115,permuted_null,0.12020578128584164
Mass_of_Seeds,95,116,permuted_null,0.008544046789442428
Mass_of_Seeds,95,117,permuted_null,-0.03931412658505115
Mass_of_Seeds,95,118,permuted_null,0.03146101252793347
Mass_of_Seeds,95,119,permuted_null,-0.020293847005923155
Mass_of_Seeds,95,120,permuted_null,0.11324734221268604
Mass_of_Seeds,95,121,permuted_null,0.07424857346390319
Mass_of_Seeds,95,122,permuted_null,-0.12780139477150626
Mass_of_Seeds,95,123,permuted_null,-0.07193452762631956
Mass_of_Seeds,95,124,permuted_null,-0.05245157179827108
Mass_of_Seeds,95,125,permuted_null,0.03949356141317112
Mass_of_Seeds,95,126,permuted_null,0.12036114735348707
Mass_of_Seeds,95,127,permuted_null,-0.018936664307654984
Mass_of_Seeds,95,128,permuted_null,-0.04533868016013664
Mass_of_Seeds,95,129,permuted_null,-0.029248970370167084
Mass_of_Seeds,95,130,permuted_null,0.08386962520137684
Mass_of_Seeds,95,131,permuted_null,0.08199275514293972
Mass_of_Seeds,95,132,permuted_null,-0.038820713516858694
Mass_of_Seeds,95,133,permuted_null,-0.02727105891144772
Mass_of_Seeds,95,134,permuted_null,0.03302378809624297
Mass_of_Seeds,95,135,permuted_null,0.024984705536728765
Mass_of_Seeds,95,136,permuted_null,0.23537845220980214
Mass_of_Seeds,95,137,permuted_null,-0.09862124512231996
Mass_of_Seeds,95,138,permuted_null,0.04711246865136338
Mass_of_Seeds,95,139,permuted_null,0.0692037346407906
Mass_of_Seeds,95,140,permuted_null,-0.03009610211702908
Mass_of_Seeds,95,141,permuted_null,0.05038499700348642
Mass_of_Seeds,95,142,permuted_null,0.02959071427281231
Mass_of_Seeds,95,143,permuted_null,-0.15788664453103918
Mass_of_Seeds,95,144,permuted_null,0.10163585995917435
Mass_of_Seeds,95,145,permuted_null,0.0013121862167471965
Mass_of_Seeds,95,146,permuted_null,0.11595617463673953
Mass_of_Seeds,95,147,permuted_null,0.07388153924761298
Mass_of_Seeds,95,148,permuted_null,0.11727829131878392
Mass_of_Seeds,95,149,permuted_null,0.05157046947757838
Mass_of_Seeds,95,150,permuted_null,-0.08018931013838582
Mass_of_Seeds,95,151,permuted_null,0.008002282982187331
Mass_of_Seeds,95,152,permuted_null,-0.15074490036811986
Mass_of_Seeds,95,153,permuted_null,0.09892515201762259
Mass_of_Seeds,95,154,permuted_null,-0.0469275167494446
Mass_of_Seeds,95,155,permuted_null,0.06745376711819287
Mass_of_Seeds,95,156,permuted_null,0.12781390743652432
Mass_of_Seeds,95,157,permuted_null,0.04625245428483829
Mass_of_Seeds,95,158,permuted_null,0.00325301792969283
Mass_of_Seeds,95,159,permuted_null,0.0035978421823647383
Mass_of_Seeds,95,160,permuted_null,-0.13235801308228007
Mass_of_Seeds,95,161,permuted_null,0.003964242084206676
Mass_of_Seeds,95,162,permuted_null,0.11529198997475676
Mass_of_Seeds,95,163,permuted_null,0.11769491605741703
Mass_of_Seeds,95,164,permuted_null,-0.04766426943790259
Mass_of_Seeds,95,165,permuted_null,-0.03727497083556255
Mass_of_Seeds,95,166,permuted_null,0.051251457776181966
Mass_of_Seeds,95,167,permuted_null,-0.10614337803017841
Mass_of_Seeds,95,168,permuted_null,-0.10097019267801091
Mass_of_Seeds,95,169,permuted_null,-0.04785803706809078
Mass_of_Seeds,95,170,permuted_null,0.02881691693617426
Mass_of_Seeds,95,171,permuted_null,-0.07251229690551585
Mass_of_Seeds,95,172,permuted_null,-0.12141855659398286
Mass_of_Seeds,95,173,permuted_null,-0.005764884959301938
Mass_of_Seeds,95,174,permuted_null,0.06714155825271456
Mass_of_Seeds,95,175,permuted_null,-0.09267464180166451
Mass_of_Seeds,95,176,permuted_null,-0.018639446298895475
Mass_of_Seeds,95,177,permuted_null,-0.0032252961159378035
Mass_of_Seeds,95,178,permuted_null,0.05347453441337299
Mass_of_Seeds,95,179,permuted_null,0.07539611557085395
Mass_of_Seeds,95,180,permuted_null,-0.009450138849617973
Mass_of_Seeds,95,181,permuted_null,-0.027026361354039075
Mass_of_Seeds,95,182,permuted_null,-0.07928520401749406
Mass_of_Seeds,95,183,permuted_null,-0.0745359459370122
Mass_of_Seeds,95,184,permuted_null,-0.03262229295173229
Mass_of_Seeds,95,185,permuted_null,-0.012918145843109748
Mass_of_Seeds,95,186,permuted_null,0.08970294129029813
Mass_of_Seeds,95,187,permuted_null,-0.04438517383164597
Mass_of_Seeds,95,188,permuted_null,0.05749966370895497
Mass_of_Seeds,95,189,permuted_null,0.07162969656640136
Mass_of_Seeds,95,190,permuted_null,-0.016193314380042283
Mass_of_Seeds,95,191,permuted_null,0.014715942504178632
Mass_of_Seeds,95,192,permuted_null,-0.04981651596108728
Mass_of_Seeds,95,193,permuted_null,0.02645588524857226
Mass_of_Seeds,95,194,permuted_null,-0.06040853082455738
Mass_of_Seeds,95,195,permuted_null,0.009054158792038278
Mass_of_Seeds,95,196,permuted_null,0.013040883987662108
Mass_of_Seeds,95,197,permuted_null,-0.029179166795118193
Mass_of_Seeds,95,198,permuted_null,0.0055868029823559415
Mass_of_Seeds,95,199,permuted_null,0.02698082317311786
Mass_of_Seeds,95,200,permuted_null,-0.03855829200033911
Mass_of_Seeds,95,201,permuted_null,0.00045121096315900444
Mass_of_Seeds,95,202,permuted_null,0.0388097456288925
Mass_of_Seeds,95,203,permuted_null,-0.06684759337705495
Mass_of_Seeds,95,204,permuted_null,0.045891878391124186
Mass_of_Seeds,95,205,permuted_null,0.14870678214305966
Mass_of_Seeds,95,206,permuted_null,0.05543328702805488
Mass_of_Seeds,95,207,permuted_null,-0.07548317058076193
Mass_of_Seeds,95,208,permuted_null,0.10537316240344327
Mass_of_Seeds,95,209,permuted_null,0.0302375798608009
Mass_of_Seeds,95,210,permuted_null,0.007830082572422289
Mass_of_Seeds,95,211,permuted_null,0.26467031475349906
Mass_of_Seeds,95,212,permuted_null,0.029837652478227714
Mass_of_Seeds,95,213,permuted_null,0.06441069433375328
Mass_of_Seeds,95,214,permuted_null,-0.05233831083028713
Mass_of_Seeds,95,215,permuted_null,0.06333376661501475
Mass_of_Seeds,95,216,permuted_null,0.03809512397598939
Mass_of_Seeds,95,217,permuted_null,0.0023188290365644473
Mass_of_Seeds,95,218,permuted_null,0.09375390505868789
Mass_of_Seeds,95,219,permuted_null,-0.16096086494266132
Mass_of_Seeds,95,220,permuted_null,0.0012158057764809285
Mass_of_Seeds,95,221,permuted_null,0.02140734462210984
Mass_of_Seeds,95,222,permuted_null,-0.06414734298420657
Mass_of_Seeds,95,223,permuted_null,0.008184465569168924
Mass_of_Seeds,95,224,permuted_null,0.015540073577125273
Mass_of_Seeds,95,225,permuted_null,-0.02211330689759558
Mass_of_Seeds,95,226,permuted_null,-0.0999447147430357
Mass_of_Seeds,95,227,permuted_null,-0.06688338765023266
Mass_of_Seeds,95,228,permuted_null,-0.002492488228420582
Mass_of_Seeds,95,229,permuted_null,-0.041329828279261474
Mass_of_Seeds,95,230,permuted_null,0.04317620244247658
Mass_of_Seeds,95,231,permuted_null,0.017110050651328104
Mass_of_Seeds,95,232,permuted_null,-0.08502596808533333
Mass_of_Seeds,95,233,permuted_null,-0.03084769216065624
Mass_of_Seeds,95,234,permuted_null,-0.05576114323384977
Mass_of_Seeds,95,235,permuted_null,-0.0904840230777876
Mass_of_Seeds,95,236,permuted_null,0.09016714869335893
Mass_of_Seeds,95,237,permuted_null,0.0004758699275616632
Mass_of_Seeds,95,238,permuted_null,0.1574105031348274
Mass_of_Seeds,95,239,permuted_null,0.12181130120941389
Mass_of_Seeds,95,240,permuted_null,-0.04709651052085194
Mass_of_Seeds,95,241,permuted_null,-0.06535908415098213
Mass_of_Seeds,95,242,permuted_null,-0.039985355666405376
Mass_of_Seeds,95,243,permuted_null,-0.08656794549522842
Mass_of_Seeds,95,244,permuted_null,0.14337025379009938
Mass_of_Seeds,95,245,permuted_null,-0.058562924849750855
Mass_of_Seeds,95,246,permuted_null,-0.06661390870291987
Mass_of_Seeds,95,247,permuted_null,0.015221394026298567
Mass_of_Seeds,95,248,permuted_null,-0.12279121702449296
Mass_of_Seeds,95,249,permuted_null,-0.04932335798973005
Mass_of_Seeds,95,250,permuted_null,0.004225153274866566
Mass_of_Seeds,95,251,permuted_null,0.04884891616575893
Mass_of_Seeds,95,252,permuted_null,-0.13880434134711506
Mass_of_Seeds,95,253,permuted_null,0.017982409701210428
Mass_of_Seeds,95,254,permuted_null,-0.15966446779683818
Mass_of_Seeds,95,255,permuted_null,-0.07707045596893805
Mass_of_Seeds,95,256,permuted_null,0.07440514838769499
Mass_of_Seeds,95,257,permuted_null,-0.0766105122717501
Mass_of_Seeds,95,258,permuted_null,-0.08596520514531857
Mass_of_Seeds,95,259,permuted_null,-0.031840529916471495
Mass_of_Seeds,95,260,permuted_null,0.015256077490273336
Mass_of_Seeds,95,261,permuted_null,-0.11151428601456086
Mass_of_Seeds,95,262,permuted_null,-0.02232668957837479
Mass_of_Seeds,95,263,permuted_null,0.05824662067201867
Mass_of_Seeds,95,264,permuted_null,-0.05876857786932453
Mass_of_Seeds,95,265,permuted_null,-0.11301474397529958
Mass_of_Seeds,95,266,permuted_null,0.023742213095636587
Mass_of_Seeds,95,267,permuted_null,-0.034487467646036475
Mass_of_Seeds,95,268,permuted_null,-0.13232086602762336
Mass_of_Seeds,95,269,permuted_null,-0.06795700706411921
Mass_of_Seeds,95,270,permuted_null,0.16380425007445018
Mass_of_Seeds,95,271,permuted_null,-0.0073021548695581355
Mass_of_Seeds,95,272,permuted_null,0.04483829842908086
Mass_of_Seeds,95,273,permuted_null,-0.03290015117875255
Mass_of_Seeds,95,274,permuted_null,0.08955643751110039
Mass_of_Seeds,95,275,permuted_null,0.07475221366148266
Mass_of_Seeds,95,276,permuted_null,-0.03870374087461394
Mass_of_Seeds,95,277,permuted_null,0.021332475750049172
Mass_of_Seeds,95,278,permuted_null,0.0026899899113842912
Mass_of_Seeds,95,279,permuted_null,-0.026095668792169728
Mass_of_Seeds,95,280,permuted_null,-0.07065700121893216
Mass_of_Seeds,95,281,permuted_null,0.09571906015121102
Mass_of_Seeds,95,282,permuted_null,0.009712469427727771
Mass_of_Seeds,95,283,permuted_null,-0.0687934416146327
Mass_of_Seeds,95,284,permuted_null,-0.03349388320454935
Mass_of_Seeds,95,285,permuted_null,0.05832876693226803
Mass_of_Seeds,95,286,permuted_null,0.04616034325530202
Mass_of_Seeds,95,287,permuted_null,0.07771646080609738
Mass_of_Seeds,95,288,permuted_null,-0.012704678589502992
Mass_of_Seeds,95,289,permuted_null,-0.1200283526266672
Mass_of_Seeds,95,290,permuted_null,-0.0838972393090464
Mass_of_Seeds,95,291,permuted_null,0.020610212965937156
Mass_of_Seeds,95,292,permuted_null,-0.07362492364241834
Mass_of_Seeds,95,293,permuted_null,-0.17264321642726227
Mass_of_Seeds,95,294,permuted_null,0.0708296838765079
Mass_of_Seeds,95,295,permuted_null,0.06677762971166908
Mass_of_Seeds,95,296,permuted_null,-0.05172619078606048
Mass_of_Seeds,95,297,permuted_null,0.022466946213304567
Mass_of_Seeds,95,298,permuted_null,-0.06444249328119428
Mass_of_Seeds,95,299,permuted_null,-0.12676413014772525
Mass_of_Seeds,95,300,permuted_null,0.02094218837245629
Mass_of_Seeds,95,301,permuted_null,0.004442409803235438
Mass_of_Seeds,95,302,permuted_null,-0.044608478589615586
Mass_of_Seeds,95,303,permuted_null,-0.08754227327601091
Mass_of_Seeds,95,304,permuted_null,-0.07833751860649718
Mass_of_Seeds,95,305,permuted_null,-0.02871031054081827
Mass_of_Seeds,95,306,permuted_null,-0.12164687222788223
Mass_of_Seeds,95,307,permuted_null,-0.05628735559505198
Mass_of_Seeds,95,308,permuted_null,0.021564739010877347
Mass_of_Seeds,95,309,permuted_null,-0.1238299313409803
Mass_of_Seeds,95,310,permuted_null,0.015296306693370114
Mass_of_Seeds,95,311,permuted_null,-0.06582594906443509
Mass_of_Seeds,95,312,permuted_null,-0.021675582113612472
Mass_of_Seeds,95,313,permuted_null,-0.029621869240369532
Mass_of_Seeds,95,314,permuted_null,-0.08960811876841968
Mass_of_Seeds,95,315,permuted_null,0.05349101460110488
Mass_of_Seeds,95,316,permuted_null,-0.021843282412064735
Mass_of_Seeds,95,317,permuted_null,-0.11388788905946486
Mass_of_Seeds,95,318,permuted_null,-0.1351398957503845
Mass_of_Seeds,95,319,permuted_null,0.18032688817523307
Mass_of_Seeds,95,320,permuted_null,-0.019359723511173155
Mass_of_Seeds,95,321,permuted_null,-0.19058672599931986
Mass_of_Seeds,95,322,permuted_null,0.07463935662321662
Mass_of_Seeds,95,323,permuted_null,0.07044091447732331
Mass_of_Seeds,95,324,permuted_null,0.004194733645816483
Mass_of_Seeds,95,325,permuted_null,0.21317856809428395
Mass_of_Seeds,95,326,permuted_null,0.05328981632446336
Mass_of_Seeds,95,327,permuted_null,-0.046371337754085834
Mass_of_Seeds,95,328,permuted_null,0.010400505311250662
Mass_of_Seeds,95,329,permuted_null,0.12006235332076472
Mass_of_Seeds,95,330,permuted_null,-0.057953780894445
Mass_of_Seeds,95,331,permuted_null,-0.020076829741617203
Mass_of_Seeds,95,332,permuted_null,0.033840046791335024
Mass_of_Seeds,95,333,permuted_null,-0.08404371900896301
Mass_of_Seeds,95,334,permuted_null,0.002667122005583805
Mass_of_Seeds,95,335,permuted_null,-0.1316249446622521
Mass_of_Seeds,95,336,permuted_null,0.015583858520447365
Mass_of_Seeds,95,337,permuted_null,0.05829115834630583
Mass_of_Seeds,95,338,permuted_null,0.04693852566220461
Mass_of_Seeds,95,339,permuted_null,-0.021716253309959806
Mass_of_Seeds,95,340,permuted_null,0.16573778684223422
Mass_of_Seeds,95,341,permuted_null,0.1048964230243204
Mass_of_Seeds,95,342,permuted_null,0.0793473240077893
Mass_of_Seeds,95,343,permuted_null,-0.02029142872315809
Mass_of_Seeds,95,344,permuted_null,0.025487812116180723
Mass_of_Seeds,95,345,permuted_null,-0.006813289593383558
Mass_of_Seeds,95,346,permuted_null,0.06734852312911448
Mass_of_Seeds,95,347,permuted_null,-0.03417003236554608
Mass_of_Seeds,95,348,permuted_null,0.03078179560243461
Mass_of_Seeds,95,349,permuted_null,0.044093332379929226
Mass_of_Seeds,95,350,permuted_null,0.032698200146665586
Mass_of_Seeds,95,351,permuted_null,-0.026364702498328882
Mass_of_Seeds,95,352,permuted_null,-0.028846358700446252
Mass_of_Seeds,95,353,permuted_null,0.12976693468572895
Mass_of_Seeds,95,354,permuted_null,-0.02524819847523018
Mass_of_Seeds,95,355,permuted_null,0.12734041279954106
Mass_of_Seeds,95,356,permuted_null,-0.018813301458394424
Mass_of_Seeds,95,357,permuted_null,0.01413404877702086
Mass_of_Seeds,95,358,permuted_null,0.13286217089051205
Mass_of_Seeds,95,359,permuted_null,-0.10679115063160492
Mass_of_Seeds,95,360,permuted_null,0.024737596887695418
Mass_of_Seeds,95,361,permuted_null,-0.0043236040258502265
Mass_of_Seeds,95,362,permuted_null,0.027004471434113546
Mass_of_Seeds,95,363,permuted_null,-0.03429897093615077
Mass_of_Seeds,95,364,permuted_null,-0.023649086750528278
Mass_of_Seeds,95,365,permuted_null,0.10318531408279083
Mass_of_Seeds,95,366,permuted_null,0.04181175918293502
Mass_of_Seeds,95,367,permuted_null,-0.09652677585035596
Mass_of_Seeds,95,368,permuted_null,0.21267297853006015
Mass_of_Seeds,95,369,permuted_null,-0.07103141665429957
Mass_of_Seeds,95,370,permuted_null,-0.06814207179546074
Mass_of_Seeds,95,371,permuted_null,-0.021597836960682473
Mass_of_Seeds,95,372,permuted_null,0.0070527108454030984
Mass_of_Seeds,95,373,permuted_null,0.07415983959114371
Mass_of_Seeds,95,374,permuted_null,-0.05219591223524368
Mass_of_Seeds,95,375,permuted_null,0.014897847076936255
Mass_of_Seeds,95,376,permuted_null,-0.10624145320049778
Mass_of_Seeds,95,377,permuted_null,-0.002644683006871505
Mass_of_Seeds,95,378,permuted_null,-0.10291697970734778
Mass_of_Seeds,95,379,permuted_null,0.17195544697209716
Mass_of_Seeds,95,380,permuted_null,-0.002263401623479565
Mass_of_Seeds,95,381,permuted_null,0.03234019619871733
Mass_of_Seeds,95,382,permuted_null,-0.0013745346670882563
Mass_of_Seeds,95,383,permuted_null,-0.09461752115785657
Mass_of_Seeds,95,384,permuted_null,0.02495217433805731
Mass_of_Seeds,95,385,permuted_null,0.10318962380870614
Mass_of_Seeds,95,386,permuted_null,0.10672655403193548
Mass_of_Seeds,95,387,permuted_null,0.1010197103960456
Mass_of_Seeds,95,388,permuted_null,-0.08229082475692903
Mass_of_Seeds,95,389,permuted_null,-0.0348133514155209
Mass_of_Seeds,95,390,permuted_null,-0.07603790000627525
Mass_of_Seeds,95,391,permuted_null,-0.057664255554872756
Mass_of_Seeds,95,392,permuted_null,-0.024993630413752653
Mass_of_Seeds,95,393,permuted_null,0.07635990570526355
Mass_of_Seeds,95,394,permuted_null,-0.01640998789997116
Mass_of_Seeds,95,395,permuted_null,0.07055789392245339
Mass_of_Seeds,95,396,permuted_null,-0.089666070314956
Mass_of_Seeds,95,397,permuted_null,-0.01466151395137369
Mass_of_Seeds,95,398,permuted_null,0.14529270869925937
Mass_of_Seeds,95,399,permuted_null,-0.025277968275849258
Mass_of_Seeds,95,400,permuted_null,-0.05741855980461592
Mass_of_Seeds,95,401,permuted_null,0.09154773296105553
Mass_of_Seeds,95,402,permuted_null,-0.03810923303065722
Mass_of_Seeds,95,403,permuted_null,-0.004446504792880529
Mass_of_Seeds,95,404,permuted_null,0.12142221053629332
Mass_of_Seeds,95,405,permuted_null,-0.07485671579734787
Mass_of_Seeds,95,406,permuted_null,-0.001449455961110832
Mass_of_Seeds,95,407,permuted_null,0.10441547060341111
Mass_of_Seeds,95,408,permuted_null,-0.1802843390360296
Mass_of_Seeds,95,409,permuted_null,-0.012671527806051998
Mass_of_Seeds,95,410,permuted_null,0.19569539885084178
Mass_of_Seeds,95,411,permuted_null,-0.0006360362053391133
Mass_of_Seeds,95,412,permuted_null,0.019488040900486815
Mass_of_Seeds,95,413,permuted_null,0.06707800059540049
Mass_of_Seeds,95,414,permuted_null,0.0175829082289155
Mass_of_Seeds,95,415,permuted_null,0.0456755139354955
Mass_of_Seeds,95,416,permuted_null,0.0872880908608317
Mass_of_Seeds,95,417,permuted_null,-0.0907862861736571
Mass_of_Seeds,95,418,permuted_null,0.1096915434594449
Mass_of_Seeds,95,419,permuted_null,-0.06569780083289745
Mass_of_Seeds,95,420,permuted_null,0.007711938092710799
Mass_of_Seeds,95,421,permuted_null,0.028035124225198743
Mass_of_Seeds,95,422,permuted_null,-0.06969014919915262
Mass_of_Seeds,95,423,permuted_null,-0.04073950150260306
Mass_of_Seeds,95,424,permuted_null,0.030562049993203534
Mass_of_Seeds,95,425,permuted_null,0.12323477322663165
Mass_of_Seeds,95,426,permuted_null,0.02251619084643113
Mass_of_Seeds,95,427,permuted_null,-0.017413457399948946
Mass_of_Seeds,95,428,permuted_null,-0.15081674916521154
Mass_of_Seeds,95,429,permuted_null,0.15802048993116352
Mass_of_Seeds,95,430,permuted_null,0.1604129512849264
Mass_of_Seeds,95,431,permuted_null,-0.128846732360068
Mass_of_Seeds,95,432,permuted_null,0.008882083858948838
Mass_of_Seeds,95,433,permuted_null,0.018047078697716337
Mass_of_Seeds,95,434,permuted_null,-0.008286106823882408
Mass_of_Seeds,95,435,permuted_null,0.0020688713291446073
Mass_of_Seeds,95,436,permuted_null,-0.11538354920460658
Mass_of_Seeds,95,437,permuted_null,0.029269446570666578
Mass_of_Seeds,95,438,permuted_null,-0.03628748820561272
Mass_of_Seeds,95,439,permuted_null,-0.022448461999017715
Mass_of_Seeds,95,440,permuted_null,0.045853944871444126
Mass_of_Seeds,95,441,permuted_null,-0.21142655831218415
Mass_of_Seeds,95,442,permuted_null,0.1012330112151876
Mass_of_Seeds,95,443,permuted_null,-0.042151088341305154
Mass_of_Seeds,95,444,permuted_null,-0.15784471385321475
Mass_of_Seeds,95,445,permuted_null,0.1068612026054446
Mass_of_Seeds,95,446,permuted_null,0.04373387425468141
Mass_of_Seeds,95,447,permuted_null,0.034948335570394055
Mass_of_Seeds,95,448,permuted_null,-0.006142462993801112
Mass_of_Seeds,95,449,permuted_null,0.08363217591905943
Mass_of_Seeds,95,450,permuted_null,0.06054441753538197
Mass_of_Seeds,95,451,permuted_null,0.0171410227642341
Mass_of_Seeds,95,452,permuted_null,-0.03002353021251379
Mass_of_Seeds,95,453,permuted_null,0.02368342422645405
Mass_of_Seeds,95,454,permuted_null,-0.10019930614237892
Mass_of_Seeds,95,455,permuted_null,0.09845161819251072
Mass_of_Seeds,95,456,permuted_null,0.0644666437562441
Mass_of_Seeds,95,457,permuted_null,-0.09046393753825874
Mass_of_Seeds,95,458,permuted_null,0.13014160851971301
Mass_of_Seeds,95,459,permuted_null,0.02083089801959033
Mass_of_Seeds,95,460,permuted_null,-0.08406821196004875
Mass_of_Seeds,95,461,permuted_null,-0.034133458939688124
Mass_of_Seeds,95,462,permuted_null,0.030055152719124234
Mass_of_Seeds,95,463,permuted_null,-0.12530243170731784
Mass_of_Seeds,95,464,permuted_null,-0.06743547489847043
Mass_of_Seeds,95,465,permuted_null,-0.013759799809969355
Mass_of_Seeds,95,466,permuted_null,0.030077581275164165
Mass_of_Seeds,95,467,permuted_null,0.0423881010814266
Mass_of_Seeds,95,468,permuted_null,0.011553697771761282
Mass_of_Seeds,95,469,permuted_null,-0.014347779929145696
Mass_of_Seeds,95,470,permuted_null,-0.10276388946216852
Mass_of_Seeds,95,471,permuted_null,0.042384857270866834
Mass_of_Seeds,95,472,permuted_null,0.06839272524963164
Mass_of_Seeds,95,473,permuted_null,0.0780966391569259
Mass_of_Seeds,95,474,permuted_null,0.053706108786082354
Mass_of_Seeds,95,475,permuted_null,-0.08875094013222098
Mass_of_Seeds,95,476,permuted_null,-0.042708172534111674
Mass_of_Seeds,95,477,permuted_null,0.17740555094451518
Mass_of_Seeds,95,478,permuted_null,-0.0324421496209233
Mass_of_Seeds,95,479,permuted_null,0.037139196299250006
Mass_of_Seeds,95,480,permuted_null,-0.038827152829256646
Mass_of_Seeds,95,481,permuted_null,0.00813479127314836
Mass_of_Seeds,95,482,permuted_null,0.009323177339401245
Mass_of_Seeds,95,483,permuted_null,0.07222540474530008
Mass_of_Seeds,95,484,permuted_null,-0.014701519417204656
Mass_of_Seeds,95,485,permuted_null,0.06756275261339598
Mass_of_Seeds,95,486,permuted_null,0.011834956874003762
Mass_of_Seeds,95,487,permuted_null,0.04181259664337246
Mass_of_Seeds,95,488,permuted_null,-0.09567549824022684
Mass_of_Seeds,95,489,permuted_null,0.11107770461286351
Mass_of_Seeds,95,490,permuted_null,0.12726101584476082
Mass_of_Seeds,95,491,permuted_null,0.005564823012009508
Mass_of_Seeds,95,492,permuted_null,0.07522008267611824
Mass_of_Seeds,95,493,permuted_null,0.06849190322944776
Mass_of_Seeds,95,494,permuted_null,-0.04963115032955458
Mass_of_Seeds,95,495,permuted_null,0.02470313832420344
Mass_of_Seeds,95,496,permuted_null,0.07932850917021057
Mass_of_Seeds,95,497,permuted_null,0.049136940889449275
Mass_of_Seeds,95,498,permuted_null,-0.05718104959980959
Mass_of_Seeds,95,499,permuted_null,0.07659391541724145
Mass_of_Seeds,95,500,permuted_null,-0.062264122148342434
Mass_of_Seeds,95,501,permuted_null,0.05478819851513133
Mass_of_Seeds,95,502,permuted_null,-0.11277337452514116
Mass_of_Seeds,95,503,permuted_null,0.05982384739270992
Mass_of_Seeds,95,504,permuted_null,-0.11506756826979704
Mass_of_Seeds,95,505,permuted_null,0.03293037414272281
Mass_of_Seeds,95,506,permuted_null,-0.054900049858842434
Mass_of_Seeds,95,507,permuted_null,0.040148886526621956
Mass_of_Seeds,95,508,permuted_null,0.011897851219374625
Mass_of_Seeds,95,509,permuted_null,0.06460581768954073
Mass_of_Seeds,95,510,permuted_null,-0.014597312837191564
Mass_of_Seeds,95,511,permuted_null,0.034017598522054715
Mass_of_Seeds,95,512,permuted_null,-0.045543116583992946
Mass_of_Seeds,95,513,permuted_null,0.0043780870941571084
Mass_of_Seeds,95,514,permuted_null,0.05140485805195495
Mass_of_Seeds,95,515,permuted_null,-0.1462408707037636
Mass_of_Seeds,95,516,permuted_null,0.0946728122486853
Mass_of_Seeds,95,517,permuted_null,-0.020230014805658066
Mass_of_Seeds,95,518,permuted_null,0.06093022058014446
Mass_of_Seeds,95,519,permuted_null,0.04039258115981641
Mass_of_Seeds,95,520,permuted_null,-0.1084691246606504
Mass_of_Seeds,95,521,permuted_null,-0.12983299588426417
Mass_of_Seeds,95,522,permuted_null,0.04538204209479704
Mass_of_Seeds,95,523,permuted_null,-0.10056379045464767
Mass_of_Seeds,95,524,permuted_null,0.07645467957775533
Mass_of_Seeds,95,525,permuted_null,0.12004539228637201
Mass_of_Seeds,95,526,permuted_null,0.05752681919999575
Mass_of_Seeds,95,527,permuted_null,-0.08752058529860206
Mass_of_Seeds,95,528,permuted_null,-0.17578896316644912
Mass_of_Seeds,95,529,permuted_null,0.10266756955625068
Mass_of_Seeds,95,530,permuted_null,0.0018146084499992
Mass_of_Seeds,95,531,permuted_null,-0.01675386132908066
Mass_of_Seeds,95,532,permuted_null,-0.06664929457486296
Mass_of_Seeds,95,533,permuted_null,-0.04782582295429774
Mass_of_Seeds,95,534,permuted_null,0.12967057646930538
Mass_of_Seeds,95,535,permuted_null,-0.06363414029599726
Mass_of_Seeds,95,536,permuted_null,-0.017150027460499047
Mass_of_Seeds,95,537,permuted_null,-0.05504311019391821
Mass_of_Seeds,95,538,permuted_null,0.11966555337493677
Mass_of_Seeds,95,539,permuted_null,0.039257522587146224
Mass_of_Seeds,95,540,permuted_null,-0.07849145145627072
Mass_of_Seeds,95,541,permuted_null,0.1392529549681504
Mass_of_Seeds,95,542,permuted_null,0.007630984219672281
Mass_of_Seeds,95,543,permuted_null,0.05921205480275146
Mass_of_Seeds,95,544,permuted_null,-0.10291579385967699
Mass_of_Seeds,95,545,permuted_null,0.11826157225807613
Mass_of_Seeds,95,546,permuted_null,0.17571925093127186
Mass_of_Seeds,95,547,permuted_null,0.026144188733213353
Mass_of_Seeds,95,548,permuted_null,0.06378862947694741
Mass_of_Seeds,95,549,permuted_null,0.06414563707228348
Mass_of_Seeds,95,550,permuted_null,0.005242829352643599
Mass_of_Seeds,95,551,permuted_null,0.012808600412629014
Mass_of_Seeds,95,552,permuted_null,0.059276421865426684
Mass_of_Seeds,95,553,permuted_null,-0.011503242895219375
Mass_of_Seeds,95,554,permuted_null,0.012693197576382879
Mass_of_Seeds,95,555,permuted_null,0.056359462379630104
Mass_of_Seeds,95,556,permuted_null,-0.025412441237891308
Mass_of_Seeds,95,557,permuted_null,-0.09173316622781597
Mass_of_Seeds,95,558,permuted_null,0.15285916057120666
Mass_of_Seeds,95,559,permuted_null,0.13021783987466828
Mass_of_Seeds,95,560,permuted_null,-0.0031445605922338325
Mass_of_Seeds,95,561,permuted_null,0.13151079772194604
Mass_of_Seeds,95,562,permuted_null,-0.1213262867731591
Mass_of_Seeds,95,563,permuted_null,-0.031988743337815075
Mass_of_Seeds,95,564,permuted_null,0.07102724572087227
Mass_of_Seeds,95,565,permuted_null,-0.06649334069895999
Mass_of_Seeds,95,566,permuted_null,-0.012325689077095829
Mass_of_Seeds,95,567,permuted_null,-0.004633047722835612
Mass_of_Seeds,95,568,permuted_null,-0.012207895011523098
Mass_of_Seeds,95,569,permuted_null,0.060150476124322054
Mass_of_Seeds,95,570,permuted_null,-0.047347221076455906
Mass_of_Seeds,95,571,permuted_null,0.12846854385632528
Mass_of_Seeds,95,572,permuted_null,0.10186122943683254
Mass_of_Seeds,95,573,permuted_null,0.0870975903858831
Mass_of_Seeds,95,574,permuted_null,-0.006917216885837706
Mass_of_Seeds,95,575,permuted_null,0.05230309341833204
Mass_of_Seeds,95,576,permuted_null,0.12206352532315226
Mass_of_Seeds,95,577,permuted_null,0.054621948474481735
Mass_of_Seeds,95,578,permuted_null,0.018811273145068964
Mass_of_Seeds,95,579,permuted_null,0.01835823487195569
Mass_of_Seeds,95,580,permuted_null,0.019919904066123654
Mass_of_Seeds,95,581,permuted_null,-0.06363946789751208
Mass_of_Seeds,95,582,permuted_null,0.02177519087034399
Mass_of_Seeds,95,583,permuted_null,-0.05225098003111471
Mass_of_Seeds,95,584,permuted_null,0.07932707798005036
Mass_of_Seeds,95,585,permuted_null,-0.11472789593268558
Mass_of_Seeds,95,586,permuted_null,0.02845251199527895
Mass_of_Seeds,95,587,permuted_null,0.1257598210370177
Mass_of_Seeds,95,588,permuted_null,-0.00031969294762114464
Mass_of_Seeds,95,589,permuted_null,0.03958191086774937
Mass_of_Seeds,95,590,permuted_null,0.05709275692624893
Mass_of_Seeds,95,591,permuted_null,0.013994127667987952
Mass_of_Seeds,95,592,permuted_null,0.21258190662422238
Mass_of_Seeds,95,593,permuted_null,-0.10392173695499507
Mass_of_Seeds,95,594,permuted_null,0.04893973922505011
Mass_of_Seeds,95,595,permuted_null,-0.02542306266897367
Mass_of_Seeds,95,596,permuted_null,0.026171943858464206
Mass_of_Seeds,95,597,permuted_null,0.09277389909690657
Mass_of_Seeds,95,598,permuted_null,-0.10021376570198753
Mass_of_Seeds,95,599,permuted_null,0.029970076071489098
Mass_of_Seeds,95,600,permuted_null,-0.06259473990136445
Mass_of_Seeds,95,601,permuted_null,-0.02023082001933605
Mass_of_Seeds,95,602,permuted_null,-0.04921231143405638
Mass_of_Seeds,95,603,permuted_null,0.07067455179225075
Mass_of_Seeds,95,604,permuted_null,-0.06024896688005029
Mass_of_Seeds,95,605,permuted_null,-0.16286915556751658
Mass_of_Seeds,95,606,permuted_null,0.08308443469321192
Mass_of_Seeds,95,607,permuted_null,0.07831772605375348
Mass_of_Seeds,95,608,permuted_null,-0.06013439583149048
Mass_of_Seeds,95,609,permuted_null,0.015933689216182097
Mass_of_Seeds,95,610,permuted_null,-0.01447472081117468
Mass_of_Seeds,95,611,permuted_null,0.01763878604882723
Mass_of_Seeds,95,612,permuted_null,-0.09539468490199794
Mass_of_Seeds,95,613,permuted_null,-0.14405055034829373
Mass_of_Seeds,95,614,permuted_null,0.13302058286654664
Mass_of_Seeds,95,615,permuted_null,0.11741267453788215
Mass_of_Seeds,95,616,permuted_null,0.007318881021277691
Mass_of_Seeds,95,617,permuted_null,-0.01468546576440937
Mass_of_Seeds,95,618,permuted_null,0.042569384969280796
Mass_of_Seeds,95,619,permuted_null,-0.06262031438863516
Mass_of_Seeds,95,620,permuted_null,-0.0058779919523065105
Mass_of_Seeds,95,621,permuted_null,-0.04235637712492239
Mass_of_Seeds,95,622,permuted_null,0.05539414717930678
Mass_of_Seeds,95,623,permuted_null,0.026307926515728178
Mass_of_Seeds,95,624,permuted_null,-0.006880486689722895
Mass_of_Seeds,95,625,permuted_null,0.057727083530342144
Mass_of_Seeds,95,626,permuted_null,0.032952843159229445
Mass_of_Seeds,95,627,permuted_null,0.1827165518591205
Mass_of_Seeds,95,628,permuted_null,0.014806587253738143
Mass_of_Seeds,95,629,permuted_null,-0.0012448379654964523
Mass_of_Seeds,95,630,permuted_null,0.041027776219440495
Mass_of_Seeds,95,631,permuted_null,0.06731610906328962
Mass_of_Seeds,95,632,permuted_null,0.01830738301927184
Mass_of_Seeds,95,633,permuted_null,0.13732102611041677
Mass_of_Seeds,95,634,permuted_null,-0.05107700834439237
Mass_of_Seeds,95,635,permuted_null,0.007698677369132885
Mass_of_Seeds,95,636,permuted_null,0.08542871148430137
Mass_of_Seeds,95,637,permuted_null,0.0336159762730106
Mass_of_Seeds,95,638,permuted_null,-0.06569392994343613
Mass_of_Seeds,95,639,permuted_null,0.01623064367183709
Mass_of_Seeds,95,640,permuted_null,0.02006793897811596
Mass_of_Seeds,95,641,permuted_null,0.08197108591085533
Mass_of_Seeds,95,642,permuted_null,-0.04253758166008386
Mass_of_Seeds,95,643,permuted_null,0.006132940185521334
Mass_of_Seeds,95,644,permuted_null,0.01876336989918994
Mass_of_Seeds,95,645,permuted_null,0.051853508128735126
Mass_of_Seeds,95,646,permuted_null,-0.03585616939608791
Mass_of_Seeds,95,647,permuted_null,0.012194044871360391
Mass_of_Seeds,95,648,permuted_null,-0.022458576332045045
Mass_of_Seeds,95,649,permuted_null,-0.033609209897520836
Mass_of_Seeds,95,650,permuted_null,-0.08363032608742185
Mass_of_Seeds,95,651,permuted_null,0.05442116977960267
Mass_of_Seeds,95,652,permuted_null,0.1364449877833672
Mass_of_Seeds,95,653,permuted_null,0.11883337278835299
Mass_of_Seeds,95,654,permuted_null,0.0618400189405115
Mass_of_Seeds,95,655,permuted_null,-0.06625748482912955
Mass_of_Seeds,95,656,permuted_null,-0.09468753399520272
Mass_of_Seeds,95,657,permuted_null,-0.08293103835607119
Mass_of_Seeds,95,658,permuted_null,0.18885446153011376
Mass_of_Seeds,95,659,permuted_null,0.13185353849290307
Mass_of_Seeds,95,660,permuted_null,0.06488633891882002
Mass_of_Seeds,95,661,permuted_null,0.09781639241959988
Mass_of_Seeds,95,662,permuted_null,-0.14080846885644238
Mass_of_Seeds,95,663,permuted_null,-0.013673443039290155
Mass_of_Seeds,95,664,permuted_null,0.05551127919196489
Mass_of_Seeds,95,665,permuted_null,0.17318897046828882
Mass_of_Seeds,95,666,permuted_null,-0.08217529970095694
Mass_of_Seeds,95,667,permuted_null,-0.05033868098902624
Mass_of_Seeds,95,668,permuted_null,0.08743407011373819
Mass_of_Seeds,95,669,permuted_null,0.012994915138109714
Mass_of_Seeds,95,670,permuted_null,-0.0017651529485736908
Mass_of_Seeds,95,671,permuted_null,-0.0018123415158716807
Mass_of_Seeds,95,672,permuted_null,-0.02278754694094518
Mass_of_Seeds,95,673,permuted_null,0.05728062942181024
Mass_of_Seeds,95,674,permuted_null,0.21453320505411838
Mass_of_Seeds,95,675,permuted_null,0.011554932403739837
Mass_of_Seeds,95,676,permuted_null,-0.02745408910922352
Mass_of_Seeds,95,677,permuted_null,0.03337829347100857
Mass_of_Seeds,95,678,permuted_null,0.011416586167992442
Mass_of_Seeds,95,679,permuted_null,-0.03382016066070945
Mass_of_Seeds,95,680,permuted_null,0.06173052921421632
Mass_of_Seeds,95,681,permuted_null,0.0014450651487330482
Mass_of_Seeds,95,682,permuted_null,-0.14259567846698853
Mass_of_Seeds,95,683,permuted_null,-0.0018839960768986391
Mass_of_Seeds,95,684,permuted_null,-0.03345942468023075
Mass_of_Seeds,95,685,permuted_null,-0.022298541610719147
Mass_of_Seeds,95,686,permuted_null,-0.053163960051089434
Mass_of_Seeds,95,687,permuted_null,0.05486269959143557
Mass_of_Seeds,95,688,permuted_null,-0.055433682510889815
Mass_of_Seeds,95,689,permuted_null,0.06984600891456023
Mass_of_Seeds,95,690,permuted_null,-0.06807708177945893
Mass_of_Seeds,95,691,permuted_null,0.05294874213394103
Mass_of_Seeds,95,692,permuted_null,0.03165649249480436
Mass_of_Seeds,95,693,permuted_null,0.11857027309780152
Mass_of_Seeds,95,694,permuted_null,0.0774876727146207
Mass_of_Seeds,95,695,permuted_null,0.03786343586764376
Mass_of_Seeds,95,696,permuted_null,-0.06797656568518357
Mass_of_Seeds,95,697,permuted_null,0.013133665528208691
Mass_of_Seeds,95,698,permuted_null,0.004919632888810553
Mass_of_Seeds,95,699,permuted_null,-0.023601279867856206
Mass_of_Seeds,95,700,permuted_null,0.048819694832886305
Mass_of_Seeds,95,701,permuted_null,-0.005053663191922554
Mass_of_Seeds,95,702,permuted_null,0.06608531785535199
Mass_of_Seeds,95,703,permuted_null,-0.008945733462850549
Mass_of_Seeds,95,704,permuted_null,-0.08080095515490726
Mass_of_Seeds,95,705,permuted_null,-0.06090205193218547
Mass_of_Seeds,95,706,permuted_null,-0.035602503853388166
Mass_of_Seeds,95,707,permuted_null,-0.02226034987568882
Mass_of_Seeds,95,708,permuted_null,0.02900827187156256
Mass_of_Seeds,95,709,permuted_null,0.09774619261785224
Mass_of_Seeds,95,710,permuted_null,-0.052503044139555005
Mass_of_Seeds,95,711,permuted_null,-0.019374592802127985
Mass_of_Seeds,95,712,permuted_null,-0.04397031700294626
Mass_of_Seeds,95,713,permuted_null,0.11720498588017356
Mass_of_Seeds,95,714,permuted_null,-0.08179568500514955
Mass_of_Seeds,95,715,permuted_null,-0.10638194158781977
Mass_of_Seeds,95,716,permuted_null,-0.04954011336400041
Mass_of_Seeds,95,717,permuted_null,-0.02269591992966106
Mass_of_Seeds,95,718,permuted_null,0.05297851298905954
Mass_of_Seeds,95,719,permuted_null,-0.0050690173684331055
Mass_of_Seeds,95,720,permuted_null,-0.13698457657686225
Mass_of_Seeds,95,721,permuted_null,0.05385188763945235
Mass_of_Seeds,95,722,permuted_null,-0.050794594844827914
Mass_of_Seeds,95,723,permuted_null,-0.00039573522923001814
Mass_of_Seeds,95,724,permuted_null,-0.02683638513196386
Mass_of_Seeds,95,725,permuted_null,-0.02049016646816785
Mass_of_Seeds,95,726,permuted_null,0.04221257436712725
Mass_of_Seeds,95,727,permuted_null,0.06311820551515464
Mass_of_Seeds,95,728,permuted_null,-0.03620610325430802
Mass_of_Seeds,95,729,permuted_null,0.0008876793627267121
Mass_of_Seeds,95,730,permuted_null,-0.019344154912136202
Mass_of_Seeds,95,731,permuted_null,-0.1400368843185155
Mass_of_Seeds,95,732,permuted_null,0.031638165031951784
Mass_of_Seeds,95,733,permuted_null,-0.097459760274135
Mass_of_Seeds,95,734,permuted_null,0.05834094943708305
Mass_of_Seeds,95,735,permuted_null,-0.04856752245952879
Mass_of_Seeds,95,736,permuted_null,-0.08699452433264543
Mass_of_Seeds,95,737,permuted_null,-0.020763071723375118
Mass_of_Seeds,95,738,permuted_null,-0.07160468976323364
Mass_of_Seeds,95,739,permuted_null,0.08497879509874744
Mass_of_Seeds,95,740,permuted_null,-0.039350741555422314
Mass_of_Seeds,95,741,permuted_null,0.06630567290776909
Mass_of_Seeds,95,742,permuted_null,-0.007707482923029967
Mass_of_Seeds,95,743,permuted_null,0.07626927391952658
Mass_of_Seeds,95,744,permuted_null,-0.11283262424813326
Mass_of_Seeds,95,745,permuted_null,-0.010967457632357139
Mass_of_Seeds,95,746,permuted_null,0.059461744821357895
Mass_of_Seeds,95,747,permuted_null,-0.05352412701754507
Mass_of_Seeds,95,748,permuted_null,-0.1376270504947152
Mass_of_Seeds,95,749,permuted_null,0.12942513599615685
Mass_of_Seeds,95,750,permuted_null,-0.053454596567444446
Mass_of_Seeds,95,751,permuted_null,0.10004498680656149
Mass_of_Seeds,95,752,permuted_null,-0.043844864889274804
Mass_of_Seeds,95,753,permuted_null,0.01396808374973025
Mass_of_Seeds,95,754,permuted_null,0.08445738581061128
Mass_of_Seeds,95,755,permuted_null,0.03082110757888689
Mass_of_Seeds,95,756,permuted_null,0.013013725923653501
Mass_of_Seeds,95,757,permuted_null,-0.0476933496549996
Mass_of_Seeds,95,758,permuted_null,-0.06624569142980748
Mass_of_Seeds,95,759,permuted_null,0.0030490622432358047
Mass_of_Seeds,95,760,permuted_null,-0.042756545150296976
Mass_of_Seeds,95,761,permuted_null,-0.10145168338705353
Mass_of_Seeds,95,762,permuted_null,-0.025472315482324807
Mass_of_Seeds,95,763,permuted_null,-0.14025973737768294
Mass_of_Seeds,95,764,permuted_null,-0.0866264250089969
Mass_of_Seeds,95,765,permuted_null,-0.01905565521099563
Mass_of_Seeds,95,766,permuted_null,0.16908613800221245
Mass_of_Seeds,95,767,permuted_null,0.06581908946631802
Mass_of_Seeds,95,768,permuted_null,-0.1058409138704771
Mass_of_Seeds,95,769,permuted_null,-0.071067828908785
Mass_of_Seeds,95,770,permuted_null,0.07617429690117448
Mass_of_Seeds,95,771,permuted_null,0.08542544072966794
Mass_of_Seeds,95,772,permuted_null,-0.06303437110517218
Mass_of_Seeds,95,773,permuted_null,0.04463560814459183
Mass_of_Seeds,95,774,permuted_null,0.14501754227865615
Mass_of_Seeds,95,775,permuted_null,-0.10143233547457209
Mass_of_Seeds,95,776,permuted_null,0.03878841054563946
Mass_of_Seeds,95,777,permuted_null,0.07876532020073065
Mass_of_Seeds,95,778,permuted_null,0.09984326540372193
Mass_of_Seeds,95,779,permuted_null,0.018486271064140993
Mass_of_Seeds,95,780,permuted_null,-0.12829983755553975
Mass_of_Seeds,95,781,permuted_null,-0.025946325577437028
Mass_of_Seeds,95,782,permuted_null,0.0668183430054888
Mass_of_Seeds,95,783,permuted_null,0.02077521391424715
Mass_of_Seeds,95,784,permuted_null,-0.04638248053156889
Mass_of_Seeds,95,785,permuted_null,0.028124004552151756
Mass_of_Seeds,95,786,permuted_null,0.16055928580446635
Mass_of_Seeds,95,787,permuted_null,-0.049079321386804625
Mass_of_Seeds,95,788,permuted_null,0.06564797535181821
Mass_of_Seeds,95,789,permuted_null,-0.05544533380842513
Mass_of_Seeds,95,790,permuted_null,-0.07252178757030327
Mass_of_Seeds,95,791,permuted_null,0.09863225607498201
Mass_of_Seeds,95,792,permuted_null,-0.03881919100295739
Mass_of_Seeds,95,793,permuted_null,-0.22453114559079435
Mass_of_Seeds,95,794,permuted_null,0.02247616114760035
Mass_of_Seeds,95,795,permuted_null,-0.031198540919949974
Mass_of_Seeds,95,796,permuted_null,-0.00963288638685033
Mass_of_Seeds,95,797,permuted_null,0.017928765240080427
Mass_of_Seeds,95,798,permuted_null,-0.10276004694077362
Mass_of_Seeds,95,799,permuted_null,-0.069252243175019
Mass_of_Seeds,95,800,permuted_null,-0.03616969368331589
Mass_of_Seeds,95,801,permuted_null,0.040963894153651065
Mass_of_Seeds,95,802,permuted_null,-0.05274160721513768
Mass_of_Seeds,95,803,permuted_null,-0.15303778719258396
Mass_of_Seeds,95,804,permuted_null,0.08673885106589183
Mass_of_Seeds,95,805,permuted_null,0.12373612132086459
Mass_of_Seeds,95,806,permuted_null,-0.08419937815174064
Mass_of_Seeds,95,807,permuted_null,-0.04611526445355263
Mass_of_Seeds,95,808,permuted_null,-0.009068466528382522
Mass_of_Seeds,95,809,permuted_null,0.13303701610672658
Mass_of_Seeds,95,810,permuted_null,-0.0547354445866462
Mass_of_Seeds,95,811,permuted_null,-0.08007221615592493
Mass_of_Seeds,95,812,permuted_null,-0.060450741537009134
Mass_of_Seeds,95,813,permuted_null,0.07388789660180756
Mass_of_Seeds,95,814,permuted_null,0.07290387811766688
Mass_of_Seeds,95,815,permuted_null,0.08143543026299536
Mass_of_Seeds,95,816,permuted_null,-0.003552374705436361
Mass_of_Seeds,95,817,permuted_null,0.019046038400072133
Mass_of_Seeds,95,818,permuted_null,-0.05079585962503236
Mass_of_Seeds,95,819,permuted_null,0.04029633900260621
Mass_of_Seeds,95,820,permuted_null,0.05223329626055068
Mass_of_Seeds,95,821,permuted_null,0.002550042094643268
Mass_of_Seeds,95,822,permuted_null,-0.06491852646588785
Mass_of_Seeds,95,823,permuted_null,-0.0005672514094483133
Mass_of_Seeds,95,824,permuted_null,0.015217927219992815
Mass_of_Seeds,95,825,permuted_null,-0.019604182645135484
Mass_of_Seeds,95,826,permuted_null,0.028595532840440564
Mass_of_Seeds,95,827,permuted_null,-0.04260996371072599
Mass_of_Seeds,95,828,permuted_null,0.08396054626806923
Mass_of_Seeds,95,829,permuted_null,-0.03769249149440236
Mass_of_Seeds,95,830,permuted_null,0.02212248623748382
Mass_of_Seeds,95,831,permuted_null,0.011482330135919969
Mass_of_Seeds,95,832,permuted_null,0.05304538558945762
Mass_of_Seeds,95,833,permuted_null,0.04619492271109474
Mass_of_Seeds,95,834,permuted_null,0.10035078000374997
Mass_of_Seeds,95,835,permuted_null,0.1397569986953
Mass_of_Seeds,95,836,permuted_null,-0.03759522184879195
Mass_of_Seeds,95,837,permuted_null,0.01338259867100624
Mass_of_Seeds,95,838,permuted_null,-0.04768336134590352
Mass_of_Seeds,95,839,permuted_null,-0.05714881016263012
Mass_of_Seeds,95,840,permuted_null,0.009922054868779749
Mass_of_Seeds,95,841,permuted_null,-0.05129406932710946
Mass_of_Seeds,95,842,permuted_null,0.008137063699630617
Mass_of_Seeds,95,843,permuted_null,0.12241868865782829
Mass_of_Seeds,95,844,permuted_null,0.028348039599026785
Mass_of_Seeds,95,845,permuted_null,-0.07331727869746633
Mass_of_Seeds,95,846,permuted_null,-0.018920401031699577
Mass_of_Seeds,95,847,permuted_null,-0.007991375407241375
Mass_of_Seeds,95,848,permuted_null,0.00744311414030354
Mass_of_Seeds,95,849,permuted_null,-0.04134260786095274
Mass_of_Seeds,95,850,permuted_null,0.05740159809168048
Mass_of_Seeds,95,851,permuted_null,-0.05740469233402214
Mass_of_Seeds,95,852,permuted_null,0.04725302034350128
Mass_of_Seeds,95,853,permuted_null,0.01760721781903661
Mass_of_Seeds,95,854,permuted_null,-0.10476885368227772
Mass_of_Seeds,95,855,permuted_null,-0.004320992596372697
Mass_of_Seeds,95,856,permuted_null,0.05297820925940305
Mass_of_Seeds,95,857,permuted_null,0.0234151101730965
Mass_of_Seeds,95,858,permuted_null,0.019279895834137452
Mass_of_Seeds,95,859,permuted_null,0.10757116995155329
Mass_of_Seeds,95,860,permuted_null,-0.01171070198101093
Mass_of_Seeds,95,861,permuted_null,0.08024329879466251
Mass_of_Seeds,95,862,permuted_null,0.13756360378738092
Mass_of_Seeds,95,863,permuted_null,-0.10639967636973632
Mass_of_Seeds,95,864,permuted_null,-0.036880256311750736
Mass_of_Seeds,95,865,permuted_null,0.06293893104829983
Mass_of_Seeds,95,866,permuted_null,-0.07880664648693383
Mass_of_Seeds,95,867,permuted_null,0.019991131077122463
Mass_of_Seeds,95,868,permuted_null,-0.013480776891430284
Mass_of_Seeds,95,869,permuted_null,0.048949751620836465
Mass_of_Seeds,95,870,permuted_null,-0.1455936176384623
Mass_of_Seeds,95,871,permuted_null,0.09121108854452778
Mass_of_Seeds,95,872,permuted_null,0.018233156353656493
Mass_of_Seeds,95,873,permuted_null,0.00809138478294483
Mass_of_Seeds,95,874,permuted_null,0.017409277121751977
Mass_of_Seeds,95,875,permuted_null,0.08639625025353334
Mass_of_Seeds,95,876,permuted_null,-0.003706014570895047
Mass_of_Seeds,95,877,permuted_null,-0.06597879565259657
Mass_of_Seeds,95,878,permuted_null,-0.03136302567338038
Mass_of_Seeds,95,879,permuted_null,-0.1543550894154898
Mass_of_Seeds,95,880,permuted_null,-0.047666790035353804
Mass_of_Seeds,95,881,permuted_null,0.004604254351959703
Mass_of_Seeds,95,882,permuted_null,0.051486041339926555
Mass_of_Seeds,95,883,permuted_null,-0.11533357751092238
Mass_of_Seeds,95,884,permuted_null,0.05089630842275135
Mass_of_Seeds,95,885,permuted_null,0.04537717187892754
Mass_of_Seeds,95,886,permuted_null,-0.023994717343531945
Mass_of_Seeds,95,887,permuted_null,0.05601543046714778
Mass_of_Seeds,95,888,permuted_null,-0.09687499799555287
Mass_of_Seeds,95,889,permuted_null,0.015891907763946063
Mass_of_Seeds,95,890,permuted_null,-0.08033238287464171
Mass_of_Seeds,95,891,permuted_null,-0.16800008332060465
Mass_of_Seeds,95,892,permuted_null,0.020886361970898094
Mass_of_Seeds,95,893,permuted_null,-0.06310600268641141
Mass_of_Seeds,95,894,permuted_null,0.004680796729955014
Mass_of_Seeds,95,895,permuted_null,0.11334019704572824
Mass_of_Seeds,95,896,permuted_null,-0.04093235481836719
Mass_of_Seeds,95,897,permuted_null,-0.05707871703193888
Mass_of_Seeds,95,898,permuted_null,0.07918668625140844
Mass_of_Seeds,95,899,permuted_null,-0.03986126410803763
Mass_of_Seeds,95,900,permuted_null,0.03189604097779504
Mass_of_Seeds,95,901,permuted_null,-0.04712592933615745
Mass_of_Seeds,95,902,permuted_null,-0.07444327155120112
Mass_of_Seeds,95,903,permuted_null,0.0345463528403164
Mass_of_Seeds,95,904,permuted_null,0.01772823638742628
Mass_of_Seeds,95,905,permuted_null,-0.013666219302563787
Mass_of_Seeds,95,906,permuted_null,-0.16449162559760067
Mass_of_Seeds,95,907,permuted_null,-0.016444236474772677
Mass_of_Seeds,95,908,permuted_null,0.1219403262676785
Mass_of_Seeds,95,909,permuted_null,-0.08526639724879256
Mass_of_Seeds,95,910,permuted_null,0.15939542663347625
Mass_of_Seeds,95,911,permuted_null,0.17829015104196866
Mass_of_Seeds,95,912,permuted_null,0.153141794479171
Mass_of_Seeds,95,913,permuted_null,0.11587953523144852
Mass_of_Seeds,95,914,permuted_null,0.02951941043804212
Mass_of_Seeds,95,915,permuted_null,-0.041493575077832745
Mass_of_Seeds,95,916,permuted_null,-0.14454964042425753
Mass_of_Seeds,95,917,permuted_null,-0.04615569442402824
Mass_of_Seeds,95,918,permuted_null,0.07421125517724317
Mass_of_Seeds,95,919,permuted_null,0.05146717758161261
Mass_of_Seeds,95,920,permuted_null,-0.002796121012463248
Mass_of_Seeds,95,921,permuted_null,-0.04108200424496858
Mass_of_Seeds,95,922,permuted_null,0.013770626609539632
Mass_of_Seeds,95,923,permuted_null,-0.07886607699170094
Mass_of_Seeds,95,924,permuted_null,0.05814146352827883
Mass_of_Seeds,95,925,permuted_null,-0.11149560421329491
Mass_of_Seeds,95,926,permuted_null,-0.07417911180459881
Mass_of_Seeds,95,927,permuted_null,-0.0568124107692152
Mass_of_Seeds,95,928,permuted_null,-0.06996993239667496
Mass_of_Seeds,95,929,permuted_null,-0.09902093744392484
Mass_of_Seeds,95,930,permuted_null,0.012617492057851294
Mass_of_Seeds,95,931,permuted_null,-0.006509562104321074
Mass_of_Seeds,95,932,permuted_null,0.0839782022303564
Mass_of_Seeds,95,933,permuted_null,-0.062170581121706224
Mass_of_Seeds,95,934,permuted_null,0.019620041700990146
Mass_of_Seeds,95,935,permuted_null,-0.038459218483203605
Mass_of_Seeds,95,936,permuted_null,-0.024373383019331465
Mass_of_Seeds,95,937,permuted_null,0.11789185325029487
Mass_of_Seeds,95,938,permuted_null,-0.026195042477374947
Mass_of_Seeds,95,939,permuted_null,0.1439451821332994
Mass_of_Seeds,95,940,permuted_null,0.04591872764425989
Mass_of_Seeds,95,941,permuted_null,0.006317394255019298
Mass_of_Seeds,95,942,permuted_null,-0.018067012691813565
Mass_of_Seeds,95,943,permuted_null,0.0452251241452718
Mass_of_Seeds,95,944,permuted_null,0.054621975712178514
Mass_of_Seeds,95,945,permuted_null,-0.04112688492224887
Mass_of_Seeds,95,946,permuted_null,-0.004041295711902468
Mass_of_Seeds,95,947,permuted_null,0.042078514496978525
Mass_of_Seeds,95,948,permuted_null,-0.05928583974761502
Mass_of_Seeds,95,949,permuted_null,-0.12478805853379338
Mass_of_Seeds,95,950,permuted_null,-0.02370524346194117
Mass_of_Seeds,95,951,permuted_null,0.028190059365748796
Mass_of_Seeds,95,952,permuted_null,-0.09326111637808993
Mass_of_Seeds,95,953,permuted_null,0.027814642781602943
Mass_of_Seeds,95,954,permuted_null,0.08176729026771144
Mass_of_Seeds,95,955,permuted_null,-0.11967200987583486
Mass_of_Seeds,95,956,permuted_null,0.08083379203888535
Mass_of_Seeds,95,957,permuted_null,0.11637370297677244
Mass_of_Seeds,95,958,permuted_null,0.0532993488452076
Mass_of_Seeds,95,959,permuted_null,-0.09619555781266537
Mass_of_Seeds,95,960,permuted_null,-0.050364751807537
Mass_of_Seeds,95,961,permuted_null,-0.029466447899048495
Mass_of_Seeds,95,962,permuted_null,0.07229375495389476
Mass_of_Seeds,95,963,permuted_null,-0.08813780361103832
Mass_of_Seeds,95,964,permuted_null,0.01831333980754124
Mass_of_Seeds,95,965,permuted_null,-0.08388330465561698
Mass_of_Seeds,95,966,permuted_null,0.06056407823809112
Mass_of_Seeds,95,967,permuted_null,-0.054026827368376426
Mass_of_Seeds,95,968,permuted_null,0.02843043814606045
Mass_of_Seeds,95,969,permuted_null,0.111011133357775
Mass_of_Seeds,95,970,permuted_null,0.04056680689169852
Mass_of_Seeds,95,971,permuted_null,-0.12823030148210707
Mass_of_Seeds,95,972,permuted_null,0.02782907685359804
Mass_of_Seeds,95,973,permuted_null,-0.032646621861196656
Mass_of_Seeds,95,974,permuted_null,0.06703960151608081
Mass_of_Seeds,95,975,permuted_null,-0.00448668591180329
Mass_of_Seeds,95,976,permuted_null,0.029507100518918056
Mass_of_Seeds,95,977,permuted_null,-0.012769110019475387
Mass_of_Seeds,95,978,permuted_null,0.04572007362834387
Mass_of_Seeds,95,979,permuted_null,-0.07614813529815093
Mass_of_Seeds,95,980,permuted_null,0.0923131826023022
Mass_of_Seeds,95,981,permuted_null,-0.036890107405883374
Mass_of_Seeds,95,982,permuted_null,0.19877403144139
Mass_of_Seeds,95,983,permuted_null,-0.06445900649336883
Mass_of_Seeds,95,984,permuted_null,0.11599526607703309
Mass_of_Seeds,95,985,permuted_null,-0.08687361368181712
Mass_of_Seeds,95,986,permuted_null,0.036440436755115255
Mass_of_Seeds,95,987,permuted_null,0.109042077575196
Mass_of_Seeds,95,988,permuted_null,-0.02812878583110895
Mass_of_Seeds,95,989,permuted_null,-0.09865359215208616
Mass_of_Seeds,95,990,permuted_null,0.12267197517981254
Mass_of_Seeds,95,991,permuted_null,0.07257320196103505
Mass_of_Seeds,95,992,permuted_null,0.0016564663021403775
Mass_of_Seeds,95,993,permuted_null,0.07134285436112378
Mass_of_Seeds,95,994,permuted_null,0.018013073078206487
Mass_of_Seeds,95,995,permuted_null,-0.0617583366359887
Mass_of_Seeds,95,996,permuted_null,-0.04360296878347842
Mass_of_Seeds,95,997,permuted_null,-0.13689202229555666
Mass_of_Seeds,95,998,permuted_null,-0.04786373179027744
Mass_of_Seeds,95,999,permuted_null,0.049935365205753174
Seed_Coat_Tannin,95,0,observed,-0.21492757815710356
Seed_Coat_Tannin,95,1,observed,-0.012351562016725708
Seed_Coat_Tannin,95,2,observed,-0.047480485547936595
Seed_Coat_Tannin,95,3,observed,-0.06403967722506368
Seed_Coat_Tannin,95,4,observed,-0.11879838894287229
Seed_Coat_Tannin,95,5,observed,-0.005663255806760387
Seed_Coat_Tannin,95,6,observed,-0.11726213534385663
Seed_Coat_Tannin,95,7,observed,-0.03194352049604085
Seed_Coat_Tannin,95,8,observed,-0.1521632841214552
Seed_Coat_Tannin,95,9,observed,0.005851842654304197
Seed_Coat_Tannin,95,10,observed,0.018447990455286695
Seed_Coat_Tannin,95,11,observed,3.4192786183689927e-06
Seed_Coat_Tannin,95,12,observed,0.03889263191696726
Seed_Coat_Tannin,95,13,observed,0.10035031127782
Seed_Coat_Tannin,95,14,observed,0.0320952002824706
Seed_Coat_Tannin,95,15,observed,-0.06120214211227051
Seed_Coat_Tannin,95,16,observed,0.06998705139058506
Seed_Coat_Tannin,95,17,observed,-0.08036610241813921
Seed_Coat_Tannin,95,18,observed,0.04781705976794088
Seed_Coat_Tannin,95,19,observed,0.12142503366849389
Seed_Coat_Tannin,95,20,observed,0.07109422219075866
Seed_Coat_Tannin,95,21,observed,0.07087042175599725
Seed_Coat_Tannin,95,22,observed,0.004054886125797297
Seed_Coat_Tannin,95,23,observed,0.0781598146010773
Seed_Coat_Tannin,95,24,observed,-0.05949024178076555
Seed_Coat_Tannin,95,25,observed,0.03562925523343305
Seed_Coat_Tannin,95,26,observed,-0.18185669140176602
Seed_Coat_Tannin,95,27,observed,0.04782282916527756
Seed_Coat_Tannin,95,28,observed,-0.10247794616870248
Seed_Coat_Tannin,95,29,observed,-0.1824496580286732
Seed_Coat_Tannin,95,30,observed,0.08338313456501778
Seed_Coat_Tannin,95,31,observed,-0.0652226088039359
Seed_Coat_Tannin,95,32,observed,0.01872311455610201
Seed_Coat_Tannin,95,33,observed,-0.05888998680520232
Seed_Coat_Tannin,95,34,observed,0.02172177742208932
Seed_Coat_Tannin,95,35,observed,0.13553544456667055
Seed_Coat_Tannin,95,36,observed,0.03217841121114175
Seed_Coat_Tannin,95,37,observed,-0.04073289666602297
Seed_Coat_Tannin,95,38,observed,0.03721242182891387
Seed_Coat_Tannin,95,39,observed,-0.14658372864470406
Seed_Coat_Tannin,95,40,observed,0.07626182431823174
Seed_Coat_Tannin,95,41,observed,-0.009989491642295806
Seed_Coat_Tannin,95,42,observed,-0.018752726512172115
Seed_Coat_Tannin,95,43,observed,-0.08453652709602552
Seed_Coat_Tannin,95,44,observed,-0.05068852458067155
Seed_Coat_Tannin,95,45,observed,-0.18194481382754515
Seed_Coat_Tannin,95,46,observed,0.07635887271052724
Seed_Coat_Tannin,95,47,observed,0.05217231518883429
Seed_Coat_Tannin,95,48,observed,-0.051491311649822374
Seed_Coat_Tannin,95,49,observed,-0.013548320857909066
Seed_Coat_Tannin,95,0,permuted_null,-0.07547509070299285
Seed_Coat_Tannin,95,1,permuted_null,0.05615748471939501
Seed_Coat_Tannin,95,2,permuted_null,-0.01147321108375509
Seed_Coat_Tannin,95,3,permuted_null,0.02664411477434371
Seed_Coat_Tannin,95,4,permuted_null,0.062358710099762224
Seed_Coat_Tannin,95,5,permuted_null,-0.011125605977632017
Seed_Coat_Tannin,95,6,permuted_null,-0.09822784833493729
Seed_Coat_Tannin,95,7,permuted_null,0.03987663871800683
Seed_Coat_Tannin,95,8,permuted_null,-0.032978616022221616
Seed_Coat_Tannin,95,9,permuted_null,-0.12832398019574054
Seed_Coat_Tannin,95,10,permuted_null,-0.12163479951450293
Seed_Coat_Tannin,95,11,permuted_null,-0.15206954149272603
Seed_Coat_Tannin,95,12,permuted_null,-0.006799986110109527
Seed_Coat_Tannin,95,13,permuted_null,0.07467897189616199
Seed_Coat_Tannin,95,14,permuted_null,-0.06173097384803805
Seed_Coat_Tannin,95,15,permuted_null,-0.05026749007845778
Seed_Coat_Tannin,95,16,permuted_null,-0.13697861490019858
Seed_Coat_Tannin,95,17,permuted_null,-0.058137763537765376
Seed_Coat_Tannin,95,18,permuted_null,-0.006931728003125234
Seed_Coat_Tannin,95,19,permuted_null,-0.040871638064463936
Seed_Coat_Tannin,95,20,permuted_null,-0.029999054677580128
Seed_Coat_Tannin,95,21,permuted_null,-0.10293485177141262
Seed_Coat_Tannin,95,22,permuted_null,-0.09675940836472827
Seed_Coat_Tannin,95,23,permuted_null,-0.058560766042333214
Seed_Coat_Tannin,95,24,permuted_null,0.026924025984470523
Seed_Coat_Tannin,95,25,permuted_null,0.017448734889505532
Seed_Coat_Tannin,95,26,permuted_null,-0.08647594613477422
Seed_Coat_Tannin,95,27,permuted_null,0.03846464077125343
Seed_Coat_Tannin,95,28,permuted_null,0.05044899169244846
Seed_Coat_Tannin,95,29,permuted_null,-0.09518502846235105
Seed_Coat_Tannin,95,30,permuted_null,-0.04673802912128121
Seed_Coat_Tannin,95,31,permuted_null,0.06460744519165218
Seed_Coat_Tannin,95,32,permuted_null,0.08450334146204691
Seed_Coat_Tannin,95,33,permuted_null,0.08904305904305077
Seed_Coat_Tannin,95,34,permuted_null,-0.12403821740964038
Seed_Coat_Tannin,95,35,permuted_null,-0.08515413375023828
Seed_Coat_Tannin,95,36,permuted_null,0.017665342164166414
Seed_Coat_Tannin,95,37,permuted_null,0.012579202631138878
Seed_Coat_Tannin,95,38,permuted_null,0.06514399094844256
Seed_Coat_Tannin,95,39,permuted_null,0.06526382571013253
Seed_Coat_Tannin,95,40,permuted_null,-0.0949748426717405
Seed_Coat_Tannin,95,41,permuted_null,0.15529030294509857
Seed_Coat_Tannin,95,42,permuted_null,-0.08908286279325388
Seed_Coat_Tannin,95,43,permuted_null,0.18546181876547965
Seed_Coat_Tannin,95,44,permuted_null,0.05098275988028814
Seed_Coat_Tannin,95,45,permuted_null,-0.033058820081362635
Seed_Coat_Tannin,95,46,permuted_null,0.10218343459333923
Seed_Coat_Tannin,95,47,permuted_null,0.04699154629828581
Seed_Coat_Tannin,95,48,permuted_null,0.017650788895064343
Seed_Coat_Tannin,95,49,permuted_null,-0.013018877690048836
Seed_Coat_Tannin,95,50,permuted_null,0.014860324267706122
Seed_Coat_Tannin,95,51,permuted_null,0.01795596627858661
Seed_Coat_Tannin,95,52,permuted_null,0.14257340647597797
Seed_Coat_Tannin,95,53,permuted_null,0.010168114715447391
Seed_Coat_Tannin,95,54,permuted_null,0.1002066429143762
Seed_Coat_Tannin,95,55,permuted_null,0.00047796332822842673
Seed_Coat_Tannin,95,56,permuted_null,-0.004444769412522876
Seed_Coat_Tannin,95,57,permuted_null,0.0021200830766091028
Seed_Coat_Tannin,95,58,permuted_null,-0.14164516493674498
Seed_Coat_Tannin,95,59,permuted_null,-0.008759809166961105
Seed_Coat_Tannin,95,60,permuted_null,-0.028745708183650145
Seed_Coat_Tannin,95,61,permuted_null,-0.08520337574815671
Seed_Coat_Tannin,95,62,permuted_null,-0.10544659739183705
Seed_Coat_Tannin,95,63,permuted_null,-0.014504310102399984
Seed_Coat_Tannin,95,64,permuted_null,-0.03546270585406842
Seed_Coat_Tannin,95,65,permuted_null,0.11977830096946981
Seed_Coat_Tannin,95,66,permuted_null,-0.011374691854864422
Seed_Coat_Tannin,95,67,permuted_null,0.09916747319548086
Seed_Coat_Tannin,95,68,permuted_null,-0.02284641894578203
Seed_Coat_Tannin,95,69,permuted_null,0.05972059895139957
Seed_Coat_Tannin,95,70,permuted_null,-0.006885298488334586
Seed_Coat_Tannin,95,71,permuted_null,0.023932297574900067
Seed_Coat_Tannin,95,72,permuted_null,-0.06486328432516594
Seed_Coat_Tannin,95,73,permuted_null,0.10292143358155881
Seed_Coat_Tannin,95,74,permuted_null,-0.07129803518408834
Seed_Coat_Tannin,95,75,permuted_null,-0.12966348475537265
Seed_Coat_Tannin,95,76,permuted_null,0.023384457367048733
Seed_Coat_Tannin,95,77,permuted_null,0.04724338307828881
Seed_Coat_Tannin,95,78,permuted_null,0.12070375911969364
Seed_Coat_Tannin,95,79,permuted_null,-0.0031918983230078534
Seed_Coat_Tannin,95,80,permuted_null,0.03644257144006742
Seed_Coat_Tannin,95,81,permuted_null,0.08517661307333177
Seed_Coat_Tannin,95,82,permuted_null,-0.034595781061643474
Seed_Coat_Tannin,95,83,permuted_null,-0.03749484672910772
Seed_Coat_Tannin,95,84,permuted_null,-0.029680828644388053
Seed_Coat_Tannin,95,85,permuted_null,0.0332647813624862
Seed_Coat_Tannin,95,86,permuted_null,-0.07172559399273676
Seed_Coat_Tannin,95,87,permuted_null,0.028444679650559815
Seed_Coat_Tannin,95,88,permuted_null,-0.13893585212682286
Seed_Coat_Tannin,95,89,permuted_null,0.055484351900508946
Seed_Coat_Tannin,95,90,permuted_null,-0.03246598261897684
Seed_Coat_Tannin,95,91,permuted_null,-0.15523261617525375
Seed_Coat_Tannin,95,92,permuted_null,0.01224267583722204
Seed_Coat_Tannin,95,93,permuted_null,0.017279621861887404
Seed_Coat_Tannin,95,94,permuted_null,-0.04796166355996084
Seed_Coat_Tannin,95,95,permuted_null,0.09430843054315748
Seed_Coat_Tannin,95,96,permuted_null,0.07458242841127743
Seed_Coat_Tannin,95,97,permuted_null,0.06225087030906424
Seed_Coat_Tannin,95,98,permuted_null,-0.028896774161049965
Seed_Coat_Tannin,95,99,permuted_null,-0.00784151420505548
Seed_Coat_Tannin,95,100,permuted_null,0.049839946890266565
Seed_Coat_Tannin,95,101,permuted_null,-0.05649439242160486
Seed_Coat_Tannin,95,102,permuted_null,0.08725868560307681
Seed_Coat_Tannin,95,103,permuted_null,0.24904994755689142
Seed_Coat_Tannin,95,104,permuted_null,-0.036508786985108364
Seed_Coat_Tannin,95,105,permuted_null,0.10268186839898194
Seed_Coat_Tannin,95,106,permuted_null,-0.0460254882065687
Seed_Coat_Tannin,95,107,permuted_null,0.04503079163632676
Seed_Coat_Tannin,95,108,permuted_null,-0.15241861986986896
Seed_Coat_Tannin,95,109,permuted_null,-0.04684306217096357
Seed_Coat_Tannin,95,110,permuted_null,0.058436413114788116
Seed_Coat_Tannin,95,111,permuted_null,0.06047632666779734
Seed_Coat_Tannin,95,112,permuted_null,-0.0478403533610467
Seed_Coat_Tannin,95,113,permuted_null,-0.010696301908534088
Seed_Coat_Tannin,95,114,permuted_null,0.032161204775898185
Seed_Coat_Tannin,95,115,permuted_null,-0.06653332518279931
Seed_Coat_Tannin,95,116,permuted_null,0.007986790111425904
Seed_Coat_Tannin,95,117,permuted_null,0.1162496077095645
Seed_Coat_Tannin,95,118,permuted_null,0.07067664081287421
Seed_Coat_Tannin,95,119,permuted_null,0.04603498037912213
Seed_Coat_Tannin,95,120,permuted_null,0.08069823589634871
Seed_Coat_Tannin,95,121,permuted_null,-0.129681921371896
Seed_Coat_Tannin,95,122,permuted_null,0.034684597068101626
Seed_Coat_Tannin,95,123,permuted_null,0.09410709483379237
Seed_Coat_Tannin,95,124,permuted_null,-0.040607805977174866
Seed_Coat_Tannin,95,125,permuted_null,0.08161983481912496
Seed_Coat_Tannin,95,126,permuted_null,-0.08954672510383166
Seed_Coat_Tannin,95,127,permuted_null,-0.00028034513770524433
Seed_Coat_Tannin,95,128,permuted_null,0.00011176887048640338
Seed_Coat_Tannin,95,129,permuted_null,0.10845689285423858
Seed_Coat_Tannin,95,130,permuted_null,-0.028715567906022033
Seed_Coat_Tannin,95,131,permuted_null,-0.06742217273453363
Seed_Coat_Tannin,95,132,permuted_null,-0.011383870721358352
Seed_Coat_Tannin,95,133,permuted_null,0.1202533083669003
Seed_Coat_Tannin,95,134,permuted_null,-0.13232378926404742
Seed_Coat_Tannin,95,135,permuted_null,-0.06074352021415279
Seed_Coat_Tannin,95,136,permuted_null,0.05540143660061165
Seed_Coat_Tannin,95,137,permuted_null,0.015345199525115726
Seed_Coat_Tannin,95,138,permuted_null,0.09720015506731211
Seed_Coat_Tannin,95,139,permuted_null,-0.10407747330232761
Seed_Coat_Tannin,95,140,permuted_null,0.06225623267084081
Seed_Coat_Tannin,95,141,permuted_null,0.0975080980257183
Seed_Coat_Tannin,95,142,permuted_null,-0.06064811810245488
Seed_Coat_Tannin,95,143,permuted_null,0.06270395457419708
Seed_Coat_Tannin,95,144,permuted_null,-0.1991610365936372
Seed_Coat_Tannin,95,145,permuted_null,-0.11514973325992489
Seed_Coat_Tannin,95,146,permuted_null,0.0007656526454904757
Seed_Coat_Tannin,95,147,permuted_null,-0.12881606468735843
Seed_Coat_Tannin,95,148,permuted_null,-0.029496420756986247
Seed_Coat_Tannin,95,149,permuted_null,-0.07020158240742697
Seed_Coat_Tannin,95,150,permuted_null,0.0553783608685281
Seed_Coat_Tannin,95,151,permuted_null,0.1586699098538959
Seed_Coat_Tannin,95,152,permuted_null,0.08004787820852086
Seed_Coat_Tannin,95,153,permuted_null,-0.12655244904906746
Seed_Coat_Tannin,95,154,permuted_null,0.03850248484034681
Seed_Coat_Tannin,95,155,permuted_null,0.09781026940802817
Seed_Coat_Tannin,95,156,permuted_null,-0.17288814165377475
Seed_Coat_Tannin,95,157,permuted_null,0.044452388584112976
Seed_Coat_Tannin,95,158,permuted_null,0.021629194954896146
Seed_Coat_Tannin,95,159,permuted_null,-0.14116901695070133
Seed_Coat_Tannin,95,160,permuted_null,0.01818962861222362
Seed_Coat_Tannin,95,161,permuted_null,-0.0804085206495642
Seed_Coat_Tannin,95,162,permuted_null,-0.1335132091748791
Seed_Coat_Tannin,95,163,permuted_null,0.00677615623477805
Seed_Coat_Tannin,95,164,permuted_null,-0.04421671950523924
Seed_Coat_Tannin,95,165,permuted_null,0.11406892560340016
Seed_Coat_Tannin,95,166,permuted_null,-0.0261870145935851
Seed_Coat_Tannin,95,167,permuted_null,-0.03012775716736754
Seed_Coat_Tannin,95,168,permuted_null,0.07479547971690012
Seed_Coat_Tannin,95,169,permuted_null,-0.030868554987826733
Seed_Coat_Tannin,95,170,permuted_null,-0.027527538298889508
Seed_Coat_Tannin,95,171,permuted_null,0.05973639220274765
Seed_Coat_Tannin,95,172,permuted_null,0.07207137748130499
Seed_Coat_Tannin,95,173,permuted_null,0.0881746690993132
Seed_Coat_Tannin,95,174,permuted_null,0.05759106109909179
Seed_Coat_Tannin,95,175,permuted_null,0.14276894820794148
Seed_Coat_Tannin,95,176,permuted_null,0.00038083198844017247
Seed_Coat_Tannin,95,177,permuted_null,-0.00538833232703214
Seed_Coat_Tannin,95,178,permuted_null,-0.06526073552888427
Seed_Coat_Tannin,95,179,permuted_null,0.004096600772263342
Seed_Coat_Tannin,95,180,permuted_null,0.006594113380938423
Seed_Coat_Tannin,95,181,permuted_null,-0.12557953827474103
Seed_Coat_Tannin,95,182,permuted_null,-0.0674989790357315
Seed_Coat_Tannin,95,183,permuted_null,0.043971214476797554
Seed_Coat_Tannin,95,184,permuted_null,-0.10520974420898183
Seed_Coat_Tannin,95,185,permuted_null,0.09907552732250918
Seed_Coat_Tannin,95,186,permuted_null,0.03844279434870779
Seed_Coat_Tannin,95,187,permuted_null,0.06209232376100259
Seed_Coat_Tannin,95,188,permuted_null,-0.16840601011733528
Seed_Coat_Tannin,95,189,permuted_null,0.13038508806233315
Seed_Coat_Tannin,95,190,permuted_null,0.0542884110869815
Seed_Coat_Tannin,95,191,permuted_null,0.02637295084228354
Seed_Coat_Tannin,95,192,permuted_null,0.11448162437242912
Seed_Coat_Tannin,95,193,permuted_null,-0.009703591244026541
Seed_Coat_Tannin,95,194,permuted_null,0.04660038428225977
Seed_Coat_Tannin,95,195,permuted_null,-0.04998235058544348
Seed_Coat_Tannin,95,196,permuted_null,-0.12210039568110759
Seed_Coat_Tannin,95,197,permuted_null,0.055025106848699934
Seed_Coat_Tannin,95,198,permuted_null,-0.0010435128945917166
Seed_Coat_Tannin,95,199,permuted_null,0.07250911556647702
Seed_Coat_Tannin,95,200,permuted_null,-0.08973083304532045
Seed_Coat_Tannin,95,201,permuted_null,0.04332618717591141
Seed_Coat_Tannin,95,202,permuted_null,-0.10411808494874472
Seed_Coat_Tannin,95,203,permuted_null,-0.055367497823425746
Seed_Coat_Tannin,95,204,permuted_null,0.0449902361631931
Seed_Coat_Tannin,95,205,permuted_null,-0.0515412442772504
Seed_Coat_Tannin,95,206,permuted_null,0.07086559061694354
Seed_Coat_Tannin,95,207,permuted_null,-0.06014773593067203
Seed_Coat_Tannin,95,208,permuted_null,0.02809064616996234
Seed_Coat_Tannin,95,209,permuted_null,-0.09063669595470572
Seed_Coat_Tannin,95,210,permuted_null,0.03565585521812012
Seed_Coat_Tannin,95,211,permuted_null,0.04581775878822231
Seed_Coat_Tannin,95,212,permuted_null,0.10455880066455117
Seed_Coat_Tannin,95,213,permuted_null,-0.005090861600790669
Seed_Coat_Tannin,95,214,permuted_null,0.14918239769768085
Seed_Coat_Tannin,95,215,permuted_null,0.03019426739783946
Seed_Coat_Tannin,95,216,permuted_null,0.06463498542605989
Seed_Coat_Tannin,95,217,permuted_null,-0.1071993131654478
Seed_Coat_Tannin,95,218,permuted_null,-0.003850480636402514
Seed_Coat_Tannin,95,219,permuted_null,-0.013110000222730175
Seed_Coat_Tannin,95,220,permuted_null,0.09916693677927488
Seed_Coat_Tannin,95,221,permuted_null,0.07271740913789274
Seed_Coat_Tannin,95,222,permuted_null,0.06403245230384769
Seed_Coat_Tannin,95,223,permuted_null,-0.028034798327575446
Seed_Coat_Tannin,95,224,permuted_null,0.07015131705668781
Seed_Coat_Tannin,95,225,permuted_null,-0.010505972863442795
Seed_Coat_Tannin,95,226,permuted_null,0.027636930584715908
Seed_Coat_Tannin,95,227,permuted_null,0.08893574338379096
Seed_Coat_Tannin,95,228,permuted_null,0.023014988496572256
Seed_Coat_Tannin,95,229,permuted_null,0.06523925819388224
Seed_Coat_Tannin,95,230,permuted_null,-0.03162326338437432
Seed_Coat_Tannin,95,231,permuted_null,-0.02429176560392355
Seed_Coat_Tannin,95,232,permuted_null,-0.003261473695485212
Seed_Coat_Tannin,95,233,permuted_null,0.10668768516757135
Seed_Coat_Tannin,95,234,permuted_null,0.0688412530347291
Seed_Coat_Tannin,95,235,permuted_null,0.016961615098597893
Seed_Coat_Tannin,95,236,permuted_null,-0.0003714961416655428
Seed_Coat_Tannin,95,237,permuted_null,-0.06227334280587871
Seed_Coat_Tannin,95,238,permuted_null,0.1003258472423639
Seed_Coat_Tannin,95,239,permuted_null,-0.1751974257367862
Seed_Coat_Tannin,95,240,permuted_null,0.025034055786092788
Seed_Coat_Tannin,95,241,permuted_null,-0.13205689654506386
Seed_Coat_Tannin,95,242,permuted_null,0.1596289791113674
Seed_Coat_Tannin,95,243,permuted_null,0.006476833052312392
Seed_Coat_Tannin,95,244,permuted_null,0.04021146474849579
Seed_Coat_Tannin,95,245,permuted_null,0.033772045835092045
Seed_Coat_Tannin,95,246,permuted_null,-0.015336921954074009
Seed_Coat_Tannin,95,247,permuted_null,0.011644663779599574
Seed_Coat_Tannin,95,248,permuted_null,0.10294299207295288
Seed_Coat_Tannin,95,249,permuted_null,0.06745524524356415
Seed_Coat_Tannin,95,250,permuted_null,0.03144723436394472
Seed_Coat_Tannin,95,251,permuted_null,0.025380220527666662
Seed_Coat_Tannin,95,252,permuted_null,0.030907683097752575
Seed_Coat_Tannin,95,253,permuted_null,0.05978169353441452
Seed_Coat_Tannin,95,254,permuted_null,0.022433687574464088
Seed_Coat_Tannin,95,255,permuted_null,0.03204588073549546
Seed_Coat_Tannin,95,256,permuted_null,-0.02993738887356353
Seed_Coat_Tannin,95,257,permuted_null,0.02429687752491083
Seed_Coat_Tannin,95,258,permuted_null,0.03128357411449674
Seed_Coat_Tannin,95,259,permuted_null,-0.00928884206954687
Seed_Coat_Tannin,95,260,permuted_null,0.031171373328701166
Seed_Coat_Tannin,95,261,permuted_null,-0.0071986540690082805
Seed_Coat_Tannin,95,262,permuted_null,0.15246437521248649
Seed_Coat_Tannin,95,263,permuted_null,0.018617983233422664
Seed_Coat_Tannin,95,264,permuted_null,0.04325321446822858
Seed_Coat_Tannin,95,265,permuted_null,0.15758936536714946
Seed_Coat_Tannin,95,266,permuted_null,-0.02654869250001573
Seed_Coat_Tannin,95,267,permuted_null,-0.13420306059316345
Seed_Coat_Tannin,95,268,permuted_null,0.14329349413541326
Seed_Coat_Tannin,95,269,permuted_null,-0.0008476403327231444
Seed_Coat_Tannin,95,270,permuted_null,-0.03171055785834096
Seed_Coat_Tannin,95,271,permuted_null,0.09540056903941593
Seed_Coat_Tannin,95,272,permuted_null,-0.020846762238178787
Seed_Coat_Tannin,95,273,permuted_null,0.022951912832020166
Seed_Coat_Tannin,95,274,permuted_null,0.06568439528790297
Seed_Coat_Tannin,95,275,permuted_null,0.05738528691308891
Seed_Coat_Tannin,95,276,permuted_null,-0.06295330703157533
Seed_Coat_Tannin,95,277,permuted_null,-0.013921253690011064
Seed_Coat_Tannin,95,278,permuted_null,0.005228739127646868
Seed_Coat_Tannin,95,279,permuted_null,0.07389854828595967
Seed_Coat_Tannin,95,280,permuted_null,0.033933975539209446
Seed_Coat_Tannin,95,281,permuted_null,-0.12558841004139104
Seed_Coat_Tannin,95,282,permuted_null,0.16764731025114177
Seed_Coat_Tannin,95,283,permuted_null,0.2181529836799938
Seed_Coat_Tannin,95,284,permuted_null,0.145163140813386
Seed_Coat_Tannin,95,285,permuted_null,0.07425597059678826
Seed_Coat_Tannin,95,286,permuted_null,-0.01637995736279711
Seed_Coat_Tannin,95,287,permuted_null,-0.00786739186724712
Seed_Coat_Tannin,95,288,permuted_null,-0.01967938965233223
Seed_Coat_Tannin,95,289,permuted_null,-0.04334347503688742
Seed_Coat_Tannin,95,290,permuted_null,-0.027369437156094974
Seed_Coat_Tannin,95,291,permuted_null,-0.0368997214624199
Seed_Coat_Tannin,95,292,permuted_null,-0.0391968520447772
Seed_Coat_Tannin,95,293,permuted_null,0.08575261278627161
Seed_Coat_Tannin,95,294,permuted_null,-0.03404724483114724
Seed_Coat_Tannin,95,295,permuted_null,0.0016121179884705482
Seed_Coat_Tannin,95,296,permuted_null,0.0996939268729708
Seed_Coat_Tannin,95,297,permuted_null,-0.025003599887362553
Seed_Coat_Tannin,95,298,permuted_null,-0.05079021499286534
Seed_Coat_Tannin,95,299,permuted_null,-0.023668044828128135
Seed_Coat_Tannin,95,300,permuted_null,0.020116092324656998
Seed_Coat_Tannin,95,301,permuted_null,-0.10878612311354693
Seed_Coat_Tannin,95,302,permuted_null,0.05082103917323873
Seed_Coat_Tannin,95,303,permuted_null,0.12260722056411641
Seed_Coat_Tannin,95,304,permuted_null,0.11746419629831825
Seed_Coat_Tannin,95,305,permuted_null,-0.023040213240891654
Seed_Coat_Tannin,95,306,permuted_null,0.1434346514523189
Seed_Coat_Tannin,95,307,permuted_null,-0.07966103487801716
Seed_Coat_Tannin,95,308,permuted_null,-0.06829203984990229
Seed_Coat_Tannin,95,309,permuted_null,0.08187579158482743
Seed_Coat_Tannin,95,310,permuted_null,0.22337008124780758
Seed_Coat_Tannin,95,311,permuted_null,-0.03221846364140945
Seed_Coat_Tannin,95,312,permuted_null,-0.06746874699022586
Seed_Coat_Tannin,95,313,permuted_null,0.04948972499619009
Seed_Coat_Tannin,95,314,permuted_null,0.07929631489131084
Seed_Coat_Tannin,95,315,permuted_null,-0.05622689217804778
Seed_Coat_Tannin,95,316,permuted_null,0.059635959311753924
Seed_Coat_Tannin,95,317,permuted_null,0.014742634839760103
Seed_Coat_Tannin,95,318,permuted_null,0.1268539603541586
Seed_Coat_Tannin,95,319,permuted_null,0.02511832652524039
Seed_Coat_Tannin,95,320,permuted_null,0.15142652440297266
Seed_Coat_Tannin,95,321,permuted_null,0.06117435765780152
Seed_Coat_Tannin,95,322,permuted_null,0.088684289459847
Seed_Coat_Tannin,95,323,permuted_null,-0.10519320655801725
Seed_Coat_Tannin,95,324,permuted_null,0.10115903838159927
Seed_Coat_Tannin,95,325,permuted_null,-0.015906987303643136
Seed_Coat_Tannin,95,326,permuted_null,-0.01716070707074924
Seed_Coat_Tannin,95,327,permuted_null,0.014796203405302449
Seed_Coat_Tannin,95,328,permuted_null,-0.045485134379927045
Seed_Coat_Tannin,95,329,permuted_null,0.03817147796414169
Seed_Coat_Tannin,95,330,permuted_null,0.09085905070586697
Seed_Coat_Tannin,95,331,permuted_null,0.07302069784247152
Seed_Coat_Tannin,95,332,permuted_null,-0.024656904847086325
Seed_Coat_Tannin,95,333,permuted_null,-0.003862157532516442
Seed_Coat_Tannin,95,334,permuted_null,0.07072068703539662
Seed_Coat_Tannin,95,335,permuted_null,-0.11163172276232322
Seed_Coat_Tannin,95,336,permuted_null,-0.019306762540521216
Seed_Coat_Tannin,95,337,permuted_null,0.09416481455491421
Seed_Coat_Tannin,95,338,permuted_null,-0.02453280252824258
Seed_Coat_Tannin,95,339,permuted_null,0.052121711132090326
Seed_Coat_Tannin,95,340,permuted_null,-0.07207183488616799
Seed_Coat_Tannin,95,341,permuted_null,0.07358736049912878
Seed_Coat_Tannin,95,342,permuted_null,0.07771813312123232
Seed_Coat_Tannin,95,343,permuted_null,0.08324080596820807
Seed_Coat_Tannin,95,344,permuted_null,0.016188428490321448
Seed_Coat_Tannin,95,345,permuted_null,0.08441566982984743
Seed_Coat_Tannin,95,346,permuted_null,-0.055352198580625595
Seed_Coat_Tannin,95,347,permuted_null,-0.07977148050615628
Seed_Coat_Tannin,95,348,permuted_null,-0.1098315299915433
Seed_Coat_Tannin,95,349,permuted_null,0.058277347747056604
Seed_Coat_Tannin,95,350,permuted_null,-0.07582049568841456
Seed_Coat_Tannin,95,351,permuted_null,0.07097809690883636
Seed_Coat_Tannin,95,352,permuted_null,0.04140964240675082
Seed_Coat_Tannin,95,353,permuted_null,0.09531245809941886
Seed_Coat_Tannin,95,354,permuted_null,0.11327261568257685
Seed_Coat_Tannin,95,355,permuted_null,0.009758003149387455
Seed_Coat_Tannin,95,356,permuted_null,0.04175297654347622
Seed_Coat_Tannin,95,357,permuted_null,0.12447922277153473
Seed_Coat_Tannin,95,358,permuted_null,-0.1528952074654701
Seed_Coat_Tannin,95,359,permuted_null,-0.1132070422350969
Seed_Coat_Tannin,95,360,permuted_null,0.0392867519449854
Seed_Coat_Tannin,95,361,permuted_null,0.02767306247865524
Seed_Coat_Tannin,95,362,permuted_null,-0.12006443393997698
Seed_Coat_Tannin,95,363,permuted_null,0.03609138439360499
Seed_Coat_Tannin,95,364,permuted_null,0.2471663511598302
Seed_Coat_Tannin,95,365,permuted_null,-0.09431006682820042
Seed_Coat_Tannin,95,366,permuted_null,-0.042696862247127085
Seed_Coat_Tannin,95,367,permuted_null,0.04602999914099813
Seed_Coat_Tannin,95,368,permuted_null,0.0001257325153005348
Seed_Coat_Tannin,95,369,permuted_null,0.03892156666434768
Seed_Coat_Tannin,95,370,permuted_null,-0.02511313446931118
Seed_Coat_Tannin,95,371,permuted_null,-0.022287007570875948
Seed_Coat_Tannin,95,372,permuted_null,-0.0493388451508772
Seed_Coat_Tannin,95,373,permuted_null,0.047854582310298724
Seed_Coat_Tannin,95,374,permuted_null,0.05125050174384972
Seed_Coat_Tannin,95,375,permuted_null,-0.06560525518023143
Seed_Coat_Tannin,95,376,permuted_null,0.008083827468313858
Seed_Coat_Tannin,95,377,permuted_null,0.08803595630803408
Seed_Coat_Tannin,95,378,permuted_null,0.08743087188612303
Seed_Coat_Tannin,95,379,permuted_null,-0.25348014912732697
Seed_Coat_Tannin,95,380,permuted_null,-0.07415127715923153
Seed_Coat_Tannin,95,381,permuted_null,-0.055897675508100736
Seed_Coat_Tannin,95,382,permuted_null,0.018636173711277397
Seed_Coat_Tannin,95,383,permuted_null,-0.008067297861939358
Seed_Coat_Tannin,95,384,permuted_null,-0.09246018644860723
Seed_Coat_Tannin,95,385,permuted_null,-0.003718592333794596
Seed_Coat_Tannin,95,386,permuted_null,-0.046882966795708934
Seed_Coat_Tannin,95,387,permuted_null,-0.05229937420182826
Seed_Coat_Tannin,95,388,permuted_null,0.03914566829481796
Seed_Coat_Tannin,95,389,permuted_null,0.03387086529257836
Seed_Coat_Tannin,95,390,permuted_null,0.0701991119482319
Seed_Coat_Tannin,95,391,permuted_null,-0.13093627350625753
Seed_Coat_Tannin,95,392,permuted_null,0.07091429801951324
Seed_Coat_Tannin,95,393,permuted_null,-0.01311994513564604
Seed_Coat_Tannin,95,394,permuted_null,0.08617997202600162
Seed_Coat_Tannin,95,395,permuted_null,-0.01701197196467626
Seed_Coat_Tannin,95,396,permuted_null,-0.08397045238235329
Seed_Coat_Tannin,95,397,permuted_null,-0.09755612559873196
Seed_Coat_Tannin,95,398,permuted_null,0.028533194489941228
Seed_Coat_Tannin,95,399,permuted_null,-0.0721293735236434
Seed_Coat_Tannin,95,400,permuted_null,-0.06350362886369848
Seed_Coat_Tannin,95,401,permuted_null,-0.07031729892529527
Seed_Coat_Tannin,95,402,permuted_null,-0.06100482130238004
Seed_Coat_Tannin,95,403,permuted_null,-0.0192141242906922
Seed_Coat_Tannin,95,404,permuted_null,-0.09380303747099611
Seed_Coat_Tannin,95,405,permuted_null,0.0052311961884268406
Seed_Coat_Tannin,95,406,permuted_null,-0.07472388562518228
Seed_Coat_Tannin,95,407,permuted_null,0.0032332719541027684
Seed_Coat_Tannin,95,408,permuted_null,0.0692966788685177
Seed_Coat_Tannin,95,409,permuted_null,-0.05474440027655156
Seed_Coat_Tannin,95,410,permuted_null,-0.0932834314535667
Seed_Coat_Tannin,95,411,permuted_null,-0.030126314774359397
Seed_Coat_Tannin,95,412,permuted_null,0.053694931440772156
Seed_Coat_Tannin,95,413,permuted_null,-0.051832235548301034
Seed_Coat_Tannin,95,414,permuted_null,-0.018601382868050277
Seed_Coat_Tannin,95,415,permuted_null,-0.058657494917312925
Seed_Coat_Tannin,95,416,permuted_null,-0.004813520105039037
Seed_Coat_Tannin,95,417,permuted_null,0.003534182360475378
Seed_Coat_Tannin,95,418,permuted_null,0.0543784743541173
Seed_Coat_Tannin,95,419,permuted_null,-0.018831062998021654
Seed_Coat_Tannin,95,420,permuted_null,-0.002947286705735245
Seed_Coat_Tannin,95,421,permuted_null,-0.02942467338743314
Seed_Coat_Tannin,95,422,permuted_null,-0.06274539526659265
Seed_Coat_Tannin,95,423,permuted_null,-0.026805351987615075
Seed_Coat_Tannin,95,424,permuted_null,0.019945596263090906
Seed_Coat_Tannin,95,425,permuted_null,0.05909279873561013
Seed_Coat_Tannin,95,426,permuted_null,-0.0421881770325651
Seed_Coat_Tannin,95,427,permuted_null,0.09798517092391851
Seed_Coat_Tannin,95,428,permuted_null,-0.05678930241553882
Seed_Coat_Tannin,95,429,permuted_null,0.03546555899657367
Seed_Coat_Tannin,95,430,permuted_null,-0.016400742739854215
Seed_Coat_Tannin,95,431,permuted_null,0.031041162359034105
Seed_Coat_Tannin,95,432,permuted_null,0.12162078854296085
Seed_Coat_Tannin,95,433,permuted_null,0.08683031251483384
Seed_Coat_Tannin,95,434,permuted_null,-0.07941613389569233
Seed_Coat_Tannin,95,435,permuted_null,0.14398540790936645
Seed_Coat_Tannin,95,436,permuted_null,0.08356039834947733
Seed_Coat_Tannin,95,437,permuted_null,0.11365204635982265
Seed_Coat_Tannin,95,438,permuted_null,-0.04654824067565131
Seed_Coat_Tannin,95,439,permuted_null,-0.07136121205264791
Seed_Coat_Tannin,95,440,permuted_null,0.007111546638340346
Seed_Coat_Tannin,95,441,permuted_null,0.10312614587584062
Seed_Coat_Tannin,95,442,permuted_null,-0.11823480718970761
Seed_Coat_Tannin,95,443,permuted_null,-0.052302501698030385
Seed_Coat_Tannin,95,444,permuted_null,0.16702435683587719
Seed_Coat_Tannin,95,445,permuted_null,-0.06551470764034747
Seed_Coat_Tannin,95,446,permuted_null,0.04569175800327793
Seed_Coat_Tannin,95,447,permuted_null,-0.008859052434085087
Seed_Coat_Tannin,95,448,permuted_null,0.029509744503571
Seed_Coat_Tannin,95,449,permuted_null,-0.13435486203765246
Seed_Coat_Tannin,95,450,permuted_null,-0.0002850856232387237
Seed_Coat_Tannin,95,451,permuted_null,0.009466869297565381
Seed_Coat_Tannin,95,452,permuted_null,0.0425910468978567
Seed_Coat_Tannin,95,453,permuted_null,-0.01896626337970722
Seed_Coat_Tannin,95,454,permuted_null,0.030775881985737143
Seed_Coat_Tannin,95,455,permuted_null,0.08235173757316515
Seed_Coat_Tannin,95,456,permuted_null,0.13001355890976377
Seed_Coat_Tannin,95,457,permuted_null,0.07184989540338448
Seed_Coat_Tannin,95,458,permuted_null,0.00604617442944444
Seed_Coat_Tannin,95,459,permuted_null,-0.0965905399281412
Seed_Coat_Tannin,95,460,permuted_null,0.11034895721831321
Seed_Coat_Tannin,95,461,permuted_null,0.015310046120544953
Seed_Coat_Tannin,95,462,permuted_null,-0.019018075720287398
Seed_Coat_Tannin,95,463,permuted_null,0.0683954315067174
Seed_Coat_Tannin,95,464,permuted_null,-0.041102502447494624
Seed_Coat_Tannin,95,465,permuted_null,-0.16284244962928876
Seed_Coat_Tannin,95,466,permuted_null,0.0011137762099479795
Seed_Coat_Tannin,95,467,permuted_null,0.05850598895296218
Seed_Coat_Tannin,95,468,permuted_null,-0.1019048905134369
Seed_Coat_Tannin,95,469,permuted_null,-0.040401786407458055
Seed_Coat_Tannin,95,470,permuted_null,-0.027966558367727913
Seed_Coat_Tannin,95,471,permuted_null,-0.08473733166365932
Seed_Coat_Tannin,95,472,permuted_null,-0.035930244583419875
Seed_Coat_Tannin,95,473,permuted_null,0.14246668058229783
Seed_Coat_Tannin,95,474,permuted_null,0.11151855310106495
Seed_Coat_Tannin,95,475,permuted_null,-0.04573531473456675
Seed_Coat_Tannin,95,476,permuted_null,-0.04592010561279876
Seed_Coat_Tannin,95,477,permuted_null,-0.09273890205052564
Seed_Coat_Tannin,95,478,permuted_null,-0.049328955066520574
Seed_Coat_Tannin,95,479,permuted_null,-0.044671135291832254
Seed_Coat_Tannin,95,480,permuted_null,0.026539946487631156
Seed_Coat_Tannin,95,481,permuted_null,-0.07553509036835422
Seed_Coat_Tannin,95,482,permuted_null,0.028044673477585724
Seed_Coat_Tannin,95,483,permuted_null,-0.08009481321962211
Seed_Coat_Tannin,95,484,permuted_null,0.08603516060763841
Seed_Coat_Tannin,95,485,permuted_null,-0.08007676157214227
Seed_Coat_Tannin,95,486,permuted_null,-0.06364616692605445
Seed_Coat_Tannin,95,487,permuted_null,-0.014072489623861144
Seed_Coat_Tannin,95,488,permuted_null,0.00900532655999478
Seed_Coat_Tannin,95,489,permuted_null,-0.00045343894881915564
Seed_Coat_Tannin,95,490,permuted_null,-0.20743380415348137
Seed_Coat_Tannin,95,491,permuted_null,0.0013605980509991504
Seed_Coat_Tannin,95,492,permuted_null,-0.003678646111580461
Seed_Coat_Tannin,95,493,permuted_null,-0.23063362944647084
Seed_Coat_Tannin,95,494,permuted_null,-0.07755828956842518
Seed_Coat_Tannin,95,495,permuted_null,0.05692357409085054
Seed_Coat_Tannin,95,496,permuted_null,-0.01326999554437281
Seed_Coat_Tannin,95,497,permuted_null,-0.10601592508089715
Seed_Coat_Tannin,95,498,permuted_null,-0.07635156625556438
Seed_Coat_Tannin,95,499,permuted_null,-0.08822427248399088
Seed_Coat_Tannin,95,500,permuted_null,-0.06499948405261101
Seed_Coat_Tannin,95,501,permuted_null,0.012030237060309767
Seed_Coat_Tannin,95,502,permuted_null,-0.020997016263461253
Seed_Coat_Tannin,95,503,permuted_null,-0.04994215281071246
Seed_Coat_Tannin,95,504,permuted_null,0.06286179063162534
Seed_Coat_Tannin,95,505,permuted_null,-0.08468820272789235
Seed_Coat_Tannin,95,506,permuted_null,-0.000756564309974039
Seed_Coat_Tannin,95,507,permuted_null,0.04262632956964629
Seed_Coat_Tannin,95,508,permuted_null,0.016200898660517094
Seed_Coat_Tannin,95,509,permuted_null,0.11205753943884733
Seed_Coat_Tannin,95,510,permuted_null,0.032807582986387335
Seed_Coat_Tannin,95,511,permuted_null,-0.09658828022409682
Seed_Coat_Tannin,95,512,permuted_null,0.06887029776824646
Seed_Coat_Tannin,95,513,permuted_null,0.11371078115201423
Seed_Coat_Tannin,95,514,permuted_null,-0.03276931625750648
Seed_Coat_Tannin,95,515,permuted_null,-0.01982427642923042
Seed_Coat_Tannin,95,516,permuted_null,-0.08317123546242955
Seed_Coat_Tannin,95,517,permuted_null,0.07135095496818131
Seed_Coat_Tannin,95,518,permuted_null,0.07313706634126126
Seed_Coat_Tannin,95,519,permuted_null,0.0871672558085591
Seed_Coat_Tannin,95,520,permuted_null,-0.08123937351532001
Seed_Coat_Tannin,95,521,permuted_null,-0.01416360424901167
Seed_Coat_Tannin,95,522,permuted_null,0.006086896826867111
Seed_Coat_Tannin,95,523,permuted_null,0.11858301996955575
Seed_Coat_Tannin,95,524,permuted_null,0.06516240087708342
Seed_Coat_Tannin,95,525,permuted_null,-0.050307412426270445
Seed_Coat_Tannin,95,526,permuted_null,0.016881874627276822
Seed_Coat_Tannin,95,527,permuted_null,0.09094150837497425
Seed_Coat_Tannin,95,528,permuted_null,0.027850753370269064
Seed_Coat_Tannin,95,529,permuted_null,-0.018301143251727714
Seed_Coat_Tannin,95,530,permuted_null,0.02438850856519115
Seed_Coat_Tannin,95,531,permuted_null,0.0540067004879293
Seed_Coat_Tannin,95,532,permuted_null,-0.11688320126100155
Seed_Coat_Tannin,95,533,permuted_null,-0.15001456644754763
Seed_Coat_Tannin,95,534,permuted_null,-0.05576208278615091
Seed_Coat_Tannin,95,535,permuted_null,0.06666003474623182
Seed_Coat_Tannin,95,536,permuted_null,-0.04768796576871994
Seed_Coat_Tannin,95,537,permuted_null,-0.12573055071426853
Seed_Coat_Tannin,95,538,permuted_null,-0.10706650428909247
Seed_Coat_Tannin,95,539,permuted_null,-0.07356881348289773
Seed_Coat_Tannin,95,540,permuted_null,0.03965702166143585
Seed_Coat_Tannin,95,541,permuted_null,-0.08521769585960987
Seed_Coat_Tannin,95,542,permuted_null,-0.17993225778164135
Seed_Coat_Tannin,95,543,permuted_null,-0.05364952547342964
Seed_Coat_Tannin,95,544,permuted_null,0.007381333777567174
Seed_Coat_Tannin,95,545,permuted_null,-0.05928550749173167
Seed_Coat_Tannin,95,546,permuted_null,0.05571473298774547
Seed_Coat_Tannin,95,547,permuted_null,0.04471421226713455
Seed_Coat_Tannin,95,548,permuted_null,-0.1409742001885759
Seed_Coat_Tannin,95,549,permuted_null,0.15063133796880512
Seed_Coat_Tannin,95,550,permuted_null,-0.020949173911988084
Seed_Coat_Tannin,95,551,permuted_null,0.07626133304118204
Seed_Coat_Tannin,95,552,permuted_null,0.04952560577867035
Seed_Coat_Tannin,95,553,permuted_null,0.0007204555625312109
Seed_Coat_Tannin,95,554,permuted_null,0.1800378178270574
Seed_Coat_Tannin,95,555,permuted_null,-0.01201775882728813
Seed_Coat_Tannin,95,556,permuted_null,0.16468617273875286
Seed_Coat_Tannin,95,557,permuted_null,0.0011135983289998035
Seed_Coat_Tannin,95,558,permuted_null,-0.06277665703620765
Seed_Coat_Tannin,95,559,permuted_null,-0.043566931578359364
Seed_Coat_Tannin,95,560,permuted_null,0.08490282456166154
Seed_Coat_Tannin,95,561,permuted_null,-0.05575266474663063
Seed_Coat_Tannin,95,562,permuted_null,0.09526681346898981
Seed_Coat_Tannin,95,563,permuted_null,0.11611534751971274
Seed_Coat_Tannin,95,564,permuted_null,-0.03406367611622957
Seed_Coat_Tannin,95,565,permuted_null,0.111081834686762
Seed_Coat_Tannin,95,566,permuted_null,-0.029609857875948
Seed_Coat_Tannin,95,567,permuted_null,0.04486637004718299
Seed_Coat_Tannin,95,568,permuted_null,-0.05337197039088892
Seed_Coat_Tannin,95,569,permuted_null,-0.036314969607392264
Seed_Coat_Tannin,95,570,permuted_null,-0.03334050466033769
Seed_Coat_Tannin,95,571,permuted_null,0.04184211706432922
Seed_Coat_Tannin,95,572,permuted_null,-0.0366219248636958
Seed_Coat_Tannin,95,573,permuted_null,-0.11661246087864782
Seed_Coat_Tannin,95,574,permuted_null,-0.005171917638070948
Seed_Coat_Tannin,95,575,permuted_null,-0.012316145934014297
Seed_Coat_Tannin,95,576,permuted_null,-0.02094782271387316
Seed_Coat_Tannin,95,577,permuted_null,0.029576100834556633
Seed_Coat_Tannin,95,578,permuted_null,0.029763516879293656
Seed_Coat_Tannin,95,579,permuted_null,-0.001202215079255546
Seed_Coat_Tannin,95,580,permuted_null,0.03338707436723444
Seed_Coat_Tannin,95,581,permuted_null,-0.008249472654779594
Seed_Coat_Tannin,95,582,permuted_null,-0.057079455447485015
Seed_Coat_Tannin,95,583,permuted_null,-0.037114245711817526
Seed_Coat_Tannin,95,584,permuted_null,0.16247191677689113
Seed_Coat_Tannin,95,585,permuted_null,0.00190216423452947
Seed_Coat_Tannin,95,586,permuted_null,0.027309478113168605
Seed_Coat_Tannin,95,587,permuted_null,-0.13627136221378133
Seed_Coat_Tannin,95,588,permuted_null,-0.01441170547489308
Seed_Coat_Tannin,95,589,permuted_null,-0.09034035077250627
Seed_Coat_Tannin,95,590,permuted_null,0.04699959555048756
Seed_Coat_Tannin,95,591,permuted_null,-0.07312337229711938
Seed_Coat_Tannin,95,592,permuted_null,-0.10791948799720157
Seed_Coat_Tannin,95,593,permuted_null,0.01140977667106459
Seed_Coat_Tannin,95,594,permuted_null,-0.07587205401010494
Seed_Coat_Tannin,95,595,permuted_null,-0.024686114722153516
Seed_Coat_Tannin,95,596,permuted_null,0.04443336837295658
Seed_Coat_Tannin,95,597,permuted_null,0.042401745029189614
Seed_Coat_Tannin,95,598,permuted_null,0.11198840019699689
Seed_Coat_Tannin,95,599,permuted_null,0.036907280364465424
Seed_Coat_Tannin,95,600,permuted_null,-0.10527149615473314
Seed_Coat_Tannin,95,601,permuted_null,0.02756775858213961
Seed_Coat_Tannin,95,602,permuted_null,-0.09176415666301001
Seed_Coat_Tannin,95,603,permuted_null,0.05455729543907717
Seed_Coat_Tannin,95,604,permuted_null,0.04485210934638666
Seed_Coat_Tannin,95,605,permuted_null,0.05981414479042434
Seed_Coat_Tannin,95,606,permuted_null,-0.030475617011736077
Seed_Coat_Tannin,95,607,permuted_null,0.06765262145279932
Seed_Coat_Tannin,95,608,permuted_null,0.10996050093426728
Seed_Coat_Tannin,95,609,permuted_null,-0.00946644308744649
Seed_Coat_Tannin,95,610,permuted_null,-0.10949926227112593
Seed_Coat_Tannin,95,611,permuted_null,-0.12744325350280533
Seed_Coat_Tannin,95,612,permuted_null,0.08727292357675072
Seed_Coat_Tannin,95,613,permuted_null,0.10145365086711092
Seed_Coat_Tannin,95,614,permuted_null,-0.07249735014578007
Seed_Coat_Tannin,95,615,permuted_null,-0.10609130220927288
Seed_Coat_Tannin,95,616,permuted_null,0.0487525883901994
Seed_Coat_Tannin,95,617,permuted_null,0.027251277007981235
Seed_Coat_Tannin,95,618,permuted_null,-0.07788997169592858
Seed_Coat_Tannin,95,619,permuted_null,0.010295753400557342
Seed_Coat_Tannin,95,620,permuted_null,-0.029259842618616694
Seed_Coat_Tannin,95,621,permuted_null,0.21496419509506215
Seed_Coat_Tannin,95,622,permuted_null,-0.07971459832556878
Seed_Coat_Tannin,95,623,permuted_null,0.008087944920302494
Seed_Coat_Tannin,95,624,permuted_null,0.06902063405361511
Seed_Coat_Tannin,95,625,permuted_null,-0.056312670455487795
Seed_Coat_Tannin,95,626,permuted_null,-0.0010753533250565106
Seed_Coat_Tannin,95,627,permuted_null,0.029638135852043467
Seed_Coat_Tannin,95,628,permuted_null,0.050868600557007315
Seed_Coat_Tannin,95,629,permuted_null,-0.046982923178441084
Seed_Coat_Tannin,95,630,permuted_null,-0.03732484473079109
Seed_Coat_Tannin,95,631,permuted_null,0.00918932284463702
Seed_Coat_Tannin,95,632,permuted_null,-0.10724103859609171
Seed_Coat_Tannin,95,633,permuted_null,0.00393264331031792
Seed_Coat_Tannin,95,634,permuted_null,-0.0066484719007452245
Seed_Coat_Tannin,95,635,permuted_null,-0.06388953918965919
Seed_Coat_Tannin,95,636,permuted_null,-0.001415999803939888
Seed_Coat_Tannin,95,637,permuted_null,0.023785767224794446
Seed_Coat_Tannin,95,638,permuted_null,-0.05757841604006127
Seed_Coat_Tannin,95,639,permuted_null,0.04240857845011459
Seed_Coat_Tannin,95,640,permuted_null,0.0015186908014411665
Seed_Coat_Tannin,95,641,permuted_null,-0.12758840910761973
Seed_Coat_Tannin,95,642,permuted_null,-0.04960170985308345
Seed_Coat_Tannin,95,643,permuted_null,0.11346917662591263
Seed_Coat_Tannin,95,644,permuted_null,0.025948605990971735
Seed_Coat_Tannin,95,645,permuted_null,-0.08086069075480364
Seed_Coat_Tannin,95,646,permuted_null,0.03981201604159444
Seed_Coat_Tannin,95,647,permuted_null,0.015540718044303455
Seed_Coat_Tannin,95,648,permuted_null,0.04836412944135651
Seed_Coat_Tannin,95,649,permuted_null,-0.013496413003475621
Seed_Coat_Tannin,95,650,permuted_null,0.03974890039933017
Seed_Coat_Tannin,95,651,permuted_null,-0.06323061145389394
Seed_Coat_Tannin,95,652,permuted_null,-0.04125680815567873
Seed_Coat_Tannin,95,653,permuted_null,0.07424069878004233
Seed_Coat_Tannin,95,654,permuted_null,-0.04660373119239947
Seed_Coat_Tannin,95,655,permuted_null,0.15047356555982117
Seed_Coat_Tannin,95,656,permuted_null,-0.06697485897390316
Seed_Coat_Tannin,95,657,permuted_null,-0.03474043208035822
Seed_Coat_Tannin,95,658,permuted_null,0.02970692701264651
Seed_Coat_Tannin,95,659,permuted_null,0.012484203407496612
Seed_Coat_Tannin,95,660,permuted_null,-0.0032179972898397566
Seed_Coat_Tannin,95,661,permuted_null,0.002423060934309898
Seed_Coat_Tannin,95,662,permuted_null,0.0192572394593376
Seed_Coat_Tannin,95,663,permuted_null,0.10597711126507138
Seed_Coat_Tannin,95,664,permuted_null,0.01573283405537313
Seed_Coat_Tannin,95,665,permuted_null,0.008467206349686118
Seed_Coat_Tannin,95,666,permuted_null,0.003242711842912624
Seed_Coat_Tannin,95,667,permuted_null,0.04869333198202089
Seed_Coat_Tannin,95,668,permuted_null,0.005987439341658505
Seed_Coat_Tannin,95,669,permuted_null,-0.057702454614097856
Seed_Coat_Tannin,95,670,permuted_null,-0.07646633558948053
Seed_Coat_Tannin,95,671,permuted_null,-0.007159026002366016
Seed_Coat_Tannin,95,672,permuted_null,-0.11470567282980293
Seed_Coat_Tannin,95,673,permuted_null,-0.09261353092183273
Seed_Coat_Tannin,95,674,permuted_null,-0.03156740666197719
Seed_Coat_Tannin,95,675,permuted_null,0.19822190610425633
Seed_Coat_Tannin,95,676,permuted_null,-0.08464753230730519
Seed_Coat_Tannin,95,677,permuted_null,0.11846331838610738
Seed_Coat_Tannin,95,678,permuted_null,0.028021515457408885
Seed_Coat_Tannin,95,679,permuted_null,0.08416685400597253
Seed_Coat_Tannin,95,680,permuted_null,0.017956721820959608
Seed_Coat_Tannin,95,681,permuted_null,-0.09303599476028054
Seed_Coat_Tannin,95,682,permuted_null,0.02285326249012443
Seed_Coat_Tannin,95,683,permuted_null,0.044368726211673
Seed_Coat_Tannin,95,684,permuted_null,0.07470692584980226
Seed_Coat_Tannin,95,685,permuted_null,0.07157935483849384
Seed_Coat_Tannin,95,686,permuted_null,-0.21101814436970143
Seed_Coat_Tannin,95,687,permuted_null,-0.03679092262017936
Seed_Coat_Tannin,95,688,permuted_null,-0.027229572845518822
Seed_Coat_Tannin,95,689,permuted_null,-0.08171307397746778
Seed_Coat_Tannin,95,690,permuted_null,0.05556877939153912
Seed_Coat_Tannin,95,691,permuted_null,0.061704881731062936
Seed_Coat_Tannin,95,692,permuted_null,-0.03853825470834293
Seed_Coat_Tannin,95,693,permuted_null,-0.14017300504757624
Seed_Coat_Tannin,95,694,permuted_null,0.07017717954883382
Seed_Coat_Tannin,95,695,permuted_null,-0.058929661571186134
Seed_Coat_Tannin,95,696,permuted_null,-0.05993857083249492
Seed_Coat_Tannin,95,697,permuted_null,0.042504476058334656
Seed_Coat_Tannin,95,698,permuted_null,0.07703036904900969
Seed_Coat_Tannin,95,699,permuted_null,-0.07397248549976636
Seed_Coat_Tannin,95,700,permuted_null,0.0008173684622870617
Seed_Coat_Tannin,95,701,permuted_null,0.11060075086665808
Seed_Coat_Tannin,95,702,permuted_null,-0.07371141805279521
Seed_Coat_Tannin,95,703,permuted_null,0.12683758096064185
Seed_Coat_Tannin,95,704,permuted_null,0.05303268880375966
Seed_Coat_Tannin,95,705,permuted_null,-0.1030178660689394
Seed_Coat_Tannin,95,706,permuted_null,0.0820585263424169
Seed_Coat_Tannin,95,707,permuted_null,0.03861153991367303
Seed_Coat_Tannin,95,708,permuted_null,0.03190547727594406
Seed_Coat_Tannin,95,709,permuted_null,-0.15540105073034383
Seed_Coat_Tannin,95,710,permuted_null,-0.08674893039889864
Seed_Coat_Tannin,95,711,permuted_null,-0.15990439462679099
Seed_Coat_Tannin,95,712,permuted_null,0.06643724201797724
Seed_Coat_Tannin,95,713,permuted_null,0.07677214240052331
Seed_Coat_Tannin,95,714,permuted_null,-0.06330297262280861
Seed_Coat_Tannin,95,715,permuted_null,-0.036958041797226275
Seed_Coat_Tannin,95,716,permuted_null,0.14810680603654047
Seed_Coat_Tannin,95,717,permuted_null,0.08956198753863238
Seed_Coat_Tannin,95,718,permuted_null,0.01845559634346202
Seed_Coat_Tannin,95,719,permuted_null,-0.14332920361058596
Seed_Coat_Tannin,95,720,permuted_null,-0.031916921165621975
Seed_Coat_Tannin,95,721,permuted_null,-0.14127666080431822
Seed_Coat_Tannin,95,722,permuted_null,0.0994904195299201
Seed_Coat_Tannin,95,723,permuted_null,0.01686599123603473
Seed_Coat_Tannin,95,724,permuted_null,0.013423123517709308
Seed_Coat_Tannin,95,725,permuted_null,0.07347933023066272
Seed_Coat_Tannin,95,726,permuted_null,-0.029655824227826325
Seed_Coat_Tannin,95,727,permuted_null,-0.04671015677283721
Seed_Coat_Tannin,95,728,permuted_null,-0.03784056507929774
Seed_Coat_Tannin,95,729,permuted_null,0.028387786154662323
Seed_Coat_Tannin,95,730,permuted_null,0.028654846006551236
Seed_Coat_Tannin,95,731,permuted_null,0.02728851246918475
Seed_Coat_Tannin,95,732,permuted_null,-0.2391003929198125
Seed_Coat_Tannin,95,733,permuted_null,0.01574167112333295
Seed_Coat_Tannin,95,734,permuted_null,-0.0305812156986545
Seed_Coat_Tannin,95,735,permuted_null,-0.04203240231926447
Seed_Coat_Tannin,95,736,permuted_null,-0.040134199944593434
Seed_Coat_Tannin,95,737,permuted_null,-0.020511595492982898
Seed_Coat_Tannin,95,738,permuted_null,0.003973490589413105
Seed_Coat_Tannin,95,739,permuted_null,-0.14429751229573282
Seed_Coat_Tannin,95,740,permuted_null,0.040622631110294335
Seed_Coat_Tannin,95,741,permuted_null,-0.012387372221566991
Seed_Coat_Tannin,95,742,permuted_null,-0.15589108112851802
Seed_Coat_Tannin,95,743,permuted_null,-0.003221606797554205
Seed_Coat_Tannin,95,744,permuted_null,-0.03337192666455148
Seed_Coat_Tannin,95,745,permuted_null,0.0608324259975453
Seed_Coat_Tannin,95,746,permuted_null,0.12165684754183685
Seed_Coat_Tannin,95,747,permuted_null,0.12646104539248873
Seed_Coat_Tannin,95,748,permuted_null,-0.09536383659689304
Seed_Coat_Tannin,95,749,permuted_null,-0.017928858915265796
Seed_Coat_Tannin,95,750,permuted_null,-0.01781383855828851
Seed_Coat_Tannin,95,751,permuted_null,0.06342343416072514
Seed_Coat_Tannin,95,752,permuted_null,0.13814979940079808
Seed_Coat_Tannin,95,753,permuted_null,-0.10973453371565128
Seed_Coat_Tannin,95,754,permuted_null,-0.019230317297911054
Seed_Coat_Tannin,95,755,permuted_null,-0.013858678248316146
Seed_Coat_Tannin,95,756,permuted_null,0.04457009653239817
Seed_Coat_Tannin,95,757,permuted_null,-0.019345448205970388
Seed_Coat_Tannin,95,758,permuted_null,0.07979118959102016
Seed_Coat_Tannin,95,759,permuted_null,-0.10135511129715524
Seed_Coat_Tannin,95,760,permuted_null,-0.008398655363818662
Seed_Coat_Tannin,95,761,permuted_null,0.03803402850111814
Seed_Coat_Tannin,95,762,permuted_null,0.004779346913616516
Seed_Coat_Tannin,95,763,permuted_null,0.1066712537965004
Seed_Coat_Tannin,95,764,permuted_null,0.060837411467021055
Seed_Coat_Tannin,95,765,permuted_null,0.10913547562944768
Seed_Coat_Tannin,95,766,permuted_null,-0.14935979738281482
Seed_Coat_Tannin,95,767,permuted_null,0.04368899363794626
Seed_Coat_Tannin,95,768,permuted_null,-0.06399333656292623
Seed_Coat_Tannin,95,769,permuted_null,0.05692132879766202
Seed_Coat_Tannin,95,770,permuted_null,-0.0911431822105328
Seed_Coat_Tannin,95,771,permuted_null,0.019224357001194986
Seed_Coat_Tannin,95,772,permuted_null,-0.011004100271806172
Seed_Coat_Tannin,95,773,permuted_null,-0.038871420393866304
Seed_Coat_Tannin,95,774,permuted_null,0.08869607166827248
Seed_Coat_Tannin,95,775,permuted_null,-0.019779333765112785
Seed_Coat_Tannin,95,776,permuted_null,0.13331385273032978
Seed_Coat_Tannin,95,777,permuted_null,0.09721308722049599
Seed_Coat_Tannin,95,778,permuted_null,-0.07345955175424376
Seed_Coat_Tannin,95,779,permuted_null,-0.041187063284056184
Seed_Coat_Tannin,95,780,permuted_null,-0.08068885065165882
Seed_Coat_Tannin,95,781,permuted_null,-0.03656135793452597
Seed_Coat_Tannin,95,782,permuted_null,0.00968961140952299
Seed_Coat_Tannin,95,783,permuted_null,0.06602793618967588
Seed_Coat_Tannin,95,784,permuted_null,0.023861142066449206
Seed_Coat_Tannin,95,785,permuted_null,0.026423815378133785
Seed_Coat_Tannin,95,786,permuted_null,-0.1083862589333073
Seed_Coat_Tannin,95,787,permuted_null,-0.08868144363520229
Seed_Coat_Tannin,95,788,permuted_null,0.07292085070810254
Seed_Coat_Tannin,95,789,permuted_null,-0.11090432935030692
Seed_Coat_Tannin,95,790,permuted_null,-0.005276247530347444
Seed_Coat_Tannin,95,791,permuted_null,-0.027151393408206617
Seed_Coat_Tannin,95,792,permuted_null,0.011982404510243402
Seed_Coat_Tannin,95,793,permuted_null,0.03510044166039207
Seed_Coat_Tannin,95,794,permuted_null,0.07293512797824109
Seed_Coat_Tannin,95,795,permuted_null,-0.06124044558128986
Seed_Coat_Tannin,95,796,permuted_null,-0.06934706290835141
Seed_Coat_Tannin,95,797,permuted_null,-0.10080166484032553
Seed_Coat_Tannin,95,798,permuted_null,-0.01384598158942276
Seed_Coat_Tannin,95,799,permuted_null,0.020975946153655285
Seed_Coat_Tannin,95,800,permuted_null,0.04768444532288932
Seed_Coat_Tannin,95,801,permuted_null,0.10931619064911258
Seed_Coat_Tannin,95,802,permuted_null,-0.14163593402673763
Seed_Coat_Tannin,95,803,permuted_null,-0.011173534536677212
Seed_Coat_Tannin,95,804,permuted_null,-0.11417123343006902
Seed_Coat_Tannin,95,805,permuted_null,-0.00854103719245759
Seed_Coat_Tannin,95,806,permuted_null,0.00022342506202629488
Seed_Coat_Tannin,95,807,permuted_null,0.05973264730821099
Seed_Coat_Tannin,95,808,permuted_null,-0.06931132323297988
Seed_Coat_Tannin,95,809,permuted_null,0.021234410071711396
Seed_Coat_Tannin,95,810,permuted_null,0.0977463226102369
Seed_Coat_Tannin,95,811,permuted_null,-0.055740879786819325
Seed_Coat_Tannin,95,812,permuted_null,0.0690807694112672
Seed_Coat_Tannin,95,813,permuted_null,-0.06636332428963998
Seed_Coat_Tannin,95,814,permuted_null,0.021812696816530468
Seed_Coat_Tannin,95,815,permuted_null,-0.04318861127741622
Seed_Coat_Tannin,95,816,permuted_null,-0.04311286266178477
Seed_Coat_Tannin,95,817,permuted_null,-0.05967166229602407
Seed_Coat_Tannin,95,818,permuted_null,0.059012407573569056
Seed_Coat_Tannin,95,819,permuted_null,-0.07155376071620587
Seed_Coat_Tannin,95,820,permuted_null,-0.1051178417911377
Seed_Coat_Tannin,95,821,permuted_null,-0.12032208222340059
Seed_Coat_Tannin,95,822,permuted_null,-0.014906470777455227
Seed_Coat_Tannin,95,823,permuted_null,0.005961308260689569
Seed_Coat_Tannin,95,824,permuted_null,0.02486813046405935
Seed_Coat_Tannin,95,825,permuted_null,0.045031541177728944
Seed_Coat_Tannin,95,826,permuted_null,0.07510824396115245
Seed_Coat_Tannin,95,827,permuted_null,-0.007481759152878784
Seed_Coat_Tannin,95,828,permuted_null,-0.11423838937667712
Seed_Coat_Tannin,95,829,permuted_null,0.17135743317848967
Seed_Coat_Tannin,95,830,permuted_null,0.0022170043830963757
Seed_Coat_Tannin,95,831,permuted_null,-0.07335552959023711
Seed_Coat_Tannin,95,832,permuted_null,0.03825751378232174
Seed_Coat_Tannin,95,833,permuted_null,0.008157018506957082
Seed_Coat_Tannin,95,834,permuted_null,0.0016001445115109147
Seed_Coat_Tannin,95,835,permuted_null,-0.016174399154916155
Seed_Coat_Tannin,95,836,permuted_null,0.07276237158585411
Seed_Coat_Tannin,95,837,permuted_null,-0.09273688479303716
Seed_Coat_Tannin,95,838,permuted_null,-0.10454455561801523
Seed_Coat_Tannin,95,839,permuted_null,-0.02777404681612601
Seed_Coat_Tannin,95,840,permuted_null,0.08389667838666731
Seed_Coat_Tannin,95,841,permuted_null,-0.06587570681576826
Seed_Coat_Tannin,95,842,permuted_null,-0.014165672013302849
Seed_Coat_Tannin,95,843,permuted_null,-0.09913209260462544
Seed_Coat_Tannin,95,844,permuted_null,0.026005450706128058
Seed_Coat_Tannin,95,845,permuted_null,0.07859615242730333
Seed_Coat_Tannin,95,846,permuted_null,-0.05439273313289429
Seed_Coat_Tannin,95,847,permuted_null,-0.0849141066901529
Seed_Coat_Tannin,95,848,permuted_null,-0.06147506404308764
Seed_Coat_Tannin,95,849,permuted_null,0.055617294613195103
Seed_Coat_Tannin,95,850,permuted_null,0.024699817085221107
Seed_Coat_Tannin,95,851,permuted_null,-0.07774147401417356
Seed_Coat_Tannin,95,852,permuted_null,0.07150943956451414
Seed_Coat_Tannin,95,853,permuted_null,-0.10428909212899823
Seed_Coat_Tannin,95,854,permuted_null,0.048102275333001564
Seed_Coat_Tannin,95,855,permuted_null,0.07781548642981587
Seed_Coat_Tannin,95,856,permuted_null,-0.040876022870246415
Seed_Coat_Tannin,95,857,permuted_null,-0.009324302600415873
Seed_Coat_Tannin,95,858,permuted_null,-0.04995956246066777
Seed_Coat_Tannin,95,859,permuted_null,-0.0035062680083026085
Seed_Coat_Tannin,95,860,permuted_null,-0.050126262908923185
Seed_Coat_Tannin,95,861,permuted_null,0.010771142700212977
Seed_Coat_Tannin,95,862,permuted_null,0.06443468202364944
Seed_Coat_Tannin,95,863,permuted_null,0.11108886117600751
Seed_Coat_Tannin,95,864,permuted_null,0.11362953957425134
Seed_Coat_Tannin,95,865,permuted_null,0.03801598560533693
Seed_Coat_Tannin,95,866,permuted_null,-0.1084812962312581
Seed_Coat_Tannin,95,867,permuted_null,-0.03183365250614904
Seed_Coat_Tannin,95,868,permuted_null,-0.021651233811803214
Seed_Coat_Tannin,95,869,permuted_null,-0.06703647495126869
Seed_Coat_Tannin,95,870,permuted_null,0.09190358803427642
Seed_Coat_Tannin,95,871,permuted_null,-0.003186300137877504
Seed_Coat_Tannin,95,872,permuted_null,-0.02409099293972674
Seed_Coat_Tannin,95,873,permuted_null,0.017543946520034624
Seed_Coat_Tannin,95,874,permuted_null,-0.14259222918807057
Seed_Coat_Tannin,95,875,permuted_null,0.03549111459562312
Seed_Coat_Tannin,95,876,permuted_null,-0.07814107154994614
Seed_Coat_Tannin,95,877,permuted_null,0.0209059384339558
Seed_Coat_Tannin,95,878,permuted_null,0.058304744825513344
Seed_Coat_Tannin,95,879,permuted_null,-0.019894025136454233
Seed_Coat_Tannin,95,880,permuted_null,0.004556455081781742
Seed_Coat_Tannin,95,881,permuted_null,-0.0730086727950118
Seed_Coat_Tannin,95,882,permuted_null,0.06420286951638175
Seed_Coat_Tannin,95,883,permuted_null,0.04904151171767627
Seed_Coat_Tannin,95,884,permuted_null,0.008046363872716115
Seed_Coat_Tannin,95,885,permuted_null,0.0658874188599836
Seed_Coat_Tannin,95,886,permuted_null,0.08331344579876415
Seed_Coat_Tannin,95,887,permuted_null,0.006855211130731004
Seed_Coat_Tannin,95,888,permuted_null,0.022657952700976012
Seed_Coat_Tannin,95,889,permuted_null,0.022372695472747277
Seed_Coat_Tannin,95,890,permuted_null,0.05440269757001958
Seed_Coat_Tannin,95,891,permuted_null,0.0914558840554821
Seed_Coat_Tannin,95,892,permuted_null,0.0452772251253518
Seed_Coat_Tannin,95,893,permuted_null,-0.0705632130403626
Seed_Coat_Tannin,95,894,permuted_null,-0.10347184195132646
Seed_Coat_Tannin,95,895,permuted_null,0.18182545907761494
Seed_Coat_Tannin,95,896,permuted_null,-0.039289634565511655
Seed_Coat_Tannin,95,897,permuted_null,0.01651541877710551
Seed_Coat_Tannin,95,898,permuted_null,-0.04394236801007909
Seed_Coat_Tannin,95,899,permuted_null,-0.07177577684900543
Seed_Coat_Tannin,95,900,permuted_null,-0.09585601941741369
Seed_Coat_Tannin,95,901,permuted_null,0.08582495540125182
Seed_Coat_Tannin,95,902,permuted_null,0.00332339351283379
Seed_Coat_Tannin,95,903,permuted_null,-0.07864156776956782
Seed_Coat_Tannin,95,904,permuted_null,0.015066300814524675
Seed_Coat_Tannin,95,905,permuted_null,0.04468677224707662
Seed_Coat_Tannin,95,906,permuted_null,-0.021080941620046374
Seed_Coat_Tannin,95,907,permuted_null,0.07938249615667638
Seed_Coat_Tannin,95,908,permuted_null,-0.10360199847638829
Seed_Coat_Tannin,95,909,permuted_null,0.03219205899382746
Seed_Coat_Tannin,95,910,permuted_null,0.028322672217209584
Seed_Coat_Tannin,95,911,permuted_null,-0.021793118927033756
Seed_Coat_Tannin,95,912,permuted_null,-0.036027055535779035
Seed_Coat_Tannin,95,913,permuted_null,0.04943650013867255
Seed_Coat_Tannin,95,914,permuted_null,-0.00018638923682709474
Seed_Coat_Tannin,95,915,permuted_null,-0.018126208969035745
Seed_Coat_Tannin,95,916,permuted_null,0.0958885770200608
Seed_Coat_Tannin,95,917,permuted_null,0.08205813166218776
Seed_Coat_Tannin,95,918,permuted_null,-0.1313767139383233
Seed_Coat_Tannin,95,919,permuted_null,-0.10501289190930924
Seed_Coat_Tannin,95,920,permuted_null,-0.08126525833672374
Seed_Coat_Tannin,95,921,permuted_null,0.006643698730772772
Seed_Coat_Tannin,95,922,permuted_null,-0.038517364207161356
Seed_Coat_Tannin,95,923,permuted_null,-0.003980492939994126
Seed_Coat_Tannin,95,924,permuted_null,0.07090669751706341
Seed_Coat_Tannin,95,925,permuted_null,0.1209844422550129
Seed_Coat_Tannin,95,926,permuted_null,0.11552040977945582
Seed_Coat_Tannin,95,927,permuted_null,0.03694564599028738
Seed_Coat_Tannin,95,928,permuted_null,-0.02188035836501112
Seed_Coat_Tannin,95,929,permuted_null,-0.07671802090204412
Seed_Coat_Tannin,95,930,permuted_null,-0.07383890402765354
Seed_Coat_Tannin,95,931,permuted_null,0.0402102820608354
Seed_Coat_Tannin,95,932,permuted_null,0.11015213711712699
Seed_Coat_Tannin,95,933,permuted_null,0.08249071317008488
Seed_Coat_Tannin,95,934,permuted_null,0.02243528495741756
Seed_Coat_Tannin,95,935,permuted_null,0.058130733526066486
Seed_Coat_Tannin,95,936,permuted_null,-0.07195962426444864
Seed_Coat_Tannin,95,937,permuted_null,-0.10658445023177983
Seed_Coat_Tannin,95,938,permuted_null,0.0026566237201582285
Seed_Coat_Tannin,95,939,permuted_null,-0.07037223828376407
Seed_Coat_Tannin,95,940,permuted_null,-0.02142918049046099
Seed_Coat_Tannin,95,941,permuted_null,0.029253198753898736
Seed_Coat_Tannin,95,942,permuted_null,-0.012715022066045939
Seed_Coat_Tannin,95,943,permuted_null,0.11448675709414069
Seed_Coat_Tannin,95,944,permuted_null,-0.1484681626943629
Seed_Coat_Tannin,95,945,permuted_null,0.11080744609397275
Seed_Coat_Tannin,95,946,permuted_null,0.10744604733827487
Seed_Coat_Tannin,95,947,permuted_null,0.045937317671626725
Seed_Coat_Tannin,95,948,permuted_null,0.07698439807063577
Seed_Coat_Tannin,95,949,permuted_null,-0.05050484627526363
Seed_Coat_Tannin,95,950,permuted_null,0.04427804322132314
Seed_Coat_Tannin,95,951,permuted_null,-0.09532610498519262
Seed_Coat_Tannin,95,952,permuted_null,0.02295959781109531
Seed_Coat_Tannin,95,953,permuted_null,-0.0659739775444864
Seed_Coat_Tannin,95,954,permuted_null,-0.21902723764151774
Seed_Coat_Tannin,95,955,permuted_null,-0.12908011934566027
Seed_Coat_Tannin,95,956,permuted_null,0.050855596129079736
Seed_Coat_Tannin,95,957,permuted_null,-0.055974880972186974
Seed_Coat_Tannin,95,958,permuted_null,0.037224401554451496
Seed_Coat_Tannin,95,959,permuted_null,0.11066758071969517
Seed_Coat_Tannin,95,960,permuted_null,0.04718135471629853
Seed_Coat_Tannin,95,961,permuted_null,0.053404230049429194
Seed_Coat_Tannin,95,962,permuted_null,-0.08236696325844228
Seed_Coat_Tannin,95,963,permuted_null,0.0023009771832774445
Seed_Coat_Tannin,95,964,permuted_null,0.08014163666055668
Seed_Coat_Tannin,95,965,permuted_null,0.1526996473811944
Seed_Coat_Tannin,95,966,permuted_null,-0.08038474226248464
Seed_Coat_Tannin,95,967,permuted_null,-0.01393394753748324
Seed_Coat_Tannin,95,968,permuted_null,0.08553082687218605
Seed_Coat_Tannin,95,969,permuted_null,-0.1272100288144546
Seed_Coat_Tannin,95,970,permuted_null,-0.059166446847575604
Seed_Coat_Tannin,95,971,permuted_null,0.15426228948253426
Seed_Coat_Tannin,95,972,permuted_null,0.010835223235373614
Seed_Coat_Tannin,95,973,permuted_null,-0.015353479867288956
Seed_Coat_Tannin,95,974,permuted_null,-0.03506056477193274
Seed_Coat_Tannin,95,975,permuted_null,-0.10146647001422339
Seed_Coat_Tannin,95,976,permuted_null,-0.12096280714281799
Seed_Coat_Tannin,95,977,permuted_null,0.018195339556709572
Seed_Coat_Tannin,95,978,permuted_null,0.0603595860543257
Seed_Coat_Tannin,95,979,permuted_null,-0.0012923402656197028
Seed_Coat_Tannin,95,980,permuted_null,0.05951156221041563
Seed_Coat_Tannin,95,981,permuted_null,0.03331796675828027
Seed_Coat_Tannin,95,982,permuted_null,-0.0384400573403305
Seed_Coat_Tannin,95,983,permuted_null,-0.11447285509741907
Seed_Coat_Tannin,95,984,permuted_null,0.00753281939449818
Seed_Coat_Tannin,95,985,permuted_null,0.09101207286974616
Seed_Coat_Tannin,95,986,permuted_null,0.03177361504664063
Seed_Coat_Tannin,95,987,permuted_null,-0.027116432696800592
Seed_Coat_Tannin,95,988,permuted_null,0.03923739030864539
Seed_Coat_Tannin,95,989,permuted_null,-0.025187339863846504
Seed_Coat_Tannin,95,990,permuted_null,0.005031780478602832
Seed_Coat_Tannin,95,991,permuted_null,0.10483159785837508
Seed_Coat_Tannin,95,992,permuted_null,0.054381078810193925
Seed_Coat_Tannin,95,993,permuted_null,0.0408759868728235
Seed_Coat_Tannin,95,994,permuted_null,-0.10190300194827216
Seed_Coat_Tannin,95,995,permuted_null,0.041403703033230876
Seed_Coat_Tannin,95,996,permuted_null,0.06567152603322196
Seed_Coat_Tannin,95,997,permuted_null,0.019257657689135642
Seed_Coat_Tannin,95,998,permuted_null,0.031018211635063485
Seed_Coat_Tannin,95,999,permuted_null,-0.1764059359197857
Crude_Protein,92,0,observed,-0.29190704113846566
Crude_Protein,92,1,observed,-0.12458263930603779
Crude_Protein,92,2,observed,-0.16230256486207117
Crude_Protein,92,3,observed,-0.12654912161832668
Crude_Protein,92,4,observed,-0.24532709652901585
Crude_Protein,92,5,observed,-0.14888058920216696
Crude_Protein,92,6,observed,-0.16446306110495104
Crude_Protein,92,7,observed,-0.19965828894389187
Crude_Protein,92,8,observed,-0.16575257440518942
Crude_Protein,92,9,observed,-0.03408947069973779
Crude_Protein,92,10,observed,-0.1695041993344327
Crude_Protein,92,11,observed,-0.1331024097492358
Crude_Protein,92,12,observed,-0.1151619910821946
Crude_Protein,92,13,observed,-0.2185838350159571
Crude_Protein,92,14,observed,-0.23314766355003552
Crude_Protein,92,15,observed,-0.16571578700031728
Crude_Protein,92,16,observed,0.05918770667913699
Crude_Protein,92,17,observed,-0.08088675390129815
Crude_Protein,92,18,observed,-0.15400126258369531
Crude_Protein,92,19,observed,-0.04297796817829349
Crude_Protein,92,20,observed,-0.19233056325184406
Crude_Protein,92,21,observed,-0.261266965457471
Crude_Protein,92,22,observed,-0.07613327084175646
Crude_Protein,92,23,observed,-0.32182688797878567
Crude_Protein,92,24,observed,-0.05335560909507556
Crude_Protein,92,25,observed,-0.14932762328244747
Crude_Protein,92,26,observed,-0.05205509982057034
Crude_Protein,92,27,observed,-0.2367969049012624
Crude_Protein,92,28,observed,0.005253036123284514
Crude_Protein,92,29,observed,-0.18273101192503274
Crude_Protein,92,30,observed,-0.1563735121625669
Crude_Protein,92,31,observed,-0.04994714484619304
Crude_Protein,92,32,observed,0.025973698852024392
Crude_Protein,92,33,observed,-0.11825377908354334
Crude_Protein,92,34,observed,0.07284514378155509
Crude_Protein,92,35,observed,-0.0749965242874712
Crude_Protein,92,36,observed,-0.21624279337221508
Crude_Protein,92,37,observed,-0.054010617268387684
Crude_Protein,92,38,observed,-0.15585944934744517
Crude_Protein,92,39,observed,-0.16863726283064734
Crude_Protein,92,40,observed,-0.03222879265382546
Crude_Protein,92,41,observed,-0.2445239126128661
Crude_Protein,92,42,observed,-0.22990019960405111
Crude_Protein,92,43,observed,-0.13944374707041873
Crude_Protein,92,44,observed,-0.24729547375057395
Crude_Protein,92,45,observed,-0.15219075583063457
Crude_Protein,92,46,observed,0.07788256486898071
Crude_Protein,92,47,observed,-0.1500905256047681
Crude_Protein,92,48,observed,-0.1671502162017335
Crude_Protein,92,49,observed,-0.07298477525968922
Crude_Protein,92,0,permuted_null,0.13800115313935976
Crude_Protein,92,1,permuted_null,0.10506882497016037
Crude_Protein,92,2,permuted_null,0.040439852379776486
Crude_Protein,92,3,permuted_null,0.07341477152032515
Crude_Protein,92,4,permuted_null,0.0877643541141174
Crude_Protein,92,5,permuted_null,0.007702416132995528
Crude_Protein,92,6,permuted_null,-0.004921850089826617
Crude_Protein,92,7,permuted_null,-0.035990664839652756
Crude_Protein,92,8,permuted_null,-0.029178120899238665
Crude_Protein,92,9,permuted_null,0.07794488295609216
Crude_Protein,92,10,permuted_null,-0.03704587618396902
Crude_Protein,92,11,permuted_null,0.06957819077167947
Crude_Protein,92,12,permuted_null,-0.12673435919483012
Crude_Protein,92,13,permuted_null,0.06512141369129269
Crude_Protein,92,14,permuted_null,-0.08415683768580581
Crude_Protein,92,15,permuted_null,-0.07622875995607287
Crude_Protein,92,16,permuted_null,-0.018426762551521828
Crude_Protein,92,17,permuted_null,0.027757859579268573
Crude_Protein,92,18,permuted_null,0.09305366589358643
Crude_Protein,92,19,permuted_null,0.08113639287204469
Crude_Protein,92,20,permuted_null,0.06141725429016081
Crude_Protein,92,21,permuted_null,-0.022359203535494445
Crude_Protein,92,22,permuted_null,-0.058120051787289
Crude_Protein,92,23,permuted_null,0.0038552440979101738
Crude_Protein,92,24,permuted_null,0.06731561065466968
Crude_Protein,92,25,permuted_null,-0.008341730259297887
Crude_Protein,92,26,permuted_null,0.06348806746089555
Crude_Protein,92,27,permuted_null,-0.22041341677321663
Crude_Protein,92,28,permuted_null,-0.05050797136986089
Crude_Protein,92,29,permuted_null,-0.03674096065925625
Crude_Protein,92,30,permuted_null,0.01218467306113592
Crude_Protein,92,31,permuted_null,-0.028131249867929156
Crude_Protein,92,32,permuted_null,0.05569849624399731
Crude_Protein,92,33,permuted_null,0.008493765463456995
Crude_Protein,92,34,permuted_null,0.0027965155811877224
Crude_Protein,92,35,permuted_null,-0.1604711418584593
Crude_Protein,92,36,permuted_null,0.05209804722675522
Crude_Protein,92,37,permuted_null,-0.013056253945078512
Crude_Protein,92,38,permuted_null,-0.08346535019124551
Crude_Protein,92,39,permuted_null,-0.03267725704480362
Crude_Protein,92,40,permuted_null,0.12057511042178687
Crude_Protein,92,41,permuted_null,0.10710594448296405
Crude_Protein,92,42,permuted_null,-0.0926500875399471
Crude_Protein,92,43,permuted_null,-0.07106446266898714
Crude_Protein,92,44,permuted_null,-0.050401609738020464
Crude_Protein,92,45,permuted_null,0.0927502534676658
Crude_Protein,92,46,permuted_null,0.048484338124354535
Crude_Protein,92,47,permuted_null,0.0016083703018032417
Crude_Protein,92,48,permuted_null,-0.00665010819831386
Crude_Protein,92,49,permuted_null,0.035508784808423254
Crude_Protein,92,50,permuted_null,0.024384405576999068
Crude_Protein,92,51,permuted_null,0.0617954237405587
Crude_Protein,92,52,permuted_null,-0.03955051694453114
Crude_Protein,92,53,permuted_null,0.04627630906403309
Crude_Protein,92,54,permuted_null,0.04178901298493765
Crude_Protein,92,55,permuted_null,0.14194808812402043
Crude_Protein,92,56,permuted_null,0.003940362737414493
Crude_Protein,92,57,permuted_null,0.03492806506612791
Crude_Protein,92,58,permuted_null,-0.015020442948560087
Crude_Protein,92,59,permuted_null,-0.030535755324289333
Crude_Protein,92,60,permuted_null,-0.013327056816882711
Crude_Protein,92,61,permuted_null,0.03849234087699252
Crude_Protein,92,62,permuted_null,0.06732292151274463
Crude_Protein,92,63,permuted_null,-0.014617241825409528
Crude_Protein,92,64,permuted_null,0.005041612511868805
Crude_Protein,92,65,permuted_null,-0.02746675013944021
Crude_Protein,92,66,permuted_null,-0.017252021855057826
Crude_Protein,92,67,permuted_null,-0.022944280130388933
Crude_Protein,92,68,permuted_null,-0.0664289883440208
Crude_Protein,92,69,permuted_null,-0.001677619554718096
Crude_Protein,92,70,permuted_null,0.0925186877673733
Crude_Protein,92,71,permuted_null,-0.03694433781200622
Crude_Protein,92,72,permuted_null,0.016040679155223277
Crude_Protein,92,73,permuted_null,0.019273400370762243
Crude_Protein,92,74,permuted_null,0.14864142423348817
Crude_Protein,92,75,permuted_null,-0.05668495262181335
Crude_Protein,92,76,permuted_null,-0.040460317079245744
Crude_Protein,92,77,permuted_null,-0.16658078893576977
Crude_Protein,92,78,permuted_null,0.01048239897137741
Crude_Protein,92,79,permuted_null,-0.0007479559621341447
Crude_Protein,92,80,permuted_null,-0.08712384221084334
Crude_Protein,92,81,permuted_null,-0.033304986759376376
Crude_Protein,92,82,permuted_null,0.07342117402462184
Crude_Protein,92,83,permuted_null,0.028722121253348804
Crude_Protein,92,84,permuted_null,-0.12575932538385237
Crude_Protein,92,85,permuted_null,-0.09539955474750247
Crude_Protein,92,86,permuted_null,-0.009065708703210083
Crude_Protein,92,87,permuted_null,0.026457610141963794
Crude_Protein,92,88,permuted_null,-0.03360029714569759
Crude_Protein,92,89,permuted_null,0.0322955601567788
Crude_Protein,92,90,permuted_null,-0.033992264745145405
Crude_Protein,92,91,permuted_null,0.10134093926183471
Crude_Protein,92,92,permuted_null,-0.1651472495626149
Crude_Protein,92,93,permuted_null,0.017546934562161068
Crude_Protein,92,94,permuted_null,-0.11893864064512748
Crude_Protein,92,95,permuted_null,0.08998821938448111
Crude_Protein,92,96,permuted_null,-0.027435150986736788
Crude_Protein,92,97,permuted_null,-0.08637469441143893
Crude_Protein,92,98,permuted_null,0.13299720795270834
Crude_Protein,92,99,permuted_null,0.039219656847371324
Crude_Protein,92,100,permuted_null,-0.06634946459926715
Crude_Protein,92,101,permuted_null,0.013009986841731151
Crude_Protein,92,102,permuted_null,0.10043094496662525
Crude_Protein,92,103,permuted_null,0.05395294476151065
Crude_Protein,92,104,permuted_null,-0.010500380225293215
Crude_Protein,92,105,permuted_null,0.04867701256876039
Crude_Protein,92,106,permuted_null,-0.05395935699611168
Crude_Protein,92,107,permuted_null,0.010709361749141921
Crude_Protein,92,108,permuted_null,-0.07404359306110768
Crude_Protein,92,109,permuted_null,-0.02279193740843048
Crude_Protein,92,110,permuted_null,-0.04835363465772579
Crude_Protein,92,111,permuted_null,-0.029164431522969034
Crude_Protein,92,112,permuted_null,0.11061648347807895
Crude_Protein,92,113,permuted_null,0.0809662087774997
Crude_Protein,92,114,permuted_null,0.14910855365734493
Crude_Protein,92,115,permuted_null,0.051331884504681985
Crude_Protein,92,116,permuted_null,-0.11457794159963992
Crude_Protein,92,117,permuted_null,0.032749511602116296
Crude_Protein,92,118,permuted_null,0.029662865873144685
Crude_Protein,92,119,permuted_null,-0.015227647727477492
Crude_Protein,92,120,permuted_null,-0.06474091935425794
Crude_Protein,92,121,permuted_null,0.09732373364399226
Crude_Protein,92,122,permuted_null,-0.13491946109741498
Crude_Protein,92,123,permuted_null,-0.06919081631394874
Crude_Protein,92,124,permuted_null,-0.02098489674034769
Crude_Protein,92,125,permuted_null,0.12509391189611072
Crude_Protein,92,126,permuted_null,0.04913407085829935
Crude_Protein,92,127,permuted_null,0.06865097039152988
Crude_Protein,92,128,permuted_null,-0.07145261096509312
Crude_Protein,92,129,permuted_null,0.04472034099007905
Crude_Protein,92,130,permuted_null,0.11201729378765976
Crude_Protein,92,131,permuted_null,-0.09465175727460814
Crude_Protein,92,132,permuted_null,-0.04498667881748204
Crude_Protein,92,133,permuted_null,-0.10299304370846789
Crude_Protein,92,134,permuted_null,0.12372684671846293
Crude_Protein,92,135,permuted_null,-0.08786248965313326
Crude_Protein,92,136,permuted_null,0.03725394246314104
Crude_Protein,92,137,permuted_null,-0.032279851300313786
Crude_Protein,92,138,permuted_null,0.17194773383424744
Crude_Protein,92,139,permuted_null,-0.04152662997720454
Crude_Protein,92,140,permuted_null,-0.028207566221817342
Crude_Protein,92,141,permuted_null,-0.025159678968156237
Crude_Protein,92,142,permuted_null,0.09358232214903045
Crude_Protein,92,143,permuted_null,-0.11336664077097147
Crude_Protein,92,144,permuted_null,0.06869676569440197
Crude_Protein,92,145,permuted_null,0.04198634072084703
Crude_Protein,92,146,permuted_null,-0.07037881203130156
Crude_Protein,92,147,permuted_null,-0.026817042826698986
Crude_Protein,92,148,permuted_null,0.1060811636486171
Crude_Protein,92,149,permuted_null,0.0043856773947371155
Crude_Protein,92,150,permuted_null,-0.0624764046728178
Crude_Protein,92,151,permuted_null,-0.09694841370950054
Crude_Protein,92,152,permuted_null,-0.030801289785072045
Crude_Protein,92,153,permuted_null,0.1459074055858727
Crude_Protein,92,154,permuted_null,-0.05203126358602926
Crude_Protein,92,155,permuted_null,0.10855519280198324
Crude_Protein,92,156,permuted_null,0.05334593099251122
Crude_Protein,92,157,permuted_null,0.013000333623712865
Crude_Protein,92,158,permuted_null,-0.04394952112586309
Crude_Protein,92,159,permuted_null,-0.00018676540589878526
Crude_Protein,92,160,permuted_null,-0.005747328914029265
Crude_Protein,92,161,permuted_null,-0.016367208630850193
Crude_Protein,92,162,permuted_null,0.13596379583612228
Crude_Protein,92,163,permuted_null,0.0653739617328975
Crude_Protein,92,164,permuted_null,0.10026945131340725
Crude_Protein,92,165,permuted_null,0.08918887437857957
Crude_Protein,92,166,permuted_null,0.08028269838734683
Crude_Protein,92,167,permuted_null,-0.06622846645087388
Crude_Protein,92,168,permuted_null,0.0623995940931672
Crude_Protein,92,169,permuted_null,0.010445642096199914
Crude_Protein,92,170,permuted_null,-0.08248126509567476
Crude_Protein,92,171,permuted_null,-0.1049713926752478
Crude_Protein,92,172,permuted_null,0.009725631040811384
Crude_Protein,92,173,permuted_null,-0.03429561334172975
Crude_Protein,92,174,permuted_null,0.006233282086106906
Crude_Protein,92,175,permuted_null,-0.026298618243329193
Crude_Protein,92,176,permuted_null,-0.05791271055549778
Crude_Protein,92,177,permuted_null,0.049972592436266505
Crude_Protein,92,178,permuted_null,-0.023869258610649778
Crude_Protein,92,179,permuted_null,0.13040132550368871
Crude_Protein,92,180,permuted_null,-0.08914765634641184
Crude_Protein,92,181,permuted_null,0.059863025803176324
Crude_Protein,92,182,permuted_null,-0.000960907494453201
Crude_Protein,92,183,permuted_null,-0.11430304321443714
Crude_Protein,92,184,permuted_null,-0.006980867132190198
Crude_Protein,92,185,permuted_null,-0.15757229183042104
Crude_Protein,92,186,permuted_null,-0.0709223318957163
Crude_Protein,92,187,permuted_null,0.007606828003565814
Crude_Protein,92,188,permuted_null,-0.08922983491609224
Crude_Protein,92,189,permuted_null,-0.03911175060461549
Crude_Protein,92,190,permuted_null,0.009198837546237768
Crude_Protein,92,191,permuted_null,0.09949582057291664
Crude_Protein,92,192,permuted_null,-0.06350757961468698
Crude_Protein,92,193,permuted_null,-0.060705348129646175
Crude_Protein,92,194,permuted_null,-0.06420656609741177
Crude_Protein,92,195,permuted_null,0.014685623524515853
Crude_Protein,92,196,permuted_null,0.058403322876419764
Crude_Protein,92,197,permuted_null,0.07051391985126768
Crude_Protein,92,198,permuted_null,0.02383778506722311
Crude_Protein,92,199,permuted_null,-0.00622680245438445
Crude_Protein,92,200,permuted_null,0.024841332910593643
Crude_Protein,92,201,permuted_null,-0.04011566773609702
Crude_Protein,92,202,permuted_null,0.04588035425797176
Crude_Protein,92,203,permuted_null,-0.027664497252225154
Crude_Protein,92,204,permuted_null,-0.12352234979712175
Crude_Protein,92,205,permuted_null,-0.01079558630872182
Crude_Protein,92,206,permuted_null,0.006339231551125361
Crude_Protein,92,207,permuted_null,0.06611901223728119
Crude_Protein,92,208,permuted_null,0.04947274880416765
Crude_Protein,92,209,permuted_null,0.03334658039398952
Crude_Protein,92,210,permuted_null,0.0005356048749686152
Crude_Protein,92,211,permuted_null,0.13448760830947998
Crude_Protein,92,212,permuted_null,0.10564518627921811
Crude_Protein,92,213,permuted_null,0.012528222963443678
Crude_Protein,92,214,permuted_null,0.029603744016347917
Crude_Protein,92,215,permuted_null,-0.1074417520640227
Crude_Protein,92,216,permuted_null,-0.02532675008704218
Crude_Protein,92,217,permuted_null,0.03825894125764595
Crude_Protein,92,218,permuted_null,0.008743515422933397
Crude_Protein,92,219,permuted_null,-0.049243832431017515
Crude_Protein,92,220,permuted_null,-0.0784891822772369
Crude_Protein,92,221,permuted_null,-0.05051990179355105
Crude_Protein,92,222,permuted_null,-0.0739070858080107
Crude_Protein,92,223,permuted_null,-0.0479984462217856
Crude_Protein,92,224,permuted_null,-0.06097134225300553
Crude_Protein,92,225,permuted_null,-0.11560485746745404
Crude_Protein,92,226,permuted_null,-0.17854771238937653
Crude_Protein,92,227,permuted_null,-0.0983062953918167
Crude_Protein,92,228,permuted_null,-0.014565319015442245
Crude_Protein,92,229,permuted_null,0.06613632223537748
Crude_Protein,92,230,permuted_null,0.012965100180424216
Crude_Protein,92,231,permuted_null,-0.07601500245340947
Crude_Protein,92,232,permuted_null,0.005455082405846362
Crude_Protein,92,233,permuted_null,-0.036541085422651255
Crude_Protein,92,234,permuted_null,-0.0011140008152723535
Crude_Protein,92,235,permuted_null,-0.04496848590981063
Crude_Protein,92,236,permuted_null,0.050537605932276006
Crude_Protein,92,237,permuted_null,0.14603026464870839
Crude_Protein,92,238,permuted_null,0.03473885673374467
Crude_Protein,92,239,permuted_null,0.043343043654122025
Crude_Protein,92,240,permuted_null,-0.017943187212418187
Crude_Protein,92,241,permuted_null,-0.018013394709460406
Crude_Protein,92,242,permuted_null,0.04252816028978819
Crude_Protein,92,243,permuted_null,0.03226686020676561
Crude_Protein,92,244,permuted_null,-0.106301723808382
Crude_Protein,92,245,permuted_null,-0.027846508287717443
Crude_Protein,92,246,permuted_null,0.035884085211557296
Crude_Protein,92,247,permuted_null,-0.05723440121201784
Crude_Protein,92,248,permuted_null,0.16911959238784732
Crude_Protein,92,249,permuted_null,0.10280468850498656
Crude_Protein,92,250,permuted_null,-0.06016600816254627
Crude_Protein,92,251,permuted_null,0.11212007143075933
Crude_Protein,92,252,permuted_null,0.0019756842876112873
Crude_Protein,92,253,permuted_null,0.11537426116100391
Crude_Protein,92,254,permuted_null,-0.07614179849641187
Crude_Protein,92,255,permuted_null,-0.15360560093605957
Crude_Protein,92,256,permuted_null,-0.008524929497091813
Crude_Protein,92,257,permuted_null,-0.03150732839682964
Crude_Protein,92,258,permuted_null,-0.1196910256172276
Crude_Protein,92,259,permuted_null,-0.051117488792882436
Crude_Protein,92,260,permuted_null,-0.05097211277669874
Crude_Protein,92,261,permuted_null,-0.16340692599983134
Crude_Protein,92,262,permuted_null,-0.015713076674546328
Crude_Protein,92,263,permuted_null,0.09066058280956216
Crude_Protein,92,264,permuted_null,0.03517371961097475
Crude_Protein,92,265,permuted_null,0.06677886687009514
Crude_Protein,92,266,permuted_null,0.09057571328000573
Crude_Protein,92,267,permuted_null,-0.03564913067913004
Crude_Protein,92,268,permuted_null,-0.015913509760759025
Crude_Protein,92,269,permuted_null,0.11728912007255488
Crude_Protein,92,270,permuted_null,0.03122307973358824
Crude_Protein,92,271,permuted_null,0.150791058394655
Crude_Protein,92,272,permuted_null,-0.0063775625150438095
Crude_Protein,92,273,permuted_null,-0.12488618815668968
Crude_Protein,92,274,permuted_null,0.0013999706636329996
Crude_Protein,92,275,permuted_null,-0.013572731220655367
Crude_Protein,92,276,permuted_null,-0.07903957868280748
Crude_Protein,92,277,permuted_null,-0.04152735111069061
Crude_Protein,92,278,permuted_null,-0.1077579575714558
Crude_Protein,92,279,permuted_null,-0.17416856979449252
Crude_Protein,92,280,permuted_null,0.0559603178047513
Crude_Protein,92,281,permuted_null,-0.1732672497794411
Crude_Protein,92,282,permuted_null,-0.01388364712372141
Crude_Protein,92,283,permuted_null,-0.16481196322477673
Crude_Protein,92,284,permuted_null,0.02901756997054669
Crude_Protein,92,285,permuted_null,0.06479664784711851
Crude_Protein,92,286,permuted_null,-0.020925092031558692
Crude_Protein,92,287,permuted_null,0.019471970450663897
Crude_Protein,92,288,permuted_null,0.14663604964665214
Crude_Protein,92,289,permuted_null,0.016343217506030207
Crude_Protein,92,290,permuted_null,-0.049133865801089874
Crude_Protein,92,291,permuted_null,0.04857381180282603
Crude_Protein,92,292,permuted_null,-0.050665983741768145
Crude_Protein,92,293,permuted_null,-0.012330287706226163
Crude_Protein,92,294,permuted_null,-0.07531666667894579
Crude_Protein,92,295,permuted_null,0.06086730497064454
Crude_Protein,92,296,permuted_null,-0.04853986123829226
Crude_Protein,92,297,permuted_null,0.07904887591118062
Crude_Protein,92,298,permuted_null,0.1462557278064921
Crude_Protein,92,299,permuted_null,0.041695750155651655
Crude_Protein,92,300,permuted_null,0.06318319711674664
Crude_Protein,92,301,permuted_null,-0.11718006344489246
Crude_Protein,92,302,permuted_null,-0.039604452033837396
Crude_Protein,92,303,permuted_null,0.10788916029524086
Crude_Protein,92,304,permuted_null,-0.010291212237550851
Crude_Protein,92,305,permuted_null,0.00025512619127482025
Crude_Protein,92,306,permuted_null,0.00018787114669410743
Crude_Protein,92,307,permuted_null,-0.03536892683050491
Crude_Protein,92,308,permuted_null,-0.004392126021041189
Crude_Protein,92,309,permuted_null,-0.00312553619350784
Crude_Protein,92,310,permuted_null,0.0871472069471613
Crude_Protein,92,311,permuted_null,0.025302156209611695
Crude_Protein,92,312,permuted_null,0.13416713365338556
Crude_Protein,92,313,permuted_null,-0.06956935974957895
Crude_Protein,92,314,permuted_null,-0.10105515782448163
Crude_Protein,92,315,permuted_null,-0.13180308153940934
Crude_Protein,92,316,permuted_null,-0.06510568808331768
Crude_Protein,92,317,permuted_null,0.03147609576408206
Crude_Protein,92,318,permuted_null,-0.002218959915009505
Crude_Protein,92,319,permuted_null,0.0434663197587354
Crude_Protein,92,320,permuted_null,-0.005894208166661422
Crude_Protein,92,321,permuted_null,0.13555603199844166
Crude_Protein,92,322,permuted_null,0.07417965594095885
Crude_Protein,92,323,permuted_null,-0.04552786580790034
Crude_Protein,92,324,permuted_null,-0.014213212042411112
Crude_Protein,92,325,permuted_null,-0.12192748292988081
Crude_Protein,92,326,permuted_null,0.11409322816749357
Crude_Protein,92,327,permuted_null,-0.16201988396653366
Crude_Protein,92,328,permuted_null,0.05579759338248221
Crude_Protein,92,329,permuted_null,-0.040198421240054565
Crude_Protein,92,330,permuted_null,0.028595664239993133
Crude_Protein,92,331,permuted_null,-0.0004160017591203491
Crude_Protein,92,332,permuted_null,0.04097065776740787
Crude_Protein,92,333,permuted_null,-0.06032597933128553
Crude_Protein,92,334,permuted_null,0.008118778090281949
Crude_Protein,92,335,permuted_null,-0.0180239720679911
Crude_Protein,92,336,permuted_null,-0.14835295147922253
Crude_Protein,92,337,permuted_null,0.015197380605297989
Crude_Protein,92,338,permuted_null,-0.0005930307007026951
Crude_Protein,92,339,permuted_null,-0.02800651623367633
Crude_Protein,92,340,permuted_null,-0.05858255577355745
Crude_Protein,92,341,permuted_null,0.019067749881281078
Crude_Protein,92,342,permuted_null,0.06445529535843629
Crude_Protein,92,343,permuted_null,0.001404471399263335
Crude_Protein,92,344,permuted_null,-0.10507234773496693
Crude_Protein,92,345,permuted_null,0.03211639995227948
Crude_Protein,92,346,permuted_null,-0.14088882387186244
Crude_Protein,92,347,permuted_null,-0.09827724697298855
Crude_Protein,92,348,permuted_null,0.09867299648764385
Crude_Protein,92,349,permuted_null,0.026778504227052816
Crude_Protein,92,350,permuted_null,0.044198847189739696
Crude_Protein,92,351,permuted_null,-0.01855608888799978
Crude_Protein,92,352,permuted_null,-0.05840874525060091
Crude_Protein,92,353,permuted_null,0.14469003726813462
Crude_Protein,92,354,permuted_null,-0.001993493952008039
Crude_Protein,92,355,permuted_null,0.0932665430877878
Crude_Protein,92,356,permuted_null,0.010513984526917666
Crude_Protein,92,357,permuted_null,0.07809831818947163
Crude_Protein,92,358,permuted_null,0.0940193654728668
Crude_Protein,92,359,permuted_null,0.035192559841613354
Crude_Protein,92,360,permuted_null,-0.029951702309713574
Crude_Protein,92,361,permuted_null,-0.006782899661910358
Crude_Protein,92,362,permuted_null,0.022985924457345753
Crude_Protein,92,363,permuted_null,0.09483156132163027
Crude_Protein,92,364,permuted_null,0.0041430726823623795
Crude_Protein,92,365,permuted_null,-0.08333414660501857
Crude_Protein,92,366,permuted_null,-0.0393745801900337
Crude_Protein,92,367,permuted_null,0.10346559259979218
Crude_Protein,92,368,permuted_null,0.029347915608258158
Crude_Protein,92,369,permuted_null,-0.12104223289548342
Crude_Protein,92,370,permuted_null,-0.12671431256027302
Crude_Protein,92,371,permuted_null,0.10293497935478804
Crude_Protein,92,372,permuted_null,-0.09221590071727878
Crude_Protein,92,373,permuted_null,-0.09234461281348327
Crude_Protein,92,374,permuted_null,-0.00359767919254278
Crude_Protein,92,375,permuted_null,-0.026540062592087577
Crude_Protein,92,376,permuted_null,-0.016395884930445567
Crude_Protein,92,377,permuted_null,-0.06265105625082312
Crude_Protein,92,378,permuted_null,0.1142181236939346
Crude_Protein,92,379,permuted_null,-0.24123485420997962
Crude_Protein,92,380,permuted_null,0.00399559288215422
Crude_Protein,92,381,permuted_null,0.002024020087392102
Crude_Protein,92,382,permuted_null,0.09313806210865916
Crude_Protein,92,383,permuted_null,0.020821596192550598
Crude_Protein,92,384,permuted_null,-0.00037202677390222975
Crude_Protein,92,385,permuted_null,0.02729098301062914
Crude_Protein,92,386,permuted_null,0.0004904008322151217
Crude_Protein,92,387,permuted_null,0.12469197721631511
Crude_Protein,92,388,permuted_null,-0.04552751737408568
Crude_Protein,92,389,permuted_null,0.03266778261091498
Crude_Protein,92,390,permuted_null,0.11820251106120658
Crude_Protein,92,391,permuted_null,-0.0048213094425684985
Crude_Protein,92,392,permuted_null,-0.09963944068533948
Crude_Protein,92,393,permuted_null,-0.03068143588989656
Crude_Protein,92,394,permuted_null,-0.13128402539970704
Crude_Protein,92,395,permuted_null,-0.02626694558940043
Crude_Protein,92,396,permuted_null,0.057946961299092714
Crude_Protein,92,397,permuted_null,0.008211379032274785
Crude_Protein,92,398,permuted_null,0.02639025801019719
Crude_Protein,92,399,permuted_null,-0.0303925622089925
Crude_Protein,92,400,permuted_null,-0.09915475075503934
Crude_Protein,92,401,permuted_null,0.07312491017556826
Crude_Protein,92,402,permuted_null,0.14419634549912577
Crude_Protein,92,403,permuted_null,0.05691179902355195
Crude_Protein,92,404,permuted_null,-0.000675158612145248
Crude_Protein,92,405,permuted_null,-0.012909811503232789
Crude_Protein,92,406,permuted_null,-0.0249516432621568
Crude_Protein,92,407,permuted_null,0.1067095942913398
Crude_Protein,92,408,permuted_null,-0.02970800045990229
Crude_Protein,92,409,permuted_null,-0.01795499136864838
Crude_Protein,92,410,permuted_null,-0.0012388366429078035
Crude_Protein,92,411,permuted_null,-0.050487528402906885
Crude_Protein,92,412,permuted_null,0.12245467511260727
Crude_Protein,92,413,permuted_null,-0.007096042391128959
Crude_Protein,92,414,permuted_null,-0.024478794522692998
Crude_Protein,92,415,permuted_null,-0.13886518665993838
Crude_Protein,92,416,permuted_null,0.09339030154477526
Crude_Protein,92,417,permuted_null,-0.09329589735145674
Crude_Protein,92,418,permuted_null,-0.003735959465732526
Crude_Protein,92,419,permuted_null,-0.06449210960323642
Crude_Protein,92,420,permuted_null,-0.16438102773922
Crude_Protein,92,421,permuted_null,-0.12114619575390409
Crude_Protein,92,422,permuted_null,-0.008148190047602921
Crude_Protein,92,423,permuted_null,0.020349178736585753
Crude_Protein,92,424,permuted_null,0.016382017017846685
Crude_Protein,92,425,permuted_null,0.07814173180564735
Crude_Protein,92,426,permuted_null,-0.12392911832562731
Crude_Protein,92,427,permuted_null,-0.12686341726622377
Crude_Protein,92,428,permuted_null,-0.0030340332191685776
Crude_Protein,92,429,permuted_null,0.1076009723600897
Crude_Protein,92,430,permuted_null,-0.009105122792140194
Crude_Protein,92,431,permuted_null,0.18038605288682596
Crude_Protein,92,432,permuted_null,-0.017716784673238208
Crude_Protein,92,433,permuted_null,0.0633150107424009
Crude_Protein,92,434,permuted_null,0.006430704871044468
Crude_Protein,92,435,permuted_null,0.1291599082400269
Crude_Protein,92,436,permuted_null,0.004327861154130416
Crude_Protein,92,437,permuted_null,0.005685822441580902
Crude_Protein,92,438,permuted_null,-0.13455051405480467
Crude_Protein,92,439,permuted_null,-0.04473648128859755
Crude_Protein,92,440,permuted_null,0.035041240202314465
Crude_Protein,92,441,permuted_null,0.05994470910849225
Crude_Protein,92,442,permuted_null,-0.04876237761409721
Crude_Protein,92,443,permuted_null,-0.0006193224610647405
Crude_Protein,92,444,permuted_null,-0.029988578582236247
Crude_Protein,92,445,permuted_null,0.0865213614968927
Crude_Protein,92,446,permuted_null,-0.05904535019576511
Crude_Protein,92,447,permuted_null,0.028305955632216984
Crude_Protein,92,448,permuted_null,0.06405413344319336
Crude_Protein,92,449,permuted_null,0.017332178258336682
Crude_Protein,92,450,permuted_null,0.03823793610622281
Crude_Protein,92,451,permuted_null,-0.14910225194729654
Crude_Protein,92,452,permuted_null,0.01143993795893971
Crude_Protein,92,453,permuted_null,-0.044252460861243556
Crude_Protein,92,454,permuted_null,0.12043042206934719
Crude_Protein,92,455,permuted_null,-0.04641960971218377
Crude_Protein,92,456,permuted_null,0.17419366603705336
Crude_Protein,92,457,permuted_null,0.1340995205977089
Crude_Protein,92,458,permuted_null,0.1481082922191832
Crude_Protein,92,459,permuted_null,-0.0036519901406038766
Crude_Protein,92,460,permuted_null,-0.1257178190448664
Crude_Protein,92,461,permuted_null,0.001736071489848466
Crude_Protein,92,462,permuted_null,-0.13180732133328948
Crude_Protein,92,463,permuted_null,-0.01380396020036663
Crude_Protein,92,464,permuted_null,-0.08190436661127119
Crude_Protein,92,465,permuted_null,-0.017703819104938727
Crude_Protein,92,466,permuted_null,-0.08482316133406251
Crude_Protein,92,467,permuted_null,-0.0016901646018604305
Crude_Protein,92,468,permuted_null,0.07374322551828265
Crude_Protein,92,469,permuted_null,0.015707400923436872
Crude_Protein,92,470,permuted_null,-0.009800506893243806
Crude_Protein,92,471,permuted_null,-0.07501280925401604
Crude_Protein,92,472,permuted_null,-0.019051639955146093
Crude_Protein,92,473,permuted_null,0.07925460089961703
Crude_Protein,92,474,permuted_null,0.15777749943033048
Crude_Protein,92,475,permuted_null,0.09037125261118834
Crude_Protein,92,476,permuted_null,0.023510959411368063
Crude_Protein,92,477,permuted_null,-0.15257609605192618
Crude_Protein,92,478,permuted_null,0.05607141776172282
Crude_Protein,92,479,permuted_null,0.15979225283929477
Crude_Protein,92,480,permuted_null,0.16943083906523712
Crude_Protein,92,481,permuted_null,0.06602163683875126
Crude_Protein,92,482,permuted_null,-0.10582634031306193
Crude_Protein,92,483,permuted_null,0.021370720310761905
Crude_Protein,92,484,permuted_null,-0.02579139917463516
Crude_Protein,92,485,permuted_null,0.07852023918125281
Crude_Protein,92,486,permuted_null,-0.0476294363288295
Crude_Protein,92,487,permuted_null,0.003238743580538786
Crude_Protein,92,488,permuted_null,-0.054319308331807314
Crude_Protein,92,489,permuted_null,-0.13463366690183426
Crude_Protein,92,490,permuted_null,-0.032286776726306775
Crude_Protein,92,491,permuted_null,0.003983457879809041
Crude_Protein,92,492,permuted_null,0.06595088361873067
Crude_Protein,92,493,permuted_null,-0.17217447821412263
Crude_Protein,92,494,permuted_null,-0.0863475785848232
Crude_Protein,92,495,permuted_null,-0.10369340247125308
Crude_Protein,92,496,permuted_null,-0.011060692842005865
Crude_Protein,92,497,permuted_null,-0.18148728640571488
Crude_Protein,92,498,permuted_null,-0.01906815490627843
Crude_Protein,92,499,permuted_null,0.1970891664195134
Crude_Protein,92,500,permuted_null,0.09002491055743997
Crude_Protein,92,501,permuted_null,0.10965215782183624
Crude_Protein,92,502,permuted_null,-0.06218403624251784
Crude_Protein,92,503,permuted_null,0.06243710014171207
Crude_Protein,92,504,permuted_null,-0.18044793677006227
Crude_Protein,92,505,permuted_null,0.03861505072188345
Crude_Protein,92,506,permuted_null,0.006565742730335734
Crude_Protein,92,507,permuted_null,-0.018854991656742467
Crude_Protein,92,508,permuted_null,-0.03653309435247167
Crude_Protein,92,509,permuted_null,-0.014587790884000511
Crude_Protein,92,510,permuted_null,-0.03925812957992758
Crude_Protein,92,511,permuted_null,-0.06236419300538981
Crude_Protein,92,512,permuted_null,-0.09755266647438571
Crude_Protein,92,513,permuted_null,0.014784658461417403
Crude_Protein,92,514,permuted_null,-0.07376495926293625
Crude_Protein,92,515,permuted_null,-0.007961935395223985
Crude_Protein,92,516,permuted_null,0.012815246442939035
Crude_Protein,92,517,permuted_null,0.04559948600203047
Crude_Protein,92,518,permuted_null,-0.030745238810269852
Crude_Protein,92,519,permuted_null,0.017227920908931865
Crude_Protein,92,520,permuted_null,-0.08482447502677586
Crude_Protein,92,521,permuted_null,0.03484930556697648
Crude_Protein,92,522,permuted_null,-0.18141216787991257
Crude_Protein,92,523,permuted_null,0.13178613481841908
Crude_Protein,92,524,permuted_null,-0.060552462400207424
Crude_Protein,92,525,permuted_null,-0.019744822115850477
Crude_Protein,92,526,permuted_null,-0.06902234112608024
Crude_Protein,92,527,permuted_null,0.007399476996660388
Crude_Protein,92,528,permuted_null,0.10349331382215013
Crude_Protein,92,529,permuted_null,-0.060828309357990114
Crude_Protein,92,530,permuted_null,-0.05795024241879237
Crude_Protein,92,531,permuted_null,-0.0686935869657429
Crude_Protein,92,532,permuted_null,0.040761641213830475
Crude_Protein,92,533,permuted_null,-0.048884364522822556
Crude_Protein,92,534,permuted_null,-0.12902064751483958
Crude_Protein,92,535,permuted_null,0.03485009175156055
Crude_Protein,92,536,permuted_null,-0.0824011466133341
Crude_Protein,92,537,permuted_null,0.014360851778501405
Crude_Protein,92,538,permuted_null,0.05588689542594936
Crude_Protein,92,539,permuted_null,-0.125728066351653
Crude_Protein,92,540,permuted_null,0.04368166873643289
Crude_Protein,92,541,permuted_null,-0.04653443246344737
Crude_Protein,92,542,permuted_null,0.09446811141886319
Crude_Protein,92,543,permuted_null,0.09125718916867415
Crude_Protein,92,544,permuted_null,0.045698327387919874
Crude_Protein,92,545,permuted_null,-0.09685726926240229
Crude_Protein,92,546,permuted_null,-0.10817819573532121
Crude_Protein,92,547,permuted_null,0.055128300665296254
Crude_Protein,92,548,permuted_null,0.06548275709494689
Crude_Protein,92,549,permuted_null,0.049387857314064684
Crude_Protein,92,550,permuted_null,0.033990434987181725
Crude_Protein,92,551,permuted_null,0.017367800760272945
Crude_Protein,92,552,permuted_null,-0.024187603981822473
Crude_Protein,92,553,permuted_null,0.02685635741489666
Crude_Protein,92,554,permuted_null,-0.04265720819980234
Crude_Protein,92,555,permuted_null,0.07648203442637619
Crude_Protein,92,556,permuted_null,0.05028570039026229
Crude_Protein,92,557,permuted_null,0.11453765552095198
Crude_Protein,92,558,permuted_null,-0.0408886577326678
Crude_Protein,92,559,permuted_null,0.004587565010872173
Crude_Protein,92,560,permuted_null,-0.058110466583655845
Crude_Protein,92,561,permuted_null,0.08767098290485408
Crude_Protein,92,562,permuted_null,0.019504969598335115
Crude_Protein,92,563,permuted_null,-0.10199310220400554
Crude_Protein,92,564,permuted_null,0.020677075335087523
Crude_Protein,92,565,permuted_null,0.19367138702868272
Crude_Protein,92,566,permuted_null,-0.06491792077763169
Crude_Protein,92,567,permuted_null,-0.051539463041728004
Crude_Protein,92,568,permuted_null,0.06393599082520511
Crude_Protein,92,569,permuted_null,0.06246217594098663
Crude_Protein,92,570,permuted_null,-0.1011366284030001
Crude_Protein,92,571,permuted_null,-0.02335138096406955
Crude_Protein,92,572,permuted_null,-0.08368872002760347
Crude_Protein,92,573,permuted_null,-0.1242700655470359
Crude_Protein,92,574,permuted_null,-0.05328013754060896
Crude_Protein,92,575,permuted_null,-0.08018396933046701
Crude_Protein,92,576,permuted_null,-0.00821019166414716
Crude_Protein,92,577,permuted_null,0.02380683281395503
Crude_Protein,92,578,permuted_null,0.05317280296910134
Crude_Protein,92,579,permuted_null,-0.05271619332795259
Crude_Protein,92,580,permuted_null,-0.1707742635282056
Crude_Protein,92,581,permuted_null,0.04471824265422962
Crude_Protein,92,582,permuted_null,-0.0432790244843374
Crude_Protein,92,583,permuted_null,-0.0605135604946411
Crude_Protein,92,584,permuted_null,0.01921664008123257
Crude_Protein,92,585,permuted_null,-0.04099039734787388
Crude_Protein,92,586,permuted_null,0.017550668567823287
Crude_Protein,92,587,permuted_null,-0.010649382295269433
Crude_Protein,92,588,permuted_null,0.044004020423052355
Crude_Protein,92,589,permuted_null,0.08283379775698298
Crude_Protein,92,590,permuted_null,-0.01099139605476283
Crude_Protein,92,591,permuted_null,0.07595238476197051
Crude_Protein,92,592,permuted_null,0.050108071056934045
Crude_Protein,92,593,permuted_null,0.03962457232569175
Crude_Protein,92,594,permuted_null,-0.2180618658224494
Crude_Protein,92,595,permuted_null,-0.09644153702379962
Crude_Protein,92,596,permuted_null,0.01626314860965283
Crude_Protein,92,597,permuted_null,0.03172303028222294
Crude_Protein,92,598,permuted_null,0.0583984978783285
Crude_Protein,92,599,permuted_null,-0.03249703648562856
Crude_Protein,92,600,permuted_null,-0.01524759241254163
Crude_Protein,92,601,permuted_null,0.0013277902589414747
Crude_Protein,92,602,permuted_null,0.12336712851353365
Crude_Protein,92,603,permuted_null,-0.12353770705017014
Crude_Protein,92,604,permuted_null,0.09546160190851037
Crude_Protein,92,605,permuted_null,0.03834422257817452
Crude_Protein,92,606,permuted_null,0.08305640361271646
Crude_Protein,92,607,permuted_null,-0.007602330602729038
Crude_Protein,92,608,permuted_null,0.07909508408036277
Crude_Protein,92,609,permuted_null,0.039295498415801274
Crude_Protein,92,610,permuted_null,0.020165687966104184
Crude_Protein,92,611,permuted_null,0.01701999367018181
Crude_Protein,92,612,permuted_null,-0.03565063694206365
Crude_Protein,92,613,permuted_null,0.010610176995640277
Crude_Protein,92,614,permuted_null,0.06781534359449137
Crude_Protein,92,615,permuted_null,0.05347254278542037
Crude_Protein,92,616,permuted_null,-0.10420732419846936
Crude_Protein,92,617,permuted_null,-0.048815006601081665
Crude_Protein,92,618,permuted_null,0.009250119468193154
Crude_Protein,92,619,permuted_null,0.12140749150821882
Crude_Protein,92,620,permuted_null,-0.0630495924035931
Crude_Protein,92,621,permuted_null,-0.016180261486320506
Crude_Protein,92,622,permuted_null,0.02359129894105074
Crude_Protein,92,623,permuted_null,-0.023053899756186633
Crude_Protein,92,624,permuted_null,0.14675443671787242
Crude_Protein,92,625,permuted_null,-0.09930089804864561
Crude_Protein,92,626,permuted_null,-0.00036711660332910956
Crude_Protein,92,627,permuted_null,-0.04038973972090154
Crude_Protein,92,628,permuted_null,0.0037108125073201936
Crude_Protein,92,629,permuted_null,0.09259530166103992
Crude_Protein,92,630,permuted_null,-0.01164667586140851
Crude_Protein,92,631,permuted_null,-0.01813671514683488
Crude_Protein,92,632,permuted_null,-0.01938067002355468
Crude_Protein,92,633,permuted_null,-0.13049954144357345
Crude_Protein,92,634,permuted_null,-0.004355758871418293
Crude_Protein,92,635,permuted_null,-0.09395498772861284
Crude_Protein,92,636,permuted_null,0.058569224306022356
Crude_Protein,92,637,permuted_null,0.033931864661260386
Crude_Protein,92,638,permuted_null,0.0037192645955895012
Crude_Protein,92,639,permuted_null,-0.06306305268435003
Crude_Protein,92,640,permuted_null,-0.0014397333423719454
Crude_Protein,92,641,permuted_null,0.012616004794669372
Crude_Protein,92,642,permuted_null,0.052195839537929195
Crude_Protein,92,643,permuted_null,0.026344245649436493
Crude_Protein,92,644,permuted_null,0.05855525495645555
Crude_Protein,92,645,permuted_null,0.01687951285861139
Crude_Protein,92,646,permuted_null,-0.017748135648509224
Crude_Protein,92,647,permuted_null,-0.013138510949590246
Crude_Protein,92,648,permuted_null,-0.1793698150307683
Crude_Protein,92,649,permuted_null,0.040786923170545185
Crude_Protein,92,650,permuted_null,0.030046045146263516
Crude_Protein,92,651,permuted_null,0.06639433037922832
Crude_Protein,92,652,permuted_null,0.010385829248654173
Crude_Protein,92,653,permuted_null,-0.12005204694649699
Crude_Protein,92,654,permuted_null,-0.00719912170378454
Crude_Protein,92,655,permuted_null,0.04267210644441875
Crude_Protein,92,656,permuted_null,0.061229625542593674
Crude_Protein,92,657,permuted_null,-0.05796678791056381
Crude_Protein,92,658,permuted_null,-0.13100134157026164
Crude_Protein,92,659,permuted_null,-0.028833897913060708
Crude_Protein,92,660,permuted_null,-0.07389881752141192
Crude_Protein,92,661,permuted_null,0.0124459139193236
Crude_Protein,92,662,permuted_null,-0.012088666608576763
Crude_Protein,92,663,permuted_null,-0.06918955862772638
Crude_Protein,92,664,permuted_null,0.013583043635292034
Crude_Protein,92,665,permuted_null,-0.007551286021029641
Crude_Protein,92,666,permuted_null,-0.014890524048869282
Crude_Protein,92,667,permuted_null,0.04715686462826492
Crude_Protein,92,668,permuted_null,-0.026795332166802993
Crude_Protein,92,669,permuted_null,0.0034585110233180776
Crude_Protein,92,670,permuted_null,-0.019503100498044733
Crude_Protein,92,671,permuted_null,-0.005041581896349713
Crude_Protein,92,672,permuted_null,-0.09152300439519234
Crude_Protein,92,673,permuted_null,0.061094434412313964
Crude_Protein,92,674,permuted_null,0.010620290532547063
Crude_Protein,92,675,permuted_null,0.07358666016115528
Crude_Protein,92,676,permuted_null,0.15570733728740632
Crude_Protein,92,677,permuted_null,0.02065558100487476
Crude_Protein,92,678,permuted_null,-0.0881296659523619
Crude_Protein,92,679,permuted_null,0.017358108939085945
Crude_Protein,92,680,permuted_null,0.09429750116060105
Crude_Protein,92,681,permuted_null,-0.0433655774725524
Crude_Protein,92,682,permuted_null,0.08964170919339866
Crude_Protein,92,683,permuted_null,-0.05463321011999104
Crude_Protein,92,684,permuted_null,0.027210015372277394
Crude_Protein,92,685,permuted_null,-0.08110877626834073
Crude_Protein,92,686,permuted_null,-0.01961054586295958
Crude_Protein,92,687,permuted_null,0.06517326104600857
Crude_Protein,92,688,permuted_null,0.0754214932683581
Crude_Protein,92,689,permuted_null,-0.0220151124958535
Crude_Protein,92,690,permuted_null,0.015203706386754133
Crude_Protein,92,691,permuted_null,0.015096073385928669
Crude_Protein,92,692,permuted_null,-0.034137430193411866
Crude_Protein,92,693,permuted_null,-0.06510136572927958
Crude_Protein,92,694,permuted_null,-0.051379464407601216
Crude_Protein,92,695,permuted_null,-0.08795386517130074
Crude_Protein,92,696,permuted_null,0.04482455265586957
Crude_Protein,92,697,permuted_null,0.020965280964344732
Crude_Protein,92,698,permuted_null,-0.1261478686651779
Crude_Protein,92,699,permuted_null,-0.07726140795830526
Crude_Protein,92,700,permuted_null,-0.012424201083970493
Crude_Protein,92,701,permuted_null,-0.18814629184055992
Crude_Protein,92,702,permuted_null,0.03522680356658732
Crude_Protein,92,703,permuted_null,0.0781306018076044
Crude_Protein,92,704,permuted_null,-0.10314631043245029
Crude_Protein,92,705,permuted_null,0.0012891597744391359
Crude_Protein,92,706,permuted_null,0.1545477595316406
Crude_Protein,92,707,permuted_null,-0.002166679281123702
Crude_Protein,92,708,permuted_null,-0.1342662824210171
Crude_Protein,92,709,permuted_null,-0.07792649515590916
Crude_Protein,92,710,permuted_null,0.029842121953436482
Crude_Protein,92,711,permuted_null,-0.023862270041853678
Crude_Protein,92,712,permuted_null,0.031619725517373805
Crude_Protein,92,713,permuted_null,0.030138825603507422
Crude_Protein,92,714,permuted_null,-0.06201660990377193
Crude_Protein,92,715,permuted_null,0.051388494240451624
Crude_Protein,92,716,permuted_null,-0.00665968631785553
Crude_Protein,92,717,permuted_null,-0.0995583041342654
Crude_Protein,92,718,permuted_null,0.015143813260363258
Crude_Protein,92,719,permuted_null,0.0321645527075307
Crude_Protein,92,720,permuted_null,-0.021859304665468426
Crude_Protein,92,721,permuted_null,-0.000845506344388151
Crude_Protein,92,722,permuted_null,0.022422108402155402
Crude_Protein,92,723,permuted_null,-0.07703519330383976
Crude_Protein,92,724,permuted_null,0.09844839955463545
Crude_Protein,92,725,permuted_null,-0.009346564027703003
Crude_Protein,92,726,permuted_null,0.0043269143342125616
Crude_Protein,92,727,permuted_null,0.04251946658670513
Crude_Protein,92,728,permuted_null,0.0006932525101796573
Crude_Protein,92,729,permuted_null,0.1098267433984455
Crude_Protein,92,730,permuted_null,0.07891291264648548
Crude_Protein,92,731,permuted_null,0.017406821041457462
Crude_Protein,92,732,permuted_null,-0.05461941719175301
Crude_Protein,92,733,permuted_null,0.08486987657602552
Crude_Protein,92,734,permuted_null,-0.08231010016588733
Crude_Protein,92,735,permuted_null,0.0153865312108451
Crude_Protein,92,736,permuted_null,0.10298682745705405
Crude_Protein,92,737,permuted_null,-0.058766723839044674
Crude_Protein,92,738,permuted_null,-0.025826496519654962
Crude_Protein,92,739,permuted_null,0.09403880660731026
Crude_Protein,92,740,permuted_null,-0.04920183651462878
Crude_Protein,92,741,permuted_null,0.12290077292185547
Crude_Protein,92,742,permuted_null,-0.040689911163950036
Crude_Protein,92,743,permuted_null,0.13931678529776148
Crude_Protein,92,744,permuted_null,-0.028139940897667033
Crude_Protein,92,745,permuted_null,0.08284800230497524
Crude_Protein,92,746,permuted_null,-0.08884607665116351
Crude_Protein,92,747,permuted_null,0.0911934502679289
Crude_Protein,92,748,permuted_null,0.03656594741728569
Crude_Protein,92,749,permuted_null,0.13132235656459196
Crude_Protein,92,750,permuted_null,-0.06669943418990673
Crude_Protein,92,751,permuted_null,-0.08934432779600973
Crude_Protein,92,752,permuted_null,0.1204259093143242
Crude_Protein,92,753,permuted_null,-0.028886150045861834
Crude_Protein,92,754,permuted_null,-0.08201350574075601
Crude_Protein,92,755,permuted_null,-0.049138634459633505
Crude_Protein,92,756,permuted_null,0.09882472037694645
Crude_Protein,92,757,permuted_null,0.0077081906254230816
Crude_Protein,92,758,permuted_null,-0.09719534402148194
Crude_Protein,92,759,permuted_null,0.01641358173616614
Crude_Protein,92,760,permuted_null,0.023471171811078363
Crude_Protein,92,761,permuted_null,-0.10459921056872079
Crude_Protein,92,762,permuted_null,0.08357757882698515
Crude_Protein,92,763,permuted_null,0.09138192386130671
Crude_Protein,92,764,permuted_null,-0.06355271580288817
Crude_Protein,92,765,permuted_null,0.05988050403036334
Crude_Protein,92,766,permuted_null,-0.1154141379665074
Crude_Protein,92,767,permuted_null,0.06005475709768354
Crude_Protein,92,768,permuted_null,0.008841083012772952
Crude_Protein,92,769,permuted_null,-0.006272749137062356
Crude_Protein,92,770,permuted_null,-0.11364408511712466
Crude_Protein,92,771,permuted_null,0.0843491576110378
Crude_Protein,92,772,permuted_null,0.13693335680182697
Crude_Protein,92,773,permuted_null,-0.003759786508716223
Crude_Protein,92,774,permuted_null,0.023919169371325225
Crude_Protein,92,775,permuted_null,0.07112768779700873
Crude_Protein,92,776,permuted_null,-0.08269310952459899
Crude_Protein,92,777,permuted_null,0.020092079163234258
Crude_Protein,92,778,permuted_null,-0.04765528231860122
Crude_Protein,92,779,permuted_null,-0.08369350831309631
Crude_Protein,92,780,permuted_null,-0.050702899484220174
Crude_Protein,92,781,permuted_null,0.10334573154211828
Crude_Protein,92,782,permuted_null,-0.08389813201495668
Crude_Protein,92,783,permuted_null,-0.04892023139198348
Crude_Protein,92,784,permuted_null,0.006288005051162782
Crude_Protein,92,785,permuted_null,0.011085371773099024
Crude_Protein,92,786,permuted_null,0.045203382508821804
Crude_Protein,92,787,permuted_null,0.10505095918156532
Crude_Protein,92,788,permuted_null,0.007913832686454063
Crude_Protein,92,789,permuted_null,-0.06521763756356314
Crude_Protein,92,790,permuted_null,0.02414529827197481
Crude_Protein,92,791,permuted_null,0.008971234010484712
Crude_Protein,92,792,permuted_null,0.046822221690302285
Crude_Protein,92,793,permuted_null,0.025450783094559584
Crude_Protein,92,794,permuted_null,-0.031844894955264234
Crude_Protein,92,795,permuted_null,-0.016154701327581962
Crude_Protein,92,796,permuted_null,-0.08249970604296969
Crude_Protein,92,797,permuted_null,0.06781906972963243
Crude_Protein,92,798,permuted_null,-0.06419246171008619
Crude_Protein,92,799,permuted_null,0.07633702902999569
Crude_Protein,92,800,permuted_null,-0.0714189899843315
Crude_Protein,92,801,permuted_null,0.08454129308648159
Crude_Protein,92,802,permuted_null,-0.11092681780328914
Crude_Protein,92,803,permuted_null,0.014448419701234916
Crude_Protein,92,804,permuted_null,-0.009923509082674684
Crude_Protein,92,805,permuted_null,-0.01673629591253452
Crude_Protein,92,806,permuted_null,-0.0537767193319189
Crude_Protein,92,807,permuted_null,-0.039139756511978374
Crude_Protein,92,808,permuted_null,-0.20986876945319233
Crude_Protein,92,809,permuted_null,-0.03104749521624814
Crude_Protein,92,810,permuted_null,0.06483877229029054
Crude_Protein,92,811,permuted_null,-0.1119998780285653
Crude_Protein,92,812,permuted_null,-0.0156977992734754
Crude_Protein,92,813,permuted_null,0.07054667692981018
Crude_Protein,92,814,permuted_null,0.04805778612549009
Crude_Protein,92,815,permuted_null,-0.09975502265781189
Crude_Protein,92,816,permuted_null,-0.031063697770324222
Crude_Protein,92,817,permuted_null,-0.0010335631325648596
Crude_Protein,92,818,permuted_null,0.0687784839133446
Crude_Protein,92,819,permuted_null,0.013726069322733458
Crude_Protein,92,820,permuted_null,-0.011455689688902074
Crude_Protein,92,821,permuted_null,-0.01191635550562756
Crude_Protein,92,822,permuted_null,-0.09459894940488553
Crude_Protein,92,823,permuted_null,0.0006219853753779651
Crude_Protein,92,824,permuted_null,-0.029059818968062853
Crude_Protein,92,825,permuted_null,-0.14562225641305354
Crude_Protein,92,826,permuted_null,-0.038367932974413356
Crude_Protein,92,827,permuted_null,0.031753961604770536
Crude_Protein,92,828,permuted_null,-0.08157058759974131
Crude_Protein,92,829,permuted_null,0.04069354886920388
Crude_Protein,92,830,permuted_null,-0.10534107926943731
Crude_Protein,92,831,permuted_null,-0.003936197450348535
Crude_Protein,92,832,permuted_null,-0.0535918798487042
Crude_Protein,92,833,permuted_null,0.09258300365938746
Crude_Protein,92,834,permuted_null,-0.040659478603070134
Crude_Protein,92,835,permuted_null,0.14320336735829467
Crude_Protein,92,836,permuted_null,-0.008399970651189446
Crude_Protein,92,837,permuted_null,0.06688406920272005
Crude_Protein,92,838,permuted_null,-0.13025154411150966
Crude_Protein,92,839,permuted_null,0.017636694411322526
Crude_Protein,92,840,permuted_null,-0.09921324315129154
Crude_Protein,92,841,permuted_null,-0.00895043937203413
Crude_Protein,92,842,permuted_null,0.07416943890354413
Crude_Protein,92,843,permuted_null,0.06205830254917291
Crude_Protein,92,844,permuted_null,0.05003048962100027
Crude_Protein,92,845,permuted_null,0.030474962983441777
Crude_Protein,92,846,permuted_null,0.16532604767895095
Crude_Protein,92,847,permuted_null,-0.014262740855257056
Crude_Protein,92,848,permuted_null,-0.04795544592987708
Crude_Protein,92,849,permuted_null,0.005736762353791759
Crude_Protein,92,850,permuted_null,0.021696224099003777
Crude_Protein,92,851,permuted_null,-0.02412980497823597
Crude_Protein,92,852,permuted_null,-0.028962971037392593
Crude_Protein,92,853,permuted_null,0.013613485215933006
Crude_Protein,92,854,permuted_null,0.004550734817794985
Crude_Protein,92,855,permuted_null,-0.07717379910495908
Crude_Protein,92,856,permuted_null,-0.017395338587483548
Crude_Protein,92,857,permuted_null,0.028860191958150663
Crude_Protein,92,858,permuted_null,0.09782431237997696
Crude_Protein,92,859,permuted_null,-0.08387829569437369
Crude_Protein,92,860,permuted_null,-0.033847027516927225
Crude_Protein,92,861,permuted_null,0.0896316961377844
Crude_Protein,92,862,permuted_null,0.0648137985035629
Crude_Protein,92,863,permuted_null,0.10318725085333366
Crude_Protein,92,864,permuted_null,-0.03575904841043438
Crude_Protein,92,865,permuted_null,0.06311492661285509
Crude_Protein,92,866,permuted_null,-0.024310017085601626
Crude_Protein,92,867,permuted_null,0.030762788577008746
Crude_Protein,92,868,permuted_null,0.026430430623995152
Crude_Protein,92,869,permuted_null,0.052335543176897086
Crude_Protein,92,870,permuted_null,0.012253749245607123
Crude_Protein,92,871,permuted_null,0.03558078970119404
Crude_Protein,92,872,permuted_null,0.03098122664221091
Crude_Protein,92,873,permuted_null,-0.003404419171831985
Crude_Protein,92,874,permuted_null,0.01938473409385133
Crude_Protein,92,875,permuted_null,-0.09714962799455847
Crude_Protein,92,876,permuted_null,-0.010007493004233039
Crude_Protein,92,877,permuted_null,0.06515288770216564
Crude_Protein,92,878,permuted_null,-0.01574663800137932
Crude_Protein,92,879,permuted_null,-0.11199108052669218
Crude_Protein,92,880,permuted_null,-0.07841281927730415
Crude_Protein,92,881,permuted_null,-0.12031320203071415
Crude_Protein,92,882,permuted_null,0.09186923640347545
Crude_Protein,92,883,permuted_null,0.17307583314384314
Crude_Protein,92,884,permuted_null,0.010661446203879469
Crude_Protein,92,885,permuted_null,-0.13716670806185166
Crude_Protein,92,886,permuted_null,-0.004902009445035695
Crude_Protein,92,887,permuted_null,0.07887569162505836
Crude_Protein,92,888,permuted_null,0.0536295287430625
Crude_Protein,92,889,permuted_null,0.059219370367650466
Crude_Protein,92,890,permuted_null,0.06354670252844179
Crude_Protein,92,891,permuted_null,0.018295482540300244
Crude_Protein,92,892,permuted_null,0.046566943313543024
Crude_Protein,92,893,permuted_null,-0.027804696033202764
Crude_Protein,92,894,permuted_null,0.012768516339676265
Crude_Protein,92,895,permuted_null,-0.018922068971880614
Crude_Protein,92,896,permuted_null,0.11133948225530027
Crude_Protein,92,897,permuted_null,-0.036243066335074244
Crude_Protein,92,898,permuted_null,-0.00919935498552528
Crude_Protein,92,899,permuted_null,0.16632870313797166
Crude_Protein,92,900,permuted_null,0.07863836306200409
Crude_Protein,92,901,permuted_null,-0.03090014103419098
Crude_Protein,92,902,permuted_null,-0.030809689665802956
Crude_Protein,92,903,permuted_null,0.010145039747648923
Crude_Protein,92,904,permuted_null,-0.023827080247999927
Crude_Protein,92,905,permuted_null,0.02487270405504588
Crude_Protein,92,906,permuted_null,-0.07208931977430397
Crude_Protein,92,907,permuted_null,0.013164165631069369
Crude_Protein,92,908,permuted_null,-0.0452512464854107
Crude_Protein,92,909,permuted_null,-0.10499358483259377
Crude_Protein,92,910,permuted_null,0.03521363770785773
Crude_Protein,92,911,permuted_null,0.029418064458823313
Crude_Protein,92,912,permuted_null,-0.09550695262011032
Crude_Protein,92,913,permuted_null,0.061627555954621306
Crude_Protein,92,914,permuted_null,-0.012917118818909154
Crude_Protein,92,915,permuted_null,-0.060154979420924674
Crude_Protein,92,916,permuted_null,0.13914681377890242
Crude_Protein,92,917,permuted_null,0.06787186719000649
Crude_Protein,92,918,permuted_null,0.04848287717356926
Crude_Protein,92,919,permuted_null,-0.026089956964248852
Crude_Protein,92,920,permuted_null,-0.20330981884942628
Crude_Protein,92,921,permuted_null,0.02072211678259938
Crude_Protein,92,922,permuted_null,-0.04995182212893999
Crude_Protein,92,923,permuted_null,0.038869264094896966
Crude_Protein,92,924,permuted_null,-0.15691676828106166
Crude_Protein,92,925,permuted_null,0.042448158969949384
Crude_Protein,92,926,permuted_null,-0.06782013581921159
Crude_Protein,92,927,permuted_null,-0.17077738613037244
Crude_Protein,92,928,permuted_null,-0.030494533551768337
Crude_Protein,92,929,permuted_null,-0.011896369819190455
Crude_Protein,92,930,permuted_null,0.0474448227623451
Crude_Protein,92,931,permuted_null,-0.04594806798109672
Crude_Protein,92,932,permuted_null,-0.027704518796701515
Crude_Protein,92,933,permuted_null,-0.043837973317432666
Crude_Protein,92,934,permuted_null,-0.2025693926034691
Crude_Protein,92,935,permuted_null,-0.13187585098459512
Crude_Protein,92,936,permuted_null,0.003815020977156521
Crude_Protein,92,937,permuted_null,-0.014472845413268626
Crude_Protein,92,938,permuted_null,-0.14848718558953608
Crude_Protein,92,939,permuted_null,-0.03132473504801107
Crude_Protein,92,940,permuted_null,0.05511321257787849
Crude_Protein,92,941,permuted_null,0.03701234635108617
Crude_Protein,92,942,permuted_null,0.00033381256927442204
Crude_Protein,92,943,permuted_null,0.08681719998416758
Crude_Protein,92,944,permuted_null,-0.12888754889086182
Crude_Protein,92,945,permuted_null,0.02700366576831724
Crude_Protein,92,946,permuted_null,-0.03479248206265753
Crude_Protein,92,947,permuted_null,0.025984864910163205
Crude_Protein,92,948,permuted_null,0.06556692713637559
Crude_Protein,92,949,permuted_null,0.09647566129633224
Crude_Protein,92,950,permuted_null,0.12880052851215518
Crude_Protein,92,951,permuted_null,-0.09827089036346737
Crude_Protein,92,952,permuted_null,0.08937042495341094
Crude_Protein,92,953,permuted_null,0.07988999359753299
Crude_Protein,92,954,permuted_null,0.13573744574275248
Crude_Protein,92,955,permuted_null,-0.0056376129017271515
Crude_Protein,92,956,permuted_null,-0.15441916290745028
Crude_Protein,92,957,permuted_null,0.07366202196972432
Crude_Protein,92,958,permuted_null,0.08391189191851155
Crude_Protein,92,959,permuted_null,0.04802633201608113
Crude_Protein,92,960,permuted_null,0.0718358591066661
Crude_Protein,92,961,permuted_null,0.04269369846104559
Crude_Protein,92,962,permuted_null,0.11173039375701743
Crude_Protein,92,963,permuted_null,-0.07381277764703903
Crude_Protein,92,964,permuted_null,0.0875300353920965
Crude_Protein,92,965,permuted_null,-0.16044400387634467
Crude_Protein,92,966,permuted_null,-0.11644477578674806
Crude_Protein,92,967,permuted_null,0.19054841525158814
Crude_Protein,92,968,permuted_null,-0.03251690236313769
Crude_Protein,92,969,permuted_null,-0.0217650726668317
Crude_Protein,92,970,permuted_null,-0.012243371629147445
Crude_Protein,92,971,permuted_null,0.0955312081660071
Crude_Protein,92,972,permuted_null,0.03800862547762582
Crude_Protein,92,973,permuted_null,-0.07707424540814153
Crude_Protein,92,974,permuted_null,0.06473648864099803
Crude_Protein,92,975,permuted_null,-0.035086933315405716
Crude_Protein,92,976,permuted_null,0.03656680665978786
Crude_Protein,92,977,permuted_null,0.009055745082828387
Crude_Protein,92,978,permuted_null,-0.1289286725860607
Crude_Protein,92,979,permuted_null,-0.11475546938732774
Crude_Protein,92,980,permuted_null,-0.11749964305470731
Crude_Protein,92,981,permuted_null,-0.10276297217390838
Crude_Protein,92,982,permuted_null,-0.0581319214217071
Crude_Protein,92,983,permuted_null,0.008431345070596796
Crude_Protein,92,984,permuted_null,-0.040266726511072826
Crude_Protein,92,985,permuted_null,-0.02896221742709118
Crude_Protein,92,986,permuted_null,-0.03483638829479482
Crude_Protein,92,987,permuted_null,-0.116743497063831
Crude_Protein,92,988,permuted_null,0.0033921519628249963
Crude_Protein,92,989,permuted_null,-0.08386570239445124
Crude_Protein,92,990,permuted_null,0.1044332522559357
Crude_Protein,92,991,permuted_null,0.10672772050328666
Crude_Protein,92,992,permuted_null,-0.06038000865895715
Crude_Protein,92,993,permuted_null,0.05213233523303625
Crude_Protein,92,994,permuted_null,-0.07391517050488623
Crude_Protein,92,995,permuted_null,0.039446385654265975
Crude_Protein,92,996,permuted_null,0.023185687091310542
Crude_Protein,92,997,permuted_null,-0.14315097577321437
Crude_Protein,92,998,permuted_null,0.02175081955799607
Crude_Protein,92,999,permuted_null,-0.05967844538735905
Total_Oxalate,41,0,observed,0.25030982147617836
Total_Oxalate,41,1,observed,0.13241998847315473
Total_Oxalate,41,2,observed,0.2132398951359566
Total_Oxalate,41,3,observed,0.2322972390342381
Total_Oxalate,41,4,observed,0.14506128721116432
Total_Oxalate,41,5,observed,0.31087609599042937
Total_Oxalate,41,6,observed,0.2570461821626687
Total_Oxalate,41,7,observed,0.1810785979943721
Total_Oxalate,41,8,observed,0.2563064425201133
Total_Oxalate,41,9,observed,0.2709567393520963
Total_Oxalate,41,10,observed,0.23436118712297394
Total_Oxalate,41,11,observed,0.16704388149043392
Total_Oxalate,41,12,observed,0.16751137289517587
Total_Oxalate,41,13,observed,0.12839962139118158
Total_Oxalate,41,14,observed,0.21960225558666308
Total_Oxalate,41,15,observed,0.1996736847735124
Total_Oxalate,41,16,observed,0.149512180464001
Total_Oxalate,41,17,observed,0.2548815065912912
Total_Oxalate,41,18,observed,0.1878422702809262
Total_Oxalate,41,19,observed,0.1630836782745163
Total_Oxalate,41,20,observed,0.28798321880268196
Total_Oxalate,41,21,observed,0.39734219686508276
Total_Oxalate,41,22,observed,0.2636396871681686
Total_Oxalate,41,23,observed,0.4186751835262947
Total_Oxalate,41,24,observed,0.2919081195266431
Total_Oxalate,41,25,observed,0.2698968669606654
Total_Oxalate,41,26,observed,0.1429357354489805
Total_Oxalate,41,27,observed,0.15870193478304395
Total_Oxalate,41,28,observed,0.2852028253096532
Total_Oxalate,41,29,observed,0.2666297562487254
Total_Oxalate,41,30,observed,0.3305110100897186
Total_Oxalate,41,31,observed,0.2648630040199297
Total_Oxalate,41,32,observed,0.2509671211284117
Total_Oxalate,41,33,observed,0.19213857312722682
Total_Oxalate,41,34,observed,0.12061013099518289
Total_Oxalate,41,35,observed,0.19321788374517243
Total_Oxalate,41,36,observed,0.2341151633464363
Total_Oxalate,41,37,observed,0.0793959598130404
Total_Oxalate,41,38,observed,0.14439603825526343
Total_Oxalate,41,39,observed,0.12299747313363374
Total_Oxalate,41,40,observed,0.35396722307272743
Total_Oxalate,41,41,observed,0.023698702607903133
Total_Oxalate,41,42,observed,0.23558655232361642
Total_Oxalate,41,43,observed,0.20632620575141636
Total_Oxalate,41,44,observed,0.20604806866802652
Total_Oxalate,41,45,observed,0.2364794387015941
Total_Oxalate,41,46,observed,0.14070716380236045
Total_Oxalate,41,47,observed,0.08447696423047729
Total_Oxalate,41,48,observed,0.2614366494593963
Total_Oxalate,41,49,observed,0.1532826200451812
Total_Oxalate,41,0,permuted_null,0.017408182927540868
Total_Oxalate,41,1,permuted_null,-0.06408140378519692
Total_Oxalate,41,2,permuted_null,0.08222449537208301
Total_Oxalate,41,3,permuted_null,0.015165651392639576
Total_Oxalate,41,4,permuted_null,-0.026438811960632295
Total_Oxalate,41,5,permuted_null,0.11380475775440228
Total_Oxalate,41,6,permuted_null,-0.06529078141519636
Total_Oxalate,41,7,permuted_null,-0.045732322293729394
Total_Oxalate,41,8,permuted_null,0.015214317382630724
Total_Oxalate,41,9,permuted_null,-0.011944624169932791
Total_Oxalate,41,10,permuted_null,-0.16602887730910748
Total_Oxalate,41,11,permuted_null,0.17832721726854345
Total_Oxalate,41,12,permuted_null,-0.12680786832286572
Total_Oxalate,41,13,permuted_null,-0.05782980241265234
Total_Oxalate,41,14,permuted_null,0.004083377628033222
Total_Oxalate,41,15,permuted_null,-0.03416692525671091
Total_Oxalate,41,16,permuted_null,-0.04822918839334563
Total_Oxalate,41,17,permuted_null,-0.015297455833170881
Total_Oxalate,41,18,permuted_null,0.0276986261516773
Total_Oxalate,41,19,permuted_null,0.01592996935257117
Total_Oxalate,41,20,permuted_null,-0.08775079395706156
Total_Oxalate,41,21,permuted_null,-0.21028081165722742
Total_Oxalate,41,22,permuted_null,-0.13189209811370142
Total_Oxalate,41,23,permuted_null,-0.07554033138215424
Total_Oxalate,41,24,permuted_null,0.050187659405756244
Total_Oxalate,41,25,permuted_null,-0.087771422834578
Total_Oxalate,41,26,permuted_null,0.03800838465819951
Total_Oxalate,41,27,permuted_null,0.024036337619017693
Total_Oxalate,41,28,permuted_null,-0.26303413697679645
Total_Oxalate,41,29,permuted_null,0.0016502734377688844
Total_Oxalate,41,30,permuted_null,0.026921620395908258
Total_Oxalate,41,31,permuted_null,0.06348105017720093
Total_Oxalate,41,32,permuted_null,0.015858443695400112
Total_Oxalate,41,33,permuted_null,0.05684015705450368
Total_Oxalate,41,34,permuted_null,-0.09259895352192302
Total_Oxalate,41,35,permuted_null,0.043405461329464795
Total_Oxalate,41,36,permuted_null,-0.11087031646734685
Total_Oxalate,41,37,permuted_null,-0.05965297962781865
Total_Oxalate,41,38,permuted_null,0.08419356027224403
Total_Oxalate,41,39,permuted_null,-0.13862661492526984
Total_Oxalate,41,40,permuted_null,-0.12971380547697509
Total_Oxalate,41,41,permuted_null,-0.020906780782990464
Total_Oxalate,41,42,permuted_null,0.07799468819070458
Total_Oxalate,41,43,permuted_null,-0.030390422328993683
Total_Oxalate,41,44,permuted_null,0.03274673914081841
Total_Oxalate,41,45,permuted_null,-0.20667079499226962
Total_Oxalate,41,46,permuted_null,-0.07079380521004631
Total_Oxalate,41,47,permuted_null,0.16520066709253012
Total_Oxalate,41,48,permuted_null,0.0063268609596979775
Total_Oxalate,41,49,permuted_null,-0.17750174912010733
Total_Oxalate,41,50,permuted_null,-0.13394866798276384
Total_Oxalate,41,51,permuted_null,-0.05141843215295313
Total_Oxalate,41,52,permuted_null,0.028548743224846115
Total_Oxalate,41,53,permuted_null,0.09152959053821612
Total_Oxalate,41,54,permuted_null,0.09308244450714961
Total_Oxalate,41,55,permuted_null,0.06859672271707352
Total_Oxalate,41,56,permuted_null,-0.13185555852998754
Total_Oxalate,41,57,permuted_null,-0.01967761814995063
Total_Oxalate,41,58,permuted_null,0.07569365148748884
Total_Oxalate,41,59,permuted_null,0.11657476708955034
Total_Oxalate,41,60,permuted_null,0.14953672740209073
Total_Oxalate,41,61,permuted_null,0.18260269144342964
Total_Oxalate,41,62,permuted_null,0.03180156073533045
Total_Oxalate,41,63,permuted_null,0.15931272387004616
Total_Oxalate,41,64,permuted_null,0.010790908411556742
Total_Oxalate,41,65,permuted_null,-0.034745407011987604
Total_Oxalate,41,66,permuted_null,0.012556059626354976
Total_Oxalate,41,67,permuted_null,0.04741540112156535
Total_Oxalate,41,68,permuted_null,-0.060040166046853194
Total_Oxalate,41,69,permuted_null,-0.0829652609314103
Total_Oxalate,41,70,permuted_null,0.060411010169581475
Total_Oxalate,41,71,permuted_null,0.057179727307342346
Total_Oxalate,41,72,permuted_null,0.003045870274649219
Total_Oxalate,41,73,permuted_null,0.1291781564892946
Total_Oxalate,41,74,permuted_null,-0.021992485703616595
Total_Oxalate,41,75,permuted_null,-0.09105380265538435
Total_Oxalate,41,76,permuted_null,0.11608498661042888
Total_Oxalate,41,77,permuted_null,-0.02357600654603935
Total_Oxalate,41,78,permuted_null,-0.10937733588086983
Total_Oxalate,41,79,permuted_null,0.17220835779143487
Total_Oxalate,41,80,permuted_null,-0.13343795541762082
Total_Oxalate,41,81,permuted_null,0.10929473448677028
Total_Oxalate,41,82,permuted_null,0.14177947776375005
Total_Oxalate,41,83,permuted_null,-0.15088829617030908
Total_Oxalate,41,84,permuted_null,-0.15947134095695714
Total_Oxalate,41,85,permuted_null,-0.0656964833100492
Total_Oxalate,41,86,permuted_null,-0.18232454911898963
Total_Oxalate,41,87,permuted_null,-0.04086916721802129
Total_Oxalate,41,88,permuted_null,0.120744228215847
Total_Oxalate,41,89,permuted_null,-0.07963012616046578
Total_Oxalate,41,90,permuted_null,0.007839880447090913
Total_Oxalate,41,91,permuted_null,-0.17744631894966062
Total_Oxalate,41,92,permuted_null,-0.05737301807479383
Total_Oxalate,41,93,permuted_null,-0.016325303997130863
Total_Oxalate,41,94,permuted_null,0.10853486071932686
Total_Oxalate,41,95,permuted_null,0.03409573317827963
Total_Oxalate,41,96,permuted_null,-0.12347381237703597
Total_Oxalate,41,97,permuted_null,-0.0942927949159149
Total_Oxalate,41,98,permuted_null,0.23863930528947586
Total_Oxalate,41,99,permuted_null,0.02189539946569123
Total_Oxalate,41,100,permuted_null,-0.14268008184896439
Total_Oxalate,41,101,permuted_null,-0.22632764108805797
Total_Oxalate,41,102,permuted_null,0.04500245364372356
Total_Oxalate,41,103,permuted_null,0.1038856498146408
Total_Oxalate,41,104,permuted_null,-0.03243355619036663
Total_Oxalate,41,105,permuted_null,-0.18184304659700756
Total_Oxalate,41,106,permuted_null,0.045016416987587
Total_Oxalate,41,107,permuted_null,0.0058950408268576004
Total_Oxalate,41,108,permuted_null,0.10782784671723047
Total_Oxalate,41,109,permuted_null,0.04017238754803605
Total_Oxalate,41,110,permuted_null,-0.1211471888504528
Total_Oxalate,41,111,permuted_null,-0.031244605364716106
Total_Oxalate,41,112,permuted_null,-0.17543163836313097
Total_Oxalate,41,113,permuted_null,0.06113824022730293
Total_Oxalate,41,114,permuted_null,0.11884731452534328
Total_Oxalate,41,115,permuted_null,0.08801256242819164
Total_Oxalate,41,116,permuted_null,-0.0038061171963754553
Total_Oxalate,41,117,permuted_null,0.04916204385056701
Total_Oxalate,41,118,permuted_null,0.10170142779781041
Total_Oxalate,41,119,permuted_null,-0.12742972692116233
Total_Oxalate,41,120,permuted_null,0.06774983688128192
Total_Oxalate,41,121,permuted_null,0.15948758872894853
Total_Oxalate,41,122,permuted_null,0.17481393559017913
Total_Oxalate,41,123,permuted_null,-0.04618495393589166
Total_Oxalate,41,124,permuted_null,-0.03674145200043347
Total_Oxalate,41,125,permuted_null,0.00208213573652722
Total_Oxalate,41,126,permuted_null,0.11155076911222717
Total_Oxalate,41,127,permuted_null,0.13356299026425061
Total_Oxalate,41,128,permuted_null,0.16894867653528745
Total_Oxalate,41,129,permuted_null,0.19239910342742328
Total_Oxalate,41,130,permuted_null,0.021442810922779824
Total_Oxalate,41,131,permuted_null,-0.17545351494139566
Total_Oxalate,41,132,permuted_null,-0.040779006911636564
Total_Oxalate,41,133,permuted_null,0.059946180175905396
Total_Oxalate,41,134,permuted_null,-0.12716954547150744
Total_Oxalate,41,135,permuted_null,-0.048390999843249946
Total_Oxalate,41,136,permuted_null,0.16213824923176146
Total_Oxalate,41,137,permuted_null,0.11330018695469753
Total_Oxalate,41,138,permuted_null,0.25176136947526917
Total_Oxalate,41,139,permuted_null,0.15563823576918823
Total_Oxalate,41,140,permuted_null,-0.023729103631341866
Total_Oxalate,41,141,permuted_null,0.015671884466417763
Total_Oxalate,41,142,permuted_null,-0.09409326411093667
Total_Oxalate,41,143,permuted_null,-0.14477829098168035
Total_Oxalate,41,144,permuted_null,-0.11098254743307456
Total_Oxalate,41,145,permuted_null,-0.07792198620605063
Total_Oxalate,41,146,permuted_null,-0.12029664363676949
Total_Oxalate,41,147,permuted_null,0.007908604109142865
Total_Oxalate,41,148,permuted_null,0.056231302829405534
Total_Oxalate,41,149,permuted_null,-0.14439986248949938
Total_Oxalate,41,150,permuted_null,0.2913089202080255
Total_Oxalate,41,151,permuted_null,-0.07290173441927111
Total_Oxalate,41,152,permuted_null,0.06886149495312563
Total_Oxalate,41,153,permuted_null,0.139707388067651
Total_Oxalate,41,154,permuted_null,-0.056159074056957546
Total_Oxalate,41,155,permuted_null,0.04496262651453897
Total_Oxalate,41,156,permuted_null,-0.18691246998098454
Total_Oxalate,41,157,permuted_null,-0.002653269788242471
Total_Oxalate,41,158,permuted_null,0.10631105309067293
Total_Oxalate,41,159,permuted_null,0.12692174232624898
Total_Oxalate,41,160,permuted_null,-0.005070525562185561
Total_Oxalate,41,161,permuted_null,-0.06862535782824128
Total_Oxalate,41,162,permuted_null,-0.031409816622884355
Total_Oxalate,41,163,permuted_null,-0.03476472459089191
Total_Oxalate,41,164,permuted_null,-0.050275121961642744
Total_Oxalate,41,165,permuted_null,-0.06495343735256151
Total_Oxalate,41,166,permuted_null,0.03626752901187463
Total_Oxalate,41,167,permuted_null,-0.0059274676283064195
Total_Oxalate,41,168,permuted_null,0.11562753194804704
Total_Oxalate,41,169,permuted_null,0.0885118905401833
Total_Oxalate,41,170,permuted_null,-0.009287879931054774
Total_Oxalate,41,171,permuted_null,0.13918188887097327
Total_Oxalate,41,172,permuted_null,-0.15801721487012793
Total_Oxalate,41,173,permuted_null,0.0663249324659393
Total_Oxalate,41,174,permuted_null,-0.020650538462957713
Total_Oxalate,41,175,permuted_null,-0.04761692159413133
Total_Oxalate,41,176,permuted_null,0.04298209731713184
Total_Oxalate,41,177,permuted_null,0.13543695343460996
Total_Oxalate,41,178,permuted_null,0.08879534687231465
Total_Oxalate,41,179,permuted_null,0.047215725231451754
Total_Oxalate,41,180,permuted_null,-0.08960206573162224
Total_Oxalate,41,181,permuted_null,-0.07099919439694577
Total_Oxalate,41,182,permuted_null,-0.10843115474277414
Total_Oxalate,41,183,permuted_null,0.10233271887710207
Total_Oxalate,41,184,permuted_null,0.04579978975202172
Total_Oxalate,41,185,permuted_null,0.1459528743936176
Total_Oxalate,41,186,permuted_null,-0.01748564421285538
Total_Oxalate,41,187,permuted_null,0.10242944351373634
Total_Oxalate,41,188,permuted_null,-0.15039835905971322
Total_Oxalate,41,189,permuted_null,0.14318309365622595
Total_Oxalate,41,190,permuted_null,0.12198974410618553
Total_Oxalate,41,191,permuted_null,0.013553530415416862
Total_Oxalate,41,192,permuted_null,0.04299082930103103
Total_Oxalate,41,193,permuted_null,-0.007062031944183698
Total_Oxalate,41,194,permuted_null,0.26882882649515216
Total_Oxalate,41,195,permuted_null,0.06871067992978805
Total_Oxalate,41,196,permuted_null,0.020572336447657977
Total_Oxalate,41,197,permuted_null,0.10029855641468854
Total_Oxalate,41,198,permuted_null,-0.03829132299639011
Total_Oxalate,41,199,permuted_null,-0.11741919419895148
Total_Oxalate,41,200,permuted_null,-0.0393711122262078
Total_Oxalate,41,201,permuted_null,-0.07542893851273069
Total_Oxalate,41,202,permuted_null,0.0760362733585089
Total_Oxalate,41,203,permuted_null,0.09479675589254954
Total_Oxalate,41,204,permuted_null,0.061609540492137294
Total_Oxalate,41,205,permuted_null,-0.0043106606292561325
Total_Oxalate,41,206,permuted_null,-0.07663551771947938
Total_Oxalate,41,207,permuted_null,0.05722776947385955
Total_Oxalate,41,208,permuted_null,0.024701052358963978
Total_Oxalate,41,209,permuted_null,0.12306999627004615
Total_Oxalate,41,210,permuted_null,-0.14324743899741121
Total_Oxalate,41,211,permuted_null,0.2708632106368079
Total_Oxalate,41,212,permuted_null,0.29052622949460816
Total_Oxalate,41,213,permuted_null,-0.054706109198109136
Total_Oxalate,41,214,permuted_null,0.05432549433382569
Total_Oxalate,41,215,permuted_null,0.020862608004133455
Total_Oxalate,41,216,permuted_null,0.1598543017580541
Total_Oxalate,41,217,permuted_null,0.26355829002760434
Total_Oxalate,41,218,permuted_null,0.0910806573328112
Total_Oxalate,41,219,permuted_null,-0.11841391984818433
Total_Oxalate,41,220,permuted_null,-0.04814653959865889
Total_Oxalate,41,221,permuted_null,-0.05242196275437706
Total_Oxalate,41,222,permuted_null,-0.12092708862921335
Total_Oxalate,41,223,permuted_null,0.05805520915924914
Total_Oxalate,41,224,permuted_null,0.2035152978968761
Total_Oxalate,41,225,permuted_null,0.05284590667968101
Total_Oxalate,41,226,permuted_null,0.1429880331757864
Total_Oxalate,41,227,permuted_null,-0.06513109725279405
Total_Oxalate,41,228,permuted_null,0.027177478354281515
Total_Oxalate,41,229,permuted_null,0.08876528064826697
Total_Oxalate,41,230,permuted_null,-0.01717834758236375
Total_Oxalate,41,231,permuted_null,-0.1861415849166269
Total_Oxalate,41,232,permuted_null,0.018067517513265324
Total_Oxalate,41,233,permuted_null,0.06222648680111443
Total_Oxalate,41,234,permuted_null,-0.21083772494504
Total_Oxalate,41,235,permuted_null,0.09530457211342447
Total_Oxalate,41,236,permuted_null,0.0042641932471386215
Total_Oxalate,41,237,permuted_null,0.12049088753324827
Total_Oxalate,41,238,permuted_null,0.10856993011940963
Total_Oxalate,41,239,permuted_null,-0.036758321725735316
Total_Oxalate,41,240,permuted_null,-0.09699259213051856
Total_Oxalate,41,241,permuted_null,-0.015140020365436685
Total_Oxalate,41,242,permuted_null,0.1485231577861506
Total_Oxalate,41,243,permuted_null,-0.14640131784261098
Total_Oxalate,41,244,permuted_null,0.13682985398719597
Total_Oxalate,41,245,permuted_null,-0.2650495620510325
Total_Oxalate,41,246,permuted_null,-0.18815241183676185
Total_Oxalate,41,247,permuted_null,0.0808185549173745
Total_Oxalate,41,248,permuted_null,-0.11697448387868985
Total_Oxalate,41,249,permuted_null,0.10748950517692298
Total_Oxalate,41,250,permuted_null,0.06931174199796078
Total_Oxalate,41,251,permuted_null,-0.07789640223730779
Total_Oxalate,41,252,permuted_null,-0.1363761529056204
Total_Oxalate,41,253,permuted_null,0.10874280523582455
Total_Oxalate,41,254,permuted_null,0.16974265291318594
Total_Oxalate,41,255,permuted_null,-0.01376200457066775
Total_Oxalate,41,256,permuted_null,0.19332745928422584
Total_Oxalate,41,257,permuted_null,-0.04144926254029165
Total_Oxalate,41,258,permuted_null,-0.01051659403145555
Total_Oxalate,41,259,permuted_null,0.052114477332267026
Total_Oxalate,41,260,permuted_null,0.02017983556168547
Total_Oxalate,41,261,permuted_null,-0.03553679576914773
Total_Oxalate,41,262,permuted_null,-0.049029893927042545
Total_Oxalate,41,263,permuted_null,0.026504471955223957
Total_Oxalate,41,264,permuted_null,-0.09630214254764023
Total_Oxalate,41,265,permuted_null,0.12750504961738707
Total_Oxalate,41,266,permuted_null,-0.017331254794400064
Total_Oxalate,41,267,permuted_null,0.042593232748144916
Total_Oxalate,41,268,permuted_null,0.13238916876097068
Total_Oxalate,41,269,permuted_null,0.24004778353130898
Total_Oxalate,41,270,permuted_null,0.01028227032793766
Total_Oxalate,41,271,permuted_null,-0.050235266097009276
Total_Oxalate,41,272,permuted_null,0.003958708500812813
Total_Oxalate,41,273,permuted_null,-0.33861104730208874
Total_Oxalate,41,274,permuted_null,-0.046099204160266485
Total_Oxalate,41,275,permuted_null,-0.048296167495599174
Total_Oxalate,41,276,permuted_null,0.03916587247779529
Total_Oxalate,41,277,permuted_null,0.050179623138949206
Total_Oxalate,41,278,permuted_null,0.07279926941887815
Total_Oxalate,41,279,permuted_null,-0.028100200726261133
Total_Oxalate,41,280,permuted_null,-0.037470410439102396
Total_Oxalate,41,281,permuted_null,0.181413918451161
Total_Oxalate,41,282,permuted_null,0.16086847705483723
Total_Oxalate,41,283,permuted_null,0.01353905127817702
Total_Oxalate,41,284,permuted_null,0.06306053042152725
Total_Oxalate,41,285,permuted_null,-0.0281866580676128
Total_Oxalate,41,286,permuted_null,0.09025465827451705
Total_Oxalate,41,287,permuted_null,0.05308809179791692
Total_Oxalate,41,288,permuted_null,-0.1481700411078014
Total_Oxalate,41,289,permuted_null,-0.08349209846335715
Total_Oxalate,41,290,permuted_null,-0.1059565662444231
Total_Oxalate,41,291,permuted_null,-0.003602480194870892
Total_Oxalate,41,292,permuted_null,-0.00292183503176862
Total_Oxalate,41,293,permuted_null,-0.010939061152804921
Total_Oxalate,41,294,permuted_null,0.011450843516888201
Total_Oxalate,41,295,permuted_null,0.14352595390426387
Total_Oxalate,41,296,permuted_null,0.1192932769823404
Total_Oxalate,41,297,permuted_null,-0.1785207510361741
Total_Oxalate,41,298,permuted_null,0.07792998587355507
Total_Oxalate,41,299,permuted_null,0.10510660505697342
Total_Oxalate,41,300,permuted_null,0.05236692536422809
Total_Oxalate,41,301,permuted_null,-0.06308025233861447
Total_Oxalate,41,302,permuted_null,0.24890459620361477
Total_Oxalate,41,303,permuted_null,0.14399135422792855
Total_Oxalate,41,304,permuted_null,-0.1305751151078438
Total_Oxalate,41,305,permuted_null,0.04533585382178784
Total_Oxalate,41,306,permuted_null,-0.20117452006218245
Total_Oxalate,41,307,permuted_null,0.04391854266150513
Total_Oxalate,41,308,permuted_null,0.06517285264905708
Total_Oxalate,41,309,permuted_null,0.017248005159299057
Total_Oxalate,41,310,permuted_null,4.905398907794484e-05
Total_Oxalate,41,311,permuted_null,-0.03754713649417978
Total_Oxalate,41,312,permuted_null,0.12066106533193383
Total_Oxalate,41,313,permuted_null,-0.020659621669525015
Total_Oxalate,41,314,permuted_null,0.14152003013618716
Total_Oxalate,41,315,permuted_null,-0.10744634542861145
Total_Oxalate,41,316,permuted_null,-0.04902849196917206
Total_Oxalate,41,317,permuted_null,0.06935259001679973
Total_Oxalate,41,318,permuted_null,-0.2073549377634029
Total_Oxalate,41,319,permuted_null,0.09406518798716931
Total_Oxalate,41,320,permuted_null,0.17077220753457567
Total_Oxalate,41,321,permuted_null,-0.06766811273314273
Total_Oxalate,41,322,permuted_null,0.04852710149551505
Total_Oxalate,41,323,permuted_null,0.1005774584597079
Total_Oxalate,41,324,permuted_null,-0.0009749799129598301
Total_Oxalate,41,325,permuted_null,0.1706274875174646
Total_Oxalate,41,326,permuted_null,-0.10538093747461402
Total_Oxalate,41,327,permuted_null,0.05280663165613517
Total_Oxalate,41,328,permuted_null,0.007129490082672885
Total_Oxalate,41,329,permuted_null,-0.028528644218551148
Total_Oxalate,41,330,permuted_null,-0.07358511829056667
Total_Oxalate,41,331,permuted_null,0.0664765831183746
Total_Oxalate,41,332,permuted_null,0.009435135531516273
Total_Oxalate,41,333,permuted_null,-0.08011349219073287
Total_Oxalate,41,334,permuted_null,0.08537503273806073
Total_Oxalate,41,335,permuted_null,0.03753742175729001
Total_Oxalate,41,336,permuted_null,0.13615384778457912
Total_Oxalate,41,337,permuted_null,-0.11413978041788875
Total_Oxalate,41,338,permuted_null,-0.13051946512184048
Total_Oxalate,41,339,permuted_null,0.00891581225264565
Total_Oxalate,41,340,permuted_null,-0.1393859768033565
Total_Oxalate,41,341,permuted_null,-0.2401928788880202
Total_Oxalate,41,342,permuted_null,0.11748138144903002
Total_Oxalate,41,343,permuted_null,0.06721779136091696
Total_Oxalate,41,344,permuted_null,0.1175515372268451
Total_Oxalate,41,345,permuted_null,-0.10849326275904124
Total_Oxalate,41,346,permuted_null,-0.06470997051279984
Total_Oxalate,41,347,permuted_null,-0.06464078653127338
Total_Oxalate,41,348,permuted_null,0.02291718530560151
Total_Oxalate,41,349,permuted_null,-0.09663865406380244
Total_Oxalate,41,350,permuted_null,0.03355015095917998
Total_Oxalate,41,351,permuted_null,0.034553300001702786
Total_Oxalate,41,352,permuted_null,-0.04459326807725254
Total_Oxalate,41,353,permuted_null,0.117699939299066
Total_Oxalate,41,354,permuted_null,0.005866351305846701
Total_Oxalate,41,355,permuted_null,0.029413443487584384
Total_Oxalate,41,356,permuted_null,0.05308052312373045
Total_Oxalate,41,357,permuted_null,0.036190047749345415
Total_Oxalate,41,358,permuted_null,-0.06716153242096806
Total_Oxalate,41,359,permuted_null,-0.037166856683533034
Total_Oxalate,41,360,permuted_null,0.031479887522741556
Total_Oxalate,41,361,permuted_null,-0.16455287073967487
Total_Oxalate,41,362,permuted_null,0.08369500387454393
Total_Oxalate,41,363,permuted_null,0.038623596158361986
Total_Oxalate,41,364,permuted_null,0.14609219498752557
Total_Oxalate,41,365,permuted_null,0.17144817553798458
Total_Oxalate,41,366,permuted_null,0.030046135026026953
Total_Oxalate,41,367,permuted_null,0.09569949131055394
Total_Oxalate,41,368,permuted_null,0.1131836894545131
Total_Oxalate,41,369,permuted_null,0.08314247858139465
Total_Oxalate,41,370,permuted_null,0.04371138169108313
Total_Oxalate,41,371,permuted_null,-0.005842399068499857
Total_Oxalate,41,372,permuted_null,0.07491376559968527
Total_Oxalate,41,373,permuted_null,0.162665016564983
Total_Oxalate,41,374,permuted_null,-0.2635421947949933
Total_Oxalate,41,375,permuted_null,0.1841577691658118
Total_Oxalate,41,376,permuted_null,-0.046667500407461045
Total_Oxalate,41,377,permuted_null,0.03799167578623707
Total_Oxalate,41,378,permuted_null,-0.020069081445984165
Total_Oxalate,41,379,permuted_null,-0.10463570996172003
Total_Oxalate,41,380,permuted_null,-0.11171916949331906
Total_Oxalate,41,381,permuted_null,0.046619882691109886
Total_Oxalate,41,382,permuted_null,0.10615626810576147
Total_Oxalate,41,383,permuted_null,0.12009859178493461
Total_Oxalate,41,384,permuted_null,-0.0034590521902192473
Total_Oxalate,41,385,permuted_null,-0.034729212583159
Total_Oxalate,41,386,permuted_null,0.17002281296380542
Total_Oxalate,41,387,permuted_null,-0.0801458542293371
Total_Oxalate,41,388,permuted_null,-0.05233897894547651
Total_Oxalate,41,389,permuted_null,0.04139808976835457
Total_Oxalate,41,390,permuted_null,-0.03260716839624441
Total_Oxalate,41,391,permuted_null,0.06179085370022522
Total_Oxalate,41,392,permuted_null,-0.007373016097596621
Total_Oxalate,41,393,permuted_null,0.011765113993499169
Total_Oxalate,41,394,permuted_null,-0.05659739571430261
Total_Oxalate,41,395,permuted_null,-0.24601691885168217
Total_Oxalate,41,396,permuted_null,-0.14025366482761853
Total_Oxalate,41,397,permuted_null,0.17522715868503336
Total_Oxalate,41,398,permuted_null,0.06797645019506506
Total_Oxalate,41,399,permuted_null,-0.034512904713007005
Total_Oxalate,41,400,permuted_null,0.08987191534226113
Total_Oxalate,41,401,permuted_null,0.03355367305993277
Total_Oxalate,41,402,permuted_null,0.049166292062875046
Total_Oxalate,41,403,permuted_null,0.007375608384796416
Total_Oxalate,41,404,permuted_null,0.03150128430265069
Total_Oxalate,41,405,permuted_null,-0.16359230784412396
Total_Oxalate,41,406,permuted_null,0.20584888197967974
Total_Oxalate,41,407,permuted_null,0.14026463090222785
Total_Oxalate,41,408,permuted_null,0.11086178149188329
Total_Oxalate,41,409,permuted_null,-0.09415625202608785
Total_Oxalate,41,410,permuted_null,0.14635066678448766
Total_Oxalate,41,411,permuted_null,0.07503801805375672
Total_Oxalate,41,412,permuted_null,-0.026892322012758214
Total_Oxalate,41,413,permuted_null,0.06259567287207769
Total_Oxalate,41,414,permuted_null,-0.12927799807136453
Total_Oxalate,41,415,permuted_null,-0.08309525527086385
Total_Oxalate,41,416,permuted_null,-0.1516984626027445
Total_Oxalate,41,417,permuted_null,0.04597835097457258
Total_Oxalate,41,418,permuted_null,0.03763354464963621
Total_Oxalate,41,419,permuted_null,-0.07694690448614636
Total_Oxalate,41,420,permuted_null,-0.0786231181848488
Total_Oxalate,41,421,permuted_null,-0.007187479640569497
Total_Oxalate,41,422,permuted_null,-0.08068440722602631
Total_Oxalate,41,423,permuted_null,0.10374709228487022
Total_Oxalate,41,424,permuted_null,-0.13343747806659695
Total_Oxalate,41,425,permuted_null,0.02439558594007607
Total_Oxalate,41,426,permuted_null,0.053811386918846286
Total_Oxalate,41,427,permuted_null,-0.07022372033039856
Total_Oxalate,41,428,permuted_null,-0.23418562667188408
Total_Oxalate,41,429,permuted_null,0.039576323254609455
Total_Oxalate,41,430,permuted_null,0.17024603012446463
Total_Oxalate,41,431,permuted_null,0.05117790810740136
Total_Oxalate,41,432,permuted_null,-0.01791867801459224
Total_Oxalate,41,433,permuted_null,0.05004380876466105
Total_Oxalate,41,434,permuted_null,0.12215880424476822
Total_Oxalate,41,435,permuted_null,0.0010761182828317069
Total_Oxalate,41,436,permuted_null,-0.06111704305616847
Total_Oxalate,41,437,permuted_null,-0.27416649078530964
Total_Oxalate,41,438,permuted_null,-0.18673580530933576
Total_Oxalate,41,439,permuted_null,-0.03270807838316714
Total_Oxalate,41,440,permuted_null,-0.20186789198268676
Total_Oxalate,41,441,permuted_null,0.03640364923997194
Total_Oxalate,41,442,permuted_null,-0.10214464326544168
Total_Oxalate,41,443,permuted_null,0.016964477814393766
Total_Oxalate,41,444,permuted_null,0.09272168299787036
Total_Oxalate,41,445,permuted_null,-0.01144062079143364
Total_Oxalate,41,446,permuted_null,-0.1560346498534879
Total_Oxalate,41,447,permuted_null,-0.0029682739577337747
Total_Oxalate,41,448,permuted_null,-0.029618385544004727
Total_Oxalate,41,449,permuted_null,-0.08790920734253466
Total_Oxalate,41,450,permuted_null,-0.05853429220112749
Total_Oxalate,41,451,permuted_null,-0.03669461932590598
Total_Oxalate,41,452,permuted_null,7.777529587849052e-05
Total_Oxalate,41,453,permuted_null,0.03586924420149747
Total_Oxalate,41,454,permuted_null,0.0019093797525585876
Total_Oxalate,41,455,permuted_null,-0.08222262719939843
Total_Oxalate,41,456,permuted_null,-0.2197318061445632
Total_Oxalate,41,457,permuted_null,0.15060807474508858
Total_Oxalate,41,458,permuted_null,0.15582568037050015
Total_Oxalate,41,459,permuted_null,0.11824885708730065
Total_Oxalate,41,460,permuted_null,-0.14143002538806262
Total_Oxalate,41,461,permuted_null,-0.2381151642094167
Total_Oxalate,41,462,permuted_null,-0.0703136775640889
Total_Oxalate,41,463,permuted_null,0.0625456946967996
Total_Oxalate,41,464,permuted_null,0.057903344429145825
Total_Oxalate,41,465,permuted_null,0.07170072747682164
Total_Oxalate,41,466,permuted_null,0.08514069941031073
Total_Oxalate,41,467,permuted_null,-0.009499158688153597
Total_Oxalate,41,468,permuted_null,-0.06472305192857224
Total_Oxalate,41,469,permuted_null,-0.147438377287277
Total_Oxalate,41,470,permuted_null,0.03989974604144151
Total_Oxalate,41,471,permuted_null,0.10486154766184368
Total_Oxalate,41,472,permuted_null,0.13546142857672397
Total_Oxalate,41,473,permuted_null,-0.08883804159702872
Total_Oxalate,41,474,permuted_null,0.04047979598802484
Total_Oxalate,41,475,permuted_null,0.2296405926951932
Total_Oxalate,41,476,permuted_null,-0.002296432867522555
Total_Oxalate,41,477,permuted_null,0.23554494546549282
Total_Oxalate,41,478,permuted_null,0.07650416381783826
Total_Oxalate,41,479,permuted_null,0.0020286332608000363
Total_Oxalate,41,480,permuted_null,-0.05430149027131072
Total_Oxalate,41,481,permuted_null,0.18025503669463253
Total_Oxalate,41,482,permuted_null,0.04981656737618048
Total_Oxalate,41,483,permuted_null,-0.11520950218935427
Total_Oxalate,41,484,permuted_null,0.008135445060562496
Total_Oxalate,41,485,permuted_null,-0.05241508294386335
Total_Oxalate,41,486,permuted_null,-0.02644147781185665
Total_Oxalate,41,487,permuted_null,-0.16871193509033758
Total_Oxalate,41,488,permuted_null,0.013613918103573291
Total_Oxalate,41,489,permuted_null,-0.053204547387261894
Total_Oxalate,41,490,permuted_null,-0.049460237347827445
Total_Oxalate,41,491,permuted_null,0.004112564810907311
Total_Oxalate,41,492,permuted_null,0.05327551792369517
Total_Oxalate,41,493,permuted_null,0.029959027913125866
Total_Oxalate,41,494,permuted_null,-0.21461866825633336
Total_Oxalate,41,495,permuted_null,0.04636164520200352
Total_Oxalate,41,496,permuted_null,-0.2277510262509631
Total_Oxalate,41,497,permuted_null,0.08333719968195953
Total_Oxalate,41,498,permuted_null,-0.06152350700649667
Total_Oxalate,41,499,permuted_null,-0.035840743557010335
Total_Oxalate,41,500,permuted_null,0.03152005129782717
Total_Oxalate,41,501,permuted_null,-0.23826554855268708
Total_Oxalate,41,502,permuted_null,0.09913689482071542
Total_Oxalate,41,503,permuted_null,-0.04687347001594114
Total_Oxalate,41,504,permuted_null,0.08016670971689127
Total_Oxalate,41,505,permuted_null,0.11739070877598869
Total_Oxalate,41,506,permuted_null,-0.09085589151825743
Total_Oxalate,41,507,permuted_null,-0.07337319088604798
Total_Oxalate,41,508,permuted_null,0.07513581481797457
Total_Oxalate,41,509,permuted_null,-0.03900728736063372
Total_Oxalate,41,510,permuted_null,-0.08526885049507874
Total_Oxalate,41,511,permuted_null,-0.039560317457216866
Total_Oxalate,41,512,permuted_null,0.1219468337816184
Total_Oxalate,41,513,permuted_null,0.04886504207599438
Total_Oxalate,41,514,permuted_null,-0.217754377114264
Total_Oxalate,41,515,permuted_null,0.12860540358931666
Total_Oxalate,41,516,permuted_null,0.01670305461574384
Total_Oxalate,41,517,permuted_null,-0.2065425981759041
Total_Oxalate,41,518,permuted_null,-0.03968057899084422
Total_Oxalate,41,519,permuted_null,-0.009144509923336624
Total_Oxalate,41,520,permuted_null,0.1376974893056726
Total_Oxalate,41,521,permuted_null,-0.07133369318930458
Total_Oxalate,41,522,permuted_null,-0.05172232101397745
Total_Oxalate,41,523,permuted_null,-0.03441411371750156
Total_Oxalate,41,524,permuted_null,-0.14201494100342446
Total_Oxalate,41,525,permuted_null,0.06891534053917063
Total_Oxalate,41,526,permuted_null,0.031984819675816234
Total_Oxalate,41,527,permuted_null,-0.03617134331182001
Total_Oxalate,41,528,permuted_null,0.025035001406435706
Total_Oxalate,41,529,permuted_null,-0.23936498424781916
Total_Oxalate,41,530,permuted_null,-0.015310611764997803
Total_Oxalate,41,531,permuted_null,0.10050679824330176
Total_Oxalate,41,532,permuted_null,0.11349696116541852
Total_Oxalate,41,533,permuted_null,0.043258513977129695
Total_Oxalate,41,534,permuted_null,0.025988654220640763
Total_Oxalate,41,535,permuted_null,0.20663021570950724
Total_Oxalate,41,536,permuted_null,0.18349428784498317
Total_Oxalate,41,537,permuted_null,0.024913208235255987
Total_Oxalate,41,538,permuted_null,0.16149056066744485
Total_Oxalate,41,539,permuted_null,0.127377953006164
Total_Oxalate,41,540,permuted_null,0.08814577162953165
Total_Oxalate,41,541,permuted_null,0.08356478770022728
Total_Oxalate,41,542,permuted_null,0.07287769297477713
Total_Oxalate,41,543,permuted_null,0.03676692903010528
Total_Oxalate,41,544,permuted_null,0.11064654355674863
Total_Oxalate,41,545,permuted_null,0.08545864121030805
Total_Oxalate,41,546,permuted_null,-0.0211750113519373
Total_Oxalate,41,547,permuted_null,-0.2950143152660071
Total_Oxalate,41,548,permuted_null,0.11731934852884472
Total_Oxalate,41,549,permuted_null,-0.08255746960923409
Total_Oxalate,41,550,permuted_null,0.03490357997302728
Total_Oxalate,41,551,permuted_null,0.09092229400541109
Total_Oxalate,41,552,permuted_null,0.07637671893172517
Total_Oxalate,41,553,permuted_null,-0.08573907245526977
Total_Oxalate,41,554,permuted_null,0.08430139171662346
Total_Oxalate,41,555,permuted_null,-0.07938856795221962
Total_Oxalate,41,556,permuted_null,-0.06885512904093961
Total_Oxalate,41,557,permuted_null,0.014281178765721589
Total_Oxalate,41,558,permuted_null,-0.12928861615626797
Total_Oxalate,41,559,permuted_null,-0.18002014758589596
Total_Oxalate,41,560,permuted_null,0.06346041706186822
Total_Oxalate,41,561,permuted_null,0.004908418811376047
Total_Oxalate,41,562,permuted_null,-0.15118991571529192
Total_Oxalate,41,563,permuted_null,0.19375779319682662
Total_Oxalate,41,564,permuted_null,-0.1726177753044636
Total_Oxalate,41,565,permuted_null,0.051111672660964835
Total_Oxalate,41,566,permuted_null,0.08068147307344785
Total_Oxalate,41,567,permuted_null,0.18115451845875657
Total_Oxalate,41,568,permuted_null,0.07775329150264029
Total_Oxalate,41,569,permuted_null,0.038796923030060125
Total_Oxalate,41,570,permuted_null,-0.03528034252138554
Total_Oxalate,41,571,permuted_null,-0.10897410418776045
Total_Oxalate,41,572,permuted_null,-0.08331691588378717
Total_Oxalate,41,573,permuted_null,-0.16486289777949054
Total_Oxalate,41,574,permuted_null,-0.028196615063892982
Total_Oxalate,41,575,permuted_null,-0.061690888090948984
Total_Oxalate,41,576,permuted_null,0.1332289257544812
Total_Oxalate,41,577,permuted_null,-0.0029099573363070563
Total_Oxalate,41,578,permuted_null,-0.06816532333821988
Total_Oxalate,41,579,permuted_null,-0.04765562605868495
Total_Oxalate,41,580,permuted_null,-0.005455179392710629
Total_Oxalate,41,581,permuted_null,-0.10340670422662723
Total_Oxalate,41,582,permuted_null,-0.20301756475618712
Total_Oxalate,41,583,permuted_null,-0.20176848997426006
Total_Oxalate,41,584,permuted_null,0.04896079457032885
Total_Oxalate,41,585,permuted_null,0.13520553159609283
Total_Oxalate,41,586,permuted_null,0.013030029416215883
Total_Oxalate,41,587,permuted_null,-0.1712584617884822
Total_Oxalate,41,588,permuted_null,0.1580089114048146
Total_Oxalate,41,589,permuted_null,0.1789483671389512
Total_Oxalate,41,590,permuted_null,-0.07503746044893818
Total_Oxalate,41,591,permuted_null,-0.10791935454139763
Total_Oxalate,41,592,permuted_null,-0.07906925987104381
Total_Oxalate,41,593,permuted_null,0.10042115370796328
Total_Oxalate,41,594,permuted_null,-0.020629782481712558
Total_Oxalate,41,595,permuted_null,-0.0407765641742807
Total_Oxalate,41,596,permuted_null,-0.04395594597503552
Total_Oxalate,41,597,permuted_null,0.21233373014221352
Total_Oxalate,41,598,permuted_null,-0.23852492980124046
Total_Oxalate,41,599,permuted_null,-0.0035378658670624716
Total_Oxalate,41,600,permuted_null,-0.04138058059611652
Total_Oxalate,41,601,permuted_null,0.011394323513212956
Total_Oxalate,41,602,permuted_null,-0.027294060636496836
Total_Oxalate,41,603,permuted_null,0.05775576546520407
Total_Oxalate,41,604,permuted_null,0.13655533328442587
Total_Oxalate,41,605,permuted_null,0.03179670223583103
Total_Oxalate,41,606,permuted_null,0.14199950945223516
Total_Oxalate,41,607,permuted_null,0.03895480533915519
Total_Oxalate,41,608,permuted_null,0.03409217455691423
Total_Oxalate,41,609,permuted_null,0.06276280210298348
Total_Oxalate,41,610,permuted_null,-0.034414882465891014
Total_Oxalate,41,611,permuted_null,-0.0487845660900226
Total_Oxalate,41,612,permuted_null,-0.02688575803761522
Total_Oxalate,41,613,permuted_null,0.0025748883524458477
Total_Oxalate,41,614,permuted_null,-0.06808771904652025
Total_Oxalate,41,615,permuted_null,0.12264316141755753
Total_Oxalate,41,616,permuted_null,-0.16658206862789365
Total_Oxalate,41,617,permuted_null,0.12087394009319682
Total_Oxalate,41,618,permuted_null,0.021523735762505825
Total_Oxalate,41,619,permuted_null,0.14973204909771692
Total_Oxalate,41,620,permuted_null,0.05362131579929358
Total_Oxalate,41,621,permuted_null,0.1156641360910079
Total_Oxalate,41,622,permuted_null,-0.011067289051741723
Total_Oxalate,41,623,permuted_null,0.2303774396902141
Total_Oxalate,41,624,permuted_null,0.07875837236151986
Total_Oxalate,41,625,permuted_null,0.04166741880444756
Total_Oxalate,41,626,permuted_null,-0.06424971423789033
Total_Oxalate,41,627,permuted_null,-0.2186133118927961
Total_Oxalate,41,628,permuted_null,-0.07937315034029721
Total_Oxalate,41,629,permuted_null,0.1021647811497713
Total_Oxalate,41,630,permuted_null,0.07957100206222989
Total_Oxalate,41,631,permuted_null,0.07682749772718356
Total_Oxalate,41,632,permuted_null,-0.021640375505296433
Total_Oxalate,41,633,permuted_null,-0.19644033290180163
Total_Oxalate,41,634,permuted_null,-0.005900420151463581
Total_Oxalate,41,635,permuted_null,-0.039044419609338056
Total_Oxalate,41,636,permuted_null,-0.038745984055790425
Total_Oxalate,41,637,permuted_null,0.0819690241010206
Total_Oxalate,41,638,permuted_null,0.174888675761731
Total_Oxalate,41,639,permuted_null,-0.14500548560556
Total_Oxalate,41,640,permuted_null,-0.014546364660511
Total_Oxalate,41,641,permuted_null,-0.04256677035804511
Total_Oxalate,41,642,permuted_null,-0.011226386323405842
Total_Oxalate,41,643,permuted_null,0.0931082186748757
Total_Oxalate,41,644,permuted_null,-0.2013068107506124
Total_Oxalate,41,645,permuted_null,-0.09047649864886492
Total_Oxalate,41,646,permuted_null,-0.11334272523252462
Total_Oxalate,41,647,permuted_null,0.002064111427858832
Total_Oxalate,41,648,permuted_null,-0.08157223733437113
Total_Oxalate,41,649,permuted_null,0.18157741653943865
Total_Oxalate,41,650,permuted_null,-0.11907596264436476
Total_Oxalate,41,651,permuted_null,-0.02723237758936764
Total_Oxalate,41,652,permuted_null,0.0770955299482348
Total_Oxalate,41,653,permuted_null,-0.07081076162573259
Total_Oxalate,41,654,permuted_null,0.1366524294621265
Total_Oxalate,41,655,permuted_null,-0.05058475344173985
Total_Oxalate,41,656,permuted_null,0.137370239415267
Total_Oxalate,41,657,permuted_null,-0.21149914487924626
Total_Oxalate,41,658,permuted_null,-0.054867879565638544
Total_Oxalate,41,659,permuted_null,-0.15137740101315955
Total_Oxalate,41,660,permuted_null,0.02269922345305532
Total_Oxalate,41,661,permuted_null,0.07768544818970032
Total_Oxalate,41,662,permuted_null,-0.18122792994148368
Total_Oxalate,41,663,permuted_null,0.15247552843355616
Total_Oxalate,41,664,permuted_null,-0.009382346227369703
Total_Oxalate,41,665,permuted_null,-0.012227185936270962
Total_Oxalate,41,666,permuted_null,0.01738247909700663
Total_Oxalate,41,667,permuted_null,-0.08341680729281178
Total_Oxalate,41,668,permuted_null,0.10766869166953014
Total_Oxalate,41,669,permuted_null,0.07558311754413849
Total_Oxalate,41,670,permuted_null,-0.03741454208247744
Total_Oxalate,41,671,permuted_null,0.009414223245072906
Total_Oxalate,41,672,permuted_null,-0.22177563209751797
Total_Oxalate,41,673,permuted_null,0.11668518457311579
Total_Oxalate,41,674,permuted_null,0.24977268772910594
Total_Oxalate,41,675,permuted_null,0.12067634809262863
Total_Oxalate,41,676,permuted_null,0.1634687169603256
Total_Oxalate,41,677,permuted_null,0.02260299932962534
Total_Oxalate,41,678,permuted_null,0.07738877264483143
Total_Oxalate,41,679,permuted_null,-0.08364160145016993
Total_Oxalate,41,680,permuted_null,0.06462477846440101
Total_Oxalate,41,681,permuted_null,-0.08191488616332354
Total_Oxalate,41,682,permuted_null,-0.04306785891729299
Total_Oxalate,41,683,permuted_null,0.15840061839302372
Total_Oxalate,41,684,permuted_null,0.006817366827525609
Total_Oxalate,41,685,permuted_null,0.09058722613750958
Total_Oxalate,41,686,permuted_null,-0.07480401132526021
Total_Oxalate,41,687,permuted_null,-0.2913244190679185
Total_Oxalate,41,688,permuted_null,0.05103050402467285
Total_Oxalate,41,689,permuted_null,-0.0324664328701238
Total_Oxalate,41,690,permuted_null,-0.12391914081735261
Total_Oxalate,41,691,permuted_null,0.030092423688824827
Total_Oxalate,41,692,permuted_null,-0.11756442479209187
Total_Oxalate,41,693,permuted_null,0.2252935801721303
Total_Oxalate,41,694,permuted_null,-0.27670847017303696
Total_Oxalate,41,695,permuted_null,0.09639177683026336
Total_Oxalate,41,696,permuted_null,0.09806363335219964
Total_Oxalate,41,697,permuted_null,-0.19061865521702795
Total_Oxalate,41,698,permuted_null,0.026563455115795068
Total_Oxalate,41,699,permuted_null,0.032529402607330254
Total_Oxalate,41,700,permuted_null,-0.09843734748442147
Total_Oxalate,41,701,permuted_null,-0.15526179965134002
Total_Oxalate,41,702,permuted_null,0.09171332203630012
Total_Oxalate,41,703,permuted_null,0.14844220927174084
Total_Oxalate,41,704,permuted_null,-0.05410634649469567
Total_Oxalate,41,705,permuted_null,0.08295910439142659
Total_Oxalate,41,706,permuted_null,-0.06231777264949863
Total_Oxalate,41,707,permuted_null,-0.1629323598851387
Total_Oxalate,41,708,permuted_null,0.06246653702613154
Total_Oxalate,41,709,permuted_null,-0.16655714760999776
Total_Oxalate,41,710,permuted_null,-0.11489054594758417
Total_Oxalate,41,711,permuted_null,-0.23175490843645205
Total_Oxalate,41,712,permuted_null,0.009790909578522845
Total_Oxalate,41,713,permuted_null,-0.034728680852476976
Total_Oxalate,41,714,permuted_null,0.05104216349126646
Total_Oxalate,41,715,permuted_null,-0.019824905015731552
Total_Oxalate,41,716,permuted_null,0.0710637462400345
Total_Oxalate,41,717,permuted_null,-0.05874744602626228
Total_Oxalate,41,718,permuted_null,-0.10300740340353443
Total_Oxalate,41,719,permuted_null,0.04038546593661607
Total_Oxalate,41,720,permuted_null,0.14540490547710475
Total_Oxalate,41,721,permuted_null,0.16073601577624946
Total_Oxalate,41,722,permuted_null,0.06431505286986833
Total_Oxalate,41,723,permuted_null,0.08288694279491994
Total_Oxalate,41,724,permuted_null,0.12482701927098444
Total_Oxalate,41,725,permuted_null,0.10274764995456041
Total_Oxalate,41,726,permuted_null,-0.025787252601086455
Total_Oxalate,41,727,permuted_null,-0.04931530666861646
Total_Oxalate,41,728,permuted_null,0.11556327022327556
Total_Oxalate,41,729,permuted_null,0.10588646575851085
Total_Oxalate,41,730,permuted_null,-0.039662151763531425
Total_Oxalate,41,731,permuted_null,-0.14567004157731533
Total_Oxalate,41,732,permuted_null,0.008652962153067302
Total_Oxalate,41,733,permuted_null,-0.04523200060987316
Total_Oxalate,41,734,permuted_null,0.010324729405915223
Total_Oxalate,41,735,permuted_null,-0.07792245919886688
Total_Oxalate,41,736,permuted_null,-0.07508680649236751
Total_Oxalate,41,737,permuted_null,-0.03505884304376593
Total_Oxalate,41,738,permuted_null,-0.14348416656430002
Total_Oxalate,41,739,permuted_null,-0.11488688201555225
Total_Oxalate,41,740,permuted_null,-0.033116768578733746
Total_Oxalate,41,741,permuted_null,-0.011278288679599804
Total_Oxalate,41,742,permuted_null,-0.06630061498054456
Total_Oxalate,41,743,permuted_null,-0.023014649622162972
Total_Oxalate,41,744,permuted_null,0.09156467857393889
Total_Oxalate,41,745,permuted_null,-0.07186850231317429
Total_Oxalate,41,746,permuted_null,0.17296634377914807
Total_Oxalate,41,747,permuted_null,-0.13626996115289214
Total_Oxalate,41,748,permuted_null,-0.09559463510954738
Total_Oxalate,41,749,permuted_null,0.02533341277063085
Total_Oxalate,41,750,permuted_null,-0.14338864838443552
Total_Oxalate,41,751,permuted_null,0.0976535706830587
Total_Oxalate,41,752,permuted_null,-0.14738418035360196
Total_Oxalate,41,753,permuted_null,0.018186979942763415
Total_Oxalate,41,754,permuted_null,0.1431130645137213
Total_Oxalate,41,755,permuted_null,-0.048349893678633585
Total_Oxalate,41,756,permuted_null,0.10474063225926405
Total_Oxalate,41,757,permuted_null,0.137366690830168
Total_Oxalate,41,758,permuted_null,0.09402592586782871
Total_Oxalate,41,759,permuted_null,0.03942436242803318
Total_Oxalate,41,760,permuted_null,-0.13778516068730112
Total_Oxalate,41,761,permuted_null,-0.16785978566172557
Total_Oxalate,41,762,permuted_null,0.10068362207477592
Total_Oxalate,41,763,permuted_null,0.0013136284146566396
Total_Oxalate,41,764,permuted_null,0.09989181225239831
Total_Oxalate,41,765,permuted_null,-0.065216273682226
Total_Oxalate,41,766,permuted_null,0.03566657425547817
Total_Oxalate,41,767,permuted_null,0.10026610737194372
Total_Oxalate,41,768,permuted_null,0.0314156987622147
Total_Oxalate,41,769,permuted_null,0.20584682794190137
Total_Oxalate,41,770,permuted_null,0.06746727406673302
Total_Oxalate,41,771,permuted_null,0.14047625628539986
Total_Oxalate,41,772,permuted_null,0.16428182254986748
Total_Oxalate,41,773,permuted_null,0.08553589012746249
Total_Oxalate,41,774,permuted_null,-0.04188334835328776
Total_Oxalate,41,775,permuted_null,-0.09983908319385329
Total_Oxalate,41,776,permuted_null,0.09065072476468711
Total_Oxalate,41,777,permuted_null,-0.14132338013029005
Total_Oxalate,41,778,permuted_null,0.1592847324932589
Total_Oxalate,41,779,permuted_null,0.12571838719755976
Total_Oxalate,41,780,permuted_null,0.05799810153069161
Total_Oxalate,41,781,permuted_null,-0.014532364813315275
Total_Oxalate,41,782,permuted_null,0.1447250359290181
Total_Oxalate,41,783,permuted_null,0.17804365081845247
Total_Oxalate,41,784,permuted_null,0.14977739890546193
Total_Oxalate,41,785,permuted_null,-0.004696001618405027
Total_Oxalate,41,786,permuted_null,-0.1444405765410165
Total_Oxalate,41,787,permuted_null,0.18719445717523267
Total_Oxalate,41,788,permuted_null,0.06077968660590336
Total_Oxalate,41,789,permuted_null,-0.31059949724866803
Total_Oxalate,41,790,permuted_null,-0.08324605953912084
Total_Oxalate,41,791,permuted_null,0.05065351853389996
Total_Oxalate,41,792,permuted_null,-0.18990385748968425
Total_Oxalate,41,793,permuted_null,-0.13232008705414935
Total_Oxalate,41,794,permuted_null,0.04657028656354966
Total_Oxalate,41,795,permuted_null,0.06886222381602224
Total_Oxalate,41,796,permuted_null,-0.06080232016949161
Total_Oxalate,41,797,permuted_null,0.27538869951702144
Total_Oxalate,41,798,permuted_null,0.01412152614331591
Total_Oxalate,41,799,permuted_null,0.06678587660219218
Total_Oxalate,41,800,permuted_null,-0.1362089937464379
Total_Oxalate,41,801,permuted_null,0.21372658558637928
Total_Oxalate,41,802,permuted_null,-0.0878732511165473
Total_Oxalate,41,803,permuted_null,-0.05749819396101641
Total_Oxalate,41,804,permuted_null,-0.06957050006275102
Total_Oxalate,41,805,permuted_null,-0.16240459593511797
Total_Oxalate,41,806,permuted_null,0.029044492902908586
Total_Oxalate,41,807,permuted_null,0.17164178430266608
Total_Oxalate,41,808,permuted_null,-0.10635881805554395
Total_Oxalate,41,809,permuted_null,0.05520830745548616
Total_Oxalate,41,810,permuted_null,-0.02144228815025504
Total_Oxalate,41,811,permuted_null,0.1233346714992904
Total_Oxalate,41,812,permuted_null,0.034219275119014035
Total_Oxalate,41,813,permuted_null,-0.0871642742249776
Total_Oxalate,41,814,permuted_null,0.1774049935648845
Total_Oxalate,41,815,permuted_null,-0.18760726298736025
Total_Oxalate,41,816,permuted_null,-0.010956344145344948
Total_Oxalate,41,817,permuted_null,-0.0778436646638247
Total_Oxalate,41,818,permuted_null,0.08191781933901592
Total_Oxalate,41,819,permuted_null,-0.10109582829133651
Total_Oxalate,41,820,permuted_null,0.16814085234338774
Total_Oxalate,41,821,permuted_null,0.19169517053480647
Total_Oxalate,41,822,permuted_null,0.14743792323307425
Total_Oxalate,41,823,permuted_null,-0.007110365922734466
Total_Oxalate,41,824,permuted_null,-0.01629489034172899
Total_Oxalate,41,825,permuted_null,0.18999604556395272
Total_Oxalate,41,826,permuted_null,0.032152188300554725
Total_Oxalate,41,827,permuted_null,0.06823309328297432
Total_Oxalate,41,828,permuted_null,0.034070992527042085
Total_Oxalate,41,829,permuted_null,0.001408788800273425
Total_Oxalate,41,830,permuted_null,-0.04176353952391847
Total_Oxalate,41,831,permuted_null,-0.20034758630819835
Total_Oxalate,41,832,permuted_null,0.059639390957154315
Total_Oxalate,41,833,permuted_null,-0.015700590220245503
Total_Oxalate,41,834,permuted_null,-0.20016807390902835
Total_Oxalate,41,835,permuted_null,0.019152035275473503
Total_Oxalate,41,836,permuted_null,0.07841021339778606
Total_Oxalate,41,837,permuted_null,0.014989905361036365
Total_Oxalate,41,838,permuted_null,-0.25205885440443176
Total_Oxalate,41,839,permuted_null,0.2674416840033967
Total_Oxalate,41,840,permuted_null,-0.14181276193343356
Total_Oxalate,41,841,permuted_null,-0.0883054809541578
Total_Oxalate,41,842,permuted_null,0.08348158845391691
Total_Oxalate,41,843,permuted_null,0.03638249936189061
Total_Oxalate,41,844,permuted_null,-0.008722143169968569
Total_Oxalate,41,845,permuted_null,-0.12606185341072398
Total_Oxalate,41,846,permuted_null,-0.1949940896396041
Total_Oxalate,41,847,permuted_null,-0.02996168674612354
Total_Oxalate,41,848,permuted_null,0.05390529692776219
Total_Oxalate,41,849,permuted_null,0.1169890148794907
Total_Oxalate,41,850,permuted_null,0.22912199611992004
Total_Oxalate,41,851,permuted_null,-0.00360979060800622
Total_Oxalate,41,852,permuted_null,0.14171645020345905
Total_Oxalate,41,853,permuted_null,0.05123980723671805
Total_Oxalate,41,854,permuted_null,0.051438013805968026
Total_Oxalate,41,855,permuted_null,0.1846821336972076
Total_Oxalate,41,856,permuted_null,0.07960013044132484
Total_Oxalate,41,857,permuted_null,0.19367556562398874
Total_Oxalate,41,858,permuted_null,0.155735867562803
Total_Oxalate,41,859,permuted_null,0.02617906307167174
Total_Oxalate,41,860,permuted_null,0.0454592914453672
Total_Oxalate,41,861,permuted_null,-0.018286751468451046
Total_Oxalate,41,862,permuted_null,0.021585084071407808
Total_Oxalate,41,863,permuted_null,0.11585498860750928
Total_Oxalate,41,864,permuted_null,0.010955279867907217
Total_Oxalate,41,865,permuted_null,-0.11795799090097871
Total_Oxalate,41,866,permuted_null,0.12856884168496127
Total_Oxalate,41,867,permuted_null,0.05561312296942262
Total_Oxalate,41,868,permuted_null,0.002614681854269149
Total_Oxalate,41,869,permuted_null,0.018112255342140268
Total_Oxalate,41,870,permuted_null,0.09833756475974709
Total_Oxalate,41,871,permuted_null,0.040610157449831236
Total_Oxalate,41,872,permuted_null,0.2769503247657984
Total_Oxalate,41,873,permuted_null,0.006242071455231896
Total_Oxalate,41,874,permuted_null,0.09916231493391656
Total_Oxalate,41,875,permuted_null,-0.25169873403217596
Total_Oxalate,41,876,permuted_null,-0.01973497857938603
Total_Oxalate,41,877,permuted_null,-0.04401332325632885
Total_Oxalate,41,878,permuted_null,0.11008972473549726
Total_Oxalate,41,879,permuted_null,0.002944691128021988
Total_Oxalate,41,880,permuted_null,-0.05449173448249438
Total_Oxalate,41,881,permuted_null,0.11177573401452848
Total_Oxalate,41,882,permuted_null,0.023254417465762213
Total_Oxalate,41,883,permuted_null,0.15564162187176095
Total_Oxalate,41,884,permuted_null,0.01683636397220606
Total_Oxalate,41,885,permuted_null,0.030103634071141132
Total_Oxalate,41,886,permuted_null,-0.004176487077138039
Total_Oxalate,41,887,permuted_null,-0.1090434820555262
Total_Oxalate,41,888,permuted_null,-0.08654731076666122
Total_Oxalate,41,889,permuted_null,0.10763525926387014
Total_Oxalate,41,890,permuted_null,-0.05037398050231671
Total_Oxalate,41,891,permuted_null,0.03674617707666414
Total_Oxalate,41,892,permuted_null,0.016653745518605854
Total_Oxalate,41,893,permuted_null,-0.11296218908436656
Total_Oxalate,41,894,permuted_null,0.12933257482452024
Total_Oxalate,41,895,permuted_null,0.09639594352225686
Total_Oxalate,41,896,permuted_null,-0.06519087118382247
Total_Oxalate,41,897,permuted_null,0.07123176822985146
Total_Oxalate,41,898,permuted_null,-0.07826394306784992
Total_Oxalate,41,899,permuted_null,0.002980516904474831
Total_Oxalate,41,900,permuted_null,-0.016990141589188268
Total_Oxalate,41,901,permuted_null,0.15256049197486626
Total_Oxalate,41,902,permuted_null,0.11291246513561642
Total_Oxalate,41,903,permuted_null,-0.1377879272777074
Total_Oxalate,41,904,permuted_null,-0.1449641581052358
Total_Oxalate,41,905,permuted_null,0.08905517315838095
Total_Oxalate,41,906,permuted_null,-0.07076663012765688
Total_Oxalate,41,907,permuted_null,-0.02628072319791914
Total_Oxalate,41,908,permuted_null,0.01059042032615698
Total_Oxalate,41,909,permuted_null,0.15914021366430892
Total_Oxalate,41,910,permuted_null,0.19563058931914815
Total_Oxalate,41,911,permuted_null,-0.008485159980648544
Total_Oxalate,41,912,permuted_null,-0.080353639624513
Total_Oxalate,41,913,permuted_null,0.030697071293261623
Total_Oxalate,41,914,permuted_null,0.15731671628458696
Total_Oxalate,41,915,permuted_null,-0.06615128149158606
Total_Oxalate,41,916,permuted_null,-0.02940910349577237
Total_Oxalate,41,917,permuted_null,0.1456142749270134
Total_Oxalate,41,918,permuted_null,-0.06241662821913243
Total_Oxalate,41,919,permuted_null,0.16176520172614417
Total_Oxalate,41,920,permuted_null,-0.024205563143742254
Total_Oxalate,41,921,permuted_null,0.1310982872469016
Total_Oxalate,41,922,permuted_null,0.013215979137917399
Total_Oxalate,41,923,permuted_null,0.08167226592125049
Total_Oxalate,41,924,permuted_null,-0.02563831302907859
Total_Oxalate,41,925,permuted_null,0.09442290798227429
Total_Oxalate,41,926,permuted_null,0.12168569047206858
Total_Oxalate,41,927,permuted_null,0.11153477874401119
Total_Oxalate,41,928,permuted_null,0.0861161971733496
Total_Oxalate,41,929,permuted_null,0.06258258704720678
Total_Oxalate,41,930,permuted_null,-0.006857455666129511
Total_Oxalate,41,931,permuted_null,0.12916587162083804
Total_Oxalate,41,932,permuted_null,0.09180436204101626
Total_Oxalate,41,933,permuted_null,0.33370399252270766
Total_Oxalate,41,934,permuted_null,0.17219203612151607
Total_Oxalate,41,935,permuted_null,0.08652362943392665
Total_Oxalate,41,936,permuted_null,0.021619081020668895
Total_Oxalate,41,937,permuted_null,-0.11296279910321358
Total_Oxalate,41,938,permuted_null,0.10718843277931053
Total_Oxalate,41,939,permuted_null,-0.16793034904333315
Total_Oxalate,41,940,permuted_null,-0.007844654889478836
Total_Oxalate,41,941,permuted_null,-0.12643786340284036
Total_Oxalate,41,942,permuted_null,-0.04268153854499786
Total_Oxalate,41,943,permuted_null,-0.19360254411318617
Total_Oxalate,41,944,permuted_null,-0.04894790493942448
Total_Oxalate,41,945,permuted_null,-0.0484050359814306
Total_Oxalate,41,946,permuted_null,0.14257026536084308
Total_Oxalate,41,947,permuted_null,0.1558644355294902
Total_Oxalate,41,948,permuted_null,-0.021628059243476577
Total_Oxalate,41,949,permuted_null,-0.14914572134872467
Total_Oxalate,41,950,permuted_null,-0.1053244698965064
Total_Oxalate,41,951,permuted_null,-0.01965507912241891
Total_Oxalate,41,952,permuted_null,0.17869085067866614
Total_Oxalate,41,953,permuted_null,0.04402261157450933
Total_Oxalate,41,954,permuted_null,0.13026182098308264
Total_Oxalate,41,955,permuted_null,0.05446388172442557
Total_Oxalate,41,956,permuted_null,0.11283572457801476
Total_Oxalate,41,957,permuted_null,0.1363947619492718
Total_Oxalate,41,958,permuted_null,-0.11445565777912234
Total_Oxalate,41,959,permuted_null,0.08757596519296773
Total_Oxalate,41,960,permuted_null,-0.1582173865081079
Total_Oxalate,41,961,permuted_null,0.1255249974154455
Total_Oxalate,41,962,permuted_null,0.02090212611419596
Total_Oxalate,41,963,permuted_null,0.01996027179521291
Total_Oxalate,41,964,permuted_null,0.0914215188919194
Total_Oxalate,41,965,permuted_null,-0.188167945798802
Total_Oxalate,41,966,permuted_null,0.17577399139532432
Total_Oxalate,41,967,permuted_null,-0.018494053092338786
Total_Oxalate,41,968,permuted_null,0.16382291108184124
Total_Oxalate,41,969,permuted_null,-0.005408139128069152
Total_Oxalate,41,970,permuted_null,-0.023933521055612417
Total_Oxalate,41,971,permuted_null,0.09392687476868657
Total_Oxalate,41,972,permuted_null,-0.052242873768183214
Total_Oxalate,41,973,permuted_null,-0.07820014355156732
Total_Oxalate,41,974,permuted_null,0.054352838621119635
Total_Oxalate,41,975,permuted_null,0.006198090935838327
Total_Oxalate,41,976,permuted_null,0.06742994736568456
Total_Oxalate,41,977,permuted_null,-0.056978514899638656
Total_Oxalate,41,978,permuted_null,-0.22542978146802076
Total_Oxalate,41,979,permuted_null,0.015418113032765357
Total_Oxalate,41,980,permuted_null,0.007716009242149088
Total_Oxalate,41,981,permuted_null,-0.05399490535885593
Total_Oxalate,41,982,permuted_null,0.09115674460008953
Total_Oxalate,41,983,permuted_null,0.15255698965579342
Total_Oxalate,41,984,permuted_null,0.05791525793075975
Total_Oxalate,41,985,permuted_null,-0.08969194857230578
Total_Oxalate,41,986,permuted_null,0.1227684102186305
Total_Oxalate,41,987,permuted_null,-0.24467486751098144
Total_Oxalate,41,988,permuted_null,0.01081398459197646
Total_Oxalate,41,989,permuted_null,0.008236725013263457
Total_Oxalate,41,990,permuted_null,0.1561523217061752
Total_Oxalate,41,991,permuted_null,-0.025957612129123384
Total_Oxalate,41,992,permuted_null,0.13233614718960118
Total_Oxalate,41,993,permuted_null,0.09019707466703192
Total_Oxalate,41,994,permuted_null,-0.4045455111254129
Total_Oxalate,41,995,permuted_null,0.04023223687197011
Total_Oxalate,41,996,permuted_null,-0.29262884933484046
Total_Oxalate,41,997,permuted_null,0.01549048508590814
Total_Oxalate,41,998,permuted_null,0.059712419970167505
Total_Oxalate,41,999,permuted_null,0.044115430712967744
Soluble_Oxalate,41,0,observed,0.0982541280693883
Soluble_Oxalate,41,1,observed,0.1315635740764348
Soluble_Oxalate,41,2,observed,-0.13030463452700256
Soluble_Oxalate,41,3,observed,-0.023551623149558602
Soluble_Oxalate,41,4,observed,0.05480954637640247
Soluble_Oxalate,41,5,observed,0.032718622199441744
Soluble_Oxalate,41,6,observed,0.14034545496107964
Soluble_Oxalate,41,7,observed,0.05429802252392002
Soluble_Oxalate,41,8,observed,0.010232674317040391
Soluble_Oxalate,41,9,observed,-0.002000360034876046
Soluble_Oxalate,41,10,observed,0.11145537044576034
Soluble_Oxalate,41,11,observed,0.1107876616584304
Soluble_Oxalate,41,12,observed,0.029045991379780187
Soluble_Oxalate,41,13,observed,0.08870143367119582
Soluble_Oxalate,41,14,observed,0.03652629222152431
Soluble_Oxalate,41,15,observed,0.102224412005086
Soluble_Oxalate,41,16,observed,0.1465188460683281
Soluble_Oxalate,41,17,observed,0.2054565941308455
Soluble_Oxalate,41,18,observed,0.11457187099934489
Soluble_Oxalate,41,19,observed,0.07193644349324087
Soluble_Oxalate,41,20,observed,-0.033318235846078764
Soluble_Oxalate,41,21,observed,-0.11727167507341738
Soluble_Oxalate,41,22,observed,0.17930406281496178
Soluble_Oxalate,41,23,observed,0.028515945952570135
Soluble_Oxalate,41,24,observed,0.05724824812939344
Soluble_Oxalate,41,25,observed,0.14291422355059896
Soluble_Oxalate,41,26,observed,0.16373582433179842
Soluble_Oxalate,41,27,observed,0.09058631021986482
Soluble_Oxalate,41,28,observed,0.13422728062306247
Soluble_Oxalate,41,29,observed,0.20325824297912415
Soluble_Oxalate,41,30,observed,-0.12719595727620073
Soluble_Oxalate,41,31,observed,0.13321567363327635
Soluble_Oxalate,41,32,observed,0.12572213530169277
Soluble_Oxalate,41,33,observed,0.046323488153701936
Soluble_Oxalate,41,34,observed,0.1930201172031499
Soluble_Oxalate,41,35,observed,0.0027864751389083536
Soluble_Oxalate,41,36,observed,0.10966699155906076
Soluble_Oxalate,41,37,observed,0.04502556707412685
Soluble_Oxalate,41,38,observed,0.1796440498954095
Soluble_Oxalate,41,39,observed,0.13936019161214874
Soluble_Oxalate,41,40,observed,-0.0054714446675176685
Soluble_Oxalate,41,41,observed,0.04830516871892206
Soluble_Oxalate,41,42,observed,-0.034583156379011354
Soluble_Oxalate,41,43,observed,0.23505185800305378
Soluble_Oxalate,41,44,observed,0.0893111083706533
Soluble_Oxalate,41,45,observed,0.01648086757395019
Soluble_Oxalate,41,46,observed,0.08206182713821694
Soluble_Oxalate,41,47,observed,0.161207149623645
Soluble_Oxalate,41,48,observed,0.10520617669206925
Soluble_Oxalate,41,49,observed,0.07000542184043206
Soluble_Oxalate,41,0,permuted_null,-0.025942116356357597
Soluble_Oxalate,41,1,permuted_null,-0.033757814753751864
Soluble_Oxalate,41,2,permuted_null,0.1763938079679097
Soluble_Oxalate,41,3,permuted_null,0.13291806824597865
Soluble_Oxalate,41,4,permuted_null,0.12318867895802608
Soluble_Oxalate,41,5,permuted_null,-0.08921034065861619
Soluble_Oxalate,41,6,permuted_null,0.033744686105488905
Soluble_Oxalate,41,7,permuted_null,0.0038528973855502524
Soluble_Oxalate,41,8,permuted_null,-0.03416538820203209
Soluble_Oxalate,41,9,permuted_null,0.1495421684304431
Soluble_Oxalate,41,10,permuted_null,0.18101925243763953
Soluble_Oxalate,41,11,permuted_null,0.18376487190263682
Soluble_Oxalate,41,12,permuted_null,0.08795983214046149
Soluble_Oxalate,41,13,permuted_null,-0.10144565655742392
Soluble_Oxalate,41,14,permuted_null,-0.003297261687239525
Soluble_Oxalate,41,15,permuted_null,-0.10839624762085584
Soluble_Oxalate,41,16,permuted_null,0.05356157562496043
Soluble_Oxalate,41,17,permuted_null,0.015417168639117464
Soluble_Oxalate,41,18,permuted_null,-0.02557136310424426
Soluble_Oxalate,41,19,permuted_null,-0.18560636501307656
Soluble_Oxalate,41,20,permuted_null,0.06925925662265936
Soluble_Oxalate,41,21,permuted_null,-0.018508745074005933
Soluble_Oxalate,41,22,permuted_null,0.06602405114963372
Soluble_Oxalate,41,23,permuted_null,-0.10173591550672181
Soluble_Oxalate,41,24,permuted_null,-0.07392145003552995
Soluble_Oxalate,41,25,permuted_null,-0.1701941154360642
Soluble_Oxalate,41,26,permuted_null,0.04515279908002841
Soluble_Oxalate,41,27,permuted_null,-0.2009952896162443
Soluble_Oxalate,41,28,permuted_null,-0.12815471666064643
Soluble_Oxalate,41,29,permuted_null,-0.0266373960209764
Soluble_Oxalate,41,30,permuted_null,0.18273891689034327
Soluble_Oxalate,41,31,permuted_null,0.22580166375413385
Soluble_Oxalate,41,32,permuted_null,-0.01597638117708788
Soluble_Oxalate,41,33,permuted_null,-0.15950978391435183
Soluble_Oxalate,41,34,permuted_null,0.18748063747713556
Soluble_Oxalate,41,35,permuted_null,-0.12287219543259753
Soluble_Oxalate,41,36,permuted_null,-0.01483091416449965
Soluble_Oxalate,41,37,permuted_null,0.07672048407644393
Soluble_Oxalate,41,38,permuted_null,-0.11166445905659592
Soluble_Oxalate,41,39,permuted_null,0.12365871271537912
Soluble_Oxalate,41,40,permuted_null,0.10569992261762942
Soluble_Oxalate,41,41,permuted_null,-0.1786095431362879
Soluble_Oxalate,41,42,permuted_null,-0.0467738515415331
Soluble_Oxalate,41,43,permuted_null,-0.010120915905979674
Soluble_Oxalate,41,44,permuted_null,-0.03629480989321255
Soluble_Oxalate,41,45,permuted_null,-0.090745090289853
Soluble_Oxalate,41,46,permuted_null,0.008274475294329932
Soluble_Oxalate,41,47,permuted_null,-0.2042706840029827
Soluble_Oxalate,41,48,permuted_null,-0.03524248016916183
Soluble_Oxalate,41,49,permuted_null,0.025960314860508996
Soluble_Oxalate,41,50,permuted_null,-0.11920269470016512
Soluble_Oxalate,41,51,permuted_null,-0.017139320176438946
Soluble_Oxalate,41,52,permuted_null,-0.032101743445336305
Soluble_Oxalate,41,53,permuted_null,-0.06128895896595636
Soluble_Oxalate,41,54,permuted_null,-0.2655509393038243
Soluble_Oxalate,41,55,permuted_null,-0.16105693644454114
Soluble_Oxalate,41,56,permuted_null,-0.1870518344471349
Soluble_Oxalate,41,57,permuted_null,0.32087301342367636
Soluble_Oxalate,41,58,permuted_null,-0.11221368393186237
Soluble_Oxalate,41,59,permuted_null,-0.14182758111104837
Soluble_Oxalate,41,60,permuted_null,0.3218209131085417
Soluble_Oxalate,41,61,permuted_null,-0.2399878250099665
Soluble_Oxalate,41,62,permuted_null,0.12833789191841255
Soluble_Oxalate,41,63,permuted_null,0.05464532344107787
Soluble_Oxalate,41,64,permuted_null,0.017213706377955204
Soluble_Oxalate,41,65,permuted_null,0.04474819890914991
Soluble_Oxalate,41,66,permuted_null,0.15415924198326467
Soluble_Oxalate,41,67,permuted_null,-0.12328659376784802
Soluble_Oxalate,41,68,permuted_null,0.04040608409979862
Soluble_Oxalate,41,69,permuted_null,-0.0717996741457965
Soluble_Oxalate,41,70,permuted_null,-0.20080678891345788
Soluble_Oxalate,41,71,permuted_null,-0.29598733931008414
Soluble_Oxalate,41,72,permuted_null,-0.05262271583745743
Soluble_Oxalate,41,73,permuted_null,0.09288695221163057
Soluble_Oxalate,41,74,permuted_null,0.23773262771028394
Soluble_Oxalate,41,75,permuted_null,-0.055516517402979165
Soluble_Oxalate,41,76,permuted_null,0.07197252323870948
Soluble_Oxalate,41,77,permuted_null,-0.07851717562553137
Soluble_Oxalate,41,78,permuted_null,0.152498558100252
Soluble_Oxalate,41,79,permuted_null,-0.062487563453119635
Soluble_Oxalate,41,80,permuted_null,0.03783305733373332
Soluble_Oxalate,41,81,permuted_null,0.029215504746604573
Soluble_Oxalate,41,82,permuted_null,0.05868644095260491
Soluble_Oxalate,41,83,permuted_null,0.06410951809034166
Soluble_Oxalate,41,84,permuted_null,-0.18281333756042792
Soluble_Oxalate,41,85,permuted_null,0.08239012997482197
Soluble_Oxalate,41,86,permuted_null,-0.08108997734609197
Soluble_Oxalate,41,87,permuted_null,0.08209792751412107
Soluble_Oxalate,41,88,permuted_null,-0.10567381531916854
Soluble_Oxalate,41,89,permuted_null,-0.04548817653972426
Soluble_Oxalate,41,90,permuted_null,0.07362883921284097
Soluble_Oxalate,41,91,permuted_null,0.0013460020121541308
Soluble_Oxalate,41,92,permuted_null,-0.10952414000080342
Soluble_Oxalate,41,93,permuted_null,0.14139193477153178
Soluble_Oxalate,41,94,permuted_null,-0.08934923590182818
Soluble_Oxalate,41,95,permuted_null,0.25435725275845733
Soluble_Oxalate,41,96,permuted_null,-0.0018602281082626543
Soluble_Oxalate,41,97,permuted_null,0.13118925897211986
Soluble_Oxalate,41,98,permuted_null,0.09931094672561011
Soluble_Oxalate,41,99,permuted_null,0.08692385462723588
Soluble_Oxalate,41,100,permuted_null,0.20164436124873075
Soluble_Oxalate,41,101,permuted_null,0.04166825530547748
Soluble_Oxalate,41,102,permuted_null,-0.17303271746722637
Soluble_Oxalate,41,103,permuted_null,0.09428589525485125
Soluble_Oxalate,41,104,permuted_null,-0.23183504056291357
Soluble_Oxalate,41,105,permuted_null,0.017528514563004444
Soluble_Oxalate,41,106,permuted_null,0.05606132920997652
Soluble_Oxalate,41,107,permuted_null,-0.005605925071105834
Soluble_Oxalate,41,108,permuted_null,0.0055917173654060695
Soluble_Oxalate,41,109,permuted_null,-0.01967126864091548
Soluble_Oxalate,41,110,permuted_null,-0.03755515995247492
Soluble_Oxalate,41,111,permuted_null,0.04920362427609887
Soluble_Oxalate,41,112,permuted_null,-0.05782851111964621
Soluble_Oxalate,41,113,permuted_null,0.009453222036848147
Soluble_Oxalate,41,114,permuted_null,-0.03436189736552157
Soluble_Oxalate,41,115,permuted_null,0.0759860255415545
Soluble_Oxalate,41,116,permuted_null,-0.10487905358044328
Soluble_Oxalate,41,117,permuted_null,0.11283048459772338
Soluble_Oxalate,41,118,permuted_null,-0.1997986234178386
Soluble_Oxalate,41,119,permuted_null,0.049741070073550796
Soluble_Oxalate,41,120,permuted_null,-0.013447247421194214
Soluble_Oxalate,41,121,permuted_null,0.13095218546098403
Soluble_Oxalate,41,122,permuted_null,0.04575628700602044
Soluble_Oxalate,41,123,permuted_null,-0.11201979932557433
Soluble_Oxalate,41,124,permuted_null,-0.005522587083821508
Soluble_Oxalate,41,125,permuted_null,0.01959772362317516
Soluble_Oxalate,41,126,permuted_null,0.02262515211941385
Soluble_Oxalate,41,127,permuted_null,-0.2062657523476517
Soluble_Oxalate,41,128,permuted_null,0.023699951865207285
Soluble_Oxalate,41,129,permuted_null,-0.043629119261712826
Soluble_Oxalate,41,130,permuted_null,-0.1618715350455663
Soluble_Oxalate,41,131,permuted_null,0.12802327101030983
Soluble_Oxalate,41,132,permuted_null,-0.16572478435752497
Soluble_Oxalate,41,133,permuted_null,-0.14097754301062176
Soluble_Oxalate,41,134,permuted_null,-0.0052741550102829715
Soluble_Oxalate,41,135,permuted_null,-0.25394402321940446
Soluble_Oxalate,41,136,permuted_null,-0.020616503462244244
Soluble_Oxalate,41,137,permuted_null,0.019815901601045155
Soluble_Oxalate,41,138,permuted_null,0.045969238234185514
Soluble_Oxalate,41,139,permuted_null,-0.16191119761737918
Soluble_Oxalate,41,140,permuted_null,-0.05063276249781751
Soluble_Oxalate,41,141,permuted_null,-0.06180221458139165
Soluble_Oxalate,41,142,permuted_null,0.06439035465662392
Soluble_Oxalate,41,143,permuted_null,0.004745312426440395
Soluble_Oxalate,41,144,permuted_null,0.13828896916803554
Soluble_Oxalate,41,145,permuted_null,0.10350483606861761
Soluble_Oxalate,41,146,permuted_null,-0.17975666381854907
Soluble_Oxalate,41,147,permuted_null,-0.17612341582742563
Soluble_Oxalate,41,148,permuted_null,-0.010614490004751405
Soluble_Oxalate,41,149,permuted_null,0.049913994514260866
Soluble_Oxalate,41,150,permuted_null,-0.017732944210851143
Soluble_Oxalate,41,151,permuted_null,0.27255767131274133
Soluble_Oxalate,41,152,permuted_null,-0.15896879081316367
Soluble_Oxalate,41,153,permuted_null,0.051085641692525705
Soluble_Oxalate,41,154,permuted_null,-0.032837964228965726
Soluble_Oxalate,41,155,permuted_null,0.16744924390719218
Soluble_Oxalate,41,156,permuted_null,-0.13872296049183322
Soluble_Oxalate,41,157,permuted_null,0.12229876830230559
Soluble_Oxalate,41,158,permuted_null,-0.15389834380596998
Soluble_Oxalate,41,159,permuted_null,-0.03121368301886275
Soluble_Oxalate,41,160,permuted_null,-0.21277308686553092
Soluble_Oxalate,41,161,permuted_null,0.17205325639038715
Soluble_Oxalate,41,162,permuted_null,-0.026234756436767648
Soluble_Oxalate,41,163,permuted_null,-0.0413286729390975
Soluble_Oxalate,41,164,permuted_null,0.057433938795914796
Soluble_Oxalate,41,165,permuted_null,-0.045919249096170955
Soluble_Oxalate,41,166,permuted_null,0.050447697808753904
Soluble_Oxalate,41,167,permuted_null,0.2678169678694603
Soluble_Oxalate,41,168,permuted_null,0.16925701661495166
Soluble_Oxalate,41,169,permuted_null,0.02716330859143777
Soluble_Oxalate,41,170,permuted_null,0.0952527981650628
Soluble_Oxalate,41,171,permuted_null,-0.001785730794092586
Soluble_Oxalate,41,172,permuted_null,0.033837013482189066
Soluble_Oxalate,41,173,permuted_null,0.12368308060259472
Soluble_Oxalate,41,174,permuted_null,-0.010188699157427344
Soluble_Oxalate,41,175,permuted_null,0.24486591903357494
Soluble_Oxalate,41,176,permuted_null,-0.016276986740523983
Soluble_Oxalate,41,177,permuted_null,0.03198926316770262
Soluble_Oxalate,41,178,permuted_null,-0.06157529661077465
Soluble_Oxalate,41,179,permuted_null,0.11023070331895238
Soluble_Oxalate,41,180,permuted_null,-0.07734649611737088
Soluble_Oxalate,41,181,permuted_null,-0.07416360904954077
Soluble_Oxalate,41,182,permuted_null,0.21609794253018857
Soluble_Oxalate,41,183,permuted_null,-0.017354081037825694
Soluble_Oxalate,41,184,permuted_null,0.1335264240161556
Soluble_Oxalate,41,185,permuted_null,0.04990013054481138
Soluble_Oxalate,41,186,permuted_null,-0.12686319906463314
Soluble_Oxalate,41,187,permuted_null,-0.008161394858182791
Soluble_Oxalate,41,188,permuted_null,0.030069592718384913
Soluble_Oxalate,41,189,permuted_null,0.046960680918803815
Soluble_Oxalate,41,190,permuted_null,-0.13953650512350463
Soluble_Oxalate,41,191,permuted_null,0.07238612461844361
Soluble_Oxalate,41,192,permuted_null,0.11296111861224586
Soluble_Oxalate,41,193,permuted_null,0.06203496801635627
Soluble_Oxalate,41,194,permuted_null,0.05097301595963136
Soluble_Oxalate,41,195,permuted_null,-0.04496180734075023
Soluble_Oxalate,41,196,permuted_null,-0.204494760365322
Soluble_Oxalate,41,197,permuted_null,-0.015605940410950175
Soluble_Oxalate,41,198,permuted_null,-0.04749228343928409
Soluble_Oxalate,41,199,permuted_null,0.06214747955987577
Soluble_Oxalate,41,200,permuted_null,0.19012840700183814
Soluble_Oxalate,41,201,permuted_null,-0.038777805378799754
Soluble_Oxalate,41,202,permuted_null,0.05097989261569019
Soluble_Oxalate,41,203,permuted_null,-0.08148578575026574
Soluble_Oxalate,41,204,permuted_null,-0.04142188732592192
Soluble_Oxalate,41,205,permuted_null,0.038426984078856176
Soluble_Oxalate,41,206,permuted_null,-0.007044674031526442
Soluble_Oxalate,41,207,permuted_null,0.13224839886291884
Soluble_Oxalate,41,208,permuted_null,0.10109233450781069
Soluble_Oxalate,41,209,permuted_null,0.040621606258804906
Soluble_Oxalate,41,210,permuted_null,0.09781097335352065
Soluble_Oxalate,41,211,permuted_null,0.008325736564117982
Soluble_Oxalate,41,212,permuted_null,-0.03962648960077094
Soluble_Oxalate,41,213,permuted_null,0.09536995490191559
Soluble_Oxalate,41,214,permuted_null,0.09514880383998504
Soluble_Oxalate,41,215,permuted_null,0.031460449734168346
Soluble_Oxalate,41,216,permuted_null,-0.1243726006281591
Soluble_Oxalate,41,217,permuted_null,-0.009318813534626817
Soluble_Oxalate,41,218,permuted_null,0.076094083025673
Soluble_Oxalate,41,219,permuted_null,-0.1283589429083773
Soluble_Oxalate,41,220,permuted_null,0.2343906521565328
Soluble_Oxalate,41,221,permuted_null,0.03303141886914856
Soluble_Oxalate,41,222,permuted_null,0.11039687651828531
Soluble_Oxalate,41,223,permuted_null,0.06172030988722513
Soluble_Oxalate,41,224,permuted_null,0.0064473461008459805
Soluble_Oxalate,41,225,permuted_null,0.201064759972641
Soluble_Oxalate,41,226,permuted_null,0.07598755327313783
Soluble_Oxalate,41,227,permuted_null,-0.12635587007127452
Soluble_Oxalate,41,228,permuted_null,-0.27281843112781246
Soluble_Oxalate,41,229,permuted_null,0.031675592480665433
Soluble_Oxalate,41,230,permuted_null,-0.0008363938637477551
Soluble_Oxalate,41,231,permuted_null,0.19285426634241115
Soluble_Oxalate,41,232,permuted_null,-0.18240429732146954
Soluble_Oxalate,41,233,permuted_null,-0.055169341718636355
Soluble_Oxalate,41,234,permuted_null,-0.023167595514737307
Soluble_Oxalate,41,235,permuted_null,0.17081080598597456
Soluble_Oxalate,41,236,permuted_null,0.18415978832487187
Soluble_Oxalate,41,237,permuted_null,0.05081749329490713
Soluble_Oxalate,41,238,permuted_null,-0.08222718825255405
Soluble_Oxalate,41,239,permuted_null,0.08780007527648134
Soluble_Oxalate,41,240,permuted_null,0.05164334159402602
Soluble_Oxalate,41,241,permuted_null,-0.0682812627586594
Soluble_Oxalate,41,242,permuted_null,0.09594291562196386
Soluble_Oxalate,41,243,permuted_null,0.11164692662370793
Soluble_Oxalate,41,244,permuted_null,0.02967345571301102
Soluble_Oxalate,41,245,permuted_null,0.06446819013725996
Soluble_Oxalate,41,246,permuted_null,-0.12600348576744302
Soluble_Oxalate,41,247,permuted_null,0.052641922410740484
Soluble_Oxalate,41,248,permuted_null,-0.023079552652097268
Soluble_Oxalate,41,249,permuted_null,-0.08143962246769786
Soluble_Oxalate,41,250,permuted_null,0.06178137592162917
Soluble_Oxalate,41,251,permuted_null,0.07680302728706992
Soluble_Oxalate,41,252,permuted_null,0.10411849319078832
Soluble_Oxalate,41,253,permuted_null,0.015235268117915115
Soluble_Oxalate,41,254,permuted_null,0.017846278285860363
Soluble_Oxalate,41,255,permuted_null,0.010203327299869318
Soluble_Oxalate,41,256,permuted_null,0.04501180035215292
Soluble_Oxalate,41,257,permuted_null,-0.031043196106232795
Soluble_Oxalate,41,258,permuted_null,-0.036243699828807346
Soluble_Oxalate,41,259,permuted_null,0.02825410379377477
Soluble_Oxalate,41,260,permuted_null,-0.007169834562402031
Soluble_Oxalate,41,261,permuted_null,0.08552818703956355
Soluble_Oxalate,41,262,permuted_null,0.03429905200797494
Soluble_Oxalate,41,263,permuted_null,0.07100148485936099
Soluble_Oxalate,41,264,permuted_null,-0.05000060508808806
Soluble_Oxalate,41,265,permuted_null,0.18978803072659253
Soluble_Oxalate,41,266,permuted_null,-0.05161022135309794
Soluble_Oxalate,41,267,permuted_null,-0.15827458839165295
Soluble_Oxalate,41,268,permuted_null,-0.037582379362367094
Soluble_Oxalate,41,269,permuted_null,0.04817763771117433
Soluble_Oxalate,41,270,permuted_null,-0.019414526459067848
Soluble_Oxalate,41,271,permuted_null,0.04562995822688456
Soluble_Oxalate,41,272,permuted_null,0.035689059762469964
Soluble_Oxalate,41,273,permuted_null,-0.10022111318304351
Soluble_Oxalate,41,274,permuted_null,-0.019697950285668602
Soluble_Oxalate,41,275,permuted_null,0.2039549982693969
Soluble_Oxalate,41,276,permuted_null,0.012990457038463528
Soluble_Oxalate,41,277,permuted_null,0.021418101658544297
Soluble_Oxalate,41,278,permuted_null,0.16273543614503852
Soluble_Oxalate,41,279,permuted_null,-0.14220542317816154
Soluble_Oxalate,41,280,permuted_null,-0.15990566427609837
Soluble_Oxalate,41,281,permuted_null,0.08892910319761513
Soluble_Oxalate,41,282,permuted_null,-0.07592657756524789
Soluble_Oxalate,41,283,permuted_null,0.13152755128735283
Soluble_Oxalate,41,284,permuted_null,0.18209703920490777
Soluble_Oxalate,41,285,permuted_null,-0.10032418027724915
Soluble_Oxalate,41,286,permuted_null,0.2953602678681342
Soluble_Oxalate,41,287,permuted_null,0.3195474237173438
Soluble_Oxalate,41,288,permuted_null,0.10890153991661368
Soluble_Oxalate,41,289,permuted_null,-0.10975400235926358
Soluble_Oxalate,41,290,permuted_null,-0.05739472714626844
Soluble_Oxalate,41,291,permuted_null,0.029592948780959527
Soluble_Oxalate,41,292,permuted_null,-0.10031193443131775
Soluble_Oxalate,41,293,permuted_null,0.0782605767676437
Soluble_Oxalate,41,294,permuted_null,0.024680474858497753
Soluble_Oxalate,41,295,permuted_null,-0.08693279611023376
Soluble_Oxalate,41,296,permuted_null,-0.02964719181662441
Soluble_Oxalate,41,297,permuted_null,0.19995784490586932
Soluble_Oxalate,41,298,permuted_null,0.02842589628601609
Soluble_Oxalate,41,299,permuted_null,0.003057335269143993
Soluble_Oxalate,41,300,permuted_null,-0.13538963805329396
Soluble_Oxalate,41,301,permuted_null,0.08226296219292925
Soluble_Oxalate,41,302,permuted_null,0.18041962197196415
Soluble_Oxalate,41,303,permuted_null,0.10358107193909394
Soluble_Oxalate,41,304,permuted_null,0.23194289824463674
Soluble_Oxalate,41,305,permuted_null,-0.007655927033270393
Soluble_Oxalate,41,306,permuted_null,-0.16282568933279956
Soluble_Oxalate,41,307,permuted_null,-0.050286394687015484
Soluble_Oxalate,41,308,permuted_null,-0.09024088741366185
Soluble_Oxalate,41,309,permuted_null,0.08601595351589934
Soluble_Oxalate,41,310,permuted_null,-0.04175802235984223
Soluble_Oxalate,41,311,permuted_null,0.06737413727269304
Soluble_Oxalate,41,312,permuted_null,0.05225113293845296
Soluble_Oxalate,41,313,permuted_null,0.04899540242026264
Soluble_Oxalate,41,314,permuted_null,-0.07189604911728724
Soluble_Oxalate,41,315,permuted_null,-0.06263691460760555
Soluble_Oxalate,41,316,permuted_null,-0.05419993249921671
Soluble_Oxalate,41,317,permuted_null,-0.002080435660484249
Soluble_Oxalate,41,318,permuted_null,0.14261404393442237
Soluble_Oxalate,41,319,permuted_null,0.026719638373966806
Soluble_Oxalate,41,320,permuted_null,0.061763995529418025
Soluble_Oxalate,41,321,permuted_null,0.03892141257824935
Soluble_Oxalate,41,322,permuted_null,-0.18560450119772107
Soluble_Oxalate,41,323,permuted_null,-0.10733289597991277
Soluble_Oxalate,41,324,permuted_null,0.06566517044721996
Soluble_Oxalate,41,325,permuted_null,-0.027703516452799667
Soluble_Oxalate,41,326,permuted_null,0.030484771231175545
Soluble_Oxalate,41,327,permuted_null,-0.13284844816890795
Soluble_Oxalate,41,328,permuted_null,-0.014211823255623993
Soluble_Oxalate,41,329,permuted_null,0.17503717905837274
Soluble_Oxalate,41,330,permuted_null,0.006323679869430089
Soluble_Oxalate,41,331,permuted_null,-0.09554197878385398
Soluble_Oxalate,41,332,permuted_null,0.020498038074616864
Soluble_Oxalate,41,333,permuted_null,0.07600491829174268
Soluble_Oxalate,41,334,permuted_null,0.12649159654488895
Soluble_Oxalate,41,335,permuted_null,0.09545697704082298
Soluble_Oxalate,41,336,permuted_null,0.12475323417272295
Soluble_Oxalate,41,337,permuted_null,0.039891332478143485
Soluble_Oxalate,41,338,permuted_null,-0.029598798334763907
Soluble_Oxalate,41,339,permuted_null,-0.17216609904810723
Soluble_Oxalate,41,340,permuted_null,0.17845966879768776
Soluble_Oxalate,41,341,permuted_null,0.03364391014660188
Soluble_Oxalate,41,342,permuted_null,-0.105920753208183
Soluble_Oxalate,41,343,permuted_null,-0.2965886740706605
Soluble_Oxalate,41,344,permuted_null,0.12337567981519637
Soluble_Oxalate,41,345,permuted_null,0.028481451409472332
Soluble_Oxalate,41,346,permuted_null,-0.21412686459787228
Soluble_Oxalate,41,347,permuted_null,-0.2775837054852879
Soluble_Oxalate,41,348,permuted_null,0.006949496673033233
Soluble_Oxalate,41,349,permuted_null,-0.08337572122676998
Soluble_Oxalate,41,350,permuted_null,-0.14561320288709645
Soluble_Oxalate,41,351,permuted_null,-0.1017777850069913
Soluble_Oxalate,41,352,permuted_null,-0.0020149194731581416
Soluble_Oxalate,41,353,permuted_null,0.0959000460189265
Soluble_Oxalate,41,354,permuted_null,-0.040993186094626446
Soluble_Oxalate,41,355,permuted_null,0.18280672692692146
Soluble_Oxalate,41,356,permuted_null,0.025314697132734078
Soluble_Oxalate,41,357,permuted_null,0.04799025810597694
Soluble_Oxalate,41,358,permuted_null,0.11404456246169464
Soluble_Oxalate,41,359,permuted_null,0.09146236136713798
Soluble_Oxalate,41,360,permuted_null,-0.04222467936989595
Soluble_Oxalate,41,361,permuted_null,-0.04988187903722635
Soluble_Oxalate,41,362,permuted_null,0.06767318030969507
Soluble_Oxalate,41,363,permuted_null,0.06298671962211604
Soluble_Oxalate,41,364,permuted_null,0.2385631062100309
Soluble_Oxalate,41,365,permuted_null,0.0893274045770055
Soluble_Oxalate,41,366,permuted_null,0.1178856050958416
Soluble_Oxalate,41,367,permuted_null,0.027235397753162603
Soluble_Oxalate,41,368,permuted_null,0.1305906482731089
Soluble_Oxalate,41,369,permuted_null,0.14159806085885912
Soluble_Oxalate,41,370,permuted_null,0.0336196221692265
Soluble_Oxalate,41,371,permuted_null,-0.19819600891892108
Soluble_Oxalate,41,372,permuted_null,-0.22311116617840016
Soluble_Oxalate,41,373,permuted_null,-0.10657246530291868
Soluble_Oxalate,41,374,permuted_null,-0.044323518986248235
Soluble_Oxalate,41,375,permuted_null,0.04996659568152597
Soluble_Oxalate,41,376,permuted_null,-0.19544424688201822
Soluble_Oxalate,41,377,permuted_null,0.024303573303160776
Soluble_Oxalate,41,378,permuted_null,-0.00012477601743425548
Soluble_Oxalate,41,379,permuted_null,0.11693519259745615
Soluble_Oxalate,41,380,permuted_null,0.1965894633662624
Soluble_Oxalate,41,381,permuted_null,0.018071028054742352
Soluble_Oxalate,41,382,permuted_null,0.08447832919217604
Soluble_Oxalate,41,383,permuted_null,-0.09943268738524025
Soluble_Oxalate,41,384,permuted_null,-0.07471711990095567
Soluble_Oxalate,41,385,permuted_null,-0.03926507473389361
Soluble_Oxalate,41,386,permuted_null,0.13674913848680742
Soluble_Oxalate,41,387,permuted_null,-0.06608115009622709
Soluble_Oxalate,41,388,permuted_null,0.09837616818352879
Soluble_Oxalate,41,389,permuted_null,-0.02957914731491837
Soluble_Oxalate,41,390,permuted_null,0.08769541506017646
Soluble_Oxalate,41,391,permuted_null,0.044273925411434184
Soluble_Oxalate,41,392,permuted_null,0.09312431907750092
Soluble_Oxalate,41,393,permuted_null,-0.11661917579231135
Soluble_Oxalate,41,394,permuted_null,0.19117762914496292
Soluble_Oxalate,41,395,permuted_null,0.026431859020258977
Soluble_Oxalate,41,396,permuted_null,-0.028802272697788123
Soluble_Oxalate,41,397,permuted_null,0.1115789541564916
Soluble_Oxalate,41,398,permuted_null,0.02129822329651676
Soluble_Oxalate,41,399,permuted_null,0.10566817707959905
Soluble_Oxalate,41,400,permuted_null,-0.04252284170452618
Soluble_Oxalate,41,401,permuted_null,0.20781386493416534
Soluble_Oxalate,41,402,permuted_null,0.29864384915721076
Soluble_Oxalate,41,403,permuted_null,0.24916653421901006
Soluble_Oxalate,41,404,permuted_null,0.12717873444244804
Soluble_Oxalate,41,405,permuted_null,0.03569259089273409
Soluble_Oxalate,41,406,permuted_null,-0.14360696659994746
Soluble_Oxalate,41,407,permuted_null,-0.1797465187639347
Soluble_Oxalate,41,408,permuted_null,0.10715336741855803
Soluble_Oxalate,41,409,permuted_null,0.04880283097720392
Soluble_Oxalate,41,410,permuted_null,0.25703693996872445
Soluble_Oxalate,41,411,permuted_null,0.09029503238474229
Soluble_Oxalate,41,412,permuted_null,0.01656726560670882
Soluble_Oxalate,41,413,permuted_null,-0.016313403915785066
Soluble_Oxalate,41,414,permuted_null,0.18484261960994566
Soluble_Oxalate,41,415,permuted_null,0.07192229483097709
Soluble_Oxalate,41,416,permuted_null,0.020214785236241165
Soluble_Oxalate,41,417,permuted_null,0.08855681401326426
Soluble_Oxalate,41,418,permuted_null,-0.09774462588581292
Soluble_Oxalate,41,419,permuted_null,-0.09633580806012962
Soluble_Oxalate,41,420,permuted_null,0.03467789260918175
Soluble_Oxalate,41,421,permuted_null,-0.0027379602221039266
Soluble_Oxalate,41,422,permuted_null,0.04092470787749789
Soluble_Oxalate,41,423,permuted_null,0.0051146323953655225
Soluble_Oxalate,41,424,permuted_null,0.01317295090740895
Soluble_Oxalate,41,425,permuted_null,-0.01605368623749119
Soluble_Oxalate,41,426,permuted_null,-0.020378880473240317
Soluble_Oxalate,41,427,permuted_null,0.09529082097166697
Soluble_Oxalate,41,428,permuted_null,-0.02391202969065105
Soluble_Oxalate,41,429,permuted_null,0.17555938120684983
Soluble_Oxalate,41,430,permuted_null,0.07888592492825783
Soluble_Oxalate,41,431,permuted_null,0.09124917351435867
Soluble_Oxalate,41,432,permuted_null,0.0041875286024185
Soluble_Oxalate,41,433,permuted_null,-0.06405635353978975
Soluble_Oxalate,41,434,permuted_null,0.14571293804048746
Soluble_Oxalate,41,435,permuted_null,0.039793833306736734
Soluble_Oxalate,41,436,permuted_null,0.0015836786997413532
Soluble_Oxalate,41,437,permuted_null,0.09662046412195324
Soluble_Oxalate,41,438,permuted_null,0.09989097745665612
Soluble_Oxalate,41,439,permuted_null,0.1359826595921257
Soluble_Oxalate,41,440,permuted_null,-0.04584271278061292
Soluble_Oxalate,41,441,permuted_null,0.1510476060112284
Soluble_Oxalate,41,442,permuted_null,0.04131849452412542
Soluble_Oxalate,41,443,permuted_null,0.08759701631655245
Soluble_Oxalate,41,444,permuted_null,-0.010585201928552376
Soluble_Oxalate,41,445,permuted_null,-0.16375307838953113
Soluble_Oxalate,41,446,permuted_null,0.14143674357140396
Soluble_Oxalate,41,447,permuted_null,0.05130873098571189
Soluble_Oxalate,41,448,permuted_null,-0.1808539684368616
Soluble_Oxalate,41,449,permuted_null,0.04189850979441308
Soluble_Oxalate,41,450,permuted_null,-0.21916419406927573
Soluble_Oxalate,41,451,permuted_null,0.04482254127446312
Soluble_Oxalate,41,452,permuted_null,0.15302272570899872
Soluble_Oxalate,41,453,permuted_null,0.1660996720297141
Soluble_Oxalate,41,454,permuted_null,-0.09407127761623647
Soluble_Oxalate,41,455,permuted_null,0.14383692556820138
Soluble_Oxalate,41,456,permuted_null,0.11335099199403782
Soluble_Oxalate,41,457,permuted_null,-0.2115935312243912
Soluble_Oxalate,41,458,permuted_null,-0.12989354547373416
Soluble_Oxalate,41,459,permuted_null,0.08338359988403968
Soluble_Oxalate,41,460,permuted_null,0.28936604566324114
Soluble_Oxalate,41,461,permuted_null,0.026402464339451134
Soluble_Oxalate,41,462,permuted_null,0.20683817315631597
Soluble_Oxalate,41,463,permuted_null,-0.19565768670155465
Soluble_Oxalate,41,464,permuted_null,-0.094835947942249
Soluble_Oxalate,41,465,permuted_null,0.18201024857638431
Soluble_Oxalate,41,466,permuted_null,-0.13391076889690076
Soluble_Oxalate,41,467,permuted_null,0.2052951084234541
Soluble_Oxalate,41,468,permuted_null,0.12349002712631063
Soluble_Oxalate,41,469,permuted_null,0.04986083281333565
Soluble_Oxalate,41,470,permuted_null,-0.06989332533787179
Soluble_Oxalate,41,471,permuted_null,-0.09364848591765519
Soluble_Oxalate,41,472,permuted_null,-0.001917405278719711
Soluble_Oxalate,41,473,permuted_null,0.021931348031214267
Soluble_Oxalate,41,474,permuted_null,0.02250562901587541
Soluble_Oxalate,41,475,permuted_null,0.0355703908962755
Soluble_Oxalate,41,476,permuted_null,0.18506281945672992
Soluble_Oxalate,41,477,permuted_null,0.23811735439878232
Soluble_Oxalate,41,478,permuted_null,-0.004644793071174144
Soluble_Oxalate,41,479,permuted_null,-0.029257957447346036
Soluble_Oxalate,41,480,permuted_null,-0.16968997343486192
Soluble_Oxalate,41,481,permuted_null,-0.1252224354321111
Soluble_Oxalate,41,482,permuted_null,-0.058837508219241566
Soluble_Oxalate,41,483,permuted_null,0.020154990093467648
Soluble_Oxalate,41,484,permuted_null,-0.10168456812705791
Soluble_Oxalate,41,485,permuted_null,0.14855165073382143
Soluble_Oxalate,41,486,permuted_null,-0.1476150222608502
Soluble_Oxalate,41,487,permuted_null,-0.09002775218437228
Soluble_Oxalate,41,488,permuted_null,-0.10437025550525147
Soluble_Oxalate,41,489,permuted_null,0.03628342021817369
Soluble_Oxalate,41,490,permuted_null,-0.09580201508221621
Soluble_Oxalate,41,491,permuted_null,0.04252518473316329
Soluble_Oxalate,41,492,permuted_null,-0.13551268058089672
Soluble_Oxalate,41,493,permuted_null,-0.059954340847546056
Soluble_Oxalate,41,494,permuted_null,0.19777888485074085
Soluble_Oxalate,41,495,permuted_null,-0.10688507696322269
Soluble_Oxalate,41,496,permuted_null,0.0627612015521225
Soluble_Oxalate,41,497,permuted_null,-0.1402341600946109
Soluble_Oxalate,41,498,permuted_null,0.03570486996499837
Soluble_Oxalate,41,499,permuted_null,-0.28894703863015414
Soluble_Oxalate,41,500,permuted_null,0.05377777399210304
Soluble_Oxalate,41,501,permuted_null,0.3136830673387472
Soluble_Oxalate,41,502,permuted_null,-0.17074272792351258
Soluble_Oxalate,41,503,permuted_null,0.25571902965068494
Soluble_Oxalate,41,504,permuted_null,0.06624824266232762
Soluble_Oxalate,41,505,permuted_null,0.1093541758052207
Soluble_Oxalate,41,506,permuted_null,-0.05976763365027053
Soluble_Oxalate,41,507,permuted_null,0.20132142444205586
Soluble_Oxalate,41,508,permuted_null,-0.02881070165142971
Soluble_Oxalate,41,509,permuted_null,0.02892403085571539
Soluble_Oxalate,41,510,permuted_null,-0.14146546761708423
Soluble_Oxalate,41,511,permuted_null,-0.07165099809431615
Soluble_Oxalate,41,512,permuted_null,0.030521887872914842
Soluble_Oxalate,41,513,permuted_null,0.054847941213991544
Soluble_Oxalate,41,514,permuted_null,-0.09111977160679324
Soluble_Oxalate,41,515,permuted_null,0.09357653208122008
Soluble_Oxalate,41,516,permuted_null,0.046674547760676977
Soluble_Oxalate,41,517,permuted_null,0.0922741841353381
Soluble_Oxalate,41,518,permuted_null,0.12219180198820864
Soluble_Oxalate,41,519,permuted_null,0.04054428924257321
Soluble_Oxalate,41,520,permuted_null,-0.022896638980062757
Soluble_Oxalate,41,521,permuted_null,0.07015554692352341
Soluble_Oxalate,41,522,permuted_null,-0.0023162610420138507
Soluble_Oxalate,41,523,permuted_null,0.19876909379849048
Soluble_Oxalate,41,524,permuted_null,0.13548364173403787
Soluble_Oxalate,41,525,permuted_null,0.17061510459301654
Soluble_Oxalate,41,526,permuted_null,0.03500416296931107
Soluble_Oxalate,41,527,permuted_null,-0.096572004438218
Soluble_Oxalate,41,528,permuted_null,0.21307465343473464
Soluble_Oxalate,41,529,permuted_null,0.20016100657622085
Soluble_Oxalate,41,530,permuted_null,0.17192561490963776
Soluble_Oxalate,41,531,permuted_null,-0.0232655509260348
Soluble_Oxalate,41,532,permuted_null,0.16955787450814158
Soluble_Oxalate,41,533,permuted_null,0.07926535135205842
Soluble_Oxalate,41,534,permuted_null,-0.04449007425468966
Soluble_Oxalate,41,535,permuted_null,-0.04177945700855968
Soluble_Oxalate,41,536,permuted_null,0.046260289092754
Soluble_Oxalate,41,537,permuted_null,0.013221147995639282
Soluble_Oxalate,41,538,permuted_null,0.05992283150912377
Soluble_Oxalate,41,539,permuted_null,0.15543859910100466
Soluble_Oxalate,41,540,permuted_null,0.06820574078243993
Soluble_Oxalate,41,541,permuted_null,-0.030673107278767826
Soluble_Oxalate,41,542,permuted_null,0.17810727185206437
Soluble_Oxalate,41,543,permuted_null,0.059050362503338436
Soluble_Oxalate,41,544,permuted_null,-0.05845203700070821
Soluble_Oxalate,41,545,permuted_null,0.01117697127376134
Soluble_Oxalate,41,546,permuted_null,-0.030649164237013214
Soluble_Oxalate,41,547,permuted_null,0.15284823908490852
Soluble_Oxalate,41,548,permuted_null,-0.18377907121126352
Soluble_Oxalate,41,549,permuted_null,0.14084522032025798
Soluble_Oxalate,41,550,permuted_null,0.021887746744036443
Soluble_Oxalate,41,551,permuted_null,-0.023835278612611248
Soluble_Oxalate,41,552,permuted_null,0.19106580599530504
Soluble_Oxalate,41,553,permuted_null,0.04191940804563475
Soluble_Oxalate,41,554,permuted_null,-0.11957130268613508
Soluble_Oxalate,41,555,permuted_null,0.2702067280235142
Soluble_Oxalate,41,556,permuted_null,0.17246996499690637
Soluble_Oxalate,41,557,permuted_null,0.004360302163103361
Soluble_Oxalate,41,558,permuted_null,-0.11578438330620078
Soluble_Oxalate,41,559,permuted_null,-0.013644145637172868
Soluble_Oxalate,41,560,permuted_null,-0.25956353942135096
Soluble_Oxalate,41,561,permuted_null,-0.1960798368669773
Soluble_Oxalate,41,562,permuted_null,-0.14131576821293604
Soluble_Oxalate,41,563,permuted_null,0.08463394385302445
Soluble_Oxalate,41,564,permuted_null,0.01275990411863509
Soluble_Oxalate,41,565,permuted_null,-0.027620569037442425
Soluble_Oxalate,41,566,permuted_null,-0.02020934692881861
Soluble_Oxalate,41,567,permuted_null,0.047048670825687935
Soluble_Oxalate,41,568,permuted_null,0.039158078765483204
Soluble_Oxalate,41,569,permuted_null,0.02440319343680221
Soluble_Oxalate,41,570,permuted_null,0.2052663255091725
Soluble_Oxalate,41,571,permuted_null,0.09942913807513298
Soluble_Oxalate,41,572,permuted_null,0.04337731782738562
Soluble_Oxalate,41,573,permuted_null,-0.12132228124298025
Soluble_Oxalate,41,574,permuted_null,0.0712446174383883
Soluble_Oxalate,41,575,permuted_null,0.012616572946818207
Soluble_Oxalate,41,576,permuted_null,-0.04393839692179557
Soluble_Oxalate,41,577,permuted_null,0.012288110088737814
Soluble_Oxalate,41,578,permuted_null,0.06521150908489716
Soluble_Oxalate,41,579,permuted_null,0.14284096719522998
Soluble_Oxalate,41,580,permuted_null,0.19362289282227957
Soluble_Oxalate,41,581,permuted_null,-0.1136137982023492
Soluble_Oxalate,41,582,permuted_null,0.0926578732317867
Soluble_Oxalate,41,583,permuted_null,0.08950136322702336
Soluble_Oxalate,41,584,permuted_null,0.3337964847966024
Soluble_Oxalate,41,585,permuted_null,-0.033894295721184214
Soluble_Oxalate,41,586,permuted_null,-0.0710075370337789
Soluble_Oxalate,41,587,permuted_null,0.12388156139523815
Soluble_Oxalate,41,588,permuted_null,-0.04905122559657912
Soluble_Oxalate,41,589,permuted_null,-0.11162510803574613
Soluble_Oxalate,41,590,permuted_null,0.11527035406377951
Soluble_Oxalate,41,591,permuted_null,-0.11551278988917342
Soluble_Oxalate,41,592,permuted_null,-0.06061195756714281
Soluble_Oxalate,41,593,permuted_null,0.11805978932094677
Soluble_Oxalate,41,594,permuted_null,0.08053075485506542
Soluble_Oxalate,41,595,permuted_null,-0.26250419787898466
Soluble_Oxalate,41,596,permuted_null,0.12359962102832461
Soluble_Oxalate,41,597,permuted_null,0.010940423316753309
Soluble_Oxalate,41,598,permuted_null,0.015320620201553906
Soluble_Oxalate,41,599,permuted_null,-0.14241078045502897
Soluble_Oxalate,41,600,permuted_null,0.10550496842046224
Soluble_Oxalate,41,601,permuted_null,0.11241624097715461
Soluble_Oxalate,41,602,permuted_null,0.2873306940710888
Soluble_Oxalate,41,603,permuted_null,0.03297971030774715
Soluble_Oxalate,41,604,permuted_null,-0.05537612368499261
Soluble_Oxalate,41,605,permuted_null,-0.00020277709759954077
Soluble_Oxalate,41,606,permuted_null,0.13535093128456294
Soluble_Oxalate,41,607,permuted_null,0.0653769874935642
Soluble_Oxalate,41,608,permuted_null,0.01629096815266401
Soluble_Oxalate,41,609,permuted_null,0.10752739923030696
Soluble_Oxalate,41,610,permuted_null,-0.056264384517638495
Soluble_Oxalate,41,611,permuted_null,-0.03002605119814937
Soluble_Oxalate,41,612,permuted_null,0.07433892994158418
Soluble_Oxalate,41,613,permuted_null,0.06452615468235348
Soluble_Oxalate,41,614,permuted_null,0.0944625429997845
Soluble_Oxalate,41,615,permuted_null,-0.029690575305203054
Soluble_Oxalate,41,616,permuted_null,-0.11594855809992126
Soluble_Oxalate,41,617,permuted_null,0.058109087313332974
Soluble_Oxalate,41,618,permuted_null,0.07388636092915545
Soluble_Oxalate,41,619,permuted_null,0.015790011523366274
Soluble_Oxalate,41,620,permuted_null,0.05998658933042011
Soluble_Oxalate,41,621,permuted_null,-0.027290885895674355
Soluble_Oxalate,41,622,permuted_null,-0.05011798323327751
Soluble_Oxalate,41,623,permuted_null,0.014267022986501149
Soluble_Oxalate,41,624,permuted_null,-0.24152491429290454
Soluble_Oxalate,41,625,permuted_null,0.025806755172152918
Soluble_Oxalate,41,626,permuted_null,0.04705046324848936
Soluble_Oxalate,41,627,permuted_null,0.0025530436955437663
Soluble_Oxalate,41,628,permuted_null,-0.10635044873681716
Soluble_Oxalate,41,629,permuted_null,0.17044722999825906
Soluble_Oxalate,41,630,permuted_null,-0.11958469508591173
Soluble_Oxalate,41,631,permuted_null,-0.11445360119378964
Soluble_Oxalate,41,632,permuted_null,-0.09585583437002132
Soluble_Oxalate,41,633,permuted_null,0.002778056509450205
Soluble_Oxalate,41,634,permuted_null,0.10499048531570535
Soluble_Oxalate,41,635,permuted_null,0.12903441910749786
Soluble_Oxalate,41,636,permuted_null,-0.09388772094828611
Soluble_Oxalate,41,637,permuted_null,0.15071088116236406
Soluble_Oxalate,41,638,permuted_null,-0.18771888826784527
Soluble_Oxalate,41,639,permuted_null,0.03613649142183536
Soluble_Oxalate,41,640,permuted_null,0.09741472707523896
Soluble_Oxalate,41,641,permuted_null,-0.062022338801924905
Soluble_Oxalate,41,642,permuted_null,0.02133085643723985
Soluble_Oxalate,41,643,permuted_null,0.131444410078001
Soluble_Oxalate,41,644,permuted_null,-0.003283094264070238
Soluble_Oxalate,41,645,permuted_null,-0.06099124210806598
Soluble_Oxalate,41,646,permuted_null,0.07785743777112503
Soluble_Oxalate,41,647,permuted_null,-0.005302642464489117
Soluble_Oxalate,41,648,permuted_null,0.0019402182506513266
Soluble_Oxalate,41,649,permuted_null,0.07716926766951154
Soluble_Oxalate,41,650,permuted_null,0.21531984697514125
Soluble_Oxalate,41,651,permuted_null,-0.09731977765037832
Soluble_Oxalate,41,652,permuted_null,-0.00524883746235754
Soluble_Oxalate,41,653,permuted_null,0.11097982051749744
Soluble_Oxalate,41,654,permuted_null,0.05665480121043361
Soluble_Oxalate,41,655,permuted_null,0.07509620742819123
Soluble_Oxalate,41,656,permuted_null,0.1775579147621099
Soluble_Oxalate,41,657,permuted_null,0.21003670695183357
Soluble_Oxalate,41,658,permuted_null,0.13417877289751173
Soluble_Oxalate,41,659,permuted_null,0.2777150927855366
Soluble_Oxalate,41,660,permuted_null,0.112415562974188
Soluble_Oxalate,41,661,permuted_null,-0.026942957529437605
Soluble_Oxalate,41,662,permuted_null,-0.06943808525552653
Soluble_Oxalate,41,663,permuted_null,-0.055096056219255896
Soluble_Oxalate,41,664,permuted_null,0.13403197268612335
Soluble_Oxalate,41,665,permuted_null,-0.06401565175927607
Soluble_Oxalate,41,666,permuted_null,0.058161082014711006
Soluble_Oxalate,41,667,permuted_null,-0.1052962000235135
Soluble_Oxalate,41,668,permuted_null,0.10488882216522516
Soluble_Oxalate,41,669,permuted_null,0.10216583498005999
Soluble_Oxalate,41,670,permuted_null,0.10540930671964917
Soluble_Oxalate,41,671,permuted_null,-0.01723249697755675
Soluble_Oxalate,41,672,permuted_null,0.0031109079447437307
Soluble_Oxalate,41,673,permuted_null,0.12804439015549055
Soluble_Oxalate,41,674,permuted_null,0.09984921185436513
Soluble_Oxalate,41,675,permuted_null,0.10915313314346914
Soluble_Oxalate,41,676,permuted_null,-0.16271846563643058
Soluble_Oxalate,41,677,permuted_null,-0.06087775927201655
Soluble_Oxalate,41,678,permuted_null,0.1113569373616526
Soluble_Oxalate,41,679,permuted_null,-0.03612588929169086
Soluble_Oxalate,41,680,permuted_null,0.008115856426468226
Soluble_Oxalate,41,681,permuted_null,0.004921929903450459
Soluble_Oxalate,41,682,permuted_null,-0.1430216996401656
Soluble_Oxalate,41,683,permuted_null,-0.06935327774253722
Soluble_Oxalate,41,684,permuted_null,0.09746980931510366
Soluble_Oxalate,41,685,permuted_null,0.18989315266365958
Soluble_Oxalate,41,686,permuted_null,0.10118136157323455
Soluble_Oxalate,41,687,permuted_null,0.00487149074847993
Soluble_Oxalate,41,688,permuted_null,-0.15729804911387535
Soluble_Oxalate,41,689,permuted_null,-0.05150477735568476
Soluble_Oxalate,41,690,permuted_null,0.1112705337905725
Soluble_Oxalate,41,691,permuted_null,0.22910076266739793
Soluble_Oxalate,41,692,permuted_null,-0.030532272200397885
Soluble_Oxalate,41,693,permuted_null,-0.016096496838168273
Soluble_Oxalate,41,694,permuted_null,0.13133087620646722
Soluble_Oxalate,41,695,permuted_null,0.08026147829783839
Soluble_Oxalate,41,696,permuted_null,0.007265128728569006
Soluble_Oxalate,41,697,permuted_null,0.12584365201879522
Soluble_Oxalate,41,698,permuted_null,-0.02402407058072391
Soluble_Oxalate,41,699,permuted_null,-0.08116063021306855
Soluble_Oxalate,41,700,permuted_null,-0.21494230574583106
Soluble_Oxalate,41,701,permuted_null,-0.02058070142428005
Soluble_Oxalate,41,702,permuted_null,-0.12955691097793795
Soluble_Oxalate,41,703,permuted_null,-0.00258746481483714
Soluble_Oxalate,41,704,permuted_null,0.02919545416849717
Soluble_Oxalate,41,705,permuted_null,0.17229415813207632
Soluble_Oxalate,41,706,permuted_null,-0.031290655373674495
Soluble_Oxalate,41,707,permuted_null,0.034573065146612666
Soluble_Oxalate,41,708,permuted_null,0.05158748779647306
Soluble_Oxalate,41,709,permuted_null,-0.09145258750805302
Soluble_Oxalate,41,710,permuted_null,0.09267764702338249
Soluble_Oxalate,41,711,permuted_null,0.04987517948656559
Soluble_Oxalate,41,712,permuted_null,0.02729396566899713
Soluble_Oxalate,41,713,permuted_null,0.013963266743571068
Soluble_Oxalate,41,714,permuted_null,-0.0858532222465486
Soluble_Oxalate,41,715,permuted_null,0.02090903272277586
Soluble_Oxalate,41,716,permuted_null,0.15410364459082715
Soluble_Oxalate,41,717,permuted_null,0.030805382238775457
Soluble_Oxalate,41,718,permuted_null,-0.10440470788283325
Soluble_Oxalate,41,719,permuted_null,0.0037928814373488356
Soluble_Oxalate,41,720,permuted_null,0.06205024319759256
Soluble_Oxalate,41,721,permuted_null,0.17547861569391887
Soluble_Oxalate,41,722,permuted_null,0.1446564871615072
Soluble_Oxalate,41,723,permuted_null,0.12066684593186645
Soluble_Oxalate,41,724,permuted_null,0.11873338886009754
Soluble_Oxalate,41,725,permuted_null,0.08877140260835303
Soluble_Oxalate,41,726,permuted_null,0.04037322765709887
Soluble_Oxalate,41,727,permuted_null,-0.04267842480179166
Soluble_Oxalate,41,728,permuted_null,0.06405433124912217
Soluble_Oxalate,41,729,permuted_null,0.039304444531334054
Soluble_Oxalate,41,730,permuted_null,-0.067525602849276
Soluble_Oxalate,41,731,permuted_null,-0.16988681816070922
Soluble_Oxalate,41,732,permuted_null,0.06659835357317756
Soluble_Oxalate,41,733,permuted_null,0.1517580784468167
Soluble_Oxalate,41,734,permuted_null,-0.20278535287326804
Soluble_Oxalate,41,735,permuted_null,0.08171717623843318
Soluble_Oxalate,41,736,permuted_null,0.19030627197476446
Soluble_Oxalate,41,737,permuted_null,0.07262378255208099
Soluble_Oxalate,41,738,permuted_null,-0.03554966321978639
Soluble_Oxalate,41,739,permuted_null,-0.010415677589287256
Soluble_Oxalate,41,740,permuted_null,0.2306904099530836
Soluble_Oxalate,41,741,permuted_null,-0.1927712061709654
Soluble_Oxalate,41,742,permuted_null,0.08874288109127865
Soluble_Oxalate,41,743,permuted_null,-0.11897746823913707
Soluble_Oxalate,41,744,permuted_null,0.13679156011387833
Soluble_Oxalate,41,745,permuted_null,-0.02136816858787556
Soluble_Oxalate,41,746,permuted_null,0.12487348382409823
Soluble_Oxalate,41,747,permuted_null,0.10748393129433412
Soluble_Oxalate,41,748,permuted_null,-0.049679185921858014
Soluble_Oxalate,41,749,permuted_null,0.04948215508374455
Soluble_Oxalate,41,750,permuted_null,0.01586255269760512
Soluble_Oxalate,41,751,permuted_null,-0.001243656774912838
Soluble_Oxalate,41,752,permuted_null,0.16394920543384212
Soluble_Oxalate,41,753,permuted_null,-0.0749688014923851
Soluble_Oxalate,41,754,permuted_null,0.03696557871061841
Soluble_Oxalate,41,755,permuted_null,0.0689943759367301
Soluble_Oxalate,41,756,permuted_null,0.017516950236622524
Soluble_Oxalate,41,757,permuted_null,-0.11008984704543887
Soluble_Oxalate,41,758,permuted_null,-0.15455783798425232
Soluble_Oxalate,41,759,permuted_null,0.08209253320119725
Soluble_Oxalate,41,760,permuted_null,0.023617874972258715
Soluble_Oxalate,41,761,permuted_null,-0.05671755916614467
Soluble_Oxalate,41,762,permuted_null,-0.04105449945064245
Soluble_Oxalate,41,763,permuted_null,0.04860351977482659
Soluble_Oxalate,41,764,permuted_null,0.05952876180979689
Soluble_Oxalate,41,765,permuted_null,-0.24657625450603826
Soluble_Oxalate,41,766,permuted_null,-0.007272940754749761
Soluble_Oxalate,41,767,permuted_null,0.07165268718483149
Soluble_Oxalate,41,768,permuted_null,0.1162881194302447
Soluble_Oxalate,41,769,permuted_null,0.028895883801265135
Soluble_Oxalate,41,770,permuted_null,-0.004722148713044952
Soluble_Oxalate,41,771,permuted_null,-0.07717808455692612
Soluble_Oxalate,41,772,permuted_null,-0.027917236544844872
Soluble_Oxalate,41,773,permuted_null,-0.062367468662464925
Soluble_Oxalate,41,774,permuted_null,-0.07587035926808307
Soluble_Oxalate,41,775,permuted_null,0.03340267231074523
Soluble_Oxalate,41,776,permuted_null,0.19698207679879737
Soluble_Oxalate,41,777,permuted_null,0.019040993181875444
Soluble_Oxalate,41,778,permuted_null,0.012233242379720427
Soluble_Oxalate,41,779,permuted_null,-0.1826391667221653
Soluble_Oxalate,41,780,permuted_null,0.16020480539064677
Soluble_Oxalate,41,781,permuted_null,-0.09306546937128028
Soluble_Oxalate,41,782,permuted_null,0.07953638793178511
Soluble_Oxalate,41,783,permuted_null,0.2853283517891479
Soluble_Oxalate,41,784,permuted_null,-0.0019702654522706087
Soluble_Oxalate,41,785,permuted_null,0.07404429967214353
Soluble_Oxalate,41,786,permuted_null,-0.014227068531096607
Soluble_Oxalate,41,787,permuted_null,-0.006109695067062493
Soluble_Oxalate,41,788,permuted_null,0.31241561235798243
Soluble_Oxalate,41,789,permuted_null,-0.061001274297361484
Soluble_Oxalate,41,790,permuted_null,-0.03507251228214771
Soluble_Oxalate,41,791,permuted_null,0.18977204563088945
Soluble_Oxalate,41,792,permuted_null,0.04666186290542347
Soluble_Oxalate,41,793,permuted_null,0.10800392404865276
Soluble_Oxalate,41,794,permuted_null,0.13086373277489588
Soluble_Oxalate,41,795,permuted_null,-0.043343980001864645
Soluble_Oxalate,41,796,permuted_null,0.16201013075985432
Soluble_Oxalate,41,797,permuted_null,-0.07167601105266605
Soluble_Oxalate,41,798,permuted_null,-0.004537938794013395
Soluble_Oxalate,41,799,permuted_null,-0.19217387954571152
Soluble_Oxalate,41,800,permuted_null,0.052054467015790626
Soluble_Oxalate,41,801,permuted_null,-0.18439038616836206
Soluble_Oxalate,41,802,permuted_null,-0.010991461113645191
Soluble_Oxalate,41,803,permuted_null,0.06707681094615789
Soluble_Oxalate,41,804,permuted_null,0.09655680680141764
Soluble_Oxalate,41,805,permuted_null,0.05309936171446918
Soluble_Oxalate,41,806,permuted_null,0.07292255191338495
Soluble_Oxalate,41,807,permuted_null,0.004074050671864046
Soluble_Oxalate,41,808,permuted_null,-0.05887208810193343
Soluble_Oxalate,41,809,permuted_null,0.10509501802472598
Soluble_Oxalate,41,810,permuted_null,-0.05450305608051248
Soluble_Oxalate,41,811,permuted_null,0.23602183640753494
Soluble_Oxalate,41,812,permuted_null,-0.0077828452456411845
Soluble_Oxalate,41,813,permuted_null,0.17652908652750743
Soluble_Oxalate,41,814,permuted_null,0.17742208804276688
Soluble_Oxalate,41,815,permuted_null,0.10172791479356535
Soluble_Oxalate,41,816,permuted_null,-0.022301950926926502
Soluble_Oxalate,41,817,permuted_null,0.1367859439682123
Soluble_Oxalate,41,818,permuted_null,0.08291215469928932
Soluble_Oxalate,41,819,permuted_null,0.15011415222898816
Soluble_Oxalate,41,820,permuted_null,0.0797136707959793
Soluble_Oxalate,41,821,permuted_null,0.02901396724521267
Soluble_Oxalate,41,822,permuted_null,-0.10651978252138984
Soluble_Oxalate,41,823,permuted_null,0.13044436173484766
Soluble_Oxalate,41,824,permuted_null,-0.07288733297357966
Soluble_Oxalate,41,825,permuted_null,0.02518647927222084
Soluble_Oxalate,41,826,permuted_null,0.024455441962921362
Soluble_Oxalate,41,827,permuted_null,-0.10161497367595694
Soluble_Oxalate,41,828,permuted_null,-0.12113233613484956
Soluble_Oxalate,41,829,permuted_null,-0.05437372933835544
Soluble_Oxalate,41,830,permuted_null,-0.09180935970157779
Soluble_Oxalate,41,831,permuted_null,0.013796210413525259
Soluble_Oxalate,41,832,permuted_null,-0.2711741904200169
Soluble_Oxalate,41,833,permuted_null,-0.11872780831041546
Soluble_Oxalate,41,834,permuted_null,-0.07030205141818797
Soluble_Oxalate,41,835,permuted_null,-0.060366126589938104
Soluble_Oxalate,41,836,permuted_null,0.009919272785998683
Soluble_Oxalate,41,837,permuted_null,0.1275385075040692
Soluble_Oxalate,41,838,permuted_null,0.03660640845766571
Soluble_Oxalate,41,839,permuted_null,0.059582801919112284
Soluble_Oxalate,41,840,permuted_null,-0.15169493804257492
Soluble_Oxalate,41,841,permuted_null,0.21930000235796682
Soluble_Oxalate,41,842,permuted_null,0.18947680891093394
Soluble_Oxalate,41,843,permuted_null,-0.10820254542030595
Soluble_Oxalate,41,844,permuted_null,0.04441822319990023
Soluble_Oxalate,41,845,permuted_null,0.208931597427216
Soluble_Oxalate,41,846,permuted_null,0.01600758613365618
Soluble_Oxalate,41,847,permuted_null,-0.04063806467727221
Soluble_Oxalate,41,848,permuted_null,-0.030822979690453195
Soluble_Oxalate,41,849,permuted_null,0.07993661727838311
Soluble_Oxalate,41,850,permuted_null,0.08664947448260285
Soluble_Oxalate,41,851,permuted_null,-0.16532445103356216
Soluble_Oxalate,41,852,permuted_null,0.153455840538459
Soluble_Oxalate,41,853,permuted_null,0.05842967409067398
Soluble_Oxalate,41,854,permuted_null,-0.12017171148866475
Soluble_Oxalate,41,855,permuted_null,0.12931061776338665
Soluble_Oxalate,41,856,permuted_null,0.08280261538672995
Soluble_Oxalate,41,857,permuted_null,-0.012643177888844757
Soluble_Oxalate,41,858,permuted_null,0.09282345878984001
Soluble_Oxalate,41,859,permuted_null,-0.10323532546474856
Soluble_Oxalate,41,860,permuted_null,-0.12288696145274462
Soluble_Oxalate,41,861,permuted_null,0.1151978214481238
Soluble_Oxalate,41,862,permuted_null,-0.11071253656636557
Soluble_Oxalate,41,863,permuted_null,0.17962344978265055
Soluble_Oxalate,41,864,permuted_null,0.1247284619001682
Soluble_Oxalate,41,865,permuted_null,-0.0044248158491912645
Soluble_Oxalate,41,866,permuted_null,0.11474239889259394
Soluble_Oxalate,41,867,permuted_null,0.023643141833843
Soluble_Oxalate,41,868,permuted_null,0.14960822331981466
Soluble_Oxalate,41,869,permuted_null,-0.11409924033413144
Soluble_Oxalate,41,870,permuted_null,-0.16311436577658872
Soluble_Oxalate,41,871,permuted_null,-0.08769488356229593
Soluble_Oxalate,41,872,permuted_null,0.00928058448191793
Soluble_Oxalate,41,873,permuted_null,0.11610733022619195
Soluble_Oxalate,41,874,permuted_null,0.12957326307607542
Soluble_Oxalate,41,875,permuted_null,-0.13316933865575198
Soluble_Oxalate,41,876,permuted_null,0.03448178647629898
Soluble_Oxalate,41,877,permuted_null,0.034503495784418414
Soluble_Oxalate,41,878,permuted_null,0.1346346388572212
Soluble_Oxalate,41,879,permuted_null,0.005244528613224608
Soluble_Oxalate,41,880,permuted_null,-0.09739408579689587
Soluble_Oxalate,41,881,permuted_null,0.1030289290121732
Soluble_Oxalate,41,882,permuted_null,-0.001871703373912549
Soluble_Oxalate,41,883,permuted_null,-0.03887573306159236
Soluble_Oxalate,41,884,permuted_null,0.12924592495423487
Soluble_Oxalate,41,885,permuted_null,0.0993373636818974
Soluble_Oxalate,41,886,permuted_null,-0.1962207724869588
Soluble_Oxalate,41,887,permuted_null,0.15094354876228194
Soluble_Oxalate,41,888,permuted_null,-0.006568715931713695
Soluble_Oxalate,41,889,permuted_null,-0.08325273578635801
Soluble_Oxalate,41,890,permuted_null,0.08717978775702581
Soluble_Oxalate,41,891,permuted_null,-0.053407384825096445
Soluble_Oxalate,41,892,permuted_null,-0.14032383826474265
Soluble_Oxalate,41,893,permuted_null,-0.03775567544446651
Soluble_Oxalate,41,894,permuted_null,0.09535670609030202
Soluble_Oxalate,41,895,permuted_null,0.059195204069790563
Soluble_Oxalate,41,896,permuted_null,0.1323852768786145
Soluble_Oxalate,41,897,permuted_null,0.038440232991350465
Soluble_Oxalate,41,898,permuted_null,-0.051789839860288685
Soluble_Oxalate,41,899,permuted_null,0.17496211341201456
Soluble_Oxalate,41,900,permuted_null,-0.2100991416552524
Soluble_Oxalate,41,901,permuted_null,0.22609067957873163
Soluble_Oxalate,41,902,permuted_null,-0.19165631663698518
Soluble_Oxalate,41,903,permuted_null,-0.015556085642711076
Soluble_Oxalate,41,904,permuted_null,-0.05207530966271054
Soluble_Oxalate,41,905,permuted_null,0.12170986693244071
Soluble_Oxalate,41,906,permuted_null,0.12388188509089675
Soluble_Oxalate,41,907,permuted_null,0.1001248114762702
Soluble_Oxalate,41,908,permuted_null,-0.01650956248957986
Soluble_Oxalate,41,909,permuted_null,0.1501734609149546
Soluble_Oxalate,41,910,permuted_null,-0.02477386424755615
Soluble_Oxalate,41,911,permuted_null,0.08069905426528062
Soluble_Oxalate,41,912,permuted_null,-0.08673442892961525
Soluble_Oxalate,41,913,permuted_null,-0.03659780473558763
Soluble_Oxalate,41,914,permuted_null,0.02282541162916666
Soluble_Oxalate,41,915,permuted_null,-0.0007719206399029732
Soluble_Oxalate,41,916,permuted_null,0.20466190001750792
Soluble_Oxalate,41,917,permuted_null,0.011790102740483109
Soluble_Oxalate,41,918,permuted_null,-0.1259220332819455
Soluble_Oxalate,41,919,permuted_null,-0.14353984122135155
Soluble_Oxalate,41,920,permuted_null,-0.05659924443690515
Soluble_Oxalate,41,921,permuted_null,0.12197879990899119
Soluble_Oxalate,41,922,permuted_null,-0.0015734194357197376
Soluble_Oxalate,41,923,permuted_null,0.0753760219200727
Soluble_Oxalate,41,924,permuted_null,-0.24621398476126283
Soluble_Oxalate,41,925,permuted_null,-0.07035536927920576
Soluble_Oxalate,41,926,permuted_null,-0.06154762520432633
Soluble_Oxalate,41,927,permuted_null,-0.057896651976176404
Soluble_Oxalate,41,928,permuted_null,-0.07480071411620536
Soluble_Oxalate,41,929,permuted_null,-0.1398161977288785
Soluble_Oxalate,41,930,permuted_null,0.10048502373918133
Soluble_Oxalate,41,931,permuted_null,0.12632126345357886
Soluble_Oxalate,41,932,permuted_null,-0.0995557722738884
Soluble_Oxalate,41,933,permuted_null,0.14952472337922196
Soluble_Oxalate,41,934,permuted_null,0.07870914447199708
Soluble_Oxalate,41,935,permuted_null,0.01722202561996824
Soluble_Oxalate,41,936,permuted_null,0.10600272374780882
Soluble_Oxalate,41,937,permuted_null,0.025414705561470907
Soluble_Oxalate,41,938,permuted_null,-0.03171252890129744
Soluble_Oxalate,41,939,permuted_null,-0.21082690882166485
Soluble_Oxalate,41,940,permuted_null,0.026897497861043118
Soluble_Oxalate,41,941,permuted_null,0.33286141877660536
Soluble_Oxalate,41,942,permuted_null,0.07102534660820607
Soluble_Oxalate,41,943,permuted_null,0.09785192918472849
Soluble_Oxalate,41,944,permuted_null,0.21731670902217096
Soluble_Oxalate,41,945,permuted_null,0.03136742921091746
Soluble_Oxalate,41,946,permuted_null,-0.17198074992339235
Soluble_Oxalate,41,947,permuted_null,0.12039313753772755
Soluble_Oxalate,41,948,permuted_null,0.13854089355691515
Soluble_Oxalate,41,949,permuted_null,-0.07876030131661223
Soluble_Oxalate,41,950,permuted_null,-0.10035929891658925
Soluble_Oxalate,41,951,permuted_null,-0.027707538250485123
Soluble_Oxalate,41,952,permuted_null,0.07479263729351833
Soluble_Oxalate,41,953,permuted_null,-0.009119349012810973
Soluble_Oxalate,41,954,permuted_null,-0.012247639557183082
Soluble_Oxalate,41,955,permuted_null,-0.1504536335987321
Soluble_Oxalate,41,956,permuted_null,-0.10128529586247643
Soluble_Oxalate,41,957,permuted_null,-0.03309253603915397
Soluble_Oxalate,41,958,permuted_null,-0.029712272349208042
Soluble_Oxalate,41,959,permuted_null,0.024217988819351124
Soluble_Oxalate,41,960,permuted_null,-0.11209629245632073
Soluble_Oxalate,41,961,permuted_null,0.15708958968765224
Soluble_Oxalate,41,962,permuted_null,-0.16977066335080201
Soluble_Oxalate,41,963,permuted_null,-0.024714357184750214
Soluble_Oxalate,41,964,permuted_null,0.027493510360252084
Soluble_Oxalate,41,965,permuted_null,0.03912184438791812
Soluble_Oxalate,41,966,permuted_null,0.08273194763912702
Soluble_Oxalate,41,967,permuted_null,-0.052489320521770175
Soluble_Oxalate,41,968,permuted_null,0.2379777922876988
Soluble_Oxalate,41,969,permuted_null,-0.07513589118864894
Soluble_Oxalate,41,970,permuted_null,3.695827683224129e-05
Soluble_Oxalate,41,971,permuted_null,-0.07026113457900847
Soluble_Oxalate,41,972,permuted_null,0.05089260156375013
Soluble_Oxalate,41,973,permuted_null,-0.16301243385260328
Soluble_Oxalate,41,974,permuted_null,0.03146382139760552
Soluble_Oxalate,41,975,permuted_null,0.13153190534688716
Soluble_Oxalate,41,976,permuted_null,0.05163290428720456
Soluble_Oxalate,41,977,permuted_null,0.13778290544231517
Soluble_Oxalate,41,978,permuted_null,0.011668815552562523
Soluble_Oxalate,41,979,permuted_null,0.06888194050712082
Soluble_Oxalate,41,980,permuted_null,0.018038141211258685
Soluble_Oxalate,41,981,permuted_null,0.14948828787383023
Soluble_Oxalate,41,982,permuted_null,0.09286016215102828
Soluble_Oxalate,41,983,permuted_null,0.0869795707948729
Soluble_Oxalate,41,984,permuted_null,0.09628972865102135
Soluble_Oxalate,41,985,permuted_null,-0.0459744958927562
Soluble_Oxalate,41,986,permuted_null,0.19701581774598742
Soluble_Oxalate,41,987,permuted_null,0.09036966054803058
Soluble_Oxalate,41,988,permuted_null,0.029784512967584602
Soluble_Oxalate,41,989,permuted_null,0.2543630990261057
Soluble_Oxalate,41,990,permuted_null,0.23832379675878418
Soluble_Oxalate,41,991,permuted_null,0.12062160357612961
Soluble_Oxalate,41,992,permuted_null,0.16817932578007155
Soluble_Oxalate,41,993,permuted_null,-0.03219730573113802
Soluble_Oxalate,41,994,permuted_null,0.1051635610450869
Soluble_Oxalate,41,995,permuted_null,-0.030899556577823367
Soluble_Oxalate,41,996,permuted_null,0.0356054078731393
Soluble_Oxalate,41,997,permuted_null,0.17220239530849824
Soluble_Oxalate,41,998,permuted_null,0.05265938974325848
Soluble_Oxalate,41,999,permuted_null,-0.3007112057253367
Insoluble_Oxalate,41,0,observed,0.20956804067702173
Insoluble_Oxalate,41,1,observed,0.11891316877528381
Insoluble_Oxalate,41,2,observed,0.3399206428479027
Insoluble_Oxalate,41,3,observed,0.3078568910554747
Insoluble_Oxalate,41,4,observed,0.1422445269401726
Insoluble_Oxalate,41,5,observed,0.3004592523899893
Insoluble_Oxalate,41,6,observed,0.22000872012840883
Insoluble_Oxalate,41,7,observed,0.21649851754557048
Insoluble_Oxalate,41,8,observed,0.2756024010004481
Insoluble_Oxalate,41,9,observed,0.22314380106171297
Insoluble_Oxalate,41,10,observed,0.24710357442796013
Insoluble_Oxalate,41,11,observed,0.17698516265122294
Insoluble_Oxalate,41,12,observed,0.21454855728700298
Insoluble_Oxalate,41,13,observed,0.08467053212150505
Insoluble_Oxalate,41,14,observed,0.21746479789570275
Insoluble_Oxalate,41,15,observed,0.1902709309016941
Insoluble_Oxalate,41,16,observed,0.12404036315271266
Insoluble_Oxalate,41,17,observed,0.3051513634951709
Insoluble_Oxalate,41,18,observed,0.20007538470264155
Insoluble_Oxalate,41,19,observed,0.1874468230911364
Insoluble_Oxalate,41,20,observed,0.3151514762848435
Insoluble_Oxalate,41,21,observed,0.4602525905457581
Insoluble_Oxalate,41,22,observed,0.27541997791807526
Insoluble_Oxalate,41,23,observed,0.4394124143427033
Insoluble_Oxalate,41,24,observed,0.31554272294727465
Insoluble_Oxalate,41,25,observed,0.24854471574846035
Insoluble_Oxalate,41,26,observed,0.11709031762337675
Insoluble_Oxalate,41,27,observed,0.20570161723944608
Insoluble_Oxalate,41,28,observed,0.3325280043200576
Insoluble_Oxalate,41,29,observed,0.23883797114352523
Insoluble_Oxalate,41,30,observed,0.36184385523917184
Insoluble_Oxalate,41,31,observed,0.20606110340122097
Insoluble_Oxalate,41,32,observed,0.2712508940555513
Insoluble_Oxalate,41,33,observed,0.1864936082000356
Insoluble_Oxalate,41,34,observed,0.11112639795339357
Insoluble_Oxalate,41,35,observed,0.2549730427147038
Insoluble_Oxalate,41,36,observed,0.2251854887166292
Insoluble_Oxalate,41,37,observed,0.12962980056926432
Insoluble_Oxalate,41,38,observed,0.11676839634850181
Insoluble_Oxalate,41,39,observed,0.09416080756163844
Insoluble_Oxalate,41,40,observed,0.3961879353180398
Insoluble_Oxalate,41,41,observed,0.07992442013288116
Insoluble_Oxalate,41,42,observed,0.275009491180701
Insoluble_Oxalate,41,43,observed,0.16862771078675717
Insoluble_Oxalate,41,44,observed,0.2707328025307824
Insoluble_Oxalate,41,45,observed,0.24315745624985355
Insoluble_Oxalate,41,46,observed,0.15304928227295492
Insoluble_Oxalate,41,47,observed,0.1378923630516436
Insoluble_Oxalate,41,48,observed,0.2670982904453383
Insoluble_Oxalate,41,49,observed,0.16439111268990597
Insoluble_Oxalate,41,0,permuted_null,-0.06418305869106944
Insoluble_Oxalate,41,1,permuted_null,-0.016223647982604977
Insoluble_Oxalate,41,2,permuted_null,-0.025286387885530975
Insoluble_Oxalate,41,3,permuted_null,-0.060441668362075714
Insoluble_Oxalate,41,4,permuted_null,-0.024970949399692702
Insoluble_Oxalate,41,5,permuted_null,0.10393499333906123
Insoluble_Oxalate,41,6,permuted_null,0.01665750813337081
Insoluble_Oxalate,41,7,permuted_null,-0.0788671594236721
Insoluble_Oxalate,41,8,permuted_null,0.0024098390777070947
Insoluble_Oxalate,41,9,permuted_null,-0.048945766116389205
Insoluble_Oxalate,41,10,permuted_null,-0.21890187470229125
Insoluble_Oxalate,41,11,permuted_null,0.1310940338802676
Insoluble_Oxalate,41,12,permuted_null,-0.1866935914312685
Insoluble_Oxalate,41,13,permuted_null,-0.03414693271598828
Insoluble_Oxalate,41,14,permuted_null,-0.03873567105171075
Insoluble_Oxalate,41,15,permuted_null,0.04547342293797481
Insoluble_Oxalate,41,16,permuted_null,-0.062458766112615915
Insoluble_Oxalate,41,17,permuted_null,0.0749698919610097
Insoluble_Oxalate,41,18,permuted_null,0.05002251124749347
Insoluble_Oxalate,41,19,permuted_null,0.07474054469262964
Insoluble_Oxalate,41,20,permuted_null,-0.0880366075216376
Insoluble_Oxalate,41,21,permuted_null,-0.1551876253584401
Insoluble_Oxalate,41,22,permuted_null,-0.12012908911503746
Insoluble_Oxalate,41,23,permuted_null,-0.018272532226677164
Insoluble_Oxalate,41,24,permuted_null,-0.03706820631786584
Insoluble_Oxalate,41,25,permuted_null,-0.10781009277998016
Insoluble_Oxalate,41,26,permuted_null,0.0422267894747863
Insoluble_Oxalate,41,27,permuted_null,0.17523817707493342
Insoluble_Oxalate,41,28,permuted_null,-0.169638105901798
Insoluble_Oxalate,41,29,permuted_null,0.017290973979995856
Insoluble_Oxalate,41,30,permuted_null,-0.0453073401875613
Insoluble_Oxalate,41,31,permuted_null,0.050497194140836844
Insoluble_Oxalate,41,32,permuted_null,0.043183050631839914
Insoluble_Oxalate,41,33,permuted_null,0.025150240532359362
Insoluble_Oxalate,41,34,permuted_null,-0.1453390628959751
Insoluble_Oxalate,41,35,permuted_null,0.11906533358942474
Insoluble_Oxalate,41,36,permuted_null,-0.08359282540270552
Insoluble_Oxalate,41,37,permuted_null,-0.16381026866808365
Insoluble_Oxalate,41,38,permuted_null,0.12100066424881577
Insoluble_Oxalate,41,39,permuted_null,-0.07671576005653086
Insoluble_Oxalate,41,40,permuted_null,-0.14847931357549987
Insoluble_Oxalate,41,41,permuted_null,0.06623401247190697
Insoluble_Oxalate,41,42,permuted_null,0.13487669793978393
Insoluble_Oxalate,41,43,permuted_null,-0.1054188253329254
Insoluble_Oxalate,41,44,permuted_null,0.04294418639739751
Insoluble_Oxalate,41,45,permuted_null,-0.2183416263989105
Insoluble_Oxalate,41,46,permuted_null,-0.01670040767269404
Insoluble_Oxalate,41,47,permuted_null,0.2711856876901554
Insoluble_Oxalate,41,48,permuted_null,-0.0019063541766465159
Insoluble_Oxalate,41,49,permuted_null,-0.10595303000354782
Insoluble_Oxalate,41,50,permuted_null,-0.07153001581202308
Insoluble_Oxalate,41,51,permuted_null,-0.06080438303116954
Insoluble_Oxalate,41,52,permuted_null,0.00030632898843846804
Insoluble_Oxalate,41,53,permuted_null,0.180830889948942
Insoluble_Oxalate,41,54,permuted_null,0.11222695871548691
Insoluble_Oxalate,41,55,permuted_null,0.12408002544527574
Insoluble_Oxalate,41,56,permuted_null,-0.10974990578546807
Insoluble_Oxalate,41,57,permuted_null,-0.05223856346631245
Insoluble_Oxalate,41,58,permuted_null,0.09774661352449754
Insoluble_Oxalate,41,59,permuted_null,0.14107557837983092
Insoluble_Oxalate,41,60,permuted_null,0.17407366320509457
Insoluble_Oxalate,41,61,permuted_null,0.18147317933911905
Insoluble_Oxalate,41,62,permuted_null,0.010148591046386761
Insoluble_Oxalate,41,63,permuted_null,0.1320772554952868
Insoluble_Oxalate,41,64,permuted_null,0.023492781689499753
Insoluble_Oxalate,41,65,permuted_null,-0.04451172206423037
Insoluble_Oxalate,41,66,permuted_null,-0.04463243969591266
Insoluble_Oxalate,41,67,permuted_null,0.06605425583548119
Insoluble_Oxalate,41,68,permuted_null,-0.035494859340944304
Insoluble_Oxalate,41,69,permuted_null,-0.07009176653959776
Insoluble_Oxalate,41,70,permuted_null,0.07617610222890128
Insoluble_Oxalate,41,71,permuted_null,0.08834629157913007
Insoluble_Oxalate,41,72,permuted_null,0.01870191064500714
Insoluble_Oxalate,41,73,permuted_null,0.10844738298605866
Insoluble_Oxalate,41,74,permuted_null,-0.033404780420225454
Insoluble_Oxalate,41,75,permuted_null,-0.09780003304096699
Insoluble_Oxalate,41,76,permuted_null,0.0750404738363783
Insoluble_Oxalate,41,77,permuted_null,0.00465627179009173
Insoluble_Oxalate,41,78,permuted_null,-0.15480423375504224
Insoluble_Oxalate,41,79,permuted_null,0.1705887972096391
Insoluble_Oxalate,41,80,permuted_null,-0.0838420257955401
Insoluble_Oxalate,41,81,permuted_null,0.11834181574409641
Insoluble_Oxalate,41,82,permuted_null,0.13664378824198686
Insoluble_Oxalate,41,83,permuted_null,-0.1287826559845327
Insoluble_Oxalate,41,84,permuted_null,-0.12693054410835858
Insoluble_Oxalate,41,85,permuted_null,-0.06513849472230653
Insoluble_Oxalate,41,86,permuted_null,-0.11248645470588414
Insoluble_Oxalate,41,87,permuted_null,-0.01758986599153048
Insoluble_Oxalate,41,88,permuted_null,-0.01203909068677777
Insoluble_Oxalate,41,89,permuted_null,-0.013028003283423933
Insoluble_Oxalate,41,90,permuted_null,-0.0036629900334762405
Insoluble_Oxalate,41,91,permuted_null,-0.07210467911593857
Insoluble_Oxalate,41,92,permuted_null,-0.10003107968907315
Insoluble_Oxalate,41,93,permuted_null,-0.09316572480312356
Insoluble_Oxalate,41,94,permuted_null,0.08022346876375289
Insoluble_Oxalate,41,95,permuted_null,-0.10394473305150079
Insoluble_Oxalate,41,96,permuted_null,-0.07358832250774527
Insoluble_Oxalate,41,97,permuted_null,-0.16272575000231101
Insoluble_Oxalate,41,98,permuted_null,0.18587575359634204
Insoluble_Oxalate,41,99,permuted_null,-0.04283251640238913
Insoluble_Oxalate,41,100,permuted_null,-0.13786261198580307
Insoluble_Oxalate,41,101,permuted_null,-0.21548221805280232
Insoluble_Oxalate,41,102,permuted_null,0.10709980776675866
Insoluble_Oxalate,41,103,permuted_null,0.10761294477710964
Insoluble_Oxalate,41,104,permuted_null,0.05803859869268283
Insoluble_Oxalate,41,105,permuted_null,-0.14661559377448866
Insoluble_Oxalate,41,106,permuted_null,0.02104780484551597
Insoluble_Oxalate,41,107,permuted_null,-0.07372812876856319
Insoluble_Oxalate,41,108,permuted_null,0.11405373998766072
Insoluble_Oxalate,41,109,permuted_null,0.042212933146123024
Insoluble_Oxalate,41,110,permuted_null,-0.01349644322462322
Insoluble_Oxalate,41,111,permuted_null,0.05662838439527598
Insoluble_Oxalate,41,112,permuted_null,-0.10728431894008014
Insoluble_Oxalate,41,113,permuted_null,0.11073445034670168
Insoluble_Oxalate,41,114,permuted_null,0.14669569727658185
Insoluble_Oxalate,41,115,permuted_null,0.007563885558369031
Insoluble_Oxalate,41,116,permuted_null,0.057247494369562016
Insoluble_Oxalate,41,117,permuted_null,0.040948135857491186
Insoluble_Oxalate,41,118,permuted_null,0.08754191615207962
Insoluble_Oxalate,41,119,permuted_null,-0.16072535672420274
Insoluble_Oxalate,41,120,permuted_null,0.1405037954822646
Insoluble_Oxalate,41,121,permuted_null,0.09753878515732055
Insoluble_Oxalate,41,122,permuted_null,0.14214257784673004
Insoluble_Oxalate,41,123,permuted_null,-0.030111181738184452
Insoluble_Oxalate,41,124,permuted_null,0.008385584276054
Insoluble_Oxalate,41,125,permuted_null,0.006536542412982099
Insoluble_Oxalate,41,126,permuted_null,0.12517151959320594
Insoluble_Oxalate,41,127,permuted_null,0.176840908904201
Insoluble_Oxalate,41,128,permuted_null,0.1554417159810273
Insoluble_Oxalate,41,129,permuted_null,0.1998835840151257
Insoluble_Oxalate,41,130,permuted_null,0.04947201421680501
Insoluble_Oxalate,41,131,permuted_null,-0.23720476335778198
Insoluble_Oxalate,41,132,permuted_null,-0.004000954316186356
Insoluble_Oxalate,41,133,permuted_null,0.15391197478300375
Insoluble_Oxalate,41,134,permuted_null,-0.19044343968354052
Insoluble_Oxalate,41,135,permuted_null,0.05078399686114974
Insoluble_Oxalate,41,136,permuted_null,0.0940426413120701
Insoluble_Oxalate,41,137,permuted_null,0.03954021833060827
Insoluble_Oxalate,41,138,permuted_null,0.1848669457882826
Insoluble_Oxalate,41,139,permuted_null,0.16448767552945562
Insoluble_Oxalate,41,140,permuted_null,0.004839194129488206
Insoluble_Oxalate,41,141,permuted_null,0.053975307802277626
Insoluble_Oxalate,41,142,permuted_null,-0.04236143447794985
Insoluble_Oxalate,41,143,permuted_null,-0.07482884409919568
Insoluble_Oxalate,41,144,permuted_null,-0.05369116992696413
Insoluble_Oxalate,41,145,permuted_null,-0.1099583981260463
Insoluble_Oxalate,41,146,permuted_null,-0.1539093337356293
Insoluble_Oxalate,41,147,permuted_null,0.05723821732603042
Insoluble_Oxalate,41,148,permuted_null,0.12804458898609936
Insoluble_Oxalate,41,149,permuted_null,-0.1209094275638828
Insoluble_Oxalate,41,150,permuted_null,0.26158430817625344
Insoluble_Oxalate,41,151,permuted_null,-0.13757731624396227
Insoluble_Oxalate,41,152,permuted_null,0.13869462626038154
Insoluble_Oxalate,41,153,permuted_null,0.10570026839639304
Insoluble_Oxalate,41,154,permuted_null,-0.07126169491214301
Insoluble_Oxalate,41,155,permuted_null,0.032687147357319965
Insoluble_Oxalate,41,156,permuted_null,-0.12263585693675721
Insoluble_Oxalate,41,157,permuted_null,-0.056409063050982165
Insoluble_Oxalate,41,158,permuted_null,0.10437523694367706
Insoluble_Oxalate,41,159,permuted_null,0.13290957504666084
Insoluble_Oxalate,41,160,permuted_null,-0.06264190341153211
Insoluble_Oxalate,41,161,permuted_null,-0.21219987597531326
Insoluble_Oxalate,41,162,permuted_null,-0.007008673115764405
Insoluble_Oxalate,41,163,permuted_null,-0.004234554189462971
Insoluble_Oxalate,41,164,permuted_null,-0.13365488774219464
Insoluble_Oxalate,41,165,permuted_null,0.014770429998777888
Insoluble_Oxalate,41,166,permuted_null,0.04867194139144408
Insoluble_Oxalate,41,167,permuted_null,-0.0854302907392092
Insoluble_Oxalate,41,168,permuted_null,0.07558039824576962
Insoluble_Oxalate,41,169,permuted_null,0.04829800533415457
Insoluble_Oxalate,41,170,permuted_null,0.019590020986627113
Insoluble_Oxalate,41,171,permuted_null,0.15240247184537906
Insoluble_Oxalate,41,172,permuted_null,-0.14240176772318264
Insoluble_Oxalate,41,173,permuted_null,0.050972450394501184
Insoluble_Oxalate,41,174,permuted_null,-0.0600415447942846
Insoluble_Oxalate,41,175,permuted_null,-0.06464524493483381
Insoluble_Oxalate,41,176,permuted_null,-0.014298808500442184
Insoluble_Oxalate,41,177,permuted_null,0.05821169792039655
Insoluble_Oxalate,41,178,permuted_null,0.07619635877452498
Insoluble_Oxalate,41,179,permuted_null,0.05572890934778678
Insoluble_Oxalate,41,180,permuted_null,-0.08967077711379856
Insoluble_Oxalate,41,181,permuted_null,-0.12552219127036945
Insoluble_Oxalate,41,182,permuted_null,-0.031069663218534087
Insoluble_Oxalate,41,183,permuted_null,-0.002868446159225352
Insoluble_Oxalate,41,184,permuted_null,0.18852021249880568
Insoluble_Oxalate,41,185,permuted_null,0.11946302615146874
Insoluble_Oxalate,41,186,permuted_null,0.08394365457860709
Insoluble_Oxalate,41,187,permuted_null,0.10084080293616988
Insoluble_Oxalate,41,188,permuted_null,-0.11330307777138916
Insoluble_Oxalate,41,189,permuted_null,0.07843589844264551
Insoluble_Oxalate,41,190,permuted_null,0.20286532536659574
Insoluble_Oxalate,41,191,permuted_null,-0.01605049278594016
Insoluble_Oxalate,41,192,permuted_null,0.05303804756629793
Insoluble_Oxalate,41,193,permuted_null,0.054301767264629014
Insoluble_Oxalate,41,194,permuted_null,0.18334695707368748
Insoluble_Oxalate,41,195,permuted_null,0.11065765986406934
Insoluble_Oxalate,41,196,permuted_null,0.09666387282422816
Insoluble_Oxalate,41,197,permuted_null,0.13130336505991314
Insoluble_Oxalate,41,198,permuted_null,-0.04338068420483781
Insoluble_Oxalate,41,199,permuted_null,-0.16303020238697136
Insoluble_Oxalate,41,200,permuted_null,-0.08851786350437343
Insoluble_Oxalate,41,201,permuted_null,-0.01761797689806556
Insoluble_Oxalate,41,202,permuted_null,0.09198311640050844
Insoluble_Oxalate,41,203,permuted_null,0.19309510988822642
Insoluble_Oxalate,41,204,permuted_null,0.17756115978225567
Insoluble_Oxalate,41,205,permuted_null,-0.09288568066581596
Insoluble_Oxalate,41,206,permuted_null,-0.009300593552253211
Insoluble_Oxalate,41,207,permuted_null,-0.11105956792687462
Insoluble_Oxalate,41,208,permuted_null,0.01641096717136335
Insoluble_Oxalate,41,209,permuted_null,0.10725913558480293
Insoluble_Oxalate,41,210,permuted_null,-0.11393891929549758
Insoluble_Oxalate,41,211,permuted_null,0.18972245494308562
Insoluble_Oxalate,41,212,permuted_null,0.330961052444025
Insoluble_Oxalate,41,213,permuted_null,0.0018010603488848032
Insoluble_Oxalate,41,214,permuted_null,-0.05049155367932395
Insoluble_Oxalate,41,215,permuted_null,0.03773623524293179
Insoluble_Oxalate,41,216,permuted_null,0.147566550131072
Insoluble_Oxalate,41,217,permuted_null,0.14079731259626355
Insoluble_Oxalate,41,218,permuted_null,0.11407727295583638
Insoluble_Oxalate,41,219,permuted_null,-0.04093686626885179
Insoluble_Oxalate,41,220,permuted_null,-0.1441350784910189
Insoluble_Oxalate,41,221,permuted_null,-0.03287110466868311
Insoluble_Oxalate,41,222,permuted_null,-0.1631173051993215
Insoluble_Oxalate,41,223,permuted_null,0.04858817357213431
Insoluble_Oxalate,41,224,permuted_null,0.19443042274873956
Insoluble_Oxalate,41,225,permuted_null,-0.005525237437288541
Insoluble_Oxalate,41,226,permuted_null,0.267307374591758
Insoluble_Oxalate,41,227,permuted_null,-0.0808831788165619
Insoluble_Oxalate,41,228,permuted_null,0.11406210947641984
Insoluble_Oxalate,41,229,permuted_null,0.057763354884753856
Insoluble_Oxalate,41,230,permuted_null,0.060426665385541645
Insoluble_Oxalate,41,231,permuted_null,-0.11897723276691743
Insoluble_Oxalate,41,232,permuted_null,0.04358358077728473
Insoluble_Oxalate,41,233,permuted_null,0.06769382731078535
Insoluble_Oxalate,41,234,permuted_null,-0.05253948321949148
Insoluble_Oxalate,41,235,permuted_null,0.09059813294971408
Insoluble_Oxalate,41,236,permuted_null,-0.05396522333761407
Insoluble_Oxalate,41,237,permuted_null,0.1011658610436859
Insoluble_Oxalate,41,238,permuted_null,0.08015672167409835
Insoluble_Oxalate,41,239,permuted_null,-0.09615174657351563
Insoluble_Oxalate,41,240,permuted_null,-0.07518541364798259
Insoluble_Oxalate,41,241,permuted_null,0.01709518481370457
Insoluble_Oxalate,41,242,permuted_null,0.16534741480857562
Insoluble_Oxalate,41,243,permuted_null,-0.1679232294708487
Insoluble_Oxalate,41,244,permuted_null,0.1928292805596863
Insoluble_Oxalate,41,245,permuted_null,-0.2758587057386667
Insoluble_Oxalate,41,246,permuted_null,-0.17855073970268523
Insoluble_Oxalate,41,247,permuted_null,0.12814744959082325
Insoluble_Oxalate,41,248,permuted_null,-0.1301371248455615
Insoluble_Oxalate,41,249,permuted_null,0.11250452608593403
Insoluble_Oxalate,41,250,permuted_null,0.03153106799342058
Insoluble_Oxalate,41,251,permuted_null,-0.054062323977430035
Insoluble_Oxalate,41,252,permuted_null,-0.08251323531004505
Insoluble_Oxalate,41,253,permuted_null,0.11346172858940241
Insoluble_Oxalate,41,254,permuted_null,0.14248521584945995
Insoluble_Oxalate,41,255,permuted_null,-0.03817704820886318
Insoluble_Oxalate,41,256,permuted_null,0.21482764881261823
Insoluble_Oxalate,41,257,permuted_null,0.06329296674930773
Insoluble_Oxalate,41,258,permuted_null,0.010226409773134167
Insoluble_Oxalate,41,259,permuted_null,0.01183991178699565
Insoluble_Oxalate,41,260,permuted_null,0.07045442129733025
Insoluble_Oxalate,41,261,permuted_null,-0.066552583144801
Insoluble_Oxalate,41,262,permuted_null,-0.04216869968204511
Insoluble_Oxalate,41,263,permuted_null,0.05253260476216346
Insoluble_Oxalate,41,264,permuted_null,-0.005708228731366997
Insoluble_Oxalate,41,265,permuted_null,0.04082638482692118
Insoluble_Oxalate,41,266,permuted_null,0.05559190750378945
Insoluble_Oxalate,41,267,permuted_null,0.07114499699132511
Insoluble_Oxalate,41,268,permuted_null,0.13621816205759846
Insoluble_Oxalate,41,269,permuted_null,0.10160264317232304
Insoluble_Oxalate,41,270,permuted_null,0.0832818719817406
Insoluble_Oxalate,41,271,permuted_null,-0.05316916788033621
Insoluble_Oxalate,41,272,permuted_null,0.0028436005576191192
Insoluble_Oxalate,41,273,permuted_null,-0.3328597822219794
Insoluble_Oxalate,41,274,permuted_null,-0.04126595702264954
Insoluble_Oxalate,41,275,permuted_null,-0.03148370135853501
Insoluble_Oxalate,41,276,permuted_null,-0.009926393431542037
Insoluble_Oxalate,41,277,permuted_null,0.06384362784862829
Insoluble_Oxalate,41,278,permuted_null,0.04012635169294576
Insoluble_Oxalate,41,279,permuted_null,-0.03304755530671131
Insoluble_Oxalate,41,280,permuted_null,0.014228346864032418
Insoluble_Oxalate,41,281,permuted_null,0.04491415467304899
Insoluble_Oxalate,41,282,permuted_null,0.15201356334605653
Insoluble_Oxalate,41,283,permuted_null,0.05632132875822429
Insoluble_Oxalate,41,284,permuted_null,-0.047681858248070884
Insoluble_Oxalate,41,285,permuted_null,-0.036785918194581754
Insoluble_Oxalate,41,286,permuted_null,0.20243740934231386
Insoluble_Oxalate,41,287,permuted_null,-0.062493437212736355
Insoluble_Oxalate,41,288,permuted_null,-0.20421285110435683
Insoluble_Oxalate,41,289,permuted_null,-0.04831057922079844
Insoluble_Oxalate,41,290,permuted_null,-0.12772419279589423
Insoluble_Oxalate,41,291,permuted_null,-0.029202635373304232
Insoluble_Oxalate,41,292,permuted_null,5.511196546209574e-07
Insoluble_Oxalate,41,293,permuted_null,0.12871566543198149
Insoluble_Oxalate,41,294,permuted_null,-4.3294502310581295e-05
Insoluble_Oxalate,41,295,permuted_null,0.2985059016471402
Insoluble_Oxalate,41,296,permuted_null,0.13937075087037853
Insoluble_Oxalate,41,297,permuted_null,-0.20921510578735564
Insoluble_Oxalate,41,298,permuted_null,0.04755990852129595
Insoluble_Oxalate,41,299,permuted_null,0.1346243520649063
Insoluble_Oxalate,41,300,permuted_null,0.016398464375487323
Insoluble_Oxalate,41,301,permuted_null,0.04718450166126007
Insoluble_Oxalate,41,302,permuted_null,0.19269161580049746
Insoluble_Oxalate,41,303,permuted_null,0.15685718698684883
Insoluble_Oxalate,41,304,permuted_null,-0.08181739152999438
Insoluble_Oxalate,41,305,permuted_null,-0.00017898067424378973
Insoluble_Oxalate,41,306,permuted_null,-0.12145008418890411
Insoluble_Oxalate,41,307,permuted_null,0.07394596826393096
Insoluble_Oxalate,41,308,permuted_null,-0.031749509230498504
Insoluble_Oxalate,41,309,permuted_null,0.028948851260145805
Insoluble_Oxalate,41,310,permuted_null,-0.023071684291414755
Insoluble_Oxalate,41,311,permuted_null,-0.05292664985868549
Insoluble_Oxalate,41,312,permuted_null,0.03473918075010108
Insoluble_Oxalate,41,313,permuted_null,0.03140996591857467
Insoluble_Oxalate,41,314,permuted_null,0.022116118433285592
Insoluble_Oxalate,41,315,permuted_null,-0.049197521135576606
Insoluble_Oxalate,41,316,permuted_null,-0.061314751922289565
Insoluble_Oxalate,41,317,permuted_null,0.11625128374156204
Insoluble_Oxalate,41,318,permuted_null,-0.22373949779905525
Insoluble_Oxalate,41,319,permuted_null,0.07347134297576711
Insoluble_Oxalate,41,320,permuted_null,0.184177879575128
Insoluble_Oxalate,41,321,permuted_null,-0.090016497772745
Insoluble_Oxalate,41,322,permuted_null,0.14923985803846138
Insoluble_Oxalate,41,323,permuted_null,0.07105987225533035
Insoluble_Oxalate,41,324,permuted_null,-0.0387892348856035
Insoluble_Oxalate,41,325,permuted_null,0.19224040216418994
Insoluble_Oxalate,41,326,permuted_null,-0.13470176482269713
Insoluble_Oxalate,41,327,permuted_null,0.07833924003647996
Insoluble_Oxalate,41,328,permuted_null,0.08059811912198336
Insoluble_Oxalate,41,329,permuted_null,-0.10174346681258757
Insoluble_Oxalate,41,330,permuted_null,-0.10750550496729971
Insoluble_Oxalate,41,331,permuted_null,0.09593739503017239
Insoluble_Oxalate,41,332,permuted_null,0.06660162490910337
Insoluble_Oxalate,41,333,permuted_null,-0.0700916065144675
Insoluble_Oxalate,41,334,permuted_null,-0.02745055588098798
Insoluble_Oxalate,41,335,permuted_null,-0.04473706637036898
Insoluble_Oxalate,41,336,permuted_null,0.13721981768035615
Insoluble_Oxalate,41,337,permuted_null,-0.12183660861618269
Insoluble_Oxalate,41,338,permuted_null,-0.15737188194777457
Insoluble_Oxalate,41,339,permuted_null,0.02147823623836935
Insoluble_Oxalate,41,340,permuted_null,-0.20981111775506864
Insoluble_Oxalate,41,341,permuted_null,-0.2619756633257692
Insoluble_Oxalate,41,342,permuted_null,0.12508301499519497
Insoluble_Oxalate,41,343,permuted_null,0.17871783478694764
Insoluble_Oxalate,41,344,permuted_null,0.12441301130597844
Insoluble_Oxalate,41,345,permuted_null,-0.15783474550329774
Insoluble_Oxalate,41,346,permuted_null,0.05979677006921025
Insoluble_Oxalate,41,347,permuted_null,0.014590719431479146
Insoluble_Oxalate,41,348,permuted_null,-0.03937344985652726
Insoluble_Oxalate,41,349,permuted_null,-0.07645652357903898
Insoluble_Oxalate,41,350,permuted_null,0.07433599338988478
Insoluble_Oxalate,41,351,permuted_null,0.049572718415284156
Insoluble_Oxalate,41,352,permuted_null,-0.060781865070434746
Insoluble_Oxalate,41,353,permuted_null,0.07170866443909893
Insoluble_Oxalate,41,354,permuted_null,0.0231388513107882
Insoluble_Oxalate,41,355,permuted_null,0.03262856341295816
Insoluble_Oxalate,41,356,permuted_null,0.06006485070529487
Insoluble_Oxalate,41,357,permuted_null,-0.05640923098305055
Insoluble_Oxalate,41,358,permuted_null,-0.14053871785598582
Insoluble_Oxalate,41,359,permuted_null,-0.11957494323243131
Insoluble_Oxalate,41,360,permuted_null,0.053144826227800444
Insoluble_Oxalate,41,361,permuted_null,-0.17657013166303598
Insoluble_Oxalate,41,362,permuted_null,0.10952401245572363
Insoluble_Oxalate,41,363,permuted_null,0.09303828122538649
Insoluble_Oxalate,41,364,permuted_null,0.02798869114090531
Insoluble_Oxalate,41,365,permuted_null,0.1871873704714373
Insoluble_Oxalate,41,366,permuted_null,-0.04729285722843646
Insoluble_Oxalate,41,367,permuted_null,0.10536366208095517
Insoluble_Oxalate,41,368,permuted_null,0.16855295865526415
Insoluble_Oxalate,41,369,permuted_null,0.04884087920001168
Insoluble_Oxalate,41,370,permuted_null,0.0012934032140380037
Insoluble_Oxalate,41,371,permuted_null,-0.014559184208292032
Insoluble_Oxalate,41,372,permuted_null,0.14505463510813213
Insoluble_Oxalate,41,373,permuted_null,0.16835942740897647
Insoluble_Oxalate,41,374,permuted_null,-0.2236064621436395
Insoluble_Oxalate,41,375,permuted_null,0.17565682781156022
Insoluble_Oxalate,41,376,permuted_null,-0.04484826604451948
Insoluble_Oxalate,41,377,permuted_null,0.01802496988865146
Insoluble_Oxalate,41,378,permuted_null,-0.019200912514907235
Insoluble_Oxalate,41,379,permuted_null,-0.11735865898417695
Insoluble_Oxalate,41,380,permuted_null,-0.14463862493061502
Insoluble_Oxalate,41,381,permuted_null,0.06694687050853909
Insoluble_Oxalate,41,382,permuted_null,0.03551227793928237
Insoluble_Oxalate,41,383,permuted_null,0.18703135569086773
Insoluble_Oxalate,41,384,permuted_null,0.026284775015086977
Insoluble_Oxalate,41,385,permuted_null,-0.11926521429986622
Insoluble_Oxalate,41,386,permuted_null,0.11696000111822727
Insoluble_Oxalate,41,387,permuted_null,-0.12566493579968918
Insoluble_Oxalate,41,388,permuted_null,-0.04419329121449121
Insoluble_Oxalate,41,389,permuted_null,0.06296655197866902
Insoluble_Oxalate,41,390,permuted_null,0.051453090526635784
Insoluble_Oxalate,41,391,permuted_null,0.06007774203211286
Insoluble_Oxalate,41,392,permuted_null,0.0006652021081142295
Insoluble_Oxalate,41,393,permuted_null,0.09789589082486072
Insoluble_Oxalate,41,394,permuted_null,-0.10334317488213116
Insoluble_Oxalate,41,395,permuted_null,-0.20112088355732893
Insoluble_Oxalate,41,396,permuted_null,-0.1109517966031999
Insoluble_Oxalate,41,397,permuted_null,0.14485778586736464
Insoluble_Oxalate,41,398,permuted_null,0.022306414058715654
Insoluble_Oxalate,41,399,permuted_null,-0.029548817009556243
Insoluble_Oxalate,41,400,permuted_null,0.1107016725246359
Insoluble_Oxalate,41,401,permuted_null,-0.05346730728472672
Insoluble_Oxalate,41,402,permuted_null,-0.07867123852498525
Insoluble_Oxalate,41,403,permuted_null,-0.08178296573471139
Insoluble_Oxalate,41,404,permuted_null,-0.01709827770110829
Insoluble_Oxalate,41,405,permuted_null,-0.08689584426312189
Insoluble_Oxalate,41,406,permuted_null,0.1498176566272783
Insoluble_Oxalate,41,407,permuted_null,0.1397164110224328
Insoluble_Oxalate,41,408,permuted_null,0.09181330152044614
Insoluble_Oxalate,41,409,permuted_null,-0.06534369498578026
Insoluble_Oxalate,41,410,permuted_null,0.04618052096259401
Insoluble_Oxalate,41,411,permuted_null,0.08058502702973974
Insoluble_Oxalate,41,412,permuted_null,-0.06633435150578314
Insoluble_Oxalate,41,413,permuted_null,0.1586236165410709
Insoluble_Oxalate,41,414,permuted_null,-0.16062384084455883
Insoluble_Oxalate,41,415,permuted_null,-0.10584571882496459
Insoluble_Oxalate,41,416,permuted_null,-0.17204765533544675
Insoluble_Oxalate,41,417,permuted_null,0.018608922076369324
Insoluble_Oxalate,41,418,permuted_null,0.13124823617315134
Insoluble_Oxalate,41,419,permuted_null,-0.01565860871750071
Insoluble_Oxalate,41,420,permuted_null,-0.17294410441942615
Insoluble_Oxalate,41,421,permuted_null,0.046426329111317596
Insoluble_Oxalate,41,422,permuted_null,-0.1029085275619547
Insoluble_Oxalate,41,423,permuted_null,0.12616180503644936
Insoluble_Oxalate,41,424,permuted_null,-0.19624049073547228
Insoluble_Oxalate,41,425,permuted_null,0.05832644264354336
Insoluble_Oxalate,41,426,permuted_null,0.0404929734389438
Insoluble_Oxalate,41,427,permuted_null,-0.1036986758398217
Insoluble_Oxalate,41,428,permuted_null,-0.2288487346308008
Insoluble_Oxalate,41,429,permuted_null,0.0097448068219835
Insoluble_Oxalate,41,430,permuted_null,0.1216453021530812
Insoluble_Oxalate,41,431,permuted_null,0.07522303660317352
Insoluble_Oxalate,41,432,permuted_null,-0.01246478791466156
Insoluble_Oxalate,41,433,permuted_null,0.0999448747105357
Insoluble_Oxalate,41,434,permuted_null,0.0982228194749144
Insoluble_Oxalate,41,435,permuted_null,-0.0490344327392945
Insoluble_Oxalate,41,436,permuted_null,-0.10516340940986259
Insoluble_Oxalate,41,437,permuted_null,-0.2162383652464463
Insoluble_Oxalate,41,438,permuted_null,-0.09655322166758555
Insoluble_Oxalate,41,439,permuted_null,-0.029005898700753617
Insoluble_Oxalate,41,440,permuted_null,-0.2171505402804403
Insoluble_Oxalate,41,441,permuted_null,0.07613674304316115
Insoluble_Oxalate,41,442,permuted_null,-0.11801437414102836
Insoluble_Oxalate,41,443,permuted_null,-0.04037872049150014
Insoluble_Oxalate,41,444,permuted_null,0.062220109872706084
Insoluble_Oxalate,41,445,permuted_null,0.06386696354008468
Insoluble_Oxalate,41,446,permuted_null,-0.11154032227459272
Insoluble_Oxalate,41,447,permuted_null,-0.04934295412113803
Insoluble_Oxalate,41,448,permuted_null,0.05889079444950117
Insoluble_Oxalate,41,449,permuted_null,-0.0783898252120085
Insoluble_Oxalate,41,450,permuted_null,-0.0010392295066404544
Insoluble_Oxalate,41,451,permuted_null,0.035275886840979764
Insoluble_Oxalate,41,452,permuted_null,-0.052508505816631725
Insoluble_Oxalate,41,453,permuted_null,-0.042412314112003795
Insoluble_Oxalate,41,454,permuted_null,0.08158455426242073
Insoluble_Oxalate,41,455,permuted_null,-0.09067455229703747
Insoluble_Oxalate,41,456,permuted_null,-0.2933907511327095
Insoluble_Oxalate,41,457,permuted_null,0.19738250007905347
Insoluble_Oxalate,41,458,permuted_null,0.23990574211849774
Insoluble_Oxalate,41,459,permuted_null,0.05755297636111571
Insoluble_Oxalate,41,460,permuted_null,-0.07154116939676347
Insoluble_Oxalate,41,461,permuted_null,-0.18474155314010454
Insoluble_Oxalate,41,462,permuted_null,-0.03571473013493885
Insoluble_Oxalate,41,463,permuted_null,0.09957987571398019
Insoluble_Oxalate,41,464,permuted_null,0.15767816349608005
Insoluble_Oxalate,41,465,permuted_null,0.08449850639641217
Insoluble_Oxalate,41,466,permuted_null,0.18414215231671188
Insoluble_Oxalate,41,467,permuted_null,-0.03385317373086269
Insoluble_Oxalate,41,468,permuted_null,-0.020412531302788584
Insoluble_Oxalate,41,469,permuted_null,-0.2034618511221246
Insoluble_Oxalate,41,470,permuted_null,0.07171923803875566
Insoluble_Oxalate,41,471,permuted_null,0.07928988027891413
Insoluble_Oxalate,41,472,permuted_null,0.21304129803201816
Insoluble_Oxalate,41,473,permuted_null,-0.06707925979090926
Insoluble_Oxalate,41,474,permuted_null,0.007343518678054606
Insoluble_Oxalate,41,475,permuted_null,0.16467778406291333
Insoluble_Oxalate,41,476,permuted_null,-0.10043089039367924
Insoluble_Oxalate,41,477,permuted_null,0.17532951713658562
Insoluble_Oxalate,41,478,permuted_null,0.18284876359559893
Insoluble_Oxalate,41,479,permuted_null,0.059263475541798234
Insoluble_Oxalate,41,480,permuted_null,0.03654816383861459
Insoluble_Oxalate,41,481,permuted_null,0.13915082691767494
Insoluble_Oxalate,41,482,permuted_null,0.0410496322362489
Insoluble_Oxalate,41,483,permuted_null,-0.0334030137276603
Insoluble_Oxalate,41,484,permuted_null,0.03738530124093008
Insoluble_Oxalate,41,485,permuted_null,-0.09164743406695523
Insoluble_Oxalate,41,486,permuted_null,-0.006585169369134405
Insoluble_Oxalate,41,487,permuted_null,-0.11484412366380194
Insoluble_Oxalate,41,488,permuted_null,0.06225362231566925
Insoluble_Oxalate,41,489,permuted_null,0.03883475852400555
Insoluble_Oxalate,41,490,permuted_null,0.07794131837204263
Insoluble_Oxalate,41,491,permuted_null,-0.009823543859843964
Insoluble_Oxalate,41,492,permuted_null,0.03727584216693587
Insoluble_Oxalate,41,493,permuted_null,0.10599563063046516
Insoluble_Oxalate,41,494,permuted_null,-0.23720176487977984
Insoluble_Oxalate,41,495,permuted_null,0.032139217599087604
Insoluble_Oxalate,41,496,permuted_null,-0.21843875063537233
Insoluble_Oxalate,41,497,permuted_null,0.018205734997369313
Insoluble_Oxalate,41,498,permuted_null,-0.03778150271338901
Insoluble_Oxalate,41,499,permuted_null,0.016288872800560274
Insoluble_Oxalate,41,500,permuted_null,0.05007535710902125
Insoluble_Oxalate,41,501,permuted_null,-0.19463209737863174
Insoluble_Oxalate,41,502,permuted_null,0.08812483248984887
Insoluble_Oxalate,41,503,permuted_null,-0.0953374431726964
Insoluble_Oxalate,41,504,permuted_null,-0.04699632155396123
Insoluble_Oxalate,41,505,permuted_null,0.16009095437866316
Insoluble_Oxalate,41,506,permuted_null,-0.09631002337428296
Insoluble_Oxalate,41,507,permuted_null,-0.16438288352144792
Insoluble_Oxalate,41,508,permuted_null,0.03964743881627601
Insoluble_Oxalate,41,509,permuted_null,-0.050686889106179994
Insoluble_Oxalate,41,510,permuted_null,-0.038177253086132734
Insoluble_Oxalate,41,511,permuted_null,-0.020642999481526862
Insoluble_Oxalate,41,512,permuted_null,0.031626519073726565
Insoluble_Oxalate,41,513,permuted_null,-0.03949971998135773
Insoluble_Oxalate,41,514,permuted_null,-0.23742155616017294
Insoluble_Oxalate,41,515,permuted_null,0.14958217088247627
Insoluble_Oxalate,41,516,permuted_null,0.103216892711159
Insoluble_Oxalate,41,517,permuted_null,-0.14850829023337805
Insoluble_Oxalate,41,518,permuted_null,-0.09891556633376528
Insoluble_Oxalate,41,519,permuted_null,0.04481757837459084
Insoluble_Oxalate,41,520,permuted_null,0.12743218632242176
Insoluble_Oxalate,41,521,permuted_null,0.028740039630145296
Insoluble_Oxalate,41,522,permuted_null,-0.08913464325630223
Insoluble_Oxalate,41,523,permuted_null,-0.12071080478462849
Insoluble_Oxalate,41,524,permuted_null,-0.14699651693440308
Insoluble_Oxalate,41,525,permuted_null,0.07378428110937393
Insoluble_Oxalate,41,526,permuted_null,-0.0036493222661563435
Insoluble_Oxalate,41,527,permuted_null,-0.007453181174142634
Insoluble_Oxalate,41,528,permuted_null,0.02867645417974593
Insoluble_Oxalate,41,529,permuted_null,-0.3189916053366232
Insoluble_Oxalate,41,530,permuted_null,-0.10153137486275532
Insoluble_Oxalate,41,531,permuted_null,0.09111750448296149
Insoluble_Oxalate,41,532,permuted_null,-0.01611400277299946
Insoluble_Oxalate,41,533,permuted_null,0.016869313993567506
Insoluble_Oxalate,41,534,permuted_null,-0.03282377700338604
Insoluble_Oxalate,41,535,permuted_null,0.19720826228700664
Insoluble_Oxalate,41,536,permuted_null,0.12377507237079399
Insoluble_Oxalate,41,537,permuted_null,0.08429109477302689
Insoluble_Oxalate,41,538,permuted_null,0.06652949164220759
Insoluble_Oxalate,41,539,permuted_null,0.08399683883325529
Insoluble_Oxalate,41,540,permuted_null,0.003851929989511789
Insoluble_Oxalate,41,541,permuted_null,0.12653178339446586
Insoluble_Oxalate,41,542,permuted_null,-0.017521418172125616
Insoluble_Oxalate,41,543,permuted_null,-0.040638381710931745
Insoluble_Oxalate,41,544,permuted_null,0.11085644761042646
Insoluble_Oxalate,41,545,permuted_null,0.08568710829147114
Insoluble_Oxalate,41,546,permuted_null,-0.053879104161166064
Insoluble_Oxalate,41,547,permuted_null,-0.36413979194746926
Insoluble_Oxalate,41,548,permuted_null,0.04837991562802484
Insoluble_Oxalate,41,549,permuted_null,0.02895531631229921
Insoluble_Oxalate,41,550,permuted_null,0.023620309111004406
Insoluble_Oxalate,41,551,permuted_null,0.059151358592154375
Insoluble_Oxalate,41,552,permuted_null,0.034597619704696346
Insoluble_Oxalate,41,553,permuted_null,-0.024790656136109583
Insoluble_Oxalate,41,554,permuted_null,0.09995891055781381
Insoluble_Oxalate,41,555,permuted_null,-0.018047121147024267
Insoluble_Oxalate,41,556,permuted_null,-0.03365057710452479
Insoluble_Oxalate,41,557,permuted_null,0.03158082544380451
Insoluble_Oxalate,41,558,permuted_null,-0.0980726051605879
Insoluble_Oxalate,41,559,permuted_null,-0.27747066101855783
Insoluble_Oxalate,41,560,permuted_null,0.14972999459325054
Insoluble_Oxalate,41,561,permuted_null,0.0028443397381884943
Insoluble_Oxalate,41,562,permuted_null,-0.0922242603975974
Insoluble_Oxalate,41,563,permuted_null,0.16239787475352557
Insoluble_Oxalate,41,564,permuted_null,-0.026584716409460613
Insoluble_Oxalate,41,565,permuted_null,0.03154238702906331
Insoluble_Oxalate,41,566,permuted_null,0.050128347213401245
Insoluble_Oxalate,41,567,permuted_null,0.10755378095630166
Insoluble_Oxalate,41,568,permuted_null,0.023846603030614352
Insoluble_Oxalate,41,569,permuted_null,0.008700492156345482
Insoluble_Oxalate,41,570,permuted_null,-0.052914762355366476
Insoluble_Oxalate,41,571,permuted_null,-0.20081967674879467
Insoluble_Oxalate,41,572,permuted_null,-0.11728419528583293
Insoluble_Oxalate,41,573,permuted_null,-0.08647201329820509
Insoluble_Oxalate,41,574,permuted_null,-0.06516242497940775
Insoluble_Oxalate,41,575,permuted_null,-0.05703505254239695
Insoluble_Oxalate,41,576,permuted_null,0.11708012924001185
Insoluble_Oxalate,41,577,permuted_null,-0.010097806997158315
Insoluble_Oxalate,41,578,permuted_null,-0.086456652088261
Insoluble_Oxalate,41,579,permuted_null,-0.027148578406858432
Insoluble_Oxalate,41,580,permuted_null,-0.08253517589631096
Insoluble_Oxalate,41,581,permuted_null,-0.1416987448065526
Insoluble_Oxalate,41,582,permuted_null,-0.1810761824473771
Insoluble_Oxalate,41,583,permuted_null,-0.2223176265158625
Insoluble_Oxalate,41,584,permuted_null,-0.09324334041504317
Insoluble_Oxalate,41,585,permuted_null,0.020181659705654786
Insoluble_Oxalate,41,586,permuted_null,0.03536513897725
Insoluble_Oxalate,41,587,permuted_null,-0.25872576281742204
Insoluble_Oxalate,41,588,permuted_null,0.14842521541473366
Insoluble_Oxalate,41,589,permuted_null,0.1681417085015503
Insoluble_Oxalate,41,590,permuted_null,-0.09986398549568684
Insoluble_Oxalate,41,591,permuted_null,-0.13824349694302507
Insoluble_Oxalate,41,592,permuted_null,0.0007579176709685571
Insoluble_Oxalate,41,593,permuted_null,0.16108632420278335
Insoluble_Oxalate,41,594,permuted_null,-0.04969589594103822
Insoluble_Oxalate,41,595,permuted_null,0.08169112514693458
Insoluble_Oxalate,41,596,permuted_null,-0.09745885760950102
Insoluble_Oxalate,41,597,permuted_null,0.11361764939904448
Insoluble_Oxalate,41,598,permuted_null,-0.2218078107163303
Insoluble_Oxalate,41,599,permuted_null,-0.001400502193370061
Insoluble_Oxalate,41,600,permuted_null,-0.03215829354562164
Insoluble_Oxalate,41,601,permuted_null,-0.020800151819424857
Insoluble_Oxalate,41,602,permuted_null,-0.13980627581148747
Insoluble_Oxalate,41,603,permuted_null,-0.01195429473317184
Insoluble_Oxalate,41,604,permuted_null,0.11551419504493438
Insoluble_Oxalate,41,605,permuted_null,0.12014130176626586
Insoluble_Oxalate,41,606,permuted_null,0.17750773285162708
Insoluble_Oxalate,41,607,permuted_null,0.034144513103327535
Insoluble_Oxalate,41,608,permuted_null,0.001221973084602035
Insoluble_Oxalate,41,609,permuted_null,-0.0041281311190432685
Insoluble_Oxalate,41,610,permuted_null,-0.04928357604405829
Insoluble_Oxalate,41,611,permuted_null,-0.04598218656761638
Insoluble_Oxalate,41,612,permuted_null,-0.032873507934298773
Insoluble_Oxalate,41,613,permuted_null,0.018345116135368017
Insoluble_Oxalate,41,614,permuted_null,-0.1507882839512394
Insoluble_Oxalate,41,615,permuted_null,0.13746097906800853
Insoluble_Oxalate,41,616,permuted_null,-0.10857006949840575
Insoluble_Oxalate,41,617,permuted_null,0.09777182865283082
Insoluble_Oxalate,41,618,permuted_null,0.022816903783653763
Insoluble_Oxalate,41,619,permuted_null,0.1564396276793726
Insoluble_Oxalate,41,620,permuted_null,-0.07879656976902433
Insoluble_Oxalate,41,621,permuted_null,0.09549108583782329
Insoluble_Oxalate,41,622,permuted_null,-0.04996362735103107
Insoluble_Oxalate,41,623,permuted_null,0.2061974832746392
Insoluble_Oxalate,41,624,permuted_null,0.15864971612301065
Insoluble_Oxalate,41,625,permuted_null,0.08097597919029355
Insoluble_Oxalate,41,626,permuted_null,-0.0835374883170079
Insoluble_Oxalate,41,627,permuted_null,-0.20298211218659196
Insoluble_Oxalate,41,628,permuted_null,-0.04688978157444266
Insoluble_Oxalate,41,629,permuted_null,0.08163361505739343
Insoluble_Oxalate,41,630,permuted_null,0.10324367531232828
Insoluble_Oxalate,41,631,permuted_null,0.16185518755435258
Insoluble_Oxalate,41,632,permuted_null,0.12549715171860895
Insoluble_Oxalate,41,633,permuted_null,-0.271865122024327
Insoluble_Oxalate,41,634,permuted_null,-0.0604215485965089
Insoluble_Oxalate,41,635,permuted_null,0.031189430777977374
Insoluble_Oxalate,41,636,permuted_null,-0.026880805811141426
Insoluble_Oxalate,41,637,permuted_null,-0.028352104099175428
Insoluble_Oxalate,41,638,permuted_null,0.12462685364558998
Insoluble_Oxalate,41,639,permuted_null,-0.19844292261882643
Insoluble_Oxalate,41,640,permuted_null,-0.09874044093825823
Insoluble_Oxalate,41,641,permuted_null,-0.077523441020053
Insoluble_Oxalate,41,642,permuted_null,-0.08106249243773023
Insoluble_Oxalate,41,643,permuted_null,0.005423888148764419
Insoluble_Oxalate,41,644,permuted_null,-0.0909074961605798
Insoluble_Oxalate,41,645,permuted_null,0.027854498443216684
Insoluble_Oxalate,41,646,permuted_null,-0.03202031483648749
Insoluble_Oxalate,41,647,permuted_null,0.015922699160304477
Insoluble_Oxalate,41,648,permuted_null,-0.12976026098232674
Insoluble_Oxalate,41,649,permuted_null,0.20633002617318583
Insoluble_Oxalate,41,650,permuted_null,-0.1206498787735289
Insoluble_Oxalate,41,651,permuted_null,-0.058187895612430034
Insoluble_Oxalate,41,652,permuted_null,0.13631717815215982
Insoluble_Oxalate,41,653,permuted_null,-0.14096917390056188
Insoluble_Oxalate,41,654,permuted_null,0.041437242049167114
Insoluble_Oxalate,41,655,permuted_null,-0.06966496312153722
Insoluble_Oxalate,41,656,permuted_null,0.09882161084393909
Insoluble_Oxalate,41,657,permuted_null,-0.19972892089271582
Insoluble_Oxalate,41,658,permuted_null,-0.05539632609474139
Insoluble_Oxalate,41,659,permuted_null,-0.1962751546696486
Insoluble_Oxalate,41,660,permuted_null,-0.014320690604563618
Insoluble_Oxalate,41,661,permuted_null,0.24376922179324859
Insoluble_Oxalate,41,662,permuted_null,-0.15310375673862905
Insoluble_Oxalate,41,663,permuted_null,0.14901726585746702
Insoluble_Oxalate,41,664,permuted_null,-0.002070524341086233
Insoluble_Oxalate,41,665,permuted_null,-0.054774075845080095
Insoluble_Oxalate,41,666,permuted_null,0.04856564252339002
Insoluble_Oxalate,41,667,permuted_null,-0.07874924342223313
Insoluble_Oxalate,41,668,permuted_null,-0.0003433082974265995
Insoluble_Oxalate,41,669,permuted_null,0.08632950544832643
Insoluble_Oxalate,41,670,permuted_null,-0.02809643889883759
Insoluble_Oxalate,41,671,permuted_null,0.022746915553159275
Insoluble_Oxalate,41,672,permuted_null,-0.3124456925796413
Insoluble_Oxalate,41,673,permuted_null,0.05067002155925163
Insoluble_Oxalate,41,674,permuted_null,0.3277925820390972
Insoluble_Oxalate,41,675,permuted_null,0.055204637454242325
Insoluble_Oxalate,41,676,permuted_null,0.19294586657276747
Insoluble_Oxalate,41,677,permuted_null,0.07398108231287531
Insoluble_Oxalate,41,678,permuted_null,-0.035186477546538614
Insoluble_Oxalate,41,679,permuted_null,-0.06534423027542123
Insoluble_Oxalate,41,680,permuted_null,0.027942737941072368
Insoluble_Oxalate,41,681,permuted_null,-0.05171267659223116
Insoluble_Oxalate,41,682,permuted_null,0.002065383098228065
Insoluble_Oxalate,41,683,permuted_null,0.1778068282456231
Insoluble_Oxalate,41,684,permuted_null,-0.03185955282198596
Insoluble_Oxalate,41,685,permuted_null,0.06599204471093237
Insoluble_Oxalate,41,686,permuted_null,-0.0881508219095788
Insoluble_Oxalate,41,687,permuted_null,-0.2950105160270686
Insoluble_Oxalate,41,688,permuted_null,0.08603399395419543
Insoluble_Oxalate,41,689,permuted_null,-0.07365882929285317
Insoluble_Oxalate,41,690,permuted_null,-0.1715328519842132
Insoluble_Oxalate,41,691,permuted_null,-0.003466737889181608
Insoluble_Oxalate,41,692,permuted_null,-0.19335296225770615
Insoluble_Oxalate,41,693,permuted_null,0.21820281367632707
Insoluble_Oxalate,41,694,permuted_null,-0.27586597770990906
Insoluble_Oxalate,41,695,permuted_null,0.17686280768902785
Insoluble_Oxalate,41,696,permuted_null,0.18075743130551708
Insoluble_Oxalate,41,697,permuted_null,-0.1656384031961755
Insoluble_Oxalate,41,698,permuted_null,0.04295411973351419
Insoluble_Oxalate,41,699,permuted_null,0.014925296596794813
Insoluble_Oxalate,41,700,permuted_null,-0.025313507489120778
Insoluble_Oxalate,41,701,permuted_null,-0.15432892406234514
Insoluble_Oxalate,41,702,permuted_null,0.03914716619740813
Insoluble_Oxalate,41,703,permuted_null,0.10585603505164072
Insoluble_Oxalate,41,704,permuted_null,0.05948199094643605
Insoluble_Oxalate,41,705,permuted_null,0.0547274478456768
Insoluble_Oxalate,41,706,permuted_null,-0.07436386463764033
Insoluble_Oxalate,41,707,permuted_null,-0.13083890051252195
Insoluble_Oxalate,41,708,permuted_null,0.06750886073263455
Insoluble_Oxalate,41,709,permuted_null,-0.07140188044918086
Insoluble_Oxalate,41,710,permuted_null,-0.13962458662528635
Insoluble_Oxalate,41,711,permuted_null,-0.176353592757162
Insoluble_Oxalate,41,712,permuted_null,-0.042485380642551765
Insoluble_Oxalate,41,713,permuted_null,-0.03289809953193233
Insoluble_Oxalate,41,714,permuted_null,0.09503556317926208
Insoluble_Oxalate,41,715,permuted_null,0.014138398357036869
Insoluble_Oxalate,41,716,permuted_null,0.06551109249437405
Insoluble_Oxalate,41,717,permuted_null,-0.09934866846691745
Insoluble_Oxalate,41,718,permuted_null,-0.12774724488232186
Insoluble_Oxalate,41,719,permuted_null,0.1870835341903929
Insoluble_Oxalate,41,720,permuted_null,0.13106672272692657
Insoluble_Oxalate,41,721,permuted_null,0.19839252895375242
Insoluble_Oxalate,41,722,permuted_null,0.11836316632063629
Insoluble_Oxalate,41,723,permuted_null,0.05775620293531892
Insoluble_Oxalate,41,724,permuted_null,0.150022002748266
Insoluble_Oxalate,41,725,permuted_null,0.0886019452794182
Insoluble_Oxalate,41,726,permuted_null,-0.09768676579197555
Insoluble_Oxalate,41,727,permuted_null,0.016890154987980556
Insoluble_Oxalate,41,728,permuted_null,-0.02171156515999529
Insoluble_Oxalate,41,729,permuted_null,0.1793537433320604
Insoluble_Oxalate,41,730,permuted_null,0.031399429333097834
Insoluble_Oxalate,41,731,permuted_null,-0.06442845626881274
Insoluble_Oxalate,41,732,permuted_null,0.010227279823988567
Insoluble_Oxalate,41,733,permuted_null,-0.06278135683977784
Insoluble_Oxalate,41,734,permuted_null,0.039600761850249765
Insoluble_Oxalate,41,735,permuted_null,-0.11447213888946717
Insoluble_Oxalate,41,736,permuted_null,-0.11959252626723782
Insoluble_Oxalate,41,737,permuted_null,-0.10051239399217529
Insoluble_Oxalate,41,738,permuted_null,-0.13228635528215357
Insoluble_Oxalate,41,739,permuted_null,-0.09357983530178454
Insoluble_Oxalate,41,740,permuted_null,-0.0836842572082764
Insoluble_Oxalate,41,741,permuted_null,-0.05721974722305598
Insoluble_Oxalate,41,742,permuted_null,-0.060783946433147565
Insoluble_Oxalate,41,743,permuted_null,0.03740909235890001
Insoluble_Oxalate,41,744,permuted_null,0.016352545997773707
Insoluble_Oxalate,41,745,permuted_null,-0.047554178081726
Insoluble_Oxalate,41,746,permuted_null,0.08243632360258321
Insoluble_Oxalate,41,747,permuted_null,-0.10126958758835244
Insoluble_Oxalate,41,748,permuted_null,-0.10723163233447439
Insoluble_Oxalate,41,749,permuted_null,-0.02080258507280163
Insoluble_Oxalate,41,750,permuted_null,-0.15304696266534307
Insoluble_Oxalate,41,751,permuted_null,0.12653207159095414
Insoluble_Oxalate,41,752,permuted_null,-0.21266009903614586
Insoluble_Oxalate,41,753,permuted_null,0.10210082091892522
Insoluble_Oxalate,41,754,permuted_null,0.18390275742157883
Insoluble_Oxalate,41,755,permuted_null,-0.07981963076565059
Insoluble_Oxalate,41,756,permuted_null,0.12499171201123697
Insoluble_Oxalate,41,757,permuted_null,0.1908853913824745
Insoluble_Oxalate,41,758,permuted_null,0.10903196954770226
Insoluble_Oxalate,41,759,permuted_null,-0.04210842122332127
Insoluble_Oxalate,41,760,permuted_null,-0.17375229792598829
Insoluble_Oxalate,41,761,permuted_null,-0.1081359672368696
Insoluble_Oxalate,41,762,permuted_null,0.03137170791494993
Insoluble_Oxalate,41,763,permuted_null,0.009050278535830618
Insoluble_Oxalate,41,764,permuted_null,0.12004036314253207
Insoluble_Oxalate,41,765,permuted_null,-0.14708760985321978
Insoluble_Oxalate,41,766,permuted_null,0.1594874126228003
Insoluble_Oxalate,41,767,permuted_null,0.10101563037233469
Insoluble_Oxalate,41,768,permuted_null,-3.247751465855486e-05
Insoluble_Oxalate,41,769,permuted_null,0.17436660520426236
Insoluble_Oxalate,41,770,permuted_null,0.12077831387254043
Insoluble_Oxalate,41,771,permuted_null,0.17371776314708642
Insoluble_Oxalate,41,772,permuted_null,0.13897857995887306
Insoluble_Oxalate,41,773,permuted_null,0.14419380746770785
Insoluble_Oxalate,41,774,permuted_null,-0.016241444369538068
Insoluble_Oxalate,41,775,permuted_null,-0.0558831525817631
Insoluble_Oxalate,41,776,permuted_null,0.04554777868837237
Insoluble_Oxalate,41,777,permuted_null,-0.14763432507396482
Insoluble_Oxalate,41,778,permuted_null,0.2565916191067918
Insoluble_Oxalate,41,779,permuted_null,0.137180129938497
Insoluble_Oxalate,41,780,permuted_null,0.050617876135581774
Insoluble_Oxalate,41,781,permuted_null,0.013026333873957819
Insoluble_Oxalate,41,782,permuted_null,0.1354298093432771
Insoluble_Oxalate,41,783,permuted_null,0.0848080932425401
Insoluble_Oxalate,41,784,permuted_null,0.09635350065849539
Insoluble_Oxalate,41,785,permuted_null,-0.07491960432884973
Insoluble_Oxalate,41,786,permuted_null,-0.1698866979014951
Insoluble_Oxalate,41,787,permuted_null,0.13294817274880438
Insoluble_Oxalate,41,788,permuted_null,-0.027328877036302414
Insoluble_Oxalate,41,789,permuted_null,-0.31910202460811543
Insoluble_Oxalate,41,790,permuted_null,-0.0047190150196013
Insoluble_Oxalate,41,791,permuted_null,-0.06464062520574243
Insoluble_Oxalate,41,792,permuted_null,-0.10981348151184592
Insoluble_Oxalate,41,793,permuted_null,-0.1343409518088568
Insoluble_Oxalate,41,794,permuted_null,0.031037287238014744
Insoluble_Oxalate,41,795,permuted_null,0.025529592249036226
Insoluble_Oxalate,41,796,permuted_null,-0.1326569378512275
Insoluble_Oxalate,41,797,permuted_null,0.2643417386381919
Insoluble_Oxalate,41,798,permuted_null,-0.05883633197915159
Insoluble_Oxalate,41,799,permuted_null,0.03898263656072959
Insoluble_Oxalate,41,800,permuted_null,-0.17863363961511952
Insoluble_Oxalate,41,801,permuted_null,0.2637066397681379
Insoluble_Oxalate,41,802,permuted_null,-0.17644824864163164
Insoluble_Oxalate,41,803,permuted_null,-0.035448855731565004
Insoluble_Oxalate,41,804,permuted_null,0.006822050024405474
Insoluble_Oxalate,41,805,permuted_null,-0.1476702502499365
Insoluble_Oxalate,41,806,permuted_null,0.022662283140973044
Insoluble_Oxalate,41,807,permuted_null,0.16459306547470517
Insoluble_Oxalate,41,808,permuted_null,-0.059432418094179214
Insoluble_Oxalate,41,809,permuted_null,0.1412623676259579
Insoluble_Oxalate,41,810,permuted_null,0.03214925861672737
Insoluble_Oxalate,41,811,permuted_null,0.03975516028037718
Insoluble_Oxalate,41,812,permuted_null,0.1447769339398404
Insoluble_Oxalate,41,813,permuted_null,-0.10413533827358715
Insoluble_Oxalate,41,814,permuted_null,0.16258452191324627
Insoluble_Oxalate,41,815,permuted_null,-0.19922083153965797
Insoluble_Oxalate,41,816,permuted_null,-0.05819159884973511
Insoluble_Oxalate,41,817,permuted_null,-0.13855232787934402
Insoluble_Oxalate,41,818,permuted_null,0.19031073615702826
Insoluble_Oxalate,41,819,permuted_null,-0.1517425074916134
Insoluble_Oxalate,41,820,permuted_null,0.22496045653099955
Insoluble_Oxalate,41,821,permuted_null,0.13382773214061702
Insoluble_Oxalate,41,822,permuted_null,0.15012569961744313
Insoluble_Oxalate,41,823,permuted_null,0.006136873798335191
Insoluble_Oxalate,41,824,permuted_null,0.0975800980087807
Insoluble_Oxalate,41,825,permuted_null,0.21199269817499183
Insoluble_Oxalate,41,826,permuted_null,-0.013804869049336588
Insoluble_Oxalate,41,827,permuted_null,0.04530348236941782
Insoluble_Oxalate,41,828,permuted_null,0.06126312164812801
Insoluble_Oxalate,41,829,permuted_null,0.01771528568014985
Insoluble_Oxalate,41,830,permuted_null,-0.03167536635885261
Insoluble_Oxalate,41,831,permuted_null,-0.1350366764118227
Insoluble_Oxalate,41,832,permuted_null,0.18104278385611688
Insoluble_Oxalate,41,833,permuted_null,0.00513106772063774
Insoluble_Oxalate,41,834,permuted_null,-0.16430588352415568
Insoluble_Oxalate,41,835,permuted_null,0.06964801841506811
Insoluble_Oxalate,41,836,permuted_null,0.032206819442477615
Insoluble_Oxalate,41,837,permuted_null,-0.02143051376676417
Insoluble_Oxalate,41,838,permuted_null,-0.19617105277847546
Insoluble_Oxalate,41,839,permuted_null,0.22378540332486108
Insoluble_Oxalate,41,840,permuted_null,0.028141227583505485
Insoluble_Oxalate,41,841,permuted_null,-0.1126831735435015
Insoluble_Oxalate,41,842,permuted_null,0.07363275694171373
Insoluble_Oxalate,41,843,permuted_null,0.12985617853937614
Insoluble_Oxalate,41,844,permuted_null,-0.019517341616963557
Insoluble_Oxalate,41,845,permuted_null,-0.20537164135641
Insoluble_Oxalate,41,846,permuted_null,-0.30518216109229646
Insoluble_Oxalate,41,847,permuted_null,-0.10147243982399157
Insoluble_Oxalate,41,848,permuted_null,0.09312323894759314
Insoluble_Oxalate,41,849,permuted_null,0.0852877712098446
Insoluble_Oxalate,41,850,permuted_null,0.14560188404172375
Insoluble_Oxalate,41,851,permuted_null,-0.016387059325386283
Insoluble_Oxalate,41,852,permuted_null,0.08089406211873301
Insoluble_Oxalate,41,853,permuted_null,0.03787139351078943
Insoluble_Oxalate,41,854,permuted_null,0.10575197686545548
Insoluble_Oxalate,41,855,permuted_null,0.12562129293336766
Insoluble_Oxalate,41,856,permuted_null,0.046635448303934235
Insoluble_Oxalate,41,857,permuted_null,0.20023949208484013
Insoluble_Oxalate,41,858,permuted_null,0.12783874341457158
Insoluble_Oxalate,41,859,permuted_null,-0.0008124065762134813
Insoluble_Oxalate,41,860,permuted_null,0.015574754090042817
Insoluble_Oxalate,41,861,permuted_null,-0.06797124157613885
Insoluble_Oxalate,41,862,permuted_null,0.02011058056997088
Insoluble_Oxalate,41,863,permuted_null,0.0697204327265329
Insoluble_Oxalate,41,864,permuted_null,0.013697332291616002
Insoluble_Oxalate,41,865,permuted_null,-0.13356185476148222
Insoluble_Oxalate,41,866,permuted_null,0.07716553541099397
Insoluble_Oxalate,41,867,permuted_null,0.006745025950345193
Insoluble_Oxalate,41,868,permuted_null,-0.04422956035882743
Insoluble_Oxalate,41,869,permuted_null,0.1211234914304352
Insoluble_Oxalate,41,870,permuted_null,0.1002773504191804
Insoluble_Oxalate,41,871,permuted_null,0.1686469904714956
Insoluble_Oxalate,41,872,permuted_null,0.28879505286494406
Insoluble_Oxalate,41,873,permuted_null,-0.0009791239092556692
Insoluble_Oxalate,41,874,permuted_null,0.07576293307298655
Insoluble_Oxalate,41,875,permuted_null,-0.17157219497602388
Insoluble_Oxalate,41,876,permuted_null,-0.0667271036956173
Insoluble_Oxalate,41,877,permuted_null,-0.06774148935602836
Insoluble_Oxalate,41,878,permuted_null,0.027288639688878576
Insoluble_Oxalate,41,879,permuted_null,0.03542116570847305
Insoluble_Oxalate,41,880,permuted_null,-0.03297960562188573
Insoluble_Oxalate,41,881,permuted_null,0.048267958584785914
Insoluble_Oxalate,41,882,permuted_null,0.04105340721478347
Insoluble_Oxalate,41,883,permuted_null,0.1424081373484355
Insoluble_Oxalate,41,884,permuted_null,-0.04633010783030524
Insoluble_Oxalate,41,885,permuted_null,0.06932163591963718
Insoluble_Oxalate,41,886,permuted_null,0.05412892804339152
Insoluble_Oxalate,41,887,permuted_null,-0.10944214579597185
Insoluble_Oxalate,41,888,permuted_null,-0.11303729676675131
Insoluble_Oxalate,41,889,permuted_null,0.10646909073842983
Insoluble_Oxalate,41,890,permuted_null,-0.05625953628401086
Insoluble_Oxalate,41,891,permuted_null,0.09479845003419302
Insoluble_Oxalate,41,892,permuted_null,0.07754178328893419
Insoluble_Oxalate,41,893,permuted_null,-0.08204273640421009
Insoluble_Oxalate,41,894,permuted_null,0.15542071338692265
Insoluble_Oxalate,41,895,permuted_null,0.12831386083221896
Insoluble_Oxalate,41,896,permuted_null,-0.10850872158069466
Insoluble_Oxalate,41,897,permuted_null,0.08586727269281431
Insoluble_Oxalate,41,898,permuted_null,-0.012377514873089773
Insoluble_Oxalate,41,899,permuted_null,0.08592765916612867
Insoluble_Oxalate,41,900,permuted_null,0.01195062729357542
Insoluble_Oxalate,41,901,permuted_null,0.06352673295097101
Insoluble_Oxalate,41,902,permuted_null,0.12247973022558008
Insoluble_Oxalate,41,903,permuted_null,-0.1776135581858692
Insoluble_Oxalate,41,904,permuted_null,-0.053059529860289445
Insoluble_Oxalate,41,905,permuted_null,0.046032504190167446
Insoluble_Oxalate,41,906,permuted_null,-0.10261553649221294
Insoluble_Oxalate,41,907,permuted_null,0.02163582962872731
Insoluble_Oxalate,41,908,permuted_null,0.05055567885751783
Insoluble_Oxalate,41,909,permuted_null,0.12818863022343768
Insoluble_Oxalate,41,910,permuted_null,0.17128318760946448
Insoluble_Oxalate,41,911,permuted_null,-0.016489075099031594
Insoluble_Oxalate,41,912,permuted_null,-0.04104863352453632
Insoluble_Oxalate,41,913,permuted_null,0.06529175737278438
Insoluble_Oxalate,41,914,permuted_null,0.08049142745171281
Insoluble_Oxalate,41,915,permuted_null,0.025469783332250837
Insoluble_Oxalate,41,916,permuted_null,-0.1012213095640012
Insoluble_Oxalate,41,917,permuted_null,0.1389802365438401
Insoluble_Oxalate,41,918,permuted_null,-0.10038644813300694
Insoluble_Oxalate,41,919,permuted_null,0.17956790607459527
Insoluble_Oxalate,41,920,permuted_null,0.07253164488315225
Insoluble_Oxalate,41,921,permuted_null,0.10053161533595668
Insoluble_Oxalate,41,922,permuted_null,-0.017803614209435256
Insoluble_Oxalate,41,923,permuted_null,0.0719263643210199
Insoluble_Oxalate,41,924,permuted_null,0.0015057287373608924
Insoluble_Oxalate,41,925,permuted_null,0.04436623798868126
Insoluble_Oxalate,41,926,permuted_null,0.1227513275730012
Insoluble_Oxalate,41,927,permuted_null,0.056893122293931356
Insoluble_Oxalate,41,928,permuted_null,0.14648160874709945
Insoluble_Oxalate,41,929,permuted_null,0.16395909870548553
Insoluble_Oxalate,41,930,permuted_null,-0.025870313548169217
Insoluble_Oxalate,41,931,permuted_null,-0.002089651000582865
Insoluble_Oxalate,41,932,permuted_null,0.1268712082466494
Insoluble_Oxalate,41,933,permuted_null,0.21841217433241494
Insoluble_Oxalate,41,934,permuted_null,0.07948881286658609
Insoluble_Oxalate,41,935,permuted_null,0.11380431209568805
Insoluble_Oxalate,41,936,permuted_null,0.03546676828355612
Insoluble_Oxalate,41,937,permuted_null,-0.10954567736914836
Insoluble_Oxalate,41,938,permuted_null,0.07870175511147522
Insoluble_Oxalate,41,939,permuted_null,-0.03470035064881341
Insoluble_Oxalate,41,940,permuted_null,-0.0388674888290161
Insoluble_Oxalate,41,941,permuted_null,-0.1582634724662344
Insoluble_Oxalate,41,942,permuted_null,-0.005781552945993723
Insoluble_Oxalate,41,943,permuted_null,-0.1993439915336826
Insoluble_Oxalate,41,944,permuted_null,-0.07775440407330853
Insoluble_Oxalate,41,945,permuted_null,-0.027479814907769726
Insoluble_Oxalate,41,946,permuted_null,0.2058478000354113
Insoluble_Oxalate,41,947,permuted_null,0.15781518652014373
Insoluble_Oxalate,41,948,permuted_null,-0.043342185778733125
Insoluble_Oxalate,41,949,permuted_null,-0.13395272865368038
Insoluble_Oxalate,41,950,permuted_null,-0.17401986877144276
Insoluble_Oxalate,41,951,permuted_null,0.03189036106513766
Insoluble_Oxalate,41,952,permuted_null,0.2134331830816021
Insoluble_Oxalate,41,953,permuted_null,0.05787839222095999
Insoluble_Oxalate,41,954,permuted_null,0.13696844542693742
Insoluble_Oxalate,41,955,permuted_null,0.10277433979368525
Insoluble_Oxalate,41,956,permuted_null,0.12082954813667543
Insoluble_Oxalate,41,957,permuted_null,0.1560307892949055
Insoluble_Oxalate,41,958,permuted_null,-0.13227582190761497
Insoluble_Oxalate,41,959,permuted_null,0.030487011798280766
Insoluble_Oxalate,41,960,permuted_null,-0.11254940315014576
Insoluble_Oxalate,41,961,permuted_null,-0.053158922823617866
Insoluble_Oxalate,41,962,permuted_null,0.04041226415002008
Insoluble_Oxalate,41,963,permuted_null,-0.007309917145417868
Insoluble_Oxalate,41,964,permuted_null,0.03784382283017763
Insoluble_Oxalate,41,965,permuted_null,-0.14842183613567328
Insoluble_Oxalate,41,966,permuted_null,0.14198815338532422
Insoluble_Oxalate,41,967,permuted_null,-0.05379339510440091
Insoluble_Oxalate,41,968,permuted_null,0.03174035096707441
Insoluble_Oxalate,41,969,permuted_null,0.11701819617740179
Insoluble_Oxalate,41,970,permuted_null,-0.05279340440535513
Insoluble_Oxalate,41,971,permuted_null,0.06386741695040413
Insoluble_Oxalate,41,972,permuted_null,-0.013931967224099978
Insoluble_Oxalate,41,973,permuted_null,-0.02806323522413728
Insoluble_Oxalate,41,974,permuted_null,0.11091339213676468
Insoluble_Oxalate,41,975,permuted_null,0.015953524928380772
Insoluble_Oxalate,41,976,permuted_null,0.03618608860689168
Insoluble_Oxalate,41,977,permuted_null,-0.10244896018509135
Insoluble_Oxalate,41,978,permuted_null,-0.2362314452942495
Insoluble_Oxalate,41,979,permuted_null,0.021311414496685076
Insoluble_Oxalate,41,980,permuted_null,-0.02354264096138762
Insoluble_Oxalate,41,981,permuted_null,-0.11841066648469001
Insoluble_Oxalate,41,982,permuted_null,0.10694061248915623
Insoluble_Oxalate,41,983,permuted_null,0.15076836119041537
Insoluble_Oxalate,41,984,permuted_null,0.08453677195046719
Insoluble_Oxalate,41,985,permuted_null,-0.007898261085718589
Insoluble_Oxalate,41,986,permuted_null,0.09971107039015342
Insoluble_Oxalate,41,987,permuted_null,-0.07729101910792083
Insoluble_Oxalate,41,988,permuted_null,0.038551911524903795
Insoluble_Oxalate,41,989,permuted_null,-0.00040415154888263916
Insoluble_Oxalate,41,990,permuted_null,0.03525196987607859
Insoluble_Oxalate,41,991,permuted_null,-0.08899648273029002
Insoluble_Oxalate,41,992,permuted_null,0.09406525497757494
Insoluble_Oxalate,41,993,permuted_null,0.07368808921516415
Insoluble_Oxalate,41,994,permuted_null,-0.308802871080425
Insoluble_Oxalate,41,995,permuted_null,0.09756763519324582
Insoluble_Oxalate,41,996,permuted_null,-0.21780082489590522
Insoluble_Oxalate,41,997,permuted_null,-0.05824844251292547
Insoluble_Oxalate,41,998,permuted_null,0.008515841766056187
Insoluble_Oxalate,41,999,permuted_null,0.0972433681496906
