rs,chrom,pos,maf_subset,beta,se,t,p,chi2,fdr_bh,p_bonferroni
100018758|F|0-12:C>T-12:C>T,,,0.24390243902439024,186.70636675808453,65.4084098990727,2.854470350925493,0.0071080106689041045,8.148000984312707,0.9228626753589045,1.0
100035901|F|0-29:T>A-29:T>A,,,0.41025641025641024,139.74768596489778,49.251028455009376,2.837457213559647,0.007423734718438154,8.051163438781677,0.9228626753589045,1.0
100029472|F|0-28:G>A-28:G>A,,,0.15853658536585366,190.01272629658655,71.27054168574628,2.66607663983264,0.011420463688100204,7.107964649461301,0.9228626753589045,1.0
100019601|F|0-61:A>G-61:A>G,,,0.45121951219512196,-160.5787011010194,60.40736748333841,-2.658263516371745,0.01164326460396084,7.066364922473076,0.9228626753589045,1.0
100041311|F|0-41:A>G-41:A>G,,,0.3048780487804878,165.80900809697243,62.66785434238224,2.6458382824323996,0.01200587345867948,7.00046021678483,0.9228626753589045,1.0
100014614|F|0-54:G>A-54:G>A,,,0.17073170731707318,207.16615724117014,79.512737962405,2.605446153031756,0.01325790738631497,6.788349656347976,0.9228626753589045,1.0
100041312|F|0-45:T>A-45:T>A,,,0.23170731707317074,232.33953386376584,89.18932556287812,2.6050150328804467,0.013271897060829332,6.786103321533115,0.9228626753589045,1.0
100033325|F|0-21:T>C-21:T>C,,,0.13414634146341464,219.46167958625543,85.90428499401406,2.554723313296279,0.01500027437381049,6.526611207499519,0.9228626753589045,1.0
100016750|F|0-47:G>A-47:G>A,,,0.18292682926829268,-208.78264848942612,82.83883570852579,-2.5203474518164692,0.016298035203449142,6.35215127787777,0.9228626753589045,1.0
100013356|F|0-7:G>A-7:G>A,,,0.43902439024390244,137.2012827525628,54.53443144149031,2.5158652822807053,0.01647462136757265,6.329578118585373,0.9228626753589045,1.0
100021487|F|0-66:T>G-66:T>G,,,0.32926829268292684,192.0127907094057,76.74820628205373,2.5018537893087496,0.01703798860328394,6.2592723830785495,0.9228626753589045,1.0
100032947|F|0-56:G>C-56:G>C,,,0.23750000000000002,-188.2203699754171,76.09486130523491,-2.47349645885311,0.01823239071374491,6.118184731958875,0.9228626753589045,1.0
100035301|F|0-17:C>T-17:C>T,,,0.25609756097560976,178.51938514331883,75.2286808738235,2.373022935796768,0.023103958781272492,5.6312378538175105,0.9228626753589045,1.0
100020795|F|0-42:T>C-42:T>C,,,0.12195121951219512,213.1115391213547,91.42745713987601,2.330935867496705,0.025473934487839186,5.433262018382616,0.9228626753589045,1.0
100034724|F|0-49:G>A-49:G>A,,,0.23170731707317074,204.01029497622784,87.76474793786258,2.3245129709785877,0.02585429661392457,5.4033605522477,0.9228626753589045,1.0
100045520|F|0-63:C>T-63:C>T,,,0.21951219512195122,179.0386200738229,77.81449036165789,2.3008390756234,0.027300826513673288,5.293860451915541,0.9228626753589045,1.0
100019661|F|0-30:A>T-30:A>T,,,0.36585365853658536,-117.98590212682127,51.28082412896788,-2.300780147957344,0.027304516161478287,5.293589289234618,0.9228626753589045,1.0
100030143|F|0-33:C>T-33:C>T,,,0.2804878048780488,171.8192341283762,74.69174918246983,2.3003776991301494,0.027329726744122252,5.291737558655321,0.9228626753589045,1.0
100015194|F|0-9:C>T-9:C>T,,,0.2804878048780488,171.8192341283762,74.69174918246983,2.3003776991301494,0.027329726744122252,5.291737558655321,0.9228626753589045,1.0
100016739|F|0-27:A>C-27:A>C,Vu02 (old7),30482677.0,0.2804878048780488,171.8192341283762,74.69174918246983,2.3003776991301494,0.027329726744122252,5.291737558655321,0.9228626753589045,1.0
100030458|F|0-10:C>T-10:C>T,,,0.17073170731707318,-219.7557995464622,96.00699513602518,-2.28895612486472,0.02805398646066451,5.239320141555716,0.9228626753589045,1.0
100041853|F|0-27:G>A-27:G>A,,,0.16249999999999998,200.30744600388888,88.04607580497321,2.275029797439021,0.028960366639308736,5.175760579235433,0.9228626753589045,1.0
100021416|F|0-50:T>G-50:T>G,,,0.5,-125.02541762516472,55.36602165829226,-2.2581614838934243,0.030093335408118187,5.099293287339752,0.9228626753589045,1.0
100035246|F|0-43:C>A-43:C>A,,,0.41463414634146345,-140.97418293446802,63.155599716863755,-2.2321723420643127,0.03191667200517661,4.982593364676879,0.9228626753589045,1.0
100017549|F|0-22:C>T-22:C>T,,,0.3902439024390244,181.48881495071868,82.45914607119184,2.2009543343321636,0.0342368436930675,4.844199981815537,0.9228626753589045,1.0
100040510|F|0-32:T>C-32:T>C,,,0.47560975609756095,158.7798706039937,73.01036237043581,2.174758013093887,0.03629844641725241,4.729572415516071,0.9228626753589045,1.0
100034357|F|0-15:T>C-15:T>C,,,0.3170731707317073,140.19457749756654,64.9928204756623,2.157077912168235,0.037751441596539204,4.652985119164071,0.9228626753589045,1.0
100029793|F|0-30:G>A-30:G>A,,,0.12195121951219512,-175.32767612468342,81.9132449839709,-2.1404069165980695,0.03916848894671832,4.581341768620855,0.9228626753589045,1.0
100028772|F|0-54:C>T-54:C>T,,,0.21951219512195122,-185.8487096567928,87.41030647548735,-2.1261647184466828,0.040416154681037916,4.520576409967462,0.9228626753589045,1.0
100029037|F|0-30:A>C-30:A>C,,,0.23170731707317074,148.27856848163293,70.0389292296669,2.117087884016729,0.041229517428793494,4.482061108650431,0.9228626753589045,1.0
100043978|F|0-67:T>A-67:T>A,,,0.3170731707317073,174.85642641355628,82.61099387453024,2.1166241708594935,0.041271455325413944,4.480097880666638,0.9228626753589045,1.0
100013714|F|0-67:T>C-67:T>C,Vu09 (old8),42137897.0,0.2804878048780488,-154.9271360183487,73.52533664716786,-2.107125830131325,0.04213879960292876,4.439979264006626,0.9228626753589045,1.0
100014497|F|0-28:A>G-28:A>G,Vu02 (old7),28608269.0,0.2926829268292683,-135.60133499645292,64.92186601581066,-2.088685112091963,0.04386870180283513,4.3626054974746165,0.9228626753589045,1.0
100020177|F|0-41:C>G-41:C>G,,,0.24390243902439024,128.82766052655802,61.72084401279285,2.0872634291886216,0.04400462687242405,4.356668622828244,0.9228626753589045,1.0
100017140|F|0-53:T>C-53:T>C,,,0.10975609756097561,191.8538261678393,92.50311513209549,2.074025570856396,0.04528816462727226,4.3015820685662,0.9228626753589045,1.0
100018867|F|0-57:G>A-57:G>A,,,0.2073170731707317,190.57513633256016,92.69255519892106,2.055991831529297,0.04708955756375638,4.227102411315194,0.9228626753589045,1.0
100033535|F|0-8:A>G-8:A>G,,,0.12195121951219512,-165.47646234703387,81.43057282480807,-2.0321171349616365,0.049570816594231897,4.12950005020469,0.9228626753589045,1.0
100015590|F|0-63:C>G-63:C>G,,,0.21951219512195122,143.27966146127508,70.51543717042448,2.0318907066404646,0.049594885940280845,4.128579843731886,0.9228626753589045,1.0
100014819|F|0-24:A>T-24:A>T,,,0.2926829268292683,129.72985336595633,63.91631840985489,2.029682819559176,0.04983012031315754,4.119612348013686,0.9228626753589045,1.0
100019864|F|0-41:A>G-41:A>G,,,0.14634146341463414,168.46877928381562,83.4470271423295,2.0188709538623915,0.05099617203807779,4.075839928349242,0.9228626753589045,1.0
100018771|F|0-36:T>G-36:T>G,,,0.4146341463414634,-124.55540198017553,61.69846889210735,-2.018776222761486,0.0510064930668863,4.075457437587133,0.9228626753589045,1.0
100029056|F|0-22:A>T-22:A>T,,,0.17073170731707318,-162.87049620658178,81.07037245254051,-2.009001454901764,0.052081304397037564,4.036086845797404,0.9228626753589045,1.0
100038389|F|0-45:C>T-45:C>T,,,0.21951219512195122,137.9008703671019,68.67066724134122,2.008148106125909,0.05217606686841924,4.032658816137076,0.9228626753589045,1.0
100015160|F|0-27:A>C-27:A>C,,,0.12195121951219512,190.24335179820412,94.9635216891265,2.0033308412991104,0.05271383610575271,4.013334459700202,0.9228626753589045,1.0
100021757|F|0-47:G>A-47:G>A,,,0.3170731707317073,150.3271033455663,75.24949389200069,1.99771580605337,0.05334674974097765,3.990868441755466,0.9228626753589045,1.0
100013453|F|0-6:G>A-6:G>A,,,0.1097560975609756,-152.03665733478644,76.10734470507734,-1.9976607766824854,0.053352985107099196,3.990648578695671,0.9228626753589045,1.0
100034189|F|0-36:A>T-36:A>T,,,0.12195121951219512,159.81701815534885,80.05988314371632,1.9962184789660469,0.05351663785080619,3.9848882157655177,0.9228626753589045,1.0
100033853|F|0-49:A>G-49:A>G,Vu06 (old6),26071343.0,0.45121951219512196,119.16442951329618,59.924234946900455,1.9885849125798458,0.054390085266736346,3.954469954540193,0.9228626753589045,1.0
100034723|F|0-16:A>C-16:A>C,,,0.2926829268292683,167.35866850338587,84.2992695945585,1.9852920352490082,0.05477067211185914,3.941384465223149,0.9228626753589045,1.0
100021166|F|0-38:T>C-38:T>C,,,0.3170731707317073,134.12126784864543,67.70109915175509,1.9810796209970907,0.05526090969792283,3.9246764647299766,0.9228626753589045,1.0
100029674|F|0-32:C>G-32:C>G,,,0.2926829268292683,141.08662379125087,71.25127884183894,1.9801276002979533,0.05537223162621915,3.920905313461731,0.9228626753589045,1.0
100040406|F|0-33:C>T-33:C>T,,,0.2692307692307692,171.70358033583426,87.98032136091064,1.9516134708291892,0.05879787622218205,3.808795139521955,0.9228626753589045,1.0
100020014|F|0-36:G>C-36:G>C,,,0.4878048780487805,-119.84950223018684,61.437042324684775,-1.9507694005971465,0.05890201673643013,3.8055012543061504,0.9228626753589045,1.0
100016783|F|0-52:G>T-52:G>T,Vu07 (old2),39495827.0,0.11249999999999999,147.94158177630618,76.1503378102243,1.9427567366148026,0.05989858189048339,3.7743037376621977,0.9228626753589045,1.0
100016864|F|0-56:A>G-56:A>G,,,0.13414634146341464,-148.28921158757092,76.44003739372431,-1.9399416411031922,0.06025214818914283,3.763373570886147,0.9228626753589045,1.0
100029181|F|0-14:G>C-14:G>C,,,0.10975609756097561,-169.90373349817486,87.98467284310138,-1.9310605814396287,0.06137941685992707,3.728994969189957,0.9228626753589045,1.0
100040575|F|0-64:T>C-64:T>C,,,0.32926829268292684,151.05766426403787,78.23404298996415,1.9308431277598106,0.061407244876519496,3.728155184017288,0.9228626753589045,1.0
100021519|F|0-20:C>T-20:C>T,,,0.35365853658536583,110.69619994820988,57.38132005724813,1.9291330321047095,0.06162646912305947,3.7215542555575105,0.9228626753589045,1.0
100028939|F|0-16:C>T-16:C>T,,,0.34146341463414637,116.9558095992014,60.658040667970944,1.928117168165591,0.06175701627471122,3.717635814174898,0.9228626753589045,1.0
100020726|F|0-7:G>A-7:G>A,Vu08 (old5),37188871.0,0.13414634146341464,146.789769387502,76.30318654263606,1.923769845515954,0.062318381665773644,3.7008904185164773,0.9228626753589045,1.0
100018025|F|0-39:C>T-39:C>T,,,0.1951219512195122,141.8711036809384,74.1048091824847,1.9144655420618888,0.06353463123996589,3.665178311742322,0.9228626753589045,1.0
100058466|F|0-35:C>T-35:C>T,,,0.375,102.21006456203801,53.51417171245062,1.9099625630243624,0.06413055795311447,3.6479569921545916,0.9228626753589045,1.0
100044970|F|0-28:C>T-28:C>T,,,0.10975609756097561,179.12075967874443,93.78945983103259,1.909817585061705,0.06414982405412768,3.6474032082109225,0.9228626753589045,1.0
100017460|F|0-50:C>T-50:C>T,,,0.2804878048780488,182.4841241757367,95.5800279149722,1.9092286135140513,0.06422814360881841,3.6451538986607863,0.9228626753589045,1.0
100015598|F|0-56:T>C-56:T>C,,,0.35365853658536583,149.17623994994244,78.52861418803924,1.8996418247332778,0.06551457452881751,3.6086390622759774,0.9228626753589045,1.0
100051719|F|0-44:C>T-44:C>T,,,0.43902439024390244,157.2441509454141,82.97877823735118,1.89499236172935,0.06614640661795665,3.59099605101258,0.9228626753589045,1.0
100035152|F|0-15:C>A-15:C>A,,,0.4390243902439024,-157.24415094541345,82.97877823735115,-1.894992361729343,0.06614640661795762,3.590996051012553,0.9228626753589045,1.0
100013918|F|0-61:T>G-61:T>G,,,0.32926829268292684,143.33181588425796,75.9959629279534,1.8860451313728481,0.06737700499673849,3.557166237575224,0.9228626753589045,1.0
100019200|F|0-60:C>T-60:C>T,,,0.2682926829268293,124.19198392422675,66.5209978760954,1.8669591240280488,0.07006780624844511,3.485536370791579,0.9228626753589045,1.0
100017631|F|0-51:G>A-51:G>A,Vu03 (old3),64729430.0,0.15853658536585366,154.49129315108095,82.876910720706,1.8641053558537481,0.07047793460381661,3.474888777722629,0.9228626753589045,1.0
100016704|F|0-41:C>T-41:C>T,,,0.3780487804878049,-110.35171111172255,59.470353020173185,-1.8555751817092743,0.07171609837526606,3.443159254975406,0.9228626753589045,1.0
100029346|F|0-46:T>A-46:T>A,,,0.1625000000000001,-141.3431212167137,76.22821033393885,-1.854210148677516,0.07191594810430656,3.438095275458696,0.9228626753589045,1.0
100020980|F|0-48:G>A-48:G>A,,,0.14634146341463414,152.27635586623717,82.16094346201461,1.8533910328894767,0.07203610003484631,3.4350583207951213,0.9228626753589045,1.0
100029761|F|0-20:T>G-20:T>G,Vu02 (old7),30481386.0,0.2682926829268293,139.26574444588104,75.58124478886138,1.8425965970119218,0.07363554970110606,3.3951622193199147,0.9228626753589045,1.0
100040940|F|0-64:T>A-64:T>A,,,0.35365853658536583,-125.1782896149732,68.31829869558689,-1.8322805456960136,0.07519229352432134,3.3572519981360815,0.9228626753589045,1.0
100015956|F|0-13:C>T-13:C>T,,,0.3170731707317073,143.5436084689374,78.54868576305347,1.8274476151255385,0.07593118524464036,3.3395647860280184,0.9228626753589045,1.0
100034096|F|0-46:G>C-46:G>C,Vu02 (old7),21233031.0,0.21250000000000002,-149.953374869411,82.06866424825255,-1.8271696785000846,0.07597386516484098,3.3385490340301027,0.9228626753589045,1.0
100017065|F|0-46:G>A-46:G>A,,,0.13414634146341464,-162.398120214695,88.95892565652653,-1.8255404841749072,0.07622445439349755,3.3325980593615547,0.9228626753589045,1.0
100020456|F|0-16:A>C-16:A>C,,,0.3902439024390244,112.82419537271576,62.03026067683063,1.8188573470699203,0.07725976204832127,3.3082420489902287,0.9228626753589045,1.0
100058466|F|0-43:T>C-43:T>C,,,0.38749999999999996,153.41600431670568,85.62940548764603,1.7916275775012755,0.08160223995751187,3.209929376463089,0.9228626753589045,1.0
100030838|F|0-17:T>C-17:T>C,,,0.19999999999999998,121.97966459963112,68.1196432552181,1.7906679890060528,0.08175896232347876,3.2064918468509815,0.9228626753589045,1.0
100058672|F|0-30:C>T-30:C>T,,,0.17105263157894735,-162.0227912940664,90.6149538720115,-1.7880359076595065,0.08219014688549718,3.197072407079755,0.9228626753589045,1.0
100041652|F|0-42:T>C-42:T>C,,,0.35365853658536583,182.4235103011089,102.21471272168712,1.7847089273519399,0.08273791673085686,3.185185955369712,0.9228626753589045,1.0
100033204|F|0-66:T>C-66:T>C,,,0.15853658536585366,146.38874434236524,82.96257439696305,1.7645154505683227,0.08612919437470033,3.113514775294331,0.9228626753589045,1.0
100034572|F|0-53:G>A-53:G>A,,,0.17073170731707318,-130.99445999939744,74.55331088540667,-1.7570575799208235,0.08741091021610158,3.0872513391572207,0.9228626753589045,1.0
100018106|F|0-5:T>C-5:T>C,Vu07 (old2),35385132.0,0.32926829268292684,-118.63340671114,67.55768351207095,-1.756031298644854,0.08758853677541256,3.0836459218203327,0.9228626753589045,1.0
100021798|F|0-27:T>C-27:T>C,,,0.15853658536585366,145.10740730000222,82.72478357018522,1.7540983613077747,0.08792390931201784,3.076861061142621,0.9228626753589045,1.0
100044400|F|0-16:A>G-16:A>G,,,0.2804878048780488,122.3545830488779,69.8832943142055,1.750841660365263,0.08849140061138053,3.065446519670591,0.9228626753589045,1.0
100038797|F|0-19:T>G-19:T>G,,,0.1951219512195122,122.24876737831661,69.85084223536875,1.7501402054163973,0.08861403336517121,3.0629907386149493,0.9228626753589045,1.0
100041653|F|0-45:T>C-45:T>C,,,0.4102564102564103,137.42982219675756,78.5418115415326,1.74976639193107,0.08867944405454431,3.061682426331475,0.9228626753589045,1.0
100015005|F|0-68:T>A-68:T>A,,,0.34146341463414637,101.21137373634916,57.88479566797712,1.7484966918928082,0.08890192170402067,3.057240681560094,0.9228626753589045,1.0
100018350|F|0-55:C>G-55:C>G,,,0.17073170731707318,-126.84814086701415,73.26940474991842,-1.7312566043080264,0.09196938803819892,2.997249429960158,0.9228626753589045,1.0
100019105|F|0-61:T>C-61:T>C,,,0.17073170731707318,132.64764378285562,76.93015951248101,1.7242606101880642,0.09323919162071187,2.9730746518461153,0.9228626753589045,1.0
100052894|F|0-30:A>C-30:A>C,,,0.4146341463414634,134.84342343191335,78.50038666116993,1.7177421560219321,0.09443547937998813,2.950638114574876,0.9228626753589045,1.0
100021541|F|0-63:C>G-63:C>G,,,0.15853658536585366,-143.5565415327926,83.71853591966405,-1.7147521747220813,0.09498848418571595,2.9403750207141073,0.9228626753589045,1.0
100019311|F|0-11:C>A-11:C>A,,,0.13414634146341464,136.20781279328608,79.64060924517331,1.7102808992077252,0.09582049991418687,2.925060754194785,0.9228626753589045,1.0
100022070|F|0-37:G>C-37:G>C,,,0.15853658536585366,126.1460820354904,73.81571261091256,1.7089326590994878,0.09607257035420906,2.920450833336846,0.9228626753589045,1.0
100034394|F|0-13:G>T-13:G>T,,,0.25609756097560976,141.3817914823464,82.86718588108972,1.7061251685947463,0.09659924081767067,2.9108630909124513,0.9228626753589045,1.0
100020903|F|0-13:G>T-13:G>T,,,0.23170731707317074,187.95008276286276,110.79518639704553,1.6963740833408143,0.09844721909013138,2.877685030630388,0.9228626753589045,1.0
100019383|F|0-67:A>T-67:A>T,,,0.15853658536585366,163.49131595708553,97.25178837769477,1.6811137222704602,0.1013982605973301,2.8261433472060418,0.9228626753589045,1.0
100035288|F|0-19:C>G-19:C>G,,,0.47560975609756095,-116.20255312464649,69.28404210965934,-1.6771907294428183,0.10216863906585795,2.812968742928933,0.9228626753589045,1.0
100019068|F|0-18:T>C-18:T>C,,,0.23170731707317074,-95.41559562694187,56.98120349032371,-1.674510010009615,0.1026978524270307,2.8039837736224014,0.9228626753589045,1.0
100041823|F|0-64:C>T-64:C>T,,,0.4634146341463415,107.05631517131778,64.13019838566638,1.669358864719273,0.10372114159249687,2.78675901921682,0.9228626753589045,1.0
100019590|F|0-61:C>T-61:C>T,,,0.3170731707317073,95.82758956016161,57.42911415294345,1.668623850003267,0.10386784032865269,2.7843055527997254,0.9228626753589045,1.0
100019198|F|0-35:G>T-35:G>T,,,0.15000000000000002,109.61604893354095,66.15297450463467,1.6570086191039113,0.10620896981600322,2.745677563784651,0.9228626753589045,1.0
100020992|F|0-62:A>G-62:A>G,,,0.4878048780487805,-102.93599113792422,62.13597491620175,-1.6566247053618532,0.10628708870155672,2.744405414415247,0.9228626753589045,1.0
100015577|F|0-62:A>G-62:A>G,,,0.10975609756097561,163.30537981016892,99.06325949502924,1.6484959271743242,0.10795230680076427,2.717538821910335,0.9228626753589045,1.0
100013996|F|0-45:C>T-45:C>T,Vu06 (old6),24104002.0,0.23076923076923073,98.98487013900748,60.05566150223394,1.648218796746173,0.10800945552732107,2.7166252019474024,0.9228626753589045,1.0
100041362|F|0-27:G>A-27:G>A,,,0.4750000000000001,-108.56328789222391,65.93241170064694,-1.6465845111981345,0.10834697903251268,2.7112405525175998,0.9228626753589045,1.0
100035171|F|0-38:C>T-38:C>T,,,0.2804878048780488,120.06248226865549,73.04176324463754,1.6437511491409682,0.10893420449118607,2.7019178403022535,0.9228626753589045,1.0
100018830|F|0-21:C>T-21:C>T,,,0.4878048780487805,-113.9620301714699,69.39556735100548,-1.6422090707183863,0.10925490704611086,2.696850631949746,0.9228626753589045,1.0
100015006|F|0-61:G>T-61:G>T,,,0.24390243902439024,111.55380712095202,68.0475934685388,1.6393497761611204,0.10985160628038314,2.6874676885995155,0.9228626753589045,1.0
100030268|F|0-10:A>C-10:A>C,,,0.3780487804878049,106.8057274002162,65.17491834966765,1.6387550626024043,0.10997605214475273,2.6855181552050102,0.9228626753589045,1.0
100033819|F|0-67:C>G-67:C>G,,,0.3780487804878049,106.8057274002162,65.17491834966765,1.6387550626024043,0.10997605214475273,2.6855181552050102,0.9228626753589045,1.0
100013424|F|0-13:C>A-13:C>A,,,0.21951219512195122,113.86870017657624,69.66312909260354,1.6345619506297229,0.11085677313361016,2.671792770446445,0.9228626753589045,1.0
100028940|F|0-16:C>T-16:C>T,,,0.34146341463414637,97.67470733296044,59.88371348431867,1.6310729854543478,0.11159401061584337,2.660399083878959,0.9228626753589045,1.0
100051718|F|0-23:T>C-23:T>C,,,0.4024390243902439,-152.76484802377533,93.70094224406832,-1.6303448435540788,0.11174837832362114,2.6580243089033737,0.9228626753589045,1.0
100030229|F|0-11:A>T-11:A>T,,,0.32926829268292684,96.20280042077063,59.19997173973827,1.625048080152951,0.11287659380563295,2.6407812628087917,0.9228626753589045,1.0
100014172|F|0-5:G>A-5:G>A,,,0.2804878048780488,-128.8291539233246,79.31366358104711,-1.624299623881071,0.11303676741921055,2.6383492681401886,0.9228626753589045,1.0
100051037|F|0-43:C>T-43:C>T,,,0.13414634146341464,-137.0132379339381,84.5813350167697,-1.6198992118860842,0.11398225676687358,2.624073456669157,0.9228626753589045,1.0
100021780|F|0-9:A>G-9:A>G,Vu04 (old11),742456.0,0.32926829268292684,121.57074556090761,75.19747146029793,1.6166866145904042,0.1146766173496008,2.613675609795782,0.9228626753589045,1.0
100014760|F|0-37:A>T-37:A>T,,,0.3902439024390244,110.21936185191375,68.35295814505015,1.6125031724014038,0.11558600773863054,2.6001664810045915,0.9228626753589045,1.0
100016374|F|0-29:T>A-29:T>A,,,0.3902439024390244,-102.7594089057359,63.96175401790147,-1.6065758433856556,0.11688458815574006,2.581085940550331,0.9228626753589045,1.0
100039138|F|0-25:A>G-25:A>G,Vu04 (old11),6816983.0,0.1375,142.70508936933425,88.87347391176058,1.6057107153369656,0.11707511813601139,2.57830690134795,0.9228626753589045,1.0
100028488|F|0-19:T>C-19:T>C,,,0.10975609756097561,144.0509944517075,89.79054475092623,1.6043002618070379,0.11738629168224526,2.5737793300341303,0.9228626753589045,1.0
100033672|F|0-41:T>A-41:T>A,Vu02 (old7),6408415.0,0.10975609756097561,139.9681675780885,87.38226644402651,1.6017914535067175,0.11794145522123087,2.5657358605271625,0.9228626753589045,1.0
100015850|F|0-28:G>T-28:G>T,,,0.10975609756097561,139.9681675780885,87.38226644402651,1.6017914535067175,0.11794145522123087,2.5657358605271625,0.9228626753589045,1.0
100019870|F|0-67:G>A-67:G>A,,,0.17073170731707318,139.61018339567033,87.23390579335951,1.600411928435031,0.11824763794424126,2.561318340677135,0.9228626753589045,1.0
100033734|F|0-65:A>G-65:A>G,,,0.10975609756097561,137.04465371578078,85.78767090245586,1.597486588388747,0.1188990605069021,2.551963400081918,0.9228626753589045,1.0
100035819|F|0-44:C>T-44:C>T,,,0.13414634146341464,-117.86301737674584,73.8151501749345,-1.5967320678400345,0.11906755385949062,2.5495532964687126,0.9228626753589045,1.0
100033423|F|0-16:C>T-16:C>T,,,0.3205128205128205,109.44533214682723,68.74437036073516,1.5920624710432916,0.12011467225075897,2.5346629117044714,0.9228626753589045,1.0
100018699|F|0-47:A>G-47:A>G,,,0.1375,113.90832082053062,71.58288743722115,1.591278654698433,0.12029117087623803,2.5321677568988545,0.9228626753589045,1.0
100034540|F|0-15:G>A-15:G>A,,,0.2926829268292683,-110.81337617342902,70.15249325311451,-1.579607096409354,0.12294446913378923,2.4951585790267905,0.9228626753589045,1.0
100028785|F|0-15:C>T-15:C>T,,,0.15853658536585366,-123.96315645462991,78.56819611741466,-1.577777810621688,0.12336460743312916,2.4893828196901673,0.9228626753589045,1.0
100034584|F|0-9:T>C-9:T>C,,,0.3780487804878049,102.81826565504574,65.17318159525709,1.5776161779790758,0.12340178624981635,2.488872805021307,0.9228626753589045,1.0
100048091|F|0-43:A>T-43:A>T,,,0.3780487804878049,102.81826565504574,65.17318159525709,1.5776161779790758,0.12340178624981635,2.488872805021307,0.9228626753589045,1.0
100033527|F|0-13:C>T-13:C>T,,,0.3780487804878049,102.81826565504574,65.17318159525709,1.5776161779790758,0.12340178624981635,2.488872805021307,0.9228626753589045,1.0
100021422|F|0-18:C>G-18:C>G,,,0.3048780487804878,-92.91084263710889,58.9759573072141,-1.575402026170142,0.12391200473810732,2.4818915440609888,0.9228626753589045,1.0
100034599|F|0-15:A>G-15:A>G,,,0.32926829268292684,129.6197492904038,82.51644290918045,1.5708353962017771,0.12496973432101392,2.467523841960394,0.9228626753589045,1.0
100013678|F|0-60:A>T-60:A>T,,,0.32926829268292684,129.6197492904038,82.51644290918045,1.5708353962017771,0.12496973432101392,2.467523841960394,0.9228626753589045,1.0
100021415|F|0-54:A>G-54:A>G,,,0.1951219512195122,134.81134983351774,85.89057901594902,1.5695708583881431,0.1252639217869887,2.4635526795012925,0.9228626753589045,1.0
100019630|F|0-24:A>T-24:A>T,,,0.3048780487804878,114.0310402986138,72.97002148733526,1.5627107951229688,0.1268696916351045,2.4420650291938615,0.9228626753589045,1.0
100021056|F|0-55:T>C-55:T>C,,,0.17073170731707318,121.16961133901023,77.6677640273567,1.5601017083011557,0.1274847795701067,2.4339173402441845,0.9228626753589045,1.0
100035017|F|0-19:T>C-19:T>C,,,0.4146341463414634,95.09484871138504,60.9641718735516,1.5598481171633947,0.12754469193971285,2.433126148618187,0.9228626753589045,1.0
100017267|F|0-60:T>C-60:T>C,Vu07 (old2),29861358.0,0.3048780487804878,-85.34014581941838,54.802004101831244,-1.557244980691622,0.12816101833338292,2.42501192988925,0.9228626753589045,1.0
100050114|F|0-27:G>A-27:G>A,,,0.16249999999999998,128.63246779026883,83.1377027779102,1.5472218198509888,0.1305566931534386,2.3938953598230057,0.9228626753589045,1.0
100038530|F|0-18:T>G-18:T>G,,,0.3780487804878049,92.67514612530205,60.21449636380884,1.5390836380224757,0.13252835058720078,2.368778444828499,0.9228626753589045,1.0
100033949|F|0-43:T>C-43:T>C,,,0.45121951219512196,99.73728892312553,64.81751830679204,1.5387397038413666,0.13261220278810118,2.3677198761778167,0.9228626753589045,1.0
100034348|F|0-49:T>G-49:T>G,,,0.2682926829268293,-104.33208526663616,67.90799827107098,-1.5363740343246424,0.13319012072947653,2.3604451733469776,0.9228626753589045,1.0
100021959|F|0-60:G>A-60:G>A,Vu02 (old7),21244140.0,0.24390243902439024,-116.922614666634,76.11443352854677,-1.5361424797674164,0.13324679700588432,2.359733718145987,0.9228626753589045,1.0
100039148|F|0-38:G>A-38:G>A,,,0.4268292682926829,-115.67284533909732,75.62708770659596,-1.529516061597711,0.13487696508446761,2.339419382685373,0.9228626753589045,1.0
100041722|F|0-10:C>T-10:C>T,,,0.14634146341463414,105.21507875603747,68.89586175138963,1.5271610816873957,0.13546016891046841,2.3322209694206166,0.9228626753589045,1.0
100014015|F|0-51:C>G-51:C>G,,,0.47560975609756095,-100.9458270371563,66.34616247232485,-1.5215021227379069,0.13686989365391006,2.3149687094959566,0.9228626753589045,1.0
100051758|F|0-6:T>G-6:T>G,,,0.47560975609756095,100.16582520310412,65.88078351553384,1.5204103512139668,0.13714322161043124,2.311647636078578,0.9228626753589045,1.0
100028302|F|0-21:C>T-21:C>T,,,0.4871794871794872,-96.68306685999183,63.6348467998778,-1.5193415513994368,0.13741122331739716,2.3083987498088474,0.9228626753589045,1.0
100016790|F|0-63:A>T-63:A>T,,,0.18292682926829268,130.2201283049666,85.7404411890781,1.518771381381164,0.13755436557003473,2.3066665089024494,0.9228626753589045,1.0
100028819|F|0-28:A>T-28:A>T,,,0.25,118.0768638292797,78.12347406252682,1.5114133779403591,0.13941237422343555,2.284370399017087,0.9228626753589045,1.0
100013484|F|0-22:G>A-22:G>A,,,0.18292682926829268,106.54539465252186,70.59590268080883,1.5092291564604603,0.1399677823507203,2.2777726467103525,0.9228626753589045,1.0
100045252|F|0-36:A>T-36:A>T,,,0.34146341463414637,-91.59942912465473,60.77550444702506,-1.5071767804822966,0.14049127981510134,2.271581847624981,0.9228626753589045,1.0
100034493|F|0-32:C>T-32:C>T,,,0.17073170731707318,117.92405109296786,78.38621407794983,1.504397839340733,0.1412026007330137,2.263212859013066,0.9228626753589045,1.0
100021654|F|0-23:G>T-23:G>T,,,0.17073170731707318,117.92405109296786,78.38621407794983,1.504397839340733,0.1412026007330137,2.263212859013066,0.9228626753589045,1.0
100033592|F|0-27:T>C-27:T>C,,,0.5,103.73570781774512,69.0704857206287,1.501881834700393,0.1418491034093916,2.2556490454030187,0.9228626753589045,1.0
100041512|F|0-35:G>A-35:G>A,,,0.5,-103.73570781774498,69.07048572062877,-1.5018818347003895,0.14184910340939255,2.255649045403008,0.9228626753589045,1.0
100036118|F|0-16:G>C-16:G>C,,,0.24358974358974358,-95.1987431416039,63.547769027622415,-1.4980658581456054,0.14283416107939947,2.2442013153415292,0.9228626753589045,1.0
100043121|F|0-26:C>T-26:C>T,,,0.47560975609756095,98.92178024396691,66.10234532053317,1.4964942584758658,0.14324144169509587,2.2394950656512314,0.9228626753589045,1.0
100018369|F|0-55:T>C-55:T>C,,,0.25609756097560976,101.08063771524468,67.62868885513122,1.4946413929711333,0.14372280438629503,2.2339528935826896,0.9228626753589045,1.0
100043254|F|0-7:C>G-7:C>G,,,0.3170731707317073,102.00631850150828,68.437546830153,1.490502264125066,0.1448027928746923,2.221596999361948,0.9228626753589045,1.0
100018913|F|0-12:G>A-12:G>A,,,0.36585365853658536,104.00080787262776,69.77658910421708,1.4904828282347535,0.14480787936206208,2.22153906126267,0.9228626753589045,1.0
100034510|F|0-47:C>T-47:C>T,,,0.21951219512195122,111.55425102867497,75.13946433120095,1.4846293092663574,0.14634628117427279,2.2041241859327014,0.9228626753589045,1.0
100015734|F|0-6:T>C-6:T>C,,,0.3170731707317073,95.69045816723263,64.60226636393023,1.4812244763700746,0.14724710480421863,2.1940259493978016,0.9228626753589045,1.0
100030709|F|0-39:T>A-39:T>A,,,0.32926829268292684,-95.6244901631152,64.68433238903224,-1.4783253785166859,0.14801760215876303,2.1854459247665026,0.9228626753589045,1.0
100018779|F|0-10:A>G-10:A>G,Vu09 (old8),32879608.0,0.4634146341463415,-88.3897147347038,59.88641847423723,-1.4759559343614532,0.1486497135199219,2.1784459201767903,0.9228626753589045,1.0
100021889|F|0-32:T>A-32:T>A,,,0.17073170731707318,120.27121855115556,81.74522327986516,1.471293535273514,0.14989980068253544,2.164704666937635,0.9228626753589045,1.0
100048218|F|0-16:G>A-16:G>A,,,0.14634146341463414,127.41975955287138,86.60624136502264,1.4712537750695178,0.14991049705303386,2.1645876706563074,0.9228626753589045,1.0
100060051|F|0-42:G>A-42:G>A,,,0.23170731707317074,-121.55069358717033,82.69573781268991,-1.469854393977219,0.15028734793017984,2.160471939494138,0.9228626753589045,1.0
100038927|F|0-38:C>G-38:C>G,,,0.18292682926829268,-110.41440579857108,75.23823988653702,-1.4675304202368564,0.15091485253712267,2.1536455343205643,0.9228626753589045,1.0
100041156|F|0-37:T>C-37:T>C,,,0.2073170731707317,103.87836142600284,71.06076336466637,1.4618244514616965,0.1524643680272147,2.13693072689129,0.9228626753589045,1.0
100034940|F|0-27:A>C-27:A>C,,,0.25609756097560976,118.70215747749499,81.35756951936878,1.459017989091176,0.15323110771939447,2.128733492491659,0.9228626753589045,1.0
100038566|F|0-46:T>A-46:T>A,,,0.15853658536585366,122.31543676531152,83.97642270911662,1.4565449779754998,0.15390927677940655,2.121523272865649,0.9228626753589045,1.0
100060605|F|0-26:G>C-26:G>C,,,0.15853658536585366,122.31543676531152,83.97642270911662,1.4565449779754998,0.15390927677940655,2.121523272865649,0.9228626753589045,1.0
100034752|F|0-27:G>T-27:G>T,,,0.15853658536585366,122.31543676531152,83.97642270911662,1.4565449779754998,0.15390927677940655,2.121523272865649,0.9228626753589045,1.0
100020878|F|0-38:C>T-38:C>T,,,0.2804878048780488,-89.8903303515287,61.79650355442779,-1.4546183874684275,0.15443924761488487,2.1159146531612483,0.9228626753589045,1.0
100020818|F|0-29:A>G-29:A>G,,,0.35365853658536583,92.23886742612243,63.45247402961894,1.4536685737906185,0.15470105567191655,2.113152322426451,0.9228626753589045,1.0
100030726|F|0-25:C>G-25:C>G,,,0.1951219512195122,157.70865094924824,108.59995104326558,1.452198177201922,0.15510705067884753,2.1088795458685845,0.9228626753589045,1.0
100021048|F|0-66:C>T-66:C>T,,,0.31707317073170727,-109.33720842435258,75.338504097339,-1.4512792593158808,0.15536120322827165,2.1062114885204513,0.9228626753589045,1.0
100041232|F|0-30:T>A-30:T>A,,,0.12195121951219512,140.35135723552295,96.7150969580319,1.4511835447616452,0.15538769470933766,2.105933680586974,0.9228626753589045,1.0
100021973|F|0-54:T>C-54:T>C,,,0.15853658536585366,109.33656879684028,75.496410416504,1.4482353292513441,0.15620544106890694,2.0973855688917493,0.9228626753589045,1.0
100034130|F|0-64:A>T-64:A>T,,,0.21951219512195122,122.51614364997128,84.65757701592689,1.447196434962011,0.1564944083721626,2.094377521366754,0.9228626753589045,1.0
100034779|F|0-8:A>T-8:A>T,,,0.21951219512195122,122.51614364997128,84.65757701592689,1.447196434962011,0.1564944083721626,2.094377521366754,0.9228626753589045,1.0
100035888|F|0-14:T>C-14:T>C,,,0.21951219512195122,122.51614364997128,84.65757701592689,1.447196434962011,0.1564944083721626,2.094377521366754,0.9228626753589045,1.0
100040615|F|0-67:A>T-67:A>T,Vu08 (old5),12096567.0,0.47560975609756095,-81.36620320347802,56.24885346575294,-1.446539763748567,0.15667727854434768,2.0924772881057603,0.9228626753589045,1.0
100033142|F|0-41:A>C-41:A>C,,,0.4878048780487805,-86.32349787264846,60.01103275710126,-1.4384604614629561,0.1589410489275866,2.069168499192221,0.9228626753589045,1.0
100017935|F|0-68:T>C-68:T>C,,,0.14634146341463414,-118.88259177963788,82.66133816152272,-1.438188570663322,0.15901767738719452,2.068386364786609,0.9228626753589045,1.0
100039240|F|0-17:G>A-17:G>A,,,0.275,95.20180866147727,66.41281676063278,1.433485482246698,0.16034778934200258,2.0548806278120484,0.9228626753589045,1.0
100029970|F|0-30:G>A-30:G>A,,,0.17073170731707318,128.61382030490887,89.99572402906456,1.4291103459912429,0.1615930040095015,2.04235638101921,0.9228626753589045,1.0
100033749|F|0-66:A>C-66:A>C,,,0.17073170731707318,128.61382030490887,89.99572402906456,1.4291103459912429,0.1615930040095015,2.04235638101921,0.9228626753589045,1.0
100033683|F|0-28:G>C-28:G>C,,,0.17073170731707318,128.61382030490887,89.99572402906456,1.4291103459912429,0.1615930040095015,2.04235638101921,0.9228626753589045,1.0
100053981|F|0-26:G>A-26:G>A,,,0.17073170731707318,128.61382030490887,89.99572402906456,1.4291103459912429,0.1615930040095015,2.04235638101921,0.9228626753589045,1.0
100034369|F|0-66:G>A-66:G>A,,,0.17073170731707318,128.61382030490887,89.99572402906456,1.4291103459912429,0.1615930040095015,2.04235638101921,0.9228626753589045,1.0
100018597|F|0-60:C>T-60:C>T,,,0.36585365853658536,-84.50571725386753,59.13385470837775,-1.4290581540914709,0.16160790422526883,2.042207207775322,0.9228626753589045,1.0
100019357|F|0-62:A>C-62:A>C,Vu11 (old9),27999283.0,0.2926829268292683,91.85858460178228,64.31133840304967,1.4283419826545907,0.16181247252573447,2.040160819413647,0.9228626753589045,1.0
100047334|F|0-54:C>T-54:C>T,,,0.12195121951219512,120.1484769114625,84.36507321266987,1.4241495009266312,0.16301410838903665,2.0282018009895726,0.9228626753589045,1.0
100035334|F|0-35:T>C-35:T>C,,,0.4146341463414634,99.17390948712656,69.65816302724991,1.423722722178738,0.16313682259998777,2.026986389648036,0.9228626753589045,1.0
100017505|F|0-35:A>G-35:A>G,,,0.46341463414634143,-89.89505698329869,63.17877274380985,-1.4228680469597512,0.1633827906184835,2.024553479059057,0.9228626753589045,1.0
100039949|F|0-62:A>T-62:A>T,,,0.43902439024390244,122.16529453192518,85.93580854585694,1.421587771141241,0.1637517876851082,2.0209117910583214,0.9228626753589045,1.0
100044509|F|0-10:A>G-10:A>G,,,0.175,130.99845590581367,92.20535696062916,1.4207250014958328,0.16400082133566313,2.0184595298753343,0.9228626753589045,1.0
100021275|F|0-33:T>A-33:T>A,,,0.4268292682926829,85.15703620713445,60.01810946470958,1.4188556915010204,0.16454140723453337,2.013151473304839,0.9228626753589045,1.0
100017341|F|0-38:C>A-38:C>A,,,0.4878048780487805,113.99324437565434,80.62653683732984,1.413842747650744,0.16599800458985037,1.9989513150846054,0.9265561698500782,1.0
100040372|F|0-41:A>T-41:A>T,,,0.13157894736842107,-117.56375537800902,83.5384099169531,-1.4073018087713314,0.167913760523757,1.980498380971061,0.9314729367551898,1.0
100034020|F|0-16:G>A-16:G>A,,,0.32926829268292684,-90.03726004231433,64.2892931377209,-1.4005016332880809,0.16992374071396568,1.9614048248425822,0.9314729367551898,1.0
100044913|F|0-36:G>T-36:G>T,,,0.15384615384615385,100.41974444374002,71.73789328310865,1.399814517098243,0.17012787808337893,1.9594806822789872,0.9314729367551898,1.0
100016754|F|0-66:C>A-66:C>A,Vu01 (old4),1290094.0,0.45121951219512196,87.10736798103372,62.48085437367638,1.3941449561504822,0.1718195813686022,1.9436401587598298,0.9314729367551898,1.0
100041804|F|0-41:G>A-41:G>A,,,0.3076923076923077,79.67393578543539,57.29219300308434,1.3906595577716168,0.17286606003518631,1.9339340056215486,0.9314729367551898,1.0
100016452|F|0-6:G>A-6:G>A,,,0.4024390243902439,94.84742916064822,68.32904213990408,1.3880983281815602,0.17363822061237072,1.9268169687004424,0.9314729367551898,1.0
100015510|F|0-57:A>C-57:A>C,,,0.3902439024390244,-85.62090864991362,61.97374006258128,-1.3815675568951196,0.17561927339036001,1.9087289142651493,0.9314729367551898,1.0
100033379|F|0-46:C>G-46:C>G,,,0.2682926829268293,141.04880572075893,102.1123331411634,1.3813101844002378,0.17569770346916766,1.9080178255278188,0.9314729367551898,1.0
100019939|F|0-42:C>T-42:C>T,,,0.14634146341463414,118.43809059623803,85.8804897221436,1.3791035773017921,0.17637124866753523,1.9019266769266001,0.9314729367551898,1.0
100014526|F|0-10:T>C-10:T>C,,,0.3157894736842105,89.711736291263,65.27320520297368,1.3744037237377145,0.1778125161154642,1.8889855958240958,0.9314729367551898,1.0
100019246|F|0-54:A>C-54:A>C,,,0.4878048780487805,-88.41392185005813,64.59165785260109,-1.3688133234142978,0.1795387590607338,1.873649914356495,0.9314729367551898,1.0
100018760|F|0-65:A>G-65:A>G,,,0.47560975609756095,90.32267656075854,66.06934423996523,1.3670890425778208,0.18007380603402268,1.8689324503363427,0.9314729367551898,1.0
100017362|F|0-34:C>A-34:C>A,,,0.14634146341463414,120.18985620987402,87.95505652092346,1.366491717065548,0.18025944469776997,1.8672996128087496,0.9314729367551898,1.0
100020777|F|0-46:A>G-46:A>G,,,0.4390243902439024,79.0283797947671,57.901584362825695,1.3648742200136643,0.18076287916709474,1.8628816364579086,0.9314729367551898,1.0
100017737|F|0-19:T>C-19:T>C,,,0.15853658536585366,121.48452398063985,89.56956007977072,1.3563148448250235,0.18344505185674814,1.8395899582927275,0.9314729367551898,1.0
100034929|F|0-54:T>A-54:T>A,,,0.3780487804878049,84.28036871275089,62.19965596129629,1.354997345406449,0.18386061954886057,1.8360178060585237,0.9314729367551898,1.0
100028792|F|0-46:G>T-46:G>T,,,0.17073170731707318,-104.08348493238017,77.10465498123786,-1.3498988479710747,0.18547564309224787,1.8222268997536348,0.9314729367551898,1.0
100032829|F|0-7:T>A-7:T>A,,,0.3170731707317073,-103.6851106304448,76.90848644667597,-1.3481621524606942,0.1860282560930504,1.817541189327452,0.9314729367551898,1.0
100016325|F|0-60:C>T-60:C>T,Vu09 (old8),1016914.0,0.18292682926829268,100.81879161845666,75.01000828734966,1.344071196902662,0.1873350012271446,1.8065273823433543,0.9314729367551898,1.0
100035964|F|0-51:G>A-51:G>A,,,0.24390243902439024,89.4644390626395,66.61313896792315,1.3430449375118045,0.18766391756203024,1.803769704176087,0.9314729367551898,1.0
100019409|F|0-55:T>C-55:T>C,Vu08 (old5),17257027.0,0.14634146341463414,124.87713278695313,93.0014052294883,1.3427445798137023,0.1877602662408139,1.802963006619076,0.9314729367551898,1.0
100015889|F|0-55:C>G-55:C>G,Vu04 (old11),34569598.0,0.47560975609756095,-75.17624158305702,56.03662345025228,-1.3415555212707695,0.1881420656394321,1.799771216652086,0.9314729367551898,1.0
100021892|F|0-24:G>A-24:G>A,,,0.1951219512195122,111.27749619495002,83.21907976391034,1.3371632624470307,0.189557568843207,1.7880055904379866,0.9314729367551898,1.0
100013199|F|0-52:T>C-52:T>C,,,0.10975609756097561,-129.8376612632904,97.38698804458997,-1.3332136445563185,0.19083739146143747,1.7774586220311417,0.9314729367551898,1.0
100017001|F|0-30:T>G-30:T>G,,,0.4146341463414634,67.26290869013843,50.593664765954415,1.3294729488621886,0.19205561696032072,1.7674983217563236,0.9314729367551898,1.0
100014176|F|0-46:T>C-46:T>C,,,0.17073170731707318,-109.54153975288915,82.72141726286539,-1.324222231405888,0.1937756488073065,1.7535645181495891,0.9314729367551898,1.0
100038942|F|0-11:T>A-11:T>A,,,0.3902439024390244,143.34158500670517,108.45395563554706,1.3216814837846567,0.19461216779519494,1.7468419445792116,0.9314729367551898,1.0
100021425|F|0-50:G>C-50:G>C,,,0.14634146341463414,104.9179007770253,79.44570201216811,1.320624000036601,0.19496114769742065,1.7440477494726723,0.9314729367551898,1.0
100041283|F|0-68:T>A-68:T>A,,,0.43902439024390244,-85.32246432010848,64.70021174856532,-1.3187354726393217,0.19558556955099218,1.739063246797255,0.9314729367551898,1.0
100034887|F|0-39:C>G-39:C>G,,,0.15853658536585366,100.34443197133572,76.23893505527704,1.3161835471413785,0.19643176241746663,1.7323391297656614,0.9314729367551898,1.0
100015328|F|0-33:T>C-33:T>C,,,0.25609756097560976,76.23640464384532,58.07626977031416,1.3126945815451418,0.19759318661728495,1.723167064417975,0.9314729367551898,1.0
100019282|F|0-52:T>A-52:T>A,Vu04 (old11),1200237.0,0.32926829268292684,91.54194126449937,69.93551521568489,1.3089478354764257,0.19884624516484864,1.71334443599842,0.9314729367551898,1.0
100033420|F|0-60:C>A-60:C>A,,,0.32926829268292684,91.54194126449937,69.93551521568489,1.3089478354764257,0.19884624516484864,1.71334443599842,0.9314729367551898,1.0
100016817|F|0-58:C>T-58:C>T,,,0.4268292682926829,67.94782445669374,52.14612910154304,1.3030271973664698,0.20083866433742992,1.697879877076717,0.9314729367551898,1.0
100044894|F|0-55:A>G-55:A>G,,,0.13414634146341464,125.52310699225173,96.62951358187308,1.2990141659555952,0.20219774144955124,1.6874378033533106,0.9314729367551898,1.0
100017777|F|0-23:A>G-23:A>G,,,0.12195121951219512,128.7272550242163,99.1858765292794,1.2978385585594576,0.2025971995823488,1.6843849240836908,0.9314729367551898,1.0
100041774|F|0-19:G>A-19:G>A,Vu03 (old3),27017059.0,0.45121951219512196,76.28426922872308,59.107067736871066,1.2906116332537478,0.20506599857751992,1.6656783878899064,0.9314729367551898,1.0
100021397|F|0-9:C>T-9:C>T,,,0.4878048780487805,-78.34802800630078,60.84141744595704,-1.2877416617700295,0.20605271187903074,1.6582785874582369,0.9314729367551898,1.0
100018000|F|0-38:T>A-38:T>A,,,0.32926829268292684,-80.66816481975246,62.898932289377214,-1.2825045177019043,0.20786252857746837,1.6448178379257943,0.9314729367551898,1.0
100014449|F|0-27:C>G-27:C>G,,,0.32926829268292684,-80.66816481975246,62.898932289377214,-1.2825045177019043,0.20786252857746837,1.6448178379257943,0.9314729367551898,1.0
100045385|F|0-50:G>A-50:G>A,,,0.2682926829268293,93.83282989646447,73.17433789834863,1.2823188100015874,0.20792692404836335,1.6443415304838873,0.9314729367551898,1.0
100044760|F|0-9:A>T-9:A>T,Vu07 (old2),52829.0,0.3170731707317073,91.20385754078899,71.33488422444003,1.2785309534369673,0.20924368192708348,1.6346413988964408,0.9314729367551898,1.0
100033945|F|0-15:G>T-15:G>T,,,0.3780487804878049,-139.67528093433648,109.72108325729855,-1.2730031165185878,0.21117658343485976,1.6205369346660372,0.9314729367551898,1.0
100013293|F|0-29:C>A-29:C>A,,,0.4390243902439024,86.67928688943819,68.17847374245508,1.2713585701092418,0.21175421591673332,1.616352613790216,0.9314729367551898,1.0
100043186|F|0-41:T>C-41:T>C,,,0.3902439024390244,86.6043914980351,68.6379419652324,1.261756821641059,0.215150518690698,1.5920302769577472,0.9314729367551898,1.0
100033546|F|0-50:C>T-50:C>T,,,0.34146341463414637,110.15156400980024,87.3463524339334,1.2610894552593497,0.21538808950970503,1.5903466141663234,0.9314729367551898,1.0
100013340|F|0-36:T>A-36:T>A,,,0.4512195121951219,79.04874645807172,62.78674874320386,1.2590036598547092,0.216131865955752,1.5850902155275524,0.9314729367551898,1.0
100015801|F|0-31:A>T-31:A>T,,,0.17073170731707318,-98.77844980682738,78.75471044848751,-1.2542544978492067,0.21783256132639675,1.5731543453749657,0.9314729367551898,1.0
100058965|F|0-54:C>G-54:C>G,,,0.4634146341463415,-92.30831170574174,73.66427842856207,-1.2530946297839627,0.21824943431348828,1.5702461511934065,0.9314729367551898,1.0
100017582|F|0-57:G>A-57:G>A,,,0.18292682926829268,-84.58670864202624,67.60796959489866,-1.2511351716204875,0.21895504795518697,1.5653392176658267,0.9314729367551898,1.0
100041567|F|0-33:A>T-33:A>T,,,0.43902439024390244,84.65970628942796,68.16487081202585,1.2419844016559338,0.2222729119093402,1.5425252539566479,0.9314729367551898,1.0
100029461|F|0-34:G>A-34:G>A,,,0.3902439024390244,-80.74448237851813,65.02150256521412,-1.2418120036142575,0.22233577771996113,1.5420970523204567,0.9314729367551898,1.0
100058370|F|0-6:C>T-6:C>T,,,0.3170731707317073,-103.07083662310593,83.38455860742185,-1.2360902107591398,0.22442979141168673,1.5279190091345747,0.9314729367551898,1.0
100022062|F|0-25:G>T-25:G>T,,,0.14634146341463414,92.73991309695707,75.37811768113757,1.2303293840430307,0.22655289363852393,1.5137103932397034,0.9314729367551898,1.0
100060618|F|0-5:A>G-5:A>G,,,0.18421052631578946,-106.50700613565591,86.91482177965017,-1.2254182192960899,0.228374619639172,1.5016498121827997,0.9314729367551898,1.0
100021838|F|0-57:A>G-57:A>G,Vu07 (old2),38535679.0,0.3048780487804878,89.39950132111888,73.10283021983625,1.2229280460452072,0.22930245718017017,1.4955530058039486,0.9314729367551898,1.0
100044399|F|0-36:G>A-36:G>A,,,0.3048780487804878,72.99089589304772,59.85466123175615,1.2194688666005196,0.2305959804409688,1.4871043166079558,0.9314729367551898,1.0
100039244|F|0-37:G>C-37:G>C,,,0.4268292682926829,101.33761865151034,83.30289902501481,1.2164957022813807,0.23171207596161697,1.4798617936690697,0.9314729367551898,1.0
100032801|F|0-46:T>A-46:T>A,,,0.17073170731707318,93.04454607237301,76.76970654638075,1.2119955938109488,0.23340896652259563,1.4689333194171543,0.9314729367551898,1.0
100021651|F|0-68:A>T-68:A>T,,,0.18292682926829268,107.21184015516187,88.47193414306042,1.2118175237561637,0.23347630113288723,1.4685017108825205,0.9314729367551898,1.0
100039167|F|0-27:C>T-27:C>T,,,0.4146341463414634,84.47334074706298,69.80520070704624,1.2101296162957111,0.2341152717057438,1.464413688236005,0.9314729367551898,1.0
100019495|F|0-5:T>G-5:T>G,,,0.34146341463414637,84.72208158969745,70.08030827982961,1.20892849459799,0.23457075143213707,1.4615081050509622,0.9314729367551898,1.0
100033689|F|0-56:C>T-56:C>T,,,0.32926829268292684,66.61719137686389,55.1874602880247,1.2071073941287955,0.23526258156785038,1.4571082609604114,0.9314729367551898,1.0
100014812|F|0-31:G>T-31:G>T,,,0.36585365853658536,64.94834477155428,53.97578003432803,1.2032868210565517,0.23671889338659655,1.447899173728382,0.9314729367551898,1.0
100033982|F|0-15:A>G-15:A>G,,,0.4024390243902439,-93.51385161411399,77.73685354803331,-1.2029539059788692,0.23684610659286642,1.447098099909818,0.9314729367551898,1.0
100015232|F|0-9:G>T-9:G>T,Vu01 (old4),18488835.0,0.47560975609756095,68.47675612775876,56.93809410488459,1.2026527618156488,0.23696122289625154,1.4463736655028079,0.9314729367551898,1.0
100017336|F|0-39:A>G-39:A>G,Vu07 (old2),40087974.0,0.3048780487804878,-76.1732387478622,63.404781255893816,-1.2013800416791358,0.2374481919441168,1.4433140045449622,0.9314729367551898,1.0
100035251|F|0-22:T>A-22:T>A,,,0.21951219512195122,87.90460889812033,73.44794619062252,1.1968286855833632,0.2391956624638958,1.4323989026352009,0.9314729367551898,1.0
100035100|F|0-8:T>C-8:T>C,,,0.18292682926829268,101.32073809410451,84.66845928414622,1.1966762942275053,0.23925433549741454,1.432034153166075,0.9314729367551898,1.0
100014717|F|0-5:C>A-5:C>A,,,0.1951219512195122,74.11228616001395,62.111626783026985,1.1932111586596914,0.24059132233973468,1.4237528691500032,0.9314729367551898,1.0
100018265|F|0-5:C>T-5:C>T,,,0.3205128205128205,83.31037214851311,69.86876274371826,1.1923836758652686,0.2409114078185665,1.42177883046997,0.9314729367551898,1.0
100015147|F|0-16:C>G-16:C>G,,,0.47560975609756095,-70.62027542801162,59.2686210683356,-1.1915289094812545,0.2412423751248442,1.4197411421295874,0.9314729367551898,1.0
100038773|F|0-28:C>G-28:C>G,,,0.47560975609756095,-70.10338522348017,58.89312630099232,-1.1903491905862529,0.24169971246524397,1.4169311955293473,0.9314729367551898,1.0
100020292|F|0-58:T>C-58:T>C,Vu07 (old2),39103737.0,0.35365853658536583,101.64538423029968,85.44312375565585,1.189626265549208,0.2419802802126933,1.4152106516845548,0.9314729367551898,1.0
100016871|F|0-26:A>G-26:A>G,,,0.3780487804878049,72.00370728109483,60.572909990639964,1.1887113776145346,0.2423356911251495,1.4130347392702447,0.9314729367551898,1.0
100044964|F|0-65:T>A-65:T>A,,,0.18292682926829268,103.13979705971681,86.90404440093415,1.1868239018184077,0.24307013652019674,1.4085509739274693,0.9314729367551898,1.0
100041134|F|0-8:G>C-8:G>C,,,0.17073170731707318,90.32545886378477,76.36042288234822,1.1828831671473727,0.24460878863046182,1.3992125871205994,0.9314729367551898,1.0
100016995|F|0-19:T>G-19:T>G,,,0.2682926829268293,66.98148506246379,56.67250097462373,1.1819045200150267,0.24499200149158645,1.3968982944319506,0.9314729367551898,1.0
100017843|F|0-41:T>C-41:T>C,,,0.43902439024390244,-78.67877645440512,66.68727891237776,-1.1798168666888225,0.2458109390593486,1.3919678389234307,0.9314729367551898,1.0
100036188|F|0-25:T>C-25:T>C,,,0.2682926829268293,-99.97752275910418,84.81474961971372,-1.1787751919020713,0.24622031094353608,1.3895109530437648,0.9314729367551898,1.0
100040746|F|0-42:G>A-42:G>A,Vu07 (old2),31266697.0,0.4268292682926829,68.21419364167868,57.89815116854027,1.1781756803098709,0.24645614101858776,1.388097933673627,0.9314729367551898,1.0
100034443|F|0-52:T>G-52:T>G,,,0.4024390243902439,-72.99948578200764,61.996609451216905,-1.1774754527414686,0.2467317985574608,1.3864484418087264,0.9314729367551898,1.0
100034782|F|0-41:G>A-41:G>A,,,0.12162162162162161,-112.72239456684188,95.89058787989367,-1.1755313744455362,0.24749830075713852,1.3818740123058115,0.9314729367551898,1.0
100021690|F|0-12:G>A-12:G>A,,,0.24390243902439024,93.18559044768972,79.27717552475322,1.1754403437165062,0.24753423446347508,1.3816600016363783,0.9314729367551898,1.0
100021376|F|0-67:G>C-67:G>C,,,0.2073170731707317,100.77483873091796,85.7394742438007,1.1753610530006764,0.24756553698780395,1.381473604910859,0.9314729367551898,1.0
100019065|F|0-15:C>T-15:C>T,,,0.45121951219512196,92.25837755188674,78.51428894726139,1.1750520674505165,0.24768754638358112,1.3807473612197332,0.9314729367551898,1.0
100014668|F|0-30:A>T-30:A>T,,,0.2682926829268293,-86.02641308480678,73.21578348955397,-1.1749708735559807,0.2477196147640275,1.3805565537049045,0.9314729367551898,1.0
100035689|F|0-61:C>T-61:C>T,,,0.21951219512195122,92.62976049169274,78.89530359462658,1.1740845940290112,0.24806985712227345,1.3784746339362681,0.9314729367551898,1.0
100015224|F|0-63:G>C-63:G>C,,,0.2682926829268293,84.676528781544,72.2098745503936,1.1726447291145785,0.24863963645230802,1.3750956607202032,0.9314729367551898,1.0
100032842|F|0-24:A>C-24:A>C,Vu05 (old1),2448565.0,0.2804878048780488,129.94276349087463,111.14027473125246,1.1691779942517537,0.25001539433854614,1.3669771822425538,0.9314729367551898,1.0
100018506|F|0-23:C>T-23:C>T,,,0.21951219512195122,-87.1593677791603,74.74929145649564,-1.1660226616313463,0.2512723829413922,1.359608847437849,0.9314729367551898,1.0
100013207|F|0-60:C>G-60:C>G,Vu07 (old2),29186793.0,0.4146341463414634,87.95192163581861,75.44481634726179,1.165778192513431,0.2513699634675559,1.359038794139882,0.9314729367551898,1.0
100020755|F|0-11:C>A-11:C>A,,,0.15853658536585366,90.64757786757892,77.9277366965521,1.1632261080615935,0.25239028029537275,1.3530949784761221,0.9314729367551898,1.0
100017082|F|0-22:G>A-22:G>A,,,0.18292682926829268,96.96780898359181,83.39479596872064,1.1627561151413102,0.25257850981130875,1.3520017832985118,0.9314729367551898,1.0
100058673|F|0-34:G>A-34:G>A,Vu05 (old1),1696325.0,0.23170731707317074,96.78149993603134,83.24351321089452,1.162631131279128,0.2526285822990049,1.351711147419385,0.9314729367551898,1.0
100015226|F|0-25:T>A-25:T>A,,,0.21951219512195122,94.3597807004281,81.29206468033622,1.1607502044815554,0.2533830117253813,1.3473410372039727,0.9314729367551898,1.0
100016684|F|0-47:T>C-47:T>C,,,0.1585365853658537,89.16415336013227,76.89935309055538,1.159491592278209,0.25388874638693454,1.3444207525638563,0.9314729367551898,1.0
100017923|F|0-57:A>G-57:A>G,,,0.36585365853658536,-70.40677564220051,60.80518523913555,-1.157907427883061,0.2545263344010071,1.340749611546766,0.9314729367551898,1.0
100019248|F|0-30:G>A-30:G>A,Vu02 (old7),25315767.0,0.22499999999999998,-75.28225054732087,65.34934800956844,-1.1519969646261512,0.256915395480713,1.3270970065078658,0.9314729367551898,1.0
100040147|F|0-11:C>G-11:C>G,,,0.35365853658536583,-102.03250723644126,88.61068503091776,-1.1514695682675333,0.25712935946822185,1.3258821666462195,0.9314729367551898,1.0
100021860|F|0-9:A>C-9:A>C,,,0.14634146341463414,84.25352114701762,73.44012170450607,1.1472410338046604,0.25884952980326587,1.316161989645186,0.9314729367551898,1.0
100030430|F|0-19:A>C-19:A>C,,,0.2804878048780488,86.00073629988943,74.98425101120813,1.1469173211723436,0.25898155792441974,1.3154193416051447,0.9314729367551898,1.0
100041955|F|0-54:C>T-54:C>T,,,0.32926829268292684,-67.49161496199851,58.87484656849753,-1.1463573817296637,0.2592100473262053,1.31413524664609,0.9314729367551898,1.0
100033630|F|0-40:T>C-40:T>C,,,0.3902439024390244,-75.50347212922127,65.87418062917767,-1.146177021225498,0.2592836763738225,1.3137217639853558,0.9314729367551898,1.0
100034562|F|0-29:C>T-29:C>T,,,0.35365853658536583,97.56614917648582,85.44161583343818,1.1419043076933784,0.26103235390722584,1.3039454479286938,0.9314729367551898,1.0
100014679|F|0-16:C>A-16:C>A,Vu07 (old2),38481917.0,0.4146341463414634,84.91028925165931,74.52758133323576,1.1393136303726168,0.2620967610191167,1.2980355483528316,0.9314729367551898,1.0
100042005|F|0-34:A>G-34:A>G,,,0.23170731707317074,74.80082692761121,65.83064462691283,1.136261498752379,0.26335476627895416,1.2910901935470025,0.9314729367551898,1.0
100019242|F|0-32:A>G-32:A>G,,,0.47560975609756095,76.95804326405766,67.85160644392879,1.1342110717401253,0.26420233104464835,1.2864347552578836,0.9314729367551898,1.0
100016636|F|0-57:G>T-57:G>T,,,0.13414634146341464,-80.96198577244006,71.41256848487728,-1.1337218012202575,0.2644048653065666,1.285325122562105,0.9314729367551898,1.0
100029801|F|0-44:C>T-44:C>T,,,0.34146341463414637,76.12450670680003,67.34944366104163,1.130291544647671,0.2658279576861671,1.2775589759020178,0.9314729367551898,1.0
100017864|F|0-18:T>C-18:T>C,,,0.18292682926829268,-84.19768585111599,74.65925607009622,-1.1277595074355458,0.2668819302230088,1.2718415066112647,0.9314729367551898,1.0
100029921|F|0-17:C>T-17:C>T,,,0.12195121951219512,107.515088941007,95.54119032108217,1.125327082273986,0.2678972564359309,1.2663610420992826,0.9314729367551898,1.0
100015367|F|0-46:A>T-46:A>T,,,0.4878048780487805,-58.13206153064837,51.7176563501808,-1.1240273754293033,0.26844090366194406,1.263437540714488,0.9314729367551898,1.0
100041804|F|0-61:A>T-61:A>T,,,0.2894736842105263,64.2183306586295,57.15611478435847,1.1235601107758237,0.2686365460691785,1.2623873225265814,0.9314729367551898,1.0
100038948|F|0-13:G>A-13:G>A,,,0.17073170731707318,90.09470293634814,80.20344496009746,1.1233270962509372,0.26873414672108037,1.2618637651715623,0.9314729367551898,1.0
100015215|F|0-15:G>A-15:G>A,,,0.13414634146341464,128.4231514757162,114.90506863655814,1.1176456617585375,0.27112173175595716,1.2491318252476793,0.9314729367551898,1.0
100015162|F|0-62:C>T-62:C>T,,,0.17073170731707318,-88.40343026789512,79.22915744266905,-1.115794148535085,0.2719030805056901,1.2449965819051354,0.9314729367551898,1.0
100056084|F|0-56:G>T-56:G>T,Vu11 (old9),1725731.0,0.2804878048780488,94.22081821738232,84.70045708978083,1.112400351246158,0.27333944999934073,1.2374345414525756,0.9314729367551898,1.0
100021699|F|0-19:G>C-19:G>C,,,0.17073170731707318,-88.28973661126733,79.38116266534233,-1.1122252893105389,0.27341368848333975,1.237045094181912,0.9314729367551898,1.0
100038675|F|0-24:G>A-24:G>A,,,0.4268292682926829,-81.20998955078105,73.0630154836238,-1.11150612951341,0.27371881316728824,1.2354458759458815,0.9314729367551898,1.0
100019377|F|0-46:G>A-46:G>A,,,0.15853658536585366,108.08899766829862,97.62509430931223,1.1071845659460557,0.27555747120709356,1.2258576630691558,0.9314729367551898,1.0
100049169|F|0-65:G>T-65:G>T,,,0.36585365853658536,-66.44516251076783,60.040214302190726,-1.1066776373638527,0.27577372388970295,1.224735393041239,0.9314729367551898,1.0
100035857|F|0-32:C>A-32:C>A,,,0.1282051282051282,87.91665254216443,79.60766820025474,1.1043741706013581,0.2767578884908915,1.2196423086914376,0.9314729367551898,1.0
100041246|F|0-21:G>A-21:G>A,,,0.10975609756097561,-96.35553553977104,87.41989053080515,-1.1022152390572617,0.2776825622036109,1.2148784332100566,0.9314729367551898,1.0
100022222|F|0-28:C>A-28:C>A,,,0.34146341463414637,71.51610334257238,64.91662681439107,1.1016608048204732,0.27792038065860886,1.2136565288776928,0.9314729367551898,1.0
100014250|F|0-55:T>C-55:T>C,,,0.4878048780487805,-60.1477552193722,54.69968238433133,-1.0995997160780857,0.27880572889036154,1.2091195355990068,0.9314729367551898,1.0
100029687|F|0-47:A>T-47:A>T,,,0.17073170731707318,77.71827365434079,70.72510399310625,1.0988781813868551,0.27911613874946645,1.207533257528082,0.9314729367551898,1.0
100013762|F|0-26:A>T-26:A>T,,,0.43902439024390244,-71.95140232987038,65.65551493285743,-1.095892742650049,0.2804031006424923,1.2009809033930468,0.9314729367551898,1.0
100013673|F|0-63:C>A-63:C>A,,,0.35365853658536583,78.48751764800811,71.7164792268773,1.0944139825898371,0.2810421172574662,1.1977419652881482,0.9314729367551898,1.0
100017877|F|0-34:T>G-34:T>G,,,0.32926829268292684,77.02492378964716,70.55998557228442,1.0916232927902147,0.28225086306847175,1.191641413362151,0.9314729367551898,1.0
100021909|F|0-26:T>C-26:T>C,,,0.34146341463414637,66.4762538431081,61.076582698849386,1.088408206642518,0.2836479782251317,1.1846324242867823,0.9314729367551898,1.0
100020334|F|0-65:G>A-65:G>A,Vu08 (old5),423524.0,0.47560975609756095,-71.27706289262503,65.70702021348683,-1.0847708914670111,0.2852344482734034,1.176727886974134,0.9314729367551898,1.0
100049389|F|0-23:C>A-23:C>A,,,0.36250000000000004,92.42689863459805,85.20801565331132,1.0847207029284478,0.2852563824121219,1.176619003361586,0.9314729367551898,1.0
100033181|F|0-15:C>A-15:C>A,,,0.35365853658536583,-69.39005630751163,64.18635022380013,-1.081071848852094,0.28685424365016654,1.168716342380485,0.9314729367551898,1.0
100014325|F|0-37:G>A-37:G>A,,,0.12195121951219512,96.61258913705389,89.76516999275664,1.0762814702500958,0.2889615325755293,1.1583818032037079,0.9314729367551898,1.0
100013584|F|0-22:T>C-22:T>C,,,0.3780487804878049,-65.02291100351151,60.43130346300071,-1.0759806139763646,0.28909424121423943,1.1577342816529546,0.9314729367551898,1.0
100030017|F|0-30:G>A-30:G>A,,,0.12195121951219512,97.93917304859988,91.1064518481713,1.0749971166895544,0.28952836347668814,1.1556188008908554,0.9314729367551898,1.0
100030288|F|0-38:C>G-38:C>G,,,0.17073170731707318,84.2288317349215,78.39281006326904,1.074445879245078,0.2897718833392502,1.1544339474267287,0.9314729367551898,1.0
100029747|F|0-45:G>A-45:G>A,,,0.17073170731707318,84.2288317349215,78.39281006326904,1.074445879245078,0.2897718833392502,1.1544339474267287,0.9314729367551898,1.0
100043273|F|0-46:A>T-46:A>T,,,0.17073170731707318,84.2288317349215,78.39281006326904,1.074445879245078,0.2897718833392502,1.1544339474267287,0.9314729367551898,1.0
100028760|F|0-23:G>T-23:G>T,,,0.3780487804878049,65.19786096526998,60.70496729394071,1.074011960991168,0.2899636762274338,1.1535016923520942,0.9314729367551898,1.0
100038400|F|0-11:G>A-11:G>A,,,0.5,68.94644198449203,64.23508135944974,1.0733456006489388,0.2902583824154276,1.152070778432431,0.9314729367551898,1.0
100015767|F|0-23:A>T-23:A>T,,,0.15853658536585366,98.5692330304389,92.16953727357806,1.0694339577496763,0.2919925907149317,1.1436889899881364,0.9314729367551898,1.0
100018496|F|0-32:T>G-32:T>G,,,0.3048780487804878,80.90060937443393,75.6631115871028,1.0692212846850973,0.29208708582374976,1.1432341556236498,0.9314729367551898,1.0
100015067|F|0-38:T>A-38:T>A,,,0.25609756097560976,-64.0216389099489,59.97327277403698,-1.0675028383254166,0.2928514130304257,1.1395623098328205,0.9314729367551898,1.0
100013138|F|0-58:G>A-58:G>A,,,0.4268292682926829,56.06415531051885,52.527249866284095,1.0673346777765536,0.29292628224457906,1.1392033143843794,0.9314729367551898,1.0
100040340|F|0-28:T>C-28:T>C,,,0.47560975609756095,-74.49743318636455,69.95348956945705,-1.0649566396883718,0.2939864769137974,1.1341326444163486,0.9314729367551898,1.0
100016677|F|0-45:G>A-45:G>A,,,0.18292682926829268,81.58262376020495,77.30228792031777,1.0553713991531442,0.2982870097589269,1.1138087901504652,0.9314729367551898,1.0
100034782|F|0-29:A>T-29:A>T,,,0.16249999999999998,73.24281705579013,69.44966993907896,1.0546172086928347,0.2986272352624915,1.112217456871066,0.9314729367551898,1.0
100029358|F|0-25:G>A-25:G>A,,,0.2682926829268293,-78.82990624338451,74.97551366020245,-1.0514086852495683,0.30007766043280754,1.1054602234182258,0.9314729367551898,1.0
100030054|F|0-16:G>A-16:G>A,,,0.35365853658536583,63.758149629815314,60.729177372620796,1.0498767213428466,0.3007719142109515,1.1022411300176052,0.9314729367551898,1.0
100018873|F|0-22:A>T-22:A>T,,,0.32926829268292684,-65.14643861177142,62.11461757475011,-1.0488101055017,0.301255940100766,1.1000026374024872,0.9314729367551898,1.0
100016501|F|0-17:C>T-17:C>T,,,0.35365853658536583,72.22854365146438,68.9133722380869,1.0481063588344508,0.3015755932968927,1.0985269394292105,0.9314729367551898,1.0
100029518|F|0-19:G>C-19:G>C,,,0.43902439024390244,52.4071806978567,50.27670934911895,1.042374916264783,0.30418766924640983,1.0865454660580136,0.9314729367551898,1.0
100018223|F|0-41:G>A-41:G>A,Vu09 (old8),16423359.0,0.2926829268292683,-68.08908095788307,65.58666752917338,-1.0381543006068512,0.3061211763132554,1.0777643518685003,0.9314729367551898,1.0
100017511|F|0-59:G>C-59:G>C,,,0.2682926829268293,-66.7480376585797,64.4252926317233,-1.0360533096859024,0.3070868199632126,1.0734064605111122,0.9314729367551898,1.0
100035988|F|0-45:C>A-45:C>A,,,0.21951219512195122,71.37541601112024,69.0609382481403,1.0335135580501944,0.30825692770080304,1.0681502746735725,0.9314729367551898,1.0
100032847|F|0-25:A>T-25:A>T,,,0.34146341463414637,66.52550039159239,64.3999345976393,1.033005713549762,0.3084912687426587,1.0671008042264527,0.9314729367551898,1.0
100019372|F|0-56:G>A-56:G>A,,,0.16249999999999998,97.34939332695821,94.2460225287152,1.0329284007428268,0.3085269549239712,1.0669410810611337,0.9314729367551898,1.0
100014627|F|0-15:C>G-15:C>G,,,0.34146341463414637,56.539355257660006,54.74483207908972,1.0327797731843937,0.3085955666848902,1.0666340598988078,0.9314729367551898,1.0
100029682|F|0-15:A>G-15:A>G,,,0.10975609756097561,94.510290933811,91.77453864190369,1.0298094910897018,0.3099689592580304,1.0605075879384305,0.9314729367551898,1.0
100052891|F|0-8:C>T-8:C>T,,,0.4024390243902439,84.31285041143192,81.90451617054603,1.0294041690676876,0.31015669684984476,1.0596729432939365,0.9314729367551898,1.0
100018629|F|0-63:G>A-63:G>A,,,0.3780487804878049,-65.96891124555172,64.34557195379536,-1.0252284538386267,0.31209536478943317,1.0510933825603412,0.9314729367551898,1.0
100040243|F|0-44:T>G-44:T>G,,,0.34146341463414637,60.27479228589067,58.86264206918475,1.0239906019686669,0.3126716607153389,1.0485567529201527,0.9314729367551898,1.0
100033755|F|0-33:T>A-33:T>A,,,0.3780487804878049,76.79340003934873,74.99460012775307,1.0239857257526728,0.31267393233620466,1.048546766545228,0.9314729367551898,1.0
100018713|F|0-51:T>A-51:T>A,,,0.47560975609756095,70.51242328675477,68.90029229572131,1.0233980283293163,0.3129477984339179,1.047343524388332,0.9314729367551898,1.0
100029242|F|0-37:C>T-37:C>T,,,0.3375,-59.780916503452254,58.56635974831286,-1.0207381295398743,0.3141893651210163,1.0419063290965611,0.9314729367551898,1.0
100015820|F|0-37:T>C-37:T>C,,,0.46341463414634143,-74.74150034832586,73.24894363992084,-1.02037649465284,0.3143584265631963,1.0411681908400172,0.9314729367551898,1.0
100015115|F|0-13:C>T-13:C>T,,,0.34146341463414637,63.243659840730835,62.036959289760105,1.019451316840571,0.3147912235483207,1.0392809874079743,0.9314729367551898,1.0
100051142|F|0-37:G>C-37:G>C,,,0.3375,-58.30858027636174,57.199727717120915,-1.0193856265317314,0.3148219689010979,1.0391470555794906,0.9314729367551898,1.0
100014556|F|0-12:G>A-12:G>A,,,0.4634146341463415,-61.43354860372865,60.28119665883846,-1.019116275202895,0.31494805621165817,1.0385979823834228,0.9314729367551898,1.0
100020395|F|0-36:T>C-36:T>C,,,0.17073170731707318,-76.592094640585,75.18484294402735,-1.0187172259920168,0.31513492056945236,1.0377847865328698,0.9314729367551898,1.0
100021071|F|0-60:A>G-60:A>G,Vu07 (old2),39201975.0,0.4024390243902439,-77.0958990180203,75.81550377123921,-1.016888303619857,0.3159923284706725,1.0340618220388706,0.9314729367551898,1.0
100034716|F|0-53:A>G-53:A>G,,,0.4024390243902439,-77.0958990180203,75.81550377123921,-1.016888303619857,0.3159923284706725,1.0340618220388706,0.9314729367551898,1.0
100022081|F|0-44:A>C-44:A>C,,,0.34146341463414637,63.83908061937409,62.80430628831518,1.0164761684701775,0.3161857596255503,1.0332238010678128,0.9314729367551898,1.0
100019656|F|0-61:T>G-61:T>G,,,0.3170731707317073,-68.51076630527585,67.54619245905992,-1.0142802104915174,0.3172177739329835,1.0287643453947168,0.9314729367551898,1.0
100016523|F|0-36:G>T-36:G>T,Vu03 (old3),39488805.0,0.2926829268292683,-66.42344942094486,65.59780693880391,-1.0125864342219733,0.31801535323475427,1.0253312867703706,0.9314729367551898,1.0
100016185|F|0-62:C>T-62:C>T,,,0.3902439024390244,67.31405877961353,66.55563141065385,1.0113953898848937,0.3185770212756071,1.0229206346804163,0.9314729367551898,1.0
100021961|F|0-53:A>T-53:A>T,,,0.23170731707317074,68.30991004992369,67.66239770118554,1.0095697517489364,0.31943926195192823,1.019231083646409,0.9314729367551898,1.0
100017321|F|0-51:A>T-51:A>T,,,0.36585365853658536,109.38361572051602,108.40138366189584,1.0090610656934396,0.3196797952857598,1.01820423429838,0.9314729367551898,1.0
100028230|F|0-30:T>C-30:T>C,,,0.10526315789473673,72.23919662236965,71.75360193926181,1.0067675304093986,0.32076583153222704,1.0135808602866394,0.9314729367551898,1.0
100016298|F|0-19:G>A-19:G>A,,,0.5,60.59979805942397,60.21084271860755,1.0064598886721148,0.32091169712465134,1.0129615075058858,0.9314729367551898,1.0
100013630|F|0-30:A>G-30:A>G,,,0.35365853658536583,-64.11545844988055,63.70636695336247,-1.006421516656531,0.32092989404175626,1.012884269189232,0.9314729367551898,1.0
100058484|F|0-60:G>A-60:G>A,,,0.10975609756097561,111.00566485156263,110.52312639151468,1.0043659501481945,0.3219057191295425,1.0087509618170856,0.9314729367551898,1.0
100033134|F|0-15:C>T-15:C>T,,,0.10975609756097561,111.00566485156263,110.52312639151468,1.0043659501481945,0.3219057191295425,1.0087509618170856,0.9314729367551898,1.0
100021344|F|0-55:A>T-55:A>T,,,0.10975609756097561,111.00566485156263,110.52312639151468,1.0043659501481945,0.3219057191295425,1.0087509618170856,0.9314729367551898,1.0
100016297|F|0-36:A>G-36:A>G,,,0.4878048780487805,58.165252939170564,57.91971006814703,1.0042393663700082,0.321965877285541,1.0084967049672355,0.9314729367551898,1.0
100033589|F|0-16:T>C-16:T>C,,,0.14634146341463414,74.78760410828775,74.49826966431905,1.0038837740161268,0.32213491125604266,1.007782631732862,0.9314729367551898,1.0
100013102|F|0-12:T>C-12:T>C,,,0.3048780487804878,-68.31015097987397,68.31052207759635,-0.9999945674881249,0.32398761919486163,0.9999891350057619,0.9314729367551898,1.0
100029380|F|0-39:A>C-39:A>C,,,0.3048780487804878,-68.31015097987397,68.31052207759635,-0.9999945674881249,0.32398761919486163,0.9999891350057619,0.9314729367551898,1.0
100019588|F|0-22:A>G-22:A>G,,,0.18292682926829268,74.32540419627715,74.3727008886848,0.9993640584267816,0.32428865591133027,0.9987285212752477,0.9314729367551898,1.0
100057957|F|0-57:C>A-57:C>A,,,0.41463414634146345,91.36354905487929,91.57251137072748,0.9977180672155838,0.3250754291322806,0.9954413416484001,0.9314729367551898,1.0
100058921|F|0-26:G>A-26:G>A,,,0.14864864864864868,-84.1616023672812,84.40941986516515,-0.9970641013967422,0.3253883795771257,0.994136822294093,0.9314729367551898,1.0
100036056|F|0-31:G>A-31:G>A,,,0.29268292682926833,-61.70576724357052,61.969371546057054,-0.9957462163015383,0.3260196638885823,0.9915105272788298,0.9314729367551898,1.0
100048883|F|0-64:T>A-64:T>A,,,0.17073170731707318,83.10023458729196,83.66416420613099,0.9932596037480321,0.3272130422463918,0.9865646404376978,0.9314729367551898,1.0
100021948|F|0-23:C>G-23:C>G,,,0.5,-61.010402393752415,61.49024100129944,-0.9921965079379526,0.3277241454344315,0.9844539103642675,0.9314729367551898,1.0
100015553|F|0-28:T>C-28:T>C,,,0.21951219512195122,83.95230652843854,84.64203643553341,0.9918512132252372,0.32789026842170615,0.9837688291763749,0.9314729367551898,1.0
100029178|F|0-32:G>A-32:G>A,,,0.21951219512195122,83.95230652843854,84.64203643553341,0.9918512132252372,0.32789026842170615,0.9837688291763749,0.9314729367551898,1.0
100014225|F|0-25:G>A-25:G>A,,,0.13414634146341464,100.92340614642944,101.7827438215217,0.9915571378523738,0.3280317944204406,0.9831855576259914,0.9314729367551898,1.0
100017367|F|0-26:T>C-26:T>C,,,0.23170731707317074,-64.04237703711713,64.8379537647729,-0.987729768114798,0.3298775111907013,0.9756100948201125,0.9314729367551898,1.0
100047252|F|0-57:G>A-57:G>A,,,0.3170731707317073,62.60228180649373,63.42107547840708,0.9870895650107332,0.3301869266359266,0.9743458093530785,0.9314729367551898,1.0
100013978|F|0-64:G>A-64:G>A,,,0.1951219512195122,-56.705990668639046,57.59211815865951,-0.9846137367689918,0.3313853569873519,0.9694642106341974,0.9314729367551898,1.0
100020050|F|0-34:T>G-34:T>G,,,0.13414634146341464,-73.05291046242293,74.31133631568473,-0.9830654928890549,0.33213627570712917,0.9664177633092004,0.9314729367551898,1.0
100029094|F|0-17:C>T-17:C>T,,,0.275,65.25660187096625,66.57914670601157,0.9801357496982475,0.3335603727343179,0.9606660878365456,0.9314729367551898,1.0
100016088|F|0-16:G>A-16:G>A,,,0.3780487804878049,59.076728406298905,60.33115707539486,0.9792076146073526,0.33401237808416745,0.9588475525050216,0.9314729367551898,1.0
100057366|F|0-5:C>T-5:C>T,,,0.18292682926829268,79.82768691800082,81.54036938583153,0.9789958951531522,0.3341155439030149,0.9584329627267218,0.9314729367551898,1.0
100016409|F|0-6:A>T-6:A>T,,,0.25609756097560976,66.82234223374572,68.31256484932669,0.9781852340214735,0.33451075758543125,0.9568463520576449,0.9314729367551898,1.0
100044425|F|0-30:C>T-30:C>T,,,0.2073170731707317,76.96298854045303,78.74317466749756,0.9773925024668921,0.33489753378581394,0.9552961038784937,0.9314729367551898,1.0
100035177|F|0-15:C>A-15:C>A,,,0.426829268292683,-63.057323285405126,64.8115584084869,-0.9729332982239776,0.337078786473597,0.9465992027929873,0.9314729367551898,1.0
100017924|F|0-5:G>C-5:G>C,Vu04 (old11),2232752.0,0.47560975609756095,-65.62554296207489,67.47532203756032,-0.9725858429478003,0.3372491456427672,0.9459232219024832,0.9314729367551898,1.0
100013355|F|0-21:A>G-21:A>G,,,0.35365853658536583,59.5403573735996,61.261125583525704,0.9719109273044625,0.33758022516101793,0.9446108506138202,0.9314729367551898,1.0
100019308|F|0-53:A>G-53:A>G,,,0.12195121951219512,69.54635544718738,71.57614804956089,0.9716414943010341,0.33771245614622575,0.9440871934475464,0.9314729367551898,1.0
100018346|F|0-11:A>C-11:A>C,,,0.3902439024390244,76.3456263741169,78.58804199686698,0.9714661980910598,0.3377985057639138,0.9437465740334983,0.9314729367551898,1.0
100038818|F|0-32:G>T-32:G>T,,,0.13414634146341464,73.593722748862,75.9691978232478,0.9687310759827603,0.33914302693317144,0.9384398975747166,0.9314729367551898,1.0
100043228|F|0-41:G>A-41:G>A,,,0.24390243902439024,72.54562112678505,75.00580310014178,0.967200111569073,0.3398971725025434,0.9354760558192273,0.9314729367551898,1.0
100016587|F|0-41:C>T-41:C>T,Vu03 (old3),57417157.0,0.3048780487804878,-57.36948164625368,59.54159145980113,-0.9635194532041703,0.34171482767629136,0.9283697367028634,0.9314729367551898,1.0
100015028|F|0-52:A>T-52:A>T,,,0.15853658536585366,-77.87242264719323,81.77949521190729,-0.9522243007909252,0.3473332130480344,0.9067311190167665,0.9314729367551898,1.0
100014423|F|0-36:C>T-36:C>T,,,0.14634146341463414,84.52874641128933,88.83206044287837,0.9515567464028801,0.3476671715824988,0.9054602416248351,0.9314729367551898,1.0
100017158|F|0-22:G>A-22:G>A,Vu02 (old7),30259566.0,0.2804878048780488,66.83234236712889,70.4661676575186,0.9484316316441258,0.34923340703426076,0.8995225599031388,0.9314729367551898,1.0
100019664|F|0-61:T>C-61:T>C,,,0.45121951219512196,59.0111591631505,62.35799794144917,0.9463286364414526,0.35029000385695713,0.8955378881491389,0.9314729367551898,1.0
100047453|F|0-65:G>T-65:G>T,,,0.38749999999999996,60.41542472440433,63.902211118293785,0.9454355908368363,0.3507393305861184,0.8938484564209976,0.9314729367551898,1.0
100028279|F|0-18:C>T-18:C>T,,,0.25609756097560976,-90.2395995117441,95.49105539816011,-0.9450057823267373,0.3509557200052766,0.8930359286309687,0.9314729367551898,1.0
100028511|F|0-5:C>A-5:C>A,,,0.23170731707317074,71.1348508449382,75.28101050179238,0.9449242295073143,0.3509967881646477,0.8928817995099915,0.9314729367551898,1.0
100014677|F|0-27:A>C-27:A>C,Vu01 (old4),38105105.0,0.47560975609756095,-57.36320064828276,60.845189168407025,-0.942772985543905,0.3520812521946739,0.8888209022713681,0.9314729367551898,1.0
100014778|F|0-65:A>G-65:A>G,Vu03 (old3),51500985.0,0.4268292682926829,-52.71231647455586,55.94243136183748,-0.9422600196550428,0.3523401696121703,0.8878539446403216,0.9314729367551898,1.0
100020485|F|0-47:G>T-47:G>T,,,0.41463414634146345,-55.683186115187915,59.18703041716743,-0.9408004713653751,0.35307755745144853,0.8851055269213121,0.9314729367551898,1.0
100049017|F|0-36:G>A-36:G>A,,,0.17073170731707318,83.73250886872769,89.14125419257299,0.939323881261972,0.353824589358986,0.8823293539090552,0.9314729367551898,1.0
100020066|F|0-27:G>C-27:G>C,,,0.4268292682926829,50.11913542864918,53.460469548039114,0.9374989754553608,0.3547492772071394,0.8789043289798512,0.9314729367551898,1.0
100019055|F|0-38:T>A-38:T>A,,,0.17073170731707318,-67.99680292020142,72.61215602811262,-0.9364382858136823,0.3552874633445102,0.8769166631376677,0.9314729367551898,1.0
100014708|F|0-45:A>T-45:A>T,,,0.47560975609756095,-64.74003455503201,69.36755442852164,-0.9332898512624088,0.3568881161568272,0.8710299464694092,0.9314729367551898,1.0
100056908|F|0-51:C>T-51:C>T,,,0.47560975609756095,-64.74003455503201,69.36755442852164,-0.9332898512624088,0.3568881161568272,0.8710299464694092,0.9314729367551898,1.0
100059433|F|0-8:T>C-8:T>C,,,0.11249999999999999,-91.40338566487367,97.99307853430965,-0.9327534865931498,0.35716127327746683,0.8700290667516773,0.9314729367551898,1.0
100045148|F|0-42:T>C-42:T>C,,,0.25,-66.70119740194096,71.51634557120295,-0.9326706624785807,0.35720346575576295,0.8698745646482345,0.9314729367551898,1.0
100035378|F|0-22:G>A-22:G>A,,,0.4878048780487805,59.975452783834946,64.36692022021143,0.9317744670499624,0.3576602171621278,0.8682036574462414,0.9314729367551898,1.0
100020245|F|0-28:G>T-28:G>T,,,0.2804878048780488,-60.964733172058835,65.45984300342089,-0.931330268678965,0.3578867474814689,0.867376069357633,0.9314729367551898,1.0
100033468|F|0-18:T>A-18:T>A,Vu04 (old11),40488211.0,0.2073170731707317,-66.1920937479605,71.15825838962624,-0.9302095813746092,0.3584586886858374,0.8652898652811256,0.9314729367551898,1.0
100047135|F|0-14:G>A-14:G>A,,,0.2804878048780488,-59.14341618847183,63.59709784383043,-0.929970363328605,0.3585808508254348,0.8648448766695377,0.9314729367551898,1.0
100032762|F|0-24:G>A-24:G>A,,,0.36585365853658536,83.45776491025458,89.76600575639351,0.9297257264263468,0.35870580844078875,0.8643899263789981,0.9314729367551898,1.0
100051141|F|0-11:G>A-11:G>A,,,0.3048780487804878,75.1726084231494,80.86877861628203,0.929562801731424,0.3587890442607873,0.8640870023627747,0.9314729367551898,1.0
100029143|F|0-26:C>T-26:C>T,,,0.14634146341463414,72.8458020437884,78.69141763676957,0.9257146996644049,0.3607586611320385,0.8569477051747594,0.9314729367551898,1.0
100016225|F|0-50:A>C-50:A>C,,,0.3170731707317073,64.44231508982568,69.8682210479742,0.9223408600252913,0.3624913363131297,0.8507126620721939,0.9314729367551898,1.0
100059437|F|0-44:G>C-44:G>C,,,0.25609756097560976,82.5622977886105,89.70798144922833,0.9203450624439471,0.3635188542582821,0.8470350339649528,0.9314729367551898,1.0
100059436|F|0-49:A>C-49:A>C,,,0.25609756097560976,82.5622977886105,89.70798144922833,0.9203450624439471,0.3635188542582821,0.8470350339649528,0.9314729367551898,1.0
100022099|F|0-31:T>C-31:T>C,,,0.17073170731707318,68.49389480726374,74.51280542577867,0.91922313776643,0.36409729974304483,0.8449711770051612,0.9314729367551898,1.0
100021359|F|0-55:A>T-55:A>T,,,0.12195121951219512,77.59152752750413,84.42030354298358,0.9191097907862592,0.3641557728757541,0.8447628075191612,0.9314729367551898,1.0
100016024|F|0-58:G>A-58:G>A,,,0.24390243902439024,60.78248947710013,66.23009282088884,0.9177473092402106,0.3648591248765117,0.8422601236176468,0.9314729367551898,1.0
100019787|F|0-26:A>G-26:A>G,,,0.21951219512195122,75.8553979995827,82.70975113169085,0.9171276295923728,0.3651793136640183,0.8411230889617246,0.9314729367551898,1.0
100029664|F|0-7:G>A-7:G>A,,,0.32926829268292684,-62.88596119973405,68.66545910036788,-0.9158310746574055,0.3658498356247774,0.8387465573081383,0.9314729367551898,1.0
100017892|F|0-32:A>G-32:A>G,,,0.3780487804878049,58.50768037748844,64.57119047453419,0.9060957363108072,0.3709100812734283,0.8210094833606238,0.9381014541851801,1.0
100035181|F|0-20:A>G-20:A>G,,,0.13414634146341464,-67.68692730390235,74.95816350054119,-0.9029960733151321,0.37253068671999395,0.8154019084225475,0.9381014541851801,1.0
100038463|F|0-13:A>C-13:A>C,,,0.13414634146341464,-84.10970715341284,93.21725820713571,-0.90229758706821,0.37289650858512025,0.8141409356291139,0.9381014541851801,1.0
100033601|F|0-15:C>A-15:C>A,,,0.4268292682926829,71.11017992101192,78.94356456402834,0.9007723468495898,0.37369613631402965,0.8113908208489178,0.9381014541851801,1.0
100029504|F|0-25:T>C-25:T>C,,,0.426829268292683,-71.11017992101142,78.94356456402834,-0.9007723468495835,0.37369613631403287,0.8113908208489063,0.9381014541851801,1.0
100020699|F|0-40:A>G-40:A>G,,,0.4146341463414634,55.27263334658624,61.440201527492384,0.8996167325696943,0.3743027184466946,0.8093102655193729,0.9381014541851801,1.0
100014678|F|0-12:C>T-12:C>T,,,0.2682926829268293,63.81121794244606,70.95285125469681,0.8993467748517294,0.37444451068506424,0.8088246214362073,0.9381014541851801,1.0
100017630|F|0-52:A>T-52:A>T,,,0.2073170731707317,-68.39109740055585,76.20954969371736,-0.8974084963815754,0.3754635857323968,0.80534200937784,0.9381014541851801,1.0
100045141|F|0-49:C>T-49:C>T,,,0.34146341463414637,54.92679433081929,61.444204385578715,0.893929620866096,0.3772971226075847,0.799110167061802,0.9381014541851801,1.0
100016472|F|0-40:C>G-40:C>G,,,0.47560975609756095,-60.93775994719625,68.32251579158789,-0.8919132915579657,0.37836245512978345,0.7955093196577647,0.9381014541851801,1.0
100033115|F|0-33:C>G-33:C>G,,,0.4634146341463415,-61.23315538112815,68.78408511491692,-0.8902227205439528,0.37925715863050297,0.7924964921726767,0.9381014541851801,1.0
100038652|F|0-16:A>G-16:A>G,,,0.10975609756097561,-69.96291340604874,78.62162839953254,-0.8898685365624496,0.3794447756723308,0.7918660123637956,0.9381014541851801,1.0
100040251|F|0-68:A>C-68:A>C,,,0.23170731707317074,-57.27719141923571,64.3690342862049,-0.8898252405739594,0.3794677143445316,0.7917889587625048,0.9381014541851801,1.0
100033227|F|0-6:A>G-6:A>G,Vu08 (old5),23496197.0,0.4024390243902439,54.13528876829512,60.87654879881491,0.8892634329058577,0.3797654465693666,0.790789453103511,0.9381014541851801,1.0
100014831|F|0-22:G>T-22:G>T,,,0.24390243902439024,-53.50818839390495,60.37969512264794,-0.8861950741091844,0.3813941754409843,0.7853417093753828,0.9401244961507065,1.0
100018174|F|0-53:C>T-53:C>T,,,0.35365853658536583,57.73995592181829,65.2720333079199,0.8846048299036566,0.3822400550650364,0.7825257050888773,0.9402133557849729,1.0
100048583|F|0-60:A>G-60:A>G,,,0.25609756097560976,-54.08403803746208,61.868074730435524,-0.8741833049292522,0.38781308141584003,0.76419645061703,0.9453882326428135,1.0
100017834|F|0-8:C>T-8:C>T,,,0.11249999999999999,85.78076822992156,98.26305684559031,0.8729706868850691,0.3884648785432073,0.7620778201605893,0.9453882326428135,1.0
100040750|F|0-21:T>G-21:T>G,Vu09 (old8),38024670.0,0.2682926829268293,-64.70534045876548,74.20793274200705,-0.8719464087986591,0.3890159819529516,0.7602905398168784,0.9453882326428135,1.0
100015678|F|0-23:A>G-23:A>G,,,0.3170731707317073,53.905633075805454,61.90145659521845,0.8708298001499591,0.3896173276300368,0.7583445408292178,0.9453882326428135,1.0
100040506|F|0-18:G>A-18:G>A,,,0.13414634146341464,-58.45718201784341,67.13895712618265,-0.8706894554226916,0.3896929514525801,0.7581001277842633,0.9453882326428135,1.0
100016381|F|0-40:C>G-40:C>G,Vu08 (old5),3031274.0,0.2682926829268293,56.674650917180685,65.20336240997737,0.8691982870580977,0.3904970320442999,0.7555056622247311,0.9453882326428135,1.0
100020248|F|0-34:C>A-34:C>A,,,0.1951219512195122,-65.7558041969915,75.80763818368939,-0.8674034143849555,0.3914662709391849,0.7523886832866788,0.9453882326428135,1.0
100033340|F|0-7:A>T-7:A>T,,,0.24390243902439024,64.06241023770819,73.94191258013574,0.8663883310873184,0.39201509333572077,0.7506287402442688,0.9453882326428135,1.0
100013001|F|0-27:G>C-27:G>C,Vu03 (old3),7683103.0,0.4634146341463415,-51.45701486035181,59.42023086640998,-0.8659847683197114,0.3922334216144063,0.7499296189617441,0.9453882326428135,1.0
100016083|F|0-25:C>A-25:C>A,,,0.24390243902439024,71.30909946692525,82.54489956651285,0.8638825638096023,0.39337196092390186,0.7462930840542515,0.9453882326428135,1.0
100020644|F|0-30:T>A-30:T>A,Vu08 (old5),17202857.0,0.13414634146341464,82.4079965281774,95.73423688703718,0.8607996387480036,0.3950454201702926,0.7409760180686935,0.9453882326428135,1.0
100019075|F|0-58:G>A-58:G>A,Vu09 (old8),41940020.0,0.12195121951219512,76.97531033602553,89.45849625970365,0.8604583528048734,0.39523095082134274,0.7403885769116759,0.9453882326428135,1.0
100019784|F|0-32:C>G-32:C>G,,,0.1951219512195122,58.99828765976584,68.66365293616798,0.8592360752290971,0.39589585834055857,0.7382866329751026,0.9453882326428135,1.0
100022289|F|0-10:A>G-10:A>G,,,0.1951219512195122,-68.83347535579463,80.14000167401622,-0.8589153221606745,0.3960704615606898,0.7377355306423752,0.9453882326428135,1.0
100021629|F|0-12:T>C-12:T>C,,,0.17073170731707318,-67.8242270042988,79.04739147043254,-0.8580197998015946,0.39655819922226543,0.7361979768515685,0.9453882326428135,1.0
100014950|F|0-45:G>A-45:G>A,,,0.13414634146341464,66.81010812757577,78.34368805087188,0.8527822698899896,0.3994183291569305,0.727237599838723,0.9502554921131072,1.0
100014153|F|0-9:C>A-9:C>A,,,0.15853658536585366,64.63163359893156,76.87076262105697,0.8407830414996718,0.4060195083927071,0.7069161228734387,0.9518845817100294,1.0
100034936|F|0-34:G>C-34:G>C,,,0.17073170731707318,-60.92003122780675,72.6357907751017,-0.8387054175045767,0.40716933854638365,0.7034267773515264,0.9518845817100294,1.0
100032841|F|0-19:T>A-19:T>A,Vu05 (old1),2448565.0,0.3170731707317073,65.83920243140292,78.72512845980644,0.8363174975956692,0.4084933942781279,0.6994269567846821,0.9518845817100294,1.0
100022008|F|0-51:G>C-51:G>C,,,0.3048780487804878,-48.00327721887036,57.448365293586846,-0.8355899593235097,0.40889733074592594,0.6982105801222646,0.9518845817100294,1.0
100017988|F|0-49:T>G-49:T>G,,,0.18292682926829268,58.17901702919589,69.62681609952338,0.8355834761428097,0.4089009313855505,0.6981997456029014,0.9518845817100294,1.0
100044498|F|0-24:C>T-24:C>T,,,0.3780487804878049,52.625272537056446,63.31339430470814,0.8311870357761423,0.4113471601215367,0.69087188844233,0.9518845817100294,1.0
100014666|F|0-59:T>C-59:T>C,,,0.2073170731707317,70.49731447825219,84.91260954835411,0.8302337527161614,0.41187876935699086,0.6892880841491602,0.9518845817100294,1.0
100013548|F|0-31:T>C-31:T>C,,,0.12195121951219512,-74.03815664352939,89.32258570182549,-0.8288850581495903,0.4126316094140732,0.6870504396236498,0.9518845817100294,1.0
100033255|F|0-59:G>A-59:G>A,,,0.1875,-53.2476594968956,64.29402927422004,-0.8281898039052641,0.4130200314546776,0.6858983512926398,0.9518845817100294,1.0
100040372|F|0-42:A>T-42:A>T,,,0.26249999999999996,60.23106802842414,72.81874844282335,0.827136820069313,0.41360873815491017,0.6841553191143751,0.9518845817100294,1.0
100034016|F|0-46:G>A-46:G>A,,,0.15853658536585366,70.26623194131267,85.30039055192819,0.8237504129425621,0.415505531737454,0.6785647428230416,0.9518845817100294,1.0
100034591|F|0-27:A>G-27:A>G,,,0.1375,-58.94210930820694,71.58219674408178,-0.8234185592115139,0.41569169723530824,0.6780181236539653,0.9518845817100294,1.0
100020912|F|0-63:C>T-63:C>T,,,0.35365853658536583,47.089180956270056,57.19168998971313,0.8233570465349043,0.4157262106615439,0.6779168260786805,0.9518845817100294,1.0
100013936|F|0-38:C>A-38:C>A,,,0.21951219512195122,62.56292128707227,75.99101385477628,0.8232936779424215,0.41576176724584973,0.6778124801399596,0.9518845817100294,1.0
100030246|F|0-11:C>A-11:C>A,,,0.34146341463414637,-57.805746374613406,70.27513826105667,-0.8225632535915872,0.4161717488249236,0.6766103061591778,0.9518845817100294,1.0
100017712|F|0-29:G>A-29:G>A,Vu04 (old11),3133419.0,0.35365853658536583,-46.03884433018976,56.013480205406026,-0.8219243682299607,0.4165305540711321,0.6755596670902201,0.9518845817100294,1.0
100013794|F|0-60:G>A-60:G>A,,,0.4146341463414634,-63.78621336387682,77.60741896570005,-0.8219087068475792,0.41653935206833825,0.6755339223918599,0.9518845817100294,1.0
100019141|F|0-40:G>A-40:G>A,,,0.14634146341463414,-58.112798160812815,70.89314216485259,-0.8197238320411757,0.41776785507176134,0.6719471608162697,0.9518845817100294,1.0
100016593|F|0-53:A>T-53:A>T,,,0.3780487804878049,-53.06615658195832,64.73839061380541,-0.8197015106310351,0.4177804173372318,0.6719105665308011,0.9518845817100294,1.0
100038609|F|0-8:A>T-8:A>T,,,0.47560975609756095,60.06975538761133,73.30245209410816,0.8194781166459718,0.4179061540029769,0.6715443836616289,0.9518845817100294,1.0
100035059|F|0-31:C>G-31:C>G,,,0.45121951219512196,114.53754457216883,139.99511958769236,0.8181538392873974,0.41865199661141916,0.6693757047407085,0.9518845817100294,1.0
100046760|F|0-25:T>G-25:T>G,,,0.3902439024390244,45.332381509917255,55.50182015155566,0.8167728803511435,0.4194306316394092,0.6671179380771034,0.9518845817100294,1.0
100018671|F|0-6:A>T-6:A>T,Vu11 (old9),36066452.0,0.2073170731707317,64.02119155315141,78.41254762198217,0.81646615872998,0.419603692840343,0.6666169883512888,0.9518845817100294,1.0
100034088|F|0-23:T>C-23:T>C,,,0.21951219512195122,-61.133690737545905,74.92043005664074,-0.815981577939797,0.4198771964585211,0.665825935537121,0.9518845817100294,1.0
100029240|F|0-46:A>G-46:A>G,Vu11 (old9),8096401.0,0.2073170731707317,57.047571675482445,70.651707993371,0.8074478777050232,0.4247115959128494,0.6519720752103462,0.9518845817100294,1.0
100012992|F|0-18:G>T-18:G>T,,,0.2073170731707317,57.047571675482445,70.651707993371,0.8074478777050232,0.4247115959128494,0.6519720752103462,0.9518845817100294,1.0
100046610|F|0-39:T>C-39:T>C,,,0.21951219512195122,68.2247250361155,84.51781543950118,0.8072230059584484,0.4248394440934585,0.6516089813485932,0.9518845817100294,1.0
100013718|F|0-18:C>A-18:C>A,,,0.10975609756097561,-77.07126014994388,95.56284246752249,-0.8064981969967766,0.425251685141821,0.6504393417590515,0.9518845817100294,1.0
100040451|F|0-37:G>A-37:G>A,,,0.4878048780487805,-54.839800584384534,68.06634121173744,-0.8056816277782813,0.42571640709662906,0.649122885339461,0.9518845817100294,1.0
100016293|F|0-58:A>G-58:A>G,,,0.3902439024390244,46.364652446803056,57.58222212828232,0.8051903996256234,0.42599612125568354,0.6483315796492711,0.9518845817100294,1.0
100030243|F|0-51:A>G-51:A>G,,,0.18571428571428572,48.25320795810243,60.019298201918716,0.8039615490965514,0.4266963401438574,0.6463541724257266,0.9518845817100294,1.0
100040013|F|0-13:A>G-13:A>G,,,0.5,43.55480070908881,54.189923430564626,0.8037435366539508,0.4268206401514546,0.6460036727130007,0.9518845817100294,1.0
100021294|F|0-38:G>A-38:G>A,,,0.36585365853658536,-58.35737001683727,72.66062306794124,-0.8031498706289687,0.4271592308965765,0.6450497146913292,0.9518845817100294,1.0
100046321|F|0-34:T>C-34:T>C,,,0.4634146341463415,-49.44108886741824,61.85287033805089,-0.7993337834962668,0.42933958411143425,0.6389344974384568,0.9537677462772407,1.0
100046319|F|0-34:T>C-34:T>C,,,0.19999999999999998,-59.5122192215085,74.58596614729008,-0.7979010301212107,0.43015993713331674,0.6366460538684893,0.9537677462772407,1.0
100013415|F|0-20:G>A-20:G>A,Vu07 (old2),385652.0,0.1951219512195122,-55.060464607440885,69.16606089129655,-0.7960618820547777,0.4312143688897713,0.6337145200605948,0.9537677462772407,1.0
100043410|F|0-43:T>A-43:T>A,,,0.3048780487804878,61.867546449009176,77.7491158391898,0.7957331190359924,0.43140302176662965,0.6331911967307489,0.9537677462772407,1.0
100020488|F|0-58:T>G-58:T>G,,,0.1951219512195122,51.28029759908335,64.5442213615835,0.7944986633552482,0.43211182992405567,0.631228126073276,0.9537677462772407,1.0
100018738|F|0-46:T>C-46:T>C,,,0.4146341463414634,51.93608940902981,65.57820162146257,0.7919718462061647,0.4335648853243215,0.627219405183201,0.9541592082036989,1.0
100033514|F|0-34:C>T-34:C>T,,,0.34146341463414637,53.72274517407253,67.88894512211954,0.7913327431651109,0.43393286988075197,0.6262075104052194,0.9541592082036989,1.0
100013542|F|0-30:C>G-30:C>G,,,0.13414634146341464,70.87395186163086,89.92276575925075,0.7881647240631023,0.4357597363598272,0.6212036322574662,0.9557848972827458,1.0
100019395|F|0-49:A>G-49:A>G,Vu07 (old2),128608.0,0.2073170731707317,-63.17086762906671,80.39660572304207,-0.7857404807198425,0.4371608148830756,0.6173881030418491,0.9557848972827458,1.0
100035727|F|0-32:C>A-32:C>A,Vu08 (old5),17172753.0,0.14634146341463414,71.41592733176765,91.43614229508927,0.7810470295355315,0.43988103927508676,0.6100344623462775,0.9557848972827458,1.0
100015576|F|0-58:G>T-58:G>T,,,0.17073170731707318,-64.75345397659297,83.04033748040466,-0.7797831263856928,0.44061529708933017,0.6080617241958454,0.9557848972827458,1.0
100019698|F|0-15:C>A-15:C>A,Vu07 (old2),37885937.0,0.24390243902439024,-57.81596025816786,74.1556235816008,-0.7796571246487761,0.4406885372479275,0.6078652320155973,0.9557848972827458,1.0
100035283|F|0-38:G>T-38:G>T,,,0.34146341463414637,50.94393394118328,65.85492536759482,0.7735781895859717,0.44423062893053855,0.5984232154031096,0.9557848972827458,1.0
100018591|F|0-14:C>T-14:C>T,,,0.4634146341463415,41.23304010650357,53.318361615065584,0.7733365928268284,0.44437175231163234,0.5980494858050078,0.9557848972827458,1.0
100029850|F|0-32:T>C-32:T>C,,,0.4146341463414634,50.10923521708683,64.8524454121106,0.7726653158360223,0.44476400378822445,0.59701169029598,0.9557848972827458,1.0
100019390|F|0-56:C>T-56:C>T,,,0.23170731707317074,-58.188405451904536,75.32172331797426,-0.772531520637936,0.44484220976465766,0.5968049503791617,0.9557848972827458,1.0
100034437|F|0-39:T>A-39:T>A,,,0.2073170731707317,51.339851404027975,66.84196489994916,0.7680781299723136,0.44744996614968385,0.5899440137417663,0.9557848972827458,1.0
100028365|F|0-14:C>A-14:C>A,,,0.4634146341463415,-46.602324622340845,60.82723252940776,-0.7661424445014873,0.44858625704358923,0.5869742452667145,0.9557848972827458,1.0
100013604|F|0-58:C>T-58:C>T,,,0.15853658536585366,-57.09344406711996,74.54382183804613,-0.7659044392862114,0.44872608922760615,0.5866096101183259,0.9557848972827458,1.0
100015288|F|0-54:A>G-54:A>G,,,0.2804878048780488,52.42948521898768,68.46658982034701,0.7657674400983032,0.44880659031291426,0.5863997723147084,0.9557848972827458,1.0
100019098|F|0-17:C>A-17:C>A,,,0.2804878048780488,52.42948521898768,68.46658982034701,0.7657674400983032,0.44880659031291426,0.5863997723147084,0.9557848972827458,1.0
100015308|F|0-63:C>T-63:C>T,,,0.4268292682926829,-40.13222719982244,52.65149145112354,-0.7622239388427818,0.4508917268999148,0.5809853329450049,0.9557848972827458,1.0
100022600|F|0-31:A>T-31:A>T,,,0.34146341463414637,52.3035977395832,69.07191231274787,0.7572339607851003,0.4538376974739151,0.5734032713662908,0.9557848972827458,1.0
100021208|F|0-24:G>A-24:G>A,,,0.5,-47.62597760688905,62.95785958265371,-0.7564739005201356,0.45428741082039126,0.572252762168148,0.9557848972827458,1.0
100039953|F|0-31:A>G-31:A>G,,,0.3048780487804878,-67.90694066205316,90.19568738998697,-0.7528845627445355,0.456414688335802,0.5668351648190304,0.9557848972827458,1.0
100014230|F|0-12:A>G-12:A>G,,,0.25609756097560976,-49.64167506261878,66.14241818568269,-0.7505270660540245,0.4578150657565587,0.5632908768796621,0.9557848972827458,1.0
100014835|F|0-60:A>G-60:A>G,,,0.2682926829268293,55.20529644189077,73.69437402412697,0.7491114101032594,0.4586571862098304,0.5611679047468937,0.9557848972827458,1.0
100014515|F|0-36:T>C-36:T>C,,,0.35365853658536583,39.968231624985165,53.51807225939273,0.7468174756233024,0.46002368100165203,0.5577363418963618,0.9557848972827458,1.0
100043219|F|0-41:C>T-41:C>T,,,0.2926829268292683,58.85741392499717,78.95767429626129,0.7454299338168844,0.46085138965615335,0.5556657862302447,0.9557848972827458,1.0
100015009|F|0-50:G>A-50:G>A,,,0.2926829268292683,59.576807349236574,80.08619896188786,0.7439085400667913,0.4617599412825613,0.5533999159843048,0.9557848972827458,1.0
100021963|F|0-68:T>G-68:T>G,,,0.36585365853658536,55.694167162844586,75.18376525736645,0.740773848878069,0.46363521044015904,0.5487458951816282,0.9557848972827458,1.0
100019849|F|0-35:A>C-35:A>C,,,0.4024390243902439,-45.524284408663554,61.46765513216642,-0.7406217841038222,0.46372629259383175,0.5485206270891286,0.9557848972827458,1.0
100029122|F|0-13:T>C-13:T>C,,,0.18292682926829268,-52.713092815790006,71.31909655564232,-0.7391161044035923,0.4646287090918359,0.546292615788742,0.9557848972827458,1.0
100038790|F|0-27:T>A-27:T>A,,,0.17073170731707318,63.98768871288057,86.63849761365668,0.7385595373342935,0.464962540466384,0.5454701901874456,0.9557848972827458,1.0
100016806|F|0-26:T>A-26:T>A,,,0.17073170731707318,63.98768871288057,86.63849761365668,0.7385595373342935,0.464962540466384,0.5454701901874456,0.9557848972827458,1.0
100034045|F|0-65:A>T-65:A>T,,,0.2926829268292683,51.9590370627712,70.67068841773174,0.7352275494423277,0.46696398605478645,0.5405595494589704,0.9557848972827458,1.0
100034576|F|0-39:C>T-39:C>T,,,0.3170731707317073,-41.22141193333654,56.11035652458372,-0.7346489041693424,0.46731207131489044,0.5397090123972156,0.9557848972827458,1.0
100021971|F|0-12:T>C-12:T>C,,,0.125,-50.14898418486858,68.2643699756795,-0.7346289755949571,0.4673240620598995,0.5396797317836961,0.9557848972827458,1.0
100015778|F|0-37:G>T-37:G>T,Vu04 (old11),1978178.0,0.46341463414634143,-53.39248031595091,72.93937166382264,-0.7320117941519527,0.46890032740445603,0.5358412667775608,0.9557848972827458,1.0
100035644|F|0-26:C>G-26:C>G,,,0.21951219512195122,-45.43090482636885,62.49228613755229,-0.7269842029201894,0.4719369088405428,0.5285060312955031,0.9557848972827458,1.0
100034350|F|0-65:C>A-65:C>A,,,0.21951219512195122,-45.43090482636885,62.49228613755229,-0.7269842029201894,0.4719369088405428,0.5285060312955031,0.9557848972827458,1.0
100014472|F|0-31:C>A-31:C>A,,,0.5,41.14401312925271,56.866932815260405,0.7235138435004815,0.4740395204735572,0.5234722817368392,0.9557848972827458,1.0
100017048|F|0-68:G>T-68:G>T,,,0.10975609756097561,-74.21667311896334,102.64159554749703,-0.7230662454445171,0.47431110004807336,0.5228247953012307,0.9557848972827458,1.0
100021520|F|0-23:T>C-23:T>C,,,0.13414634146341464,58.56835903853273,81.02713634633646,0.7228240029141895,0.47445811755138684,0.5224745391888922,0.9557848972827458,1.0
100022022|F|0-32:T>G-32:T>G,,,0.14634146341463414,-55.12386717966173,76.3465032238998,-0.722022160176755,0.47494494362973344,0.5213159997863077,0.9557848972827458,1.0
100038943|F|0-17:C>T-17:C>T,,,0.4146341463414634,-40.94551665760035,56.730596563403616,-0.7217536768159764,0.47510801287301274,0.5209283699973808,0.9557848972827458,1.0
100035309|F|0-20:A>C-20:A>C,,,0.19999999999999998,-43.50246210366474,60.45469396774858,-0.7195878309610246,0.47642465719181304,0.5178066464671922,0.9557848972827458,1.0
100044913|F|0-35:T>C-35:T>C,,,0.11842105263157895,-59.81857260866298,83.33649039564548,-0.7177956777957695,0.47751570245795155,0.5152306350622881,0.9557848972827458,1.0
100014470|F|0-59:T>C-59:T>C,,,0.13414634146341464,63.86509057465859,89.59624338047041,0.7128099144007133,0.48055846775250627,0.5080979740679522,0.9557848972827458,1.0
100021054|F|0-18:A>G-18:A>G,,,0.2875,42.62520449076672,59.80612193893587,0.7127230977171289,0.48061154852732,0.5079742140195002,0.9557848972827458,1.0
100034179|F|0-50:C>T-50:C>T,,,0.4024390243902439,-49.42382849835834,69.54486314788691,-0.7106754727988858,0.4818644560000862,0.5050596276379198,0.9557848972827458,1.0
100018697|F|0-15:T>C-15:T>C,,,0.2073170731707317,60.122708790489625,84.71884799817109,0.7096733514576067,0.4824783114606627,0.5036362657690717,0.9557848972827458,1.0
100019277|F|0-46:C>T-46:C>T,,,0.24390243902439024,66.9610707476897,94.67889154116037,0.7072439237269617,0.48396830881691627,0.5001939676487084,0.9557848972827458,1.0
100013529|F|0-11:C>G-11:C>G,,,0.4634146341463415,37.941186497789786,53.95224066906407,0.7032365297025571,0.486431765931674,0.4945416167080955,0.9557848972827458,1.0
100044261|F|0-5:T>A-5:T>A,Vu09 (old8),3387810.0,0.4634146341463415,37.941186497789786,53.95224066906407,0.7032365297025571,0.486431765931674,0.4945416167080955,0.9557848972827458,1.0
100013004|F|0-22:T>A-22:T>A,,,0.18292682926829268,56.540207320440956,80.41352623189819,0.7031181191754872,0.48650466349837934,0.49437508951287457,0.9557848972827458,1.0
100036060|F|0-10:G>T-10:G>T,Vu06 (old6),32597034.0,0.18292682926829268,56.540207320440956,80.41352623189819,0.7031181191754872,0.48650466349837934,0.49437508951287457,0.9557848972827458,1.0
100043419|F|0-6:T>A-6:T>A,,,0.35365853658536583,48.89299447365633,69.63084379148997,0.7021743786426994,0.48708588234379374,0.49304885802226095,0.9557848972827458,1.0
100015600|F|0-30:C>A-30:C>A,,,0.34146341463414637,56.02292917943422,79.82995452611176,0.7017782925218823,0.48732993519063733,0.49249277185492857,0.9557848972827458,1.0
100038568|F|0-15:C>T-15:C>T,,,0.34146341463414637,56.02292917943422,79.82995452611176,0.7017782925218823,0.48732993519063733,0.49249277185492857,0.9557848972827458,1.0
100039121|F|0-17:A>G-17:A>G,,,0.18292682926829268,-56.35825348469179,80.35953893318377,-0.7013262424458627,0.4876085549041306,0.49185849834323303,0.9557848972827458,1.0
100028703|F|0-9:T>G-9:T>G,,,0.43902439024390244,-52.020263472447866,74.25330889857362,-0.7005783882776859,0.4880696892501368,0.4908100781217601,0.9557848972827458,1.0
100034114|F|0-47:T>A-47:T>A,,,0.13414634146341464,55.284441083291966,79.10901731392528,0.6988386780726759,0.4891433597472135,0.48837549797036506,0.9557848972827458,1.0
100028334|F|0-33:A>C-33:A>C,,,0.4024390243902439,55.25313058228785,79.25438757219648,0.6971617884493174,0.49017951382589053,0.4860345592738508,0.9557848972827458,1.0
100021768|F|0-13:C>T-13:C>T,,,0.25609756097560976,47.5540676147409,68.38225477358765,0.6954153204247435,0.4912599672214521,0.4836024678814487,0.9557848972827458,1.0
100015478|F|0-48:C>T-48:C>T,,,0.17073170731707318,-44.54026149347522,64.12775310088212,-0.6945551549795769,0.4917925985762873,0.482406863308704,0.9557848972827458,1.0
100038514|F|0-16:A>T-16:A>T,,,0.4024390243902439,55.1075209812785,79.78841631423828,0.6906706954082573,0.49420195019563834,0.47702600949572577,0.9557848972827458,1.0
100030094|F|0-15:T>A-15:T>A,Vu03 (old3),33492365.0,0.4024390243902439,55.1075209812785,79.78841631423828,0.6906706954082573,0.49420195019563834,0.47702600949572577,0.9557848972827458,1.0
100017910|F|0-52:G>A-52:G>A,,,0.25609756097560976,41.782363561220066,60.77915062349724,0.6874456640574867,0.4962072779353276,0.47258154103143896,0.9557848972827458,1.0
100013163|F|0-33:C>A-33:C>A,,,0.14634146341463414,54.16691898433736,78.84140209787283,0.6870364750375082,0.49646203508654674,0.4720191180319646,0.9557848972827458,1.0
100034920|F|0-44:G>C-44:G>C,,,0.14634146341463414,54.16691898433736,78.84140209787283,0.6870364750375082,0.49646203508654674,0.4720191180319646,0.9557848972827458,1.0
100013447|F|0-28:T>A-28:T>A,,,0.14634146341463414,54.16691898433736,78.84140209787283,0.6870364750375082,0.49646203508654674,0.4720191180319646,0.9557848972827458,1.0
100032856|F|0-37:A>G-37:A>G,,,0.21951219512195122,55.524496315508614,80.97441045616085,0.6857042367177134,0.49729197718373863,0.47019030025262193,0.9557848972827458,1.0
100043431|F|0-17:C>G-17:C>G,,,0.3048780487804878,50.905159593289234,74.24177735600712,0.6856673076290563,0.49731499379607463,0.4701396567512789,0.9557848972827458,1.0
100034526|F|0-38:G>A-38:G>A,,,0.21951219512195122,50.78158925000972,74.12287677443616,0.6851000859632517,0.4976685975468569,0.4693621277868548,0.9557848972827458,1.0
100034184|F|0-46:T>C-46:T>C,,,0.14634146341463417,-67.86631483333366,99.17204962271737,-0.6843290533120887,0.49814947984478336,0.4683062532070196,0.9557848972827458,1.0
100029840|F|0-31:T>C-31:T>C,,,0.2926829268292683,43.67944635108849,63.897595107720996,0.6835851377106136,0.49861369369494757,0.4672886404988385,0.9557848972827458,1.0
100035765|F|0-28:G>A-28:G>A,,,0.13414634146341464,65.87898140404191,96.41015125234942,0.6833199673300637,0.4987792216861418,0.4669261777519594,0.9557848972827458,1.0
100013537|F|0-44:C>G-44:C>G,,,0.24390243902439024,-44.01835734980741,64.5406494956468,-0.6820253234789092,0.4995878174744402,0.46515854186651073,0.9557848972827458,1.0
100022144|F|0-13:T>A-13:T>A,,,0.43902439024390244,34.411444240301805,50.46435170630773,0.6818960925242716,0.49966857105494233,0.46498228099987005,0.9557848972827458,1.0
100040739|F|0-38:C>T-38:C>T,,,0.47560975609756095,37.006714926253665,54.30602619969591,0.6814476682600814,0.4999488375077988,0.46437092457710194,0.9557848972827458,1.0
100019676|F|0-10:G>T-10:G>T,,,0.2926829268292683,-45.59471716969612,66.91561635366108,-0.6813763311798524,0.4999934314017105,0.46427370469211593,0.9557848972827458,1.0
100028644|F|0-13:T>C-13:T>C,,,0.4146341463414634,47.84312985006672,70.26998679609328,0.6808472867498333,0.5003242137547724,0.4635530278746097,0.9557848972827458,1.0
100014400|F|0-16:A>T-16:A>T,,,0.1951219512195122,45.5936752468985,66.97153457275702,0.680791854894203,0.5003588792415697,0.4634775496902896,0.9557848972827458,1.0
100020752|F|0-41:T>G-41:T>G,,,0.43902439024390244,-42.62428397037328,62.93197470851177,-0.6773072697591388,0.5025407008027621,0.45874513766857883,0.9557848972827458,1.0
100035981|F|0-12:G>A-12:G>A,,,0.21951219512195122,44.0456165033465,65.1663677120922,0.6758949140443414,0.5034265173568784,0.4568339348310077,0.9557848972827458,1.0
100040928|F|0-53:C>A-53:C>A,,,0.4878048780487805,-46.97834511976012,69.59325344567371,-0.6750416569679794,0.5039620884821121,0.4556812386420751,0.9557848972827458,1.0
100020907|F|0-40:A>T-40:A>T,,,0.15853658536585366,-48.55004745479546,72.00950012040961,-0.6742172543013523,0.5044798457877108,0.4545689059976543,0.9557848972827458,1.0
100014256|F|0-11:C>T-11:C>T,,,0.3170731707317073,41.935186339514175,62.281799838447654,0.6733136558077893,0.5050476768018319,0.4533512790972502,0.9557848972827458,1.0
100028251|F|0-5:A>G-5:A>G,,,0.15853658536585366,-51.14071259640955,75.97989335292498,-0.6730821845045509,0.5051931923036638,0.45303962709741835,0.9557848972827458,1.0
100034454|F|0-32:T>C-32:T>C,Vu05 (old1),11968566.0,0.18292682926829268,50.72683622720579,75.4167436286612,0.6726203464442303,0.505483597690544,0.4524181304507564,0.9557848972827458,1.0
100016238|F|0-41:C>A-41:C>A,,,0.4634146341463415,34.94445889170928,51.9974272191279,0.6720420751674139,0.5058473458118771,0.45164055079532395,0.9557848972827458,1.0
100033136|F|0-68:A>G-68:A>G,,,0.14634146341463414,48.51711691136518,72.33931582273404,0.6706880810188384,0.5066996057065283,0.4498225020207319,0.9557848972827458,1.0
100044804|F|0-53:G>C-53:G>C,,,0.275,40.71613435033932,60.722025105637385,0.6705332089881051,0.5067971386738387,0.4496147843558858,0.9557848972827458,1.0
100034659|F|0-55:C>T-55:C>T,,,0.1875,46.81102252944099,69.86464142443292,0.6700245156210067,0.5071175682395964,0.4489328515331647,0.9557848972827458,1.0
100042001|F|0-12:C>A-12:C>A,,,0.21951219512195122,-42.189660457443715,63.13437815499759,-0.6682517780386829,0.5082350944776913,0.44656043885186103,0.9563386461727709,1.0
100020264|F|0-33:T>A-33:T>A,,,0.2926829268292683,-40.57018117994067,60.98774781587385,-0.6652185501655972,0.510150346411087,0.4425157194844191,0.9563672314913352,1.0
100017012|F|0-57:A>G-57:A>G,,,0.4024390243902439,40.331494529678906,60.64788151531473,0.6650107723794845,0.5102816860725995,0.4422393273807585,0.9563672314913352,1.0
100021043|F|0-14:C>T-14:C>T,,,0.3048780487804878,41.96691174184894,63.296025213770044,0.6630260209881085,0.5115372074291286,0.43960350450732366,0.9563672314913352,1.0
100044383|F|0-11:A>T-11:A>T,,,0.23170731707317074,-41.242057621851735,62.295421457781444,-0.6620399486309296,0.5121616050822967,0.4382968935832439,0.9563672314913352,1.0
100036213|F|0-14:A>C-14:A>C,,,0.23170731707317074,47.28972593435562,71.46566219372151,0.6617125551312694,0.5123690077412666,0.4378635056183532,0.9563672314913352,1.0
100018381|F|0-53:C>A-53:C>A,Vu07 (old2),28235227.0,0.24390243902439024,-43.3299807046204,65.97866843896566,-0.6567271169575558,0.5155328964636995,0.4312905061473832,0.960728238835241,1.0
100016813|F|0-35:C>T-35:C>T,,,0.15853658536585366,60.725407709011876,92.73254774583489,0.6548445953997784,0.5167303368036316,0.4288214441242994,0.961416540110603,1.0
100059264|F|0-28:T>G-28:T>G,Vu03 (old3),7290112.0,0.25609756097560976,51.96443241181108,79.58573969106324,0.6529364759758113,0.5179455904827549,0.42632604165971116,0.9621357288807654,1.0
100018797|F|0-41:C>G-41:C>G,,,0.1951219512195122,-39.80527093979797,61.23500572856157,-0.650041107471176,0.5197925471881132,0.42255344140235307,0.9640241969415326,1.0
100014320|F|0-23:C>T-23:C>T,,,0.2682926829268293,44.27289096559877,68.76994012410019,0.6437826016091511,0.5237969168074688,0.414456038134647,0.9655097714901621,1.0
100018695|F|0-40:A>G-40:A>G,Vu08 (old5),10283963.0,0.4268292682926829,43.15644962807,67.3205550651048,0.6410590284993043,0.5255446712343674,0.4109566780204718,0.9655097714901621,1.0
100015905|F|0-31:G>A-31:G>A,,,0.15853658536585366,45.48837934957421,71.00224855920132,0.6406611096498758,0.5258002812727702,0.41044665741781017,0.9655097714901621,1.0
100018789|F|0-23:A>C-23:A>C,,,0.13414634146341464,50.27081350445544,78.88964784609907,0.6372295336205032,0.5280073591077802,0.40606147851820396,0.9655097714901621,1.0
100016631|F|0-38:C>G-38:C>G,,,0.2682926829268293,-61.1011572487834,95.89534284708809,-0.6371650117171334,0.5280489045711858,0.40597925215649466,0.9655097714901621,1.0
100030242|F|0-19:A>G-19:A>G,,,0.3170731707317073,-37.543333143092525,58.9657793658131,-0.6366969714786679,0.5283503262622838,0.4053830334901076,0.9655097714901621,1.0
100033896|F|0-41:A>G-41:A>G,,,0.48684210526315785,-34.396384341809075,54.02463432159986,-0.6366796327959018,0.5283614942680109,0.4053609548171243,0.9655097714901621,1.0
100047059|F|0-34:G>T-34:G>T,,,0.39999999999999997,37.289191848524574,58.5730324096478,0.6366273063639867,0.5283951989658109,0.40529432720826536,0.9655097714901621,1.0
100056034|F|0-41:G>T-41:G>T,,,0.4878048780487805,39.405909163196554,61.90759743353451,0.6365278382108704,0.5284592719124013,0.40516768881740406,0.9655097714901621,1.0
100040044|F|0-66:G>T-66:G>T,,,0.4268292682926829,51.232626581632935,80.57614739652085,0.6358286941855584,0.5289097456225178,0.4042781283497124,0.9655097714901621,1.0
100013022|F|0-48:G>C-48:G>C,,,0.36585365853658536,43.475508867876535,68.64666330471644,0.6333229726679156,0.5305259078823624,0.40109798770892535,0.9667666418762189,1.0
100021295|F|0-53:G>T-53:G>T,,,0.23170731707317074,40.345535191124064,63.85227194376971,0.6318574729283493,0.531472348336537,0.39924386609539964,0.9667666418762189,1.0
100018004|F|0-47:G>A-47:G>A,Vu08 (old5),35769922.0,0.3902439024390244,44.0102880821902,69.85349733732455,0.6300370025807477,0.5326492749407087,0.39694662462093305,0.9667666418762189,1.0
100014032|F|0-46:C>T-46:C>T,,,0.3170731707317073,-39.62766512049532,63.01421497545608,-0.6288686629823164,0.5334053252046246,0.3954757952811662,0.9667666418762189,1.0
100033254|F|0-20:A>G-20:A>G,,,0.23170731707317074,47.3259098336436,75.57049276249462,0.6262485277472121,0.5351029075929946,0.39218721850555066,0.9667666418762189,1.0
100016574|F|0-9:G>A-9:G>A,,,0.13414634146341464,54.93387623107532,87.73052424188754,0.6261660545833917,0.5351563879026182,0.39208392791253105,0.9667666418762189,1.0
100034001|F|0-23:A>G-23:A>G,Vu10 (old10),40225556.0,0.46341463414634143,-44.37646282620009,70.91740602994874,-0.6257485335470352,0.5354271754749429,0.391561227236265,0.9667666418762189,1.0
100020859|F|0-32:T>C-32:T>C,,,0.17073170731707318,-42.47905346590078,68.22050695065033,-0.622672790992736,0.5374241951623326,0.38772140464268345,0.9675849356167857,1.0
100054502|F|0-47:T>C-47:T>C,,,0.15853658536585366,47.37790754799913,76.25594383986537,0.6213011755187368,0.5383160140883346,0.38601515070096415,0.9675849356167857,1.0
100015285|F|0-54:T>C-54:T>C,,,0.1951219512195122,-49.297310537976074,79.35795201776237,-0.6212018995518188,0.5383805929443958,0.38589180000678797,0.9675849356167857,1.0
100019433|F|0-7:G>A-7:G>A,,,0.3780487804878049,-41.69939199201601,67.35064301555249,-0.6191387360976919,0.5397235935314884,0.3833327745366473,0.968499369536411,1.0
100013120|F|0-6:A>G-6:A>G,,,0.10975609756097561,-60.36118825121659,97.99793501860738,-0.6159434710512574,0.5418069712544785,0.3793863595306711,0.9688723761379138,1.0
100018585|F|0-68:A>G-68:A>G,,,0.18292682926829268,-51.33681563103506,83.49420160536725,-0.6148548599060438,0.5425177218538194,0.3780464987500808,0.9688723761379138,1.0
100020211|F|0-33:C>A-33:C>A,,,0.43902439024390244,-41.63823207108056,68.02826017793451,-0.6120725704607427,0.5443364676209811,0.3746328315104208,0.9688723761379138,1.0
100014670|F|0-19:A>G-19:A>G,Vu11 (old9),34116227.0,0.10975609756097561,58.97704634115086,96.59037620381493,0.6105892601215638,0.5453073771399247,0.3728192445757987,0.9688723761379138,1.0
100018152|F|0-62:T>C-62:T>C,,,0.18292682926829268,51.25634966868513,83.98098234588817,0.6103328186562313,0.5454753231811287,0.3725061495288602,0.9688723761379138,1.0
100015112|F|0-61:C>T-61:C>T,,,0.4512195121951219,-34.961924817059135,57.39703399770038,-0.6091242418285915,0.5462671919324553,0.3710323419832564,0.9688723761379138,1.0
100017011|F|0-35:C>T-35:C>T,,,0.3170731707317073,37.2211755510487,61.186721044876954,0.6083211343152234,0.5467937222347882,0.37005460245456007,0.9688723761379138,1.0
100034109|F|0-45:G>A-45:G>A,,,0.47560975609756095,-33.45687771888096,55.052846101037694,-0.6077229441958012,0.5471860754774914,0.3693271769020129,0.9688723761379138,1.0
100032815|F|0-7:G>A-7:G>A,,,0.4512195121951219,-37.84576175315345,62.314708844216085,-0.6073327221630148,0.547442100556823,0.36885303540993775,0.9688723761379138,1.0
100020774|F|0-63:A>G-63:A>G,,,0.18292682926829268,40.47682223605166,67.03668646661687,0.6038010583385327,0.5497620337116084,0.3645757180507322,0.9698498361913727,1.0
100030808|F|0-36:G>C-36:G>C,,,0.1951219512195122,-39.82628936754172,66.10448247900523,-0.6024748681784255,0.5506345040607226,0.36297596678661126,0.9698498361913727,1.0
100035792|F|0-26:T>C-26:T>C,,,0.43902439024390244,40.931168900763524,67.98849344957222,0.602030826453341,0.5509267876335533,0.3624411160000929,0.9698498361913727,1.0
100014062|F|0-62:G>A-62:G>A,,,0.18292682926829268,-51.1342878458624,85.20237849876956,-0.6001509435162171,0.5521650718743123,0.36018115500340564,0.9698498361913727,1.0
100032852|F|0-43:C>T-43:C>T,,,0.15853658536585366,-45.19287998824358,75.30368573611821,-0.6001416736308238,0.5521711815008591,0.3601700284284063,0.9698498361913727,1.0
100045081|F|0-27:C>A-27:C>A,,,0.15853658536585366,-50.98042319576089,85.2829724281289,-0.5977796240477427,0.5537290952515891,0.35734047892666054,0.9711170386512008,1.0
100034218|F|0-27:A>T-27:A>T,Vu06 (old6),33123517.0,0.36585365853658536,41.44053143022798,69.51323743284674,0.5961530919957743,0.5548031937582713,0.3553985090961221,0.971533194499778,1.0
100021345|F|0-28:C>T-28:C>T,,,0.43902439024390244,48.5797781810823,81.88129871323436,0.5932951595115628,0.5566930288537196,0.3519991462998507,0.9733744073782657,1.0
100013876|F|0-55:T>G-55:T>G,Vu07 (old2),26537890.0,0.3414634146341463,-43.316871946018225,73.76296926924165,-0.5872441466924635,0.5607050791424624,0.3448556878245596,0.9788012198836139,1.0
100021685|F|0-34:T>A-34:T>A,Vu06 (old6),22297694.0,0.2073170731707317,-36.23838613292103,62.117120256005755,-0.5833880576493297,0.5632694030868182,0.3403416258078576,0.9788012198836139,1.0
100013726|F|0-64:C>G-64:C>G,Vu01 (old4),328264.0,0.4634146341463415,-40.89003515027473,70.11417625332463,-0.5831921208421218,0.5633998595111184,0.340113049812332,0.9788012198836139,1.0
100035362|F|0-6:C>A-6:C>A,,,0.12195121951219512,52.03208441008535,89.26273130146237,0.5829093917635133,0.5635881297341885,0.339783359006109,0.9788012198836139,1.0
100041207|F|0-27:C>A-27:C>A,,,0.17073170731707318,-41.202362606255356,70.86741289676576,-0.5814006878771745,0.5645933144992787,0.3380267598640517,0.9788012198836139,1.0
100017598|F|0-46:C>G-46:C>G,,,0.2926829268292683,42.92559658594217,73.88125770291923,0.5810079297587009,0.5648551398122492,0.33757021444249147,0.9788012198836139,1.0
100014882|F|0-19:A>G-19:A>G,,,0.3902439024390244,35.78286561020309,61.876558981712954,0.5782943686441644,0.5666657486776399,0.3344243768055527,0.9798689673047731,1.0
100040569|F|0-37:C>T-37:C>T,,,0.12195121951219512,53.091585149707626,91.9246565208869,0.5775554368010533,0.5671592989050883,0.33357028257845545,0.9798689673047731,1.0
100018802|F|0-14:G>A-14:G>A,Vu01 (old4),30676663.0,0.4146341463414634,-38.06549985854106,66.73599852027805,-0.5703893056604926,0.5719568317581896,0.3253439600118589,0.9846969778199304,1.0
100035486|F|0-5:T>C-5:T>C,,,0.15853658536585366,43.37959611698471,76.07952456002305,0.5701875290080226,0.5720922063134011,0.3251138182362746,0.9846969778199304,1.0
100021995|F|0-64:T>A-64:T>A,,,0.2804878048780488,-36.38311020726054,63.876808166474575,-0.5695824705648965,0.5724982429185642,0.3244241907748112,0.9846969778199304,1.0
100033344|F|0-23:G>A-23:G>A,,,0.1875,37.119876680097455,65.43133444554518,0.5673104024951569,0.5740242317438562,0.32184109277921685,0.9851416467505959,1.0
100029251|F|0-32:C>A-32:C>A,,,0.4024390243902439,34.50184814021798,60.8851157167354,0.5666713076597555,0.5744538284669711,0.32111637092481726,0.9851416467505959,1.0
100017265|F|0-28:G>A-28:G>A,Vu03 (old3),52001826.0,0.4634146341463415,-35.410937264253256,62.63075484495179,-0.5653921520172684,0.5753141472724003,0.319668285562718,0.9851618362584907,1.0
100028702|F|0-38:A>G-38:A>G,,,0.34146341463414637,-40.21469535185981,71.87583874149547,-0.5595022758133464,0.5792836549517919,0.313042796640314,0.9858731696324625,1.0
100034899|F|0-59:G>C-59:G>C,,,0.3902439024390244,-32.58582758634362,58.31155402726942,-0.5588228290246705,0.5797424317455404,0.3122829542391361,0.9858731696324625,1.0
100036187|F|0-16:T>C-16:T>C,,,0.2195121951219512,55.02992451129905,98.86838549752784,0.5565977863841526,0.5812460692730255,0.30980109580773874,0.9858731696324625,1.0
100014335|F|0-15:A>C-15:A>C,,,0.47560975609756095,-34.55788916983418,62.11615939506827,-0.5563429791278743,0.5814183839841293,0.3095175104248784,0.9858731696324625,1.0
100041229|F|0-52:A>T-52:A>T,,,0.4268292682926829,40.689855700893894,73.38626140501619,0.5544614880478516,0.5826915220024401,0.30742754172823783,0.9858731696324625,1.0
100015597|F|0-7:A>G-7:A>G,,,0.18292682926829268,-45.76721828711139,82.56594202582465,-0.5543111016985248,0.5827933415772414,0.3072607974662323,0.9858731696324625,1.0
100016920|F|0-66:T>A-66:T>A,,,0.2682926829268293,33.44997335983809,60.42739827761478,0.5535564050956265,0.5833044420017897,0.3064246936223934,0.9858731696324625,1.0
100014492|F|0-26:T>A-26:T>A,,,0.358974358974359,31.73110932493504,57.54879435236327,0.5513774820485355,0.5847812866961933,0.30401712771018313,0.9858731696324625,1.0
100013792|F|0-5:A>G-5:A>G,Vu03 (old3),47359227.0,0.3902439024390244,30.158266125862507,54.73028710876186,0.5510343124261525,0.5850140474956096,0.30363881347096267,0.9858731696324625,1.0
100019249|F|0-36:C>A-36:C>A,,,0.45121951219512196,41.64988966899242,75.73039492789333,0.5499758677958745,0.585732238577822,0.3024734551578252,0.9858731696324625,1.0
100021842|F|0-18:C>G-18:C>G,,,0.2682926829268293,47.955364817611226,87.38345975965241,0.5487922422562819,0.5865358740140602,0.30117292516067756,0.9858731696324625,1.0
100041008|F|0-24:G>A-24:G>A,,,0.17499999999999993,-36.14346181300525,65.86916802026826,-0.5487159303710005,0.58658770507074,0.3010891722429127,0.9858731696324625,1.0
100058671|F|0-36:C>G-36:C>G,Vu05 (old1),1696325.0,0.2926829268292683,32.147571005599694,59.20460975323328,0.5429910126862048,0.5904823643491349,0.29483923985799015,0.9858731696324625,1.0
100049328|F|0-63:A>C-63:A>C,Vu08 (old5),12604325.0,0.4268292682926829,-35.583530330753405,65.65309113683084,-0.5419932209527197,0.5911624291884598,0.2937566515587037,0.9858731696324625,1.0
100039190|F|0-22:G>A-22:G>A,,,0.10975609756097561,58.48114260210468,107.91718888332524,0.5419075793878547,0.5912208173866568,0.29366382459800405,0.9858731696324625,1.0
100035052|F|0-18:T>C-18:T>C,,,0.18292682926829268,-36.17377609782358,66.79401048097917,-0.5415721535110507,0.5914495286478931,0.2933003974585971,0.9858731696324625,1.0
100030012|F|0-16:C>G-16:C>G,,,0.12195121951219512,39.74671610743416,73.39451640307435,0.5415488520852118,0.5914654183771555,0.29327515919481056,0.9858731696324625,1.0
100016117|F|0-56:G>A-56:G>A,,,0.4146341463414634,34.535128174413465,63.90788176302242,0.5403891855228998,0.5922564773599569,0.29202047183010305,0.9858731696324625,1.0
100040807|F|0-22:G>A-22:G>A,Vu10 (old10),38975128.0,0.2804878048780488,-44.70984664184898,83.28867355332014,-0.536805843272632,0.5947040222778531,0.28816051337164156,0.9858731696324625,1.0
100022228|F|0-38:T>C-38:T>C,Vu03 (old3),4384995.0,0.2804878048780488,33.66649902142442,62.7844880507247,0.5362231988612325,0.5951024430229165,0.2875353189969729,0.9858731696324625,1.0
100034117|F|0-6:C>A-6:C>A,,,0.2926829268292683,-29.27352900697291,55.02265551506039,-0.5320268302746743,0.5979757247738275,0.28305254813211717,0.9858731696324625,1.0
100015729|F|0-42:C>A-42:C>A,Vu08 (old5),34737627.0,0.36585365853658536,-40.667050090293785,76.84431959664349,-0.5292134838821593,0.599905711260215,0.2800669115226925,0.9858731696324625,1.0
100033716|F|0-51:T>C-51:T>C,,,0.12195121951219512,39.48652175478152,74.66195262485321,0.5288707349134797,0.6001410414414318,0.2797042542479241,0.9858731696324625,1.0
100020171|F|0-10:G>A-10:G>A,,,0.10975609756097561,-53.8357180085093,102.26049678885852,-0.5264566445405222,0.601799778320754,0.2771565985808658,0.9858731696324625,1.0
100021291|F|0-61:A>G-61:A>G,,,0.2804878048780488,29.335656289167154,56.198319729501,0.522002373565051,0.6048659783978285,0.27248647800754705,0.9858731696324625,1.0
100013911|F|0-62:A>G-62:A>G,,,0.46341463414634143,29.093594539939705,56.25558088144208,0.5171681473035376,0.6082019670912507,0.26746289258537354,0.9858731696324625,1.0
100034945|F|0-61:G>A-61:G>A,,,0.47560975609756095,-31.45934229011415,61.071551722762756,-0.5151226946537293,0.6096160553924804,0.2653513905473192,0.9858731696324625,1.0
100020314|F|0-31:G>A-31:G>A,,,0.36585365853658536,30.255528545354515,59.06214739470904,0.5122659754166828,0.6115935433209505,0.2624164295696055,0.9858731696324625,1.0
100016415|F|0-35:A>G-35:A>G,,,0.13414634146341464,35.66640547761696,69.74672735952905,0.5113703083696599,0.6122141540389682,0.2614995922820811,0.9858731696324625,1.0
100014000|F|0-40:A>G-40:A>G,,,0.21951219512195122,37.70585569471002,73.801107368101,0.5109117876327096,0.6125319768997394,0.26103085474205096,0.9858731696324625,1.0
100020518|F|0-50:T>G-50:T>G,,,0.1951219512195122,29.575496678287085,58.02566132742016,0.5096968479411559,0.6133744775170079,0.25979087680114976,0.9858731696324625,1.0
100044425|F|0-18:G>C-18:G>C,,,0.12195121951219512,44.94253664673958,88.22670426548011,0.5093983394359202,0.6135815599400607,0.25948666822007294,0.9858731696324625,1.0
100016054|F|0-59:T>A-59:T>A,,,0.13414634146341464,-45.868825880222104,90.44243807445595,-0.5071604310629153,0.615135072573635,0.2572117028359221,0.9858731696324625,1.0
100017407|F|0-46:T>G-46:T>G,,,0.17105263157894737,32.786072470412186,64.66295407799888,0.507030229872647,0.6152255111924181,0.2570796540047093,0.9858731696324625,1.0
100029213|F|0-12:G>A-12:G>A,,,0.46341463414634143,-31.592285511639552,62.37233318026746,-0.5065112029773211,0.6155860912943825,0.256553598741533,0.9858731696324625,1.0
100029189|F|0-11:C>A-11:C>A,,,0.3780487804878049,30.379249417475883,61.236732416288625,0.4960952065658418,0.6228426835939136,0.24611045397760523,0.9858731696324625,1.0
100016306|F|0-56:A>G-56:A>G,,,0.12195121951219512,50.91270146364912,103.24960010806288,0.4931031346403567,0.6249343149680997,0.24315070139214576,0.9858731696324625,1.0
100022316|F|0-39:A>G-39:A>G,,,0.23170731707317074,30.039275892405023,61.23763457585566,0.49053618906842456,0.6267312716457355,0.24062575278577317,0.9858731696324625,1.0
100041089|F|0-45:A>G-45:A>G,,,0.3048780487804878,31.731744278699235,65.09528450010562,0.48746609715866207,0.6288834841997152,0.23762319587909816,0.9858731696324625,1.0
100035996|F|0-47:A>G-47:A>G,,,0.3048780487804878,31.731744278699235,65.09528450010562,0.48746609715866207,0.6288834841997152,0.23762319587909816,0.9858731696324625,1.0
100038715|F|0-41:T>A-41:T>A,,,0.4146341463414634,-34.40492524127043,70.70324143934032,-0.4866102959478606,0.6294840098753703,0.23678958012246448,0.9858731696324625,1.0
100013042|F|0-30:A>G-30:A>G,,,0.45121951219512196,26.396660397008098,54.25551725551338,0.48652490534178255,0.6295439434769312,0.23670648351783047,0.9858731696324625,1.0
100021316|F|0-63:C>A-63:C>A,,,0.1951219512195122,35.19439299736056,72.950780297179,0.4824402542918588,0.6324138247671982,0.2327485989611934,0.9858731696324625,1.0
100018646|F|0-46:C>T-46:C>T,,,0.13414634146341464,-38.4734283101124,79.84488832976145,-0.48185211495588987,0.6328275292328469,0.2321814606874641,0.9858731696324625,1.0
100019646|F|0-30:T>C-30:T>C,,,0.15853658536585366,-35.756462970301605,74.30376043338936,-0.48122009924862397,0.6332722303534789,0.2315727839208555,0.9858731696324625,1.0
100046200|F|0-31:A>C-31:A>C,,,0.3048780487804878,-32.6890047407303,68.08635697009906,-0.48011093845256053,0.6340529958449539,0.23050651322179835,0.9858731696324625,1.0
100029165|F|0-15:A>T-15:A>T,,,0.3048780487804878,-32.6890047407303,68.08635697009906,-0.48011093845256053,0.6340529958449539,0.23050651322179835,0.9858731696324625,1.0
100059231|F|0-56:A>G-56:A>G,,,0.4878048780487805,-26.54437720697813,55.39830699605428,-0.4791550256015719,0.634726227126893,0.22958953855924305,0.9858731696324625,1.0
100019852|F|0-38:G>A-38:G>A,,,0.5,30.45818062840874,63.797936586215684,0.4774163908459321,0.6359515217318461,0.22792641024835583,0.9858731696324625,1.0
100053174|F|0-19:G>C-19:G>C,,,0.10975609756097561,-40.3727007181805,84.84572796940625,-0.47583657638883275,0.6370657896801938,0.22642044742944548,0.9858731696324625,1.0
100035958|F|0-25:C>T-25:C>T,,,0.4358974358974359,28.323612542979102,59.80906616589089,0.4735672090986777,0.638667907233037,0.22426590153351075,0.9858731696324625,1.0
100019999|F|0-68:T>C-68:T>C,,,0.24358974358974358,-31.94440727506653,67.66381141950212,-0.4721047574015242,0.6397012949635154,0.222882901961152,0.9858731696324625,1.0
100014994|F|0-36:G>A-36:G>A,Vu09 (old8),3414321.0,0.3902439024390244,27.469553297332503,58.22959008877651,0.47174560657996345,0.6399551872593273,0.22254391732749765,0.9858731696324625,1.0
100015287|F|0-63:T>C-63:T>C,,,0.45121951219512196,31.838974624908907,67.55933212293185,0.47127426551485574,0.6402884561923324,0.22209943333656673,0.9858731696324625,1.0
100035349|F|0-16:C>T-16:C>T,,,0.36585365853658536,29.482795836262337,62.60666055072026,0.4709210741623425,0.6405382351288078,0.2217666580902145,0.9858731696324625,1.0
100040047|F|0-6:G>A-6:G>A,,,0.2682926829268293,28.136370583663606,59.77910552640696,0.4706723249854346,0.6407141774362903,0.22153243750719456,0.9858731696324625,1.0
100018158|F|0-47:G>T-47:G>T,contig_292,2803.0,0.21951219512195122,-35.654783123322076,75.79868467422044,-0.4703878870268638,0.6409153884960537,0.22126476426159758,0.9858731696324625,1.0
100017718|F|0-15:A>G-15:A>G,,,0.17073170731707318,-34.60470927967418,73.64085662617741,-0.46991182429256406,0.6412522162135468,0.2208171226099656,0.9858731696324625,1.0
100012953|F|0-27:C>A-27:C>A,,,0.4634146341463415,-28.838509970299896,61.548689657833926,-0.4685479111029186,0.642217648997654,0.2195371449989085,0.9858731696324625,1.0
100015099|F|0-66:G>T-66:G>T,,,0.18292682926829268,36.1200609229844,77.17838084095577,0.46800749807667374,0.642600349611359,0.21903101825598778,0.9858731696324625,1.0
100016625|F|0-16:T>C-16:T>C,,,0.18292682926829268,31.69988802199663,67.75517571889151,0.46785928433741875,0.6427053264099781,0.21889230994072165,0.9858731696324625,1.0
100033659|F|0-57:T>C-57:T>C,,,0.35365853658536583,-32.039142324900645,68.59923705314962,-0.4670480853901803,0.6432800139322352,0.21813391406663313,0.9858731696324625,1.0
100014947|F|0-16:G>C-16:G>C,,,0.12195121951219512,36.43118642858844,78.23707411647533,0.46565118698523367,0.6442701568770239,0.21683102794075704,0.9858731696324625,1.0
100014938|F|0-65:C>T-65:C>T,,,0.24390243902439024,-46.78736273332478,100.58596838659038,-0.46514800706101506,0.64462697982678,0.2163626684728341,0.9858731696324625,1.0
100017304|F|0-37:T>A-37:T>A,,,0.4634146341463415,25.55390202393932,54.9978570076554,0.46463450422045277,0.644991211103355,0.21588522251218595,0.9858731696324625,1.0
100028749|F|0-23:C>A-23:C>A,,,0.2682926829268293,-27.895778637475978,60.08680190643413,-0.4642580026295072,0.6452583228271924,0.21553549300553954,0.9858731696324625,1.0
100017079|F|0-12:A>G-12:A>G,,,0.25609756097560976,25.579930184747038,55.11613031214495,0.46410969057293283,0.6453635569665306,0.21539780488370347,0.9858731696324625,1.0
100014402|F|0-62:C>T-62:C>T,,,0.42500000000000004,27.34366424945574,58.97250705382143,0.4636679974365082,0.645677002138102,0.2149880118467818,0.9858731696324625,1.0
100013779|F|0-68:G>C-68:G>C,Vu08 (old5),35689785.0,0.15853658536585366,35.06998374661104,75.69035295992083,0.463334921494964,0.6459134110812278,0.21467924947674447,0.9858731696324625,1.0
100014242|F|0-53:A>G-53:A>G,,,0.47560975609756095,-33.35055621670564,72.03941047117976,-0.4629487664956383,0.6461875408683098,0.21432156039983305,0.9858731696324625,1.0
100017454|F|0-9:A>G-9:A>G,,,0.4878048780487805,-27.95360909928073,60.614724476357544,-0.46116862430322336,0.6474519032054782,0.21267650004172758,0.9858731696324625,1.0
100056408|F|0-52:A>T-52:A>T,,,0.47560975609756095,-30.064074928232458,65.54655387959876,-0.4586675141374571,0.6492301315032514,0.21037588852503442,0.9858731696324625,1.0
100030265|F|0-5:T>C-5:T>C,,,0.2682926829268293,30.960326297549738,67.51924816987544,0.4585407441098119,0.6493203175088187,0.21025961400878,0.9858731696324625,1.0
100059522|F|0-10:G>T-10:G>T,,,0.18292682926829268,-30.836624015260107,67.26100944313326,-0.45846210561753986,0.6493762647459767,0.21018750228726826,0.9858731696324625,1.0
100029934|F|0-27:G>C-27:G>C,,,0.23170731707317074,28.27442206243558,61.962736673365676,0.4563133195921151,0.650905812017839,0.20822184563717575,0.9858731696324625,1.0
100059435|F|0-20:G>A-20:G>A,,,0.3292682926829268,28.595297105696208,62.917680489875735,0.45448746493916853,0.6522066957181315,0.20655885578683195,0.9858731696324625,1.0
100034038|F|0-64:A>C-64:A>C,,,0.3902439024390244,-28.80540016145647,63.50540075633195,-0.4535897706083582,0.6528466892816165,0.20574368000054302,0.9858731696324625,1.0
100022286|F|0-67:T>G-67:T>G,,,0.13414634146341464,-36.35427482580178,80.26069639880194,-0.45295239708815244,0.6533012539562945,0.20516587402790332,0.9858731696324625,1.0
100016712|F|0-57:C>A-57:C>A,Vu06 (old6),27002353.0,0.35365853658536583,35.81375228760631,79.6336042207037,0.44973165082857325,0.6556002874150235,0.20225855775699372,0.9858731696324625,1.0
100035791|F|0-16:G>A-16:G>A,Vu09 (old8),36664091.0,0.35365853658536583,-50.214614139002826,111.95892574752224,-0.4485092528686943,0.6564737523646155,0.20116054990883436,0.9858731696324625,1.0
100041762|F|0-5:T>C-5:T>C,Vu11 (old9),27828984.0,0.4358974358974359,-26.460839537766855,59.111596400615824,-0.44764210660856363,0.6570936689696223,0.20038345560895265,0.9858731696324625,1.0
100028909|F|0-9:C>T-9:C>T,,,0.4024390243902439,26.975174615154017,60.37709169188762,0.4467783038111863,0.6577114399345971,0.19961085275640067,0.9858731696324625,1.0
100014662|F|0-39:T>C-39:T>C,,,0.43902439024390244,-27.955806224046526,62.75677471945557,-0.44546276237137145,0.6586527516391218,0.19843707265953295,0.9858731696324625,1.0
100017508|F|0-26:G>A-26:G>A,,,0.4024390243902439,28.793854709597174,64.79534888427274,0.4443815058550611,0.659426847385738,0.1974749227460117,0.9858731696324625,1.0
100051794|F|0-60:T>C-60:T>C,Vu09 (old8),3361921.0,0.4024390243902439,-28.793854709596808,64.7953488842727,-0.44438150585505576,0.6594268473857419,0.19747492274600695,0.9858731696324625,1.0
100029202|F|0-28:C>T-28:C>T,,,0.43902439024390244,-25.180710719721525,57.21058958870537,-0.44014073095119355,0.662466576882895,0.19372386304225095,0.9858731696324625,1.0
100043426|F|0-30:G>A-30:G>A,,,0.4268292682926829,-23.945548986414746,54.454310626899456,-0.4397365187575448,0.6627566144153303,0.19336820592900458,0.9858731696324625,1.0
100019483|F|0-18:A>T-18:A>T,,,0.45121951219512196,26.712218367056764,60.79203749637408,0.43940324205534326,0.6629957926964549,0.19307520912874657,0.9858731696324625,1.0
100030037|F|0-16:T>A-16:T>A,,,0.47560975609756095,-31.257334274811836,71.48960101935774,-0.437229105060302,0.6645569546167415,0.1911692903118326,0.9858731696324625,1.0
100043520|F|0-39:C>T-39:C>T,,,0.18292682926829268,-29.254607186241415,67.0016538549107,-0.43662515032227495,0.6649909003224369,0.1906415218939492,0.9858731696324625,1.0
100033784|F|0-28:C>T-28:C>T,,,0.17073170731707318,30.910738545325454,70.87135255193863,0.43615279562602216,0.6653303720252799,0.19022926113239466,0.9858731696324625,1.0
100020033|F|0-7:G>A-7:G>A,,,0.4634146341463415,-26.020007621712633,59.982918436118744,-0.4337902906378872,0.6670293282835519,0.18817401625170266,0.9858731696324625,1.0
100016053|F|0-57:T>C-57:T>C,,,0.2804878048780488,23.33877002473274,54.009435172961894,0.43212394186296826,0.6682287270067174,0.18673110113118999,0.9858731696324625,1.0
100030222|F|0-14:T>A-14:T>A,,,0.12195121951219512,35.890620223059315,83.23949359724813,0.4311729765766601,0.668913605587304,0.18591013572997708,0.9858731696324625,1.0
100014517|F|0-34:C>T-34:C>T,,,0.18292682926829268,34.59088656798304,80.29251436161582,0.4308108525807901,0.6691744803011948,0.18559799070138727,0.9858731696324625,1.0
100035083|F|0-24:G>C-24:G>C,,,0.3125,24.38433875660793,56.61241281681251,0.43072424479612315,0.6692368788577993,0.18552337505519062,0.9858731696324625,1.0
100016173|F|0-32:C>T-32:C>T,,,0.3048780487804878,39.35881256833421,91.4326446414298,0.4304678347945326,0.669421629252921,0.185302556792693,0.9858731696324625,1.0
100052578|F|0-7:G>A-7:G>A,,,0.15853658536585366,-56.55720907042575,131.47614159148569,-0.430170891736059,0.6696356108770565,0.18504699609699618,0.9858731696324625,1.0
100013877|F|0-19:G>T-19:G>T,,,0.4878048780487805,28.79776565072787,66.96688171772821,0.43002996275253186,0.6697371761989817,0.18492576886494394,0.9858731696324625,1.0
100040329|F|0-26:A>G-26:A>G,,,0.44999999999999996,-28.30891375188509,66.06902278176675,-0.4284748367687009,0.6708583488236317,0.1835906857439649,0.9858731696324625,1.0
100018935|F|0-28:A>T-28:A>T,,,0.17073170731707318,-34.1082288854486,79.63022274194539,-0.4283327072433519,0.6709608556669461,0.183468908094419,0.9858731696324625,1.0
100040976|F|0-5:T>C-5:T>C,,,0.2682926829268293,-30.550822191446144,71.49722066835035,-0.427300836394191,0.6717052541579559,0.18258600478317516,0.9858731696324625,1.0
100046319|F|0-37:A>C-37:A>C,,,0.14473684210526316,-39.57158171134788,92.74427352833861,-0.426674124513537,0.6721575321830155,0.18205080852939326,0.9858731696324625,1.0
100013445|F|0-24:G>T-24:G>T,,,0.24390243902439024,-30.31188970942083,71.21716446581512,-0.42562618066562885,0.6729140761786159,0.18115764566801054,0.9858731696324625,1.0
100046187|F|0-5:T>A-5:T>A,,,0.4146341463414634,32.389903782991574,76.58503719104924,0.42292731022891106,0.6748640640553305,0.17886750973746157,0.9858731696324625,1.0
100043193|F|0-19:A>G-19:A>G,,,0.4605263157894737,23.511815371969117,55.684396612790444,0.42223345860173267,0.675365754249458,0.1782810935627811,0.9858731696324625,1.0
100035121|F|0-27:C>T-27:C>T,,,0.2051282051282051,30.90385073009016,73.44058319464703,0.42080072605336677,0.6764021686221859,0.17707325104704064,0.9858731696324625,1.0
100035332|F|0-65:G>A-65:G>A,Vu04 (old11),505287.0,0.35,27.818432790426854,66.12778176962817,0.4206769385874604,0.6764917443979925,0.17696908665931793,0.9858731696324625,1.0
100016803|F|0-28:A>T-28:A>T,,,0.4146341463414634,23.852083650971505,57.23754954726751,0.41672090855801125,0.679356935252947,0.17365631562941436,0.9858731696324625,1.0
100016517|F|0-35:T>A-35:T>A,,,0.24390243902439024,-27.501100437838307,66.19739217170633,-0.41544084344749543,0.6802850713315948,0.1725910944043664,0.9858731696324625,1.0
100043320|F|0-18:A>G-18:A>G,,,0.3125,26.863607014296598,64.70592020944721,0.41516459278133333,0.6804854385399346,0.17236163909929034,0.9858731696324625,1.0
100028764|F|0-26:A>T-26:A>T,,,0.5,30.828938268073486,74.27575679448984,0.4150605742513355,0.6805608902515715,0.17227528029784842,0.9858731696324625,1.0
100020360|F|0-56:A>G-56:A>G,,,0.2682926829268293,-23.1891091402854,55.98749692906867,-0.4141837090817616,0.6811970725488676,0.17154814486872533,0.9858731696324625,1.0
100059434|F|0-15:G>A-15:G>A,,,0.35365853658536583,22.998200639027917,55.63387887416235,0.41338481343440553,0.68177689228309,0.17088700397819825,0.9858731696324625,1.0
100029328|F|0-28:G>C-28:G>C,,,0.34146341463414637,-27.732986667850636,67.2074402985841,-0.4126475661718499,0.6823121428871098,0.17027801386755123,0.9858731696324625,1.0
100017285|F|0-30:C>T-30:C>T,Vu07 (old2),34134592.0,0.21951219512195122,33.1132111938423,80.375134405466,0.4119832761559948,0.6827945683205013,0.16973021983222666,0.9858731696324625,1.0
100014980|F|0-61:T>A-61:T>A,,,0.1951219512195122,-28.212975692436256,68.70352332827989,-0.41064816367027823,0.6837645716128096,0.16863191432577163,0.9858731696324625,1.0
100048771|F|0-11:G>A-11:G>A,Vu11 (old9),32286941.0,0.14634146341463414,36.622784125828524,89.18791055107062,0.41062498156471167,0.6837814189884719,0.1686128754850198,0.9858731696324625,1.0
100018050|F|0-8:G>T-8:G>T,,,0.2682926829268293,27.410445517948844,66.78118331062481,0.4104516296222603,0.6839074060706681,0.16847054025956915,0.9858731696324625,1.0
100015053|F|0-21:C>T-21:C>T,,,0.34146341463414637,-20.72264040308342,50.52881661737076,-0.4101152924281905,0.6841518721844327,0.1681945530834602,0.9858731696324625,1.0
100033723|F|0-20:T>C-20:T>C,,,0.17073170731707318,34.47394283041001,84.18458820744986,0.4095042045636479,0.684596128618899,0.16769369355530597,0.9858731696324625,1.0
100036086|F|0-33:A>G-33:A>G,,,0.4268292682926829,-25.229343576320087,61.8368066317665,-0.4079988109114191,0.6856910238124537,0.1664630297051319,0.9858731696324625,1.0
100043501|F|0-12:T>G-12:T>G,,,0.4268292682926829,-25.229343576320087,61.8368066317665,-0.4079988109114191,0.6856910238124537,0.1664630297051319,0.9858731696324625,1.0
100038434|F|0-16:C>A-16:C>A,,,0.12195121951219512,-45.02494548142693,110.53448100476302,-0.40733846191838335,0.6861715227317222,0.16592462255803425,0.9858731696324625,1.0
100046294|F|0-6:C>G-6:C>G,,,0.5,26.692627093076403,65.60366675526238,0.4068770605864841,0.6865073370926742,0.16554894243149745,0.9858731696324625,1.0
100028946|F|0-30:A>G-30:A>G,,,0.2926829268292683,30.55748993058653,75.35421138150221,0.4055180111418128,0.6874968469282629,0.1644448573604114,0.9858731696324625,1.0
100032976|F|0-16:C>T-16:C>T,,,0.1585365853658537,26.47724406219381,65.29446109222195,0.40550520854743455,0.6875061710206084,0.1644344741590984,0.9858731696324625,1.0
100034817|F|0-14:G>A-14:G>A,,,0.2804878048780488,-26.32889203619822,65.09740847887657,-0.40445376630840335,0.6882721022874371,0.16358284908105256,0.9858731696324625,1.0
100017523|F|0-41:C>T-41:C>T,,,0.47560975609756095,-26.38850645290949,65.34823833630443,-0.4038135858705967,0.6887386100037619,0.16306541213366976,0.9858731696324625,1.0
100034068|F|0-21:G>A-21:G>A,,,0.10975609756097561,37.048715685661016,92.40347786411425,0.4009450352089965,0.6908304728076144,0.16075692125874344,0.9858731696324625,1.0
100041050|F|0-49:T>A-49:T>A,,,0.32926829268292684,-21.158316585918165,52.89842071796823,-0.39998011847509146,0.6915346833593048,0.1599840951753482,0.9858731696324625,1.0
100028871|F|0-35:G>C-35:G>C,,,0.4512195121951219,-25.80776131507404,64.57470234380877,-0.39965745684228327,0.6917702286931935,0.1597260828096415,0.9858731696324625,1.0
100034612|F|0-26:G>A-26:G>A,,,0.12195121951219512,-30.756636217901324,77.42526094210577,-0.3972429132773527,0.6935338481757569,0.15780193214907837,0.9858731696324625,1.0
100014028|F|0-53:G>A-53:G>A,,,0.10975609756097561,-43.41182648633072,109.50445066090583,-0.3964389230238764,0.6941214797041818,0.15716381968833099,0.9858731696324625,1.0
100022140|F|0-38:C>A-38:C>A,,,0.10975609756097561,-43.41182648633072,109.50445066090583,-0.3964389230238764,0.6941214797041818,0.15716381968833099,0.9858731696324625,1.0
100013547|F|0-56:A>T-56:A>T,,,0.21951219512195122,30.269586993828433,76.41819394182436,0.396104454089455,0.6943659974699556,0.15689873854950515,0.9858731696324625,1.0
100036017|F|0-28:C>A-28:C>A,,,0.21951219512195122,-27.22102672463058,69.19784844178973,-0.39337966913132155,0.6963592192376784,0.154747564085868,0.9858731696324625,1.0
100029543|F|0-46:T>C-46:T>C,,,0.2682926829268293,22.97756781817127,58.863463975119416,0.39035364666754063,0.6985753640697446,0.15237596946664717,0.9858731696324625,1.0
100035931|F|0-44:G>C-44:G>C,,,0.3780487804878049,26.040603415500136,66.80092316015725,0.3898240051723087,0.6989635297016144,0.15196275500858017,0.9858731696324625,1.0
100038892|F|0-14:A>C-14:A>C,,,0.3780487804878049,26.040603415500136,66.80092316015725,0.3898240051723087,0.6989635297016144,0.15196275500858017,0.9858731696324625,1.0
100016234|F|0-15:C>T-15:C>T,Vu06 (old6),20274938.0,0.14634146341463414,-34.825906628258316,89.3488315111579,-0.3897746175215425,0.6989997292897757,0.15192425246406477,0.9858731696324625,1.0
100033415|F|0-29:T>C-29:T>C,,,0.12195121951219512,-31.58693924374041,81.72495662927679,-0.38650297958585694,0.7013993213784309,0.14938455322874536,0.9858731696324625,1.0
100015153|F|0-7:G>C-7:G>C,,,0.12195121951219512,-30.752496122169866,79.80331585086,-0.38535361337167373,0.7022430660683173,0.1484974073386054,0.9858731696324625,1.0
100017840|F|0-30:G>A-30:G>A,,,0.10975609756097561,-32.457208944892955,84.39880709094163,-0.3845695225279615,0.702818883300752,0.1478937176573843,0.9858731696324625,1.0
100017261|F|0-49:C>T-49:C>T,,,0.12195121951219512,37.75139748013522,98.16718420645924,0.3845622932480041,0.7028241931354569,0.1478881573881639,0.9858731696324625,1.0
100015098|F|0-61:T>G-61:T>G,,,0.10526315789473685,27.503618169176956,71.98868495535373,0.38205473799437056,0.7046668776102397,0.14596582282394713,0.9858731696324625,1.0
100017187|F|0-41:T>C-41:T>C,,,0.2804878048780488,24.29562069767318,63.972578624967284,0.3797817943232174,0.7063387194451937,0.14423421129936262,0.9858731696324625,1.0
100035126|F|0-11:T>C-11:T>C,Vu04 (old11),37919761.0,0.46341463414634143,-23.454530170914587,61.82893347911021,-0.37934554020471717,0.7066597712539762,0.14390303887320868,0.9858731696324625,1.0
100014420|F|0-6:A>T-6:A>T,,,0.15853658536585366,-33.541116771845715,88.55248795449727,-0.37877102661509443,0.7070826551140961,0.14346749060305258,0.9858731696324625,1.0
100013175|F|0-57:A>T-57:A>T,,,0.4024390243902439,-21.416119083688674,56.965649017356995,-0.37594795202216247,0.7091620103365264,0.14133686262965817,0.9858731696324625,1.0
100017206|F|0-15:G>C-15:G>C,,,0.47560975609756095,21.68180671738633,57.922672716364524,0.3743233124541352,0.7103596756121338,0.14011794224663612,0.9858731696324625,1.0
100029568|F|0-9:T>G-9:T>G,,,0.4878048780487805,-23.156291445745047,62.260345053214124,-0.3719268087247716,0.7121277109837574,0.13832955104819283,0.9858731696324625,1.0
100040977|F|0-30:G>T-30:G>T,,,0.2682926829268293,-27.715348215217112,74.75537475194747,-0.37074723131523185,0.7129985448222467,0.13745350952791002,0.9858731696324625,1.0
100033600|F|0-16:A>G-16:A>G,,,0.14634146341463414,27.81389548164159,75.31780611701116,0.369287117025566,0.7140770276483254,0.13637297480105406,0.9858731696324625,1.0
100021620|F|0-68:T>C-68:T>C,Vu02 (old7),26207208.0,0.41463414634146345,-25.401220600072058,68.92840913012893,-0.36851598521761136,0.7146468484612399,0.13580403136090677,0.9858731696324625,1.0
100013326|F|0-33:T>A-33:T>A,,,0.1951219512195122,-25.931667769745673,70.40541965869608,-0.368319198940287,0.7147922884550464,0.13565903230801468,0.9858731696324625,1.0
100013478|F|0-51:G>A-51:G>A,,,0.36585365853658536,21.062212835757514,57.23034969623255,0.3680252339458277,0.7150095710004148,0.1354425728208812,0.9858731696324625,1.0
100016973|F|0-15:G>T-15:G>T,,,0.34146341463414637,-23.300910627650552,63.52258110136449,-0.366813032840538,0.7159058166205534,0.1345518010616736,0.9858731696324625,1.0
100021940|F|0-35:G>A-35:G>A,,,0.3048780487804878,-24.087001236819045,65.68524240829574,-0.3667033926295897,0.7159868996835393,0.134471378166051,0.9858731696324625,1.0
100034306|F|0-9:C>T-9:C>T,,,0.21951219512195122,-30.784481369315465,84.1424559142672,-0.36586145525252783,0.7166096552413752,0.13385460443949743,0.9858731696324625,1.0
100043266|F|0-15:G>A-15:G>A,,,0.2073170731707317,27.54966398040249,75.46291600248334,0.3650755290121029,0.7171911583552819,0.13328014188346676,0.9858731696324625,1.0
100021979|F|0-26:G>A-26:G>A,,,0.2073170731707317,27.54966398040249,75.46291600248334,0.3650755290121029,0.7171911583552819,0.13328014188346676,0.9858731696324625,1.0
100020403|F|0-39:T>G-39:T>G,,,0.12195121951219512,29.400310307109073,80.64085610565239,0.36458331082931433,0.717555435304224,0.13292099053526443,0.9858731696324625,1.0
100040444|F|0-34:C>A-34:C>A,Vu02 (old7),25326701.0,0.13414634146341464,-32.05315494449917,88.19901581739474,-0.36341851037047057,0.7184177381568718,0.13207301367989183,0.9858731696324625,1.0
100021616|F|0-67:G>T-67:G>T,,,0.18292682926829268,27.408812030004317,76.03922103311706,0.36045624425935485,0.7206123885374051,0.1299287040255597,0.9858731696324625,1.0
100033391|F|0-52:T>C-52:T>C,,,0.4634146341463415,-22.02565693609914,61.25042260653904,-0.3596000810898519,0.7212471410980317,0.1293122183198281,0.9858731696324625,1.0
100020867|F|0-34:T>C-34:T>C,,,0.21951219512195122,27.369564999113923,76.23298159241695,0.3590252463880598,0.7216734313097086,0.12889912754400706,0.9858731696324625,1.0
100035374|F|0-23:A>G-23:A>G,,,0.3815789473684211,22.5338211922659,62.80862239638082,0.35876954998402183,0.721863081521715,0.12871558999573754,0.9858731696324625,1.0
100018973|F|0-53:T>G-53:T>G,,,0.17073170731707318,-31.50752263240865,88.34916603888315,-0.3566250146440765,0.7234543853162771,0.12718140106988776,0.9858731696324625,1.0
100020103|F|0-18:T>C-18:T>C,,,0.17073170731707318,-31.50752263240865,88.34916603888315,-0.3566250146440765,0.7234543853162771,0.12718140106988776,0.9858731696324625,1.0
100015812|F|0-66:A>T-66:A>T,,,0.47560975609756095,22.855363938673293,64.14288651101593,0.3563195419144117,0.7236811560316818,0.12696361595009617,0.9858731696324625,1.0
100038699|F|0-6:A>C-6:A>C,,,0.14634146341463414,35.15025175106149,99.25290846940383,0.3541483296874577,0.7252937043355486,0.1254210394204162,0.9858731696324625,1.0
100052747|F|0-12:T>G-12:T>G,,,0.14634146341463414,35.15025175106149,99.25290846940383,0.3541483296874577,0.7252937043355486,0.1254210394204162,0.9858731696324625,1.0
100017031|F|0-21:G>T-21:G>T,,,0.18292682926829268,26.704265070863862,75.45063830225926,0.3539302737756195,0.7254557236697949,0.12526663869488494,0.9858731696324625,1.0
100013210|F|0-44:C>T-44:C>T,,,0.18292682926829268,26.704265070863862,75.45063830225926,0.3539302737756195,0.7254557236697949,0.12526663869488494,0.9858731696324625,1.0
100035956|F|0-57:T>G-57:T>G,,,0.2804878048780488,23.614095376758236,67.09062907560953,0.35197308032610214,0.7269105249966807,0.12388504927424475,0.9858731696324625,1.0
100030290|F|0-11:A>C-11:A>C,,,0.4878048780487805,-23.49542226384049,66.77521731183654,-0.35185841708486215,0.7269957872121967,0.12380434567346481,0.9858731696324625,1.0
100022139|F|0-65:T>C-65:T>C,,,0.4878048780487805,-23.49542226384049,66.77521731183654,-0.35185841708486215,0.7269957872121967,0.12380434567346481,0.9858731696324625,1.0
100038720|F|0-23:G>A-23:G>A,,,0.4634146341463415,-26.87597047518406,76.66173710323311,-0.350578678369794,0.7279476245036677,0.12290540972751147,0.9858731696324625,1.0
100034247|F|0-37:G>C-37:G>C,,,0.4878048780487805,-20.423741925800993,58.398377309380635,-0.3497313258825822,0.7285781046896235,0.12231200030358892,0.9858731696324625,1.0
100034321|F|0-18:C>G-18:C>G,,,0.3780487804878049,24.153896695743118,69.44686266067984,0.347804001078638,0.7300128600920277,0.12096762316630923,0.9866454698656176,1.0
100016722|F|0-34:C>T-34:C>T,,,0.24358974358974358,31.516859354022092,90.9099725643195,0.3466820906993858,0.7308484961967538,0.12018847201169718,0.9866454698656176,1.0
100041853|F|0-21:T>C-21:T>C,,,0.15853658536585366,-31.460552915126826,93.33455911937708,-0.33707292574112924,0.738019264600949,0.11361815726768483,0.9905830555966433,1.0
100013031|F|0-8:C>T-8:C>T,,,0.3902439024390244,-24.479615033220774,72.9209284500249,-0.33570081393022105,0.7390451515629325,0.1126950364734129,0.9905830555966433,1.0
100019329|F|0-51:C>A-51:C>A,,,0.2804878048780488,25.325561468604132,75.699145875037,0.3345554454525971,0.7399018802308974,0.11192734608198567,0.9905830555966433,1.0
100033932|F|0-52:T>C-52:T>C,,,0.12195121951219512,30.315749602959517,91.25496197462452,0.33220932809538056,0.7416578110120006,0.11036303767358421,0.9905830555966433,1.0
100046635|F|0-47:T>A-47:T>A,,,0.4024390243902439,19.439583605490846,58.58049224248315,0.331843978453173,0.7419313801802484,0.11012042603562994,0.9905830555966433,1.0
100013879|F|0-63:G>A-63:G>A,,,0.23170731707317074,-24.57658112836832,74.56297796266811,-0.329608363290871,0.7436061194475325,0.1086416731512868,0.9905830555966433,1.0
100040910|F|0-51:A>G-51:A>G,,,0.11249999999999999,26.556949545177652,81.24991838545387,0.3268550919545555,0.7456703817036092,0.10683425113662091,0.9905830555966433,1.0
100047143|F|0-59:C>T-59:C>T,,,0.3780487804878049,23.890357013654416,73.45104811630291,0.32525549500432255,0.7468705533868847,0.1057911370305069,0.9905830555966433,1.0
100013387|F|0-43:C>G-43:C>G,,,0.34146341463414637,-17.901213813497115,55.30579150542846,-0.32367702054747827,0.7480555043890804,0.10476681363049267,0.9905830555966433,1.0
100029339|F|0-11:C>T-11:C>T,Vu02 (old7),26187715.0,0.1951219512195122,27.06678086316934,84.33241924605782,0.32095344951739413,0.7501015299532141,0.10301111675711447,0.9905830555966433,1.0
100013053|F|0-56:A>T-56:A>T,,,0.2804878048780488,22.585945270534097,70.46056682106408,0.32054731163164674,0.7504067899643043,0.10275057899427605,0.9905830555966433,1.0
100021950|F|0-63:C>T-63:C>T,,,0.12195121951219512,29.39501919429947,91.9823485192261,0.31957239261134257,0.751139721515987,0.10212651411933808,0.9905830555966433,1.0
100033466|F|0-26:G>A-26:G>A,,,0.12195121951219512,25.87285144896107,81.2740390518577,0.31834090874273696,0.7520658697027008,0.10134093417915158,0.9905830555966433,1.0
100015139|F|0-52:T>C-52:T>C,,,0.13414634146341464,25.107173930838492,78.88464790965897,0.3182770614580415,0.75211389676973,0.10130028785036593,0.9905830555966433,1.0
100017329|F|0-16:T>C-16:T>C,,,0.14634146341463414,26.4312046013698,83.18277449000767,0.31774853343638887,0.7525115033756317,0.10096413050097594,0.9905830555966433,1.0
100048863|F|0-39:A>G-39:A>G,,,0.12195121951219512,-38.80709102509245,123.5018238428788,-0.3142228172635208,0.7551656123459642,0.09873597888902398,0.9905830555966433,1.0
100018345|F|0-65:A>C-65:A>C,,,0.12195121951219512,-38.80709102509245,123.5018238428788,-0.3142228172635208,0.7551656123459642,0.09873597888902398,0.9905830555966433,1.0
100021392|F|0-51:G>A-51:G>A,,,0.3170731707317073,-19.246159872964753,61.449840644911625,-0.3132011356087778,0.7559352846219263,0.09809495134662803,0.9905830555966433,1.0
100035865|F|0-64:G>A-64:G>A,,,0.3783783783783784,14.797257403213408,47.355492308079825,0.31247183129144007,0.7564848522343122,0.09763864535062619,0.9905830555966433,1.0
100021389|F|0-57:T>C-57:T>C,,,0.25609756097560976,-19.69763574538839,63.221320618848786,-0.31156634427398755,0.7571673610268939,0.09707358688425693,0.9905830555966433,1.0
100015680|F|0-33:A>G-33:A>G,,,0.12195121951219512,-33.54393455526101,108.12474302202172,-0.31023365806686015,0.7581722291508088,0.09624492259754551,0.9905830555966433,1.0
100034804|F|0-11:G>A-11:G>A,Vu01 (old4),5843731.0,0.4634146341463415,17.265417267075478,55.92977264156015,0.30869814861800343,0.7593305574746515,0.09529454696018294,0.9905830555966433,1.0
100014991|F|0-45:T>G-45:T>G,,,0.12195121951219512,31.894387487933468,103.81337777001471,0.30722810656051874,0.7604400272552844,0.09438910946076146,0.9905830555966433,1.0
100041924|F|0-42:C>T-42:C>T,,,0.4024390243902439,21.64500551625021,70.714028834242,0.30609209902305845,0.7612977466188141,0.09369237308434182,0.9905830555966433,1.0
100015415|F|0-31:C>A-31:C>A,,,0.3780487804878049,-29.7770466674922,97.41810702954626,-0.3056623411750448,0.7616223063109017,0.0934294668126095,0.9905830555966433,1.0
100017806|F|0-40:A>G-40:A>G,Vu10 (old10),40484034.0,0.4878048780487805,-20.178689747237943,66.18254971907116,-0.3048944145079266,0.7622023650549465,0.09296060399813136,0.9905830555966433,1.0
100016417|F|0-54:G>T-54:G>T,,,0.2682926829268293,-18.405676043090914,60.6873743790401,-0.30328674178805426,0.7634171823358731,0.0919828477444139,0.9905830555966433,1.0
100029049|F|0-10:A>G-10:A>G,,,0.14634146341463414,26.02588095147665,86.29796740336222,0.30158162161375157,0.7647062981932711,0.09095147449518003,0.9905830555966433,1.0
100014138|F|0-28:A>G-28:A>G,,,0.4878048780487805,-16.29812053094484,54.241966052505575,-0.3004706819654814,0.7655465638377249,0.09028263072080146,0.9905830555966433,1.0
100055640|F|0-33:G>T-33:G>T,,,0.45121951219512196,19.005011340719108,63.67389467657572,0.2984741460727806,0.7670573775795965,0.08908681587387558,0.9905830555966433,1.0
100019511|F|0-33:G>A-33:G>A,,,0.2682926829268293,-22.967190494322757,77.30608814498142,-0.29709420105761425,0.7681021461500486,0.08826496430206211,0.9905830555966433,1.0
100022031|F|0-68:A>C-68:A>C,,,0.4268292682926829,17.931461505844283,60.365079472064934,0.29705024266790536,0.7681354346642137,0.08823884666906147,0.9905830555966433,1.0
100036126|F|0-34:T>C-34:T>C,,,0.3170731707317073,-15.818743061501175,53.59075899935941,-0.2951766938342908,0.769554636653261,0.08712928058294264,0.9905830555966433,1.0
100052713|F|0-20:C>T-20:C>T,,,0.21951219512195122,-18.848470234658937,63.98389982690205,-0.29458145386027396,0.7700056960711089,0.08677823295843272,0.9905830555966433,1.0
100033927|F|0-14:A>G-14:A>G,,,0.2073170731707317,22.739368709403507,77.29663594717306,0.2941831611526316,0.7703075585938665,0.08654373230575521,0.9905830555966433,1.0
100017653|F|0-34:G>A-34:G>A,,,0.12195121951219512,-24.082697351862627,81.9272303942594,-0.2939522944443401,0.7704825470378712,0.08640795140909203,0.9905830555966433,1.0
100022134|F|0-54:T>C-54:T>C,,,0.43902439024390244,-16.162923841725902,55.09652596146771,-0.2933564967967236,0.7709341959033499,0.08605803421284611,0.9905830555966433,1.0
100020454|F|0-11:G>A-11:G>A,,,0.4146341463414634,-17.898720014498434,61.21316572671613,-0.2923998424523018,0.7716595641586115,0.0854976678661309,0.9905830555966433,1.0
100038902|F|0-22:A>T-22:A>T,,,0.3170731707317073,-15.386938000448984,52.6720100226176,-0.2921274125259652,0.771866167998027,0.08533842514911544,0.9905830555966433,1.0
100030137|F|0-35:C>A-35:C>A,,,0.10975609756097561,23.77714304435064,81.77321104363043,0.290769345374786,0.7728963423744395,0.08454681220968158,0.9905830555966433,1.0
100020750|F|0-37:T>C-37:T>C,Vu09 (old8),38249509.0,0.2682926829268293,16.96067331590318,58.38075323863791,0.29051823375033403,0.7730868711716536,0.08440084414141373,0.9905830555966433,1.0
100014460|F|0-15:A>T-15:A>T,,,0.4878048780487805,-22.508776250633378,78.02720372912823,-0.2884734448356331,0.7746388668414554,0.08321692837533705,0.9905830555966433,1.0
100035862|F|0-6:T>G-6:T>G,Vu10 (old10),39567399.0,0.36585365853658536,19.454389716402428,67.4561682313962,0.2884004565700746,0.774694282359709,0.0831748233498275,0.9905830555966433,1.0
100035739|F|0-60:C>T-60:C>T,,,0.3048780487804878,-19.204541002496573,66.71949342739416,-0.28784003019140786,0.7751198196050844,0.08285188298059058,0.9905830555966433,1.0
100057963|F|0-26:C>T-26:C>T,,,0.10975609756097561,26.689669686262064,92.80529640113741,0.2875877856248618,0.7753113743584474,0.08270673444061148,0.9905830555966433,1.0
100040003|F|0-60:C>T-60:C>T,,,0.21951219512195122,21.2240834068288,74.00253571288006,0.2868021102570783,0.7759081082102289,0.0822554504479133,0.9905830555966433,1.0
100017507|F|0-36:T>C-36:T>C,,,0.2073170731707317,-21.780400731210754,76.01814005468,-0.286515833135934,0.7761255748656477,0.08209132263757836,0.9905830555966433,1.0
100034157|F|0-53:C>A-53:C>A,,,0.2682926829268293,-19.511344931937142,68.13504355899617,-0.2863628452081759,0.7762417976364255,0.0820036791157217,0.9905830555966433,1.0
100059434|F|0-46:A>G-46:A>G,,,0.4024390243902439,-28.806631917723344,100.91087373109978,-0.2854660836104267,0.7769231596938947,0.08149088489187513,0.9905830555966433,1.0
100019174|F|0-24:T>A-24:T>A,,,0.13414634146341464,-22.713447410917016,79.57337210733583,-0.2854403025710541,0.7769427508500522,0.08147616633185494,0.9905830555966433,1.0
100017244|F|0-66:T>A-66:T>A,,,0.13414634146341464,-27.193316205994627,95.41595894577598,-0.28499756756045747,0.7772792107222584,0.08122361351537752,0.9905830555966433,1.0
100016572|F|0-65:A>T-65:A>T,,,0.25609756097560976,-18.834112590180386,66.88572007413285,-0.281586451776337,0.7798729696959734,0.07929092982398737,0.990602404583567,1.0
100041313|F|0-65:C>T-65:C>T,Vu03 (old3),62938472.0,0.14634146341463414,22.24631420916409,79.11835316059639,0.28117767016722367,0.7801839729015129,0.07906088220066802,0.990602404583567,1.0
100032835|F|0-6:G>C-6:G>C,,,0.3333333333333333,26.693014603092738,95.04436756921467,0.2808479375030187,0.7804348619675486,0.07887556399969949,0.990602404583567,1.0
100041635|F|0-30:A>G-30:A>G,,,0.13414634146341464,-25.025418811824633,89.220394719396,-0.2804898912466283,0.7807073214418292,0.07867457909154538,0.990602404583567,1.0
100015314|F|0-65:G>A-65:G>A,,,0.18292682926829268,21.913124107742835,78.91177354147113,0.2776914410145231,0.7828377990355616,0.07711253641272235,0.9907833613549527,1.0
100018351|F|0-64:C>T-64:C>T,,,0.2804878048780488,16.681142184020874,60.519806367739676,0.2756311228535725,0.7844074186308123,0.07597251588552117,0.9907833613549527,1.0
100020284|F|0-15:A>T-15:A>T,Vu05 (old1),16272496.0,0.24390243902439024,22.31592952795482,81.12349389611028,0.27508590244563946,0.7848229391290433,0.07567225372433187,0.9907833613549527,1.0
100035529|F|0-67:G>T-67:G>T,,,0.24390243902439024,-22.31592952795421,81.12349389611015,-0.2750859024456324,0.7848229391290488,0.075672253724328,0.9907833613549527,1.0
100022102|F|0-51:T>G-51:T>G,,,0.47560975609756095,-16.636438399233548,60.56214843253738,-0.274700267903566,0.7851168754922967,0.07546023718629093,0.9907833613549527,1.0
100013950|F|0-50:T>C-50:T>C,Vu01 (old4),30947226.0,0.10975609756097561,31.328649717042293,115.35265642825271,0.2715901886189171,0.7874885878889941,0.07376123055405896,0.9926973404333573,1.0
100029548|F|0-5:C>T-5:C>T,,,0.45121951219512196,17.243178468034063,65.4748374868543,0.26335580399868974,0.7937779081550578,0.0693562794997963,0.9934560842509848,1.0
100035013|F|0-54:A>T-54:A>T,,,0.15384615384615385,19.54151326544116,74.70926653572182,0.26156746239902506,0.7951456863913872,0.0684175373858654,0.9934560842509848,1.0
100018613|F|0-47:T>C-47:T>C,,,0.45121951219512196,15.266815543484,58.394033739512544,0.2614447840953596,0.7952395386114585,0.06835337513066919,0.9934560842509848,1.0
100038668|F|0-20:A>G-20:A>G,,,0.10975609756097561,26.34612894025192,100.86528138956102,0.2612011643381842,0.7954259234679121,0.06822604825162311,0.9934560842509848,1.0
100040128|F|0-22:T>C-22:T>C,,,0.10975609756097561,26.34612894025192,100.86528138956102,0.2612011643381842,0.7954259234679121,0.06822604825162311,0.9934560842509848,1.0
100030735|F|0-21:A>G-21:A>G,,,0.10975609756097561,26.34612894025192,100.86528138956102,0.2612011643381842,0.7954259234679121,0.06822604825162311,0.9934560842509848,1.0
100043126|F|0-48:T>A-48:T>A,Vu09 (old8),11448295.0,0.12195121951219512,22.808439366931466,87.44822714982038,0.260822204295291,0.795715876568188,0.06802822225345452,0.9934560842509848,1.0
100030615|F|0-8:C>T-8:C>T,,,0.4146341463414634,-17.90547102645235,69.05262613953771,-0.259301811205123,0.7968794677421316,0.06723742929425726,0.9934560842509848,1.0
100014707|F|0-12:T>C-12:T>C,,,0.2804878048780488,-17.315934690648316,66.95173083239962,-0.258633114862935,0.7973913853436753,0.06689108810370413,0.9934560842509848,1.0
100033052|F|0-65:A>G-65:A>G,,,0.4268292682926829,-17.19077754618763,66.47476359251925,-0.2586060726979734,0.7974120892688576,0.06687710083626952,0.9934560842509848,1.0
100030376|F|0-12:T>C-12:T>C,,,0.47560975609756095,-15.545054021611794,60.245285921428476,-0.25802938410626114,0.7978536468522596,0.06657916306225645,0.9934560842509848,1.0
100048192|F|0-15:C>T-15:C>T,,,0.32926829268292684,23.090569884527717,90.46607163745338,0.25524010788336376,0.7999902823921752,0.06514751267231117,0.9934560842509848,1.0
100021278|F|0-44:C>G-44:C>G,Vu09 (old8),41151722.0,0.10975609756097561,18.77686685309476,75.1515569569708,0.24985333123365294,0.8041210546121275,0.062426687128553496,0.9934560842509848,1.0
100034507|F|0-30:A>G-30:A>G,,,0.18292682926829268,-17.913284396879572,72.15020341547572,-0.2482776700396287,0.8053304118744883,0.06164180144030674,0.9934560842509848,1.0
100016689|F|0-47:G>T-47:G>T,,,0.18292682926829268,-17.884100536030797,72.18279257924826,-0.24776127241677645,0.8057268650467024,0.06138564810958011,0.9934560842509848,1.0
100013667|F|0-32:C>A-32:C>A,,,0.1951219512195122,-18.419725780992888,74.37888431506208,-0.2476472449219409,0.8058144142230078,0.06132915791742778,0.9934560842509848,1.0
100019370|F|0-59:C>T-59:C>T,,,0.2926829268292683,-17.47510300477716,71.08464683492981,-0.24583512450103623,0.8072060820081105,0.06043490843843998,0.9934560842509848,1.0
100014336|F|0-17:A>G-17:A>G,,,0.45121951219512196,18.07243304773679,74.30587470175526,0.24321674592049292,0.8092180606766936,0.05915438549615361,0.9934560842509848,1.0
100033253|F|0-41:A>G-41:A>G,,,0.34146341463414637,-13.098390480861696,54.54883238240103,-0.24012228876025585,0.8115975556825169,0.05765871355946369,0.9934560842509848,1.0
100038655|F|0-21:A>T-21:A>T,,,0.18292682926829268,17.685352810467283,73.7281106704183,0.23987258929670527,0.8117896424966965,0.057538859095905844,0.9934560842509848,1.0
100017658|F|0-34:T>G-34:T>G,Vu01 (old4),30643579.0,0.4024390243902439,-15.551730675778881,64.96986144284182,-0.23936838297647814,0.8121775502956317,0.05729722276877391,0.9934560842509848,1.0
100044112|F|0-18:T>G-18:T>G,,,0.1794871794871794,-21.246830852225216,88.92021441325069,-0.23894264079798552,0.8125051296406083,0.05709358559151514,0.9934560842509848,1.0
100034274|F|0-23:G>T-23:G>T,,,0.41463414634146345,-17.727976326452335,75.30457483428097,-0.23541698981058468,0.8152191846061393,0.05542115909147693,0.9934560842509848,1.0
100041314|F|0-40:C>T-40:C>T,,,0.35365853658536583,14.192204883128317,60.46139071128727,0.23473169763656854,0.8157469937006814,0.05509896987534543,0.9934560842509848,1.0
100017310|F|0-9:T>G-9:T>G,,,0.2682926829268293,-14.625954935520339,62.33724351720299,-0.23462627011224943,0.8158282012676797,0.05504948662678623,0.9934560842509848,1.0
100020451|F|0-6:A>G-6:A>G,,,0.35365853658536583,-15.560242830634705,66.79081178204304,-0.23296981149760684,0.8171043902737111,0.054274933069230466,0.9934560842509848,1.0
100016695|F|0-37:G>A-37:G>A,,,0.23170731707317074,-14.55095432369417,62.73206515855325,-0.23195401405831462,0.8178872435616742,0.05380266463776481,0.9934560842509848,1.0
100015126|F|0-46:T>G-46:T>G,,,0.10975609756097561,-23.794601554432138,104.02082760931472,-0.22874843530182998,0.8203589520293019,0.052325846653035496,0.9934560842509848,1.0
100014432|F|0-25:C>A-25:C>A,,,0.34146341463414637,15.184307242871881,66.54960488106566,0.22816525011694005,0.8208088262894022,0.05205938136092581,0.9934560842509848,1.0
100043997|F|0-34:A>G-34:A>G,,,0.1951219512195122,18.156911912362006,80.28605906912249,0.2261527358906702,0.8223617686517354,0.05114505995083523,0.9934560842509848,1.0
100054119|F|0-9:A>T-9:A>T,,,0.17073170731707318,-16.97374310019337,75.2601374356436,-0.22553430911161898,0.8228391193203615,0.0508657245864553,0.9934560842509848,1.0
100013240|F|0-26:A>G-26:A>G,,,0.18292682926829268,-16.73860897673818,74.57633036049107,-0.22444935136693095,0.8236767404657669,0.05037751132903603,0.9934560842509848,1.0
100013065|F|0-5:C>A-5:C>A,,,0.47560975609756095,12.393781966814128,55.24347354664305,0.22434834689295627,0.8237547297311144,0.05033218075360224,0.9934560842509848,1.0
100013713|F|0-9:G>T-9:G>T,,,0.41463414634146345,13.68156201204995,61.226742163646804,0.22345729216625437,0.8244428243191187,0.04993316142227477,0.9934560842509848,1.0
100017951|F|0-58:G>A-58:G>A,,,0.45121951219512196,-13.109560021491925,59.22590587808637,-0.22134840872636566,0.8260719158116617,0.04899511804569423,0.9934560842509848,1.0
100020694|F|0-67:C>T-67:C>T,Vu10 (old10),36275606.0,0.15853658536585366,17.839685655234845,81.13508702200203,0.2198763359974843,0.8272095404601117,0.048345603131678606,0.9934560842509848,1.0
100021703|F|0-41:T>C-41:T>C,Vu07 (old2),38780837.0,0.2804878048780488,15.197856969312264,69.46745114794119,0.21877666040958066,0.8280596216593166,0.047863227139968975,0.9934560842509848,1.0
100016630|F|0-66:A>T-66:A>T,,,0.10975609756097561,-20.270905452239305,92.89537286209102,-0.21821221905565447,0.8284960328336103,0.04761657254519293,0.9934560842509848,1.0
100018213|F|0-23:A>G-23:A>G,,,0.34146341463414637,-11.303437405036929,52.11098461870453,-0.21691083919722587,0.829502435465011,0.04705031216124478,0.9934560842509848,1.0
100015855|F|0-33:A>T-33:A>T,,,0.2804878048780488,-12.447538928163873,57.859648116714574,-0.2151333326994087,0.8308775143923556,0.046282350838354476,0.9934560842509848,1.0
100028868|F|0-14:T>C-14:T>C,,,0.32926829268292684,-14.505224204030293,68.00878345620171,-0.21328457100503484,0.8323082890207282,0.04549030822880175,0.9934560842509848,1.0
100033099|F|0-24:G>C-24:G>C,,,0.18292682926829273,15.99279840808973,75.50327055619228,0.21181596890147042,0.8334452674983965,0.04486600468166868,0.9934560842509848,1.0
100034159|F|0-24:A>G-24:A>G,,,0.4878048780487805,-13.947324877137028,66.20560913799346,-0.21066681598029532,0.8343351846545686,0.044380507355275614,0.9934560842509848,1.0
100016303|F|0-55:T>G-55:T>G,,,0.34146341463414637,11.371649683913045,54.137547780057034,0.210051067146822,0.8348121186700268,0.04412145080951873,0.9934560842509848,1.0
100034022|F|0-63:A>C-63:A>C,,,0.17105263157894735,-14.815200575964973,70.72083651467614,-0.2094884804267055,0.8352479308390607,0.04388542343149018,0.9934560842509848,1.0
100015076|F|0-33:T>C-33:T>C,,,0.4268292682926829,-13.674613820472755,66.21590538421599,-0.20651554548905102,0.8375518103002563,0.0426486705286403,0.9934560842509848,1.0
100017562|F|0-36:T>A-36:T>A,,,0.35365853658536583,12.396361357702464,60.398120912119836,0.2052441561176937,0.8385375195758779,0.04212516362046422,0.9934560842509848,1.0
100018327|F|0-50:C>T-50:C>T,,,0.18292682926829268,-15.744153150255062,77.05415069999033,-0.20432582809918684,0.8392496644357054,0.04174904402841845,0.9934560842509848,1.0
100021715|F|0-7:C>A-7:C>A,,,0.3902439024390244,14.007750126013121,68.60104603138606,0.2041914946836868,0.8393538488065969,0.0416941665011581,0.9934560842509848,1.0
100018445|F|0-45:A>G-45:A>G,,,0.4634146341463415,12.882622434722277,63.65403805758594,0.20238499909570146,0.8407551888348161,0.04095968785896708,0.9934560842509848,1.0
100017856|F|0-8:G>C-8:G>C,,,0.2073170731707317,-13.981806187962004,69.08998012315774,-0.20237096845357969,0.8407660747900774,0.040954008872839745,0.9934560842509848,1.0
100019345|F|0-24:G>A-24:G>A,,,0.10975609756097561,-19.046590727216337,95.22343565217582,-0.2000199908433059,0.8425905744201108,0.04000799673695618,0.9934560842509848,1.0
100018689|F|0-30:A>C-30:A>C,,,0.14634146341463414,-14.700562697358647,73.90984519041069,-0.1988985724362733,0.8434611733255369,0.039560642117187454,0.9934560842509848,1.0
100044919|F|0-41:G>A-41:G>A,,,0.23170731707317074,12.766043140659887,64.29611084805163,0.19855078281218838,0.8437312159297746,0.0394224133553328,0.9934560842509848,1.0
100019259|F|0-35:C>T-35:C>T,,,0.14102564102564102,14.124943830700497,71.68240399416547,0.19704896939352348,0.8448975242151319,0.03882829633904975,0.9934560842509848,1.0
100015799|F|0-68:C>T-68:C>T,,,0.18292682926829268,14.341579982852387,72.8357586340007,0.1969030082451499,0.8450108965791251,0.038770794655989566,0.9934560842509848,1.0
100018124|F|0-61:T>A-61:T>A,,,0.47560975609756095,11.628334758211066,59.71367676781884,0.19473486456754008,0.8466953508634739,0.037921667478138174,0.9934560842509848,1.0
100040378|F|0-57:G>A-57:G>A,,,0.4024390243902439,11.597427692053312,60.32246901157664,0.19225717849558877,0.8486211857201453,0.03696282268308468,0.9934560842509848,1.0
100034520|F|0-31:G>A-31:G>A,,,0.2682926829268293,15.297589680148072,80.54278931446096,0.18993121309000263,0.8504299499909265,0.03607386570583999,0.9934560842509848,1.0
100014259|F|0-39:T>A-39:T>A,,,0.47560975609756095,-11.110419645437824,58.61639510365542,-0.18954457410406256,0.8507306958232733,0.035927145572290466,0.9934560842509848,1.0
100019762|F|0-66:A>G-66:A>G,,,0.2926829268292683,11.111952265597045,58.69055997443133,0.18933116791589638,0.8508967028032434,0.03584629114439735,0.9934560842509848,1.0
100013622|F|0-50:C>T-50:C>T,,,0.13414634146341464,-15.220155203466122,81.77331805304243,-0.1861261786343748,0.8533906627242719,0.034642954373035204,0.9934560842509848,1.0
100034977|F|0-7:A>C-7:A>C,,,0.4024390243902439,10.844186407734307,58.72627836231911,0.18465645551093404,0.8545348391887687,0.034098006561861564,0.9934560842509848,1.0
100020593|F|0-8:G>C-8:G>C,,,0.18292682926829268,14.081564629676528,76.59897049416418,0.18383490716431178,0.8551745520107854,0.03379527309211113,0.9934560842509848,1.0
100030370|F|0-33:G>A-33:G>A,,,0.13414634146341464,18.513135062341874,102.31983937915652,0.1809339730659621,0.8574342052906133,0.0327371026094343,0.9934560842509848,1.0
100018194|F|0-8:A>C-8:A>C,Vu02 (old7),25429826.0,0.1875,13.291975345279385,73.73836785465018,0.18025860528239437,0.8579604517067763,0.03249316477835406,0.9934560842509848,1.0
100018705|F|0-34:T>C-34:T>C,Vu07 (old2),39159477.0,0.4268292682926829,-14.496509582819062,80.4690588733289,-0.18015010720628502,0.8580449995216203,0.032454061126435986,0.9934560842509848,1.0
100034980|F|0-28:T>C-28:T>C,,,0.23170731707317074,-12.608169792015191,70.13463661921564,-0.17977094342798344,0.8583404786246835,0.032317592100987225,0.9934560842509848,1.0
100035699|F|0-21:A>T-21:A>T,,,0.3170731707317073,-11.491975156930453,64.69884234713311,-0.1776225777776946,0.8600150710289779,0.03154978013639317,0.9934560842509848,1.0
100013045|F|0-44:C>T-44:C>T,,,0.12195121951219512,-16.364624681255528,92.8254782151794,-0.17629453675768386,0.8610505715130785,0.031079763690606346,0.9934560842509848,1.0
100019303|F|0-21:A>G-21:A>G,Vu04 (old11),37777897.0,0.13414634146341464,13.635591516686363,78.05228715509892,0.17469816726306642,0.8622956225132895,0.03051944964507433,0.9934560842509848,1.0
100041959|F|0-33:T>G-33:T>G,,,0.21951219512195122,-11.001585971229462,63.56232441317766,-0.17308344326295005,0.8635553514589961,0.02995787833175885,0.9934560842509848,1.0
100015011|F|0-55:G>C-55:G>C,,,0.3780487804878049,-11.90628091871124,68.81020353305661,-0.1730307470023894,0.8635964686232073,0.02993963940820489,0.9934560842509848,1.0
100019086|F|0-55:A>G-55:A>G,,,0.35365853658536583,-13.60463938110653,78.90553045573223,-0.172416804025404,0.8640755365397257,0.029727554310334567,0.9934560842509848,1.0
100035003|F|0-39:A>G-39:A>G,,,0.2073170731707317,13.068872711232899,75.91962722345087,0.1721408967508213,0.8642908476485642,0.02963248833417692,0.9934560842509848,1.0
100020677|F|0-42:G>T-42:G>T,,,0.15853658536585366,-14.823539713715846,86.25778983523593,-0.17185160600602933,0.8645166141595368,0.02953297448685154,0.9934560842509848,1.0
100020025|F|0-58:A>C-58:A>C,,,0.3048780487804878,-10.977334246428626,64.25024440899507,-0.1708528013769204,0.8652961836313743,0.029190679738341416,0.9934560842509848,1.0
100018271|F|0-48:A>G-48:A>G,,,0.426829268292683,10.461386501076648,61.439231387843556,0.17027209268028948,0.8657494910589234,0.028992585545725088,0.9934560842509848,1.0
100019402|F|0-35:A>C-35:A>C,,,0.2804878048780488,-11.064249192597405,65.42372984145929,-0.16911675961320602,0.8666514931694761,0.02860047838207091,0.9934560842509848,1.0
100044383|F|0-68:C>A-68:C>A,,,0.21951219512195122,10.260116509282753,60.889739860133865,0.16850320814065958,0.8671305843036683,0.028393331153694447,0.9934560842509848,1.0
100015749|F|0-20:C>T-20:C>T,Vu09 (old8),33437303.0,0.45121951219512196,-10.343652255487633,62.356636069396565,-0.16587893298118592,0.8691803191681847,0.027515820406976768,0.9934560842509848,1.0
100044894|F|0-39:G>A-39:G>A,,,0.25609756097560976,15.748618714915988,95.55048674173077,0.16481986907595655,0.8700077794674357,0.02716558924221546,0.9934560842509848,1.0
100015052|F|0-68:T>A-68:T>A,,,0.47560975609756095,10.05707009472206,61.02601724903117,0.1647997124518514,0.8700235295395689,0.027158945224212905,0.9934560842509848,1.0
100035421|F|0-6:T>A-6:T>A,,,0.12195121951219512,13.682020129712042,83.44443573111221,0.16396563785032234,0.8706753094804178,0.026884730395663057,0.9934560842509848,1.0
100033416|F|0-48:G>A-48:G>A,,,0.10975609756097561,-15.5210303746847,94.94442151610004,-0.16347490591696057,0.871058830252058,0.026724044864559107,0.9934560842509848,1.0
100046287|F|0-24:C>T-24:C>T,,,0.21951219512195122,9.274990319314036,57.44361230351983,0.1614625185879147,0.8726318968903949,0.026070144908752695,0.9934560842509848,1.0
100015331|F|0-40:A>G-40:A>G,,,0.43902439024390244,-8.511624385728476,53.62635123679973,-0.15872093083759145,0.8747758171463325,0.02519233388595149,0.9934560842509848,1.0
100033028|F|0-17:A>C-17:A>C,,,0.43902439024390244,-8.511624385728476,53.62635123679973,-0.15872093083759145,0.8747758171463325,0.02519233388595149,0.9934560842509848,1.0
100029425|F|0-25:A>T-25:A>T,,,0.4268292682926829,-8.931661180691911,57.038607247753816,-0.15658974879762058,0.8764430633293698,0.024520349428501915,0.9934560842509848,1.0
100015622|F|0-52:A>G-52:A>G,,,0.3048780487804878,10.30705461802594,65.99849942227387,0.15617104492147602,0.8767706872018737,0.02438939527186568,0.9934560842509848,1.0
100029488|F|0-5:C>T-5:C>T,,,0.21951219512195122,12.596618182585964,81.0058678460182,0.15550253972379535,0.8772938190906117,0.024181039860550552,0.9934560842509848,1.0
100020933|F|0-51:T>C-51:T>C,,,0.36585365853658536,-10.3441509376324,66.61562204745559,-0.15528115807825738,0.8774670713509373,0.024112238054124754,0.9934560842509848,1.0
100035750|F|0-64:T>C-64:T>C,,,0.36585365853658536,11.725939022596238,76.20248050597796,0.15387870505969103,0.8785647664248489,0.023678655870847384,0.9934560842509848,1.0
100049761|F|0-12:A>G-12:A>G,,,0.1216216216216216,13.730501113698676,90.87263171051845,0.15109610952435285,0.880743412489408,0.02283003431339523,0.9934560842509848,1.0
100015059|F|0-7:C>A-7:C>A,,,0.15853658536585366,15.906047097583908,106.66743488683417,0.14911811758161225,0.8822926636537481,0.022236212991083536,0.9934560842509848,1.0
100034740|F|0-59:T>C-59:T>C,Vu08 (old5),34703845.0,0.18292682926829268,12.285899178607837,83.21730359567312,0.14763635263047195,0.8834535556782881,0.021796492618029063,0.9934560842509848,1.0
100034728|F|0-40:G>C-40:G>C,,,0.25609756097560976,7.951088567531451,56.5693217072766,0.1405547800038177,0.8890051876301108,0.019755646181921587,0.9934560842509848,1.0
100014327|F|0-12:T>C-12:T>C,,,0.25609756097560976,8.864728639153721,63.666372595883104,0.13923721860866542,0.8900387310296328,0.019387003045877284,0.9934560842509848,1.0
100014127|F|0-16:C>T-16:C>T,,,0.3170731707317073,8.693268284668855,63.047576706001784,0.13788425723650857,0.8911002461585451,0.019012068393663668,0.9934560842509848,1.0
100020153|F|0-41:C>T-41:C>T,,,0.23170731707317074,-11.747472314138674,86.49069600782126,-0.13582353774880437,0.8927174489550754,0.018448033406600887,0.9934560842509848,1.0
100020434|F|0-43:G>A-43:G>A,,,0.12195121951219512,10.965163503873125,80.93345128596692,0.13548370086343245,0.8929841895751324,0.018355833199652047,0.9934560842509848,1.0
100040596|F|0-63:G>T-63:G>T,,,0.2926829268292683,9.10086229923515,67.314641664039,0.13519885234859738,0.8932077791152503,0.018278729676377836,0.9934560842509848,1.0
100032857|F|0-37:C>A-37:C>A,Vu05 (old1),29700622.0,0.3815789473684211,7.927473958766048,58.79699165201615,0.13482788380881752,0.893498981131679,0.018178558252364,0.9934560842509848,1.0
100021017|F|0-55:C>T-55:C>T,,,0.35365853658536583,-8.38273426877424,63.39612377768655,-0.132227867719015,0.8955403533372913,0.017484209001517332,0.9934560842509848,1.0
100019045|F|0-23:G>C-23:G>C,,,0.32926829268292684,-7.5592254375595225,57.26943062092439,-0.13199407355025505,0.8957239496349177,0.01742243545239014,0.9934560842509848,1.0
100033255|F|0-46:T>C-46:T>C,,,0.11538461538461539,10.932373530455942,82.82683176600062,0.13199072447128835,0.8957265796765208,0.017421551346455556,0.9934560842509848,1.0
100017444|F|0-55:C>A-55:C>A,,,0.3170731707317073,7.723171452157658,59.324105541759096,0.1301860581230543,0.8971439624294624,0.016948409729619276,0.9934560842509848,1.0
100018485|F|0-30:G>A-30:G>A,,,0.2926829268292683,-11.197664791521808,86.27133983120977,-0.12979588370170309,0.8974504500863943,0.01684697142590603,0.9934560842509848,1.0
100044112|F|0-25:G>A-25:G>A,,,0.1707317073170732,-11.10777844412191,85.93529903567266,-0.12925745960936208,0.8978734161810031,0.01670749086466587,0.9934560842509848,1.0
100013419|F|0-62:G>T-62:G>T,,,0.17073170731707318,-11.515543312165173,89.11032399029882,-0.12922793674747313,0.8978966091273437,0.016699859636008917,0.9934560842509848,1.0
100017692|F|0-31:G>T-31:G>T,,,0.3048780487804878,7.692112051931483,59.58810598397953,0.1290880440804669,0.8980065090282253,0.016663723124520566,0.9934560842509848,1.0
100038392|F|0-25:C>T-25:C>T,,,0.15853658536585366,-14.469475908221723,114.24967851448935,-0.12664784790958233,0.8999238570529312,0.016039677380128698,0.9934560842509848,1.0
100016318|F|0-42:A>T-42:A>T,,,0.4878048780487805,-11.09844074264855,89.56534616284628,-0.12391445149410289,0.9020723052403293,0.01535479128908438,0.9934560842509848,1.0
100016220|F|0-31:G>A-31:G>A,,,0.125,11.746849563288347,96.0165687540856,0.12234190115014401,0.9033086688746388,0.014967540777031609,0.9934560842509848,1.0
100014348|F|0-42:C>G-42:C>G,,,0.12195121951219512,9.739329667915658,79.61057881685174,0.12233712921898848,0.9033124210149172,0.014966373185543485,0.9934560842509848,1.0
100030019|F|0-15:C>A-15:C>A,,,0.36585365853658536,6.703512758871474,54.95606367680025,0.12197949253234758,0.9035936349522538,0.014878996598449039,0.9934560842509848,1.0
100049995|F|0-28:T>A-28:T>A,,,0.12195121951219512,-19.806640304853868,163.73687286579295,-0.12096627936145084,0.904390404710928,0.014632840742552567,0.9934560842509848,1.0
100043241|F|0-28:A>C-28:A>C,,,0.426829268292683,-8.773420319548938,72.74853111866229,-0.1205992778773547,0.904679031839462,0.014544185824539414,0.9934560842509848,1.0
100033155|F|0-6:A>T-6:A>T,,,0.15000000000000002,8.447961022456463,70.62357684241036,0.1196195576628364,0.9054495938051415,0.014308838575452643,0.9934560842509848,1.0
100020053|F|0-44:G>A-44:G>A,,,0.1951219512195122,-8.902075556387006,75.02702484608828,-0.11865158687351492,0.906211005826524,0.014078199067603258,0.9934560842509848,1.0
100038456|F|0-36:A>C-36:A>C,,,0.43902439024390244,10.16177799933109,85.90235259887643,0.11829452502636117,0.9064918956846535,0.013993594651212391,0.9934560842509848,1.0
100014429|F|0-23:C>T-23:C>T,,,0.3902439024390244,8.169955590960171,69.44814718989483,0.11764108794178105,0.9070059666022242,0.013839425572125863,0.9934560842509848,1.0
100035744|F|0-61:C>T-61:C>T,,,0.15853658536585366,-9.544034213502306,81.4732642836943,-0.11714314256845611,0.907397736613954,0.013722515850813632,0.9934560842509848,1.0
100038564|F|0-34:C>T-34:C>T,,,0.1097560975609756,-14.730624406345585,127.48304665278147,-0.11554967341239164,0.9086515925399351,0.013351727025710367,0.9934560842509848,1.0
100017220|F|0-61:C>T-61:C>T,,,0.34146341463414637,-6.609068890664835,57.71927100847992,-0.1145036791905056,0.9094747850491196,0.013111092548162223,0.9934560842509848,1.0
100054653|F|0-47:T>C-47:T>C,,,0.2682926829268293,-7.912590096134976,69.20795307995891,-0.11433064762070368,0.9096109698661533,0.013071496985369515,0.9934560842509848,1.0
100016003|F|0-33:A>T-33:A>T,,,0.47560975609756095,7.2875063002409295,66.03603024563984,0.11035651708821644,0.9127395701851615,0.012178560863841807,0.9934560842509848,1.0
100033778|F|0-25:A>T-25:A>T,,,0.15000000000000002,8.224401653629789,75.89974161837638,0.10835875693730355,0.9143128255140365,0.011741620204997631,0.9934560842509848,1.0
100015327|F|0-43:T>G-43:T>G,Vu05 (old1),38169638.0,0.23170731707317074,7.491846253690629,70.81823148390414,0.10578979588601287,0.9163364205006926,0.011191480913604265,0.9934560842509848,1.0
100019260|F|0-27:C>T-27:C>T,,,0.3902439024390244,6.630826081892624,63.70870528177794,0.1040803772822736,0.9176832597220027,0.010832724935220413,0.9934560842509848,1.0
100035290|F|0-26:T>C-26:T>C,,,0.18292682926829268,-7.477875005458544,73.26204693842837,-0.10207024397971265,0.9192673447109801,0.010418334706078067,0.9934560842509848,1.0
100021941|F|0-59:G>A-59:G>A,,,0.2682926829268293,-8.108116379931793,79.55465693776335,-0.10191881521498959,0.9193866917155278,0.010387444894827194,0.9934560842509848,1.0
100019344|F|0-54:A>C-54:A>C,,,0.14634146341463414,-7.6827961974737455,75.49604687527983,-0.1017642183327267,0.9195085375912904,0.010355956132870868,0.9934560842509848,1.0
100013697|F|0-16:T>C-16:T>C,,,0.3170731707317073,6.115175877809823,60.66392082105791,0.10080416489807724,0.9202652498156281,0.010161479660798747,0.9934560842509848,1.0
100019738|F|0-47:G>A-47:G>A,,,0.3048780487804878,7.458911882916551,75.58425595531544,0.0986834068635428,0.9219370928139258,0.009738414790195524,0.9934560842509848,1.0
100014483|F|0-57:T>A-57:T>A,,,0.18292682926829268,7.062161851859272,71.95985333999465,0.09814030357305056,0.9223652919320718,0.009631519185410522,0.9934560842509848,1.0
100018053|F|0-15:A>T-15:A>T,,,0.23170731707317074,-6.431068364803948,65.54222977724194,-0.09812098835607498,0.9223805210679907,0.009627728355973001,0.9934560842509848,1.0
100033389|F|0-27:G>C-27:G>C,,,0.18292682926829268,-7.04416746453637,72.83285237299482,-0.09671689677154849,0.9234876600032674,0.009354158121118367,0.9934560842509848,1.0
100021572|F|0-58:T>G-58:T>G,,,0.21951219512195122,-6.364050941419751,66.20147905040534,-0.0961315522357772,0.9239492552289288,0.00924127533525996,0.9934560842509848,1.0
100050516|F|0-63:C>G-63:C>G,,,0.4024390243902439,6.424629765816369,67.24638717574929,0.095538660672216,0.9244168291514296,0.009127635683040832,0.9934560842509848,1.0
100028451|F|0-5:C>A-5:C>A,,,0.21951219512195122,6.932063549457664,73.80904782088595,0.09391888601895876,0.925694375333039,0.008820757151042167,0.9934560842509848,1.0
100014531|F|0-60:G>C-60:G>C,,,0.38749999999999996,5.488967024774896,58.61757199429574,0.09364029996515455,0.9259141215216796,0.008768505777564124,0.9934560842509848,1.0
100036101|F|0-41:G>C-41:G>C,,,0.5,5.8521657684586,62.72737010419356,0.09329525147854653,0.9261863008471237,0.008704003948445239,0.9934560842509848,1.0
100043222|F|0-20:C>A-20:C>A,,,0.4878048780487805,6.3938047966328195,70.02157767410792,0.09131192139643943,0.9277509544026505,0.008337866989109533,0.9934560842509848,1.0
100017684|F|0-22:A>G-22:A>G,,,0.23170731707317074,-7.556476440164173,83.34328355452904,-0.09066689141447366,0.9282598830592453,0.008220485198763958,0.9934560842509848,1.0
100020579|F|0-68:T>C-68:T>C,Vu03 (old3),51968724.0,0.3780487804878049,-6.637249638688287,73.27185578511303,-0.09058388882838704,0.9283253743253359,0.008205440915273582,0.9934560842509848,1.0
100016887|F|0-60:G>T-60:G>T,,,0.12195121951219512,-8.606937551181305,95.52597677816584,-0.0901004924678098,0.9287067970551907,0.00811809874294185,0.9934560842509848,1.0
100013352|F|0-68:T>C-68:T>C,,,0.4268292682926829,-5.246050029008044,59.54970275737243,-0.08809531846669995,0.9302891560058291,0.007760785135749285,0.9934560842509848,1.0
100047378|F|0-35:C>T-35:C>T,,,0.18292682926829268,-7.290476814593459,84.43226172225935,-0.08634705106651702,0.9316690148279133,0.007455813227883698,0.9934560842509848,1.0
100029979|F|0-5:G>A-5:G>A,,,0.18292682926829268,6.627396165954519,77.5724862989628,0.08543488138839159,0.932389050230157,0.0072991189578485395,0.9934560842509848,1.0
100021287|F|0-39:T>A-39:T>A,,,0.18292682926829268,7.698755578584061,90.20576322284214,0.08534660429140477,0.9324587362073529,0.0072840428640736305,0.9934560842509848,1.0
100029349|F|0-21:A>C-21:A>C,,,0.13414634146341464,-7.735996949760055,90.99596014102953,-0.08501472964041994,0.9327207230174246,0.007227504255833696,0.9934560842509848,1.0
100033333|F|0-30:G>A-30:G>A,Vu03 (old3),53692049.0,0.13414634146341464,-7.735996949760055,90.99596014102953,-0.08501472964041994,0.9327207230174246,0.007227504255833696,0.9934560842509848,1.0
100040070|F|0-17:A>G-17:A>G,,,0.2804878048780488,-5.60238968153212,66.83062616289267,-0.08382967515337775,0.9336562845226424,0.007027414436320838,0.9934560842509848,1.0
100030002|F|0-15:C>G-15:C>G,,,0.1951219512195122,-5.293323321298092,63.692945394566735,-0.08310690121970139,0.9342269377249074,0.006906757030341205,0.9934560842509848,1.0
100018641|F|0-26:C>A-26:C>A,,,0.15853658536585366,-6.134815475577557,75.01418679144807,-0.08178207000541599,0.9352730256970161,0.006688306974370761,0.9934560842509848,1.0
100015323|F|0-56:G>C-56:G>C,,,0.15853658536585366,-6.134815475577557,75.01418679144807,-0.08178207000541599,0.9352730256970161,0.006688306974370761,0.9934560842509848,1.0
100029779|F|0-28:G>A-28:G>A,,,0.15853658536585366,-6.134815475577557,75.01418679144807,-0.08178207000541599,0.9352730256970161,0.006688306974370761,0.9934560842509848,1.0
100035377|F|0-67:C>G-67:C>G,,,0.23170731707317074,-4.980773206606056,61.087746550608294,-0.08153473467022919,0.935468334868603,0.006647912957744674,0.9934560842509848,1.0
100045226|F|0-27:G>T-27:G>T,,,0.24390243902439024,5.327653625812295,65.87073866713511,0.08088042936233872,0.93598502871879,0.006541643853836263,0.9934560842509848,1.0
100040723|F|0-6:G>A-6:G>A,,,0.2682926829268293,-4.7804192269571315,60.32445328491952,-0.07924513139603018,0.9372765182814424,0.006279790849974088,0.9934560842509848,1.0
100051143|F|0-41:A>G-41:A>G,,,0.36585365853658536,4.377515476873992,57.362652933234905,0.07631298855666657,0.939592629725576,0.005823672222449923,0.9934560842509848,1.0
100048111|F|0-10:T>A-10:T>A,,,0.4878048780487805,5.660006544026839,75.34399176705513,0.07512220166839806,0.9405333903127276,0.005643345183507468,0.9934560842509848,1.0
100035442|F|0-6:A>T-6:A>T,,,0.4024390243902439,4.065902085489589,54.407818757553876,0.07473010641370524,0.940843177381006,0.005584588804603709,0.9934560842509848,1.0
100021123|F|0-50:T>C-50:T>C,,,0.26249999999999996,4.644615175862744,63.50192035796538,0.07314133414675773,0.9420985313639424,0.005349654760767669,0.9934560842509848,1.0
100015479|F|0-29:T>C-29:T>C,,,0.45121951219512196,3.607421812833032,51.66210184185632,0.06982723668262217,0.9447176141332247,0.004875842982730935,0.9934560842509848,1.0
100015585|F|0-38:T>C-38:T>C,,,0.3170731707317073,4.756911948739804,68.13975005044466,0.06981111532135363,0.9447303561556175,0.004873591822411336,0.9934560842509848,1.0
100022075|F|0-54:C>G-54:C>G,,,0.1951219512195122,-4.724309490259352,67.76200502210773,-0.06971915144361535,0.9448030429660844,0.0048607600780177715,0.9934560842509848,1.0
100021370|F|0-62:A>T-62:A>T,,,0.32926829268292684,-4.3507244290992295,62.80394932276027,-0.06927469491990242,0.9451543411894452,0.004798983356245554,0.9934560842509848,1.0
100035736|F|0-29:C>T-29:C>T,Vu04 (old11),30896897.0,0.3902439024390244,-4.9614380422002196,72.41962819974081,-0.06850957627835455,0.945759116594726,0.00469356204183968,0.9934560842509848,1.0
100014043|F|0-61:T>G-61:T>G,,,0.14634146341463414,5.664568060022622,84.57592676800391,0.06697612756358935,0.9469713035406999,0.004485801663414194,0.9934560842509848,1.0
100018408|F|0-53:G>A-53:G>A,,,0.3048780487804878,-3.9708391287059444,61.36569901819117,-0.06470779592242294,0.948764647155872,0.0041870988531379355,0.9934560842509848,1.0
100017860|F|0-21:C>T-21:C>T,,,0.2073170731707317,-4.226121900357418,66.63931592674533,-0.06341784638070222,0.9497846028854005,0.004021823239566346,0.9934560842509848,1.0
100045027|F|0-42:C>G-42:C>G,,,0.2073170731707317,-4.226121900357418,66.63931592674533,-0.06341784638070222,0.9497846028854005,0.004021823239566346,0.9934560842509848,1.0
100033311|F|0-46:C>T-46:C>T,,,0.4878048780487805,-3.816821913128043,60.40762123973436,-0.0631844432009756,0.9499691626576698,0.003992273862617312,0.9934560842509848,1.0
100028407|F|0-26:C>T-26:C>T,,,0.2073170731707317,-4.789432036849847,77.0119264312849,-0.06219078341227177,0.950754914168401,0.0038676935414320977,0.9934560842509848,1.0
100019346|F|0-50:A>C-50:A>C,,,0.21951219512195122,3.5794458282028137,57.73896669371473,0.06199358999946322,0.9509108538022696,0.0038432052010215463,0.9934560842509848,1.0
100038915|F|0-9:A>C-9:A>C,,,0.13414634146341464,5.617271029620979,90.61511380525157,0.06199044280508791,0.950913342604846,0.0038428149991708758,0.9934560842509848,1.0
100043366|F|0-29:G>T-29:G>T,,,0.13414634146341464,5.617271029620979,90.61511380525157,0.06199044280508791,0.950913342604846,0.0038428149991708758,0.9934560842509848,1.0
100038543|F|0-16:T>C-16:T>C,Vu08 (old5),28171940.0,0.21951219512195122,3.748280846575942,62.97785994157685,0.059517437557470805,0.9528691483550432,0.0035423253734074363,0.9934560842509848,1.0
100013882|F|0-67:C>T-67:C>T,,,0.21951219512195122,3.748280846575942,62.97785994157685,0.059517437557470805,0.9528691483550432,0.0035423253734074363,0.9934560842509848,1.0
100058582|F|0-53:G>A-53:G>A,,,0.21951219512195122,3.748280846575942,62.97785994157685,0.059517437557470805,0.9528691483550432,0.0035423253734074363,0.9934560842509848,1.0
100017594|F|0-13:G>T-13:G>T,,,0.5,3.701240982176513,62.607983651970756,0.059117715765312086,0.9531853012070948,0.0034949043173082292,0.9934560842509848,1.0
100044743|F|0-7:G>A-7:G>A,,,0.11249999999999999,7.438082441796344,127.35867452464461,0.05840263703715787,0.9537508991458432,0.003410868012894004,0.9934560842509848,1.0
100038435|F|0-28:C>A-28:C>A,,,0.24390243902439024,-4.892653703246243,85.6423526844805,-0.057128903514263855,0.9547584300487632,0.003263711616742069,0.9934560842509848,1.0
100017042|F|0-9:A>G-9:A>G,,,0.24390243902439024,-4.892653703246243,85.6423526844805,-0.057128903514263855,0.9547584300487632,0.003263711616742069,0.9934560842509848,1.0
100013288|F|0-37:A>T-37:A>T,,,0.13414634146341464,-5.039532854072663,89.8298031448974,-0.05610090056574863,0.9555716416084417,0.003147311044288015,0.9934560842509848,1.0
100016651|F|0-34:T>C-34:T>C,,,0.3780487804878049,-2.594635955159652,50.47706905048816,-0.0514022704560054,0.9592891381455404,0.0026421934080323255,0.9934560842509848,1.0
100019956|F|0-49:C>A-49:C>A,,,0.4390243902439024,3.294772906611513,65.6958571210041,0.0501519129363504,0.9602785640837345,0.0025152143711752706,0.9934560842509848,1.0
100014059|F|0-25:C>G-25:C>G,,,0.36585365853658536,-3.4919611793674923,69.90211558070574,-0.04995501424181985,0.9604343787123641,0.002495503447900424,0.9934560842509848,1.0
100040460|F|0-10:G>A-10:G>A,,,0.46341463414634143,3.3964425598954087,68.74859349286255,0.04940381158849491,0.9608705780601873,0.002440736599471504,0.9934560842509848,1.0
100035075|F|0-30:T>C-30:T>C,,,0.2073170731707317,4.039948668199604,82.76328616039208,0.04881329458535923,0.9613379027256891,0.002382737728277061,0.9934560842509848,1.0
100017435|F|0-33:T>G-33:T>G,,,0.358974358974359,2.861563971216705,60.21827563876116,0.04751985906044078,0.9623615527612049,0.0022581370051241558,0.9934560842509848,1.0
100017394|F|0-18:C>T-18:C>T,,,0.45121951219512196,2.825962466189834,59.689495172673546,0.047344385440264,0.9625004310179734,0.002241490832716282,0.9934560842509848,1.0
100038883|F|0-23:A>G-23:A>G,,,0.36585365853658536,3.9675922275137934,85.06116686763592,0.046643990126396716,0.9630547693006398,0.002175661814911394,0.9934560842509848,1.0
100013444|F|0-54:G>C-54:G>C,Vu03 (old3),47172807.0,0.24390243902439024,-2.795189987429003,60.37054357175859,-0.04630056020791896,0.9633265888326177,0.0021437418755671286,0.9934560842509848,1.0
100033338|F|0-63:T>A-63:T>A,,,0.34146341463414637,3.418964794359527,75.87246105691375,0.04506199939652517,0.9643069274466853,0.002030583789612435,0.9934560842509848,1.0
100020253|F|0-17:T>C-17:T>C,,,0.3780487804878049,-2.8010008567481406,63.678336859988185,-0.04398671502534371,0.9651580760777474,0.001934831098720798,0.9934560842509848,1.0
100020369|F|0-25:G>C-25:G>C,,,0.4390243902439024,2.7936107515247577,63.786833932163496,0.04379604033170431,0.965309010271461,0.0019180931487362708,0.9934560842509848,1.0
100034834|F|0-45:G>A-45:G>A,,,0.15853658536585366,3.075987696145821,70.5568360314616,0.0435958848094354,0.9654674506889931,0.0019006011723175604,0.9934560842509848,1.0
100020682|F|0-60:A>G-60:A>G,,,0.4878048780487805,2.4939955489164807,58.73920967897303,0.042458786261287754,0.9663675893679293,0.0018027485307817177,0.9934560842509848,1.0
100052563|F|0-36:T>C-36:T>C,,,0.19512195121951215,3.532155734405319,84.48768911107834,0.04180675044575423,0.9668837677211103,0.0017478043828335714,0.9934560842509848,1.0
100032869|F|0-50:G>A-50:G>A,,,0.13157894736842105,-4.315519903030991,108.34737072636868,-0.0398304072733785,0.9684484096262901,0.0015864613435632028,0.9934560842509848,1.0
100022245|F|0-8:T>C-8:T>C,,,0.36585365853658536,2.340215663767173,58.84601374973685,0.039768465434545056,0.9684974501502951,0.0015815308430186048,0.9934560842509848,1.0
100053824|F|0-47:A>G-47:A>G,,,0.25609756097560976,2.96510741162525,76.06865718435503,0.03897935787717679,0.9691222123106562,0.001519390340517024,0.9934560842509848,1.0
100044544|F|0-31:A>G-31:A>G,,,0.14634146341463414,-3.0106778006675,78.21760052849248,-0.03849105291296675,0.9695088291762143,0.001481561154348806,0.9934560842509848,1.0
100014505|F|0-46:G>T-46:G>T,,,0.25609756097560976,2.5283172845410777,67.41622131143374,0.03750309992696486,0.9702910665476436,0.0014064825041319115,0.9934560842509848,1.0
100019628|F|0-65:T>G-65:T>G,,,0.36585365853658536,-2.251025141845796,60.50546751706051,-0.03720366496153562,0.9705281578571139,0.0013841126865701931,0.9934560842509848,1.0
100022248|F|0-57:T>A-57:T>A,,,0.36585365853658536,2.6839865850333324,73.79155340616144,0.036372544839383,0.9711862493281235,0.001322962018092927,0.9934560842509848,1.0
100022149|F|0-63:C>T-63:C>T,,,0.10975609756097561,-3.480077736628301,97.35388618687266,-0.03574667507312677,0.971681834480986,0.0012778247787837026,0.9934560842509848,1.0
100021489|F|0-26:C>G-26:C>G,,,0.2926829268292683,-2.2494797303045715,64.59243004941821,-0.03482574859907802,0.9724110763206258,0.0012128327654861847,0.9934560842509848,1.0
100053755|F|0-5:T>C-5:T>C,,,0.1951219512195122,-2.0745510480929283,62.734928020298284,-0.033068517228898295,0.973802617991558,0.0010935268317179433,0.9934560842509848,1.0
100034427|F|0-43:T>A-43:T>A,,,0.4268292682926829,-4.0840506527801415,124.65019718153255,-0.03276409299884534,0.9740436984021666,0.0010734857900369862,0.9934560842509848,1.0
100046316|F|0-13:C>A-13:C>A,,,0.1111111111111111,2.6150124253436995,80.78994693122944,0.03236804237004473,0.9743573435190773,0.001047690166869011,0.9934560842509848,1.0
100013428|F|0-14:G>T-14:G>T,,,0.4024390243902439,-1.636813364614188,51.00023214152503,-0.032094233611957894,0.974574183821182,0.0010300398311389278,0.9934560842509848,1.0
100045297|F|0-46:T>C-46:T>C,,,0.3048780487804878,2.169518313811491,69.23917134698492,0.03133368397693807,0.975176504261634,0.0009817997515666258,0.9934560842509848,1.0
100047522|F|0-17:A>C-17:A>C,,,0.45121951219512196,1.6328241157342702,52.61499169209453,0.031033438630754438,0.97541428889117,0.0009630743132488019,0.9934560842509848,1.0
100014339|F|0-37:C>G-37:C>G,,,0.14634146341463414,2.6432815582621627,87.72965563646956,0.030129852204313683,0.9761299138443914,0.0009078079938537861,0.9934560842509848,1.0
100013385|F|0-10:G>T-10:G>T,,,0.2073170731707317,-2.420225495683947,80.50892652703676,-0.030061579505363038,0.9761839854722254,0.0009036985623572631,0.9934560842509848,1.0
100038393|F|0-44:G>A-44:G>A,Vu09 (old8),37413218.0,0.35365853658536583,1.9305424636544373,65.70677829432799,0.029381176703059987,0.9767228671963044,0.0008632535444564349,0.9934560842509848,1.0
100028807|F|0-29:G>A-29:G>A,,,0.12195121951219512,-2.2704594212833307,78.88659463953238,-0.028781308556391116,0.9771979743450685,0.0008283637222181924,0.9934560842509848,1.0
100014308|F|0-20:G>A-20:G>A,,,0.5,1.6491056849750385,65.28526776799515,0.0252599972605685,0.9799870850952735,0.0006380674616039281,0.9947398325547402,1.0
100015018|F|0-5:T>A-5:T>A,,,0.13414634146341464,-1.8519993465169589,74.00999050571616,-0.02502363983378595,0.9801743052908035,0.0006261825505310389,0.9947398325547402,1.0
100021067|F|0-49:G>A-49:G>A,Vu03 (old3),51946113.0,0.4878048780487805,1.083939864156045,51.917579530660085,0.020878089347673094,0.983458197150756,0.00043589461480942075,0.9958851268482682,1.0
100044397|F|0-62:C>G-62:C>G,,,0.2682926829268293,1.3376337960517493,66.60133031729714,0.02008419035594474,0.9840871182079172,0.00040337470225382374,0.9958851268482682,1.0
100032980|F|0-45:T>A-45:T>A,,,0.4390243902439024,1.073568839906048,56.41543682003445,0.019029700032825028,0.984922493706384,0.00036212948333930086,0.9958851268482682,1.0
100013847|F|0-11:C>A-11:C>A,,,0.36585365853658536,1.1875534837777988,65.11204220363022,0.018238615217502554,0.9855492086601675,0.00033264708505211573,0.9958851268482682,1.0
100021866|F|0-51:G>C-51:G>C,,,0.2073170731707317,1.1383001751643709,62.59580028097447,0.018184928861918373,0.9855917405242552,0.00033069163771303183,0.9958851268482682,1.0
100033304|F|0-17:G>A-17:G>A,,,0.47560975609756095,-1.031938235803465,63.55540344061538,-0.016236829284982556,0.9871351085120542,0.00026363462522966714,0.9965772704195609,1.0
100021509|F|0-38:C>A-38:C>A,,,0.10975609756097561,-1.11097900089614,75.57856686141174,-0.01469965688729372,0.98835295808861,0.0002160799126041617,0.9965780481670714,1.0
100022323|F|0-60:G>C-60:G>C,,,0.4146341463414634,0.9476410133266376,67.35680718848693,0.01406897168796645,0.98885263694097,0.00019793596435680158,0.9965780481670714,1.0
100030652|F|0-8:A>C-8:A>C,,,0.10975609756097561,1.0688509088238316,96.82302457472683,0.011039222473358137,0.9912531045591776,0.00012186443281629535,0.9970311451351382,1.0
100047320|F|0-54:C>T-54:C>T,,,0.10975609756097561,1.0688509088238316,96.82302457472683,0.011039222473358137,0.9912531045591776,0.00012186443281629535,0.9970311451351382,1.0
100015991|F|0-42:T>C-42:T>C,,,0.3170731707317073,-0.6355815846624808,62.00880019832654,-0.01024986102988062,0.9918785293980058,0.0001050596511318654,0.9970311451351382,1.0
100019896|F|0-32:C>T-32:C>T,Vu08 (old5),16375786.0,0.47560975609756095,0.47770699300022423,57.78645596562137,0.008266763985049096,0.9934497938283259,6.833938678450481e-05,0.9977467220023237,1.0
100043188|F|0-42:C>T-42:C>T,,,0.4146341463414634,-0.46343552901723867,64.52706237734435,-0.007182033583167616,0.9943092683150206,5.158160638974746e-05,0.9977468111613992,1.0
100046913|F|0-41:A>T-41:A>T,,,0.5,-0.300290637902745,72.2096155792681,-0.004158596268568983,0.9967048894617677,1.7293922924955866e-05,0.9989112800507801,1.0
100017906|F|0-31:G>A-31:G>A,,,0.2926829268292683,0.21767095696234662,67.50120044499016,0.0032246975687452656,0.9974448715851415,1.0398674409871626e-05,0.9989112800507801,1.0
100032753|F|0-47:A>G-47:A>G,,,0.25609756097560976,-0.11547611885275144,62.89184469822407,-0.001836106404683217,0.9985451369640895,3.3712867293187294e-06,0.9989112800507801,1.0
100013122|F|0-67:G>A-67:G>A,,,0.12195121951219512,-0.12644201870903243,92.02368385196914,-0.0013740160512638161,0.9989112800507801,1.8879201091306099e-06,0.9989112800507801,1.0
