rs,chrom,pos,maf_subset,beta,se,t,p,chi2,fdr_bh,p_bonferroni
100035901|F|0-29:T>A-29:T>A,,,0.41025641025641024,138.00310766231578,44.64890326023822,3.0908510083205902,0.0038386468223299683,9.55335995563641,0.9441483188345392,1.0
100029346|F|0-46:T>A-46:T>A,,,0.1625000000000001,-183.01426540154165,69.10527750725483,-2.648339924289117,0.011932039339120943,7.013704354583685,0.9441483188345392,1.0
100035301|F|0-17:C>T-17:C>T,,,0.25609756097560976,180.43922448710234,68.19914629395001,2.645769548336842,0.012007908037706216,7.000096502906538,0.9441483188345392,1.0
100016750|F|0-47:G>A-47:G>A,,,0.18292682926829268,-197.85149639384923,75.09819140364652,-2.634570722621187,0.012343685429564918,6.940962892492723,0.9441483188345392,1.0
100018758|F|0-12:C>T-12:C>T,,,0.24390243902439024,153.2582897729427,59.29650319195854,2.5846092353339096,0.013949813135855223,6.680204899373337,0.9441483188345392,1.0
100029472|F|0-28:G>A-28:G>A,,,0.15853658536585366,166.50152477199825,64.61086439927938,2.576989587123606,0.014211014597210725,6.640875332143493,0.9441483188345392,1.0
100041853|F|0-27:G>A-27:G>A,,,0.16249999999999998,205.06790149276074,79.81885545092626,2.5691661492044235,0.014483872780890424,6.600614702217887,0.9441483188345392,1.0
100021541|F|0-63:C>G-63:C>G,,,0.15853658536585366,-192.19150196952734,75.89569047843241,-2.532311133319792,0.015835147683683257,6.41259967593537,0.9441483188345392,1.0
100019601|F|0-61:A>G-61:A>G,,,0.45121951219512196,-138.66129463436005,54.762769257357704,-2.5320358432335865,0.015845662165817058,6.411205511419619,0.9441483188345392,1.0
100019661|F|0-30:A>T-30:A>T,,,0.36585365853658536,-117.28750997575632,46.48903033022239,-2.5229072136509596,0.01619796599886649,6.365060808692049,0.9441483188345392,1.0
100041311|F|0-41:A>G-41:A>G,,,0.3048780487804878,140.58993884247795,56.81203121708886,2.4746508060107697,0.01818231534385442,6.123896611689752,0.9441483188345392,1.0
100022070|F|0-37:G>C-37:G>C,,,0.15853658536585366,164.54425983217496,66.91820891539093,2.4588861910547997,0.018877142856488095,6.046121300559981,0.9441483188345392,1.0
100034357|F|0-15:T>C-15:T>C,,,0.3170731707317073,143.1409458643638,58.91974736484359,2.4294222610630807,0.020240968703783342,5.902092522548851,0.9441483188345392,1.0
100014819|F|0-24:A>T-24:A>T,,,0.2926829268292683,140.00777063752585,57.94383603662456,2.416266857945531,0.020878349245618568,5.838345528805968,0.9441483188345392,1.0
100016864|F|0-56:A>G-56:A>G,,,0.13414634146341464,-165.73805998201846,69.29731097735589,-2.391695401228141,0.022117848754188877,5.720206892255837,0.9441483188345392,1.0
100048218|F|0-16:G>A-16:G>A,,,0.14634146341463414,185.8070190674556,78.51356233042142,2.366559528728217,0.023454457343268405,5.60060400301432,0.9441483188345392,1.0
100017362|F|0-34:C>A-34:C>A,,,0.14634146341463414,186.8865800259224,79.73634121039491,2.3438068161767966,0.02472686672252596,5.493430391556812,0.9441483188345392,1.0
100029037|F|0-30:A>C-30:A>C,,,0.23170731707317074,147.4593424322875,63.49433653924037,2.322401500189794,0.02598045030698252,5.393548728083807,0.9441483188345392,1.0
100014497|F|0-28:A>G-28:A>G,Vu02 (old7),28608269.0,0.2926829268292683,-136.49483787207808,58.85542304689171,-2.31915481710715,0.026175511240296316,5.378479065711299,0.9441483188345392,1.0
100032801|F|0-46:T>A-46:T>A,,,0.17073170731707318,160.68743768864968,69.5961751141381,2.3088544366859445,0.026803116918378216,5.33080880980437,0.9441483188345392,1.0
100040940|F|0-64:T>A-64:T>A,,,0.35365853658536583,-142.5416520176474,61.93448553363285,-2.301490854238899,0.027260046475242647,5.296860152145297,0.9441483188345392,1.0
100058466|F|0-35:C>T-35:C>T,,,0.375,111.54310545357978,48.513688968417085,2.299208900114677,0.027403062434023375,5.286361566366543,0.9441483188345392,1.0
100014176|F|0-46:T>C-46:T>C,,,0.17073170731707318,-171.97442571902977,74.99174479764218,-2.2932447589142746,0.027780040380497223,5.258971524287789,0.9441483188345392,1.0
100035246|F|0-43:C>A-43:C>A,,,0.41463414634146345,-130.20853085420922,57.25420058337422,-2.274217953049542,0.02901400602890235,5.172067297972849,0.9441483188345392,1.0
100040510|F|0-32:T>C-32:T>C,,,0.47560975609756095,149.889300483384,66.18811238531536,2.2645954852255126,0.02965659116258362,5.128392711703775,0.9441483188345392,1.0
100014614|F|0-54:G>A-54:G>A,,,0.17073170731707318,159.7343434394431,72.08289159856115,2.2159813500410626,0.0331018842293694,4.91057334372981,0.9441483188345392,1.0
100045520|F|0-63:C>T-63:C>T,,,0.21951219512195122,155.43868713527118,70.54333201541549,2.2034497477565127,0.034046003103684636,4.85519079088824,0.9441483188345392,1.0
100020726|F|0-7:G>A-7:G>A,Vu08 (old5),37188871.0,0.13414634146341464,150.37092830187717,69.1732477729316,2.1738306808361147,0.036373405065960915,4.725539828944406,0.9441483188345392,1.0
100033423|F|0-16:C>T-16:C>T,,,0.3205128205128205,135.42449080785278,62.32074411859848,2.173024291079314,0.03643869931070979,4.722034569620755,0.9441483188345392,1.0
100032947|F|0-56:G>C-56:G>C,,,0.23750000000000002,-149.80023856161347,68.98438890717438,-2.1715092491894823,0.03656165534804794,4.715452419315469,0.9441483188345392,1.0
100041312|F|0-45:T>A-45:T>A,,,0.23170731707317074,175.46300767395343,80.85527741904042,2.1700872630069545,0.03667739418839102,4.709278729065015,0.9441483188345392,1.0
100052894|F|0-30:A>C-30:A>C,,,0.4146341463414634,151.8097768832198,71.16513664537248,2.133204319408712,0.039795138294824235,4.550560668343986,0.9441483188345392,1.0
100021487|F|0-66:T>G-66:T>G,,,0.32926829268292684,146.99102453276663,69.57668388213503,2.1126477482280386,0.04163262837738137,4.463280508093002,0.9441483188345392,1.0
100039240|F|0-17:G>A-17:G>A,,,0.275,126.15554838653313,60.207056051513185,2.0953615184006735,0.04323530876709642,4.390539892794376,0.9441483188345392,1.0
100021780|F|0-9:A>G-9:A>G,Vu04 (old11),742456.0,0.32926829268292684,142.58535159548126,68.17085315715623,2.091588193370195,0.043592289087358876,4.374741170645597,0.9441483188345392,1.0
100038389|F|0-45:C>T-45:C>T,,,0.21951219512195122,129.86313686539302,62.25392798194046,2.0860231807873335,0.044123507651952124,4.351492710782105,0.9441483188345392,1.0
100015590|F|0-63:C>G-63:C>G,,,0.21951219512195122,133.10247326776675,63.926318522500985,2.0821232372534784,0.044499168958254114,4.335237175110905,0.9441483188345392,1.0
100013356|F|0-7:G>A-7:G>A,,,0.43902439024390244,102.60052455062049,49.43861336839836,2.075311534044839,0.045162051914429416,4.306917963339544,0.9441483188345392,1.0
100038797|F|0-19:T>G-19:T>G,,,0.1951219512195122,131.22161354047205,63.32382481032086,2.072231327364244,0.045464640491138214,4.294142674109777,0.9441483188345392,1.0
100041362|F|0-27:G>A-27:G>A,,,0.4750000000000001,-122.18184305596331,59.7715411044775,-2.0441474453937185,0.04830658913094889,4.178538778509665,0.9441483188345392,1.0
100017140|F|0-53:T>C-53:T>C,,,0.10975609756097561,171.10835079408696,83.85941915053606,2.0404189836675393,0.04869535052807282,4.1633096289108735,0.9441483188345392,1.0
100034572|F|0-53:G>A-53:G>A,,,0.17073170731707318,-137.37124089299905,67.58688437326266,-2.032513292584072,0.04952872956621714,4.131110284530945,0.9441483188345392,1.0
100034724|F|0-49:G>A-49:G>A,,,0.23170731707317074,161.59521369535668,79.56381548288772,2.031013881305277,0.049688188910155674,4.125017386054726,0.9441483188345392,1.0
100015160|F|0-27:A>C-27:A>C,,,0.12195121951219512,174.0268903457893,86.08991986883242,2.02145489984122,0.05071535094977028,4.086279912092077,0.9441483188345392,1.0
100015598|F|0-56:T>C-56:T>C,,,0.35365853658536583,143.79599515843998,71.19072652960435,2.019869752258295,0.050887463000589814,4.079873816087987,0.9441483188345392,1.0
100034020|F|0-16:G>A-16:G>A,,,0.32926829268292684,-117.4960415269087,58.28195917974259,-2.0159933396293153,0.051310504632415356,4.06422914542976,0.9441483188345392,1.0
100033592|F|0-27:T>C-27:T>C,,,0.5,126.21257014311315,62.61638653688555,2.015647614363133,0.05134838298096036,4.062835305287789,0.9441483188345392,1.0
100041512|F|0-35:G>A-35:G>A,,,0.5,-126.2125701431127,62.61638653688562,-2.0156476143631235,0.05134838298096132,4.062835305287751,0.9441483188345392,1.0
100041722|F|0-10:C>T-10:C>T,,,0.14634146341463414,125.09463698442849,62.45807981814168,2.002857554197388,0.052766930425951764,4.011438382405544,0.9441483188345392,1.0
100013714|F|0-67:T>C-67:T>C,Vu09 (old8),42137897.0,0.2804878048780488,-132.95644842809642,66.65496632491025,-1.9946968059363948,0.053689770355153515,3.9788153476128554,0.9441483188345392,1.0
100013918|F|0-61:T>G-61:T>G,,,0.32926829268292684,137.1604607754278,68.89473181333581,1.9908700878182086,0.054127320512620716,3.963563706569282,0.9441483188345392,1.0
100015577|F|0-62:A>G-62:A>G,,,0.10975609756097561,177.67860756870502,89.8065690928239,1.9784589185792938,0.05556782414965002,3.914299692505949,0.9441483188345392,1.0
100013453|F|0-6:G>A-6:G>A,,,0.1097560975609756,-136.49575849514326,68.99570583048356,-1.9783225180781752,0.055583838656157444,3.913759985535172,0.9441483188345392,1.0
100043273|F|0-46:A>T-46:A>T,,,0.17073170731707318,140.58771710039082,71.06761224307235,1.9782248574714887,0.055595307251295224,3.913373586718092,0.9441483188345392,1.0
100030288|F|0-38:C>G-38:C>G,,,0.17073170731707318,140.58771710039082,71.06761224307235,1.9782248574714887,0.055595307251295224,3.913373586718092,0.9441483188345392,1.0
100029747|F|0-45:G>A-45:G>A,,,0.17073170731707318,140.58771710039082,71.06761224307235,1.9782248574714887,0.055595307251295224,3.913373586718092,0.9441483188345392,1.0
100019383|F|0-67:A>T-67:A>T,,,0.15853658536585366,174.3684554261332,88.16436584928218,1.9777656624244055,0.05564925952430864,3.9115570154650476,0.9441483188345392,1.0
100020818|F|0-29:A>G-29:A>G,,,0.35365853658536583,113.72756917473018,57.52333430273938,1.9770684462794472,0.05573126453659359,3.9087996412738275,0.9441483188345392,1.0
100047334|F|0-54:C>T-54:C>T,,,0.12195121951219512,149.4125911184905,76.48181389463525,1.9535701823747005,0.05855707162814266,3.8164364574635203,0.9441483188345392,1.0
100040372|F|0-41:A>T-41:A>T,,,0.13157894736842107,-147.41588133045846,75.73239584841181,-1.9465366132814603,0.05942666310463795,3.789004786845257,0.9441483188345392,1.0
100013293|F|0-29:C>A-29:C>A,,,0.4390243902439024,119.4988964194967,61.80772613384787,1.9333973904931492,0.06108105641474871,3.7380254695657187,0.9441483188345392,1.0
100030709|F|0-39:T>A-39:T>A,,,0.32926829268292684,-113.24972815685406,58.64008508836009,-1.9312681416851125,0.061352865076862655,3.729796635087868,0.9441483188345392,1.0
100018867|F|0-57:G>A-57:G>A,,,0.2073170731707317,161.48577949109958,84.03115751788881,1.9217369397383581,0.06258239442894925,3.69307286555495,0.9441483188345392,1.0
100016783|F|0-52:G>T-52:G>T,Vu07 (old2),39495827.0,0.11249999999999999,132.02052206068728,69.03468156465158,1.9123796774096644,0.06381008054767806,3.657196030569492,0.9441483188345392,1.0
100017505|F|0-35:A>G-35:A>G,,,0.46341463414634143,-109.34186891258547,57.275208271351914,-1.9090610442577196,0.06425044145721873,3.6445140707023747,0.9441483188345392,1.0
100021359|F|0-55:A>T-55:A>T,,,0.12195121951219512,145.12006219120664,76.53188338054375,1.8962039842874123,0.06598125293337812,3.595589550027457,0.9441483188345392,1.0
100017065|F|0-46:G>A-46:G>A,,,0.13414634146341464,-152.9029133522569,80.64640659029708,-1.89596684857938,0.06601354850104657,3.5946902909120255,0.9441483188345392,1.0
100041652|F|0-42:T>C-42:T>C,,,0.35365853658536583,175.48353506033453,92.6635435492,1.893771038090735,0.06631324166948267,3.5863687447112604,0.9441483188345392,1.0
100039148|F|0-38:G>A-38:G>A,,,0.4268292682926829,-129.37591571453993,68.56032510975737,-1.8870376636549437,0.06723953132957813,3.5609111440523087,0.9441483188345392,1.0
100045252|F|0-36:A>T-36:A>T,,,0.34146341463414637,-102.76913117278549,55.096506687697406,-1.8652567531242954,0.07031221564447286,3.479182755075789,0.9441483188345392,1.0
100018506|F|0-23:C>T-23:C>T,,,0.21951219512195122,-126.2433737042006,67.76455208567258,-1.8629706803727573,0.07064157330530471,3.470659755928534,0.9441483188345392,1.0
100021166|F|0-38:T>C-38:T>C,,,0.3170731707317073,113.9909367906253,61.37495848233517,1.8572873955333749,0.07146608958472625,3.449516469607147,0.9441483188345392,1.0
100034723|F|0-16:A>C-16:A>C,,,0.2926829268292683,141.40619694157857,76.42215911236177,1.8503297811001682,0.07248665704539742,3.4237202988261966,0.9441483188345392,1.0
100016452|F|0-6:G>A-6:G>A,,,0.4024390243902439,114.57449471830174,61.94422508671524,1.8496396485372089,0.07258856259838571,3.4211668294408497,0.9441483188345392,1.0
100017935|F|0-68:T>C-68:T>C,,,0.14634146341463414,-138.59773913562617,74.93727962061018,-1.8495165535406932,0.07260675174396522,3.420711481821044,0.9441483188345392,1.0
100022062|F|0-25:G>T-25:G>T,,,0.14634146341463414,126.26530488689349,68.33461939497123,1.8477501741406552,0.07286818939444117,3.414180706036822,0.9441483188345392,1.0
100034096|F|0-46:G>C-46:G>C,Vu02 (old7),21233031.0,0.21250000000000002,-137.39555226693955,74.39998647062772,-1.8467147480084793,0.07302181322399154,3.410355360512021,0.9441483188345392,1.0
100034782|F|0-41:G>A-41:G>A,,,0.12162162162162161,-160.37724082412652,86.93035894119035,-1.8448933465536943,0.07329272051140845,3.4036314601580897,0.9441483188345392,1.0
100020795|F|0-42:T>C-42:T>C,,,0.12195121951219512,152.60230566206695,82.88427302379921,1.8411491118254613,0.07385231278840457,3.389830051975685,0.9441483188345392,1.0
100028772|F|0-54:C>T-54:C>T,,,0.21951219512195122,-145.89144255282363,79.24249381587998,-1.8410758612898095,0.07386329660095486,3.389560327024014,0.9441483188345392,1.0
100030726|F|0-25:C>G-25:C>G,,,0.1951219512195122,179.326371981695,98.45213105807109,1.821457494667342,0.0768555538604488,3.3177074048798305,0.9441483188345392,1.0
100033853|F|0-49:A>G-49:A>G,Vu06 (old6),26071343.0,0.45121951219512196,98.61941889695645,54.32478169531121,1.8153670538443842,0.0778051847675114,3.2955575401836397,0.9441483188345392,1.0
100020903|F|0-13:G>T-13:G>T,,,0.23170731707317074,182.1893287349892,100.44223875772882,1.8138716439250029,0.07803986805602894,3.2901303406351925,0.9441483188345392,1.0
100032829|F|0-7:T>A-7:T>A,,,0.3170731707317073,-126.2125004426923,69.72198711313843,-1.8102252340841387,0.07861463865094757,3.276915398114975,0.9441483188345392,1.0
100033468|F|0-18:T>A-18:T>A,Vu04 (old11),40488211.0,0.2073170731707317,-116.48392365235713,64.5090731030675,-1.805698300241399,0.07933319320721574,3.260546351494678,0.9441483188345392,1.0
100015005|F|0-68:T>A-68:T>A,,,0.34146341463414637,94.57682274449631,52.47591214017167,1.8022902106373355,0.07987781979256398,3.2482500033591712,0.9441483188345392,1.0
100033535|F|0-8:A>G-8:A>G,,,0.12195121951219512,-132.75101337014578,73.82151972322598,-1.7982698523121736,0.08052435659659675,3.2337744617348467,0.9441483188345392,1.0
100020177|F|0-41:C>G-41:C>G,,,0.24390243902439024,100.59907623306954,55.95351163041854,1.7979046051218688,0.08058331293192328,3.232460969118423,0.9441483188345392,1.0
100018025|F|0-39:C>T-39:C>T,,,0.1951219512195122,119.66419007676716,67.18029166293768,1.7812395140699282,0.08331241793558207,3.172814206484074,0.9441483188345392,1.0
100038927|F|0-38:C>G-38:C>G,,,0.18292682926829268,-121.37414761214991,68.20781209134141,-1.7794757505138867,0.08360576868182777,3.1665339466669606,0.9441483188345392,1.0
100029181|F|0-14:G>C-14:G>C,,,0.10975609756097561,-141.7918926191672,79.76319011782543,-1.7776607531583626,0.08390855008421139,3.1600777533195568,0.9441483188345392,1.0
100029242|F|0-37:C>T-37:C>T,,,0.3375,-94.26827937893415,53.0937893631085,-1.7755048285258612,0.0842694070107105,3.152417396118648,0.9441483188345392,1.0
100033325|F|0-21:T>C-21:T>C,,,0.13414634146341464,138.00925398743863,77.87719831762318,1.77213943193701,0.08483531962292307,3.140478166226029,0.9441483188345392,1.0
100021416|F|0-50:T>G-50:T>G,,,0.5,-88.42789445142743,50.19249795328715,-1.7617751269069128,0.08659829846606173,3.1038515977878687,0.9441483188345392,1.0
100014526|F|0-10:T>C-10:T>C,,,0.3157894736842105,104.02681599438968,59.1739323221549,1.7579838268656303,0.08725085748062059,3.0905071355211264,0.9441483188345392,1.0
100018830|F|0-21:C>T-21:C>T,,,0.4878048780487805,-110.26253893820277,62.91109181963172,-1.7526724739467132,0.0881719976361885,3.071860800930492,0.9441483188345392,1.0
100028939|F|0-16:C>T-16:C>T,,,0.34146341463414637,96.30237211571543,54.99001898435209,1.751270028532253,0.0884165807236053,3.0669467128353585,0.9441483188345392,1.0
100060618|F|0-5:A>G-5:A>G,,,0.18421052631578946,-137.5173452770545,78.79330830756979,-1.7452921857304855,0.08946550172338506,3.0460448135718954,0.9441483188345392,1.0
100041567|F|0-33:A>T-33:A>T,,,0.43902439024390244,107.30676758799524,61.79539429136981,1.7364848759122076,0.09102991294980892,3.0153797242718348,0.9441483188345392,1.0
100021629|F|0-12:T>C-12:T>C,,,0.17073170731707318,-124.38779691561305,71.66102811358745,-1.7357802447161406,0.0911560584051526,3.012933057946825,0.9441483188345392,1.0
100013678|F|0-60:A>T-60:A>T,,,0.32926829268292684,129.48993311016062,74.80592370160419,1.7310117528484412,0.09201358396539948,2.996401688499433,0.9441483188345392,1.0
100034599|F|0-15:A>G-15:A>G,,,0.32926829268292684,129.48993311016062,74.80592370160419,1.7310117528484412,0.09201358396539948,2.996401688499433,0.9441483188345392,1.0
100033949|F|0-43:T>C-43:T>C,,,0.45121951219512196,101.58160306054478,58.76082581894435,1.7287300109351955,0.09242629597944678,2.9885074507080014,0.9441483188345392,1.0
100019590|F|0-61:C>T-61:C>T,,,0.3170731707317073,89.99990091863687,52.0628105152827,1.7286792631415469,0.09243549260997391,2.9883319948156015,0.9441483188345392,1.0
100029687|F|0-47:A>T-47:A>T,,,0.17073170731707318,110.60475087139034,64.11639361283846,1.7250619481074991,0.09309300580417963,2.97583872480844,0.9441483188345392,1.0
100030458|F|0-10:C>T-10:C>T,,,0.17073170731707318,-150.1188997975081,87.03588884545525,-1.7247930915494623,0.09314203116873489,2.9749112086567515,0.9441483188345392,1.0
100019311|F|0-11:C>A-11:C>A,,,0.13414634146341464,124.37780001194143,72.19881430541996,1.7227125017010758,0.09352215228026013,2.9677383635171792,0.9441483188345392,1.0
100021959|F|0-60:G>A-60:G>A,Vu02 (old7),21244140.0,0.24390243902439024,-118.86707648103905,69.00213225858555,-1.722658019256341,0.09353212355094818,2.96755065130818,0.9441483188345392,1.0
100018106|F|0-5:T>C-5:T>C,Vu07 (old2),35385132.0,0.32926829268292684,-105.08060689464912,61.24494391770306,-1.7157433768875607,0.09480485998251384,2.9437753353335303,0.9441483188345392,1.0
100034526|F|0-38:G>A-38:G>A,,,0.21951219512195122,114.93377037850247,67.19667097907568,1.7104086959053615,0.09579663536343637,2.9254979070286793,0.9441483188345392,1.0
100058466|F|0-43:T>C-43:T>C,,,0.38749999999999996,132.75061601311626,77.62800416121567,1.7100866813144324,0.09585677734702151,2.924396457609009,0.9441483188345392,1.0
100040746|F|0-42:G>A-42:G>A,Vu07 (old2),31266697.0,0.4268292682926829,89.62804869217172,52.48801967317843,1.7075905940107696,0.09632403523465988,2.915865636754053,0.9441483188345392,1.0
100029664|F|0-7:G>A-7:G>A,,,0.32926829268292684,-105.93064438552297,62.24920650119623,-1.7017187903188344,0.09743070522813445,2.895846841324197,0.9441483188345392,1.0
100020992|F|0-62:A>G-62:A>G,,,0.4878048780487805,-94.90247563491842,56.3298517826566,-1.6847634536851017,0.10068587823102097,2.838427894872952,0.9441483188345392,1.0
100020248|F|0-34:C>A-34:C>A,,,0.1951219512195122,-115.72514592740175,68.7240045503339,-1.683911563137214,0.10085178384965227,2.835558152467215,0.9441483188345392,1.0
100029094|F|0-17:C>T-17:C>T,,,0.275,101.5672845705073,60.357843758358385,1.6827520376163572,0.10107796599753471,2.831654420102002,0.9441483188345392,1.0
100013102|F|0-12:T>C-12:T>C,,,0.3048780487804878,-103.87916981989657,61.92743558005332,-1.6774337391318657,0.10212077737444905,2.8137839491779117,0.9441483188345392,1.0
100029380|F|0-39:A>C-39:A>C,,,0.3048780487804878,-103.87916981989657,61.92743558005332,-1.6774337391318657,0.10212077737444905,2.8137839491779117,0.9441483188345392,1.0
100041955|F|0-54:C>T-54:C>T,,,0.32926829268292684,-89.39100338735076,53.37345049148607,-1.674821518267965,0.1026362396867733,2.805027118053412,0.9441483188345392,1.0
100019200|F|0-60:C>T-60:C>T,,,0.2682926829268293,100.78466335757506,60.30512848391502,1.6712453134803784,0.10334541769788304,2.793060897830128,0.9441483188345392,1.0
100015510|F|0-57:A>C-57:A>C,,,0.3902439024390244,-93.83638664402764,56.182776513124786,-1.6701984570325863,0.10355378058023165,2.789562885874032,0.9441483188345392,1.0
100029461|F|0-34:G>A-34:G>A,,,0.3902439024390244,-98.06218485123246,58.94574933641401,-1.6636006150600258,0.10487501300903954,2.767567006428096,0.9441483188345392,1.0
100014225|F|0-25:G>A-25:G>A,,,0.13414634146341464,153.2928376353334,92.27193877992018,1.6613158850054675,0.10533577348386286,2.7599704697714995,0.9441483188345392,1.0
100019395|F|0-49:A>G-49:A>G,Vu07 (old2),128608.0,0.2073170731707317,-120.62204849490142,72.88416879778914,-1.654982837624957,0.1066217122046074,2.7389681928331546,0.9441483188345392,1.0
100013718|F|0-18:C>A-18:C>A,,,0.10975609756097561,-143.12750507990592,86.63323878613986,-1.652108441117226,0.10720962788681018,2.7294623012107904,0.9441483188345392,1.0
100022289|F|0-10:A>G-10:A>G,,,0.1951219512195122,-119.9549276430476,72.65154239950782,-1.6510995318367836,0.10741661891257265,2.726129664031646,0.9441483188345392,1.0
100051037|F|0-43:C>T-43:C>T,,,0.13414634146341464,-126.01807750807838,76.67786771671855,-1.6434739418373507,0.10899179740320179,2.7010065974983997,0.9441483188345392,1.0
100014172|F|0-5:G>A-5:G>A,,,0.2804878048780488,-118.06649287627161,71.90241916836693,-1.6420378374169404,0.10929056598393354,2.6962882595089024,0.9441483188345392,1.0
100044400|F|0-16:A>G-16:A>G,,,0.2804878048780488,103.80580532682961,63.35324449502652,1.6385239012499,0.11002445477294263,2.684760574967192,0.9441483188345392,1.0
100035288|F|0-19:C>G-19:C>G,,,0.47560975609756095,-102.91340325339792,62.80998774387648,-1.6384878735059334,0.11003200016327781,2.6846425116259955,0.9441483188345392,1.0
100019075|F|0-58:G>A-58:G>A,Vu09 (old8),41940020.0,0.12195121951219512,132.77909225791402,81.09929620971467,1.637240992999009,0.11029340043093264,2.680558069156381,0.9441483188345392,1.0
100021909|F|0-26:T>C-26:T>C,,,0.34146341463414637,90.26314238397441,55.369451520752946,1.6301975169492695,0.11177963323454453,2.6575439442675637,0.9441483188345392,1.0
100019870|F|0-67:G>A-67:G>A,,,0.17073170731707318,128.8659814705301,79.08257640423524,1.6295116741243236,0.11192522739865766,2.6553082961074557,0.9441483188345392,1.0
100030838|F|0-17:T>C-17:T>C,,,0.19999999999999998,100.56187572591655,61.75439289765371,1.6284165547960117,0.11215802794611855,2.651740475933712,0.9441483188345392,1.0
100034348|F|0-49:T>G-49:T>G,,,0.2682926829268293,-100.02057801719573,61.56252448964003,-1.6246990981344107,0.1129512546023761,2.6396471594787676,0.9441483188345392,1.0
100021056|F|0-55:T>C-55:T>C,,,0.17073170731707318,113.96535712868608,70.41031611480486,1.6185889144832728,0.11426504268618894,2.6198300740881395,0.9441483188345392,1.0
100020878|F|0-38:C>T-38:C>T,,,0.2804878048780488,-90.5805717463902,56.02210137688969,-1.61687208298396,0.11463643668281026,2.61427533273289,0.9441483188345392,1.0
100041653|F|0-45:T>C-45:T>C,,,0.4102564102564103,115.04352905025385,71.20269069315383,1.6157188433514542,0.11488646681234056,2.610547380760961,0.9441483188345392,1.0
100033142|F|0-41:A>C-41:A>C,,,0.4878048780487805,-87.4891028795384,54.403468925861056,-1.6081530205135477,0.11653789421120292,2.586156137386847,0.9441483188345392,1.0
100028488|F|0-19:T>C-19:T>C,,,0.10975609756097561,130.43947223483735,81.40031735439692,1.6024442714017446,0.11779678972517804,2.5678276429482683,0.9441483188345392,1.0
100052891|F|0-8:C>T-8:C>T,,,0.4024390243902439,118.78087333906682,74.25117675290646,1.5997170487189256,0.11840211090166797,2.5590946359619893,0.9441483188345392,1.0
100021422|F|0-18:C>G-18:C>G,,,0.3048780487804878,-85.42851972300504,53.4651132188066,-1.5978366934974555,0.11882094407499583,2.5530820990868817,0.9441483188345392,1.0
100020014|F|0-36:G>C-36:G>C,,,0.4878048780487805,-88.57544747533768,55.6962290006963,-1.5903311420640407,0.12050481279742875,2.529153141418716,0.9441483188345392,1.0
100014015|F|0-51:C>G-51:C>G,,,0.47560975609756095,-95.36477279531942,60.14663008755065,-1.5855380867806648,0.12159028134762258,2.513931024632091,0.9441483188345392,1.0
100041283|F|0-68:T>A-68:T>A,,,0.43902439024390244,-92.99501638741559,58.65448064536405,-1.5854716530469484,0.12160538219162258,2.513720362615423,0.9441483188345392,1.0
100043228|F|0-41:G>A-41:G>A,,,0.24390243902439024,107.17819266242385,67.99709471313757,1.576217235671338,0.12372395261030501,2.484460774027394,0.9441483188345392,1.0
100038942|F|0-11:T>A-11:T>A,,,0.3902439024390244,154.8516700924429,98.31977778464417,1.5749798624608773,0.12400948056385594,2.480561567157284,0.9441483188345392,1.0
100021425|F|0-50:G>C-50:G>C,,,0.14634146341463414,112.86313445448731,72.02211963600573,1.56706210570987,0.12584923349398267,2.4556836431518514,0.9441483188345392,1.0
100015850|F|0-28:G>T-28:G>T,,,0.10975609756097561,124.0844097299839,79.2170739070703,1.5663846644417536,0.1260076660000985,2.4535609169983053,0.9441483188345392,1.0
100033672|F|0-41:T>A-41:T>A,Vu02 (old7),6408415.0,0.10975609756097561,124.0844097299839,79.2170739070703,1.5663846644417536,0.1260076660000985,2.4535609169983053,0.9441483188345392,1.0
100015006|F|0-61:G>T-61:G>T,,,0.24390243902439024,96.61287211078067,61.689075602639186,1.5661261117462324,0.1260681761252596,2.4527509978933724,0.9441483188345392,1.0
100034510|F|0-47:C>T-47:C>T,,,0.21951219512195122,106.48753863760514,68.11826634269364,1.5632743514328589,0.12673715073669117,2.4438266978478254,0.9441483188345392,1.0
100019055|F|0-38:T>A-38:T>A,,,0.17073170731707318,-102.86250700180787,65.82711532568558,-1.5626160510435,0.12689198520852166,2.4417689229787825,0.9441483188345392,1.0
100036118|F|0-16:G>C-16:G>C,,,0.24358974358974358,-89.70205323707566,57.609724725041495,-1.5570644307919153,0.12820385519205615,2.424449641637351,0.9441483188345392,1.0
100015232|F|0-9:G>T-9:G>T,Vu01 (old4),18488835.0,0.47560975609756095,80.04402503056525,51.61767246817279,1.550709693078858,0.12971896781555578,2.404700552208726,0.9441483188345392,1.0
100019282|F|0-52:T>A-52:T>A,Vu04 (old11),1200237.0,0.32926829268292684,98.12328645540165,63.40058575979717,1.5476716071229493,0.13044841719594638,2.3952874034945326,0.9441483188345392,1.0
100033420|F|0-60:C>A-60:C>A,,,0.32926829268292684,98.12328645540165,63.40058575979717,1.5476716071229493,0.13044841719594638,2.3952874034945326,0.9441483188345392,1.0
100029793|F|0-30:G>A-30:G>A,,,0.12195121951219512,-114.85473297953882,74.25908992666972,-1.5466757415551011,0.13068824659787912,2.392205849515022,0.9441483188345392,1.0
100038463|F|0-13:A>C-13:A>C,,,0.13414634146341464,-130.4995431233576,84.50683111474646,-1.5442484518933215,0.13127429192686768,2.3847032811749203,0.9441483188345392,1.0
100015194|F|0-9:C>T-9:C>T,,,0.2804878048780488,104.15758345301825,67.71238668919361,1.5382353000066533,0.13273525540576267,2.3661678381865587,0.9441483188345392,1.0
100016739|F|0-27:A>C-27:A>C,Vu02 (old7),30482677.0,0.2804878048780488,104.15758345301825,67.71238668919361,1.5382353000066533,0.13273525540576267,2.3661678381865587,0.9441483188345392,1.0
100030143|F|0-33:C>T-33:C>T,,,0.2804878048780488,104.15758345301825,67.71238668919361,1.5382353000066533,0.13273525540576267,2.3661678381865587,0.9441483188345392,1.0
100034189|F|0-36:A>T-36:A>T,,,0.12195121951219512,111.30358591143222,72.57891032214965,1.5335527278847083,0.1338820017491126,2.3517839692026303,0.9441483188345392,1.0
100030268|F|0-10:A>C-10:A>C,,,0.3780487804878049,90.37516250281794,59.084829610136964,1.5295831958752508,0.13486036916776833,2.339624753103946,0.9441483188345392,1.0
100033819|F|0-67:C>G-67:C>G,,,0.3780487804878049,90.37516250281794,59.084829610136964,1.5295831958752508,0.13486036916776833,2.339624753103946,0.9441483188345392,1.0
100039949|F|0-62:A>T-62:A>T,,,0.43902439024390244,119.02495057542791,77.90577623895406,1.527806490373093,0.13530013379080205,2.334192672026148,0.9441483188345392,1.0
100035171|F|0-38:C>T-38:C>T,,,0.2804878048780488,101.03070871121544,66.21657909227561,1.525761525228068,0.13580772544820677,2.3279482318662805,0.9441483188345392,1.0
100014668|F|0-30:A>T-30:A>T,,,0.2682926829268293,-100.94010928087006,66.37433850003488,-1.5207700982333257,0.13705310954881422,2.312741691680599,0.9471348820605554,1.0
100019864|F|0-41:A>G-41:A>G,,,0.14634146341463414,114.56192765609207,75.64955208267101,1.5143768139023086,0.13866165379619738,2.2933371344849074,0.9525809470851193,1.0
100028785|F|0-15:C>T-15:C>T,,,0.15853658536585366,-107.14360166331164,71.22660983582101,-1.5042636721062554,0.14123701615542952,2.262809195218596,0.9618080550345153,1.0
100041804|F|0-41:G>A-41:G>A,,,0.3076923076923077,78.04360598189069,51.938683580960415,1.5026103975130354,0.14166165151671156,2.257838006714282,0.9618080550345153,1.0
100017001|F|0-30:T>G-30:T>G,,,0.4146341463414634,68.55138729223232,45.86608066021535,1.4945987602488653,0.14373389529219682,2.233825454137445,0.9692603361951336,1.0
100013207|F|0-60:C>G-60:C>G,Vu07 (old2),29186793.0,0.4146341463414634,101.68437445063753,68.39508558998861,1.4867204796000968,0.14579519745444505,2.2103377844623417,0.9692603361951336,1.0
100028940|F|0-16:C>T-16:C>T,,,0.34146341463414637,80.6311473283233,54.28804664795214,1.4852467956933733,0.14618338315534468,2.2059580441174327,0.9692603361951336,1.0
100015067|F|0-38:T>A-38:T>A,,,0.25609756097560976,-80.58093553010623,54.36923731925642,-1.4821053136525457,0.14701363733728304,2.196636160757111,0.9692603361951336,1.0
100044970|F|0-28:C>T-28:C>T,,,0.10975609756097561,125.96202228789241,85.02556495142282,1.4814605743561666,0.14718449766251157,2.194725433371703,0.9692603361951336,1.0
100017549|F|0-22:C>T-22:C>T,,,0.3902439024390244,110.57919556020379,74.75398080707544,1.479241565015592,0.14777375980867216,2.1881556076697777,0.9692603361951336,1.0
100043219|F|0-41:C>T-41:C>T,,,0.2926829268292683,105.52990512935817,71.57969431090325,1.4742994664240068,0.1490928940787735,2.173558916698111,0.9692603361951336,1.0
100058672|F|0-30:C>T-30:C>T,,,0.17105263157894735,-120.42117821191573,82.14769186105963,-1.4659106723971005,0.1513534356732764,2.1488940994477193,0.9692603361951336,1.0
100017582|F|0-57:G>A-57:G>A,,,0.18292682926829268,-89.12102315164712,61.29053115756266,-1.4540749030635616,0.1545890115017016,2.114333823719306,0.9692603361951336,1.0
100019068|F|0-18:T>C-18:T>C,,,0.23170731707317074,-74.78949203600203,51.656753617144894,-1.4478163415050413,0.15632193126035188,2.0961721587290425,0.9692603361951336,1.0
100013355|F|0-21:A>G-21:A>G,,,0.35365853658536583,80.4049368186345,55.536750309504235,1.447778927836807,0.15633233663428175,2.0960638238882945,0.9692603361951336,1.0
100035819|F|0-44:C>T-44:C>T,,,0.13414634146341464,-96.01045640236664,66.91769903467652,-1.4347542994957785,0.15998808633406458,2.058519899921622,0.9692603361951336,1.0
100019372|F|0-56:G>A-56:G>A,,,0.16249999999999998,122.51883126720149,85.43946541930208,1.4339840572027107,0.16020637006730568,2.0563102763115473,0.9692603361951336,1.0
100020456|F|0-16:A>C-16:A>C,,,0.3902439024390244,80.60596191066152,56.234015715979886,1.4334022012188596,0.16037142133379473,2.054641870459072,0.9692603361951336,1.0
100039244|F|0-37:G>C-37:G>C,,,0.4268292682926829,107.272571036945,75.51889161589632,1.4204733245100316,0.1640735224897263,2.0177444656445815,0.9692603361951336,1.0
100019198|F|0-35:G>T-35:G>T,,,0.15000000000000002,85.05881501627971,59.97149403149202,1.418320760386825,0.16469636107361624,2.011633779344262,0.9692603361951336,1.0
100018265|F|0-5:C>T-5:C>T,,,0.3205128205128205,89.82458932705543,63.34007078667449,1.4181321272844674,0.1647510298447343,2.0110987304363688,0.9692603361951336,1.0
100038943|F|0-17:C>T-17:C>T,,,0.4146341463414634,-72.0836729618594,51.42956395659553,-1.4015999245627497,0.16959784351628931,1.9644823485343057,0.9692603361951336,1.0
100017341|F|0-38:C>A-38:C>A,,,0.4878048780487805,102.18548487896211,73.09261463943754,1.3980274940640494,0.17065968679454757,1.9544808741590056,0.9692603361951336,1.0
100018597|F|0-60:C>T-60:C>T,,,0.36585365853658536,-74.91958894724773,53.60825633704704,-1.3975382537385959,0.1708055081986031,1.953113170662724,0.9692603361951336,1.0
100013996|F|0-45:C>T-45:C>T,Vu06 (old6),24104002.0,0.23076923076923073,76.0086771179882,54.44392746219142,1.3960909996945468,0.17123744147000233,1.949070079428119,0.9692603361951336,1.0
100021295|F|0-53:G>T-53:G>T,,,0.23170731707317074,80.71926865539186,57.88577421419969,1.3944577877925486,0.17172589687137668,1.9445125219352886,0.9692603361951336,1.0
100044399|F|0-36:G>A-36:G>A,,,0.3048780487804878,75.6010044901843,54.261709102222696,1.3932661860642994,0.17208296214200214,1.941190665230159,0.9692603361951336,1.0
100039121|F|0-17:A>G-17:A>G,,,0.18292682926829268,-101.1084000486154,72.85056561088183,-1.3878876464551793,0.1737018563783733,1.9262321191828966,0.9692603361951336,1.0
100013424|F|0-13:C>A-13:C>A,,,0.21951219512195122,87.49502581593588,63.15365199941895,1.3854309774000224,0.1744452265398062,1.9194189931395813,0.9692603361951336,1.0
100018779|F|0-10:A>G-10:A>G,Vu09 (old8),32879608.0,0.4634146341463415,-74.84925342487345,54.29049887762089,-1.3786805237062778,0.17650061046131468,1.9007599864470164,0.9692603361951336,1.0
100019357|F|0-62:A>C-62:A>C,Vu11 (old9),27999283.0,0.2926829268292683,80.36582929520497,58.30194448664658,1.378441662672364,0.1765736821934744,1.9001014173909512,0.9692603361951336,1.0
100017367|F|0-26:T>C-26:T>C,,,0.23170731707317074,-80.88500158520638,58.779351742464904,-1.3760784899363112,0.17729788423955734,1.8935920104653985,0.9692603361951336,1.0
100019248|F|0-30:G>A-30:G>A,Vu02 (old7),25315767.0,0.22499999999999998,-81.50068980162658,59.24296017623754,-1.3757025232901285,0.17741331271293412,1.8925574325868266,0.9692603361951336,1.0
100029358|F|0-25:G>A-25:G>A,,,0.2682926829268293,-93.30055622460797,67.96963558556031,-1.3726799536413734,0.1783434156207812,1.8842502551288831,0.9692603361951336,1.0
100014062|F|0-62:G>A-62:G>A,,,0.18292682926829268,-105.91619130280908,77.24087952008715,-1.3712452779006055,0.1787862142182567,1.8803136121647086,0.9692603361951336,1.0
100019105|F|0-61:T>C-61:T>C,,,0.17073170731707318,95.59598057506771,69.74163499966666,1.3707160805095067,0.17894976077655558,1.8788625733673443,0.9692603361951336,1.0
100020777|F|0-46:A>G-46:A>G,,,0.4390243902439024,71.92776843366279,52.49113206218497,1.3702841910220513,0.17908332058216764,1.8776787641649577,0.9692603361951336,1.0
100029056|F|0-22:A>T-22:A>T,,,0.17073170731707318,-100.46428892480624,73.49497727162282,-1.3669544866108363,0.18011561083078065,1.868564568465495,0.9692603361951336,1.0
100016790|F|0-63:A>T-63:A>T,,,0.18292682926829268,106.03971366713638,77.72866444075079,1.3642291994861933,0.18096394039726418,1.8611213087307397,0.9692603361951336,1.0
100018699|F|0-47:A>G-47:A>G,,,0.1375,88.43978506798695,64.89402387185947,1.3628340452831407,0.18139941977639853,1.8573166349828094,0.9692603361951336,1.0
100043186|F|0-41:T>C-41:T>C,,,0.3902439024390244,84.73575073090679,62.224260628121,1.3617799532777761,0.18172897813729927,1.8544446411492221,0.9692603361951336,1.0
100015226|F|0-25:T>A-25:T>A,,,0.21951219512195122,100.3048146626637,73.69595408658293,1.3610627056245028,0.18195348775151668,1.852491688641892,0.9692603361951336,1.0
100044509|F|0-10:A>G-10:A>G,,,0.175,113.73700939573979,83.58948416217557,1.3606616972904595,0.18207910297511176,1.851400254473354,0.9692603361951336,1.0
100021043|F|0-14:C>T-14:C>T,,,0.3048780487804878,78.00371308156923,57.38150441079311,1.3593877309863143,0.1824786156246489,1.84793500315612,0.9692603361951336,1.0
100018369|F|0-55:T>C-55:T>C,,,0.25609756097560976,83.08654430246314,61.30931436422386,1.3552026337933907,0.18379581943034268,1.836574178640543,0.9692603361951336,1.0
100059433|F|0-8:T>C-8:T>C,,,0.11249999999999999,-120.10960554074335,88.8363882116314,-1.352031616308072,0.18479873225734905,1.8279894914966173,0.9692603361951336,1.0
100060051|F|0-42:G>A-42:G>A,,,0.23170731707317074,-101.225904261975,74.96846489217366,-1.3502464590620489,0.18536518603953742,1.8231655002096012,0.9692603361951336,1.0
100033689|F|0-56:C>T-56:C>T,,,0.32926829268292684,67.46195397201294,50.03062175298862,1.348413263882395,0.18594827460467353,1.8182183302139732,0.9692603361951336,1.0
100014778|F|0-65:A>G-65:A>G,Vu03 (old3),51500985.0,0.4268292682926829,-68.33512323091097,50.71504665732818,-1.3474329165590295,0.18626067520275705,1.8155754646267726,0.9692603361951336,1.0
100017631|F|0-51:G>A-51:G>A,Vu03 (old3),64729430.0,0.15853658536585366,100.84828448875658,75.13270860234867,1.3422687184420772,0.18791299082850552,1.8016853125081362,0.9692603361951336,1.0
100028230|F|0-30:T>C-30:T>C,,,0.10526315789473673,86.89737770791108,65.04878643267983,1.3358800751470243,0.18997264437524988,1.7845755751748194,0.9692603361951336,1.0
100029674|F|0-32:C>G-32:C>G,,,0.2926829268292683,86.1340596017022,64.59340151817587,1.3334807825140629,0.190750620388192,1.7781709973343174,0.9692603361951336,1.0
100041134|F|0-8:G>C-8:G>C,,,0.17073170731707318,92.04370936905417,69.22513582227687,1.3296284402440164,0.19200485994444882,1.7679117891057359,0.9692603361951336,1.0
100015115|F|0-13:C>T-13:C>T,,,0.34146341463414637,74.60122526450292,56.24008839567914,1.3264777384353195,0.19303535031111665,1.7595431905644798,0.9692603361951336,1.0
100021519|F|0-20:C>T-20:C>T,,,0.35365853658536583,68.99742142166018,52.01948240575784,1.32637654645374,0.1930685169074815,1.7592747429825504,0.9692603361951336,1.0
100029761|F|0-20:T>G-20:T>G,Vu02 (old7),30481386.0,0.2682926829268293,90.483944897083,68.51876585580254,1.3205717261094003,0.19497841099882945,1.7439096837995611,0.9692603361951336,1.0
100017079|F|0-12:A>G-12:A>G,,,0.25609756097560976,65.76213443539555,49.965957008058076,1.3161387947555974,0.1964466267538667,1.7322213270607165,0.9692603361951336,1.0
100015801|F|0-31:A>T-31:A>T,,,0.17073170731707318,-93.88102770006529,71.3956958546506,-1.3149395993168969,0.19684525481511053,1.7290661498516813,0.9692603361951336,1.0
100033255|F|0-59:G>A-59:G>A,,,0.1875,-76.51962939258868,58.28625276115624,-1.3128246501992271,0.19754979494968694,1.7235085621707231,0.9692603361951336,1.0
100021344|F|0-55:A>T-55:A>T,,,0.10975609756097561,131.4387839175048,100.19560064175478,1.3118219071060686,0.1978845039164467,1.7208767159634029,0.9692603361951336,1.0
100033134|F|0-15:C>T-15:C>T,,,0.10975609756097561,131.4387839175048,100.19560064175478,1.3118219071060686,0.1978845039164467,1.7208767159634029,0.9692603361951336,1.0
100058484|F|0-60:G>A-60:G>A,,,0.10975609756097561,131.4387839175048,100.19560064175478,1.3118219071060686,0.1978845039164467,1.7208767159634029,0.9692603361951336,1.0
100049169|F|0-65:G>T-65:G>T,,,0.36585365853658536,-71.32516781184658,54.42992368273733,-1.3104035976164274,0.19835866414023953,1.717157588646076,0.9692603361951336,1.0
100033749|F|0-66:A>C-66:A>C,,,0.17073170731707318,106.80671951198238,81.58632422629346,1.3091252795718054,0.19878676468419593,1.7138089976139574,0.9692603361951336,1.0
100053981|F|0-26:G>A-26:G>A,,,0.17073170731707318,106.80671951198238,81.58632422629346,1.3091252795718054,0.19878676468419593,1.7138089976139574,0.9692603361951336,1.0
100029970|F|0-30:G>A-30:G>A,,,0.17073170731707318,106.80671951198238,81.58632422629346,1.3091252795718054,0.19878676468419593,1.7138089976139574,0.9692603361951336,1.0
100033683|F|0-28:G>C-28:G>C,,,0.17073170731707318,106.80671951198238,81.58632422629346,1.3091252795718054,0.19878676468419593,1.7138089976139574,0.9692603361951336,1.0
100034369|F|0-66:G>A-66:G>A,,,0.17073170731707318,106.80671951198238,81.58632422629346,1.3091252795718054,0.19878676468419593,1.7138089976139574,0.9692603361951336,1.0
100019141|F|0-40:G>A-40:G>A,,,0.14634146341463414,-83.91108926309496,64.26872992559554,-1.3056285593357697,0.19996138930797663,1.7046659349531976,0.9692603361951336,1.0
100019656|F|0-61:T>G-61:T>G,,,0.3170731707317073,-79.8603899785384,61.23452661413921,-1.3041725705134857,0.200452042382455,1.7008660936797528,0.9692603361951336,1.0
100019246|F|0-54:A>C-54:A>C,,,0.4878048780487805,-76.35876558375118,58.5560702658964,-1.304028177386474,0.2005007512325828,1.700489487417889,0.9692603361951336,1.0
100017737|F|0-19:T>C-19:T>C,,,0.15853658536585366,105.70395210877017,81.19998198041723,1.3017730981056435,0.20126263692464952,1.6946131989515651,0.9692603361951336,1.0
100040372|F|0-42:A>T-42:A>T,,,0.26249999999999996,85.5075846484238,66.01440328754295,1.2952867918228879,0.20346632235045625,1.6777678730708292,0.9692603361951336,1.0
100041823|F|0-64:C>T-64:C>T,,,0.4634146341463415,74.92260637586851,58.137730593730765,1.2887088231811328,0.2057197953148588,1.6607704309449,0.9692603361951336,1.0
100039167|F|0-27:C>T-27:C>T,,,0.4146341463414634,81.28509411805233,63.28244812750533,1.2844808714459681,0.20717814725530728,1.6498911091105937,0.9692603361951336,1.0
100013199|F|0-52:T>C-52:T>C,,,0.10975609756097561,-113.10506389440525,88.28693215982196,-1.2811076467087577,0.20834727338204032,1.641236802455651,0.9692603361951336,1.0
100018913|F|0-12:G>A-12:G>A,,,0.36585365853658536,80.895170578081,63.25651005622208,1.2788434029348403,0.20913482868883315,1.6354404492299623,0.9692603361951336,1.0
100029850|F|0-32:T>C-32:T>C,,,0.4146341463414634,75.15514703491893,58.79248925817492,1.2783120426299832,0.20931997300649166,1.63408167833284,0.9692603361951336,1.0
100058370|F|0-6:C>T-6:C>T,,,0.3170731707317073,-96.50396888017681,75.59292074603914,-1.2766270694102444,0.20990789409477173,1.629776674350989,0.9692603361951336,1.0
100021860|F|0-9:A>C-9:A>C,,,0.14634146341463414,84.65809586198482,66.57771405525035,1.271568077446009,0.21168056223011658,1.6168853755797394,0.9692603361951336,1.0
100016587|F|0-41:C>T-41:C>T,Vu03 (old3),57417157.0,0.3048780487804878,-68.47597886987018,53.97789326323989,-1.2685930244799641,0.21272827134916825,1.6093282617592228,0.9692603361951336,1.0
100014032|F|0-46:C>T-46:C>T,,,0.3170731707317073,-72.36289527650355,57.12602714538496,-1.2667237490949785,0.2133885577608476,1.6045890565212382,0.9692603361951336,1.0
100038400|F|0-11:G>A-11:G>A,,,0.5,73.5831280770833,58.23281307011758,1.2636024982767458,0.21449451455668364,1.5966912736512333,0.9692603361951336,1.0
100017630|F|0-52:A>T-52:A>T,,,0.2073170731707317,-87.25260246986504,69.08836055859082,-1.2629131993350735,0.21473933429105377,1.594949749054751,0.9692603361951336,1.0
100019409|F|0-55:T>C-55:T>C,Vu08 (old5),17257027.0,0.14634146341463414,106.13363202771905,84.31114791746627,1.2588327243701534,0.21619290538514999,1.5846598279451825,0.9692603361951336,1.0
100017267|F|0-60:T>C-60:T>C,Vu07 (old2),29861358.0,0.3048780487804878,-62.21707811149386,49.68118344665693,-1.2523268125908638,0.21852572713256757,1.5683224455339924,0.9692603361951336,1.0
100020859|F|0-32:T>C-32:T>C,,,0.17073170731707318,-77.44874952283419,61.845831665961626,-1.252287299508659,0.21853995267773138,1.5682234805106896,0.9692603361951336,1.0
100034887|F|0-39:C>G-39:C>G,,,0.15853658536585366,86.50448438608669,69.11500008687484,1.251602174308818,0.21878672247588452,1.5665080027345606,0.9692603361951336,1.0
100035334|F|0-35:T>C-35:T>C,,,0.4146341463414634,78.81875806465771,63.14914997421229,1.2481364847641543,0.22003819807668945,1.55784468459942,0.9692603361951336,1.0
100021838|F|0-57:A>G-57:A>G,Vu07 (old2),38535679.0,0.3048780487804878,82.56298097373721,66.27193983404233,1.245821099857508,0.22087727108200092,1.552070212850171,0.9692603361951336,1.0
100014678|F|0-12:C>T-12:C>T,,,0.2682926829268293,79.99138383871477,64.32285966582313,1.2435918467290539,0.22168738729026186,1.5465206812509786,0.9692603361951336,1.0
100014679|F|0-16:C>A-16:C>A,Vu07 (old2),38481917.0,0.4146341463414634,83.97238460038575,67.56355904744012,1.2428650264179257,0.22195199458192758,1.5447134738928312,0.9692603361951336,1.0
100021950|F|0-63:C>T-63:C>T,,,0.12195121951219512,103.63649438484525,83.38731412352311,1.2428328634176498,0.22196370933646695,1.5446335263909146,0.9692603361951336,1.0
100015889|F|0-55:C>G-55:C>G,Vu04 (old11),34569598.0,0.47560975609756095,-63.07655808807532,50.80043722835664,-1.2416538425552406,0.22239346361113096,1.5417042647321941,0.9692603361951336,1.0
100040406|F|0-33:C>T-33:C>T,,,0.2692307692307692,98.81954388335149,79.75924524776956,1.2389729062301396,0.22337297773523218,1.5350538623723582,0.9692603361951336,1.0
100016523|F|0-36:G>T-36:G>T,Vu03 (old3),39488805.0,0.2926829268292683,-73.6442763571356,59.46820255276396,-1.23838073450755,0.2235897681989522,1.5335868435994588,0.9692603361951336,1.0
100020171|F|0-10:G>A-10:G>A,,,0.10975609756097561,-114.67934890140646,92.70504945171862,-1.2370345475208682,0.22408318243604347,1.530254471760159,0.9692603361951336,1.0
100016871|F|0-26:A>G-26:A>G,,,0.3780487804878049,67.83963972470856,54.91284310608385,1.235405706341811,0.22468128112893115,1.5262272592619088,0.9692603361951336,1.0
100014627|F|0-15:C>G-15:C>G,,,0.34146341463414637,61.27827699387098,49.6293537043621,1.2347184160184825,0.2249340054570182,1.5245295668551906,0.9692603361951336,1.0
100015367|F|0-46:A>T-46:A>T,,,0.4878048780487805,-57.877516145271095,46.88504398105829,-1.2344558356104731,0.22503061505413513,1.5238812100727515,0.9692603361951336,1.0
100035332|F|0-65:G>A-65:G>A,Vu04 (old11),505287.0,0.35,73.92955744639806,59.948655361448964,1.2332146067439531,0.2254877108674493,1.520818266286643,0.9692603361951336,1.0
100018771|F|0-36:T>G-36:T>G,,,0.4146341463414634,-68.67689174251815,55.93322729057301,-1.2278371027250374,0.2274760152759647,1.507583950828214,0.9692603361951336,1.0
100060605|F|0-26:G>C-26:G>C,,,0.15853658536585366,93.33695502939972,76.1294797550336,1.2260290669230323,0.22814744420585215,1.5031472729401611,0.9692603361951336,1.0
100038566|F|0-46:T>A-46:T>A,,,0.15853658536585366,93.33695502939972,76.1294797550336,1.2260290669230323,0.22814744420585215,1.5031472729401611,0.9692603361951336,1.0
100034752|F|0-27:G>T-27:G>T,,,0.15853658536585366,93.33695502939972,76.1294797550336,1.2260290669230323,0.22814744420585215,1.5031472729401611,0.9692603361951336,1.0
100038773|F|0-28:C>G-28:C>G,,,0.47560975609756095,-65.40259605068397,53.390022125285114,-1.22499660886467,0.2285315152836361,1.5006166917299413,0.9692603361951336,1.0
100016225|F|0-50:A>C-50:A>C,,,0.3170731707317073,77.3508599500176,63.33957970818065,1.2212089234944403,0.22994463066478446,1.4913512348224498,0.9692603361951336,1.0
100018760|F|0-65:A>G-65:A>G,,,0.47560975609756095,72.9261212604504,59.89567836400267,1.2175523051472614,0.23131498103559323,1.48243361576941,0.9692603361951336,1.0
100019676|F|0-10:G>T-10:G>T,,,0.2926829268292683,-73.79069953177594,60.662872936817735,-1.2164062788228187,0.23174570643008857,1.4796442351595769,0.9692603361951336,1.0
100018935|F|0-28:A>T-28:A>T,,,0.17073170731707318,-87.78836214963175,72.1893983400608,-1.216083859517561,0.23186699220855667,1.478859953379127,0.9692603361951336,1.0
100044913|F|0-36:G>T-36:G>T,,,0.15384615384615385,78.99025383218908,65.03454562815385,1.2145891551826837,0.23242987473506244,1.4752268158873854,0.9692603361951336,1.0
100020292|F|0-58:T>C-58:T>C,Vu07 (old2),39103737.0,0.35365853658536583,93.83982858744051,77.45912900689525,1.2114753908359475,0.2336057140108748,1.4676726226011116,0.9692603361951336,1.0
100016083|F|0-25:C>A-25:C>A,,,0.24390243902439024,90.62669923178498,74.83172130584113,1.2110732941901599,0.233757876084959,1.4666985239006054,0.9692603361951336,1.0
100020066|F|0-27:G>C-27:G>C,,,0.4268292682926829,58.5824145413823,48.46500485320384,1.208757013825196,0.2346358323122939,1.461093518471605,0.9694384388418976,1.0
100028764|F|0-26:A>T-26:A>T,,,0.5,81.08188843724353,67.33526555141106,1.2041519072251496,0.2363885627956495,1.4499818156739654,0.9706564448519841,1.0
100033734|F|0-65:A>G-65:A>G,,,0.10975609756097561,93.43148337243719,77.771480905092,1.2013591908640107,0.2374561760265526,1.4432639054734304,0.9706564448519841,1.0
100021651|F|0-68:A>T-68:A>T,,,0.18292682926829268,96.3457803302533,80.20492064258397,1.2012452547593384,0.23749980731997355,1.4429901620818277,0.9706564448519841,1.0
100021654|F|0-23:G>T-23:G>T,,,0.17073170731707318,84.70915642492851,71.06163260123212,1.1920519318811675,0.24103982018418157,1.4209878083016236,0.9706564448519841,1.0
100034493|F|0-32:C>T-32:C>T,,,0.17073170731707318,84.70915642492851,71.06163260123212,1.1920519318811675,0.24103982018418157,1.4209878083016236,0.9706564448519841,1.0
100017265|F|0-28:G>A-28:G>A,Vu03 (old3),52001826.0,0.4634146341463415,-67.67233760779165,56.77839837887739,-1.1918676739738225,0.24111116492967466,1.4205485522637702,0.9706564448519841,1.0
100059264|F|0-28:T>G-28:T>G,Vu03 (old3),7290112.0,0.25609756097560976,85.9669125615137,72.14907188398746,1.1915179269352865,0.2412466297588772,1.4197149702081626,0.9706564448519841,1.0
100035017|F|0-19:T>C-19:T>C,,,0.4146341463414634,65.77832025115931,55.26754461197217,1.190179891525528,0.2417653961550093,1.4165281741917175,0.9706564448519841,1.0
100040977|F|0-30:G>T-30:G>T,,,0.2682926829268293,-80.53823383808317,67.77006694452228,-1.1884042243017574,0.24245509819730868,1.4123046003382618,0.9706564448519841,1.0
100041156|F|0-37:T>C-37:T>C,,,0.2073170731707317,76.19512221019336,64.42068822920106,1.1827741103774037,0.2446514707167654,1.3989545961790586,0.9727598371736426,1.0
100015308|F|0-63:C>T-63:C>T,,,0.4268292682926829,-56.455144461081105,47.73161946163114,-1.182761974092715,0.24465622089121758,1.3989258873596966,0.9727598371736426,1.0
100014831|F|0-22:G>T-22:G>T,,,0.24390243902439024,-64.47417848774904,54.73768266334718,-1.1778755575803999,0.24657426233382457,1.3873908291453378,0.9730977582026579,1.0
100021397|F|0-9:C>T-9:C>T,,,0.4878048780487805,-64.88988199434408,55.15626063000533,-1.1764735544643432,0.24712660568808004,1.384090024353966,0.9730977582026579,1.0
100041774|F|0-19:G>A-19:G>A,Vu03 (old3),27017059.0,0.45121951219512196,62.886435912088146,53.58397239949375,1.1736053356261111,0.2482594021203907,1.377349483810077,0.9730977582026579,1.0
100028365|F|0-14:C>A-14:C>A,,,0.4634146341463415,-64.46312573338344,55.14340118347942,-1.169008881387174,0.25008264747623304,1.3665817647620917,0.9730977582026579,1.0
100013762|F|0-26:A>T-26:A>T,,,0.43902439024390244,-69.42573959241416,59.52051818402417,-1.1664169216028204,0.2511150710098599,1.3605284350014,0.9730977582026579,1.0
100036056|F|0-31:G>A-31:G>A,,,0.29268292682926833,-65.25375368258881,56.178816200461284,-1.1615366448759916,0.2530673761360019,1.3491673773897754,0.9730977582026579,1.0
100015328|F|0-33:T>C-33:T>C,,,0.25609756097560976,61.13564268147685,52.64949447825213,1.1611819503173024,0.2532096964266255,1.3483435217426942,0.9730977582026579,1.0
100021376|F|0-67:G>C-67:G>C,,,0.2073170731707317,89.70518855638879,77.72778784898199,1.1540941925515467,0.2560658273617472,1.3319334052812064,0.9730977582026579,1.0
100033340|F|0-7:A>T-7:A>T,,,0.24390243902439024,77.203711716105,67.03261647994441,1.151733525711378,0.25702225618756347,1.3264901142475616,0.9730977582026579,1.0
100033755|F|0-33:T>A-33:T>A,,,0.3780487804878049,78.27519160427619,67.98693857130458,1.151326905567035,0.2571872596711133,1.3255536434825643,0.9730977582026579,1.0
100014760|F|0-37:A>T-37:A>T,,,0.3902439024390244,71.33622906471885,61.965906327364124,1.1512173918323985,0.25723171263583994,1.32530148325739,0.9730977582026579,1.0
100015147|F|0-16:C>G-16:C>G,,,0.47560975609756095,-61.779017952689706,53.730429829809516,-1.1497957144280064,0.2578092931759599,1.3220301849170097,0.9730977582026579,1.0
100020980|F|0-48:G>A-48:G>A,,,0.14634146341463414,85.63049831823811,74.48364291024822,1.1496550782488135,0.25786647991622236,1.3217067989432856,0.9730977582026579,1.0
100013548|F|0-31:T>C-31:T>C,,,0.12195121951219512,-92.07465862195836,80.97608543542006,-1.1370598878281122,0.2630252734983634,1.292905188507679,0.9730977582026579,1.0
100045148|F|0-42:T>C-42:T>C,,,0.25,-73.71054115005302,64.83369982519889,-1.1369170870826033,0.26308418515283877,1.2925804629003919,0.9730977582026579,1.0
100018124|F|0-61:T>A-61:T>A,,,0.47560975609756095,61.54447591304673,54.13389853889033,1.13689347292866,0.26309392795531444,1.2925267687877897,0.9730977582026579,1.0
100014423|F|0-36:C>T-36:C>T,,,0.14634146341463414,91.51943907636218,80.53139594323129,1.1364442153824907,0.2632793334937355,1.291505454676325,0.9730977582026579,1.0
100015162|F|0-62:C>T-62:C>T,,,0.17073170731707318,-81.48161067349373,71.82580947074844,-1.134433586950074,0.26411025742771754,1.2869395632004108,0.9730977582026579,1.0
100015597|F|0-7:A>G-7:A>G,,,0.18292682926829268,-84.63419151961902,74.85079751114368,-1.130705274142454,0.2656560250410719,1.278494416973562,0.9730977582026579,1.0
100034591|F|0-27:A>G-27:A>G,,,0.1375,-73.24982558467204,64.89339771861701,-1.1287716186828307,0.2664602752763553,1.2741253671438577,0.9730977582026579,1.0
100012953|F|0-27:C>A-27:C>A,,,0.4634146341463415,-62.8765356755428,55.79744375972602,-1.1268712585884872,0.2672523768084687,1.2698388334328012,0.9730977582026579,1.0
100049389|F|0-23:C>A-23:C>A,,,0.36250000000000004,86.9916520770463,77.24598992642167,1.1261639880582481,0.26754760927254817,1.268245327999258,0.9730977582026579,1.0
100013697|F|0-16:T>C-16:T>C,,,0.3170731707317073,61.8425488844373,54.995349682909485,1.1245050579913973,0.2682410047438809,1.2645116254482358,0.9730977582026579,1.0
100038818|F|0-32:G>T-32:G>T,,,0.13414634146341464,77.38523536021955,68.87046769930127,1.123634526457625,0.2686053816014169,1.2625545490476513,0.9730977582026579,1.0
100030229|F|0-11:A>T-11:A>T,,,0.32926829268292684,60.211374289329484,53.66819524654142,1.1219191182548611,0.26932443339214523,1.258702507905765,0.9730977582026579,1.0
100034179|F|0-50:C>T-50:C>T,,,0.4024390243902439,-70.68731631032873,63.04643708654749,-1.1211944651732209,0.26962860121200927,1.2570770287350648,0.9730977582026579,1.0
100013484|F|0-22:G>A-22:G>A,,,0.18292682926829268,71.71392853994138,63.99926515735589,1.1205429994175298,0.26990225876673196,1.2556166135436342,0.9730977582026579,1.0
100018381|F|0-53:C>A-53:C>A,Vu07 (old2),28235227.0,0.24390243902439024,-66.97082888480502,59.81347551070443,-1.119661218696775,0.27027297956156043,1.2536412446535472,0.9730977582026579,1.0
100040340|F|0-28:T>C-28:T>C,,,0.47560975609756095,-70.99888858243908,63.416880550137876,-1.1195581991187158,0.27031631507585835,1.2534105612139421,0.9730977582026579,1.0
100018346|F|0-11:A>C-11:A>C,,,0.3902439024390244,79.6839898322432,71.24460127233671,1.118456534378604,0.2707800442952462,1.2509450192941973,0.9730977582026579,1.0
100035309|F|0-20:A>C-20:A>C,,,0.19999999999999998,-61.151768988507314,54.8056734502317,-1.1157926750784006,0.27190370295163263,1.2449932937586132,0.9730977582026579,1.0
100017864|F|0-18:T>C-18:T>C,,,0.18292682926829268,-75.26031972457241,67.68292980521568,-1.1119542245166345,0.27352866722268243,1.23644219742039,0.9730977582026579,1.0
100021208|F|0-24:G>A-24:G>A,,,0.5,-63.318682937440336,57.07493772531887,-1.109395567668779,0.27461568112974727,1.2307585255631324,0.9730977582026579,1.0
100019762|F|0-66:A>G-66:A>G,,,0.2926829268292683,58.9425481321828,53.20638404498258,1.1078096959633765,0.2752909605675635,1.2272423224704687,0.9730977582026579,1.0
100029921|F|0-17:C>T-17:C>T,,,0.12195121951219512,95.80964929832469,86.61360986422459,1.1061731458660573,0.2759890566786614,1.2236190286352098,0.9730977582026579,1.0
100022099|F|0-31:T>C-31:T>C,,,0.17073170731707318,74.53625451257237,67.5501638335059,1.1034207806850833,0.27716595689292634,1.2175374192476787,0.9730977582026579,1.0
100034659|F|0-55:C>T-55:C>T,,,0.1875,69.82601331923648,63.33633457259229,1.102463756237837,0.27757601038396185,1.2154263338180409,0.9730977582026579,1.0
100020755|F|0-11:C>A-11:C>A,,,0.15853658536585366,77.73863577143405,70.64599636192527,1.1003969053415652,0.2784630564871128,1.2108733492852937,0.9730977582026579,1.0
100029518|F|0-19:G>C-19:G>C,,,0.43902439024390244,50.12221239215267,45.57874225961683,1.099683973433409,0.2787694966811773,1.2093048414262906,0.9730977582026579,1.0
100017329|F|0-16:T>C-16:T>C,,,0.14634146341463414,82.74923754614551,75.40999178352807,1.0973245797942197,0.27978534150775924,1.2041212334205609,0.9730977582026579,1.0
100014708|F|0-45:A>T-45:A>T,,,0.47560975609756095,-68.9829234193293,62.885696486676196,-1.0969572935229388,0.27994371338474394,1.203315303813171,0.9730977582026579,1.0
100056908|F|0-51:C>T-51:C>T,,,0.47560975609756095,-68.9829234193293,62.885696486676196,-1.0969572935229388,0.27994371338474394,1.203315303813171,0.9730977582026579,1.0
100016325|F|0-60:C>T-60:C>T,Vu09 (old8),1016914.0,0.18292682926829268,73.70087867203068,68.00090695833785,1.083821995450517,0.28564935006156666,1.1746701178223407,0.9792285617844118,1.0
100058673|F|0-34:G>A-34:G>A,Vu05 (old1),1696325.0,0.23170731707317074,81.71897643688634,75.46505494379294,1.0828717543206108,0.28606526581205216,1.1726112363053973,0.9792285617844118,1.0
100016677|F|0-45:G>A-45:G>A,,,0.18292682926829268,75.72054183034743,70.07899090477363,1.0805027420163595,0.2871040265200124,1.1674861755048715,0.9792285617844118,1.0
100043121|F|0-26:C>T-26:C>T,,,0.47560975609756095,64.57156619902482,59.925595750501664,1.077528982237682,0.2884117076147152,1.1610687075621746,0.9792285617844118,1.0
100039138|F|0-25:A>G-25:A>G,Vu04 (old11),6816983.0,0.1375,86.53991348549701,80.56893964584619,1.0741101206730188,0.2899202816252772,1.153712551332207,0.9792285617844118,1.0
100014994|F|0-36:G>A-36:G>A,Vu09 (old8),3414321.0,0.3902439024390244,56.67189377418481,52.788488206537565,1.0735653870679764,0.29016115591751446,1.152542640310414,0.9792285617844118,1.0
100041246|F|0-21:G>A-21:G>A,,,0.10975609756097561,-84.88792325522026,79.25118231583924,-1.0711250075351173,0.2912419835247708,1.147308781767105,0.9792285617844118,1.0
100016024|F|0-58:G>A-58:G>A,,,0.24390243902439024,64.09821859540384,60.04140624145066,1.0675669110353463,0.2928228898058244,1.139699109537551,0.9792285617844118,1.0
100016318|F|0-42:A>T-42:A>T,,,0.4878048780487805,-86.66673232891132,81.19616182122446,-1.0673747426600264,0.29290844315768266,1.1392888412685576,0.9792285617844118,1.0
100013604|F|0-58:C>T-58:C>T,,,0.15853658536585366,-71.86901682253395,67.57828200350667,-1.063492807035323,0.2946404255509984,1.1310169506158705,0.9792285617844118,1.0
100016684|F|0-47:T>C-47:T>C,,,0.1585365853658537,74.00587916810696,69.71370719804504,1.0615685514739386,0.2955016067710711,1.1269277894784762,0.9792285617844118,1.0
100033601|F|0-15:C>A-15:C>A,,,0.4268292682926829,75.9113808981262,71.56690302330459,1.0607051261308162,0.29588859445384885,1.1250953646001909,0.9792285617844118,1.0
100029504|F|0-25:T>C-25:T>C,,,0.426829268292683,-75.91138089812523,71.56690302330459,-1.060705126130803,0.2958885944538549,1.1250953646001625,0.9792285617844118,1.0
100020699|F|0-40:A>G-40:A>G,,,0.4146341463414634,59.05313805225717,55.69909300059561,1.0602172292397238,0.29610742635103415,1.1240605731767572,0.9792285617844118,1.0
100016817|F|0-58:C>T-58:C>T,,,0.4268292682926829,50.08768968237471,47.27347928942339,1.059530426684311,0.296415662808966,1.1226047250698383,0.9792285617844118,1.0
100040976|F|0-5:T>C-5:T>C,,,0.2682926829268293,-68.58702178012089,64.81636199563239,-1.058174505146441,0.2970248559751537,1.1197332833419154,0.9792285617844118,1.0
100021757|F|0-47:G>A-47:G>A,,,0.3170731707317073,72.1151668254208,68.21801449760581,1.0571279061185777,0.29749567184763115,1.1175194098946484,0.9792285617844118,1.0
100021971|F|0-12:T>C-12:T>C,,,0.125,-65.31922185532429,61.8855960327711,-1.0554834411021095,0.29823648914661866,1.1140452944407502,0.9792285617844118,1.0
100033204|F|0-66:T>C-66:T>C,,,0.15853658536585366,79.35036398409376,75.21036767494267,1.0550455533875869,0.29843397007297384,1.1131211197229194,0.9792285617844118,1.0
100040251|F|0-68:A>C-68:A>C,,,0.23170731707317074,-60.93956094475071,58.35424913867765,-1.0443037455580848,0.30330687237470727,1.090570312986645,0.9792285617844118,1.0
100014812|F|0-31:G>T-31:G>T,,,0.36585365853658536,51.06110699875287,48.93216358618985,1.0435080580243108,0.3036700075684409,1.0889090671616684,0.9792285617844118,1.0
100019495|F|0-5:T>G-5:T>G,,,0.34146341463414637,66.28626929446094,63.53184903929715,1.043354951836205,0.3037399165599506,1.0885895555211298,0.9792285617844118,1.0
100021392|F|0-51:G>A-51:G>A,,,0.3170731707317073,-58.122652870998515,55.707831417531594,-1.0433479708690825,0.3037431043673176,1.0885749883166318,0.9792285617844118,1.0
100059436|F|0-49:A>C-49:A>C,,,0.25609756097560976,84.77096306037801,81.3254689504956,1.0423667290745011,0.30419141168301855,1.0865283978814744,0.9792285617844118,1.0
100059437|F|0-44:G>C-44:G>C,,,0.25609756097560976,84.77096306037801,81.3254689504956,1.0423667290745011,0.30419141168301855,1.0865283978814744,0.9792285617844118,1.0
100019249|F|0-36:C>A-36:C>A,,,0.45121951219512196,71.53072845902244,68.65397907546094,1.041902150790117,0.3044038267033814,1.0855600918210715,0.9792285617844118,1.0
100014470|F|0-59:T>C-59:T>C,,,0.13414634146341464,84.16118346536337,81.22417193439338,1.0361593286951853,0.30703804189446804,1.0736261544420571,0.9792285617844118,1.0
100020395|F|0-36:T>C-36:T>C,,,0.17073170731707318,-70.16636174628655,68.15940467741939,-1.029445049855784,0.3101377580853829,1.0597571106725774,0.9792285617844118,1.0
100038699|F|0-6:A>C-6:A>C,,,0.14634146341463414,92.32707788560072,89.97849684694157,1.0261015811661558,0.31168930949113943,1.052884454871685,0.9792285617844118,1.0
100052747|F|0-12:T>G-12:T>G,,,0.14634146341463414,92.32707788560072,89.97849684694157,1.0261015811661558,0.31168930949113943,1.052884454871685,0.9792285617844118,1.0
100030222|F|0-14:T>A-14:T>A,,,0.12195121951219512,77.39427053082703,75.46141093174951,1.0256138809917783,0.31191607384180275,1.0518838328830176,0.9792285617844118,1.0
100044425|F|0-30:C>T-30:C>T,,,0.2073170731707317,73.084081053407,71.38523800258923,1.0237982403414576,0.31276128237639417,1.048162836926265,0.9792285617844118,1.0
100028703|F|0-9:T>G-9:T>G,,,0.43902439024390244,-68.88148802767194,67.31491523661357,-1.0232722983539655,0.31300640977716804,1.047086196578607,0.9792285617844118,1.0
100016472|F|0-40:C>G-40:C>G,,,0.47560975609756095,-63.3551813947207,61.93830857484224,-1.0228755491145904,0.3131914111229965,1.046274388976475,0.9792285617844118,1.0
100033527|F|0-13:C>T-13:C>T,,,0.3780487804878049,60.35393220096568,59.0832551419056,1.0215065513233517,0.3138303409401439,1.0434756343965272,0.9792285617844118,1.0
100034584|F|0-9:T>C-9:T>C,,,0.3780487804878049,60.35393220096568,59.0832551419056,1.0215065513233517,0.3138303409401439,1.0434756343965272,0.9792285617844118,1.0
100048091|F|0-43:A>T-43:A>T,,,0.3780487804878049,60.35393220096568,59.0832551419056,1.0215065513233517,0.3138303409401439,1.0434756343965272,0.9792285617844118,1.0
100016631|F|0-38:C>G-38:C>G,,,0.2682926829268293,-88.60928438183825,86.93466959371739,-1.0192629108265672,0.31487940963558675,1.0388968813866466,0.9792285617844118,1.0
100044894|F|0-55:A>G-55:A>G,,,0.13414634146341464,88.98390291236458,87.60023778878275,1.015795221091957,0.3165055323085266,1.0318399311932578,0.9792285617844118,1.0
100021798|F|0-27:T>C-27:T>C,,,0.15853658536585366,75.93471518583866,74.99479654974935,1.0125331180206054,0.3180404814163337,1.0252233150885293,0.9792285617844118,1.0
100045385|F|0-50:G>A-50:G>A,,,0.2682926829268293,67.14275030600007,66.33676567667787,1.0121498933675863,0.31822113692584003,1.0244474066440163,0.9792285617844118,1.0
100016185|F|0-62:C>T-62:C>T,,,0.3902439024390244,60.95309427793861,60.33652578428761,1.0102188265836738,0.31913252469967024,1.0205420775840948,0.9792285617844118,1.0
100058965|F|0-54:C>G-54:C>G,,,0.4634146341463415,-67.11454705702484,66.78092507848108,-1.0049957675511636,0.3216065159732004,1.0100164927957525,0.9792285617844118,1.0
100028807|F|0-29:G>A-29:G>A,,,0.12195121951219512,71.54756138570167,71.51525649474759,1.0004517202697365,0.32376947014263086,1.0009036445906752,0.9792285617844118,1.0
100029122|F|0-13:T>C-13:T>C,,,0.18292682926829268,-64.45010920618721,64.65488219457846,-0.9968328302296647,0.3254991015275426,0.9936756914236836,0.9792285617844118,1.0
100043978|F|0-67:T>A-67:T>A,,,0.3170731707317073,74.44778672117263,74.89163961531187,0.9940733986274151,0.32682215977236845,0.9881819218586596,0.9792285617844118,1.0
100035083|F|0-24:G>C-24:G>C,,,0.3125,51.01015516054298,51.322423561074665,0.9939155562254366,0.3268979500189017,0.987868132906919,0.9792285617844118,1.0
100015215|F|0-15:G>A-15:G>A,,,0.13414634146341464,103.43546360603672,104.16808449698273,0.9929669351751665,0.32735369430641637,0.9859833343511634,0.9792285617844118,1.0
100020103|F|0-18:T>C-18:T>C,,,0.17073170731707318,-79.45072461093594,80.0936242620046,-0.991973148212577,0.32783159839654746,0.9840107267747712,0.9792285617844118,1.0
100018973|F|0-53:T>G-53:T>G,,,0.17073170731707318,-79.45072461093594,80.0936242620046,-0.991973148212577,0.32783159839654746,0.9840107267747712,0.9792285617844118,1.0
100040047|F|0-6:G>A-6:G>A,,,0.2682926829268293,53.700745989048016,54.19321348934475,0.9909127459217092,0.32834205729051363,0.9819080700301018,0.9792285617844118,1.0
100030290|F|0-11:A>C-11:A>C,,,0.4878048780487805,-59.676966636500254,60.535593092459145,-0.9858161717413512,0.3308029499567188,0.9718335244667732,0.9792285617844118,1.0
100022139|F|0-65:T>C-65:T>C,,,0.4878048780487805,-59.676966636500254,60.535593092459145,-0.9858161717413512,0.3308029499567188,0.9718335244667732,0.9792285617844118,1.0
100029979|F|0-5:G>A-5:G>A,,,0.18292682926829268,69.18386200505746,70.32394134840176,0.983788176238643,0.3317856222732604,0.9678391757069553,0.9792285617844118,1.0
100019390|F|0-56:C>T-56:C>T,,,0.23170731707317074,-67.17550836413284,68.28349464602104,-0.9837737320324339,0.3317926283085964,0.967810755837023,0.9792285617844118,1.0
100017777|F|0-23:A>G-23:A>G,,,0.12195121951219512,88.32316042973422,89.91772851978479,0.9822663659736498,0.3325243107570132,0.9648472137230801,0.9792285617844118,1.0
100022134|F|0-54:T>C-54:T>C,,,0.43902439024390244,-49.03043672932929,49.94818453133371,-0.9816260028144027,0.3328354744216606,0.9635896094013817,0.9792285617844118,1.0
100021892|F|0-24:G>A-24:G>A,,,0.1951219512195122,73.65187572231926,75.44290461221748,0.9762598099966558,0.335450698818937,0.9530832166147066,0.9792285617844118,1.0
100028909|F|0-9:C>T-9:C>T,,,0.4024390243902439,53.127586084953414,54.73532250292397,0.9706270769139129,0.33821061788093154,0.942116922438447,0.9792285617844118,1.0
100041232|F|0-30:T>A-30:T>A,,,0.12195121951219512,85.00779029032972,87.67782406469759,0.969547216723836,0.3387414574705149,0.940021805456937,0.9792285617844118,1.0
100040575|F|0-64:T>C-64:T>C,,,0.32926829268292684,68.7630412231215,70.92368071678194,0.9695357111782104,0.3387471163858502,0.9399994952498382,0.9792285617844118,1.0
100033982|F|0-15:A>G-15:A>G,,,0.4024390243902439,-67.74674826544896,70.47294975762928,-0.9613156324298007,0.3428062586731128,0.9241277451539076,0.9792285617844118,1.0
100034130|F|0-64:A>T-64:A>T,,,0.21951219512195122,73.5783903191602,76.74698549459086,0.9587137507094141,0.34409781305816417,0.9191320557993127,0.9792285617844118,1.0
100034779|F|0-8:A>T-8:A>T,,,0.21951219512195122,73.5783903191602,76.74698549459086,0.9587137507094141,0.34409781305816417,0.9191320557993127,0.9792285617844118,1.0
100035888|F|0-14:T>C-14:T>C,,,0.21951219512195122,73.5783903191602,76.74698549459086,0.9587137507094141,0.34409781305816417,0.9191320557993127,0.9792285617844118,1.0
100034936|F|0-34:G>C-34:G>C,,,0.17073170731707318,-63.098126022501226,65.84854158956267,-0.9582311847663244,0.3443377105409311,0.9182070034586738,0.9792285617844118,1.0
100035378|F|0-22:G>A-22:G>A,,,0.4878048780487805,55.89436283267527,58.35233261569348,0.9578770946620709,0.34451380970426576,0.9175285284782501,0.9792285617844118,1.0
100017158|F|0-22:G>A-22:G>A,Vu02 (old7),30259566.0,0.2804878048780488,61.18641653179543,63.88165286201791,0.9578089136791108,0.3445477249365654,0.9173979151231584,0.9792285617844118,1.0
100017507|F|0-36:T>C-36:T>C,,,0.2073170731707317,-65.65229936743826,68.91483666021652,-0.9526584194218707,0.3471161499695872,0.9075580640953769,0.9792285617844118,1.0
100035964|F|0-51:G>A-51:G>A,,,0.24390243902439024,57.346106032506555,60.38865970802069,0.9496171352332559,0.3486387111369006,0.9017727035286157,0.9792285617844118,1.0
100017712|F|0-29:G>A-29:G>A,Vu04 (old11),3133419.0,0.35365853658536583,-48.1735642240474,50.77945653957342,-0.9486821542980635,0.3491076789706691,0.8999978298836147,0.9792285617844118,1.0
100021520|F|0-23:T>C-23:T>C,,,0.13414634146341464,69.51538377572719,73.45578124295477,0.9463568775588305,0.35027580083752496,0.8955913397028993,0.9792285617844118,1.0
100020334|F|0-65:G>A-65:G>A,Vu08 (old5),423524.0,0.47560975609756095,-56.171980131760336,59.56721069714223,-0.9430016862356662,0.351965856932661,0.8892521802433098,0.9792285617844118,1.0
100018213|F|0-23:A>G-23:A>G,,,0.34146341463414637,-44.529547018361036,47.241618784909846,-0.9425914725975666,0.35217285575192453,0.8884786842136492,0.9792285617844118,1.0
100040147|F|0-11:C>G-11:C>G,,,0.35365853658536583,-75.57379522073705,80.33070634013288,-0.9407834023112618,0.3530861870317016,0.8850734100643535,0.9792285617844118,1.0
100016053|F|0-57:T>C-57:T>C,,,0.2804878048780488,45.87870643287666,48.96267391412028,0.9370139080505928,0.35499533025641866,0.8779950638802448,0.9792285617844118,1.0
100032847|F|0-25:A>T-25:A>T,,,0.34146341463414637,54.43981569430202,58.382262056564365,0.9324718463556164,0.35730476053767174,0.8695037442458523,0.9792285617844118,1.0
100014556|F|0-12:G>A-12:G>A,,,0.4634146341463415,-50.95052055617523,54.648388114179966,-0.9323334560155997,0.3573752801264482,0.8692456732059922,0.9792285617844118,1.0
100016920|F|0-66:T>A-66:T>A,,,0.2682926829268293,50.833337039948766,54.78092832984668,0.9279385835499411,0.35961952514828155,0.861070014840671,0.9792285617844118,1.0
100058921|F|0-26:G>A-26:G>A,,,0.14864864864864868,-70.81104543203728,76.52201669768911,-0.9253682598537121,0.3609363295343015,0.8563064163446872,0.9792285617844118,1.0
100028792|F|0-46:G>T-46:G>T,,,0.17073170731707318,-64.60617009478563,69.899825225298,-0.9242679775886405,0.3615009781891948,0.8542712943957957,0.9792285617844118,1.0
100016374|F|0-29:T>A-29:T>A,,,0.3902439024390244,-53.58751513990511,57.98502604081087,-0.9241612671207439,0.36155577111328224,0.8540740476462189,0.9792285617844118,1.0
100035857|F|0-32:C>A-32:C>A,,,0.1282051282051282,66.64706719317199,72.16895134470627,0.9234867065594501,0.36190226516338897,0.8528276971920199,0.9792285617844118,1.0
100049017|F|0-36:G>A-36:G>A,,,0.17073170731707318,74.47459574174424,80.81169794405947,0.9215818704031935,0.3628818715529978,0.8493131438558486,0.9792285617844118,1.0
100013138|F|0-58:G>A-58:G>A,,,0.4268292682926829,43.82130422062501,47.618987285686586,0.9202485545885791,0.3635685885212122,0.846857402222369,0.9792285617844118,1.0
100020264|F|0-33:T>A-33:T>A,,,0.2926829268292683,-50.83063966558507,55.288917566020764,-0.9193639865509748,0.36402464757841124,0.8452301397669011,0.9792285617844118,1.0
100021961|F|0-53:A>T-53:A>T,,,0.23170731707317074,56.16543724117874,61.339873381034415,0.915643188441019,0.36594706860491427,0.8384024485384354,0.9792285617844118,1.0
100041008|F|0-24:G>A-24:G>A,,,0.17499999999999993,-54.63598697013473,59.714207053684454,-0.9149579248538914,0.36630184170036706,0.8371480042529391,0.9792285617844118,1.0
100033589|F|0-16:T>C-16:T>C,,,0.14634146341463414,61.62806599920983,67.53698632579525,0.9125083802513623,0.367571841501875,0.8326715440289647,0.9792285617844118,1.0
100017988|F|0-49:T>G-49:T>G,,,0.18292682926829268,57.52630496707008,63.120732172849095,0.911369418363854,0.3681633241872172,0.8305942167288696,0.9792285617844118,1.0
100016754|F|0-66:C>A-66:C>A,Vu01 (old4),1290094.0,0.45121951219512196,51.37814639140058,56.64250493968244,0.9070599269243516,0.37040690203554444,0.82275771103201,0.9792285617844118,1.0
100033181|F|0-15:C>A-15:C>A,,,0.35365853658536583,-52.701590239529594,58.188635479727395,-0.9057024589946011,0.37111544661034873,0.8202969442288671,0.9792285617844118,1.0
100051758|F|0-6:T>G-6:T>G,,,0.47560975609756095,54.081802646398266,59.72473717134294,0.905517633191825,0.37121198612323747,0.8199621840213245,0.9792285617844118,1.0
100020774|F|0-63:A>G-63:A>G,,,0.18292682926829268,54.77896237252883,60.772629990236574,0.9013755432557279,0.3733797703704856,0.8124778699795586,0.9792285617844118,1.0
100019999|F|0-68:T>C-68:T>C,,,0.24358974358974358,-55.27992006112606,61.34115499837997,-0.9011881185247655,0.37347805284914143,0.8121400249702069,0.9792285617844118,1.0
100013240|F|0-26:A>G-26:A>G,,,0.18292682926829268,-60.81526683196866,67.60775285760474,-0.8995309600077613,0.37434776576363615,0.8091559480124847,0.9792285617844118,1.0
100041804|F|0-61:A>T-61:A>T,,,0.2894736842105263,46.48290964343874,51.81532081241911,0.8970881375359101,0.3756321903188909,0.8047671265076479,0.9792285617844118,1.0
100021685|F|0-34:T>A-34:T>A,Vu06 (old6),22297694.0,0.2073170731707317,-50.43281242291991,56.31275894367427,-0.8955841157305814,0.37642440694638907,0.8020709083489274,0.9792285617844118,1.0
100033723|F|0-20:T>C-20:T>C,,,0.17073170731707318,68.25280013145708,76.31819380809526,0.8943188606255686,0.37709168893568645,0.7998062244706152,0.9792285617844118,1.0
100036017|F|0-28:C>A-28:C>A,,,0.21951219512195122,-56.008197590874275,62.73184820326017,-0.8928191850716671,0.3778835854812635,0.7971260972320358,0.9792285617844118,1.0
100035075|F|0-30:T>C-30:T>C,,,0.2073170731707317,-66.87075856701941,75.0297013726402,-0.8912571600798617,0.3787095396666077,0.7943393253936202,0.9792285617844118,1.0
100013122|F|0-67:G>A-67:G>A,,,0.12195121951219512,-74.14280420500195,83.42478699121277,-0.8887383100278278,0.38004387283530594,0.7898557837111193,0.9792285617844118,1.0
100016704|F|0-41:C>T-41:C>T,,,0.3780487804878049,-47.80528997467697,53.91331150121103,-0.8867066155564037,0.3811223319878761,0.7862486220714919,0.9792285617844118,1.0
100020050|F|0-34:T>G-34:T>G,,,0.13414634146341464,-59.71512711713266,67.36752044333332,-0.8864082680223102,0.38128086482229073,0.7857196176183118,0.9792285617844118,1.0
100021275|F|0-33:T>A-33:T>A,,,0.4268292682926829,47.887029486452285,54.40988437023484,0.8801163619573705,0.38463401265777797,0.7746048105850772,0.9792285617844118,1.0
100033945|F|0-15:G>T-15:G>T,,,0.3780487804878049,-87.30901044599102,99.46850219460525,-0.8777553549079811,0.3858971002706627,0.7704544630696358,0.9792285617844118,1.0
100016417|F|0-54:G>T-54:G>T,,,0.2682926829268293,-48.19730508216506,55.016611688481845,-0.8760500438498567,0.38681104479654965,0.7674636793293359,0.9792285617844118,1.0
100019308|F|0-53:A>G-53:A>G,,,0.12195121951219512,56.77022590270785,64.8879142275106,0.8748967597210716,0.38742991541708577,0.7654443401704305,0.9792285617844118,1.0
100028819|F|0-28:A>T-28:A>T,,,0.25,61.95725520498724,70.82344359484556,0.8748128029388339,0.3874749925164398,0.765297440185699,0.9792285617844118,1.0
100013042|F|0-30:A>G-30:A>G,,,0.45121951219512196,42.86185452123738,49.18576154178183,0.871428095808327,0.38929504435861884,0.7593869261641268,0.9792285617844118,1.0
100019242|F|0-32:A>G-32:A>G,,,0.47560975609756095,53.46106859490166,61.51140203973952,0.8691245333729033,0.3905368293876531,0.7553774545106668,0.9792285617844118,1.0
100029568|F|0-9:T>G-9:T>G,,,0.4878048780487805,-49.035609884314596,56.442600498574286,-0.8687695012484978,0.3907284399579931,0.7547604462995636,0.9792285617844118,1.0
100051719|F|0-44:C>T-44:C>T,,,0.43902439024390244,65.22995337971044,75.22505739259182,0.8671306562025208,0.39161369461085704,0.7519155749262144,0.9792285617844118,1.0
100035152|F|0-15:C>A-15:C>A,,,0.4390243902439024,-65.22995337970931,75.2250573925918,-0.8671306562025063,0.3916136946108649,0.7519155749261892,0.9792285617844118,1.0
100014677|F|0-27:A>C-27:A>C,Vu01 (old4),38105105.0,0.47560975609756095,-47.82394658320399,55.15967991435485,-0.8670091388756991,0.39167938508361216,0.7517048468939812,0.9792285617844118,1.0
100046319|F|0-34:T>C-34:T>C,,,0.19999999999999998,-58.52029714090154,67.61648825514102,-0.8654737720196837,0.39250998188960523,0.7490448500539794,0.9792285617844118,1.0
100040460|F|0-10:G>A-10:G>A,,,0.46341463414634143,-53.926960812787584,62.32457263190523,-0.8652600176063023,0.39262570611485076,0.7486748980680586,0.9792285617844118,1.0
100016234|F|0-15:C>T-15:C>T,Vu06 (old6),20274938.0,0.14634146341463414,-69.99551626369312,80.99987877819137,-0.8641434693423135,0.39323054302089416,0.7467439356069698,0.9792285617844118,1.0
100022022|F|0-32:T>G-32:T>G,,,0.14634146341463414,-59.615322263718014,69.21251684754729,-0.8613372982090973,0.3947532478299451,0.7419019412861475,0.9792285617844118,1.0
100017460|F|0-50:C>T-50:C>T,,,0.2804878048780488,74.45707505313142,86.6488183873124,0.8592970618516113,0.3958626655103279,0.7383914405068118,0.9792285617844118,1.0
100034247|F|0-37:G>C-37:G>C,,,0.4878048780487805,-45.48888095852074,52.94150357536794,-0.8592291092330313,0.39589964979372894,0.7382746621533884,0.9792285617844118,1.0
100013584|F|0-22:T>C-22:T>C,,,0.3780487804878049,-46.97804576046256,54.784468606059775,-0.8575066429551214,0.39683785536371485,0.7353176427121619,0.9792285617844118,1.0
100029178|F|0-32:G>A-32:G>A,,,0.21951219512195122,65.78458281147049,76.73289706045328,0.8573191594687573,0.39694005954655887,0.7349961411922165,0.9792285617844118,1.0
100015553|F|0-28:T>C-28:T>C,,,0.21951219512195122,65.78458281147049,76.73289706045328,0.8573191594687573,0.39694005954655887,0.7349961411922165,0.9792285617844118,1.0
100044804|F|0-53:G>C-53:G>C,,,0.275,47.18861882076595,55.048024574431075,0.8572263797942771,0.39699064329939576,0.7348370662152022,0.9792285617844118,1.0
100021048|F|0-66:C>T-66:C>T,,,0.31707317073170727,-58.521284063012075,68.29870739219083,-0.8568432155965415,0.39719958847630527,0.7341802961138213,0.9792285617844118,1.0
100015576|F|0-58:G>T-58:G>T,,,0.17073170731707318,-64.43881556528186,75.28086440361453,-0.8559786882865269,0.3976712820267288,0.7326995148007232,0.9792285617844118,1.0
100014028|F|0-53:G>A-53:G>A,,,0.10975609756097561,-84.84935636363838,99.27211222788227,-0.854714929091707,0.3983614327889834,0.7305376100122417,0.9792285617844118,1.0
100022140|F|0-38:C>A-38:C>A,,,0.10975609756097561,-84.84935636363838,99.27211222788227,-0.854714929091707,0.3983614327889834,0.7305376100122417,0.9792285617844118,1.0
100039190|F|0-22:G>A-22:G>A,,,0.10975609756097561,83.59330881599922,97.83316770674179,0.8544475332391667,0.39850755648961195,0.7300805870584969,0.9792285617844118,1.0
100016298|F|0-19:G>A-19:G>A,,,0.5,46.54918879377546,54.584608201965224,0.8527896476153425,0.39941429122501254,0.7272501830799,0.9792285617844118,1.0
100038652|F|0-16:A>G-16:A>G,,,0.10975609756097561,-60.64910774240761,71.27504928713996,-0.8509163914861076,0.40044037202842186,0.7240587052997388,0.9792285617844118,1.0
100050114|F|0-27:G>A-27:G>A,,,0.16249999999999998,64.13203745168163,75.36913167204733,0.8509058818766612,0.40044613334663615,0.7240408198122984,0.9792285617844118,1.0
100034443|F|0-52:T>G-52:T>G,,,0.4024390243902439,-47.63946152542465,56.203508935428324,-0.8476243285834195,0.4022476031524943,0.7184670024064927,0.9792285617844118,1.0
100016630|F|0-66:A>T-66:A>T,,,0.10975609756097561,-71.36819942439769,84.21502344935085,-0.8474521112889128,0.4023422847268796,0.718175080928036,0.9792285617844118,1.0
100040750|F|0-21:T>G-21:T>G,Vu09 (old8),38024670.0,0.2682926829268293,-56.90358289463705,67.27377912862929,-0.8458508445888829,0.40322329526105877,0.7154636512917266,0.9792285617844118,1.0
100014717|F|0-5:C>A-5:C>A,,,0.1951219512195122,47.56947621791344,56.30777879297922,0.84481180464971,0.40379561466374525,0.7137069852754997,0.9792285617844118,1.0
100015956|F|0-13:C>T-13:C>T,,,0.3170731707317073,60.03521299411176,71.20892257218871,0.8430855407656322,0.40474758748831363,0.7107932290480785,0.9792285617844118,1.0
100036188|F|0-25:T>C-25:T>C,,,0.2682926829268293,-64.51945411664225,76.88947154212687,-0.8391194896077907,0.40694001514804795,0.7041215178396392,0.9792285617844118,1.0
100016803|F|0-28:A>T-28:A>T,,,0.4146341463414634,43.4453875067604,51.88914613069581,0.8372731244667682,0.4079631971424091,0.7010262849543443,0.9792285617844118,1.0
100018350|F|0-55:C>G-55:C>G,,,0.17073170731707318,-55.603867282919516,66.42294927105443,-0.8371183136722051,0.40804905964273946,0.7007670710853964,0.9792285617844118,1.0
100035100|F|0-8:T>C-8:T>C,,,0.18292682926829268,63.96676755861952,76.75685089956248,0.8333688369044872,0.41013205188826946,0.6945036183235377,0.9792285617844118,1.0
100014259|F|0-39:T>A-39:T>A,,,0.47560975609756095,44.24813766141032,53.139149304014545,0.8326843436702791,0.4105130264636822,0.6933632161936035,0.9792285617844118,1.0
100017923|F|0-57:A>G-57:A>G,,,0.36585365853658536,-45.7997256547523,55.12341404084719,-0.8308579294601399,0.41153064205077716,0.6903248989467908,0.9792285617844118,1.0
100013673|F|0-63:C>A-63:C>A,,,0.35365853658536583,53.88294915723896,65.01513254877104,0.8287755026388468,0.41269280049888163,0.6868688337742732,0.9792285617844118,1.0
100035750|F|0-64:T>C-64:T>C,,,0.36585365853658536,-57.15838242838606,69.08195193141275,-0.8273996439060542,0.4134617490220178,0.6845901707358654,0.9792285617844118,1.0
100034350|F|0-65:C>A-65:C>A,,,0.21951219512195122,-46.75055602754984,56.65286849421929,-0.8252107487252855,0.4146869129383312,0.6809727798117463,0.9792285617844118,1.0
100035644|F|0-26:C>G-26:C>G,,,0.21951219512195122,-46.75055602754984,56.65286849421929,-0.8252107487252855,0.4146869129383312,0.6809727798117463,0.9792285617844118,1.0
100022600|F|0-31:A>T-31:A>T,,,0.34146341463414637,51.646681584957875,62.61767982507706,0.8247939196922219,0.41492047292746076,0.6802850099612594,0.9792285617844118,1.0
100029143|F|0-26:C>T-26:C>T,,,0.14634146341463414,58.82244450217352,71.33831726345946,0.8245560977410837,0.4150537669582466,0.6798927583220037,0.9792285617844118,1.0
100014250|F|0-55:T>C-55:T>C,,,0.4878048780487805,-40.78746482489621,49.58842289709301,-0.8225199036787126,0.41619608861276913,0.6765389919476387,0.9792285617844118,1.0
100054502|F|0-47:T>C-47:T>C,,,0.15853658536585366,56.79408881502861,69.1304195329551,0.8215498936463759,0.41674095161802094,0.6749442277503716,0.9792285617844118,1.0
100015767|F|0-23:A>T-23:A>T,,,0.15853658536585366,68.40626948496127,83.5570115460267,0.8186777892036055,0.41835680666290415,0.6702333225353031,0.9792285617844118,1.0
100013053|F|0-56:A>T-56:A>T,,,0.2804878048780488,52.2687574141437,63.876575380128116,0.8182773904689389,0.4185823771780524,0.6695778877526563,0.9792285617844118,1.0
100020644|F|0-30:T>A-30:T>A,Vu08 (old5),17202857.0,0.13414634146341464,71.0155019757693,86.78861773143939,0.8182582443647303,0.4185931652859627,0.6695465544708507,0.9792285617844118,1.0
100028760|F|0-23:G>T-23:G>T,,,0.3780487804878049,45.02689652522051,55.03256068244409,0.8181864693711138,0.418633609306895,0.6694290986619686,0.9792285617844118,1.0
100051718|F|0-23:T>C-23:T>C,,,0.4024390243902439,-69.33865393270264,84.94531864385975,-0.8162739870740925,0.4197121439281424,0.6663032219738357,0.9792285617844118,1.0
100015224|F|0-63:G>C-63:G>C,,,0.2682926829268293,53.182599607716725,65.46242392033817,0.8124141518565693,0.42189405598091684,0.6600167541368288,0.9792285617844118,1.0
100016088|F|0-16:G>A-16:G>A,,,0.3780487804878049,44.42624213767285,54.69368011874604,0.8122737771753256,0.4219735382691147,0.6597886890866704,0.9792285617844118,1.0
100015622|F|0-52:A>G-52:A>G,,,0.3048780487804878,48.56642584335835,59.83145344300472,0.8117206427155008,0.42228682048039506,0.6588904018104658,0.9792285617844118,1.0
100029543|F|0-46:T>C-46:T>C,,,0.2682926829268293,43.23331613034329,53.36313151284678,0.8101720214814453,0.4231646779655943,0.6563787043913315,0.9792285617844118,1.0
100030094|F|0-15:T>A-15:T>A,Vu03 (old3),33492365.0,0.4024390243902439,58.52784786153863,72.33280995454412,0.8091466085489988,0.4237465597497365,0.6547182341263467,0.9792285617844118,1.0
100038514|F|0-16:A>T-16:A>T,,,0.4024390243902439,58.52784786153863,72.33280995454412,0.8091466085489988,0.4237465597497365,0.6547182341263467,0.9792285617844118,1.0
100030002|F|0-15:C>G-15:C>G,,,0.1951219512195122,46.683638832441005,57.74133549067842,0.808496000927749,0.42411600697722207,0.6536657835161627,0.9792285617844118,1.0
100013978|F|0-64:G>A-64:G>A,,,0.1951219512195122,-42.12895441491035,52.21058306563454,-0.806904499839612,0.42502056708723845,0.6510948718614143,0.9792285617844118,1.0
100013547|F|0-56:A>T-56:A>T,,,0.21951219512195122,55.80983978083119,69.2775086259869,0.8055982509725558,0.425763875478913,0.648988541970041,0.9792285617844118,1.0
100015126|F|0-46:T>G-46:T>G,,,0.10975609756097561,-75.7101851125943,94.30089106100324,-0.8028575791889112,0.42732599593566767,0.6445802924610788,0.9792285617844118,1.0
100057957|F|0-57:C>A-57:C>A,,,0.41463414634146345,66.29158872703469,83.01577306601033,0.7985420875900616,0.4297927690399973,0.6376694656526937,0.9792285617844118,1.0
100013630|F|0-30:A>G-30:A>G,,,0.35365853658536583,-46.051589909956576,57.75350290929019,-0.7973817619735883,0.43045748901135866,0.6358176743281043,0.9792285617844118,1.0
100015812|F|0-66:A>T-66:A>T,,,0.47560975609756095,46.322864373479504,58.1492331125422,0.7966203833475516,0.430894000443419,0.6346040351648,0.9792285617844118,1.0
100021715|F|0-7:C>A-7:C>A,,,0.3902439024390244,-49.47453417021974,62.190812332061434,-0.7955280260057638,0.4315207347990453,0.6328648401606272,0.9792285617844118,1.0
100021948|F|0-23:C>G-23:C>G,,,0.5,-44.327769149106395,55.744456675127715,-0.7951960032087771,0.43171134022547963,0.6323366835192135,0.9792285617844118,1.0
100042005|F|0-34:A>G-34:A>G,,,0.23170731707317074,47.426312367961756,59.67928337153731,0.794686358291304,0.4320040126725845,0.6315264080542947,0.9792285617844118,1.0
100020907|F|0-40:A>T-40:A>T,,,0.15853658536585366,-51.626866455661606,65.28077292094122,-0.7908433700407427,0.43421476965292777,0.6254332359373991,0.9792285617844118,1.0
100016517|F|0-35:T>A-35:T>A,,,0.24390243902439024,-47.42240269277038,60.01176121336295,-0.7902184794105115,0.4345748935346849,0.624445245201861,0.9792285617844118,1.0
100051142|F|0-37:G>C-37:G>C,,,0.3375,-40.868982429240354,51.85485845613724,-0.7881418182601044,0.4357729620059668,0.6211675256903435,0.9792285617844118,1.0
100033254|F|0-20:A>G-20:A>G,,,0.23170731707317074,53.86055437963836,68.5090185225963,0.7861819588303334,0.43690546385374646,0.6180820723903,0.9792285617844118,1.0
100022228|F|0-38:T>C-38:T>C,Vu03 (old3),4384995.0,0.2804878048780488,44.72197580397318,56.91776641336851,0.7857296345604515,0.437167089430617,0.6173710586265007,0.9792285617844118,1.0
100047252|F|0-57:G>A-57:G>A,,,0.3170731707317073,45.16119165973036,57.49486970170368,0.7854821116046838,0.4373102971584033,0.616982147650953,0.9792285617844118,1.0
100015600|F|0-30:C>A-30:C>A,,,0.34146341463414637,56.82882466826225,72.37046674388887,0.7852488345746507,0.4374452884693738,0.6166157322008471,0.9792285617844118,1.0
100038568|F|0-15:C>T-15:C>T,,,0.34146341463414637,56.82882466826225,72.37046674388887,0.7852488345746507,0.4374452884693738,0.6166157322008471,0.9792285617844118,1.0
100034940|F|0-27:A>C-27:A>C,,,0.25609756097560976,57.884109698697,73.75533800835653,0.7848124794999746,0.43769786281595263,0.615930627978898,0.9792285617844118,1.0
100014950|F|0-45:G>A-45:G>A,,,0.13414634146341464,55.73919186961566,71.02308030032373,0.7848039205554085,0.437702817843228,0.6159171937191399,0.9792285617844118,1.0
100030246|F|0-11:C>A-11:C>A,,,0.34146341463414637,-49.97553490020315,63.708473675510525,-0.7844409388105259,0.4379129897156795,0.6153475864819392,0.9792285617844118,1.0
100035689|F|0-61:C>T-61:C>T,,,0.21951219512195122,55.98151260858023,71.5231516657866,0.7827047788689551,0.4389190886576752,0.6126267708642998,0.9792285617844118,1.0
100029682|F|0-15:A>G-15:A>G,,,0.10975609756097561,64.98880649853913,83.1989224614573,0.7811255792242481,0.4398354304131369,0.6101571705184171,0.9792285617844118,1.0
100034394|F|0-13:G>T-13:G>T,,,0.25609756097560976,58.53731519302401,75.12389247328763,0.7792103585931541,0.44094828446946976,0.6071687829388719,0.9792285617844118,1.0
100020752|F|0-41:T>G-41:T>G,,,0.43902439024390244,-44.28439391397234,57.05147159115432,-0.7762182583356626,0.4426902296111495,0.6025147845736495,0.9792285617844118,1.0
100040615|F|0-67:A>T-67:A>T,Vu08 (old5),12096567.0,0.47560975609756095,-39.57704954324454,50.99283600109828,-0.7761296026444211,0.4427419057905411,0.602377160100987,0.9792285617844118,1.0
100035727|F|0-32:C>A-32:C>A,Vu08 (old5),17172753.0,0.14634146341463414,64.3091751507577,82.89214661887084,0.7758174661158717,0.44292387447217907,0.6018927407304516,0.9792285617844118,1.0
100013045|F|0-44:C>T-44:C>T,,,0.12195121951219512,-65.11518822598299,84.15165991307026,-0.7737837648508397,0.44411056770067003,0.5987413147467395,0.9792285617844118,1.0
100021995|F|0-64:T>A-64:T>A,,,0.2804878048780488,-44.75129715073183,57.90801771790483,-0.7727996729008215,0.44468547761443633,0.5972193344356167,0.9792285617844118,1.0
100015009|F|0-50:G>A-50:G>A,,,0.2926829268292683,55.93976591508716,72.60276713197909,0.7704908245907277,0.446036050209151,0.5936561107784996,0.9792285617844118,1.0
100013387|F|0-43:C>G-43:C>G,,,0.34146341463414637,-38.62776755158888,50.13789583932273,-0.7704305676364952,0.4460713303900026,0.5935632595486922,0.9792285617844118,1.0
100013542|F|0-30:C>G-30:C>G,,,0.13414634146341464,62.77690192416818,81.52018333882089,0.7700780267292783,0.446277774722253,0.5930201672512591,0.9792285617844118,1.0
100021415|F|0-54:A>G-54:A>G,,,0.1951219512195122,59.86321566187978,77.86477305650865,0.7688099934284193,0.44702079047867205,0.5910688059954061,0.9792285617844118,1.0
100057366|F|0-5:C>T-5:C>T,,,0.18292682926829268,56.57937240323628,73.9210566503771,0.7654026466482828,0.44902098555897846,0.5858412114961962,0.9793906513874935,1.0
100030012|F|0-16:C>G-16:C>G,,,0.12195121951219512,50.790193656071025,66.53637021420471,0.7633448216751074,0.45023153774427277,0.5826953167782015,0.9793906513874935,1.0
100019939|F|0-42:C>T-42:C>T,,,0.14634146341463414,59.29437574814162,77.8556265286652,0.7615939706850908,0.4512630226086314,0.580025376183883,0.9793906513874935,1.0
100013537|F|0-44:C>G-44:C>G,,,0.24390243902439024,-44.5120675866847,58.509828242804524,-0.7607622330041406,0.45175351491590815,0.5787591751654463,0.9793906513874935,1.0
100013340|F|0-36:T>A-36:T>A,,,0.4512195121951219,43.28416223892975,56.91981586173476,0.7604410095786731,0.45194303084866405,0.5782705290490316,0.9793906513874935,1.0
100018629|F|0-63:G>A-63:G>A,,,0.3780487804878049,-44.28221641989203,58.33297917857987,-0.7591283188936226,0.452717980949931,0.5762758045462576,0.9793906513874935,1.0
100016593|F|0-53:A>T-53:A>T,,,0.3780487804878049,-44.524553304999415,58.6890919928661,-0.7586512551670003,0.4529998103316831,0.575551726966465,0.9793906513874935,1.0
100014336|F|0-17:A>G-17:A>G,,,0.45121951219512196,50.749988756722786,67.36256917470743,0.7533855875523501,0.4561173980676555,0.5675898435315997,0.9815933738290132,1.0
100013529|F|0-11:C>G-11:C>G,,,0.4634146341463415,36.81263684347002,48.9108237913582,0.752648064168861,0.4565550575948899,0.5664791084971339,0.9815933738290132,1.0
100044261|F|0-5:T>A-5:T>A,Vu09 (old8),3387810.0,0.4634146341463415,36.81263684347002,48.9108237913582,0.752648064168861,0.4565550575948899,0.5664791084971339,0.9815933738290132,1.0
100015749|F|0-20:C>T-20:C>T,Vu09 (old8),33437303.0,0.45121951219512196,-42.319110362610864,56.52989386891045,-0.7486147145569817,0.45895286602640073,0.5604239908512312,0.9849247272766197,1.0
100017261|F|0-49:C>T-49:C>T,,,0.12195121951219512,66.23827358693742,88.99422506411392,0.7442985602629556,0.46152692825513153,0.5539803468095086,0.9870156064477192,1.0
100019646|F|0-30:T>C-30:T>C,,,0.15853658536585366,-50.12510149406328,67.36065246826095,-0.7441302846299072,0.4616274541783907,0.5537298805033867,0.9870156064477192,1.0
100040723|F|0-6:G>A-6:G>A,,,0.2682926829268293,40.47687758316886,54.687602745302286,0.7401472280963323,0.4640106039149352,0.5478179192586841,0.9882275454422169,1.0
100033379|F|0-46:C>G-46:C>G,,,0.2682926829268293,67.41157645725482,92.57073054346138,0.7282169651411091,0.47119129744054705,0.5302999483193274,0.9882275454422169,1.0
100019344|F|0-54:A>C-54:A>C,,,0.14634146341463414,-49.718324428430385,68.44152902398793,-0.7264350334868281,0.472269280959233,0.5277078578770091,0.9882275454422169,1.0
100043254|F|0-7:C>G-7:C>G,,,0.3170731707317073,44.75659947132115,62.042590858358594,0.7213850816368895,0.47533193936894985,0.5203964360082618,0.9882275454422169,1.0
100034507|F|0-30:A>G-30:A>G,,,0.18292682926829268,-47.16422798022677,65.40832858844452,-0.7210737378260896,0.4755211318975469,0.5199473353824883,0.9882275454422169,1.0
100017924|F|0-5:G>C-5:G>C,Vu04 (old11),2232752.0,0.47560975609756095,-44.02160949654363,61.17027848180957,-0.7196568429819148,0.4763826718271773,0.5179059716506964,0.9882275454422169,1.0
100021889|F|0-32:T>A-32:T>A,,,0.17073170731707318,53.32872850276209,74.10676854278044,0.7196202121804356,0.4764049569215951,0.5178532497786151,0.9882275454422169,1.0
100017082|F|0-22:G>A-22:G>A,,,0.18292682926829268,54.40461390661871,75.60220150562141,0.719616794526459,0.47640703615138214,0.5178483309645359,0.9882275454422169,1.0
100018671|F|0-6:A>T-6:A>T,Vu11 (old9),36066452.0,0.2073170731707317,51.02748778775265,71.08550548057866,0.7178325235612754,0.47749325678375093,0.515283531882349,0.9882275454422169,1.0
100016381|F|0-40:C>G-40:C>G,Vu08 (old5),3031274.0,0.2682926829268293,41.99632609052072,59.110615794444904,0.7104701165110759,0.48199021215566334,0.5047677864552619,0.9882275454422169,1.0
100034540|F|0-15:G>A-15:G>A,,,0.2926829268292683,-45.15851399988766,63.5972888887814,-0.7100697968251545,0.4822354135280048,0.5041991163633162,0.9882275454422169,1.0
100034184|F|0-46:T>C-46:T>C,,,0.14634146341463417,-63.8180517101969,89.90519362999989,-0.7098372088806877,0.4823779093298898,0.503868863111525,0.9882275454422169,1.0
100016995|F|0-19:T>G-19:T>G,,,0.2682926829268293,36.42784817834018,51.376896948318745,0.7090316921044069,0.48287159623674686,0.5027259404084384,0.9882275454422169,1.0
100019630|F|0-24:A>T-24:A>T,,,0.3048780487804878,46.85206538316745,66.1515410436908,0.7082535742020475,0.4833487623285058,0.5016231253699752,0.9882275454422169,1.0
100015905|F|0-31:G>A-31:G>A,,,0.15853658536585366,45.585835689903405,64.36764117677478,0.7082104432677541,0.48337521935906946,0.5015620319535087,0.9882275454422169,1.0
100014230|F|0-12:A>G-12:A>G,,,0.25609756097560976,-42.464041526340516,59.96192411836621,-0.708183437251205,0.48339178558942825,0.5015237807969315,0.9882275454422169,1.0
100045226|F|0-27:G>T-27:G>T,,,0.24390243902439024,-42.002951728407,59.715630935828926,-0.7033828676036904,0.4863416838216001,0.49474745843839063,0.9882275454422169,1.0
100014339|F|0-37:C>G-37:C>G,,,0.14634146341463414,-55.82116026349457,79.5320022838698,-0.7018704252441017,0.4872731604538685,0.4926220938323362,0.9882275454422169,1.0
100020053|F|0-44:G>A-44:G>A,,,0.1951219512195122,-47.72566461154371,68.01633345213455,-0.7016794671110862,0.4873908382850073,0.4923540745652979,0.9882275454422169,1.0
100029801|F|0-44:C>T-44:C>T,,,0.34146341463414637,42.78269339207702,61.05616245962593,0.7007104879932071,0.4879882174243587,0.49099518798367847,0.9882275454422169,1.0
100028511|F|0-5:C>A-5:C>A,,,0.23170731707317074,47.81993649259363,68.24658612556613,0.7006934589315613,0.4879987195819831,0.49097132338947563,0.9882275454422169,1.0
100035744|F|0-61:C>T-61:C>T,,,0.15853658536585366,51.52376658219643,73.86022199762806,0.6975847782294922,0.48991803146339735,0.48662452281748975,0.9882275454422169,1.0
100048111|F|0-10:T>A-10:T>A,,,0.4878048780487805,47.608614401490364,68.30368228189295,0.6970138770118874,0.4902709676641807,0.48582834474714254,0.9882275454422169,1.0
100032852|F|0-43:C>T-43:C>T,,,0.15853658536585366,-47.541496814366965,68.26714253576866,-0.6964037902927831,0.49064828614066774,0.4849782391341546,0.9882275454422169,1.0
100046610|F|0-39:T>C-39:T>C,,,0.21951219512195122,53.33690679899076,76.62028354945218,0.6961199349329752,0.49082389673413696,0.4845829638110896,0.9882275454422169,1.0
100035349|F|0-16:C>T-16:C>T,,,0.36585365853658536,39.427263532348945,56.75655550887012,0.694673296835061,0.4917194236876905,0.4825709893356927,0.9882275454422169,1.0
100015478|F|0-48:C>T-48:C>T,,,0.17073170731707318,-40.36711002197318,58.13551380177331,-0.6943623162876711,0.49191205239163477,0.4821390262803798,0.9882275454422169,1.0
100021370|F|0-62:A>T-62:A>T,,,0.32926829268292684,-39.442977714562765,56.93540918103642,-0.6927670896181091,0.4929008366031948,0.4799262404579452,0.9882275454422169,1.0
100034001|F|0-23:A>G-23:A>G,Vu10 (old10),40225556.0,0.46341463414634143,-44.45150594842229,64.29072652139021,-0.6914139620685854,0.4937404275628814,0.47805326694337924,0.9882275454422169,1.0
100034576|F|0-39:C>T-39:C>T,,,0.3170731707317073,-34.99493784371124,50.86728052089645,-0.6879655740458781,0.4958836918274632,0.4732966310722746,0.9882275454422169,1.0
100016293|F|0-58:A>G-58:A>G,,,0.3902439024390244,35.90082919655417,52.20161174225649,0.6877341139161215,0.49602773550454415,0.47297821144399277,0.9882275454422169,1.0
100017718|F|0-15:A>G-15:A>G,,,0.17073170731707318,-45.85946760313438,66.75969186119288,-0.6869334822348437,0.4965261688633672,0.47187760901528836,0.9882275454422169,1.0
100042001|F|0-12:C>A-12:C>A,,,0.21951219512195122,-39.23648568492137,57.234962011256705,-0.6855335324098673,0.4973983761725218,0.4699562240583505,0.9882275454422169,1.0
100034929|F|0-54:T>A-54:T>A,,,0.3780487804878049,38.580314241044206,56.38758232983764,0.6841987658802199,0.4982307637329439,0.46812795123201595,0.9882275454422169,1.0
100018713|F|0-51:T>A-51:T>A,,,0.47560975609756095,42.644768732280205,62.46209636259691,0.6827303471328322,0.4991473908877914,0.46612072689611755,0.9882275454422169,1.0
100019259|F|0-35:C>T-35:C>T,,,0.14102564102564102,44.34170242716505,64.98424138128384,0.6823454653721008,0.499387798954107,0.4655953341138689,0.9882275454422169,1.0
100034109|F|0-45:G>A-45:G>A,,,0.47560975609756095,-34.00409588929785,49.90858621381751,-0.6813275724465143,0.5000239124930055,0.46420726097586024,0.9882275454422169,1.0
100028302|F|0-21:C>T-21:C>T,,,0.4871794871794872,-39.25754258526905,57.688665757371396,-0.6805070297583155,0.5005370216154766,0.46308981755048484,0.9882275454422169,1.0
100013326|F|0-33:T>A-33:T>A,,,0.1951219512195122,-43.29655352502516,63.82658129076823,-0.6783467428371805,0.5018893018637036,0.46015430351781195,0.9882275454422169,1.0
100021345|F|0-28:C>T-28:C>T,,,0.43902439024390244,50.35062003579439,74.23012878623497,0.6783043604948086,0.501915852184776,0.46009680546627124,0.9882275454422169,1.0
100013794|F|0-60:G>A-60:G>A,,,0.4146341463414634,-47.639525273039965,70.35560982937973,-0.6771247579058894,0.5026551222230363,0.4584979377691094,0.9882275454422169,1.0
100034022|F|0-63:A>C-63:A>C,,,0.17105263157894735,-43.348668448533125,64.11252489704576,-0.6761341643952411,0.5032764013005656,0.45715740826245094,0.9882275454422169,1.0
100056084|F|0-56:G>T-56:G>T,Vu11 (old9),1725731.0,0.2804878048780488,51.90584197820846,76.78585875936025,0.6759817864494626,0.5033720069894724,0.45695137561140686,0.9882275454422169,1.0
100034716|F|0-53:A>G-53:A>G,,,0.4024390243902439,-46.44586058018464,68.73113515996,-0.6757615812992149,0.5035101868011841,0.4566537147600155,0.9882275454422169,1.0
100021071|F|0-60:A>G-60:A>G,Vu07 (old2),39201975.0,0.4024390243902439,-46.44586058018464,68.73113515996,-0.6757615812992149,0.5035101868011841,0.4566537147600155,0.9882275454422169,1.0
100017834|F|0-8:C>T-8:C>T,,,0.11249999999999999,60.169832788031144,89.08113915147716,0.6754497457168339,0.5037059008609521,0.4562323589889356,0.9882275454422169,1.0
100015585|F|0-38:T>C-38:T>C,,,0.3170731707317073,-41.55613728038221,61.77262086939575,-0.6727274429272359,0.5054162468902759,0.45256221246741735,0.9882275454422169,1.0
100044112|F|0-18:T>G-18:T>G,,,0.1794871794871794,-53.946870938380215,80.61131261134219,-0.6692220879528238,0.5076232485236607,0.447858203003937,0.9882275454422169,1.0
100034088|F|0-23:T>C-23:T>C,,,0.21951219512195122,-45.29282252695918,67.91969911593107,-0.6668584095116437,0.5091144120583021,0.44470013833639904,0.9882275454422169,1.0
100040506|F|0-18:G>A-18:G>A,,,0.13414634146341464,-40.56329360725526,60.86534425283282,-0.6664431805192221,0.5093766125057038,0.4441465128605765,0.9882275454422169,1.0
100021973|F|0-54:T>C-54:T>C,,,0.15853658536585366,45.443943341950536,68.44185859511482,0.6639788029542814,0.5109342834283639,0.4408678507726004,0.9882275454422169,1.0
100036213|F|0-14:A>C-14:A>C,,,0.23170731707317074,42.9986864307869,64.78775241477804,0.66368541627289,0.5111198983813127,0.4404783317733193,0.9882275454422169,1.0
100021703|F|0-41:T>C-41:T>C,Vu07 (old2),38780837.0,0.2804878048780488,-41.78339211910725,62.97625863535198,-0.6634784762467926,0.5112508437914163,0.4402036884427657,0.9882275454422169,1.0
100014662|F|0-39:T>C-39:T>C,,,0.43902439024390244,-37.634087479699055,56.892642677160964,-0.6614930456518751,0.5125080917973256,0.43757304944579367,0.9882275454422169,1.0
100015820|F|0-37:T>C-37:T>C,,,0.46341463414634143,-43.80610863017906,66.40440009249842,-0.6596868365523831,0.5136533076667047,0.43518672232049066,0.9882275454422169,1.0
100034782|F|0-29:A>T-29:A>T,,,0.16249999999999998,41.45877374165923,62.960138942033,0.6584924118390219,0.5144113871281591,0.43361225644957196,0.9882275454422169,1.0
100016415|F|0-35:A>G-35:A>G,,,0.13414634146341464,41.58833560472506,63.229438659104446,0.6577369100008091,0.514891203081638,0.4326178427774125,0.9882275454422169,1.0
100043419|F|0-6:T>A-6:T>A,,,0.35365853658536583,41.447942124298265,63.12438350835658,0.6566074759179433,0.5156089534314742,0.4311333774313325,0.9882275454422169,1.0
100018158|F|0-47:G>T-47:G>T,contig_292,2803.0,0.21951219512195122,-44.94874649949726,68.71588767662264,-0.6541245120928412,0.5171887665072288,0.4278788773206975,0.9882275454422169,1.0
100045081|F|0-27:C>A-27:C>A,,,0.15853658536585366,-50.52180051536476,77.31394257416358,-0.6534629955897231,0.5176101039171694,0.4270138866050945,0.9882275454422169,1.0
100019377|F|0-46:G>A-46:G>A,,,0.15853658536585366,57.74367796651493,88.50278924773947,0.6524503742461406,0.5182554276993472,0.42569149085392893,0.9882275454422169,1.0
100013445|F|0-24:G>T-24:G>T,,,0.24390243902439024,-42.074793647827086,64.56247486501445,-0.6516911524193577,0.5187395491165436,0.42470135814167054,0.9882275454422169,1.0
100015729|F|0-42:C>A-42:C>A,Vu08 (old5),34737627.0,0.36585365853658536,-45.32549096334237,69.66381615570894,-0.6506317549706606,0.5194154856523218,0.42332168057620173,0.9882275454422169,1.0
100014325|F|0-37:G>A-37:G>A,,,0.12195121951219512,52.88743900944865,81.37731366983832,0.6499039673885284,0.519880116643679,0.4223751668273494,0.9882275454422169,1.0
100017336|F|0-39:A>G-39:A>G,Vu07 (old2),40087974.0,0.3048780487804878,-37.04777968469018,57.48009804743538,-0.6445322980158548,0.523316372002141,0.41542188318559864,0.9882275454422169,1.0
100044397|F|0-62:C>G-62:C>G,,,0.2682926829268293,38.86493576009798,60.377954483866525,0.6436941445322233,0.5238536320941162,0.41434215170507077,0.9882275454422169,1.0
100038655|F|0-21:A>T-21:A>T,,,0.18292682926829268,42.97126868133261,66.8387926942635,0.6429091093535065,0.5243571103096929,0.41333212288971904,0.9882275454422169,1.0
100018689|F|0-30:A>C-30:A>C,,,0.14634146341463414,-43.01213574827183,67.00354553814772,-0.6419382049533984,0.5249801519929149,0.4120846589787913,0.9882275454422169,1.0
100028279|F|0-18:C>T-18:C>T,,,0.25609756097560976,-55.51726694420272,86.56815965955423,-0.6413127778450523,0.52538170555626,0.4112820790273373,0.9882275454422169,1.0
100034117|F|0-6:C>A-6:C>A,,,0.2926829268292683,-31.87072447250813,49.881216703069086,-0.638932379340843,0.5269115295561283,0.4082345853701509,0.9882275454422169,1.0
100014670|F|0-19:A>G-19:A>G,Vu11 (old9),34116227.0,0.10975609756097561,55.93407886117371,87.56475749402352,0.6387738681853978,0.5270134848956293,0.408032054676536,0.9882275454422169,1.0
100017012|F|0-57:A>G-57:A>G,,,0.4024390243902439,35.06808846071654,54.980809125423605,0.6378241611671871,0.5276245619162456,0.40681966056862584,0.9882275454422169,1.0
100013622|F|0-50:C>T-50:C>T,,,0.13414634146341464,47.26732691563705,74.1322380781193,0.6376082543984108,0.5277635369179041,0.4065442860769886,0.9882275454422169,1.0
100038530|F|0-18:T>G-18:T>G,,,0.3780487804878049,34.69491807723067,54.587920442465716,0.6355786737433647,0.529070888658013,0.4039602505173745,0.9882275454422169,1.0
100021389|F|0-57:T>C-57:T>C,,,0.25609756097560976,-36.41634931148579,57.31378037869943,-0.635385575176958,0.5291953622523411,0.4037148291429538,0.9882275454422169,1.0
100018000|F|0-38:T>A-38:T>A,,,0.32926829268292684,-36.19424002270018,57.02151672885594,-0.6347470586376731,0.5296070679975557,0.4029038284491776,0.9882275454422169,1.0
100014449|F|0-27:C>G-27:C>G,,,0.32926829268292684,-36.19424002270018,57.02151672885594,-0.6347470586376731,0.5296070679975557,0.4029038284491776,0.9882275454422169,1.0
100019174|F|0-24:T>A-24:T>A,,,0.13414634146341464,-45.7202577551758,72.13785995467897,-0.6337900484419667,0.5302244512332644,0.40168982550407056,0.9882275454422169,1.0
100052563|F|0-36:T>C-36:T>C,,,0.19512195121951215,48.53766068314128,76.59297229188999,0.6337090627344758,0.5302767139413872,0.4015871761918078,0.9882275454422169,1.0
100019260|F|0-27:C>T-27:C>T,,,0.3902439024390244,36.50198810783358,57.75562273911889,0.6320075237126679,0.5313754024418329,0.39943351002941846,0.9882275454422169,1.0
100021690|F|0-12:G>A-12:G>A,,,0.24390243902439024,45.30977459532606,71.86934063687782,0.6304465046403468,0.532384413767654,0.3974627952132308,0.9882275454422169,1.0
100016297|F|0-36:A>G-36:A>G,,,0.4878048780487805,33.00662923774908,52.50756406145083,0.6286071317100266,0.5335746434601829,0.3951469260367067,0.9882275454422169,1.0
100041229|F|0-52:A>T-52:A>T,,,0.4268292682926829,41.76317051431093,66.52888658145073,0.6277449189410474,0.534133050013135,0.39406368325630226,0.9882275454422169,1.0
100016695|F|0-37:G>A-37:G>A,,,0.23170731707317074,-35.60516708630613,56.87024203236349,-0.6260772912843255,0.5352139502326204,0.3919727746619182,0.9882275454422169,1.0
100028871|F|0-35:G>C-35:G>C,,,0.4512195121951219,-36.645916735981885,58.54069911740378,-0.6259904184350146,0.5352702897694805,0.39186400397244464,0.9882275454422169,1.0
100035442|F|0-6:A>T-6:A>T,,,0.4024390243902439,-30.78488411080081,49.32383165410865,-0.6241381311712518,0.5364722921410248,0.38954840678194275,0.9882275454422169,1.0
100018591|F|0-14:C>T-14:C>T,,,0.4634146341463415,30.096387601453877,48.33617580027058,0.6226472637350305,0.5374407858170077,0.38768961503672067,0.9882275454422169,1.0
100029251|F|0-32:C>A-32:C>A,,,0.4024390243902439,34.27594874162716,55.19587563756613,0.620987498535109,0.5385200742766774,0.38562547333689207,0.9882275454422169,1.0
100034977|F|0-7:A>C-7:A>C,,,0.4024390243902439,33.05258344752157,53.23876482758633,0.6208367822687532,0.5386181359818365,0.3854383102178192,0.9882275454422169,1.0
100047453|F|0-65:G>T-65:G>T,,,0.38749999999999996,35.67391052471402,57.93104696163599,0.6157995133134493,0.5419009329930956,0.379209040597081,0.9882275454422169,1.0
100034728|F|0-40:G>C-40:G>C,,,0.25609756097560976,-31.57699961658615,51.28335898026489,-0.6157357911898431,0.5419425273598797,0.3791305645521821,0.9882275454422169,1.0
100033927|F|0-14:A>G-14:A>G,,,0.2073170731707317,43.12133993400259,70.07386706451926,0.6153697767856794,0.5421814739755227,0.3786799621812569,0.9882275454422169,1.0
100015327|F|0-43:T>G-43:T>G,Vu05 (old1),38169638.0,0.23170731707317074,-39.40321982004105,64.20081906460953,-0.6137494878435582,0.543239910864221,0.37668843382823003,0.9882275454422169,1.0
100059434|F|0-15:G>A-15:G>A,,,0.35365853658536583,30.815429886101015,50.435325997575916,0.6109890097187456,0.5450456305412119,0.3733075699970934,0.9882275454422169,1.0
100021291|F|0-61:A>G-61:A>G,,,0.2804878048780488,31.082077966922512,50.947024249098995,0.6100862302565631,0.5456368415728268,0.37220520834866405,0.9882275454422169,1.0
100018050|F|0-8:G>T-8:G>T,,,0.2682926829268293,36.90743875351856,60.54100161510535,0.6096271579410065,0.5459376053507989,0.3716452716992289,0.9882275454422169,1.0
100044112|F|0-25:G>A-25:G>A,,,0.1707317073170732,-47.341864620572544,77.90531433853,-0.6076846621124338,0.5472111896600971,0.3692806485667028,0.9882275454422169,1.0
100036060|F|0-10:G>T-10:G>T,Vu06 (old6),32597034.0,0.18292682926829268,44.058629967634815,72.89950821681714,0.6043748585600329,0.5493847637635,0.3652689696594598,0.9882275454422169,1.0
100013004|F|0-22:T>A-22:T>A,,,0.18292682926829268,44.058629967634815,72.89950821681714,0.6043748585600329,0.5493847637635,0.3652689696594598,0.9882275454422169,1.0
100019065|F|0-15:C>T-15:C>T,,,0.45121951219512196,42.848475549025636,71.17773987105663,0.6019926402081408,0.550951926850313,0.36239513886476804,0.9882275454422169,1.0
100014515|F|0-36:T>C-36:T>C,,,0.35365853658536583,29.196167499209544,48.51722503961283,0.6017691134513931,0.5510990934008948,0.3621260659040756,0.9882275454422169,1.0
100030808|F|0-36:G>C-36:G>C,,,0.1951219512195122,-35.88687310360591,59.92753320815206,-0.5988378159827901,0.553030876705376,0.3586067298510379,0.9882275454422169,1.0
100040013|F|0-13:A>G-13:A>G,,,0.5,29.408494411245616,49.12629694913314,0.5986303922254931,0.5531677040562065,0.3583583464960477,0.9882275454422169,1.0
100038948|F|0-13:G>A-13:G>A,,,0.17073170731707318,43.44106130046259,72.70905740440442,0.59746423418537,0.5539372834853545,0.3569635111307106,0.9882275454422169,1.0
100021940|F|0-35:G>A-35:G>A,,,0.3048780487804878,-35.297094983896116,59.547467858308195,-0.5927555990774407,0.5570501849495234,0.3513592002376556,0.9882275454422169,1.0
100013879|F|0-63:G>A-63:G>A,,,0.23170731707317074,-40.06515463928297,67.59564813741125,-0.592717959562084,0.5570751043525142,0.35131457958744017,0.9882275454422169,1.0
100022008|F|0-51:G>C-51:G>C,,,0.3048780487804878,-30.867242397154033,52.080262786701184,-0.5926859955291174,0.5570962667223006,0.3512766892963409,0.9882275454422169,1.0
100014938|F|0-65:C>T-65:C>T,,,0.24390243902439024,-53.88359556423929,91.18699269260567,-0.5909131771225602,0.5582706319828706,0.3491783828970782,0.9882275454422169,1.0
100033514|F|0-34:C>T-34:C>T,,,0.34146341463414637,36.29179626225469,61.545251709131236,0.5896766241817192,0.5590905016630776,0.3477185211063485,0.9882275454422169,1.0
100041207|F|0-27:C>A-27:C>A,,,0.17073170731707318,-37.8814846550767,64.24540485731164,-0.5896372626059572,0.5591166095063194,0.3476721014534465,0.9882275454422169,1.0
100049328|F|0-63:A>C-63:A>C,Vu08 (old5),12604325.0,0.4268292682926829,-35.076090786067944,59.51832087286725,-0.5893326671797652,0.5593186631664097,0.34731299260521586,0.9882275454422169,1.0
100022222|F|0-28:C>A-28:C>A,,,0.34146341463414637,34.63966696885932,58.85067340805811,0.5886027289556265,0.5598030186160688,0.3464531725340107,0.9882275454422169,1.0
100014348|F|0-42:C>G-42:C>G,,,0.12195121951219512,42.222484245602175,72.17158998684116,0.5850291541768787,0.5621773432036782,0.34225911123691416,0.9882275454422169,1.0
100032842|F|0-24:A>C-24:A>C,Vu05 (old1),2448565.0,0.2804878048780488,58.81458122723079,100.75508127358242,0.5837381150785865,0.563036369610099,0.34075018699550114,0.9882275454422169,1.0
100028251|F|0-5:A>G-5:A>G,,,0.15853658536585366,-40.03154429978977,68.88016381499375,-0.5811766709398527,0.5647426440062363,0.33776632284472985,0.9882275454422169,1.0
100018585|F|0-68:A>G-68:A>G,,,0.18292682926829268,-43.93787325506907,75.69231845938636,-0.5804799502692533,0.5652072039475412,0.33695697266459473,0.9882275454422169,1.0
100013031|F|0-8:C>T-8:C>T,,,0.3902439024390244,38.244442699578855,66.10703536853269,0.5785230344451873,0.5665130608234087,0.33468890138366736,0.9882275454422169,1.0
100015028|F|0-52:A>T-52:A>T,,,0.15853658536585366,-42.83058901850911,74.13783802957681,-0.5777156463804909,0.5670522728789568,0.3337553680728284,0.9882275454422169,1.0
100020593|F|0-8:G>C-8:G>C,,,0.18292682926829268,40.05758587190973,69.441393016838,0.5768545838675305,0.5676276135675086,0.3327612109289818,0.9882275454422169,1.0
100044964|F|0-65:T>A-65:T>A,,,0.18292682926829268,45.422894123637036,78.78353799099398,0.5765531135302592,0.567829117410032,0.33241349272143594,0.9882275454422169,1.0
100032976|F|0-16:C>T-16:C>T,,,0.1585365853658537,33.911994323385116,59.193202014027904,0.5729035289449028,0.5702713389237716,0.3282184534775231,0.9882275454422169,1.0
100022286|F|0-67:T>G-67:T>G,,,0.13414634146341464,-41.62700442713878,72.7609591418587,-0.5721063179772069,0.5708055085063534,0.327305639069437,0.9882275454422169,1.0
100033227|F|0-6:A>G-6:A>G,Vu08 (old5),23496197.0,0.4024390243902439,31.532247452967333,55.18810923143271,0.5713594448531669,0.5713061745089488,0.3264516152229191,0.9882275454422169,1.0
100018695|F|0-40:A>G-40:A>G,Vu08 (old5),10283963.0,0.4268292682926829,34.84237219334923,61.02997327808455,0.570905906096159,0.5716103102040734,0.3259335536154763,0.9882275454422169,1.0
100018004|F|0-47:G>A-47:G>A,Vu08 (old5),35769922.0,0.3902439024390244,36.152727874769674,63.32623181366859,0.5708965595986453,0.5716165786566758,0.3259228817615695,0.9882275454422169,1.0
100033389|F|0-27:G>C-27:G>C,,,0.18292682926829268,-37.63728708307219,66.02718931523759,-0.5700270975246003,0.5721998531842787,0.3249308919123202,0.9882275454422169,1.0
100016054|F|0-59:T>A-59:T>A,,,0.13414634146341464,-46.693769923196314,81.99129632176735,-0.5694966663284707,0.5725558351166719,0.3243264529592415,0.9882275454422169,1.0
100017244|F|0-66:T>A-66:T>A,,,0.13414634146341464,-49.1363071219923,86.500080386027,-0.5680492654192916,0.5735277690752199,0.32267996794339676,0.9882275454422169,1.0
100036187|F|0-16:T>C-16:T>C,,,0.2195121951219512,50.81553058340685,89.62990455331436,0.566948395590228,0.5742675517131752,0.3214304832623337,0.9882275454422169,1.0
100040070|F|0-17:A>G-17:A>G,,,0.2804878048780488,34.268009668409434,60.58582441773646,0.5656110154106857,0.5751669018258951,0.31991582075390695,0.9882275454422169,1.0
100052713|F|0-20:C>T-20:C>T,,,0.21951219512195122,-32.72261783818447,58.005102496363264,-0.5641334370581635,0.5761613373127985,0.31824653480705695,0.9882275454422169,1.0
100034834|F|0-45:G>A-45:G>A,,,0.15853658536585366,-35.907665216559096,63.963848982260195,-0.5613743667382769,0.5780204993130698,0.3151411796308014,0.9882275454422169,1.0
100050516|F|0-63:C>G-63:C>G,,,0.4024390243902439,34.178276416234816,60.962735800599695,0.5606421032026355,0.5785144185789024,0.3143195678834746,0.9882275454422169,1.0
100017910|F|0-52:G>A-52:G>A,,,0.25609756097560976,30.753519865795973,55.09981215736339,0.5581420092316259,0.5802023136856572,0.3115225024691164,0.9882275454422169,1.0
100015098|F|0-61:T>G-61:T>G,,,0.10526315789473685,36.373723622026155,65.26190277101583,0.5573500323711138,0.5807375043750166,0.3106390585840816,0.9882275454422169,1.0
100038609|F|0-8:A>T-8:A>T,,,0.47560975609756095,36.904757512015735,66.45290859819993,0.5553520273304547,0.5820887567975274,0.30841587426004613,0.9882275454422169,1.0
100020579|F|0-68:T>C-68:T>C,Vu03 (old3),51968724.0,0.3780487804878049,-36.861499370619086,66.42517127609119,-0.5549326958813107,0.5823725452124684,0.3079502969580992,0.9882275454422169,1.0
100033115|F|0-33:C>G-33:C>G,,,0.4634146341463415,-34.550570612276395,62.356747838177355,-0.5540790982547541,0.5829504372407833,0.3070036471228014,0.9882275454422169,1.0
100020314|F|0-31:G>A-31:G>A,,,0.36585365853658536,29.589252054980143,53.543249513606376,0.5526233899468679,0.5839366052815748,0.305392611116368,0.9882275454422169,1.0
100017860|F|0-21:C>T-21:C>T,,,0.2073170731707317,33.35560980576265,60.41239063382596,0.552131929490078,0.5842697273471829,0.30484966756243653,0.9882275454422169,1.0
100045027|F|0-42:C>G-42:C>G,,,0.2073170731707317,33.35560980576265,60.41239063382596,0.552131929490078,0.5842697273471829,0.30484966756243653,0.9882275454422169,1.0
100019698|F|0-15:C>A-15:C>A,Vu07 (old2),37885937.0,0.24390243902439024,-37.074540821884,67.22635785204142,-0.5514881663451322,0.5847062227074729,0.3041391976187162,0.9882275454422169,1.0
100041314|F|0-40:C>T-40:C>T,,,0.35365853658536583,-30.20313301885184,54.81174443522019,-0.5510339678122763,0.585014281258551,0.30363843368294074,0.9882275454422169,1.0
100021699|F|0-19:G>C-19:G>C,,,0.17073170731707318,-39.50904578904998,71.96361098870842,-0.5490142204683033,0.5863851189203968,0.30141661427641875,0.9882275454422169,1.0
100015285|F|0-54:T>C-54:T>C,,,0.1951219512195122,-39.47828973225978,71.94256919545224,-0.5487472879235922,0.5865664067433208,0.30112358600349776,0.9882275454422169,1.0
100016636|F|0-57:G>T-57:G>T,,,0.13414634146341464,-35.4545103028972,64.73961989969607,-0.5476477983316619,0.5873134127766093,0.2999181110175166,0.9882275454422169,1.0
100020025|F|0-58:A>C-58:A>C,,,0.3048780487804878,-31.66689102528034,58.24655925072573,-0.5436697280086253,0.5900199869542097,0.29557677315297265,0.9882275454422169,1.0
100030265|F|0-5:T>C-5:T>C,,,0.2682926829268293,-33.02578753815944,61.210100059020405,-0.5395480077032239,0.5928305977275157,0.2911120526165181,0.9882275454422169,1.0
100033600|F|0-16:A>G-16:A>G,,,0.14634146341463414,36.81716186847427,68.27994347699291,0.539209026745605,0.5930620340146822,0.2907463745239426,0.9882275454422169,1.0
100030615|F|0-8:C>T-8:C>T,,,0.4146341463414634,-33.75074512843199,62.600195794612446,-0.5391475969047476,0.5931039793188854,0.29068013124816416,0.9882275454422169,1.0
100021489|F|0-26:C>G-26:C>G,,,0.2926829268292683,31.532750371876926,58.55677030693244,0.5384987970920215,0.5935470769425824,0.2899809544695542,0.9882275454422169,1.0
100013001|F|0-27:G>C-27:G>C,Vu03 (old3),7683103.0,0.4634146341463415,-28.994798473603748,53.86787287252102,-0.5382577207423856,0.5937117601923316,0.289721373938788,0.9882275454422169,1.0
100032841|F|0-19:T>A-19:T>A,Vu05 (old1),2448565.0,0.3170731707317073,38.36985706733733,71.36887807251894,0.5376272978307038,0.5941425155054656,0.28904311137274435,0.9882275454422169,1.0
100033716|F|0-51:T>C-51:T>C,,,0.12195121951219512,36.34396187840361,67.68537438792303,0.5369544337615186,0.5946024342610852,0.2883200639361531,0.9882275454422169,1.0
100016887|F|0-60:G>T-60:G>T,,,0.12195121951219512,-46.362214667932584,86.59981790845788,-0.5353615722026196,0.5956918685362825,0.28661201299126066,0.9882275454422169,1.0
100035765|F|0-28:G>A-28:G>A,,,0.13414634146341464,46.63889599239289,87.40137316123919,0.5336174284853952,0.5968858588355634,0.2847475599833658,0.9882275454422169,1.0
100018496|F|0-32:T>G-32:T>G,,,0.3048780487804878,36.49074459818635,68.59298283907317,0.5319894701736143,0.5980013349516554,0.2830127963756029,0.9882275454422169,1.0
100013877|F|0-19:G>T-19:G>T,,,0.4878048780487805,32.25503933593923,60.709347951708544,0.5313026811224626,0.5984722181448737,0.28228253896791716,0.9882275454422169,1.0
100014531|F|0-60:G>C-60:G>C,,,0.38749999999999996,28.21036526513881,53.1402162233865,0.5308665878691645,0.5987713077533907,0.28181933411584936,0.9882275454422169,1.0
100033630|F|0-40:T>C-40:T>C,,,0.3902439024390244,-31.6613738867931,59.71875127331394,-0.5301747476582179,0.5992459433814742,0.2810852630544551,0.9882275454422169,1.0
100018194|F|0-8:A>C-8:A>C,Vu02 (old7),25429826.0,0.1875,35.13562404937284,66.84809142448005,0.5256039970724733,0.6023861523370022,0.27625956173856053,0.9882275454422169,1.0
100019849|F|0-35:A>C-35:A>C,,,0.4024390243902439,-29.268118938420518,55.72398127963643,-0.5252338089689969,0.6026408178047569,0.2758705540840807,0.9882275454422169,1.0
100017806|F|0-40:A>G-40:A>G,Vu10 (old10),40484034.0,0.4878048780487805,-31.39967563352017,59.99830567237953,-0.5233427057920261,0.6039425619971344,0.2738875877057192,0.9882275454422169,1.0
100013936|F|0-38:C>A-38:C>A,,,0.21951219512195122,35.944776074391115,68.89024519251906,0.5217687348033192,0.6050270103758433,0.27224261261825644,0.9882275454422169,1.0
100051143|F|0-41:A>G-41:A>G,,,0.36585365853658536,26.97423117949005,52.00255957916195,0.5187096827114439,0.607137260935348,0.2690597349386068,0.9882275454422169,1.0
100030430|F|0-19:A>C-19:A>C,,,0.2804878048780488,35.170365693791645,67.97755649913391,0.5173820229069244,0.6080541958994734,0.2676841576272612,0.9882275454422169,1.0
100021294|F|0-38:G>A-38:G>A,,,0.36585365853658536,-33.998735887004166,65.8710534979533,-0.5161407641379313,0.6089120402820057,0.26640128840488764,0.9882275454422169,1.0
100013792|F|0-5:A>G-5:A>G,Vu03 (old3),47359227.0,0.3902439024390244,25.383571015542913,49.616167848280234,0.5115987815335227,0.6120558166357905,0.26173331326658505,0.9882275454422169,1.0
100022102|F|0-51:T>G-51:T>G,,,0.47560975609756095,-28.06693113166042,54.90308713180829,-0.5112086149960727,0.6123262228472512,0.2613342480462029,0.9882275454422169,1.0
100018873|F|0-22:A>T-22:A>T,,,0.32926829268292684,-28.781672714833096,56.31049011849884,-0.5111245285605831,0.6123845064399586,0.26124828369627834,0.9882275454422169,1.0
100019956|F|0-49:C>A-49:C>A,,,0.4390243902439024,30.33592911688279,59.55709070874844,0.5093588144732311,0.6136089817526149,0.2594464018815754,0.9882275454422169,1.0
100020933|F|0-51:T>C-51:T>C,,,0.36585365853658536,-30.75914328783495,60.39091076310136,-0.5093339858459078,0.613626207761318,0.25942110913767946,0.9882275454422169,1.0
100017523|F|0-41:C>T-41:C>T,,,0.47560975609756095,-30.10255159088224,59.24195419330136,-0.5081289434285071,0.6144625287395873,0.258195023149771,0.9882275454422169,1.0
100053174|F|0-19:G>C-19:G>C,,,0.10975609756097561,-38.92588240802643,76.917555206204,-0.5060727983835706,0.6158907365790199,0.25610967726377803,0.9882275454422169,1.0
100014402|F|0-62:C>T-62:C>T,,,0.42500000000000004,26.960733702794037,53.4619853647336,0.5042972781287466,0.6171252422207897,0.2543157447280624,0.9882275454422169,1.0
100014432|F|0-25:C>A-25:C>A,,,0.34146341463414637,30.424249831923593,60.33106238697351,0.5042883156404138,0.6171314766356436,0.25430670529144556,0.9882275454422169,1.0
100033391|F|0-52:T>C-52:T>C,,,0.4634146341463415,-27.989754835600447,55.527047442395364,-0.5040742507448728,0.6172803913009423,0.25409085026400485,0.9882275454422169,1.0
100029213|F|0-12:G>A-12:G>A,,,0.46341463414634143,-28.476213992485523,56.544124206970906,-0.5036104881252171,0.6176030649242912,0.25362352374971947,0.9882275454422169,1.0
100034817|F|0-14:G>A-14:G>A,,,0.2804878048780488,29.673227501476156,59.01456243336468,0.5028119548455721,0.6181588432430127,0.2528198619356256,0.9882275454422169,1.0
100020488|F|0-58:T>G-58:T>G,,,0.1951219512195122,29.411411198384837,58.51306634567606,0.5026468964150987,0.618273752154387,0.252653902475731,0.9882275454422169,1.0
100019784|F|0-32:C>G-32:C>G,,,0.1951219512195122,31.28034721250697,62.247569108979995,0.5025151609975784,0.6183654695289439,0.25252148703242216,0.9882275454422169,1.0
100020434|F|0-43:G>A-43:G>A,,,0.12195121951219512,36.571395317670984,73.37085032214789,0.49844584268953823,0.6212016735442321,0.2484482580944839,0.9882275454422169,1.0
100054653|F|0-47:T>C-47:T>C,,,0.2682926829268293,-31.22904280778558,62.74100864165605,-0.49774531018698787,0.6216905196550835,0.24775039381314076,0.9882275454422169,1.0
100015778|F|0-37:G>T-37:G>T,Vu04 (old11),1978178.0,0.46341463414634143,-32.89898241845722,66.12375520757962,-0.49753651036875907,0.6218362581718048,0.2475425791499223,0.9882275454422169,1.0
100013478|F|0-51:G>A-51:G>A,,,0.36585365853658536,-25.770043040431847,51.88261904968994,-0.4966989622430376,0.622421006983362,0.2467098590933105,0.9882275454422169,1.0
100033415|F|0-29:T>C-29:T>C,,,0.12195121951219512,-36.678416139602184,74.0883956529157,-0.495062901772509,0.6235639672516947,0.2450872767114169,0.9882275454422169,1.0
100020867|F|0-34:T>C-34:T>C,,,0.21951219512195122,34.07502433046308,69.10960292877192,0.49305773563165506,0.6249660758191897,0.24310593066621505,0.9882275454422169,1.0
100058671|F|0-36:C>G-36:C>G,Vu05 (old1),1696325.0,0.2926829268292683,26.41816260784653,53.67239987378179,0.4922113166165955,0.6255583579112063,0.24227198020544244,0.9882275454422169,1.0
100018646|F|0-46:C>T-46:C>T,,,0.13414634146341464,-35.50734833314707,72.38400509984567,-0.4905413604037058,0.6267276491933357,0.24063082626671836,0.9882275454422169,1.0
100043366|F|0-29:G>T-29:G>T,,,0.13414634146341464,-40.25294486965554,82.14783684978349,-0.490006145180214,0.6271026101709718,0.24010602231437297,0.9882275454422169,1.0
100038915|F|0-9:A>C-9:A>C,,,0.13414634146341464,-40.25294486965554,82.14783684978349,-0.490006145180214,0.6271026101709718,0.24010602231437297,0.9882275454422169,1.0
100014947|F|0-16:G>C-16:G>C,,,0.12195121951219512,34.55104876695973,70.92642860811767,0.4871392715663297,0.6291127913581687,0.2373046699021743,0.9882275454422169,1.0
100044913|F|0-35:T>C-35:T>C,,,0.11842105263157895,-36.74979332234309,75.54934413444704,-0.48643431314166585,0.6296075307310083,0.23661834100160423,0.9882275454422169,1.0
100016306|F|0-56:A>G-56:A>G,,,0.12195121951219512,45.37099979708038,93.60172876581413,0.48472395109919264,0.6308085814635639,0.2349573087692125,0.9882275454422169,1.0
100019345|F|0-24:G>A-24:G>A,,,0.10975609756097561,-41.61315486198205,86.3255468954391,-0.4820491309760892,0.6326889323902903,0.2323713646748028,0.9882275454422169,1.0
100022316|F|0-39:A>G-39:A>G,,,0.23170731707317074,26.70935433871419,55.5154543536258,0.48111565778745646,0.6333457311264772,0.2314722761682569,0.9882275454422169,1.0
100046321|F|0-34:T>C-34:T>C,,,0.4634146341463415,-26.89662203281304,56.073201123393,-0.47966981541904735,0.6343636312566779,0.23008313182414294,0.9882275454422169,1.0
100014505|F|0-46:G>T-46:G>T,,,0.25609756097560976,-29.288890298559323,61.11670025844626,-0.47922892065023803,0.6346741730065156,0.22966035838759213,0.9882275454422169,1.0
100034562|F|0-29:C>T-29:C>T,,,0.35365853658536583,37.079417997066386,77.4577619882698,0.4787050005741412,0.6350432802953856,0.22915847757468855,0.9882275454422169,1.0
100053755|F|0-5:T>C-5:T>C,,,0.1951219512195122,27.19401788140337,56.872837381965546,0.4781547595166516,0.6354310327951712,0.22863197404842692,0.9882275454422169,1.0
100035736|F|0-29:C>T-29:C>T,Vu04 (old11),30896897.0,0.3902439024390244,-31.380871506713568,65.65257772406515,-0.47798384457356674,0.6355514970333832,0.2284685556733276,0.9882275454422169,1.0
100015415|F|0-31:C>A-31:C>A,,,0.3780487804878049,-42.195951710688654,88.31514331789228,-0.47778840780231097,0.6356892570596527,0.2282817626302674,0.9882275454422169,1.0
100035177|F|0-15:C>A-15:C>A,,,0.426829268292683,-28.042749903494055,58.7554228267386,-0.47727934808993105,0.636048146185081,0.22779557611314957,0.9882275454422169,1.0
100034159|F|0-24:A>G-24:A>G,,,0.4878048780487805,-28.607210044541038,60.01921036811882,-0.4766342287591424,0.6365030858305426,0.2271801880248225,0.9882275454422169,1.0
100043266|F|0-15:G>A-15:G>A,,,0.2073170731707317,-32.163204313374585,68.41149397333372,-0.4701432821495107,0.6410884436784534,0.2210347057503144,0.9882275454422169,1.0
100021979|F|0-26:G>A-26:G>A,,,0.2073170731707317,-32.163204313374585,68.41149397333372,-0.4701432821495107,0.6410884436784534,0.2210347057503144,0.9882275454422169,1.0
100018174|F|0-53:C>T-53:C>T,,,0.35365853658536583,27.791083042659462,59.1728699315708,0.46965920488220136,0.6414309827880134,0.2205797687305816,0.9882275454422169,1.0
100017951|F|0-58:G>A-58:G>A,,,0.45121951219512196,-25.161476715896786,53.69170604155558,-0.4686287430766802,0.6421604152765092,0.2196128988376291,0.9882275454422169,1.0
100014127|F|0-16:C>T-16:C>T,,,0.3170731707317073,26.59454101827664,57.156271481928925,0.46529523932793665,0.64452256330574,0.21649965974124186,0.9882275454422169,1.0
100043241|F|0-28:A>C-28:A>C,,,0.426829268292683,-30.607737307260525,65.95074722568987,-0.4640999320677577,0.645370481328624,0.2153887469452973,0.9882275454422169,1.0
100019045|F|0-23:G>C-23:G>C,,,0.32926829268292684,24.092278946225907,51.91804816621043,0.4640443891322125,0.6454098936509589,0.21533719508508828,0.9882275454422169,1.0
100043520|F|0-39:C>T-39:C>T,,,0.18292682926829268,-28.158731926864647,60.74087090336894,-0.4635878858513839,0.6457338599245245,0.21491372790815574,0.9882275454422169,1.0
100017840|F|0-30:G>A-30:G>A,,,0.10975609756097561,-35.40371652373495,76.5123956045974,-0.4627187038646016,0.6463508851543164,0.2141085989061369,0.9882275454422169,1.0
100017594|F|0-13:G>T-13:G>T,,,0.5,26.216962314036664,56.75775497660897,0.46190978351489076,0.6469253589782065,0.21336064810677324,0.9882275454422169,1.0
100056034|F|0-41:G>T-41:G>T,,,0.4878048780487805,25.911203261802104,56.122814397848664,0.4616875247581196,0.6470832396925676,0.21315537051727929,0.9882275454422169,1.0
100018152|F|0-62:T>C-62:T>C,,,0.18292682926829268,-35.122150684336134,76.13361332924516,-0.46132252428960546,0.6473425523838872,0.21281847141693364,0.9882275454422169,1.0
100035739|F|0-60:C>T-60:C>T,,,0.3048780487804878,-27.89035401093251,60.485076171213,-0.46111133152885936,0.6474926135645134,0.21262366006431765,0.9882275454422169,1.0
100019329|F|0-51:C>A-51:C>A,,,0.2804878048780488,31.618925472228476,68.62565000332326,0.46074500526694173,0.647752938916044,0.21228595987843416,0.9882275454422169,1.0
100021054|F|0-18:A>G-18:A>G,,,0.2875,24.863190829573462,54.21770542844291,0.45858065429176376,0.6492919242583828,0.21029621649066216,0.9892754908976148,1.0
100018802|F|0-14:G>A-14:G>A,Vu01 (old4),30676663.0,0.4146341463414634,-27.575743811320866,60.5000389916574,-0.4557971246121577,0.6512734781702384,0.20775101880471084,0.9907102690706194,1.0
100014666|F|0-59:T>C-59:T>C,,,0.2073170731707317,34.997446107916616,76.97818722226562,0.4546410791262924,0.6520972062170295,0.2066985108291197,0.9907102690706194,1.0
100034454|F|0-32:T>C-32:T>C,Vu05 (old1),11968566.0,0.18292682926829268,30.70402592439593,68.36963604839792,0.44908862616529027,0.6560596998480304,0.20168059415102785,0.9907102690706194,1.0
100012992|F|0-18:G>T-18:G>T,,,0.2073170731707317,28.67343460768598,64.04985589789794,0.4476736786636083,0.6570710940177608,0.2004117225682076,0.9907102690706194,1.0
100029240|F|0-46:A>G-46:A>G,Vu11 (old9),8096401.0,0.2073170731707317,28.67343460768598,64.04985589789794,0.4476736786636083,0.6570710940177608,0.2004117225682076,0.9907102690706194,1.0
100017304|F|0-37:T>A-37:T>A,,,0.4634146341463415,-22.302374438532453,49.858735423127186,-0.44731127352635186,0.6573302440032925,0.20008737542376678,0.9907102690706194,1.0
100016409|F|0-6:A>T-6:A>T,,,0.25609756097560976,27.649782333436736,61.92928747066824,0.44647344516167065,0.6579295257100677,0.19933853723453132,0.9907102690706194,1.0
100040910|F|0-51:A>G-51:A>G,,,0.11249999999999999,32.857880493393814,73.65774603485262,0.4460885957309426,0.6582048775669784,0.19899503524120435,0.9907102690706194,1.0
100017843|F|0-41:T>C-41:T>C,,,0.43902439024390244,-26.931762465497812,60.455871851838104,-0.44547802621225413,0.6586418266393043,0.19845067183796578,0.9907102690706194,1.0
100043501|F|0-12:T>G-12:T>G,,,0.4268292682926829,-24.896287747731648,56.05863844540653,-0.44411153103508283,0.6596201877619198,0.19723505199832533,0.9907102690706194,1.0
100036086|F|0-33:A>G-33:A>G,,,0.4268292682926829,-24.896287747731648,56.05863844540653,-0.44411153103508283,0.6596201877619198,0.19723505199832533,0.9907102690706194,1.0
100034321|F|0-18:C>G-18:C>G,,,0.3780487804878049,27.746613497144423,62.957593981945884,0.44071908950493277,0.6620516744889056,0.19423331585405695,0.9913554716304497,1.0
100030376|F|0-12:T>C-12:T>C,,,0.47560975609756095,-23.87800231610514,54.61583295561943,-0.4371992703198043,0.6645783883373544,0.19114320196816934,0.9913554716304497,1.0
100035121|F|0-27:C>T-27:C>T,,,0.2051282051282051,28.907863476828535,66.57813242273029,0.4341945684700397,0.6667384720573459,0.18852492328888398,0.9913554716304497,1.0
100040928|F|0-53:C>A-53:C>A,,,0.4878048780487805,-27.308439520053902,63.09030568771976,-0.43284684108559274,0.6677082924711962,0.18735638783777636,0.9913554716304497,1.0
100021509|F|0-38:C>A-38:C>A,,,0.10975609756097561,29.62915338883209,68.51633815982568,0.4324392427353195,0.6680017129975135,0.18700369865749655,0.9913554716304497,1.0
100017444|F|0-55:C>A-55:C>A,,,0.3170731707317073,23.235258781093453,53.780729711132686,0.43203688209317326,0.6682914148907679,0.18665586748879048,0.9913554716304497,1.0
100038564|F|0-34:C>T-34:C>T,,,0.1097560975609756,-49.89543976854233,115.57074838589566,-0.43173069713055184,0.668511904267619,0.18639139484483228,0.9913554716304497,1.0
100021866|F|0-51:G>C-51:G>C,,,0.2073170731707317,24.408312243619793,56.74671004678596,0.4301273540526997,0.6696669871349085,0.18500954070437647,0.9913554716304497,1.0
100029328|F|0-28:G>C-28:G>C,,,0.34146341463414637,-26.168075506964644,60.927428205908036,-0.42949581621150995,0.6701221844085673,0.18446665614319113,0.9913554716304497,1.0
100059522|F|0-10:G>T-10:G>T,,,0.18292682926829268,-26.1284887669409,60.97599173092952,-0.42850453145950984,0.6708369331857191,0.18361613348133407,0.9913554716304497,1.0
100046635|F|0-47:T>A-47:T>A,,,0.4024390243902439,22.75607160018847,53.10660128571863,0.4284979842290907,0.6708416549861868,0.18361052248839405,0.9913554716304497,1.0
100044919|F|0-41:G>A-41:G>A,,,0.23170731707317074,24.966353858133203,58.288139828118105,0.4283264817123135,0.6709653457985294,0.18346357493604884,0.9913554716304497,1.0
100029425|F|0-25:A>T-25:A>T,,,0.4268292682926829,-22.123425925050256,51.7087934403257,-0.42784649289064725,0.6713115720677454,0.18305262147882667,0.9913554716304497,1.0
100017653|F|0-34:G>A-34:G>A,,,0.12195121951219512,-31.67042074018692,74.27176850924178,-0.426412638016639,0.6723462752473777,0.18182773786030917,0.9913554716304497,1.0
100018697|F|0-15:T>C-15:T>C,,,0.2073170731707317,32.694618631777615,76.80253118053282,0.4256971499406095,0.6728628302980317,0.18121806346755776,0.9913554716304497,1.0
100015734|F|0-6:T>C-6:T>C,,,0.3170731707317073,24.862401285058823,58.56568749442803,0.4245216328660744,0.6737118579814168,0.18021861677127807,0.9913554716304497,1.0
100044425|F|0-18:G>C-18:G>C,,,0.12195121951219512,33.85432565358165,79.98260558797337,0.4232711025692338,0.6746155403810744,0.17915842627017484,0.9914286612435791,1.0
100022081|F|0-44:A>C-44:A>C,,,0.34146341463414637,23.79887659886477,56.93573279093917,0.41799543858074584,0.6784333154836458,0.17472018667431005,0.9957788612850984,1.0
100032980|F|0-45:T>A-45:T>A,,,0.4390243902439024,21.242849119047715,51.14385343775701,0.41535488022819095,0.6803474187435654,0.17251967652937486,0.9973274661127266,1.0
100033344|F|0-23:G>A-23:G>A,,,0.1875,24.474994697939877,59.317285618028485,0.4126115084824636,0.6823383254894887,0.17024825693217413,0.9989846102059223,1.0
100013065|F|0-5:C>A-5:C>A,,,0.47560975609756095,-20.510145710565112,50.08140100864672,-0.40953618104701117,0.6845728791265264,0.1677198835865703,0.9996197387749158,1.0
100016651|F|0-34:T>C-34:T>C,,,0.3780487804878049,18.66527430282817,45.76037990667339,0.40789159401419545,0.6857690305339194,0.16637555246744123,0.9996197387749158,1.0
100035013|F|0-54:A>T-54:A>T,,,0.15384615384615385,27.4764145496801,67.72826718215507,0.4056860701275928,0.6873744546490783,0.16458118749557013,0.9996197387749158,1.0
100014335|F|0-15:A>C-15:A>C,,,0.47560975609756095,-22.836429306480557,56.311887867711185,-0.4055347844158284,0.6874846310764046,0.1644584613711924,0.9996197387749158,1.0
100017892|F|0-32:A>G-32:A>G,,,0.3780487804878049,23.699688391187877,58.53751540497336,0.40486324414743347,0.6879737753067481,0.1639142464615843,0.9996197387749158,1.0
100051141|F|0-11:G>A-11:G>A,,,0.3048780487804878,29.579868953826892,73.31222080997476,0.40347800990093996,0.6889831978363086,0.162794504473623,0.9996197387749158,1.0
100033416|F|0-48:G>A-48:G>A,,,0.10975609756097561,-34.146420620501665,86.07260445828234,-0.39671647948159566,0.6939185937152291,0.15738396509227132,0.9996197387749158,1.0
100019370|F|0-59:C>T-59:C>T,,,0.2926829268292683,-25.557780286349622,64.44233997509883,-0.3965991969910684,0.6940043211395482,0.15729092305396025,0.9996197387749158,1.0
100035981|F|0-12:G>A-12:G>A,,,0.21951219512195122,23.421094029117477,59.07707796307707,0.39644977098825984,0.6941135497172607,0.15717242091664368,0.9996197387749158,1.0
100017321|F|0-51:A>T-51:A>T,,,0.36585365853658536,38.772644204698445,98.27211825266308,0.3945436904597072,0.6955074514861279,0.15566472368156525,0.9996197387749158,1.0
100044383|F|0-11:A>T-11:A>T,,,0.23170731707317074,-22.21687237294418,56.47439928620111,-0.3933972322636573,0.6963463645199055,0.15476138235270592,0.9996197387749158,1.0
100017407|F|0-46:T>G-46:T>G,,,0.17105263157894737,-22.726637938206228,58.62070441406478,-0.3876896083963375,0.700528624796972,0.15030323245850552,0.9996197387749158,1.0
100036101|F|0-41:G>C-41:G>C,,,0.5,22.038343910706015,56.86598569428319,0.3875487893445863,0.7006319302752653,0.15019406412245453,0.9996197387749158,1.0
100034945|F|0-61:G>A-61:G>A,,,0.47560975609756095,-21.373398912375038,55.364890650215976,-0.3860460783243985,0.7017346847110382,0.14903157458964764,0.9996197387749158,1.0
100041635|F|0-30:A>G-30:A>G,,,0.13414634146341464,-31.037398901453912,80.88344340475199,-0.3837299402071504,0.7034356491810244,0.14724866701138323,0.9996197387749158,1.0
100021278|F|0-44:C>G-44:C>G,Vu09 (old8),41151722.0,0.10975609756097561,-26.03596733121417,68.12922900672517,-0.3821556138356433,0.704592713727319,0.1460429131860973,0.9996197387749158,1.0
100019664|F|0-61:T>C-61:T>C,,,0.45121951219512196,21.447326948861647,56.531128484621775,0.3793896835916868,0.7066272824060622,0.14393653201580023,0.9996197387749158,1.0
100016501|F|0-17:C>T-17:C>T,,,0.35365853658536583,23.580386027073978,62.473954086174466,0.3774434701947629,0.7080601935466894,0.14246357319266484,0.9996197387749158,1.0
100034520|F|0-31:G>A-31:G>A,,,0.2682926829268293,27.55937674613623,73.01669267061463,0.37743940102106854,0.7080631906308419,0.142460501443143,0.9996197387749158,1.0
100015018|F|0-5:T>A-5:T>A,,,0.13414634146341464,-25.303611443418184,67.09433305335921,-0.3771348531521219,0.7082875138154197,0.14223069746207256,0.9996197387749158,1.0
100015799|F|0-68:C>T-68:C>T,,,0.18292682926829268,-24.88338769373063,66.02982400877742,-0.3768507347592332,0.708496812885788,0.14201647628857395,0.9996197387749158,1.0
100014882|F|0-19:A>G-19:A>G,,,0.3902439024390244,21.114904469474883,56.094676247718574,0.37641547971914086,0.7088174929902041,0.14168861337219094,0.9996197387749158,1.0
100013120|F|0-6:A>G-6:A>G,,,0.10975609756097561,-33.264351563270786,88.84079089527876,-0.37442655820659226,0.7102835418277071,0.14019524749043463,0.9996197387749158,1.0
100034038|F|0-64:A>C-64:A>C,,,0.3902439024390244,-21.40563598928547,57.57131543887036,-0.3718107850430156,0.7122133492066269,0.13824325987430358,0.9996197387749158,1.0
100032815|F|0-7:G>A-7:G>A,,,0.4512195121951219,-20.964118074275753,56.49188441652381,-0.3710996418477372,0.7127383336128257,0.13771494417951882,0.9996197387749158,1.0
100015099|F|0-66:G>T-66:G>T,,,0.18292682926829268,25.960578394336824,69.96666197737376,0.3710421172119389,0.7127808060006474,0.1376722527451182,0.9996197387749158,1.0
100029488|F|0-5:C>T-5:C>T,,,0.21951219512195122,27.246286279380083,73.4365001184181,0.3710183115405119,0.7127983828060545,0.13765458749837234,0.9996197387749158,1.0
100014420|F|0-6:A>T-6:A>T,,,0.15853658536585366,29.75102253270729,80.27794732744543,0.37060019000431027,0.713107126778978,0.13734450083123087,0.9996197387749158,1.0
100014492|F|0-26:T>A-26:T>A,,,0.358974358974359,19.238955508575692,52.171307531765166,0.36876506299677864,0.7144627765642193,0.1359876716870181,0.9996197387749158,1.0
100020451|F|0-6:A>G-6:A>G,,,0.35365853658536583,-22.279123171315867,60.54973038082624,-0.3679475206774959,0.7150670163419993,0.1353853779727163,0.9996197387749158,1.0
100014000|F|0-40:A>G-40:A>G,,,0.21951219512195122,24.516224431381904,66.90496841881976,0.3664335401507448,0.7161864799662816,0.13427353934740752,0.9996197387749158,1.0
100019086|F|0-55:A>G-55:A>G,,,0.35365853658536583,-26.090525618900756,71.53242290633702,-0.3647370599072691,0.7174416427064068,0.13303312286979882,0.9996197387749158,1.0
100035251|F|0-22:T>A-22:T>A,,,0.21951219512195122,24.20260264218021,66.58480740405206,0.36348535928493725,0.7183682397214491,0.1321216064144999,0.9996197387749158,1.0
100035699|F|0-21:A>T-21:A>T,,,0.3170731707317073,-21.29223338934908,58.65323920383502,-0.3630188831575545,0.7187136687413533,0.13178270952895818,0.9996197387749158,1.0
100019588|F|0-22:A>G-22:A>G,,,0.18292682926829268,24.46385349113207,67.42315097470362,0.3628405545791033,0.7188457382033209,0.13165326804727123,0.9996197387749158,1.0
100018738|F|0-46:T>C-46:T>C,,,0.4146341463414634,21.526593428655563,59.45042919970274,0.3620931542200405,0.7193993552020771,0.13111145233301805,0.9996197387749158,1.0
100034437|F|0-39:T>A-39:T>A,,,0.2073170731707317,21.831658876410586,60.59610363808596,0.36028156210837486,0.7207418802204799,0.12980280399525077,0.9996197387749158,1.0
100040044|F|0-66:G>T-66:G>T,,,0.4268292682926829,26.110790843862258,73.04693369959539,0.3574522505111928,0.7228404056305104,0.12777211139551653,0.9996197387749158,1.0
100018327|F|0-50:C>T-50:C>T,,,0.18292682926829268,24.727279268509875,69.85404017596225,0.35398495500363164,0.725415093363125,0.12530534836892313,0.9996197387749158,1.0
100020245|F|0-28:G>T-28:G>T,,,0.2804878048780488,-20.97781367136503,59.34313027310699,-0.35350028848868653,0.7257752477360698,0.1249624539615846,0.9996197387749158,1.0
100013428|F|0-14:G>T-14:G>T,,,0.4024390243902439,16.052674143645643,46.23465747962541,0.3472000230718634,0.7304626815302334,0.12054785602110246,0.9996197387749158,1.0
100015139|F|0-52:T>C-52:T>C,,,0.13414634146341464,24.68930347368595,71.51349167162576,0.3452397987648793,0.7319232522111161,0.11919051865121437,0.9996197387749158,1.0
100013713|F|0-9:G>T-9:G>T,,,0.41463414634146345,19.151680412546767,55.50557975254152,0.3450406337152048,0.7320717076253902,0.11905303891459014,0.9996197387749158,1.0
100035052|F|0-18:T>C-18:T>C,,,0.18292682926829268,20.830551650505978,60.55263018624833,0.344007379802251,0.7328420512420736,0.11834107735841017,0.9996197387749158,1.0
100035290|F|0-26:T>C-26:T>C,,,0.18292682926829268,-22.78197860197503,66.4162789897683,-0.34301799119888493,0.7335799539761196,0.1176613422861183,0.9996197387749158,1.0
100013415|F|0-20:G>A-20:G>A,Vu07 (old2),385652.0,0.1951219512195122,-21.295835105317792,62.70303095189768,-0.3396300750063388,0.7361086587868708,0.11534858784881132,0.9996197387749158,1.0
100049995|F|0-28:T>A-28:T>A,,,0.12195121951219512,50.05657048639758,148.43693677172618,0.3372244912556846,0.7379059733748513,0.1137203575026553,0.9996197387749158,1.0
100044743|F|0-7:G>A-7:G>A,,,0.11249999999999999,38.77505834388927,115.45799786490856,0.3358369195805557,0.7389433677747349,0.11278643655335666,0.9996197387749158,1.0
100017206|F|0-15:G>C-15:G>C,,,0.47560975609756095,17.585417775424293,52.51024987325632,0.3348949551348568,0.7396478939221013,0.11215463097477774,0.9996197387749158,1.0
100032762|F|0-24:G>A-24:G>A,,,0.36585365853658536,27.199752861555826,81.37807133786966,0.3342393400874112,0.7401383844053903,0.11171593646206811,0.9996197387749158,1.0
100034980|F|0-28:T>C-28:T>C,,,0.23170731707317074,-21.203341247725596,63.581100818308265,-0.33348496604859135,0.7407028964984039,0.11121222258043012,0.9996197387749158,1.0
100017435|F|0-33:T>G-33:T>G,,,0.358974358974359,17.955881254553304,54.591346573595025,0.3289144229176842,0.744126220209954,0.10818469760327322,0.9996197387749158,1.0
100018053|F|0-15:A>T-15:A>T,,,0.23170731707317074,-19.527478282531547,59.4178186442873,-0.32864683908097336,0.7443268038978724,0.1080087448379152,0.9996197387749158,1.0
100033304|F|0-17:G>A-17:G>A,,,0.47560975609756095,-18.930590324191314,57.61664576157341,-0.32856113149191335,0.744391055040296,0.10795241712724638,0.9996197387749158,1.0
100030017|F|0-30:G>A-30:G>A,,,0.12195121951219512,27.00446221898299,82.59326317761008,0.32695720183511934,0.7455937908355246,0.10690101183185097,0.9996197387749158,1.0
100020677|F|0-42:G>T-42:G>T,,,0.15853658536585366,25.31686247007293,78.19767088343282,0.323754687116092,0.747997186038652,0.10481709742963863,0.9996197387749158,1.0
100047059|F|0-34:G>T-34:G>T,,,0.39999999999999997,-17.12810346649667,53.09983851618769,-0.32256413475297296,0.7488913140314412,0.1040476210289341,0.9996197387749158,1.0
100013352|F|0-68:T>C-68:T>C,,,0.4268292682926829,17.381532067052632,53.9852466231988,0.3219681886121709,0.7493390134361511,0.10366351447820246,0.9996197387749158,1.0
100016238|F|0-41:C>A-41:C>A,,,0.4634146341463415,15.11047442950766,47.13867244029062,0.3205536695724242,0.7504020109159938,0.10275465507634692,0.9996197387749158,1.0
100015855|F|0-33:A>T-33:A>T,,,0.2804878048780488,16.75455804457537,52.45311443180342,0.31941969940333476,0.7512545355183418,0.10202894436691673,0.9996197387749158,1.0
100032835|F|0-6:G>C-6:G>C,,,0.3333333333333333,-27.435803975638276,86.16321133080349,-0.3184166833140065,0.7520088720161051,0.10138918421269232,0.9996197387749158,1.0
100034899|F|0-59:G>C-59:G>C,,,0.3902439024390244,-16.81848392435689,52.862793253059415,-0.3181535232889633,0.7522068272252732,0.10122166438118091,0.9996197387749158,1.0
100014320|F|0-23:C>T-23:C>T,,,0.2682926829268293,19.769939280304914,62.343924586635104,0.31711091997155194,0.7529912650035261,0.10055933556520402,0.9996197387749158,1.0
100059231|F|0-56:A>G-56:A>G,,,0.4878048780487805,-15.918393350345507,50.221766477573446,-0.3169620359222903,0.7531033046517789,0.10046493221600324,0.9996197387749158,1.0
100013667|F|0-32:C>A-32:C>A,,,0.1951219512195122,21.23981024428484,67.42875660802329,0.31499632075015205,0.7545830706613572,0.09922268208613266,0.9996197387749158,1.0
100014835|F|0-60:A>G-60:A>G,,,0.2682926829268293,20.97058730489152,66.80820847493166,0.31389237615554805,0.7554145187337421,0.09852842380857607,0.9996197387749158,1.0
100035958|F|0-25:C>T-25:C>T,,,0.4358974358974359,17.010973050700603,54.2203745403095,0.3137376529565283,0.7555310738414125,0.09843131488267098,0.9996197387749158,1.0
100016973|F|0-15:G>T-15:G>T,,,0.34146341463414637,-18.002280342375645,57.586890414406874,-0.31261073853489235,0.7563801687095404,0.09772547384733082,0.9996197387749158,1.0
100017187|F|0-41:T>C-41:T>C,,,0.2804878048780488,-18.009356974283172,57.994839172614874,-0.3105337859577543,0.7579458903837052,0.09643123222125638,0.9996197387749158,1.0
100013385|F|0-10:G>T-10:G>T,,,0.2073170731707317,22.653784282561766,72.9859940970568,0.31038536314839743,0.7580578194179092,0.09633907365676254,0.9996197387749158,1.0
100035988|F|0-45:C>A-45:C>A,,,0.21951219512195122,19.327599834893224,62.60773120137508,0.30870947507627816,0.7593220111730878,0.0953015400018712,0.9996197387749158,1.0
100014153|F|0-9:C>A-9:C>A,,,0.15853658536585366,21.470723668582792,69.6877882853473,0.3080987960281884,0.759782838539325,0.09492486811401925,0.9996197387749158,1.0
100013022|F|0-48:G>C-48:G>C,,,0.36585365853658536,-18.97339074315919,62.23216702632501,-0.3048807658446668,0.7622126759279143,0.09295228138203053,0.9996197387749158,1.0
100046294|F|0-6:C>G-6:C>G,,,0.5,18.050118040338592,59.47351481499248,0.30349842440770625,0.7632571922935925,0.09211129361796018,0.9996197387749158,1.0
100014400|F|0-16:A>T-16:A>T,,,0.1951219512195122,18.391467584275404,60.71356603365692,0.30292188032704237,0.7636929698901382,0.09176166558087098,0.9996197387749158,1.0
100014707|F|0-12:T>C-12:T>C,,,0.2804878048780488,18.33788663894635,60.69561279866578,0.3021287007971268,0.764292617661178,0.09128175184535976,0.9996197387749158,1.0
100040451|F|0-37:G>A-37:G>A,,,0.4878048780487805,-18.552331106562338,61.70607151518522,-0.30065649377787407,0.7654060039410524,0.09039432725080483,0.9996197387749158,1.0
100018223|F|0-41:G>A-41:G>A,Vu09 (old8),16423359.0,0.2926829268292683,-17.85285029256128,59.45810403424421,-0.30025932684094897,0.7657064561040242,0.09015566335497982,0.9996197387749158,1.0
100017511|F|0-59:G>C-59:G>C,,,0.2682926829268293,-17.492799813425698,58.405250579772975,-0.2995073155200851,0.766275444503953,0.08970463205004779,0.9996197387749158,1.0
100019628|F|0-65:T>G-65:T>G,,,0.36585365853658536,16.412853034311073,54.851702606627455,0.29922230768326213,0.7664911220913041,0.08953398941529679,0.9996197387749158,1.0
100034068|F|0-21:G>A-21:G>A,,,0.10975609756097561,-24.636925941988004,83.76909220958147,-0.2941052038662303,0.7703666459775266,0.08649787094119687,0.9996197387749158,1.0
100044383|F|0-68:C>A-68:C>A,,,0.21951219512195122,16.17323828720092,55.20006769076251,0.2929930879397715,0.7712097204609487,0.0858449495804827,0.9996197387749158,1.0
100015011|F|0-55:G>C-55:G>C,,,0.3780487804878049,-18.143955007374956,62.38042569347117,-0.2908597497640022,0.772827752308819,0.08459939403277797,0.9996197387749158,1.0
100016574|F|0-9:G>A-9:G>A,,,0.13414634146341464,23.0686211511975,79.53278972487348,0.2900517035929258,0.7734408847672636,0.08412999075715849,0.9996197387749158,1.0
100021067|F|0-49:G>A-49:G>A,Vu03 (old3),51946113.0,0.4878048780487805,-13.62846801718925,47.06628589670382,-0.2895590284540317,0.7738147910927151,0.08384443095924274,0.9996197387749158,1.0
100030370|F|0-33:G>A-33:G>A,,,0.13414634146341464,26.721326289339054,92.75884693892942,0.28807307519607095,0.7749428576903473,0.08298609665292114,0.9996197387749158,1.0
100044498|F|0-24:C>T-24:C>T,,,0.3780487804878049,16.43851491103372,57.397250495399696,0.286398995930149,0.7762143339716359,0.0820243848697975,0.9996197387749158,1.0
100043431|F|0-17:C>G-17:C>G,,,0.3048780487804878,-19.171199884304784,67.304461226928,-0.28484292920295357,0.7773967395922331,0.08113549431691881,0.9996197387749158,1.0
100017011|F|0-35:C>T-35:C>T,,,0.3170731707317073,15.78412782509655,55.46929829576029,0.28455611139942955,0.7776147420723493,0.08097218053476456,0.9996197387749158,1.0
100043193|F|0-19:A>G-19:A>G,,,0.4605263157894737,-14.217750309524908,50.48112324680477,-0.28164488813003635,0.7798285140075436,0.0793238430097807,0.9996197387749158,1.0
100013444|F|0-54:G>C-54:G>C,Vu03 (old3),47172807.0,0.24390243902439024,15.383223686522234,54.72938625364453,0.2810779498828719,0.7802598461845127,0.07900481391035824,0.9996197387749158,1.0
100019787|F|0-26:A>G-26:A>G,,,0.21951219512195122,21.02714653680169,74.98116877560625,0.28043236562141305,0.7807510988546086,0.07864231168802188,0.9996197387749158,1.0
100059435|F|0-20:G>A-20:G>A,,,0.3292682926829268,-15.958361654143124,57.038513055970746,-0.27978221729734615,0.7812459167016712,0.07827808911581942,0.9996197387749158,1.0
100043126|F|0-48:T>A-48:T>A,Vu09 (old8),11448295.0,0.12195121951219512,22.149322586778798,79.27687109840527,0.2793919875985665,0.781542958843764,0.07805988273427752,0.9996197387749158,1.0
100020369|F|0-25:G>C-25:G>C,,,0.4390243902439024,16.069097418696376,57.82645087534967,0.2778848982680058,0.7826904639889626,0.07722001668541992,0.9996197387749158,1.0
100034218|F|0-27:A>T-27:A>T,Vu06 (old6),33123517.0,0.36585365853658536,-17.439367818902202,63.01776654837477,-0.27673731987177136,0.7835645664927924,0.0765835442098111,0.9996197387749158,1.0
100018705|F|0-34:T>C-34:T>C,Vu07 (old2),39159477.0,0.4268292682926829,20.183865694695708,72.94985176522223,0.27668138051403235,0.7836071824006969,0.07655258632315076,0.9996197387749158,1.0
100013175|F|0-57:A>T-57:A>T,,,0.4024390243902439,-14.017577510692805,51.6426525885869,-0.2714341113026156,0.7876076650904051,0.0736764767786407,0.9996197387749158,1.0
100034157|F|0-53:C>A-53:C>A,,,0.2682926829268293,-16.656601003893787,61.76835416293356,-0.26966237371254437,0.7889597518167222,0.07271779579628394,0.9996197387749158,1.0
100032856|F|0-37:A>G-37:A>G,,,0.21951219512195122,19.772821707558318,73.40798217675027,0.26935519981941086,0.789194236530288,0.07255222366975475,0.9996197387749158,1.0
100033778|F|0-25:A>T-25:A>T,,,0.15000000000000002,-18.390104265204954,68.80750163606547,-0.26726888533859766,0.7907873741421027,0.07143265707013646,0.9996197387749158,1.0
100033896|F|0-41:A>G-41:A>G,,,0.48684210526315785,-13.059748983442418,48.97645282064189,-0.26665363110858414,0.7912573648172488,0.07110415898339287,0.9996197387749158,1.0
100035377|F|0-67:C>G-67:C>G,,,0.23170731707317074,-14.729697769596438,55.37957219747446,-0.26597709561700394,0.7917742593482908,0.07074381539285686,0.9996197387749158,1.0
100014472|F|0-31:C>A-31:C>A,,,0.5,13.699859514362243,51.55316064708044,0.2657423782054398,0.7919536131864549,0.07061901157428299,0.9996197387749158,1.0
100019402|F|0-35:A>C-35:A>C,,,0.2804878048780488,-15.750207565907566,59.31039160499334,-0.26555561579838827,0.792096331524646,0.0705197850820612,0.9996197387749158,1.0
100014059|F|0-25:C>G-25:C>G,,,0.36585365853658536,-16.782897194203215,63.37030706069399,-0.264838502015291,0.7926443962077659,0.0701394321497033,0.9996197387749158,1.0
100018641|F|0-26:C>A-26:C>A,,,0.15853658536585366,-17.853064815016914,68.0046950137575,-0.2625269448146955,0.794411763067933,0.06892039675373819,0.9996197387749158,1.0
100015323|F|0-56:G>C-56:G>C,,,0.15853658536585366,-17.853064815016914,68.0046950137575,-0.2625269448146955,0.794411763067933,0.06892039675373819,0.9996197387749158,1.0
100029779|F|0-28:G>A-28:G>A,,,0.15853658536585366,-17.853064815016914,68.0046950137575,-0.2625269448146955,0.794411763067933,0.06892039675373819,0.9996197387749158,1.0
100045297|F|0-46:T>C-46:T>C,,,0.3048780487804878,-16.355563925694128,62.76930980465958,-0.2605662540594002,0.7959117280059727,0.06789477275454789,0.9996197387749158,1.0
100029934|F|0-27:G>C-27:G>C,,,0.23170731707317074,14.633894870311028,56.172801304971095,0.26051566826552375,0.7959504375091233,0.06786841341183242,0.9996197387749158,1.0
100017310|F|0-9:T>G-9:T>G,,,0.2682926829268293,-14.714395109102826,56.512313399750276,-0.26037502667813006,0.7960580626870998,0.06779515451763694,0.9996197387749158,1.0
100054119|F|0-9:A>T-9:A>T,,,0.17073170731707318,17.660629710425557,68.2276634849542,0.2588485199162674,0.7972264730061543,0.06700255626284228,0.9996197387749158,1.0
100035996|F|0-47:A>G-47:A>G,,,0.3048780487804878,-15.209034422704095,59.012636923874915,-0.257725043575386,0.7980867007876862,0.06642219808593461,0.9996197387749158,1.0
100041089|F|0-45:A>G-45:A>G,,,0.3048780487804878,-15.209034422704095,59.012636923874915,-0.257725043575386,0.7980867007876862,0.06642219808593461,0.9996197387749158,1.0
100019896|F|0-32:C>T-32:C>T,Vu08 (old5),16375786.0,0.47560975609756095,13.46809183821826,52.386761517436284,0.2570896052380633,0.7985733589290324,0.06609506512146322,0.9996197387749158,1.0
100022075|F|0-54:C>G-54:C>G,,,0.1951219512195122,15.788117248555134,61.4301731732495,0.2570091606941824,0.7986349741772504,0.06605370868072807,0.9996197387749158,1.0
100033659|F|0-57:T>C-57:T>C,,,0.35365853658536583,-15.939048030951279,62.189172388758465,-0.25629940741633794,0.7991786552593002,0.06568938624196599,0.9996197387749158,1.0
100021616|F|0-67:G>T-67:G>T,,,0.18292682926829268,17.072230385247202,68.93394778533197,0.24766070903717918,0.8058040764771559,0.061335826800798326,0.9996197387749158,1.0
100048863|F|0-39:A>G-39:A>G,,,0.12195121951219512,-27.68335486330875,111.96153985415549,-0.24725771813579853,0.8061135081417323,0.061136379177721994,0.9996197387749158,1.0
100018345|F|0-65:A>C-65:A>C,,,0.12195121951219512,-27.68335486330875,111.96153985415549,-0.24725771813579853,0.8061135081417323,0.061136379177721994,0.9996197387749158,1.0
100046316|F|0-13:C>A-13:C>A,,,0.1111111111111111,-18.097209495228885,73.24075533219353,-0.24709206524627578,0.8062407118770482,0.06105448870766981,0.9996197387749158,1.0
100044760|F|0-9:A>T-9:A>T,Vu07 (old2),52829.0,0.3170731707317073,15.883933399018431,64.66919462863245,0.24561823431129878,0.8073726915229651,0.06032831702620007,0.9996197387749158,1.0
100013210|F|0-44:C>T-44:C>T,,,0.18292682926829268,-16.703750059059004,68.4003635286149,-0.24420557431790674,0.8084580834138027,0.05963636252793867,0.9996197387749158,1.0
100017031|F|0-21:G>T-21:G>T,,,0.18292682926829268,-16.703750059059004,68.4003635286149,-0.24420557431790674,0.8084580834138027,0.05963636252793867,0.9996197387749158,1.0
100040003|F|0-60:C>T-60:C>T,,,0.21951219512195122,16.11810988440892,67.08757485287882,0.24025477027237138,0.8114956461579237,0.057722354638629944,0.9996197387749158,1.0
100017048|F|0-68:G>T-68:G>T,,,0.10975609756097561,-22.353010674764597,93.05053749817823,-0.24022441219323673,0.8115189983859131,0.05770776821358611,0.9996197387749158,1.0
100014483|F|0-57:T>A-57:T>A,,,0.18292682926829268,15.646408959727907,65.23576524566079,0.23984403188661363,0.8118116116661964,0.05752515963162694,0.9996197387749158,1.0
100019303|F|0-21:A>G-21:A>G,Vu04 (old11),37777897.0,0.13414634146341464,-16.934662280949723,70.75890854973382,-0.23932904885109946,0.8122078137663605,0.05727839362397195,0.9996197387749158,1.0
100034045|F|0-65:A>T-65:A>T,,,0.2926829268292683,15.303871836590663,64.06706274936286,0.23887269339100234,0.8125589526350604,0.057060163647871816,0.9996197387749158,1.0
100016117|F|0-56:G>A-56:G>A,,,0.4146341463414634,-13.671938818373155,57.93618772876013,-0.23598271398838105,0.814783532096484,0.05568784130132205,0.9996197387749158,1.0
100020912|F|0-63:C>T-63:C>T,,,0.35365853658536583,12.210385820074473,51.847571791782805,0.23550545180998558,0.8151510579158091,0.05546281783222544,0.9996197387749158,1.0
100020253|F|0-17:T>C-17:T>C,,,0.3780487804878049,-13.464141346271887,57.72809200993025,-0.2332337840640189,0.8169009833690003,0.0543979980288214,0.9996197387749158,1.0
100033338|F|0-63:T>A-63:T>A,,,0.34146341463414637,15.911683863096098,68.78277023069506,0.23133240795229465,0.8183663954706135,0.053514682969006876,0.9996197387749158,1.0
100057963|F|0-26:C>T-26:C>T,,,0.10975609756097561,19.409393597756015,84.13336393243709,0.23069793825601267,0.8188555359296885,0.053221538715575036,0.9996197387749158,1.0
100019277|F|0-46:C>T-46:C>T,,,0.24390243902439024,19.711491195888303,85.8318861923764,0.2296523130309477,0.8196618144300796,0.0527401848804644,0.9996197387749158,1.0
100017692|F|0-31:G>T-31:G>T,,,0.3048780487804878,12.389406563168846,54.02006136724476,0.22934825043870097,0.8198963135243252,0.0526006199792931,0.9996197387749158,1.0
100033052|F|0-65:A>G-65:A>G,,,0.4268292682926829,-13.809675582823262,60.263214434209786,-0.22915597371427113,0.8200446098065265,0.05251246028893572,0.9996197387749158,1.0
100014327|F|0-12:T>C-12:T>C,,,0.25609756097560976,13.224668845755655,57.717245713165184,0.22912855044188526,0.8200657609595905,0.05249989262759956,0.9996197387749158,1.0
100017684|F|0-22:A>G-22:A>G,,,0.23170731707317074,17.007544346460875,75.55550252551699,0.22510000963486415,0.823174386840522,0.050670014337615935,0.9996197387749158,1.0
100029339|F|0-11:C>T-11:C>T,Vu02 (old7),26187715.0,0.1951219512195122,17.136830124039932,76.45221118699523,0.22415087618754137,0.8239072093568681,0.0502436152956425,0.9996197387749158,1.0
100016173|F|0-32:C>T-32:C>T,,,0.3048780487804878,18.485064183364123,82.88897579371697,0.2230099238934655,0.824788346270703,0.04973342615496927,0.9996197387749158,1.0
100038902|F|0-22:A>T-22:A>T,,,0.3170731707317073,-10.550010586897745,47.750220732354116,-0.22094160875259314,0.8263862547886012,0.04881519447818394,0.9996197387749158,1.0
100035362|F|0-6:C>A-6:C>A,,,0.12195121951219512,17.82892077116316,80.92182396281034,0.22032277447622645,0.8268644906825559,0.04854212495290214,0.9996197387749158,1.0
100019738|F|0-47:G>A-47:G>A,,,0.3048780487804878,-15.093808674842169,68.52149565219311,-0.22027844738615354,0.8268987492834879,0.04852259438285442,0.9996197387749158,1.0
100019346|F|0-50:A>C-50:A>C,,,0.21951219512195122,-11.515111413732868,52.34370974829007,-0.21999035737257877,0.8271214106751337,0.048395757336914924,0.9996197387749158,1.0
100033136|F|0-68:A>G-68:A>G,,,0.14634146341463414,14.336445359954276,65.57976991346581,0.21861079078001622,0.8281878619513393,0.04779067784546402,0.9996197387749158,1.0
100030019|F|0-15:C>A-15:C>A,,,0.36585365853658536,10.673937484059632,49.820847353683526,0.21424640589278235,0.831563843074272,0.045901522437974844,0.9996197387749158,1.0
100021963|F|0-68:T>G-68:T>G,,,0.36585365853658536,14.574738507694132,68.15842769218726,0.21383619019962777,0.8318813247234057,0.045725916239091384,0.9996197387749158,1.0
100029189|F|0-11:C>A-11:C>A,,,0.3780487804878049,-11.830135763759495,55.514636493847085,-0.21309940064312008,0.8324516261537656,0.04541135455445701,0.9996197387749158,1.0
100035126|F|0-11:T>C-11:T>C,Vu04 (old11),37919761.0,0.46341463414634143,-11.862546031450364,56.051500977574264,-0.2116365454012814,0.8335842004902484,0.044790027349388646,0.9996197387749158,1.0
100015112|F|0-61:C>T-61:C>T,,,0.4512195121951219,-10.959309333996943,52.033728000806285,-0.21061933778466005,0.8343719570776533,0.04436050544884873,0.9996197387749158,1.0
100014429|F|0-23:C>T-23:C>T,,,0.3902439024390244,13.232872539897686,62.95875848190567,0.21018318751791795,0.8347097782592603,0.04417697231519226,0.9996197387749158,1.0
100029049|F|0-10:A>G-10:A>G,,,0.14634146341463414,16.400218679500288,78.2340941705961,0.20963007053853294,0.8351382419894107,0.043944766473990295,0.9996197387749158,1.0
100018613|F|0-47:T>C-47:T>C,,,0.45121951219512196,-11.041981929561542,52.93756587828976,-0.2085849952932946,0.8359479328875278,0.04350770026150373,0.9996197387749158,1.0
100033099|F|0-24:G>C-24:G>C,,,0.18292682926829273,14.1787079746545,68.44807770815473,0.2071454516971086,0.8370635417882537,0.04290923815879915,0.9996197387749158,1.0
100029202|F|0-28:C>T-28:C>T,,,0.43902439024390244,10.692370450175071,51.86470537038071,0.20615889695733913,0.8378282934739398,0.04250149079466677,0.9996197387749158,1.0
100015331|F|0-40:A>G-40:A>G,,,0.43902439024390244,9.993460977957794,48.6153861895222,0.20556169067544358,0.8382913099566462,0.042255608673346746,0.9996197387749158,1.0
100033028|F|0-17:A>C-17:A>C,,,0.43902439024390244,9.993460977957794,48.6153861895222,0.20556169067544358,0.8382913099566462,0.042255608673346746,0.9996197387749158,1.0
100047143|F|0-59:C>T-59:C>T,,,0.3780487804878049,-13.634271239703173,66.5876194789258,-0.20475685039346178,0.8389153982178433,0.04192536778305049,0.9996197387749158,1.0
100016303|F|0-55:T>G-55:T>G,,,0.34146341463414637,9.951496551910859,49.07881539542626,0.2027656224326526,0.8404598866948495,0.041113897640501024,0.9996197387749158,1.0
100035421|F|0-6:T>A-6:T>A,,,0.12195121951219512,-15.194295423297588,75.64720281865807,-0.20085733321457297,0.8419406449906851,0.040343668306069995,0.9996197387749158,1.0
100016806|F|0-26:T>A-26:T>A,,,0.17073170731707318,15.597681631980565,78.5428044837323,0.198588295064141,0.8437020884743716,0.039437310936482325,0.9996197387749158,1.0
100038790|F|0-27:T>A-27:T>A,,,0.17073170731707318,15.597681631980565,78.5428044837323,0.198588295064141,0.8437020884743716,0.039437310936482325,0.9996197387749158,1.0
100013847|F|0-11:C>A-11:C>A,,,0.36585365853658536,11.70792102484768,59.02782875046219,0.19834578490668278,0.8438903963198359,0.03934105039024807,0.9996197387749158,1.0
100033546|F|0-50:C>T-50:C>T,,,0.34146341463414637,15.642611919667305,79.1845157816334,0.19754634811185598,0.8445112205297812,0.039024559652330586,0.9996197387749158,1.0
100046760|F|0-25:T>G-25:T>G,,,0.3902439024390244,-9.93642744567391,50.315607134532826,-0.19748201426062686,0.8445611850992129,0.03899914595643443,0.9996197387749158,1.0
100039953|F|0-31:A>G-31:A>G,,,0.3048780487804878,-16.095241082434335,81.76760256783251,-0.19684129871708167,0.845058829210741,0.038746496880627375,0.9996197387749158,1.0
100018408|F|0-53:G>A-53:G>A,,,0.3048780487804878,10.944427351650887,55.63155217079398,0.19673057688648501,0.8451448334526596,0.03870291988208919,0.9996197387749158,1.0
100043426|F|0-30:G>A-30:G>A,,,0.4268292682926829,-9.680616512573232,49.36597922019846,-0.1960989463896289,0.8456354952392567,0.038454796775122556,0.9996197387749158,1.0
100034740|F|0-59:T>C-59:T>C,Vu08 (old5),34703845.0,0.18292682926829268,-14.604650311433176,75.44129441307473,-0.19358960401005584,0.847585411459379,0.03747693478077023,0.9996197387749158,1.0
100016722|F|0-34:C>T-34:C>T,,,0.24358974358974358,15.894299621880137,82.41514335326258,0.19285654280489614,0.8481552300745068,0.03719364610265674,0.9996197387749158,1.0
100033784|F|0-28:C>T-28:C>T,,,0.17073170731707318,-12.327976593685948,64.24897638237842,-0.19187817904390997,0.8489158545739398,0.03681723559320677,0.9996197387749158,1.0
100041762|F|0-5:T>C-5:T>C,Vu11 (old9),27828984.0,0.4358974358974359,-10.266322100929,53.588077894866764,-0.19157847238093267,0.8491488895392788,0.036702311079811784,0.9996197387749158,1.0
100013876|F|0-55:T>G-55:T>G,Vu07 (old2),26537890.0,0.3414634146341463,12.693846047744856,66.87039402839751,0.18982759459072762,0.8505105470691144,0.03603451566810164,0.9996197387749158,1.0
100045141|F|0-49:C>T-49:C>T,,,0.34146341463414637,10.538394082832825,55.70272182275562,0.18918993072485177,0.8510065738809086,0.03579282988767421,0.9996197387749158,1.0
100020485|F|0-47:G>T-47:G>T,,,0.41463414634146345,-10.08616044217632,53.65646318981792,-0.18797661721561837,0.8519505573211257,0.03533520861982711,0.9996197387749158,1.0
100020518|F|0-50:T>G-50:T>G,,,0.1951219512195122,-9.81295840746758,52.603615000364876,-0.18654532406944874,0.8530644176356414,0.03479915793217565,0.9996197387749158,1.0
100034612|F|0-26:G>A-26:G>A,,,0.12195121951219512,-12.979919217737592,70.19047305500827,-0.18492423049443235,0.8543263530793352,0.034196971023957946,0.9996197387749158,1.0
100021123|F|0-50:T>C-50:T>C,,,0.26249999999999996,-10.546205153679905,57.56816025663659,-0.18319510484033774,0.8556728138910795,0.03356044643746234,0.9996197387749158,1.0
100038392|F|0-25:C>T-25:C>T,,,0.15853658536585366,-18.81895670921761,103.57393547967446,-0.1816958737935634,0.8568406116969509,0.03301339055360652,0.9996197387749158,1.0
100047378|F|0-35:C>T-35:C>T,,,0.18292682926829268,13.841849046270612,76.54272416105945,0.18083820765439323,0.8575088216645218,0.032702457347653445,0.9996197387749158,1.0
100015052|F|0-68:T>A-68:T>A,,,0.47560975609756095,-9.903862005044308,55.32361101857326,-0.17901691199656836,0.8589281503180427,0.0320470547807871,0.9996197387749158,1.0
100035181|F|0-20:A>G-20:A>G,,,0.13414634146341464,-12.120731419877014,67.95390666325014,-0.17836695511771034,0.8594347745069353,0.031814770677963296,0.9996197387749158,1.0
100017220|F|0-61:C>T-61:C>T,,,0.34146341463414637,-9.172306195425135,52.325854471511505,-0.1752920480337104,0.8618323972900156,0.030727302103852636,0.9996197387749158,1.0
100016625|F|0-16:T>C-16:T>C,,,0.18292682926829268,10.70839938943172,61.42398201525338,0.17433580562674217,0.8625782877598658,0.030392973123525225,0.9996197387749158,1.0
100033333|F|0-30:G>A-30:G>A,Vu03 (old3),53692049.0,0.13414634146341464,14.338761760485976,82.49309606033377,0.17381771863670747,0.8629824605828685,0.030212599312069606,0.9996197387749158,1.0
100029349|F|0-21:A>C-21:A>C,,,0.13414634146341464,14.338761760485976,82.49309606033377,0.17381771863670747,0.8629824605828685,0.030212599312069606,0.9996197387749158,1.0
100022248|F|0-57:T>A-57:T>A,,,0.36585365853658536,-11.589254550614845,66.89630720024681,-0.17324206724780297,0.8634315846897571,0.030012813864292286,0.9996197387749158,1.0
100020211|F|0-33:C>A-33:C>A,,,0.43902439024390244,-10.670150542639774,61.67154885753413,-0.17301577048581376,0.8636081543782769,0.029934456836799784,0.9996197387749158,1.0
100013911|F|0-62:A>G-62:A>G,,,0.46341463414634143,-8.810848271562843,50.99893479216354,-0.17276533926580584,0.8638035634277986,0.029847862451628994,0.9996197387749158,1.0
100017877|F|0-34:T>G-34:T>G,,,0.32926829268292684,11.049633276738247,63.96670422301198,0.1727403875337249,0.8638230334979139,0.029839241485301458,0.9996197387749158,1.0
100040596|F|0-63:G>T-63:G>T,,,0.2926829268292683,-10.523261500647186,61.02461243831312,-0.1724429059059515,0.8640551678319268,0.029736555797288837,0.9996197387749158,1.0
100015059|F|0-7:C>A-7:C>A,,,0.15853658536585366,16.657967812882614,96.70019349201247,0.17226405875039513,0.8641947338181791,0.029674905937159587,0.9996197387749158,1.0
100021941|F|0-59:G>A-59:G>A,,,0.2682926829268293,-12.417135190472795,72.12089357200733,-0.1721711223402302,0.8642672598450625,0.02964289536789451,0.9996197387749158,1.0
100032869|F|0-50:G>A-50:G>A,,,0.13157894736842105,-16.891473479059517,98.2231524054756,-0.17197038646580717,0.8644239148448931,0.029573813821199075,0.9996197387749158,1.0
100038434|F|0-16:C>A-16:C>A,,,0.12195121951219512,-17.155874315687814,100.20589425478961,-0.17120623934622292,0.8650203087666983,0.02931157639107617,0.9996197387749158,1.0
100028334|F|0-33:A>C-33:A>C,,,0.4024390243902439,12.286631666161185,71.84868204108557,0.1710070570137287,0.8651757777865889,0.02924341354849666,0.9996197387749158,1.0
100047522|F|0-17:A>C-17:A>C,,,0.45121951219512196,-8.152067295288779,47.6985303209364,-0.1709081441385748,0.865252984887041,0.02920959373289186,0.9996197387749158,1.0
100017454|F|0-9:A>G-9:A>G,,,0.4878048780487805,-9.381570500341308,54.95075035363272,-0.17072688616564277,0.8653944704775645,0.029147669659816345,0.9996197387749158,1.0
100018445|F|0-45:A>G-45:A>G,,,0.4634146341463415,9.809874220130249,57.706063741448745,0.1699972859712501,0.8659640241745792,0.028899077237590987,0.9996197387749158,1.0
100038675|F|0-24:G>A-24:G>A,,,0.4268292682926829,-11.235553138432067,66.23584547497518,-0.16962949680588005,0.8662511619266862,0.02877416618661607,0.9996197387749158,1.0
100040329|F|0-26:A>G-26:A>G,,,0.44999999999999996,10.151725747713641,59.89538694357032,0.16949094522551394,0.8663593357079321,0.02872718051343817,0.9996197387749158,1.0
100016712|F|0-57:C>A-57:C>A,Vu06 (old6),27002353.0,0.35365853658536583,12.202794720834044,72.19246384595363,0.16903142060468695,0.8667181270077956,0.02857162115163859,0.9996197387749158,1.0
100015053|F|0-21:C>T-21:C>T,,,0.34146341463414637,-7.706079961686449,45.80729206628047,-0.16822823646803226,0.8673453122135415,0.028300739545144178,0.9996197387749158,1.0
100019483|F|0-18:A>T-18:A>T,,,0.45121951219512196,9.201502204391094,55.11149485229291,0.16696157905084055,0.8683345881250256,0.02787616887915008,0.9996197387749158,1.0
100021572|F|0-58:T>G-58:T>G,,,0.21951219512195122,9.949305600744479,60.01546620506349,0.16577902713859213,0.8692583705302755,0.027482685839018067,0.9996197387749158,1.0
100020033|F|0-7:G>A-7:G>A,,,0.4634146341463415,8.941673161489454,54.37798166930717,0.164435547017304,0.8703080919865389,0.027039049122879997,0.9996197387749158,1.0
100046287|F|0-24:C>T-24:C>T,,,0.21951219512195122,8.546961378156976,52.07595392655438,0.16412491243484914,0.8705508387324984,0.026936986881746897,0.9996197387749158,1.0
100022149|F|0-63:C>T-63:C>T,,,0.10975609756097561,-14.262875408746382,88.25692341301365,-0.1616063064197329,0.8725194816315223,0.026116598274628602,0.9996197387749158,1.0
100029548|F|0-5:C>T-5:C>T,,,0.45121951219512196,-9.528841768212041,59.356723638794115,-0.16053517081229568,0.873356974130663,0.02577154106773295,0.9996197387749158,1.0
100040243|F|0-44:T>G-44:T>G,,,0.34146341463414637,8.489596641891962,53.36238640762325,0.15909327174841556,0.8744845901405671,0.0253106691156152,0.9996197387749158,1.0
100022144|F|0-13:T>A-13:T>A,,,0.43902439024390244,7.231807309041505,45.74885089930337,0.15807626130237132,0.875280088172758,0.024988104387335577,0.9996197387749158,1.0
100040378|F|0-57:G>A-57:G>A,,,0.4024390243902439,-8.631859937474546,54.68580388685593,-0.15784462006508543,0.875461294628219,0.02491492408349117,0.9996197387749158,1.0
100016220|F|0-31:G>A-31:G>A,,,0.125,13.616152802618064,87.04456788343758,0.15642736972227397,0.8765701177210419,0.024469521998228997,0.9996197387749158,1.0
100034804|F|0-11:G>A-11:G>A,Vu01 (old4),5843731.0,0.4634146341463415,-7.896533695612439,50.70357079591389,-0.15573920281466264,0.877108614416075,0.024254699293346622,0.9996197387749158,1.0
100043997|F|0-34:A>G-34:A>G,,,0.1951219512195122,-11.305572871793464,72.78395186808366,-0.15533057194096994,0.8774283997580183,0.02412758657950884,0.9996197387749158,1.0
100030652|F|0-8:A>C-8:A>C,,,0.10975609756097561,-13.631493835181729,87.77566668581811,-0.1552992343991409,0.8774529246756633,0.024117852204959305,0.9996197387749158,1.0
100047320|F|0-54:C>T-54:C>T,,,0.10975609756097561,-13.631493835181729,87.77566668581811,-0.1552992343991409,0.8774529246756633,0.024117852204959305,0.9996197387749158,1.0
100030137|F|0-35:C>A-35:C>A,,,0.10975609756097561,11.409451140967791,74.13214106790379,0.15390694207141442,0.8785426630068907,0.023687346817773715,0.9996197387749158,1.0
100028644|F|0-13:T>C-13:T>C,,,0.4146341463414634,9.700922078291262,63.70380357484433,0.15228167760648453,0.8798150504274421,0.023189709334645293,0.9996197387749158,1.0
100021620|F|0-68:T>C-68:T>C,Vu02 (old7),26207208.0,0.41463414634146345,9.506485136315648,62.48758589771588,0.15213397988964622,0.8799306961354537,0.02314474783706328,0.9996197387749158,1.0
100040807|F|0-22:G>A-22:G>A,Vu10 (old10),38975128.0,0.2804878048780488,11.481000581072697,75.50599540378764,0.15205415834431568,0.8799931966496011,0.023120467069798225,0.9996197387749158,1.0
100033466|F|0-26:G>A-26:G>A,,,0.12195121951219512,-11.161560890330955,73.679612812758,-0.15148777883368947,0.8804366958940101,0.022948547135964815,0.9996197387749158,1.0
100013419|F|0-62:G>T-62:G>T,,,0.17073170731707318,-12.198400768143431,80.7836579283993,-0.1510008469653008,0.8808180155074062,0.022801255784238195,0.9996197387749158,1.0
100041924|F|0-42:C>T-42:C>T,,,0.4024390243902439,9.654243130859003,64.10635334135108,0.15059729071551542,0.8811340649427938,0.022679543970853467,0.9996197387749158,1.0
100016572|F|0-65:A>T-65:A>T,,,0.25609756097560976,-9.045221866718212,60.635770231871845,-0.14917303486257674,0.8822496436356564,0.022252594330111536,0.9996197387749158,1.0
100038456|F|0-36:A>C-36:A>C,,,0.43902439024390244,11.385450025721847,77.87544648976765,0.14620076723692138,0.8845785170678566,0.021374664340664463,0.9996197387749158,1.0
100014980|F|0-61:T>A-61:T>A,,,0.1951219512195122,-9.006738524465783,62.28371392333607,-0.1446082443887662,0.8858267423315298,0.020911544345201136,0.9996197387749158,1.0
100020454|F|0-11:G>A-11:G>A,,,0.4146341463414634,-7.979879360929203,55.49327192795081,-0.1437990423648079,0.8864611112013422,0.020678164585035814,0.9996197387749158,1.0
100017906|F|0-31:G>A-31:G>A,,,0.2926829268292683,-8.769160042786229,61.19373875352592,-0.14330158969541568,0.8868511237750549,0.020535345609233265,0.9996197387749158,1.0
100015288|F|0-54:A>G-54:A>G,,,0.2804878048780488,8.865026399200508,62.068920007215766,0.14282553004257062,0.8872243905522602,0.02039913203194124,0.9996197387749158,1.0
100019098|F|0-17:C>A-17:C>A,,,0.2804878048780488,8.865026399200508,62.068920007215766,0.14282553004257062,0.8872243905522602,0.02039913203194124,0.9996197387749158,1.0
100043188|F|0-42:C>T-42:C>T,,,0.4146341463414634,8.289785440164273,58.49751073493307,0.14171176407364366,0.8880977690158095,0.020082224076864042,0.9996197387749158,1.0
100014460|F|0-15:A>T-15:A>T,,,0.4878048780487805,9.958941670169068,70.73616897464811,0.14078994967536848,0.888820732553506,0.01982180992959279,0.9996197387749158,1.0
100020403|F|0-39:T>G-39:T>G,,,0.12195121951219512,10.228344058096635,73.10559588360944,0.13991191692604574,0.8895094485182465,0.019575344497920723,0.9996197387749158,1.0
100015314|F|0-65:G>A-65:G>A,,,0.18292682926829268,10.001321540576368,71.53808262431542,0.139804159878014,0.8895939775592961,0.019545203119197302,0.9996197387749158,1.0
100020682|F|0-60:A>G-60:A>G,,,0.4878048780487805,7.427617492577598,53.25048781336796,0.13948449671691035,0.8898447421250327,0.019455924824369773,0.9996197387749158,1.0
100029165|F|0-15:A>T-15:A>T,,,0.3048780487804878,-8.603292369542542,61.724216956748634,-0.13938277055132245,0.8899245451531714,0.0194275567265626,0.9996197387749158,1.0
100046200|F|0-31:A>C-31:A>C,,,0.3048780487804878,-8.603292369542542,61.724216956748634,-0.13938277055132245,0.8899245451531714,0.0194275567265626,0.9996197387749158,1.0
100013288|F|0-37:A>T-37:A>T,,,0.13414634146341464,11.156531011865997,81.43590735707416,0.13699768780063643,0.8917959469597494,0.018768366462720645,0.9996197387749158,1.0
100033255|F|0-46:T>C-46:T>C,,,0.11538461538461539,9.739977214555921,75.08730913610084,0.12971535838235396,0.8975137058771797,0.016826074200262525,0.9996197387749158,1.0
100014043|F|0-61:T>G-61:T>G,,,0.14634146341463414,9.940493005125857,76.67296482669724,0.12964795384649863,0.8975666553007731,0.01680859193658384,0.9996197387749158,1.0
100014242|F|0-53:A>G-53:A>G,,,0.47560975609756095,-8.136191315391926,65.30788838228099,-0.12458206071166429,0.9015474951053658,0.015520689851164808,0.9996197387749158,1.0
100041313|F|0-65:C>T-65:C>T,Vu03 (old3),62938472.0,0.14634146341463414,8.847044966149342,71.72535898623516,0.12334612320096135,0.9025191054217003,0.015214266108706735,0.9996197387749158,1.0
100022031|F|0-68:A>C-68:A>C,,,0.4268292682926829,-6.739350270523482,54.724432731529774,-0.12315066477866968,0.9026727755629458,0.015166086235428273,0.9996197387749158,1.0
100034274|F|0-23:G>T-23:G>T,,,0.41463414634146345,8.403859299954593,68.26794855462964,0.12310109616417761,0.902711747196998,0.015153879876822103,0.9996197387749158,1.0
100035862|F|0-6:T>G-6:T>G,Vu10 (old10),39567399.0,0.36585365853658536,7.524613524657694,61.152914449721024,0.12304586939751358,0.9027551676481135,0.01514028597578997,0.9996197387749158,1.0
100038883|F|0-23:A>G-23:A>G,,,0.36585365853658536,-9.419269466038894,77.11286301656446,-0.12214913436705832,0.903460242006814,0.014920411026621668,0.9996197387749158,1.0
100048192|F|0-15:C>T-15:C>T,,,0.32926829268292684,-9.801827438687996,82.01272151228761,-0.11951593920974114,0.9055310964278949,0.014284059725186541,0.9996197387749158,1.0
100035283|F|0-38:G>T-38:G>T,,,0.34146341463414637,6.94061717670729,59.70129526602572,0.11625572185293935,0.9080959934813618,0.013515392863548,0.9996197387749158,1.0
100028868|F|0-14:T>C-14:T>C,,,0.32926829268292684,7.1412109094559035,61.65389208382291,0.11582741442741218,0.9084330288098995,0.013415989932939491,0.9996197387749158,1.0
100033253|F|0-41:A>G-41:A>G,,,0.34146341463414637,-5.709548969398196,49.45166865349086,-0.11545715493252928,0.9087244000390787,0.01333035462511407,0.9996197387749158,1.0
100013726|F|0-64:C>G-64:C>G,Vu01 (old4),328264.0,0.4634146341463415,-7.296262478370676,63.56255231432785,-0.11478869574477425,0.909250468288696,0.013176444670786354,0.9996197387749158,1.0
100040739|F|0-38:C>T-38:C>T,,,0.47560975609756095,-5.4881588426705346,49.23155081833759,-0.11147645669179947,0.911857762438009,0.012427000396558642,0.9996197387749158,1.0
100017856|F|0-8:G>C-8:G>C,,,0.2073170731707317,6.95558323529081,62.63405933926024,0.11105113270106885,0.9121926368712393,0.012332354074190404,0.9996197387749158,1.0
100017508|F|0-26:G>A-26:G>A,,,0.4024390243902439,6.502562089615661,58.74072795637273,0.11069937870782215,0.9124695990103692,0.012254352446297828,0.9996197387749158,1.0
100051794|F|0-60:T>C-60:T>C,Vu09 (old8),3361921.0,0.4024390243902439,-6.502562089614997,58.7407279563727,-0.11069937870781091,0.912469599010378,0.012254352446295339,0.9996197387749158,1.0
100030242|F|0-19:A>G-19:A>G,,,0.3170731707317073,-5.794376345781489,53.455886326795266,-0.108395477915348,0.9142839042140612,0.011749579632496695,0.9996197387749158,1.0
100019852|F|0-38:G>A-38:G>A,,,0.5,6.076643445841964,57.836516072813744,0.105065862511354,0.9169067723385561,0.011038835465254741,0.9996197387749158,1.0
100018485|F|0-30:G>A-30:G>A,,,0.2926829268292683,8.116406872244394,78.2099547377683,0.10377715854021466,0.9179221895205602,0.010769698634680849,0.9996197387749158,1.0
100035792|F|0-26:T>C-26:T>C,,,0.43902439024390244,6.392995091552064,61.635498020357275,0.1037226159743295,0.9179651687010577,0.010758381064558233,0.9996197387749158,1.0
100047135|F|0-14:G>A-14:G>A,,,0.2804878048780488,5.960054916743998,57.65444414739479,0.10337546402332824,0.918238727987985,0.010686486562038432,0.9996197387749158,1.0
100041959|F|0-33:T>G-33:T>G,,,0.21951219512195122,5.745047608683206,57.62292002312883,0.09970073724790837,0.9211350622154515,0.009940237007776465,0.9996197387749158,1.0
100033155|F|0-6:A>T-6:A>T,,,0.15000000000000002,-6.3111263325372775,64.02435338399636,-0.0985738394683236,0.9220234771792892,0.00971680182752683,0.9996197387749158,1.0
100015287|F|0-63:T>C-63:T>C,,,0.45121951219512196,5.947612191194992,61.24643847871328,0.09710951916432063,0.9231780580335907,0.009430258712325557,0.9996197387749158,1.0
100018789|F|0-23:A>C-23:A>C,,,0.13414634146341464,-6.929105910697838,71.51802440292954,-0.09688614819195154,0.9233541954917817,0.009386925711472795,0.9996197387749158,1.0
100015479|F|0-29:T>C-29:T>C,,,0.45121951219512196,4.527537775469059,46.83468060905041,0.09667062349079307,0.9235241495462361,0.009345209446098674,0.9996197387749158,1.0
100020750|F|0-37:T>C-37:T>C,Vu09 (old8),38249509.0,0.2682926829268293,5.1077639910509625,52.92552633683448,0.09650851573102111,0.9236519835611025,0.009313893608604748,0.9996197387749158,1.0
100022245|F|0-8:T>C-8:T>C,,,0.36585365853658536,-5.094685141357677,53.347311875177944,-0.09550031599114539,0.9244470699755861,0.00912031035440862,0.9996197387749158,1.0
100053824|F|0-47:A>G-47:A>G,,,0.25609756097560976,-6.507748720356412,68.96063335739426,-0.09436903931304487,0.9253393109320901,0.008905515580867008,0.9996197387749158,1.0
100035486|F|0-5:T>C-5:T>C,,,0.15853658536585366,6.492532125448223,68.97048526140753,0.09413493468750643,0.9255239621412189,0.008861385928621101,0.9996197387749158,1.0
100046913|F|0-41:A>T-41:A>T,,,0.5,-6.157854552490121,65.46218914804828,-0.09406734838279868,0.9255772719596586,0.008848666031770817,0.9996197387749158,1.0
100040569|F|0-37:C>T-37:C>T,,,0.12195121951219512,7.692269002490732,83.33501299330227,0.09230536753031968,0.9269671857259291,0.008520280874907395,0.9996197387749158,1.0
100017562|F|0-36:T>A-36:T>A,,,0.35365853658536583,5.042626619256691,54.75438670623587,0.09209539038965066,0.9271328388116754,0.00848156093102216,0.9996197387749158,1.0
100055640|F|0-33:G>T-33:G>T,,,0.45121951219512196,-5.291081892766296,57.724064913975724,-0.09166163021698873,0.9274750470048767,0.008401854454035981,0.9996197387749158,1.0
100048883|F|0-64:T>A-64:T>A,,,0.17073170731707318,-6.946248355928606,75.84639937825064,-0.09158309969715557,0.9275370039068175,0.008387464150139136,0.9996197387749158,1.0
100019511|F|0-33:G>A-33:G>A,,,0.2682926829268293,6.340022219767084,70.08243602802683,0.09046520896093894,0.9284190168019139,0.008183954032346348,0.9996197387749158,1.0
100021287|F|0-39:T>A-39:T>A,,,0.18292682926829268,-7.383828443012898,81.77673689254671,-0.09029252968011095,0.9285552685082131,0.008152740916033716,0.9996197387749158,1.0
100017598|F|0-46:C>G-46:C>G,,,0.2926829268292683,5.909135147770606,66.97762932881159,0.08822550464963513,0.9301864123558581,0.007783739670682791,0.9996197387749158,1.0
100020153|F|0-41:C>T-41:C>T,,,0.23170731707317074,-6.906652317526202,78.40881378734142,-0.08808515247097431,0.9302971791164321,0.007758994085834792,0.9996197387749158,1.0
100056408|F|0-52:A>T-52:A>T,,,0.47560975609756095,4.8261434268233705,59.42173869294158,0.08121848220837477,0.9357180705734004,0.006596441852232089,0.9996197387749158,1.0
100038715|F|0-41:T>A-41:T>A,,,0.4146341463414634,-5.19804805430281,64.09657394452417,-0.08109712788708084,0.9358139024308346,0.006576744151533546,0.9996197387749158,1.0
100035956|F|0-57:T>G-57:T>G,,,0.2804878048780488,4.872452397602972,60.821532082356704,0.08011064882425722,0.9365929473658978,0.006417716055043466,0.9996197387749158,1.0
100028451|F|0-5:C>A-5:C>A,,,0.21951219512195122,5.186915477270727,66.9121668981076,0.07751827085751459,0.9386405067502042,0.006009082316738995,0.9996197387749158,1.0
100016813|F|0-35:C>T-35:C>T,,,0.15853658536585366,6.353843207386653,84.06741307263155,0.07558033458097653,0.9401714400179675,0.0057123869753723565,0.9996197387749158,1.0
100044544|F|0-31:A>G-31:A>G,,,0.14634146341463414,5.310358206083983,70.90877467533188,0.07489000099632773,0.9407168465567786,0.005608512249229968,0.9996197387749158,1.0
100043222|F|0-20:C>A-20:C>A,,,0.4878048780487805,-4.641642924430522,63.47860635146823,-0.07312137413242317,0.9421143035483865,0.005346735355013805,0.9996197387749158,1.0
100018271|F|0-48:A>G-48:A>G,,,0.426829268292683,-4.0159476832416985,55.69821351294453,-0.07210191189181271,0.9429199027477957,0.0051986856984547235,0.9996197387749158,1.0
100033311|F|0-46:C>T-46:C>T,,,0.4878048780487805,-3.921868201924376,54.76299930219392,-0.07161529229402995,0.9433044606747957,0.0051287500903593455,0.9996197387749158,1.0
100028407|F|0-26:C>T-26:C>T,,,0.2073170731707317,-4.940818331179879,69.81576143645563,-0.07076938257956085,0.9439729853540639,0.005008305510692251,0.9996197387749158,1.0
100013882|F|0-67:C>T-67:C>T,,,0.21951219512195122,3.8910127116682056,57.09306920640144,0.06815210262390192,0.9460416869346276,0.004644709092058859,0.9996197387749158,1.0
100058582|F|0-53:G>A-53:G>A,,,0.21951219512195122,3.8910127116682056,57.09306920640144,0.06815210262390192,0.9460416869346276,0.004644709092058859,0.9996197387749158,1.0
100038543|F|0-16:T>C-16:T>C,Vu08 (old5),28171940.0,0.21951219512195122,3.8910127116682056,57.09306920640144,0.06815210262390192,0.9460416869346276,0.004644709092058859,0.9996197387749158,1.0
100035931|F|0-44:G>C-44:G>C,,,0.3780487804878049,4.089817094043183,60.55889692937176,0.06753453747370974,0.9465298670930217,0.004560913751787906,0.9996197387749158,1.0
100038892|F|0-14:A>C-14:A>C,,,0.3780487804878049,4.089817094043183,60.55889692937176,0.06753453747370974,0.9465298670930217,0.004560913751787906,0.9996197387749158,1.0
100035791|F|0-16:G>A-16:G>A,Vu09 (old8),36664091.0,0.35365853658536583,-6.806288766851898,101.49723572549838,-0.0670588584822119,0.9469059016881931,0.004496890500937322,0.9996197387749158,1.0
100015678|F|0-23:A>G-23:A>G,,,0.3170731707317073,3.7420665684590935,56.11724737306743,0.06668300288468956,0.9472030324402058,0.004446622873719517,0.9996197387749158,1.0
100032753|F|0-47:A>G-47:A>G,,,0.25609756097560976,3.7577717921200158,57.01509141791987,0.06590837090088303,0.9478154379507672,0.004343913354808365,0.9996197387749158,1.0
100013779|F|0-68:G>C-68:G>C,Vu08 (old5),35689785.0,0.15853658536585366,4.447665227988072,68.61767871767273,0.06481806600144518,0.9486774612691179,0.004201381680167704,0.9996197387749158,1.0
100059434|F|0-46:A>G-46:A>G,,,0.4024390243902439,-5.882622038683989,91.4815381620264,-0.06430392576330599,0.9490839756563381,0.004134994868572767,0.9996197387749158,1.0
100030243|F|0-51:A>G-51:A>G,,,0.18571428571428572,3.4788048553021764,54.410962029205976,0.0639357351085774,0.9493751008283529,0.004087778223874177,0.9996197387749158,1.0
100019433|F|0-7:G>A-7:G>A,,,0.3780487804878049,-3.90128664109818,61.05724974379461,-0.06389555142867662,0.9494068741441299,0.004082641492374658,0.9996197387749158,1.0
100044894|F|0-39:G>A-39:G>A,,,0.25609756097560976,5.497455578718794,86.62203760673529,0.06346486102852122,0.9497474271558547,0.0040277885853695124,0.9996197387749158,1.0
100034306|F|0-9:C>T-9:C>T,,,0.21951219512195122,4.818664556396201,76.27999844971482,0.06317074795921442,0.9499799920345633,0.003990543397726592,0.9996197387749158,1.0
100032857|F|0-37:C>A-37:C>A,Vu05 (old1),29700622.0,0.3815789473684211,3.3090073929740567,53.30287051085711,0.062079346970629924,0.9508430373471579,0.003853845320299859,0.9996197387749158,1.0
100048771|F|0-11:G>A-11:G>A,Vu11 (old9),32286941.0,0.14634146341463414,4.902126183060738,80.8539946290706,0.06062936290964907,0.9519897315647468,0.0036759196468299305,0.9996197387749158,1.0
100017658|F|0-34:T>G-34:T>G,Vu01 (old4),30643579.0,0.4024390243902439,3.4022992017394333,58.89893367490641,0.05776503901613019,0.9542552335050376,0.003336799732535043,0.9996197387749158,1.0
100028946|F|0-30:A>G-30:A>G,,,0.2926829268292683,3.9443260258594206,68.31294695292864,0.05773906999762837,0.954275775173527,0.0033338002041910287,0.9996197387749158,1.0
100014991|F|0-45:T>G-45:T>G,,,0.12195121951219512,-5.412305202824577,94.11282579420948,-0.05750868871644891,0.9544580097025025,0.003307249277885418,0.9996197387749158,1.0
100022323|F|0-60:G>C-60:G>C,,,0.4146341463414634,3.444447209137423,61.0628379227558,0.05640823987733149,0.9553285128170887,0.0031818895260585706,0.9996197387749158,1.0
100034114|F|0-47:T>A-47:T>A,,,0.13414634146341464,4.027702259380141,71.71689550175685,0.05616113513002629,0.9555239911426346,0.003154073099093073,0.9996197387749158,1.0
100048583|F|0-60:A>G-60:A>G,,,0.25609756097560976,3.1481257335563066,56.08698478367397,0.05612934526073286,0.9555491395081152,0.003150503399398555,0.9996197387749158,1.0
100033932|F|0-52:T>C-52:T>C,,,0.12195121951219512,-4.587471301992255,82.72789618888278,-0.055452531894661344,0.9560845646860575,0.0030749832935284336,0.9996197387749158,1.0
100021017|F|0-55:C>T-55:C>T,,,0.35365853658536583,-3.166680813642575,57.47224954316897,-0.05509930164233427,0.9563640123772339,0.0030359330414729403,0.9996197387749158,1.0
100017285|F|0-30:C>T-30:C>T,Vu07 (old2),34134592.0,0.21951219512195122,3.839154132989296,72.8647038076885,0.05268880448786232,0.9582711534420799,0.0027761101183601806,0.9996197387749158,1.0
100035374|F|0-23:A>G-23:A>G,,,0.3815789473684211,-2.991205606617495,56.93964559230655,-0.05253291578305247,0.9583944984136161,0.0027597072406692832,0.9996197387749158,1.0
100016689|F|0-47:G>T-47:G>T,,,0.18292682926829268,3.3555042926355396,65.4378725485659,0.05127771062766735,0.9593877012293427,0.0026294036072147895,0.9996197387749158,1.0
100015153|F|0-7:G>C-7:G>C,,,0.12195121951219512,-3.653942114380899,72.34631724545996,-0.05050626284104599,0.9599981553498729,0.002550882586168823,0.9996197387749158,1.0
100018351|F|0-64:C>T-64:C>T,,,0.2804878048780488,2.719884428926258,54.86470160333718,0.04957439573062071,0.9607355834015573,0.002457620712056185,0.9996197387749158,1.0
100021768|F|0-13:C>T-13:C>T,,,0.25609756097560976,3.054457306521837,61.99246541403613,0.04927142816666002,0.9609753427358636,0.002427673633582338,0.9996197387749158,1.0
100046187|F|0-5:T>A-5:T>A,,,0.4146341463414634,3.2683731160022407,69.42876167242979,0.04707520395398488,0.9627134764869661,0.0022160748273092738,0.9996197387749158,1.0
100030037|F|0-16:T>A-16:T>A,,,0.47560975609756095,3.0034638593128182,64.80945434351993,0.04634298945633885,0.963293006489759,0.002147672671750334,0.9996197387749158,1.0
100035865|F|0-64:G>A-64:G>A,,,0.3783783783783784,1.9830248320522392,42.9304902096792,0.046191525472148984,0.9634128890902312,0.0021336570254441886,0.9996197387749158,1.0
100018797|F|0-41:C>G-41:C>G,,,0.1951219512195122,-2.5241018148457326,55.51307115164603,-0.04546860338442814,0.9639850882937291,0.0020673938937304298,0.9996197387749158,1.0
100014138|F|0-28:A>G-28:A>G,,,0.4878048780487805,-2.180798322301248,49.173476593200334,-0.04434907745780185,0.964871240966243,0.0019668406713581085,0.9996197387749158,1.0
100020360|F|0-56:A>G-56:A>G,,,0.2682926829268293,2.212840682997614,50.75590119813256,0.04359770254811336,0.9654660117851174,0.0019007596674737704,0.9996197387749158,1.0
100034427|F|0-43:T>A-43:T>A,,,0.4268292682926829,-4.752211294797959,113.00260664428406,-0.042053997123776415,0.9666880353735438,0.001768538674086595,0.9996197387749158,1.0
100052578|F|0-7:G>A-7:G>A,,,0.15853658536585366,-4.648683959274781,119.19071968842421,-0.03900206300815096,0.9691042356409102,0.0015211609188917777,0.9996197387749158,1.0
100021842|F|0-18:C>G-18:C>G,,,0.2682926829268293,2.936752190296631,79.21815571664081,0.03707170614778309,0.9706326431376475,0.0013743113967075783,0.9996197387749158,1.0
100040444|F|0-34:C>A-34:C>A,Vu02 (old7),25326701.0,0.13414634146341464,-2.932720631607096,79.95750440980976,-0.03667849132178879,0.9709439946140027,0.0013453117256425357,0.9996197387749158,1.0
100041853|F|0-21:T>C-21:T>C,,,0.15853658536585366,-2.866460497502773,84.61317116991478,-0.033877237525426505,0.973162186333124,0.0011476672223541657,0.9996197387749158,1.0
100043410|F|0-43:T>A-43:T>A,,,0.3048780487804878,2.233612128934784,70.48406623313791,0.031689603740322474,0.9748946302693589,0.0010042309852186602,0.9996197387749158,1.0
100034016|F|0-46:G>A-46:G>A,,,0.15853658536585366,-2.3576499722088378,77.32973310989217,-0.03048827245864686,0.9758460487203868,0.0009295347575126847,0.9996197387749158,1.0
100013163|F|0-33:C>A-33:C>A,,,0.14634146341463414,2.0584561502846013,71.4742868442867,0.028799953678014825,0.9771832069210642,0.0008294373318557996,0.9996197387749158,1.0
100034920|F|0-44:G>C-44:G>C,,,0.14634146341463414,2.0584561502846013,71.4742868442867,0.028799953678014825,0.9771832069210642,0.0008294373318557996,0.9996197387749158,1.0
100013447|F|0-28:T>A-28:T>A,,,0.14634146341463414,2.0584561502846013,71.4742868442867,0.028799953678014825,0.9771832069210642,0.0008294373318557996,0.9996197387749158,1.0
100035003|F|0-39:A>G-39:A>G,,,0.2073170731707317,1.8332416055422773,68.8255290861532,0.026636069927591762,0.9788971124888678,0.0007094802211875582,0.9996197387749158,1.0
100016003|F|0-33:A>T-33:A>T,,,0.47560975609756095,-1.5738109889804162,59.86547730310085,-0.02628912454856344,0.9791719204667242,0.000691118069529881,0.9996197387749158,1.0
100013950|F|0-50:T>C-50:T>C,Vu01 (old4),30947226.0,0.10975609756097561,2.6980706508692958,104.57384869396981,0.025800624960883537,0.9795588548500683,0.0006656722483721667,0.9996197387749158,1.0
100043320|F|0-18:A>G-18:A>G,,,0.3125,-1.4654825157519102,58.659655695016326,-0.024982801184024277,0.9802066539562221,0.0006241403550004849,0.9996197387749158,1.0
100014256|F|0-11:C>T-11:C>T,,,0.3170731707317073,1.3319675181828348,56.46205050115111,0.023590491424955944,0.981309535088774,0.00055651128567092,0.9996197387749158,1.0
100015076|F|0-33:T>C-33:T>C,,,0.4268292682926829,1.2596147054608342,60.0285445102871,0.020983595649982385,0.9833746166164379,0.00044031128640195964,0.9996197387749158,1.0
100038720|F|0-23:G>A-23:G>A,,,0.4634146341463415,1.3584328736442883,69.49829457492125,0.019546276379197435,0.9845132556642191,0.0003820569202919716,0.9996197387749158,1.0
100014308|F|0-20:G>A-20:G>A,,,0.5,1.1079683907619033,59.18486773438099,0.01872046746364992,0.985167473480924,0.00035045590205757534,0.9996197387749158,1.0
100020694|F|0-67:C>T-67:C>T,Vu10 (old10),36275606.0,0.15853658536585366,-1.2759655949660291,73.55364476836463,-0.017347414923955216,0.9862552484303599,0.00030093280454386416,0.9996197387749158,1.0
100049761|F|0-12:A>G-12:A>G,,,0.1216216216216216,-1.422905172958541,82.38129171155441,-0.017272188180061893,0.9863148461864596,0.0002983284845274698,0.9996197387749158,1.0
100040128|F|0-22:T>C-22:T>C,,,0.10975609756097561,1.559700084041856,91.4402060698726,0.017057049093371853,0.9864852887592521,0.00029094292377369754,0.9996197387749158,1.0
100030735|F|0-21:A>G-21:A>G,,,0.10975609756097561,1.559700084041856,91.4402060698726,0.017057049093371853,0.9864852887592521,0.00029094292377369754,0.9996197387749158,1.0
100038668|F|0-20:A>G-20:A>G,,,0.10975609756097561,1.559700084041856,91.4402060698726,0.017057049093371853,0.9864852887592521,0.00029094292377369754,0.9996197387749158,1.0
100028702|F|0-38:A>G-38:A>G,,,0.34146341463414637,0.9724559199182161,65.15960115734607,0.014924215351931782,0.988175046195663,0.00022273220387083626,0.9996197387749158,1.0
100030054|F|0-16:G>A-16:G>A,,,0.35365853658536583,0.7852713145943704,55.054508517744566,0.014263524200588774,0.9886984965094839,0.00020344812262078165,0.9996197387749158,1.0
100017042|F|0-9:A>G-9:A>G,,,0.24390243902439024,1.0696373483417125,77.6397415432986,0.01377693082279506,0.9890840164403173,0.00018980382289608054,0.9996197387749158,1.0
100038435|F|0-28:C>A-28:C>A,,,0.24390243902439024,1.0696373483417125,77.6397415432986,0.01377693082279506,0.9890840164403173,0.00018980382289608054,0.9996197387749158,1.0
100036126|F|0-34:T>C-34:T>C,,,0.3170731707317073,0.5934274165844667,48.58311976958864,0.012214683194468954,0.990321777030672,0.0001491984855412423,0.9996197387749158,1.0
100029840|F|0-31:T>C-31:T>C,,,0.2926829268292683,-0.6592596970925025,57.92686228131605,-0.011380897758467796,0.9909823909851649,0.00012952483378869732,0.9996197387749158,1.0
100038393|F|0-44:G>A-44:G>A,Vu09 (old8),37413218.0,0.35365853658536583,-0.6537344573269434,59.56699138344546,-0.010974777173463653,0.9913041654896977,0.00012044573400717885,0.9996197387749158,1.0
100017394|F|0-18:C>T-18:C>T,,,0.45121951219512196,-0.44724226480181106,54.11197652556005,-0.008265125273894848,0.9934510922378009,6.831229579317539e-05,0.9996197387749158,1.0
100035059|F|0-31:C>G-31:C>G,,,0.45121951219512196,-0.7236509442131559,126.91366551028031,-0.005701915087737644,0.995482035210106,3.251183566777018e-05,0.9996197387749158,1.0
100015991|F|0-42:T>C-42:T>C,,,0.3170731707317073,-0.26096779701811107,56.21456055212432,-0.004642352345281284,0.9963215825747048,2.155143529773864e-05,0.9996197387749158,1.0
100021316|F|0-63:C>A-63:C>A,,,0.1951219512195122,-0.2179710036072816,66.13409779296389,-0.003295894415761908,0.9973884581034796,1.086291999985053e-05,0.9996197387749158,1.0
100046319|F|0-37:A>C-37:A>C,,,0.14473684210526316,0.21100836875111412,84.07804317204436,0.002509672689685928,0.9980114288647045,6.298457009355399e-06,0.9996197387749158,1.0
100015680|F|0-33:A>G-33:A>G,,,0.12195121951219512,-0.2182091291981347,98.02132752696538,-0.0022261392974718282,0.9982360897552464,4.955696171748365e-06,0.9996197387749158,1.0
100041050|F|0-49:T>A-49:T>A,,,0.32926829268292684,0.08628871711473701,47.95547511080893,0.0017993506875982957,0.9985742608068521,3.2376628969604596e-06,0.9996197387749158,1.0
100035529|F|0-67:G>T-67:G>T,,,0.24390243902439024,0.07294995188918647,73.54313492983601,0.0009919342160051312,0.999214027568664,9.839334888817142e-07,0.9996197387749158,1.0
100020284|F|0-15:A>T-15:A>T,Vu05 (old1),16272496.0,0.24390243902439024,-0.07294995188816954,73.54313492983614,-0.0009919342159913018,0.999214027568675,9.839334888542784e-07,0.9996197387749158,1.0
100028749|F|0-23:C>A-23:C>A,,,0.2682926829268293,0.04184476229060094,54.47215803804405,0.0007681862404161779,0.999391317248576,5.901100999647418e-07,0.9996197387749158,1.0
100014517|F|0-34:C>T-34:C>T,,,0.18292682926829268,-0.03493237348442433,72.7898039637473,-0.0004799075087744744,0.999619738774916,2.3031121697812222e-07,0.9996197387749158,1.0
