rs,chrom,pos,maf_subset,beta,se,t,p,chi2,fdr_bh,p_bonferroni
100016636|F|0-57:G>T-57:G>T,,,0.125,4.1538787853901,1.145123840613691,3.6274493972319775,0.00048198669900182843,13.158389129478637,0.7639489179178981,0.7639489179178981
100045027|F|0-42:C>G-42:C>G,,,0.2391304347826087,3.4752861780583504,1.11991037383433,3.103182414642455,0.002582438902933237,9.629741098546177,0.9287603700014312,1.0
100013053|F|0-56:A>T-56:A>T,,,0.34782608695652173,3.1844357025431114,1.0362409371515027,3.073064948868676,0.0028290689533930283,9.44372817996524,0.9287603700014312,1.0
100040003|F|0-60:C>T-60:C>T,,,0.29891304347826086,-2.9977013333851428,0.9839114629796668,-3.0467185780181243,0.0030625800388892387,9.282494093640782,0.9287603700014312,1.0
100016813|F|0-35:C>T-35:C>T,,,0.23369565217391305,2.6925180098667316,0.9384661678081944,2.8690624150630373,0.005166211154096151,8.231519141527349,0.9287603700014312,1.0
100017546|F|0-5:C>G-5:C>G,,,0.059782608695652176,4.917885151274835,1.7148286701390365,2.867858018070166,0.005184185414484639,8.22460961180934,0.9287603700014312,1.0
100028772|F|0-54:C>T-54:C>T,,,0.2826086956521739,2.7599791035849757,0.9720000865606077,2.8394844216023443,0.00562461315083105,8.0626717805224,0.9287603700014312,1.0
100044919|F|0-41:G>A-41:G>A,,,0.2717391304347826,2.475176479456754,0.8769142821048194,2.8225979778955077,0.005902773168893797,7.967059344819809,0.9287603700014312,1.0
100058672|F|0-30:C>T-30:C>T,,,0.19318181818181823,3.6827098685055804,1.3071769301072602,2.817300232037752,0.005992604856092295,7.937180597439972,0.9287603700014312,1.0
100018591|F|0-14:C>T-14:C>T,,,0.4891304347826087,-2.6292286396387152,0.945462237888076,-2.780892281337167,0.006644638898765875,7.733361880400634,0.9287603700014312,1.0
100029593|F|0-34:A>G-34:A>G,,,0.05434782608695652,-4.8627591156649315,1.7519094835989744,-2.775690845439852,0.006742915954793,7.7044596694586,0.9287603700014312,1.0
100017860|F|0-21:C>T-21:C>T,,,0.23369565217391305,3.0699279582632593,1.1119696928668372,2.760801825766033,0.0070316242523767655,7.622026721153063,0.9287603700014312,1.0
100013293|F|0-29:C>A-29:C>A,,,0.44565217391304346,2.5144855944308317,0.9382700309251545,2.6799167740138676,0.008806777400587067,7.181953915640896,0.9906098214493375,1.0
100019511|F|0-33:G>A-33:G>A,,,0.22826086956521738,3.2722016841245574,1.2391899290203867,2.6405973834142773,0.009809154909458575,6.972754541294328,0.9906098214493375,1.0
100032947|F|0-10:A>C-10:A>C,,,0.10112359550561799,3.2815732223952967,1.2628101483804979,2.5986275344744256,0.01099224218091611,6.752865062928632,0.9906098214493375,1.0
100040329|F|0-26:A>G-26:A>G,,,0.4431818181818182,2.45190778309184,0.9493954539514997,2.58259903487709,0.011477099739535482,6.669817774948077,0.9906098214493375,1.0
100044458|F|0-65:A>T-65:A>T,,,0.05434782608695652,-4.467631323416999,1.7796486235930988,-2.5104007972073052,0.013909053098114634,6.302112162619074,0.9906098214493375,1.0
100016409|F|0-6:A>T-6:A>T,,,0.266304347826087,-2.703691639751674,1.0802429349532687,-2.5028551932798666,0.014188236940113345,6.264284118527998,0.9906098214493375,1.0
100029219|F|0-13:A>G-13:A>G,,,0.08695652173913043,-4.084946554037374,1.6470627286523545,-2.480140241762209,0.015059290310791904,6.151095618808308,0.9906098214493375,1.0
100033420|F|0-60:C>A-60:C>A,,,0.33695652173913043,-2.427275353363347,0.9807505041345311,-2.474916243357234,0.015266271380825135,6.125210411633483,0.9906098214493375,1.0
100013876|F|0-55:T>G-55:T>G,Vu07 (old2),26537890.0,0.27717391304347827,2.351836564014469,0.9510352418729967,2.4729226220709686,0.01534593036243218,6.1153462947503545,0.9906098214493375,1.0
100016903|F|0-35:A>G-35:A>G,,,0.07608695652173914,-3.524972990513394,1.4271772599920087,-2.4698915049509207,0.015467757771129416,6.100364046228724,0.9906098214493375,1.0
100033304|F|0-17:G>A-17:G>A,,,0.4945652173913043,2.2038217535813636,0.8988220319429135,2.4519000149757497,0.016208861320747062,6.011813683438081,0.9906098214493375,1.0
100048192|F|0-15:C>T-15:C>T,,,0.30434782608695654,-2.857901317305037,1.1767214636738061,-2.4286982140892293,0.017211377427827367,5.898575015120212,0.9906098214493375,1.0
100014707|F|0-12:T>C-12:T>C,,,0.33152173913043476,2.2067935584543545,0.9093985774574235,2.4266516499556245,0.017302408331011446,5.888638230232355,0.9906098214493375,1.0
100017843|F|0-41:T>C-41:T>C,,,0.44021739130434784,2.04121822341482,0.842067362553713,2.4240557397029114,0.01741849191784952,5.876046229186629,0.9906098214493375,1.0
100040444|F|0-34:C>A-34:C>A,Vu02 (old7),25326701.0,0.11413043478260869,3.004123167713341,1.24007347582867,2.4225364272918246,0.017486754153290717,5.868682741555838,0.9906098214493375,1.0
100046319|F|0-37:A>C-37:A>C,,,0.1404494382022472,2.783823622570626,1.1585340223666611,2.402884653213561,0.018391447992916924,5.773854656649254,0.9906098214493375,1.0
100028302|F|0-21:C>T-21:C>T,,,0.43181818181818177,-1.9910154977533825,0.8313096130969697,-2.395034853904831,0.01876431889870543,5.736191951418936,0.9906098214493375,1.0
100019282|F|0-52:T>A-52:T>A,Vu04 (old11),1200237.0,0.33152173913043476,-2.304400321127959,0.9740499448648726,-2.365792774052918,0.020213220984729954,5.596975449761001,0.9906098214493375,1.0
100035301|F|0-17:C>T-17:C>T,,,0.2717391304347826,2.5508765545963032,1.0801447993202802,2.361606107071509,0.02042859482575051,5.577183404957448,0.9906098214493375,1.0
100021291|F|0-61:A>G-61:A>G,,,0.20652173913043478,-2.152214463444093,0.9143565912848679,-2.3538020986098744,0.02083549565333616,5.540384319420249,0.9906098214493375,1.0
100030726|F|0-25:C>G-25:C>G,,,0.25,2.9223185409068098,1.2464626739129603,2.344489411570517,0.021330451031806034,5.496630600966269,0.9906098214493375,1.0
100033857|F|0-15:C>A-15:C>A,Vu03 (old3),47106161.0,0.08695652173913043,-3.233262560985738,1.3801750624889575,-2.3426467039297103,0.021429613680144736,5.487993579432736,0.9906098214493375,1.0
100021300|F|0-36:C>T-36:C>T,,,0.06521739130434782,-3.538853811709207,1.5339493954851164,-2.307021223858583,0.02342866010109114,5.322346927333954,0.9906098214493375,1.0
100015367|F|0-46:A>T-46:A>T,,,0.42934782608695654,-1.9507534005099312,0.8559758513610677,-2.278981816377276,0.025116053555603285,5.193758119378268,0.9906098214493375,1.0
100028760|F|0-23:G>T-23:G>T,,,0.3423913043478261,2.1828385050811696,0.9617436400405819,2.269667730778092,0.02569978669988758,5.1513916081353734,0.9906098214493375,1.0
100018919|F|0-66:C>A-66:C>A,,,0.059782608695652176,3.3047835714090184,1.475768255453655,2.2393648590802075,0.027682327889124867,5.014754972083318,0.9906098214493375,1.0
100016220|F|0-31:G>A-31:G>A,,,0.17777777777777776,2.657382154760211,1.191316614581493,2.2306262854344086,0.02827842422184998,4.975693625270908,0.9906098214493375,1.0
100052747|F|0-12:T>G-12:T>G,,,0.2142857142857143,2.7568028612679623,1.2459218552868652,2.212661130848553,0.029539343302357742,4.8958692799679975,0.9906098214493375,1.0
100047410|F|0-24:C>T-24:C>T,,,0.10989010989010989,2.721617441895678,1.2340765966803677,2.205387776752881,0.03006366508058209,4.863735245851016,0.9906098214493375,1.0
100016712|F|0-57:C>A-57:C>A,Vu06 (old6),27002353.0,0.40217391304347827,-2.0184244137118914,0.9192626754394169,-2.195699300797853,0.030774715875388825,4.821095419524181,0.9906098214493375,1.0
100029409|F|0-44:A>G-44:A>G,,,0.07065217391304347,3.6261889303105326,1.654144414167055,2.1921840071844643,0.031036316457401875,4.805670721355336,0.9906098214493375,1.0
100022316|F|0-39:A>G-39:A>G,,,0.21739130434782608,2.1109783270077727,0.9629607085713778,2.192174933221899,0.031036994226883236,4.805630937846437,0.9906098214493375,1.0
100036101|F|0-41:G>C-41:G>C,,,0.45108695652173914,-1.9672742096020663,0.8987389941116137,-2.1889271774022436,0.031280413324281796,4.791402187970153,0.9906098214493375,1.0
100029063|F|0-9:C>T-9:C>T,,,0.08695652173913043,2.929537659826448,1.3462198137706773,2.176121336099635,0.03225652030831788,4.73550406942806,0.9906098214493375,1.0
100033853|F|0-49:A>G-49:A>G,Vu06 (old6),26071343.0,0.46195652173913043,2.163478649874969,0.9951764122738835,2.17396496057581,0.0324234729543601,4.726123649811382,0.9906098214493375,1.0
100021519|F|0-20:C>T-20:C>T,,,0.391304347826087,-1.9180470853972857,0.8863876484923624,-2.163891936738571,0.03321336719967542,4.6824283138822045,0.9906098214493375,1.0
100035126|F|0-11:T>C-11:T>C,Vu04 (old11),37919761.0,0.4945652173913043,1.882994650009924,0.8759099360437403,2.149758294231626,0.03434990020936352,4.621460723617671,0.9906098214493375,1.0
100044656|F|0-38:C>T-38:C>T,,,0.13793103448275862,-2.2609810222188695,1.052332191310728,-2.148543055974287,0.03444918169089285,4.616237263375329,0.9906098214493375,1.0
100021651|F|0-68:A>T-68:A>T,,,0.22282608695652173,2.9637307029705315,1.4041197258958678,2.1107393111221966,0.037664665315779014,4.455220439516605,0.9906098214493375,1.0
100058370|F|0-6:C>T-6:C>T,,,0.29347826086956524,-2.3992141492241856,1.1382063650172514,-2.107890293855299,0.037917197570526195,4.443201490929379,0.9906098214493375,1.0
100052563|F|0-36:T>C-36:T>C,,,0.2065217391304348,-2.196210570915441,1.045515269212118,-2.1006011443242403,0.03856997462014613,4.412525167536308,0.9906098214493375,1.0
100018809|F|0-13:A>G-13:A>G,,,0.08152173913043478,-3.1203101346189417,1.4916846208458785,-2.0918028455971682,0.03937082454159034,4.37563914484841,0.9906098214493375,1.0
100021520|F|0-23:T>C-23:T>C,,,0.1358695652173913,-2.9344825083468273,1.413038337621796,-2.0767182532964297,0.040777309127381214,4.312758703574574,0.9906098214493375,1.0
100021370|F|0-62:A>T-62:A>T,,,0.358695652173913,-1.8694568549426689,0.9038932588139375,-2.068227455745954,0.04158788562924315,4.277564808701382,0.9906098214493375,1.0
100036187|F|0-16:T>C-16:T>C,,,0.2282608695652174,-3.0344037808234927,1.4686671289264557,-2.066093617170785,0.041793762125198294,4.2687428349138585,0.9906098214493375,1.0
100029747|F|0-45:G>A-45:G>A,,,0.1956521739130435,2.2353045098754287,1.0863406226840258,2.057646067172425,0.04261743318756369,4.233907337750148,0.9906098214493375,1.0
100017631|F|0-51:G>A-51:G>A,Vu03 (old3),64729430.0,0.15217391304347827,-2.3359825594774764,1.1383287582428505,-2.052115913405676,0.043164177061974784,4.211179722052813,0.9906098214493375,1.0
100028764|F|0-26:A>T-26:A>T,,,0.4347826086956522,-1.9887853794233386,0.9710297459904134,-2.0481199341579934,0.043562986410208865,4.194795264695343,0.9906098214493375,1.0
100018351|F|0-64:C>T-64:C>T,,,0.31521739130434784,1.7799390436313762,0.8709894102413624,2.0435828756381,0.04401963127620956,4.176230969601286,0.9906098214493375,1.0
100034443|F|0-52:T>G-52:T>G,,,0.4347826086956522,-1.74235881763429,0.8549397816138141,-2.0379901077305735,0.04458818258108703,4.153403679207675,0.9906098214493375,1.0
100020677|F|0-42:G>T-42:G>T,,,0.16304347826086957,2.342378926594648,1.1497650317222277,2.037267495503851,0.044662099883592675,4.150458848236533,0.9906098214493375,1.0
100033716|F|0-51:T>C-51:T>C,,,0.10326086956521739,2.465300589399312,1.2188574839908815,2.0226323600419844,0.04618194059797598,4.0910416638890075,0.9906098214493375,1.0
100035052|F|0-18:T>C-18:T>C,,,0.2159090909090909,2.1071174845938248,1.0480503423028382,2.01051170878294,0.04747399074823937,4.042157331153297,0.9906098214493375,1.0
100035083|F|0-24:G>C-24:G>C,,,0.3539325842696629,1.7113373388975477,0.85119617071549,2.010508737908265,0.047474311192906356,4.042145385205484,0.9906098214493375,1.0
100051758|F|0-6:T>G-6:T>G,,,0.4782608695652174,1.8811774312225702,0.9396750260805846,2.001944692591249,0.04840576896319738,4.007782552194271,0.9906098214493375,1.0
100015590|F|0-63:C>G-63:C>G,,,0.21195652173913043,1.982489211867823,0.9927128040367839,1.9970420486229208,0.04894599444318279,3.9881769439680324,0.9906098214493375,1.0
100017267|F|0-60:T>C-60:T>C,Vu07 (old2),29861358.0,0.358695652173913,1.7350662053876937,0.8701760853458751,1.993925407290462,0.049292089063860865,3.9757385298384347,0.9906098214493375,1.0
100039148|F|0-38:G>A-38:G>A,,,0.4076086956521739,-1.9738048899086107,0.9903035123718928,-1.9931312625369944,0.04938060990883969,3.972572229702313,0.9906098214493375,1.0
100038456|F|0-36:A>C-36:A>C,,,0.43478260869565216,-2.080404415660097,1.0463897845819632,-1.988173476379289,0.04993631177532694,3.9528337721781077,0.9906098214493375,1.0
100035288|F|0-19:C>G-19:C>G,,,0.4673913043478261,-1.8904130624382558,0.9528814633481233,-1.9838911083399018,0.05042059311464875,3.935823929750124,0.9906098214493375,1.0
100014717|F|0-5:C>A-5:C>A,,,0.2391304347826087,-2.0115234623541114,1.0160921656855693,-1.979666343551535,0.05090227775624456,3.9190788317907037,0.9906098214493375,1.0
100040615|F|0-67:A>T-67:A>T,Vu08 (old5),12096567.0,0.4619565217391305,1.9702072715136758,0.99564369347512,1.9788276513227459,0.05099836586123732,3.915758873639495,0.9906098214493375,1.0
100020752|F|0-41:T>G-41:T>G,,,0.45108695652173914,1.9445176265695634,0.9858431795282837,1.9724411214164874,0.0517351446805651,3.8905239774547304,0.9906098214493375,1.0
100033755|F|0-33:T>A-33:T>A,,,0.375,2.1648294550904543,1.1025145770143499,1.9635381701282284,0.052777333956026684,3.8554821455505115,0.9906098214493375,1.0
100013358|F|0-37:G>A-37:G>A,,,0.09239130434782608,-3.173138341966951,1.616327512583799,-1.963177832006642,0.052819888722060844,3.854067200082299,0.9906098214493375,1.0
100033204|F|0-66:T>C-66:T>C,,,0.14130434782608695,-2.3421211182923822,1.1953083259286892,-1.959428431549393,0.05326441432598823,3.8393597783641145,0.9906098214493375,1.0
100041283|F|0-68:T>A-68:T>A,,,0.4673913043478261,-1.901302365561525,0.9723570973288778,-1.9553540266065983,0.05375107247237001,3.8234093693666376,0.9906098214493375,1.0
100020211|F|0-33:C>A-33:C>A,,,0.358695652173913,-1.9456504642005386,0.9957562484408851,-1.9539425107770696,0.05392054622926598,3.8178913354217987,0.9906098214493375,1.0
100054502|F|0-47:T>C-47:T>C,,,0.22282608695652173,-2.2525497026878294,1.1533091459207874,-1.9531187372050383,0.054019662179471586,3.8146728016214033,0.9906098214493375,1.0
100035791|F|0-16:G>A-16:G>A,Vu09 (old8),36664091.0,0.3804347826086957,-3.172371020413782,1.6370865526860865,-1.9378150869351671,0.05588930489637401,3.7551273111535495,0.9906098214493375,1.0
100039160|F|0-18:T>A-18:T>A,,,0.08152173913043478,2.8044680152658787,1.4507487411047495,1.9331176624907962,0.05647407364390669,3.7369438970338797,0.9906098214493375,1.0
100033683|F|0-28:G>C-28:G>C,,,0.20108695652173914,2.729632434921936,1.418694317084167,1.9240455128713922,0.057618110988547896,3.701951135600539,0.9906098214493375,1.0
100013022|F|0-48:G>C-48:G>C,,,0.3532608695652174,-1.8138054214076187,0.9437274583298408,-1.9219589357054376,0.057883992281924826,3.6939261505379783,0.9906098214493375,1.0
100016503|F|0-64:G>C-64:G>C,Vu05 (old1),42344593.0,0.10869565217391308,2.814671584048904,1.4658985871058898,1.9200998000863652,0.058121765111806556,3.6867832422916993,0.9906098214493375,1.0
100034532|F|0-64:T>C-64:T>C,,,0.05434782608695652,-3.3292987952231172,1.736116169885431,-1.9176705182365894,0.05843370011641807,3.6774602165137895,0.9906098214493375,1.0
100021889|F|0-32:T>A-32:T>A,,,0.16847826086956522,-2.2192564555867227,1.1600892498723376,-1.913004931155893,0.05903675891867568,3.659587866626763,0.9906098214493375,1.0
100021838|F|0-57:A>G-57:A>G,Vu07 (old2),38535679.0,0.29891304347826086,1.931232974663894,1.0120226815482862,1.9082902091772436,0.05965149930533068,3.641571522441728,0.9906098214493375,1.0
100017329|F|0-16:T>C-16:T>C,,,0.20652173913043478,2.0104852173700682,1.0573036853525901,1.9015210532436673,0.06054355117947874,3.6157823159289055,0.9906098214493375,1.0
100034571|F|0-32:T>A-32:T>A,,,0.08152173913043478,-2.919636928536892,1.5415422596167698,-1.893971385035347,0.06155170108855764,3.5871276073327105,0.9906098214493375,1.0
100021295|F|0-53:G>T-53:G>T,,,0.22826086956521738,1.806097319602102,0.9609660532815752,1.8794600635834247,0.06352920559093625,3.5323701306050106,0.9906098214493375,1.0
100018789|F|0-23:A>C-23:A>C,,,0.1358695652173913,-2.3473784242003446,1.2529043573997984,-1.873549573306578,0.0643498142874121,3.51018800363726,0.9906098214493375,1.0
100015767|F|0-23:A>T-23:A>T,,,0.22826086956521738,-2.1961761852525794,1.1759935833687585,-1.8675069458809457,0.06519795223713526,3.4875821929135773,0.9906098214493375,1.0
100017906|F|0-31:G>A-31:G>A,,,0.2826086956521739,-1.8486883672712207,0.9959824997790893,-1.8561454319541388,0.06681804586378351,3.4452758645642168,0.9906098214493375,1.0
100020750|F|0-37:T>C-37:T>C,Vu09 (old8),38249509.0,0.358695652173913,1.3911725078669108,0.749672753644391,1.8557063746868099,0.06688132397696274,3.443646149053263,0.9906098214493375,1.0
100038699|F|0-6:A>C-6:A>C,,,0.20652173913043478,2.2635020729182074,1.2267768235156349,1.8450805635792644,0.06842811616071652,3.404322286097976,0.9906098214493375,1.0
100034572|F|0-53:G>A-53:G>A,,,0.1793478260869565,1.7989564543111018,0.9752539890359194,1.8446030208904327,0.06849832844420832,3.40256030467811,0.9906098214493375,1.0
100038818|F|0-32:G>T-32:G>T,,,0.15760869565217392,-2.0476685176412652,1.1142494442499336,-1.8377110513343542,0.06951836873750328,3.3771819081964174,0.9906098214493375,1.0
100018871|F|0-15:C>A-15:C>A,,,0.09782608695652174,-2.747653143958041,1.5060315876784098,-1.8244326124617518,0.071519415977364,3.3285543574140126,0.9906098214493375,1.0
100020644|F|0-30:T>A-30:T>A,Vu08 (old5),17202857.0,0.1793478260869565,2.5015750232095257,1.371971361320737,1.8233434703778135,0.07168565826104212,3.3245814109694085,0.9906098214493375,1.0
100040910|F|0-51:A>G-51:A>G,,,0.12637362637362637,1.8375023114163043,1.0079431334235702,1.8230218059773482,0.07173481738956235,3.323408505068912,0.9906098214493375,1.0
100017161|F|0-55:C>T-55:C>T,,,0.059782608695652176,-2.691972852414427,1.4773807511304835,-1.82212530544651,0.07187197551627157,3.3201406287485375,0.9906098214493375,1.0
100013419|F|0-62:G>T-62:G>T,,,0.19021739130434784,-2.023610118414832,1.1129815536141427,-1.8181883714457256,0.07247688768346358,3.30580895406046,0.9906098214493375,1.0
100022081|F|0-44:A>C-44:A>C,,,0.3423913043478261,-1.5409210437827063,0.8547486811145953,-1.8027767434204633,0.07488582073301661,3.250003986617691,0.9906098214493375,1.0
100046183|F|0-19:T>A-19:T>A,,,0.08152173913043478,2.7507660406410763,1.5303126308252053,1.797519007052666,0.07572270726886092,3.2310745807156027,0.9906098214493375,1.0
100013622|F|0-50:C>T-50:C>T,,,0.1956521739130435,1.892073720507942,1.0612590120576857,1.782857623832453,0.07809748775030802,3.1785813068575,0.9906098214493375,1.0
100013227|F|0-14:G>A-14:G>A,,,0.10326086956521739,-2.353056415664064,1.3202241470715042,-1.7823158445356182,0.07818641129576527,3.176649769682714,0.9906098214493375,1.0
100052891|F|0-8:C>T-8:C>T,,,0.40217391304347827,1.8668696235169524,1.0491961082484578,1.7793333475412236,0.07867743826320892,3.166027161672257,0.9906098214493375,1.0
100052894|F|0-30:A>C-30:A>C,,,0.41304347826086957,1.7704557776467513,0.9956777811044106,1.778141293544738,0.07887440620396653,3.1617864598089542,0.9906098214493375,1.0
100041653|F|0-45:T>C-45:T>C,,,0.4404761904761905,1.8770167158156426,1.0601031896257995,1.770598121186864,0.08013027704355807,3.1350177067504528,0.9906098214493375,1.0
100043273|F|0-46:A>T-46:A>T,,,0.20652173913043478,1.9361807064054737,1.0960238777574103,1.766549749232763,0.08081108240571729,3.1206980165143383,0.9906098214493375,1.0
100046294|F|0-6:C>G-6:C>G,,,0.4615384615384615,-1.6923876640236362,0.9581045158172324,-1.7663914907864553,0.0808377931105467,3.120138898722796,0.9906098214493375,1.0
100017056|F|0-15:G>A-15:G>A,,,0.09239130434782608,-2.467864995202722,1.3980209230304315,-1.765256123530136,0.08102963317836125,3.116129181660643,0.9906098214493375,1.0
100021184|F|0-17:T>G-17:T>G,,,0.09239130434782608,-2.467864995202722,1.3980209230304315,-1.765256123530136,0.08102963317836125,3.116129181660643,0.9906098214493375,1.0
100013355|F|0-21:A>G-21:A>G,,,0.31521739130434784,1.5485396164352965,0.8787122100894925,1.7622830303878279,0.08153377096878847,3.1056414791929057,0.9906098214493375,1.0
100013715|F|0-6:A>G-6:A>G,,,0.1358695652173913,2.005472419268151,1.1386362592297652,1.7612933041713956,0.08170216897356372,3.1021541033189926,0.9906098214493375,1.0
100014340|F|0-44:A>G-44:A>G,,,0.07065217391304347,-2.8759439888791394,1.6347832772842135,-1.759220337546397,0.0820558063540807,3.0948561960368592,0.9906098214493375,1.0
100015327|F|0-43:T>G-43:T>G,Vu05 (old1),38169638.0,0.23369565217391305,-1.8777253038083708,1.069160308798122,-1.7562617021568852,0.08256272080877378,3.0844551664629996,0.9906098214493375,1.0
100038956|F|0-22:A>T-22:A>T,Vu08 (old5),7476338.0,0.059782608695652176,-3.041734835890982,1.734771423128218,-1.7533922886543685,0.08305681252062858,3.074384517912604,0.9906098214493375,1.0
100017892|F|0-32:A>G-32:A>G,,,0.42391304347826086,-1.6422825242202563,0.9394232867289977,-1.7481816210225771,0.08396028130459245,3.0561389800811254,0.9906098214493375,1.0
100030370|F|0-33:G>A-33:G>A,,,0.1793478260869565,2.1211463364449425,1.2202234886484205,1.7383260986021738,0.085691242034536,3.0217776250814543,0.9906098214493375,1.0
100029240|F|0-46:A>G-46:A>G,Vu11 (old9),8096401.0,0.2717391304347826,-1.6659862161755534,0.9621099647109703,-1.731596467432947,0.08688996643004486,2.998426326026261,0.9906098214493375,1.0
100020803|F|0-42:G>T-42:G>T,,,0.06395348837209303,-2.5842954463901253,1.492781851238163,-1.731194309635145,0.08696203523061566,2.997033737713106,0.9906098214493375,1.0
100019656|F|0-61:T>G-61:T>G,,,0.32065217391304346,1.6909387609108522,0.9801583321202233,1.7251689910681152,0.08804769293908116,2.976208047742978,0.9906098214493375,1.0
100058582|F|0-53:G>A-53:G>A,,,0.28804347826086957,-1.5566943131366835,0.9026514275373061,-1.7245796834153304,0.088154470260925,2.9741750844489214,0.9906098214493375,1.0
100038609|F|0-8:A>T-8:A>T,,,0.4782608695652174,-1.5653986498895054,0.9108884057870461,-1.7185405368475788,0.0892548429110563,2.9533815767883644,0.9906098214493375,1.0
100017285|F|0-30:C>T-30:C>T,Vu07 (old2),34134592.0,0.24456521739130435,1.921000393874605,1.1183105823862103,1.7177700221486276,0.08939604193630836,2.950733848992497,0.9906098214493375,1.0
100018213|F|0-23:A>G-23:A>G,,,0.25274725274725274,1.3379825692310003,0.7797694555248841,1.7158694274968334,0.08974511389918788,2.944207892218311,0.9906098214493375,1.0
100014994|F|0-36:G>A-36:G>A,Vu09 (old8),3414321.0,0.4402173913043478,1.5060260928516427,0.8787377573873411,1.7138515788024773,0.09011694224509235,2.937287234163744,0.9906098214493375,1.0
100021166|F|0-38:T>C-38:T>C,,,0.3641304347826087,-1.6270146480593681,0.9499579866514909,-1.7127227423966778,0.09032550213340151,2.9334191923227966,0.9906098214493375,1.0
100035865|F|0-64:G>A-64:G>A,,,0.38372093023255816,-1.2450072029719652,0.7272273552659677,-1.7119917092731347,0.09046077593159614,2.9309156126199496,0.9906098214493375,1.0
100020710|F|0-41:C>A-41:C>A,,,0.07065217391304347,2.564575324044438,1.5073647587391892,1.7013634617473314,0.0924462705332421,2.894637628968863,0.9906098214493375,1.0
100043121|F|0-26:C>T-26:C>T,,,0.45108695652173914,-1.5945912362411367,0.9380163372944801,-1.6999610484828178,0.09271089854838305,2.8898675663588014,0.9906098214493375,1.0
100045179|F|0-31:C>T-31:C>T,,,0.14130434782608695,-2.3913092963518228,1.4082801297639882,-1.6980352458374735,0.09307529514550592,2.883323696106329,0.9906098214493375,1.0
100030288|F|0-38:C>G-38:C>G,,,0.21739130434782608,1.7327135299421978,1.0221824280130116,1.6951118337167714,0.0936306915361773,2.8734041288066354,0.9906098214493375,1.0
100035075|F|0-30:T>C-30:T>C,,,0.19021739130434784,-1.9365141437720714,1.1434218879030236,-1.69361297370609,0.09391649536573421,2.8683249047055854,0.9906098214493375,1.0
100013697|F|0-16:T>C-16:T>C,,,0.4076086956521739,1.6666227690268638,0.9849749484146948,1.6920458451347142,0.09421607736356793,2.863019142037649,0.9906098214493375,1.0
100034659|F|0-55:C>T-55:C>T,,,0.22777777777777777,1.8011480524645445,1.0654213646291506,1.6905499666711525,0.09450276534358906,2.857959189811835,0.9906098214493375,1.0
100029189|F|0-11:C>A-11:C>A,,,0.3423913043478261,-1.6809092585670453,1.0009293348174093,-1.6793485814597278,0.09667220495506848,2.8202116580508,0.9906098214493375,1.0
100028611|F|0-14:A>C-14:A>C,,,0.10869565217391304,-2.341612000065262,1.3945481307107008,-1.6791188116769487,0.09671712652998589,2.819439983727408,0.9906098214493375,1.0
100036188|F|0-25:T>C-25:T>C,,,0.266304347826087,2.1636911601466537,1.2917093636129922,1.6750603665941337,0.09751338364180047,2.8058272317344737,0.9906098214493375,1.0
100032753|F|0-47:A>G-47:A>G,,,0.266304347826087,-1.6639003739426623,0.9940384054495331,-1.673879364037447,0.09774609211758284,2.8018721253504077,0.9906098214493375,1.0
100020867|F|0-34:T>C-34:T>C,,,0.25,-1.9582442068314652,1.1717176572168866,-1.6712594495526931,0.09826394000847996,2.793108147719171,0.9906098214493375,1.0
100016185|F|0-62:C>T-62:C>T,,,0.41847826086956524,-1.613671043371205,0.9699436684892094,-1.663675011028908,0.09977564452668972,2.767814542322037,0.9906098214493375,1.0
100059433|F|0-8:T>C-8:T>C,,,0.12637362637362637,2.1935723091350647,1.3195554832972736,1.662357011054828,0.1000402584396141,2.7634308322031416,0.9906098214493375,1.0
100021572|F|0-58:T>G-58:T>G,,,0.266304347826087,1.76586593590821,1.063805083833869,1.6599525258369414,0.10052447165691762,2.7554423880324417,0.9906098214493375,1.0
100052578|F|0-7:G>A-7:G>A,,,0.11956521739130435,2.7332557907241903,1.649697323064584,1.6568225895200692,0.10115762053547975,2.745061093143988,0.9906098214493375,1.0
100020050|F|0-34:T>G-34:T>G,,,0.125,-1.911581901932567,1.1569118257505495,-1.6523142554035382,0.10207527853023862,2.7301423986097486,0.9906098214493375,1.0
100029321|F|0-48:C>A-48:C>A,,,0.059782608695652176,-2.8523909238276843,1.7280074824323903,-1.6506820443928758,0.10240916753324279,2.724751211681044,0.9906098214493375,1.0
100018124|F|0-61:T>A-61:T>A,,,0.483695652173913,1.482044506327257,0.899221967385292,1.6481409041158814,0.10293074824599635,2.7163684398199153,0.9906098214493375,1.0
100021859|F|0-23:T>A-23:T>A,,,0.14835164835164835,1.6104355715657743,0.9778926456141745,1.6468429114264638,0.1031979952965436,2.7120915749155916,0.9906098214493375,1.0
100043241|F|0-28:A>C-28:A>C,,,0.4945652173913043,-1.937396928401202,1.1770205762511454,-1.6460178925434623,0.1033681520921916,2.709374902573221,0.9906098214493375,1.0
100014429|F|0-23:C>T-23:C>T,,,0.42391304347826086,1.5924249048993369,0.9677470214565164,1.645497087144369,0.10347568286453541,2.707660663800603,0.9906098214493375,1.0
100012992|F|0-18:G>T-18:G>T,,,0.27717391304347827,-1.5859468943158652,0.9676071878035394,-1.639040009526957,0.1048164035717758,2.6864521528301273,0.9906098214493375,1.0
100019105|F|0-61:T>C-61:T>C,,,0.13043478260869565,-1.9476665414208407,1.1901528550967735,-1.6364843667601607,0.1053509071015628,2.6780810826504045,0.9906098214493375,1.0
100032747|F|0-16:T>A-16:T>A,,,0.10869565217391304,-2.0925907303671463,1.2795811132725614,-1.6353716920807717,0.10558430552334865,2.6744405712591264,0.9906098214493375,1.0
100015847|F|0-7:G>A-7:G>A,,,0.059782608695652176,-2.582398002985361,1.5801399669967586,-1.6342843399458538,0.10581279520894464,2.670885303792255,0.9906098214493375,1.0
100035739|F|0-60:C>T-60:C>T,,,0.2826086956521739,-1.7266869687183146,1.0591052545802278,-1.630326127881105,0.10664792188891914,2.657963283251797,0.9906098214493375,1.0
100014259|F|0-39:T>A-39:T>A,,,0.41304347826086957,1.4822229928541124,0.9113832244655284,1.6263443884687994,0.10749336629562316,2.6449960699039528,0.9906098214493375,1.0
100014015|F|0-51:C>G-51:C>G,,,0.44021739130434784,-1.590758198911415,0.9806552997466997,-1.622137971744305,0.10839237337125525,2.6313315993747275,0.9906098214493375,1.0
100034899|F|0-59:G>C-59:G>C,,,0.42934782608695654,1.5083980468697462,0.9310348576281665,1.620130583201177,0.10882352643004006,2.624823106623786,0.9906098214493375,1.0
100033004|F|0-55:C>G-55:C>G,,,0.06521739130434782,-2.4628042682675075,1.5238489743702262,-1.616173459240166,0.10967749080428911,2.6120166503523246,0.9906098214493375,1.0
100039187|F|0-27:A>C-27:A>C,,,0.06043956043956044,2.3265923494702236,1.4429990254805907,1.6123311993889617,0.11051181489329899,2.5996118965230477,0.9906098214493375,1.0
100029934|F|0-27:G>C-27:G>C,,,0.28804347826086957,-1.4644204281861553,0.908363726501464,-1.6121520327835273,0.11055084396759994,2.599034176808059,0.9906098214493375,1.0
100016722|F|0-34:C>T-34:C>T,,,0.25,-1.797107110139613,1.118313941572189,-1.606979081037958,0.11168248642399847,2.5823817668936,0.9906098214493375,1.0
100016325|F|0-60:C>T-60:C>T,Vu09 (old8),1016914.0,0.2391304347826087,1.8256457421857804,1.1409064221375769,1.6001713258527295,0.11318590920323934,2.560548272081282,0.9906098214493375,1.0
100034541|F|0-64:G>T-64:G>T,,,0.07608695652173914,2.002795655543586,1.2525329315491,1.598996405680592,0.11344701227585438,2.5567895053794527,0.9906098214493375,1.0
100019698|F|0-15:C>A-15:C>A,Vu07 (old2),37885937.0,0.2608695652173913,-1.5794262458193167,0.9882590968740882,-1.598190445010948,0.11362640025122073,2.5542126985242923,0.9906098214493375,1.0
100030431|F|0-51:C>T-51:C>T,,,0.09239130434782608,-2.1811594843855366,1.3708732415677147,-1.5910730607675936,0.11522044598162252,2.5315134847003584,0.9906098214493375,1.0
100041891|F|0-46:G>A-46:G>A,,,0.09782608695652174,-2.144331703898199,1.3477303231447169,-1.5910688266586879,0.11522139957218894,2.5315000111650536,0.9906098214493375,1.0
100020903|F|0-13:G>T-13:G>T,,,0.25,-1.5611426198498901,0.9896219115717578,-1.5775142017322756,0.11830662965600502,2.488551056667019,0.9906098214493375,1.0
100013882|F|0-67:C>T-67:C>T,,,0.29347826086956524,-1.4316827601336235,0.911170493321012,-1.5712567193824079,0.11975299110123494,2.4688476782043667,0.9906098214493375,1.0
100021866|F|0-51:G>C-51:G>C,,,0.2391304347826087,1.4427609069222138,0.9199767059555765,1.5682580847779437,0.12045107521227781,2.459433420471384,0.9906098214493375,1.0
100017042|F|0-9:A>G-9:A>G,,,0.2717391304347826,1.8349167635924306,1.1718913291594597,1.5657738204348066,0.12103186474340655,2.45164765675901,0.9906098214493375,1.0
100038435|F|0-28:C>A-28:C>A,,,0.2717391304347826,1.8349167635924306,1.1718913291594597,1.5657738204348066,0.12103186474340655,2.45164765675901,0.9906098214493375,1.0
100013521|F|0-57:C>G-57:C>G,Vu02 (old7),20518913.0,0.08152173913043478,2.12854396837676,1.3613980601113609,1.5634986053988116,0.12156573462954098,2.4445278890840285,0.9906098214493375,1.0
100043219|F|0-41:C>T-41:C>T,,,0.32065217391304346,1.8169322978728102,1.1642964881342666,1.5605409072257561,0.12226254510440389,2.435287923124986,0.9906098214493375,1.0
100015799|F|0-68:C>T-68:C>T,,,0.21195652173913043,-1.8179852351170773,1.1659954038378904,-1.5591701555024602,0.1225865585384919,2.431011573809566,0.9906098214493375,1.0
100033379|F|0-46:C>G-46:C>G,,,0.30978260869565216,-1.9836973841268413,1.2732916804553391,-1.5579284892660694,0.12288064797739832,2.4271411776668574,0.9906098214493375,1.0
100021815|F|0-12:C>A-12:C>A,,,0.14130434782608695,1.7593623504340064,1.1319704743921035,1.5542475623128138,0.12375577318329405,2.415685484955324,0.9906098214493375,1.0
100034184|F|0-46:T>C-46:T>C,,,0.19565217391304346,-1.8018878435398227,1.159597273987124,-1.5538910654250386,0.12384079103567343,2.4145774432077616,0.9906098214493375,1.0
100015338|F|0-49:G>T-49:G>T,,,0.07142857142857142,2.2094384334698796,1.4222284527321458,1.5535045928981932,0.1239330098942331,2.413376520155781,0.9906098214493375,1.0
100035177|F|0-15:C>A-15:C>A,,,0.4402173913043478,-1.384532129637301,0.8929788837993934,-1.5504645795726726,0.1246603105696361,2.4039404125094643,0.9906098214493375,1.0
100035362|F|0-6:C>A-6:C>A,,,0.1793478260869565,1.8599431290918318,1.2053614251527105,1.5430584472671263,0.12644634807975688,2.381029371682435,0.9906098214493375,1.0
100017048|F|0-68:G>T-68:G>T,,,0.16304347826086957,-1.6541884047890547,1.0740300162072416,-1.5401696226615211,0.12714847836961202,2.3721224665693326,0.9906098214493375,1.0
100015393|F|0-56:G>A-56:G>A,,,0.07608695652173914,2.4267432331461865,1.58026565474376,1.535655239903118,0.12825187725389212,2.358237015841903,0.9906098214493375,1.0
100029224|F|0-12:A>G-12:A>G,,,0.10326086956521739,-1.9845478284063476,1.2949043197067507,-1.5325825995049398,0.1290072089662263,2.3488094243053186,0.9906098214493375,1.0
100041652|F|0-42:T>C-42:T>C,,,0.34782608695652173,2.023051151609079,1.3222945721801498,1.5299549693178789,0.12965593104749656,2.3407622081404718,0.9906098214493375,1.0
100021950|F|0-63:C>T-63:C>T,,,0.08152173913043478,2.271647564778969,1.485947434069554,1.5287536508324684,0.12995337539902008,2.3370877249336006,0.9906098214493375,1.0
100018520|F|0-35:A>G-35:A>G,,,0.07692307692307691,2.0770870399943244,1.3610480925662174,1.526093788558225,0.1306138698257787,2.3289622514759967,0.9906098214493375,1.0
100040506|F|0-18:G>A-18:G>A,,,0.09239130434782608,-1.8994663850766231,1.245412762226473,-1.5251701626060687,0.13084384245746336,2.3261440249038223,0.9906098214493375,1.0
100030808|F|0-36:G>C-36:G>C,,,0.15760869565217392,1.7570749632377207,1.1532291932521241,1.5236129760839145,0.1312322879046702,2.321396500891283,0.9906098214493375,1.0
100035121|F|0-58:G>A-58:G>A,,,0.06321839080459771,2.1442408016572623,1.4101814716474732,1.520542458377509,0.13200090357581032,2.312049367728718,0.9906098214493375,1.0
100038773|F|0-28:C>G-28:C>G,,,0.44565217391304346,1.2862759822419334,0.8465258879945001,1.5194762505010246,0.13226862648996474,2.3088080758366525,0.9906098214493375,1.0
100019409|F|0-55:T>C-55:T>C,Vu08 (old5),17257027.0,0.20108695652173914,2.2042359582557114,1.451957940551708,1.518112816283202,0.13261160565524277,2.304666522963315,0.9906098214493375,1.0
100038543|F|0-16:T>C-16:T>C,Vu08 (old5),28171940.0,0.29891304347826086,-1.3624917295673098,0.9001128815780306,-1.513689846520873,0.13372905200518545,2.291256951460384,0.9906098214493375,1.0
100019065|F|0-15:C>T-15:C>T,,,0.40217391304347827,-1.499663128052882,0.9923800633190332,-1.5111782103292477,0.134366898542185,2.283659583373908,0.9906098214493375,1.0
100040243|F|0-44:T>G-44:T>G,,,0.358695652173913,1.3020149767723872,0.8633229147192336,1.5081436558368466,0.135140733126192,2.274497286640929,0.9906098214493375,1.0
100014614|F|0-54:G>A-54:G>A,,,0.14673913043478262,-1.8317814781766961,1.2152569419452082,-1.5073203163477875,0.13535129404052199,2.2720145360747943,0.9906098214493375,1.0
100030290|F|0-11:A>C-11:A>C,,,0.4945652173913043,-1.6810803670954653,1.1183541229565266,-1.503173576765911,0.13641570342126066,2.2595308018872218,0.9906098214493375,1.0
100022139|F|0-65:T>C-65:T>C,,,0.4945652173913043,-1.6810803670954653,1.1183541229565266,-1.503173576765911,0.13641570342126066,2.2595308018872218,0.9906098214493375,1.0
100058921|F|0-26:G>A-26:G>A,,,0.13636363636363635,-1.8208208044957186,1.2121446207425228,-1.5021481540547028,0.1366799258840145,2.256449076729951,0.9906098214493375,1.0
100033932|F|0-52:T>C-52:T>C,,,0.11956521739130435,-1.835887903864711,1.222733462699403,-1.5014620601056092,0.13685693711645808,2.2543883179365802,0.9906098214493375,1.0
100029037|F|0-30:A>C-30:A>C,,,0.2717391304347826,-1.5820713091929348,1.0571614322695082,-1.4965276455427938,0.13813531410161223,2.2395949938738577,0.9906098214493375,1.0
100034157|F|0-53:C>A-53:C>A,,,0.20652173913043478,1.4269625911486883,0.9542362226883052,1.4953976355336869,0.13842938335144775,2.2362140883597412,0.9906098214493375,1.0
100036086|F|0-33:A>G-33:A>G,,,0.44021739130434784,1.3833880102132945,0.9273042243656514,1.4918383566726876,0.1393588431957014,2.225581682439865,0.9906098214493375,1.0
100043501|F|0-12:T>G-12:T>G,,,0.44021739130434784,1.3833880102132945,0.9273042243656514,1.4918383566726876,0.1393588431957014,2.225581682439865,0.9906098214493375,1.0
100016517|F|0-35:T>A-35:T>A,,,0.2391304347826087,1.5359066159822354,1.029893827359225,1.4913251979774358,0.1394932501692207,2.224050846122438,0.9906098214493375,1.0
100030222|F|0-14:T>A-14:T>A,,,0.12087912087912088,-1.754572204915382,1.1770378255548095,-1.4906676462061408,0.13966562504865862,2.222090031445756,0.9906098214493375,1.0
100033927|F|0-14:A>G-14:A>G,,,0.2717391304347826,1.5000257259221068,1.0080112066911193,1.4881042154740185,0.14033921215645193,2.214454156111544,0.9906098214493375,1.0
100046329|F|0-5:T>C-5:T>C,,,0.07065217391304347,2.2422093433924544,1.509561219076117,1.485338464620026,0.14106881046819572,2.2062303544797763,0.9906098214493375,1.0
100045252|F|0-36:A>T-36:A>T,,,0.28804347826086957,-1.3743542583460586,0.9256889963414292,-1.4846825054395965,0.14124228530766542,2.2042821419583976,0.9906098214493375,1.0
100032947|F|0-56:G>C-56:G>C,,,0.23333333333333336,1.5694883973192746,1.057760909255881,1.4837837015771231,0.1414802535918119,2.201614073065909,0.9906098214493375,1.0
100021948|F|0-23:C>G-23:C>G,,,0.4945652173913043,-1.4010691018398123,0.9445428363644105,-1.4833303984736073,0.14160038944548398,2.2002690710358705,0.9906098214493375,1.0
100019334|F|0-53:T>C-53:T>C,Vu04 (old11),4731471.0,0.09239130434782608,1.9865450660482784,1.3413675935731348,1.4809848363464038,0.14222329201044043,2.1933160854879845,0.9906098214493375,1.0
100045226|F|0-27:G>T-27:G>T,,,0.22282608695652173,-1.413126902931281,0.9552653614425476,-1.4793029873890915,0.14267125083939347,2.1883373284982905,0.9906098214493375,1.0
100021294|F|0-38:G>A-38:G>A,,,0.43478260869565216,-1.4496514184897156,0.9834183340320908,-1.474094358751716,0.14406555556907572,2.1729541785036326,0.9906098214493375,1.0
100038935|F|0-11:A>T-11:A>T,,,0.14130434782608695,-2.0079018424507447,1.364665775145805,-1.471350625933456,0.14480429066752892,2.1648726644347724,0.9906098214493375,1.0
100019651|F|0-27:G>T-27:G>T,Vu05 (old1),41749633.0,0.07065217391304347,-2.3238029259418167,1.5840048268874012,-1.4670428312444808,0.145970093506223,2.152214668705822,0.9906098214493375,1.0
100035736|F|0-29:C>T-29:C>T,Vu04 (old11),30896897.0,0.40217391304347827,-1.4203674537757969,0.9683422553622362,-1.466803132787454,0.1460351762495053,2.1515114303550895,0.9906098214493375,1.0
100039240|F|0-17:G>A-17:G>A,,,0.29120879120879123,1.3915066147349757,0.9491812366172223,1.4660072924472807,0.14625142425746362,2.149177381508607,0.9906098214493375,1.0
100033340|F|0-7:A>T-7:A>T,,,0.2717391304347826,-1.391364801023451,0.952175856260308,-1.4612477221256874,0.1475499152986352,2.1352449054175104,0.9906098214493375,1.0
100015009|F|0-50:G>A-50:G>A,,,0.33152173913043476,1.3974617068823916,0.957068991368899,1.4601473033658705,0.14785140020281057,2.1320301475266237,0.9906098214493375,1.0
100028807|F|0-29:G>A-29:G>A,,,0.14673913043478262,1.691155090615587,1.1582099537726975,1.460145533292042,0.14785188554051584,2.132024978392702,0.9906098214493375,1.0
100022134|F|0-54:T>C-54:T>C,,,0.2967032967032967,1.2765192873242837,0.8762650705009967,1.4567729906139535,0.148778856337235,2.122187546182322,0.9906098214493375,1.0
100019787|F|0-26:A>G-26:A>G,,,0.29347826086956524,1.764844300491042,1.2134177937443653,1.4544407619448898,0.14942252416101928,2.1153979300068317,0.9906098214493375,1.0
100013794|F|0-60:G>A-60:G>A,,,0.44021739130434784,1.5091277715069638,1.0409675941794738,1.4497355921021824,0.1507276736133984,2.1017332870078653,0.9906098214493375,1.0
100019098|F|0-17:C>A-17:C>A,,,0.29891304347826086,1.4987446026200273,1.0345504211620715,1.4486916944430257,0.15101843114784527,2.098707625548205,0.9906098214493375,1.0
100044112|F|0-18:T>G-18:T>G,,,0.16666666666666674,1.5850707281830665,1.0962126133962606,1.445951915543315,0.15178361176362515,2.090776942063382,0.9906098214493375,1.0
100058466|F|0-43:T>C-43:T>C,,,0.46153846153846156,-1.6455268809944448,1.138734351236872,-1.4450489521169747,0.15203645338825275,2.0881664740143666,0.9906098214493375,1.0
100015850|F|0-28:G>T-28:G>T,,,0.09782608695652174,-1.9645691643511392,1.3610823620549897,-1.4433874239505924,0.1525025553574125,2.083367255618727,0.9906098214493375,1.0
100034179|F|0-50:C>T-50:C>T,,,0.42934782608695654,-1.4178657158136474,0.9850307140105916,-1.4394126961186327,0.15362205842909737,2.071908909747511,0.9906098214493375,1.0
100054560|F|0-33:A>G-33:A>G,,,0.09340659340659341,2.1397363890692915,1.4877443029630855,1.4382420317843982,0.15395299110248784,2.068540141991314,0.9906098214493375,1.0
100019856|F|0-16:C>T-16:C>T,Vu07 (old2),39191443.0,0.07608695652173914,-2.1059686825618322,1.467707110515072,-1.4348698507175393,0.1549093470985633,2.0588514884981732,0.9906098214493375,1.0
100033573|F|0-7:C>G-7:C>G,,,0.09782608695652174,1.9694653528176285,1.3751009584875253,1.4322332776088273,0.155660275609102,2.0512921614901245,0.9906098214493375,1.0
100015160|F|0-27:A>C-27:A>C,,,0.15217391304347827,2.112556426580097,1.4765159634912195,1.4307711388266748,0.15607792052457828,2.04710605169938,0.9906098214493375,1.0
100058466|F|0-35:C>T-35:C>T,,,0.33152173913043476,-1.0833878882464931,0.7574393506347037,-1.430329553565784,0.15620422471007936,2.045842631803695,0.9906098214493375,1.0
100035010|F|0-32:A>C-32:A>C,,,0.125,-1.8365486290092674,1.285303545881795,-1.4288831886395252,0.15661847277615942,2.041707166776657,0.9906098214493375,1.0
100032801|F|0-46:T>A-46:T>A,,,0.22282608695652173,1.4856726569131375,1.0423788296315821,1.4252713262012746,0.1576566333965928,2.0313983532915403,0.9906098214493375,1.0
100021798|F|0-27:T>C-27:T>C,,,0.2391304347826087,-1.4041373421903869,0.9854779726052817,-1.4248287442471257,0.15778420903636228,2.030136950432841,0.9906098214493375,1.0
100014460|F|0-15:A>T-15:A>T,,,0.3858695652173913,1.389195976000521,0.9751482724288323,1.4245997406531903,0.15785025126774177,2.029484421069137,0.9906098214493375,1.0
100034728|F|0-40:G>C-40:G>C,,,0.2391304347826087,-1.3089382958412499,0.9198424683085561,-1.4230026781087626,0.1583114197741614,2.0249366219047107,0.9906098214493375,1.0
100016864|F|0-56:A>G-56:A>G,,,0.13736263736263735,-1.617623501038712,1.1368209398645908,-1.4229360529120714,0.15833068102408637,2.024747010676985,0.9906098214493375,1.0
100019588|F|0-22:A>G-22:A>G,,,0.22282608695652173,-1.4871848561342125,1.0465742381472651,-1.42100273628649,0.15889038664532276,2.019248776533692,0.9906098214493375,1.0
100044509|F|0-10:A>G-10:A>G,,,0.22527472527472528,1.99780019947163,1.4066227466424515,1.4202814537446475,0.1590995915926705,2.0171994078510096,0.9906098214493375,1.0
100035727|F|0-32:C>A-32:C>A,Vu08 (old5),17172753.0,0.22826086956521738,1.854485742347783,1.3077986510458033,1.4180208404900954,0.15975664668865025,2.0107831040642363,0.9906098214493375,1.0
100030265|F|0-5:T>C-5:T>C,,,0.32608695652173914,1.3202318562520796,0.9339291956378142,1.4136316354800809,0.16103834341100923,1.9983544008300882,0.9906098214493375,1.0
100019784|F|0-32:C>G-32:C>G,,,0.1793478260869565,-1.5317177516761555,1.0840951074548637,-1.4128997918569877,0.16125281643301106,1.996285821829519,0.9906098214493375,1.0
100029346|F|0-46:T>A-46:T>A,,,0.20000000000000007,-1.4112576389547447,1.0058640479868983,-1.4030302025200991,0.16416666126152887,1.9684937491835903,0.9906098214493375,1.0
100016359|F|0-20:G>C-20:G>C,Vu08 (old5),32438045.0,0.06521739130434782,-1.9587683942470597,1.3980448040237614,-1.4010769816600013,0.1647480740572709,1.9630167085374997,0.9906098214493375,1.0
100053981|F|0-26:G>A-26:G>A,,,0.22282608695652173,1.9769376657744762,1.4180222625313004,1.3941513599691024,0.16682233102909372,1.943658014503698,0.9906098214493375,1.0
100035349|F|0-16:C>T-16:C>T,,,0.375,1.5322237048646408,1.0999835384920058,1.3929514863151529,0.16718371981311275,1.9403138432275935,0.9906098214493375,1.0
100013779|F|0-68:G>C-68:G>C,Vu08 (old5),35689785.0,0.20652173913043478,-1.4226958720824532,1.0216868368062737,-1.392497016531707,0.16732075727797022,1.939047941049705,0.9906098214493375,1.0
100038655|F|0-21:A>T-21:A>T,,,0.2391304347826087,1.34535873166244,0.9663289291965703,1.3922368367684121,0.16739924859806676,1.9383234096549142,0.9906098214493375,1.0
100015099|F|0-66:G>T-66:G>T,,,0.2717391304347826,1.3797486310620566,0.9923628853630674,1.3903670234072283,0.167964163989073,1.933120459778276,0.9906098214493375,1.0
100013847|F|0-11:C>A-11:C>A,,,0.31521739130434784,1.2385753102344563,0.8922349369000874,1.3881717236243487,0.16862927383296877,1.9270207342701953,0.9906098214493375,1.0
100034357|F|0-15:T>C-15:T>C,,,0.30434782608695654,-1.4270230042722405,1.0290788765841774,-1.3866993451551153,0.1690764855167208,1.9229350738536255,0.9906098214493375,1.0
100015188|F|0-39:T>C-39:T>C,,,0.14130434782608695,-1.7306372919563489,1.249799968154395,-1.3847314258713066,0.16967562244567977,1.9174811217955818,0.9906098214493375,1.0
100021425|F|0-50:G>C-50:G>C,,,0.16304347826086957,1.5228901756590845,1.1013840417845395,1.382705866331231,0.1702939978737648,1.9118755127868001,0.9906098214493375,1.0
100016658|F|0-38:T>C-38:T>C,Vu02 (old7),33337276.0,0.06521739130434782,-2.138990183626699,1.5478019204661941,-1.3819534368987216,0.17052414133858815,1.909795301756189,0.9906098214493375,1.0
100017662|F|0-28:T>C-28:T>C,,,0.09239130434782608,1.8214731030759037,1.3212553678997294,1.378592774212393,0.1715549524215421,1.9005180371106216,0.9906098214493375,1.0
100015053|F|0-21:C>T-21:C>T,,,0.3956043956043956,-1.1311162786086273,0.8207394381650852,-1.3781673281564815,0.17168578652527466,1.899345184397975,0.9906098214493375,1.0
100057957|F|0-57:C>A-57:C>A,,,0.375,-1.7065947236640882,1.2413263908566388,-1.3748154685460026,0.17271921607539661,1.8901175725533645,0.9906098214493375,1.0
100013996|F|0-45:C>T-45:C>T,Vu06 (old6),24104002.0,0.1477272727272727,1.4451031543507344,1.0511385764384849,1.3747979445746328,0.17272463139132008,1.890069388406635,0.9906098214493375,1.0
100017336|F|0-39:A>G-39:A>G,Vu07 (old2),40087974.0,0.2826086956521739,-1.414475714850541,1.0292470530596431,-1.374282015815084,0.17288412329806388,1.8886510589927705,0.9906098214493375,1.0
100030153|F|0-21:A>T-21:A>T,,,0.11956521739130435,-1.7202031632230623,1.252177756981163,-1.3737691423063187,0.17304278171889098,1.8872416563530388,0.9906098214493375,1.0
100040647|F|0-14:T>A-14:T>A,,,0.12637362637362637,-1.7884473134046157,1.3051370049476605,-1.370313849522899,0.17411457055853133,1.8777600461942663,0.9906098214493375,1.0
100038944|F|0-45:C>T-45:C>T,,,0.07608695652173914,-1.962839167618125,1.4390799322753964,-1.3639542346439286,0.1761004178968941,1.8603711542031052,0.9906098214493375,1.0
100051260|F|0-23:G>A-23:G>A,,,0.05434782608695652,-2.0941235108881577,1.536444136190844,-1.362967557076246,0.1764100503319123,1.8576805616423901,0.9906098214493375,1.0
100034936|F|0-34:G>C-34:G>C,,,0.17391304347826086,-1.3924252222315725,1.0237130371878511,-1.3601714266105052,0.1772897555154548,1.8500663097676568,0.9906098214493375,1.0
100021620|F|0-68:T>C-68:T>C,Vu02 (old7),26207208.0,0.4402173913043478,-1.4035561410223043,1.032290588932364,-1.3596521716563532,0.17745348635688238,1.8486540278898373,0.9906098214493375,1.0
100015287|F|0-63:T>C-63:T>C,,,0.44021739130434784,-1.3294088439615834,0.9782085914823913,-1.3590238887055555,0.17765174890501123,1.84694593007237,0.9906098214493375,1.0
100020485|F|0-47:G>T-47:G>T,,,0.4565217391304348,1.2106387951704034,0.8915691783118487,1.3578742116934779,0.17801497823711895,1.843822374782184,0.9906098214493375,1.0
100016631|F|0-38:C>G-38:C>G,,,0.33152173913043476,-1.4200880993855134,1.045820783092098,-1.3578694575057573,0.17801648144345963,1.8438094636269795,0.9906098214493375,1.0
100022089|F|0-61:C>T-61:C>T,,,0.06024096385542168,-1.9817214216818262,1.4644347015404189,-1.353233039067758,0.1794870308115637,1.8312396580245605,0.9906098214493375,1.0
100035981|F|0-12:G>A-12:G>A,,,0.29891304347826086,-1.224521578951991,0.9073824175612931,-1.3495099257521985,0.18067454000608132,1.8211770397037044,0.9906098214493375,1.0
100015478|F|0-48:C>T-48:C>T,,,0.14130434782608695,-1.5149617906414226,1.1233613492560153,-1.3485970401641094,0.18096661443381526,1.8187139767393965,0.9906098214493375,1.0
100016083|F|0-25:C>A-25:C>A,,,0.23626373626373628,1.3062672782442017,0.9686926179203098,1.3484848073361315,0.18100254752275924,1.8184112756163637,0.9906098214493375,1.0
100033982|F|0-15:A>G-15:A>G,,,0.45108695652173914,1.3293268730021581,0.98874864646453,1.3444537979955111,0.1822967132691917,1.8075560149445546,0.9906098214493375,1.0
100017864|F|0-18:T>C-18:T>C,,,0.18478260869565216,-1.4695641171428262,1.0941543183560123,-1.3431049829889392,0.1827313088851094,1.8039309953297187,0.9906098214493375,1.0
100035150|F|0-22:T>A-22:T>A,,,0.07065217391304347,-2.1801206573444447,1.6257845418420438,-1.3409653008967153,0.1834223284073296,1.7981879382090182,0.9906098214493375,1.0
100013537|F|0-44:C>G-44:C>G,,,0.2391304347826087,-1.281900514580222,0.9577953024315542,-1.3383867213859393,0.18425770646136577,1.7912790159822038,0.9906098214493375,1.0
100033136|F|0-68:A>G-68:A>G,,,0.15760869565217392,-1.4951462449215438,1.1192295544629653,-1.3358709470810506,0.18507549606462367,1.784551187255223,0.9906098214493375,1.0
100019377|F|0-46:G>A-46:G>A,,,0.19021739130434784,-1.6729654637347808,1.2542619160085262,-1.3338246520780181,0.18574268664277238,1.7790882024910462,0.9906098214493375,1.0
100030229|F|0-11:A>T-11:A>T,,,0.34444444444444444,1.1581136008617225,0.8740931281028899,1.3249315932448338,0.18866327701641014,1.7554437267782936,0.9906098214493375,1.0
100050516|F|0-63:C>G-63:C>G,,,0.42391304347826086,1.2689048429085803,0.9585302396590112,1.3238026203116786,0.18903649690541294,1.7524533775440663,0.9906098214493375,1.0
100021961|F|0-53:A>T-53:A>T,,,0.2608695652173913,-1.2697469943081814,0.9637628352047577,-1.3174890625850035,0.19113386778679395,1.7357774300311113,0.9906098214493375,1.0
100059450|F|0-16:C>T-16:C>T,,,0.09523809523809525,-1.5641296666896896,1.1903339711203582,-1.3140258991495553,0.1922917088329709,1.726664063635797,0.9906098214493375,1.0
100040977|F|0-30:G>T-30:G>T,,,0.32065217391304346,-1.46506992993154,1.1157386663891045,-1.3130941626976018,0.19260411041377176,1.724216280110516,0.9906098214493375,1.0
100034940|F|0-27:A>C-27:A>C,,,0.30434782608695654,-1.3417921920011897,1.0269700705542262,-1.3065543295502888,0.1948075350825416,1.7070842160666047,0.9906098214493375,1.0
100019248|F|0-30:G>A-30:G>A,Vu02 (old7),25315767.0,0.16292134831460672,-1.3605414087518928,1.0417948178896985,-1.305959086557812,0.19500901680392474,1.7055291357629145,0.9906098214493375,1.0
100029242|F|0-37:C>T-37:C>T,,,0.3791208791208791,-1.0220375550036123,0.7825990130305254,-1.3059530334007048,0.195011066514225,1.7055133254485024,0.9906098214493375,1.0
100015701|F|0-21:C>G-21:C>G,,,0.059782608695652176,-2.059746830145718,1.5777134362041425,-1.3055265822552105,0.19515551117446286,1.7043996569749709,0.9906098214493375,1.0
100018000|F|0-38:T>A-38:T>A,,,0.3695652173913043,-1.1552944183160545,0.8875954293825564,-1.3016002337007517,0.1964891697099006,1.6941631683698515,0.9906098214493375,1.0
100038943|F|0-17:C>T-17:C>T,,,0.42391304347826086,-1.1215742525794266,0.8660831550262315,-1.294996035970076,0.19874770982351947,1.6770147331782106,0.9906098214493375,1.0
100017287|F|0-5:C>A-5:C>A,,,0.13043478260869565,-1.4851441202994424,1.1478613428814324,-1.29383581868115,0.1991464733668515,1.6740111257023218,0.9906098214493375,1.0
100016472|F|0-40:C>G-40:C>G,,,0.47282608695652173,1.267591304099184,0.9808608739462094,1.2923252805460552,0.19966653213584068,1.6701046307384404,0.9906098214493375,1.0
100034022|F|0-63:A>C-63:A>C,,,0.1867469879518072,-1.4212508869501594,1.1006571999286425,-1.2912747829590372,0.20002879940232102,1.6673905651059087,0.9906098214493375,1.0
100059264|F|0-28:T>G-28:T>G,Vu03 (old3),7290112.0,0.30978260869565216,-1.4949868505658013,1.1597982892802938,-1.2890059110998575,0.20081289240582295,1.6615362388503738,0.9906098214493375,1.0
100016054|F|0-59:T>A-59:T>A,,,0.1793478260869565,-1.4120056110464203,1.0965777301932398,-1.2876475348424188,0.20128342046665212,1.658036173985758,0.9906098214493375,1.0
100032976|F|0-16:C>T-16:C>T,,,0.1630434782608695,1.312165916768396,1.0193342273374562,1.2872774028159817,0.20141177224739398,1.6570831118006593,0.9906098214493375,1.0
100043408|F|0-39:C>A-39:C>A,,,0.06043956043956044,-2.177615126832523,1.6977950289609018,-1.2826136781454027,0.2030342320920216,1.6450978473656788,0.9906098214493375,1.0
100041050|F|0-49:T>A-49:T>A,,,0.34782608695652173,1.0753514148292405,0.8437841907099558,1.274438922497997,0.20590146995356023,1.6241945671778557,0.9906098214493375,1.0
100016651|F|0-34:T>C-34:T>C,,,0.3967391304347826,1.0825827429607766,0.8506654138007178,1.2726304906694952,0.20653978771413217,1.61958836578168,0.9906098214493375,1.0
100013640|F|0-30:A>G-30:A>G,,,0.08152173913043478,-1.9458479871261556,1.5367306401329195,-1.2662258019127213,0.20881218937986212,1.6033277814295142,0.9906098214493375,1.0
100039949|F|0-62:A>T-62:A>T,,,0.4945652173913043,1.3993714028899433,1.1105657749729627,1.260052699646729,0.21101981515565327,1.5877328058870097,0.9906098214493375,1.0
100040451|F|0-37:G>A-37:G>A,,,0.3858695652173913,1.1789231463348373,0.9378134802002437,1.2570976758439338,0.21208264858373996,1.5802945666122201,0.9906098214493375,1.0
100015126|F|0-46:T>G-46:T>G,,,0.06521739130434782,2.190255070707734,1.744994736466278,1.2551642849898423,0.21278015749561738,1.5754373823140622,0.9906098214493375,1.0
100018004|F|0-47:G>A-47:G>A,Vu08 (old5),35769922.0,0.33152173913043476,-1.2148234185048172,0.969182519133945,-1.2534516404509393,0.21339943407965425,1.5711410149491507,0.9906098214493375,1.0
100017594|F|0-13:G>T-13:G>T,,,0.42934782608695654,-1.1977828773770054,0.956519282497227,-1.252230769723639,0.21384169694055222,1.5680819006426574,0.9906098214493375,1.0
100035901|F|0-29:T>A-29:T>A,,,0.38888888888888895,1.0621735249954356,0.8488557813620289,1.2513003366615805,0.21417919958284368,1.5657525325293846,0.9906098214493375,1.0
100033311|F|0-46:C>T-46:C>T,,,0.48913043478260865,-1.208622018368348,0.9662285692168233,-1.2508655372796489,0.21433705139626802,1.5646645923539046,0.9906098214493375,1.0
100041311|F|0-41:A>G-41:A>G,,,0.34065934065934067,-1.2402167394784231,0.9916518470559125,-1.2506574188919912,0.21441263796542337,1.5641439794295775,0.9906098214493375,1.0
100019259|F|0-35:C>T-35:C>T,,,0.11931818181818181,-1.4407890232195457,1.154899690801769,-1.2475447302434577,0.21554547013047126,1.5563678539582215,0.9906098214493375,1.0
100038883|F|0-23:A>G-23:A>G,,,0.41847826086956524,1.2368283051898707,0.9915639613889592,1.247351006441734,0.21561611869732814,1.5558845332712066,0.9906098214493375,1.0
100021963|F|0-68:T>G-68:T>G,,,0.34782608695652173,-1.3016032871548193,1.0452751041962973,-1.2452255697370793,0.21639235256026332,1.5505867195270338,0.9906098214493375,1.0
100046200|F|0-31:A>C-31:A>C,,,0.3423913043478261,-1.2640493954444187,1.016378439433497,-1.2436798601798038,0.21695814727341325,1.5467395946168563,0.9906098214493375,1.0
100016298|F|0-19:G>A-19:G>A,,,0.44021739130434784,-1.1786048910992502,0.9486786304794369,-1.2423647515951894,0.21744038419664746,1.5434701760061769,0.9906098214493375,1.0
100015600|F|0-30:C>A-30:C>A,,,0.30434782608695654,-1.296809552933277,1.0460978572802004,-1.2396637120593228,0.2184332861504654,1.5367661189966997,0.9906098214493375,1.0
100038568|F|0-15:C>T-15:C>T,,,0.30434782608695654,-1.296809552933277,1.0460978572802004,-1.2396637120593228,0.2184332861504654,1.5367661189966997,0.9906098214493375,1.0
100018771|F|0-36:T>G-36:T>G,,,0.3858695652173913,1.1466271116972688,0.9254210576366676,1.239032872912483,0.21866565923253464,1.5352024601577614,0.9906098214493375,1.0
100021703|F|0-41:T>C-41:T>C,Vu07 (old2),38780837.0,0.266304347826087,-1.3492013064057857,1.0890279873272704,-1.2389041623411732,0.21871309266358271,1.5348835234662839,0.9906098214493375,1.0
100019852|F|0-38:G>A-38:G>A,,,0.46195652173913043,-1.1598125816758977,0.9361648613149638,-1.2388977941842338,0.21871543970201124,1.5348677444345602,0.9906098214493375,1.0
100014449|F|0-27:C>G-27:C>G,,,0.3641304347826087,-1.0808259045784419,0.872538469039912,-1.2387143294297576,0.2187830651018968,1.5344131899346138,0.9906098214493375,1.0
100020451|F|0-6:A>G-6:A>G,,,0.31521739130434784,1.053012016530885,0.8520540395250948,1.2358512109370399,0.2198403954905703,1.5273282155745478,0.9906098214493375,1.0
100022245|F|0-8:T>C-8:T>C,,,0.3804347826086957,1.068455423197371,0.8651566619253706,1.2349849110790727,0.22016104813086565,1.525187730592985,0.9906098214493375,1.0
100044383|F|0-11:A>T-11:A>T,,,0.24456521739130435,-1.269787348272994,1.0282261786136329,-1.2349299936956093,0.22018138677634433,1.5250520893290376,0.9906098214493375,1.0
100017697|F|0-59:C>T-59:C>T,,,0.08152173913043478,1.8507060575246919,1.4988689253185785,1.234735090082231,0.2202535803721181,1.524570742680375,0.9906098214493375,1.0
100054559|F|0-11:G>A-11:G>A,,,0.12637362637362637,1.2819720869959184,1.0394998586092978,1.2332585486938052,0.22080106232578295,1.5209266479263508,0.9906098214493375,1.0
100042001|F|0-12:C>A-12:C>A,,,0.28804347826086957,1.1665142241355562,0.9465609781494432,1.2323709206945426,0.22113066037372614,1.5187380861735145,0.9906098214493375,1.0
100018445|F|0-45:A>G-45:A>G,,,0.391304347826087,1.1557511582928401,0.9390470190836911,1.230770275401764,0.22172592577253644,1.514795470812534,0.9906098214493375,1.0
100030094|F|0-15:T>A-15:T>A,Vu03 (old3),33492365.0,0.358695652173913,1.4217777980499473,1.159735371510121,1.2259501891354871,0.22352552369474477,1.5029538662413366,0.9906098214493375,1.0
100041804|F|0-41:G>A-41:G>A,,,0.372093023255814,1.1070705154091631,0.9037078832657081,1.2250313800611856,0.2238697673771781,1.500701882134613,0.9906098214493375,1.0
100015812|F|0-66:A>T-66:A>T,,,0.4673913043478261,1.2074486520395322,0.9873345666799778,1.2229376877786347,0.22465563651239967,1.4955765881893532,0.9906098214493375,1.0
100033656|F|0-39:G>A-39:G>A,,,0.09239130434782608,-1.5946922804191668,1.3044877188257538,-1.222466304132509,0.22483284700382314,1.494423864739396,0.9906098214493375,1.0
100051143|F|0-41:A>G-41:A>G,,,0.42934782608695654,-1.1196721639672798,0.916569585529135,-1.2215899170611184,0.22516258320574603,1.49228192546539,0.9906098214493375,1.0
100020367|F|0-37:A>T-37:A>T,,,0.10326086956521739,-1.5862863226608512,1.2992846377997542,-1.2208920790036537,0.22542539242449766,1.4905774685738638,0.9906098214493375,1.0
100014153|F|0-9:C>A-9:C>A,,,0.20108695652173914,-1.299978350195243,1.0664270132068945,-1.2190035830825658,0.22613772652309655,1.485969735568134,0.9906098214493375,1.0
100015585|F|0-38:T>C-38:T>C,,,0.3858695652173913,1.1438645457989884,0.9396279771450378,1.2173589693173061,0.22675939912814744,1.4819628601772938,0.9906098214493375,1.0
100015479|F|0-29:T>C-29:T>C,,,0.46195652173913043,1.0231215830319693,0.8409830094690356,1.2165781847102108,0.22705497351288342,1.480062479512792,0.9906098214493375,1.0
100041207|F|0-27:C>A-27:C>A,,,0.21739130434782608,1.1730152640282894,0.9644108155540304,1.2163024772326105,0.22715941227259404,1.479391716122185,0.9906098214493375,1.0
100034798|F|0-34:C>G-34:C>G,,,0.07142857142857142,2.283607036454962,1.8776438390560328,1.2162088405450862,0.2271948900354734,1.4791639438200228,0.9906098214493375,1.0
100029970|F|0-30:G>A-30:G>A,,,0.21739130434782608,1.755275185138045,1.446642764491514,1.2133439078548278,0.22828232018541833,1.4722034387284249,0.9906098214493375,1.0
100019488|F|0-31:C>T-31:C>T,,,0.07303370786516854,-1.4773443835910902,1.218239060232785,-1.2126884055981546,0.22853165565696984,1.4706131690721944,0.9906098214493375,1.0
100017001|F|0-30:T>G-30:T>G,,,0.45652173913043476,-0.9164058808434676,0.7574568671398565,-1.2098456302915304,0.22961525413654318,1.4637264491355104,0.9906098214493375,1.0
100020363|F|0-42:C>T-42:C>T,,,0.059782608695652176,1.8713199906329927,1.5495875396120855,1.2076245728598514,0.2304644524960024,1.4583571089749385,0.9906098214493375,1.0
100040807|F|0-22:G>A-22:G>A,Vu10 (old10),38975128.0,0.32065217391304346,1.5460040803442714,1.2804827859052537,1.207360299850735,0.23056564555768427,1.4577188936556564,0.9906098214493375,1.0
100017856|F|0-8:G>C-8:G>C,,,0.24456521739130435,-1.3263299584247739,1.0993447712930513,-1.2064731584294,0.23090557678503285,1.455577482010612,0.9906098214493375,1.0
100015098|F|0-61:T>G-61:T>G,,,0.08426966292134831,1.4882757045143964,1.2351248288074959,1.204959749656491,0.2314863145238295,1.4519279982922335,0.9906098214493375,1.0
100019329|F|0-51:C>A-51:C>A,,,0.32608695652173914,-1.306544094892545,1.0856506455929444,-1.2034664191434772,0.23206038134682305,1.4483314220060235,0.9906098214493375,1.0
100035489|F|0-68:C>A-68:C>A,,,0.07142857142857142,1.8845235104374922,1.5709606237880827,1.199599456473524,0.23355169719538746,1.439038855971574,0.9906098214493375,1.0
100059522|F|0-10:G>T-10:G>T,,,0.19021739130434784,-1.1666628496399343,0.9729610217892108,-1.1990848795715563,0.23375066658382163,1.4378045484171336,0.9906098214493375,1.0
100059435|F|0-20:G>A-20:G>A,,,0.32065217391304346,-1.1648604778673457,0.9751693857473972,-1.1945211723136324,0.235520647475833,1.4268808311055348,0.9906098214493375,1.0
100016297|F|0-36:A>G-36:A>G,,,0.4945652173913043,-1.0684718426442612,0.8946004275451666,-1.1943565079397598,0.2355846905130008,1.4264874680580575,0.9906098214493375,1.0
100030838|F|0-17:T>C-17:T>C,,,0.20224719101123598,1.150247043887886,0.9661464406586157,1.1905514479810848,0.2370680886362669,1.4174127502898577,0.9906098214493375,1.0
100015006|F|0-61:G>T-61:G>T,,,0.30434782608695654,1.0971130660176156,0.9223819213725327,1.1894347022598595,0.2375047225911697,1.4147549109400006,0.9906098214493375,1.0
100019497|F|0-27:C>T-27:C>T,,,0.07608695652173914,-1.763861030614444,1.4838877477598822,-1.188675513546909,0.23780188592979626,1.4129494765060076,0.9906098214493375,1.0
100017645|F|0-21:T>C-21:T>C,,,0.08241758241758242,-1.6127628141672707,1.35949576450816,-1.1862948427432123,0.238735465358168,1.4072954539191427,0.9906098214493375,1.0
100019141|F|0-40:G>A-40:G>A,,,0.16847826086956522,1.2184725017154012,1.0291441737671305,1.1839667684803032,0.23965096073450023,1.401777308865692,0.9906098214493375,1.0
100022102|F|0-51:T>G-51:T>G,,,0.48913043478260865,0.9957577263358481,0.8415782719206374,1.183202750783174,0.23995195228781027,1.3999687494608697,0.9906098214493375,1.0
100054119|F|0-9:A>T-9:A>T,,,0.21195652173913043,1.20983352098811,1.0226283783993504,1.1830627298665217,0.24000714415088303,1.3996374227992265,0.9906098214493375,1.0
100019637|F|0-48:C>G-48:C>G,,,0.059782608695652176,-1.8069711656881693,1.528131409041093,-1.182471059096972,0.24024046274907246,1.3982378056019147,0.9906098214493375,1.0
100018369|F|0-55:T>C-55:T>C,,,0.32608695652173914,1.1464833598969066,0.969729985649439,1.1822707112940247,0.2403195044528331,1.397764034783679,0.9906098214493375,1.0
100018705|F|0-34:T>C-34:T>C,Vu07 (old2),39159477.0,0.358695652173913,-1.2204224700309174,1.0322929144371333,-1.1822443542551713,0.24032990428346587,1.397701713168227,0.9906098214493375,1.0
100030012|F|0-16:C>G-16:C>G,,,0.12087912087912088,1.4273672658097094,1.2082700229786771,1.1813313569519044,0.24069034942372297,1.3955437749178277,0.9906098214493375,1.0
100016024|F|0-58:G>A-58:G>A,,,0.32608695652173914,1.104261386560698,0.9355310677170235,1.1803577932002056,0.24107513240098968,1.3932445199684593,0.9906098214493375,1.0
100040251|F|0-68:A>C-68:A>C,,,0.28804347826086957,1.1373097419377567,0.9651447253806978,1.1783825907447705,0.24185714793400123,1.3885855301703571,0.9906098214493375,1.0
100035151|F|0-30:T>C-30:T>C,,,0.06521739130434782,-2.0902880568021853,1.7800614777352437,-1.1742785757386538,0.2434877982794647,1.3789301734388013,0.9906098214493375,1.0
100029682|F|0-15:A>G-15:A>G,,,0.1793478260869565,1.4655959847950206,1.248491884564882,1.1738930808555497,0.24364136996591326,1.378024965280534,0.9906098214493375,1.0
100013726|F|0-64:C>G-64:C>G,Vu01 (old4),328264.0,0.4945652173913043,-1.0581917898409048,0.9058768905475513,-1.168140837770227,0.24594114916082105,1.3645530168665276,0.9906098214493375,1.0
100040405|F|0-35:T>A-35:T>A,,,0.059782608695652176,2.0399900947623335,1.7463912171378133,1.168117472616304,0.2459505221484076,1.3644984298315015,0.9906098214493375,1.0
100021768|F|0-13:C>T-13:C>T,,,0.32608695652173914,-1.163197157898639,0.9957890035489726,-1.1681160906105883,0.2459510765512982,1.3644952011433642,0.9906098214493375,1.0
100013153|F|0-63:C>A-63:C>A,,,0.11413043478260869,-1.47643858285521,1.264553094340867,-1.167557605499187,0.2461751903819099,1.3631907621589952,0.9906098214493375,1.0
100043228|F|0-41:G>A-41:G>A,,,0.30434782608695654,-1.3084020566180259,1.122106270104453,-1.1660233005348337,0.24679163925731462,1.3596103373901471,0.9906098214493375,1.0
100035290|F|0-26:T>C-26:T>C,,,0.13043478260869565,1.2908518590550144,1.1095025989310572,1.163450955679308,0.24782761583771926,1.3536181262710951,0.9906098214493375,1.0
100013356|F|0-7:G>A-7:G>A,,,0.33695652173913043,0.9616608317730265,0.827833145961673,1.161660216752845,0.2485506370760017,1.3494544591862667,0.9906098214493375,1.0
100016006|F|0-20:G>A-20:G>A,Vu07 (old2),32542535.0,0.05434782608695652,-2.043938925160209,1.7623153740769744,-1.1598031517092888,0.24930202188047237,1.3451433507147996,0.9906098214493375,1.0
100013031|F|0-8:C>T-8:C>T,,,0.391304347826087,1.1384574123445264,0.9817038903004657,1.1596749524911059,0.24935395194448862,1.3448459954352487,0.9906098214493375,1.0
100032842|F|0-24:A>C-24:A>C,Vu05 (old1),2448565.0,0.30434782608695654,-1.6394169228376219,1.4140652814213273,-1.1593643832269085,0.24947978710581772,1.34412577309511,0.9906098214493375,1.0
100033945|F|0-15:G>T-15:G>T,,,0.3913043478260869,1.8187280186266102,1.5697130393009469,1.1586372624110706,0.24977457545752502,1.34244030584742,0.9906098214493375,1.0
100013548|F|0-31:T>C-31:T>C,,,0.19021739130434784,-1.206216745350434,1.0415377592921036,-1.1581113930715838,0.24998792692128338,1.3412219987622045,0.9906098214493375,1.0
100049952|F|0-5:T>A-5:T>A,,,0.06521739130434782,2.3274301618570887,2.0099629101893113,1.157946820838538,0.2500547224377315,1.340840839890077,0.9906098214493375,1.0
100049953|F|0-26:C>T-26:C>T,,,0.06521739130434782,2.3274301618570887,2.0099629101893113,1.157946820838538,0.2500547224377315,1.340840839890077,0.9906098214493375,1.0
100049954|F|0-52:G>A-52:G>A,,,0.06521739130434782,2.3274301618570887,2.0099629101893113,1.157946820838538,0.2500547224377315,1.340840839890077,0.9906098214493375,1.0
100035171|F|0-38:C>T-38:C>T,,,0.2554347826086957,-1.1065030312210393,0.9557602259010246,-1.15772031649246,0.2501466752980847,1.340316331219402,0.9906098214493375,1.0
100033749|F|0-66:A>C-66:A>C,,,0.22826086956521738,1.6288559272488143,1.407543749590258,1.157232894340216,0.250344633155645,1.3391879717430333,0.9906098214493375,1.0
100034369|F|0-66:G>A-66:G>A,,,0.22826086956521738,1.6288559272488143,1.407543749590258,1.157232894340216,0.250344633155645,1.3391879717430333,0.9906098214493375,1.0
100014488|F|0-28:T>A-28:T>A,,,0.059782608695652176,1.844105914658352,1.600625222317336,1.1521159912677823,0.25242949068500703,1.3273712573349445,0.9906098214493375,1.0
100022068|F|0-50:T>C-50:T>C,,,0.10326086956521739,-1.6290988305416687,1.4156862675873385,-1.1507484870345146,0.25298875259053794,1.3242220804122244,0.9906098214493375,1.0
100018804|F|0-63:G>A-63:G>A,,,0.08152173913043478,-1.6644757076109207,1.4491733681853327,-1.148569069893405,0.2538818726538063,1.3192109083158015,0.9906098214493375,1.0
100020454|F|0-11:G>A-11:G>A,,,0.40217391304347827,-1.1338466503738776,0.9874155798587186,-1.1482973061212085,0.2539933971827438,1.3185867032452245,0.9906098214493375,1.0
100034034|F|0-18:A>G-18:A>G,,,0.17391304347826086,1.3889602418774483,1.2107117385492805,1.147226212196267,0.2544332830154289,1.3161279819501943,0.9906098214493375,1.0
100017220|F|0-61:C>T-61:C>T,,,0.3967391304347826,1.0499375374738125,0.9153814573762384,1.1469945442015537,0.25452849725153776,1.3155964844281298,0.9906098214493375,1.0
100014679|F|0-16:C>A-16:C>A,Vu07 (old2),38481917.0,0.42934782608695654,1.0340550437016478,0.9015560491636456,1.1469670073878586,0.2545398164028447,1.3155333160362601,0.9906098214493375,1.0
100033468|F|0-18:T>A-18:T>A,Vu04 (old11),40488211.0,0.17391304347826086,-1.1466360648930904,0.9997675964538891,-1.1469026091264953,0.25456628903571776,1.3153855948211626,0.9906098214493375,1.0
100012937|F|0-46:C>T-46:C>T,,,0.07065217391304347,-1.8524780780473253,1.6164600288259154,-1.1460092084014208,0.2549337463894667,1.3133371057408512,0.9906098214493375,1.0
100044112|F|0-25:G>A-25:G>A,,,0.1467391304347826,1.3754446192745649,1.2059359057304526,1.140561959170988,0.2571823289378263,1.3008815827079623,0.9906098214493375,1.0
100047522|F|0-17:A>C-17:A>C,,,0.45108695652173914,1.001745741945726,0.8786920007917836,1.1400419499017398,0.25739771466284483,1.299695647535761,0.9906098214493375,1.0
100036033|F|0-33:T>C-33:T>C,,,0.059782608695652176,-1.9444055085570435,1.7105005071518553,-1.1367465256088478,0.2587656261820812,1.2921926634837868,0.9906098214493375,1.0
100013478|F|0-51:G>A-51:G>A,,,0.43478260869565216,-0.9685749379117907,0.8542192524562692,-1.1338715852243986,0.25996317628469473,1.2856647717792906,0.9906098214493375,1.0
100042005|F|0-34:A>G-34:A>G,,,0.24456521739130435,1.0385582107641091,0.9168162064439572,1.1327877970137015,0.2604156372902605,1.283208193063155,0.9906098214493375,1.0
100012983|F|0-45:A>T-45:A>T,,,0.08152173913043478,1.6954123036731243,1.502475353226754,1.1284127223997478,0.26224778221982,1.2733152720736103,0.9906098214493375,1.0
100038915|F|0-9:A>C-9:A>C,,,0.125,-1.4798919481318902,1.311718122402194,-1.1282088147274458,0.2623333927820503,1.2728551296287083,0.9906098214493375,1.0
100043366|F|0-29:G>T-29:G>T,,,0.125,-1.4798919481318902,1.311718122402194,-1.1282088147274458,0.2623333927820503,1.2728551296287083,0.9906098214493375,1.0
100022286|F|0-67:T>G-67:T>G,,,0.10869565217391304,-1.4246105569344738,1.2636514964913999,-1.1273761483209461,0.26268319129405276,1.270976979802972,0.9906098214493375,1.0
100029178|F|0-32:G>A-32:G>A,,,0.2608695652173913,-1.3191883775701263,1.171159835411582,-1.1263948247563687,0.26309586029116855,1.2687653012379305,0.9906098214493375,1.0
100015553|F|0-28:T>C-28:T>C,,,0.2608695652173913,-1.3191883775701263,1.171159835411582,-1.1263948247563687,0.26309586029116855,1.2687653012379305,0.9906098214493375,1.0
100013352|F|0-68:T>C-68:T>C,,,0.391304347826087,-1.0238182322782212,0.9091952283817004,-1.1260708375037793,0.2632322042427841,1.268035531076463,0.9906098214493375,1.0
100016303|F|0-55:T>G-55:T>G,,,0.3858695652173913,-0.9024238599193942,0.8038479884558553,-1.1226299908430417,0.26468328141758624,1.260298096340248,0.9906098214493375,1.0
100034447|F|0-52:A>T-52:A>T,,,0.08695652173913043,-1.620305805815989,1.4445266452392151,-1.1216863400589365,0.2650822169304074,1.258180245474812,0.9906098214493375,1.0
100016587|F|0-41:C>T-41:C>T,Vu03 (old3),57417157.0,0.30978260869565216,-0.9928984872149367,0.8870958113888886,-1.119268600378574,0.26610625720778575,1.2527621997934117,0.9906098214493375,1.0
100020292|F|0-58:T>C-58:T>C,Vu07 (old2),39103737.0,0.30978260869565216,-1.1859059334016582,1.0598019206406417,-1.118988284796453,0.2662251646091414,1.2521347815117077,0.9906098214493375,1.0
100038434|F|0-16:C>A-16:C>A,,,0.08695652173913043,1.8598703073536105,1.6622589164001136,1.1188812338462024,0.26627058449447066,1.2518952154532004,0.9906098214493375,1.0
100046856|F|0-65:C>A-65:C>A,,,0.06521739130434782,1.8326392816652837,1.6393771263592887,1.1178875514355806,0.2666924458420352,1.2496725776546378,0.9906098214493375,1.0
100021123|F|0-50:T>C-50:T>C,,,0.3277777777777778,-1.0959184663752177,0.9837681190439852,-1.114000794659029,0.2683470350220885,1.2409977705009478,0.9906098214493375,1.0
100019630|F|0-24:A>T-24:A>T,,,0.30434782608695654,-1.1644541500965906,1.0470993287973727,-1.112076111665551,0.2691690212269995,1.2367132781371712,0.9906098214493375,1.0
100020602|F|0-66:T>C-66:T>C,,,0.07065217391304346,-1.480789587150831,1.3323143671730566,-1.111441581383539,0.269440398942936,1.2353023888283419,0.9906098214493375,1.0
100040569|F|0-37:C>T-37:C>T,,,0.07065217391304347,1.7982229250703874,1.619501609476757,1.1103557505270856,0.26990523313639797,1.2328898927285674,0.9906098214493375,1.0
100017927|F|0-49:C>T-49:C>T,,,0.13043478260869565,-1.7105186082185166,1.547383802063873,-1.1054262077301424,0.2720225602581627,1.221967100736644,0.9906098214493375,1.0
100014023|F|0-11:A>G-11:A>G,,,0.09239130434782608,1.702053689472592,1.5422987177508074,1.1035823799132514,0.2728174821867637,1.2178940692549958,0.9906098214493375,1.0
100017031|F|0-21:G>T-21:G>T,,,0.21739130434782608,-1.1847498897917752,1.0748935403094144,-1.1022020743102967,0.27341362479073933,1.2148494126139209,0.9906098214493375,1.0
100035442|F|0-6:A>T-6:A>T,,,0.34615384615384615,-1.025334694139233,0.9305635276779508,-1.1018427690775352,0.2735689542684524,1.2140574877684505,0.9906098214493375,1.0
100016888|F|0-67:C>T-67:C>T,,,0.0879120879120879,1.3563988656720105,1.2311466868439143,1.1017361945303077,0.2736150387853004,1.213822642338124,0.9906098214493375,1.0
100034797|F|0-19:G>T-19:G>T,,,0.08152173913043478,1.7368653895832589,1.5787961254005747,1.1001201242133645,0.27431451474834845,1.2102642876992284,0.9906098214493375,1.0
100022059|F|0-28:G>C-28:G>C,,,0.16847826086956522,1.3695822683705026,1.246324409176853,1.0988970915486251,0.2748446995362484,1.2075748178140273,0.9906098214493375,1.0
100013722|F|0-6:A>G-6:A>G,,,0.10869565217391304,-1.4181877977639545,1.2909059103282325,-1.0985988881276085,0.2749740786115761,1.2069195169952178,0.9906098214493375,1.0
100034779|F|0-8:A>T-8:A>T,,,0.2608695652173913,-1.188727289403578,1.0826545549883397,-1.097974680775606,0.27524503526421995,1.2055483996242937,0.9906098214493375,1.0
100014470|F|0-59:T>C-59:T>C,,,0.11413043478260869,1.3770806265503899,1.2574536277038526,1.0951343224202865,0.2764803220814232,1.19931918414294,0.9906098214493375,1.0
100013210|F|0-44:C>T-44:C>T,,,0.20652173913043478,-1.1615240551178392,1.0606716333951065,-1.0950835475819354,0.2765024392528912,1.199207976184637,0.9906098214493375,1.0
100013163|F|0-33:C>A-33:C>A,,,0.10869565217391304,-1.4322171250879852,1.3109402286572536,-1.0925113851719623,0.27762446135365787,1.1935811267303598,0.9906098214493375,1.0
100034920|F|0-44:G>C-44:G>C,,,0.10869565217391304,-1.4322171250879852,1.3109402286572536,-1.0925113851719623,0.27762446135365787,1.1935811267303598,0.9906098214493375,1.0
100013447|F|0-28:T>A-28:T>A,,,0.10869565217391304,-1.4322171250879852,1.3109402286572536,-1.0925113851719623,0.27762446135365787,1.1935811267303598,0.9906098214493375,1.0
100039167|F|0-27:C>T-27:C>T,,,0.42934782608695654,-1.069788544002169,0.9798675402874796,-1.091768529946719,0.27794909401863743,1.19195852298202,0.9906098214493375,1.0
100035304|F|0-43:G>A-43:G>A,,,0.09239130434782608,-1.6440691557417684,1.5059465001329169,-1.0917181690031224,0.27797111159757415,1.19184856053153,0.9906098214493375,1.0
100015923|F|0-54:G>A-54:G>A,Vu09 (old8),37786229.0,0.07065217391304347,-1.629430324503392,1.4929113075366591,-1.0914448274840873,0.27809063635596687,1.1912518114417692,0.9906098214493375,1.0
100028868|F|0-14:T>C-14:T>C,,,0.2608695652173913,1.0867512993822381,0.9958625109568718,1.091266402164327,0.27816867605668205,1.1908623604926747,0.9906098214493375,1.0
100029979|F|0-5:G>A-5:G>A,,,0.16304347826086957,1.2087859086680162,1.108024356674898,1.0909380298240883,0.27831233924797144,1.1901457849164634,0.9906098214493375,1.0
100018265|F|0-5:C>T-5:C>T,,,0.34444444444444444,1.2003492469120454,1.101232359684119,1.0900054256091398,0.27872063452106866,1.1881118278573621,0.9906098214493375,1.0
100035689|F|0-61:C>T-61:C>T,,,0.19021739130434784,-1.2087991090951584,1.109888346372541,-1.0891177594988617,0.27910964074095623,1.1861774940558203,0.9906098214493375,1.0
100038797|F|0-19:T>G-19:T>G,,,0.24456521739130435,-1.1020663049251638,1.0123976023042929,-1.0885706390619438,0.27934959500751017,1.184986036227729,0.9906098214493375,1.0
100030376|F|0-12:T>C-12:T>C,,,0.4782608695652174,-1.0394454052168758,0.9557095049938883,-1.087616477376693,0.2797684094128462,1.1829096018612866,0.9906098214493375,1.0
100014938|F|0-65:C>T-65:C>T,,,0.29347826086956524,1.3985663609851002,1.2870857768288888,1.0866147277541023,0.2802085787602248,1.1807315665721219,0.9906098214493375,1.0
100022600|F|0-31:A>T-31:A>T,,,0.3804347826086957,-1.0155921065074782,0.9371109902143899,-1.0837479413992719,0.281470890187758,1.1745096004871596,0.9906098214493375,1.0
100019661|F|0-30:A>T-30:A>T,,,0.3695652173913043,-0.9391291064526966,0.8668777031310642,-1.0833467086079946,0.28164787481683834,1.1736400910517752,0.9906098214493375,1.0
100046760|F|0-25:T>G-25:T>G,,,0.3804347826086957,-0.9258386684468435,0.8576704790694781,-1.0794806292637282,0.28335714633455095,1.1652784289556146,0.9906098214493375,1.0
100029801|F|0-44:C>T-44:C>T,,,0.3804347826086957,1.0444637893265063,0.9679865650862246,1.0790064934769723,0.2835672623809914,1.1642550129654714,0.9906098214493375,1.0
100028469|F|0-24:A>G-24:A>G,,,0.15217391304347827,-1.3440379555448263,1.2458804756310071,-1.078785631393818,0.2836651753441682,1.1637784385017587,0.9906098214493375,1.0
100014924|F|0-66:G>A-66:G>A,,,0.059782608695652176,-1.767751157795483,1.6398942886429333,-1.0779665311587587,0.28402850363336757,1.1620118422984471,0.9906098214493375,1.0
100017888|F|0-29:G>T-29:G>T,Vu09 (old8),42671828.0,0.06470588235294118,-1.4822309673352971,1.3751523459332533,-1.077866733615885,0.28407279272189495,1.161796695435777,0.9906098214493375,1.0
100020016|F|0-66:T>C-66:T>C,,,0.07142857142857142,-1.5278200037826621,1.418850024490643,-1.0768016192064687,0.2845457754179373,1.1595017271256727,0.9906098214493375,1.0
100015680|F|0-33:A>G-33:A>G,,,0.10869565217391304,-1.5260229523244728,1.4189513547861814,-1.075458258084137,0.28514309104404073,1.1566104648813662,0.9906098214493375,1.0
100029461|F|0-34:G>A-34:G>A,,,0.33152173913043476,-1.0288253337046072,0.9577973145495098,-1.074157672062909,0.2857222083452257,1.1538147044516078,0.9906098214493375,1.0
100049389|F|0-23:C>A-23:C>A,,,0.3131868131868132,-1.1359564209793465,1.057555455829807,-1.074134140878714,0.2857326936156774,1.153764152601253,0.9906098214493375,1.0
100014346|F|0-43:T>C-43:T>C,Vu08 (old5),21386181.0,0.10326086956521739,-1.3607637238617958,1.2672012832912956,-1.0738339218908388,0.285866491543395,1.15311929180346,0.9906098214493375,1.0
100035576|F|0-54:C>T-54:C>T,,,0.10869565217391304,-1.6068389415011295,1.4991457005360798,-1.0718364071794622,0.2867578161140831,1.1488332837553779,0.9906098214493375,1.0
100013963|F|0-19:T>C-19:T>C,,,0.07608695652173914,-1.5807971595748886,1.4748494588799563,-1.0718362813621616,0.2867578723159331,1.1488330140442669,0.9906098214493375,1.0
100014274|F|0-12:C>T-12:C>T,,,0.08152173913043478,-1.6936864801807514,1.5813084178148582,-1.0710665048638541,0.2871018686039473,1.1471834578412725,0.9906098214493375,1.0
100014059|F|0-25:C>G-25:C>G,,,0.44021739130434784,1.0164855861900273,0.9499104884517192,1.0700856539091597,0.2875405998734791,1.145083306702194,0.9906098214493375,1.0
100022113|F|0-34:G>C-34:G>C,,,0.059782608695652176,-1.7276436103660378,1.61485541749302,-1.0698441431048455,0.28764869739758464,1.1445664905357413,0.9906098214493375,1.0
100035886|F|0-65:A>C-65:A>C,,,0.1358695652173913,-1.533799374469998,1.4372868287110998,-1.0671491200162508,0.2888568516648668,1.1388072443514585,0.9906098214493375,1.0
100034297|F|0-63:T>C-63:T>C,,,0.059782608695652176,-1.656822106159974,1.5533073398921229,-1.0666415226461494,0.2890847916858016,1.1377241378328962,0.9906098214493375,1.0
100022099|F|0-31:T>C-31:T>C,,,0.20108695652173914,1.2398928682085615,1.165895529781299,1.0634682409676475,0.2905125693421769,1.1309646995468223,0.9906098214493375,1.0
100016754|F|0-66:C>A-66:C>A,Vu01 (old4),1290094.0,0.41304347826086957,0.9564765057812064,0.9003123172994884,1.06238300576647,0.29100196287714486,1.1286576509413995,0.9906098214493375,1.0
100013231|F|0-33:C>T-33:C>T,,,0.07065217391304347,1.870828956465602,1.7616451137460734,1.061978341646436,0.29118459295894555,1.1277979981261141,0.9906098214493375,1.0
100041853|F|0-21:T>C-21:T>C,,,0.15168539325842698,-1.25159490104075,1.1795574640049176,-1.0610715791592262,0.29159411106745786,1.1258728960994542,0.9906098214493375,1.0
100034576|F|0-39:C>T-39:C>T,,,0.3641304347826087,0.8906064205821403,0.8402283483630345,1.0599575964287022,0.29209775422169243,1.1235101062269117,0.9906098214493375,1.0
100033949|F|0-43:T>C-43:T>C,,,0.4782608695652174,0.9693701338203481,0.9188228266064157,1.0550131165119438,0.2943403780408421,1.1130526760122443,0.9906098214493375,1.0
100033589|F|0-16:T>C-16:T>C,,,0.15217391304347827,1.0818879915775867,1.028927574014207,1.0514714727264647,0.2959539298203586,1.1055922579575606,0.9906098214493375,1.0
100014740|F|0-25:C>T-25:C>T,,,0.14130434782608695,-1.2418855260964703,1.1823097244256147,-1.0503893357553145,0.2964481441033069,1.1033177566684906,0.9906098214493375,1.0
100029165|F|0-15:A>T-15:A>T,,,0.33152173913043476,-1.0700546400426763,1.0188979620521692,-1.0502078519103837,0.2965310831361975,1.1029365322142224,0.9906098214493375,1.0
100013288|F|0-37:A>T-37:A>T,,,0.1793478260869565,1.1419490918885853,1.0890791555644865,1.0485455405642168,0.29729150257798537,1.0994477506371056,0.9906098214493375,1.0
100029504|F|0-25:T>C-25:T>C,,,0.5,-1.1544447800991005,1.1034975921067125,-1.0461688257018518,0.298381025523861,1.0944692118703916,0.9906098214493375,1.0
100018867|F|0-57:G>A-57:G>A,,,0.24456521739130435,-1.3165248253768607,1.2587590911271094,-1.0458910165232864,0.29850855440827456,1.0938880184441133,0.9906098214493375,1.0
100018346|F|0-11:A>C-11:A>C,,,0.34782608695652173,1.1924711311785412,1.141487777175598,1.044663950873913,0.2990722843569428,1.0913227702554935,0.9906098214493375,1.0
100047334|F|0-54:C>T-54:C>T,,,0.125,-1.413439719189446,1.3533546053176269,-1.0443971695487138,0.2991949427665344,1.0907654477613646,0.9906098214493375,1.0
100017454|F|0-9:A>G-9:A>G,,,0.40760869565217395,-0.941140287678043,0.9015507076380961,-1.0439127602080915,0.2994177475905922,1.0897538509252764,0.9906098214493375,1.0
100034306|F|0-9:C>T-9:C>T,,,0.22826086956521738,-1.1992186841535424,1.148813219023516,-1.043876118672164,0.2994346055015524,1.0896773511340616,0.9906098214493375,1.0
100038400|F|0-11:G>A-11:G>A,,,0.47282608695652173,0.9147690201224217,0.8779061263412441,1.0419895620671964,0.30030343636894574,1.0857422474569878,0.9906098214493375,1.0
100029259|F|0-42:A>G-42:A>G,,,0.11956521739130435,-1.4509838775851676,1.393554113118198,-1.0412110042418556,0.30066248961835385,1.0841203553543335,0.9906098214493375,1.0
100058484|F|0-60:G>A-60:G>A,,,0.16847826086956522,1.310323442424051,1.261628995145167,1.0385964871339068,0.30187037461200633,1.0786826630868915,0.9906098214493375,1.0
100021344|F|0-55:A>T-55:A>T,,,0.16847826086956522,1.310323442424051,1.261628995145167,1.0385964871339068,0.30187037461200633,1.0786826630868915,0.9906098214493375,1.0
100033134|F|0-15:C>T-15:C>T,,,0.16847826086956522,1.310323442424051,1.261628995145167,1.0385964871339068,0.30187037461200633,1.0786826630868915,0.9906098214493375,1.0
100044126|F|0-46:C>T-46:C>T,,,0.05434782608695652,-1.7195563521146175,1.6601975286488615,-1.0357540728988224,0.30318726915000094,1.072786499526499,0.9913228719748022,1.0
100013842|F|0-67:A>G-67:A>G,,,0.09782608695652174,-1.4157716695686344,1.3673297839174023,-1.0354280921991226,0.3033385444213117,1.0721113341151147,0.9913228719748022,1.0
100017737|F|0-19:T>C-19:T>C,,,0.22282608695652173,1.4308369898115891,1.3842152740930425,1.0336809718770759,0.3041501863093252,1.0684963516207362,0.9917309710813759,1.0
100057963|F|0-26:C>T-26:C>T,,,0.16304347826086957,1.3721376605585687,1.3305123540107193,1.0312851710263142,0.30526556261553733,1.0635491039787741,0.9917309710813759,1.0
100013964|F|0-14:T>G-14:T>G,,,0.19021739130434784,-1.033997526951862,1.0052017116893763,-1.0286468028532207,0.3064970574025743,1.0581142450201528,0.9917309710813759,1.0
100014950|F|0-45:G>A-45:G>A,,,0.1793478260869565,1.1237557872548583,1.0956946123687186,1.0256103977964042,0.3079184809064726,1.0518766880680983,0.9917309710813759,1.0
100021211|F|0-55:G>A-55:G>A,Vu06 (old6),30632173.0,0.06521739130434782,-1.4052099819769552,1.3713955207551245,-1.024656972193705,0.30836571929117673,1.0499219106651714,0.9917309710813759,1.0
100017367|F|0-26:T>C-26:T>C,,,0.2608695652173913,1.0706302110306698,1.047025956867691,1.022544096455444,0.3093583961603476,1.0455964291958804,0.9917309710813759,1.0
100014414|F|0-40:G>C-40:G>C,,,0.125,-1.388939166687571,1.3584071103654956,-1.0224763666864645,0.30939025263455083,1.0454579204323533,0.9917309710813759,1.0
100041853|F|0-27:G>A-27:G>A,,,0.24175824175824176,1.3107170168080367,1.2831429539623471,1.021489470647476,0.30985468609837447,1.0434407386436606,0.9917309710813759,1.0
100033601|F|0-15:C>A-15:C>A,,,0.5,1.1254728940496541,1.1025852488563521,1.020758163794629,0.31019914126005965,1.0419472289533827,0.9917309710813759,1.0
100019045|F|0-23:G>C-23:G>C,,,0.375,-0.9334885684424492,0.9185925191962718,-1.0162161665100546,0.31234423945736894,1.0326952970763912,0.9917309710813759,1.0
100013309|F|0-13:A>C-13:A>C,,,0.05434782608695652,-1.8204549239259369,1.7922153610709135,-1.0157567909908713,0.3125617460626937,1.0317618584440726,0.9917309710813759,1.0
100020818|F|0-29:A>G-29:A>G,,,0.33152173913043476,-0.9679488403740143,0.9537685897282867,-1.014867600797975,0.31298305103151924,1.0299562471494377,0.9917309710813759,1.0
100018025|F|0-39:C>T-39:C>T,,,0.2554347826086957,1.0528256963642577,1.0377690711279886,1.0145086471115425,0.3131532337028176,1.0292277950640925,0.9917309710813759,1.0
100019182|F|0-32:C>T-32:C>T,,,0.09782608695652174,1.401522564947085,1.3904986465494988,1.0079280324543587,0.31628413509505005,1.0159189186073148,0.9917309710813759,1.0
100014678|F|0-12:C>T-12:C>T,,,0.30434782608695654,-1.074473181993589,1.0687942805330126,-1.0053133718658602,0.3175339115744373,1.0106549756523053,0.9917309710813759,1.0
100018050|F|0-8:G>T-8:G>T,,,0.2717391304347826,-0.9336781440412298,0.9301806610157453,-1.0037600040207946,0.3182779602424167,1.0075341456718256,0.9917309710813759,1.0
100033227|F|0-6:A>G-6:A>G,Vu08 (old5),23496197.0,0.43956043956043955,-0.8760114092244297,0.8761045036511613,-0.9998937404997421,0.32013490509862397,0.9997874922905656,0.9917309710813759,1.0
100041762|F|0-5:T>C-5:T>C,Vu11 (old9),27828984.0,0.3953488372093023,0.846269542717754,0.8468147670498943,0.9993561468772684,0.32039367789565937,0.9987127083013804,0.9917309710813759,1.0
100019999|F|0-68:T>C-68:T>C,,,0.21111111111111114,-1.082943561447773,1.0843755720163122,-0.9986794145815397,0.3207196233491642,0.9973605731089269,0.9917309710813759,1.0
100043978|F|0-67:T>A-67:T>A,,,0.3695652173913043,-1.0705545974295794,1.0736877139862906,-0.9970819107680027,0.32148992889508893,0.9941723367807712,0.9917309710813759,1.0
100034887|F|0-39:C>G-39:C>G,,,0.125,-1.190184535324213,1.194167748570263,-0.9966644441278715,0.32169143087623026,0.9933400141887191,0.9917309710813759,1.0
100043193|F|0-19:A>G-19:A>G,,,0.41379310344827586,-0.860553583870207,0.8689029895401278,-0.9903908655276468,0.32472964948910343,0.9808740665206013,0.9917309710813759,1.0
100018930|F|0-63:C>G-63:C>G,Vu09 (old8),30816607.0,0.09239130434782608,-1.3764956122629481,1.390057037515573,-0.990243979285294,0.32480101164600705,0.9805831385107737,0.9917309710813759,1.0
100020153|F|0-41:C>T-41:C>T,,,0.2826086956521739,-1.168572007829011,1.1809235003913214,-0.9895408190638787,0.32514277377864603,0.979191032593612,0.9917309710813759,1.0
100036115|F|0-39:C>T-39:C>T,,,0.08888888888888888,-1.3131238080770402,1.3278952191611428,-0.9888760717931991,0.325466084578947,0.9778758853651484,0.9917309710813759,1.0
100014819|F|0-24:A>T-24:A>T,,,0.2717391304347826,1.0535643168571138,1.0663608943638956,0.9879997685826475,0.325892614036977,0.976143542719365,0.9917309710813759,1.0
100013911|F|0-62:A>G-62:A>G,,,0.483695652173913,-0.8660084626300333,0.8813668292922909,-0.9825743763529313,0.3285415812598066,0.9654524050653519,0.9917309710813759,1.0
100018758|F|0-12:C>T-12:C>T,,,0.2554347826086957,0.9520984779668953,0.9728041317112291,0.9787154956795762,0.33043431387422734,0.9578840214833184,0.9917309710813759,1.0
100028279|F|0-18:C>T-18:C>T,,,0.25,1.308282037592383,1.339337062193513,0.9768131372768335,0.3313700337509523,0.95416390515661,0.9917309710813759,1.0
100039064|F|0-19:C>T-19:C>T,,,0.14130434782608695,1.3107805831740524,1.3439220518912467,0.975339738885484,0.3320959561467667,0.951287606249204,0.9917309710813759,1.0
100021940|F|0-35:G>A-35:G>A,,,0.33695652173913043,-0.8679951829159765,0.8899920825745868,-0.9752841625343709,0.3321233582661547,0.9511791976903692,0.9917309710813759,1.0
100034437|F|0-39:T>A-39:T>A,,,0.1956521739130435,-1.043171368717379,1.071698414788215,-0.9733814609808176,0.33306238846248876,0.9474714685811508,0.9917309710813759,1.0
100014420|F|0-6:A>T-6:A>T,,,0.20108695652173914,-1.1754196569299988,1.2088723248412936,-0.9723273771564862,0.33358335461654887,0.9454205283680118,0.9917309710813759,1.0
100016684|F|0-47:T>C-47:T>C,,,0.1684782608695652,1.0163214282055004,1.0463870762851233,0.9712671832813897,0.3341078797854947,0.9433599413193647,0.9917309710813759,1.0
100044127|F|0-8:G>A-8:G>A,,,0.05434782608695652,-1.9710401639328623,2.0310100812171994,-0.970472860849417,0.33450122084157113,0.9418175736452519,0.9917309710813759,1.0
100038486|F|0-9:G>A-9:G>A,,,0.06521739130434782,1.7841900991497448,1.8392359823792608,0.9700713319242983,0.33470016971702,0.9410383890213821,0.9917309710813759,1.0
100014503|F|0-24:T>A-24:T>A,,,0.09782608695652174,1.2821858650039786,1.3219280154861075,0.9699362219299704,0.3347671312293658,0.9407762746117848,0.9917309710813759,1.0
100015853|F|0-63:C>G-63:C>G,,,0.059782608695652176,-1.675380838727698,1.7323397272020513,-0.9671202550054376,0.33616474403909674,0.9353215876417827,0.9917309710813759,1.0
100021715|F|0-7:C>A-7:C>A,,,0.3641304347826087,-0.976539608393626,1.0111153121612015,-0.9658043910998915,0.336819137551215,0.9327781218678322,0.9917309710813759,1.0
100022184|F|0-19:G>C-19:G>C,,,0.16304347826086957,1.2014780885914884,1.2444417446454583,0.965475558627929,0.3369827996016098,0.9321430543079116,0.9917309710813759,1.0
100034612|F|0-26:G>A-26:G>A,,,0.125,1.0956825222864055,1.1351466799136356,0.9652343099569893,0.3371029037014648,0.9316772731181454,0.9917309710813759,1.0
100052450|F|0-8:A>G-8:A>G,,,0.08333333333333334,1.4333625580821485,1.4915213800259584,0.961007047754959,0.3392119613198771,0.9235345458347022,0.9917309710813759,1.0
100048771|F|0-11:G>A-11:G>A,Vu11 (old9),32286941.0,0.19021739130434784,-1.0742264920100228,1.1222123953822254,-0.9572399096911967,0.3410986954898777,0.9163082447056103,0.9917309710813759,1.0
100014107|F|0-10:A>C-10:A>C,,,0.08152173913043478,1.2235748259454828,1.2799381680368054,0.9559640117789645,0.34173926319502196,0.9138671918165322,0.9917309710813759,1.0
100020334|F|0-65:G>A-65:G>A,Vu08 (old5),423524.0,0.46739130434782605,0.8807716954200469,0.9235723670896023,0.9536574791595047,0.3428992496012085,0.9094625875568612,0.9917309710813759,1.0
100040460|F|0-10:G>A-10:G>A,,,0.42391304347826086,1.0113261162610951,1.060844262732884,0.9533219453492418,0.34306820713605723,0.9088227314844627,0.9917309710813759,1.0
100014038|F|0-34:G>C-34:G>C,,,0.10326086956521739,-1.29026241348684,1.3536288510538237,-0.9531877312472677,0.3431358055917879,0.9085668510003135,0.9917309710813759,1.0
100044261|F|0-5:T>A-5:T>A,Vu09 (old8),3387810.0,0.41304347826086957,0.8292506155235989,0.8705827705688257,0.952523577949721,0.343470441356256,0.9073011665501381,0.9917309710813759,1.0
100021415|F|0-54:A>G-54:A>G,,,0.20108695652173914,-1.1483956788363647,1.2070312370813772,-0.9514216729081558,0.34402610735397626,0.9052031996793538,0.9917309710813759,1.0
100048111|F|0-10:T>A-10:T>A,,,0.40217391304347827,-1.031389475586344,1.0848157441806108,-0.9507508359084325,0.3443646811499512,0.903927151980583,0.9917309710813759,1.0
100045385|F|0-50:G>A-50:G>A,,,0.2391304347826087,-0.9320526187537964,0.9830983202724914,-0.9480767076231538,0.34571647211383194,0.898849443537559,0.9917309710813759,1.0
100016306|F|0-56:A>G-56:A>G,,,0.18478260869565216,1.1838247459686475,1.2491726397356315,0.9476870596678983,0.3459137287203742,0.8981107630619867,0.9917309710813759,1.0
100020717|F|0-68:A>G-68:A>G,,,0.09782608695652174,1.2234373148518516,1.2933093482207014,0.9459742300131226,0.34678170197381963,0.8948672438489202,0.9917309710813759,1.0
100058916|F|0-28:C>T-28:C>T,,,0.125,-1.326110544746582,1.402332289433721,-0.9456464453814165,0.3469479668782814,0.8942471996625083,0.9917309710813759,1.0
100058913|F|0-33:A>C-33:A>C,,,0.125,-1.326110544746582,1.402332289433721,-0.9456464453814165,0.3469479668782814,0.8942471996625083,0.9917309710813759,1.0
100019055|F|0-38:T>A-38:T>A,,,0.20652173913043478,-0.9805998730265146,1.0378656064331162,-0.9448235561024038,0.3473655951984032,0.892691552165992,0.9917309710813759,1.0
100015288|F|0-54:A>G-54:A>G,,,0.29891304347826086,0.9770251960850898,1.0377888034134228,0.9414489661784039,0.3490816501295621,0.8863261559183855,0.9917309710813759,1.0
100015825|F|0-15:C>G-15:C>G,,,0.059782608695652176,-1.6262618074576074,1.7319433497666783,-0.9389809474291939,0.35034015497491106,0.8816852196350267,0.9917309710813759,1.0
100035374|F|0-23:A>G-23:A>G,,,0.4310344827586206,-0.8480436706633235,0.9039811257944813,-0.9381209922032431,0.3507793546897091,0.8800709960123972,0.9917309710813759,1.0
100035744|F|0-61:C>T-61:C>T,,,0.16304347826086957,-1.0093706301250207,1.0760773699661816,-0.9380093460721534,0.35083640107393427,0.8798615333187088,0.9917309710813759,1.0
100016630|F|0-66:A>T-66:A>T,,,0.14673913043478262,1.152012309807479,1.2324776451656818,0.9347125396766236,0.3525236241010639,0.8736875318287236,0.9917309710813759,1.0
100033052|F|0-65:A>G-65:A>G,,,0.391304347826087,0.8681626034990292,0.9299458052273605,0.9335625781835469,0.3531133724493424,0.8715390873847112,0.9917309710813759,1.0
100021397|F|0-9:C>T-9:C>T,,,0.4619565217391305,0.8199317983491738,0.879784143626537,0.9319692839306614,0.35393152876037764,0.8685667461902297,0.9917309710813759,1.0
100019295|F|0-19:G>T-19:G>T,,,0.14835164835164835,1.1430458664860035,1.2271534604866876,0.9314612257481414,0.3541926725894928,0.86762001507223,0.9917309710813759,1.0
100019308|F|0-53:A>G-53:A>G,,,0.12637362637362637,-1.059082828711188,1.1398314431664547,-0.9291574074926843,0.3553783972496787,0.8633334878985262,0.9917309710813759,1.0
100019075|F|0-58:G>A-58:G>A,Vu09 (old8),41940020.0,0.14130434782608695,-1.1135850446642495,1.1998888772000973,-0.9280734789897919,0.3559371518228252,0.8613203824042156,0.9917309710813759,1.0
100016003|F|0-33:A>T-33:A>T,,,0.4836956521739131,0.7908261833082262,0.8540563636567775,0.9259648624619793,0.3570257366666608,0.8574109265142322,0.9917309710813759,1.0
100021345|F|0-28:C>T-28:C>T,,,0.4945652173913043,1.0062300949207346,1.0893144976323488,0.9237278096525842,0.35818295708325903,0.8532730663255608,0.9917309710813759,1.0
100014566|F|0-58:T>A-58:T>A,,,0.07065217391304347,-1.4201404133253466,1.5382626794712386,-0.9232106013346854,0.35845084862438303,0.8523178144167514,0.9917309710813759,1.0
100040013|F|0-13:A>G-13:A>G,,,0.4945652173913043,0.7875230757684166,0.8536121254083576,0.9225771897179591,0.35877910303640964,0.851148670987887,0.9917309710813759,1.0
100035152|F|0-15:C>A-15:C>A,,,0.5,0.9012367395033141,0.9819944918819862,0.917761501672071,0.36128103283433044,0.8422861739513748,0.9917309710813759,1.0
100016574|F|0-9:G>A-9:G>A,,,0.20108695652173914,-0.9617643205064215,1.049113602830998,-0.9167399201679709,0.3618132102297455,0.8404120812295777,0.9917309710813759,1.0
100020245|F|0-28:G>T-28:G>T,,,0.2826086956521739,0.9288960892383348,1.0139050200480606,0.9161569090508139,0.36211714492585145,0.8393434820015413,0.9917309710813759,1.0
100015162|F|0-62:C>T-62:C>T,,,0.125,1.127138531221901,1.2308054436388784,0.9157731118652791,0.36231731443775067,0.838640392415417,0.9917309710813759,1.0
100021644|F|0-58:T>G-58:T>G,,,0.09444444444444446,1.1088269810917195,1.2140277803464905,0.9133456408841435,0.36358499531476546,0.8342002597220668,0.9917309710813759,1.0
100040976|F|0-5:T>C-5:T>C,,,0.32065217391304346,-0.9892333010251265,1.0832657148410372,-0.9131954306984512,0.36366353113815253,0.8339258946485298,0.9917309710813759,1.0
100058671|F|0-36:C>G-36:C>G,Vu05 (old1),1696325.0,0.3423913043478261,-0.774714715028077,0.8498036504917178,-0.9116396647387989,0.36447758188656093,0.8310868783250696,0.9917309710813759,1.0
100036015|F|0-34:G>A-34:G>A,Vu02 (old7),24184641.0,0.07608695652173914,-1.2703823354901589,1.3954137769242774,-0.9103983037133914,0.3651279513688556,0.8288250714042203,0.9917309710813759,1.0
100030242|F|0-19:A>G-19:A>G,,,0.22826086956521738,-0.8462244138681679,0.9340520383521321,-0.9059713796686201,0.36745328811487166,0.8207841407786629,0.9917309710813759,1.0
100029094|F|0-17:C>T-17:C>T,,,0.29120879120879123,0.8301172398727669,0.9173278955052184,0.9049296810227053,0.36800182388942393,0.8188977275958552,0.9917309710813759,1.0
100038514|F|0-16:A>T-16:A>T,,,0.3532608695652174,1.0385745501075072,1.1493511834537873,0.9036181152105334,0.3686932030517438,0.8165256981366368,0.9917309710813759,1.0
100021690|F|0-12:G>A-12:G>A,,,0.29347826086956524,-0.9126211203542983,1.0102156264815403,-0.903392401019224,0.3688122689602906,0.8161178302192785,0.9917309710813759,1.0
100014230|F|0-12:A>G-12:A>G,,,0.23369565217391305,-0.8772276814880765,0.9725447423735697,-0.9019921071673632,0.3695514780181196,0.8135897613922201,0.9917309710813759,1.0
100028702|F|0-38:A>G-38:A>G,,,0.42391304347826086,-0.9043503374485502,1.0027488442696537,-0.9018712338753464,0.36961533040465055,0.8133717224918398,0.9917309710813759,1.0
100045342|F|0-29:C>T-29:C>T,,,0.15217391304347827,1.095071064283166,1.216535503070146,0.9001554508845467,0.3705224601950626,0.8102798357571617,0.9917309710813759,1.0
100013978|F|0-64:G>A-64:G>A,,,0.18478260869565216,-0.851708463721858,0.9472508827059004,-0.8991371549730125,0.37106149493276336,0.8084476234529631,0.9917309710813759,1.0
100016790|F|0-63:A>T-63:A>T,,,0.25,-0.9183640979108145,1.0226677715075996,-0.8980082520415967,0.3716596578501707,0.806418820734804,0.9917309710813759,1.0
100030054|F|0-16:G>A-16:G>A,,,0.33152173913043476,-0.8343083707959313,0.9321708587840366,-0.8950165765579057,0.37324777383573815,0.8010546723134334,0.9917309710813759,1.0
100019087|F|0-12:C>A-12:C>A,,,0.06521739130434782,-1.4169113273187124,1.5838762255908543,-0.8945846300522272,0.37347742311450877,0.8002816603256803,0.9917309710813759,1.0
100015232|F|0-9:G>T-9:G>T,Vu01 (old4),18488835.0,0.3804347826086957,-0.8544098244931511,0.9558449146132773,-0.8938791339794222,0.3738526994352023,0.7990199061638018,0.9917309710813759,1.0
100017460|F|0-50:C>T-50:C>T,,,0.31521739130434784,-0.9353573081794885,1.0500745446137678,-0.8907532450694022,0.3755183157340832,0.7934413436016705,0.9917309710813759,1.0
100022261|F|0-18:G>A-18:G>A,,,0.059782608695652176,-1.5076091225818984,1.692943050297282,-0.8905255981984516,0.37563979826791855,0.79303584104671,0.9917309710813759,1.0
100014320|F|0-23:C>T-23:C>T,,,0.23369565217391305,-0.8260683553352133,0.9281297949636773,-0.890035380630725,0.3759014840703696,0.7921629787744795,0.9917309710813759,1.0
100034247|F|0-37:G>C-37:G>C,,,0.4782608695652174,-0.9124664762084541,1.0266101985986995,-0.88881493428952,0.3765534746328642,0.7899919874160837,0.9917309710813759,1.0
100016817|F|0-58:C>T-58:C>T,,,0.4945652173913043,-0.7004699210403831,0.7882238592271743,-0.8886687618504331,0.3766316108875709,0.7897321682887818,0.9917309710813759,1.0
100017989|F|0-62:A>T-62:A>T,,,0.05434782608695652,1.572435877473002,1.7696821635315618,0.8885414058392628,0.3766996971438251,0.7895058298908135,0.9917309710813759,1.0
100020887|F|0-26:A>G-26:A>G,,,0.15217391304347827,0.9670376273983902,1.0914100600605157,0.8860442676740313,0.37803626133107265,0.7850744442780104,0.9917309710813759,1.0
100013459|F|0-42:G>A-42:G>A,,,0.059782608695652176,1.582891427409752,1.787966407884058,0.8853026658834162,0.3784337667077264,0.7837608102202837,0.9917309710813759,1.0
100018408|F|0-53:G>A-53:G>A,,,0.2608695652173913,0.8701208754781181,0.9838879616603289,0.884369876840218,0.37893412181244707,0.7821100790623823,0.9917309710813759,1.0
100021903|F|0-59:G>A-59:G>A,,,0.125,-0.9123779935975241,1.0325902321570013,-0.8835818557876893,0.37935714484583066,0.780716895877217,0.9917309710813759,1.0
100016973|F|0-15:G>T-15:G>T,,,0.34782608695652173,-0.834007827180077,0.9446340046649763,-0.8828899055733931,0.3797288389897573,0.779494585363395,0.9917309710813759,1.0
100014347|F|0-68:T>C-68:T>C,,,0.10869565217391304,1.1819675018562739,1.3435643058632971,0.8797252924167329,0.3814316724736576,0.7739165901177062,0.9917309710813759,1.0
100047453|F|0-65:G>T-65:G>T,,,0.3791208791208791,0.7502500186124683,0.8531923751058532,0.8793444954537796,0.38163689480464,0.7732467416848622,0.9917309710813759,1.0
100034817|F|0-14:G>A-14:G>A,,,0.21666666666666667,0.8678512504484502,0.9879252228259624,0.878458440372602,0.3821146818286269,0.7716892314618644,0.9917309710813759,1.0
100021757|F|0-47:G>A-47:G>A,,,0.29891304347826086,-0.9944498311514112,1.1327394359754188,-0.8779157850146495,0.3824074817772204,0.7707361255778883,0.9917309710813759,1.0
100018389|F|0-25:G>T-25:G>T,,,0.059782608695652176,-1.532815816935594,1.7466215358847716,-0.8775889827552872,0.38258388160045304,0.7701624226534598,0.9917309710813759,1.0
100032869|F|0-50:G>A-50:G>A,,,0.0930232558139535,1.4381823271500116,1.6422073828332668,0.8757616986648452,0.3835711393547448,0.7669585528483351,0.9917309710813759,1.0
100044743|F|0-7:G>A-7:G>A,,,0.07647058823529411,1.5357979000673385,1.7565708086203118,0.8743159641105627,0.3843533742635676,0.7644284050985827,0.9917309710813759,1.0
100019590|F|0-61:C>T-61:C>T,,,0.32065217391304346,0.7935752447419934,0.9097397275561927,0.8723102011536326,0.38544026320828406,0.7609250870366909,0.9917309710813759,1.0
100017508|F|0-26:G>A-26:G>A,,,0.44021739130434784,-0.7407283658097187,0.8512568824960659,-0.8701584457534673,0.3866083849109067,0.75717572071609,0.9917309710813759,1.0
100022031|F|0-68:A>C-68:A>C,,,0.3967391304347826,0.8668931217683427,0.9983553651756648,0.8683211930411263,0.3876075102629993,0.7539816942843649,0.9917309710813759,1.0
100035309|F|0-20:A>C-20:A>C,,,0.15384615384615383,0.8859002614067671,1.0225032556716016,0.8664033649701088,0.3886521601316928,0.7506547908315276,0.9917309710813759,1.0
100033253|F|0-41:A>G-41:A>G,,,0.29347826086956524,-0.8072224025940187,0.9346012389718006,-0.8637078241861551,0.3901233786909179,0.7459912055603822,0.9917309710813759,1.0
100021316|F|0-63:C>A-63:C>A,,,0.1956521739130435,-0.9302190671956938,1.078968374584694,-0.8621374723367073,0.3909820578588064,0.7432810212071268,0.9917309710813759,1.0
100029235|F|0-18:C>T-18:C>T,,,0.09239130434782608,-1.266267058127951,1.4711906919297812,-0.8607089924331772,0.39176417386159185,0.7408199696553351,0.9917309710813759,1.0
100016869|F|0-59:G>C-59:G>C,,,0.14130434782608695,1.0236709977692264,1.190921997926934,0.8595617509384784,0.39239300603174143,0.7388464036764228,0.9917309710813759,1.0
100055747|F|0-35:G>C-35:G>C,,,0.05434782608695652,-1.4215201593419529,1.6574675174260467,-0.8576458629786563,0.39344454002260104,0.7355564262844041,0.9917309710813759,1.0
100041312|F|0-45:T>A-45:T>A,,,0.28804347826086957,-1.0679394714770538,1.2454910176071934,-0.8574445390451332,0.39355513726883345,0.7352111375383209,0.9917309710813759,1.0
100020372|F|0-11:G>T-11:G>T,Vu03 (old3),40582693.0,0.059782608695652176,1.4699066884303555,1.7166791650485855,0.8562500893338181,0.39421170171531855,0.7331642154841714,0.9917309710813759,1.0
100028365|F|0-14:C>A-14:C>A,,,0.4076086956521739,-0.8209146912141667,0.9592404344821349,-0.8557965883260059,0.39446115840702406,0.7323878005904313,0.9917309710813759,1.0
100034394|F|0-13:G>T-13:G>T,,,0.28804347826086957,-0.8498218591513816,0.9932537444621847,-0.8555939143340789,0.39457267442277166,0.7320409462455112,0.9917309710813759,1.0
100046246|F|0-7:G>A-7:G>A,,,0.07065217391304347,-1.4273723445742017,1.6685956247806477,-0.8554333496840152,0.394661034655923,0.7317662157516146,0.9917309710813759,1.0
100029568|F|0-9:T>G-9:T>G,,,0.47282608695652173,-0.8627167111800814,1.0104643470117214,-0.8537824355024709,0.39557025423116743,0.7289444471725309,0.9917309710813759,1.0
100014336|F|0-17:A>G-17:A>G,,,0.358695652173913,-0.8380488800739619,0.9837414072187755,-0.8518995682445512,0.39660878916478237,0.7257328743752527,0.9917309710813759,1.0
100018782|F|0-63:C>T-63:C>T,,,0.11956521739130435,-1.0688491714975048,1.2562528147982288,-0.8508233047574715,0.3972031761149953,0.7239002959184252,0.9917309710813759,1.0
100034507|F|0-30:A>G-30:A>G,,,0.18478260869565216,0.9200686562274887,1.0843002546744283,0.8485367888286149,0.39846776073404055,0.7200146819955775,0.9917309710813759,1.0
100035888|F|0-14:T>C-14:T>C,,,0.266304347826087,-0.889928713014213,1.0488932668313933,-0.8484454435508036,0.3985183315086835,0.71985967068212,0.9917309710813759,1.0
100034599|F|0-15:A>G-15:A>G,,,0.3804347826086957,-1.0615428431581793,1.2519833612997031,-0.8478889384409832,0.39882651004176645,0.7189156519305775,0.9917309710813759,1.0
100048883|F|0-64:T>A-64:T>A,,,0.16304347826086957,-1.0775901945062418,1.2738844730525352,-0.8459088852257342,0.3999241967318281,0.7155618421038443,0.9917309710813759,1.0
100013667|F|0-32:C>A-32:C>A,,,0.17391304347826086,0.9364702379188921,1.107560160098865,0.8455253914471781,0.40013700849946704,0.7149131875819037,0.9917309710813759,1.0
100034159|F|0-24:A>G-24:A>G,,,0.42391304347826086,0.8341554713905233,0.9866634077080828,0.8454306350817046,0.400189602210087,0.7147529587346543,0.9917309710813759,1.0
100017698|F|0-34:C>A-34:C>A,,,0.08152173913043478,-1.0867852351764564,1.2870154260064317,-0.8444228508967578,0.400749225736606,0.7130499511166081,0.9917309710813759,1.0
100014882|F|0-19:A>G-19:A>G,,,0.3695652173913043,-0.761480298413545,0.9022318740581625,-0.8439962279191835,0.40098627390041713,0.7123296327418104,0.9917309710813759,1.0
100038389|F|0-45:C>T-45:C>T,,,0.20652173913043478,0.8864583985995602,1.0521582177667232,0.8425143515783472,0.40181032685371426,0.7098304326154828,0.9917309710813759,1.0
100013428|F|0-14:G>T-14:G>T,,,0.3967391304347826,0.662674615301246,0.7877893679814564,0.8411824813010736,0.4025518446604757,0.7075879668478311,0.9917309710813759,1.0
100018629|F|0-63:G>A-63:G>A,,,0.45108695652173914,-0.7798110045327113,0.9276401422929006,-0.8406395637485118,0.40285435290688515,0.7066748761392883,0.9917309710813759,1.0
100014467|F|0-44:T>A-44:T>A,,,0.06521739130434782,1.2123114660869019,1.4427033129519888,0.8403054565711987,0.40304058296602324,0.7061132603433307,0.9917309710813759,1.0
100038715|F|0-41:T>A-41:T>A,,,0.44565217391304346,0.8369239298545315,0.9968517903902321,0.8395670629501557,0.40345234684041414,0.7048728531907508,0.9917309710813759,1.0
100013678|F|0-60:A>T-60:A>T,,,0.375,-1.0343070306463957,1.2323081604938853,-0.8393249868862879,0.40358739589048853,0.7044664336116673,0.9917309710813759,1.0
100020311|F|0-17:G>A-17:G>A,,,0.059782608695652176,1.4890866673733272,1.774696643319466,0.8390654667538436,0.40373220719497643,0.7040308574988455,0.9917309710813759,1.0
100018671|F|0-6:A>T-6:A>T,Vu11 (old9),36066452.0,0.266304347826087,-0.8483965156972424,1.0114134861259545,-0.8388226253012301,0.40386774051398144,0.7036233967172478,0.9917309710813759,1.0
100013385|F|0-10:G>T-10:G>T,,,0.22282608695652173,-0.9482830127915944,1.1307699986005113,-0.8386170609100255,0.40398249061888264,0.7032785748493695,0.9917309710813759,1.0
100013445|F|0-24:G>T-24:G>T,,,0.2391304347826087,-0.9732803604475774,1.160770151872716,-0.8384781077264487,0.40406006827566443,0.7030455371365262,0.9917309710813759,1.0
100013547|F|0-56:A>T-56:A>T,,,0.20108695652173914,-0.8797801643410849,1.0493614069916206,-0.8383957695407318,0.40410604202016964,0.7029074663837959,0.9917309710813759,1.0
100035973|F|0-34:C>T-34:C>T,,,0.05434782608695652,1.4110411033502852,1.6880839777089642,0.8358832392126152,0.4055104508041931,0.6987007895965741,0.9917309710813759,1.0
100018572|F|0-44:T>A-44:T>A,,,0.06521739130434782,-1.410560601478001,1.6880784047059778,-0.8356013545020655,0.40566819851544306,0.6982296236456865,0.9917309710813759,1.0
100040723|F|0-6:G>A-6:G>A,,,0.34782608695652173,0.7612187480841006,0.9120247831556785,0.8346469987912204,0.40620254980294457,0.6966356125911914,0.9917309710813759,1.0
100028909|F|0-9:C>T-9:C>T,,,0.44565217391304346,0.7192942015528496,0.8636650776192469,0.8328392801705429,0.407215876792374,0.693621266594988,0.9917309710813759,1.0
100045098|F|0-63:G>T-63:G>T,,,0.06521739130434782,1.2373278053422638,1.4858259662475717,0.8327541942661792,0.407263609942545,0.6934795480679135,0.9917309710813759,1.0
100055734|F|0-19:T>C-19:T>C,,,0.07065217391304347,1.3489341950630718,1.6235887023458906,0.8308349233485205,0.4083412215454783,0.6902866698555419,0.9917309710813759,1.0
100018053|F|0-15:A>T-15:A>T,,,0.17391304347826086,-0.8839808046498263,1.064063368525772,-0.8307595494754746,0.408383576883946,0.6901614290446935,0.9917309710813759,1.0
100030406|F|0-17:T>A-17:T>A,,,0.05434782608695652,-1.3410008631508348,1.614686718658805,-0.8305021944223956,0.40852821416744717,0.6897338949404146,0.9917309710813759,1.0
100040940|F|0-64:T>A-64:T>A,,,0.40217391304347827,-0.800697523398328,0.9643131150679776,-0.8303293928983682,0.40862534854838733,0.6894469007109726,0.9917309710813759,1.0
100021502|F|0-49:T>G-49:T>G,,,0.05434782608695652,1.3111320463697227,1.5804180234195737,0.8296109174538563,0.40902936456183053,0.6882542743586292,0.9917309710813759,1.0
100051037|F|0-43:C>T-43:C>T,,,0.125,-1.0401310798471863,1.2570695439479962,-0.8274252485510981,0.41025990476193414,0.6846325419398465,0.9917309710813759,1.0
100029687|F|0-47:A>T-47:A>T,,,0.21195652173913043,0.8922322886722731,1.0793200460049233,0.8266614633674684,0.4106904459978722,0.6833691750168442,0.9917309710813759,1.0
100014587|F|0-36:A>C-36:A>C,,,0.07608695652173914,1.1889448601863555,1.4430474125177117,0.8239125408305061,0.41224225564349753,0.6788318749377804,0.9917309710813759,1.0
100029548|F|0-5:C>T-5:C>T,,,0.42391304347826086,0.7972839121191001,0.9695251601256254,0.8223447362787292,0.41312888744287973,0.6762508652853326,0.9917309710813759,1.0
100044400|F|0-16:A>G-16:A>G,,,0.3241758241758242,-0.9278072119868274,1.1286685232232478,-0.8220369336935158,0.4133030921753954,0.6757447203562378,0.9917309710813759,1.0
100020395|F|0-36:T>C-36:T>C,,,0.18478260869565216,-0.9143014717112504,1.1123591001392965,-0.8219481205275849,0.41335336532582645,0.6755987128388292,0.9917309710813759,1.0
100033630|F|0-40:T>C-40:T>C,,,0.4891304347826087,0.7868882362010957,0.9607719610025448,0.8190166534210624,0.41501480406376345,0.6707882785810367,0.9917309710813759,1.0
100015679|F|0-19:G>A-19:G>A,,,0.07065217391304347,-1.2044814303101932,1.4714132090483258,-0.818588159263041,0.41525799339256186,0.6700865744856537,0.9917309710813759,1.0
100028407|F|0-26:C>T-26:C>T,,,0.19230769230769232,0.9108113276165777,1.1132285232421233,0.8181710301169488,0.41549481483636785,0.6694038345226292,0.9917309710813759,1.0
100015370|F|0-45:C>T-45:C>T,Vu06 (old6),29854679.0,0.08152173913043478,-1.235020004719586,1.5125038333677738,-0.8165400823941475,0.41642154995736147,0.6667377061562413,0.9917309710813759,1.0
100015729|F|0-42:C>A-42:C>A,Vu08 (old5),34737627.0,0.43478260869565216,0.7412772644555866,0.90811853490259,0.8162780914223937,0.41657053373178027,0.6663099225361857,0.9917309710813759,1.0
100035003|F|0-39:A>G-39:A>G,,,0.21739130434782608,0.7881723320867638,0.9671020548526701,0.8149836184629298,0.4173071180550951,0.6641982983629303,0.9917309710813759,1.0
100035862|F|0-6:T>G-6:T>G,Vu10 (old10),39567399.0,0.391304347826087,-0.8310863506378524,1.0198147561518536,-0.814938542146473,0.41733278156053644,0.6641248274758187,0.9917309710813759,1.0
100048583|F|0-60:A>G-60:A>G,,,0.3555555555555555,-0.6645169353874535,0.81849085975459,-0.8118807039417607,0.4190759233121628,0.659150277432969,0.9917309710813759,1.0
100015865|F|0-28:C>A-28:C>A,,,0.059782608695652176,1.4632816318527062,1.8047962923235161,0.8107738463762357,0.4197079675917903,0.6573542299677159,0.9917309710813759,1.0
100030037|F|0-16:T>A-16:T>A,,,0.45108695652173914,-0.7493015130986054,0.9249644320974445,-0.8100868391225522,0.42010055303488225,0.6562406869195677,0.9917309710813759,1.0
100015076|F|0-33:T>C-33:T>C,,,0.3804347826086957,-0.8823402291613907,1.0901130172404827,-0.8094025254325932,0.4204918173772945,0.6551324481766596,0.9917309710813759,1.0
100035750|F|0-64:T>C-64:T>C,,,0.3695652173913043,-0.8845065922853402,1.0932363921427133,-0.8090716688928838,0.4206810665173865,0.6545969654051162,0.9917309710813759,1.0
100035792|F|0-26:T>C-26:T>C,,,0.43478260869565216,0.74782756560448,0.9254971709550346,0.8080279325249426,0.42127841449818226,0.6529091397405332,0.9917309710813759,1.0
100014176|F|0-46:T>C-46:T>C,,,0.14130434782608695,-1.0142760319853763,1.2590973524086488,-0.8055580690762869,0.4226939741281923,0.6489238026539158,0.9917309710813759,1.0
100043188|F|0-42:C>T-42:C>T,,,0.375,-0.8628347874738482,1.0717074894398069,-0.805102881127444,0.42295516623364526,0.6481906491997113,0.9917309710813759,1.0
100014140|F|0-33:C>G-33:C>G,,,0.08522727272727272,1.0860610165581526,1.3502814390868942,0.8043219621626315,0.42340349045966386,0.6469338188171456,0.9917309710813759,1.0
100014556|F|0-12:G>A-12:G>A,,,0.3695652173913043,-0.819948344657005,1.0198475524363906,-0.8039910893526867,0.42359352927338667,0.6464016717585198,0.9917309710813759,1.0
100015112|F|0-61:C>T-61:C>T,,,0.4619565217391305,0.6443647654481732,0.8020891744168638,0.8033580130496591,0.42395728198597454,0.6453840971310963,0.9917309710813759,1.0
100014250|F|0-55:T>C-55:T>C,,,0.45652173913043476,0.7084152217704577,0.882246887811645,0.8029670963505859,0.42418198752400943,0.6447561578216912,0.9917309710813759,1.0
100040750|F|0-21:T>G-21:T>G,Vu09 (old8),38024670.0,0.30978260869565216,0.8108978983308939,1.012279908342488,0.8010609433695686,0.4252786910572949,0.6416986349921432,0.9917309710813759,1.0
100045081|F|0-27:C>A-27:C>A,,,0.16847826086956522,1.0298335905950646,1.2866652122956577,0.8003897056932501,0.4256652877827721,0.6406236809797274,0.9917309710813759,1.0
100018350|F|0-55:C>G-55:C>G,,,0.20108695652173914,-0.753070278436987,0.9412315554763149,-0.8000903433968405,0.42583777159942765,0.6401445575968742,0.9917309710813759,1.0
100013921|F|0-19:C>G-19:C>G,,,0.07065217391304347,-1.110660669785331,1.3889700071238857,-0.7996289798115621,0.4261036770667691,0.6394065053544796,0.9917309710813759,1.0
100040576|F|0-20:T>A-20:T>A,,,0.0879120879120879,-1.0840001567807316,1.357862879524665,-0.7983134181856403,0.4268624378382556,0.637304313655241,0.9917309710813759,1.0
100041635|F|0-30:A>G-30:A>G,,,0.1358695652173913,-1.1163256973582891,1.401081959923174,-0.7967597394655634,0.42775956559690476,0.6348260824332326,0.9917309710813759,1.0
100040427|F|0-30:T>C-30:T>C,,,0.059782608695652176,1.3242934538648128,1.6632574329297165,0.7962047411579328,0.4280803041854528,0.6339419898423708,0.9917309710813759,1.0
100021422|F|0-18:C>G-18:C>G,,,0.25,-0.7658011802738047,0.9618457534858715,-0.7961787817832826,0.42809530983029054,0.633900652561912,0.9917309710813759,1.0
100038564|F|0-34:C>T-34:C>T,,,0.07608695652173914,-1.4661013897619937,1.842496335850105,-0.7957146840596308,0.4283636310016102,0.633161858428118,0.9917309710813759,1.0
100019849|F|0-35:A>C-35:A>C,,,0.483695652173913,0.7529185597113743,0.9481277572393588,0.7941108716230706,0.4292916518698972,0.6306120764299529,0.9917309710813759,1.0
100034945|F|0-61:G>A-61:G>A,,,0.4782608695652174,-0.7438601440952359,0.9371806990648808,-0.7937211520013802,0.4295173364021778,0.6299932671343981,0.9917309710813759,1.0
100030017|F|0-30:G>A-30:G>A,,,0.18478260869565216,0.874506686109858,1.1020116817931267,0.7935548239261073,0.4296136774430028,0.6297292585763952,0.9917309710813759,1.0
100040070|F|0-17:A>G-17:A>G,,,0.31521739130434784,0.7278789775236177,0.9198418676523669,0.7913088141783767,0.43091586803415033,0.6261696393963887,0.9917309710813759,1.0
100022323|F|0-60:G>C-60:G>C,,,0.391304347826087,0.7488498179174445,0.9469792469096965,0.7907774329386698,0.43122429241185667,0.6253289484450724,0.9917309710813759,1.0
100033423|F|0-16:C>T-16:C>T,,,0.33146067415730335,0.7003793770512158,0.8858910280619602,0.7905931484410862,0.43133128525135767,0.6250375263619894,0.9917309710813759,1.0
100051794|F|0-60:T>C-60:T>C,Vu09 (old8),3361921.0,0.42391304347826086,0.7093016165015077,0.8977035050387535,0.7901290487563457,0.43160080398708295,0.6243039136886077,0.9917309710813759,1.0
100043126|F|0-48:T>A-48:T>A,Vu09 (old8),11448295.0,0.16847826086956522,-0.8965651390931768,1.1355575894516834,-0.7895373580534064,0.4319445632012231,0.6233692397619529,0.9917309710813759,1.0
100015028|F|0-52:A>T-52:A>T,,,0.13043478260869565,0.9880725050301533,1.2517681650429848,0.7893414552496018,0.4320584139478513,0.6230599329755591,0.9917309710813759,1.0
100041739|F|0-59:G>T-59:G>T,,,0.059782608695652176,1.282420146227446,1.624806514180378,0.7892756060707657,0.432096686784783,0.6229559823383746,0.9917309710813759,1.0
100018699|F|0-47:A>G-47:A>G,,,0.16853932584269665,0.8014570863611016,1.0163675104987633,0.7885504781314798,0.4325182775090448,0.6218118565613855,0.9917309710813759,1.0
100029358|F|0-25:G>A-25:G>A,,,0.32065217391304346,0.7905142252845508,1.0037223805948992,0.7875825433084581,0.43308141398016137,0.6202862625242193,0.9917309710813759,1.0
100032841|F|0-19:T>A-19:T>A,Vu05 (old1),2448565.0,0.3858695652173913,-0.7469934589845706,0.9485866094195446,-0.7874805015871643,0.4331408061448003,0.6201255403799719,0.9917309710813759,1.0
100019260|F|0-27:C>T-27:C>T,,,0.358695652173913,0.7753483323050143,0.9850508554800391,0.7871150286217135,0.4333535646444727,0.6195500682821607,0.9917309710813759,1.0
100047059|F|0-34:G>T-34:G>T,,,0.3351648351648352,-0.7372770468070445,0.9374566009214669,-0.7864652572528081,0.4337319780336733,0.6185276008657257,0.9917309710813759,1.0
100041804|F|0-61:A>T-61:A>T,,,0.3214285714285714,-0.672403943246649,0.8582983055087454,-0.7834152053324748,0.4355108603639972,0.6137393839461236,0.9917309710813759,1.0
100043222|F|0-20:C>A-20:C>A,,,0.4673913043478261,0.6670281206982842,0.8538581086593854,0.7811931677331766,0.43680951143780655,0.610262765312995,0.9917309710813759,1.0
100017652|F|0-34:G>A-34:G>A,,,0.06179775280898876,1.4577733096954062,1.871269895801478,0.7790288899352126,0.43807658395992494,0.6068860113536896,0.9917309710813759,1.0
100015331|F|0-40:A>G-40:A>G,,,0.43478260869565216,-0.7098784259750975,0.9113895982308329,-0.7788967828391898,0.4381539953927603,0.6066801983172401,0.9917309710813759,1.0
100030458|F|0-10:C>T-10:C>T,,,0.17391304347826086,-0.8606192987189528,1.105089993720922,-0.7787775688938982,0.43822385863218544,0.6064945018122903,0.9917309710813759,1.0
100034321|F|0-18:C>G-18:C>G,,,0.3641304347826087,-0.7851428790849257,1.0108385896400438,-0.7767242833146214,0.43942817281457663,0.6033006122906123,0.9917309710813759,1.0
100013879|F|0-63:G>A-63:G>A,,,0.23369565217391305,-0.8857454800882629,1.1476401634217512,-0.7717972133768523,0.4423259208104135,0.5956709385762744,0.9917309710813759,1.0
100051718|F|0-23:T>C-23:T>C,,,0.42391304347826086,0.9237625405981638,1.1972113781920994,0.771595189809448,0.4424449734330682,0.595359136937078,0.9917309710813759,1.0
100045520|F|0-63:C>T-63:C>T,,,0.22826086956521738,0.8988861117896364,1.1670870401594988,0.770196292871859,0.44326985577535793,0.5932023295535543,0.9917309710813759,1.0
100020434|F|0-43:G>A-43:G>A,,,0.10326086956521739,1.0190662508470907,1.3246954482806343,0.7692834244805251,0.4438086252165095,0.5917969871804838,0.9917309710813759,1.0
100033363|F|0-51:C>T-51:C>T,,,0.09239130434782608,-1.1244149973586874,1.4622176716557391,-0.7689792150340096,0.44398825228561434,0.5913290331543215,0.9917309710813759,1.0
100046287|F|0-24:C>T-24:C>T,,,0.23369565217391305,-0.6970874917126028,0.9071461332286735,-0.7684401290799316,0.4443066709849809,0.590500231980382,0.9917309710813759,1.0
100028579|F|0-16:T>A-16:T>A,,,0.08152173913043478,1.1460122383978948,1.491776056133789,0.7682200245042111,0.4444367169578279,0.5901620060492507,0.9917309710813759,1.0
100033514|F|0-34:C>T-34:C>T,,,0.2717391304347826,0.7403329637777436,0.9664799911437572,0.7660096127821691,0.4457439350950662,0.5867707268746886,0.9917309710813759,1.0
100036213|F|0-14:A>C-14:A>C,,,0.21195652173913043,-0.7479842139420586,0.9765293533580557,-0.7659618334768086,0.44577221594204,0.5866975303431542,0.9917309710813759,1.0
100013484|F|0-22:G>A-22:G>A,,,0.1793478260869565,-0.8428857557015639,1.1037544717172136,-0.7636533099523556,0.44713988280486605,0.5831663778011885,0.9917309710813759,1.0
100014348|F|0-42:C>G-42:C>G,,,0.125,-0.8837703938442215,1.1599074936226044,-0.7619317908569105,0.44816136187369604,0.5805400539184189,0.9917309710813759,1.0
100017988|F|0-49:T>G-49:T>G,,,0.17391304347826086,-0.8291320768428919,1.0889272516221111,-0.761420999986714,0.4484647035110377,0.5797619392207675,0.9917309710813759,1.0
100018444|F|0-56:T>G-56:T>G,,,0.10326086956521739,1.1606878120850082,1.5244369317546467,0.7613878855250781,0.44848437317662115,0.5797115122243494,0.9917309710813759,1.0
100021588|F|0-50:T>C-50:T>C,,,0.09782608695652174,0.9489359217934081,1.2512898992303663,0.758366164688992,0.4502813420211725,0.5751192397450913,0.9917309710813759,1.0
100017539|F|0-11:A>T-11:A>T,,,0.07608695652173914,1.2632859543600596,1.6689707156734541,0.7569251769946755,0.45113973347185105,0.5729357235684209,0.9917309710813759,1.0
100046913|F|0-41:A>T-41:A>T,,,0.4945652173913043,0.6866929734194747,0.9073266668956178,0.7568310273178319,0.4511958508825378,0.5727932039109649,0.9917309710813759,1.0
100016803|F|0-28:A>T-28:A>T,,,0.3967391304347826,-0.663541775149903,0.8782144561472981,-0.7555577917275945,0.4519551506707375,0.5708675766402791,0.9917309710813759,1.0
100016832|F|0-65:T>A-65:T>A,,,0.07608695652173914,-1.0878378300511868,1.440137831379944,-0.7553706363014001,0.45206682357371275,0.5705847981863821,0.9917309710813759,1.0
100020755|F|0-11:C>A-11:C>A,,,0.15217391304347827,0.894387314612961,1.1847607735995287,0.7549096277855672,0.4523419682772825,0.5698885461233437,0.9917309710813759,1.0
100013065|F|0-5:C>A-5:C>A,,,0.4782608695652174,-0.6482655236179852,0.8590480397996817,-0.7546324461308961,0.4525074455307627,0.5694701287534998,0.9917309710813759,1.0
100016348|F|0-15:G>A-15:G>A,,,0.09239130434782608,1.0312609853615364,1.3723118545182624,0.7514771383531852,0.4543936126815889,0.5647178894674922,0.9917309710813759,1.0
100018695|F|0-40:A>G-40:A>G,Vu08 (old5),10283963.0,0.3858695652173913,0.7649517370818963,1.021599881417646,0.7487782163995497,0.45601053437378997,0.5606688173544908,0.9917309710813759,1.0
100016572|F|0-65:A>T-65:A>T,,,0.21195652173913043,0.7578451778491473,1.0146961942983157,0.7468690452448317,0.4571563025671804,0.5578133707449264,0.9917309710813759,1.0
100016318|F|0-42:A>T-42:A>T,,,0.483695652173913,-0.8453342153503771,1.135446698196721,-0.7444948465594281,0.4585834440259431,0.5542725765535464,0.9917309710813759,1.0
100020518|F|0-50:T>G-50:T>G,,,0.27717391304347827,-0.6176507489534692,0.8298315762953572,-0.7443085640472571,0.45869552668911073,0.5539952385140898,0.9917309710813759,1.0
100014327|F|0-12:T>C-12:T>C,,,0.32065217391304346,-0.7240360251447308,0.9733620176624005,-0.7438507071434283,0.4589710769019672,0.5533138745177782,0.9917309710813759,1.0
100038675|F|0-24:G>A-24:G>A,,,0.3804347826086957,-0.7508418113752577,1.010419131494166,-0.7430993614154395,0.45942346075616675,0.552196660936034,0.9917309710813759,1.0
100014492|F|0-26:T>A-26:T>A,,,0.48876404494382025,0.5744105880409525,0.7732495228934406,0.7428528192187587,0.459571958690321,0.5518303110212578,0.9917309710813759,1.0
100015991|F|0-42:T>C-42:T>C,,,0.30434782608695654,-0.6949065166783662,0.9388795822622913,-0.7401444549512344,0.46120506654614785,0.5478138141950598,0.9917309710813759,1.0
100059231|F|0-56:A>G-56:A>G,,,0.4782608695652174,-0.6243277135116998,0.8445699018660665,-0.7392256249391028,0.4617598574613109,0.5464545245666071,0.9917309710813759,1.0
100020253|F|0-17:T>C-17:T>C,,,0.3641304347826087,-0.703000271989928,0.9527432840480279,-0.7378695644046016,0.46257934101638654,0.5444514940746366,0.9917309710813759,1.0
100020208|F|0-26:C>G-26:C>G,,,0.10869565217391304,1.006954534653503,1.365199598298381,0.7375877753762866,0.4627497329952025,0.5440357263845395,0.9917309710813759,1.0
100034591|F|0-27:A>G-27:A>G,,,0.12087912087912088,-0.8366182131270185,1.1454193400246826,-0.730403428589734,0.46710596701042345,0.5334891684956385,0.9917309710813759,1.0
100019558|F|0-53:C>T-53:C>T,,,0.08695652173913043,-1.0544048254050364,1.4439912407658908,-0.7302016768784426,0.46722863240396895,0.5331944889160896,0.9917309710813759,1.0
100044913|F|0-36:G>T-36:G>T,,,0.13068181818181818,-0.8244282140064221,1.1334477282882474,-0.7273632417539784,0.46895633080000704,0.5290572854548564,0.9917309710813759,1.0
100032879|F|0-19:G>T-19:G>T,,,0.08695652173913043,0.9908828589261686,1.3632462048947105,0.7268553951358323,0.46926582561611546,0.5283187654380669,0.9917309710813759,1.0
100051692|F|0-12:T>A-12:T>A,,,0.09782608695652174,-0.9709016522212753,1.3387356608082601,-0.7252377602573868,0.47025241957619346,0.5259698089031509,0.9917309710813759,1.0
100017712|F|0-29:G>A-29:G>A,Vu04 (old11),3133419.0,0.3532608695652174,0.6262931820155642,0.8637976240968664,0.7250461966370627,0.4703693311773864,0.5256919872578703,0.9917309710813759,1.0
100017600|F|0-44:G>A-44:G>A,Vu08 (old5),34751666.0,0.07608695652173914,1.0254907148485655,1.4157358729608758,0.72435172014385,0.47079330822921217,0.5246854144753543,0.9917309710813759,1.0
100034114|F|0-47:T>A-47:T>A,,,0.1793478260869565,0.7754673390343049,1.0746222935790801,0.7216185106783654,0.47246401161502094,0.5207332749536621,0.9917309710813759,1.0
100047378|F|0-35:C>T-35:C>T,,,0.14673913043478262,0.8930719058941898,1.2385378335900148,0.7210695399635387,0.472799975957994,0.5199412814632294,0.9917309710813759,1.0
100021699|F|0-19:G>C-19:G>C,,,0.15760869565217392,0.7981386823316188,1.1083210061910596,0.7201331364047344,0.4733733537686319,0.5185917341481199,0.9917309710813759,1.0
100033723|F|0-20:T>C-20:T>C,,,0.15730337078651685,-0.8195892524292914,1.1425200765222565,-0.7173521667330856,0.4750784863471355,0.5145941311166525,0.9917309710813759,1.0
100014890|F|0-17:C>T-17:C>T,,,0.08152173913043478,-1.09409716746151,1.5267444683302562,-0.716621012983321,0.4755273569693406,0.5135456762492412,0.9917309710813759,1.0
100018462|F|0-57:G>T-57:G>T,,,0.09782608695652174,-0.9441458871590483,1.3215828477765406,-0.7144053728810871,0.4768890290111799,0.5103750368013651,0.9917309710813759,1.0
100019483|F|0-18:A>T-18:A>T,,,0.48913043478260865,0.6713245302116756,0.9403226674573999,0.7139299662177814,0.47718148374930597,0.5096959966637225,0.9917309710813759,1.0
100021842|F|0-18:C>G-18:C>G,,,0.30434782608695654,0.8227318662844564,1.1537592916841253,0.7130879657606284,0.4776997000545528,0.5084944469126311,0.9917309710813759,1.0
100014526|F|0-10:T>C-10:T>C,,,0.33146067415730335,0.7283182227901154,1.0214818833157335,0.7130016054969003,0.47775286890977636,0.5083712894411574,0.9917309710813759,1.0
100033028|F|0-17:A>C-17:A>C,,,0.45108695652173914,-0.6616261402206287,0.9282441183687606,-0.7127717021071246,0.47789442806511895,0.5080434993246875,0.9917309710813759,1.0
100032856|F|0-37:A>G-37:A>G,,,0.19021739130434784,-0.8588314485936841,1.2067230264676407,-0.711705527910314,0.4785512118432839,0.5065247584580989,0.9917309710813759,1.0
100021489|F|0-26:C>G-26:C>G,,,0.391304347826087,-0.6253097851676991,0.8791513523042863,-0.7112652258666728,0.4788225926576804,0.5058982215271691,0.9917309710813759,1.0
100016627|F|0-41:T>C-41:T>C,,,0.11956521739130435,-0.7655271957022087,1.0816653940049206,-0.7077301353497182,0.4810045470581806,0.5008819444821304,0.9917309710813759,1.0
100014339|F|0-37:C>G-37:C>G,,,0.15217391304347827,-0.8244701966331178,1.1653616989489781,-0.7074800874069355,0.48115909179604366,0.500528074077325,0.9917309710813759,1.0
100030713|F|0-35:T>A-35:T>A,,,0.07608695652173914,-1.0403801632180427,1.4705759358863686,-0.7074644279358268,0.4811687712104356,0.5005059167945666,0.9917309710813759,1.0
100019025|F|0-58:C>A-58:C>A,,,0.10869565217391304,-0.9092816755145176,1.2876774948659184,-0.7061408459337857,0.4819872918789138,0.49863489429608243,0.9917309710813759,1.0
100017444|F|0-55:C>A-55:C>A,,,0.23369565217391305,-0.6636596743981107,0.9400912192832486,-0.7059524233234549,0.48210387752804174,0.4983688239962584,0.9917309710813759,1.0
100028477|F|0-24:T>G-24:T>G,,,0.09239130434782608,-1.0071042046206746,1.4297415698535336,-0.7043959732693825,0.4830675204431191,0.49617368715812066,0.9917309710813759,1.0
100033466|F|0-26:G>A-26:G>A,,,0.125,0.8959048377087496,1.2769821683962337,0.7015797556781233,0.4848138229933589,0.49221415357737514,0.9917309710813759,1.0
100018585|F|0-68:A>G-68:A>G,,,0.22826086956521738,-0.7396976210728523,1.055594384408642,-0.7007403904362761,0.48533497553863203,0.4910370947887847,0.9917309710813759,1.0
100047252|F|0-57:G>A-57:G>A,,,0.31521739130434784,-0.7661840944031715,1.0936117218071286,-0.7005997458925345,0.4854223303445738,0.4908400039446839,0.9917309710813759,1.0
100014043|F|0-61:T>G-61:T>G,,,0.1793478260869565,0.78443231793549,1.1197305954767243,0.7005545093652805,0.4854504287462428,0.4907766205920289,0.9917309710813759,1.0
100041008|F|0-24:G>A-24:G>A,,,0.17582417582417587,0.7023480476032492,1.0029077444297716,0.7003117201000246,0.48560125116692554,0.49043650530945526,0.9917309710813759,1.0
100021743|F|0-57:T>C-57:T>C,,,0.059782608695652176,-1.106386878897112,1.5872783358646254,-0.6970339441408925,0.4876399520501851,0.4858563192846088,0.9917309710813759,1.0
100021071|F|0-60:A>G-60:A>G,Vu07 (old2),39201975.0,0.33152173913043476,-0.7636202894307793,1.0979327270887165,-0.6955073572272488,0.4885910555245961,0.48373048395723184,0.9917309710813759,1.0
100028820|F|0-24:T>G-24:T>G,,,0.06521739130434782,-1.1207209273709304,1.6115138817600596,-0.6954460275246924,0.48862928677237594,0.48364517719987526,0.9917309710813759,1.0
100013048|F|0-58:C>T-58:C>T,,,0.07065217391304347,1.1170446935735645,1.615357038810326,0.6915156629374288,0.491082785497479,0.47819391208779166,0.9917309710813759,1.0
100038463|F|0-13:A>C-13:A>C,,,0.17391304347826086,-0.7380627882450781,1.0673167835051394,-0.6915123978667616,0.4910848264869312,0.4781893964034383,0.9917309710813759,1.0
100015059|F|0-7:C>A-7:C>A,,,0.11413043478260869,-1.0478919651127574,1.5158660289709298,-0.6912827024853482,0.4912284202656894,0.4778717747554464,0.9917309710813759,1.0
100020374|F|0-28:A>G-28:A>G,,,0.07065217391304347,-1.0387552573441736,1.5059056720340034,-0.689787731485959,0.4921635598190581,0.4758071145085454,0.9917309710813759,1.0
100021541|F|0-63:C>G-63:C>G,,,0.11956521739130435,0.8315225243294909,1.2069483224232336,0.6889462530259898,0.49269035139586587,0.47464693955855114,0.9917309710813759,1.0
100032815|F|0-7:G>A-7:G>A,,,0.48351648351648346,0.611983643213843,0.8883401296369172,0.6889068981539461,0.4927149962887363,0.4745927143240915,0.9917309710813759,1.0
100018958|F|0-51:A>G-51:A>G,,,0.059782608695652176,1.1493833538251974,1.6707920653921444,0.6879272278297722,0.4933287041380215,0.4732438707895553,0.9917309710813759,1.0
100041722|F|0-10:C>T-10:C>T,,,0.15760869565217392,-0.7324765652879923,1.065120532028198,-0.687693592661493,0.4934751247897257,0.47292247738767146,0.9917309710813759,1.0
100035266|F|0-39:C>T-39:C>T,,,0.06521739130434782,1.1210581736986682,1.6304757081784296,0.6875650879528383,0.49355566960087316,0.4727457501715943,0.9917309710813759,1.0
100018713|F|0-51:T>A-51:T>A,,,0.44021739130434784,-0.6790327815257297,0.9903082130910192,-0.6856782288074589,0.49473914843723193,0.47015463346053393,0.9917309710813759,1.0
100021104|F|0-25:C>T-25:C>T,,,0.07608695652173914,-1.0238483393869349,1.4943806241210245,-0.6851322366342573,0.4950818941790276,0.4694061816754599,0.9917309710813759,1.0
100014060|F|0-18:C>T-18:C>T,,,0.059782608695652176,1.149387235474248,1.6811950094506993,0.6836727619419891,0.4959987103723765,0.4674084454213877,0.9917309710813759,1.0
100029840|F|0-31:T>C-31:T>C,,,0.266304347826087,0.6956187530843391,1.0201040193666295,0.6819096287026106,0.49710750754945404,0.4650007417173323,0.9917309710813759,1.0
100034977|F|0-7:A>C-7:A>C,,,0.3967391304347826,-0.6383031793269975,0.9373434283464226,-0.6809704533300402,0.49769868302189296,0.4637207583085205,0.9917309710813759,1.0
100014127|F|0-16:C>T-16:C>T,,,0.391304347826087,-0.6487903912818246,0.9534127939224829,-0.6804926422400982,0.497999593141996,0.46307023614291026,0.9917309710813759,1.0
100019433|F|0-7:G>A-7:G>A,,,0.4891304347826087,0.6509771725756526,0.9630422819359519,0.6759590775879833,0.5008595807484424,0.4569206745735973,0.9917309710813759,1.0
100033181|F|0-15:C>A-15:C>A,,,0.40217391304347827,0.6647287917235893,0.9839585159962106,0.6755658708340803,0.5011080509200126,0.4563892458358092,0.9917309710813759,1.0
100033255|F|0-46:T>C-46:T>C,,,0.10112359550561799,-0.8928433519029173,1.3232786562019236,-0.6747205871706248,0.5016424165826096,0.4552478707518727,0.9917309710813759,1.0
100016689|F|0-47:G>T-47:G>T,,,0.19021739130434784,-0.7036009803822993,1.0432403986309484,-0.6744380118960498,0.5018211215162683,0.4548666318902962,0.9917309710813759,1.0
100043426|F|0-30:G>A-30:G>A,,,0.42934782608695654,-0.6187915927086252,0.9234986275939574,-0.6700514480685233,0.5045996425168826,0.44896894305872503,0.9917309710813759,1.0
100013584|F|0-22:T>C-22:T>C,,,0.45108695652173914,-0.620162544308632,0.9259224042894527,-0.6697780952654894,0.5047730613559469,0.44860269689746696,0.9917309710813759,1.0
100046319|F|0-34:T>C-34:T>C,,,0.1460674157303371,-0.7584464010733527,1.1328029340232086,-0.6695307526964913,0.5049300064767689,0.4482714288063302,0.9917309710813759,1.0
100034716|F|0-53:A>G-53:A>G,,,0.32608695652173914,-0.7275009199609499,1.0866463780550342,-0.6694918739462314,0.5049546784069235,0.44821936928003664,0.9917309710813759,1.0
100048696|F|0-28:G>C-28:G>C,,,0.08695652173913043,-1.0709282359922243,1.601853426957055,-0.6685556980245081,0.5055489580966136,0.44696672136103727,0.9917309710813759,1.0
100029122|F|0-13:T>C-13:T>C,,,0.20652173913043478,-0.6943876924526055,1.038954498479955,-0.6683523614061357,0.5056780846460875,0.4466948789971579,0.9917309710813759,1.0
100044425|F|0-18:G>C-18:G>C,,,0.16483516483516483,0.8026666121729787,1.2076961076308204,0.6646263137732537,0.508047391712722,0.44172813695982344,0.9917309710813759,1.0
100021780|F|0-9:A>G-9:A>G,Vu04 (old11),742456.0,0.31521739130434784,-0.6917923487422316,1.0434194956929521,-0.6630050057506361,0.5090801908480828,0.4395756376504011,0.9917309710813759,1.0
100035100|F|0-8:T>C-8:T>C,,,0.25,-0.6898120034664872,1.043502002273735,-0.6610547962183339,0.5103239864573483,0.4369934436032629,0.9917309710813759,1.0
100043230|F|0-12:G>T-12:G>T,,,0.08152173913043478,-1.2248832166383399,1.8564809077179893,-0.659787672227657,0.5111329925805149,0.43531977242359016,0.9917309710813759,1.0
100015285|F|0-54:T>C-54:T>C,,,0.16304347826086957,0.7108559456122848,1.077746294323043,0.6595763301220996,0.5112679920353013,0.4350409352573369,0.9917309710813759,1.0
100013923|F|0-16:T>C-16:T>C,,,0.08152173913043478,-0.9206132012262721,1.3958769284396177,-0.6595231875172408,0.5113019410325543,0.4349708348729016,0.9917309710813759,1.0
100013982|F|0-20:C>G-20:C>G,,,0.14673913043478262,0.76648112316888,1.1632612864593221,0.6589071020336779,0.5116956012487504,0.43415856911041956,0.9917309710813759,1.0
100016846|F|0-15:T>C-15:T>C,Vu08 (old5),5868167.0,0.07142857142857142,1.0100677746869755,1.5333684638172618,0.6587247608917498,0.5118121426461765,0.43391831061189295,0.9917309710813759,1.0
100016127|F|0-26:G>C-26:G>C,,,0.09239130434782605,0.7798699170735353,1.1852383130410338,0.6579857472482292,0.512284619587953,0.4329452435818106,0.9917309710813759,1.0
100034016|F|0-46:G>A-46:G>A,,,0.15217391304347827,-0.7483222023538852,1.1380966987982608,-0.6575207564911256,0.512582022794877,0.4323335452166621,0.9917309710813759,1.0
100019249|F|0-36:C>A-36:C>A,,,0.45652173913043476,-0.6635063048994071,1.0098474300606188,-0.6570361870006228,0.5128920457486479,0.4316965510283174,0.9917309710813759,1.0
100032755|F|0-61:C>T-61:C>T,Vu11 (old9),32264867.0,0.08695652173913043,-0.9416731710887515,1.4335811733156885,-0.6568677020993396,0.5129998640693859,0.43147517806126684,0.9917309710813759,1.0
100021654|F|0-23:G>T-23:G>T,,,0.16304347826086957,0.7812469768416846,1.1937218008749795,0.6544631892196681,0.5145398888346703,0.42832206604357903,0.9917309710813759,1.0
100021971|F|0-12:T>C-12:T>C,,,0.12087912087912088,0.689479601867929,1.055321809821674,0.6533358786401239,0.515262741316321,0.42684777031846266,0.9917309710813759,1.0
100039032|F|0-21:G>A-21:G>A,,,0.08241758241758242,-0.9699914342746422,1.4856774606212162,-0.6528950327273951,0.5155455657423336,0.42627192376010636,0.9917309710813759,1.0
100019924|F|0-12:A>T-12:A>T,,,0.09239130434782608,0.9760118885942252,1.4990222768086854,0.6510989887836003,0.5166986633571989,0.42392989319502683,0.9917309710813759,1.0
100019074|F|0-23:A>T-23:A>T,,,0.06521739130434782,-1.143751996762723,1.7589010082445378,-0.6502651322624682,0.5172344783785023,0.42284474223632523,0.9917309710813759,1.0
100050471|F|0-63:C>G-63:C>G,,,0.07065217391304347,-0.9237749908621089,1.4206932883364718,-0.6502283064515508,0.5172581484556633,0.4227968505108519,0.9917309710813759,1.0
100017630|F|0-52:A>T-52:A>T,,,0.14673913043478262,0.6912811304257317,1.0638970700295816,0.6497631677907626,0.5175571690648822,0.4221921742174867,0.9917309710813759,1.0
100021389|F|0-57:T>C-57:T>C,,,0.2608695652173913,0.5789008234179693,0.8915153368311283,0.6493447723240069,0.5178262179163388,0.42164863334451635,0.9917309710813759,1.0
100034189|F|0-36:A>T-36:A>T,,,0.19021739130434784,0.6970879336649891,1.073793651096348,0.6491823945441094,0.5179306546339302,0.4214377813860237,0.9917309710813759,1.0
100028251|F|0-5:A>G-5:A>G,,,0.16847826086956522,-0.6969257614134629,1.0736762479192978,-0.6491023367277161,0.5179821495978227,0.42133384354538134,0.9917309710813759,1.0
100016059|F|0-15:A>T-15:A>T,,,0.08695652173913043,-0.9773899021248802,1.5065730089328697,-0.6487504397926135,0.5182085294550459,0.4208771331311094,0.9917309710813759,1.0
100045123|F|0-66:C>G-66:C>G,,,0.06043956043956045,1.1193458919086652,1.727918106144239,0.6478003141054112,0.5188200174617674,0.4196452469550694,0.9917309710813759,1.0
100016234|F|0-15:C>T-15:C>T,Vu06 (old6),20274938.0,0.16304347826086957,0.7256265956493966,1.1221176625488738,0.6466582069487672,0.5195555636936949,0.4181668366141946,0.9917309710813759,1.0
100021208|F|0-24:G>A-24:G>A,,,0.5,-0.5814200546448532,0.9048492807825277,-0.6425601113834474,0.5221993413680586,0.4128834967411083,0.9917309710813759,1.0
100054559|F|0-34:G>C-34:G>C,,,0.11666666666666668,0.7010356848926216,1.091820399877159,0.6420796726013687,0.5225097437964377,0.4122663059678808,0.9917309710813759,1.0
100029143|F|0-26:C>T-26:C>T,,,0.15217391304347827,-0.7037852619356707,1.1015312378327908,-0.6389153913785813,0.5245565328202092,0.40821287734044576,0.9917309710813759,1.0
100044970|F|0-28:C>T-28:C>T,,,0.18478260869565216,-0.6688286739683077,1.0485233790664013,-0.6378767391565733,0.5252292860553739,0.40688673435702305,0.9917309710813759,1.0
100018913|F|0-12:G>A-12:G>A,,,0.3532608695652174,0.5697374993852109,0.8953717256209639,0.6363139275925682,0.5262423922020084,0.40489541444828014,0.9917309710813759,1.0
100033254|F|0-20:A>G-20:A>G,,,0.22826086956521738,0.6068521429555381,0.9571595470502058,0.6340135715364776,0.5277354638028788,0.40197320889244026,0.9917309710813759,1.0
100014256|F|0-11:C>T-11:C>T,,,0.30434782608695654,-0.5546823087133831,0.8753811478213194,-0.6336466236380538,0.5279738384390096,0.4015080436479054,0.9917309710813759,1.0
100015913|F|0-42:T>A-42:T>A,,,0.13333333333333333,-0.684095928758717,1.081545151390422,-0.6325172165759804,0.5287078676845344,0.40007802926502567,0.9917309710813759,1.0
100015684|F|0-29:T>C-29:T>C,,,0.09239130434782608,0.9367952398441783,1.4824545260870046,0.6319217374693342,0.5290950967880181,0.3993250822862622,0.9917309710813759,1.0
100029816|F|0-31:C>A-31:C>A,,,0.09239130434782608,0.9367952398441783,1.4824545260870046,0.6319217374693342,0.5290950967880181,0.3993250822862622,0.9917309710813759,1.0
100016173|F|0-32:C>T-32:C>T,,,0.30434782608695654,0.7657875464857091,1.2135052780689906,0.631054153884094,0.5296595330467707,0.3982293451343698,0.9917309710813759,1.0
100020933|F|0-51:T>C-51:T>C,,,0.358695652173913,-0.6628967695883212,1.0508979642105158,-0.630790801927493,0.5298309272828855,0.39789703579632973,0.9917309710813759,1.0
100018641|F|0-26:C>A-26:C>A,,,0.1793478260869565,0.78688792735409,1.248865168984988,0.6300823714970217,0.5302921289512934,0.3970037948713109,0.9917309710813759,1.0
100021287|F|0-39:T>A-39:T>A,,,0.2391304347826087,0.7424235681671469,1.1784927285699107,0.6299772159545444,0.5303606048822191,0.3968712926218386,0.9917309710813759,1.0
100033981|F|0-18:C>A-18:C>A,,,0.059782608695652176,0.9320913941217743,1.4824530390827129,0.6287493563361157,0.5311605091398499,0.3953257530930798,0.9917309710813759,1.0
100044506|F|0-28:G>A-28:G>A,,,0.05434782608695652,-0.8997585222378733,1.4325937438011203,-0.6280625795911491,0.5316081896176412,0.3944626038826885,0.9917309710813759,1.0
100040739|F|0-38:C>T-38:C>T,,,0.48913043478260865,0.551016987171717,0.878216030056122,0.6274276126985572,0.5320222704927128,0.3936654091766107,0.9917309710813759,1.0
100017523|F|0-41:C>T-41:C>T,,,0.5,0.6218675576564181,0.9912636178192157,0.6273483122729042,0.5320739963413953,0.3935659049116613,0.9917309710813759,1.0
100020774|F|0-63:A>G-63:A>G,,,0.22282608695652173,-0.5936195032914665,0.9481122615908005,-0.6261067674575325,0.5328841652840044,0.39200968425612065,0.9917309710813759,1.0
100019864|F|0-41:A>G-41:A>G,,,0.16847826086956522,-0.6925360247031533,1.1072536510822124,-0.6254538190289817,0.5333105007927368,0.39119247973793814,0.9917309710813759,1.0
100038720|F|0-23:G>A-23:G>A,,,0.4782608695652174,-0.6063777385941976,0.9718759005031616,-0.6239250693223923,0.5343093668601524,0.3892824921289521,0.9917309710813759,1.0
100034804|F|0-11:G>A-11:G>A,Vu01 (old4),5843731.0,0.483695652173913,0.5298354491170486,0.8519886434267145,0.621880882104297,0.5356465130123124,0.3867358315268186,0.9917309710813759,1.0
100041959|F|0-33:T>G-33:T>G,,,0.20652173913043478,-0.5574401108506487,0.8970217307297269,-0.6214343440678648,0.5359388310638707,0.38618064398705737,0.9917309710813759,1.0
100028703|F|0-9:T>G-9:T>G,,,0.47282608695652173,-0.5813447807696603,0.9358321383235323,-0.6212062580059418,0.5360881750051545,0.3858972149857447,0.9917309710813759,1.0
100019357|F|0-62:A>C-62:A>C,Vu11 (old9),27999283.0,0.358695652173913,-0.6278035647053956,1.0110900056233834,-0.6209175851939371,0.5362772198937862,0.38553864760307016,0.9917309710813759,1.0
100058673|F|0-34:G>A-34:G>A,Vu05 (old1),1696325.0,0.2826086956521739,-0.7169603924167126,1.157095290935492,-0.619620871360614,0.5371268274339059,0.3839300242256865,0.9917309710813759,1.0
100018441|F|0-12:A>C-12:A>C,,,0.08695652173913043,-0.9087540358598705,1.466982007256084,-0.6194718349406678,0.5372245202497379,0.383745354284758,0.9917309710813759,1.0
100014531|F|0-60:G>C-60:G>C,,,0.37362637362637363,0.5263099766760352,0.850127760121612,0.6190951541221825,0.5374714736054642,0.38327880985756896,0.9917309710813759,1.0
100018689|F|0-30:A>C-30:A>C,,,0.125,0.706906252103625,1.1451837986996056,0.6172862844430218,0.5386581830234789,0.3810423569614712,0.9917309710813759,1.0
100016319|F|0-60:C>A-60:C>A,,,0.10326086956521739,-0.7967466507458634,1.2916133704466897,-0.616861569395428,0.538937011082086,0.3805181957969905,0.9917309710813759,1.0
100030652|F|0-8:A>C-8:A>C,,,0.125,-0.9190428695805614,1.4921650374028845,-0.6159123465190934,0.5395604477172073,0.37934801859465583,0.9917309710813759,1.0
100047320|F|0-54:C>T-54:C>T,,,0.125,-0.9190428695805614,1.4921650374028845,-0.6159123465190934,0.5395604477172073,0.37934801859465583,0.9917309710813759,1.0
100034340|F|0-9:G>A-9:G>A,Vu07 (old2),25775716.0,0.06521739130434782,0.9951082782930177,1.615782182854234,0.6158678371704699,0.539589689865134,0.3792931928610324,0.9917309710813759,1.0
100036056|F|0-31:G>A-31:G>A,,,0.3532608695652174,-0.5342601945781793,0.8677691515862757,-0.615670876985608,0.539719100209837,0.3790506287682276,0.9917309710813759,1.0
100041505|F|0-68:C>A-68:C>A,,,0.07065217391304347,-1.0182007004668954,1.6540111671304503,-0.6155948162268912,0.5397690792563024,0.3789569777654199,0.9917309710813759,1.0
100041505|F|0-33:C>T-33:C>T,,,0.07065217391304347,-1.0182007004668954,1.6540111671304503,-0.6155948162268912,0.5397690792563024,0.3789569777654199,0.9917309710813759,1.0
100020248|F|0-34:C>A-34:C>A,,,0.1956521739130435,0.6603605945651978,1.0730418780329334,0.615409899728937,0.5398905965545152,0.3787293446843803,0.9917309710813759,1.0
100016117|F|0-56:G>A-56:G>A,,,0.41304347826086957,-0.5567955012389326,0.9063158790172895,-0.6143503762095189,0.5405871275676147,0.37742638474877743,0.9917309710813759,1.0
100048542|F|0-39:C>A-39:C>A,Vu06 (old6),4481310.0,0.08695652173913043,0.9221389496728356,1.50202238812421,0.6139315611829477,0.5408625826537623,0.3769119618165314,0.9917309710813759,1.0
100029330|F|0-22:A>G-22:A>G,,,0.07065217391304347,-1.0101940653369685,1.6533877202235947,-0.6109843764899594,0.5428029648014571,0.37330190831482446,0.9917309710813759,1.0
100029213|F|0-12:G>A-12:G>A,,,0.4782608695652174,-0.5040769280275476,0.8291037279181406,-0.6079781227051922,0.5447858659466881,0.3696373976881298,0.9917309710813759,1.0
100030110|F|0-28:T>C-28:T>C,,,0.07608695652173914,0.9365362817755752,1.5405485500666924,0.6079238994026065,0.544821664785671,0.3695714674648704,0.9917309710813759,1.0
100022070|F|0-37:G>C-37:G>C,,,0.18478260869565216,-0.6640710681610236,1.0924450530553673,-0.6078759442442796,0.5448533263152037,0.3695131635908745,0.9917309710813759,1.0
100034130|F|0-64:A>T-64:A>T,,,0.2608695652173913,-0.6283849526032541,1.0349595031113206,-0.6071589764760726,0.5453268021932043,0.36864202271547214,0.9917309710813759,1.0
100016740|F|0-47:T>C-47:T>C,Vu06 (old6),33896302.0,0.10869565217391304,-0.8229512232944469,1.366805400055775,-0.6020983113330287,0.5486746940895657,0.3625223765100848,0.9917309710813759,1.0
100053824|F|0-47:A>G-47:A>G,,,0.2554347826086957,-0.6526978375858832,1.0843861899463698,-0.6019053392944478,0.5488025591182146,0.3622900374711643,0.9917309710813759,1.0
100020025|F|0-58:A>C-58:A>C,,,0.33152173913043476,0.6103743118808554,1.0156925972943902,0.6009439406241369,0.5494398135058389,0.3611336197728662,0.9917309710813759,1.0
100020694|F|0-67:C>T-67:C>T,Vu10 (old10),36275606.0,0.1793478260869565,0.7739895556175859,1.289522525492719,0.6002140639783311,0.5499238533635243,0.3602569225973841,0.9917309710813759,1.0
100020853|F|0-67:A>G-67:A>G,,,0.10326086956521739,0.7230237933371418,1.2110567100379468,0.5970189400251016,0.5520453094308163,0.35643161474869584,0.9917309710813759,1.0
100039010|F|0-12:C>T-12:C>T,,,0.09782608695652174,-0.8285848890147938,1.3881695288826246,-0.5968902729638104,0.5521308256432699,0.35627799795881204,0.9917309710813759,1.0
100033784|F|0-28:C>T-28:C>T,,,0.16304347826086957,-0.6341949786004976,1.063629276589554,-0.5962556621551404,0.5525527049024588,0.35552081465206486,0.9917309710813759,1.0
100014760|F|0-37:A>T-37:A>T,,,0.43478260869565216,0.5449085586386071,0.9206565855170653,0.5918695061878821,0.5554729439350273,0.35030951235508745,0.9917309710813759,1.0
100059436|F|0-49:A>C-49:A>C,,,0.32065217391304346,-0.815252655731128,1.3787451945535791,-0.5913004512738098,0.5558523736581876,0.3496362236766111,0.9917309710813759,1.0
100059437|F|0-44:G>C-44:G>C,,,0.32065217391304346,-0.815252655731128,1.3787451945535791,-0.5913004512738098,0.5558523736581876,0.3496362236766111,0.9917309710813759,1.0
100044894|F|0-55:A>G-55:A>G,,,0.16304347826086957,-0.7798280672363056,1.3235627227970863,-0.5891885996821474,0.5572616205409325,0.34714320599540976,0.9917309710813759,1.0
100015904|F|0-54:T>C-54:T>C,,,0.09239130434782608,0.8906487783592368,1.5147989495589276,0.5879650092301503,0.558078936333292,0.3457028520790107,0.9917309710813759,1.0
100014472|F|0-31:C>A-31:C>A,,,0.4891304347826087,-0.4986923262573196,0.8482340602618897,-0.5879182994648314,0.5581101485774501,0.3456479268456192,0.9917309710813759,1.0
100021376|F|0-67:G>C-67:G>C,,,0.2554347826086957,-0.6889581435369004,1.1756105222379372,-0.5860428522070161,0.5593640666551105,0.34344622462293456,0.9917309710813759,1.0
100050114|F|0-27:G>A-27:G>A,,,0.21666666666666667,-0.6125686036539466,1.0454309837599582,-0.5859483917826934,0.5594272593682952,0.3433355178327248,0.9917309710813759,1.0
100034526|F|0-38:G>A-38:G>A,,,0.19021739130434784,-0.6595052187097916,1.1334608094965761,-0.5818509234586675,0.5621717957024746,0.33855049712970414,0.9917309710813759,1.0
100013199|F|0-52:T>C-52:T>C,,,0.09782608695652174,0.7509297359650995,1.2934589379080872,0.5805593930794426,0.5630382487775745,0.33704920889277074,0.9917309710813759,1.0
100015778|F|0-37:G>T-37:G>T,Vu04 (old11),1978178.0,0.47282608695652173,-0.5708515933907088,0.9846509326150267,-0.5797502185618679,0.5635814359751546,0.33611031592253365,0.9917309710813759,1.0
100019753|F|0-24:T>G-24:T>G,,,0.11413043478260869,-0.6950036764792988,1.2006806198120747,-0.57884142128327,0.5641918046769158,0.33505739099323606,0.9917309710813759,1.0
100015763|F|0-37:C>T-37:C>T,Vu01 (old4),7877137.0,0.08152173913043478,-0.7858096841177202,1.3579171424460417,-0.5786875057061482,0.5642952098961524,0.33487922926040337,0.9917309710813759,1.0
100055640|F|0-33:G>T-33:G>T,,,0.3804347826086957,0.6191053071650385,1.0711394126239764,0.5779876082128401,0.5647655395911034,0.33406967524759956,0.9917309710813759,1.0
100013040|F|0-46:A>G-46:A>G,,,0.09239130434782608,0.8550533740767299,1.4806992393983036,0.5774659372582571,0.5651162261485907,0.33346690869355733,0.9917309710813759,1.0
100044397|F|0-62:C>G-62:C>G,,,0.32065217391304346,0.5210950403013205,0.903735287550222,0.5766014091514186,0.5656976283836128,0.33246918503540157,0.9917309710813759,1.0
100015215|F|0-15:G>A-15:G>A,,,0.18478260869565216,0.8119174573935233,1.4084992601548318,0.5764415220951353,0.5658051857547726,0.3322848283953564,0.9917309710813759,1.0
100034096|F|0-46:G>C-46:G>C,Vu02 (old7),21233031.0,0.24725274725274726,0.6265678697023513,1.0872551253482439,0.5762841260478436,0.5659110771602887,0.33210339393472693,0.9917309710813759,1.0
100020682|F|0-60:A>G-60:A>G,,,0.4891304347826087,-0.5118071334207681,0.8930600095052343,-0.5730937764241791,0.5680595339956078,0.328436476576127,0.9917309710813759,1.0
100015669|F|0-64:A>C-64:A>C,,,0.07065217391304347,0.8381459426261766,1.463416318769771,0.5727324014882986,0.568303142498918,0.3280224037145537,0.9917309710813759,1.0
100033812|F|0-51:C>A-51:C>A,,,0.06521739130434782,0.8805834082828868,1.538544589220523,0.572348318308421,0.5685621146876824,0.32758259747047763,0.9917309710813759,1.0
100029336|F|0-36:T>A-36:T>A,,,0.06521739130434782,-0.7923246465850372,1.386779310951039,-0.5713415540080917,0.569241208509394,0.32643117133638117,0.9917309710813759,1.0
100028230|F|0-30:T>C-30:T>C,,,0.10240963855421692,0.6213852713193732,1.087828673568262,0.5712161174067276,0.5693258469916961,0.32628785278521644,0.9917309710813759,1.0
100016880|F|0-51:C>A-51:C>A,,,0.06521739130434782,-0.9369870199482626,1.6405985756395154,-0.5711250965721577,0.5693872672245347,0.32618387593455644,0.9917309710813759,1.0
100013886|F|0-37:T>A-37:T>A,,,0.07608695652173914,-0.9062452218592748,1.589287414439228,-0.5702211026311051,0.5699974507296502,0.3251521058858334,0.9917309710813759,1.0
100015245|F|0-49:A>G-49:A>G,Vu03 (old3),7443089.0,0.059782608695652176,-0.9442454734423008,1.657659720452311,-0.5696256365478031,0.5703995553886825,0.32447336581248987,0.9917309710813759,1.0
100020103|F|0-18:T>C-18:T>C,,,0.125,0.7644936251605833,1.3438903974426128,0.5688660523323881,0.5709126847882249,0.3236085854962353,0.9917309710813759,1.0
100020795|F|0-42:T>C-42:T>C,,,0.1956521739130435,-0.5929803959352143,1.0430967055508173,-0.5684807485055619,0.5711730583227258,0.32317036142144384,0.9917309710813759,1.0
100013453|F|0-6:G>A-6:G>A,,,0.05555555555555558,-0.8215947770643417,1.4457954243593394,-0.5682648895008134,0.5713189526743865,0.3229249846393717,0.9917309710813759,1.0
100013936|F|0-38:C>A-38:C>A,,,0.266304347826087,-0.6042035589586855,1.0655197696160381,-0.5670505383268593,0.5721400419170922,0.3215463130167809,0.9917309710813759,1.0
100029425|F|0-25:A>T-25:A>T,,,0.41847826086956524,0.5406336479055822,0.9561052494425664,0.5654541152459788,0.573220337950437,0.31973835644861265,0.9917309710813759,1.0
100035486|F|0-5:T>C-5:T>C,,,0.18131868131868134,0.5820785853331716,1.0299185133338749,0.565169552539615,0.5734130042204374,0.31941662311782865,0.9917309710813759,1.0
100040510|F|0-32:T>C-32:T>C,,,0.41847826086956524,-0.5434970953329981,0.962050593288893,-0.5649360845722092,0.5735710995651601,0.31915277965177835,0.9917309710813759,1.0
100020957|F|0-56:G>A-56:G>A,,,0.07065217391304347,-0.8857936912471931,1.5689786648626831,-0.5645670722518829,0.5738210230832094,0.3187359790710627,0.9917309710813759,1.0
100034540|F|0-15:G>A-15:G>A,,,0.21739130434782608,-0.5663175856722323,1.004392176187131,-0.5638410962360186,0.574312863023272,0.31791678180463523,0.9917309710813759,1.0
100035958|F|0-25:C>T-25:C>T,,,0.40697674418604646,-0.4609354379426108,0.818245162976704,-0.5633219220823356,0.5746647216823632,0.31733158789853694,0.9917309710813759,1.0
100013604|F|0-58:C>T-58:C>T,,,0.16847826086956522,-0.5540612285075946,0.986679424566146,-0.5615412815071334,0.5758722985173073,0.3153286108366737,0.9917309710813759,1.0
100019269|F|0-46:T>G-46:T>G,,,0.05434782608695652,-1.0931731502173292,1.9517569216149313,-0.560096976273465,0.5768526772675595,0.3137086228306784,0.9917309710813759,1.0
100046553|F|0-7:C>T-7:C>T,,,0.05434782608695652,-1.0931731502173292,1.9517569216149313,-0.560096976273465,0.5768526772675595,0.3137086228306784,0.9917309710813759,1.0
100018909|F|0-13:T>C-13:T>C,,,0.05434782608695652,-1.0931731502173292,1.9517569216149313,-0.560096976273465,0.5768526772675595,0.3137086228306784,0.9917309710813759,1.0
100047216|F|0-43:T>C-43:T>C,,,0.07065217391304347,-0.8927475550835782,1.594718414296275,-0.5598151667907679,0.5770440597691682,0.3133930209689753,0.9917309710813759,1.0
100021056|F|0-55:T>C-55:T>C,,,0.21195652173913043,-0.5893923051783447,1.053025922516367,-0.5597130066560009,0.5771134462928219,0.3132786498199005,0.9917309710813759,1.0
100040147|F|0-11:C>G-11:C>G,,,0.375,-0.7481065921275134,1.3373123422668607,-0.5594105195046714,0.5773189171186551,0.31294012933248627,0.9917309710813759,1.0
100029079|F|0-11:G>A-11:G>A,,,0.06521739130434782,-0.913582397081385,1.6347332538961794,-0.5588571682285028,0.5776948834171385,0.31232133448038113,0.9917309710813759,1.0
100018485|F|0-30:G>A-30:G>A,,,0.21739130434782608,0.6164167484122455,1.1041059326871139,0.5582949336319962,0.5780770053918799,0.31169323291915507,0.9917309710813759,1.0
100020878|F|0-38:C>T-38:C>T,,,0.2554347826086957,-0.5246133590235754,0.9403162975102575,-0.5579115882736816,0.5783376148698255,0.311265340330062,0.9917309710813759,1.0
100035181|F|0-20:A>G-20:A>G,,,0.14130434782608695,0.6083358807189055,1.0909169111458679,0.5576372265417785,0.5785241685611212,0.31095927642520677,0.9917309710813759,1.0
100020012|F|0-39:A>C-39:A>C,,,0.09239130434782608,0.7883753518687565,1.4140373263504125,0.5575350361532035,0.5785936608029414,0.310845316538354,0.9917309710813759,1.0
100017511|F|0-59:G>C-59:G>C,,,0.20652173913043478,-0.5435584576406957,0.9755649148428275,-0.5571730280278355,0.5788398682726859,0.3104417831617072,0.9917309710813759,1.0
100021685|F|0-34:T>A-34:T>A,Vu06 (old6),22297694.0,0.24456521739130435,-0.5753766852280136,1.0351463702169046,-0.5558408953387424,0.5797463037033108,0.30895910093097473,0.9917309710813759,1.0
100041134|F|0-8:G>C-8:G>C,,,0.125,0.6895370528185744,1.2417947582833024,0.5552745719202526,0.5801318574795997,0.30832985022121984,0.9917309710813759,1.0
100013340|F|0-36:T>A-36:T>A,,,0.43478260869565216,-0.5102672794274532,0.92178710788588,-0.5535630462415035,0.5812978090616969,0.30643204616417297,0.9917309710813759,1.0
100013718|F|0-18:C>A-18:C>A,,,0.07608695652173914,0.7913109364908002,1.4323483863244948,0.5524570307377236,0.5820518584596475,0.305208770811542,0.9917309710813759,1.0
100016995|F|0-19:T>G-19:T>G,,,0.1956521739130435,0.5332971255779902,0.9657849812130085,0.5521903280253734,0.5822337582004367,0.3049141583647694,0.9917309710813759,1.0
100035529|F|0-67:G>T-67:G>T,,,0.24456521739130435,-0.621053151936137,1.1249129221040075,-0.5520899793510554,0.5823022061832114,0.3048033452998488,0.9917309710813759,1.0
100020284|F|0-15:A>T-15:A>T,Vu05 (old1),16272496.0,0.24456521739130432,0.6210531519359807,1.124912922104013,0.5520899793509138,0.5823022061833081,0.3048033452996924,0.9917309710813759,1.0
100033353|F|0-46:A>T-46:A>T,,,0.07142857142857142,0.8123657625602803,1.472698770912589,0.5516170574766492,0.5826248383580818,0.304281378099197,0.9917309710813759,1.0
100041774|F|0-19:G>A-19:G>A,Vu03 (old3),27017059.0,0.46195652173913043,-0.5378311203695492,0.976586683099915,-0.5507254293723801,0.5832333469792482,0.30329849855739244,0.9917309710813759,1.0
100013138|F|0-58:G>A-58:G>A,,,0.42934782608695654,-0.4470785589561865,0.8129857414245744,-0.5499217712881188,0.583782076934282,0.30241395453666203,0.9917309710813759,1.0
100029664|F|0-7:G>A-7:G>A,,,0.3423913043478261,-0.5388243996097115,0.9830697835050809,-0.5481039175963307,0.5850241914761731,0.3004179044844453,0.9917309710813759,1.0
100014432|F|0-25:C>A-25:C>A,,,0.33695652173913043,-0.5386555082697836,0.9836457652532854,-0.5476112715547367,0.5853610248534833,0.29987810473379556,0.9917309710813759,1.0
100019402|F|0-35:A>C-35:A>C,,,0.28804347826086957,-0.5231224925368795,0.9554666518108608,-0.5475047104421956,0.5854338951787914,0.29976140795639244,0.9917309710813759,1.0
100029472|F|0-28:G>A-28:G>A,,,0.20108695652173914,-0.5922850241237649,1.0818820324479836,-0.5474580465890505,0.5854658069509401,0.299710312775099,0.9917309710813759,1.0
100049328|F|0-63:A>C-63:A>C,Vu08 (old5),12604325.0,0.3695652173913043,0.5690968139559486,1.0405924152435242,0.5468969460273896,0.5858495882762442,0.29909626957408547,0.9917309710813759,1.0
100016431|F|0-28:C>T-28:C>T,,,0.09782608695652174,0.7170807080333361,1.3113004289974008,0.5468470017825011,0.5858837548756475,0.2990416433585108,0.9917309710813759,1.0
100015510|F|0-57:A>C-57:A>C,,,0.42391304347826086,0.46595675326186486,0.8535171387248913,0.5459254795492205,0.5865143322004147,0.2980346292210464,0.9917309710813759,1.0
100019870|F|0-67:G>A-67:G>A,,,0.18478260869565216,0.576758563101679,1.057439347982426,0.5454294510622507,0.5868538859945776,0.2974932860860681,0.9917309710813759,1.0
100041229|F|0-52:A>T-52:A>T,,,0.47282608695652173,-0.5287271617027178,0.9697882818889135,-0.5451985465042792,0.5870119821384844,0.29724145511037875,0.9917309710813759,1.0
100014505|F|0-46:G>T-46:G>T,,,0.2608695652173913,-0.5700513621840099,1.0467289374681146,-0.544602658605084,0.5874200684129717,0.29659205575972564,0.9917309710813759,1.0
100035964|F|0-51:G>A-51:G>A,,,0.22282608695652173,-0.5553566597928069,1.0199909102883291,-0.5444721655762792,0.587509452734731,0.2964499390873232,0.9917309710813759,1.0
100020403|F|0-39:T>G-39:T>G,,,0.17391304347826086,0.5911657532906269,1.0898773396433148,0.5424149413768877,0.5889194430160787,0.29421396862889254,0.9917309710813759,1.0
100041553|F|0-26:T>A-26:T>A,,,0.07065217391304347,0.8196657145570011,1.512181776596246,0.5420417883900029,0.5891753665742876,0.29380930036103275,0.9917309710813759,1.0
100014402|F|0-62:C>T-62:C>T,,,0.47252747252747257,0.5036021482850285,0.9322917468000295,0.5401765595518544,0.590455398600391,0.2917907154892781,0.9917309710813759,1.0
100029793|F|0-30:G>A-30:G>A,,,0.09239130434782608,-0.7071731610383654,1.309637345619412,-0.5399763250519537,0.59059288891081,0.29157443161661317,0.9917309710813759,1.0
100046610|F|0-39:T>C-39:T>C,,,0.2826086956521739,-0.6707237074111543,1.2427744384273203,-0.539698666686392,0.5907835668437224,0.29127465082306925,0.9917309710813759,1.0
100035283|F|0-38:G>T-38:G>T,,,0.32608695652173914,0.5048202720875199,0.9363161252014754,0.5391558027251675,0.5911564541592107,0.29068897961221973,0.9917309710813759,1.0
100040378|F|0-57:G>A-57:G>A,,,0.3423913043478261,0.4968464031935534,0.9225095855478733,0.5385812906198466,0.5915512000897917,0.29006980660573967,0.9917309710813759,1.0
100013042|F|0-30:A>G-30:A>G,,,0.42391304347826086,-0.4469260124559012,0.834028873078151,-0.5358639573309147,0.5934199407282643,0.2871501807663484,0.9917309710813759,1.0
100018711|F|0-35:A>G-35:A>G,Vu02 (old7),32416848.0,0.09239130434782608,-0.6983393261460342,1.3054978394269179,-0.5349218551388705,0.5940684763959361,0.28614139110521075,0.9917309710813759,1.0
100016783|F|0-52:G>T-52:G>T,Vu07 (old2),39495827.0,0.06043956043956044,0.7537712935591223,1.4098663878452202,0.5346402326188897,0.5942624071083418,0.2858401783347805,0.9917309710813759,1.0
100033543|F|0-14:C>T-14:C>T,,,0.06521739130434782,0.8459240631127214,1.5825632721615548,0.5345277992944385,0.5943398390931581,0.28571996821855555,0.9917309710813759,1.0
100013326|F|0-33:T>A-33:T>A,,,0.21195652173913043,-0.5503502594927986,1.0346517742351535,-0.5319183450872971,0.5961382671962535,0.28293712584040887,0.9917309710813759,1.0
100051719|F|0-44:C>T-44:C>T,,,0.4945652173913043,-0.5193021774286275,0.9763680848875607,-0.5318713152001796,0.5961707031857949,0.2828870959327688,0.9917309710813759,1.0
100060051|F|0-42:G>A-42:G>A,,,0.2826086956521739,-0.5226512753387486,0.9844171639764524,-0.5309245861048909,0.5968238256114815,0.2818809161306497,0.9917309710813759,1.0
100046635|F|0-47:T>A-47:T>A,,,0.33152173913043476,0.48279268570801914,0.9099917937469765,0.5305461972575324,0.5970849583228943,0.28147926742442847,0.9917309710813759,1.0
100017394|F|0-18:C>T-18:C>T,,,0.3641304347826087,0.4819898959513355,0.9127519494555428,0.5280623024019208,0.5988004484439722,0.2788497952180176,0.9917309710813759,1.0
100038927|F|0-38:C>G-38:C>G,,,0.27717391304347827,-0.5721735235851063,1.087673979860377,-0.5260524147672958,0.600190229803637,0.276731143082503,0.9917309710813759,1.0
100013767|F|0-67:G>C-67:G>C,,,0.10869565217391304,0.7440247347646194,1.4174512237803374,0.5249032363740236,0.6009855210320147,0.2755234075559241,0.9917309710813759,1.0
100041943|F|0-53:G>T-53:G>T,,,0.08695652173913043,-0.7095522005014466,1.3549004784445744,-0.5236932245503466,0.6018234350974919,0.27425459343993974,0.9917309710813759,1.0
100017065|F|0-46:G>A-46:G>A,,,0.13043478260869565,0.7416587714587172,1.4179908161055927,0.5230349611823498,0.6022794970559688,0.2735655706190222,0.9917309710813759,1.0
100013004|F|0-22:T>A-22:T>A,,,0.20108695652173914,-0.5696908457399087,1.0893209155660981,-0.5229779742582578,0.6023189865270484,0.2735059615592709,0.9917309710813759,1.0
100034291|F|0-11:A>T-11:A>T,,,0.07608695652173914,-0.7531490205828757,1.4410756721891342,-0.5226297515929673,0.602560315535141,0.27314185725012674,0.9917309710813759,1.0
100022067|F|0-14:T>C-14:T>C,Vu06 (old6),22313672.0,0.10326086956521739,-0.704505231344849,1.3500893804666387,-0.521821178314392,0.603120852447398,0.2722973421374205,0.9917309710813759,1.0
100015678|F|0-23:A>G-23:A>G,,,0.29891304347826086,0.4712878210417721,0.9031634382469029,0.5218189765925106,0.6031223790991183,0.27229504433205515,0.9917309710813759,1.0
100013122|F|0-67:G>A-67:G>A,,,0.16304347826086957,-0.6703108421786305,1.284708699884198,-0.521760958137087,0.6031626091475909,0.27223449743613104,0.9917309710813759,1.0
100028785|F|0-15:C>T-15:C>T,,,0.14130434782608695,-0.6010317969651799,1.153042939438435,-0.5212570810744478,0.6035120495832883,0.27170894457025346,0.9917309710813759,1.0
100019395|F|0-49:A>G-49:A>G,Vu07 (old2),128608.0,0.22826086956521738,-0.5879555509351843,1.1397117705485795,-0.5158809149195525,0.6072461881426277,0.2661331183782345,0.9917309710813759,1.0
100021067|F|0-49:G>A-49:G>A,Vu03 (old3),51946113.0,0.44565217391304346,-0.4614145725595801,0.8958349738526317,-0.515066486604356,0.6078127819648507,0.2652934856229553,0.9917309710813759,1.0
100021860|F|0-9:A>C-9:A>C,,,0.16847826086956522,0.5513902928586,1.0732875271393696,0.513739588801725,0.6087364116547135,0.2639283651021655,0.9917309710813759,1.0
100013491|F|0-20:G>A-20:G>A,,,0.06521739130434782,0.786258466336951,1.5317793590233502,0.5132974678796187,0.60904430520696,0.2634742905316282,0.9917309710813759,1.0
100047217|F|0-67:G>A-67:G>A,,,0.07608695652173914,-0.7551204242795503,1.4716509292126758,-0.5131110980805312,0.6091741144802264,0.26328299897340857,0.9917309710813759,1.0
100032969|F|0-67:T>C-67:T>C,,,0.06521739130434782,-0.7967806864009889,1.5529824554650464,-0.513064834439736,0.6092063397179676,0.26323552433867375,0.9917309710813759,1.0
100015193|F|0-65:C>A-65:C>A,,,0.08152173913043478,-0.9761325103339149,1.906875689317703,-0.5119014919547188,0.6100169268791386,0.26204313746546704,0.9917309710813759,1.0
100034724|F|0-49:G>A-49:G>A,,,0.22282608695652173,-0.5893507132489986,1.1610129157344573,-0.507617706282083,0.6130059503564903,0.2576757357310831,0.9917309710813759,1.0
100033913|F|0-64:C>T-64:C>T,,,0.08695652173913043,0.7141850461062629,1.4069848265401088,0.507599678855459,0.6130185429384429,0.2576574339741651,0.9917309710813759,1.0
100029349|F|0-21:A>C-21:A>C,,,0.1358695652173913,-0.667212787159409,1.3162649601185719,-0.5068985404726607,0.6135083947316936,0.25694613033331365,0.9917309710813759,1.0
100034454|F|0-32:T>C-32:T>C,Vu05 (old1),11968566.0,0.1956521739130435,-0.5876831100041583,1.1594242766504084,-0.5068749394328557,0.6135248867034706,0.2569222042250611,0.9917309710813759,1.0
100035931|F|0-44:G>C-44:G>C,,,0.3641304347826087,-0.5257817099980935,1.0374338241876404,-0.5068098781238459,0.6135703513777501,0.25685625256390754,0.9917309710813759,1.0
100020809|F|0-53:C>G-53:C>G,,,0.09782608695652174,0.7202908682838963,1.4219423295868154,0.5065542063813493,0.6137490287728625,0.2565971640026386,0.9917309710813759,1.0
100029976|F|0-21:C>T-21:C>T,,,0.05434782608695652,-0.8154329144846236,1.6129384020452118,-0.505557381144036,0.614445887570652,0.2555882656292161,0.9917309710813759,1.0
100017261|F|0-49:C>T-49:C>T,,,0.07065217391304347,-0.7588623100485218,1.5021923194448776,-0.5051698775353564,0.6147168785533099,0.25519660516908693,0.9917309710813759,1.0
100015052|F|0-68:T>A-68:T>A,,,0.4836956521739131,0.48000277300139843,0.9505653155212858,0.5049655874916571,0.6148597652410149,0.2549902445507944,0.9917309710813759,1.0
100014483|F|0-57:T>A-57:T>A,,,0.2554347826086957,0.4632576893508858,0.9188784454775455,0.5041555731673829,0.6154264602592713,0.25417284195573236,0.9917309710813759,1.0
100038668|F|0-20:A>G-20:A>G,,,0.07065217391304347,-0.7760309109497966,1.5431483093346188,-0.5028880932931254,0.6163136715972455,0.25289643437599524,0.9917309710813759,1.0
100040128|F|0-22:T>C-22:T>C,,,0.07065217391304347,-0.7760309109497966,1.5431483093346188,-0.5028880932931254,0.6163136715972455,0.25289643437599524,0.9917309710813759,1.0
100019390|F|0-56:C>T-56:C>T,,,0.22282608695652173,0.5769886542007842,1.1495493623203916,0.5019259486483637,0.6169875351785097,0.25192965792655986,0.9917309710813759,1.0
100016549|F|0-30:A>G-30:A>G,,,0.07608695652173914,0.7970152867065055,1.589171327338911,0.5015288616118682,0.6172657413727747,0.2515311990296964,0.9917309710813759,1.0
100043216|F|0-10:A>G-10:A>G,,,0.09239130434782608,0.6950195904102957,1.3915240964414544,0.49946644272109253,0.618711606681071,0.2494667274044624,0.9917309710813759,1.0
100014666|F|0-59:T>C-59:T>C,,,0.2608695652173913,0.5097525610358274,1.0215981822343754,0.49897559520018786,0.6190559384850234,0.24897664460538174,0.9917309710813759,1.0
100019344|F|0-54:A>C-54:A>C,,,0.10326086956521739,0.6352194999970827,1.2741889764047754,0.4985284849892554,0.6193696624033708,0.24853065034568225,0.9917309710813759,1.0
100017265|F|0-28:G>A-28:G>A,Vu03 (old3),52001826.0,0.42934782608695654,0.4161987506777887,0.835435523865937,0.4981817732047703,0.6196129882962575,0.2481850791534492,0.9917309710813759,1.0
100041373|F|0-34:A>C-34:A>C,,,0.08695652173913043,0.7395570883491498,1.4847672477104135,0.4980963107110454,0.6196729732662709,0.24809993474395425,0.9917309710813759,1.0
100040044|F|0-66:G>T-66:G>T,,,0.4782608695652174,0.5138419572624229,1.0336571495541425,0.4971106304291161,0.6203649950120456,0.24711897888563322,0.9917309710813759,1.0
100014086|F|0-61:C>T-61:C>T,,,0.07065217391304347,0.7192565551681911,1.4525551914609989,0.49516642079861595,0.6217309788833902,0.245189784286512,0.9917309710813759,1.0
100015474|F|0-64:A>G-64:A>G,,,0.10869565217391304,0.6167493676634233,1.2457395866710501,0.495086914040793,0.6217868678735933,0.24511105245443557,0.9917309710813759,1.0
100041314|F|0-40:C>T-40:C>T,,,0.4673913043478261,-0.4427516254323829,0.8947315411284323,-0.4948429837110538,0.6219583516704636,0.24486957852805824,0.9917309710813759,1.0
100021048|F|0-66:C>T-66:C>T,,,0.44565217391304346,-0.5332160830641921,1.0775837097529493,-0.4948256717674761,0.6219705228154077,0.244852445440134,0.9917309710813759,1.0
100052713|F|0-20:C>T-20:C>T,,,0.1793478260869565,-0.5090214086696,1.0289766799823539,-0.49468702116585317,0.6220680047785652,0.24471524890994525,0.9917309710813759,1.0
100015576|F|0-58:G>T-58:G>T,,,0.11956521739130435,-0.6166981644379658,1.2482841493065269,-0.49403668610273305,0.6225253299829739,0.24407224721537038,0.9917309710813759,1.0
100035017|F|0-19:T>C-19:T>C,,,0.44021739130434784,0.46694330084259217,0.9457001433737922,0.49375407639970165,0.6227241115050518,0.2437930879613224,0.9917309710813759,1.0
100017564|F|0-8:A>T-8:A>T,Vu07 (old2),38265563.0,0.08152173913043478,0.7194552255403832,1.462781393070126,0.49184056411216087,0.6240707699459732,0.24190714050616863,0.9917309710813759,1.0
100029328|F|0-28:G>C-28:G>C,,,0.40217391304347827,0.4636637550836326,0.9463594430291618,0.4899446595043327,0.6254062981893558,0.2400457693768165,0.9917309710813759,1.0
100018573|F|0-44:G>C-44:G>C,,,0.08695652173913043,-0.7422929817326732,1.5175196621195337,-0.48914883955829985,0.6259672692842618,0.23926658724123137,0.9917309710813759,1.0
100016098|F|0-43:C>A-43:C>A,,,0.08695652173913043,-0.7422929817326732,1.5175196621195337,-0.48914883955829985,0.6259672692842618,0.23926658724123137,0.9917309710813759,1.0
100014515|F|0-36:T>C-36:T>C,,,0.3967391304347826,-0.41394088728628275,0.8509349260038767,-0.4864542218641957,0.6278683315734177,0.23663770996950012,0.9917309710813759,1.0
100017935|F|0-68:T>C-68:T>C,,,0.1358695652173913,0.5865532090300313,1.2058716767464057,0.48641428465475367,0.627896526358313,0.23659885631619573,0.9917309710813759,1.0
100033255|F|0-59:G>A-59:G>A,,,0.1888888888888889,0.485768081972192,0.9996822840411603,0.4859224672948103,0.628243783802748,0.236120644221876,0.9917309710813759,1.0
100013415|F|0-20:G>A-20:G>A,Vu07 (old2),385652.0,0.16847826086956522,-0.5420743093738092,1.1169925850839455,-0.48529803743779604,0.6286847955675547,0.2355141851409765,0.9917309710813759,1.0
100013424|F|0-13:C>A-13:C>A,,,0.22282608695652173,-0.44054657404817404,0.9092229635552351,-0.484530848545172,0.629226817353749,0.2347701431919044,0.9917309710813759,1.0
100028334|F|0-33:A>C-33:A>C,,,0.44021739130434784,0.4984825224059774,1.0295234491789558,0.48418763341769133,0.6294693659389413,0.23443766435462465,0.9917309710813759,1.0
100020673|F|0-43:T>A-43:T>A,,,0.07065217391304347,-0.8188018426353121,1.697611959840846,-0.48232567984033065,0.6307859082784254,0.23263806143343713,0.9917309710813759,1.0
100035246|F|0-43:C>A-43:C>A,,,0.4782608695652174,0.4247550102734475,0.882096868871202,0.48152875864642414,0.6313497568450546,0.2318699454035662,0.9917309710813759,1.0
100015397|F|0-30:G>C-30:G>C,,,0.07065217391304347,-0.7612001899644044,1.5815110622009203,-0.4813119605404942,0.6315031865882705,0.23166120335933424,0.9917309710813759,1.0
100038948|F|0-13:G>A-13:G>A,,,0.17391304347826086,0.5254422006959721,1.0925966816785457,0.4809114008004677,0.6317867083867809,0.23127577541986807,0.9917309710813759,1.0
100053174|F|0-19:G>C-19:G>C,,,0.11413043478260869,0.6061882705078948,1.2605084300238785,0.4809077480714758,0.6317892940931461,0.23127226215517804,0.9917309710813759,1.0
100018646|F|0-46:C>T-46:C>T,,,0.19021739130434784,-0.476596989787884,0.9911527581200731,-0.4808511966327462,0.6318293265047558,0.23121787330314397,0.9917309710813759,1.0
100041362|F|0-27:G>A-27:G>A,,,0.48901098901098905,-0.44471997058192414,0.9272269206123591,-0.4796236613667582,0.6326985615555061,0.23003885654285475,0.9917309710813759,1.0
100044760|F|0-9:A>T-9:A>T,Vu07 (old2),52829.0,0.32065217391304346,-0.49609947613936867,1.0352433254087878,-0.4792105043937117,0.6329912400520724,0.22964270752127558,0.9917309710813759,1.0
100014294|F|0-58:C>T-58:C>T,,,0.06521739130434782,-0.8241063480283349,1.7210466371657884,-0.47884021863897275,0.6332535984558195,0.22928795498621923,0.9917309710813759,1.0
100016014|F|0-65:T>C-65:T>C,,,0.08695652173913043,0.6574991264646136,1.3736916508864279,0.47863661837089627,0.6333978752642039,0.229093012445527,0.9917309710813759,1.0
100030532|F|0-16:G>A-16:G>A,,,0.08695652173913043,0.6574991264646136,1.3736916508864279,0.47863661837089627,0.6333978752642039,0.229093012445527,0.9917309710813759,1.0
100017664|F|0-11:A>T-11:A>T,,,0.07608695652173914,0.6441607906942549,1.3495054776815272,0.47733099372144366,0.6343234141178752,0.2278448775671009,0.9917309710813759,1.0
100036118|F|0-16:G>C-16:G>C,,,0.22777777777777777,-0.47641232485354174,1.000301807671004,-0.476268583341631,0.6350769714171466,0.22683176347824413,0.9917309710813759,1.0
100018381|F|0-53:C>A-53:C>A,Vu07 (old2),28235227.0,0.20108695652173914,-0.46518950687560123,0.9776504624906265,-0.47582395214185397,0.6353924582322376,0.22640843343189335,0.9917309710813759,1.0
100021093|F|0-30:G>T-30:G>T,,,0.0879120879120879,0.7200214664327679,1.5222088783020669,0.47301094921736947,0.6373899753585875,0.2237393580795169,0.9917309710813759,1.0
100041313|F|0-65:C>T-65:C>T,Vu03 (old3),62938472.0,0.14130434782608695,-0.5564986944636546,1.1789347633529674,-0.47203518953070484,0.6380834910545434,0.22281722015528843,0.9917309710813759,1.0
100035378|F|0-22:G>A-22:G>A,,,0.45108695652173914,-0.4468276148881304,0.9467337086719829,-0.47196757736123224,0.6381315579706452,0.22275339408023073,0.9917309710813759,1.0
100020777|F|0-46:A>G-46:A>G,,,0.45108695652173914,0.3698109424537433,0.7836707405014064,0.47189581458296087,0.6381825773349686,0.22268565982091618,0.9917309710813759,1.0
100018973|F|0-53:T>G-53:T>G,,,0.13043478260869565,0.6222120072767628,1.319313371266444,0.47161805589788347,0.6383800648189331,0.22242359064889913,0.9917309710813759,1.0
100041823|F|0-64:C>T-64:C>T,,,0.45652173913043476,0.4640849719900945,0.9844170209692735,0.4714312756733408,0.6385128809494124,0.22224744768299345,0.9917309710813759,1.0
100019762|F|0-66:A>G-66:A>G,,,0.34782608695652173,-0.40124609942709494,0.8519478853115895,-0.4709749344355073,0.6388374267975299,0.2218173888665304,0.9917309710813759,1.0
100017341|F|0-38:C>A-38:C>A,,,0.4945652173913043,-0.43972317981292186,0.9372144288303823,-0.4691809753309968,0.6401139563314938,0.22013078761254543,0.9927403334495282,1.0
100049017|F|0-36:G>A-36:G>A,,,0.2554347826086957,-0.5391116326606152,1.157217984183518,-0.46586869546534804,0.6424737264809931,0.2170336414145852,0.9954260571577459,1.0
100014400|F|0-16:A>T-16:A>T,,,0.16847826086956522,0.5127108743499978,1.105150690064085,0.46392847505733986,0.6438577082375263,0.2152296299690288,0.9965961597231242,1.0
100035819|F|0-44:C>T-44:C>T,,,0.1358695652173913,0.4681582350418097,1.011446127266244,0.46286027740019803,0.6446202030541448,0.21423963639498828,0.9968029481373848,1.0
100033155|F|0-6:A>T-6:A>T,,,0.19444444444444445,0.49872390858934934,1.081613912812269,0.46109235715416563,0.6458830055472145,0.21260616182598463,0.9969386682477026,1.0
100017304|F|0-37:T>A-37:T>A,,,0.47282608695652173,-0.38834484091964017,0.8425849829445052,-0.46089694070089726,0.6460226528185153,0.2124259899474464,0.9969386682477026,1.0
100044498|F|0-24:C>T-24:C>T,,,0.41208791208791207,-0.41809888441694837,0.9087203455279197,-0.4600963172823587,0.6465949217404658,0.2116886211767889,0.9969386682477026,1.0
100034045|F|0-65:A>T-65:A>T,,,0.28804347826086957,-0.47895193039961526,1.0468346944585287,-0.4575239366205295,0.6484350442394037,0.20932815258074627,0.9976080253735823,1.0
100014991|F|0-45:T>G-45:T>G,,,0.07608695652173914,-0.6924318500908282,1.5157180389475493,-0.456834208143108,0.6489288056083333,0.2086974937297405,0.9976080253735823,1.0
100058976|F|0-14:G>A-14:G>A,,,0.05434782608695652,-0.9045106196599376,1.9852481671125428,-0.45561589459896545,0.6498013528493971,0.2075858434112156,0.9976080253735823,1.0
100015622|F|0-52:A>G-52:A>G,,,0.30978260869565216,0.4525594715929604,0.993585864117311,0.4554809885454726,0.6498980016601063,0.20746293092636092,0.9976080253735823,1.0
100014670|F|0-19:A>G-19:A>G,Vu11 (old9),34116227.0,0.07608695652173914,0.6959114761334915,1.5343121420493246,0.45356577521702196,0.6512707363013509,0.20572191244821808,0.9976080253735823,1.0
100020488|F|0-58:T>G-58:T>G,,,0.24456521739130435,-0.42833139233237416,0.9459091055801804,-0.4528251074078137,0.6518019351001618,0.205050577898898,0.9976080253735823,1.0
100032829|F|0-7:T>A-7:T>A,,,0.2826086956521739,-0.47749584892763447,1.0551319308149645,-0.45254610819978264,0.6520020768972216,0.20479798004676938,0.9976080253735823,1.0
100014559|F|0-31:C>A-31:C>A,,,0.09782608695652174,0.6026539034277324,1.3319514060892064,0.45245937702577876,0.65206429923472,0.20471948785855582,0.9976080253735823,1.0
100012953|F|0-27:C>A-27:C>A,,,0.4673913043478261,0.37934268553311634,0.8434432139361899,0.44975486110415874,0.6540057969223294,0.2022794350868211,0.9990555735123038,1.0
100020314|F|0-31:G>A-31:G>A,,,0.4076086956521739,-0.3689816841705425,0.8244860873124397,-0.4475293032212399,0.6556052528665477,0.2002824772416885,0.9990555735123038,1.0
100020177|F|0-41:C>G-41:C>G,,,0.2391304347826087,-0.4240860167255419,0.9508354193717865,-0.44601411357365506,0.656695104613697,0.19892858950689327,0.9990555735123038,1.0
100019676|F|0-10:G>T-10:G>T,,,0.25,0.4201417277033834,0.9438126970335444,0.44515371431631734,0.6573143071916159,0.19816182936961346,0.9990555735123038,1.0
100016088|F|0-16:G>A-16:G>A,,,0.3967391304347826,0.38155871743915226,0.8581815905514345,0.4446130302025907,0.6577035432346167,0.19768074662592983,0.9990555735123038,1.0
100028939|F|0-16:C>T-16:C>T,,,0.33695652173913043,-0.402115571984938,0.9051314848764511,-0.4442620533080076,0.6579562604671338,0.197368772009447,0.9990555735123038,1.0
100028451|F|0-5:C>A-5:C>A,,,0.22826086956521738,0.5433422656421139,1.2308459531099027,0.4414380729524149,0.6599910831349651,0.19486757225194157,0.9990555735123038,1.0
100059434|F|0-15:G>A-15:G>A,,,0.43478260869565216,-0.3827627916051326,0.8725782511647864,-0.4386572678085783,0.6619972991332032,0.19242019860128676,0.9990555735123038,1.0
100015905|F|0-31:G>A-31:G>A,,,0.125,-0.5035545848678448,1.1558849229447603,-0.4356442193094594,0.6641738566830284,0.18978588581774836,0.9990555735123038,1.0
100021653|F|0-36:G>A-36:G>A,,,0.06521739130434782,-0.7596756335766166,1.751238177397724,-0.43379344019639116,0.6655122488978092,0.18817674875742,0.9990555735123038,1.0
100015598|F|0-56:T>C-56:T>C,,,0.33695652173913043,-0.410446824896105,0.9481840901398279,-0.4328767263280876,0.6661755732012437,0.18738226019652204,0.9990555735123038,1.0
100017951|F|0-58:G>A-58:G>A,,,0.3641304347826087,-0.38159469386345074,0.8825405520943009,-0.432382050839378,0.6665336254825452,0.18695423788806645,0.9990555735123038,1.0
100034493|F|0-32:C>T-32:C>T,,,0.15217391304347827,0.5151942055085618,1.1968409297683247,0.4304617202624321,0.6679243165748333,0.18529729261129238,0.9990555735123038,1.0
100044377|F|0-51:A>T-51:A>T,,,0.10326086956521739,0.6570150810402925,1.528361896194969,0.4298818772412518,0.6683444635358088,0.1847984283804627,0.9990555735123038,1.0
100018223|F|0-41:G>A-41:G>A,Vu09 (old8),16423359.0,0.21739130434782608,-0.4190966806754241,0.9752123160121018,-0.42974916722670203,0.6684406384146839,0.1846843467320439,0.9990555735123038,1.0
100029181|F|0-14:G>C-14:G>C,,,0.13043478260869565,0.4912681606076801,1.147650814633201,0.42806414141281607,0.6696622567130356,0.1832389091634914,0.9990555735123038,1.0
100015749|F|0-20:C>T-20:C>T,Vu09 (old8),33437303.0,0.3858695652173913,-0.37127019749704837,0.8696210473374942,-0.4269333161079309,0.6704825870847716,0.18227205640291444,0.9990555735123038,1.0
100020726|F|0-7:G>A-7:G>A,Vu08 (old5),37188871.0,0.16847826086956522,0.4539359758891955,1.065346625140342,0.4260922831847304,0.6710929537824438,0.1815546337895765,0.9990555735123038,1.0
100017082|F|0-22:G>A-22:G>A,,,0.2554347826086957,-0.4171317601368929,0.9811586311861125,-0.42514201769047955,0.6717828600244149,0.180745735205932,0.9990555735123038,1.0
100013630|F|0-30:A>G-30:A>G,,,0.3695652173913043,0.4240192337240001,0.9976718913218972,0.4250087001671284,0.6718796729597535,0.18063239521775204,0.9990555735123038,1.0
100016381|F|0-40:C>G-40:C>G,Vu08 (old5),3031274.0,0.27717391304347827,-0.3870113331073418,0.9137910290033993,-0.4235227976897792,0.6729590847238741,0.17937156016297762,0.9990555735123038,1.0
100034752|F|0-27:G>T-27:G>T,,,0.1793478260869565,-0.47736426932351894,1.1283124991184081,-0.42307806542646753,0.6732822873211445,0.17899504944500233,0.9990555735123038,1.0
100013240|F|0-26:A>G-26:A>G,,,0.14673913043478262,0.5159864519429854,1.2208932120286102,0.4226302897414208,0.6736077637028448,0.1786163618069173,0.9990555735123038,1.0
100020859|F|0-32:T>C-32:T>C,,,0.1358695652173913,0.4934757585693691,1.1722882624250797,0.420950865402789,0.6748290466468708,0.17719963108335696,0.9990555735123038,1.0
100020369|F|0-25:G>C-25:G>C,,,0.4945652173913043,-0.3686939938869155,0.8787135234956311,-0.419583839361212,0.675823796313547,0.17605059825309538,0.9990555735123038,1.0
100048863|F|0-39:A>G-39:A>G,,,0.06593406593406594,0.7297792883544025,1.7422868828769422,0.4188628724273917,0.6763486575427617,0.1754461058981254,0.9990555735123038,1.0
100021629|F|0-12:T>C-12:T>C,,,0.11956521739130435,0.526741571675857,1.2581208088182672,0.4186732847782853,0.6764867032239485,0.17528731938703918,0.9990555735123038,1.0
100018345|F|0-65:A>C-65:A>C,,,0.06521739130434782,0.7293948150658696,1.7429657801622884,0.4184791367492913,0.6766280809478395,0.17512478789443206,0.9990555735123038,1.0
100020014|F|0-36:G>C-36:G>C,,,0.3858695652173913,0.3746559778901881,0.8956278860060987,0.4183165617597094,0.6767464762466354,0.17498874584246477,0.9990555735123038,1.0
100018159|F|0-67:G>A-67:G>A,,,0.09782608695652174,-0.5503319688393041,1.3210980599544153,-0.4165716274371741,0.6780177366183511,0.17353192078565577,0.9990555735123038,1.0
100053755|F|0-5:T>C-5:T>C,,,0.20879120879120877,0.3721609540987115,0.8938758241485769,0.41634525069877293,0.6781827303483929,0.17334336777942408,0.9990555735123038,1.0
100034393|F|0-68:C>A-68:C>A,,,0.09239130434782608,-0.6100443012246239,1.4696514654459918,-0.415094541507156,0.6790945872420932,0.17230347838903606,0.9990555735123038,1.0
100041089|F|0-45:A>G-45:A>G,,,0.31521739130434784,-0.3893007405253452,0.9429807395517816,-0.41284060659646976,0.6807390739440025,0.17043736645494112,0.9990555735123038,1.0
100035996|F|0-47:A>G-47:A>G,,,0.31521739130434784,-0.3893007405253452,0.9429807395517816,-0.41284060659646976,0.6807390739440025,0.17043736645494112,0.9990555735123038,1.0
100014627|F|0-15:C>G-15:C>G,,,0.358695652173913,-0.35231177877444264,0.8534897255099707,-0.412789712921186,0.680776224194926,0.17039534709355514,0.9990555735123038,1.0
100020460|F|0-46:A>G-46:A>G,,,0.08695652173913043,-0.5974966337590907,1.4491485255110923,-0.41230876148348067,0.6811273374899832,0.16999851479604175,0.9990555735123038,1.0
100044399|F|0-36:G>A-36:G>A,,,0.3423913043478261,-0.41556877736814757,1.0092415249433828,-0.41176345512681956,0.6815255174149405,0.16954914297797635,0.9990555735123038,1.0
100022222|F|0-28:C>A-28:C>A,,,0.375,-0.3766366640490899,0.9179366582196533,-0.4103079016144537,0.6825887969562932,0.1683525741272562,0.9990555735123038,1.0
100021941|F|0-59:G>A-59:G>A,,,0.2717391304347826,-0.41892613653482563,1.021421109774382,-0.41014047245152463,0.6827111448552016,0.16821520714275984,0.9990555735123038,1.0
100033778|F|0-25:A>T-25:A>T,,,0.17032967032967034,-0.4285138698007216,1.0481013787888542,-0.4088477302604981,0.6836560941454909,0.167156466539161,0.9990555735123038,1.0
100029488|F|0-5:C>T-5:C>T,,,0.23369565217391305,-0.46907424023963584,1.1490161793551543,-0.4082398913676634,0.6841005775004038,0.16665980890388163,0.9990555735123038,1.0
100019495|F|0-5:T>G-5:T>G,,,0.29347826086956524,0.4116541896007052,1.0149587293164657,0.4055871216339387,0.6860417222256778,0.16450091323530336,0.9990555735123038,1.0
100020907|F|0-40:A>T-40:A>T,,,0.14130434782608695,-0.4369307660997161,1.0785799645265892,-0.4050981665429822,0.6863997421194085,0.16410452453648575,0.9990555735123038,1.0
100028871|F|0-35:G>C-35:G>C,,,0.4945652173913043,0.3780483491534154,0.9433817177957796,0.40073741309798644,0.6895959065136251,0.16059047425646622,0.9990555735123038,1.0
100017718|F|0-15:A>G-15:A>G,,,0.19021739130434784,0.495964715715989,1.2407492181749966,0.39973002477124076,0.6903350646750476,0.15978409270361674,0.9990555735123038,1.0
100016225|F|0-50:A>C-50:A>C,,,0.31666666666666665,0.36922967943927687,0.924327832657623,0.3994574937526975,0.6905350824702721,0.15956628931518638,0.9990555735123038,1.0
100033542|F|0-31:T>C-31:T>C,,,0.06521739130434782,0.5806044070090473,1.4626615934747889,0.39695060675636373,0.6923759834737853,0.15756978420424533,0.9990555735123038,1.0
100017423|F|0-27:G>C-27:G>C,,,0.09239130434782608,-0.5920676786185031,1.4918313333356579,-0.39687306828089625,0.6924329524343745,0.15750823232669292,0.9990555735123038,1.0
100016982|F|0-43:C>A-43:C>A,,,0.11413043478260869,0.5099590448543557,1.2865915667445846,0.39636436149250254,0.6928067526643499,0.15710470706135923,0.9990555735123038,1.0
100017684|F|0-22:A>G-22:A>G,,,0.2391304347826087,-0.4522669460824442,1.142381128419403,-0.3958984745381781,0.693149155440821,0.15673560214165647,0.9990555735123038,1.0
100015139|F|0-52:T>C-52:T>C,,,0.08695652173913043,0.5380796757402935,1.365109064790722,0.3941660704031613,0.6944229416912351,0.1553668910570699,0.9990555735123038,1.0
100014831|F|0-22:G>T-22:G>T,,,0.2826086956521739,-0.3914955607755368,0.9959782996539269,-0.39307639625438623,0.6952245976188146,0.15450905329233525,0.9990555735123038,1.0
100035251|F|0-22:T>A-22:T>A,,,0.27717391304347827,-0.3815541347027801,0.9732887866034716,-0.3920256145499284,0.6959979694339758,0.15368408246324902,0.9990555735123038,1.0
100013788|F|0-18:C>T-18:C>T,,,0.08152173913043478,-0.6119982797682719,1.5685474596171134,-0.3901687998128296,0.6973653650009405,0.1522316923473839,0.9990555735123038,1.0
100019068|F|0-18:T>C-18:T>C,,,0.21195652173913043,-0.3778443091035953,0.9690180216344828,-0.38992495564351803,0.6975450111506258,0.1520414710335995,0.9990555735123038,1.0
100017140|F|0-53:T>C-53:T>C,,,0.10869565217391304,0.5550287201156486,1.4243662973228477,0.38966712506385953,0.6977349802016596,0.15184046835553355,0.9990555735123038,1.0
100056408|F|0-52:A>T-52:A>T,,,0.45108695652173914,-0.35983452972719726,0.931031434336387,-0.38649020479494034,0.7000773070784816,0.14937467840243493,0.9990555735123038,1.0
100043216|F|0-30:A>T-30:A>T,,,0.07065217391304347,0.6032333583629703,1.564612693354594,0.3855480406908966,0.7007725193899564,0.14864729168058927,0.9990555735123038,1.0
100043217|F|0-12:G>T-12:G>T,,,0.07065217391304347,0.6032333583629703,1.564612693354594,0.3855480406908966,0.7007725193899564,0.14864729168058927,0.9990555735123038,1.0
100041232|F|0-30:T>A-30:T>A,,,0.11413043478260869,0.4682618745746927,1.21595463671949,0.38509814464626,0.7011045826339878,0.1483005810099918,0.9990555735123038,1.0
100029674|F|0-32:C>G-32:C>G,,,0.29891304347826086,0.36764718463939117,0.9584646155260012,0.38357929826927206,0.7022260549942817,0.14713307806074719,0.9990555735123038,1.0
100028749|F|0-23:C>A-23:C>A,,,0.2391304347826087,0.39224658350176733,1.0230946462674182,0.38339227453961405,0.702364193602357,0.1469896361766588,0.9990555735123038,1.0
100013074|F|0-31:T>C-31:T>C,,,0.125,-0.42153556579020257,1.1022387975638697,-0.38243579043113524,0.7030708237968595,0.14625713380268718,0.9990555735123038,1.0
100029056|F|0-22:A>T-22:A>T,,,0.11956521739130435,0.4435804950447536,1.1631422691319677,0.38136391980302614,0.7038630092820144,0.14543843932752895,0.9990555735123038,1.0
100060605|F|0-5:C>T-5:C>T,,,0.07692307692307691,0.5792859194942546,1.5199457571756785,0.381122758334921,0.7040412891513935,0.1452545569208186,0.9990555735123038,1.0
100014335|F|0-15:A>C-15:A>C,,,0.44021739130434784,-0.33949637595805743,0.8925567330304591,-0.3803639179387288,0.7046023737730441,0.14467671006970004,0.9990555735123038,1.0
100017834|F|0-8:C>T-8:C>T,,,0.07692307692307691,0.6042179110760688,1.58859148168609,0.3803482003030556,0.7046139970820647,0.1446647534737733,0.9990555735123038,1.0
100015319|F|0-34:T>A-34:T>A,,,0.06521739130434782,-0.6325033508368856,1.6684660586643532,-0.3790927286487443,0.7055426541908411,0.1437112969143505,0.9990555735123038,1.0
100033324|F|0-45:A>T-45:A>T,,,0.07142857142857142,-0.5965032337126313,1.5736543675619357,-0.37905606593701663,0.7055697798676299,0.1436835011236479,0.9990555735123038,1.0
100019601|F|0-61:A>G-61:A>G,,,0.40217391304347827,0.339962469010611,0.899990388657969,0.3777401106666816,0.706543668808642,0.14268759120647687,0.9990555735123038,1.0
100017422|F|0-41:T>A-41:T>A,,,0.1358695652173913,-0.46714699899674395,1.2423078896535482,-0.3760315803250841,0.7078088171300608,0.14139974940178018,0.9990555735123038,1.0
100018327|F|0-50:C>T-50:C>T,,,0.10326086956521739,-0.48444561404519315,1.291808282475844,-0.37501355318508883,0.7085630458483824,0.14063516507250545,0.9990555735123038,1.0
100039964|F|0-49:C>G-49:C>G,,,0.09782608695652174,-0.5764813524118155,1.542530837917755,-0.3737243614461551,0.7095185903448923,0.1396698983383364,0.9990555735123038,1.0
100041512|F|0-35:G>A-35:G>A,,,0.483695652173913,-0.3711581381303322,0.9974284705663334,-0.37211504291590053,0.7107120641573659,0.13846960516430248,0.9990555735123038,1.0
100013762|F|0-26:A>T-26:A>T,,,0.33695652173913043,0.3284163702745953,0.8825978762950497,0.372101926704395,0.7107217941356371,0.13845984385712296,0.9990555735123038,1.0
100021616|F|0-67:G>T-67:G>T,,,0.15217391304347827,0.42404841150275113,1.1412193773806336,0.3715748434591444,0.7111128391300068,0.13806786429168766,0.9990555735123038,1.0
100051142|F|0-37:G>C-37:G>C,,,0.2802197802197802,-0.32230993359399124,0.8703256088180097,-0.37033258625093285,0.7120347801322742,0.13714622443930463,0.9990555735123038,1.0
100030243|F|0-51:A>G-51:A>G,,,0.1566265060240964,-0.3349281602950612,0.9086639130382037,-0.3685941033744778,0.7133257139945774,0.13586161304243521,0.9990555735123038,1.0
100049995|F|0-28:T>A-28:T>A,,,0.08695652173913043,0.5337184982228985,1.449644508899647,0.3681719862671833,0.7136392889553317,0.135550611471923,0.9990555735123038,1.0
100016593|F|0-53:A>T-53:A>T,,,0.3858695652173913,0.36063154597453295,0.9831579009804932,0.36680938597439827,0.714651849224002,0.13454912563891508,0.9990555735123038,1.0
100040372|F|0-41:A>T-41:A>T,,,0.05681818181818181,-0.5587133808915251,1.5264698393127152,-0.3660166526074847,0.7152411717074288,0.13396818998598817,0.9990555735123038,1.0
100018873|F|0-22:A>T-22:A>T,,,0.3423913043478261,0.34388070487800637,0.9408161218613758,0.3655131931600502,0.7156155360167176,0.13359989437405617,0.9990555735123038,1.0
100015018|F|0-5:T>A-5:T>A,,,0.14673913043478262,-0.41822180865463665,1.1450057692380742,-0.36525738113349043,0.7158057803708702,0.1334129544724959,0.9990555735123038,1.0
100035421|F|0-6:T>A-6:T>A,,,0.1358695652173913,-0.47129210465523663,1.29587010207693,-0.3636877677013171,0.71697347579814,0.13226879237556718,0.9990555735123038,1.0
100038393|F|0-44:G>A-44:G>A,Vu09 (old8),37413218.0,0.30434782608695654,-0.3579070466003449,0.984215524829469,-0.3636470240218554,0.7170037955564709,0.13223915807995187,0.9990555735123038,1.0
100019664|F|0-61:T>C-61:T>C,,,0.41847826086956524,0.36081991716650275,0.9975320655193067,0.36171260016455004,0.7184438349983929,0.13083600511779964,0.9990555735123038,1.0
100033416|F|0-48:G>A-48:G>A,,,0.15217391304347827,0.45667938701077804,1.268706348784675,0.3599567287168086,0.7197518365406375,0.12956884654850614,0.9990555735123038,1.0
100035377|F|0-67:C>G-67:C>G,,,0.22282608695652173,-0.34424239145916513,0.9578282299161729,-0.35939887832424033,0.7201675711047494,0.1291675537407221,0.9990555735123038,1.0
100034218|F|0-27:A>T-27:A>T,Vu06 (old6),33123517.0,0.32608695652173914,-0.3456394838323647,0.9640334554739284,-0.3585347395049116,0.7208117314105223,0.12854715943185482,0.9990555735123038,1.0
100017777|F|0-23:A>G-23:A>G,,,0.16304347826086957,0.3782599385140121,1.056426768565392,0.3580559957105991,0.7211686911481722,0.12820409606430855,0.9990555735123038,1.0
100017582|F|0-57:G>A-57:G>A,,,0.09999999999999999,0.4532499995011618,1.268926675006565,0.3571916395396265,0.7218133266932419,0.12758586735700647,0.9990555735123038,1.0
100039121|F|0-17:A>G-17:A>G,,,0.1358695652173913,0.4471684741335504,1.2521516233814995,0.3571200689944793,0.721866712917897,0.12753474367862164,0.9990555735123038,1.0
100032809|F|0-26:G>A-26:G>A,,,0.08695652173913043,-0.5755232680233299,1.6170486523168077,-0.3559096797729342,0.7227697804690626,0.12667170015607257,0.9990555735123038,1.0
100016646|F|0-38:G>A-38:G>A,,,0.059782608695652176,0.6238853395637786,1.754011106370447,0.3556906437467073,0.722933244581956,0.12651583404894703,0.9990555735123038,1.0
100014947|F|0-16:G>C-16:G>C,,,0.125,0.4017391725009097,1.129821212498144,0.3555776507440726,0.7230175750137928,0.12643546570867367,0.9990555735123038,1.0
100029779|F|0-28:G>A-28:G>A,,,0.18478260869565216,0.44510282283544755,1.255716577765787,0.35446121419165255,0.7238509925108458,0.12564275236622058,0.9990555735123038,1.0
100018496|F|0-32:T>G-32:T>G,,,0.44021739130434784,0.3804378790402857,1.0736888392545068,0.3543278696129828,0.7239505562454613,0.12554823918447494,0.9990555735123038,1.0
100018823|F|0-53:T>C-53:T>C,,,0.05555555555555555,0.5278784440294583,1.493458641110199,0.3534603701091092,0.7245984037309181,0.12493423323766845,0.9990555735123038,1.0
100034740|F|0-59:T>C-59:T>C,Vu08 (old5),34703845.0,0.23369565217391305,0.40201060595365246,1.1378572956184276,0.3533049421062585,0.724714498368917,0.12482438211670668,0.9990555735123038,1.0
100016501|F|0-17:C>T-17:C>T,,,0.40217391304347827,-0.3439328145090233,0.9748635082865189,-0.352800993765313,0.725090959370692,0.12446854120179242,0.9990555735123038,1.0
100041955|F|0-54:C>T-54:C>T,,,0.30434782608695654,0.3035884325835398,0.861502990963948,0.3523939391595732,0.7253950878890295,0.12418148835640096,0.9990555735123038,1.0
100014308|F|0-20:G>A-20:G>A,,,0.483695652173913,0.3694708595782617,1.0508523141606019,0.35159161244592874,0.7259946706884699,0.12361666194232815,0.9990555735123038,1.0
100013175|F|0-57:A>T-57:A>T,,,0.3858695652173913,-0.3087950373963333,0.8819772201491712,-0.3501167947898994,0.7270972548140493,0.12258176999395251,0.9990555735123038,1.0
100041924|F|0-42:C>T-42:C>T,,,0.34782608695652173,-0.3311221000125699,0.9473791111404347,-0.3495138283278932,0.7275482025908934,0.12215991619241999,0.9990555735123038,1.0
100020912|F|0-63:C>T-63:C>T,,,0.3858695652173913,-0.3039513083726857,0.8751502009723233,-0.3473133046590001,0.7291947481000971,0.12062653159315544,0.9990555735123038,1.0
100013120|F|0-6:A>G-6:A>G,,,0.07608695652173914,0.5571916545763154,1.604931082303457,0.3471748168629229,0.7292984144300526,0.12053035346380406,0.9990555735123038,1.0
100034929|F|0-54:T>A-54:T>A,,,0.32065217391304346,-0.30672606559232574,0.8873510611188005,-0.34566484341112497,0.7304290454601199,0.11948418397043754,0.9990555735123038,1.0
100019659|F|0-63:G>T-63:G>T,,,0.10326086956521739,0.48836654362052817,1.4150011362256836,0.34513508937750903,0.7308258536727317,0.11911822991962115,0.9990555735123038,1.0
100033265|F|0-68:G>A-68:G>A,,,0.05434782608695652,-0.620486913492923,1.7979956036336713,-0.34509923841801715,0.730852710209039,0.11909348435669545,0.9990555735123038,1.0
100017011|F|0-35:C>T-35:C>T,,,0.33152173913043476,0.3056087835168197,0.8872622485276169,0.3444401968233942,0.7313464687400615,0.11863904918773854,0.9990555735123038,1.0
100029251|F|0-32:C>A-32:C>A,,,0.4891304347826087,0.31626413220330807,0.920674642498992,0.34351346024353474,0.7320409777264667,0.11800149736848652,0.9990555735123038,1.0
100056034|F|0-41:G>T-41:G>T,,,0.4673913043478261,-0.36839987984552885,1.0793722859790413,-0.34130937456057886,0.7336936458715201,0.11649208916293352,0.9990555735123038,1.0
100030002|F|0-15:C>G-15:C>G,,,0.24456521739130435,0.3002602088798531,0.8817852607207987,0.3405139802795196,0.7342903575048951,0.11594977076580108,0.9990555735123038,1.0
100013792|F|0-5:A>G-5:A>G,Vu03 (old3),47359227.0,0.358695652173913,0.30332636151774256,0.8961978029331588,0.3384591666315049,0.7358326513168701,0.11455460747689279,0.9990555735123038,1.0
100033264|F|0-61:C>T-61:C>T,,,0.07608695652173914,-0.5097734500519229,1.5095362342158358,-0.33770202960165224,0.7364012137828744,0.1140426607970752,0.9990555735123038,1.0
100017158|F|0-22:G>A-22:G>A,Vu02 (old7),30259566.0,0.30978260869565216,-0.3225770768870848,0.9610760644119342,-0.33564156764684816,0.7379492344613285,0.11265526193243375,0.9990555735123038,1.0
100034068|F|0-21:G>A-21:G>A,,,0.07608695652173914,0.4941471466551311,1.472490205247505,0.33558603303040097,0.7379909724990728,0.11261798556508137,0.9990555735123038,1.0
100017587|F|0-60:T>A-60:T>A,,,0.125,0.5779570139427602,1.7223872424313784,0.3355557912324624,0.7380137015955737,0.11259768902964387,0.9990555735123038,1.0
100019240|F|0-12:A>C-12:A>C,Vu07 (old2),30408014.0,0.061111111111111116,-0.4514217020256486,1.3468302494666888,-0.33517342085567225,0.7383011031847241,0.11234122204809359,0.9990555735123038,1.0
100014497|F|0-28:A>G-28:A>G,Vu02 (old7),28608269.0,0.3641304347826087,-0.29876855546616055,0.892088603297586,-0.3349090598868421,0.7384998269541824,0.1121640783942884,0.9990555735123038,1.0
100033415|F|0-29:T>C-29:T>C,,,0.16304347826086957,0.37963307690538745,1.1347225420192404,0.33456026724368215,0.7387620463665705,0.11193057241816402,0.9990555735123038,1.0
100033659|F|0-57:T>C-57:T>C,,,0.4010989010989011,-0.2892428425134125,0.8664413973594111,-0.33382851211278264,0.7393122742202921,0.11144147549943427,0.9990555735123038,1.0
100033338|F|0-63:T>A-63:T>A,,,0.3641304347826087,0.3324082431735613,0.9974005397359472,0.3332745771939961,0.7397288842341192,0.11107194380383688,0.9990555735123038,1.0
100016238|F|0-41:C>A-41:C>A,,,0.4945652173913043,-0.27102577928293875,0.8139836763851146,-0.33296217988861754,0.739963870019313,0.11086381323618011,0.9990555735123038,1.0
100044894|F|0-39:G>A-39:G>A,,,0.28804347826086957,0.44761191807152756,1.3449022277511906,0.3328211589179824,0.7400699543242242,0.1107699238235089,0.9990555735123038,1.0
100017269|F|0-12:A>G-12:A>G,,,0.11413043478260869,-0.5783570304827621,1.7384701828441187,-0.3326815933860747,0.7401749487145366,0.11067704257789755,0.9990555735123038,1.0
100019174|F|0-24:T>A-24:T>A,,,0.13043478260869565,0.36254673143771243,1.0931552987075404,0.3316516252232037,0.740949940319948,0.10999280051319235,0.9990555735123038,1.0
100028495|F|0-31:A>T-31:A>T,,,0.09239130434782608,-0.4683455621834958,1.4143972122109287,-0.33112732274931234,0.7413445504577132,0.10964530387112725,0.9990555735123038,1.0
100015398|F|0-67:C>T-67:C>T,,,0.08152173913043478,0.4573322396282644,1.3827867391344115,0.33073230071221427,0.7416419049077787,0.10938385473439452,0.9990555735123038,1.0
100019372|F|0-56:G>A-56:G>A,,,0.1388888888888889,0.4945690867045917,1.4975278347800198,0.3302570244226824,0.7419997230888686,0.10906970218052424,0.9990555735123038,1.0
100016397|F|0-22:A>T-22:A>T,,,0.07608695652173914,-0.5415270598570817,1.6435811403555554,-0.3294799669823014,0.7425848634833747,0.10855704864265843,0.9990555735123038,1.0
100013918|F|0-61:T>G-61:T>G,,,0.32608695652173914,0.3488389258496866,1.0639553890092834,0.32786988012205354,0.7437977737141872,0.10749865829124976,0.9990555735123038,1.0
100036190|F|0-13:A>T-13:A>T,Vu03 (old3),59363081.0,0.125,-0.42383163590049383,1.2978828008751513,-0.3265561694898089,0.7447878973442384,0.10663893183185681,0.9990555735123038,1.0
100018738|F|0-46:T>C-46:T>C,,,0.40217391304347827,0.2773240789880934,0.8498977802412716,0.32630286304473677,0.7449788599475388,0.10647355843119224,0.9990555735123038,1.0
100018271|F|0-48:A>G-48:A>G,,,0.3804347826086957,0.33731619459759277,1.039735226261587,0.3244250902322774,0.7463949714022782,0.10525163917222133,0.9990555735123038,1.0
100015308|F|0-63:C>T-63:C>T,,,0.40217391304347827,0.27755040864755637,0.8555489676186608,0.32441206658233895,0.7464047961617021,0.10524318894422392,0.9990555735123038,1.0
100019466|F|0-22:C>T-22:C>T,,,0.11413043478260869,-0.37043223176978124,1.143282641020758,-0.32400757125031476,0.7467099595492322,0.1049809062275278,0.9990555735123038,1.0
100014677|F|0-27:A>C-27:A>C,Vu01 (old4),38105105.0,0.5,-0.27927717750418013,0.8619609774896866,-0.324002112389736,0.7467140781535154,0.1049773688330111,0.9990555735123038,1.0
100033344|F|0-23:G>A-23:G>A,,,0.21666666666666667,-0.29410963538155643,0.9084093619927509,-0.3237633248697226,0.7468942458999034,0.10482269053069752,0.9990555735123038,1.0
100034584|F|0-9:T>C-9:T>C,,,0.42391304347826086,0.3544145613584412,1.099482065814727,0.3223468325477565,0.7479632935833569,0.10390748045357136,0.9990555735123038,1.0
100048091|F|0-43:A>T-43:A>T,,,0.42391304347826086,0.3544145613584412,1.099482065814727,0.3223468325477565,0.7479632935833569,0.10390748045357136,0.9990555735123038,1.0
100033527|F|0-13:C>T-13:C>T,,,0.42391304347826086,0.3544145613584412,1.099482065814727,0.3223468325477565,0.7479632935833569,0.10390748045357136,0.9990555735123038,1.0
100034782|F|0-41:G>A-41:G>A,,,0.06395348837209303,0.5252711245735711,1.6376788994196592,0.3207412178050962,0.749175671095742,0.10287492879909614,0.9990555735123038,1.0
100044452|F|0-43:C>T-43:C>T,Vu05 (old1),1696325.0,0.07608695652173914,-0.497129577206671,1.5550956760880867,-0.3196778081572594,0.7499789845321244,0.10219390102822953,0.9990555735123038,1.0
100029339|F|0-11:C>T-11:C>T,Vu02 (old7),26187715.0,0.27717391304347827,-0.38099396296040067,1.193332792628843,-0.3192688287071145,0.750288006428066,0.10193258498401281,0.9990555735123038,1.0
100040746|F|0-42:G>A-42:G>A,Vu07 (old2),31266697.0,0.44021739130434784,-0.2635239803960196,0.8271938331186264,-0.3185758522914763,0.7508117074032198,0.10149057366324052,0.9990555735123038,1.0
100017877|F|0-34:T>G-34:T>G,,,0.33152173913043476,-0.31562744094383405,0.9915474411116117,-0.31831804294708077,0.7510065707081175,0.10132637646565956,0.9990555735123038,1.0
100017549|F|0-22:C>T-22:C>T,,,0.3641304347826087,-0.3430788622939638,1.0778708699261905,-0.3182931015822487,0.7510254233134163,0.1013104985148477,0.9990555735123038,1.0
100045148|F|0-42:T>C-42:T>C,,,0.1888888888888889,0.3290582991423475,1.0396922841046685,0.3164958557191912,0.7523843175780934,0.10016962668742309,0.9990555735123038,1.0
100038942|F|0-11:T>A-11:T>A,,,0.40217391304347827,-0.5123733763555971,1.6296970495886671,-0.31439792842781383,0.7539715443799648,0.09884605739970075,0.9990555735123038,1.0
100041002|F|0-38:A>G-38:A>G,,,0.08695652173913043,-0.4536098043473282,1.4486799888446797,-0.31311939685801926,0.7549393610686662,0.09804375668872976,0.9990555735123038,1.0
100014878|F|0-32:G>A-32:G>A,,,0.09782608695652174,0.44195223699550995,1.4156612171271306,0.31218785373832936,0.7556447627546026,0.09746125602174452,0.9990555735123038,1.0
100016417|F|0-54:G>T-54:G>T,,,0.29347826086956524,0.32040466598661094,1.0302744130871542,0.3109896372428953,0.7565524049100696,0.09671455447246761,0.9990555735123038,1.0
100019838|F|0-5:G>C-5:G>C,,,0.13043478260869565,0.37677149212498684,1.2174389708075397,0.30947875101703903,0.7576973796632852,0.09577709733106644,0.9990555735123038,1.0
100046262|F|0-23:C>A-23:C>A,,,0.13043478260869565,0.37677149212498684,1.2174389708075397,0.30947875101703903,0.7576973796632852,0.09577709733106644,0.9990555735123038,1.0
100032835|F|0-6:G>C-6:G>C,,,0.37931034482758624,-0.42653103965984035,1.3789678557819187,-0.30931180728501,0.7578239256428669,0.09567379412591917,0.9990555735123038,1.0
100018935|F|0-28:A>T-28:A>T,,,0.1956521739130435,-0.3551565042367108,1.1487657735174615,-0.3091635496322631,0.7579363128153769,0.09558210042122081,0.9990555735123038,1.0
100015896|F|0-17:T>A-17:T>A,,,0.059782608695652176,0.5508885474830764,1.793744866452812,0.307116445480051,0.7594886575802232,0.09432051108430115,0.9990555735123038,1.0
100014325|F|0-37:G>A-37:G>A,,,0.11413043478260869,-0.3841420018140425,1.2569915775389922,-0.3056042766540545,0.7606359879588319,0.09339397390924788,0.9990555735123038,1.0
100017365|F|0-6:C>T-6:C>T,Vu05 (old1),42048402.0,0.05434782608695652,-0.5860427408833737,1.9248282747921999,-0.30446494815057806,0.7615007866689373,0.09269890465233419,0.9990555735123038,1.0
100039244|F|0-37:G>C-37:G>C,,,0.3532608695652174,0.36209146650649754,1.1901612197714293,0.30423732557513283,0.7616735982358216,0.09256035027310937,0.9990555735123038,1.0
100017507|F|0-36:T>C-36:T>C,,,0.266304347826087,-0.302753907535181,1.0013187219664403,-0.3023551851109081,0.7631029860990416,0.0914186579634515,0.9990555735123038,1.0
100033896|F|0-41:A>G-41:A>G,,,0.49411764705882355,0.24709018443035713,0.8202299494786364,0.30124501621455707,0.7639464874647993,0.09074855979410876,0.9990555735123038,1.0
100013433|F|0-44:A>G-44:A>G,,,0.07065217391304347,0.4443440854451641,1.478088389814265,0.30062078053464714,0.7644209042243321,0.09037285368926049,0.9990555735123038,1.0
100040596|F|0-63:G>T-63:G>T,,,0.34782608695652173,0.29318117310826314,0.9787514971186859,0.2995460788273116,0.7652378841433768,0.08972785334081798,0.9990555735123038,1.0
100045297|F|0-46:T>C-46:T>C,,,0.34782608695652173,0.29318117310826314,0.9787514971186859,0.2995460788273116,0.7652378841433768,0.08972785334081798,0.9990555735123038,1.0
100059434|F|0-46:A>G-46:A>G,,,0.3913043478260869,-0.4107836376697477,1.3718258230720948,-0.29944299834641575,0.7653162591103775,0.08966610925869155,0.9990555735123038,1.0
100014058|F|0-63:C>T-63:C>T,,,0.09782608695652174,0.43333495948542655,1.4573843677567646,0.2973374554253141,0.7669176960106536,0.08840956239880064,0.9990555735123038,1.0
100034680|F|0-38:A>C-38:A>C,,,0.09782608695652174,0.43333495948542655,1.4573843677567646,0.2973374554253141,0.7669176960106536,0.08840956239880064,0.9990555735123038,1.0
100033142|F|0-41:A>C-41:A>C,,,0.42777777777777776,-0.2719543231662699,0.9152763439616082,-0.29712810230532644,0.7670769816089994,0.08828510917956453,0.9990555735123038,1.0
100034427|F|0-43:T>A-43:T>A,,,0.4076086956521739,-0.45553347266195066,1.5347566263751236,-0.2968115366524631,0.7673178585071163,0.08809708828999646,0.9990555735123038,1.0
100034520|F|0-31:G>A-31:G>A,,,0.2717391304347826,0.3321162740892268,1.1321963649677123,0.29333805015236736,0.7699623547369129,0.08604721166719279,0.9990555735123038,1.0
100017012|F|0-57:A>G-57:A>G,,,0.45652173913043476,-0.2638853945882803,0.8996874464769135,-0.2933078544350366,0.7699853558613463,0.08602949747328462,0.9990555735123038,1.0
100015005|F|0-68:T>A-68:T>A,,,0.3532608695652174,-0.2964442456880833,1.0133640376067738,-0.29253479962461,0.770574288545812,0.08557660899141072,0.9990555735123038,1.0
100021487|F|0-66:T>G-66:T>G,,,0.3695652173913043,-0.338664421584278,1.161566154997991,-0.2915584447145533,0.7713182926898051,0.08500632668436922,0.9990555735123038,1.0
100020593|F|0-8:G>C-8:G>C,,,0.20108695652173914,-0.3306606735748281,1.1372467935703134,-0.2907554239275893,0.7719303728284505,0.08453871654331217,0.9990555735123038,1.0
100015855|F|0-33:A>T-33:A>T,,,0.3423913043478261,0.26584500601734606,0.9182866718706142,0.28950110478659263,0.7728867313728377,0.08381088967265769,0.9990555735123038,1.0
100016677|F|0-45:G>A-45:G>A,,,0.23369565217391305,-0.34542434305341874,1.1958995137166162,-0.2888406083383286,0.7733904695897644,0.08342889702525573,0.9990555735123038,1.0
100021359|F|0-55:A>T-55:A>T,,,0.125,0.3413214744725639,1.189467577330084,0.28695315532576743,0.7748305005559335,0.082342113351414,0.9990555735123038,1.0
100033672|F|0-41:T>A-41:T>A,Vu02 (old7),6408415.0,0.11956521739130435,0.37700832479183405,1.3156458229797146,0.2865576116359144,0.7751323804169865,0.08211526478647956,0.9990555735123038,1.0
100033689|F|0-56:C>T-56:C>T,,,0.3532608695652174,-0.2434446989607059,0.8512375584820714,-0.2859891419673927,0.7755662983353442,0.08178978932324552,0.9990555735123038,1.0
100017562|F|0-36:T>A-36:T>A,,,0.2826086956521739,0.2617053153096578,0.9190059495187416,0.28476999027776234,0.7764971278252153,0.08109394736279686,0.9990555735123038,1.0
100018802|F|0-14:G>A-14:G>A,Vu01 (old4),30676663.0,0.375,-0.3152305947457384,1.107865471551614,-0.2845386943093769,0.7766737605595683,0.08096226855928502,0.9990555735123038,1.0
100014423|F|0-36:C>T-36:C>T,,,0.16847826086956522,0.38446399733291775,1.3547820369571606,0.28378291625154967,0.7772510039954806,0.08053274355623405,0.9990555735123038,1.0
100043186|F|0-41:T>C-41:T>C,,,0.391304347826087,-0.26459558061375615,0.9348849852434444,-0.28302474078654216,0.7778302042298975,0.08010300389728939,0.9990555735123038,1.0
100013003|F|0-59:A>G-59:A>G,,,0.06521739130434782,-0.4274293481168668,1.5115931845406003,-0.2827674486020986,0.7780267884713966,0.07995742998894048,0.9990555735123038,1.0
100016523|F|0-36:G>T-36:G>T,Vu03 (old3),39488805.0,0.27717391304347827,-0.28334156989035564,1.0063940361013868,-0.2815413841162817,0.7789637620847285,0.07926555097011169,0.9990555735123038,1.0
100021285|F|0-67:T>C-67:T>C,,,0.06521739130434782,0.41562880522151213,1.4791087282851145,0.2809994946777132,0.7793779849318111,0.07896071600913016,0.9990555735123038,1.0
100034350|F|0-65:C>A-65:C>A,,,0.266304347826087,-0.27148459966797417,0.9670050834270574,-0.28074785160987487,0.7795703637632647,0.07881935618356031,0.9990555735123038,1.0
100035644|F|0-26:C>G-26:C>G,,,0.266304347826087,-0.27148459966797417,0.9670050834270574,-0.28074785160987487,0.7795703637632647,0.07881935618356031,0.9990555735123038,1.0
100034562|F|0-29:C>T-29:C>T,,,0.358695652173913,0.31950720031175894,1.141610002585401,0.2798742123739034,0.7802383595428098,0.0783295747519128,0.9990555735123038,1.0
100017692|F|0-31:G>T-31:G>T,,,0.2717391304347826,0.28288583656699634,1.0193154992829088,0.2775252968938541,0.7820351877558949,0.07702029041602185,0.9990555735123038,1.0
100056084|F|0-56:G>T-56:G>T,Vu11 (old9),1725731.0,0.1956521739130435,0.28722193923971706,1.0389476301597158,0.27645468443444343,0.7828545577059649,0.0764271925457477,0.9990555735123038,1.0
100022008|F|0-51:G>C-51:G>C,,,0.32608695652173914,0.23147861989931268,0.8380752239122398,0.2762026764360621,0.7830474622164627,0.07628791847044401,0.9990555735123038,1.0
100044964|F|0-65:T>A-65:T>A,,,0.15217391304347827,0.36520099682766577,1.327824620806209,0.27503707274679723,0.7839398729880729,0.07564539138512703,0.9990555735123038,1.0
100040406|F|0-25:G>A-25:G>A,,,0.13068181818181818,0.33650599587921254,1.2235785432762543,0.2750178954415006,0.7839545579586332,0.07563484281307217,0.9990555735123038,1.0
100018797|F|0-41:C>G-41:C>G,,,0.22282608695652173,-0.25706535303928113,0.9365853190194642,-0.27447083337630107,0.7843735022256276,0.07533423837428123,0.9990555735123038,1.0
100034199|F|0-61:A>C-61:A>C,,,0.10869565217391304,-0.3363301470781796,1.2296906100142957,-0.27350794121642485,0.7851110466878582,0.07480659390844731,0.9990555735123038,1.0
100014835|F|0-60:A>G-60:A>G,,,0.28804347826086957,-0.2576997194096331,0.9454614612177703,-0.2725650171691943,0.7858334864853267,0.07429168858444318,0.9990555735123038,1.0
100017407|F|0-46:T>G-46:T>G,,,0.15517241379310343,0.2774196340158604,1.0195533720941834,0.27209917755069046,0.7861904679661491,0.07403796242376218,0.9990555735123038,1.0
100018613|F|0-47:T>C-47:T>C,,,0.391304347826087,0.22426942406841896,0.8312330147292816,0.2698033163919261,0.7879504953938786,0.0727938295360818,0.9990555735123038,1.0
100014032|F|0-46:C>T-46:C>T,,,0.31521739130434784,-0.25897872009487033,0.9632304717682454,-0.2688647501147378,0.7886703264652909,0.07228825385426041,0.9990555735123038,1.0
100013207|F|0-60:C>G-60:C>G,Vu07 (old2),29186793.0,0.46195652173913043,0.25090681829553896,0.9334680858818021,0.2687899266084919,0.7887277200771904,0.07224802464619845,0.9990555735123038,1.0
100040575|F|0-64:T>C-64:T>C,,,0.33152173913043476,0.272233693705876,1.015125233006964,0.2681774473278298,0.7891975681173079,0.07191914325527092,0.9990555735123038,1.0
100016571|F|0-39:C>T-39:C>T,,,0.09782608695652174,0.3657754753765137,1.365680017365252,0.2678339513835669,0.7894611065225801,0.07173502551373488,0.9990555735123038,1.0
100015727|F|0-9:C>T-9:C>T,,,0.06741573033707864,-0.3687702748506418,1.3848051606622132,-0.2662975885172872,0.7906401408181866,0.0709144056501224,0.9990555735123038,1.0
100029202|F|0-28:C>T-28:C>T,,,0.45108695652173914,0.2340107781303532,0.8840130423835488,0.26471416926089014,0.7918557973185842,0.07007359140748319,0.9990555735123038,1.0
100033592|F|0-27:T>C-27:T>C,,,0.48913043478260865,0.2615064139078398,0.9892989190098602,0.2643350850616197,0.7921469124772688,0.06987303719453371,0.9990555735123038,1.0
100021275|F|0-33:T>A-33:T>A,,,0.42391304347826086,-0.22733760531617475,0.8631510756261114,-0.26338101374810763,0.7928797155140238,0.06936955840298085,0.9990555735123038,1.0
100016415|F|0-35:A>G-35:A>G,,,0.1358695652173913,-0.27898614871155764,1.0630262585402634,-0.2624452091095647,0.7935986691102642,0.06887748778456314,0.9990555735123038,1.0
100040372|F|0-42:A>T-42:A>T,,,0.23626373626373628,-0.26590450474504385,1.0190163808849,-0.26094232608325296,0.7947536670574888,0.06809089754173872,0.9990555735123038,1.0
100032761|F|0-35:G>T-35:G>T,,,0.07065217391304347,0.3944795305439595,1.5261212442271908,0.2584850528987421,0.7966431196447873,0.0668145225720655,0.9990555735123038,1.0
100033535|F|0-8:A>G-8:A>G,,,0.125,0.31496197116179625,1.224676572723156,0.25717971436446746,0.7976473179486387,0.06614140548058907,0.9990555735123038,1.0
100014778|F|0-65:A>G-65:A>G,Vu03 (old3),51500985.0,0.42934782608695654,-0.21372073557254542,0.8351599864561783,-0.25590394539784334,0.7986290976621246,0.06548682927018239,0.9990555735123038,1.0
100016465|F|0-15:G>A-15:G>A,,,0.14444444444444443,-0.2723353061769364,1.0793353219695996,-0.2523176075438463,0.8013907276816375,0.06366417507665044,0.9990555735123038,1.0
100014062|F|0-62:G>A-62:G>A,,,0.13043478260869565,0.3270508476422775,1.3067962007989966,0.2502692060493543,0.8029692184610411,0.06263467549657417,0.9990555735123038,1.0
100021892|F|0-24:G>A-24:G>A,,,0.2717391304347826,0.2554143923892855,1.0209165784264913,0.2501814524189118,0.8030368594110948,0.06259075913443624,0.9990555735123038,1.0
100016293|F|0-58:A>G-58:A>G,,,0.391304347826087,0.2346934842635199,0.9452656109154617,0.24828310852885702,0.8045004792762026,0.06164450198075219,0.9990555735123038,1.0
100015328|F|0-33:T>C-33:T>C,,,0.2826086956521739,-0.24267779728688194,0.9794478315476646,-0.24777000823353407,0.8048961986591529,0.06138997698004554,0.9990555735123038,1.0
100028946|F|0-30:A>G-30:A>G,,,0.33695652173913043,-0.25262813960265335,1.0226640976688728,-0.24702944024192341,0.8054674380575965,0.06102354434623801,0.9990555735123038,1.0
100034109|F|0-45:G>A-45:G>A,,,0.41304347826086957,0.24762097879839431,1.0190857592835245,0.2429834550651419,0.8085901785381124,0.059040959435393836,0.9990555735123038,1.0
100035121|F|0-27:C>T-27:C>T,,,0.21666666666666667,-0.24776485251208072,1.0205060825755596,-0.24278625746822619,0.8087424577788578,0.058945166815427816,0.9990555735123038,1.0
100034038|F|0-64:A>C-64:A>C,,,0.375,-0.2283149424553514,0.9435160071161676,-0.24198311500108,0.8093627337246764,0.05855582794562591,0.9990555735123038,1.0
100021392|F|0-51:G>A-51:G>A,,,0.358695652173913,0.2115475275152394,0.8754589961802017,0.24164184552133508,0.8096263368907878,0.058390781506956764,0.9990555735123038,1.0
100020456|F|0-16:A>C-16:A>C,,,0.42391304347826086,0.24352107443105483,1.0119073374361087,0.24065550809036468,0.810388326484451,0.057915073574231576,0.9990555735123038,1.0
100029523|F|0-44:T>G-44:T>G,,,0.05434782608695652,0.42302383353953465,1.7622215104501195,0.2400514526868321,0.8108550765124081,0.057624699937058384,0.9990555735123038,1.0
100043997|F|0-34:A>G-34:A>G,,,0.19021739130434784,-0.2666894086868455,1.113227910281489,-0.23956406969657348,0.8112317243384296,0.05739094348958472,0.9990555735123038,1.0
100019246|F|0-54:A>C-54:A>C,,,0.483695652173913,0.23480064606012116,0.9860406579168359,0.23812471035035615,0.8123443152618969,0.05670337767944102,0.9990555735123038,1.0
100028819|F|0-28:A>T-28:A>T,,,0.19886363636363638,0.25178768291859277,1.0642244514924528,0.23659264976057393,0.8135289855955775,0.0559760819207296,0.9990555735123038,1.0
100015063|F|0-34:T>C-34:T>C,,,0.06666666666666667,-0.3391703186591556,1.4380192531004607,-0.23585937248606573,0.8140961481799583,0.055629643589520696,0.9990555735123038,1.0
100035699|F|0-21:A>T-21:A>T,,,0.33695652173913043,-0.21709191953459203,0.921555920202783,-0.2355710758027817,0.814319162070744,0.05549373175487992,0.9990555735123038,1.0
100038902|F|0-22:A>T-22:A>T,,,0.2554347826086957,0.21758347469007316,0.92869222253167,0.23429018722362907,0.8153101871614393,0.05489189182928316,0.9990555735123038,1.0
100044804|F|0-53:G>C-53:G>C,,,0.2906976744186046,-0.21213647668315805,0.9131552651436876,-0.23231150799943948,0.8168416841914263,0.053968636748973633,0.9990555735123038,1.0
100013001|F|0-27:G>C-27:G>C,Vu03 (old3),7683103.0,0.44565217391304346,0.2097797839011317,0.915893969569817,0.22904374400419125,0.8193724881084572,0.052461036667457495,0.9990555735123038,1.0
100017598|F|0-46:C>G-46:C>G,,,0.44021739130434784,0.2336099502280862,1.030637933987352,0.22666539094315258,0.8212156707627117,0.0513771994514122,0.9990555735123038,1.0
100043266|F|0-15:G>A-15:G>A,,,0.21195652173913043,0.26078150453840726,1.1531295796584808,0.22615108409207765,0.8216143821833095,0.05114431283602198,0.9990555735123038,1.0
100038892|F|0-14:A>C-14:A>C,,,0.3695652173913043,-0.23496284582231933,1.039067871443338,-0.22612848715641598,0.8216319013154321,0.05113409270364939,0.9990555735123038,1.0
100014109|F|0-25:C>A-25:C>A,,,0.08695652173913043,-0.32346589311148505,1.4329069705751065,-0.22574102838069096,0.8219323075103913,0.05095901189437192,0.9990555735123038,1.0
100017121|F|0-19:C>T-19:C>T,,,0.07865168539325842,0.3163668336591868,1.4040941980836859,0.2253173854652812,0.8222607985453035,0.05076792419291012,0.9990555735123038,1.0
100016486|F|0-61:G>C-61:G>C,,,0.11956521739130435,0.396314449110497,1.7772743398206932,0.22299002479858043,0.8240659886819415,0.04972455115967152,0.9990555735123038,1.0
100022289|F|0-10:A>G-10:A>G,,,0.14130434782608695,-0.27490309429743026,1.2424901656210376,-0.22125172649557723,0.8254148980028708,0.04895232647727371,0.9990555735123038,1.0
100014000|F|0-40:A>G-40:A>G,,,0.2608695652173913,-0.20927858214603126,0.9462443634875697,-0.22116758653620286,0.8254802034608155,0.04891510133424878,0.9990555735123038,1.0
100019646|F|0-30:T>C-30:T>C,,,0.20652173913043478,0.24821251842538766,1.1276631571759126,0.22011228871483574,0.8262993799198849,0.048449419643283205,0.9990555735123038,1.0
100041269|F|0-22:G>C-22:G>C,,,0.07065217391304347,0.37087640213217055,1.6868830512754367,0.21985898895110384,0.8264960328911941,0.0483379750226016,0.9990555735123038,1.0
100030380|F|0-14:C>T-14:C>T,,,0.07065217391304347,0.37087640213217055,1.6868830512754367,0.21985898895110384,0.8264960328911941,0.0483379750226016,0.9990555735123038,1.0
100028644|F|0-13:T>C-13:T>C,,,0.3967391304347826,0.1989833739575021,0.9133105852713743,0.21787043440252873,0.8280402599426809,0.04746752618674658,0.9990555735123038,1.0
100016374|F|0-29:T>A-29:T>A,,,0.3858695652173913,0.20130658255899697,0.9263957739801564,0.21730084291523227,0.8284827054093195,0.047219656331670454,0.9990555735123038,1.0
100014812|F|0-31:G>T-31:G>T,,,0.32065217391304346,-0.184254328785671,0.8479608388392036,-0.2172910827319593,0.8284902873763647,0.04721541463482718,0.9990555735123038,1.0
100015226|F|0-25:T>A-25:T>A,,,0.24456521739130435,-0.24614901399292596,1.1448355284316485,-0.21500818928124496,0.8302641441324856,0.04622852145799966,0.9990555735123038,1.0
100015350|F|0-49:A>G-49:A>G,,,0.1358695652173913,0.2839808849460478,1.3328533243847946,0.21306236759181651,0.8317767843480981,0.045395572483830346,0.9990555735123038,1.0
100013673|F|0-63:C>A-63:C>A,,,0.29891304347826086,-0.22596015076845466,1.0615544241972341,-0.21285781078942764,0.8319358393677122,0.04530844761406778,0.9990555735123038,1.0
100016750|F|0-47:G>A-47:G>A,,,0.2391304347826087,0.22590599680598508,1.0657216437591033,0.21197467286969082,0.8326226116499401,0.04493326193821244,0.9990555735123038,1.0
100018009|F|0-24:G>T-24:G>T,,,0.07065217391304347,0.3341250890607484,1.5785924174047428,0.21166013809318868,0.8328672410662242,0.0448000140576277,0.9990555735123038,1.0
100020010|F|0-17:T>C-17:T>C,Vu03 (old3),2486590.0,0.08152173913043478,0.3305898649825157,1.566852152976182,0.21098982718603765,0.8333886302666758,0.044516707175994034,0.9990555735123038,1.0
100036100|F|0-32:C>T-32:C>T,,,0.059782608695652176,-0.3763466845914737,1.8058366446938285,-0.20840571914259806,0.8353993276072414,0.04343294377134346,0.9990555735123038,1.0
100038558|F|0-29:G>A-29:G>A,,,0.09239130434782608,-0.3106480370705566,1.493907014776674,-0.20794335524088545,0.8357592093419324,0.04324043898883708,0.9990555735123038,1.0
100013605|F|0-20:C>T-20:C>T,,,0.06043956043956044,-0.30035773737672156,1.4453146939170336,-0.20781476770481322,0.8358593018914386,0.04318697767620548,0.9990555735123038,1.0
100020992|F|0-62:A>G-62:A>G,,,0.42391304347826086,-0.18553794447494368,0.8949825384410718,-0.20730901051781808,0.8362530095499364,0.042977025841876806,0.9990555735123038,1.0
100020579|F|0-68:T>C-68:T>C,Vu03 (old3),51968724.0,0.391304347826087,0.2069404599012951,0.9988702080591019,0.20717452400887973,0.8363577078609394,0.042921283398305886,0.9990555735123038,1.0
100015387|F|0-29:C>T-29:C>T,,,0.07142857142857142,-0.32229884791710833,1.561559527678396,-0.20639549258572099,0.8369642450544841,0.04259909935970241,0.9990555735123038,1.0
100038761|F|0-32:T>C-32:T>C,,,0.11413043478260869,0.28000793687324693,1.3569441579816284,0.20635184965145628,0.8369982274291451,0.04258108585457722,0.9990555735123038,1.0
100057366|F|0-5:C>T-5:C>T,,,0.2608695652173913,-0.22196509112248916,1.0837298522087389,-0.20481588716053578,0.838194394327605,0.04194954763335733,0.9990555735123038,1.0
100017244|F|0-66:T>A-66:T>A,,,0.1956521739130435,0.23243218252887252,1.142816087219485,0.20338546606776323,0.839308710620845,0.04136564780760127,0.9990555735123038,1.0
100015323|F|0-56:G>C-56:G>C,,,0.16847826086956522,0.2521325437598327,1.257230078434394,0.2005460639899809,0.8415216101047863,0.040218723781873515,0.9990555735123038,1.0
100019277|F|0-46:C>T-46:C>T,,,0.18478260869565216,0.21475829443016403,1.0768388246365665,0.19943401883066858,0.8423886352336365,0.03977392786695147,0.9990555735123038,1.0
100017248|F|0-68:G>T-68:G>T,,,0.059782608695652176,-0.3589629110098982,1.8105175229188613,-0.1982653614040637,0.8433000086018885,0.039309153532683994,0.9990555735123038,1.0
100022228|F|0-38:T>C-38:T>C,Vu03 (old3),4384995.0,0.2826086956521739,0.17662168093544867,0.8909909054996517,0.198230621485864,0.8433271036784246,0.03929537929467189,0.9990555735123038,1.0
100045141|F|0-49:C>T-49:C>T,,,0.32608695652173914,-0.2043694544067664,1.0325704438164955,-0.1979230139993104,0.8435670275075529,0.03917351947057122,0.9990555735123038,1.0
100046316|F|0-13:C>A-13:C>A,,,0.11764705882352942,-0.22935241546297766,1.1618310643299055,-0.19740599343955254,0.8439703199804975,0.03896912624585666,0.9990555735123038,1.0
100015194|F|0-9:C>T-9:C>T,,,0.27717391304347827,-0.18539966329145136,0.9432668256598374,-0.1965506029131894,0.8446376431208438,0.03863213950553826,0.9990555735123038,1.0
100020264|F|0-33:T>A-33:T>A,,,0.25,0.19321943961889987,0.9880560011408478,0.1955551501086995,0.8454143770419078,0.038241816734036,0.9990555735123038,1.0
100034088|F|0-23:T>C-23:T>C,,,0.1793478260869565,0.23526763146062882,1.2044606264431763,0.19533028004027345,0.8455898603085261,0.03815391830061165,0.9990555735123038,1.0
100033115|F|0-33:C>G-33:C>G,,,0.42934782608695654,-0.20270350146182603,1.0378057173223707,-0.19531931466403823,0.8455984176273469,0.03814963468082958,0.9990555735123038,1.0
100046187|F|0-5:T>A-5:T>A,,,0.3967391304347826,0.2202071625352204,1.136582409468905,0.19374500317853538,0.8468271933981008,0.037537126256650684,0.9990555735123038,1.0
100019323|F|0-14:A>G-14:A>G,Vu03 (old3),17470074.0,0.08152173913043478,-0.26824754694992947,1.38850731304751,-0.19319131014238378,0.8472594500763537,0.037322882314530716,0.9990555735123038,1.0
100020053|F|0-44:G>A-44:G>A,,,0.21195652173913043,-0.22166854878351835,1.1479731159031845,-0.19309559232065937,0.8473341797392769,0.037285907773666284,0.9990555735123038,1.0
100013713|F|0-9:G>T-9:G>T,,,0.3586956521739131,0.1738106409477291,0.9004660835795218,0.1930229734548126,0.8473908763130984,0.037257868281337286,0.9990555735123038,1.0
100040406|F|0-33:C>T-33:C>T,,,0.2833333333333333,0.18409147974279574,0.9596448889598935,0.19183291846874984,0.8483201160840103,0.03679986860823802,0.9990555735123038,1.0
100036149|F|0-36:T>A-36:T>A,,,0.059782608695652176,0.27267180649117817,1.4232212170434082,0.19158778918264377,0.8485115489516528,0.036705880963893156,0.9990555735123038,1.0
100060618|F|0-5:A>G-5:A>G,,,0.1511627906976744,0.25937812519489756,1.3601197115530053,0.1907024234644285,0.8492030478719507,0.03636741431520621,0.9990555735123038,1.0
100013387|F|0-43:C>G-43:C>G,,,0.3423913043478261,0.1687173387785184,0.8878723839698897,0.19002431185452898,0.8497327545755649,0.03610923909578728,0.9990555735123038,1.0
100039138|F|0-25:A>G-25:A>G,Vu04 (old11),6816983.0,0.11538461538461538,0.2485238726015451,1.308892497774302,0.18987340291440738,0.8498506464510338,0.036051909134296886,0.9990555735123038,1.0
100038392|F|0-25:C>T-25:C>T,,,0.14673913043478262,-0.24978186693105886,1.3176488701073248,-0.18956633485422691,0.8500905422483729,0.035935395310064885,0.9990555735123038,1.0
100020033|F|0-7:G>A-7:G>A,,,0.47282608695652173,0.20664509331519582,1.094002702229767,0.18888901544211667,0.850619745447142,0.03567906015469219,0.9990555735123038,1.0
100019383|F|0-67:A>T-67:A>T,,,0.18478260869565216,0.2546620078380242,1.3539411201715281,0.18808942578371618,0.851244568928654,0.03537763209164808,0.9990555735123038,1.0
100021909|F|0-26:T>C-26:T>C,,,0.375,0.16947610719942607,0.9070018149005116,0.18685310703376684,0.8522108525976793,0.03491408360817233,0.9990555735123038,1.0
100044544|F|0-31:A>G-31:A>G,,,0.10869565217391304,-0.23461860988847738,1.2588604820089413,-0.18637379855952216,0.8525855319564464,0.03473519278950534,0.9990555735123038,1.0
100018106|F|0-5:T>C-5:T>C,Vu07 (old2),35385132.0,0.2826086956521739,0.17506194490904467,0.9440265780161367,0.18544175448633635,0.8533142152546255,0.034388644306970646,0.9990555735123038,1.0
100016739|F|0-27:A>C-27:A>C,Vu02 (old7),30482677.0,0.29347826086956524,0.1802244813598888,0.9799105151345001,0.18391932587349738,0.8545047419343862,0.03382631842976172,0.9990555735123038,1.0
100019345|F|0-24:G>A-24:G>A,,,0.125,-0.20468556650857167,1.1156753198772869,-0.18346338120223457,0.854861352643251,0.03365881224215644,0.9990555735123038,1.0
100034117|F|0-6:C>A-6:C>A,,,0.28804347826086957,-0.1644361560727956,0.9115154882073458,-0.18039864182251908,0.8572591746146468,0.032543669971409526,0.9990555735123038,1.0
100014662|F|0-39:T>C-39:T>C,,,0.48913043478260865,-0.15852990637292183,0.8892236990750061,-0.17827899384353882,0.8589183520361175,0.03178339964586455,0.9990555735123038,1.0
100017505|F|0-35:A>G-35:A>G,,,0.4836956521739131,0.1626677330846906,0.9186680028336814,0.17706911809590964,0.8598656801100937,0.031353472583263195,0.9990555735123038,1.0
100043320|F|0-18:A>G-18:A>G,,,0.41666666666666663,0.1485941983716891,0.8426022426404733,0.17635153439188292,0.860427642445536,0.031099863682371463,0.9990555735123038,1.0
100014517|F|0-34:C>T-34:C>T,,,0.1956521739130435,0.18312501106047047,1.0417694292891935,0.17578266928548472,0.8608731896904325,0.030899546821130094,0.9990555735123038,1.0
100060605|F|0-26:G>C-26:G>C,,,0.17391304347826086,-0.1968045996345009,1.135195012741288,-0.1733663356741269,0.8627662139423973,0.030055886345074046,0.9990555735123038,1.0
100015801|F|0-31:A>T-31:A>T,,,0.16304347826086957,-0.20634845362620105,1.191463338301765,-0.17318909192818038,0.862905103421898,0.029994461562907717,0.9990555735123038,1.0
100016053|F|0-57:T>C-57:T>C,,,0.25,-0.14581389426731087,0.8467532895957582,-0.17220351672554202,0.8636774857847992,0.029654051172644028,0.9990555735123038,1.0
100018779|F|0-10:A>G-10:A>G,Vu09 (old8),32879608.0,0.4076086956521739,0.15542940801384247,0.905184954801957,0.1717101098392079,0.8640642121315929,0.02948436182099284,0.9990555735123038,1.0
100040340|F|0-28:T>C-28:T>C,,,0.45054945054945056,0.1582597283239559,0.9234082511295814,0.17138652175823738,0.8643178545486412,0.029373339840386772,0.9990555735123038,1.0
100035857|F|0-32:C>A-32:C>A,,,0.15168539325842698,0.1717391593891838,1.002812346722041,0.17125752385335,0.8644189726860089,0.029329139476380744,0.9990555735123038,1.0
100033513|F|0-54:T>C-54:T>C,Vu06 (old6),29636850.0,0.06521739130434782,0.25921010254535026,1.5154094892612733,0.1710495442863494,0.8645820072714321,0.0292579466005678,0.9990555735123038,1.0
100019004|F|0-13:T>A-13:T>A,,,0.059782608695652176,-0.29730517146284713,1.7459855602374208,-0.1702792842241028,0.8651858629493158,0.028995034635872784,0.9990555735123038,1.0
100032762|F|0-24:G>A-24:G>A,,,0.358695652173913,0.215291563313653,1.271340556403561,0.1693421658180101,0.8659206374172648,0.028676769123934426,0.9990555735123038,1.0
100029518|F|0-19:G>C-19:G>C,,,0.391304347826087,0.14618519694001855,0.8661075950603322,0.1687841069328522,0.8663582554926916,0.028488074753120488,0.9990555735123038,1.0
100054653|F|0-47:T>C-47:T>C,,,0.24456521739130435,-0.17841871594681416,1.0650160042005368,-0.1675267932529762,0.867344367055617,0.028065226457625433,0.9990555735123038,1.0
100043431|F|0-17:C>G-17:C>G,,,0.28804347826086957,-0.1583447003382195,0.9537699898721465,-0.1660197972463421,0.8685265811831006,0.027562573077716545,0.9990555735123038,1.0
100032857|F|0-37:C>A-37:C>A,Vu05 (old1),29700622.0,0.4540229885057471,0.14005295712184213,0.8440328679844518,0.16593306070685163,0.8685946337319902,0.02753378063554371,0.9990555735123038,1.0
100015577|F|0-62:A>G-62:A>G,,,0.11956521739130435,0.283076151955746,1.72003811749572,0.16457551090082187,0.8696598813349777,0.027085098788266537,0.9990555735123038,1.0
100019858|F|0-55:G>C-55:G>C,Vu07 (old2),32970913.0,0.05434782608695652,0.27342207032534244,1.6674001493988948,0.1639810758226886,0.8701264009081203,0.026889793227966342,0.9990555735123038,1.0
100038653|F|0-19:G>C-19:G>C,Vu03 (old3),39667683.0,0.125,-0.2077938866732267,1.2745586485776108,-0.16303203222944798,0.8708713166236688,0.026579443532863765,0.9990555735123038,1.0
100058467|F|0-48:T>C-48:T>C,,,0.09195402298850575,-0.18871094794235718,1.1596875061114338,-0.1627256885565033,0.871111794367656,0.026479649716188106,0.9990555735123038,1.0
100021718|F|0-14:T>C-14:T>C,Vu02 (old7),26744915.0,0.10869565217391304,0.23780681545631124,1.4703155409723483,0.16173862604964712,0.8718867142074097,0.026159383156427587,0.9990555735123038,1.0
100017206|F|0-15:G>C-15:G>C,,,0.4619565217391305,-0.1455946344097404,0.9028654265413267,-0.16125840034375946,0.872263773537254,0.0260042716814282,0.9990555735123038,1.0
100015597|F|0-7:A>G-7:A>G,,,0.1956521739130435,-0.1915625367340728,1.1984154319488458,-0.15984652035275998,0.8733725115569607,0.02555091006888531,0.9990555735123038,1.0
100039190|F|0-22:G>A-22:G>A,,,0.14673913043478262,0.22360171812179475,1.4006552676191582,0.15964079334230058,0.8735340885009628,0.02548518289895912,0.9990555735123038,1.0
100016704|F|0-41:C>T-41:C>T,,,0.40217391304347827,0.15024287511782003,0.9438547764843435,0.15918007606789097,0.8738959529512536,0.025338296616979557,0.9990555735123038,1.0
100015115|F|0-13:C>T-13:C>T,,,0.2826086956521739,-0.15117902895732416,0.9571588523611791,-0.15794559971355465,0.8748656885874814,0.024946812468874435,0.9990555735123038,1.0
100021804|F|0-50:G>A-50:G>A,,,0.05434782608695654,0.2908174842367734,1.8526564488443014,0.15697323938185473,0.8756296552224941,0.02464059788203307,0.9990555735123038,1.0
100058965|F|0-54:C>G-54:C>G,,,0.47282608695652173,-0.15895621156982737,1.0170254259616378,-0.15629521889241654,0.8761624339769548,0.0244281954486284,0.9990555735123038,1.0
100017910|F|0-52:G>A-52:G>A,,,0.2826086956521739,-0.14078641332101513,0.9011760021136042,-0.15622521348861584,0.8762174464729522,0.0244063173295636,0.9990555735123038,1.0
100041895|F|0-45:G>A-45:G>A,,,0.08152173913043478,0.22790270571243837,1.459363569235493,0.15616581811195152,0.8762641217457456,0.024387762746575125,0.9990555735123038,1.0
100038530|F|0-18:T>G-18:T>G,,,0.42934782608695654,0.14269100997945752,0.9142252059312439,0.1560786216062707,0.8763326450555257,0.024360536122513432,0.9990555735123038,1.0
100030143|F|0-33:C>T-33:C>T,,,0.30434782608695654,-0.15402174830208806,0.9881235119813588,-0.15587297178390966,0.8764942585508567,0.024296383332747497,0.9990555735123038,1.0
100034020|F|0-16:G>A-16:G>A,,,0.358695652173913,-0.14593049209355513,0.9389318888120535,-0.15542180836800412,0.8768488315244753,0.024155938516380596,0.9990555735123038,1.0
100022140|F|0-38:C>A-38:C>A,,,0.13043478260869565,-0.23263843853117636,1.5076263282070057,-0.15430775794944446,0.8777244802935472,0.023810884163384338,0.9990555735123038,1.0
100013444|F|0-54:G>C-54:G>C,Vu03 (old3),47172807.0,0.20108695652173914,-0.14690052006050627,0.9544973976421766,-0.15390353124417483,0.8780422420445041,0.023686296929426698,0.9990555735123038,1.0
100034001|F|0-23:A>G-23:A>G,Vu10 (old10),40225556.0,0.47282608695652173,-0.1624309208068687,1.0744982675935097,-0.15116908580099958,0.8801923062023028,0.022852092501909973,0.9990555735123038,1.0
100035489|F|0-33:C>A-33:C>A,,,0.11538461538461538,0.19039550253515608,1.269113223230143,0.15002247163618865,0.8810941446309066,0.02250674199583103,0.9990555735123038,1.0
100021959|F|0-60:G>A-60:G>A,Vu02 (old7),21244140.0,0.2608695652173913,0.15762838853832029,1.0513624321552426,0.14992773540061693,0.8811686638932121,0.022478325842357403,0.9990555735123038,1.0
100018506|F|0-23:C>T-23:C>T,,,0.2391304347826087,-0.17091396068372225,1.1448933791122022,-0.1492837357625878,0.8816752605714839,0.022285633763234135,0.9990555735123038,1.0
100019956|F|0-49:C>A-49:C>A,,,0.4836956521739131,0.13792454362024748,0.9249611483401116,0.1491138777750394,0.8818088860876565,0.02223494854510939,0.9990555735123038,1.0
100033099|F|0-24:G>C-24:G>C,,,0.20108695652173914,-0.1700418717421446,1.1503766962071655,-0.1478140789037008,0.8828315373950006,0.021849001922149485,0.9990555735123038,1.0
100021054|F|0-18:A>G-18:A>G,,,0.3,-0.120892867257938,0.8212532235304513,-0.1472053488426343,0.8833105403745742,0.02166941472788166,0.9990555735123038,1.0
100016256|F|0-31:A>C-31:A>C,,,0.09782608695652174,0.20141171561506044,1.368628820453346,0.14716314065952857,0.8833437551401644,0.02165698996877619,0.9990555735123038,1.0
100030709|F|0-39:T>A-39:T>A,,,0.33152173913043476,-0.13551363172604325,0.9343215845486117,-0.1450396030308049,0.8850150926251907,0.021036486447333472,0.9990555735123038,1.0
100017653|F|0-34:G>A-34:G>A,,,0.09239130434782608,0.1931288266091901,1.3333875461704576,0.14484073078668225,0.8851716424764899,0.02097883729482016,0.9990555735123038,1.0
100020980|F|0-48:G>A-48:G>A,,,0.1793478260869565,0.1514467231481625,1.0692596068150753,0.14163700020359477,0.8876942050604868,0.020061039826673104,0.9990555735123038,1.0
100033258|F|0-23:G>A-23:G>A,,,0.05434782608695652,-0.23590768137047186,1.671087347069528,-0.14117016790544618,0.8880618780723384,0.019929016306451865,0.9990555735123038,1.0
100016920|F|0-66:T>A-66:T>A,,,0.27717391304347827,0.12876867445633372,0.9124126706648691,0.14112986217355009,0.888093623662564,0.019917637997125242,0.9990555735123038,1.0
100021973|F|0-54:T>C-54:T>C,,,0.16847826086956522,0.15403025630706116,1.100663686960892,0.13994307083243862,0.8890284455883811,0.019584063074012933,0.9990555735123038,1.0
100019303|F|0-21:A>G-21:A>G,Vu04 (old11),37777897.0,0.10869565217391304,0.18268800970612425,1.3059850793629064,0.13988521966517736,0.8890740183134077,0.019567874680774925,0.9990555735123038,1.0
100029006|F|0-13:A>C-13:A>C,,,0.08695652173913043,-0.2000909951088618,1.4309997631300249,-0.13982601553420448,0.889120657232683,0.019551314620171595,0.9990555735123038,1.0
100017079|F|0-12:A>G-12:A>G,,,0.2608695652173913,-0.12163383295679306,0.8709121974231686,-0.13966256680831884,0.889249418381246,0.019505632567488124,0.9990555735123038,1.0
100015067|F|0-38:T>A-38:T>A,,,0.25824175824175827,0.13736521404903262,0.9836158904961388,0.1396533091588681,0.8892567114336292,0.01950304675902239,0.9990555735123038,1.0
100021017|F|0-55:C>T-55:C>T,,,0.33152173913043476,0.12707343596317694,0.9131336194617986,0.13916192904831834,0.8896438277800959,0.019366042496449187,0.9990555735123038,1.0
100016887|F|0-60:G>T-60:G>T,,,0.059782608695652176,-0.23911439526621361,1.7270540387614435,-0.13845217920204422,0.8902030261930838,0.019169005925794968,0.9990555735123038,1.0
100017310|F|0-9:T>G-9:T>G,,,0.28804347826086957,-0.12019064013098052,0.8699774791404095,-0.1381537373240238,0.8904381794888502,0.01908645513659537,0.9990555735123038,1.0
100015011|F|0-55:G>C-55:G>C,,,0.358695652173913,0.14065895782934099,1.0242144649045186,0.13733350059887484,0.8910845245162402,0.018860490386741154,0.9990555735123038,1.0
100016695|F|0-37:G>A-37:G>A,,,0.20108695652173914,0.13092386624009267,0.9593561378084849,0.13647055674149325,0.8917646021608819,0.01862421285733313,0.9990555735123038,1.0
100021416|F|0-50:T>G-50:T>G,,,0.42934782608695654,0.12660598297743675,0.9363210859161116,0.13521641761764172,0.8927531212467174,0.01828347959334849,0.9990555735123038,1.0
100017553|F|0-24:C>A-24:C>A,Vu03 (old3),64354681.0,0.07608695652173914,-0.18126490185116237,1.3482463129979398,-0.13444494533651236,0.8933612840962488,0.018075443326537797,0.9990555735123038,1.0
100035332|F|0-65:G>A-65:G>A,Vu04 (old11),505287.0,0.423076923076923,-0.12488701575774543,0.9343992706615754,-0.13365487289959319,0.8939841758366108,0.01786362504980641,0.9990555735123038,1.0
100017865|F|0-21:A>G-21:A>G,,,0.1358695652173913,0.16068272305931505,1.2058528604807695,0.13325234638930275,0.8943015526433514,0.017756187818254724,0.9990555735123038,1.0
100015820|F|0-37:T>C-37:T>C,,,0.44021739130434784,-0.12759442326757942,0.9584770678261029,-0.13312204073590728,0.8944042973741553,0.017721477729692556,0.9990555735123038,1.0
100030615|F|0-8:C>T-8:C>T,,,0.358695652173913,0.14205212199505143,1.0736725145202828,0.13230488819816755,0.8950486551653845,0.017504583441129613,0.9990555735123038,1.0
100049137|F|0-53:C>A-53:C>A,,,0.05434782608695652,-0.21559597671455816,1.6375422801054809,-0.1316582657643934,0.8955585930346243,0.017333898944087645,0.9990555735123038,1.0
100014980|F|0-61:T>A-61:T>A,,,0.1793478260869565,0.1349988361660475,1.0484094009579479,0.12876538119812447,0.8978405074758903,0.016580523395098308,0.9990555735123038,1.0
100034394|F|0-57:A>G-57:A>G,,,0.1292134831460674,-0.1684689902917666,1.3354208296519132,-0.12615423284634494,0.8999009264941559,0.01591489046504982,0.9990555735123038,1.0
100034813|F|0-53:C>A-53:C>A,,,0.05555555555555555,-0.2129897031924758,1.714345949372014,-0.1242396281045238,0.9014121501517545,0.015435485191550379,0.9990555735123038,1.0
100034980|F|0-28:T>C-28:T>C,,,0.266304347826087,0.12070457248640004,0.9797889647741915,0.12319446005826203,0.902237269322886,0.015176874989046718,0.9990555735123038,1.0
100019896|F|0-32:C>T-32:C>T,Vu08 (old5),16375786.0,0.4673913043478261,0.11436407012147187,0.9307000940088317,0.12287961595541284,0.9024858474912795,0.01509940001734975,0.9990555735123038,1.0
100017201|F|0-30:C>G-30:C>G,,,0.06521739130434782,-0.20079168186703328,1.6348017358974563,-0.12282326196381531,0.9025303415606023,0.015085553679432,0.9990555735123038,1.0
100045002|F|0-68:G>C-68:G>C,,,0.05494505494505486,-0.21486786754619358,1.7548018841336122,-0.12244565582528937,0.9028284870098482,0.014992938630485219,0.9990555735123038,1.0
100056174|F|0-11:G>A-11:G>A,,,0.11413043478260869,-0.17289751064666525,1.413238305932123,-0.12234137011494892,0.9029108300524574,0.014967410841602916,0.9990555735123038,1.0
100018830|F|0-21:C>T-21:C>T,,,0.46195652173913043,-0.1307913591829055,1.0694334850969154,-0.1222996670719103,0.9029437586910719,0.0149572085659001,0.9990555735123038,1.0
100021043|F|0-14:C>T-14:C>T,,,0.32608695652173914,0.11347506624652633,0.9333630492753235,0.1215765573049308,0.9035147516596466,0.014780859286119124,0.9990555735123038,1.0
100013877|F|0-19:G>T-19:G>T,,,0.4945652173913043,-0.11073509607237979,0.9150883151474096,-0.12101028309441554,0.9039619372036518,0.014643488614590592,0.9990555735123038,1.0
100047143|F|0-59:C>T-59:C>T,,,0.3695652173913043,-0.11679847013868265,0.9667624428272132,-0.12081403348387802,0.9041169223438377,0.0145960306866436,0.9990555735123038,1.0
100018158|F|0-47:G>T-47:G>T,contig_292,2803.0,0.18478260869565216,0.14383633503843193,1.209238947479292,0.11894781865756529,0.9055909219297522,0.014148583563393038,0.9990555735123038,1.0
100013019|F|0-63:A>T-63:A>T,,,0.059782608695652176,-0.18963733897422,1.6106196191106303,-0.11774185333650414,0.906543610476863,0.013863144027114851,0.9990555735123038,1.0
100041682|F|0-43:T>C-43:T>C,,,0.07065217391304347,-0.19108745906562488,1.629605973501588,-0.11725991569301196,0.9069243699420122,0.013749887828332273,0.9990555735123038,1.0
100029559|F|0-31:T>C-31:T>C,,,0.07065217391304347,-0.19108745906562488,1.629605973501588,-0.11725991569301196,0.9069243699420122,0.013749887828332273,0.9990555735123038,1.0
100015314|F|0-65:G>A-65:G>A,,,0.1956521739130435,-0.13277947466922177,1.1335795405592801,-0.11713291385244273,0.9070247125928668,0.01372011950756377,0.9990555735123038,1.0
100049762|F|0-13:A>G-13:A>G,,,0.11413043478260869,-0.16023296969145986,1.3762909370955823,-0.11642376286339799,0.9075850320984281,0.01355449255927273,0.9990555735123038,1.0
100013529|F|0-11:C>G-11:C>G,,,0.40217391304347827,0.10273504268763861,0.8843941430414005,0.11616431824654151,0.9077900380592051,0.013494148833683777,0.9990555735123038,1.0
100029850|F|0-32:T>C-32:T>C,,,0.45108695652173914,0.09582655133944637,0.8265528772148387,0.11593517363625244,0.9079711069898637,0.013440964486068003,0.9990555735123038,1.0
100036017|F|0-28:C>A-28:C>A,,,0.27717391304347827,-0.11273309869048526,0.9826572200718777,-0.11472270939223267,0.9089292709482008,0.01316130005029467,0.9990555735123038,1.0
100035059|F|0-31:C>G-31:C>G,,,0.4076086956521739,-0.1681372727918063,1.4673876062687905,-0.11458272652263872,0.9090399027441347,0.013129201217361814,0.9990555735123038,1.0
100034348|F|0-49:T>G-49:T>G,,,0.25,-0.11077869924792513,0.9683001482846026,-0.11440533128511417,0.9091801050034379,0.013088579826456722,0.9990555735123038,1.0
100014138|F|0-28:A>G-28:A>G,,,0.46195652173913043,-0.09569549526481884,0.8385000887884979,-0.11412699479028551,0.9094000908075689,0.013024970939861857,0.9990555735123038,1.0
100030246|F|0-11:C>A-11:C>A,,,0.32608695652173914,-0.11919774485794656,1.0466613173585708,-0.1138837777618098,0.9095923254056532,0.012969514837301285,0.9990555735123038,1.0
100033391|F|0-52:T>C-52:T>C,,,0.42934782608695654,-0.09101800843695267,0.8067024105940833,-0.11282724241511052,0.9104274553129756,0.012729986630998115,0.9990555735123038,1.0
100045000|F|0-23:G>A-23:G>A,Vu09 (old8),33438135.0,0.05434782608695652,0.1965417625680311,1.75316752047055,0.11210666423667222,0.9109970883757558,0.012567904166273961,0.9990555735123038,1.0
100014895|F|0-11:G>A-11:G>A,,,0.07608695652173914,0.1619703266463486,1.4555109086811522,0.11128073701152193,0.911650059426962,0.012383402429827507,0.9990555735123038,1.0
100038566|F|0-46:T>A-46:T>A,,,0.1793478260869565,-0.12954938028066817,1.1755078863842638,-0.11020715537617376,0.912498914613358,0.012145617096108105,0.9990555735123038,1.0
100020066|F|0-27:G>C-27:G>C,,,0.45652173913043476,0.09101805923188701,0.8278845828975033,0.10994051720752426,0.9127097547876182,0.012086917323857938,0.9990555735123038,1.0
100030137|F|0-35:C>A-35:C>A,,,0.11956521739130435,0.1347000188143611,1.238780829732914,0.10873595682248567,0.9136623207200212,0.011823508306101469,0.9990555735123038,1.0
100030019|F|0-15:C>A-15:C>A,,,0.40217391304347827,-0.08699037372509351,0.8014605453814238,-0.10853980801225074,0.9138174471147142,0.01178088992333625,0.9990555735123038,1.0
100020307|F|0-56:C>T-56:C>T,,,0.11413043478260869,0.1527147548404902,1.4121134293229096,0.10814623787956963,0.9141287163528053,0.01169560876750446,0.9990555735123038,1.0
100034771|F|0-20:A>G-20:A>G,,,0.07608695652173914,-0.16667830652656532,1.5618493107442366,-0.1067185581732859,0.9152579608260215,0.011388850658585008,0.9990555735123038,1.0
100029003|F|0-15:A>G-15:A>G,,,0.07608695652173914,-0.16667830652656532,1.5618493107442366,-0.1067185581732859,0.9152579608260215,0.011388850658585008,0.9990555735123038,1.0
100017435|F|0-33:T>G-33:T>G,,,0.3777777777777778,0.09198735789437523,0.8716024918914705,0.10553819975290896,0.9161917143662603,0.011138311607084912,0.9990555735123038,1.0
100016806|F|0-26:T>A-26:T>A,,,0.14673913043478262,0.1383315916226243,1.3321986646525859,0.10383705921120913,0.9175376529122227,0.01078213486563215,0.9990555735123038,1.0
100038790|F|0-27:T>A-27:T>A,,,0.14673913043478262,0.1383315916226243,1.3321986646525859,0.10383705921120913,0.9175376529122227,0.01078213486563215,0.9990555735123038,1.0
100046321|F|0-34:T>C-34:T>C,,,0.42391304347826086,-0.09607332911672209,0.9275568507626741,-0.10357675547081215,0.9177436259529272,0.010728144273860414,0.9990555735123038,1.0
100021965|F|0-19:C>T-19:C>T,,,0.07065217391304347,-0.1781459728531433,1.7344467174986968,-0.10271054801271354,0.918429078611908,0.010549456673071932,0.9990555735123038,1.0
100018597|F|0-60:C>T-60:C>T,,,0.31521739130434784,0.08904655416808899,0.8730758603607252,0.10199177209102768,0.9189979116813324,0.010402321574268132,0.9990555735123038,1.0
100022248|F|0-57:T>A-57:T>A,,,0.358695652173913,-0.10657182781683806,1.048725465047855,-0.10162032998023465,0.9192918843144401,0.010326691465291778,0.9990555735123038,1.0
100030735|F|0-21:A>G-21:A>G,,,0.06521739130434782,0.16377809259203335,1.6210791371906492,0.1010302883028048,0.9197588875562941,0.010207119154547858,0.9990555735123038,1.0
100017187|F|0-41:T>C-41:T>C,,,0.23369565217391305,-0.10853164232555793,1.0789948715087905,-0.10058587412356736,0.9201106488717754,0.010117518073202138,0.9990555735123038,1.0
100033325|F|0-21:T>C-21:T>C,,,0.11413043478260869,-0.1339694381567475,1.3365978362934736,-0.1002316736710115,0.9203910158937517,0.010046388406892141,0.9990555735123038,1.0
100035052|F|0-17:C>T-17:C>T,,,0.08823529411764705,-0.15068200518425606,1.509157949153495,-0.09984508597577571,0.9206970304946782,0.009969041193510043,0.9990555735123038,1.0
100019738|F|0-47:G>A-47:G>A,,,0.27717391304347827,0.1024342627552289,1.027711621914856,0.09967218485315074,0.9208338992166629,0.009934544433400652,0.9990555735123038,1.0
100018361|F|0-34:C>A-34:C>A,,,0.08152173913043478,-0.14812347385924127,1.5199482544035068,-0.09745297146143393,0.9225908413951469,0.009497081646663056,0.9990555735123038,1.0
100022149|F|0-63:C>T-63:C>T,,,0.09782608695652174,0.141258985882562,1.4605316884928239,0.09671750842210916,0.9231731896982506,0.009354276435380756,0.9990555735123038,1.0
100017321|F|0-51:A>T-51:A>T,,,0.3858695652173913,-0.14781282394843684,1.5325450621996495,-0.09644925137554017,0.9233856092339866,0.009302458090902138,0.9990555735123038,1.0
100034274|F|0-23:G>T-23:G>T,,,0.46739130434782605,-0.09790037499483764,1.0182223192248807,-0.09614832944279209,0.9236239010977721,0.00924450125463968,0.9990555735123038,1.0
100019370|F|0-59:C>T-59:C>T,,,0.33152173913043476,-0.09700430801296145,1.009164555465087,-0.09612337996577348,0.9236436582208724,0.009239704176044463,0.9990555735123038,1.0
100029329|F|0-43:G>A-43:G>A,,,0.08152173913043478,-0.13676475844224373,1.481973793926365,-0.09228554445615195,0.9266833467617004,0.008516621715568396,0.9990555735123038,1.0
100018760|F|0-65:A>G-65:A>G,,,0.4945652173913043,-0.09139619924556754,0.9931868578067894,-0.09202316616169662,0.9268911990487169,0.008468263110423226,0.9990555735123038,1.0
100014225|F|0-25:G>A-25:G>A,,,0.125,-0.1248468574090928,1.3571446156494593,-0.09199230205054275,0.9269156494847587,0.008462583636558291,0.9990555735123038,1.0
100019242|F|0-32:A>G-32:A>G,,,0.44021739130434784,0.08950420156885304,0.9894099391158606,0.09046220179356014,0.9281278768630394,0.008183409953338796,0.9990555735123038,1.0
100013542|F|0-30:C>G-30:C>G,,,0.11956521739130435,-0.11648005338636218,1.2927479541331617,-0.09010267857238005,0.9284127351447092,0.008118492685917635,0.9990555735123038,1.0
100013045|F|0-44:C>T-44:C>T,,,0.11413043478260869,0.11998361819809075,1.3342729722896314,0.08992434133788767,0.9285540391858261,0.008086387165052934,0.9990555735123038,1.0
100019311|F|0-11:C>A-11:C>A,,,0.15760869565217392,0.09811076177924632,1.0981619259750592,0.089340888131897,0.9290163495265017,0.007981794292196134,0.9990555735123038,1.0
100022075|F|0-54:C>G-54:C>G,,,0.23369565217391305,0.09112070262387237,1.0281811058983192,0.08862320276179403,0.9295850547112208,0.007854072067758056,0.9990555735123038,1.0
100034432|F|0-24:T>A-24:T>A,,,0.13043478260869565,-0.14113973225627185,1.600720726961307,-0.08817261492215532,0.9299421263222184,0.007774410022210687,0.9990555735123038,1.0
100021232|F|0-6:T>G-6:T>G,,,0.08333333333333333,-0.13734923833332732,1.5683381286552305,-0.0875762922700204,0.9304147085932765,0.007669606967764034,0.9990555735123038,1.0
100047135|F|0-14:G>A-14:G>A,,,0.20879120879120877,-0.09164386757691308,1.0470139188747585,-0.08752879586873508,0.9304523502935451,0.007661290106230695,0.9990555735123038,1.0
100028488|F|0-19:T>C-19:T>C,,,0.07608695652173914,0.12470864432217413,1.435226111975575,0.0868912872205996,0.9309576019502235,0.007550095794852736,0.9990555735123038,1.0
100019939|F|0-42:C>T-42:C>T,,,0.11956521739130435,-0.1096853926161603,1.2724068011815026,-0.08620308576966983,0.9315030614925022,0.007430971996213053,0.9990555735123038,1.0
100046659|F|0-30:C>A-30:C>A,Vu05 (old1),46605557.0,0.08695652173913043,-0.11908760393947261,1.3902215066184718,-0.08566088452273862,0.9319328262308479,0.007337787137217961,0.9990555735123038,1.0
100028511|F|0-5:C>A-5:C>A,,,0.32608695652173914,-0.09209311283150556,1.079503829160141,-0.08531059394495565,0.932210487641762,0.007277897439241103,0.9990555735123038,1.0
100017716|F|0-8:C>T-8:C>T,,,0.05434782608695652,0.15115984198536017,1.7887625038234407,0.08450526085059326,0.9328488749298772,0.00714113911142681,0.9990555735123038,1.0
100033333|F|0-30:G>A-30:G>A,Vu03 (old3),53692049.0,0.125,-0.11005622034352883,1.3224713455132264,-0.08322011718206118,0.9338676987494797,0.006925587903795995,0.9990555735123038,1.0
100046739|F|0-18:T>G-18:T>G,,,0.059782608695652176,-0.1360779037254477,1.6352190134695381,-0.08321692849982425,0.9338702267800387,0.006925057188944861,0.9990555735123038,1.0
100035013|F|0-54:A>T-54:A>T,,,0.13333333333333333,-0.09915354412177026,1.1939084573953636,-0.08304953659352084,0.9340029383075009,0.0068972255283985566,0.9990555735123038,1.0
100017806|F|0-40:A>G-40:A>G,Vu10 (old10),40484034.0,0.4076086956521739,0.07257558681500022,0.8985555602326237,0.0807691700179468,0.9358110411459787,0.006523658825387996,0.9990555735123038,1.0
100018697|F|0-15:T>C-15:T>C,,,0.22826086956521738,0.08315505895132502,1.03031234103966,0.08070859256855599,0.9358590776453088,0.006513876914397171,0.9990555735123038,1.0
100033734|F|0-65:A>G-65:A>G,,,0.13043478260869565,-0.09499465510692973,1.1888596918028405,-0.07990400865797338,0.9364971163128546,0.006384650599613485,0.9990555735123038,1.0
100019198|F|0-35:G>T-35:G>T,,,0.14285714285714285,-0.08469572989041098,1.0650646074076655,-0.07952168281749385,0.9368003169946036,0.006323698038126096,0.9990555735123038,1.0
100020360|F|0-56:A>G-56:A>G,,,0.2826086956521739,0.07138883669857157,0.9211996585281459,0.07749550929342902,0.9384073135027569,0.006005553960647943,0.9990555735123038,1.0
100013102|F|0-12:T>C-12:T>C,,,0.34782608695652173,-0.07279784121253302,0.9540510321976143,-0.07630392794067463,0.9393524988018763,0.005822289419175666,0.9990555735123038,1.0
100043419|F|0-6:T>A-6:T>A,,,0.32608695652173914,-0.07791632542322206,1.0223832609472445,-0.0762104862231724,0.9394266222664989,0.005808038210372351,0.9990555735123038,1.0
100048218|F|0-16:G>A-16:G>A,,,0.15217391304347827,-0.09380384025859309,1.236466539534269,-0.07586443891472025,0.9397011319834059,0.00575541309184532,0.9990555735123038,1.0
100015169|F|0-21:A>G-21:A>G,,,0.054945054945054944,0.1427312978933637,1.8958519418718502,0.0752860994790761,0.9401599288461819,0.005667996774773342,0.9990555735123038,1.0
100014172|F|0-5:G>A-5:G>A,,,0.29891304347826086,0.08548803850845421,1.1382078149070087,0.07510758350876247,0.9403015497117024,0.005641149100525728,0.9990555735123038,1.0
100019028|F|0-68:T>A-68:T>A,Vu03 (old3),64483291.0,0.07608695652173914,0.1148717544644079,1.5330191083326876,0.07493171731521499,0.9404410703257953,0.00561476225980729,0.9990555735123038,1.0
100014343|F|0-46:C>T-46:C>T,,,0.07065217391304347,-0.12560202056799716,1.6789723034339488,-0.07480886987302134,0.9405385304702865,0.0055963670116786395,0.9990555735123038,1.0
100022176|F|0-8:G>A-8:G>A,,,0.059782608695652176,-0.1282894874742315,1.7233397102455852,-0.07444236717318464,0.9408292981575059,0.005541666030347238,0.9990555735123038,1.0
100018976|F|0-8:C>T-8:C>T,Vu03 (old3),2426825.0,0.10439560439560439,-0.09755285862980208,1.316410407732633,-0.07410520158210064,0.9410967981148489,0.005491580901523772,0.9990555735123038,1.0
100029049|F|0-10:A>G-10:A>G,,,0.14130434782608695,-0.08606106778514694,1.161937442602699,-0.07406686851606502,0.9411272111768374,0.005485901011776063,0.9990555735123038,1.0
100034510|F|0-47:C>T-47:C>T,,,0.22826086956521738,-0.08059955644086865,1.0904069680626203,-0.07391694917730932,0.941246156483043,0.005463715375680928,0.9990555735123038,1.0
100013714|F|0-67:T>C-67:T>C,Vu09 (old8),42137897.0,0.34239130434782605,-0.07035336268211025,0.9659111909258272,-0.0728362641856095,0.9421036062074513,0.005305121380515901,0.9990555735123038,1.0
100032852|F|0-43:C>T-43:C>T,,,0.17391304347826086,0.0771174773685933,1.063770308992573,0.07249448186011716,0.9423748013942942,0.005255449900166856,0.9990555735123038,1.0
100021507|F|0-53:A>C-53:A>C,,,0.10869565217391304,-0.08920663224487412,1.2331234458919027,-0.07234201291205851,0.9424957836443244,0.00523336683216844,0.9990555735123038,1.0
100017923|F|0-57:A>G-57:A>G,,,0.40217391304347827,-0.07288054181257239,1.010536473001168,-0.07212064458804364,0.9426714391101478,0.005201387375794908,0.9990555735123038,1.0
100015415|F|0-31:C>A-31:C>A,,,0.3967391304347826,0.10241306401300156,1.444466984595549,0.07090024563052041,0.9436398747220952,0.005026844830468129,0.9990555735123038,1.0
100014668|F|0-30:A>T-30:A>T,,,0.266304347826087,-0.0747803774396432,1.064168319763501,-0.07027119305361607,0.9441390864140697,0.004938040573178579,0.9990555735123038,1.0
100029543|F|0-46:T>C-46:T>C,,,0.23369565217391305,-0.06406533541061628,0.9343284691227816,-0.06856832209208574,0.9454905842337619,0.004701614794524014,0.9990555735123038,1.0
100052903|F|0-58:C>A-58:C>A,,,0.07608695652173914,0.09690206155638954,1.4979252569316102,0.0646908523025283,0.9485685599116878,0.004184906371627531,0.9990555735123038,1.0
100017545|F|0-17:T>C-17:T>C,,,0.05434782608695652,0.11439347834819172,1.7761062508149539,0.06440688911246333,0.9487940040912839,0.004148247365145147,0.9990555735123038,1.0
100022144|F|0-13:T>A-13:T>A,,,0.32222222222222224,-0.050077928655961036,0.7780999009696482,-0.06435925334723112,0.9488318235077536,0.004142113491413081,0.9990555735123038,1.0
100017362|F|0-34:C>A-34:C>A,,,0.15760869565217392,-0.07784738109142397,1.216360571028982,-0.06400025037441724,0.9491168501529049,0.004096032047988095,0.9990555735123038,1.0
100015153|F|0-7:G>C-7:G>C,,,0.10869565217391304,0.08051764781690864,1.2747340792483859,0.06316427020165946,0.9497805934511767,0.003989725030108245,0.9990555735123038,1.0
100017840|F|0-30:G>A-30:G>A,,,0.08152173913043478,-0.0859784119015234,1.3899174659852538,-0.061858645571143275,0.9508172911705361,0.0038264920318963236,0.9990555735123038,1.0
100044913|F|0-35:T>C-35:T>C,,,0.09770114942528736,0.07930649650978472,1.285544553618386,0.06169097468194545,0.9509504321094727,0.003805776357208434,0.9990555735123038,1.0
100058699|F|0-62:C>A-62:C>A,,,0.05434782608695652,-0.10736132247541691,1.7480215897170346,-0.06141876227787112,0.9511665883686193,0.003772264359745644,0.9990555735123038,1.0
100033600|F|0-16:A>G-16:A>G,,,0.1358695652173913,0.07485061842026475,1.2351796092258247,0.06059897512976188,0.9518175804369002,0.003672235786777499,0.9990555735123038,1.0
100021979|F|0-26:G>A-26:G>A,,,0.21195652173913043,0.0699804607041948,1.1566752777616893,0.06050138880776954,0.9518950758146816,0.0036604180476689017,0.9990555735123038,1.0
100016158|F|0-51:C>A-51:C>A,,,0.06521739130434782,0.1031549228087104,1.7147996833724588,0.06015566938164922,0.95216962269678,0.0036187045587542897,0.9990555735123038,1.0
100036044|F|0-63:T>G-63:T>G,,,0.08152173913043478,0.08658779030246334,1.4735044375622073,0.058763169010685685,0.9532755100327995,0.0034531100321784107,0.9990555735123038,1.0
100029185|F|0-30:A>G-30:A>G,,,0.10326086956521739,0.07825460549475378,1.3326105088136224,0.05872278882478661,0.9533075802952693,0.0034483659273604832,0.9990555735123038,1.0
100015734|F|0-6:T>C-6:T>C,,,0.3351648351648352,0.05408655636689628,0.924768891376205,0.05848656553142351,0.9534951922394179,0.0034206783476614963,0.9990555735123038,1.0
100016871|F|0-26:A>G-26:A>G,,,0.3967391304347826,0.05139674192437985,0.8858265303289975,0.05802122669016361,0.9538647787130227,0.003366462746631354,0.9990555735123038,1.0
100019200|F|0-60:C>T-60:C>T,,,0.375,0.05326382997047926,0.9349680959834915,0.05696860694957844,0.9547008389202293,0.0032454221777755573,0.9990555735123038,1.0
100018366|F|0-11:C>A-11:C>A,Vu06 (old6),3381583.0,0.14673913043478262,0.07129987211145283,1.29085338723253,0.05523467871460844,0.9560781495169951,0.0030508697327060186,0.9990555735123038,1.0
100033357|F|0-30:G>A-30:G>A,,,0.11413043478260869,0.07057403764343308,1.2782627711329302,0.05521089969700282,0.9560970388325681,0.0030482434453525057,0.9990555735123038,1.0
100032847|F|0-25:A>T-25:A>T,,,0.3641304347826087,-0.04600009220733651,0.8506881334503633,-0.05407397893369176,0.9570002025701753,0.00292399519772134,0.9990555735123038,1.0
100044425|F|0-30:C>T-30:C>T,,,0.30769230769230765,-0.05879946402059726,1.0935367690324265,-0.05376999263831218,0.9572416972122895,0.0028912121083241463,0.9990555735123038,1.0
100017309|F|0-5:C>G-5:C>G,,,0.07608695652173914,0.07708290135279258,1.4429172687023668,0.05342156686648721,0.9575185006430411,0.0028538638064705643,0.9990555735123038,1.0
100034117|F|0-53:T>C-53:T>C,,,0.053571428571428575,-0.08776813513195766,1.6553875838111285,-0.053019689159376694,0.9578377749083052,0.0028110874385569268,0.9990555735123038,1.0
100041156|F|0-37:T>C-37:T>C,,,0.17391304347826086,-0.05351264285849403,1.0912375306141386,-0.049038491948107395,0.9610010253903113,0.002404773692544594,0.9990555735123038,1.0
100022062|F|0-25:G>T-25:G>T,,,0.11413043478260869,-0.051529124977237856,1.1047630585202264,-0.04664269372498614,0.9629049053142253,0.0021755408779228613,0.9990555735123038,1.0
100028837|F|0-16:A>C-16:A>C,,,0.11956521739130435,0.056396466024629374,1.2377395875659665,0.0455640803535531,0.9637621228450616,0.002076085418465044,0.9990555735123038,1.0
100021509|F|0-38:C>A-38:C>A,,,0.05434782608695652,-0.06549378249261692,1.521911427679694,-0.04303389888626353,0.9657731255126829,0.0018519164533531533,0.9990555735123038,1.0
100028940|F|0-16:C>T-16:C>T,,,0.32608695652173914,0.03354363390728905,0.8710384176040206,0.0385099362202164,0.9693693403988005,0.001483015187685135,0.9990555735123038,1.0
100036060|F|0-10:G>T-10:G>T,Vu06 (old6),32597034.0,0.20108695652173914,-0.04197381031776963,1.1043393358735591,-0.038008073202035614,0.9697683246978055,0.0014446136285312977,0.9990555735123038,1.0
100043254|F|0-7:C>G-7:C>G,,,0.30434782608695654,-0.040487994732698415,1.068407339629244,-0.03789565386807288,0.9698576998439414,0.0014360805820887868,0.9990555735123038,1.0
100040047|F|0-6:G>A-6:G>A,,,0.2608695652173913,-0.037006698344533684,0.984190199257468,-0.037601165275221955,0.9700918247495285,0.0014138476300545573,0.9990555735123038,1.0
100014708|F|0-45:A>T-45:A>T,,,0.42934782608695654,0.037733118791295865,1.0376325190966227,0.0363646262977059,0.9710749288050236,0.0013223860457718035,0.9990555735123038,1.0
100056908|F|0-51:C>T-51:C>T,,,0.42934782608695654,0.037733118791295865,1.0376325190966227,0.0363646262977059,0.9710749288050236,0.0013223860457718035,0.9990555735123038,1.0
100013950|F|0-50:T>C-50:T>C,Vu01 (old4),30947226.0,0.06521739130434782,-0.05912973313495297,1.666662839613068,-0.035477921346515714,0.971779926705434,0.0012586829030695555,0.9990555735123038,1.0
100038511|F|0-6:G>A-6:G>A,,,0.05434782608695652,-0.05606247205843002,1.6165279335581053,-0.03468079387594132,0.9724137228576022,0.001202757463865529,0.9990555735123038,1.0
100034528|F|0-51:A>G-51:A>G,Vu09 (old8),1037776.0,0.11956521739130435,-0.042816369811877406,1.2379972267270443,-0.03458519040876465,0.972489738384652,0.0011961353956105062,0.9990555735123038,1.0
100049169|F|0-65:G>T-65:G>T,,,0.375,0.03451767638270294,0.9983334531235306,0.03457529773714979,0.9724976041876162,0.0011954512136125555,0.9990555735123038,1.0
100014242|F|0-53:A>G-53:A>G,,,0.44021739130434784,-0.03414210771954118,1.0230696247865523,-0.033372223055360875,0.9734542059201619,0.00111370527165676,0.9990555735123038,1.0
100039953|F|0-31:A>G-31:A>G,,,0.34782608695652173,0.03576453519840544,1.071796529016084,0.033368773111476215,0.9734569491333276,0.001113475018965178,0.9990555735123038,1.0
100015224|F|0-63:G>C-63:G>C,,,0.266304347826087,-0.03144165983691626,0.9431684403566549,-0.033336208562096015,0.9734828427588075,0.0011113028012955635,0.9990555735123038,1.0
100051141|F|0-11:G>A-11:G>A,,,0.34782608695652173,-0.04553913784268419,1.37070466590363,-0.03322315811383245,0.9735727347795504,0.0011037782350567112,0.9990555735123038,1.0
100032980|F|0-45:T>A-45:T>A,,,0.4891304347826087,0.02908111012720883,0.9147332102465344,0.03179190369547317,0.974710825323666,0.0010107251405822406,0.9990555735123038,1.0
100044383|F|0-68:C>A-68:C>A,,,0.22826086956521738,0.030822863979892624,0.9811465873657075,0.03141514670366363,0.975010419977862,0.000986911442412708,0.9990555735123038,1.0
100043120|F|0-10:T>G-10:T>G,,,0.06521739130434782,0.052849204210282684,1.6925324208970707,0.03122492872678428,0.9751616814132599,0.0009749961739927582,0.9990555735123038,1.0
100014119|F|0-65:C>G-65:C>G,Vu07 (old2),13031414.0,0.06521739130434782,0.052849204210282684,1.6925324208970707,0.03122492872678428,0.9751616814132599,0.0009749961739927582,0.9990555735123038,1.0
100020699|F|0-40:A>G-40:A>G,,,0.3641304347826087,0.02807667681675065,0.9091700669513736,0.03088165552006929,0.9754346547440009,0.0009536766476602261,0.9990555735123038,1.0
100028792|F|0-46:G>T-46:G>T,,,0.14673913043478262,-0.033067324959639745,1.079780332187707,-0.030624122308880303,0.975639448935125,0.0009378368671892603,0.9990555735123038,1.0
100035765|F|0-28:G>A-28:G>A,,,0.16304347826086957,0.03757688319749548,1.2340292529197636,0.03045056112615405,0.9757774682585388,0.0009272366728976442,0.9990555735123038,1.0
100018194|F|0-8:A>C-8:A>C,Vu02 (old7),25429826.0,0.17582417582417587,0.03103286507628631,1.0277516689556885,0.030194906039723777,0.9759807716385281,0.0009117323507477474,0.9990555735123038,1.0
100013883|F|0-67:A>T-67:A>T,,,0.07608695652173914,0.03866189751193241,1.4285769640125192,0.027063223393537512,0.9784712894890768,0.0007324180604485161,0.9990555735123038,1.0
100029761|F|0-20:T>G-20:T>G,Vu02 (old7),30481386.0,0.29347826086956524,0.026677848253728872,0.9883488391969306,0.026992340351616736,0.9785276628612161,0.0007285864376575171,0.9990555735123038,1.0
100019628|F|0-65:T>G-65:T>G,,,0.34782608695652173,-0.02369801932612509,0.9299948106804261,-0.025481883397592886,0.9797289566424544,0.00064932638148852,0.9990555735123038,1.0
100015429|F|0-30:C>A-30:C>A,,,0.08152173913043478,0.03779786196709762,1.4906547014911746,0.02535655100358693,0.979828637905532,0.0006429546787975053,0.9990555735123038,1.0
100021820|F|0-10:T>A-10:T>A,,,0.09782608695652174,0.042473228753870745,1.699641429703982,0.0249895230909193,0.9801205499565122,0.0006244762643115889,0.9990555735123038,1.0
100017658|F|0-34:T>G-34:T>G,Vu01 (old4),30643579.0,0.3695652173913043,0.02488154080767261,1.063622899201639,0.02339319774550626,0.9813902026527266,0.0005472417007603591,0.9990555735123038,1.0
100015846|F|0-45:G>T-45:G>T,Vu07 (old2),7540868.0,0.05434782608695652,-0.0392006418229949,1.6817855442223766,-0.023308942069139072,0.9814572175753441,0.0005433067803824812,0.9990555735123038,1.0
100040928|F|0-53:C>A-53:C>A,,,0.41304347826086957,-0.0225459855938167,0.9897898958526077,-0.0227785570334556,0.9818790760132569,0.0005188626605263896,0.9990555735123038,1.0
100021995|F|0-64:T>A-64:T>A,,,0.2608695652173913,-0.02325394604836388,1.038837723528066,-0.022384579922059056,0.9821924414572248,0.0005010694182870495,0.9990555735123038,1.0
100014593|F|0-28:A>C-28:A>C,,,0.08152173913043478,-0.03414655803377551,1.5378992173382184,-0.022203378250543655,0.9823365683912821,0.000492990005736715,0.9990555735123038,1.0
100043410|F|0-43:T>A-43:T>A,,,0.30978260869565216,0.021463892327292587,1.0066184057321164,0.021322769586834486,0.9830370085316225,0.0004546605028532337,0.9990555735123038,1.0
100036126|F|0-34:T>C-34:T>C,,,0.30434782608695654,0.017627364777817848,0.8575242068910188,0.020556113327373483,0.9836468212626698,0.00042255379512782176,0.9990555735123038,1.0
100015956|F|0-13:C>T-13:C>T,,,0.33152173913043476,-0.020817100364395026,1.0242048142408982,-0.020325134265087273,0.9838305482519442,0.00041311108289382475,0.9990555735123038,1.0
100033546|F|0-50:C>T-50:C>T,,,0.3641304347826087,-0.027819273357467776,1.3837453175235348,-0.020104330620070644,0.9840061822550734,0.0004041841096811101,0.9990555735123038,1.0
100049761|F|0-12:A>G-12:A>G,,,0.14117647058823524,-0.023084868442665808,1.173385774620906,-0.019673724483428308,0.9843487018666466,0.00038705543504984644,0.9990555735123038,1.0
100019346|F|0-50:A>C-50:A>C,,,0.2391304347826087,-0.01869792178458732,0.9651176667414662,-0.019373722426735025,0.984587336033294,0.00037534112066817566,0.9990555735123038,1.0
100018152|F|0-62:T>C-62:T>C,,,0.19021739130434784,-0.023170583298383705,1.1982131862380554,-0.019337613343357315,0.9846160588014702,0.00037394328981719087,0.9990555735123038,1.0
100019086|F|0-55:A>G-55:A>G,,,0.28804347826086957,-0.021284104857377226,1.1142995698555087,-0.01910088223415283,0.9848043657374168,0.00036484370212297516,0.9990555735123038,1.0
100034834|F|0-45:G>A-45:G>A,,,0.14673913043478262,-0.020556365369839118,1.1731563493911565,-0.017522272611410608,0.9860600867664472,0.0003070300374685903,0.9990555735123038,1.0
100018174|F|0-53:C>T-53:C>T,,,0.32065217391304346,-0.017702336125312284,1.0293059093216177,-0.017198323613025132,0.9863177797299296,0.0002957823350983378,0.9990555735123038,1.0
100015147|F|0-16:C>G-16:C>G,,,0.42934782608695654,0.016574295587175183,0.9755283315725115,0.01699007097052538,0.9864834400340031,0.0002886625115834892,0.9990555735123038,1.0
100028947|F|0-38:C>A-38:C>A,,,0.06521739130434782,0.031622238717277096,1.8905929179487935,0.016726096039535458,0.9866934270193319,0.0002797622887237637,0.9990555735123038,1.0
100038652|F|0-16:A>G-16:A>G,,,0.1358695652173913,-0.018953291098836898,1.1419789753751426,-0.01659688269883489,0.9867962140918183,0.0002754565153188849,0.9990555735123038,1.0
100017924|F|0-5:G>C-5:G>C,Vu04 (old11),2232752.0,0.44565217391304346,-0.015268281743021297,0.9647149428714817,-0.01582672877189518,0.9874088633507598,0.00025048534361913477,0.9990555735123038,1.0
100030430|F|0-19:A>C-19:A>C,,,0.25,0.01592326713201254,1.02242612042154,0.01557400267263074,0.9876099059391488,0.00024254955924710942,0.9990555735123038,1.0
100035334|F|0-35:T>C-35:T>C,,,0.4382022471910112,0.014392435531263383,1.0080603426945252,0.0142773551559351,0.9886413960936783,0.0002038428702487066,0.9990555735123038,1.0
100035956|F|0-57:T>G-57:T>G,,,0.29891304347826086,0.013086988369599315,0.9973423379388854,0.013121861843993284,0.9895606136396575,0.0001721832582528468,0.9990555735123038,1.0
100054129|F|0-61:T>A-61:T>A,,,0.08695652173913043,0.017964063186420683,1.3986813713257165,0.012843570776519138,0.9897820017842411,0.0001649573102914564,0.9990555735123038,1.0
100018446|F|0-67:T>A-67:T>A,,,0.11413043478260869,0.019235802261929377,1.5501722675925422,0.012408815887154966,0.9901278627677215,0.00015397871172130947,0.9990555735123038,1.0
100016452|F|0-6:G>A-6:G>A,,,0.44021739130434784,0.010463143374331563,0.8740024371620106,0.011971526542084514,0.9904757418929379,0.000143317447747834,0.9990555735123038,1.0
100022022|F|0-32:T>G-32:T>G,,,0.10326086956521739,-0.013325780661483922,1.1757052887275556,-0.011334286567602474,0.990982692088664,0.00012846605199653388,0.9990555735123038,1.0
100035988|F|0-45:C>A-45:C>A,,,0.21739130434782608,0.012042564453270406,1.1080313226614016,0.01086843323557419,0.9913532996276804,0.00011812284099613367,0.9990555735123038,1.0
100016625|F|0-16:T>C-16:T>C,,,0.16847826086956522,0.0102291114889879,1.1065447268622908,0.009244191617986817,0.992645472114679,8.545507867005772e-05,0.9990555735123038,1.0
100029380|F|0-39:A>C-39:A>C,,,0.34782608695652173,0.009087159055676093,0.9894481418432357,0.009184068038924902,0.9926933040875462,8.434710574360189e-05,0.9990555735123038,1.0
100043520|F|0-39:C>T-39:C>T,,,0.2554347826086957,-0.008742640084240515,0.9588383858790833,-0.009117949607560901,0.9927459053617618,8.313700504601999e-05,0.9990555735123038,1.0
100014028|F|0-53:G>A-53:G>A,,,0.14130434782608695,-0.012718840526841916,1.433775110772913,-0.008870875516862265,0.9929424682622143,7.869243243566636e-05,0.9990555735123038,1.0
100020171|F|0-10:G>A-10:G>A,,,0.08695652173913043,0.011734114082430847,1.4489529985197647,0.008098340038923482,0.9935570713342442,6.558311138603118e-05,0.9990555735123038,1.0
100041246|F|0-21:G>A-21:G>A,,,0.10869565217391304,0.009133521794244743,1.2183319170773772,0.007496743429454673,0.994035683942259,5.620116204707182e-05,0.9990555735123038,1.0
100017334|F|0-26:T>C-26:T>C,,,0.13043478260869565,-0.008355260854359682,1.1638846697429035,-0.007178770432817299,0.9942886548202405,5.1534744927091866e-05,0.9990555735123038,1.0
100033389|F|0-27:G>C-27:G>C,,,0.15760869565217392,0.007724000743646783,1.0917579497037704,0.007074828945136197,0.9943713480374436,5.005320460293695e-05,0.9990555735123038,1.0
100013943|F|0-53:A>T-53:A>T,,,0.06521739130434782,0.010948081720857362,1.654538688272928,0.006616999528905181,0.9947355862548652,4.378468276553139e-05,0.9990555735123038,1.0
100033819|F|0-67:C>G-67:C>G,,,0.32608695652173914,0.006338086395885946,1.0309371689703597,0.006147888141637244,0.9951088012977424,3.7796528602083846e-05,0.9990555735123038,1.0
100034723|F|0-16:A>C-16:A>C,,,0.2717391304347826,0.0052973125293011005,0.9255551234411489,0.005723389558480391,0.9954465242830971,3.2757188038122364e-05,0.9990555735123038,1.0
100041567|F|0-33:A>T-33:A>T,,,0.46195652173913043,0.003470121470046398,0.9004278245969444,0.0038538585495175226,0.9969338965814719,1.4852225719689302e-05,0.9990555735123038,1.0
100034782|F|0-29:A>T-29:A>T,,,0.14285714285714285,-0.0028562550404695256,1.0211081306400704,-0.00279721114225103,0.9977745553718147,7.824390174333311e-06,0.9990555735123038,1.0
100015889|F|0-55:C>G-55:C>G,Vu04 (old11),34569598.0,0.483695652173913,0.002301874104003741,0.8640353432978624,0.0026640971597503356,0.9978804598086347,7.097413676589805e-06,0.9990555735123038,1.0
100030268|F|0-10:A>C-10:A>C,,,0.32065217391304346,-0.002651865587348836,1.0252118075257362,-0.002586651429375257,0.9979420750397958,6.690765617089059e-06,0.9990555735123038,1.0
100015143|F|0-64:A>T-64:A>T,,,0.16847826086956522,0.0022141843618944685,1.1105590658222384,0.001993756505202292,0.9984137780960892,3.975065002036457e-06,0.9990555735123038,1.0
100029921|F|0-17:C>T-17:C>T,,,0.15760869565217392,-0.002414292103965796,1.2315550454054576,-0.0019603606943698997,0.9984403475880403,3.843014052030435e-06,0.9990555735123038,1.0
100021278|F|0-44:C>G-44:C>G,Vu09 (old8),41151722.0,0.10989010989010989,0.0012289061625640055,1.0352436523286217,0.0011870694978904433,0.9990555735123038,1.4091339928218691e-06,0.9990555735123038,1.0
