rs,chrom,pos,maf_subset,beta,se,t,p,chi2,fdr_bh,p_bonferroni
100041739|F|0-59:G>T-59:G>T,,,0.05789473684210526,-0.37549732853979173,0.10050502051400328,-3.736105187774913,0.0003276441460964578,13.95848197411862,0.5212818364394644,0.5212818364394644
100015319|F|0-34:T>A-34:T>A,,,0.06315789473684211,-0.31860157641190695,0.10150252146872507,-3.1388538117259914,0.002293836128731003,9.852403251386786,0.9089136327758935,1.0
100034813|F|0-53:C>A-53:C>A,,,0.053763440860215055,-0.3058114827705382,0.09936924425969146,-3.077526502781191,0.002765955455101884,9.47116937532063,0.9089136327758935,1.0
100030222|F|0-14:T>A-14:T>A,,,0.11702127659574468,-0.2208487300721218,0.07286025593736245,-3.031127563729452,0.0031814910573651272,9.187734307600444,0.9089136327758935,1.0
100018535|F|0-10:A>T-10:A>T,,,0.05263157894736842,-0.32392833015348776,0.11054348647552428,-2.9303248927761074,0.004290930412025079,8.586803977223305,0.9089136327758935,1.0
100035958|F|0-25:C>T-25:C>T,,,0.4269662921348315,0.1429576404757032,0.04895525759415805,2.9201693035879903,0.0044205560549588395,8.52738876161757,0.9089136327758935,1.0
100016306|F|0-56:A>G-56:A>G,,,0.18421052631578946,-0.20512640410132965,0.07507004627800405,-2.7324667330254844,0.0075664230359972105,7.466374447090963,0.9089136327758935,1.0
100041762|F|0-5:T>C-5:T>C,Vu11 (old9),27828984.0,0.4157303370786517,-0.13530291884104698,0.049802718802075284,-2.7167777602416536,0.0079054034789982,7.380881398543656,0.9089136327758935,1.0
100021344|F|0-55:A>T-55:A>T,,,0.1631578947368421,0.20754368287567657,0.07698067404463023,2.6960491766459627,0.0083744723206273,7.268681162893373,0.9089136327758935,1.0
100058484|F|0-60:G>A-60:G>A,,,0.1631578947368421,0.20754368287567657,0.07698067404463023,2.6960491766459627,0.0083744723206273,7.268681162893373,0.9089136327758935,1.0
100033134|F|0-15:C>T-15:C>T,,,0.1631578947368421,0.20754368287567657,0.07698067404463023,2.6960491766459627,0.0083744723206273,7.268681162893373,0.9089136327758935,1.0
100030838|F|0-17:T>C-17:T>C,,,0.20652173913043478,-0.15179230853479997,0.057190050526628386,-2.65417335947489,0.009400105907550181,7.044636222146224,0.9089136327758935,1.0
100016220|F|0-31:G>A-31:G>A,,,0.1774193548387097,-0.18962794167768862,0.07188130787447668,-2.638070275638668,0.009823933054029463,6.959414779208276,0.9089136327758935,1.0
100030458|F|0-10:C>T-10:C>T,,,0.16842105263157894,0.17494032489899042,0.06747295597886226,2.5927473068438744,0.011111334840283503,6.722338597146164,0.9089136327758935,1.0
100019661|F|0-30:A>T-30:A>T,,,0.3631578947368421,0.13604484747961226,0.0525098949167048,2.590842120240709,0.011168646882653052,6.712462892013371,0.9089136327758935,1.0
100035886|F|0-65:A>C-65:A>C,,,0.13157894736842105,-0.2253442740749667,0.0877040536256606,-2.56937125206075,0.011833237778985576,6.601668630916226,0.9089136327758935,1.0
100045179|F|0-31:C>T-31:C>T,,,0.1368421052631579,-0.21912035947096054,0.0860271405179673,-2.547107321615507,0.012559834685938204,6.487755707827322,0.9089136327758935,1.0
100018935|F|0-28:A>T-28:A>T,,,0.19473684210526315,-0.16908383245390143,0.0664946323152616,-2.5428192707683253,0.01270430550837928,6.465929843790757,0.9089136327758935,1.0
100048696|F|0-28:G>C-28:G>C,,,0.08421052631578947,-0.24589698488398712,0.09749374698909859,-2.522182114012732,0.01342073112880839,6.361402616245734,0.9089136327758935,1.0
100035486|F|0-5:T>C-5:T>C,,,0.17553191489361702,-0.16185149322089226,0.0642421307213559,-2.5193979621085054,0.01352011353712789,6.3473660914764904,0.9089136327758935,1.0
100015397|F|0-30:G>C-30:G>C,,,0.06842105263157895,-0.24273321024688305,0.09658591585845783,-2.513132562749597,0.013746183442147846,6.315835277952356,0.9089136327758935,1.0
100034571|F|0-32:T>A-32:T>A,,,0.07894736842105263,0.23998511949501286,0.09590801840868024,2.5022424973102435,0.014147210035341988,6.261217515345404,0.9089136327758935,1.0
100021572|F|0-58:T>G-58:T>G,,,0.2736842105263158,-0.15925589030437173,0.06367472995759423,-2.5010846596512017,0.01419045882026607,6.255424474742568,0.9089136327758935,1.0
100034157|F|0-53:C>A-53:C>A,,,0.21578947368421053,-0.14335051886804576,0.05801451963347251,-2.4709420981801444,0.015358920166470499,6.105554852558894,0.9089136327758935,1.0
100035901|F|0-29:T>A-29:T>A,,,0.3924731182795699,-0.12529655240783974,0.05099446320308142,-2.4570618953053027,0.01592537689734454,6.037153157361287,0.9089136327758935,1.0
100016587|F|0-41:C>T-41:C>T,Vu03 (old3),57417157.0,0.3,0.13101854580494932,0.053447299883428556,2.4513594903897453,0.016163456915820974,6.009163351123872,0.9089136327758935,1.0
100029165|F|0-15:A>T-15:A>T,,,0.3263157894736842,0.15043815639415278,0.061654506941128874,2.4400188057265537,0.016646411773303702,5.953691772299237,0.9089136327758935,1.0
100021316|F|0-63:C>A-63:C>A,,,0.19473684210526315,0.16024452442462564,0.06571381232768528,2.4385211989460926,0.016711142647170957,5.946385637709489,0.9089136327758935,1.0
100034096|F|0-46:G>C-46:G>C,Vu02 (old7),21233031.0,0.25,0.1620610754466494,0.06656262040167157,2.434715978257665,0.01687662708222725,5.927841894783178,0.9089136327758935,1.0
100018823|F|0-53:T>C-53:T>C,,,0.053763440860215055,-0.2013511342199435,0.08449133761120464,-2.3830979590651165,0.01927030875704939,5.679155882500323,0.9089136327758935,1.0
100013045|F|0-44:C>T-44:C>T,,,0.11052631578947368,0.1955689453227806,0.08207370350956189,2.3828453811639694,0.019282728105367995,5.677952110534463,0.9089136327758935,1.0
100028702|F|0-38:A>G-38:A>G,,,0.41578947368421054,0.14379697516627096,0.06078111817067561,2.3658165478707347,0.020136618688374193,5.597087938179,0.9089136327758935,1.0
100016750|F|0-47:G>A-47:G>A,,,0.24210526315789474,0.15298172422391923,0.06532932978525297,2.341700500017258,0.021403257288375176,5.483561231781077,0.9089136327758935,1.0
100033227|F|0-6:A>G-6:A>G,Vu08 (old5),23496197.0,0.43617021276595747,-0.11883336889765149,0.05093592215179424,-2.3329973008737515,0.02187740648999394,5.44287640588421,0.9089136327758935,1.0
100013003|F|0-59:A>G-59:A>G,,,0.06315789473684211,-0.2204865148519049,0.09461892541367836,-2.330258073508313,0.02202854988023893,5.430102689150674,0.9089136327758935,1.0
100030370|F|0-33:G>A-33:G>A,,,0.17894736842105263,-0.17020230041744672,0.07310137859371414,-2.3283049333912578,0.022136882321311363,5.421003862854069,0.9089136327758935,1.0
100041653|F|0-45:T>C-45:T>C,,,0.4425287356321839,-0.15099471437981427,0.06496538681252303,-2.3242332846497855,0.022364235328763426,5.402060361473931,0.9089136327758935,1.0
100014526|F|0-10:T>C-10:T>C,,,0.33695652173913043,0.14114249560533268,0.06117897214867821,2.307042610364975,0.023347039090872452,5.322445606039638,0.9089136327758935,1.0
100034184|F|0-46:T>C-46:T>C,,,0.1947368421052632,0.15933945928318247,0.06990627587702679,2.279329821023208,0.025011757545704442,5.195344433005689,0.9089136327758935,1.0
100022176|F|0-8:G>A-8:G>A,,,0.05789473684210526,-0.24285167332906657,0.10656905543310682,-2.278819797567823,0.025043350087893216,5.193019669787053,0.9089136327758935,1.0
100021959|F|0-60:G>A-60:G>A,Vu02 (old7),21244140.0,0.2631578947368421,0.14670413432175025,0.06452390380094464,2.273640088087827,0.02536619351842185,5.169439250160022,0.9089136327758935,1.0
100048542|F|0-39:C>A-39:C>A,Vu06 (old6),4481310.0,0.09473684210526316,0.19864822127563997,0.0873975488585311,2.2729266881064185,0.02541094434484001,5.166195729506413,0.9089136327758935,1.0
100034034|F|0-18:A>G-18:A>G,,,0.16842105263157894,0.1691609624001293,0.0744351744134678,2.2725944250561527,0.02543181055166819,5.164685420796306,0.9089136327758935,1.0
100017261|F|0-49:C>T-49:C>T,,,0.07894736842105263,-0.20799656583806297,0.0922567581567855,-2.254540155037572,0.026588522881897357,5.082951310676839,0.9089136327758935,1.0
100035181|F|0-20:A>G-20:A>G,,,0.1368421052631579,0.15223236686214442,0.06755943799280971,2.2533101426679476,0.026668983430191348,5.077406599050247,0.9089136327758935,1.0
100017341|F|0-38:C>A-38:C>A,,,0.49473684210526314,-0.1274457454754213,0.05678527616114203,-2.2443449092994285,0.027261924373880114,5.03708407189826,0.9089136327758935,1.0
100051260|F|0-23:G>A-23:G>A,,,0.05263157894736842,0.21264123268810642,0.09623939272179338,2.209503059758542,0.029677477658000807,4.881903771082358,0.9089136327758935,1.0
100060618|F|0-5:A>G-5:A>G,,,0.15168539325842698,0.18840482290707478,0.0855852871622537,2.201369290844283,0.030267623741149875,4.846026754672262,0.9089136327758935,1.0
100022184|F|0-19:G>C-19:G>C,,,0.15789473684210525,0.1676649061051278,0.07635760755064414,2.1957852201422647,0.030678687751051592,4.821472732995214,0.9089136327758935,1.0
100040147|F|0-11:C>G-11:C>G,,,0.3736842105263158,0.1807867476190326,0.0823475266472836,2.195411993287794,0.03070633531566089,4.819833820271884,0.9089136327758935,1.0
100028488|F|0-19:T>C-19:T>C,,,0.08421052631578947,-0.18435403564940422,0.08416201391629492,-2.190466067420361,0.031074774374290823,4.798141592520022,0.9089136327758935,1.0
100017582|F|0-57:G>A-57:G>A,,,0.0967741935483871,0.16137135403233097,0.07376032330904236,2.1877799173441024,0.0312764868709017,4.786380966734168,0.9089136327758935,1.0
100021397|F|0-9:C>T-9:C>T,,,0.4526315789473684,0.11193112584370016,0.05138102732961519,2.1784524689560825,0.03198581316645502,4.745655159500852,0.9089136327758935,1.0
100013040|F|0-46:A>G-46:A>G,,,0.09473684210526316,-0.19796334208880864,0.09091920506978099,-2.1773545197284854,0.032070224491638405,4.740872704582063,0.9089136327758935,1.0
100035644|F|0-26:C>G-26:C>G,,,0.2578947368421053,-0.12466913252688862,0.05792590763988362,-2.1522171616530774,0.03405660494850879,4.632038710914029,0.9089136327758935,1.0
100034350|F|0-65:C>A-65:C>A,,,0.2578947368421053,-0.12466913252688862,0.05792590763988362,-2.1522171616530774,0.03405660494850879,4.632038710914029,0.9089136327758935,1.0
100022059|F|0-28:G>C-28:G>C,,,0.1631578947368421,0.16358590757376676,0.0763027296063512,2.14390636373971,0.0347364479577225,4.596334496483626,0.9089136327758935,1.0
100033513|F|0-54:T>C-54:T>C,Vu06 (old6),29636850.0,0.06842105263157895,-0.19566797880496117,0.09127177004649001,-2.143795159284148,0.034745624072885305,4.595857684970145,0.9089136327758935,1.0
100017201|F|0-30:C>G-30:C>G,,,0.06315789473684211,-0.20152848266480883,0.09415237558640478,-2.140450322253034,0.03502261113425306,4.581527582033117,0.9089136327758935,1.0
100017645|F|0-21:T>C-21:T>C,,,0.0797872340425532,-0.1739222725785326,0.08135871477779022,-2.137721485074527,0.035250004710198256,4.569853147749242,0.9089136327758935,1.0
100046200|F|0-31:A>C-31:A>C,,,0.3368421052631579,0.13221851479114669,0.06185171160517278,2.1376694574785056,0.03525435257844191,4.569630709436448,0.9089136327758935,1.0
100017244|F|0-66:T>A-66:T>A,,,0.18947368421052632,-0.14680428654612965,0.06897767070713534,-2.1282870969857726,0.03604606952368917,4.529605967196127,0.9089136327758935,1.0
100044112|F|0-18:T>G-18:T>G,,,0.16666666666666674,-0.14042357399239733,0.06601416930372606,-2.127173233769244,0.036141077103984974,4.5248659664643025,0.9089136327758935,1.0
100056034|F|0-41:G>T-41:G>T,,,0.46842105263157896,0.14064668085651363,0.06636428777396017,2.1193127444622433,0.03681773242165792,4.491486508840086,0.9089136327758935,1.0
100021104|F|0-25:C>T-25:C>T,,,0.07368421052631578,0.19337212671912207,0.0915667974857543,2.1118148939216352,0.03747336630103734,4.459762146189248,0.9089136327758935,1.0
100038434|F|0-16:C>A-16:C>A,,,0.09473684210526316,-0.21898504751111822,0.10395249466171268,-2.1065877083926665,0.03793640129396236,4.437711773151066,0.9089136327758935,1.0
100016374|F|0-29:T>A-29:T>A,,,0.38421052631578945,0.12050532778561572,0.057307399735912715,2.1027882671511073,0.038276061216835244,4.4217184964683565,0.9089136327758935,1.0
100021054|F|0-18:A>G-18:A>G,,,0.3010752688172043,-0.10301060219359147,0.04919025750205025,-2.094126101887106,0.03906027710402565,4.385364130604886,0.9138956010662471,1.0
100014760|F|0-37:A>T-37:A>T,,,0.43157894736842106,-0.11490641825940515,0.05560277325867587,-2.0665591215178454,0.0416490175396388,4.270666602728609,0.9266135657838556,1.0
100028703|F|0-9:T>G-9:T>G,,,0.45789473684210524,0.11655666344646708,0.056536564706818386,2.061615594277701,0.042128543534685,4.250258858568999,0.9266135657838556,1.0
100017892|F|0-32:A>G-32:A>G,,,0.4105263157894737,-0.11259036307326947,0.05480814754954715,-2.0542632456513252,0.042850508723151354,4.219997482433917,0.9266135657838556,1.0
100034740|F|0-59:T>C-59:T>C,Vu08 (old5),34703845.0,0.22631578947368422,-0.14370174287032902,0.07010911845183526,-2.0496869172453174,0.04330523111977845,4.201216458726613,0.9266135657838556,1.0
100035083|F|0-24:G>C-24:G>C,,,0.34782608695652173,-0.10566999710658462,0.05195873318382532,-2.033729281519118,0.044923415563820075,4.136054790508267,0.9266135657838556,1.0
100019646|F|0-30:T>C-30:T>C,,,0.2,-0.1353169681874755,0.06664963532314792,-2.0302731970159615,0.04528063086241849,4.122009254521413,0.9266135657838556,1.0
100017031|F|0-21:G>T-21:G>T,,,0.22105263157894736,0.12830853291021685,0.06325839113588837,2.0283243156562607,0.04548313546015264,4.114099529482439,0.9266135657838556,1.0
100013444|F|0-54:G>C-54:G>C,Vu03 (old3),47172807.0,0.2,0.11539133768536351,0.05690289122947638,2.027864229605075,0.04553105519896179,4.112233333711784,0.9266135657838556,1.0
100014740|F|0-25:C>T-25:C>T,,,0.1368421052631579,-0.149497335662247,0.07379604627789242,-2.0258176853985863,0.04574473516653213,4.103937294473686,0.9266135657838556,1.0
100028820|F|0-24:T>G-24:T>G,,,0.06315789473684211,0.19798416638240943,0.09798575430068003,2.020540310123789,0.04629971386300026,4.082583144835137,0.9266135657838556,1.0
100028365|F|0-14:C>A-14:C>A,,,0.42105263157894735,0.11585362867042072,0.05736877527730314,2.0194544525383304,0.04641461689374249,4.078196285876888,0.9266135657838556,1.0
100019676|F|0-10:G>T-10:G>T,,,0.24736842105263157,0.1149191541977842,0.05703387631387464,2.014927997622841,0.04689622910303018,4.059934835604391,0.9266135657838556,1.0
100034797|F|0-19:G>T-19:G>T,,,0.08947368421052632,0.1854157978060412,0.09214010877926503,2.012324494322354,0.047175172110931675,4.049449870449719,0.9266135657838556,1.0
100044112|F|0-25:G>A-25:G>A,,,0.1473684210526316,-0.14367831933795963,0.07197972039515511,-1.9960944353380745,0.04894626507594435,3.9843929947876267,0.9427339323486855,1.0
100018809|F|0-13:A>G-13:A>G,,,0.08421052631578947,0.18014762027896858,0.09044083183741934,1.9918837168902908,0.04941492207921614,3.96760074161268,0.9427339323486855,1.0
100017511|F|0-59:G>C-59:G>C,,,0.20526315789473684,0.11477364661507153,0.057967689988081154,1.9799589502129609,0.050762977785413124,3.92023744452841,0.9427339323486855,1.0
100041853|F|0-21:T>C-21:T>C,,,0.15217391304347827,0.1398071815107917,0.07131178882010923,1.960505883024034,0.053029278268981815,3.8435833173718477,0.9427339323486855,1.0
100033981|F|0-18:C>A-18:C>A,,,0.05789473684210526,0.17791875094739656,0.09172735063868966,1.9396477681799769,0.05555418408251674,3.7622334646055653,0.9427339323486855,1.0
100020694|F|0-67:C>T-67:C>T,Vu10 (old10),36275606.0,0.1736842105263158,-0.14387463586476792,0.0749468089032038,-1.9196899503831661,0.05806472568009604,3.685209505602123,0.9427339323486855,1.0
100016293|F|0-58:A>G-58:A>G,,,0.39473684210526316,-0.10425494852137913,0.054490626356477646,-1.9132639041317552,0.05889320493295973,3.660578766853486,0.9427339323486855,1.0
100035857|F|0-32:C>A-32:C>A,,,0.14835164835164835,0.11885455952631926,0.062326685299847605,1.9069610224660845,0.05971547610819595,3.6365003412048944,0.9427339323486855,1.0
100057366|F|0-5:C>T-5:C>T,,,0.25263157894736843,-0.12561572457770578,0.06624256846592236,-1.8962991243663383,0.06112846048296969,3.595950369072541,0.9427339323486855,1.0
100036060|F|0-10:G>T-10:G>T,Vu06 (old6),32597034.0,0.19473684210526315,0.1252073796328834,0.0660987726996287,1.894246663275591,0.06140367311511244,3.58817042133071,0.9427339323486855,1.0
100015763|F|0-37:C>T-37:C>T,Vu01 (old4),7877137.0,0.07894736842105263,0.15808787536059998,0.08370995134406263,1.8885194988446594,0.06217714489928755,3.5665058975164836,0.9427339323486855,1.0
100013982|F|0-20:C>G-20:C>G,,,0.14210526315789473,-0.1315419660650294,0.06984596323658229,-1.8833152263856734,0.06288708994934929,3.54687624193612,0.9427339323486855,1.0
100034117|F|0-53:T>C-53:T>C,,,0.05172413793103449,-0.19657895642263873,0.10448136323089463,-1.8814738853303101,0.06313990443199878,3.539943981179933,0.9427339323486855,1.0
100020311|F|0-17:G>A-17:G>A,,,0.05789473684210526,-0.20476311112228018,0.1090656821405552,-1.8774293352733789,0.06369821685539209,3.524740908945041,0.9427339323486855,1.0
100019028|F|0-68:T>A-68:T>A,Vu03 (old3),64483291.0,0.07368421052631578,-0.1640001141417607,0.08762335920121589,-1.8716483325542828,0.06450342413854503,3.503067480753227,0.9427339323486855,1.0
100016783|F|0-52:G>T-52:G>T,Vu07 (old2),39495827.0,0.06914893617021277,-0.15447540491099526,0.08266903949679606,-1.868600456123385,0.06493137528834539,3.491667664624523,0.9427339323486855,1.0
100035059|F|0-31:C>G-31:C>G,,,0.4105263157894737,-0.16955099317924135,0.09084067068360722,-1.8664656689928854,0.06523253600469138,3.483694093529059,0.9427339323486855,1.0
100015314|F|0-65:G>A-65:G>A,,,0.18947368421052632,-0.13277601596903751,0.07115335367449355,-1.8660542210905504,0.06529071459412825,3.482158356049861,0.9427339323486855,1.0
100038564|F|0-34:C>T-34:C>T,,,0.08421052631578951,0.21477855388406986,0.1151809917906276,1.864704848821649,0.06548182074298473,3.4771241732189693,0.9427339323486855,1.0
100022222|F|0-28:C>A-28:C>A,,,0.3894736842105263,-0.09947814950131466,0.05342357413718814,-1.8620646616765377,0.0658570962225428,3.4672848042645588,0.9427339323486855,1.0
100022600|F|0-31:A>T-31:A>T,,,0.37894736842105264,-0.1010900752392345,0.054293269928969365,-1.86192644818572,0.06587679139196966,3.466770098453491,0.9427339323486855,1.0
100036190|F|0-13:A>T-13:A>T,Vu03 (old3),59363081.0,0.12105263157894737,-0.14250221017644615,0.07667360980647746,-1.8585561647106308,0.06635858023630342,3.4542310173838895,0.9427339323486855,1.0
100019004|F|0-13:T>A-13:T>A,,,0.05789473684210526,-0.20429119977631685,0.10997065549226137,-1.8576882974994435,0.06648312032422692,3.451005810666381,0.9427339323486855,1.0
100028469|F|0-24:A>G-24:A>G,,,0.14736842105263157,-0.14127572456068793,0.07605749133912426,-1.8574859895229698,0.06651217990036076,3.4502542012741264,0.9427339323486855,1.0
100018223|F|0-41:G>A-41:G>A,Vu09 (old8),16423359.0,0.21578947368421053,0.10725388709821339,0.05784670970140495,1.8541052317727322,0.06699936901893999,3.437706210487017,0.9427339323486855,1.0
100030615|F|0-8:C>T-8:C>T,,,0.3631578947368421,0.1197376086670648,0.06465801054159251,1.8518603907560887,0.06732451246821905,3.429386906851293,0.9427339323486855,1.0
100018265|F|0-5:C>T-5:C>T,,,0.34946236559139787,0.12144807002741169,0.06566722513125184,1.8494472666489004,0.06767550142942845,3.4204551921150887,0.9427339323486855,1.0
100019141|F|0-40:G>A-40:G>A,,,0.1631578947368421,0.1170730456843524,0.06347583764171659,1.844371811919367,0.06841872270323038,3.401707380602729,0.9427339323486855,1.0
100014420|F|0-6:A>T-6:A>T,,,0.19473684210526315,-0.13038600635925615,0.07137747098721023,-1.8267109293157693,0.07105824401431231,3.3368728192816812,0.9427339323486855,1.0
100015727|F|0-9:C>T-9:C>T,,,0.06521739130434782,-0.15026471924190937,0.08248663164283884,-1.821685723482379,0.07182462065511779,3.3185388751395184,0.9427339323486855,1.0
100033142|F|0-41:A>C-41:A>C,,,0.43010752688172044,0.09939149025880134,0.054691567747245616,1.8173092188202433,0.07249766319490267,3.302612796809043,0.9427339323486855,1.0
100041246|F|0-21:G>A-21:G>A,,,0.11578947368421053,-0.1335182457706142,0.07387340573577875,-1.807392585204014,0.07404213460306491,3.266667957050449,0.9427339323486855,1.0
100019242|F|0-32:A>G-32:A>G,,,0.4473684210526316,-0.10849381379856167,0.060129800049781114,-1.8043268680211852,0.0745251042712172,3.25559544666314,0.9427339323486855,1.0
100022022|F|0-32:T>G-32:T>G,,,0.1,0.13189628726383704,0.07312952113030213,1.803598399459287,0.07464025038633937,3.2529671865321017,0.9427339323486855,1.0
100045342|F|0-29:C>T-29:C>T,,,0.14736842105263157,-0.13032996569008165,0.07250332891062286,-1.797572161834714,0.0755984719050283,3.2312656770031274,0.9427339323486855,1.0
100013004|F|0-22:T>A-22:T>A,,,0.19473684210526315,0.11829004591039222,0.06588162820987355,1.7954936622629543,0.07593132898079497,3.2237974912264358,0.9427339323486855,1.0
100044400|F|0-16:A>G-16:A>G,,,0.3351063829787234,-0.12063064517753373,0.0672836734865455,-1.7928665146628158,0.07635378665491195,3.2143703393991925,0.9427339323486855,1.0
100022068|F|0-50:T>C-50:T>C,,,0.10526315789473684,-0.15370095261574515,0.08573535346579762,-1.7927371428760834,0.0763746404950905,3.2139064634475027,0.9427339323486855,1.0
100019738|F|0-47:G>A-47:G>A,,,0.28421052631578947,0.11121546089405233,0.06209540504342797,1.7910417174390123,0.07664836812009496,3.207830433606887,0.9427339323486855,1.0
100028334|F|0-33:A>C-33:A>C,,,0.43157894736842106,0.10963564762264202,0.06131614085810978,1.7880389419214633,0.07713516375691651,3.197083257827626,0.9427339323486855,1.0
100015479|F|0-29:T>C-29:T>C,,,0.4631578947368421,-0.09121271221650097,0.051113707213448774,-1.7845059024108811,0.07771120036948798,3.184461315739273,0.9427339323486855,1.0
100013175|F|0-57:A>T-57:A>T,,,0.38421052631578945,0.09180991101367007,0.051602087139424775,1.779189875897983,0.07858464863655557,3.16551661449788,0.9427339323486855,1.0
100033573|F|0-7:C>G-7:C>G,,,0.1,-0.148364528325404,0.08381341601450196,-1.7701763677038649,0.08008416346251501,3.1335243727772486,0.9427339323486855,1.0
100029559|F|0-31:T>C-31:T>C,,,0.07368421052631578,-0.15825175519415977,0.08943430372468612,-1.7694748950170256,0.0802018474537044,3.1310414040955137,0.9427339323486855,1.0
100041505|F|0-33:C>T-33:C>T,,,0.06842105263157895,-0.18126191923236784,0.10306825028778918,-1.7586591285506912,0.08203452722360251,3.0928819304346766,0.9427339323486855,1.0
100041505|F|0-68:C>A-68:C>A,,,0.06842105263157895,-0.18126191923236784,0.10306825028778918,-1.7586591285506912,0.08203452722360251,3.0928819304346766,0.9427339323486855,1.0
100045520|F|0-63:C>T-63:C>T,,,0.22631578947368422,-0.12494715238614729,0.07134965776497668,-1.7511948382109823,0.08331934790517946,3.0666833613767883,0.9427339323486855,1.0
100049953|F|0-26:C>T-26:C>T,,,0.07368421052631578,0.19829468427793173,0.11351715990491208,1.7468256292179416,0.08407907434498671,3.0513997788926575,0.9427339323486855,1.0
100049954|F|0-52:G>A-52:G>A,,,0.07368421052631578,0.19829468427793173,0.11351715990491208,1.7468256292179416,0.08407907434498671,3.0513997788926575,0.9427339323486855,1.0
100049952|F|0-5:T>A-5:T>A,,,0.07368421052631578,0.19829468427793173,0.11351715990491208,1.7468256292179416,0.08407907434498671,3.0513997788926575,0.9427339323486855,1.0
100041955|F|0-54:C>T-54:C>T,,,0.29473684210526313,0.09078837481319635,0.05222278866198632,1.7384819374703835,0.0855457291366812,3.022319446910778,0.9427339323486855,1.0
100021211|F|0-55:G>A-55:G>A,Vu06 (old6),30632173.0,0.06315789473684211,0.1513396532061077,0.0871254423602563,1.7370316764686382,0.08580278862807103,3.0172790450554476,0.9427339323486855,1.0
100019628|F|0-65:T>G-65:T>G,,,0.3526315789473684,-0.096339849389093,0.055576215422714056,-1.7334726493398254,0.08643631851735893,3.004927426009233,0.9427339323486855,1.0
100051794|F|0-60:T>C-60:T>C,Vu09 (old8),3361921.0,0.42105263157894735,0.08904015820268686,0.051604537427847944,1.725432735971723,0.0878816197225249,2.9771181263628654,0.9427339323486855,1.0
100035152|F|0-15:C>A-15:C>A,,,0.4894736842105263,-0.0993747859355377,0.05764329956616656,-1.7239607497046407,0.0881483668335265,2.972040666522187,0.9427339323486855,1.0
100038948|F|0-13:G>A-13:G>A,,,0.17894736842105263,0.1102515135238641,0.06420469911188119,1.7171876054078707,0.08938433350582811,2.9487332721664172,0.9427339323486855,1.0
100018389|F|0-25:G>T-25:G>T,,,0.05789473684210526,0.1776385284605751,0.10345723021435818,1.717023818369359,0.08941439628182248,2.948170792847693,0.9427339323486855,1.0
100035362|F|0-6:C>A-6:C>A,,,0.1736842105263158,0.12627929294170612,0.07371575492683544,1.7130570400729286,0.09014502212056723,2.9345644225434233,0.9427339323486855,1.0
100017553|F|0-24:C>A-24:C>A,Vu03 (old3),64354681.0,0.07368421052631578,-0.13641124872813076,0.07976720622431613,-1.7101169162741385,0.09068969858355608,2.924499867326969,0.9427339323486855,1.0
100046287|F|0-24:C>T-24:C>T,,,0.22631578947368422,-0.0930369115187931,0.054432635954241984,-1.7092119440440705,0.0908578910965693,2.921405469662911,0.9427339323486855,1.0
100016503|F|0-64:G>C-64:G>C,Vu05 (old1),42344593.0,0.10526315789473684,-0.14911878282130053,0.08726731757109242,-1.7087586392216163,0.09094223534195726,2.91985608711451,0.9427339323486855,1.0
100033255|F|0-59:G>A-59:G>A,,,0.1827956989247312,0.10402161683388716,0.0609052067857927,1.7079265028971578,0.09109723355858734,2.917012939298515,0.9427339323486855,1.0
100015005|F|0-68:T>A-68:T>A,,,0.3684210526315789,-0.10279420857852191,0.06022190467613575,-1.70692390304381,0.09128427001489349,2.913589210782314,0.9427339323486855,1.0
100017865|F|0-21:A>G-21:A>G,,,0.13157894736842105,0.12471406635834399,0.07307299447621353,1.7067052917742476,0.09132509391705025,2.9128429529702196,0.9427339323486855,1.0
100044399|F|0-36:G>A-36:G>A,,,0.35789473684210527,-0.10286244820863467,0.06026998527580604,-1.706694430700755,0.09132712252449192,2.9128058797849743,0.9427339323486855,1.0
100016472|F|0-40:C>G-40:C>G,,,0.46842105263157896,0.09729434632336695,0.05704094196397839,1.7056931911259243,0.09151429010211305,2.909389262253339,0.9427339323486855,1.0
100017546|F|0-5:C>G-5:C>G,,,0.06315789473684211,-0.17128228610181104,0.10068254512479528,-1.701211326049693,0.09235595693868075,2.894119975879755,0.9427339323486855,1.0
100041682|F|0-43:T>C-43:T>C,,,0.06842105263157895,-0.158321421512544,0.09330256310820777,-1.6968603673720144,0.0931790763438757,2.8793351063578876,0.9427339323486855,1.0
100016754|F|0-66:C>A-66:C>A,Vu01 (old4),1290094.0,0.41578947368421054,-0.09161832972862725,0.054244430787255334,-1.6889905267501282,0.09468310100900797,2.8526889994516753,0.9427339323486855,1.0
100016630|F|0-66:A>T-66:A>T,,,0.15263157894736842,-0.12395238843375551,0.07362268343974633,-1.6836168235459605,0.09572140260625163,2.83456560852699,0.9427339323486855,1.0
100020887|F|0-26:A>G-26:A>G,,,0.14736842105263157,-0.1131560679718507,0.06728378800711422,-1.6817731480856308,0.09607976401546091,2.828360921621853,0.9427339323486855,1.0
100034291|F|0-11:A>T-11:A>T,,,0.07368421052631578,-0.15079368408712623,0.08972678951104215,-1.6805870900860542,0.09631087860672247,2.8243729673639115,0.9427339323486855,1.0
100033052|F|0-65:A>G-65:A>G,,,0.4,0.09393177508062257,0.05616197663801322,1.6725154758360992,0.09789574534641382,2.7973080169112534,0.9427339323486855,1.0
100021507|F|0-53:A>C-53:A>C,,,0.11052631578947368,0.12820287239866515,0.07666547800146083,1.6722373060300009,0.09795073959303241,2.7963776076784748,0.9427339323486855,1.0
100013453|F|0-6:G>A-6:G>A,,,0.06451612903225801,0.14251007888168818,0.08535611368928311,1.669594276520828,0.09847452014932435,2.7875450481911073,0.9427339323486855,1.0
100038609|F|0-8:A>T-8:A>T,,,0.47368421052631576,0.08714424742266359,0.052407025658559134,1.6628352082108893,0.09982434221514742,2.7650209296657513,0.9427339323486855,1.0
100043520|F|0-39:C>T-39:C>T,,,0.25263157894736843,0.09423036647387409,0.05676990463580566,1.6598648012250057,0.10042227531915314,2.7551511583457278,0.9427339323486855,1.0
100014058|F|0-63:C>T-63:C>T,,,0.1,-0.14608060363243383,0.08818933253688532,-1.656443012212791,0.10111466436259513,2.743803452708585,0.9427339323486855,1.0
100034680|F|0-38:A>C-38:A>C,,,0.1,-0.14608060363243383,0.08818933253688532,-1.656443012212791,0.10111466436259513,2.743803452708585,0.9427339323486855,1.0
100030246|F|0-11:C>A-11:C>A,,,0.33157894736842103,-0.10428589078272352,0.06322641003296454,-1.6494039552198467,0.10255115449046452,2.720533407494874,0.9427339323486855,1.0
100013019|F|0-63:A>T-63:A>T,,,0.05789473684210526,-0.1612118793508071,0.0978491973021694,-1.647554438826581,0.1029313191345194,2.7144356288971703,0.9427339323486855,1.0
100016117|F|0-56:G>A-56:G>A,,,0.4052631578947368,-0.08977385379280624,0.05450633839069919,-1.6470351236825147,0.10303826805239817,2.7127246986438767,0.9427339323486855,1.0
100034798|F|0-34:C>G-34:C>G,,,0.0797872340425532,0.17612050464220125,0.10732743959850444,1.6409643731467103,0.10429516728556085,2.6927640739367757,0.9427339323486855,1.0
100013210|F|0-44:C>T-44:C>T,,,0.21052631578947367,0.10326988721665847,0.06293637668282312,1.6408616552093849,0.10431654024777766,2.692426971536482,0.9427339323486855,1.0
100020066|F|0-27:G>C-27:G>C,,,0.45789473684210524,-0.08071406495559917,0.049226787931865044,-1.639637042077898,0.10457162330577582,2.688409629753959,0.9427339323486855,1.0
100014059|F|0-25:C>G-25:C>G,,,0.4368421052631579,-0.09386960762939074,0.05742978701707165,-1.6345108088505873,0.10564487243823267,2.671625584249401,0.9427339323486855,1.0
100021541|F|0-63:C>G-63:C>G,,,0.12105263157894737,0.1214724160227929,0.0743499471289407,1.6337929038756476,0.10579588271716628,2.669279252754421,0.9427339323486855,1.0
100021416|F|0-50:T>G-50:T>G,,,0.4473684210526316,0.08776059390410523,0.053760565758819184,1.6324343441216203,0.10608213019549341,2.6648418878677846,0.9427339323486855,1.0
100038935|F|0-11:A>T-11:A>T,,,0.1368421052631579,-0.13541631445367372,0.08313127199304204,-1.6289455364643988,0.10682008056649575,2.653463560767288,0.9427339323486855,1.0
100033723|F|0-20:T>C-20:T>C,,,0.15760869565217392,0.11334516473514222,0.06963066490943888,1.6278052907085994,0.10706215949583879,2.6497500644589076,0.9427339323486855,1.0
100022134|F|0-54:T>C-54:T>C,,,0.3031914893617021,0.0864845962665799,0.053199742475807096,1.6256581750543113,0.10751920053533942,2.642764502120914,0.9427339323486855,1.0
100029321|F|0-48:C>A-48:C>A,,,0.05789473684210526,-0.1743985512652948,0.10728702264752037,-1.6255325850383782,0.10754598253665033,2.6423561850215522,0.9427339323486855,1.0
100034540|F|0-15:G>A-15:G>A,,,0.22105263157894736,0.09660385313077505,0.05955525144911504,1.6220879062749811,0.10828265473815828,2.631169175683552,0.9427339323486855,1.0
100047378|F|0-35:C>T-35:C>T,,,0.15263157894736842,0.12102168692800612,0.07471849331174994,1.6197019180119725,0.10879529364989388,2.6234343032116625,0.9427339323486855,1.0
100029339|F|0-11:C>T-11:C>T,Vu02 (old7),26187715.0,0.2736842105263158,0.11571498448703105,0.07154685090260524,1.6173316229466295,0.10930649172324576,2.6157615785831783,0.9427339323486855,1.0
100013415|F|0-20:G>A-20:G>A,Vu07 (old2),385652.0,0.1631578947368421,-0.10951918704576477,0.06803044749793238,-1.6098554555163456,0.11093152577658981,2.5916345876557405,0.9427339323486855,1.0
100030002|F|0-15:C>G-15:C>G,,,0.23684210526315788,0.08655296390662733,0.05383613944509545,1.607711191752484,0.11140116895754505,2.5847352760861924,0.9427339323486855,1.0
100032761|F|0-35:G>T-35:G>T,,,0.07368421052631578,0.14444988210226725,0.09016635164255093,1.6020375613611837,0.11265152250794484,2.5665243480120883,0.9427339323486855,1.0
100016303|F|0-55:T>G-55:T>G,,,0.38421052631578945,-0.07822797706818262,0.04889162542450249,-1.6000281518351391,0.11309704373441105,2.560090086664971,0.9427339323486855,1.0
100014708|F|0-45:A>T-45:A>T,,,0.43157894736842106,0.09755443554440082,0.06108569989323005,1.5970093772341716,0.11376901092903724,2.5504389509738767,0.9427339323486855,1.0
100056908|F|0-51:C>T-51:C>T,,,0.43157894736842106,0.09755443554440082,0.06108569989323005,1.5970093772341716,0.11376901092903724,2.5504389509738767,0.9427339323486855,1.0
100035964|F|0-51:G>A-51:G>A,,,0.23157894736842105,-0.0958891605031381,0.06026461504442551,-1.5911353691125563,0.11508570105052207,2.5317117628409505,0.9427339323486855,1.0
100013762|F|0-26:A>T-26:A>T,,,0.34210526315789475,0.08595949177191368,0.054170059676826844,1.5868450632090756,0.1160550751259596,2.5180772546310153,0.9427339323486855,1.0
100038530|F|0-18:T>G-18:T>G,,,0.42105263157894735,-0.08640833167738743,0.054495177666967924,-1.58561427591718,0.11633436666053838,2.514172631992363,0.9427339323486855,1.0
100040940|F|0-64:T>A-64:T>A,,,0.39473684210526316,0.09125739352843239,0.05766249842811513,1.582612547428868,0.11701777370901459,2.5046624752792908,0.9427339323486855,1.0
100033784|F|0-28:C>T-28:C>T,,,0.15789473684210525,-0.10324190395208675,0.06534542955145502,-1.5799407037456366,0.11762876806743426,2.496212627352257,0.9427339323486855,1.0
100045123|F|0-66:C>G-66:C>G,,,0.0585106382978724,-0.17173016799865137,0.10900961923328671,-1.5753671025227522,0.11868055961502412,2.4817815077109318,0.9427339323486855,1.0
100046856|F|0-65:C>A-65:C>A,,,0.06842105263157895,-0.15783885546821064,0.10038007533126107,-1.572412203789763,0.11936407517564838,2.4724801386269792,0.9427339323486855,1.0
100021909|F|0-26:T>C-26:T>C,,,0.3684210526315789,-0.0850585763383787,0.054149710283597045,-1.5708039044512583,0.11973741653611449,2.4674249062393177,0.9427339323486855,1.0
100017927|F|0-49:C>T-49:C>T,,,0.13157894736842105,0.15280737689761528,0.09774068005072974,1.56339588407104,0.12146909293048641,2.444206690330269,0.9427339323486855,1.0
100044743|F|0-7:G>A-7:G>A,,,0.08522727272727273,-0.171774176323984,0.11008257774771635,-1.5604120092250242,0.12217219615810297,2.434885638533677,0.9427339323486855,1.0
100014119|F|0-65:C>G-65:C>G,Vu07 (old2),13031414.0,0.06315789473684211,0.16383225378124516,0.10555262853631481,1.5521380760771823,0.1241387433552887,2.4091326072085772,0.9427339323486855,1.0
100043120|F|0-10:T>G-10:T>G,,,0.06315789473684211,0.16383225378124516,0.10555262853631481,1.5521380760771823,0.1241387433552887,2.4091326072085772,0.9427339323486855,1.0
100033423|F|0-16:C>T-16:C>T,,,0.34239130434782605,-0.08124795583545512,0.05248589750332447,-1.5479959322465402,0.12513263663548563,2.396291406251835,0.9427339323486855,1.0
100035489|F|0-68:C>A-68:C>A,,,0.07446808510638298,-0.14899684845255567,0.09650049888981416,-1.5440008100132487,0.12609721746690022,2.3839385013215684,0.9427339323486855,1.0
100047252|F|0-57:G>A-57:G>A,,,0.30526315789473685,-0.10316438297919482,0.06682878772731175,-1.5437117219625,0.12616724260550827,2.3830458805244272,0.9427339323486855,1.0
100032762|F|0-24:G>A-24:G>A,,,0.35789473684210527,0.11480561513509521,0.07438125108919214,1.5434751829789655,0.12622456180577252,2.3823156404719508,0.9427339323486855,1.0
100035121|F|0-27:C>T-27:C>T,,,0.21505376344086022,-0.09375835899090681,0.06083809143877497,-1.5411127596805283,0.1267981669113127,2.3750285380501337,0.9427339323486855,1.0
100033659|F|0-57:T>C-57:T>C,,,0.3882978723404255,-0.08101082424383159,0.052584548333177904,-1.5405822967337022,0.12692724846112102,2.373393813009289,0.9427339323486855,1.0
100040406|F|0-33:C>T-33:C>T,,,0.28260869565217395,-0.09049634148275196,0.058932287873862996,-1.5355986463048537,0.1281450409086095,2.358063202533299,0.9427339323486855,1.0
100038797|F|0-19:T>G-19:T>G,,,0.24210526315789474,-0.09498761934540721,0.061880301282458694,-1.5350219274438714,0.1282865607543594,2.356292317733498,0.9427339323486855,1.0
100050471|F|0-63:C>G-63:C>G,,,0.06842105263157895,0.1345055174413991,0.08794874254578426,1.5293625985769879,0.12968185368949267,2.338949957926157,0.9427339323486855,1.0
100019656|F|0-61:T>G-61:T>G,,,0.3263157894736842,-0.08765689761196269,0.05738193846884631,-1.5276043290094357,0.13011778125219475,2.3335749860083683,0.9427339323486855,1.0
100019590|F|0-61:C>T-61:C>T,,,0.3157894736842105,0.08432839265966569,0.05525853555605505,1.5260699873980874,0.1304991344449068,2.328889606437199,0.9427339323486855,1.0
100040723|F|0-6:G>A-6:G>A,,,0.3526315789473684,-0.08429300094366766,0.05527882805556849,-1.5248695370121264,0.13079811488721754,2.325227104907577,0.9427339323486855,1.0
100015011|F|0-55:G>C-55:G>C,,,0.35789473684210527,0.09283236865795867,0.060922535390318194,1.523777171504776,0.13107064522337042,2.321896868399096,0.9427339323486855,1.0
100045297|F|0-46:T>C-46:T>C,,,0.3473684210526316,-0.08986378753306623,0.059004657195299605,-1.5229948245547118,0.13126610514194118,2.3195132356204375,0.9427339323486855,1.0
100044894|F|0-55:A>G-55:A>G,,,0.15789473684210525,-0.12167666345355732,0.07995359118567014,-1.5218411286992335,0.13155476125415258,2.316000421000557,0.9427339323486855,1.0
100033932|F|0-52:T>C-52:T>C,,,0.11578947368421053,-0.11752567688471187,0.07726206406557293,-1.5211304319409185,0.131732827299364,2.3138377909767653,0.9427339323486855,1.0
100044383|F|0-11:A>T-11:A>T,,,0.24210526315789474,0.09276114322994905,0.061014165048743185,1.5203214393877837,0.13193575256442674,2.3113772790621425,0.9427339323486855,1.0
100019087|F|0-12:C>A-12:C>A,,,0.06315789473684211,-0.15471122246993563,0.10177906465145704,-1.5200692106942135,0.1319990711889794,2.310610405300529,0.9427339323486855,1.0
100013697|F|0-16:T>C-16:T>C,,,0.4105263157894737,-0.08866789274754436,0.058392650039960706,-1.5184769433629908,0.132399341228759,2.3057722275250114,0.9427339323486855,1.0
100017187|F|0-41:T>C-41:T>C,,,0.23684210526315788,0.09701817816187717,0.06390353600124386,1.5181973366855435,0.13246972834828852,2.3049231531190775,0.9427339323486855,1.0
100020307|F|0-56:C>T-56:C>T,,,0.11052631578947368,-0.12970624767565303,0.08545970778312116,-1.517747381079518,0.13258306031724953,2.3035571127737353,0.9427339323486855,1.0
100045098|F|0-63:G>T-63:G>T,,,0.06842105263157895,0.1379686119231878,0.09090399190998842,1.5177398596510696,0.13258495541555984,2.3035342815736484,0.9427339323486855,1.0
100033204|F|0-66:T>C-66:T>C,,,0.14210526315789473,0.10995262886696926,0.07252692914567903,1.5160248774095513,0.13301761929158046,2.298331428924645,0.9427339323486855,1.0
100017460|F|0-50:C>T-50:C>T,,,0.3157894736842105,-0.09731363440817163,0.06420674360633956,-1.5156294953192924,0.13311752562925916,2.2971327670818127,0.9427339323486855,1.0
100013309|F|0-13:A>C-13:A>C,,,0.05263157894736842,-0.1706891551185439,0.11274207926420972,-1.5139791303523498,0.13353518265838207,2.2921328071424574,0.9427339323486855,1.0
100036100|F|0-32:C>T-32:C>T,,,0.05789473684210526,0.1672762169592958,0.11055979131437112,1.5129932407673818,0.13378517268172904,2.2891485466077848,0.9427339323486855,1.0
100015323|F|0-56:G>C-56:G>C,,,0.1631578947368421,-0.11215684956721447,0.07428102527510347,-1.5098990509599997,0.1345721511782555,2.2797951440899076,0.9427339323486855,1.0
100018050|F|0-8:G>T-8:G>T,,,0.26842105263157895,0.08408470645991703,0.055689540489438145,1.5098832872550672,0.13457616982652912,2.2797475411321675,0.9427339323486855,1.0
100015147|F|0-16:C>G-16:C>G,,,0.4263157894736842,-0.08902877926137616,0.05905515956444733,-1.5075529372538294,0.13517128530800188,2.272715858622649,0.9427339323486855,1.0
100029329|F|0-43:G>A-43:G>A,,,0.07894736842105263,0.1323724777507839,0.0881230234467036,1.5021327296020677,0.13656347233183214,2.2564027373417583,0.9427339323486855,1.0
100017508|F|0-26:G>A-26:G>A,,,0.4368421052631579,-0.07337502270934469,0.04885857233363899,-1.5017840105578812,0.1366534250408754,2.2553552143673143,0.9427339323486855,1.0
100020795|F|0-42:T>C-42:T>C,,,0.19473684210526315,0.09393041193123206,0.06254856961012685,1.5017195839443205,0.13667004908894517,2.255161708801903,0.9427339323486855,1.0
100015193|F|0-65:C>A-65:C>A,,,0.07894736842105263,-0.1757592377855931,0.11718300418173307,-1.4998697039121576,0.1371480521757516,2.2496091287135433,0.9427339323486855,1.0
100018000|F|0-38:T>A-38:T>A,,,0.35789473684210527,0.07734972127364663,0.051583946195772126,1.4994921284247598,0.13724577739636223,2.248476643207816,0.9427339323486855,1.0
100017121|F|0-19:C>T-19:C>T,,,0.08152173913043477,0.1311173819439194,0.08762261630342144,1.4963874336950105,0.13805141554156672,2.2391753517203394,0.9427339323486855,1.0
100049995|F|0-28:T>A-28:T>A,,,0.09473684210526316,-0.13360560194600543,0.08962942246431686,-1.4906444588460481,0.13955142385692823,2.2220209026884277,0.9427339323486855,1.0
100040427|F|0-30:T>C-30:T>C,,,0.06315789473684211,-0.1443572850167587,0.09691746730643172,-1.4894867667180438,0.13985534073115335,2.2185708282281724,0.9427339323486855,1.0
100049328|F|0-63:A>C-63:A>C,Vu08 (old5),12604325.0,0.3736842105263158,0.09237573984058833,0.06214053876561986,1.4865616178354817,0.1406255568372039,2.2098654436216445,0.9427339323486855,1.0
100019664|F|0-61:T>C-61:T>C,,,0.42105263157894735,-0.08741868903994891,0.05892719776012758,-1.4835032440504032,0.14143439440243646,2.20078187510807,0.9427339323486855,1.0
100019074|F|0-23:A>T-23:A>T,,,0.06315789473684211,-0.15629592078806526,0.10586776942325052,-1.4763314806719616,0.14334533886402498,2.1795546408230666,0.9427339323486855,1.0
100059433|F|0-8:T>C-8:T>C,,,0.12234042553191489,-0.12089582387154614,0.0819393342666609,-1.475430877655247,0.14358672467384298,2.176896274738532,0.9427339323486855,1.0
100019409|F|0-55:T>C-55:T>C,Vu08 (old5),17257027.0,0.2,-0.12937556505419814,0.0879892633011154,-1.4703562707582996,0.14495278516114632,2.161947562958254,0.9427339323486855,1.0
100020933|F|0-51:T>C-51:T>C,,,0.35789473684210527,0.09222009475855125,0.06291279853538748,1.4658399706488796,0.14617704636176204,2.148686819551908,0.9427339323486855,1.0
100041050|F|0-49:T>A-49:T>A,,,0.34210526315789475,0.07302580740680255,0.04983487530643297,1.4653554756136002,0.1463088578177473,2.1472666699107608,0.9427339323486855,1.0
100034584|F|0-9:T>C-9:T>C,,,0.43157894736842106,-0.09511136436148392,0.06504830091976968,-1.4621652374716736,0.1471791024672701,2.137927181670596,0.9427339323486855,1.0
100033527|F|0-13:C>T-13:C>T,,,0.43157894736842106,-0.09511136436148392,0.06504830091976968,-1.4621652374716736,0.1471791024672701,2.137927181670596,0.9427339323486855,1.0
100013779|F|0-68:G>C-68:G>C,Vu08 (old5),35689785.0,0.21052631578947367,0.08857140106748847,0.06062131212050607,1.4610604417704094,0.14748140887980812,2.1346976145063437,0.9427339323486855,1.0
100013715|F|0-6:A>G-6:A>G,,,0.13157894736842105,-0.09926701439237386,0.06798134470185724,-1.4602096329180423,0.1477145453426318,2.1322121720666436,0.9427339323486855,1.0
100016003|F|0-33:A>T-33:A>T,,,0.4842105263157894,-0.07537782780570737,0.05170151639248621,-1.4579423016045625,0.14833723206472957,2.125595754808009,0.9427339323486855,1.0
100035304|F|0-43:G>A-43:G>A,,,0.08947368421052632,0.13172929022606564,0.0904764405508841,1.4559512887996613,0.14888571153625188,2.1197941553573947,0.9427339323486855,1.0
100043126|F|0-48:T>A-48:T>A,Vu09 (old8),11448295.0,0.1631578947368421,0.09717361117407153,0.06690031329131005,1.4525135443079278,0.14983643704343672,2.1097955963979786,0.9427339323486855,1.0
100034038|F|0-64:A>C-64:A>C,,,0.37894736842105264,-0.0816568323765989,0.05652076135014299,-1.4447227961198073,0.15200842839274778,2.0872239576282343,0.9427339323486855,1.0
100013433|F|0-44:A>G-44:A>G,,,0.06842105263157895,-0.1335002723979933,0.09251997333792938,-1.4429346181324902,0.1525103790872362,2.0820603122051553,0.9427339323486855,1.0
100013604|F|0-58:C>T-58:C>T,,,0.1631578947368421,0.08355755643217745,0.05800634079664526,1.440490044443726,0.15319865729690804,2.075011568141488,0.9427339323486855,1.0
100020211|F|0-33:C>A-33:C>A,,,0.3631578947368421,-0.08101712953704782,0.056288820317914205,-1.4393112003319726,0.15353142224774807,2.071616731401064,0.9427339323486855,1.0
100013943|F|0-53:A>T-53:A>T,,,0.06315789473684211,-0.13621955478050818,0.09526983153054716,-1.4298288617927384,0.15622846056695558,2.044410574015518,0.9427339323486855,1.0
100033304|F|0-17:G>A-17:G>A,,,0.49473684210526314,-0.07783859208499969,0.05450776077272164,-1.4280276970018908,0.15674486679149163,2.039263103404524,0.9427339323486855,1.0
100015853|F|0-63:C>G-63:C>G,,,0.05789473684210526,-0.15497392239631572,0.10856871926155358,-1.4274270107485294,0.1569173799360483,2.0375478710144823,0.9427339323486855,1.0
100028909|F|0-9:C>T-9:C>T,,,0.4368421052631579,-0.07095447519164721,0.04976580243554517,-1.425767730431853,0.15739467483031916,2.032813621140797,0.9427339323486855,1.0
100021017|F|0-55:C>T-55:C>T,,,0.33157894736842103,0.07759426292090675,0.05468551223786277,1.4189180963213615,0.15937683054370264,2.0133285640682366,0.9427339323486855,1.0
100029461|F|0-34:G>A-34:G>A,,,0.34210526315789475,0.07949102669081806,0.056095949976729786,1.4170546487543794,0.1599193858913359,2.0080438775563976,0.9427339323486855,1.0
100046321|F|0-34:T>C-34:T>C,,,0.42105263157894735,0.07640643910556721,0.05396602302442126,1.4158248991405387,0.1602782128040282,2.0045601450263164,0.9427339323486855,1.0
100013542|F|0-30:C>G-30:C>G,,,0.12105263157894737,-0.11029404819155687,0.07796768509557286,-1.4146123237641124,0.16063263403995912,2.001128026545302,0.9427339323486855,1.0
100040596|F|0-63:G>T-63:G>T,,,0.34210526315789475,-0.08252704300552714,0.05838145000213049,-1.4135833043289523,0.16093387613559923,1.9982177582775593,0.9427339323486855,1.0
100015778|F|0-37:G>T-37:G>T,Vu04 (old11),1978178.0,0.4736842105263158,0.0812057843083092,0.05747494535822008,1.4128901524339619,0.16113703857146464,1.996258582844864,0.9427339323486855,1.0
100034659|F|0-55:C>T-55:C>T,,,0.22580645161290325,-0.09096354727042003,0.06447724353396429,-1.4107852985759806,0.1617551773068227,1.9903151586781187,0.9427339323486855,1.0
100033264|F|0-61:C>T-61:C>T,,,0.07368421052631578,0.1315684635835409,0.09330308808104129,1.410119067755432,0.16195121006086952,1.9884357852474488,0.9427339323486855,1.0
100015350|F|0-49:A>G-49:A>G,,,0.1368421052631579,0.10846221820734506,0.07715977505635215,1.4056834422875362,0.16326100578173067,1.975945939921337,0.9427339323486855,1.0
100019659|F|0-63:G>T-63:G>T,,,0.10526315789473684,-0.12146326039391855,0.08654018749460159,-1.4035474605540401,0.16389462942196223,1.9699454740276947,0.9427339323486855,1.0
100049761|F|0-12:A>G-12:A>G,,,0.13636363636363635,-0.09985529803923339,0.0711657162477195,-1.4031376806726545,0.16401640279148647,1.9687953509234362,0.9427339323486855,1.0
100016658|F|0-38:T>C-38:T>C,Vu02 (old7),33337276.0,0.06315789473684211,0.13357983127629558,0.09540728368256249,1.4001009788806078,0.16492097360147182,1.960282751062436,0.9427339323486855,1.0
100021629|F|0-12:T>C-12:T>C,,,0.12105263157894737,0.10736303834320175,0.07670531491294746,1.3996818664397326,0.16504611787296486,1.9591093272402134,0.9427339323486855,1.0
100045000|F|0-23:G>A-23:G>A,Vu09 (old8),33438135.0,0.05263157894736842,-0.1562944347339324,0.11178440691267738,-1.3981774296662406,0.16549593173170596,1.954900124828095,0.9427339323486855,1.0
100017856|F|0-8:G>C-8:G>C,,,0.24210526315789474,0.09113392864905166,0.06523102925670829,1.3970947521064838,0.16582022309447875,1.9518737463634774,0.9427339323486855,1.0
100034321|F|0-18:C>G-18:C>G,,,0.3736842105263158,-0.08359268736073601,0.059875763427421805,-1.3961022386305368,0.1661179346619337,1.9491014607091965,0.9427339323486855,1.0
100036188|F|0-25:T>C-25:T>C,,,0.26842105263157895,0.1065474049511732,0.0763286883877387,1.3959024739155452,0.1661779049077717,1.9485437166835393,0.9427339323486855,1.0
100016053|F|0-57:T>C-57:T>C,,,0.24736842105263157,-0.07126943366966573,0.05121683126900401,-1.3915236828170856,0.16749659924155746,1.9363381598408251,0.9427339323486855,1.0
100049137|F|0-53:C>A-53:C>A,,,0.05263157894736842,-0.14079911416202567,0.10122560523292663,-1.3909436632958414,0.1676718727537046,1.934724274462855,0.9427339323486855,1.0
100045002|F|0-68:G>C-68:G>C,,,0.05319148936170204,0.15547977473234964,0.1118915681121402,1.389557563234116,0.16809129939743922,1.9308702215411342,0.9427339323486855,1.0
100058671|F|0-36:C>G-36:C>G,Vu05 (old1),1696325.0,0.3368421052631579,0.0716718244522139,0.05160321838701934,1.388902217584219,0.16828988220672753,1.929049370010361,0.9427339323486855,1.0
100029664|F|0-7:G>A-7:G>A,,,0.33157894736842103,0.0815841122008961,0.058745101236491376,1.3887815406507047,0.16832646923952252,1.9287141676521449,0.9427339323486855,1.0
100020451|F|0-6:A>G-6:A>G,,,0.32105263157894737,0.07109853233989376,0.05123282209487434,1.387753581253665,0.16863837381357294,1.9258600022823726,0.9427339323486855,1.0
100036115|F|0-39:C>T-39:C>T,,,0.08602150537634408,0.1129681746496951,0.0814512050046588,1.3869429512213307,0.16888464690315905,1.9236107499425346,0.9427339323486855,1.0
100014043|F|0-61:T>G-61:T>G,,,0.1736842105263158,-0.09621789097966545,0.06972053329748924,-1.380050989700769,0.17098954935779598,1.9045407341740717,0.9427339323486855,1.0
100016431|F|0-28:C>T-28:C>T,,,0.1,-0.10971387136547822,0.07953119144474166,-1.379507453270174,0.17115639917111572,1.9030408136279615,0.9427339323486855,1.0
100040647|F|0-14:T>A-14:T>A,,,0.12234042553191489,0.11043484351551473,0.08005617386117836,1.3794669191537257,0.17116884692608964,1.9029289810394714,0.9427339323486855,1.0
100040003|F|0-60:C>T-60:C>T,,,0.3,-0.08278383179464952,0.06007632842560324,-1.3779775489636752,0.17162670057121823,1.8988221254479378,0.9427339323486855,1.0
100035150|F|0-22:T>A-22:T>A,,,0.06842105263157895,0.13513093303051182,0.09806924693236889,1.3779134362447143,0.17164643063934032,1.8986454377837163,0.9427339323486855,1.0
100017444|F|0-55:C>A-55:C>A,,,0.23684210526315788,0.0781153063415515,0.05693483412916905,1.3720125391834803,0.17346977434352215,1.8824184076767012,0.9427339323486855,1.0
100016973|F|0-15:G>T-15:G>T,,,0.3526315789473684,0.07953206414091377,0.058017871271200054,1.3708201007435672,0.1738400120600014,1.8791477486026038,0.9427339323486855,1.0
100018646|F|0-46:C>T-46:C>T,,,0.18947368421052632,-0.08242681727545557,0.06025537715757773,-1.3679578680570845,0.1747311497087554,1.8713087287792838,0.9427339323486855,1.0
100044383|F|0-68:C>A-68:C>A,,,0.22105263157894736,0.08033699562661643,0.05879156863087264,1.3664713750200883,0.17519532548949598,1.867244018749291,0.9427339323486855,1.0
100021804|F|0-50:G>A-50:G>A,,,0.06315789473684208,0.15396077036865247,0.11293810175267817,1.3632314336733706,0.17621027786273794,1.8583999417551536,0.9427339323486855,1.0
100034562|F|0-29:C>T-29:C>T,,,0.35789473684210527,0.0926862349547394,0.06802634785535613,1.3625049392893676,0.17643847191075387,1.8564197095879231,0.9427339323486855,1.0
100046316|F|0-13:C>A-13:C>A,,,0.11363636363636363,0.09699260592740032,0.07119760398124143,1.362301545329463,0.17650239866813328,1.8558655004070426,0.9427339323486855,1.0
100040243|F|0-44:T>G-44:T>G,,,0.3526315789473684,-0.07182450839616691,0.05286179593943158,-1.3587224406537868,0.17763018565325384,1.8461266707361832,0.9427339323486855,1.0
100013153|F|0-63:C>A-63:C>A,,,0.12105263157894737,0.10460062919253654,0.07702610884097082,1.3579892683985435,0.1778618822884548,1.8441348530856114,0.9427339323486855,1.0
100030406|F|0-17:T>A-17:T>A,,,0.05263157894736842,0.12715176506908182,0.0937023567047175,1.3569751022353989,0.17818275540271167,1.841381428086771,0.9427339323486855,1.0
100051142|F|0-37:G>C-37:G>C,,,0.2765957446808511,0.06993023426193554,0.051608973404842724,1.3550014590170794,0.17880845386578284,1.8360289539384138,0.9427339323486855,1.0
100020518|F|0-50:T>G-50:T>G,,,0.26842105263157895,-0.06889766948586767,0.05111686255147484,-1.347846210562855,0.18109079744325834,1.8166894073286481,0.9427339323486855,1.0
100033415|F|0-29:T>C-29:T>C,,,0.15789473684210525,-0.09148363222766427,0.0678946695262651,-1.3474346788340101,0.1812227313559396,1.815580213724512,0.9427339323486855,1.0
100014835|F|0-60:A>G-60:A>G,,,0.29473684210526313,-0.07717856215233188,0.05747036176675883,-1.3429280724829609,0.1826722647535598,1.8034558078628007,0.9427339323486855,1.0
100022099|F|0-31:T>C-31:T>C,,,0.2,0.09749069951468163,0.07265245081169394,1.3418776438439126,0.18301138380059967,1.8006356110480903,0.9427339323486855,1.0
100034723|F|0-16:A>C-16:A>C,,,0.2789473684210526,-0.07574594281135659,0.05651424150034738,-1.340298317741573,0.18352214391922012,1.7963995805408908,0.9427339323486855,1.0
100017505|F|0-35:A>G-35:A>G,,,0.4842105263157894,0.07405910461731875,0.055315557078563254,1.3388476683355919,0.18399223481939286,1.7925130790076511,0.9427339323486855,1.0
100017056|F|0-15:G>A-15:G>A,,,0.08947368421052632,-0.11472041334784028,0.08575551479650897,-1.3377613512094553,0.1843448550599152,1.7896054327897475,0.9427339323486855,1.0
100021184|F|0-17:T>G-17:T>G,,,0.08947368421052632,-0.11472041334784028,0.08575551479650897,-1.3377613512094553,0.1843448550599152,1.7896054327897475,0.9427339323486855,1.0
100013996|F|0-45:C>T-45:C>T,Vu06 (old6),24104002.0,0.15934065934065922,0.08118511879613051,0.06084553278086347,1.3342823225580176,0.18547757616906388,1.7803093162908177,0.9427339323486855,1.0
100021940|F|0-35:G>A-35:G>A,,,0.3368421052631579,0.07192434387474123,0.05391555441681683,1.3340184414816527,0.18556370507255057,1.7796052022131377,0.9427339323486855,1.0
100015215|F|0-15:G>A-15:G>A,,,0.18947368421052632,-0.11672339129088861,0.08750602427809642,-1.3338897779190453,0.18560571084657237,1.77926193963692,0.9427339323486855,1.0
100040928|F|0-53:C>A-53:C>A,,,0.41578947368421054,0.08087929051905357,0.06068426200596072,1.332788565692851,0.18596552447466003,1.7763253608416072,0.9427339323486855,1.0
100029472|F|0-28:G>A-28:G>A,,,0.20526315789473684,-0.08650234385577132,0.06492338068592683,-1.3323758396722256,0.18610051488505203,1.7752253781422682,0.9427339323486855,1.0
100013459|F|0-42:G>A-42:G>A,,,0.05789473684210526,0.15028024358879355,0.11314482265527949,1.3282114025372178,0.1874667008532603,1.7641455298298832,0.9427339323486855,1.0
100030268|F|0-10:A>C-10:A>C,,,0.3157894736842105,-0.08314649605500996,0.06272396757664564,-1.3255936967540993,0.1883293109443716,1.757198648874199,0.9427339323486855,1.0
100019762|F|0-66:A>G-66:A>G,,,0.3473684210526316,0.06857706105301216,0.05177390153221611,1.3245488368370375,0.18867445273979833,1.754429621166349,0.9427339323486855,1.0
100041134|F|0-8:G>C-8:G>C,,,0.12105263157894737,0.09942430678022128,0.07514421560995099,1.3231132426253578,0.18914943644850704,1.750628652810589,0.9427339323486855,1.0
100030380|F|0-14:C>T-14:C>T,,,0.06842105263157895,-0.13340395630514149,0.1010320033368879,-1.3204128582931327,0.19004531880606287,1.7434901163458405,0.9427339323486855,1.0
100041269|F|0-22:G>C-22:G>C,,,0.06842105263157895,-0.13340395630514149,0.1010320033368879,-1.3204128582931327,0.19004531880606287,1.7434901163458405,0.9427339323486855,1.0
100015126|F|0-46:T>G-46:T>G,,,0.06315789473684211,-0.13969721817928432,0.10585616072121114,-1.319689068897926,0.19028598312905529,1.7415792385686746,0.9427339323486855,1.0
100016088|F|0-16:G>A-16:G>A,,,0.38421052631578945,0.06619805477296085,0.05024393499681875,1.31753324609532,0.1910041592037008,1.735893854566471,0.9427339323486855,1.0
100033819|F|0-67:C>G-67:C>G,,,0.32105263157894737,-0.08272884755099147,0.06298640066799555,-1.3134398326244954,0.19237338974631235,1.7251241939246624,0.9427339323486855,1.0
100021056|F|0-55:T>C-55:T>C,,,0.21052631578947367,-0.08211428488114757,0.06251986006983008,-1.3134112070857478,0.19238299063924075,1.725048998898441,0.9427339323486855,1.0
100018444|F|0-56:T>G-56:T>G,,,0.11052631578947368,-0.12394267906522653,0.0944935367556539,-1.3116524507461678,0.19297355774399877,1.720432151548428,0.9427339323486855,1.0
100015052|F|0-68:T>A-68:T>A,,,0.4736842105263158,-0.0747020256887547,0.05718296013618561,-1.3063686369304088,0.19475593751866618,1.7065990155554143,0.9427339323486855,1.0
100015478|F|0-48:C>T-48:C>T,,,0.14210526315789473,0.08757464257367642,0.06709678526578648,1.305198784513628,0.19515221689853454,1.7035438670958518,0.9427339323486855,1.0
100016869|F|0-59:G>C-59:G>C,,,0.1368421052631579,-0.09257516035264213,0.07093886881481995,-1.3049991055580816,0.19521991678199796,1.703022665507393,0.9427339323486855,1.0
100017923|F|0-57:A>G-57:A>G,,,0.41052631578947374,0.07878804439252271,0.06037755979287131,1.3049226345484917,0.1952458484292087,1.7028230821569763,0.9427339323486855,1.0
100022248|F|0-57:T>A-57:T>A,,,0.35789473684210527,0.08144416908429401,0.062462980763097746,1.3038790030399907,0.19560000506309924,1.70010045456856,0.9427339323486855,1.0
100015865|F|0-28:C>A-28:C>A,,,0.05789473684210526,-0.1347235768056646,0.10340843161133738,-1.3028297084325369,0.19595656594312313,1.6973652491744091,0.9427339323486855,1.0
100030137|F|0-35:C>A-35:C>A,,,0.11578947368421053,-0.09774575719153351,0.07503488977299572,-1.3026707640571653,0.19601061905183045,1.6969511195292788,0.9427339323486855,1.0
100046319|F|0-37:A>C-37:A>C,,,0.1358695652173913,-0.09089908419350079,0.06997954706141522,-1.2989378755727903,0.1972832793796835,1.6872396045975535,0.9427339323486855,1.0
100014336|F|0-17:A>G-17:A>G,,,0.3631578947368421,0.07625488535255963,0.058736850280134284,1.2982460753151794,0.19751981002205032,1.6854428720712666,0.9427339323486855,1.0
100015678|F|0-23:A>G-23:A>G,,,0.30526315789473685,-0.06746447990527642,0.05197345847586916,-1.298056390390099,0.19758470127633332,1.684950392632573,0.9427339323486855,1.0
100039138|F|0-25:A>G-25:A>G,Vu04 (old11),6816983.0,0.11702127659574468,-0.10168618958345209,0.07841069490334235,-1.2968408162789742,0.19800092600343092,1.681796102767116,0.9427339323486855,1.0
100043410|F|0-43:T>A-43:T>A,,,0.3157894736842105,-0.07608577959759386,0.058694868546059896,-1.2962935514181568,0.19818852770716594,1.6803769714482977,0.9427339323486855,1.0
100038456|F|0-36:A>C-36:A>C,,,0.43157894736842106,-0.08172762473948038,0.06319742532458607,-1.2932113028295378,0.19924758777347823,1.6723954737660705,0.9427339323486855,1.0
100013355|F|0-21:A>G-21:A>G,,,0.3263157894736842,0.06831688816919433,0.05288280263399113,1.2918545305176912,0.19971510499579387,1.6688881280190844,0.9427339323486855,1.0
100017365|F|0-6:C>T-6:C>T,Vu05 (old1),42048402.0,0.05263157894736842,0.15061976169218882,0.11662750423153913,1.2914600435345447,0.19985119024998915,1.667869044046248,0.9427339323486855,1.0
100016348|F|0-15:G>A-15:G>A,,,0.09473684210526316,-0.10589327272684396,0.08227473272889246,-1.2870691792555329,0.20137054734946389,1.656547072189511,0.9427339323486855,1.0
100014593|F|0-28:A>C-28:A>C,,,0.07894736842105263,-0.1241374525408838,0.09650524312009419,-1.2863285820274368,0.20162765592145954,1.6546412209407162,0.9427339323486855,1.0
100022149|F|0-63:C>T-63:C>T,,,0.10526315789473684,-0.11489144250764605,0.08953902264856682,-1.283143808243087,0.20273606811659498,1.6464580326325722,0.9427339323486855,1.0
100021838|F|0-57:A>G-57:A>G,Vu07 (old2),38535679.0,0.3,0.07834608267502581,0.06109486318255242,1.2823677571865,0.20300684351578427,1.6444670646715343,0.9427339323486855,1.0
100013484|F|0-22:G>A-22:G>A,,,0.17894736842105263,0.08604881751316995,0.06724202320647209,1.2796881088623713,0.20394387021180863,1.6376016559637523,0.9427339323486855,1.0
100019466|F|0-22:C>T-22:C>T,,,0.11052631578947368,-0.08767986273203743,0.06852173781931518,-1.2795919298375102,0.20397756174708392,1.6373555069052836,0.9427339323486855,1.0
100014666|F|0-59:T>C-59:T>C,,,0.2631578947368421,-0.07747992492241802,0.060565994934521354,-1.2792644619506792,0.2040923047049918,1.6365175636099607,0.9427339323486855,1.0
100029816|F|0-31:C>A-31:C>A,,,0.09473684210526316,-0.11464332009494474,0.0896984528833995,-1.2780969616496227,0.20450177902976888,1.633531843377997,0.9427339323486855,1.0
100015684|F|0-29:T>C-29:T>C,,,0.09473684210526316,-0.11464332009494474,0.0896984528833995,-1.2780969616496227,0.20450177902976888,1.633531843377997,0.9427339323486855,1.0
100028837|F|0-16:A>C-16:A>C,,,0.11578947368421053,0.10002826827372273,0.07843561060567751,1.2752915098296214,0.20548821122365676,1.6263684350435152,0.9427339323486855,1.0
100038715|F|0-41:T>A-41:T>A,,,0.4473684210526316,-0.07563538367588826,0.05931008385987465,-1.2752533591856587,0.20550164965872098,1.6262711301143067,0.9427339323486855,1.0
100043501|F|0-12:T>G-12:T>G,,,0.4368421052631579,0.06848027957726245,0.053721149702486475,1.2747359272188632,0.20568397744886527,1.6249516841425349,0.9427339323486855,1.0
100036086|F|0-33:A>G-33:A>G,,,0.4368421052631579,0.06848027957726245,0.053721149702486475,1.2747359272188632,0.20568397744886527,1.6249516841425349,0.9427339323486855,1.0
100046329|F|0-5:T>C-5:T>C,,,0.06842105263157895,0.12492425030150325,0.09804950965045174,1.2740935752443887,0.20591048960535258,1.6233144384790288,0.9427339323486855,1.0
100016646|F|0-38:G>A-38:G>A,,,0.05789473684210526,0.1401969927522691,0.11017502664537734,1.272493386396212,0.20647556424631452,1.6192394184220993,0.9427339323486855,1.0
100058976|F|0-14:G>A-14:G>A,,,0.05263157894736842,0.14771323802616623,0.11630456234168854,1.270055404982333,0.20733868808316427,1.6130407317248376,0.9427339323486855,1.0
100034980|F|0-28:T>C-28:T>C,,,0.2578947368421053,-0.0740269776239144,0.05841524072438963,-1.2672545162174864,0.2083335748595544,1.6059340088736156,0.9427339323486855,1.0
100044425|F|0-30:C>T-30:C>T,,,0.3031914893617021,0.08088499685261988,0.06410056170226695,1.2618453677256831,0.21026487657303194,1.5922537320507644,0.9427339323486855,1.0
100020677|F|0-42:G>T-42:G>T,,,0.15789473684210525,0.08720431395809346,0.06932684305275524,1.2578722774342126,0.21169181217076957,1.5822426663375326,0.9427339323486855,1.0
100015820|F|0-37:T>C-37:T>C,,,0.4473684210526316,-0.07194976145731305,0.05725246592179422,-1.256710262150019,0.2121104920345629,1.5793206829931696,0.9427339323486855,1.0
100015904|F|0-54:T>C-54:T>C,,,0.1,0.11545085091877196,0.09189824313626237,1.2562900767056764,0.21226203658486814,1.5782647568291543,0.9427339323486855,1.0
100019787|F|0-26:A>G-26:A>G,,,0.2894736842105263,0.09185088026013788,0.07315585373503208,1.2555506575429838,0.21252890940695202,1.576407453656619,0.9427339323486855,1.0
100018758|F|0-12:C>T-12:C>T,,,0.2631578947368421,-0.07232570403101415,0.05782903370030745,-1.2506815245406673,0.21429244330874334,1.5642042758273678,0.9427339323486855,1.0
100014559|F|0-31:C>A-31:C>A,,,0.1,-0.10312385188918732,0.08272592575315076,-1.2465723526250134,0.21578905828643022,1.5539426303290609,0.9427339323486855,1.0
100017011|F|0-35:C>T-35:C>T,,,0.33157894736842103,-0.06716901004885502,0.05389989649575163,-1.2461806870844223,0.21593210661733622,1.5529663048622029,0.9427339323486855,1.0
100034218|F|0-27:A>T-27:A>T,Vu06 (old6),33123517.0,0.32105263157894737,-0.07075727579730545,0.05680395890657657,-1.2456398666451647,0.216129745019139,1.5516186773757836,0.9427339323486855,1.0
100018779|F|0-10:A>G-10:A>G,Vu09 (old8),32879608.0,0.41578947368421054,0.06676568334863078,0.05369108124480675,1.2435153437162092,0.2169074163349324,1.5463304100576418,0.9427339323486855,1.0
100041804|F|0-61:A>T-61:A>T,,,0.3103448275862069,0.06596798740181595,0.05305034115263148,1.2434978921628237,0.21691381285657493,1.5462870078133855,0.9427339323486855,1.0
100038818|F|0-32:G>T-32:G>T,,,0.15789473684210525,-0.08332464742857695,0.06719799745353928,-1.2399870619089153,0.2182034458268418,1.5375679137015041,0.9427339323486855,1.0
100041229|F|0-52:A>T-52:A>T,,,0.46842105263157896,-0.07394100145294769,0.059744625683181916,-1.237617620119462,0.21907697344897575,1.531697373630161,0.9427339323486855,1.0
100038790|F|0-27:T>A-27:T>A,,,0.14736842105263157,-0.09720851837585265,0.07855876458851886,-1.237398766197749,0.21915778560952096,1.5311557065877115,0.9427339323486855,1.0
100016806|F|0-26:T>A-26:T>A,,,0.14736842105263157,-0.09720851837585265,0.07855876458851886,-1.237398766197749,0.21915778560952096,1.5311557065877115,0.9427339323486855,1.0
100034507|F|0-30:A>G-30:A>G,,,0.17894736842105263,0.08177215023981257,0.06619141423626383,1.235389078528143,0.2199008836452536,1.5261861753466142,0.9427339323486855,1.0
100041924|F|0-42:C>T-42:C>T,,,0.35789473684210527,-0.07065433093796934,0.057255735993696225,-1.2340131466609439,0.22041070447378536,1.5227884461320442,0.9427339323486855,1.0
100054560|F|0-33:A>G-33:A>G,,,0.09042553191489362,0.11382023983087099,0.09227393220187717,1.2335037330137264,0.2205996747970814,1.5215314593587985,0.9427339323486855,1.0
100015224|F|0-63:G>C-63:G>C,,,0.2578947368421053,-0.06906293962336038,0.05613267700968321,-1.2303517897684912,0.221771535853424,1.5137655265865297,0.9427339323486855,1.0
100020717|F|0-68:A>G-68:A>G,,,0.1,0.09686398318465357,0.0789487606803467,1.2269221498845724,0.22305178556923788,1.505337961877381,0.9427339323486855,1.0
100021287|F|0-39:T>A-39:T>A,,,0.24736842105263157,-0.08584612858075705,0.06999646259932019,-1.2264352424802507,0.22323397816846355,1.5041434039975914,0.9427339323486855,1.0
100015099|F|0-66:G>T-66:G>T,,,0.26842105263157895,-0.07407702637889303,0.06040074935615921,-1.2264256183659288,0.22323758044162503,1.5041197973842508,0.9427339323486855,1.0
100058673|F|0-34:G>A-34:G>A,Vu05 (old1),1696325.0,0.2789473684210526,0.08663319466484969,0.0706733554626778,1.2258254061617349,0.2234623213797301,1.5026479263915822,0.9427339323486855,1.0
100022075|F|0-54:C>G-54:C>G,,,0.22631578947368422,-0.07642276928754442,0.0623726284139091,-1.2252613242526451,0.22367368379137983,1.5012653127093456,0.9427339323486855,1.0
100040460|F|0-10:G>A-10:G>A,,,0.43157894736842106,0.07741946938673938,0.06320097773620242,1.224972653269451,0.22378190549538718,1.5005580012579984,0.9427339323486855,1.0
100059231|F|0-56:A>G-56:A>G,,,0.47368421052631576,0.06280030303473433,0.05131589161044367,1.22379834129109,0.22422254323993987,1.497682380146823,0.9427339323486855,1.0
100040406|F|0-25:G>A-25:G>A,,,0.13333333333333333,-0.09044665682503106,0.07397915836074033,-1.2225964559368356,0.22467417998775494,1.4947420940693108,0.9427339323486855,1.0
100030713|F|0-35:T>A-35:T>A,,,0.07894736842105263,-0.10632028173705547,0.08705001242848778,-1.2213700925591293,0.22513569578662304,1.4917449029978962,0.9427339323486855,1.0
100020818|F|0-29:A>G-29:A>G,,,0.33157894736842103,0.06935184738226717,0.05683960092220985,1.2201325529568983,0.22560211503109212,1.4887234467851183,0.9427339323486855,1.0
100029543|F|0-46:T>C-46:T>C,,,0.24210526315789474,-0.06741887288986233,0.05538383701215976,-1.2173023128581761,0.22667144650738627,1.4818249208898648,0.9427339323486855,1.0
100021842|F|0-18:C>G-18:C>G,,,0.30526315789473685,0.08456812612909072,0.06961003314352579,1.2148841526152345,0.22758799250008155,1.4759435042756364,0.9427339323486855,1.0
100019295|F|0-19:G>T-19:G>T,,,0.14361702127659573,0.09303355382790067,0.07666450992574718,1.2135152747732634,0.22810802191190144,1.4726193221080288,0.9427339323486855,1.0
100019939|F|0-42:C>T-42:C>T,,,0.12105263157894737,-0.09352221302081906,0.07712110055634794,-1.2126669918628532,0.22843071169109314,1.4705612331537012,0.9427339323486855,1.0
100043320|F|0-18:A>G-18:A>G,,,0.4139784946236559,-0.05906020881472473,0.048719642323680146,-1.2122463548140328,0.2285908460257614,1.4695412247599098,0.9427339323486855,1.0
100032747|F|0-16:T>A-16:T>A,,,0.10526315789473684,-0.09603527233423874,0.07923147720283934,-1.2120848395692567,0.2286523556283618,1.4691496583136308,0.9427339323486855,1.0
100057963|F|0-26:C>T-26:C>T,,,0.15789473684210525,0.09870885146903065,0.08144753568441655,1.2119317133362542,0.22871068152034987,1.4687784777901485,0.9427339323486855,1.0
100014467|F|0-44:T>A-44:T>A,,,0.06315789473684211,-0.10707287514881979,0.0883897277753736,-1.21137238278328,0.22892382244992976,1.4674230497700416,0.9427339323486855,1.0
100019344|F|0-54:A>C-54:A>C,,,0.1,0.09620129028160374,0.07951176869407357,1.2099000168357985,0.22948557583163748,1.4638580507392656,0.9427339323486855,1.0
100044913|F|0-36:G>T-36:G>T,,,0.12637362637362637,-0.08483522784320367,0.07034232984201456,-1.2060338068662133,0.2309654005660716,1.4545175433042108,0.9427339323486855,1.0
100035177|F|0-15:C>A-15:C>A,,,0.4473684210526315,0.06286079324888535,0.05231038075241683,1.2016886962915307,0.23263674228413295,1.4440557227948387,0.9427339323486855,1.0
100021798|F|0-27:T>C-27:T>C,,,0.23157894736842105,-0.07312515305615513,0.061015233380999366,-1.198473709008657,0.23387898720639708,1.4363392311849672,0.9427339323486855,1.0
100013065|F|0-5:C>A-5:C>A,,,0.4789473684210526,-0.060953508229143936,0.05087116201456672,-1.1981937470130952,0.23398738806093908,1.4356682553812812,0.9427339323486855,1.0
100013074|F|0-31:T>C-31:T>C,,,0.12105263157894737,-0.07980338100669351,0.0666710004561466,-1.1969729036717371,0.23446051984885605,1.4327441321243497,0.9427339323486855,1.0
100021892|F|0-24:G>A-24:G>A,,,0.26842105263157895,-0.07160146015871523,0.059857681653347684,-1.1961950109157082,0.23476234748776806,1.4308825041396314,0.9427339323486855,1.0
100029779|F|0-28:G>A-28:G>A,,,0.17894736842105263,-0.0873792599260029,0.07346219865633884,-1.189445204802119,0.23739306789993792,1.4147798952267545,0.9427339323486855,1.0
100016627|F|0-41:T>C-41:T>C,,,0.11578947368421053,-0.07720758121884215,0.06497490830838762,-1.188267644063384,0.23785418040313655,1.411979993927945,0.9427339323486855,1.0
100014587|F|0-36:A>C-36:A>C,,,0.07894736842105263,0.10474440489839201,0.08818873097542923,1.1877300391994012,0.2380649108980811,1.4107026460166112,0.9427339323486855,1.0
100022102|F|0-51:T>G-51:T>G,,,0.5,-0.05797473483692554,0.048825142335245916,-1.1873951014593298,0.2381962676254213,1.4099071269696122,0.9427339323486855,1.0
100040807|F|0-22:G>A-22:G>A,Vu10 (old10),38975128.0,0.3157894736842105,0.09144292782502471,0.07709145508967105,1.1861616533072354,0.23868045297947038,1.4069794677765541,0.9427339323486855,1.0
100038511|F|0-6:G>A-6:G>A,,,0.05789473684210526,0.1083378777046339,0.09136085829127467,1.185823773231568,0.23881320964114872,1.4061780211611532,0.9427339323486855,1.0
100039121|F|0-17:A>G-17:A>G,,,0.1368421052631579,0.08921161389844738,0.07523275521668409,1.1858081448898372,0.23881935146374178,1.4061409564870773,0.9427339323486855,1.0
100034117|F|0-6:C>A-6:C>A,,,0.28421052631578947,-0.06531538298203042,0.05510817768365856,-1.1852212453288695,0.23905008068299344,1.4047494003789163,0.9427339323486855,1.0
100028868|F|0-14:T>C-14:T>C,,,0.2631578947368421,-0.07053812823013454,0.059582604624959054,-1.1838711763967806,0.23958144329666417,1.4015509623030973,0.9427339323486855,1.0
100040047|F|0-6:G>A-6:G>A,,,0.26842105263157895,-0.0691633920552003,0.058442714618349524,-1.1834390737470084,0.23975168979639797,1.4005280412711771,0.9427339323486855,1.0
100021278|F|0-44:C>G-44:C>G,Vu09 (old8),41151722.0,0.10638297872340426,0.07661809001434332,0.06475260544369936,1.1832433535197386,0.2398288312132619,1.4000648336486372,0.9427339323486855,1.0
100029251|F|0-32:C>A-32:C>A,,,0.4842105263157895,-0.06668623822156927,0.05637704978610716,-1.182861438733933,0.23997941081157614,1.3991611832437096,0.9427339323486855,1.0
100035744|F|0-61:C>T-61:C>T,,,0.16842105263157894,0.07524959588313693,0.06405561181526079,1.1747541511298039,0.24319191177520486,1.3800473155967061,0.9509578649046767,1.0
100033416|F|0-48:G>A-48:G>A,,,0.14736842105263157,-0.09003644033195723,0.07665531069185692,-1.1745623299850743,0.2432682910221266,1.3795966670199664,0.9509578649046767,1.0
100016256|F|0-31:A>C-31:A>C,,,0.1,-0.09487501182347184,0.0812238244312677,-1.1680687592315466,0.24586401559464796,1.3643846262927248,0.9575691428341926,1.0
100018585|F|0-68:A>G-68:A>G,,,0.22105263157894736,0.07443715850383026,0.06376739107456558,1.1673232548715708,0.24616328059031098,1.3626435813639584,0.9575691428341926,1.0
100044970|F|0-28:C>T-28:C>T,,,0.18421052631578946,0.07288298073825318,0.06297786730224868,1.1572792769953142,0.25022052312153586,1.3392953249627972,0.9643114204341492,1.0
100035736|F|0-29:C>T-29:C>T,Vu04 (old11),30896897.0,0.4105263157894737,-0.06923096716980207,0.06001797645802991,-1.1535038542696407,0.251757809148404,1.3305711418149166,0.9643114204341492,1.0
100046913|F|0-41:A>T-41:A>T,,,0.49473684210526314,0.06062996985291678,0.05259903257909416,1.1526822239885561,0.2520932480742649,1.3286763094992038,0.9643114204341492,1.0
100022289|F|0-10:A>G-10:A>G,,,0.14210526315789473,0.08581487236725062,0.07452854707489596,1.1514362715405237,0.25260252512502396,1.3258054874191427,0.9643114204341492,1.0
100013792|F|0-5:A>G-5:A>G,Vu03 (old3),47359227.0,0.3526315789473684,0.060914328127216,0.052920971684555076,1.1510432667470045,0.25276331506725486,1.3249006019236158,0.9643114204341492,1.0
100019277|F|0-46:C>T-46:C>T,,,0.18947368421052632,-0.0744631598774217,0.0647137075101838,-1.1506551354008525,0.25292218228781976,1.3240072406243542,0.9643114204341492,1.0
100021520|F|0-23:T>C-23:T>C,,,0.13157894736842105,-0.1002455646122488,0.08712749932611662,-1.1505617099950443,0.25296043308354277,1.3237922485067204,0.9643114204341492,1.0
100035151|F|0-30:T>C-30:T>C,,,0.06315789473684211,0.12633620769727144,0.10996304096833068,1.1488969983438002,0.25364269647743953,1.319964312803394,0.9643114204341492,1.0
100033778|F|0-25:A>T-25:A>T,,,0.16489361702127658,0.07531701660467946,0.06568550339990721,1.1466307283379342,0.25457359396164425,1.3147620271687814,0.9643114204341492,1.0
100041312|F|0-45:T>A-45:T>A,,,0.28421052631578947,-0.08531727324177993,0.0744194486087194,-1.1464378578019145,0.25465292927012956,1.3143197618014428,0.9643114204341492,1.0
100016325|F|0-60:C>T-60:C>T,Vu09 (old8),1016914.0,0.24736842105263157,0.07690826450722207,0.0672716935582336,1.1432485260780092,0.2559673637280727,1.3070171923795404,0.9643114204341492,1.0
100018327|F|0-50:C>T-50:C>T,,,0.11052631578947368,-0.09007706073274262,0.07892909000119921,-1.1412403301669134,0.2567974659398272,1.3024294911994856,0.9643114204341492,1.0
100022261|F|0-18:G>A-18:G>A,,,0.05789473684210526,-0.12370553574638501,0.10853563083598029,-1.1397688924232594,0.25740690028845714,1.2990731281357435,0.9643114204341492,1.0
100017549|F|0-22:C>T-22:C>T,,,0.3631578947368421,0.07331209521698165,0.06432324120798892,1.13974504145286,0.2574167871865751,1.2990187595163816,0.9643114204341492,1.0
100019588|F|0-22:A>G-22:A>G,,,0.21578947368421053,-0.07463516729120025,0.06550193056882653,-1.1394346188434388,0.2575454905230259,1.2983112506188925,0.9643114204341492,1.0
100013352|F|0-68:T>C-68:T>C,,,0.38421052631578945,0.06317025318367651,0.055478259658919025,1.1386487891301558,0.25787150376155316,1.29652106498757,0.9643114204341492,1.0
100044509|F|0-10:A>G-10:A>G,,,0.22340425531914895,-0.09643239330821814,0.08494616898408154,-1.1352176850528604,0.259298357403946,1.2887191924567754,0.9643114204341492,1.0
100021965|F|0-19:C>T-19:C>T,,,0.06842105263157895,-0.11998909609074972,0.10578465074831903,-1.1342769980516896,0.2596905193675373,1.2865843083091526,0.9643114204341492,1.0
100033155|F|0-6:A>T-6:A>T,,,0.1881720430107527,0.07133699153131688,0.06329051977124568,1.1271354981623471,0.2626813500785578,1.2704344312176825,0.9643114204341492,1.0
100019852|F|0-38:G>A-38:G>A,,,0.4789473684210526,-0.06151194967598171,0.0545744411702558,-1.1271201015890018,0.26268782411842206,1.2703997234060016,0.9643114204341492,1.0
100016551|F|0-65:A>C-65:A>C,Vu11 (old9),32255711.0,0.05789473684210526,-0.1251838696357005,0.11112740916629238,-1.126489590415753,0.2629530413152734,1.268978797315051,0.9643114204341492,1.0
100039244|F|0-37:G>C-37:G>C,,,0.35789473684210527,-0.0828273410702985,0.07354312060303408,-1.1262418617966747,0.2630572968902707,1.2684207312632403,0.9643114204341492,1.0
100014153|F|0-9:C>A-9:C>A,,,0.2,0.07055674890665886,0.06273988721082746,1.1245915803062265,0.2637525514109863,1.264706222495656,0.9643114204341492,1.0
100015327|F|0-43:T>G-43:T>G,Vu05 (old1),38169638.0,0.22631578947368422,0.07295150491864602,0.06503224905415238,1.1217742885979427,0.2649424369538236,1.2583775545594205,0.9643114204341492,1.0
100017001|F|0-30:T>G-30:T>G,,,0.46842105263157896,0.05226329821178254,0.0465909872516913,1.1217469578278862,0.264953998517521,1.2583162373961176,0.9643114204341492,1.0
100015006|F|0-61:G>T-61:G>T,,,0.29473684210526313,-0.05887815112770796,0.05260290766277562,-1.1192946120994183,0.26599283793152834,1.2528204286747873,0.9643114204341492,1.0
100021502|F|0-49:T>G-49:T>G,,,0.05789473684210526,-0.10780461576814816,0.09648531094418555,-1.1173163532686397,0.2668329240673217,1.2483958332815315,0.9643114204341492,1.0
100017631|F|0-51:G>A-51:G>A,Vu03 (old3),64729430.0,0.14736842105263157,-0.07659109423248742,0.06868128693431887,-1.1151668474956336,0.2677478333776246,1.2435970977533497,0.9643114204341492,1.0
100034443|F|0-52:T>G-52:T>G,,,0.4421052631578948,0.05592990392707553,0.050160061691395155,1.1150286112321544,0.26780674678578675,1.2432888038663068,0.9643114204341492,1.0
100028302|F|0-21:C>T-21:C>T,,,0.42307692307692313,-0.05572110151316667,0.050112404783218954,-1.1119223225109702,0.2691329711644511,1.2363712512981901,0.9643114204341492,1.0
100035988|F|0-45:C>A-45:C>A,,,0.21578947368421053,-0.07174922691706183,0.06454575595605316,-1.1116025500718163,0.26926975719805335,1.235660229326165,0.9643114204341492,1.0
100049762|F|0-13:A>G-13:A>G,,,0.11052631578947368,0.09451713924920942,0.0850686629158091,1.1110688238129627,0.26949817227918427,1.2344739312491204,0.9643114204341492,1.0
100051719|F|0-44:C>T-44:C>T,,,0.4842105263157895,0.0638495002788594,0.05772307740458273,1.106134723748985,0.2716161861853497,1.223534027083243,0.9643114204341492,1.0
100033468|F|0-18:T>A-18:T>A,Vu04 (old11),40488211.0,0.16842105263157894,0.06837842048964926,0.06184254156293668,1.1056858072377422,0.2718094619482683,1.2225411043269776,0.9643114204341492,1.0
100019346|F|0-50:A>C-50:A>C,,,0.23684210526315788,-0.06387276776890279,0.05779565943923409,-1.1051481787496191,0.2720410575857491,1.2213524969936,0.9643114204341492,1.0
100035377|F|0-67:C>G-67:C>G,,,0.22631578947368422,0.06299244826938459,0.057085284942970604,1.1034796153214506,0.27276070348991166,1.2176672614299766,0.9643114204341492,1.0
100022316|F|0-39:A>G-39:A>G,,,0.22105263157894736,-0.06333810493602131,0.05751670484141932,-1.1012123366707518,0.27374069377013344,1.2126686104358573,0.9643114204341492,1.0
100041311|F|0-41:A>G-41:A>G,,,0.34042553191489355,-0.06342186846202719,0.057644522752900905,-1.1002236714473543,0.27416879166485403,1.210492127213096,0.9643114204341492,1.0
100016318|F|0-42:A>T-42:A>T,,,0.4842105263157895,0.07405416284337238,0.06736384747211697,1.0993161112720682,0.2745621797976712,1.2084959125023422,0.9643114204341492,1.0
100034369|F|0-66:G>A-66:G>A,,,0.22631578947368422,-0.0929363392867176,0.08465503026135716,-1.0978241812659375,0.27520971843361325,1.205217932972226,0.9643114204341492,1.0
100033749|F|0-66:A>C-66:A>C,,,0.22631578947368422,-0.0929363392867176,0.08465503026135716,-1.0978241812659375,0.27520971843361325,1.205217932972226,0.9643114204341492,1.0
100020593|F|0-8:G>C-8:G>C,,,0.20526315789473684,0.0724703620027471,0.06615640180094105,1.0954398974237476,0.2762467619821123,1.1999885688677507,0.9643114204341492,1.0
100013622|F|0-50:C>T-50:C>T,,,0.18947368421052632,0.07046935925122269,0.06433184598248542,1.095403966340531,0.27626241089105047,1.1999098494745672,0.9643114204341492,1.0
100041512|F|0-35:G>A-35:G>A,,,0.4789473684210526,0.06327035585261358,0.0578582322278337,1.0935411162143367,0.2770745719480898,1.1958321728512975,0.9643114204341492,1.0
100013918|F|0-61:T>G-61:T>G,,,0.33157894736842103,-0.070460209979314,0.06470762609220007,-1.0889011733936467,0.27910466911387727,1.1857057654180605,0.9643114204341492,1.0
100058921|F|0-26:G>A-26:G>A,,,0.13736263736263732,0.08270471283675711,0.07613388733139063,1.0863061868464092,0.2802445179446376,1.1800611315807858,0.9643114204341492,1.0
100015669|F|0-64:A>C-64:A>C,,,0.06842105263157895,-0.0983615136962816,0.09057836459156958,-1.0859272425573956,0.28041123804661583,1.1792379761283087,0.9643114204341492,1.0
100020460|F|0-46:A>G-46:A>G,,,0.08421052631578947,0.09371095817245587,0.08654341189340489,1.0828202415670787,0.28178077550832364,1.1724996755473867,0.9643114204341492,1.0
100019260|F|0-27:C>T-27:C>T,,,0.3684210526315789,-0.06408354923934266,0.05924915610545498,-1.0815942952045283,0.282322428665914,1.1698462194189803,0.9643114204341492,1.0
100014488|F|0-28:T>A-28:T>A,,,0.05789473684210526,0.10712203637819055,0.09911127497802694,1.0808259343040396,0.2826622750335464,1.1681847002642,0.9643114204341492,1.0
100046183|F|0-19:T>A-19:T>A,,,0.07894736842105263,-0.10060711947188576,0.09329788448235084,-1.0783429874116557,0.2837624105859039,1.1628235984998943,0.9643114204341492,1.0
100013120|F|0-6:A>G-6:A>G,,,0.08421052631578947,-0.10893867863929872,0.10109224882209458,-1.0776165325099507,0.28408484239111015,1.1612573911387696,0.9643114204341492,1.0
100034394|F|0-13:G>T-13:G>T,,,0.28421052631578947,-0.06533935845512374,0.06091089461512878,-1.0727039697574077,0.2862718654460042,1.1506938067333015,0.9643114204341492,1.0
100028611|F|0-14:A>C-14:A>C,,,0.10526315789473684,0.09321588620633314,0.08733133841968901,1.067381857339283,0.28865423510872656,1.1393040293770575,0.9643114204341492,1.0
100034724|F|0-49:G>A-49:G>A,,,0.22631578947368422,-0.07538432367709395,0.07072840817453044,-1.0658280827001578,0.289352315879987,1.1359895018722945,0.9643114204341492,1.0
100028819|F|0-28:A>T-28:A>T,,,0.19780219780219777,0.06913231257088347,0.06489677092487714,1.065265830420273,0.2896052095638422,1.1347912894609935,0.9643114204341492,1.0
100016006|F|0-20:G>A-20:G>A,Vu07 (old2),32542535.0,0.05263157894736842,0.11808416295901676,0.11095717729724099,1.0642318580499164,0.29007067168632744,1.1325894476883773,0.9643114204341492,1.0
100019753|F|0-24:T>G-24:T>G,,,0.11052631578947368,0.07803166559980125,0.07337249271151006,1.0635002671452145,0.29040032022533546,1.1310328182179425,0.9643114204341492,1.0
100028764|F|0-26:A>T-26:A>T,,,0.4368421052631579,-0.059035223472066016,0.055521957706058445,-1.0632770512993674,0.29050095036739976,1.1305580878198778,0.9643114204341492,1.0
100020456|F|0-16:A>C-16:A>C,,,0.43157894736842106,-0.06466700243856485,0.060826205287626174,-1.063143790291978,0.29056103845002584,1.1302747188363933,0.9643114204341492,1.0
100053981|F|0-26:G>A-26:G>A,,,0.22105263157894736,-0.09014959624955762,0.08536095478169944,-1.0560987336669858,0.2937498001006981,1.1153445352530111,0.9643114204341492,1.0
100052747|F|0-12:T>G-12:T>G,,,0.2074468085106383,-0.0793427311435858,0.07530851795453768,-1.0535691485986154,0.29490055277603555,1.1100079508788112,0.9643114204341492,1.0
100018004|F|0-47:G>A-47:G>A,Vu08 (old5),35769922.0,0.34210526315789475,-0.061823848388759775,0.05877016148882333,-1.0519598180875713,0.29563426186242836,1.1066194588708362,0.9643114204341492,1.0
100055640|F|0-33:G>T-33:G>T,,,0.38421052631578945,0.06704091821202018,0.06375746675656467,1.0514990890085425,0.29584454125168136,1.1056503341857948,0.9643114204341492,1.0
100018520|F|0-35:A>G-35:A>G,,,0.07446808510638298,-0.08839067369982626,0.08412049449447899,-1.0507626498275937,0.2961808676724117,1.1041021462727063,0.9643114204341492,1.0
100021715|F|0-7:C>A-7:C>A,,,0.35789473684210527,-0.06335052477519632,0.060394202796073465,-1.048950426402765,0.2970096043585397,1.1002969970505423,0.9643114204341492,1.0
100033592|F|0-27:T>C-27:T>C,,,0.4842105263157894,-0.06016659342175056,0.05743172466123354,-1.0476194782004007,0.29761925524292226,1.09750657110488,0.9643114204341492,1.0
100048771|F|0-11:G>A-11:G>A,Vu11 (old9),32286941.0,0.18421052631578946,0.07113852885701713,0.0679658587785613,1.0466803500385784,0.29804994131253654,1.095539755156881,0.9643114204341492,1.0
100039949|F|0-62:A>T-62:A>T,,,0.5,0.0658936346825043,0.06303595361103578,1.045334145162646,0.2986680515648547,1.0927234750429196,0.9643114204341492,1.0
100047143|F|0-59:C>T-59:C>T,,,0.3736842105263158,-0.05953947724486386,0.05704397746049431,-1.0437469456981292,0.299397931525473,1.0894076866541735,0.9643114204341492,1.0
100016651|F|0-34:T>C-34:T>C,,,0.39473684210526316,-0.053234952171034286,0.05101777807494104,-1.0434588525755943,0.299530541917272,1.088806377018376,0.9643114204341492,1.0
100035689|F|0-61:C>T-61:C>T,,,0.18947368421052632,0.070183313590293,0.06726614204822129,1.043367605949223,0.29957255140215017,1.088615961144213,0.9643114204341492,1.0
100018613|F|0-47:T>C-47:T>C,,,0.39473684210526316,-0.050950481300408544,0.048850301355827096,-1.0429921594399936,0.29974544711995366,1.0878326446533009,0.9643114204341492,1.0
100019068|F|0-18:T>C-18:T>C,,,0.22105263157894736,-0.05936041383473599,0.05702988711128096,-1.0408650067798229,0.30072629317852606,1.0833999623387607,0.9643114204341492,1.0
100046187|F|0-5:T>A-5:T>A,,,0.4,0.06788601138459083,0.06528327091669367,1.0398684139343821,0.30118657680123134,1.0813263182984074,0.9643114204341492,1.0
100019395|F|0-49:A>G-49:A>G,Vu07 (old2),128608.0,0.23157894736842105,0.0720106398687211,0.0696753244713375,1.033517108317799,0.3041311778443582,1.068157613185585,0.9643114204341492,1.0
100018152|F|0-62:T>C-62:T>C,,,0.18947368421052632,-0.0733148538682513,0.0709525999508558,-1.033293408825493,0.3042352429204062,1.0676952687222074,0.9643114204341492,1.0
100014679|F|0-16:C>A-16:C>A,Vu07 (old2),38481917.0,0.43157894736842106,0.05602470160333284,0.054340989297439427,1.0309842041461095,0.3053108906563088,1.0629284291987868,0.9643114204341492,1.0
100022070|F|0-37:G>C-37:G>C,,,0.18947368421052632,-0.06756768172617496,0.06555409131697475,-1.0307164719813424,0.30543576837964836,1.0623764456136655,0.9643114204341492,1.0
100041652|F|0-42:T>C-42:T>C,,,0.3526315789473684,-0.08352054170068507,0.08116125517698085,-1.0290691231741,0.30620489560954745,1.058983260270311,0.9643114204341492,1.0
100016549|F|0-30:A>G-30:A>G,,,0.07894736842105263,0.09871839342780364,0.09598246520356417,1.0285044587929366,0.30646883068749997,1.0578214217569515,0.9643114204341492,1.0
100015847|F|0-7:G>A-7:G>A,,,0.05789473684210526,-0.10067207972035194,0.09791798596562104,-1.0281265359736653,0.30664556473580196,1.0570441739732086,0.9643114204341492,1.0
100034591|F|0-27:A>G-27:A>G,,,0.11702127659574468,0.07305672053837507,0.07106289636653314,1.0280571757384902,0.3066780082186074,1.056901556587401,0.9643114204341492,1.0
100043997|F|0-34:A>G-34:A>G,,,0.19473684210526315,-0.06900757976264686,0.06717539219504967,-1.0272746835965956,0.30704418172145975,1.0552932755584856,0.9643114204341492,1.0
100039964|F|0-49:C>G-49:C>G,,,0.09473684210526316,-0.09602179521941145,0.09352975435173151,-1.026644364512156,0.30733935861754663,1.0539986511845685,0.9643114204341492,1.0
100059450|F|0-16:C>T-16:C>T,,,0.09195402298850573,0.07355547105118566,0.07166296800571609,1.0264083821551826,0.3074499177112028,1.0535141669584194,0.9643114204341492,1.0
100017562|F|0-36:T>A-36:T>A,,,0.28421052631578947,-0.05780171756603976,0.056367730957064,-1.0254398497975383,0.3079039610732968,1.051526885552798,0.9643114204341492,1.0
100035739|F|0-60:C>T-60:C>T,,,0.28421052631578947,-0.06392091565647659,0.06235372587293082,-1.025133859470395,0.3080475016137173,1.0508994298326675,0.9643114204341492,1.0
100015585|F|0-38:T>C-38:T>C,,,0.38421052631578945,0.057903441684088744,0.0565443035149664,1.024036694850483,0.30856255327329446,1.0486511524003015,0.9643114204341492,1.0
100039167|F|0-27:C>T-27:C>T,,,0.4263157894736842,-0.061501605064156,0.06006147632840457,-1.0239775780381601,0.30859032142975257,1.0485300803248963,0.9643114204341492,1.0
100048091|F|0-43:A>T-43:A>T,,,0.4263157894736842,-0.06681646374180021,0.06528333013674086,-1.023484304520742,0.30882208575529946,1.047520121600307,0.9643114204341492,1.0
100035052|F|0-18:T>C-18:T>C,,,0.21978021978021978,0.06507582273793067,0.06392832457867037,1.0179497611868145,0.31143050843772957,1.0362217163002927,0.9643114204341492,1.0
100040405|F|0-35:T>A-35:T>A,,,0.05789473684210526,0.11128563008600814,0.10936951064040072,1.0175196856453668,0.3116338192260048,1.035346310675846,0.9643114204341492,1.0
100035750|F|0-64:T>C-64:T>C,,,0.3631578947368421,-0.06623072000875642,0.06545761381959826,-1.0118107908926965,0.3143410290435055,1.023761076566904,0.9643114204341492,1.0
100033542|F|0-31:T>C-31:T>C,,,0.06842105263157895,-0.08576939060418183,0.08479984519057987,-1.0114333394291346,0.3145205724984719,1.022997400108771,0.9643114204341492,1.0
100044425|F|0-18:G>C-18:G>C,,,0.16489361702127658,0.07223435421971335,0.07143704342604251,1.0111610273246578,0.3146501465641489,1.0224466231802574,0.9643114204341492,1.0
100059522|F|0-10:G>T-10:G>T,,,0.19473684210526315,0.059451462581000133,0.05882306328552054,1.0106828726757975,0.31487775285106334,1.0214798691202023,0.9643114204341492,1.0
100021300|F|0-36:C>T-36:C>T,,,0.06315789473684211,-0.09576097530952675,0.09526954823458483,-1.00515828073134,0.31751549041770083,1.0103431693227831,0.9643114204341492,1.0
100013964|F|0-14:T>G-14:T>G,,,0.18947368421052632,0.06070202160984274,0.06043587274596083,1.0044038226270124,0.3178768490481654,1.0088270389077552,0.9643114204341492,1.0
100013630|F|0-30:A>G-30:A>G,,,0.3631578947368421,-0.0612947991542982,0.06112169140004031,-1.0028321820010657,0.3186304886843993,1.0056723852570186,0.9643114204341492,1.0
100054119|F|0-9:A>T-9:A>T,,,0.20526315789473684,0.06223415265575468,0.06205856563506862,1.0028293760722506,0.3186318352580038,1.0056667575134595,0.9643114204341492,1.0
100018789|F|0-23:A>C-23:A>C,,,0.13157894736842105,-0.07603163131431967,0.07592968497944237,-1.0013426413517308,0.3193458565463949,1.0026870853892609,0.9643114204341492,1.0
100038699|F|0-6:A>C-6:A>C,,,0.2,-0.07419972337279827,0.07411334513341895,-1.0011654883371386,0.3194310072265434,1.0023323350373412,0.9643114204341492,1.0
100051758|F|0-6:T>G-6:T>G,,,0.4842105263157895,0.05671038413797239,0.056706596691369,1.0000667902294331,0.3199594467012069,1.000133584919801,0.9643114204341492,1.0
100018797|F|0-41:C>G-41:C>G,,,0.21578947368421053,-0.05601479910844278,0.05618258222275207,-0.9970136097759967,0.32143098154046745,0.9940361380785635,0.9643114204341492,1.0
100013288|F|0-37:A>T-37:A>T,,,0.1736842105263158,0.06287564767812555,0.06309444998062623,0.9965321466061141,0.32166344083840065,0.9930763192193897,0.9643114204341492,1.0
100017718|F|0-15:A>G-15:A>G,,,0.18421052631578946,-0.07254546376423308,0.07296366384262562,-0.9942683788564326,0.32275792519362867,0.9885696091937985,0.9643114204341492,1.0
100021889|F|0-32:T>A-32:T>A,,,0.16842105263157894,0.06950044875347285,0.06994594181402583,0.993630894816779,0.3230665804814774,0.987302355134393,0.9643114204341492,1.0
100015153|F|0-7:G>C-7:G>C,,,0.10526315789473684,0.07895082789707772,0.07951311994335337,0.9929283111180112,0.3234069821256685,0.985906631019666,0.9643114204341492,1.0
100020360|F|0-56:A>G-56:A>G,,,0.28421052631578947,-0.0551516538913383,0.055796961139627475,-0.9884347241299692,0.325589743280869,0.9770032038658885,0.9643114204341492,1.0
100034427|F|0-43:T>A-43:T>A,,,0.4105263157894737,0.09157579502723143,0.0926655166947636,0.9882402677241668,0.32568441992674113,0.976618826751533,0.9643114204341492,1.0
100015825|F|0-15:C>G-15:C>G,,,0.05789473684210526,-0.10547899303813332,0.10684022877717318,-0.9872591461603956,0.3261623845107527,0.9746806216773533,0.9643114204341492,1.0
100035301|F|0-17:C>T-17:C>T,,,0.2789473684210526,0.06413784034701124,0.06496969199504596,0.9871963122728341,0.32619301054361804,0.974556558965083,0.9643114204341492,1.0
100015905|F|0-31:G>A-31:G>A,,,0.13157894736842105,0.0673948785359951,0.0682838597351633,0.9869810932976537,0.32629792540049485,0.9741316785270319,0.9643114204341492,1.0
100014449|F|0-27:C>G-27:C>G,,,0.3526315789473684,0.04984151824998645,0.050618354815377596,0.9846530657066092,0.32743421621131447,0.969541659805424,0.9643114204341492,1.0
100052894|F|0-30:A>C-30:A>C,,,0.42105263157894735,-0.06026624349594912,0.061211399301875705,-0.9845591537408683,0.327480108594429,0.9693567272149348,0.9643114204341492,1.0
100038943|F|0-17:C>T-17:C>T,,,0.42105263157894735,0.05134552267703511,0.05222021896630746,0.983249854049124,0.3281203721081434,0.9667802754876237,0.9643114204341492,1.0
100018873|F|0-22:A>T-22:A>T,,,0.33157894736842103,-0.054101364460209384,0.05506721103791084,-0.982460586626831,0.3285067321035119,0.9652288042751369,0.9643114204341492,1.0
100030265|F|0-5:T>C-5:T>C,,,0.3263157894736842,-0.054925551490441926,0.05592356140596519,-0.9821540350715788,0.3286568752098422,0.9646265486073841,0.9643114204341492,1.0
100032980|F|0-45:T>A-45:T>A,,,0.5,-0.05335573789852313,0.054400939041226365,-0.980787075349726,0.32932693652926515,0.9619432871730691,0.9643114204341492,1.0
100020033|F|0-7:G>A-7:G>A,,,0.47368421052631576,0.06198727139636288,0.06331863737500386,0.9789735529089802,0.33021728360214087,0.958389217295232,0.9643114204341492,1.0
100028772|F|0-54:C>T-54:C>T,,,0.2736842105263158,0.05668487628381447,0.057933789220979186,0.9784424089299435,0.33047834790115305,0.9573495475926308,0.9643114204341492,1.0
100041313|F|0-65:C>T-65:C>T,Vu03 (old3),62938472.0,0.14210526315789473,-0.0688842150973651,0.07044161088870393,-0.9778909685384753,0.3307495318094805,0.9562707463491174,0.9643114204341492,1.0
100014138|F|0-28:A>G-28:A>G,,,0.4631578947368421,0.04794934582446477,0.04906214637949186,0.9773185513242804,0.3310311863701971,0.9551515507625901,0.9643114204341492,1.0
100019198|F|0-35:G>T-35:G>T,,,0.13829787234042554,-0.06488678815279168,0.06650014591630835,-0.9757390342338932,0.33180919645841866,0.9520666629276906,0.9643114204341492,1.0
100035378|F|0-22:G>A-22:G>A,,,0.45263157894736844,-0.05546711122020161,0.056864427020097405,-0.9754272420717096,0.33196291532065303,0.9514583045756215,0.9643114204341492,1.0
100054502|F|0-47:T>C-47:T>C,,,0.21578947368421053,0.06784208188361082,0.06961128258169326,0.9745845697354281,0.33237860125627755,0.9498150835663894,0.9643114204341492,1.0
100019045|F|0-23:G>C-23:G>C,,,0.38421052631578945,-0.053279719329572824,0.054709799389403735,-0.9738606232193955,0.3327359932425501,0.9484045134572694,0.9643114204341492,1.0
100020682|F|0-60:A>G-60:A>G,,,0.49473684210526314,-0.051108595975108785,0.05248112386359043,-0.9738472085306492,0.332742618076167,0.9483783855629377,0.9643114204341492,1.0
100033325|F|0-21:T>C-21:T>C,,,0.11052631578947368,-0.08112213619972779,0.08342546052298058,-0.972390631003849,0.3334624629214509,0.9455435392640636,0.9643114204341492,1.0
100030726|F|0-25:C>G-25:C>G,,,0.24210526315789474,-0.0736270439429505,0.07575164414577457,-0.9719530813253962,0.3336789006437447,0.9446927922979321,0.9643114204341492,1.0
100019311|F|0-11:C>A-11:C>A,,,0.15263157894736842,0.06776677609643805,0.06974029133645214,0.9717019358222474,0.3338031735461589,0.944204652080703,0.9643114204341492,1.0
100016572|F|0-65:A>T-65:A>T,,,0.20526315789473684,0.06078629044124892,0.06260563203941298,0.9709396496944762,0.3341805571186355,0.9427238033488322,0.9643114204341492,1.0
100015801|F|0-31:A>T-31:A>T,,,0.15789473684210525,0.07042134971501512,0.07270253651146336,0.9686230095137253,0.33532916782914624,0.9382305345594263,0.9643114204341492,1.0
100015328|F|0-33:T>C-33:T>C,,,0.2789473684210526,0.05800298069667936,0.059896561007233604,0.9683858258519124,0.3354469113052763,0.9377711077108903,0.9643114204341492,1.0
100015846|F|0-45:G>T-45:G>T,Vu07 (old2),7540868.0,0.05263157894736842,-0.10044789859733887,0.10375368508305728,-0.9681381294257447,0.3355699024532904,0.9372914376479801,0.9643114204341492,1.0
100020752|F|0-41:T>G-41:T>G,,,0.4473684210526316,0.0557515483635864,0.0576289014273242,0.9674234105242258,0.3359249543400375,0.9359080552303246,0.9643114204341492,1.0
100020334|F|0-65:G>A-65:G>A,Vu08 (old5),423524.0,0.46842105263157896,0.05577222968134253,0.0577520680921065,0.9657183114619133,0.3367729912224046,0.9326118570928491,0.9643114204341492,1.0
100059437|F|0-44:G>C-44:G>C,,,0.3157894736842105,-0.08009685727850474,0.08307611379781472,-0.9641382295931571,0.337560098920513,0.9295625257630273,0.9643114204341492,1.0
100059436|F|0-49:A>C-49:A>C,,,0.3157894736842105,-0.08009685727850474,0.08307611379781472,-0.9641382295931571,0.337560098920513,0.9295625257630273,0.9643114204341492,1.0
100043254|F|0-7:C>G-7:C>G,,,0.3,-0.06093246523443838,0.06327389269713202,-0.9629953624964855,0.33813015933228685,0.9273600681897376,0.9643114204341492,1.0
100014250|F|0-55:T>C-55:T>C,,,0.45263157894736844,0.04941656622451009,0.05138047398278609,0.9617771576234591,0.3387384898413914,0.92501530092626,0.9643114204341492,1.0
100013722|F|0-6:A>G-6:A>G,,,0.11578947368421053,0.07529244744879492,0.07837344366208265,0.960688262894612,0.3392828513459718,0.922921938463467,0.9643114204341492,1.0
100016995|F|0-19:T>G-19:T>G,,,0.19473684210526315,0.05688639445203187,0.05923038134088874,0.9604259362206953,0.33941407923479033,0.922417978965399,0.9643114204341492,1.0
100041823|F|0-64:C>T-64:C>T,,,0.4473684210526316,-0.05744936482896253,0.05982650419591689,-0.960266116182055,0.33949404480498413,0.922111013887368,0.9643114204341492,1.0
100029409|F|0-44:A>G-44:A>G,,,0.06842105263157895,-0.09936929294714232,0.10362695347771549,-0.9589135800321607,0.3401712748481553,0.9195152539700949,0.9643114204341492,1.0
100013227|F|0-14:G>A-14:G>A,,,0.1,-0.07697421423927464,0.08033744463951438,-0.9581362039167286,0.34056091390946835,0.9180249852559589,0.9643114204341492,1.0
100044964|F|0-65:T>A-65:T>A,,,0.15263157894736842,-0.07486351806691276,0.07816390219398242,-0.9577761084793468,0.3407415006302034,0.9173350739738415,0.9643114204341492,1.0
100013424|F|0-13:C>A-13:C>A,,,0.21578947368421053,0.054352253671562,0.05682011830007693,0.9565670628230355,0.34134828930439215,0.9150205456778892,0.9643114204341492,1.0
100017065|F|0-46:G>A-46:G>A,,,0.12631578947368421,-0.08144692307469052,0.08534360458655871,-0.9543412593041343,0.34246720029307154,0.9107672392102009,0.9643114204341492,1.0
100020699|F|0-40:A>G-40:A>G,,,0.3684210526315789,0.05243514795333836,0.055090036188901154,0.951808195833103,0.3437434682525105,0.9059388416550667,0.9643114204341492,1.0
100049636|F|0-5:T>C-5:T>C,,,0.05172413793103448,-0.0907330786204321,0.09544053492797633,-0.950676551518737,0.34431463673532187,0.9037859056075578,0.9643114204341492,1.0
100044452|F|0-43:C>T-43:C>T,Vu05 (old1),1696325.0,0.07368421052631578,-0.09116715215993751,0.09597934625555483,-0.9498621913635006,0.34472604498068665,0.9022381825818714,0.9643114204341492,1.0
100014429|F|0-23:C>T-23:C>T,,,0.42105263157894735,0.05511438508241311,0.05802719911335059,0.9498026085104061,0.34475615827437217,0.9021249951331718,0.9643114204341492,1.0
100021743|F|0-57:T>C-57:T>C,,,0.05789473684210526,-0.09327853420102256,0.0982874356394955,-0.9490382325484115,0.3451426267512839,0.9006735668386128,0.9643114204341492,1.0
100018572|F|0-44:T>A-44:T>A,,,0.06842105263157895,0.09533226417171059,0.10069129281336645,0.9467776359611457,0.34628722728781597,0.8963878919561757,0.9643114204341492,1.0
100045226|F|0-27:G>T-27:G>T,,,0.21578947368421053,-0.05485084688957188,0.05802453253555126,-0.9453044168165443,0.3470344789727433,0.8936004404528669,0.9643114204341492,1.0
100021487|F|0-66:T>G-66:T>G,,,0.3736842105263158,-0.06718632737796346,0.07110689465170109,-0.9448637534666431,0.34725819644928824,0.8927675126150733,0.9643114204341492,1.0
100035727|F|0-32:C>A-32:C>A,Vu08 (old5),17172753.0,0.22631578947368422,-0.07453218480173501,0.07892723360939966,-0.9443151798602856,0.3475368285111357,0.8917311589145634,0.9643114204341492,1.0
100034899|F|0-59:G>C-59:G>C,,,0.42105263157894735,0.05363719005943666,0.056875913737124285,0.9430563227053066,0.3481767749510355,0.8893552277944554,0.9643114204341492,1.0
100029349|F|0-21:A>C-21:A>C,,,0.13157894736842105,0.07518527251162706,0.07977409144706347,0.9424773275107562,0.34847136564260556,0.8882635128718172,0.9643114204341492,1.0
100017545|F|0-17:T>C-17:T>C,,,0.05263157894736842,0.1050828127675035,0.11149920735274227,0.9424534511268796,0.3484835173181457,0.8882185075409657,0.9643114204341492,1.0
100016846|F|0-15:T>C-15:T>C,Vu08 (old5),5868167.0,0.06914893617021277,-0.08875113913997347,0.09418444027089039,-0.9423121152996203,0.34855545455111697,0.887952122640445,0.9643114204341492,1.0
100017877|F|0-34:T>G-34:T>G,,,0.3368421052631579,-0.05416721237851256,0.05749138323963225,-0.9421796680858404,0.3486228763570503,0.8877025269543444,0.9643114204341492,1.0
100040569|F|0-37:C>T-37:C>T,,,0.07368421052631578,-0.0911742834468786,0.0971219723410084,-0.9387606249052823,0.35036624408085837,0.8812715108725562,0.9643114204341492,1.0
100032869|F|0-50:G>A-50:G>A,,,0.09550561797752809,-0.09789778582949445,0.10455485870856812,-0.9363293780767346,0.35160934938780325,0.8767127042495645,0.9643114204341492,1.0
100021703|F|0-41:T>C-41:T>C,Vu07 (old2),38780837.0,0.2578947368421053,-0.0616544347303741,0.06587165694426655,-0.9359781974596356,0.3517891438120919,0.8760551861197886,0.9643114204341492,1.0
100040615|F|0-67:A>T-67:A>T,Vu08 (old5),12096567.0,0.45789473684210524,-0.056096016777279364,0.059934889749824895,-0.9359492778151519,0.3518039524801103,0.8760010506427044,0.9643114204341492,1.0
100019483|F|0-18:A>T-18:A>T,,,0.49473684210526314,-0.054176898420279083,0.057915951264448005,-0.9354400167391508,0.3520647917914518,0.8750480249169427,0.9643114204341492,1.0
100013138|F|0-58:G>A-58:G>A,,,0.4263157894736842,0.045419547556318086,0.04856475849958426,0.9352367634383871,0.3521689312011364,0.8746678036867097,0.9643114204341492,1.0
100028407|F|0-26:C>T-26:C>T,,,0.19148936170212766,0.06346674221093782,0.06793288255852707,0.9342565753228345,0.352671421354363,0.8728353485339511,0.9643114204341492,1.0
100018441|F|0-12:A>C-12:A>C,,,0.08421052631578947,0.0849321685438563,0.0911362812993436,0.9319248858189697,0.3538686067721845,0.8684839928086997,0.9643114204341492,1.0
100016185|F|0-62:C>T-62:C>T,,,0.41578947368421054,-0.05509289546797854,0.05913964604725165,-0.9315729658571202,0.35404952351103536,0.8678281907158313,0.9643114204341492,1.0
100032842|F|0-24:A>C-24:A>C,Vu05 (old1),2448565.0,0.30526315789473685,-0.07293209203090392,0.0783036030137777,-0.9314014837614988,0.3541377013941423,0.8675087239531215,0.9643114204341492,1.0
100051037|F|0-43:C>T-43:C>T,,,0.12631578947368421,-0.07242986242806528,0.0780032573916371,-0.9285492023033212,0.35560644256018337,0.8622036210981341,0.9643114204341492,1.0
100014346|F|0-43:T>C-43:T>C,Vu08 (old5),21386181.0,0.1,-0.07068571985759421,0.07625539020563371,-0.9269603062416955,0.35642631356791205,0.8592554093476978,0.9643114204341492,1.0
100014515|F|0-36:T>C-36:T>C,,,0.3894736842105263,0.047975119675863924,0.051959145179306374,0.9233238828372958,0.3583072638113322,0.8525269926177403,0.9643114204341492,1.0
100034432|F|0-24:T>A-24:T>A,,,0.12631578947368421,0.0910652831018975,0.09863661010595288,0.9232401945289638,0.3583506264268573,0.8523724567938789,0.9643114204341492,1.0
100021757|F|0-47:G>A-47:G>A,,,0.3,0.061551901688274825,0.06678577982263377,0.9216318481530229,0.35918463380095317,0.8494052635299567,0.9643114204341492,1.0
100015680|F|0-33:A>G-33:A>G,,,0.11578947368421053,0.0798743974195016,0.08727404295435706,0.9152136731109689,0.3625251125716047,0.8376160674492714,0.9643114204341492,1.0
100016158|F|0-51:C>A-51:C>A,,,0.06315789473684211,0.09620479187743829,0.10522094412333442,0.9143121902106497,0.36299588843446134,0.8359667811677952,0.9643114204341492,1.0
100015098|F|0-61:T>G-61:T>G,,,0.08152173913043478,0.06988105467603796,0.07647449364634434,0.9137825089656992,0.3632726819917406,0.8349984736916483,0.9643114204341492,1.0
100033514|F|0-34:C>T-34:C>T,,,0.2736842105263158,-0.054366466562713885,0.05963147246107829,-0.9117075986711397,0.3643582530019437,0.831210745474696,0.9643114204341492,1.0
100015474|F|0-64:A>G-64:A>G,,,0.10526315789473684,0.07206367042471275,0.07906570558586992,0.9114403000735564,0.36449825053703205,0.8307234205981745,0.9643114204341492,1.0
100017777|F|0-23:A>G-23:A>G,,,0.15789473684210525,0.05939233460817664,0.06520674839405687,0.9108311036958535,0.3648174445970819,0.8296132994598067,0.9643114204341492,1.0
100014038|F|0-34:G>C-34:G>C,,,0.1,-0.07476623255924655,0.0820990895074775,-0.91068284688391,0.364895151975682,0.829343247608583,0.9643114204341492,1.0
100021509|F|0-38:C>A-38:C>A,,,0.05263157894736842,-0.08340214864736746,0.091863397986306,-0.9078931378066393,0.36635931070881017,0.8242699496763853,0.9643114204341492,1.0
100021859|F|0-23:T>A-23:T>A,,,0.14361702127659573,0.05557634558637792,0.06125687928642592,0.9072670079471913,0.36668844171752657,0.8231334237094489,0.9643114204341492,1.0
100020248|F|0-34:C>A-34:C>A,,,0.19473684210526315,-0.06037229826545737,0.06660475478979541,-0.9064262522396835,0.36713068754761785,0.8216085507492784,0.9643114204341492,1.0
100015429|F|0-30:C>A-30:C>A,,,0.07894736842105263,-0.08467461623607934,0.09372775492245677,-0.9034102684539141,0.3687199040179957,0.8161501131479733,0.9643114204341492,1.0
100030242|F|0-19:A>G-19:A>G,,,0.23157894736842105,0.05128683346713172,0.0568200327809578,0.9026188644565437,0.369137639331949,0.8147208144728204,0.9643114204341492,1.0
100019200|F|0-60:C>T-60:C>T,,,0.3684210526315789,-0.05153516382721884,0.05725616331643029,-0.900080634855082,0.37047943835356956,0.8101451492411276,0.9643114204341492,1.0
100016704|F|0-41:C>T-41:C>T,,,0.39473684210526316,-0.051136889889411986,0.05686327003823227,-0.8992956236078206,0.3708950461250277,0.8087326186401789,0.9643114204341492,1.0
100034612|F|0-26:G>A-26:G>A,,,0.12631578947368421,0.06134837107886039,0.06825844382675458,0.8987660374234063,0.3711755905878258,0.8077803900257718,0.9643114204341492,1.0
100036187|F|0-16:T>C-16:T>C,,,0.2315789473684211,-0.08009608155367949,0.08912990946372606,-0.89864426022195,0.3712401201102464,0.8075615064298558,0.9643114204341492,1.0
100019630|F|0-24:A>T-24:A>T,,,0.30526315789473685,0.05600984236120805,0.06268678325836312,0.8934872623845427,0.37397929762549,0.7983194880434246,0.9643114204341492,1.0
100021067|F|0-49:G>A-49:G>A,Vu03 (old3),51946113.0,0.4421052631578948,-0.04878650279719906,0.05467765249125382,-0.8922567186841625,0.374634784113919,0.7961220520370286,0.9643114204341492,1.0
100020012|F|0-39:A>C-39:A>C,,,0.08947368421052632,-0.07695877350547968,0.0862989358974255,-0.8917696690600276,0.3748944252617454,0.7952531426554312,0.9643114204341492,1.0
100041283|F|0-68:T>A-68:T>A,,,0.45789473684210524,-0.05108630512114042,0.0573063253894176,-0.8914601446522727,0.37505948829358815,0.794701189503451,0.9643114204341492,1.0
100018771|F|0-36:T>G-36:T>G,,,0.37894736842105264,-0.049281509700164775,0.05537474654639391,-0.8899636165174297,0.37585820006199594,0.7920352387247828,0.9643114204341492,1.0
100019383|F|0-67:A>T-67:A>T,,,0.18421052631578946,-0.07224930016326815,0.08125048346066976,-0.8892168647616879,0.37625714784807746,0.790706632576606,0.9643114204341492,1.0
100029242|F|0-37:C>T-37:C>T,,,0.3763440860215054,-0.041574744641738506,0.04683264375688352,-0.8877300384227785,0.37705226704104705,0.7880646211181078,0.9643114204341492,1.0
100019303|F|0-21:A>G-21:A>G,Vu04 (old11),37777897.0,0.10526315789473684,-0.07237940181684423,0.08156196566292341,-0.8874161041676144,0.3772202861809971,0.7875073419360262,0.9643114204341492,1.0
100013678|F|0-60:A>T-60:A>T,,,0.3684210526315789,-0.06799834831051373,0.07665364853258191,-0.8870856066506838,0.37739722076268506,0.7869208735268117,0.9643114204341492,1.0
100048883|F|0-64:T>A-64:T>A,,,0.15789473684210525,-0.06860522788674327,0.07757439751495847,-0.8843797707035276,0.3788477678442882,0.782127578829624,0.9643114204341492,1.0
100052563|F|0-36:T>C-36:T>C,,,0.20526315789473681,0.05598982160408238,0.06332011944777226,0.8842343017098055,0.37892584969509924,0.7818703003202274,0.9643114204341492,1.0
100053174|F|0-19:G>C-19:G>C,,,0.11052631578947368,-0.0673037352672242,0.07617626239270661,-0.8835263526091313,0.3793059917597473,0.780618815754795,0.9643114204341492,1.0
100017012|F|0-57:A>G-57:A>G,,,0.46842105263157896,0.04781205148476875,0.054303958687049646,0.8804524134291322,0.38095934626222905,0.7751964523131835,0.9643114204341492,1.0
100041156|F|0-37:T>C-37:T>C,,,0.17894736842105263,0.05908937845423013,0.0671426741391021,0.880056971395157,0.3811723655952784,0.7745002729012163,0.9643114204341492,1.0
100019259|F|0-35:C>T-35:C>T,,,0.12087912087912087,-0.06231267104495407,0.07081933623632874,-0.879882167167066,0.3812665539857075,0.7741926280986127,0.9643114204341492,1.0
100018350|F|0-55:C>G-55:C>G,,,0.19473684210526315,0.05149828464144561,0.05854690628324225,0.8796072740770223,0.3814147018509045,0.7737089566092099,0.9643114204341492,1.0
100013163|F|0-33:C>A-33:C>A,,,0.10526315789473684,-0.0693540634886893,0.07889972820725569,-0.8790152395266609,0.381733888421627,0.7726677913201131,0.9643114204341492,1.0
100034920|F|0-44:G>C-44:G>C,,,0.10526315789473684,-0.0693540634886893,0.07889972820725569,-0.8790152395266609,0.381733888421627,0.7726677913201131,0.9643114204341492,1.0
100013447|F|0-28:T>A-28:T>A,,,0.10526315789473684,-0.0693540634886893,0.07889972820725569,-0.8790152395266609,0.381733888421627,0.7726677913201131,0.9643114204341492,1.0
100022228|F|0-38:T>C-38:T>C,Vu03 (old3),4384995.0,0.28421052631578947,-0.046312584798133605,0.0527532005885521,-0.8779104259350632,0.38232997756940323,0.770726715965484,0.9643114204341492,1.0
100056084|F|0-56:G>T-56:G>T,Vu11 (old9),1725731.0,0.2,-0.05460118949009648,0.06222757359436222,-0.8774436529699965,0.38258199368657525,0.7699073641373316,0.9643114204341492,1.0
100015308|F|0-63:C>T-63:C>T,,,0.4,-0.04514426377018827,0.05150803725098743,-0.8764508643614223,0.38311835588829285,0.7681661176398842,0.9643114204341492,1.0
100021780|F|0-9:A>G-9:A>G,Vu04 (old11),742456.0,0.3157894736842105,0.053575484618095914,0.061170918678878,0.8758325978287989,0.3834526159967762,0.7670827394195425,0.9643114204341492,1.0
100014812|F|0-31:G>T-31:G>T,,,0.3157894736842105,-0.04605268351429679,0.05265780292030796,-0.8745652298481325,0.38413837419903807,0.7648643412593168,0.9643114204341492,1.0
100040739|F|0-38:C>T-38:C>T,,,0.49473684210526314,-0.0459499535406928,0.052544112731421,-0.8745024161996185,0.3841723817737295,0.7647544759389708,0.9643114204341492,1.0
100016359|F|0-20:G>C-20:G>C,Vu08 (old5),32438045.0,0.06315789473684211,0.07526711422605013,0.0863000069117329,0.8721565260479396,0.3854437975169305,0.7606570059280103,0.9643114204341492,1.0
100013048|F|0-58:C>T-58:C>T,,,0.06842105263157895,-0.08380733840347819,0.09618982793658573,-0.8712702808734533,0.38592480053788414,0.7591119023333062,0.9643114204341492,1.0
100034189|F|0-36:A>T-36:A>T,,,0.18421052631578946,-0.05566531103432895,0.06391088885447675,-0.8709832085276933,0.386080686817659,0.7586117495371952,0.9643114204341492,1.0
100052891|F|0-8:C>T-8:C>T,,,0.4105263157894737,-0.05557061547247174,0.06400293053918729,-0.8682511098214062,0.3875662291581125,0.7538599897061036,0.9643114204341492,1.0
100017988|F|0-49:T>G-49:T>G,,,0.16842105263157894,0.05700666724463997,0.06577894360019866,0.8666400541657194,0.38844387751666637,0.7510649834843611,0.9643114204341492,1.0
100013950|F|0-50:T>C-50:T>C,Vu01 (old4),30947226.0,0.07368421052631578,-0.0862615704102261,0.09961164718683406,-0.8659787569663593,0.388804485728777,0.7499192075170008,0.9643114204341492,1.0
100016024|F|0-58:G>A-58:G>A,,,0.3157894736842105,-0.04626617020399204,0.05344761575464649,-0.8656358108915246,0.38899157726775857,0.7493253570978274,0.9643114204341492,1.0
100029840|F|0-31:T>C-31:T>C,,,0.26842105263157895,0.053255331216508175,0.061537386603035614,0.8654142490653172,0.3891124782014633,0.7489418224852868,0.9643114204341492,1.0
100034179|F|0-50:C>T-50:C>T,,,0.4263157894736842,-0.05199582671034535,0.06019113783844335,-0.8638452200372967,0.38996932460975653,0.7462285641812856,0.9643114204341492,1.0
100021651|F|0-68:A>T-68:A>T,,,0.22105263157894736,-0.07310353254846984,0.08463426060330295,-0.8637581521639345,0.3900169064903751,0.7460781454296546,0.9643114204341492,1.0
100052578|F|0-7:G>A-7:G>A,,,0.12631578947368421,-0.08810004283702876,0.10220256181290797,-0.8620140363830088,0.39097080731679074,0.7430681989213271,0.9643114204341492,1.0
100015749|F|0-20:C>T-20:C>T,Vu09 (old8),33437303.0,0.3894736842105263,-0.04384751726119895,0.050880917905421194,-0.8617674182431984,0.39110580514818405,0.7426430831455476,0.9643114204341492,1.0
100016871|F|0-26:A>G-26:A>G,,,0.38421052631578945,0.04440757202458689,0.0515324973747409,0.861739179874361,0.3911212645599273,0.7425944141305363,0.9643114204341492,1.0
100019329|F|0-51:C>A-51:C>A,,,0.3263157894736842,0.05598904224312003,0.06499288245369246,0.8614642116082837,0.3912718187430303,0.7421205878818817,0.9643114204341492,1.0
100014032|F|0-46:C>T-46:C>T,,,0.32105263157894737,-0.047341031027948004,0.054979178662721735,-0.8610719945157579,0.3914866324178127,0.7414449797393454,0.9643114204341492,1.0
100033357|F|0-30:G>A-30:G>A,,,0.11052631578947368,-0.06884828621111631,0.08005167809632552,-0.8600480070920156,0.39204780382557786,0.7396825745029476,0.9643114204341492,1.0
100059434|F|0-15:G>A-15:G>A,,,0.4263157894736842,-0.04433013037173929,0.05156391585173696,-0.8597122549653297,0.3922319125666198,0.739105161337572,0.9643114204341492,1.0
100019558|F|0-53:C>T-53:C>T,,,0.08421052631578947,0.0787124121714399,0.09176401300053513,0.857769942678737,0.39329802002711,0.7357692745630837,0.9643114204341492,1.0
100018641|F|0-26:C>A-26:C>A,,,0.1736842105263158,-0.0628402198803802,0.07342102487173598,-0.8558886230498678,0.39433234925696964,0.7325453350661987,0.9643114204341492,1.0
100014707|F|0-12:T>C-12:T>C,,,0.32105263157894737,-0.04515737606679303,0.052788539976925834,-0.8554390041196739,0.39457979243434693,0.7317758897692594,0.9643114204341492,1.0
100032801|F|0-46:T>A-46:T>A,,,0.21578947368421053,0.05336875046749479,0.06243210317732745,0.8548286498680048,0.3949158474167857,0.7307320206351559,0.9643114204341492,1.0
100020253|F|0-17:T>C-17:T>C,,,0.3684210526315789,-0.04957489884510385,0.058058164714676064,-0.853883326983159,0.39543667998514836,0.7291167360998285,0.9643114204341492,1.0
100038463|F|0-13:A>C-13:A>C,,,0.1736842105263158,-0.05658467413808481,0.06630654898219385,-0.8533798698116565,0.3957142355652971,0.7282572021997598,0.9643114204341492,1.0
100016739|F|0-27:A>C-27:A>C,Vu02 (old7),30482677.0,0.28421052631578947,-0.04975415109231974,0.05831134548387407,-0.8532499238262163,0.39578589411910714,0.728035432509444,0.9643114204341492,1.0
100030012|F|0-16:C>G-16:C>G,,,0.11702127659574468,-0.06305317394075427,0.07415961193717503,-0.8502360286643668,0.3974501382163653,0.722901304438954,0.9659427014334532,1.0
100033099|F|0-24:G>C-24:G>C,,,0.19999999999999996,-0.05779519879626922,0.06806327170762919,-0.8491392985710821,0.3980568051873067,0.7210375483777892,0.9659427014334532,1.0
100019308|F|0-53:A>G-53:A>G,,,0.1276595744680851,0.06048500493042563,0.07126431565952948,0.8487418193896255,0.39827681467023585,0.7203626759808116,0.9659427014334532,1.0
100034541|F|0-64:G>T-64:G>T,,,0.07368421052631578,-0.06789261222181768,0.08021175254434056,-0.8464172651543435,0.39956497408838954,0.7164221867513582,0.9664319327115475,1.0
100013358|F|0-37:G>A-37:G>A,,,0.08947368421052632,-0.07969733751952533,0.09487255388260614,-0.8400462964045599,0.4031085076736738,0.7056777801030176,0.9664319327115475,1.0
100032976|F|0-16:C>T-16:C>T,,,0.1578947368421053,-0.05322830209086538,0.06343463200023013,-0.8391047667884679,0.40363380551498584,0.7040968096471291,0.9664319327115475,1.0
100047522|F|0-17:A>C-17:A>C,,,0.4473684210526316,0.04293302542671828,0.051166739328070185,0.8390807385915469,0.40364721676851806,0.7040564858753358,0.9664319327115475,1.0
100014556|F|0-12:G>A-12:G>A,,,0.3684210526315789,0.05159075131931412,0.061543907969803975,0.8382755177754833,0.40409680478945803,0.7027058437017546,0.9664319327115475,1.0
100019651|F|0-27:G>T-27:G>T,Vu05 (old1),41749633.0,0.06842105263157895,-0.07843389582829352,0.09356951632337146,-0.8382419714261425,0.4041155417102769,0.702649602660386,0.9664319327115475,1.0
100017220|F|0-61:C>T-61:C>T,,,0.3894736842105263,0.04689769968505867,0.05596426988857881,0.8379935944564079,0.4042542862055544,0.7022332643499706,0.9664319327115475,1.0
100038883|F|0-23:A>G-23:A>G,,,0.41578947368421054,-0.04911690684287322,0.05892566600054963,-0.8335401222688782,0.406746931109206,0.6947891354320164,0.9664319327115475,1.0
100029063|F|0-9:C>T-9:C>T,,,0.08947368421052632,-0.06804496990482312,0.08164003500815004,-0.8334755111022462,0.40678316299574924,0.6946814276071505,0.9664319327115475,1.0
100015734|F|0-6:T>C-6:T>C,,,0.34042553191489366,-0.04521748044791498,0.054252522481856996,-0.8334631899011978,0.40679007255554994,0.6946608889202801,0.9664319327115475,1.0
100056408|F|0-52:A>T-52:A>T,,,0.4368421052631579,-0.04482581798467022,0.053964704838115815,-0.8306506654514172,0.408369159889817,0.6899805280148822,0.9664319327115475,1.0
100019323|F|0-14:A>G-14:A>G,Vu03 (old3),17470074.0,0.08421052631578947,-0.07060423380518449,0.08504592924058045,-0.8301894568693245,0.4086284585007549,0.6892145342969841,0.9664319327115475,1.0
100014895|F|0-11:G>A-11:G>A,,,0.07894736842105263,0.07323859974750264,0.08829209539401167,0.829503472770338,0.4090143137039312,0.6880760113380509,0.9664319327115475,1.0
100032815|F|0-7:G>A-7:G>A,,,0.4787234042553191,-0.04416948594652954,0.053256670239529284,-0.8293700253483954,0.4090894013749584,0.6878546389463981,0.9664319327115475,1.0
100040575|F|0-64:T>C-64:T>C,,,0.3368421052631579,-0.0491114098492203,0.05922948912212296,-0.8291715930211623,0.4092010699171023,0.687525530673252,0.9664319327115475,1.0
100020907|F|0-40:A>T-40:A>T,,,0.1368421052631579,0.052893717421346395,0.06380018112182528,0.8290527783980237,0.4092679421207359,0.6873285093694826,0.9664319327115475,1.0
100018973|F|0-53:T>G-53:T>G,,,0.13157894736842105,0.06582688422721082,0.07959861805691389,0.8269852647459768,0.4104326548672638,0.6839046281069733,0.9664319327115475,1.0
100029850|F|0-32:T>C-32:T>C,,,0.45263157894736844,-0.0412985815212527,0.04995793715066101,-0.8266670698733257,0.41061208433925656,0.68337844441295,0.9664319327115475,1.0
100015059|F|0-7:C>A-7:C>A,,,0.12105263157894737,0.07598213154043687,0.0919619490169937,0.826234462760202,0.4108561066294671,0.6826633874526395,0.9664319327115475,1.0
100041362|F|0-27:G>A-27:G>A,,,0.49468085106382986,0.044464822890109036,0.0538431775673163,0.8258209284642948,0.41108945228418375,0.6819802058896298,0.9664319327115475,1.0
100032856|F|0-37:A>G-37:A>G,,,0.18947368421052632,-0.06187361021816027,0.0750377651447557,-0.8245662713808121,0.4117979090333257,0.679909535898855,0.9664319327115475,1.0
100013788|F|0-18:C>T-18:C>T,,,0.07894736842105263,-0.07704383852690352,0.09344446580438781,-0.8244879765077091,0.411842143543953,0.6797804234057767,0.9664319327115475,1.0
100013207|F|0-60:C>G-60:C>G,Vu07 (old2),29186793.0,0.4631578947368421,-0.046314440733760905,0.056342431808833984,-0.8220170703831641,0.4132396112989737,0.6757120640013197,0.9675855012652467,1.0
100018009|F|0-24:G>T-24:G>T,,,0.06842105263157895,-0.07798570671256605,0.09503939236904595,-0.8205619245727181,0.41406393085062665,0.6733218720584832,0.9675855012652467,1.0
100044397|F|0-62:C>G-62:C>G,,,0.3105263157894737,-0.04338322705298774,0.052880863189594306,-0.8203955918314989,0.4141582189576574,0.6730489270965554,0.9675855012652467,1.0
100015913|F|0-42:T>A-42:T>A,,,0.13978494623655913,0.05124394362844758,0.06258723813741203,0.8187602641282887,0.4150859154742572,0.6703683701154252,0.967657232688372,1.0
100013911|F|0-62:A>G-62:A>G,,,0.4842105263157895,-0.04232332527089091,0.051744650868213934,-0.8179265790908945,0.4155593324445693,0.6690038887833333,0.967657232688372,1.0
100018695|F|0-40:A>G-40:A>G,Vu08 (old5),10283963.0,0.38421052631578945,0.04938749480336146,0.06044039612397538,0.8171272521453664,0.4160135431545232,0.6676969461986372,0.967657232688372,1.0
100029037|F|0-30:A>C-30:A>C,,,0.2736842105263158,-0.04879895675964204,0.059881544248639104,-0.8149248215279797,0.4172665962599225,0.6641024647424096,0.9681677757997661,1.0
100032755|F|0-61:C>T-61:C>T,Vu11 (old9),32264867.0,0.09473684210526316,-0.07152535802445706,0.08780398554481819,-0.8146026354116698,0.41745009063396576,0.6635774536196378,0.9681677757997661,1.0
100015287|F|0-63:T>C-63:T>C,,,0.4473684210526316,0.04923741038869904,0.060712020877964054,0.8109993651450034,0.419505550247608,0.6577199702655985,0.9688032567578001,1.0
100013340|F|0-36:T>A-36:T>A,,,0.4473684210526316,-0.045539458047086236,0.0562016512248339,-0.8102868341875986,0.4199127237429049,0.6565647536577609,0.9688032567578001,1.0
100013584|F|0-22:T>C-22:T>C,,,0.4473684210526316,-0.04288684057067595,0.053199678864612916,-0.8061484859677075,0.42228223379063246,0.6498753814280271,0.9688032567578001,1.0
100056174|F|0-11:G>A-11:G>A,,,0.11052631578947368,0.06898835094944819,0.08566962195638013,0.8052837093710365,0.42277838679236124,0.6484818525783761,0.9688032567578001,1.0
100040378|F|0-57:G>A-57:G>A,,,0.3368421052631579,0.04569679699472524,0.05679078820165363,0.8046515718793041,0.42314128601519424,0.6474641521278349,0.9688032567578001,1.0
100029143|F|0-26:C>T-26:C>T,,,0.15263157894736842,-0.054559095606851495,0.06796811363050198,-0.8027160486379464,0.4242535889068705,0.644353054740918,0.9688032567578001,1.0
100016684|F|0-47:T>C-47:T>C,,,0.17368421052631577,-0.04758138920476525,0.05936502677838869,-0.8015053944536724,0.42495020816065693,0.642410897338337,0.9688032567578001,1.0
100013673|F|0-63:C>A-63:C>A,,,0.29473684210526313,-0.05066421644373054,0.06332103876743278,-0.8001166346909033,0.4257501467769938,0.6401866291090964,0.9688032567578001,1.0
100033324|F|0-45:A>T-45:A>T,,,0.06914893617021277,0.08087418505577088,0.10131274998448375,0.798262657643356,0.4268194464644022,0.6372232705878338,0.9688032567578001,1.0
100013713|F|0-9:G>T-9:G>T,,,0.3526315789473684,-0.04274345414091107,0.053557738850864844,-0.7980817535992906,0.42692386983457814,0.6369344854281187,0.9688032567578001,1.0
100038675|F|0-24:G>A-24:G>A,,,0.3894736842105263,0.04621693724107806,0.05800491701698331,0.796776197913466,0.42767792543079164,0.6348523095614387,0.9688032567578001,1.0
100034929|F|0-54:T>A-54:T>A,,,0.32105263157894737,0.04210806355647574,0.05300612565753159,0.7943999497064288,0.42905240761783775,0.6310712800935766,0.9688032567578001,1.0
100044544|F|0-31:A>G-31:A>G,,,0.10526315789473684,0.061077016162489735,0.07693719785052988,0.793855480428952,0.42936770974025434,0.6302065238070823,0.9688032567578001,1.0
100041567|F|0-33:A>T-33:A>T,,,0.4631578947368421,-0.04295552128134609,0.05418799485012837,-0.7927128767202267,0.4300298364295649,0.6283937049180573,0.9688032567578001,1.0
100013794|F|0-60:G>A-60:G>A,,,0.4421052631578947,-0.048726181158913605,0.061493278581886704,-0.7923822291248959,0.43022155560115316,0.627869597032939,0.9688032567578001,1.0
100013445|F|0-24:G>T-24:G>T,,,0.24736842105263157,-0.05492122772408218,0.06932901533180529,-0.7921824283993053,0.4303374303713936,0.6275529998646204,0.9688032567578001,1.0
100013240|F|0-26:A>G-26:A>G,,,0.14210526315789473,0.05859978729425772,0.07416556449734497,0.790121233370448,0.431533898661779,0.624291563422838,0.9688032567578001,1.0
100022062|F|0-25:G>T-25:G>T,,,0.12631578947368421,0.052434325095243074,0.06640164781013798,0.7896539743285946,0.4318054023138362,0.6235533991729448,0.9688032567578001,1.0
100035489|F|0-33:C>A-33:C>A,,,0.11170212765957448,0.06167759762885514,0.07812723446498533,0.789450670450872,0.4319235646569904,0.6232323610753313,0.9688032567578001,1.0
100034936|F|0-34:G>C-34:G>C,,,0.16842105263157894,-0.04913920781214621,0.06235479023829754,-0.7880582650403258,0.4327333570725176,0.6210358290983684,0.9688032567578001,1.0
100029523|F|0-44:T>G-44:T>G,,,0.05263157894736842,0.08686995397023568,0.11026302655097019,0.7878430031129172,0.4328586283780317,0.6206965975539801,0.9688032567578001,1.0
100020025|F|0-58:A>C-58:A>C,,,0.32105263157894737,-0.04511157739117353,0.05727579585536972,-0.7876202629307373,0.4329882741014416,0.6203456785790837,0.9688032567578001,1.0
100034599|F|0-15:A>G-15:A>G,,,0.3736842105263158,-0.0612194329609228,0.07774862237788309,-0.7874021569588312,0.43311524462068346,0.6200021567834199,0.9688032567578001,1.0
100030110|F|0-28:T>C-28:T>C,,,0.07368421052631578,-0.07540520382976272,0.09591742109201419,-0.786147114583346,0.43384629376708966,0.6180272857677205,0.9688032567578001,1.0
100044804|F|0-53:G>C-53:G>C,,,0.28651685393258425,-0.042387704580381526,0.0539441492703454,-0.7857701929444131,0.4340659882285757,0.6174347961199002,0.9688032567578001,1.0
100021093|F|0-30:G>T-30:G>T,,,0.09042553191489362,0.07309096952734118,0.09315109454252905,0.784649604884361,0.4347195257949476,0.6156750024451838,0.9688032567578001,1.0
100038902|F|0-22:A>T-22:A>T,,,0.24736842105263157,0.0419401348652198,0.053513068225848594,0.7837363144309734,0.43525259245432196,0.6142426105578456,0.9688032567578001,1.0
100044913|F|0-35:T>C-35:T>C,,,0.1,0.06127062491381823,0.07820973484814016,0.7834143029993312,0.43544063454134985,0.613737970143928,0.9688032567578001,1.0
100013605|F|0-20:C>T-20:C>T,,,0.05851063829787234,0.06853120290567155,0.0876923496844744,0.7814957992601804,0.4365619530200396,0.6107356842613082,0.9688032567578001,1.0
100029761|F|0-20:T>G-20:T>G,Vu02 (old7),30481386.0,0.28421052631578947,-0.045445177276940904,0.05833866175871619,-0.778989025577898,0.4380296469291475,0.6068239019708029,0.9688032567578001,1.0
100048111|F|0-10:T>A-10:T>A,,,0.4105263157894737,0.05126506225271965,0.06584467898880225,0.7785756273705571,0.43827196479252617,0.6061800075354565,0.9688032567578001,1.0
100034159|F|0-24:A>G-24:A>G,,,0.4263157894736842,-0.043641427886775316,0.05606832641613607,-0.7783615220270891,0.43839749576870735,0.6058466589723267,0.9688032567578001,1.0
100017906|F|0-31:G>A-31:G>A,,,0.28421052631578947,-0.04698445169638202,0.060401628739969675,-0.777867297232184,0.43868734233500356,0.6050775321033028,0.9688032567578001,1.0
100029003|F|0-15:A>G-15:A>G,,,0.07368421052631578,-0.07603597511015196,0.09831076203174706,-0.7734247353875459,0.4412977807027018,0.5981858213092953,0.9688032567578001,1.0
100034771|F|0-20:A>G-20:A>G,,,0.07368421052631578,-0.07603597511015196,0.09831076203174706,-0.7734247353875459,0.4412977807027018,0.5981858213092953,0.9688032567578001,1.0
100015679|F|0-19:G>A-19:G>A,,,0.07368421052631578,0.06897052029323736,0.08924557981644962,0.7728172133016363,0.44165546108217035,0.5972464451753069,0.9688032567578001,1.0
100015576|F|0-58:G>T-58:G>T,,,0.12105263157894737,-0.05842394837869439,0.07570515259682642,-0.7717301448401485,0.44229589678570874,0.5955674164549966,0.9688032567578001,1.0
100029219|F|0-13:A>G-13:A>G,,,0.08421052631578947,-0.07422012712751141,0.09617550768510696,-0.7717154701228014,0.442304545945278,0.5955447668268564,0.9688032567578001,1.0
100034887|F|0-39:C>G-39:C>G,,,0.12105263157894737,0.05863179068575807,0.07599410869112808,0.7715307369951828,0.4424134345695217,0.5952596781283299,0.9688032567578001,1.0
100015063|F|0-34:T>C-34:T>C,,,0.06451612903225806,-0.06562938580595504,0.08513400536564197,-0.7708950791647056,0.4427882342097039,0.5942792230803576,0.9688032567578001,1.0
100017737|F|0-19:T>C-19:T>C,,,0.22105263157894736,-0.06424609675176608,0.08349575243987611,-0.7694534736725513,0.4436389243056781,0.5920586481467557,0.9688032567578001,1.0
100019248|F|0-30:G>A-30:G>A,Vu02 (old7),25315767.0,0.15760869565217392,0.04777489383887694,0.062095553640974195,0.7693770493633595,0.4436840486992219,0.5919410440870693,0.9688032567578001,1.0
100032841|F|0-19:T>A-19:T>A,Vu05 (old1),2448565.0,0.38421052631578945,-0.04119587693658543,0.053668620899877194,-0.7675970845876476,0.444735774703135,0.5892052842674563,0.9688032567578001,1.0
100044126|F|0-46:C>T-46:C>T,,,0.05263157894736842,-0.077875082831426,0.1015514735487935,-0.7668533021729964,0.44517568065630664,0.588063987053629,0.9688032567578001,1.0
100013419|F|0-62:G>T-62:G>T,,,0.18947368421052632,-0.0528661858560606,0.06908508683147395,-0.765232965329005,0.44613489259930106,0.5855814912262222,0.9688032567578001,1.0
100020050|F|0-34:T>G-34:T>G,,,0.12105263157894737,0.05404842641439349,0.07064675205384666,0.765051822526788,0.4462422003838091,0.58530429115156,0.9688032567578001,1.0
100048218|F|0-16:G>A-16:G>A,,,0.15263157894736842,-0.054729541595174264,0.07155305705904977,-0.7648805494083676,0.4463436751750267,0.5850422548632462,0.9688032567578001,1.0
100018830|F|0-21:C>T-21:C>T,,,0.46842105263157896,0.04842999789291374,0.06342394076841658,0.7635917495216661,0.447107683283376,0.5830723599375588,0.9691394061360371,1.0
100019896|F|0-32:C>T-32:C>T,Vu08 (old5),16375786.0,0.46842105263157896,-0.04183776114174607,0.05490664315370239,-0.761979948849321,0.4480642316211139,0.5806134424484138,0.9698914183798535,1.0
100044656|F|0-38:C>T-38:C>T,,,0.13888888888888887,-0.04653684486729822,0.06116661841645092,-0.7608209522137326,0.448752786285439,0.5788485213274107,0.9700620692664856,1.0
100028451|F|0-5:C>A-5:C>A,,,0.22631578947368422,-0.058815361737088095,0.07750913560323353,-0.758818444810968,0.44994390475063356,0.5758054321853362,0.9707183141543667,1.0
100014924|F|0-66:G>A-66:G>A,,,0.05789473684210526,-0.07677863547144027,0.10125639534638677,-0.7582596161831475,0.45027662843866917,0.5749576455342142,0.9707183141543667,1.0
100044919|F|0-41:G>A-41:G>A,,,0.2631578947368421,0.04027610950006741,0.05319086661184744,0.7571997236664035,0.45090807213326173,0.5733514215204779,0.9707641985981318,1.0
100033333|F|0-30:G>A-30:G>A,Vu03 (old3),53692049.0,0.12105263157894737,0.0611312926654286,0.08126925576745164,0.7522068719363331,0.45388946985900197,0.565815178188243,0.9731933339166338,1.0
100022323|F|0-60:G>C-60:G>C,,,0.3894736842105263,0.04270113391897368,0.05696617682900466,0.7495874972819336,0.45545809552086497,0.5618814160813929,0.9731933339166338,1.0
100036149|F|0-36:T>A-36:T>A,,,0.05789473684210526,-0.0663243777200009,0.08875970466183372,-0.7472352231532389,0.45686940696273687,0.5583604787208707,0.9731933339166338,1.0
100021489|F|0-26:C>G-26:C>G,,,0.3894736842105263,0.03819039474929544,0.05111058203764907,0.7472111102386515,0.45688388709244854,0.5583244432640782,0.9731933339166338,1.0
100057957|F|0-57:C>A-57:C>A,,,0.37368421052631584,-0.05607606220164443,0.07509661461196447,-0.7467189099188811,0.45717951729707124,0.5575891304304421,0.9731933339166338,1.0
100032753|F|0-47:A>G-47:A>G,,,0.2631578947368421,0.04336395699679661,0.0581324038700961,0.7459515538648398,0.4576406320817331,0.556443720713369,0.9731933339166338,1.0
100017329|F|0-16:T>C-16:T>C,,,0.2,0.047932454876946716,0.0644726136427799,0.7434545021320775,0.4591429805478312,0.5527245967404553,0.9731933339166338,1.0
100041959|F|0-33:T>G-33:T>G,,,0.20526315789473684,0.039638512282230004,0.0533251046443574,0.7433367931782269,0.45921386928363667,0.55254958809249,0.9731933339166338,1.0
100018867|F|0-57:G>A-57:G>A,,,0.24210526315789474,0.05826586805764331,0.07839115100911526,0.7432709854058427,0.4592535039028973,0.5524517577461724,0.9731933339166338,1.0
100038892|F|0-14:A>C-14:A>C,,,0.3736842105263158,0.04510267567452024,0.060684980365631566,0.7432263371063685,0.45928039573176616,0.5523853881685493,0.9731933339166338,1.0
100018919|F|0-66:C>A-66:C>A,,,0.06315789473684211,0.06568314491996491,0.08838631694463217,0.7431370283378907,0.45933418941023874,0.552252642886871,0.9731933339166338,1.0
100036213|F|0-14:A>C-14:A>C,,,0.21578947368421053,0.0430802005118353,0.0580400700330395,0.742249285490382,0.45986910188029,0.5509340018109826,0.9731933339166338,1.0
100013042|F|0-30:A>G-30:A>G,,,0.42105263157894735,0.03833087347601249,0.051720309563015134,0.7411184078337893,0.460551029221194,0.549256494430091,0.9731933339166338,1.0
100034834|F|0-45:G>A-45:G>A,,,0.14210526315789473,-0.05304945879433619,0.0716825785944425,-0.7400606930517015,0.461189358890664,0.5476898294001648,0.9731933339166338,1.0
100014107|F|0-10:A>C-10:A>C,,,0.07894736842105263,0.05884074536264302,0.07953483387055368,0.7398110048033649,0.46134011876850933,0.5473203228281645,0.9731933339166338,1.0
100017935|F|0-68:T>C-68:T>C,,,0.14210526315789473,0.05520905588672409,0.07470667954246439,0.7390109723099451,0.4618233608466741,0.5461372171944904,0.9731933339166338,1.0
100017630|F|0-52:A>T-52:A>T,,,0.15263157894736842,-0.0471883946682717,0.06408530992305868,-0.7363371531623465,0.4634405059898976,0.5421924031272289,0.9742558292094683,1.0
100020602|F|0-66:T>C-66:T>C,,,0.06842105263157894,-0.06214851154730929,0.08446673583540525,-0.7357749880191179,0.4637809152284525,0.5413648329945331,0.9742558292094683,1.0
100014517|F|0-34:C>T-34:C>T,,,0.20526315789473684,-0.04492633723621567,0.061229924089410026,-0.7337317154045904,0.4650193749385809,0.5383622301905628,0.9742558292094683,1.0
100013883|F|0-67:A>T-67:A>T,,,0.07368421052631578,0.06566630872438949,0.08959774729394555,0.732901336335571,0.4655232146158845,0.5371443688024657,0.9742558292094683,1.0
100018782|F|0-63:C>T-63:C>T,,,0.12105263157894737,-0.05636446437276573,0.0769185294401397,-0.7327813568852775,0.46559603867825455,0.5369685169986284,0.9742558292094683,1.0
100054653|F|0-47:T>C-47:T>C,,,0.24736842105263157,-0.045928119647253116,0.0628027416389268,-0.7313075583755353,0.46649111674295857,0.5348107449371869,0.9742558292094683,1.0
100033379|F|0-46:C>G-46:C>G,,,0.3105263157894737,-0.052817100953847534,0.07230797805339778,-0.7304463819309581,0.4670145818461778,0.5335519168760271,0.9742558292094683,1.0
100043230|F|0-12:G>T-12:G>T,,,0.08421052631578947,0.07837763136905034,0.10742658127337078,0.7295925313829085,0.4675339207827903,0.5323052618497203,0.9742558292094683,1.0
100013537|F|0-44:C>G-44:C>G,,,0.23684210526315788,0.04223818556342927,0.058034627930117266,0.7278100518588769,0.46861912943851675,0.5297074715868211,0.9742558292094683,1.0
100051143|F|0-41:A>G-41:A>G,,,0.43157894736842106,0.04008838932637266,0.05513422258418139,0.7271053702655175,0.4690485441426176,0.5286822194689552,0.9742558292094683,1.0
100017951|F|0-58:G>A-58:G>A,,,0.3684210526315789,-0.03884066249043621,0.053623295442666224,-0.724324422246008,0.47074534006539537,0.5246458686620133,0.9742558292094683,1.0
100021295|F|0-53:G>T-53:G>T,,,0.22631578947368422,-0.04250760213760772,0.05883789669447792,-0.7224527817221781,0.47188925852676605,0.5219380218181131,0.9742558292094683,1.0
100016234|F|0-15:C>T-15:C>T,Vu06 (old6),20274938.0,0.15789473684210525,-0.0470181295794987,0.06554218864886911,-0.7173719790071423,0.4750024083156087,0.5146225562646238,0.9742558292094683,1.0
100021166|F|0-38:T>C-38:T>C,,,0.3684210526315789,0.03938103244336662,0.055019456633051786,0.7157655646440769,0.4759890830433503,0.5123203435302542,0.9742558292094683,1.0
100016225|F|0-50:A>C-50:A>C,,,0.3225806451612903,0.04056484107614755,0.05679420663700236,0.7142425870197628,0.4769255640553237,0.5101424731126835,0.9742558292094683,1.0
100019249|F|0-36:C>A-36:C>A,,,0.45263157894736844,0.04357610220566011,0.06102418235334005,0.7140792473604533,0.47702606269853237,0.5099091715108713,0.9742558292094683,1.0
100015162|F|0-62:C>T-62:C>T,,,0.12105263157894737,-0.05286645097207565,0.0741623282232205,-0.7128477791710289,0.4777841323460207,0.5081519562690681,0.9742558292094683,1.0
100017594|F|0-13:G>T-13:G>T,,,0.43157894736842106,0.038754016334157954,0.05440681085940067,0.7123008263488734,0.47812104136498484,0.5073724672172879,0.9742558292094683,1.0
100040340|F|0-28:T>C-28:T>C,,,0.4574468085106383,-0.039600268799190014,0.055668051497083725,-0.7113643774879483,0.4786981764701921,0.5060392775588163,0.9742558292094683,1.0
100034532|F|0-64:T>C-64:T>C,,,0.05263157894736842,-0.07936028328981755,0.11156345814808705,-0.7113465699895779,0.47870915501057154,0.5060139426359375,0.9742558292094683,1.0
100016517|F|0-35:T>A-35:T>A,,,0.24210526315789474,-0.044021822967332536,0.061990624444624935,-0.7101367886148074,0.4794553273563211,0.5042942585441517,0.9742558292094683,1.0
100020750|F|0-37:T>C-37:T>C,Vu09 (old8),38249509.0,0.3526315789473684,0.032622767619916525,0.04603861726105399,0.7085957302960422,0.48040675942783034,0.5021079089937813,0.9742558292094683,1.0
100045081|F|0-27:C>A-27:C>A,,,0.16842105263157894,0.055254445744587655,0.07810616897418989,0.7074274218064188,0.4811287565911015,0.5004535571236768,0.9742558292094683,1.0
100032879|F|0-19:G>T-19:G>T,,,0.08421052631578947,0.056935592641955426,0.08048564675714495,0.7074005730953647,0.4811453557504458,0.5004155708156505,0.9742558292094683,1.0
100028511|F|0-5:C>A-5:C>A,,,0.3157894736842105,0.04326468780783355,0.06124490590705067,0.7064210021564065,0.48175119015774115,0.49903063228766165,0.9742558292094683,1.0
100043266|F|0-15:G>A-15:G>A,,,0.21052631578947367,-0.04712030020279642,0.06688206249343182,-0.704528216476935,0.48292301410742106,0.49636000781217093,0.9742558292094683,1.0
100015701|F|0-21:C>G-21:C>G,,,0.05789473684210526,0.0688307974348444,0.09775555189690766,0.7041113890639469,0.4831812833693287,0.4957728482095608,0.9742558292094683,1.0
100018760|F|0-65:A>G-65:A>G,,,0.49473684210526314,0.0423450712000348,0.06015805460575407,0.7038969507498756,0.48331418058932807,0.4954709172749728,0.9742558292094683,1.0
100017716|F|0-8:C>T-8:C>T,,,0.05263157894736842,-0.0783110808689432,0.1112970833403412,-0.7036220403860147,0.48348458460954635,0.49508397571697854,0.9742558292094683,1.0
100018930|F|0-63:C>G-63:C>G,Vu09 (old8),30816607.0,0.08947368421052632,-0.05898358877444538,0.08401996027722072,-0.7020187653009027,0.48447903970834877,0.49283034683460386,0.9742558292094683,1.0
100020177|F|0-41:C>G-41:C>G,,,0.24210526315789474,-0.04025336351242203,0.05742303127856799,-0.7009968407475173,0.4851134913086654,0.4913965707380002,0.9742558292094683,1.0
100017304|F|0-37:T>A-37:T>A,,,0.46842105263157896,-0.035510295589924495,0.0506933734312604,-0.700491862867955,0.48542717056382767,0.4906888499442178,0.9742558292094683,1.0
100034447|F|0-52:A>T-52:A>T,,,0.08421052631578947,-0.060616060074366915,0.08662971521174972,-0.6997144100751409,0.485910322381721,0.48960025566680243,0.9742558292094683,1.0
100014483|F|0-57:T>A-57:T>A,,,0.24736842105263157,-0.03868160434320712,0.055403252133326066,-0.6981829198423432,0.48686284766807,0.48745938955957974,0.9742558292094683,1.0
100017079|F|0-12:A>G-12:A>G,,,0.2631578947368421,-0.03658682287445229,0.05255569350258085,-0.6961533648615182,0.48812672793645057,0.48462950740801414,0.9742558292094683,1.0
100019246|F|0-54:A>C-54:A>C,,,0.4842105263157895,0.040940747413893065,0.05885631433381513,0.6956050149808836,0.488468514529339,0.4838663368665552,0.9742558292094683,1.0
100045141|F|0-49:C>T-49:C>T,,,0.32105263157894737,-0.04213616384496786,0.060620734810445207,-0.6950784080186969,0.4887968721988383,0.48313399329380613,0.9742558292094683,1.0
100016319|F|0-60:C>A-60:C>A,,,0.1,0.05516690827007044,0.07939274842135584,0.6948607948081956,0.4889325968733745,0.48283152416147734,0.9742558292094683,1.0
100036056|F|0-31:G>A-31:G>A,,,0.3421052631578947,0.03490316025793039,0.050291844155109754,0.6940123362802586,0.48946197489330007,0.4816531229091828,0.9742558292094683,1.0
100021654|F|0-23:G>T-23:G>T,,,0.15789473684210525,0.05069026334411425,0.07352493731142914,0.6894295350352466,0.492326734738367,0.47531308377891635,0.9742558292094683,1.0
100013387|F|0-43:C>G-43:C>G,,,0.3473684210526316,-0.035339069659966645,0.0512994051954778,-0.6888787408997462,0.4926716566712978,0.47455391966361965,0.9742558292094683,1.0
100014127|F|0-16:C>T-16:C>T,,,0.37894736842105264,-0.038255204776436645,0.055538432701448925,-0.688805983814495,0.492717228938221,0.47445368333865434,0.9742558292094683,1.0
100043431|F|0-17:C>G-17:C>G,,,0.2789473684210526,0.03957248673856808,0.05745460403982009,0.6887609339565121,0.49274544760489525,0.47439162414464675,0.9742558292094683,1.0
100044894|F|0-39:G>A-39:G>A,,,0.28421052631578947,-0.05740178886150227,0.08336397629048845,-0.6885682691223982,0.49286614038015913,0.4741262612422154,0.9742558292094683,1.0
100014668|F|0-30:A>T-30:A>T,,,0.26842105263157895,0.046284466634631614,0.06728430611511568,0.687893942986411,0.4932886914189316,0.47319807679739173,0.9742558292094683,1.0
100029979|F|0-5:G>A-5:G>A,,,0.16842105263157894,0.04557723841645698,0.06628728875832839,0.6875713167666798,0.49349092750368306,0.472754315640266,0.9742558292094683,1.0
100015956|F|0-13:C>T-13:C>T,,,0.3368421052631579,-0.04085121044764961,0.05955372477570424,-0.685955590544614,0.49450441336515905,0.4705350721994101,0.9742558292094683,1.0
100053824|F|0-47:A>G-47:A>G,,,0.24736842105263157,-0.0460874157546671,0.06718901206954454,-0.6859367973287647,0.49451620831451754,0.4705092899296428,0.9742558292094683,1.0
100035374|F|0-23:A>G-23:A>G,,,0.43258426966292135,-0.03724589637676325,0.054314078355136686,-0.6857503156590112,0.49463325574393835,0.4702534954264335,0.9742558292094683,1.0
100040044|F|0-66:G>T-66:G>T,,,0.47368421052631576,-0.04064912184942283,0.059352242546545024,-0.684879291924734,0.49518016348201105,0.46905964450732496,0.9742558292094683,1.0
100040750|F|0-21:T>G-21:T>G,Vu09 (old8),38024670.0,0.3157894736842105,0.042380018398077215,0.06189942995152981,0.6846592679651942,0.49531836643175636,0.46875831321063555,0.9742558292094683,1.0
100054559|F|0-11:G>A-11:G>A,,,0.12234042553191489,0.04347903415131951,0.06369047798424506,0.6826614515606996,0.49657420647818934,0.46602665744696137,0.9742558292094683,1.0
100013001|F|0-27:G>C-27:G>C,Vu03 (old3),7683103.0,0.4473684210526316,-0.0374819582593094,0.05502918896409662,-0.6811286694369459,0.49753889195874595,0.46393626432894436,0.9742558292094683,1.0
100035865|F|0-64:G>A-64:G>A,,,0.3932584269662921,0.0302136137684282,0.044374293357130536,0.6808810120144292,0.4976948550038995,0.4635989525217933,0.9742558292094683,1.0
100040070|F|0-17:A>G-17:A>G,,,0.3105263157894737,-0.03680032906447653,0.05408909526464292,-0.6803650326266827,0.49801987963310146,0.462896577621107,0.9742558292094683,1.0
100029504|F|0-25:T>C-25:T>C,,,0.49473684210526314,-0.042302309299755654,0.062204505672748496,-0.6800521737493382,0.4982170109354121,0.4624709590212001,0.9742558292094683,1.0
100017362|F|0-34:C>A-34:C>A,,,0.15263157894736842,-0.048515822045610835,0.07150853467060812,-0.6784619803648712,0.4992196383898836,0.46031065880062283,0.9742558292094683,1.0
100038392|F|0-25:C>T-25:C>T,,,0.15263157894736842,0.054564113628321136,0.08045572576199701,0.6781880731488511,0.4993924486600903,0.4599390625613514,0.9742558292094683,1.0
100036017|F|0-28:C>A-28:C>A,,,0.26842105263157895,-0.040880497036884254,0.06034959899641577,-0.6773946756350808,0.49989319178147334,0.4588635465787564,0.9742558292094683,1.0
100035121|F|0-58:G>A-58:G>A,,,0.06666666666666667,0.058980090741889146,0.08711228691722758,0.6770582294312959,0.5001056174580201,0.45840784604064133,0.9742558292094683,1.0
100015194|F|0-9:C>T-9:C>T,,,0.26842105263157895,-0.03805814879403532,0.056276469952744955,-0.6762710743227593,0.5006028022617801,0.4573425659656591,0.9742558292094683,1.0
100028251|F|0-5:A>G-5:A>G,,,0.1631578947368421,-0.04329390245680664,0.0642509864951365,-0.6738247117821886,0.5021496789546264,0.45403974220834953,0.9742558292094683,1.0
100021644|F|0-58:T>G-58:T>G,,,0.0913978494623656,0.05018530451216061,0.07460412272258957,0.6726880858685425,0.5028692607279056,0.45250926086948356,0.9742558292094683,1.0
100021043|F|0-14:C>T-14:C>T,,,0.3263157894736842,-0.03868015845919217,0.0575519020415771,-0.6720917482666089,0.5032470151227241,0.4517073180880668,0.9742558292094683,1.0
100034576|F|0-39:C>T-39:C>T,,,0.35789473684210527,-0.03473770626039698,0.051771642178139766,-0.6709794165089232,0.5039520368338161,0.4502133773786551,0.9742558292094683,1.0
100017422|F|0-41:T>A-41:T>A,,,0.13157894736842105,0.05048481316974452,0.07528452585359462,0.6705868516449456,0.5042009800223951,0.44968672559908024,0.9742558292094683,1.0
100029674|F|0-32:C>G-32:C>G,,,0.2894736842105263,-0.03793424532310583,0.05664653543879935,-0.6696657620674756,0.5047853435453848,0.44845223288541286,0.9742558292094683,1.0
100039064|F|0-19:C>T-19:C>T,,,0.1368421052631579,0.05645197657454997,0.08433909844084232,0.6693452694914315,0.5049887575730404,0.44802308979055705,0.9742558292094683,1.0
100020103|F|0-18:T>C-18:T>C,,,0.12631578947368421,0.05382056199551005,0.0807480572008101,0.6665245438867363,0.5067809416528614,0.44425496760342187,0.9742558292094683,1.0
100014109|F|0-25:C>A-25:C>A,,,0.08421052631578947,-0.058891677936679425,0.08851414515310321,-0.6653363463524874,0.5075368943695443,0.44267245377767706,0.9742558292094683,1.0
100013231|F|0-33:C>T-33:C>T,,,0.06842105263157895,-0.07132894474418872,0.10722121554868969,-0.6652502900584809,0.5075916683052949,0.442557948422893,0.9742558292094683,1.0
100020314|F|0-31:G>A-31:G>A,,,0.4052631578947368,0.03413340684794181,0.05131149449115282,0.6652195026949981,0.5076112649081431,0.44251698676578055,0.9742558292094683,1.0
100035931|F|0-44:G>C-44:G>C,,,0.3684210526315789,0.040164764171638896,0.060380659305564646,0.6651925406839229,0.5076284269504471,0.44248111618153235,0.9742558292094683,1.0
100042005|F|0-34:A>G-34:A>G,,,0.24736842105263157,-0.035800893216438534,0.053822044958786786,-0.6651715527318294,0.5076417865585476,0.4424531945636729,0.9742558292094683,1.0
100033543|F|0-14:C>T-14:C>T,,,0.06315789473684211,0.06450869203522298,0.09728002646393855,0.6631237097693039,0.5089462163234896,0.439733054458204,0.9755824459887613,1.0
100021392|F|0-51:G>A-51:G>A,,,0.3526315789473684,0.034628316907150306,0.05247316731912345,0.6599242751357659,0.5109877529187863,0.43550004891346605,0.9756160007853789,1.0
100033689|F|0-56:C>T-56:C>T,,,0.3473684210526316,0.034131648348862266,0.05173570241416483,0.6597310320757777,0.5111111991101084,0.4352450346837708,0.9756160007853789,1.0
100017267|F|0-60:T>C-60:T>C,Vu07 (old2),29861358.0,0.3526315789473684,0.03448181798964401,0.0522824198715727,0.6595298778125736,0.5112397159044395,0.4349796597274682,0.9756160007853789,1.0
100014062|F|0-62:G>A-62:G>A,,,0.13157894736842105,0.05186926950690583,0.07893688139516493,0.6570980331392082,0.5127947701353452,0.431777825155416,0.9756160007853789,1.0
100033600|F|0-16:A>G-16:A>G,,,0.14210526315789473,-0.05054510899297903,0.07697382302019257,-0.6566532232616212,0.5130794767367014,0.4311934556198766,0.9756160007853789,1.0
100015577|F|0-62:A>G-62:A>G,,,0.12105263157894737,0.06925559043671756,0.10580988554952749,0.6545285450129364,0.5144405600125538,0.42840761623675155,0.9756160007853789,1.0
100034297|F|0-63:T>C-63:T>C,,,0.06315789473684211,0.06206128497825376,0.09530685421001416,0.6511733651548097,0.5165937912311297,0.42402675148703917,0.9756160007853789,1.0
100014414|F|0-40:G>C-40:G>C,,,0.12105263157894737,-0.05244170680494046,0.08069799746661926,-0.6498514021569491,0.517443480896173,0.42230684488535286,0.9756160007853789,1.0
100038761|F|0-32:T>C-32:T>C,,,0.11052631578947368,0.053027382737274024,0.08160263298667861,0.649824408802233,0.5174608384924511,0.42227176227517166,0.9756160007853789,1.0
100014172|F|0-5:G>A-5:G>A,,,0.3105263157894737,0.04341696527421327,0.06685957441076087,0.649375435857178,0.5177495874806562,0.42168845669469995,0.9756160007853789,1.0
100029181|F|0-14:G>C-14:G>C,,,0.12631578947368421,0.045381375939691326,0.07008372183795651,0.6475309066008151,0.5189367525696338,0.4192962750032736,0.9756160007853789,1.0
100032835|F|0-6:G>C-6:G>C,,,0.3722222222222222,0.05424760167025613,0.08392299740991652,0.6463973326082144,0.519667045367627,0.41782951160301457,0.9756160007853789,1.0
100016803|F|0-28:A>T-28:A>T,,,0.39473684210526316,-0.033484821637968856,0.05183465029982593,-0.6459930074628343,0.5199276578558187,0.41730696569087744,0.9756160007853789,1.0
100016888|F|0-67:C>T-67:C>T,,,0.08510638297872342,-0.04841656426948287,0.07506178300998324,-0.6450228375609389,0.520553271582258,0.4160544609751654,0.9756160007853789,1.0
100038558|F|0-29:G>A-29:G>A,,,0.08947368421052632,-0.05850505439441882,0.09072610349373678,-0.6448535993663354,0.5206624451583268,0.41583616461571815,0.9756160007853789,1.0
100035973|F|0-34:C>T-34:C>T,,,0.05263157894736842,-0.0650241730929113,0.10115945062083986,-0.6427889109108671,0.5219953165368009,0.4131775839899786,0.9756160007853789,1.0
100022144|F|0-13:T>A-13:T>A,,,0.33695652173913043,-0.030369218922868067,0.04730104585753207,-0.6420411720776394,0.5224784632105214,0.412216866642829,0.9756160007853789,1.0
100058699|F|0-62:C>A-62:C>A,,,0.05263157894736842,-0.07151061648499514,0.11150434315905915,-0.6413258395055196,0.5229408893395501,0.41129883241745946,0.9756160007853789,1.0
100038393|F|0-44:G>A-44:G>A,Vu09 (old8),37413218.0,0.30526315789473685,0.039457974534435884,0.061552947609286784,0.6410411859542315,0.5231249627954128,0.41093380208960767,0.9756160007853789,1.0
100013876|F|0-55:T>G-55:T>G,Vu07 (old2),26537890.0,0.28421052631578947,-0.038097923623776446,0.05972331538390867,-0.6379070448262693,0.5251539134081964,0.4069253978389839,0.9756160007853789,1.0
100014325|F|0-37:G>A-37:G>A,,,0.12105263157894737,-0.04830067895359073,0.07594798715243901,-0.6359704946049987,0.5264096226276805,0.4044584700081266,0.9756160007853789,1.0
100014505|F|0-46:G>T-46:G>T,,,0.25263157894736843,0.04030060417588567,0.06339776879643577,0.6356785883946026,0.5265990373215104,0.4040872677433545,0.9756160007853789,1.0
100033630|F|0-40:T>C-40:T>C,,,0.49473684210526314,-0.035276425173481195,0.05567295849121188,-0.6336366187374374,0.5279250376546686,0.40149536460501256,0.9756160007853789,1.0
100020454|F|0-11:G>A-11:G>A,,,0.4052631578947368,0.03599685568584743,0.05719071287315905,0.6294178526098002,0.5306700610323772,0.3961668331839322,0.9756160007853789,1.0
100022286|F|0-67:T>G-67:T>G,,,0.10526315789473684,0.049392629300743014,0.07854806250118446,0.6288204664500566,0.5310593566698076,0.3954151790264668,0.9756160007853789,1.0
100053755|F|0-5:T>C-5:T>C,,,0.2074468085106383,0.03422635459755125,0.054458022249650274,0.6284905911685225,0.5312743879455454,0.39500042318735884,0.9756160007853789,1.0
100016677|F|0-45:G>A-45:G>A,,,0.23157894736842105,-0.044747105504061024,0.07124327820729814,-0.6280888054289049,0.5315363551311953,0.39449554750510873,0.9756160007853789,1.0
100030143|F|0-33:C>T-33:C>T,,,0.29473684210526313,-0.03679856806116573,0.058612731683711186,-0.6278255082827382,0.5317080628626849,0.3941648688504786,0.9756160007853789,1.0
100038720|F|0-23:G>A-23:G>A,,,0.47368421052631576,-0.03744947798981026,0.059717124618032406,-0.6271145543149925,0.5321718501744082,0.3932726642336917,0.9756160007853789,1.0
100015896|F|0-17:T>A-17:T>A,,,0.05789473684210526,-0.06893834271976591,0.11060821211445893,-0.6232660432882465,0.5346860178776235,0.3884605607161864,0.9756160007853789,1.0
100041722|F|0-10:C>T-10:C>T,,,0.1631578947368421,0.03956112339217113,0.06349599273472042,0.6230491356746455,0.5348279011522742,0.38819022546492277,0.9756160007853789,1.0
100018369|F|0-55:T>C-55:T>C,,,0.3157894736842105,-0.03416235706263268,0.05491451934101244,-0.6221006297166807,0.5354485631497352,0.3870091934938906,0.9756160007853789,1.0
100035956|F|0-57:T>G-57:T>G,,,0.30526315789473685,-0.03598225798935872,0.05784501268644307,-0.622045986650665,0.5354843304895952,0.3869412095081993,0.9756160007853789,1.0
100018194|F|0-8:A>C-8:A>C,Vu02 (old7),25429826.0,0.17553191489361697,-0.037822145979734274,0.060907772664042,-0.6209740452726037,0.536186231307957,0.3856087649022217,0.9756160007853789,1.0
100034348|F|0-49:T>G-49:T>G,,,0.24736842105263157,0.03642064117205463,0.058711453656453284,0.6203328124895005,0.5366063316725563,0.38481279825113374,0.9756160007853789,1.0
100013548|F|0-31:T>C-31:T>C,,,0.18947368421052632,-0.039544167262222873,0.063828505356158,-0.6195377291316717,0.5371274601226672,0.38382699781762863,0.9756160007853789,1.0
100018174|F|0-53:C>T-53:C>T,,,0.3263157894736842,0.03794459879661407,0.061260223931220895,0.61940026270906,0.5372175871616524,0.38365668544405257,0.9756160007853789,1.0
100016465|F|0-15:G>A-15:G>A,,,0.13978494623655913,0.040195574786507426,0.06497695675206921,0.6186127635968021,0.53773404367994,0.3826817512848729,0.9756160007853789,1.0
100013879|F|0-63:G>A-63:G>A,,,0.23684210526315788,-0.0439357715178674,0.07123034312652539,-0.6168125771881366,0.5389155906089512,0.380457755377471,0.9756160007853789,1.0
100018699|F|0-47:A>G-47:A>G,,,0.16304347826086954,-0.037722916284599804,0.06120283358989922,-0.6163589832681458,0.5392135141756356,0.3798983962553424,0.9756160007853789,1.0
100016297|F|0-36:A>G-36:A>G,,,0.5,-0.03232573990231316,0.052534338579389904,-0.6153259139917122,0.5398923540816988,0.378625980429736,0.9756160007853789,1.0
100014343|F|0-46:C>T-46:C>T,,,0.07894736842105263,0.06223913835042362,0.10138243134501351,0.6139045742414506,0.5408270405653269,0.37687882627457675,0.9756160007853789,1.0
100019390|F|0-56:C>T-56:C>T,,,0.22631578947368422,-0.04371173127119804,0.07125378298964932,-0.6134654110582146,0.5411160046273054,0.37633981056482424,0.9756160007853789,1.0
100014717|F|0-5:C>A-5:C>A,,,0.23157894736842105,0.037432315053144656,0.06113268437170981,0.61231263501439,0.5418748902183256,0.3749267629982656,0.9756160007853789,1.0
100018213|F|0-23:A>G-23:A>G,,,0.24468085106382978,0.02906700075930727,0.047706751304236295,0.6092848488873347,0.5438706843736979,0.37122802708366226,0.9756160007853789,1.0
100018445|F|0-45:A>G-45:A>G,,,0.3894736842105263,-0.03316869359390485,0.05447095207330237,-0.6089244327741737,0.5441085034759416,0.37078896482934925,0.9756160007853789,1.0
100041207|F|0-27:C>A-27:C>A,,,0.23157894736842105,0.03419000031414435,0.05616002593852134,0.6087960207064774,0.5441932483559265,0.3706325948280417,0.9756160007853789,1.0
100015112|F|0-61:C>T-61:C>T,,,0.45789473684210524,0.02953361526724285,0.048613037013725,0.6075245876719155,0.5450326839150441,0.369086124625931,0.9756160007853789,1.0
100022067|F|0-14:T>C-14:T>C,Vu06 (old6),22313672.0,0.1,0.05105200551187586,0.0842983604064166,0.6056108952267344,0.5462973882349476,0.36676455641732664,0.9756160007853789,1.0
100035075|F|0-30:T>C-30:T>C,,,0.19473684210526315,-0.04212926536351299,0.06963108867768784,-0.6050352818483596,0.5466780836195103,0.36606769228132396,0.9756160007853789,1.0
100044498|F|0-24:C>T-24:C>T,,,0.4148936170212766,0.033997478013416065,0.05633824874758078,0.603452872057475,0.5477253352977993,0.3641553687944153,0.9756160007853789,1.0
100018158|F|0-47:G>T-47:G>T,contig_292,2803.0,0.18947368421052632,0.04450926156900182,0.07379109689710095,0.6031792918198302,0.5479064951268623,0.3638252580802719,0.9756160007853789,1.0
100043186|F|0-41:T>C-41:T>C,,,0.38421052631578945,0.03284166304559715,0.05448405319284625,0.6027756952911363,0.5481738043331663,0.36333853883371275,0.9756160007853789,1.0
100021208|F|0-24:G>A-24:G>A,,,0.49473684210526314,0.03171000930730338,0.05271438751104223,0.6015437303650923,0.5489901617402392,0.36185485954155094,0.9756160007853789,1.0
100019858|F|0-55:G>C-55:G>C,Vu07 (old2),32970913.0,0.05789473684210526,-0.059767103223125444,0.09944236501931669,-0.6010225441793915,0.5493357075189119,0.3612280986118686,0.9756160007853789,1.0
100038655|F|0-21:A>T-21:A>T,,,0.24210526315789474,-0.03378656145544585,0.05627234380510262,-0.6004114840580388,0.5497409784420068,0.36049395018877656,0.9756160007853789,1.0
100021685|F|0-34:T>A-34:T>A,Vu06 (old6),22297694.0,0.23684210526315788,-0.03567008802788634,0.05945769901770446,-0.5999237881248148,0.5500645385068605,0.3599085515580277,0.9756160007853789,1.0
100035699|F|0-21:A>T-21:A>T,,,0.3263157894736842,0.03275657931868906,0.054675854761207524,0.5991050247271091,0.5506079584481783,0.35892683065327,0.9756160007853789,1.0
100016813|F|0-35:C>T-35:C>T,,,0.22631578947368422,0.03424637639720172,0.057181089197769756,0.5989108790627485,0.5507368539013976,0.3586942410597142,0.9756160007853789,1.0
100019334|F|0-53:T>C-53:T>C,Vu04 (old11),4731471.0,0.08947368421052632,0.050172052984109594,0.08396874796483579,0.5975086469685187,0.5516682593262469,0.3570165832021499,0.9756160007853789,1.0
100033656|F|0-39:G>A-39:G>A,,,0.08947368421052632,-0.049544071243281,0.08303970890451298,-0.5966310804419067,0.5522515659268611,0.355968646149277,0.9756160007853789,1.0
100050114|F|0-27:G>A-27:G>A,,,0.21505376344086022,0.03717831697359207,0.06237098629984822,0.5960835186228656,0.5526156787559515,0.35531556117381613,0.9756160007853789,1.0
100016903|F|0-35:A>G-35:A>G,,,0.07894736842105263,0.05183605645041995,0.0869965989409388,0.5958400337651243,0.552777627624815,0.35502534583722445,0.9756160007853789,1.0
100016631|F|0-38:C>G-38:C>G,,,0.3263157894736842,-0.03692565965634708,0.06201459878789888,-0.5954349520608768,0.5530471116940681,0.3545427821357387,0.9756160007853789,1.0
100021588|F|0-50:T>C-50:T>C,,,0.09473684210526316,0.045009770000227,0.07562617661904224,0.5951612525244836,0.553229229717097,0.35421691650651216,0.9756160007853789,1.0
100017367|F|0-26:T>C-26:T>C,,,0.2631578947368421,0.03714816739382183,0.06256624910724053,0.5937413209819994,0.5541745230385775,0.35252875624144964,0.9756160007853789,1.0
100015850|F|0-28:G>T-28:G>T,,,0.1,0.04901643307683171,0.08255946516636546,0.5937106421178816,0.5541949557949988,0.3524923265640273,0.9756160007853789,1.0
100016574|F|0-9:G>A-9:G>A,,,0.2,0.037098947370536345,0.06260069647077492,0.5926283485976224,0.5549160253825833,0.351208359561545,0.9756160007853789,1.0
100019240|F|0-12:A>C-12:A>C,Vu07 (old2),30408014.0,0.05913978494623662,0.04999262617748796,0.0846015685969619,0.5909184310240228,0.5560561940021443,0.34918459212389275,0.9756160007853789,1.0
100019065|F|0-15:C>T-15:C>T,,,0.4105263157894737,-0.035802720033293184,0.060880479990458355,-0.5880820919760235,0.5579500165158555,0.3458405469028961,0.9756160007853789,1.0
100020878|F|0-38:C>T-38:C>T,,,0.24736842105263157,-0.03295745323322781,0.056080791155544533,-0.5876781078536801,0.5582200158755803,0.3453655584504817,0.9756160007853789,1.0
100020992|F|0-62:A>G-62:A>G,,,0.43157894736842106,-0.031407427537248955,0.05356230629620705,-0.5863718295392564,0.5590934977263858,0.3438319224772147,0.9756160007853789,1.0
100030243|F|0-51:A>G-51:A>G,,,0.15294117647058822,0.03394109543252455,0.057922739236612626,0.5859718632068868,0.5593610819710254,0.34336302447015044,0.9756160007853789,1.0
100020673|F|0-43:T>A-43:T>A,,,0.06842105263157895,0.06045193536985351,0.10366931026510495,0.583122770039318,0.5612689997304724,0.34003216493832733,0.9756160007853789,1.0
100016452|F|0-6:G>A-6:G>A,,,0.4421052631578947,-0.03043665030418966,0.05228645784211461,-0.5821134488799541,0.5619456667059102,0.3388560673669149,0.9756160007853789,1.0
100035246|F|0-43:C>A-43:C>A,,,0.4736842105263158,-0.031079270855869905,0.05341657140427743,-0.5818282611336073,0.5621369342827334,0.33852412545375715,0.9756160007853789,1.0
100015923|F|0-54:G>A-54:G>A,Vu09 (old8),37786229.0,0.06842105263157895,-0.0526797904459281,0.09063603544818757,-0.581223463553221,0.5625426611680104,0.3378207145848024,0.9756160007853789,1.0
100021860|F|0-9:A>C-9:A>C,,,0.1631578947368421,-0.03732895844191433,0.06422938345520648,-0.5811819518390288,0.5625705144645512,0.33777246114342313,0.9756160007853789,1.0
100020053|F|0-44:G>A-44:G>A,,,0.21052631578947367,-0.03862121387463097,0.0665856659212187,-0.5800229424802319,0.563348453220868,0.3364266138034264,0.9756160007853789,1.0
100021718|F|0-14:T>C-14:T>C,Vu02 (old7),26744915.0,0.11052631578947368,0.050189932542323026,0.08661844252771117,0.5794370237754638,0.5637419283466609,0.3357472645217674,0.9756160007853789,1.0
100034247|F|0-37:G>C-37:G>C,,,0.4789473684210526,0.033012269409395736,0.05703788136328684,0.5787779738720188,0.56418467573976,0.33498394303939927,0.9756160007853789,1.0
100021979|F|0-26:G>A-26:G>A,,,0.21052631578947367,-0.038634187321873424,0.0668090093562143,-0.5782781049166962,0.5645205994163496,0.3344055666260455,0.9756160007853789,1.0
100019345|F|0-24:G>A-24:G>A,,,0.12105263157894737,-0.03982847306794369,0.06898120620757217,-0.577381510959599,0.5651233766876445,0.3333694091979895,0.9756160007853789,1.0
100021866|F|0-51:G>C-51:G>C,,,0.23684210526315788,0.03222577027189288,0.05581969483880908,0.5773189976217437,0.5651654159356956,0.3332972250149749,0.9756160007853789,1.0
100040746|F|0-42:G>A-42:G>A,Vu07 (old2),31266697.0,0.4368421052631579,0.028236875559048275,0.048932273507630276,0.5770603639466118,0.5653393593037318,0.332998663638196,0.9756160007853789,1.0
100021768|F|0-13:C>T-13:C>T,,,0.3157894736842105,-0.03421604198909098,0.059489896945371136,-0.5751571904807831,0.5666201372246462,0.3308057937617478,0.9756160007853789,1.0
100020579|F|0-68:T>C-68:T>C,Vu03 (old3),51968724.0,0.39473684210526316,-0.03363723786327402,0.05850175765427905,-0.5749782435949369,0.5667406357720083,0.33059998060751855,0.9756160007853789,1.0
100034020|F|0-16:G>A-16:G>A,,,0.35789473684210527,0.032722909225676514,0.05692255411196651,0.5748671987084528,0.5668154170198084,0.3304722961509038,0.9756160007853789,1.0
100034716|F|0-53:A>G-53:A>G,,,0.3263157894736842,-0.03513778178424078,0.06119999523965435,-0.5741468058395103,0.5673006698454025,0.3296445546557123,0.9756160007853789,1.0
100030709|F|0-39:T>A-39:T>A,,,0.3263157894736842,0.029960069385814872,0.05242468149127957,0.5714878666606394,0.5690934666901004,0.3265983817403288,0.9756160007853789,1.0
100017454|F|0-9:A>G-9:A>G,,,0.4052631578947369,0.029972015801548024,0.05255159614410133,0.5703350231144643,0.5698716286323745,0.3252820385909765,0.9756160007853789,1.0
100013326|F|0-33:T>A-33:T>A,,,0.20526315789473684,0.035927112891165396,0.06315895166940852,0.5688364347656983,0.570883936772046,0.32357488951695057,0.9756160007853789,1.0
100033601|F|0-15:C>A-15:C>A,,,0.49473684210526314,0.035493735899340816,0.06245709440673354,0.5682898994339739,0.5712533421872075,0.32295340979867615,0.9756160007853789,1.0
100033311|F|0-46:C>T-46:C>T,,,0.4736842105263158,-0.0325749803631757,0.057627484504478105,-0.5652681293184743,0.5732978533582724,0.31952805802320733,0.9756160007853789,1.0
100033672|F|0-41:T>A-41:T>A,Vu02 (old7),6408415.0,0.12105263157894737,-0.044604119619147856,0.07895078706891381,-0.5649610507392945,0.573505818177181,0.31918098885244767,0.9756160007853789,1.0
100013293|F|0-29:C>A-29:C>A,,,0.4421052631578948,-0.03280980537261398,0.05816852105963811,-0.5640474396619996,0.5741247638625014,0.318149514189257,0.9756160007853789,1.0
100035862|F|0-6:T>G-6:T>G,Vu10 (old10),39567399.0,0.38421052631578945,-0.032605793610228806,0.05794644872015411,-0.5626883843683819,0.5750460800524737,0.31661821790309985,0.9756160007853789,1.0
100015991|F|0-42:T>C-42:T>C,,,0.30526315789473685,-0.03165054818167738,0.05657558824921501,-0.5594382517466185,0.5772522528168526,0.31297115751731297,0.9756160007853789,1.0
100013122|F|0-67:G>A-67:G>A,,,0.15789473684210525,-0.04339144432893149,0.07761276492778323,-0.5590761309599801,0.5774983092606062,0.31256612020918084,0.9756160007853789,1.0
100014176|F|0-46:T>C-46:T>C,,,0.14210526315789473,0.04261815409345166,0.07631410686037342,0.558457090658574,0.5779190554740672,0.3118743221068387,0.9756160007853789,1.0
100016501|F|0-17:C>T-17:C>T,,,0.39473684210526316,-0.03318061375234544,0.05942113504551576,-0.5583975083432781,0.5779595598191931,0.3118077773239813,0.9756160007853789,1.0
100044506|F|0-28:G>A-28:G>A,,,0.05263157894736842,0.04870682225824114,0.08732163287965708,0.5577864344951816,0.5783750491272287,0.3111257065068475,0.9756160007853789,1.0
100038915|F|0-9:A>C-9:A>C,,,0.12105263157894737,-0.044189732541687794,0.07931108425019401,-0.5571696939899002,0.5787945360976057,0.3104380679007991,0.9756160007853789,1.0
100043366|F|0-29:G>T-29:G>T,,,0.12105263157894737,-0.044189732541687794,0.07931108425019401,-0.5571696939899002,0.5787945360976057,0.3104380679007991,0.9756160007853789,1.0
100016880|F|0-51:C>A-51:C>A,,,0.06315789473684211,-0.05753953171239821,0.10345134336164416,-0.5561989805318631,0.5794550782632167,0.30935730594468386,0.9756160007853789,1.0
100051141|F|0-11:G>A-11:G>A,,,0.3473684210526316,-0.04645654153772787,0.08369110321664826,-0.5550953417051683,0.5802065088998904,0.30813083838277755,0.9756160007853789,1.0
100019055|F|0-38:T>A-38:T>A,,,0.20526315789473684,0.03535519619322975,0.06378130478605072,0.5543191114046024,0.5807352960466975,0.30726967726838805,0.9756160007853789,1.0
100015387|F|0-29:C>T-29:C>T,,,0.06914893617021277,-0.05219878373707259,0.09437389930328442,-0.5531061461106329,0.5815620568702602,0.3059264088653568,0.9756160007853789,1.0
100019182|F|0-32:C>T-32:C>T,,,0.09473684210526316,-0.046931757332276836,0.08509230524627465,-0.5515393806343202,0.5826307963895958,0.3041956883904895,0.9756160007853789,1.0
100020208|F|0-26:C>G-26:C>G,,,0.10526315789473684,0.0456716887479269,0.08285109546428684,0.5512502700415566,0.5828281095351969,0.30387686022088906,0.9756160007853789,1.0
100034977|F|0-7:A>C-7:A>C,,,0.3894736842105263,0.031077043612276336,0.0565636724970576,0.5494170063638096,0.584080018480605,0.30185904688177045,0.9756160007853789,1.0
100035266|F|0-39:C>T-39:C>T,,,0.06315789473684211,-0.056864029069721746,0.10355004950531298,-0.5491453586104191,0.5842656309774715,0.3015606248833658,0.9756160007853789,1.0
100016920|F|0-66:T>A-66:T>A,,,0.28421052631578947,-0.030331222917769317,0.05538466045737719,-0.5476466347773596,0.5852901860433097,0.29991683658296675,0.9756160007853789,1.0
100034493|F|0-32:C>T-32:C>T,,,0.14736842105263157,0.04062449181851542,0.07421214292516905,0.5474103053388265,0.5854518226011559,0.2996580423911473,0.9756160007853789,1.0
100017564|F|0-8:A>T-8:A>T,Vu07 (old2),38265563.0,0.07894736842105263,-0.04958855366320035,0.09076726195244963,-0.5463264242693403,0.5861934085204048,0.2984725618549232,0.9756160007853789,1.0
100021359|F|0-55:A>T-55:A>T,,,0.12105263157894737,0.040514237698972125,0.0742131413148175,0.5459172995670376,0.5864734446779208,0.2980256979665667,0.9756160007853789,1.0
100029921|F|0-17:C>T-17:C>T,,,0.15263157894736842,-0.039458429277608134,0.07228698106958008,-0.5458580327158398,0.586514016660427,0.2979609918804068,0.9756160007853789,1.0
100020403|F|0-39:T>G-39:T>G,,,0.16842105263157894,0.034981025816518276,0.06417035981743394,0.5451274687572276,0.5870142434317295,0.2971639571936622,0.9756160007853789,1.0
100029346|F|0-46:T>A-46:T>A,,,0.20430107526881713,0.03220513881081878,0.05928316448086189,0.543242573044754,0.5883057833130841,0.29511249316828486,0.9756160007853789,1.0
100017336|F|0-39:A>G-39:A>G,Vu07 (old2),40087974.0,0.28421052631578947,0.03310410679303171,0.061067028804084295,0.5420946039349083,0.5890930310250706,0.2938665596153451,0.9756160007853789,1.0
100044261|F|0-5:T>A-5:T>A,Vu09 (old8),3387810.0,0.4105263157894737,0.027305977437582847,0.050409172179883735,0.5416866863066552,0.5893728894197924,0.29342446612188466,0.9756160007853789,1.0
100030808|F|0-36:G>C-36:G>C,,,0.15263157894736842,-0.037273583710564544,0.06882832275501773,-0.5415442686760403,0.5894706119877761,0.29327019493586737,0.9756160007853789,1.0
100021345|F|0-28:C>T-28:C>T,,,0.48947368421052634,0.03360908921476969,0.062091463978263865,0.541283568809637,0.5896495158415325,0.29298790186329704,0.9756160007853789,1.0
100017843|F|0-41:T>C-41:T>C,,,0.4421052631578947,-0.027095897825170266,0.050070865831191774,-0.5411509742316221,0.58974051790607,0.2928443769118337,0.9756160007853789,1.0
100038566|F|0-46:T>A-46:T>A,,,0.17894736842105263,-0.03915746348565597,0.07246334399733358,-0.5403761588355188,0.5902724193223873,0.2920063930378299,0.9756160007853789,1.0
100020171|F|0-10:G>A-10:G>A,,,0.08421052631578947,-0.04682281000161694,0.08674859986809137,-0.5397529190420941,0.5907004288433029,0.2913332136144614,0.9756160007853789,1.0
100033136|F|0-68:A>G-68:A>G,,,0.15263157894736842,-0.03659809872977546,0.06808463955098965,-0.5375382607756419,0.5922225173348625,0.288947381797702,0.9756160007853789,1.0
100058913|F|0-33:A>C-33:A>C,,,0.12631578947368421,0.045532434979283,0.0848163619696844,0.5368355105298844,0.5927058851158478,0.28819236536588166,0.9756160007853789,1.0
100058916|F|0-28:C>T-28:C>T,,,0.12631578947368421,0.045532434979283,0.0848163619696844,0.5368355105298844,0.5927058851158478,0.28819236536588166,0.9756160007853789,1.0
100021291|F|0-61:A>G-61:A>G,,,0.20526315789473684,-0.029741010198350595,0.05555179972426509,-0.5353743775354174,0.5937114742409209,0.2866257241214356,0.9756160007853789,1.0
100040372|F|0-42:A>T-42:A>T,,,0.23404255319148937,-0.0328328650951703,0.06136891443358576,-0.5350080802016215,0.593963693844529,0.2862336458810247,0.9756160007853789,1.0
100033389|F|0-27:G>C-27:G>C,,,0.15789473684210525,0.03406603228895289,0.06381998143490904,0.5337831745328436,0.5948074830286673,0.2849244774143602,0.9756160007853789,1.0
100016695|F|0-37:G>A-37:G>A,,,0.20526315789473684,-0.031227471191641515,0.05858492809389639,-0.5330290948141475,0.5953272154780855,0.2841200159183895,0.9756160007853789,1.0
100017423|F|0-27:G>C-27:G>C,,,0.08947368421052632,0.04862917970915278,0.09152259878743559,0.5313352150554175,0.5964954514738506,0.2823171107579867,0.9756160007853789,1.0
100021616|F|0-67:G>T-67:G>T,,,0.15263157894736842,-0.03735568236742864,0.07032803514609845,-0.5311634583537913,0.5966139679833232,0.2821346194903598,0.9756160007853789,1.0
100034940|F|0-27:A>C-27:A>C,,,0.3,0.03184273103990908,0.059960661482846324,0.5310603694560427,0.5966851071889083,0.2820251160067886,0.9756160007853789,1.0
100035052|F|0-17:C>T-17:C>T,,,0.08522727272727272,0.05043017792581146,0.09501463228937614,0.5307622279926479,0.5968908696404928,0.2817085426637196,0.9756160007853789,1.0
100034001|F|0-23:A>G-23:A>G,Vu10 (old10),40225556.0,0.4842105263157894,-0.034282400030728036,0.06466778036412855,-0.5301310766767032,0.5973265672474006,0.2810389584584006,0.9756160007853789,1.0
100013428|F|0-14:G>T-14:G>T,,,0.4,0.025358505250259903,0.04789326560262591,0.5294795610861318,0.5977764769151243,0.28034860560796276,0.9756160007853789,1.0
100035576|F|0-54:C>T-54:C>T,,,0.11052631578947368,-0.049189573502035476,0.09306959420318603,-0.5285246371080834,0.5984361905364608,0.27933829203023125,0.9756160007853789,1.0
100052713|F|0-20:C>T-20:C>T,,,0.17894736842105263,0.032497868695559574,0.06149941732437368,0.5284256357121597,0.5985046053194482,0.27923365247780013,0.9756160007853789,1.0
100017840|F|0-30:G>A-30:G>A,,,0.07894736842105263,0.04492567412693492,0.08521770029938154,0.5271871215616571,0.5993607835986516,0.2779262611404655,0.9756160007853789,1.0
100033535|F|0-8:A>G-8:A>G,,,0.12105263157894737,0.039254872029000465,0.0745238575297347,0.5267423524518701,0.5996683877403517,0.2774575058665301,0.9756160007853789,1.0
100058466|F|0-35:C>T-35:C>T,,,0.324468085106383,-0.02490673349315166,0.0473322879526799,-0.5262102165450353,0.6000365105720595,0.27689719199637297,0.9756160007853789,1.0
100028939|F|0-16:C>T-16:C>T,,,0.3473684210526316,-0.028962330644323308,0.055230320291757895,-0.5243918646737488,0.6012952001704605,0.27498682773601124,0.9756160007853789,1.0
100013356|F|0-7:G>A-7:G>A,,,0.3368421052631579,0.026917006144601425,0.051365396592851637,0.5240299487602396,0.601545868155865,0.2746073871976593,0.9756160007853789,1.0
100028644|F|0-13:T>C-13:T>C,,,0.4,0.028378339591670538,0.05417103211561069,0.5238655879974019,0.6016597225282178,0.27443515428786364,0.9756160007853789,1.0
100014980|F|0-61:T>A-61:T>A,,,0.1736842105263158,0.033636144619253856,0.06440110352499002,0.5222914325715208,0.6027506562504377,0.2727883405376114,0.9756160007853789,1.0
100041635|F|0-30:A>G-30:A>G,,,0.1368421052631579,0.045170948737822875,0.0865324669573818,0.5220115677514438,0.6029447051541649,0.27249607686632016,0.9756160007853789,1.0
100017910|F|0-52:G>A-52:G>A,,,0.2736842105263158,-0.02852159783120008,0.054665208722494675,-0.5217504606264034,0.6031257738704826,0.2722235431638641,0.9756160007853789,1.0
100059435|F|0-20:G>A-20:G>A,,,0.32105263157894737,0.031121354066703234,0.05969060832507623,0.5213777332811843,0.6033842904144213,0.2718347407614258,0.9756160007853789,1.0
100028940|F|0-16:C>T-16:C>T,,,0.3368421052631579,-0.02787817716939225,0.053491487963847444,-0.5211703437420527,0.6035281537569084,0.2716185271962094,0.9756160007853789,1.0
100020485|F|0-47:G>T-47:G>T,,,0.4526315789473684,0.026659438864096895,0.051164195226845316,0.5210565463972933,0.6036071001100414,0.2714999245434746,0.9756160007853789,1.0
100039148|F|0-38:G>A-38:G>A,,,0.4052631578947368,-0.03110207466489452,0.05970019940680076,-0.520971034836301,0.603666426443974,0.27141081913840637,0.9756160007853789,1.0
100038653|F|0-19:G>C-19:G>C,Vu03 (old3),39667683.0,0.12105263157894737,-0.04135218990027411,0.0796417173550191,-0.5192277524094356,0.6048764638099541,0.2695974588721542,0.9756160007853789,1.0
100020369|F|0-25:G>C-25:G>C,,,0.49473684210526314,-0.02778745922599356,0.053728145369519094,-0.5171862723882121,0.6062948884516006,0.26748164034681393,0.9756160007853789,1.0
100029970|F|0-30:G>A-30:G>A,,,0.21578947368421053,-0.04507777323173183,0.08720922490567384,-0.5168922585940684,0.6064992944015078,0.2671776069944773,0.9756160007853789,1.0
100033683|F|0-28:G>C-28:G>C,,,0.2,0.04462959965357304,0.08647349665863348,0.5161072626651699,0.6070451971594731,0.2663667065757347,0.9756160007853789,1.0
100018591|F|0-14:C>T-14:C>T,,,0.4789473684210526,0.028702741948412193,0.05562263755376109,0.5160262657568163,0.607101536817833,0.26628310695092444,0.9756160007853789,1.0
100047410|F|0-24:C>T-24:C>T,,,0.11702127659574468,-0.03552667283840499,0.06904385062545924,-0.514552310112682,0.608127202180221,0.26476407984229766,0.9756160007853789,1.0
100017806|F|0-40:A>G-40:A>G,Vu10 (old10),40484034.0,0.4105263157894737,-0.027902066794221074,0.05433476262901167,-0.5135214629487119,0.6088449928033607,0.26370429290898534,0.9756160007853789,1.0
100014294|F|0-58:C>T-58:C>T,,,0.06315789473684211,-0.05112565938679312,0.09966200042094647,-0.5129904995971541,0.6092148581784478,0.2631592526769378,0.9756160007853789,1.0
100019357|F|0-62:A>C-62:A>C,Vu11 (old9),27999283.0,0.3526315789473684,0.030784982697584812,0.06006163868408218,0.5125564898338945,0.6095172618129735,0.26271415527084313,0.9756160007853789,1.0
100017600|F|0-44:G>A-44:G>A,Vu08 (old5),34751666.0,0.0736842105263158,0.04524700071586463,0.08850810252646622,0.5112187407060794,0.6104497876710426,0.26134460084910965,0.9756160007853789,1.0
100015855|F|0-33:A>T-33:A>T,,,0.3526315789473684,0.02779232990183907,0.05437921180126101,0.5110837208051365,0.6105439438750871,0.26120656967202277,0.9756160007853789,1.0
100014497|F|0-28:A>G-28:A>G,Vu02 (old7),28608269.0,0.3631578947368421,-0.027095172393619707,0.053046762742133796,-0.5107789993770656,0.610756465607943,0.2608951862046364,0.9756160007853789,1.0
100033258|F|0-23:G>A-23:G>A,,,0.06315789473684211,-0.05192020414306976,0.10267410334814955,-0.5056796451099029,0.6143178436640189,0.2557119034784774,0.9782439688726962,1.0
100040510|F|0-32:T>C-32:T>C,,,0.42105263157894735,0.029920496096524783,0.05949138914823397,0.5029382659391638,0.6162362531901209,0.25294689934589304,0.9782439688726962,1.0
100029094|F|0-17:C>T-17:C>T,,,0.2925531914893617,-0.027112731650638437,0.05394674082358346,-0.5025833115535644,0.6164848446566954,0.2525899850521472,0.9782439688726962,1.0
100018738|F|0-46:T>C-46:T>C,,,0.4052631578947368,0.025394156308435938,0.05073507182557529,0.5005246941551559,0.6179274735133061,0.25052496945911235,0.9782439688726962,1.0
100021071|F|0-60:A>G-60:A>G,Vu07 (old2),39201975.0,0.33157894736842103,-0.03072978849905412,0.06157470784533605,-0.4990651125173261,0.6189512215227092,0.24906598653193138,0.9782439688726962,1.0
100019784|F|0-32:C>G-32:C>G,,,0.1736842105263158,0.03234589690756063,0.06485068318500922,0.4987749599380883,0.6191548237156337,0.24877646066124157,0.9782439688726962,1.0
100016636|F|0-57:G>T-57:G>T,,,0.12105263157894737,-0.034574771578046226,0.06942194484180642,-0.4980380722094815,0.6196720367619664,0.2480419213701367,0.9782439688726962,1.0
100013529|F|0-11:C>G-11:C>G,,,0.4,0.02572736834120277,0.05169313824173321,0.49769406958605583,0.6199135538145351,0.24769938690112978,0.9782439688726962,1.0
100015799|F|0-68:C>T-68:C>T,,,0.21052631578947367,0.03653417490330913,0.07347528319707743,0.4972308144130069,0.6202388614721022,0.24723848280182215,0.9782439688726962,1.0
100015367|F|0-46:A>T-46:A>T,,,0.4368421052631579,-0.025119057500248867,0.05077705738505432,-0.4946930522138211,0.6220222716411709,0.24472121590862633,0.9782439688726962,1.0
100021653|F|0-36:G>A-36:G>A,,,0.07368421052631578,0.05180312733689652,0.10472232350767582,0.49467129454112535,0.622037571606266,0.2446996896429928,0.9782439688726962,1.0
100040251|F|0-68:A>C-68:A>C,,,0.28421052631578947,0.028819291606750685,0.05832951266908321,0.4940773596078057,0.622455289938732,0.24411243727702095,0.9782439688726962,1.0
100029213|F|0-12:G>A-12:G>A,,,0.4789473684210527,0.02442039469822604,0.04949694327945119,0.4933717736942403,0.6229516937965862,0.24341570707820065,0.9782439688726962,1.0
100013667|F|0-32:C>A-32:C>A,,,0.17894736842105263,-0.03269453509701473,0.06657979169556147,-0.491057936115386,0.6245807796833307,0.24113789662190252,0.9782439688726962,1.0
100015393|F|0-56:G>A-56:G>A,,,0.07368421052631578,0.04730140179956445,0.09633420444997585,0.4910135716554029,0.6246120332977181,0.24109432754979546,0.9782439688726962,1.0
100020434|F|0-43:G>A-43:G>A,,,0.1,-0.039933555589235406,0.08154307545905941,-0.489723442051005,0.6255211963143174,0.23982904969428404,0.9782439688726962,1.0
100014947|F|0-16:G>C-16:G>C,,,0.12105263157894737,0.03284623968714476,0.06707514728939439,0.4896931429077645,0.625542555292967,0.23979937421088426,0.9782439688726962,1.0
100022245|F|0-8:T>C-8:T>C,,,0.37894736842105264,-0.025019892424145054,0.05110687973612136,-0.48956016398045676,0.6256363008008041,0.23966915415657172,0.9782439688726962,1.0
100020264|F|0-33:T>A-33:T>A,,,0.2578947368421053,0.028126214029157336,0.05771202359757853,0.48735449349825694,0.6271921182929423,0.23751440233294255,0.9782439688726962,1.0
100021948|F|0-23:C>G-23:C>G,,,0.49473684210526314,-0.027883275566170304,0.057300654296229124,-0.4866135632940803,0.6277151283972001,0.23679275998176189,0.9782439688726962,1.0
100016486|F|0-61:G>C-61:G>C,,,0.11578947368421053,-0.05319012418900639,0.10962778512996048,-0.48518835006974814,0.6287216969257883,0.23540773504340448,0.9782439688726962,1.0
100028792|F|0-46:G>T-46:G>T,,,0.14736842105263157,0.03143101016869331,0.06492162919057018,0.48413772976077196,0.6294641558239422,0.23438934137791426,0.9782439688726962,1.0
100035288|F|0-19:C>G-19:C>G,,,0.46842105263157896,0.02756627151852383,0.05699302498792516,0.4836779855844494,0.6297891705606304,0.23394439373903086,0.9782439688726962,1.0
100021973|F|0-54:T>C-54:T>C,,,0.16842105263157894,-0.03222204824487759,0.06678021387724584,-0.48250891056005846,0.6306159728036413,0.2328148487698545,0.9782439688726962,1.0
100016887|F|0-60:G>T-60:G>T,,,0.06842105263157895,-0.04822440619186763,0.10025860992111599,-0.481000147815842,0.6316837068968542,0.23136114219886184,0.9782439688726962,1.0
100019698|F|0-15:C>A-15:C>A,Vu07 (old2),37885937.0,0.2578947368421053,0.027268360003681547,0.057207133600061764,0.47666013463139334,0.6347594366271035,0.22720488394681804,0.9782439688726962,1.0
100046610|F|0-39:T>C-39:T>C,,,0.2789473684210526,0.035294878397954664,0.07405699160063675,0.47659076658538196,0.6348086494384308,0.22713875879444204,0.9782439688726962,1.0
100015226|F|0-25:T>A-25:T>A,,,0.23684210526315788,0.032924475308681554,0.06912620872129469,0.47629511176328987,0.6350184186640114,0.2268570334896048,0.9782439688726962,1.0
100020644|F|0-30:T>A-30:T>A,Vu08 (old5),17202857.0,0.17894736842105263,-0.040287860304595274,0.08485101229128857,-0.47480706731334454,0.6360746489811149,0.2254417511706989,0.9782439688726962,1.0
100014670|F|0-19:A>G-19:A>G,Vu11 (old9),34116227.0,0.07368421052631578,0.0461031644604151,0.09722040089889449,0.47421286102657234,0.6364966336022697,0.22487783756300722,0.9782439688726962,1.0
100060051|F|0-42:G>A-42:G>A,,,0.2789473684210526,-0.027710332512106924,0.0585730839748427,-0.4730898670797083,0.6372944722696847,0.22381402233349607,0.9782439688726962,1.0
100035819|F|0-44:C>T-44:C>T,,,0.1368421052631579,0.029659777892372997,0.06303677433564998,0.47051547616387357,0.6391250783153122,0.22138481330971668,0.9782439688726962,1.0
100052903|F|0-58:C>A-58:C>A,,,0.07894736842105263,0.0435692285661925,0.09274105524556693,0.46979440174393666,0.6396382238016043,0.22070677990994336,0.9782439688726962,1.0
100052450|F|0-8:A>G-8:A>G,,,0.08064516129032258,0.04434648344744486,0.09476947334201315,0.4679405918760678,0.640958273730121,0.21896839752532465,0.9782439688726962,1.0
100044760|F|0-9:A>T-9:A>T,Vu07 (old2),52829.0,0.3263157894736842,-0.028542614780592373,0.0610311199812365,-0.46767312789553195,0.6411488233627514,0.21871815455559057,0.9782439688726962,1.0
100013199|F|0-52:T>C-52:T>C,,,0.1,-0.03642571047708368,0.0779901973237427,-0.46705498546026286,0.6415892991751388,0.21814035944328636,0.9782439688726962,1.0
100034394|F|0-57:A>G-57:A>G,,,0.13043478260869565,-0.03721305828682041,0.07999965156680512,-0.46516525457295255,0.6429366782584743,0.21637871406191975,0.9782439688726962,1.0
100033340|F|0-7:A>T-7:A>T,,,0.28421052631578947,0.0275193464290126,0.05917015595949261,0.4650882861936702,0.6429915821093849,0.21630711395456528,0.9782439688726962,1.0
100029568|F|0-9:T>G-9:T>G,,,0.47368421052631576,0.026365375824171693,0.056771805398645785,0.46440967728675764,0.643475739939334,0.21567634835759036,0.9782439688726962,1.0
100045252|F|0-36:A>T-36:A>T,,,0.28421052631578947,-0.026369103851556712,0.056789218884992984,-0.46433292039036944,0.6435305123276901,0.21560506095824916,0.9782439688726962,1.0
100034022|F|0-63:A>C-63:A>C,,,0.1802325581395349,-0.03116824749259308,0.06715413072289328,-0.4641300119155235,0.6436753137742017,0.215416667960704,0.9782439688726962,1.0
100019370|F|0-59:C>T-59:C>T,,,0.3263157894736842,0.028087434852283856,0.060613860842759874,0.46338303585620894,0.6442084963242157,0.21472383791931662,0.9782439688726962,1.0
100021389|F|0-57:T>C-57:T>C,,,0.2736842105263158,-0.02407532880943948,0.05196460247055571,-0.46330247254525025,0.6442660125768433,0.21464918106654238,0.9782439688726962,1.0
100015285|F|0-54:T>C-54:T>C,,,0.1631578947368421,0.029744745253500817,0.06443242682479573,0.4616424790949214,0.6454516068548132,0.21311377850490493,0.9782439688726962,1.0
100047059|F|0-34:G>T-34:G>T,,,0.34042553191489366,-0.0266266856022384,0.057776782543911165,-0.46085441988746506,0.6460147726359055,0.21238679632981194,0.9782439688726962,1.0
100039160|F|0-18:T>A-18:T>A,,,0.07894736842105263,-0.04116686554565791,0.0893350617260624,-0.46081420609404455,0.6460435159014905,0.21234973253808456,0.9782439688726962,1.0
100029240|F|0-46:A>G-46:A>G,Vu11 (old9),8096401.0,0.2631578947368421,0.026487319546694497,0.05749904847622874,0.4606566586514016,0.6461561299010944,0.21220455715987394,0.9782439688726962,1.0
100014492|F|0-26:T>A-26:T>A,,,0.4782608695652174,0.02169007957730136,0.047098588127439535,0.4605250484072317,0.6462502104619351,0.2120833202104831,0.9782439688726962,1.0
100058965|F|0-54:C>G-54:C>G,,,0.46842105263157896,-0.02879320590504136,0.06289786282330767,-0.45777717417723834,0.6482158188839333,0.2095599411976976,0.9782439688726962,1.0
100013521|F|0-57:C>G-57:C>G,Vu02 (old7),20518913.0,0.07894736842105263,-0.03780298428984007,0.08264878356304654,-0.45739311167239405,0.6484907454013156,0.20920845860535514,0.9782439688726962,1.0
100043216|F|0-10:A>G-10:A>G,,,0.08947368421052632,-0.04029398716814289,0.08856609779777494,-0.4549594954510371,0.6502339514507485,0.20698814250106223,0.9782439688726962,1.0
100029358|F|0-25:G>A-25:G>A,,,0.32105263157894737,-0.027305723743202264,0.06014956325489264,-0.45396379068440174,0.650947739595372,0.20608312325255132,0.9782439688726962,1.0
100035765|F|0-28:G>A-28:G>A,,,0.15789473684210525,-0.033061351617072327,0.0729469254184787,-0.4532247442562853,0.6514777483079793,0.2054126688061752,0.9782439688726962,1.0
100058467|F|0-48:T>C-48:T>C,,,0.0888888888888889,0.032571947886669415,0.07186967974386056,0.4532084740429341,0.6514894185419318,0.20539792094432485,0.9782439688726962,1.0
100018408|F|0-53:G>A-53:G>A,,,0.2578947368421053,0.026669207322931068,0.05890135649762538,0.45277747251892647,0.6517985972034018,0.20500743962062723,0.9782439688726962,1.0
100033391|F|0-52:T>C-52:T>C,,,0.43157894736842106,0.021305640501709428,0.047279487026772454,0.4506318033790195,0.6533386965146873,0.20306902221662726,0.9782439688726962,1.0
100041008|F|0-24:G>A-24:G>A,,,0.17021276595744683,0.02629188655108698,0.05854911606165237,0.4490569340688518,0.6544700489651657,0.2016521300353171,0.9782439688726962,1.0
100019924|F|0-12:A>T-12:A>T,,,0.08947368421052632,-0.04077749802528346,0.09094333358537032,-0.4483835858843332,0.6549540144640312,0.2010478400904932,0.9782439688726962,1.0
100035171|F|0-38:C>T-38:C>T,,,0.25263157894736843,-0.025448364048336617,0.05676884537241199,-0.4482804587867095,0.655028149551832,0.2009553697300228,0.9782439688726962,1.0
100013491|F|0-20:G>A-20:G>A,,,0.06315789473684211,-0.039460627703407004,0.08803681273988641,-0.4482287179114195,0.6550653458732345,0.20090898356051487,0.9782439688726962,1.0
100015889|F|0-55:C>G-55:C>G,Vu04 (old11),34569598.0,0.46842105263157896,-0.02349241504755194,0.052564443131784495,-0.44692597596162154,0.6560021687846403,0.19974282798924792,0.9782439688726962,1.0
100034782|F|0-41:G>A-41:G>A,,,0.06818181818181818,-0.04295058157026548,0.09694918772054738,-0.4430215722288362,0.658813180913397,0.19626811346010994,0.9782439688726962,1.0
100016417|F|0-54:G>T-54:G>T,,,0.28421052631578947,-0.02587196473557034,0.058464712002038094,-0.4425227432005213,0.6591726719975569,0.19582637824971455,0.9782439688726962,1.0
100020014|F|0-36:G>C-36:G>C,,,0.3894736842105263,-0.023374820075396128,0.052890748988029465,-0.4419453405866203,0.6595888886817676,0.19531568406622385,0.9782439688726962,1.0
100029259|F|0-42:A>G-42:A>G,,,0.11578947368421053,-0.036227991392477836,0.08228241190785808,-0.4402883988506177,0.6607838783402215,0.19385387416244063,0.9782439688726962,1.0
100021963|F|0-68:T>G-68:T>G,,,0.3368421052631579,-0.027307812038684955,0.06204221740261359,-0.4401488725245753,0.6608845452060548,0.19373102998465483,0.9782439688726962,1.0
100017587|F|0-60:T>A-60:T>A,,,0.12631578947368421,-0.04610617508429362,0.10476200151532643,-0.4401039920714802,0.6609169273355624,0.19369152383725352,0.9782439688726962,1.0
100014882|F|0-19:A>G-19:A>G,,,0.3684210526315789,0.024516757371847362,0.055732690568754926,0.43989904527580875,0.6610648086803174,0.19351117003456805,0.9782439688726962,1.0
100034752|F|0-27:G>T-27:G>T,,,0.17894736842105263,-0.030460678262867448,0.06941022027581523,-0.4388500445874674,0.6618219358135256,0.19258936163442214,0.9782439688726962,1.0
100016817|F|0-58:C>T-58:C>T,,,0.4842105263157895,0.02098336712824418,0.04784182137430826,0.43859883519218495,0.6620033010304845,0.19236893823194143,0.9782439688726962,1.0
100021961|F|0-53:A>T-53:A>T,,,0.2631578947368421,-0.025057967076590717,0.05728635470026164,-0.4374159816539395,0.6628575546084602,0.19133274100627956,0.9782439688726962,1.0
100018025|F|0-39:C>T-39:C>T,,,0.24736842105263157,-0.027921312628702222,0.06385242539763115,-0.43727881055146367,0.6629566480844521,0.19121275815730285,0.9782439688726962,1.0
100030094|F|0-15:T>A-15:T>A,Vu03 (old3),33492365.0,0.3631578947368421,0.0294730142814947,0.06744523927662029,0.4369917669149918,0.6631640300539553,0.19096180435148652,0.9782439688726962,1.0
100014614|F|0-54:G>A-54:G>A,,,0.14210526315789473,-0.03269172543364969,0.075138252354453,-0.43508764722702853,0.6645403736217526,0.18930126076955123,0.9782439688726962,1.0
100033913|F|0-64:C>T-64:C>T,,,0.08421052631578947,-0.03831028963790312,0.08822903034455698,-0.4342141071741536,0.6651721747858985,0.18854189086904735,0.9782439688726962,1.0
100021941|F|0-59:G>A-59:G>A,,,0.2736842105263158,-0.026446161032474744,0.06097004524740145,-0.43375662466974935,0.6655031525032854,0.1881448094448938,0.9782439688726962,1.0
100016982|F|0-43:C>A-43:C>A,,,0.12105263157894737,-0.034259227757578524,0.07933559126078966,-0.4318267150107016,0.6669001251199245,0.1864743117969337,0.9782439688726962,1.0
100040451|F|0-37:G>A-37:G>A,,,0.3894736842105263,-0.024278519635790162,0.05632491139225964,-0.4310440804195672,0.6674669733797728,0.18579899926475033,0.9782439688726962,1.0
100041373|F|0-34:A>C-34:A>C,,,0.08421052631578947,-0.03980951425681986,0.09237733958908748,-0.4309445848289244,0.6675390500919414,0.18571323519337402,0.9782439688726962,1.0
100043241|F|0-28:A>C-28:A>C,,,0.5,-0.03057436427247389,0.07104463550575553,-0.4303542984606765,0.6679667301450098,0.18520482220358103,0.9782439688726962,1.0
100015067|F|0-38:T>A-38:T>A,,,0.25,-0.023945682161354787,0.0557619459639173,-0.4294269460547462,0.6686388459590884,0.1844075019979059,0.9782439688726962,1.0
100014028|F|0-53:G>A-53:G>A,,,0.1368421052631579,-0.03584292590029302,0.0837350062895959,-0.4280518684901145,0.6696359559695501,0.18322840211787828,0.9782439688726962,1.0
100018958|F|0-51:A>G-51:A>G,,,0.06315789473684211,-0.04406365108360224,0.10320018110396162,-0.42697261392606933,0.6704189708604882,0.18230561304286025,0.9782439688726962,1.0
100028947|F|0-38:C>A-38:C>A,,,0.06842105263157895,-0.050079715386426624,0.11734516710144194,-0.4267727135548239,0.6705640414846105,0.18213494903494776,0.9782439688726962,1.0
100035003|F|0-39:A>G-39:A>G,,,0.22105263157894736,-0.025338997278102505,0.05950582051109776,-0.42582384480148144,0.6712528196784814,0.18132594680151615,0.9782439688726962,1.0
100018124|F|0-61:T>A-61:T>A,,,0.4842105263157895,-0.0220195876197543,0.051776523659825616,-0.4252813063392225,0.6716467713750726,0.1808641895215956,0.9782439688726962,1.0
100012992|F|0-18:G>T-18:G>T,,,0.26842105263157895,0.02452270726984105,0.057752636031352486,0.424616241872116,0.6721298176210644,0.1802989528615993,0.9782439688726962,1.0
100018629|F|0-63:G>A-63:G>A,,,0.4473684210526316,-0.022723073819063282,0.05354215695414318,-0.424395936056979,0.6722898593857118,0.1801119105416794,0.9782439688726962,1.0
100028946|F|0-30:A>G-30:A>G,,,0.3368421052631579,-0.025914738654766803,0.061077300847741975,-0.42429410427564546,0.6723638404663955,0.1800254869230723,0.9782439688726962,1.0
100029202|F|0-28:C>T-28:C>T,,,0.4421052631578947,0.021816978866812775,0.051594796628365476,0.4228523086147483,0.6734116549923775,0.17880407490082234,0.9782439688726962,1.0
100014335|F|0-15:A>C-15:A>C,,,0.4473684210526316,-0.023162348220260236,0.05494556187471427,-0.4215508483301079,0.6743580355943266,0.17770511772783365,0.9782439688726962,1.0
100040444|F|0-34:C>A-34:C>A,Vu02 (old7),25326701.0,0.11052631578947368,-0.031348755562234154,0.07451314939527066,-0.42071440835144536,0.6749665449313378,0.1770006133945067,0.9782439688726962,1.0
100029185|F|0-30:A>G-30:A>G,,,0.10526315789473684,0.033303328437243,0.07931207182727154,0.4199023890054479,0.6755574950387208,0.1763180162924825,0.9782439688726962,1.0
100015812|F|0-66:A>T-66:A>T,,,0.46842105263157896,-0.02423092846662642,0.05775377619655418,-0.419555742713013,0.6758098301295227,0.17602702124346795,0.9782439688726962,1.0
100035464|F|0-52:G>A-52:G>A,,,0.05789473684210526,-0.042723225647398354,0.10191817392552187,-0.4191914356571866,0.6760750609784326,0.1757214597283332,0.9782439688726962,1.0
100014566|F|0-58:T>A-58:T>A,,,0.06842105263157895,-0.041545919273444074,0.09937445375566713,-0.41807444170302965,0.6768885342117812,0.17478623880529995,0.9782439688726962,1.0
100015338|F|0-49:G>T-49:G>T,,,0.06914893617021277,-0.03623760930700905,0.0866787935809087,-0.41806776271273005,0.6768933994744157,0.17478065421962755,0.9782439688726962,1.0
100014348|F|0-42:C>G-42:C>G,,,0.12105263157894737,0.02963848991387829,0.07090859877063965,0.41798160487907393,0.6769561617601241,0.1747086220172863,0.9782439688726962,1.0
100030017|F|0-30:G>A-30:G>A,,,0.17894736842105263,-0.027628879469269063,0.06636038725990992,-0.4163459649663679,0.6781480875088619,0.17334396254377604,0.9782439688726962,1.0
100020010|F|0-17:T>C-17:T>C,Vu03 (old3),2486590.0,0.07894736842105263,-0.039479645155608846,0.09492990499644702,-0.41588206748006823,0.6784862887899907,0.17295789405149603,0.9782439688726962,1.0
100017924|F|0-5:G>C-5:G>C,Vu04 (old11),2232752.0,0.4473684210526316,0.023276519080762243,0.05626456433648918,0.4136976684215922,0.6800796940543498,0.17114576085746167,0.9782439688726962,1.0
100016238|F|0-41:C>A-41:C>A,,,0.4842105263157895,-0.01984321594949916,0.04799782105859731,-0.4134190992810676,0.6802830003785406,0.17091535165036925,0.9782439688726962,1.0
100017539|F|0-11:A>T-11:A>T,,,0.07368421052631578,-0.042660558473370164,0.10334576110030157,-0.412794467999188,0.6807389568885541,0.17039927281073267,0.9782439688726962,1.0
100039240|F|0-17:G>A-17:G>A,,,0.2925531914893617,-0.022789783671160326,0.05522336331206282,-0.4126837321076784,0.680819802164193,0.17030786274632206,0.9782439688726962,1.0
100020245|F|0-28:G>T-28:G>T,,,0.2736842105263158,0.025264034972119574,0.061427557161841145,0.4112817787228175,0.6818436525099901,0.16915270150940462,0.9782439688726962,1.0
100013767|F|0-67:G>C-67:G>C,,,0.10526315789473684,-0.03560627155222209,0.08666606634591677,-0.41084444066151693,0.6821631637090754,0.1687931544224747,0.9782439688726962,1.0
100041232|F|0-30:T>A-30:T>A,,,0.11052631578947368,-0.03141827049553661,0.07656496956905628,-0.41034784800899726,0.6825260354788725,0.1683853563656151,0.9782439688726962,1.0
100017864|F|0-18:T>C-18:T>C,,,0.18421052631578946,-0.026657265778270243,0.06501261942268613,-0.4100321755220372,0.6827567434927757,0.1681263849633347,0.9782439688726962,1.0
100029079|F|0-11:G>A-11:G>A,,,0.06842105263157895,0.04114181540123817,0.10055216666290646,0.40915891488607103,0.6833951195976082,0.16741101763074712,0.9782439688726962,1.0
100032969|F|0-67:T>C-67:T>C,,,0.06315789473684211,0.039660440888200796,0.0971875894449569,0.40808133131713137,0.6841831783558204,0.16653037296956233,0.9782439688726962,1.0
100015169|F|0-21:A>G-21:A>G,,,0.05319148936170213,0.047729337643813395,0.11720272019101825,0.40723745631520847,0.6848005655742456,0.16584234582608132,0.9782439688726962,1.0
100017158|F|0-22:G>A-22:G>A,Vu02 (old7),30259566.0,0.3,-0.023041544597601236,0.05680965904474235,-0.405592024050947,0.6860049955316919,0.164504889973744,0.9782439688726962,1.0
100032947|F|0-10:A>C-10:A>C,,,0.10869565217391304,-0.028266151389771697,0.06999690732241853,-0.40382000392635414,0.6873029932669507,0.16307059557108067,0.9782439688726962,1.0
100034804|F|0-11:G>A-11:G>A,Vu01 (old4),5843731.0,0.4789473684210526,-0.020873516349903223,0.0519225760068935,-0.40201234135864045,0.6886280651881653,0.16161392260465604,0.9782439688726962,1.0
100021519|F|0-20:C>T-20:C>T,,,0.3894736842105263,0.021683340692076034,0.05400665963496202,0.4014938312911136,0.6890083285139973,0.16119729656481718,0.9782439688726962,1.0
100040506|F|0-18:G>A-18:G>A,,,0.09473684210526316,0.030123947048755047,0.07507292928866866,0.4012624435223935,0.6891780487586385,0.16101154858156203,0.9782439688726962,1.0
100014778|F|0-65:A>G-65:A>G,Vu03 (old3),51500985.0,0.4263157894736842,-0.019949986261600515,0.04987420508880166,-0.4000060998682447,0.6900998396910848,0.16000487993180415,0.9782439688726962,1.0
100055747|F|0-35:G>C-35:G>C,,,0.05263157894736842,-0.03994052555751834,0.09991481347441637,-0.39974578512069475,0.6902908935544707,0.15979669272176067,0.9782439688726962,1.0
100020912|F|0-63:C>T-63:C>T,,,0.3736842105263158,-0.02090813265670578,0.052634088542377916,-0.39723557936928583,0.6921342472277904,0.1577961055168522,0.9782439688726962,1.0
100040329|F|0-26:A>G-26:A>G,,,0.4450549450549451,0.023071726786711957,0.058117629714592126,0.39698327168561603,0.6923196305997537,0.15759571799821565,0.9782439688726962,1.0
100048583|F|0-60:A>G-60:A>G,,,0.3602150537634409,0.019510665917979432,0.04916376181107826,0.3968505500647637,0.6924171554926372,0.15749035908670553,0.9782439688726962,1.0
100015053|F|0-21:C>T-21:C>T,,,0.39361702127659576,0.019796677549063793,0.05016098206568621,0.3946628780740354,0.6940254201077524,0.15575878732968093,0.9782439688726962,1.0
100016173|F|0-32:C>T-32:C>T,,,0.30526315789473685,-0.02954336966939315,0.07489179749654952,-0.39448071293460807,0.6941594019360713,0.15561503287739667,0.9782439688726962,1.0
100016593|F|0-53:A>T-53:A>T,,,0.37894736842105264,0.023149283847996943,0.05897164582384643,0.39254939428256624,0.6955804770791939,0.15409502695160965,0.9782439688726962,1.0
100013547|F|0-56:A>T-56:A>T,,,0.20526315789473684,0.02442747348928209,0.06234102315038714,0.391836262140821,0.6961054789794798,0.1535356563284902,0.9782439688726962,1.0
100034520|F|0-31:G>A-31:G>A,,,0.2736842105263158,0.027063956275825737,0.06909202078466045,0.39170885390913873,0.6961992914507772,0.15343582623081098,0.9782439688726962,1.0
100054129|F|0-61:T>A-61:T>A,,,0.08421052631578947,-0.033358106695603386,0.08522515789070378,-0.39141149774557393,0.6964182573563323,0.15320296056743343,0.9782439688726962,1.0
100034045|F|0-65:A>T-65:A>T,,,0.29473684210526313,0.024646746269492578,0.06312173065908931,0.39046372797675394,0.697116343744595,0.1524619228655045,0.9782439688726962,1.0
100016059|F|0-15:A>T-15:A>T,,,0.08421052631578947,-0.03587281221251105,0.0925922511205737,-0.3874278006892547,0.6993542301954438,0.15010030074691286,0.9782439688726962,1.0
100029330|F|0-22:A>G-22:A>G,,,0.06842105263157895,0.03953704017614471,0.10222183206044762,0.38677686927744526,0.6998344008580675,0.14959634660806198,0.9782439688726962,1.0
100017653|F|0-34:G>A-34:G>A,,,0.08947368421052632,0.03156341386772356,0.08201504135053338,0.3848490880205877,0.7012571768815824,0.14810882055027808,0.9782439688726962,1.0
100014423|F|0-36:C>T-36:C>T,,,0.1736842105263158,0.0313605181634706,0.08151915947755721,0.3847011961906252,0.7013663707688651,0.14799501035049792,0.9782439688726962,1.0
100018909|F|0-13:T>C-13:T>C,,,0.05263157894736842,-0.042656870718932,0.11096385905571263,-0.3844212979066894,0.701573046960393,0.14777973428426364,0.9782439688726962,1.0
100019269|F|0-46:T>G-46:T>G,,,0.05263157894736842,-0.042656870718932,0.11096385905571263,-0.3844212979066894,0.701573046960393,0.14777973428426364,0.9782439688726962,1.0
100046553|F|0-7:C>T-7:C>T,,,0.05263157894736842,-0.042656870718932,0.11096385905571263,-0.3844212979066894,0.701573046960393,0.14777973428426364,0.9782439688726962,1.0
100036101|F|0-41:G>C-41:G>C,,,0.4631578947368421,-0.02050863007497246,0.053378478381450864,-0.384211590454389,0.7017279091293308,0.14761854623949117,0.9782439688726962,1.0
100017692|F|0-31:G>T-31:G>T,,,0.26842105263157895,0.023418959725902112,0.060956459655121836,0.38419159935471,0.7017426725673862,0.14760318501473,0.9782439688726962,1.0
100013978|F|0-64:G>A-64:G>A,,,0.17894736842105263,0.02252174983564733,0.058693732787906454,0.3837164338657946,0.702093616223168,0.14723830161868273,0.9782439688726962,1.0
100015622|F|0-52:A>G-52:A>G,,,0.3,-0.023112095033723256,0.06035008645679371,-0.3829670575579016,0.7026472154027767,0.14666376717455712,0.9782439688726962,1.0
100021903|F|0-59:G>A-59:G>A,,,0.12105263157894737,-0.023956002319293745,0.0626372488612048,-0.38245617032728924,0.7030247235633965,0.14627272222141646,0.9782439688726962,1.0
100022031|F|0-68:A>C-68:A>C,,,0.4,0.023012752959318882,0.06031190528569546,0.38156236070321853,0.7036853623216006,0.14558983510541304,0.9782439688726962,1.0
100018804|F|0-63:G>A-63:G>A,,,0.08947368421052632,0.03158544917726411,0.08281256719233854,0.381408888145014,0.7037988209174684,0.1454727399560158,0.9782439688726962,1.0
100014347|F|0-68:T>C-68:T>C,,,0.11052631578947368,-0.031399446886246886,0.08240708537204035,-0.3810284849232189,0.704080072831033,0.14518270632288366,0.9782439688726962,1.0
100015160|F|0-27:A>C-27:A>C,,,0.15263157894736842,-0.034326968460006255,0.09019202979330655,-0.380598690800878,0.7043978915255916,0.14485536343934233,0.9782439688726962,1.0
100021971|F|0-12:T>C-12:T>C,,,0.11702127659574468,-0.024696590075401162,0.06506171107836307,-0.37958715911506763,0.7051460931552496,0.14408641136504766,0.9782439688726962,1.0
100014060|F|0-18:C>T-18:C>T,,,0.05789473684210526,-0.04047469629601353,0.10666916282306135,-0.3794413982900698,0.7052539322773008,0.14397577473632336,0.9782439688726962,1.0
100018871|F|0-15:C>A-15:C>A,,,0.09473684210526316,-0.03341661292926744,0.08808111472011237,-0.3793845370310364,0.7052960019227815,0.14393262693825384,0.9782439688726962,1.0
100029934|F|0-27:G>C-27:G>C,,,0.28421052631578947,0.019392460096699742,0.051827370526193225,0.37417410722967154,0.7091548890536656,0.14000626252112172,0.9782439688726962,1.0
100038927|F|0-38:C>G-38:C>G,,,0.28421052631578947,-0.02417708705781401,0.0646979489317299,-0.3736917082692371,0.7095125435922871,0.1396454928291806,0.9782439688726962,1.0
100034572|F|0-53:G>A-53:G>A,,,0.17894736842105263,-0.022473277920682384,0.06060869627921826,-0.3707929604218876,0.7116630672665856,0.1374874194984275,0.9782439688726962,1.0
100021425|F|0-50:G>C-50:G>C,,,0.1631578947368421,0.024295383691017757,0.06564238607596423,0.37011731509732265,0.7121646512674771,0.1369868269348508,0.9782439688726962,1.0
100029049|F|0-10:A>G-10:A>G,,,0.1368421052631579,-0.02696510641623203,0.07308296913779447,-0.36896566647956797,0.7130199012905846,0.13613566304071179,0.9782439688726962,1.0
100034528|F|0-51:A>G-51:A>G,Vu09 (old8),1037776.0,0.11578947368421053,-0.027637058115932936,0.07503978018227589,-0.36829876165416464,0.7135153333705504,0.13564397783599116,0.9782439688726962,1.0
100013842|F|0-67:A>G-67:A>G,,,0.10526315789473684,0.03104737842021931,0.08452453978397774,0.3673179232867539,0.7142442044460349,0.13492245676769363,0.9782439688726962,1.0
100032829|F|0-7:T>A-7:T>A,,,0.28421052631578947,0.02356934303375708,0.0641980536178169,0.3671348538706456,0.7143802745945036,0.1347880009266203,0.9782439688726962,1.0
100038400|F|0-11:G>A-11:G>A,,,0.4789473684210527,0.01862880843444242,0.050756849194019654,0.3670205840246941,0.7144652127132417,0.13470410909782757,0.9782439688726962,1.0
100019497|F|0-27:C>T-27:C>T,,,0.08421052631578947,0.03090580366769541,0.08453631463621934,0.36559203935836004,0.7155273699588094,0.1336575392422047,0.9782439688726962,1.0
100034945|F|0-61:G>A-61:G>A,,,0.4789473684210526,0.01998202223696762,0.054756161293737,0.36492737556555416,0.7160217545170382,0.13317198943716302,0.9782439688726962,1.0
100034088|F|0-23:T>C-23:T>C,,,0.18421052631578946,0.026832354109799,0.07370881703408216,0.3640318104330993,0.7166880775921655,0.13251915900719993,0.9782439688726962,1.0
100014503|F|0-24:T>A-24:T>A,,,0.09473684210526316,0.029402830212026117,0.08077249649217971,0.3640203223738771,0.7166966264243184,0.1325107951011814,0.9782439688726962,1.0
100035010|F|0-32:A>C-32:A>C,,,0.12631578947368421,0.027653033873445757,0.07622631099533023,0.36277544475607426,0.7176232149984177,0.13160602331796747,0.9782439688726962,1.0
100020957|F|0-56:G>A-56:G>A,,,0.06842105263157895,-0.03596867788834078,0.09931520090867643,-0.3621668944859222,0.7180763256132152,0.1311648594615771,0.9782439688726962,1.0
100043222|F|0-20:C>A-20:C>A,,,0.47368421052631576,-0.018158307302091385,0.050185642096026155,-0.3618227553479726,0.7183326072600638,0.13091570628759883,0.9782439688726962,1.0
100035290|F|0-26:T>C-26:T>C,,,0.13157894736842105,0.023942463390062993,0.06621378848046336,0.3615933167323195,0.7185034889214277,0.13074972670547952,0.9782439688726962,1.0
100020488|F|0-58:T>G-58:T>G,,,0.23684210526315788,0.020289878003396166,0.056194812821600146,0.36106318331924664,0.7188983772717119,0.1303666223486279,0.9782439688726962,1.0
100034526|F|0-38:G>A-38:G>A,,,0.19473684210526315,-0.025537620715884897,0.07078311636885057,-0.36078689419110127,0.7191042111187543,0.13016718302006092,0.9782439688726962,1.0
100021232|F|0-6:T>G-6:T>G,,,0.08064516129032258,-0.03605909260500334,0.1000448504395712,-0.3604292719372263,0.7193706684475494,0.12990926006919903,0.9782439688726962,1.0
100015729|F|0-42:C>A-42:C>A,Vu08 (old5),34737627.0,0.43157894736842106,-0.01934435181618287,0.0539473678091581,-0.35857823285493046,0.7207503949996904,0.12857834907736473,0.9782439688726962,1.0
100013847|F|0-11:C>A-11:C>A,,,0.32105263157894737,-0.018973564995225595,0.053078036816015715,-0.35746546280514524,0.7215802763829742,0.12778155709849667,0.9782439688726962,1.0
100020903|F|0-13:G>T-13:G>T,,,0.25263157894736843,-0.02139027318398678,0.05986038030582294,-0.35733607228529474,0.721676794866735,0.1276890685562814,0.9782439688726962,1.0
100018366|F|0-11:C>A-11:C>A,Vu06 (old6),3381583.0,0.14210526315789473,-0.027682606820900155,0.07784226728700455,-0.3556243643165524,0.7229540620146246,0.126468688495552,0.9782439688726962,1.0
100035981|F|0-12:G>A-12:G>A,,,0.29473684210526313,0.018447145755461546,0.05207827005290629,0.3542196339609802,0.7240028509505019,0.12547154908345082,0.9782439688726962,1.0
100030153|F|0-21:A>T-21:A>T,,,0.11578947368421053,-0.02693289524952077,0.07633788707136074,-0.3528116415423428,0.7250546042743845,0.12447605440780259,0.9782439688726962,1.0
100020395|F|0-36:T>C-36:T>C,,,0.17894736842105263,-0.02339466186564391,0.06633944490878384,-0.35265085346751646,0.7251747446278427,0.12436262445136777,0.9782439688726962,1.0
100033363|F|0-51:C>T-51:C>T,,,0.08947368421052632,-0.031845649268227964,0.0903280228448192,-0.35255558867858566,0.7252459294294699,0.12429544310850409,0.9782439688726962,1.0
100029976|F|0-21:C>T-21:C>T,,,0.05789473684210526,-0.03411420561582921,0.09685695967937463,-0.3522122285146817,0.7255025188082647,0.12405345391527836,0.9782439688726962,1.0
100043228|F|0-41:G>A-41:G>A,,,0.30526315789473685,-0.023087478097793164,0.0656103838229838,-0.3518875634089104,0.7257451663921295,0.12382485728185995,0.9782439688726962,1.0
100038514|F|0-16:A>T-16:A>T,,,0.35789473684210527,0.023553870742498862,0.0669900953642583,0.35160228709072305,0.7259583987646644,0.12362416828742724,0.9782439688726962,1.0
100021285|F|0-67:T>C-67:T>C,,,0.06315789473684211,-0.030914723345029604,0.08821288661245401,-0.35045586344824387,0.7268155211498643,0.12281931222525415,0.9782439688726962,1.0
100029380|F|0-39:A>C-39:A>C,,,0.34210526315789475,-0.02152457640483671,0.061594671912418464,-0.3494551677366271,0.727563974526,0.12211891425783418,0.9782439688726962,1.0
100029122|F|0-13:T>C-13:T>C,,,0.2,0.022119005332917226,0.06336681000080406,0.34906294529638715,0.727857402786492,0.12184493977898857,0.9782439688726962,1.0
100034728|F|0-40:G>C-40:G>C,,,0.23157894736842105,-0.019265449685065522,0.055355124762762054,-0.34803371445069137,0.7286275806365382,0.12112746639434538,0.9782439688726962,1.0
100036118|F|0-16:G>C-16:G>C,,,0.22580645161290325,-0.020830458463134575,0.059882200199290365,-0.3478572663297269,0.7287596455188524,0.12100467773839056,0.9782439688726962,1.0
100018697|F|0-15:T>C-15:T>C,,,0.22631578947368422,0.021588563116703603,0.062197998841034066,0.3470941753589171,0.7293308850423574,0.12047436656808672,0.9782439688726962,1.0
100017860|F|0-21:C>T-21:C>T,,,0.23684210526315788,-0.022919455388540653,0.0664954306853174,-0.344677147772823,0.7311412460840298,0.11880233619680845,0.9782439688726962,1.0
100035792|F|0-26:T>C-26:T>C,,,0.4421052631578947,0.019367476799681038,0.056260226437646686,0.34424811320562404,0.7314627537783914,0.11850676344563214,0.9782439688726962,1.0
100014274|F|0-12:C>T-12:C>T,,,0.07894736842105263,-0.03260842856567074,0.09514956627926435,-0.3427070646855591,0.7326179717947844,0.117448132185392,0.9782439688726962,1.0
100060605|F|0-5:C>T-5:C>T,,,0.07446808510638298,0.0328750051606559,0.09613224001556214,0.34197689719218033,0.7331655434257706,0.11694819821319108,0.9782439688726962,1.0
100033420|F|0-60:C>A-60:C>A,,,0.33157894736842103,0.020116059287639584,0.058951532642895994,0.3412304716400565,0.7337254501289688,0.1164382347756954,0.9782439688726962,1.0
100017834|F|0-8:C>T-8:C>T,,,0.0797872340425532,-0.03226097148204422,0.09458122830044187,-0.3410927523542587,0.7338287714912779,0.11634426570860364,0.9782439688726962,1.0
100039032|F|0-21:G>A-21:G>A,,,0.08510638297872342,0.029910893099222593,0.08785344039897229,0.34046353749366076,0.7343008906974089,0.11591542036269735,0.9782439688726962,1.0
100020774|F|0-63:A>G-63:A>G,,,0.22105263157894736,-0.01968498627208916,0.05795343201636024,-0.3396690340363637,0.7348971769008089,0.11537505268319642,0.9782439688726962,1.0
100035996|F|0-47:A>G-47:A>G,,,0.32105263157894737,0.019178980225787533,0.056559457975771124,0.3390941305343379,0.7353287515652278,0.11498482936283859,0.9782439688726962,1.0
100041089|F|0-45:A>G-45:A>G,,,0.32105263157894737,0.019178980225787533,0.056559457975771124,0.3390941305343379,0.7353287515652278,0.11498482936283859,0.9782439688726962,1.0
100034068|F|0-21:G>A-21:G>A,,,0.07894736842105263,-0.02969774005118023,0.08763273908938433,-0.33888864321459694,0.7354830295873163,0.11484551249983038,0.9782439688726962,1.0
100016127|F|0-26:G>C-26:G>C,,,0.08947368421052626,0.024119220509066463,0.07136510421619996,0.33796938677476734,0.7361733317603274,0.11422330639691228,0.9782439688726962,1.0
100058370|F|0-6:C>T-6:C>T,,,0.2894736842105263,0.023634501189499543,0.0707008489481115,0.33428878918901367,0.7389393872885798,0.11174899457745682,0.9782439688726962,1.0
100016409|F|0-6:A>T-6:A>T,,,0.2631578947368421,0.021943423402051847,0.06589113327105428,0.33302543624168485,0.7398896211886071,0.1109059411839645,0.9782439688726962,1.0
100014470|F|0-59:T>C-59:T>C,,,0.11052631578947368,0.02592355499532667,0.07788485295465467,0.33284462911446494,0.7400256487600471,0.11078554713034572,0.9782439688726962,1.0
100032809|F|0-26:G>A-26:G>A,,,0.08421052631578947,-0.03176188889734447,0.09587360570880797,-0.33128918707629756,0.7411962036663918,0.10975252547367409,0.9782439688726962,1.0
100016790|F|0-63:A>T-63:A>T,,,0.24736842105263157,-0.019713051537179026,0.059890876351955113,-0.3291494921752886,0.7428074357639852,0.10833938819925037,0.9782439688726962,1.0
100043426|F|0-30:G>A-30:G>A,,,0.4263157894736842,-0.0174901764427303,0.053151951821065815,-0.3290599092505646,0.7428749185068636,0.10828042387598981,0.9782439688726962,1.0
100044127|F|0-8:G>A-8:G>A,,,0.06315789473684211,-0.03931347874942504,0.1198083000099947,-0.32813652097680557,0.7435706231180822,0.10767357639876156,0.9782439688726962,1.0
100019838|F|0-5:G>C-5:G>C,,,0.12631578947368421,-0.02454403239256159,0.07491313049888565,-0.32763324972685115,0.7439498903767431,0.10734354632657721,0.9782439688726962,1.0
100046262|F|0-23:C>A-23:C>A,,,0.12631578947368421,-0.02454403239256159,0.07491313049888565,-0.32763324972685115,0.7439498903767431,0.10734354632657721,0.9782439688726962,1.0
100043219|F|0-41:C>T-41:C>T,,,0.32105263157894737,0.023491129714079958,0.07171731682765994,0.3275517093107406,0.7440113455136373,0.10729012227238792,0.9782439688726962,1.0
100018159|F|0-67:G>A-67:G>A,,,0.09473684210526316,-0.026510277764398595,0.08114653496814477,-0.32669636201725166,0.7446561009301507,0.10673051295530715,0.9782439688726962,1.0
100015143|F|0-64:A>T-64:A>T,,,0.16842105263157894,-0.021286692941761196,0.06523484289369456,-0.3263086411727791,0.7449484224338131,0.1064773293040255,0.9782439688726962,1.0
100030229|F|0-11:A>T-11:A>T,,,0.33870967741935487,-0.017646640455474486,0.05432142068425634,-0.3248560187342248,0.7460439565779902,0.10553143290785102,0.9782439688726962,1.0
100015076|F|0-33:T>C-33:T>C,,,0.38421052631578945,-0.02093684617421995,0.06469646757979985,-0.3236165274154327,0.746979165175002,0.10472765681642349,0.9782439688726962,1.0
100036015|F|0-34:G>A-34:G>A,Vu02 (old7),24184641.0,0.07368421052631578,0.027912814846116952,0.08625879745523297,0.3235938323926123,0.7469962923333147,0.10471296836253806,0.9782439688726962,1.0
100018462|F|0-57:G>T-57:G>T,,,0.09473684210526316,-0.02625232604732422,0.08131478581169221,-0.32284812393306966,0.7475591236433624,0.10423091112710271,0.9782439688726962,1.0
100033253|F|0-41:A>G-41:A>G,,,0.30526315789473685,-0.017717227291240225,0.054968144184445344,-0.3223180908525882,0.747959254920327,0.10388895169085732,0.9782439688726962,1.0
100017265|F|0-28:G>A-28:G>A,Vu03 (old3),52001826.0,0.4263157894736842,-0.016294789471784737,0.051015256321058564,-0.31941012643816546,0.7501557541310101,0.10202282887124485,0.9782439688726962,1.0
100016722|F|0-34:C>T-34:C>T,,,0.2554347826086956,-0.022075936094641965,0.06940713461754346,-0.3180643635022215,0.7511729602728864,0.1011649393300733,0.9782439688726962,1.0
100029747|F|0-45:G>A-45:G>A,,,0.2,-0.02033390554784622,0.06447602558418039,-0.3153715720473204,0.7532096480496105,0.09945922845559821,0.9782439688726962,1.0
100045148|F|0-42:T>C-42:T>C,,,0.1827956989247312,0.01935759961269798,0.06141150796572771,0.3152112731623687,0.7533309450580461,0.0993581467286414,0.9782439688726962,1.0
100015245|F|0-49:A>G-49:A>G,Vu03 (old3),7443089.0,0.06315789473684211,-0.03218829877599652,0.10259267994815627,-0.3137484934818197,0.7544381055065416,0.09843811716211147,0.9782439688726962,1.0
100014432|F|0-25:C>A-25:C>A,,,0.3368421052631579,0.018151965952844604,0.05813296212787132,0.3122491145886717,0.7555735001979912,0.09749950956140944,0.9782439688726962,1.0
100013726|F|0-64:C>G-64:C>G,Vu01 (old4),328264.0,0.48947368421052634,-0.017521159020820957,0.056139811305931375,-0.3120986446737448,0.7556874722288746,0.09740556400718843,0.9782439688726962,1.0
100016523|F|0-36:G>T-36:G>T,Vu03 (old3),39488805.0,0.26842105263157895,0.018444555660021945,0.05935616378104152,0.3107437287905249,0.7567139838269684,0.09656166498263931,0.9782439688726962,1.0
100020859|F|0-32:T>C-32:T>C,,,0.13157894736842105,0.02223394863597341,0.07156112855441195,0.3106986863555078,0.7567481163923131,0.0965336737030382,0.9782439688726962,1.0
100046659|F|0-30:C>A-30:C>A,Vu05 (old1),46605557.0,0.08421052631578947,-0.026729515328619415,0.08622652583449875,-0.3099917927799091,0.7572838542156203,0.09609491159090212,0.9782439688726962,1.0
100039953|F|0-31:A>G-31:A>G,,,0.3368421052631579,0.019407654513375866,0.06273618285789566,0.30935344850891444,0.7577677420543151,0.09569955610435758,0.9782439688726962,1.0
100051718|F|0-23:T>C-23:T>C,,,0.4157894736842105,-0.021795200798543263,0.07075247063041777,-0.30804861801070604,0.7587571504529593,0.09489395105830589,0.9782439688726962,1.0
100020726|F|0-7:G>A-7:G>A,Vu08 (old5),37188871.0,0.1631578947368421,-0.01953838599641559,0.06373890969037836,-0.30653781326549717,0.7599032438956395,0.09396543096159281,0.9782439688726962,1.0
100039010|F|0-12:C>T-12:C>T,,,0.09473684210526316,0.026013263793705894,0.08488391102641063,0.30645694194759915,0.7599646078564197,0.09391585726787416,0.9782439688726962,1.0
100017248|F|0-68:G>T-68:G>T,,,0.05789473684210526,-0.0325988353750844,0.10680754216285895,-0.305210987117165,0.7609102138897761,0.09315374665703426,0.9782439688726962,1.0
100035334|F|0-35:T>C-35:T>C,,,0.43478260869565216,-0.017414961719031247,0.05740139031708746,-0.30338919707049494,0.762293498352816,0.09204500489907962,0.9782439688726962,1.0
100018496|F|0-32:T>G-32:T>G,,,0.43157894736842106,-0.018370517936362456,0.06093462781646538,-0.3014791194211329,0.7637446490234722,0.09088965944694173,0.9782439688726962,1.0
100017697|F|0-59:C>T-59:C>T,,,0.07894736842105263,0.027796553947460226,0.09234031466861542,0.3010229502380904,0.764091341280626,0.09061481657004385,0.9782439688726962,1.0
100019864|F|0-41:A>G-41:A>G,,,0.16842105263157894,0.020375188059459464,0.06818318413512732,0.2988301047818382,0.7657585915685414,0.08929943152392439,0.9782439688726962,1.0
100012983|F|0-45:A>T-45:A>T,,,0.07894736842105263,-0.027431706261145244,0.09191522602588867,-0.29844572490545673,0.7660509547492154,0.08906985071434356,0.9782439688726962,1.0
100016832|F|0-65:T>A-65:T>A,,,0.07894736842105263,0.025561696796660042,0.08600142806713246,0.2972240969848391,0.766980361926152,0.08834216382845303,0.9782439688726962,1.0
100047320|F|0-54:C>T-54:C>T,,,0.12631578947368421,0.02747933471044779,0.09249030695083876,0.2971050223138933,0.7670709714761819,0.08827139428413903,0.9782439688726962,1.0
100030652|F|0-8:A>C-8:A>C,,,0.12631578947368421,0.02747933471044779,0.09249030695083876,0.2971050223138933,0.7670709714761819,0.08827139428413903,0.9782439688726962,1.0
100035017|F|0-19:T>C-19:T>C,,,0.4421052631578947,-0.01732147252965751,0.05834409775011937,-0.2968847440891666,0.7672386001325937,0.08814055127288994,0.9782439688726962,1.0
100028871|F|0-35:G>C-35:G>C,,,0.5,-0.016814430304114506,0.056750338247964605,-0.29628775480853753,0.7676929563006246,0.08778643364948405,0.9782439688726962,1.0
100054559|F|0-34:G>C-34:G>C,,,0.11290322580645162,-0.019880518843695814,0.06716141509417338,-0.2960110178711907,0.7679036025973023,0.08762252270113839,0.9782439688726962,1.0
100014000|F|0-40:A>G-40:A>G,,,0.2578947368421053,0.016931089294947802,0.057206598822757256,0.2959639210050795,0.7679394534705901,0.08759464253670095,0.9782439688726962,1.0
100019637|F|0-48:C>G-48:C>G,,,0.05789473684210526,-0.028902000252767387,0.09766000991052388,-0.29594508826332705,0.7679537893903267,0.08758349526718844,0.9782439688726962,1.0
100034130|F|0-64:A>T-64:A>T,,,0.2578947368421053,0.017975312993859766,0.06075963194914692,0.2958430197356082,0.7680314877244703,0.08752309232628348,0.9782439688726962,1.0
100014627|F|0-15:C>G-15:C>G,,,0.3526315789473684,0.0153516973646944,0.05195978580045247,0.2954534382349343,0.7683280733357295,0.08729273416484414,0.9782439688726962,1.0
100019956|F|0-49:C>A-49:C>A,,,0.4789473684210527,0.015663348542374354,0.0532584617914456,0.29410065584902434,0.769358204411505,0.08649519577082626,0.9782439688726962,1.0
100029425|F|0-25:A>T-25:A>T,,,0.41578947368421054,0.016581200779271173,0.05649583529033782,0.29349421411434495,0.7698201386204603,0.08613885371859696,0.9782439688726962,1.0
100016298|F|0-19:G>A-19:G>A,,,0.4473684210526316,0.01608663619065981,0.05481945625989668,0.2934475693154226,0.7698556719856967,0.08611147593712976,0.9782439688726962,1.0
100043188|F|0-42:C>T-42:C>T,,,0.37894736842105264,-0.018653856655996195,0.06364316574157246,-0.2931007035655877,0.7701199249419365,0.08590802243064252,0.9782439688726962,1.0
100015232|F|0-9:G>T-9:G>T,Vu01 (old4),18488835.0,0.37894736842105264,-0.016346599091951953,0.05593400767405943,-0.29224795024893296,0.7707696938634514,0.0854088644247028,0.9782439688726962,1.0
100014140|F|0-33:C>G-33:C>G,,,0.08241758241758242,-0.022677858627193574,0.07769825355381839,-0.2918708927155686,0.7710570510209649,0.08518861801458295,0.9782439688726962,1.0
100017407|F|0-46:T>G-46:T>G,,,0.15,0.018193576176323327,0.06282771172775567,0.28957884468496203,0.7728045165964217,0.08385590728907737,0.9782439688726962,1.0
100030431|F|0-51:C>T-51:C>T,,,0.1,0.023061439561426207,0.07981911363305777,0.28892126850021943,0.7733060717504172,0.08347549939177588,0.9782439688726962,1.0
100019174|F|0-24:T>A-24:T>A,,,0.12631578947368421,-0.01931629870281684,0.0671700714677001,-0.28757299613869575,0.7743347446029893,0.08269822810818632,0.9782439688726962,1.0
100035791|F|0-16:G>A-16:G>A,Vu09 (old8),36664091.0,0.3736842105263158,0.028672933963900703,0.10031769977339988,0.28582128606086304,0.7756718244332408,0.08169380756548571,0.9782439688726962,1.0
100020755|F|0-11:C>A-11:C>A,,,0.14736842105263157,0.02067640788724103,0.07241759669713271,0.2855163500345723,0.7759046512528992,0.08151958613706442,0.9782439688726962,1.0
100015288|F|0-54:A>G-54:A>G,,,0.30526315789473685,-0.017177781371600233,0.060200974180301764,-0.2853405880136229,0.77603885956611,0.08141925116796007,0.9782439688726962,1.0
100046319|F|0-34:T>C-34:T>C,,,0.14130434782608697,0.01920512188538839,0.06750621850509002,0.2844941149227654,0.7766853044050416,0.08093690142568764,0.9782439688726962,1.0
100015139|F|0-52:T>C-52:T>C,,,0.08421052631578947,0.02397425385223514,0.08510207238918698,0.2817117513025605,0.7788112794679222,0.0793615108219557,0.9782439688726962,1.0
100014878|F|0-32:G>A-32:G>A,,,0.1,-0.02408980032411061,0.08557524476411221,-0.2815043110950374,0.7789698500180514,0.07924467716509158,0.9782439688726962,1.0
100034454|F|0-32:T>C-32:T>C,Vu05 (old1),11968566.0,0.19473684210526315,0.020049071729888016,0.07133539672299627,0.28105362345906504,0.7793143949517762,0.07899113925946992,0.9782439688726962,1.0
100033734|F|0-65:A>G-65:A>G,,,0.12631578947368421,-0.01983575793397415,0.0705841032478123,-0.2810230210665593,0.779337791688786,0.07897393836937583,0.9782439688726962,1.0
100018705|F|0-34:T>C-34:T>C,Vu07 (old2),39159477.0,0.35789473684210527,-0.016818652701453458,0.0598539728315894,-0.2809947595087122,0.779359398945844,0.07895805487135901,0.9782439688726962,1.0
100035652|F|0-37:T>C-37:T>C,,,0.05789473684210526,0.030348591879303985,0.10846130188649782,0.2798103226813843,0.7802651108903174,0.0782938166790604,0.9782439688726962,1.0
100032857|F|0-37:C>A-37:C>A,Vu05 (old1),29700622.0,0.44943820224719105,-0.014366875534959985,0.05145520919343662,-0.2792112938643451,0.7807232901804543,0.0779589466214017,0.9782439688726962,1.0
100041943|F|0-53:G>T-53:G>T,,,0.08421052631578947,0.023485422704050254,0.08459147996173813,0.2776334296866898,0.7819305216274037,0.07708032127959413,0.9782439688726962,1.0
100033546|F|0-50:C>T-50:C>T,,,0.35789473684210527,-0.0225798655925444,0.08137600366556176,-0.2774757247276838,0.782051211868387,0.07699277781315335,0.9782439688726962,1.0
100022081|F|0-44:A>C-44:A>C,,,0.34210526315789475,-0.014440011039366762,0.05208789552230004,-0.2772239287952161,0.7822439201765119,0.07685310669665506,0.9782439688726962,1.0
100035332|F|0-65:G>A-65:G>A,Vu04 (old11),505287.0,0.425531914893617,0.01574731779596586,0.05685606162821848,0.2769681427978163,0.7824396961368608,0.07671135212487155,0.9782439688726962,1.0
100022140|F|0-38:C>A-38:C>A,,,0.12631578947368421,-0.024254832955215976,0.08775268688841892,-0.276399889453607,0.7828746815033052,0.07639689888996616,0.9782439688726962,1.0
100021422|F|0-18:C>G-18:C>G,,,0.24736842105263157,0.015605495280780961,0.05661840494064729,0.27562583751944447,0.7834673121652339,0.0759696023082952,0.9782439688726962,1.0
100013923|F|0-16:T>C-16:T>C,,,0.08421052631578947,0.023693878390753705,0.08601802561986766,0.2754524789427521,0.7836000567081232,0.07587406815570728,0.9782439688726962,1.0
100043273|F|0-46:A>T-46:A>T,,,0.21052631578947367,-0.017797947959687848,0.06478334910198376,-0.27473028496365354,0.7841531256714572,0.07547672947621027,0.9782439688726962,1.0
100015331|F|0-40:A>G-40:A>G,,,0.43157894736842106,-0.01451222758870034,0.05282573825932267,-0.27471887884386026,0.7841618615704449,0.07547046239322758,0.9782439688726962,1.0
100035421|F|0-6:T>A-6:T>A,,,0.13157894736842105,-0.021513617710772908,0.07848268357729284,-0.2741192926919408,0.7846211209828154,0.07514138662592991,0.9782439688726962,1.0
100017888|F|0-29:G>T-29:G>T,Vu09 (old8),42671828.0,0.0625,-0.02409967332564013,0.08795976912226239,-0.2739851817044,0.7847238551673784,0.07506787979359308,0.9782439688726962,1.0
100019495|F|0-5:T>G-5:T>G,,,0.2894736842105263,-0.016616118032784136,0.06085678204411596,-0.2730364221482968,0.7854507503736041,0.07454888781954296,0.9782439688726962,1.0
100055734|F|0-19:T>C-19:T>C,,,0.06842105263157895,-0.027622338539461003,0.10125471738430832,-0.27280050997151567,0.7856315248114476,0.07442011824071902,0.9782439688726962,1.0
100038486|F|0-9:G>A-9:G>A,,,0.06315789473684211,-0.03032772540554538,0.111220047919284,-0.2726821825104337,0.7857222010321563,0.07435557265865347,0.9782439688726962,1.0
100022008|F|0-51:G>C-51:G>C,,,0.3157894736842105,0.013992266157598328,0.051331649037304604,0.2725855572539591,0.785796248699764,0.07430288602345142,0.9782439688726962,1.0
100021415|F|0-54:A>G-54:A>G,,,0.2,-0.020231827445437837,0.07432634802092783,-0.27220263048227833,0.7860897196520276,0.07409427204147176,0.9782439688726962,1.0
100014472|F|0-31:C>A-31:C>A,,,0.49473684210526314,0.013985894061579395,0.05142902432960993,0.27194554522254677,0.7862867643674762,0.07395437956638823,0.9782439688726962,1.0
100043408|F|0-39:C>A-39:C>A,,,0.05851063829787234,-0.026714594288907188,0.09825467579932137,-0.27189132803684546,0.7863283212693236,0.0739248942616395,0.9782439688726962,1.0
100018689|F|0-30:A>C-30:A>C,,,0.12105263157894737,-0.01916398409189262,0.07048983919127093,-0.271868744655411,0.7863456313759483,0.07391261432050907,0.9782439688726962,1.0
100015188|F|0-39:T>C-39:T>C,,,0.14210526315789473,0.021075533563810762,0.0775671203953186,0.2717070513434031,0.7864695720400703,0.0738247217497267,0.9782439688726962,1.0
100016740|F|0-47:T>C-47:T>C,Vu06 (old6),33896302.0,0.10526315789473684,0.023380839165685185,0.08628054922195709,0.2709862115682397,0.7870221748315847,0.07343352686010678,0.9782439688726962,1.0
100017435|F|0-33:T>G-33:T>G,,,0.3763440860215054,-0.014175614707071378,0.05271126389104312,-0.2689295164003864,0.7885994559921096,0.07232308479134571,0.9794392931174444,1.0
100034510|F|0-47:C>T-47:C>T,,,0.22105263157894736,-0.017422309373867715,0.0656169178630926,-0.2655155094333866,0.7912196039932551,0.0704984857496708,0.9796400441288776,1.0
100018506|F|0-23:C>T-23:C>T,,,0.24736842105263157,0.018028219523842592,0.06812667787692116,0.26462789740625087,0.791901213989889,0.07002792408565324,0.9796400441288776,1.0
100030054|F|0-16:G>A-16:G>A,,,0.3263157894736842,0.01416959674836531,0.05383559546914472,0.2632012634927844,0.7929970853681635,0.06927490510419812,0.9796400441288776,1.0
100020710|F|0-41:C>A-41:C>A,,,0.06842105263157895,-0.024612007277421518,0.09355712202165233,-0.2630693072380471,0.793098468841359,0.06920546041070602,0.9796400441288776,1.0
100048192|F|0-15:C>T-15:C>T,,,0.30526315789473685,-0.019094651597915666,0.07290010201555204,-0.2619290106595754,0.7939747194687783,0.06860680662510397,0.9796400441288776,1.0
100013714|F|0-67:T>C-67:T>C,Vu09 (old8),42137897.0,0.3421052631578947,0.014982570486325163,0.05740233279893434,0.2610097840240268,0.7946812834664295,0.06812610735626912,0.9796400441288776,1.0
100029056|F|0-22:A>T-22:A>T,,,0.12105263157894737,-0.0182388870944969,0.07011832419246097,-0.26011584424685835,0.795368575008156,0.06766025242825588,0.9796400441288776,1.0
100038543|F|0-16:T>C-16:T>C,Vu08 (old5),28171940.0,0.29473684210526313,0.01332554540692102,0.05125043559342878,0.2600084321747617,0.7954511679686519,0.06760438480197767,0.9796400441288776,1.0
100021690|F|0-12:G>A-12:G>A,,,0.2894736842105263,0.015324373054839755,0.05917325088424461,0.2589746688891146,0.7962461843268929,0.06706787912622653,0.9796400441288776,1.0
100040372|F|0-41:A>T-41:A>T,,,0.06043956043956044,-0.023353908680892294,0.09023310833567671,-0.2588175129023959,0.7963670640986295,0.06698650498498188,0.9796400441288776,1.0
100020809|F|0-53:C>G-53:C>G,,,0.1,0.022662617104553646,0.08780058611273633,0.2581146448778229,0.7969077503042169,0.06662316990040461,0.9796400441288776,1.0
100035013|F|0-54:A>T-54:A>T,,,0.13978494623655913,-0.019148019335698638,0.07437612841955432,-0.2574484548010489,0.797420313236507,0.06627970687944772,0.9796400441288776,1.0
100015009|F|0-50:G>A-50:G>A,,,0.3263157894736842,-0.015095152172905529,0.058635717974375536,-0.2574395384653136,0.7974271740184069,0.06627511596523368,0.9796400441288776,1.0
100019086|F|0-55:A>G-55:A>G,,,0.29473684210526313,0.017179078086493545,0.06688180338320429,0.25685727982041295,0.7978752343667439,0.06597566219674192,0.9796400441288776,1.0
100021995|F|0-64:T>A-64:T>A,,,0.26842105263157895,0.015533650749768573,0.060688713224798935,0.2559561724802089,0.7985687889631385,0.06551356223071846,0.9796400441288776,1.0
100021699|F|0-19:G>C-19:G>C,,,0.1631578947368421,-0.017184863731650995,0.06715951398332033,-0.2558812997949778,0.7986264234461343,0.06547523958476731,0.9796400441288776,1.0
100016625|F|0-16:T>C-16:T>C,,,0.1736842105263158,-0.01647379804849849,0.06467395993555448,-0.2547207263157243,0.7995199364903379,0.06488264841481012,0.9796400441288776,1.0
100058582|F|0-53:G>A-53:G>A,,,0.28421052631578947,0.013039659269680193,0.05150638496519967,0.2531658798902398,0.8007174141835696,0.06409296274059934,0.9796400441288776,1.0
100047217|F|0-67:G>A-67:G>A,,,0.07368421052631578,-0.022889624796425347,0.09077939445907504,-0.25214559904058836,0.8015034508468059,0.06357740311553715,0.9796400441288776,1.0
100036126|F|0-34:T>C-34:T>C,,,0.3,0.012798342284259998,0.05111651072887337,0.2503758981543864,0.8028673339017763,0.06268809037661566,0.9796400441288776,1.0
100028579|F|0-16:T>A-16:T>A,,,0.07894736842105263,0.022848106328901184,0.09159729650304443,0.24944083724285224,0.8035882187776905,0.0622207312844151,0.9796400441288776,1.0
100042001|F|0-12:C>A-12:C>A,,,0.2789473684210526,0.014199887638716406,0.05746639562004696,0.24709897820288595,0.8053944185147351,0.06105790502891031,0.9796400441288776,1.0
100028785|F|0-15:C>T-15:C>T,,,0.14210526315789473,0.01777975194630417,0.07203279880999963,0.2468285592123345,0.8056030521033966,0.06092433764283691,0.9796400441288776,1.0
100019601|F|0-61:A>G-61:A>G,,,0.4052631578947368,-0.013528679971851934,0.054959009743056925,-0.24615945656773844,0.8061193384524974,0.060594478057724305,0.9796400441288776,1.0
100015598|F|0-56:T>C-56:T>C,,,0.33157894736842103,0.013727663610226488,0.05589023501425999,0.2456182838866928,0.8065369756177,0.06032834137944401,0.9796400441288776,1.0
100017206|F|0-15:G>C-15:G>C,,,0.4631578947368421,0.013337921651713321,0.054336560789592175,0.24546863949232717,0.8066524700307736,0.06025485297421408,0.9796400441288776,1.0
100021123|F|0-50:T>C-50:T>C,,,0.3172043010752688,-0.01422079418861257,0.05801282147663937,-0.24513191785265961,0.8069123649200939,0.060089657150123064,0.9796400441288776,1.0
100017598|F|0-46:C>G-46:C>G,,,0.43157894736842106,0.014502060603965724,0.05924199243667965,0.24479360007120185,0.8071735136050352,0.059923906635819514,0.9796400441288776,1.0
100017161|F|0-55:C>T-55:C>T,,,0.05789473684210526,-0.021924008877944195,0.09026586868426983,-0.24288260000720271,0.8086490308154203,0.05899195738625883,0.9796400441288776,1.0
100013385|F|0-10:G>T-10:G>T,,,0.22631578947368422,-0.016413316505460913,0.06758868261685885,-0.2428411957443137,0.8086810074641491,0.05897184635052809,0.9796400441288776,1.0
100022113|F|0-34:G>C-34:G>C,,,0.05789473684210526,-0.023340084568395442,0.09694590515833754,-0.24075369176526948,0.8102936136540464,0.05796234009860639,0.9796400441288776,1.0
100021370|F|0-62:A>T-62:A>T,,,0.35789473684210527,0.013123587025812337,0.05452994649849599,0.24066752066544397,0.8103601988658914,0.0579208555032519,0.9796400441288776,1.0
100033949|F|0-43:T>C-43:T>C,,,0.4842105263157894,0.013479229066955674,0.0563642313054727,0.23914508820147617,0.8115368262865352,0.05719037321089182,0.9796400441288776,1.0
100034306|F|0-9:C>T-9:C>T,,,0.23157894736842105,-0.016246956344189652,0.06794314981281084,-0.23912574540555448,0.8115517783539914,0.05718112211576206,0.9796400441288776,1.0
100049169|F|0-65:G>T-65:G>T,,,0.3684210526315789,-0.01409786152178442,0.059560680358277676,-0.2366974560562607,0.8134294101604861,0.05602568570350546,0.9796400441288776,1.0
100046760|F|0-25:T>G-25:T>G,,,0.37894736842105264,0.012174960538290482,0.051482573463814366,0.23648702306709501,0.8135921752612405,0.05592611207913673,0.9796400441288776,1.0
100029518|F|0-19:G>C-19:G>C,,,0.3894736842105263,0.011994874255421463,0.0507775367245529,0.2362240279690739,0.813795607456472,0.05580179138993381,0.9796400441288776,1.0
100033466|F|0-26:G>A-26:G>A,,,0.12105263157894737,0.018566327399157073,0.07868797249595945,0.23594873282712214,0.8140085676732869,0.05567180452272467,0.9796400441288776,1.0
100033927|F|0-14:A>G-14:A>G,,,0.2736842105263158,-0.013628598926354367,0.05779484978153416,-0.2358099203972461,0.814115954184402,0.055606318557755545,0.9796400441288776,1.0
100018713|F|0-51:T>A-51:T>A,,,0.4473684210526316,-0.014320817339473532,0.06089867336029281,-0.23515811674168588,0.814620242664522,0.05529933986949637,0.9796400441288776,1.0
100014327|F|0-12:T>C-12:T>C,,,0.32105263157894737,0.013776344393396646,0.05861156832365395,0.23504480066671257,0.8147079212002193,0.05524605832045465,0.9796400441288776,1.0
100013877|F|0-19:G>T-19:G>T,,,0.4894736842105263,-0.01188595519425674,0.05161377624771505,-0.23028648663898008,0.8183917928287544,0.05303186592852515,0.9796400441288776,1.0
100017652|F|0-34:G>A-34:G>A,,,0.06521739130434782,0.026770244101752518,0.11653539515431999,0.22971770993956372,0.8188324126001324,0.05277022625987753,0.9796400441288776,1.0
100036033|F|0-33:T>C-33:T>C,,,0.05789473684210526,0.024430388653681467,0.10751250218101222,0.22723300228423218,0.8207579456538991,0.051634837327105866,0.9796400441288776,1.0
100030532|F|0-16:G>A-16:G>A,,,0.08421052631578947,-0.01914265067027996,0.0845228122057539,-0.22647910275016644,0.8213424006086097,0.05129278398252045,0.9796400441288776,1.0
100016014|F|0-65:T>C-65:T>C,,,0.08421052631578947,-0.01914265067027996,0.0845228122057539,-0.22647910275016644,0.8213424006086097,0.05129278398252045,0.9796400441288776,1.0
100013102|F|0-12:T>C-12:T>C,,,0.34210526315789475,-0.013426095554454238,0.05931983771960304,-0.22633398995320253,0.8214549097993352,0.051227075008136384,0.9796400441288776,1.0
100033853|F|0-49:A>G-49:A>G,Vu06 (old6),26071343.0,0.47368421052631576,0.013072543778056753,0.05777698339169318,0.22625867621770374,0.8215133036917508,0.05119298856378769,0.9796400441288776,1.0
100020363|F|0-42:C>T-42:C>T,,,0.05789473684210526,-0.020194543034303097,0.08966297670843504,-0.22522722059486674,0.8223131354754021,0.05072730089688877,0.9796400441288776,1.0
100041804|F|0-41:G>A-41:G>A,,,0.3707865168539326,0.01235530863790798,0.05533852133974403,0.22326777692620453,0.823833082711907,0.04984850021356943,0.9796400441288776,1.0
100040128|F|0-22:T>C-22:T>C,,,0.06842105263157895,0.020772302438316816,0.0935382358165753,0.22207284814576214,0.8247603233746837,0.04931634988357073,0.9796400441288776,1.0
100038668|F|0-20:A>G-20:A>G,,,0.06842105263157895,0.020772302438316816,0.0935382358165753,0.22207284814576214,0.8247603233746837,0.04931634988357073,0.9796400441288776,1.0
100014086|F|0-61:C>T-61:C>T,,,0.06842105263157895,0.020115628662581965,0.09064793751402919,0.2219093915895081,0.824887181733775,0.04924377807562565,0.9796400441288776,1.0
100020777|F|0-46:A>G-46:A>G,,,0.45789473684210524,-0.010701930741139443,0.04838709551413625,-0.22117324107649491,0.8254585644952257,0.048917602568281336,0.9796400441288776,1.0
100014023|F|0-11:A>G-11:A>G,,,0.10526315789473684,0.018315719369737818,0.08346069899515043,0.2194532227773706,0.8267939683213428,0.04815971698737424,0.9796400441288776,1.0
100029006|F|0-13:A>C-13:A>C,,,0.08421052631578947,-0.018738834525187164,0.08539298239893134,-0.21944232416716333,0.8268024315142266,0.048154933635886396,0.9796400441288776,1.0
100029687|F|0-47:A>T-47:A>T,,,0.20526315789473684,-0.0143895270069214,0.0657146793470404,-0.2189697515060532,0.8271694221457554,0.047947752074622686,0.9796400441288776,1.0
100014460|F|0-15:A>T-15:A>T,,,0.3894736842105263,-0.012739895675598002,0.05822202608797256,-0.21881573919032327,0.8272890333761667,0.04788032771740757,0.9796400441288776,1.0
100018671|F|0-6:A>T-6:A>T,Vu11 (old9),36066452.0,0.2631578947368421,0.012813570156385838,0.058649546004807686,0.21847688565799758,0.8275522129527252,0.04773214956681775,0.9796400441288776,1.0
100018597|F|0-60:C>T-60:C>T,,,0.32105263157894737,-0.011408738642042157,0.052347726412405274,-0.21794143554892834,0.8279681245999994,0.047498469329127685,0.9796400441288776,1.0
100017310|F|0-9:T>G-9:T>G,,,0.3,-0.011170374439065826,0.05138012499298327,-0.21740652519999334,0.8283836659655338,0.04726559719953534,0.9796400441288776,1.0
100013886|F|0-37:T>A-37:T>A,,,0.08421052631578947,-0.01954798089742459,0.09043163881754215,-0.2161630724935245,0.8293498220354698,0.046726473909840735,0.9796400441288776,1.0
100035100|F|0-8:T>C-8:T>C,,,0.24210526315789474,0.013715019827195214,0.0637536398628259,0.21512528314783017,0.8301563797875403,0.0462788874494341,0.9796400441288776,1.0
100017658|F|0-34:T>G-34:T>G,Vu01 (old4),30643579.0,0.3736842105263158,0.013473410557576296,0.062709070745991,0.21485584776326244,0.8303658116125158,0.04616303531807021,0.9796400441288776,1.0
100014531|F|0-60:G>C-60:G>C,,,0.3882978723404255,-0.010795742874788742,0.050429527620442616,-0.21407582787692964,0.8309721892329444,0.045828460081192804,0.9796400441288776,1.0
100029801|F|0-44:C>T-44:C>T,,,0.38421052631578945,0.012438840811794895,0.05828816362267653,0.21340251671534333,0.8314956951441402,0.04554063414044239,0.9796400441288776,1.0
100044458|F|0-65:A>T-65:A>T,,,0.05789473684210526,-0.022627097334511154,0.1068053681705359,-0.2118535586936278,0.8327003131613523,0.044881930331154396,0.9796400441288776,1.0
100017684|F|0-22:A>G-22:A>G,,,0.24210526315789474,-0.014298362713427581,0.06770405920815595,-0.21118914996613872,0.8332171435946103,0.04460085706342023,0.9796400441288776,1.0
100041002|F|0-38:A>G-38:A>G,,,0.08947368421052632,-0.01900570791712935,0.09000975696952489,-0.2111516413000006,0.8332463230332964,0.044585015623684124,0.9796400441288776,1.0
100013963|F|0-19:T>C-19:T>C,,,0.08421052631578947,0.01768002929454831,0.08459382138486149,0.20899906169402868,0.8349212878263683,0.04368060778898441,0.9796400441288776,1.0
100033004|F|0-55:C>G-55:C>G,,,0.06315789473684211,0.01964897652594772,0.09427944681442828,0.20841208969568004,0.83537815484371,0.04343559913132018,0.9796400441288776,1.0
100013936|F|0-38:C>A-38:C>A,,,0.2578947368421053,-0.013289900132673798,0.06474915802931411,-0.20525209187518725,0.8378386917488976,0.04212842121914031,0.9796400441288776,1.0
100045027|F|0-42:C>G-42:C>G,,,0.24210526315789474,-0.013783329973307789,0.06720417976001562,-0.20509632023674274,0.8379600254831757,0.042064500574652525,0.9796400441288776,1.0
100043193|F|0-19:A>G-19:A>G,,,0.4166666666666667,0.010638902040143486,0.05190410986348073,0.2049722472483614,0.8380566712898082,0.042013622142043405,0.9796400441288776,1.0
100035126|F|0-11:T>C-11:T>C,Vu04 (old11),37919761.0,0.5,0.010475764334643265,0.05121204779122006,0.20455663826118783,0.8383804251592522,0.04184341825671845,0.9796400441288776,1.0
100015510|F|0-57:A>C-57:A>C,,,0.4263157894736842,-0.010602923786872834,0.05191579372761928,-0.204233105680749,0.8386324719925016,0.041711161456003995,0.9796400441288776,1.0
100014991|F|0-45:T>G-45:T>G,,,0.08421052631578947,-0.018659194847282047,0.09146166769857811,-0.20401109357392713,0.8388054394244516,0.04162052630122965,0.9796400441288776,1.0
100013921|F|0-19:C>G-19:C>G,,,0.06842105263157895,-0.017527239222097972,0.08611553952974994,-0.203531665920097,0.8391789837573476,0.04142513903220998,0.9796400441288776,1.0
100045385|F|0-50:G>A-50:G>A,,,0.23684210526315788,0.01178247827394198,0.05820605540175871,0.2024270188490727,0.8400398056438879,0.04097669796012283,0.9796400441288776,1.0
100033338|F|0-63:T>A-63:T>A,,,0.3631578947368421,-0.01214119551995056,0.06000375116707396,-0.2023406084420408,0.8401071511786785,0.04094172182469527,0.9796400441288776,1.0
100017285|F|0-30:C>T-30:C>T,Vu07 (old2),34134592.0,0.24210526315789474,0.013728356890942943,0.06793218157672336,0.20208915086052381,0.8403031360231515,0.04084002489552755,0.9796400441288776,1.0
100014678|F|0-12:C>T-12:C>T,,,0.30526315789473685,0.012713996176652215,0.06355998192861827,0.20003146305061584,0.8419072652413871,0.04001258621016989,0.9796400441288776,1.0
100016689|F|0-47:G>T-47:G>T,,,0.18421052631578946,0.012558392766470033,0.06297236072364376,0.19942706009677716,0.8423785719121806,0.03977115229884357,0.9796400441288776,1.0
100013640|F|0-30:A>G-30:A>G,,,0.07894736842105263,0.018985622875069687,0.0953663207256431,0.19908100397087702,0.842648448472642,0.03963324614205235,0.9796400441288776,1.0
100046294|F|0-6:C>G-6:C>G,,,0.46808510638297873,-0.011444827126336526,0.05795891874025372,-0.19746446923254707,0.8439093734098285,0.03899221660929153,0.9796400441288776,1.0
100035442|F|0-6:A>T-6:A>T,,,0.35106382978723405,0.010941524993439724,0.05550282787410094,0.19713454994146926,0.8441667662346698,0.03886203078062564,0.9796400441288776,1.0
100015767|F|0-23:A>T-23:A>T,,,0.23157894736842105,-0.014531729160916964,0.07383054357565494,-0.19682543913585232,0.8444079402760089,0.03874025349102111,0.9796400441288776,1.0
100019856|F|0-16:C>T-16:C>T,Vu07 (old2),39191443.0,0.07894736842105263,-0.017138077961624237,0.08750846863055624,-0.1958447934219701,0.8451731564810325,0.038355183110494136,0.9796400441288776,1.0
100041774|F|0-19:G>A-19:G>A,Vu03 (old3),27017059.0,0.46842105263157896,-0.011115757851422384,0.05686371770895565,-0.19548067378070372,0.8454573237085367,0.038212693821757904,0.9796400441288776,1.0
100033344|F|0-23:G>A-23:G>A,,,0.20967741935483875,-0.011008897903257915,0.056455520733641365,-0.19500126400743312,0.8458314971418147,0.03802549296449663,0.9796400441288776,1.0
100033265|F|0-68:G>A-68:G>A,,,0.05789473684210526,-0.02104806904204267,0.10930847923250588,-0.1925565993583364,0.8477400758817041,0.037078043956446885,0.9796400441288776,1.0
100028760|F|0-23:G>T-23:G>T,,,0.3473684210526316,-0.011016277746778137,0.057582725321298905,-0.19131219797794802,0.8487119443572592,0.03660035709515358,0.9796400441288776,1.0
100014339|F|0-37:C>G-37:C>G,,,0.15789473684210525,0.013155996202937562,0.06937295103762744,0.18964158229050734,0.8500170506096449,0.03596392973364727,0.9796400441288776,1.0
100016864|F|0-56:A>G-56:A>G,,,0.13297872340425532,-0.013164696366360374,0.06976786133912513,-0.18869284673024286,0.8507584012229783,0.035604990407162924,0.9796400441288776,1.0
100017140|F|0-53:T>C-53:T>C,,,0.11052631578947368,0.016528117746907618,0.08877986564720924,0.18616966388062078,0.8527306903603453,0.03465914374942332,0.9796400441288776,1.0
100016415|F|0-35:A>G-35:A>G,,,0.13157894736842105,0.012123794516416726,0.06533378563371932,0.18556699874068727,0.8532019129330618,0.03443511102162623,0.9796400441288776,1.0
100034782|F|0-29:A>T-29:A>T,,,0.14893617021276595,0.01146770632022,0.061909422961309274,0.18523361665617238,0.8534626065596458,0.03431149273952582,0.9796400441288776,1.0
100041553|F|0-26:T>A-26:T>A,,,0.06842105263157895,-0.016838721990068247,0.09115751250223944,-0.18472116590121496,0.8538633576098037,0.03412190913190418,0.9796400441288776,1.0
100029488|F|0-5:C>T-5:C>T,,,0.23684210526315788,-0.012483285746255226,0.06771307502809643,-0.1843556173025002,0.854149250437666,0.03398699363098591,0.9796400441288776,1.0
100029189|F|0-11:C>A-11:C>A,,,0.3473684210526316,0.011010830889890884,0.059757575847370514,0.18425832597383363,0.8542253445416894,0.03395113069067953,0.9796400441288776,1.0
100034109|F|0-45:G>A-45:G>A,,,0.4105263157894737,-0.011196760679399684,0.06093021871047743,-0.1837636712351783,0.8546122483181388,0.0337690868658307,0.9796400441288776,1.0
100033255|F|0-46:T>C-46:T>C,,,0.09782608695652173,0.014439338067932128,0.07891400699299085,0.18297560367470164,0.8552287240051173,0.03348007154012149,0.9796400441288776,1.0
100021620|F|0-68:T>C-68:T>C,Vu02 (old7),26207208.0,0.4421052631578948,0.011281149037894872,0.06174849008025409,0.18269513996589778,0.8554481419413024,0.033377514167158985,0.9796400441288776,1.0
100019105|F|0-61:T>C-61:T>C,,,0.13157894736842105,-0.01357991988301924,0.07438820184204084,-0.18255475393605342,0.8555579757957272,0.03332623818465301,0.9796400441288776,1.0
100017309|F|0-5:C>G-5:C>G,,,0.07368421052631578,-0.016396338036719357,0.09050552285333105,-0.18116395021871187,0.8566462526345279,0.032820376858847915,0.9796400441288776,1.0
100030288|F|0-38:C>G-38:C>G,,,0.22105263157894736,0.011037327501294587,0.06109360751494779,0.18066255947635898,0.8570386492146564,0.03263896039654895,0.9796400441288776,1.0
100019433|F|0-7:G>A-7:G>A,,,0.49473684210526314,-0.010020883799579937,0.05574029335587479,-0.17977809581304935,0.8577309324448035,0.03232016373416595,0.9796400441288776,1.0
100038435|F|0-28:C>A-28:C>A,,,0.2736842105263158,-0.012767993356502177,0.07121854500238606,-0.17927905373627623,0.8581215894439479,0.03214097910857462,0.9796400441288776,1.0
100017042|F|0-9:A>G-9:A>G,,,0.2736842105263158,-0.012767993356502177,0.07121854500238606,-0.17927905373627623,0.8581215894439479,0.03214097910857462,0.9796400441288776,1.0
100018345|F|0-65:A>C-65:A>C,,,0.07368421052631578,0.018517182451959335,0.10392705971037962,0.17817479397148717,0.8589861446102989,0.0317462572067819,0.9796400441288776,1.0
100033896|F|0-41:A>G-41:A>G,,,0.4883720930232558,0.008736563766254082,0.04912564106467802,0.17784121645866494,0.8592473454309262,0.03162749827149772,0.9796400441288776,1.0
100038956|F|0-22:A>T-22:A>T,Vu08 (old5),7476338.0,0.06842105263157895,-0.01751280493765427,0.09940900383795191,-0.176169202602635,0.860556815972219,0.031035587945648258,0.9796400441288776,1.0
100015398|F|0-67:C>T-67:C>T,,,0.08421052631578947,0.0148125789857169,0.08502191345160491,0.1742207200988052,0.8620833000891982,0.03035285931174623,0.9796400441288776,1.0
100030019|F|0-15:C>A-15:C>A,,,0.3894736842105263,0.00814859878524729,0.046777926646393866,0.17419751941646755,0.8621014791820457,0.03034477577085059,0.9796400441288776,1.0
100035251|F|0-22:T>A-22:T>A,,,0.28421052631578947,-0.01004811259698227,0.05784586798041256,-0.17370493256985453,0.8624874673249021,0.03017340359909771,0.9796400441288776,1.0
100014242|F|0-53:A>G-53:A>G,,,0.4421052631578947,-0.010334914962836766,0.05952770855385545,-0.17361519893692265,0.8625577856669238,0.030142237301907227,0.9796400441288776,1.0
100013053|F|0-56:A>T-56:A>T,,,0.3421052631578947,-0.010514812880888397,0.060649913844024586,-0.17336896649069763,0.8627507475149149,0.030056798542052638,0.9796400441288776,1.0
100033982|F|0-15:A>G-15:A>G,,,0.4368421052631579,0.009849344549273767,0.05709319318748129,0.17251346437973297,0.8634212326136155,0.0297608953922974,0.9796400441288776,1.0
100017082|F|0-22:G>A-22:G>A,,,0.25263157894736843,0.009953170715442583,0.05800697986434665,0.17158574259026696,0.8641484316811914,0.029441667060253352,0.9796400441288776,1.0
100029793|F|0-30:G>A-30:G>A,,,0.09473684210526316,0.013225826119359619,0.07740523693491447,0.17086474563058882,0.8647136693634473,0.02919476129940582,0.9796400441288776,1.0
100021820|F|0-10:T>A-10:T>A,,,0.1,-0.01727719189642793,0.10144183652303047,-0.17031623725094394,0.8651437288838812,0.029007620671319824,0.9796400441288776,1.0
100040910|F|0-51:A>G-51:A>G,,,0.1276595744680851,0.010591729664152803,0.06233498656727271,0.16991629015147175,0.8654573341284628,0.028871545658839134,0.9796400441288776,1.0
100020374|F|0-28:A>G-28:A>G,,,0.06842105263157895,-0.01572369741005745,0.09289187680375169,-0.16926880962127797,0.865965080143971,0.028651929910604446,0.9796400441288776,1.0
100017698|F|0-34:C>A-34:C>A,,,0.08421052631578947,-0.013531567077296044,0.08004746633366254,-0.16904428955805167,0.8661411590738969,0.02857597183218642,0.9796400441288776,1.0
100021294|F|0-38:G>A-38:G>A,,,0.4263157894736842,-0.009778664820496465,0.0578762319810842,-0.16895821455157006,0.8662086648330791,0.028546878264454383,0.9796400441288776,1.0
100019402|F|0-35:A>C-35:A>C,,,0.2894736842105263,0.009449467396764492,0.056409579268055704,0.1675152965041817,0.8673404447383098,0.02806137456288391,0.9796400441288776,1.0
100019511|F|0-33:G>A-33:G>A,,,0.23684210526315788,0.012787128884958128,0.0763651573060828,0.1674471622405678,0.8673938939850773,0.028038552142419033,0.9796400441288776,1.0
100014320|F|0-23:C>T-23:C>T,,,0.23684210526315788,0.009478987190166838,0.05688789653584891,0.16662572827233096,0.8680383322603699,0.027764133322284675,0.9796400441288776,1.0
100033181|F|0-15:C>A-15:C>A,,,0.39473684210526316,-0.009798939493842935,0.05887700165227581,-0.16643068123127105,0.86819136531849,0.027699171655104958,0.9796400441288776,1.0
100016397|F|0-22:A>T-22:A>T,,,0.07368421052631578,-0.01669775931533255,0.10085930012625048,-0.16555497900968136,0.8688784992642435,0.027408451074896034,0.9797205473631548,1.0
100019075|F|0-58:G>A-58:G>A,Vu09 (old8),41940020.0,0.14210526315789473,0.012016755981930994,0.07313322291752833,0.16431322868789988,0.869853031303687,0.026998837121842086,0.979811282005415,1.0
100013022|F|0-48:G>C-48:G>C,,,0.3526315789473684,0.009318892793879277,0.05689250987295156,0.16379823661655266,0.8702572587840001,0.026829862318692173,0.979811282005415,1.0
100018361|F|0-34:C>A-34:C>A,,,0.07894736842105263,0.015540922122489318,0.09536987442263635,0.16295420557668922,0.8709198299593987,0.02655407311512989,0.979811282005415,1.0
100018106|F|0-5:T>C-5:T>C,Vu07 (old2),35385132.0,0.2789473684210526,0.009434485091922433,0.05812485269688225,0.1623141333557046,0.8714223532606299,0.02634587788701346,0.979811282005415,1.0
100020372|F|0-11:G>T-11:G>T,Vu03 (old3),40582693.0,0.05789473684210526,-0.017403459347821122,0.10855117409791763,-0.16032492962372277,0.8729844211552826,0.02570408305885166,0.9808744449562533,1.0
100033254|F|0-20:A>G-20:A>G,,,0.23684210526315788,-0.009100716051959395,0.05768859467750921,-0.15775589790034267,0.8750025566669759,0.02488692332234334,0.9816928552800547,1.0
100034016|F|0-46:G>A-46:G>A,,,0.15789473684210525,-0.010767923489630234,0.06850579373475012,-0.15718266883123666,0.8754529773521095,0.024706391380910218,0.9816928552800547,1.0
100020803|F|0-42:G>T-42:G>T,,,0.06179775280898877,-0.014726656369775376,0.09377556319781244,-0.15704151345602277,0.8755638979524811,0.02466203694855818,0.9816928552800547,1.0
100034274|F|0-23:G>T-23:G>T,,,0.4631578947368421,-0.009526916997375713,0.06164300926561702,-0.15454983640277273,0.8775222774280684,0.023885651932123813,0.9831957347803216,1.0
100019025|F|0-58:C>A-58:C>A,,,0.10526315789473684,0.012151942537342713,0.08047464573653504,0.15100336790704005,0.8803110017038506,0.022802017119268894,0.9856261813587799,1.0
100021950|F|0-63:C>T-63:C>T,,,0.09473684210526316,0.011831139508236692,0.07934104312970411,0.1491175190234837,0.8817945342375484,0.02223603447971902,0.9865929001209138,1.0
100019372|F|0-56:G>A-56:G>A,,,0.14516129032258063,-0.013800211308277636,0.09391604913549197,-0.14694199165435692,0.8835064704911091,0.0215919489113491,0.9878136293403756,1.0
100020153|F|0-41:C>T-41:C>T,,,0.2789473684210526,0.010538644850532426,0.07214980471636628,0.14606615904175643,0.8841958253799697,0.021335322817211684,0.9878901391710195,1.0
100034199|F|0-61:A>C-61:A>C,,,0.11052631578947368,-0.010858962513121429,0.07505550162798623,-0.14467910116628155,0.8852877402994485,0.020932042314283132,0.9880950850622959,1.0
100016381|F|0-40:C>G-40:C>G,Vu08 (old5),3031274.0,0.2736842105263158,-0.008140287478489413,0.05642970751902836,-0.1442553547835503,0.8856213647384248,0.02080960738372797,0.9880950850622959,1.0
100043978|F|0-67:T>A-67:T>A,,,0.3631578947368421,0.008932199495681147,0.06319394461732697,0.14134581327009063,0.8879126615862247,0.019978638928983328,0.9891710318645875,1.0
100015370|F|0-45:C>T-45:C>T,Vu06 (old6),29854679.0,0.07894736842105263,0.013301940878937143,0.09573514032244852,0.13894522778296936,0.8898038679893236,0.01930577632366124,0.9891710318645875,1.0
100014259|F|0-39:T>A-39:T>A,,,0.41578947368421054,0.007469038463268134,0.05383936148743928,0.13872821402257268,0.8899748652996481,0.019245517365892733,0.9891710318645875,1.0
100034357|F|0-15:T>C-15:T>C,,,0.30526315789473685,-0.008481575980036982,0.061264186501885344,-0.13844264429718608,0.8901998896275517,0.01916636575999719,0.9891710318645875,1.0
100035349|F|0-16:C>T-16:C>T,,,0.37894736842105264,0.009152231812559806,0.06629518650672782,0.13805273496939346,0.8905071463948346,0.01905855763252959,0.9891710318645875,1.0
100017048|F|0-68:G>T-68:G>T,,,0.15789473684210525,0.009124295537824536,0.06666145534400553,0.13687513257457,0.8914352232130852,0.01873480191730612,0.9891710318645875,1.0
100017664|F|0-11:A>T-11:A>T,,,0.07368421052631578,0.011629059404739734,0.08564938817154062,0.13577516025507128,0.8923022558510645,0.018434894142290287,0.9891710318645875,1.0
100029548|F|0-5:C>T-5:C>T,,,0.42105263157894735,-0.00766483466474313,0.05651378274570448,-0.13562770517826858,0.892418494535224,0.01839487441192334,0.9891710318645875,1.0
100047216|F|0-43:T>C-43:T>C,,,0.06842105263157895,0.013606023930297372,0.10042738394933007,0.13548121433853336,0.8925339754393375,0.018355159438643617,0.9891710318645875,1.0
100034340|F|0-9:G>A-9:G>A,Vu07 (old2),25775716.0,0.06315789473684211,-0.013840096418746693,0.10241307404645719,-0.13513993743092284,0.89280301807514,0.01826280268883374,0.9891710318645875,1.0
100046739|F|0-18:T>G-18:T>G,,,0.05789473684210526,-0.013686720512341388,0.1026310636865492,-0.13335845913224384,0.8942076336900739,0.01778447862212635,0.990037818511418,1.0
100038773|F|0-28:C>G-28:C>G,,,0.45263157894736844,0.006467719876844349,0.04901598302207094,0.13195124280037515,0.8953173992848982,0.017411130476563556,0.9905771782074221,1.0
100029336|F|0-36:T>A-36:T>A,,,0.06315789473684211,0.011069913823700513,0.08491724569664655,0.13036119733847742,0.8965715990325,0.016994041771521452,0.9912754788469129,1.0
100013882|F|0-67:C>T-67:C>T,,,0.2894736842105263,0.006651022561622951,0.051977527419952145,0.12795957968308208,0.89846644986654,0.016373654032671034,0.9913444319665917,1.0
100014340|F|0-44:A>G-44:A>G,,,0.06842105263157895,0.012984782111628158,0.10172384416544504,0.12764737921730065,0.8987128161940062,0.01629385342104536,0.9913444319665917,1.0
100039190|F|0-22:G>A-22:G>A,,,0.14736842105263157,-0.01068155119043748,0.08415497303164805,-0.12692715362668444,0.8992812046521793,0.016110502327771954,0.9913444319665917,1.0
100029593|F|0-34:A>G-34:A>G,,,0.05263157894736842,0.014132281846869585,0.11190099229706016,0.12629273035714506,0.8997819230617083,0.015949853741062548,0.9913444319665917,1.0
100015590|F|0-63:C>G-63:C>G,,,0.22105263157894736,0.007301074476523072,0.05798263406462462,0.12591829595712484,0.9000774643657565,0.015855417256746083,0.9913444319665917,1.0
100060605|F|0-26:G>C-26:G>C,,,0.1736842105263158,-0.008706257047349583,0.06976904004063376,-0.12478682582244251,0.9009706198758607,0.015571751898840604,0.9913444319665917,1.0
100043419|F|0-6:T>A-6:T>A,,,0.3263157894736842,0.007629779904817858,0.061279243428088784,0.1245083894315929,0.9011904305064786,0.015502339038849193,0.9913444319665917,1.0
100034393|F|0-68:C>A-68:C>A,,,0.08947368421052632,0.011182030198725374,0.09159032916136871,0.12208745509609731,0.9031019514697127,0.014905346691841577,0.9913444319665917,1.0
100014400|F|0-16:A>T-16:A>T,,,0.1736842105263158,0.00792680024614691,0.06511844206796814,0.12172896025173972,0.9033850606021782,0.01481793976396963,0.9913444319665917,1.0
100017394|F|0-18:C>T-18:C>T,,,0.3684210526315789,0.006801773115187695,0.0559590681267489,0.12154907761833138,0.9035271215131375,0.014774178269867147,0.9913444319665917,1.0
100033812|F|0-51:C>A-51:C>A,,,0.06315789473684211,0.011387817824693261,0.0944299394757591,0.12059541590214196,0.9042803207814052,0.014543254336610592,0.9913444319665917,1.0
100029682|F|0-15:A>G-15:A>G,,,0.1736842105263158,-0.009072163245670896,0.07550059627434946,-0.12016015360600626,0.9046241188336378,0.01443846251461902,0.9913444319665917,1.0
100020292|F|0-58:T>C-58:T>C,Vu07 (old2),39103737.0,0.3105263157894737,0.00714615960537479,0.05988591319059721,0.1193295589002861,0.905280226143164,0.01423954362733685,0.9913444319665917,1.0
100028230|F|0-30:T>C-30:T>C,,,0.09883720930232553,-0.00789741274752143,0.06637953924144745,-0.11897359996422328,0.9055614270659014,0.01415471748844703,0.9913444319665917,1.0
100020867|F|0-34:T>C-34:T>C,,,0.24736842105263157,0.008759917276833508,0.07395875287831925,0.11844328001644072,0.9059803922560807,0.014028810581052986,0.9913444319665917,1.0
100018573|F|0-44:G>C-44:G>C,,,0.08421052631578947,-0.01093528468611144,0.09423630205410233,-0.11604110568593137,0.9078784977588334,0.013465538208813495,0.991437367748307,1.0
100016098|F|0-43:C>A-43:C>A,,,0.08421052631578947,-0.01093528468611144,0.09423630205410233,-0.11604110568593137,0.9078784977588334,0.013465538208813495,0.991437367748307,1.0
100041891|F|0-46:G>A-46:G>A,,,0.10526315789473684,0.009084863112531604,0.07833812670235564,0.11596987948217584,0.9079347861780537,0.013449012947110388,0.991437367748307,1.0
100048863|F|0-39:A>G-39:A>G,,,0.07446808510638298,0.011869049133096927,0.10388364079581563,0.11425330342845477,0.9092914979856513,0.013053817344314555,0.9918486916074359,1.0
100059434|F|0-46:A>G-46:A>G,,,0.39473684210526316,0.009418177021534174,0.08267666390767758,0.11391578441107825,0.9095582910466681,0.012976805937991259,0.9918486916074359,1.0
100014402|F|0-62:C>T-62:C>T,,,0.46808510638297873,-0.006204666837858007,0.05599472139239549,-0.11080806696719538,0.9120152803685081,0.012278427705006456,0.9935258192564224,1.0
100018053|F|0-15:A>T-15:A>T,,,0.16842105263157894,-0.007101911303481628,0.06433424171840538,-0.1103908449650669,0.9123452054893986,0.012186138652101436,0.9935258192564224,1.0
100058466|F|0-43:T>C-43:T>C,,,0.45744680851063835,-0.007442468387409149,0.06846435351991792,-0.10870574254738206,0.9136778835157795,0.011816938462777711,0.9936285776035714,1.0
100049389|F|0-23:C>A-23:C>A,,,0.31382978723404253,0.006498586863978648,0.05978892198399317,0.10869215647872804,0.9136886291854337,0.011813984879996303,0.9936285776035714,1.0
100041895|F|0-45:G>A-45:G>A,,,0.07894736842105263,0.009156798730513496,0.08669634608603728,0.10561920016128831,0.9161195400087963,0.011155415442710285,0.9950897541441385,1.0
100013718|F|0-18:C>A-18:C>A,,,0.07368421052631578,0.008947175815061112,0.08487781762023378,0.10541241593997136,0.9162831488505109,0.011111777434301529,0.9950897541441385,1.0
100019377|F|0-46:G>A-46:G>A,,,0.18421052631578946,-0.008244250997981125,0.0788798952974695,-0.10451650533878946,0.9169920399300012,0.010923699888233206,0.995180310728944,1.0
100030735|F|0-21:A>G-21:A>G,,,0.06315789473684211,0.010102321113659598,0.09742369354789654,0.1036947044990958,0.9176423505380106,0.0107525917411548,0.9952072117968471,1.0
100058672|F|0-30:C>T-30:C>T,,,0.18681318681318682,-0.008072234289204542,0.08177953259632649,-0.09870726859066377,0.921590213453368,0.009743124872629438,0.9952742189738456,1.0
100038652|F|0-16:A>G-16:A>G,,,0.13157894736842105,-0.006892928186284869,0.07011327562621482,-0.09831131301056566,0.9219037222021249,0.009665114265861417,0.9952742189738456,1.0
100050516|F|0-63:C>G-63:C>G,,,0.4263157894736842,0.005372633781008924,0.05494002763002173,0.09779088239979465,0.9223158062472012,0.009563056680530467,0.9952742189738456,1.0
100016571|F|0-39:C>T-39:C>T,,,0.09473684210526316,-0.00800379813614031,0.08288382983510831,-0.09656646117901788,0.9232854030724819,0.009325081424638766,0.9952742189738456,1.0
100014308|F|0-20:G>A-20:G>A,,,0.48947368421052634,-0.0059181714218707725,0.06201495782364946,-0.09543135445967961,0.9241843769428646,0.009107143414009011,0.9952742189738456,1.0
100043217|F|0-12:G>T-12:G>T,,,0.06842105263157895,0.009420183281074877,0.0988553423686286,0.09529260690785225,0.924294268033563,0.00908068093129445,0.9952742189738456,1.0
100043216|F|0-30:A>T-30:A>T,,,0.06842105263157895,0.009420183281074877,0.0988553423686286,0.09529260690785225,0.924294268033563,0.00908068093129445,0.9952742189738456,1.0
100016054|F|0-59:T>A-59:T>A,,,0.1736842105263158,-0.006233946782516411,0.06719322496267785,-0.09277641884251019,0.9262873966955638,0.00860746389324088,0.9952742189738456,1.0
100028749|F|0-23:C>A-23:C>A,,,0.23684210526315788,-0.005529979251908846,0.06073562121765882,-0.09105001547758947,0.9276551921877714,0.008290105318469281,0.9952742189738456,1.0
100014938|F|0-65:C>T-65:C>T,,,0.29473684210526313,-0.00708508689585316,0.07817002033675607,-0.09063688182925678,0.9279825422554735,0.008215044347730658,0.9952742189738456,1.0
100043121|F|0-26:C>T-26:C>T,,,0.4473684210526316,0.005319972805794946,0.058753841478632114,0.09054680803687942,0.9280539146619159,0.008198724445667492,0.9952742189738456,1.0
100038568|F|0-15:C>T-15:C>T,,,0.30526315789473685,-0.005282803695558575,0.059242682724894545,-0.08917225643022193,0.9291431504921457,0.007951691316857256,0.9952742189738456,1.0
100015600|F|0-30:C>A-30:C>A,,,0.30526315789473685,-0.005282803695558575,0.059242682724894545,-0.08917225643022193,0.9291431504921457,0.007951691316857256,0.9952742189738456,1.0
100016712|F|0-57:C>A-57:C>A,Vu06 (old6),27002353.0,0.4052631578947369,-0.0049054787375508975,0.055155664749135885,-0.08893880184134216,0.9293281603621447,0.007910110472973528,0.9952742189738456,1.0
100021048|F|0-66:C>T-66:C>T,,,0.4368421052631579,0.005434883488354359,0.06122746699752507,0.08876544719013196,0.9294655442892579,0.007879304614864106,0.9952742189738456,1.0
100014662|F|0-39:T>C-39:T>C,,,0.49473684210526314,-0.004706577485275328,0.05328059026114153,-0.08833568588874882,0.9298061402365828,0.007803193401435698,0.9952742189738456,1.0
100013031|F|0-8:C>T-8:C>T,,,0.39473684210526316,0.005115065219963997,0.05818430465053006,0.08791142646949891,0.9301423886360207,0.007728418903902114,0.9952742189738456,1.0
100021275|F|0-33:T>A-33:T>A,,,0.42105263157894735,-0.004533049042563638,0.051627784145491594,-0.08780251017144394,0.9302287127057742,0.007709280792406517,0.9952742189738456,1.0
100014015|F|0-51:C>G-51:C>G,,,0.4368421052631579,-0.005236958289180788,0.06104289948216574,-0.08579144066888261,0.931822780128066,0.0073601712920424054,0.9952742189738456,1.0
100029328|F|0-28:G>C-28:G>C,,,0.39473684210526316,-0.004914877591284375,0.05740017748977107,-0.08562478037912384,0.9319548954079806,0.007331603014973191,0.9952742189738456,1.0
100036044|F|0-63:T>G-63:T>G,,,0.08421052631578947,-0.0076873303913283205,0.09103305311657586,-0.08444548576750485,0.9328898024540412,0.007131040066509864,0.9952742189738456,1.0
100014994|F|0-36:G>A-36:G>A,Vu09 (old8),3414321.0,0.4368421052631579,-0.0042589365779550055,0.05081692269968005,-0.0838094152832639,0.933394097950596,0.007024018090122588,0.9952742189738456,1.0
100014831|F|0-22:G>T-22:G>T,,,0.2736842105263158,-0.00466618593088762,0.056079383349257016,-0.08320679815302287,0.9338718957157143,0.00692337125887789,0.9952742189738456,1.0
100017712|F|0-29:G>A-29:G>A,Vu04 (old11),3133419.0,0.3526315789473684,-0.00442148831773931,0.05348543246518112,-0.08266715092221957,0.9342997870246403,0.006833857841597029,0.9952742189738456,1.0
100017523|F|0-41:C>T-41:C>T,,,0.49473684210526314,0.004788225013768096,0.05811721101075672,0.08238910523221529,0.9345202595801301,0.006787964660965045,0.9952742189738456,1.0
100020016|F|0-66:T>C-66:T>C,,,0.06914893617021277,0.007212630903273468,0.0883646204158076,0.08162351481094798,0.9351273504475897,0.006662398170093045,0.9952742189738456,1.0
100035309|F|0-20:A>C-20:A>C,,,0.15425531914893617,0.005007903665005475,0.06141464228423843,0.08154250320026228,0.9351915925416647,0.006649179828164784,0.9952742189738456,1.0
100029235|F|0-18:C>T-18:C>T,,,0.08947368421052632,0.007366321681481533,0.09096415274630804,0.08098049021602645,0.9356372798430155,0.006557839795627955,0.9952742189738456,1.0
100030290|F|0-11:A>C-11:A>C,,,0.49473684210526314,0.004949234379936208,0.06192029019383366,0.07992912120474975,0.9364710910143601,0.006388664416563577,0.9952742189738456,1.0
100022139|F|0-65:T>C-65:T>C,,,0.49473684210526314,0.004949234379936208,0.06192029019383366,0.07992912120474975,0.9364710910143601,0.006388664416563577,0.9952742189738456,1.0
100030037|F|0-16:T>A-16:T>A,,,0.4473684210526316,-0.004479343881775126,0.0572367135407642,-0.07825997693918818,0.937794987498388,0.006124623990522266,0.9960159046127738,1.0
100034437|F|0-39:T>A-39:T>A,,,0.19473684210526315,-0.005012094592653972,0.06557110235534667,-0.07643755271174399,0.9392406588869456,0.005842699464560641,0.9962700801388152,1.0
100032852|F|0-43:C>T-43:C>T,,,0.16842105263157894,-0.005103442975821236,0.06681689190865353,-0.0763795326307341,0.9392866877487258,0.0058338330048893754,0.9962700801388152,1.0
100015018|F|0-5:T>A-5:T>A,,,0.14210526315789473,-0.005149146790307311,0.06966343288807446,-0.07391462890696539,0.9412423494390645,0.0054633723664544035,0.9965271542435157,1.0
100014230|F|0-12:A>G-12:A>G,,,0.22631578947368422,0.004196741341955617,0.05692374010959149,0.07372567814194764,0.9413922785374833,0.005435475617490056,0.9965271542435157,1.0
100017507|F|0-36:T>C-36:T>C,,,0.2631578947368421,0.004547086959159181,0.062068259814298324,0.0732594561658984,0.9417622264721319,0.00536694791772319,0.9965271542435157,1.0
100018485|F|0-30:G>A-30:G>A,,,0.22105263157894736,0.0048053975021280304,0.0673506264701815,0.07134896516895131,0.9432783369099268,0.005090674830680228,0.9965271542435157,1.0
100019488|F|0-31:C>T-31:C>T,,,0.07065217391304349,-0.005353612403190508,0.07559842035136864,-0.0708164585755605,0.9437009562291115,0.005014970805184076,0.9965271542435157,1.0
100018381|F|0-53:C>A-53:C>A,Vu07 (old2),28235227.0,0.20526315789473684,0.004129966788623205,0.059051707984407606,0.06993814285123993,0.9443980591680888,0.004891343825480444,0.9965271542435157,1.0
100044377|F|0-51:A>T-51:A>T,,,0.1,-0.006390957741051269,0.09160341808307432,-0.0697676776128088,0.9445333593075147,0.004867528839484823,0.9965271542435157,1.0
100014950|F|0-45:G>A-45:G>A,,,0.18421052631578946,0.0045932818924136355,0.06730607067861626,0.06824468946265441,0.945742243531248,0.004657337639854134,0.9965271542435157,1.0
100038942|F|0-11:T>A-11:T>A,,,0.4,-0.006662674702717925,0.09974006605771045,-0.0668003838985112,0.9468887902246067,0.004462291288988475,0.9965271542435157,1.0
100017989|F|0-62:A>T-62:A>T,,,0.05789473684210526,-0.007111931701716767,0.10660474208384405,-0.06671308951831872,0.9469580915533904,0.0044506363130792075,0.9965271542435157,1.0
100018351|F|0-64:C>T-64:C>T,,,0.3105263157894737,-0.0035578088585360955,0.053616077876936175,-0.06635712643327357,0.9472406880163015,0.004403268228481454,0.9965271542435157,1.0
100040977|F|0-30:G>T-30:G>T,,,0.3105263157894737,-0.004193366487999399,0.06494472087446425,-0.06456824252282217,0.9486609711854942,0.004169057942485981,0.9965271542435157,1.0
100014819|F|0-24:A>T-24:A>T,,,0.26842105263157895,0.004156233871980535,0.06437414703031183,0.0645637117338967,0.9486645686148159,0.004168472872857711,0.9965271542435157,1.0
100020980|F|0-48:G>A-48:G>A,,,0.1736842105263158,0.004194893757627998,0.06530811814283162,0.06423234778337339,0.9489276732216064,0.004125794501764232,0.9965271542435157,1.0
100016083|F|0-25:C>A-25:C>A,,,0.23404255319148937,-0.0035604638443498507,0.05678187434398961,-0.06270423238902341,0.9501410771707669,0.003931820759496652,0.9965271542435157,1.0
100028279|F|0-18:C>T-18:C>T,,,0.25263157894736843,0.0051058926776720755,0.08183850066559442,0.06238986095964286,0.950390719284691,0.0038924947505635677,0.9965271542435157,1.0
100014256|F|0-11:C>T-11:C>T,,,0.3,-0.0031671840899614224,0.05114500814043231,-0.06192557602620906,0.9507594166460873,0.003834776966177798,0.9965271542435157,1.0
100019098|F|0-17:C>A-17:C>A,,,0.30526315789473685,0.003735198860734334,0.06037155115002094,0.06187018205731556,0.9508034067515126,0.003827919427805372,0.9965271542435157,1.0
100041314|F|0-40:C>T-40:C>T,,,0.45263157894736844,0.0031878430553001166,0.05266583418549973,0.06052962237476175,0.9518680338217738,0.0036638351848312578,0.996930521130661,1.0
100033755|F|0-33:T>A-33:T>A,,,0.37894736842105264,0.0038591248491515414,0.06497063713959163,0.059397983751645844,0.9527668109336983,0.0035281204737607837,0.996930521130661,1.0
100033716|F|0-51:T>C-51:T>C,,,0.10526315789473684,0.004315647942204488,0.07422177199519123,0.058145310010708114,0.9537617884998288,0.003380877076241353,0.996930521130661,1.0
100038389|F|0-45:C>T-45:C>T,,,0.21052631578947367,0.0036975045353449284,0.06429149384972778,0.05751156667765909,0.9542651881227554,0.003307580301718827,0.996930521130661,1.0
100033945|F|0-15:G>T-15:G>T,,,0.3894736842105263,-0.00539688725914633,0.09395542799019442,-0.05744093103071779,0.954321297097421,0.003299460557675678,0.996930521130661,1.0
100032847|F|0-25:A>T-25:A>T,,,0.3684210526315789,-0.0026338510069803525,0.0488496616224011,-0.05391748723541908,0.9571204084264228,0.0029070954297815794,0.9978285044710179,1.0
100032947|F|0-56:G>C-56:G>C,,,0.24193548387096775,-0.0034390256717566786,0.06436932957262727,-0.05342646404102221,0.9575105329429887,0.0028543870599266395,0.9978285044710179,1.0
100029178|F|0-32:G>A-32:G>A,,,0.2578947368421053,-0.0036640908138708,0.06976874662652005,-0.05251765283222143,0.9582326228723731,0.0027581038590057355,0.9978285044710179,1.0
100015553|F|0-28:T>C-28:T>C,,,0.2578947368421053,-0.0036640908138708,0.06976874662652005,-0.05251765283222143,0.9582326228723731,0.0027581038590057355,0.9978285044710179,1.0
100046246|F|0-7:G>A-7:G>A,,,0.06842105263157895,-0.005344687490944208,0.10296244291746869,-0.05190909752625367,0.9587161659785283,0.0026945544059901144,0.9978285044710179,1.0
100014001|F|0-46:T>A-46:T>A,,,0.05789473684210526,0.006062130371776636,0.11743202529428917,0.051622462923420626,0.958943924158508,0.0026648786782799373,0.9978285044710179,1.0
100021815|F|0-12:C>A-12:C>A,,,0.14210526315789473,-0.0034298345814624456,0.06753585638855206,-0.05078538668007227,0.9596090794852327,0.0025791555002444622,0.9978680035692844,1.0
100034779|F|0-8:A>T-8:A>T,,,0.2578947368421053,0.0030578090001072175,0.06289206978040265,0.048619945420528034,0.9613299082260501,0.002363899092695125,0.9987008040306642,1.0
100039187|F|0-27:A>C-27:A>C,,,0.05851063829787234,-0.004383036488657433,0.09093848951849426,-0.04819781493914137,0.9616653876649764,0.002323029364907719,0.9987008040306642,1.0
100029224|F|0-12:A>G-12:A>G,,,0.1,0.003722612334203151,0.0806054687834385,0.046183123681156645,0.963266615752895,0.0021328809129490117,0.9992688752632696,1.0
100051692|F|0-12:T>A-12:T>A,,,0.09473684210526316,-0.003729523857754645,0.0822543125119647,-0.04534137778140385,0.9639356601156959,0.0020558405391159825,0.9992688752632696,1.0
100022089|F|0-61:C>T-61:C>T,,,0.05813953488372093,-0.004205679945254457,0.09521592668557911,-0.04416992084887649,0.9648668113553286,0.0019509819077960142,0.9992688752632696,1.0
100040976|F|0-5:T>C-5:T>C,,,0.3105263157894737,-0.002712646970388393,0.0636216667191594,-0.04263715665234986,0.9660852268114879,0.0018179271273970217,0.9992688752632696,1.0
100034817|F|0-14:G>A-14:G>A,,,0.22043010752688172,-0.0025910648937969684,0.060836356166821565,-0.04259073121821951,0.9661221323018987,0.001813970385702618,0.9992688752632696,1.0
100018976|F|0-8:C>T-8:C>T,Vu03 (old3),2426825.0,0.10106382978723405,-0.0031810800547054717,0.07862130602713993,-0.04046078875371733,0.9678153893767476,0.0016370754265729386,0.9992688752632696,1.0
100020853|F|0-67:A>G-67:A>G,,,0.10526315789473684,-0.003032833861480232,0.07508718196752044,-0.040390833455330746,0.9678710048342558,0.0016314194272162655,0.9992688752632696,1.0
100017269|F|0-12:A>G-12:A>G,,,0.11578947368421053,0.004294070345053888,0.10732717156189953,0.04000916340721175,0.9681744407437902,0.0016007331565449719,0.9992688752632696,1.0
100047334|F|0-54:C>T-54:C>T,,,0.12631578947368421,-0.003354270875078155,0.08469162917736298,-0.03960569548205964,0.968495211528162,0.0015686111146176393,0.9992688752632696,1.0
100030376|F|0-12:T>C-12:T>C,,,0.4789473684210526,-0.0021485761818245816,0.05549462349332453,-0.038716835011648194,0.9692019041799727,0.0014989933133191873,0.9992688752632696,1.0
100017287|F|0-5:C>A-5:C>A,,,0.13157894736842105,0.002550028294358432,0.06752095083928421,0.037766474889077035,0.9699575196031353,0.0014263066255472863,0.9992688752632696,1.0
100033857|F|0-15:C>A-15:C>A,Vu03 (old3),47106161.0,0.08421052631578947,-0.003024322114717422,0.08383254278275708,-0.036075753094530656,0.971301851541178,0.0013014599613375383,0.9992688752632696,1.0
100033589|F|0-16:T>C-16:T>C,,,0.14736842105263157,-0.0021343491022862695,0.06458372517258365,-0.033047785592775304,0.9737096630654589,0.001092156132586047,0.9992688752632696,1.0
100021376|F|0-67:G>C-67:G>C,,,0.25263157894736843,-0.002150734331694872,0.06987640225971067,-0.030779122309434387,0.9755138438263773,0.0009473543701391216,0.9992688752632696,1.0
100038944|F|0-45:C>T-45:C>T,,,0.07368421052631578,-0.0027258358081550826,0.08877355336558652,-0.030705493976675324,0.9755723997959321,0.0009428273603516446,0.9992688752632696,1.0
100018711|F|0-35:A>G-35:A>G,Vu02 (old7),32416848.0,0.08947368421052632,-0.0024146346422405677,0.08208944418884435,-0.02941467890421784,0.976598995198066,0.000865223335038238,0.9992688752632696,1.0
100047135|F|0-14:G>A-14:G>A,,,0.2127659574468085,0.0018623690458998902,0.0640842937359167,0.029061240084418787,0.976880094823568,0.0008445556752442292,0.9992688752632696,1.0
100030430|F|0-19:A>C-19:A>C,,,0.25263157894736843,-0.0017599271575698783,0.06334842296555675,-0.027781704345296337,0.9778977689855558,0.0007718230963294574,0.9992688752632696,1.0
100028477|F|0-24:T>G-24:T>G,,,0.08947368421052632,-0.0024825444989804266,0.08940185387653025,-0.02776837829793755,0.9779083680049204,0.0007710828332973691,0.9992688752632696,1.0
100017334|F|0-26:T>C-26:T>C,,,0.12631578947368421,-0.001975320695390174,0.07201745752149512,-0.027428359225269764,0.9781788072766008,0.000752314889790441,0.9992688752632696,1.0
100018271|F|0-48:A>G-48:A>G,,,0.38421052631578945,-0.001687307834298015,0.06165749263694784,-0.02736581982393016,0.978228549206503,0.0007488880946358089,0.9992688752632696,1.0
100012953|F|0-27:C>A-27:C>A,,,0.45789473684210524,0.001343711827290472,0.051146086775753295,0.02627203588774816,0.9790985252882833,0.0006902198696871272,0.9992688752632696,1.0
100041853|F|0-27:G>A-27:G>A,,,0.23404255319148937,-0.002040504190131126,0.07895469252732855,-0.02584398880946623,0.9794389931799315,0.0006679117575838156,0.9992688752632696,1.0
100015115|F|0-13:C>T-13:C>T,,,0.2894736842105263,0.0014632193090156507,0.057766475665445544,0.025329904449942268,0.9798479000012221,0.0006416040594432051,0.9992688752632696,1.0
100018346|F|0-11:A>C-11:A>C,,,0.3526315789473684,0.0016425092658187564,0.0670542589530726,0.024495226574172625,0.9805118208942915,0.0006000161249200527,0.9992688752632696,1.0
100049017|F|0-36:G>A-36:G>A,,,0.24736842105263157,-0.0017001646361945587,0.07017877714227619,-0.02422619352212063,0.9807258185687172,0.0005869084525712396,0.9992688752632696,1.0
100034114|F|0-47:T>A-47:T>A,,,0.17894736842105263,0.0015384597383116471,0.0658810288817128,0.02335209034263719,0.9814211184336277,0.0005453201233706891,0.9992688752632696,1.0
100040013|F|0-13:A>G-13:A>G,,,0.49473684210526314,0.0011982780538493645,0.051469689926070074,0.02328123708478805,0.9814774788469715,0.0005420160001981104,0.9992688752632696,1.0
100018446|F|0-67:T>A-67:T>A,,,0.11052631578947368,0.0021629879243721503,0.09753284499436794,0.02217702072052807,0.9823558426738067,0.0004918202480387314,0.9992688752632696,1.0
100035283|F|0-38:G>T-38:G>T,,,0.3263157894736842,0.0011651012657346639,0.05651870854264185,0.02061443539276249,0.9835988591947271,0.0004249549465623788,0.9992688752632696,1.0
100035888|F|0-14:T>C-14:T>C,,,0.2631578947368421,0.0012539828727681323,0.061174148885341034,0.020498574898336185,0.9836910263770594,0.00042019157286269835,0.9992688752632696,1.0
100012937|F|0-46:C>T-46:C>T,,,0.07894736842105263,-0.0018246468474352837,0.09324735755481497,-0.019567812914834337,0.984431456736847,0.00038289930226995746,0.9992688752632696,1.0
100015028|F|0-52:A>T-52:A>T,,,0.12631578947368421,-0.0014572190342418288,0.07616408000458363,-0.01913262832235526,0.9847776551001257,0.0003660574665213906,0.9992688752632696,1.0
100028495|F|0-31:A>T-31:A>T,,,0.08947368421052632,0.0016852666286120773,0.08834520636046578,0.019075926108948784,0.9848227631021729,0.00036389095691407387,0.9992688752632696,1.0
100018802|F|0-14:G>A-14:G>A,Vu01 (old4),30676663.0,0.37894736842105264,-0.0011936713518564922,0.06570555259430322,-0.018166978356102974,0.9855458599757252,0.0003300391025911139,0.9992688752632696,1.0
100017321|F|0-51:A>T-51:A>T,,,0.38421052631578945,0.0017319452911618701,0.09561726702050617,0.018113310964958197,0.9855885544772556,0.00032809203411327486,0.9992688752632696,1.0
100019282|F|0-52:T>A-52:T>A,Vu04 (old11),1200237.0,0.3263157894736842,0.0010606045753194923,0.05858796713118357,0.018102771392369803,0.9855969391230002,0.00032771033208440256,0.9992688752632696,1.0
100013478|F|0-51:G>A-51:G>A,,,0.43157894736842106,0.0008587462661306292,0.049430947592981375,0.01737264422283827,0.9861777879725336,0.000301808767293316,0.9992688752632696,1.0
100015415|F|0-31:C>A-31:C>A,,,0.39473684210526316,0.0014353531221700405,0.09013690796265328,0.01592414422252819,0.987330156314745,0.000253578369219878,0.9992688752632696,1.0
100033353|F|0-46:A>T-46:A>T,,,0.06914893617021277,-0.0014389514027630277,0.09040051572675828,-0.015917513204375476,0.9873354317497547,0.00025336722661146766,0.9992688752632696,1.0
100018913|F|0-12:G>A-12:G>A,,,0.35789473684210527,-0.0006983481139378217,0.05390900130262058,-0.012954202397807622,0.989693003950969,0.00016781135976336474,0.9997905425820367,1.0
100046635|F|0-47:T>A-47:T>A,,,0.3473684210526316,0.0006129341852266455,0.053825867134774885,0.011387353661984047,0.9909396070908851,0.00012967182342310147,0.9997905425820367,1.0
100014225|F|0-25:G>A-25:G>A,,,0.12631578947368421,-0.0009366832262692091,0.08274703014131232,-0.011319841022325226,0.9909933214624659,0.00012813880077071701,0.9997905425820367,1.0
100019870|F|0-67:G>A-67:G>A,,,0.18421052631578946,0.0007204598528438077,0.06383756863431607,0.011285828521616383,0.9910203824864937,0.00012736992541932985,0.9997905425820367,1.0
100033115|F|0-33:C>G-33:C>G,,,0.4263157894736842,-0.0006509329803451137,0.06097600715119518,-0.01067523130419265,0.9915061875688637,0.00011396056339801472,0.9997905425820367,1.0
100014677|F|0-27:A>C-27:A>C,Vu01 (old4),38105105.0,0.48947368421052634,-0.0005592901031279915,0.053111148900209695,-0.010530559302696299,0.9916212923912343,0.00011089267922760356,0.9997905425820367,1.0
100019999|F|0-68:T>C-68:T>C,,,0.21505376344086022,-0.0006358108180637129,0.06781314148429472,-0.009375923370412863,0.9925399570426885,8.790793904785411e-05,0.9998897023628976,1.0
100014890|F|0-17:C>T-17:C>T,,,0.07894736842105263,-0.0006786884249100506,0.09427538372553979,-0.007198999336729188,0.9942720126080006,5.182559145022729e-05,0.9998897023628976,1.0
100019849|F|0-35:A>C-35:A>C,,,0.48947368421052634,-0.000361501791297139,0.05603834221897698,-0.006450972262607708,0.9948671822793533,4.161504313293401e-05,0.9998897023628976,1.0
100020367|F|0-37:A>T-37:A>T,,,0.1,0.0005090954982158136,0.08076201657280153,0.006303650154115434,0.9949843998479516,3.9736005265479534e-05,0.9998897023628976,1.0
100047453|F|0-65:G>T-65:G>T,,,0.3829787234042553,0.00022960825758037027,0.05176517836112438,0.0044355735815025405,0.9964707529450658,1.9674312996923276e-05,0.9998897023628976,1.0
100020284|F|0-15:A>T-15:A>T,Vu05 (old1),16272496.0,0.24736842105263157,0.00012708862230003518,0.06694120679823358,0.0018985110723069418,0.9984894100768223,3.604344291672054e-06,0.9998897023628976,1.0
100035529|F|0-67:G>T-67:G>T,,,0.24736842105263157,-0.0001270886222558631,0.06694120679823326,-0.0018985110716470872,0.9984894100773474,3.6043442891665716e-06,0.9998897023628976,1.0
100028807|F|0-29:G>A-29:G>A,,,0.14210526315789473,0.00011282922540604019,0.06824758527501369,0.001653233956210732,0.9986845697357446,2.7331825139681882e-06,0.9998897023628976,1.0
100015597|F|0-7:A>G-7:A>G,,,0.19473684210526315,-7.614353247047841e-05,0.06896425076947368,-0.0011041014963680657,0.9991214982681285,1.2190401142822019e-06,0.9998897023628976,1.0
100059264|F|0-28:T>G-28:T>G,Vu03 (old3),7290112.0,0.3105263157894737,4.194741427317412e-05,0.06779491452133128,0.0006187398357140137,0.99950768648024,3.828389842994047e-07,0.9998897023628976,1.0
100033028|F|0-17:A>C-17:A>C,,,0.4473684210526316,-3.181459823526078e-05,0.05391429102801481,-0.0005900958285573923,0.9995304776914635,3.482130868808353e-07,0.9998897023628976,1.0
100040576|F|0-20:T>A-20:T>A,,,0.08510638297872339,-3.1991170681536984e-05,0.08511535637739454,-0.00037585662614970147,0.9997009416633662,1.4126820342063644e-07,0.9998897023628976,1.0
100017662|F|0-28:T>C-28:T>C,,,0.08947368421052632,-1.0845486061433909e-05,0.07823778078461202,-0.00013862210753767983,0.9998897023628976,1.921608869818807e-08,0.9998897023628976,1.0
