rs,chrom,pos,maf_subset,beta,se,t,p,chi2,fdr_bh,p_bonferroni
100015734|F|0-6:T>C-6:T>C,,,0.3170731707317073,-68.24024660847087,23.743655404100753,-2.8740413153353437,0.006760364739879262,8.260113482254512,0.9057588914996784,1.0
100017460|F|0-50:C>T-50:C>T,,,0.2804878048780488,-109.09587832536562,38.268283517601645,-2.850817133598024,0.007174728302367942,8.127158329216053,0.9057588914996784,1.0
100051719|F|0-44:C>T-44:C>T,,,0.43902439024390244,-81.56768731788823,28.778776783915728,-2.8343000097028406,0.007483747861873762,8.033256545001523,0.9057588914996784,1.0
100035152|F|0-15:C>A-15:C>A,,,0.4390243902439024,81.56768731708402,28.778776783902277,2.834300009676221,0.007483747862381667,8.033256544850627,0.9057588914996784,1.0
100015956|F|0-13:C>T-13:C>T,,,0.3170731707317073,-79.84094442347185,29.139035162741372,-2.7399995908430244,0.009499341584070843,7.507597757819941,0.9057588914996784,1.0
100044760|F|0-9:A>T-9:A>T,Vu07 (old2),52829.0,0.3170731707317073,-73.20172818252978,26.843180337010583,-2.727013985060533,0.009813471172366308,7.436605274715729,0.9057588914996784,1.0
100034394|F|0-13:G>T-13:G>T,,,0.25609756097560976,-92.2516977451358,33.955569151834695,-2.7168355603944057,0.010066405436464816,7.381195462223584,0.9057588914996784,1.0
100033204|F|0-66:T>C-66:T>C,,,0.15853658536585366,-79.98329265347944,29.588948989490575,-2.703147471776979,0.010416095693982393,7.307006254174272,0.9057588914996784,1.0
100043978|F|0-67:T>A-67:T>A,,,0.3170731707317073,-83.76536925785597,31.254103623394425,-2.6801398711417734,0.011029339796994195,7.1831497288838415,0.9057588914996784,1.0
100040575|F|0-64:T>C-64:T>C,,,0.32926829268292684,-77.83063437585801,29.67117237240939,-2.623106138139358,0.012696388476983036,6.880685811944377,0.9057588914996784,1.0
100033325|F|0-21:T>C-21:T>C,,,0.13414634146341464,-73.88112445944736,28.28239412422387,-2.612265571823291,0.013038418893529828,6.823931417733267,0.9057588914996784,1.0
100016704|F|0-41:C>T-41:C>T,,,0.3780487804878049,58.278203749688785,22.66310238000242,2.5715015875810803,0.014401919883997508,6.6126204149320165,0.9057588914996784,1.0
100021889|F|0-32:T>A-32:T>A,,,0.17073170731707318,-75.39405693052558,29.493575544104086,-2.556287446999529,0.014943544024859211,6.534605511687371,0.9057588914996784,1.0
100021757|F|0-47:G>A-47:G>A,,,0.3170731707317073,-80.74521153428886,32.032855402118344,-2.5206997790446475,0.016284228110643593,6.353927376075735,0.9057588914996784,1.0
100020795|F|0-42:T>C-42:T>C,,,0.12195121951219512,-76.28411791392581,30.86886594860591,-2.4712316299838326,0.018331004262529108,6.10698576903255,0.9057588914996784,1.0
100047059|F|0-34:G>T-34:G>T,,,0.39999999999999997,-50.857843091901245,20.664350967066458,-2.4611391460082763,0.018776383578985638,6.057205896014348,0.9057588914996784,1.0
100018771|F|0-36:T>G-36:T>G,,,0.4146341463414634,61.58463759113657,25.03040459178383,2.4603932135939814,0.01880968964098896,6.053534765499319,0.9057588914996784,1.0
100022248|F|0-57:T>A-57:T>A,,,0.36585365853658536,-63.71300068848696,26.558251587927,-2.3989907798542722,0.021743047611820967,5.755156761825809,0.9057588914996784,1.0
100030054|F|0-16:G>A-16:G>A,,,0.35365853658536583,-58.6405093482055,24.582281130535545,-2.3854787534491093,0.022441839289434752,5.690508883157117,0.9057588914996784,1.0
100047135|F|0-14:G>A-14:G>A,,,0.2804878048780488,62.29653226859282,26.121969741045593,2.384832877694745,0.02247574544634403,5.6874278545338,0.9057588914996784,1.0
100021416|F|0-50:T>G-50:T>G,,,0.5,54.66581278851461,22.948522411569797,2.3821059939333664,0.02261940902327723,5.674428966333272,0.9057588914996784,1.0
100034016|F|0-46:G>A-46:G>A,,,0.15853658536585366,-73.74988285574854,31.483162772833666,-2.342518233885516,0.02480075915953366,5.4873916760861166,0.9057588914996784,1.0
100044970|F|0-28:C>T-28:C>T,,,0.10975609756097561,-74.61286681178409,31.895919045562287,-2.339260602749901,0.024988454036364877,5.47214016757783,0.9057588914996784,1.0
100013022|F|0-48:G>C-48:G>C,,,0.36585365853658536,-55.13791628428397,24.266381018371206,-2.2721936263401217,0.029148143593864313,5.162863875580673,0.9057588914996784,1.0
100046760|F|0-25:T>G-25:T>G,,,0.3902439024390244,-46.59487096953203,20.929572233027212,-2.2262696270497373,0.03234430077197363,4.956276452324176,0.9057588914996784,1.0
100022144|F|0-13:T>A-13:T>A,,,0.43902439024390244,-37.388987498289666,16.868174935618097,-2.2165401794204023,0.03306033156801206,4.913050366985029,0.9057588914996784,1.0
100029056|F|0-22:A>T-22:A>T,,,0.17073170731707318,71.40554715746623,32.536696206323846,2.1946157871919345,0.03472588253755156,4.816338453392074,0.9057588914996784,1.0
100029189|F|0-11:C>A-11:C>A,,,0.3780487804878049,-53.05832204503739,24.255506053757536,-2.187475368579988,0.035284224654805824,4.785048488144154,0.9057588914996784,1.0
100019065|F|0-15:C>T-15:C>T,,,0.45121951219512196,-63.31701660794717,28.949909057393597,-2.1871231609888757,0.03531197082736771,4.783507721333971,0.9057588914996784,1.0
100019630|F|0-24:A>T-24:A>T,,,0.3048780487804878,-66.39133954439511,30.37125417313236,-2.18599268788602,0.03540115822030569,4.778564031491146,0.9057588914996784,1.0
100040406|F|0-33:C>T-33:C>T,,,0.2692307692307692,-75.77389289960385,34.78822613016764,-2.1781476473126142,0.03602561935020504,4.744327173493477,0.9057588914996784,1.0
100013697|F|0-16:T>C-16:T>C,,,0.3170731707317073,55.19303231445487,25.489082164207623,2.1653597394714446,0.03706451955953612,4.688782801323843,0.9057588914996784,1.0
100050114|F|0-27:G>A-27:G>A,,,0.16249999999999998,-62.0906084326241,28.810421456965784,-2.155144051792822,0.037913458466306366,4.644645883977982,0.9057588914996784,1.0
100048883|F|0-64:T>A-64:T>A,,,0.17073170731707318,-76.50711235606421,35.541628879813736,-2.1526056843027046,0.03812705535562382,4.633711232092315,0.9057588914996784,1.0
100021973|F|0-54:T>C-54:T>C,,,0.15853658536585366,-58.74313587523031,27.34559827170907,-2.148175194104427,0.03850242454008993,4.614656664565592,0.9057588914996784,1.0
100040329|F|0-26:A>G-26:A>G,,,0.44999999999999996,52.56680979869284,24.50738509534838,2.144937519616088,0.0387787993605968,4.600756963056816,0.9057588914996784,1.0
100014259|F|0-39:T>A-39:T>A,,,0.47560975609756095,50.40503961202332,23.531883738851548,2.1419891484846887,0.03903200486001793,4.5881175122261615,0.9057588914996784,1.0
100018152|F|0-62:T>C-62:T>C,,,0.18292682926829268,-69.41712579709707,32.4100973983125,-2.141836383395485,0.03904516407109552,4.587463093236652,0.9057588914996784,1.0
100020245|F|0-28:G>T-28:G>T,,,0.2804878048780488,51.65616859989099,24.201302476623304,2.1344375431771527,0.03968721890384183,4.55582362572412,0.9057588914996784,1.0
100020980|F|0-48:G>A-48:G>A,,,0.14634146341463414,-65.36497943484603,30.63628918269924,-2.1335801814979143,0.03976221915552213,4.552164390880673,0.9057588914996784,1.0
100035251|F|0-22:T>A-22:T>A,,,0.21951219512195122,-57.96285097524261,27.22080122226415,-2.1293587393685622,0.04013333260150922,4.534168640925272,0.9057588914996784,1.0
100028302|F|0-21:C>T-21:C>T,,,0.4871794871794872,47.049107531464514,22.153741345397798,2.12375448453263,0.040630738662716596,4.510333110572457,0.9057588914996784,1.0
100018789|F|0-23:A>C-23:A>C,,,0.13414634146341464,-70.9011450043583,33.81450265493995,-2.09676734648056,0.043102968080517244,4.396433305267129,0.9057588914996784,1.0
100015585|F|0-38:T>C-38:T>C,,,0.3170731707317073,-52.390411254331916,25.065242322400767,-2.090161769850942,0.04372791185644805,4.368776224146422,0.9057588914996784,1.0
100015011|F|0-55:G>C-55:G>C,,,0.3780487804878049,-52.57558596164713,25.29180781065202,-2.078759508029479,0.04482543484348332,4.321241092222962,0.9057588914996784,1.0
100019260|F|0-27:C>T-27:C>T,,,0.3902439024390244,51.46504667616072,24.834341049229877,2.072333893383359,0.04545453618764707,4.29456776566543,0.9057588914996784,1.0
100017407|F|0-46:T>G-46:T>G,,,0.17105263157894737,-50.244306984590494,24.70091818016665,-2.0341068545756995,0.04935974790501026,4.137590695831846,0.9057588914996784,1.0
100018124|F|0-61:T>A-61:T>A,,,0.47560975609756095,48.662492760565485,24.113494476472184,2.0180605846260087,0.051084521316964504,4.072568523221068,0.9057588914996784,1.0
100021798|F|0-27:T>C-27:T>C,,,0.15853658536585366,-55.34794186924435,27.679731334117477,-1.9995837821237663,0.053135465580486395,3.9983353017323857,0.9057588914996784,1.0
100013478|F|0-51:G>A-51:G>A,,,0.36585365853658536,-43.71484707419207,21.997769880633225,-1.9872399480221175,0.05454525608574791,3.949122611014948,0.9057588914996784,1.0
100017079|F|0-12:A>G-12:A>G,,,0.25609756097560976,42.81970009987329,21.63114547626736,1.9795391856086852,0.05544113360967034,3.918575387360297,0.9057588914996784,1.0
100038715|F|0-41:T>A-41:T>A,,,0.4146341463414634,48.3186978372342,24.41142769016855,1.9793474781769544,0.055463598173146555,3.917816439365469,0.9057588914996784,1.0
100018697|F|0-15:T>C-15:T>C,,,0.2073170731707317,-62.086120784334824,31.422001916610494,-1.975880497655831,0.05587123002638903,3.904103741016655,0.9057588914996784,1.0
100013356|F|0-7:G>A-7:G>A,,,0.43902439024390244,-39.87234565716068,20.196918677205197,-1.9741796406875527,0.056072157984499396,3.8973852537052345,0.9057588914996784,1.0
100029202|F|0-28:C>T-28:C>T,,,0.43902439024390244,47.59035768933123,24.293852715475353,1.9589464975646222,0.05789981935089078,3.8374713803207006,0.9057588914996784,1.0
100017507|F|0-36:T>C-36:T>C,,,0.2073170731707317,-54.40067867656885,27.969880973274662,-1.9449735495316882,0.05962142093967562,3.7829221083778943,0.9057588914996784,1.0
100018350|F|0-55:C>G-55:C>G,,,0.17073170731707318,52.650847655491845,27.137778390295896,1.9401310932039697,0.06022829720453912,3.7641086588168307,0.9057588914996784,1.0
100033379|F|0-46:C>G-46:C>G,,,0.2682926829268293,-75.88102308165219,39.18005529718265,-1.93672577810549,0.06065825406873156,3.750906739578316,0.9057588914996784,1.0
100021519|F|0-20:C>T-20:C>T,,,0.35365853658536583,-41.72126984560686,21.59291834901844,-1.932173741929766,0.06123713365226643,3.733295369002874,0.9057588914996784,1.0
100045226|F|0-27:G>T-27:G>T,,,0.24390243902439024,-51.49110545349919,26.653633872319812,-1.9318606123337445,0.061277128808935606,3.73208542548651,0.9057588914996784,1.0
100030243|F|0-51:A>G-51:A>G,,,0.18571428571428572,-40.79088773133302,21.14553915397619,-1.9290540399232494,0.061636611748531515,3.7212494889442094,0.9057588914996784,1.0
100040243|F|0-44:T>G-44:T>G,,,0.34146341463414637,-41.90983805180499,21.88589794371162,-1.9149243115175343,0.06347418583839957,3.6669351188409025,0.9057588914996784,1.0
100019939|F|0-42:C>T-42:C>T,,,0.14634146341463414,-62.45141151206756,32.65454172424974,-1.9124877647782217,0.0637957818405816,3.6576094504263987,0.9057588914996784,1.0
100017877|F|0-34:T>G-34:T>G,,,0.32926829268292684,-50.28940941808256,26.48607623871724,-1.898711193187978,0.06564062475404925,3.6051041951373155,0.9057588914996784,1.0
100014176|F|0-46:T>C-46:T>C,,,0.17073170731707318,-58.999755826685586,31.177564304810982,-1.8923786107813876,0.06650389030014216,3.5810968065428943,0.9057588914996784,1.0
100017321|F|0-51:A>T-51:A>T,,,0.36585365853658536,-71.2722990026351,37.73481067380813,-1.888767897068196,0.0670004552631398,3.5674441689954155,0.9057588914996784,1.0
100038530|F|0-18:T>G-18:T>G,,,0.3780487804878049,-45.00829660108474,23.840140503121585,-1.8879207777819695,0.06711741524055001,3.564244863180877,0.9057588914996784,1.0
100028807|F|0-29:G>A-29:G>A,,,0.12195121951219512,53.965651893205774,28.723053978362167,1.8788270889947678,0.06838402846878924,3.529991230340553,0.9057588914996784,1.0
100022081|F|0-44:A>C-44:A>C,,,0.34146341463414637,-42.15982234158435,22.576830501347157,-1.8673933145340609,0.07000558590765954,3.487157791166506,0.9057588914996784,1.0
100041314|F|0-40:C>T-40:C>T,,,0.35365853658536583,-48.37382969928049,26.16645506778937,-1.8486963394146638,0.07272805004763151,3.417678155365178,0.9057588914996784,1.0
100034929|F|0-54:T>A-54:T>A,,,0.3780487804878049,-46.718070037240814,25.425497915987194,-1.8374495630964676,0.07440879702091382,3.3762208969233996,0.9057588914996784,1.0
100021909|F|0-26:T>C-26:T>C,,,0.34146341463414637,41.753771040487536,22.83935202041518,1.828150422269665,0.07582335317369321,3.3421339664447545,0.9057588914996784,1.0
100014472|F|0-31:C>A-31:C>A,,,0.5,-42.8237911690495,23.457869813914034,-1.8255618054307972,0.07622117040308374,3.3326759054477515,0.9057588914996784,1.0
100051718|F|0-23:T>C-23:T>C,,,0.4024390243902439,63.982553283770834,35.08874458014727,1.823449486419394,0.07654710340507999,3.3249680295231516,0.9057588914996784,1.0
100034540|F|0-15:G>A-15:G>A,,,0.2926829268292683,48.46598245208006,26.594356662655027,1.8224160511518648,0.07670699442046158,3.3212002634959563,0.9057588914996784,1.0
100034728|F|0-40:G>C-40:G>C,,,0.25609756097560976,-41.1540088709962,22.666575511147407,-1.8156253400853026,0.07776471112769248,3.296495375559871,0.9057588914996784,1.0
100015678|F|0-23:A>G-23:A>G,,,0.3170731707317073,-45.583260600029014,25.196947199907676,-1.809078704589897,0.07879610209839248,3.27276575940066,0.9057588914996784,1.0
100043254|F|0-7:C>G-7:C>G,,,0.3170731707317073,-51.064821133001956,28.28345611713555,-1.8054660972661083,0.07937020005496188,3.259707828377312,0.9057588914996784,1.0
100016739|F|0-27:A>C-27:A>C,Vu02 (old7),30482677.0,0.2804878048780488,-54.70694189159686,30.436825954324792,-1.797393130732264,0.08066593390252051,3.2306220664035292,0.9057588914996784,1.0
100015194|F|0-9:C>T-9:C>T,,,0.2804878048780488,-54.70694189159686,30.436825954324792,-1.797393130732264,0.08066593390252051,3.2306220664035292,0.9057588914996784,1.0
100030143|F|0-33:C>T-33:C>T,,,0.2804878048780488,-54.70694189159686,30.436825954324792,-1.797393130732264,0.08066593390252051,3.2306220664035292,0.9057588914996784,1.0
100041823|F|0-64:C>T-64:C>T,,,0.4634146341463415,-41.19278906024058,23.01225370880639,-1.7900371507062263,0.08186213094263782,3.204233000908465,0.9057588914996784,1.0
100035981|F|0-12:G>A-12:G>A,,,0.21951219512195122,-47.65896610208064,26.644469087549133,-1.7887001593269316,0.08208114906790526,3.1994482599761906,0.9057588914996784,1.0
100033945|F|0-15:G>T-15:G>T,,,0.3780487804878049,67.93027063540715,38.00661913584755,1.7873273703352333,0.08230654635854755,3.19453912874946,0.9057588914996784,1.0
100039138|F|0-25:A>G-25:A>G,Vu04 (old11),6816983.0,0.1375,-61.300995685052115,34.33096254406988,-1.7855891924486946,0.08259268658771839,3.188328764189581,0.9057588914996784,1.0
100048583|F|0-60:A>G-60:A>G,,,0.25609756097560976,40.99385914290702,22.95847512214656,1.7855654142884643,0.0825966067856108,3.1882438487031353,0.9057588914996784,1.0
100043431|F|0-17:C>G-17:C>G,,,0.3048780487804878,-49.903667946363676,27.9539704732622,-1.7852085804446358,0.08265545524713175,3.1869696756931516,0.9057588914996784,1.0
100020485|F|0-47:G>T-47:G>T,,,0.41463414634146345,41.164237489744465,23.073728445387133,1.7840305951062696,0.0828499781426983,3.1827651642752306,0.9057588914996784,1.0
100043193|F|0-19:A>G-19:A>G,,,0.4605263157894737,-40.303632674806146,22.599682388945276,-1.783371641298854,0.08295896090222005,3.1804144109889685,0.9057588914996784,1.0
100032835|F|0-6:G>C-6:G>C,,,0.3333333333333333,-59.57314215394562,33.41142395641555,-1.7830171569956865,0.08301763824753342,3.1791501821409804,0.9057588914996784,1.0
100014062|F|0-62:G>A-62:G>A,,,0.18292682926829268,-55.11124911463358,30.99388258954575,-1.7781331188633538,0.08382966020982603,3.161757388398718,0.9057588914996784,1.0
100032842|F|0-24:A>C-24:A>C,Vu05 (old1),2448565.0,0.2804878048780488,-76.52070416008563,43.04780520703384,-1.7775750422598189,0.08392287138602364,3.1597730308649967,0.9057588914996784,1.0
100040147|F|0-11:C>G-11:C>G,,,0.35365853658536583,54.66040112279574,30.79021815886848,1.77525215445906,0.08431178494126246,3.151520211911534,0.9057588914996784,1.0
100034526|F|0-38:G>A-38:G>A,,,0.21951219512195122,48.84599595109591,27.540331034767878,1.7736168780771375,0.08458648453387319,3.1457168302000915,0.9057588914996784,1.0
100038675|F|0-24:G>A-24:G>A,,,0.4268292682926829,52.62423992638334,29.738571279938224,1.769561806820353,0.08527092657761971,3.131348988157312,0.9057588914996784,1.0
100044425|F|0-18:G>C-18:G>C,,,0.12195121951219512,-57.61948378611892,32.76194330202843,-1.7587321745517903,0.08712172524794128,3.093138861803669,0.9057588914996784,1.0
100017892|F|0-32:A>G-32:A>G,,,0.3780487804878049,-45.34884249096387,26.036301094511703,-1.7417544191990901,0.0900911711758328,3.03370845679956,0.9057588914996784,1.0
100040807|F|0-22:G>A-22:G>A,Vu10 (old10),38975128.0,0.2804878048780488,57.018375317052254,32.8392771713281,1.7362859425796031,0.09106551184085658,3.014688874399541,0.9057588914996784,1.0
100035017|F|0-19:T>C-19:T>C,,,0.4146341463414634,-38.40167882836572,22.124107375867414,-1.7357391272767728,0.09116342390782614,3.012790317959533,0.9057588914996784,1.0
100033181|F|0-15:C>A-15:C>A,,,0.35365853658536583,39.606554889377435,22.846015593745438,1.7336307386667693,0.09154177529013882,3.005475538050288,0.9057588914996784,1.0
100021048|F|0-66:C>T-66:C>T,,,0.31707317073170727,53.39898938319313,30.810367654283052,1.7331500221734601,0.09162822395461154,3.0038089993598653,0.9057588914996784,1.0
100016501|F|0-17:C>T-17:C>T,,,0.35365853658536583,-43.48691642840731,25.14649481341769,-1.729343065547391,0.09231525730737401,2.9906274383568476,0.9057588914996784,1.0
100029094|F|0-17:C>T-17:C>T,,,0.275,43.58731164707981,25.26252773282662,1.72537412360528,0.09303610840782506,2.976915866406688,0.9057588914996784,1.0
100035442|F|0-6:A>T-6:A>T,,,0.4024390243902439,-37.250062791645455,21.613423419934144,-1.7234688863444731,0.09338381201545182,2.9703450021974587,0.9057588914996784,1.0
100044397|F|0-62:C>G-62:C>G,,,0.2682926829268293,42.105648693428876,24.46999997190222,1.7207048934113962,0.09389016819071135,2.9608253302099246,0.9057588914996784,1.0
100017048|F|0-68:G>T-68:G>T,,,0.10975609756097561,58.82571390993842,34.202236639280486,1.7199376324523303,0.09403113451888563,2.9581854595257275,0.9057588914996784,1.0
100018689|F|0-30:A>C-30:A>C,,,0.14634146341463414,-47.52874993924202,27.677932624116725,-1.7172073718334224,0.09453419119727506,2.94880115787905,0.9057588914996784,1.0
100015028|F|0-52:A>T-52:A>T,,,0.15853658536585366,55.77980519800323,32.48899707336659,1.7168829518510953,0.09459411543835519,2.9476870703569302,0.9057588914996784,1.0
100017843|F|0-41:T>C-41:T>C,,,0.43902439024390244,41.90129138060961,24.432374778658335,1.7149905304010955,0.0949443007430314,2.9411925193654307,0.9057588914996784,1.0
100035689|F|0-61:C>T-61:C>T,,,0.21951219512195122,-46.76586075455507,27.361812391803902,-1.7091653171543402,0.09602903256796157,2.921246081363296,0.9057588914996784,1.0
100013031|F|0-8:C>T-8:C>T,,,0.3902439024390244,45.35180046381421,26.556763043937604,1.7077307346825594,0.09629775121966991,2.916344262179434,0.9057588914996784,1.0
100046319|F|0-37:A>C-37:A>C,,,0.14473684210526316,52.86307907456054,31.300664301169594,1.6888804201061391,0.099887290462546,2.852317073417889,0.9057588914996784,1.0
100034920|F|0-44:G>C-44:G>C,,,0.14634146341463414,-56.518873816880834,33.493491662290175,-1.6874583989854541,0.10016252969872805,2.847515848306552,0.9057588914996784,1.0
100013163|F|0-33:C>A-33:C>A,,,0.14634146341463414,-56.518873816880834,33.493491662290175,-1.6874583989854541,0.10016252969872805,2.847515848306552,0.9057588914996784,1.0
100013447|F|0-28:T>A-28:T>A,,,0.14634146341463414,-56.518873816880834,33.493491662290175,-1.6874583989854541,0.10016252969872805,2.847515848306552,0.9057588914996784,1.0
100014000|F|0-40:A>G-40:A>G,,,0.21951219512195122,-46.479583271511444,27.60566598917019,-1.6836972268571808,0.10089356154106788,2.834836351726561,0.9057588914996784,1.0
100017631|F|0-51:G>A-51:G>A,Vu03 (old3),64729430.0,0.15853658536585366,-48.73182927691591,29.119865569419844,-1.6734908738071759,0.10289964005068757,2.800571704715905,0.9057588914996784,1.0
100013876|F|0-55:T>G-55:T>G,Vu07 (old2),26537890.0,0.3414634146341463,43.326174325969134,25.92360176830098,1.6713022639835402,0.10333409242328917,2.793251257596507,0.9057588914996784,1.0
100012953|F|0-27:C>A-27:C>A,,,0.4634146341463415,-41.01530925469855,24.60683015882658,-1.666826201910699,0.10422734988520306,2.778309587376046,0.9057588914996784,1.0
100017304|F|0-37:T>A-37:T>A,,,0.4634146341463415,-33.28415473137157,20.043608829356042,-1.6605869239786457,0.10548313447029664,2.7575489320888606,0.9057588914996784,1.0
100041156|F|0-37:T>C-37:T>C,,,0.2073170731707317,-44.349597517984215,26.711361956236566,-1.6603270769437302,0.10553570427570001,2.7566860024325113,0.9057588914996784,1.0
100028764|F|0-26:A>T-26:A>T,,,0.5,46.596870178588674,28.090387459879658,1.6588190620418128,0.10584121938530178,2.75168068059328,0.9057588914996784,1.0
100017549|F|0-22:C>T-22:C>T,,,0.3902439024390244,-52.06240776456405,31.41014045414781,-1.6575031824695021,0.10610840583085807,2.7473167998965278,0.9057588914996784,1.0
100034306|F|0-9:C>T-9:C>T,,,0.21951219512195122,52.404283597280994,31.671803109488792,1.6546037311522943,0.10669910012793664,2.737713507143094,0.9057588914996784,1.0
100014614|F|0-54:G>A-54:G>A,,,0.17073170731707318,-48.88970513108871,29.611798406640375,-1.6510211389297218,0.10743271604958302,2.7258708011927957,0.9057588914996784,1.0
100028334|F|0-33:A>C-33:A>C,,,0.4024390243902439,-51.400727631173375,31.21774213271583,-1.6465229103582737,0.1083597182372211,2.7110376943346797,0.9057588914996784,1.0
100030265|F|0-5:T>C-5:T>C,,,0.2682926829268293,-44.39514285713888,26.997433911890067,-1.6444208365146364,0.10879517294373608,2.704119887563497,0.9057588914996784,1.0
100014420|F|0-6:A>T-6:A>T,,,0.15853658536585366,54.287513686146994,33.023242105926315,1.6439183503549646,0.10889947870021935,2.702467542633788,0.9057588914996784,1.0
100016374|F|0-29:T>A-29:T>A,,,0.3902439024390244,43.04363312990091,26.31231848207261,1.6358738269008055,0.11058060506468234,2.6760831775390868,0.9057588914996784,1.0
100018223|F|0-41:G>A-41:G>A,Vu09 (old8),16423359.0,0.2926829268292683,40.76443682237524,24.94800757384923,1.633975647221823,0.1109803814357973,2.669876415713975,0.9057588914996784,1.0
100014531|F|0-60:G>C-60:G>C,,,0.38749999999999996,37.18373989943523,22.849625078727613,1.6273238519809365,0.11239071122890623,2.648182919226073,0.9057588914996784,1.0
100040070|F|0-17:A>G-17:A>G,,,0.2804878048780488,39.70694057384882,24.41084000339581,1.6266109879186934,0.1125427242093791,2.645863306017828,0.9057588914996784,1.0
100013726|F|0-64:C>G-64:C>G,Vu01 (old4),328264.0,0.4634146341463415,42.09497987279477,25.897885757410823,1.6254214829389715,0.11279675334454349,2.641994997199525,0.9057588914996784,1.0
100017341|F|0-38:C>A-38:C>A,,,0.4878048780487805,-46.49148775490574,29.027666467697472,-1.6016267723980615,0.11797797175115182,2.565208318062232,0.9057588914996784,1.0
100056084|F|0-56:G>T-56:G>T,Vu11 (old9),1725731.0,0.2804878048780488,-52.532383590297165,32.84525790867486,-1.59939019922942,0.11847482710841152,2.5580490093911235,0.9057588914996784,1.0
100040460|F|0-10:G>A-10:G>A,,,0.46341463414634143,-44.143320540289196,27.69280267882466,-1.5940358602288907,0.11967124287580228,2.540950323695659,0.9057588914996784,1.0
100040615|F|0-67:A>T-67:A>T,Vu08 (old5),12096567.0,0.47560975609756095,36.419635577484875,22.908577006842563,1.5897816597952241,0.12062884989845954,2.5274057258212577,0.9057588914996784,1.0
100034817|F|0-14:G>A-14:G>A,,,0.2804878048780488,41.070755427120936,25.83762761058938,1.589571459350562,0.12067632691476622,2.5267374243818757,0.9057588914996784,1.0
100038943|F|0-17:C>T-17:C>T,,,0.4146341463414634,-33.08604367364542,20.82261328881526,-1.5889477086633208,0.12081730034488439,2.5247548208664172,0.9057588914996784,1.0
100013340|F|0-36:T>A-36:T>A,,,0.4512195121951219,-35.57403287310547,22.480701608965877,-1.5824253838642492,0.12229946324448128,2.5040700954979167,0.9057588914996784,1.0
100018000|F|0-38:T>A-38:T>A,,,0.32926829268292684,41.603332738326294,26.293814349560723,1.5822479076346463,0.12233999979110295,2.5035084412142163,0.9057588914996784,1.0
100014449|F|0-27:C>G-27:C>G,,,0.32926829268292684,41.603332738326294,26.293814349560723,1.5822479076346463,0.12233999979110295,2.5035084412142163,0.9057588914996784,1.0
100043126|F|0-48:T>A-48:T>A,Vu09 (old8),11448295.0,0.12195121951219512,-51.42742697030744,32.50942620802019,-1.5819235516872985,0.12241411274192388,2.502482123382957,0.9057588914996784,1.0
100033546|F|0-50:C>T-50:C>T,,,0.34146341463414637,-55.04924665490021,34.891453314838884,-1.5777286820978729,0.12337590703524982,2.489227794314291,0.9057588914996784,1.0
100038948|F|0-13:G>A-13:G>A,,,0.17073170731707318,-46.034066589813655,29.201650741136014,-1.576420011248406,0.12367721250463695,2.4851000518644244,0.9057588914996784,1.0
100021370|F|0-62:A>T-62:A>T,,,0.32926829268292684,-39.49825204616419,25.095282440177073,-1.5739313610166121,0.12425184487014292,2.477259929191605,0.9057588914996784,1.0
100021703|F|0-41:T>C-41:T>C,Vu07 (old2),38780837.0,0.2804878048780488,-42.11683199975005,26.772634507009485,-1.573129905789556,0.12443736322982511,2.4747377004894573,0.9057588914996784,1.0
100033389|F|0-27:G>C-27:G>C,,,0.18292682926829268,-44.66213815155934,28.40160027445223,-1.5725218903152358,0.12457825489078261,2.4728250955206024,0.9057588914996784,1.0
100041959|F|0-33:T>G-33:T>G,,,0.21951219512195122,39.14043540909182,25.006916559434366,1.5651843887296573,0.12628877074638875,2.449802170723031,0.9057588914996784,1.0
100022222|F|0-28:C>A-28:C>A,,,0.34146341463414637,-41.32441056446285,26.586633795377047,-1.5543303030580895,0.1288539668707789,2.4159426910046524,0.9057588914996784,1.0
100034782|F|0-29:A>T-29:A>T,,,0.16249999999999998,-42.314653356030874,27.30211502343455,-1.5498672289568203,0.12992091341731773,2.402088427394293,0.9057588914996784,1.0
100040739|F|0-38:C>T-38:C>T,,,0.47560975609756095,-34.47025558733725,22.254943499003225,-1.54888084028976,0.13015768200284608,2.399031857416713,0.9057588914996784,1.0
100035332|F|0-65:G>A-65:G>A,Vu04 (old11),505287.0,0.35,38.51163098122994,24.89636022700887,1.5468779624842717,0.1306395179103973,2.392831430819492,0.9057588914996784,1.0
100040451|F|0-37:G>A-37:G>A,,,0.4878048780487805,41.9635723015745,27.129538102765608,1.5467853578125128,0.13066183081071164,2.392544943143183,0.9057588914996784,1.0
100034045|F|0-65:A>T-65:A>T,,,0.2926829268292683,-38.57928382021892,25.026645827084327,-1.541528340904064,0.13193355690007028,2.3763096258104364,0.9057588914996784,1.0
100029934|F|0-27:G>C-27:G>C,,,0.23170731707317074,-40.26726112576345,26.126004169610752,-1.5412713273850551,0.13199598646644828,2.3755173046192897,0.9057588914996784,1.0
100035059|F|0-31:C>G-31:C>G,,,0.45121951219512196,-84.95690305988039,55.184479330878894,-1.5395071964073441,0.13242514456071997,2.370082407790001,0.9057588914996784,1.0
100016695|F|0-37:G>A-37:G>A,,,0.23170731707317074,-35.88333257319397,23.41981426465592,-1.5321783583633029,0.13422009207545818,2.347570521836866,0.9057588914996784,1.0
100021715|F|0-7:C>A-7:C>A,,,0.3902439024390244,-41.7034767000478,27.289306652542447,-1.5281984709627072,0.1352030128510543,2.335390566652756,0.9057588914996784,1.0
100021629|F|0-12:T>C-12:T>C,,,0.17073170731707318,-46.432689973319825,30.398447867178238,-1.5274691055346301,0.13538377252067366,2.333161868362763,0.9057588914996784,1.0
100018496|F|0-32:T>G-32:T>G,,,0.3048780487804878,-46.98783772628666,30.79843967738671,-1.5256564364456024,0.13583385143375093,2.3276275620678946,0.9057588914996784,1.0
100054653|F|0-47:T>C-47:T>C,,,0.2682926829268293,-36.45070581971877,23.98242452397535,-1.5198924438719204,0.1372730344428267,2.3100730409389585,0.9057588914996784,1.0
100035750|F|0-64:T>C-64:T>C,,,0.36585365853658536,-44.96247849595107,29.588960537095222,-1.5195693826277643,0.13735405933940498,2.3090911086197248,0.9057588914996784,1.0
100034940|F|0-27:A>C-27:A>C,,,0.25609756097560976,-48.31883378054263,31.798019900990493,-1.5195548002986665,0.13735771754514536,2.3090467911107204,0.9057588914996784,1.0
100017684|F|0-22:A>G-22:A>G,,,0.23170731707317074,45.39916153623481,29.967256241048705,1.5149588995087147,0.13851457732566,2.2951004672006556,0.9057588914996784,1.0
100029979|F|0-5:G>A-5:G>A,,,0.18292682926829268,41.00999454927446,27.10053187916169,1.5132542317668725,0.13894565231785258,2.2899383699603475,0.9057588914996784,1.0
100040510|F|0-32:T>C-32:T>C,,,0.47560975609756095,-38.15651714862867,25.22239315317485,-1.5128032029675087,0.1390598880363015,2.2885735309087534,0.9057588914996784,1.0
100028279|F|0-18:C>T-18:C>T,,,0.25609756097560976,49.43864051539537,32.857800685881514,1.5046241526639483,0.1411445640096524,2.2638938407797045,0.9057588914996784,1.0
100034157|F|0-53:C>A-53:C>A,,,0.2682926829268293,36.51995905106377,24.281506888818182,1.5040235854506003,0.14129861788016193,2.262086945591679,0.9057588914996784,1.0
100028511|F|0-5:C>A-5:C>A,,,0.23170731707317074,-41.66989250231362,27.731220625014377,-1.5026346321274497,0.1416554196033988,2.2579108376687964,0.9057588914996784,1.0
100014707|F|0-12:T>C-12:T>C,,,0.2804878048780488,36.73636477502349,24.462483924927668,1.5017430318099683,0.14188483850435205,2.2552321335897956,0.9057588914996784,1.0
100013667|F|0-32:C>A-32:C>A,,,0.1951219512195122,42.15344694077363,28.104594649646085,1.4998774209790802,0.14236584350786824,2.249632277962857,0.9057588914996784,1.0
100013911|F|0-62:A>G-62:A>G,,,0.46341463414634143,-37.17764813043081,24.814709516037095,-1.4982100881093883,0.1427968302737792,2.244633468112741,0.9057588914996784,1.0
100019377|F|0-46:G>A-46:G>A,,,0.15853658536585366,-52.74319746534668,35.22940224128728,-1.4971357476946916,0.14307508753198067,2.2414154470253433,0.9057588914996784,1.0
100021415|F|0-54:A>G-54:A>G,,,0.1951219512195122,-49.16028316795958,33.00243486836854,-1.4895956423832735,0.14504021304301892,2.218895177807237,0.9057588914996784,1.0
100041653|F|0-45:T>C-45:T>C,,,0.4102564102564103,-43.64021628253144,29.375327546850876,-1.4856078187700006,0.1460882092848943,2.2070305911905588,0.9057588914996784,1.0
100022289|F|0-10:A>G-10:A>G,,,0.1951219512195122,-45.28187992003248,30.502550742784365,-1.4845276482572294,0.1463731140578421,2.20382233844014,0.9057588914996784,1.0
100019068|F|0-18:T>C-18:T>C,,,0.23170731707317074,33.026239625776896,22.285786437974114,1.481941851937586,0.147056940848184,2.196151652524202,0.9057588914996784,1.0
100048111|F|0-10:T>A-10:T>A,,,0.4878048780487805,43.89244586701822,29.619568538755246,1.4818732355803177,0.14707512139999343,2.19594828632928,0.9057588914996784,1.0
100033784|F|0-28:C>T-28:C>T,,,0.17073170731707318,-40.30859968975498,27.21129124842407,-1.481318887874879,0.14722206674495444,2.194305647574869,0.9057588914996784,1.0
100051141|F|0-11:G>A-11:G>A,,,0.3048780487804878,-44.736968118362654,30.205161266605113,-1.481103435386188,0.14727920999986657,2.193667386312768,0.9057588914996784,1.0
100019628|F|0-65:T>G-65:T>G,,,0.36585365853658536,31.674956349323256,21.41652516419949,1.4789960605874601,0.14783906923481815,2.187429347233226,0.9057588914996784,1.0
100044498|F|0-24:C>T-24:C>T,,,0.3780487804878049,-36.14100251030342,24.449690368411012,-1.4781783313296097,0.14805676847322624,2.1850111792123896,0.9057588914996784,1.0
100017511|F|0-59:G>C-59:G>C,,,0.2682926829268293,36.96939539391082,25.02238950933878,1.4774526381708357,0.14825017914902563,2.1828662980379625,0.9057588914996784,1.0
100033155|F|0-6:A>T-6:A>T,,,0.15000000000000002,-38.489815440618095,26.0895770353762,-1.4752947274088717,0.1488264906183699,2.176494532720417,0.9057588914996784,1.0
100035792|F|0-26:T>C-26:T>C,,,0.43902439024390244,-32.68654417143429,22.172969509072686,-1.4741617787396355,0.14912977905894967,2.173152949896806,0.9057588914996784,1.0
100035177|F|0-15:C>A-15:C>A,,,0.426829268292683,35.37081942768322,24.05346221778504,1.4705084493628602,0.1501111183734902,2.1623950996475636,0.9057588914996784,1.0
100029793|F|0-30:G>A-30:G>A,,,0.12195121951219512,49.49018490399232,33.66221908499432,1.4701997149692865,0.15019428370754526,2.1614872018957714,0.9057588914996784,1.0
100041232|F|0-30:T>A-30:T>A,,,0.12195121951219512,-49.809445727687105,33.92145427884668,-1.468375893269061,0.1506863229213869,2.1561277639337124,0.9057588914996784,1.0
100020912|F|0-63:C>T-63:C>T,,,0.35365853658536583,-31.73795754725295,21.638059319882547,-1.4667654376051145,0.1511218628561212,2.151400848952923,0.9057588914996784,1.0
100038720|F|0-23:G>A-23:G>A,,,0.4634146341463415,41.24122520112618,28.165001416233956,1.4642720797931594,0.1517981503490829,2.144092723661785,0.9057588914996784,1.0
100019511|F|0-33:G>A-33:G>A,,,0.2682926829268293,45.7338896438219,31.253059799339667,1.463341187629513,0.15205125631830096,2.1413674314129536,0.9057588914996784,1.0
100039953|F|0-31:A>G-31:A>G,,,0.3048780487804878,44.96012662467476,30.830450509481114,1.458302615813169,0.15342703927696277,2.126646519287531,0.9057588914996784,1.0
100040444|F|0-34:C>A-34:C>A,Vu02 (old7),25326701.0,0.13414634146341464,44.494298520615224,30.678926893439414,1.450321214792235,0.1556265279964502,2.1034316260764245,0.9057588914996784,1.0
100029674|F|0-32:C>G-32:C>G,,,0.2926829268292683,-41.127770100527144,28.42138802693648,-1.4470711304299473,0.15652929022119402,2.0940148565238057,0.9057588914996784,1.0
100013542|F|0-30:C>G-30:C>G,,,0.13414634146341464,-45.02451844603999,31.11915973679428,-1.446842357790415,0.15659299101827623,2.0933528082965274,0.9057588914996784,1.0
100045141|F|0-49:C>T-49:C>T,,,0.34146341463414637,-37.10390321452331,25.64686577429801,-1.4467227122819413,0.15662631397336327,2.0930066062324166,0.9057588914996784,1.0
100058921|F|0-26:G>A-26:G>A,,,0.14864864864864868,45.73195535259176,31.68369868934935,1.4433906786256874,0.15755658485399757,2.083376651143522,0.9057588914996784,1.0
100015328|F|0-33:T>C-33:T>C,,,0.25609756097560976,-29.844245953766382,20.750892494195124,-1.438215053261687,0.15901021237246044,2.068462539428517,0.9057588914996784,1.0
100017011|F|0-35:C>T-35:C>T,,,0.3170731707317073,-32.74596604586248,22.820668216569402,-1.4349258196605574,0.15993951008644158,2.0590121079285226,0.9057588914996784,1.0
100043410|F|0-43:T>A-43:T>A,,,0.3048780487804878,-41.68006791072867,29.085714317621846,-1.4330082271858255,0.16048325338171576,2.0535125791822626,0.9057588914996784,1.0
100034427|F|0-43:T>A-43:T>A,,,0.4268292682926829,62.03171169629289,43.36568059380484,1.4304332561346829,0.16121568845374334,2.0461393002560713,0.9057588914996784,1.0
100020334|F|0-65:G>A-65:G>A,Vu08 (old5),423524.0,0.47560975609756095,32.06912409926863,22.549307216760774,1.422177798678969,0.16358165057842244,2.0225896910553582,0.9057588914996784,1.0
100043241|F|0-28:A>C-28:A>C,,,0.426829268292683,-37.530973860198124,26.395877015280885,-1.4218498532354504,0.16367619798257083,2.021657005145672,0.9057588914996784,1.0
100059435|F|0-20:G>A-20:G>A,,,0.3292682926829268,-35.374476401938104,24.948805581366283,-1.4178825630177072,0.16482337928176716,2.0103909625096623,0.9057588914996784,1.0
100018174|F|0-53:C>T-53:C>T,,,0.35365853658536583,-36.73173881932327,26.065034209511673,-1.4092342455441356,0.1673459826344259,1.985941158814349,0.9057588914996784,1.0
100020360|F|0-56:A>G-56:A>G,,,0.2682926829268293,30.268772234689386,21.731806663666113,1.3928327590589333,0.17221298267366314,1.9399830947077206,0.9057588914996784,1.0
100033468|F|0-18:T>A-18:T>A,Vu04 (old11),40488211.0,0.2073170731707317,-38.246040960447395,27.50362481833241,-1.3905818310521267,0.17288945369399533,1.9337178288522856,0.9057588914996784,1.0
100020284|F|0-15:A>T-15:A>T,Vu05 (old1),16272496.0,0.24390243902439024,-40.467929729366126,29.158159636065033,-1.3878766778995306,0.1737051698939824,1.9262016730574374,0.9057588914996784,1.0
100035529|F|0-67:G>T-67:G>T,,,0.24390243902439024,40.46792972862533,29.158159636067364,1.3878766778740135,0.17370516990169096,1.9262016729866083,0.9057588914996784,1.0
100034218|F|0-27:A>T-27:A>T,Vu06 (old6),33123517.0,0.36585365853658536,-37.925417263995165,27.40996368990692,-1.3836361730738196,0.1749898842726463,1.9144490594383647,0.9057588914996784,1.0
100019395|F|0-49:A>G-49:A>G,Vu07 (old2),128608.0,0.2073170731707317,-40.37096707137836,29.201097591813518,-1.3825153984176368,0.17533066874154538,1.911348826861877,0.9057588914996784,1.0
100035699|F|0-21:A>T-21:A>T,,,0.3170731707317073,-34.82675779330197,25.222250534374446,-1.38079501453837,0.17585477487576018,1.9065948721740176,0.9057588914996784,1.0
100013794|F|0-60:G>A-60:G>A,,,0.4146341463414634,38.10092811670549,27.726305855647126,1.374179752436992,0.17788142708046586,1.8883699920077928,0.9057588914996784,1.0
100013604|F|0-58:C>T-58:C>T,,,0.15853658536585366,-37.54186310920656,27.36466077371302,-1.3719104146640817,0.17858082043259463,1.8821381858637727,0.9057588914996784,1.0
100014339|F|0-37:C>G-37:C>G,,,0.14634146341463414,-44.76886548378243,32.654980524495734,-1.3709659220344539,0.17887253370552464,1.8795475593797804,0.9057588914996784,1.0
100044964|F|0-65:T>A-65:T>A,,,0.18292682926829268,-47.816674198387204,34.89666607684966,-1.3702361736529507,0.17909817449945273,1.8775471715870793,0.9057588914996784,1.0
100014515|F|0-36:T>C-36:T>C,,,0.35365853658536583,-28.54177389125466,20.83487512663517,-1.3699037655746276,0.1792010293498428,1.8766363269355442,0.9057588914996784,1.0
100034096|F|0-46:G>C-46:G>C,Vu02 (old7),21233031.0,0.21250000000000002,38.72287397634456,28.268487391874455,1.369824760679453,0.17922548204661892,1.8764198749705205,0.9057588914996784,1.0
100035083|F|0-24:G>C-24:G>C,,,0.3125,29.612218230435026,21.631927356482663,1.3689126143242538,0.17950798647646682,1.8739217456560633,0.9057588914996784,1.0
100030458|F|0-10:C>T-10:C>T,,,0.17073170731707318,47.96536923757383,35.21127173210495,1.3622163267065401,0.1815924913276078,1.8556333207458593,0.9057588914996784,1.0
100013424|F|0-13:C>A-13:C>A,,,0.21951219512195122,-33.37885723147009,24.52279802022959,-1.3611357563657651,0.1819306119375473,1.8526905472574036,0.9057588914996784,1.0
100013718|F|0-18:C>A-18:C>A,,,0.10975609756097561,-48.05718713345286,35.430563953031516,-1.3563765791919036,0.18342559730630845,1.8397574245803303,0.9057588914996784,1.0
100030002|F|0-15:C>G-15:C>G,,,0.1951219512195122,33.684635230136706,24.84126212408883,1.3559953218911678,0.183545769610044,1.8387233129907317,0.9057588914996784,1.0
100020014|F|0-36:G>C-36:G>C,,,0.4878048780487805,31.049394063875155,23.128926545311593,1.3424485569205589,0.18785526162212682,1.802168127978091,0.9057588914996784,1.0
100015590|F|0-63:C>G-63:C>G,,,0.21951219512195122,-32.59924392049923,24.29290508063519,-1.341924475985597,0.18802353272500083,1.8007612992492192,0.9057588914996784,1.0
100021422|F|0-18:C>G-18:C>G,,,0.3048780487804878,31.19593531872363,23.268242554225882,1.3407087039780732,0.18841433719731326,1.7974998289225648,0.9057588914996784,1.0
100021699|F|0-19:G>C-19:G>C,,,0.17073170731707318,45.76013857846933,34.17878261577475,1.3388463566092423,0.18901419075362424,1.7925095666058426,0.9057588914996784,1.0
100018973|F|0-53:T>G-53:T>G,,,0.17073170731707318,-45.234741673646425,33.89333927135037,-1.3346203899089637,0.19038079592419507,1.7812115851607544,0.9057588914996784,1.0
100020103|F|0-18:T>C-18:T>C,,,0.17073170731707318,-45.234741673646425,33.89333927135037,-1.3346203899089637,0.19038079592419507,1.7812115851607544,0.9057588914996784,1.0
100021389|F|0-57:T>C-57:T>C,,,0.25609756097560976,-29.414319407273027,22.08901166761244,-1.3316267766928283,0.19135345805439555,1.7732298724053315,0.9057588914996784,1.0
100016722|F|0-34:C>T-34:C>T,,,0.24358974358974358,-38.395149495258934,28.921679982735256,-1.327555989768881,0.1926822144067868,1.762404905971233,0.9057588914996784,1.0
100032947|F|0-56:G>C-56:G>C,,,0.23750000000000002,37.157882660593245,28.035088752677666,1.3254062788384877,0.19338675246627196,1.756701803984487,0.9057588914996784,1.0
100043266|F|0-15:G>A-15:G>A,,,0.2073170731707317,-41.1612535227894,31.066436140897597,-1.3249428848583769,0.19353888143848663,1.755473648136838,0.9057588914996784,1.0
100021979|F|0-26:G>A-26:G>A,,,0.2073170731707317,-41.1612535227894,31.066436140897597,-1.3249428848583769,0.19353888143848663,1.755473648136838,0.9057588914996784,1.0
100030222|F|0-14:T>A-14:T>A,,,0.12195121951219512,39.5504992045611,29.85932217815363,1.3245611862381108,0.1936642591707778,1.7544623360885112,0.9057588914996784,1.0
100016587|F|0-41:C>T-41:C>T,Vu03 (old3),57417157.0,0.3048780487804878,-30.844791403161437,23.330962551725545,-1.322053958758773,0.1944893612342847,1.7478266698697433,0.9057588914996784,1.0
100035283|F|0-38:G>T-38:G>T,,,0.34146341463414637,-30.703984919278287,23.23632832475254,-1.3213785108454854,0.1947121029593629,1.7460411689242326,0.9057588914996784,1.0
100018629|F|0-63:G>A-63:G>A,,,0.3780487804878049,33.02639366168206,24.994322529462625,1.321355824817874,0.19471958748956572,1.7459812157801242,0.9057588914996784,1.0
100013584|F|0-22:T>C-22:T>C,,,0.3780487804878049,29.962290356743335,22.74959090902292,1.3170474351193595,0.1961449934958043,1.7346139463544834,0.9057588914996784,1.0
100014432|F|0-25:C>A-25:C>A,,,0.34146341463414637,34.20112934085808,26.026837447943382,1.314071654278558,0.19713415577452745,1.726784312578386,0.9057588914996784,1.0
100017187|F|0-41:T>C-41:T>C,,,0.2804878048780488,-34.603339496315655,26.37717801348344,-1.3118666249523425,0.1978695681928649,1.72099404166385,0.9057588914996784,1.0
100039121|F|0-17:A>G-17:A>G,,,0.18292682926829268,-40.83907459413326,31.145979804877616,-1.3112149577563668,0.1980873095020063,1.7192846654440306,0.9057588914996784,1.0
100035791|F|0-16:G>A-16:G>A,Vu09 (old8),36664091.0,0.35365853658536583,48.03494566580837,36.789314805117,1.3056765509295982,0.1999452322121406,1.7047912556474116,0.9057588914996784,1.0
100020518|F|0-50:T>G-50:T>G,,,0.1951219512195122,-29.29383595719641,22.44728199521558,-1.305005922919314,0.20017109934209007,1.7030404588544907,0.9057588914996784,1.0
100013419|F|0-62:G>T-62:G>T,,,0.17073170731707318,43.21295732011579,33.12106309292643,1.3046971710683002,0.20027515202604051,1.7022347081936253,0.9057588914996784,1.0
100014760|F|0-37:A>T-37:A>T,,,0.3902439024390244,-35.41007533565743,27.227966350679626,-1.3005038598769083,0.20169241984481484,1.6913102895547372,0.9057588914996784,1.0
100019864|F|0-41:A>G-41:A>G,,,0.14634146341463414,-37.83100057303757,29.112928874704043,-1.299457046587593,0.2020474108198313,1.6885886159261498,0.9057588914996784,1.0
100028365|F|0-14:C>A-14:C>A,,,0.4634146341463415,-32.426223663051715,25.024221377797556,-1.2957935103555909,0.2032935110953057,1.6790808214796649,0.9057588914996784,1.0
100029543|F|0-46:T>C-46:T>C,,,0.2682926829268293,29.34011245474659,22.738088809252908,1.2903508602186078,0.2051555057965205,1.6650053424669011,0.9057588914996784,1.0
100030017|F|0-30:G>A-30:G>A,,,0.12195121951219512,-43.444084753665315,33.67721061515621,-1.2900143438279175,0.20527105474720267,1.6641370072817725,0.9057588914996784,1.0
100014460|F|0-15:A>T-15:A>T,,,0.4878048780487805,39.455496702851875,30.591299813469874,1.2897620219942059,0.20535772631573837,1.6634860733785823,0.9057588914996784,1.0
100013065|F|0-5:C>A-5:C>A,,,0.47560975609756095,-30.983635528832774,24.029167379175398,-1.2894177746534983,0.20547601863669449,1.6625981975923796,0.9057588914996784,1.0
100040940|F|0-64:T>A-64:T>A,,,0.35365853658536583,-33.87981932551073,26.281247530985272,-1.2891252321856805,0.2055765843737658,1.6618438642577849,0.9057588914996784,1.0
100016817|F|0-58:C>T-58:C>T,,,0.4268292682926829,-23.484987564323735,18.217922305468434,-1.2891144868520104,0.20558027894833697,1.661816160211722,0.9057588914996784,1.0
100014043|F|0-61:T>G-61:T>G,,,0.14634146341463414,37.70187907041719,29.277445837781805,1.2877448148760255,0.20605162585383566,1.6582867082400894,0.9057588914996784,1.0
100014505|F|0-46:G>T-46:G>T,,,0.25609756097560976,-33.504247307903775,26.03043178981551,-1.2871183842986584,0.2062674725995314,1.656673735199589,0.9057588914996784,1.0
100019784|F|0-32:C>G-32:C>G,,,0.1951219512195122,-30.7326708550234,23.887196435484768,-1.2865750460932948,0.20645482706405774,1.6552753492299634,0.9057588914996784,1.0
100034437|F|0-39:T>A-39:T>A,,,0.2073170731707317,-31.015519337032273,24.167603425428307,-1.2833510543457043,0.2075691768833002,1.6469899286902308,0.9057588914996784,1.0
100030290|F|0-11:A>C-11:A>C,,,0.4878048780487805,-38.05276336113948,29.716786835995794,-1.2805140599873457,0.2085535193132189,1.6397162578252755,0.9057588914996784,1.0
100022139|F|0-65:T>C-65:T>C,,,0.4878048780487805,-38.05276336113948,29.716786835995794,-1.2805140599873457,0.2085535193132189,1.6397162578252755,0.9057588914996784,1.0
100021392|F|0-51:G>A-51:G>A,,,0.3170731707317073,-28.96870237470015,22.66445752041187,-1.2781555591441183,0.20937452084140984,1.6336816333710136,0.9057588914996784,1.0
100019787|F|0-26:A>G-26:A>G,,,0.21951219512195122,-41.23985929416405,32.27144758592204,-1.27790546687947,0.20946172158885004,1.6330423822804363,0.9057588914996784,1.0
100021509|F|0-38:C>A-38:C>A,,,0.10975609756097561,37.98054754906914,29.76359183832228,1.2760740624109446,0.21010112063457287,1.6283650127579712,0.9057588914996784,1.0
100018050|F|0-8:G>T-8:G>T,,,0.2682926829268293,34.861176433497455,27.323270196123417,1.2758786259209742,0.21016944030143758,1.6278662680819933,0.9057588914996784,1.0
100039240|F|0-17:G>A-17:G>A,,,0.275,32.22288394770217,25.31505642582643,1.2728742691969026,0.2112217970147579,1.6202089051835489,0.9057588914996784,1.0
100013622|F|0-50:C>T-50:C>T,,,0.13414634146341464,40.956867752934976,32.18537706178494,1.2725303069872933,0.21134253189520202,1.6193333822011748,0.9057588914996784,1.0
100029488|F|0-5:C>T-5:C>T,,,0.21951219512195122,38.15830551856573,29.993875354365823,1.2722032437536124,0.2114573832499548,1.6185010934172133,0.9057588914996784,1.0
100016630|F|0-66:A>T-66:A>T,,,0.10975609756097561,-39.752779278456785,31.331750000898563,-1.268769834985812,0.21266589603287095,1.6097768941699249,0.9057588914996784,1.0
100028819|F|0-28:A>T-28:A>T,,,0.25,-35.34788810411217,27.889769765217583,-1.2674141235900735,0.21314451665493242,1.6063385606755942,0.9057588914996784,1.0
100019105|F|0-61:T>C-61:T>C,,,0.17073170731707318,-34.25569468784599,27.059328954727533,-1.2659476790854112,0.21366314226533772,1.6026235261817392,0.9057588914996784,1.0
100035377|F|0-67:C>G-67:C>G,,,0.23170731707317074,-29.802135517549257,23.565658430405165,-1.264642598701914,0.21412549696761485,1.5993209024515305,0.9057588914996784,1.0
100017598|F|0-46:C>G-46:C>G,,,0.2926829268292683,-37.547847255978695,29.70033630616621,-1.2642229659932582,0.21427432114347142,1.5982597077447909,0.9057588914996784,1.0
100034088|F|0-23:T>C-23:T>C,,,0.21951219512195122,34.31216460755877,27.16577356504602,1.2630659872578764,0.21468505018910441,1.595335688167714,0.9057588914996784,1.0
100034068|F|0-21:G>A-21:G>A,,,0.10975609756097561,-43.96031670786149,34.80490312853067,-1.2630495348750401,0.21469089506962227,1.5952941275480552,0.9057588914996784,1.0
100033630|F|0-40:T>C-40:T>C,,,0.3902439024390244,33.29578119777492,26.433278046467805,1.259616046834726,0.21591329454510322,1.5866325854435426,0.9057588914996784,1.0
100056408|F|0-52:A>T-52:A>T,,,0.47560975609756095,31.00707860269126,24.626668340899762,1.2590854017875803,0.21610268126219717,1.5852960489945926,0.9057588914996784,1.0
100044383|F|0-11:A>T-11:A>T,,,0.23170731707317074,32.83602036593572,26.206144892952064,1.2529893465851478,0.21828730413997247,1.5699823026558757,0.9098734037603937,1.0
100016117|F|0-56:G>A-56:G>A,,,0.4146341463414634,-30.575351643693683,24.421659112343573,-1.2519768416651027,0.21865174819048222,1.5674460120657256,0.9098734037603937,1.0
100035988|F|0-45:C>A-45:C>A,,,0.21951219512195122,-33.90908510786128,27.18630178455891,-1.2472856873501172,0.22034624142735382,1.5557215858684543,0.9136499510612778,1.0
100014032|F|0-46:C>T-46:C>T,,,0.3170731707317073,-30.745741817134853,24.77727452307775,-1.2408847384928485,0.22267413718773263,1.539794934224465,0.9199015666374825,1.0
100034804|F|0-11:G>A-11:G>A,Vu01 (old4),5843731.0,0.4634146341463415,-25.808596116195886,20.873028343227485,-1.236456717818323,0.22429522142885192,1.5288252150380601,0.9199015666374825,1.0
100021275|F|0-33:T>A-33:T>A,,,0.4268292682926829,-26.79540322110934,21.69056770741073,-1.2353481744949677,0.22470242812000588,1.5260851122280492,0.9199015666374825,1.0
100028868|F|0-14:T>C-14:T>C,,,0.32926829268292684,32.6475784529323,26.446513018282737,1.2344757295739786,0.2250232945090827,1.5239303269072066,0.9199015666374825,1.0
100015287|F|0-63:T>C-63:T>C,,,0.45121951219512196,-29.97761441944867,24.4286337022743,-1.227150678372068,0.22773075156495096,1.5058987874290268,0.9277031669014317,1.0
100021166|F|0-38:T>C-38:T>C,,,0.3170731707317073,-31.692110924508327,25.9160128702641,-1.22287757314983,0.2293212922226839,1.495429558912818,0.9309161547920841,1.0
100013673|F|0-63:C>A-63:C>A,,,0.35365853658536583,-33.83282403788599,28.296162544255477,-1.1956682813427835,0.2396427024874032,1.4296226390092055,0.9462803350283637,1.0
100019999|F|0-68:T>C-68:T>C,,,0.24358974358974358,-31.71641246307905,26.599012744226943,-1.1923905886305042,0.2409087325406445,1.4217953158546002,0.9462803350283637,1.0
100017856|F|0-8:G>C-8:G>C,,,0.2073170731707317,33.323299882470394,28.03558596216727,1.1886072196756883,0.24237617810734974,1.4127871226651698,0.9462803350283637,1.0
100034443|F|0-52:T>G-52:T>G,,,0.4024390243902439,28.48744290491759,23.968242233016717,1.1885495243232975,0.24239860686271447,1.4126499717691368,0.9462803350283637,1.0
100019676|F|0-10:G>T-10:G>T,,,0.2926829268292683,-30.37227812922993,25.60119349216401,-1.1863618053012353,0.2432501934590542,1.407454333077606,0.9462803350283637,1.0
100021295|F|0-53:G>T-53:G>T,,,0.23170731707317074,26.826487575901833,22.63885547133645,1.184975433491655,0.2437909824253571,1.4041667779787355,0.9462803350283637,1.0
100029840|F|0-31:T>C-31:T>C,,,0.2926829268292683,-30.72462539812932,25.930169435116117,-1.1848987518191947,0.2438209196926838,1.4039850520626855,0.9462803350283637,1.0
100018935|F|0-28:A>T-28:A>T,,,0.17073170731707318,-38.417461795492514,32.46098924982104,-1.183496334625856,0.244368911648473,1.4006635740728361,0.9462803350283637,1.0
100014320|F|0-23:C>T-23:C>T,,,0.2682926829268293,-29.8552980660482,25.252259968410794,-1.1822822235869406,0.2448440505723877,1.3977912562096806,0.9462803350283637,1.0
100041955|F|0-54:C>T-54:C>T,,,0.32926829268292684,-25.632282517587285,21.68069894602876,-1.1822627389179414,0.24485168134701726,1.3977451838337525,0.9462803350283637,1.0
100014335|F|0-15:A>C-15:A>C,,,0.47560975609756095,29.02196224573157,24.548026055883952,1.1822523806868477,0.24485573800851856,1.397720691639719,0.9462803350283637,1.0
100034520|F|0-31:G>A-31:G>A,,,0.2682926829268293,33.313625042840414,28.18272258712384,1.1820584381035204,0.24493170208109583,1.3972621510917342,0.9462803350283637,1.0
100041246|F|0-21:G>A-21:G>A,,,0.10975609756097561,35.449504102937304,30.01097194188872,1.1812181282092231,0.24526103653378237,1.3952762664101006,0.9462803350283637,1.0
100032801|F|0-46:T>A-46:T>A,,,0.17073170731707318,36.921401397260475,31.27581897000007,1.1805094994530976,0.245539013985759,1.393602678299003,0.9462803350283637,1.0
100021963|F|0-68:T>G-68:T>G,,,0.36585365853658536,-36.839732958757445,31.21823773891699,-1.1800708696901439,0.2457111928764356,1.3925672574912524,0.9462803350283637,1.0
100036056|F|0-31:G>A-31:G>A,,,0.29268292682926833,-26.17087607469665,22.19854982032867,-1.1789453043788591,0.24615342377080535,1.3899120307169608,0.9462803350283637,1.0
100029548|F|0-5:C>T-5:C>T,,,0.45121951219512196,-29.587324676632683,25.17703354612772,-1.1751711980851403,0.24764049997076837,1.381027344808864,0.9462803350283637,1.0
100036017|F|0-28:C>A-28:C>A,,,0.21951219512195122,-28.409494679565434,24.214271350277095,-1.1732541635716134,0.24839835643605054,1.3765253323381261,0.9462803350283637,1.0
100014882|F|0-19:A>G-19:A>G,,,0.3902439024390244,-26.489171442553516,22.589537478633464,-1.1726300933610774,0.24864543296466965,1.375061335856009,0.9462803350283637,1.0
100034454|F|0-32:T>C-32:T>C,Vu05 (old1),11968566.0,0.18292682926829268,-31.48307852632889,26.92755134558945,-1.1691771792493715,0.2500157184187296,1.366975276477517,0.9462803350283637,1.0
100019344|F|0-54:A>C-54:A>C,,,0.14634146341463414,-32.21728577620624,27.567764974718862,-1.168657880163707,0.25022227635978267,1.3657612408687296,0.9462803350283637,1.0
100056034|F|0-41:G>T-41:G>T,,,0.4878048780487805,-28.524570210581366,24.571953531790975,-1.1608588699989413,0.2533393821306909,1.347593316055219,0.9536580041265674,1.0
100020488|F|0-58:T>G-58:T>G,,,0.1951219512195122,-27.568092027440557,23.772305371555387,-1.1596726357228693,0.2538159545866575,1.3448406220444267,0.9536580041265674,1.0
100029472|F|0-28:G>A-28:G>A,,,0.15853658536585366,-29.948790211344008,25.873883732205236,-1.1574911026622081,0.25469408772057,1.3397856527421743,0.9538704382051024,1.0
100021768|F|0-13:C>T-13:C>T,,,0.25609756097560976,-28.813983575247214,24.992196482132258,-1.152919216037985,0.2565415489073952,1.3292227187096421,0.9577001230915944,1.0
100020750|F|0-37:T>C-37:T>C,Vu09 (old8),38249509.0,0.2682926829268293,-23.996011749951133,20.929558093122207,-1.1465130626831825,0.25914650541408585,1.3144922029031711,0.9631453023455557,1.0
100035744|F|0-61:C>T-61:C>T,,,0.15853658536585366,34.80698464580343,30.3974424535574,1.1450629341262224,0.2597388177312906,1.3111691231097535,0.9631453023455557,1.0
100033227|F|0-6:A>G-6:A>G,Vu08 (old5),23496197.0,0.4024390243902439,-26.293041318931493,23.031657963425527,-1.1416043673749008,0.26115542787309665,1.3032605316094474,0.9631453023455557,1.0
100029037|F|0-30:A>C-30:A>C,,,0.23170731707317074,-28.368081675518326,24.857960583757183,-1.141207122761903,0.2613184928844531,1.302353697042501,0.9631453023455557,1.0
100047143|F|0-59:C>T-59:C>T,,,0.3780487804878049,-31.131604509707124,27.343946211580644,-1.1385190809263053,0.26242383533970026,1.2962256976332789,0.9641584583208608,1.0
100034887|F|0-39:C>G-39:C>G,,,0.15853658536585366,-32.164407650461506,28.36568001325063,-1.13391985087036,0.2643228689252443,1.2857742281978597,0.9669554197965045,1.0
100030376|F|0-12:T>C-12:T>C,,,0.47560975609756095,-27.775543670700518,24.52349963851465,-1.13260929639416,0.2648658034276731,1.2828038182784745,0.9669554197965045,1.0
100017806|F|0-40:A>G-40:A>G,Vu10 (old10),40484034.0,0.4878048780487805,28.011352979587926,24.774805599802782,1.1306386589693729,0.26568370276923764,1.278343777156062,0.9669554197965045,1.0
100040569|F|0-37:C>T-37:C>T,,,0.12195121951219512,-39.095241811046094,34.88756977757194,-1.1206066246603146,0.26987552332432807,1.2557592072325832,0.970634007805115,1.0
100035075|F|0-30:T>C-30:T>C,,,0.2073170731707317,-32.920773752772064,29.387068763251737,-1.1202469364327752,0.27002668986996986,1.2549531985870181,0.970634007805115,1.0
100019762|F|0-66:A>G-66:A>G,,,0.2926829268292683,25.77319577432439,23.088098144108713,1.1162979130397026,0.27169033019172983,1.2461210306567954,0.970634007805115,1.0
100038790|F|0-27:T>A-27:T>A,,,0.17073170731707318,-38.09207902775172,34.209024638236734,-1.1135096492980612,0.27286936401809847,1.2399037390798913,0.970634007805115,1.0
100016806|F|0-26:T>A-26:T>A,,,0.17073170731707318,-38.09207902775172,34.209024638236734,-1.1135096492980612,0.27286936401809847,1.2399037390798913,0.970634007805115,1.0
100044804|F|0-53:G>C-53:G>C,,,0.275,-25.441607714900268,22.894591143804785,-1.1112497076316954,0.2738276663226342,1.2348759127115285,0.970634007805115,1.0
100033672|F|0-41:T>A-41:T>A,Vu02 (old7),6408415.0,0.10975609756097561,-35.83140368112302,32.38586172115702,-1.10639031283565,0.2758963483619241,1.2240995243365675,0.970634007805115,1.0
100015850|F|0-28:G>T-28:G>T,,,0.10975609756097561,-35.83140368112302,32.38586172115702,-1.10639031283565,0.2758963483619241,1.2240995243365675,0.970634007805115,1.0
100030229|F|0-11:A>T-11:A>T,,,0.32926829268292684,-24.084735281956032,21.78389063769371,-1.1056213824485999,0.2762247034020273,1.2223986413275532,0.970634007805115,1.0
100019870|F|0-67:G>A-67:G>A,,,0.17073170731707318,-32.7199644979663,29.67604826992491,-1.102571481228053,0.2775298322766238,1.2156638712174226,0.970634007805115,1.0
100017508|F|0-26:G>A-26:G>A,,,0.4024390243902439,-27.24533206488491,24.777868119634135,-1.0995833835799433,0.2788127525505668,1.2090836174451167,0.970634007805115,1.0
100051794|F|0-60:T>C-60:T>C,Vu09 (old8),3361921.0,0.4024390243902439,27.245332064339003,24.777868119631275,1.0995833835580382,0.27881275255998694,1.2090836173969437,0.970634007805115,1.0
100019259|F|0-35:C>T-35:C>T,,,0.14102564102564102,30.040506265602936,27.35539074688716,1.0981567232418832,0.27942676047991044,1.20594818880135,0.970634007805115,1.0
100048192|F|0-15:C>T-15:C>T,,,0.32926829268292684,-33.57201930287275,30.574524411178476,-1.098038970333038,0.2794774818963878,1.2056895803700383,0.970634007805115,1.0
100017777|F|0-23:A>G-23:A>G,,,0.12195121951219512,-36.095789271117916,32.889187315541555,-1.0974971477650681,0.2797109530363336,1.2044999893524597,0.970634007805115,1.0
100021208|F|0-24:G>A-24:G>A,,,0.5,-27.955866977965012,25.524441618047838,-1.0952587091346186,0.28067695950626576,1.199591639935231,0.970634007805115,1.0
100016712|F|0-57:C>A-57:C>A,Vu06 (old6),27002353.0,0.35365853658536583,-29.584408041063217,27.024475120893594,-1.094726462168749,0.2809069996748653,1.1984260269725053,0.970634007805115,1.0
100038463|F|0-13:A>C-13:A>C,,,0.13414634146341464,-35.31613903821559,32.4400206066761,-1.0886595747398382,0.2835385706977041,1.1851796696727255,0.9730469041587905,1.0
100013385|F|0-10:G>T-10:G>T,,,0.2073170731707317,32.030258980310386,29.63784399293806,1.0807216269827986,0.28700793908560096,1.1679592350283472,0.9730469041587905,1.0
100041512|F|0-35:G>A-35:G>A,,,0.5,-30.93678797986787,28.70437090564204,-1.0777727225433473,0.28830436807433296,1.161594041458499,0.9730469041587905,1.0
100033592|F|0-27:T>C-27:T>C,,,0.5,30.936787979086137,28.70437090561534,1.0777727225171159,0.2883043680858833,1.161594041401956,0.9730469041587905,1.0
100034779|F|0-8:A>T-8:A>T,,,0.21951219512195122,-36.75108737435645,34.13165124631273,-1.0767450748028695,0.28875711891908945,1.159379956112237,0.9730469041587905,1.0
100035888|F|0-14:T>C-14:T>C,,,0.21951219512195122,-36.75108737435645,34.13165124631273,-1.0767450748028695,0.28875711891908945,1.159379956112237,0.9730469041587905,1.0
100034130|F|0-64:A>T-64:A>T,,,0.21951219512195122,-36.75108737435645,34.13165124631273,-1.0767450748028695,0.28875711891908945,1.159379956112237,0.9730469041587905,1.0
100018797|F|0-41:C>G-41:C>G,,,0.1951219512195122,29.239008605227493,27.156479924259347,1.0766862526651617,0.2887830492936873,1.1592532866781484,0.9730469041587905,1.0
100038400|F|0-11:G>A-11:G>A,,,0.5,25.825003962284534,24.043284824717954,1.0741046471210483,0.28992270126266634,1.1537007929670315,0.9730469041587905,1.0
100028702|F|0-38:A>G-38:A>G,,,0.34146341463414637,27.915576887554746,26.102020554325225,1.069479538162765,0.29197234116577864,1.1437864825488413,0.9730469041587905,1.0
100040047|F|0-6:G>A-6:G>A,,,0.2682926829268293,25.477234955745015,23.95949556543066,1.0633460494261902,0.2947060436380683,1.1307048208302857,0.9730469041587905,1.0
100017267|F|0-60:T>C-60:T>C,Vu07 (old2),29861358.0,0.3048780487804878,23.249398949600398,21.979446832679084,1.0577790754512142,0.29720268021079693,1.1188965724624256,0.9730469041587905,1.0
100030012|F|0-16:C>G-16:C>G,,,0.12195121951219512,29.189317929239476,27.619183866461285,1.0568494011397942,0.29762104570798315,1.1169306566895416,0.9730469041587905,1.0
100036101|F|0-41:G>C-41:G>C,,,0.5,25.939140528616655,24.6130368496958,1.0538781007406344,0.2989609186984995,1.1106590512206866,0.9730469041587905,1.0
100020033|F|0-7:G>A-7:G>A,,,0.4634146341463415,26.351515894184658,25.033901874499946,1.0526331862404104,0.29952354357994815,1.1080366247746385,0.9730469041587905,1.0
100021690|F|0-12:G>A-12:G>A,,,0.24390243902439024,-32.4644037734641,30.97163870295314,-1.0481978071883107,0.3015340426680772,1.098718642994383,0.9730469041587905,1.0
100058672|F|0-30:C>T-30:C>T,,,0.17105263157894735,33.974729855942364,32.42495196366011,1.0477958423506426,0.30171670973482767,1.0978761272472928,0.9730469041587905,1.0
100021620|F|0-68:T>C-68:T>C,Vu02 (old7),26207208.0,0.41463414634146345,28.583781132891854,27.4382936721265,1.0417477658943861,0.30447443745765124,1.0852384077459447,0.9730469041587905,1.0
100054502|F|0-47:T>C-47:T>C,,,0.15853658536585366,29.06184744597969,27.917597299739676,1.0409866986028444,0.30482269111292615,1.0836533066680494,0.9730469041587905,1.0
100032841|F|0-19:T>A-19:T>A,Vu05 (old1),2448565.0,0.3170731707317073,-32.180862126158196,30.950832732962827,-1.0397413990055713,0.3053931166201769,1.0810621768060626,0.9730469041587905,1.0
100052747|F|0-12:T>G-12:T>G,,,0.14634146341463414,35.62204703375933,34.26559152466902,1.0395865195589502,0.3054641127032719,1.0807401316486915,0.9730469041587905,1.0
100038699|F|0-6:A>C-6:A>C,,,0.14634146341463414,35.62204703375933,34.26559152466902,1.0395865195589502,0.3054641127032719,1.0807401316486915,0.9730469041587905,1.0
100035181|F|0-20:A>G-20:A>G,,,0.13414634146341464,31.071506514412032,30.055986666316855,1.033787606421627,0.30813052112011213,1.0687168151909565,0.9730469041587905,1.0
100013847|F|0-11:C>A-11:C>A,,,0.36585365853658536,24.21375292384998,23.453595355699363,1.0324111317101705,0.30876579006408533,1.065872744879075,0.9730469041587905,1.0
100030288|F|0-38:C>G-38:C>G,,,0.17073170731707318,34.02157676808842,33.07459834600881,1.0286315925040972,0.31051475653450894,1.058082953097515,0.9730469041587905,1.0
100029747|F|0-45:G>A-45:G>A,,,0.17073170731707318,34.02157676808842,33.07459834600881,1.0286315925040972,0.31051475653450894,1.058082953097515,0.9730469041587905,1.0
100043273|F|0-46:A>T-46:A>T,,,0.17073170731707318,34.02157676808842,33.07459834600881,1.0286315925040972,0.31051475653450894,1.058082953097515,0.9730469041587905,1.0
100029850|F|0-32:T>C-32:T>C,,,0.4146341463414634,25.902506027249814,25.24193674734811,1.026169516488116,0.3116577308169872,1.0530238765694537,0.9730469041587905,1.0
100018106|F|0-5:T>C-5:T>C,Vu07 (old2),35385132.0,0.32926829268292684,25.161053496048307,24.57064171481253,1.0240291559369343,0.3126537004662433,1.0486357122089103,0.9730469041587905,1.0
100013453|F|0-6:G>A-6:G>A,,,0.1097560975609756,31.85443205566113,31.11324185521225,1.0238223391795063,0.31275005371436204,1.048212182202996,0.9730469041587905,1.0
100019433|F|0-7:G>A-7:G>A,,,0.3780487804878049,27.03487485296967,26.484246798473976,1.020790776444789,0.3141647583075069,1.0420138092747553,0.9730469041587905,1.0
100021892|F|0-24:G>A-24:G>A,,,0.1951219512195122,-31.145260371773357,30.64733037974535,-1.0162470918627577,0.3162933092559067,1.0327581517195124,0.9730469041587905,1.0
100029242|F|0-37:C>T-37:C>T,,,0.3375,-16.006684787803692,15.768759495334194,-1.0150883963028225,0.31683769085150365,1.0304044523086362,0.9730469041587905,1.0
100035736|F|0-29:C>T-29:C>T,Vu04 (old11),30896897.0,0.3902439024390244,-28.00555744337201,27.60142555249778,-1.0146417035636646,0.31704772824316485,1.0294977866105754,0.9730469041587905,1.0
100019656|F|0-61:T>G-61:T>G,,,0.3170731707317073,27.280089998622348,27.018949913842015,1.0096650715743232,0.319394203491955,1.0194235567571832,0.9730469041587905,1.0
100013484|F|0-22:G>A-22:G>A,,,0.18292682926829268,-27.329294798177013,27.081912707778983,-1.0091345870975712,0.3196450228953013,1.0183526148765856,0.9730469041587905,1.0
100034109|F|0-45:G>A-45:G>A,,,0.47560975609756095,23.20839375928864,23.070201665675825,1.0059900687308867,0.32113454520617485,1.012016018385174,0.9730469041587905,1.0
100017594|F|0-13:G>T-13:G>T,,,0.5,24.358236985363895,24.223240878271174,1.0055729994087543,0.321332460510365,1.0111770571399186,0.9730469041587905,1.0
100015799|F|0-68:C>T-68:C>T,,,0.18292682926829268,-27.127574649891393,27.012486878879585,-1.0042605396359041,0.3219558142896559,1.0085392314697974,0.9730469041587905,1.0
100034834|F|0-45:G>A-45:G>A,,,0.15853658536585366,-29.665019374446963,29.660886962723488,-1.0001393219200987,0.32391853293546585,1.0002786632507947,0.9730469041587905,1.0
100013199|F|0-52:T>C-52:T>C,,,0.10975609756097561,33.15944710406663,33.30465191161243,0.9956401043334377,0.32607052898585587,0.9912992173570988,0.9730469041587905,1.0
100013415|F|0-20:G>A-20:G>A,Vu07 (old2),385652.0,0.1951219512195122,25.725687676471157,25.89790966380984,0.9933499657086475,0.3271696239265639,0.9867441543733713,0.9730469041587905,1.0
100016297|F|0-36:A>G-36:A>G,,,0.4878048780487805,-25.07668617900874,25.26930372052147,-0.9923774100132287,0.32763713528008587,0.9848129239045638,0.9730469041587905,1.0
100015855|F|0-33:A>T-33:A>T,,,0.2804878048780488,23.605035819140454,23.802793146491904,0.9916918436364013,0.32796696111717777,0.9834527127349646,0.9730469041587905,1.0
100016783|F|0-52:G>T-52:G>T,Vu07 (old2),39495827.0,0.11249999999999999,-30.85656861658376,31.12451133707157,-0.9913912633812608,0.3281116409794142,0.9828566371086924,0.9730469041587905,1.0
100022134|F|0-54:T>C-54:T>C,,,0.43902439024390244,-21.222958899887487,21.435566608118506,-0.9900815447467344,0.3287425582042205,0.9802614652480798,0.9730469041587905,1.0
100034247|F|0-37:G>C-37:G>C,,,0.4878048780487805,-24.657930344111197,25.059185548231767,-0.9839876997060312,0.33168885536263576,0.9682317931727665,0.9730469041587905,1.0
100021572|F|0-58:T>G-58:T>G,,,0.21951219512195122,25.073866939357853,25.53975434158049,0.9817583444229085,0.33277115126293416,0.9638494468440103,0.9730469041587905,1.0
100035374|F|0-23:A>G-23:A>G,,,0.3815789473684211,-24.170579282252415,24.672304589040603,-0.9796644328470615,0.3337898544313286,0.9597424009855546,0.9730469041587905,1.0
100051142|F|0-37:G>C-37:G>C,,,0.3375,21.18721995325166,21.64368169634553,0.9789101618893729,0.33415732575906476,0.9582651050502782,0.9730469041587905,1.0
100019664|F|0-61:T>C-61:T>C,,,0.45121951219512196,-24.69025808789071,25.23434457249125,-0.9784386520110507,0.3343871774704442,0.957342195749202,0.9730469041587905,1.0
100018585|F|0-68:A>G-68:A>G,,,0.18292682926829268,29.88456883185018,30.591481777077647,0.9768918370682796,0.3351419646451704,0.9543176613306382,0.9730469041587905,1.0
100019200|F|0-60:C>T-60:C>T,,,0.2682926829268293,-23.92047291257512,24.486484528638485,-0.9768847334781202,0.33514543356459564,0.9543037825026179,0.9730469041587905,1.0
100021487|F|0-66:T>G-66:T>G,,,0.32926829268292684,-28.472471776201846,29.218293832770417,-0.9744741407271331,0.3363239980700846,0.9495998509458844,0.9730469041587905,1.0
100014950|F|0-45:G>A-45:G>A,,,0.13414634146341464,-26.788620658649485,27.49294541170095,-0.9743816189024365,0.3363692882860486,0.9494195392549329,0.9730469041587905,1.0
100019495|F|0-5:T>G-5:T>G,,,0.34146341463414637,-26.55575296605546,27.27929835548009,-0.9734763929777073,0.33681261973520554,0.9476562876848875,0.9730469041587905,1.0
100019956|F|0-49:C>A-49:C>A,,,0.4390243902439024,22.35094646838209,23.044800600917675,0.9698910767529941,0.33857236170632204,0.9406887007650824,0.9730469041587905,1.0
100047334|F|0-54:C>T-54:C>T,,,0.12195121951219512,30.07591330463241,31.088067447283258,0.9674423588932577,0.33977776810259985,0.9359447177809508,0.9730469041587905,1.0
100041362|F|0-27:G>A-27:G>A,,,0.4750000000000001,-26.777832918572045,27.690718759914184,-0.9670327863549841,0.339979663946071,0.9351524098854844,0.9730469041587905,1.0
100016318|F|0-42:A>T-42:A>T,,,0.4878048780487805,-32.20830350607039,33.33301146165797,-0.9662584355187561,0.34036159356931356,0.9336553642111541,0.9730469041587905,1.0
100018485|F|0-30:G>A-30:G>A,,,0.2926829268292683,29.50261575792922,30.591950676762057,0.9643914528255203,0.34128361478873,0.9300508742829178,0.9730469041587905,1.0
100016636|F|0-57:G>T-57:G>T,,,0.13414634146341464,26.199847099589025,27.27883518906918,0.9604459617867953,0.3432375968864766,0.9224564455125622,0.9730469041587905,1.0
100019896|F|0-32:C>T-32:C>T,Vu08 (old5),16375786.0,0.47560975609756095,21.998886913455575,22.90739841655504,0.9603398218087092,0.3432902647981081,0.9222525733515834,0.9730469041587905,1.0
100016325|F|0-60:C>T-60:C>T,Vu09 (old8),1016914.0,0.18292682926829268,-26.417037390827634,27.551094000911633,-0.9588380552131079,0.34403603570722535,0.919370416124855,0.9730469041587905,1.0
100020171|F|0-10:G>A-10:G>A,,,0.10975609756097561,-39.26929840887808,41.02955348584565,-0.9570978739124025,0.3449015493794144,0.9160363402476411,0.9730469041587905,1.0
100013122|F|0-67:G>A-67:G>A,,,0.12195121951219512,-31.60608004153604,33.153409079727375,-0.9533282072299015,0.3467814267627964,0.9088346707001781,0.9730469041587905,1.0
100033527|F|0-13:C>T-13:C>T,,,0.3780487804878049,-25.43319918665331,26.75981185907291,-0.9504251868658108,0.3482337446895118,0.9033080358289114,0.9730469041587905,1.0
100034584|F|0-9:T>C-9:T>C,,,0.3780487804878049,-25.43319918665331,26.75981185907291,-0.9504251868658108,0.3482337446895118,0.9033080358289114,0.9730469041587905,1.0
100048091|F|0-43:A>T-43:A>T,,,0.3780487804878049,-25.43319918665331,26.75981185907291,-0.9504251868658108,0.3482337446895118,0.9033080358289114,0.9730469041587905,1.0
100016750|F|0-47:G>A-47:G>A,,,0.18292682926829268,27.550324085071974,29.011027290162325,0.9496500695931689,0.3486221995257826,0.9018352546783105,0.9730469041587905,1.0
100051143|F|0-41:A>G-41:A>G,,,0.36585365853658536,21.377559140895478,22.52966347126634,0.9488627812022039,0.349017047588369,0.9003405775507815,0.9730469041587905,1.0
100029251|F|0-32:C>A-32:C>A,,,0.4024390243902439,-21.632374081314687,22.832652965545762,-0.9474314751753866,0.34973564715142624,0.8976264001530092,0.9730469041587905,1.0
100030370|F|0-33:G>A-33:G>A,,,0.13414634146341464,35.507585576426266,37.50211544465691,0.9468155370815272,0.35004518513841937,0.8964596612589808,0.9730469041587905,1.0
100014256|F|0-11:C>T-11:C>T,,,0.3170731707317073,-23.369377618532944,24.80471157452591,-0.9421346242353797,0.35240348153130285,0.8876176501831402,0.9730469041587905,1.0
100029461|F|0-34:G>A-34:G>A,,,0.3902439024390244,-23.97166028785638,25.464078037559712,-0.9413912513344483,0.3527789632330575,0.8862174880890384,0.9730469041587905,1.0
100047252|F|0-57:G>A-57:G>A,,,0.3170731707317073,-22.132862098361187,23.51583795383089,-0.9411895991890689,0.352880864293763,0.8858378616216801,0.9730469041587905,1.0
100014994|F|0-36:G>A-36:G>A,Vu09 (old8),3414321.0,0.3902439024390244,20.67248910637469,21.965174164090815,0.9411484266840262,0.35290167241802073,0.8857603610498178,0.9730469041587905,1.0
100017336|F|0-39:A>G-39:A>G,Vu07 (old2),40087974.0,0.3048780487804878,25.39144196420729,27.11397527321083,0.9364706469026901,0.3552710356291086,0.8769772725103429,0.9730469041587905,1.0
100016574|F|0-9:G>A-9:G>A,,,0.13414634146341464,-28.244870058977632,30.4373703932172,-0.9279668280828834,0.3596050726604349,0.8611224340222078,0.9730469041587905,1.0
100030430|F|0-19:A>C-19:A>C,,,0.2804878048780488,-24.941032532872622,26.90472010828566,-0.9270132687680964,0.3600932111331058,0.859353600472111,0.9730469041587905,1.0
100020774|F|0-63:A>G-63:A>G,,,0.18292682926829268,24.555068083306622,26.70033723287367,0.9196538556477191,0.36387515796457914,0.8457632142077157,0.9730469041587905,1.0
100046316|F|0-13:C>A-13:C>A,,,0.1111111111111111,-25.602413093440926,27.972744192644935,-0.9152628328890501,0.3661439578114957,0.8377060532680892,0.9730469041587905,1.0
100034782|F|0-41:G>A-41:G>A,,,0.12162162162162161,-32.22547249898298,35.220227268765385,-0.9149706006457754,0.36629527718954796,0.837171200046091,0.9730469041587905,1.0
100029380|F|0-39:A>C-39:A>C,,,0.3048780487804878,-23.506097145241604,25.732608368924925,-0.9134751055251714,0.3670702885369599,0.8344367684142231,0.9730469041587905,1.0
100013102|F|0-12:T>C-12:T>C,,,0.3048780487804878,-23.506097145241604,25.732608368924925,-0.9134751055251714,0.3670702885369599,0.8344367684142231,0.9730469041587905,1.0
100015327|F|0-43:T>G-43:T>G,Vu05 (old1),38169638.0,0.23170731707317074,-26.118149839017125,28.598675570139147,-0.913264314459652,0.3671796124974709,0.834051708065458,0.9730469041587905,1.0
100015749|F|0-20:C>T-20:C>T,Vu09 (old8),33437303.0,0.45121951219512196,-22.61665529931766,24.76949211327393,-0.9130851450602587,0.3672725529277084,0.8337244821297137,0.9730469041587905,1.0
100035334|F|0-35:T>C-35:T>C,,,0.4146341463414634,-27.780576824620564,30.572908116076988,-0.9086664807660854,0.3695694764539972,0.8256747732678226,0.9730469041587905,1.0
100021950|F|0-63:C>T-63:C>T,,,0.12195121951219512,32.70579564510185,36.0003070470562,0.9084865749159285,0.3696631924083873,0.825347856802475,0.9730469041587905,1.0
100017082|F|0-22:G>A-22:G>A,,,0.18292682926829268,-29.618359087993717,32.70075474308101,-0.9057393115448051,0.37109619946881905,0.8203637004776576,0.9730469041587905,1.0
100047453|F|0-65:G>T-65:G>T,,,0.38749999999999996,-19.806891456131698,21.94290753610142,-0.9026557407465052,0.3727089019240226,0.814787386302622,0.9730469041587905,1.0
100015576|F|0-58:G>T-58:G>T,,,0.17073170731707318,26.813251906210034,29.70533780796267,0.9026408681009042,0.3727166912423032,0.8147605367659538,0.9730469041587905,1.0
100033338|F|0-63:T>A-63:T>A,,,0.34146341463414637,26.06793644514466,28.922616192162288,0.901299393939639,0.3734196998199593,0.8123405975159605,0.9730469041587905,1.0
100014127|F|0-16:C>T-16:C>T,,,0.3170731707317073,-22.271393977790716,24.745466759258015,-0.9000191507585253,0.3740914170932654,0.8100344717320972,0.9730469041587905,1.0
100021359|F|0-55:A>T-55:A>T,,,0.12195121951219512,27.395116873835835,30.502328229322348,0.8981319939866261,0.3750829888319116,0.8066410786223931,0.9730469041587905,1.0
100040977|F|0-30:G>T-30:G>T,,,0.2682926829268293,-26.186040226575475,29.16657643373836,-0.897809871037344,0.37525241135651843,0.8060625645320922,0.9730469041587905,1.0
100046321|F|0-34:T>C-34:T>C,,,0.4634146341463415,22.258589920743564,24.854970485290462,0.8955387790106822,0.3764483039236566,0.8019897047119435,0.9730469041587905,1.0
100021489|F|0-26:C>G-26:C>G,,,0.2926829268292683,23.34185354549798,26.110546451554768,0.8939626594489781,0.37727968265203565,0.7991692364890897,0.9730469041587905,1.0
100028871|F|0-35:G>C-35:G>C,,,0.4512195121951219,22.317322299720853,25.112359443425714,0.8886987441382539,0.38006485642633175,0.7897854578329097,0.9730469041587905,1.0
100018830|F|0-21:C>T-21:C>T,,,0.4878048780487805,24.195013781802032,27.43070260959118,0.8820413434595079,0.3836061414036462,0.7779969315718536,0.9730469041587905,1.0
100032976|F|0-16:C>T-16:C>T,,,0.1585365853658537,19.162379109946745,21.726390463416433,0.8819863171571436,0.3836354991271596,0.7778998636524215,0.9730469041587905,1.0
100018760|F|0-65:A>G-65:A>G,,,0.47560975609756095,-22.81219989298052,25.88562695588601,-0.8812689733903996,0.3840183486980361,0.7766350034605688,0.9730469041587905,1.0
100033253|F|0-41:A>G-41:A>G,,,0.34146341463414637,19.649173111350393,22.313433878251363,0.8805983524795888,0.3843764823667891,0.7754534583897662,0.9730469041587905,1.0
100021316|F|0-63:C>A-63:C>A,,,0.1951219512195122,-25.642326875996854,29.159397904716577,-0.879384648468656,0.38502518148943066,0.7733173599623417,0.9730469041587905,1.0
100033932|F|0-52:T>C-52:T>C,,,0.12195121951219512,-26.36826288808566,30.0209752322342,-0.8783279918159841,0.38559050968486663,0.7714600612074994,0.9730469041587905,1.0
100013678|F|0-60:A>T-60:A>T,,,0.32926829268292684,-26.238492497263337,29.907366009919517,-0.8773254217225513,0.3861273890302654,0.7696998956006526,0.9730469041587905,1.0
100034599|F|0-15:A>G-15:A>G,,,0.32926829268292684,-26.238492497263337,29.907366009919517,-0.8773254217225513,0.3861273890302654,0.7696998956006526,0.9730469041587905,1.0
100033304|F|0-17:G>A-17:G>A,,,0.47560975609756095,-19.641042399990706,22.4075536058714,-0.8765366690830635,0.38655010260805633,0.768316532247232,0.9730469041587905,1.0
100017031|F|0-21:G>T-21:G>T,,,0.18292682926829268,-24.70485980647299,28.187094444646473,-0.8764599648604484,0.3865912261436709,0.7681820700031785,0.9730469041587905,1.0
100013210|F|0-44:C>T-44:C>T,,,0.18292682926829268,-24.70485980647299,28.187094444646473,-0.8764599648604484,0.3865912261436709,0.7681820700031785,0.9730469041587905,1.0
100035964|F|0-51:G>A-51:G>A,,,0.24390243902439024,-23.116957625213853,26.387551633810453,-0.8760554198440307,0.38680816142501884,0.7674730986381009,0.9730469041587905,1.0
100038773|F|0-28:C>G-28:C>G,,,0.47560975609756095,19.11246245167061,21.838158775879375,0.8751865323362634,0.38727435967100216,0.7659514663827734,0.9730469041587905,1.0
100029568|F|0-9:T>G-9:T>G,,,0.4878048780487805,-23.805122749444557,27.276146451675103,-0.8727450848535321,0.3885862190764387,0.7616839831359989,0.9730469041587905,1.0
100016689|F|0-47:G>T-47:G>T,,,0.18292682926829268,23.997658330760686,27.506923578404397,0.8724224743766393,0.38875977759110614,0.7611209737974579,0.9730469041587905,1.0
100015577|F|0-62:A>G-62:A>G,,,0.10975609756097561,32.97729682553788,38.15408084583514,0.8643189953595133,0.39313542120209244,0.7470473257392783,0.9730469041587905,1.0
100029664|F|0-7:G>A-7:G>A,,,0.32926829268292684,-23.0829728745576,26.709154535665174,-0.8642345022091406,0.3931812082821813,0.746901274808681,0.9730469041587905,1.0
100014172|F|0-5:G>A-5:G>A,,,0.2804878048780488,26.465269239316452,30.811816134845742,0.858932466800823,0.39606112758125395,0.7377649825245469,0.9730469041587905,1.0
100047320|F|0-54:C>T-54:C>T,,,0.10975609756097561,-28.593095109750973,33.36987124394545,-0.8568536240588234,0.3971939116727405,0.7341981330627394,0.9730469041587905,1.0
100030652|F|0-8:A>C-8:A>C,,,0.10975609756097561,-28.593095109750973,33.36987124394545,-0.8568536240588234,0.3971939116727405,0.7341981330627394,0.9730469041587905,1.0
100058466|F|0-43:T>C-43:T>C,,,0.38749999999999996,-24.34717798624389,28.649119719677483,-0.8498403519714838,0.40103052120007193,0.7222286238390154,0.9730469041587905,1.0
100033423|F|0-16:C>T-16:C>T,,,0.3205128205128205,21.8429875860643,25.86012031447286,0.8446591632382958,0.40387973460840143,0.7134491020424181,0.9730469041587905,1.0
100016220|F|0-31:G>A-31:G>A,,,0.125,26.118423508453358,30.94234033462168,0.8440998071250999,0.40418808647948984,0.7125044843886309,0.9730469041587905,1.0
100041089|F|0-45:A>G-45:A>G,,,0.3048780487804878,-22.136675798558645,26.244070694490837,-0.8434924618308387,0.40452305916180026,0.7114795331654489,0.9730469041587905,1.0
100035996|F|0-47:A>G-47:A>G,,,0.3048780487804878,-22.136675798558645,26.244070694490837,-0.8434924618308387,0.40452305916180026,0.7114795331654489,0.9730469041587905,1.0
100034179|F|0-50:C>T-50:C>T,,,0.4024390243902439,-22.059347470002358,26.194116511615572,-0.8421489405920721,0.4052646738236443,0.7092148381403495,0.9730469041587905,1.0
100016593|F|0-53:A>T-53:A>T,,,0.3780487804878049,20.5734613312129,24.50602206926479,0.8395267609350573,0.4067145365283923,0.7048051823261089,0.9730469041587905,1.0
100035857|F|0-32:C>A-32:C>A,,,0.1282051282051282,-23.424413983231734,27.970138230311985,-0.8374793785554506,0.4078488201489575,0.7013717095056238,0.9730469041587905,1.0
100020451|F|0-6:A>G-6:A>G,,,0.35365853658536583,-19.334731781278155,23.11029889982104,-0.8366283735701868,0.408320868387139,0.6999470354626961,0.9730469041587905,1.0
100041774|F|0-19:G>A-19:G>A,Vu03 (old3),27017059.0,0.45121951219512196,-19.519394149312507,23.331816925561476,-0.8365998332486392,0.4083367054366628,0.6998992809916509,0.9730469041587905,1.0
100018758|F|0-12:C>T-12:C>T,,,0.24390243902439024,-21.846173851897955,26.133156156443285,-0.8359561976027015,0.40869396065998786,0.6988227643103668,0.9730469041587905,1.0
100017444|F|0-55:C>A-55:C>A,,,0.3170731707317073,-19.11401008578088,22.893667692555464,-0.8349037970878013,0.4092785217600868,0.6970643503916284,0.9730469041587905,1.0
100015215|F|0-15:G>A-15:G>A,,,0.13414634146341464,-34.551021289756825,41.536312938133065,-0.8318268725782041,0.41099058591724535,0.6919359459432358,0.9730469041587905,1.0
100016973|F|0-15:G>T-15:G>T,,,0.34146341463414637,-21.400130878234258,25.841072041900865,-0.8281440817754891,0.413045583230818,0.685822620179768,0.9730469041587905,1.0
100034159|F|0-24:A>G-24:A>G,,,0.4878048780487805,-21.1002954853707,25.492572850724542,-0.8277036456432445,0.4132917705874359,0.6850933250111176,0.9730469041587905,1.0
100033896|F|0-41:A>G-41:A>G,,,0.48684210526315785,6.143404833928864,7.42565183174903,0.8273219608361106,0.4135051913720885,0.684461626881707,0.9730469041587905,1.0
100052578|F|0-7:G>A-7:G>A,,,0.15853658536585366,39.43652825437554,47.67445227860608,0.8272046425182044,0.41357080409955765,0.6842675206036702,0.9730469041587905,1.0
100015288|F|0-54:A>G-54:A>G,,,0.2804878048780488,-24.060039575532485,29.268966527217497,-0.8220324265005674,0.4164698539633998,0.6757373102184108,0.9730469041587905,1.0
100019098|F|0-17:C>A-17:C>A,,,0.2804878048780488,-24.060039575532485,29.268966527217497,-0.8220324265005674,0.4164698539633998,0.6757373102184108,0.9730469041587905,1.0
100034038|F|0-64:A>C-64:A>C,,,0.3902439024390244,19.76058626573298,24.047339862299427,0.8217368897718674,0.4166358801786404,0.6752515160119422,0.9730469041587905,1.0
100020677|F|0-42:G>T-42:G>T,,,0.15853658536585366,24.47618714790267,30.106703775634735,0.8129812991255182,0.421573021683836,0.6609385927278153,0.9730469041587905,1.0
100046200|F|0-31:A>C-31:A>C,,,0.3048780487804878,21.62719840506396,26.62302760624671,0.8123493212315737,0.4219307629340286,0.6599114197053985,0.9730469041587905,1.0
100029165|F|0-15:A>T-15:A>T,,,0.3048780487804878,21.62719840506396,26.62302760624671,0.8123493212315737,0.4219307629340286,0.6599114197053985,0.9730469041587905,1.0
100043219|F|0-41:C>T-41:C>T,,,0.2926829268292683,11.010070923516915,13.562816024247876,0.8117835487728278,0.4222511848277402,0.658992530058206,0.9730469041587905,1.0
100036188|F|0-25:T>C-25:T>C,,,0.2682926829268293,28.12431410850378,34.65255616020666,0.8116086437744642,0.42235027130678876,0.6587085906494251,0.9730469041587905,1.0
100035309|F|0-20:A>C-20:A>C,,,0.19999999999999998,-18.331166258109107,22.644603322839867,-0.8095158920103437,0.42353694962659144,0.6553159794173025,0.9730469041587905,1.0
100013537|F|0-44:C>G-44:C>G,,,0.24390243902439024,19.805976280520316,24.51301977987276,0.8079778198842184,0.4244103962157762,0.6528281574248543,0.9730469041587905,1.0
100019601|F|0-61:A>G-61:A>G,,,0.45121951219512196,19.658224214038746,24.346812762145696,0.8074249556230726,0.4247246269198371,0.6519350589629207,0.9730469041587905,1.0
100040910|F|0-51:A>G-51:A>G,,,0.11249999999999999,23.882794406311078,29.59535128232848,0.8069778992814863,0.42497882329243647,0.6512133299287607,0.9730469041587905,1.0
100033734|F|0-65:A>G-65:A>G,,,0.10975609756097561,-26.19834654684817,32.487917121890675,-0.8064027757936956,0.42530597486329846,0.6502854368077773,0.9730469041587905,1.0
100020456|F|0-16:A>C-16:A>C,,,0.3902439024390244,-20.20545872629729,25.156354497882933,-0.8031950228717643,0.427133473093173,0.6451222447659739,0.9730469041587905,1.0
100021278|F|0-44:C>G-44:C>G,Vu09 (old8),41151722.0,0.10975609756097561,-23.30765114634682,29.079312107900197,-0.8015200311431939,0.4280896296660063,0.6424343603237865,0.9730469041587905,1.0
100020579|F|0-68:T>C-68:T>C,Vu03 (old3),51968724.0,0.3780487804878049,-22.421517416312437,27.989297495648003,-0.8010746757684329,0.42834407579140543,0.6417206361575,0.9730469041587905,1.0
100028792|F|0-46:G>T-46:G>T,,,0.17073170731707318,20.974855216257982,26.19055177684362,0.800855796967321,0.42846916202853996,0.6413700075361629,0.9730469041587905,1.0
100021397|F|0-9:C>T-9:C>T,,,0.4878048780487805,18.856445420867615,23.587281475678715,0.799432755330912,0.4292829507164869,0.6390927302959738,0.9730469041587905,1.0
100016754|F|0-66:C>A-66:C>A,Vu01 (old4),1290094.0,0.45121951219512196,-20.11395069613667,25.209526284840784,-0.7978710297397286,0.4301771246128129,0.6365981800979348,0.9730469041587905,1.0
100016813|F|0-35:C>T-35:C>T,,,0.15853658536585366,-28.538823174356303,35.885181263435086,-0.7952815666403141,0.4316622156804668,0.6324727702378724,0.9730469041587905,1.0
100051758|F|0-6:T>G-6:T>G,,,0.47560975609756095,-19.75420697289494,24.94901435811492,-0.791783061621017,0.4336735646734903,0.6269204166699511,0.9730469041587905,1.0
100016409|F|0-6:A>T-6:A>T,,,0.25609756097560976,-17.663020408400183,22.355984720410866,-0.7900801789452809,0.4346546202505145,0.6242266891622071,0.9730469041587905,1.0
100041722|F|0-10:C>T-10:C>T,,,0.14634146341463414,19.93977609261006,25.269512005500747,0.7890843356321843,0.4352289585288156,0.6226540887400857,0.9730469041587905,1.0
100018873|F|0-22:A>T-22:A>T,,,0.32926829268292684,19.384506392948893,24.60806082137333,0.7877299448200519,0.4360108159370994,0.620518465966202,0.9730469041587905,1.0
100036213|F|0-14:A>C-14:A>C,,,0.23170731707317074,-21.979896019203395,27.92042098842681,-0.7872336892167278,0.43629750354026664,0.6197368814377795,0.9730469041587905,1.0
100018671|F|0-6:A>T-6:A>T,Vu11 (old9),36066452.0,0.2073170731707317,23.936908004388624,30.41157201253627,0.7870986739692819,0.4363755216374701,0.619524322564202,0.9730469041587905,1.0
100030137|F|0-35:C>A-35:C>A,,,0.10975609756097561,24.029467437120637,30.55599637760085,0.7864075888795268,0.43677499395970787,0.6184368958473108,0.9730469041587905,1.0
100018351|F|0-64:C>T-64:C>T,,,0.2804878048780488,-18.428712727744923,23.468702794845566,-0.7852463294985534,0.43744673822695695,0.6166117979909508,0.9730469041587905,1.0
100029339|F|0-11:C>T-11:C>T,Vu02 (old7),26187715.0,0.1951219512195122,-23.000430382891867,29.38242515743986,-0.7827955064855487,0.4388664780568568,0.6127688049739668,0.9730469041587905,1.0
100038915|F|0-9:A>C-9:A>C,,,0.13414634146341464,-26.456331182632944,33.866213252379765,-0.7812013402701251,0.4397914434199425,0.6102755340398398,0.9730469041587905,1.0
100043366|F|0-29:G>T-29:G>T,,,0.13414634146341464,-26.456331182632944,33.866213252379765,-0.7812013402701251,0.4397914434199425,0.6102755340398398,0.9730469041587905,1.0
100036118|F|0-16:G>C-16:G>C,,,0.24358974358974358,18.599837535065454,23.825449655643055,0.7806709969337382,0.4400994169201548,0.6094472054535167,0.9730469041587905,1.0
100018194|F|0-8:A>C-8:A>C,Vu02 (old7),25429826.0,0.1875,23.68629505404408,30.56206896012852,0.7750226296833954,0.44338744765279237,0.6006600765213654,0.9730469041587905,1.0
100015812|F|0-66:A>T-66:A>T,,,0.47560975609756095,20.018680294078923,25.936708157660846,0.7718281044915897,0.44525350503219263,0.5957186228830803,0.9730469041587905,1.0
100041229|F|0-52:A>T-52:A>T,,,0.4268292682926829,-20.201825972817417,26.194604095436297,-0.7712208934028913,0.4456087297428087,0.5947816664211539,0.9730469041587905,1.0
100028772|F|0-54:C>T-54:C>T,,,0.21951219512195122,26.00404475301624,33.720172388955106,0.7711717619075326,0.44563747952861327,0.5947058863635681,0.9730469041587905,1.0
100044400|F|0-16:A>G-16:A>G,,,0.2804878048780488,-21.16579227164815,27.481457026950345,-0.7701845011671474,0.4462154184113085,0.5931841658380878,0.9730469041587905,1.0
100017362|F|0-34:C>A-34:C>A,,,0.14634146341463414,26.069649055552507,33.90008649930908,0.7690142341106956,0.4469010642533717,0.5913828922648597,0.9730469041587905,1.0
100057957|F|0-57:C>A-57:C>A,,,0.41463414634146345,-26.476398146639237,34.530352181390064,-0.7667572577179952,0.44822516296936576,0.5879166922632201,0.9730469041587905,1.0
100021520|F|0-23:T>C-23:T>C,,,0.13414634146341464,23.708953568139467,30.984774820298455,0.7651807607330902,0.4491514212587322,0.5855015965960706,0.9730469041587905,1.0
100045297|F|0-46:T>C-46:T>C,,,0.3048780487804878,-18.813674653088828,24.648163670855435,-0.763289099517566,0.45026434407016275,0.5826102494423367,0.9730469041587905,1.0
100034572|F|0-53:G>A-53:G>A,,,0.17073170731707318,18.24562956030779,23.93381730288181,0.7623367943947195,0.45082523022534804,0.5811573880880168,0.9730469041587905,1.0
100046610|F|0-39:T>C-39:T>C,,,0.21951219512195122,-23.21262553932179,30.54525638953677,-0.7599420755647427,0.4522374856320996,0.5775119582136491,0.9730469041587905,1.0
100040928|F|0-53:C>A-53:C>A,,,0.4878048780487805,19.103237126520735,25.140093476277258,0.7598713642233259,0.45227922632754775,0.5774044901666184,0.9730469041587905,1.0
100038389|F|0-45:C>T-45:C>T,,,0.21951219512195122,-18.96833835648283,24.986703856796915,-0.7591372781777712,0.45271268916542334,0.5762894071191548,0.9730469041587905,1.0
100016415|F|0-35:A>G-35:A>G,,,0.13414634146341464,19.496414372017124,25.69905080630083,0.7586433646505357,0.45300447258786675,0.5755397547282857,0.9730469041587905,1.0
100045520|F|0-63:C>T-63:C>T,,,0.21951219512195122,-21.355446902266408,28.165421854019844,-0.7582150557854507,0.45325758908280084,0.5748900708197341,0.9730469041587905,1.0
100054119|F|0-9:A>T-9:A>T,,,0.17073170731707318,21.830516696121094,28.80925372167429,0.7577605760643905,0.45352626264178336,0.574201090637437,0.9730469041587905,1.0
100029761|F|0-20:T>G-20:T>G,Vu02 (old7),30481386.0,0.2682926829268293,-23.451736459874162,31.06451136658248,-0.7549365957548031,0.4551978048622531,0.569929263609851,0.9730469041587905,1.0
100018213|F|0-23:A>G-23:A>G,,,0.34146341463414637,-14.176767492714214,18.802700198948635,-0.7539750856372702,0.4557677562728186,0.568478429761729,0.9730469041587905,1.0
100016024|F|0-58:G>A-58:G>A,,,0.24390243902439024,18.312444463468637,24.31408482402131,0.7531619880414623,0.4562500600253007,0.5672529802305678,0.9730469041587905,1.0
100035739|F|0-60:C>T-60:C>T,,,0.3048780487804878,-18.324978372931124,24.34238454938549,-0.7528012851721105,0.4564641132804376,0.5667097749567813,0.9730469041587905,1.0
100014348|F|0-42:C>G-42:C>G,,,0.12195121951219512,21.579930014051513,28.76400449695094,0.7502408093538938,0.4579852761248993,0.5628612720199856,0.9730469041587905,1.0
100044894|F|0-39:G>A-39:G>A,,,0.25609756097560976,27.57907539793636,36.96876758736191,0.7460101376861831,0.4605051758306012,0.5565311255305578,0.9730469041587905,1.0
100033514|F|0-34:C>T-34:C>T,,,0.34146341463414637,-19.719387990025606,26.443869006407493,-0.745707369267617,0.4606858220534496,0.5560794805800302,0.9730469041587905,1.0
100014812|F|0-31:G>T-31:G>T,,,0.36585365853658536,15.213188654349208,20.410306653240664,0.7453679610410813,0.460888378432693,0.5555733973465389,0.9730469041587905,1.0
100029328|F|0-28:G>C-28:G>C,,,0.34146341463414637,18.208299412368454,24.615010096151337,0.7397234184037731,0.4642645980789234,0.5471907357349636,0.9730469041587905,1.0
100018053|F|0-15:A>T-15:A>T,,,0.23170731707317074,-19.95635527216891,26.979700117707488,-0.7396803961905799,0.464290386308498,0.5471270885086532,0.9730469041587905,1.0
100041050|F|0-49:T>A-49:T>A,,,0.32926829268292684,16.999194506037245,23.014330227399928,0.7386352041563519,0.4649171470111808,0.5455819648190956,0.9730469041587905,1.0
100014835|F|0-60:A>G-60:A>G,,,0.2682926829268293,20.944798324621217,28.41356271495192,0.7371408694763768,0.46581409210683183,0.5433766614523888,0.9730469041587905,1.0
100040750|F|0-21:T>G-21:T>G,Vu09 (old8),38024670.0,0.2682926829268293,19.57455522778207,26.64371777310201,0.7346780728755291,0.4672945212320667,0.5397518707641012,0.9730469041587905,1.0
100034022|F|0-63:A>C-63:A>C,,,0.17105263157894735,-19.321725461525364,26.34408410839711,-0.7334369789446055,0.46804159302647586,0.5379298020833897,0.9730469041587905,1.0
100040013|F|0-13:A>G-13:A>G,,,0.5,-14.599288372040904,19.94438819252791,-0.7319998102278451,0.46890755207738294,0.5358237221736012,0.9730469041587905,1.0
100041312|F|0-45:T>A-45:T>A,,,0.23170731707317074,-25.897035559805374,35.429533875571245,-0.7309448566485783,0.4695437967641282,0.5342803834610107,0.9730469041587905,1.0
100013387|F|0-43:C>G-43:C>G,,,0.34146341463414637,-15.623729803572346,21.424491961408453,-0.7292462211806509,0.4705692917148386,0.5318000511062587,0.9730469041587905,1.0
100021054|F|0-18:A>G-18:A>G,,,0.2875,-15.21884832023908,20.930201269652745,-0.7271238400514233,0.47185241811804657,0.5287090787711278,0.9730469041587905,1.0
100017265|F|0-28:G>A-28:G>A,Vu03 (old3),52001826.0,0.4634146341463415,-16.502490103101053,22.78671254471345,-0.7242154861399546,0.47361397893856283,0.5244880703649307,0.9730469041587905,1.0
100013042|F|0-30:A>G-30:A>G,,,0.45121951219512196,-15.60028142797728,21.629199165008067,-0.7212602421829639,0.4754077946830842,0.5202163369538277,0.9730469041587905,1.0
100013950|F|0-50:T>C-50:T>C,Vu01 (old4),30947226.0,0.10975609756097561,-31.40947247911394,43.560498151871066,-0.7210540239830752,0.47553311274566973,0.5199189055021851,0.9730469041587905,1.0
100020593|F|0-8:G>C-8:G>C,,,0.18292682926829268,20.914634713173562,29.006524384613463,0.7210320835359285,0.4755464469882279,0.5198872654881622,0.9730469041587905,1.0
100014153|F|0-9:C>A-9:C>A,,,0.15853658536585366,-21.028317984427794,29.184824648769478,-0.7205223343808719,0.4758563057038759,0.5191524343416609,0.9730469041587905,1.0
100013288|F|0-37:A>T-37:A>T,,,0.13414634146341464,23.93527376725716,33.227873699385974,0.720337207965837,0.47596886613768435,0.5188856931800175,0.9730469041587905,1.0
100014717|F|0-5:C>A-5:C>A,,,0.1951219512195122,-17.34354386429772,24.11868653623444,-0.7190915574213315,0.47672664108885743,0.517092667954636,0.9730469041587905,1.0
100058370|F|0-6:C>T-6:C>T,,,0.3170731707317073,20.735711646604177,28.99076259033828,0.7152523698536563,0.4790664857736239,0.5115859525812715,0.9730469041587905,1.0
100013779|F|0-68:G>C-68:G>C,Vu08 (old5),35689785.0,0.15853658536585366,-19.12207934419074,26.76957965353682,-0.7143212404407073,0.47963495821421104,0.5102548345447508,0.9730469041587905,1.0
100014819|F|0-24:A>T-24:A>T,,,0.2926829268292683,-18.814778117919378,26.404085479652657,-0.712570716846766,0.4807047240911146,0.507757026507514,0.9730469041587905,1.0
100043222|F|0-20:C>A-20:C>A,,,0.4878048780487805,-18.493901031833204,26.020139998600733,-0.710753325417455,0.48181678544857476,0.5051702895919706,0.9730469041587905,1.0
100041635|F|0-30:A>G-30:A>G,,,0.13414634146341464,-22.607177876384828,31.807742127157713,-0.7107445032095703,0.4818221873100241,0.5051577488426189,0.9730469041587905,1.0
100017505|F|0-35:A>G-35:A>G,,,0.46341463414634143,-15.420407451689021,21.793891865328334,-0.7075563899727878,0.4837765238555152,0.5006360449913237,0.9730469041587905,1.0
100034576|F|0-39:C>T-39:C>T,,,0.3170731707317073,14.895335093298991,21.074116588802173,0.7068070934567048,0.4842364977232002,0.49957626736071503,0.9730469041587905,1.0
100022022|F|0-32:T>G-32:T>G,,,0.14634146341463414,-20.199212668554736,28.587802514478074,-0.7065675180288866,0.48438361904002286,0.499237657533501,0.9730469041587905,1.0
100016864|F|0-56:A>G-56:A>G,,,0.13414634146341464,-20.36661143572396,28.89921358930716,-0.7047462164596652,0.48550289075082126,0.4966672296142132,0.9730469041587905,1.0
100034189|F|0-36:A>T-36:A>T,,,0.12195121951219512,-20.900170328415467,29.795434374364163,-0.7014554668280945,0.48752889869779437,0.4920397719430199,0.9730469041587905,1.0
100028760|F|0-23:G>T-23:G>T,,,0.3780487804878049,-15.292861523493402,21.83436006482487,-0.7004034685738367,0.48817758184975485,0.4905650187902615,0.9730469041587905,1.0
100021866|F|0-51:G>C-51:G>C,,,0.2073170731707317,17.746280270202806,25.344118888646722,0.7002129507115167,0.4882951108330144,0.49029817634412887,0.9730469041587905,1.0
100020726|F|0-7:G>A-7:G>A,Vu08 (old5),37188871.0,0.13414634146341464,18.394531676576804,26.275777879081332,0.7000565981805263,0.48839157536773153,0.49007924065609093,0.9730469041587905,1.0
100015510|F|0-57:A>C-57:A>C,,,0.3902439024390244,-16.64631726745992,23.828819428598997,-0.6985791854833251,0.48930362039256015,0.4880128783905459,0.9730469041587905,1.0
100041804|F|0-41:G>A-41:G>A,,,0.3076923076923077,14.074755767190519,20.177678004754902,0.6975409045517418,0.4899451495061895,0.48656331352286214,0.9730469041587905,1.0
100015018|F|0-5:T>A-5:T>A,,,0.13414634146341464,-20.401792363644617,29.28950697237926,-0.6965563600262722,0.49055391155152933,0.4851907626930497,0.9730469041587905,1.0
100014059|F|0-25:C>G-25:C>G,,,0.36585365853658536,-17.251645750418984,24.783342941452396,-0.6960984154225633,0.49083721147798404,0.4845530039538036,0.9730469041587905,1.0
100042005|F|0-34:A>G-34:A>G,,,0.23170731707317074,-17.310267775197474,24.870734887215082,-0.6960095008730883,0.4908922276272532,0.48442922530560556,0.9730469041587905,1.0
100014980|F|0-61:T>A-61:T>A,,,0.1951219512195122,-17.573716456120216,25.27704575862812,-0.6952440812875281,0.49136597611622684,0.483364332565339,0.9730469041587905,1.0
100034899|F|0-59:G>C-59:G>C,,,0.3902439024390244,15.133926740917387,21.804889672380327,0.694061147215394,0.49209864385033364,0.48172087607394887,0.9730469041587905,1.0
100034114|F|0-47:T>A-47:T>A,,,0.13414634146341464,-20.80541268878782,30.0271931959579,-0.6928856970750277,0.49282728086265515,0.480090589211147,0.9730469041587905,1.0
100040723|F|0-6:G>A-6:G>A,,,0.2682926829268293,15.226802972351207,22.014502656273912,0.6916714499571818,0.49358059959217715,0.4784093946858702,0.9730469041587905,1.0
100014242|F|0-53:A>G-53:A>G,,,0.47560975609756095,18.17084576488165,26.33146708644484,0.6900810237890547,0.4945682708158277,0.47621181939374985,0.9730469041587905,1.0
100016003|F|0-33:A>T-33:A>T,,,0.47560975609756095,-16.866937811779607,24.457212951748573,-0.6896508545375242,0.4948355994816039,0.47561830116433734,0.9730469041587905,1.0
100022062|F|0-25:G>T-25:G>T,,,0.14634146341463414,20.863422754229916,30.3041771208508,0.6884668958681222,0.495571785953799,0.47398666670628775,0.9730469041587905,1.0
100020177|F|0-41:C>G-41:C>G,,,0.24390243902439024,-16.919802607315976,24.58431123796222,-0.688235779458772,0.4957155653845361,0.47366848812722345,0.9730469041587905,1.0
100016417|F|0-54:G>T-54:G>T,,,0.2682926829268293,-17.335028274756752,25.260336257546246,-0.6862548502131718,0.4969488691473821,0.47094571944110286,0.9730469041587905,1.0
100035421|F|0-6:T>A-6:T>A,,,0.12195121951219512,-22.54042287202886,32.8985012986776,-0.6851504470489329,0.4976371970032197,0.4694311350913526,0.9730469041587905,1.0
100019483|F|0-18:A>T-18:A>T,,,0.45121951219512196,15.384484793257752,22.4759631283317,0.684486119923604,0.4980514987028668,0.46852124836807035,0.9730469041587905,1.0
100018591|F|0-14:C>T-14:C>T,,,0.4634146341463415,-15.249637434632959,22.30414109638807,-0.6837132785670229,0.4985337149061486,0.4674638472888675,0.9730469041587905,1.0
100021123|F|0-50:T>C-50:T>C,,,0.26249999999999996,12.703075404508931,18.590676000359238,0.6833035767103608,0.4987894542437888,0.4669037779451719,0.9730469041587905,1.0
100034184|F|0-46:T>C-46:T>C,,,0.14634146341463417,-25.186284614439177,36.86593410596543,-0.6831858523385057,0.4988629522228551,0.4667429088354905,0.9730469041587905,1.0
100014308|F|0-20:G>A-20:G>A,,,0.5,16.29764581043638,23.887713410286878,0.6822606052958609,0.4994408135862732,0.46547953353867444,0.9730469041587905,1.0
100019646|F|0-30:T>C-30:T>C,,,0.15853658536585366,-19.96908016520823,29.278811165159226,-0.6820317960508843,0.4995837730965082,0.46516737082439497,0.9730469041587905,1.0
100043228|F|0-41:G>A-41:G>A,,,0.24390243902439024,19.337984122625603,28.357083843930504,0.6819454436519807,0.4996377317686711,0.4650495881176968,0.9730469041587905,1.0
100013547|F|0-56:A>T-56:A>T,,,0.21951219512195122,20.99259969452034,30.79510072482722,0.6816863462179218,0.49979965227779977,0.46469627461994034,0.9730469041587905,1.0
100036126|F|0-34:T>C-34:T>C,,,0.3170731707317073,15.1058660573493,22.16345304233584,0.6815664521450973,0.49987458877518093,0.4645328286896552,0.9730469041587905,1.0
100013714|F|0-67:T>C-67:T>C,Vu09 (old8),42137897.0,0.2804878048780488,19.596380281359234,28.756141454629443,0.6814676549104407,0.49993634394311554,0.4643981646891355,0.9730469041587905,1.0
100033115|F|0-33:C>G-33:C>G,,,0.4634146341463415,-17.52314503485959,25.76406366764312,-0.6801390208046553,0.5007672427521482,0.4625890876211153,0.9730469041587905,1.0
100035052|F|0-18:T>C-18:T>C,,,0.18292682926829268,21.00311332195104,30.886163865810243,0.680016897313708,0.5008436543851649,0.46242298063216203,0.9730469041587905,1.0
100013045|F|0-44:C>T-44:C>T,,,0.12195121951219512,-23.872839801206904,35.19638604213106,-0.6782753141936347,0.5019340486207947,0.4600574018444739,0.9730469041587905,1.0
100019141|F|0-40:G>A-40:G>A,,,0.14634146341463414,-18.80794535361644,27.753747049902092,-0.6776722912332945,0.5023119024236682,0.4592397343053832,0.9730469041587905,1.0
100018613|F|0-47:T>C-47:T>C,,,0.45121951219512196,-15.405373090860797,22.760113589850054,-0.6768583570571841,0.5028221615946331,0.45813723551815055,0.9730469041587905,1.0
100046287|F|0-24:C>T-24:C>T,,,0.21951219512195122,-16.655032911777276,24.64459012438132,-0.6758088825060298,0.5034805033018028,0.45671764567404877,0.9730469041587905,1.0
100016306|F|0-56:A>G-56:A>G,,,0.12195121951219512,26.68046131801648,39.49018946159815,0.6756225199669309,0.5035974592207088,0.45646578948646593,0.9730469041587905,1.0
100019308|F|0-53:A>G-53:A>G,,,0.12195121951219512,-17.27287354448729,25.566700174912622,-0.6756004265828695,0.503611325401853,0.4564359363989552,0.9730469041587905,1.0
100060051|F|0-42:G>A-42:G>A,,,0.23170731707317074,20.28934330736654,30.14545240573855,0.6730482274501948,0.505214541498183,0.4529939164738491,0.9730469041587905,1.0
100018713|F|0-51:T>A-51:T>A,,,0.47560975609756095,-16.43393245090212,24.426423225191737,-0.672793241130502,0.5053748701807512,0.4526507453108858,0.9730469041587905,1.0
100034321|F|0-18:C>G-18:C>G,,,0.3780487804878049,16.729659499352675,24.971514572934392,0.6699497321434108,0.5071646842333111,0.44883264359902786,0.9730469041587905,1.0
100020867|F|0-34:T>C-34:T>C,,,0.21951219512195122,17.49273425263673,26.13008880739309,0.6694479449180992,0.507480888284596,0.4481605509550664,0.9730469041587905,1.0
100022070|F|0-37:G>C-37:G>C,,,0.15853658536585366,18.16337893428354,27.166980547933154,0.6685829108699162,0.5080262475563657,0.44700310870729026,0.9730469041587905,1.0
100050516|F|0-63:C>G-63:C>G,,,0.4024390243902439,16.323786251874516,24.46749541124947,0.6671621258124073,0.5089226740678535,0.4451053021185304,0.9730469041587905,1.0
100038543|F|0-16:T>C-16:T>C,Vu08 (old5),28171940.0,0.21951219512195122,-18.33688782786998,27.502483113873602,-0.666735718078487,0.5091918791053618,0.44453651776163566,0.9730469041587905,1.0
100058582|F|0-53:G>A-53:G>A,,,0.21951219512195122,-18.33688782786998,27.502483113873602,-0.666735718078487,0.5091918791053618,0.44453651776163566,0.9730469041587905,1.0
100013882|F|0-67:C>T-67:C>T,,,0.21951219512195122,-18.33688782786998,27.502483113873602,-0.666735718078487,0.5091918791053618,0.44453651776163566,0.9730469041587905,1.0
100045252|F|0-36:A>T-36:A>T,,,0.34146341463414637,-15.361171750679839,23.050890673710654,-0.6664025250963134,0.5094022887342625,0.4440923254547426,0.9730469041587905,1.0
100016238|F|0-41:C>A-41:C>A,,,0.4634146341463415,-14.01217760799433,21.037607148463195,-0.666053772613485,0.5096225749184657,0.44362762801265593,0.9730469041587905,1.0
100052713|F|0-20:C>T-20:C>T,,,0.21951219512195122,-17.464555345009455,26.25191206188107,-0.6652679356780551,0.5101191317495773,0.44258142624134084,0.9730469041587905,1.0
100043997|F|0-34:A>G-34:A>G,,,0.1951219512195122,-18.60696683205369,28.05475972018194,-0.6632374334209061,0.5114033914419924,0.4398838930907509,0.9730469041587905,1.0
100040372|F|0-41:A>T-41:A>T,,,0.13157894736842107,-19.409219173267136,29.310838953660596,-0.6621857260364478,0.5120692702812194,0.4384899357664174,0.9730469041587905,1.0
100035486|F|0-5:T>C-5:T>C,,,0.15853658536585366,-19.228025456171522,29.15305540915257,-0.6595543824245229,0.5137373439917697,0.4350119833753938,0.9730469041587905,1.0
100034562|F|0-29:C>T-29:C>T,,,0.35365853658536583,-21.121465178603145,32.07146388808471,-0.6585750264567829,0.514358933638438,0.4337210654725523,0.9730469041587905,1.0
100017718|F|0-15:A>G-15:A>G,,,0.17073170731707318,20.544818384810263,31.21596922045907,0.6581509047409333,0.5146282468042785,0.43316261341130907,0.9730469041587905,1.0
100015126|F|0-46:T>G-46:T>G,,,0.10975609756097561,-25.005715995110407,38.28688793374004,-0.6531143517954694,0.5178322388657317,0.42655835652121615,0.9730469041587905,1.0
100017140|F|0-53:T>C-53:T>C,,,0.10975609756097561,-20.70712998597962,31.71230622236121,-0.6529682780175243,0.5179253236050224,0.42636757209717097,0.9730469041587905,1.0
100022286|F|0-67:T>G-67:T>G,,,0.13414634146341464,-18.603725923928398,28.933010832295388,-0.6429930860552779,0.524303239951032,0.41344010871489006,0.9730469041587905,1.0
100059434|F|0-15:G>A-15:G>A,,,0.35365853658536583,-13.7974833846852,21.496070279276054,-0.6418607310745112,0.5250298849740308,0.41198519809550604,0.9730469041587905,1.0
100040596|F|0-63:G>T-63:G>T,,,0.2926829268292683,-15.034276876719776,23.474349888478866,-0.6404555162611149,0.5259323736829935,0.41018326830929114,0.9730469041587905,1.0
100014517|F|0-34:C>T-34:C>T,,,0.18292682926829268,-19.465048848378515,30.415767992247847,-0.6399657195353288,0.526247136092545,0.4095561221803711,0.9730469041587905,1.0
100059264|F|0-28:T>G-28:T>G,Vu03 (old3),7290112.0,0.25609756097560976,18.98414496062288,29.835621611259697,0.6362912497006074,0.5286116882416728,0.40486655444556063,0.9730469041587905,1.0
100018913|F|0-12:G>A-12:G>A,,,0.36585365853658536,-15.706935335484614,24.74635238651165,-0.6347171934739725,0.5296263287539607,0.40286591569147623,0.9730469041587905,1.0
100044425|F|0-30:C>T-30:C>T,,,0.2073170731707317,-19.447121388262907,30.753213106603035,-0.6323606356464719,0.5311472982064748,0.39987997351521004,0.9730469041587905,1.0
100014497|F|0-28:A>G-28:A>G,Vu02 (old7),28608269.0,0.2926829268292683,14.411154244876066,22.856383988298337,0.6305089314326391,0.5323440429484836,0.39754151261632836,0.9730469041587905,1.0
100017630|F|0-52:A>T-52:A>T,,,0.2073170731707317,17.337890802748085,27.51006285426664,0.6302381384802647,0.532519173895043,0.39720011119506926,0.9730469041587905,1.0
100019390|F|0-56:C>T-56:C>T,,,0.23170731707317074,-18.286745267989414,29.05370854564517,-0.6294117406478353,0.5330538211114599,0.3961591392653379,0.9730469041587905,1.0
100014470|F|0-59:T>C-59:T>C,,,0.13414634146341464,19.93670048377524,31.85222278132702,0.6259123773133626,0.535320904333585,0.39176630407406515,0.9730469041587905,1.0
100013762|F|0-26:A>T-26:A>T,,,0.43902439024390244,13.5887930257935,21.784569869879945,0.6237806441421553,0.5367044385665006,0.3891022920064022,0.9730469041587905,1.0
100013240|F|0-26:A>G-26:A>G,,,0.18292682926829268,-18.12411354996931,29.100671297452184,-0.6228074041562095,0.5373367119194694,0.38788906267179607,0.9730469041587905,1.0
100016995|F|0-19:T>G-19:T>G,,,0.2682926829268293,-13.794483395952644,22.16288095179811,-0.6224138200243086,0.5375925178019426,0.3873989633572524,0.9730469041587905,1.0
100014423|F|0-36:C>T-36:C>T,,,0.14634146341463414,20.729935088480843,33.33342097408207,0.6218964175503953,0.5379288950690392,0.38675515416201556,0.9730469041587905,1.0
100043121|F|0-26:C>T-26:C>T,,,0.47560975609756095,-14.668092411832994,23.675933497532533,-0.6195359694417827,0.5394648816946932,0.3838248174321695,0.9730469041587905,1.0
100017923|F|0-57:A>G-57:A>G,,,0.36585365853658536,14.824696207514272,23.986032823388825,0.618055362329809,0.5404295067035308,0.3819924309046314,0.9730469041587905,1.0
100032829|F|0-7:T>A-7:T>A,,,0.3170731707317073,-18.229100850261943,29.627606195673515,-0.6152741713207973,0.5422438974834247,0.37856230589449386,0.9730469041587905,1.0
100017692|F|0-31:G>T-31:G>T,,,0.3048780487804878,14.777329523032519,24.02200898454421,0.6151579383947559,0.5423197942736537,0.3784192891700862,0.9730469041587905,1.0
100041762|F|0-5:T>C-5:T>C,Vu11 (old9),27828984.0,0.4358974358974359,14.325062079861471,23.30757630501166,0.6146096828086435,0.5426778639668748,0.3777450622021413,0.9730469041587905,1.0
100015622|F|0-52:A>G-52:A>G,,,0.3048780487804878,15.566232616847088,25.40214331357736,0.6127920949303121,0.543865821373237,0.3755141516090806,0.9730469041587905,1.0
100019055|F|0-38:T>A-38:T>A,,,0.17073170731707318,-15.187844398523469,24.80363904311311,-0.6123232309631788,0.5441724847989372,0.37493973917718637,0.9730469041587905,1.0
100020369|F|0-25:G>C-25:G>C,,,0.4390243902439024,-15.209777431455672,24.88271771592893,-0.6112586898704788,0.5448690870725914,0.3736371859421742,0.9730469041587905,1.0
100015112|F|0-61:C>T-61:C>T,,,0.4512195121951219,12.25142433772707,20.068264435696758,0.6104874876939854,0.5453740257041396,0.372694972630914,0.9730469041587905,1.0
100053824|F|0-47:A>G-47:A>G,,,0.25609756097560976,-15.900826417537372,26.06432961763015,-0.610060824537068,0.5456534840318917,0.37217420963484726,0.9730469041587905,1.0
100017001|F|0-30:T>G-30:T>G,,,0.4146341463414634,-11.873508998241038,19.54007195782414,-0.6076491951446835,0.5472344575737531,0.3692375443599817,0.9730469041587905,1.0
100049995|F|0-28:T>A-28:T>A,,,0.12195121951219512,38.61838143162944,63.56056564414865,0.6075839797877038,0.5472772430898062,0.3691582924946649,0.9730469041587905,1.0
100017562|F|0-36:T>A-36:T>A,,,0.35365853658536583,-14.788691528070345,24.34959953634862,-0.6073484496529016,0.5474317805403005,0.3688721392957831,0.9730469041587905,1.0
100033982|F|0-15:A>G-15:A>G,,,0.4024390243902439,18.445099545807025,30.401007233191635,0.6067265931132959,0.5478399048693028,0.3681171587908669,0.9730469041587905,1.0
100019311|F|0-11:C>A-11:C>A,,,0.13414634146341464,16.964786144273685,27.975328217476886,0.6064195569893389,0.5480414704062089,0.36774467909914604,0.9730469041587905,1.0
100036187|F|0-16:T>C-16:T>C,,,0.2195121951219512,-21.864417907856268,36.057430146037476,-0.6063775987168918,0.5480690184753839,0.36769379222566384,0.9730469041587905,1.0
100018445|F|0-45:A>G-45:A>G,,,0.4634146341463415,14.741972564499811,24.3299598353672,0.605918491615024,0.5483704958242008,0.3671372184810259,0.9730469041587905,1.0
100058673|F|0-34:G>A-34:G>A,Vu05 (old1),1696325.0,0.23170731707317074,18.317693584725372,30.365416833550437,0.6032419605874253,0.5501297648288528,0.3639008630133608,0.9730469041587905,1.0
100021941|F|0-59:G>A-59:G>A,,,0.2682926829268293,-18.315088210633718,30.438691939192694,-0.6017041812184876,0.551141847552162,0.3620479216958105,0.9730469041587905,1.0
100016185|F|0-62:C>T-62:C>T,,,0.3902439024390244,-15.337130024282452,25.50400276330927,-0.6013616829726371,0.5513673911292719,0.3616358737476825,0.9730469041587905,1.0
100033254|F|0-20:A>G-20:A>G,,,0.23170731707317074,15.447091343570436,25.708917462698896,0.6008456546637034,0.5517072978159631,0.36101550072825433,0.9730469041587905,1.0
100022099|F|0-31:T>C-31:T>C,,,0.17073170731707318,15.940838264214895,26.532898759951657,0.6007952017770387,0.5517405367759195,0.36095487447831265,0.9730469041587905,1.0
100020933|F|0-51:T>C-51:T>C,,,0.36585365853658536,-16.385781290106426,27.332646358791603,-0.5994948705300138,0.5525975639983124,0.35939409979179804,0.9730469041587905,1.0
100059434|F|0-46:A>G-46:A>G,,,0.4024390243902439,-22.33022694444511,37.24866484314131,-0.5994906673428545,0.5526003353540225,0.35938906023118106,0.9730469041587905,1.0
100059522|F|0-10:G>T-10:G>T,,,0.18292682926829268,-14.803100122878883,24.746431694314595,-0.5981912990825196,0.5534574094568753,0.35783283029803237,0.9730469041587905,1.0
100060605|F|0-26:G>C-26:G>C,,,0.15853658536585366,-18.059215299811854,30.57341634416935,-0.5906835891846913,0.5584228092404488,0.3489071025321092,0.9730469041587905,1.0
100034752|F|0-27:G>T-27:G>T,,,0.15853658536585366,-18.059215299811854,30.57341634416935,-0.5906835891846913,0.5584228092404488,0.3489071025321092,0.9730469041587905,1.0
100038566|F|0-46:T>A-46:T>A,,,0.15853658536585366,-18.059215299811854,30.57341634416935,-0.5906835891846913,0.5584228092404488,0.3489071025321092,0.9730469041587905,1.0
100015052|F|0-68:T>A-68:T>A,,,0.47560975609756095,-13.943750662333686,23.751156919082526,-0.5870766931412414,0.5608163143643928,0.3446590436296554,0.9730469041587905,1.0
100052563|F|0-36:T>C-36:T>C,,,0.19512195121951215,17.90344972055207,30.628263964251946,0.5845401404875001,0.5625026435301191,0.3416871758411464,0.9730469041587905,1.0
100021043|F|0-14:C>T-14:C>T,,,0.3048780487804878,14.217098115186248,24.386892924642787,0.5829811185507756,0.5635403636393923,0.3398669845867135,0.9730469041587905,1.0
100016677|F|0-45:G>A-45:G>A,,,0.18292682926829268,18.004358212246114,30.90726109709512,0.5825284277272401,0.563841864904481,0.33933936911037044,0.9730469041587905,1.0
100057366|F|0-5:C>T-5:C>T,,,0.18292682926829268,-16.112125697660034,27.693816411421356,-0.581795064222898,0.5643304716700802,0.3384854967541259,0.9730469041587905,1.0
100021959|F|0-60:G>A-60:G>A,Vu02 (old7),21244140.0,0.24390243902439024,16.019382177212375,27.53560335531188,0.5817697898427231,0.5643473146262813,0.3384560883736462,0.9730469041587905,1.0
100013548|F|0-31:T>C-31:T>C,,,0.12195121951219512,-17.991155890279227,30.945387424004213,-0.5813840894531364,0.5646043783159486,0.3380074594692525,0.9730469041587905,1.0
100018779|F|0-10:A>G-10:A>G,Vu09 (old8),32879608.0,0.4634146341463415,13.152422822588132,22.63135653650285,0.5811592778972026,0.5647542390225058,0.33774610628599794,0.9730469041587905,1.0
100032753|F|0-47:A>G-47:A>G,,,0.25609756097560976,-14.079078823703549,24.240614543874457,-0.5808053586356496,0.5649902040843188,0.3373348646198856,0.9730469041587905,1.0
100015991|F|0-42:T>C-42:T>C,,,0.3170731707317073,13.827878144700039,23.843268109784486,0.5799489432837245,0.5655613976937314,0.3363407768159087,0.9730469041587905,1.0
100017329|F|0-16:T>C-16:T>C,,,0.14634146341463414,18.55165377870241,31.998497965186196,0.5797663940003147,0.5656831878831201,0.3361290716121281,0.9730469041587905,1.0
100019588|F|0-22:A>G-22:A>G,,,0.18292682926829268,-14.619326892020496,25.229969320062338,-0.5794429119814869,0.5658990354632091,0.33575408824558517,0.9730469041587905,1.0
100021685|F|0-34:T>A-34:T>A,Vu06 (old6),22297694.0,0.2073170731707317,-14.183330606725507,24.480061988513345,-0.5793829530897707,0.5659390483394481,0.3356846063310235,0.9730469041587905,1.0
100041283|F|0-68:T>A-68:T>A,,,0.43902439024390244,13.363684416120874,23.108574367300864,0.5782998208245498,0.5666621078339175,0.33443068276570637,0.9730469041587905,1.0
100020292|F|0-58:T>C-58:T>C,Vu07 (old2),39103737.0,0.35365853658536583,-21.139861986174438,36.59806284430884,-0.5776224298019582,0.5671145438332332,0.33364767141031815,0.9730469041587905,1.0
100021291|F|0-61:A>G-61:A>G,,,0.2804878048780488,-12.183253062810186,21.17660281419442,-0.5753166912420862,0.568655919475184,0.3309892952217419,0.9730469041587905,1.0
100017367|F|0-26:T>C-26:T>C,,,0.23170731707317074,-14.626220819968294,25.580485125581347,-0.5717726129181804,0.5710291806044239,0.3269239208832833,0.9730469041587905,1.0
100032847|F|0-25:A>T-25:A>T,,,0.34146341463414637,-13.420827092660419,23.488638483928387,-0.5713752673167217,0.571295565671536,0.3264696961012552,0.9730469041587905,1.0
100017220|F|0-61:C>T-61:C>T,,,0.34146341463414637,13.281043910948135,23.26030846274969,0.5709745394054904,0.5715642806736153,0.3260119246493119,0.9730469041587905,1.0
100014677|F|0-27:A>C-27:A>C,Vu01 (old4),38105105.0,0.47560975609756095,12.060222346790574,21.32048591558573,0.5656635779569308,0.575131541913367,0.31997528342703674,0.9730469041587905,1.0
100015680|F|0-33:A>G-33:A>G,,,0.12195121951219512,24.400811232890526,43.141440183864624,0.5656002935668499,0.5751741147636191,0.3199036920829068,0.9730469041587905,1.0
100014483|F|0-57:T>A-57:T>A,,,0.18292682926829268,15.329367869038924,27.212816431997695,0.563314271690532,0.5767130137184622,0.3173229686902346,0.9730469041587905,1.0
100014778|F|0-65:A>G-65:A>G,Vu03 (old3),51500985.0,0.4268292682926829,-11.68063069032336,20.738599370916717,-0.5632314160378632,0.5767688282681531,0.31722962801201654,0.9730469041587905,1.0
100015153|F|0-7:G>C-7:G>C,,,0.12195121951219512,16.812992531504307,30.0498284049625,0.559503778355279,0.5792826406006397,0.31304447799383317,0.9730469041587905,1.0
100020434|F|0-43:G>A-43:G>A,,,0.12195121951219512,16.204092001521825,29.022117761097388,0.5583359606941762,0.5800712846949772,0.31173904500428873,0.9730469041587905,1.0
100041853|F|0-27:G>A-27:G>A,,,0.16249999999999998,18.123093638208303,32.5405361952894,0.556938998467758,0.5810153618555689,0.3101810480142693,0.9730469041587905,1.0
100022008|F|0-51:G>C-51:G>C,,,0.3048780487804878,11.673624245009519,21.00236976789873,0.5558241462281166,0.581769324328612,0.30894048153021475,0.9730469041587905,1.0
100044913|F|0-36:G>T-36:G>T,,,0.15384615384615385,-13.987691173734841,25.229169366974112,-0.5544253546470392,0.5827159854512931,0.30738747387549525,0.9730469041587905,1.0
100034740|F|0-59:T>C-59:T>C,Vu08 (old5),34703845.0,0.18292682926829268,-15.664861103012363,28.443256303710047,-0.5507407779104775,0.5852131780155319,0.3033154044534379,0.9730469041587905,1.0
100043520|F|0-39:C>T-39:C>T,,,0.18292682926829268,-13.005706627504594,23.62066255636233,-0.5506071896362386,0.5853038136661504,0.30316827727911677,0.9730469041587905,1.0
100014556|F|0-12:G>A-12:G>A,,,0.4634146341463415,13.37260739158489,24.43729512831433,0.5472212583826713,0.5876033324882107,0.2994511056259143,0.9730469041587905,1.0
100033927|F|0-14:A>G-14:A>G,,,0.2073170731707317,16.11860525033188,29.48318965375368,0.5467049338835605,0.5879543711566974,0.2988862847326282,0.9730469041587905,1.0
100053755|F|0-5:T>C-5:T>C,,,0.1951219512195122,12.647122724584255,23.28141540144759,0.5432282576684699,0.5903207205431215,0.2950969399295216,0.9730469041587905,1.0
100016517|F|0-35:T>A-35:T>A,,,0.24390243902439024,-15.054474376046315,27.82170061091366,-0.5411054696685534,0.5917678090577817,0.29279512930522583,0.9730469041587905,1.0
100041311|F|0-41:A>G-41:A>G,,,0.3048780487804878,-13.574380452457179,25.18308149725387,-0.5390277775949468,0.5931857979869795,0.2905509450189474,0.9730469041587905,1.0
100046635|F|0-47:T>A-47:T>A,,,0.4024390243902439,11.159963159819076,20.712680081712655,0.5387986062543529,0.5933423027437474,0.29030393810163324,0.9730469041587905,1.0
100040746|F|0-42:G>A-42:G>A,Vu07 (old2),31266697.0,0.4268292682926829,11.906151247004054,22.119737280917604,0.5382591617521302,0.5937107757499549,0.28972292521010584,0.9730469041587905,1.0
100019277|F|0-46:C>T-46:C>T,,,0.24390243902439024,-19.58982191474908,36.465524209414525,-0.5372148718402753,0.5944243984682571,0.2885998185263634,0.9730469041587905,1.0
100041804|F|0-61:A>T-61:A>T,,,0.2894736842105263,-11.288396631515523,21.017580640123352,-0.5370930567510491,0.5945076682532258,0.28846895161018565,0.9730469041587905,1.0
100048771|F|0-11:G>A-11:G>A,Vu11 (old9),32286941.0,0.14634146341463414,-16.774686318568854,31.23502822016142,-0.5370472599010241,0.594538975285111,0.2884197593671981,0.9730469041587905,1.0
100014230|F|0-12:A>G-12:A>G,,,0.25609756097560976,-14.324246523256788,26.703572494915345,-0.5364168605524329,0.5949700002451619,0.2877430482849282,0.9730469041587905,1.0
100014400|F|0-16:A>T-16:A>T,,,0.1951219512195122,-14.14851228106876,26.54449098681396,-0.5330112484770217,0.5973010977323441,0.28410099100303343,0.9730469041587905,1.0
100021541|F|0-63:C>G-63:C>G,,,0.15853658536585366,-17.27050900599971,32.454289474977166,-0.5321487324292088,0.5978921650166018,0.28318227342601365,0.9730469041587905,1.0
100019849|F|0-35:A>C-35:A>C,,,0.4024390243902439,-12.187946659710219,22.96287124467983,-0.530767539034736,0.5988392491152873,0.28171418049298996,0.9730469041587905,1.0
100033028|F|0-17:A>C-17:A>C,,,0.43902439024390244,12.180175627217002,22.974805928857243,0.5301535806192919,0.5992604677877194,0.281062819043456,0.9730469041587905,1.0
100015331|F|0-40:A>G-40:A>G,,,0.43902439024390244,12.180175627217002,22.974805928857243,0.5301535806192919,0.5992604677877194,0.281062819043456,0.9730469041587905,1.0
100033778|F|0-25:A>T-25:A>T,,,0.15000000000000002,-14.372714976969574,27.13384149659326,-0.5296970198183738,0.5995737912904202,0.2805789328044667,0.9730469041587905,1.0
100021860|F|0-9:A>C-9:A>C,,,0.14634146341463414,14.252129851820808,26.99639002240038,0.5279272465687093,0.6007890617369247,0.2787071776696187,0.9730469041587905,1.0
100034357|F|0-15:T>C-15:T>C,,,0.3170731707317073,-13.613322467780703,25.829286428038362,-0.5270498860163279,0.6013919586619241,0.2777815823498242,0.9730469041587905,1.0
100017285|F|0-30:C>T-30:C>T,Vu07 (old2),34134592.0,0.21951219512195122,-15.386881221374233,29.25456183161409,-0.5259651916832445,0.6021377225180257,0.27663938286239215,0.9730469041587905,1.0
100014679|F|0-16:C>A-16:C>A,Vu07 (old2),38481917.0,0.4146341463414634,14.96655969192749,28.540444873368788,0.5243982621270509,0.6032158056026253,0.27499353732187115,0.9730469041587905,1.0
100018699|F|0-47:A>G-47:A>G,,,0.1375,-12.790923623843664,24.474862165288116,-0.5226147357832562,0.6044440120870272,0.2731261620578027,0.9730469041587905,1.0
100019345|F|0-24:G>A-24:G>A,,,0.10975609756097561,-17.382098789499533,33.265758934177036,-0.5225222374722758,0.6045077419581221,0.27302948865303334,0.9730469041587905,1.0
100015598|F|0-56:T>C-56:T>C,,,0.35365853658536583,-14.695236451199522,28.301568766368796,-0.5192375225737347,0.6067728924536085,0.26960760484850965,0.9730469041587905,1.0
100030246|F|0-11:C>A-11:C>A,,,0.34146341463414637,13.805877288523408,26.718297360696948,0.5167199504573252,0.6085116898846175,0.2669995072006206,0.9730469041587905,1.0
100052891|F|0-8:C>T-8:C>T,,,0.4024390243902439,16.84434176051981,32.719490763071995,0.5148106332856115,0.6098319274503043,0.26502998814393236,0.9730469041587905,1.0
100034493|F|0-32:C>T-32:C>T,,,0.17073170731707318,-14.29496927285959,28.02401014685035,-0.5100972058585347,0.6130967902182966,0.2601991594246843,0.9730469041587905,1.0
100021654|F|0-23:G>T-23:G>T,,,0.17073170731707318,-14.29496927285959,28.02401014685035,-0.5100972058585347,0.6130967902182966,0.2601991594246843,0.9730469041587905,1.0
100028785|F|0-15:C>T-15:C>T,,,0.15853658536585366,14.72797944638405,28.878212387278243,0.5100031556271878,0.6131620180364894,0.2601032187496895,0.9730469041587905,1.0
100015767|F|0-23:A>T-23:A>T,,,0.15853658536585366,-17.583451509415234,34.54468729228107,-0.5090059539587789,0.6138538159230741,0.2590870611654865,0.9730469041587905,1.0
100015889|F|0-55:C>G-55:C>G,Vu04 (old11),34569598.0,0.47560975609756095,-11.388799959537106,22.432952030104733,-0.5076817328478875,0.6147730339190779,0.25774074186743384,0.9730469041587905,1.0
100038609|F|0-8:A>T-8:A>T,,,0.47560975609756095,-14.7506976953923,29.06419888216466,-0.5075212207016693,0.6148844975177599,0.2575777894625125,0.9730469041587905,1.0
100016625|F|0-16:T>C-16:T>C,,,0.18292682926829268,-13.881416189206988,27.473098354544614,-0.5052730496598945,0.6164466558699068,0.2553008547126102,0.9730469041587905,1.0
100017582|F|0-57:G>A-57:G>A,,,0.18292682926829268,-13.933792547896873,27.71905724901997,-0.5026791648330505,0.6182512870486545,0.25268634275725316,0.9730469041587905,1.0
100016523|F|0-36:G>T-36:G>T,Vu03 (old3),39488805.0,0.2926829268292683,-12.73557615253274,25.38583638984187,-0.5016803841700042,0.618946805292113,0.25168320786096293,0.9730469041587905,1.0
100022600|F|0-31:A>T-31:A>T,,,0.34146341463414637,11.849286011751476,23.636718343913646,0.5013084235867546,0.6192059174480924,0.25131013555903703,0.9730469041587905,1.0
100015005|F|0-68:T>A-68:T>A,,,0.34146341463414637,-11.565979995615201,23.09735838007288,-0.5007490382793596,0.619595684737872,0.2507495993377035,0.9730469041587905,1.0
100035956|F|0-57:T>G-57:T>G,,,0.2804878048780488,-12.56515358790384,25.10091814452861,-0.5005854174558446,0.6197097131743983,0.25058576016944223,0.9730469041587905,1.0
100014325|F|0-37:G>A-37:G>A,,,0.12195121951219512,-16.137887200962634,32.2695787294737,-0.5000959986571797,0.6200508492751141,0.25009600787292185,0.9730469041587905,1.0
100013918|F|0-61:T>G-61:T>G,,,0.32926829268292684,14.191829795750989,28.51490128313408,0.49769871741218813,0.6217230392338288,0.2477040133137371,0.9730469041587905,1.0
100018695|F|0-40:A>G-40:A>G,Vu08 (old5),10283963.0,0.4268292682926829,-13.980135990756292,28.14117316740413,-0.4967858272145334,0.622360349141505,0.24679615812122824,0.9730469041587905,1.0
100015139|F|0-52:T>C-52:T>C,,,0.13414634146341464,13.882415992986253,27.948622783975132,0.4967119882896698,0.6224119107198794,0.24672279931067706,0.9730469041587905,1.0
100052894|F|0-30:A>C-30:A>C,,,0.4146341463414634,-14.766962104508753,29.747018586081165,-0.4964182229481753,0.6226170656052078,0.24643105207502425,0.9730469041587905,1.0
100028939|F|0-16:C>T-16:C>T,,,0.34146341463414637,-11.251117980949047,22.703625339440137,-0.4955648189544382,0.6232132246879901,0.2455844897853451,0.9730469041587905,1.0
100033466|F|0-26:G>A-26:G>A,,,0.12195121951219512,-15.254949287259947,31.00261078773556,-0.4920536980483821,0.6256686794150377,0.2421168417630884,0.9730469041587905,1.0
100021294|F|0-38:G>A-38:G>A,,,0.36585365853658536,13.115679876862801,26.74017433702134,0.4904859523935247,0.6267664622644985,0.240576469495383,0.9730469041587905,1.0
100028488|F|0-19:T>C-19:T>C,,,0.10975609756097561,-17.09676009614645,34.859429089933165,-0.49044865456743,0.6267925898366131,0.24053988276700225,0.9730469041587905,1.0
100019383|F|0-67:A>T-67:A>T,,,0.15853658536585366,-17.412501308601406,35.62158479722793,-0.4888188273407882,0.6279347794095691,0.23894384596282328,0.9730469041587905,1.0
100015098|F|0-61:T>G-61:T>G,,,0.10526315789473685,13.280017103647534,27.170583746164958,0.4887645119336815,0.6279728598849986,0.23889074812576985,0.9730469041587905,1.0
100016298|F|0-19:G>A-19:G>A,,,0.5,-11.406148303984422,23.39754711453542,-0.48749333629500424,0.6288643743782552,0.2376497529320341,0.9730469041587905,1.0
100045081|F|0-27:C>A-27:C>A,,,0.15853658536585366,14.772731469640162,30.352883450199954,0.48669944303241625,0.6294214424054132,0.2368763478480642,0.9730469041587905,1.0
100017712|F|0-29:G>A-29:G>A,Vu04 (old11),3133419.0,0.35365853658536583,11.031092926727466,22.670220343529238,0.48658957696792177,0.6294985517927587,0.23676941641382107,0.9730469041587905,1.0
100028703|F|0-9:T>G-9:T>G,,,0.43902439024390244,-12.865540146031305,26.51323777752406,-0.4852496799518672,0.6304392956541028,0.23546725189338955,0.9730469041587905,1.0
100016054|F|0-59:T>A-59:T>A,,,0.13414634146341464,14.250180462995363,29.458381165687758,0.4837394282749504,0.631500394702121,0.2340038344677759,0.9730469041587905,1.0
100030037|F|0-16:T>A-16:T>A,,,0.47560975609756095,11.848230651141352,24.501204666849013,0.4835774735261251,0.6316142307490594,0.23384717290191023,0.9730469041587905,1.0
100013792|F|0-5:A>G-5:A>G,Vu03 (old3),47359227.0,0.3902439024390244,11.213954854653906,23.28878454037444,0.4815173945730363,0.633063029153599,0.2318590012764051,0.9730469041587905,1.0
100034724|F|0-49:G>A-49:G>A,,,0.23170731707317074,-15.936941718473383,33.16810350026836,-0.48048998997921116,0.633786124368773,0.23087063047022244,0.9730469041587905,1.0
100013053|F|0-56:A>T-56:A>T,,,0.2804878048780488,13.5980003939488,28.31443396753075,0.4802497697655602,0.6339552458095523,0.2306398413598736,0.9730469041587905,1.0
100030808|F|0-36:G>C-36:G>C,,,0.1951219512195122,-13.226753889250052,27.566722516108552,-0.47980872160341254,0.6342658073576418,0.23021640932670104,0.9730469041587905,1.0
100013978|F|0-64:G>A-64:G>A,,,0.1951219512195122,10.495627095851308,22.036347584763377,0.47628705507932334,0.6367479726638617,0.22684935883613438,0.9730469041587905,1.0
100040976|F|0-5:T>C-5:T>C,,,0.2682926829268293,-12.836215471655807,26.95467507014946,-0.47621481016742345,0.6367989374516526,0.22678054542279516,0.9730469041587905,1.0
100041652|F|0-42:T>C-42:T>C,,,0.35365853658536583,-18.09575647525092,38.09250247563097,-0.4750477206591342,0.6376225025234334,0.2256703369034388,0.9730469041587905,1.0
100013444|F|0-54:G>C-54:G>C,Vu03 (old3),47172807.0,0.24390243902439024,-11.50514256262158,24.32037446904503,-0.4730660120906166,0.6390219774550636,0.22379145179531942,0.9730469041587905,1.0
100013138|F|0-58:G>A-58:G>A,,,0.4268292682926829,-9.23686213383909,19.546632607150357,-0.47255516177554546,0.639382955500197,0.22330838092071195,0.9730469041587905,1.0
100020025|F|0-58:A>C-58:A>C,,,0.3048780487804878,12.252082330759851,25.964134744369478,0.4718848693163869,0.6398567338864711,0.22267532988974353,0.9730469041587905,1.0
100019249|F|0-36:C>A-36:C>A,,,0.45121951219512196,13.644616627982765,28.97852780937816,0.4708526505465552,0.6405866296078642,0.2217022185267164,0.9730469041587905,1.0
100019248|F|0-30:G>A-30:G>A,Vu02 (old7),25315767.0,0.22499999999999998,-12.25518595540694,26.036704582697475,-0.47068882763109143,0.6407025043295469,0.2215479724567313,0.9730469041587905,1.0
100043320|F|0-18:A>G-18:A>G,,,0.3125,-12.097839075342847,25.736189595762188,-0.47007110475028985,0.64113951225651,0.22096684352115797,0.9730469041587905,1.0
100020682|F|0-60:A>G-60:A>G,,,0.4878048780487805,-10.936984693144206,23.294867425771606,-0.4695019075766187,0.6415423054524431,0.2204320412180838,0.9730469041587905,1.0
100014947|F|0-16:G>C-16:G>C,,,0.12195121951219512,-13.429503741774159,28.66953624761061,-0.4684241707220991,0.6423052686467937,0.21942120371668622,0.9730469041587905,1.0
100019357|F|0-62:A>C-62:A>C,Vu11 (old9),27999283.0,0.2926829268292683,11.516432317845586,24.597436572581305,0.468196443310801,0.6424665343033439,0.2192079095288841,0.9730469041587905,1.0
100032980|F|0-45:T>A-45:T>A,,,0.4390243902439024,-9.661427481289051,20.675121293121325,-0.46729725762254354,0.6431034661347992,0.21836672698154982,0.9730469041587905,1.0
100013630|F|0-30:A>G-30:A>G,,,0.35365853658536583,11.305922637042194,24.261857268561243,0.46599576083124195,0.6440258564538974,0.21715204911268804,0.9730469041587905,1.0
100014938|F|0-65:C>T-65:C>T,,,0.24390243902439024,15.538342600022007,33.47080706945062,0.46423567163410645,0.6452741672091917,0.2155147588175699,0.9730469041587905,1.0
100043426|F|0-30:G>A-30:G>A,,,0.4268292682926829,10.819130295641632,23.562829293892417,0.45916091657320607,0.648879168994991,0.2108287473083467,0.9730469041587905,1.0
100016083|F|0-25:C>A-25:C>A,,,0.24390243902439024,15.15298005737708,33.039860591810466,0.45862723952089024,0.6492587828591729,0.21033894483055202,0.9730469041587905,1.0
100033589|F|0-16:T>C-16:T>C,,,0.14634146341463414,11.304587407865284,24.94268693966557,0.4532225190978906,0.6531085908419798,0.20541065181743778,0.9730469041587905,1.0
100022031|F|0-68:A>C-68:A>C,,,0.4268292682926829,-10.35532380599981,23.053596709853135,-0.44918473834384076,0.6559910233607896,0.20176692916102468,0.9730469041587905,1.0
100049169|F|0-65:G>T-65:G>T,,,0.36585365853658536,11.342071900771376,25.25506252673741,0.4491009233797612,0.6560509127645253,0.20169163938055415,0.9730469041587905,1.0
100059437|F|0-44:G>C-44:G>C,,,0.25609756097560976,-14.463296392157751,32.41477607579595,-0.44619454900252936,0.6581290653572323,0.19908957555957058,0.9730469041587905,1.0
100059436|F|0-49:A>C-49:A>C,,,0.25609756097560976,-14.463296392157751,32.41477607579595,-0.44619454900252936,0.6581290653572323,0.19908957555957058,0.9730469041587905,1.0
100015478|F|0-48:C>T-48:C>T,,,0.17073170731707318,11.395234367694187,25.54206995960898,0.44613589993740016,0.6581710297742255,0.19903724121295394,0.9730469041587905,1.0
100032815|F|0-7:G>A-7:G>A,,,0.4512195121951219,-11.014972938993234,24.69084931147899,-0.4461155952975776,0.65818555835554,0.19901912436771205,0.9730469041587905,1.0
100014336|F|0-17:A>G-17:A>G,,,0.45121951219512196,-12.415002903068256,27.841383734006033,-0.4459190326773995,0.6583262117836975,0.1988437837039477,0.9730469041587905,1.0
100020403|F|0-39:T>G-39:T>G,,,0.12195121951219512,-13.830985007977286,31.062453711687954,-0.4452637623657227,0.6587951916109791,0.19825981807607876,0.9730469041587905,1.0
100014668|F|0-30:A>T-30:A>T,,,0.2682926829268293,12.541674655334615,28.178526639333842,0.4450791489512423,0.658927345502983,0.19809544883116212,0.9730469041587905,1.0
100034510|F|0-47:C>T-47:C>T,,,0.21951219512195122,12.217859548657183,27.51615273166686,0.444024993893725,0.6596821656811865,0.19715819520232253,0.9730469041587905,1.0
100015232|F|0-9:G>T-9:G>T,Vu01 (old4),18488835.0,0.47560975609756095,-10.851252648528106,24.502308813376118,-0.44286653683036886,0.6605120871508097,0.19613076944412447,0.9730469041587905,1.0
100049389|F|0-23:C>A-23:C>A,,,0.36250000000000004,-16.177509945305655,36.61055299987811,-0.4418810594136482,0.6612184283122564,0.1952588706685281,0.9730469041587905,1.0
100041567|F|0-33:A>T-33:A>T,,,0.43902439024390244,11.856201958183917,26.912427548742208,0.4405474733451919,0.6621747770777446,0.19408207627083257,0.9730469041587905,1.0
100035865|F|0-64:G>A-64:G>A,,,0.3783783783783784,-7.415546891245704,16.844965755346454,-0.44022332837881073,0.6624073165945169,0.19379657884891824,0.9730469041587905,1.0
100040003|F|0-60:C>T-60:C>T,,,0.21951219512195122,12.2438997236219,27.822405010808488,0.44007337679346453,0.6625149023765609,0.1936645769624026,0.9730469041587905,1.0
100015160|F|0-27:A>C-27:A>C,,,0.12195121951219512,-15.19213968196016,34.789710181916554,-0.4366848588999436,0.6649479940774313,0.19069366599246362,0.9730469041587905,1.0
100035288|F|0-19:C>G-19:C>G,,,0.47560975609756095,10.620653311596461,24.374961088533222,0.43571980578843933,0.665641615826286,0.18985174915631528,0.9730469041587905,1.0
100020777|F|0-46:A>G-46:A>G,,,0.4390243902439024,-9.37413721470975,21.516710404218305,-0.4356677688459278,0.6656790253095487,0.18980640481118877,0.9730469041587905,1.0
100013936|F|0-38:C>A-38:C>A,,,0.21951219512195122,11.878903210028174,27.37518629861957,0.43392958427563955,0.6669291080875656,0.18829488410962936,0.9730469041587905,1.0
100058484|F|0-60:G>A-60:G>A,,,0.10975609756097561,17.34815452248366,39.993832960778924,0.433770740091269,0.6670433951761379,0.18815705495932722,0.9730469041587905,1.0
100033134|F|0-15:C>T-15:C>T,,,0.10975609756097561,17.34815452248366,39.993832960778924,0.433770740091269,0.6670433951761379,0.18815705495932722,0.9730469041587905,1.0
100021344|F|0-55:A>T-55:A>T,,,0.10975609756097561,17.34815452248366,39.993832960778924,0.433770740091269,0.6670433951761379,0.18815705495932722,0.9730469041587905,1.0
100016053|F|0-57:T>C-57:T>C,,,0.2804878048780488,9.325429268820052,21.50544655318173,0.43363104531490676,0.6671439110767756,0.18803588346089872,0.9730469041587905,1.0
100017860|F|0-21:C>T-21:C>T,,,0.2073170731707317,-12.129175687864398,28.092282095520513,-0.4317618499850701,0.6684894691665957,0.1864182951025302,0.9730469041587905,1.0
100045027|F|0-42:C>G-42:C>G,,,0.2073170731707317,-12.129175687864398,28.092282095520513,-0.4317618499850701,0.6684894691665957,0.1864182951025302,0.9730469041587905,1.0
100044112|F|0-18:T>G-18:T>G,,,0.1794871794871794,-15.207202415166666,35.35042033606667,-0.4301844863680827,0.6696258137705643,0.18505869231177113,0.9730469041587905,1.0
100013713|F|0-9:G>T-9:G>T,,,0.41463414634146345,10.313377375752232,23.98542069131296,0.4299852609834578,0.6697693933821645,0.1848873246630123,0.9730469041587905,1.0
100015820|F|0-37:T>C-37:T>C,,,0.46341463414634143,-11.50804245023562,26.798359085522343,-0.4294308622968177,0.6701690087905149,0.1844108654929884,0.9730469041587905,1.0
100035862|F|0-6:T>G-6:T>G,Vu10 (old10),39567399.0,0.36585365853658536,11.874389265541565,27.691020040208834,0.42881732952774293,0.6706113619722882,0.18388430210330486,0.9730469041587905,1.0
100021056|F|0-55:T>C-55:T>C,,,0.17073170731707318,12.41254237763455,28.965383875344465,0.4285302218349052,0.670818405661556,0.18363815102587305,0.9730469041587905,1.0
100022075|F|0-54:C>G-54:C>G,,,0.1951219512195122,-11.370402224012377,26.670732115066443,-0.42632508830116345,0.6724094741486087,0.1817530809149948,0.9730469041587905,1.0
100014991|F|0-45:T>G-45:T>G,,,0.12195121951219512,-18.352941015334096,43.06104861861493,-0.4262074799404739,0.6724943750706683,0.18165281595720947,0.9730469041587905,1.0
100021838|F|0-57:A>G-57:A>G,Vu07 (old2),38535679.0,0.3048780487804878,11.294222588706557,26.500803432929793,0.4261841576724576,0.6725112118233038,0.1816329362509822,0.9730469041587905,1.0
100033853|F|0-49:A>G-49:A>G,Vu06 (old6),26071343.0,0.45121951219512196,-9.8061763122695,23.071026389937078,-0.4250429151494826,0.6733353036667447,0.18066147971877028,0.9730469041587905,1.0
100035349|F|0-16:C>T-16:C>T,,,0.36585365853658536,9.447659542487207,22.243235717734912,0.4247430392941629,0.6735519120584316,0.18040664942884282,0.9730469041587905,1.0
100020699|F|0-40:A>G-40:A>G,,,0.4146341463414634,-9.99945541873477,23.55889767890156,-0.42444496151829286,0.6737672496120238,0.18015352535826512,0.9730469041587905,1.0
100035171|F|0-38:C>T-38:C>T,,,0.2804878048780488,11.02611944332766,26.12255042973645,0.422091995687226,0.6754680576246063,0.17816165282322521,0.9730469041587905,1.0
100034980|F|0-28:T>C-28:T>C,,,0.23170731707317074,-10.812156860378527,25.75608202621425,-0.41979043432825053,0.6771333809065376,0.17622400875350122,0.9730469041587905,1.0
100019402|F|0-35:A>C-35:A>C,,,0.2804878048780488,10.233081467731305,24.38924000334675,0.41957360976918906,0.677290351980503,0.17604201401474773,0.9730469041587905,1.0
100033391|F|0-52:T>C-52:T>C,,,0.4634146341463415,9.91306711115669,23.68747732527711,0.4184939989611461,0.6780721581813138,0.17513722716649174,0.9730469041587905,1.0
100049761|F|0-12:A>G-12:A>G,,,0.1216216216216216,13.163718802906455,31.46186560014413,0.418402359548766,0.6781385360231316,0.17506053447597483,0.9730469041587905,1.0
100032762|F|0-24:G>A-24:G>A,,,0.36585365853658536,-14.067771216721534,33.68741640710126,-0.4175972133546005,0.6787218452781087,0.17438743260152773,0.9730469041587905,1.0
100044112|F|0-25:G>A-25:G>A,,,0.1707317073170732,-13.859314995482622,33.24626224920607,-0.41686836527957627,0.6792500513867958,0.17377923397086623,0.9730469041587905,1.0
100034507|F|0-30:A>G-30:A>G,,,0.18292682926829268,-11.467561214169116,27.60881685260962,-0.4153586615242872,0.6803446761968873,0.17252281770324737,0.9730469041587905,1.0
100029504|F|0-25:T>C-25:T>C,,,0.426829268292683,-14.21997813676356,34.615761851066,-0.41079489158565646,0.6836579422958436,0.16875244295287126,0.9730469041587905,1.0
100033601|F|0-15:C>A-15:C>A,,,0.4268292682926829,14.21997813577449,34.615761851144036,0.41079489155615756,0.6836579423172803,0.16875244292863525,0.9730469041587905,1.0
100022323|F|0-60:G>C-60:G>C,,,0.4146341463414634,11.372214815706371,27.749239610891536,0.40982077257507243,0.6843659717678786,0.16795306563402923,0.9730469041587905,1.0
100020248|F|0-34:C>A-34:C>A,,,0.1951219512195122,-11.670095889866273,28.49510864412544,-0.4095473379524097,0.6845647672262806,0.1677290220239053,0.9730469041587905,1.0
100033255|F|0-46:T>C-46:T>C,,,0.11538461538461539,12.542767824017146,30.671885777707217,0.40893370283523345,0.6850109818943553,0.167226773314535,0.9730469041587905,1.0
100038456|F|0-36:A>C-36:A>C,,,0.43902439024390244,12.054598107521668,29.585101464208318,0.4074550199567566,0.6860867003693637,0.16601959328796093,0.9730469041587905,1.0
100033819|F|0-67:C>G-67:C>G,,,0.3780487804878049,-10.025669956228237,24.752462896712654,-0.4050372683342042,0.6878470044959142,0.16405518873963415,0.9730469041587905,1.0
100030268|F|0-10:A>C-10:A>C,,,0.3780487804878049,-10.025669956228237,24.752462896712654,-0.4050372683342042,0.6878470044959142,0.16405518873963415,0.9730469041587905,1.0
100029122|F|0-13:T>C-13:T>C,,,0.18292682926829268,10.44463953216878,25.81832012817686,0.40454373020071155,0.6882065543411822,0.1636556296447061,0.9730469041587905,1.0
100034612|F|0-26:G>A-26:G>A,,,0.12195121951219512,-11.575027095617331,28.759692337402537,-0.4024739541654896,0.689715215972298,0.16198528378160462,0.9730469041587905,1.0
100020314|F|0-31:G>A-31:G>A,,,0.36585365853658536,-8.009565366630007,19.936331940834435,-0.40175722346518905,0.6902379417735036,0.16140886660645784,0.9730469041587905,1.0
100042001|F|0-12:C>A-12:C>A,,,0.21951219512195122,9.472409480831319,23.62455409420376,0.40095611722700647,0.6908223866042303,0.16076580794175696,0.9730469041587905,1.0
100015147|F|0-16:C>G-16:C>G,,,0.47560975609756095,8.829435171627441,22.140573294980943,0.39878981695695254,0.6924037662143315,0.1590333181085597,0.9730469041587905,1.0
100018646|F|0-46:C>T-46:C>T,,,0.13414634146341464,11.168559059802757,28.104181428686754,0.39739848278956397,0.6934201655387052,0.15792555412344736,0.9730469041587905,1.0
100028909|F|0-9:C>T-9:C>T,,,0.4024390243902439,9.739419689461558,24.510905424946646,0.39735046586851075,0.6934552532032431,0.15788739272592253,0.9730469041587905,1.0
100035121|F|0-27:C>T-27:C>T,,,0.2051282051282051,-10.91434958706379,27.738329941524306,-0.393475368202503,0.6962891767658742,0.1548228653820953,0.9730469041587905,1.0
100019045|F|0-23:G>C-23:G>C,,,0.32926829268292684,8.849538723738277,22.498967388844658,0.3933308836265089,0.6963949265511009,0.1547091840144103,0.9730469041587905,1.0
100029518|F|0-19:G>C-19:G>C,,,0.43902439024390244,-7.773967493133648,19.769766819841067,-0.39322504731475355,0.6964723931668865,0.15462593783569017,0.9730469041587905,1.0
100039167|F|0-27:C>T-27:C>T,,,0.4146341463414634,-10.246181575636355,26.235493202518857,-0.39054655830341406,0.6984340026703453,0.152526614202642,0.9730469041587905,1.0
100016088|F|0-16:G>A-16:G>A,,,0.3780487804878049,-8.896500283525597,22.781681091860438,-0.39051114128290504,0.6984599546664801,0.15249895146607703,0.9730469041587905,1.0
100013120|F|0-6:A>G-6:A>G,,,0.10975609756097561,12.522394162621264,32.20104324381639,0.38888162932503606,0.6996543843902402,0.15122892162649473,0.9730469041587905,1.0
100044913|F|0-35:T>C-35:T>C,,,0.11842105263157895,-11.408221347342897,29.501789245902508,-0.38669591366996087,0.7012577268841583,0.14953372964904582,0.9730469041587905,1.0
100021017|F|0-55:C>T-55:C>T,,,0.35365853658536583,-9.109199308627817,23.558899450013502,-0.38665640251809796,0.7012867232730838,0.1495031736082374,0.9730469041587905,1.0
100058965|F|0-54:C>G-54:C>G,,,0.4634146341463415,-10.942627034660587,28.39798069200301,-0.3853311667946192,0.7022595478139734,0.14848010810330264,0.9730469041587905,1.0
100016472|F|0-40:C>G-40:C>G,,,0.47560975609756095,9.746105379155473,25.527717078163786,0.38178523168811745,0.7048650329003608,0.14575996313514952,0.9730469041587905,1.0
100018506|F|0-23:C>T-23:C>T,,,0.21951219512195122,-10.941961475292404,28.90179947420958,-0.3785910107450723,0.7072151793011968,0.14333115341697544,0.9730469041587905,1.0
100016920|F|0-66:T>A-66:T>A,,,0.2682926829268293,8.734572237711102,23.116601802707834,0.3778484533435166,0.707761933330439,0.1427694536940876,0.9730469041587905,1.0
100033344|F|0-23:G>A-23:G>A,,,0.1875,8.399423266519845,22.324406930602386,0.37624395992378556,0.7089438773238161,0.14155951737913117,0.9730469041587905,1.0
100018025|F|0-39:C>T-39:C>T,,,0.1951219512195122,-10.014354627908054,26.718279818658587,-0.3748128508226258,0.709998715013704,0.14048467314178392,0.9730469041587905,1.0
100028251|F|0-5:A>G-5:A>G,,,0.15853658536585366,12.057185651039651,32.272142418732166,0.3736097063094619,0.710885973644192,0.13958421264864238,0.9730469041587905,1.0
100018867|F|0-57:G>A-57:G>A,,,0.2073170731707317,-12.366077882741463,33.15468955719271,-0.37298125990320774,0.7113495837465592,0.1391150202389842,0.9730469041587905,1.0
100048218|F|0-16:G>A-16:G>A,,,0.14634146341463414,12.73091362412423,34.23507815730141,0.3718675203727868,0.712171471827972,0.13828545270820503,0.9730469041587905,1.0
100019303|F|0-21:A>G-21:A>G,Vu04 (old11),37777897.0,0.13414634146341464,-10.166854360797338,27.35349848103946,-0.3716838768483185,0.7123070257271563,0.13814890430899598,0.9730469041587905,1.0
100016871|F|0-26:A>G-26:A>G,,,0.3780487804878049,8.667870877708385,23.415986737253846,0.3701689352222842,0.7134256197551694,0.13702504060359966,0.9730469041587905,1.0
100017310|F|0-9:T>G-9:T>G,,,0.2682926829268293,8.226501417971255,22.288491964266516,0.3690918807409758,0.7142212800258332,0.13622881642891072,0.9730469041587905,1.0
100041207|F|0-27:C>A-27:C>A,,,0.17073170731707318,-8.938961146536286,24.42422236052117,-0.36598754361920016,0.7165163789812952,0.13394688208441594,0.9730469041587905,1.0
100030615|F|0-8:C>T-8:C>T,,,0.4146341463414634,-9.93277031123216,27.341802433301005,-0.3632814747843588,0.7185192103271456,0.13197342992149871,0.9730469041587905,1.0
100018408|F|0-53:G>A-53:G>A,,,0.3048780487804878,-8.908219863899363,24.73350478638254,-0.36016811773493335,0.7208259808779466,0.12972107303272482,0.9730469041587905,1.0
100017454|F|0-9:A>G-9:A>G,,,0.4878048780487805,8.625224795584781,24.121939749104268,0.3575676286939182,0.7227547859789334,0.12785460908979177,0.9730469041587905,1.0
100015801|F|0-31:A>T-31:A>T,,,0.17073170731707318,-10.258009805876602,28.746744576165405,-0.35684074691301765,0.723294249565015,0.12733531865744033,0.9730469041587905,1.0
100058671|F|0-36:C>G-36:C>G,Vu05 (old1),1696325.0,0.2926829268292683,8.112698089094716,23.02834033559707,0.35229191382733543,0.7266734627446352,0.12410959254812673,0.9730469041587905,1.0
100035246|F|0-43:C>A-43:C>A,,,0.41463414634146345,8.562961192980692,24.366160481647007,0.35142841644790346,0.7273155619198759,0.12350193188708106,0.9730469041587905,1.0
100058466|F|0-35:C>T-35:C>T,,,0.375,6.0808061367504695,17.43943772714434,0.3486813182793012,0.7293596377300077,0.12157866171699136,0.9730469041587905,1.0
100013355|F|0-21:A>G-21:A>G,,,0.35365853658536583,8.28129377910044,23.802183263200092,0.34792160397756133,0.7299252848685618,0.12104944251431903,0.9730469041587905,1.0
100035301|F|0-17:C>T-17:C>T,,,0.25609756097560976,9.834074495778248,28.267916697244175,0.3478881942770465,0.7299501636608864,0.12102619571734403,0.9730469041587905,1.0
100018265|F|0-5:C>T-5:C>T,,,0.3205128205128205,-9.063683579106117,26.074121110820894,-0.3476122374588742,0.7301556683684466,0.12083426763116475,0.9730469041587905,1.0
100020755|F|0-11:C>A-11:C>A,,,0.15853658536585366,10.008362004676467,28.80252319180734,0.34748212641048304,0.7302525689143701,0.12074382817475092,0.9730469041587905,1.0
100055640|F|0-33:G>T-33:G>T,,,0.45121951219512196,-8.757510429857238,25.22617769498248,-0.347159626628616,0.7304927708205422,0.12051980636092006,0.9730469041587905,1.0
100019086|F|0-55:A>G-55:A>G,,,0.35365853658536583,-11.29646634711708,32.71441882496238,-0.3453054265630859,0.7318743362699658,0.1192358376139147,0.9730469041587905,1.0
100028749|F|0-23:C>A-23:C>A,,,0.2682926829268293,8.563959917176966,24.966569820022844,0.34301708159800104,0.7335806324899813,0.11766071826800971,0.9730469041587905,1.0
100029425|F|0-25:A>T-25:A>T,,,0.4268292682926829,-7.51215349297916,22.141340969153408,-0.3392817762684224,0.7363687948018188,0.11511212370785581,0.9730469041587905,1.0
100035958|F|0-25:C>T-25:C>T,,,0.4358974358974359,-7.666640933547998,22.854319597691287,-0.33545697568360217,0.7392275128532174,0.11253138253478885,0.9730469041587905,1.0
100018705|F|0-34:T>C-34:T>C,Vu07 (old2),39159477.0,0.4268292682926829,11.902062966871156,35.61719799970814,0.33416617912977564,0.7401931257271614,0.1116670352741933,0.9730469041587905,1.0
100014666|F|0-59:T>C-59:T>C,,,0.2073170731707317,-9.869078700294493,29.57854164311479,-0.33365670354446936,0.7405743693385489,0.11132679582016192,0.9730469041587905,1.0
100015314|F|0-65:G>A-65:G>A,,,0.18292682926829268,-8.99624093580285,26.988724485184125,-0.3333333126114009,0.7408163991579662,0.11111109729648994,0.9730469041587905,1.0
100034348|F|0-49:T>G-49:T>G,,,0.2682926829268293,-8.727733354189741,26.186612890932572,-0.3332898909278879,0.7408488985253007,0.11108215139472342,0.9730469041587905,1.0
100038434|F|0-16:C>A-16:C>A,,,0.12195121951219512,14.382634393596616,43.30098538478653,0.33215489822663125,0.7416985652500843,0.11032687641594376,0.9730469041587905,1.0
100014138|F|0-28:A>G-28:A>G,,,0.4878048780487805,-7.455186947846135,22.514097336828986,-0.3311341705736876,0.7424629724258716,0.10964983892152404,0.9730469041587905,1.0
100057963|F|0-26:C>T-26:C>T,,,0.10975609756097561,11.190525077923246,33.84108114600007,0.33067871057795495,0.7428041448603878,0.10934840962949889,0.9730469041587905,1.0
100028946|F|0-30:A>G-30:A>G,,,0.2926829268292683,9.420696077559633,28.529222146440922,0.3302121603317139,0.7431536792876403,0.10904007083093753,0.9730469041587905,1.0
100044383|F|0-68:C>A-68:C>A,,,0.21951219512195122,7.9013433660928385,24.03270965169883,0.3287745527077637,0.7442310661502346,0.10809270650819008,0.9730469041587905,1.0
100017924|F|0-5:G>C-5:G>C,Vu04 (old11),2232752.0,0.47560975609756095,8.131986021416905,24.74470176163731,0.32863544284151547,0.7443353470415003,0.10800125429163898,0.9730469041587905,1.0
100033416|F|0-48:G>A-48:G>A,,,0.10975609756097561,-10.22361679562724,31.41664414254893,-0.3254203965655565,0.7467467987166906,0.10589843450088406,0.9730469041587905,1.0
100020859|F|0-32:T>C-32:T>C,,,0.17073170731707318,-8.41909982433431,26.37143627477654,-0.31925071265029725,0.751381607752311,0.10192101752772266,0.9730469041587905,1.0
100029349|F|0-21:A>C-21:A>C,,,0.13414634146341464,-11.35884773432932,35.6390628146802,-0.31871903572196236,0.7517814563541021,0.10158182373153753,0.9730469041587905,1.0
100033333|F|0-30:G>A-30:G>A,Vu03 (old3),53692049.0,0.13414634146341464,-11.35884773432932,35.6390628146802,-0.31871903572196236,0.7517814563541021,0.10158182373153753,0.9730469041587905,1.0
100021067|F|0-49:G>A-49:G>A,Vu03 (old3),51946113.0,0.4878048780487805,-6.012199567606866,18.943189647422464,-0.31738052986366666,0.7527883893890033,0.10073040073654181,0.9730469041587905,1.0
100039148|F|0-38:G>A-38:G>A,,,0.4268292682926829,-9.038404779005878,28.492268160539147,-0.31722307006515443,0.7529068723226482,0.10063047618156187,0.9730469041587905,1.0
100036086|F|0-33:A>G-33:A>G,,,0.4268292682926829,7.474985726311033,23.673395065304454,0.31575469871097256,0.7540120615466375,0.09970102975805706,0.9730469041587905,1.0
100043501|F|0-12:T>G-12:T>G,,,0.4268292682926829,7.474985726311033,23.673395065304454,0.31575469871097256,0.7540120615466375,0.09970102975805706,0.9730469041587905,1.0
100019329|F|0-51:C>A-51:C>A,,,0.2804878048780488,-8.502008363591717,26.942060310087392,-0.3155663770973178,0.7541538423660452,0.09958213835432657,0.9730469041587905,1.0
100033716|F|0-51:T>C-51:T>C,,,0.12195121951219512,8.583637100680487,27.34135299718843,0.3139433919588091,0.755376089101288,0.09856045335460245,0.9730469041587905,1.0
100013445|F|0-24:G>T-24:G>T,,,0.24390243902439024,-8.171152423222189,26.06776385086971,-0.3134581266720188,0.7557416595259224,0.09825599717673136,0.9730469041587905,1.0
100041853|F|0-21:T>C-21:T>C,,,0.15853658536585366,10.806436954676336,34.747927133439184,0.3109951541332925,0.7575979958693512,0.09671798589439035,0.9730469041587905,1.0
100016887|F|0-60:G>T-60:G>T,,,0.12195121951219512,-12.67887060451591,40.849512670524035,-0.31037997213770085,0.7580618850018318,0.09633572710419996,0.9730469041587905,1.0
100021995|F|0-64:T>A-64:T>A,,,0.2804878048780488,8.013859486439848,25.972509194012158,0.30855160841707996,0.759441131141626,0.09520409505676705,0.9730469041587905,1.0
100029178|F|0-32:G>A-32:G>A,,,0.21951219512195122,-9.754728187327574,31.814432903108752,-0.306613297714145,0.7609041881319968,0.0940117143351429,0.9730469041587905,1.0
100015553|F|0-28:T>C-28:T>C,,,0.21951219512195122,-9.754728187327574,31.814432903108752,-0.306613297714145,0.7609041881319968,0.0940117143351429,0.9730469041587905,1.0
100015099|F|0-66:G>T-66:G>T,,,0.18292682926829268,8.772587798282952,28.72084406525179,0.30544324457708255,0.7617877882338672,0.09329557565777546,0.9730469041587905,1.0
100038568|F|0-15:C>T-15:C>T,,,0.34146341463414637,-10.253516514541525,33.62733280878912,-0.3049161398807574,0.7621859527281999,0.0929738523597816,0.9730469041587905,1.0
100015600|F|0-30:C>A-30:C>A,,,0.34146341463414637,-10.253516514541525,33.62733280878912,-0.3049161398807574,0.7621859527281999,0.0929738523597816,0.9730469041587905,1.0
100033136|F|0-68:A>G-68:A>G,,,0.14634146341463414,-7.3173654097329415,24.020895694372744,-0.304625002449311,0.7624059003360737,0.09279639211724273,0.9730469041587905,1.0
100044261|F|0-5:T>A-5:T>A,Vu09 (old8),3387810.0,0.4634146341463415,-6.406657062753445,21.038976333325568,-0.30451372544230454,0.7624899728291797,0.09272860898275123,0.9730469041587905,1.0
100013529|F|0-11:C>G-11:C>G,,,0.4634146341463415,-6.406657062753445,21.038976333325568,-0.30451372544230454,0.7624899728291797,0.09272860898275123,0.9730469041587905,1.0
100015067|F|0-38:T>A-38:T>A,,,0.25609756097560976,7.526280073390972,24.73250609438569,0.30430721596383015,0.7626460035157998,0.09260288168765717,0.9730469041587905,1.0
100029801|F|0-44:C>T-44:C>T,,,0.34146341463414637,-7.4873822431365555,24.627350465222865,-0.3040271122023357,0.7628576552989204,0.09243248495409162,0.9730469041587905,1.0
100021651|F|0-68:A>T-68:A>T,,,0.18292682926829268,9.634732138581562,32.75222000502306,0.29417035355477966,0.7703172659611709,0.08653619691054407,0.9730469041587905,1.0
100020395|F|0-36:T>C-36:T>C,,,0.17073170731707318,9.69691263514944,33.09213109239498,0.29302774753536265,0.7711834414054365,0.08586526082564823,0.9730469041587905,1.0
100021287|F|0-39:T>A-39:T>A,,,0.18292682926829268,-9.435442419882817,32.31698855941595,-0.29196539778251357,0.7719890438022412,0.08524379350230138,0.9730469041587905,1.0
100013428|F|0-14:G>T-14:G>T,,,0.4024390243902439,-5.981940636438221,20.51074539399147,-0.2916491098461299,0.7722289412077334,0.08505920327403994,0.9730469041587905,1.0
100020694|F|0-67:C>T-67:C>T,Vu10 (old10),36275606.0,0.15853658536585366,9.960678847093302,34.18727386824021,0.29135633585416465,0.7724510240306367,0.0848885144423648,0.9730469041587905,1.0
100015415|F|0-31:C>A-31:C>A,,,0.3780487804878049,-10.5214045854931,36.219567211605465,-0.2904895170067585,0.7731086606635892,0.08438415949081984,0.9730469041587905,1.0
100021971|F|0-12:T>C-12:T>C,,,0.125,-8.086096755566858,27.93019004700149,-0.2895109822725664,0.7738512577471255,0.08381660885642625,0.9730469041587905,1.0
100046294|F|0-6:C>G-6:C>G,,,0.5,-7.095115778879498,24.59204974044159,-0.2885125824713826,0.7746091525252382,0.08323951024430636,0.9730469041587905,1.0
100039244|F|0-37:G>C-37:G>C,,,0.4268292682926829,-7.98971914368872,27.71055268509424,-0.28832767193367687,0.7747495444659562,0.083132846402694,0.9730469041587905,1.0
100022316|F|0-39:A>G-39:A>G,,,0.23170731707317074,-6.682465562177259,23.306315318677022,-0.2867233825169318,0.7759679108796654,0.0822102980819508,0.9730469041587905,1.0
100013004|F|0-22:T>A-22:T>A,,,0.18292682926829268,9.176076688584345,32.05920640855558,0.28622282696728085,0.7763481720952762,0.08192350667714199,0.9730469041587905,1.0
100036060|F|0-10:G>T-10:G>T,Vu06 (old6),32597034.0,0.18292682926829268,9.176076688584345,32.05920640855558,0.28622282696728085,0.7763481720952762,0.08192350667714199,0.9730469041587905,1.0
100044544|F|0-31:A>G-31:A>G,,,0.14634146341463414,8.531483354574934,30.091571355224488,0.28351737614040223,0.7784044093158874,0.08038210257353832,0.9730469041587905,1.0
100043188|F|0-42:C>T-42:C>T,,,0.4146341463414634,-7.935961717370829,28.026695827334333,-0.28315723573918106,0.778678250950961,0.08017802015145416,0.9730469041587905,1.0
100035100|F|0-8:T>C-8:T>C,,,0.18292682926829268,-8.37318530254675,29.722458313250133,-0.28171240798120734,0.7797771489466476,0.0793618808105702,0.9730469041587905,1.0
100034350|F|0-65:C>A-65:C>A,,,0.21951219512195122,-6.771950328791713,24.08084654285976,-0.2812172868067079,0.780153830748005,0.0790831623989262,0.9730469041587905,1.0
100035644|F|0-26:C>G-26:C>G,,,0.21951219512195122,-6.771950328791713,24.08084654285976,-0.2812172868067079,0.780153830748005,0.0790831623989262,0.9730469041587905,1.0
100020454|F|0-11:G>A-11:G>A,,,0.4146341463414634,-6.555696120553351,23.36985036155296,-0.28051938797770354,0.7806848744991703,0.07869112703138537,0.9730469041587905,1.0
100043186|F|0-41:T>C-41:T>C,,,0.3902439024390244,7.344880421775889,26.2062173244386,0.28027243805714847,0.7808728086816391,0.07855263953449812,0.9730469041587905,1.0
100018597|F|0-60:C>T-60:C>T,,,0.36585365853658536,-6.501625732326838,23.289800178378822,-0.2791619370939321,0.7817180884375908,0.07793138712203651,0.9730469041587905,1.0
100046319|F|0-34:T>C-34:T>C,,,0.19999999999999998,-8.335778237163371,29.877634813100553,-0.2789972596327589,0.7818434588500226,0.07783947088258908,0.9730469041587905,1.0
100040378|F|0-57:G>A-57:G>A,,,0.4024390243902439,6.873749354134852,24.695149135387084,0.2783441118922042,0.7823407641694755,0.0774754446250599,0.9730469041587905,1.0
100019852|F|0-38:G>A-38:G>A,,,0.5,-6.69047264213624,24.14282723595647,-0.2771205118914973,0.7832726600698989,0.07679577811100549,0.9730469041587905,1.0
100015224|F|0-63:G>C-63:G>C,,,0.2682926829268293,-8.036853647419191,29.164994397732016,-0.2755650674167168,0.784457757044575,0.07593610638037969,0.9730469041587905,1.0
100014250|F|0-55:T>C-55:T>C,,,0.4878048780487805,6.214760577319017,22.586734435682406,0.2751509119220426,0.7847733910913828,0.07570802433153165,0.9730469041587905,1.0
100016803|F|0-28:A>T-28:A>T,,,0.4146341463414634,6.1512501796858565,22.538749887007377,0.2729188713004792,0.786475096259423,0.07448471031192753,0.9730469041587905,1.0
100013175|F|0-57:A>T-57:A>T,,,0.4024390243902439,-5.828168256217015,21.388699415880698,-0.2724882024331836,0.7868035603519196,0.07424982046526765,0.9730469041587905,1.0
100016293|F|0-58:A>G-58:A>G,,,0.3902439024390244,6.742900866528289,25.14705568096007,0.268138781417406,0.7901229987061578,0.07189840610001143,0.9730469041587905,1.0
100014402|F|0-62:C>T-62:C>T,,,0.42500000000000004,6.164694269995234,23.000217002041346,0.26802765684550267,0.7902078602702315,0.07183882483409053,0.9730469041587905,1.0
100035727|F|0-32:C>A-32:C>A,Vu08 (old5),17172753.0,0.14634146341463414,9.099960507403487,34.06165908410187,0.2671613994178826,0.7908694765724262,0.0713752133389214,0.9730469041587905,1.0
100014526|F|0-10:T>C-10:T>C,,,0.3157894736842105,-6.658185427560623,24.993881980683497,-0.2663926089075077,0.7914567827220366,0.07096502208054836,0.9730469041587905,1.0
100021071|F|0-60:A>G-60:A>G,Vu07 (old2),39201975.0,0.4024390243902439,8.43570270268945,31.690632254870827,0.2661891575669933,0.7916122270283784,0.07085666760622558,0.9730469041587905,1.0
100034716|F|0-53:A>G-53:A>G,,,0.4024390243902439,8.43570270268945,31.690632254870827,0.2661891575669933,0.7916122270283784,0.07085666760622558,0.9730469041587905,1.0
100021948|F|0-23:C>G-23:C>G,,,0.5,6.031258867606318,22.914302627036665,0.26320935730725725,0.7938898902756989,0.06927916577409941,0.9730469041587905,1.0
100014327|F|0-12:T>C-12:T>C,,,0.25609756097560976,6.642397595628828,25.258771320673098,0.26297389969211776,0.7940699448887807,0.06915527191928002,0.9730469041587905,1.0
100038668|F|0-20:A>G-20:A>G,,,0.10975609756097561,10.231371546765056,39.14902597930244,0.2613442171504916,0.7953164773474004,0.06830079983800331,0.9730469041587905,1.0
100030735|F|0-21:A>G-21:A>G,,,0.10975609756097561,10.231371546765056,39.14902597930244,0.2613442171504916,0.7953164773474004,0.06830079983800331,0.9730469041587905,1.0
100040128|F|0-22:T>C-22:T>C,,,0.10975609756097561,10.231371546765056,39.14902597930244,0.2613442171504916,0.7953164773474004,0.06830079983800331,0.9730469041587905,1.0
100040506|F|0-18:G>A-18:G>A,,,0.13414634146341464,-7.034581183403712,26.995886278532225,-0.2605797457739989,0.7959014039000057,0.06790180390764189,0.9730469041587905,1.0
100019372|F|0-56:G>A-56:G>A,,,0.16249999999999998,8.442036717067303,32.94362270170798,0.25625708482357107,0.799211078174291,0.0656676935222749,0.9730469041587905,1.0
100021616|F|0-67:G>T-67:G>T,,,0.18292682926829268,6.932945681960514,27.342647142605294,0.25355795456825403,0.8012795976158255,0.06429163632483677,0.9730469041587905,1.0
100016572|F|0-65:A>T-65:A>T,,,0.25609756097560976,6.209118911050248,24.49476171034817,0.25348762255674917,0.8013335171055029,0.06425597478947292,0.9730469041587905,1.0
100015479|F|0-29:T>C-29:T>C,,,0.45121951219512196,4.878589298287787,19.449115550437007,0.25083861966042814,0.8033650704225463,0.06292001311314893,0.9730469041587905,1.0
100033749|F|0-66:A>C-66:A>C,,,0.17073170731707318,-8.51817041450867,34.203202432662735,-0.24904599010220596,0.8047406472106243,0.06202390518598807,0.9730469041587905,1.0
100029970|F|0-30:G>A-30:G>A,,,0.17073170731707318,-8.51817041450867,34.203202432662735,-0.24904599010220596,0.8047406472106243,0.06202390518598807,0.9730469041587905,1.0
100053981|F|0-26:G>A-26:G>A,,,0.17073170731707318,-8.51817041450867,34.203202432662735,-0.24904599010220596,0.8047406472106243,0.06202390518598807,0.9730469041587905,1.0
100034369|F|0-66:G>A-66:G>A,,,0.17073170731707318,-8.51817041450867,34.203202432662735,-0.24904599010220596,0.8047406472106243,0.06202390518598807,0.9730469041587905,1.0
100033683|F|0-28:G>C-28:G>C,,,0.17073170731707318,-8.51817041450867,34.203202432662735,-0.24904599010220596,0.8047406472106243,0.06202390518598807,0.9730469041587905,1.0
100033052|F|0-65:A>G-65:A>G,,,0.4268292682926829,5.938955067463764,24.041944644527696,0.2470247376106308,0.8062924138409443,0.06102122099160099,0.9730469041587905,1.0
100033255|F|0-59:G>A-59:G>A,,,0.1875,5.610466081206032,22.81881792857899,0.24587014536714066,0.8071791807260003,0.060452128382858884,0.9730469041587905,1.0
100034977|F|0-7:A>C-7:A>C,,,0.4024390243902439,-5.501257469186886,22.596058691968864,-0.24346093025250257,0.8090303720814563,0.05927322455941392,0.9730469041587905,1.0
100038655|F|0-21:A>T-21:A>T,,,0.18292682926829268,7.511552866901724,31.065692944041714,0.2417957610162503,0.810310505848608,0.05846519004542763,0.9730469041587905,1.0
100035901|F|0-29:T>A-29:T>A,,,0.41025641025641024,4.584619834853266,19.0600979364343,0.24053495685819867,0.811280127565378,0.057857065470775494,0.9730469041587905,1.0
100017065|F|0-46:G>A-46:G>A,,,0.13414634146341464,-8.17948495013454,34.034294848635966,-0.24033067194463587,0.811437261372443,0.05775883187736019,0.9730469041587905,1.0
100035378|F|0-22:G>A-22:G>A,,,0.4878048780487805,5.535940832570473,23.03603662757858,0.24031654932962226,0.8114481246320138,0.057752043881696774,0.9730469041587905,1.0
100020053|F|0-44:G>A-44:G>A,,,0.1951219512195122,-7.3117610203829395,30.42715691465579,-0.24030378654474607,0.8114579419289109,0.057745909827742886,0.9730469041587905,1.0
100019698|F|0-15:C>A-15:C>A,Vu07 (old2),37885937.0,0.24390243902439024,7.030713254820685,29.788522924208902,0.2360208753119101,0.8147541469962207,0.05570585358300022,0.9730469041587905,1.0
100016173|F|0-32:C>T-32:C>T,,,0.3048780487804878,7.88178647116929,33.69925034934711,0.23388610694486833,0.8163983840931144,0.05470271102182639,0.9730469041587905,1.0
100013326|F|0-33:T>A-33:T>A,,,0.1951219512195122,6.064405960651047,26.025413209718835,0.23301862344250418,0.8170667767358928,0.05429767887103956,0.9730469041587905,1.0
100033600|F|0-16:A>G-16:A>G,,,0.14634146341463414,-6.7858047859971515,29.12199644061138,-0.23301303534719792,0.8170710827914781,0.05429507464171451,0.9730469041587905,1.0
100013879|F|0-63:G>A-63:G>A,,,0.23170731707317074,-6.480894755037102,27.875312107654064,-0.23249586336497247,0.8174696283201428,0.05405432648182395,0.9730469041587905,1.0
100014831|F|0-22:G>T-22:G>T,,,0.24390243902439024,5.791257388571391,24.991801737088796,0.23172628566338785,0.8180627749552892,0.053697071467350026,0.9730469041587905,1.0
100044509|F|0-10:A>G-10:A>G,,,0.175,-7.887785141916556,34.09319721208923,-0.23135950239127465,0.8183455088205726,0.053527219346738215,0.9730469041587905,1.0
100028644|F|0-13:T>C-13:T>C,,,0.4146341463414634,-6.080157293169129,26.315491374844143,-0.23104859440251055,0.8185851906629916,0.05338345297537583,0.9730469041587905,1.0
100021780|F|0-9:A>G-9:A>G,Vu04 (old11),742456.0,0.32926829268292684,6.086960293568963,26.43200534316146,0.23028749482088742,0.8191720038940828,0.05303233027088025,0.9730469041587905,1.0
100015308|F|0-63:C>T-63:C>T,,,0.4268292682926829,5.088785462326814,22.117095297648483,0.23008380593575775,0.8193290674036116,0.05293855775388343,0.9730469041587905,1.0
100040044|F|0-66:G>T-66:G>T,,,0.4268292682926829,-6.571265620155605,28.58629466422932,-0.22987468985892665,0.8194903236532404,0.052842373037737714,0.9730469041587905,1.0
100035765|F|0-28:G>A-28:G>A,,,0.13414634146341464,-7.547670891840614,32.853499109055186,-0.22973719988810265,0.8195963510039852,0.052779181012426034,0.9730469041587905,1.0
100049017|F|0-36:G>A-36:G>A,,,0.17073170731707318,7.407197816321168,32.401592467270675,0.22860598051788003,0.8204688372429662,0.05226069432854134,0.9730469041587905,1.0
100029143|F|0-26:C>T-26:C>T,,,0.14634146341463414,-7.081303061568778,31.037363575822283,-0.22815414216061264,0.8208173956628558,0.05205431258504504,0.9730469041587905,1.0
100018738|F|0-46:T>C-46:T>C,,,0.4146341463414634,-5.73198987111855,25.217609161389497,-0.2273010829232281,0.8214755655105519,0.05166578229807221,0.9730469041587905,1.0
100022140|F|0-38:C>A-38:C>A,,,0.10975609756097561,-9.56589637199359,42.18433425216118,-0.22676418963524386,0.8218898676811544,0.05142199770092884,0.9730469041587905,1.0
100014028|F|0-53:G>A-53:G>A,,,0.10975609756097561,-9.56589637199359,42.18433425216118,-0.22676418963524386,0.8218898676811544,0.05142199770092884,0.9730469041587905,1.0
100016684|F|0-47:T>C-47:T>C,,,0.1585365853658537,6.823843943164296,30.170547095579767,0.226175677940028,0.8223440614815967,0.051155437291631266,0.9730469041587905,1.0
100032852|F|0-43:C>T-43:C>T,,,0.15853658536585366,5.673913359019772,25.103788520118158,0.22601821053713472,0.82246560012774,0.05108423149440856,0.9730469041587905,1.0
100034936|F|0-34:G>C-34:G>C,,,0.17073170731707318,-6.033673834629159,26.747009644285175,-0.22558311807085796,0.8228014422215496,0.05088774315857064,0.9730469041587905,1.0
100051037|F|0-43:C>T-43:C>T,,,0.13414634146341464,-7.320992375097486,32.487400395542224,-0.2253486670513052,0.8229824258795363,0.050782021741800014,0.9730469041587905,1.0
100059231|F|0-56:A>G-56:A>G,,,0.4878048780487805,-4.904729696757246,21.911331990810435,-0.2238444335020016,0.8241438468571244,0.05010633040983201,0.9730469041587905,1.0
100022245|F|0-8:T>C-8:T>C,,,0.36585365853658536,5.106100543823826,22.84704237963135,0.22349065839594312,0.8244170555501782,0.04994807439025214,0.9730469041587905,1.0
100038927|F|0-38:C>G-38:C>G,,,0.18292682926829268,-6.152696571147917,27.760868821295876,-0.22163198892493127,0.8258528073403051,0.04912073851482086,0.9730469041587905,1.0
100022102|F|0-51:T>G-51:T>G,,,0.47560975609756095,5.363803163138224,24.28946039597584,0.22082842005114584,0.8264737221475827,0.048765191102285305,0.9730469041587905,1.0
100016790|F|0-63:A>T-63:A>T,,,0.18292682926829268,-6.8351232374481405,31.399398833179774,-0.21768325163682622,0.8289050665820554,0.047385998043181804,0.9730469041587905,1.0
100033099|F|0-24:G>C-24:G>C,,,0.18292682926829273,5.961954327099848,27.75482462413039,0.21480785441232625,0.8311293629781592,0.04614241431722715,0.9730469041587905,1.0
100014662|F|0-39:T>C-39:T>C,,,0.43902439024390244,-5.104266520955702,23.91452873184893,-0.21343788866547614,0.8321896129030265,0.04555573231797619,0.9730469041587905,1.0
100019198|F|0-35:G>T-35:G>T,,,0.15000000000000002,-4.831075554236815,22.740666801344016,-0.21244212390250972,0.832960459410844,0.045131656008209294,0.9730469041587905,1.0
100046913|F|0-41:A>T-41:A>T,,,0.5,-5.537241335937373,26.108624941096853,-0.21208475545647587,0.8332371481584795,0.04497994349703317,0.9730469041587905,1.0
100030019|F|0-15:C>A-15:C>A,,,0.36585365853658536,4.746024568331716,22.488101026212465,0.2110460355367347,0.8340414881883805,0.04454042911577269,0.9730469041587905,1.0
100038564|F|0-34:C>T-34:C>T,,,0.1097560975609756,-9.98019032333933,47.42356939624125,-0.21044789437824038,0.8345047451620139,0.04428831624823502,0.9730469041587905,1.0
100018158|F|0-47:G>T-47:G>T,contig_292,2803.0,0.21951219512195122,5.917577013253857,28.16311089178633,0.21011801700428262,0.8347602589604902,0.044149581069812004,0.9730469041587905,1.0
100013877|F|0-19:G>T-19:G>T,,,0.4878048780487805,-5.588910179753865,26.68705805204506,-0.20942399004245357,0.8352978921869038,0.04385840760530169,0.9730469041587905,1.0
100021842|F|0-18:C>G-18:C>G,,,0.2682926829268293,-7.049481359090491,33.72005437657638,-0.20905901515945982,0.8355806549380382,0.04370567181944325,0.9730469041587905,1.0
100048863|F|0-39:A>G-39:A>G,,,0.12195121951219512,10.115178608859544,48.5950269355802,0.20815254660252971,0.836283033366024,0.043327482657118305,0.9730469041587905,1.0
100018345|F|0-65:A>C-65:A>C,,,0.12195121951219512,10.115178608859544,48.5950269355802,0.20815254660252971,0.836283033366024,0.043327482657118305,0.9730469041587905,1.0
100020253|F|0-17:T>C-17:T>C,,,0.3780487804878049,-2.797218221900733,13.58545897734307,-0.20589795505369002,0.838030595614622,0.04239396789529135,0.9730469041587905,1.0
100035931|F|0-44:G>C-44:G>C,,,0.3780487804878049,5.436697146307916,26.555265495491312,0.20473141747466186,0.8389351211035777,0.041914953301184284,0.9730469041587905,1.0
100038892|F|0-14:A>C-14:A>C,,,0.3780487804878049,5.436697146307916,26.555265495491312,0.20473141747466186,0.8389351211035777,0.041914953301184284,0.9730469041587905,1.0
100019174|F|0-24:T>A-24:T>A,,,0.13414634146341464,6.587162672689344,32.24284664182382,0.20429842147202984,0.839270919833594,0.04173784501596314,0.9730469041587905,1.0
100019661|F|0-30:A>T-30:A>T,,,0.36585365853658536,-4.0305113190735,19.86840972148398,-0.2028602880438515,0.8403864451250591,0.041152296465234404,0.9730469041587905,1.0
100017935|F|0-68:T>C-68:T>C,,,0.14634146341463414,-6.210873328376178,30.913009424432968,-0.20091454840586434,0.841896239723799,0.04036665576113241,0.9730469041587905,1.0
100030709|F|0-39:T>A-39:T>A,,,0.32926829268292684,5.027238281830444,25.15392898647477,0.19985896773953613,0.8427155703568742,0.03994360698591294,0.9730469041587905,1.0
100021940|F|0-35:G>A-35:G>A,,,0.3048780487804878,4.715281279477568,23.692962296871332,0.19901611374700173,0.8433699122526304,0.039607413530959534,0.9730469041587905,1.0
100016303|F|0-55:T>G-55:T>G,,,0.34146341463414637,3.731296391956188,18.85160163737345,0.19792994058175215,0.8442133188619919,0.03917626137869593,0.9730469041587905,1.0
100033755|F|0-33:T>A-33:T>A,,,0.3780487804878049,-5.903581546767077,29.95883464123311,-0.19705644820515905,0.8448917152898963,0.038831243779232534,0.9730469041587905,1.0
100035013|F|0-54:A>T-54:A>T,,,0.15384615384615385,-5.67000819988745,28.867982557177807,-0.1964116539372664,0.8453925706518921,0.0385775378023725,0.9730469041587905,1.0
100015162|F|0-62:C>T-62:C>T,,,0.17073170731707318,-5.9392258157497215,30.291246397974238,-0.19607069770978172,0.8456574407746152,0.038443718500400605,0.9730469041587905,1.0
100039949|F|0-62:A>T-62:A>T,,,0.43902439024390244,7.385160768047182,37.86129639241274,0.19505831737782597,0.8464440103349632,0.038047747178268684,0.9730469041587905,1.0
100044399|F|0-36:G>A-36:G>A,,,0.3048780487804878,4.364608730759682,22.65234476949587,0.1926780108272569,0.8482940179875076,0.03712481585634853,0.9730469041587905,1.0
100033723|F|0-20:T>C-20:T>C,,,0.17073170731707318,5.74128376380467,30.01769186431109,0.19126333196292986,0.8493939397377593,0.03658166215356191,0.9730469041587905,1.0
100013293|F|0-29:C>A-29:C>A,,,0.4390243902439024,5.048094897478684,26.543620235820573,0.1901811001148324,0.8502355882712842,0.03616885084088791,0.9730469041587905,1.0
100059433|F|0-8:T>C-8:T>C,,,0.11249999999999999,6.520416665860739,34.369478008124446,0.18971532428625792,0.8505978755765173,0.035991904269040004,0.9730469041587905,1.0
100017906|F|0-31:G>A-31:G>A,,,0.2926829268292683,-4.708336103346928,24.875649190371256,-0.18927490363425,0.85094047148891,0.035824989145754625,0.9730469041587905,1.0
100013001|F|0-27:G>C-27:G>C,Vu03 (old3),7683103.0,0.4634146341463415,4.242597181603577,22.42425080104257,0.18919683066541182,0.8510012062168137,0.03579544073383652,0.9730469041587905,1.0
100020644|F|0-30:T>A-30:T>A,Vu08 (old5),17202857.0,0.13414634146341464,6.163185018164761,33.14154577285467,0.18596552678640765,0.8535157142629277,0.0345831771529461,0.9730469041587905,1.0
100014492|F|0-26:T>A-26:T>A,,,0.358974358974359,-4.032642319882269,22.002222563389974,-0.18328340731323567,0.8556040425850269,0.03359280739634945,0.9730469041587905,1.0
100049328|F|0-63:A>C-63:A>C,Vu08 (old5),12604325.0,0.4268292682926829,-4.7353686557184265,25.861526297699456,-0.18310476347019267,0.8557431743034487,0.033527354405475204,0.9730469041587905,1.0
100033535|F|0-8:A>G-8:A>G,,,0.12195121951219512,5.508919553747423,30.130037855901147,0.18283812254382775,0.8559508487599745,0.03342977905535177,0.9730469041587905,1.0
100018381|F|0-53:C>A-53:C>A,Vu07 (old2),28235227.0,0.24390243902439024,-4.454793172930697,24.42019747900414,-0.1824224876461713,0.8562745885534305,0.03327796399901752,0.9730469041587905,1.0
100016381|F|0-40:C>G-40:C>G,Vu08 (old5),3031274.0,0.2682926829268293,4.590570444249424,25.21516967828048,0.18205590138081013,0.8565601450795112,0.03314435122757926,0.9730469041587905,1.0
100033142|F|0-41:A>C-41:A>C,,,0.4878048780487805,-4.35727232817187,24.010381557807584,-0.18147451416718502,0.857013063353233,0.03293299929221584,0.9730469041587905,1.0
100015053|F|0-21:C>T-21:C>T,,,0.34146341463414637,-3.402025047908474,18.775154452273615,-0.181198245615311,0.8572283021433337,0.03283280421406657,0.9730469041587905,1.0
100017158|F|0-22:G>A-22:G>A,Vu02 (old7),30259566.0,0.2804878048780488,4.392227306873776,24.33095068941478,0.1805201680337391,0.8577566342542893,0.0325875310669294,0.9730469041587905,1.0
100035126|F|0-11:T>C-11:T>C,Vu04 (old11),37919761.0,0.46341463414634143,4.268013876471992,23.739854464898396,0.17978264705803698,0.858331357775901,0.03232180018319469,0.9730469041587905,1.0
100029358|F|0-25:G>A-25:G>A,,,0.2682926829268293,-5.088913606870486,28.354728222416444,-0.1794731928640859,0.8585725276030217,0.03221062695682937,0.9730469041587905,1.0
100015778|F|0-37:G>T-37:G>T,Vu04 (old11),1978178.0,0.46341463414634143,-4.735219208582782,26.929994200853223,-0.1758343939202466,0.8614094123765231,0.030917734085300456,0.9730469041587905,1.0
100028451|F|0-5:C>A-5:C>A,,,0.21951219512195122,-4.887485498342615,27.982390225884114,-0.1746629025929894,0.8623231304043564,0.0305071295422081,0.9730469041587905,1.0
100017394|F|0-18:C>T-18:C>T,,,0.45121951219512196,-3.903937568190794,22.485858763635665,-0.17361745482917812,0.8631387014894092,0.030143020621361705,0.9730469041587905,1.0
100033659|F|0-57:T>C-57:T>C,,,0.35365853658536583,4.208896914879146,24.45026526962804,0.1721411554625303,0.8642906457515213,0.029632577403975027,0.9730469041587905,1.0
100038797|F|0-19:T>G-19:T>G,,,0.1951219512195122,4.248825615130401,24.75190577822435,0.17165650407688335,0.8646688809213319,0.02946595539189707,0.9730469041587905,1.0
100014678|F|0-12:C>T-12:C>T,,,0.2682926829268293,4.504155717027542,26.429993025022352,0.17041834679121082,0.8656353191908602,0.029042412923049394,0.9730469041587905,1.0
100047522|F|0-17:A>C-17:A>C,,,0.45121951219512196,-3.5075671690491617,20.70992001605141,-0.16936652417443382,0.8664564793389921,0.028685019510929076,0.9730469041587905,1.0
100013352|F|0-68:T>C-68:T>C,,,0.4268292682926829,-3.693578793181343,21.828091648530275,-0.16921217175804,0.8665769952610641,0.028632759071072426,0.9730469041587905,1.0
100038393|F|0-44:G>A-44:G>A,Vu09 (old8),37413218.0,0.35365853658536583,-4.328084539296947,25.639936816363516,-0.16880246508777452,0.8668969034105675,0.028494272219709335,0.9730469041587905,1.0
100018271|F|0-48:A>G-48:A>G,,,0.426829268292683,-4.468335518159849,26.484969768965744,-0.16871212454226414,0.8669674463923609,0.028463780967564446,0.9730469041587905,1.0
100015285|F|0-54:T>C-54:T>C,,,0.1951219512195122,-4.780244059272298,28.557923656644412,-0.1673876615382052,0.8680017880998157,0.02801862923522874,0.9730469041587905,1.0
100030838|F|0-17:T>C-17:T>C,,,0.19999999999999998,-4.329832263000159,25.87024823174082,-0.16736724843976508,0.8680177315924839,0.028011795850298046,0.9730469041587905,1.0
100040372|F|0-42:A>T-42:A>T,,,0.26249999999999996,4.438417116551848,26.625310233974503,0.16669916998331633,0.8685395599403021,0.02778861327312659,0.9730469041587905,1.0
100020264|F|0-33:T>A-33:T>A,,,0.2926829268292683,3.9784120375400103,24.006197506923577,0.1657243733162074,0.8693010693484962,0.027464567911049675,0.9730469041587905,1.0
100017910|F|0-52:G>A-52:G>A,,,0.25609756097560976,3.754705529747338,22.688737761712964,0.16548763396099403,0.8694860288047224,0.027386156994007944,0.9730469041587905,1.0
100035362|F|0-6:C>A-6:C>A,,,0.12195121951219512,-5.258816079744888,32.45740475054954,-0.16202207539886104,0.872194442959612,0.026251152916554214,0.9730469041587905,1.0
100017864|F|0-18:T>C-18:T>C,,,0.18292682926829268,5.019504044948662,31.156914245948748,0.1611040170835061,0.8729121898513266,0.025954504320442627,0.9730469041587905,1.0
100017042|F|0-9:A>G-9:A>G,,,0.24390243902439024,-5.499479180226688,34.33956368845826,-0.16014994337493857,0.8736582094536447,0.02564800436299603,0.9730469041587905,1.0
100038435|F|0-28:C>A-28:C>A,,,0.24390243902439024,-5.499479180226688,34.33956368845826,-0.16014994337493857,0.8736582094536447,0.02564800436299603,0.9730469041587905,1.0
100030094|F|0-15:T>A-15:T>A,Vu03 (old3),33492365.0,0.4024390243902439,-5.096400810771366,31.896973715197937,-0.15977693859850678,0.8739499052427585,0.025528670107911006,0.9730469041587905,1.0
100038514|F|0-16:A>T-16:A>T,,,0.4024390243902439,-5.096400810771366,31.896973715197937,-0.15977693859850678,0.8739499052427585,0.025528670107911006,0.9730469041587905,1.0
100014015|F|0-51:C>G-51:C>G,,,0.47560975609756095,3.9511063049528805,24.855770463862864,0.1589613289476296,0.8745877873767673,0.025268704100796503,0.9730469041587905,1.0
100020818|F|0-29:A>G-29:A>G,,,0.35365853658536583,3.6017292320057033,22.685352392019574,0.1587689346749027,0.87473826987902,0.025207574617803517,0.9730469041587905,1.0
100038942|F|0-11:T>A-11:T>A,,,0.3902439024390244,-6.142297224792433,39.44062184334021,-0.15573530379895867,0.8771116655994927,0.02425348484935395,0.9730469041587905,1.0
100046187|F|0-5:T>A-5:T>A,,,0.4146341463414634,-4.578996099794263,29.40483004768213,-0.15572258341126538,0.8771216199804261,0.024249522984278505,0.9730469041587905,1.0
100029240|F|0-46:A>G-46:A>G,Vu11 (old9),8096401.0,0.2073170731707317,4.287895877906105,27.801589413218352,0.1542320409878225,0.8782881886137768,0.02378752246726936,0.9730469041587905,1.0
100012992|F|0-18:G>T-18:G>T,,,0.2073170731707317,4.287895877906105,27.801589413218352,0.1542320409878225,0.8782881886137768,0.02378752246726936,0.9730469041587905,1.0
100047378|F|0-35:C>T-35:C>T,,,0.18292682926829268,4.879835322340115,31.728089457255663,0.1538017386427969,0.8786250148335674,0.023654974809547202,0.9730469041587905,1.0
100017737|F|0-19:T>C-19:T>C,,,0.15853658536585366,-5.0821704086006925,33.07353848086102,-0.15366273589206794,0.8787338264129219,0.023612236401835424,0.9730469041587905,1.0
100019246|F|0-54:A>C-54:A>C,,,0.4878048780487805,-3.5354584860747593,23.057886059432963,-0.1533296884615494,0.8789945461911305,0.023509993363715797,0.9730469041587905,1.0
100029049|F|0-10:A>G-10:A>G,,,0.14634146341463414,4.7990508619795005,31.31762234374255,0.1532380335041105,0.8790662989133012,0.023481894912206893,0.9730469041587905,1.0
100039190|F|0-22:G>A-22:G>A,,,0.10975609756097561,-5.78280318207897,38.013291120459435,-0.15212582261698887,0.8799370832691399,0.023142265906895564,0.9730469041587905,1.0
100040340|F|0-28:T>C-28:T>C,,,0.47560975609756095,-3.7729541573551653,25.155131006192782,-0.14998745808266017,0.8816116993724953,0.022496237582097744,0.9730469041587905,1.0
100021425|F|0-50:G>C-50:G>C,,,0.14634146341463414,-4.335796040151349,29.141593854536918,-0.14878376460099932,0.8825545903108292,0.022136608608845577,0.9730469041587905,1.0
100033340|F|0-7:A>T-7:A>T,,,0.24390243902439024,-4.064347333332537,27.558744196196365,-0.14747940996141237,0.8835765280830093,0.021750176362566338,0.9730469041587905,1.0
100015009|F|0-50:G>A-50:G>A,,,0.2926829268292683,-4.247814013641737,28.877723773825316,-0.14709656643685826,0.8838765173275331,0.021637399857513055,0.9730469041587905,1.0
100017261|F|0-49:C>T-49:C>T,,,0.12195121951219512,5.371683999132423,36.707281377273574,0.1463383774985355,0.8844706716037247,0.021414920728903886,0.9730469041587905,1.0
100033689|F|0-56:C>T-56:C>T,,,0.32926829268292684,-2.926866946622168,20.15811564701565,-0.14519546359758495,0.8853664432189016,0.021081722649317618,0.9730469041587905,1.0
100038818|F|0-32:G>T-32:G>T,,,0.13414634146341464,3.9663186253151013,27.432932854075716,0.14458237646019043,0.885847020154986,0.020904063582876227,0.9730469041587905,1.0
100029921|F|0-17:C>T-17:C>T,,,0.12195121951219512,-4.838422561677139,33.65855461513165,-0.14375015852587925,0.8864994358143193,0.020664108076215413,0.9730469041587905,1.0
100014708|F|0-45:A>T-45:A>T,,,0.47560975609756095,-4.031082834987429,28.389237320821362,-0.14199334731796173,0.887876947323569,0.02016211068255931,0.9730469041587905,1.0
100056908|F|0-51:C>T-51:C>T,,,0.47560975609756095,-4.031082834987429,28.389237320821362,-0.14199334731796173,0.887876947323569,0.02016211068255931,0.9730469041587905,1.0
100033311|F|0-46:C>T-46:C>T,,,0.4878048780487805,1.807822665751434,12.901930551719994,0.14012032218778514,0.8893459706119492,0.01963370469000871,0.9730469041587905,1.0
100044743|F|0-7:G>A-7:G>A,,,0.11249999999999999,6.548170187506468,47.039147599127496,0.13920682073813614,0.8900625785380414,0.01937853894001957,0.9730469041587905,1.0
100020992|F|0-62:A>G-62:A>G,,,0.4878048780487805,3.1964229474511425,23.186736935855723,0.13785566103129535,0.8911226845553084,0.019004183278375403,0.9730469041587905,1.0
100015006|F|0-61:G>T-61:G>T,,,0.24390243902439024,3.448454118979763,25.28034093364572,0.1364085289842828,0.8922583144161059,0.01860728677965592,0.9730469041587905,1.0
100015059|F|0-7:C>A-7:C>A,,,0.15853658536585366,-5.671749854961799,41.796624531026794,-0.13569875363383715,0.8928153915117563,0.018414151737776833,0.9730469041587905,1.0
100018641|F|0-26:C>A-26:C>A,,,0.15853658536585366,4.495245885505781,33.30870412861943,0.13495709314141063,0.893397552991877,0.018213416989179384,0.9730469041587905,1.0
100015323|F|0-56:G>C-56:G>C,,,0.15853658536585366,4.495245885505781,33.30870412861943,0.13495709314141063,0.893397552991877,0.018213416989179384,0.9730469041587905,1.0
100029779|F|0-28:G>A-28:G>A,,,0.15853658536585366,4.495245885505781,33.30870412861943,0.13495709314141063,0.893397552991877,0.018213416989179384,0.9730469041587905,1.0
100017951|F|0-58:G>A-58:G>A,,,0.45121951219512196,3.0002824748351435,22.346674195644347,0.13426080536941543,0.8939441539423856,0.01802596385844405,0.9730469041587905,1.0
100034020|F|0-16:G>A-16:G>A,,,0.32926829268292684,3.317546044709756,25.01629419349868,0.1326154073440634,0.8952360350683513,0.017586846265031868,0.9730469041587905,1.0
100045385|F|0-50:G>A-50:G>A,,,0.2682926829268293,-3.457217523501421,26.54427204195332,-0.1302434483054301,0.8970988829583466,0.016963355826489245,0.9730469041587905,1.0
100017658|F|0-34:T>G-34:T>G,Vu01 (old4),30643579.0,0.4024390243902439,-3.5241536239678,27.095005361172404,-0.13006654093591621,0.897237843213398,0.01691730507103437,0.9730469041587905,1.0
100034591|F|0-27:A>G-27:A>G,,,0.1375,3.330758938818529,25.6152525756499,0.1300302985099112,0.8972663119454731,0.01690787853057662,0.9730469041587905,1.0
100015115|F|0-13:C>T-13:C>T,,,0.34146341463414637,-3.1082183424915164,24.25999602929111,-0.1281211397866144,0.8987661662025677,0.01641502646022119,0.9730469041587905,1.0
100015226|F|0-25:T>A-25:T>A,,,0.21951219512195122,-3.8187392631860435,29.944041624838764,-0.12752918630791563,0.8992312876102656,0.016263693360359054,0.9730469041587905,1.0
100041924|F|0-42:C>T-42:C>T,,,0.4024390243902439,-3.447094202212181,27.056591967022502,-0.1274031188559748,0.8993303484895326,0.01623155469422964,0.9730469041587905,1.0
100017206|F|0-15:G>C-15:G>C,,,0.47560975609756095,-2.9500551725041904,23.46644486672959,-0.12571376658280006,0.9006579593909211,0.015803951108434737,0.9730469041587905,1.0
100044919|F|0-41:G>A-41:G>A,,,0.23170731707317074,-3.2223652304653845,25.872827240339806,-0.12454631264422507,0.9015755956624553,0.015511783993273057,0.9730469041587905,1.0
100035003|F|0-39:A>G-39:A>G,,,0.2073170731707317,-3.4950917459343622,28.226187490325135,-0.1238244359828031,0.9021430701924981,0.015332490946459302,0.9730469041587905,1.0
100016631|F|0-38:C>G-38:C>G,,,0.2682926829268293,-4.1027963548294615,33.342214577841915,-0.1230511052363042,0.9027510511079928,0.015141574499876012,0.9730469041587905,1.0
100017244|F|0-66:T>A-66:T>A,,,0.13414634146341464,3.8875446834008756,31.855617304688277,0.12203639459307339,0.9035488913479035,0.014892881605276312,0.9730469041587905,1.0
100020903|F|0-13:G>T-13:G>T,,,0.23170731707317074,-4.592416264936881,37.863018286923904,-0.12129028462907525,0.9041356027571521,0.014711333145402088,0.9730469041587905,1.0
100032856|F|0-37:A>G-37:A>G,,,0.21951219512195122,3.2495211281976073,26.801224024093095,0.12124525078692056,0.9041710173410292,0.01470041083838326,0.9730469041587905,1.0
100034659|F|0-55:C>T-55:C>T,,,0.1875,-3.1374021721051535,25.91748080089816,-0.1210535158184212,0.9043217998168259,0.014653953692000753,0.9730469041587905,1.0
100020907|F|0-40:A>T-40:A>T,,,0.15853658536585366,3.352518994274845,28.101827379886682,0.11929896760643911,0.9057017620009885,0.014232243671962208,0.9736293941510626,1.0
100014670|F|0-19:A>G-19:A>G,Vu11 (old9),34116227.0,0.10975609756097561,4.224214444329948,36.54690738279246,0.11558336250138782,0.9086250810802781,0.013359513687127223,0.9758683803276622,1.0
100028407|F|0-26:C>T-26:C>T,,,0.2073170731707317,2.7963430339601447,25.518641877693145,0.10958040194155233,0.9133507263509835,0.012007864489672166,0.9800371472213418,1.0
100038392|F|0-25:C>T-25:C>T,,,0.15853658536585366,-5.2224085241447025,48.45597022672246,-0.10777636893264915,0.9147715278308864,0.0116157457003065,0.9806553497799254,1.0
100020752|F|0-41:T>G-41:T>G,,,0.43902439024390244,2.5665463122094456,24.12806119458032,0.10637184196076008,0.9158778872857929,0.011314968762124919,0.9807949944034686,1.0
100020211|F|0-33:C>A-33:C>A,,,0.43902439024390244,3.0890605556945685,29.28957845802221,0.10546620055054075,0.9165913599722337,0.011123119458566881,0.9807949944034686,1.0
100021376|F|0-67:G>C-67:G>C,,,0.2073170731707317,-3.449961168636144,33.53574223587917,-0.10287415571035445,0.9186337818561856,0.010583091913118254,0.9818935394383648,1.0
100021345|F|0-28:C>T-28:C>T,,,0.43902439024390244,3.5424015907868074,34.723703535334906,0.10201681359196184,0.9193094550986242,0.01040743025545709,0.9818935394383648,1.0
100018802|F|0-14:G>A-14:G>A,Vu01 (old4),30676663.0,0.4146341463414634,-2.878569141488227,28.54583987496147,-0.10084023290599056,0.9202368197180626,0.010168752572534422,0.9819806504528223,1.0
100016225|F|0-50:A>C-50:A>C,,,0.3170731707317073,2.444848159848134,24.578861584818178,0.09946954424277579,0.9213173200462701,0.009894190231865531,0.982230861867511,1.0
100017012|F|0-57:A>G-57:A>G,,,0.4024390243902439,2.326473284098086,23.92264463748986,0.09724983668620832,0.9230674137405206,0.009457530735494189,0.9827733742905903,1.0
100020878|F|0-38:C>T-38:C>T,,,0.2804878048780488,2.263887756878866,23.41703897056361,0.0966769436445268,0.923519165677032,0.00934643143244701,0.9827733742905903,1.0
100015367|F|0-46:A>T-46:A>T,,,0.4878048780487805,-1.8306660278972078,19.841196371797725,-0.09226590945389343,0.9269983143492048,0.00851299804735406,0.9851628106962911,1.0
100019590|F|0-61:C>T-61:C>T,,,0.3170731707317073,-2.038106090229508,22.230981638723932,-0.09167863674896616,0.92746162970805,0.008404972436148888,0.9851628106962911,1.0
100019409|F|0-55:T>C-55:T>C,Vu08 (old5),17257027.0,0.14634146341463414,-3.162500428754816,35.33136760138222,-0.08950970889196755,0.9291729765787274,0.008011987985924774,0.9860501898581526,1.0
100016651|F|0-34:T>C-34:T>C,,,0.3780487804878049,1.6057427417179744,18.15070992089982,0.08846721415943215,0.9299956571013585,0.007826447981130833,0.9860501898581526,1.0
100035819|F|0-44:C>T-44:C>T,,,0.13414634146341464,-2.1065172866219823,24.43194381549786,-0.08621979906837211,0.9317694596992104,0.007433853751390461,0.9865442739700264,1.0
100016452|F|0-6:G>A-6:G>A,,,0.4024390243902439,-2.3116796084861018,28.044587000673154,-0.08242872709912306,0.9347624099808823,0.006794495051181705,0.9865442739700264,1.0
100019738|F|0-47:G>A-47:G>A,,,0.3048780487804878,-2.1975026947960155,27.101081582996212,-0.08108542413948434,0.9358231447724361,0.00657484600788007,0.9865442739700264,1.0
100020050|F|0-34:T>G-34:T>G,,,0.13414634146341464,-2.486529465959414,30.919265666292407,-0.08042006860047071,0.9363485846901188,0.006467387433704415,0.9865442739700264,1.0
100029687|F|0-47:A>T-47:A>T,,,0.17073170731707318,2.0740121787289643,26.96076493955266,0.0769270524548914,0.9391075334069628,0.005917771399397613,0.9865442739700264,1.0
100033949|F|0-43:T>C-43:T>C,,,0.45121951219512196,-1.8262640542994404,23.80187073263293,-0.0767277528230413,0.9392649729480917,0.005887148053273722,0.9865442739700264,1.0
100035290|F|0-26:T>C-26:T>C,,,0.18292682926829268,-2.277046774143899,29.972994793615396,-0.0759699452731676,0.939863636190805,0.0057714325848080795,0.9865442739700264,1.0
100019075|F|0-58:G>A-58:G>A,Vu09 (old8),41940020.0,0.12195121951219512,-2.4493419632558586,32.662913495899424,-0.07498847166721224,0.9406390468141471,0.005623270882984294,0.9865442739700264,1.0
100029682|F|0-15:A>G-15:A>G,,,0.10975609756097561,-2.4589905816187705,32.91360799002433,-0.07471045357178882,0.9408587049667698,0.005581651872902413,0.9865442739700264,1.0
100021961|F|0-53:A>T-53:A>T,,,0.23170731707317074,-1.8550597108221298,25.119394081576154,-0.07384969974983295,0.9415388040009682,0.005453778153140477,0.9865442739700264,1.0
100032869|F|0-50:G>A-50:G>A,,,0.13157894736842105,-1.0436922719307977,14.518089719761354,-0.0718890909256589,0.9430880857853581,0.0051680413941176525,0.9865442739700264,1.0
100016234|F|0-15:C>T-15:C>T,Vu06 (old6),20274938.0,0.14634146341463414,2.2683228111372147,31.574125134712844,0.07184119279502704,0.9431259379335147,0.005161156982212246,0.9865442739700264,1.0
100019242|F|0-32:A>G-32:A>G,,,0.47560975609756095,-1.809129863671909,25.259963819559825,-0.07162044556338698,0.943300388159467,0.005129488222698078,0.9865442739700264,1.0
100017834|F|0-8:C>T-8:C>T,,,0.11249999999999999,-2.64899375187953,37.50910800690321,-0.07062268053380547,0.9440889285664216,0.0049875630057799455,0.9865442739700264,1.0
100043419|F|0-6:T>A-6:T>A,,,0.35365853658536583,1.7750616300292583,25.9537702211367,0.06839320895981624,0.9458511000847147,0.004677631031821088,0.9865442739700264,1.0
100053174|F|0-19:G>C-19:G>C,,,0.10975609756097561,-2.1571771714972727,31.588600641322405,-0.06828973514817167,0.9459328924296251,0.004663487926607434,0.9865442739700264,1.0
100028940|F|0-16:C>T-16:C>T,,,0.34146341463414637,0.8652759797473295,12.808011241529822,0.06755740320883562,0.946511791543779,0.004564002728321193,0.9865442739700264,1.0
100014429|F|0-23:C>T-23:C>T,,,0.3902439024390244,-1.8294476224277774,27.50725089736233,-0.06650783203505091,0.9473415154914141,0.004423291722002544,0.9865442739700264,1.0
100029181|F|0-14:G>C-14:G>C,,,0.10975609756097561,-2.122812980759638,32.023076825104624,-0.06629010049076389,0.947513647632254,0.004394377423075575,0.9865442739700264,1.0
100038652|F|0-16:A>G-16:A>G,,,0.10975609756097561,-1.930479063767554,30.872631320953143,-0.06253043492464942,0.9504863239431363,0.003910055291865816,0.9865442739700264,1.0
100033415|F|0-29:T>C-29:T>C,,,0.12195121951219512,-1.7567224970178243,28.131341617293582,-0.062447163769035786,0.9505521727140241,0.003899648262796776,0.9865442739700264,1.0
100015729|F|0-42:C>A-42:C>A,Vu08 (old5),34737627.0,0.36585365853658536,1.671763453013389,26.89919070771219,0.06214921003307666,0.9507877900400641,0.003862524307735477,0.9865442739700264,1.0
100019370|F|0-59:C>T-59:C>T,,,0.2926829268292683,1.8054183783355342,29.16439351714327,0.061904883339140314,0.9509810032559858,0.003832214581232572,0.9865442739700264,1.0
100040251|F|0-68:A>C-68:A>C,,,0.23170731707317074,1.5176395914839196,25.003637860207505,0.06069675140748998,0.9519364362499224,0.003684095631422637,0.9865442739700264,1.0
100045148|F|0-42:T>C-42:T>C,,,0.25,-1.6820564138432688,28.095669734982923,-0.05986888476799256,0.9525911838098239,0.0035842833633631718,0.9865442739700264,1.0
100019346|F|0-50:A>C-50:A>C,,,0.21951219512195122,1.2908674059859393,22.08522547639302,0.05844936504568415,0.9537139384635268,0.0034163282742436436,0.9865442739700264,1.0
100060618|F|0-5:A>G-5:A>G,,,0.18421052631578946,1.8133166354337136,31.334066966544533,0.05787045254514189,0.9541718510191364,0.0033489892777795196,0.9865442739700264,1.0
100015076|F|0-33:T>C-33:T>C,,,0.4268292682926829,-1.5969206340630002,28.509377148458444,-0.05601387311084587,0.9556404877338387,0.003137553980877942,0.9865442739700264,1.0
100030242|F|0-19:A>G-19:A>G,,,0.3170731707317073,1.266425023215027,22.796033037234185,0.05555462308492429,0.9560037992996109,0.0030863161461080024,0.9865442739700264,1.0
100041313|F|0-65:C>T-65:C>T,Vu03 (old3),62938472.0,0.14634146341463414,-1.7737868639492935,32.0457720544587,-0.055351665765297015,0.9561643613757493,0.0030638069029931534,0.9865442739700264,1.0
100015905|F|0-31:G>A-31:G>A,,,0.15853658536585366,-1.6333188618053294,29.94508615846801,-0.05454380238420025,0.9568034905170111,0.0029750263785266887,0.9865442739700264,1.0
100018004|F|0-47:G>A-47:G>A,Vu08 (old5),35769922.0,0.3902439024390244,-1.4372659446934373,26.89607932792909,-0.05343774931541675,0.9576785748646606,0.0028555930518973233,0.9865703863512607,1.0
100018327|F|0-50:C>T-50:C>T,,,0.18292682926829268,1.6200020698317465,31.23826905482808,0.05185953379773981,0.9589273153044967,0.002689411245718918,0.9869810399543623,1.0
100017523|F|0-41:C>T-41:C>T,,,0.47560975609756095,1.1576635446811228,23.042624280834787,0.05024009117069121,0.9602087852667429,0.002524066760839365,0.9874246232902467,1.0
100017988|F|0-49:T>G-49:T>G,,,0.18292682926829268,1.2556439040842595,27.35261685499201,0.04590580531073016,0.9636390367862654,0.002107342961226661,0.9890746064754187,1.0
100034001|F|0-23:A>G-23:A>G,Vu10 (old10),40225556.0,0.46341463414634143,-1.226912980120675,26.766305203789685,-0.045837965710223,0.963692732323304,0.0021011191004515796,0.9890746064754187,1.0
100028230|F|0-30:T>C-30:T>C,,,0.10526315789473673,1.230154146213039,28.37284200486517,0.04335674748416465,0.9656567504394883,0.0018798075524056174,0.9890746064754187,1.0
100013996|F|0-45:C>T-45:C>T,Vu06 (old6),24104002.0,0.23076923076923073,-1.025772127412464,23.877777600217733,-0.04295927973644877,0.965971388111571,0.0018454997154744581,0.9890746064754187,1.0
100038883|F|0-23:A>G-23:A>G,,,0.36585365853658536,-1.2657585395732358,29.55233640157202,-0.042831081860109865,0.9660728714411065,0.0018345015733074324,0.9890746064754187,1.0
100015597|F|0-7:A>G-7:A>G,,,0.18292682926829268,-1.3568383408730835,33.87642101483896,-0.040052588208144675,0.9682725058071145,0.00160420982217121,0.990453197570097,1.0
100017435|F|0-33:T>G-33:T>G,,,0.358974358974359,-0.8655031811895831,22.982435432869774,-0.037659332655047055,0.9701673632347495,0.0014182253360234935,0.9915178773904438,1.0
100034274|F|0-23:G>T-23:G>T,,,0.41463414634146345,0.8920477798223427,27.153805473566408,0.03285166717021415,0.9739743461874041,0.0010792320358625261,0.9939510922306001,1.0
100029213|F|0-12:G>A-12:G>A,,,0.46341463414634143,0.7622940151096529,23.602051222748162,0.03229778665910773,0.9744129816889244,0.001043147023077237,0.9939510922306001,1.0
100020066|F|0-27:G>C-27:G>C,,,0.4268292682926829,0.5921104127805726,21.242659239974053,0.027873648307945833,0.9779168747499979,0.0007769402699950515,0.9939510922306001,1.0
100034117|F|0-6:C>A-6:C>A,,,0.2926829268292683,-0.6215223166962607,22.361292755762435,-0.027794561051757455,0.9779795156689464,0.0007725376240598725,0.9939510922306001,1.0
100017840|F|0-30:G>A-30:G>A,,,0.10975609756097561,-0.8940223444139037,32.62378149352151,-0.027404007245188305,0.9782888551759068,0.0007509796130943331,0.9939510922306001,1.0
100020153|F|0-41:C>T-41:C>T,,,0.23170731707317074,-0.8877284168131129,32.96066242325877,-0.0269329664984732,0.9786619491673896,0.0007253846844078797,0.9939510922306001,1.0
100030726|F|0-25:C>G-25:C>G,,,0.1951219512195122,1.0546367259299363,40.436080841240326,0.026081576255390298,0.9793363162425689,0.000680248619965739,0.9939510922306001,1.0
100017653|F|0-34:G>A-34:G>A,,,0.12195121951219512,-0.8089602173569477,31.10808789252231,-0.02600481971607788,0.9793971141359229,0.0006762506484657128,0.9939510922306001,1.0
100038902|F|0-22:A>T-22:A>T,,,0.3170731707317073,0.4989320126813008,22.193335483852284,0.022481163908161537,0.9821882861226594,0.000505402730665625,0.9952315955312222,1.0
100041134|F|0-8:G>C-8:G>C,,,0.17073170731707318,0.6142340902025083,28.6218710497849,0.021460305272639552,0.9829969766794111,0.000460544702394881,0.9952315955312222,1.0
100034723|F|0-16:A>C-16:A>C,,,0.2926829268292683,-0.6632591047162928,31.336822380387947,-0.02116548693626931,0.9832305254731368,0.0004479778372493868,0.9952315955312222,1.0
100014627|F|0-15:C>G-15:C>G,,,0.34146341463414637,0.3961517502236894,20.57778669011172,0.01925142660819071,0.9847468387131743,0.0003706174264505533,0.9957309036165818,1.0
100044894|F|0-55:A>G-55:A>G,,,0.13414634146341464,0.6025074485098716,33.67036702705196,0.017894294054644426,0.9858219904562772,0.0003202057597140829,0.9957309036165818,1.0
100041008|F|0-24:G>A-24:G>A,,,0.17499999999999993,0.4795879246994436,27.729833424794904,0.017295016430593318,0.9862967606882592,0.0002991175933344928,0.9957309036165818,1.0
100014225|F|0-25:G>A-25:G>A,,,0.13414634146341464,0.5353917020514518,37.6680589419911,0.01421341362123162,0.9887381981719762,0.00020202112676821253,0.9973284518485355,1.0
100018369|F|0-55:T>C-55:T>C,,,0.25609756097560976,0.26458399596243626,25.11989010903959,0.01053284846446138,0.99165431289915,0.00011094089677530644,0.9983415535732164,1.0
100018346|F|0-11:A>C-11:A>C,,,0.3902439024390244,0.2709119192334858,30.390918361591943,0.008914239313539941,0.9929367774126373,7.946366253906104e-05,0.9983415535732164,1.0
100029346|F|0-46:T>A-46:T>A,,,0.1625000000000001,-0.2630049527709173,30.35638210800391,-0.008663909679196327,0.9931351216279379,7.50633309292718e-05,0.9983415535732164,1.0
100019282|F|0-52:T>A-52:T>A,Vu04 (old11),1200237.0,0.32926829268292684,-0.16609127584088193,27.31269315408628,-0.006081102105305674,0.9951815865817701,3.6979802815153094e-05,0.9983415535732164,1.0
100033420|F|0-60:C>A-60:C>A,,,0.32926829268292684,-0.16609127584088193,27.31269315408628,-0.006081102105305674,0.9951815865817701,3.6979802815153094e-05,0.9983415535732164,1.0
100022149|F|0-63:C>T-63:C>T,,,0.10975609756097561,-0.21898578666774932,37.706902374604006,-0.0058075782649077675,0.9953983129798072,3.372796530302912e-05,0.9983415535732164,1.0
100022228|F|0-38:T>C-38:T>C,Vu03 (old3),4384995.0,0.2804878048780488,-0.12877302806540478,24.075313929794017,-0.005348758003360604,0.9957618596363347,2.860921217851411e-05,0.9983415535732164,1.0
100032857|F|0-37:C>A-37:C>A,Vu05 (old1),29700622.0,0.3815789473684211,-0.07349079735723514,20.595003241941047,-0.0035683799848874776,0.9971725517653347,1.2733335716545555e-05,0.998893298187708,1.0
100013207|F|0-60:C>G-60:C>G,Vu07 (old2),29186793.0,0.4146341463414634,-0.07144575663288234,30.272459957492543,-0.002360090879076355,0.9981299516850555,5.570028957499403e-06,0.9989904085399564,1.0
100034945|F|0-61:G>A-61:G>A,,,0.47560975609756095,-0.02237134005553636,24.343572462828142,-0.0009189834437692612,0.9992718310778576,8.445305699220109e-07,0.9992718310778576,1.0
