rs,chrom,pos,maf_subset,beta,se,t,p,chi2,fdr_bh,p_bonferroni
100034813|F|0-53:C>A-53:C>A,,,0.053763440860215055,-0.3051711114303844,0.10051066074930257,-3.036206399951479,0.003133337349034837,9.21854930310632,0.914212323823391,1.0
100015763|F|0-37:C>T-37:C>T,Vu01 (old4),7877137.0,0.07894736842105263,0.23449532057107175,0.0809497412975279,2.896801358625626,0.004732641152415666,8.391458111335274,0.914212323823391,1.0
100036190|F|0-13:A>T-13:A>T,Vu03 (old3),59363081.0,0.12105263157894737,-0.22155377256461675,0.07708857957898738,-2.874015499761619,0.0050563586596973405,8.25996509287003,0.914212323823391,1.0
100041739|F|0-59:G>T-59:G>T,,,0.05789473684210526,-0.27813406649093025,0.0974314738276999,-2.854663442562606,0.005347143191823571,8.14910337030339,0.914212323823391,1.0
100033981|F|0-18:C>A-18:C>A,,,0.05789473684210526,0.25111343419532495,0.088631945506401,2.8332158654600392,0.00568729796552568,8.027112140294479,0.914212323823391,1.0
100018935|F|0-28:A>T-28:A>T,,,0.19473684210526315,-0.18561159421024406,0.0668706787975639,-2.775679827808266,0.00670012716198194,7.704398506501726,0.914212323823391,1.0
100017201|F|0-30:C>G-30:C>G,,,0.06315789473684211,-0.26350608622025,0.09570298350262792,-2.753373788111991,0.007135289784566936,7.581067217062175,0.914212323823391,1.0
100021572|F|0-58:T>G-58:T>G,,,0.2736842105263158,-0.17178958701326497,0.06256218340353811,-2.7459014002946334,0.007286737928720293,7.539974500140028,0.914212323823391,1.0
100018823|F|0-53:T>C-53:T>C,,,0.053763440860215055,-0.23583530103295602,0.08658010223752932,-2.7238972343316314,0.007749899836365124,7.4196161431995105,0.914212323823391,1.0
100035304|F|0-43:G>A-43:G>A,,,0.08947368421052632,0.24041885374400507,0.09010404477705296,2.6682359747432027,0.009043622124862063,7.119483216913809,0.914212323823391,1.0
100040615|F|0-67:A>T-67:A>T,Vu08 (old5),12096567.0,0.45789473684210524,-0.15687717780943844,0.058928374707719305,-2.6621670559817487,0.009195934960120234,7.0871334339545315,0.914212323823391,1.0
100017365|F|0-6:C>T-6:C>T,Vu05 (old1),42048402.0,0.05263157894736842,0.2988272114205588,0.11498814572390119,2.5987653730678884,0.010932039089630537,6.753581464256681,0.914212323823391,1.0
100013045|F|0-44:C>T-44:C>T,,,0.11052631578947368,0.2068971594700312,0.07978168150477355,2.5932915372014564,0.011095012083374364,6.725160996920693,0.914212323823391,1.0
100041762|F|0-5:T>C-5:T>C,Vu11 (old9),27828984.0,0.4157303370786517,-0.1259603025660779,0.04879944518968173,-2.581183086743602,0.011463338692791467,6.662506127291229,0.914212323823391,1.0
100045297|F|0-46:T>C-46:T>C,,,0.3473684210526316,-0.14828406682325224,0.05824710824162795,-2.545775598131356,0.012604543318657945,6.480973396041063,0.914212323823391,1.0
100017341|F|0-38:C>A-38:C>A,,,0.49473684210526314,-0.1405846019036592,0.05536710338581556,-2.539135936442639,0.01282959460219226,6.447211303734437,0.914212323823391,1.0
100033513|F|0-54:T>C-54:T>C,Vu06 (old6),29636850.0,0.06842105263157895,-0.22175413138733086,0.08821480503988932,-2.513797216771688,0.013722041304845204,6.3191764470490845,0.914212323823391,1.0
100036100|F|0-32:C>T-32:C>T,,,0.05789473684210526,0.26944333815288235,0.10842580700954194,2.4850480303934486,0.014801792522493109,6.175463713362358,0.914212323823391,1.0
100048696|F|0-28:G>C-28:G>C,,,0.08421052631578947,-0.23880765745301577,0.09626314497807587,-2.4807797159276763,0.014968432505897581,6.154267998958202,0.914212323823391,1.0
100019028|F|0-68:T>A-68:T>A,Vu03 (old3),64483291.0,0.07368421052631578,-0.22134206824447364,0.08949579270797199,-2.473211997425631,0.015268019905278981,6.116777584210079,0.914212323823391,1.0
100035958|F|0-25:C>T-25:C>T,,,0.4269662921348315,0.11628199771022503,0.04759784616914291,2.44300965419753,0.01651780823202924,5.9682961705023345,0.914212323823391,1.0
100040596|F|0-63:G>T-63:G>T,,,0.34210526315789475,-0.14049943555102942,0.057516859746515,-2.4427521977074282,0.01652884360607379,5.967038299404471,0.914212323823391,1.0
100017645|F|0-21:T>C-21:T>C,,,0.0797872340425532,-0.1978925421750679,0.08116619044903446,-2.4381154404348666,0.016728719339137298,5.944406900886904,0.914212323823391,1.0
100041653|F|0-45:T>C-45:T>C,,,0.4425287356321839,-0.15373096444553488,0.06335757630188797,-2.4264022303036534,0.01724327918448412,5.8874277832225435,0.914212323823391,1.0
100056034|F|0-41:G>T-41:G>T,,,0.46842105263157896,0.15370336945065213,0.06427790251665237,2.391231876473139,0.01887414226505904,5.717989887061249,0.914212323823391,1.0
100019590|F|0-61:C>T-61:C>T,,,0.3157894736842105,0.1266522241117604,0.053796199728933056,2.354296860185895,0.020733123438220355,5.542713705881164,0.914212323823391,1.0
100015905|F|0-31:G>A-31:G>A,,,0.13157894736842105,0.15779319355944119,0.06799827319376153,2.320547069038186,0.02257184413981081,5.384938699621716,0.914212323823391,1.0
100033304|F|0-17:G>A-17:G>A,,,0.49473684210526314,-0.12283270849154167,0.05295069107022342,-2.319756475484719,0.02261659177822482,5.381270105553286,0.914212323823391,1.0
100016646|F|0-38:G>A-38:G>A,,,0.05789473684210526,0.2451623124538514,0.10594161365160638,2.314126659048996,0.022937512319940814,5.355182194121269,0.914212323823391,1.0
100036060|F|0-10:G>T-10:G>T,Vu06 (old6),32597034.0,0.19473684210526315,0.15009350176269998,0.06513499356459404,2.3043450770261154,0.023504671128303206,5.310006234014494,0.914212323823391,1.0
100038609|F|0-8:A>T-8:A>T,,,0.47368421052631576,0.11965451765460164,0.05199220389157072,2.3013934532211806,0.02367822632343958,5.296411826529311,0.914212323823391,1.0
100045123|F|0-66:C>G-66:C>G,,,0.0585106382978724,-0.23854043689922497,0.10476719971543304,-2.276861818843537,0.025164960273307314,5.184099742107501,0.914212323823391,1.0
100029339|F|0-11:C>T-11:C>T,Vu02 (old7),26187715.0,0.2736842105263158,0.1600413739811684,0.07042821251108976,2.2724043146199118,0.025443756315382732,5.163821369103191,0.914212323823391,1.0
100028820|F|0-24:T>G-24:T>G,,,0.06315789473684211,0.21644636059179825,0.09619699049598031,2.2500325579399774,0.02688442952283613,5.062646511789918,0.914212323823391,1.0
100028837|F|0-16:A>C-16:A>C,,,0.11578947368421053,0.16866475897396982,0.07500173259371429,2.24881150263061,0.026965083144723907,5.057153174363742,0.914212323823391,1.0
100016088|F|0-16:G>A-16:G>A,,,0.38421052631578945,0.11149005252376422,0.049878440729065665,2.235235321997458,0.027876228143988855,4.996276944705079,0.914212323823391,1.0
100018585|F|0-68:A>G-68:A>G,,,0.22105263157894736,0.13849558704265322,0.06264936930213974,2.2106461499193895,0.02959535213401806,4.886956400153419,0.914212323823391,1.0
100013019|F|0-63:A>T-63:A>T,,,0.05789473684210526,-0.21133517260758866,0.09599019197239587,-2.201632982131787,0.030248331985217435,4.847187788010506,0.914212323823391,1.0
100014526|F|0-10:T>C-10:T>C,,,0.33695652173913043,0.13228467272639424,0.060125111142565274,2.200156809901412,0.03035646771035836,4.840689988155558,0.914212323823391,1.0
100016306|F|0-56:A>G-56:A>G,,,0.18421052631578946,-0.16143456598865485,0.07341639031154647,-2.198889993141837,0.030449536350977684,4.835117201939308,0.914212323823391,1.0
100015327|F|0-43:T>G-43:T>G,Vu05 (old1),38169638.0,0.22631578947368422,0.14042939781609004,0.06396816447158803,2.1953013499154395,0.030714535635293663,4.819348016940551,0.914212323823391,1.0
100016503|F|0-64:G>C-64:G>C,Vu05 (old1),42344593.0,0.10526315789473684,-0.1911687665565593,0.08741223191529993,-2.186979583610182,0.03133680719970879,4.782879699127765,0.914212323823391,1.0
100016871|F|0-26:A>G-26:A>G,,,0.38421052631578945,0.11212110740122642,0.05126816040765959,2.186953979032867,0.03133873866433203,4.78276770640769,0.914212323823391,1.0
100035644|F|0-26:C>G-26:C>G,,,0.2578947368421053,-0.12463880032191217,0.057017227060206184,-2.1859849513604432,0.031411913007628446,4.7785302075743195,0.914212323823391,1.0
100034350|F|0-65:C>A-65:C>A,,,0.2578947368421053,-0.12463880032191217,0.057017227060206184,-2.1859849513604432,0.031411913007628446,4.7785302075743195,0.914212323823391,1.0
100015397|F|0-30:G>C-30:G>C,,,0.06842105263157895,-0.20673185827261678,0.09483257125335667,-2.179966814569518,0.03186970664779596,4.752255312624371,0.914212323823391,1.0
100046287|F|0-24:C>T-24:C>T,,,0.22631578947368422,-0.1160903768457165,0.05371899298263207,-2.1610676299023286,0.033345358873708215,4.6702133010116675,0.914212323823391,1.0
100043120|F|0-10:T>G-10:T>G,,,0.06315789473684211,0.21937734827331995,0.10211053814690549,2.14843004703103,0.034364952556547416,4.615751666985754,0.914212323823391,1.0
100014119|F|0-65:C>G-65:C>G,Vu07 (old2),13031414.0,0.06315789473684211,0.21937734827331995,0.10211053814690549,2.14843004703103,0.034364952556547416,4.615751666985754,0.914212323823391,1.0
100038434|F|0-16:C>A-16:C>A,,,0.09473684210526316,-0.2151184707814478,0.10025815560592012,-2.1456456034061064,0.034593206929298376,4.603795055415954,0.914212323823391,1.0
100020933|F|0-51:T>C-51:T>C,,,0.35789473684210527,0.1322176247115794,0.06178184802431649,2.1400723503696484,0.03505403131454919,4.579909664816671,0.914212323823391,1.0
100020211|F|0-33:C>A-33:C>A,,,0.3631578947368421,-0.12180667294497569,0.05706197739768558,-2.134638133832287,0.03550848043921713,4.556679962410988,0.914212323823391,1.0
100016319|F|0-60:C>A-60:C>A,,,0.1,0.1648319899016163,0.07742934618873118,2.12880513674808,0.03600195684287053,4.53181131024501,0.914212323823391,1.0
100034291|F|0-11:A>T-11:A>T,,,0.07368421052631578,-0.1844127984369388,0.08683387314328632,-2.1237426336221987,0.036435056901095025,4.510282773864553,0.914212323823391,1.0
100034427|F|0-43:T>A-43:T>A,,,0.4105263157894737,0.19337909941492631,0.0911186973471198,2.122276821827709,0.03656129767776779,4.504058908467121,0.914212323823391,1.0
100017244|F|0-66:T>A-66:T>A,,,0.18947368421052632,-0.14421003492001117,0.06805564042983432,-2.119001952067329,0.0368447103765154,4.490169272865151,0.914212323823391,1.0
100022067|F|0-14:T>C-14:T>C,Vu06 (old6),22313672.0,0.1,0.17147093512050243,0.08121429834427425,2.111339242181502,0.03751529733277594,4.457753395575559,0.914212323823391,1.0
100035246|F|0-43:C>A-43:C>A,,,0.4736842105263158,-0.11033847783511941,0.05237185076751431,-2.1068279279440927,0.03791501418263809,4.438723917965199,0.914212323823391,1.0
100017562|F|0-36:T>A-36:T>A,,,0.28421052631578947,-0.11485908211177219,0.05479303987507134,-2.096234893585974,0.038868093980679114,4.3942007290874,0.914212323823391,1.0
100018050|F|0-8:G>T-8:G>T,,,0.26842105263157895,0.11506643593538199,0.05494386623530821,2.0942544422081024,0.039048557500629806,4.38590166870837,0.914212323823391,1.0
100015115|F|0-13:C>T-13:C>T,,,0.2894736842105263,0.11836701723631335,0.05679213820746405,2.084214839806061,0.039974561581904614,4.3439514984678045,0.914212323823391,1.0
100028365|F|0-14:C>A-14:C>A,,,0.42105263157894735,0.11635914231044482,0.05590243768920766,2.081468127693271,0.040231181477938055,4.332509566602932,0.914212323823391,1.0
100016220|F|0-31:G>A-31:G>A,,,0.1774193548387097,-0.14579285043427573,0.07009291016878995,-2.0799942545286476,0.04036946724758868,4.326376098872185,0.914212323823391,1.0
100060618|F|0-5:A>G-5:A>G,,,0.15168539325842698,0.17001223813117425,0.08210588854985236,2.0706461026598313,0.04125613206248695,4.287575282460349,0.914212323823391,1.0
100029559|F|0-31:T>C-31:T>C,,,0.07368421052631578,-0.18810001494402379,0.09106109434735188,-2.06564632560331,0.041737204157922765,4.266894742478456,0.914212323823391,1.0
100033052|F|0-65:A>G-65:A>G,,,0.4,0.1128132410010513,0.05510179760025887,2.047360447647561,0.04353798361506333,4.191684802591622,0.914212323823391,1.0
100041682|F|0-43:T>C-43:T>C,,,0.06842105263157895,-0.19485751042300065,0.09531607631347368,-2.044329959430527,0.04384278046781289,4.1792849830252194,0.914212323823391,1.0
100013120|F|0-6:A>G-6:A>G,,,0.08421052631578947,-0.1980810796477664,0.09690390511176415,-2.0440980104910067,0.04386618444030539,4.178336676493291,0.914212323823391,1.0
100035489|F|0-33:C>A-33:C>A,,,0.11170212765957448,0.1541546323095793,0.07597562405261674,2.02900119915856,0.04541271398739003,4.116845866186874,0.914212323823391,1.0
100014760|F|0-37:A>T-37:A>T,,,0.43157894736842106,-0.11085012998074377,0.05470402085166156,-2.0263616504777793,0.04568785604753121,4.10614153852703,0.914212323823391,1.0
100016587|F|0-41:C>T-41:C>T,Vu03 (old3),57417157.0,0.3,0.10537882596269509,0.052182945830943184,2.019411213465992,0.04641919740448705,4.0780216490721894,0.914212323823391,1.0
100038564|F|0-34:C>T-34:C>T,,,0.08421052631578951,0.22386472395494048,0.11117401933433817,2.013642443579403,0.04703378834404249,4.0547558905844285,0.914212323823391,1.0
100020699|F|0-40:A>G-40:A>G,,,0.3684210526315789,0.10887678656972076,0.05424721023721931,2.0070485854223667,0.04774479333257951,4.028244024245923,0.914212323823391,1.0
100017553|F|0-24:C>A-24:C>A,Vu03 (old3),64354681.0,0.07368421052631578,-0.1596680916602722,0.07975211875541222,-2.0020545429012397,0.048289387317523594,4.008222392751492,0.914212323823391,1.0
100048218|F|0-16:G>A-16:G>A,,,0.15263157894736842,-0.1426576244428945,0.07140738674190461,-1.9977992607195847,0.048757598003357334,3.9912018861317193,0.914212323823391,1.0
100038393|F|0-44:G>A-44:G>A,Vu09 (old8),37413218.0,0.30526315789473685,0.11763855995732768,0.059178152702478004,1.9878714455444928,0.04986504753753087,3.9516328840111514,0.914212323823391,1.0
100013004|F|0-22:T>A-22:T>A,,,0.19473684210526315,0.127810594715762,0.06446228935888292,1.9827188265715803,0.050448228271750405,3.931173945241384,0.914212323823391,1.0
100038655|F|0-21:A>T-21:A>T,,,0.24210526315789474,-0.11143375766366266,0.0563496872403707,-1.9775399495709711,0.05104022603191407,3.910664252149159,0.914212323823391,1.0
100018389|F|0-25:G>T-25:G>T,,,0.05789473684210526,0.2047368537531727,0.1035462871590748,1.977249589245456,0.051073591519282174,3.9095159381713245,0.914212323823391,1.0
100013003|F|0-59:A>G-59:A>G,,,0.06315789473684211,-0.18027967057800615,0.09121922953372004,-1.9763340635470297,0.05117891675760071,3.9058963307363146,0.914212323823391,1.0
100017362|F|0-34:C>A-34:C>A,,,0.15263157894736842,-0.14059978823977043,0.07117320989206342,-1.9754594243114052,0.051279710913466336,3.9024399371007483,0.914212323823391,1.0
100021316|F|0-63:C>A-63:C>A,,,0.19473684210526315,0.12614856625065665,0.06393850367613316,1.9729671324439384,0.05156785184959868,3.8925993057040573,0.914212323823391,1.0
100015820|F|0-37:T>C-37:T>C,,,0.4473684210526316,-0.11138944109803618,0.056606364231668524,-1.9677900640670218,0.05217079242540167,3.872197736240894,0.914212323823391,1.0
100018361|F|0-34:C>A-34:C>A,,,0.07894736842105263,0.1800420180408179,0.09177223295649004,1.9618354293087463,0.052871693590591164,3.848798251691033,0.914212323823391,1.0
100041246|F|0-21:G>A-21:G>A,,,0.11578947368421053,-0.13939584478306266,0.07146398415814603,-1.950574774484823,0.05421903159152262,3.804741950856518,0.914212323823391,1.0
100018174|F|0-53:C>T-53:C>T,,,0.3263157894736842,0.11626835626573367,0.06026158268050349,1.9293943353955443,0.05683226118646413,3.722562501456414,0.914212323823391,1.0
100058484|F|0-60:G>A-60:G>A,,,0.1631578947368421,0.14429099064082743,0.07505373078891257,1.9225025741444293,0.05770521756634163,3.6960161475919566,0.914212323823391,1.0
100033134|F|0-15:C>T-15:C>T,,,0.1631578947368421,0.14429099064082743,0.07505373078891257,1.9225025741444293,0.05770521756634163,3.6960161475919566,0.914212323823391,1.0
100021344|F|0-55:A>T-55:A>T,,,0.1631578947368421,0.14429099064082743,0.07505373078891257,1.9225025741444293,0.05770521756634163,3.6960161475919566,0.914212323823391,1.0
100016571|F|0-39:C>T-39:C>T,,,0.09473684210526316,-0.15539440679095887,0.08116810166477859,-1.9144762980010586,0.05873613750281232,3.665219495607838,0.914212323823391,1.0
100035059|F|0-31:C>G-31:C>G,,,0.4105263157894737,-0.1679107270808985,0.08778648391771542,-1.912717306667455,0.05896413331496685,3.658487495225203,0.914212323823391,1.0
100015853|F|0-63:C>G-63:C>G,,,0.05789473684210526,-0.19830202084837262,0.1047579088482675,-1.892955128911512,0.06157738792850597,3.5832791200723992,0.914212323823391,1.0
100021699|F|0-19:G>C-19:G>C,,,0.1631578947368421,-0.12449145454349357,0.06591286801405133,-1.8887276232154613,0.06214889420731835,3.5672920346971253,0.914212323823391,1.0
100017065|F|0-46:G>A-46:G>A,,,0.12631578947368421,-0.15686355632282872,0.08305346174627214,-1.8887058170079174,0.0621518536639149,3.5672096631995447,0.914212323823391,1.0
100033204|F|0-66:T>C-66:T>C,,,0.14210526315789473,0.1331765162427115,0.07053616210272781,1.8880601420978254,0.06223953597416403,3.5647711001784606,0.914212323823391,1.0
100015319|F|0-34:T>A-34:T>A,,,0.06315789473684211,-0.18828466024330207,0.10003211386558487,-1.8822421417216464,0.06303431987101274,3.5428354800728905,0.914212323823391,1.0
100016572|F|0-65:A>T-65:A>T,,,0.20526315789473684,0.11392378265318395,0.060547462817120215,1.8815616270707087,0.06312783821967433,3.5402741564649727,0.914212323823391,1.0
100030222|F|0-14:T>A-14:T>A,,,0.11702127659574468,-0.13228240577513437,0.07054282963065474,-1.8752069695493245,0.0640067547956881,3.5164011786463614,0.914212323823391,1.0
100043186|F|0-41:T>C-41:T>C,,,0.38421052631578945,0.10209215172804714,0.05450932675756789,1.8729299699867055,0.06432417810467662,3.5078666724744014,0.914212323823391,1.0
100019311|F|0-11:C>A-11:C>A,,,0.15263157894736842,0.12403572680565675,0.06658793221475033,1.8627358243477754,0.06576152691251783,3.469784751308586,0.914212323823391,1.0
100021866|F|0-51:G>C-51:G>C,,,0.23684210526315788,0.10099496956857602,0.05438184766124223,1.857144873004284,0.06656120206243898,3.4489870793260984,0.914212323823391,1.0
100013231|F|0-33:C>T-33:C>T,,,0.06842105263157895,-0.19369520020773687,0.1043764294799298,-1.8557369817386011,0.0667638516194619,3.4437597453922932,0.914212323823391,1.0
100018265|F|0-5:C>T-5:C>T,,,0.34946236559139787,0.11919738370874841,0.06455082363455678,1.8465664262250718,0.06809652263284538,3.409807566461634,0.914212323823391,1.0
100021104|F|0-25:C>T-25:C>T,,,0.07368421052631578,0.16434702327851958,0.08929865149104778,1.8404199899367508,0.06900211819872788,3.38714573935879,0.914212323823391,1.0
100052578|F|0-7:G>A-7:G>A,,,0.12631578947368421,-0.18057020146703145,0.09873415342436415,-1.8288524811767215,0.07073372096845909,3.3447013979062503,0.914212323823391,1.0
100014059|F|0-25:C>G-25:C>G,,,0.4368421052631579,-0.1034770057702603,0.05659016430035828,-1.8285334041626944,0.07078199426115356,3.3435344101388114,0.914212323823391,1.0
100040510|F|0-32:T>C-32:T>C,,,0.42105263157894735,0.10457482438297111,0.057218750427617676,1.8276320891568467,0.07091850298406588,3.34023905331582,0.914212323823391,1.0
100019497|F|0-27:C>T-27:C>T,,,0.08421052631578947,0.15315936998658686,0.08386114876887034,1.8263447643521948,0.07111385538366968,3.335535198276674,0.914212323823391,1.0
100034114|F|0-47:T>A-47:T>A,,,0.17894736842105263,0.11640885980992302,0.0639281350318047,1.8209331423794672,0.07193998475314395,3.3157975090159613,0.914212323823391,1.0
100016888|F|0-67:C>T-67:C>T,,,0.08510638297872342,-0.13283266452813042,0.07336669380986542,-1.8105308775719804,0.07355042866540726,3.2780220586415654,0.914212323823391,1.0
100013996|F|0-45:C>T-45:C>T,Vu06 (old6),24104002.0,0.15934065934065922,0.10819799436625155,0.059792644886540736,1.8095535758881742,0.07370325983375674,3.274484144009678,0.914212323823391,1.0
100021838|F|0-57:A>G-57:A>G,Vu07 (old2),38535679.0,0.3,0.10829781197286792,0.059914169425033435,1.8075492494037437,0.07401752391991674,3.2672342890200374,0.914212323823391,1.0
100033659|F|0-57:T>C-57:T>C,,,0.3882978723404255,-0.09238925521742394,0.05121461002394632,-1.803962876496095,0.07458262049995132,3.2542820597760658,0.914212323823391,1.0
100015059|F|0-7:C>A-7:C>A,,,0.12105263157894737,0.1631884746824529,0.09065596429577885,1.8000853661434313,0.07519761791629324,3.240307325403731,0.914212323823391,1.0
100043320|F|0-18:A>G-18:A>G,,,0.4139784946236559,-0.0872465940126946,0.04862753317834487,-1.794180956963448,0.07614217517375439,3.219085306330274,0.914212323823391,1.0
100020795|F|0-42:T>C-42:T>C,,,0.19473684210526315,0.10993525549429714,0.06171166880293479,1.7814338459288108,0.07821496804674884,3.1735065474207143,0.914212323823391,1.0
100058976|F|0-14:G>A-14:G>A,,,0.05263157894736842,0.20833327048766878,0.11710628549805009,1.779010149639984,0.07861431988395251,3.164877112522078,0.914212323823391,1.0
100018535|F|0-10:A>T-10:A>T,,,0.05263157894736842,-0.1884590997928487,0.1059783467225921,-1.778279295922189,0.07873507299177862,3.1622772543055158,0.914212323823391,1.0
100013309|F|0-13:A>C-13:A>C,,,0.05263157894736842,-0.19254728951567238,0.10860192228315273,-1.7729639169153268,0.07961791365794,3.143401050683738,0.914212323823391,1.0
100021278|F|0-44:C>G-44:C>G,Vu09 (old8),41151722.0,0.10638297872340426,0.11039152018860876,0.06232732443835812,1.7711576934091926,0.0799197687814722,3.1369995749225716,0.914212323823391,1.0
100033543|F|0-14:C>T-14:C>T,,,0.06315789473684211,0.167657923263941,0.0948896028026443,1.7668734857352448,0.08063952602308634,3.1218419145942145,0.914212323823391,1.0
100035464|F|0-52:G>A-52:G>A,,,0.05789473684210526,-0.17691419070907363,0.10031175768907485,-1.763643612520825,0.08118568408119257,3.110438791985506,0.914212323823391,1.0
100028940|F|0-16:C>T-16:C>T,,,0.3368421052631579,0.09101054678031745,0.05185846093928019,1.7549797107723555,0.08266580534268511,3.0799537852226204,0.914212323823391,1.0
100018867|F|0-57:G>A-57:G>A,,,0.24210526315789474,0.13283209730119472,0.07577625313285472,1.7529515093377188,0.08301549222784652,3.0728389940893863,0.914212323823391,1.0
100016348|F|0-15:G>A-15:G>A,,,0.09473684210526316,-0.14019693641996506,0.08015530714408094,-1.7490661743452367,0.08368877489116198,3.059232482238682,0.914212323823391,1.0
100013715|F|0-6:A>G-6:A>G,,,0.13157894736842105,-0.11772034788099361,0.06738637121019789,-1.746945944214584,0.08405807766690808,3.0518201320077845,0.914212323823391,1.0
100017012|F|0-57:A>G-57:A>G,,,0.46842105263157896,0.09199755674337796,0.052763570880895255,1.7435809443422001,0.08464694767984735,3.0400745094732384,0.914212323823391,1.0
100059433|F|0-8:T>C-8:T>C,,,0.12234042553191489,-0.13791542831833045,0.07928601716607413,-1.7394672257208978,0.08537144761315399,3.025746229357157,0.914212323823391,1.0
100013943|F|0-53:A>T-53:A>T,,,0.06315789473684211,-0.16891020718169858,0.0971160976037069,-1.739260651421102,0.08540796305961844,3.025027613581756,0.914212323823391,1.0
100033514|F|0-34:C>T-34:C>T,,,0.2736842105263158,-0.10030579883500694,0.057840044993251565,-1.7341929600281263,0.08630778945115428,3.0074252226111144,0.914212323823391,1.0
100016127|F|0-26:G>C-26:G>C,,,0.08947368421052626,0.12218182486860005,0.07046285047114066,1.733989244710471,0.08634412358797257,3.00671870077159,0.914212323823391,1.0
100020887|F|0-26:A>G-26:A>G,,,0.14736842105263157,-0.11246521325712665,0.06528438436742257,-1.7226970024587946,0.08837790695365885,2.9676849622805164,0.914212323823391,1.0
100019787|F|0-26:A>G-26:A>G,,,0.2894736842105263,0.12354234864938869,0.07192491344122393,1.7176572447368441,0.08929817805393428,2.9503464103969668,0.914212323823391,1.0
100017140|F|0-53:T>C-53:T>C,,,0.11052631578947368,0.1458066665178692,0.08512177349929907,1.712918569760178,0.09017061442057052,2.934090026629254,0.914212323823391,1.0
100018444|F|0-56:T>G-56:T>G,,,0.11052631578947368,-0.15724029491716623,0.0919518699096501,-1.71002824707825,0.0907061668291755,2.924196605805512,0.914212323823391,1.0
100015323|F|0-56:G>C-56:G>C,,,0.1631578947368421,-0.12699620563358693,0.07433520116356739,-1.7084262051587662,0.0910041304268474,2.9187200984731825,0.914212323823391,1.0
100020369|F|0-25:G>C-25:G>C,,,0.49473684210526314,-0.08859960142945744,0.05228286581990915,-1.6946202171595381,0.0936051990973499,2.87173768040584,0.914212323823391,1.0
100018597|F|0-60:C>T-60:C>T,,,0.32105263157894737,-0.08707380685444456,0.05138591779986242,-1.6945071837303582,0.09362674243794959,2.87135459571379,0.914212323823391,1.0
100034357|F|0-15:T>C-15:T>C,,,0.30526315789473685,0.10202379033016826,0.060348359191180714,1.6905810149197558,0.09437755436296093,2.8580641680071115,0.914212323823391,1.0
100028939|F|0-16:C>T-16:C>T,,,0.3473684210526316,0.09094107625874509,0.0538416952585849,1.6890455588737208,0.0946725154133925,2.85287489995104,0.914212323823391,1.0
100017187|F|0-41:T>C-41:T>C,,,0.23684210526315788,0.1064333490877506,0.06309602618238716,1.686847104762055,0.09509614551207131,2.8454531548441273,0.914212323823391,1.0
100050471|F|0-63:C>G-63:C>G,,,0.06842105263157895,0.14360981317341528,0.08548418165965171,1.6799577463955382,0.09643369570174752,2.8222580296743756,0.914212323823391,1.0
100044743|F|0-7:G>A-7:G>A,,,0.08522727272727273,-0.1776841316368052,0.10599015351485293,-1.6764211178532298,0.0971262440151953,2.8103877643842727,0.914212323823391,1.0
100040243|F|0-44:T>G-44:T>G,,,0.3526315789473684,-0.08554723926095174,0.05125208096730001,-1.6691466501727574,0.09856345296638898,2.7860505397829374,0.914212323823391,1.0
100015331|F|0-40:A>G-40:A>G,,,0.43157894736842106,-0.08761808823351207,0.05256280821573162,-1.6669217495744202,0.09900645625119231,2.778628119204246,0.914212323823391,1.0
100017121|F|0-19:C>T-19:C>T,,,0.08152173913043477,0.1390978417992682,0.08351703702450511,1.6655025939013484,0.09928986951268408,2.7738988902921196,0.914212323823391,1.0
100019558|F|0-53:C>T-53:C>T,,,0.08421052631578947,0.14566630737864536,0.08763788811575655,1.6621384940979174,0.09996432867807102,2.7627043735620926,0.914212323823391,1.0
100043426|F|0-30:G>A-30:G>A,,,0.4263157894736842,-0.08765989760416147,0.05303858107380761,-1.6527572161513036,0.10186479464046129,2.731606415540207,0.914212323823391,1.0
100016472|F|0-40:C>G-40:C>G,,,0.46842105263157896,0.09456536896382199,0.0572354862778641,1.6522156989237509,0.10197538231943101,2.7298167157700988,0.914212323823391,1.0
100022075|F|0-54:C>G-54:C>G,,,0.22631578947368422,-0.10067689118695834,0.060943114903464934,-1.6519813820877465,0.10202326419142,2.729042486764541,0.914212323823391,1.0
100035857|F|0-32:C>A-32:C>A,,,0.14835164835164835,0.09941954708103767,0.06023683074897163,1.6504777201070622,0.10233096570420648,2.7240767045698058,0.914212323823391,1.0
100017321|F|0-51:A>T-51:A>T,,,0.38421052631578945,0.1522851775550664,0.09231754198919638,1.6495800719313762,0.10251501332713296,2.7211144137131242,0.914212323823391,1.0
100021211|F|0-55:G>A-55:G>A,Vu06 (old6),30632173.0,0.06315789473684211,0.13706210250143577,0.08321350798604134,1.64711362155802,0.10302209626360319,2.7129832823219764,0.914212323823391,1.0
100015076|F|0-33:T>C-33:T>C,,,0.38421052631578945,-0.10557952665182715,0.0641219167164664,-1.64654352299975,0.10313959215339791,2.7111055731324285,0.914212323823391,1.0
100018804|F|0-63:G>A-63:G>A,,,0.08947368421052632,0.1352801200322347,0.08217429657787548,1.6462583273107978,0.10319841091181348,2.710166480240146,0.914212323823391,1.0
100013227|F|0-14:G>A-14:G>A,,,0.1,-0.1291267085244304,0.07849958865250568,-1.6449348428567683,0.10347172132057378,2.705810637244221,0.914212323823391,1.0
100028819|F|0-28:A>T-28:A>T,,,0.19780219780219777,0.10385077413384929,0.06342707083003679,1.637325715578675,0.10505443739637349,2.68083549889522,0.914212323823391,1.0
100021909|F|0-26:T>C-26:T>C,,,0.3684210526315789,-0.08718634608113465,0.05332212500642309,-1.6350876127054639,0.10552366857478129,2.673511501222853,0.914212323823391,1.0
100014662|F|0-39:T>C-39:T>C,,,0.49473684210526314,-0.08511152097688617,0.052095089629226835,-1.6337724262045643,0.10580019271806049,2.6692123406263484,0.914212323823391,1.0
100035100|F|0-8:T>C-8:T>C,,,0.24210526315789474,0.10127167885494183,0.06205055721631235,1.6320833107413049,0.10615619408275362,2.6636959332002985,0.914212323823391,1.0
100016803|F|0-28:A>T-28:A>T,,,0.39473684210526316,-0.08421932484322646,0.051604409328299676,-1.6320179988387324,0.10616997871957418,2.663482748533581,0.914212323823391,1.0
100040940|F|0-64:T>A-64:T>A,,,0.39473684210526316,0.09210332306467867,0.056559875262680796,1.6284216087274517,0.10693125778985123,2.6517569357705018,0.914212323823391,1.0
100029779|F|0-28:G>A-28:G>A,,,0.17894736842105263,-0.12020820466953439,0.07392044657136072,-1.6261834207601649,0.10740725036961928,2.6444725179552315,0.914212323823391,1.0
100028868|F|0-14:T>C-14:T>C,,,0.2631578947368421,-0.09558385143567863,0.058823133346467514,-1.6249364152822487,0.10767318868265863,2.640418353710325,0.914212323823391,1.0
100016409|F|0-6:A>T-6:A>T,,,0.2631578947368421,0.103826742558276,0.06408105565186259,1.620240826280117,0.10867933678004667,2.625180335144876,0.914212323823391,1.0
100047378|F|0-35:C>T-35:C>T,,,0.15263157894736842,0.11696230299325135,0.07281873652952124,1.6062116505665267,0.11173054998452166,2.579915866415646,0.914212323823391,1.0
100050114|F|0-27:G>A-27:G>A,,,0.21505376344086022,0.09832302848764099,0.061327355418635966,1.6032491180560982,0.11238357963958277,2.5704077345476564,0.914212323823391,1.0
100043193|F|0-19:A>G-19:A>G,,,0.4166666666666667,0.08169434186037074,0.050980534082560494,1.6024614753558823,0.11255771326958756,2.567882779999751,0.914212323823391,1.0
100019004|F|0-13:T>A-13:T>A,,,0.05789473684210526,-0.16867996803176807,0.10559555705137713,-1.5974153907791542,0.11367844830478856,2.551735930698118,0.914212323823391,1.0
100014032|F|0-46:C>T-46:C>T,,,0.32105263157894737,-0.087563851066024,0.05496209936658419,-1.5931678752296896,0.1146287318841482,2.538183878663884,0.914212323823391,1.0
100047143|F|0-59:C>T-59:C>T,,,0.3736842105263158,-0.08990072260518615,0.056442010372152636,-1.5927980242450999,0.11471177741564072,2.5370055460390937,0.914212323823391,1.0
100014420|F|0-6:A>T-6:A>T,,,0.19473684210526315,-0.11194836667123724,0.07029578551248525,-1.5925331206570565,0.11477128786493111,2.536161740389703,0.914212323823391,1.0
100020694|F|0-67:C>T-67:C>T,Vu10 (old10),36275606.0,0.1736842105263158,-0.12021803684512423,0.07562350459131298,-1.5896914258974175,0.11541122763714949,2.5271188295717644,0.914212323823391,1.0
100015680|F|0-33:A>G-33:A>G,,,0.11578947368421053,0.1355519819424616,0.08534332043902362,1.5883138978557931,0.11572246712450222,2.522741038121863,0.914212323823391,1.0
100020992|F|0-62:A>G-62:A>G,,,0.43157894736842106,-0.084031260372508,0.05292742204258564,-1.587669626245844,0.11586826429976592,2.520694842103618,0.914212323823391,1.0
100013584|F|0-22:T>C-22:T>C,,,0.4473684210526316,-0.08315074310112738,0.05298452709260778,-1.5693401010410886,0.12007802327732307,2.462828352735654,0.914212323823391,1.0
100015474|F|0-64:A>G-64:A>G,,,0.10526315789473684,0.11845712994401383,0.07550906819070016,1.5687801847169827,0.12020851182171002,2.46107126796065,0.914212323823391,1.0
100049761|F|0-12:A>G-12:A>G,,,0.13636363636363635,-0.10942200380908783,0.0697811655669396,-1.5680736043900214,0.12037334150209007,2.4588548287847134,0.914212323823391,1.0
100044425|F|0-30:C>T-30:C>T,,,0.3031914893617021,0.0997414244753707,0.06384403711956498,1.562266876835785,0.12173474642659418,2.440677794458238,0.914212323823391,1.0
100052903|F|0-58:C>A-58:C>A,,,0.07894736842105263,0.13792141324165572,0.08839272778345417,1.560325342369088,0.12219266607214349,2.4346151740392115,0.914212323823391,1.0
100030838|F|0-17:T>C-17:T>C,,,0.20652173913043478,-0.08877824675360561,0.05692876588029578,-1.5594619939641725,0.12239672985755615,2.4319217106187128,0.914212323823391,1.0
100041955|F|0-54:C>T-54:C>T,,,0.29473684210526313,0.07937806566795573,0.05090708856614964,1.5592733331196178,0.12244135836531835,2.4313333273779625,0.914212323823391,1.0
100043188|F|0-42:C>T-42:C>T,,,0.37894736842105264,-0.09810891226111576,0.06307010661871748,-1.5555532964962473,0.12332399189464636,2.419746058240342,0.914212323823391,1.0
100034117|F|0-53:T>C-53:T>C,,,0.05172413793103449,-0.15565934183081342,0.10020056869824438,-1.553477628451232,0.12381866575916925,2.413292742098464,0.914212323823391,1.0
100034096|F|0-46:G>C-46:G>C,Vu02 (old7),21233031.0,0.25,0.10090642464248634,0.06496029256005396,1.5533554524743125,0.12384783177197796,2.412913161731676,0.914212323823391,1.0
100020677|F|0-42:G>T-42:G>T,,,0.15789473684210525,0.10571827495709311,0.06823273489466161,1.5493776575173495,0.12480039768949347,2.4005711256139493,0.914212323823391,1.0
100016658|F|0-38:T>C-38:T>C,Vu02 (old7),33337276.0,0.06315789473684211,0.14321685236254117,0.09246819833669459,1.5488227838187234,0.1249337341886327,2.39885201567598,0.914212323823391,1.0
100018809|F|0-13:A>G-13:A>G,,,0.08421052631578947,0.13436077264040383,0.08694722784462364,1.5453140482006984,0.12577950217072026,2.3879955075664303,0.914212323823391,1.0
100054502|F|0-47:T>C-47:T>C,,,0.21578947368421053,0.10447634994635766,0.06787561400407248,1.5392324839977014,0.12725617753447804,2.3692366397937343,0.914212323823391,1.0
100034157|F|0-53:C>A-53:C>A,,,0.21578947368421053,-0.08635127856709959,0.056290784403722566,-1.5340215895337408,0.1285323245217297,2.3532222371556246,0.914212323823391,1.0
100013963|F|0-19:T>C-19:T>C,,,0.08421052631578947,0.12827465741366034,0.08367094050967536,1.5330849232993526,0.12876278251414738,2.350349382047782,0.914212323823391,1.0
100017860|F|0-21:C>T-21:C>T,,,0.23684210526315788,-0.1006631595883108,0.06568402037551771,-1.5325365136423776,0.1288978650419177,2.3486681656471338,0.914212323823391,1.0
100020518|F|0-50:T>G-50:T>G,,,0.26842105263157895,-0.07577153856754261,0.049532538568166154,-1.5297325910980035,0.12959026847777552,2.3400818002674115,0.914212323823391,1.0
100021397|F|0-9:C>T-9:C>T,,,0.4526315789473684,0.07762440245977076,0.050985827387174616,1.5224701929481097,0.13139730665344948,2.3179154884154545,0.914212323823391,1.0
100014679|F|0-16:C>A-16:C>A,Vu07 (old2),38481917.0,0.43157894736842106,0.08111903547711091,0.053288071790070224,1.52227379884717,0.13144644808463085,2.317317518656594,0.914212323823391,1.0
100021043|F|0-14:C>T-14:C>T,,,0.3263157894736842,-0.085244169729616,0.0560200215696597,-1.521673275752254,0.13159679992045278,2.3154895581385952,0.914212323823391,1.0
100044112|F|0-18:T>G-18:T>G,,,0.16666666666666674,-0.09860559784171921,0.06485010011931486,-1.5205157379911378,0.1318869928288407,2.3119681094787343,0.914212323823391,1.0
100035442|F|0-6:A>T-6:A>T,,,0.35106382978723405,0.08294258955430292,0.05457644872911718,1.5197505789718426,0.13207909362088976,2.309641822285251,0.914212323823391,1.0
100038511|F|0-6:G>A-6:G>A,,,0.05789473684210526,0.1391363271454159,0.09180472554881156,1.5155682489507434,0.13313300682724255,2.2969471172276226,0.914212323823391,1.0
100034034|F|0-18:A>G-18:A>G,,,0.16842105263157894,0.1095613691432678,0.07229143768567436,1.515551117127375,0.1331373374787948,2.2968951886260345,0.914212323823391,1.0
100034571|F|0-32:T>A-32:T>A,,,0.07894736842105263,0.140420625608194,0.09268654622185395,1.5150054817242196,0.1332753234039248,2.2952416096544344,0.914212323823391,1.0
100045179|F|0-31:C>T-31:C>T,,,0.1368421052631579,-0.1271769666274007,0.08413131459497826,-1.5116483944135564,0.1341267760105286,2.285080868333083,0.914212323823391,1.0
100032947|F|0-10:A>C-10:A>C,,,0.10869565217391304,-0.10429925207959895,0.06907071772130605,-1.5100357361340413,0.13453730992093177,2.280207924401876,0.914212323823391,1.0
100052894|F|0-30:A>C-30:A>C,,,0.42105263157894735,-0.08981164813109717,0.059622999352251724,-1.506325564074551,0.13548555711874768,2.269016704984514,0.914212323823391,1.0
100035689|F|0-61:C>T-61:C>T,,,0.18947368421052632,0.09851062177953626,0.06540381397128735,1.5061907830449,0.13552010306043133,2.268610674929409,0.914212323823391,1.0
100047252|F|0-57:G>A-57:G>A,,,0.30526315789473685,-0.09749554494116759,0.06482506055698362,-1.5039792343188854,0.13608793719154558,2.261953537262421,0.914212323823391,1.0
100043410|F|0-43:T>A-43:T>A,,,0.3157894736842105,-0.0881621681886264,0.05871293934230285,-1.5015798761944337,0.13670610343648648,2.2547421245920907,0.914212323823391,1.0
100041553|F|0-26:T>A-26:T>A,,,0.06842105263157895,0.1346672865370709,0.08972476046913147,1.5008932409844804,0.13688341169971158,2.2526805208328975,0.914212323823391,1.0
100019738|F|0-47:G>A-47:G>A,,,0.28421052631578947,0.09056455443912378,0.06046394366764585,1.4978274479900444,0.13767728618831654,2.243487063952369,0.914212323823391,1.0
100035886|F|0-65:A>C-65:A>C,,,0.13157894736842105,-0.12832596871176902,0.08586331575640925,-1.4945377729859,0.13853314320560473,2.2336431548816535,0.914212323823391,1.0
100015622|F|0-52:A>G-52:A>G,,,0.3,0.08783506848171921,0.058801440752915546,1.4937570807287421,0.13873686227871826,2.231310216227254,0.914212323823391,1.0
100017718|F|0-15:A>G-15:A>G,,,0.18421052631578946,-0.10912439016332509,0.07319769498971318,-1.4908173020839093,0.13950609349447884,2.222536228192746,0.914212323823391,1.0
100018381|F|0-53:C>A-53:C>A,Vu07 (old2),28235227.0,0.20526315789473684,0.08649149614059279,0.058087367348164505,1.4889897767647033,0.13998596909576758,2.217090555309801,0.914212323823391,1.0
100016024|F|0-58:G>A-58:G>A,,,0.3157894736842105,-0.07998846739956682,0.053804299405518806,-1.4866556814855998,0.14060073759101582,2.2101451152934133,0.914212323823391,1.0
100021798|F|0-27:T>C-27:T>C,,,0.23157894736842105,-0.08763141652177275,0.059038746240167625,-1.4843034803837316,0.14122240837803465,2.2031568218792588,0.914212323823391,1.0
100029242|F|0-37:C>T-37:C>T,,,0.3763440860215054,-0.06882303973230189,0.046388441770189116,-1.4836247372406903,0.1414021943394889,2.2011423609525074,0.914212323823391,1.0
100045385|F|0-50:G>A-50:G>A,,,0.23684210526315788,0.08602948344124095,0.0579962131027998,1.4833638066808164,0.14147135737813513,2.2003681829706023,0.914212323823391,1.0
100015679|F|0-19:G>A-19:G>A,,,0.07368421052631578,0.12825026880311138,0.08647293046793209,1.483126200408718,0.1415343609994552,2.1996633263388006,0.914212323823391,1.0
100014614|F|0-54:G>A-54:G>A,,,0.14210526315789473,0.10788820266958264,0.07277505359137668,1.4824888110060646,0.14170347928681057,2.197773074758175,0.914212323823391,1.0
100013936|F|0-38:C>A-38:C>A,,,0.2578947368421053,0.09428240678863117,0.0636187174694215,1.4819916298053044,0.14183550573230821,2.1962991908129825,0.914212323823391,1.0
100051260|F|0-23:G>A-23:G>A,,,0.05263157894736842,0.13739024718909076,0.09272292278837127,1.4817290380574737,0.14190527571923045,2.195520942222726,0.914212323823391,1.0
100030431|F|0-51:C>T-51:C>T,,,0.1,0.1161621628923973,0.07859747075003655,1.4779376713256804,0.14291562236082406,2.184299760323575,0.914212323823391,1.0
100035727|F|0-32:C>A-32:C>A,Vu08 (old5),17172753.0,0.22631578947368422,-0.11460981108237467,0.07758142231446968,-1.4772842217021178,0.1430903233159232,2.182368671690032,0.914212323823391,1.0
100018760|F|0-65:A>G-65:A>G,,,0.49473684210526314,0.08695460301700214,0.058869661973745296,1.4770698540070124,0.14314767119115898,2.181735353616297,0.914212323823391,1.0
100033363|F|0-51:C>T-51:C>T,,,0.08947368421052632,0.12940963998200347,0.08762277274452636,1.4768950573991904,0.14319444623627717,2.1812190105701577,0.914212323823391,1.0
100013415|F|0-20:G>A-20:G>A,Vu07 (old2),385652.0,0.1631578947368421,-0.09809787384512744,0.06643666721061242,-1.4765622353412926,0.14328354137802632,2.1802360348360748,0.914212323823391,1.0
100035083|F|0-24:G>C-24:G>C,,,0.34782608695652173,-0.07490126934817802,0.05075516548476783,-1.4757368758980147,0.14350467339336906,2.1777993268852325,0.914212323823391,1.0
100035362|F|0-6:C>A-6:C>A,,,0.1736842105263158,0.10538532862664529,0.07142224339059354,1.4755253212968211,0.14356139637212556,2.177174973788087,0.914212323823391,1.0
100035181|F|0-20:A>G-20:A>G,,,0.1368421052631579,0.09661852737154218,0.06557269480212899,1.473456713394143,0.14411696262309384,2.1710746862462695,0.914212323823391,1.0
100015367|F|0-46:A>T-46:A>T,,,0.4368421052631579,-0.07356414611242906,0.04993431345561366,-1.473218334679215,0.14418109155909709,2.1703722616349994,0.914212323823391,1.0
100052891|F|0-8:C>T-8:C>T,,,0.4105263157894737,-0.09218663918272607,0.06261361266240588,-1.4723098582375245,0.14442569492752083,2.1676963186633995,0.914212323823391,1.0
100035150|F|0-22:T>A-22:T>A,,,0.06842105263157895,0.14262142059383942,0.09694586562931633,1.4711449494831357,0.14473981460031554,2.1642674623897378,0.914212323823391,1.0
100034340|F|0-9:G>A-9:G>A,Vu07 (old2),25775716.0,0.06315789473684211,0.14404630749963093,0.09795147250135966,1.4705884844929864,0.14489005407609948,2.1626304907233784,0.914212323823391,1.0
100041156|F|0-37:T>C-37:T>C,,,0.17894736842105263,0.09517862814797151,0.06479611091437953,1.4688941481956983,0.14534825445310992,2.157650018603566,0.914212323823391,1.0
100048771|F|0-11:G>A-11:G>A,Vu11 (old9),32286941.0,0.18421052631578946,0.09764677644571092,0.06686380071392983,1.4603832776943537,0.14766694040239697,2.132719317769304,0.914212323823391,1.0
100034940|F|0-27:A>C-27:A>C,,,0.3,0.08728728804977323,0.059835858580843254,1.458778901481639,0.14810723623055433,2.1280358834079776,0.914212323823391,1.0
100016225|F|0-50:A>C-50:A>C,,,0.3225806451612903,0.07935391372221728,0.05449353124146484,1.456207955593743,0.14881491731833252,2.120541609934509,0.914212323823391,1.0
100049762|F|0-13:A>G-13:A>G,,,0.11052631578947368,0.12016092076113853,0.08253807637355019,1.4558241001076297,0.14892080259631432,2.11942381045419,0.914212323823391,1.0
100020818|F|0-29:A>G-29:A>G,,,0.33157894736842103,0.08144423985773076,0.05599680101531381,1.4544445107758508,0.14930184060827179,2.115408834926004,0.914212323823391,1.0
100033028|F|0-17:A>C-17:A>C,,,0.4473684210526316,-0.07789817115547902,0.05358084372852308,-1.4538436824579326,0.1494680236925535,2.113661453022842,0.914212323823391,1.0
100041853|F|0-27:G>A-27:G>A,,,0.23404255319148937,0.11072589330788879,0.07627572017504043,1.4516532004390228,0.15007510454365758,2.1072970143448577,0.914212323823391,1.0
100046319|F|0-37:A>C-37:A>C,,,0.1358695652173913,-0.09970902895033627,0.06878728944228,-1.4495269367170363,0.1506662146111128,2.101128340268275,0.914212323823391,1.0
100020248|F|0-34:C>A-34:C>A,,,0.19473684210526315,-0.09276728447506459,0.0641522348359792,-1.4460491471925603,0.1516369416609952,2.091058136096331,0.914212323823391,1.0
100017658|F|0-34:T>G-34:T>G,Vu01 (old4),30643579.0,0.3736842105263158,-0.08979960823295564,0.06226720080114473,-1.4421654912630142,0.1527266709810927,2.079841304189891,0.914212323823391,1.0
100046316|F|0-13:C>A-13:C>A,,,0.11363636363636363,0.10021365834796549,0.0696450862303017,1.4389192945584117,0.15364217336380134,2.0704887362524773,0.914212323823391,1.0
100033423|F|0-16:C>T-16:C>T,,,0.34239130434782605,-0.07474255165223369,0.05201579006724419,-1.4369204342683086,0.15420800482984523,2.0647403344178246,0.914212323823391,1.0
100019249|F|0-36:C>A-36:C>A,,,0.45263157894736844,0.08633136480620329,0.060100157798981986,1.4364582052339574,0.1543390801818797,2.063412175383962,0.914212323823391,1.0
100041804|F|0-61:A>T-61:A>T,,,0.3103448275862069,0.07356938120693471,0.051234057471780566,1.4359468064276641,0.15448419899187896,2.0619432308898076,0.914212323823391,1.0
100034247|F|0-37:G>C-37:G>C,,,0.4789473684210526,0.08394460797078349,0.05856141369250596,1.4334457226657726,0.1551954461369885,2.054766639828799,0.914212323823391,1.0
100015727|F|0-9:C>T-9:C>T,,,0.06521739130434782,-0.11711404409339135,0.08181671475795954,-1.4314195386584856,0.15577349466746637,2.048961895653272,0.914212323823391,1.0
100017549|F|0-22:C>T-22:C>T,,,0.3631578947368421,0.09027549404476733,0.06329996289984136,1.4261539803365917,0.15728346960200396,2.0339151756299034,0.914212323823391,1.0
100030246|F|0-11:C>A-11:C>A,,,0.33157894736842103,-0.08719958211086029,0.06127679387925665,-1.4230441345003038,0.1581805458419742,2.0250546087357186,0.914212323823391,1.0
100014882|F|0-19:A>G-19:A>G,,,0.3684210526315789,0.07660342027262816,0.05397196905250746,1.4193186132991247,0.15926040238397365,2.0144653260573504,0.914212323823391,1.0
100019200|F|0-60:C>T-60:C>T,,,0.3684210526315789,-0.07891558805586317,0.05562025418026358,-1.4188282527458451,0.15940295658193396,2.013073610789828,0.914212323823391,1.0
100013678|F|0-60:A>T-60:A>T,,,0.3684210526315789,-0.10450258656135822,0.07369852339537798,-1.417973953164876,0.1596515469991113,2.010650131854026,0.914212323823391,1.0
100017267|F|0-60:T>C-60:T>C,Vu07 (old2),29861358.0,0.3526315789473684,-0.07306833136661108,0.0516178861195278,-1.4155622568001338,0.16035492897456236,2.003816502877088,0.914212323823391,1.0
100034980|F|0-28:T>C-28:T>C,,,0.2578947368421053,-0.08111491088942709,0.057508458648596814,-1.4104866100668176,0.16184304132588523,1.989472477177783,0.914212323823391,1.0
100016630|F|0-66:A>T-66:A>T,,,0.15263157894736842,-0.10058855640768671,0.07146490930763416,-1.407523739723566,0.16271660209599295,1.981123077885413,0.914212323823391,1.0
100029461|F|0-34:G>A-34:G>A,,,0.34210526315789475,0.07834393296256177,0.055774286624371346,1.404660421570113,0.1635642428358999,1.9730708999255278,0.914212323823391,1.0
100019896|F|0-32:C>T-32:C>T,Vu08 (old5),16375786.0,0.46842105263157896,-0.07653545998573835,0.05450273782896734,-1.404249823667775,0.1636860708736614,1.971917567270977,0.914212323823391,1.0
100034088|F|0-23:T>C-23:T>C,,,0.18421052631578946,0.10117568528753368,0.0720698853152134,1.4038552280889542,0.1638032163898902,1.9708095014326898,0.914212323823391,1.0
100056174|F|0-11:G>A-11:G>A,,,0.11052631578947368,0.11832534354680725,0.08430878332433413,1.4034758761920705,0.16391589699181355,1.9697445350531,0.914212323823391,1.0
100040647|F|0-14:T>A-14:T>A,,,0.12234042553191489,0.10946111031764193,0.07812755799180046,1.4010563382658132,0.16463598095321666,1.962958862994809,0.914212323823391,1.0
100019377|F|0-46:G>A-46:G>A,,,0.18421052631578946,0.1050220092934464,0.07547509723069207,1.3914789532823422,0.16751011087865317,1.9362136774277225,0.914212323823391,1.0
100038948|F|0-13:G>A-13:G>A,,,0.17894736842105263,0.08646857404768149,0.062296363964131095,1.3880195977002483,0.16855761654878737,1.926598403599959,0.914212323823391,1.0
100041134|F|0-8:G>C-8:G>C,,,0.12105263157894737,0.10180583376712964,0.07335058776451488,1.3879348055664888,0.168583354537638,1.926363024502887,0.914212323823391,1.0
100022222|F|0-28:C>A-28:C>A,,,0.3894736842105263,-0.07359165973672471,0.053030130223628125,-1.3877329628720239,0.16864463437377697,1.925802776241566,0.914212323823391,1.0
100021489|F|0-26:C>G-26:C>G,,,0.3894736842105263,0.0704018712578803,0.05085711341536031,1.3843072587091998,0.1696872785832324,1.9163065865149793,0.914212323823391,1.0
100013293|F|0-29:C>A-29:C>A,,,0.4421052631578948,-0.07793238924878299,0.05643236640989638,-1.3809874404826696,0.17070237685418502,1.907126310770875,0.914212323823391,1.0
100022184|F|0-19:G>C-19:G>C,,,0.15789473684210525,0.1024177533987692,0.07421352546635313,1.380041613104653,0.17099242664880518,1.9045148539004926,0.914212323823391,1.0
100015194|F|0-9:C>T-9:C>T,,,0.26842105263157895,0.07667466998422193,0.05556595243484263,1.379885822602099,0.17104023773002985,1.904084883418271,0.914212323823391,1.0
100016712|F|0-57:C>A-57:C>A,Vu06 (old6),27002353.0,0.4052631578947369,0.07445752724466669,0.054087253265429826,1.3766187548713373,0.17204522574524625,1.8950791962635112,0.914212323823391,1.0
100030615|F|0-8:C>T-8:C>T,,,0.3631578947368421,0.08732468990682563,0.06361060635098352,1.3728007783009515,0.17322536473842834,1.8845819769036982,0.914212323823391,1.0
100056908|F|0-51:C>T-51:C>T,,,0.43157894736842106,0.08309357746820438,0.06081656360618754,1.3662984644490888,0.17524937962910656,1.8667714939559379,0.914212323823391,1.0
100014708|F|0-45:A>T-45:A>T,,,0.43157894736842106,0.08309357746820438,0.06081656360618754,1.3662984644490888,0.17524937962910656,1.8667714939559379,0.914212323823391,1.0
100036213|F|0-14:A>C-14:A>C,,,0.21578947368421053,0.0785961634552167,0.057584574241857304,1.36488225345055,0.1756925822615236,1.8629035657842514,0.914212323823391,1.0
100014348|F|0-42:C>G-42:C>G,,,0.12105263157894737,0.09438984155500875,0.06916186814862049,1.3647670903304172,0.17572865984731956,1.8625892108489532,0.914212323823391,1.0
100020311|F|0-17:G>A-17:G>A,,,0.05789473684210526,-0.144795089880718,0.1061113059437112,-1.3645585509759663,0.17579400405544135,1.862020039041629,0.914212323823391,1.0
100021995|F|0-64:T>A-64:T>A,,,0.26842105263157895,-0.08253291523231314,0.06051039226498656,-1.3639461279789058,0.17598600860960734,1.8603490400286498,0.914212323823391,1.0
100028488|F|0-19:T>C-19:T>C,,,0.08421052631578947,-0.11327572766392673,0.08333500556181095,-1.3592814556172106,0.1774536796798294,1.8476460755848427,0.914212323823391,1.0
100029189|F|0-11:C>A-11:C>A,,,0.3473684210526316,0.07968014895619262,0.05868911963731156,1.357664750274019,0.17796450930570787,1.843253574136614,0.914212323823391,1.0
100046329|F|0-5:T>C-5:T>C,,,0.06842105263157895,0.12512407070818107,0.0924448941399621,1.3534989884756914,0.17928589072995704,1.8319595118047198,0.914212323823391,1.0
100041959|F|0-33:T>G-33:T>G,,,0.20526315789473684,0.0715007247827611,0.0528360917698843,1.3532553674515975,0.17936339638115745,1.831300089536558,0.914212323823391,1.0
100018689|F|0-30:A>C-30:A>C,,,0.12105263157894737,0.09248352135184718,0.06838954996275172,1.35230486824695,0.1796660306157135,1.8287284566844009,0.914212323823391,1.0
100030370|F|0-33:G>A-33:G>A,,,0.17894736842105263,-0.09585421009937913,0.07154732753800183,-1.3397315231441296,0.1837057090299909,1.7948805541060895,0.914212323823391,1.0
100022059|F|0-28:G>C-28:G>C,,,0.1631578947368421,0.09937508122445622,0.07421593428557063,1.338999261830719,0.18394306773752359,1.7929190231832102,0.914212323823391,1.0
100040451|F|0-37:G>A-37:G>A,,,0.3894736842105263,-0.07423253109345085,0.0554834038573021,-1.3379231613902,0.1842922990062249,1.7900383857843474,0.914212323823391,1.0
100018009|F|0-24:G>T-24:G>T,,,0.06842105263157895,-0.1255781102725562,0.09392140604977364,-1.3370552630569232,0.18457432497747828,1.7877167764682182,0.914212323823391,1.0
100033723|F|0-20:T>C-20:T>C,,,0.15760869565217392,0.09060719344089983,0.0678156613091223,1.3360806588302296,0.18489141230794992,1.7851115269002205,0.914212323823391,1.0
100028477|F|0-24:T>G-24:T>G,,,0.08947368421052632,0.11475926751037682,0.08606033634117463,1.3334745411106592,0.18574132513856698,1.7781543517902831,0.914212323823391,1.0
100015923|F|0-54:G>A-54:G>A,Vu09 (old8),37786229.0,0.06842105263157895,-0.11850956040122686,0.0889133833785857,-1.3328652661503513,0.1859404461465199,1.7765298177100468,0.914212323823391,1.0
100036033|F|0-33:T>C-33:T>C,,,0.05789473684210526,0.13795878876887835,0.10354253602425977,1.3323875777637408,0.18609667468720714,1.7752566573791286,0.914212323823391,1.0
100040013|F|0-13:A>G-13:A>G,,,0.49473684210526314,-0.06722378761454101,0.05062107203239087,-1.327980323520738,0.18754272855387144,1.7635317396582437,0.914212323823391,1.0
100021416|F|0-50:T>G-50:T>G,,,0.4473684210526316,0.06972683583160463,0.0525629955340066,1.3265384729927268,0.18801763702245117,1.7597043203298752,0.914212323823391,1.0
100033420|F|0-60:C>A-60:C>A,,,0.33157894736842103,0.07665686321279876,0.05790303203149653,1.3238834051229136,0.18889450755577947,1.7526672703598405,0.914212323823391,1.0
100013886|F|0-37:T>A-37:T>A,,,0.08421052631578947,0.11778978766186939,0.08907077172813853,1.3224291804879262,0.18937608171117598,1.7488189374059682,0.914212323823391,1.0
100044383|F|0-68:C>A-68:C>A,,,0.22105263157894736,0.07668342609589877,0.058054176892395795,1.3208942095248812,0.18988539288742126,1.744761512756361,0.914212323823391,1.0
100014472|F|0-31:C>A-31:C>A,,,0.49473684210526314,0.06662040715997115,0.05044036115123244,1.3207757763713668,0.1899247322046433,1.7444486514493867,0.914212323823391,1.0
100013622|F|0-50:C>T-50:C>T,,,0.18947368421052632,0.08315421767531396,0.06308090612841695,1.3182153329572148,0.19077671442726005,1.7376916640435007,0.914212323823391,1.0
100020066|F|0-27:G>C-27:G>C,,,0.45789473684210524,-0.0640853031714363,0.048621175702631685,-1.3180533429175718,0.19083071233497395,1.737264614776186,0.914212323823391,1.0
100018572|F|0-44:T>A-44:T>A,,,0.06842105263157895,0.12800439658316656,0.0971778322755383,1.3172180690367998,0.19110932485647872,1.7350634413970356,0.914212323823391,1.0
100020867|F|0-34:T>C-34:T>C,,,0.24736842105263157,0.09325074865250677,0.07094275638601097,1.3144505993693623,0.1920346120881848,1.7277803781824757,0.914212323823391,1.0
100035151|F|0-30:T>C-30:T>C,,,0.06315789473684211,0.1407104504818787,0.10717697442633947,1.3128794802710735,0.1925613948332636,1.7236525297168441,0.914212323823391,1.0
100045027|F|0-42:C>G-42:C>G,,,0.24210526315789474,-0.08702858779937009,0.06629623839963264,-1.3127228618125086,0.1926139667902409,1.7232413119252226,0.914212323823391,1.0
100018000|F|0-38:T>A-38:T>A,,,0.35789473684210527,0.06747375471832073,0.051452159033053495,1.3113882096759977,0.19306240329401028,1.7197390364772185,0.914212323823391,1.0
100028909|F|0-9:C>T-9:C>T,,,0.4368421052631579,-0.06540375865215926,0.04988221045124667,-1.311164001364432,0.19313781262208857,1.7191510384739879,0.914212323823391,1.0
100052563|F|0-36:T>C-36:T>C,,,0.20526315789473681,0.0812955317332626,0.06204811490852792,1.3102014759531284,0.19346179453517878,1.7166279075897561,0.914212323823391,1.0
100029840|F|0-31:T>C-31:T>C,,,0.26842105263157895,0.07904095179617614,0.060392092118335565,1.3087963841573658,0.19393547072934458,1.712947975183395,0.914212323823391,1.0
100015991|F|0-42:T>C-42:T>C,,,0.30526315789473685,-0.07269757044677856,0.05564334301369964,-1.306491783372543,0.19471425745678334,1.7069207800199675,0.914212323823391,1.0
100022149|F|0-63:C>T-63:C>T,,,0.10526315789473684,-0.11428930127595247,0.0875525577937886,-1.305379353338101,0.19509101125725112,1.7040152561213988,0.914212323823391,1.0
100018350|F|0-55:C>G-55:C>G,,,0.19473684210526315,0.07354578010548199,0.056439142011467464,1.3030988332625388,0.1958650684707943,1.69806656925019,0.914212323823391,1.0
100013697|F|0-16:T>C-16:T>C,,,0.4105263157894737,-0.07531798032867265,0.05780537276958424,-1.3029581286309622,0.19591290147540805,1.697699884965499,0.914212323823391,1.0
100021889|F|0-32:T>A-32:T>A,,,0.16842105263157894,0.08884079085207032,0.06828619654701981,1.301006577381964,0.19657723557842685,1.692618114391132,0.914212323823391,1.0
100044804|F|0-53:G>C-53:G>C,,,0.28651685393258425,-0.06966645345883796,0.05355078074197362,-1.3009418815855418,0.19659928758460912,1.69244977926333,0.914212323823391,1.0
100034038|F|0-64:A>C-64:A>C,,,0.37894736842105264,-0.07226724472660795,0.05556298018198756,-1.3006365837452971,0.1967033753063696,1.6916555229766372,0.914212323823391,1.0
100021166|F|0-38:T>C-38:T>C,,,0.3684210526315789,0.07041827176154718,0.05414834872116442,1.3004694219608492,0.19676038453990236,1.6912207174551854,0.914212323823391,1.0
100021780|F|0-9:A>G-9:A>G,Vu04 (old11),742456.0,0.3157894736842105,0.07889276964024702,0.06083637034445557,1.296802705249444,0.19801398613623228,1.6816972563422763,0.914212323823391,1.0
100017892|F|0-32:A>G-32:A>G,,,0.4105263157894737,-0.07032385249354527,0.05423711299233998,-1.2966002173360012,0.1980833867424315,1.6811721235957655,0.914212323823391,1.0
100014086|F|0-61:C>T-61:C>T,,,0.06842105263157895,0.11321586078307634,0.08735604752217936,1.29602773928538,0.1982796954485201,1.679687900997173,0.914212323823391,1.0
100038486|F|0-9:G>A-9:G>A,,,0.06315789473684211,-0.14066876021651803,0.1086146870200046,-1.295117300210143,0.19859219243340084,1.6773288213036097,0.914212323823391,1.0
100030054|F|0-16:G>A-16:G>A,,,0.3263157894736842,0.069746963619312,0.05404996632506247,1.2904164120999828,0.20021154136443667,1.6651745166169927,0.914212323823391,1.0
100041891|F|0-46:G>A-46:G>A,,,0.10526315789473684,0.09969468278074649,0.0773764926747539,1.2884363110099262,0.20089656743688855,1.6600681275288671,0.914212323823391,1.0
100034432|F|0-24:T>A-24:T>A,,,0.12631578947368421,0.12208489876627937,0.0949656100616586,1.2855695728907859,0.2018914088916234,1.6526891267425976,0.914212323823391,1.0
100019628|F|0-65:T>G-65:T>G,,,0.3526315789473684,-0.07020314688175708,0.05474091870755551,-1.2824619779731141,0.20297395424922632,1.6447087249467123,0.914212323823391,1.0
100028792|F|0-46:G>T-46:G>T,,,0.14736842105263157,-0.08155140456545525,0.0638059877309714,-1.2781152281397914,0.204495367796421,1.633578536402831,0.914212323823391,1.0
100019334|F|0-53:T>C-53:T>C,Vu04 (old11),4731471.0,0.08947368421052632,0.10334578004408998,0.08086624433503768,1.2779841687208464,0.20454137075911424,1.6332435355011128,0.914212323823391,1.0
100059434|F|0-15:G>A-15:G>A,,,0.4263157894736842,-0.06489280290964063,0.050786749785956535,-1.2777506570736423,0.20462335428327447,1.6326467416521246,0.914212323823391,1.0
100040460|F|0-10:G>A-10:G>A,,,0.43157894736842106,0.08018149281409458,0.06277077301378024,1.277369848488119,0.20475710435874142,1.6316737298265602,0.914212323823391,1.0
100019141|F|0-40:G>A-40:G>A,,,0.1631578947368421,0.07868761659303712,0.06173131159712895,1.2746791629273724,0.20570398678597807,1.6248069684012267,0.914212323823391,1.0
100018641|F|0-26:C>A-26:C>A,,,0.1736842105263158,-0.0938344880069605,0.07369276464587675,-1.273320229711462,0.20618343830885788,1.6213444073924506,0.914212323823391,1.0
100016574|F|0-9:G>A-9:G>A,,,0.2,0.07830044772568957,0.06156953894915219,1.2717400367469824,0.2067419905992337,1.6173227210652164,0.914212323823391,1.0
100018520|F|0-35:A>G-35:A>G,,,0.07446808510638298,-0.10353154493264195,0.08149733893308203,-1.2703671836162937,0.20722816022188034,1.6138327812091942,0.914212323823391,1.0
100043126|F|0-48:T>A-48:T>A,Vu09 (old8),11448295.0,0.1631578947368421,0.08427521927999453,0.06648907114696276,1.2675048369034743,0.2082445170357952,1.606568511573703,0.914212323823391,1.0
100044498|F|0-24:C>T-24:C>T,,,0.4148936170212766,0.06906169209424745,0.05450738463656238,1.2670153329632028,0.20841869648731412,1.6053278539638556,0.914212323823391,1.0
100044970|F|0-28:C>T-28:C>T,,,0.18421052631578946,0.07843192703086986,0.062036484005092526,1.2642871092506056,0.20939144337956428,1.5984218946172528,0.914212323823391,1.0
100035152|F|0-15:C>A-15:C>A,,,0.4894736842105263,-0.07202673792800535,0.05702621188893037,-1.2630461596904143,0.20983500790587398,1.5952856015087036,0.914212323823391,1.0
100018271|F|0-48:A>G-48:A>G,,,0.38421052631578945,0.0772605671929145,0.06117990883030701,1.2628421432795849,0.20990799760477888,1.5947702788429756,0.914212323823391,1.0
100034179|F|0-50:C>T-50:C>T,,,0.4263157894736842,-0.07396430329462943,0.058723677233805095,-1.2595311938682692,0.21109514922874084,1.5864188283272274,0.914212323823391,1.0
100034541|F|0-64:G>T-64:G>T,,,0.07368421052631578,-0.09557469545275525,0.0759385807156681,-1.2585789008963624,0.21143750935988942,1.5840208497814956,0.914212323823391,1.0
100019409|F|0-55:T>C-55:T>C,Vu08 (old5),17257027.0,0.2,-0.10839049508338201,0.08622208010002365,-1.257108329532777,0.21196699793872453,1.580321352180689,0.914212323823391,1.0
100034184|F|0-46:T>C-46:T>C,,,0.1947368421052632,0.08579263050259799,0.06825844265199664,1.2568794008383144,0.21204951272823702,1.5797458282516803,0.914212323823391,1.0
100028334|F|0-33:A>C-33:A>C,,,0.43157894736842106,0.07572759866011841,0.0603075124080469,1.2556909684441566,0.21247824914923785,1.5767598082322238,0.914212323823391,1.0
100059436|F|0-49:A>C-49:A>C,,,0.3157894736842105,-0.10110928185689314,0.08065604989948369,-1.2535858374281776,0.21323925378339229,1.5714774518005055,0.914212323823391,1.0
100059437|F|0-44:G>C-44:G>C,,,0.3157894736842105,-0.10110928185689314,0.08065604989948369,-1.2535858374281776,0.21323925378339229,1.5714774518005055,0.914212323823391,1.0
100015009|F|0-50:G>A-50:G>A,,,0.3263157894736842,-0.07169044054133888,0.05719979795609431,-1.253333807164273,0.21333049660164116,1.570845632180891,0.914212323823391,1.0
100017265|F|0-28:G>A-28:G>A,Vu03 (old3),52001826.0,0.4263157894736842,-0.06230519580220481,0.049842374233859225,-1.250044701118577,0.21452388323021637,1.5626117547946323,0.914212323823391,1.0
100036149|F|0-36:T>A-36:T>A,,,0.05789473684210526,-0.10709986290975898,0.08572503167625807,-1.2493417711902783,0.21477956084667327,1.5608548612408617,0.914212323823391,1.0
100015098|F|0-61:T>G-61:T>G,,,0.08152173913043478,0.09202449466191572,0.07371002834125191,1.2484664126823308,0.21509826826561784,1.5586683835958879,0.914212323823391,1.0
100028703|F|0-9:T>G-9:T>G,,,0.45789473684210524,0.06815680746327811,0.05460830306264533,1.2481033769734662,0.2152305467678971,1.5577620396125702,0.914212323823391,1.0
100014707|F|0-12:T>C-12:T>C,,,0.32105263157894737,-0.06573866782555941,0.05278462034023852,-1.2454132927701635,0.2162125839335375,1.5510542698086212,0.914212323823391,1.0
100021287|F|0-39:T>A-39:T>A,,,0.24736842105263157,-0.08467733835953388,0.06803978581250614,-1.2445268213053318,0.2165369149582936,1.5488470089483533,0.914212323823391,1.0
100034599|F|0-15:A>G-15:A>G,,,0.3736842105263158,-0.09303204895178385,0.07481801564119825,-1.2434444853220101,0.2169333889347828,1.5461541880777188,0.914212323823391,1.0
100046635|F|0-47:T>A-47:T>A,,,0.3473684210526316,0.06473522892365516,0.05228205437730413,1.2381921424984594,0.21886493366877582,1.5331197817449254,0.914212323823391,1.0
100016517|F|0-35:T>A-35:T>A,,,0.24210526315789474,-0.07538347709580251,0.06096214560599436,-1.2365620721917325,0.21946693684923566,1.5290857583831114,0.914212323823391,1.0
100015308|F|0-63:C>T-63:C>T,,,0.4,-0.06252327172744078,0.05062165741885241,-1.2351091393573375,0.2200045390786123,1.5254945861240228,0.914212323823391,1.0
100029687|F|0-47:A>T-47:A>T,,,0.20526315789473684,-0.07886249742754296,0.06395895872210365,-1.2330172192169975,0.2207802605287416,1.5203314628856173,0.914212323823391,1.0
100017910|F|0-52:G>A-52:G>A,,,0.2736842105263158,0.0658783018020478,0.05347514795267569,1.2319423942566485,0.22117959945214505,1.5176820627668037,0.914212323823391,1.0
100040976|F|0-5:T>C-5:T>C,,,0.3105263157894737,0.07835983415879769,0.06365827227161697,1.2309450345188782,0.22155062766876696,1.5152256780066822,0.914212323823391,1.0
100020314|F|0-31:G>A-31:G>A,,,0.4052631578947368,0.061014575182375706,0.049572029386443686,1.2308266564342265,0.22159469563527104,1.5149342581890575,0.914212323823391,1.0
100020245|F|0-28:G>T-28:G>T,,,0.2736842105263158,0.07345848466933866,0.059748888623114206,1.2294535741526884,0.22210631216289364,1.5115560909968202,0.914212323823391,1.0
100029664|F|0-7:G>A-7:G>A,,,0.33157894736842103,0.0702086592347688,0.05761058558501067,1.218676368619241,0.22615183760473245,1.4851720914309803,0.914212323823391,1.0
100033227|F|0-6:A>G-6:A>G,Vu08 (old5),23496197.0,0.43617021276595747,-0.06226678156411751,0.051103900021234196,-1.2184350223416416,0.22624304178578336,1.4845839036686765,0.914212323823391,1.0
100015734|F|0-6:T>C-6:T>C,,,0.34042553191489366,-0.06586025768515867,0.05411254263954211,-1.2170978200723477,0.22674885085651908,1.4813271036248608,0.914212323823391,1.0
100014274|F|0-12:C>T-12:C>T,,,0.07894736842105263,0.11520100623801277,0.09465535128902425,1.2170575109510042,0.22676411087512532,1.4812289849622537,0.914212323823391,1.0
100018873|F|0-22:A>T-22:A>T,,,0.33157894736842103,-0.06605353305424795,0.05440913445856173,-1.214015508821495,0.22791788595827506,1.4738336556591134,0.914212323823391,1.0
100058672|F|0-30:C>T-30:C>T,,,0.18681318681318682,-0.09426655928527355,0.07787164472731252,-1.2105376689470477,0.2292421694285909,1.4654014479397521,0.914212323823391,1.0
100034218|F|0-27:A>T-27:A>T,Vu06 (old6),33123517.0,0.32105263157894737,-0.0676718030693691,0.05610463974860396,-1.2061712431020994,0.23091267777266666,1.4548490676864638,0.914212323823391,1.0
100014947|F|0-16:G>C-16:G>C,,,0.12105263157894737,0.0802297529750627,0.06657887900131657,1.205033100264067,0.23134955023716988,1.452104772732029,0.914212323823391,1.0
100013138|F|0-58:G>A-58:G>A,,,0.4263157894736842,0.05677957684054366,0.04721187699659136,1.202654510953739,0.23226449072663308,1.446377872717377,0.914212323823391,1.0
100052713|F|0-20:C>T-20:C>T,,,0.17894736842105263,0.07292186170029649,0.060654984964123505,1.202240207353586,0.2324241220610478,1.4453815161775936,0.914212323823391,1.0
100034572|F|0-53:G>A-53:G>A,,,0.17894736842105263,-0.06999192692898826,0.058326608047536546,-1.1999999532279402,0.233288664151384,1.4399998877470586,0.914212323823391,1.0
100016750|F|0-47:G>A-47:G>A,,,0.24210526315789474,0.0763542897669597,0.06369446005150574,1.1987587257230337,0.23376866635035048,1.4370224824971114,0.914212323823391,1.0
100029165|F|0-15:A>T-15:A>T,,,0.3263157894736842,0.07223173974797653,0.06027695122337149,1.1983310084862047,0.23393423610692843,1.4359972058995643,0.914212323823391,1.0
100017329|F|0-16:T>C-16:T>C,,,0.2,0.0753140447209978,0.06295278762794779,1.1963575809558313,0.2346992461023092,1.4312714615104885,0.914212323823391,1.0
100018705|F|0-34:T>C-34:T>C,Vu07 (old2),39159477.0,0.35789473684210527,-0.07219611302340735,0.060463305517574,-1.1940483968813638,0.23559669913691664,1.425751574094955,0.914212323823391,1.0
100015510|F|0-57:A>C-57:A>C,,,0.4263157894736842,-0.060168434588394354,0.05044782190088675,-1.192686469330735,0.2361271617308577,1.4225010141246144,0.914212323823391,1.0
100013240|F|0-26:A>G-26:A>G,,,0.14210526315789473,0.08645738523384247,0.07259877431019109,1.1908931804335707,0.23682694627630863,1.4182265672031853,0.914212323823391,1.0
100022102|F|0-51:T>G-51:T>G,,,0.5,-0.057839262643096176,0.04858116963748155,-1.1905695781863552,0.2369533822554196,1.4174559205028359,0.914212323823391,1.0
100040750|F|0-21:T>G-21:T>G,Vu09 (old8),38024670.0,0.3157894736842105,0.071165331931727,0.059887410971526056,1.188318726377454,0.23783416411428066,1.4121013954593342,0.914212323823391,1.0
100033600|F|0-16:A>G-16:A>G,,,0.14210526315789473,-0.08846308389432525,0.07445575971469935,-1.1881294910333247,0.237908320872784,1.411651687463107,0.914212323823391,1.0
100021054|F|0-18:A>G-18:A>G,,,0.3010752688172043,-0.05791264019683747,0.04875744818280375,-1.1877701224171666,0.23804919444540235,1.410797863706891,0.914212323823391,1.0
100036017|F|0-28:C>A-28:C>A,,,0.26842105263157895,-0.06947776880598915,0.05851710081167618,-1.187307092153922,0.2382307919662724,1.4096981310790018,0.914212323823391,1.0
100041373|F|0-34:A>C-34:A>C,,,0.08421052631578947,0.10594202265278954,0.08928483382250076,1.1865623546256856,0.23852308182930004,1.4079302214148512,0.914212323823391,1.0
100013424|F|0-13:C>A-13:C>A,,,0.21578947368421053,0.06487266217300633,0.05469163986152443,1.1861531732685209,0.23868378422860806,1.4069593504549818,0.914212323823391,1.0
100017856|F|0-8:G>C-8:G>C,,,0.24210526315789474,0.07623774422344211,0.06428961750287336,1.1858484648790255,0.23880350623745059,1.4062365816559415,0.914212323823391,1.0
100036086|F|0-33:A>G-33:A>G,,,0.4368421052631579,0.06398274479271103,0.054020182183886045,1.1844229731568134,0.2393641638839165,1.4028577793416257,0.914212323823391,1.0
100043501|F|0-12:T>G-12:T>G,,,0.4368421052631579,0.06398274479271103,0.054020182183886045,1.1844229731568134,0.2393641638839165,1.4028577793416257,0.914212323823391,1.0
100019068|F|0-18:T>C-18:T>C,,,0.22105263157894736,-0.06603581002863232,0.05578193316603472,-1.1838207512829821,0.23960130609662583,1.4014315711682042,0.914212323823391,1.0
100013964|F|0-14:T>G-14:T>G,,,0.18947368421052632,0.07012645138250259,0.059515299943997464,1.1782928330780484,0.2417859542902142,1.3883740004830938,0.914212323823391,1.0
100033391|F|0-52:T>C-52:T>C,,,0.43157894736842106,-0.055550690023034824,0.04717756725135598,-1.1774810203134878,0.2421079813210431,1.3864615531984923,0.914212323823391,1.0
100018802|F|0-14:G>A-14:G>A,Vu01 (old4),30676663.0,0.37894736842105264,-0.07660476698939231,0.06506170639345511,-1.1774171203892427,0.24213334193633626,1.3863110753856964,0.914212323823391,1.0
100013491|F|0-20:G>A-20:G>A,,,0.06315789473684211,0.10514655991096458,0.08933816523826493,1.1769500708967848,0.24231876233613048,1.3852114693839468,0.914212323823391,1.0
100017546|F|0-5:C>G-5:C>G,,,0.06315789473684211,-0.11516952103970733,0.09789774137592071,-1.1764267430590065,0.24252664606032828,1.3839798817844218,0.914212323823391,1.0
100015147|F|0-16:C>G-16:C>G,,,0.4263157894736842,-0.06677067321382202,0.05691143865091607,-1.173238188958473,0.24379600439801663,1.3764878480305578,0.914212323823391,1.0
100020264|F|0-33:T>A-33:T>A,,,0.2578947368421053,-0.0675505463427911,0.057626391124020696,-1.1722154558908977,0.24420415611653792,1.3740890750295052,0.914212323823391,1.0
100013065|F|0-5:C>A-5:C>A,,,0.4789473684210526,-0.059060416069536124,0.05046783962021481,-1.1702584559589424,0.24498651385354023,1.369504853743408,0.914212323823391,1.0
100015701|F|0-21:C>G-21:C>G,,,0.05789473684210526,0.1108638284585187,0.09480209782870833,1.1694237891109884,0.24532073538297608,1.3675519985387015,0.914212323823391,1.0
100041853|F|0-21:T>C-21:T>C,,,0.15217391304347827,0.08150050589970796,0.06969636193877136,1.1693652815236841,0.2453441754784711,1.367415161632965,0.914212323823391,1.0
100020208|F|0-26:C>G-26:C>G,,,0.10526315789473684,-0.09469749697934454,0.08102540632817905,-1.1687383164212606,0.2455954589342983,1.3659492522712027,0.914212323823391,1.0
100035171|F|0-38:C>T-38:C>T,,,0.25263157894736843,0.06586694328208927,0.05644307486240855,1.1669623499898492,0.24630825049390073,1.3618011262938312,0.914212323823391,1.0
100030143|F|0-33:C>T-33:C>T,,,0.29473684210526313,0.06767461511286725,0.05802583869299957,1.1662841354334743,0.24658084334256125,1.3602186845638067,0.914212323823391,1.0
100040575|F|0-64:T>C-64:T>C,,,0.3368421052631579,-0.0689790533287632,0.0591919044211252,-1.1653460722940523,0.24695823050296684,1.3580314682111745,0.914212323823391,1.0
100034130|F|0-64:A>T-64:A>T,,,0.2578947368421053,0.07032451010161787,0.060400416306580974,1.1643050561880914,0.2473775174432258,1.3556062638651547,0.914212323823391,1.0
100018158|F|0-47:G>T-47:G>T,contig_292,2803.0,0.18947368421052632,0.08397847827775581,0.07224994940428686,1.162332693243008,0.24817330929347675,1.3510172897815447,0.914212323823391,1.0
100013547|F|0-56:A>T-56:A>T,,,0.20526315789473684,0.07186894608923172,0.06184082656772107,1.162160179255188,0.248243000249805,1.350616282246451,0.914212323823391,1.0
100013604|F|0-58:C>T-58:C>T,,,0.1631578947368421,0.06752261424348643,0.05810473423898045,1.1620845552063097,0.24827355469597817,1.3504405134490467,0.914212323823391,1.0
100029329|F|0-43:G>A-43:G>A,,,0.07894736842105263,0.10171919047282678,0.08756430438431898,1.1616513279929928,0.24844864339836698,1.3494338078278836,0.914212323823391,1.0
100015232|F|0-9:G>T-9:G>T,Vu01 (old4),18488835.0,0.37894736842105264,0.06446434122933083,0.05549591065381343,1.1616052510871109,0.24846727053726958,1.34932675935315,0.914212323823391,1.0
100013548|F|0-31:T>C-31:T>C,,,0.18947368421052632,-0.07192273117042668,0.06197615651970905,-1.1604903435332345,0.2489182880155303,1.3467378374338848,0.914212323823391,1.0
100032980|F|0-45:T>A-45:T>A,,,0.5,-0.06180744014848948,0.053260181949959885,-1.1604812053882974,0.24892198710464966,1.3467166280594756,0.914212323823391,1.0
100013459|F|0-42:G>A-42:G>A,,,0.05789473684210526,0.12530482064022916,0.10806763088193735,1.1595037257467338,0.2493178931278893,1.344448890020557,0.914212323823391,1.0
100014400|F|0-16:A>T-16:A>T,,,0.1736842105263158,0.07477438882345334,0.06448892093603123,1.1594920141030833,0.24932263937563653,1.3444217307688249,0.914212323823391,1.0
100040406|F|0-25:G>A-25:G>A,,,0.13333333333333333,-0.08312374779958367,0.07177152776337362,-1.1581716369984159,0.24985814568092685,1.3413615407475903,0.914212323823391,1.0
100054560|F|0-33:A>G-33:A>G,,,0.09042553191489362,0.10341258492426797,0.08936697874724077,1.157167741082003,0.25026584283577435,1.3390371810008255,0.914212323823391,1.0
100035486|F|0-5:T>C-5:T>C,,,0.17553191489361702,-0.071974576489303,0.06223088743162955,-1.1565731979698735,0.25050751828435036,1.33766156226226,0.914212323823391,1.0
100029321|F|0-48:C>A-48:C>A,,,0.05789473684210526,0.1201369125802295,0.10390778826583202,1.1561877563294656,0.2506642847011076,1.3367701278861637,0.914212323823391,1.0
100016689|F|0-47:G>T-47:G>T,,,0.18421052631578946,0.07143562887785006,0.06184676863911007,1.1550422188537153,0.25113060745130217,1.3341225273345139,0.914212323823391,1.0
100035736|F|0-29:C>T-29:C>T,Vu04 (old11),30896897.0,0.4105263157894737,-0.06692728231196182,0.058144064072533454,-1.151059585867123,0.25275663698761536,1.324938170216593,0.914212323823391,1.0
100017048|F|0-68:G>T-68:G>T,,,0.15789473684210525,0.07408623016008141,0.06437819676201693,1.1507969139606626,0.2528641422774749,1.3243335371813847,0.914212323823391,1.0
100028785|F|0-15:C>T-15:C>T,,,0.14210526315789473,0.07949048574139966,0.06915368825452738,1.1494757220876872,0.25340536548917714,1.32129443566901,0.914212323823391,1.0
100049328|F|0-63:A>C-63:A>C,Vu08 (old5),12604325.0,0.3736842105263158,0.06998222413479588,0.06114782997205454,1.144476004574141,0.25546091097391543,1.309825325045989,0.914212323823391,1.0
100032947|F|0-56:G>C-56:G>C,,,0.24193548387096775,-0.07051044255914131,0.06184366194072378,-1.1401401590145892,0.2572530343821004,1.2999195821978127,0.914212323823391,1.0
100019282|F|0-52:T>A-52:T>A,Vu04 (old11),1200237.0,0.3263157894736842,0.06555361121696555,0.057533680761463556,1.1393954002135356,0.25756175406405324,1.298221878027763,0.914212323823391,1.0
100047334|F|0-54:C>T-54:C>T,,,0.12631578947368421,0.0924988442750489,0.08121921386740309,1.138878842462828,0.2577760325756445,1.297045017809471,0.914212323823391,1.0
100033542|F|0-31:T>C-31:T>C,,,0.06842105263157895,-0.09603149193948148,0.08435798947938976,-1.1383805201159254,0.257982865784869,1.2959102085794048,0.914212323823391,1.0
100044112|F|0-25:G>A-25:G>A,,,0.1473684210526316,-0.08063746269498656,0.07094074863546686,-1.13668750677198,0.25868644029972604,1.2920584880515,0.914212323823391,1.0
100035301|F|0-17:C>T-17:C>T,,,0.2789473684210526,0.07206737035600438,0.06359409906198214,1.1332398983396832,0.2601233584223579,1.2842326671889355,0.914212323823391,1.0
100032976|F|0-16:C>T-16:C>T,,,0.1578947368421053,-0.06938476142875438,0.061227128947031376,-1.1332355872636182,0.2601251587316991,1.2842228962407176,0.914212323823391,1.0
100049137|F|0-53:C>A-53:C>A,,,0.05263157894736842,-0.11106420372102324,0.09829507503492647,-1.1299060881896636,0.2615181796940196,1.276687768128068,0.914212323823391,1.0
100035865|F|0-64:G>A-64:G>A,,,0.3932584269662921,0.04845491227789941,0.042904149166129855,1.1293759046537981,0.2617404848958657,1.275489934012585,0.914212323823391,1.0
100035177|F|0-15:C>A-15:C>A,,,0.4473684210526315,0.058375011498567546,0.051734765557905606,1.1283517160859589,0.262170301630593,1.2731775951941282,0.914212323823391,1.0
100014666|F|0-59:T>C-59:T>C,,,0.2631578947368421,-0.06654938984135823,0.05901983845843802,-1.1275766179574103,0.2624959130632272,1.2714290293642716,0.914212323823391,1.0
100012937|F|0-46:C>T-46:C>T,,,0.07894736842105263,0.10262685042397436,0.09104995518365665,1.1271488296393555,0.26267574447278663,1.270464484157369,0.914212323823391,1.0
100054119|F|0-9:A>T-9:A>T,,,0.20526315789473684,0.06857101323346668,0.06084730962146395,1.1269358277309631,0.2627653173453213,1.269984359823671,0.914212323823391,1.0
100020579|F|0-68:T>C-68:T>C,Vu03 (old3),51968724.0,0.39473684210526316,-0.06539236719651555,0.05819380632545888,-1.1236997770999455,0.2641287991467591,1.2627011890544673,0.914212323823391,1.0
100014109|F|0-25:C>A-25:C>A,,,0.08421052631578947,-0.09695627707272872,0.08637227910664166,-1.1225392924160222,0.26461896560136255,1.2600944630178639,0.914212323823391,1.0
100017422|F|0-41:T>A-41:T>A,,,0.13157894736842105,0.08263457887066604,0.0736599404494644,1.1218387955032196,0.26491515040516067,1.2585222830961147,0.914212323823391,1.0
100014677|F|0-27:A>C-27:A>C,Vu01 (old4),38105105.0,0.48947368421052634,-0.05754001094126387,0.05136858908373834,-1.1201399915318913,0.2656344048006627,1.2547136006290653,0.914212323823391,1.0
100058921|F|0-26:G>A-26:G>A,,,0.13736263736263732,0.08144179664150482,0.07279511192071947,1.118781117201968,0.266210720247955,1.2516711882076834,0.914212323823391,1.0
100018629|F|0-63:G>A-63:G>A,,,0.4473684210526316,-0.0593763424436196,0.05314098160333122,-1.1173361998999565,0.26682448680496185,1.2484401836068755,0.914212323823391,1.0
100022245|F|0-8:T>C-8:T>C,,,0.37894736842105264,-0.056261270662198694,0.05038960204514312,-1.116525401645269,0.26716932781534813,1.2466289725191293,0.914212323823391,1.0
100014347|F|0-68:T>C-68:T>C,,,0.11052631578947368,-0.08839964119883757,0.07941754263092102,-1.1130996788664096,0.2686297625685398,1.2389908950925042,0.914212323823391,1.0
100040746|F|0-42:G>A-42:G>A,Vu07 (old2),31266697.0,0.4368421052631579,0.0537273096285062,0.04828819060724259,1.1126387001224232,0.2688267091177216,1.2379648770101155,0.914212323823391,1.0
100033115|F|0-33:C>G-33:C>G,,,0.4263157894736842,-0.06703095644427315,0.06044293897443038,-1.1089956508009935,0.2703866957346699,1.229871353495519,0.914212323823391,1.0
100056408|F|0-52:A>T-52:A>T,,,0.4368421052631579,-0.05927117701811863,0.05346792061964879,-1.108537162680256,0.2705834706622129,1.2288546410431924,0.914212323823391,1.0
100058965|F|0-54:C>G-54:C>G,,,0.46842105263157896,-0.06765715232101914,0.06103306562118126,-1.1085327540476522,0.2705853632530741,1.2288448667964724,0.914212323823391,1.0
100030458|F|0-10:C>T-10:C>T,,,0.16842105263157894,0.07276601909198856,0.06574019667121898,1.1068725494678278,0.2712987318662616,1.2251668407654088,0.914212323823391,1.0
100013630|F|0-30:A>G-30:A>G,,,0.3631578947368421,-0.06574866790478315,0.059410114809250875,-1.1066914803292938,0.27137661410413233,1.2247660326334435,0.914212323823391,1.0
100014717|F|0-5:C>A-5:C>A,,,0.23157894736842105,0.06619385752209025,0.05984421492069797,1.1061028640747725,0.2716298998406222,1.2234635459144148,0.914212323823391,1.0
100032801|F|0-46:T>A-46:T>A,,,0.21578947368421053,0.06810113117833716,0.06157328663575427,1.1060174776961202,0.2716666558695213,1.223274660969288,0.914212323823391,1.0
100014566|F|0-58:T>A-58:T>A,,,0.06842105263157895,-0.10375150920046512,0.09392873014729888,-1.1045769386827882,0.2722872826282355,1.22009021346984,0.914212323823391,1.0
100019295|F|0-19:G>T-19:G>T,,,0.14361702127659573,0.08122057472795963,0.07361402603967654,1.1033301545575473,0.27282522998256503,1.2173374299559814,0.914212323823391,1.0
100018671|F|0-6:A>T-6:A>T,Vu11 (old9),36066452.0,0.2631578947368421,0.0647173013242428,0.05877558136428759,1.101091640814725,0.2737929308836066,1.2124028014720636,0.914212323823391,1.0
100038956|F|0-22:A>T-22:A>T,Vu08 (old5),7476338.0,0.06842105263157895,0.10657022659822349,0.09682134603789685,1.1006893723261275,0.27396708252298513,1.2115170943516846,0.914212323823391,1.0
100033181|F|0-15:C>A-15:C>A,,,0.39473684210526316,-0.06289784013252198,0.057182788456513714,-1.0999435639686308,0.274290164362776,1.2098758439160133,0.914212323823391,1.0
100013978|F|0-64:G>A-64:G>A,,,0.17894736842105263,0.06233964729850824,0.05669422485126065,1.0995766757912038,0.2744491962435206,1.209068865944034,0.914212323823391,1.0
100041722|F|0-10:C>T-10:C>T,,,0.1631578947368421,0.06818015488145913,0.06214524962283248,1.0971096792635522,0.275520206975337,1.2036496483337744,0.914212323823391,1.0
100040405|F|0-35:T>A-35:T>A,,,0.05789473684210526,0.1156074682167494,0.10548565012465573,1.0959544552281035,0.27602272627029556,1.2011161679343292,0.914212323823391,1.0
100044383|F|0-11:A>T-11:A>T,,,0.24210526315789474,0.06595929704058857,0.060223673805815586,1.0952386806103336,0.27633440498493456,1.1995477675050643,0.914212323823391,1.0
100017001|F|0-30:T>G-30:T>G,,,0.46842105263157896,0.04927493767608024,0.045065329082100564,1.093411247176528,0.27713125356243196,1.1955481554521306,0.914212323823391,1.0
100020488|F|0-58:T>G-58:T>G,,,0.23684210526315788,0.06029345119998528,0.05540281734121834,1.0882741003701346,0.27937981701674724,1.1843405175364259,0.914212323823391,1.0
100021959|F|0-60:G>A-60:G>A,Vu02 (old7),21244140.0,0.2631578947368421,0.0683680563311515,0.06294342453340988,1.0861826606663618,0.28029885692532563,1.179792772332257,0.914212323823391,1.0
100014043|F|0-61:T>G-61:T>G,,,0.1736842105263158,-0.07299347924734974,0.06723713641764165,-1.0856125518783657,0.28054974122014475,1.1785546127958573,0.914212323823391,1.0
100021616|F|0-67:G>T-67:G>T,,,0.15263157894736842,0.07378537604134766,0.0679947717010533,1.085162494048122,0.2807479049139874,1.1775776384887402,0.914212323823391,1.0
100014991|F|0-45:T>G-45:T>G,,,0.08421052631578947,0.09719121806379914,0.08965833653928117,1.0840176364550067,0.28125242943101564,1.175094236145499,0.914212323823391,1.0
100014256|F|0-11:C>T-11:C>T,,,0.3,0.05515795261314954,0.05108875758555991,1.0796495201664442,0.28318314961550545,1.1656430863956333,0.914212323823391,1.0
100014340|F|0-44:A>G-44:A>G,,,0.06842105263157895,0.10617252615559371,0.09845520099815173,1.078384128813945,0.2837441578103306,1.1629123292778112,0.914212323823391,1.0
100015812|F|0-66:A>T-66:A>T,,,0.46842105263157896,-0.06202503322533824,0.057559879646364,-1.0775740603769017,0.2841037011421318,1.1611658555971627,0.914212323823391,1.0
100040444|F|0-34:C>A-34:C>A,Vu02 (old7),25326701.0,0.11052631578947368,-0.0789349356830397,0.07346006068197514,-1.0745285935001676,0.28545821530810894,1.1546116982494485,0.914212323823391,1.0
100018223|F|0-41:G>A-41:G>A,Vu09 (old8),16423359.0,0.21578947368421053,0.06143597899761448,0.05732815505604319,1.071654563757643,0.28674054541066474,1.148443504022584,0.914212323823391,1.0
100021017|F|0-55:C>T-55:C>T,,,0.33157894736842103,0.05763856010669313,0.053915102360985866,1.0690614982194977,0.2879009042278475,1.142892486975317,0.914212323823391,1.0
100032755|F|0-61:C>T-61:C>T,Vu11 (old9),32264867.0,0.09473684210526316,-0.0893613577478715,0.08366241876023518,-1.068118267103521,0.2883237839543644,1.1408766325202286,0.914212323823391,1.0
100016739|F|0-27:A>C-27:A>C,Vu02 (old7),30482677.0,0.28421052631578947,0.06155642737706543,0.05764953805105425,1.067769655370894,0.2884801851068389,1.1401320369308776,0.914212323823391,1.0
100038715|F|0-41:T>A-41:T>A,,,0.4473684210526316,-0.06236154195468045,0.05847559985443681,-1.0664540784518142,0.28907092919699273,1.1373243014465082,0.914212323823391,1.0
100013288|F|0-37:A>T-37:A>T,,,0.1736842105263158,0.06745092700802133,0.06342960678525893,1.0633981578409684,0.2904463501703037,1.130815642099565,0.914212323823391,1.0
100021690|F|0-12:G>A-12:G>A,,,0.2894736842105263,0.06265825769510763,0.058933076302170304,1.063210367194087,0.29053101751527727,1.1304162849089852,0.914212323823391,1.0
100019248|F|0-30:G>A-30:G>A,Vu02 (old7),25315767.0,0.15760869565217392,0.06529395216900155,0.06145450048617975,1.062476330495685,0.2908621274806522,1.1288559528635762,0.914212323823391,1.0
100015956|F|0-13:C>T-13:C>T,,,0.3368421052631579,-0.06331524937696914,0.059600002896828354,-1.0623363473081056,0.29092530051633103,1.128558514811928,0.914212323823391,1.0
100018771|F|0-36:T>G-36:T>G,,,0.37894736842105264,-0.05764980930382241,0.05429885666086491,-1.0617131344751252,0.291206664202733,1.1272347799169953,0.914212323823391,1.0
100019372|F|0-56:G>A-56:G>A,,,0.14516129032258063,0.09646923959349159,0.09093662043842375,1.060840386726425,0.2916009987125277,1.1253823261098712,0.914212323823391,1.0
100021519|F|0-20:C>T-20:C>T,,,0.3894736842105263,0.05591055295657536,0.052826211297822945,1.0583865770983187,0.29271166067071996,1.1201821465818953,0.914212323823391,1.0
100017269|F|0-12:A>G-12:A>G,,,0.11578947368421053,0.10941497849277435,0.10341430010874834,1.058025615197471,0.2928752853262843,1.119418202413987,0.914212323823391,1.0
100017545|F|0-17:T>C-17:T>C,,,0.05263157894736842,0.11356867384657386,0.10737681709392273,1.0576647447766598,0.293038930909459,1.118654712343477,0.914212323823391,1.0
100017806|F|0-40:A>G-40:A>G,Vu10 (old10),40484034.0,0.4105263157894737,-0.05630672891814181,0.05327974986361963,-1.0568129366648746,0.29342545173248213,1.1168535831022364,0.914212323823391,1.0
100019433|F|0-7:G>A-7:G>A,,,0.49473684210526314,0.05959897077652392,0.05641285659862274,1.056478511637345,0.29357729718804987,1.1161468455514596,0.914212323823391,1.0
100038761|F|0-32:T>C-32:T>C,,,0.11052631578947368,-0.08459682229198788,0.0801593854794376,-1.055357670047116,0.2940866053505335,1.1137798117272772,0.914212323823391,1.0
100034887|F|0-39:C>G-39:C>G,,,0.12105263157894737,0.0764605642109413,0.07247265195276109,1.0550264430888991,0.29423722945751885,1.113080795616814,0.914212323823391,1.0
100016832|F|0-65:T>A-65:T>A,,,0.07894736842105263,-0.08861494762166149,0.08406747033874377,-1.054093185682809,0.2946619072432699,1.111112444102933,0.914212323823391,1.0
100013031|F|0-8:C>T-8:C>T,,,0.39473684210526316,0.0603227051778554,0.05727712670963822,1.053172682415731,0.2950811902207882,1.1091726989867463,0.914212323823391,1.0
100032809|F|0-26:G>A-26:G>A,,,0.08421052631578947,0.10127369771188117,0.09616886525258016,1.0530819662464932,0.2951225328053846,1.1089816276335802,0.914212323823391,1.0
100033945|F|0-15:G>T-15:G>T,,,0.3894736842105263,-0.09760172642226082,0.09282818127782638,-1.0514234479090747,0.2958790740087892,1.1054912668130068,0.914212323823391,1.0
100029336|F|0-36:T>A-36:T>A,,,0.06315789473684211,0.08706432896059679,0.08286608182003459,1.0506630342397483,0.2962263813546425,1.1038928115178746,0.914212323823391,1.0
100013484|F|0-22:G>A-22:G>A,,,0.17894736842105263,0.06859851675085675,0.06532655484277425,1.0500862461820824,0.2964900054235495,1.1026811244207768,0.914212323823391,1.0
100017161|F|0-55:C>T-55:C>T,,,0.05789473684210526,0.092684925878495,0.0882685470870355,1.0500334370192455,0.29651415010609544,1.1025702188584496,0.914212323823391,1.0
100034493|F|0-32:C>T-32:C>T,,,0.14736842105263157,0.07506410680501366,0.0716276403881727,1.0479768200965112,0.2974554886471566,1.0982554154595954,0.914212323823391,1.0
100059435|F|0-20:G>A-20:G>A,,,0.32105263157894737,0.060828878749509416,0.058053269540563994,1.0478114192518648,0.29753128276104707,1.0979087703146073,0.914212323823391,1.0
100016293|F|0-58:A>G-58:A>G,,,0.39473684210526316,-0.05742083440787669,0.05482400204465847,-1.0473667055736444,0.2977351356664043,1.0969770159441892,0.914212323823391,1.0
100013387|F|0-43:C>G-43:C>G,,,0.3473684210526316,-0.05356654465664683,0.05120655012449544,-1.0460877471029326,0.2983219279443028,1.094299574638889,0.914212323823391,1.0
100047410|F|0-24:C>T-24:C>T,,,0.11702127659574468,-0.07130554268720436,0.06817461736407851,-1.0459250883126416,0.2983966128262389,1.0939592903618072,0.914212323823391,1.0
100018462|F|0-57:G>T-57:G>T,,,0.09473684210526316,-0.08267626894597742,0.07913389159262543,-1.0447643516836989,0.2989299342652903,1.0915325505490596,0.914212323823391,1.0
100022089|F|0-61:C>T-61:C>T,,,0.05813953488372093,0.09355315170135733,0.08965663105725043,1.043460484719962,0.2995297905226428,1.088809783172018,0.914212323823391,1.0
100040723|F|0-6:G>A-6:G>A,,,0.3526315789473684,-0.05582715141450712,0.05364764700571349,-1.040626281494909,0.3008365067532032,1.0829030577379215,0.914212323823391,1.0
100021415|F|0-54:A>G-54:A>G,,,0.2,0.07455040724571324,0.07178710481683834,1.0384930195461337,0.3018225957972258,1.0784677516460464,0.914212323823391,1.0
100038818|F|0-32:G>T-32:G>T,,,0.15789473684210525,-0.06833677384657387,0.06584303998260951,-1.0378739174956533,0.30210918151392413,1.077182268617774,0.914212323823391,1.0
100033142|F|0-41:A>C-41:A>C,,,0.43010752688172044,0.05608769040330626,0.054044713529199484,1.0378016042772247,0.30214266770127407,1.0770321698403813,0.914212323823391,1.0
100030019|F|0-15:C>A-15:C>A,,,0.3894736842105263,0.047869077385990395,0.04638365556323647,1.0320246820720889,0.30482590983094515,1.0650749444059961,0.914212323823391,1.0
100015006|F|0-61:G>T-61:G>T,,,0.29473684210526313,-0.05476524048197209,0.05312315733745771,-1.0309108725236955,0.3053450911384449,1.0627772270875673,0.914212323823391,1.0
100029674|F|0-32:C>G-32:C>G,,,0.2894736842105263,0.05798042122851779,0.05625894320616209,1.0305991887555959,0.3054904833845185,1.0621346878636924,0.914212323823391,1.0
100017877|F|0-34:T>G-34:T>G,,,0.3368421052631579,-0.05930668486295411,0.057656965713230784,-1.028612659881003,0.30641824353382463,1.0580440040674721,0.914212323823391,1.0
100029006|F|0-13:A>C-13:A>C,,,0.08421052631578947,0.08709843676835724,0.08468060695483648,1.0285523439246282,0.30644644230258333,1.0579199241928468,0.914212323823391,1.0
100014587|F|0-36:A>C-36:A>C,,,0.07894736842105263,0.08717667874544303,0.08483500623348207,1.0276026680014172,0.3068906629538946,1.055967243283631,0.914212323823391,1.0
100015126|F|0-46:T>G-46:T>G,,,0.06315789473684211,-0.10665909305383085,0.10379648927724565,-1.0275790038422112,0.3069017376419084,1.0559186091373511,0.914212323823391,1.0
100018327|F|0-50:C>T-50:C>T,,,0.11052631578947368,-0.07934100268185386,0.0772711206822096,-1.0267872651693122,0.30727242184819936,1.0542920879138753,0.914212323823391,1.0
100035377|F|0-67:C>G-67:C>G,,,0.22631578947368422,0.057397926479221616,0.056103834812000056,1.0230660109341538,0.30901871245252865,1.0466640627287223,0.914212323823391,1.0
100034159|F|0-24:A>G-24:A>G,,,0.4263157894736842,-0.05710014204173812,0.055854056389391386,-1.0223096715421982,0.3093744574452984,1.045117064528717,0.914212323823391,1.0
100029251|F|0-32:C>A-32:C>A,,,0.4842105263157895,-0.056234822332045124,0.05501978241269105,-1.0220836918299736,0.3094808005934164,1.0446550731047886,0.914212323823391,1.0
100014497|F|0-28:A>G-28:A>G,Vu02 (old7),28608269.0,0.3631578947368421,-0.05300944815302306,0.05211178455471753,-1.0172257313000475,0.3117728322473281,1.0347481884189162,0.914212323823391,1.0
100034045|F|0-65:A>T-65:A>T,,,0.29473684210526313,0.06156790555885925,0.06052920448937921,1.017160329104644,0.31180376704474405,1.0346151351042678,0.914212323823391,1.0
100028511|F|0-5:C>A-5:C>A,,,0.3157894736842105,0.0630548239168183,0.06203602260838468,1.016422737396706,0.31215278537762586,1.0331151810970134,0.914212323823391,1.0
100015479|F|0-29:T>C-29:T>C,,,0.4631578947368421,-0.0505268369522988,0.04971880559174339,-1.0162520267922446,0.3122336005944565,1.032768181959345,0.914212323823391,1.0
100014778|F|0-65:A>G-65:A>G,Vu03 (old3),51500985.0,0.4263157894736842,-0.0501876764008338,0.049402214141436786,-1.0158993331179096,0.3124006118609114,1.0320514550294135,0.914212323823391,1.0
100035996|F|0-47:A>G-47:A>G,,,0.32105263157894737,0.05660264737918304,0.055801313958686594,1.01436047583198,0.31313000799262825,1.0289271749300808,0.914212323823391,1.0
100041089|F|0-45:A>G-45:A>G,,,0.32105263157894737,0.05660264737918304,0.055801313958686594,1.01436047583198,0.31313000799262825,1.0289271749300808,0.914212323823391,1.0
100022134|F|0-54:T>C-54:T>C,,,0.3031914893617021,0.05291975194603946,0.05220960476900067,1.0136018493183545,0.3134900051875494,1.0273887089415883,0.914212323823391,1.0
100033253|F|0-41:A>G-41:A>G,,,0.30526315789473685,0.05498639825228128,0.05427199085608155,1.0131634639697333,0.31369816195496336,1.026500204723149,0.914212323823391,1.0
100015288|F|0-54:A>G-54:A>G,,,0.30526315789473685,-0.06085600642962393,0.06010991275085315,-1.0124121570740459,0.31405511699807426,1.0249783757913224,0.914212323823391,1.0
100046760|F|0-25:T>G-25:T>G,,,0.37894736842105264,0.05131058293226038,0.05079046887400877,1.010240387021073,0.31508847834044224,1.0205856395684874,0.914212323823391,1.0
100039148|F|0-38:G>A-38:G>A,,,0.4052631578947368,-0.05898286581147303,0.05841756946893632,-1.0096768206496045,0.3153570026374422,1.0194472821570937,0.914212323823391,1.0
100014127|F|0-16:C>T-16:C>T,,,0.37894736842105264,-0.055428317330082216,0.05490746445777048,-1.0094860121015483,0.3154479524314142,1.0190620086286875,0.914212323823391,1.0
100017927|F|0-49:C>T-49:C>T,,,0.13157894736842105,0.09408005277014407,0.09334133718492954,1.0079141311608915,0.3161978634357492,1.0158908957938146,0.914212323823391,1.0
100015600|F|0-30:C>A-30:C>A,,,0.30526315789473685,-0.06091425799305256,0.06047058825864495,-1.007336950857993,0.3164735223022113,1.0147277325638786,0.914212323823391,1.0
100038568|F|0-15:C>T-15:C>T,,,0.30526315789473685,-0.06091425799305256,0.06047058825864495,-1.007336950857993,0.3164735223022113,1.0147277325638786,0.914212323823391,1.0
100034117|F|0-6:C>A-6:C>A,,,0.28421052631578947,-0.05435831536811129,0.053999168249225044,-1.0066509750155532,0.3168013499196022,1.013346185499764,0.914212323823391,1.0
100021804|F|0-50:G>A-50:G>A,,,0.06315789473684208,0.11101967161838745,0.1103169333417288,1.006370175959132,0.3169356090030351,1.0127809310600142,0.914212323823391,1.0
100044397|F|0-62:C>G-62:C>G,,,0.3105263157894737,-0.05298716613106885,0.05266515129968469,-1.0061143815870153,0.31705794556329275,1.0122661488362221,0.914212323823391,1.0
100035013|F|0-54:A>T-54:A>T,,,0.13978494623655913,-0.07234577138066248,0.07194863627038064,-1.0055197030947107,0.3173424789798517,1.0110698733116752,0.914212323823391,1.0
100040977|F|0-30:G>T-30:G>T,,,0.3105263157894737,0.06565405324939164,0.06533304198457174,1.0049134596380145,0.3176327210045075,1.0098510613616434,0.914212323823391,1.0
100015052|F|0-68:T>A-68:T>A,,,0.4736842105263158,-0.05590105384302494,0.05578565977200909,-1.0020685257015416,0.31899710942496584,1.004141330201661,0.914212323823391,1.0
100051692|F|0-12:T>A-12:T>A,,,0.09473684210526316,-0.0803152630103767,0.08021339851059754,-1.001269918762583,0.31938080968681704,1.0025414502188297,0.914212323823391,1.0
100059450|F|0-16:C>T-16:C>T,,,0.09195402298850573,0.07076163114027989,0.07070060740441228,1.0008631288769352,0.31957637474471084,1.0017270027453287,0.914212323823391,1.0
100015889|F|0-55:C>G-55:C>G,Vu04 (old11),34569598.0,0.46842105263157896,-0.05092591522012458,0.05090328626452895,-1.000444548029336,0.31977769146452845,1.0008892936816225,0.914212323823391,1.0
100044913|F|0-36:G>T-36:G>T,,,0.12637362637362637,-0.06793651301137457,0.06795920985155139,-0.9996660226005217,0.3201523480178786,0.9993321567419469,0.914212323823391,1.0
100021757|F|0-47:G>A-47:G>A,,,0.3,0.0664359525780125,0.06646859489084508,0.9995089062302854,0.3202279938674451,0.9990180536336615,0.914212323823391,1.0
100033344|F|0-23:G>A-23:G>A,,,0.20967741935483875,0.05430066397061513,0.05449692653582311,0.9963986489205228,0.32172791573924575,0.9928102675706432,0.914212323823391,1.0
100015598|F|0-56:T>C-56:T>C,,,0.33157894736842103,0.05532940335309812,0.0555622355733976,0.9958095238988015,0.3220125457967474,0.9916366078875577,0.914212323823391,1.0
100033325|F|0-21:T>C-21:T>C,,,0.11052631578947368,0.0799754733100196,0.08042313966171988,0.994433612594792,0.322677954691346,0.9888982098583289,0.914212323823391,1.0
100015005|F|0-68:T>A-68:T>A,,,0.3684210526315789,-0.05880483115844516,0.059187700823599074,-0.9935312630863125,0.3231148375754716,0.9871043707298834,0.914212323823391,1.0
100020907|F|0-40:A>T-40:A>T,,,0.1368421052631579,0.06313080780018816,0.06355981319744379,0.9932503672419087,0.32325091651315097,0.9865462920261866,0.914212323823391,1.0
100034740|F|0-59:T>C-59:T>C,Vu08 (old5),34703845.0,0.22631578947368422,-0.06796265011696541,0.06844681765374087,-0.9929263689186432,0.32340792345012465,0.9859027740939614,0.914212323823391,1.0
100017664|F|0-11:A>T-11:A>T,,,0.07368421052631578,0.08107407467993585,0.0817832302682531,0.9913288386140877,0.3241828123171121,0.982732866267956,0.914212323823391,1.0
100021654|F|0-23:G>T-23:G>T,,,0.15789473684210525,0.07047129677747799,0.07119389709003045,0.989850249219555,0.3249011029891674,0.9798035158800151,0.914212323823391,1.0
100017031|F|0-21:G>T-21:G>T,,,0.22105263157894736,0.06182137745913078,0.06252124354842818,0.9888059473936199,0.325409053187287,0.9777372016009943,0.914212323823391,1.0
100029568|F|0-9:T>G-9:T>G,,,0.47368421052631576,0.05718288790668433,0.05793605763072596,0.986999983173826,0.32628871607896104,0.9741689667851328,0.914212323823391,1.0
100014001|F|0-46:T>A-46:T>A,,,0.05789473684210526,0.11512971968562452,0.11685225368696793,0.9852588722340105,0.3271382760212213,0.9707350453158343,0.914212323823391,1.0
100033927|F|0-14:A>G-14:A>G,,,0.2736842105263158,-0.056369673998890986,0.05722439158197609,-0.9850637541185442,0.3272335731282409,0.9703505996781197,0.914212323823391,1.0
100013794|F|0-60:G>A-60:G>A,,,0.4421052631578947,-0.059723103077383925,0.06075293762879575,-0.9830488106154771,0.32821875787192367,0.9663849640525042,0.914212323823391,1.0
100021123|F|0-50:T>C-50:T>C,,,0.3172043010752688,0.05699708703460084,0.05798583242788872,0.9829485004890206,0.32826785448128815,0.9661877546136142,0.914212323823391,1.0
100017206|F|0-15:G>C-15:G>C,,,0.4631578947368421,0.05254277242666106,0.053493025439485885,0.9822359456206156,0.3286167525567437,0.9647874528692248,0.914212323823391,1.0
100055640|F|0-33:G>T-33:G>T,,,0.38421052631578945,0.06171693802280721,0.06316694919157531,0.9770447807385719,0.33116594933877697,0.954616503568484,0.914212323823391,1.0
100022600|F|0-31:A>T-31:A>T,,,0.37894736842105264,-0.05356250921769858,0.054839031196853946,-0.9767223827391649,0.33132469529398445,0.9539866129436717,0.914212323823391,1.0
100014938|F|0-65:C>T-65:C>T,,,0.29473684210526313,-0.0746301612605666,0.07647454436841705,-0.9758823916757827,0.3317385344907123,0.9523464423828458,0.914212323823391,1.0
100019762|F|0-66:A>G-66:A>G,,,0.3473684210526316,0.049437006817054846,0.05072791938656583,0.9745522271537741,0.3323945624950824,0.9497520434503813,0.914212323823391,1.0
100013876|F|0-55:T>G-55:T>G,Vu07 (old2),26537890.0,0.28421052631578947,-0.055450366526091574,0.05705034100967826,-0.9719550408416444,0.3336779311467764,0.9446966014174827,0.914212323823391,1.0
100029816|F|0-31:C>A-31:C>A,,,0.09473684210526316,0.08443500903896403,0.08692207879288168,0.9713873645400976,0.3339588738809781,0.9435934119881564,0.914212323823391,1.0
100015684|F|0-29:T>C-29:T>C,,,0.09473684210526316,0.08443500903896403,0.08692207879288168,0.9713873645400976,0.3339588738809781,0.9435934119881564,0.914212323823391,1.0
100017511|F|0-59:G>C-59:G>C,,,0.20526315789473684,0.05566392703960436,0.05734530021438366,0.9706798435356772,0.3343092427551367,0.9422193586464467,0.914212323823391,1.0
100021071|F|0-60:A>G-60:A>G,Vu07 (old2),39201975.0,0.33157894736842103,-0.05992632024097173,0.061850995331200365,-0.9688820676219944,0.3352005962951597,0.9387324609594708,0.914212323823391,1.0
100029761|F|0-20:T>G-20:T>G,Vu02 (old7),30481386.0,0.28421052631578947,0.05615363160747344,0.057960913495868426,0.9688189543713142,0.33523191666889873,0.9386101663491265,0.914212323823391,1.0
100015285|F|0-54:T>C-54:T>C,,,0.1631578947368421,-0.06155015044505637,0.0635485912754711,-0.9685525549771533,0.33536414027096484,0.9380940517527716,0.914212323823391,1.0
100032747|F|0-16:T>A-16:T>A,,,0.10526315789473684,-0.0745426173152913,0.0769646755260264,-0.9685302615234692,0.3353752068621835,0.9380508674867196,0.914212323823391,1.0
100021359|F|0-55:A>T-55:A>T,,,0.12105263157894737,0.06934900666251854,0.07160891396168306,0.9684409778875607,0.33541953013932363,0.9378779276518148,0.914212323823391,1.0
100017454|F|0-9:A>G-9:A>G,,,0.4052631578947369,0.05062624299297516,0.052468879864158054,0.9648813377386085,0.33718977474743717,0.9309959959162467,0.914212323823391,1.0
100030137|F|0-35:C>A-35:C>A,,,0.11578947368421053,-0.0707811699777688,0.07352829870642613,-0.9626384837268479,0.33830829865408313,0.9266728503519248,0.914212323823391,1.0
100045098|F|0-63:G>T-63:G>T,,,0.06842105263157895,0.08403389333848502,0.08729733229263589,0.9626169681427234,0.33831904031381266,0.9266314273562889,0.914212323823391,1.0
100013355|F|0-21:A>G-21:A>G,,,0.3263157894736842,0.049865991322005324,0.05181540663607049,0.962377689559458,0.3384385152020371,0.9261708173618005,0.914212323823391,1.0
100034437|F|0-39:T>A-39:T>A,,,0.19473684210526315,0.06108435837947019,0.0636910203140634,0.9590733211410394,0.3400912448664985,0.9198216353245032,0.914212323823391,1.0
100040340|F|0-28:T>C-28:T>C,,,0.4574468085106383,-0.05255470625535507,0.05481040188504286,-0.958845482753095,0.34020539518160037,0.9193846597960158,0.914212323823391,1.0
100020403|F|0-39:T>G-39:T>G,,,0.16842105263157894,0.061172015321011165,0.063910925632291,0.957144881189203,0.3410582095582651,0.9161263235866937,0.914212323823391,1.0
100035378|F|0-22:G>A-22:G>A,,,0.45263157894736844,0.05344320397429959,0.05585910868643018,0.9567500311239752,0.3412564171227299,0.9153706220557275,0.914212323823391,1.0
100013001|F|0-27:G>C-27:G>C,Vu03 (old3),7683103.0,0.4473684210526316,-0.05142822331723246,0.05389356757941852,-0.9542553151903872,0.34251045214034975,0.9106032065691052,0.914212323823391,1.0
100034716|F|0-53:A>G-53:A>G,,,0.3263157894736842,-0.058560088062553986,0.061374131801622316,-0.9541493515840831,0.34256378379504865,0.9104009851283262,0.914212323823391,1.0
100020010|F|0-17:T>C-17:T>C,Vu03 (old3),2486590.0,0.07894736842105263,0.0887307797039667,0.0930356120794265,0.9537291981076593,0.34277530085176044,0.9095993833230789,0.914212323823391,1.0
100034001|F|0-23:A>G-23:A>G,Vu10 (old10),40225556.0,0.4842105263157894,-0.060208168213037136,0.0631409235782591,-0.9535522257353901,0.34286441911232746,0.9092618472049164,0.914212323823391,1.0
100038942|F|0-11:T>A-11:T>A,,,0.4,0.09286462702819624,0.09753242805636847,0.9521410353336586,0.34357559317803704,0.9065725511662512,0.914212323823391,1.0
100035121|F|0-58:G>A-58:G>A,,,0.06666666666666667,0.0794754452421016,0.08357472785585367,0.9509506914479895,0.34417621513713587,0.9043072175654093,0.914212323823391,1.0
100021842|F|0-18:C>G-18:C>G,,,0.30526315789473685,0.06487504349452626,0.06840606013530301,0.9483815230142971,0.3454748833104173,0.8994275131949178,0.914212323823391,1.0
100046200|F|0-31:A>C-31:A>C,,,0.3368421052631579,0.057142055911926205,0.060267107906565046,0.9481466407931213,0.34559377027085764,0.8989820524472801,0.914212323823391,1.0
100030110|F|0-28:T>C-28:T>C,,,0.07368421052631578,-0.0881498142314391,0.0929996904676082,-0.9478506195904134,0.3457436408285253,0.8984207970579305,0.914212323823391,1.0
100019852|F|0-38:G>A-38:G>A,,,0.4789473684210526,-0.050807732469253346,0.05365558777722543,-0.9469234160699871,0.34621334085370137,0.8966639559016539,0.914212323823391,1.0
100017444|F|0-55:C>A-55:C>A,,,0.23684210526315788,0.05273004338290636,0.05592299535047458,0.9429044895117348,0.34825401156445007,0.8890688763413852,0.914212323823391,1.0
100017662|F|0-28:T>C-28:T>C,,,0.08947368421052632,-0.07311202164840526,0.07770431660161164,-0.9409003881116286,0.3492745231339248,0.8852935403486133,0.914212323823391,1.0
100013521|F|0-57:C>G-57:C>G,Vu02 (old7),20518913.0,0.07894736842105263,-0.0761862978238772,0.0809748856026737,-0.9408632967721243,0.34929342865056007,0.8852237432129105,0.914212323823391,1.0
100014460|F|0-15:A>T-15:A>T,,,0.3894736842105263,-0.05409454678539149,0.05756720938612456,-0.9396763776155861,0.3498987520781013,0.8829916946487495,0.914212323823391,1.0
100021291|F|0-61:A>G-61:A>G,,,0.20526315789473684,-0.051086906896597645,0.05440403183127754,-0.9390279576159494,0.3502297290504624,0.8817735051843812,0.914212323823391,1.0
100033340|F|0-7:A>T-7:A>T,,,0.28421052631578947,0.05370771054789376,0.05719794992750603,0.938979642031998,0.35025439914918954,0.8816827681505391,0.914212323823391,1.0
100020878|F|0-38:C>T-38:C>T,,,0.24736842105263157,-0.05189302439600061,0.05532112061596532,-0.9380327769612211,0.3507380978041482,0.87990549065358,0.914212323823391,1.0
100016318|F|0-42:A>T-42:A>T,,,0.4842105263157895,0.06252492228165207,0.06672792497669756,0.9370128368818116,0.3512596077365888,0.8779930564813004,0.914212323823391,1.0
100030808|F|0-36:G>C-36:G>C,,,0.15263157894736842,-0.06372989872878582,0.06803569349809435,-0.9367127084634018,0.351413162768554,0.877430698196842,0.914212323823391,1.0
100013767|F|0-67:G>C-67:G>C,,,0.10526315789473684,0.07897906487263874,0.08436572653570044,0.9361510665023164,0.3517006324132794,0.8763788193134244,0.914212323823391,1.0
100034394|F|0-57:A>G-57:A>G,,,0.13043478260869565,-0.07287911308461248,0.07790938820385297,-0.9354342880208663,0.35206772670149655,0.875037307205105,0.914212323823391,1.0
100019630|F|0-24:A>T-24:A>T,,,0.30526315789473685,0.05777908167862962,0.06187756582995191,0.9337646189479158,0.35292379490003045,0.8719163635989465,0.914212323823391,1.0
100034817|F|0-14:G>A-14:G>A,,,0.22043010752688172,0.05523447450390582,0.0591825287125836,0.9332902075230467,0.35316727787415575,0.8710306114584115,0.914212323823391,1.0
100015577|F|0-62:A>G-62:A>G,,,0.12105263157894737,0.09554727215547355,0.10240704894746518,0.933014603364748,0.35330877624767393,0.8705162500918779,0.914212323823391,1.0
100017692|F|0-31:G>T-31:G>T,,,0.26842105263157895,0.055753647900656296,0.059846725909501956,0.9316073194206971,0.354031860246095,0.8678921975982167,0.914212323823391,1.0
100016003|F|0-33:A>T-33:A>T,,,0.4842105263157894,-0.04692243913876947,0.05049262531064937,-0.9292929185219666,0.35522310059913986,0.8635853284150745,0.914212323823391,1.0
100028749|F|0-23:C>A-23:C>A,,,0.23684210526315788,-0.055554134335692125,0.05982158828303335,-0.9286636468568729,0.355547435858335,0.8624161689935067,0.914212323823391,1.0
100017523|F|0-41:C>T-41:C>T,,,0.49473684210526314,-0.05396318907298424,0.05812181368476697,-0.9284498478602595,0.3556576740138344,0.8620191199917391,0.914212323823391,1.0
100045342|F|0-29:C>T-29:C>T,,,0.14736842105263157,-0.06682048160171104,0.07203779712441749,-0.9275753044794589,0.3561088306467747,0.8603959454801609,0.914212323823391,1.0
100044509|F|0-10:A>G-10:A>G,,,0.22340425531914895,-0.07725719761266613,0.08339746204528198,-0.9263734856909447,0.35672941926395685,0.8581678349911909,0.914212323823391,1.0
100020016|F|0-66:T>C-66:T>C,,,0.06914893617021277,0.07922295151185409,0.08562620616467148,0.9252185173251397,0.3573264679427486,0.8560293048013299,0.914212323823391,1.0
100033353|F|0-46:A>T-46:A>T,,,0.06914893617021277,0.08136256891943792,0.08800988579564949,0.9244707930692468,0.35771333703801056,0.8546462472380822,0.914212323823391,1.0
100035956|F|0-57:T>G-57:T>G,,,0.30526315789473685,-0.053060476633660085,0.05743299025862842,-0.9238675610432554,0.3580256417977572,0.8535312703480132,0.914212323823391,1.0
100021067|F|0-49:G>A-49:G>A,Vu03 (old3),51946113.0,0.4421052631578948,-0.04896846683460731,0.053129390164026805,-0.921683209301416,0.3591579813415188,0.8494999383081578,0.914212323823391,1.0
100018976|F|0-8:C>T-8:C>T,Vu03 (old3),2426825.0,0.10106382978723405,0.07153999176167124,0.07768755216185498,0.9208681413030513,0.35958108762274876,0.8479981336669364,0.914212323823391,1.0
100043978|F|0-67:T>A-67:T>A,,,0.3631578947368421,0.057593477622856284,0.06264134316877272,0.9194163903491641,0.3603354876767293,0.8453264988426865,0.914212323823391,1.0
100046319|F|0-34:T>C-34:T>C,,,0.14130434782608697,0.06140001083675443,0.06683401451503476,0.9186940404865561,0.3607112316895663,0.843998740025514,0.914212323823391,1.0
100046856|F|0-65:C>A-65:C>A,,,0.06842105263157895,-0.08926178987704979,0.09733179951098371,-0.9170876355468673,0.3615477293988712,0.8410497312729438,0.914212323823391,1.0
100030406|F|0-17:T>A-17:T>A,,,0.05263157894736842,0.08664912829398781,0.09461539186267678,0.9158037248289256,0.36221718409868403,0.8386964624105344,0.914212323823391,1.0
100032841|F|0-19:T>A-19:T>A,Vu05 (old1),2448565.0,0.38421052631578945,-0.05020647116054652,0.05482740414803331,-0.9157185524412149,0.3622616224593878,0.8385404672850341,0.914212323823391,1.0
100048883|F|0-64:T>A-64:T>A,,,0.15789473684210525,0.06907723815271863,0.07551032805988232,0.9148051654329719,0.36273839683206555,0.836868490702847,0.914212323823391,1.0
100040251|F|0-68:A>C-68:A>C,,,0.28421052631578947,0.05211015649126373,0.05699041370303846,0.9143670506200495,0.362967227907144,0.8360671032596082,0.914212323823391,1.0
100019344|F|0-54:A>C-54:A>C,,,0.1,0.07011405567584861,0.0766918286177777,0.9142311109217142,0.36303824903434795,0.8358185241771516,0.914212323823391,1.0
100040910|F|0-51:A>G-51:A>G,,,0.1276595744680851,0.054842233275941434,0.060016354510318184,0.9137881453048402,0.36326973592428335,0.8350087744996597,0.914212323823391,1.0
100019395|F|0-49:A>G-49:A>G,Vu07 (old2),128608.0,0.23157894736842105,0.06182930946773395,0.06783934693726294,0.9114077929569839,0.36451527845733256,0.8306641650627204,0.914212323823391,1.0
100021507|F|0-53:A>C-53:A>C,,,0.11052631578947368,0.06694945642975259,0.07364304279907101,0.909107688725175,0.36572140503418654,0.8264767896992297,0.914212323823391,1.0
100014429|F|0-23:C>T-23:C>T,,,0.42105263157894735,-0.051391849224652494,0.05656537994940269,-0.9085389202834335,0.36602004544016864,0.8254429696697871,0.914212323823391,1.0
100052747|F|0-12:T>G-12:T>G,,,0.2074468085106383,-0.06711268563386182,0.07408033805593942,-0.9059446459758836,0.3673841693957814,0.8207357015723692,0.914212323823391,1.0
100033255|F|0-46:T>C-46:T>C,,,0.09782608695652173,0.07109123179015432,0.07887437450060196,0.9013222892767506,0.36982267104381955,0.8123818691470825,0.914212323823391,1.0
100018346|F|0-11:A>C-11:A>C,,,0.3526315789473684,-0.05988822917037763,0.06651694561122658,-0.9003454476158302,0.3703393051329157,0.8106219250425497,0.914212323823391,1.0
100035489|F|0-68:C>A-68:C>A,,,0.07446808510638298,-0.08407435240266566,0.09345892679727023,-0.8995861100035798,0.370741219899844,0.8092551693113728,0.914212323823391,1.0
100032835|F|0-6:G>C-6:G>C,,,0.3722222222222222,0.073060601428138,0.0814258454643317,0.897265493671072,0.37197121967848745,0.8050853661327926,0.914212323823391,1.0
100022070|F|0-37:G>C-37:G>C,,,0.18947368421052632,-0.05737717003868533,0.06400444710875801,-0.8964559906468462,0.3724008862926096,0.8036333431666185,0.914212323823391,1.0
100034779|F|0-8:A>T-8:A>T,,,0.2578947368421053,0.0563797608906457,0.06291493763638978,0.8961267865588067,0.37257571008136947,0.8030432175882132,0.914212323823391,1.0
100034369|F|0-66:G>A-66:G>A,,,0.22631578947368422,-0.07445894790309171,0.08322350556948731,-0.8946865118643957,0.3733411755423919,0.8004639545120795,0.914212323823391,1.0
100033749|F|0-66:A>C-66:A>C,,,0.22631578947368422,-0.07445894790309171,0.08322350556948731,-0.8946865118643957,0.3733411755423919,0.8004639545120795,0.914212323823391,1.0
100015429|F|0-30:C>A-30:C>A,,,0.07894736842105263,-0.08057912607366328,0.0901139401208443,-0.8941915753057222,0.3736044487736828,0.7995785733477291,0.914212323823391,1.0
100019924|F|0-12:A>T-12:A>T,,,0.08947368421052632,0.07956930381547314,0.08904293299681587,0.8936060520189569,0.37391605892212953,0.7985317762049068,0.914212323823391,1.0
100028407|F|0-26:C>T-26:C>T,,,0.19148936170212766,0.058780100430435925,0.0658180150433909,0.8930700871438437,0.37420143781853965,0.7975741805511126,0.914212323823391,1.0
100038652|F|0-16:A>G-16:A>G,,,0.13157894736842105,-0.060890420192779966,0.06831534044266319,-0.8913140123174103,0.37513743354259793,0.7944406685533606,0.914212323823391,1.0
100029185|F|0-30:A>G-30:A>G,,,0.10526315789473684,-0.06924033361976917,0.07769941088012054,-0.891130741346256,0.3752352024822476,0.7941139981723279,0.914212323823391,1.0
100028946|F|0-30:A>G-30:A>G,,,0.3368421052631579,0.05381586138881387,0.06052419658393842,0.8891627551665052,0.37628606590570984,0.7906104051752905,0.914212323823391,1.0
100015153|F|0-7:G>C-7:G>C,,,0.10526315789473684,0.06799814838878393,0.07652090163431209,0.8886218920124884,0.37657519870161915,0.7896488669638546,0.914212323823391,1.0
100035888|F|0-14:T>C-14:T>C,,,0.2631578947368421,0.05423758398764605,0.06104182864087137,0.8885314413947709,0.3766235650850495,0.7894881223470692,0.914212323823391,1.0
100044400|F|0-16:A>G-16:A>G,,,0.3351063829787234,-0.05899058800226102,0.06652905513319678,-0.8866890997347985,0.3776095626420828,0.7862175595885074,0.914212323823391,1.0
100021971|F|0-12:T>C-12:T>C,,,0.11702127659574468,-0.05594273662671631,0.06321992779419845,-0.8848908655642287,0.3785735127046538,0.7830318439590098,0.914212323823391,1.0
100018646|F|0-46:C>T-46:C>T,,,0.18947368421052632,-0.05196337921840613,0.05882980955458131,-0.8832831452598088,0.3794366399926062,0.7801891147000605,0.914212323823391,1.0
100028469|F|0-24:A>G-24:A>G,,,0.14736842105263157,-0.06566856139498792,0.07444981142006353,-0.8820514134612146,0.38009874442842073,0.7780146959889266,0.914212323823391,1.0
100032762|F|0-24:G>A-24:G>A,,,0.35789473684210527,0.06507658099604616,0.07382182103636528,0.8815358397077316,0.38037609987875143,0.7771054366892155,0.914212323823391,1.0
100015169|F|0-21:A>G-21:A>G,,,0.05319148936170213,-0.10072693756873478,0.11432049663948221,-0.8810925470905215,0.38061467239241764,0.7763240765384629,0.914212323823391,1.0
100013842|F|0-67:A>G-67:A>G,,,0.10526315789473684,0.07251801256692265,0.08232621230228612,0.880861763695023,0.38073891305578866,0.7759174467399066,0.914212323823391,1.0
100041505|F|0-33:C>T-33:C>T,,,0.06842105263157895,-0.08762606303711262,0.09958450408105564,-0.879916648134236,0.38124797372683716,0.7742533076637889,0.914212323823391,1.0
100041505|F|0-68:C>A-68:C>A,,,0.06842105263157895,-0.08762606303711262,0.09958450408105564,-0.879916648134236,0.38124797372683716,0.7742533076637889,0.914212323823391,1.0
100044399|F|0-36:G>A-36:G>A,,,0.35789473684210527,-0.051831486266040096,0.05895401759050023,-0.8791849713460775,0.38164236301801485,0.7729662138408032,0.914212323823391,1.0
100016982|F|0-43:C>A-43:C>A,,,0.12105263157894737,-0.0667135662501477,0.07591745659535723,-0.8787645061100163,0.38186911780273536,0.7722270571987809,0.914212323823391,1.0
100046246|F|0-7:G>A-7:G>A,,,0.06842105263157895,0.08780401418441919,0.1001588928653809,0.8766472119698112,0.3830122403419403,0.7685103342544432,0.914212323823391,1.0
100022261|F|0-18:G>A-18:G>A,,,0.05789473684210526,-0.09061266166416097,0.10339242782539834,-0.8763955307943933,0.3831482640754935,0.7680691263963862,0.914212323823391,1.0
100028807|F|0-29:G>A-29:G>A,,,0.14210526315789473,-0.05939237844065188,0.06795095677509463,-0.8740477141069536,0.3844186152580678,0.7639594065355909,0.914212323823391,1.0
100020593|F|0-8:G>C-8:G>C,,,0.20526315789473684,0.05600248559331174,0.06434520743958151,0.8703443165661814,0.3864277587827284,0.7574992293790533,0.914212323823391,1.0
100019242|F|0-32:A>G-32:A>G,,,0.4473684210526316,-0.05113360113117683,0.05886812390507124,-0.8686127183810572,0.38736940612786863,0.7544880545333299,0.914212323823391,1.0
100034016|F|0-46:G>A-46:G>A,,,0.15789473684210525,-0.05811574536807934,0.06702470646811914,-0.8670794462296165,0.3882043896878588,0.7518267660738585,0.914212323823391,1.0
100019323|F|0-14:A>G-14:A>G,Vu03 (old3),17470074.0,0.08421052631578947,-0.07112850590786958,0.08222485830804262,-0.8650486893075293,0.3893120061481221,0.7483092348726744,0.914212323823391,1.0
100032842|F|0-24:A>C-24:A>C,Vu05 (old1),2448565.0,0.30526315789473685,-0.06976430776014723,0.08069955741935439,-0.8644943044435517,0.389614718394688,0.7473504024153402,0.914212323823391,1.0
100015913|F|0-42:T>A-42:T>A,,,0.13978494623655913,0.05415112149875697,0.06265003626662653,0.8643430191851795,0.3896973503621562,0.7470888548141517,0.914212323823391,1.0
100014980|F|0-61:T>A-61:T>A,,,0.1736842105263158,0.05394326963005195,0.06252007683302845,0.862815152548797,0.39053247795623686,0.7444499874678039,0.914212323823391,1.0
100036056|F|0-31:G>A-31:G>A,,,0.3421052631578947,0.043305053959818894,0.05029147874568763,0.8610813410121132,0.3914815125817937,0.7414610758392192,0.914212323823391,1.0
100053981|F|0-26:G>A-26:G>A,,,0.22105263157894736,-0.07226284599012511,0.08393216196531599,-0.860967289511581,0.3915439906865327,0.7412646736089185,0.914212323823391,1.0
100018369|F|0-55:T>C-55:T>C,,,0.3157894736842105,-0.04780698385900269,0.05557853440584077,-0.8601699265747216,0.39198096281084377,0.7398923025835619,0.914212323823391,1.0
100013605|F|0-20:C>T-20:C>T,,,0.05851063829787234,0.07340746758311503,0.085381587985929,0.8597575814028275,0.39220705482883106,0.7391830987796396,0.914212323823391,1.0
100040427|F|0-30:T>C-30:T>C,,,0.06315789473684211,-0.0814599418308887,0.09504606686885268,-0.8570574723864112,0.3936895317774067,0.7345475109733839,0.914212323823391,1.0
100019045|F|0-23:G>C-23:G>C,,,0.38421052631578945,-0.045612827305465,0.053239006649130394,-0.8567557919717506,0.39385538139497533,0.7340304870771415,0.914212323823391,1.0
100019260|F|0-27:C>T-27:C>T,,,0.3684210526315789,-0.04992481239949545,0.05829340212000649,-0.8564401902074109,0.39402893033166264,0.7334897994025061,0.914212323823391,1.0
100060051|F|0-42:G>A-42:G>A,,,0.2789473684210526,-0.049773575439786354,0.058137646085042814,-0.8561333110559441,0.3941977278373373,0.732964246299614,0.914212323823391,1.0
100015855|F|0-33:A>T-33:A>T,,,0.3526315789473684,-0.04626988920610247,0.054061366185078556,-0.8558771720214757,0.39433865002837903,0.7325257335874787,0.914212323823391,1.0
100058466|F|0-43:T>C-43:T>C,,,0.45744680851063835,0.05685580441085381,0.06643888626955112,0.8557609496971772,0.3944026032734817,0.7323268030266147,0.914212323823391,1.0
100029682|F|0-15:A>G-15:A>G,,,0.1736842105263158,0.06287742388638252,0.0736339963152846,0.8539183941226713,0.3954173519531058,0.7291766238210419,0.914212323823391,1.0
100013326|F|0-33:T>A-33:T>A,,,0.20526315789473684,0.05234796826966182,0.06143980054928,0.8520204786093707,0.39646426452128913,0.7259388959697411,0.914212323823391,1.0
100057963|F|0-26:C>T-26:C>T,,,0.15789473684210525,0.06716063664193134,0.07884720180292654,0.8517821191650528,0.3965958665374993,0.7255327785293081,0.914212323823391,1.0
100040406|F|0-33:C>T-33:C>T,,,0.28260869565217395,-0.04886289294849506,0.05741503031789621,-0.8510470634248632,0.39700187119304636,0.7242811041640832,0.914212323823391,1.0
100019676|F|0-10:G>T-10:G>T,,,0.24736842105263157,0.047670714101369666,0.05603462395011433,0.8507367541862909,0.39717334557445855,0.7237530249234255,0.914212323823391,1.0
100038389|F|0-45:C>T-45:C>T,,,0.21052631578947367,0.05303335265884863,0.062499684290954025,0.8485379287991777,0.3983896994471731,0.7200166166107983,0.914212323823391,1.0
100016298|F|0-19:G>A-19:G>A,,,0.4473684210526316,0.0460745426572067,0.054303083193796085,0.84847010422551,0.3984272551151102,0.7199015177644477,0.914212323823391,1.0
100013074|F|0-31:T>C-31:T>C,,,0.12105263157894737,-0.05529915114748915,0.06517672688166945,-0.8484493437034147,0.3984387510173209,0.7198662888307552,0.914212323823391,1.0
100029472|F|0-28:G>A-28:G>A,,,0.20526315789473684,0.05308956335228069,0.0625769263818345,0.8483887979466518,0.3984722786992147,0.7197635524813647,0.914212323823391,1.0
100038456|F|0-36:A>C-36:A>C,,,0.43157894736842106,-0.05200149919330767,0.06143368752941556,-0.8464655351904182,0.3995381992072908,0.7165039022652011,0.914212323823391,1.0
100051794|F|0-60:T>C-60:T>C,Vu09 (old8),3361921.0,0.42105263157894735,0.04405870560530023,0.05209571632121229,0.8457260734000205,0.39994849123374066,0.7152525912286168,0.914212323823391,1.0
100014740|F|0-25:C>T-25:C>T,,,0.1368421052631579,-0.060213013375680385,0.07133403708900157,-0.8440993364858099,0.4008519959994269,0.7125036898557846,0.914212323823391,1.0
100014950|F|0-45:G>A-45:G>A,,,0.18421052631578946,0.05498131850935243,0.06520066144871645,0.8432632014415676,0.4013168777797725,0.7110928269054819,0.914212323823391,1.0
100020451|F|0-6:A>G-6:A>G,,,0.32105263157894737,0.04206246728672908,0.049896894012911946,0.8429876872865968,0.40147013264033865,0.7106282409168051,0.914212323823391,1.0
100018797|F|0-41:C>G-41:C>G,,,0.21578947368421053,-0.04668983124619069,0.055387827889169614,-0.8429619471559073,0.4014844524225954,0.7105848443528787,0.914212323823391,1.0
100033254|F|0-20:A>G-20:A>G,,,0.23684210526315788,0.047602646674241245,0.05648225469352806,0.8427894200139948,0.4015804409879553,0.7102940064875257,0.914212323823391,1.0
100013877|F|0-19:G>T-19:G>T,,,0.4894736842105263,-0.043814484625053836,0.05220443198945015,-0.8392866842016055,0.4035322777531418,0.7044021382781254,0.914212323823391,1.0
100040070|F|0-17:A>G-17:A>G,,,0.3105263157894737,-0.045054422550942864,0.053706783633577636,-0.8388963088598497,0.4037501646060459,0.7037470170186803,0.914212323823391,1.0
100043520|F|0-39:C>T-39:C>T,,,0.25263157894736843,0.04696660437136063,0.05606439392901481,0.8377260696125027,0.40440375920230576,0.7017849677084118,0.914212323823391,1.0
100035981|F|0-12:G>A-12:G>A,,,0.29473684210526313,0.04365160493898824,0.0522482957947957,0.8354646649228364,0.40566860669575866,0.6980012063346274,0.914212323823391,1.0
100017261|F|0-49:C>T-49:C>T,,,0.07894736842105263,-0.07520620408342898,0.09005459613811903,-0.8351178874655472,0.40586277832566614,0.6974218859649183,0.914212323823391,1.0
100017460|F|0-50:C>T-50:C>T,,,0.3157894736842105,-0.05234742183600516,0.06273069676281669,-0.8344785653175438,0.4062209028567416,0.6963544759744262,0.914212323823391,1.0
100035010|F|0-32:A>C-32:A>C,,,0.12631578947368421,0.06248849337965383,0.07498949021142456,0.8332966820213664,0.4068834548626227,0.6943833602678182,0.914212323823391,1.0
100032829|F|0-7:T>A-7:T>A,,,0.28421052631578947,0.05224661244085198,0.06271975464032342,0.8330168499616848,0.40704042184562417,0.693917072320088,0.914212323823391,1.0
100034591|F|0-27:A>G-27:A>G,,,0.11702127659574468,0.05723741695030352,0.06873176988877762,0.8327650669104788,0.40718168660105264,0.6934976566664143,0.914212323823391,1.0
100015478|F|0-48:C>T-48:C>T,,,0.14210526315789473,0.054668428760276014,0.06566784165279324,0.832499247490505,0.4073308588203874,0.693054997072257,0.914212323823391,1.0
100038935|F|0-11:A>T-11:A>T,,,0.1368421052631579,-0.06755672307941496,0.08143275348110306,-0.8296013605273937,0.40895923990793465,0.6882384173889028,0.914212323823391,1.0
100041002|F|0-38:A>G-38:A>G,,,0.08947368421052632,-0.07142049786415013,0.08609204432383458,-0.8295830169336258,0.40896956007386176,0.6882079819846965,0.914212323823391,1.0
100051719|F|0-44:C>T-44:C>T,,,0.4842105263157895,0.04722230765565584,0.0569777510973881,0.828785038829315,0.40941865769264707,0.6868846405873091,0.914212323823391,1.0
100015139|F|0-52:T>C-52:T>C,,,0.08421052631578947,0.0679298659674828,0.08217540838838493,0.8266447018605183,0.41062469940034685,0.6833414631140652,0.914212323823391,1.0
100014831|F|0-22:G>T-22:G>T,,,0.2736842105263158,-0.047294517093324946,0.05723122014172749,-0.826376180277211,0.410776157864424,0.6828975913295536,0.914212323823391,1.0
100035283|F|0-38:G>T-38:G>T,,,0.3263157894736842,-0.04583289292856344,0.05546420356805998,-0.8263508710139869,0.4107904351868353,0.6828557620255747,0.914212323823391,1.0
100014668|F|0-30:A>T-30:A>T,,,0.26842105263157895,0.05298771369499498,0.06413037808437129,0.8262498253991769,0.4108474394697422,0.6826887739721703,0.914212323823391,1.0
100016256|F|0-31:A>C-31:A>C,,,0.1,-0.06596130837206308,0.07986533713004254,-0.8259065915499748,0.4110411084701741,0.6821216979656969,0.914212323823391,1.0
100018613|F|0-47:T>C-47:T>C,,,0.39473684210526316,-0.04009599189867051,0.048554027954516715,-0.8258015573132403,0.4111003848355293,0.681948212060973,0.914212323823391,1.0
100016059|F|0-15:A>T-15:A>T,,,0.08421052631578947,-0.07415613939680735,0.08999892151067376,-0.8239669781822054,0.412136566648433,0.678921581134715,0.914212323823391,1.0
100029523|F|0-44:T>G-44:T>G,,,0.05263157894736842,0.08750029128121427,0.10632281976667586,0.822968121737484,0.41270138850224486,0.6772765293961223,0.914212323823391,1.0
100038400|F|0-11:G>A-11:G>A,,,0.4789473684210527,0.04137508437605699,0.05027938933428196,0.8229034784208537,0.4127379583232421,0.6771701347971404,0.914212323823391,1.0
100046553|F|0-7:C>T-7:C>T,,,0.05263157894736842,-0.09363509307522462,0.11390070753473666,-0.822076483121656,0.4132059758313587,0.6758097441016704,0.914212323823391,1.0
100018909|F|0-13:T>C-13:T>C,,,0.05263157894736842,-0.09363509307522462,0.11390070753473666,-0.822076483121656,0.4132059758313587,0.6758097441016704,0.914212323823391,1.0
100019269|F|0-46:T>G-46:T>G,,,0.05263157894736842,-0.09363509307522462,0.11390070753473666,-0.822076483121656,0.4132059758313587,0.6758097441016704,0.914212323823391,1.0
100047522|F|0-17:A>C-17:A>C,,,0.4473684210526316,0.042155515574409455,0.05129942924175415,0.8217540857179325,0.4133885151994037,0.6752797773941152,0.914212323823391,1.0
100017309|F|0-5:C>G-5:C>G,,,0.07368421052631578,0.07171865368692328,0.08735204191387799,0.8210300768656562,0.4137986213185106,0.6740903871180254,0.914212323823391,1.0
100019656|F|0-61:T>G-61:T>G,,,0.3263157894736842,-0.04636670928729318,0.0566010938056382,-0.819183979845182,0.4148454282271238,0.6710623928349915,0.914212323823391,1.0
100016325|F|0-60:C>T-60:C>T,Vu09 (old8),1016914.0,0.24736842105263157,0.05380447433795524,0.06570835430055715,0.8188376487386632,0.41504198823732197,0.6704950949918623,0.914212323823391,1.0
100034782|F|0-29:A>T-29:A>T,,,0.14893617021276595,0.04962172347205224,0.060668455346730855,0.8179163815603248,0.41556512522812283,0.6689872072247347,0.914212323823391,1.0
100033136|F|0-68:A>G-68:A>G,,,0.15263157894736842,0.05473636826881079,0.06704711992986759,0.8163865700132377,0.41643469532799915,0.666487031697979,0.914212323823391,1.0
100019303|F|0-21:A>G-21:A>G,Vu04 (old11),37777897.0,0.10526315789473684,0.06413334577508009,0.07862437688783225,0.8156928972114403,0.4168293498297103,0.6653549025611933,0.914212323823391,1.0
100020050|F|0-34:T>G-34:T>G,,,0.12105263157894737,0.05604507928127953,0.06905310696689614,0.8116228471536753,0.4191494571737014,0.6587316460218381,0.914212323823391,1.0
100019174|F|0-24:T>A-24:T>A,,,0.12631578947368421,0.05275522624148435,0.06531619963358998,0.8076897697268055,0.4213988053317011,0.6523627641213401,0.914212323823391,1.0
100020853|F|0-67:A>G-67:A>G,,,0.10526315789473684,-0.058002256113678125,0.07183392076864711,-0.8074493984601491,0.42153650802512976,0.6519745310736565,0.914212323823391,1.0
100021768|F|0-13:C>T-13:C>T,,,0.3157894736842105,0.04752973924742598,0.058939697614457096,0.8064130148466793,0.4221305335130172,0.6503019505141105,0.914212323823391,1.0
100030709|F|0-39:T>A-39:T>A,,,0.3263157894736842,-0.04330490398425031,0.05373180708530845,-0.8059454228944201,0.42239870709860095,0.6495480246844656,0.914212323823391,1.0
100044760|F|0-9:A>T-9:A>T,Vu07 (old2),52829.0,0.3263157894736842,-0.048781122490452675,0.06053821031958518,-0.8057906276537402,0.422487507704815,0.6492985356146086,0.914212323823391,1.0
100042001|F|0-12:C>A-12:C>A,,,0.2789473684210526,0.045208306251519385,0.05612162433078066,0.8055416569032604,0.4226303568267861,0.6488973610064501,0.914212323823391,1.0
100019637|F|0-48:C>G-48:C>G,,,0.05789473684210526,0.07487717091508234,0.09297447192043112,0.8053519355201424,0.4227392304219806,0.6485917400460396,0.914212323823391,1.0
100019838|F|0-5:G>C-5:G>C,,,0.12631578947368421,-0.05836959881731463,0.07256332135330383,-0.8043953574439994,0.4232884270911004,0.6470518910774595,0.914212323823391,1.0
100046262|F|0-23:C>A-23:C>A,,,0.12631578947368421,-0.05836959881731463,0.07256332135330383,-0.8043953574439994,0.4232884270911004,0.6470518910774595,0.914212323823391,1.0
100038653|F|0-19:G>C-19:G>C,Vu03 (old3),39667683.0,0.12105263157894737,-0.06162594845759714,0.07680710310444694,-0.8023469961338661,0.42446587245080275,0.6437607022050381,0.914212323823391,1.0
100022316|F|0-39:A>G-39:A>G,,,0.22105263157894736,-0.04516590716982805,0.056345970286517576,-0.8015818511982448,0.424906194302861,0.642533464170405,0.914212323823391,1.0
100022228|F|0-38:T>C-38:T>C,Vu03 (old3),4384995.0,0.28421052631578947,-0.04191720820328031,0.052330423009063445,-0.8010103070640264,0.42523528067777133,0.6416175120228059,0.914212323823391,1.0
100029548|F|0-5:C>T-5:C>T,,,0.42105263157894735,-0.045006336125836245,0.05625519063499152,-0.800038816290877,0.42579499732661064,0.6400621075721077,0.914212323823391,1.0
100034723|F|0-16:A>C-16:A>C,,,0.2789473684210526,-0.043919797018257725,0.054973456964465504,-0.7989273268124143,0.4264359090103238,0.6382848735276302,0.914212323823391,1.0
100013918|F|0-61:T>G-61:T>G,,,0.33157894736842103,-0.050192312946675983,0.06288711113189545,-0.7981335450662664,0.42689397266262313,0.6370171557600459,0.914212323823391,1.0
100028702|F|0-38:A>G-38:A>G,,,0.41578947368421054,0.04724541887806664,0.05928748399713864,0.7968868923556752,0.42761396057136175,0.6350287192082855,0.914212323823391,1.0
100040928|F|0-53:C>A-53:C>A,,,0.41578947368421054,0.04661746996732093,0.05854148914777172,0.7963150689530306,0.4279444500637769,0.6341176890416699,0.914212323823391,1.0
100016704|F|0-41:C>T-41:C>T,,,0.39473684210526316,-0.044049348247543696,0.05538791660853897,-0.7952880509817326,0.42853840201576443,0.632483084034323,0.914212323823391,1.0
100032815|F|0-7:G>A-7:G>A,,,0.4787234042553191,-0.041827785820329616,0.05261890906509946,-0.7949192897287323,0.42875178541486436,0.6318966771828322,0.914212323823391,1.0
100018697|F|0-15:T>C-15:T>C,,,0.22631578947368422,-0.04835474044472759,0.06085658342044051,-0.7945687668770146,0.4289546734084065,0.6313395252964595,0.914212323823391,1.0
100039167|F|0-27:C>T-27:C>T,,,0.4263157894736842,-0.0464803290023315,0.058536698732859306,-0.7940374159884076,0.42926233564194644,0.6304954179895474,0.914212323823391,1.0
100028279|F|0-18:C>T-18:C>T,,,0.25263157894736843,0.0631935829585864,0.07961238766099371,0.7937657042479114,0.4294197122661798,0.6300639932401827,0.914212323823391,1.0
100034771|F|0-20:A>G-20:A>G,,,0.07368421052631578,-0.07493152148788736,0.09446455282545857,-0.7932236934031515,0.4297337491164796,0.6292038277761368,0.914212323823391,1.0
100029003|F|0-15:A>G-15:A>G,,,0.07368421052631578,-0.07493152148788736,0.09446455282545857,-0.7932236934031515,0.4297337491164796,0.6292038277761368,0.914212323823391,1.0
100019466|F|0-22:C>T-22:C>T,,,0.11052631578947368,-0.05332062604064056,0.06730389322365311,-0.7922368749673117,0.43030585216613243,0.6276392660579718,0.914212323823391,1.0
100013537|F|0-44:C>G-44:C>G,,,0.23684210526315788,0.04482942618237644,0.056595828543635124,0.7920977099542443,0.4303865685378503,0.6274187821147582,0.914212323823391,1.0
100034394|F|0-13:G>T-13:G>T,,,0.28421052631578947,-0.04687941361791468,0.05942745343577651,-0.7888511270060975,0.4322721364768385,0.6222861005787902,0.9169932921795333,1.0
100044913|F|0-35:T>C-35:T>C,,,0.1,-0.059609799559914814,0.0757781419319392,-0.7866358034148406,0.4335615514239108,0.6187958872141118,0.918139578716437,1.0
100013982|F|0-20:C>G-20:C>G,,,0.14210526315789473,-0.05434633633866416,0.06914814855925336,-0.7859405851205769,0.4339666644844504,0.6177026033396747,0.918139578716437,1.0
100016397|F|0-22:A>T-22:A>T,,,0.07368421052631578,0.07735649110858575,0.09855396413633162,0.7849150644166581,0.43456465508793535,0.6160916583482066,0.918183753313287,1.0
100017248|F|0-68:G>T-68:G>T,,,0.05789473684210526,-0.08372407165918154,0.10694738151745092,-0.7828529363808691,0.43576856462629526,0.6128587200001491,0.9187967709007623,1.0
100015314|F|0-65:G>A-65:G>A,,,0.18947368421052632,-0.05326058655628329,0.06823097164525983,-0.7805925267075312,0.4370904788634179,0.6093246927516478,0.9187967709007623,1.0
100015846|F|0-45:G>T-45:G>T,Vu07 (old2),7540868.0,0.05263157894736842,-0.07836545786433032,0.10064639493074964,-0.7786216080392163,0.43824500884995765,0.606251608505575,0.9187967709007623,1.0
100039190|F|0-22:G>A-22:G>A,,,0.14736842105263157,-0.06424854487532863,0.08255649127520658,-0.7782373485466164,0.43847030889532884,0.6056533706728677,0.9187967709007623,1.0
100049389|F|0-23:C>A-23:C>A,,,0.31382978723404253,-0.04752587017705437,0.06112173237562192,-0.7775609154037952,0.4388670813941172,0.604600977163588,0.9187967709007623,1.0
100033982|F|0-15:A>G-15:A>G,,,0.4368421052631579,-0.043964495225274555,0.05656241960508922,-0.7772739485373578,0.4390354696651702,0.604154791074855,0.9187967709007623,1.0
100014138|F|0-28:A>G-28:A>G,,,0.4631578947368421,-0.037814602912309536,0.04872576124363229,-0.7760700284031238,0.43974232479245406,0.6022846889856254,0.9187967709007623,1.0
100033784|F|0-28:C>T-28:C>T,,,0.15789473684210525,-0.04923231123879365,0.06350467851745355,-0.7752548692182215,0.4402213043305135,0.6010201122465617,0.9187967709007623,1.0
100033932|F|0-52:T>C-52:T>C,,,0.11578947368421053,-0.05737681317998732,0.0740698870242269,-0.77463076406773,0.44058822795677777,0.6000528206401552,0.9187967709007623,1.0
100013175|F|0-57:A>T-57:A>T,,,0.38421052631578945,0.040019858717729694,0.0518236655831028,0.7722313400150189,0.4420005554765448,0.5963412425013918,0.9187967709007623,1.0
100015224|F|0-63:G>C-63:G>C,,,0.2578947368421053,0.04287200935926479,0.05556128905177545,0.7716165353779678,0.4423628598503038,0.5953920776686986,0.9187967709007623,1.0
100042005|F|0-34:A>G-34:A>G,,,0.24736842105263157,-0.041332517796736724,0.05358375743186155,-0.7713628117493663,0.442512429525659,0.5950005873498883,0.9187967709007623,1.0
100015865|F|0-28:C>A-28:C>A,,,0.05789473684210526,-0.08175731500500527,0.10601630752612855,-0.7711767832024855,0.44262211174264715,0.5947136309505333,0.9187967709007623,1.0
100019646|F|0-30:T>C-30:T>C,,,0.2,-0.05098963934310406,0.06616680669410516,-0.770622641331832,0.4429489268161146,0.5938592553332493,0.9187967709007623,1.0
100021892|F|0-24:G>A-24:G>A,,,0.26842105263157895,-0.04586439383432184,0.05959049190428002,-0.7696595944868795,0.44351723447629504,0.5923758913857078,0.9187967709007623,1.0
100033255|F|0-59:G>A-59:G>A,,,0.1827956989247312,0.04560784211539126,0.05961521639651218,0.7650369297000417,0.4462510234594423,0.5852815038048665,0.923257969211928,1.0
100038699|F|0-6:A>C-6:A>C,,,0.2,-0.05568544888772828,0.07297552356687256,-0.7630702208898825,0.4474170633117576,0.5822761620089341,0.9244682438039045,1.0
100017712|F|0-29:G>A-29:G>A,Vu04 (old11),3133419.0,0.3526315789473684,-0.03944415251646659,0.051893702464047724,-0.7600951684608308,0.4491842818878869,0.5777446651174988,0.9249676750481038,1.0
100016381|F|0-40:C>G-40:C>G,Vu08 (old5),3031274.0,0.2736842105263158,0.04145140995631896,0.05463505617386911,0.7586962082441195,0.45001667166520565,0.5756199364040044,0.9249676750481038,1.0
100040372|F|0-41:A>T-41:A>T,,,0.06043956043956044,-0.06689027696341816,0.08826244140583522,-0.757856636390254,0.45051664845578016,0.5743466813207497,0.9249676750481038,1.0
100013847|F|0-11:C>A-11:C>A,,,0.32105263157894737,-0.039913771647116535,0.05268720014506452,-0.7575610686698344,0.4506927392683349,0.5738987727641816,0.9249676750481038,1.0
100029240|F|0-46:A>G-46:A>G,Vu11 (old9),8096401.0,0.2631578947368421,0.04300072352005688,0.056875894320731986,0.7560447889851037,0.4515967182466499,0.5716037229515301,0.9249676750481038,1.0
100016083|F|0-25:C>A-25:C>A,,,0.23404255319148937,-0.04284768161903408,0.05668183874036393,-0.7559331625655547,0.45166330911412583,0.5714349462663613,0.9249676750481038,1.0
100014467|F|0-44:T>A-44:T>A,,,0.06315789473684211,0.06512560431910142,0.08616503192972166,0.7558240606493302,0.45172839944209725,0.5712700106564423,0.9249676750481038,1.0
100022140|F|0-38:C>A-38:C>A,,,0.12631578947368421,-0.06710136773993364,0.08923127895792884,-0.7519937910065245,0.45401695858163255,0.5654946617123645,0.9270825604417654,1.0
100014346|F|0-43:T>C-43:T>C,Vu08 (old5),21386181.0,0.1,-0.056546450747230505,0.07523041721598707,-0.7516434553976384,0.4542266129460188,0.5649678840421016,0.9270825604417654,1.0
100034576|F|0-39:C>T-39:C>T,,,0.35789473684210527,-0.037602880473624055,0.050180684920102366,-0.7493496857106539,0.45560066363743373,0.5615249514746558,0.9270825604417654,1.0
100055734|F|0-19:T>C-19:T>C,,,0.06842105263157895,0.07302236531124764,0.0976076885734454,0.7481210381936418,0.45633764486244294,0.5596850877879325,0.9270825604417654,1.0
100021940|F|0-35:G>A-35:G>A,,,0.3368421052631579,0.03900482769433137,0.052151487441362845,0.7479140022264354,0.4564618985741842,0.5593753547263645,0.9270825604417654,1.0
100019098|F|0-17:C>A-17:C>A,,,0.30526315789473685,-0.04486984284265903,0.060053383586453485,-0.7471659407510974,0.4569110126831343,0.5582569430184724,0.9270825604417654,1.0
100034393|F|0-68:C>A-68:C>A,,,0.08947368421052632,0.06617403947911268,0.08864166274355677,0.7465342755421494,0.45729044238292355,0.5573134245592418,0.9270825604417654,1.0
100034659|F|0-55:C>T-55:C>T,,,0.22580645161290325,-0.04699880464630166,0.06298112429789017,-0.746236355261065,0.4574694600457205,0.5568686979133184,0.9270825604417654,1.0
100048111|F|0-10:T>A-10:T>A,,,0.4105263157894737,0.047941986906328234,0.06432191423251585,0.7453445295956805,0.4580055892565856,0.5555384677982063,0.9270825604417654,1.0
100016054|F|0-59:T>A-59:T>A,,,0.1736842105263158,0.04885860225700265,0.06568722932415993,0.7438067149383073,0.4589309020547537,0.5532484291873163,0.9277751781056075,1.0
100014470|F|0-59:T>C-59:T>C,,,0.11052631578947368,-0.056016221771208005,0.07553093326005593,-0.7416328562807768,0.46024074185017544,0.5500192935151833,0.9286560651983694,1.0
100017840|F|0-30:G>A-30:G>A,,,0.07894736842105263,-0.06132284964968233,0.08274051339271693,-0.7411465935511121,0.4605340260474629,0.5492982731324174,0.9286560651983694,1.0
100018506|F|0-23:C>T-23:C>T,,,0.24736842105263157,0.04910425917272735,0.06649348019352878,0.7384823148045457,0.46214284243205334,0.5453561292790802,0.9307205852017681,1.0
100029330|F|0-22:A>G-22:A>G,,,0.06842105263157895,0.07308142587686879,0.09924331171641215,0.7363864084433118,0.4634106870645389,0.5422649425400401,0.931451592304694,1.0
100013340|F|0-36:T>A-36:T>A,,,0.4473684210526316,-0.03993167538969803,0.054350896917367185,-0.7347013141367008,0.46443145289203613,0.5397860209941951,0.931451592304694,1.0
100030094|F|0-15:T>A-15:T>A,Vu03 (old3),33492365.0,0.3631578947368421,-0.04934695496896076,0.06731155011874304,-0.7331127404124362,0.4653949141061564,0.5374542901550321,0.931451592304694,1.0
100020460|F|0-46:A>G-46:A>G,,,0.08421052631578947,0.06287884807672135,0.08577733631201642,0.733047338378503,0.46543460427252487,0.5373584003038074,0.931451592304694,1.0
100033264|F|0-61:C>T-61:C>T,,,0.07368421052631578,0.06599689496882,0.09006097368776746,0.7328023700656929,0.4655832838195419,0.5369993135738967,0.931451592304694,1.0
100020372|F|0-11:G>T-11:G>T,Vu03 (old3),40582693.0,0.05789473684210526,-0.07609019581130273,0.10402575191205775,-0.7314553791990714,0.4664012973322842,0.5350269717592574,0.931451592304694,1.0
100017507|F|0-36:T>C-36:T>C,,,0.2631578947368421,-0.04357313573497727,0.05972888212774955,-0.7295153396941536,0.4675808872480685,0.5321926308490763,0.931451592304694,1.0
100030532|F|0-16:G>A-16:G>A,,,0.08421052631578947,0.05990074859447645,0.0822664198425551,0.7281312193859535,0.4684234916852347,0.5301750726444755,0.931451592304694,1.0
100016014|F|0-65:T>C-65:T>C,,,0.08421052631578947,0.05990074859447645,0.0822664198425551,0.7281312193859535,0.4684234916852347,0.5301750726444755,0.931451592304694,1.0
100012992|F|0-18:G>T-18:G>T,,,0.26842105263157895,0.04161069803740937,0.05715184174443168,0.7280727403935939,0.46845911047640115,0.5300899153042377,0.931451592304694,1.0
100013433|F|0-44:A>G-44:A>G,,,0.06842105263157895,-0.06483082088324375,0.08918982149054239,-0.7268858688109199,0.4691823478332017,0.5283630662770058,0.931451592304694,1.0
100018213|F|0-23:A>G-23:A>G,,,0.24468085106382978,0.033772017191217404,0.046516379188538126,0.7260242043847429,0.4697078086682465,0.5271111453524989,0.931451592304694,1.0
100038392|F|0-25:C>T-25:C>T,,,0.15263157894736842,0.057176038408317975,0.07888419861196062,0.7248097770451178,0.4704489528309677,0.5253492129001934,0.931451592304694,1.0
100018871|F|0-15:C>A-15:C>A,,,0.09473684210526316,0.06448445820184455,0.08916104017794907,0.7232358222060377,0.47141048656886636,0.5230700545220434,0.931451592304694,1.0
100017716|F|0-8:C>T-8:C>T,,,0.05263157894736842,-0.07786653482817532,0.1077009322972098,-0.7229884938534799,0.47156168032360263,0.5227123622445232,0.931451592304694,1.0
100033535|F|0-8:A>G-8:A>G,,,0.12105263157894737,-0.0526799238495548,0.07291547605287793,-0.7224793240237722,0.47187302539131576,0.5219763736418469,0.931451592304694,1.0
100014402|F|0-62:C>T-62:C>T,,,0.46808510638297873,-0.03973019797463938,0.055170154582966785,-0.720139326687797,0.4733053574605223,0.5186006498423537,0.9322890798257684,1.0
100015338|F|0-49:G>T-49:G>T,,,0.06914893617021277,-0.06075380212750581,0.08465144644095919,-0.717693609286157,0.47480499722125913,0.515084116810191,0.9322890798257684,1.0
100013445|F|0-24:G>T-24:G>T,,,0.24736842105263157,-0.0481934930381753,0.06726983979293974,-0.7164205115772168,0.4755866706444599,0.513258349408561,0.9322890798257684,1.0
100030380|F|0-14:C>T-14:C>T,,,0.06842105263157895,-0.07158151318712677,0.1005637597663683,-0.7118022770173504,0.4784282500598934,0.5066624815670849,0.9322890798257684,1.0
100041269|F|0-22:G>C-22:G>C,,,0.06842105263157895,-0.07158151318712677,0.1005637597663683,-0.7118022770173504,0.4784282500598934,0.5066624815670849,0.9322890798257684,1.0
100030376|F|0-12:T>C-12:T>C,,,0.4789473684210526,-0.03924865592966314,0.05515146713505518,-0.7116520732540231,0.47852082789374817,0.5064486733667495,0.9322890798257684,1.0
100021620|F|0-68:T>C-68:T>C,Vu02 (old7),26207208.0,0.4421052631578948,0.043090924854512595,0.06080653900308549,0.7086561011526415,0.4803694674613001,0.502193469700863,0.9322890798257684,1.0
100017951|F|0-58:G>A-58:G>A,,,0.3684210526315789,0.03690727146253201,0.05219930565328147,0.7070452566491535,0.4813650592543699,0.49991299495006736,0.9322890798257684,1.0
100038514|F|0-16:A>T-16:A>T,,,0.35789473684210527,-0.04710838188791861,0.06675299092002841,-0.705711927490343,0.4821899940870167,0.49802932460213506,0.9322890798257684,1.0
100041652|F|0-42:T>C-42:T>C,,,0.3526315789473684,-0.05569628037892443,0.07900519388598279,-0.7049698588083098,0.48264945254479313,0.4969825018282082,0.9322890798257684,1.0
100013542|F|0-30:C>G-30:C>G,,,0.12105263157894737,-0.05381069969452954,0.07634541594531515,-0.7048320980145446,0.48273477498194317,0.4967882863915846,0.9322890798257684,1.0
100041895|F|0-45:G>A-45:G>A,,,0.07894736842105263,-0.060579858896102436,0.08599074604484135,-0.704492770239626,0.4829449738846033,0.49631006331990246,0.9322890798257684,1.0
100034526|F|0-38:G>A-38:G>A,,,0.19473684210526315,-0.04782053775254345,0.06796732050008372,-0.703581329978788,0.4835098218966201,0.49502668789472015,0.9322890798257684,1.0
100035251|F|0-22:T>A-22:T>A,,,0.28421052631578947,0.04035411749304387,0.057378822342155966,0.7032928848279251,0.4836886562824713,0.4946208818495851,0.9322890798257684,1.0
100030002|F|0-15:C>G-15:C>G,,,0.23684210526315788,0.03682907225754187,0.05237971302752211,0.7031171063917552,0.483797655825267,0.49437366530071475,0.9322890798257684,1.0
100040378|F|0-57:G>A-57:G>A,,,0.3368421052631579,0.03859417074420338,0.055026392367186504,0.7013756323814163,0.4848782689794548,0.49192777769843166,0.9322890798257684,1.0
100016790|F|0-63:A>T-63:A>T,,,0.24736842105263157,0.04176245737324583,0.059608555269058165,0.7006118028652181,0.4853526568188429,0.49085689831405116,0.9322890798257684,1.0
100054129|F|0-61:T>A-61:T>A,,,0.08421052631578947,-0.05836840813433016,0.08331727285413774,-0.7005559127759118,0.48538737822953143,0.4907785869252909,0.9322890798257684,1.0
100046610|F|0-39:T>C-39:T>C,,,0.2789473684210526,0.050692517569037435,0.07281996968023827,0.6961348348761297,0.4881382755387289,0.48460370832801636,0.9322890798257684,1.0
100035052|F|0-17:C>T-17:C>T,,,0.08522727272727272,0.0631816932890382,0.09083190914145353,0.6955891810073556,0.48847838579655434,0.48384430873448364,0.9322890798257684,1.0
100020307|F|0-56:C>T-56:C>T,,,0.11052631578947368,-0.05811723221648319,0.08359164680336069,-0.6952516721341427,0.4886888226779055,0.4833748876053215,0.9322890798257684,1.0
100017582|F|0-57:G>A-57:G>A,,,0.0967741935483871,0.050772018567125016,0.07305793766931862,0.6949555405866215,0.4888735016922039,0.48296320339204324,0.9322890798257684,1.0
100015067|F|0-38:T>A-38:T>A,,,0.25,-0.03940450802100904,0.05672128155187622,-0.6947041206212948,0.48903032685149095,0.48261381520820656,0.9322890798257684,1.0
100051142|F|0-37:G>C-37:G>C,,,0.2765957446808511,0.03555312498601544,0.051177534329723606,0.6947017954588406,0.4890317773182416,0.4826105846137368,0.9322890798257684,1.0
100013199|F|0-52:T>C-52:T>C,,,0.1,-0.05214740265483916,0.07528202419337447,-0.6926939493668479,0.4902851770994336,0.4798249074894413,0.9322890798257684,1.0
100015215|F|0-15:G>A-15:G>A,,,0.18947368421052632,-0.05792684414369719,0.08378952329940309,-0.6913375546571447,0.49113290088231354,0.4779476144793206,0.9322890798257684,1.0
100059522|F|0-10:G>T-10:G>T,,,0.19473684210526315,0.03965666281909986,0.05736270363851895,0.6913318289354563,0.4911364810576391,0.477939697699243,0.9322890798257684,1.0
100018445|F|0-45:A>G-45:A>G,,,0.3894736842105263,-0.03764470783448307,0.054500458972258733,-0.690722767190724,0.49151739615362106,0.4770979411156111,0.9322890798257684,1.0
100019329|F|0-51:C>A-51:C>A,,,0.3263157894736842,0.04396512368484722,0.06376932631655391,0.6894399897938752,0.4923201889641228,0.4753274995269788,0.9322890798257684,1.0
100015099|F|0-66:G>T-66:G>T,,,0.26842105263157895,-0.040622356296611276,0.05920409359084001,-0.6861410053391362,0.4943880520113889,0.4707894792078006,0.9322890798257684,1.0
100034797|F|0-19:G>T-19:G>T,,,0.08947368421052632,0.06233572334513602,0.09089333409978931,0.6858118250640837,0.4945946469728851,0.4703378593977293,0.9322890798257684,1.0
100016631|F|0-38:C>G-38:C>G,,,0.3263157894736842,-0.042355156378277595,0.0618575180741342,-0.6847212383709985,0.49527943903911886,0.4688431742763138,0.9322890798257684,1.0
100016722|F|0-34:C>T-34:C>T,,,0.2554347826086956,-0.045856183180384674,0.06704494111542714,-0.6839618682256267,0.4957565602894909,0.4678038371866895,0.9322890798257684,1.0
100021965|F|0-19:C>T-19:C>T,,,0.06842105263157895,-0.07049637130184111,0.10317009448066596,-0.6833023819228169,0.49617112563805515,0.4669021451413951,0.9322890798257684,1.0
100029934|F|0-27:G>C-27:G>C,,,0.28421052631578947,0.03568491144743182,0.05222750509840518,0.6832589720721983,0.49619842047134494,0.46684282291715706,0.9322890798257684,1.0
100036187|F|0-16:T>C-16:T>C,,,0.2315789473684211,-0.05857353238848073,0.08580857244603238,-0.6826070020605389,0.4966084579251489,0.4659523192620766,0.9322890798257684,1.0
100014028|F|0-53:G>A-53:G>A,,,0.1368421052631579,-0.05783803435897694,0.08478024487333173,-0.6822112208497564,0.4968574624956631,0.4654121498533151,0.9322890798257684,1.0
100034804|F|0-11:G>A-11:G>A,Vu01 (old4),5843731.0,0.4789473684210526,-0.034700941875538176,0.0508702394646242,-0.6821462261774813,0.4968983601666395,0.4653234738881795,0.9322890798257684,1.0
100014670|F|0-19:A>G-19:A>G,Vu11 (old9),34116227.0,0.07368421052631578,0.06333616101037273,0.09297214348805441,0.681238042215414,0.49747002252916067,0.46408527016149015,0.9322890798257684,1.0
100029593|F|0-34:A>G-34:A>G,,,0.05263157894736842,0.072483861194759,0.10654655065740519,0.6803022786521454,0.4980594173130785,0.46281119033930135,0.9322890798257684,1.0
100019383|F|0-67:A>T-67:A>T,,,0.18421052631578946,-0.053223170153481825,0.07832584243211492,-0.6795097058753041,0.49855891808105,0.4617334403787423,0.9322890798257684,1.0
100021979|F|0-26:G>A-26:G>A,,,0.21052631578947367,0.0457513757795222,0.0673531757912178,0.6792757021783631,0.4987064452949592,0.46141547956990825,0.9322890798257684,1.0
100015393|F|0-56:G>A-56:G>A,,,0.07368421052631578,-0.0641676625537373,0.09455790388348113,-0.6786070748015717,0.4991281102278356,0.4605075619707459,0.9322890798257684,1.0
100053174|F|0-19:G>C-19:G>C,,,0.11052631578947368,-0.05054675165787114,0.07480861571963644,-0.6756808847701103,0.5009757539175457,0.45654465804371913,0.9322890798257684,1.0
100019659|F|0-63:G>T-63:G>T,,,0.10526315789473684,0.05643138306688642,0.08353385944350179,0.6755510094089912,0.5010578446433744,0.4563691663135069,0.9322890798257684,1.0
100020726|F|0-7:G>A-7:G>A,Vu08 (old5),37188871.0,0.1631578947368421,0.042645070218306214,0.06314470770403072,0.6753546222462607,0.5011819894539913,0.45610386578938955,0.9322890798257684,1.0
100021815|F|0-12:C>A-12:C>A,,,0.14210526315789473,-0.044867889390861886,0.06649170344982953,-0.67478929043706,0.5015394525872705,0.45534058648855097,0.9322890798257684,1.0
100017594|F|0-13:G>T-13:G>T,,,0.43157894736842106,0.036505332790302436,0.05415519332056851,0.6740873875975523,0.5019834614386813,0.45439380611809266,0.9322890798257684,1.0
100040147|F|0-11:C>G-11:C>G,,,0.3736842105263158,0.053999984841465426,0.08012345253375955,0.6739597849794708,0.5020642028611476,0.45422179176957456,0.9322890798257684,1.0
100013911|F|0-62:A>G-62:A>G,,,0.4842105263157895,-0.034688634675191746,0.05159137008555303,-0.6723728138575932,0.5030689530926629,0.45208520081477765,0.9322890798257684,1.0
100021973|F|0-54:T>C-54:T>C,,,0.16842105263157894,0.043507958795503746,0.06471308884323171,0.6723208484283966,0.5031018719317247,0.45201532323147897,0.9322890798257684,1.0
100034020|F|0-16:G>A-16:G>A,,,0.35789473684210527,0.03751171808511612,0.055867713158605316,0.6714382236950069,0.5036611699824731,0.45082928823870616,0.9322890798257684,1.0
100014517|F|0-34:C>T-34:C>T,,,0.20526315789473684,-0.0408278577688021,0.06082414490319197,-0.6712442539682874,0.5037841286463284,0.45056884848544265,0.9322890798257684,1.0
100034834|F|0-45:G>A-45:G>A,,,0.14210526315789473,-0.04670071247126782,0.0696792280791561,-0.670224308716731,0.5044309435099064,0.4492006239948199,0.9322890798257684,1.0
100030242|F|0-19:A>G-19:A>G,,,0.23157894736842105,0.03699332924624439,0.05560872547381577,0.665243249706618,0.5075961495556292,0.4425485812802217,0.9322890798257684,1.0
100016417|F|0-54:G>T-54:G>T,,,0.28421052631578947,-0.03945287372486775,0.05933727476878359,-0.6648919061180627,0.5078198098824231,0.4420812468213107,0.9322890798257684,1.0
100029202|F|0-28:C>T-28:C>T,,,0.4421052631578947,-0.034072534834281486,0.05124933206054956,-0.6648386128042761,0.5078537402400597,0.4420103810755142,0.9322890798257684,1.0
100020454|F|0-11:G>A-11:G>A,,,0.4052631578947368,0.03778886028216387,0.05690895062161781,0.6640231434492335,0.5083730775327249,0.44092673503620133,0.9322890798257684,1.0
100038543|F|0-16:T>C-16:T>C,Vu08 (old5),28171940.0,0.29473684210526313,0.03427931972638142,0.05164916027798036,0.6636955865668887,0.5085817640838857,0.4404918316283664,0.9322890798257684,1.0
100015749|F|0-20:C>T-20:C>T,Vu09 (old8),33437303.0,0.3894736842105263,-0.033635606543959105,0.050687912741701265,-0.6635823951828831,0.5086538889504246,0.440341595196652,0.9322890798257684,1.0
100015576|F|0-58:G>T-58:G>T,,,0.12105263157894737,-0.04889340734431311,0.0738039938207886,-0.6624764435246748,0.5093588814208554,0.43887503822510165,0.9322890798257684,1.0
100034532|F|0-64:T>C-64:T>C,,,0.05263157894736842,-0.06998693690989483,0.10588085529358779,-0.6609970869222217,0.5103027148682782,0.4369171489196631,0.9322890798257684,1.0
100014294|F|0-58:C>T-58:C>T,,,0.06315789473684211,-0.06676844747199463,0.10110993653918643,-0.6603549537993991,0.5107126867553221,0.43606866500740654,0.9322890798257684,1.0
100058370|F|0-6:C>T-6:C>T,,,0.2894736842105263,0.04476841951549703,0.06782694167589966,0.660038893238263,0.5109145408611048,0.4356513405871912,0.9322890798257684,1.0
100045000|F|0-23:G>A-23:G>A,Vu09 (old8),33438135.0,0.05263157894736842,-0.07034037825124702,0.10658306547143671,-0.6599582958148037,0.5109660217042648,0.43554495221477996,0.9322890798257684,1.0
100029543|F|0-46:T>C-46:T>C,,,0.24210526315789474,-0.035993713020266806,0.05462557500496115,-0.6589168721244183,0.5116314690156528,0.43417144437022703,0.9322890798257684,1.0
100013792|F|0-5:A>G-5:A>G,Vu03 (old3),47359227.0,0.3526315789473684,0.03454287173505053,0.052453613464173675,0.658541317818717,0.5118715529174189,0.4336766672744125,0.9322890798257684,1.0
100013882|F|0-67:C>T-67:C>T,,,0.2894736842105263,0.03433069271507196,0.0523417223276573,0.6558953582032143,0.5135647513173239,0.4301987209125228,0.9322890798257684,1.0
100015398|F|0-67:C>T-67:C>T,,,0.08421052631578947,0.05330518385547186,0.08144784529317603,0.6544701540427116,0.5144779925912368,0.42833118253269065,0.9322890798257684,1.0
100035964|F|0-51:G>A-51:G>A,,,0.23157894736842105,-0.03895633883696047,0.05965028428285012,-0.6530788462337755,0.5153703410572281,0.4265119793980394,0.9322890798257684,1.0
100029094|F|0-17:C>T-17:C>T,,,0.2925531914893617,-0.0350867786339203,0.053791598018729174,-0.652272472398083,0.515887901896458,0.4254593782483079,0.9322890798257684,1.0
100021275|F|0-33:T>A-33:T>A,,,0.42105263157894735,0.03327161263945666,0.05102932194725594,0.6520096950111604,0.5160566214445516,0.42511664238854635,0.9322890798257684,1.0
100029793|F|0-30:G>A-30:G>A,,,0.09473684210526316,-0.04963982829255226,0.07632062624721576,-0.6504117003935507,0.5170832602902868,0.4230353800088299,0.9322890798257684,1.0
100038797|F|0-19:T>G-19:T>G,,,0.24210526315789474,0.039223428157697394,0.060325219585442735,0.6501995090484929,0.5172196644143949,0.42275940156690117,0.9322890798257684,1.0
100036126|F|0-34:T>C-34:T>C,,,0.3,-0.03261558711420954,0.05030663352121851,-0.6483357130318176,0.5184185920515583,0.42033919679247533,0.9322890798257684,1.0
100016117|F|0-56:G>A-56:G>A,,,0.4052631578947368,-0.03435539250600422,0.05307391766534906,-0.647312164190099,0.5190776330286612,0.4190130379084696,0.9322890798257684,1.0
100015370|F|0-45:C>T-45:C>T,Vu06 (old6),29854679.0,0.07894736842105263,0.05941740596318914,0.09182236207941334,0.6470908024757792,0.5192202208826705,0.4187265066487479,0.9322890798257684,1.0
100014890|F|0-17:C>T-17:C>T,,,0.07894736842105263,-0.05898643438796314,0.09136171645335738,-0.6456362323060919,0.5201576783494245,0.4168461444664059,0.9322890798257684,1.0
100039949|F|0-62:A>T-62:A>T,,,0.5,0.041342673212495115,0.06426679281389802,0.6432975943301554,0.5216667675367015,0.4138317948709652,0.9322890798257684,1.0
100019999|F|0-68:T>C-68:T>C,,,0.21505376344086022,-0.04205269873305314,0.06538806253790544,-0.6431250154976713,0.5217782208167957,0.41360978555887995,0.9322890798257684,1.0
100033734|F|0-65:A>G-65:A>G,,,0.12631578947368421,0.04478067190964685,0.07010246828795888,0.6387888044926171,0.5245826744900203,0.408051136745107,0.9322890798257684,1.0
100045002|F|0-68:G>C-68:G>C,,,0.05319148936170204,0.06788268821201217,0.10667923628769589,0.6363252172985567,0.526179494653061,0.40490978217005547,0.9322890798257684,1.0
100013478|F|0-51:G>A-51:G>A,,,0.43157894736842106,0.031522941053224764,0.049576975335895404,0.6358383269582218,0.5264953803599626,0.4042903780290306,0.9322890798257684,1.0
100017508|F|0-26:G>A-26:G>A,,,0.4368421052631579,-0.03126490844008266,0.04935097237193217,-0.6335216296136089,0.5279997599371008,0.4013496551882827,0.9322890798257684,1.0
100047135|F|0-14:G>A-14:G>A,,,0.2127659574468085,0.03962316108446665,0.0625954891093763,0.6330034583679197,0.5283365461748047,0.40069337830574664,0.9322890798257684,1.0
100021389|F|0-57:T>C-57:T>C,,,0.2736842105263158,-0.032081664122555135,0.05069006034102063,-0.6328985190927705,0.5284047651704259,0.400560535469822,0.9322890798257684,1.0
100020334|F|0-65:G>A-65:G>A,Vu08 (old5),423524.0,0.46842105263157896,0.03515924758697523,0.05571941474586502,0.6310053281667756,0.5296362749688756,0.3981677241748601,0.9322890798257684,1.0
100036188|F|0-25:T>C-25:T>C,,,0.26842105263157895,0.047281242907775294,0.0749549055953354,0.630795843610771,0.5297726345714371,0.3979033963166243,0.9322890798257684,1.0
100032761|F|0-35:G>T-35:G>T,,,0.07368421052631578,0.055856723544155794,0.08855085101611467,0.6307869761069927,0.5297784070882866,0.39789220922620383,0.9322890798257684,1.0
100016864|F|0-56:A>G-56:A>G,,,0.13297872340425532,-0.04279226843810229,0.06815663281313379,-0.6278518564059141,0.5316908787976309,0.3941979535923526,0.9322890798257684,1.0
100032856|F|0-37:A>G-37:A>G,,,0.18947368421052632,0.04501685768356329,0.0718095946807006,0.6268919617737646,0.5323171001265987,0.39299353173655915,0.9322890798257684,1.0
100058913|F|0-33:A>C-33:A>C,,,0.12631578947368421,0.051287775540727186,0.082152288776796,0.6243012374259433,0.5340091443368524,0.3897520350515641,0.9322890798257684,1.0
100058916|F|0-28:C>T-28:C>T,,,0.12631578947368421,0.051287775540727186,0.082152288776796,0.6243012374259433,0.5340091443368524,0.3897520350515641,0.9322890798257684,1.0
100013356|F|0-7:G>A-7:G>A,,,0.3368421052631579,0.03100190238828616,0.04971736241974949,0.6235628939151268,0.534491873699345,0.3888306826678076,0.9322890798257684,1.0
100043230|F|0-12:G>T-12:G>T,,,0.08421052631578947,0.06589804265829366,0.10589880090514768,0.6222737377103804,0.5353352611100783,0.38722460464404734,0.9322890798257684,1.0
100016098|F|0-43:C>A-43:C>A,,,0.08421052631578947,0.05674336600283116,0.0914172333942004,0.6207075394433346,0.5363608107909777,0.3852778495217987,0.9322890798257684,1.0
100018573|F|0-44:G>C-44:G>C,,,0.08421052631578947,0.05674336600283116,0.0914172333942004,0.6207075394433346,0.5363608107909777,0.3852778495217987,0.9322890798257684,1.0
100014515|F|0-36:T>C-36:T>C,,,0.3894736842105263,0.03133292267894595,0.05052215902542289,0.620181783268192,0.5367053021798354,0.3846254442977146,0.9322890798257684,1.0
100032852|F|0-43:C>T-43:C>T,,,0.16842105263157894,-0.03965658180424775,0.06401518262314237,-0.6194871306968879,0.5371606330494172,0.38376430509906306,0.9322890798257684,1.0
100045148|F|0-42:T>C-42:T>C,,,0.1827956989247312,0.037766741291870805,0.061013755620285944,0.6189873235620668,0.5374883687015081,0.3831453067305307,0.9322890798257684,1.0
100020012|F|0-39:A>C-39:A>C,,,0.08947368421052632,-0.052040844744765925,0.08415172957840965,-0.6184168169268117,0.5378625885128419,0.38243935945788976,0.9322890798257684,1.0
100016006|F|0-20:G>A-20:G>A,Vu07 (old2),32542535.0,0.05263157894736842,0.06597684461132762,0.10671396718981781,0.6182587560817704,0.5379662909351197,0.38224388947177806,0.9322890798257684,1.0
100049995|F|0-28:T>A-28:T>A,,,0.09473684210526316,-0.053765440327480464,0.08699788849681517,-0.6180085661440935,0.5381304593562102,0.3819345878274784,0.9322890798257684,1.0
100058582|F|0-53:G>A-53:G>A,,,0.28421052631578947,0.032054630762261296,0.05188607691763242,0.617788676009309,0.5382747669032013,0.3816628482053349,0.9322890798257684,1.0
100016185|F|0-62:C>T-62:C>T,,,0.41578947368421054,-0.03569678666677923,0.057796515268022854,-0.617628701336761,0.5383797660664679,0.3814652127149339,0.9322890798257684,1.0
100022022|F|0-32:T>G-32:T>G,,,0.1,0.04338612799582946,0.07063682070751039,0.6142140538215994,0.5406234538541604,0.37725890391196265,0.9322890798257684,1.0
100019488|F|0-31:C>T-31:C>T,,,0.07065217391304349,0.0450204984048737,0.07332214777147324,0.6140095424535478,0.5407579843641156,0.3770077182240151,0.9322890798257684,1.0
100014878|F|0-32:G>A-32:G>A,,,0.1,0.05101701350402842,0.08320468974517496,0.6131506969171397,0.5413231309484832,0.3759537771299742,0.9322890798257684,1.0
100015847|F|0-7:G>A-7:G>A,,,0.05789473684210526,0.05818304733552242,0.09492084039856526,0.6129638875005353,0.5414460969463344,0.3757247273797689,0.9322890798257684,1.0
100047320|F|0-54:C>T-54:C>T,,,0.12631578947368421,0.054588698647252125,0.08916832862596324,0.6121982938161462,0.5419501917539928,0.37478675095140046,0.9322890798257684,1.0
100030652|F|0-8:A>C-8:A>C,,,0.12631578947368421,0.054588698647252125,0.08916832862596324,0.6121982938161462,0.5419501917539928,0.37478675095140046,0.9322890798257684,1.0
100038944|F|0-45:C>T-45:C>T,,,0.07368421052631578,-0.052774986419079635,0.08620904144534519,-0.6121746110880716,0.5419657891212672,0.3747577544608317,0.9322890798257684,1.0
100034507|F|0-30:A>G-30:A>G,,,0.17894736842105263,0.03957354754746338,0.06472215268600683,0.6114374430567933,0.54245139939791,0.3738557467718293,0.9322890798257684,1.0
100034454|F|0-32:T>C-32:T>C,Vu05 (old1),11968566.0,0.19473684210526315,0.04207490338860489,0.06881984996144852,0.6113774356115916,0.5424909390755527,0.37378236877500587,0.9322890798257684,1.0
100014593|F|0-28:A>C-28:A>C,,,0.07894736842105263,0.05668366613189865,0.09279904009761294,0.6108216860031586,0.5428571990376935,0.37310313209174123,0.9322890798257684,1.0
100017304|F|0-37:T>A-37:T>A,,,0.46842105263157896,-0.030527296114475126,0.050026142538410485,-0.6102268647045096,0.5432493474463717,0.37237682640709585,0.9322890798257684,1.0
100016887|F|0-60:G>T-60:G>T,,,0.06842105263157895,0.06107581731490996,0.10012920414715319,0.6099700665267539,0.543418691337132,0.3720634820586526,0.9322890798257684,1.0
100015678|F|0-23:A>G-23:A>G,,,0.30526315789473685,-0.03182887324086178,0.05223432519229743,-0.6093478402120781,0.5438291252024756,0.3713047903711243,0.9322890798257684,1.0
100041229|F|0-52:A>T-52:A>T,,,0.46842105263157896,-0.034847900202725934,0.0572240938463938,-0.6089725124572158,0.5440767752545322,0.3708475209284539,0.9322890798257684,1.0
100019105|F|0-61:T>C-61:T>C,,,0.13157894736842105,-0.04331514953545793,0.07113976233473908,-0.6088739702508988,0.5441418051614259,0.37072751164909246,0.9322890798257684,1.0
100013042|F|0-30:A>G-30:A>G,,,0.42105263157894735,0.030505521329859144,0.050129009542551395,0.6085402765431642,0.5443620452674597,0.3703212681752308,0.9322890798257684,1.0
100041804|F|0-41:G>A-41:G>A,,,0.3707865168539326,-0.0329195946293394,0.054128563304242726,-0.6081741805025719,0.5446037229439494,0.3698758338299749,0.9322890798257684,1.0
100034443|F|0-52:T>G-52:T>G,,,0.4421052631578948,0.030184720522258218,0.04963720472447082,0.6081067757503545,0.544648225983968,0.36979385071349197,0.9322890798257684,1.0
100015597|F|0-7:A>G-7:A>G,,,0.19473684210526315,0.04228496586494959,0.06970788136635625,0.606602367424094,0.5456419682139567,0.3679664321645156,0.9322890798257684,1.0
100015162|F|0-62:C>T-62:C>T,,,0.12105263157894737,-0.04425443874657633,0.07301307345820164,-0.6061166398084996,0.5459630124847993,0.3673773810527465,0.9322890798257684,1.0
100018441|F|0-12:A>C-12:A>C,,,0.08421052631578947,0.053510805603077354,0.08843808990755228,0.6050651439782818,0.5466583303158786,0.3661038284574589,0.9322890798257684,1.0
100020292|F|0-58:T>C-58:T>C,Vu07 (old2),39103737.0,0.3105263157894737,-0.037037064697702224,0.061220572096085786,-0.6049774353557574,0.5467163491372985,0.36599769728962966,0.9322890798257684,1.0
100049636|F|0-5:T>C-5:T>C,,,0.05172413793103448,-0.055185729242694555,0.09145841667560134,-0.6033969452853718,0.547762366534579,0.36408787357971795,0.9330727250069756,1.0
100033265|F|0-68:G>A-68:G>A,,,0.05789473684210526,-0.06320285048685337,0.10502424940840015,-0.6017929272798803,0.5488249830455099,0.3621547273240873,0.9338829390646056,1.0
100043408|F|0-39:C>A-39:C>A,,,0.05851063829787234,-0.0598923917399009,0.09977599558280523,-0.600268545455861,0.5498358006486885,0.360322326663695,0.9345115454383017,1.0
100017539|F|0-11:A>T-11:A>T,,,0.07368421052631578,-0.05978547149696022,0.09976852419717312,-0.5992418147712183,0.5505171510914495,0.3590907525703031,0.9345115454383017,1.0
100018789|F|0-23:A>C-23:A>C,,,0.13157894736842105,-0.044644611771087264,0.07466464869217514,-0.5979350677071628,0.5513849343862759,0.3575263451939693,0.9345115454383017,1.0
100040569|F|0-37:C>T-37:C>T,,,0.07368421052631578,-0.0565108149622573,0.09454778580721683,-0.5976958051400907,0.5515438976534037,0.3572402754820613,0.9345115454383017,1.0
100013879|F|0-63:G>A-63:G>A,,,0.23684210526315788,-0.04094765667565571,0.06876771461559139,-0.5954488513185493,0.55303786400913,0.35455933453657984,0.9353265038428888,1.0
100041362|F|0-27:G>A-27:G>A,,,0.49468085106382986,-0.03189405154367296,0.053585058346936644,-0.5952041954899967,0.5532006537499424,0.3542680343288942,0.9353265038428888,1.0
100016431|F|0-28:C>T-28:C>T,,,0.1,-0.045371053123778385,0.07678333900315924,-0.5908971101388493,0.5560704180458592,0.3491593947704434,0.9391805043640785,1.0
100051143|F|0-41:A>G-41:A>G,,,0.43157894736842106,0.03176635742408623,0.05392626421481038,0.5890702403850531,0.5572898682348235,0.3470037481073042,0.9398209459118377,1.0
100044127|F|0-8:G>A-8:G>A,,,0.06315789473684211,0.07079768498925446,0.12028976813773519,0.5885594933410222,0.5576310326466215,0.34640227720184075,0.9398209459118377,1.0
100020253|F|0-17:T>C-17:T>C,,,0.3684210526315789,-0.03297001359435282,0.05631406424869191,-0.5854667752047157,0.5596990846536916,0.3427713448686091,0.9423081943746279,1.0
100044964|F|0-65:T>A-65:T>A,,,0.15263157894736842,0.04484781948979479,0.07712787489746492,0.5814735534904368,0.5623748715537213,0.3381114934087959,0.9458122839767131,1.0
100014225|F|0-25:G>A-25:G>A,,,0.12631578947368421,0.046758008284416605,0.08078686978848486,0.5787822749765874,0.564181785721168,0.334988921827074,0.947025998327048,1.0
100014483|F|0-57:T>A-57:T>A,,,0.24736842105263157,0.03157830876942661,0.05459752269602224,0.5783835458110864,0.564449732515565,0.3345275260650051,0.947025998327048,1.0
100016651|F|0-34:T>C-34:T>C,,,0.39473684210526316,-0.02863000611609553,0.04962539792877873,-0.5769224492100734,0.5654321241733293,0.3328395124025497,0.947025998327048,1.0
100039187|F|0-27:A>C-27:A>C,,,0.05851063829787234,0.0503376605523635,0.08726224247284937,0.5768549962261796,0.565477497429727,0.3327616866711057,0.947025998327048,1.0
100017336|F|0-39:A>G-39:A>G,Vu07 (old2),40087974.0,0.28421052631578947,-0.03478385399599115,0.060398316265403984,-0.5759076766832862,0.5661149138874912,0.33166965206274057,0.947096559405887,1.0
100038883|F|0-23:A>G-23:A>G,,,0.41578947368421054,-0.03370478498374874,0.058614665665192425,-0.5750230697598928,0.5667104497333991,0.33065153075609055,0.9470969805943678,1.0
100017394|F|0-18:C>T-18:C>T,,,0.3684210526315789,0.031183132473831598,0.054433216239058335,0.5728695570161123,0.5681615149385301,0.3281795293558368,0.947419189293238,1.0
100017158|F|0-22:G>A-22:G>A,Vu02 (old7),30259566.0,0.3,-0.03199347765597319,0.05598369743730095,-0.5714784682059335,0.5690998084997024,0.32658763962300014,0.947419189293238,1.0
100016783|F|0-52:G>T-52:G>T,Vu07 (old2),39495827.0,0.06914893617021277,-0.04709511123728358,0.08244805171383837,-0.5712095102106454,0.5692813082370383,0.3262803045550854,0.947419189293238,1.0
100048583|F|0-60:A>G-60:A>G,,,0.3602150537634409,0.02737239968092588,0.047920553077568914,0.5712037512717816,0.5692851948235924,0.3262737254669553,0.947419189293238,1.0
100029346|F|0-46:T>A-46:T>A,,,0.20430107526881713,0.03353157359677946,0.05887857214401582,0.5695038513291711,0.5704329841530588,0.32433463667875867,0.9483373853579065,1.0
100035334|F|0-35:T>C-35:T>C,,,0.43478260869565216,-0.03301073623074605,0.05838162317956033,-0.5654302575524015,0.5731880688707729,0.3197113761557751,0.9514247498352943,1.0
100029259|F|0-42:A>G-42:A>G,,,0.11578947368421053,0.04621619342019179,0.08179998973820347,0.5649902104890754,0.5734860685682258,0.31921393794848973,0.9514247498352943,1.0
100029518|F|0-19:G>C-19:G>C,,,0.3894736842105263,-0.028243887867817664,0.0503462383435802,-0.5609930115348752,0.5761963843986005,0.3147131589909687,0.9537556988554994,1.0
100017423|F|0-27:G>C-27:G>C,,,0.08947368421052632,0.049967352595349526,0.08917249669647226,0.560344887117266,0.5766364259978438,0.3139863925184616,0.9537556988554994,1.0
100020673|F|0-43:T>A-43:T>A,,,0.06842105263157895,-0.05687226673681057,0.10175364669086505,-0.5589211648560629,0.5776036220855018,0.31239286852405823,0.9537556988554994,1.0
100016903|F|0-35:A>G-35:A>G,,,0.07894736842105263,-0.04678604913449343,0.0838362300113642,-0.5580648023909409,0.5781857598878102,0.31143632366763996,0.9537556988554994,1.0
100015896|F|0-17:T>A-17:T>A,,,0.05789473684210526,0.06008798154411439,0.10768744190866751,0.5579850396583527,0.5782399952515938,0.3113473044825334,0.9537556988554994,1.0
100019784|F|0-32:C>G-32:C>G,,,0.1736842105263158,0.03497587020930713,0.06319702849790246,0.5534416892792356,0.5813332936508968,0.30629770343225404,0.9537556988554994,1.0
100044261|F|0-5:T>A-5:T>A,Vu09 (old8),3387810.0,0.4105263157894737,-0.027844944283432378,0.05035755586805932,-0.5529447131308017,0.5816721322559327,0.30574785577930463,0.9537556988554994,1.0
100014015|F|0-51:C>G-51:C>G,,,0.4368421052631579,-0.032568120464609544,0.05892442659459611,-0.5527100108870017,0.5818321849990566,0.3054883561347095,0.9537556988554994,1.0
100034680|F|0-38:A>C-38:A>C,,,0.1,0.047175105523277944,0.08548830330068079,0.5518311125833546,0.5824317263472949,0.304517576814983,0.9537556988554994,1.0
100014058|F|0-63:C>T-63:C>T,,,0.1,0.047175105523277944,0.08548830330068079,0.5518311125833546,0.5824317263472949,0.304517576814983,0.9537556988554994,1.0
100034199|F|0-61:A>C-61:A>C,,,0.11052631578947368,0.0401562037179826,0.07280428158334713,0.551563765820714,0.5826141553572017,0.30422258776632743,0.9537556988554994,1.0
100041312|F|0-45:T>A-45:T>A,,,0.28421052631578947,0.04037728683956507,0.07332186571703278,0.5506854803093938,0.5832136605006223,0.30325449822358774,0.9537556988554994,1.0
100051718|F|0-23:T>C-23:T>C,,,0.4157894736842105,-0.0383414219936861,0.06967174653201227,-0.5503152124379321,0.5834664876573576,0.3028468330406064,0.9537556988554994,1.0
100016625|F|0-16:T>C-16:T>C,,,0.1736842105263158,0.03533861274083999,0.06426629118816918,0.5498778922432278,0.5837651665081846,0.3023656963778549,0.9537556988554994,1.0
100034109|F|0-45:G>A-45:G>A,,,0.4105263157894737,0.033054870413406136,0.06013199406207144,0.5497052098303133,0.5838831242522039,0.30217581771458885,0.9537556988554994,1.0
100019753|F|0-24:T>G-24:T>G,,,0.11052631578947368,0.039369337100865764,0.07179159730759953,0.5483836350956675,0.5847862530802217,0.3007246112407382,0.9542512088724437,1.0
100030243|F|0-51:A>G-51:A>G,,,0.15294117647058822,0.03016591185733281,0.05521560669391346,0.5463294467550976,0.5861913399352314,0.29847586439173107,0.9548216672200864,1.0
100016740|F|0-47:T>C-47:T>C,Vu06 (old6),33896302.0,0.10526315789473684,-0.04497982311283513,0.08247336237333731,-0.5453860715563186,0.5868371517172336,0.2974459670476338,0.9548216672200864,1.0
100019661|F|0-30:A>T-30:A>T,,,0.3631578947368421,0.028013172284707035,0.05137756474141028,0.5452413407622732,0.5869362605538935,0.29728811967624125,0.9548216672200864,1.0
100014339|F|0-37:C>G-37:C>G,,,0.15789473684210525,-0.037063293594365006,0.0682482862669731,-0.54306555697796,0.588427144145556,0.29492019917578194,0.9548651976370799,1.0
100033379|F|0-46:C>G-46:C>G,,,0.3105263157894737,-0.03983581948039445,0.07346282809645038,-0.5422581802608176,0.5889808243937028,0.29404393405977336,0.9548651976370799,1.0
100033755|F|0-33:T>A-33:T>A,,,0.37894736842105264,-0.03489533867585519,0.06443182153533736,-0.541585475070218,0.5894423366550738,0.29331482680703375,0.9548651976370799,1.0
100017082|F|0-22:G>A-22:G>A,,,0.25263157894736843,0.03106443330674049,0.05754559551225389,0.5398229530898774,0.5906523257664195,0.29140882068267593,0.9548651976370799,1.0
100017888|F|0-29:G>T-29:G>T,Vu09 (old8),42671828.0,0.0625,-0.04510822249809183,0.08356837044541944,-0.5397762605357145,0.590684396471075,0.2913584114379195,0.9548651976370799,1.0
100020644|F|0-30:T>A-30:T>A,Vu08 (old5),17202857.0,0.17894736842105263,-0.044266627432542616,0.08209025764395929,-0.5392433731239487,0.591050467010837,0.2907834154580941,0.9548651976370799,1.0
100029235|F|0-18:C>T-18:C>T,,,0.08947368421052632,-0.04734399989197111,0.08802118167229607,-0.537870532893246,0.591994036985837,0.2893047101548645,0.9548651976370799,1.0
100049017|F|0-36:G>A-36:G>A,,,0.24736842105263157,-0.036656400469527374,0.06822564030969158,-0.5372818826343835,0.5923988388069711,0.2886718214071474,0.9548651976370799,1.0
100013779|F|0-68:G>C-68:G>C,Vu08 (old5),35689785.0,0.21052631578947367,0.03189520274330448,0.05968938787026383,0.5343529877141543,0.5944148919620681,0.28553311547904314,0.9548651976370799,1.0
100017505|F|0-35:A>G-35:A>G,,,0.4842105263157894,-0.028916605725631032,0.05422933494464743,-0.5332281090141817,0.5951900289613717,0.28433221624284005,0.9548651976370799,1.0
100030290|F|0-11:A>C-11:A>C,,,0.49473684210526314,0.03379440638458291,0.06357409082806781,0.5315751423953162,0.5963299137341102,0.28257213201260073,0.9548651976370799,1.0
100022139|F|0-65:T>C-65:T>C,,,0.49473684210526314,0.03379440638458291,0.06357409082806781,0.5315751423953162,0.5963299137341102,0.28257213201260073,0.9548651976370799,1.0
100040329|F|0-26:A>G-26:A>G,,,0.4450549450549451,0.03013420734639305,0.05670676260829193,0.531404121137162,0.5964479075819749,0.2823903399615595,0.9548651976370799,1.0
100033311|F|0-46:C>T-46:C>T,,,0.4736842105263158,0.029469524647376726,0.05555155185287499,0.5304896742655367,0.597079001423338,0.28141929450235526,0.9548651976370799,1.0
100021651|F|0-68:A>T-68:A>T,,,0.22105263157894736,-0.04406850947160639,0.08310534864881611,-0.5302728427002896,0.597228690247077,0.2811892877054461,0.9548651976370799,1.0
100041924|F|0-42:C>T-42:C>T,,,0.35789473684210527,-0.029656795007389238,0.05595775261486055,-0.5299854554829524,0.5974271136244065,0.2808845830234725,0.9548651976370799,1.0
100035332|F|0-65:G>A-65:G>A,Vu04 (old11),505287.0,0.425531914893617,0.029369677538807006,0.05571626056722536,0.5271293737197338,0.5994007181375629,0.27786537663815875,0.9548651976370799,1.0
100034540|F|0-15:G>A-15:G>A,,,0.22105263157894736,0.031076629004861186,0.05897116270153211,0.5269800963930086,0.5995039540141628,0.2777080219943846,0.9548651976370799,1.0
100021963|F|0-68:T>G-68:T>G,,,0.3368421052631579,-0.032090866043726664,0.06094897626418274,-0.5265201814814595,0.599822069307078,0.27722350150726904,0.9548651976370799,1.0
100013529|F|0-11:C>G-11:C>G,,,0.4,-0.027004561608134452,0.05134180669953835,-0.5259760679278408,0.6001985236463191,0.2766508240328326,0.9548651976370799,1.0
100015053|F|0-21:C>T-21:C>T,,,0.39361702127659576,0.025695574176956643,0.04893458513604456,0.5251004806829276,0.600804541762776,0.27573051481344163,0.9548651976370799,1.0
100020053|F|0-44:G>A-44:G>A,,,0.21052631578947367,0.035146977029420046,0.06695035194047258,0.5249707583414976,0.6008943500801335,0.27559429711364714,0.9548651976370799,1.0
100020374|F|0-28:A>G-28:A>G,,,0.06842105263157895,0.04742056959641924,0.0903582804976017,0.5248060203810306,0.6010084090123435,0.2754213590281747,0.9548651976370799,1.0
100035988|F|0-45:C>A-45:C>A,,,0.21578947368421053,0.034006517559829946,0.06486226443316277,0.5242881644206534,0.6013670195049365,0.2748780793515781,0.9548651976370799,1.0
100034782|F|0-41:G>A-41:G>A,,,0.06818181818181818,-0.04917094749903529,0.09442643113936189,-0.5207328806747443,0.603831667423232,0.2711627330158175,0.9557508915548312,1.0
100019370|F|0-59:C>T-59:C>T,,,0.3263157894736842,-0.030941670748014596,0.05943787801848323,-0.5205715913746576,0.6039435881899323,0.27099478174634345,0.9557508915548312,1.0
100033468|F|0-18:T>A-18:T>A,Vu04 (old11),40488211.0,0.16842105263157894,0.031092198037726382,0.05984929424050311,0.5195081818806927,0.604681739061289,0.26988875104098287,0.9557508915548312,1.0
100019849|F|0-35:A>C-35:A>C,,,0.48947368421052634,0.029086178775892407,0.05600313033056629,0.5193670175971804,0.604779757209504,0.2697420989677899,0.9557508915548312,1.0
100019075|F|0-58:G>A-58:G>A,Vu09 (old8),41940020.0,0.14210526315789473,-0.036707482898656545,0.07098441044948232,-0.5171203460903611,0.6063407193844584,0.2674134523406148,0.9557508915548312,1.0
100051758|F|0-6:T>G-6:T>G,,,0.4842105263157895,0.02885488435352732,0.05581316752150377,0.5169906248809489,0.6064309041425838,0.26727930621479407,0.9557508915548312,1.0
100033258|F|0-23:G>A-23:G>A,,,0.06315789473684211,0.051487972923895,0.099768354333267,0.5160751950654029,0.6070675023888517,0.26633360696179365,0.9557508915548312,1.0
100014140|F|0-33:C>G-33:C>G,,,0.08241758241758242,-0.04059983496891117,0.07876260214102106,-0.5154709705529904,0.6074878517963935,0.2657103214828419,0.9557508915548312,1.0
100013352|F|0-68:T>C-68:T>C,,,0.38421052631578945,0.027713810046381085,0.053830221314650824,0.5148373788840116,0.607928773254649,0.2650575266961593,0.9557508915548312,1.0
100029358|F|0-25:G>A-25:G>A,,,0.32105263157894737,-0.030392791069923993,0.05903431026849658,-0.5148326614081402,0.607932056727523,0.26505266925258875,0.9557508915548312,1.0
100018159|F|0-67:G>A-67:G>A,,,0.09473684210526316,-0.04043491806125384,0.07905381218720789,-0.5114859984930218,0.610263434623931,0.2616179266544035,0.9575365003065335,1.0
100030430|F|0-19:A>C-19:A>C,,,0.25263157894736843,0.031297863044823425,0.06120986238806605,0.5113205915477683,0.6103787662644932,0.26144874734075974,0.9575365003065335,1.0
100018830|F|0-21:C>T-21:C>T,,,0.46842105263157896,0.03194626377671214,0.0625647308569977,0.5106113834283208,0.6108733801452744,0.26072398488658366,0.9575365003065335,1.0
100028302|F|0-21:C>T-21:C>T,,,0.42307692307692313,-0.025074980718691887,0.04935014589073766,-0.5081034770233195,0.612623884364379,0.25816914336318697,0.9586171728842706,1.0
100043266|F|0-15:G>A-15:G>A,,,0.21052631578947367,0.034091958705131896,0.06732531923429769,0.5063764879671652,0.6138306216645298,0.25641714756596057,0.9586171728842706,1.0
100021961|F|0-53:A>T-53:A>T,,,0.2631578947368421,-0.028726927139596584,0.056780290257715985,-0.5059313189349683,0.6141418571450019,0.25596649947927663,0.9586171728842706,1.0
100021392|F|0-51:G>A-51:G>A,,,0.3526315789473684,0.026151543500151548,0.051746457207648026,0.5053784338357834,0.6145284996399937,0.2554073613863093,0.9586171728842706,1.0
100013022|F|0-48:G>C-48:G>C,,,0.3526315789473684,0.028279337000947126,0.056073120161243405,0.5043296488518437,0.6152622331023271,0.254348394711024,0.9586171728842706,1.0
100028611|F|0-14:A>C-14:A>C,,,0.10526315789473684,0.04249953316059309,0.08430448343215402,0.5041194896211608,0.6154093082921386,0.25413645981589966,0.9586171728842706,1.0
100040576|F|0-20:T>A-20:T>A,,,0.08510638297872339,0.04112487906020991,0.08166354339095547,0.5035892070385553,0.6157804844046038,0.2536020894457209,0.9586171728842706,1.0
100014336|F|0-17:A>G-17:A>G,,,0.3631578947368421,0.028796733689795507,0.05767552182399274,0.49928865451228915,0.6187943807374697,0.24928916052469205,0.9623674093385282,1.0
100033853|F|0-49:A>G-49:A>G,Vu06 (old6),26071343.0,0.47368421052631576,0.028424017724210677,0.057153249732786675,0.497329860630915,0.6201693027536759,0.24733699027516534,0.963563828790135,1.0
100017598|F|0-46:C>G-46:C>G,,,0.43157894736842106,0.0293173911440001,0.0591158328592264,0.49593128821874394,0.6211518196127966,0.24594784263430286,0.9635887219041376,1.0
100028764|F|0-26:A>T-26:A>T,,,0.4368421052631579,-0.027642685799893815,0.05598434150797229,-0.49375745173241764,0.6226803344781896,0.24379642114129074,0.9635887219041376,1.0
100034562|F|0-29:C>T-29:C>T,,,0.35789473684210527,0.033007546220341744,0.06698566834592812,0.49275534655986136,0.6233855140484208,0.24280783156332908,0.9635887219041376,1.0
100038720|F|0-23:G>A-23:G>A,,,0.47368421052631576,-0.028635421123619855,0.058123268313904235,-0.4926670841868281,0.623447640955666,0.24272085584115116,0.9635887219041376,1.0
100013444|F|0-54:G>C-54:G>C,Vu03 (old3),47172807.0,0.2,0.027587856269938697,0.056054840441156856,0.49215832304257184,0.623805805390843,0.2422198149400765,0.9635887219041376,1.0
100030265|F|0-5:T>C-5:T>C,,,0.3263157894736842,-0.02705324292591768,0.055149959255176025,-0.4905396720375389,0.6249459261456306,0.24062916984269622,0.9635887219041376,1.0
100016303|F|0-55:T>G-55:T>G,,,0.38421052631578945,-0.023128781437381736,0.0473228674936178,-0.48874429345392056,0.6262115957483145,0.23887098438377202,0.9635887219041376,1.0
100012953|F|0-27:C>A-27:C>A,,,0.45789473684210524,-0.024401810717198484,0.05001012749079722,-0.487937382716908,0.6267808004625939,0.23808288945262635,0.9635887219041376,1.0
100060605|F|0-26:G>C-26:G>C,,,0.1736842105263158,0.032879326389100905,0.06741704684573326,0.4877004841866905,0.6269479545229957,0.23785176227593233,0.9635887219041376,1.0
100033716|F|0-51:T>C-51:T>C,,,0.10526315789473684,0.03499376193411972,0.07179447649181037,0.4874157963685615,0.6271488541593666,0.23757415854959904,0.9635887219041376,1.0
100044919|F|0-41:G>A-41:G>A,,,0.2631578947368421,0.025286224402695845,0.05188336485626438,0.48736670169230156,0.6271835023291596,0.23752630191843285,0.9635887219041376,1.0
100035699|F|0-21:A>T-21:A>T,,,0.3263157894736842,0.026086626861257702,0.053901715993536325,0.48396653762165764,0.6295851710607128,0.23422360953749535,0.9635887219041376,1.0
100058671|F|0-36:C>G-36:C>G,Vu05 (old1),1696325.0,0.3368421052631579,0.024254361104938144,0.0502179262932255,0.4829821319844126,0.6302812407759188,0.23327173981620855,0.9635887219041376,1.0
100032869|F|0-50:G>A-50:G>A,,,0.09550561797752809,-0.04827753902306656,0.0999837603895743,-0.48285380380732956,0.6303720057797042,0.2331477958512071,0.9635887219041376,1.0
100020752|F|0-41:T>G-41:T>G,,,0.4473684210526316,0.027870584251945576,0.05772924541645432,0.4827810246070139,0.630423484169076,0.23307751772059815,0.9635887219041376,1.0
100043241|F|0-28:A>C-28:A>C,,,0.5,-0.03365200774468233,0.06976232862805673,-0.4823807978672934,0.6307066062687934,0.23269123415108656,0.9635887219041376,1.0
100036044|F|0-63:T>G-63:T>G,,,0.08421052631578947,-0.04200663109104988,0.08712887874954796,-0.4821206435101498,0.630890670135547,0.23244031489864098,0.9635887219041376,1.0
100018779|F|0-10:A>G-10:A>G,Vu09 (old8),32879608.0,0.41578947368421054,0.025564465010797677,0.05317460618950965,0.48076453861619883,0.6318505154449918,0.23113454159084654,0.9635887219041376,1.0
100014492|F|0-26:T>A-26:T>A,,,0.4782608695652174,0.022045845758387292,0.045910889489684865,0.48018772895568695,0.6322589703365116,0.2305802550396203,0.9635887219041376,1.0
100028230|F|0-30:T>C-30:T>C,,,0.09883720930232553,-0.031044126178426668,0.0649400265738868,-0.47804301624523665,0.6337787009310882,0.2285251253808436,0.9635887219041376,1.0
100021300|F|0-36:C>T-36:C>T,,,0.06315789473684211,-0.0440936050026635,0.09241818936768019,-0.4771095961125115,0.6344406082141227,0.22763356670264387,0.9635887219041376,1.0
100017777|F|0-23:A>G-23:A>G,,,0.15789473684210525,0.030225273552550634,0.06340067291540989,0.47673427051598705,0.6347068431108864,0.22727556468441032,0.9635887219041376,1.0
100020434|F|0-43:G>A-43:G>A,,,0.1,-0.03756944885273354,0.07919519636800627,-0.47439050063282706,0.6363704675630317,0.2250463470906643,0.9635887219041376,1.0
100041635|F|0-30:A>G-30:A>G,,,0.1368421052631579,0.03966267872915084,0.0836774648620316,0.4739947463100983,0.6366515611825209,0.22467101952957444,0.9635887219041376,1.0
100019086|F|0-55:A>G-55:A>G,,,0.29473684210526313,0.03132114080457578,0.06609106072762216,0.4739088835880249,0.6367125541804785,0.22458962994364814,0.9635887219041376,1.0
100035003|F|0-39:A>G-39:A>G,,,0.22105263157894736,-0.027323705169705205,0.05769525250451719,-0.4735867161265292,0.636941429701967,0.22428437769150975,0.9635887219041376,1.0
100041283|F|0-68:T>A-68:T>A,,,0.45789473684210524,-0.026810587045124193,0.05671457096969516,-0.47272837626595376,0.6375513868911866,0.22347211772704517,0.9635887219041376,1.0
100022062|F|0-25:G>T-25:G>T,,,0.12631578947368421,0.030660459604737476,0.06488730097579191,0.47251864607800914,0.6377004642361634,0.22327387089139486,0.9635887219041376,1.0
100038530|F|0-18:T>G-18:T>G,,,0.42105263157894735,0.025387320393651058,0.05379810969091096,0.4718998592982195,0.6381403880275316,0.22268947720567933,0.9635887219041376,1.0
100014023|F|0-11:A>G-11:A>G,,,0.10526315789473684,-0.03860015704569997,0.0818924439276314,-0.47135187563593833,0.6385300828450798,0.2221725906655171,0.9635887219041376,1.0
100014505|F|0-46:G>T-46:G>T,,,0.25263157894736843,0.029093502725682025,0.06180286326975112,0.47074684224090946,0.638960466127508,0.2216025894797877,0.9635887219041376,1.0
100017367|F|0-26:T>C-26:T>C,,,0.2631578947368421,-0.028753016295584813,0.061829486481658924,-0.46503728126731403,0.6430279665436489,0.21625967296849494,0.9665053691548507,1.0
100014994|F|0-36:G>A-36:G>A,Vu09 (old8),3414321.0,0.4368421052631579,-0.02369477517829584,0.05097324325562129,-0.4648473133143789,0.6431634881021662,0.21608302469559634,0.9665053691548507,1.0
100016549|F|0-30:A>G-30:A>G,,,0.07894736842105263,0.042954606883711166,0.09264778532685333,0.4636333910429812,0.6440297750393138,0.2149559212900139,0.9665053691548507,1.0
100033546|F|0-50:C>T-50:C>T,,,0.35789473684210527,0.037354537663866996,0.0805866757712248,0.4635324302234742,0.6441018455142506,0.21486231386887997,0.9665053691548507,1.0
100014259|F|0-39:T>A-39:T>A,,,0.41578947368421054,0.02472108544550291,0.05336766520149118,0.4632221655597585,0.6443233479872332,0.2145747746658723,0.9665053691548507,1.0
100047216|F|0-43:T>C-43:T>C,,,0.06842105263157895,0.04466739920494397,0.09653943248205527,0.4626855374693314,0.6447065304116076,0.21407790658328407,0.9665053691548507,1.0
100038675|F|0-24:G>A-24:G>A,,,0.3894736842105263,-0.026572196389378154,0.057688072062783445,-0.4606185549147653,0.6461833674695989,0.21216945313176663,0.9665053691548507,1.0
100035791|F|0-16:G>A-16:G>A,Vu09 (old8),36664091.0,0.3736842105263158,0.04389363294234737,0.09573230022506078,0.4585038993020759,0.6476957348947057,0.21022582567520817,0.9665053691548507,1.0
100028871|F|0-35:G>C-35:G>C,,,0.5,0.025633457223555277,0.05592968925377345,0.4583157454576032,0.6478303712505825,0.21005332253435852,0.9665053691548507,1.0
100029143|F|0-26:C>T-26:C>T,,,0.15263157894736842,0.030035724432353958,0.06556846146169533,0.4580818851438299,0.6479977298936647,0.209839013496925,0.9665053691548507,1.0
100017697|F|0-59:C>T-59:C>T,,,0.07894736842105263,0.040901622503735975,0.08997570681655388,0.4545851758311592,0.6505022507051365,0.20664768208544593,0.9665053691548507,1.0
100021232|F|0-6:T>G-6:T>G,,,0.08064516129032258,0.043222815790565125,0.09517627466799151,0.454134351668434,0.6508254468880376,0.2062380093653089,0.9665053691548507,1.0
100020859|F|0-32:T>C-32:T>C,,,0.13157894736842105,0.03165046326569301,0.0698756437516002,0.4529541563610739,0.6516718457998698,0.20516746776477218,0.9665053691548507,1.0
100013921|F|0-19:C>G-19:C>G,,,0.06842105263157895,0.037665731018766524,0.08348519855979389,0.45116657405790944,0.6529547127333291,0.20355127754715108,0.9665053691548507,1.0
100045141|F|0-49:C>T-49:C>T,,,0.32105263157894737,0.027078304923730524,0.060081461905831024,0.45069317664360165,0.6532946236509003,0.2031243394731007,0.9665053691548507,1.0
100016995|F|0-19:T>G-19:T>G,,,0.19473684210526315,0.025957154951172266,0.05763404319243074,0.450378864875149,0.6535203476078115,0.20284112192622772,0.9665053691548507,1.0
100014449|F|0-27:C>G-27:C>G,,,0.3526315789473684,0.0227817042857341,0.05058345629461141,0.4503785615804392,0.6535205654354059,0.20284084873126548,0.9665053691548507,1.0
100016846|F|0-15:T>C-15:T>C,Vu08 (old5),5868167.0,0.06914893617021277,-0.04145911568987903,0.09208687622088266,-0.45021741849982844,0.653636303349005,0.20269572392064966,0.9665053691548507,1.0
100020367|F|0-37:A>T-37:A>T,,,0.1,-0.035031403640778086,0.07802563573339488,-0.4489729985728868,0.6545303691158327,0.20157675344752943,0.9665053691548507,1.0
100021541|F|0-63:C>G-63:C>G,,,0.12105263157894737,0.03216850589232774,0.0719925602004054,0.446830975350514,0.6560705068175299,0.19965792053269169,0.9665053691548507,1.0
100029181|F|0-14:G>C-14:G>C,,,0.12631578947368421,-0.030595746772190745,0.06847582133563444,-0.44681094984207054,0.6560849124021016,0.19964002489877328,0.9665053691548507,1.0
100034297|F|0-63:T>C-63:T>C,,,0.06315789473684211,0.04053415086817419,0.09108880544703381,0.44499596486358506,0.6573910825741315,0.19802140874487303,0.9665053691548507,1.0
100029979|F|0-5:G>A-5:G>A,,,0.16842105263157894,0.028913885562993527,0.0649998343111532,0.44483014255979797,0.6575104712137239,0.19787385572977018,0.9665053691548507,1.0
100020903|F|0-13:G>T-13:G>T,,,0.25263157894736843,-0.026220606299222692,0.058981131996872715,-0.4445592244755993,0.6577055457634501,0.1976329040663463,0.9665053691548507,1.0
100020033|F|0-7:G>A-7:G>A,,,0.47368421052631576,-0.028161817889735232,0.06338583697053518,-0.44429196230107704,0.6578980111030669,0.19739534776534165,0.9665053691548507,1.0
100015825|F|0-15:C>G-15:C>G,,,0.05789473684210526,-0.04588987584376787,0.10360057998819891,-0.4429499897490455,0.658864763331081,0.1962046934186795,0.9665053691548507,1.0
100015778|F|0-37:G>T-37:G>T,Vu04 (old11),1978178.0,0.4736842105263158,0.025432884657791366,0.05744653310320786,0.442722707253698,0.6590285542965043,0.19600339551804358,0.9665053691548507,1.0
100045252|F|0-36:A>T-36:A>T,,,0.28421052631578947,-0.024387549601687826,0.055107318282148966,-0.4425464777078027,0.6591555654368465,0.1958473849315827,0.9665053691548507,1.0
100021048|F|0-66:C>T-66:C>T,,,0.4368421052631579,-0.0270368670940299,0.06134437107409743,-0.44073916841322347,0.6604586952016585,0.19425101457357977,0.9665053691548507,1.0
100018738|F|0-46:T>C-46:T>C,,,0.4052631578947368,0.021990075416222284,0.04992309905141681,0.44047897334206476,0.6606463908085901,0.1940217259564794,0.9665053691548507,1.0
100017652|F|0-34:G>A-34:G>A,,,0.06521739130434782,0.04866742275819589,0.11085667952652448,0.4390120917030653,0.6617049536375257,0.19273161666150063,0.9665053691548507,1.0
100020682|F|0-60:A>G-60:A>G,,,0.49473684210526314,-0.02297206886175551,0.052463072226512135,-0.4378712089633708,0.6625287378408533,0.19173119563904392,0.9665053691548507,1.0
100029122|F|0-13:T>C-13:T>C,,,0.2,0.02697015113075491,0.06167111643576555,0.4373222456390273,0.6629252695889587,0.1912507465307617,0.9665053691548507,1.0
100013923|F|0-16:T>C-16:T>C,,,0.08421052631578947,0.035832077637205424,0.08257483187950566,0.43393461205579065,0.6653743749806104,0.18829924754000954,0.9665053691548507,1.0
100059231|F|0-56:A>G-56:A>G,,,0.47368421052631576,-0.021778214803408084,0.050209619824923175,-0.43374586143744825,0.6655109402442102,0.18813547231411407,0.9665053691548507,1.0
100014559|F|0-31:C>A-31:C>A,,,0.1,-0.03425630548058952,0.07922518450379706,-0.4323916150545248,0.6664910981835354,0.18696250876946033,0.9665053691548507,1.0
100016465|F|0-15:G>A-15:G>A,,,0.13978494623655913,0.02770603750112172,0.0641023058353271,0.4322159264020232,0.6666182981975708,0.18681060703555916,0.9665053691548507,1.0
100014000|F|0-40:A>G-40:A>G,,,0.2578947368421053,-0.024277396346250892,0.05618716896023524,-0.4320807898940856,0.6667161447607225,0.18669380899549695,0.9665053691548507,1.0
100043431|F|0-17:C>G-17:C>G,,,0.2789473684210526,0.024317287264948532,0.0563154448244613,0.43180493984815377,0.6669158938688171,0.18645550607726769,0.9665053691548507,1.0
100021948|F|0-23:C>G-23:C>G,,,0.49473684210526314,0.024058977450522552,0.05593384634463645,0.43013271968251815,0.6681272988777368,0.18501415654147974,0.9665053691548507,1.0
100019856|F|0-16:C>T-16:C>T,Vu07 (old2),39191443.0,0.07894736842105263,-0.036799011823210395,0.08566490653089431,-0.429569275371113,0.668535672593675,0.1845297623428631,0.9665053691548507,1.0
100014503|F|0-24:T>A-24:T>A,,,0.09473684210526316,0.03380025040674422,0.07884884414958436,0.4286714760538743,0.6691865865108041,0.18375923438220731,0.9665053691548507,1.0
100028644|F|0-13:T>C-13:T>C,,,0.4,0.022829796555355473,0.0534240657137997,0.42733169500161095,0.6701584118516156,0.18261237755294984,0.9665053691548507,1.0
100046294|F|0-6:C>G-6:C>G,,,0.46808510638297873,0.02394561268670632,0.05614570293506392,0.42649056713032774,0.6707688205255599,0.1818942038511486,0.9665053691548507,1.0
100033896|F|0-41:A>G-41:A>G,,,0.4883720930232558,0.020493378499334646,0.04812049542451679,0.42587629903938035,0.6712147361193865,0.1813706220834797,0.9665053691548507,1.0
100016173|F|0-32:C>T-32:C>T,,,0.30526315789473685,-0.03088018521661521,0.07251006562098757,-0.42587446242328514,0.6712160695505771,0.1813690577443221,0.9665053691548507,1.0
100020957|F|0-56:G>A-56:G>A,,,0.06842105263157895,0.04046992766189777,0.09503925742977856,0.4258232729964214,0.6712532348331144,0.18132545982538484,0.9665053691548507,1.0
100013447|F|0-28:T>A-28:T>A,,,0.10526315789473684,-0.03313732371675244,0.077823310427087,-0.4258020319991263,0.6712686567668825,0.18130737045458498,0.9665053691548507,1.0
100034920|F|0-44:G>C-44:G>C,,,0.10526315789473684,-0.03313732371675244,0.077823310427087,-0.4258020319991263,0.6712686567668825,0.18130737045458498,0.9665053691548507,1.0
100013163|F|0-33:C>A-33:C>A,,,0.10526315789473684,-0.03313732371675244,0.077823310427087,-0.4258020319991263,0.6712686567668825,0.18130737045458498,0.9665053691548507,1.0
100019182|F|0-32:C>T-32:C>T,,,0.09473684210526316,-0.03532591242655763,0.08322136073066075,-0.42448131244677806,0.6722278356804139,0.1801843846165392,0.9670112898440675,1.0
100020755|F|0-11:C>A-11:C>A,,,0.14736842105263157,0.029701286513831762,0.07041571993465069,0.42179908891645274,0.6741774824311578,0.1779144714107496,0.9675898682217811,1.0
100021370|F|0-62:A>T-62:A>T,,,0.35789473684210527,0.022516501589674637,0.05340079517943977,0.42165105433381034,0.6742851503299434,0.1777896116208139,0.9675898682217811,1.0
100034447|F|0-52:A>T-52:A>T,,,0.08421052631578947,0.03594026688000509,0.08546902880049086,0.42050632123011417,0.6751179617118365,0.17682556619448397,0.9675898682217811,1.0
100033630|F|0-40:T>C-40:T>C,,,0.49473684210526314,0.02364372407000507,0.05630528670745588,0.4199201434289863,0.6755445720149108,0.17633292685742044,0.9675898682217811,1.0
100033357|F|0-30:G>A-30:G>A,,,0.11052631578947368,-0.032372072109478144,0.07724437218043921,-0.4190864809394594,0.6761514800103425,0.17563347850621985,0.9675898682217811,1.0
100054559|F|0-11:G>A-11:G>A,,,0.12234042553191489,0.026030483531245752,0.062138411069670205,0.4189113156121761,0.676279027946336,0.17548669034792422,0.9675898682217811,1.0
100033415|F|0-29:T>C-29:T>C,,,0.15789473684210525,-0.027874078148632107,0.06699273445452822,-0.4160761368466282,0.6783447958336191,0.17311935165321407,0.9678898058569416,1.0
100039138|F|0-25:A>G-25:A>G,Vu04 (old11),6816983.0,0.11702127659574468,0.0319044895709566,0.0766831682458996,0.4160559650932602,0.678359502208386,0.17310256608968416,0.9678898058569416,1.0
100021685|F|0-34:T>A-34:T>A,Vu06 (old6),22297694.0,0.23684210526315788,-0.024677982067371252,0.05953453766967785,-0.4145153894415854,0.6794830385987921,0.1718230080839092,0.9678898058569416,1.0
100018446|F|0-67:T>A-67:T>A,,,0.11052631578947368,-0.038604779354928995,0.09315641656924774,-0.4144081618492932,0.6795612662903835,0.17173412460730997,0.9678898058569416,1.0
100035309|F|0-20:A>C-20:A>C,,,0.15425531914893617,-0.02482589655102905,0.0604665507526627,-0.4105723948531299,0.6823619446430537,0.1685696914154344,0.9678898058569416,1.0
100017600|F|0-44:G>A-44:G>A,Vu08 (old5),34751666.0,0.0736842105263158,-0.03496367490343636,0.08534292854775788,-0.4096844987440371,0.6830108765957785,0.16784138851115296,0.9678898058569416,1.0
100017310|F|0-9:T>G-9:T>G,,,0.3,-0.020489947853991754,0.05005687297413952,-0.4093333569713256,0.6832675795070787,0.16755379712941468,0.9678898058569416,1.0
100021487|F|0-66:T>G-66:T>G,,,0.3736842105263158,-0.02796047994800564,0.06856924544920638,-0.40776998149582605,0.6844109399797429,0.16627635780910632,0.9678898058569416,1.0
100048192|F|0-15:C>T-15:C>T,,,0.30526315789473685,-0.028690735503299952,0.07075287882202458,-0.40550626322174255,0.6860677933541329,0.16443532951206116,0.9678898058569416,1.0
100033913|F|0-64:C>T-64:C>T,,,0.08421052631578947,-0.034406309279822224,0.08487277554500242,-0.40538687534236273,0.6861552180403844,0.16433851869984434,0.9678898058569416,1.0
100041774|F|0-19:G>A-19:G>A,Vu03 (old3),27017059.0,0.46842105263157896,-0.022478769030268797,0.05572908878879779,-0.40335791448984354,0.6876416262478376,0.16269760718159593,0.9678898058569416,1.0
100013207|F|0-60:C>G-60:C>G,Vu07 (old2),29186793.0,0.4631578947368421,0.02223351703556846,0.05525234556862461,0.4023995145681906,0.6883441734469697,0.16192536932471546,0.9678898058569416,1.0
100019651|F|0-27:G>T-27:G>T,Vu05 (old1),41749633.0,0.06842105263157895,0.03778717642246738,0.09393464940517583,0.40227090495091894,0.6884384704981048,0.16182188097003125,0.9678898058569416,1.0
100017737|F|0-19:T>C-19:T>C,,,0.22105263157894736,-0.03286483655333743,0.08193796511229995,-0.4010941266151116,0.689301517251503,0.1608764984051392,0.9678898058569416,1.0
100034528|F|0-51:A>G-51:A>G,Vu09 (old8),1037776.0,0.11578947368421053,0.029430399835919746,0.0734930872410028,0.4004512661090133,0.6897731635511265,0.1603612165283118,0.9678898058569416,1.0
100048091|F|0-43:A>T-43:A>T,,,0.4263157894736842,0.025767073001281195,0.06435661168624857,0.40037957757783865,0.6898257667445409,0.16030380614140852,0.9678898058569416,1.0
100015904|F|0-54:T>C-54:T>C,,,0.1,0.035513807979704846,0.08875921702594201,0.40011402950214264,0.6900206323425674,0.16009123660444147,0.9678898058569416,1.0
100040739|F|0-38:C>T-38:C>T,,,0.49473684210526314,0.02066408919863791,0.05179838798608703,0.39893305568096543,0.6908875124637502,0.15914758291495226,0.9678898058569416,1.0
100014308|F|0-20:G>A-20:G>A,,,0.48947368421052634,-0.024171656429521758,0.060665247801231816,-0.3984432159367352,0.6912471946766737,0.1587569963260078,0.9678898058569416,1.0
100043419|F|0-6:T>A-6:T>A,,,0.3263157894736842,-0.023996165854127664,0.06045236248391867,-0.3969433925847156,0.6923489335323698,0.15756405691666367,0.9678898058569416,1.0
100039964|F|0-49:C>G-49:C>G,,,0.09473684210526316,-0.035969390846623504,0.0912952207731836,-0.39398985556962357,0.6945204741907028,0.15522800629177283,0.9678898058569416,1.0
100035739|F|0-60:C>T-60:C>T,,,0.28421052631578947,-0.02421710272061349,0.06152897472549017,-0.3935885951075478,0.6948156917734707,0.1549119821987332,0.9678898058569416,1.0
100013788|F|0-18:C>T-18:C>T,,,0.07894736842105263,0.03619498594959006,0.09220294208301387,0.39255782008563583,0.6955742749598212,0.15410164211038643,0.9678898058569416,1.0
100048542|F|0-39:C>A-39:C>A,Vu06 (old6),4481310.0,0.09473684210526316,0.03369510956851968,0.08616902392881041,0.3910350614666043,0.696695492847394,0.15290841929619098,0.9678898058569416,1.0
100021859|F|0-23:T>A-23:T>A,,,0.14361702127659573,0.0230537131221238,0.05897622223305817,0.39089843752659714,0.6967961230028535,0.15280158846073497,0.9678898058569416,1.0
100015350|F|0-49:A>G-49:A>G,,,0.1368421052631579,0.03013019497740373,0.07709487396497634,0.39081969303292025,0.6968541246045495,0.15274003246234602,0.9678898058569416,1.0
100043121|F|0-26:C>T-26:C>T,,,0.4473684210526316,0.02212124383350181,0.056724737302634644,0.3899752539263741,0.6974762345761103,0.15208069867493998,0.9678898058569416,1.0
100017011|F|0-35:C>T-35:C>T,,,0.33157894736842103,-0.02053795343457484,0.0528552669251504,-0.38856966636189966,0.6985122088521394,0.15098638561659802,0.9678898058569416,1.0
100020485|F|0-47:G>T-47:G>T,,,0.4526315789473684,-0.019863658693635575,0.051446824487290856,-0.3861007728191773,0.7003332641590597,0.14907380677156598,0.9678898058569416,1.0
100020710|F|0-41:C>A-41:C>A,,,0.06842105263157895,-0.03496398765050478,0.09059450185327801,-0.38593939958001616,0.7004523541654922,0.14894922014818338,0.9678898058569416,1.0
100019065|F|0-15:C>T-15:C>T,,,0.4105263157894737,0.02286641366379243,0.059263192584021636,0.38584512016245315,0.7005219338286187,0.1488764567531779,0.9678898058569416,1.0
100034612|F|0-26:G>A-26:G>A,,,0.12631578947368421,0.025771112692486043,0.0668479854491926,0.3855181651221669,0.7007632514784948,0.14862425563916234,0.9678898058569416,1.0
100019402|F|0-35:A>C-35:A>C,,,0.2894736842105263,0.021688351981824144,0.05630797138177296,0.3851737409393641,0.701017495893206,0.14835881070922435,0.9678898058569416,1.0
100016880|F|0-51:C>A-51:C>A,,,0.06315789473684211,-0.03815297061717422,0.09929285473192882,-0.38424688987117694,0.7017018407702231,0.1476456723756724,0.9678898058569416,1.0
100034348|F|0-49:T>G-49:T>G,,,0.24736842105263157,0.02202598968344236,0.05739139468026029,0.38378557980954897,0.7020425429866315,0.14729137126975167,0.9678898058569416,1.0
100021941|F|0-59:G>A-59:G>A,,,0.2736842105263158,-0.023235961574319508,0.06062653456601866,-0.38326389163835417,0.7024279110434897,0.14689121063377608,0.9678898058569416,1.0
100039240|F|0-17:G>A-17:G>A,,,0.2925531914893617,-0.021167949584286094,0.05533190287304217,-0.38256319564601793,0.7029456335403903,0.14635459866289338,0.9678898058569416,1.0
100034321|F|0-18:C>G-18:C>G,,,0.3736842105263158,-0.022798609573491703,0.05967823495884129,-0.3820255339189469,0.7033429901011957,0.14594350856605645,0.9678898058569416,1.0
100018958|F|0-51:A>G-51:A>G,,,0.06315789473684211,0.03761939378800125,0.0985902155589751,0.38157329887871,0.7036772762457786,0.14559818241718134,0.9678898058569416,1.0
100032847|F|0-25:A>T-25:A>T,,,0.3684210526315789,-0.018787992272571736,0.04929995308511936,-0.3810955406008831,0.7040304920872946,0.14523381106587932,0.9678898058569416,1.0
100049954|F|0-52:G>A-52:G>A,,,0.07368421052631578,0.042604772200454215,0.11187386599505292,0.3808286396604745,0.7042278453339602,0.14503045278564752,0.9678898058569416,1.0
100049952|F|0-5:T>A-5:T>A,,,0.07368421052631578,0.042604772200454215,0.11187386599505292,0.3808286396604745,0.7042278453339602,0.14503045278564752,0.9678898058569416,1.0
100049953|F|0-26:C>T-26:C>T,,,0.07368421052631578,0.042604772200454215,0.11187386599505292,0.3808286396604745,0.7042278453339602,0.14503045278564752,0.9678898058569416,1.0
100014153|F|0-9:C>A-9:C>A,,,0.2,0.02364674043009361,0.0621516862162824,0.38046820399699266,0.704494392637451,0.14475605425269722,0.9678898058569416,1.0
100054653|F|0-47:T>C-47:T>C,,,0.24736842105263157,-0.023201268024806095,0.061034755458056464,-0.3801320714842575,0.7047430006693471,0.14450039177091265,0.9678898058569416,1.0
100017056|F|0-15:G>A-15:G>A,,,0.08947368421052632,-0.03168950709635571,0.08357836309078907,-0.3791592216508499,0.7054627138539432,0.14376171536287835,0.9678898058569416,1.0
100021184|F|0-17:T>G-17:T>G,,,0.08947368421052632,-0.03168950709635571,0.08357836309078907,-0.3791592216508499,0.7054627138539432,0.14376171536287835,0.9678898058569416,1.0
100015850|F|0-28:G>T-28:G>T,,,0.1,0.03042566110008192,0.08034233947719956,0.37870021333790577,0.7058023807807852,0.14341385158217534,0.9678898058569416,1.0
100034945|F|0-61:G>A-61:G>A,,,0.4789473684210526,-0.0205243567339199,0.054292837871022875,-0.3780306489536835,0.7062979664361466,0.1429071715483431,0.9678898058569416,1.0
100014556|F|0-12:G>A-12:G>A,,,0.3684210526315789,0.02280272080607099,0.060536123706101126,0.376679566018741,0.7072983711823041,0.14188749545606705,0.9684265994415195,1.0
100034520|F|0-31:G>A-31:G>A,,,0.2736842105263158,0.02522974473269117,0.06732138594723693,0.3747656762810106,0.7087163838806932,0.14044931211836323,0.9686272152208224,1.0
100020912|F|0-63:C>T-63:C>T,,,0.3736842105263158,-0.01922806428552428,0.05133249922629763,-0.3745787673566797,0.7088549209802831,0.1403092529544496,0.9686272152208224,1.0
100016501|F|0-17:C>T-17:C>T,,,0.39473684210526316,0.021514025756968466,0.05770508225542191,0.3728272262352946,0.7101536404534174,0.1390001406223035,0.9686272152208224,1.0
100017834|F|0-8:C>T-8:C>T,,,0.0797872340425532,0.03444213041063493,0.09238648187002277,0.3728048705122366,0.7101702221488826,0.1389834714776455,0.9686272152208224,1.0
100018711|F|0-35:A>G-35:A>G,Vu02 (old7),32416848.0,0.08947368421052632,0.029320078411545596,0.0788699310258474,0.3717523019252643,0.7109510915244311,0.1381997739867329,0.9686272152208224,1.0
100021425|F|0-50:G>C-50:G>C,,,0.1631578947368421,0.024119572656153446,0.06491528404504235,0.37155460398844986,0.7110977921922819,0.1380528237450138,0.9686272152208224,1.0
100034724|F|0-49:G>A-49:G>A,,,0.22631578947368422,0.02529373058759118,0.06876188568843596,0.3678452144578833,0.7138523359581482,0.13531010179956618,0.9698735163068162,1.0
100019864|F|0-41:A>G-41:A>G,,,0.16842105263157894,0.02422958132918655,0.0659668170239564,0.36729953668050064,0.7142578702560541,0.13490894964571043,0.9698735163068162,1.0
100021860|F|0-9:A>C-9:A>C,,,0.1631578947368421,0.02329161596750297,0.06345457136153841,0.3670597006289238,0.7144361364769414,0.13473282382579516,0.9698735163068162,1.0
100015585|F|0-38:T>C-38:T>C,,,0.38421052631578945,0.02045007573815279,0.05580844688376358,0.3664333426218739,0.7149017728585774,0.13427339458503962,0.9698735163068162,1.0
100055747|F|0-35:G>C-35:G>C,,,0.05263157894736842,-0.03601243333127598,0.09835938283469343,-0.36613114370389926,0.7151264670229289,0.13405201438992534,0.9698735163068162,1.0
100013453|F|0-6:G>A-6:G>A,,,0.06451612903225801,0.03098865257137967,0.08482573280354413,0.36532136590142045,0.7157286853563528,0.13345970038407953,0.9698735163068162,1.0
100014488|F|0-28:T>A-28:T>A,,,0.05789473684210526,-0.034968790519451565,0.09609941653715355,-0.3638814030252939,0.7168000060284665,0.1324096754676564,0.9698735163068162,1.0
100013210|F|0-44:C>T-44:C>T,,,0.21052631578947367,0.022531257712164326,0.06193971228497206,0.3637610973797001,0.7168895381375335,0.13232213596688364,0.9698735163068162,1.0
100015729|F|0-42:C>A-42:C>A,Vu08 (old5),34737627.0,0.43157894736842106,-0.01940739176272885,0.05368302736020792,-0.361518206350531,0.7185594328628412,0.13069541352290512,0.971306760989618,1.0
100017906|F|0-31:G>A-31:G>A,,,0.28421052631578947,0.021392735458840753,0.059385255024730264,0.3602364837859501,0.7195143255072972,0.12977032425046509,0.9717718946367656,1.0
100018408|F|0-53:G>A-53:G>A,,,0.2578947368421053,-0.020525088464820162,0.05778681629392573,-0.3551863518561354,0.7232810308380118,0.1261573445448704,0.9734659770507275,1.0
100013718|F|0-18:C>A-18:C>A,,,0.07368421052631578,-0.029988678686925063,0.08445622061647616,-0.35507957220944736,0.7233607478106471,0.12608150260044415,0.9734659770507275,1.0
100013048|F|0-58:C>T-58:C>T,,,0.06842105263157895,-0.033528341852728724,0.09486573690291368,-0.35342941453184396,0.724593070237793,0.124912351056322,0.9734659770507275,1.0
100036015|F|0-34:G>A-34:G>A,Vu02 (old7),24184641.0,0.07368421052631578,0.029636997997509917,0.08386835790520102,0.3533752029699869,0.7246335672603096,0.12487403407407946,0.9734659770507275,1.0
100045081|F|0-27:C>A-27:C>A,,,0.16842105263157894,-0.02682286782875722,0.07613029395606132,-0.3523284416087775,0.7254156704964874,0.12413533076646975,0.9734659770507275,1.0
100045226|F|0-27:G>T-27:G>T,,,0.21578947368421053,-0.01994383176951084,0.056696903627518294,-0.351762274365737,0.7258388121636042,0.12373669766695602,0.9734659770507275,1.0
100014835|F|0-60:A>G-60:A>G,,,0.29473684210526313,-0.01968546540751058,0.05623775333401279,-0.3500400396614838,0.7271264973541847,0.12252802936621314,0.9734659770507275,1.0
100014176|F|0-46:T>C-46:T>C,,,0.14210526315789473,0.026004969983934357,0.07449016118518778,0.34910610435228046,0.7278251127776113,0.12187507209602533,0.9734659770507275,1.0
100020171|F|0-10:G>A-10:G>A,,,0.08421052631578947,0.029915515410386225,0.08585936094107219,0.3484246223416236,0.7283350297330364,0.12139971745390302,0.9734659770507275,1.0
100020717|F|0-68:A>G-68:A>G,,,0.1,0.026589478988395955,0.07644709893709149,0.3478154090618468,0.7287909753346363,0.12097555878085983,0.9734659770507275,1.0
100041313|F|0-65:C>T-65:C>T,Vu03 (old3),62938472.0,0.14210526315789473,-0.024088971460587784,0.06939697605964204,-0.34711846003037555,0.7293127035120369,0.12049122529385943,0.9734659770507275,1.0
100022068|F|0-50:T>C-50:T>C,,,0.10526315789473684,-0.028719550230528808,0.08298875351230117,-0.34606556930960286,0.7301011272847704,0.11976137826157954,0.9734659770507275,1.0
100015188|F|0-39:T>C-39:T>C,,,0.14210526315789473,0.025840102836153536,0.07492401890874517,0.34488410008579323,0.730986178395006,0.11894504249198744,0.9734659770507275,1.0
100019357|F|0-62:A>C-62:A>C,Vu11 (old9),27999283.0,0.3526315789473684,0.02025544676351289,0.059013266673557004,0.3432354774657656,0.7322217875525281,0.11781059299115208,0.9734659770507275,1.0
100030268|F|0-10:A>C-10:A>C,,,0.3157894736842105,0.02070722529746034,0.060391170692408624,0.3428849790465034,0.7324845701309164,0.11757010885572107,0.9734659770507275,1.0
100038773|F|0-28:C>G-28:C>G,,,0.45263157894736844,0.016640517421067032,0.04861910037749791,0.34226296438772985,0.7329509977145694,0.11714393679147643,0.9734659770507275,1.0
100030713|F|0-35:T>A-35:T>A,,,0.07894736842105263,0.029073385137494523,0.08522313329033157,0.34114428811775277,0.7337901071581904,0.11637942531536831,0.9734659770507275,1.0
100018758|F|0-12:C>T-12:C>T,,,0.2631578947368421,-0.01936640818357976,0.05677070560139889,-0.3411338291187727,0.7337979538908653,0.11637228936923602,0.9734659770507275,1.0
100013419|F|0-62:G>T-62:G>T,,,0.18947368421052632,-0.022811856892471574,0.06689789054430557,-0.3409951600396665,0.7339019912984327,0.11627769917047778,0.9734659770507275,1.0
100033601|F|0-15:C>A-15:C>A,,,0.49473684210526314,-0.021658366603477423,0.06362847214171335,-0.340387972152465,0.7343575965635563,0.1158639715860673,0.9734659770507275,1.0
100034798|F|0-34:C>G-34:C>G,,,0.0797872340425532,0.035672785662306736,0.10553756948339786,0.3380103013260925,0.736142602966995,0.11425096380255585,0.9734659770507275,1.0
100041311|F|0-41:A>G-41:A>G,,,0.34042553191489355,0.019259460635333018,0.05701184630639466,0.3378150662202428,0.7362892377704456,0.11411901896538704,0.9734659770507275,1.0
100033466|F|0-26:G>A-26:G>A,,,0.12105263157894737,0.025741827535006714,0.07635801421016915,0.3371201805242663,0.73681122325573,0.1136500161167139,0.9734659770507275,1.0
100015801|F|0-31:A>T-31:A>T,,,0.15789473684210525,0.02386066006205971,0.0709491962229655,0.3363062773406906,0.7374227695322519,0.11310191217875348,0.9734659770507275,1.0
100029049|F|0-10:A>G-10:A>G,,,0.1368421052631579,-0.023522035690536736,0.07006965838529065,-0.33569502453111133,0.7378821606230092,0.11269114949494344,0.9734659770507275,1.0
100032969|F|0-67:T>C-67:T>C,,,0.06315789473684211,0.031460965343828196,0.09374855363726374,0.335588807754394,0.7379619982571598,0.1126198478900156,0.9734659770507275,1.0
100016158|F|0-51:C>A-51:C>A,,,0.06315789473684211,0.034171015452294395,0.10185557782906346,0.33548496980343123,0.7380400506296292,0.11255016496400917,0.9734659770507275,1.0
100017079|F|0-12:A>G-12:A>G,,,0.2631578947368421,-0.017311384365782993,0.051714337841512706,-0.3347501889869816,0.7385924452816045,0.11205768902681991,0.9734659770507275,1.0
100019870|F|0-67:G>A-67:G>A,,,0.18421052631578946,0.020907487681987174,0.06263634495985908,0.33379163000947576,0.7393132784632588,0.11141685226438276,0.9734659770507275,1.0
100033689|F|0-56:C>T-56:C>T,,,0.3473684210526316,0.01677979815179857,0.05032220606671922,0.33344718889214103,0.7395723539676704,0.11118702778007118,0.9734659770507275,1.0
100029801|F|0-44:C>T-44:C>T,,,0.38421052631578945,0.01892243343518393,0.05690927318765469,0.33250175894512685,0.7402836247676813,0.11055741970160324,0.9734659770507275,1.0
100021509|F|0-38:C>A-38:C>A,,,0.05263157894736842,0.03004829044384522,0.09039361606032012,0.33241606822979447,0.7403481032252547,0.11050044241735538,0.9734659770507275,1.0
100043222|F|0-20:C>A-20:C>A,,,0.47368421052631576,-0.016674723861085476,0.0503238904462037,-0.3313480677514545,0.741151881637355,0.10979154200262246,0.9734773652977053,1.0
100022113|F|0-34:G>C-34:G>C,,,0.05789473684210526,-0.031660963977163184,0.09571644885974745,-0.33077871519821783,0.7415804944945437,0.1094145584281837,0.9734773652977053,1.0
100039010|F|0-12:C>T-12:C>T,,,0.09473684210526316,-0.02734806164174484,0.08312513372863042,-0.32899870851366186,0.7429210221262964,0.10824015020365745,0.9736680381761538,1.0
100041567|F|0-33:A>T-33:A>T,,,0.4631578947368421,0.017511662980121502,0.053233311128489384,0.3289606189976339,0.7429497161193279,0.10821508885130646,0.9736680381761538,1.0
100014327|F|0-12:T>C-12:T>C,,,0.32105263157894737,0.018852949154405475,0.057813056070879956,0.32610192983556147,0.7451042873805368,0.10634246864247746,0.9756880010061186,1.0
100038463|F|0-13:A>C-13:A>C,,,0.1736842105263158,-0.020719084257767514,0.06393819036398497,-0.32404864979472636,0.7466530814262843,0.1050075274337852,0.9762943379613003,1.0
100051037|F|0-43:C>T-43:C>T,,,0.12631578947368421,-0.02432971624598026,0.07512392202845676,-0.3238611029488613,0.746794600439285,0.10488601400325293,0.9762943379613003,1.0
100021903|F|0-59:G>A-59:G>A,,,0.12105263157894737,-0.01971804283508524,0.061095994666968925,-0.32273871540298604,0.7476417124033452,0.10416027841996962,0.9765993139849937,1.0
100018106|F|0-5:T>C-5:T>C,Vu07 (old2),35385132.0,0.2789473684210526,-0.01807619747949278,0.056294106351329413,-0.3211028409737941,0.7488769288500243,0.1031070344814417,0.976962963629809,1.0
100036101|F|0-41:G>C-41:G>C,,,0.4631578947368421,0.016844983316089236,0.052518713566189826,0.32074249676468836,0.7491491058386459,0.10287574923084612,0.976962963629809,1.0
100033004|F|0-55:C>G-55:C>G,,,0.06315789473684211,0.02922717234999144,0.09144677030615785,0.31960857941883314,0.7500057891040199,0.10214964403812457,0.976962963629809,1.0
100018194|F|0-8:A>C-8:A>C,Vu02 (old7),25429826.0,0.17553191489361697,-0.019286958886256755,0.06044977746138638,-0.3190575664000868,0.7504221969628426,0.1017977306771458,0.976962963629809,1.0
100016813|F|0-35:C>T-35:C>T,,,0.22631578947368422,0.017731594311843544,0.055840145553475225,0.3175420503670233,0.7515678735879116,0.10083295375129317,0.976962963629809,1.0
100013122|F|0-67:G>A-67:G>A,,,0.15789473684210525,0.024310508777998747,0.0765700535500624,0.3174936891235717,0.7516044421639761,0.10080224263329518,0.976962963629809,1.0
100016627|F|0-41:T>C-41:T>C,,,0.11578947368421053,-0.01989578459137455,0.06380002913728257,-0.31184601105061455,0.7558788393624735,0.09724793460818001,0.9786950148392289,1.0
100021703|F|0-41:T>C-41:T>C,Vu07 (old2),38780837.0,0.2578947368421053,-0.0199181408769193,0.06407704791598405,-0.31084673100164323,0.7566359319184366,0.09662569017440795,0.9786950148392289,1.0
100033592|F|0-27:T>C-27:T>C,,,0.4842105263157894,0.017757826305369092,0.05717520733082613,0.3105861287501606,0.7568334131755964,0.09646374337201134,0.9786950148392289,1.0
100021502|F|0-49:T>G-49:T>G,,,0.05789473684210526,-0.028775032676724734,0.09279358277826483,-0.3100972267175436,0.7572039408120413,0.09616029001791163,0.9786950148392289,1.0
100015387|F|0-29:C>T-29:C>T,,,0.06914893617021277,-0.028933082565393637,0.09330535900231818,-0.31009025499462245,0.7572092249314648,0.09615596624262997,0.9786950148392289,1.0
100021743|F|0-57:T>C-57:T>C,,,0.05789473684210526,-0.029579468970698235,0.09541199870477085,-0.3100183349289714,0.7572637364080363,0.0961113679921319,0.9786950148392289,1.0
100013883|F|0-67:A>T-67:A>T,,,0.07368421052631578,-0.026663548148793563,0.0862321968052055,-0.3092064117191085,0.7578792148953521,0.09560860504820684,0.9786950148392289,1.0
100052450|F|0-8:A>G-8:A>G,,,0.08064516129032258,0.027905192511357927,0.09059674020241999,0.3080154147821373,0.7587823325754754,0.09487349574341207,0.9786950148392289,1.0
100033324|F|0-45:A>T-45:A>T,,,0.06914893617021277,-0.02951126860322151,0.09610849647397109,-0.3070620151800419,0.7595055245045781,0.09428708116642828,0.9786950148392289,1.0
100017630|F|0-52:A>T-52:A>T,,,0.15263157894736842,-0.01933452332561457,0.06298262219998679,-0.3069818729398444,0.7595663253689738,0.09423787031365478,0.9786950148392289,1.0
100019956|F|0-49:C>A-49:C>A,,,0.4789473684210527,0.016558132167498504,0.05397026668938716,0.3068010069839906,0.7597035470310797,0.09412685788639065,0.9786950148392289,1.0
100021422|F|0-18:C>G-18:C>G,,,0.24736842105263157,0.017045176497272833,0.05635149435060519,0.3024795827280448,0.7629844575624651,0.09149389796733211,0.9802839506147346,1.0
100029409|F|0-44:A>G-44:A>G,,,0.06842105263157895,-0.030147581506304075,0.0997486301614075,-0.30223554406231934,0.7631698663636811,0.09134632409464617,0.9802839506147346,1.0
100046913|F|0-41:A>T-41:A>T,,,0.49473684210526314,0.015976273769985578,0.052967656177809776,0.30162319654760683,0.7636351592494627,0.09097655269559626,0.9802839506147346,1.0
100021294|F|0-38:G>A-38:G>A,,,0.4263157894736842,-0.017469364501189962,0.05796058544390908,-0.3014007599715467,0.7638041994131671,0.0908424181114259,0.9802839506147346,1.0
100017935|F|0-68:T>C-68:T>C,,,0.14210526315789473,0.02157920227310709,0.07211098402725327,0.2992498655260557,0.765439356093668,0.08955048201736242,0.9802839506147346,1.0
100014107|F|0-10:A>C-10:A>C,,,0.07894736842105263,-0.02286729355719874,0.07654069015557298,-0.29875996036513075,0.7658119415848691,0.08925751391737449,0.9802839506147346,1.0
100013102|F|0-12:T>C-12:T>C,,,0.34210526315789475,-0.017108078761295487,0.05727865569814356,-0.2986815691250584,0.7658715652565388,0.08921067973500703,0.9802839506147346,1.0
100017988|F|0-49:T>G-49:T>G,,,0.16842105263157894,-0.019191510894240586,0.0644679514692275,-0.29769072006888997,0.7666253175772368,0.08861976481513421,0.9802839506147346,1.0
100019074|F|0-23:A>T-23:A>T,,,0.06315789473684211,-0.031124713688150313,0.10492566277369765,-0.29663585499840683,0.7674280145832473,0.08799283047063584,0.9802839506147346,1.0
100018025|F|0-39:C>T-39:C>T,,,0.24736842105263157,-0.018267125228787588,0.06179269642952792,-0.2956194871609221,0.7682016572562145,0.0873908811892866,0.9802839506147346,1.0
100022099|F|0-31:T>C-31:T>C,,,0.2,0.02052958441582453,0.06980750341508729,0.29408850641387546,0.7693674579709532,0.08648804960474407,0.9802839506147346,1.0
100016452|F|0-6:G>A-6:G>A,,,0.4421052631578947,0.015106288453492314,0.05156710709923512,0.29294426822163894,0.7702391110619494,0.08581634428391154,0.9802839506147346,1.0
100036118|F|0-16:G>C-16:G>C,,,0.22580645161290325,0.017274498063572542,0.05900136623204524,0.2927813229889293,0.7703632628509123,0.08572090309114773,0.9802839506147346,1.0
100033338|F|0-63:T>A-63:T>A,,,0.3631578947368421,0.01726952217662913,0.05910462638316042,0.2921856246019586,0.770817190299853,0.08537243922403669,0.9802839506147346,1.0
100038927|F|0-38:C>G-38:C>G,,,0.28421052631578947,-0.018398405011010498,0.06326236418911613,-0.2908270224617344,0.7718527555367656,0.08458035699395818,0.9802839506147346,1.0
100017843|F|0-41:T>C-41:T>C,,,0.4421052631578947,-0.014351244825950092,0.049473735714937885,-0.2900780508801752,0.772423819888494,0.0841452756024415,0.9802839506147346,1.0
100014343|F|0-46:C>T-46:C>T,,,0.07894736842105263,0.0281184193172981,0.09702320821592324,0.2898112712859496,0.7726272601877319,0.08399057296437826,0.9802839506147346,1.0
100016053|F|0-57:T>C-57:T>C,,,0.24736842105263157,-0.014443633977150339,0.04988938335828398,-0.2895131790549986,0.7728545976167612,0.08381788084653169,0.9802839506147346,1.0
100019087|F|0-12:C>A-12:C>A,,,0.06315789473684211,-0.02793769332028585,0.0965876920450578,-0.28924692917657685,0.7730576675123932,0.08366378603807967,0.9802839506147346,1.0
100049169|F|0-65:G>T-65:G>T,,,0.3684210526315789,0.016847150295842835,0.05845842976578263,0.2881902638052715,0.7738637462474327,0.08305362815215199,0.9802839506147346,1.0
100014414|F|0-40:G>C-40:G>C,,,0.12105263157894737,0.02299980063453937,0.0800475986228675,0.2873265535784471,0.7745228131119065,0.08255654839126823,0.9802839506147346,1.0
100015799|F|0-68:C>T-68:C>T,,,0.21052631578947367,0.020256561780287643,0.07055091308487293,0.28711976776145964,0.7746806286224457,0.08243776103939451,0.9802839506147346,1.0
100035529|F|0-67:G>T-67:G>T,,,0.24736842105263157,0.018914940147537355,0.06620447943125601,0.2857048391593781,0.7757607323417729,0.08162725511908611,0.9802839506147346,1.0
100020284|F|0-15:A>T-15:A>T,Vu05 (old1),16272496.0,0.24736842105263157,-0.018914940147435774,0.06620447943125547,-0.28570483915784606,0.7757607323429426,0.08162725511821069,0.9802839506147346,1.0
100038943|F|0-17:C>T-17:C>T,,,0.42105263157894735,0.014607711940925297,0.05126492372334019,0.284945551070324,0.7763405265710658,0.08119396707477061,0.9802839506147346,1.0
100017865|F|0-21:A>G-21:A>G,,,0.13157894736842105,0.020291206303518543,0.0714238573984211,0.2840956375448731,0.7769896729168622,0.08071033127202791,0.9803255904922503,1.0
100016234|F|0-15:C>T-15:C>T,Vu06 (old6),20274938.0,0.15789473684210525,-0.018530459971623826,0.06584293345003456,-0.2814343013086714,0.779023368709113,0.07920526595310005,0.980517609761564,1.0
100041512|F|0-35:G>A-35:G>A,,,0.4789473684210526,-0.016184392078720234,0.057597298660126736,-0.28099220719051377,0.7793613503186916,0.07895662050179661,0.980517609761564,1.0
100020456|F|0-16:A>C-16:A>C,,,0.43157894736842106,0.016805208061213214,0.05987195763828844,0.28068579555625206,0.7795956273595056,0.07878451582704613,0.980517609761564,1.0
100021588|F|0-50:T>C-50:T>C,,,0.09473684210526316,0.020772388949825932,0.07415485953918147,0.2801217489846414,0.7800269408315504,0.07846819425421446,0.980517609761564,1.0
100045520|F|0-63:C>T-63:C>T,,,0.22631578947368422,0.01941148812739451,0.06936019168999137,0.279864972319498,0.7802233148699812,0.07832440273139336,0.980517609761564,1.0
100029380|F|0-39:A>C-39:A>C,,,0.34210526315789475,-0.016566383831299603,0.059445648095754554,-0.2786811879755203,0.7811288169558416,0.07766320453144726,0.980781068417494,1.0
100019601|F|0-61:A>G-61:A>G,,,0.4052631578947368,-0.014876708634118108,0.05362453259674266,-0.2774235580940387,0.7820911357163834,0.07696383058555646,0.980781068417494,1.0
100058466|F|0-35:C>T-35:C>T,,,0.324468085106383,0.012619056775148884,0.04552760364054846,0.27717375319771753,0.7822823229552481,0.07682528946170923,0.980781068417494,1.0
100016374|F|0-29:T>A-29:T>A,,,0.38421052631578945,0.015300207335808762,0.05562461133395254,0.27506182908768867,0.7838992095162918,0.07565900982106485,0.9820343640475749,1.0
100040372|F|0-42:A>T-42:A>T,,,0.23404255319148937,-0.01626058378909722,0.06003732114554009,-0.2708412613827149,0.7871333082347688,0.07335498886738011,0.9825840202502367,1.0
100034274|F|0-23:G>T-23:G>T,,,0.4631578947368421,-0.016220990235182503,0.06039882542944424,-0.26856466363127024,0.7888793541221206,0.07212697855137733,0.9825840202502367,1.0
100014320|F|0-23:C>T-23:C>T,,,0.23684210526315788,0.014837975805446721,0.05529859724333575,0.26832463290440706,0.7890635096818546,0.0719981086232848,0.9825840202502367,1.0
100039032|F|0-21:G>A-21:G>A,,,0.08510638297872342,-0.02317438965592182,0.08664098523113851,-0.26747606336767527,0.7897146423211127,0.07154344447466864,0.9825840202502367,1.0
100017653|F|0-34:G>A-34:G>A,,,0.08947368421052632,-0.021166832021163623,0.07960251373148618,-0.2659065779324911,0.7909193483568578,0.07070630818776798,0.9825840202502367,1.0
100021285|F|0-67:T>C-67:T>C,,,0.06315789473684211,0.023157488513978853,0.08753991571989282,0.2645363354938264,0.7919715349078573,0.06997947279650227,0.9825840202502367,1.0
100034899|F|0-59:G>C-59:G>C,,,0.42105263157894735,-0.014599209105961318,0.055210311414515,-0.2644290302286383,0.7920539491462956,0.0699227120276581,0.9825840202502367,1.0
100018695|F|0-40:A>G-40:A>G,Vu08 (old5),10283963.0,0.38421052631578945,0.01577607048809532,0.05970887023427069,0.2642165297416805,0.7922171640066215,0.06981037458873632,0.9825840202502367,1.0
100035421|F|0-6:T>A-6:T>A,,,0.13157894736842105,-0.020262231834054244,0.07677081417709715,-0.26393144388585926,0.7924361439200164,0.06965980707167448,0.9825840202502367,1.0
100018366|F|0-11:C>A-11:C>A,Vu06 (old6),3381583.0,0.14210526315789473,0.020004890196795827,0.07639639781452201,0.26185645880011826,0.794030480251064,0.06856880501533803,0.9825840202502367,1.0
100015669|F|0-64:A>C-64:A>C,,,0.06842105263157895,-0.023002462881664194,0.08798243884116431,-0.26144379701943476,0.794347657787579,0.06835285899993941,0.9825840202502367,1.0
100014335|F|0-15:A>C-15:A>C,,,0.4473684210526316,-0.013972144138773256,0.053486716189887665,-0.2612264340396142,0.7945147398776827,0.06823924984105291,0.9825840202502367,1.0
100014172|F|0-5:G>A-5:G>A,,,0.3105263157894737,0.016890926660440907,0.06496630084197906,0.25999520430639256,0.795461339508059,0.0675975062623228,0.9825840202502367,1.0
100013053|F|0-56:A>T-56:A>T,,,0.3421052631578947,0.01572731519893029,0.060508365577683,0.2599196829856353,0.7955194121333915,0.06755824160335314,0.9825840202502367,1.0
100034977|F|0-7:A>C-7:A>C,,,0.3894736842105263,0.014232126321251877,0.05515336746475182,0.25804637097358635,0.7969602757741338,0.06658792957263775,0.9825840202502367,1.0
100029063|F|0-9:C>T-9:C>T,,,0.08947368421052632,-0.020339014883386623,0.0788666607638753,-0.2578911632163697,0.7970796859346465,0.06650785206509223,0.9825840202502367,1.0
100035576|F|0-54:C>T-54:C>T,,,0.11052631578947368,0.023106821833395356,0.08963010830564272,0.25780200727416336,0.7971482808588078,0.06646187495458777,0.9825840202502367,1.0
100035862|F|0-6:T>G-6:T>G,Vu10 (old10),39567399.0,0.38421052631578945,0.015212092307071563,0.059054974790480205,0.2575920548783942,0.7973098206199344,0.06635366673647365,0.9825840202502367,1.0
100030288|F|0-38:C>G-38:C>G,,,0.22105263157894736,0.015475214154340803,0.060220820758020495,0.25697448091123437,0.7977850401997298,0.06603588383959835,0.9825840202502367,1.0
100044377|F|0-51:A>T-51:A>T,,,0.1,0.023040528971793334,0.0909596768473751,0.25330486838089766,0.800610351632339,0.06416335634546388,0.9825840202502367,1.0
100035266|F|0-39:C>T-39:C>T,,,0.06315789473684211,0.024855401445386886,0.09904050583425372,0.2509619800103091,0.8024155811948638,0.0629819154106948,0.9825840202502367,1.0
100035744|F|0-61:C>T-61:C>T,,,0.16842105263157894,0.015766530028742953,0.06308054782791653,0.2499428202772427,0.803201193974962,0.06247141340814205,0.9825840202502367,1.0
100044894|F|0-39:G>A-39:G>A,,,0.28421052631578947,0.020248005641334707,0.08128409880236076,0.2491016808904651,0.8038497332688361,0.062051647422455114,0.9825840202502367,1.0
100033672|F|0-41:T>A-41:T>A,Vu02 (old7),6408415.0,0.12105263157894737,-0.019092110200663374,0.07733531862869922,-0.24687439761292032,0.8055676858817503,0.06094696819674228,0.9825840202502367,1.0
100017698|F|0-34:C>A-34:C>A,,,0.08421052631578947,0.018903885568161624,0.07673535953335787,0.24635169083874373,0.8059709997430643,0.06068915557910797,0.9825840202502367,1.0
100022176|F|0-8:G>A-8:G>A,,,0.05789473684210526,0.025447104247733287,0.10340917251130317,0.24608169304276933,0.8061793471505952,0.06055619965079575,0.9825840202502367,1.0
100033589|F|0-16:T>C-16:T>C,,,0.14736842105263157,-0.015211708581397204,0.06200817259050287,-0.24531780160421982,0.8067688899115196,0.060180823783927355,0.9825840202502367,1.0
100058673|F|0-34:G>A-34:G>A,Vu05 (old1),1696325.0,0.2789473684210526,0.016771084559485998,0.06839272035789394,0.24521739260734446,0.8068463901180296,0.060131569637144514,0.9825840202502367,1.0
100033099|F|0-24:G>C-24:G>C,,,0.19999999999999996,-0.01651365400327668,0.06744099192784704,-0.24486078171780318,0.8071216541159321,0.05995680242345366,0.9825840202502367,1.0
100040506|F|0-18:G>A-18:G>A,,,0.09473684210526316,-0.01786184097482254,0.07312244859995097,-0.24427301487869643,0.80757539782256,0.05966930579792785,0.9825840202502367,1.0
100013713|F|0-9:G>T-9:G>T,,,0.3526315789473684,-0.012930563366147728,0.05294932505155506,-0.24420638702301972,0.807626837290608,0.0596367594628369,0.9825840202502367,1.0
100029224|F|0-12:A>G-12:A>G,,,0.1,-0.018992282006040136,0.07783575430773247,-0.24400459884993211,0.8077826312879803,0.059538244259916294,0.9825840202502367,1.0
100017587|F|0-60:T>A-60:T>A,,,0.12631578947368421,-0.0248266716244704,0.10187138945951309,-0.24370602733692276,0.8080131627295338,0.05939262776034494,0.9825840202502367,1.0
100029488|F|0-5:C>T-5:C>T,,,0.23684210526315788,0.016365894009906956,0.06725027988224525,0.24335800592300164,0.8082818965566159,0.0592231190468197,0.9825840202502367,1.0
100038902|F|0-22:A>T-22:A>T,,,0.24736842105263157,-0.01285464272155123,0.05344488621364029,-0.24052147234753485,0.8104730549484485,0.05785057866022597,0.9825840202502367,1.0
100014924|F|0-66:G>A-66:G>A,,,0.05789473684210526,-0.023574068723587624,0.09846444496477674,-0.239417068079962,0.8113265920309866,0.05732053248800516,0.9825840202502367,1.0
100043219|F|0-41:C>T-41:C>T,,,0.32105263157894737,-0.016394345726156265,0.06855528432350173,-0.23914051101872608,0.8115403644628891,0.057188184010297446,0.9825840202502367,1.0
100013673|F|0-63:C>A-63:C>A,,,0.29473684210526313,-0.014873264122310959,0.06222897444545065,-0.2390086652536549,0.8116422833247023,0.05712514206633367,0.9825840202502367,1.0
100033819|F|0-67:C>G-67:C>G,,,0.32105263157894737,0.014469516570353788,0.060652676924637224,0.23856352767962077,0.8119864056754081,0.056912556738945186,0.9825840202502367,1.0
100035052|F|0-18:T>C-18:T>C,,,0.21978021978021978,-0.014841080495761858,0.06255048821222971,-0.23726562205888857,0.8129899876993105,0.05629497541099135,0.9825840202502367,1.0
100020809|F|0-53:C>G-53:C>G,,,0.1,0.02006383461675389,0.08484494859866458,0.2364764779534522,0.8136003318807052,0.05592112462526956,0.9825840202502367,1.0
100035290|F|0-26:T>C-26:T>C,,,0.13157894736842105,0.015283443091963623,0.06482916165337146,0.2357495099764074,0.814162689324281,0.05557783145411621,0.9825840202502367,1.0
100040128|F|0-22:T>C-22:T>C,,,0.06842105263157895,0.02150258534274829,0.09196420694704177,0.23381472049371016,0.8156598497687867,0.0546693235195518,0.9825840202502367,1.0
100038668|F|0-20:A>G-20:A>G,,,0.06842105263157895,0.02150258534274829,0.09196420694704177,0.23381472049371016,0.8156598497687867,0.0546693235195518,0.9825840202502367,1.0
100022323|F|0-60:G>C-60:G>C,,,0.3894736842105263,0.012845811710083256,0.05582469727908216,0.23010983195956636,0.8185286373884139,0.052950534764459864,0.9825840202502367,1.0
100014038|F|0-34:G>C-34:G>C,,,0.1,0.018451803781085855,0.08049251547001318,0.22923626716523626,0.8192054220225168,0.05254926618385158,0.9825840202502367,1.0
100028251|F|0-5:A>G-5:A>G,,,0.1631578947368421,-0.014545208566191334,0.06348440055243447,-0.22911468706675156,0.8192996257243034,0.05249353982969549,0.9825840202502367,1.0
100019308|F|0-53:A>G-53:A>G,,,0.1276595744680851,0.015577544474008309,0.0681559248470669,0.22855745129953572,0.8197314216786805,0.052238508544539645,0.9825840202502367,1.0
100017287|F|0-5:C>A-5:C>A,,,0.13157894736842105,0.015261765363896973,0.06723128803772671,0.22700391156172497,0.820935535831089,0.051530775864323454,0.9825840202502367,1.0
100017564|F|0-8:A>T-8:A>T,Vu07 (old2),38265563.0,0.07894736842105263,0.01989269652396259,0.08788311173108078,0.22635403016717864,0.8214393719518046,0.05123614697292402,0.9825840202502367,1.0
100014812|F|0-31:G>T-31:G>T,,,0.3157894736842105,-0.011467517205691483,0.05089679904870635,-0.22530920254370995,0.8222495565255217,0.05076423675088251,0.9825840202502367,1.0
100013722|F|0-6:A>G-6:A>G,,,0.11578947368421053,-0.01702215890466183,0.07574527720858272,-0.22472898023446727,0.822699558216147,0.05050311455722358,0.9825840202502367,1.0
100013040|F|0-46:A>G-46:A>G,,,0.09473684210526316,0.019646804748047777,0.08743477038185578,0.22470242287186046,0.8227201566695038,0.0504911788444844,0.9825840202502367,1.0
100015245|F|0-49:A>G-49:A>G,Vu03 (old3),7443089.0,0.06315789473684211,0.021965781032696502,0.09791265196401328,0.2243405789965712,0.8230008228192713,0.0503286953845168,0.9825840202502367,1.0
100043228|F|0-41:G>A-41:G>A,,,0.30526315789473685,-0.014506891678510353,0.06516715746825022,-0.2226104719325557,0.8243431072964165,0.04955542221403517,0.9825840202502367,1.0
100058467|F|0-48:T>C-48:T>C,,,0.0888888888888889,0.015502642542509716,0.06980824836138069,0.22207465315926886,0.8247589225327001,0.04931715157580956,0.9825840202502367,1.0
100018919|F|0-66:C>A-66:C>A,,,0.06315789473684211,-0.019036430451300445,0.08617930690973007,-0.22089328788917353,0.8256758822854937,0.0487938446344893,0.9825840202502367,1.0
100029079|F|0-11:G>A-11:G>A,,,0.06842105263157895,-0.021191257023693566,0.09628406959988092,-0.22009099856036593,0.8262987463831166,0.048440047647299,0.9825840202502367,1.0
100020750|F|0-37:T>C-37:T>C,Vu09 (old8),38249509.0,0.3526315789473684,0.009811759895561671,0.04468256115393089,0.21958812660179158,0.8266892119713946,0.04821894534448445,0.9825840202502367,1.0
100016973|F|0-15:G>T-15:G>T,,,0.3526315789473684,0.012350920447041456,0.05632877744177732,0.21926484131148846,0.8269402567029629,0.048077070635352215,0.9825840202502367,1.0
100047453|F|0-65:G>T-65:G>T,,,0.3829787234042553,0.01104630407766873,0.05064167854615569,0.21812673660887721,0.8278241861773253,0.047579273223638495,0.9825840202502367,1.0
100016695|F|0-37:G>A-37:G>A,,,0.20526315789473684,-0.012403275163369837,0.05697302882396307,-0.21770433167058467,0.8281523110569908,0.047395176028135935,0.9825840202502367,1.0
100035017|F|0-19:T>C-19:T>C,,,0.4421052631578947,0.012318912015029077,0.05661905092989886,0.21757538871997975,0.8282524802397077,0.047339049776650294,0.9825840202502367,1.0
100020774|F|0-63:A>G-63:A>G,,,0.22105263157894736,-0.01225918983196124,0.05637000187775655,-0.21747719396118528,0.8283287646299976,0.04729632989323101,0.9825840202502367,1.0
100035374|F|0-23:A>G-23:A>G,,,0.43258426966292135,-0.011615637429479785,0.053494596968405875,-0.21713664720831577,0.8285933373403079,0.04714832356086859,0.9825840202502367,1.0
100017435|F|0-33:T>G-33:T>G,,,0.3763440860215054,0.011240053811091538,0.051808142219746826,0.21695535353142537,0.8287341934960154,0.04706962542594576,0.9825840202502367,1.0
100014432|F|0-25:C>A-25:C>A,,,0.3368421052631579,-0.012484941071094257,0.05777058298097024,-0.21611243000969582,0.8293891765456305,0.046704582404695674,0.9825840202502367,1.0
100021208|F|0-24:G>A-24:G>A,,,0.49473684210526314,-0.011289867630932867,0.05253858430671914,-0.21488716873341807,0.8303414652275614,0.04617649528626449,0.9825840202502367,1.0
100019025|F|0-58:C>A-58:C>A,,,0.10526315789473684,-0.016633588936591098,0.07749137496746537,-0.21465084267216425,0.8305251700508257,0.04607498425987021,0.9825840202502367,1.0
100014250|F|0-55:T>C-55:T>C,,,0.45263157894736844,-0.010800991599023455,0.050878370604519475,-0.21229043836682956,0.8323605131362013,0.04506723022198066,0.9825840202502367,1.0
100020803|F|0-42:G>T-42:G>T,,,0.06179775280898877,-0.019151576197042126,0.09027627042774103,-0.21214407846380226,0.8324743466544633,0.04500511002725589,0.9825840202502367,1.0
100019495|F|0-5:T>G-5:T>G,,,0.2894736842105263,0.012586294933576447,0.059666989916543095,0.21094234770651313,0.8334091448817593,0.044496674055935485,0.9825840202502367,1.0
100041050|F|0-49:T>A-49:T>A,,,0.34210526315789475,0.010417817286269095,0.04940071000847758,0.21088395864110676,0.8334545704809224,0.044472044012144024,0.9825840202502367,1.0
100016415|F|0-35:A>G-35:A>G,,,0.13157894736842105,0.013432554541937643,0.06374165552014878,0.2107343217292435,0.8335709877756837,0.04440895435468431,0.9825840202502367,1.0
100014678|F|0-12:C>T-12:C>T,,,0.30526315789473685,0.013179266387501522,0.0625421498400713,0.2107261490243409,0.8335773462348094,0.04440550988262872,0.9825840202502367,1.0
100029037|F|0-30:A>C-30:A>C,,,0.2736842105263158,-0.012564536989646812,0.059793469706556364,-0.21013226111996489,0.8340394275019534,0.04415556716338911,0.9825840202502367,1.0
100033656|F|0-39:G>A-39:G>A,,,0.08947368421052632,0.016571160553189863,0.0791156555340435,0.20945488527310865,0.8345665386540916,0.04387134896477111,0.9825840202502367,1.0
100035288|F|0-19:C>G-19:C>G,,,0.46842105263157896,0.011741478412147226,0.05627809732762102,0.20863318004151082,0.8352060635271252,0.04352780381423347,0.9825840202502367,1.0
100033857|F|0-15:C>A-15:C>A,Vu03 (old3),47106161.0,0.08421052631578947,-0.017167989986884572,0.08239603454283201,-0.20835942023350795,0.8354191526468774,0.04341364800004356,0.9825840202502367,1.0
100030229|F|0-11:A>T-11:A>T,,,0.33870967741935487,-0.010895809735751162,0.052301529372948484,-0.20832679017961409,0.835444552043158,0.04340005150654095,0.9825840202502367,1.0
100022248|F|0-57:T>A-57:T>A,,,0.35789473684210527,-0.01277092912051501,0.06169105132532224,-0.2070142888823317,0.8364663539686413,0.042854915801457484,0.9825840202502367,1.0
100015063|F|0-34:T>C-34:T>C,,,0.06451612903225806,0.017641983362576007,0.08532889648664688,0.20675274249370848,0.8366700053369399,0.04274669652866973,0.9825840202502367,1.0
100021520|F|0-23:T>C-23:T>C,,,0.13157894736842105,0.017239293212665964,0.08389021994126596,0.2054982478855784,0.8376469637614975,0.04222952988404263,0.9825840202502367,1.0
100020360|F|0-56:A>G-56:A>G,,,0.28421052631578947,-0.011113307195155112,0.05469524771644076,-0.203185974269106,0.839448351027686,0.041284540139685806,0.9825840202502367,1.0
100021950|F|0-63:C>T-63:C>T,,,0.09473684210526316,0.015833932173515156,0.07808142667805375,0.20278743418459566,0.8397589221892537,0.04112274346317172,0.9825840202502367,1.0
100021718|F|0-14:T>C-14:T>C,Vu02 (old7),26744915.0,0.11052631578947368,-0.017271851677074648,0.08556460238773075,-0.20185744098720065,0.8404837385089394,0.040746426481901195,0.9825840202502367,1.0
100033778|F|0-25:A>T-25:A>T,,,0.16489361702127658,0.012669842577962307,0.06285001479535852,0.20158853771499788,0.8406933414858898,0.04063793853807112,0.9825840202502367,1.0
100013385|F|0-10:G>T-10:G>T,,,0.22631578947368422,-0.013354484379791372,0.06663785277522542,-0.20040388193234662,0.841616885820491,0.040161715893553926,0.9825840202502367,1.0
100015767|F|0-23:A>T-23:A>T,,,0.23157894736842105,0.014042284381661023,0.0707500334536143,0.1984774239134111,0.8431192035142755,0.039393287803303895,0.9825840202502367,1.0
100035901|F|0-29:T>A-29:T>A,,,0.3924731182795699,-0.00985618546535794,0.04989068682168259,-0.19755561795702564,0.8438382649812903,0.03902822218638227,0.9825840202502367,1.0
100036115|F|0-39:C>T-39:C>T,,,0.08602150537634408,0.015657652870797296,0.07944087976599257,0.19709818064603182,0.8441951414697724,0.03884769281397579,0.9825840202502367,1.0
100039160|F|0-18:T>A-18:T>A,,,0.07894736842105263,-0.017087152198412454,0.08683604391713454,-0.19677488088607878,0.8444473881814178,0.038720353747730495,0.9825840202502367,1.0
100013667|F|0-32:C>A-32:C>A,,,0.17894736842105263,-0.012743480698832476,0.06541566308518597,-0.1948077891106536,0.845982511937753,0.03795007469818089,0.9825840202502367,1.0
100032753|F|0-47:A>G-47:A>G,,,0.2631578947368421,0.011290673914308698,0.0580512149394299,0.19449504934718906,0.8462266298337354,0.03782832422056551,0.9825840202502367,1.0
100018485|F|0-30:G>A-30:G>A,,,0.22105263157894736,-0.012710654689780476,0.0660759664618684,-0.19236426450327643,0.8478902726728312,0.037004010257886494,0.9825840202502367,1.0
100019858|F|0-55:G>C-55:G>C,Vu07 (old2),32970913.0,0.05789473684210526,-0.018609091558758364,0.09705534450823869,-0.19173690694775394,0.8483802233616591,0.03676304148589166,0.9825840202502367,1.0
100038558|F|0-29:G>A-29:G>A,,,0.08947368421052632,-0.016851252170106815,0.08896317894246254,-0.18941827810588313,0.850191530428703,0.035879284080597686,0.9825840202502367,1.0
100016817|F|0-58:C>T-58:C>T,,,0.4842105263157895,0.0088020314847145,0.04657983337679394,0.18896657301268213,0.8505444952137533,0.03570836571615733,0.9825840202502367,1.0
100014242|F|0-53:A>G-53:A>G,,,0.4421052631578947,-0.011265853898592991,0.05966890681348803,-0.18880610522675723,0.8506698929374458,0.03564774537089732,0.9825840202502367,1.0
100020777|F|0-46:A>G-46:A>G,,,0.45789473684210524,0.008811881425208888,0.04695866277462968,0.18765188156017246,0.8515719752153383,0.03521322865307299,0.9825840202502367,1.0
100038566|F|0-46:T>A-46:T>A,,,0.17894736842105263,-0.013112210647177661,0.06992339638607435,-0.1875225078424399,0.8516730994375198,0.03516469094751793,0.9825840202502367,1.0
100028451|F|0-5:C>A-5:C>A,,,0.22631578947368422,-0.013878321328007093,0.074268003079575,-0.18686810944865534,0.8521846441357187,0.03491969032891463,0.9825840202502367,1.0
100018913|F|0-12:G>A-12:G>A,,,0.35789473684210527,0.009870393615957523,0.05290368252764656,0.18657290276153127,0.8524154285760253,0.0348094480448638,0.9825840202502367,1.0
100018124|F|0-61:T>A-61:T>A,,,0.4842105263157895,-0.00969227335230151,0.05196029568130218,-0.18653229788661996,0.8524471733520945,0.03479429815486272,0.9825840202502367,1.0
100033683|F|0-28:G>C-28:G>C,,,0.2,0.015703033504658893,0.08435687667114482,0.18615001081506713,0.85274605620797,0.03465182652644961,0.9825840202502367,1.0
100019345|F|0-24:G>A-24:G>A,,,0.12105263157894737,0.012413170977959812,0.06685720651651453,0.18566691049069797,0.8531237884633902,0.034472201651160855,0.9825840202502367,1.0
100019055|F|0-38:T>A-38:T>A,,,0.20526315789473684,0.011438292172704385,0.061745745913973006,0.18524826291094995,0.8534511533369128,0.034316918911524434,0.9825840202502367,1.0
100039244|F|0-37:G>C-37:G>C,,,0.35789473684210527,-0.013125279722745603,0.07085865782459169,-0.18523184217286204,0.8534639941897355,0.03431083535475207,0.9825840202502367,1.0
100019259|F|0-35:C>T-35:C>T,,,0.12087912087912087,-0.012684444729973796,0.06848154196493726,-0.1852242862239911,0.8534699028793836,0.034308036207186976,0.9825840202502367,1.0
100044452|F|0-43:C>T-43:C>T,Vu05 (old1),1696325.0,0.07368421052631578,-0.017233361999291343,0.09306631011601427,-0.18517293720798259,0.8535100576074425,0.03428901667423146,0.9825840202502367,1.0
100014895|F|0-11:G>A-11:G>A,,,0.07894736842105263,0.01580896980472695,0.08553520740249505,0.18482412429698283,0.8537828381377329,0.03415995692214656,0.9825840202502367,1.0
100029850|F|0-32:T>C-32:T>C,,,0.45263157894736844,0.008891997910427992,0.04900645863400895,0.18144542899611243,0.8564259785307423,0.03292244370358328,0.9825840202502367,1.0
100016636|F|0-57:G>T-57:G>T,,,0.12105263157894737,-0.012163627080836889,0.06797545858078165,-0.17894144938178982,0.8583858908144297,0.03202004230685565,0.9825840202502367,1.0
100016869|F|0-59:G>C-59:G>C,,,0.1368421052631579,-0.0126058897783834,0.0705196469802642,-0.1787571310717326,0.8585301954755825,0.031954111908996594,0.9825840202502367,1.0
100051141|F|0-11:G>A-11:G>A,,,0.3473684210526316,0.014514914065376151,0.08174998552426202,0.1775524970713098,0.8594734336904285,0.03152488921625747,0.9825840202502367,1.0
100016297|F|0-36:A>G-36:A>G,,,0.5,-0.009232008152811857,0.05200893631877251,-0.17750811314861642,0.8595081905662962,0.03150913023358201,0.9825840202502367,1.0
100033155|F|0-6:A>T-6:A>T,,,0.1881720430107527,0.011112164949595792,0.06282233442777586,0.17688239462624505,0.8599982177129991,0.031287381528714686,0.9825840202502367,1.0
100035750|F|0-64:T>C-64:T>C,,,0.3631578947368421,-0.011330190731348678,0.06410072331854773,-0.17675605117657472,0.8600971693729144,0.031242701627535903,0.9825840202502367,1.0
100028495|F|0-31:A>T-31:A>T,,,0.08947368421052632,0.015056678221954485,0.08519606860119106,0.1767297302465432,0.8601177840961098,0.031233397553015928,0.9825840202502367,1.0
100017864|F|0-18:T>C-18:T>C,,,0.18421052631578946,0.011318092116733432,0.06407988784588461,0.17662471794510656,0.8602000313766353,0.031196290989188448,0.9825840202502367,1.0
100022081|F|0-44:A>C-44:A>C,,,0.34210526315789475,-0.00900424155498138,0.05100113958117428,-0.1765498110223611,0.8602587005949534,0.03116983577203141,0.9825840202502367,1.0
100034936|F|0-34:G>C-34:G>C,,,0.16842105263157894,-0.01067140636883302,0.06099330137515727,-0.17496030102052337,0.8615038341119946,0.03061110693319215,0.9825840202502367,1.0
100035126|F|0-11:T>C-11:T>C,Vu04 (old11),37919761.0,0.5,-0.008948273049481483,0.051237104350696755,-0.17464439419203437,0.8617513397057512,0.03050066442270269,0.9825840202502367,1.0
100017684|F|0-22:A>G-22:A>G,,,0.24210526315789474,0.011708718182241649,0.06705236585615645,0.174620507908098,0.8617700546107876,0.030492321782082114,0.9825840202502367,1.0
100014325|F|0-37:G>A-37:G>A,,,0.12105263157894737,-0.012853606770727439,0.07379615776796003,-0.1741771815701233,0.8621174151363763,0.0303376905797117,0.9825840202502367,1.0
100033949|F|0-43:T>C-43:T>C,,,0.4842105263157894,-0.009523877377329959,0.054884874633841854,-0.17352462660919632,0.8626287623617332,0.030110796039861002,0.9825840202502367,1.0
100028579|F|0-16:T>A-16:T>A,,,0.07894736842105263,0.015495116073004012,0.0893903541365367,0.1733421488557529,0.8627717638526592,0.030047500569929993,0.9825840202502367,1.0
100048863|F|0-39:A>G-39:A>G,,,0.07446808510638298,-0.017538927880343003,0.10250272308560347,-0.17110694577055924,0.864523784628345,0.0292775868909291,0.9829752863911132,1.0
100044506|F|0-28:G>A-28:G>A,,,0.05263157894736842,0.014534610313259541,0.08512659924996244,0.17074111313410603,0.8648106002143402,0.029152527714273596,0.9829752863911132,1.0
100041943|F|0-53:G>T-53:G>T,,,0.08421052631578947,-0.013914056786982808,0.08158856161669478,-0.1705393073645717,0.8649688252341662,0.02908365535638786,0.9829752863911132,1.0
100039121|F|0-17:A>G-17:A>G,,,0.1368421052631579,0.01240135546677242,0.07341915739528986,0.16891171060440444,0.8662451367420516,0.028531165979306074,0.9833905758055623,1.0
100034752|F|0-27:G>T-27:G>T,,,0.17894736842105263,0.011294369473662278,0.06703011970918613,0.16849693127005477,0.866570450835574,0.02839121584742556,0.9833905758055623,1.0
100017989|F|0-62:A>T-62:A>T,,,0.05789473684210526,0.01705206880085859,0.10226030097574407,0.16675159996745273,0.867939576545689,0.027806096091705382,0.984242242540407,1.0
100030153|F|0-21:A>T-21:A>T,,,0.11578947368421053,-0.012404303596985817,0.07479899952536567,-0.16583515388837916,0.8686586445231241,0.027501298265182397,0.9843560565785545,1.0
100021715|F|0-7:C>A-7:C>A,,,0.35789473684210527,0.009584994535788696,0.05936028038627122,0.16147151720673986,0.8720839750589143,0.026073050869046484,0.9854283409244917,1.0
100014423|F|0-36:C>T-36:C>T,,,0.1736842105263158,0.012617082416716203,0.07827439152046328,0.16119042475619524,0.8723047089817718,0.02598235303308264,0.9854283409244917,1.0
100035121|F|0-27:C>T-27:C>T,,,0.21505376344086022,-0.009578678623899595,0.05957942386043282,-0.16077158863331797,0.872633627850298,0.025847503711680816,0.9854283409244917,1.0
100015226|F|0-25:T>A-25:T>A,,,0.23684210526315788,0.010815506013387922,0.06766128368236361,0.1598477803667071,0.8733591886857958,0.025551312888163032,0.9854283409244917,1.0
100029328|F|0-28:G>C-28:G>C,,,0.39473684210526316,0.00893786751364519,0.05609703279703447,0.15932870364076873,0.8737669201366107,0.025385635803847912,0.9854283409244917,1.0
100050516|F|0-63:C>G-63:C>G,,,0.4263157894736842,-0.008815105522845259,0.05552172510640184,-0.15876858123467866,0.8742069309408369,0.025207462387272755,0.9854283409244917,1.0
100015018|F|0-5:T>A-5:T>A,,,0.14210526315789473,-0.010542255058328062,0.06799432857651445,-0.1550460939762762,0.8771321734582487,0.02403929125730027,0.9854283409244917,1.0
100032879|F|0-19:G>T-19:G>T,,,0.08421052631578947,-0.01240429051047571,0.0800559620804129,-0.1549452431539841,0.8772114490013752,0.02400802837604726,0.9854283409244917,1.0
100021376|F|0-67:G>C-67:G>C,,,0.25263157894736843,0.010605471652093834,0.06901289434306694,0.15367376999685659,0.8782110197428901,0.02361562758504678,0.9854283409244917,1.0
100015193|F|0-65:C>A-65:C>A,,,0.07894736842105263,-0.017376911558196248,0.11329515411570999,-0.1533773592862494,0.8784440719555451,0.023524614341623236,0.9854283409244917,1.0
100040047|F|0-6:G>A-6:G>A,,,0.26842105263157895,-0.008746692983773535,0.057946789628740156,-0.15094353008704722,0.8803580675295686,0.02278394927513933,0.9854283409244917,1.0
100029747|F|0-45:G>A-45:G>A,,,0.2,-0.009591613691215167,0.06374017656766043,-0.15047987325597748,0.8807227743720494,0.022644192255135046,0.9854283409244917,1.0
100014060|F|0-18:C>T-18:C>T,,,0.05789473684210526,-0.015312998083493965,0.10207017910423251,-0.15002421096818655,0.881081217865806,0.022507263876626944,0.9854283409244917,1.0
100057366|F|0-5:C>T-5:C>T,,,0.25263157894736843,-0.009608233690682715,0.06432120097938837,-0.14937895350806119,0.8815888474086079,0.022314071751163504,0.9854283409244917,1.0
100018053|F|0-15:A>T-15:A>T,,,0.16842105263157894,0.009421071137920307,0.06314144774871044,0.14920581446618345,0.8817250657937667,0.022262375070517156,0.9854283409244917,1.0
100015287|F|0-63:T>C-63:T>C,,,0.4473684210526316,0.008642184596447512,0.05865121694360215,0.1473487686497224,0.8831863328026421,0.021711659622589415,0.9854283409244917,1.0
100019390|F|0-56:C>T-56:C>T,,,0.22631578947368422,-0.010122179149954454,0.06897001601795064,-0.14676202405578653,0.8836481130217276,0.021539091704951264,0.9854283409244917,1.0
100034728|F|0-40:G>C-40:G>C,,,0.23157894736842105,0.007941859148468355,0.05435115139061101,0.14612126781623777,0.8841524474452612,0.021351424908224684,0.9854283409244917,1.0
100017220|F|0-61:C>T-61:C>T,,,0.3894736842105263,0.007910533945729012,0.05468571366133479,0.14465448864247168,0.8853071176920734,0.02092492108441497,0.9854283409244917,1.0
100046739|F|0-18:T>G-18:T>G,,,0.05789473684210526,0.014221826700832234,0.09888421089018326,0.14382302869996516,0.8859617654024249,0.020685063584431004,0.9854283409244917,1.0
100019198|F|0-35:G>T-35:G>T,,,0.13829787234042554,-0.009178611366188024,0.06401198756989611,-0.14338894501855132,0.8863035714736174,0.02056038955353313,0.9854283409244917,1.0
100039953|F|0-31:A>G-31:A>G,,,0.3368421052631579,0.008883225341546942,0.06200784550328973,0.14325969995322052,0.8864053457507999,0.02052334163068677,0.9854283409244917,1.0
100022008|F|0-51:G>C-51:G>C,,,0.3157894736842105,-0.007127479182007066,0.049758665329495994,-0.14324096385644072,0.8864200996846523,0.020517973726522157,0.9854283409244917,1.0
100029349|F|0-21:A>C-21:A>C,,,0.13157894736842105,0.01119875527814588,0.07820523611406942,0.14319700105260832,0.8864547188079158,0.02050538111046071,0.9854283409244917,1.0
100020153|F|0-41:C>T-41:C>T,,,0.2789473684210526,0.01003369002490346,0.07019999758067082,0.14293006226066,0.8866649282117667,0.02042900269783614,0.9854283409244917,1.0
100029970|F|0-30:G>A-30:G>A,,,0.21578947368421053,-0.012205547186664344,0.08558360378043255,-0.14261548529760518,0.8869126622078327,0.02033917664667144,0.9854283409244917,1.0
100020363|F|0-42:C>T-42:C>T,,,0.05789473684210526,0.01292685813357753,0.09068407556747116,0.14254827049496285,0.8869655963134461,0.0203200094211051,0.9854283409244917,1.0
100029056|F|0-22:A>T-22:A>T,,,0.12105263157894737,-0.009733875817148215,0.06855545998372212,-0.14198542055526192,0.8874088812444557,0.020159859650254595,0.9854283409244917,1.0
100018699|F|0-47:A>G-47:A>G,,,0.16304347826086954,-0.008544160176387658,0.0602614291407174,-0.1417848912350893,0.887566821209803,0.020102955382546105,0.9854283409244917,1.0
100015028|F|0-52:A>T-52:A>T,,,0.12631578947368421,-0.010492158880231396,0.07458435283289605,-0.1406750676477512,0.8884410171866703,0.019789474657699375,0.985711058817289,1.0
100016551|F|0-65:A>C-65:A>C,Vu11 (old9),32255711.0,0.05789473684210526,-0.01534003095220514,0.11036555289517659,-0.13899292442067365,0.8897662858324,0.0193190330390111,0.9864934918183613,1.0
100019277|F|0-46:C>T-46:C>T,,,0.18947368421052632,-0.008680192555184225,0.06390601954047963,-0.1358274637913566,0.8922610255927379,0.018449099919992287,0.98857053740811,1.0
100013640|F|0-30:A>G-30:A>G,,,0.07894736842105263,0.01235722278080874,0.09224793022884684,0.13395664000431431,0.8937359570994371,0.017944381401245463,0.9890627492605967,1.0
100040044|F|0-66:G>T-66:G>T,,,0.47368421052631576,-0.008000168507152511,0.06011287016411488,-0.13308578487953002,0.8944226549721961,0.01771182613700054,0.9890627492605967,1.0
100018713|F|0-51:T>A-51:T>A,,,0.4473684210526316,0.007855924783132049,0.059181174577603905,0.13274364422812568,0.8946924661587681,0.017620875082963203,0.9890627492605967,1.0
100019246|F|0-54:A>C-54:A>C,,,0.4842105263157895,-0.007471047434047565,0.05786547394134332,-0.1291106237481225,0.8975582141819071,0.01666955316462925,0.9890627492605967,1.0
100016359|F|0-20:G>C-20:G>C,Vu08 (old5),32438045.0,0.06315789473684211,0.010795129116147896,0.08381395839506497,0.12879870278007918,0.8978043231776269,0.016589105837831176,0.9890627492605967,1.0
100016593|F|0-53:A>T-53:A>T,,,0.37894736842105264,0.0073985468950763305,0.058070454806468164,0.12740638797704482,0.8989029960716647,0.01623238769735727,0.9890627492605967,1.0
100017923|F|0-57:A>G-57:A>G,,,0.41052631578947374,0.007580941433279134,0.05956901971957148,0.12726315573040067,0.8990160315716769,0.016195910806460215,0.9890627492605967,1.0
100033416|F|0-48:G>A-48:G>A,,,0.14736842105263157,-0.009550873989340548,0.0751009658216209,-0.12717378378362926,0.8990865628529069,0.016173171281845283,0.9890627492605967,1.0
100015160|F|0-27:A>C-27:A>C,,,0.15263157894736842,-0.01112719376283265,0.0876051247801249,-0.12701532919175856,0.8992116153307447,0.016132893849690796,0.9890627492605967,1.0
100019483|F|0-18:A>T-18:A>T,,,0.49473684210526314,0.007144742583974862,0.056428761962376,0.1266152638390088,0.8995273585093565,0.01603142503702181,0.9890627492605967,1.0
100022289|F|0-10:A>G-10:A>G,,,0.14210526315789473,0.009216124228498141,0.07280021408704761,0.12659474074455843,0.8995435563671171,0.01602622838418196,0.9890627492605967,1.0
100022031|F|0-68:A>C-68:A>C,,,0.4,-0.007359522331022426,0.05869228669156099,-0.12539164421550145,0.9004931747434081,0.015723064439066896,0.9894205471942994,1.0
100030037|F|0-16:T>A-16:T>A,,,0.4473684210526316,-0.006913664996983459,0.055483851373143656,-0.12460679685855301,0.9011127422278692,0.015526853823348697,0.9894205471942994,1.0
100030735|F|0-21:A>G-21:A>G,,,0.06315789473684211,0.011890460495839885,0.09623701694667124,0.123553917952682,0.9019439930261199,0.015265570641458075,0.9896502709686599,1.0
100015328|F|0-33:T>C-33:T>C,,,0.2789473684210526,-0.007089524305975159,0.05800521844258716,-0.1222221809748425,0.9029955595172909,0.014938261522247151,0.990078201094838,1.0
100017285|F|0-30:C>T-30:C>T,Vu07 (old2),34134592.0,0.24210526315789474,-0.007898142022043189,0.06567435624797595,-0.1202621917178915,0.9045435209608187,0.01446299475679089,0.990078201094838,1.0
100043254|F|0-7:C>G-7:C>G,,,0.3,0.007496428929830243,0.06245476673242251,0.1200297322692357,0.90472713750504,0.014407136628624403,0.990078201094838,1.0
100015590|F|0-63:C>G-63:C>G,,,0.22105263157894736,0.006791926558885105,0.05676456308078712,0.11965082069281252,0.9050264456827202,0.014316318892463573,0.990078201094838,1.0
100046321|F|0-34:T>C-34:T>C,,,0.42105263157894735,0.006332968642682442,0.05349537696000251,0.11838347540606141,0.9060276409716974,0.014014647249217546,0.990078201094838,1.0
100018345|F|0-65:A>C-65:A>C,,,0.07368421052631578,-0.012071528684116407,0.1025628965837055,-0.11769878860884522,0.9065686027855295,0.013853004839989634,0.990078201094838,1.0
100018591|F|0-14:C>T-14:C>T,,,0.4789473684210526,0.006313331150970788,0.05497701051651204,0.11483583941099551,0.9088310549111435,0.01318727001322795,0.990078201094838,1.0
100054559|F|0-34:G>C-34:G>C,,,0.11290322580645162,-0.007507939905878633,0.06549124570244917,-0.11464035880444184,0.9089855615450788,0.013142411866811166,0.990078201094838,1.0
100029178|F|0-32:G>A-32:G>A,,,0.2578947368421053,0.007880267773522716,0.06879552033549492,0.11454623404391792,0.9090599584088439,0.013120839733644021,0.990078201094838,1.0
100015553|F|0-28:T>C-28:T>C,,,0.2578947368421053,0.007880267773522716,0.06879552033549492,0.11454623404391792,0.9090599584088439,0.013120839733644021,0.990078201094838,1.0
100047217|F|0-67:G>A-67:G>A,,,0.07368421052631578,0.010071365803274416,0.08836669683265223,0.11397241454376693,0.9095135268398525,0.012989711276936254,0.990078201094838,1.0
100019588|F|0-22:A>G-22:A>G,,,0.21578947368421053,-0.007127981894835642,0.06274190165921094,-0.11360799890242416,0.9098015901952565,0.01290677741461321,0.990078201094838,1.0
100029976|F|0-21:C>T-21:C>T,,,0.05789473684210526,-0.010498412643272547,0.09408448910713015,-0.11158494607244383,0.911400991643713,0.012451200189990198,0.9911407913227255,1.0
100035819|F|0-44:C>T-44:C>T,,,0.1368421052631579,-0.006655285691022721,0.06039427770036023,-0.11019728928694555,0.9124982680271458,0.012143442566190765,0.9911855102842462,1.0
100028772|F|0-54:C>T-54:C>T,,,0.2736842105263158,0.006275182396058127,0.0570692980360337,0.10995723816501056,0.9126881034358395,0.012090594224876855,0.9911855102842462,1.0
100057957|F|0-57:C>A-57:C>A,,,0.37368421052631584,-0.007883804366035042,0.0728496919676292,-0.10822014689558626,0.9140619670742445,0.011711600194102268,0.9915795094265439,1.0
100018351|F|0-64:C>T-64:C>T,,,0.3105263157894737,-0.005610932986808985,0.05204257098154066,-0.10781429281806938,0.9143829944177134,0.011623921735860408,0.9915795094265439,1.0
100043997|F|0-34:A>G-34:A>G,,,0.19473684210526315,-0.006958620019255377,0.06499597167823207,-0.10706232770400911,0.9149778303279517,0.011462342013400637,0.9915795094265439,1.0
100043273|F|0-46:A>T-46:A>T,,,0.21052631578947367,-0.00683013441415926,0.06422509271590247,-0.10634682061685966,0.9155438713686946,0.011309646255314526,0.9915795094265439,1.0
100016684|F|0-47:T>C-47:T>C,,,0.17368421052631577,-0.006234469992894151,0.05986308538679954,-0.10414548385888775,0.9172856311118701,0.010846281808201848,0.9918530101850977,1.0
100020103|F|0-18:T>C-18:T>C,,,0.12631578947368421,-0.008194570606728258,0.07870584573752201,-0.10411641638483278,0.9173086328367566,0.010840228160819875,0.9918530101850977,1.0
100020025|F|0-58:A>C-58:A>C,,,0.32105263157894737,0.006035258507164941,0.05827646247399871,0.10356254053440016,0.9177469402773132,0.010725199801939275,0.9918530101850977,1.0
100020602|F|0-66:T>C-66:T>C,,,0.06842105263157894,-0.008283287429833013,0.08075881016953752,-0.1025682202653042,0.918533855333925,0.010520239808391958,0.9918530101850977,1.0
100046659|F|0-30:C>A-30:C>A,Vu05 (old1),46605557.0,0.08421052631578947,0.008445022680471467,0.08339914276365497,0.10126030556937303,0.9195690756095618,0.010253649484002798,0.9918530101850977,1.0
100059264|F|0-28:T>G-28:T>G,Vu03 (old3),7290112.0,0.3105263157894737,-0.006814273253950962,0.06732355965057184,-0.10121677001808804,0.9196035365849587,0.010244834532894527,0.9918530101850977,1.0
100019939|F|0-42:C>T-42:C>T,,,0.12105263157894737,0.007528538318783343,0.07490082967722088,0.10051341689039996,0.9201603036035224,0.010102946974983339,0.9918530101850977,1.0
100041008|F|0-24:G>A-24:G>A,,,0.17021276595744683,0.005809160942437375,0.05874213461578523,0.09889257481760517,0.9214434963907665,0.009779741354055637,0.992345646314301,1.0
100022286|F|0-67:T>G-67:T>G,,,0.10526315789473684,0.007384989948212332,0.07600156737838928,0.09716891641779775,0.9228083151848584,0.009441798317808964,0.992345646314301,1.0
100016920|F|0-66:T>A-66:T>A,,,0.28421052631578947,-0.005204981052116761,0.05429148636953544,-0.0958710361453178,0.9238361491743454,0.009191255571576833,0.992345646314301,1.0
100035652|F|0-37:T>C-37:T>C,,,0.05789473684210526,-0.009805902204855632,0.10335947766317392,-0.09487182430246927,0.9246275460190068,0.009000663046478598,0.992345646314301,1.0
100017407|F|0-46:T>G-46:T>G,,,0.15,-0.00577263085517695,0.06102625417046461,-0.0945925804171474,0.924848726658048,0.008947756269974497,0.992345646314301,1.0
100034306|F|0-9:C>T-9:C>T,,,0.23157894736842105,0.0063177475659292725,0.0673045131209254,0.09386811185422637,0.9254225838017738,0.008811222423077554,0.992345646314301,1.0
100015415|F|0-31:C>A-31:C>A,,,0.39473684210526316,-0.008115181385682391,0.0870199104047518,-0.09325660470042561,0.9259069940605932,0.008696794320251444,0.992345646314301,1.0
100041314|F|0-40:C>T-40:C>T,,,0.45263157894736844,0.0048359251856292355,0.05228622615045281,0.0924894669528058,0.9265147278074992,0.008554301497214156,0.992345646314301,1.0
100028760|F|0-23:G>T-23:G>T,,,0.3473684210526316,0.005109304889361938,0.05591765707752876,0.09137194146525103,0.9274001199364607,0.00834883168712926,0.992345646314301,1.0
100029504|F|0-25:T>C-25:T>C,,,0.49473684210526314,0.005798968154811495,0.06360166376585832,0.09117635941348454,0.9275550849457812,0.00831312851589691,0.992345646314301,1.0
100029213|F|0-12:G>A-12:G>A,,,0.4789473684210527,-0.0043655339810812115,0.04869407985398532,-0.08965225329591926,0.928762771166257,0.008037526521035666,0.992345646314301,1.0
100034584|F|0-9:T>C-9:T>C,,,0.43157894736842106,-0.005691481428655406,0.06456412801058785,-0.08815237817077096,0.9299514198987617,0.007770841777162616,0.992345646314301,1.0
100033527|F|0-13:C>T-13:C>T,,,0.43157894736842106,-0.005691481428655406,0.06456412801058785,-0.08815237817077096,0.9299514198987617,0.007770841777162616,0.992345646314301,1.0
100021295|F|0-53:G>T-53:G>T,,,0.22631578947368422,-0.00501888532989546,0.057285306535879876,-0.08761208821937522,0.9303796379254069,0.007675878002159586,0.992345646314301,1.0
100016486|F|0-61:G>C-61:G>C,,,0.11578947368421053,-0.009144739205143615,0.1055346165899383,-0.08665156041335802,0.9311409747184848,0.007508492922069834,0.992345646314301,1.0
100021653|F|0-36:G>A-36:G>A,,,0.07368421052631578,0.008674753891658074,0.10035901218826648,0.0864372187660122,0.9313108756872891,0.007471392788003451,0.992345646314301,1.0
100034510|F|0-47:C>T-47:C>T,,,0.22105263157894736,0.00545479310132933,0.06428575198779202,0.0848522873678946,0.9325672924560433,0.007199910671563766,0.992345646314301,1.0
100047059|F|0-34:G>T-34:G>T,,,0.34042553191489366,0.004689555572034059,0.05594952916616307,0.0838176056514554,0.9333876042112189,0.007025391017142889,0.992345646314301,1.0
100017334|F|0-26:T>C-26:T>C,,,0.12631578947368421,0.005831236787691659,0.06971702243857673,0.08364150653205527,0.9335272255187063,0.0069959016149518435,0.992345646314301,1.0
100059434|F|0-46:A>G-46:A>G,,,0.39473684210526316,-0.006755353948522129,0.08117208955855446,-0.0832226198100897,0.9338593508691502,0.006926004448054735,0.992345646314301,1.0
100019240|F|0-12:A>C-12:A>C,Vu07 (old2),30408014.0,0.05913978494623662,-0.006671992920364877,0.08129559598803339,-0.08207077934882212,0.9347726780367362,0.006735612822923048,0.992345646314301,1.0
100015112|F|0-61:C>T-61:C>T,,,0.45789473684210524,0.003815160902878043,0.047264320019944836,0.08071968244265658,0.9358441124896527,0.0065156671336433205,0.992345646314301,1.0
100013726|F|0-64:C>G-64:C>G,Vu01 (old4),328264.0,0.48947368421052634,0.0043843317061994305,0.05436026969350642,0.08065323683857953,0.9358968076361225,0.006504944612540002,0.992345646314301,1.0
100013153|F|0-63:C>A-63:C>A,,,0.12105263157894737,-0.005828333526770955,0.07434979762052035,-0.07839071138456401,0.9376912879613658,0.006145103631378013,0.992345646314301,1.0
100044656|F|0-38:C>T-38:C>T,,,0.13888888888888887,0.004803070106801911,0.06136134762863886,0.07827517309219263,0.9377829337413687,0.006127002722612717,0.992345646314301,1.0
100046183|F|0-19:T>A-19:T>A,,,0.07894736842105263,0.00690735290347349,0.09101111892462314,0.07589570356995906,0.9396705301295689,0.005760157820379096,0.992345646314301,1.0
100013358|F|0-37:G>A-37:G>A,,,0.08947368421052632,0.00724301921073045,0.09578307446781718,0.07561898854232417,0.9398900664613594,0.005718231428164154,0.992345646314301,1.0
100016238|F|0-41:C>A-41:C>A,,,0.4842105263157895,-0.0035945946367703543,0.04758078114653225,-0.07554719679149978,0.9399470243646859,0.005707378943053594,0.992345646314301,1.0
100014819|F|0-24:A>T-24:A>T,,,0.26842105263157895,-0.004689699941519662,0.06280459090847176,-0.07467129191804137,0.940641971957484,0.005575801836709349,0.992345646314301,1.0
100033389|F|0-27:G>C-27:G>C,,,0.15789473684210525,0.0047099904724904025,0.06384494118203228,0.07377233630870543,0.9413552559087929,0.005442357604444737,0.992345646314301,1.0
100019698|F|0-15:C>A-15:C>A,Vu07 (old2),37885937.0,0.2578947368421053,-0.004177364697015819,0.05753412499320592,-0.07260673031021354,0.9422801869994513,0.005271737286340082,0.992345646314301,1.0
100029219|F|0-13:A>G-13:A>G,,,0.08421052631578947,-0.0070215836103017775,0.0974472445603002,-0.07205522990397982,0.9427178409870005,0.005191956156515388,0.992345646314301,1.0
100039064|F|0-19:C>T-19:C>T,,,0.1368421052631579,-0.0057595795383109305,0.08035710302433709,-0.07167480311686417,0.9430197463979796,0.005137277401841241,0.992345646314301,1.0
100020177|F|0-41:C>G-41:C>G,,,0.24210526315789474,0.003950667915244768,0.05632941435629863,0.07013507881079209,0.9442417509560921,0.004918929279796018,0.992345646314301,1.0
100020980|F|0-48:G>A-48:G>A,,,0.1736842105263158,0.004408359962635982,0.06329240670685185,0.06965069258708953,0.9446262125539998,0.004851218977861249,0.992345646314301,1.0
100029425|F|0-25:A>T-25:A>T,,,0.41578947368421054,-0.003910126547758987,0.05623816407074859,-0.06952799068689333,0.9447236042147191,0.004834141488956726,0.992345646314301,1.0
100035792|F|0-26:T>C-26:T>C,,,0.4421052631578947,0.003737706277679737,0.05418042925814156,0.0689862802649922,0.945153583759748,0.004759106864800053,0.992345646314301,1.0
100038892|F|0-14:A>C-14:A>C,,,0.3736842105263158,-0.004024748602237526,0.060240473073828404,-0.06681137110767622,0.9468800677195965,0.004463759309287633,0.992345646314301,1.0
100058699|F|0-62:C>A-62:C>A,,,0.05263157894736842,-0.007074856750786033,0.1060905272229509,-0.0666869789035746,0.9469788203473394,0.004447153155285804,0.992345646314301,1.0
100030726|F|0-25:C>G-25:C>G,,,0.24210526315789474,0.004840261663140374,0.07443004230034475,0.0650310212589783,0.9482935322321271,0.004229033725985688,0.992345646314301,1.0
100021345|F|0-28:C>T-28:C>T,,,0.48947368421052634,-0.004095738191185676,0.0630754235444262,-0.06493397841872446,0.9483705817794998,0.004216421553283374,0.992345646314301,1.0
100022144|F|0-13:T>A-13:T>A,,,0.33695652173913043,-0.0029620970706617923,0.045633893719507775,-0.06491002255622869,0.9483896022007025,0.004213311028250117,0.992345646314301,1.0
100040003|F|0-60:C>T-60:C>T,,,0.3,0.0037037080533025134,0.05866460897297492,0.06313360164061954,0.9498001234166316,0.003985851656116438,0.992345646314301,1.0
100014062|F|0-62:G>A-62:G>A,,,0.13157894736842105,-0.0048294529322249445,0.07684035757032337,-0.06285047447632043,0.9500249481341295,0.003950182141898606,0.992345646314301,1.0
100021093|F|0-30:G>T-30:G>T,,,0.09042553191489362,0.005617412185099627,0.08958144827657513,0.06270731600315663,0.9501386284997201,0.003932207480319743,0.992345646314301,1.0
100017631|F|0-51:G>A-51:G>A,Vu03 (old3),64729430.0,0.14736842105263157,-0.004173977699058911,0.06741156544068885,-0.06191782777587814,0.9507655697679435,0.0038338173964833065,0.992345646314301,1.0
100044894|F|0-55:A>G-55:A>G,,,0.15789473684210525,-0.0047867369207344685,0.07911089056484055,-0.06050667470126862,0.9518862588522994,0.0036610576834051403,0.992345646314301,1.0
100043217|F|0-12:G>T-12:G>T,,,0.06842105263157895,-0.005677614191402256,0.09470803845362694,-0.05994859870508517,0.9523294903764649,0.0035938344867033393,0.992345646314301,1.0
100043216|F|0-30:A>T-30:A>T,,,0.06842105263157895,-0.005677614191402256,0.09470803845362694,-0.05994859870508517,0.9523294903764649,0.0035938344867033393,0.992345646314301,1.0
100038790|F|0-27:T>A-27:T>A,,,0.14736842105263157,0.004573402318413279,0.07743502575742542,0.05906115835410212,0.9530343383585029,0.0034882204261283264,0.992345646314301,1.0
100016806|F|0-26:T>A-26:T>A,,,0.14736842105263157,0.004573402318413279,0.07743502575742542,0.05906115835410212,0.9530343383585029,0.0034882204261283264,0.992345646314301,1.0
100013714|F|0-67:T>C-67:T>C,Vu09 (old8),42137897.0,0.3421052631578947,-0.0033675813713405106,0.057038809974509275,-0.05904017585299356,0.9530510041283795,0.0034857423647524036,0.992345646314301,1.0
100019511|F|0-33:G>A-33:G>A,,,0.23684210526315788,-0.004256160470234847,0.07391183408512556,-0.05758428975437076,0.9542074212523723,0.003315950426515329,0.9925854017785302,1.0
100021629|F|0-12:T>C-12:T>C,,,0.12105263157894737,-0.0042645418940016975,0.07458174140083537,-0.05717943579625149,0.954529016166657,0.003269487877977646,0.9925854017785302,1.0
100030012|F|0-16:C>G-16:C>G,,,0.11702127659574468,0.0039015649994126674,0.07203139569295684,0.054164784145563326,0.9569239316611691,0.0029338238415354684,0.9928592896469598,1.0
100035765|F|0-28:G>A-28:G>A,,,0.15789473684210525,0.0038891908860408417,0.07272391214450732,0.05347884583426641,0.9574689144106534,0.0028599869517652336,0.9928592896469598,1.0
100029921|F|0-17:C>T-17:C>T,,,0.15263157894736842,-0.003860060015059463,0.07232343734243805,-0.05337218689956335,0.9575536574970442,0.0028485903344419214,0.9928592896469598,1.0
100021056|F|0-55:T>C-55:T>C,,,0.21052631578947367,-0.003270021264271294,0.061619974804377996,-0.05306755276438323,0.9577956993198073,0.002816165156400598,0.9928592896469598,1.0
100020395|F|0-36:T>C-36:T>C,,,0.17894736842105263,0.0033628244672834298,0.06561356802384434,0.05125196767323125,0.9592383225646426,0.002626764190377941,0.9928592896469598,1.0
100033812|F|0-51:C>A-51:C>A,,,0.06315789473684211,0.0047010802244356565,0.09199890450963535,0.051099306556887276,0.959359629921153,0.002611139130594743,0.9928592896469598,1.0
100034068|F|0-21:G>A-21:G>A,,,0.07894736842105263,0.004185073581013855,0.08500012291163449,0.04923608858030273,0.9608402537504751,0.0024241924186874167,0.9928592896469598,1.0
100032857|F|0-37:C>A-37:C>A,Vu05 (old1),29700622.0,0.44943820224719105,-0.002446849349916865,0.05017637352054203,-0.04876497000954311,0.9612146545474977,0.0023780223000316385,0.9928592896469598,1.0
100033573|F|0-7:C>G-7:C>G,,,0.1,-0.0038765944759594968,0.08107191454074661,-0.047816737743514456,0.961968246785968,0.00228644040843204,0.9928592896469598,1.0
100035931|F|0-44:G>C-44:G>C,,,0.3684210526315789,-0.0028520898102754695,0.060095508971621435,-0.04745928371489949,0.962252336590324,0.002252383610731324,0.9928592896469598,1.0
100028947|F|0-38:C>A-38:C>A,,,0.06842105263157895,-0.0053141690220743585,0.11197710201242883,-0.04745764023688089,0.9622536427705434,0.0022522276168532164,0.9928592896469598,1.0
100014531|F|0-60:G>C-60:G>C,,,0.3882978723404255,-0.002344399276046855,0.049435646431936396,-0.04742325518640993,0.9622809708583356,0.002248965132475356,0.9928592896469598,1.0
100041823|F|0-64:C>T-64:C>T,,,0.4473684210526316,-0.002574716127709111,0.057791149513677566,-0.04455208365598865,0.9645630377320108,0.0019848881580902113,0.9945688872531621,1.0
100040807|F|0-22:G>A-22:G>A,Vu10 (old10),38975128.0,0.3157894736842105,-0.003249306042903666,0.07576587497752445,-0.042886141602239206,0.9658872996784583,0.0018392211415273123,0.9947717989879031,1.0
100053755|F|0-5:T>C-5:T>C,,,0.2074468085106383,0.0022605945179230134,0.05290244816652925,0.04273137815488215,0.9660103264841674,0.0018259706790155394,0.9947717989879031,1.0
100014627|F|0-15:C>G-15:C>G,,,0.3526315789473684,-0.002087755158647137,0.05047402980026562,-0.041362957681578855,0.9670981666030392,0.0017108942681680831,0.9952109572491169,1.0
100021820|F|0-10:T>A-10:T>A,,,0.1,0.003846763038314695,0.09753888765239982,0.03943825002416921,0.9686283379125056,0.0015553755649688826,0.9952109572491169,1.0
100018004|F|0-47:G>A-47:G>A,Vu08 (old5),35769922.0,0.34210526315789475,-0.00215531346753634,0.057328523885201724,-0.0375958305127876,0.9700931990138083,0.0014134464719462512,0.9952109572491169,1.0
100041207|F|0-27:C>A-27:C>A,,,0.23157894736842105,0.002027619757073693,0.054506623107125556,0.03719951157290875,0.9704083157475915,0.0013838036612629722,0.9952109572491169,1.0
100030017|F|0-30:G>A-30:G>A,,,0.17894736842105263,0.002283896519323388,0.06513836146162703,0.03506223472736308,0.9721077633925232,0.0012293603040767053,0.9952109572491169,1.0
100019664|F|0-61:T>C-61:T>C,,,0.42105263157894735,-0.001961490152576496,0.058194627122903166,-0.033705691565545384,0.9731864808842084,0.0011360736439116773,0.9952109572491169,1.0
100018930|F|0-63:C>G-63:C>G,Vu09 (old8),30816607.0,0.08947368421052632,0.00269800153458077,0.0825517202198175,0.032682559823060876,0.9740001040991214,0.001068149716587953,0.9952109572491169,1.0
100016754|F|0-66:C>A-66:C>A,Vu01 (old4),1290094.0,0.41578947368421054,0.001669665432560631,0.05308510554081208,0.03145261586184442,0.9749782265575688,0.0009892670445527472,0.9952109572491169,1.0
100017042|F|0-9:A>G-9:A>G,,,0.2736842105263158,0.002184699956454433,0.06960019946123851,0.03138927723434368,0.9750285981401609,0.0009852867252944863,0.9952109572491169,1.0
100038435|F|0-28:C>A-28:C>A,,,0.2736842105263158,0.002184699956454433,0.06960019946123851,0.03138927723434368,0.9750285981401609,0.0009852867252944863,0.9952109572491169,1.0
100044544|F|0-31:A>G-31:A>G,,,0.10526315789473684,0.002330795226163358,0.07476682074629562,0.03117419201322452,0.975199650643171,0.0009718302476773913,0.9952109572491169,1.0
100043366|F|0-29:G>T-29:G>T,,,0.12105263157894737,0.002364979148700863,0.078487198481293,0.030132036745642576,0.9760284698762046,0.0009079396384407544,0.9952109572491169,1.0
100038915|F|0-9:A>C-9:A>C,,,0.12105263157894737,0.002364979148700863,0.078487198481293,0.030132036745642576,0.9760284698762046,0.0009079396384407544,0.9952109572491169,1.0
100018973|F|0-53:T>G-53:T>G,,,0.13157894736842105,0.002327411379186808,0.07744041021676085,0.03005422327531878,0.9760903554846646,0.000903256336682713,0.9952109572491169,1.0
100056084|F|0-56:G>T-56:G>T,Vu11 (old9),1725731.0,0.2,-0.0018246569319066309,0.061543370257057646,-0.02964831019629419,0.9764131834182816,0.000879022297495682,0.9952109572491169,1.0
100044458|F|0-65:A>T-65:A>T,,,0.05789473684210526,-0.003038439619182088,0.1026220401542706,-0.02960806094494355,0.976445194384583,0.0008766372729194915,0.9952109572491169,1.0
100016677|F|0-45:G>A-45:G>A,,,0.23157894736842105,-0.0019856043619890045,0.0705283306328112,-0.028153287397749086,0.9776022278937607,0.0007926075913002575,0.9953862298019941,1.0
100034022|F|0-63:A>C-63:A>C,,,0.1802325581395349,0.0018199271786111422,0.06542126357776865,0.02781858801072725,0.9778684331744291,0.000773873838910578,0.9953862298019941,1.0
100017924|F|0-5:G>C-5:G>C,Vu04 (old11),2232752.0,0.4473684210526316,0.0014449086059769493,0.056349215688984766,0.025642035799611003,0.9795996275741072,0.0006575139999485323,0.9958135578643506,1.0
100018496|F|0-32:T>G-32:T>G,,,0.43157894736842106,0.0015240742010720672,0.06109561146190782,0.02494572301682101,0.9801534845144119,0.0006222890968319535,0.9958135578643506,1.0
100018782|F|0-63:C>T-63:C>T,,,0.12105263157894737,-0.0018524624146371274,0.0743501046482875,-0.024915397542480733,0.9801776060444676,0.000620777034699855,0.9958135578643506,1.0
100035075|F|0-30:T>C-30:T>C,,,0.19473684210526315,0.001634579418762177,0.06770359194616961,0.02414317131152825,0.9807918574314503,0.0005828927209778007,0.9958135578643506,1.0
100015011|F|0-55:G>C-55:G>C,,,0.35789473684210527,0.0012692843170586073,0.06020164784036708,0.021083879969935188,0.9832254176802572,0.00044452999458663423,0.9970322595256181,1.0
100019346|F|0-50:A>C-50:A>C,,,0.23684210526315788,0.001158384428024172,0.056988582530881356,0.020326605375672557,0.9838278287760468,0.00041317088609832045,0.9970322595256181,1.0
100041232|F|0-30:T>A-30:T>A,,,0.11052631578947368,0.0014429619339732282,0.07354340908872675,0.019620547263893638,0.9843895056703285,0.00038496587493468414,0.9970322595256181,1.0
100043216|F|0-10:A>G-10:A>G,,,0.08947368421052632,0.001630325874183194,0.08448121568173797,0.019298087285166944,0.9846460287187848,0.0003724161728659221,0.9970322595256181,1.0
100044425|F|0-18:G>C-18:G>C,,,0.16489361702127658,0.0013185074785124317,0.07086198211166321,0.018606697685011803,0.9851960477063644,0.0003462091987414236,0.9970322595256181,1.0
100015143|F|0-64:A>T-64:A>T,,,0.16842105263157894,-0.0011484895942763967,0.06473132538487017,-0.017742408137758233,0.9858836232740291,0.0003147930465267896,0.9970322595256181,1.0
100020014|F|0-36:G>C-36:G>C,,,0.3894736842105263,0.0008974994476537729,0.05242436771850233,0.01711989074380415,0.9863788664320069,0.000293090659079791,0.9970322595256181,1.0
100012983|F|0-45:A>T-45:A>T,,,0.07894736842105263,0.0013330252217579521,0.08959443174836058,0.014878438266140843,0.9881620947615076,0.00022136792523936414,0.9973314751034568,1.0
100035973|F|0-34:C>T-34:C>T,,,0.05263157894736842,0.0014014850124432732,0.10016138992988106,0.013992268012897945,0.9888671207307633,0.00019578356414476703,0.9973314751034568,1.0
100013950|F|0-50:T>C-50:T>C,Vu01 (old4),30947226.0,0.07368421052631578,0.0010604797149178949,0.09805786678062815,0.010814835665254327,0.9913951148639423,0.00011696067046645702,0.9973314751034568,1.0
100016523|F|0-36:G>T-36:G>T,Vu03 (old3),39488805.0,0.26842105263157895,0.0006038681493066591,0.05877543878440666,0.010274158080243333,0.9918252923335518,0.00010555832425782938,0.9973314751034568,1.0
100018152|F|0-62:T>C-62:T>C,,,0.18947368421052632,0.000716569986658459,0.0702438718275602,0.010201174394508713,0.9918833602833134,0.0001040639590271802,0.9973314751034568,1.0
100014230|F|0-12:A>G-12:A>G,,,0.22631578947368422,0.0005730666426576293,0.056541062534783866,0.010135406321822846,0.9919356873182616,0.00010272646130844651,0.9973314751034568,1.0
100035349|F|0-16:C>T-16:C>T,,,0.37894736842105264,-0.0006534545876699084,0.06468215514744412,-0.010102548163096099,0.9919618302599607,0.00010206147938767635,0.9973314751034568,1.0
100046187|F|0-5:T>A-5:T>A,,,0.4,-0.0006386602072764003,0.0651129043001158,-0.00980850438390389,0.9921957807428319,9.620675824906184e-05,0.9973314751034568,1.0
100033333|F|0-30:G>A-30:G>A,Vu03 (old3),53692049.0,0.12105263157894737,-0.0007640094120518197,0.07911752052043167,-0.009656639983485307,0.9923166091067078,9.325069577064711e-05,0.9973314751034568,1.0
100034929|F|0-54:T>A-54:T>A,,,0.32105263157894737,-0.0003773132182918022,0.05185621018762572,-0.0072761433380227865,0.994210632962958,5.294226187545338e-05,0.9981143602544265,1.0
100034189|F|0-36:A>T-36:A>T,,,0.18421052631578946,0.0004085936330872076,0.06310492101863681,0.006474829957659522,0.9948481997961152,4.1923422980605204e-05,0.9981143602544265,1.0
100044126|F|0-46:C>T-46:C>T,,,0.05263157894736842,0.0005880887831929179,0.09925092186901838,0.0059252727543329,0.9952854582068488,3.5108857213239786e-05,0.9981143602544265,1.0
100021644|F|0-58:T>G-58:T>G,,,0.0913978494623656,-0.00040180551480100806,0.07274186628602387,-0.005523717431459526,0.9956049589715744,3.0511454262609824e-05,0.9981143602544265,1.0
100053824|F|0-47:A>G-47:A>G,,,0.24736842105263157,0.0002772404741035747,0.06501292221408221,0.004264390288297526,0.9966069572814714,1.818502453092626e-05,0.9984897160168899,1.0
100013428|F|0-14:G>T-14:G>T,,,0.4,-0.00016010138466406227,0.04652403634298253,-0.003441261705750757,0.9972618921664453,1.184228212746661e-05,0.9985170990791784,1.0
100013762|F|0-26:A>T-26:A>T,,,0.34210526315789475,-4.520498832488339e-05,0.052712736885236186,-0.0008575724008279378,0.9993176543069554,7.354304226617932e-07,0.9993703111393192,1.0
100060605|F|0-5:C>T-5:C>T,,,0.07446808510638298,-7.283924362082792e-05,0.09203925265922941,-0.0007913932535992168,0.9993703111393192,6.263032818423542e-07,0.9993703111393192,1.0
