rs,chrom,pos,maf_subset,beta,se,t,p,chi2,fdr_bh,p_bonferroni
100056034|F|0-41:G>T-41:G>T,,,0.46842105263157896,0.026815384309834312,0.007946742165390486,3.374387107539516,0.0010930546935202657,11.3864883515289,0.8272262674595434,1.0
100028365|F|0-14:C>A-14:C>A,,,0.42105263157894735,0.022657874257446944,0.0068932947145057995,3.286944080566756,0.001445234239848627,10.804001388772837,0.8272262674595434,1.0
100017341|F|0-38:C>A-38:C>A,,,0.49473684210526314,-0.02101033338961718,0.006830505575032067,-3.0759558218380554,0.002779156024891933,9.461504217899426,0.8272262674595434,1.0
100028837|F|0-16:A>C-16:A>C,,,0.11578947368421053,0.02841148837129958,0.009320525781741322,3.048270992067527,0.0030216453434030663,9.291956041080343,0.8272262674595434,1.0
100035644|F|0-26:C>G-26:C>G,,,0.2578947368421053,-0.021283324091130738,0.007006478301961918,-3.037663598440188,0.0031196465146180142,9.22740013728859,0.8272262674595434,1.0
100034350|F|0-65:C>A-65:C>A,,,0.2578947368421053,-0.021283324091130738,0.007006478301961918,-3.037663598440188,0.0031196465146180142,9.22740013728859,0.8272262674595434,1.0
100041739|F|0-59:G>T-59:G>T,,,0.05789473684210526,-0.03516484981507421,0.012041588656229202,-2.9202832631957722,0.004419081673615733,8.528054337301349,0.9524007365794368,1.0
100034813|F|0-53:C>A-53:C>A,,,0.053763440860215055,-0.034552524369093035,0.012223450532882126,-2.826740638917284,0.005793827835487193,7.990462639706495,0.9524007365794368,1.0
100016503|F|0-64:G>C-64:G>C,Vu05 (old1),42344593.0,0.10526315789473684,-0.028693458235095184,0.010679788412820924,-2.686706620577719,0.008594047302222506,7.218392465056147,0.9524007365794368,1.0
100018050|F|0-8:G>T-8:G>T,,,0.26842105263157895,0.01730695623431778,0.006744568677651934,2.566058270214405,0.01193890203887675,6.584655046135745,0.9524007365794368,1.0
100036190|F|0-13:A>T-13:A>T,Vu03 (old3),59363081.0,0.12105263157894737,-0.02409452432869216,0.009407161428791578,-2.5612959351317612,0.012092282148002564,6.560236867322483,0.9524007365794368,1.0
100013003|F|0-59:A>G-59:A>G,,,0.06315789473684211,-0.028837918340746747,0.011300606800355663,-2.5518911373714137,0.012400407409268894,6.512148376994768,0.9524007365794368,1.0
100035304|F|0-43:G>A-43:G>A,,,0.08947368421052632,0.02814494264101032,0.011035235196705611,2.5504615116325327,0.012447859687712202,6.504853922318904,0.9524007365794368,1.0
100050471|F|0-63:C>G-63:C>G,,,0.06842105263157895,0.026886423406861256,0.010558273456065937,2.546479168089218,0.012580905245042727,6.484556153512355,0.9524007365794368,1.0
100013045|F|0-44:C>T-44:C>T,,,0.11052631578947368,0.024115998880127595,0.009853403553150947,2.447479061427025,0.016327281406609526,5.990153756123712,0.9524007365794368,1.0
100047378|F|0-35:C>T-35:C>T,,,0.15263157894736842,0.02177043062506582,0.008981824542696143,2.4238316526422397,0.01735807559282866,5.874959880350411,0.9524007365794368,1.0
100021316|F|0-63:C>A-63:C>A,,,0.19473684210526315,0.018983765947531657,0.007889539973601017,2.4061942788873294,0.01816426539245307,5.789770907750115,0.9524007365794368,1.0
100017806|F|0-40:A>G-40:A>G,Vu10 (old10),40484034.0,0.4105263157894737,-0.01568242949767866,0.006556895796216,-2.3917460312132803,0.018849345187025454,5.720449077824478,0.9524007365794368,1.0
100015115|F|0-13:C>T-13:C>T,,,0.2894736842105263,0.016655040535442305,0.00698194193097042,2.385445295894551,0.01915522886875548,5.6903492597054415,0.9524007365794368,1.0
100035857|F|0-32:C>A-32:C>A,,,0.14835164835164835,0.017693011469113062,0.007453202400504873,2.3738804500887505,0.01972816808005149,5.635308391313568,0.9524007365794368,1.0
100017187|F|0-41:T>C-41:T>C,,,0.23684210526315788,0.018349607743780832,0.007739389682319837,2.3709373086225893,0.019876383010056387,5.621343721418527,0.9524007365794368,1.0
100045123|F|0-66:C>G-66:C>G,,,0.0585106382978724,-0.030760612132240676,0.012997187940018418,-2.3667128823711607,0.020090850098805485,5.601329867581608,0.9524007365794368,1.0
100015323|F|0-56:G>C-56:G>C,,,0.1631578947368421,-0.021441526433351607,0.009078177026118002,-2.3618757787674918,0.020338941256696084,5.5784571943285455,0.9524007365794368,1.0
100020694|F|0-67:C>T-67:C>T,Vu10 (old10),36275606.0,0.1736842105263158,-0.02172065664999506,0.009203253741246172,-2.360106247277494,0.02043037565928099,5.570101498438256,0.9524007365794368,1.0
100016572|F|0-65:A>T-65:A>T,,,0.20526315789473684,0.017632393242020945,0.007491035970671868,2.353799035414257,0.020759250902322893,5.540369899117086,0.9524007365794368,1.0
100015905|F|0-31:G>A-31:G>A,,,0.13157894736842105,0.01954096331479848,0.008313408027308197,2.350535815228795,0.020931239018320304,5.525018618673296,0.9524007365794368,1.0
100017201|F|0-30:C>G-30:C>G,,,0.06315789473684211,-0.027144967920565744,0.01161732805011119,-2.3365930447583376,0.021680395679469614,5.459667056813038,0.9524007365794368,1.0
100034218|F|0-27:A>T-27:A>T,Vu06 (old6),33123517.0,0.32105263157894737,-0.01608272309206527,0.006884358544753666,-2.336125143325279,0.021705942828553634,5.457480685276557,0.9524007365794368,1.0
100018823|F|0-53:T>C-53:T>C,,,0.053763440860215055,-0.024318767290011083,0.010473162926512193,-2.3220079225970562,0.02248936555037329,5.391720792603497,0.9524007365794368,1.0
100046287|F|0-24:C>T-24:C>T,,,0.22631578947368422,-0.015101688426403359,0.006595146785488219,-2.2898183948889055,0.024369794950047513,5.243268281571604,0.9524007365794368,1.0
100021866|F|0-51:G>C-51:G>C,,,0.23684210526315788,0.01533553365696572,0.006707897451405512,2.2861908322334967,0.024590161828741994,5.226668521388488,0.9524007365794368,1.0
100017244|F|0-66:T>A-66:T>A,,,0.18947368421052632,-0.019087790981234757,0.008360514958253228,-2.2830879529007855,0.02478004616995053,5.212490600680699,0.9524007365794368,1.0
100013019|F|0-63:A>T-63:A>T,,,0.05789473684210526,-0.026815607897016546,0.011807161536641983,-2.2711307720994425,0.025523907894357326,5.15803498397701,0.9524007365794368,1.0
100041246|F|0-21:G>A-21:G>A,,,0.11578947368421053,-0.020079720720991567,0.008842511276804984,-2.270816523996208,0.025543719519212967,5.156607685654222,0.9524007365794368,1.0
100017365|F|0-6:C>T-6:C>T,Vu05 (old1),42048402.0,0.05263157894736842,0.031913365580817664,0.014128378426469577,2.258813051116173,0.02631066811098446,5.102236399892755,0.9524007365794368,1.0
100030222|F|0-14:T>A-14:T>A,,,0.11702127659574468,-0.019682902879568413,0.008725504130740807,-2.255789761215471,0.02650699899805672,5.088587446804552,0.9524007365794368,1.0
100016127|F|0-26:G>C-26:G>C,,,0.08947368421052626,0.019426869938365014,0.008648662389547377,2.246228267835266,0.02713641217894044,5.045541431222219,0.9524007365794368,1.0
100016646|F|0-38:G>A-38:G>A,,,0.05789473684210526,0.029460206165895057,0.013137938399267716,2.2423766401231653,0.02739363923661981,5.028252996170056,0.9524007365794368,1.0
100018935|F|0-28:A>T-28:A>T,,,0.19473684210526315,-0.01813660675167473,0.008158070321303994,-2.2231491072481657,0.028709969112468897,4.9423919530583165,0.9524007365794368,1.0
100041653|F|0-45:T>C-45:T>C,,,0.4425287356321839,-0.017192973255762783,0.007811820612783213,-2.2008919697449674,0.030302572074475256,4.843925462487882,0.9524007365794368,1.0
100015763|F|0-37:C>T-37:C>T,Vu01 (old4),7877137.0,0.07894736842105263,0.022036976588159136,0.010015893551190922,2.200200758477397,0.03035324342493404,4.840883377604513,0.9524007365794368,1.0
100029779|F|0-28:G>A-28:G>A,,,0.17894736842105263,-0.01974105948896609,0.009007683401863845,-2.191580077612555,0.030991452994659125,4.8030232365882535,0.9524007365794368,1.0
100021397|F|0-9:C>T-9:C>T,,,0.4526315789473684,0.01364245327009851,0.0062440966897305385,2.1848561846481025,0.03149733760427992,4.773596547595063,0.9524007365794368,1.0
100019004|F|0-13:T>A-13:T>A,,,0.05789473684210526,-0.02824435371279449,0.013104295090478172,-2.155350861513899,0.033803279290601985,4.645537336228707,0.9524007365794368,1.0
100029242|F|0-37:C>T-37:C>T,,,0.3763440860215054,-0.012209235766553044,0.005687372923835263,-2.146726780546647,0.03450442168494815,4.608435870316172,0.9524007365794368,1.0
100034340|F|0-9:G>A-9:G>A,Vu07 (old2),25775716.0,0.06315789473684211,0.025938684401563192,0.012171976169371518,2.131016692822074,0.03581416197495883,4.54123214508633,0.9524007365794368,1.0
100034571|F|0-32:T>A-32:T>A,,,0.07894736842105263,0.024338142702586076,0.011469487447453202,2.1219904389005944,0.03658600616154601,4.502843422785537,0.9524007365794368,1.0
100020518|F|0-50:T>G-50:T>G,,,0.26842105263157895,-0.01289529088370732,0.006121825370074291,-2.1064453989073573,0.037949076243533456,4.437112218577975,0.9524007365794368,1.0
100058484|F|0-60:G>A-60:G>A,,,0.1631578947368421,0.019467324497184767,0.009254433197960602,2.103567455808615,0.03820619034601656,4.4249960411371285,0.9524007365794368,1.0
100033134|F|0-15:C>T-15:C>T,,,0.1631578947368421,0.019467324497184767,0.009254433197960602,2.103567455808615,0.03820619034601656,4.4249960411371285,0.9524007365794368,1.0
100021344|F|0-55:A>T-55:A>T,,,0.1631578947368421,0.019467324497184767,0.009254433197960602,2.103567455808615,0.03820619034601656,4.4249960411371285,0.9524007365794368,1.0
100017321|F|0-51:A>T-51:A>T,,,0.38421052631578945,0.02385151543981037,0.011432316460900411,2.0863239328079115,0.03977847262788544,4.352747552607071,0.9524007365794368,1.0
100018641|F|0-26:C>A-26:C>A,,,0.1736842105263158,-0.018744752040555965,0.008989327508354848,-2.085222951676223,0.039880730501636,4.3481547581973,0.9524007365794368,1.0
100022075|F|0-54:C>G-54:C>G,,,0.22631578947368422,-0.01564993319416747,0.00751123976917363,-2.083535298446377,0.040037917998464054,4.341119339872033,0.9524007365794368,1.0
100036100|F|0-32:C>T-32:C>T,,,0.05789473684210526,0.027692259908702867,0.013353121437997044,2.073841688423728,0.04095116464500284,4.300819348644179,0.9524007365794368,1.0
100019558|F|0-53:C>T-53:C>T,,,0.08421052631578947,0.02257772204115933,0.010902477994725764,2.0708798542938256,0.041233758103403524,4.288543370920016,0.9524007365794368,1.0
100038948|F|0-13:G>A-13:G>A,,,0.17894736842105263,0.015920685156597007,0.0076995393496193335,2.06774515119325,0.04153467300916028,4.275570010283196,0.9524007365794368,1.0
100017718|F|0-15:A>G-15:A>G,,,0.18421052631578946,-0.01846124288814171,0.008931255305796727,-2.067037863777072,0.04160282966518787,4.272645530288082,0.9524007365794368,1.0
100022067|F|0-14:T>C-14:T>C,Vu06 (old6),22313672.0,0.1,0.020749540283936146,0.010064771165774864,2.0616007996778616,0.04212998572112874,4.250197857232398,0.9524007365794368,1.0
100041853|F|0-27:G>A-27:G>A,,,0.23404255319148937,0.019409757464355096,0.009441943771594154,2.0556950913803207,0.042709080289109635,4.225882308725145,0.9524007365794368,1.0
100041762|F|0-5:T>C-5:T>C,Vu11 (old9),27828984.0,0.4157303370786517,-0.012305916973119807,0.00600653407493642,-2.048755042357779,0.04339833224325896,4.1973972235864245,0.9524007365794368,1.0
100019068|F|0-18:T>C-18:T>C,,,0.22105263157894736,-0.013963946756677661,0.006868759499369536,-2.032964869123657,0.045002215208241214,4.1329461590909675,0.9524007365794368,1.0
100015076|F|0-33:T>C-33:T>C,,,0.38421052631578945,-0.015898113709971153,0.00785697261122082,-2.0234401335784846,0.04599405374863046,4.094309974176116,0.9524007365794368,1.0
100040615|F|0-67:A>T-67:A>T,Vu08 (old5),12096567.0,0.45789473684210524,-0.014648110612214528,0.007242324849521182,-2.022570226628673,0.046085565610222014,4.0907903216447625,0.9524007365794368,1.0
100020992|F|0-62:A>G-62:A>G,,,0.43157894736842106,-0.013044339926699974,0.006492342881704767,-2.009188387671043,0.047513061772678375,4.036837977152165,0.9524007365794368,1.0
100035958|F|0-25:C>T-25:C>T,,,0.4269662921348315,0.01179412594652161,0.005877548984543153,2.006640179016447,0.047789131616332546,4.0266048080431585,0.9524007365794368,1.0
100043188|F|0-42:C>T-42:C>T,,,0.37894736842105264,-0.015484925843803374,0.0077275788703261095,-2.0038521901426933,0.0480927481054754,4.015423599939669,0.9524007365794368,1.0
100019311|F|0-11:C>A-11:C>A,,,0.15263157894736842,0.016575456087536855,0.0082823809262211,2.001291202999466,0.0483730942341428,4.005166479203049,0.9524007365794368,1.0
100019738|F|0-47:G>A-47:G>A,,,0.28421052631578947,0.014885604264803575,0.007464151877709416,1.9942793915082606,0.04914781403260502,3.9771502913945582,0.9524007365794368,1.0
100015319|F|0-34:T>A-34:T>A,,,0.06315789473684211,-0.024482693678677586,0.012298054322587898,-1.9907778122031954,0.04953864311236159,3.963196297560541,0.9524007365794368,1.0
100014526|F|0-10:T>C-10:T>C,,,0.33695652173913043,0.014711374554386284,0.007392664640529213,1.9899962016041286,0.04962624359584279,3.9600848823988595,0.9524007365794368,1.0
100029840|F|0-31:T>C-31:T>C,,,0.26842105263157895,0.014769916819307992,0.007429454832503439,1.9880216183145032,0.04984813732113496,3.952229954885816,0.9524007365794368,1.0
100015327|F|0-43:T>G-43:T>G,Vu05 (old1),38169638.0,0.22631578947368422,0.015611663636869671,0.00786941947047851,1.9838393029416674,0.0503209191249986,3.935618379896081,0.9524007365794368,1.0
100038609|F|0-8:A>T-8:A>T,,,0.47368421052631576,0.01259903272231964,0.006367994689851435,1.978492969285685,0.05093084432292001,3.9144344295128866,0.9524007365794368,1.0
100017012|F|0-57:A>G-57:A>G,,,0.46842105263157896,0.012813508315513797,0.006515624325969664,1.966581815412888,0.0523123691477344,3.86744403671265,0.9524007365794368,1.0
100015727|F|0-9:C>T-9:C>T,,,0.06521739130434782,-0.01961924517818714,0.010021048663098582,-1.957803602973496,0.05335079627633868,3.8329949478160024,0.9524007365794368,1.0
100016472|F|0-40:C>G-40:C>G,,,0.46842105263157896,0.01360170301858137,0.00698038424917219,1.9485607859186846,0.05446305098954961,3.796889136420042,0.9524007365794368,1.0
100017856|F|0-8:G>C-8:G>C,,,0.24210526315789474,0.01526457469969308,0.007894059491270537,1.9336787006195049,0.05629522630815746,3.7391133172295365,0.9524007365794368,1.0
100044383|F|0-11:A>T-11:A>T,,,0.24210526315789474,0.014255957949560133,0.007390583070142417,1.9289354864507895,0.05689003290216976,3.720792110889144,0.9524007365794368,1.0
100014760|F|0-37:A>T-37:A>T,,,0.43157894736842106,-0.012928424749949253,0.006722793767160957,-1.9230732337947265,0.05763250617269451,3.698210662537707,0.9524007365794368,1.0
100048696|F|0-28:G>C-28:G>C,,,0.08421052631578947,-0.022702092339833325,0.011829792546905096,-1.9190609006725678,0.05814538890747947,3.6827947404902073,0.9524007365794368,1.0
100035181|F|0-20:A>G-20:A>G,,,0.1368421052631579,0.01554432596384592,0.008104825865348948,1.9179099245430449,0.05829322397723333,3.678378478660708,0.9524007365794368,1.0
100015367|F|0-46:A>T-46:A>T,,,0.4368421052631579,-0.01174299405984469,0.006135949785428069,-1.9138021774122864,0.0588234271212084,3.6626387742680087,0.9524007365794368,1.0
100017206|F|0-15:G>C-15:G>C,,,0.4631578947368421,0.012565483902575125,0.00657223462901322,1.9119043387624393,0.059069760205501615,3.65537820057864,0.9524007365794368,1.0
100013415|F|0-20:G>A-20:G>A,Vu07 (old2),385652.0,0.1631578947368421,-0.01563325309117049,0.008188340231573237,-1.9092090275988511,0.05942109827128288,3.6450791110649505,0.9524007365794368,1.0
100020933|F|0-51:T>C-51:T>C,,,0.35789473684210527,0.014456743144273218,0.007599402879284195,1.902352510311301,0.06032281036997165,3.618945073487709,0.9524007365794368,1.0
100015820|F|0-37:T>C-37:T>C,,,0.4473684210526316,-0.013177289448393052,0.006943875056052653,-1.8976852754438633,0.06094318099578399,3.6012094046364513,0.9524007365794368,1.0
100047252|F|0-57:G>A-57:G>A,,,0.30526315789473685,-0.01513143548066348,0.00801286294945732,-1.8883931468824475,0.062194301116841294,3.566028677192593,0.9524007365794368,1.0
100021838|F|0-57:A>G-57:A>G,Vu07 (old2),38535679.0,0.3,0.013910644256200515,0.007377231301115731,1.885618559105863,0.06257204281244133,3.5555573504444706,0.9524007365794368,1.0
100017553|F|0-24:C>A-24:C>A,Vu03 (old3),64354681.0,0.07368421052631578,-0.01836516022054463,0.00974426886219339,-1.8847140283453465,0.0626956048655496,3.5521469686417437,0.9524007365794368,1.0
100013584|F|0-22:T>C-22:T>C,,,0.4473684210526316,-0.012202680754300727,0.006481867845063853,-1.8825870946433216,0.06298695989871167,3.5441341689175827,0.9524007365794368,1.0
100038456|F|0-36:A>C-36:A>C,,,0.43157894736842106,-0.014224288030098349,0.007585583417219595,-1.8751738986626414,0.06401135558769919,3.5162771502256502,0.9524007365794368,1.0
100035121|F|0-58:G>A-58:G>A,,,0.06666666666666667,0.019378407750046643,0.010373249429709524,1.868113543529174,0.06499996262722174,3.489848211517127,0.9524007365794368,1.0
100019590|F|0-61:C>T-61:C>T,,,0.3157894736842105,0.012310631191849416,0.006636709102125618,1.854930056811823,0.06688023175088761,3.4407655156639128,0.9524007365794368,1.0
100033659|F|0-57:T>C-57:T>C,,,0.3882978723404255,-0.011701119008301546,0.006320008963395963,-1.851440255238835,0.06738551145758898,3.4278310187188423,0.9524007365794368,1.0
100021287|F|0-39:T>A-39:T>A,,,0.24736842105263157,-0.015563357620751663,0.00840660717339397,-1.8513244760630732,0.06740232942685759,3.4274023156702125,0.9524007365794368,1.0
100013936|F|0-38:C>A-38:C>A,,,0.2578947368421053,0.014489739045102722,0.007829114520333129,1.8507506829119909,0.06748572989176915,3.4252780902992006,0.9524007365794368,1.0
100017001|F|0-30:T>G-30:T>G,,,0.46842105263157896,0.010310122295323576,0.005575509195183807,1.8491803949008974,0.06771441175316685,3.4194681328858385,0.9524007365794368,1.0
100014679|F|0-16:C>A-16:C>A,Vu07 (old2),38481917.0,0.43157894736842106,0.01205760976526148,0.006557110783050341,1.838860157194466,0.06923353250760234,3.3814066777172562,0.9524007365794368,1.0
100015314|F|0-65:G>A-65:G>A,,,0.18947368421052632,-0.015528751940536474,0.008469545756653055,-1.8334810846659897,0.07003653972226612,3.361652887827974,0.9524007365794368,1.0
100019630|F|0-24:A>T-24:A>T,,,0.30526315789473685,0.013920072857329971,0.007595105898160187,1.8327687650414357,0.07014345777028409,3.359041346111509,0.9524007365794368,1.0
100018265|F|0-5:C>T-5:C>T,,,0.34946236559139787,0.014536787059243718,0.007936164361068964,1.8317144653094963,0.07030195640218044,3.355177882424054,0.9524007365794368,1.0
100033932|F|0-52:T>C-52:T>C,,,0.11578947368421053,-0.016846795282508386,0.009198351115012353,-1.8315016541402989,0.07033398567867398,3.354398309118651,0.9524007365794368,1.0
100033945|F|0-15:G>T-15:G>T,,,0.3894736842105263,-0.02078544182010937,0.011395217629883221,-1.8240495701987205,0.07146326530760723,3.327156834542137,0.9524007365794368,1.0
100033204|F|0-66:T>C-66:T>C,,,0.14210526315789473,0.01587473200057628,0.008706824682311643,1.8232515962824662,0.07158507985473644,3.324246383346561,0.9524007365794368,1.0
100016517|F|0-35:T>A-35:T>A,,,0.24210526315789474,-0.013604659340757542,0.007496287560136031,-1.8148529164095548,0.0728777010942902,3.2936911082002664,0.9524007365794368,1.0
100045297|F|0-46:T>C-46:T>C,,,0.3473684210526316,-0.012913696177931706,0.007153319633419888,-1.8052731933855828,0.07437574278279324,3.25901130275658,0.9524007365794368,1.0
100033391|F|0-52:T>C-52:T>C,,,0.43157894736842106,-0.010405102303250735,0.005768204190948245,-1.8038720473139531,0.074596978646876,3.253954363080633,0.9524007365794368,1.0
100015429|F|0-30:C>A-30:C>A,,,0.07894736842105263,-0.020137034023308735,0.011182566487409193,-1.8007524521299885,0.075091515069723,3.2427093938521665,0.9524007365794368,1.0
100034357|F|0-15:T>C-15:T>C,,,0.30526315789473685,0.013339347358794437,0.007411717963357319,1.7997645653467436,0.07524868693701564,3.239152490677753,0.9524007365794368,1.0
100015139|F|0-52:T>C-52:T>C,,,0.08421052631578947,0.01826619962346631,0.010171721931252313,1.7957824394848974,0.07588501074872472,3.224834569962329,0.9524007365794368,1.0
100017860|F|0-21:C>T-21:C>T,,,0.23684210526315788,-0.014453659660311766,0.008059716533644765,-1.7933210926185676,0.07628054925902361,3.2160005412306534,0.9524007365794368,1.0
100043120|F|0-10:T>G-10:T>G,,,0.06315789473684211,0.022627784976291393,0.01263450949930195,1.7909508064038073,0.07666306871305144,3.2075047909584478,0.9524007365794368,1.0
100014119|F|0-65:C>G-65:C>G,Vu07 (old2),13031414.0,0.06315789473684211,0.022627784976291393,0.01263450949930195,1.7909508064038073,0.07666306871305144,3.2075047909584478,0.9524007365794368,1.0
100016348|F|0-15:G>A-15:G>A,,,0.09473684210526316,-0.017675028320517615,0.009893199238032375,-1.7865836819064145,0.07737200350251161,3.1918812524542806,0.9524007365794368,1.0
100018802|F|0-14:G>A-14:G>A,Vu01 (old4),30676663.0,0.37894736842105264,-0.014242547926543612,0.007974741327508125,-1.785957354806641,0.07747412184856504,3.189643673187934,0.9524007365794368,1.0
100020677|F|0-42:G>T-42:G>T,,,0.15789473684210525,0.014950929392731028,0.008387181019129528,1.7825929067979893,0.07802458416228991,3.177637471366505,0.9524007365794368,1.0
100043501|F|0-12:T>G-12:T>G,,,0.4368421052631579,0.011708463881831423,0.006580990699424955,1.7791339353897742,0.07859388293630587,3.165317560055505,0.9524007365794368,1.0
100036086|F|0-33:A>G-33:A>G,,,0.4368421052631579,0.011708463881831423,0.006580990699424955,1.7791339353897742,0.07859388293630587,3.165317560055505,0.9524007365794368,1.0
100017121|F|0-19:C>T-19:C>T,,,0.08152173913043477,0.01847547741678953,0.010393852714001377,1.777538890069275,0.07885756073640862,3.15964450570871,0.9524007365794368,1.0
100049137|F|0-53:C>A-53:C>A,,,0.05263157894736842,-0.021583406733842146,0.012142420325065722,-1.777520968310354,0.07886052754379518,3.159580792782979,0.9524007365794368,1.0
100015397|F|0-30:G>C-30:G>C,,,0.06842105263157895,-0.020721434323838765,0.011673315833300895,-1.7751112554263264,0.07926027826856916,3.151019969141229,0.9524007365794368,1.0
100052903|F|0-58:C>A-58:C>A,,,0.07894736842105263,0.019495491038403093,0.011003047220230659,1.77182653570348,0.07980788214328975,3.139369272622995,0.9524007365794368,1.0
100015009|F|0-50:G>A-50:G>A,,,0.3263157894736842,-0.012465787994331283,0.007053930929897784,-1.7672115191113618,0.08058254176927852,3.1230365532798867,0.9524007365794368,1.0
100018389|F|0-25:G>T-25:G>T,,,0.05789473684210526,0.022288191509651886,0.012649556078179587,1.7619742046204205,0.08146916849071567,3.104553097747764,0.9524007365794368,1.0
100016306|F|0-56:A>G-56:A>G,,,0.18421052631578946,-0.015910246099126068,0.009040865602949696,-1.7598144688640378,0.08183712734143925,3.0969469648232155,0.9524007365794368,1.0
100044383|F|0-68:C>A-68:C>A,,,0.22105263157894736,0.012496598730548508,0.007123626358350398,1.7542467981774268,0.08279202816891489,3.0773818289157537,0.9524007365794368,1.0
100058976|F|0-14:G>A-14:G>A,,,0.05263157894736842,0.025005659790529964,0.014270874801857396,1.7522163243472226,0.08314254770441547,3.0702620473088915,0.9524007365794368,1.0
100036188|F|0-25:T>C-25:T>C,,,0.26842105263157895,0.016140895757967132,0.009220475123664985,1.7505492440991908,0.08343124780669876,3.0644226560162484,0.9524007365794368,1.0
100021572|F|0-58:T>G-58:T>G,,,0.2736842105263158,-0.013392044719631275,0.007690571831497605,-1.7413587718903611,0.0850376817024568,3.0323303724395068,0.9524007365794368,1.0
100041959|F|0-33:T>G-33:T>G,,,0.20526315789473684,0.01126339053839361,0.006474927280247068,1.7395393107741322,0.08535870840052605,3.0259970137285426,0.9524007365794368,1.0
100017892|F|0-32:A>G-32:A>G,,,0.4105263157894737,-0.011558199138616632,0.0066485979976754275,-1.7384415695847102,0.08555287579196869,3.022179090860151,0.9524007365794368,1.0
100028820|F|0-24:T>G-24:T>G,,,0.06315789473684211,0.02055984462874277,0.011832297628801247,1.7376037413644512,0.08570131414144386,3.0192667620037383,0.9524007365794368,1.0
100015991|F|0-42:T>C-42:T>C,,,0.30526315789473685,-0.011849574206753654,0.006837481817613458,-1.7330319147948545,0.08651503872079142,3.0033996176975197,0.9524007365794368,1.0
100041156|F|0-37:T>C-37:T>C,,,0.17894736842105263,0.013832302751833036,0.008023979036071226,1.7238707491197203,0.08816469786674243,2.9717303596705857,0.9524007365794368,1.0
100018271|F|0-48:A>G-48:A>G,,,0.38421052631578945,0.012911651712402692,0.007493027861272272,1.7231554388228807,0.08829458252657332,2.9692646663448747,0.9524007365794368,1.0
100040405|F|0-35:T>A-35:T>A,,,0.05789473684210526,0.022463172451858148,0.013070143735150926,1.7186630007323909,0.08911390061359742,2.953802510086466,0.9524007365794368,1.0
100035059|F|0-31:C>G-31:C>G,,,0.4105263157894737,-0.018642056015039033,0.01086823448011509,-1.7152791512869183,0.08973514041302293,2.9421825668395707,0.9524007365794368,1.0
100035362|F|0-6:C>A-6:C>A,,,0.1736842105263158,0.015141808486889279,0.008830098329210523,1.714795002542522,0.08982431432509415,2.940521900744808,0.9524007365794368,1.0
100044498|F|0-24:C>T-24:C>T,,,0.4148936170212766,0.011531110702564963,0.006742844088262583,1.7101256608672626,0.09068807461076787,2.9245297759566915,0.9524007365794368,1.0
100030019|F|0-15:C>A-15:C>A,,,0.3894736842105263,0.00971332739154459,0.005682845503699849,1.7092365761519774,0.09085330975174845,2.9214896732557345,0.9524007365794368,1.0
100033981|F|0-18:C>A-18:C>A,,,0.05789473684210526,0.018736323487118702,0.010968042994152289,1.7082649563926893,0.09103416534214046,2.9181691612393164,0.9524007365794368,1.0
100015474|F|0-64:A>G-64:A>G,,,0.10526315789473684,0.016026967428273888,0.00938860927183264,1.7070651215997885,0.09125790651228224,2.9140713293825007,0.9524007365794368,1.0
100019200|F|0-60:C>T-60:C>T,,,0.3684210526315789,-0.01172043413206255,0.0068693164809569334,-1.706200924728661,0.0914193373487467,2.9111215955449374,0.9524007365794368,1.0
100017658|F|0-34:T>G-34:T>G,Vu01 (old4),30643579.0,0.3736842105263158,-0.012919591894159562,0.0076231188753161944,-1.694790820590959,0.09357269099365362,2.872315925559376,0.9524007365794368,1.0
100048218|F|0-16:G>A-16:G>A,,,0.15263157894736842,-0.014788440808088223,0.008735998161911118,-1.6928163827421239,0.09394947958093253,2.8656273056801287,0.9524007365794368,1.0
100018535|F|0-10:A>T-10:A>T,,,0.05263157894736842,-0.02220179867989669,0.013163036819495228,-1.686677548984329,0.0951288820106685,2.844881154247784,0.9524007365794368,1.0
100018174|F|0-53:C>T-53:C>T,,,0.3263157894736842,0.012463418747359702,0.007403690150246891,1.6834063142072584,0.09576226491597713,2.8338568187128668,0.9524007365794368,1.0
100019105|F|0-61:T>C-61:T>C,,,0.13157894736842105,-0.014787857398616735,0.008841095954747585,-1.672627180420522,0.09787366837910735,2.797681684681505,0.9524007365794368,1.0
100018867|F|0-57:G>A-57:G>A,,,0.24210526315789474,0.015608072771901267,0.009378210558395187,1.6642911432532543,0.09953232334827117,2.7698650095112245,0.9524007365794368,1.0
100017645|F|0-21:T>C-21:T>C,,,0.0797872340425532,-0.016499282870760735,0.009935526384482894,-1.6606350013351063,0.10026695853251164,2.7577086076592487,0.9524007365794368,1.0
100016088|F|0-16:G>A-16:G>A,,,0.38421052631578945,0.010105179516535074,0.006105919325214674,1.6549808437208253,0.1014117066300744,2.738961593082895,0.9524007365794368,1.0
100040596|F|0-63:G>T-63:G>T,,,0.34210526315789475,-0.011673086602667358,0.007069267247967006,-1.6512442086588717,0.10217402181682456,2.7266074366294633,0.9524007365794368,1.0
100041283|F|0-68:T>A-68:T>A,,,0.45789473684210524,-0.01142783738549166,0.0069550313897255,-1.6431036389531941,0.10385084429217907,2.6997895683412283,0.9524007365794368,1.0
100033052|F|0-65:A>G-65:A>G,,,0.4,0.01113447576185083,0.006777388489602428,1.6428858665742498,0.10389600533016712,2.6990739705894238,0.9524007365794368,1.0
100016319|F|0-60:C>A-60:C>A,,,0.1,0.015695309366643376,0.009555012632212754,1.6426257055621127,0.1039499776033275,2.6982192085734287,0.9524007365794368,1.0
100021359|F|0-55:A>T-55:A>T,,,0.12105263157894737,0.014564069501712552,0.008867843529375282,1.642346242744154,0.10400797940487595,2.6973011810558396,0.9524007365794368,1.0
100028334|F|0-33:A>C-33:A>C,,,0.43157894736842106,0.012173375862868617,0.007413909979869776,1.641964347546939,0.10408728305671007,2.696046918615245,0.9524007365794368,1.0
100029339|F|0-11:C>T-11:C>T,Vu02 (old7),26187715.0,0.2736842105263158,0.014201970745902156,0.008652801208885357,1.6413148069689256,0.10422227762656863,2.6939142955754414,0.9524007365794368,1.0
100013978|F|0-64:G>A-64:G>A,,,0.17894736842105263,0.011471746501269605,0.0070175991930783695,1.6347109867124459,0.1056027963239714,2.6722800100783783,0.9524007365794368,1.0
100021620|F|0-68:T>C-68:T>C,Vu02 (old7),26207208.0,0.4421052631578948,0.012189558159528406,0.00747435507905374,1.630850826673813,0.10641656381577033,2.6596744188626595,0.9524007365794368,1.0
100019248|F|0-30:G>A-30:G>A,Vu02 (old7),25315767.0,0.15760869565217392,0.012279587467451262,0.007534571513263642,1.629765866026307,0.10664619410091551,2.6561367780644787,0.9524007365794368,1.0
100034034|F|0-18:A>G-18:A>G,,,0.16842105263157894,0.01452850715203287,0.008928401055824181,1.62722385130265,0.10718577152649617,2.6478574622482287,0.9524007365794368,1.0
100018361|F|0-34:C>A-34:C>A,,,0.07894736842105263,0.018415749192669275,0.011377730464632542,1.6185784370542333,0.10903735294769767,2.619796156896925,0.9524007365794368,1.0
100022070|F|0-37:G>C-37:G>C,,,0.18947368421052632,-0.012760173376235227,0.007890152238815767,-1.6172277783768596,0.10932893180648923,2.615425687153753,0.9524007365794368,1.0
100014778|F|0-65:A>G-65:A>G,Vu03 (old3),51500985.0,0.4263157894736842,-0.009787340714478678,0.006055704768862142,-1.616218274841312,0.10954727148025545,2.612161511931027,0.9524007365794368,1.0
100019395|F|0-49:A>G-49:A>G,Vu07 (old2),128608.0,0.23157894736842105,0.013517866732072042,0.008367874834569595,1.6154480079251017,0.1097141036572647,2.6096722663091794,0.9524007365794368,1.0
100022140|F|0-38:C>A-38:C>A,,,0.12631578947368421,-0.01746166769716166,0.01084267690816958,-1.6104572556252137,0.11080000368292137,2.5935725721958947,0.9524007365794368,1.0
100022062|F|0-25:G>T-25:G>T,,,0.12631578947368421,0.012852979145039,0.007997492805932625,1.607126065246914,0.11152960183928652,2.582854189596028,0.9524007365794368,1.0
100044425|F|0-30:C>T-30:C>T,,,0.3031914893617021,0.012521067870935248,0.00780747049628233,1.6037291305676253,0.11227756346458205,2.5719471242311913,0.9524007365794368,1.0
100016803|F|0-28:A>T-28:A>T,,,0.39473684210526316,-0.010122112505288206,0.006312561231059873,-1.6034874173551126,0.1123309385263353,2.571171897616169,0.9524007365794368,1.0
100051260|F|0-23:G>A-23:G>A,,,0.05263157894736842,0.01832951192383548,0.011487897408018496,1.5955497575249558,0.11409506099188652,2.545779028737945,0.9524007365794368,1.0
100041373|F|0-34:A>C-34:A>C,,,0.08421052631578947,0.01759155479727967,0.011050107105904027,1.591980478440845,0.11489551814550798,2.5344018437367413,0.9524007365794368,1.0
100013622|F|0-50:C>T-50:C>T,,,0.18947368421052632,0.012338907885995927,0.007761611950866079,1.5897352204807265,0.1154013436505802,2.527258071236904,0.9524007365794368,1.0
100038392|F|0-25:C>T-25:C>T,,,0.15263157894736842,0.015420028223881825,0.009709102518094549,1.588203255156077,0.11574749487808877,2.522389579688359,0.9524007365794368,1.0
100022228|F|0-38:T>C-38:T>C,Vu03 (old3),4384995.0,0.28421052631578947,-0.010179647527336437,0.006409844901526478,-1.5881269646496743,0.11576475456890747,2.5221472558473876,0.9524007365794368,1.0
100017329|F|0-16:T>C-16:T>C,,,0.2,0.012299109071433018,0.007758908601335761,1.5851596794574463,0.11643765984063816,2.512731209377634,0.9524007365794368,1.0
100013996|F|0-45:C>T-45:C>T,Vu06 (old6),24104002.0,0.15934065934065922,0.011569387441039303,0.007351410892770962,1.5737642215613472,0.11905094353687612,2.476733825066593,0.9524007365794368,1.0
100057366|F|0-5:C>T-5:C>T,,,0.25263157894736843,-0.012465791555683158,0.007944226409548675,-1.5691636810224496,0.12011912580289526,2.462274657839924,0.9524007365794368,1.0
100013231|F|0-33:C>T-33:C>T,,,0.06842105263157895,-0.020200668207217113,0.012890990699560456,-1.5670376837604805,0.12061532419623151,2.455607102325412,0.9524007365794368,1.0
100049762|F|0-13:A>G-13:A>G,,,0.11052631578947368,0.015928239181505266,0.010200703290235905,1.561484412231826,0.1219191298495033,2.4382335696429713,0.9524007365794368,1.0
100017460|F|0-50:C>T-50:C>T,,,0.3157894736842105,-0.012078053189203498,0.007735002675905561,-1.5614801565391163,0.12192013328637036,2.438220279265423,0.9524007365794368,1.0
100022184|F|0-19:G>C-19:G>C,,,0.15789473684210525,0.014276230233462433,0.0091638671364996,1.557882717068249,0.12277071334333459,2.4269985601399497,0.9524007365794368,1.0
100018520|F|0-35:A>G-35:A>G,,,0.07446808510638298,-0.015690693124462883,0.010076093265946285,-1.5572199175142618,0.12292793890818896,2.4249338715031246,0.9524007365794368,1.0
100035301|F|0-17:C>T-17:C>T,,,0.2789473684210526,0.012149471324232688,0.007835609763338589,1.550545738134878,0.12452007593036364,2.4041920860482335,0.9524007365794368,1.0
100035689|F|0-61:C>T-61:C>T,,,0.18947368421052632,0.01251606142232513,0.008076683339230116,1.5496536011919695,0.12473413026802965,2.4014262836872398,0.9524007365794368,1.0
100019334|F|0-53:T>C-53:T>C,Vu04 (old11),4731471.0,0.08947368421052632,0.015517820873369975,0.010019810423766908,1.5487140192355169,0.12495988361905792,2.398515113376629,0.9524007365794368,1.0
100021416|F|0-50:T>G-50:T>G,,,0.4473684210526316,0.010012023892574808,0.006475533232426232,1.5461311884617623,0.12558212945080113,2.390521651934182,0.9524007365794368,1.0
100029056|F|0-22:A>T-22:A>T,,,0.12105263157894737,0.01304624763987788,0.008448280733223514,1.5442488302469055,0.12603716462456718,2.384704449718936,0.9524007365794368,1.0
100020818|F|0-29:A>G-29:A>G,,,0.33157894736842103,0.010614371937435408,0.0068846344863614396,1.541748070789035,0.12664370861287821,2.3769871137817113,0.9524007365794368,1.0
100014348|F|0-42:C>G-42:C>G,,,0.12105263157894737,0.013131930540795533,0.008528967768343516,1.539685797563519,0.12714563670933374,2.3706323552188096,0.9524007365794368,1.0
100013678|F|0-60:A>T-60:A>T,,,0.3684210526315789,-0.014052793374705858,0.009142338874224772,-1.537111407489527,0.1277744139387555,2.3627114790344343,0.9524007365794368,1.0
100021909|F|0-26:T>C-26:T>C,,,0.3684210526315789,-0.010054298000433096,0.0065513000592444005,-1.5347027169432865,0.12836494424822245,2.3553124293931056,0.9524007365794368,1.0
100040940|F|0-64:T>A-64:T>A,,,0.39473684210526316,0.010670068586980788,0.006959215965971514,1.533228547461989,0.12872742395256007,2.350789778752401,0.9524007365794368,1.0
100046319|F|0-34:T>C-34:T>C,,,0.14130434782608697,0.012540762462173057,0.008193259195185178,1.530619520683871,0.129370932400715,2.342796117098523,0.9524007365794368,1.0
100018873|F|0-22:A>T-22:A>T,,,0.33157894736842103,-0.010210361685941896,0.006674587299025128,-1.5297367804947573,0.12958923175792808,2.340094617598465,0.9524007365794368,1.0
100018689|F|0-30:A>C-30:A>C,,,0.12105263157894737,0.012927856408878072,0.00845123819447276,1.5296996855837157,0.12959841159613364,2.3399811280749185,0.9524007365794368,1.0
100040750|F|0-21:T>G-21:T>G,Vu09 (old8),38024670.0,0.3157894736842105,0.011300619689993813,0.007407296572184312,1.5256064854254126,0.1306145088534877,2.3274751483720797,0.9524007365794368,1.0
100047522|F|0-17:A>C-17:A>C,,,0.4473684210526316,0.009541562949482637,0.006256075237228005,1.525167551167494,0.13072384204893553,2.3261360591342504,0.9524007365794368,1.0
100017523|F|0-41:C>T-41:C>T,,,0.49473684210526314,-0.010817729915497912,0.007103062391952662,-1.5229670413361063,0.13127305066542952,2.3194286089960534,0.9524007365794368,1.0
100021757|F|0-47:G>A-47:G>A,,,0.3,0.012369011828386598,0.008130830791875822,1.521248214972754,0.13170330347732406,2.3141961315577904,0.9524007365794368,1.0
100014587|F|0-36:A>C-36:A>C,,,0.07894736842105263,0.01595825567249666,0.010518441560586542,1.5171692099610596,0.1327287984550495,2.301802411653866,0.9524007365794368,1.0
100028868|F|0-14:T>C-14:T>C,,,0.2631578947368421,-0.010931932884594044,0.007218233859387292,-1.5144885989496026,0.13340614183895316,2.2936757163483303,0.9524007365794368,1.0
100028819|F|0-28:A>T-28:A>T,,,0.19780219780219777,0.011825799155063975,0.007817807590257096,1.5126746237400135,0.13386604241350383,2.2881845173069912,0.9524007365794368,1.0
100020253|F|0-17:T>C-17:T>C,,,0.3684210526315789,-0.010515838254740107,0.006960251106879564,-1.510841791950031,0.13433198925173295,2.2826429203027807,0.9524007365794368,1.0
100017422|F|0-41:T>A-41:T>A,,,0.13157894736842105,0.013704093947855607,0.009071751795875029,1.510633696359167,0.13438497230735888,2.2820141645757603,0.9524007365794368,1.0
100015059|F|0-7:C>A-7:C>A,,,0.12105263157894737,0.016807885034607173,0.011131316143215761,1.5099638549796404,0.13455563165174556,2.2799908433449763,0.9524007365794368,1.0
100017362|F|0-34:C>A-34:C>A,,,0.15263157894736842,-0.013157602360016772,0.008715706475859945,-1.509642665968574,0.13463752322683498,2.2790209789127034,0.9524007365794368,1.0
100021798|F|0-27:T>C-27:T>C,,,0.23157894736842105,-0.011014750470965654,0.007305285578069062,-1.5077782180114414,0.13511366388827592,2.2733951547097577,0.9524007365794368,1.0
100016587|F|0-41:C>T-41:C>T,Vu03 (old3),57417157.0,0.3,0.009683405382867306,0.006430616077024386,1.50582856554983,0.13561297788393178,2.2675196688258588,0.9524007365794368,1.0
100035486|F|0-5:T>C-5:T>C,,,0.17553191489361702,-0.011552706885028888,0.007699024140202794,-1.5005417147223787,0.13697425532343724,2.2516254376219766,0.9524007365794368,1.0
100036060|F|0-10:G>T-10:G>T,Vu06 (old6),32597034.0,0.19473684210526315,0.012000717358427062,0.008003916755343518,1.499355593674213,0.13728112916991703,2.2480671962821512,0.9524007365794368,1.0
100021211|F|0-55:G>A-55:G>A,Vu06 (old6),30632173.0,0.06315789473684211,0.015446450819973437,0.010347907502341347,1.4927124944321815,0.1390098105088901,2.2281905910339455,0.9524007365794368,1.0
100017031|F|0-21:G>T-21:G>T,,,0.22105263157894736,0.011439667629212598,0.007666242556952906,1.4922131075591105,0.13914044772026082,2.2266999583712175,0.9524007365794368,1.0
100016024|F|0-58:G>A-58:G>A,,,0.3157894736842105,-0.009721711754908968,0.006550295633773343,-1.4841638146504097,0.14125938853213427,2.2027422287176557,0.9524007365794368,1.0
100056908|F|0-51:C>T-51:C>T,,,0.43157894736842106,0.01103879301841575,0.007441731642268222,1.4833634897174486,0.14147144140946738,2.200367242626727,0.9524007365794368,1.0
100014708|F|0-45:A>T-45:A>T,,,0.43157894736842106,0.01103879301841575,0.007441731642268222,1.4833634897174486,0.14147144140946738,2.200367242626727,0.9524007365794368,1.0
100036187|F|0-16:T>C-16:T>C,,,0.2315789473684211,-0.015758538982713777,0.01063755427580162,-1.4814062118170723,0.14199108659073667,2.1945643644102084,0.9524007365794368,1.0
100020795|F|0-42:T>C-42:T>C,,,0.19473684210526315,0.011200484726880308,0.007575265948906132,1.4785599347172302,0.14274941384739476,2.18613948055102,0.9524007365794368,1.0
100059433|F|0-8:T>C-8:T>C,,,0.12234042553191489,-0.014498251536257296,0.009813585693143511,-1.4773653575356085,0.1430686224472758,2.182608399646316,0.9524007365794368,1.0
100016871|F|0-26:A>G-26:A>G,,,0.38421052631578945,0.009261303993837561,0.006270978882652742,1.4768514082317967,0.14320612848203737,2.181090081996241,0.9524007365794368,1.0
100014043|F|0-61:T>G-61:T>G,,,0.1736842105263158,-0.012292376152315957,0.00832862075143949,-1.4759197854208195,0.14345564495288698,2.178339212996638,0.9524007365794368,1.0
100022059|F|0-28:G>C-28:G>C,,,0.1631578947368421,0.013513494158305907,0.0091610110042109,1.475109477774273,0.14367294518330853,2.1759479714194887,0.9524007365794368,1.0
100040976|F|0-5:T>C-5:T>C,,,0.3105263157894737,0.011470568300689838,0.007776822102724738,1.4749685860334822,0.14371075430605737,2.17553232978561,0.9524007365794368,1.0
100013982|F|0-20:C>G-20:C>G,,,0.14210526315789473,-0.012468247310669003,0.008484143821730078,-1.4695940536432928,0.14515884202202337,2.1597066825037254,0.9524007365794368,1.0
100016409|F|0-6:A>T-6:A>T,,,0.2631578947368421,0.011620260684729582,0.007916230181847252,1.4679033350212658,0.1456167229740901,2.1547402009665544,0.9524007365794368,1.0
100030615|F|0-8:C>T-8:C>T,,,0.3631578947368421,0.011467917111060811,0.007815540918328699,1.4673222533026093,0.14577435105727257,2.153034595037047,0.9524007365794368,1.0
100038818|F|0-32:G>T-32:G>T,,,0.15789473684210525,-0.011888891574893921,0.008105531228567766,-1.4667627869955993,0.14592624105646193,2.1513930733150977,0.9524007365794368,1.0
100021104|F|0-25:C>T-25:C>T,,,0.07368421052631578,0.01616458531565237,0.011022958822997772,1.4664470379701824,0.14601201839049188,2.1504669151715214,0.9524007365794368,1.0
100043320|F|0-18:A>G-18:A>G,,,0.4139784946236559,-0.008700562375091989,0.005939984765838384,-1.4647448971805521,0.14647510312453318,2.145477613816466,0.9524007365794368,1.0
100029461|F|0-34:G>A-34:G>A,,,0.34210526315789475,0.009995038951507867,0.006829470209879856,1.4635160040743043,0.14681014555164468,2.141879094181619,0.9524007365794368,1.0
100016318|F|0-42:A>T-42:A>T,,,0.4842105263157895,0.011955441656161709,0.008176836593017746,1.4621108689356148,0.14719396810904284,2.137768193059659,0.9524007365794368,1.0
100029559|F|0-31:T>C-31:T>C,,,0.07368421052631578,-0.016119810069537454,0.011047543490653526,-1.4591307183515667,0.148010598436812,2.129062453237159,0.9524007365794368,1.0
100035246|F|0-43:C>A-43:C>A,,,0.4736842105263158,-0.009392073840428282,0.006445220592894402,-1.457215265957331,0.1485373319612796,2.123476331339095,0.9524007365794368,1.0
100034980|F|0-28:T>C-28:T>C,,,0.2578947368421053,-0.010272376139213042,0.007066101538448102,-1.4537543910625887,0.14949273304008184,2.113401829533758,0.9524007365794368,1.0
100016658|F|0-38:T>C-38:T>C,Vu02 (old7),33337276.0,0.06315789473684211,0.01661330003330865,0.011431787358074768,1.4532548159736327,0.14963103746671866,2.111949560150557,0.9524007365794368,1.0
100018629|F|0-63:G>A-63:G>A,,,0.4473684210526316,-0.00945560540341849,0.006510272548789517,-1.452413141317196,0.1498642745981656,2.1095039330708847,0.9524007365794368,1.0
100018369|F|0-55:T>C-55:T>C,,,0.3157894736842105,-0.009778000468202274,0.00675326830253839,-1.4478916030223412,0.1511220704445983,2.096390094102605,0.9524007365794368,1.0
100018809|F|0-13:A>G-13:A>G,,,0.08421052631578947,0.015593592696437775,0.010783288350941106,1.4460888171535218,0.15162584166592905,2.0911728670964718,0.9524007365794368,1.0
100045179|F|0-31:C>T-31:C>T,,,0.1368421052631579,-0.014987977732301459,0.010367708027830679,-1.4456404146478956,0.15175134517365121,2.0898762084633398,0.9524007365794368,1.0
100013065|F|0-5:C>A-5:C>A,,,0.4789473684210526,-0.008931184720008483,0.0061797803643690325,-1.4452268840335032,0.15186715965699965,2.0886807463331887,0.9524007365794368,1.0
100013697|F|0-16:T>C-16:T>C,,,0.4105263157894737,-0.010237465430926556,0.007086383105222353,-1.4446672271192893,0.152024007618429,2.0870633971125363,0.9524007365794368,1.0
100015006|F|0-61:G>T-61:G>T,,,0.29473684210526313,-0.009316992318858117,0.006461111846269153,-1.4420106849315784,0.15277023389725286,2.0793948154568396,0.9524007365794368,1.0
100019028|F|0-68:T>A-68:T>A,Vu03 (old3),64483291.0,0.07368421052631578,-0.015589196314000107,0.010846451189351868,-1.4372623858118927,0.15411109220385752,2.0657231656696937,0.9524007365794368,1.0
100058921|F|0-26:G>A-26:G>A,,,0.13736263736263732,0.012990062685931284,0.009049800572054265,1.4353976734078016,0.15464014290510952,2.0603664808245297,0.9524007365794368,1.0
100021123|F|0-50:T>C-50:T>C,,,0.3172043010752688,0.010162533636159442,0.0070861564645437174,1.4341390409608765,0.15499803056885128,2.0567547888081825,0.9524007365794368,1.0
100036213|F|0-14:A>C-14:A>C,,,0.21578947368421053,0.010108828589126958,0.0070508876538436325,1.433695881342877,0.15512419354232307,2.055483880179529,0.9524007365794368,1.0
100014028|F|0-53:G>A-53:G>A,,,0.1368421052631579,-0.01479142772930705,0.010318696372022566,-1.4334589560568478,0.15519167624277508,2.054804578699588,0.9524007365794368,1.0
100018444|F|0-56:T>G-56:T>G,,,0.11052631578947368,-0.016250535565796174,0.011348382580621135,-1.4319693093133918,0.15561648703050884,2.0505361028154723,0.9524007365794368,1.0
100040406|F|0-25:G>A-25:G>A,,,0.13333333333333333,-0.012703047330934313,0.008873126424386708,-1.4316315043163967,0.15571294544965736,2.0495687641512292,0.9524007365794368,1.0
100016293|F|0-58:A>G-58:A>G,,,0.39473684210526316,-0.009560270097188893,0.006679935655320028,-1.431191944128221,0.1558385285863611,2.048310380937517,0.9524007365794368,1.0
100018213|F|0-23:A>G-23:A>G,,,0.24468085106382978,0.008193090816902249,0.0057372993608486396,1.4280396231041983,0.1567414431741371,2.0392971651555807,0.9524007365794368,1.0
100033258|F|0-23:G>A-23:G>A,,,0.06315789473684211,0.017575042956335864,0.012323094570102918,1.4261874609787308,0.157273833040883,2.034010673852959,0.9524007365794368,1.0
100020372|F|0-11:G>T-11:G>T,Vu03 (old3),40582693.0,0.05789473684210526,-0.01842989298582936,0.01292804772974737,-1.425574330408935,0.15745037939596132,2.0322621715208835,0.9524007365794368,1.0
100018194|F|0-8:A>C-8:A>C,Vu02 (old7),25429826.0,0.17553191489361697,-0.010520179036769549,0.007405951752488081,-1.4205033179206468,0.15891639801051333,2.017829676223566,0.9524007365794368,1.0
100020050|F|0-34:T>G-34:T>G,,,0.12105263157894737,0.012086884623306,0.008509159050383444,1.4204558349113634,0.1589301747122727,2.0176947789337385,0.9524007365794368,1.0
100014950|F|0-45:G>A-45:G>A,,,0.18421052631578946,0.011448881245626959,0.008062083960344838,1.4200895577298427,0.15903647711801375,2.01665435197334,0.9524007365794368,1.0
100014059|F|0-25:C>G-25:C>G,,,0.4368421052631579,-0.009871356438464646,0.006952530673771671,-1.4198220621599278,0.15911414529324722,2.0158946881960698,0.9524007365794368,1.0
100020311|F|0-17:G>A-17:G>A,,,0.05789473684210526,-0.018590741133949557,0.013099331165347623,-1.419213004029447,0.15929109608496742,2.0141655508062875,0.9524007365794368,1.0
100015052|F|0-68:T>A-68:T>A,,,0.4736842105263158,-0.009750331104839824,0.0068798476332408405,-1.4172306749541785,0.15986807402109937,2.0085427860310765,0.9524007365794368,1.0
100038434|F|0-16:C>A-16:C>A,,,0.09473684210526316,-0.017581301607991345,0.012415462947777282,-1.4160810339447627,0.16020342461465345,2.005285494698068,0.9524007365794368,1.0
100030137|F|0-35:C>A-35:C>A,,,0.11578947368421053,-0.012815353296290086,0.00905053341493516,-1.4159776787456784,0.16023359982367727,2.0049927867059996,0.9524007365794368,1.0
100045027|F|0-42:C>G-42:C>G,,,0.24210526315789474,-0.011490180373828521,0.008138690978181476,-1.4117971065164965,0.16145780983828076,1.9931710699683518,0.9524007365794368,1.0
100022261|F|0-18:G>A-18:G>A,,,0.05789473684210526,-0.018134932639188427,0.012877568883877671,-1.4082574748944126,0.16249993441611715,1.983189115595987,0.9524007365794368,1.0
100017562|F|0-36:T>A-36:T>A,,,0.28421052631578947,-0.009522176294874386,0.006764368396156165,-1.407696289913089,0.16266562912535784,1.9816088446350753,0.9524007365794368,1.0
100021889|F|0-32:T>A-32:T>A,,,0.16842105263157894,0.011841721998641752,0.008415166766192606,1.4071880365122547,0.16281580712358637,1.9801781701032146,0.9524007365794368,1.0
100038393|F|0-44:G>A-44:G>A,Vu09 (old8),37413218.0,0.30526315789473685,0.010320038071143268,0.007341810572807853,1.4056530019129057,0.16327002249184955,1.9758603617867632,0.9524007365794368,1.0
100013031|F|0-8:C>T-8:C>T,,,0.39473684210526316,0.009897044171593658,0.007042005665546776,1.405429737157873,0.16333616716894872,1.975232746087648,0.9524007365794368,1.0
100015331|F|0-40:A>G-40:A>G,,,0.43157894736842106,-0.009028332740516233,0.006425837928470012,-1.4050047388396978,0.16346213442821494,1.9740383161620074,0.9524007365794368,1.0
100021043|F|0-14:C>T-14:C>T,,,0.3263157894736842,-0.009679925531940836,0.0069132693126920065,-1.4001950588225387,0.16489289192234483,1.9605462027510525,0.9524007365794368,1.0
100043426|F|0-30:G>A-30:G>A,,,0.4263157894736842,-0.0090638395995658,0.006476721694977788,-1.3994486758006182,0.16511577855624696,1.9584565962001037,0.9524007365794368,1.0
100018381|F|0-53:C>A-53:C>A,Vu07 (old2),28235227.0,0.20526315789473684,0.009989697945350044,0.00713991331206269,1.3991343464174444,0.16520971329801773,1.9575769193249692,0.9524007365794368,1.0
100035886|F|0-65:A>C-65:A>C,,,0.13157894736842105,-0.014760764698901925,0.010577791718237754,-1.3954486051613284,0.1663142198337802,1.947276809646697,0.9524007365794368,1.0
100014497|F|0-28:A>G-28:A>G,Vu02 (old7),28608269.0,0.3631578947368421,-0.008946335270231538,0.006411899388790092,-1.3952706877890808,0.16636767884950124,1.9467802922034145,0.9524007365794368,1.0
100033514|F|0-34:C>T-34:C>T,,,0.2736842105263158,-0.009964940717735807,0.007148223421829227,-1.3940443841339507,0.1667365049475477,1.9433597449354059,0.9524007365794368,1.0
100019345|F|0-24:G>A-24:G>A,,,0.12105263157894737,0.011508986774034067,0.008265228950725189,1.3924583145424267,0.16721446151346891,1.9389401577383358,0.9524007365794368,1.0
100014662|F|0-39:T>C-39:T>C,,,0.49473684210526314,-0.00892961111247865,0.006417235720762399,-1.3915043020139781,0.16750245357937638,1.9362842225234085,0.9524007365794368,1.0
100034427|F|0-43:T>A-43:T>A,,,0.4105263157894737,0.01558002284884817,0.01120127975834524,1.390914536996601,0.16768067799198097,1.9346432492284689,0.9524007365794368,1.0
100034740|F|0-59:T>C-59:T>C,Vu08 (old5),34703845.0,0.22631578947368422,-0.011731938908186777,0.008446998579752545,-1.3888884670003654,0.16829405082512033,1.9290111737666251,0.9524007365794368,1.0
100014980|F|0-61:T>A-61:T>A,,,0.1736842105263158,0.010721819153903786,0.007724920828956959,1.387951979224553,0.1685781413659266,1.9264106966333538,0.9524007365794368,1.0
100015215|F|0-15:G>A-15:G>A,,,0.18947368421052632,-0.014425176136867703,0.010409845643800077,-1.3857243066288008,0.16925539277506327,1.9202318539818706,0.9524007365794368,1.0
100038511|F|0-6:G>A-6:G>A,,,0.05789473684210526,0.01550098366159709,0.011191031911440285,1.3851254990838566,0.16943779409162493,1.918572648212303,0.9524007365794368,1.0
100018771|F|0-36:T>G-36:T>G,,,0.37894736842105264,-0.009225378790307511,0.006681863301434542,-1.3806596115677638,0.17080286722995724,1.9062209630144484,0.9524007365794368,1.0
100016880|F|0-51:C>A-51:C>A,,,0.06315789473684211,-0.017007495444116574,0.012322937298827713,-1.3801494750553105,0.1709593304874101,1.904812573495449,0.9524007365794368,1.0
100017304|F|0-37:T>A-37:T>A,,,0.46842105263157896,-0.008464779505664625,0.006139623663569983,-1.3787130888642518,0.1714004687600765,1.9008497814056062,0.9524007365794368,1.0
100020211|F|0-33:C>A-33:C>A,,,0.3631578947368421,-0.009533608814150376,0.006930535637417592,-1.3755948043436832,0.17236112766953943,1.892261065737336,0.9524007365794368,1.0
100035956|F|0-57:T>G-57:T>G,,,0.30526315789473685,-0.009657094576949004,0.007033296737263386,-1.3730537666332734,0.17314697605036228,1.8852766460658197,0.9524007365794368,1.0
100015680|F|0-33:A>G-33:A>G,,,0.11578947368421053,0.014414863836623517,0.010513205961629257,1.3711197030890863,0.17374693274586916,1.8799692401991042,0.9524007365794368,1.0
100015510|F|0-57:A>C-57:A>C,,,0.4263157894736842,-0.008537446859211975,0.006229667344382957,-1.3704498791432018,0.17395508340679555,1.8781328712436165,0.9524007365794368,1.0
100035744|F|0-61:C>T-61:C>T,,,0.16842105263157894,0.01062567818933058,0.007755624943470427,1.3700608612174436,0.17407605930013959,1.8770667634398834,0.9524007365794368,1.0
100013120|F|0-6:A>G-6:A>G,,,0.08421052631578947,-0.01646467024743428,0.012031792714113938,-1.368430344392514,0.17458380880153707,1.8726016074542147,0.9524007365794368,1.0
100038564|F|0-34:C>T-34:C>T,,,0.08421052631578951,0.01876313699010805,0.013762206888142964,1.3633814069656018,0.17616319867456331,1.858808860859504,0.9524007365794368,1.0
100016571|F|0-39:C>T-39:C>T,,,0.09473684210526316,-0.01362187309656943,0.009995398832475041,-1.3628143633760743,0.17634125351954172,1.8572629890241348,0.9524007365794368,1.0
100040746|F|0-42:G>A-42:G>A,Vu07 (old2),31266697.0,0.4368421052631579,0.00804280143303752,0.005927591423433658,1.3568413978807248,0.17822509092658992,1.8410185790029192,0.9524007365794368,1.0
100022134|F|0-54:T>C-54:T>C,,,0.3031914893617021,0.00868871892449768,0.0064225506070044,1.3528455369463042,0.17949383709439176,1.830191046835534,0.9524007365794368,1.0
100028511|F|0-5:C>A-5:C>A,,,0.3157894736842105,0.010165282918892446,0.007537858140937314,1.348563839863988,0.18086090445617725,1.818624430188704,0.9524007365794368,1.0
100035489|F|0-33:C>A-33:C>A,,,0.11170212765957448,0.01262678179196559,0.009384250006542146,1.3455291347910534,0.18183457987994722,1.8104486525715608,0.9524007365794368,1.0
100034157|F|0-53:C>A-53:C>A,,,0.21578947368421053,-0.009350287554367552,0.00695481376150654,-1.3444339237550063,0.1821869441311763,1.807502575343282,0.9524007365794368,1.0
100015923|F|0-54:G>A-54:G>A,Vu09 (old8),37786229.0,0.06842105263157895,-0.014653756660087218,0.010940116144166647,-1.3394516536189345,0.18379640003956532,1.794130732382498,0.9524007365794368,1.0
100054119|F|0-9:A>T-9:A>T,,,0.20526315789473684,0.009991870551911641,0.007487105404380307,1.334543860710967,0.18539224164213197,1.781007316161333,0.9524007365794368,1.0
100043410|F|0-43:T>A-43:T>A,,,0.3157894736842105,-0.009560378856481477,0.007166791290933842,-1.3339831548569832,0.18557522465448892,1.77951105744219,0.9524007365794368,1.0
100044112|F|0-18:T>G-18:T>G,,,0.16666666666666674,-0.01062793639252188,0.007975415181786877,-1.3325872259029794,0.18603136753726152,1.7757887146397981,0.9524007365794368,1.0
100041362|F|0-27:G>A-27:G>A,,,0.49468085106382986,-0.008705637066760814,0.006554617902054636,-1.328168506059203,0.18748081254757926,1.764031580487535,0.9524007365794368,1.0
100033255|F|0-59:G>A-59:G>A,,,0.1827956989247312,0.009740039938638957,0.007340458065771102,1.326898110631163,0.18789909726375656,1.7606585959965502,0.9524007365794368,1.0
100034291|F|0-11:A>T-11:A>T,,,0.07368421052631578,-0.014243789280732515,0.01074205323253609,-1.3259838666215304,0.18820055016898526,1.7582332145405846,0.9524007365794368,1.0
100020369|F|0-25:G>C-25:G>C,,,0.49473684210526314,-0.00854317625659211,0.006450970889626371,-1.3243241060551298,0.18874874853698198,1.753834337878719,0.9524007365794368,1.0
100019466|F|0-22:C>T-22:C>T,,,0.11052631578947368,-0.010942184371583433,0.008273700805420978,-1.322525992771463,0.18934399325421375,1.7490750015561438,0.9524007365794368,1.0
100056174|F|0-11:G>A-11:G>A,,,0.11052631578947368,0.013622308686981383,0.010366847265363665,1.3140261777073183,0.19217681070059858,1.726664795700105,0.9524007365794368,1.0
100018597|F|0-60:C>T-60:C>T,,,0.32105263157894737,-0.008274126722462818,0.006318789728493416,-1.3094480237492587,0.19371568633560485,1.7146541269008393,0.9524007365794368,1.0
100046319|F|0-37:A>C-37:A>C,,,0.1358695652173913,-0.011070589587461887,0.008459436968724266,-1.3086674241313483,0.19397898829958893,1.7126104269825781,0.9524007365794368,1.0
100041682|F|0-43:T>C-43:T>C,,,0.06842105263157895,-0.015112990631654942,0.011549958556237711,-1.308488732497916,0.19403929984991164,1.7121427630740027,0.9524007365794368,1.0
100045342|F|0-29:C>T-29:C>T,,,0.14736842105263157,-0.011543570366892401,0.008824791799247169,-1.3080841598866013,0.19417590189013262,1.7110841693462355,0.9524007365794368,1.0
100060618|F|0-5:A>G-5:A>G,,,0.15168539325842698,0.013327027414615177,0.010191769725687706,1.30762642537196,0.19433054030980182,1.7098868683310502,0.9524007365794368,1.0
100014991|F|0-45:T>G-45:T>G,,,0.08421052631578947,0.014399338246821157,0.011036075847780845,1.3047516567871906,0.19530383701078963,1.7023768858889188,0.9524007365794368,1.0
100040251|F|0-68:A>C-68:A>C,,,0.28421052631578947,0.009145989757606934,0.007021245290315204,1.3026164703606793,0.19602908556007975,1.6968096688549146,0.9524007365794368,1.0
100040977|F|0-30:G>T-30:G>T,,,0.3105263157894737,0.010365148937556221,0.007964583247283915,1.301405059843018,0.19644145070777452,1.6936551297850093,0.9524007365794368,1.0
100041505|F|0-33:C>T-33:C>T,,,0.06842105263157895,-0.016029245035134018,0.012328481755114558,-1.300179969726132,0.196859129077618,1.6904679536770457,0.9524007365794368,1.0
100041505|F|0-68:C>A-68:C>A,,,0.06842105263157895,-0.016029245035134018,0.012328481755114558,-1.300179969726132,0.196859129077618,1.6904679536770457,0.9524007365794368,1.0
100029329|F|0-43:G>A-43:G>A,,,0.07894736842105263,0.013933372466307544,0.010718131857474751,1.2999814381449792,0.1969268780188373,1.6899517395214885,0.9524007365794368,1.0
100034599|F|0-15:A>G-15:A>G,,,0.3736842105263158,-0.012043145122833283,0.009278081236784785,-1.2980210902967584,0.19759677919634488,1.6848587508551853,0.9524007365794368,1.0
100016256|F|0-31:A>C-31:A>C,,,0.1,-0.012741418618324613,0.009816442700429482,-1.2979669934575342,0.19761528948517604,1.6847183161051906,0.9524007365794368,1.0
100033513|F|0-54:T>C-54:T>C,Vu06 (old6),29636850.0,0.06842105263157895,-0.014125481824388489,0.010915543074481646,-1.2940704578786406,0.1989519604812238,1.6746183499542346,0.9524007365794368,1.0
100016006|F|0-20:G>A-20:G>A,Vu07 (old2),32542535.0,0.05263157894736842,0.01710629292561545,0.013234488107863936,1.2925541801235885,0.1994739177814044,1.670696308554962,0.9524007365794368,1.0
100029979|F|0-5:G>A-5:G>A,,,0.16842105263157894,0.010323169407495968,0.008005168450938908,1.2895630455203209,0.20050655498252068,1.662972848371645,0.9524007365794368,1.0
100052891|F|0-8:C>T-8:C>T,,,0.4105263157894737,-0.009927363896496965,0.00770999727791279,-1.2875962907193723,0.2011877014688076,1.6579042078742863,0.9524007365794368,1.0
100041955|F|0-54:C>T-54:C>T,,,0.29473684210526313,0.008084667839268275,0.006279185310569989,1.2875345191133394,0.20120912260234824,1.657745137908418,0.9524007365794368,1.0
100029003|F|0-15:A>G-15:A>G,,,0.07368421052631578,-0.015081941570966156,0.01171849576952432,-1.2870202684365832,0.20138751991522677,1.6564211713665749,0.9524007365794368,1.0
100034771|F|0-20:A>G-20:A>G,,,0.07368421052631578,-0.015081941570966156,0.01171849576952432,-1.2870202684365832,0.20138751991522677,1.6564211713665749,0.9524007365794368,1.0
100040147|F|0-11:C>G-11:C>G,,,0.3736842105263158,0.012731998735297009,0.009892632545116829,1.2870182610372747,0.20138821652644515,1.6564160042434104,0.9524007365794368,1.0
100030430|F|0-19:A>C-19:A>C,,,0.25263157894736843,0.009725070919375514,0.007575770931433179,1.283707098247192,0.20253969573088482,1.647903914090226,0.9524007365794368,1.0
100032980|F|0-45:T>A-45:T>A,,,0.5,-0.008421530921891525,0.006561928121630048,-1.2833927415528492,0.20264926838800632,1.6470969290705384,0.9524007365794368,1.0
100032801|F|0-46:T>A-46:T>A,,,0.21578947368421053,0.009670959957508943,0.007557451015120516,1.2796589667812388,0.20395407825494744,1.6375270712636276,0.9524007365794368,1.0
100019240|F|0-12:A>C-12:A>C,Vu07 (old2),30408014.0,0.05913978494623662,0.012876975865587682,0.010083367143513055,1.277051175695,0.2048690803655387,1.630859705343982,0.9524007365794368,1.0
100017545|F|0-17:T>C-17:T>C,,,0.05263157894736842,0.01698604607127356,0.013310193189840567,1.276168259093242,0.2051795581718847,1.6286054255170759,0.9524007365794368,1.0
100013877|F|0-19:G>T-19:G>T,,,0.4894736842105263,-0.008106015283647164,0.006352927554785003,-1.2759495860364,0.20525650830190595,1.6280473461064606,0.9524007365794368,1.0
100033542|F|0-31:T>C-31:T>C,,,0.06842105263157895,-0.013137540192618157,0.0103193169756601,-1.2731017201628099,0.20626060862559623,1.6207879898815054,0.9524007365794368,1.0
100021507|F|0-53:A>C-53:A>C,,,0.11052631578947368,0.011597316753233658,0.009135085097430523,1.2695357108929068,0.20752302018016,1.6117209212323584,0.9524007365794368,1.0
100049761|F|0-12:A>G-12:A>G,,,0.13636363636363635,-0.010900372402389443,0.008587811169998797,-1.2692841268412485,0.2076122988075928,1.6110821946511504,0.9524007365794368,1.0
100018572|F|0-44:T>A-44:T>A,,,0.06842105263157895,0.015267030169144786,0.012037076680374598,1.2683337137858683,0.20794982372798754,1.608670409525853,0.9524007365794368,1.0
100028749|F|0-23:C>A-23:C>A,,,0.23684210526315788,-0.0092915336607203,0.007350664831050423,-1.2640399030943879,0.20947974953612947,1.5977968766148694,0.9524007365794368,1.0
100058370|F|0-6:C>T-6:C>T,,,0.2894736842105263,0.010616715252819415,0.008421261801834053,1.2607036216956486,0.21067420815421897,1.589373621756525,0.9524007365794368,1.0
100013309|F|0-13:A>C-13:A>C,,,0.05263157894736842,-0.016939318291520702,0.013464097283266188,-1.2581102123031807,0.21160615801819932,1.5828413063015543,0.9524007365794368,1.0
100030458|F|0-10:C>T-10:C>T,,,0.16842105263157894,0.010183316577445763,0.008108293720107938,1.2559136273260463,0.21239787476553526,1.577319039303267,0.9524007365794368,1.0
100018804|F|0-63:G>A-63:G>A,,,0.08947368421052632,0.012638668436728593,0.010066096649484515,1.2555679601363474,0.21252266170204365,1.5764509025209485,0.9524007365794368,1.0
100021415|F|0-54:A>G-54:A>G,,,0.2,0.011150780091543393,0.008888331562902101,1.2545414190087423,0.21289356359301065,1.5738741720084686,0.9524007365794368,1.0
100034247|F|0-37:G>C-37:G>C,,,0.4789473684210526,0.008839491022760382,0.007077104532750192,1.2490264884253899,0.2148943115778176,1.5600671687882606,0.9524007365794368,1.0
100049328|F|0-63:A>C-63:A>C,Vu08 (old5),12604325.0,0.3736842105263158,0.0093840795645696,0.007514985623314895,1.2487155711191151,0.21500751744300284,1.5592905775553378,0.9524007365794368,1.0
100033227|F|0-6:A>G-6:A>G,Vu08 (old5),23496197.0,0.43617021276595747,-0.007783735161302895,0.006233657154194231,-1.2486626981186661,0.21502677299767178,1.5591585336729872,0.9524007365794368,1.0
100021815|F|0-12:C>A-12:C>A,,,0.14210526315789473,-0.010202109945446333,0.008173687287332107,-1.2481649452454529,0.21520810908012486,1.5579157305395843,0.9524007365794368,1.0
100013138|F|0-58:G>A-58:G>A,,,0.4263157894736842,0.007252046329545082,0.005830268769263256,1.2438614095764045,0.2167806012365589,1.5471912062334,0.9524007365794368,1.0
100032976|F|0-16:C>T-16:C>T,,,0.1578947368421053,-0.009415783463996836,0.0075815373822382464,-1.241935901556826,0.21748688861562326,1.5424047835757664,0.9524007365794368,1.0
100018871|F|0-15:C>A-15:C>A,,,0.09473684210526316,0.013469536902363107,0.010850568478457254,1.2413669319820024,0.21769591159381652,1.5409918598184094,0.9524007365794368,1.0
100018025|F|0-39:C>T-39:C>T,,,0.24736842105263157,-0.009479139735226502,0.007644606694707653,-1.2399774264108174,0.21820699292605272,1.5375440180083941,0.9524007365794368,1.0
100046316|F|0-13:C>A-13:C>A,,,0.11363636363636363,0.010637089763318742,0.008579615314016268,1.2398096387773048,0.21826876705144016,1.537127940405111,0.9524007365794368,1.0
100021275|F|0-33:T>A-33:T>A,,,0.42105263157894735,0.007740787152569968,0.006261824021049277,1.2361872717197289,0.2196055255784838,1.5281589707618668,0.9524007365794368,1.0
100021616|F|0-67:G>T-67:G>T,,,0.15263157894736842,0.010390200911203044,0.008411807996539046,1.2351923528780004,0.21997372318552705,1.5257001486082908,0.9524007365794368,1.0
100030431|F|0-51:C>T-51:C>T,,,0.1,0.011913272423346924,0.009658456278610037,1.2334551277858434,0.2206177113956598,1.5214115522611913,0.9524007365794368,1.0
100017048|F|0-68:G>T-68:G>T,,,0.15789473684210525,0.009830481130121553,0.0079703150104223,1.233386775462052,0.22064307763510058,1.5212429378846783,0.9524007365794368,1.0
100029568|F|0-9:T>G-9:T>G,,,0.47368421052631576,0.008631750991722193,0.007019190702884577,1.229735927843494,0.22200103574113228,1.5122504522290992,0.9524007365794368,1.0
100042001|F|0-12:C>A-12:C>A,,,0.2789473684210526,0.008492846854936278,0.006915143929153874,1.2281518565551317,0.22259213160713018,1.5083569827598169,0.9524007365794368,1.0
100019852|F|0-38:G>A-38:G>A,,,0.4789473684210526,-0.008077011637070298,0.006595934700559392,-1.2245439052611145,0.22394271182408657,1.4995077759121413,0.9524007365794368,1.0
100034045|F|0-65:A>T-65:A>T,,,0.29473684210526313,0.009198339552973257,0.007513556929001966,1.224232362899669,0.22405961166110935,1.4987448783709068,0.9524007365794368,1.0
100043228|F|0-41:G>A-41:G>A,,,0.30526315789473685,-0.009745067095781525,0.007975857938183745,-1.2218205453645106,0.224966097511776,1.49284544507483,0.9524007365794368,1.0
100033543|F|0-14:C>T-14:C>T,,,0.06315789473684211,0.014298993116079841,0.011703792057968298,1.2217401885865404,0.22499634553476014,1.4926490884074755,0.9524007365794368,1.0
100014707|F|0-12:T>C-12:T>C,,,0.32105263157894737,-0.007865751183663908,0.006443499716318168,-1.2207265507816951,0.22537815431092534,1.4901733117833744,0.9524007365794368,1.0
100034782|F|0-29:A>T-29:A>T,,,0.14893617021276595,0.009099330445302346,0.007465524756700721,1.2188467310533255,0.2260874741114114,1.4855873537993776,0.9524007365794368,1.0
100021780|F|0-9:A>G-9:A>G,Vu04 (old11),742456.0,0.3157894736842105,0.009080970454532806,0.007453792089283913,1.2183020864759881,0.22629328932708398,1.4842599739117461,0.9524007365794368,1.0
100034189|F|0-36:A>T-36:A>T,,,0.18421052631578946,-0.009424829304836447,0.007747007200228743,-1.2165768097592788,0.22694614964376827,1.4800591340440645,0.9524007365794368,1.0
100030532|F|0-16:G>A-16:G>A,,,0.08421052631578947,0.012307403180849528,0.010157500687944875,1.2116566426085702,0.22881548320760975,1.4681118195774725,0.9524007365794368,1.0
100016014|F|0-65:T>C-65:T>C,,,0.08421052631578947,0.012307403180849528,0.010157500687944875,1.2116566426085702,0.22881548320760975,1.4681118195774725,0.9524007365794368,1.0
100038655|F|0-21:A>T-21:A>T,,,0.24210526315789474,-0.008329661354276013,0.00687692071601196,-1.2112487111973747,0.2289709686829641,1.467123440377301,0.9524007365794368,1.0
100017582|F|0-57:G>A-57:G>A,,,0.0967741935483871,0.010832466245711481,0.008953315096467261,1.2098832811084335,0.2294919667586792,1.4638175539057086,0.9524007365794368,1.0
100045098|F|0-63:G>T-63:G>T,,,0.06842105263157895,0.013086382143463516,0.010830010925877579,1.208344315904104,0.23008020683652777,1.4600959857777573,0.9524007365794368,1.0
100015232|F|0-9:G>T-9:G>T,Vu01 (old4),18488835.0,0.37894736842105264,0.00821018763680721,0.00679709528558853,1.2078965045870071,0.2302515787532443,1.4590139657935097,0.9524007365794368,1.0
100052894|F|0-30:A>C-30:A>C,,,0.42105263157894735,-0.008877140410345851,0.007354790041910972,-1.2069876039641958,0.23059968757629218,1.4568190761232305,0.9524007365794368,1.0
100014614|F|0-54:G>A-54:G>A,,,0.14210526315789473,0.01084915859760495,0.008997162710473502,1.205842213454199,0.2310389134518375,1.4540554437481221,0.9524007365794368,1.0
100015147|F|0-16:C>G-16:C>G,,,0.4263157894736842,-0.008498715881262947,0.007050023212987513,-1.2054876451479848,0.23117500310537828,1.4532004626044337,0.9524007365794368,1.0
100035083|F|0-24:G>C-24:G>C,,,0.34782608695652173,-0.00751373572803006,0.006258278389594339,-1.200607461074786,0.23305399048400133,1.441458275588444,0.9524007365794368,1.0
100013715|F|0-6:A>G-6:A>G,,,0.13157894736842105,-0.009879790980882892,0.008255592520479452,-1.1967391748532077,0.23455117882246523,1.4321846526283364,0.9524007365794368,1.0
100014677|F|0-27:A>C-27:A>C,Vu01 (old4),38105105.0,0.48947368421052634,-0.007598846031160576,0.006354587962366288,-1.1958046809900413,0.23491390349819738,1.4299488350776945,0.9524007365794368,1.0
100018585|F|0-68:A>G-68:A>G,,,0.22105263157894736,0.009206522396963039,0.0077040632293810625,1.1950216558259845,0.2352181462647787,1.4280767578930778,0.9524007365794368,1.0
100020245|F|0-28:G>T-28:G>T,,,0.2736842105263158,0.008761145963395512,0.007374170051310153,1.1880856967542996,0.2379254851577763,1.4115476228321497,0.9524007365794368,1.0
100043978|F|0-67:T>A-67:T>A,,,0.3631578947368421,0.009094193330957609,0.007680695975559755,1.1840324574616223,0.2395179214993336,1.4019328603226084,0.9524007365794368,1.0
100029202|F|0-28:C>T-28:C>T,,,0.4421052631578947,-0.007419719456560939,0.00627428551286681,-1.1825600606388031,0.24009828459593147,1.3984482970180498,0.9524007365794368,1.0
100033304|F|0-17:G>A-17:G>A,,,0.49473684210526314,-0.0077311557977397735,0.006540797625520282,-1.1819897572698261,0.24032334712495712,1.3970997862907826,0.9524007365794368,1.0
100019924|F|0-12:A>T-12:A>T,,,0.08947368421052632,0.012958801606072613,0.01096517055083384,1.1818148697274178,0.24039239440571744,1.3966863863088335,0.9524007365794368,1.0
100035332|F|0-65:G>A-65:G>A,Vu04 (old11),505287.0,0.425531914893617,0.008096124763773678,0.0068611976118959465,1.1799871132900492,0.24111486068612156,1.3923695875305835,0.9524007365794368,1.0
100028909|F|0-9:C>T-9:C>T,,,0.4368421052631579,-0.007177684324672109,0.006083741221744339,-1.1798142069254736,0.24118328663349084,1.391961562863184,0.9524007365794368,1.0
100019497|F|0-27:C>T-27:C>T,,,0.08421052631578947,0.012102903717043657,0.01027390438361102,1.1780237838645127,0.24189264581511805,1.387740035350464,0.9524007365794368,1.0
100047143|F|0-59:C>T-59:C>T,,,0.3736842105263158,-0.00815247923914458,0.006921212506307051,-1.1778975478235236,0.2419427163522785,1.3874426331686702,0.9524007365794368,1.0
100030370|F|0-33:G>A-33:G>A,,,0.17894736842105263,-0.010346829245772174,0.008806261361831475,-1.1749400591967327,0.24311790334833686,1.3804841427052217,0.9524007365794368,1.0
100038715|F|0-41:T>A-41:T>A,,,0.4473684210526316,-0.008428969121939212,0.007183905587458217,-1.1733129033119043,0.24376620654447492,1.37666316907821,0.9524007365794368,1.0
100014138|F|0-28:A>G-28:A>G,,,0.4631578947368421,-0.006988652413849727,0.0059645537527472405,-1.1716974485527591,0.24441106820211914,1.3728749109450458,0.9524007365794368,1.0
100021699|F|0-19:G>C-19:G>C,,,0.1631578947368421,-0.009468375854209938,0.008107057998747532,-1.167917616436532,0.24592466730506138,1.36403155878279,0.9524007365794368,1.0
100039148|F|0-38:G>A-38:G>A,,,0.4052631578947368,-0.008400044993303539,0.007193353458991393,-1.1677509024395056,0.24599157991313356,1.3636421701482797,0.9524007365794368,1.0
100052713|F|0-20:C>T-20:C>T,,,0.17894736842105263,0.0086831461466477,0.007447475649273509,1.1659180312317945,0.24672807985301742,1.3593648555514237,0.9524007365794368,1.0
100028469|F|0-24:A>G-24:A>G,,,0.14736842105263157,-0.01068683253726418,0.009170472162121674,-1.16535248658251,0.24695564860897098,1.3580464179840392,0.9524007365794368,1.0
100034096|F|0-46:G>C-46:G>C,Vu02 (old7),21233031.0,0.25,0.009323852625858935,0.0080096023008121,1.1640843422292741,0.24746647881896605,1.3550923558233618,0.9524007365794368,1.0
100016220|F|0-31:G>A-31:G>A,,,0.1774193548387097,-0.010054043809903115,0.008640797028176342,-1.1635551416285312,0.24767987214508455,1.3538605676101914,0.9524007365794368,1.0
100019646|F|0-30:T>C-30:T>C,,,0.2,-0.009425124008493772,0.008104703599692594,-1.1629202589038865,0.24793605318826745,1.3523835285690824,0.9524007365794368,1.0
100043186|F|0-41:T>C-41:T>C,,,0.38421052631578945,0.007732169320726041,0.006652105113818344,1.1623642724261967,0.24816055367006412,1.3510907018128815,0.9524007365794368,1.0
100014176|F|0-46:T>C-46:T>C,,,0.14210526315789473,0.010670104381239649,0.009181123476506594,1.1621785077330875,0.24823559538264037,1.3506588838367062,0.9524007365794368,1.0
100020460|F|0-46:A>G-46:A>G,,,0.08421052631578947,0.012146783889559663,0.01051057193964038,1.1556729699692505,0.2508737666507692,1.3355800135175482,0.9524007365794368,1.0
100032755|F|0-61:C>T-61:C>T,Vu11 (old9),32264867.0,0.09473684210526316,-0.01200709598241912,0.0104162151419402,-1.152731181028831,0.25207325199208924,1.3287891757161234,0.9524007365794368,1.0
100046635|F|0-47:T>A-47:T>A,,,0.3473684210526316,0.0074257498454348555,0.00645825041404177,1.1498082869765334,0.25326905386560705,1.3220590967999102,0.9524007365794368,1.0
100019849|F|0-35:A>C-35:A>C,,,0.48947368421052634,0.007865894213449525,0.0068417881584782875,1.1496839760673054,0.25332000031581486,1.3217732448259285,0.9524007365794368,1.0
100014153|F|0-9:C>A-9:C>A,,,0.2,0.008748823721567107,0.0076142370793841774,1.1490085783190103,0.2535969259879675,1.3202207130506731,0.9524007365794368,1.0
100013548|F|0-31:T>C-31:T>C,,,0.18947368421052632,-0.008786576026958901,0.007657247846742721,-1.1474848669939004,0.25422246295733647,1.3167215199800093,0.9524007365794368,1.0
100019295|F|0-19:G>T-19:G>T,,,0.14361702127659573,0.010451613128718814,0.00913592559572189,1.1440125052696384,0.25565206567004595,1.3087646122133143,0.9524007365794368,1.0
100030380|F|0-14:C>T-14:C>T,,,0.06842105263157895,-0.014081593774157639,0.012313155650375468,-1.1436218443099309,0.2558132591134787,1.3078709227828478,0.9524007365794368,1.0
100041269|F|0-22:G>C-22:G>C,,,0.06842105263157895,-0.014081593774157639,0.012313155650375468,-1.1436218443099309,0.2558132591134787,1.3078709227828478,0.9524007365794368,1.0
100034394|F|0-57:A>G-57:A>G,,,0.13043478260869565,-0.010988701424678067,0.009618905429064998,-1.1424066392704122,0.25631513266295897,1.3050929294491176,0.9524007365794368,1.0
100019511|F|0-33:G>A-33:G>A,,,0.23684210526315788,0.010414621337959075,0.009143027746121838,1.1390779539498395,0.2576934222535303,1.2974985851745526,0.9524007365794368,1.0
100034321|F|0-18:C>G-18:C>G,,,0.3736842105263158,-0.008312560888165874,0.00730037706850284,-1.1386481561384079,0.2578717664849145,1.2965196234773961,0.9524007365794368,1.0
100017692|F|0-31:G>T-31:G>T,,,0.26842105263157895,0.008360075367830433,0.0073631307904538715,1.1353968312866418,0.25922372062789084,1.289125964495747,0.9524007365794368,1.0
100013484|F|0-22:G>A-22:G>A,,,0.17894736842105263,0.00914986639205781,0.008065994965672387,1.1343754156800505,0.2596494706053083,1.2868075836992874,0.9524007365794368,1.0
100013911|F|0-62:A>G-62:A>G,,,0.4842105263157895,-0.007131904412073087,0.006304286605933055,-1.1312785819986593,0.2609433114901638,1.2797912300888972,0.9524007365794368,1.0
100015169|F|0-21:A>G-21:A>G,,,0.05319148936170213,-0.015956540030813367,0.014108902225700673,-1.130955461704671,0.26107857019381875,1.2790602563596258,0.9524007365794368,1.0
100040340|F|0-28:T>C-28:T>C,,,0.4574468085106383,-0.007607788064211087,0.006733441490763736,-1.1298513657015796,0.26154111861222634,1.2765641085777246,0.9524007365794368,1.0
100034572|F|0-53:G>A-53:G>A,,,0.17894736842105263,-0.008157343479569918,0.007229067722687003,-1.1284087786271118,0.26214634141019044,1.2733063716827302,0.9524007365794368,1.0
100016003|F|0-33:A>T-33:A>T,,,0.4842105263157894,-0.007010592786096804,0.006220979499154224,-1.1269274857841811,0.2627688257883567,1.2699655582158558,0.9524007365794368,1.0
100016630|F|0-66:A>T-66:A>T,,,0.15263157894736842,-0.009938352070088408,0.008831538545314726,-1.1253251083143225,0.26344336113919437,1.2663565994026418,0.9524007365794368,1.0
100021743|F|0-57:T>C-57:T>C,,,0.05789473684210526,-0.013237062519088525,0.011789660988287255,-1.1227687150834302,0.26452201134829456,1.260609587570097,0.9524007365794368,1.0
100019637|F|0-48:C>G-48:C>G,,,0.05789473684210526,-0.012955045234000755,0.011579199291066539,-1.1188204735361704,0.26619401644441676,1.2517592520037006,0.9524007365794368,1.0
100014400|F|0-16:A>T-16:A>T,,,0.1736842105263158,0.008841697960998816,0.007903974208747706,1.1186395258240198,0.26627082120381884,1.2513543887357879,0.9524007365794368,1.0
100040070|F|0-17:A>G-17:A>G,,,0.3105263157894737,-0.007351367417139107,0.006574154848899179,-1.1182224310353854,0.2664479196144205,1.2504214052706872,0.9524007365794368,1.0
100015153|F|0-7:G>C-7:G>C,,,0.10526315789473684,0.010602118337446186,0.009484406387661804,1.1178473279296008,0.26660725872708246,1.2495826485593486,0.9524007365794368,1.0
100033028|F|0-17:A>C-17:A>C,,,0.4473684210526316,-0.007318574573942912,0.006554525313702265,-1.116568206494435,0.26715111467630404,1.246724559754199,0.9524007365794368,1.0
100034797|F|0-19:G>T-19:G>T,,,0.08947368421052632,0.012464524324084065,0.011166153773497084,1.1162773303076543,0.26727489738472937,1.246075078158784,0.9524007365794368,1.0
100014001|F|0-46:T>A-46:T>A,,,0.05789473684210526,0.015949253296456828,0.01429124465858726,1.1160156919483786,0.267386272148793,1.2454910246750182,0.9524007365794368,1.0
100033115|F|0-33:C>G-33:C>G,,,0.4263157894736842,-0.008262968967853062,0.007406350481164435,-1.1156599986548232,0.2675377364395391,1.2446972325984802,0.9524007365794368,1.0
100044970|F|0-28:C>T-28:C>T,,,0.18421052631578946,0.008486452232398177,0.007619220326641769,1.1138216075369287,0.26832153137870735,1.240598573416148,0.9524007365794368,1.0
100033363|F|0-51:C>T-51:C>T,,,0.08947368421052632,0.0120494146097322,0.010825791437788957,1.1130285188824174,0.2686601580727601,1.2388324838455878,0.9524007365794368,1.0
100057963|F|0-26:C>T-26:C>T,,,0.15789473684210525,0.010845546879943132,0.00975252002350449,1.1120763509128249,0.2690671011988428,1.2367138102595845,0.9524007365794368,1.0
100045148|F|0-42:T>C-42:T>C,,,0.1827956989247312,0.008302978371796919,0.007470289977851652,1.1114666761817908,0.2693278933711935,1.235358172262598,0.9524007365794368,1.0
100040406|F|0-33:C>T-33:C>T,,,0.28260869565217395,-0.00787240844342022,0.007086691444263627,-1.1108721898415088,0.26958235840521405,1.2340370221632693,0.9524007365794368,1.0
100034394|F|0-13:G>T-13:G>T,,,0.28421052631578947,-0.00812098291025706,0.007329673216260418,-1.107959750816881,0.27083142750733946,1.227574809430205,0.9524007365794368,1.0
100030246|F|0-11:C>A-11:C>A,,,0.33157894736842103,-0.008390810602232844,0.00757364635009299,-1.1078957498629205,0.2708589210557803,1.2274329925643228,0.9524007365794368,1.0
100030110|F|0-28:T>C-28:T>C,,,0.07368421052631578,-0.01273949370156053,0.011499276710935468,-1.107851739009433,0.27087782837946917,1.2273354756262247,0.9524007365794368,1.0
100033592|F|0-27:T>C-27:T>C,,,0.4842105263157894,0.007747758561594032,0.006993852886112203,1.107795472361003,0.27090200220473515,1.2272108085835378,0.9524007365794368,1.0
100035736|F|0-29:C>T-29:C>T,Vu04 (old11),30896897.0,0.4105263157894737,-0.007965255600481714,0.007191386353861235,-1.1076105786202086,0.2709814486385358,1.2268011938713934,0.9524007365794368,1.0
100043193|F|0-19:A>G-19:A>G,,,0.4166666666666667,0.00693504851467229,0.006265679167274576,1.1068310919738449,0.2713165623678778,1.2250750661600138,0.9524007365794368,1.0
100035100|F|0-8:T>C-8:T>C,,,0.24210526315789474,0.008474308642623312,0.007662911445148801,1.1058862813804518,0.27172313831828593,1.2229844673454837,0.9524007365794368,1.0
100017910|F|0-52:G>A-52:G>A,,,0.2736842105263158,0.007279916702252114,0.0065873688004660725,1.1051327051458,0.2720477252235415,1.2213182959828737,0.9524007365794368,1.0
100033423|F|0-16:C>T-16:C>T,,,0.34239130434782605,-0.007031516982876773,0.006375847284968771,-1.1028364809574032,0.27303843846202625,1.2162483037305087,0.9524007365794368,1.0
100021940|F|0-35:G>A-35:G>A,,,0.3368421052631579,0.007115606519245702,0.0064521119150636195,1.1028337097862537,0.2730396356064197,1.216242191440911,0.9524007365794368,1.0
100013964|F|0-14:T>G-14:T>G,,,0.18947368421052632,0.008054615596057814,0.007311199574574997,1.1016818121157679,0.2735375708703745,1.213702815146682,0.9524007365794368,1.0
100017394|F|0-18:C>T-18:C>T,,,0.3684210526315789,0.0074003428733626095,0.006718545316321982,1.101479937239431,0.27362490106349774,1.213258052140981,0.9524007365794368,1.0
100035378|F|0-22:G>A-22:G>A,,,0.45263157894736844,0.007565213171850942,0.006869604652303275,1.1012588867562327,0.2737205487644021,1.212771135659577,0.9524007365794368,1.0
100013547|F|0-56:A>T-56:A>T,,,0.20526315789473684,0.008334911614010423,0.007572453491965224,1.100688386248157,0.2739675095142363,1.2115149236215719,0.9524007365794368,1.0
100013604|F|0-58:C>T-58:C>T,,,0.1631578947368421,0.007804875545635818,0.007091999327434309,1.1005183708131299,0.2740411364703666,1.2111406844971857,0.9524007365794368,1.0
100017834|F|0-8:C>T-8:C>T,,,0.0797872340425532,0.012498627808866321,0.011385101699431452,1.0978055478846076,0.2752178125288391,1.2051770209662234,0.9524007365794368,1.0
100045000|F|0-23:G>A-23:G>A,Vu09 (old8),33438135.0,0.05263157894736842,-0.01455915714526489,0.013264951884326004,-1.0975657712311895,0.2753219830871745,1.2046506221783158,0.9524007365794368,1.0
100021166|F|0-38:T>C-38:T>C,,,0.3684210526315789,0.007304003839277999,0.006656662968983108,1.097247055065157,0.27546049113129484,1.2039510998491596,0.9524007365794368,1.0
100033340|F|0-7:A>T-7:A>T,,,0.28421052631578947,0.007731975285222516,0.007080864110195173,1.09195363233844,0.27776798365521316,1.192362735177113,0.9524007365794368,1.0
100033099|F|0-24:G>C-24:G>C,,,0.19999999999999996,-0.009009056667987184,0.008266336187780481,-1.0898488112913447,0.27868921898320637,1.187770431473157,0.9524007365794368,1.0
100033255|F|0-46:T>C-46:T>C,,,0.09782608695652173,0.010512060275514434,0.009646061934097063,1.0897773980028291,0.2787205120853106,1.1876147771978167,0.9524007365794368,1.0
100045002|F|0-68:G>C-68:G>C,,,0.05319148936170204,0.014422212297893967,0.013277241137086117,1.0862356229721328,0.28027555799559734,1.1799078286136575,0.9524007365794368,1.0
100032762|F|0-24:G>A-24:G>A,,,0.35789473684210527,0.009810436016956938,0.009042444845701101,1.08493180598397,0.2808495159776315,1.177077023635639,0.9524007365794368,1.0
100021208|F|0-24:G>A-24:G>A,,,0.49473684210526314,-0.006967828259748393,0.006425609189895315,-1.0843840722068425,0.2810908777111339,1.1758888160558947,0.9524007365794368,1.0
100015853|F|0-63:C>G-63:C>G,,,0.05789473684210526,-0.014040596833320589,0.012977309248605965,-1.0819343643851935,0.28217210587602776,1.1705819688375927,0.9524007365794368,1.0
100021278|F|0-44:C>G-44:C>G,Vu09 (old8),41151722.0,0.10638297872340426,0.008352636614636474,0.007725508106107192,1.0811763446385516,0.28250725343312955,1.1689422882059801,0.9524007365794368,1.0
100018158|F|0-47:G>T-47:G>T,contig_292,2803.0,0.18947368421052632,0.009617490161723686,0.008897212125798604,1.0809554752366242,0.2826049592707623,1.168464739444036,0.9524007365794368,1.0
100041853|F|0-21:T>C-21:T>C,,,0.15217391304347827,0.009273967890410281,0.00858965601428899,1.0796669709453943,0.28317541819966835,1.165680768150403,0.9524007365794368,1.0
100020593|F|0-8:G>C-8:G>C,,,0.20526315789473684,0.008576212357388022,0.00794383370716553,1.0796062296284061,0.28320232973962045,1.1655496110524628,0.9524007365794368,1.0
100019896|F|0-32:C>T-32:C>T,Vu08 (old5),16375786.0,0.46842105263157896,-0.007192277824924352,0.006674257859425991,-1.0776146166973106,0.28408569304406517,1.1612532621196916,0.9524007365794368,1.0
100017267|F|0-60:T>C-60:T>C,Vu07 (old2),29861358.0,0.3526315789473684,-0.006801335116097804,0.006333363200319697,-1.0738899540380826,0.2857428212865608,1.1532396333839152,0.9524007365794368,1.0
100032761|F|0-35:G>T-35:G>T,,,0.07368421052631578,0.011699713435059943,0.010895495469553351,1.073811968235306,0.28577758856260055,1.1530721431253819,0.9524007365794368,1.0
100040329|F|0-26:A>G-26:A>G,,,0.4450549450549451,0.007484730026343533,0.006995436870209317,1.0699446175002898,0.28750536022265044,1.1447814845178415,0.9524007365794368,1.0
100015160|F|0-27:A>C-27:A>C,,,0.15263157894736842,-0.011544395868989145,0.010819332910917337,-1.0670154956910678,0.2888187302096847,1.1385220680448551,0.9524007365794368,1.0
100032852|F|0-43:C>T-43:C>T,,,0.16842105263157894,-0.008479926297277715,0.00794978018460322,-1.0666868894942854,0.28896632787681564,1.1378209202189937,0.9524007365794368,1.0
100017662|F|0-28:T>C-28:T>C,,,0.08947368421052632,-0.01014525967559515,0.009511251850902184,-1.0666587148181579,0.2889789852970028,1.1377608138975244,0.9524007365794368,1.0
100043520|F|0-39:C>T-39:C>T,,,0.25263157894736843,0.00733854089408881,0.006881714195587248,1.0663826897656534,0.2891030091203261,1.1371720410318298,0.9524007365794368,1.0
100036056|F|0-31:G>A-31:G>A,,,0.3421052631578947,0.006541343371229937,0.006138863820113847,1.0655625475511241,0.28947173124671227,1.1354235427436417,0.9524007365794368,1.0
100053755|F|0-5:T>C-5:T>C,,,0.2074468085106383,0.006950679869378297,0.0065328418923028125,1.0639596034870817,0.290193317308842,1.1320100378523883,0.9524007365794368,1.0
100019308|F|0-53:A>G-53:A>G,,,0.1276595744680851,0.009003760434440984,0.008470218659109935,1.0629903189992873,0.29063024998881937,1.1299484182862065,0.9524007365794368,1.0
100014740|F|0-25:C>T-25:C>T,,,0.1368421052631579,-0.009371172901269768,0.008830695968942528,-1.0612043415635746,0.2914365082888382,1.1261546545533798,0.9524007365794368,1.0
100014086|F|0-61:C>T-61:C>T,,,0.06842105263157895,0.01147066052918685,0.010823844132110925,1.059758472976992,0.2920903472800396,1.123088021046526,0.9524007365794368,1.0
100020451|F|0-6:A>G-6:A>G,,,0.32105263157894737,0.0065181531856012215,0.006154859939486579,1.0590254286346843,0.2924222211501321,1.1215348584948768,0.9524007365794368,1.0
100021961|F|0-53:A>T-53:A>T,,,0.2631578947368421,-0.007368143307857221,0.006959931964426034,-1.0586516284236194,0.29259155218839666,1.120743270363981,0.9524007365794368,1.0
100013293|F|0-29:C>A-29:C>A,,,0.4421052631578948,-0.007382971614369129,0.006975954536952001,-1.0583457181753604,0.29273017895856457,1.1200956591801194,0.9524007365794368,1.0
100020403|F|0-39:T>G-39:T>G,,,0.16842105263157894,0.008269462262183674,0.007818081526633198,1.0577354858749932,0.2930068466992013,1.118804358079208,0.9524007365794368,1.0
100019246|F|0-54:A>C-54:A>C,,,0.4842105263157895,0.007520874528064581,0.007113031932386049,1.0573373773034254,0.2931874377267451,1.117962329442886,0.9524007365794368,1.0
100041229|F|0-52:A>T-52:A>T,,,0.46842105263157896,-0.007512499642278352,0.007109130399979202,-1.056739603805879,0.29345874387998117,1.116698590251806,0.9524007365794368,1.0
100036017|F|0-28:C>A-28:C>A,,,0.26842105263157895,-0.007637187745271825,0.007233652127616309,-1.055785875590411,0.2938919585498268,1.1146838150962108,0.9524007365794368,1.0
100035003|F|0-39:A>G-39:A>G,,,0.22105263157894736,-0.0075244415577348745,0.007130861503705859,-1.0551938996185068,0.2941610727128007,1.1134341657921114,0.9524007365794368,1.0
100016374|F|0-29:T>A-29:T>A,,,0.38421052631578945,0.007239485830543726,0.006872673899743592,1.0533725208195632,0.29499013067001467,1.1095936676177611,0.9524007365794368,1.0
100041512|F|0-35:G>A-35:G>A,,,0.4789473684210526,-0.00741676853057414,0.007045516914752917,-1.0526933112663237,0.2952997013589597,1.108163207584857,0.9524007365794368,1.0
100033723|F|0-20:T>C-20:T>C,,,0.15760869565217392,0.00881086266599398,0.008370327262797994,1.052630606828714,0.2953282919899648,1.1080311944325865,0.9524007365794368,1.0
100017511|F|0-59:G>C-59:G>C,,,0.20526315789473684,0.0073975459036051865,0.0070328830903759005,1.051851112629514,0.29568386648220146,1.1063907631399466,0.9524007365794368,1.0
100032947|F|0-10:A>C-10:A>C,,,0.10869565217391304,-0.008899124287110809,0.00847971611863661,-1.0494601661902843,0.2967763392082877,1.101366640420139,0.9524007365794368,1.0
100033784|F|0-28:C>T-28:C>T,,,0.15789473684210525,-0.008225599444332474,0.007843586997469945,-1.0487037941933648,0.29712251197111733,1.0997796479555593,0.9524007365794368,1.0
100040647|F|0-14:T>A-14:T>A,,,0.12234042553191489,0.010091656138930764,0.009633631142941822,1.0475443775242026,0.29765368100060474,1.0973492228825692,0.9524007365794368,1.0
100020010|F|0-17:T>C-17:T>C,Vu03 (old3),2486590.0,0.07894736842105263,0.011991889723451317,0.011451278337878863,1.0472096974347576,0.29780712949970595,1.0966481504013965,0.9524007365794368,1.0
100044397|F|0-62:C>G-62:C>G,,,0.3105263157894737,-0.006742006787237558,0.00643843438775492,-1.0471500338746937,0.29783449047133875,1.0965231934437722,0.9524007365794368,1.0
100038956|F|0-22:A>T-22:A>T,Vu08 (old5),7476338.0,0.06842105263157895,0.01250786400155496,0.011949198117874439,1.046753420452945,0.2980164158938789,1.0956927232299398,0.9524007365794368,1.0
100034834|F|0-45:G>A-45:G>A,,,0.14210526315789473,-0.008989388350708193,0.00860247662516769,-1.0449767831287726,0.2988322804656559,1.091976477278158,0.9524007365794368,1.0
100054653|F|0-47:T>C-47:T>C,,,0.24736842105263157,-0.007874488056872972,0.007539793115323108,-1.044390467540769,0.2991018597536146,1.0907514486900258,0.9524007365794368,1.0
100014470|F|0-59:T>C-59:T>C,,,0.11052631578947368,-0.00974034447424289,0.009339606948254154,-1.042907322354036,0.2997845245560496,1.087655683019665,0.9524007365794368,1.0
100013963|F|0-19:T>C-19:T>C,,,0.08421052631578947,0.010694525592384638,0.0102631761787304,1.0420288423527382,0.30018937079242586,1.0858241082949878,0.9524007365794368,1.0
100016888|F|0-67:C>T-67:C>T,,,0.08510638297872342,-0.009401398774988176,0.009040001104202897,-1.03997761356658,0.3011361189000651,1.0815534367196387,0.9524007365794368,1.0
100038400|F|0-11:G>A-11:G>A,,,0.4789473684210527,0.00640463646816354,0.006167078396852223,1.038520358591934,0.3018099446467729,1.0785245352099193,0.9524007365794368,1.0
100034179|F|0-50:C>T-50:C>T,,,0.4263157894736842,-0.007500315676600138,0.00723935037628541,-1.036048165477609,0.30295540382368824,1.073395801189519,0.9524007365794368,1.0
100040427|F|0-30:T>C-30:T>C,,,0.06315789473684211,-0.012129309127461437,0.011708354109820051,-1.0359533896645918,0.3029993754058927,1.0731994255575577,0.9524007365794368,1.0
100021965|F|0-19:C>T-19:C>T,,,0.06842105263157895,-0.013176285042392282,0.012726712119478626,-1.0353251427936025,0.3032909619006493,1.0718981513005934,0.9524007365794368,1.0
100019242|F|0-32:A>G-32:A>G,,,0.4473684210526316,-0.007492622608462286,0.007246846855905362,-1.0339148539280425,0.3039462058268547,1.0689799251730454,0.9524007365794368,1.0
100021903|F|0-59:G>A-59:G>A,,,0.12105263157894737,-0.007779005519645569,0.007531205774588589,-1.032903063928102,0.30441688906469694,1.066888739472061,0.9524007365794368,1.0
100034001|F|0-23:A>G-23:A>G,Vu10 (old10),40225556.0,0.4842105263157894,-0.008037585227189536,0.007782415222535167,-1.0327880224015142,0.3044704373527947,1.0666510992160307,0.9524007365794368,1.0
100059264|F|0-28:T>G-28:T>G,Vu03 (old3),7290112.0,0.3105263157894737,-0.008468555272046924,0.008240749115644744,-1.0276438650425237,0.30687138362187943,1.0560519133595367,0.9524007365794368,1.0
100029682|F|0-15:A>G-15:A>G,,,0.1736842105263158,0.009311472297865421,0.00908289200454476,1.025166025667407,0.3080324102835052,1.0509653801827068,0.9524007365794368,1.0
100040451|F|0-37:G>A-37:G>A,,,0.3894736842105263,-0.006966605045290426,0.006813693837753972,-1.022441749097852,0.30931231481383104,1.0453871302982747,0.9524007365794368,1.0
100021487|F|0-66:T>G-66:T>G,,,0.3736842105263158,-0.008663963363242828,0.008491100256298819,-1.0203581516795515,0.3102936271640905,1.0411307576989106,0.9524007365794368,1.0
100040723|F|0-6:G>A-6:G>A,,,0.3526315789473684,-0.006759695282716462,0.006628169056450815,-1.01984352317291,0.3105363233370742,1.0400808117577336,0.9524007365794368,1.0
100034088|F|0-23:T>C-23:T>C,,,0.18421052631578946,0.009054145470758567,0.008880029291402495,1.0196076131781062,0.3106476198555005,1.0395996848507547,0.9524007365794368,1.0
100028579|F|0-16:T>A-16:T>A,,,0.07894736842105263,0.011236819150483511,0.01102366633405259,1.0193359278094696,0.3107758274709495,1.0390457337231922,0.9524007365794368,1.0
100020264|F|0-33:T>A-33:T>A,,,0.2578947368421053,-0.00717020339627833,0.007039817055148994,-1.0185212683948894,0.31116047591261875,1.0373855741727345,0.9524007365794368,1.0
100040013|F|0-13:A>G-13:A>G,,,0.49473684210526314,-0.006313400185289084,0.006220660245124536,-1.014908375720605,0.312870180779632,1.0300390111078368,0.9524007365794368,1.0
100017697|F|0-59:C>T-59:C>T,,,0.07894736842105263,0.011267429534958498,0.011103062406675166,1.0148037651472188,0.3129197784592065,1.0298266817569717,0.9524007365794368,1.0
100035964|F|0-51:G>A-51:G>A,,,0.23157894736842105,-0.007403762988978178,0.007315048584663913,-1.0121276575661105,0.31419035705465487,1.0244023952102617,0.9524007365794368,1.0
100018705|F|0-34:T>C-34:T>C,Vu07 (old2),39159477.0,0.35789473684210527,-0.0074428036495163925,0.007355249536748013,-1.0119036223490372,0.3142968821310484,1.0239489409231028,0.9524007365794368,1.0
100032969|F|0-67:T>C-67:T>C,,,0.06315789473684211,0.01174685867013516,0.011612608772819784,1.0115607009537424,0.31445998240344836,1.0232550517140266,0.9524007365794368,1.0
100019433|F|0-7:G>A-7:G>A,,,0.49473684210526314,0.0069249941186377,0.006857446958597274,1.0098501906683712,0.3152743801890016,1.0197974075929457,0.9524007365794368,1.0
100036101|F|0-41:G>C-41:G>C,,,0.4631578947368421,0.006505079203772341,0.006452251897101536,1.0081874216185727,0.31606739698758424,1.0164418771099055,0.9524007365794368,1.0
100020867|F|0-34:T>C-34:T>C,,,0.24736842105263157,0.00884321847924566,0.008808062234632768,1.0039913710503383,0.31807451450250707,1.0079986731435382,0.9524007365794368,1.0
100034887|F|0-39:C>G-39:C>G,,,0.12105263157894737,0.00905181558427256,0.009019865646257471,1.0035421744921829,0.31828988294136784,1.0070968959844988,0.9524007365794368,1.0
100013886|F|0-37:T>A-37:T>A,,,0.08421052631578947,0.01097467809064155,0.010940727283881974,1.0031031581245602,0.31850046428564094,1.0062159458394664,0.9524007365794368,1.0
100039121|F|0-17:A>G-17:A>G,,,0.1368421052631579,0.009073008402774358,0.00904738553734168,1.0028320740093284,0.31863054050988593,1.005672168661851,0.9524007365794368,1.0
100015162|F|0-62:C>T-62:C>T,,,0.12105263157894737,-0.008973125906832018,0.008970740043733536,-1.00026596056589,0.319863608878891,1.0005319918668023,0.9524007365794368,1.0
100013537|F|0-44:C>G-44:C>G,,,0.23684210526315788,0.00695789512818379,0.006980876364298003,0.9967079726219269,0.32157853586311225,0.9934267826881118,0.9524007365794368,1.0
100019198|F|0-35:G>T-35:G>T,,,0.13829787234042554,-0.00789500162102362,0.007936461965544308,-0.9947759663310067,0.32251230274576737,0.9895792231897882,0.9524007365794368,1.0
100018350|F|0-55:C>G-55:C>G,,,0.19473684210526315,0.006951027900266039,0.006990677041328163,0.9943282831079562,0.3227289309698646,0.9886887345884159,0.9524007365794368,1.0
100038652|F|0-16:A>G-16:A>G,,,0.13157894736842105,-0.00837240525977298,0.008426895959763482,-0.9935337162994912,0.3231136492928381,0.9871092454238778,0.9524007365794368,1.0
100017158|F|0-22:G>A-22:G>A,Vu02 (old7),30259566.0,0.3,-0.006814384000133493,0.006879834225944508,-0.9904866565586425,0.32459181078387855,0.9810638168207183,0.9524007365794368,1.0
100044112|F|0-25:G>A-25:G>A,,,0.1473684210526316,-0.008627225977215608,0.008712657198665324,-0.9901945847860508,0.32473373265345934,0.9804853157396196,0.9524007365794368,1.0
100013762|F|0-26:A>T-26:A>T,,,0.34210526315789475,0.006424905344179206,0.006505873665304526,0.9875545813997098,0.326018411104951,0.975264051243556,0.9524007365794368,1.0
100017927|F|0-49:C>T-49:C>T,,,0.13157894736842105,0.011453347815762425,0.011607834679129927,0.9866911557893516,0.32643929926500553,0.9735594369129266,0.9524007365794368,1.0
100021768|F|0-13:C>T-13:C>T,,,0.3157894736842105,0.007105591066671634,0.007227923363506099,0.9830750423486609,0.3282059195965443,0.9664365388888215,0.9524007365794368,1.0
100018223|F|0-41:G>A-41:G>A,Vu09 (old8),16423359.0,0.21578947368421053,0.006896058777008033,0.007026016204795161,0.9815033976582015,0.32897569488075895,0.9633489196145936,0.9524007365794368,1.0
100014882|F|0-19:A>G-19:A>G,,,0.3684210526315789,0.006541857981517808,0.0066755413754514105,0.979974149448731,0.32972584596713694,0.9603493335877636,0.9524007365794368,1.0
100019762|F|0-66:A>G-66:A>G,,,0.3473684210526316,0.006107278318718533,0.006241743180784264,0.9784571620185059,0.3304710947295231,0.9573784179053086,0.9524007365794368,1.0
100040510|F|0-32:T>C-32:T>C,,,0.42105263157894735,0.006927063688118432,0.007094703525631623,0.9763711285598411,0.33149770671707773,0.9533005806852177,0.9524007365794368,1.0
100017877|F|0-34:T>G-34:T>G,,,0.3368421052631579,-0.006862833731074178,0.0070295764337412565,-0.9762798364540529,0.33154268267110154,0.9531223190667523,0.9524007365794368,1.0
100044919|F|0-41:G>A-41:G>A,,,0.2631578947368421,0.006247012145478394,0.006398904105441982,0.9762628166541188,0.33155106808654866,0.9530890871814337,0.9524007365794368,1.0
100029251|F|0-32:C>A-32:C>A,,,0.4842105263157895,-0.0066223594331514795,0.0067837528283724614,-0.9762088331777113,0.33157766590650695,0.9529836859741887,0.9524007365794368,1.0
100019377|F|0-46:G>A-46:G>A,,,0.18421052631578946,0.00915780262963053,0.009381247392839579,0.9761817641245024,0.33159100343774645,0.9529308366092256,0.9524007365794368,1.0
100041134|F|0-8:G>C-8:G>C,,,0.12105263157894737,0.008813232377504872,0.009040419935775633,0.9748698003096391,0.33223786022161317,0.9503711275557556,0.9524007365794368,1.0
100013722|F|0-6:A>G-6:A>G,,,0.11578947368421053,-0.009121824680001991,0.009373561035882261,-0.9731439999252561,0.3330900183482037,0.9470092445905269,0.9524007365794368,1.0
100013004|F|0-22:T>A-22:T>A,,,0.19473684210526315,0.0077213434641092505,0.007941201039773194,0.9723143168693508,0.3335002057337937,0.9453951307891123,0.9524007365794368,1.0
100020887|F|0-26:A>G-26:A>G,,,0.14736842105263157,-0.007840546544723829,0.008065670886677312,-0.9720885782327991,0.333611866083104,0.9449562039306648,0.9524007365794368,1.0
100046183|F|0-19:T>A-19:T>A,,,0.07894736842105263,-0.01089886444883852,0.011220105309255778,-0.9713691759958565,0.3339678779466522,0.9435580760748692,0.9524007365794368,1.0
100030229|F|0-11:A>T-11:A>T,,,0.33870967741935487,-0.006294963733274606,0.006481971194912133,-0.9711496000191556,0.33407658950385943,0.943131545617366,0.9524007365794368,1.0
100030017|F|0-30:G>A-30:G>A,,,0.17894736842105263,-0.007776146747680941,0.008016079241212115,-0.9700685975885022,0.3346121295409072,0.9410330840273233,0.9524007365794368,1.0
100018738|F|0-46:T>C-46:T>C,,,0.4052631578947368,0.005949715533808679,0.0061336215522832605,0.970016732055123,0.33463783841017775,0.9409324604669002,0.9524007365794368,1.0
100035152|F|0-15:C>A-15:C>A,,,0.4894736842105263,-0.006781852094339095,0.00699210393792182,-0.9699301032351051,0.3346807817400344,0.9407644051616616,0.9524007365794368,1.0
100021703|F|0-41:T>C-41:T>C,Vu07 (old2),38780837.0,0.2578947368421053,-0.0076405680837621694,0.007908574194519798,-0.9661119559397519,0.3365770866118304,0.933372311409733,0.9524007365794368,1.0
100028644|F|0-13:T>C-13:T>C,,,0.4,0.006295859779351248,0.006558292525939071,0.9599845927046009,0.3396349342731909,0.9215704182302185,0.9524007365794368,1.0
100019661|F|0-30:A>T-30:A>T,,,0.3631578947368421,0.0060495292771707765,0.006326607206328572,0.9562043414232148,0.3415304668313295,0.9143267425566038,0.9524007365794368,1.0
100029349|F|0-21:A>C-21:A>C,,,0.13157894736842105,0.009196295966212305,0.00962492976433878,0.9554662934045917,0.3419013481817172,0.9129158378323092,0.9524007365794368,1.0
100033853|F|0-49:A>G-49:A>G,Vu06 (old6),26071343.0,0.47368421052631576,0.006694275446036244,0.007009121171598427,0.9550805703234285,0.34209528461562044,0.9121788958093255,0.9524007365794368,1.0
100038720|F|0-23:G>A-23:G>A,,,0.47368421052631576,-0.00684445637353873,0.007173432954564512,-0.9541395893556861,0.3425686974119613,0.9103823559758373,0.9524007365794368,1.0
100033389|F|0-27:G>C-27:G>C,,,0.15789473684210525,0.007440059573234802,0.007797969639309432,0.9541021467600475,0.342587543797335,0.9103109064521311,0.9524007365794368,1.0
100034114|F|0-47:T>A-47:T>A,,,0.17894736842105263,0.007534327520409682,0.007902270035529752,0.9534383773946287,0.3429217578612804,0.9090447394889024,0.9524007365794368,1.0
100029037|F|0-30:A>C-30:A>C,,,0.2736842105263158,-0.006964437329133122,0.007305701546430373,-0.9532879607620989,0.3429975234733221,0.9087579361339609,0.9524007365794368,1.0
100018159|F|0-67:G>A-67:G>A,,,0.09473684210526316,-0.009269963020083625,0.009754394674128215,-0.9503370870024915,0.34448609275997777,0.9031405789323812,0.9524007365794368,1.0
100021017|F|0-55:C>T-55:C>T,,,0.33157894736842103,0.006287634645846988,0.0066198061747680965,0.9498215627238142,0.3447465785917901,0.9021610010151085,0.9524007365794368,1.0
100019303|F|0-21:A>G-21:A>G,Vu04 (old11),37777897.0,0.10526315789473684,0.009245923730508972,0.009738608978951761,0.949409073769402,0.34495509436926075,0.9013775893556738,0.9524007365794368,1.0
100033333|F|0-30:G>A-30:G>A,Vu03 (old3),53692049.0,0.12105263157894737,0.009259729802726473,0.009765325409649358,0.9482254215078902,0.34555389201338704,0.8991314499938161,0.9524007365794368,1.0
100015479|F|0-29:T>C-29:T>C,,,0.4631578947368421,-0.005811277832799462,0.006136113776895566,-0.9470616165366401,0.3461433054739656,0.896925705516994,0.9524007365794368,1.0
100018699|F|0-47:A>G-47:A>G,,,0.16304347826086954,-0.007003253980485526,0.007405485889862089,-0.945684602555626,0.3468415399332069,0.8943193675107923,0.9524007365794368,1.0
100015098|F|0-61:T>G-61:T>G,,,0.08152173913043478,0.008634254544165677,0.009131449097456912,0.9455514072317719,0.34690912682834313,0.8940674637179841,0.9524007365794368,1.0
100047410|F|0-24:C>T-24:C>T,,,0.11702127659574468,-0.007876331646457494,0.008367973891696493,-0.9412471583202651,0.34909780574813803,0.8859462130459741,0.9524007365794368,1.0
100033357|F|0-30:G>A-30:G>A,,,0.11052631578947368,-0.009005627326849822,0.009569880633673587,-0.9410386264549294,0.34920406864250253,0.8855536964801802,0.9524007365794368,1.0
100033716|F|0-51:T>C-51:T>C,,,0.10526315789473684,0.008354426601482024,0.00888373744766681,0.9404179998223829,0.3495204488082387,0.8843860143899315,0.9524007365794368,1.0
100014420|F|0-6:A>T-6:A>T,,,0.19473684210526315,-0.008114531589971413,0.008644469427179866,-0.9386963142535704,0.35039908981520745,0.8811507703932377,0.9524007365794368,1.0
100038935|F|0-11:A>T-11:A>T,,,0.1368421052631579,-0.009409133251443977,0.010029193118136331,-0.9381745012396794,0.3506656716702111,0.8801713947763211,0.9524007365794368,1.0
100021971|F|0-12:T>C-12:T>C,,,0.11702127659574468,-0.007320901553985515,0.007807787964864739,-0.9376409281258371,0.35093839664205306,0.8791705100966812,0.9524007365794368,1.0
100053824|F|0-47:A>G-47:A>G,,,0.24736842105263157,-0.00752971472629314,0.008041285678065587,-0.9363819453439055,0.351582441544722,0.8768111475660368,0.9524007365794368,1.0
100060051|F|0-42:G>A-42:G>A,,,0.2789473684210526,-0.006653767030761277,0.00712557101567045,-0.9337872033172375,0.35291220657885775,0.8719585410790279,0.9524007365794368,1.0
100034562|F|0-29:C>T-29:C>T,,,0.35789473684210527,0.007668286165283093,0.008229889742542414,0.9317604980348342,0.353953108655974,0.8681776256981223,0.9524007365794368,1.0
100018760|F|0-65:A>G-65:A>G,,,0.49473684210526314,0.00675087867199866,0.007250245787725622,0.9311241121546016,0.35428035862832574,0.8669921122356951,0.9524007365794368,1.0
100029094|F|0-17:C>T-17:C>T,,,0.2925531914893617,-0.006119070449947712,0.006577518481131338,-0.9303007612219171,0.3547040402519492,0.8654595063300784,0.9524007365794368,1.0
100021054|F|0-18:A>G-18:A>G,,,0.3010752688172043,-0.005555937940643778,0.005979565842440751,-0.9291540702185735,0.3552946485949919,0.8633272862037419,0.9524007365794368,1.0
100020752|F|0-41:T>G-41:T>G,,,0.4473684210526316,0.006541317532827167,0.0070465026893404,0.928306966053181,0.3557313583594175,0.8617538232228616,0.9524007365794368,1.0
100013459|F|0-42:G>A-42:G>A,,,0.05789473684210526,0.012468537985275564,0.013441213722975747,0.9276348283907174,0.3560781120122963,0.8605063748434758,0.9524007365794368,1.0
100022289|F|0-10:A>G-10:A>G,,,0.14210526315789473,0.008309020778878039,0.00896739361791697,0.9265814720429475,0.3566219708615531,0.8585532243332755,0.9524007365794368,1.0
100038797|F|0-19:T>G-19:T>G,,,0.24210526315789474,-0.00688095637608073,0.0074434523370650865,-0.9244307700899249,0.3577340522987681,0.8545722486890516,0.9524007365794368,1.0
100020878|F|0-38:C>T-38:C>T,,,0.24736842105263157,-0.006268216043034196,0.006792481934438965,-0.9228167411463168,0.3585700878110642,0.8515907377399083,0.9524007365794368,1.0
100022149|F|0-63:C>T-63:C>T,,,0.10526315789473684,-0.00992827877674747,0.010785595817135497,-0.9205127788094958,0.3597656578661216,0.8473437759515797,0.9524007365794368,1.0
100016549|F|0-30:A>G-30:A>G,,,0.07894736842105263,0.010534507314598632,0.011469016911462465,0.9185187706951712,0.3608024392725842,0.8436767321193684,0.9524007365794368,1.0
100022102|F|0-51:T>G-51:T>G,,,0.5,-0.00545693702343869,0.005941847341979144,-0.9183906467750251,0.3608691222086212,0.843441380083849,0.9524007365794368,1.0
100017631|F|0-51:G>A-51:G>A,Vu03 (old3),64729430.0,0.14736842105263157,-0.0076032455307113765,0.008291775268197566,-0.9169623252903405,0.36161303372462916,0.8408199060018682,0.9524007365794368,1.0
100034117|F|0-53:T>C-53:T>C,,,0.05172413793103449,-0.011392178566184304,0.012436450716162327,-0.9160313361254353,0.36209844583181394,0.8391134087637502,0.9524007365794368,1.0
100034184|F|0-46:T>C-46:T>C,,,0.1947368421052632,0.007700785291032921,0.008409573686831116,0.9157164890643488,0.3622626990612883,0.8385366883443376,0.9524007365794368,1.0
100018106|F|0-5:T>C-5:T>C,Vu07 (old2),35385132.0,0.2789473684210526,0.006362808137344282,0.006962053548583722,0.9139269172439296,0.3631972057837132,0.8352624100629925,0.9524007365794368,1.0
100051794|F|0-60:T>C-60:T>C,Vu09 (old8),3361921.0,0.42105263157894735,0.005780217592415799,0.006338571038255889,0.9119117790949732,0.3642513366092978,0.8315830928521593,0.9524007365794368,1.0
100021959|F|0-60:G>A-60:G>A,Vu02 (old7),21244140.0,0.2631578947368421,0.0070743421954426915,0.007761566607487108,0.9114580281535569,0.36448896440397677,0.8307557370855702,0.9524007365794368,1.0
100017261|F|0-49:C>T-49:C>T,,,0.07894736842105263,-0.010110905646315461,0.011103459991729861,-0.9106085538963818,0.3649340958825406,0.8292079384292598,0.9524007365794368,1.0
100021995|F|0-64:T>A-64:T>A,,,0.26842105263157895,-0.006733251238191073,0.007395380532871353,-0.9104671772145848,0.3650082119220745,0.8289504807850941,0.9524007365794368,1.0
100034576|F|0-39:C>T-39:C>T,,,0.35789473684210527,-0.0056429051953043935,0.006202332616845022,-0.9098037051380847,0.3653561616237966,0.827742781882987,0.9524007365794368,1.0
100034591|F|0-27:A>G-27:A>G,,,0.11702127659574468,0.007735006772380672,0.00850522444350325,0.9094418170574072,0.3655460380597972,0.8270844186126786,0.9524007365794368,1.0
100035290|F|0-26:T>C-26:T>C,,,0.13157894736842105,0.007254761304267127,0.007982422108493616,0.9088421040210053,0.36586083502001865,0.8259939700413278,0.9524007365794368,1.0
100034723|F|0-16:A>C-16:A>C,,,0.2789473684210526,-0.006158744546411983,0.006785654532445607,-0.907612451674919,0.3665068328215988,0.8237603624353572,0.9524007365794368,1.0
100015679|F|0-19:G>A-19:G>A,,,0.07368421052631578,0.009699762161523852,0.010690671557114461,0.9073108372755896,0.36666539632200834,0.8232129554377314,0.9524007365794368,1.0
100040243|F|0-44:T>G-44:T>G,,,0.3526315789473684,-0.005745308540233956,0.006332755645706362,-0.9072367325793317,0.3667043609969873,0.8230784889412218,0.9524007365794368,1.0
100043219|F|0-41:C>T-41:C>T,,,0.32105263157894737,0.007694933874600603,0.008522114553538816,0.9029371555918917,0.3689695963250951,0.815295506948376,0.9524007365794368,1.0
100021520|F|0-23:T>C-23:T>C,,,0.13157894736842105,-0.009372741321201684,0.010398620313013677,-0.9013447014188868,0.3698108230087838,0.8124222707759021,0.9524007365794368,1.0
100017065|F|0-46:G>A-46:G>A,,,0.12631578947368421,-0.009237174875118588,0.010260183352611207,-0.9002933532145637,0.37036686972528543,0.8105281218423231,0.9524007365794368,1.0
100019372|F|0-56:G>A-56:G>A,,,0.14516129032258063,0.010061251309669077,0.01125035692663177,0.8943050762995927,0.3735440634950793,0.7997815694952203,0.9524007365794368,1.0
100034940|F|0-27:A>C-27:A>C,,,0.3,0.006529667799857685,0.007311007406731118,0.8931283250849852,0.37417042191726013,0.797678205069111,0.9524007365794368,1.0
100015622|F|0-52:A>G-52:A>G,,,0.3,0.0064656062236917115,0.007252855210377209,0.8914566796316131,0.3750613363766017,0.7946950116598205,0.9524007365794368,1.0
100014460|F|0-15:A>T-15:A>T,,,0.3894736842105263,-0.00628254611003062,0.007060171632426964,-0.8898574194960425,0.3759149190013748,0.7918462270321557,0.9524007365794368,1.0
100017698|F|0-34:C>A-34:C>A,,,0.08421052631578947,0.008467745940184415,0.00952704410960355,0.8888114553441261,0.376473846718331,0.7899858031509435,0.9524007365794368,1.0
100038653|F|0-19:G>C-19:G>C,Vu03 (old3),39667683.0,0.12105263157894737,-0.008438942370714832,0.009513215138497013,-0.8870757412565039,0.3774025030824642,0.7869033707257759,0.9524007365794368,1.0
100015684|F|0-29:T>C-29:T>C,,,0.09473684210526316,0.009527990070385827,0.010744537997444929,0.8867752222246876,0.37756343498688105,0.7863702947516441,0.9524007365794368,1.0
100029816|F|0-31:C>A-31:C>A,,,0.09473684210526316,0.009527990070385827,0.010744537997444929,0.8867752222246876,0.37756343498688105,0.7863702947516441,0.9524007365794368,1.0
100033142|F|0-41:A>C-41:A>C,,,0.43010752688172044,0.00587951519897255,0.0066318415771704975,0.8865584514582252,0.3776795452821322,0.7859858878520063,0.9524007365794368,1.0
100028764|F|0-26:A>T-26:A>T,,,0.4368421052631579,-0.006038258712002006,0.006818679562848066,-0.8855466305971872,0.3782218091506076,0.7841928349620311,0.9524007365794368,1.0
100038486|F|0-9:G>A-9:G>A,,,0.06315789473684211,-0.01184769550365326,0.013395076098788955,-0.8844813882561224,0.3787932296403629,0.7823073261714776,0.9524007365794368,1.0
100035901|F|0-29:T>A-29:T>A,,,0.3924731182795699,-0.005422459070437542,0.006144518366105458,-0.8824872426696685,0.37986438654426713,0.7787837334747144,0.9524007365794368,1.0
100014472|F|0-31:C>A-31:C>A,,,0.49473684210526314,0.00547555433934105,0.00620657982956144,0.882217660886504,0.3800093377554969,0.7783080011800546,0.9524007365794368,1.0
100020726|F|0-7:G>A-7:G>A,Vu08 (old5),37188871.0,0.1631578947368421,0.006829988826899559,0.007743854869080923,0.8819882270998932,0.3801327290474544,0.7779032327428128,0.9524007365794368,1.0
100019409|F|0-55:T>C-55:T>C,Vu08 (old5),17257027.0,0.2,-0.009325338367349877,0.010610120357176617,-0.8789097628890024,0.3817907720547046,0.7724823713016024,0.9524007365794368,1.0
100014449|F|0-27:C>G-27:C>G,,,0.3526315789473684,-0.0054235822733791844,0.0061772484176585525,-0.8779932271907821,0.3822852830240523,0.7708721069928843,0.9524007365794368,1.0
100040444|F|0-34:C>A-34:C>A,Vu02 (old7),25326701.0,0.11052631578947368,-0.00791264253665839,0.009022634957669343,-0.876976911266099,0.382834096415454,0.7690885028938272,0.9524007365794368,1.0
100020699|F|0-40:A>G-40:A>G,,,0.3684210526315789,0.005845186698712102,0.0066693980633780086,0.876418927640308,0.3831356177361511,0.7681101367261876,0.9524007365794368,1.0
100035052|F|0-17:C>T-17:C>T,,,0.08522727272727272,0.00987412647586993,0.011290425631162912,0.8745575054864337,0.3841425561000966,0.7648508304026536,0.9524007365794368,1.0
100035377|F|0-67:C>G-67:C>G,,,0.22631578947368422,0.0060269825356294325,0.006895809999227091,0.8740064671597623,0.3844409564507713,0.7638873046370886,0.9524007365794368,1.0
100013794|F|0-60:G>A-60:G>A,,,0.4421052631578947,-0.006512348659206137,0.007456201938192951,-0.8734136646498121,0.384762134019107,0.7628514295970144,0.9524007365794368,1.0
100019249|F|0-36:C>A-36:C>A,,,0.45263157894736844,0.0064420109237664286,0.0073853942168344905,0.8722636510157189,0.38538568147312985,0.7608438768832718,0.9524007365794368,1.0
100041891|F|0-46:G>A-46:G>A,,,0.10526315789473684,0.008271380937489843,0.009496214540870983,0.871018751934305,0.3860613838853466,0.7586736662211944,0.9524007365794368,1.0
100017549|F|0-22:C>T-22:C>T,,,0.3631578947368421,0.006775409055178006,0.007780385029847579,0.8708321026768953,0.38616275615227097,0.7583485510526626,0.9524007365794368,1.0
100034899|F|0-59:G>C-59:G>C,,,0.42105263157894735,-0.005939231034490333,0.006821212415139091,-0.870700202988654,0.38623440299543943,0.7581188434844833,0.9524007365794368,1.0
100048771|F|0-11:G>A-11:G>A,Vu11 (old9),32286941.0,0.18421052631578946,0.007158036532291258,0.00822539534136751,0.8702361692321042,0.38648652794690397,0.7573109902397676,0.9524007365794368,1.0
100028230|F|0-30:T>C-30:T>C,,,0.09883720930232553,-0.006956422425221445,0.007998833379635273,-0.8696796263980486,0.386789050819795,0.7563426525718494,0.9524007365794368,1.0
100017265|F|0-28:G>A-28:G>A,Vu03 (old3),52001826.0,0.4263157894736842,-0.005327502019171394,0.006140610981286102,-0.8675850066723476,0.3879289503827276,0.7527037438026575,0.9524007365794368,1.0
100043126|F|0-48:T>A-48:T>A,Vu09 (old8),11448295.0,0.1631578947368421,0.007047693613911613,0.008137642471103265,0.8660608571755204,0.3887597048684668,0.7500614083315972,0.9524007365794368,1.0
100014467|F|0-44:T>A-44:T>A,,,0.06315789473684211,0.009202251701796156,0.01062775920092827,0.865869420619955,0.38886412726539515,0.7497298535647365,0.9524007365794368,1.0
100038530|F|0-18:T>G-18:T>G,,,0.42105263157894735,0.005712704294157071,0.00660224392185857,0.8652670761290067,0.38919279976619153,0.7486871130328402,0.9524007365794368,1.0
100016704|F|0-41:C>T-41:C>T,,,0.39473684210526316,-0.0059087563941165626,0.0068330932463551396,-0.8647264395621075,0.3894879473261508,0.7477518152777591,0.9524007365794368,1.0
100016627|F|0-41:T>C-41:T>C,,,0.11578947368421053,-0.0067827598880810195,0.007844360549556468,-0.8646670235554799,0.38952039251030046,0.7476490616242928,0.9524007365794368,1.0
100014346|F|0-43:T>C-43:T>C,Vu08 (old5),21386181.0,0.1,-0.00798526377289281,0.009244484513112999,-0.8637868084008334,0.39000124569511857,0.7461276503672981,0.9524007365794368,1.0
100022089|F|0-61:C>T-61:C>T,,,0.05813953488372093,0.009675394159734176,0.011216057703394436,0.8626376945979876,0.3906295475892202,0.7441437921413309,0.9524007365794368,1.0
100041895|F|0-45:G>A-45:G>A,,,0.07894736842105263,-0.009083377085816179,0.01053250819116586,-0.8624134841342787,0.39075221219108824,0.7437570176166257,0.9524007365794368,1.0
100028702|F|0-38:A>G-38:A>G,,,0.41578947368421054,0.006303909946340103,0.00731287381687931,0.8620290879065419,0.39096256910181204,0.7430941483969845,0.9524007365794368,1.0
100034117|F|0-6:C>A-6:C>A,,,0.28421052631578947,-0.00572452162178113,0.006644597794367443,-0.8615301932396492,0.3912356883646334,0.7422342738635472,0.9524007365794368,1.0
100014556|F|0-12:G>A-12:G>A,,,0.3684210526315789,0.006391056107267873,0.007437698940325229,0.8592786772555776,0.39246974255426664,0.7383598451860951,0.9524007365794368,1.0
100019659|F|0-63:G>T-63:G>T,,,0.10526315789473684,0.008884962380932997,0.010342619395287765,0.8590630710998709,0.39258804189138574,0.7379893601275418,0.9524007365794368,1.0
100014032|F|0-46:C>T-46:C>T,,,0.32105263157894737,-0.005760078421094044,0.0067142441706415645,-0.8578893282255555,0.3932324395718177,0.735974099483295,0.9524007365794368,1.0
100054560|F|0-33:A>G-33:A>G,,,0.09042553191489362,0.009477605531077595,0.01105122155397533,0.8576070513823264,0.39338750977491765,0.7354898545806883,0.9524007365794368,1.0
100013713|F|0-9:G>T-9:G>T,,,0.3526315789473684,-0.00556160968840906,0.006493814966448523,-0.8564472066334087,0.39402507149810284,0.7335018177501686,0.9524007365794368,1.0
100034507|F|0-30:A>G-30:A>G,,,0.17894736842105263,0.006820432389974657,0.007971515021418043,0.8556005190543289,0.39449089335417903,0.732052248206037,0.9524007365794368,1.0
100034493|F|0-32:C>T-32:C>T,,,0.14736842105263157,0.0075870277954583915,0.00886931652666779,0.855424177572885,0.39458795369876126,0.7317505235762467,0.9524007365794368,1.0
100033949|F|0-43:T>C-43:T>C,,,0.4842105263157894,-0.00579184454587843,0.00677278616438144,-0.8551642419095038,0.39473105200397995,0.7313058806406564,0.9524007365794368,1.0
100012937|F|0-46:C>T-46:C>T,,,0.07894736842105263,0.0095978842370461,0.01122425407685055,0.8551021895380332,0.39476521744079124,0.7311997545527384,0.9524007365794368,1.0
100021489|F|0-26:C>G-26:C>G,,,0.3894736842105263,0.005317689645354667,0.006220298159953788,0.8548930467015062,0.394880382859542,0.7308421212985837,0.9524007365794368,1.0
100035177|F|0-15:C>A-15:C>A,,,0.4473684210526315,0.0054253386659846355,0.006346245611285781,0.8548894887296105,0.3948823422510227,0.7308360379403748,0.9524007365794368,1.0
100035464|F|0-52:G>A-52:G>A,,,0.05789473684210526,-0.010524027642116004,0.012321844983003193,-0.8540951177873845,0.3953199556182449,0.7294784702282461,0.9524007365794368,1.0
100022176|F|0-8:G>A-8:G>A,,,0.05789473684210526,-0.010900516177715711,0.01277805953669521,-0.8530650640977457,0.39588784852172176,0.7277200035840911,0.9524007365794368,1.0
100046610|F|0-39:T>C-39:T>C,,,0.2789473684210526,0.0076267476194429844,0.008950806732100986,0.8520737680650143,0.39643484623679226,0.7260297062245118,0.9524007365794368,1.0
100014336|F|0-17:A>G-17:A>G,,,0.3631578947368421,0.0060419311923741005,0.007091861862602039,0.8519527466031729,0.39650165770621637,0.7258234824446901,0.9524007365794368,1.0
100035727|F|0-32:C>A-32:C>A,Vu08 (old5),17172753.0,0.22631578947368422,-0.008121074142887975,0.009535079902222608,-0.8517048861850617,0.3966385138357147,0.7254012131515089,0.9524007365794368,1.0
100017865|F|0-21:A>G-21:A>G,,,0.13157894736842105,0.007489347264249782,0.008801400094305765,0.8509268052812596,0.3970683194832887,0.7240764279461708,0.9524007365794368,1.0
100040460|F|0-10:G>A-10:G>A,,,0.43157894736842106,0.006535780700372939,0.007685558032644915,0.85039767738553,0.39736076860013436,0.7231762097027039,0.9524007365794368,1.0
100041722|F|0-10:C>T-10:C>T,,,0.1631578947368421,0.006496138127493068,0.0076516969835630205,0.8489800552018376,0.3981449393567289,0.7207671341305153,0.9524007365794368,1.0
100046760|F|0-25:T>G-25:T>G,,,0.37894736842105264,0.005290870569268417,0.006234418132675089,0.8486550720007914,0.39832484028715603,0.7202154312326684,0.9524007365794368,1.0
100017220|F|0-61:C>T-61:C>T,,,0.3894736842105263,0.005712961831431741,0.006742313292994952,0.8473296305241891,0.39905908028838566,0.7179675027642588,0.9524007365794368,1.0
100019141|F|0-40:G>A-40:G>A,,,0.1631578947368421,0.00644755500028745,0.007620211313024136,0.8461123629560728,0.39973412548687143,0.7159061307471092,0.9524007365794368,1.0
100035865|F|0-64:G>A-64:G>A,,,0.3932584269662921,0.004481119455759938,0.005307758326340012,0.844258381833657,0.4007636057985721,0.7127722152963849,0.9524007365794368,1.0
100030406|F|0-17:T>A-17:T>A,,,0.05263157894736842,0.009716152879765447,0.011513184786394107,0.8439153075392022,0.4009542858096509,0.7121930462989862,0.9524007365794368,1.0
100041652|F|0-42:T>C-42:T>C,,,0.3526315789473684,-0.008223097722868002,0.009746468407693531,-0.843700238783616,0.4010738488423775,0.7118300929235306,0.9524007365794368,1.0
100044743|F|0-7:G>A-7:G>A,,,0.08522727272727273,-0.011026134325194371,0.013134155065480964,-0.8395008487582982,0.40341277285177607,0.7047616750659031,0.9565271558974303,1.0
100017864|F|0-18:T>C-18:T>C,,,0.18421052631578946,0.006585893897053323,0.007868111119388599,0.8370362081979706,0.40478935756737944,0.7006296138344364,0.9580297521870158,1.0
100044913|F|0-36:G>T-36:G>T,,,0.12637362637362637,-0.00703468542750477,0.008412570396544467,-0.8362111811146716,0.40525080026515503,0.6992491394211942,0.9580297521870158,1.0
100021067|F|0-49:G>A-49:G>A,Vu03 (old3),51946113.0,0.4421052631578948,-0.005475104942447037,0.00656461776346914,-0.8340325575260396,0.40647085341095296,0.6956103070134265,0.959488320143659,1.0
100055640|F|0-33:G>T-33:G>T,,,0.38421052631578945,0.006444668957422063,0.007739641488511053,0.8326831374539396,0.40722766014223033,0.6933612074001365,0.959850677461168,1.0
100016869|F|0-59:G>C-59:G>C,,,0.1368421052631579,-0.007181765705687184,0.008636654397758316,-0.8315448754729892,0.4078667050994355,0.691466879925389,0.9599348044573992,1.0
100052450|F|0-8:A>G-8:A>G,,,0.08064516129032258,0.009336481485225614,0.011262492132239853,0.8289889462829574,0.409303871355708,0.687222673059328,0.9617225348382871,1.0
100038773|F|0-28:C>G-28:C>G,,,0.45263157894736844,0.004928662880269007,0.005955682348428937,0.8275563725404446,0.41011072711254004,0.6848495497322991,0.9617225348382871,1.0
100017716|F|0-8:C>T-8:C>T,,,0.05263157894736842,-0.011019040092934139,0.013324550783404384,-0.8269727266646963,0.41043972417045693,0.6838838906472425,0.9617225348382871,1.0
100058672|F|0-30:C>T-30:C>T,,,0.18681318681318682,-0.007995945335223483,0.009697143128323779,-0.8245671152226914,0.4117974323008276,0.6799109275066713,0.9634136267906682,1.0
100034020|F|0-16:G>A-16:G>A,,,0.35789473684210527,0.00564779936339225,0.00687315404381602,0.821718722930958,0.4134085403396226,0.6752216596152846,0.9634136267906682,1.0
100032869|F|0-50:G>A-50:G>A,,,0.09550561797752809,-0.010212409227690867,0.012436195142907756,-0.8211843823884435,0.413711196285021,0.6743437898786894,0.9634136267906682,1.0
100015812|F|0-66:A>T-66:A>T,,,0.46842105263157896,-0.005769597837370263,0.0070396042814261355,-0.8195912165962566,0.41461437284290753,0.671729762321732,0.9634136267906682,1.0
100033264|F|0-61:C>T-61:C>T,,,0.07368421052631578,0.009126343275765236,0.011161600841140243,0.8176554067519324,0.4157133904211071,0.668560364190668,0.9634136267906682,1.0
100034541|F|0-64:G>T-64:G>T,,,0.07368421052631578,-0.007727900538012384,0.009476793665325361,-0.8154551856803633,0.4169646437402383,0.6649671598529958,0.9634136267906682,1.0
100042005|F|0-34:A>G-34:A>G,,,0.24736842105263157,-0.00533739772228962,0.006551840746157433,-0.8146409427640519,0.4174282709490192,0.6636398656275032,0.9634136267906682,1.0
100015734|F|0-6:T>C-6:T>C,,,0.34042553191489366,-0.005383630027762025,0.006614234929880618,-0.8139459944854416,0.417824216422572,0.6625080819388945,0.9634136267906682,1.0
100032829|F|0-7:T>A-7:T>A,,,0.28421052631578947,0.006261815294656729,0.007728557259798887,0.8102178820914467,0.41995213872100157,0.6564530164607495,0.9634136267906682,1.0
100019344|F|0-54:A>C-54:A>C,,,0.1,0.007696290105524766,0.009500980230044496,0.8100522176845664,0.4200468462398051,0.6561845953756841,0.9634136267906682,1.0
100034109|F|0-45:G>A-45:G>A,,,0.4105263157894737,0.005959360022235121,0.007378777690534972,0.8076351222614296,0.42143010914259216,0.6522744907102344,0.9634136267906682,1.0
100039949|F|0-62:A>T-62:A>T,,,0.5,0.0062835061335298065,0.00778813329474192,0.8068051605860486,0.42190570812803463,0.6509345671482796,0.9634136267906682,1.0
100016887|F|0-60:G>T-60:G>T,,,0.06842105263157895,0.009857569872568283,0.01223050277783324,0.8059823910456324,0.42237750141046787,0.6496076146756347,0.9634136267906682,1.0
100013074|F|0-31:T>C-31:T>C,,,0.12105263157894737,-0.0064603337470996785,0.008027854792975561,-0.8047397360441202,0.42309066136592316,0.6476060427683602,0.9634136267906682,1.0
100020777|F|0-46:A>G-46:A>G,,,0.45789473684210524,0.004663609289774055,0.005802918985661758,0.8036661034381515,0.42370739613187464,0.6458792058154615,0.9634136267906682,1.0
100041553|F|0-26:T>A-26:T>A,,,0.06842105263157895,0.008844227999583875,0.011023599686286353,0.8022994531075296,0.4244932243742098,0.6436844124566411,0.9634136267906682,1.0
100040575|F|0-64:T>C-64:T>C,,,0.3368421052631579,-0.005790220356697317,0.007227422070837413,-0.8011460102850236,0.4251571311401338,0.6418349297956112,0.9634136267906682,1.0
100014140|F|0-33:C>G-33:C>G,,,0.08241758241758242,-0.007661060920856079,0.009564578198634028,-0.8009826216853136,0.42525122533760434,0.6415731602418783,0.9634136267906682,1.0
100018462|F|0-57:G>T-57:G>T,,,0.09473684210526316,-0.007808408509537942,0.009765593357447568,-0.7995836221854342,0.42605740410871734,0.6393339688671792,0.9634136267906682,1.0
100045385|F|0-50:G>A-50:G>A,,,0.23684210526315788,0.005674398602058743,0.00709739532611711,0.7995043732702896,0.42610309871366925,0.6392072428783185,0.9634136267906682,1.0
100016225|F|0-50:A>C-50:A>C,,,0.3225806451612903,0.005398195739765123,0.00676363348457884,0.7981206776022192,0.4269014004264671,0.6369966160162255,0.9634136267906682,1.0
100016501|F|0-17:C>T-17:C>T,,,0.39473684210526316,0.005673119417517519,0.007129870917756993,0.7956833276446248,0.4283097452586567,0.6331119578916233,0.9634136267906682,1.0
100020395|F|0-36:T>C-36:T>C,,,0.17894736842105263,0.0063898021110183395,0.008044524929457043,0.7943044700651593,0.42910768997395393,0.6309195911654935,0.9634136267906682,1.0
100021654|F|0-23:G>T-23:G>T,,,0.15789473684210525,0.006986040630445185,0.008804720890868745,0.7934425993776034,0.4296069003794676,0.6295511585070881,0.9634136267906682,1.0
100013943|F|0-53:A>T-53:A>T,,,0.06315789473684211,-0.009305358231652851,0.011781089642846422,-0.7898554814327505,0.43168830306954786,0.6238716815493621,0.9634136267906682,1.0
100043997|F|0-34:A>G-34:A>G,,,0.19473684210526315,-0.00634975857186612,0.008043995413891865,-0.7893786912036496,0.4319654043146037,0.6231187181263868,0.9634136267906682,1.0
100018973|F|0-53:T>G-53:T>G,,,0.13157894736842105,0.007519504260130398,0.009555412874438264,0.7869366147689822,0.4333863335331559,0.6192692356640656,0.9634136267906682,1.0
100016381|F|0-40:C>G-40:C>G,Vu08 (old5),3031274.0,0.2736842105263158,0.005306336030550258,0.006755826853208176,0.7854458300733994,0.4342551003382325,0.6169251519796914,0.9634136267906682,1.0
100020012|F|0-39:A>C-39:A>C,,,0.08947368421052632,-0.008130524506020554,0.010376996720549744,-0.78351422140469,0.435382281000265,0.6138945351433975,0.9634136267906682,1.0
100035442|F|0-6:A>T-6:A>T,,,0.35106382978723405,0.0052203547671164086,0.006705272957945625,0.7785447065104761,0.4382900925408639,0.6061318600354835,0.9634136267906682,1.0
100028302|F|0-21:C>T-21:C>T,,,0.42307692307692313,-0.004719332604285469,0.006063875560441652,-0.7782700283417003,0.4384511453578431,0.6057042370149911,0.9634136267906682,1.0
100017140|F|0-53:T>C-53:T>C,,,0.11052631578947368,0.008225971684926899,0.010570656744025827,0.7781892728260178,0.438498501543057,0.6055785443414864,0.9634136267906682,1.0
100028772|F|0-54:C>T-54:C>T,,,0.2736842105263158,0.005453932828635152,0.007012089008848946,0.7777900168911903,0.4387326748306807,0.6049573103755981,0.9634136267906682,1.0
100019870|F|0-67:G>A-67:G>A,,,0.18421052631578946,0.005997879217778966,0.007713444819427832,0.7775876224163975,0.4388514119999596,0.6046425105351859,0.9634136267906682,1.0
100034716|F|0-53:A>G-53:A>G,,,0.3263157894736842,-0.005804446035014055,0.007484975328445464,-0.7754796482702055,0.4400891959916209,0.6013686848812817,0.9634136267906682,1.0
100034728|F|0-40:G>C-40:G>C,,,0.23157894736842105,-0.005179674226354757,0.006684542468014866,-0.7748734114771785,0.44044554962025334,0.6004288038142808,0.9634136267906682,1.0
100021541|F|0-63:C>G-63:C>G,,,0.12105263157894737,0.006896067401467903,0.008903405910929,0.7745426267719555,0.440640059959443,0.5999162806868008,0.9634136267906682,1.0
100019858|F|0-55:G>C-55:G>C,Vu07 (old2),32970913.0,0.05789473684210526,-0.009264780534067553,0.011967817042837885,-0.7741412239930624,0.4408761628654868,0.5992946346854768,0.9634136267906682,1.0
100034130|F|0-64:A>T-64:A>T,,,0.2578947368421053,0.005706129407746767,0.007389963492510595,0.7721458182479087,0.4420509431122981,0.5962091646377325,0.9634136267906682,1.0
100016750|F|0-47:G>A-47:G>A,,,0.24210526315789474,0.006063837109145213,0.007857575256778162,0.7717186168741278,0.4423026912672418,0.5955496236301169,0.9634136267906682,1.0
100014483|F|0-57:T>A-57:T>A,,,0.24736842105263157,0.005164136066212278,0.006704549838574006,0.7702435197812834,0.44317260131111014,0.5932750797650602,0.9634136267906682,1.0
100013779|F|0-68:G>C-68:G>C,Vu08 (old5),35689785.0,0.21052631578947367,0.005623099799506019,0.00733096920150348,0.7670336138300512,0.4450690131786918,0.5883405647451881,0.9634136267906682,1.0
100044894|F|0-39:G>A-39:G>A,,,0.28421052631578947,0.0076956438809404224,0.010037423452771773,0.766695150119956,0.4452692513119669,0.5878214532174619,0.9634136267906682,1.0
100033672|F|0-41:T>A-41:T>A,Vu02 (old7),6408415.0,0.12105263157894737,-0.007282685406790928,0.009520172828452213,-0.7649740753682246,0.446288261862945,0.5851853359854702,0.9634136267906682,1.0
100015398|F|0-67:C>T-67:C>T,,,0.08421052631578947,0.007728084951161701,0.010114038711995432,0.7640948557964341,0.44680934899191893,0.5838409486545735,0.9634136267906682,1.0
100013630|F|0-30:A>G-30:A>G,,,0.3631578947368421,-0.005596723805909918,0.0073352322962247215,-0.762992033502528,0.4474634561205225,0.5821568431883227,0.9634136267906682,1.0
100016982|F|0-43:C>A-43:C>A,,,0.12105263157894737,-0.0071867098598800945,0.009434680461853303,-0.7617332551894791,0.44821074006837447,0.5802375520615601,0.9634136267906682,1.0
100034540|F|0-15:G>A-15:G>A,,,0.22105263157894736,0.005497993576775921,0.00722985108526224,0.7604573748390696,0.44896891172375464,0.5782954189471292,0.9634136267906682,1.0
100034798|F|0-34:C>G-34:C>G,,,0.0797872340425532,0.009863943090002023,0.012979524555608697,0.7599618189203724,0.44926358735906136,0.5775419662167609,0.9634136267906682,1.0
100017594|F|0-13:G>T-13:G>T,,,0.43157894736842106,0.005031616754041193,0.006621070528195028,0.7599400629572909,0.44927652680427266,0.5775088992875312,0.9634136267906682,1.0
100019346|F|0-50:A>C-50:A>C,,,0.23684210526315788,-0.005301866994918246,0.006998141598895329,-0.7576107056415029,0.4506631642090005,0.573973981302616,0.9634136267906682,1.0
100040928|F|0-53:C>A-53:C>A,,,0.41578947368421054,0.005484685343231372,0.007250175085431368,0.7564900541853667,0.45133115096917464,0.5722772020813791,0.9634136267906682,1.0
100032809|F|0-26:G>A-26:G>A,,,0.08421052631578947,0.008878380048061204,0.011742891360315647,0.7560642243583316,0.451585124629766,0.5716331113545656,0.9634136267906682,1.0
100035150|F|0-22:T>A-22:T>A,,,0.06842105263157895,0.008993829472599123,0.011900194119629023,0.7557716607130016,0.4517596632211786,0.5711908031368884,0.9634136267906682,1.0
100028279|F|0-18:C>T-18:C>T,,,0.25263157894736843,0.007424789374223903,0.009829516746119718,0.7553565008325459,0.4520074072398472,0.5705634433499879,0.9634136267906682,1.0
100014678|F|0-12:C>T-12:C>T,,,0.30526315789473685,-0.005789906049939399,0.007683480855173191,-0.7535524795433216,0.4530848519487679,0.5678413394258881,0.9634136267906682,1.0
100017444|F|0-55:C>A-55:C>A,,,0.23684210526315788,0.005179067480007581,0.006880123341086947,0.7527579409919959,0.45355985424140854,0.5666445177265091,0.9634136267906682,1.0
100034680|F|0-38:A>C-38:A>C,,,0.1,0.007948656343121481,0.010566059081270921,0.7522820270057954,0.4538445086310985,0.5659282481559482,0.9634136267906682,1.0
100014058|F|0-63:C>T-63:C>T,,,0.1,0.007948656343121481,0.010566059081270921,0.7522820270057954,0.4538445086310985,0.5659282481559482,0.9634136267906682,1.0
100020957|F|0-56:G>A-56:G>A,,,0.06842105263157895,0.008883019838176163,0.011808220758303813,0.7522742011686577,0.45384919028858806,0.5659164737439422,0.9634136267906682,1.0
100014666|F|0-59:T>C-59:T>C,,,0.2631578947368421,-0.005474134665046149,0.007281277487460078,-0.75180964802863,0.4541271499369015,0.5652177468689326,0.9634136267906682,1.0
100019087|F|0-12:C>A-12:C>A,,,0.06315789473684211,-0.009015491404056945,0.012042858734212548,-0.7486172181398127,0.456039938598948,0.560427739295392,0.9634136267906682,1.0
100033468|F|0-18:T>A-18:T>A,Vu04 (old11),40488211.0,0.16842105263157894,0.0055333559288704955,0.00740193514102965,0.7475553113399445,0.456677214539787,0.5588389435125612,0.9634136267906682,1.0
100013355|F|0-21:A>G-21:A>G,,,0.3263157894736842,0.004766025942925827,0.006378449029750281,0.7472076551362549,0.45688596194940956,0.5583192798942204,0.9634136267906682,1.0
100033857|F|0-15:C>A-15:C>A,Vu03 (old3),47106161.0,0.08421052631578947,-0.007564465351684667,0.010136119550746763,-0.7462880951445927,0.4574383671369315,0.5569459209545446,0.9634136267906682,1.0
100039160|F|0-18:T>A-18:T>A,,,0.07894736842105263,-0.008000950324669472,0.01072405032206443,-0.7460754178118452,0.4575661825761554,0.5566285290631193,0.9634136267906682,1.0
100033913|F|0-64:C>T-64:C>T,,,0.08421052631578947,-0.007832010492870014,0.010523888923500778,-0.7442125767196611,0.45868658904381826,0.5538523593477175,0.9634136267906682,1.0
100055747|F|0-35:G>C-35:G>C,,,0.05263157894736842,-0.0089762773175501,0.012086878317924776,-0.7426464535709215,0.45962974309117555,0.5515237550014669,0.9634136267906682,1.0
100015288|F|0-54:A>G-54:A>G,,,0.30526315789473685,-0.005446478020296601,0.007344553880528387,-0.741566895538217,0.4602805191415383,0.5499214605581888,0.9634136267906682,1.0
100020066|F|0-27:G>C-27:G>C,,,0.45789473684210524,-0.004420789770924324,0.00596268946149234,-0.7414086880549855,0.4603759333315779,0.5496868427234148,0.9634136267906682,1.0
100019753|F|0-24:T>G-24:T>G,,,0.11052631578947368,0.006549703162576518,0.008842575664766286,0.7407008332056643,0.46080297500013545,0.5486377243115653,0.9634136267906682,1.0
100015478|F|0-48:C>T-48:C>T,,,0.14210526315789473,0.005972091534959928,0.008086245944616738,0.7385493312797061,0.4621023356794537,0.5454551147337011,0.9634136267906682,1.0
100046200|F|0-31:A>C-31:A>C,,,0.3368421052631579,0.005481525794527011,0.0074353193429210086,0.7372280250135916,0.4629013441763665,0.5435051608654409,0.9634136267906682,1.0
100019956|F|0-49:C>A-49:C>A,,,0.4789473684210527,-0.0048315017708829705,0.006565376753058163,-0.7359062476700137,0.46370142058189284,0.5415580053597595,0.9634136267906682,1.0
100015063|F|0-34:T>C-34:T>C,,,0.06451612903225806,0.00765941394462133,0.010420826001647438,0.7350102519138546,0.4642442149907286,0.540240070418468,0.9634136267906682,1.0
100020488|F|0-58:T>G-58:T>G,,,0.23684210526315788,0.004993388841034554,0.006803140143348575,0.7339829454956306,0.46486699967950046,0.5387309642784418,0.9634136267906682,1.0
100018591|F|0-14:C>T-14:C>T,,,0.4789473684210526,-0.0049440633701766205,0.00674112549406954,-0.7334180879032925,0.4652096348952675,0.5379020916637217,0.9634136267906682,1.0
100015576|F|0-58:G>T-58:G>T,,,0.12105263157894737,-0.0066107153783187605,0.00910196895359855,-0.7262950919762423,0.46954258016580086,0.5275045606287783,0.9634136267906682,1.0
100013175|F|0-57:A>T-57:A>T,,,0.38421052631578945,0.0045875147864447305,0.0063231296059096664,0.72551332526178,0.47001950944987986,0.5263695851324054,0.9634136267906682,1.0
100013240|F|0-26:A>G-26:A>G,,,0.14210526315789473,0.006475301448825851,0.008939903602186071,0.7243144598608925,0.47075142480254467,0.5246314367635765,0.9634136267906682,1.0
100018646|F|0-46:C>T-46:C>T,,,0.18947368421052632,-0.0052520175292678955,0.007254532127142236,-0.7239636460658715,0.47096571987895564,0.5241233608249904,0.9634136267906682,1.0
100035288|F|0-19:C>G-19:C>G,,,0.46842105263157896,0.0049900928828266545,0.006910587391550545,0.7220938829205683,0.4721087899130174,0.5214195757513034,0.9634136267906682,1.0
100016832|F|0-65:T>A-65:T>A,,,0.07894736842105263,-0.007471699102503523,0.010356287064846448,-0.7214650439601642,0.4724935763298581,0.5205118096564416,0.9634136267906682,1.0
100021892|F|0-24:G>A-24:G>A,,,0.26842105263157895,-0.00525613545013039,0.007293656856468452,-0.7206447401578722,0.472995783871626,0.519328841517207,0.9634136267906682,1.0
100035121|F|0-27:C>T-27:C>T,,,0.21505376344086022,-0.005282195207196346,0.007335304266398779,-0.7201058082065908,0.4733258920564535,0.5185523750128673,0.9634136267906682,1.0
100019055|F|0-38:T>A-38:T>A,,,0.20526315789473684,0.005493892939791616,0.007634233176189469,0.7196391324444485,0.4736118457382073,0.5178804809453985,0.9634136267906682,1.0
100051141|F|0-11:G>A-11:G>A,,,0.3473684210526316,0.007248918398223946,0.010075049219164335,0.7194921077343581,0.4737019545376615,0.5176688930920292,0.9634136267906682,1.0
100034779|F|0-8:A>T-8:A>T,,,0.2578947368421053,0.005516356932509802,0.00767909548824438,0.7183602471091253,0.4743959723507305,0.5160414446266836,0.9634136267906682,1.0
100018009|F|0-24:G>T-24:G>T,,,0.06842105263157895,-0.008270913330234402,0.011522988917027032,-0.7177749965560432,0.47475505038661825,0.5152009456810278,0.9634136267906682,1.0
100017082|F|0-22:G>A-22:G>A,,,0.25263157894736843,0.00505683966467919,0.007047598811285158,0.717526607300885,0.47490749443033786,0.5148444321847184,0.9634136267906682,1.0
100030735|F|0-21:A>G-21:A>G,,,0.06315789473684211,-0.008470575791597962,0.011809049994118097,-0.7172952774200315,0.4750494931847913,0.51451251500908,0.9634136267906682,1.0
100016722|F|0-34:C>T-34:C>T,,,0.2554347826086956,-0.005954711626356372,0.008302681416500833,-0.7172034343654229,0.475105876386052,0.5143807662655575,0.9634136267906682,1.0
100014593|F|0-28:A>C-28:A>C,,,0.07894736842105263,-0.008256492828241665,0.011513000746536614,-0.7171451657141094,0.47514164992295027,0.5142971887071174,0.9634136267906682,1.0
100022113|F|0-34:G>C-34:G>C,,,0.05789473684210526,-0.008424932281516084,0.011751110628341653,-0.7169477463003879,0.47526286504445314,0.5140140709252055,0.9634136267906682,1.0
100013424|F|0-13:C>A-13:C>A,,,0.21578947368421053,0.0048413446634773686,0.006780129293693069,0.7140490179119189,0.47704466338433077,0.5098659999809758,0.9634136267906682,1.0
100020434|F|0-43:G>A-43:G>A,,,0.1,-0.006977044492210005,0.009782554300924643,-0.7132129582506419,0.47755926483607203,0.5086727238166319,0.9634136267906682,1.0
100021071|F|0-60:A>G-60:A>G,Vu07 (old2),39201975.0,0.33157894736842103,-0.005361722265861236,0.007537714886137932,-0.7113193251341454,0.4787259520675389,0.5059751823092961,0.9634136267906682,1.0
100052747|F|0-12:T>G-12:T>G,,,0.2074468085106383,-0.006476674377052955,0.009106364719386327,-0.7112250142216371,0.47878409936195115,0.5058410208545678,0.9634136267906682,1.0
100028488|F|0-19:T>C-19:T>C,,,0.08421052631578947,-0.00725944201420154,0.0102115914297118,-0.7109021217867528,0.4789832080514185,0.5053818267609071,0.9634136267906682,1.0
100020907|F|0-40:A>T-40:A>T,,,0.1368421052631579,0.005525890027895137,0.007776310083652816,0.7106056688134824,0.4791660535556643,0.5049604165498567,0.9634136267906682,1.0
100045520|F|0-63:C>T-63:C>T,,,0.22631578947368422,-0.006080971448796022,0.00856600526104127,-0.709895833995417,0.47960402104496985,0.5039520951240487,0.9634136267906682,1.0
100013102|F|0-12:T>C-12:T>C,,,0.34210526315789475,-0.005006509039623592,0.007091497040337378,-0.7059876089838159,0.48201936504148574,0.49841850403868526,0.9634136267906682,1.0
100059434|F|0-15:G>A-15:G>A,,,0.4263157894736842,-0.004402236043063727,0.006237992512250674,-0.7057135824415083,0.48218896967948677,0.4980316604424275,0.9634136267906682,1.0
100034432|F|0-24:T>A-24:T>A,,,0.12631578947368421,0.008308833931965628,0.01177491782730988,0.705638379292527,0.4822355213143978,0.49792552233058424,0.9634136267906682,1.0
100015099|F|0-66:G>T-66:G>T,,,0.26842105263157895,-0.005135671242983406,0.007287711610370017,-0.7047028638833107,0.48281482398635933,0.49660612636533996,0.9634136267906682,1.0
100015778|F|0-37:G>T-37:G>T,Vu04 (old11),1978178.0,0.4736842105263158,0.0049419470129695,0.007021010248581977,0.7038797606039128,0.48332483498156237,0.49544671738782153,0.9634136267906682,1.0
100019357|F|0-62:A>C-62:A>C,Vu11 (old9),27999283.0,0.3526315789473684,0.005082189983468771,0.007258891098542278,0.7001331077262436,0.48565008782962754,0.49018636853440783,0.9634136267906682,1.0
100033689|F|0-56:C>T-56:C>T,,,0.3473684210526316,0.004336337382633755,0.006211544289931735,0.6981093879765947,0.4869086073217161,0.48735671758105564,0.9634136267906682,1.0
100052578|F|0-7:G>A-7:G>A,,,0.12631578947368421,-0.008502208202940639,0.012217309202604863,-0.6959149565542531,0.4882753117665497,0.48429762675590793,0.9634136267906682,1.0
100043419|F|0-6:T>A-6:T>A,,,0.3263157894736842,-0.005163244116443588,0.007423022464700847,-0.6955716678747342,0.488489304017937,0.48381994515003957,0.9634136267906682,1.0
100035888|F|0-14:T>C-14:T>C,,,0.2631578947368421,0.005180319786467803,0.007457347323936612,0.6946598517464783,0.4890579427592419,0.48255230962843915,0.9634136267906682,1.0
100013428|F|0-14:G>T-14:G>T,,,0.4,0.003985912828169805,0.005745229537804761,0.6937778207018014,0.48960835132898833,0.4813276644977409,0.9634136267906682,1.0
100030838|F|0-17:T>C-17:T>C,,,0.20652173913043478,-0.004832037379808605,0.006966219332780047,-0.6936384212123647,0.48969537097446686,0.48113425938198195,0.9634136267906682,1.0
100013153|F|0-63:C>A-63:C>A,,,0.12105263157894737,-0.006383486455285304,0.009205398641207799,-0.6934503006431186,0.4898128180005262,0.4808733194620316,0.9634136267906682,1.0
100029240|F|0-46:A>G-46:A>G,Vu11 (old9),8096401.0,0.2631578947368421,0.004822559889809549,0.006976972038647636,0.6912110100335614,0.4912120299411584,0.4777726603916162,0.9634136267906682,1.0
100016415|F|0-35:A>G-35:A>G,,,0.13157894736842105,-0.005428742616956683,0.007863043208851195,-0.6904124106612702,0.49171155914999815,0.47666929679510645,0.9634136267906682,1.0
100019260|F|0-27:C>T-27:C>T,,,0.3684210526315789,-0.004942459882095643,0.0071629742679570054,-0.6900010662058836,0.49196896596798156,0.4761014713652562,0.9634136267906682,1.0
100020208|F|0-26:C>G-26:C>G,,,0.10526315789473684,-0.0068721657073168105,0.00998273053491108,-0.6884054100512715,0.4929681742226777,0.4739020085878593,0.9634136267906682,1.0
100013340|F|0-36:T>A-36:T>A,,,0.4473684210526316,-0.004615641912872391,0.00672636070361587,-0.6862019621384821,0.49434980041048304,0.47087313284270277,0.9634136267906682,1.0
100014924|F|0-66:G>A-66:G>A,,,0.05789473684210526,-0.008342141168423736,0.012158638446023953,-0.6861081695501633,0.4944086577873131,0.47074442032347563,0.9634136267906682,1.0
100033344|F|0-23:G>A-23:G>A,,,0.20967741935483875,0.0046285617071135125,0.006747418759758712,0.6859751664915236,0.4944921273227926,0.4705619290430735,0.9634136267906682,1.0
100014947|F|0-16:G>C-16:G>C,,,0.12105263157894737,0.0055857867785169164,0.00815389896554644,0.685044884921821,0.49507616389394676,0.46928649435755104,0.9634136267906682,1.0
100020367|F|0-37:A>T-37:A>T,,,0.1,-0.0066060562252229175,0.009659969951868628,-0.6838588792861658,0.4958212886630187,0.46766296677853075,0.9634136267906682,1.0
100029189|F|0-11:C>A-11:C>A,,,0.3473684210526316,0.004932431296608454,0.007213645342166442,0.6837640419853409,0.4958808978012293,0.46753326511213106,0.9634136267906682,1.0
100016625|F|0-16:T>C-16:T>C,,,0.1736842105263158,0.005364347707533214,0.007864853413202482,0.6820658219170687,0.4969489567911595,0.46521378542740643,0.9634136267906682,1.0
100033155|F|0-6:A>T-6:A>T,,,0.1881720430107527,0.0052492479202552395,0.007696287686850621,0.6820493377896677,0.49695933023310135,0.4651912991793242,0.9634136267906682,1.0
100014831|F|0-22:G>T-22:G>T,,,0.2736842105263158,-0.0047264617816448785,0.006939207012418657,-0.681124193756755,0.49754171029772254,0.46393016732078957,0.9634136267906682,1.0
100051142|F|0-37:G>C-37:G>C,,,0.2765957446808511,0.004259653267856269,0.006272131802965273,0.6791396293429987,0.498792243019693,0.4612306361441456,0.9634136267906682,1.0
100028792|F|0-46:G>T-46:G>T,,,0.14736842105263157,-0.005313068555072218,0.007844088240703855,-0.6773341135432552,0.49993142593047146,0.45878150136942736,0.9634136267906682,1.0
100021370|F|0-62:A>T-62:A>T,,,0.35789473684210527,0.00445086320500492,0.006573866215463255,0.6770541199234417,0.5001082124234016,0.45840228130530614,0.9634136267906682,1.0
100019787|F|0-26:A>G-26:A>G,,,0.2894736842105263,0.005974146606118101,0.008845479522609067,0.6753897955275536,0.5011597536853545,0.4561513759027507,0.9634136267906682,1.0
100020980|F|0-48:G>A-48:G>A,,,0.1736842105263158,-0.0052866126909486616,0.007827773793266974,-0.6753660530527745,0.5011747630932507,0.45611930561608305,0.9634136267906682,1.0
100033749|F|0-66:A>C-66:A>C,,,0.22631578947368422,-0.006905683032499186,0.010228027612860423,-0.6751725057738582,0.5012971279483922,0.4558579125529506,0.9634136267906682,1.0
100034369|F|0-66:G>A-66:G>A,,,0.22631578947368422,-0.006905683032499186,0.010228027612860423,-0.6751725057738582,0.5012971279483922,0.4558579125529506,0.9634136267906682,1.0
100019601|F|0-61:A>G-61:A>G,,,0.4052631578947368,0.004454086712016901,0.006611023916808811,0.6737362877620507,0.5022056390751509,0.45392058544738884,0.9634136267906682,1.0
100016712|F|0-57:C>A-57:C>A,Vu06 (old6),27002353.0,0.4052631578947369,0.004475794108258879,0.006656255703880632,0.6724191959226368,0.5030395721566996,0.4521475750452454,0.9634136267906682,1.0
100036149|F|0-36:T>A-36:T>A,,,0.05789473684210526,-0.007126243133848353,0.01061222593638023,-0.6715125720626218,0.5036140443423517,0.45092913443815785,0.9634136267906682,1.0
100044458|F|0-65:A>T-65:A>T,,,0.05789473684210526,0.008531525763171257,0.012729068837505426,0.6702395809215547,0.50442125511026,0.44922109583390124,0.9634136267906682,1.0
100016995|F|0-19:T>G-19:T>G,,,0.19473684210526315,0.004758565580534886,0.007113747166855591,0.6689253172654238,0.5052553642893644,0.44746108007864793,0.9634136267906682,1.0
100050114|F|0-27:G>A-27:G>A,,,0.21505376344086022,0.005038337359043034,0.007538216174710558,0.668372628519968,0.5056063536526282,0.4467219705546912,0.9634136267906682,1.0
100022081|F|0-44:A>C-44:A>C,,,0.34210526315789475,-0.004192763201508966,0.00627913422690996,-0.6677295069661661,0.5060149373256536,0.4458626944732792,0.9634136267906682,1.0
100015729|F|0-42:C>A-42:C>A,Vu08 (old5),34737627.0,0.43157894736842106,0.004386239973056917,0.006573010153895304,0.667310694850751,0.5062811091701472,0.44530356346219213,0.9634136267906682,1.0
100016651|F|0-34:T>C-34:T>C,,,0.39473684210526316,0.0040706400280580216,0.006126073659727272,0.6644778130596691,0.5080834831277744,0.4415307640485606,0.9634136267906682,1.0
100015913|F|0-42:T>A-42:T>A,,,0.13978494623655913,0.005068592860754234,0.007654894631446572,0.6621375087166163,0.5095750406194884,0.4384260804494471,0.9634136267906682,1.0
100044400|F|0-16:A>G-16:A>G,,,0.3351063829787234,-0.005396799284689287,0.008160986660736374,-0.6612925016351305,0.5101141652146469,0.43730777271884913,0.9634136267906682,1.0
100041089|F|0-45:A>G-45:A>G,,,0.32105263157894737,0.004528611893578258,0.006850017440333243,0.6611095421324866,0.5102309355005048,0.4370658266986261,0.9634136267906682,1.0
100035996|F|0-47:A>G-47:A>G,,,0.32105263157894737,0.004528611893578258,0.006850017440333243,0.6611095421324866,0.5102309355005048,0.4370658266986261,0.9634136267906682,1.0
100017906|F|0-31:G>A-31:G>A,,,0.28421052631578947,-0.004819322418241171,0.007302048107447718,-0.6599959829524688,0.5109419490579581,0.4355946975133954,0.9634136267906682,1.0
100013288|F|0-37:A>T-37:A>T,,,0.1736842105263158,0.005100918988851139,0.007734452114185601,0.6595061826675024,0.5112548557840029,0.43494840497666104,0.9634136267906682,1.0
100034068|F|0-21:G>A-21:G>A,,,0.07894736842105263,-0.006917733769023661,0.010505604719795992,-0.6584803020418606,0.5119105646527876,0.43359630817713996,0.9634136267906682,1.0
100034016|F|0-46:G>A-46:G>A,,,0.15789473684210525,-0.005412331266553824,0.008255959140722227,-0.6555666245800189,0.5137753208580879,0.42976759926323943,0.9634136267906682,1.0
100035283|F|0-38:G>T-38:G>T,,,0.3263157894736842,-0.00446607846657617,0.006824445488484986,-0.6544236413217553,0.5145078114352793,0.42827030232082547,0.9634136267906682,1.0
100016417|F|0-54:G>T-54:G>T,,,0.28421052631578947,-0.004711028806993369,0.0072104967253810645,-0.653357041327052,0.5151918486690178,0.4268754234516391,0.9634136267906682,1.0
100033656|F|0-39:G>A-39:G>A,,,0.08947368421052632,0.006431536636671991,0.009848386239239273,0.6530548742134618,0.5153857232411561,0.42648066873396034,0.9634136267906682,1.0
100044544|F|0-31:A>G-31:A>G,,,0.10526315789473684,0.006025163983584277,0.009231819427594235,0.6526518451579381,0.5156443721472691,0.4259544309880612,0.9634136267906682,1.0
100017269|F|0-12:A>G-12:A>G,,,0.11578947368421053,0.008362964035393104,0.012822209779992782,0.6522248644256553,0.5159184670395861,0.4253972737750644,0.9634136267906682,1.0
100038942|F|0-11:T>A-11:T>A,,,0.4,0.007837569359659886,0.0120185779538228,0.6521211901918028,0.5159850309985569,0.42526204669717343,0.9634136267906682,1.0
100035309|F|0-20:A>C-20:A>C,,,0.15425531914893617,0.0048412372959194,0.0074306373196503725,0.6515238313565264,0.5163686529767799,0.4244833028254874,0.9634136267906682,1.0
100020177|F|0-41:C>G-41:C>G,,,0.24210526315789474,0.004514235034173588,0.006931031075115462,0.6513078624594663,0.5165073845203937,0.42420193170151904,0.9634136267906682,1.0
100019075|F|0-58:G>A-58:G>A,Vu09 (old8),41940020.0,0.14210526315789473,-0.005710888835677618,0.00877016282281605,-0.6511724982825216,0.5165943481709566,0.42402562251950054,0.9634136267906682,1.0
100018408|F|0-53:G>A-53:G>A,,,0.2578947368421053,-0.004630563614058745,0.007111870295399334,-0.6511034962285877,0.5166386809662967,0.42393576280109047,0.9634136267906682,1.0
100021963|F|0-68:T>G-68:T>G,,,0.3368421052631579,-0.004857486339496585,0.007494398550427584,-0.648148921732945,0.518538830121716,0.4200970247435793,0.9634136267906682,1.0
100038699|F|0-6:A>C-6:A>C,,,0.2,-0.005805688762918994,0.008966768559987978,-0.6474672256876872,0.5189777640178692,0.4192138083397105,0.9634136267906682,1.0
100018976|F|0-8:C>T-8:C>T,Vu03 (old3),2426825.0,0.10106382978723405,0.006156324996175705,0.00953027113059049,0.645975850195383,0.5199387182882694,0.41728479903564786,0.9634136267906682,1.0
100015338|F|0-49:G>T-49:G>T,,,0.06914893617021277,-0.006701872025177338,0.010433401276186001,-0.6423477682655805,0.5222803297879638,0.4126106553957719,0.9634136267906682,1.0
100035013|F|0-54:A>T-54:A>T,,,0.13978494623655913,-0.005705793712295979,0.008898071595019449,-0.6412393574681624,0.5229968100524252,0.4111879135661818,0.9634136267906682,1.0
100016117|F|0-56:G>A-56:G>A,,,0.4052631578947368,-0.004197845411281647,0.006548668178772608,-0.6410227693149714,0.5231368732245222,0.410910190780235,0.9634136267906682,1.0
100020710|F|0-41:C>A-41:C>A,,,0.06842105263157895,-0.007177545664809361,0.011202450686441181,-0.6407120964608807,0.5233378132415415,0.4105119905512969,0.9634136267906682,1.0
100035374|F|0-23:A>G-23:A>G,,,0.43258426966292135,-0.004207975249382863,0.006574461270907209,-0.6400486786656826,0.5237670398430004,0.4096623110616862,0.9634136267906682,1.0
100013387|F|0-43:C>G-43:C>G,,,0.3473684210526316,-0.003994450715629563,0.006260057601312045,-0.6380852972970035,0.5250384082832837,0.4071528466266053,0.9634136267906682,1.0
100020644|F|0-30:T>A-30:T>A,Vu08 (old5),17202857.0,0.17894736842105263,-0.006479937483052768,0.010156807041894209,-0.637989621770375,0.5251004030516901,0.40703075748670614,0.9634136267906682,1.0
100015005|F|0-68:T>A-68:T>A,,,0.3684210526315789,-0.004642626230871487,0.007277315972415555,-0.6379585891926668,0.5251205120159224,0.4069911615246978,0.9634136267906682,1.0
100014895|F|0-11:G>A-11:G>A,,,0.07894736842105263,0.00670527694378969,0.010576812706206456,0.6339600719085292,0.5277148805648092,0.4019053727742675,0.9634136267906682,1.0
100048542|F|0-39:C>A-39:C>A,Vu06 (old6),4481310.0,0.09473684210526316,0.0067064599465885355,0.010580012320451844,0.6338801641681,0.527766794953009,0.4018040625257774,0.9634136267906682,1.0
100020016|F|0-66:T>C-66:T>C,,,0.06914893617021277,0.006701335852162875,0.010589250074896164,0.6328432896348033,0.528440670606102,0.40049062923579953,0.9634136267906682,1.0
100021941|F|0-59:G>A-59:G>A,,,0.2736842105263158,-0.004693413149041537,0.007422466942159827,-0.6323252344018961,0.5287775269811451,0.3998352020614129,0.9634136267906682,1.0
100012992|F|0-18:G>T-18:G>T,,,0.26842105263157895,0.004426176053794584,0.0070094018911226776,0.6314627299941643,0.529338601852011,0.39874517937168286,0.9634136267906682,1.0
100052563|F|0-36:T>C-36:T>C,,,0.20526315789473681,0.004822186602191979,0.00763908250958302,0.6312520641245434,0.5294756906135761,0.3984791684614966,0.9634136267906682,1.0
100021804|F|0-50:G>A-50:G>A,,,0.06315789473684208,0.008579651367474805,0.013593381498087316,0.6311638769707171,0.5295330829941407,0.3983678395927065,0.9634136267906682,1.0
100034659|F|0-55:C>T-55:C>T,,,0.22580645161290325,-0.0048960638426398745,0.007762956683075662,-0.6306957571093992,0.5298377901960813,0.39777713803579823,0.9634136267906682,1.0
100017309|F|0-5:C>G-5:C>G,,,0.07368421052631578,0.00682184551587747,0.01082311477817803,0.6303033512711083,0.5300932836358668,0.3972823146235901,0.9634136267906682,1.0
100022099|F|0-31:T>C-31:T>C,,,0.2,0.0054522914277213615,0.008661529697076193,0.6294836614786243,0.5306271847047823,0.39624968006853534,0.9634136267906682,1.0
100058466|F|0-35:C>T-35:C>T,,,0.324468085106383,-0.003550329719155057,0.005645046657423555,-0.6289283215199246,0.5309890604035942,0.39555083360986965,0.9634136267906682,1.0
100029523|F|0-44:T>G-44:T>G,,,0.05263157894736842,0.008272129431858479,0.013172073813922804,0.628005092342778,0.5315909450437141,0.39439039600846115,0.9634136267906682,1.0
100043230|F|0-12:G>T-12:G>T,,,0.08421052631578947,0.008170412220142706,0.013012769502620697,0.6278765038062982,0.5316748041913678,0.39422890403202043,0.9634136267906682,1.0
100028871|F|0-35:G>C-35:G>C,,,0.5,0.004307899091105467,0.0068680430925239875,0.6272382151758349,0.5320911656598877,0.3934277785769669,0.9634136267906682,1.0
100016059|F|0-15:A>T-15:A>T,,,0.08421052631578947,-0.006963173823257598,0.011112835462457062,-0.626588402823165,0.5325152165756866,0.39261302655248487,0.9634136267906682,1.0
100029518|F|0-19:G>C-19:G>C,,,0.3894736842105263,-0.0038600147166899966,0.006168235403981174,-0.6257891380407792,0.533037034742668,0.39161204528982135,0.9634136267906682,1.0
100046329|F|0-5:T>C-5:T>C,,,0.06842105263157895,0.007222711285642926,0.01155580139757291,0.6250290254347853,0.5335335353500947,0.3906612826359575,0.9634136267906682,1.0
100013227|F|0-14:G>A-14:G>A,,,0.1,-0.0060361375759943985,0.009676179265832105,-0.6238141533103686,0.5343275750494086,0.38914409787033205,0.9634136267906682,1.0
100021629|F|0-12:T>C-12:T>C,,,0.12105263157894737,0.005734093580354585,0.009207208149032175,0.6227830942387601,0.5350019501275818,0.38785878246960437,0.9634136267906682,1.0
100034159|F|0-24:A>G-24:A>G,,,0.4263157894736842,-0.004241174303286264,0.006827060657174717,-0.6212299137593152,0.5360186473767101,0.38592660574940624,0.9634136267906682,1.0
100045226|F|0-27:G>T-27:G>T,,,0.21578947368421053,-0.004333890192095419,0.006986670703827828,-0.6203083522629721,0.5366223599969677,0.3847824518872035,0.9634136267906682,1.0
100022022|F|0-32:T>G-32:T>G,,,0.1,0.0054157645629649654,0.008745242741650104,0.6192812164231689,0.5372956436590604,0.38350922501455975,0.9634136267906682,1.0
100018830|F|0-21:C>T-21:C>T,,,0.46842105263157896,0.004743761343525792,0.007680178573763075,0.6176628965023505,0.5383573212372303,0.38150745371567335,0.9634136267906682,1.0
100015956|F|0-13:C>T-13:C>T,,,0.3368421052631579,-0.00448664913388187,0.007273290407096947,-0.6168664913343761,0.538880185010593,0.3805242681311839,0.9634136267906682,1.0
100020579|F|0-68:T>C-68:T>C,Vu03 (old3),51968724.0,0.39473684210526316,-0.004384615815648692,0.007122281925793478,-0.615619524940416,0.5396993752324669,0.37898739948786353,0.9634136267906682,1.0
100033927|F|0-14:A>G-14:A>G,,,0.2736842105263158,-0.004320431188559357,0.007019398943355109,-0.6154987376304176,0.5397787596967287,0.37883869602463766,0.9634136267906682,1.0
100033630|F|0-40:T>C-40:T>C,,,0.49473684210526314,0.004211793937217437,0.00684598770738086,0.6152207858446164,0.5399614591857459,0.3784966153352673,0.9634136267906682,1.0
100019098|F|0-17:C>A-17:C>A,,,0.30526315789473685,-0.004519556422482333,0.0073483424501614965,-0.615044338656673,0.5400774553773302,0.3782795385136242,0.9634136267906682,1.0
100015350|F|0-49:A>G-49:A>G,,,0.1368421052631579,0.005793239820696792,0.00942054793468392,0.614957841185399,0.5401343233519832,0.3781731464354064,0.9634136267906682,1.0
100017664|F|0-11:A>T-11:A>T,,,0.07368421052631578,0.006255169869331712,0.010175218095149713,0.614745532807145,0.5402739189284329,0.37791207010634054,0.9634136267906682,1.0
100017924|F|0-5:G>C-5:G>C,Vu04 (old11),2232752.0,0.4473684210526316,0.004212931800213245,0.006880274701998108,0.6123202899136808,0.5418698491307381,0.3749361374399741,0.9634136267906682,1.0
100029224|F|0-12:A>G-12:A>G,,,0.1,-0.005894801206986427,0.009639282213049872,-0.6115394358934647,0.5423841983571289,0.37398048165289705,0.9634136267906682,1.0
100017653|F|0-34:G>A-34:G>A,,,0.08947368421052632,0.006002568346791684,0.00983508324432489,0.6103220682199441,0.5431865728950037,0.37249302695627007,0.9634136267906682,1.0
100041008|F|0-24:G>A-24:G>A,,,0.17021276595744683,-0.00436324102971634,0.007171776307122401,-0.608390563629702,0.5444608714413122,0.3701390779136665,0.9634136267906682,1.0
100022222|F|0-28:C>A-28:C>A,,,0.3894736842105263,-0.00395045795713354,0.0064936990550946904,-0.6083524850191776,0.5444860087510139,0.3700927460290087,0.9634136267906682,1.0
100029664|F|0-7:G>A-7:G>A,,,0.33157894736842103,0.004310791131480058,0.0070867409011403535,0.6082896484597585,0.5445274911175358,0.3700162964232966,0.9634136267906682,1.0
100049952|F|0-5:T>A-5:T>A,,,0.07368421052631578,0.008344396896074958,0.013744903853722384,0.6070902339426066,0.5453196060949218,0.36855855214848887,0.9634136267906682,1.0
100049954|F|0-52:G>A-52:G>A,,,0.07368421052631578,0.008344396896074958,0.013744903853722384,0.6070902339426066,0.5453196060949218,0.36855855214848887,0.9634136267906682,1.0
100049953|F|0-26:C>T-26:C>T,,,0.07368421052631578,0.008344396896074958,0.013744903853722384,0.6070902339426066,0.5453196060949218,0.36855855214848887,0.9634136267906682,1.0
100046262|F|0-23:C>A-23:C>A,,,0.12631578947368421,-0.005441298046663352,0.008970221898750156,-0.6065957016538801,0.5456463733460729,0.3679583452649631,0.9634136267906682,1.0
100019838|F|0-5:G>C-5:G>C,,,0.12631578947368421,-0.005441298046663352,0.008970221898750156,-0.6065957016538801,0.5456463733460729,0.3679583452649631,0.9634136267906682,1.0
100035791|F|0-16:G>A-16:G>A,Vu09 (old8),36664091.0,0.3736842105263158,0.007220449890603508,0.011907734676522164,0.6063663733488854,0.5457979378701278,0.3676801787282799,0.9634136267906682,1.0
100021294|F|0-38:G>A-38:G>A,,,0.4263157894736842,-0.0042904172746277185,0.007077289470201405,-0.6062232289200998,0.5458925536858267,0.3675066032823118,0.9634136267906682,1.0
100041002|F|0-38:A>G-38:A>G,,,0.08947368421052632,-0.006468911604109261,0.010699996087052532,-0.604571399043494,0.5469849805489921,0.36550657654140767,0.9634136267906682,1.0
100021690|F|0-12:G>A-12:G>A,,,0.2894736842105263,0.004354894266055778,0.007205595278382893,0.6043767513727359,0.547113781939378,0.3652712575998619,0.9634136267906682,1.0
100039032|F|0-21:G>A-21:G>A,,,0.08510638297872342,-0.006421200365582431,0.010645694475042216,-0.603173459527352,0.5479103574920522,0.36381822227819416,0.9634136267906682,1.0
100040506|F|0-18:G>A-18:G>A,,,0.09473684210526316,0.005422333137299623,0.009022078111715242,0.601007115008091,0.549345938701691,0.36120955229034873,0.9634136267906682,1.0
100016864|F|0-56:A>G-56:A>G,,,0.13297872340425532,-0.0050477411151418254,0.008403359021115397,-0.600681358782625,0.5495619720524161,0.3608180947889406,0.9634136267906682,1.0
100018496|F|0-32:T>G-32:T>G,,,0.43157894736842106,-0.004473918907501832,0.007450919781094879,-0.6004518957315106,0.549714171745984,0.36054247908756487,0.9634136267906682,1.0
100053981|F|0-26:G>A-26:G>A,,,0.22105263157894736,-0.006188985503916085,0.010313929078888333,-0.6000608940180102,0.5499735664714023,0.36007307652969367,0.9634136267906682,1.0
100015193|F|0-65:C>A-65:C>A,,,0.07894736842105263,-0.008404674654270802,0.014020855571292186,-0.599440926520878,0.5503849851928577,0.35932942438820864,0.9634136267906682,1.0
100029801|F|0-44:C>T-44:C>T,,,0.38421052631578945,0.00419919052570275,0.007016878960393628,0.5984413511198983,0.5510486410838921,0.3581320507302094,0.9634136267906682,1.0
100013210|F|0-44:C>T-44:C>T,,,0.21052631578947367,0.004550055179343471,0.007609552264528129,0.5979399340685942,0.5513817014699509,0.35753216475395483,0.9634136267906682,1.0
100029336|F|0-36:T>A-36:T>A,,,0.06315789473684211,0.0060996173649438675,0.010216693880765276,0.5970245791965512,0.5519899745610174,0.356438348164819,0.9634136267906682,1.0
100044913|F|0-35:T>C-35:T>C,,,0.1,-0.005568674985306677,0.009373104314369001,-0.594112131748057,0.553927585068854,0.3529692250902206,0.9634136267906682,1.0
100029380|F|0-39:A>C-39:A>C,,,0.34210526315789475,-0.004372193731583722,0.007361662569482459,-0.5939139006056205,0.5540595884345868,0.3527337213325829,0.9634136267906682,1.0
100015188|F|0-39:T>C-39:T>C,,,0.14210526315789473,0.005505686930132725,0.009275429026804297,0.5935776031731034,0.5542835668139471,0.35233437098872616,0.9634136267906682,1.0
100046659|F|0-30:C>A-30:C>A,Vu05 (old1),46605557.0,0.08421052631578947,-0.0061071234753687816,0.010317868461458166,-0.5918977837507434,0.555403021951241,0.3503429864090418,0.9634136267906682,1.0
100016903|F|0-35:A>G-35:A>G,,,0.07894736842105263,0.006152846661878562,0.010396851946449117,0.5917990073889599,0.5554688828345822,0.3502260651465582,0.9634136267906682,1.0
100020307|F|0-56:C>T-56:C>T,,,0.11052631578947368,-0.006082750709256466,0.010296728302767216,-0.5907459661358399,0.556171257631983,0.34898079650576685,0.9634136267906682,1.0
100013433|F|0-44:A>G-44:A>G,,,0.06842105263157895,-0.006514592210544533,0.011054406288896366,-0.5893208590576353,0.5571224999349649,0.3472990749204293,0.9634136267906682,1.0
100015143|F|0-64:A>T-64:A>T,,,0.16842105263157894,0.004668456352095822,0.007932357717471033,0.5885332606487902,0.5576485581243779,0.3463713988898968,0.9634136267906682,1.0
100028407|F|0-26:C>T-26:C>T,,,0.19148936170212766,0.00478620180309843,0.008138595424886874,0.5880869552088539,0.5579467666089345,0.3458462668868205,0.9634136267906682,1.0
100046187|F|0-5:T>A-5:T>A,,,0.4,-0.004679430334224593,0.00796290880169506,-0.5876533878208533,0.5582365393965573,0.3453365042173262,0.9634136267906682,1.0
100015577|F|0-62:A>G-62:A>G,,,0.12105263157894737,0.007437839311449089,0.012668187894989925,0.5871273281627469,0.5585882288347491,0.3447184994755259,0.9634136267906682,1.0
100016574|F|0-9:G>A-9:G>A,,,0.2,0.004442836693151604,0.0075677971753451995,0.5870713221048961,0.5586256773063958,0.34465273723799067,0.9634136267906682,1.0
100044509|F|0-10:A>G-10:A>G,,,0.22340425531914895,-0.005979171436673309,0.0102541413382185,-0.5830982077834416,0.5612854619472994,0.3400035199202616,0.9634136267906682,1.0
100021509|F|0-38:C>A-38:C>A,,,0.05263157894736842,0.006476096548979336,0.011107398022871801,0.5830435296947206,0.5613221093751096,0.33993975751887856,0.9634136267906682,1.0
100013605|F|0-20:C>T-20:C>T,,,0.05851063829787234,0.0061347626343165275,0.010533105322523816,0.5824267817011242,0.561735559874561,0.33922095604272895,0.9634136267906682,1.0
100033181|F|0-15:C>A-15:C>A,,,0.39473684210526316,-0.004109830441380699,0.007064265042661907,-0.5817774979507369,0.5621709831054413,0.3384650571218196,0.9634136267906682,1.0
100029593|F|0-34:A>G-34:A>G,,,0.05263157894736842,0.007709582568040766,0.013268312654587402,0.5810522233492323,0.5626575633201558,0.3376216862590862,0.9634136267906682,1.0
100014062|F|0-62:G>A-62:G>A,,,0.13157894736842105,0.005483390218685044,0.009480367297946034,0.5783942801322736,0.5644425182147481,0.33453994328973097,0.9634136267906682,1.0
100035251|F|0-22:T>A-22:T>A,,,0.28421052631578947,0.004057989558464791,0.007030388575887162,0.5772070084977792,0.5652407307024372,0.33316793065895534,0.9634136267906682,1.0
100016790|F|0-63:A>T-63:A>T,,,0.24736842105263157,0.004207557137831098,0.007290893560171499,0.5770975948429737,0.5653143181549415,0.3330416339735451,0.9634136267906682,1.0
100015393|F|0-56:G>A-56:G>A,,,0.07368421052631578,-0.006697762400258735,0.01164229675749423,-0.5752956259208336,0.5665269266854649,0.3309650572036437,0.9634136267906682,1.0
100013199|F|0-52:T>C-52:T>C,,,0.1,-0.0053635769454690695,0.009328485920177312,-0.5749675768784481,0.5667478188779269,0.33058771446147417,0.9634136267906682,1.0
100028939|F|0-16:C>T-16:C>T,,,0.3473684210526316,0.0038166744949260168,0.006639767055081742,0.5748205416340514,0.5668468388501141,0.3304186550844642,0.9634136267906682,1.0
100020103|F|0-18:T>C-18:T>C,,,0.12631578947368421,0.005570443930593931,0.009704083773594194,0.5740308988007379,0.5673787631050328,0.329511472777983,0.9634136267906682,1.0
100018327|F|0-50:C>T-50:C>T,,,0.11052631578947368,-0.0054602023173249675,0.009514009720971071,-0.5739117866665011,0.5674590212761399,0.3293747388747355,0.9634136267906682,1.0
100017923|F|0-57:A>G-57:A>G,,,0.41052631578947374,0.00419351165181851,0.007310998866127521,0.5735894271913248,0.5676762559332889,0.32900483098567207,0.9634136267906682,1.0
100032857|F|0-37:C>A-37:C>A,Vu05 (old1),29700622.0,0.44943820224719105,0.0035385511919457406,0.0061881165776694474,0.5718300790768911,0.5688625748726757,0.3269896393370835,0.9634136267906682,1.0
100034437|F|0-39:T>A-39:T>A,,,0.19473684210526315,0.004496001268899762,0.007868040103368343,0.5714258201321323,0.5691353345552022,0.32652746791368,0.9634136267906682,1.0
100044804|F|0-53:G>C-53:G>C,,,0.28651685393258425,-0.0037371826835197806,0.0065603402701330535,-0.5696629335728015,0.5703255227036532,0.32451585788677006,0.9634136267906682,1.0
100014242|F|0-53:A>G-53:A>G,,,0.4421052631578947,0.004140703307361431,0.00728138343927196,0.568669860871308,0.5709965124801105,0.32338541066339277,0.9634136267906682,1.0
100029165|F|0-15:A>T-15:A>T,,,0.3263157894736842,0.004214333152129382,0.0074256598002553215,0.5675365240923747,0.5717627410990367,0.3220977061788545,0.9634136267906682,1.0
100017454|F|0-9:A>G-9:A>G,,,0.4052631578947369,0.0036321245173157784,0.006407521666779849,0.5668532556271685,0.5722249266612209,0.32132261341512003,0.9634136267906682,1.0
100018613|F|0-47:T>C-47:T>C,,,0.39473684210526316,-0.003371134381672052,0.005947625008567065,-0.5668034512626822,0.5722586230487071,0.3212661523632877,0.9634136267906682,1.0
100021392|F|0-51:G>A-51:G>A,,,0.3526315789473684,0.003600138889287603,0.006357548440603975,0.5662778542581715,0.5726142872518353,0.3206706082232389,0.9634136267906682,1.0
100016846|F|0-15:T>C-15:T>C,Vu08 (old5),5868167.0,0.06914893617021277,-0.0064196164951432115,0.011351913940865904,-0.5655096161391032,0.5731343352161398,0.31980112594579585,0.9634136267906682,1.0
100016631|F|0-38:C>G-38:C>G,,,0.3263157894736842,-0.004276200791632725,0.007567813227493622,-0.5650510475202302,0.5734448653066326,0.31928268630370943,0.9634136267906682,1.0
100018152|F|0-62:T>C-62:T>C,,,0.18947368421052632,-0.0048639710178004355,0.00861018183365494,-0.5649092100225398,0.5735409301892704,0.31912241556828996,0.9634136267906682,1.0
100039240|F|0-17:G>A-17:G>A,,,0.2925531914893617,-0.0038132215485679266,0.00675313187107828,-0.5646597195737961,0.5737099259780594,0.31884059890915806,0.9634136267906682,1.0
100018366|F|0-11:C>A-11:C>A,Vu06 (old6),3381583.0,0.14210526315789473,0.005301125891292599,0.009402513539156849,0.5637988043533269,0.5742932629159704,0.3178690917902409,0.9634136267906682,1.0
100059450|F|0-16:C>T-16:C>T,,,0.09195402298850573,0.004892082003046664,0.008680733661218496,0.563556283831426,0.5744576409349564,0.31759568504588676,0.9634136267906682,1.0
100045141|F|0-49:C>T-49:C>T,,,0.32105263157894737,0.004145296359025277,0.0073589539992776195,0.5632996699574686,0.5746315959378854,0.3173065181741931,0.9634136267906682,1.0
100016297|F|0-36:A>G-36:A>G,,,0.5,-0.0035891586778589303,0.006374652274248666,-0.5630359937212353,0.574810364811405,0.31700953022565886,0.9634136267906682,1.0
100014335|F|0-15:A>C-15:A>C,,,0.4473684210526316,-0.003704060723115808,0.0066006011188017065,-0.56117021108348,0.5760761034939679,0.31491200580747747,0.9634136267906682,1.0
100014347|F|0-68:T>C-68:T>C,,,0.11052631578947368,-0.005519639856086088,0.009840331847838953,-0.5609200930859118,0.5762458840566334,0.314631350827508,0.9634136267906682,1.0
100032879|F|0-19:G>T-19:G>T,,,0.08421052631578947,-0.005484093141421111,0.009791743497790247,-0.5600732027609521,0.5768209329675944,0.31368199245091055,0.9634136267906682,1.0
100033527|F|0-13:C>T-13:C>T,,,0.43157894736842106,-0.004417701207536186,0.007904681041767942,-0.5588715324746529,0.5776373535101351,0.312337389810567,0.9634136267906682,1.0
100034584|F|0-9:T>C-9:T>C,,,0.43157894736842106,-0.004417701207536186,0.007904681041767942,-0.5588715324746529,0.5776373535101351,0.312337389810567,0.9634136267906682,1.0
100020153|F|0-41:C>T-41:C>T,,,0.2789473684210526,0.004841683201923308,0.008664833819601729,0.5587739248928668,0.5777036928472876,0.3122282991401792,0.9634136267906682,1.0
100019651|F|0-27:G>T-27:G>T,Vu05 (old1),41749633.0,0.06842105263157895,0.0064061338924905455,0.011464962541804175,0.5587575074172418,0.5777148514006853,0.3122099520951291,0.9634136267906682,1.0
100040910|F|0-51:A>G-51:A>G,,,0.1276595744680851,0.004145813513624162,0.007441570072435379,0.5571154303822037,0.5788314514056053,0.310377602769948,0.9634136267906682,1.0
100039187|F|0-27:A>C-27:A>C,,,0.05851063829787234,0.006026785282939794,0.010830698924224539,0.5564539578752349,0.5792815387994258,0.3096410072350137,0.9634136267906682,1.0
100015799|F|0-68:C>T-68:C>T,,,0.21052631578947367,-0.004857222399349452,0.008753975452006128,-0.5548590381569249,0.5803674603885933,0.3078685522244279,0.9634136267906682,1.0
100040576|F|0-20:T>A-20:T>A,,,0.08510638297872339,-0.0056254293064401835,0.010140616127454614,-0.5547423584263235,0.5804469413352621,0.30773908423239954,0.9634136267906682,1.0
100014327|F|0-12:T>C-12:T>C,,,0.32105263157894737,0.003931876935823613,0.0071012235222705404,0.5536900681259554,0.5811639840078305,0.30657269154132516,0.9634136267906682,1.0
100029063|F|0-9:C>T-9:C>T,,,0.08947368421052632,0.0054031548818121045,0.00976243254645936,0.5534639912848075,0.5813180903325214,0.30632238964890945,0.9634136267906682,1.0
100018124|F|0-61:T>A-61:T>A,,,0.4842105263157895,-0.0034823372968090928,0.00633380729061514,-0.5498015864753106,0.5838172888742046,0.3022817844907685,0.9656235622392886,1.0
100016684|F|0-47:T>C-47:T>C,,,0.17368421052631577,-0.0040042145545403545,0.007290476714690581,-0.5492390568193866,0.5842016053603922,0.30166354153584934,0.9656235622392886,1.0
100016234|F|0-15:C>T-15:C>T,Vu06 (old6),20274938.0,0.15789473684210525,-0.004411214226887346,0.008037298723081314,-0.5488428860083713,0.5844723384264204,0.30122851352199803,0.9656235622392886,1.0
100014274|F|0-12:C>T-12:C>T,,,0.07894736842105263,0.006329986316486733,0.011597691050032196,0.5457971150618951,0.5865557201024553,0.29789449080988756,0.9674095954625012,1.0
100019698|F|0-15:C>A-15:C>A,Vu07 (old2),37885937.0,0.2578947368421053,-0.003823502884547447,0.007009365408584771,-0.5454848851030913,0.5867694906482173,0.29755375987593274,0.9674095954625012,1.0
100035266|F|0-39:C>T-39:C>T,,,0.06315789473684211,-0.006690910415463235,0.012312120714451001,-0.543440936833081,0.5881698006235818,0.2953280518260168,0.9682869531822196,1.0
100044399|F|0-36:G>A-36:G>A,,,0.35789473684210527,-0.003942823655966474,0.007262097306273854,-0.542931812902066,0.588518845837339,0.29477495346112403,0.9682869531822196,1.0
100051758|F|0-6:T>G-6:T>G,,,0.4842105263157895,0.003708371247357856,0.00686020868177953,0.5405624550762075,0.5901445086938149,0.29220776783801683,0.9692431522674182,1.0
100021859|F|0-23:T>A-23:T>A,,,0.14361702127659573,0.003950278683210067,0.007311145157843339,0.5403091578577454,0.5903184252338958,0.29193398606494597,0.9692431522674182,1.0
100014432|F|0-25:C>A-25:C>A,,,0.3368421052631579,-0.003803137572084756,0.007071058135219561,-0.5378456094346149,0.592011173681772,0.2892778995880923,0.9710203889976282,1.0
100038761|F|0-32:T>C-32:T>C,,,0.11052631578947368,-0.005271170499177258,0.009858504856722745,-0.5346825482956195,0.5941878856080578,0.28588542745189743,0.9729716778956279,1.0
100041943|F|0-53:G>T-53:G>T,,,0.08421052631578947,-0.00536218897237916,0.01010761609348834,-0.5305097584616079,0.5970651372551607,0.2814406038229935,0.9729716778956279,1.0
100017407|F|0-46:T>G-46:T>G,,,0.15,-0.003991534774137238,0.00753642251802915,-0.5296325630082992,0.5976708060652878,0.28051065179874,0.9729716778956279,1.0
100020803|F|0-42:G>T-42:G>T,,,0.06179775280898877,-0.005909193599581957,0.011191875555564343,-0.5279895733511835,0.5988059885694964,0.27877298956756474,0.9729716778956279,1.0
100033778|F|0-25:A>T-25:A>T,,,0.16489361702127658,0.0040998032875960546,0.007809386520717014,0.5249840402597505,0.6008851545670857,0.27560824252745136,0.9729716778956279,1.0
100034526|F|0-38:G>A-38:G>A,,,0.19473684210526315,0.00442725886765064,0.008434218716362758,0.5249162983005837,0.6009320552506698,0.2755371202215874,0.9729716778956279,1.0
100018351|F|0-64:C>T-64:C>T,,,0.3105263157894737,0.0033657577649835774,0.0064284056151469775,0.5235758236930455,0.6018604692770081,0.27413164315585103,0.9729716778956279,1.0
100016431|F|0-28:C>T-28:C>T,,,0.1,-0.004974731118309371,0.00950830042482385,-0.5231987732867129,0.6021217332140452,0.27373695636872125,0.9729716778956279,1.0
100033253|F|0-41:A>G-41:A>G,,,0.30526315789473685,0.0034840658333680934,0.006659763488460301,0.5231515862995894,0.6021544334508606,0.2736875822477767,0.9729716778956279,1.0
100017840|F|0-30:G>A-30:G>A,,,0.07894736842105263,0.005342445993132291,0.010219938391623377,0.5227473775684547,0.6024345804792631,0.27326482075469655,0.9729716778956279,1.0
100019483|F|0-18:A>T-18:A>T,,,0.49473684210526314,-0.003630104378485087,0.006962075736527286,-0.5214112164048073,0.6033610650905695,0.27186965659274076,0.9729716778956279,1.0
100016551|F|0-65:A>C-65:A>C,Vu11 (old9),32255711.0,0.05789473684210526,0.0070456284591964135,0.013512851662665845,0.5214020426689444,0.6033674283447148,0.27186009009934775,0.9729716778956279,1.0
100038668|F|0-20:A>G-20:A>G,,,0.06842105263157895,-0.005884185039029899,0.011307930958368774,-0.5203591232289168,0.6040910370898425,0.270773617127567,0.9729716778956279,1.0
100040128|F|0-22:T>C-22:T>C,,,0.06842105263157895,-0.005884185039029899,0.011307930958368774,-0.5203591232289168,0.6040910370898425,0.270773617127567,0.9729716778956279,1.0
100015847|F|0-7:G>A-7:G>A,,,0.05789473684210526,-0.006101149446329348,0.011734511255522379,-0.5199321312558361,0.6043874111909735,0.270329421112236,0.9729716778956279,1.0
100029850|F|0-32:T>C-32:T>C,,,0.45263157894736844,-0.003134021105785204,0.006028030463669016,-0.5199079740346324,0.6044041806431207,0.270304301464796,0.9729716778956279,1.0
100030290|F|0-11:A>C-11:A>C,,,0.49473684210526314,0.003990671470308871,0.007683439562732072,0.5193860689248229,0.6047665283989889,0.26976188859318084,0.9729716778956279,1.0
100022139|F|0-65:T>C-65:T>C,,,0.49473684210526314,0.003990671470308871,0.007683439562732072,0.5193860689248229,0.6047665283989889,0.26976188859318084,0.9729716778956279,1.0
100051719|F|0-44:C>T-44:C>T,,,0.4842105263157895,0.0036318115759218267,0.0069935500253430136,0.5193087291520013,0.6048202322053903,0.2696815561734667,0.9729716778956279,1.0
100035151|F|0-30:T>C-30:T>C,,,0.06315789473684211,0.006846959581787242,0.013231035945037143,0.5174923271488415,0.6060821445951409,0.26779830865792364,0.9730605323806736,1.0
100021842|F|0-18:C>G-18:C>G,,,0.30526315789473685,0.004349533864072,0.00840786166615084,0.517317486511792,0.6062036751297506,0.2676173818508781,0.9730605323806736,1.0
100033420|F|0-60:C>A-60:C>A,,,0.33157894736842103,0.003665554558429602,0.007118404289238206,0.5149404851830747,0.6078570108817709,0.26516370328058037,0.9730605323806736,1.0
100016486|F|0-61:G>C-61:G>C,,,0.11578947368421053,0.006735547615724124,0.013084640551634242,0.5147674931645615,0.6079774161626352,0.26498557201892686,0.9730605323806736,1.0
100021685|F|0-34:T>A-34:T>A,Vu06 (old6),22297694.0,0.23684210526315788,-0.003734744430574714,0.007266395417479537,-0.5139748411696219,0.6085292531478301,0.26417013735533806,0.9730605323806736,1.0
100028940|F|0-16:C>T-16:C>T,,,0.3368421052631579,0.003289423484635355,0.006409096772216454,0.5132429110596461,0.6090390174390914,0.2634182857529798,0.9730605323806736,1.0
100029504|F|0-25:T>C-25:T>C,,,0.49473684210526314,-0.0039504124678229335,0.007699498496050491,-0.5130739969427001,0.6091566877757076,0.2632449263387578,0.9730605323806736,1.0
100054502|F|0-47:T>C-47:T>C,,,0.21578947368421053,0.004269518590920507,0.008370001799030578,0.5100976909485261,0.6112317508728574,0.26019965431101805,0.9733953239447488,1.0
100030242|F|0-19:A>G-19:A>G,,,0.23157894736842105,0.0034899812501354628,0.006850224505456703,0.509469616266655,0.611670047475782,0.2595592898988927,0.9733953239447488,1.0
100020025|F|0-58:A>C-58:A>C,,,0.32105263157894737,-0.003605545760914979,0.00707727952606211,-0.5094536322378596,0.6116812036409196,0.25954300340034825,0.9733953239447488,1.0
100018779|F|0-10:A>G-10:A>G,Vu09 (old8),32879608.0,0.41578947368421054,0.003312075100851577,0.00652088221532468,0.5079182526971415,0.612753259217259,0.2579809514229173,0.9733953239447488,1.0
100015585|F|0-38:T>C-38:T>C,,,0.38421052631578945,-0.0034640062696418383,0.006853782290733076,-0.5054152762228067,0.6145027317072177,0.255444601439376,0.9733953239447488,1.0
100016754|F|0-66:C>A-66:C>A,Vu01 (old4),1290094.0,0.41578947368421054,-0.0033015291129587284,0.006534628975301477,-0.5052358941016099,0.6146281979070907,0.2552633086886531,0.9733953239447488,1.0
100014938|F|0-65:C>T-65:C>T,,,0.29473684210526313,-0.00475449769780338,0.009424804457459279,-0.5044664554329744,0.6151665005522465,0.25448640465710914,0.9733953239447488,1.0
100044452|F|0-43:C>T-43:C>T,Vu05 (old1),1696325.0,0.07368421052631578,-0.005780330519929161,0.011502094048528927,-0.5025459273364612,0.6165110292082818,0.25255240908246374,0.9733953239447488,1.0
100028477|F|0-24:T>G-24:T>G,,,0.08947368421052632,0.005355936230634175,0.010669266968737417,0.5019966457234492,0.6168958127101857,0.2520006323175941,0.9733953239447488,1.0
100040372|F|0-42:A>T-42:A>T,,,0.23404255319148937,0.003695589438903708,0.007397699713167495,0.49955926601424006,0.6186045388188681,0.24955946026068626,0.9733953239447488,1.0
100032856|F|0-37:A>G-37:A>G,,,0.18947368421052632,0.004454875198575008,0.00892415323473508,0.49919304178187995,0.6188614620611149,0.24919369296344573,0.9733953239447488,1.0
100041635|F|0-30:A>G-30:A>G,,,0.1368421052631579,0.005161656028120362,0.010351736148467166,0.4986270857458702,0.6192585995519219,0.2486289706394194,0.9733953239447488,1.0
100029793|F|0-30:G>A-30:G>A,,,0.09473684210526316,-0.004670736887170527,0.00937002135309648,-0.4984766534845733,0.6193641785189549,0.24847897406917938,0.9733953239447488,1.0
100029328|F|0-28:G>C-28:G>C,,,0.39473684210526316,0.0034423796560142336,0.0069123296572565,0.498005712502507,0.6196947540586273,0.24800968968512968,0.9733953239447488,1.0
100013326|F|0-33:T>A-33:T>A,,,0.20526315789473684,0.0037674482775979846,0.0075850802205442895,0.4966919489386284,0.6206173593651123,0.24670289214045305,0.9733953239447488,1.0
100032753|F|0-47:A>G-47:A>G,,,0.2631578947368421,-0.0035233746841289272,0.0070981340871906565,-0.4963804065757555,0.6208362326301857,0.24639350803231233,0.9733953239447488,1.0
100014627|F|0-15:C>G-15:C>G,,,0.3526315789473684,0.003093861331640565,0.006233203673880219,0.4963517147057401,0.6208563917445035,0.2463650246913284,0.9733953239447488,1.0
100014566|F|0-58:T>A-58:T>A,,,0.06842105263157895,-0.005814941535693115,0.01173107685976609,-0.49568693524091884,0.621323551611359,0.24570553776853488,0.9733953239447488,1.0
100017539|F|0-11:A>T-11:A>T,,,0.07368421052631578,-0.006124901234620413,0.012356727756728794,-0.4956733979418725,0.6213330662786309,0.24569211742724187,0.9733953239447488,1.0
100034348|F|0-49:T>G-49:T>G,,,0.24736842105263157,0.0035026542626030764,0.007071925691686572,0.495290026409728,0.6216025450206567,0.24531221026094907,0.9733953239447488,1.0
100014339|F|0-37:C>G-37:C>G,,,0.15789473684210525,-0.004134409518356196,0.00838729299050557,-0.4929372949098541,0.6232574512171436,0.24298717671304448,0.9746105457074286,1.0
100018797|F|0-41:C>G-41:C>G,,,0.21578947368421053,-0.003338150077313651,0.006802032412854131,-0.49075774337760975,0.6247922710941913,0.24084316268508385,0.9746105457074286,1.0
100018697|F|0-15:T>C-15:T>C,,,0.22631578947368422,-0.003676774033600981,0.007498830892975106,-0.49031296825820914,0.6251056812656209,0.2404068068421756,0.9746105457074286,1.0
100018053|F|0-15:A>T-15:A>T,,,0.16842105263157894,0.0037937063647501632,0.007764689580643729,0.48858442122494317,0.6263243536064231,0.2387147366637127,0.9746105457074286,1.0
100040044|F|0-66:G>T-66:G>T,,,0.47368421052631576,0.003566556330579593,0.0073125691371193225,0.4877295877416599,0.6269274181945778,0.23788015075864954,0.9746105457074286,1.0
100015328|F|0-33:T>C-33:T>C,,,0.2789473684210526,0.003486700855466007,0.0071741347796632614,0.4860099458055715,0.6281413523793591,0.23620566742193455,0.9746105457074286,1.0
100021345|F|0-28:C>T-28:C>T,,,0.48947368421052634,0.003714287507885144,0.007655432041259575,0.485183264362702,0.6287252900063258,0.23540280001764757,0.9746105457074286,1.0
100015889|F|0-55:C>G-55:C>G,Vu04 (old11),34569598.0,0.46842105263157896,-0.003041586437702097,0.006294432616653514,-0.4832185238832823,0.6301140584298824,0.23350014182393825,0.9746105457074286,1.0
100017161|F|0-55:C>T-55:C>T,,,0.05789473684210526,0.005251920380217362,0.010875724759267,0.48290302453105943,0.6303371918726051,0.233195331101245,0.9746105457074286,1.0
100017423|F|0-27:G>C-27:G>C,,,0.08947368421052632,0.00531078795348646,0.010999612026859392,0.4828159339182434,0.6303987917888757,0.23311122604534557,0.9746105457074286,1.0
100015245|F|0-49:A>G-49:A>G,Vu03 (old3),7443089.0,0.06315789473684211,0.005875667139741658,0.012178296554523908,0.4824703613872013,0.6306432438640878,0.2327776496170966,0.9746105457074286,1.0
100035862|F|0-6:T>G-6:T>G,Vu10 (old10),39567399.0,0.38421052631578945,-0.003448641650990548,0.0071623795760969835,-0.4814938407480809,0.6313342399285243,0.23183631867833826,0.9746105457074286,1.0
100016325|F|0-60:C>T-60:C>T,Vu09 (old8),1016914.0,0.24736842105263157,0.00389441559598037,0.00809716883652798,0.48096015713688306,0.6317120184851172,0.23132267275313526,0.9746105457074286,1.0
100013918|F|0-61:T>G-61:T>G,,,0.33157894736842103,-0.0037310989880473392,0.007768736926427189,-0.480270991717473,0.6322000026197622,0.23066022548528503,0.9746105457074286,1.0
100034306|F|0-9:C>T-9:C>T,,,0.23157894736842105,-0.00394444674083215,0.008247340252437821,-0.4782689473331982,0.6336185333305996,0.2287411859832055,0.9746105457074286,1.0
100059231|F|0-56:A>G-56:A>G,,,0.47368421052631576,-0.002952863978285612,0.006182963193676726,-0.4775807142610012,0.6341064915161407,0.22808333863404806,0.9746105457074286,1.0
100016465|F|0-15:G>A-15:G>A,,,0.13978494623655913,-0.0037414065752898887,0.007872615294890386,-0.47524316064550975,0.6357650270606993,0.2258560617403338,0.9746105457074286,1.0
100032835|F|0-6:G>C-6:G>C,,,0.3722222222222222,-0.004783045776754,0.0100656458953937,-0.47518518200037674,0.6358061875921324,0.22580095719273116,0.9746105457074286,1.0
100015896|F|0-17:T>A-17:T>A,,,0.05789473684210526,0.00631558041737046,0.013293248995103544,0.4750968269455233,0.6358689153176659,0.2257169949737045,0.9746105457074286,1.0
100033589|F|0-16:T>C-16:T>C,,,0.14736842105263157,-0.003649776727279417,0.007694497837113025,-0.4743359221800513,0.6364092300027249,0.22499456707039966,0.9746105457074286,1.0
100030652|F|0-8:A>C-8:A>C,,,0.12631578947368421,0.005219944165525581,0.011044546125003345,0.47262640822408625,0.6376238644618533,0.22337572175080062,0.9746105457074286,1.0
100047320|F|0-54:C>T-54:C>T,,,0.12631578947368421,0.005219944165525581,0.011044546125003345,0.47262640822408625,0.6376238644618533,0.22337572175080062,0.9746105457074286,1.0
100017843|F|0-41:T>C-41:T>C,,,0.4421052631578947,-0.0028670735853685604,0.006069700804727136,-0.47235830522909106,0.6378144454248384,0.22312236851889916,0.9746105457074286,1.0
100016689|F|0-47:G>T-47:G>T,,,0.18421052631578946,0.0035925965357647984,0.007606501934896335,0.472306004325464,0.6378516263503373,0.2230729617218852,0.9746105457074286,1.0
100058671|F|0-36:C>G-36:C>G,Vu05 (old1),1696325.0,0.3368421052631579,-0.002923508046108619,0.006197394578573762,-0.4717317913266418,0.638259897610505,0.2225308829482423,0.9746105457074286,1.0
100040372|F|0-41:A>T-41:A>T,,,0.06043956043956044,-0.0051288873136132035,0.010873945866869739,-0.4716675415167986,0.638305586817813,0.22247026972050096,0.9746105457074286,1.0
100041312|F|0-45:T>A-45:T>A,,,0.28421052631578947,0.004237108240357298,0.00900556563130453,0.47049884636102735,0.6391369107731315,0.22136916442705762,0.9746780555419956,1.0
100014340|F|0-44:A>G-44:A>G,,,0.06842105263157895,0.0057044296530124085,0.012178044804491826,0.4684191711060507,0.6406173790807395,0.21941651985967958,0.9746780555419956,1.0
100044127|F|0-8:G>A-8:G>A,,,0.06315789473684211,0.006841630303548514,0.014657304711440205,0.46677274152651943,0.6417904631701613,0.21787679223218293,0.9746780555419956,1.0
100039064|F|0-19:C>T-19:C>T,,,0.1368421052631579,0.004668189278458878,0.01000376978243305,0.466643013582377,0.6418829332631384,0.21775570212524245,0.9746780555419956,1.0
100034199|F|0-61:A>C-61:A>C,,,0.11052631578947368,0.00418369861741729,0.008999013465629363,0.46490636261368173,0.6431213615297023,0.21613792599868412,0.9746780555419956,1.0
100019390|F|0-56:C>T-56:C>T,,,0.22631578947368422,0.0039655721194563395,0.00853277584826992,0.46474584472535824,0.6432358798964373,0.2159887001894868,0.9746780555419956,1.0
100022008|F|0-51:G>C-51:G>C,,,0.3157894736842105,0.0028507687862788806,0.006150327574483382,0.4635149513184005,0.6441143231058462,0.21484611009569918,0.9746780555419956,1.0
100035126|F|0-11:T>C-11:T>C,Vu04 (old11),37919761.0,0.5,0.0028995265570751264,0.006259060018735255,0.4632527166053638,0.6443015357240731,0.21460307944224952,0.9746780555419956,1.0
100048192|F|0-15:C>T-15:C>T,,,0.30526315789473685,-0.004039801101344403,0.00874442658926718,-0.4619858214948953,0.6452063108481518,0.21343089926231326,0.9746780555419956,1.0
100034612|F|0-26:G>A-26:G>A,,,0.12631578947368421,0.0037920076744660343,0.008227731838710185,0.4608812913208029,0.6459955662732174,0.2124115646895308,0.9746780555419956,1.0
100038943|F|0-17:C>T-17:C>T,,,0.42105263157894735,0.002905164299586471,0.006307718624658305,0.4605729063800538,0.6462159988961638,0.21212740209136982,0.9746780555419956,1.0
100029472|F|0-28:G>A-28:G>A,,,0.20526315789473684,-0.0035696486026098196,0.007753298625755586,-0.46040385839800474,0.6463368472858599,0.21197171282777,0.9746780555419956,1.0
100034817|F|0-14:G>A-14:G>A,,,0.22043010752688172,0.0033583458566307798,0.007305919059209044,0.45967465960324533,0.6468582428974521,0.21130079268135946,0.9746780555419956,1.0
100013122|F|0-67:G>A-67:G>A,,,0.15789473684210525,-0.004314673774422431,0.009408456298104873,-0.45859529318231806,0.6476303408358741,0.21030964292897625,0.9746780555419956,1.0
100017988|F|0-49:T>G-49:T>G,,,0.16842105263157894,-0.0036394801951627758,0.007938170984236052,-0.45847843317940695,0.6477139568820833,0.21020247369064393,0.9746780555419956,1.0
100022286|F|0-67:T>G-67:T>G,,,0.10526315789473684,0.004274404884270058,0.009405316926791595,0.4544668635348338,0.6505870624158395,0.20654013005118924,0.9746780555419956,1.0
100020809|F|0-53:C>G-53:C>G,,,0.1,0.0047710870895863846,0.010503010194963823,0.45425901727431567,0.6507360673408844,0.20635125477502703,0.9746780555419956,1.0
100034782|F|0-41:G>A-41:G>A,,,0.06818181818181818,-0.005293906941971057,0.011654353045705456,-0.45424288428621296,0.6507476336691127,0.20633659792465786,0.9746780555419956,1.0
100020912|F|0-63:C>T-63:C>T,,,0.3736842105263158,-0.002875386068756539,0.006331188670068438,-0.45416212003763534,0.6508055377932915,0.2062632312770795,0.9746780555419956,1.0
100013640|F|0-30:A>G-30:A>G,,,0.07894736842105263,0.005177583640023784,0.011414080591175326,0.4536137272437675,0.6511987659910774,0.20576541354398306,0.9746780555419956,1.0
100021860|F|0-9:A>C-9:A>C,,,0.1631578947368421,0.0035313454397017793,0.00778530161287635,0.4535913462698964,0.6512148164934892,0.20574510941093704,0.9746780555419956,1.0
100019664|F|0-61:T>C-61:T>C,,,0.42105263157894735,-0.0032149069747015465,0.007136821249627336,-0.4504676328932043,0.6534565953169744,0.20292108828440666,0.9771141382982202,1.0
100043408|F|0-39:C>A-39:C>A,,,0.05851063829787234,0.005423458940206401,0.012119377609975552,0.44750309089654167,0.6555870880670719,0.20025901636195842,0.9771820531102938,1.0
100013529|F|0-11:C>G-11:C>G,,,0.4,-0.002812796545221452,0.006285834413706506,-0.44748180752073896,0.6556023938761104,0.20023996806202768,0.9771820531102938,1.0
100013842|F|0-67:A>G-67:A>G,,,0.10526315789473684,0.0045256426605112315,0.010160450022196014,0.4454175406231749,0.6570875967464087,0.19839678549479767,0.9771820531102938,1.0
100033600|F|0-16:A>G-16:A>G,,,0.14210526315789473,-0.004100606727793937,0.009208304846145142,-0.44531613541341075,0.6571605915292196,0.19830646045953518,0.9771820531102938,1.0
100053174|F|0-19:G>C-19:G>C,,,0.11052631578947368,-0.004094073387851389,0.009201665534423106,-0.4449274289024748,0.6574404259755523,0.19796041698976674,0.9771820531102938,1.0
100013792|F|0-5:A>G-5:A>G,Vu03 (old3),47359227.0,0.3526315789473684,0.002852463235719664,0.006429019762169021,0.44368556035629614,0.6583347889830813,0.1968568764686805,0.9771820531102938,1.0
100034022|F|0-63:A>C-63:A>C,,,0.1802325581395349,-0.0035773192838447062,0.008070457358072077,-0.4432610352951892,0.6586406355471247,0.19648034541096293,0.9771820531102938,1.0
100044760|F|0-9:A>T-9:A>T,Vu07 (old2),52829.0,0.3263157894736842,-0.0032800046973453707,0.007412254537237268,-0.442511071478653,0.6591810844155822,0.19581604838118552,0.9771820531102938,1.0
100035739|F|0-60:C>T-60:C>T,,,0.28421052631578947,-0.003334998683072245,0.007552429862032821,-0.4415795636630504,0.6598526119067885,0.19499251104485,0.9771820531102938,1.0
100018671|F|0-6:A>T-6:A>T,Vu11 (old9),36066452.0,0.2631578947368421,0.0031651385687633034,0.007168690498478343,0.44152255832988596,0.6598937163219932,0.19494216951416754,0.9771820531102938,1.0
100017598|F|0-46:C>G-46:C>G,,,0.43157894736842106,-0.003185985537893134,0.007224174948375973,-0.441017217974401,0.6602581439934417,0.19449618654988035,0.9771820531102938,1.0
100017935|F|0-68:T>C-68:T>C,,,0.14210526315789473,0.0039207845113849015,0.008927128670465564,0.43919883493517814,0.6615701536931126,0.19289561660841786,0.9779426321662501,1.0
100014250|F|0-55:T>C-55:T>C,,,0.45263157894736844,-0.0027343024914504247,0.00623413878370394,-0.4386014791005136,0.6620013921075119,0.19237125746915829,0.9779426321662501,1.0
100013001|F|0-27:G>C-27:G>C,Vu03 (old3),7683103.0,0.4473684210526316,0.0028842445933119363,0.0066345084686189335,0.4347337269903783,0.6647963226617548,0.18899341338294479,0.9801796813217815,1.0
100043216|F|0-30:A>T-30:A>T,,,0.06842105263157895,0.0050988337107662025,0.011763077857412086,0.43346084864628803,0.6657171747053579,0.18788830730916023,0.9801796813217815,1.0
100043217|F|0-12:G>T-12:G>T,,,0.06842105263157895,0.0050988337107662025,0.011763077857412086,0.43346084864628803,0.6657171747053579,0.18788830730916023,0.9801796813217815,1.0
100029409|F|0-44:A>G-44:A>G,,,0.06842105263157895,-0.005345447578870033,0.012366833802867915,-0.4322405931929322,0.6666004386520179,0.18683193040377788,0.9801796813217815,1.0
100016303|F|0-55:T>G-55:T>G,,,0.38421052631578945,-0.0025228743402393584,0.005854894051309886,-0.4309000842935712,0.6675712882311357,0.18567488264420676,0.9801796813217815,1.0
100059436|F|0-49:A>C-49:A>C,,,0.3157894736842105,-0.004282460562025622,0.009964855912562926,-0.4297563958377586,0.6684000401721248,0.18469055976346024,0.9801796813217815,1.0
100059437|F|0-44:G>C-44:G>C,,,0.3157894736842105,-0.004282460562025622,0.009964855912562926,-0.4297563958377586,0.6684000401721248,0.18469055976346024,0.9801796813217815,1.0
100013521|F|0-57:C>G-57:C>G,Vu02 (old7),20518913.0,0.07894736842105263,-0.0042825080068206265,0.00996793031994959,-0.42962860587515467,0.6684926662727076,0.18458073898622898,0.9801796813217815,1.0
100014023|F|0-11:A>G-11:A>G,,,0.10526315789473684,-0.004313451780390725,0.010071559839432863,-0.4282804102997435,0.6694701923560301,0.18342410984651664,0.9801796813217815,1.0
100018919|F|0-66:C>A-66:C>A,,,0.06315789473684211,0.0045513530644673145,0.010634102586957506,0.42799597119266547,0.6696765013178985,0.18318055135715294,0.9801796813217815,1.0
100014878|F|0-32:G>A-32:G>A,,,0.1,0.004374691897194178,0.01027012620970469,0.42596281758060006,0.6711519225943504,0.18144432196120355,0.9809275304291137,1.0
100019259|F|0-35:C>T-35:C>T,,,0.12087912087912087,-0.0036057964679268423,0.00847240849866124,-0.42559284865650765,0.6714205409411093,0.18112927282756103,0.9809275304291137,1.0
100014320|F|0-23:C>T-23:C>T,,,0.23684210526315788,0.0028957673734356718,0.006828793313723487,0.4240525727460797,0.6725393267115771,0.17982058445256924,0.9810939891941471,1.0
100034443|F|0-52:T>G-52:T>G,,,0.4421052631578948,0.0025749891429780415,0.006085208320820156,0.4231554627584201,0.6731912863221844,0.17906054566229265,0.9810939891941471,1.0
100014668|F|0-30:A>T-30:A>T,,,0.26842105263157895,0.0033712923961633496,0.007981410762180853,0.4223930451165218,0.6737455569052175,0.17841588456280805,0.9810939891941471,1.0
100019588|F|0-22:A>G-22:A>G,,,0.21578947368421053,-0.003288780271079973,0.007792549305395862,-0.4220416377478285,0.6740010874853569,0.1781191439928693,0.9810939891941471,1.0
100015285|F|0-54:T>C-54:T>C,,,0.1631578947368421,-0.0032794871377505408,0.007800601545787783,-0.4204146460373198,0.6751846743724826,0.17674847460268492,0.9819184798232357,1.0
100041313|F|0-65:C>T-65:C>T,Vu03 (old3),62938472.0,0.14210526315789473,-0.0035619188166049697,0.008521847700787202,-0.4179749441281307,0.6769610139264345,0.17470305391891397,0.9820756291777888,1.0
100044261|F|0-5:T>A-5:T>A,Vu09 (old8),3387810.0,0.4105263157894737,-0.002570922816362181,0.006151348852472167,-0.4179445643582631,0.6769831448916415,0.17467765887661832,0.9820756291777888,1.0
100029346|F|0-46:T>A-46:T>A,,,0.20430107526881713,0.0029833483455373776,0.007213588342037564,0.41357341229908545,0.6801703761808015,0.1710429673607093,0.9820756291777888,1.0
100021973|F|0-54:T>C-54:T>C,,,0.16842105263157894,0.0032999334091505673,0.007999013647147139,0.4125425402077535,0.6809228879545938,0.1701913474810659,0.9820756291777888,1.0
100020248|F|0-34:C>A-34:C>A,,,0.19473684210526315,-0.0032726994368530724,0.007949436470061728,-0.4116894888308554,0.6815458391855647,0.16948823521381098,0.9820756291777888,1.0
100044425|F|0-18:G>C-18:G>C,,,0.16489361702127658,0.003569527042466948,0.008682879587074602,0.4110994522808507,0.6819768498319331,0.16900275966561545,0.9820756291777888,1.0
100038902|F|0-22:A>T-22:A>T,,,0.24736842105263157,-0.002680225969145112,0.0065258735756071945,-0.41070761455806054,0.6822631382633325,0.1686807446559724,0.9820756291777888,1.0
100014109|F|0-25:C>A-25:C>A,,,0.08421052631578947,-0.004375220257007095,0.010658129716001838,-0.4105054426611316,0.6824108693232015,0.1685147184544116,0.9820756291777888,1.0
100021048|F|0-66:C>T-66:C>T,,,0.4368421052631579,0.003069247527832385,0.007484383684194159,0.41008687653388926,0.6827167633108532,0.16817124630532132,0.9820756291777888,1.0
100048883|F|0-64:T>A-64:T>A,,,0.15789473684210525,-0.003816295782693625,0.009319057236469273,-0.4095152208915407,0.683134622865427,0.16770271614184737,0.9820756291777888,1.0
100030002|F|0-15:C>G-15:C>G,,,0.23684210526315788,0.0026474536330380123,0.006465825167008035,0.40945332802171674,0.6831798702357273,0.16765202782805957,0.9820756291777888,1.0
100044506|F|0-28:G>A-28:G>A,,,0.05263157894736842,-0.004284472430035605,0.010496438115003682,-0.4081834602455618,0.6841084743771724,0.16661373721804013,0.9820756291777888,1.0
100017630|F|0-52:A>T-52:A>T,,,0.15263157894736842,0.0031571839574681035,0.007743361860519406,0.4077278079390089,0.6844417934315563,0.16624196536674934,0.9820756291777888,1.0
100019856|F|0-16:C>T-16:C>T,Vu07 (old2),39191443.0,0.07894736842105263,-0.0042628631857254025,0.010549763491048114,-0.4040719196541807,0.6871184087306074,0.16327411625301466,0.9820756291777888,1.0
100054559|F|0-34:G>C-34:G>C,,,0.11290322580645162,-0.0032616958541339513,0.00808041981655827,-0.40365425660807064,0.6874244505353465,0.16293675887781414,0.9820756291777888,1.0
100036015|F|0-34:G>A-34:G>A,Vu02 (old7),24184641.0,0.07368421052631578,0.004169393249398514,0.0103560807740103,0.4026033921888728,0.6881946997080973,0.16208949140198733,0.9820756291777888,1.0
100013040|F|0-46:A>G-46:A>G,,,0.09473684210526316,0.004363704001704106,0.01084217046583868,0.4024751331343837,0.6882887319314132,0.1619862327915399,0.9820756291777888,1.0
100013542|F|0-30:C>G-30:C>G,,,0.12105263157894737,-0.003774329470780296,0.00940343796194102,-0.4013776116837606,0.68909357225942,0.16110398716095972,0.9820756291777888,1.0
100019999|F|0-68:T>C-68:T>C,,,0.21505376344086022,-0.0032440829285048886,0.008099634723412758,-0.4005221271432847,0.6897211690514486,0.16041797433138152,0.9820756291777888,1.0
100020859|F|0-32:T>C-32:T>C,,,0.13157894736842105,0.003442754594266718,0.008611873983613462,0.39976834319888294,0.6902743366179313,0.15981472822397985,0.9820756291777888,1.0
100035750|F|0-64:T>C-64:T>C,,,0.3631578947368421,-0.0031478312201799192,0.007892083331794713,-0.39885934902616915,0.6909416296583097,0.15908878030557944,0.9820756291777888,1.0
100058965|F|0-54:C>G-54:C>G,,,0.46842105263157896,-0.0029966778489706543,0.007540304361122061,-0.39742133811223546,0.6919977727546665,0.15794371998691978,0.9820756291777888,1.0
100028703|F|0-9:T>G-9:T>G,,,0.45789473684210524,0.002685450602900213,0.006758540170809407,0.3973418127332965,0.6920561977462588,0.15788051614618206,0.9820756291777888,1.0
100034520|F|0-31:G>A-31:G>A,,,0.2736842105263158,0.003293633615459217,0.008305675315728232,0.39655217550126864,0.6926364224012744,0.15725362789478897,0.9820756291777888,1.0
100019323|F|0-14:A>G-14:A>G,Vu03 (old3),17470074.0,0.08421052631578947,-0.004032764135377783,0.010173989970219295,-0.39637980253393734,0.6927631062865032,0.15711694785684316,0.9820756291777888,1.0
100039953|F|0-31:A>G-31:A>G,,,0.3368421052631579,-0.003015328780326416,0.007614721580670571,-0.3959867407339769,0.6930520160173449,0.15680549883711783,0.9820756291777888,1.0
100043222|F|0-20:C>A-20:C>A,,,0.47368421052631576,-0.002431562130545655,0.006145157229152269,-0.39568753733597983,0.6932719680297719,0.15656862720301243,0.9820756291777888,1.0
100015904|F|0-54:T>C-54:T>C,,,0.1,0.004346922554128412,0.010990105623278316,0.39553055294765566,0.6933873817530157,0.15644441831507824,0.9820756291777888,1.0
100020903|F|0-13:G>T-13:G>T,,,0.25263157894736843,-0.0028447183587281917,0.007247942199541769,-0.3924863472156333,0.6956268858272597,0.15404553275067065,0.9820756291777888,1.0
100029488|F|0-5:C>T-5:C>T,,,0.23684210526315788,-0.003224583252248333,0.008232908264842985,-0.3916700087644947,0.6962278946167803,0.15340539576557935,0.9820756291777888,1.0
100017508|F|0-26:G>A-26:G>A,,,0.4368421052631579,-0.0023420516333203362,0.006003213382459724,-0.39013299779804206,0.6973600067628946,0.1522037559708871,0.9820756291777888,1.0
100046246|F|0-7:G>A-7:G>A,,,0.06842105263157895,0.0048232253817640834,0.012363722148341175,0.39011111086892303,0.6973761329162856,0.15218667882338516,0.9820756291777888,1.0
100014127|F|0-16:C>T-16:C>T,,,0.37894736842105264,-0.00262658990887358,0.006735273302162248,-0.3899752528275811,0.697476235385741,0.15208069781793582,0.9820756291777888,1.0
100047334|F|0-54:C>T-54:C>T,,,0.12631578947368421,0.003928849470541174,0.010083236269081086,0.38964171479235016,0.6977220144719224,0.15182066590632315,0.9820756291777888,1.0
100033353|F|0-46:A>T-46:A>T,,,0.06914893617021277,0.0042223526165890216,0.010858344266477632,0.38885786939215566,0.6982997450690813,0.1512104425882068,0.9820756291777888,1.0
100014107|F|0-10:A>C-10:A>C,,,0.07894736842105263,0.0036735655694529273,0.009488304300563865,0.3871677649750985,0.6995460353266031,0.14989887823581313,0.9820756291777888,1.0
100014402|F|0-62:C>T-62:C>T,,,0.46808510638297873,-0.0026191049053279135,0.006777989031694485,-0.38641326993607455,0.7001026692539671,0.14931521518268961,0.9820756291777888,1.0
100033265|F|0-68:G>A-68:G>A,,,0.05789473684210526,-0.005027434087973543,0.013025464870717672,-0.3859696477532739,0.700430031088932,0.14897256898678635,0.9820756291777888,1.0
100021389|F|0-57:T>C-57:T>C,,,0.2736842105263158,-0.002412289317083881,0.006252360153236107,-0.3858205954171281,0.7005400338874155,0.14885753184802725,0.9820756291777888,1.0
100029006|F|0-13:A>C-13:A>C,,,0.08421052631578947,0.003984193532678017,0.010373661391357442,0.3840682071999524,0.7018338002746534,0.14750838778178554,0.9820756291777888,1.0
100060605|F|0-5:C>T-5:C>T,,,0.07446808510638298,0.0043864907540043865,0.01143454855231155,0.383617309764069,0.7021668345987399,0.14716224035062167,0.9820756291777888,1.0
100041804|F|0-61:A>T-61:A>T,,,0.3103448275862069,0.0024324119056050196,0.006344265879408385,0.3834032103698414,0.7023249894796375,0.14699802172190085,0.9820756291777888,1.0
100016298|F|0-19:G>A-19:G>A,,,0.4473684210526316,0.0025312479459448692,0.006655947686660415,0.3802986539419316,0.7046197900805865,0.14462706619004503,0.9820756291777888,1.0
100018913|F|0-12:G>A-12:G>A,,,0.35789473684210527,0.0024716909898004112,0.0065062378704587925,0.3798955769851246,0.7049179343350527,0.14432064941286074,0.9820756291777888,1.0
100021715|F|0-7:C>A-7:C>A,,,0.35789473684210527,-0.0027615487883450984,0.0072972040592439455,-0.37843929893214734,0.7059954844578887,0.14321630297625518,0.9820756291777888,1.0
100019628|F|0-65:T>G-65:T>G,,,0.3526315789473684,-0.002544437701721621,0.006723820418670682,-0.37842142461988354,0.7060087140044394,0.1432027746113422,0.9820756291777888,1.0
100017684|F|0-22:A>G-22:A>G,,,0.24210526315789474,-0.0030929734212950784,0.008218131342302341,-0.37635969692698656,0.7075352924837032,0.14164662147097318,0.9820756291777888,1.0
100056084|F|0-56:G>T-56:G>T,Vu11 (old9),1725731.0,0.2,0.0028377818994032213,0.007549112533840294,0.375909338572228,0.7078689136496363,0.14130783082580997,0.9820756291777888,1.0
100043254|F|0-7:C>G-7:C>G,,,0.3,0.002877367465334795,0.0076631085030705835,0.375483064631258,0.7081847458431652,0.1409875318248815,0.9820756291777888,1.0
100017285|F|0-30:C>T-30:C>T,Vu07 (old2),34134592.0,0.24210526315789474,-0.003049226172918499,0.00812986600835919,-0.37506475134808637,0.7084947294934913,0.14067356770380185,0.9820756291777888,1.0
100015678|F|0-23:A>G-23:A>G,,,0.30526315789473685,-0.0023666826730088203,0.006365313726870466,-0.37180927359764404,0.7109088180279829,0.13824213593320772,0.9820756291777888,1.0
100021950|F|0-63:C>T-63:C>T,,,0.09473684210526316,0.0035627172859053606,0.009597533880836477,0.37121174357290737,0.7113522356718437,0.13779815856643793,0.9820756291777888,1.0
100040378|F|0-57:G>A-57:G>A,,,0.3368421052631579,-0.0025179840413006075,0.006804501330927072,-0.37004681443093307,0.7122169966882477,0.1369346448704814,0.9820756291777888,1.0
100014000|F|0-40:A>G-40:A>G,,,0.2578947368421053,-0.0025489219300913633,0.006908119084586871,-0.3689748104919644,0.7130131092164429,0.13614241077758105,0.9820756291777888,1.0
100015597|F|0-7:A>G-7:A>G,,,0.19473684210526315,0.003099913496984815,0.008480319037224997,0.36554208436941016,0.7155645228405312,0.13362101544513297,0.9820756291777888,1.0
100033535|F|0-8:A>G-8:A>G,,,0.12105263157894737,-0.00328237451348412,0.00898025589231568,-0.36551013165368895,0.7155882873020176,0.13359765634149703,0.9820756291777888,1.0
100021376|F|0-67:G>C-67:G>C,,,0.25263157894736843,0.0030923978780958952,0.008469056572122005,0.3651407747440592,0.7158630125525594,0.1333277853806918,0.9820756291777888,1.0
100032842|F|0-24:A>C-24:A>C,Vu05 (old1),2448565.0,0.30526315789473685,-0.0035563478336716543,0.009752943756958753,-0.3646435294096913,0.7162329194524434,0.1329649035403564,0.9820756291777888,1.0
100018958|F|0-51:A>G-51:A>G,,,0.06315789473684211,-0.004470451416631069,0.012260982361428075,-0.36460793147331316,0.7162594037923085,0.13293894369324824,0.9820756291777888,1.0
100033254|F|0-20:A>G-20:A>G,,,0.23684210526315788,0.002524978555649522,0.006954644262145908,0.36306365364983034,0.7174086574234203,0.13181521660156398,0.9820756291777888,1.0
100021300|F|0-36:C>T-36:C>T,,,0.06315789473684211,-0.004145608023510941,0.01142271617054994,-0.3629266421062928,0.7175106530621781,0.13171574755054913,0.9820756291777888,1.0
100019784|F|0-32:C>G-32:C>G,,,0.1736842105263158,0.002821873857304815,0.007793880421196389,0.36206276011502464,0.7181538714502402,0.1310894422621099,0.9820756291777888,1.0
100019939|F|0-42:C>T-42:C>T,,,0.12105263157894737,-0.003334862812580768,0.009249422008578251,-0.36054823852646084,0.7192820249238626,0.12999503230453371,0.9820756291777888,1.0
100045252|F|0-36:A>T-36:A>T,,,0.28421052631578947,-0.0024524601199768428,0.006807903955750053,-0.3602371795955582,0.7195138070031553,0.12977082556296243,0.9820756291777888,1.0
100060605|F|0-26:G>C-26:G>C,,,0.1736842105263158,0.002997988251288849,0.008342069300953011,0.35938184437599363,0.7201512856049475,0.1291553100670909,0.9820756291777888,1.0
100015226|F|0-25:T>A-25:T>A,,,0.23684210526315788,0.0029926265743217217,0.008332485174886183,0.3591517430287657,0.7203228131967243,0.12898997452060054,0.9820756291777888,1.0
100047453|F|0-65:G>T-65:G>T,,,0.3829787234042553,0.0022324519201719186,0.006236302627157983,0.35797684199127694,0.7211988586821612,0.12814741940204766,0.9820756291777888,1.0
100014890|F|0-17:C>T-17:C>T,,,0.07894736842105263,-0.004037372633103423,0.011294282031440644,-0.3574704989537467,0.7215765197736244,0.12778515762224063,0.9820756291777888,1.0
100017435|F|0-33:T>G-33:T>G,,,0.3763440860215054,-0.0022678453727738796,0.006367539115438058,-0.35615727389494994,0.7225563234566865,0.1268480037482824,0.9820756291777888,1.0
100030713|F|0-35:T>A-35:T>A,,,0.07894736842105263,0.0037301879157565034,0.010490842643231335,0.3555660915534951,0.722997558673107,0.12642724546262846,0.9820756291777888,1.0
100021291|F|0-61:A>G-61:A>G,,,0.20526315789473684,-0.002374762514994524,0.006699094245138404,-0.35449008897253703,0.7238008848921362,0.12566322317975723,0.9820756291777888,1.0
100016185|F|0-62:C>T-62:C>T,,,0.41578947368421054,-0.002523818296641944,0.007119892246250618,-0.354474226484397,0.7238127298872011,0.1256519772417116,0.9820756291777888,1.0
100014505|F|0-46:G>T-46:G>T,,,0.25263157894736843,0.0026951882466390684,0.007623961651451843,0.35351545165836706,0.7245288005481323,0.12497317456121926,0.9820756291777888,1.0
100030726|F|0-25:C>G-25:C>G,,,0.24210526315789474,-0.0032277886445775342,0.0091569721552109,-0.35249519053530337,0.7252910620437785,0.12425285935051983,0.9820756291777888,1.0
100014503|F|0-24:T>A-24:T>A,,,0.09473684210526316,0.00342209078375254,0.00971842072880462,0.3521241649489137,0.7255683328191564,0.12399142754096977,0.9820756291777888,1.0
100029330|F|0-22:A>G-22:A>G,,,0.06842105263157895,0.004312929869998928,0.012259473632454857,0.35180383753028227,0.7258077458197905,0.12376594010103324,0.9820756291777888,1.0
100020750|F|0-37:T>C-37:T>C,Vu09 (old8),38249509.0,0.3526315789473684,0.0019261274226119332,0.005521810133940739,0.3488217406775118,0.7280378722007484,0.1216766067692893,0.9820756291777888,1.0
100039167|F|0-27:C>T-27:C>T,,,0.4263157894736842,-0.002511465553634509,0.007219128991762929,-0.34789038352135093,0.7287348579036137,0.12102771894663264,0.9820756291777888,1.0
100059522|F|0-10:G>T-10:G>T,,,0.19473684210526315,0.0024599899659700822,0.007076482840716904,0.34762890285209336,0.728930579274044,0.12084585409815016,0.9820756291777888,1.0
100015846|F|0-45:G>T-45:G>T,Vu07 (old2),7540868.0,0.05263157894736842,0.004295671552146684,0.012442905192357427,0.3452305941208275,0.7307265782480549,0.11918416311701954,0.9820756291777888,1.0
100015370|F|0-45:C>T-45:C>T,Vu06 (old6),29854679.0,0.07894736842105263,-0.003926247009639915,0.0114032848761388,-0.34430842097574244,0.7314175577572903,0.11854828875480908,0.9820756291777888,1.0
100032841|F|0-19:T>A-19:T>A,Vu05 (old1),2448565.0,0.38421052631578945,-0.002288152050191123,0.006649275366156912,-0.34412051301668506,0.731558383398948,0.11841892747886651,0.9820756291777888,1.0
100015865|F|0-28:C>A-28:C>A,,,0.05789473684210526,-0.004374964526230501,0.012838082944066262,-0.3407802041232801,0.7340632732362224,0.11613114752230444,0.9820756291777888,1.0
100054129|F|0-61:T>A-61:T>A,,,0.08421052631578947,-0.003497103034840313,0.010266236135950728,-0.34064120370210593,0.7341675719367106,0.11603642965961963,0.9820756291777888,1.0
100038558|F|0-29:G>A-29:G>A,,,0.08947368421052632,-0.003698408912774651,0.010946639671325423,-0.3378579202220919,0.7362570506723477,0.1141479742567974,0.9820756291777888,1.0
100034274|F|0-23:G>T-23:G>T,,,0.4631578947368421,-0.002508888269334798,0.007436888571357438,-0.3373572489707018,0.7366331278637063,0.11380991343308008,0.9820756291777888,1.0
100015387|F|0-29:C>T-29:C>T,,,0.06914893617021277,-0.003862047501686724,0.011457122401962009,-0.3370870421202235,0.7368361193085569,0.11362767396536133,0.9820756291777888,1.0
100038892|F|0-14:A>C-14:A>C,,,0.3736842105263158,0.002487243986623017,0.007379050565915165,0.33706829413961925,0.7368502043211281,0.11361503491419288,0.9820756291777888,1.0
100044964|F|0-65:T>A-65:T>A,,,0.15263157894736842,0.003189516428754244,0.009464075531847102,0.337012993822942,0.7368917509542213,0.11357775800550232,0.9820756291777888,1.0
100019174|F|0-24:T>A-24:T>A,,,0.12631578947368421,-0.0027167910489633252,0.008063566699435639,-0.33692175562378257,0.7369602991060601,0.11351626941261186,0.9820756291777888,1.0
100034977|F|0-7:A>C-7:A>C,,,0.3894736842105263,-0.002278542154689027,0.0068004607870319434,-0.3350570242290148,0.7383617555088595,0.1122632094852026,0.9820756291777888,1.0
100041774|F|0-19:G>A-19:G>A,Vu03 (old3),27017059.0,0.46842105263157896,-0.0022961587868513445,0.006859326143205228,-0.3347499067566417,0.738592657483545,0.1120575000735803,0.9820756291777888,1.0
100018346|F|0-11:A>C-11:A>C,,,0.3526315789473684,-0.002719231092676924,0.008152327891014728,-0.33355271390322583,0.7394929788747077,0.11125741295220722,0.9820756291777888,1.0
100016083|F|0-25:C>A-25:C>A,,,0.23404255319148937,-0.002299099470936224,0.006932751599069015,-0.33162871019999696,0.740940641939451,0.10997760142891357,0.9820756291777888,1.0
100014256|F|0-11:C>T-11:C>T,,,0.3,0.0020666923301998147,0.006243000039362673,0.33104153726880264,0.7413826299373443,0.10958849939729205,0.9820756291777888,1.0
100021285|F|0-67:T>C-67:T>C,,,0.06315789473684211,-0.003546545519727219,0.010722237872073445,-0.3307654206184287,0.7415905037281082,0.10940576347688603,0.9820756291777888,1.0
100029921|F|0-17:C>T-17:C>T,,,0.15263157894736842,-0.0028915143105576707,0.008834868425397066,-0.32728436591603427,0.74421284770881,0.10711505617306061,0.9820756291777888,1.0
100030265|F|0-5:T>C-5:T>C,,,0.3263157894736842,0.0021975502814543654,0.006771796207433996,0.32451512333491683,0.7463011277146236,0.10531006527307628,0.9820756291777888,1.0
100035075|F|0-30:T>C-30:T>C,,,0.19473684210526315,0.0027087759146748047,0.008357673809160708,0.3241064411613863,0.7466094749937299,0.10504498520229917,0.9820756291777888,1.0
100015669|F|0-64:A>C-64:A>C,,,0.06842105263157895,-0.0035216446738771004,0.010870583247311518,-0.32396096821649967,0.7467192430705181,0.1049507089277719,0.9820756291777888,1.0
100033819|F|0-67:C>G-67:C>G,,,0.32105263157894737,0.0024324980476759205,0.007518841846964612,0.32352031033315726,0.7470517777919005,0.10466539119806238,0.9820756291777888,1.0
100036115|F|0-39:C>T-39:C>T,,,0.08602150537634408,0.003161875441908508,0.00979720644897225,0.32273234808073237,0.7476465189679922,0.104156168497703,0.9820756291777888,1.0
100030808|F|0-36:G>C-36:G>C,,,0.15263157894736842,-0.0026919346518877187,0.008345400746965359,-0.3225650551133315,0.7477728086679301,0.10404821478026659,0.9820756291777888,1.0
100014308|F|0-20:G>A-20:G>A,,,0.48947368421052634,-0.0023735657778522976,0.007474736832711682,-0.3175450629197893,0.7515655956510843,0.10083486698473294,0.9820756291777888,1.0
100021184|F|0-17:T>G-17:T>G,,,0.08947368421052632,-0.0032724685479861614,0.01031043851204095,-0.317393731039125,0.7516800277253531,0.10073878050293641,0.9820756291777888,1.0
100017056|F|0-15:G>A-15:G>A,,,0.08947368421052632,-0.0032724685479861614,0.01031043851204095,-0.317393731039125,0.7516800277253531,0.10073878050293641,0.9820756291777888,1.0
100035349|F|0-16:C>T-16:C>T,,,0.37894736842105264,-0.002529182439440194,0.007982415545334156,-0.31684424659131405,0.7520955760247797,0.10039027659801743,0.9820756291777888,1.0
100013714|F|0-67:T>C-67:T>C,Vu09 (old8),42137897.0,0.3421052631578947,-0.0022120052954055142,0.006984256290558853,-0.31671307629355594,0.7521947845347395,0.10030717269532778,0.9820756291777888,1.0
100013491|F|0-20:G>A-20:G>A,,,0.06315789473684211,0.0034305840567341235,0.0108511359234638,0.3161497635760003,0.7526208842030758,0.09995067300916087,0.9820756291777888,1.0
100015011|F|0-55:G>C-55:G>C,,,0.35789473684210527,0.002330876553613773,0.00738732786994278,0.31552363650969606,0.7530945876933287,0.09955516519630281,0.9820756291777888,1.0
100013879|F|0-63:G>A-63:G>A,,,0.23684210526315788,0.0026796560123602048,0.008519722857948697,0.31452384743479656,0.7538511853002732,0.09892525060518718,0.9820756291777888,1.0
100051718|F|0-23:T>C-23:T>C,,,0.4157894736842105,-0.0026654288722578034,0.00855910473024935,-0.3114144476860668,0.7562057789862409,0.09697895822761804,0.9820756291777888,1.0
100014423|F|0-36:C>T-36:C>T,,,0.1736842105263158,0.003020081922881219,0.00971353330520202,0.3109148677406432,0.7565843013797108,0.09666805498218166,0.9820756291777888,1.0
100019025|F|0-58:C>A-58:C>A,,,0.10526315789473684,-0.0029780033040179925,0.009605674843568699,-0.3100254123229936,0.7572583720759555,0.09611575628604217,0.9820756291777888,1.0
100013358|F|0-37:G>A-37:G>A,,,0.08947368421052632,0.0036161572342133463,0.011667214386713462,0.30994178339016376,0.7573217596367213,0.09606390909107519,0.9820756291777888,1.0
100041314|F|0-40:C>T-40:C>T,,,0.45263157894736844,-0.001962007645820049,0.006402788864321517,-0.306430164635447,0.7599849264236628,0.09389944579850713,0.9820756291777888,1.0
100034038|F|0-64:A>C-64:A>C,,,0.37894736842105264,-0.002079665214320897,0.006828747421426177,-0.30454563421040415,0.7614153262806879,0.09274804331661729,0.9820756291777888,1.0
100020456|F|0-16:A>C-16:A>C,,,0.43157894736842106,-0.002239692150310189,0.0073559760724094675,-0.3044724626974721,0.7614708818191306,0.09270348054106353,0.9820756291777888,1.0
100044126|F|0-46:C>T-46:C>T,,,0.05263157894736842,0.0037225017782660506,0.012230121374620461,0.3043716136775929,0.761547453579058,0.09264207921270186,0.9820756291777888,1.0
100029358|F|0-25:G>A-25:G>A,,,0.32105263157894737,0.0022078409965798733,0.007259858455508539,0.3041162593059424,0.7617413474229517,0.09248669917423918,0.9820756291777888,1.0
100013718|F|0-18:C>A-18:C>A,,,0.07368421052631578,-0.003140475799655006,0.010332152464001376,-0.30395174776958145,0.7618662711953766,0.09238666497218326,0.9820756291777888,1.0
100016452|F|0-6:G>A-6:G>A,,,0.4421052631578947,-0.0019206209371927057,0.006329722292097889,-0.30342894183374125,0.7622633119120399,0.09206912274234393,0.9820756291777888,1.0
100014429|F|0-23:C>T-23:C>T,,,0.42105263157894735,-0.0021163791671620987,0.006974989753357759,-0.3034239822565007,0.762267078727449,0.09206611300839325,0.9820756291777888,1.0
100016238|F|0-41:C>A-41:C>A,,,0.4842105263157895,-0.0017686464578800579,0.005829757210822631,-0.3033825241635554,0.7622985665108921,0.09204095596785027,0.9820756291777888,1.0
100030054|F|0-16:G>A-16:G>A,,,0.3263157894736842,0.001999384305758599,0.00659221216352003,0.3032948964875232,0.7623651218119506,0.09198779423537742,0.9820756291777888,1.0
100049636|F|0-5:T>C-5:T>C,,,0.05172413793103448,-0.0034447763016077436,0.01136510083909872,-0.3031012527189264,0.7625122051892227,0.09187036939978249,0.9820756291777888,1.0
100035171|F|0-38:C>T-38:C>T,,,0.25263157894736843,0.0020936186792844718,0.006912097801963248,0.3028919351647223,0.7626712034990422,0.09174352438783033,0.9820756291777888,1.0
100029122|F|0-13:T>C-13:T>C,,,0.2,0.0022996466555374085,0.007612088664193912,0.3021045546085913,0.7632693915270852,0.09126716191525533,0.9820756291777888,1.0
100035017|F|0-19:T>C-19:T>C,,,0.4421052631578947,-0.00211316311041538,0.006995077887445366,-0.3020928636417395,0.763278274461448,0.0912600982632666,0.9820756291777888,1.0
100034447|F|0-52:A>T-52:A>T,,,0.08421052631578947,0.0031617073623223142,0.0104904348451014,0.30138954285567116,0.7638127241378067,0.09083565654275044,0.9820756291777888,1.0
100013673|F|0-63:C>A-63:C>A,,,0.29473684210526313,-0.0023025512907221984,0.007650490898191849,-0.30096778381455147,0.7641332714682008,0.09058160689424259,0.9820756291777888,1.0
100029178|F|0-32:G>A-32:G>A,,,0.2578947368421053,0.0025404795382047434,0.008447549606093447,0.30073567562979764,0.7643096969822386,0.09044194659651086,0.9820756291777888,1.0
100015553|F|0-28:T>C-28:T>C,,,0.2578947368421053,0.0025404795382047434,0.008447549606093447,0.30073567562979764,0.7643096969822386,0.09044194659651086,0.9820756291777888,1.0
100044656|F|0-38:C>T-38:C>T,,,0.13888888888888887,-0.0022468261578485606,0.007489334784687231,-0.30000343454300427,0.7648663551778468,0.09000206073759864,0.9820756291777888,1.0
100051143|F|0-41:A>G-41:A>G,,,0.43157894736842106,-0.0019919157551270502,0.006643940389135541,-0.29980939600004797,0.7650138862524829,0.08988567392991358,0.9820756291777888,1.0
100019065|F|0-15:C>T-15:C>T,,,0.4105263157894737,-0.0021913103821580796,0.007313785976995008,-0.299613686953746,0.7651626962233291,0.08976836141001732,0.9820756291777888,1.0
100051692|F|0-12:T>A-12:T>A,,,0.09473684210526316,-0.0029542721031341856,0.009892041763414612,-0.29865139814314806,0.7658945134096687,0.08919265761285713,0.9820756291777888,1.0
100014835|F|0-60:A>G-60:A>G,,,0.29473684210526313,-0.0020666112829379794,0.00692587818496491,-0.29838978216860595,0.7660935081799263,0.08903646210262811,0.9820756291777888,1.0
100022031|F|0-68:A>C-68:A>C,,,0.4,0.0021571128470136186,0.0072442438569557815,0.2977692205850305,0.7665655929679371,0.08866650872781656,0.9820756291777888,1.0
100019329|F|0-51:C>A-51:C>A,,,0.3263157894736842,-0.002329742035295076,0.00784442713337833,-0.2969932661343665,0.7671560149855547,0.08820500012915865,0.9820756291777888,1.0
100017042|F|0-9:A>G-9:A>G,,,0.2736842105263158,-0.0025211618256707376,0.008578167544513023,-0.2939044746547746,0.7695076289679813,0.08637984022209905,0.9820756291777888,1.0
100038435|F|0-28:C>A-28:C>A,,,0.2736842105263158,-0.0025211618256707376,0.008578167544513023,-0.2939044746547746,0.7695076289679813,0.08637984022209905,0.9820756291777888,1.0
100013447|F|0-28:T>A-28:T>A,,,0.10526315789473684,-0.0027988819341277157,0.009553972898827697,-0.2929547701010485,0.7702311096393826,0.08582249732495817,0.9820756291777888,1.0
100034920|F|0-44:G>C-44:G>C,,,0.10526315789473684,-0.0027988819341277157,0.009553972898827697,-0.2929547701010485,0.7702311096393826,0.08582249732495817,0.9820756291777888,1.0
100013163|F|0-33:C>A-33:C>A,,,0.10526315789473684,-0.0027988819341277157,0.009553972898827697,-0.2929547701010485,0.7702311096393826,0.08582249732495817,0.9820756291777888,1.0
100015067|F|0-38:T>A-38:T>A,,,0.25,-0.0020141037948135207,0.006884451449684621,-0.29255835552530296,0.7705331566777958,0.08559039138766956,0.9820756291777888,1.0
100035931|F|0-44:G>C-44:G>C,,,0.3684210526315789,0.0021493826205868445,0.007353968820154925,0.29227518815364845,0.7707489369781316,0.0854247856102506,0.9820756291777888,1.0
100015028|F|0-52:A>T-52:A>T,,,0.12631578947368421,-0.002681967436596292,0.00918151119325699,-0.29210522975411285,0.7708784580024346,0.08532546524970305,0.9820756291777888,1.0
100016817|F|0-58:C>T-58:C>T,,,0.4842105263157895,-0.0016764211727393456,0.005748447554133382,-0.2916302457232869,0.7712404658257823,0.08504820022062469,0.9820756291777888,1.0
100017989|F|0-62:A>T-62:A>T,,,0.05789473684210526,-0.0037026200418026384,0.012696974641362633,-0.2916143527404316,0.7712525794969353,0.08503893072422088,0.9820756291777888,1.0
100017334|F|0-26:T>C-26:T>C,,,0.12631578947368421,-0.0025094603318596893,0.008621745897904494,-0.2910617364018593,0.7716738202976952,0.08471693439726542,0.9820756291777888,1.0
100055734|F|0-19:T>C-19:T>C,,,0.06842105263157895,0.003505023002162788,0.012096028118292721,0.28976643968462434,0.7726614493488175,0.08396458956750304,0.9820756291777888,1.0
100036033|F|0-33:T>C-33:T>C,,,0.05789473684210526,0.0037181674066209714,0.012837912398422545,0.28962398957308977,0.7727700866302477,0.0838820553362332,0.9820756291777888,1.0
100015825|F|0-15:C>G-15:C>G,,,0.05789473684210526,-0.0037068986590762074,0.012802354972783059,-0.28954818601396565,0.7728278988386365,0.08383815202397805,0.9820756291777888,1.0
100020717|F|0-68:A>G-68:A>G,,,0.1,-0.002735367648820025,0.009455633500469986,-0.28928444071823056,0.7730290563462915,0.08368548764165945,0.9820756291777888,1.0
100041050|F|0-49:T>A-49:T>A,,,0.34210526315789475,0.0017421636035518536,0.006050650555908696,0.2879299651259091,0.7740623535820066,0.08290366481740724,0.9820756291777888,1.0
100014812|F|0-31:G>T-31:G>T,,,0.3157894736842105,-0.0018084778075917753,0.006297442951682678,-0.2871765288653468,0.7746373085453085,0.08247035873114936,0.9820756291777888,1.0
100047059|F|0-34:G>T-34:G>T,,,0.34042553191489366,0.001983393355523331,0.00692008488774326,0.28661402102686406,0.7750666460263733,0.08214759704918767,0.9820756291777888,1.0
100040569|F|0-37:C>T-37:C>T,,,0.07368421052631578,0.0033291978712067967,0.011665553520707769,0.2853870470267071,0.7760033837450303,0.08144576661062392,0.9820756291777888,1.0
100058699|F|0-62:C>A-62:C>A,,,0.05263157894736842,0.003767989623427167,0.013211679177843218,0.2852014170724273,0.776145132497001,0.08133984830012063,0.9820756291777888,1.0
100017367|F|0-26:T>C-26:T>C,,,0.2631578947368421,-0.0021414469841369807,0.007586553049587623,-0.2822687681928727,0.7783855333487281,0.07967565749712172,0.9820756291777888,1.0
100035529|F|0-67:G>T-67:G>T,,,0.24736842105263157,-0.0022887718885374066,0.00811905408665935,-0.2819012983665367,0.7786663949020458,0.07946834202073916,0.9820756291777888,1.0
100020284|F|0-15:A>T-15:A>T,Vu05 (old1),16272496.0,0.24736842105263157,0.0022887718885338834,0.008119054086659323,0.2819012983661037,0.7786663949023765,0.07946834202049503,0.9820756291777888,1.0
100036118|F|0-16:G>C-16:G>C,,,0.22580645161290325,0.0020415950161247753,0.007246095702556007,0.281751042206718,0.7787812459384176,0.07938364978457178,0.9820756291777888,1.0
100014343|F|0-46:C>T-46:C>T,,,0.07894736842105263,0.0033923985102545825,0.012064242946304628,0.28119447903639083,0.7792067079246061,0.07907033504054724,0.9820756291777888,1.0
100016359|F|0-20:G>C-20:G>C,Vu08 (old5),32438045.0,0.06315789473684211,0.0029043492842145547,0.010350082302331058,0.28061122601512395,0.7796526450226474,0.07874266016571098,0.9820756291777888,1.0
100019277|F|0-46:C>T-46:C>T,,,0.18947368421052632,0.002198554013786183,0.007844950593717485,0.2802508425670473,0.7799282198506442,0.07854053475953993,0.9820756291777888,1.0
100013876|F|0-55:T>G-55:T>G,Vu07 (old2),26537890.0,0.28421052631578947,-0.001984488342435103,0.007093585178679283,-0.2797581607111376,0.7803050049455649,0.07826462848447871,0.9820756291777888,1.0
100018345|F|0-65:A>C-65:A>C,,,0.07368421052631578,0.0035148699005023796,0.012581930551694282,0.2793585520172075,0.7806106496249012,0.07804120058515082,0.9820756291777888,1.0
100019370|F|0-59:C>T-59:C>T,,,0.3263157894736842,-0.0020427050104131522,0.007312335436090845,-0.2793505615635675,0.78061676155443,0.07803673624588053,0.9820756291777888,1.0
100019676|F|0-10:G>T-10:G>T,,,0.24736842105263157,0.0019187070563349564,0.006889902965758728,0.2784809983348822,0.7812819761839834,0.07755166643359267,0.9820756291777888,1.0
100033325|F|0-21:T>C-21:T>C,,,0.11052631578947368,0.002773362279056887,0.009967363892246457,0.2782443090308227,0.7814630713633443,0.07741989550803996,0.9820756291777888,1.0
100041924|F|0-42:C>T-42:C>T,,,0.35789473684210527,-0.0018970287729047363,0.006892557991531453,-0.27522855451278355,0.7837715301346252,0.07575075721919627,0.9833739210431406,1.0
100029548|F|0-5:C>T-5:C>T,,,0.42105263157894735,-0.001874756292597029,0.006886658501164189,-0.27223018133977483,0.7860686039393804,0.07410927163228669,0.9833739210431406,1.0
100017712|F|0-29:G>A-29:G>A,Vu04 (old11),3133419.0,0.3526315789473684,0.0017382968928035597,0.006412044489925272,0.27109869489127925,0.7869359368322565,0.07349450237175492,0.9833739210431406,1.0
100033379|F|0-46:C>G-46:C>G,,,0.3105263157894737,-0.0024062299131783725,0.00892492136226696,-0.2696079680154383,0.7880790531571747,0.0726884564174136,0.9833739210431406,1.0
100018711|F|0-35:A>G-35:A>G,Vu02 (old7),32416848.0,0.08947368421052632,0.002621134573865486,0.009782121478663208,0.26795154605089627,0.7893497718964672,0.07179803103106558,0.9833739210431406,1.0
100020485|F|0-47:G>T-47:G>T,,,0.4526315789473684,0.0016785610049921376,0.006267420608200075,0.2678232577523147,0.7894482116704773,0.07172929739306279,0.9833739210431406,1.0
100019282|F|0-52:T>A-52:T>A,Vu04 (old11),1200237.0,0.3263157894736842,0.0018906943965345817,0.007074096263851314,0.2672700972696745,0.7898727087710913,0.07143330489454126,0.9833739210431406,1.0
100029321|F|0-48:C>A-48:C>A,,,0.05789473684210526,0.003433903085825799,0.01284873718215184,0.26725607638669957,0.7898834692654626,0.07142581036561339,0.9833739210431406,1.0
100013767|F|0-67:G>C-67:G>C,,,0.10526315789473684,0.002777333023641012,0.010410733721413887,0.2667759158922971,0.7902519987535144,0.07116938930017398,0.9833739210431406,1.0
100013053|F|0-56:A>T-56:A>T,,,0.3421052631578947,0.0019702811502407052,0.007403355108620997,0.26613354638984815,0.790745100360426,0.07082706451403746,0.9833739210431406,1.0
100015590|F|0-63:C>G-63:C>G,,,0.22105263157894736,-0.0018534116695229437,0.006990960237699342,-0.265115464328958,0.791526784305022,0.070286209426359,0.9833739210431406,1.0
100034752|F|0-27:G>T-27:G>T,,,0.17894736842105263,0.0021850800143280733,0.008296392340682164,0.2633771312397223,0.792861969732601,0.06936751326006589,0.9833739210431406,1.0
100032847|F|0-25:A>T-25:A>T,,,0.3684210526315789,0.0015690546145906,0.006002701932960722,0.26139139209544143,0.794387939410253,0.0683254598615928,0.9833739210431406,1.0
100016173|F|0-32:C>T-32:C>T,,,0.30526315789473685,0.0023292645455847017,0.008965651059813971,0.2597987062004878,0.795612440442541,0.06749536774344737,0.9833739210431406,1.0
100035988|F|0-45:C>A-45:C>A,,,0.21578947368421053,-0.0020531375470096698,0.007907889273423216,-0.25963154971198715,0.795740984720632,0.06740854160584805,0.9833739210431406,1.0
100015600|F|0-30:C>A-30:C>A,,,0.30526315789473685,-0.0018990143303445675,0.007325429974329528,-0.25923588608440395,0.7960452747267651,0.06720324463396607,0.9833739210431406,1.0
100038568|F|0-15:C>T-15:C>T,,,0.30526315789473685,-0.0018990143303445675,0.007325429974329528,-0.25923588608440395,0.7960452747267651,0.06720324463396607,0.9833739210431406,1.0
100047216|F|0-43:T>C-43:T>C,,,0.06842105263157895,0.0030667611907738363,0.011975124015372455,0.25609431575297575,0.7984624538321906,0.06558429856098484,0.9833739210431406,1.0
100030143|F|0-33:C>T-33:C>T,,,0.29473684210526313,0.001820754580840715,0.007110745096574413,0.2560567923771954,0.7984913368973425,0.06556508092249816,0.9833739210431406,1.0
100029181|F|0-14:G>C-14:G>C,,,0.12631578947368421,-0.002152812825219961,0.008438978534546665,-0.255103483959224,0.7992252259406522,0.06507778752813406,0.9833739210431406,1.0
100030288|F|0-38:C>G-38:C>G,,,0.22105263157894736,0.001884300361740742,0.007398142595088606,0.25469911366559356,0.7995365783725041,0.06487163850203895,0.9833739210431406,1.0
100013923|F|0-16:T>C-16:T>C,,,0.08421052631578947,0.0026055033035650194,0.010249191389496533,0.25421549901343077,0.7999089890171013,0.06462551993864762,0.9833739210431406,1.0
100015749|F|0-20:C>T-20:C>T,Vu09 (old8),33437303.0,0.3894736842105263,-0.0015743001739485696,0.00620320031710611,-0.25378838236244566,0.8002379314789203,0.06440854302214692,0.9833739210431406,1.0
100029747|F|0-45:G>A-45:G>A,,,0.2,-0.0019833508280512574,0.007822972178863718,-0.25352906576990253,0.800437660867389,0.06427698719015956,0.9833739210431406,1.0
100032947|F|0-56:G>C-56:G>C,,,0.24193548387096775,-0.0019428525523294774,0.007672922061062647,-0.2532089518006137,0.8006842355716327,0.06411477327196552,0.9833739210431406,1.0
100038883|F|0-23:A>G-23:A>G,,,0.41578947368421054,0.0018132997320390693,0.007178414199933448,0.2526045003165017,0.8011498824415137,0.06380903358014951,0.9833739210431406,1.0
100043121|F|0-26:C>T-26:C>T,,,0.4473684210526316,0.0017727095535949953,0.00702739650042358,0.2522569423097365,0.8014176607031908,0.06363356494345773,0.9833739210431406,1.0
100018445|F|0-45:A>G-45:A>G,,,0.3894736842105263,-0.0016664236881592765,0.006650126972337303,-0.2505852437240883,0.8027059623487086,0.06279296437226074,0.9833739210431406,1.0
100017587|F|0-60:T>A-60:T>A,,,0.12631578947368421,0.0031345272612078243,0.01258363162045122,0.24909559940657477,0.8038544227440125,0.06204861764372078,0.9833739210431406,1.0
100029259|F|0-42:A>G-42:A>G,,,0.11578947368421053,0.0024894196966292097,0.01001708899644424,0.24851727857393277,0.8043004027955685,0.061760837749793705,0.9833739210431406,1.0
100013419|F|0-62:G>T-62:G>T,,,0.18947368421052632,-0.0020520076539076284,0.008275427518960468,-0.24796394496914095,0.8047271742377974,0.06148611800465916,0.9833739210431406,1.0
100058916|F|0-28:C>T-28:C>T,,,0.12631578947368421,-0.0025173147055350706,0.010156950891649965,-0.24784157493609194,0.8048215629725617,0.06142544626680248,0.9833739210431406,1.0
100058913|F|0-33:A>C-33:A>C,,,0.12631578947368421,-0.0025173147055350706,0.010156950891649965,-0.24784157493609194,0.8048215629725617,0.06142544626680248,0.9833739210431406,1.0
100034804|F|0-11:G>A-11:G>A,Vu01 (old4),5843731.0,0.4789473684210526,-0.0015511304383347129,0.006263912834030115,-0.24762963333522905,0.8049850485610874,0.06132043530573998,0.9833739210431406,1.0
100017310|F|0-9:T>G-9:T>G,,,0.3,0.0015284087392103687,0.006174308937074302,0.2475432886153257,0.8050516548534026,0.061277679738490444,0.9833739210431406,1.0
100030268|F|0-10:A>C-10:A>C,,,0.3157894736842105,0.0018472174912867055,0.007486571930411317,0.24673742648261957,0.8056733659739705,0.060879357627266095,0.9833739210431406,1.0
100013042|F|0-30:A>G-30:A>G,,,0.42105263157894735,0.0015268062803927074,0.006195213618951495,0.24644933561647078,0.80589565429227,0.060737275025799856,0.9833739210431406,1.0
100013847|F|0-11:C>A-11:C>A,,,0.32105263157894737,-0.0015871231106594223,0.006453161075301557,-0.245945063533883,0.8062847844681069,0.06048897427668575,0.9833739210431406,1.0
100033573|F|0-7:C>G-7:C>G,,,0.1,-0.002435599700675176,0.01003460265825619,-0.24272009402098577,0.808774536588858,0.05891304404155617,0.9833739210431406,1.0
100029219|F|0-13:A>G-13:A>G,,,0.08421052631578947,0.0028532116481884613,0.01185372955523428,0.2407015981673516,0.8103338666957866,0.0579372593603172,0.9833739210431406,1.0
100020334|F|0-65:G>A-65:G>A,Vu08 (old5),423524.0,0.46842105263157896,0.0016553455401703487,0.00690024304317931,0.23989670071210167,0.8109558806380485,0.05755042701255168,0.9833739210431406,1.0
100041232|F|0-30:T>A-30:T>A,,,0.11052631578947368,-0.002175233356972584,0.009124591031310015,-0.238392422137991,0.8121186920064958,0.0568309469328181,0.9833739210431406,1.0
100014670|F|0-19:A>G-19:A>G,Vu11 (old9),34116227.0,0.07368421052631578,0.002733458739349932,0.011555144335436078,0.23655773220999532,0.8135374824441644,0.05595956066833586,0.9833739210431406,1.0
100048111|F|0-10:T>A-10:T>A,,,0.4105263157894737,0.0018720682535722415,0.00792541258034202,0.23621082619921505,0.8138058196376362,0.055795554413715774,0.9833739210431406,1.0
100018506|F|0-23:C>T-23:C>T,,,0.24736842105263157,0.001933715838314176,0.008196284336178507,0.23592590971725186,0.8140262235868292,0.055661034875912875,0.9833739210431406,1.0
100015053|F|0-21:C>T-21:C>T,,,0.39361702127659576,0.0014229594719561269,0.00603333131048972,0.23584971531103047,0.814085168127403,0.055625088212294116,0.9833739210431406,1.0
100014492|F|0-26:T>A-26:T>A,,,0.4782608695652174,0.0013319809556263569,0.005662659640205982,0.23522179333700963,0.814570973809765,0.05532929206067887,0.9833739210431406,1.0
100029143|F|0-26:C>T-26:C>T,,,0.15263157894736842,-0.0019024954027256128,0.008119258584247875,-0.23431885842589528,0.8152696763730728,0.05490532741401476,0.9833739210431406,1.0
100058673|F|0-34:G>A-34:G>A,Vu05 (old1),1696325.0,0.2789473684210526,-0.0019767535998352834,0.008460742519730053,-0.23363831191241044,0.8157963907176614,0.05458686079328079,0.9833739210431406,1.0
100016158|F|0-51:C>A-51:C>A,,,0.06315789473684211,0.0029437924363558687,0.012614585678738206,0.23336417947658875,0.816008581604947,0.05445884026278153,0.9833739210431406,1.0
100013726|F|0-64:C>G-64:C>G,Vu01 (old4),328264.0,0.48947368421052634,-0.0015639424926541985,0.0067228665501026085,-0.23263030449865596,0.8165767014595073,0.05411685857113739,0.9833739210431406,1.0
100038543|F|0-16:T>C-16:T>C,Vu08 (old5),28171940.0,0.29473684210526313,-0.0014540536464781233,0.00628502547286489,-0.23135206893844537,0.8175664649107918,0.05352377980209918,0.9833739210431406,1.0
100034936|F|0-34:G>C-34:G>C,,,0.16842105263157894,0.0017234127471494204,0.007513267571644514,0.22938258630022376,0.8190920533328934,0.0526163708977796,0.9833739210431406,1.0
100051037|F|0-43:C>T-43:C>T,,,0.12631578947368421,0.0021330947939482304,0.009311860352822377,0.22907289339897588,0.8193320092536399,0.05247439049017857,0.9833739210431406,1.0
100021644|F|0-58:T>G-58:T>G,,,0.0913978494623656,-0.0020508140168328257,0.008977094383907121,-0.22844964407517404,0.8198149667481467,0.0521892398780737,0.9833739210431406,1.0
100014259|F|0-39:T>A-39:T>A,,,0.41578947368421054,-0.0014934597104538886,0.006539659004214591,-0.22836966109263554,0.81987695080091,0.052152702107565216,0.9833739210431406,1.0
100039244|F|0-37:G>C-37:G>C,,,0.35789473684210527,0.0019941998152808436,0.008783670478182178,0.22703490758609976,0.8209115072954997,0.05154484926262886,0.9833739210431406,1.0
100016920|F|0-66:T>A-66:T>A,,,0.28421052631578947,0.00151590686677821,0.006681541498423296,0.22687981016595232,0.8210317426158499,0.05147444826093856,0.9833739210431406,1.0
100040047|F|0-6:G>A-6:G>A,,,0.26842105263157895,-0.001609684238058839,0.007097983766956033,-0.22678049019392887,0.8211087401375233,0.05142939073259867,0.9833739210431406,1.0
100048863|F|0-39:A>G-39:A>G,,,0.07446808510638298,0.0028395458600643107,0.012575136880103957,0.22580635798541196,0.8218640260983971,0.05098851130663602,0.9833739210431406,1.0
100022600|F|0-31:A>T-31:A>T,,,0.37894736842105264,-0.0015071399471520653,0.006681211912225982,-0.22557882715771113,0.8220404646008209,0.05088580726184851,0.9833739210431406,1.0
100040739|F|0-38:C>T-38:C>T,,,0.49473684210526314,-0.0014295662087165245,0.0063617442217922485,-0.22471293388683003,0.822712004088645,0.050495902656026846,0.9833739210431406,1.0
100028251|F|0-5:A>G-5:A>G,,,0.1631578947368421,0.0017461513184225718,0.007786523878316225,0.22425299732082288,0.8230687594797976,0.05028940680737299,0.9833739210431406,1.0
100022248|F|0-57:T>A-57:T>A,,,0.35789473684210527,0.0016971195380162197,0.0075720796096131054,0.22412859155120976,0.8231652627205482,0.050233625550729015,0.9833739210431406,1.0
100014060|F|0-18:C>T-18:C>T,,,0.05789473684210526,-0.002834508630270482,0.012685798113270605,-0.22343951913481144,0.8236998347319755,0.04992521871119577,0.9833739210431406,1.0
100035652|F|0-37:T>C-37:T>C,,,0.05789473684210526,-0.0028733942368179698,0.012864632243365754,-0.22335611173803815,0.8237645465836899,0.049887952650734986,0.9833739210431406,1.0
100029213|F|0-12:G>A-12:G>A,,,0.4789473684210527,0.0013300890163481414,0.005983327845326371,0.22229920384307297,0.8245846567823348,0.04941693602926411,0.9833739210431406,1.0
100038675|F|0-24:G>A-24:G>A,,,0.3894736842105263,-0.0015649456758589373,0.0070571505085605,-0.22175319542365138,0.8250084096610111,0.04917447968060012,0.9833739210431406,1.0
100036044|F|0-63:T>G-63:T>G,,,0.08421052631578947,-0.0023989312346586037,0.010826555536912336,-0.221578435216965,0.8251440506553065,0.04909700295319875,0.9833739210431406,1.0
100014230|F|0-12:A>G-12:A>G,,,0.22631578947368422,-0.0015066395648893876,0.006924772050293804,-0.21757244194420292,0.8282547694722767,0.04733776749356355,0.9848129977343815,1.0
100012953|F|0-27:C>A-27:C>A,,,0.45789473684210524,-0.001338955702968681,0.006159469084396045,-0.21738167439799236,0.8284029723254204,0.04725479236407477,0.9848129977343815,1.0
100013950|F|0-50:T>C-50:T>C,Vu01 (old4),30947226.0,0.07368421052631578,0.002603325833788113,0.012046559831667863,0.21610533381858268,0.8293946910635822,0.046701515304841054,0.9848129977343815,1.0
100039010|F|0-12:C>T-12:C>T,,,0.09473684210526316,0.002204155367134804,0.0102379916502821,0.21529177229540622,0.830026974089339,0.04635054721809704,0.9848129977343815,1.0
100058467|F|0-48:T>C-48:T>C,,,0.0888888888888889,0.001855915424652165,0.008628097149538848,0.21510135925525126,0.8301749753066,0.04626859475345667,0.9848129977343815,1.0
100058582|F|0-53:G>A-53:G>A,,,0.28421052631578947,-0.0013486826788462033,0.006314838108178747,-0.21357359535463608,0.8313626726415683,0.04561368063270583,0.9848129977343815,1.0
100041207|F|0-27:C>A-27:C>A,,,0.23157894736842105,0.0014353312704814645,0.006735073464081452,0.21311293457096964,0.8317208714425641,0.04541712288145038,0.9848129977343815,1.0
100029674|F|0-32:C>G-32:C>G,,,0.2894736842105263,0.0014648464983963677,0.006885688046254498,0.21273785401782438,0.8320125513571982,0.04525739453210916,0.9848129977343815,1.0
100043273|F|0-46:A>T-46:A>T,,,0.21052631578947367,-0.0016532794685868873,0.0078738758116853,-0.20997022408371266,0.8341655123954005,0.04408749500176451,0.9848129977343815,1.0
100034510|F|0-47:C>T-47:C>T,,,0.22105263157894736,0.0016619057802606046,0.00791640332675165,0.20993192383775838,0.8341953153664277,0.044071412646222385,0.9848129977343815,1.0
100019383|F|0-67:A>T-67:A>T,,,0.18421052631578946,-0.0020340237178938184,0.0097062368357076,-0.20955842643474243,0.8344859614971576,0.043914734089805355,0.9848129977343815,1.0
100015308|F|0-63:C>T-63:C>T,,,0.4,-0.0013012445658189466,0.006220907125573516,-0.20917280061450566,0.8347860697748534,0.04375326051691574,0.9848129977343815,1.0
100013453|F|0-6:G>A-6:G>A,,,0.06451612903225801,-0.00217060640433386,0.01038216135804284,-0.20907076373382866,0.8348654827447897,0.043710584248246406,0.9848129977343815,1.0
100019045|F|0-23:G>C-23:G>C,,,0.38421052631578945,-0.0013561672286654131,0.006570101432630038,-0.20641496064734788,0.8369330334079589,0.042607135979046175,0.9848129977343815,1.0
100017888|F|0-29:G>T-29:G>T,Vu09 (old8),42671828.0,0.0625,-0.002147860902514968,0.010417048974814519,-0.20618707924940052,0.8371104933348078,0.04251311164939857,0.9848129977343815,1.0
100033812|F|0-51:C>A-51:C>A,,,0.06315789473684211,0.0023328450578440985,0.011352784462061833,0.20548659807995856,0.8376560374355999,0.04222474199047443,0.9848129977343815,1.0
100013882|F|0-67:C>T-67:C>T,,,0.2894736842105263,-0.001308707065095384,0.006371241200118712,-0.2054084948268792,0.8377168702161536,0.04219264974704406,0.9848129977343815,1.0
100013385|F|0-10:G>T-10:G>T,,,0.22631578947368422,-0.0016788687471815964,0.008182975784854959,-0.20516604122046217,0.837905717889906,0.04209310447007638,0.9848129977343815,1.0
100021295|F|0-53:G>T-53:G>T,,,0.22631578947368422,-0.001448315555837662,0.007068376801869686,-0.20490072847482638,0.8381123814785372,0.04198430852951453,0.9848129977343815,1.0
100019182|F|0-32:C>T-32:C>T,,,0.09473684210526316,0.0020915305233553685,0.01025478446013356,0.20395655622859657,0.8388479301413649,0.041598276828628676,0.9849498574574994,1.0
100017011|F|0-35:C>T-35:C>T,,,0.33157894736842103,-0.001307827316900254,0.006504581091447077,-0.20106249710991012,0.8411034093935854,0.040426127744072615,0.9864756868713358,1.0
100030376|F|0-12:T>C-12:T>C,,,0.4789473684210526,-0.0013519671777712523,0.006745967632247368,-0.20041115692706857,0.8416112136387651,0.040164631820846106,0.9864756868713358,1.0
100017248|F|0-68:G>T-68:G>T,,,0.05789473684210526,0.0026117759731466707,0.013065224635908193,0.19990287545217705,0.842007531597281,0.039961159614048614,0.9864756868713358,1.0
100058466|F|0-43:T>C-43:T>C,,,0.45744680851063835,0.001612448561104475,0.008210728647165813,0.1963831263210801,0.8447530668079978,0.0385663323036413,0.9879029784506919,1.0
100035792|F|0-26:T>C-26:T>C,,,0.4421052631578947,0.0013172997376752833,0.006714206174354109,0.1961959021614353,0.8448991626513119,0.038492832024939486,0.9879029784506919,1.0
100029976|F|0-21:C>T-21:C>T,,,0.05789473684210526,0.002269494814946388,0.011615391347272885,0.195386857583514,0.8455305433105553,0.03817602411636039,0.9879029784506919,1.0
100048091|F|0-43:A>T-43:A>T,,,0.4263157894736842,-0.0015383572450355142,0.007901798725471294,-0.1946844381237717,0.8460787952566704,0.037902030447568694,0.9879029784506919,1.0
100016783|F|0-52:G>T-52:G>T,Vu07 (old2),39495827.0,0.06914893617021277,-0.001958255966699072,0.010075300540243838,-0.19436204000835483,0.846330458597293,0.037776602596209324,0.9879029784506919,1.0
100020171|F|0-10:G>A-10:G>A,,,0.08421052631578947,0.0019997927477826472,0.010527641774874636,0.18995638249730062,0.8497710926116004,0.03608342725146078,0.9911919416019475,1.0
100028807|F|0-29:G>A-29:G>A,,,0.14210526315789473,0.001560357371235741,0.008318044605069418,0.1875870406230791,0.8516226574507323,0.03518889780972473,0.9926239179517327,1.0
100017505|F|0-35:A>G-35:A>G,,,0.4842105263157894,0.0012325739658137964,0.0066789759343000455,0.1845453521525482,0.8540008577959751,0.03405698700110802,0.9936557978968118,1.0
100049389|F|0-23:C>A-23:C>A,,,0.31382978723404253,-0.001354143911748444,0.007399836959657432,-0.1829964523719902,0.8552124136926217,0.033487701580734074,0.9936557978968118,1.0
100016739|F|0-27:A>C-27:A>C,Vu02 (old7),30482677.0,0.28421052631578947,0.0012919539839975525,0.007068758185461891,0.18276958273302893,0.855389901289421,0.03340472037240551,0.9936557978968118,1.0
100015415|F|0-31:C>A-31:C>A,,,0.39473684210526316,-0.001964846247793159,0.010771367477293983,-0.1824138162526764,0.8556682441093545,0.033274800359865186,0.9936557978968118,1.0
100019086|F|0-55:A>G-55:A>G,,,0.29473684210526313,0.0014579067251786532,0.008112744419463417,0.17970573825559763,0.8577875727421547,0.03229415236198937,0.9936557978968118,1.0
100021056|F|0-55:T>C-55:T>C,,,0.21052631578947367,0.0013590978101766273,0.007567049643494494,0.1796073600951018,0.8578645827305802,0.03225880380033157,0.9936557978968118,1.0
100015850|F|0-28:G>T-28:G>T,,,0.1,-0.0017698342081360618,0.00991378338840801,-0.17852258202509186,0.8587138332343962,0.03187031229290565,0.9936557978968118,1.0
100041567|F|0-33:A>T-33:A>T,,,0.4631578947368421,-0.0011559741059807528,0.006543340091251559,-0.17666422497682632,0.8601690886691542,0.031210248386662705,0.9936557978968118,1.0
100034393|F|0-68:C>A-68:C>A,,,0.08947368421052632,0.0019069678550416385,0.01096739795241821,0.17387605185067345,0.8623533754784724,0.030232881407178083,0.9936557978968118,1.0
100034297|F|0-63:T>C-63:T>C,,,0.06315789473684211,0.001959963619066944,0.01132509235183197,0.17306380894544282,0.8629898979977172,0.029951081966704735,0.9936557978968118,1.0
100029049|F|0-10:A>G-10:A>G,,,0.1368421052631579,-0.0014826709618097431,0.008700350528780643,-0.17041508349635884,0.8650662252067564,0.029041300683070953,0.9936557978968118,1.0
100020374|F|0-28:A>G-28:A>G,,,0.06842105263157895,-0.0018949218578968913,0.011155517946668367,-0.1698640858233585,0.8654982700103082,0.0288538076526053,0.9936557978968118,1.0
100021718|F|0-14:T>C-14:T>C,Vu02 (old7),26744915.0,0.11052631578947368,-0.0017797160298153754,0.010501704420636538,-0.16946925551609668,0.8658078869954962,0.028719828565180065,0.9936557978968118,1.0
100038927|F|0-38:C>G-38:C>G,,,0.28421052631578947,-0.0013200713424932145,0.007790768898898028,-0.16944044414922038,0.8658304810372881,0.028710064113485072,0.9936557978968118,1.0
100035981|F|0-12:G>A-12:G>A,,,0.29473684210526313,-0.0010781741802608105,0.006370339581872423,-0.1692490904768855,0.8659805445304982,0.028645254627252974,0.9936557978968118,1.0
100021422|F|0-18:C>G-18:C>G,,,0.24736842105263157,0.001165194306799046,0.006895670704081884,0.16897476065806197,0.8661956881960883,0.028552469739449325,0.9936557978968118,1.0
100018758|F|0-12:C>T-12:C>T,,,0.2631578947368421,0.0011785510618734039,0.006981360374484586,0.1688139558274003,0.8663218043680975,0.02849815168209546,0.9936557978968118,1.0
100046739|F|0-18:T>G-18:T>G,,,0.05789473684210526,0.002067185837795645,0.012253000751235263,0.16870853758719026,0.8664044837681653,0.028462570654808388,0.9936557978968118,1.0
100028946|F|0-30:A>G-30:A>G,,,0.3368421052631579,0.0012417531880479851,0.007426209010053112,0.16721225949431018,0.8675781727322013,0.027959939725192524,0.9936557978968118,1.0
100029543|F|0-46:T>C-46:T>C,,,0.24210526315789474,-0.0011041632857308472,0.006705704327933447,-0.16466029990784375,0.8695806277220317,0.02711301436574105,0.9936557978968118,1.0
100038944|F|0-45:C>T-45:C>T,,,0.07368421052631578,0.0017510944817453842,0.010651146824089179,0.16440431351345372,0.8697815406146953,0.02702877830182998,0.9936557978968118,1.0
100032815|F|0-7:G>A-7:G>A,,,0.4787234042553191,-0.0010465434761941974,0.006456523336052879,-0.1620908686801076,0.8715976516899258,0.02627344970947189,0.9936557978968118,1.0
100022144|F|0-13:T>A-13:T>A,,,0.33695652173913043,-0.0009151918284304091,0.00565328390070546,-0.16188676254454593,0.8717579132164182,0.0262073238871542,0.9936557978968118,1.0
100013048|F|0-58:C>T-58:C>T,,,0.06842105263157895,-0.0018751174747923837,0.01164695101369826,-0.16099642495164723,0.8724570574192743,0.02591984884721138,0.9936557978968118,1.0
100021232|F|0-6:T>G-6:T>G,,,0.08064516129032258,0.001899101257880218,0.01185732130390852,0.16016275592145915,0.873111794064062,0.025652108384356897,0.9936557978968118,1.0
100016523|F|0-36:G>T-36:G>T,Vu03 (old3),39488805.0,0.26842105263157895,0.0011499411500115711,0.007204998529603223,0.1596032456199402,0.8735512649130084,0.025473196012418958,0.9936557978968118,1.0
100015224|F|0-63:G>C-63:G>C,,,0.2578947368421053,0.0010780806348221219,0.006809571833020056,0.15831841726001608,0.8745605912705515,0.02506472124371656,0.9936557978968118,1.0
100016636|F|0-57:G>T-57:G>T,,,0.12105263157894737,-0.0013235083664334686,0.008368940390428254,-0.15814527343834292,0.8746966242727396,0.02500992751088825,0.9936557978968118,1.0
100022323|F|0-60:G>C-60:G>C,,,0.3894736842105263,-0.0010681422870598245,0.00687105068869997,-0.15545545149542786,0.8768104037333281,0.024166397399647325,0.9936557978968118,1.0
100020454|F|0-11:G>A-11:G>A,,,0.4052631578947368,0.0010794247893990017,0.006968425106556719,0.15490225881646502,0.8772452379682262,0.023994709786443115,0.9936557978968118,1.0
100034724|F|0-49:G>A-49:G>A,,,0.22631578947368422,-0.0013121366270226241,0.008492091784651866,-0.1545127702686995,0.8775514160242438,0.02387419617610791,0.9936557978968118,1.0
100016054|F|0-59:T>A-59:T>A,,,0.1736842105263158,-0.001238853717456454,0.008097209059778652,-0.15299762032948175,0.8787426564497705,0.023408271826484247,0.9936557978968118,1.0
100020602|F|0-66:T>C-66:T>C,,,0.06842105263157894,-0.0015330714280962286,0.010037768181905021,-0.15273030820335942,0.8789528515041173,0.02332654704389316,0.9936557978968118,1.0
100059435|F|0-20:G>A-20:G>A,,,0.32105263157894737,-0.0010944572631748904,0.0071693373377462585,-0.1526580786501172,0.8790096491256766,0.023304488977145373,0.9936557978968118,1.0
100014531|F|0-60:G>C-60:G>C,,,0.3882978723404255,0.0009261145414844583,0.006081859973246523,0.15227488721515145,0.8793109818268507,0.023187641276387096,0.9936557978968118,1.0
100013356|F|0-7:G>A-7:G>A,,,0.3368421052631579,0.0009189589652448384,0.006149221171404854,0.14944314729126787,0.8815383433932134,0.022333254272319584,0.9936557978968118,1.0
100035010|F|0-32:A>C-32:A>C,,,0.12631578947368421,0.001377033263250021,0.009219567499073008,0.14935985482925054,0.8816038732567022,0.022308366234614796,0.9936557978968118,1.0
100046856|F|0-65:C>A-65:C>A,,,0.06842105263157895,-0.001759543076832555,0.012036076616463796,-0.1461890890945084,0.8840990635640589,0.021371249770282114,0.9936557978968118,1.0
100033416|F|0-48:G>A-48:G>A,,,0.14736842105263157,0.0013451692559735562,0.009245885291333229,0.14548842145321347,0.8846506029204227,0.021166880776947866,0.9936557978968118,1.0
100015598|F|0-56:T>C-56:T>C,,,0.33157894736842103,0.0009890334661528516,0.006800799240029439,0.1454290049221583,0.8846973760090215,0.021149595472649142,0.9936557978968118,1.0
100033601|F|0-15:C>A-15:C>A,,,0.49473684210526314,0.0011166662726079888,0.0077130145691476195,0.1447768913953178,0.88521075092958,0.020960348282091645,0.9936557978968118,1.0
100014225|F|0-25:G>A-25:G>A,,,0.12631578947368421,-0.001428670162717259,0.009958203717988997,-0.14346665354279084,0.8862423806632891,0.02058268067876718,0.9936557978968118,1.0
100029934|F|0-27:G>C-27:G>C,,,0.28421052631578947,-0.0009075770025191904,0.006355835769700146,-0.14279428157125082,0.8867718561267026,0.02039020684944966,0.9936557978968118,1.0
100028947|F|0-38:C>A-38:C>A,,,0.06842105263157895,0.0019895302071902374,0.013934735098056391,0.14277488543486813,0.886787130844078,0.02038466791093972,0.9936557978968118,1.0
100013667|F|0-32:C>A-32:C>A,,,0.17894736842105263,0.0011459837808864867,0.008043443205555799,0.14247428018077238,0.8870238669740469,0.02029892051302923,0.9936557978968118,1.0
100013883|F|0-67:A>T-67:A>T,,,0.07368421052631578,0.001522757763138075,0.010693902692111653,0.1423949522433317,0.887086341939927,0.020276322424380717,0.9936557978968118,1.0
100016973|F|0-15:G>T-15:G>T,,,0.3526315789473684,0.0009900832688728002,0.0069566867609517575,0.14232109377558708,0.887144510049116,0.02025529373347945,0.9936557978968118,1.0
100029235|F|0-18:C>T-18:C>T,,,0.08947368421052632,-0.0015427074824625841,0.010887606623958624,-0.14169390351299002,0.8876384860315045,0.020077162292748526,0.9936557978968118,1.0
100021653|F|0-36:G>A-36:G>A,,,0.07368421052631578,0.001756417344010561,0.012473493871973948,0.14081197794604805,0.8883331669503389,0.01982801313307832,0.9936557978968118,1.0
100043366|F|0-29:G>T-29:G>T,,,0.12105263157894737,-0.0013538813932811977,0.009631704166771561,-0.14056509313813398,0.8885276504437996,0.01975854540893228,0.9936557978968118,1.0
100038915|F|0-9:A>C-9:A>C,,,0.12105263157894737,-0.0013538813932811977,0.009631704166771561,-0.14056509313813398,0.8885276504437996,0.01975854540893228,0.9936557978968118,1.0
100019488|F|0-31:C>T-31:C>T,,,0.07065217391304349,-0.001267445292004865,0.009066060399665876,-0.13980110832391718,0.8891295226102259,0.019544349888595623,0.9936557978968118,1.0
100049017|F|0-36:G>A-36:G>A,,,0.24736842105263157,0.001154211735108475,0.008424286531673352,0.137010028180892,0.8913289033330155,0.01877174782212882,0.9936557978968118,1.0
100018782|F|0-63:C>T-63:C>T,,,0.12105263157894737,0.001254716624801576,0.009202344664443085,0.13634749300900154,0.8918511088437483,0.018590638849839723,0.9936557978968118,1.0
100059434|F|0-46:A>G-46:A>G,,,0.39473684210526316,-0.0013600718946039831,0.00998419380348289,-0.13622250542948547,0.8919496285189218,0.018556570985486198,0.9936557978968118,1.0
100015855|F|0-33:A>T-33:A>T,,,0.3526315789473684,-0.0009005386803619421,0.006616233008259074,-0.1361104845064851,0.8920379288532166,0.018526063992590124,0.9936557978968118,1.0
100018789|F|0-23:A>C-23:A>C,,,0.13157894736842105,-0.0012481904054655122,0.00917608053208971,-0.1360265312733972,0.8921041057628754,0.018503217210272507,0.9936557978968118,1.0
100030037|F|0-16:T>A-16:T>A,,,0.4473684210526316,0.0009295703259746586,0.006857483553803276,0.1355556041339834,0.892475332569316,0.018375321812129218,0.9936557978968118,1.0
100029185|F|0-30:A>G-30:A>G,,,0.10526315789473684,-0.00129443231567343,0.009566594594127915,-0.13530753320183206,0.8926708938600061,0.018308128541164884,0.9936557978968118,1.0
100016695|F|0-37:G>A-37:G>A,,,0.20526315789473684,-0.0009501594583359121,0.007036201516607843,-0.1350386932627229,0.8928828354349491,0.01823544867810376,0.9936557978968118,1.0
100019402|F|0-35:A>C-35:A>C,,,0.2894736842105263,0.0009250128148510768,0.006882671826824719,0.13439734424731772,0.8933884781532212,0.018062646140732025,0.9936557978968118,1.0
100016677|F|0-45:G>A-45:G>A,,,0.23157894736842105,0.0011473677472193676,0.008645544592804371,0.13271202697564177,0.8947174000637941,0.01761248210398347,0.9936557978968118,1.0
100035765|F|0-28:G>A-28:G>A,,,0.15789473684210525,-0.0011781847918678288,0.008896444828343016,-0.13243321513266423,0.8949372804184126,0.017538556470374528,0.9936557978968118,1.0
100030012|F|0-16:C>G-16:C>G,,,0.11702127659574468,0.0011553470892018045,0.008896885057461983,0.12985972975258273,0.8969672024653351,0.016863549411413818,0.9936557978968118,1.0
100022245|F|0-8:T>C-8:T>C,,,0.37894736842105264,-0.000794987673232867,0.006187592022455887,-0.12848094547082506,0.8980550473870733,0.016507353349077124,0.9936557978968118,1.0
100028785|F|0-15:C>T-15:C>T,,,0.14210526315789473,0.0011001990763425168,0.008580258205855099,0.12822447179873325,0.8982574237140848,0.01644151516806414,0.9936557978968118,1.0
100034454|F|0-32:T>C-32:T>C,Vu05 (old1),11968566.0,0.19473684210526315,0.0010679892846580956,0.008524063255081671,0.1252911026934728,0.9005725399371248,0.015697860414146347,0.9936557978968118,1.0
100033004|F|0-55:C>G-55:C>G,,,0.06315789473684211,-0.0013775940519992966,0.011301511783400714,-0.12189467023541585,0.9032541952138504,0.014858310631800774,0.9936557978968118,1.0
100015801|F|0-31:A>T-31:A>T,,,0.15789473684210525,0.0010544249013289906,0.008745796395394174,0.12056362321495223,0.9043054320661438,0.014535587242716969,0.9936557978968118,1.0
100022316|F|0-39:A>G-39:A>G,,,0.22105263157894736,-0.000833206095695793,0.006933653444718225,-0.12016840794523638,0.9046175988582881,0.01444044626809275,0.9936557978968118,1.0
100020014|F|0-36:G>C-36:G>C,,,0.3894736842105263,0.0007600312027111354,0.006431253328878723,0.11817777404262901,0.9061901582009828,0.01396598627767068,0.9936557978968118,1.0
100017546|F|0-5:C>G-5:C>G,,,0.06315789473684211,-0.0014175247217041176,0.012090828305205682,-0.11723967009719302,0.9069313708370956,0.013745140244498655,0.9936557978968118,1.0
100020774|F|0-63:A>G-63:A>G,,,0.22105263157894736,-0.0008148216295553764,0.006956523937879851,-0.11713057222709862,0.907017576369687,0.013719570950247567,0.9936557978968118,1.0
100018000|F|0-38:T>A-38:T>A,,,0.35789473684210527,0.0007362372243044829,0.00628856410845289,0.1170755694952455,0.9070610381335593,0.013706688972636058,0.9936557978968118,1.0
100028760|F|0-23:G>T-23:G>T,,,0.3473684210526316,-0.0008074464538292564,0.006909321819194556,-0.1168633441832332,0.9072287358440227,0.013657041213688825,0.9936557978968118,1.0
100020755|F|0-11:C>A-11:C>A,,,0.14736842105263157,-0.0010137031819514911,0.00869244750082672,-0.11661884433067672,0.9074219416931659,0.01359995485302261,0.9936557978968118,1.0
100030243|F|0-51:A>G-51:A>G,,,0.15294117647058822,-0.0007814960567176695,0.006870007612578641,-0.1137547584789847,0.9096855782010381,0.01294014507661214,0.9936557978968118,1.0
100013445|F|0-24:G>T-24:G>T,,,0.24736842105263157,0.0009382155440868787,0.008316809520228233,0.1128095505620203,0.9104327899094183,0.012725994698005014,0.9936557978968118,1.0
100017652|F|0-34:G>A-34:G>A,,,0.06521739130434782,-0.001556204891503851,0.013811417222710178,-0.11267525022305286,0.9105389644094143,0.012695712012827574,0.9936557978968118,1.0
100035973|F|0-34:C>T-34:C>T,,,0.05263157894736842,-0.0013325993851244727,0.012281514801974957,-0.10850448064518728,0.913837069830729,0.01177322232008182,0.9936557978968118,1.0
100018909|F|0-13:T>C-13:T>C,,,0.05263157894736842,0.001479588743621649,0.013776426092489987,0.10740004219441389,0.9147106780074103,0.011534769063361884,0.9936557978968118,1.0
100046553|F|0-7:C>T-7:C>T,,,0.05263157894736842,0.001479588743621649,0.013776426092489987,0.10740004219441389,0.9147106780074103,0.011534769063361884,0.9936557978968118,1.0
100019269|F|0-46:T>G-46:T>G,,,0.05263157894736842,0.001479588743621649,0.013776426092489987,0.10740004219441389,0.9147106780074103,0.011534769063361884,0.9936557978968118,1.0
100033896|F|0-41:A>G-41:A>G,,,0.4883720930232558,0.0006300690672037886,0.0059233269638634895,0.10637080665100176,0.9155248951965943,0.011314748507584802,0.9936557978968118,1.0
100038514|F|0-16:A>T-16:A>T,,,0.35789473684210527,-0.0008654174219893815,0.008166908300655364,-0.10596634492883127,0.9158448852379663,0.011228866257576044,0.9936557978968118,1.0
100017737|F|0-19:T>C-19:T>C,,,0.22105263157894736,-0.0010645991020763143,0.01007809218200313,-0.10563498357133638,0.9161070522340841,0.011158749754116508,0.9936557978968118,1.0
100035576|F|0-54:C>T-54:C>T,,,0.11052631578947368,0.001164616259300339,0.011107333148615716,0.10485111445905292,0.9167272719029438,0.010993756203305416,0.9936557978968118,1.0
100015018|F|0-5:T>A-5:T>A,,,0.14210526315789473,0.0008729918036876856,0.008383439798379964,0.10413288872860811,0.9172955979039572,0.010843658514964678,0.9936557978968118,1.0
100033734|F|0-65:A>G-65:A>G,,,0.12631578947368421,-0.0008873818789640652,0.008580472077151274,-0.10341877125001693,0.9178607156866018,0.010695442246863328,0.9936557978968118,1.0
100050516|F|0-63:C>G-63:C>G,,,0.4263157894736842,0.0006939651888064869,0.006760207595277434,0.1026544198570587,0.9184656328871028,0.010537929916189287,0.9936557978968118,1.0
100021820|F|0-10:T>A-10:T>A,,,0.1,0.001215751744774894,0.012098681657389317,0.10048629918552894,0.9201817704950861,0.010097496324003634,0.9936557978968118,1.0
100020314|F|0-31:G>A-31:G>A,,,0.4052631578947368,0.0006139193343399965,0.006135851435749743,0.1000544652634637,0.9205236264098213,0.010010896019157665,0.9936557978968118,1.0
100014015|F|0-51:C>G-51:C>G,,,0.4368421052631579,-0.000725291624412456,0.007299062681511592,-0.0993677758446448,0.9210672662138589,0.009873954876311576,0.9936557978968118,1.0
100039190|F|0-22:G>A-22:G>A,,,0.14736842105263157,-0.0010050800250788433,0.010158698221289154,-0.09893787601373369,0.9214076293724082,0.00978870331010894,0.9936557978968118,1.0
100021502|F|0-49:T>G-49:T>G,,,0.05789473684210526,0.0011328054546708125,0.011504591411010514,0.09846550948229736,0.9217816314241759,0.009695456557608392,0.9936557978968118,1.0
100020360|F|0-56:A>G-56:A>G,,,0.28421052631578947,0.0006624021320091041,0.006729442857460815,0.0984334284486435,0.9218070326186394,0.00968913983615422,0.9936557978968118,1.0
100035421|F|0-6:T>A-6:T>A,,,0.13157894736842105,0.0009239300615191836,0.009458111842719972,0.09768652315423233,0.9223984418748663,0.00954265680596237,0.9936557978968118,1.0
100045081|F|0-27:C>A-27:C>A,,,0.16842105263157894,0.0009110105397276721,0.0093942808708842,0.09697501620918929,0.9229618628405679,0.009404153768772525,0.9936557978968118,1.0
100016397|F|0-22:A>T-22:A>T,,,0.07368421052631578,-0.0011700897984633486,0.012148267175280178,-0.09631742384167334,0.9234826254288729,0.009277046135496543,0.9936557978968118,1.0
100038790|F|0-27:T>A-27:T>A,,,0.14736842105263157,0.0008867124504961402,0.00950514856495332,0.09328759507931951,0.9258824441119233,0.008702575395683077,0.9936557978968118,1.0
100016806|F|0-26:T>A-26:T>A,,,0.14736842105263157,0.0008867124504961402,0.00950514856495332,0.09328759507931951,0.9258824441119233,0.008702575395683077,0.9936557978968118,1.0
100018004|F|0-47:G>A-47:G>A,Vu08 (old5),35769922.0,0.34210526315789475,0.0006576211991183205,0.007066796392398685,0.09305789534642359,0.9260644092781021,0.008659771886305925,0.9936557978968118,1.0
100017507|F|0-36:T>C-36:T>C,,,0.2631578947368421,-0.0006855065605329727,0.007403389529699338,-0.09259360969499224,0.9264322223810941,0.00857357655634856,0.9936557978968118,1.0
100033415|F|0-29:T>C-29:T>C,,,0.15789473684210525,-0.0007441060073344184,0.008224779168965067,-0.09047124452194259,0.9281137899114081,0.008185046085349127,0.9936557978968118,1.0
100017951|F|0-58:G>A-58:G>A,,,0.3684210526315789,0.0005735583940673861,0.006440275183867814,0.08905805694515775,0.9292336516836455,0.007931337506846962,0.9936557978968118,1.0
100016593|F|0-53:A>T-53:A>T,,,0.37894736842105264,-0.0006339090549625502,0.0071321476004801935,-0.08888052946630975,0.9293743411036619,0.007899748518211557,0.9936557978968118,1.0
100032747|F|0-16:T>A-16:T>A,,,0.10526315789473684,-0.000828773014657099,0.009508161197022809,-0.0871643840994833,0.9307344906601321,0.007597629855442256,0.9936557978968118,1.0
100049995|F|0-28:T>A-28:T>A,,,0.09473684210526316,-0.0009338365855795926,0.010745748711480037,-0.0869028869604911,0.9309417612046633,0.007552111762067894,0.9936557978968118,1.0
100013022|F|0-48:G>C-48:G>C,,,0.3526315789473684,-0.0005975925915978422,0.006885388115630934,-0.08679141706495982,0.9310301170651253,0.007532750076143799,0.9936557978968118,1.0
100013788|F|0-18:C>T-18:C>T,,,0.07894736842105263,-0.0009799701817635048,0.011317720731716888,-0.0865872382782186,0.9311919602431062,0.007497349832649004,0.9936557978968118,1.0
100038566|F|0-46:T>A-46:T>A,,,0.17894736842105263,-0.0007477641241221033,0.008657769123121316,-0.08636914584903113,0.9313648353236497,0.007459629354691212,0.9936557978968118,1.0
100029425|F|0-25:A>T-25:A>T,,,0.41578947368421054,0.0005737250518323356,0.006879506505798887,0.08339625107538312,0.9337216813316983,0.00695493469342834,0.9936557978968118,1.0
100049169|F|0-65:G>T-65:G>T,,,0.3684210526315789,0.0005983081603867301,0.0071918078346343076,0.08319301268109497,0.933882826103397,0.006921077358956828,0.9936557978968118,1.0
100033324|F|0-45:A>T-45:A>T,,,0.06914893617021277,0.0009870655276851769,0.01198420432774343,0.08236387670728548,0.9345402644494425,0.006783808186252924,0.9936557978968118,1.0
100019495|F|0-5:T>G-5:T>G,,,0.2894736842105263,-0.0006005391476688079,0.0073425793236771226,-0.08178858153187255,0.9349964540980943,0.006689372068995763,0.9936557978968118,1.0
100034945|F|0-61:G>A-61:G>A,,,0.4789473684210526,0.0005353377479236639,0.006647424946846641,0.08053310149482976,0.9359920825270726,0.006485580436376551,0.9936557978968118,1.0
100033466|F|0-26:G>A-26:G>A,,,0.12105263157894737,-0.000759908631757321,0.009437167048635935,-0.08052296074033781,0.9360001248264889,0.006483947206389984,0.9936557978968118,1.0
100014515|F|0-36:T>C-36:T>C,,,0.3894736842105263,-0.0005015183849805985,0.006237468581909047,-0.08040415408827649,0.9360943469755675,0.006464827994651309,0.9936557978968118,1.0
100041804|F|0-41:G>A-41:G>A,,,0.3707865168539326,-0.0005285016613025412,0.006673659908155574,-0.07919217769198629,0.9370555824605435,0.006271401007599131,0.9936557978968118,1.0
100047217|F|0-67:G>A-67:G>A,,,0.07368421052631578,-0.0008479597420026422,0.01090754171629933,-0.07774068291992146,0.9382069059625501,0.006043613780855769,0.9936557978968118,1.0
100044894|F|0-55:A>G-55:A>G,,,0.15789473684210525,0.0007547915815408037,0.009714557916303096,0.07769695626335221,0.9382415919321598,0.006036817012589266,0.9936557978968118,1.0
100021651|F|0-68:A>T-68:A>T,,,0.22105263157894736,-0.000791472654931336,0.010218288942983897,-0.0774564762601256,0.9384323537185236,0.0059995057146354,0.9936557978968118,1.0
100044377|F|0-51:A>T-51:A>T,,,0.1,0.0008478708066052606,0.011148567142272017,0.07605199805366819,0.9395465334381313,0.00578390640795515,0.9936557978968118,1.0
100046294|F|0-6:C>G-6:C>G,,,0.46808510638297873,0.0005255456970884326,0.006941734171232682,0.07570812769903411,0.9398193459652657,0.005731720599693256,0.9936557978968118,1.0
100018713|F|0-51:T>A-51:T>A,,,0.4473684210526316,-0.0005441336462955472,0.007306324759643657,-0.07447433069236926,0.9407982483912182,0.005546425932076374,0.9936557978968118,1.0
100014325|F|0-37:G>A-37:G>A,,,0.12105263157894737,-0.0006768638712872731,0.009111857379820752,-0.07428385268477374,0.9409493830008188,0.005518090769693166,0.9936557978968118,1.0
100016813|F|0-35:C>T-35:C>T,,,0.22631578947368422,-0.0005015198401435304,0.006882240917182818,-0.07287159025360347,0.9420700084749829,0.005310268666089076,0.9936557978968118,1.0
100020033|F|0-7:G>A-7:G>A,,,0.47368421052631576,-0.0005628329919691222,0.0077391606623012895,-0.07272532727105321,0.9421860743602544,0.005288973226681796,0.9936557978968118,1.0
100033683|F|0-28:G>C-28:G>C,,,0.2,0.000752550616382116,0.010400739915343238,0.07235548840827646,0.9424795627598752,0.00523531670280023,0.9936557978968118,1.0
100036126|F|0-34:T>C-34:T>C,,,0.3,-0.00044308592816819293,0.006180314936606019,-0.07169309860631762,0.9430052269685918,0.005139900387775181,0.9936557978968118,1.0
100020292|F|0-58:T>C-58:T>C,Vu07 (old2),39103737.0,0.3105263157894737,-0.000527011216996267,0.007411874928269084,-0.07110363060583126,0.9434730425854666,0.005055726285330504,0.9936557978968118,1.0
100046321|F|0-34:T>C-34:T>C,,,0.42105263157894735,0.00046486314591423104,0.006554526607234267,0.07092245920569748,0.9436168284440948,0.005029995219783823,0.9936557978968118,1.0
100020053|F|0-44:G>A-44:G>A,,,0.21052631578947367,-0.0005670329151108775,0.008160083487209898,-0.06948861687501653,0.9447548564021359,0.004828667875202833,0.9936557978968118,1.0
100033338|F|0-63:T>A-63:T>A,,,0.3631578947368421,0.0004936705829599994,0.007258267412964662,0.06801493453908969,0.9459246244670267,0.004626031320356655,0.9936557978968118,1.0
100014414|F|0-40:G>C-40:G>C,,,0.12105263157894737,0.0006591930638253085,0.009809730815844587,0.06719787486529048,0.9465732349682874,0.004515554386411239,0.9936557978968118,1.0
100015194|F|0-9:C>T-9:C>T,,,0.26842105263157895,-0.00045648148050166126,0.006816523668710873,-0.06696690317338692,0.9467565949098425,0.00448456612063378,0.9936557978968118,1.0
100029761|F|0-20:T>G-20:T>G,Vu02 (old7),30481386.0,0.28421052631578947,0.0004661122671200642,0.007092237190351925,0.06572147188677642,0.9477453462270519,0.004319311866964343,0.9936557978968118,1.0
100013444|F|0-54:G>C-54:G>C,Vu03 (old3),47172807.0,0.2,-0.0004505347339426207,0.006885109522604408,-0.06543610271753504,0.9479719131727412,0.004281883538859796,0.9936557978968118,1.0
100035334|F|0-35:T>C-35:T>C,,,0.43478260869565216,-0.0004600156174414602,0.0070830906538843575,-0.06494560636311894,0.9483613494614477,0.004217931785873196,0.9936557978968118,1.0
100017336|F|0-39:A>G-39:A>G,Vu07 (old2),40087974.0,0.28421052631578947,-0.00046885358847801895,0.007406973337989008,-0.06329894372285032,0.9496688309803071,0.004006756276428571,0.9936557978968118,1.0
100014819|F|0-24:A>T-24:A>T,,,0.26842105263157895,0.00048805109817214737,0.007744501535459656,0.063019045956349,0.9498910889414098,0.003971400153248427,0.9936557978968118,1.0
100019656|F|0-61:T>G-61:T>G,,,0.3263157894736842,0.0004361655255781832,0.006946815778754489,0.06278639587825437,0.9500758320253222,0.003942131507380877,0.9936557978968118,1.0
100034532|F|0-64:T>C-64:T>C,,,0.05263157894736842,-0.0008211015208438268,0.013203117968083801,-0.062189970795435916,0.950549454488886,0.003867592467537172,0.9936557978968118,1.0
100041823|F|0-64:C>T-64:C>T,,,0.4473684210526316,0.00043440963154288073,0.007152267342121675,0.06073733136127653,0.9517030726166461,0.003689023420889505,0.9936557978968118,1.0
100057957|F|0-57:C>A-57:C>A,,,0.37368421052631584,-0.0005464347073190645,0.009008137101690407,-0.06066012330302168,0.9517643905383893,0.003679650559137794,0.9936557978968118,1.0
100015126|F|0-46:T>G-46:T>G,,,0.06315789473684211,-0.0007713180488426117,0.01277408951735663,-0.060381450106059865,0.9519857126121279,0.003645919516910597,0.9936557978968118,1.0
100028451|F|0-5:C>A-5:C>A,,,0.22631578947368422,0.0005492256547849848,0.009225708458353602,0.0595320844208639,0.9526603014476862,0.0035440690754928663,0.9936557978968118,1.0
100015767|F|0-23:A>T-23:A>T,,,0.23157894736842105,-0.0005139730143037722,0.008787929920796146,-0.05848624407978991,0.953490983011143,0.0034206407465607602,0.9936557978968118,1.0
100020363|F|0-42:C>T-42:C>T,,,0.05789473684210526,0.0006450432470851259,0.011029559729234893,0.05848313649142111,0.9534934513581749,0.0034202772538741914,0.9936557978968118,1.0
100030094|F|0-15:T>A-15:T>A,Vu03 (old3),33492365.0,0.3631578947368421,-0.00047696197176449746,0.008231131406117042,-0.05794610099530652,0.9539200236452451,0.0033577506205582633,0.9936557978968118,1.0
100046913|F|0-41:A>T-41:A>T,,,0.49473684210526314,0.0003710351955539124,0.006451701754034874,0.05750966329493891,0.9542667000596333,0.003307361372297244,0.9936557978968118,1.0
100016053|F|0-57:T>C-57:T>C,,,0.24736842105263157,-0.00034796050556163246,0.006156564843258028,-0.05651861296363659,0.9550539555796068,0.00319435361133335,0.9936557978968118,1.0
100022068|F|0-50:T>C-50:T>C,,,0.10526315789473684,-0.000577237842597587,0.010270043677460303,-0.056205977377141315,0.9553023115795016,0.0031591118929197213,0.9936557978968118,1.0
100033546|F|0-50:C>T-50:C>T,,,0.35789473684210527,-0.0005492935934363603,0.009885682373158199,-0.055564560209603056,0.955811863655238,0.003087420351286603,0.9936557978968118,1.0
100035819|F|0-44:C>T-44:C>T,,,0.1368421052631579,0.00041377627980242497,0.007502595882308666,0.05515108187795656,0.9561403472141161,0.0030416418323090683,0.9936557978968118,1.0
100018441|F|0-12:A>C-12:A>C,,,0.08421052631578947,-0.0006022943233925675,0.010934521728670562,-0.055081908320995715,0.956195302167835,0.003034016624282577,0.9936557978968118,1.0
100016740|F|0-47:T>C-47:T>C,Vu06 (old6),33896302.0,0.10526315789473684,0.000555891828748511,0.01025533687057408,0.05420512614690861,0.956891880295974,0.002938195700602275,0.9936557978968118,1.0
100038463|F|0-13:A>C-13:A>C,,,0.1736842105263158,-0.0004293027075654038,0.00792116969581843,-0.05419688304266879,0.9568984293640223,0.0029373021315407203,0.9936557978968118,1.0
100012983|F|0-45:A>T-45:A>T,,,0.07894736842105263,0.0005945695186365731,0.0110528271300965,0.05379343326718456,0.9572189699866248,0.0028937334626710385,0.9936557978968118,1.0
100043266|F|0-15:G>A-15:G>A,,,0.21052631578947367,-0.00043717187412157957,0.008202626221249867,-0.053296573844732124,0.9576137341814306,0.0028405247835869844,0.9936557978968118,1.0
100017287|F|0-5:C>A-5:C>A,,,0.13157894736842105,-0.0004303008752006782,0.008228096273298924,-0.052296528979255116,0.9584083206596085,0.00273492694327807,0.9936557978968118,1.0
100019864|F|0-41:A>G-41:A>G,,,0.16842105263157894,-0.0004265311264453589,0.008161636534625975,-0.0522604902381757,0.9584369560604403,0.002731158839934458,0.9936557978968118,1.0
100021519|F|0-20:C>T-20:C>T,,,0.3894736842105263,-0.0003350280335584731,0.006507449537308257,-0.051483769737698824,0.9590541301776309,0.0026505785464043933,0.9936557978968118,1.0
100033982|F|0-15:A>G-15:A>G,,,0.4368421052631579,-0.0003557118947655823,0.006932687094540195,-0.051309382626791494,0.9591926998250688,0.002632652745542493,0.9936557978968118,1.0
100015112|F|0-61:C>T-61:C>T,,,0.45789473684210524,0.0002991397336936509,0.005834343507481845,0.05127221825558267,0.9592222311480754,0.0026288403648481048,0.9936557978968118,1.0
100034929|F|0-54:T>A-54:T>A,,,0.32105263157894737,-0.00032233881520526714,0.006386597406022488,-0.05047113426960424,0.9598587973172539,0.0025473353944604196,0.9936557978968118,1.0
100013921|F|0-19:C>G-19:C>G,,,0.06842105263157895,0.000520860114519705,0.010322609842873118,0.050458180871702174,0.9598690907036945,0.0025460280168814113,0.9936557978968118,1.0
100028611|F|0-14:A>C-14:A>C,,,0.10526315789473684,0.000519502065927091,0.01044343408745794,0.04974437159047021,0.9604363279967216,0.00247450250493078,0.9936557978968118,1.0
100018695|F|0-40:A>G-40:A>G,Vu08 (old5),10283963.0,0.38421052631578945,0.00036331608082071023,0.007323772110285876,0.04960778071049627,0.9605448739436897,0.002460931907020686,0.9936557978968118,1.0
100047135|F|0-14:G>A-14:G>A,,,0.2127659574468085,0.0003756706304328682,0.007713660753756834,0.04870199019964716,0.9612647056467881,0.002371883849406528,0.9936557978968118,1.0
100033311|F|0-46:C>T-46:C>T,,,0.4736842105263158,0.000334185900926389,0.00688312762462009,0.04855146078231176,0.9613843344993928,0.002357244344096357,0.9936557978968118,1.0
100028495|F|0-31:A>T-31:A>T,,,0.08947368421052632,0.000502088389971942,0.010553359468320464,0.04757616676273872,0.962159442198786,0.0022634916438359245,0.9936557978968118,1.0
100014488|F|0-28:T>A-28:T>A,,,0.05789473684210526,0.0005637855514553708,0.011880665145826022,0.04745403936019886,0.9622565046247529,0.0022518858515993027,0.9936557978968118,1.0
100021979|F|0-26:G>A-26:G>A,,,0.21052631578947367,-0.00038550989813109654,0.008200041561845636,-0.04701316392405301,0.9626069011383681,0.0022102375821498794,0.9936557978968118,1.0
100018930|F|0-63:C>G-63:C>G,Vu09 (old8),30816607.0,0.08947368421052632,0.00047527416495188476,0.010149220045085375,0.04682863932800727,0.962753558748751,0.0021929214613125893,0.9936557978968118,1.0
100033755|F|0-33:T>A-33:T>A,,,0.37894736842105264,0.00035715960349784996,0.00789834998883811,0.04521952103953172,0.964032517583667,0.0020448050830446517,0.9936557978968118,1.0
100016098|F|0-43:C>A-43:C>A,,,0.08421052631578947,0.0005096473019656899,0.011299859733849043,0.04510209099667204,0.964125857013727,0.002034198612272085,0.9936557978968118,1.0
100018573|F|0-44:G>C-44:G>C,,,0.08421052631578947,0.0005096473019656899,0.011299859733849043,0.04510209099667204,0.964125857013727,0.002034198612272085,0.9936557978968118,1.0
100018446|F|0-67:T>A-67:T>A,,,0.11052631578947368,-0.0005136668363060869,0.011591745451911039,-0.044313157016521845,0.9647529551613494,0.001963655884770919,0.9936557978968118,1.0
100021948|F|0-23:C>G-23:C>G,,,0.49473684210526314,-0.0003040871721712339,0.006896227245320829,-0.04409471459594963,0.9649265919236796,0.0019443438552982533,0.9936557978968118,1.0
100017777|F|0-23:A>G-23:A>G,,,0.15789473684210525,0.0003327766581211678,0.007831092851378745,0.04249428073919198,0.9661988049974088,0.0018057638955412626,0.9941685817330893,1.0
100034528|F|0-51:A>G-51:A>G,Vu09 (old8),1037776.0,0.11578947368421053,-0.0003750416906844536,0.009047432475765132,-0.0414528311417695,0.9670267188264656,0.0017183372096680554,0.9941685817330893,1.0
100021093|F|0-30:G>T-30:G>T,,,0.09042553191489362,0.0004568520670727049,0.011112882758031047,0.041110131099200836,0.967299160605168,0.0016900428789934797,0.9941685817330893,1.0
100015701|F|0-21:C>G-21:C>G,,,0.05789473684210526,0.00046577358536106984,0.011717822313203697,0.03974915926453621,0.9683811523233524,0.001579995662237465,0.9944342712325306,1.0
100020673|F|0-43:T>A-43:T>A,,,0.06842105263157895,0.00048183005508765307,0.012523910636474164,0.03847281165392457,0.9693959204116511,0.0014801572365583542,0.9944342712325306,1.0
100033136|F|0-68:A>G-68:A>G,,,0.15263157894736842,0.0003164326877441099,0.00824614328991672,0.03837341610726554,0.9694749475939615,0.0014725190637413462,0.9944342712325306,1.0
100040003|F|0-60:C>T-60:C>T,,,0.3,0.00027215731389572455,0.007230471214691824,0.03764032879941759,0.970057818323625,0.0014167943521282652,0.9944342712325306,1.0
100014994|F|0-36:G>A-36:G>A,Vu09 (old8),3414321.0,0.4368421052631579,-0.0002159532256734443,0.0062160454873608,-0.034741255692633845,0.9723629999781689,0.0012069548471009635,0.9949516405766756,1.0
100030153|F|0-21:A>T-21:A>T,,,0.11578947368421053,-0.0003067070597126004,0.009208811581092465,-0.033305824211055796,0.9735044633515458,0.0011092779263777504,0.9949516405766756,1.0
100030709|F|0-39:T>A-39:T>A,,,0.3263157894736842,-0.00021490426502568749,0.006505508028566284,-0.03303420179977076,0.9737204653365977,0.0010912584885479778,0.9949516405766756,1.0
100018485|F|0-30:G>A-30:G>A,,,0.22105263157894736,0.00026654763384035147,0.008133603953032876,0.0327711596703649,0.9739296459016805,0.0010739489061405507,0.9949516405766756,1.0
100035052|F|0-18:T>C-18:T>C,,,0.21978021978021978,0.00025219158559838226,0.007705994700471734,0.03272667519261906,0.9739650217394924,0.001071035269163188,0.9949516405766756,1.0
100017600|F|0-44:G>A-44:G>A,Vu08 (old5),34751666.0,0.0736842105263158,0.00034135337787739894,0.010572474600720423,0.03228698963761414,0.9743146800870275,0.0010424496998594026,0.9949516405766756,1.0
100029687|F|0-47:A>T-47:A>T,,,0.20526315789473684,-0.0002479492462663082,0.007894491919086203,-0.03140787891198559,0.9750138046935007,0.0009864548577499493,0.9949791413927174,1.0
100043216|F|0-10:A>G-10:A>G,,,0.08947368421052632,-0.0003199017465589446,0.010513508714299456,-0.03042768644152501,0.9757933389033235,0.0009258441021837649,0.9949791413927174,1.0
100021425|F|0-50:G>C-50:G>C,,,0.1631578947368421,0.0002323845319028076,0.00796656441818989,0.029169980898191054,0.9767936099475738,0.000850887785600831,0.9949791413927174,1.0
100014172|F|0-5:G>A-5:G>A,,,0.3105263157894737,-0.00023139893431515113,0.008022647962691249,-0.028843211791325676,0.977053500186742,0.0008319308664392685,0.9949791413927174,1.0
100014717|F|0-5:C>A-5:C>A,,,0.23157894736842105,0.00020249909091909186,0.007368375603610173,0.027482188994257622,0.9781359927913624,0.0007552707119160947,0.9949791413927174,1.0
100038389|F|0-45:C>T-45:C>T,,,0.21052631578947367,-0.00020508759686879303,0.007716063029652402,-0.026579305544894176,0.9788541259277931,0.0007064594832488423,0.9949791413927174,1.0
100029079|F|0-11:G>A-11:G>A,,,0.06842105263157895,-0.00031090207107893847,0.011958920460066849,-0.025997503045287463,0.9793168877860585,0.0006758701645897309,0.9949791413927174,1.0
100014517|F|0-34:C>T-34:C>T,,,0.20526315789473684,0.00019340047866068442,0.007449194831953275,0.025962601733961137,0.9793446482847238,0.0006740566887962819,0.9949791413927174,1.0
100015287|F|0-63:T>C-63:T>C,,,0.4473684210526316,-0.0001675799054077552,0.007259187414072269,-0.023085215444760915,0.9816334052733883,0.0005329271721310278,0.9957501620445632,1.0
100054559|F|0-11:G>A-11:G>A,,,0.12234042553191489,0.00017617013305739132,0.00766226066110087,0.022991926384305517,0.9817076127894901,0.0005286286788613242,0.9957501620445632,1.0
100029970|F|0-30:G>A-30:G>A,,,0.21578947368421053,-0.00020153411001118613,0.010525399988760427,-0.019147406295855245,0.9847658988677269,0.0003666231678585571,0.9957501620445632,1.0
100035699|F|0-21:A>T-21:A>T,,,0.3263157894736842,-0.00012662188421839413,0.006616852081002729,-0.019136272455285964,0.9847747561046551,0.00036619692348293634,0.9957501620445632,1.0
100043431|F|0-17:C>G-17:C>G,,,0.2789473684210526,-0.00012707975188442657,0.006928510802196915,-0.018341567980832432,0.9854069674158309,0.00033641311599549753,0.9957501620445632,1.0
100039964|F|0-49:C>G-49:C>G,,,0.09473684210526316,0.0001927809262957788,0.011253562937208122,0.017130656963616316,0.9863703013295212,0.00029345940800509616,0.9957501620445632,1.0
100014038|F|0-34:G>C-34:G>C,,,0.1,0.0001683020930596279,0.009904953469343579,0.016991709610805636,0.9864808414870685,0.00028871819549794464,0.9957501620445632,1.0
100041311|F|0-41:A>G-41:A>G,,,0.34042553191489355,-0.00011853673229800852,0.006992511678672398,-0.016951953424626097,0.9865124697387353,0.00028736872491069243,0.9957501620445632,1.0
100040807|F|0-22:G>A-22:G>A,Vu10 (old10),38975128.0,0.3157894736842105,-0.00015243818514580528,0.009318692600993484,-0.01635832317610236,0.9869847380700115,0.00026759473713380757,0.9957501620445632,1.0
100020682|F|0-60:A>G-60:A>G,,,0.49473684210526314,-0.00010367630074763565,0.006406988168244168,-0.01618175311474753,0.9871252110059856,0.00026184913386664144,0.9957501620445632,1.0
100048583|F|0-60:A>G-60:A>G,,,0.3602150537634409,-8.98066740813542e-05,0.0059131753940363995,-0.015187554587324893,0.9879161678653029,0.00023066181434297338,0.9957501620445632,1.0
100013478|F|0-51:G>A-51:G>A,,,0.43157894736842106,-8.784626558748758e-05,0.006045177976865865,-0.014531626020551285,0.9884380131576922,0.00021116815480116318,0.9957501620445632,1.0
100014294|F|0-58:C>T-58:C>T,,,0.06315789473684211,-0.00017473251058116045,0.012289118355312306,-0.014218474062106136,0.9886871531649623,0.00020216500465478497,0.9957501620445632,1.0
100039138|F|0-25:A>G-25:A>G,Vu04 (old11),6816983.0,0.11702127659574468,-0.00012170285220183486,0.009443283105460842,-0.012887769099229568,0.9897458585610772,0.0001660945923550565,0.9957501620445632,1.0
100013352|F|0-68:T>C-68:T>C,,,0.38421052631578945,7.87315145365822e-05,0.006652191650113148,0.011835424876137332,0.9905831139722648,0.00014007728199869038,0.9957501620445632,1.0
100020853|F|0-67:A>G-67:A>G,,,0.10526315789473684,0.0001007726420012473,0.008927484001228104,0.011287910679804588,0.9910187258796033,0.00012741692751524648,0.9957501620445632,1.0
100017564|F|0-8:A>T-8:A>T,Vu07 (old2),38265563.0,0.07894736842105263,-0.00011912446089324895,0.010871421982747908,-0.010957578602163552,0.9912815452052842,0.00012006852882259256,0.9957501620445632,1.0
100017079|F|0-12:A>G-12:A>G,,,0.2631578947368421,6.893017627900351e-05,0.006354465014745114,0.01084751841721618,0.9913691116773025,0.00011766865581184423,0.9957501620445632,1.0
100021588|F|0-50:T>C-50:T>C,,,0.09473684210526316,6.327586047345382e-05,0.009122901967411182,0.006935935593683651,0.9944813196016943,4.810720255972778e-05,0.9976552029782846,1.0
100013207|F|0-60:C>G-60:C>G,Vu07 (old2),29186793.0,0.4631578947368421,-4.681443845552836e-05,0.006797060393025398,-0.006887453656225506,0.9945198943579883,4.743701786665409e-05,0.9976552029782846,1.0
100014559|F|0-31:C>A-31:C>A,,,0.1,-5.354543751745323e-05,0.009842679709289075,-0.005440128003649196,0.9956714676727758,2.9594992696088188e-05,0.9981810365894054,1.0
100043241|F|0-28:A>C-28:A>C,,,0.5,-3.756534656441676e-05,0.008581347701186008,-0.004377557916599154,0.996516913893489,1.9163013313179927e-05,0.9983995025217511,1.0
100056408|F|0-52:A>T-52:A>T,,,0.4368421052631579,-1.8460262825586374e-05,0.006555774144634398,-0.002815878402506477,0.9977594892641596,7.929171177702428e-06,0.9990153224790924,1.0
100019074|F|0-23:A>T-23:A>T,,,0.06315789473684211,2.4560853758804876e-05,0.012871815454757045,0.0019081110854279617,0.998481771635549,3.6408879143330743e-06,0.9991097475925524,1.0
100035489|F|0-68:C>A-68:C>A,,,0.07446808510638298,-6.5019930357959814e-06,0.01156233149042945,-0.0005623427282964435,0.99955256003411,3.162293440678877e-07,0.99955256003411,1.0
