rs,chrom,pos,maf_subset,beta,se,t,p,chi2,fdr_bh,p_bonferroni
100056034|F|0-41:G>T-41:G>T,,,0.46842105263157896,0.3028320446335369,0.08460949698836552,3.5791732064685213,0.000557923064936704,12.810480841902157,0.887655596314296,0.887655596314296
100017365|F|0-6:C>T-6:C>T,Vu05 (old1),42048402.0,0.05263157894736842,0.4715132750141769,0.1503716733190844,3.135652244912106,0.002316498606657492,9.83231500102233,0.9582659503036184,1.0
100043188|F|0-42:C>T-42:C>T,,,0.37894736842105264,-0.2456276719076407,0.08223654391800324,-2.9868433205625977,0.0036313600995716787,8.921233021589405,0.9582659503036184,1.0
100015905|F|0-31:G>A-31:G>A,,,0.13157894736842105,0.2626327606625122,0.08846140197394393,2.9688966577747653,0.0038298838303516256,8.814347364546173,0.9582659503036184,1.0
100015076|F|0-33:T>C-33:T>C,,,0.38421052631578945,-0.24387671578825176,0.08361347786891912,-2.916715366995945,0.004465457852707219,8.507228532070291,0.9582659503036184,1.0
100041853|F|0-27:G>A-27:G>A,,,0.23404255319148937,0.2917976179693921,0.10053477572475725,2.9024545572993734,0.0046553349975089675,8.424242457187901,0.9582659503036184,1.0
100020050|F|0-34:T>G-34:T>G,,,0.12105263157894737,0.2602498656784686,0.09058071505260955,2.8731266421038373,0.005069389677958143,8.254856701566872,0.9582659503036184,1.0
100018802|F|0-14:G>A-14:G>A,Vu01 (old4),30676663.0,0.37894736842105264,-0.24311431341679815,0.08486832934929452,-2.8646058580487312,0.005195883115054769,8.205966721967108,0.9582659503036184,1.0
100028365|F|0-14:C>A-14:C>A,,,0.42105263157894735,0.20584815327856631,0.07338373791522872,2.8050922333277377,0.006163402726384485,7.868542437475595,0.9582659503036184,1.0
100018271|F|0-48:A>G-48:A>G,,,0.38421052631578945,0.22241448745645817,0.07973845626662505,2.7893001428665847,0.006446480748322536,7.78019528699555,0.9582659503036184,1.0
100034218|F|0-27:A>T-27:A>T,Vu06 (old6),33123517.0,0.32105263157894737,-0.19726356351541077,0.07326826368850752,-2.69234663938614,0.008460874218791756,7.248730426613843,0.9582659503036184,1.0
100033258|F|0-23:G>A-23:G>A,,,0.06315789473684211,0.34957525893911806,0.13119650378116404,2.6645165752451003,0.009136694587971724,7.099648579755878,0.9582659503036184,1.0
100040013|F|0-13:A>G-13:A>G,,,0.49473684210526314,-0.17509368357400887,0.06621037338227102,-2.644505303770017,0.009652530826516681,6.993408301667749,0.9582659503036184,1.0
100018689|F|0-30:A>C-30:A>C,,,0.12105263157894737,0.23773134638334753,0.089977928608365,2.6421073485486564,0.009716082964349865,6.980731241254811,0.9582659503036184,1.0
100021866|F|0-51:G>C-51:G>C,,,0.23684210526315788,0.18570823433920913,0.0714106343828705,2.600568331931183,0.010878834859409934,6.762955649043335,0.9582659503036184,1.0
100036100|F|0-32:C>T-32:C>T,,,0.05789473684210526,0.3693611372099466,0.1421368368807768,2.5986306246547732,0.010936024860207508,6.7528811233936565,0.9582659503036184,1.0
100016503|F|0-64:G>C-64:G>C,Vu05 (old1),42344593.0,0.10526315789473684,-0.29168663718775795,0.11363118401375465,-2.566959411005084,0.011910077163945687,6.589280617747567,0.9582659503036184,1.0
100016348|F|0-15:G>A-15:G>A,,,0.09473684210526316,-0.270167401587397,0.10532170622379991,-2.565163547705101,0.011967583809782906,6.58006402647502,0.9582659503036184,1.0
100028837|F|0-16:A>C-16:A>C,,,0.11578947368421053,0.2506316594637926,0.09926325407090461,2.524918831340792,0.013323682129997365,6.375215104859352,0.9582659503036184,1.0
100013936|F|0-38:C>A-38:C>A,,,0.2578947368421053,0.21015829234383046,0.08333360892162679,2.521891168081766,0.013431085864762937,6.3599350636488134,0.9582659503036184,1.0
100017658|F|0-34:T>G-34:T>G,Vu01 (old4),30643579.0,0.3736842105263158,-0.2009716377262912,0.0811214524567703,-2.4774166590938345,0.015100911598058757,6.137593302755656,0.9582659503036184,1.0
100015510|F|0-57:A>C-57:A>C,,,0.4263157894736842,-0.16419322167534336,0.0663232300552347,-2.475651766938997,0.015170854268917585,6.128851671148177,0.9582659503036184,1.0
100016127|F|0-26:G>C-26:G>C,,,0.08947368421052626,0.21888385305873667,0.09204613818828833,2.3779797541423284,0.019523364798829237,5.654787711110809,0.9582659503036184,1.0
100015991|F|0-42:T>C-42:T>C,,,0.30526315789473685,-0.1718241514365838,0.07277568391355435,-2.3610104666372203,0.02038360781794366,5.574370423570505,0.9582659503036184,1.0
100049137|F|0-53:C>A-53:C>A,,,0.05263157894736842,-0.3039107927749275,0.12927465343002434,-2.350892342089571,0.020912387022498934,5.526694804095388,0.9582659503036184,1.0
100015115|F|0-13:C>T-13:C>T,,,0.2894736842105263,0.17443727688534763,0.07431415332585901,2.3472954891978683,0.02110326855090956,5.50979611360866,0.9582659503036184,1.0
100058976|F|0-14:G>A-14:G>A,,,0.05263157894736842,0.3549132488145183,0.15182142276682398,2.337702034050981,0.021619951743432626,5.464850800006094,0.9582659503036184,1.0
100033945|F|0-15:G>T-15:G>T,,,0.3894736842105263,-0.27973762731065344,0.12127655673427659,-2.3066092478497184,0.023372299825842855,5.3204462222658435,0.9582659503036184,1.0
100015846|F|0-45:G>T-45:G>T,Vu07 (old2),7540868.0,0.05263157894736842,0.30083414395760605,0.13247726067952403,2.2708360847327183,0.02554248592706936,5.1566965237242215,0.9582659503036184,1.0
100017206|F|0-15:G>C-15:G>C,,,0.4631578947368421,0.15776472575982936,0.06995137853750706,2.2553483442107987,0.02653577178080102,5.086596153734392,0.9582659503036184,1.0
100014497|F|0-28:A>G-28:A>G,Vu02 (old7),28608269.0,0.3631578947368421,-0.15313471020588293,0.0682485977533865,-2.243778117745787,0.027299796491082128,5.0345402416748275,0.9582659503036184,1.0
100019004|F|0-13:T>A-13:T>A,,,0.05789473684210526,-0.312181467322024,0.13954845663855078,-2.237082908989928,0.027750664417025093,5.004539941694838,0.9582659503036184,1.0
100048218|F|0-16:G>A-16:G>A,,,0.15263157894736842,-0.20728036989151802,0.09295635350088013,-2.2298676968815845,0.02824384614060446,4.972309945595982,0.9582659503036184,1.0
100013001|F|0-27:G>C-27:G>C,Vu03 (old3),7683103.0,0.4473684210526316,0.15642296067345568,0.07062168834757257,2.2149422413069835,0.029288472926571288,4.905969132326003,0.9582659503036184,1.0
100014483|F|0-57:T>A-57:T>A,,,0.24736842105263157,0.15798824972932485,0.0713579172237696,2.2140255191851135,0.029353721774670855,4.901908999602911,0.9582659503036184,1.0
100033659|F|0-57:T>C-57:T>C,,,0.3882978723404255,-0.14833651045430035,0.06728207866260032,-2.204695713968113,0.03002504709395204,4.860683191189368,0.9582659503036184,1.0
100034357|F|0-15:T>C-15:T>C,,,0.30526315789473685,0.1732789642352437,0.07888504032891627,2.196601073064625,0.03061832739873496,4.825056274188661,0.9582659503036184,1.0
100017341|F|0-38:C>A-38:C>A,,,0.49473684210526314,-0.15927007305103585,0.07271523750876437,-2.1903259689117984,0.03108526673953088,4.797527850089408,0.9582659503036184,1.0
100021620|F|0-68:T>C-68:T>C,Vu02 (old7),26207208.0,0.4421052631578948,0.17310485034084613,0.07955336526174785,2.175958864484156,0.032177803878423075,4.734796979927177,0.9582659503036184,1.0
100035304|F|0-43:G>A-43:G>A,,,0.08947368421052632,0.2538533037547573,0.11742754400711435,2.161786707719763,0.03328814363010926,4.673321769673852,0.9582659503036184,1.0
100040746|F|0-42:G>A-42:G>A,Vu07 (old2),31266697.0,0.4368421052631579,0.1360037729144878,0.06308686993737554,2.1558174157236634,0.03376570388884988,4.647548729937454,0.9582659503036184,1.0
100018871|F|0-15:C>A-15:C>A,,,0.09473684210526316,0.24869727365680405,0.11542314655546042,2.154656852447753,0.03385924073595406,4.642546151800058,0.9582659503036184,1.0
100021344|F|0-55:A>T-55:A>T,,,0.1631578947368421,0.21136925313059485,0.09851881865814609,2.1454708451593643,0.03460757652264209,4.603045147428837,0.9582659503036184,1.0
100033134|F|0-15:C>T-15:C>T,,,0.1631578947368421,0.21136925313059485,0.09851881865814609,2.1454708451593643,0.03460757652264209,4.603045147428837,0.9582659503036184,1.0
100058484|F|0-60:G>A-60:G>A,,,0.1631578947368421,0.21136925313059485,0.09851881865814609,2.1454708451593643,0.03460757652264209,4.603045147428837,0.9582659503036184,1.0
100045297|F|0-46:T>C-46:T>C,,,0.3473684210526316,-0.16287262859351467,0.0761325689489114,-2.1393292101151875,0.03511587868557182,4.576729469252072,0.9582659503036184,1.0
100014470|F|0-59:T>C-59:T>C,,,0.11052631578947368,-0.2116111031528978,0.09943792563068994,-2.1280723809426227,0.03606436698545329,4.528692058530803,0.9582659503036184,1.0
100041553|F|0-26:T>A-26:T>A,,,0.06842105263157895,0.24829262194003188,0.11732922843041803,2.1162043359663065,0.03708832553727038,4.478320791562596,0.9582659503036184,1.0
100014980|F|0-61:T>A-61:T>A,,,0.1736842105263158,0.17376220046514654,0.08224414499382918,2.1127607379003575,0.03739010599869519,4.463757935613263,0.9582659503036184,1.0
100017329|F|0-16:T>C-16:T>C,,,0.2,0.1738833752972662,0.08259566816905713,2.1052360148157048,0.03805693922832504,4.43201867807711,0.9582659503036184,1.0
100034394|F|0-57:A>G-57:A>G,,,0.13043478260869565,-0.21501573751741046,0.10240278723519602,-2.0997059096015422,0.038553543965471164,4.40876490681564,0.9582659503036184,1.0
100029682|F|0-15:A>G-15:A>G,,,0.1736842105263158,0.20229334375465857,0.09669284263493588,2.092123245547943,0.03924356509099587,4.376979674562058,0.9582659503036184,1.0
100016014|F|0-65:T>C-65:T>C,,,0.08421052631578947,0.2257720618763854,0.10813753512733165,2.0878232670139876,0.03963958001216242,4.359005994284961,0.9582659503036184,1.0
100030532|F|0-16:G>A-16:G>A,,,0.08421052631578947,0.2257720618763854,0.10813753512733165,2.0878232670139876,0.03963958001216242,4.359005994284961,0.9582659503036184,1.0
100019105|F|0-61:T>C-61:T>C,,,0.13157894736842105,-0.1963193747288255,0.094157244961674,-2.0850161324148324,0.03989996491792651,4.347292272430106,0.9582659503036184,1.0
100016871|F|0-26:A>G-26:A>G,,,0.38421052631578945,0.1382040901405595,0.06672974425193172,2.0711017506493548,0.04121252856255802,4.289462461542822,0.9582659503036184,1.0
100014950|F|0-45:G>A-45:G>A,,,0.18421052631578946,0.17763975881864133,0.08583753971536316,2.0694880049881887,0.04136713574513619,4.282780602789994,0.9582659503036184,1.0
100030019|F|0-15:C>A-15:C>A,,,0.3894736842105263,0.12462518047039121,0.060475993824248266,2.0607380315662027,0.042214162361555674,4.246641234743348,0.9582659503036184,1.0
100013031|F|0-8:C>T-8:C>T,,,0.39473684210526316,0.15437537203527318,0.07495225707641358,2.0596494095953375,0.0423205810093938,4.242155690446422,0.9582659503036184,1.0
100019849|F|0-35:A>C-35:A>C,,,0.48947368421052634,0.14988714236539563,0.07279755474885637,2.0589584757687254,0.042388243131001035,4.239310004939873,0.9582659503036184,1.0
100036190|F|0-13:A>T-13:A>T,Vu03 (old3),59363081.0,0.12105263157894737,-0.20603173085520954,0.10008318770154624,-2.0586048025329475,0.04242291380913277,4.237853733011716,0.9582659503036184,1.0
100014662|F|0-39:T>C-39:T>C,,,0.49473684210526314,-0.1402095925540127,0.06831121457183884,-2.0525120718877368,0.04302402535250882,4.21280580524489,0.9582659503036184,1.0
100018389|F|0-25:G>T-25:G>T,,,0.05789473684210526,0.27621742327116794,0.1345900765191044,2.0522866946431986,0.04304640085540262,4.211880677009505,0.9582659503036184,1.0
100014679|F|0-16:C>A-16:C>A,Vu07 (old2),38481917.0,0.43157894736842106,0.14170987939445492,0.06979600171782993,2.030343800599885,0.04527330910364316,4.122295948634385,0.9582659503036184,1.0
100019311|F|0-11:C>A-11:C>A,,,0.15263157894736842,0.17895750582668915,0.08821018825795968,2.0287623160189874,0.04543755618897667,4.115876534898725,0.9582659503036184,1.0
100040243|F|0-44:T>G-44:T>G,,,0.3526315789473684,-0.13655821082032263,0.06742363265651388,-2.0253760505016274,0.04579095884339674,4.102148145945571,0.9582659503036184,1.0
100030229|F|0-11:A>T-11:A>T,,,0.33870967741935487,-0.13938693536976565,0.06902273007045129,-2.019435267592195,0.046416649194220984,4.078118799995161,0.9582659503036184,1.0
100020264|F|0-33:T>A-33:T>A,,,0.2578947368421053,-0.150842111739008,0.07490545735785353,-2.0137666474469875,0.0470204830076351,4.055256110369879,0.9582659503036184,1.0
100038392|F|0-25:C>T-25:C>T,,,0.15263157894736842,0.2080288928151037,0.1033474538977269,2.0129077685936028,0.04711255625892126,4.051797684864477,0.9582659503036184,1.0
100017201|F|0-30:C>G-30:C>G,,,0.06315789473684211,-0.24749865326735837,0.12356671644495033,-2.0029556533342086,0.04819073189752101,4.011831349223466,0.9582659503036184,1.0
100046659|F|0-30:C>A-30:C>A,Vu05 (old1),46605557.0,0.08421052631578947,-0.21858513205463392,0.10985846883014534,-1.9896976025816755,0.0496597444993763,3.958896549719267,0.9582659503036184,1.0
100022062|F|0-25:G>T-25:G>T,,,0.12631578947368421,0.16928861653490077,0.08513457783215483,1.988482480862922,0.04979627237873828,3.954062576698761,0.9582659503036184,1.0
100029339|F|0-11:C>T-11:C>T,Vu02 (old7),26187715.0,0.2736842105263158,0.18169029782052928,0.0920958600083591,1.9728389289598698,0.05158271099988888,3.892093439619526,0.9582659503036184,1.0
100022140|F|0-38:C>A-38:C>A,,,0.12631578947368421,-0.22614191306107606,0.11532867698823294,-1.9608471974767339,0.052988785901802456,3.844921731852361,0.9582659503036184,1.0
100033391|F|0-52:T>C-52:T>C,,,0.43157894736842106,-0.1202723336681744,0.06137667003814827,-1.9595773702519201,0.05313956685755138,3.8399434700034307,0.9582659503036184,1.0
100021416|F|0-50:T>G-50:T>G,,,0.4473684210526316,0.1347448669105029,0.06893194953552095,1.954752010039528,0.05371586434363962,3.8210554207535745,0.9582659503036184,1.0
100016409|F|0-6:A>T-6:A>T,,,0.2631578947368421,0.1643280197965309,0.0842785374153536,1.949820498031022,0.05431031257027025,3.801799974541943,0.9582659503036184,1.0
100016651|F|0-34:T>C-34:T>C,,,0.39473684210526316,0.1271476654593087,0.06521900017652625,1.9495494428795603,0.0543431469305661,3.800743030232004,0.9582659503036184,1.0
100035100|F|0-8:T>C-8:T>C,,,0.24210526315789474,0.1587150431382067,0.08158023877274312,1.9455084408411316,0.05483465530545805,3.785003093384091,0.9582659503036184,1.0
100015896|F|0-17:T>A-17:T>A,,,0.05789473684210526,0.27381244006060335,0.14151989269399698,1.9347982453085761,0.05615560403694165,3.743444250049145,0.9582659503036184,1.0
100040596|F|0-63:G>T-63:G>T,,,0.34210526315789475,-0.14541833531946188,0.07524117832699573,-1.9326961452873386,0.05641800617175998,3.7353143900085373,0.9582659503036184,1.0
100040406|F|0-25:G>A-25:G>A,,,0.13333333333333333,-0.1823360770346612,0.09447055446413657,-1.9300836971786868,0.056745559878733615,3.7252230781149485,0.9582659503036184,1.0
100013584|F|0-22:T>C-22:T>C,,,0.4473684210526316,-0.13223725869669306,0.06897298105783431,-1.9172327579376514,0.058380349678010375,3.675781448109213,0.9582659503036184,1.0
100016630|F|0-66:A>T-66:A>T,,,0.15263157894736842,-0.18018410128012202,0.09402622069959216,-1.9163175967244166,0.05849827100049364,3.672273131515644,0.9582659503036184,1.0
100017856|F|0-8:G>C-8:G>C,,,0.24210526315789474,0.1606827991564577,0.0840178561511543,1.9124839232671866,0.05899443991145185,3.6575947567554503,0.9582659503036184,1.0
100019246|F|0-54:A>C-54:A>C,,,0.4842105263157895,0.14468076221993292,0.07570928314569526,1.9110042548086033,0.05918689209470761,3.651937261896585,0.9582659503036184,1.0
100038609|F|0-8:A>T-8:A>T,,,0.47368421052631576,0.12908399030981016,0.06776623506129444,1.9048422889814363,0.059994050670701085,3.6284241458920374,0.9582659503036184,1.0
100041156|F|0-37:T>C-37:T>C,,,0.17894736842105263,0.16239329571435526,0.08543857780312407,1.9007022341659032,0.060541554717605826,3.612668982963256,0.9582659503036184,1.0
100014127|F|0-16:C>T-16:C>T,,,0.37894736842105264,0.1362339096583759,0.07168017041530088,1.9005801586277389,0.06055776236442342,3.612204939369441,0.9582659503036184,1.0
100021743|F|0-57:T>C-57:T>C,,,0.05789473684210526,-0.23789277458257202,0.1255201404575442,-1.8952558028967201,0.06126822842556391,3.5919945584136914,0.9582659503036184,1.0
100019558|F|0-53:C>T-53:C>T,,,0.08421052631578947,0.2196705252148094,0.11611503529510421,1.8918353222433324,0.061728339542138556,3.579040886487533,0.9582659503036184,1.0
100015429|F|0-30:C>A-30:C>A,,,0.07894736842105263,-0.22496566923705436,0.11908167970762616,-1.8891711117058356,0.06208873133115796,3.568967489303863,0.9582659503036184,1.0
100017407|F|0-46:T>G-46:T>G,,,0.15,-0.15123314567687163,0.08023599113785122,-1.8848542098400973,0.06267644216339724,3.552675392351938,0.9582659503036184,1.0
100013003|F|0-59:A>G-59:A>G,,,0.06315789473684211,-0.2259287752335096,0.1203304096635199,-1.8775700661642767,0.06367872087275483,3.5252693533561263,0.9582659503036184,1.0
100014991|F|0-45:T>G-45:T>G,,,0.08421052631578947,0.22036871927061927,0.11747262928533066,1.8759154418461434,0.06390825942854002,3.5190587449568116,0.9582659503036184,1.0
100015232|F|0-9:G>T-9:G>T,Vu01 (old4),18488835.0,0.37894736842105264,0.13556688356405014,0.0723325957913683,1.8742156572822428,0.06414478588946504,3.5126843300019095,0.9582659503036184,1.0
100034813|F|0-53:C>A-53:C>A,,,0.053763440860215055,-0.2430861778405104,0.1300268248531058,-1.8695079120414597,0.06480371148549914,3.495059833185618,0.9582659503036184,1.0
100017362|F|0-34:C>A-34:C>A,,,0.15263157894736842,-0.173222716712414,0.09274550633832858,-1.8677208584156157,0.06505532117570999,3.4883812049607648,0.9582659503036184,1.0
100019433|F|0-7:G>A-7:G>A,,,0.49473684210526314,0.1355725814660336,0.07294481341065112,1.8585636884532466,0.06635750142420241,3.4542589840369367,0.9582659503036184,1.0
100018935|F|0-28:A>T-28:A>T,,,0.19473684210526315,-0.16048019553768247,0.08679334986324086,-1.8489918385515596,0.06774191484656754,3.4187708190302764,0.9582659503036184,1.0
100035644|F|0-26:C>G-26:C>G,,,0.2578947368421053,-0.13727068316209856,0.07457349983769557,-1.8407434740337973,0.06895420758712625,3.388336537198013,0.9582659503036184,1.0
100034350|F|0-65:C>A-65:C>A,,,0.2578947368421053,-0.13727068316209856,0.07457349983769557,-1.8407434740337973,0.06895420758712625,3.388336537198013,0.9582659503036184,1.0
100043320|F|0-18:A>G-18:A>G,,,0.4139784946236559,-0.11561162806030367,0.06320331905095083,-1.8292018488317727,0.07068089647919293,3.3459794037695754,0.9582659503036184,1.0
100013340|F|0-36:T>A-36:T>A,,,0.4473684210526316,-0.1306842449407415,0.07161878537285968,-1.8247202079786315,0.07136102284935261,3.3296038374055805,0.9582659503036184,1.0
100021287|F|0-39:T>A-39:T>A,,,0.24736842105263157,-0.16322920633868498,0.089500215048631,-1.823785632805379,0.07150353748736768,3.3261940344273166,0.9582659503036184,1.0
100018823|F|0-53:T>C-53:T>C,,,0.053763440860215055,-0.20311605871548316,0.11137733544848138,-1.8236749684987426,0.0715204285291808,3.3257903907288897,0.9582659503036184,1.0
100021397|F|0-9:C>T-9:C>T,,,0.4526315789473684,0.12076264627267319,0.06644750079453561,1.817414422343545,0.07248142306391858,3.302995182542322,0.9582659503036184,1.0
100016551|F|0-65:A>C-65:A>C,Vu11 (old9),32255711.0,0.05789473684210526,0.26123693140249477,0.14379665120298601,1.8167108150086742,0.07259009563091512,3.300438185369481,0.9582659503036184,1.0
100017553|F|0-24:C>A-24:C>A,Vu03 (old3),64354681.0,0.07368421052631578,-0.18780677226360745,0.10368008329227964,-1.8114064562831247,0.07341372888758953,3.281193349864188,0.9582659503036184,1.0
100015727|F|0-9:C>T-9:C>T,,,0.06521739130434782,-0.1931254470207314,0.10664140511937097,-1.8109799547797871,0.07348029004507858,3.2796483966142,0.9582659503036184,1.0
100017523|F|0-41:C>T-41:C>T,,,0.49473684210526314,-0.1358888248442782,0.07557735075153803,-1.7980098996988567,0.07552852583249665,3.232839599415093,0.9582659503036184,1.0
100021838|F|0-57:A>G-57:A>G,Vu07 (old2),38535679.0,0.3,0.14113183707582128,0.07852655640730329,1.7972497908070173,0.0756500178875863,3.2301068105558675,0.9582659503036184,1.0
100034045|F|0-65:A>T-65:A>T,,,0.29473684210526313,0.1432046008831585,0.08001427591671294,1.7897381341327208,0.07685938513861142,3.2031625887688726,0.9582659503036184,1.0
100044894|F|0-39:G>A-39:G>A,,,0.28421052631578947,0.19093178117027435,0.10685699168579747,1.7867972713633056,0.0773372047078664,3.192644488951354,0.9582659503036184,1.0
100033630|F|0-40:T>C-40:T>C,,,0.49473684210526314,0.12983898283007755,0.07282395644821134,1.7829158035709358,0.07797161447356793,3.178788762622996,0.9582659503036184,1.0
100017248|F|0-68:G>T-68:G>T,,,0.05789473684210526,0.2467778446951023,0.13901193450661595,1.7752277570337494,0.07924091318058415,3.1514335893430765,0.9582659503036184,1.0
100015367|F|0-46:A>T-46:A>T,,,0.4368421052631579,-0.11579018224305208,0.06530879361595379,-1.7729646473636067,0.0796177917766864,3.143403640801158,0.9582659503036184,1.0
100049328|F|0-63:A>C-63:A>C,Vu08 (old5),12604325.0,0.3736842105263158,0.14147560669841927,0.07998625310654987,1.7687490187840065,0.08032377591403735,3.128473091449386,0.9582659503036184,1.0
100019200|F|0-60:C>T-60:C>T,,,0.3684210526315789,-0.12926140586400103,0.07313367254908111,-1.7674677253115076,0.08053937375407094,3.123942160017835,0.9582659503036184,1.0
100015820|F|0-37:T>C-37:T>C,,,0.4473684210526316,-0.13037475380687016,0.07390040322241286,-1.7641954322561735,0.0810921580315483,3.112385523193547,0.9582659503036184,1.0
100021616|F|0-67:G>T-67:G>T,,,0.15263157894736842,0.1578001783038975,0.08956441932346226,1.761862349980761,0.08148819183517929,3.10415894027973,0.9582659503036184,1.0
100044458|F|0-65:A>T-65:A>T,,,0.05789473684210526,0.23878333979928912,0.13555036846321414,1.7615838489151028,0.08153557299614009,3.1031776567585476,0.9582659503036184,1.0
100019601|F|0-61:A>G-61:A>G,,,0.4052631578947368,0.12378714572225352,0.07037717192594713,1.7589104866632876,0.08199154713137742,3.0937661000940833,0.9582659503036184,1.0
100028820|F|0-24:T>G-24:T>G,,,0.06315789473684211,0.22083641755276603,0.12594406101560596,1.7534484418872422,0.08292970242945828,3.0745814383567978,0.9582659503036184,1.0
100013996|F|0-45:C>T-45:C>T,Vu06 (old6),24104002.0,0.15934065934065922,0.13704438594173374,0.07824727934949108,1.7514268493556904,0.08327916394992106,3.067496008644,0.9582659503036184,1.0
100034817|F|0-14:G>A-14:G>A,,,0.22043010752688172,0.13576814808898702,0.07777977919419056,1.745545558184455,0.08430273230343367,3.0469292956974807,0.9582659503036184,1.0
100035301|F|0-17:C>T-17:C>T,,,0.2789473684210526,0.1453670790216934,0.08340896582732406,1.742823179496519,0.0847800224406968,3.0374326349903558,0.9582659503036184,1.0
100034782|F|0-29:A>T-29:A>T,,,0.14893617021276595,0.13795705019616722,0.07946626252625134,1.7360455344253,0.08597794503447219,3.013854097598026,0.9582659503036184,1.0
100034247|F|0-37:G>C-37:G>C,,,0.4789473684210526,0.13045427572350182,0.07525824143810536,1.7334217918284915,0.08644539924457277,3.004751108385898,0.9582659503036184,1.0
100019345|F|0-24:G>A-24:G>A,,,0.12105263157894737,0.15183559739687771,0.08799963872092456,1.7254115994543764,0.08788544530345331,2.977045187531709,0.9582659503036184,1.0
100017910|F|0-52:G>A-52:G>A,,,0.2736842105263158,0.11999543045812235,0.0701218323489852,1.7112420830779804,0.09048093726205991,2.9283494668970658,0.9582659503036184,1.0
100034728|F|0-40:G>C-40:G>C,,,0.23157894736842105,-0.12163092939633054,0.07115061720177425,-1.7094852325932808,0.09080707252475873,2.9223397604545034,0.9582659503036184,1.0
100044383|F|0-11:A>T-11:A>T,,,0.24210526315789474,0.13394053867838016,0.07865684362699636,1.702846599255217,0.09204813315970282,2.899686540595058,0.9582659503036184,1.0
100017001|F|0-30:T>G-30:T>G,,,0.46842105263157896,0.1009871629928559,0.05936468514145083,1.7011319566882124,0.09237091878780067,2.893849934065866,0.9582659503036184,1.0
100017806|F|0-40:A>G-40:A>G,Vu10 (old10),40484034.0,0.4105263157894737,-0.11864820977523481,0.06979399769089031,-1.6999772716948276,0.09258881137002895,2.8899227242789896,0.9582659503036184,1.0
100016572|F|0-65:A>T-65:A>T,,,0.20526315789473684,0.13557403491652054,0.07976030877813557,1.699768180356957,0.09262831237777948,2.889211866954001,0.9582659503036184,1.0
100018867|F|0-57:G>A-57:G>A,,,0.24210526315789474,0.16966705727306466,0.09985515978504932,1.69913159859034,0.09274865850325822,2.887048189328164,0.9582659503036184,1.0
100034034|F|0-18:A>G-18:A>G,,,0.16842105263157894,0.16141057499705572,0.0950559968090085,1.698057780840175,0.092951953521048,2.8834002270718595,0.9582659503036184,1.0
100013040|F|0-46:A>G-46:A>G,,,0.09473684210526316,0.1959180456517025,0.11545495063517831,1.6969219992200808,0.09316737510394721,2.879544271437076,0.9582659503036184,1.0
100014708|F|0-45:A>T-45:A>T,,,0.43157894736842106,0.13429239665262696,0.07918752632206066,1.6958781627607777,0.09336571667023884,2.876002742928871,0.9582659503036184,1.0
100056908|F|0-51:C>T-51:C>T,,,0.43157894736842106,0.13429239665262696,0.07918752632206066,1.6958781627607777,0.09336571667023884,2.876002742928871,0.9582659503036184,1.0
100013877|F|0-19:G>T-19:G>T,,,0.4894736842105263,-0.1142517080734746,0.06757994698747144,-1.6906155326617165,0.09437093212339955,2.8581808792770595,0.9582659503036184,1.0
100041362|F|0-27:G>A-27:G>A,,,0.49468085106382986,-0.11765245764114095,0.06974770308418475,-1.6868291347047752,0.09509961459493772,2.8453925296888607,0.9582659503036184,1.0
100020677|F|0-42:G>T-42:G>T,,,0.15789473684210525,0.15046381290749186,0.08926953048827055,1.6855002158576589,0.09535644544517025,2.8409109776562147,0.9582659503036184,1.0
100044498|F|0-24:C>T-24:C>T,,,0.4148936170212766,0.12071721206704605,0.07179332155995925,1.681454617839729,0.09614178827144546,2.827289631854549,0.9582659503036184,1.0
100028579|F|0-16:T>A-16:T>A,,,0.07894736842105263,0.19667750649109203,0.11735213193344274,1.6759602339618282,0.09721679208653164,2.808842705821386,0.9582659503036184,1.0
100053755|F|0-5:T>C-5:T>C,,,0.2074468085106383,0.11627376838132222,0.06955125135086042,1.671771048298814,0.09804297515487831,2.7948184379301155,0.9582659503036184,1.0
100058921|F|0-26:G>A-26:G>A,,,0.13736263736263732,0.16076382930653832,0.09638068074755984,1.6680088588252528,0.0987897988436833,2.7822535531195225,0.9582659503036184,1.0
100014138|F|0-28:A>G-28:A>G,,,0.4631578947368421,-0.10576873654332943,0.06347145641639218,-1.666398449240776,0.09911088573227558,2.776883791632063,0.9582659503036184,1.0
100035857|F|0-32:C>A-32:C>A,,,0.14835164835164835,0.13213868308494175,0.07935832029399179,1.6650892130203765,0.09937254764020953,2.772522087316817,0.9582659503036184,1.0
100033543|F|0-14:C>T-14:C>T,,,0.06315789473684211,0.20724826509482586,0.12459355949422769,1.6633946885868325,0.0997120443921568,2.7668818900188854,0.9582659503036184,1.0
100029568|F|0-9:T>G-9:T>G,,,0.47368421052631576,0.12391854462471295,0.0746520672765084,1.6599479310562613,0.10040550216692241,2.755427133817962,0.9582659503036184,1.0
100013428|F|0-14:G>T-14:G>T,,,0.4,0.10076418513412445,0.06116607123393468,1.6473869107718808,0.10296581042381674,2.7138836337825207,0.9582659503036184,1.0
100033932|F|0-52:T>C-52:T>C,,,0.11578947368421053,-0.16063832891237018,0.09795728067846651,-1.6398814646524027,0.10452067066726872,2.6892112181105094,0.9582659503036184,1.0
100052903|F|0-58:C>A-58:C>A,,,0.07894736842105263,0.19147309506885263,0.1171907901149563,1.6338578729696283,0.10578220940152386,2.669491549064838,0.9582659503036184,1.0
100038956|F|0-22:A>T-22:A>T,Vu08 (old5),7476338.0,0.06842105263157895,0.20763983245307693,0.1272099413591717,1.6322610499977743,0.10611868799544055,2.6642761353398368,0.9582659503036184,1.0
100051037|F|0-43:C>T-43:C>T,,,0.12631578947368421,0.1617232385341719,0.09915637126777371,1.630991901644274,0.10638673481084993,2.660134583229205,0.9582659503036184,1.0
100013978|F|0-64:G>A-64:G>A,,,0.17894736842105263,0.12157338880161547,0.07472124181403604,1.6270258075231623,0.10722790119291678,2.6472129783463982,0.9582659503036184,1.0
100021948|F|0-23:C>G-23:C>G,,,0.49473684210526314,0.11925805079792884,0.0734129368901,1.6244827662522137,0.10777006597989913,2.638944257850444,0.9582659503036184,1.0
100043410|F|0-43:T>A-43:T>A,,,0.3157894736842105,-0.1237025369026015,0.07625350400896126,-1.6222538034195,0.10824708347653908,2.6317074027090337,0.9582659503036184,1.0
100017662|F|0-28:T>C-28:T>C,,,0.08947368421052632,-0.1641351038346467,0.10121329693033514,-1.6216753016910463,0.10837116519493506,2.629830784114746,0.9582659503036184,1.0
100016888|F|0-67:C>T-67:C>T,,,0.08510638297872342,-0.15596207092537562,0.09623143595350708,-1.6206977416478185,0.10858110021023774,2.626661169782339,0.9582659503036184,1.0
100021995|F|0-64:T>A-64:T>A,,,0.26842105263157895,-0.12747917089739966,0.07869100918611188,-1.6199966453079668,0.10873186486711771,2.6243891308090666,0.9582659503036184,1.0
100033052|F|0-65:A>G-65:A>G,,,0.4,0.1167499393482013,0.07213964711454766,1.6183880018544967,0.10907842600497059,2.6191797245465906,0.9582659503036184,1.0
100038393|F|0-44:G>A-44:G>A,Vu09 (old8),37413218.0,0.30526315789473685,0.12650318266463267,0.07818161231419044,1.618068224997089,0.1091474234489036,2.6181447807452303,0.9582659503036184,1.0
100015327|F|0-43:T>G-43:T>G,Vu05 (old1),38169638.0,0.22631578947368422,0.13547083358961912,0.0837608145463262,1.6173533450381299,0.10930179819990782,2.615831842706028,0.9582659503036184,1.0
100038773|F|0-28:C>G-28:C>G,,,0.45263157894736844,0.1023552782711368,0.06337891495359808,1.6149736603423184,0.1098169441814596,2.608139923599466,0.9582659503036184,1.0
100020726|F|0-7:G>A-7:G>A,Vu08 (old5),37188871.0,0.1631578947368421,0.13262194349402465,0.08241137029571924,1.6092675442494557,0.11106013347920192,2.589742028974674,0.9582659503036184,1.0
100035378|F|0-22:G>A-22:G>A,,,0.45263157894736844,0.11749179971946021,0.07311976608819522,1.6068404756347903,0.11159233071994851,2.581936314138239,0.9582659503036184,1.0
100034980|F|0-28:T>C-28:T>C,,,0.2578947368421053,-0.12080801619753696,0.07520783572142935,-1.6063222008543256,0.11170624046928421,2.5802710129574846,0.9582659503036184,1.0
100030735|F|0-21:A>G-21:A>G,,,0.06315789473684211,-0.201350239931281,0.12568020853065884,-1.602083910309259,0.1126412627558899,2.566672855671806,0.9582659503036184,1.0
100022059|F|0-28:G>C-28:G>C,,,0.1631578947368421,0.1561861828633451,0.09752944846210833,1.6014258803485986,0.1127869937195408,2.564564850250284,0.9582659503036184,1.0
100014878|F|0-32:G>A-32:G>A,,,0.1,0.17441653260271225,0.10933765767912945,1.5952100703910101,0.11417104753799101,2.5446951686768915,0.9582659503036184,1.0
100021909|F|0-26:T>C-26:T>C,,,0.3684210526315789,-0.11101763098860956,0.0697281580787333,-1.5921491983662384,0.11485757963217172,2.5349390698582552,0.9582659503036184,1.0
100040750|F|0-21:T>G-21:T>G,Vu09 (old8),38024670.0,0.3157894736842105,0.12539881591447105,0.0788678108583098,1.589987278076688,0.11534447000175153,2.528059544445715,0.9582659503036184,1.0
100016088|F|0-16:G>A-16:G>A,,,0.38421052631578945,0.10315542382950778,0.06497623721933507,1.587586912447612,0.11588699286912342,2.520432204574942,0.9582659503036184,1.0
100020253|F|0-17:T>C-17:T>C,,,0.3684210526315789,-0.11763311078628177,0.07410435395254042,-1.5873981016232734,0.11592975364673663,2.5198327330371724,0.9582659503036184,1.0
100032857|F|0-37:C>A-37:C>A,Vu05 (old1),29700622.0,0.44943820224719105,0.1043838648559899,0.06587613082127837,1.5845475979635602,0.11657685239501164,2.5107910902120882,0.9582659503036184,1.0
100015143|F|0-64:A>T-64:A>T,,,0.16842105263157894,0.13356613773497053,0.08441441070294198,1.5822670160548256,0.11709664652565226,2.5035689100950416,0.9582659503036184,1.0
100013045|F|0-44:C>T-44:C>T,,,0.11052631578947368,0.165704353286821,0.1049025213963561,1.5796031504403565,0.11770614017854394,2.4951461128810997,0.9582659503036184,1.0
100041283|F|0-68:T>A-68:T>A,,,0.45789473684210524,-0.1168616211938484,0.07401759742600529,-1.5788356452757586,0.11788221460903256,2.492721994793321,0.9582659503036184,1.0
100020245|F|0-28:G>T-28:G>T,,,0.2736842105263158,0.12335496941761458,0.07850623041060155,1.5712761748009827,0.11962769009206202,2.4689088174972085,0.9582659503036184,1.0
100018520|F|0-35:A>G-35:A>G,,,0.07446808510638298,-0.16764579868764035,0.1072805197353315,-1.5626863022404645,0.12163600246699224,2.4419884792099764,0.9582659503036184,1.0
100015622|F|0-52:A>G-52:A>G,,,0.3,0.12060087438536472,0.07721189396255769,1.5619468477725416,0.12181013268219092,2.4396779552665793,0.9582659503036184,1.0
100018369|F|0-55:T>C-55:T>C,,,0.3157894736842105,-0.11198403215132584,0.07183612113558227,-1.5588819438060846,0.12253398436558267,2.4301129147246368,0.9582659503036184,1.0
100020867|F|0-34:T>C-34:T>C,,,0.24736842105263157,0.14611183936160094,0.09379983362629195,1.557698278482298,0.12281444877566607,2.4264239267867147,0.9582659503036184,1.0
100035181|F|0-20:A>G-20:A>G,,,0.1368421052631579,0.13439171264582944,0.08628956540727616,1.5574503361039895,0.12287326219070752,2.42565154943043,0.9582659503036184,1.0
100021971|F|0-12:T>C-12:T>C,,,0.11702127659574468,-0.12926747136401465,0.08312468431283508,-1.5551033057463868,0.12343110042577911,2.4183462915433402,0.9582659503036184,1.0
100033853|F|0-49:A>G-49:A>G,Vu06 (old6),26071343.0,0.47368421052631576,0.11595362516169411,0.07459375041868317,1.5544683637820107,0.1235823573440323,2.4163718939991217,0.9582659503036184,1.0
100034340|F|0-9:G>A-9:G>A,Vu07 (old2),25775716.0,0.06315789473684211,0.2000957406291778,0.12963045457179254,1.54358589029216,0.12619773214071583,2.38265740070904,0.9582659503036184,1.0
100018381|F|0-53:C>A-53:C>A,Vu07 (old2),28235227.0,0.20526315789473684,0.11710201850603326,0.07599482670829595,1.5409209228876346,0.12684483600804644,2.3744372905928794,0.9582659503036184,1.0
100017304|F|0-37:T>A-37:T>A,,,0.46842105263157896,-0.10063706901952778,0.06534330640750002,-1.540128202144004,0.12703782930941956,2.3719948790393217,0.9582659503036184,1.0
100040647|F|0-14:T>A-14:T>A,,,0.12234042553191489,0.1577633003141928,0.10255415769967492,1.5383413393749992,0.1274737053869042,2.3664940764300666,0.9582659503036184,1.0
100042001|F|0-12:C>A-12:C>A,,,0.2789473684210526,0.11319989023738851,0.07361302820199479,1.5377697807345598,0.127613377232046,2.3647358985404163,0.9582659503036184,1.0
100016636|F|0-57:G>T-57:G>T,,,0.12105263157894737,0.1367757272482564,0.08908447032995784,1.535348717252918,0.1282063553215644,2.357295683570181,0.9582659503036184,1.0
100019590|F|0-61:C>T-61:C>T,,,0.3157894736842105,0.10844631193863799,0.0706536997041611,1.534899267734328,0.12831667589040674,2.3559157620913767,0.9582659503036184,1.0
100017692|F|0-31:G>T-31:G>T,,,0.26842105263157895,0.1202153483705046,0.07837406349615454,1.5338664732676903,0.12857046689813606,2.352746357814662,0.9582659503036184,1.0
100046316|F|0-13:C>A-13:C>A,,,0.11363636363636363,0.13987143665126534,0.09132912976937113,1.5315095742670017,0.12915111854962388,2.345521576071493,0.9582659503036184,1.0
100021123|F|0-50:T>C-50:T>C,,,0.3172043010752688,0.11531351243064458,0.07539794795889515,1.5293985519806226,0.1296729518092555,2.339059930800425,0.9582659503036184,1.0
100033099|F|0-24:G>C-24:G>C,,,0.19999999999999996,-0.13429009194726052,0.08797069777287711,-1.5265320765554333,0.13038419175146182,2.3303001807526433,0.9582659503036184,1.0
100028230|F|0-30:T>C-30:T>C,,,0.09883720930232553,-0.12994857645090513,0.08514643014662511,-1.5261776239723635,0.1304723531709157,2.329218139913929,0.9582659503036184,1.0
100038948|F|0-13:G>A-13:G>A,,,0.17894736842105263,0.12433379301802364,0.08197502201184431,1.5167277783720392,0.13284015388629875,2.3004631536853815,0.9582659503036184,1.0
100013065|F|0-5:C>A-5:C>A,,,0.4789473684210526,-0.099707647805113,0.0657631101996946,-1.5161638113274036,0.1329825270662253,2.2987527027788386,0.9582659503036184,1.0
100020818|F|0-29:A>G-29:A>G,,,0.33157894736842103,0.11060433769505115,0.07327645673305529,1.5094116531586756,0.13469644734897174,2.278323538691206,0.9582659503036184,1.0
100043186|F|0-41:T>C-41:T>C,,,0.38421052631578945,0.10669409014884833,0.07077685519417425,1.5074714729290555,0.13519212668220454,2.272470241694896,0.9582659503036184,1.0
100032835|F|0-6:G>C-6:G>C,,,0.3722222222222222,-0.16139940481883125,0.10716677872772133,-1.5060581901868932,0.13555409489808942,2.26821127222902,0.9582659503036184,1.0
100020795|F|0-42:T>C-42:T>C,,,0.19473684210526315,0.12141869312894708,0.08062329215060567,1.506000187912631,0.13556896661157497,2.26803656599288,0.9582659503036184,1.0
100016817|F|0-58:C>T-58:C>T,,,0.4842105263157895,-0.09216055693900359,0.0611976803958704,-1.5059485317555035,0.1355822122669027,2.2678809802965567,0.9582659503036184,1.0
100022070|F|0-37:G>C-37:G>C,,,0.18947368421052632,-0.12627987606665364,0.08399318762420074,-1.5034537876053764,0.13622312434562933,2.260373291464952,0.9582659503036184,1.0
100018350|F|0-55:C>G-55:C>G,,,0.19473684210526315,0.11184832950221348,0.07443762435907664,1.5025779028448416,0.1364487066069333,2.2577403541176024,0.9582659503036184,1.0
100019511|F|0-33:G>A-33:G>A,,,0.23684210526315788,0.1462675975328379,0.09734831924285837,1.5025179548086376,0.13646415680813706,2.2575602045223313,0.9582659503036184,1.0
100015059|F|0-7:C>A-7:C>A,,,0.12105263157894737,0.1773720817489484,0.1184721307001,1.4971629251604122,0.13784983664149258,2.241496824474882,0.9582659503036184,1.0
100018361|F|0-34:C>A-34:C>A,,,0.07894736842105263,0.18138862185893506,0.12115646569532265,1.4971435557973505,0.13785486864453425,2.2414388266655343,0.9582659503036184,1.0
100049762|F|0-13:A>G-13:A>G,,,0.11052631578947368,0.16218717642554775,0.108604144180389,1.4933792595995101,0.13883553766591278,2.230181613001981,0.9582659503036184,1.0
100019762|F|0-66:A>G-66:A>G,,,0.3473684210526316,0.09902081056428644,0.06643985367884415,1.4903827308671023,0.1396200873274872,2.2212406844668813,0.9582659503036184,1.0
100029543|F|0-46:T>C-46:T>C,,,0.24210526315789474,0.10626199362490986,0.07136885375335937,1.4889127124296577,0.14000623315666527,2.2168610652346405,0.9582659503036184,1.0
100029219|F|0-13:A>G-13:A>G,,,0.08421052631578947,0.18738292265557066,0.12609160409502645,1.4860856438494763,0.14075119788971446,2.2084505408555124,0.9582659503036184,1.0
100015701|F|0-21:C>G-21:C>G,,,0.05789473684210526,-0.1853131073073878,0.12475759917641659,-1.4853853274728475,0.1409362172762222,2.2063695710716185,0.9582659503036184,1.0
100021316|F|0-63:C>A-63:C>A,,,0.19473684210526315,0.12471124614540495,0.08399220399942887,1.4847954953801779,0.14109219480908003,2.204617663101268,0.9582659503036184,1.0
100017860|F|0-21:C>T-21:C>T,,,0.23684210526315788,-0.12730671134926747,0.08577711364587773,-1.4841570896735992,0.14126116933647634,2.202722266828408,0.9582659503036184,1.0
100013911|F|0-62:A>G-62:A>G,,,0.4842105263157895,-0.09923832383041473,0.06708090947188367,-1.4793825040790411,0.14252993452158505,2.188572593375174,0.9582659503036184,1.0
100016646|F|0-38:G>A-38:G>A,,,0.05789473684210526,0.20694218920535948,0.13990224076722266,1.4791913844302302,0.14258090588044292,2.1880071517726214,0.9582659503036184,1.0
100019466|F|0-22:C>T-22:C>T,,,0.11052631578947368,-0.12975708169151481,0.08806444108601605,-1.4734333187304953,0.14412325530031855,2.1710057447451616,0.9582659503036184,1.0
100013358|F|0-37:G>A-37:G>A,,,0.08947368421052632,0.18284280462321928,0.12411685382209575,1.4731504948175613,0.14419934598724027,2.1701723803812256,0.9582659503036184,1.0
100018591|F|0-14:C>T-14:C>T,,,0.4789473684210526,-0.10566434256719619,0.0717423058583297,-1.4728317037349299,0.14428515078062012,2.1692332275267363,0.9582659503036184,1.0
100016593|F|0-53:A>T-53:A>T,,,0.37894736842105264,-0.11174496839685469,0.0759099187881292,-1.47207334931742,0.14448942695503234,2.166999945770607,0.9582659503036184,1.0
100041008|F|0-24:G>A-24:G>A,,,0.17021276595744683,-0.11208489224194475,0.07630370803795412,-1.4689311322353136,0.14533824080655824,2.15775867125012,0.9582659503036184,1.0
100018265|F|0-5:C>T-5:C>T,,,0.34946236559139787,0.12368698318998156,0.08447094280222563,1.4642547968189918,0.14660865152672287,2.144042110007427,0.9582659503036184,1.0
100020395|F|0-36:T>C-36:T>C,,,0.17894736842105263,0.12528024686872816,0.08561265789793478,1.4633378982122487,0.14685875330602075,2.1413578043442416,0.9582659503036184,1.0
100046294|F|0-6:C>G-6:C>G,,,0.46808510638297873,0.10791761901425861,0.07390900452510785,1.4601416932573839,0.14773317433374858,2.13201376438854,0.9582659503036184,1.0
100040976|F|0-5:T>C-5:T>C,,,0.3105263157894737,0.12079502167102076,0.08274515003279068,1.4598441313255397,0.14781478704268003,2.1311448877656196,0.9582659503036184,1.0
100040940|F|0-64:T>A-64:T>A,,,0.39473684210526316,0.10796772898572513,0.07407573712408494,1.4575316180096514,0.14845023756838333,2.124398417497832,0.9582659503036184,1.0
100020694|F|0-67:C>T-67:C>T,Vu10 (old10),36275606.0,0.1736842105263158,-0.14254423793661974,0.09790413134774438,-1.4559573326923128,0.1488840442002834,2.119811754620514,0.9582659503036184,1.0
100035246|F|0-43:C>A-43:C>A,,,0.4736842105263158,-0.09987788501168582,0.06860531902274712,-1.455832965058727,0.1489183565691128,2.1194496221516843,0.9582659503036184,1.0
100029056|F|0-22:A>T-22:A>T,,,0.12105263157894737,0.13080098600220097,0.08993233973849336,1.4544377070867507,0.14930372163754604,2.1153890437957648,0.9582659503036184,1.0
100022184|F|0-19:G>C-19:G>C,,,0.15789473684210525,0.14189459315459124,0.09756146002487467,1.4544123583063764,0.14931073002647288,2.115315307994315,0.9582659503036184,1.0
100020992|F|0-62:A>G-62:A>G,,,0.43157894736842106,-0.100327375246232,0.0690952931579217,-1.4520146114284136,0.14997480984605838,2.108346431801607,0.9582659503036184,1.0
100021509|F|0-38:C>A-38:C>A,,,0.05263157894736842,0.1713092619512463,0.11822199557798903,1.449047286959697,0.15079980832458345,2.0997380398452585,0.9582659503036184,1.0
100033656|F|0-39:G>A-39:G>A,,,0.08947368421052632,0.15190996676608917,0.10489328927419969,1.4482334171920572,0.15102670015050507,2.097380030671783,0.9582659503036184,1.0
100049761|F|0-12:A>G-12:A>G,,,0.13636363636363635,-0.13225235791784484,0.09141176235156936,-1.446776153480147,0.15143361894955967,2.0931612382788103,0.9582659503036184,1.0
100043241|F|0-28:A>C-28:A>C,,,0.5,0.13206024110548825,0.09134022137245414,1.4458060109904027,0.1517049870012541,2.0903550214159807,0.9582659503036184,1.0
100033333|F|0-30:G>A-30:G>A,Vu03 (old3),53692049.0,0.12105263157894737,0.14961099046504872,0.10396145245459393,1.4391006178986643,0.15359092438718325,2.0710105884363172,0.9582659503036184,1.0
100014778|F|0-65:A>G-65:A>G,Vu03 (old3),51500985.0,0.4263157894736842,-0.09270980047746372,0.06444533326252654,-1.4385805113273007,0.15373796200472573,2.069513887570718,0.9582659503036184,1.0
100044425|F|0-30:C>T-30:C>T,,,0.3031914893617021,0.11929581583062782,0.0830780391051759,1.435948863448746,0.15448361506329314,2.0619491384397457,0.9582659503036184,1.0
100017697|F|0-59:C>T-59:C>T,,,0.07894736842105263,0.16969273570473273,0.11820128851662969,1.4356250920298448,0.154575545358812,2.0610194048657005,0.9582659503036184,1.0
100041512|F|0-35:G>A-35:G>A,,,0.4789473684210526,-0.10716269489082728,0.07497111036563119,-1.4293865245985953,0.1563551599413681,2.0431458367040505,0.9582659503036184,1.0
100013622|F|0-50:C>T-50:C>T,,,0.18947368421052632,0.11794282146324879,0.0826171276823144,1.4275831752075843,0.1568725164577392,2.0379937221357682,0.9582659503036184,1.0
100032801|F|0-46:T>A-46:T>A,,,0.21578947368421053,0.11469342112943824,0.08043392356931153,1.425933437532792,0.15734695867339257,2.0332861682740844,0.9582659503036184,1.0
100020809|F|0-53:C>G-53:C>G,,,0.1,0.15930605559719616,0.11183225772650093,1.42450898189678,0.15775750160726032,2.029225839504601,0.9582659503036184,1.0
100018050|F|0-8:G>T-8:G>T,,,0.26842105263157895,0.10187753379391558,0.07178215551810001,1.4192598851148592,0.15927747026092404,2.0142986214962435,0.9582659503036184,1.0
100020372|F|0-11:G>T-11:G>T,Vu03 (old3),40582693.0,0.05789473684210526,-0.1950788971760251,0.1376788792548448,-1.4169122978908943,0.15996089061547475,2.0076404599144544,0.9582659503036184,1.0
100015153|F|0-7:G>C-7:G>C,,,0.10526315789473684,0.14275895874256964,0.10099470277338263,1.4135291735339812,0.16094973475566465,1.99806472443166,0.9582659503036184,1.0
100038668|F|0-20:A>G-20:A>G,,,0.06842105263157895,-0.16997591726956046,0.12035927450971573,-1.4122378018807311,0.16132842201738745,1.994415609060919,0.9582659503036184,1.0
100040128|F|0-22:T>C-22:T>C,,,0.06842105263157895,-0.16997591726956046,0.12035927450971573,-1.4122378018807311,0.16132842201738745,1.994415609060919,0.9582659503036184,1.0
100021359|F|0-55:A>T-55:A>T,,,0.12105263157894737,0.1333013358441321,0.09442427916379101,1.4117273335272578,0.1614783024379535,1.9929740642279812,0.9582659503036184,1.0
100017877|F|0-34:T>G-34:T>G,,,0.3368421052631579,-0.1045475414798616,0.07478931160015835,-1.397894154164674,0.16558073354021158,1.9541080662477697,0.9582659503036184,1.0
100015112|F|0-61:C>T-61:C>T,,,0.45789473684210524,0.08652391376097539,0.0621136437933162,1.3929936882931007,0.16705301160755942,1.940431415624416,0.9582659503036184,1.0
100029559|F|0-31:T>C-31:T>C,,,0.07368421052631578,-0.163258215468801,0.11750232728936971,-1.3894041014757907,0.16813778532582635,1.9304437571977495,0.9582659503036184,1.0
100013102|F|0-12:T>C-12:T>C,,,0.34210526315789475,-0.10462961886871758,0.07550873954468096,-1.3856623683514788,0.16927425269780821,1.9200601990654294,0.9582659503036184,1.0
100034096|F|0-46:G>C-46:G>C,Vu02 (old7),21233031.0,0.25,0.11747269067515463,0.08526563077149447,1.3777261671818586,0.17170407076328115,1.8981293917376145,0.9582659503036184,1.0
100021780|F|0-9:A>G-9:A>G,Vu04 (old11),742456.0,0.3157894736842105,0.10925426593375245,0.07931883125031622,1.377406401626939,0.1718025264380705,1.8972483952428723,0.9582659503036184,1.0
100014760|F|0-37:A>T-37:A>T,,,0.43157894736842106,-0.09848359418541279,0.07155466971858611,-1.3763405599206053,0.1721310088613343,1.8943133368825653,0.9582659503036184,1.0
100017460|F|0-50:C>T-50:C>T,,,0.3157894736842105,-0.11330338180923696,0.08234127698633192,-1.3760216741361022,0.17222937926314486,1.8934356476923215,0.9582659503036184,1.0
100059433|F|0-8:T>C-8:T>C,,,0.12234042553191489,-0.14368090134558226,0.10448948190263262,-1.37507525857454,0.17252158283878052,1.8908319667438382,0.9582659503036184,1.0
100013138|F|0-58:G>A-58:G>A,,,0.4263157894736842,0.08530513271837732,0.062070788317832,1.37432011144396,0.17275500301459407,1.8887557687193388,0.9582659503036184,1.0
100019651|F|0-27:G>T-27:G>T,Vu05 (old1),41749633.0,0.06842105263157895,0.16705363723537253,0.12197930996584476,1.3695243667319397,0.17424300190954697,1.8755969910725203,0.9582659503036184,1.0
100017864|F|0-18:T>C-18:T>C,,,0.18421052631578946,0.11465636413302135,0.08374141466342351,1.3691715693346276,0.1743528491770721,1.8746307862742468,0.9582659503036184,1.0
100046635|F|0-47:T>A-47:T>A,,,0.3473684210526316,0.0939701311022334,0.06875761875476472,1.3666868167350767,0.17512799324917894,1.8678328550374572,0.9582659503036184,1.0
100017265|F|0-28:G>A-28:G>A,Vu03 (old3),52001826.0,0.4263157894736842,-0.08908437703022162,0.06536748604691539,-1.3628239728583749,0.17633823495284706,1.8572891809974845,0.9582659503036184,1.0
100047378|F|0-35:C>T-35:C>T,,,0.15263157894736842,0.13003582209192105,0.09561783549732826,1.3599536259692313,0.17724162138040833,1.8494738647868598,0.9582659503036184,1.0
100044383|F|0-68:C>A-68:C>A,,,0.22105263157894736,0.10285186215063041,0.07581503675997778,1.3566156074849414,0.17829660142406353,1.8404059064717364,0.9582659503036184,1.0
100016486|F|0-61:G>C-61:G>C,,,0.11578947368421053,0.18880214523145855,0.13933194008208233,1.3550528695734276,0.1787921342727253,1.8361682793391807,0.9582659503036184,1.0
100020518|F|0-50:T>G-50:T>G,,,0.26842105263157895,-0.08817183766483283,0.06517869499827014,-1.3527708351198644,0.17951762088989945,1.8299889323508953,0.9582659503036184,1.0
100014938|F|0-65:C>T-65:C>T,,,0.29473684210526313,-0.13551977042417612,0.10032667419774809,-1.3507850380553925,0.18015073860372308,1.8246202190343082,0.9582659503036184,1.0
100016712|F|0-57:C>A-57:C>A,Vu06 (old6),27002353.0,0.4052631578947369,0.09557005941066009,0.0708514885831464,1.3488786378638424,0.1807601282737302,1.819473579685415,0.9582659503036184,1.0
100044913|F|0-35:T>C-35:T>C,,,0.1,-0.13453447265160745,0.09979645120377446,-1.3480887449284282,0.18101307674823938,1.8173432642027048,0.9582659503036184,1.0
100014526|F|0-10:T>C-10:T>C,,,0.33695652173913043,0.10590328250213435,0.0786864213790152,1.345890188499252,0.1817185301467652,1.811420399498552,0.9582659503036184,1.0
100022075|F|0-54:C>G-54:C>G,,,0.22631578947368422,-0.10745881116955414,0.07995838968465341,-1.3439341586712688,0.18234790544833016,1.806159022843451,0.9582659503036184,1.0
100015009|F|0-50:G>A-50:G>A,,,0.3263157894736842,-0.1005075473856511,0.07509273723644849,-1.3384456484676759,0.18412267186069917,1.7914367539020575,0.9582659503036184,1.0
100046319|F|0-37:A>C-37:A>C,,,0.1358695652173913,-0.1203461521890517,0.0900409321201879,-1.3365715942213032,0.18473163537090664,1.786423626479276,0.9582659503036184,1.0
100040576|F|0-20:T>A-20:T>A,,,0.08510638297872339,-0.1439362562091136,0.10799048748729573,-1.332860509830059,0.18594200122056362,1.7765171386644447,0.9582659503036184,1.0
100013722|F|0-6:A>G-6:A>G,,,0.11578947368421053,-0.13298016239329857,0.09980560526444715,-1.3323917233000229,0.1860953184605629,1.7752677043184046,0.9582659503036184,1.0
100047143|F|0-59:C>T-59:C>T,,,0.3736842105263158,-0.09802498315911991,0.07365790184567747,-1.3308142195591524,0.1866119408492295,1.7710664869808357,0.9582659503036184,1.0
100019372|F|0-56:G>A-56:G>A,,,0.14516129032258063,0.1593025254661087,0.11978516904428911,1.3299019130424112,0.18691120667837147,1.7686390983138651,0.9582659503036184,1.0
100018629|F|0-63:G>A-63:G>A,,,0.4473684210526316,-0.09212736135862953,0.06928034028880078,-1.3297763979592057,0.18695240784365966,1.7683052685693597,0.9582659503036184,1.0
100016381|F|0-40:C>G-40:C>G,Vu08 (old5),3031274.0,0.2736842105263158,0.09564928919853251,0.07193031329595549,1.3297493756906893,0.18696127897612477,1.7682334021497779,0.9582659503036184,1.0
100015393|F|0-56:G>A-56:G>A,,,0.07368421052631578,-0.16467741474628853,0.12392415226690359,-1.3288564959606255,0.18725458000895806,1.765859586856752,0.9582659503036184,1.0
100019659|F|0-63:G>T-63:G>T,,,0.10526315789473684,0.14618158621246274,0.11012665025865959,1.3273951933443835,0.18773534671846573,1.7619779993137732,0.9582659503036184,1.0
100019852|F|0-38:G>A-38:G>A,,,0.4789473684210526,-0.0931034860445471,0.070205356876771,-1.3261592873599144,0.18814268072766635,1.758698455450956,0.9582659503036184,1.0
100013964|F|0-14:T>G-14:T>G,,,0.18947368421052632,0.10316673836606693,0.07781593574214576,1.3257790628891835,0.18826812964128814,1.7576901235953215,0.9582659503036184,1.0
100044506|F|0-28:G>A-28:G>A,,,0.05263157894736842,-0.14806955479189277,0.11174080471751145,-1.3251162381210957,0.18848696795578987,1.7559330445322043,0.9582659503036184,1.0
100034771|F|0-20:A>G-20:A>G,,,0.07368421052631578,-0.16457787204180263,0.12478898376753082,-1.318849365328549,0.19056547547166316,1.7393636484275163,0.9582659503036184,1.0
100029003|F|0-15:A>G-15:A>G,,,0.07368421052631578,-0.16457787204180263,0.12478898376753082,-1.318849365328549,0.19056547547166316,1.7393636484275163,0.9582659503036184,1.0
100041895|F|0-45:G>A-45:G>A,,,0.07894736842105263,-0.14758861127133505,0.11208432387313384,-1.316764077003202,0.191260885274597,1.7338676344860946,0.9582659503036184,1.0
100039032|F|0-21:G>A-21:G>A,,,0.08510638297872342,-0.14891250370621512,0.11330418758478927,-1.3142718453788742,0.1920944923931912,1.7273104835555915,0.9582659503036184,1.0
100020367|F|0-37:A>T-37:A>T,,,0.1,-0.1350558283339878,0.10285645857423813,-1.3130515108733722,0.19250366185614118,1.7241042702068456,0.9582659503036184,1.0
100040251|F|0-68:A>C-68:A>C,,,0.28421052631578947,0.09809826497401426,0.07474182446402006,1.3124949207152115,0.1926904987065611,1.7226429169032291,0.9582659503036184,1.0
100040506|F|0-18:G>A-18:G>A,,,0.09473684210526316,0.12576813509909326,0.09604759888137707,1.3094354941076907,0.19371991056740437,1.714621313229052,0.9582659503036184,1.0
100013453|F|0-6:G>A-6:G>A,,,0.06451612903225801,-0.14449977657125765,0.11047982683287524,-1.307929064641321,0.19422828809485654,1.7106784381335212,0.9582659503036184,1.0
100033592|F|0-27:T>C-27:T>C,,,0.4842105263157894,0.09722093117848703,0.07442130065405701,1.30635893654174,0.19475922098839818,1.7065736710824662,0.9582659503036184,1.0
100017321|F|0-51:A>T-51:A>T,,,0.38421052631578945,0.1586726426590374,0.1217294960437138,1.3034855792227802,0.19573363773602406,1.6990746552417468,0.9582659503036184,1.0
100019395|F|0-49:A>G-49:A>G,Vu07 (old2),128608.0,0.23157894736842105,0.1160507465713471,0.08908319571177699,1.302723208839767,0.19599278263146008,1.6970877588497795,0.9582659503036184,1.0
100029518|F|0-19:G>C-19:G>C,,,0.3894736842105263,-0.08539302743023716,0.06564157878069023,-1.3008984399284012,0.19661409600529073,1.692336751008148,0.9582659503036184,1.0
100032809|F|0-26:G>A-26:G>A,,,0.08421052631578947,0.16232665310865524,0.12493866030745653,1.299250790021216,0.1971763613229116,1.688052615370754,0.9582659503036184,1.0
100015923|F|0-54:G>A-54:G>A,Vu09 (old8),37786229.0,0.06842105263157895,-0.15068851773509068,0.11644924400237533,-1.2940274453994474,0.19896675292175087,1.6745070294470197,0.9582659503036184,1.0
100029242|F|0-37:C>T-37:C>T,,,0.3763440860215054,-0.07810298832616355,0.06052569443793629,-1.2904104455381542,0.20021360291922038,1.6651591179539775,0.9582659503036184,1.0
100033344|F|0-23:G>A-23:G>A,,,0.20967741935483875,0.09266296292795045,0.0718454891765338,1.2897533859121675,0.20044072530300924,1.6634637964719003,0.9582659503036184,1.0
100018958|F|0-51:A>G-51:A>G,,,0.06315789473684211,0.16832536191386915,0.13058214753021258,1.2890380890306923,0.20068819558490175,1.661619194971899,0.9582659503036184,1.0
100018641|F|0-26:C>A-26:C>A,,,0.1736842105263158,-0.12287362313386949,0.09563943501606734,-1.2847589816191076,0.2021733687741627,1.6506056408509666,0.9582659503036184,1.0
100039187|F|0-27:A>C-27:A>C,,,0.05851063829787234,0.1478406811240564,0.11533822998808432,1.2818011958335924,0.20320469399484253,1.6430143056404276,0.9582659503036184,1.0
100013794|F|0-60:G>A-60:G>A,,,0.4421052631578947,-0.10163261557689254,0.07935439621198008,-1.2807433542232551,0.20357448788985327,1.6403035393870344,0.9582659503036184,1.0
100029349|F|0-21:A>C-21:A>C,,,0.13157894736842105,0.13096370599207455,0.10245160837957583,1.2782981942739586,0.20443115793633201,1.6340462734840633,0.9582659503036184,1.0
100029094|F|0-17:C>T-17:C>T,,,0.2925531914893617,-0.08936594199487478,0.06998909778657944,-1.276855179179219,0.20493797257002044,1.6303591485967956,0.9582659503036184,1.0
100022261|F|0-18:G>A-18:G>A,,,0.05789473684210526,-0.17503183503337078,0.13715822338583644,-1.2761308123756678,0.20519273400127977,1.6285098502945818,0.9582659503036184,1.0
100030288|F|0-38:C>G-38:C>G,,,0.22105263157894736,0.10016635956862026,0.07874029662853378,1.2721105184701849,0.20661093595577648,1.6182651712024825,0.9582659503036184,1.0
100015679|F|0-19:G>A-19:G>A,,,0.07368421052631578,0.14478741818467505,0.11382377953811922,1.2720313696505414,0.20663892900061234,1.6180638053750322,0.9582659503036184,1.0
100044970|F|0-28:C>T-28:C>T,,,0.18421052631578946,0.10297238014241475,0.08109366216364293,1.2697956584402572,0.20743080338046047,1.6123810141937263,0.9582659503036184,1.0
100016117|F|0-56:G>A-56:G>A,,,0.4052631578947368,-0.088478216601962,0.06971638108915335,-1.2691166010010764,0.20767176374267823,1.6106569469365253,0.9582659503036184,1.0
100017834|F|0-8:C>T-8:C>T,,,0.0797872340425532,0.15361767398913007,0.12119654640724616,1.2675086753127605,0.2082431516444942,1.6065782419931087,0.9582659503036184,1.0
100032947|F|0-56:G>C-56:G>C,,,0.24193548387096775,0.10353493430055305,0.0817084074726995,1.2671270619874246,0.20837893066279004,1.6056109912208827,0.9582659503036184,1.0
100045123|F|0-66:C>G-66:C>G,,,0.0585106382978724,-0.17503747855211144,0.13840552931293343,-1.26467114009841,0.2092543155370196,1.5993930925978124,0.9582659503036184,1.0
100043419|F|0-6:T>A-6:T>A,,,0.3263157894736842,-0.09984985495103535,0.07900359528461527,-1.2638646961738913,0.20954235296880389,1.5973539702347226,0.9582659503036184,1.0
100035251|F|0-22:T>A-22:T>A,,,0.28421052631578947,0.0944021747318557,0.07481592630565277,1.2617925005190116,0.21028381726015874,1.5921203143660199,0.9582659503036184,1.0
100044894|F|0-55:A>G-55:A>G,,,0.15789473684210525,0.13036687333508262,0.10338828064923608,1.2609443983054174,0.21058783771069095,1.589980775617811,0.9582659503036184,1.0
100039953|F|0-31:A>G-31:A>G,,,0.3368421052631579,-0.1020042906348849,0.08104181836506928,-1.2586624127235881,0.21140746959362838,1.584231069203164,0.9582659503036184,1.0
100016684|F|0-47:T>C-47:T>C,,,0.17368421052631577,-0.09760601244636571,0.07755755275415754,-1.258497837802566,0.21146667130100838,1.5838168077537336,0.9582659503036184,1.0
100013153|F|0-63:C>A-63:C>A,,,0.12105263157894737,-0.12325606757729438,0.09801767348291338,-1.2574881977665038,0.21183013073218482,1.5812765675220497,0.9582659503036184,1.0
100018004|F|0-47:G>A-47:G>A,Vu08 (old5),35769922.0,0.34210526315789475,0.09450512540254372,0.0752292528799333,1.25622841892867,0.21228428083684642,1.5781098405240264,0.9582659503036184,1.0
100014028|F|0-53:G>A-53:G>A,,,0.1368421052631579,-0.13773376945793062,0.10976513333749324,-1.2548043743038386,0.21279850938063372,1.574534017772048,0.9582659503036184,1.0
100021275|F|0-33:T>A-33:T>A,,,0.42105263157894735,0.08341086238570627,0.06664234560401344,1.2516195465467377,0.21395187268229524,1.5665514892978614,0.9582659503036184,1.0
100021959|F|0-60:G>A-60:G>A,Vu02 (old7),21244140.0,0.2631578947368421,0.10341318344156683,0.08262577107598215,1.2515850937895479,0.21396437452767159,1.5664652469961913,0.9582659503036184,1.0
100050471|F|0-63:C>G-63:C>G,,,0.06842105263157895,0.14067328428931497,0.11240723795974997,1.2514610877609706,0.21400937693408636,1.5661548541798718,0.9582659503036184,1.0
100033514|F|0-34:C>T-34:C>T,,,0.2736842105263158,-0.09522389712772562,0.0761056338654091,-1.25120693818971,0.2141016307728753,1.5655188021740687,0.9582659503036184,1.0
100013424|F|0-13:C>A-13:C>A,,,0.21578947368421053,0.08991002141710064,0.07219829115353349,1.2453206299010904,0.21624646960730468,1.5508234712572486,0.9582659503036184,1.0
100044919|F|0-41:G>A-41:G>A,,,0.2631578947368421,0.08458886356574415,0.06811986415533744,1.2417650066484507,0.217549655042473,1.5419803317366267,0.9582659503036184,1.0
100019098|F|0-17:C>A-17:C>A,,,0.30526315789473685,-0.0969677595366064,0.07819467227062153,-1.2400814111863487,0.21816871541691849,1.5378019063699262,0.9582659503036184,1.0
100040977|F|0-30:G>T-30:G>T,,,0.3105263157894737,0.10490442626207001,0.08473332420297107,1.2380539445234189,0.21891592489508277,1.5327775695499968,0.9582659503036184,1.0
100021295|F|0-53:G>T-53:G>T,,,0.22631578947368422,0.09287837344753822,0.07524932245397127,1.2342752123030787,0.22031353550834565,1.52343529970581,0.9582659503036184,1.0
100016803|F|0-28:A>T-28:A>T,,,0.39473684210526316,-0.08289365197902847,0.06717162707478352,-1.234057526799839,0.2203942469629317,1.5228979794513355,0.9582659503036184,1.0
100017267|F|0-60:T>C-60:T>C,Vu07 (old2),29861358.0,0.3526315789473684,-0.08308056375475037,0.0674044570798506,-1.2325678056620069,0.22094717100929664,1.5192233955544547,0.9582659503036184,1.0
100033255|F|0-59:G>A-59:G>A,,,0.1827956989247312,0.09630409099484778,0.07813712566462021,1.2325010700829173,0.22097196418995108,1.5190588877555362,0.9582659503036184,1.0
100032869|F|0-50:G>A-50:G>A,,,0.09550561797752809,-0.1628261795443929,0.13244648280013985,-1.2293733748301618,0.2221362213493125,1.5113588947413017,0.9582659503036184,1.0
100015597|F|0-7:A>G-7:A>G,,,0.19473684210526315,0.1108691942640091,0.09021068182329806,1.2290029520137793,0.22227440327716955,1.510448256058584,0.9582659503036184,1.0
100014593|F|0-28:A>C-28:A>C,,,0.07894736842105263,-0.150411195261749,0.12259962848657888,-1.2268487035277982,0.22307926103565234,1.5051577413478392,0.9582659503036184,1.0
100035362|F|0-6:C>A-6:C>A,,,0.1736842105263158,0.11501569520119358,0.09401423344976172,1.2233859808329384,0.22437742298527286,1.4966732580985707,0.9582659503036184,1.0
100021961|F|0-53:A>T-53:A>T,,,0.2631578947368421,-0.09020420885585193,0.07406761100600878,-1.21786307983572,0.2264592840327489,1.4831904812269452,0.9582659503036184,1.0
100017012|F|0-57:A>G-57:A>G,,,0.46842105263157896,0.0844135695328094,0.06936772498176912,1.2168997837970694,0.22682382956333078,1.4808450838053544,0.9582659503036184,1.0
100029202|F|0-28:C>T-28:C>T,,,0.4421052631578947,-0.08124692941381892,0.06676747529839151,-1.2168638854579579,0.2268374229930195,1.4807577157318381,0.9582659503036184,1.0
100032852|F|0-43:C>T-43:C>T,,,0.16842105263157894,-0.10294621120884977,0.08466146846833204,-1.2159747884287786,0.2271742810578787,1.4785946860944128,0.9582659503036184,1.0
100041505|F|0-33:C>T-33:C>T,,,0.06842105263157895,-0.1595580891527179,0.13126988150181054,-1.2154965581386405,0.22735562123786007,1.4774318828468815,0.9582659503036184,1.0
100041505|F|0-68:C>A-68:C>A,,,0.06842105263157895,-0.1595580891527179,0.13126988150181054,-1.2154965581386405,0.22735562123786007,1.4774318828468815,0.9582659503036184,1.0
100014001|F|0-46:T>A-46:T>A,,,0.05789473684210526,0.18474903097651416,0.1520729370928829,1.2148711960739826,0.2275929105907835,1.4759120230502292,0.9582659503036184,1.0
100014677|F|0-27:A>C-27:A>C,Vu01 (old4),38105105.0,0.48947368421052634,-0.0819211805936053,0.06765974508169428,-1.2107816914576217,0.22914906989170847,1.4659923043689795,0.9582659503036184,1.0
100015319|F|0-34:T>A-34:T>A,,,0.06315789473684211,-0.15835653751172307,0.13089330168341298,-1.209813913127002,0.22951845790984338,1.4636497043956693,0.9582659503036184,1.0
100034680|F|0-38:A>C-38:A>C,,,0.1,0.1360556942513317,0.11249562758790566,1.209430954505462,0.22966474696881967,1.462723233715993,0.9582659503036184,1.0
100014058|F|0-63:C>T-63:C>T,,,0.1,0.1360556942513317,0.11249562758790566,1.209430954505462,0.22966474696881967,1.462723233715993,0.9582659503036184,1.0
100016574|F|0-9:G>A-9:G>A,,,0.2,0.09703801864703694,0.08054909026489557,1.2047065749335655,0.23147499605778202,1.4513179316881624,0.9582659503036184,1.0
100033253|F|0-41:A>G-41:A>G,,,0.30526315789473685,0.08524512748915854,0.07087841599341357,1.2026951547150828,0.23224883493235396,1.4464756351751369,0.9582659503036184,1.0
100036060|F|0-10:G>T-10:G>T,Vu06 (old6),32597034.0,0.19473684210526315,0.10208892339144138,0.0851884052945746,1.1983898869620362,0.23391143917805776,1.436138321172882,0.9582659503036184,1.0
100019939|F|0-42:C>T-42:C>T,,,0.12105263157894737,-0.11766536081962962,0.09847343957973279,-1.194894393064816,0.23526762071994514,1.4277726105777349,0.9582659503036184,1.0
100013529|F|0-11:C>G-11:C>G,,,0.4,-0.07991509508785004,0.06689059922231716,-1.194713397950656,0.23533799697261545,1.4273401032428024,0.9582659503036184,1.0
100041229|F|0-52:A>T-52:A>T,,,0.46842105263157896,-0.09043496763120984,0.07570969933080972,-1.1944964572644623,0.23542236988667847,1.4268217864173514,0.9582659503036184,1.0
100017121|F|0-19:C>T-19:C>T,,,0.08152173913043477,0.13215802925184492,0.1107018973734091,1.1938190075104316,0.23568598482451864,1.4252038226931918,0.9582659503036184,1.0
100043273|F|0-46:A>T-46:A>T,,,0.21052631578947367,0.09999185952992218,0.08379385136468884,1.1933078370480446,0.2358850362922131,1.4239835939602825,0.9582659503036184,1.0
100034068|F|0-21:G>A-21:G>A,,,0.07894736842105263,-0.1334609543554253,0.11185087490053795,-1.1932043846246518,0.235925335716136,1.4237367034874941,0.9582659503036184,1.0
100016173|F|0-32:C>T-32:C>T,,,0.30526315789473685,0.11377421009962523,0.09545855446288146,1.191870238762789,0.2364454899781414,1.4205546660484678,0.9582659503036184,1.0
100033857|F|0-15:C>A-15:C>A,Vu03 (old3),47106161.0,0.08421052631578947,-0.12850748479474455,0.10788801671923556,-1.1911191687689324,0.2367386781923878,1.4187648742087926,0.9582659503036184,1.0
100034394|F|0-13:G>T-13:G>T,,,0.28421052631578947,-0.09276852980051986,0.07802833307174617,-1.1889082612494137,0.23760324604315702,1.4135028536671042,0.9582659503036184,1.0
100038715|F|0-41:T>A-41:T>A,,,0.4473684210526316,-0.09083813820731912,0.0764599393753346,-1.188048786716967,0.23793995199341728,1.411459919619657,0.9582659503036184,1.0
100041943|F|0-53:G>T-53:G>T,,,0.08421052631578947,-0.12783468870826076,0.10762657240850279,-1.187761403597031,0.23805261299288466,1.4107771518747891,0.9582659503036184,1.0
100015160|F|0-27:A>C-27:A>C,,,0.15263157894736842,-0.13661172746043493,0.11518737363218502,-1.1859956794974933,0.23874565922965008,1.4065857517867209,0.9582659503036184,1.0
100014346|F|0-43:T>C-43:T>C,Vu08 (old5),21386181.0,0.1,-0.11653351563818866,0.09839054971116482,-1.1843974444729124,0.23937421312153992,1.4027973064739656,0.9582659503036184,1.0
100016832|F|0-65:T>A-65:T>A,,,0.07894736842105263,-0.13047491837372333,0.11024273763508341,-1.1835239324844313,0.23971824899475772,1.4007288987634128,0.9582659503036184,1.0
100032761|F|0-35:G>T-35:G>T,,,0.07368421052631578,0.13703954145449443,0.11597266350549999,1.1816538252395603,0.24045598888344286,1.3963057627032853,0.9582659503036184,1.0
100033304|F|0-17:G>A-17:G>A,,,0.49473684210526314,-0.08211672313621425,0.06963632505745818,-1.1792225260086353,0.2414175435538149,1.3905657658461865,0.9582659503036184,1.0
100044126|F|0-46:C>T-46:C>T,,,0.05263157894736842,0.153026048200508,0.13019069373855915,1.1753992839749774,0.2429351588410544,1.3815634767688896,0.9582659503036184,1.0
100014614|F|0-54:G>A-54:G>A,,,0.14210526315789473,0.11247090567432692,0.09579335464210999,1.1740992482675372,0.24345275130149477,1.378509044782396,0.9582659503036184,1.0
100021043|F|0-14:C>T-14:C>T,,,0.3263157894736842,-0.08637096573205627,0.07359849362799388,-1.173542575050806,0.24367462430422246,1.3772021754568764,0.9582659503036184,1.0
100034887|F|0-39:C>G-39:C>G,,,0.12105263157894737,0.1125310279695106,0.09606724196631179,1.1713777315369605,0.2445388379322509,1.3721257899406754,0.9582659503036184,1.0
100044261|F|0-5:T>A-5:T>A,Vu09 (old8),3387810.0,0.4105263157894737,-0.07637355272480245,0.0654515228752839,-1.1668720507898676,0.24634453179769075,1.3615903829145513,0.9582659503036184,1.0
100047135|F|0-14:G>A-14:G>A,,,0.2127659574468085,0.0955578472386464,0.08211342472068218,1.1637298963439522,0.24760939007886454,1.3542672716447057,0.9582659503036184,1.0
100018174|F|0-53:C>T-53:C>T,,,0.3263157894736842,0.09170049480798002,0.07880164688436427,1.163687542502048,0.24762647091822954,1.354168696574456,0.9582659503036184,1.0
100014429|F|0-23:C>T-23:C>T,,,0.42105263157894735,-0.08636017361154508,0.0742529939653197,-1.1630530837838013,0.24788244153224454,1.35269247569901,0.9582659503036184,1.0
100017048|F|0-68:G>T-68:G>T,,,0.15789473684210525,0.09836916291557644,0.08486601960600791,1.159111307119824,0.24947695923598262,1.343539022293027,0.9582659503036184,1.0
100014400|F|0-16:A>T-16:A>T,,,0.1736842105263158,0.09746371409624903,0.08411484700365295,1.1586981082188306,0.2496445265112729,1.3425813059898968,0.9582659503036184,1.0
100038818|F|0-32:G>T-32:G>T,,,0.15789473684210525,-0.09983455712200981,0.08627956655738005,-1.157105455039752,0.25029115368323346,1.3388930340827514,0.9582659503036184,1.0
100041682|F|0-43:T>C-43:T>C,,,0.06842105263157895,-0.14200512021924272,0.1228376738797164,-1.156038825338676,0.250724876403098,1.3364257656904257,0.9582659503036184,1.0
100014472|F|0-31:C>A-31:C>A,,,0.49473684210526314,0.07632907663478324,0.06606461461819454,1.1553700430390734,0.2509970947164329,1.3348799363521104,0.9582659503036184,1.0
100019249|F|0-36:C>A-36:C>A,,,0.45263157894736844,0.09063141814827204,0.07860585228567846,1.1529856303687018,0.251969342454754,1.3293758638367128,0.9582659503036184,1.0
100029224|F|0-12:A>G-12:A>G,,,0.1,-0.11833804091582259,0.10263742075709154,-1.1529716943675852,0.2519750327166901,1.3293437280128602,0.9582659503036184,1.0
100014348|F|0-42:C>G-42:C>G,,,0.12105263157894737,0.10439175066279192,0.09079545634025502,1.1497464176135086,0.25329440893457245,1.3219168248150965,0.9582659503036184,1.0
100016571|F|0-39:C>T-39:C>T,,,0.09473684210526316,-0.12229869198858653,0.10639789300030209,-1.1494465589486749,0.2534173213469345,1.3212273918789494,0.9582659503036184,1.0
100032856|F|0-37:A>G-37:A>G,,,0.18947368421052632,0.10923062244467739,0.09504074709176034,1.1493030703895557,0.25347615240879623,1.32089754760686,0.9582659503036184,1.0
100019495|F|0-5:T>G-5:T>G,,,0.2894736842105263,-0.08964855414663772,0.07815710184907555,-1.1470301741708977,0.2544093416291884,1.31567822045852,0.9582659503036184,1.0
100036188|F|0-25:T>C-25:T>C,,,0.26842105263157895,0.11243461929546672,0.09814321840031431,1.1456178137225896,0.2549904411687756,1.3124401751185262,0.9582659503036184,1.0
100036187|F|0-16:T>C-16:T>C,,,0.2315789473684211,-0.12974408714275362,0.11327374842871592,-1.1454029635507526,0.2550789209810555,1.3119479489108465,0.9582659503036184,1.0
100015188|F|0-39:T>C-39:T>C,,,0.14210526315789473,0.1130717621285261,0.09876221220587277,1.1448889165506404,0.2552907044115729,1.3107706312404992,0.9582659503036184,1.0
100028302|F|0-21:C>T-21:C>T,,,0.42307692307692313,0.07387338216218212,0.06454039785483204,1.14460686047121,0.2554069621495056,1.3101248650377602,0.9582659503036184,1.0
100016625|F|0-16:T>C-16:T>C,,,0.1736842105263158,0.09578718300625957,0.08369233347803297,1.144515620793405,0.25544457728380254,1.3099160062401134,0.9582659503036184,1.0
100013982|F|0-20:C>G-20:C>G,,,0.14210526315789473,-0.10326483727261519,0.09029122992708269,-1.1436862401366081,0.25578668334451676,1.3080182158778113,0.9582659503036184,1.0
100019182|F|0-32:C>T-32:C>T,,,0.09473684210526316,0.12457120453406995,0.10916222736764544,1.1411566760590997,0.2568320861445152,1.302238559314253,0.9582659503036184,1.0
100015763|F|0-37:C>T-37:C>T,Vu01 (old4),7877137.0,0.07894736842105263,0.12139298785954879,0.10664368172033145,1.1383045474545483,0.2580144092036888,1.2957372427557041,0.9582659503036184,1.0
100015397|F|0-30:G>C-30:G>C,,,0.06842105263157895,-0.14138014912809813,0.12425311852214957,-1.1378398450650997,0.25820741019014626,1.2946795130177702,0.9582659503036184,1.0
100015288|F|0-54:A>G-54:A>G,,,0.30526315789473685,-0.0888273544383102,0.07814819834792787,-1.1366526204844427,0.2587009523822539,1.2919791796541507,0.9582659503036184,1.0
100018159|F|0-67:G>A-67:G>A,,,0.09473684210526316,-0.1179859096636264,0.1038434769257137,-1.136189899997568,0.2588934902370622,1.2909274888564835,0.9582659503036184,1.0
100014414|F|0-40:G>C-40:G>C,,,0.12105263157894737,0.11859752140562532,0.10439362759655087,1.1360609276264269,0.2589471735873577,1.2906344312794176,0.9582659503036184,1.0
100029461|F|0-34:G>A-34:G>A,,,0.34210526315789475,0.08241108011427063,0.07267459940370166,1.1339736412784829,0.25981707442676577,1.2858962191143815,0.9582659503036184,1.0
100015474|F|0-64:A>G-64:A>G,,,0.10526315789473684,0.113276654987677,0.09999101217669121,1.1328683700841944,0.26027854114761034,1.2833907439372192,0.9582659503036184,1.0
100020859|F|0-32:T>C-32:T>C,,,0.13157894736842105,-0.10381566777126713,0.09167564392473615,-1.1324236550386022,0.2604643787175741,1.2823833344909872,0.9582659503036184,1.0
100013207|F|0-60:C>G-60:C>G,Vu07 (old2),29186793.0,0.4631578947368421,0.0819004765787205,0.0723498499307579,1.132006170808965,0.26063892199731836,1.2814379707495758,0.9582659503036184,1.0
100015323|F|0-56:G>C-56:G>C,,,0.1631578947368421,-0.10917869507092529,0.09659072844766384,-1.1303227217101075,0.2613435789868475,1.2776294552141452,0.9582659503036184,1.0
100016024|F|0-58:G>A-58:G>A,,,0.3157894736842105,-0.07859543217709838,0.06968467428021007,-1.1278725629262059,0.26237155586922173,1.272096518201728,0.9582659503036184,1.0
100033423|F|0-16:C>T-16:C>T,,,0.34239130434782605,-0.07623811191183012,0.06785192658653147,-1.1235953899496687,0.2641728642024733,1.262466600316148,0.9582659503036184,1.0
100034114|F|0-47:T>A-47:T>A,,,0.17894736842105263,0.09450073552152127,0.08413347943659204,1.1232239074664994,0.26432972029325963,1.261631946304311,0.9582659503036184,1.0
100015006|F|0-61:G>T-61:G>T,,,0.29473684210526313,-0.07716644717872792,0.06873166577604478,-1.122720456538432,0.2645424033905985,1.2605012235298654,0.9582659503036184,1.0
100036213|F|0-14:A>C-14:A>C,,,0.21578947368421053,0.0841763707738169,0.07503305669709977,1.1218571450930979,0.2649073888520157,1.258563453996436,0.9582659503036184,1.0
100021903|F|0-59:G>A-59:G>A,,,0.12105263157894737,-0.08982600843227459,0.08017313883555062,-1.1204002953722907,0.2655241064840942,1.2552968218703162,0.9582659503036184,1.0
100030713|F|0-35:T>A-35:T>A,,,0.07894736842105263,0.12480789101813798,0.11167123408785333,1.1176368922362752,0.2666966783609851,1.2491122228875593,0.9582659503036184,1.0
100018366|F|0-11:C>A-11:C>A,Vu06 (old6),3381583.0,0.14210526315789473,0.11183840286821028,0.10008272108166731,1.1174596539691437,0.26677200781273036,1.2487160782488385,0.9582659503036184,1.0
100043228|F|0-41:G>A-41:G>A,,,0.30526315789473685,-0.09471549883340655,0.08487428648790625,-1.115950457467499,0.2674140463511245,1.2453454235219203,0.9582659503036184,1.0
100033819|F|0-67:C>G-67:C>G,,,0.32105263157894737,0.0892438977273859,0.0800638786690558,1.1146586851765667,0.26796444609402603,1.2424639844395526,0.9582659503036184,1.0
100035865|F|0-64:G>A-64:G>A,,,0.3932584269662921,0.06295376932628603,0.05651414884602436,1.1139470488674745,0.26826799875096974,1.2408780276805558,0.9582659503036184,1.0
100017546|F|0-5:C>G-5:C>G,,,0.06315789473684211,0.14321444843864187,0.12872222941763248,1.112585208371354,0.2688495692256003,1.2378458458867294,0.9582659503036184,1.0
100046319|F|0-34:T>C-34:T>C,,,0.14130434782608697,0.09701008866943828,0.08719431738750828,1.112573520569085,0.2688545642777011,1.2378198386714883,0.9582659503036184,1.0
100013231|F|0-33:C>T-33:C>T,,,0.06842105263157895,-0.15211528463503474,0.13723890148579973,-1.1083977136816,0.2706433394761619,1.228545491694598,0.9582659503036184,1.0
100013886|F|0-37:T>A-37:T>A,,,0.08421052631578947,0.12905820104524499,0.11644571423942475,1.1083121597750487,0.2706800743979315,1.228355843505233,0.9582659503036184,1.0
100044452|F|0-43:C>T-43:C>T,Vu05 (old1),1696325.0,0.07368421052631578,0.1356989948684704,0.12246079599259775,1.1081015256235378,0.27077053076975427,1.2278889910892121,0.9582659503036184,1.0
100040405|F|0-35:T>A-35:T>A,,,0.05789473684210526,0.1542025809277995,0.13917245769713552,1.1079963915228994,0.2708156882575255,1.2276560036277662,0.9582659503036184,1.0
100059264|F|0-28:T>G-28:T>G,Vu03 (old3),7290112.0,0.3105263157894737,-0.09710821883311219,0.08769351979122354,-1.1073591191721202,0.2710895235387168,1.2262442188136538,0.9582659503036184,1.0
100021889|F|0-32:T>A-32:T>A,,,0.16842105263157894,0.09915216358297996,0.08958180392112647,1.1068337457267532,0.271315420987765,1.225080940679515,0.9582659503036184,1.0
100033784|F|0-28:C>T-28:C>T,,,0.15789473684210525,-0.09212703773285338,0.0835058956473226,-1.1032399211900101,0.27286419145116464,1.2171383237073399,0.9582659503036184,1.0
100038456|F|0-36:A>C-36:A>C,,,0.43157894736842106,-0.0887968749349353,0.08075822609794531,-1.0995396905727046,0.27446523146211815,1.2089875311447191,0.9582659503036184,1.0
100028279|F|0-18:C>T-18:C>T,,,0.25263157894736843,0.11469630361892923,0.1046464800445722,1.0960359447358048,0.2759872577351922,1.2012947921529082,0.9582659503036184,1.0
100016415|F|0-35:A>G-35:A>G,,,0.13157894736842105,-0.09170856708635196,0.08370649847076146,-1.0955967429265436,0.2761784589367873,1.200332223111251,0.9582659503036184,1.0
100015478|F|0-48:C>T-48:C>T,,,0.14210526315789473,0.09419543796157447,0.08607616166803889,1.0943266537005722,0.2767318936761569,1.1975508249994922,0.9582659503036184,1.0
100022228|F|0-38:T>C-38:T>C,Vu03 (old3),4384995.0,0.28421052631578947,-0.07463230954706689,0.06821181770137492,-1.0941257990484916,0.27681948537297035,1.1971112641435002,0.9582659503036184,1.0
100040329|F|0-26:A>G-26:A>G,,,0.4450549450549451,0.08146107776204162,0.07447037015862128,1.0938723359173614,0.2769300467770193,1.1965566872853048,0.9582659503036184,1.0
100021507|F|0-53:A>C-53:A>C,,,0.11052631578947368,0.10629751694941775,0.09727887739001612,1.0927091245434872,0.2774378355636548,1.1940132308605942,0.9582659503036184,1.0
100016587|F|0-41:C>T-41:C>T,Vu03 (old3),57417157.0,0.3,0.07469899760842692,0.06845553404643856,1.091204657869632,0.2780955519019162,1.1907276053563804,0.9582659503036184,1.0
100056084|F|0-56:G>T-56:G>T,Vu11 (old9),1725731.0,0.2,0.08752541387078859,0.08034115237078832,1.0894219374255882,0.2788763100676891,1.1868401577441223,0.9582659503036184,1.0
100034591|F|0-27:A>G-27:A>G,,,0.11702127659574468,0.0986198494604473,0.090558900655131,1.0890133244441011,0.2790554790916839,1.185950020816793,0.9582659503036184,1.0
100029793|F|0-30:G>A-30:G>A,,,0.09473684210526316,0.1082074153668066,0.09972579449577876,1.0850494188982054,0.28079770790050773,1.1773322414513332,0.9582659503036184,1.0
100014666|F|0-59:T>C-59:T>C,,,0.2631578947368421,-0.08401065055712308,0.07751468657982948,-1.0838030090027346,0.2813470826821309,1.1746289623233817,0.9582659503036184,1.0
100034321|F|0-18:C>G-18:C>G,,,0.3736842105263158,-0.08418800227031938,0.07768172175769383,-1.0837556167063347,0.2813679862090129,1.1745262367425278,0.9582659503036184,1.0
100030137|F|0-35:C>A-35:C>A,,,0.11578947368421053,-0.10429732984966461,0.09633823246969907,-1.0826161864913693,0.28187088228611945,1.1720578072531151,0.9582659503036184,1.0
100034427|F|0-43:T>A-43:T>A,,,0.4105263157894737,0.1289142487651835,0.11922325523244283,1.08128442319283,0.28245945128645317,1.1691760038394512,0.9582659503036184,1.0
100022068|F|0-50:T>C-50:T>C,,,0.10526315789473684,0.11760919476645261,0.10934857527736187,1.0755439151185806,0.28500614435316113,1.1567947133486045,0.9582659503036184,1.0
100019753|F|0-24:T>G-24:T>G,,,0.11052631578947368,0.10114188145281891,0.09412775570148692,1.0745170826506936,0.28546334332660395,1.1545869609081574,0.9582659503036184,1.0
100035126|F|0-11:T>C-11:T>C,Vu04 (old11),37919761.0,0.5,0.07151378224764048,0.0665961466105234,1.073842645369214,0.28576391187541955,1.1531380270135516,0.9582659503036184,1.0
100013240|F|0-26:A>G-26:A>G,,,0.14210526315789473,-0.10215808775191448,0.09516283027609061,-1.0735082957865894,0.2859129981297078,1.1524200611226274,0.9582659503036184,1.0
100015479|F|0-29:T>C-29:T>C,,,0.4631578947368421,0.07008936536689686,0.06532565716975801,1.072922468805169,0.2861743468150215,1.151162624066979,0.9582659503036184,1.0
100016083|F|0-25:C>A-25:C>A,,,0.23404255319148937,-0.07908938818331433,0.07376816595127408,-1.07213439785876,0.28652617920259965,1.149472167071966,0.9582659503036184,1.0
100019277|F|0-46:C>T-46:C>T,,,0.18947368421052632,0.0894195274268323,0.08349243064499186,1.070989630270106,0.28703778686171144,1.1470187881460985,0.9582659503036184,1.0
100015398|F|0-67:C>T-67:C>T,,,0.08421052631578947,0.11534114923030828,0.10770995168921682,1.0708495122447952,0.2871004499967891,1.1467186778749157,0.9582659503036184,1.0
100021768|F|0-13:C>T-13:C>T,,,0.3157894736842105,0.08234183567399216,0.07692064975998385,1.0704776406715761,0.2872668027329367,1.1459223791777842,0.9582659503036184,1.0
100035689|F|0-61:C>T-61:C>T,,,0.18947368421052632,0.09178402426793941,0.08598655983248003,1.067422914078131,0.288635804777763,1.1393916774990491,0.9582659503036184,1.0
100018585|F|0-68:A>G-68:A>G,,,0.22105263157894736,0.08752255078875978,0.08200155452897494,1.0673279462992866,0.28867843694795536,1.139188944951453,0.9582659503036184,1.0
100020016|F|0-66:T>C-66:T>C,,,0.06914893617021277,0.1203295483819209,0.11274427108100128,1.0672786051849141,0.28870058846680297,1.1390836210854558,0.9582659503036184,1.0
100051260|F|0-23:G>A-23:G>A,,,0.05263157894736842,0.13037788934122102,0.12232618580095486,1.0658215858489009,0.28935523721432993,1.135975652861466,0.9582659503036184,1.0
100018106|F|0-5:T>C-5:T>C,Vu07 (old2),35385132.0,0.2789473684210526,0.07890671746029677,0.07412586186044981,1.0644964588586836,0.2899515079345158,1.133152710922677,0.9582659503036184,1.0
100020673|F|0-43:T>A-43:T>A,,,0.06842105263157895,0.14161968500629515,0.13330760736909483,1.0623526128871723,0.29091795953875516,1.1285930741082022,0.9582659503036184,1.0
100046200|F|0-31:A>C-31:A>C,,,0.3368421052631579,0.08399899489947754,0.07915477713233057,1.0611993102961863,0.2914387817520645,1.1261439761731016,0.9582659503036184,1.0
100058370|F|0-6:C>T-6:C>T,,,0.2894736842105263,0.09503296591117238,0.0896804359535751,1.0596844774524528,0.29212383586797624,1.122931191753678,0.9582659503036184,1.0
100013542|F|0-30:C>G-30:C>G,,,0.12105263157894737,0.1060163504730172,0.10009696220494421,1.0591365425851116,0.29237189957119813,1.1217702158391438,0.9582659503036184,1.0
100020066|F|0-27:G>C-27:G>C,,,0.45789473684210524,0.06719486819751641,0.06345864487599806,1.0588765065629617,0.29248967464548775,1.1212194561509818,0.9582659503036184,1.0
100014000|F|0-40:A>G-40:A>G,,,0.2578947368421053,-0.07769618650165691,0.07352952140875622,-1.0566665607645924,0.293491907015549,1.116544220638072,0.9582659503036184,1.0
100016417|F|0-54:G>T-54:G>T,,,0.28421052631578947,-0.08082949091268797,0.07669682845703599,-1.0538830945006679,0.2947575665769707,1.1106695768743036,0.9582659503036184,1.0
100016303|F|0-55:T>G-55:T>G,,,0.38421052631578945,0.0656056543128143,0.06233885590740986,1.0524038877174218,0.2954316822596983,1.1075539428827437,0.9582659503036184,1.0
100033913|F|0-64:C>T-64:C>T,,,0.08421052631578947,-0.11792830367654815,0.11206509692537982,-1.0523196509174702,0.29547010288051223,1.1073766477070663,0.9582659503036184,1.0
100047334|F|0-54:C>T-54:C>T,,,0.12631578947368421,0.11296258982203543,0.1073797054762832,1.0519919878806645,0.2956195831858913,1.1066871425651121,0.9582659503036184,1.0
100041739|F|0-59:G>T-59:G>T,,,0.05789473684210526,-0.1347586748329698,0.1282052347464797,-1.0511167901954177,0.2960191018821256,1.1048465066307178,0.9582659503036184,1.0
100018194|F|0-8:A>C-8:A>C,Vu02 (old7),25429826.0,0.17553191489361697,-0.08284002987241726,0.07881203858493654,-1.0511088326073397,0.29602273612364854,1.1048297779851644,0.9582659503036184,1.0
100018804|F|0-63:G>A-63:G>A,,,0.08947368421052632,0.1125430936649258,0.1071203627233385,1.0506227836027096,0.29624477294577356,1.1038082334251058,0.9582659503036184,1.0
100028511|F|0-5:C>A-5:C>A,,,0.3157894736842105,0.08420346204445762,0.08018094403579971,1.0501680050918571,0.2964526273720356,1.102852838918611,0.9582659503036184,1.0
100029346|F|0-46:T>A-46:T>A,,,0.20430107526881713,-0.08052160019902581,0.07676424007358214,-1.0489467507506367,0.29701128684879347,1.1002892859103184,0.9582659503036184,1.0
100014432|F|0-25:C>A-25:C>A,,,0.3368421052631579,-0.07887420968423073,0.07524565964339072,-1.0482227155431512,0.2973428325383928,1.098770861380658,0.9582659503036184,1.0
100018496|F|0-32:T>G-32:T>G,,,0.43157894736842106,-0.08290066265384911,0.0792727569905689,-1.0457648478620698,0.29847019973836875,1.093624117023978,0.9582659503036184,1.0
100030037|F|0-16:T>A-16:T>A,,,0.4473684210526316,0.07632629607408106,0.0730108013146971,1.0454110172698043,0.29863273231265985,1.092884195029087,0.9582659503036184,1.0
100019198|F|0-35:G>T-35:G>T,,,0.13829787234042554,-0.0880881060734005,0.08451154924919059,-1.042320332025438,0.300054997137516,1.086431674553619,0.9582659503036184,1.0
100035332|F|0-65:G>A-65:G>A,Vu04 (old11),505287.0,0.425531914893617,0.07609190174009882,0.07303441933651575,1.0418635820118636,0.30026557217615024,1.0854797235225913,0.9582659503036184,1.0
100019924|F|0-12:A>T-12:A>T,,,0.08947368421052632,0.1212739347876397,0.11672089852130636,1.0390078925369326,0.30158439845154744,1.0795374007540381,0.9582659503036184,1.0
100015139|F|0-52:T>C-52:T>C,,,0.08421052631578947,0.11249138216390948,0.10830593699430373,1.0386446513068428,0.3017524326857382,1.078782711688313,0.9582659503036184,1.0
100015812|F|0-66:A>T-66:A>T,,,0.46842105263157896,-0.07757038680139851,0.07490679205975163,-1.0355587880405048,0.3031824986334634,1.0723820034879192,0.9582659503036184,1.0
100029779|F|0-28:G>A-28:G>A,,,0.17894736842105263,-0.0992254589295497,0.09582958385101276,-1.0354366046691443,0.30323921557373695,1.072128962288766,0.9582659503036184,1.0
100019334|F|0-53:T>C-53:T>C,Vu04 (old11),4731471.0,0.08947368421052632,0.11037564921780545,0.10669433067553344,1.034503412870804,0.30367263529026706,1.070197311241341,0.9582659503036184,1.0
100014882|F|0-19:A>G-19:A>G,,,0.3684210526315789,0.07338377291245025,0.07107560420740783,1.0324748376152653,0.3046162474416187,1.0660042903086684,0.9582659503036184,1.0
100034571|F|0-32:T>A-32:T>A,,,0.07894736842105263,0.12583732122628127,0.12212214807642287,1.0304217802288695,0.3055732606228301,1.0617690451700328,0.9582659503036184,1.0
100014339|F|0-37:C>G-37:C>G,,,0.15789473684210525,-0.09187331499604086,0.0892709406653997,-1.0291514160290438,0.3061664431264202,1.059152637114586,0.9582659503036184,1.0
100016006|F|0-20:G>A-20:G>A,Vu07 (old2),32542535.0,0.05263157894736842,0.14488704552348786,0.14093023934137286,1.028076346145489,0.3066690409651862,1.056940973503859,0.9582659503036184,1.0
100041762|F|0-5:T>C-5:T>C,Vu11 (old9),27828984.0,0.4157303370786517,-0.06567113585894534,0.06393651243147377,-1.0271304042323346,0.3071117305449844,1.054996867298479,0.9582659503036184,1.0
100019956|F|0-49:C>A-49:C>A,,,0.4789473684210527,-0.07126883156969561,0.06983765953660565,-1.0204928407192657,0.3102301295283384,1.0414056379592767,0.9582659503036184,1.0
100015590|F|0-63:C>G-63:C>G,,,0.22105263157894736,-0.07586219482829579,0.07441693245973488,-1.01942114947217,0.3107356077702742,1.0392194799911605,0.9582659503036184,1.0
100019068|F|0-18:T>C-18:T>C,,,0.22105263157894736,-0.07451829447954769,0.07311681664692823,-1.019167653857074,0.31085525331003133,1.0387027066685326,0.9582659503036184,1.0
100033416|F|0-48:G>A-48:G>A,,,0.14736842105263157,0.10029182271274835,0.09841849119281945,1.0190343450425257,0.3109181851598833,1.0384309963762492,0.9582659503036184,1.0
100028334|F|0-33:A>C-33:A>C,,,0.43157894736842106,0.08039598685611248,0.07891143329026068,1.0188129083955573,0.31102273890443116,1.0379797423134143,0.9582659503036184,1.0
100043216|F|0-30:A>T-30:A>T,,,0.06842105263157895,0.12760967977535811,0.12527179347173126,1.0186625116383794,0.31109376383137627,1.0376733126174114,0.9582659503036184,1.0
100043217|F|0-12:G>T-12:G>T,,,0.06842105263157895,0.12760967977535811,0.12527179347173126,1.0186625116383794,0.31109376383137627,1.0376733126174114,0.9582659503036184,1.0
100033363|F|0-51:C>T-51:C>T,,,0.08947368421052632,0.11725034529105631,0.11525908013439744,1.0172764276301438,0.311748854640395,1.0348513302119473,0.9582659503036184,1.0
100014308|F|0-20:G>A-20:G>A,,,0.48947368421052634,-0.08069410367043768,0.07956800880583287,-1.014152608334749,0.3132286215077977,1.0285055129921747,0.9582659503036184,1.0
100030431|F|0-51:C>T-51:C>T,,,0.1,0.10377327553779757,0.10279922901895325,1.0094752317516382,0.3154530914588068,1.0190402435200236,0.9582659503036184,1.0
100041959|F|0-33:T>G-33:T>G,,,0.20526315789473684,0.06945238346750102,0.06890616620870095,1.007926972125335,0.3161917324682747,1.0159167811377459,0.9582659503036184,1.0
100040044|F|0-66:G>T-66:G>T,,,0.47368421052631576,0.07839586782722767,0.07778634262965874,1.0078358896557316,0.31623522185540387,1.01573318047816,0.9582659503036184,1.0
100013678|F|0-60:A>T-60:A>T,,,0.3684210526315789,-0.09801348755469416,0.09735498284252021,-1.0067639548890799,0.31674734130246807,1.0135736608639012,0.9582659503036184,1.0
100032969|F|0-67:T>C-67:T>C,,,0.06315789473684211,0.12446647142022897,0.12365158863812922,1.0065901521450284,0.3168304280763106,1.0132237343953516,0.9582659503036184,1.0
100017594|F|0-13:G>T-13:G>T,,,0.43157894736842106,0.07082125835246487,0.07045399911265972,1.0052127522132261,0.31748941111466666,1.0104526772120888,0.9582659503036184,1.0
100013718|F|0-18:C>A-18:C>A,,,0.07368421052631578,-0.11040105848894524,0.10994477159030161,-1.0041501464057239,0.31799841247837646,1.0083175165266367,0.9582659503036184,1.0
100035003|F|0-39:A>G-39:A>G,,,0.22105263157894736,-0.07601763215182912,0.07592118413645024,-1.0012703702724859,0.31938059266676544,1.002542354385601,0.9582659503036184,1.0
100032879|F|0-19:G>T-19:G>T,,,0.08421052631578947,-0.10414832083861224,0.1041946018759891,-0.9995558211601793,0.320205404781451,0.9991118396152003,0.9582659503036184,1.0
100019028|F|0-68:T>A-68:T>A,Vu03 (old3),64483291.0,0.07368421052631578,-0.11524493699448163,0.11535626529797496,-0.9990349175815829,0.32045627424117207,0.9980707665472401,0.9582659503036184,1.0
100016750|F|0-47:G>A-47:G>A,,,0.24210526315789474,0.08349313447863103,0.08364914064680082,0.9981349937732354,0.32088998920299966,0.9962734657946968,0.9582659503036184,1.0
100020907|F|0-40:A>T-40:A>T,,,0.1368421052631579,0.08246587922827293,0.08274679203574795,0.9966051516854738,0.3216281854636809,0.9932218283660262,0.9582659503036184,1.0
100021489|F|0-26:C>G-26:C>G,,,0.3894736842105263,0.06596187102402758,0.06619029756689544,0.9965489421975025,0.32165532973902006,0.993109794194961,0.9582659503036184,1.0
100013053|F|0-56:A>T-56:A>T,,,0.3421052631578947,0.07845650426624752,0.07877675788930011,0.9959346686556634,0.3219520693443422,0.991885864230266,0.9582659503036184,1.0
100040444|F|0-34:C>A-34:C>A,Vu02 (old7),25326701.0,0.11052631578947368,-0.09549537562530168,0.09602941690796093,-0.9944387740772069,0.32267545682757437,0.9889084753881782,0.9582659503036184,1.0
100019896|F|0-32:C>T-32:C>T,Vu08 (old5),16375786.0,0.46842105263157896,-0.07060161542453251,0.07102482263833645,-0.9940414182241758,0.3228677919525049,0.9881183411451308,0.9582659503036184,1.0
100014467|F|0-44:T>A-44:T>A,,,0.06315789473684211,0.11230748692218198,0.11313939023492518,0.9926470938988109,0.3235432983859694,0.9853482530257547,0.9582659503036184,1.0
100042005|F|0-34:A>G-34:A>G,,,0.24736842105263157,-0.0691741890952857,0.06971725345159578,-0.9922104740301176,0.3237550194157285,0.9844816247750707,0.9582659503036184,1.0
100014420|F|0-6:A>T-6:A>T,,,0.19473684210526315,0.09125526970405055,0.09200788968458799,0.9918200495292578,0.3239444175910109,0.9837070106482195,0.9582659503036184,1.0
100017562|F|0-36:T>A-36:T>A,,,0.28421052631578947,-0.07141435632385795,0.07201522267140201,-0.9916563981161908,0.32402382807562147,0.983382411924777,0.9582659503036184,1.0
100016319|F|0-60:C>A-60:C>A,,,0.1,0.10077289341600432,0.10171938135213167,0.9906951072298522,0.3244905467177774,0.9814767954891683,0.9582659503036184,1.0
100030406|F|0-17:T>A-17:T>A,,,0.05263157894736842,0.12109968112482569,0.12247525014936979,0.9887685959174081,0.3254272307323913,0.9776633362724826,0.9582659503036184,1.0
100021370|F|0-62:A>T-62:A>T,,,0.35789473684210527,0.0688939509686994,0.0699762174621785,0.9845337954418005,0.32749250127646823,0.9693067943670372,0.9582659503036184,1.0
100022031|F|0-68:A>C-68:A>C,,,0.4,-0.0759265069943785,0.07712252473237736,-0.9844919789367742,0.3275129378125232,0.9692244565908459,0.9582659503036184,1.0
100013673|F|0-63:C>A-63:C>A,,,0.29473684210526313,-0.08014840176574398,0.08143053622213772,-0.984254869046961,0.3276288339249484,0.9687576472426503,0.9582659503036184,1.0
100016658|F|0-38:T>C-38:T>C,Vu02 (old7),33337276.0,0.06315789473684211,0.11974934732195794,0.12171372817056927,0.9838606467968966,0.32782158433322894,0.9679817723156077,0.9582659503036184,1.0
100013547|F|0-56:A>T-56:A>T,,,0.20526315789473684,0.07918287240657391,0.08058364414709071,0.9826171705766998,0.3284300577225587,0.9655365039121592,0.9582659503036184,1.0
100033601|F|0-15:C>A-15:C>A,,,0.49473684210526314,-0.08023510343869424,0.08203398266259619,-0.9780715361425191,0.3306607172874258,0.956623929812187,0.9582659503036184,1.0
100021184|F|0-17:T>G-17:T>G,,,0.08947368421052632,0.10719702933969916,0.10976206991594444,0.9766309019298781,0.3313697487549124,0.9538079186043672,0.9582659503036184,1.0
100017056|F|0-15:G>A-15:G>A,,,0.08947368421052632,0.10719702933969916,0.10976206991594444,0.9766309019298781,0.3313697487549124,0.9538079186043672,0.9582659503036184,1.0
100029747|F|0-45:G>A-45:G>A,,,0.2,0.08120483290592125,0.08325702626352177,0.9753511090931232,0.33200045728600514,0.9513097860091855,0.9582659503036184,1.0
100015734|F|0-6:T>C-6:T>C,,,0.34042553191489366,-0.06847842330499092,0.07037889576247532,-0.9729965576058712,0.33316288822201384,0.9467223011128755,0.9582659503036184,1.0
100029380|F|0-39:A>C-39:A>C,,,0.34210526315789475,-0.07601860707893279,0.07838628996249386,-0.9697946811273508,0.3347479199386925,0.9405017235429,0.9582659503036184,1.0
100049995|F|0-28:T>A-28:T>A,,,0.09473684210526316,0.11088618778996948,0.11440541593810429,0.9692389724797751,0.33502351592883367,0.9394241857736502,0.9582659503036184,1.0
100021300|F|0-36:C>T-36:C>T,,,0.06315789473684211,0.11773158265263083,0.12161511742421087,0.9680670063571643,0.33560522334626974,0.9371537287973218,0.9582659503036184,1.0
100018873|F|0-22:A>T-22:A>T,,,0.33157894736842103,-0.06873373936965581,0.07103502009360017,-0.9676035746746878,0.33583543078169126,0.9362566777232342,0.9582659503036184,1.0
100019390|F|0-56:C>T-56:C>T,,,0.22631578947368422,0.08762875384423574,0.09085089331244556,0.9645337613012945,0.3373629546358375,0.9303253766900226,0.9582659503036184,1.0
100017454|F|0-9:A>G-9:A>G,,,0.4052631578947369,0.06567740830212705,0.06817732179259732,0.9633321840057715,0.3379620879688746,0.9280088967413296,0.9582659503036184,1.0
100014678|F|0-12:C>T-12:C>T,,,0.30526315789473685,-0.07811819306386808,0.08177922201480596,-0.9552327735488232,0.34201875031495776,0.9124696516617773,0.9582659503036184,1.0
100013355|F|0-21:A>G-21:A>G,,,0.3263157894736842,0.06477444659061694,0.06789553903300233,0.9540309645252496,0.34262337457757525,0.9101750812729781,0.9582659503036184,1.0
100020208|F|0-26:C>G-26:C>G,,,0.10526315789473684,-0.10119181963617266,0.10626597978735021,-0.9522503800244302,0.34352045434820905,0.9067807862566717,0.9582659503036184,1.0
100041246|F|0-21:G>A-21:G>A,,,0.11578947368421053,-0.08957236577573982,0.09414969746941218,-0.951382406776618,0.3439583021490252,0.9051284839240703,0.9582659503036184,1.0
100022102|F|0-51:T>G-51:T>G,,,0.5,-0.06008633201635962,0.0632272925412396,-0.9503227103575358,0.34449335530799285,0.9031132538212928,0.9582659503036184,1.0
100040723|F|0-6:G>A-6:G>A,,,0.3526315789473684,0.06705128946087609,0.07056769140903926,0.9501698032350149,0.3445706044635943,0.9028226549796668,0.9582659503036184,1.0
100015147|F|0-16:C>G-16:C>G,,,0.4263157894736842,-0.07100950364782684,0.0750700687818556,-0.9459096654642976,0.34672735631821544,0.8947450952187793,0.9582659503036184,1.0
100017598|F|0-46:C>G-46:C>G,,,0.43157894736842106,-0.0726970489727932,0.07686824427547637,-0.9457357802041808,0.3468155732822217,0.8944161659584106,0.9582659503036184,1.0
100038902|F|0-22:A>T-22:A>T,,,0.24736842105263157,-0.06556272205568112,0.06943619099017906,-0.9442154173600076,0.34758751551544564,0.8915427543803333,0.9582659503036184,1.0
100043978|F|0-67:T>A-67:T>A,,,0.3631578947368421,0.07704807196430882,0.08173836808318807,0.942618182514902,0.3483996842990051,0.8885290380076971,0.9582659503036184,1.0
100054129|F|0-61:T>A-61:T>A,,,0.08421052631578947,0.10297897314181548,0.10928439611620101,0.9423026232612289,0.34856028616089313,0.8879342338049936,0.9582659503036184,1.0
100054560|F|0-33:A>G-33:A>G,,,0.09042553191489362,0.11064431364322717,0.11766389779206489,0.9403420736474097,0.34955916679854043,0.8842432154715105,0.9582659503036184,1.0
100045098|F|0-63:G>T-63:G>T,,,0.06842105263157895,0.10839479215923463,0.11532870325721162,0.9398769698943666,0.34979640342119356,0.8833687185378162,0.9582659503036184,1.0
100016374|F|0-29:T>A-29:T>A,,,0.38421052631578945,0.06874640999306797,0.07317073511307938,0.9395342261742488,0.3499712940289466,0.8827245621528444,0.9582659503036184,1.0
100015678|F|0-23:A>G-23:A>G,,,0.30526315789473685,-0.0636137957142838,0.06771942401060008,-0.9393729589951382,0.35005360276538955,0.8824215560912816,0.9582659503036184,1.0
100014320|F|0-23:C>T-23:C>T,,,0.23684210526315788,0.06803323366620125,0.07270145167861063,0.9357892049660019,0.3518859270570737,0.875701436130902,0.9582659503036184,1.0
100017892|F|0-32:A>G-32:A>G,,,0.4105263157894737,-0.06613531909340747,0.07075600413700145,-0.9346955060570243,0.3524463479829642,0.8736556890431968,0.9582659503036184,1.0
100021048|F|0-66:C>T-66:C>T,,,0.4368421052631579,0.07437890779984568,0.07963019205088384,0.9340541054116437,0.3527752743263678,0.872457071836346,0.9582659503036184,1.0
100028251|F|0-5:A>G-5:A>G,,,0.1631578947368421,0.07727576853248595,0.08286865837021726,0.9325089853301961,0.35356846116750557,0.8695730077215519,0.9582659503036184,1.0
100014831|F|0-22:G>T-22:G>T,,,0.2736842105263158,-0.06861024530223388,0.07380260531439513,-0.9296453019504924,0.35504156028170486,0.8642403874386223,0.9582659503036184,1.0
100015684|F|0-29:T>C-29:T>C,,,0.09473684210526316,0.10629628991203587,0.114396646768453,0.9291906092945815,0.35527581925354856,0.8633951884012356,0.9582659503036184,1.0
100029816|F|0-31:C>A-31:C>A,,,0.09473684210526316,0.10629628991203587,0.114396646768453,0.9291906092945815,0.35527581925354856,0.8633951884012356,0.9582659503036184,1.0
100019087|F|0-12:C>A-12:C>A,,,0.06315789473684211,-0.11909507207606208,0.12827701643852144,-0.9284209703547328,0.3556725653940993,0.8619654981944237,0.9582659503036184,1.0
100021208|F|0-24:G>A-24:G>A,,,0.49473684210526314,-0.0634762648089339,0.06837336611445262,-0.9283770628270475,0.3556952081329702,0.8618839707833756,0.9582659503036184,1.0
100054119|F|0-9:A>T-9:A>T,,,0.20526315789473684,0.07397616736125777,0.07969531274984126,0.9282373681556964,0.35576725363682615,0.8616246116406138,0.9582659503036184,1.0
100040003|F|0-60:C>T-60:C>T,,,0.3,0.07142396734150593,0.07697022920015395,0.92794276545253,0.3559192213886025,0.861077775955689,0.9582659503036184,1.0
100020933|F|0-51:T>C-51:T>C,,,0.35789473684210527,0.07494471279900836,0.0808882269569969,0.9265218885172457,0.3566527503515316,0.8584428099015635,0.9582659503036184,1.0
100015729|F|0-42:C>A-42:C>A,Vu08 (old5),34737627.0,0.43157894736842106,0.0646768944332705,0.06994477259891507,0.9246851770345696,0.35760238835943925,0.8550426766274534,0.9582659503036184,1.0
100032753|F|0-47:A>G-47:A>G,,,0.2631578947368421,-0.06937905602288666,0.07552711885035483,-0.9185979430825424,0.36076123741281485,0.8438221810354778,0.9582659503036184,1.0
100017244|F|0-66:T>A-66:T>A,,,0.18947368421052632,-0.08160559187620893,0.08898188693130017,-0.9171034093625569,0.3615395095478073,0.8410786634644255,0.9582659503036184,1.0
100035489|F|0-68:C>A-68:C>A,,,0.07446808510638298,0.11284814710560483,0.12310622005767376,0.9166729922560928,0.36176384577876136,0.8402893747317387,0.9582659503036184,1.0
100034393|F|0-68:C>A-68:C>A,,,0.08947368421052632,0.10696517525284074,0.11677351748379325,0.9160054227850609,0.36211196282528046,0.8390659345716383,0.9582659503036184,1.0
100013042|F|0-30:A>G-30:A>G,,,0.42105263157894735,0.060325799434878834,0.06595977766697021,0.9145846388303909,0.3628535682616602,0.8364650615845165,0.9582659503036184,1.0
100013309|F|0-13:A>C-13:A>C,,,0.05263157894736842,-0.13106011248227928,0.14337137595517396,-0.9141302551442075,0.3630909464279313,0.835634123370014,0.9582659503036184,1.0
100040575|F|0-64:T>C-64:T>C,,,0.3368421052631579,-0.07019932357411356,0.07690002981371281,-0.9128647120705746,0.36375260953198363,0.8333219825436932,0.9582659503036184,1.0
100017865|F|0-21:A>G-21:A>G,,,0.13157894736842105,0.08539175620390974,0.09369153261978742,0.911413804601113,0.36451212939195243,0.8306751232174757,0.9582659503036184,1.0
100038652|F|0-16:A>G-16:A>G,,,0.13157894736842105,-0.0816849341131406,0.08971058447563802,-0.9105384229808815,0.36497086047996813,0.8290802197245106,0.9582659503036184,1.0
100045342|F|0-29:C>T-29:C>T,,,0.14736842105263157,-0.08540883664974101,0.09390915887281011,-0.9094835655531547,0.3655241301485052,0.8271603560112795,0.9582659503036184,1.0
100017422|F|0-41:T>A-41:T>A,,,0.13157894736842105,0.08776736685090197,0.09656716680889617,0.9088737896244925,0.36584419854315997,0.8260515654663863,0.9582659503036184,1.0
100046329|F|0-5:T>C-5:T>C,,,0.06842105263157895,0.11184076761384722,0.12310588594534368,0.9084924474163817,0.3660444535513213,0.825358527012607,0.9582659503036184,1.0
100029840|F|0-31:T>C-31:T>C,,,0.26842105263157895,0.07179397104207337,0.0790802421673947,0.9078623063660077,0.3663755131568543,0.8242139673202069,0.9582659503036184,1.0
100041373|F|0-34:A>C-34:A>C,,,0.08421052631578947,0.10624912070256914,0.11765677091388577,0.9030429772744145,0.3689137380857038,0.8154866188046387,0.9582659503036184,1.0
100017718|F|0-15:A>G-15:A>G,,,0.18421052631578946,-0.08580134422283306,0.0950226488711838,-0.9029567712761671,0.36895924173334366,0.8153309307934804,0.9582659503036184,1.0
100016722|F|0-34:C>T-34:C>T,,,0.2554347826086956,-0.07978346654501381,0.0884050044553141,-0.9024768115400277,0.36921265232113093,0.8144643953674546,0.9582659503036184,1.0
100028451|F|0-5:C>A-5:C>A,,,0.22631578947368422,0.08857425470098979,0.09824977140018139,0.9015212294002982,0.36971751100895206,0.8127405270594251,0.9582659503036184,1.0
100013963|F|0-19:T>C-19:T>C,,,0.08421052631578947,0.098410118907181,0.10922514079804554,0.9009841341302435,0.37000146369846487,0.8117724099544246,0.9582659503036184,1.0
100015098|F|0-61:T>G-61:T>G,,,0.08152173913043478,0.08759812955776548,0.09723323711052104,0.9009072634103118,0.3700421151438981,0.811633897265457,0.9582659503036184,1.0
100039240|F|0-17:G>A-17:G>A,,,0.2925531914893617,-0.06470492053125391,0.07185052039865003,-0.9005490868020161,0.37023156642273813,0.8109886577399451,0.9582659503036184,1.0
100041002|F|0-38:A>G-38:A>G,,,0.08947368421052632,-0.10261261379071822,0.11395427950849059,-0.900471787749513,0.37027246044549317,0.810849440532804,0.9582659503036184,1.0
100035652|F|0-37:T>C-37:T>C,,,0.05789473684210526,-0.12330256591766943,0.1370180816999517,-0.8998999576397726,0.37057506806340196,0.8098199337600646,0.9582659503036184,1.0
100039148|F|0-38:G>A-38:G>A,,,0.4052631578947368,-0.06872105741913706,0.07657166838064472,-0.8974736854043514,0.3718607665713331,0.8054590159932686,0.9582659503036184,1.0
100034189|F|0-36:A>T-36:A>T,,,0.18421052631578946,-0.0739882401598547,0.0824501897311555,-0.8973689496786775,0.37191633000799057,0.8052710318474129,0.9582659503036184,1.0
100020053|F|0-44:G>A-44:G>A,,,0.21052631578947367,0.0778755453921878,0.08681341607650765,0.8970450526167175,0.3720881940254786,0.8046898264241295,0.9582659503036184,1.0
100038935|F|0-11:A>T-11:A>T,,,0.1368421052631579,-0.09569966406017866,0.10675725825165536,-0.8964230219793488,0.3724183919699005,0.803574234334588,0.9582659503036184,1.0
100044656|F|0-38:C>T-38:C>T,,,0.13888888888888887,-0.07128951185835149,0.07968184856470849,-0.8946769326072838,0.3733462699596347,0.8004468137395782,0.9582659503036184,1.0
100039010|F|0-12:C>T-12:C>T,,,0.09473684210526316,0.09744366874486601,0.10898050911025156,0.8941384981628765,0.3736326892074586,0.7994836538969643,0.9582659503036184,1.0
100048542|F|0-39:C>A-39:C>A,Vu06 (old6),4481310.0,0.09473684210526316,-0.10066231147204135,0.11260399443957357,-0.8939497392879747,0.3737331318808198,0.799146136373038,0.9582659503036184,1.0
100014059|F|0-25:C>G-25:C>G,,,0.4368421052631579,-0.06611610090808985,0.07399783398881893,-0.8934869758225625,0.3739794501874064,0.7983189759645485,0.9582659503036184,1.0
100022067|F|0-14:T>C-14:T>C,Vu06 (old6),22313672.0,0.1,0.09569333257658827,0.10717271513598861,0.8928889452428778,0.37429791927209977,0.7972506685369387,0.9582659503036184,1.0
100034088|F|0-23:T>C-23:T>C,,,0.18421052631578946,0.08431900862944763,0.09452794304337031,0.8920008826465342,0.3747711535797323,0.7956655746421961,0.9582659503036184,1.0
100020644|F|0-30:T>A-30:T>A,Vu08 (old5),17202857.0,0.17894736842105263,-0.09635758683920218,0.1081433026672392,-0.8910176077726968,0.3752955634531565,0.7939123773609793,0.9582659503036184,1.0
100034936|F|0-34:G>C-34:G>C,,,0.16842105263157894,0.07122175341041849,0.07997787057607109,0.890518250828844,0.3755620618287489,0.7930227550592638,0.9582659503036184,1.0
100017698|F|0-34:C>A-34:C>A,,,0.08421052631578947,0.09032622372653185,0.10145735433646566,0.8902875924300238,0.37568520043802545,0.7926119972348481,0.9582659503036184,1.0
100033415|F|0-29:T>C-29:T>C,,,0.15789473684210525,0.07790252165642297,0.08753622915835242,0.8899460532563935,0.3758675800817732,0.7920039777066317,0.9582659503036184,1.0
100014402|F|0-62:C>T-62:C>T,,,0.46808510638297873,0.06417291274211412,0.07214034889992407,0.8895564510110328,0.37607569293583254,0.791310679535344,0.9582659503036184,1.0
100017545|F|0-17:T>C-17:T>C,,,0.05263157894736842,0.12590502127246236,0.14173258500713232,0.888327982348777,0.3767323743604706,0.789126604223849,0.9582659503036184,1.0
100015778|F|0-37:G>T-37:G>T,Vu04 (old11),1978178.0,0.4736842105263158,0.06634394683784739,0.07470505736456531,0.8880783869033767,0.3768658841667276,0.7886832212849036,0.9582659503036184,1.0
100013122|F|0-67:G>A-67:G>A,,,0.15789473684210525,-0.08881739967285983,0.1001356100942567,-0.8869711742831232,0.3774584951981641,0.7867178640091825,0.9582659503036184,1.0
100032980|F|0-45:T>A-45:T>A,,,0.5,-0.06171654325689317,0.06985051676864185,-0.8835517060140022,0.3792923738174009,0.7806636172002538,0.9582659503036184,1.0
100015825|F|0-15:C>G-15:C>G,,,0.05789473684210526,0.12027433547799184,0.13630415040930652,0.8823967217199264,0.37991305482624965,0.7786239745020733,0.9582659503036184,1.0
100033683|F|0-28:G>C-28:G>C,,,0.2,-0.09743661615920973,0.1107208639669357,-0.8800203743741287,0.3811920836788235,0.7744358593135817,0.9582659503036184,1.0
100013847|F|0-11:C>A-11:C>A,,,0.32105263157894737,-0.060395376046296,0.06867219952691696,-0.8794734472226021,0.3814868380258235,0.7734735443696071,0.9582659503036184,1.0
100033204|F|0-66:T>C-66:T>C,,,0.14210526315789473,0.08148353750611226,0.09269425280411807,0.8790570616961944,0.3817113351566808,0.7727413177179469,0.9582659503036184,1.0
100043216|F|0-10:A>G-10:A>G,,,0.08947368421052632,0.09842628883775956,0.11197506214652918,0.879001868371014,0.381741099203685,0.7726442845997334,0.9582659503036184,1.0
100015680|F|0-33:A>G-33:A>G,,,0.11578947368421053,0.09836998056595685,0.11191255602850593,0.8789896688705817,0.3817476782109338,0.7726228379812149,0.9582659503036184,1.0
100017187|F|0-41:T>C-41:T>C,,,0.23684210526315788,0.07228639920721051,0.08236801777027522,0.8776027536418032,0.3824960817681338,0.7701865931996755,0.9582659503036184,1.0
100029523|F|0-44:T>G-44:T>G,,,0.05263157894736842,0.12288256576633644,0.14025784953878043,0.8761189920594082,0.38329775702456914,0.7675844882471934,0.9582659503036184,1.0
100035958|F|0-25:C>T-25:C>T,,,0.4269662921348315,0.05470683526668079,0.06257391555047113,0.8742754035034793,0.3842953030225816,0.7643574811711715,0.9582659503036184,1.0
100047252|F|0-57:G>A-57:G>A,,,0.30526315789473685,-0.0745818035786187,0.08531129463873169,-0.8742312948648917,0.38431918949837196,0.7642803569211453,0.9582659503036184,1.0
100018976|F|0-8:C>T-8:C>T,Vu03 (old3),2426825.0,0.10106382978723405,0.08852309715061449,0.10142686318895024,0.8727776287994133,0.3851069206629415,0.7617407893327266,0.9582659503036184,1.0
100021651|F|0-68:A>T-68:A>T,,,0.22105263157894736,-0.09453122846909384,0.10876329854693154,-0.8691463915863444,0.3870790417878969,0.7554154500075632,0.9582659503036184,1.0
100016783|F|0-52:G>T-52:G>T,Vu07 (old2),39495827.0,0.06914893617021277,0.09306612503358516,0.1072061359010397,0.8681044629711591,0.3876460664951965,0.7536053586304444,0.9582659503036184,1.0
100033949|F|0-43:T>C-43:T>C,,,0.4842105263157894,-0.0625308417536139,0.07210243548282678,-0.8672500635364442,0.3881114204735106,0.7521226727039665,0.9582659503036184,1.0
100035121|F|0-58:G>A-58:G>A,,,0.06666666666666667,0.09565946556124941,0.11046711334923856,0.8659542434029646,0.3888178570622428,0.7498767516676008,0.9582659503036184,1.0
100014274|F|0-12:C>T-12:C>T,,,0.07894736842105263,0.10663525236813824,0.12341555780774074,0.8640341158142866,0.38986610695126067,0.746554953290976,0.9582659503036184,1.0
100043219|F|0-41:C>T-41:C>T,,,0.32105263157894737,0.07833664042824218,0.09076097805260334,0.8631092580650657,0.39037163483490156,0.7449575913576281,0.9582659503036184,1.0
100040510|F|0-32:T>C-32:T>C,,,0.42105263157894735,0.06518106416463908,0.07554909264320506,0.862764354728508,0.39056026287982365,0.7443623317900988,0.9582659503036184,1.0
100019259|F|0-35:C>T-35:C>T,,,0.12087912087912087,0.07778446598518204,0.09020946694607086,0.86226499965556,0.39083346051842766,0.7435009296310029,0.9582659503036184,1.0
100034447|F|0-52:A>T-52:A>T,,,0.08421052631578947,0.09620390697263861,0.11164896870990482,0.8616640895501975,0.391162375435538,0.7424650032203707,0.9582659503036184,1.0
100034834|F|0-45:G>A-45:G>A,,,0.14210526315789473,-0.07883502083424401,0.09158417203113513,-0.8607930724912064,0.3916394397060345,0.7409647136488513,0.9582659503036184,1.0
100030615|F|0-8:C>T-8:C>T,,,0.3631578947368421,0.07148365812604442,0.08318518748968062,0.8593315743252028,0.3924407222122247,0.7384507546322315,0.9582659503036184,1.0
100040372|F|0-41:A>T-41:A>T,,,0.06043956043956044,-0.09928538865115394,0.11575236054738076,-0.8577396450633383,0.39331466407992,0.7357172987133817,0.9582659503036184,1.0
100040807|F|0-22:G>A-22:G>A,Vu10 (old10),38975128.0,0.3157894736842105,-0.08496065745691732,0.0991871810875976,-0.856568928820388,0.3939581314791234,0.733710329820507,0.9582659503036184,1.0
100030268|F|0-10:A>C-10:A>C,,,0.3157894736842105,0.06827075801329673,0.07972046849922461,0.8563767787436015,0.39406380587741857,0.7333811871712674,0.9582659503036184,1.0
100020033|F|0-7:G>A-7:G>A,,,0.47368421052631576,-0.07040184332092957,0.0823427222362958,-0.8549856187520746,0.3948294051067124,0.7310004082728678,0.9582659503036184,1.0
100034723|F|0-16:A>C-16:A>C,,,0.2789473684210526,-0.06173231501133187,0.07224093949251247,-0.8545336680973012,0.39507832449848496,0.7302277899118286,0.9582659503036184,1.0
100019248|F|0-30:G>A-30:G>A,Vu02 (old7),25315767.0,0.15760869565217392,0.06846931815519157,0.0801849942615096,0.853891913141387,0.39543194747985877,0.729131399328258,0.9582659503036184,1.0
100050114|F|0-27:G>A-27:G>A,,,0.21505376344086022,0.06837240641223506,0.08023459366821231,0.852156199543678,0.3963893428248567,0.7261701884207249,0.9582659503036184,1.0
100040615|F|0-67:A>T-67:A>T,Vu08 (old5),12096567.0,0.45789473684210524,-0.06552328053115468,0.07708512270248973,-0.8500120157302206,0.39757400707439194,0.7225204268857527,0.9582659503036184,1.0
100016880|F|0-51:C>A-51:C>A,,,0.06315789473684211,-0.11148539212986658,0.13122872240063238,-0.8495502363385756,0.3978294245134678,0.7217356040629297,0.9582659503036184,1.0
100048771|F|0-11:G>A-11:G>A,Vu11 (old9),32286941.0,0.18421052631578946,0.07433045629188689,0.08754945848201606,0.8490110342276469,0.39812779289813677,0.7208197362402986,0.9582659503036184,1.0
100039190|F|0-22:G>A-22:G>A,,,0.14736842105263157,0.09180386329284913,0.10813186549122981,0.8489991629737953,0.3981343634180666,0.7207995787302051,0.9582659503036184,1.0
100013604|F|0-58:C>T-58:C>T,,,0.1631578947368421,0.0639730899228806,0.07545604214732339,0.8478193144291478,0.39878771914767713,0.7187975899191102,0.9582659503036184,1.0
100015767|F|0-23:A>T-23:A>T,,,0.23157894736842105,0.07933688112957779,0.09358742739068089,0.8477301208247325,0.3988371378793554,0.7186463577535156,0.9582659503036184,1.0
100033672|F|0-41:T>A-41:T>A,Vu02 (old7),6408415.0,0.12105263157894737,-0.08589267394491497,0.10133819131825955,-0.8475844380837934,0.3989178631211031,0.7183993796818198,0.9582659503036184,1.0
100015052|F|0-68:T>A-68:T>A,,,0.4736842105263158,-0.061968984322566346,0.07323950462442932,-0.8461141926115151,0.39973311031351133,0.7159092269386361,0.9582659503036184,1.0
100018697|F|0-15:T>C-15:T>C,,,0.22631578947368422,-0.06752992455178039,0.07982447275082918,-0.8459802141452781,0.3998074516316807,0.7156825227252906,0.9582659503036184,1.0
100018444|F|0-56:T>G-56:T>G,,,0.11052631578947368,-0.10213614472010721,0.12081526511892814,-0.8453910573267909,0.40013446040360834,0.7146860398081094,0.9582659503036184,1.0
100014327|F|0-12:T>C-12:T>C,,,0.32105263157894737,0.0638577026558307,0.07557917477726081,0.8449113508320985,0.4004008399853058,0.7138751907649213,0.9582659503036184,1.0
100018327|F|0-50:C>T-50:C>T,,,0.11052631578947368,0.0854973713731534,0.1012735852648117,0.8442218289161343,0.40078391920093176,0.7127104964185027,0.9582659503036184,1.0
100013726|F|0-64:C>G-64:C>G,Vu01 (old4),328264.0,0.48947368421052634,0.060393765381017164,0.07157947865325667,0.8437301656467068,0.40105721031725616,0.7118805924222192,0.9582659503036184,1.0
100017261|F|0-49:C>T-49:C>T,,,0.07894736842105263,0.09959832645727953,0.11820044519260849,0.842622261658857,0.4016734558885334,0.7100122758430872,0.9582659503036184,1.0
100041722|F|0-10:C>T-10:C>T,,,0.1631578947368421,0.06850695988485492,0.08145032862216989,0.8410888088941126,0.4025273555961184,0.7074303844469171,0.9582659503036184,1.0
100041207|F|0-27:C>A-27:C>A,,,0.23157894736842105,-0.060278991721435075,0.07170600187385351,-0.8406408131285713,0.40277702973245016,0.7066769766974655,0.9582659503036184,1.0
100022022|F|0-32:T>G-32:T>G,,,0.1,-0.0781448668175107,0.0931169942277748,-0.8392116548173736,0.4035741496254376,0.7042762015813145,0.9582659503036184,1.0
100018025|F|0-39:C>T-39:C>T,,,0.24736842105263157,-0.06819485674665203,0.08139454845129691,-0.837830764396426,0.40434525953602335,0.7019603897690995,0.9582659503036184,1.0
100049952|F|0-5:T>A-5:T>A,,,0.07368421052631578,-0.12225746970599813,0.1462908806242318,-0.8357149070695201,0.40552852328500794,0.6984194058982166,0.9582659503036184,1.0
100049953|F|0-26:C>T-26:C>T,,,0.07368421052631578,-0.12225746970599813,0.1462908806242318,-0.8357149070695201,0.40552852328500794,0.6984194058982166,0.9582659503036184,1.0
100049954|F|0-52:G>A-52:G>A,,,0.07368421052631578,-0.12225746970599813,0.1462908806242318,-0.8357149070695201,0.40552852328500794,0.6984194058982166,0.9582659503036184,1.0
100015194|F|0-9:C>T-9:C>T,,,0.26842105263157895,-0.060586754846616096,0.07254632284029114,-0.8351457727222961,0.40584716240496865,0.697468461695921,0.9582659503036184,1.0
100022139|F|0-65:T>C-65:T>C,,,0.49473684210526314,0.06813915789934089,0.0817061160133806,0.8339541912404952,0.40651478088380477,0.6954795930875884,0.9582659503036184,1.0
100030290|F|0-11:A>C-11:A>C,,,0.49473684210526314,0.06813915789934089,0.0817061160133806,0.8339541912404952,0.40651478088380477,0.6954795930875884,0.9582659503036184,1.0
100038761|F|0-32:T>C-32:T>C,,,0.11052631578947368,-0.08750768137638817,0.1049337981430513,-0.8339322784932751,0.40652706438030684,0.6954430451129854,0.9582659503036184,1.0
100015245|F|0-49:A>G-49:A>G,Vu03 (old3),7443089.0,0.06315789473684211,0.10815367684606975,0.1297038711496827,0.8338508009622682,0.4065727397238885,0.6953071582654161,0.9582659503036184,1.0
100028807|F|0-29:G>A-29:G>A,,,0.14210526315789473,-0.07377339151641961,0.0885129371621108,-0.8334758045742419,0.4067829984215652,0.6946819168106798,0.9582659503036184,1.0
100040378|F|0-57:G>A-57:G>A,,,0.3368421052631579,-0.06033077249424294,0.0724477855421376,-0.8327483309914687,0.40719107746654415,0.6934697827690768,0.9582659503036184,1.0
100028868|F|0-14:T>C-14:T>C,,,0.2631578947368421,-0.06390350082887454,0.07682213117819997,-0.8318371262135541,0.40770257124986675,0.6919530045472243,0.9582659503036184,1.0
100029687|F|0-47:A>T-47:A>T,,,0.20526315789473684,0.06956712439115714,0.08404492251335126,0.827737385088383,0.41000872400445004,0.6851491786729541,0.9582659503036184,1.0
100016864|F|0-56:A>G-56:A>G,,,0.13297872340425532,0.07404608019985386,0.08945612125816994,0.827736315395983,0.4100093267460691,0.6851474078253182,0.9582659503036184,1.0
100022144|F|0-13:T>A-13:T>A,,,0.33695652173913043,-0.04980288391512194,0.06019631028568191,-0.8273411389961535,0.4102320341882827,0.6844933602754525,0.9582659503036184,1.0
100028947|F|0-38:C>A-38:C>A,,,0.06842105263157895,0.12266134256066945,0.1484119802150951,0.8264921900704716,0.4107107188923686,0.6830893402474846,0.9582659503036184,1.0
100035266|F|0-39:C>T-39:C>T,,,0.06315789473684211,-0.10831254629369926,0.1311237331486948,-0.8260331191979748,0.41096970908986125,0.6823307140119357,0.9582659503036184,1.0
100034016|F|0-46:G>A-46:G>A,,,0.15789473684210525,-0.0725765111180236,0.08788345043429649,-0.8258268281385165,0.41108612270321027,0.6819899500733229,0.9582659503036184,1.0
100021798|F|0-27:T>C-27:T>C,,,0.23157894736842105,-0.06420994898467595,0.07778206760346996,-0.8255109559701581,0.41126441340206776,0.6814683384267644,0.9582659503036184,1.0
100018797|F|0-41:C>G-41:C>G,,,0.21578947368421053,0.059623934927753856,0.07239505257967427,0.8235912925421917,0.4123489503412506,0.6783026171513179,0.9582659503036184,1.0
100015215|F|0-15:G>A-15:G>A,,,0.18947368421052632,-0.09119208626068957,0.11086170060505764,-0.8225752064327371,0.4129236974860764,0.67662997023786,0.9582659503036184,1.0
100014449|F|0-27:C>G-27:C>G,,,0.3526315789473684,-0.054009321663957145,0.06572632947804331,-0.8217303794820859,0.41340193943589026,0.675240816563773,0.9582659503036184,1.0
100018597|F|0-60:C>T-60:C>T,,,0.32105263157894737,-0.05523164333381109,0.06725749035772709,-0.8211969111551249,0.41370409833717914,0.6743643668907182,0.9582659503036184,1.0
100057963|F|0-26:C>T-26:C>T,,,0.15789473684210525,0.08520102685678253,0.10383734456618197,0.8205239378254577,0.41408546304686605,0.6732595325445956,0.9582659503036184,1.0
100017664|F|0-11:A>T-11:A>T,,,0.07368421052631578,0.0888957630470964,0.10836993206530421,0.8202991489699136,0.4142128948956489,0.6728906938007645,0.9582659503036184,1.0
100015850|F|0-28:G>T-28:G>T,,,0.1,-0.08655641821562989,0.10554219272979103,-0.8201119948041207,0.41431900979080327,0.6725836840215941,0.9582659503036184,1.0
100013921|F|0-19:C>G-19:C>G,,,0.06842105263157895,-0.09002616830686576,0.10990433858078016,-0.8191320694832819,0.41487488635659087,0.6709773472559641,0.9582659503036184,1.0
100040070|F|0-17:A>G-17:A>G,,,0.3105263157894737,-0.0572594985043522,0.06995869923208373,-0.8184757454451418,0.41524744601579633,0.6699025458819805,0.9582659503036184,1.0
100047059|F|0-34:G>T-34:G>T,,,0.34042553191489366,-0.06022603739201408,0.07367933171279452,-0.8174074871739878,0.4158542680811357,0.668155000088093,0.9582659503036184,1.0
100034899|F|0-59:G>C-59:G>C,,,0.42105263157894735,-0.059271496356194546,0.07262275806753964,-0.816155953496997,0.4165658761767212,0.6661105404285923,0.9582659503036184,1.0
100032976|F|0-16:C>T-16:C>T,,,0.1578947368421053,-0.0658095925978956,0.08072725682473332,-0.8152090779050573,0.41710474412344944,0.6645658406988137,0.9582659503036184,1.0
100029321|F|0-48:C>A-48:C>A,,,0.05789473684210526,0.11151178769017665,0.1368017969794602,0.8151339394095776,0.4171475234126408,0.6644433391773769,0.9582659503036184,1.0
100015169|F|0-21:A>G-21:A>G,,,0.05319148936170213,-0.1222398377105805,0.15019901253849005,-0.8138524724272423,0.41787751760716,0.6623558468759353,0.9582659503036184,1.0
100013879|F|0-63:G>A-63:G>A,,,0.23684210526315788,0.07374877089362628,0.09071753250918077,0.8129494801477628,0.4183923709772107,0.6608868572725178,0.9582659503036184,1.0
100035334|F|0-35:T>C-35:T>C,,,0.43478260869565216,-0.06091702357990562,0.07533708778139786,-0.8085927578812938,0.42088174574951187,0.6538222480980767,0.9582659503036184,1.0
100019344|F|0-54:A>C-54:A>C,,,0.1,-0.08164632687422255,0.1011670244951964,-0.8070448575671934,0.42176831997258313,0.6513214021256514,0.9582659503036184,1.0
100019240|F|0-12:A>C-12:A>C,Vu07 (old2),30408014.0,0.05913978494623662,0.08659449097441416,0.10737637462434248,0.8064575776316346,0.4221049811376609,0.650373824519484,0.9582659503036184,1.0
100047410|F|0-24:C>T-24:C>T,,,0.11702127659574468,-0.07179956801956704,0.08905882801015706,-0.806203827557425,0.42225049417386223,0.6499646115682424,0.9582659503036184,1.0
100045226|F|0-27:G>T-27:G>T,,,0.21578947368421053,-0.05981522390059,0.07437394847974198,-0.8042496750980286,0.4233721044059233,0.6468175398952846,0.9582659503036184,1.0
100013943|F|0-53:A>T-53:A>T,,,0.06315789473684211,-0.1007583714924818,0.12530200345363166,-0.8041241856900374,0.4234441911519203,0.6466157060116657,0.9582659503036184,1.0
100035744|F|0-61:C>T-61:C>T,,,0.16842105263157894,0.06630713019638863,0.08254718262052432,0.803263395447517,0.42393886452303386,0.645232082465874,0.9582659503036184,1.0
100017712|F|0-29:G>A-29:G>A,Vu04 (old11),3133419.0,0.3526315789473684,0.05467110725169373,0.06826708081055075,0.8008414392789484,0.42533254112204555,0.6413470108663776,0.9582659503036184,1.0
100035349|F|0-16:C>T-16:C>T,,,0.37894736842105264,-0.06781317416968316,0.08497791752141069,-0.7980093669934571,0.4269656578471249,0.6368189498092982,0.9582659503036184,1.0
100029259|F|0-42:A>G-42:A>G,,,0.11578947368421053,0.08491449302985894,0.10659558685566317,0.7966042078724916,0.4277773212320447,0.6345782640001599,0.9582659503036184,1.0
100033136|F|0-68:A>G-68:A>G,,,0.15263157894736842,0.06979367487189957,0.08776867718661908,0.7952002594672815,0.42858919680666674,0.6323434526568318,0.9582659503036184,1.0
100015956|F|0-13:C>T-13:C>T,,,0.3368421052631579,-0.0614747641681226,0.07738582103896205,-0.7943931245127116,0.42905635923982466,0.6310604362730685,0.9582659503036184,1.0
100021815|F|0-12:C>A-12:C>A,,,0.14210526315789473,-0.06893297182358796,0.08699700862550991,-0.7923602536762961,0.430234299398417,0.6278347716059643,0.9582659503036184,1.0
100034572|F|0-53:G>A-53:G>A,,,0.17894736842105263,-0.060957649709546306,0.07697874205822781,-0.7918764074299509,0.430514943458722,0.6270682446441657,0.9582659503036184,1.0
100041924|F|0-42:C>T-42:C>T,,,0.35789473684210527,0.05804538888922154,0.07337142846612278,0.7911170615415016,0.43095560257101906,0.62586620506206,0.9582659503036184,1.0
100019370|F|0-59:C>T-59:C>T,,,0.3263157894736842,-0.06152755286216026,0.07783457298185832,-0.7904913010379218,0.431318940048675,0.6248764970166263,0.9582659503036184,1.0
100013048|F|0-58:C>T-58:C>T,,,0.06842105263157895,0.09790694770321788,0.12395892761246614,0.7898337746943505,0.43170091632928,0.623837391647926,0.9582659503036184,1.0
100015338|F|0-49:G>T-49:G>T,,,0.06914893617021277,-0.08759748412557558,0.11106619596556365,-0.7886961767623283,0.4323622507698989,0.6220416592395138,0.9582659503036184,1.0
100016887|F|0-60:G>T-60:G>T,,,0.06842105263157895,0.10257599493705324,0.13013499691190147,0.7882275895891013,0.4326348339382296,0.6213027329894447,0.9582659503036184,1.0
100033255|F|0-46:T>C-46:T>C,,,0.09782608695652173,0.08084894008307754,0.10263740508163624,0.7877141868383316,0.43293360298992695,0.620493640146374,0.9582659503036184,1.0
100018573|F|0-44:G>C-44:G>C,,,0.08421052631578947,0.09468593127866283,0.12030738271031037,0.787033423432195,0.4333299528647497,0.6194216095994007,0.9582659503036184,1.0
100016098|F|0-43:C>A-43:C>A,,,0.08421052631578947,0.09468593127866283,0.12030738271031037,0.787033423432195,0.4333299528647497,0.6194216095994007,0.9582659503036184,1.0
100020710|F|0-41:C>A-41:C>A,,,0.06842105263157895,-0.09369714944858414,0.11927392241160908,-0.7855627412439693,0.43418693246414986,0.6171088204307394,0.9582659503036184,1.0
100013019|F|0-63:A>T-63:A>T,,,0.05789473684210526,-0.09865840826191859,0.1256776894142613,-0.7850113152281053,0.4345085097826708,0.6162427650361597,0.9582659503036184,1.0
100014023|F|0-11:A>G-11:A>G,,,0.10526315789473684,-0.08413489639519972,0.10720303777783788,-0.7848182116775142,0.4346211558113077,0.6159396253806915,0.9582659503036184,1.0
100045002|F|0-68:G>C-68:G>C,,,0.05319148936170204,0.11057942773325857,0.1414115411316866,0.7819689033038947,0.43628527826375013,0.6114753657342958,0.9582659503036184,1.0
100044127|F|0-8:G>A-8:G>A,,,0.06315789473684211,0.12146518557352426,0.15593836639206135,0.7789307300304508,0.43806381275390843,0.6067330821857709,0.9582659503036184,1.0
100020717|F|0-68:A>G-68:A>G,,,0.1,-0.07838661909502141,0.10067584864643463,-0.7786040063124655,0.43825532766185277,0.6062241986458219,0.9582659503036184,1.0
100034977|F|0-7:A>C-7:A>C,,,0.3894736842105263,-0.056277486831252395,0.07239467190126793,-0.7773705626845551,0.43897877357895065,0.6043049917285017,0.9582659503036184,1.0
100016517|F|0-35:T>A-35:T>A,,,0.24210526315789474,-0.06184326386636326,0.07978883117601424,-0.7750867252327204,0.44032014192635305,0.6007594316319825,0.9582659503036184,1.0
100035765|F|0-28:G>A-28:G>A,,,0.15789473684210525,0.07329880927552983,0.09466485681286008,0.7742979997363952,0.44078393946342065,0.5995373923957827,0.9582659503036184,1.0
100033265|F|0-68:G>A-68:G>A,,,0.05789473684210526,-0.1071655801934709,0.13870643237432426,-0.7726071412770916,0.441779180851603,0.5969217947523598,0.9582659503036184,1.0
100043193|F|0-19:A>G-19:A>G,,,0.4166666666666667,0.05144502897557851,0.06669104599510509,0.7713933438584006,0.44249442933947297,0.5950476909490447,0.9582659503036184,1.0
100033311|F|0-46:C>T-46:C>T,,,0.4736842105263158,-0.05648130204954422,0.07329273380260445,-0.7706262151670097,0.4429468186336586,0.5938647635026303,0.9582659503036184,1.0
100038944|F|0-45:C>T-45:C>T,,,0.07368421052631578,0.0873145574939612,0.11339786122400043,0.7699841650583199,0.4433256534587144,0.592875614440558,0.9582659503036184,1.0
100035150|F|0-22:T>A-22:T>A,,,0.06842105263157895,0.09746892930401639,0.12664990912431617,0.7695933615581476,0.44355633503020253,0.5922739421543697,0.9582659503036184,1.0
100036033|F|0-33:T>C-33:T>C,,,0.05789473684210526,0.10508843813396242,0.1367038749171088,0.7687305001243264,0.4440659074663504,0.590946581821397,0.9582659503036184,1.0
100013640|F|0-30:A>G-30:A>G,,,0.07894736842105263,0.09341999760873304,0.12153045875682511,0.7686961652606006,0.444086191330174,0.5908937944863526,0.9582659503036184,1.0
100038943|F|0-17:C>T-17:C>T,,,0.42105263157894735,0.05159147221323292,0.06714037067417943,0.7684120849376508,0.4442540369052255,0.5904571322782275,0.9582659503036184,1.0
100028611|F|0-14:A>C-14:A>C,,,0.10526315789473684,-0.08515101943066247,0.11120113683007661,-0.7657387492429991,0.44583534870043373,0.5863558320922326,0.9582659503036184,1.0
100016225|F|0-50:A>C-50:A>C,,,0.3225806451612903,0.055139691790510675,0.07202732740711311,0.7655384945612367,0.445953932980704,0.5860491866550847,0.9582659503036184,1.0
100022600|F|0-31:A>T-31:A>T,,,0.37894736842105264,0.05433716139004641,0.07107504889221734,0.7645040311185249,0.4465667992496458,0.5844664135964746,0.9582659503036184,1.0
100028407|F|0-26:C>T-26:C>T,,,0.19148936170212766,0.066230456033473,0.08665192841097212,0.764327548711388,0.4466714046256873,0.5841966017191591,0.9582659503036184,1.0
100032947|F|0-10:A>C-10:A>C,,,0.10869565217391304,-0.06875562638272668,0.09024921517641897,-0.7618418204338213,0.4481462610453969,0.5804029593619189,0.9582659503036184,1.0
100013163|F|0-33:C>A-33:C>A,,,0.10526315789473684,-0.07744815106361783,0.10168295851442184,-0.7616630376921344,0.44825244646702755,0.5801305829864097,0.9582659503036184,1.0
100034920|F|0-44:G>C-44:G>C,,,0.10526315789473684,-0.07744815106361783,0.10168295851442184,-0.7616630376921344,0.44825244646702755,0.5801305829864097,0.9582659503036184,1.0
100013447|F|0-28:T>A-28:T>A,,,0.10526315789473684,-0.07744815106361783,0.10168295851442184,-0.7616630376921344,0.44825244646702755,0.5801305829864097,0.9582659503036184,1.0
100045000|F|0-23:G>A-23:G>A,Vu09 (old8),33438135.0,0.05263157894736842,-0.10758977719743328,0.14128048056901865,-0.761533205182391,0.4483295677126602,0.5799328225953656,0.9582659503036184,1.0
100052450|F|0-8:A>G-8:A>G,,,0.08064516129032258,0.0913265163844122,0.11994617959839964,0.7613957917641815,0.4484112004057084,0.5797235517162048,0.9582659503036184,1.0
100020912|F|0-63:C>T-63:C>T,,,0.3736842105263158,-0.05119050953011186,0.06739913664893414,-0.7595128376310054,0.4495306643068747,0.576859750526302,0.9582659503036184,1.0
100034001|F|0-23:A>G-23:A>G,Vu10 (old10),40225556.0,0.4842105263157894,-0.06286978317871472,0.08284603853623385,-0.7588749479097635,0.4499102709849572,0.5758911865650462,0.9582659503036184,1.0
100039964|F|0-49:C>G-49:C>G,,,0.09473684210526316,0.09089190902991653,0.11979801381740758,0.7587096491303367,0.4500086700303271,0.5756403316834786,0.9582659503036184,1.0
100030054|F|0-16:G>A-16:G>A,,,0.3263157894736842,-0.0531563091919464,0.07013542783007874,-0.7579095306972582,0.4504851397171632,0.5744268567217382,0.9582659503036184,1.0
100053174|F|0-19:G>C-19:G>C,,,0.11052631578947368,0.07417357683537862,0.09794291722152838,0.7573143514564917,0.45083975668081666,0.5735250269219667,0.9582659503036184,1.0
100034507|F|0-30:A>G-30:A>G,,,0.17894736842105263,0.06413210273719584,0.08485619335658695,0.7557739771297153,0.4517582811332869,0.5711943045064674,0.9582659503036184,1.0
100059231|F|0-56:A>G-56:A>G,,,0.47368421052631576,-0.04969368158387207,0.06581644379287252,-0.755034436990556,0.45219965056465083,0.5700770010416458,0.9582659503036184,1.0
100017511|F|0-59:G>C-59:G>C,,,0.20526315789473684,0.05650793143297629,0.07484666566448911,0.7549826158760523,0.4522305875253371,0.5699987502750468,0.9582659503036184,1.0
100034526|F|0-38:G>A-38:G>A,,,0.19473684210526315,0.06779785141686237,0.08981643122568476,0.7548490904354063,0.45231030718680193,0.5697971493311601,0.9582659503036184,1.0
100019999|F|0-68:T>C-68:T>C,,,0.21505376344086022,-0.06509942090147149,0.08624565942558701,-0.7548138808961098,0.45233132993839925,0.5697439947934466,0.9582659503036184,1.0
100014668|F|0-30:A>T-30:A>T,,,0.26842105263157895,-0.06409128019474551,0.08500774245671601,-0.7539463858527865,0.4528494672094921,0.5684351527404788,0.9582659503036184,1.0
100043266|F|0-15:G>A-15:G>A,,,0.21052631578947367,0.06544524090459743,0.08726400137519269,0.7499683703846536,0.45522981516691635,0.5624525565774129,0.9582659503036184,1.0
100013923|F|0-16:T>C-16:T>C,,,0.08421052631578947,0.0816179491226732,0.10914501676339523,0.7477936377031738,0.45653414485654886,0.5591953245893455,0.9582659503036184,1.0
100035981|F|0-12:G>A-12:G>A,,,0.29473684210526313,-0.05064183302532199,0.06777514661010339,-0.74720359244155,0.4568884016843906,0.558313208557558,0.9582659503036184,1.0
100041653|F|0-45:T>C-45:T>C,,,0.4425287356321839,-0.06213495333782657,0.08316098324817081,-0.7471647269056704,0.4569117416453017,0.558255129132025,0.9582659503036184,1.0
100017161|F|0-55:C>T-55:C>T,,,0.05789473684210526,0.0863961075741807,0.11577182482480079,0.7462619484915712,0.45745407972923946,0.5569068957664365,0.9582659503036184,1.0
100021963|F|0-68:T>G-68:T>G,,,0.3368421052631579,-0.05951985932691901,0.07976984626745016,-0.7461448418411444,0.4575244576811878,0.5567321250061463,0.9582659503036184,1.0
100034659|F|0-55:C>T-55:C>T,,,0.22580645161290325,-0.06158902189725828,0.08263842051441933,-0.7452831444970781,0.45804250465366725,0.5554469654714526,0.9582659503036184,1.0
100033589|F|0-16:T>C-16:T>C,,,0.14736842105263157,-0.0610503162460048,0.08193919290382924,-0.7450685573344444,0.45817156511191925,0.5551271551284304,0.9582659503036184,1.0
100018713|F|0-51:T>A-51:T>A,,,0.4473684210526316,-0.05782141014114759,0.07778527789587555,-0.7433464494212919,0.45920805369808443,0.5525639438672413,0.9582659503036184,1.0
100019676|F|0-10:G>T-10:G>T,,,0.24736842105263157,-0.05449213426039458,0.07333543225423975,-0.7430532906860207,0.4593846306768286,0.5521281927993239,0.9582659503036184,1.0
100013605|F|0-20:C>T-20:C>T,,,0.05851063829787234,-0.08320877410672514,0.11213419949981297,-0.7420463558654461,0.4599914275783816,0.5506327942531882,0.9582659503036184,1.0
100021093|F|0-30:G>T-30:G>T,,,0.09042553191489362,-0.08768018275056456,0.11833855542027438,-0.7409265935279681,0.46066675163229587,0.5489722169969589,0.9582659503036184,1.0
100015287|F|0-63:T>C-63:T>C,,,0.4473684210526316,-0.05724734199863069,0.07729337262188178,-0.7406500720143754,0.460833607363371,0.5485625291748994,0.9582659503036184,1.0
100020460|F|0-46:A>G-46:A>G,,,0.08421052631578947,0.08277496954102498,0.11185290568764389,0.7400341460254879,0.4612053864546123,0.5476505372836732,0.9582659503036184,1.0
100013352|F|0-68:T>C-68:T>C,,,0.38421052631578945,-0.05230100010033105,0.07082390510163528,-0.7384653532628132,0.4621530948123092,0.5453310779695715,0.9582659503036184,1.0
100018009|F|0-24:G>T-24:G>T,,,0.06842105263157895,0.09035502982317344,0.12263467350563474,0.7367820799801931,0.46317118873859286,0.5428478333799396,0.9582659503036184,1.0
100030002|F|0-15:C>G-15:C>G,,,0.23684210526315788,0.0507131831371299,0.06883579466563672,0.7367269221407893,0.463204571339762,0.5427665578070405,0.9582659503036184,1.0
100022149|F|0-63:C>T-63:C>T,,,0.10526315789473684,-0.08451005757047829,0.11481227296362674,-0.7360716358019636,0.4636012677266966,0.5418014530321785,0.9582659503036184,1.0
100036017|F|0-28:C>A-28:C>A,,,0.26842105263157895,-0.05666596300675071,0.07701573860948024,-0.7357712076759259,0.4637832048281138,0.5413592700448904,0.9582659503036184,1.0
100015099|F|0-66:G>T-66:G>T,,,0.26842105263157895,-0.05706682683054338,0.07757367624896148,-0.7356468017242815,0.4638585560093247,0.5411762168871644,0.9582659503036184,1.0
100017158|F|0-22:G>A-22:G>A,Vu02 (old7),30259566.0,0.3,-0.05386029076682777,0.07322448481934674,-0.7355502862151552,0.46391701906125915,0.5410342235511967,0.9582659503036184,1.0
100015799|F|0-68:C>T-68:C>T,,,0.21052631578947367,-0.06856066272789896,0.09322147759141747,-0.7354599444174769,0.4639717462452523,0.5409013298425581,0.9582659503036184,1.0
100016903|F|0-35:A>G-35:A>G,,,0.07894736842105263,0.08131410648738999,0.11070984768779285,0.7344794359820611,0.46456595293132863,0.5394600418805267,0.9582659503036184,1.0
100039064|F|0-19:C>T-19:C>T,,,0.1368421052631579,0.07808282559931212,0.10654838157742184,0.7328391519731753,0.4655609579251119,0.5370532226647627,0.9582659503036184,1.0
100014707|F|0-12:T>C-12:T>C,,,0.32105263157894737,-0.050233665371023396,0.0685582418467438,-0.7327151924828607,0.46563620131339073,0.5368715532951955,0.9582659503036184,1.0
100013445|F|0-24:G>T-24:G>T,,,0.24736842105263157,0.06475260519453044,0.08854742903747581,0.7312759489281758,0.46651032465366893,0.534764513480804,0.9582659503036184,1.0
100038883|F|0-23:A>G-23:A>G,,,0.41578947368421054,0.055854997506400446,0.0763876764993453,0.7312042997783702,0.4665538648865436,0.5346597280143767,0.9582659503036184,1.0
100013484|F|0-22:G>A-22:G>A,,,0.17894736842105263,0.06277473097451204,0.0858735181074186,0.7310138487162895,0.46666961060446954,0.5343812470150022,0.9582659503036184,1.0
100045179|F|0-31:C>T-31:C>T,,,0.1368421052631579,-0.08065677012913809,0.11036433290090528,-0.7308227940050049,0.46678573946279334,0.5341019562372818,0.9582659503036184,1.0
100016053|F|0-57:T>C-57:T>C,,,0.24736842105263157,0.047781539959114376,0.0655420149979125,0.7290215285666181,0.46788140429493147,0.5314723891136083,0.9592774667954072,1.0
100030838|F|0-17:T>C-17:T>C,,,0.20652173913043478,0.053964237458458214,0.0741277919123669,0.72798927455244,0.46850995107175253,0.5299683838633878,0.9593298998135885,1.0
100034437|F|0-39:T>A-39:T>A,,,0.19473684210526315,0.06076079870545028,0.08376694354588755,0.7253553267365604,0.47011593202194446,0.5261403500251024,0.9600756793823205,1.0
100019497|F|0-27:C>T-27:C>T,,,0.08421052631578947,0.07922832753031153,0.10933243261764995,0.724655307061387,0.47054327025458126,0.5251253140522332,0.9600756793823205,1.0
100028785|F|0-15:C>T-15:C>T,,,0.14210526315789473,0.06607436562837483,0.09137175296663154,0.723137769420981,0.47147042375049,0.5229282335631518,0.9600756793823205,1.0
100056174|F|0-11:G>A-11:G>A,,,0.11052631578947368,0.07975705835014688,0.11034112591818698,0.7228225893696533,0.4716631142626446,0.5224724957030504,0.9600756793823205,1.0
100028488|F|0-19:T>C-19:T>C,,,0.08421052631578947,0.07851045748550878,0.10867261632302809,0.7224493174263639,0.47189137729539576,0.521933016249819,0.9600756793823205,1.0
100019295|F|0-19:G>T-19:G>T,,,0.14361702127659573,0.06982392670436934,0.09728919067209373,0.7176945991842598,0.4748043897096537,0.5150855376982554,0.9609809701880898,1.0
100029178|F|0-32:G>A-32:G>A,,,0.2578947368421053,-0.06427202454529989,0.0899082094171468,-0.7148626912042837,0.4765441374117599,0.5110286672758311,0.9609809701880898,1.0
100015553|F|0-28:T>C-28:T>C,,,0.2578947368421053,-0.06427202454529989,0.0899082094171468,-0.7148626912042837,0.4765441374117599,0.5110286672758311,0.9609809701880898,1.0
100030017|F|0-30:G>A-30:G>A,,,0.17894736842105263,-0.060935889844015274,0.08532455830556374,-0.7141658984719508,0.4769727470559353,0.5100329305402487,0.9609809701880898,1.0
100033254|F|0-20:A>G-20:A>G,,,0.23684210526315788,0.05278614958709954,0.07402989166721102,0.7130383200395705,0.47766679503069015,0.5084236458448529,0.9609809701880898,1.0
100014086|F|0-61:C>T-61:C>T,,,0.06842105263157895,0.08211140436364925,0.11525468515120743,0.712434416491823,0.4780387410521027,0.5075627978020444,0.9609809701880898,1.0
100033542|F|0-31:T>C-31:T>C,,,0.06842105263157895,0.0782144493704821,0.10980840767973057,0.7122810632005879,0.4781332174325942,0.5073443129941599,0.9609809701880898,1.0
100035121|F|0-27:C>T-27:C>T,,,0.21505376344086022,0.05559986670361105,0.07808149069978858,0.7120748618566217,0.4782602682755264,0.5070506088881269,0.9609809701880898,1.0
100028469|F|0-24:A>G-24:A>G,,,0.14736842105263157,-0.06950084801280407,0.09761768143290195,-0.711969870546207,0.4783249658199854,0.5069010965655827,0.9609809701880898,1.0
100021487|F|0-66:T>G-66:T>G,,,0.3736842105263158,-0.0642449431550139,0.09041351193238885,-0.7105679425776118,0.47918932502500255,0.5049068010189802,0.9609809701880898,1.0
100013950|F|0-50:T>C-50:T>C,Vu01 (old4),30947226.0,0.07368421052631578,0.09088297428584392,0.1282168032456835,0.708822650270713,0.4802665959376394,0.5024295495367975,0.9609809701880898,1.0
100013548|F|0-31:T>C-31:T>C,,,0.18947368421052632,-0.0576506567779478,0.08152338079417332,-0.7071671490599938,0.4812896830293069,0.5000853767096395,0.9609809701880898,1.0
100020211|F|0-33:C>A-33:C>A,,,0.3631578947368421,-0.05210087047737398,0.07371938142627057,-0.7067458986953377,0.4815502049189696,0.49948976532268047,0.9609809701880898,1.0
100017394|F|0-18:C>T-18:C>T,,,0.3684210526315789,0.05053644475814787,0.07152633985736838,0.7065431400365693,0.48167562862901275,0.4992032087327351,0.9609809701880898,1.0
100017843|F|0-41:T>C-41:T>C,,,0.4421052631578947,0.045347691741914754,0.0645976763133002,0.7020019036285055,0.4844895043968246,0.49280667269804546,0.9609809701880898,1.0
100014109|F|0-25:C>A-25:C>A,,,0.08421052631578947,-0.07954954368864897,0.11346222006899086,-0.7011104104985674,0.4850429600801432,0.49155580770946966,0.9609809701880898,1.0
100046856|F|0-65:C>A-65:C>A,,,0.06842105263157895,0.08982982951547078,0.12814711194075493,0.7009898869745966,0.48511781005532817,0.4913868216406578,0.9609809701880898,1.0
100015067|F|0-38:T>A-38:T>A,,,0.25,-0.051075657097351373,0.07322500023769105,-0.6975166532134914,0.4872775586627518,0.4865294815101501,0.9609809701880898,1.0
100014531|F|0-60:G>C-60:G>C,,,0.3882978723404255,0.045128103648514974,0.06473740538191215,0.697094722630387,0.48754028539753774,0.48594105231913615,0.9609809701880898,1.0
100035052|F|0-18:T>C-18:T>C,,,0.21978021978021978,0.05709941971127021,0.08202928292812299,0.6960858082997358,0.4881688288706151,0.4845354525162965,0.9609809701880898,1.0
100028946|F|0-30:A>G-30:A>G,,,0.3368421052631579,0.05485995183524402,0.07903140358001297,0.6941538344273831,0.4893736682789221,0.4818495458502388,0.9609809701880898,1.0
100034117|F|0-53:T>C-53:T>C,,,0.05172413793103449,0.09174876457115148,0.13243934356721823,0.6927606412107089,0.490243516469293,0.47991730601067256,0.9609809701880898,1.0
100046610|F|0-39:T>C-39:T>C,,,0.2789473684210526,0.0659000239180539,0.09526968494587416,0.6917208129269439,0.49089328982577535,0.4784776830363121,0.9609809701880898,1.0
100058965|F|0-54:C>G-54:C>G,,,0.46842105263157896,0.05550193807563151,0.08027901648526783,0.6913629551729347,0.4911170186371137,0.47798273578545325,0.9609809701880898,1.0
100040427|F|0-30:T>C-30:T>C,,,0.06315789473684211,-0.08615058741020001,0.12462995067648867,-0.6912510752237042,0.49118697620116164,0.4778280489979272,0.9609809701880898,1.0
100035964|F|0-51:G>A-51:G>A,,,0.23157894736842105,-0.05369392589011914,0.0778487308408655,-0.6897212749669304,0.4921440927909787,0.475715437142008,0.9609809701880898,1.0
100016982|F|0-43:C>A-43:C>A,,,0.12105263157894737,-0.0692893714392184,0.10047795495487408,-0.6895977477879316,0.49222142169245925,0.4755450537541877,0.9609809701880898,1.0
100043254|F|0-7:C>G-7:C>G,,,0.3,-0.05614036740062302,0.08155700388756863,-0.6883574030995054,0.49299825355043264,0.47383591440189504,0.9609809701880898,1.0
100020010|F|0-17:T>C-17:T>C,Vu03 (old3),2486590.0,0.07894736842105263,0.0837754347019965,0.12189267140917448,0.6872885279605988,0.49366822888659856,0.4723655206662468,0.9609809701880898,1.0
100017334|F|0-26:T>C-26:T>C,,,0.12631578947368421,-0.06304644753548137,0.09179740916877979,-0.6867998574944902,0.493974694531741,0.4716940442544521,0.9609809701880898,1.0
100014566|F|0-58:T>A-58:T>A,,,0.06842105263157895,-0.0856246330072507,0.12496672002974867,-0.6851794860813145,0.4949916372674029,0.46947092814665425,0.9609809701880898,1.0
100013004|F|0-22:T>A-22:T>A,,,0.19473684210526315,0.05785766714855632,0.08453309409573241,0.6844380626010614,0.4954573325653133,0.4684554615370945,0.9609809701880898,1.0
100021699|F|0-19:G>C-19:G>C,,,0.1631578947368421,-0.05900563503117548,0.08629246716815214,-0.6837866266611116,0.4958667020522937,0.4675641508005824,0.9609809701880898,1.0
100016813|F|0-35:C>T-35:C>T,,,0.22631578947368422,-0.05008321800282037,0.07326316572841776,-0.6836070691850241,0.4959795701966057,0.46731862503973837,0.9609809701880898,1.0
100013883|F|0-67:A>T-67:A>T,,,0.07368421052631578,0.07773678429793018,0.11387488860688877,0.6826508043075931,0.4965809040298578,0.4660121206218037,0.9609809701880898,1.0
100033981|F|0-18:C>A-18:C>A,,,0.05789473684210526,0.07957473677334251,0.11678340768234523,0.6813873507595227,0.4973760148333597,0.46428872177508085,0.9609809701880898,1.0
100016158|F|0-51:C>A-51:C>A,,,0.06315789473684211,-0.09143813122416969,0.13431349369343723,-0.6807814219535673,0.4977575796188428,0.463463344477121,0.9609809701880898,1.0
100014043|F|0-61:T>G-61:T>G,,,0.1736842105263158,-0.06034763976345675,0.08868372878869174,-0.6804815335093557,0.4979464836115264,0.46305511744724437,0.9609809701880898,1.0
100058916|F|0-28:C>T-28:C>T,,,0.12631578947368421,-0.07356503036996292,0.1081416968984813,-0.6802651750418024,0.49808279496857594,0.46276070837465405,0.9609809701880898,1.0
100058913|F|0-33:A>C-33:A>C,,,0.12631578947368421,-0.07356503036996292,0.1081416968984813,-0.6802651750418024,0.49808279496857594,0.46276070837465405,0.9609809701880898,1.0
100044760|F|0-9:A>T-9:A>T,Vu07 (old2),52829.0,0.3263157894736842,-0.05361561882714002,0.07887882541520981,-0.6797213136087291,0.4984255306786329,0.46202106417397626,0.9609809701880898,1.0
100017505|F|0-35:A>G-35:A>G,,,0.4842105263157894,-0.048283926198128595,0.07109461001330326,-0.6791503067404643,0.49878551033385116,0.4612451391456667,0.9609809701880898,1.0
100028477|F|0-24:T>G-24:T>G,,,0.08947368421052632,0.0769500946609579,0.11361179544057574,0.6773072669308037,0.49994837527812425,0.45874513383727494,0.9609809701880898,1.0
100051758|F|0-6:T>G-6:T>G,,,0.4842105263157895,-0.049370689629810886,0.07301704938461201,-0.6761528991640618,0.500677467336883,0.45718274304796597,0.9609809701880898,1.0
100029122|F|0-13:T>C-13:T>C,,,0.2,-0.05478279291565507,0.08103857649054616,-0.6760088255257785,0.5007685036311232,0.4569879321887424,0.9609809701880898,1.0
100035464|F|0-52:G>A-52:G>A,,,0.05789473684210526,-0.08854897358694501,0.13114684720635283,-0.6751894953876988,0.5012863860959613,0.4558808546818953,0.9609809701880898,1.0
100035486|F|0-5:T>C-5:T>C,,,0.17553191489361702,-0.05532672853759075,0.08197285129259947,-0.6749396619144521,0.5014443582862138,0.4555435472251949,0.9609809701880898,1.0
100017631|F|0-51:G>A-51:G>A,Vu03 (old3),64729430.0,0.14736842105263157,-0.05956801008798783,0.08825849689641839,-0.6749266323660351,0.5014525977346336,0.45552595907695714,0.9609809701880898,1.0
100035059|F|0-31:C>G-31:C>G,,,0.4105263157894737,-0.07763505828361725,0.11572113481209854,-0.6708805475307227,0.5040147279243907,0.45008070905512226,0.9609809701880898,1.0
100019303|F|0-21:A>G-21:A>G,Vu04 (old11),37777897.0,0.10526315789473684,0.06951916926968195,0.10369793212246746,0.6704007287973658,0.5043190320081661,0.4494371371720392,0.9609809701880898,1.0
100038511|F|0-6:G>A-6:G>A,,,0.05789473684210526,0.07959916170893402,0.11906021220596244,0.6685622361501868,0.5054859271205674,0.4469754636061382,0.9609809701880898,1.0
100034157|F|0-53:C>A-53:C>A,,,0.21578947368421053,-0.04948245947515933,0.07404558445185622,-0.6682702262595062,0.5056713993471371,0.44658509530493157,0.9609809701880898,1.0
100060605|F|0-5:C>T-5:C>T,,,0.07446808510638298,0.08134634163916238,0.12177476039275159,0.6680065834398009,0.5058388853039425,0.4462327955189157,0.9609809701880898,1.0
100033227|F|0-6:A>G-6:A>G,Vu08 (old5),23496197.0,0.43617021276595747,-0.04420730184405234,0.06632146850568363,-0.6665609619344278,0.5067577813409839,0.4443035159749497,0.9609809701880898,1.0
100032829|F|0-7:T>A-7:T>A,,,0.28421052631578947,0.054830219347288024,0.08227161482202094,0.6664536665033599,0.5068260182417076,0.44416048959577165,0.9609809701880898,1.0
100041567|F|0-33:A>T-33:A>T,,,0.4631578947368421,0.04636686583304637,0.06964644770220944,0.6657463138866656,0.5072759976255873,0.4432181544536827,0.9609809701880898,1.0
100017716|F|0-8:C>T-8:C>T,,,0.05263157894736842,-0.0944456859879542,0.14187073036374576,-0.6657164994203009,0.5072949686572705,0.44317845760041946,0.9609809701880898,1.0
100018760|F|0-65:A>G-65:A>G,,,0.49473684210526314,-0.05136928975277765,0.07717739272275573,-0.6656002222997025,0.5073689597473259,0.4430236559254134,0.9609809701880898,1.0
100014740|F|0-25:C>T-25:C>T,,,0.1368421052631579,-0.06218870277311235,0.09402576097928023,-0.661400685571866,0.5100451256431643,0.4374508668749344,0.9618901201529437,1.0
100015314|F|0-65:G>A-65:G>A,,,0.18947368421052632,-0.059617669972980174,0.0901949575888639,-0.6609867288228648,0.5103093266401084,0.4369034556799514,0.9618901201529437,1.0
100018758|F|0-12:C>T-12:C>T,,,0.2631578947368421,0.048981297212393846,0.07430991992115887,0.6591488359072636,0.5114832093506801,0.4344771878779007,0.9618901201529437,1.0
100020488|F|0-58:T>G-58:T>G,,,0.23684210526315788,0.04768537699585401,0.07240659496076958,0.658577813549861,0.5118482193489531,0.4337247365001155,0.9618901201529437,1.0
100018346|F|0-11:A>C-11:A>C,,,0.3526315789473684,-0.05691283853330334,0.0867559565614385,-0.6560107315858943,0.5134908600007361,0.4303500799558602,0.9618901201529437,1.0
100014140|F|0-33:C>G-33:C>G,,,0.08241758241758242,-0.06658355508441421,0.10173702699803686,-0.6544672775399563,0.514479836662123,0.4283274173705621,0.9618901201529437,1.0
100045027|F|0-42:C>G-42:C>G,,,0.24210526315789474,-0.05665914106694888,0.08661996287754573,-0.6541118142367213,0.5147077442732025,0.42786226552405493,0.9618901201529437,1.0
100040147|F|0-11:C>G-11:C>G,,,0.3736842105263158,0.06868951813242409,0.10531807252676698,0.6522101713831346,0.5159279004203258,0.42537810765561784,0.9618901201529437,1.0
100014347|F|0-68:T>C-68:T>C,,,0.11052631578947368,-0.06830072135765598,0.10478217253997042,-0.651835323719804,0.5161685947982995,0.4248892892489017,0.9618901201529437,1.0
100017923|F|0-57:A>G-57:A>G,,,0.41052631578947374,0.05052659256778148,0.0778103720633646,0.6493554937204944,0.5177624148779472,0.421662557224987,0.9618901201529437,1.0
100016627|F|0-41:T>C-41:T>C,,,0.11578947368421053,-0.054199258056730086,0.08349518389593495,-0.6491303513299865,0.5179072450032736,0.42137021301779176,0.9618901201529437,1.0
100020171|F|0-10:G>A-10:G>A,,,0.08421052631578947,0.07262180194333885,0.11203783722960642,0.6481899663460147,0.518512408335904,0.4201502324716476,0.9618901201529437,1.0
100035013|F|0-54:A>T-54:A>T,,,0.13978494623655913,-0.061364072496551875,0.09474058880591837,-0.6477062605369676,0.518823830841905,0.4195233999387821,0.9618901201529437,1.0
100034369|F|0-66:G>A-66:G>A,,,0.22631578947368422,-0.0704773141681262,0.10886425950676858,-0.6473870716379999,0.5190293868283976,0.41911002052402485,0.9618901201529437,1.0
100033749|F|0-66:A>C-66:A>C,,,0.22631578947368422,-0.0704773141681262,0.10886425950676858,-0.6473870716379999,0.5190293868283976,0.41911002052402485,0.9618901201529437,1.0
100039167|F|0-27:C>T-27:C>T,,,0.4263157894736842,0.04974567632782239,0.07685245613623401,0.6472880481482562,0.5190931661291454,0.4189818172755793,0.9618901201529437,1.0
100014107|F|0-10:A>C-10:A>C,,,0.07894736842105263,0.06537859886546434,0.10103651572628926,0.6470789139500494,0.5192278793350124,0.4187111208787754,0.9618901201529437,1.0
100034532|F|0-64:T>C-64:T>C,,,0.05263157894736842,0.09081622681915671,0.14063593965224908,0.6457540444051377,0.5200817164973734,0.41699828586559257,0.9618901201529437,1.0
100017630|F|0-52:A>T-52:A>T,,,0.15263157894736842,0.053180648414004966,0.08241905557721971,0.6452470007276313,0.5204086850150984,0.41634369194800386,0.9618901201529437,1.0
100014895|F|0-11:G>A-11:G>A,,,0.07894736842105263,0.0726174905305964,0.11261197426082613,0.6448469712679352,0.5206667211109728,0.4158276163534293,0.9618901201529437,1.0
100043997|F|0-34:A>G-34:A>G,,,0.19473684210526315,-0.05519853895789987,0.08564759687089044,-0.6444843868895582,0.5209006614170633,0.41536012494440977,0.9618901201529437,1.0
100018506|F|0-23:C>T-23:C>T,,,0.24736842105263157,0.05619906545489268,0.08725229957896047,0.6440983873901727,0.5211497696868872,0.41486273263862095,0.9618901201529437,1.0
100051141|F|0-11:G>A-11:G>A,,,0.3473684210526316,0.06890027365143046,0.10725085216860884,0.6424216895089326,0.5222325651116818,0.41270562715151143,0.9620553072487942,1.0
100051794|F|0-60:T>C-60:T>C,Vu09 (old8),3361921.0,0.42105263157894735,0.04329517465869135,0.06742879580463763,0.6420873180670621,0.5224486395116016,0.4122761240225526,0.9620553072487942,1.0
100029079|F|0-11:G>A-11:G>A,,,0.06842105263157895,-0.08109366328293408,0.12735828739383945,-0.6367364459932014,0.5259127735877859,0.4054333016560531,0.9641751554113848,1.0
100019141|F|0-40:G>A-40:G>A,,,0.1631578947368421,0.05147408535037633,0.0811259862731172,0.6344956494838121,0.5273669953538284,0.40258472921388455,0.9641751554113848,1.0
100015053|F|0-21:C>T-21:C>T,,,0.39361702127659576,0.04074969302354807,0.06422769053188256,0.6344567691301304,0.5273922461409603,0.40253539189504356,0.9641751554113848,1.0
100035988|F|0-45:C>A-45:C>A,,,0.21578947368421053,0.05336241546365217,0.08413146496088922,0.6342741742160216,0.5275108405193207,0.40230372807741616,0.9641751554113848,1.0
100058466|F|0-35:C>T-35:C>T,,,0.324468085106383,-0.03804140243908863,0.060112113683523635,-0.6328408719641403,0.5284422423961512,0.4004875692283334,0.9641751554113848,1.0
100017269|F|0-12:A>G-12:A>G,,,0.11578947368421053,0.08628698804173614,0.13653581847043766,0.6319732727161169,0.5290064473081303,0.3993902174275195,0.9641751554113848,1.0
100019738|F|0-47:G>A-47:G>A,,,0.28421052631578947,0.04996021677399255,0.07946330919966867,0.6287205664749848,0.5311244723574984,0.3952895507086257,0.9641751554113848,1.0
100034291|F|0-11:A>T-11:A>T,,,0.07368421052631578,-0.07182518567714075,0.11437385628526707,-0.6279860451500123,0.5316033662601809,0.3943664729031533,0.9641751554113848,1.0
100015331|F|0-40:A>G-40:A>G,,,0.43157894736842106,-0.042901844987999975,0.0683768737721362,-0.6274320924786505,0.5319646799819889,0.3936710306721378,0.9641751554113848,1.0
100053824|F|0-47:A>G-47:A>G,,,0.24736842105263157,-0.05367557736282682,0.0856178981971249,-0.626920054020075,0.5322987677607355,0.39302875413253374,0.9641751554113848,1.0
100018462|F|0-57:G>T-57:G>T,,,0.09473684210526316,0.06501178305845168,0.10396454361048543,0.6253264892117976,0.5333392056481936,0.3910332181099524,0.9641751554113848,1.0
100034117|F|0-6:C>A-6:C>A,,,0.28421052631578947,-0.04419116645255092,0.07072804991478054,-0.6248039710665906,0.5336805849819799,0.39038000226058095,0.9641751554113848,1.0
100058671|F|0-36:C>G-36:C>G,Vu05 (old1),1696325.0,0.3368421052631579,-0.04118072939845655,0.06597755508181116,-0.6241627072629938,0.5340996983642151,0.3895790851378697,0.9641751554113848,1.0
100035791|F|0-16:G>A-16:G>A,Vu09 (old8),36664091.0,0.3736842105263158,0.0789690388189794,0.1268224422177025,0.6226740113033127,0.53507332249156,0.38772292435255795,0.9641751554113848,1.0
100029328|F|0-28:G>C-28:G>C,,,0.39473684210526316,0.045768882296857875,0.073582341354018,0.6220090507402513,0.535508508070436,0.38689525920278844,0.9641751554113848,1.0
100019329|F|0-51:C>A-51:C>A,,,0.3263157894736842,-0.05193029367793466,0.08349751631085135,-0.6219381841802855,0.5355548976083582,0.3868071049414707,0.9641751554113848,1.0
100035727|F|0-32:C>A-32:C>A,Vu08 (old5),17172753.0,0.22631578947368422,-0.06309760028517132,0.1014890341859021,-0.6217184032867291,0.5356987801648877,0.3865337729853999,0.9641751554113848,1.0
100043426|F|0-30:G>A-30:G>A,,,0.4263157894736842,-0.042840141276404405,0.06891419113649504,-0.6216446942191194,0.5357470392431617,0.38644212585078247,0.9641751554113848,1.0
100016318|F|0-42:A>T-42:A>T,,,0.4842105263157895,0.054093936242629294,0.08701818291941364,0.6216394600278536,0.5357504662772377,0.38643561826372147,0.9641751554113848,1.0
100046739|F|0-18:T>G-18:T>G,,,0.05789473684210526,0.08086385150720675,0.13047340717849837,0.6197726667517646,0.5369734459832419,0.38411815845259384,0.9641751554113848,1.0
100020177|F|0-41:C>G-41:C>G,,,0.24210526315789474,0.045655691762231346,0.07377571622295007,0.6188444396020493,0.5375820799457174,0.3829684404263744,0.9641751554113848,1.0
100018930|F|0-63:C>G-63:C>G,Vu09 (old8),30816607.0,0.08947368421052632,0.06683690318869419,0.10802693077283905,0.6187059348121259,0.5376729270502678,0.38279703377174656,0.9641751554113848,1.0
100016869|F|0-59:G>C-59:G>C,,,0.1368421052631579,-0.05680251277727304,0.09190602287687316,-0.618049949276682,0.5381033030084162,0.38198573980090916,0.9641751554113848,1.0
100041891|F|0-46:G>A-46:G>A,,,0.10526315789473684,0.06236689763177823,0.10106574046932532,0.6170923731638551,0.5387318605547502,0.3808029970169986,0.9641751554113848,1.0
100020593|F|0-8:G>C-8:G>C,,,0.20526315789473684,0.05212766530685986,0.0845713665280359,0.6163748730438124,0.5392030762452075,0.3799179841197759,0.9641751554113848,1.0
100029409|F|0-44:A>G-44:A>G,,,0.06842105263157895,0.08109836189348896,0.13168843932396404,0.6158350900793997,0.5395577151590223,0.3792528581731024,0.9641751554113848,1.0
100030430|F|0-19:A>C-19:A>C,,,0.25263157894736843,0.049626035040174064,0.08066395473579911,0.6152194645392182,0.5399623277633839,0.3784949895479223,0.9641751554113848,1.0
100021979|F|0-26:G>A-26:G>A,,,0.21052631578947367,0.05351392534195138,0.08723356316575637,0.613455686090309,0.5411224044259283,0.37632787879653173,0.9651633917507308,1.0
100034599|F|0-15:A>G-15:A>G,,,0.3736842105263158,-0.060362077159079056,0.0987986424074102,-0.6109605930632881,0.542765642303645,0.3732728462762447,0.9657886307822763,1.0
100019065|F|0-15:C>T-15:C>T,,,0.4105263157894737,-0.0475438030857725,0.07786245693004859,-0.6106126747128686,0.5429949777700347,0.3728478385200035,0.9657886307822763,1.0
100012937|F|0-46:C>T-46:C>T,,,0.07894736842105263,0.07290525677074065,0.11948565388148964,0.6101590810479292,0.5432940443432667,0.3722941041852534,0.9657886307822763,1.0
100038530|F|0-18:T>G-18:T>G,,,0.42105263157894735,0.0426979851989665,0.07026649525917128,0.6076578181604055,0.5449446907784654,0.3692480239714645,0.9671511388832115,1.0
100016465|F|0-15:G>A-15:G>A,,,0.13978494623655913,-0.050872885370822414,0.0837888477698309,-0.6071558056338348,0.5452762863471029,0.36863817231487095,0.9671511388832115,1.0
100019409|F|0-55:T>C-55:T>C,Vu08 (old5),17257027.0,0.2,-0.06837784691930354,0.11293887013894711,-0.6054412164313246,0.5464095953941666,0.3665590665538421,0.9674934346563191,1.0
100016397|F|0-22:A>T-22:A>T,,,0.07368421052631578,0.07815132153559959,0.12932067527547125,0.604321941322424,0.5471500533554786,0.36520500876370326,0.9674934346563191,1.0
100045148|F|0-42:T>C-42:T>C,,,0.1827956989247312,0.04802311207352334,0.07949463508514816,0.6041050697582913,0.547293583400809,0.36494293530766997,0.9674934346563191,1.0
100036101|F|0-41:G>C-41:G>C,,,0.4631578947368421,0.04140044516604078,0.06867474586789384,0.6028481742863779,0.5481257953713676,0.3634259212404191,0.9678891680753007,1.0
100021166|F|0-38:T>C-38:T>C,,,0.3684210526315789,0.04261431655599505,0.07085085325065887,0.6014651144035271,0.5490422770382593,0.36176028384444797,0.9680354997627918,1.0
100016059|F|0-15:A>T-15:A>T,,,0.08421052631578947,-0.07109123982748367,0.11831048635017012,-0.6008870559205629,0.5494255539194224,0.3610652539728817,0.9680354997627918,1.0
100035576|F|0-54:C>T-54:C>T,,,0.11052631578947368,0.07078195877291749,0.11827489133316531,0.598452959669468,0.5510409314329068,0.35814594493714585,0.9690564856619092,1.0
100020369|F|0-25:G>C-25:G>C,,,0.49473684210526314,-0.04100715427133759,0.06867703420425104,-0.5971014145628217,0.5519389029203836,0.3565300992729227,0.9690564856619092,1.0
100021940|F|0-35:G>A-35:G>A,,,0.3368421052631579,0.040905354791035964,0.0686981814978542,0.5954357728131953,0.5530465656153639,0.3545437595456471,0.9690564856619092,1.0
100054502|F|0-47:T>C-47:T>C,,,0.21578947368421053,0.0528315933078683,0.08910346499613417,0.5929241170381022,0.5547189256812801,0.3515590085654131,0.9690564856619092,1.0
100015063|F|0-34:T>C-34:T>C,,,0.06451612903225806,0.06573628709597995,0.11087394469841717,0.5928921107189433,0.5547402529709896,0.35152105495276376,0.9690564856619092,1.0
100055734|F|0-19:T>C-19:T>C,,,0.06842105263157895,0.0762349065043958,0.12880111621564663,0.5918807906661204,0.5554143521142747,0.3503228703595519,0.9690564856619092,1.0
100021541|F|0-63:C>G-63:C>G,,,0.12105263157894737,0.05575788240646995,0.09479598348448726,0.5881882370638031,0.5578790860629463,0.3459654022202246,0.9690564856619092,1.0
100056408|F|0-52:A>T-52:A>T,,,0.4368421052631579,0.040968947268968596,0.06976731668284382,0.5872226311241104,0.5585245073248742,0.34483041850432306,0.9690564856619092,1.0
100015585|F|0-38:T>C-38:T>C,,,0.38421052631578945,-0.04269451415000556,0.07294475064803708,-0.5852993364253066,0.5598111561785962,0.34257531321990425,0.9690564856619092,1.0
100021345|F|0-28:C>T-28:C>T,,,0.48947368421052634,-0.047588621139443864,0.08142659704708302,-0.58443583380903,0.5603892985829959,0.3415652438400561,0.9690564856619092,1.0
100039244|F|0-37:G>C-37:G>C,,,0.35789473684210527,0.054616063037385844,0.09353156230080405,0.5839319016369765,0.5607268330201457,0.3409764657493756,0.9690564856619092,1.0
100014890|F|0-17:C>T-17:C>T,,,0.07894736842105263,-0.07018514819256438,0.12024987171010078,-0.5836608987140313,0.5609083925159513,0.34066004468767064,0.9690564856619092,1.0
100033142|F|0-41:A>C-41:A>C,,,0.43010752688172044,0.04102231082646652,0.07058045603312453,0.5812134566998844,0.562549375448264,0.33780908224902845,0.9690564856619092,1.0
100022008|F|0-51:G>C-51:G>C,,,0.3157894736842105,-0.03796843201528877,0.06548189849250069,-0.5798309592327581,0.5634773652051928,0.33620394128478037,0.9690564856619092,1.0
100033466|F|0-26:G>A-26:G>A,,,0.12105263157894737,-0.05820346706632046,0.10047471688120525,-0.5792847083623678,0.5638442381769206,0.3355707733424735,0.9690564856619092,1.0
100018223|F|0-41:G>A-41:G>A,Vu09 (old8),16423359.0,0.21578947368421053,0.04306723914755833,0.07477078805707989,0.5759901729894952,0.56605939122416,0.33176467938046855,0.9690564856619092,1.0
100021941|F|0-59:G>A-59:G>A,,,0.2736842105263158,0.0454794072766726,0.07898468476794096,0.5758003264847137,0.566187167997511,0.33154601597990285,0.9690564856619092,1.0
100046187|F|0-5:T>A-5:T>A,,,0.4,-0.0486738131018479,0.0847303547521877,-0.5744554385993665,0.5670927516796366,0.3299990509363906,0.9690564856619092,1.0
100053981|F|0-26:G>A-26:G>A,,,0.22105263157894736,-0.06294157733239344,0.10977809840721733,-0.5733527747849508,0.5678357592598088,0.32873340435360254,0.9690564856619092,1.0
100018705|F|0-34:T>C-34:T>C,Vu07 (old2),39159477.0,0.35789473684210527,-0.04478975402013706,0.07824298985475404,-0.57244430591523,0.5684482682229721,0.3276924833747694,0.9690564856619092,1.0
100035489|F|0-33:C>A-33:C>A,,,0.11170212765957448,0.05717718351153507,0.0999072215001252,0.5723028090763531,0.5685436972896694,0.3275305052766847,0.9690564856619092,1.0
100035374|F|0-23:A>G-23:A>G,,,0.43258426966292135,-0.03991402204905244,0.06997488747896877,-0.5704049479329104,0.5698244151355446,0.32536180462634623,0.9690564856619092,1.0
100035956|F|0-57:T>G-57:T>G,,,0.30526315789473685,-0.042672516434862286,0.07484525849680697,-0.5701432167100174,0.57000114676633,0.3250632875604459,0.9690564856619092,1.0
100034510|F|0-47:C>T-47:C>T,,,0.22105263157894736,-0.0480409758221058,0.08426687499720555,-0.570105107418531,0.57002688193558,0.3250198335046948,0.9690564856619092,1.0
100019628|F|0-65:T>G-65:T>G,,,0.3526315789473684,0.04078669678714063,0.07156376206347316,0.5699350566696738,0.5701417239133724,0.3248259688210643,0.9690564856619092,1.0
100028940|F|0-16:C>T-16:C>T,,,0.3368421052631579,0.03887781707529829,0.06823672670673143,0.5697491505181338,0.5702672865009879,0.3246140945161351,0.9690564856619092,1.0
100045141|F|0-49:C>T-49:C>T,,,0.32105263157894737,-0.04450399414709472,0.07831299573348988,-0.5682836383701636,0.5712575747352102,0.3229462936392309,0.9690564856619092,1.0
100035075|F|0-30:T>C-30:T>C,,,0.19473684210526315,0.050525442305333665,0.08897745537931948,0.5678454400605055,0.5715538392968419,0.3224484437975092,0.9690564856619092,1.0
100020777|F|0-46:A>G-46:A>G,,,0.45789473684210524,0.0350655911176534,0.061781770630004465,0.5675718057297586,0.5717388803241962,0.32213775465933886,0.9690564856619092,1.0
100029976|F|0-21:C>T-21:C>T,,,0.05789473684210526,0.07002837213833754,0.12366177919413487,0.5662895406704523,0.5726063780589737,0.3206838438727519,0.9690564856619092,1.0
100016234|F|0-15:C>T-15:C>T,Vu06 (old6),20274938.0,0.15789473684210525,-0.04840991046301367,0.08551060348619577,-0.5661275735333645,0.5727159997468808,0.32050042951477503,0.9690564856619092,1.0
100035283|F|0-38:G>T-38:G>T,,,0.3263157894736842,-0.04100716804239438,0.07264084062594581,-0.5645194588751423,0.573804944026995,0.3186822194486835,0.9690564856619092,1.0
100034454|F|0-32:T>C-32:T>C,Vu05 (old1),11968566.0,0.19473684210526315,0.05119827256510988,0.0907642351139684,0.56407981074068,0.5741028278764986,0.3181860328852414,0.9690564856619092,1.0
100020853|F|0-67:A>G-67:A>G,,,0.10526315789473684,0.05351864446297509,0.0950767656522374,0.5628992961196263,0.5749030544377582,0.3168556175719707,0.9690564856619092,1.0
100014343|F|0-46:C>T-46:C>T,,,0.07894736842105263,-0.07227955972084449,0.12848352695738127,-0.562558963257757,0.5751338528757847,0.3164725871416424,0.9690564856619092,1.0
100015308|F|0-63:C>T-63:C>T,,,0.4,-0.037204299379655165,0.06621376983519119,-0.561881606684806,0.5755933381168059,0.31571093993069904,0.9690564856619092,1.0
100033896|F|0-41:A>G-41:A>G,,,0.4883720930232558,-0.03541512686327945,0.06305108803395769,-0.561689385030212,0.575723763901403,0.31549496525561777,0.9690564856619092,1.0
100034297|F|0-63:T>C-63:T>C,,,0.06315789473684211,-0.0675855513668595,0.1206135653306372,-0.5603478446357808,0.5766344176360566,0.31398970698796513,0.9690564856619092,1.0
100035052|F|0-17:C>T-17:C>T,,,0.08522727272727272,0.06735816095781091,0.12024338773155148,0.5601818297750467,0.5767471585191104,0.3138036824101194,0.9690564856619092,1.0
100033734|F|0-65:A>G-65:A>G,,,0.12631578947368421,0.05104155655185198,0.09130839463084797,0.5590017955984072,0.5775488253989843,0.31248300748224345,0.9690564856619092,1.0
100034945|F|0-61:G>A-61:G>A,,,0.4789473684210526,0.039454548584746445,0.07074016051604712,0.5577390310811684,0.5784072862419337,0.31107282679136056,0.9690564856619092,1.0
100014038|F|0-34:G>C-34:G>C,,,0.1,0.05875593662829471,0.10543179788870831,0.5572885771170885,0.5787136643285765,0.310570558185189,0.9690564856619092,1.0
100019242|F|0-32:A>G-32:A>G,,,0.4473684210526316,-0.04292209770259969,0.07714014975345627,-0.5564170907080274,0.5793066293317812,0.30959997883198515,0.9690564856619092,1.0
100013326|F|0-33:T>A-33:T>A,,,0.20526315789473684,-0.04486179301307414,0.08075186772189154,-0.5555511504399826,0.5798961077482762,0.3086370807551882,0.9690564856619092,1.0
100033527|F|0-13:C>T-13:C>T,,,0.43157894736842106,-0.04655983151485802,0.08411810420863321,-0.5535054784327806,0.58128980897023,0.3063683146551014,0.9690564856619092,1.0
100034584|F|0-9:T>C-9:T>C,,,0.43157894736842106,-0.04655983151485802,0.08411810420863321,-0.5535054784327806,0.58128980897023,0.3063683146551014,0.9690564856619092,1.0
100017587|F|0-60:T>A-60:T>A,,,0.12631578947368421,0.07400107034999748,0.1339691420080243,0.5523739962861378,0.5820613630647502,0.3051170317731182,0.9690564856619092,1.0
100013415|F|0-20:G>A-20:G>A,Vu07 (old2),385652.0,0.1631578947368421,-0.048130309565159964,0.08716686266487987,-0.552162921707999,0.5822053479687741,0.3048838921091138,0.9690564856619092,1.0
100035996|F|0-47:A>G-47:A>G,,,0.32105263157894737,0.0402403120343077,0.07290449534743486,0.5519592700359259,0.5823442853537197,0.3046590357785922,0.9690564856619092,1.0
100041089|F|0-45:A>G-45:A>G,,,0.32105263157894737,0.0402403120343077,0.07290449534743486,0.5519592700359259,0.5823442853537197,0.3046590357785922,0.9690564856619092,1.0
100013120|F|0-6:A>G-6:A>G,,,0.08421052631578947,-0.07064110357263347,0.1281316101099787,-0.5513167555765541,0.5827827314628291,0.3039501649794579,0.9690564856619092,1.0
100040047|F|0-6:G>A-6:G>A,,,0.26842105263157895,-0.041521341372294844,0.07553541857235285,-0.5496936689709734,0.5838910081077718,0.30216312970677006,0.9690564856619092,1.0
100021376|F|0-67:G>C-67:G>C,,,0.25263157894736843,-0.04947443807809838,0.09013408817404883,-0.5488981924636913,0.584434539836338,0.3012892256899075,0.9690564856619092,1.0
100041804|F|0-61:A>T-61:A>T,,,0.3103448275862069,-0.03707087462579116,0.06755245009470512,-0.5487717258784791,0.58452097373736,0.3011504071236446,0.9690564856619092,1.0
100016293|F|0-58:A>G-58:A>G,,,0.39473684210526316,-0.038908563818421615,0.07106551724295523,-0.5475027176035737,0.5853886150991928,0.2997592257832986,0.9690564856619092,1.0
100059436|F|0-49:A>C-49:A>C,,,0.3157894736842105,0.0577909540952075,0.10609155052688729,0.5447272078520642,0.5872883925079422,0.29672773097430594,0.9690564856619092,1.0
100059437|F|0-44:G>C-44:G>C,,,0.3157894736842105,0.0577909540952075,0.10609155052688729,0.5447272078520642,0.5872883925079422,0.29672773097430594,0.9690564856619092,1.0
100034022|F|0-63:A>C-63:A>C,,,0.1802325581395349,-0.046796291725454665,0.08591627774462021,-0.5446731743262108,0.5873254060874524,0.2966688668305908,0.9690564856619092,1.0
100013199|F|0-52:T>C-52:T>C,,,0.1,0.05406266677047348,0.09932970337449286,0.5442749241548261,0.5875982458422183,0.29623519306374174,0.9690564856619092,1.0
100035792|F|0-26:T>C-26:T>C,,,0.4421052631578947,-0.03886538694770261,0.07149530631559543,-0.5436075310474586,0.5880556080805419,0.2955091478115137,0.9690564856619092,1.0
100020682|F|0-60:A>G-60:A>G,,,0.49473684210526314,0.03701686521876312,0.06817046981731086,0.5430044023161954,0.5884690740368149,0.2948537809347686,0.9690564856619092,1.0
100022081|F|0-44:A>C-44:A>C,,,0.34210526315789475,-0.03627122382616093,0.06683925564477428,-0.542663491331037,0.5887028408919487,0.29448366482359045,0.9690564856619092,1.0
100040406|F|0-33:C>T-33:C>T,,,0.28260869565217395,-0.04088569382651314,0.07544415575267656,-0.5419332142909244,0.5892037475104559,0.29369160875169303,0.9690564856619092,1.0
100043501|F|0-12:T>G-12:T>G,,,0.4368421052631579,0.03785246062720099,0.07001317055822837,0.5406477142142843,0.5900859742688744,0.2922999508851304,0.9690564856619092,1.0
100036086|F|0-33:A>G-33:A>G,,,0.4368421052631579,0.03785246062720099,0.07001317055822837,0.5406477142142843,0.5900859742688744,0.2922999508851304,0.9690564856619092,1.0
100014587|F|0-36:A>C-36:A>C,,,0.07894736842105263,0.060442346567755316,0.11200703284222449,0.5396299235325313,0.590784913080198,0.29120045437172554,0.9690564856619092,1.0
100034540|F|0-15:G>A-15:G>A,,,0.22105263157894736,0.04148616428278187,0.0769413693974644,0.5391919146704067,0.5910858223517514,0.2907279208459392,0.9690564856619092,1.0
100014423|F|0-36:C>T-36:C>T,,,0.1736842105263158,-0.055626164351607305,0.1034399593026111,-0.5377628213181552,0.5920680982128795,0.2891888519920621,0.9690564856619092,1.0
100038653|F|0-19:G>C-19:G>C,Vu03 (old3),39667683.0,0.12105263157894737,-0.05434264964235372,0.10129718517092737,-0.5364675193161265,0.5929590712801035,0.2877973992811985,0.9690564856619092,1.0
100018158|F|0-47:G>T-47:G>T,contig_292,2803.0,0.18947368421052632,0.05078637783960682,0.09470808926687557,0.5362411831210864,0.5931148206566597,0.2875546064751025,0.9690564856619092,1.0
100035886|F|0-65:A>C-65:A>C,,,0.13157894736842105,-0.06035772105356455,0.11259833656198472,-0.5360445180319159,0.5932501678407917,0.287343725312069,0.9690564856619092,1.0
100018789|F|0-23:A>C-23:A>C,,,0.13157894736842105,0.05224342058443045,0.09766718826304381,0.5349127123812039,0.5940293689841984,0.2861316098670165,0.9691450502710377,1.0
100021232|F|0-6:T>G-6:T>G,,,0.08064516129032258,0.06743484559506792,0.1262944405786197,0.5339494382026181,0.5946929178994423,0.2851020025568915,0.9691450502710377,1.0
100021104|F|0-25:C>T-25:C>T,,,0.07368421052631578,0.06252040953780966,0.11734773872255813,0.5327789884867304,0.5954996421466745,0.28385345057294364,0.9691450502710377,1.0
100020403|F|0-39:T>G-39:T>G,,,0.16842105263157894,0.04429349602634292,0.08319136347586074,0.532429018779039,0.5957409548491985,0.2834806600380103,0.9691450502710377,1.0
100013788|F|0-18:C>T-18:C>T,,,0.07894736842105263,0.06374541472395405,0.12045371722902048,0.5292108553425041,0.5979620795477131,0.2800641294123448,0.9696367342563791,1.0
100038400|F|0-11:G>A-11:G>A,,,0.4789473684210527,0.03472218233350397,0.06563131688660061,0.5290489964340926,0.59807389289946,0.2798928406279206,0.9696367342563791,1.0
100016920|F|0-66:T>A-66:T>A,,,0.28421052631578947,-0.03758607547749279,0.07112097215787617,-0.5284809014429421,0.5984664135648042,0.2792920631899447,0.9696367342563791,1.0
100019383|F|0-67:A>T-67:A>T,,,0.18421052631578946,0.05458024973093787,0.10335392398410559,0.5280907354744612,0.5987360644249623,0.2788798248939573,0.9696367342563791,1.0
100020579|F|0-68:T>C-68:T>C,Vu03 (old3),51968724.0,0.39473684210526316,-0.03998487862288215,0.07578949891087035,-0.5275780840021782,0.5990904524035328,0.2783386347194094,0.9696367342563791,1.0
100017539|F|0-11:A>T-11:A>T,,,0.07368421052631578,-0.06908507475922561,0.13157307799665383,-0.5250699900855293,0.6008256502111027,0.2756984944884179,0.9714569202092118,1.0
100013667|F|0-32:C>A-32:C>A,,,0.17894736842105263,0.04480622083653441,0.08561355649446908,0.5233542755513146,0.6020139770425518,0.2738996977378414,0.9723900888068019,1.0
100015801|F|0-31:A>T-31:A>T,,,0.15789473684210525,-0.048487542431102204,0.09310241821895364,-0.5207978842941717,0.6037865632356265,0.2712304362852855,0.973239424873014,1.0
100022134|F|0-54:T>C-54:T>C,,,0.3031914893617021,0.03551071634442124,0.06836259525957347,0.5194465805399383,0.6047245113788903,0.26982475003463463,0.973239424873014,1.0
100035973|F|0-34:C>T-34:C>T,,,0.05263157894736842,0.06780286435417052,0.13070247357866158,0.5187573157394321,0.6052031900392494,0.2691091526331808,0.973239424873014,1.0
100019308|F|0-53:A>G-53:A>G,,,0.1276595744680851,0.04679181515594181,0.0902072831896924,0.5187143820476849,0.6052330122187491,0.26906461014311167,0.973239424873014,1.0
100034493|F|0-32:C>T-32:C>T,,,0.14736842105263157,0.04893742816632622,0.09443944238684715,0.5181884489095827,0.6055983850561181,0.2685192685833192,0.973239424873014,1.0
100015904|F|0-54:T>C-54:T>C,,,0.1,-0.06047792316683522,0.11701990879349888,-0.5168173842415019,0.606551353980667,0.26710020865422823,0.9737872897913633,1.0
100018446|F|0-67:T>A-67:T>A,,,0.11052631578947368,0.06335098044049099,0.1234563372274079,0.5131448240182098,0.6091073463859722,0.2633176104166795,0.9739566812567312,1.0
100044399|F|0-36:G>A-36:G>A,,,0.35789473684210527,0.03961668538591642,0.07730432299819195,0.5124769721719574,0.6095726744405471,0.2626326470065372,0.9739566812567312,1.0
100019357|F|0-62:A>C-62:A>C,Vu11 (old9),27999283.0,0.3526315789473684,0.03953507555759236,0.07726349187949462,0.5116915453323536,0.6101201287497654,0.2618282375646121,0.9739566812567312,1.0
100043431|F|0-17:C>G-17:C>G,,,0.2789473684210526,-0.03765991015845568,0.07374959694197217,-0.5106456403834632,0.6108494846055538,0.2607589700426372,0.9739566812567312,1.0
100014225|F|0-25:G>A-25:G>A,,,0.12631578947368421,0.05412897993633222,0.10600816381254657,0.5106114283051642,0.6108733488416798,0.26072403071583977,0.9739566812567312,1.0
100020750|F|0-37:T>C-37:T>C,Vu09 (old8),38249509.0,0.3526315789473684,0.02998744366602851,0.05878894897060178,0.5100864055423774,0.6112396250495934,0.2601881411191427,0.9739566812567312,1.0
100035010|F|0-32:A>C-32:A>C,,,0.12631578947368421,0.04984211679942335,0.09812997023330519,0.5079194121930651,0.6127524492983436,0.2579821292825488,0.9739566812567312,1.0
100035151|F|0-30:T>C-30:T>C,,,0.06315789473684211,0.07128697115133953,0.1408557263776207,0.5060992050846835,0.6140244729166584,0.25613640538734855,0.9739566812567312,1.0
100020311|F|0-17:G>A-17:G>A,,,0.05789473684210526,-0.07035518017360542,0.13945692289265887,-0.5044939950937996,0.6151472300481935,0.25451419108570267,0.9739566812567312,1.0
100016631|F|0-38:C>G-38:C>G,,,0.3263157894736842,-0.04055308647140499,0.0805267158749874,-0.503597918166203,0.6157743861639344,0.25361086318133375,0.9739566812567312,1.0
100029063|F|0-9:C>T-9:C>T,,,0.08947368421052632,-0.05231013530895284,0.10394739202182625,-0.5032366304867858,0.616027328892919,0.2532471062636938,0.9739566812567312,1.0
100029143|F|0-26:C>T-26:C>T,,,0.15263157894736842,-0.043480741179411184,0.08645361170129423,-0.5029372437283643,0.6162369690288148,0.2529458711290842,0.9739566812567312,1.0
100019698|F|0-15:C>A-15:C>A,Vu07 (old2),37885937.0,0.2578947368421053,-0.03747475056452094,0.07457032757027483,-0.5025423889844772,0.6165135075568425,0.2525488527262256,0.9739566812567312,1.0
100016306|F|0-56:A>G-56:A>G,,,0.18421052631578946,-0.048254712635543644,0.09623887547295834,-0.5014056159571657,0.6173099611832503,0.2514075917133847,0.9739566812567312,1.0
100034274|F|0-23:G>T-23:G>T,,,0.4631578947368421,-0.039531681731633364,0.0791625051051407,-0.4993738093448262,0.6187346393313001,0.24937420145956285,0.9739566812567312,1.0
100017140|F|0-53:T>C-53:T>C,,,0.11052631578947368,0.056206941365586315,0.11257119690858479,0.4993012680786369,0.6187855313753268,0.24930175630493484,0.9739566812567312,1.0
100015162|F|0-62:C>T-62:C>T,,,0.12105263157894737,0.04760628912788317,0.09547963887352111,0.49860147869794247,0.6192765709685527,0.24860343455977477,0.9739566812567312,1.0
100020957|F|0-56:G>A-56:G>A,,,0.06842105263157895,0.06266842411040316,0.12575519395619122,0.49833666617567046,0.6194624340002561,0.24833943285508162,0.9739566812567312,1.0
100022089|F|0-61:C>T-61:C>T,,,0.05813953488372093,0.05952324388394218,0.11949034189536592,0.49814271965231205,0.6195985742544142,0.24814616914260196,0.9739566812567312,1.0
100038927|F|0-38:C>G-38:C>G,,,0.28421052631578947,0.0412259459850736,0.08293201326866402,0.4971053319484634,0.6203269909423966,0.247113711051592,0.9739566812567312,1.0
100046287|F|0-24:C>T-24:C>T,,,0.22631578947368422,-0.03479990340582339,0.0701917853939959,-0.49578313488518444,0.6212559397117802,0.24580091683658098,0.9739566812567312,1.0
100034432|F|0-24:T>A-24:T>A,,,0.12631578947368421,-0.06196444832686114,0.125385089093606,-0.49419311957103373,0.6223738654948641,0.24422683943135004,0.9739566812567312,1.0
100038558|F|0-29:G>A-29:G>A,,,0.08947368421052632,-0.05731274251814065,0.11651956261216768,-0.49187227649407345,0.624007219969795,0.24193833638346224,0.9739566812567312,1.0
100044377|F|0-51:A>T-51:A>T,,,0.1,-0.058208874423628564,0.11863996056592539,-0.49063464068907275,0.6248790083313563,0.24072235064409553,0.9739566812567312,1.0
100020014|F|0-36:G>C-36:G>C,,,0.3894736842105263,0.033518907581726244,0.06844237354588663,0.48973911694125816,0.625510146634035,0.23984440266240334,0.9739566812567312,1.0
100020153|F|0-41:C>T-41:C>T,,,0.2789473684210526,0.04514205321506903,0.09224641684205867,0.4893637580781029,0.6257747713724574,0.23947688772032402,0.9739566812567312,1.0
100020878|F|0-38:C>T-38:C>T,,,0.24736842105263157,-0.03530699442828215,0.07229249595627667,-0.48839086216688693,0.6264608826664794,0.23852563424811515,0.9739566812567312,1.0
100038514|F|0-16:A>T-16:A>T,,,0.35789473684210527,-0.04236338510884964,0.08690293207960106,-0.4874793530561865,0.6271040007841248,0.23763611965607814,0.9739566812567312,1.0
100013521|F|0-57:C>G-57:C>G,Vu02 (old7),20518913.0,0.07894736842105263,-0.051593442095097496,0.10610405924224676,-0.4862532353951155,0.6279695465227657,0.2364422089322176,0.9739566812567312,1.0
100035736|F|0-29:C>T-29:C>T,Vu04 (old11),30896897.0,0.4105263157894737,-0.03717613057083053,0.07656751850968894,-0.4855339613249477,0.6284775415900601,0.2357432275998958,0.9739566812567312,1.0
100016501|F|0-17:C>T-17:C>T,,,0.39473684210526316,-0.03684282470520004,0.075908462935148,-0.48535859218591365,0.628601425075959,0.23557296300869204,0.9739566812567312,1.0
100034038|F|0-64:A>C-64:A>C,,,0.37894736842105264,0.03517971951541353,0.07268329265268145,0.4840138391022063,0.629551732767403,0.23426939644245645,0.9739566812567312,1.0
100021017|F|0-55:C>T-55:C>T,,,0.33157894736842103,0.03406140673688236,0.07045532819156214,0.4834468536470691,0.6299525961143411,0.23372086030125064,0.9739566812567312,1.0
100019784|F|0-32:C>G-32:C>G,,,0.1736842105263158,-0.04006087469120676,0.08297116464472071,-0.48282888233214355,0.6303896331024808,0.23312372961410693,0.9739566812567312,1.0
100014032|F|0-46:C>T-46:C>T,,,0.32105263157894737,-0.034458798950552205,0.07144020551593869,-0.4823446223550444,0.6307321996974483,0.23265633471483038,0.9739566812567312,1.0
100038543|F|0-16:T>C-16:T>C,Vu08 (old5),28171940.0,0.29473684210526313,-0.03222031435439043,0.06686097710225071,-0.4819001419185932,0.6310466971920964,0.23222774678116026,0.9739566812567312,1.0
100029801|F|0-44:C>T-44:C>T,,,0.38421052631578945,-0.03586770438315471,0.07469723286947942,-0.48017447240418343,0.6322683590095264,0.23056752394863592,0.9739566812567312,1.0
100030243|F|0-51:A>G-51:A>G,,,0.15294117647058822,-0.035120630849920786,0.073170045315917,-0.47998645754946445,0.6324015230538733,0.23038699943088384,0.9739566812567312,1.0
100017507|F|0-36:T>C-36:T>C,,,0.2631578947368421,-0.03771055103235933,0.07883512148417647,-0.4783470910224762,0.6335631395839647,0.2288159394896651,0.9739566812567312,1.0
100041050|F|0-49:T>A-49:T>A,,,0.34210526315789475,-0.03077057341296974,0.06438995241157038,-0.4778784928475969,0.6338953462258798,0.22836785392629075,0.9739566812567312,1.0
100017031|F|0-21:G>T-21:G>T,,,0.22105263157894736,0.03889078355343561,0.08158794207108895,0.47667317701860173,0.634750183954383,0.22721731768900721,0.9739566812567312,1.0
100022286|F|0-67:T>G-67:T>G,,,0.10526315789473684,0.04768543837580342,0.10014206562998741,0.4761778986264897,0.6351015904771145,0.22674539114033948,0.9739566812567312,1.0
100034798|F|0-34:C>G-34:C>G,,,0.0797872340425532,-0.06571555461405261,0.13815153167925573,-0.47567735091510527,0.635456820585765,0.2262689421736122,0.9739566812567312,1.0
100032847|F|0-25:A>T-25:A>T,,,0.3684210526315789,0.030365997327943532,0.06385702368176652,0.47553104697258414,0.6355606660952346,0.22612977663484202,0.9739566812567312,1.0
100017652|F|0-34:G>A-34:G>A,,,0.06521739130434782,-0.06977709620722705,0.14710815457533524,-0.4743251413129083,0.6364168868567566,0.22498433968151044,0.9739566812567312,1.0
100013385|F|0-10:G>T-10:G>T,,,0.22631578947368422,-0.041232455914679424,0.08709243053668969,-0.4734332899035273,0.6370504397674963,0.2241390799888773,0.9739566812567312,1.0
100019664|F|0-61:T>C-61:T>C,,,0.42105263157894735,-0.03593992985372745,0.07595464008506032,-0.4731762248294367,0.6372331036325962,0.22389573974383764,0.9739566812567312,1.0
100020454|F|0-11:G>A-11:G>A,,,0.4052631578947368,0.034967123159797546,0.0741525249026545,0.4715567434244683,0.6383843806353044,0.22236576226908983,0.9739566812567312,1.0
100049636|F|0-5:T>C-5:T>C,,,0.05172413793103448,0.056990475264563197,0.12103398447533299,0.470863415028512,0.6388775338456418,0.22171235561231273,0.9739566812567312,1.0
100029934|F|0-27:G>C-27:G>C,,,0.28421052631578947,-0.03171264384661286,0.06761439645721878,-0.46902206494852317,0.6401880441517661,0.21998169740857668,0.9739566812567312,1.0
100017549|F|0-22:C>T-22:C>T,,,0.3631578947368421,0.03875981369222097,0.08281125457636855,0.46805007230601325,0.6408802834146969,0.21907087018566423,0.9739566812567312,1.0
100035931|F|0-44:G>C-44:G>C,,,0.3684210526315789,-0.036493382266993564,0.07825407130242298,-0.4663448388002736,0.6420954936832088,0.21747750867565319,0.9739566812567312,1.0
100021502|F|0-49:T>G-49:T>G,,,0.05789473684210526,0.05678138164223008,0.12250839974173126,0.4634897016199296,0.6441323481807092,0.21482270350773136,0.9739566812567312,1.0
100048883|F|0-64:T>A-64:T>A,,,0.15789473684210525,-0.04598013896641723,0.09921054024138927,-0.4634602216109589,0.6441533934287391,0.21479537701567913,0.9739566812567312,1.0
100039138|F|0-25:A>G-25:A>G,Vu04 (old11),6816983.0,0.11702127659574468,-0.04652608618267561,0.10052262424073104,-0.4628419376642535,0.6445948420240709,0.21422265926080075,0.9739566812567312,1.0
100016790|F|0-63:A>T-63:A>T,,,0.24736842105263157,0.03587418041477033,0.07758217360222504,0.4624023631859351,0.6449087713568954,0.2138159454799374,0.9739566812567312,1.0
100036044|F|0-63:T>G-63:T>G,,,0.08421052631578947,-0.05292019390938488,0.11530055612756628,-0.45897605082524506,0.6473579312612856,0.21065901523113795,0.9739566812567312,1.0
100034159|F|0-24:A>G-24:A>G,,,0.4263157894736842,-0.033283413137607874,0.07264475212791519,-0.4581667933700343,0.6479369644972153,0.2099168105469797,0.9739566812567312,1.0
100035177|F|0-15:C>A-15:C>A,,,0.4473684210526315,0.030877513364711964,0.06753974804028416,0.4571754301821653,0.6486465917097851,0.2090093739622479,0.9739566812567312,1.0
100020602|F|0-66:T>C-66:T>C,,,0.06842105263157894,0.04884035058650613,0.10690230346896476,0.4568690196716404,0.6488659889488491,0.20872930113572574,0.9739566812567312,1.0
100021425|F|0-50:G>C-50:G>C,,,0.1631578947368421,-0.03873387572262476,0.08478450905155399,-0.45685085820420657,0.6488789939658678,0.20871270664192004,0.9739566812567312,1.0
100044397|F|0-62:C>G-62:C>G,,,0.3105263157894737,-0.031248527020312833,0.06851000029940128,-0.45611628789594266,0.6494050943880892,0.20804206808397446,0.9739566812567312,1.0
100020755|F|0-11:C>A-11:C>A,,,0.14736842105263157,-0.04215198215779974,0.09254150903410648,-0.4554927037364875,0.6498518459338551,0.20747360315717556,0.9739566812567312,1.0
100029329|F|0-43:G>A-43:G>A,,,0.07894736842105263,0.05187539551514881,0.11405555846960201,0.454825667518647,0.6503298693555191,0.20686638783378283,0.9739566812567312,1.0
100021654|F|0-23:G>T-23:G>T,,,0.15789473684210525,0.04240474817042219,0.0937453243616802,0.45233987357939914,0.6521125707944393,0.2046113612298268,0.9739566812567312,1.0
100018779|F|0-10:A>G-10:A>G,Vu09 (old8),32879608.0,0.41578947368421054,0.031373729507792554,0.06939659260779486,0.45209322718632367,0.6522895651592117,0.20438828606774487,0.9739566812567312,1.0
100016695|F|0-37:G>A-37:G>A,,,0.20526315789473684,0.033646901199772525,0.07490931211814375,0.4491684711602488,0.6543898965077977,0.20175231548443523,0.9739566812567312,1.0
100035288|F|0-19:C>G-19:C>G,,,0.46842105263157896,0.03298461244093738,0.0735487314940748,0.4484728936976251,0.6548898164542674,0.20112793638152135,0.9739566812567312,1.0
100028939|F|0-16:C>T-16:C>T,,,0.3473684210526316,0.03157594381872943,0.070684422594216,0.4467171501138249,0.656152390068715,0.19955621220581757,0.9739566812567312,1.0
100047522|F|0-17:A>C-17:A>C,,,0.4473684210526316,0.029727114813808152,0.0665604941101877,0.4466180008308884,0.6562237192002737,0.19946763866617942,0.9739566812567312,1.0
100021690|F|0-12:G>A-12:G>A,,,0.2894736842105263,-0.03423702728831489,0.07667333774040598,-0.4465310666953313,0.6562862632366734,0.19938999352407044,0.9739566812567312,1.0
100013074|F|0-31:T>C-31:T>C,,,0.12105263157894737,-0.03813998368148902,0.08545630641323172,-0.44630976088598623,0.656445490903193,0.1991924026621062,0.9739566812567312,1.0
100034752|F|0-27:G>T-27:G>T,,,0.17894736842105263,0.03928563939706893,0.08833767629844806,0.44472122250921275,0.6575888962392629,0.1977769657500887,0.9739566812567312,1.0
100018830|F|0-21:C>T-21:C>T,,,0.46842105263157896,0.03630703886202747,0.08174004402604454,0.44417689389131093,0.657980883206524,0.1972931130669329,0.9739566812567312,1.0
100033004|F|0-55:C>G-55:C>G,,,0.06315789473684211,-0.053360653439708375,0.12032461508746405,-0.4434724632272497,0.6584883062851061,0.19666782564084434,0.9739566812567312,1.0
100022176|F|0-8:G>A-8:G>A,,,0.05789473684210526,0.06031895922947314,0.13604402149102646,0.44337824307444346,0.6585561880922028,0.19658426643178026,0.9739566812567312,1.0
100018000|F|0-38:T>A-38:T>A,,,0.35789473684210527,0.029646157324841053,0.06691346728656691,0.4430521765951383,0.6587911278752825,0.19629523118568962,0.9739566812567312,1.0
100022323|F|0-60:G>C-60:G>C,,,0.3894736842105263,-0.032334478454430604,0.07313867960646428,-0.4420981979495943,0.6594786920729211,0.1954508166302787,0.9739566812567312,1.0
100034782|F|0-41:G>A-41:G>A,,,0.06818181818181818,-0.05483451551215256,0.12407110119906563,-0.4419604161018401,0.6595780202377574,0.19532900940091166,0.9739566812567312,1.0
100015853|F|0-63:C>G-63:C>G,,,0.05789473684210526,-0.061027531541793016,0.13818264850586487,-0.4416439560369465,0.6598061822282008,0.19504938390396434,0.9739566812567312,1.0
100021973|F|0-54:T>C-54:T>C,,,0.16842105263157894,0.03757805305742693,0.08516511092979086,0.44123764587597203,0.660099171687583,0.19469066013816969,0.9739566812567312,1.0
100020456|F|0-16:A>C-16:A>C,,,0.43157894736842106,-0.03451659214418003,0.07829307518813815,-0.44086392137793423,0.6603687104855954,0.19436099717272937,0.9739566812567312,1.0
100013762|F|0-26:A>T-26:A>T,,,0.34210526315789475,0.030517909348469718,0.06926175767781548,0.4406170211623809,0.6605468052446082,0.19414335933801,0.9739566812567312,1.0
100016740|F|0-47:T>C-47:T>C,Vu06 (old6),33896302.0,0.10526315789473684,0.04793769021734704,0.10922058774481377,0.43890708892127633,0.6617807544236138,0.19263943270534917,0.9739566812567312,1.0
100016185|F|0-62:C>T-62:C>T,,,0.41578947368421054,0.03319292226803732,0.07579158364369336,0.43794997639951433,0.6624718497783504,0.19180018182833516,0.9739566812567312,1.0
100035377|F|0-67:C>G-67:C>G,,,0.22631578947368422,0.0321241695232674,0.07339749597202348,0.4376739164986227,0.6626712367084449,0.19155845718324335,0.9739566812567312,1.0
100040460|F|0-10:G>A-10:G>A,,,0.43157894736842106,-0.035762875839077675,0.08178567596420393,-0.4372755426601893,0.6629590089077834,0.19120990020876305,0.9739566812567312,1.0
100021392|F|0-51:G>A-51:G>A,,,0.3526315789473684,0.029567708294946402,0.0676647038289327,0.4369738818291194,0.6631769524575655,0.1909461734008092,0.9739566812567312,1.0
100033155|F|0-6:A>T-6:A>T,,,0.1881720430107527,0.03575324501140928,0.08190140406658471,0.43654007423782853,0.663490420051768,0.19056723641556886,0.9739566812567312,1.0
100017285|F|0-30:C>T-30:C>T,Vu07 (old2),34134592.0,0.24210526315789474,-0.03759657545240029,0.086563256837641,-0.4343248720749595,0.6650920489852982,0.18863809450292995,0.9739566812567312,1.0
100021859|F|0-23:T>A-23:T>A,,,0.14361702127659573,0.03371677705720544,0.07785248487757246,0.4330854321506503,0.6659888642681189,0.18756299154111555,0.9739566812567312,1.0
100029358|F|0-25:G>A-25:G>A,,,0.32105263157894737,0.03345939904755649,0.0772745515686436,0.43299376532562905,0.6660552104788409,0.18748360081086593,0.9739566812567312,1.0
100043126|F|0-48:T>A-48:T>A,Vu09 (old8),11448295.0,0.1631578947368421,0.037272596326715854,0.08659516872094325,0.4304235083463887,0.6679165798454053,0.18526439653721374,0.9739566812567312,1.0
100034020|F|0-16:G>A-16:G>A,,,0.35789473684210527,-0.03146345370789889,0.07315885660493071,-0.4300703314406138,0.6681725117741852,0.1849604899854394,0.9739566812567312,1.0
100015328|F|0-33:T>C-33:T>C,,,0.2789473684210526,0.03283998208877101,0.07638423641472154,0.4299314050934435,0.6682731964019111,0.18484101308562262,0.9739566812567312,1.0
100028644|F|0-13:T>C-13:T>C,,,0.4,-0.029957027282071308,0.0698000854830498,-0.4291832463349353,0.6688155166807855,0.18419825893459377,0.9739566812567312,1.0
100015126|F|0-46:T>G-46:T>G,,,0.06315789473684211,-0.058260866073431526,0.1359720282310826,-0.42847684800595887,0.6693277272459858,0.1835924092771216,0.9739566812567312,1.0
100035739|F|0-60:C>T-60:C>T,,,0.28421052631578947,0.03441584683414131,0.08037976638405789,0.42816554939586354,0.6695535000490104,0.18332573768946167,0.9739566812567312,1.0
100019646|F|0-30:T>C-30:T>C,,,0.2,0.03691443261547444,0.08624722109675569,0.4280072116649684,0.6696683479136918,0.18319017323722106,0.9739566812567312,1.0
100015889|F|0-55:C>G-55:C>G,Vu04 (old11),34569598.0,0.46842105263157896,-0.02862896945960741,0.06701757414556175,-0.4271860004575138,0.6702641269192733,0.18248787898688698,0.9739566812567312,1.0
100035421|F|0-6:T>A-6:T>A,,,0.13157894736842105,-0.042963869683379625,0.10068075443505423,-0.4267336883246557,0.6705923641223333,0.1821016407511644,0.9739566812567312,1.0
100019074|F|0-23:A>T-23:A>T,,,0.06315789473684211,0.05840564836120801,0.13698411716201625,0.42636803135453627,0.6708577635065338,0.18178969816114282,0.9739566812567312,1.0
100030246|F|0-11:C>A-11:C>A,,,0.33157894736842103,-0.03421410788552843,0.08063602780222599,-0.42430299232304114,0.6723573831460251,0.18003302929428672,0.9739566812567312,1.0
100035699|F|0-21:A>T-21:A>T,,,0.3263157894736842,-0.02982766905358402,0.07042371934321923,-0.4235457787768204,0.6729075999902757,0.1793910267196633,0.9739566812567312,1.0
100060051|F|0-42:G>A-42:G>A,,,0.2789473684210526,-0.032045645043545755,0.07582875235519813,-0.42260546360352974,0.6735911125117576,0.1785953778675543,0.9739566812567312,1.0
100038942|F|0-11:T>A-11:T>A,,,0.4,0.05361922447582215,0.1279380625893539,0.41910298929510265,0.67613945981553,0.17564731563609093,0.9739566812567312,1.0
100034740|F|0-59:T>C-59:T>C,Vu08 (old5),34703845.0,0.22631578947368422,-0.03768266708627545,0.08992299120329729,-0.4190548666367507,0.6761744995013557,0.1756069812519449,0.9739566812567312,1.0
100044509|F|0-10:A>G-10:A>G,,,0.22340425531914895,-0.04565048061462851,0.10914519637855866,-0.4182546014787001,0.676757303286957,0.17493691165810624,0.9739566812567312,1.0
100033325|F|0-21:T>C-21:T>C,,,0.11052631578947368,0.04425244954573705,0.1061346879549348,0.416946150202343,0.6777106243917876,0.17384409216855476,0.9739566812567312,1.0
100041635|F|0-30:A>G-30:A>G,,,0.1368421052631579,0.04582323934107389,0.110219357476959,0.41574583984172736,0.678585617126792,0.17284460334570323,0.9739566812567312,1.0
100022222|F|0-28:C>A-28:C>A,,,0.3894736842105263,-0.02863911187028264,0.06910323131712895,-0.4144395468115212,0.6795383690860824,0.17176013796133904,0.9739566812567312,1.0
100013210|F|0-44:C>T-44:C>T,,,0.21052631578947367,-0.033541376435256155,0.08099219933706975,-0.41413094976795406,0.6797635221079003,0.17150444355570768,0.9739566812567312,1.0
100020803|F|0-42:G>T-42:G>T,,,0.06179775280898877,-0.04921160445741784,0.11917665980458703,-0.41292988524858554,0.6806400974909179,0.17051109013141003,0.9739566812567312,1.0
100034797|F|0-19:G>T-19:G>T,,,0.08947368421052632,-0.04867316186044127,0.11884268411252745,-0.40955959741160486,0.683102181701393,0.16773906383195586,0.9739566812567312,1.0
100029921|F|0-17:C>T-17:C>T,,,0.15263157894736842,0.03848183014234157,0.09400257548370085,0.4093699554967401,0.6832408223412987,0.16758376046340298,0.9739566812567312,1.0
100013387|F|0-43:C>G-43:C>G,,,0.3473684210526316,-0.02724462492885621,0.06660983871964678,-0.4090180287558679,0.6834981325815257,0.16729574784733597,0.9739566812567312,1.0
100028764|F|0-26:A>T-26:A>T,,,0.4368421052631579,0.029610925125001276,0.07253873253979184,0.40820847136745747,0.6840901800366974,0.16663415609615634,0.9739566812567312,1.0
100033338|F|0-63:T>A-63:T>A,,,0.3631578947368421,0.03137170556345736,0.07725173456076767,0.40609710243826025,0.6856351998276499,0.16491485660875083,0.9739566812567312,1.0
100021685|F|0-34:T>A-34:T>A,Vu06 (old6),22297694.0,0.23684210526315788,-0.03117698800695839,0.07731200916206951,-0.40326190387319943,0.6877119936994572,0.16262016311543753,0.9739566812567312,1.0
100016523|F|0-36:G>T-36:G>T,Vu03 (old3),39488805.0,0.26842105263157895,0.030629835119370813,0.07667663041420883,0.3994676729259981,0.6904950317426994,0.1595744217129122,0.9739566812567312,1.0
100038389|F|0-45:C>T-45:C>T,,,0.21052631578947367,0.03281135260281825,0.0821471044231303,0.3994219009085304,0.6905286312292392,0.1595378549253839,0.9739566812567312,1.0
100020699|F|0-40:A>G-40:A>G,,,0.3684210526315789,0.028310662264287696,0.07098611790534123,0.39881970024110175,0.6909707414119494,0.15905715330040227,0.9739566812567312,1.0
100033778|F|0-25:A>T-25:A>T,,,0.16489361702127658,0.03315127211739041,0.08316869611569601,0.39860276360800057,0.6911300333528149,0.1588841631559356,0.9739566812567312,1.0
100021860|F|0-9:A>C-9:A>C,,,0.1631578947368421,-0.03300850624470577,0.08285630030246074,-0.3983825747011474,0.6912917275864158,0.1587086758255153,0.9739566812567312,1.0
100034348|F|0-49:T>G-49:T>G,,,0.24736842105263157,0.02982216384189824,0.07528107203599592,0.39614425027899,0.692936237319416,0.15693026702910304,0.9739566812567312,1.0
100048091|F|0-43:A>T-43:A>T,,,0.4263157894736842,-0.03327980131371818,0.08409969043261939,-0.3957184758055909,0.6932492231567035,0.1565931120939,0.9739566812567312,1.0
100017367|F|0-26:T>C-26:T>C,,,0.2631578947368421,0.03194661901884698,0.08074094783864567,0.3956681197586353,0.6932862432922132,0.15655326099333378,0.9739566812567312,1.0
100034184|F|0-46:T>C-46:T>C,,,0.1947368421052632,-0.03518293406865515,0.08952163819547548,-0.3930103914299608,0.6952411737663379,0.154457167771931,0.9739566812567312,1.0
100019856|F|0-16:C>T-16:C>T,Vu07 (old2),39191443.0,0.07894736842105263,-0.04392684969757684,0.11229948864538312,-0.3911580562605061,0.6966049058602632,0.15300462497749726,0.9739566812567312,1.0
100017042|F|0-9:A>G-9:A>G,,,0.2736842105263158,0.03555004107480747,0.09131591278347245,0.3893082814503912,0.6979677486402154,0.15156093800585702,0.9739566812567312,1.0
100038435|F|0-28:C>A-28:C>A,,,0.2736842105263158,0.03555004107480747,0.09131591278347245,0.3893082814503912,0.6979677486402154,0.15156093800585702,0.9739566812567312,1.0
100041312|F|0-45:T>A-45:T>A,,,0.28421052631578947,0.037229250094928314,0.09584854261473141,0.3884174874163019,0.6986244051302123,0.15086814453079303,0.9739566812567312,1.0
100015387|F|0-29:C>T-29:C>T,,,0.06914893617021277,0.0472573485447221,0.1219349504494811,0.3875619612795209,0.6992552795321803,0.15020427383082888,0.9739566812567312,1.0
100029240|F|0-46:A>G-46:A>G,Vu11 (old9),8096401.0,0.2631578947368421,-0.02877042030329638,0.0742520784212695,-0.38746956199754123,0.6993234284240843,0.15013266147456644,0.9739566812567312,1.0
100033535|F|0-8:A>G-8:A>G,,,0.12105263157894737,-0.03691885940679008,0.09559329809709455,-0.38620761226682887,0.7002544230476215,0.14915631977284521,0.9739566812567312,1.0
100021054|F|0-18:A>G-18:A>G,,,0.3010752688172043,-0.024575857518881115,0.06363509342631674,-0.38619975544370927,0.7002602208005143,0.14915025110478083,0.9739566812567312,1.0
100018782|F|0-63:C>T-63:C>T,,,0.12105263157894737,0.03778773596043295,0.09798269925525521,0.3856572256903429,0.7006606104644401,0.14873149572717206,0.9739566812567312,1.0
100016973|F|0-15:G>T-15:G>T,,,0.3526315789473684,0.02855982234467351,0.07406440632106726,0.3856079291430141,0.7006969957552517,0.1486934750179638,0.9739566812567312,1.0
100019402|F|0-35:A>C-35:A>C,,,0.2894736842105263,-0.02819270466729878,0.0732344859682414,-0.3849648740557109,0.7011716922422011,0.14819795425672935,0.9739566812567312,1.0
100015577|F|0-62:A>G-62:A>G,,,0.12105263157894737,-0.05182294837140671,0.13488164213783355,-0.38421053858796894,0.7017286859304049,0.14761773796205718,0.9739566812567312,1.0
100038486|F|0-9:G>A-9:G>A,,,0.06315789473684211,-0.0546170849686776,0.1425954857793651,-0.3830211361191716,0.7026072596777201,0.14670519071402097,0.9739566812567312,1.0
100016452|F|0-6:G>A-6:G>A,,,0.4421052631578947,0.02572816214773945,0.06736736906689729,0.3819083705375345,0.7034295901263312,0.14585400348663477,0.9739566812567312,1.0
100014060|F|0-18:C>T-18:C>T,,,0.05789473684210526,-0.05145925087108685,0.13510209404390502,-0.3808915859909898,0.7041812994138181,0.1450784002787316,0.9739566812567312,1.0
100034562|F|0-29:C>T-29:C>T,,,0.35789473684210527,0.033329129926702526,0.08759408028891845,0.3804952322893332,0.70447440355033,0.14477662179491363,0.9739566812567312,1.0
100014559|F|0-31:C>A-31:C>A,,,0.1,0.039720761019611125,0.10482132150112847,0.37893780054264536,0.7056265584021723,0.1435938566800977,0.9739566812567312,1.0
100021588|F|0-50:T>C-50:T>C,,,0.09473684210526316,-0.03679335487398457,0.09710691686038865,-0.37889530492336254,0.7056580053908131,0.14356165209296787,0.9739566812567312,1.0
100019075|F|0-58:G>A-58:G>A,Vu09 (old8),41940020.0,0.14210526315789473,0.035355998072293976,0.09337257728420519,0.3786550516291121,0.705835803743573,0.14337964812424556,0.9739566812567312,1.0
100033716|F|0-51:T>C-51:T>C,,,0.10526315789473684,-0.03576291116945931,0.09458894210642564,-0.37808765351473206,0.7062557689302943,0.14295027374027608,0.9739566812567312,1.0
100034179|F|0-50:C>T-50:C>T,,,0.4263157894736842,0.029116267446958423,0.07706603418686027,0.37780933914882486,0.7064617992505554,0.14273989674807178,0.9739566812567312,1.0
100021211|F|0-55:G>A-55:G>A,Vu06 (old6),30632173.0,0.06315789473684211,0.04160982753318676,0.11020788500539053,0.377557626944311,0.7066481553813119,0.14254976166381952,0.9739566812567312,1.0
100036056|F|0-31:G>A-31:G>A,,,0.3421052631578947,0.02464743149235677,0.06531685420747586,0.37735178448835555,0.7068005649512519,0.14239436925654633,0.9739566812567312,1.0
100015224|F|0-63:G>C-63:G>C,,,0.2578947368421053,0.02726316475727592,0.0724686340679188,0.3762064113382409,0.707648838578258,0.14153126393199772,0.9739566812567312,1.0
100030094|F|0-15:T>A-15:T>A,Vu03 (old3),33492365.0,0.3631578947368421,-0.03294764594444328,0.0875836232464517,-0.376185007232823,0.7076646941666999,0.1415151596667591,0.9739566812567312,1.0
100019483|F|0-18:A>T-18:A>T,,,0.49473684210526314,-0.027699206180941727,0.07411673485757259,-0.3737240480732223,0.7094885645603538,0.13966966410823617,0.9739566812567312,1.0
100013714|F|0-67:T>C-67:T>C,Vu09 (old8),42137897.0,0.3421052631578947,0.02776411612279786,0.07432240881245625,0.3735631899775652,0.7096078390901541,0.13954945690621448,0.9739566812567312,1.0
100052747|F|0-12:T>G-12:T>G,,,0.2074468085106383,0.0361445678118544,0.09692503273550597,0.37291261908043466,0.710090304124024,0.13906382146942936,0.9739566812567312,1.0
100018909|F|0-13:T>C-13:T>C,,,0.05263157894736842,-0.0546118012239511,0.1465021562322295,-0.37277131360020804,0.710195112256404,0.13895845224322464,0.9739566812567312,1.0
100046553|F|0-7:C>T-7:C>T,,,0.05263157894736842,-0.0546118012239511,0.1465021562322295,-0.37277131360020804,0.710195112256404,0.13895845224322464,0.9739566812567312,1.0
100019269|F|0-46:T>G-46:T>G,,,0.05263157894736842,-0.0546118012239511,0.1465021562322295,-0.37277131360020804,0.710195112256404,0.13895845224322464,0.9739566812567312,1.0
100033927|F|0-14:A>G-14:A>G,,,0.2736842105263158,-0.027552417456038814,0.07470250941232516,-0.36882853966740964,0.7131217603876245,0.13603449167319395,0.9739566812567312,1.0
100043520|F|0-39:C>T-39:C>T,,,0.25263157894736843,0.02691320151416348,0.07324068545933733,0.36746244720914695,0.714136790561515,0.1350286501089351,0.9739566812567312,1.0
100048111|F|0-10:T>A-10:T>A,,,0.4105263157894737,0.030932313654893878,0.08436720472451982,0.3666390720884457,0.714748821060202,0.13442420918187648,0.9739566812567312,1.0
100018913|F|0-12:G>A-12:G>A,,,0.35789473684210527,0.02533818248338236,0.06925308868741846,0.3658780130045762,0.7153146967811734,0.1338667204001768,0.9739566812567312,1.0
100052891|F|0-8:C>T-8:C>T,,,0.4105263157894737,-0.029993637596041105,0.0820715517591367,-0.36545717673361805,0.7156276725262565,0.13355894802610693,0.9739566812567312,1.0
100038568|F|0-15:C>T-15:C>T,,,0.30526315789473685,-0.02844686004461155,0.07790870287288636,-0.3651307106347881,0.7158704986948338,0.13332043584866535,0.9739566812567312,1.0
100015600|F|0-30:C>A-30:C>A,,,0.30526315789473685,-0.02844686004461155,0.07790870287288636,-0.3651307106347881,0.7158704986948338,0.13332043584866535,0.9739566812567312,1.0
100038892|F|0-14:A>C-14:A>C,,,0.3736842105263158,-0.028642387008081367,0.07852525438239061,-0.36475382643910875,0.7161508622924816,0.13304535390197147,0.9739566812567312,1.0
100033115|F|0-33:C>G-33:C>G,,,0.4263157894736842,-0.028662538696885894,0.07881777239261423,-0.36365578253226266,0.7169679172612186,0.1322455281691523,0.9739566812567312,1.0
100016846|F|0-15:T>C-15:T>C,Vu08 (old5),5868167.0,0.06914893617021277,-0.043872841621288725,0.12084244664232983,-0.363058203804362,0.7174127143594556,0.13181125934964966,0.9739566812567312,1.0
100032755|F|0-61:C>T-61:C>T,Vu11 (old9),32264867.0,0.09473684210526316,-0.04027472210783,0.1109412840573448,-0.363027365782176,0.7174356707379876,0.1317888683067458,0.9739566812567312,1.0
100018152|F|0-62:T>C-62:T>C,,,0.18947368421052632,0.033197990971786454,0.09163112743893514,0.3623003656034929,0.7179769378719949,0.1312615549164246,0.9739566812567312,1.0
100015855|F|0-33:A>T-33:A>T,,,0.3526315789473684,-0.02537269723398608,0.07040490136176843,-0.36038254074969944,0.719405489501566,0.12987557567720878,0.9739566812567312,1.0
100015226|F|0-25:T>A-25:T>A,,,0.23684210526315788,-0.03183943975327254,0.08869713867391149,-0.35896805950333865,0.7204597491907708,0.12885806774359249,0.9739566812567312,1.0
100029185|F|0-30:A>G-30:A>G,,,0.10526315789473684,-0.03652770222747534,0.10183241211052825,-0.3587040851770103,0.7206565579085943,0.12866862072267587,0.9739566812567312,1.0
100015028|F|0-52:A>T-52:A>T,,,0.12631578947368421,0.03503496411938457,0.09773362434958496,0.3584740088433378,0.7208281089842684,0.12850361501621343,0.9739566812567312,1.0
100045385|F|0-50:G>A-50:G>A,,,0.23684210526315788,0.0269760246469804,0.07552274613023847,0.35719072768435123,0.7217852196245886,0.12758521594367636,0.9739566812567312,1.0
100030726|F|0-25:C>G-25:C>G,,,0.24210526315789474,0.03480515720520195,0.09746681045489558,0.35709752933085487,0.7218547471030212,0.12751864545420075,0.9739566812567312,1.0
100016689|F|0-47:G>T-47:G>T,,,0.18421052631578946,0.0289086674425291,0.0809635657683557,0.35705773539223173,0.7218844347363779,0.12749022640342897,0.9739566812567312,1.0
100020434|F|0-43:G>A-43:G>A,,,0.1,0.037140890795610816,0.10414981882142146,0.35661022953187993,0.7222183186636427,0.1271708558067801,0.9739566812567312,1.0
100040372|F|0-42:A>T-42:A>T,,,0.23404255319148937,0.028069392786945396,0.0787480586187155,0.3564455210617007,0.7223412211302048,0.1270534094849473,0.9739566812567312,1.0
100029006|F|0-13:A>C-13:A>C,,,0.08421052631578947,0.03927920344558188,0.11039446716899226,0.35580771802134914,0.7228172068689742,0.1265991322035599,0.9739566812567312,1.0
100020374|F|0-28:A>G-28:A>G,,,0.06842105263157895,-0.04219910043292324,0.1187633321771891,-0.35532095352431037,0.7231805475212171,0.12625298001342514,0.9739566812567312,1.0
100014947|F|0-16:G>C-16:G>C,,,0.12105263157894737,0.030807050867123535,0.08677061418852414,0.35504013836055026,0.7233901881539219,0.12605349984707867,0.9739566812567312,1.0
100020451|F|0-6:A>G-6:A>G,,,0.32105263157894737,-0.023257403746296878,0.06552349144720815,-0.354947565103963,0.7234593027093529,0.12598777397323208,0.9739566812567312,1.0
100029330|F|0-22:A>G-22:A>G,,,0.06842105263157895,0.046320373513498055,0.13052114879569965,0.3548878778718212,0.7235038660014534,0.12594540586036468,0.9739566812567312,1.0
100014670|F|0-19:A>G-19:A>G,Vu11 (old9),34116227.0,0.07368421052631578,-0.043669653209631024,0.12306183674130293,-0.35485942974695006,0.7235251060903669,0.1259252148803306,0.9739566812567312,1.0
100013876|F|0-55:T>G-55:T>G,Vu07 (old2),26537890.0,0.28421052631578947,0.026799995223967293,0.07554821084428319,0.35474030323770767,0.7236140513038107,0.1258406827411808,0.9739566812567312,1.0
100039160|F|0-18:T>A-18:T>A,,,0.07894736842105263,0.040365100207860244,0.11417167135823257,0.35354742317127025,0.7245049183472637,0.12499578043104524,0.9739566812567312,1.0
100049389|F|0-23:C>A-23:C>A,,,0.31382978723404253,-0.027707506734791287,0.07869751849877521,-0.3520759899846462,0.7256043370893607,0.12395750272366868,0.9739566812567312,1.0
100021422|F|0-18:C>G-18:C>G,,,0.24736842105263157,-0.025805609361064154,0.07337718040805934,-0.3516843958510814,0.7258970236125427,0.12368191428514012,0.9739566812567312,1.0
100016754|F|0-66:C>A-66:C>A,Vu01 (old4),1290094.0,0.41578947368421054,-0.024398422102114764,0.0695592023761511,-0.3507576462734131,0.7265898597835976,0.12303092641926479,0.9739566812567312,1.0
100014256|F|0-11:C>T-11:C>T,,,0.3,-0.02327708055854317,0.06642707825387392,-0.3504155409271773,0.7268456745759737,0.12279105132328627,0.9739566812567312,1.0
100038463|F|0-13:A>C-13:A>C,,,0.1736842105263158,0.029520939586706797,0.08434552354011529,0.35000007525789373,0.7271563873710063,0.12250005268053127,0.9739566812567312,1.0
100043222|F|0-20:C>A-20:C>A,,,0.47368421052631576,-0.022836263189817498,0.06538181455648201,-0.34927545747586614,0.7276984137823265,0.12199334519497557,0.9739566812567312,1.0
100033982|F|0-15:A>G-15:A>G,,,0.4368421052631579,-0.02559763675119732,0.07377796087451842,-0.34695505877065086,0.7294350423043667,0.12037781280654579,0.9739566812567312,1.0
100028495|F|0-31:A>T-31:A>T,,,0.08947368421052632,-0.03895472923739781,0.11237300524056963,-0.3466555793716027,0.7296592812027347,0.12017009070946152,0.9739566812567312,1.0
100039949|F|0-62:A>T-62:A>T,,,0.5,-0.028680396081404186,0.08283163748157038,-0.34624929499655765,0.7299635292213347,0.11988857428561321,0.9739566812567312,1.0
100021285|F|0-67:T>C-67:T>C,,,0.06315789473684211,-0.0393499923048524,0.1141024666697021,-0.34486539558133056,0.7310001930691425,0.11893214106946762,0.9739566812567312,1.0
100032747|F|0-16:T>A-16:T>A,,,0.10526315789473684,0.034582726460596014,0.10122858877635908,0.341630036323024,0.7334257118254682,0.11671108171807071,0.9739566812567312,1.0
100033028|F|0-17:A>C-17:A>C,,,0.4473684210526316,-0.023707619573555626,0.06974816907299924,-0.33990310983995803,0.7347214827613128,0.11553412407887458,0.9739566812567312,1.0
100013459|F|0-42:G>A-42:G>A,,,0.05789473684210526,-0.048639325862702004,0.14315267165250942,-0.3397723933561625,0.7348195950503505,0.11544527928697482,0.9739566812567312,1.0
100017336|F|0-39:A>G-39:A>G,Vu07 (old2),40087974.0,0.28421052631578947,0.026580299081127988,0.0788280250677565,0.3371935178926649,0.7367561277265874,0.11369946850883092,0.9739566812567312,1.0
100013478|F|0-51:G>A-51:G>A,,,0.43157894736842106,-0.021680820218759358,0.06431610591090747,-0.33709783749644695,0.7368280089819856,0.11363495204478095,0.9739566812567312,1.0
100035017|F|0-19:T>C-19:T>C,,,0.4421052631578947,-0.025102364313341778,0.07447407218657538,-0.3370617931359298,0.7368550884264676,0.11361065239200835,0.9739566812567312,1.0
100032842|F|0-24:A>C-24:A>C,Vu05 (old1),2448565.0,0.30526315789473685,0.034849442090402236,0.10370807365940658,0.3360340314954959,0.737627365929181,0.11291887032311591,0.9739566812567312,1.0
100033353|F|0-46:A>T-46:A>T,,,0.06914893617021277,0.038504617900789156,0.11559693879270469,0.33309375060387997,0.7398382280400192,0.11095144669135978,0.9739566812567312,1.0
100046262|F|0-23:C>A-23:C>A,,,0.12631578947368421,-0.03175858247916936,0.09550628569249518,-0.3325287152452304,0.7402633417326272,0.11057534646264354,0.9739566812567312,1.0
100019838|F|0-5:G>C-5:G>C,,,0.12631578947368421,-0.03175858247916936,0.09550628569249518,-0.3325287152452304,0.7402633417326272,0.11057534646264354,0.9739566812567312,1.0
100041313|F|0-65:C>T-65:C>T,Vu03 (old3),62938472.0,0.14210526315789473,0.030158439877301015,0.09070005995661773,0.33250738634269855,0.7402793904658476,0.1105611619724526,0.9739566812567312,1.0
100040739|F|0-38:C>T-38:C>T,,,0.49473684210526314,-0.022505683799550525,0.06770922842623903,-0.3323872435508216,0.7403697929329363,0.1104812796753132,0.9739566812567312,1.0
100029664|F|0-7:G>A-7:G>A,,,0.33157894736842103,-0.024960725116549516,0.07543305007567237,-0.33089905673321707,0.7414898936886251,0.1094941857469328,0.9739566812567312,1.0
100018408|F|0-53:G>A-53:G>A,,,0.2578947368421053,-0.025048110684379364,0.07570080300572492,-0.33088302488000143,0.7415019632829705,0.10948357615373965,0.9739566812567312,1.0
100021056|F|0-55:T>C-55:T>C,,,0.21052631578947367,0.026626336681813273,0.08053746666985098,0.33060807327058356,0.7417089708974554,0.10930169811168755,0.9739566812567312,1.0
100020485|F|0-47:G>T-47:G>T,,,0.4526315789473684,0.02203539484879276,0.06667711091718659,0.33047914862659344,0.7418060431887104,0.10921646767695804,0.9739566812567312,1.0
100058582|F|0-53:G>A-53:G>A,,,0.28421052631578947,-0.022104029749328707,0.06717869673978757,-0.32903332190184137,0.7428949471212261,0.10826292692176076,0.9739566812567312,1.0
100013713|F|0-9:G>T-9:G>T,,,0.3526315789473684,-0.02273920215985245,0.0691102855036312,-0.3290277560589398,0.7428991399694019,0.1082592642571812,0.9739566812567312,1.0
100041314|F|0-40:C>T-40:C>T,,,0.45263157894736844,0.022399953149799926,0.06813569586563455,0.3287550360382793,0.7431045942945175,0.10807987372053034,0.9739566812567312,1.0
100051718|F|0-23:T>C-23:T>C,,,0.4157894736842105,0.029940231266620442,0.09109795398089725,0.32865975533214226,0.7431763786441141,0.10801723477498361,0.9739566812567312,1.0
100020314|F|0-31:G>A-31:G>A,,,0.4052631578947368,-0.02137621336298754,0.06533247698411257,-0.3271912278511309,0.744283051959956,0.10705409958273067,0.9739566812567312,1.0
100033420|F|0-60:C>A-60:C>A,,,0.33157894736842103,0.02476816752338036,0.07576760742514202,0.3268965243207815,0.7445052035173774,0.10686133761300727,0.9739566812567312,1.0
100013356|F|0-7:G>A-7:G>A,,,0.3368421052631579,0.02139661360843983,0.06547227751798987,0.3268041745234946,0.744574822508114,0.10680096848598271,0.9739566812567312,1.0
100030143|F|0-33:C>T-33:C>T,,,0.29473684210526313,-0.024723165026921456,0.07567341358225951,-0.3267087323878492,0.7446467749245711,0.10673859581847527,0.9739566812567312,1.0
100019637|F|0-48:C>G-48:C>G,,,0.05789473684210526,0.04000971984881798,0.12333019773861977,0.3244113816602541,0.7463793960306186,0.10524274455071503,0.9739566812567312,1.0
100046183|F|0-19:T>A-19:T>A,,,0.07894736842105263,0.038721467216571125,0.11944318327894829,0.32418314845260604,0.7465515968385021,0.1050947137406444,0.9739566812567312,1.0
100016472|F|0-40:C>G-40:C>G,,,0.46842105263157896,0.024075569500959987,0.07426588166444348,0.32418075381830047,0.7465534036462768,0.10509316114620154,0.9739566812567312,1.0
100015576|F|0-58:G>T-58:G>T,,,0.12105263157894737,0.03132470833528659,0.09689612333436448,0.32328133734713815,0.7472321345806185,0.10451082307695414,0.9739566812567312,1.0
100014924|F|0-66:G>A-66:G>A,,,0.05789473684210526,-0.041618067332900466,0.1294436969134444,-0.32151482324187153,0.748565787314141,0.10337178156425189,0.9739566812567312,1.0
100014242|F|0-53:A>G-53:A>G,,,0.4421052631578947,0.024869943324962035,0.07747016980680625,0.3210260592816856,0.7489349213160248,0.10305773073792832,0.9739566812567312,1.0
100028749|F|0-23:C>A-23:C>A,,,0.23684210526315788,-0.025079211905540702,0.0782360794312871,-0.32055813747118017,0.7492883693095387,0.10275751949899205,0.9739566812567312,1.0
100029504|F|0-25:T>C-25:T>C,,,0.49473684210526314,0.02619115315009711,0.08188408265958882,0.3198564641553087,0.7498184834605844,0.1023081576619363,0.9739566812567312,1.0
100033357|F|0-30:G>A-30:G>A,,,0.11052631578947368,0.032585132439197036,0.10190032137952469,0.3197745796878764,0.7498803550061426,0.10225578181455804,0.9739566812567312,1.0
100014335|F|0-15:A>C-15:A>C,,,0.4473684210526316,-0.02227394812640645,0.07026985757101704,-0.3169772772613871,0.7519949647058969,0.10047459430004226,0.9739566812567312,1.0
100014627|F|0-15:C>G-15:C>G,,,0.3526315789473684,0.021015912045502464,0.06636125080058605,0.316689510700375,0.7522126084269745,0.10029224618764293,0.9739566812567312,1.0
100033573|F|0-7:C>G-7:C>G,,,0.1,0.03369717751062284,0.10684318198342777,0.3153891234337212,0.753196367418412,0.09947029918029104,0.9739566812567312,1.0
100060618|F|0-5:A>G-5:A>G,,,0.15168539325842698,0.0341433450374644,0.10853473636796641,0.3145844932235139,0.7538052843074753,0.09896340337669506,0.9739566812567312,1.0
100013882|F|0-67:C>T-67:C>T,,,0.2894736842105263,-0.02130440074052828,0.0677792485832543,-0.31432040315937926,0.754005172676463,0.09879731584227472,0.9739566812567312,1.0
100033324|F|0-45:A>T-45:A>T,,,0.06914893617021277,0.0400154253685811,0.12765317087787795,0.31346988949348303,0.7546490357951406,0.09826337161905646,0.9739566812567312,1.0
100059434|F|0-46:A>G-46:A>G,,,0.39473684210526316,0.03326472803814136,0.10627236840944976,0.3130138956720894,0.7549943075645003,0.09797769888381769,0.9739566812567312,1.0
100013630|F|0-30:A>G-30:A>G,,,0.3631578947368421,-0.024366439770740024,0.07809291066207083,-0.31201858868060645,0.755748112096132,0.09735559968223746,0.9739566812567312,1.0
100021703|F|0-41:T>C-41:T>C,Vu07 (old2),38780837.0,0.2578947368421053,-0.026243269145023784,0.08419544762174613,-0.31169463297972455,0.7559935138486928,0.0971535442283652,0.9739566812567312,1.0
100038564|F|0-34:C>T-34:C>T,,,0.08421052631578951,0.04506548118407111,0.14653762921253854,0.3075352141715629,0.7591465572743215,0.09457790795554905,0.9739566812567312,1.0
100034541|F|0-64:G>T-64:G>T,,,0.07368421052631578,-0.03102843005862142,0.10094906035977741,-0.30736720032893466,0.7592740059969553,0.09447459583804746,0.9739566812567312,1.0
100013767|F|0-67:G>C-67:G>C,,,0.10526315789473684,0.034040137721992283,0.1108321494251696,0.3071323429035825,0.7594521707850185,0.09433027605744378,0.9739566812567312,1.0
100047453|F|0-65:G>T-65:G>T,,,0.3829787234042553,0.020381284017015288,0.06638432020235399,0.3070195485152014,0.7595377421570982,0.09426100317047811,0.9739566812567312,1.0
100017988|F|0-49:T>G-49:T>G,,,0.16842105263157894,-0.025927218687167457,0.08449820121489365,-0.3068375221530458,0.7596758426227925,0.09414926500102089,0.9739566812567312,1.0
100040569|F|0-37:C>T-37:C>T,,,0.07368421052631578,-0.03807259503111116,0.12419064511361169,-0.3065657239825247,0.7598820660126971,0.0939825431209295,0.9739566812567312,1.0
100038699|F|0-6:A>C-6:A>C,,,0.2,0.029210519104743385,0.09543718788357539,0.3060706183042352,0.7602577657172132,0.09367922338913684,0.9739566812567312,1.0
100014492|F|0-26:T>A-26:T>A,,,0.4782608695652174,0.01839152793277627,0.06028272362428263,0.3050878730596694,0.7610036699222732,0.09307861028807295,0.9739566812567312,1.0
100030110|F|0-28:T>C-28:T>C,,,0.07368421052631578,0.037198416552223,0.12243210546351391,0.3038289377724418,0.7619595325263786,0.09231202342793031,0.9739566812567312,1.0
100021291|F|0-61:A>G-61:A>G,,,0.20526315789473684,0.02163958900421488,0.07130951260971642,0.3034600604080743,0.76223967738201,0.09208800826287208,0.9739566812567312,1.0
100030265|F|0-5:T>C-5:T>C,,,0.3263157894736842,0.021847849796587212,0.07207278424397852,0.30313592052484833,0.7624858723919635,0.09189138631244717,0.9739566812567312,1.0
100044400|F|0-16:A>G-16:A>G,,,0.3351063829787234,0.026300441680181235,0.08685322693088562,0.3028147900723377,0.762729805735917,0.09169679708655394,0.9739566812567312,1.0
100018445|F|0-45:A>G-45:A>G,,,0.3894736842105263,-0.021405352874586853,0.0707555477484315,-0.3025254351883858,0.7629496226182587,0.09152163893592223,0.9739566812567312,1.0
100034109|F|0-45:G>A-45:G>A,,,0.4105263157894737,0.023726524151858757,0.07853114688715829,0.3021288379495016,0.7632509408598165,0.09128183472071622,0.9739566812567312,1.0
100029488|F|0-5:C>T-5:C>T,,,0.23684210526315788,-0.026458963921675474,0.08761008724668465,-0.3020081905314703,0.7633426110341052,0.09120894714809288,0.9739566812567312,1.0
100020363|F|0-42:C>T-42:C>T,,,0.05789473684210526,-0.035342353858581976,0.11732692593509873,-0.3012296928169086,0.763934209291104,0.09073932783456912,0.9739566812567312,1.0
100034612|F|0-26:G>A-26:G>A,,,0.12631578947368421,0.026326619462758116,0.08758061408427704,0.3005987082646457,0.7644138117621946,0.09035958341037356,0.9739566812567312,1.0
100034306|F|0-9:C>T-9:C>T,,,0.23157894736842105,-0.026252561005469924,0.08776834632145558,-0.29911194759576215,0.7655442406553741,0.08946795719452996,0.9739566812567312,1.0
100021644|F|0-58:T>G-58:T>G,,,0.0913978494623656,-0.028559877985196457,0.09556774911377788,-0.2988443094039453,0.7657477880404744,0.08930792126312098,0.9739566812567312,1.0
100029593|F|0-34:A>G-34:A>G,,,0.05263157894736842,0.04221941188021374,0.14132058095036593,0.2987492097491581,0.7658201183231745,0.08925109032574645,0.9739566812567312,1.0
100021965|F|0-19:C>T-19:C>T,,,0.06842105263157895,-0.040244837872270636,0.1354834940438415,-0.2970460583135514,0.7671158411721641,0.08823636075961779,0.9744551699184225,1.0
100013419|F|0-62:G>T-62:G>T,,,0.18947368421052632,0.0260556644048235,0.08811016390895964,0.2957168985832971,0.7681274990785252,0.08744848410772402,0.9744551699184225,1.0
100018613|F|0-47:T>C-47:T>C,,,0.39473684210526316,-0.01870436807514316,0.0632914780549725,-0.2955274335495417,0.7682717385774721,0.08733646398037878,0.9744551699184225,1.0
100018441|F|0-12:A>C-12:A>C,,,0.08421052631578947,0.03430241750269962,0.11641762318331818,0.29464969791287504,0.7689400640155156,0.08681844448014851,0.9744551699184225,1.0
100041804|F|0-41:G>A-41:G>A,,,0.3707865168539326,-0.020901203687611617,0.07104164365426466,-0.294210587093545,0.7692744773208917,0.08655986955792841,0.9744551699184225,1.0
100015847|F|0-7:G>A-7:G>A,,,0.05789473684210526,0.0359413292417192,0.12493628979216796,0.2876772577567955,0.77425518314911,0.08275820463046975,0.9792875735430255,1.0
100020012|F|0-39:A>C-39:A>C,,,0.08947368421052632,-0.03160265457701774,0.11046890565232945,-0.28607737526140087,0.7754763093080193,0.08184026463645237,0.9792875735430255,1.0
100049169|F|0-65:G>T-65:G>T,,,0.3684210526315789,-0.021747421511828076,0.07655063748553195,-0.2840919713560626,0.7769924734192706,0.0807082481889739,0.9792875735430255,1.0
100057366|F|0-5:C>T-5:C>T,,,0.25263157894736843,-0.02388122251073016,0.08457818229712591,-0.28235677171252804,0.7783182755797238,0.07972534653192068,0.9792875735430255,1.0
100022113|F|0-34:G>C-34:G>C,,,0.05789473684210526,-0.03530640095746766,0.12506569824228383,-0.28230283326024574,0.7783594985030347,0.07969488966676211,0.9792875735430255,1.0
100015005|F|0-68:T>A-68:T>A,,,0.3684210526315789,0.021839154934427996,0.07745858506644052,0.2819462157189593,0.7786320624584749,0.07949366855824193,0.9792875735430255,1.0
100059434|F|0-15:G>A-15:G>A,,,0.4263157894736842,0.018671916646921954,0.06639293753009093,0.2812334766549436,0.7791768941932394,0.07909226839142669,0.9792875735430255,1.0
100018485|F|0-30:G>A-30:G>A,,,0.22105263157894736,0.024311078784262575,0.08657663430417915,0.28080415668328945,0.7795051280730325,0.07885097441061337,0.9792875735430255,1.0
100038566|F|0-46:T>A-46:T>A,,,0.17894736842105263,0.025885139522811212,0.09218714597979515,0.2807890324371742,0.7795166919494263,0.07884248073700445,0.9792875735430255,1.0
100019086|F|0-55:A>G-55:A>G,,,0.29473684210526313,0.02416523803995612,0.08634160270602724,0.27987942408520083,0.780212262273588,0.0783324920262637,0.9792875735430255,1.0
100029165|F|0-15:A>T-15:A>T,,,0.3263157894736842,0.02194630227746319,0.07904618452095968,0.2776389829624726,0.7819262718507661,0.07708340486043613,0.9792875735430255,1.0
100015011|F|0-55:G>C-55:G>C,,,0.35789473684210527,-0.021746458751473536,0.07862078533060063,-0.27659935804545344,0.7827219848390019,0.07650720487115695,0.9792875735430255,1.0
100012992|F|0-18:G>T-18:G>T,,,0.26842105263157895,-0.0206227125584404,0.07459649179765881,-0.27645686896883853,0.7828310618287913,0.07642840040005355,0.9792875735430255,1.0
100020307|F|0-56:C>T-56:C>T,,,0.11052631578947368,0.03024819689309704,0.10960766946602242,0.2759678865581004,0.7832054163570742,0.07615827441134457,0.9792875735430255,1.0
100019055|F|0-38:T>A-38:T>A,,,0.20526315789473684,0.02237783842547303,0.08128284857495785,0.27530824543921484,0.7837105044112097,0.07579463000681896,0.9792875735430255,1.0
100035862|F|0-6:T>G-6:T>G,Vu10 (old10),39567399.0,0.38421052631578945,-0.020941431570331806,0.07617799310024595,-0.2749013293481499,0.7840221268171073,0.07557074087738,0.9792875735430255,1.0
100034130|F|0-64:A>T-64:A>T,,,0.2578947368421053,-0.021607315123234005,0.07863819565915312,-0.27476870421707106,0.7841237007309553,0.07549784081712828,0.9792875735430255,1.0
100019174|F|0-24:T>A-24:T>A,,,0.12631578947368421,-0.023486481808280196,0.08584628175832111,-0.2735876420879888,0.7850284082343315,0.07485019790326546,0.9792875735430255,1.0
100038675|F|0-24:G>A-24:G>A,,,0.3894736842105263,0.02052191183574293,0.0750959487707659,0.2732758846737136,0.7852672674101365,0.07467970914420081,0.9792875735430255,1.0
100017011|F|0-35:C>T-35:C>T,,,0.33157894736842103,0.018908828062355828,0.06923697678639473,0.27310302875719245,0.7853997132878068,0.07458526431635189,0.9792875735430255,1.0
100041311|F|0-41:A>G-41:A>G,,,0.34042553191489355,0.02016975728062878,0.0744172383622212,0.27103608954760944,0.7869839343715352,0.07346056183725976,0.980341353373006,1.0
100030370|F|0-33:G>A-33:G>A,,,0.17894736842105263,-0.02530891521112527,0.09373975487043171,-0.2699912672708349,0.7877850879231131,0.0728952844025114,0.980341353373006,1.0
100052578|F|0-7:G>A-7:G>A,,,0.12631578947368421,0.0350695952180428,0.1300852786971081,0.26958926920316023,0.7880933946977213,0.072678374069494,0.980341353373006,1.0
100051692|F|0-12:T>A-12:T>A,,,0.09473684210526316,-0.028022751660993894,0.10530649070207701,-0.26610659489426125,0.7907657909793772,0.07081271984621847,0.9809438731875744,1.0
100021653|F|0-36:G>A-36:G>A,,,0.07368421052631578,-0.035257390910549656,0.1328384022318865,-0.2654156502801302,0.7912962791761504,0.07044546741362438,0.9809438731875744,1.0
100047320|F|0-54:C>T-54:C>T,,,0.12631578947368421,0.03120561983380677,0.11760355168176066,0.26534589634036115,0.7913498397917811,0.07040844470466968,0.9809438731875744,1.0
100030652|F|0-8:A>C-8:A>C,,,0.12631578947368421,0.03120561983380677,0.11760355168176066,0.26534589634036115,0.7913498397917811,0.07040844470466968,0.9809438731875744,1.0
100029336|F|0-36:T>A-36:T>A,,,0.06315789473684211,0.028776816209767537,0.10876090336890812,0.2645878741201599,0.7919319522603757,0.07000674313142558,0.9809438731875744,1.0
100054653|F|0-47:T>C-47:T>C,,,0.24736842105263157,-0.021202832526305528,0.08027165067906572,-0.2641384890797453,0.7922771068799705,0.06976914141333072,0.9809438731875744,1.0
100058673|F|0-34:G>A-34:G>A,Vu05 (old1),1696325.0,0.2789473684210526,-0.023672983778170644,0.09008409857249797,-0.26278759684894976,0.7933149219953538,0.06905732105764614,0.9814650395759005,1.0
100018351|F|0-64:C>T-64:C>T,,,0.3105263157894737,0.017855797504883062,0.06844048030565868,0.260895268781548,0.7947693176736137,0.06806634127259618,0.9816901479508773,1.0
100019282|F|0-52:T>A-52:T>A,Vu04 (old11),1200237.0,0.3263157894736842,0.019622341033393997,0.07529641879543003,0.26060125232124504,0.7949953565729038,0.06791301271140122,0.9816901479508773,1.0
100014819|F|0-24:A>T-24:A>T,,,0.26842105263157895,0.021388883610788664,0.08244393702981041,0.2594354949722353,0.7958917590984451,0.06730677605148871,0.9816901479508773,1.0
100021520|F|0-23:T>C-23:T>C,,,0.13157894736842105,0.028716511798682728,0.11072908379808911,0.25934028182736846,0.7959649848250356,0.0672573817782989,0.9816901479508773,1.0
100020292|F|0-58:T>C-58:T>C,Vu07 (old2),39103737.0,0.3105263157894737,-0.020035733759635733,0.07882556254249695,-0.25417812589455274,0.7999377703599535,0.0646065196832671,0.9829305509352493,1.0
100058466|F|0-43:T>C-43:T>C,,,0.45744680851063835,0.022203266491475922,0.08741722506331286,0.253991893192617,0.8000811937958561,0.06451188180756977,0.9829305509352493,1.0
100013491|F|0-20:G>A-20:G>A,,,0.06315789473684211,-0.029313584198324583,0.11542066641029171,-0.2539717115661254,0.8000967366885128,0.0645016302758272,0.9829305509352493,1.0
100033755|F|0-33:T>A-33:T>A,,,0.37894736842105264,0.021324751939030426,0.0840538035180208,0.2537035927762446,0.80030323618334,0.06436551298757455,0.9829305509352493,1.0
100016325|F|0-60:C>T-60:C>T,Vu09 (old8),1016914.0,0.24736842105263157,-0.021829320918749676,0.08619581696776579,-0.25325267149463965,0.8006505583410457,0.06413691561917187,0.9829305509352493,1.0
100018345|F|0-65:A>C-65:A>C,,,0.07368421052631578,0.03385568694991885,0.13390712144186098,0.2528296223932953,0.8009764483889249,0.06392281795953629,0.9829305509352493,1.0
100016256|F|0-31:A>C-31:A>C,,,0.1,-0.026355681854158892,0.10448333972745083,-0.2522476973162304,0.8014247838908665,0.06362890080134061,0.9829305509352493,1.0
100020887|F|0-26:A>G-26:A>G,,,0.14736842105263157,-0.021561949341682433,0.08587251829650734,-0.2510925470618161,0.802314949069138,0.06304746718999034,0.9829305509352493,1.0
100015018|F|0-5:T>A-5:T>A,,,0.14210526315789473,-0.022202986755198554,0.08924501193731306,-0.24878686520647497,0.8040924992942159,0.061894904299264746,0.9829305509352493,1.0
100029548|F|0-5:C>T-5:C>T,,,0.42105263157894735,-0.018157519011197023,0.07328187396596109,-0.24777640129168998,0.8048718351033469,0.061393145037060594,0.9829305509352493,1.0
100014294|F|0-58:C>T-58:C>T,,,0.06315789473684211,-0.03233812442346452,0.13071839413615244,-0.2473877118608272,0.8051716703481607,0.06120067997973566,0.9829305509352493,1.0
100034724|F|0-49:G>A-49:G>A,,,0.22631578947368422,-0.022300953776369082,0.09040941569218697,-0.2466662748081038,0.8057282644814554,0.06084425112770698,0.9829305509352493,1.0
100017423|F|0-27:G>C-27:G>C,,,0.08947368421052632,0.028731814746708762,0.11709915505242607,0.2453631260946788,0.8067339070510259,0.06020306364695325,0.9829305509352493,1.0
100048696|F|0-28:G>C-28:G>C,,,0.08421052631578947,-0.030857520658993554,0.12590534779833365,-0.24508506746209832,0.8069485275965731,0.060066690292901286,0.9829305509352493,1.0
100017582|F|0-57:G>A-57:G>A,,,0.0967741935483871,0.0232985055069606,0.09528161863901402,0.24452256206131232,0.8073827445665979,0.05979128335702833,0.9829305509352493,1.0
100017287|F|0-5:C>A-5:C>A,,,0.13157894736842105,0.021400566929122723,0.0875553389848554,0.24442332332040215,0.8074593565784548,0.05974276098298984,0.9829305509352493,1.0
100055747|F|0-35:G>C-35:G>C,,,0.05263157894736842,-0.03138563406840693,0.12864666563632918,-0.24396772285673435,0.8078111028647253,0.059520249795900336,0.9829305509352493,1.0
100016220|F|0-31:G>A-31:G>A,,,0.1774193548387097,0.022358860879209703,0.09198575068481163,0.24306874393863614,0.8085052752583578,0.059082414279906265,0.9829305509352493,1.0
100044112|F|0-25:G>A-25:G>A,,,0.1473684210526316,0.022515480041271376,0.09273075131049625,0.24280489183012618,0.8087090453640737,0.058954215496639276,0.9829305509352493,1.0
100034940|F|0-27:A>C-27:A>C,,,0.3,-0.018519941906295544,0.0777918599228419,-0.23807043467870037,0.812367644018775,0.05667753186810534,0.9845039758208672,1.0
100012983|F|0-45:A>T-45:A>T,,,0.07894736842105263,0.027965690073120383,0.11766503125761198,0.2376720574857386,0.8126756851980448,0.056488006909504236,0.9845039758208672,1.0
100014172|F|0-5:G>A-5:G>A,,,0.3105263157894737,-0.02022700787920408,0.08541201990490559,-0.2368168777851647,0.8133370438296832,0.05608223360391363,0.9845039758208672,1.0
100021519|F|0-20:C>T-20:C>T,,,0.3894736842105263,-0.016394012749450064,0.0692711736185206,-0.23666428462339345,0.8134550669608752,0.056009983616302585,0.9845039758208672,1.0
100034199|F|0-61:A>C-61:A>C,,,0.11052631578947368,0.022617535690359167,0.09581073781752038,0.2360647272483818,0.8139188360990505,0.05572655545085289,0.9845039758208672,1.0
100035152|F|0-15:C>A-15:C>A,,,0.4894736842105263,-0.017551295195290934,0.07441232700769955,-0.23586542581143682,0.8140730142837052,0.05563249909321041,0.9845039758208672,1.0
100030376|F|0-12:T>C-12:T>C,,,0.4789473684210526,0.016907335819550656,0.07178525415669418,0.2355265857615411,0.8143351553615721,0.05547277260048857,0.9845039758208672,1.0
100029674|F|0-32:C>G-32:C>G,,,0.2894736842105263,-0.01702189183626742,0.07327344046843738,-0.23230643637648787,0.8168274509818797,0.05396628038194321,0.9845406949969945,1.0
100018771|F|0-36:T>G-36:T>G,,,0.37894736842105264,-0.016494814014865414,0.07112408316818361,-0.23191601606815712,0.8171297527717251,0.053785038508925714,0.9845406949969945,1.0
100013022|F|0-48:G>C-48:G>C,,,0.3526315789473684,0.01684911184636509,0.07328239228985256,0.22992033038061985,0.8186754399762673,0.05286335832233338,0.9845406949969945,1.0
100020774|F|0-63:A>G-63:A>G,,,0.22105263157894736,-0.016907964295373043,0.07405979110900805,-0.2283015390967865,0.8199297439002956,0.05212159275396153,0.9845406949969945,1.0
100029181|F|0-14:G>C-14:G>C,,,0.12631578947368421,-0.02034361767418548,0.08983428741529773,-0.22645716084036305,0.8213594124213515,0.05128284569587806,0.9845406949969945,1.0
100019377|F|0-46:G>A-46:G>A,,,0.18421052631578946,0.02260804627315641,0.09990921241748212,0.2262859022317791,0.821492194107056,0.051205309548850296,0.9845406949969945,1.0
100028772|F|0-54:C>T-54:C>T,,,0.2736842105263158,0.016886793920075693,0.07463225737806928,0.2262666910171457,0.8215070894343584,0.05119661546384848,0.9845406949969945,1.0
100044804|F|0-53:G>C-53:G>C,,,0.28651685393258425,-0.015551407499792941,0.06981284352514569,-0.22275854577090137,0.824228205341293,0.04962136971396676,0.9845406949969945,1.0
100029761|F|0-20:T>G-20:T>G,Vu02 (old7),30481386.0,0.28421052631578947,-0.01680679455490794,0.07547071778970314,-0.2226929204746609,0.8242791286169696,0.049592136829533645,0.9845406949969945,1.0
100018738|F|0-46:T>C-46:T>C,,,0.4052631578947368,-0.014534432404951251,0.0652833715321261,-0.22263605668403358,0.8243232538333595,0.049566813735816215,0.9845406949969945,1.0
100021804|F|0-50:G>A-50:G>A,,,0.06315789473684208,0.03217941285473976,0.14470382506871537,0.22238121790808746,0.8245210107924509,0.04945340607828428,0.9845406949969945,1.0
100018053|F|0-15:A>T-15:A>T,,,0.16842105263157894,-0.018320544327899358,0.08264791984064984,-0.22166975724522128,0.8250731699513395,0.04913748127715533,0.9845406949969945,1.0
100019025|F|0-58:C>A-58:C>A,,,0.10526315789473684,0.02257369803968943,0.10228528876339929,0.22069349671491534,0.8258309814366183,0.048705619492256345,0.9845406949969945,1.0
100041652|F|0-42:T>C-42:T>C,,,0.3526315789473684,0.022870269423362777,0.10376009595821989,0.22041488312204083,0.8260472824670058,0.04858272070170292,0.9845406949969945,1.0
100048863|F|0-39:A>G-39:A>G,,,0.07446808510638298,0.029486102872482017,0.13383523944876846,0.22031643529706663,0.8261237154229754,0.048539331662006545,0.9845406949969945,1.0
100021629|F|0-12:T>C-12:T>C,,,0.12105263157894737,0.02141470424969017,0.09802182608030721,0.21846873401588698,0.8275585443842697,0.04772858774250437,0.9845406949969945,1.0
100030012|F|0-16:C>G-16:C>G,,,0.11702127659574468,0.020680577880670792,0.09472033191682874,0.21833303855849898,0.8276639415702306,0.047669315726187,0.9845406949969945,1.0
100014325|F|0-37:G>A-37:G>A,,,0.12105263157894737,-0.021175871002828712,0.09700795825827487,-0.2182900391166865,0.8276973406950714,0.04765054117756453,0.9845406949969945,1.0
100020334|F|0-65:G>A-65:G>A,Vu08 (old5),423524.0,0.46842105263157896,-0.015991764953370107,0.07347354125157515,-0.21765338489149344,0.8281918886641897,0.047372995954724585,0.9845406949969945,1.0
100032762|F|0-24:G>A-24:G>A,,,0.35789473684210527,0.020899956175692628,0.09622667331816814,0.2171950401588558,0.8285479701194615,0.047173685469606985,0.9845406949969945,1.0
100049017|F|0-36:G>A-36:G>A,,,0.24736842105263157,0.019439382759391652,0.08968719316767812,0.21674647263236357,0.8288964904905918,0.04697903339857193,0.9845406949969945,1.0
100035442|F|0-6:A>T-6:A>T,,,0.35106382978723405,0.01544162398167428,0.07136845959729643,0.21636482094198425,0.8291930466990609,0.046813735741256905,0.9845406949969945,1.0
100013842|F|0-67:A>G-67:A>G,,,0.10526315789473684,0.02337032707852017,0.10816701723726754,0.21605779354400304,0.8294316352858286,0.04668097015110304,0.9845406949969945,1.0
100060605|F|0-26:G>C-26:G>C,,,0.1736842105263158,0.018981756404379452,0.08882287580403658,0.21370346583077893,0.8312616948995045,0.0456691713080869,0.9845406949969945,1.0
100033181|F|0-15:C>A-15:C>A,,,0.39473684210526316,-0.016063315549015845,0.07520974844052085,-0.21358023237797977,0.8313575121111221,0.045616515662631835,0.9845406949969945,1.0
100015415|F|0-31:C>A-31:C>A,,,0.39473684210526316,0.024353973610844327,0.11469116350886933,0.21234394059452522,0.8323189019016051,0.04508994910721125,0.9845406949969945,1.0
100055640|F|0-33:G>T-33:G>T,,,0.38421052631578945,0.017481733546278057,0.08236518002986053,0.2122466501006889,0.8323945697149618,0.045048640478964265,0.9845406949969945,1.0
100047216|F|0-43:T>C-43:T>C,,,0.06842105263157895,0.027061128427936232,0.1275208501472414,0.2122094418025775,0.8324235089366943,0.045032847190161526,0.9845406949969945,1.0
100045252|F|0-36:A>T-36:A>T,,,0.28421052631578947,-0.015331001409897058,0.07248129007677737,-0.2115166740776463,0.8329623598801714,0.04473930341286925,0.9845406949969945,1.0
100013433|F|0-44:A>G-44:A>G,,,0.06842105263157895,-0.024820416788388398,0.11771007557981672,-0.21086059681915842,0.8334727456991333,0.04446219129093168,0.9845406949969945,1.0
100028760|F|0-23:G>T-23:G>T,,,0.3473684210526316,-0.015503824479329048,0.07356057106984752,-0.21076269873717804,0.8335489102205855,0.04442091517897847,0.9845406949969945,1.0
100019630|F|0-24:A>T-24:A>T,,,0.30526315789473685,0.016920994284029205,0.08083365670999076,0.2093310506134486,0.8346629108095988,0.043819488750930176,0.9849031119784223,1.0
100035750|F|0-64:T>C-64:T>C,,,0.3631578947368421,0.01749267998332602,0.0840083757507751,0.20822542784568265,0.835523454100967,0.043357828801517596,0.9849031119784223,1.0
100016739|F|0-27:A>C-27:A>C,Vu02 (old7),30482677.0,0.28421052631578947,-0.015625839704328837,0.07522878572683549,-0.20771091216423573,0.835923987253228,0.04314382303209885,0.9849031119784223,1.0
100013697|F|0-16:T>C-16:T>C,,,0.4105263157894737,-0.015565306851999134,0.07541471973180194,-0.20639613735029683,0.8369476915070301,0.04259936551312259,0.9849031119784223,1.0
100017951|F|0-58:G>A-58:G>A,,,0.3684210526315789,-0.01399937569396259,0.06856268206150537,-0.2041836064902508,0.8386710356349181,0.04169094515936559,0.9849031119784223,1.0
100017564|F|0-8:A>T-8:A>T,Vu07 (old2),38265563.0,0.07894736842105263,0.023581860658682074,0.11575034693893417,0.2037303669692069,0.8390241620743475,0.04150606242540771,0.9849031119784223,1.0
100029213|F|0-12:G>A-12:G>A,,,0.4789473684210527,-0.012944927850955638,0.06368403311906008,-0.20326802837305435,0.8393844117087698,0.04131789135866883,0.9849031119784223,1.0
100046760|F|0-25:T>G-25:T>G,,,0.37894736842105264,-0.013484827226562544,0.06635267127456333,-0.20322960579481641,0.8394143517404968,0.041302272671516475,0.9849031119784223,1.0
100054559|F|0-34:G>C-34:G>C,,,0.11290322580645162,0.017469889333408806,0.0860216190697311,0.2030871950834512,0.839525324522182,0.04124440880686376,0.9849031119784223,1.0
100018671|F|0-6:A>T-6:A>T,Vu11 (old9),36066452.0,0.2631578947368421,0.015264556608184284,0.07627064610186807,0.2001367156087382,0.8418251963549357,0.04005470493465295,0.9849031119784223,1.0
100014250|F|0-55:T>C-55:T>C,,,0.45263157894736844,-0.01325481436136984,0.06634414624530464,-0.19978875472088722,0.8420965195755197,0.03991554651292284,0.9849031119784223,1.0
100014812|F|0-31:G>T-31:G>T,,,0.3157894736842105,-0.01335453015413144,0.06705217310457577,-0.19916625421376688,0.8425819631695439,0.03966719681754281,0.9849031119784223,1.0
100041955|F|0-54:C>T-54:C>T,,,0.29473684210526313,0.013309698031688853,0.06684618142256869,0.1991093245484209,0.8426263615799365,0.039644523122128406,0.9849031119784223,1.0
100014556|F|0-12:G>A-12:G>A,,,0.3684210526315789,0.015704619715166106,0.07916371895604105,0.19838153035592923,0.8431939997983001,0.03935523158636047,0.9849031119784223,1.0
100013792|F|0-5:A>G-5:A>G,Vu03 (old3),47359227.0,0.3526315789473684,0.01340620352586515,0.06841752391298635,0.19594692644701975,0.8450934532278683,0.03839519798403377,0.9849031119784223,1.0
100051142|F|0-37:G>C-37:G>C,,,0.2765957446808511,-0.01291652743258043,0.06674737418921332,-0.19351364139007282,0.8469927929982954,0.03744752940404571,0.9849031119784223,1.0
100044913|F|0-36:G>T-36:G>T,,,0.12637362637362637,-0.017257636589374546,0.08957433216746424,-0.19266274357603275,0.8476571888879558,0.03711893276224415,0.9849031119784223,1.0
100028819|F|0-28:A>T-28:A>T,,,0.19780219780219777,0.01591581822527236,0.08322158537077493,0.1912462752825849,0.8487634360413195,0.03657513780946224,0.9849031119784223,1.0
100021950|F|0-63:C>T-63:C>T,,,0.09473684210526316,-0.019503778207656582,0.10215218185903933,-0.1909286503010774,0.8490115395375736,0.0364537495057911,0.9849031119784223,1.0
100046246|F|0-7:G>A-7:G>A,,,0.06842105263157895,0.024938470313038905,0.13162582556220725,0.18946487291927994,0.8501551227267685,0.03589693807031889,0.9849031119784223,1.0
100022099|F|0-31:T>C-31:T>C,,,0.2,-0.017385098597479044,0.09223613622870373,-0.18848467973953173,0.8509210827757833,0.035526474496513846,0.9849031119784223,1.0
100034804|F|0-11:G>A-11:G>A,Vu01 (old4),5843731.0,0.4789473684210526,0.012532690613453499,0.06667681128041086,0.18796175721041877,0.8513297727882924,0.035329622173628415,0.9849031119784223,1.0
100033264|F|0-61:C>T-61:C>T,,,0.07368421052631578,0.02233181262040296,0.11884907862048569,0.18790059527271497,0.8513775765444374,0.035306633703840636,0.9849031119784223,1.0
100022248|F|0-57:T>A-57:T>A,,,0.35789473684210527,-0.015109907453973071,0.08058803499400465,-0.18749566799956313,0.8516940789569244,0.0351546255186024,0.9849031119784223,1.0
100014503|F|0-24:T>A-24:T>A,,,0.09473684210526316,-0.019356703214346967,0.1034556153463965,-0.18710152319461495,0.8520021768194386,0.03500697998174504,0.9849031119784223,1.0
100041134|F|0-8:G>C-8:G>C,,,0.12105263157894737,0.01795999635076521,0.09623807111272838,0.18662049377244672,0.8523782223680373,0.034827208695871824,0.9849031119784223,1.0
100033723|F|0-20:T>C-20:T>C,,,0.15760869565217392,0.016612270845109717,0.08910994565835466,0.18642443020671065,0.8525315051785377,0.03475406817789673,0.9849031119784223,1.0
100014505|F|0-46:G>T-46:G>T,,,0.25263157894736843,0.01500148196207717,0.08116223910059263,0.18483326887377152,0.8537756866200606,0.03416333728256392,0.9849031119784223,1.0
100018646|F|0-46:C>T-46:C>T,,,0.18947368421052632,0.014225427091940664,0.07722731310172586,0.18420202025159876,0.8542693833561296,0.0339303842647704,0.9849031119784223,1.0
100029235|F|0-18:C>T-18:C>T,,,0.08947368421052632,-0.021287720815988367,0.11592362476235708,-0.18363574171898178,0.8547123166543431,0.03372208563668059,0.9849031119784223,1.0
100014460|F|0-15:A>T-15:A>T,,,0.3894736842105263,-0.01377294226698652,0.07513773455084817,-0.18330260220536618,0.8549729143942727,0.03359984397525871,0.9849031119784223,1.0
100057957|F|0-57:C>A-57:C>A,,,0.37368421052631584,0.017497268375663785,0.09590853770248994,0.18243702588752458,0.8556500849129111,0.03328326841468532,0.9849031119784223,1.0
100028792|F|0-46:G>T-46:G>T,,,0.14736842105263157,-0.015207696136570279,0.08349098977879814,-0.18214775243246847,0.8558764177405295,0.03317780371619983,0.9849031119784223,1.0
100016704|F|0-41:C>T-41:C>T,,,0.39473684210526316,0.013244963140840518,0.07274382307809722,0.1820768084545244,0.855931927444227,0.033151964176985564,0.9849031119784223,1.0
100015370|F|0-45:C>T-45:C>T,Vu06 (old6),29854679.0,0.07894736842105263,0.022028275569782832,0.12143789051088334,0.1813954069616241,0.8564651229564949,0.03290429366677322,0.9849031119784223,1.0
100020284|F|0-15:A>T-15:A>T,Vu05 (old1),16272496.0,0.24736842105263157,0.015468339755170403,0.08640630515038578,0.17901864601487755,0.8583254542219924,0.032047675621000034,0.9849031119784223,1.0
100035529|F|0-67:G>T-67:G>T,,,0.24736842105263157,-0.015468339755045876,0.08640630515038535,-0.17901864601343728,0.85832545422312,0.03204767562048436,0.9849031119784223,1.0
100040451|F|0-37:G>A-37:G>A,,,0.3894736842105263,-0.012962837116000903,0.07252011639660584,-0.17874815651299206,0.8585372218707341,0.031950903456793106,0.9849031119784223,1.0
100018919|F|0-66:C>A-66:C>A,,,0.06315789473684211,0.020215672798136984,0.1132075118718505,0.17857183206200022,0.8586752727805854,0.03188789920597921,0.9849031119784223,1.0
100041853|F|0-21:T>C-21:T>C,,,0.15217391304347827,-0.016255827764755166,0.09143800354352692,-0.177779775747367,0.8592954569901843,0.0316056486647841,0.9849031119784223,1.0
100048192|F|0-15:C>T-15:C>T,,,0.30526315789473685,-0.01647848261126619,0.09309923957821759,-0.17699911069006902,0.8599068081674143,0.031328685185075304,0.9849031119784223,1.0
100017684|F|0-22:A>G-22:A>G,,,0.24210526315789474,-0.015377032894873577,0.08745807927396532,-0.17582175394802022,0.8608289762717416,0.030913289161358163,0.9849031119784223,1.0
100021757|F|0-47:G>A-47:G>A,,,0.3,-0.01514181199646175,0.0865200588574122,-0.17500926601790617,0.861465472421567,0.03062824319212625,0.9849031119784223,1.0
100041823|F|0-64:C>T-64:C>T,,,0.4473684210526316,0.013267177373120345,0.07615490087418114,0.17421304762827586,0.8620893119108078,0.03035018596393191,0.9849031119784223,1.0
100017309|F|0-5:C>G-5:C>G,,,0.07368421052631578,0.020071834737085174,0.11524461080658292,0.1741672308718374,0.8621252121417008,0.030334224309563906,0.9849031119784223,1.0
100033468|F|0-18:T>A-18:T>A,Vu04 (old11),40488211.0,0.16842105263157894,0.013705387873888935,0.07881031754145396,0.17390347230462494,0.8623318887403786,0.030242417679605452,0.9849031119784223,1.0
100059522|F|0-10:G>T-10:G>T,,,0.19473684210526315,-0.012862389301225173,0.0753336634363805,-0.17073893282898023,0.8648123096445632,0.02915178318357902,0.9867460341172012,1.0
100034929|F|0-54:T>A-54:T>A,,,0.32105263157894737,-0.011575183712393867,0.0679843427319691,-0.17026249349838501,0.8651858690091111,0.0289893166922876,0.9867460341172012,1.0
100039121|F|0-17:A>G-17:A>G,,,0.1368421052631579,0.016187406083148823,0.09631244712996012,0.16807179721335697,0.8669039100536414,0.028248129018527787,0.9879972212717361,1.0
100052713|F|0-20:C>T-20:C>T,,,0.17894736842105263,0.012974672658326821,0.07926385751991763,0.16368964448981696,0.8703424992996802,0.026794299713202664,0.9889051742830915,1.0
100044112|F|0-18:T>G-18:T>G,,,0.16666666666666674,-0.013829412094492944,0.08489003303936636,-0.16290972684719984,0.8709547486801403,0.026539579101429265,0.9889051742830915,1.0
100043408|F|0-39:C>A-39:C>A,,,0.05851063829787234,0.02091453121291356,0.12890985061661395,0.16224152857887253,0.871479358902459,0.02632231359560911,0.9889051742830915,1.0
100045081|F|0-27:C>A-27:C>A,,,0.16842105263157894,0.016181400588414843,0.1000093156676028,0.16179893323334354,0.8718268773156024,0.026178894795447962,0.9889051742830915,1.0
100030153|F|0-21:A>T-21:A>T,,,0.11578947368421053,0.015784744538284778,0.09802353144447155,0.16103015577669258,0.8724305681887801,0.02593071106946588,0.9889051742830915,1.0
100019661|F|0-30:A>T-30:A>T,,,0.3631578947368421,-0.010829373175694882,0.06734542708377239,-0.1608033929642171,0.8726086506020215,0.02585773118880443,0.9889051742830915,1.0
100033513|F|0-54:T>C-54:T>C,Vu06 (old6),29636850.0,0.06842105263157895,-0.01848388877748185,0.11622371314344848,-0.15903715582265224,0.8739959440410359,0.02529281693215857,0.9889051742830915,1.0
100038790|F|0-27:T>A-27:T>A,,,0.14736842105263157,-0.016080037379267893,0.10116420129841333,-0.15894987725781703,0.8740645073619602,0.025265063480275102,0.9889051742830915,1.0
100016806|F|0-26:T>A-26:T>A,,,0.14736842105263157,-0.016080037379267893,0.10116420129841333,-0.15894987725781703,0.8740645073619602,0.025265063480275102,0.9889051742830915,1.0
100059435|F|0-20:G>A-20:G>A,,,0.32105263157894737,-0.0120720965236059,0.07632639645161443,-0.15816410946714562,0.8746818252857571,0.025015885523535224,0.9889051742830915,1.0
100058699|F|0-62:C>A-62:C>A,,,0.05263157894736842,-0.022082200380333917,0.14071891102539505,-0.15692418467016717,0.875656097391339,0.024625199734396728,0.9889051742830915,1.0
100015193|F|0-65:C>A-65:C>A,,,0.07894736842105263,-0.023314337754203992,0.1492871742594179,-0.15617107008597014,0.8762479515469536,0.024389403131796997,0.9889051742830915,1.0
100028703|F|0-9:T>G-9:T>G,,,0.45789473684210524,0.011225546660383175,0.07196278708019826,0.1559909936210915,0.8763894796312195,0.02433319009089541,0.9889051742830915,1.0
100016297|F|0-36:A>G-36:A>G,,,0.5,-0.010581319365250204,0.06784006279160089,-0.15597449250238976,0.8764024486104081,0.02432804231137804,0.9889051742830915,1.0
100029970|F|0-30:G>A-30:G>A,,,0.21578947368421053,-0.017306465372989965,0.11203357618553644,-0.1544757023941563,0.8775805561573498,0.02386274263016795,0.9889826703959439,1.0
100014259|F|0-39:T>A-39:T>A,,,0.41578947368421054,-0.010685644630496276,0.06959453442077108,-0.15354143424382266,0.878315067087633,0.02357497202965012,0.9889826703959439,1.0
100020025|F|0-58:A>C-58:A>C,,,0.32105263157894737,-0.011312419878909942,0.07527632074194097,-0.15027859713934066,0.8808811037369184,0.022583656758168247,0.9889826703959439,1.0
100013175|F|0-57:A>T-57:A>T,,,0.38421052631578945,-0.010099655520872263,0.06727285174007004,-0.15012973673088037,0.8809982045693924,0.02253893785088345,0.9889826703959439,1.0
100033689|F|0-56:C>T-56:C>T,,,0.3473684210526316,0.009909253028819938,0.06612887272661347,0.14984760241999368,0.8812201523874248,0.022454303951020493,0.9889826703959439,1.0
100014994|F|0-36:G>A-36:G>A,Vu09 (old8),3414321.0,0.4368421052631579,0.009900532783237043,0.06613399619732659,0.1497041363370276,0.8813330171102488,0.022411328436415343,0.9889826703959439,1.0
100017906|F|0-31:G>A-31:G>A,,,0.28421052631578947,-0.011576589791234838,0.07772156974050894,-0.148949510797143,0.8819267210762861,0.022185956766708217,0.9889826703959439,1.0
100014340|F|0-44:A>G-44:A>G,,,0.06842105263157895,-0.019312201884259077,0.12966284510730391,-0.14894167923183432,0.881932882938668,0.022183623812398627,0.9889826703959439,1.0
100021067|F|0-49:G>A-49:G>A,Vu03 (old3),51946113.0,0.4421052631578948,-0.010106527670512453,0.06989006686758996,-0.14460606669127601,0.8853452404046115,0.020910914523921766,0.9889826703959439,1.0
100018535|F|0-10:A>T-10:A>T,,,0.05263157894736842,-0.020259401591560366,0.14017902248606157,-0.1445252023609654,0.8854089056777236,0.020887534117477995,0.9889826703959439,1.0
100015598|F|0-56:T>C-56:T>C,,,0.33157894736842103,-0.010439430065137763,0.07236915016818324,-0.1442524893670426,0.8856236208113466,0.02080878068858874,0.9889826703959439,1.0
100017220|F|0-61:C>T-61:C>T,,,0.3894736842105263,-0.010352030835719447,0.07177350365908261,-0.14423192832957715,0.8856398094802446,0.02080284914966828,0.9889826703959439,1.0
100058672|F|0-30:C>T-30:C>T,,,0.18681318681318682,-0.014820150007565898,0.10328389119968301,-0.14348946225228376,0.8862244203010455,0.020589225777449566,0.9889826703959439,1.0
100033600|F|0-16:A>G-16:A>G,,,0.14210526315789473,0.01388301691677875,0.09804389994461234,0.14160000698280711,0.8877124429021558,0.020050561977531023,0.9889826703959439,1.0
100014230|F|0-12:A>G-12:A>G,,,0.22631578947368422,0.010346076940512023,0.07369021775110515,0.14039959788769737,0.8886580231383947,0.019712047087027118,0.9889826703959439,1.0
100040928|F|0-53:C>A-53:C>A,,,0.41578947368421054,0.010816310625806935,0.077199736717798,0.14010812841688475,0.8888876423698489,0.019630287648482268,0.9889826703959439,1.0
100017777|F|0-23:A>G-23:A>G,,,0.15789473684210525,0.011634934005013264,0.08337220963342408,0.13955410389349684,0.8893241282132233,0.019475347913516912,0.9889826703959439,1.0
100035901|F|0-29:T>A-29:T>A,,,0.3924731182795699,0.009124483319238602,0.06540736378177409,0.13950238614847157,0.8893648755597795,0.019460915741117274,0.9889826703959439,1.0
100013779|F|0-68:G>C-68:G>C,Vu08 (old5),35689785.0,0.21052631578947367,-0.010858262968739223,0.07802617463197098,-0.1391618007669196,0.8896332231877812,0.019366006792691827,0.9889826703959439,1.0
100032815|F|0-7:G>A-7:G>A,,,0.4787234042553191,-0.009505149593761157,0.0687147171305282,-0.1383277118889319,0.8902904570467742,0.01913455587642735,0.9889826703959439,1.0
100020980|F|0-48:G>A-48:G>A,,,0.1736842105263158,-0.011462905697645808,0.0833426308969931,-0.13753952298210176,0.8909115937356051,0.018917120382144097,0.9889826703959439,1.0
100013293|F|0-29:C>A-29:C>A,,,0.4421052631578948,0.010199779101763977,0.07427158059657638,0.13733084740940799,0.8910760531038605,0.0188597616501861,0.9889826703959439,1.0
100014015|F|0-51:C>G-51:C>G,,,0.4368421052631579,0.010651370903434003,0.07771980959698847,0.1370483401679194,0.8912987075606732,0.01878224754278175,0.9889826703959439,1.0
100014176|F|0-46:T>C-46:T>C,,,0.14210526315789473,0.013383257411698922,0.09773596382169579,0.13693278183775437,0.8913897858879846,0.018750586741826034,0.9889826703959439,1.0
100016054|F|0-59:T>A-59:T>A,,,0.1736842105263158,-0.011664369123649493,0.08619566862203999,-0.13532430701125678,0.8926576703851032,0.01831266806807688,0.9896992011029264,1.0
100034716|F|0-53:A>G-53:A>G,,,0.3263157894736842,-0.010655510439915512,0.07963477214560888,-0.13380474575142065,0.8938557248917548,0.017903709985602322,0.9898150451834918,1.0
100013444|F|0-54:G>C-54:G>C,Vu03 (old3),47172807.0,0.2,-0.009722950701550565,0.07328030434773254,-0.13268163646554798,0.8947413666385196,0.01760441665517583,0.9898150451834918,1.0
100019864|F|0-41:A>G-41:A>G,,,0.16842105263157894,-0.011405271539643836,0.08689994618947704,-0.13124601383268675,0.895873638788656,0.0172255161469698,0.9898150451834918,1.0
100020903|F|0-13:G>T-13:G>T,,,0.25263157894736843,0.010117794081310022,0.07714240608251191,0.1311573568302754,0.8959435694503259,0.01720225225070419,0.9898150451834918,1.0
100035309|F|0-20:A>C-20:A>C,,,0.15425531914893617,0.010280689718887504,0.07908782648525978,0.12999079853084086,0.8968638009240052,0.016897607702685658,0.9898150451834918,1.0
100017645|F|0-21:T>C-21:T>C,,,0.0797872340425532,0.013700856389695228,0.10572182795869932,0.12959344966157343,0.8971772791143091,0.01679446219518677,0.9898150451834918,1.0
100018572|F|0-44:T>A-44:T>A,,,0.06842105263157895,0.01655640373126023,0.12817023497563365,0.1291751063295449,0.8975073379811869,0.016686208095249233,0.9898150451834918,1.0
100052563|F|0-36:T>C-36:T>C,,,0.20526315789473681,-0.010479912706610488,0.08131451519676632,-0.12888120504993492,0.897739227026888,0.01661036501512337,0.9898150451834918,1.0
100029251|F|0-32:C>A-32:C>A,,,0.4842105263157895,0.0092281108743375,0.07221588511178334,0.1277850553247843,0.8986041708103834,0.016329020364358182,0.9900825732405263,1.0
100013227|F|0-14:G>A-14:G>A,,,0.1,-0.01307068587875831,0.10300476190051838,-0.12689399633176116,0.8993073730313293,0.016102086305045015,0.9901716473998928,1.0
100018973|F|0-53:T>G-53:T>G,,,0.13157894736842105,0.012670618994083333,0.10172731349061265,0.12455473912866648,0.9011538393660256,0.01551388303941016,0.9904853817975606,1.0
100017435|F|0-33:T>G-33:T>G,,,0.3763440860215054,0.008349774349367728,0.06777455186900964,0.12319925575466205,0.9022240244702264,0.01517805661850263,0.9904853817975606,1.0
100021415|F|0-54:A>G-54:A>G,,,0.2,0.011610632223649874,0.09464089392605862,0.12268092303440277,0.9026333078635662,0.015050608876573056,0.9904853817975606,1.0
100021389|F|0-57:T>C-57:T>C,,,0.2736842105263158,-0.008154889191612225,0.0665599326323,-0.12251949287062296,0.9027607809527176,0.01501102613327463,0.9904853817975606,1.0
100019656|F|0-61:T>G-61:T>G,,,0.3263157894736842,-0.008972889533181344,0.07393468480639344,-0.12136238298273534,0.9036745654705478,0.014728828003248129,0.9904853817975606,1.0
100019858|F|0-55:G>C-55:G>C,Vu07 (old2),32970913.0,0.05789473684210526,0.015432174186234816,0.12740243617955374,0.12112934924168631,0.9038586109385923,0.014672319247714411,0.9904853817975606,1.0
100014153|F|0-9:C>A-9:C>A,,,0.2,0.009776993841511684,0.08103063244689436,0.12065799742979058,0.9042308913793096,0.01455835234376735,0.9904853817975606,1.0
100028909|F|0-9:C>T-9:C>T,,,0.4368421052631579,-0.007675918195109019,0.06472718724767303,-0.11858878041058353,0.9058654408805951,0.0140632988392696,0.9904853817975606,1.0
100021278|F|0-44:C>G-44:C>G,Vu09 (old8),41151722.0,0.10638297872340426,0.009714534143676453,0.08226494947172128,0.11808837428406666,0.9062607909718312,0.013944864141053816,0.9904853817975606,1.0
100014119|F|0-65:C>G-65:C>G,Vu07 (old2),13031414.0,0.06315789473684211,0.01585521769989123,0.13452469856913013,0.11786101636751471,0.9064404248254231,0.01389121917918357,0.9904853817975606,1.0
100043120|F|0-10:T>G-10:T>G,,,0.06315789473684211,0.01585521769989123,0.13452469856913013,0.11786101636751471,0.9064404248254231,0.01389121917918357,0.9904853817975606,1.0
100036115|F|0-39:C>T-39:C>T,,,0.08602150537634408,-0.01203508831305492,0.10429660096336926,-0.1153929102376198,0.9083907689101343,0.013315523733107381,0.9909682321914651,1.0
100016238|F|0-41:C>A-41:C>A,,,0.4842105263157895,-0.007125196013678598,0.06203962831986872,-0.11484910865264956,0.9088205671135592,0.013190317758308106,0.9909682321914651,1.0
100021572|F|0-58:T>G-58:T>G,,,0.2736842105263158,-0.009369987261295116,0.08185729222670805,-0.11446734929057323,0.9091223100898259,0.013102774053610095,0.9909682321914651,1.0
100034779|F|0-8:A>T-8:A>T,,,0.2578947368421053,-0.009233086658477501,0.08170417005576605,-0.11300630863976203,0.9102772408152018,0.012770425792385156,0.9909682321914651,1.0
100030808|F|0-36:G>C-36:G>C,,,0.15263157894736842,0.010028181631106492,0.08881614906948268,0.11290943973782562,0.9103538210716504,0.012748541581909675,0.9909682321914651,1.0
100030242|F|0-19:A>G-19:A>G,,,0.23157894736842105,0.008208791268661662,0.0729194337360822,0.11257343684773796,0.9106194566083734,0.012672778683711647,0.9909682321914651,1.0
100036118|F|0-16:G>C-16:G>C,,,0.22580645161290325,0.008525957071382843,0.07712198198048335,0.11055158143550356,0.9122180986745974,0.012221652157890775,0.9914421411918916,1.0
100018809|F|0-13:A>G-13:A>G,,,0.08421052631578947,0.012630930512914822,0.11482871686235434,0.10999801145610266,0.9126558590533858,0.012099562524296892,0.9914421411918916,1.0
100046321|F|0-34:T>C-34:T>C,,,0.42105263157894735,0.007645176551513019,0.06975251033802646,0.10960432125616495,0.9129672037060307,0.012013107238024612,0.9914421411918916,1.0
100017653|F|0-34:G>A-34:G>A,,,0.08947368421052632,-0.011321748048640683,0.10471060659720031,-0.10812417592224507,0.9141378780650693,0.011690837418864602,0.9914421411918916,1.0
100044425|F|0-18:G>C-18:G>C,,,0.16489361702127658,-0.009920918710227123,0.09240150949377889,-0.10736749610021326,0.9147364234845898,0.011527779218829309,0.9914421411918916,1.0
100017444|F|0-55:C>A-55:C>A,,,0.23684210526315788,0.007857447665908212,0.07323228213488266,0.10729486282341981,0.9147938801192312,0.011512187588296474,0.9914421411918916,1.0
100029472|F|0-28:G>A-28:G>A,,,0.20526315789473684,0.008775704610280679,0.08255862409637889,0.10629664321968262,0.9155835685822735,0.011298976359772499,0.9916225034815501,1.0
100036149|F|0-36:T>A-36:T>A,,,0.05789473684210526,-0.011878512274722728,0.11299621494476352,-0.10512309886246507,0.9165120642030429,0.011050865914447604,0.9919528531612525,1.0
100029037|F|0-30:A>C-30:A>C,,,0.2736842105263158,-0.008033997233913955,0.07773463400337609,-0.10335157985776368,0.9179138898574166,0.010681549059095703,0.9926877793935425,1.0
100017079|F|0-12:A>G-12:A>G,,,0.2631578947368421,0.0069452050724272026,0.06763398107557284,0.10268810089216501,0.9184389762836546,0.01054484606483946,0.9926877793935425,1.0
100022316|F|0-39:A>G-39:A>G,,,0.22105263157894736,-0.00739875351394198,0.07380517972965268,-0.10024707670983946,0.9203711461224633,0.010049476388868436,0.9927683316077417,1.0
100043366|F|0-29:G>T-29:G>T,,,0.12105263157894737,-0.010137769985178563,0.10250504282067677,-0.09890020730895814,0.9214374533886726,0.009781251005754898,0.9927683316077417,1.0
100038915|F|0-9:A>C-9:A>C,,,0.12105263157894737,-0.010137769985178563,0.10250504282067677,-0.09890020730895814,0.9214374533886726,0.009781251005754898,0.9927683316077417,1.0
100020360|F|0-56:A>G-56:A>G,,,0.28421052631578947,0.007071572291340169,0.07163058663841651,0.09872280297014326,0.9215779139322772,0.009746191826281727,0.9927683316077417,1.0
100019346|F|0-50:A>C-50:A>C,,,0.23684210526315788,0.007347857112922357,0.07448210177904488,0.09865265530127179,0.9216334542958106,0.009732346397991549,0.9927683316077417,1.0
100058467|F|0-48:T>C-48:T>C,,,0.0888888888888889,0.008977358430409128,0.09185978414502466,0.09772893017292554,0.9223648622785956,0.009550943792744557,0.992883962033319,1.0
100043230|F|0-12:G>T-12:G>T,,,0.08421052631578947,0.013277657968579762,0.13849859281230573,0.09586854060368497,0.9238381256007889,0.009190777077480393,0.9937720405838762,1.0
100028871|F|0-35:G>C-35:G>C,,,0.5,-0.006897183279242879,0.07309788027297065,-0.09435544852308454,0.925036556300444,0.008902950665992457,0.9937720405838762,1.0
100035171|F|0-38:C>T-38:C>T,,,0.25263157894736843,-0.0067735402607305446,0.07355414719107731,-0.09208916858398744,0.926831865276917,0.00848041497049006,0.9937720405838762,1.0
100033389|F|0-27:G>C-27:G>C,,,0.15789473684210525,0.007574894025511862,0.08297000666569639,0.09129677494221139,0.9274596760977553,0.008335101114848798,0.9937720405838762,1.0
100017888|F|0-29:G>T-29:G>T,Vu09 (old8),42671828.0,0.0625,0.01002425882504354,0.11095711897790073,0.09034353917426485,0.928214982406623,0.008161955070531928,0.9937720405838762,1.0
100033379|F|0-46:C>G-46:C>G,,,0.3105263157894737,0.008404655972163945,0.09493111959980764,0.08853425523257998,0.9296487677290327,0.007838314349587615,0.9937720405838762,1.0
100015669|F|0-64:A>C-64:A>C,,,0.06842105263157895,-0.010096628282602738,0.11573386679657026,-0.08724004962479961,0.9306745167657061,0.0076108262585375,0.9937720405838762,1.0
100029189|F|0-11:C>A-11:C>A,,,0.3473684210526316,-0.006677718543293008,0.07678124963368388,-0.08697069369347041,0.9308880150785672,0.007563901561523453,0.9937720405838762,1.0
100016431|F|0-28:C>T-28:C>T,,,0.1,0.008791647162864543,0.10124282781094787,0.08683723433013257,0.9309938002144021,0.007540705266106355,0.9937720405838762,1.0
100030222|F|0-14:T>A-14:T>A,,,0.11702127659574468,0.008040486614657876,0.0929022786595652,0.08654778688606503,0.9312232318894701,0.007490519414875729,0.9937720405838762,1.0
100035083|F|0-24:G>C-24:G>C,,,0.34782608695652173,0.005737102903194254,0.06662131485487759,0.0861151257025096,0.9315661933374183,0.007415814874759031,0.9937720405838762,1.0
100012953|F|0-27:C>A-27:C>A,,,0.45789473684210524,0.005574083257123696,0.06556713103388057,0.08501337742295595,0.9324395842833559,0.007227274340857956,0.9937720405838762,1.0
100035290|F|0-26:T>C-26:T>C,,,0.13157894736842105,0.007205458607504862,0.0849703383430225,0.08479969302248343,0.932608988321963,0.0071909879367074245,0.9937720405838762,1.0
100041232|F|0-30:T>A-30:T>A,,,0.11052631578947368,0.008213965094951361,0.09716751558433788,0.08453406517141973,0.9328195762499448,0.007146008174405838,0.9937720405838762,1.0
100051719|F|0-44:C>T-44:C>T,,,0.4842105263157895,-0.006284980072292688,0.07443148282844617,-0.08443980736993593,0.9328943043347728,0.007130081068671887,0.9937720405838762,1.0
100029425|F|0-25:A>T-25:A>T,,,0.41578947368421054,0.006154661851601839,0.07320471999826857,0.0840746587344014,0.9331838017802082,0.007068548241306057,0.9937720405838762,1.0
100040340|F|0-28:T>C-28:T>C,,,0.4574468085106383,-0.005888491260431557,0.07166673537453647,-0.08216491555891028,0.9346980314576023,0.006751073348802857,0.9938285576682657,1.0
100034576|F|0-39:C>T-39:C>T,,,0.35789473684210527,-0.0053637506473624644,0.06603566786063843,-0.08122505338602944,0.9354433339316202,0.006597509297563332,0.9938285576682657,1.0
100018699|F|0-47:A>G-47:A>G,,,0.16304347826086954,0.0063934487736954865,0.07881999713927865,0.08111455221697055,0.9355309641833162,0.006579570581359641,0.9938285576682657,1.0
100014336|F|0-17:A>G-17:A>G,,,0.3631578947368421,0.006103521180002362,0.07548571496160769,0.08085663867801524,0.9357354993004791,0.0065377960183071095,0.9938285576682657,1.0
100018711|F|0-35:A>G-35:A>G,Vu02 (old7),32416848.0,0.08947368421052632,-0.00800373509769183,0.10416858131510609,-0.07683444467272553,0.9389257995607034,0.005903531888166121,0.9955594802299814,1.0
100020752|F|0-41:T>G-41:T>G,,,0.4473684210526316,-0.005663524314280611,0.07497221883666097,-0.07554163931868561,0.9399514335472312,0.005706539270954388,0.9955594802299814,1.0
100017840|F|0-30:G>A-30:G>A,,,0.07894736842105263,0.00810035248787823,0.10880690142441753,0.0744470468493685,0.9408198965998591,0.005542362784592068,0.9955594802299814,1.0
100021718|F|0-14:T>C-14:T>C,Vu02 (old7),26744915.0,0.11052631578947368,0.008310183853176063,0.11176687071618543,0.07435283639888676,0.9408946476827892,0.00552834428055962,0.9955594802299814,1.0
100017310|F|0-9:T>G-9:T>G,,,0.3,0.004886744341050206,0.06573019566874676,0.07434550120126515,0.9409004678020705,0.005527253548867318,0.9955594802299814,1.0
100036126|F|0-34:T>C-34:T>C,,,0.3,-0.004705570819535094,0.06578009870853024,-0.07153487014948617,0.9431307988235433,0.005117237647303848,0.9955594802299814,1.0
100038434|F|0-16:C>A-16:C>A,,,0.09473684210526316,0.009325118539794022,0.13220000585967567,0.07053795859655418,0.9439219917888011,0.004975603602969191,0.9955594802299814,1.0
100038720|F|0-23:G>A-23:G>A,,,0.47368421052631576,0.005366573228011335,0.07636844178282132,0.07027213208399542,0.9441329729628487,0.0049381725476304985,0.9955594802299814,1.0
100021820|F|0-10:T>A-10:T>A,,,0.1,-0.008930425031365591,0.12883605004137585,-0.06931619704653763,0.9448917122614515,0.004804735172994432,0.9955594802299814,1.0
100035888|F|0-14:T>C-14:T>C,,,0.2631578947368421,-0.005450702577899631,0.07934894488552403,-0.06869281734953511,0.945386525060987,0.004718703155416592,0.9955594802299814,1.0
100048583|F|0-60:A>G-60:A>G,,,0.3602150537634409,-0.004302388277545202,0.06295024900499387,-0.06834585002521423,0.9456619425423539,0.004671155215669076,0.9955594802299814,1.0
100014517|F|0-34:C>T-34:C>T,,,0.20526315789473684,0.00540358996531613,0.07927053556709006,0.06816643695743471,0.9458043605489134,0.004646663127471921,0.9955594802299814,1.0
100029979|F|0-5:G>A-5:G>A,,,0.16842105263157894,0.005804245760621263,0.08521099732498078,0.0681161580410193,0.9458442722445904,0.004639810986269118,0.9955594802299814,1.0
100017082|F|0-22:G>A-22:G>A,,,0.25263157894736843,-0.005018517471135609,0.0749984476346683,-0.06691495130114908,0.94679783798816,0.004477610707635153,0.9955594802299814,1.0
100020248|F|0-34:C>A-34:C>A,,,0.19473684210526315,-0.00550881249031654,0.0846482131006905,-0.06507889875671342,0.9482555188975064,0.004235263063386556,0.9955594802299814,1.0
100030458|F|0-10:C>T-10:C>T,,,0.16842105263157894,-0.005455065893685884,0.08631879721936118,-0.06319673199132947,0.949749993622024,0.003993826934383926,0.9955594802299814,1.0
100013537|F|0-44:C>G-44:C>G,,,0.23684210526315788,-0.0046262290691350275,0.0743156626350287,-0.0622510639763098,0.9505009394408555,0.0038751949661826155,0.9955594802299814,1.0
100019488|F|0-31:C>T-31:C>T,,,0.07065217391304349,0.0059427188160084705,0.09652521185122717,0.061566493375512,0.9510445782587578,0.0037904331065569635,0.9955594802299814,1.0
100033340|F|0-7:A>T-7:A>T,,,0.28421052631578947,0.004599094390413411,0.07539423583181262,0.0610006101881972,0.9514939812093053,0.0037210744433323877,0.9955594802299814,1.0
100021071|F|0-60:A>G-60:A>G,Vu07 (old2),39201975.0,0.33157894736842103,-0.004887246863673059,0.080193036859795,-0.06094353144672208,0.9515393118527407,0.003714114025197603,0.9955594802299814,1.0
100033546|F|0-50:C>T-50:C>T,,,0.35789473684210527,0.006382959683602972,0.10520614580754024,0.06067097729518286,0.9517557703812207,0.003680967485952594,0.9955594802299814,1.0
100017737|F|0-19:T>C-19:T>C,,,0.22105263157894736,-0.006402646795029668,0.107272561853175,-0.059685782500403343,0.9525382277716758,0.003562392632685454,0.9955594802299814,1.0
100019787|F|0-26:A>G-26:A>G,,,0.2894736842105263,-0.005584456654287594,0.09414969418316226,-0.05931465527039725,0.9528329950304842,0.003518228329846064,0.9955594802299814,1.0
100013715|F|0-6:A>G-6:A>G,,,0.13157894736842105,-0.005206824134833984,0.0878550109281053,-0.059266103092228885,0.9528715580130422,0.0035124709757387023,0.9955594802299814,1.0
100034443|F|0-52:T>G-52:T>G,,,0.4421052631578948,0.003779765704035823,0.064760476585898,0.05836531636734266,0.9535870358224444,0.003406510154659997,0.9955594802299814,1.0
100038797|F|0-19:T>G-19:T>G,,,0.24210526315789474,0.004620169545850586,0.07924080351904325,0.05830543533976483,0.9536345995414782,0.0033995237901594975,0.9955594802299814,1.0
100015350|F|0-49:A>G-49:A>G,,,0.1368421052631579,-0.0056877471453273395,0.10023653980989206,-0.05674325107505389,0.9548755070305849,0.003219796542566604,0.9962012666791217,1.0
100045520|F|0-63:C>T-63:C>T,,,0.22631578947368422,-0.004997380314794767,0.09119626725201362,-0.05479807962956318,0.9564207921731288,0.003002829531087947,0.9969529704329554,1.0
100016359|F|0-20:G>C-20:G>C,Vu08 (old5),32438045.0,0.06315789473684211,-0.005978855501191314,0.11019152360302444,-0.05425876061693018,0.9568492682910892,0.002944013103685333,0.9969529704329554,1.0
100017924|F|0-5:G>C-5:G>C,Vu04 (old11),2232752.0,0.4473684210526316,0.003912883092299717,0.07320419592883232,0.05345162312968706,0.9574905434571286,0.002857076015198097,0.9969682294766306,1.0
100015285|F|0-54:T>C-54:T>C,,,0.1631578947368421,-0.004265557383314179,0.08302185140455709,-0.05137873115510938,0.9591375946782887,0.0026397740151090075,0.9974611597981097,1.0
100059450|F|0-16:C>T-16:C>T,,,0.09195402298850573,0.004737500932018688,0.09238901465346673,0.051277751470649786,0.9592178343753034,0.0026294077958857265,0.9974611597981097,1.0
100044544|F|0-31:A>G-31:A>G,,,0.10526315789473684,-0.0049124958905217685,0.0982849969192937,-0.049982154392858594,0.9602473687023474,0.0024982157577515536,0.9975334345417164,1.0
100034520|F|0-31:G>A-31:G>A,,,0.2736842105263158,0.004290255724544405,0.08842021249945853,0.04852121028967984,0.9614083753005805,0.0023543078479753327,0.9975334345417164,1.0
100030380|F|0-14:C>T-14:C>T,,,0.06842105263157895,0.006075917796221114,0.1310265247844877,0.04637166257912112,0.9631167630872076,0.002150331090351862,0.9975334345417164,1.0
100041269|F|0-22:G>C-22:G>C,,,0.06842105263157895,0.006075917796221114,0.1310265247844877,0.04637166257912112,0.9631167630872076,0.002150331090351862,0.9975334345417164,1.0
100018695|F|0-40:A>G-40:A>G,Vu08 (old5),10283963.0,0.38421052631578945,-0.003614026770617627,0.07794412023861579,-0.04636689412304294,0.9631205530891017,0.0021498888706174744,0.9975334345417164,1.0
100017508|F|0-26:G>A-26:G>A,,,0.4368421052631579,0.002899813928867444,0.06386060284452927,0.04540849600068975,0.9638823116302012,0.0020619315090446575,0.9975334345417164,1.0
100044743|F|0-7:G>A-7:G>A,,,0.08522727272727273,0.006338383929459363,0.1398576581992196,0.045320249252498425,0.9639524540251686,0.002053924992308584,0.9975334345417164,1.0
100021842|F|0-18:C>G-18:C>G,,,0.30526315789473685,0.003907378217900154,0.08949155742143335,0.04366197583867651,0.9652705747705916,0.0019063681341371713,0.9975334345417164,1.0
100035819|F|0-44:C>T-44:C>T,,,0.1368421052631579,-0.003439722247430686,0.07989959176950819,-0.043050560975999574,0.9657565979481415,0.0018533508003482574,0.9975334345417164,1.0
100014488|F|0-28:T>A-28:T>A,,,0.05789473684210526,-0.005311547584544235,0.126492174524405,-0.04199111608694371,0.9665987976768886,0.001763253830227183,0.9975334345417164,1.0
100021294|F|0-38:G>A-38:G>A,,,0.4263157894736842,0.003128083929557853,0.07530042188284776,0.04154138650676512,0.966956319174987,0.0017256867929044473,0.9975334345417164,1.0
100046913|F|0-41:A>T-41:A>T,,,0.49473684210526314,0.0028451450411481768,0.06863603389350105,0.041452643454935635,0.9670268680338262,0.0017183216494020181,0.9975334345417164,1.0
100014062|F|0-62:G>A-62:G>A,,,0.13157894736842105,0.004075657522600043,0.10092736076258162,0.04038208759057411,0.967877957932349,0.0016307129981727993,0.9975334345417164,1.0
100015749|F|0-20:C>T-20:C>T,Vu09 (old8),33437303.0,0.3894736842105263,0.0025372762028168143,0.06600795973475135,0.03843894301554982,0.9694228485763641,0.0014775523401526864,0.9975334345417164,1.0
100022245|F|0-8:T>C-8:T>C,,,0.37894736842105264,-0.002504549681893979,0.06585524786234019,-0.03803113287386507,0.9697470916857347,0.0014463670676695807,0.9975334345417164,1.0
100029850|F|0-32:T>C-32:T>C,,,0.45263157894736844,0.0024235885384722663,0.06416366055527556,0.037771980549401465,0.9699531420651478,0.0014267225146243627,0.9975334345417164,1.0
100016549|F|0-30:A>G-30:A>G,,,0.07894736842105263,-0.0044795939670056574,0.12212010102740159,-0.03668187242983459,0.970819902326634,0.001345559764958659,0.9975334345417164,1.0
100013288|F|0-37:A>T-37:A>T,,,0.1736842105263158,-0.003014092873898846,0.0822861226390046,-0.036629419119939555,0.9708616095813393,0.0013417143450641935,0.9975334345417164,1.0
100036015|F|0-34:G>A-34:G>A,Vu02 (old7),24184641.0,0.07368421052631578,0.0038782380843222285,0.11025348074027055,0.035175652127105,0.972017576669184,0.0012373265025671066,0.9975334345417164,1.0
100018213|F|0-23:A>G-23:A>G,,,0.24468085106382978,-0.0021407338425960486,0.06107711600805476,-0.03504968771468731,0.9721177404903275,0.0012284806088971028,0.9975334345417164,1.0
100020103|F|0-18:T>C-18:T>C,,,0.12631578947368421,-0.003570916100244034,0.10330596436380392,-0.034566407876205865,0.9725020369370521,0.0011948365534642268,0.9975334345417164,1.0
100029049|F|0-10:A>G-10:A>G,,,0.1368421052631579,0.0031352400845082147,0.09265353548390862,0.03383832109733924,0.9730810121990847,0.0011450319746866338,0.9975334345417164,1.0
100019045|F|0-23:G>C-23:G>C,,,0.38421052631578945,0.002274391387910556,0.06994544358307248,0.03251664828187582,0.974132044250281,0.001057332415487218,0.9978113846668669,1.0
100019323|F|0-14:A>G-14:A>G,Vu03 (old3),17470074.0,0.08421052631578947,0.0034195987556631135,0.10832743600413022,0.03156724539785778,0.9748870648917731,0.0009964909820085732,0.9978113846668669,1.0
100021892|F|0-24:G>A-24:G>A,,,0.26842105263157895,0.0023613576212277924,0.07761240943617773,0.030425000826312255,0.9757954747705004,0.0009256806752811014,0.9978113846668669,1.0
100017927|F|0-49:C>T-49:C>T,,,0.13157894736842105,0.0036069079041728303,0.12362662563367685,0.029175817795598562,0.9767889676934007,0.0008512283440419658,0.9978113846668669,1.0
100016003|F|0-33:A>T-33:A>T,,,0.4842105263157894,0.0018854458968317958,0.06622341463289591,0.028470985787785348,0.9773495468097085,0.0008105970317282753,0.9978113846668669,1.0
100041774|F|0-19:G>A-19:G>A,Vu03 (old3),27017059.0,0.46842105263157896,0.0020684331278223067,0.07301383369668125,0.028329331896406428,0.9774622108009263,0.0008025510456967506,0.9978113846668669,1.0
100014515|F|0-36:T>C-36:T>C,,,0.3894736842105263,-0.001810202525202972,0.06640548112939121,-0.027259836001726857,0.9783128456984207,0.0007430986588410437,0.9978113846668669,1.0
100015865|F|0-28:C>A-28:C>A,,,0.05789473684210526,-0.0035161263434672486,0.13652880271902348,-0.025753733083732102,0.9795107829133749,0.0006632547677481174,0.9978113846668669,1.0
100017600|F|0-44:G>A-44:G>A,Vu08 (old5),34751666.0,0.0736842105263158,-0.002809543571873064,0.11257696177483012,-0.02495664767976728,0.9801447948086682,0.0006228342634120336,0.9978113846668669,1.0
100017989|F|0-62:A>T-62:A>T,,,0.05789473684210526,-0.003046187076307115,0.13521403718864167,-0.022528630456150618,0.9820761475470635,0.0005075391902297972,0.9978113846668669,1.0
100043121|F|0-26:C>T-26:C>T,,,0.4473684210526316,0.0016670083661559905,0.07482723424600102,0.022278096777913186,0.9822754394375875,0.0004963135960460659,0.9978113846668669,1.0
100052894|F|0-30:A>C-30:A>C,,,0.42105263157894735,-0.0017361509293891907,0.07829766278925697,-0.022173726105492432,0.9823584634529333,0.0004916741294013966,0.9978113846668669,1.0
100033812|F|0-51:C>A-51:C>A,,,0.06315789473684211,0.0025505054864131426,0.12085992793728038,0.021102986986197062,0.9832102181944304,0.00044533605973960254,0.9978113846668669,1.0
100028702|F|0-38:A>G-38:A>G,,,0.41578947368421054,0.0015793891303569334,0.07784963520454154,0.02028768826221547,0.9838587875527118,0.0004115902950248353,0.9978113846668669,1.0
100050516|F|0-63:C>G-63:C>G,,,0.4263157894736842,0.00139895469811526,0.07191403802166896,0.019453151799009402,0.9845226717445215,0.00037842511491530275,0.9978113846668669,1.0
100018124|F|0-61:T>A-61:T>A,,,0.4842105263157895,0.0013033088367320684,0.06738602726833737,0.019340935941247472,0.984611941704026,0.00037407180308343825,0.9978113846668669,1.0
100013918|F|0-61:T>G-61:T>G,,,0.33157894736842103,0.0015580553012441887,0.08270915484152534,0.01883776111882048,0.9850122297326622,0.00035486124396974457,0.9978113846668669,1.0
100016298|F|0-19:G>A-19:G>A,,,0.4473684210526316,0.0012726995964019965,0.07083313825317511,0.01796757319791556,0.9857044947629269,0.0003228336866224536,0.9978113846668669,1.0
100038655|F|0-21:A>T-21:A>T,,,0.24210526315789474,-0.0013005383021529305,0.07316802563840981,-0.0177746808227419,0.9858579489173731,0.0003159392783503487,0.9978113846668669,1.0
100040910|F|0-51:A>G-51:A>G,,,0.1276595744680851,-0.0012520933762024703,0.07924156144703537,-0.015800967993789,0.9874281516425392,0.0002496705895407444,0.9978113846668669,1.0
100017935|F|0-68:T>C-68:T>C,,,0.14210526315789473,0.001452133434499314,0.09505451067722971,0.015276849295771212,0.9878451269588924,0.00023338212440570538,0.9978113846668669,1.0
100021715|F|0-7:C>A-7:C>A,,,0.35789473684210527,0.001087853714672621,0.07766998607798903,0.014006101579319181,0.9888561148489782,0.00019617088145020727,0.9978113846668669,1.0
100017065|F|0-46:G>A-46:G>A,,,0.12631578947368421,0.0014584478297400038,0.10923199500752295,0.013351837340694533,0.9893766448975626,0.00017827156037236486,0.9978113846668669,1.0
100051143|F|0-41:A>G-41:A>G,,,0.43157894736842106,0.0009009023004549329,0.07072440268138383,0.012738210098620877,0.989864848494365,0.0001622619965166069,0.9978113846668669,1.0
100019260|F|0-27:C>T-27:C>T,,,0.3684210526315789,-0.0009536452389733879,0.07623960280134955,-0.01250852842791184,0.9900475848938491,0.00015646328343187863,0.9978113846668669,1.0
100054559|F|0-11:G>A-11:G>A,,,0.12234042553191489,-0.0009816908983946212,0.08156865967981641,-0.012035148085650519,0.9904242113837312,0.00014484478944353735,0.9978113846668669,1.0
100022289|F|0-10:A>G-10:A>G,,,0.14210526315789473,-0.0010585334231175475,0.09545895510824298,-0.011088885499712976,0.9911770744887244,0.0001229633816257447,0.9978113846668669,1.0
100044964|F|0-65:T>A-65:T>A,,,0.15263157894736842,-0.0011071068787938288,0.10072490012869381,-0.010991392171938662,0.9912546423551887,0.0001208107018773545,0.9978113846668669,1.0
100015913|F|0-42:T>A-42:T>A,,,0.13978494623655913,0.0008502531625456183,0.08144736829189463,0.010439295711783394,0.9916939041787914,0.00010897889495805916,0.9978113846668669,1.0
100014835|F|0-60:A>G-60:A>G,,,0.29473684210526313,-0.0006825847128567895,0.07372455377240983,-0.009258580458336193,0.9926333193366584,8.572131210348482e-05,0.9978113846668669,1.0
100014717|F|0-5:C>A-5:C>A,,,0.23157894736842105,-0.0007103380334770682,0.07843409360250224,-0.009056495725914868,0.9927941055484917,8.202011483351427e-05,0.9978113846668669,1.0
100019588|F|0-22:A>G-22:A>G,,,0.21578947368421053,0.000444041864905524,0.08298746119865401,0.005350710318063399,0.9957426137150116,2.863010090783012e-05,0.9989455631627535,1.0
100047217|F|0-67:G>A-67:G>A,,,0.07368421052631578,0.0005365844079050285,0.11612180765371066,0.004620875430265334,0.9963233151041659,2.1352489742029833e-05,0.9989455631627535,1.0
100016995|F|0-19:T>G-19:T>G,,,0.19473684210526315,0.0003195749682699966,0.0757333003373681,0.0042197417364143695,0.9966424825311878,1.780622032203736e-05,0.9989455631627535,1.0
100034528|F|0-51:A>G-51:A>G,Vu09 (old8),1037776.0,0.11578947368421053,-0.0004039565445251913,0.09630618339106604,-0.0041945026819811115,0.9966625643436413,1.7593852749146736e-05,0.9989455631627535,1.0
100030709|F|0-39:T>A-39:T>A,,,0.3263157894736842,0.000220327955716655,0.06918401291688817,0.003184665740354472,0.9974660570875146,1.0142095877787496e-05,0.9989455631627535,1.0
100019870|F|0-67:G>A-67:G>A,,,0.18421052631578946,0.0002383870103382221,0.08210496485962022,0.00290344208472419,0.9976898176402359,8.42997593934755e-06,0.9989455631627535,1.0
100016677|F|0-45:G>A-45:G>A,,,0.23157894736842105,-0.00018876367931455876,0.09200746767484333,-0.002051612592813165,0.9983675918258653,4.209114230989557e-06,0.9989954959716677,1.0
100032841|F|0-19:T>A-19:T>A,Vu05 (old1),2448565.0,0.38421052631578945,4.8770534958623795e-05,0.07071820467688454,0.0006896461127860799,0.9994512684002727,4.756117608809504e-07,0.9994512684002727,1.0
