rs,alleles,chrom,pos,call_rate,maf,het,pic
100013065|F|0-5:C>A-5:C>A,C/A,,,1.0,0.4666666666666667,0.47619047619047616,0.3738864197530864
100013792|F|0-5:A>G-5:A>G,A/G,Vu03 (old3),47359227.0,1.0,0.3523809523809524,0.4380952380952381,0.3522588880147676
100014172|F|0-5:G>A-5:G>A,G/A,,,1.0,0.29523809523809524,0.3619047619047619,0.32955674230387544
100014717|F|0-5:C>A-5:C>A,C/A,,,1.0,0.22380952380952382,0.2761904761904762,0.28708118428021245
100014951|F|0-5:A>G-5:A>G,A/G,,,1.0,0.014285714285714285,0.009523809523809525,0.02776668054977082
100015018|F|0-5:T>A-5:T>A,T/A,,,1.0,0.14285714285714285,0.20952380952380953,0.21491045397750919
100016339|F|0-5:C>T-5:C>T,C/T,,,1.0,0.014285714285714285,0.02857142857142857,0.02776668054977082
100016848|F|0-5:T>C-5:T>C,T/C,,,1.0,0.014285714285714235,0.009523809523809525,0.027766680549770825
100017051|F|0-5:C>T-5:C>T,C/T,,,1.0,0.02857142857142857,0.05714285714285714,0.0539695127030404
100017287|F|0-5:C>A-5:C>A,C/A,,,1.0,0.12857142857142856,0.2,0.1989753436068305
100017309|F|0-5:C>G-5:C>G,C/G,,,1.0,0.09047619047619047,0.12380952380952381,0.1510371285626874
100017546|F|0-5:C>G-5:C>G,C/G,,,1.0,0.05714285714285714,0.09523809523809523,0.10194952103290292
100017572|F|0-5:C>T-5:C>T,C/T,Vu08 (old5),37428986.0,1.0,0.004761904761904762,0.009523809523809525,0.009433537466384832
100017633|F|0-5:T>C-5:T>C,T/C,,,0.9904761904761905,0.043269230769230727,0.04807692307692308,0.07936658492288148
100017924|F|0-5:G>C-5:G>C,G/C,Vu04 (old11),2232752.0,1.0,0.4666666666666667,0.45714285714285713,0.3738864197530864
100018106|F|0-5:T>C-5:T>C,T/C,Vu07 (old2),35385132.0,1.0,0.28095238095238095,0.3904761904761905,0.3224136229246044
100018265|F|0-5:C>T-5:C>T,C/T,,,0.9714285714285714,0.3431372549019608,0.49019607843137253,0.3491831765235061
100018330|F|0-5:T>C-5:T>C,T/C,,,0.9428571428571428,0.010101010101010055,0.0,0.01979800020197862
100018834|F|0-5:G>A-5:G>A,G/A,,,1.0,0.0380952380952381,0.05714285714285714,0.07060241771689768
100019490|F|0-5:G>A-5:G>A,G/A,,,1.0,0.05714285714285714,0.0761904761904762,0.10194952103290292
100019495|F|0-5:T>G-5:T>G,T/G,,,1.0,0.28095238095238095,0.42857142857142855,0.3224136229246044
100019718|F|0-5:G>T-5:G>T,G/T,,,1.0,0.009523809523809525,0.01904761904761905,0.01868824615258029
100019745|F|0-5:G>T-5:G>T,G/T,,,1.0,0.004761904761904762,0.009523809523809525,0.009433537466384832
100019838|F|0-5:G>C-5:G>C,G/C,,,1.0,0.1380952380952381,0.21904761904761905,0.2097160123611046
100022025|F|0-5:T>C-5:T>C,T/C,,,1.0,0.023809523809523808,0.047619047619047616,0.04540482103650237
100028251|F|0-5:A>G-5:A>G,A/G,,,1.0,0.17142857142857143,0.22857142857142856,0.2437304456476469
100028451|F|0-5:C>A-5:C>A,C/A,,,1.0,0.20952380952380953,0.34285714285714286,0.27638482319609636
100028511|F|0-5:C>A-5:C>A,C/A,,,1.0,0.30952380952380953,0.4666666666666667,0.33608617294234394
100029223|F|0-5:G>C-5:G>C,G/C,,,1.0,0.03333333333333333,0.047619047619047616,0.062367901234567986
100029488|F|0-5:C>T-5:C>T,C/T,,,1.0,0.23809523809523808,0.3619047619047619,0.29699559339986953
100029548|F|0-5:C>T-5:C>T,C/T,,,1.0,0.4095238095238095,0.47619047619047616,0.3666800396953944
100029763|F|0-5:A>G-5:A>G,A/G,,,0.9523809523809523,0.0050000000000000044,0.01,0.009900498749999903
100029979|F|0-5:G>A-5:G>A,G/A,,,1.0,0.16666666666666666,0.2761904761904762,0.23919753086419743
100030119|F|0-5:A>G-5:A>G,A/G,,,0.8666666666666667,0.01098901098901095,0.0,0.021500267422682157
100030265|F|0-5:T>C-5:T>C,T/C,,,1.0,0.30952380952380953,0.42857142857142855,0.33608617294234394
100030892|F|0-5:C>T-5:C>T,C/T,,,0.7904761904761904,0.03614457831325301,0.024096385542168676,0.06724890246327936
100032846|F|0-5:A>T-5:A>T,A/T,,,0.6285714285714286,0.12878787878787878,0.045454545454545456,0.19922474151946035
100033995|F|0-5:C>T-5:C>T,C/T,,,1.0,0.02857142857142857,0.05714285714285714,0.0539695127030404
100034525|F|0-5:C>T-5:C>T,C/T,,,1.0,0.06190476190476191,0.06666666666666667,0.10940027971884139
100035243|F|0-5:G>C-5:G>C,G/C,Vu11 (old9),38434991.0,0.9809523809523809,0.009708737864077669,0.0,0.019044080161398316
100035486|F|0-5:T>C-5:T>C,T/C,,,0.9809523809523809,0.18446601941747573,0.2524271844660194,0.2556132457106222
100038846|F|0-5:G>A-5:G>A,G/A,,,1.0,0.023809523809523808,0.02857142857142857,0.04540482103650237
100040976|F|0-5:T>C-5:T>C,T/C,,,1.0,0.3238095238095238,0.41904761904761906,0.3420295699837001
100041361|F|0-5:G>A-5:G>A,G/A,,,0.780952380952381,0.04878048780487805,0.07317073170731707,0.08849580697022853
100041570|F|0-5:T>G-5:T>G,T/G,,,0.6666666666666666,0.02142857142857143,0.014285714285714285,0.04105934506455644
100041762|F|0-5:T>C-5:T>C,T/C,Vu11 (old9),27828984.0,0.9238095238095239,0.4020618556701031,0.28865979381443296,0.36522411155694345
100044261|F|0-5:T>A-5:T>A,T/A,Vu09 (old8),3387810.0,1.0,0.4142857142857143,0.4666666666666667,0.36754510620574765
100046187|F|0-5:T>A-5:T>A,T/A,,,1.0,0.38571428571428573,0.44761904761904764,0.3615975843398583
100046329|F|0-5:T>C-5:T>C,T/C,,,1.0,0.07142857142857142,0.14285714285714285,0.12385464389837572
100049636|F|0-5:T>C-5:T>C,T/C,,,0.9238095238095239,0.05154639175257732,0.061855670103092786,0.09299838321289439
100049952|F|0-5:T>A-5:T>A,T/A,,,1.0,0.07142857142857142,0.14285714285714285,0.12385464389837572
100050369|F|0-5:T>G-5:T>G,T/G,,,0.9333333333333333,0.00510204081632653,0.01020408163265306,0.010100488236714401
100050445|F|0-5:T>G-5:T>G,T/G,,,0.6476190476190476,0.014705882352941176,0.0,0.02855934061493497
100050966|F|0-5:T>C-5:T>C,T/C,,,0.780952380952381,0.03048780487804878,0.036585365853658534,0.057369211227524274
100053526|F|0-5:A>G-5:A>G,A/G,,,0.7428571428571429,0.01282051282051282,0.0,0.02499193841554631
100053755|F|0-5:T>C-5:T>C,T/C,,,0.9904761904761905,0.20192307692307693,0.2692307692307692,0.2703615555029148
100057366|F|0-5:C>T-5:C>T,C/T,,,1.0,0.2523809523809524,0.44761904761904764,0.30616570153382594
100058631|F|0-5:C>A-5:C>A,C/A,,,0.8285714285714286,0.011494252873563204,0.0,0.02246607382425637
100058683|F|0-5:G>C-5:G>C,G/C,,,0.7333333333333333,0.08441558441558439,0.09090909090909091,0.14263182451270712
100060605|F|0-5:C>T-5:C>T,C/T,,,0.9904761904761905,0.08173076923076923,0.14423076923076922,0.13883644083435187
100060618|F|0-5:A>G-5:A>G,A/G,,,0.9047619047619048,0.15263157894736842,0.2631578947368421,0.22521518251087702
100013120|F|0-6:A>G-6:A>G,A/G,,,1.0,0.09047619047619047,0.02857142857142857,0.1510371285626874
100013453|F|0-6:G>A-6:G>A,G/A,,,0.9809523809523809,0.058252427184465994,0.019417475728155338,0.10369912608680514
100013715|F|0-6:A>G-6:A>G,A/G,,,1.0,0.12380952380952381,0.17142857142857143,0.1934253155835275
100013722|F|0-6:A>G-6:A>G,A/G,,,1.0,0.12380952380952381,0.20952380952380953,0.1934253155835275
100013776|F|0-6:T>A-6:T>A,T/A,,,0.4666666666666667,0.030612244897959218,0.02040816326530612,0.05758904340323283
100014420|F|0-6:A>T-6:A>T,A/T,,,1.0,0.20476190476190476,0.2761904761904762,0.27263880687573583
100015187|F|0-6:A>G-6:A>G,A/G,,,0.5142857142857142,0.05555555555555558,0.037037037037037035,0.0994322511812224
100015632|F|0-6:T>G-6:T>G,T/G,,,1.0,0.004761904761904762,0.009523809523809525,0.009433537466384832
100015734|F|0-6:T>C-6:T>C,T/C,,,0.9904761904761905,0.3605769230769231,0.3942307692307692,0.3548054721675072
100016353|F|0-6:A>T-6:A>T,A/T,,,1.0,0.004761904761904762,0.009523809523809525,0.009433537466384832
100016354|F|0-6:A>T-6:A>T,A/T,,,1.0,0.004761904761904762,0.009523809523809525,0.009433537466384832
100016409|F|0-6:A>T-6:A>T,A/T,,,1.0,0.2904761904761905,0.4666666666666667,0.3272453134239335
100016452|F|0-6:G>A-6:G>A,G/A,,,1.0,0.43333333333333335,0.44761904761904764,0.3705160493827161
100016629|F|0-6:A>C-6:A>C,A/C,,,1.0,0.004761904761904762,0.009523809523809525,0.009433537466384832
100017365|F|0-6:C>T-6:C>T,C/T,Vu05 (old1),42048402.0,1.0,0.06190476190476191,0.12380952380952381,0.10940027971884139
100017908|F|0-6:T>A-6:T>A,T/A,,,1.0,0.047619047619047616,0.09523809523809523,0.08658943547184561
100018643|F|0-6:A>C-6:A>C,A/C,,,0.6,0.007936507936507936,0.015873015873015872,0.015623054929165329
100018671|F|0-6:A>T-6:A>T,A/T,Vu11 (old9),36066452.0,1.0,0.28095238095238095,0.3333333333333333,0.3224136229246044
100019254|F|0-6:G>A-6:G>A,G/A,,,0.9904761904761905,0.03365384615384615,0.0673076923076923,0.06292726425833906
100019337|F|0-6:G>T-6:G>T,G/T,,,1.0,0.023809523809523808,0.047619047619047616,0.04540482103650237
100019381|F|0-6:G>A-6:G>A,G/A,,,1.0,0.014285714285714285,0.02857142857142857,0.02776668054977082
100020399|F|0-6:A>C-6:A>C,A/C,,,1.0,0.03333333333333333,0.047619047619047616,0.062367901234567986
100020451|F|0-6:A>G-6:A>G,A/G,,,1.0,0.3238095238095238,0.38095238095238093,0.3420295699837001
100020620|F|0-6:C>A-6:C>A,C/A,,,1.0,0.023809523809523808,0.047619047619047616,0.04540482103650237
100020858|F|0-6:G>T-6:G>T,G/T,,,1.0,0.004761904761904762,0.009523809523809525,0.009433537466384832
100021232|F|0-6:T>G-6:T>G,T/G,,,0.9809523809523809,0.07766990291262135,0.11650485436893204,0.13301077581080864
100028374|F|0-6:A>T-6:A>T,A/T,,,1.0,0.004761904761904762,0.009523809523809525,0.009433537466384832
100028423|F|0-6:T>A-6:T>A,T/A,,,0.4666666666666667,0.030612244897959218,0.02040816326530612,0.05758904340323283
100028542|F|0-6:C>A-6:C>A,C/A,,,0.8952380952380953,0.14893617021276595,0.1276595744680851,0.2213751267757053
100028723|F|0-6:C>A-6:C>A,C/A,,,1.0,0.04285714285714286,0.02857142857142857,0.07867546855476872
100029060|F|0-6:A>T-6:A>T,A/T,,,0.6190476190476191,0.007692307692307665,0.015384615384615385,0.015149742656069415
100032835|F|0-6:G>C-6:G>C,G/C,,,0.9428571428571428,0.3686868686868687,0.7373737373737373,0.35716220989716585
100032952|F|0-6:C>A-6:C>A,C/A,,,1.0,0.009523809523809525,0.01904761904761905,0.01868824615258029
100033155|F|0-6:A>T-6:A>T,A/T,,,0.9809523809523809,0.1941747572815534,0.23300970873786409,0.26397554364767717
100033227|F|0-6:A>G-6:A>G,A/G,Vu08 (old5),23496197.0,0.9904761904761905,0.44711538461538464,0.4519230769230769,0.3721875734704201
100033399|F|0-6:C>G-6:C>G,C/G,Vu05 (old1),9712476.0,1.0,0.014285714285714285,0.02857142857142857,0.02776668054977082
100033564|F|0-6:G>T-6:G>T,G/T,Vu07 (old2),39845260.0,1.0,0.009523809523809525,0.01904761904761905,0.01868824615258029
100034117|F|0-6:C>A-6:C>A,C/A,,,0.9904761904761905,0.28846153846153844,0.36538461538461536,0.32624661907846364
100035362|F|0-6:C>A-6:C>A,C/A,,,1.0,0.18095238095238095,0.26666666666666666,0.25248564538438206
100035421|F|0-6:T>A-6:T>A,T/A,,,1.0,0.13333333333333333,0.22857142857142856,0.20440493827160486
100035442|F|0-6:A>T-6:A>T,A/T,,,0.9809523809523809,0.33495145631067963,0.32038834951456313,0.34627483169145523
100035862|F|0-6:T>G-6:T>G,T/G,Vu10 (old10),39567399.0,1.0,0.3952380952380952,0.4857142857142857,0.363784039571989
100038439|F|0-6:A>G-6:A>G,A/G,,,1.0,0.03333333333333333,0.047619047619047616,0.062367901234567986
100038511|F|0-6:G>A-6:G>A,G/A,,,1.0,0.05714285714285714,0.0761904761904762,0.10194952103290292
100038699|F|0-6:A>C-6:A>C,A/C,,,1.0,0.21904761904761905,0.34285714285714286,0.28360453103387984
100040047|F|0-6:G>A-6:G>A,G/A,,,1.0,0.2619047619047619,0.2761904761904762,0.3118832945120603
100040723|F|0-6:G>A-6:G>A,G/A,,,1.0,0.3380952380952381,0.3904761904761905,0.34741258940462055
100043419|F|0-6:T>A-6:T>A,T/A,,,1.0,0.3047619047619048,0.3619047619047619,0.3339761354579625
100043516|F|0-6:G>A-6:G>A,G/A,,,1.0,0.01904761904761905,0.0380952380952381,0.036671370468066414
100046294|F|0-6:C>G-6:C>G,C/G,,,0.9904761904761905,0.44711538461538464,0.4519230769230769,0.3721875734704201
100048403|F|0-6:A>G-6:A>G,A/G,,,0.9904761904761905,0.028846153846153848,0.057692307692307696,0.054458532149390726
100051204|F|0-6:A>T-6:A>T,A/T,,,1.0,0.004761904761904762,0.009523809523809525,0.009433537466384832
100051758|F|0-6:T>G-6:T>G,T/G,,,1.0,0.49523809523809526,0.49523809523809526,0.37497732323466043
100054603|F|0-6:T>C-6:T>C,T/C,,,0.8380952380952381,0.028409090909090908,0.03409090909090909,0.0536802865208096
100058370|F|0-6:C>T-6:C>T,C/T,,,1.0,0.29523809523809524,0.5904761904761905,0.32955674230387544
100059755|F|0-6:C>A-6:C>A,C/A,,,0.7619047619047619,0.01875,0.0125,0.03611986999511725
100061263|F|0-6:A>G-6:A>G,A/G,,,0.7523809523809524,0.05063291139240506,0.05063291139240506,0.09151713959208456
100013356|F|0-7:G>A-7:G>A,G/A,,,1.0,0.3619047619047619,0.4380952380952381,0.35520235292907804
100013639|F|0-7:C>T-7:C>T,C/T,,,1.0,0.01904761904761905,0.0380952380952381,0.036671370468066414
100015059|F|0-7:C>A-7:C>A,C/A,,,1.0,0.10952380952380952,0.10476190476190476,0.17603313331379425
100015153|F|0-7:G>C-7:G>C,G/C,,,1.0,0.10476190476190476,0.17142857142857143,0.16998175040235286
100015597|F|0-7:A>G-7:A>G,A/G,,,1.0,0.20952380952380953,0.3238095238095238,0.27638482319609636
100015847|F|0-7:G>A-7:G>A,G/A,,,1.0,0.05238095238095238,0.08571428571428572,0.0943466755107184
100016771|F|0-7:G>T-7:G>T,G/T,Vu06 (old6),27252057.0,1.0,0.0380952380952381,0.05714285714285714,0.07060241771689768
100016784|F|0-7:G>T-7:G>T,G/T,,,1.0,0.0380952380952381,0.05714285714285714,0.07060241771689768
100017072|F|0-7:T>A-7:T>A,T/A,,,1.0,0.023809523809523808,0.02857142857142857,0.04540482103650237
100017396|F|0-7:G>A-7:G>A,G/A,,,1.0,0.023809523809523808,0.047619047619047616,0.04540482103650237
100017599|F|0-7:G>A-7:G>A,G/A,,,1.0,0.009523809523809525,0.01904761904761905,0.01868824615258029
100018412|F|0-7:A>G-7:A>G,A/G,,,1.0,0.004761904761904762,0.009523809523809525,0.009433537466384832
100018989|F|0-7:C>T-7:C>T,C/T,Vu06 (old6),31652497.0,0.4666666666666667,0.12244897959183673,0.12244897959183673,0.19181720236309993
100019367|F|0-7:T>C-7:T>C,T/C,,,0.45714285714285713,0.041666666666666664,0.041666666666666664,0.07667221257716032
100019433|F|0-7:G>A-7:G>A,G/A,,,1.0,0.4857142857142857,0.47619047619047616,0.3747958350687214
100020033|F|0-7:G>A-7:G>A,G/A,,,1.0,0.49047619047619045,0.5047619047619047,0.37490928059810485
100020497|F|0-7:A>T-7:A>T,A/T,,,1.0,0.004761904761904745,0.009523809523809525,0.009433537466384832
100020726|F|0-7:G>A-7:G>A,G/A,Vu08 (old5),37188871.0,1.0,0.1761904761904762,0.23809523809523808,0.24815925360317972
100021715|F|0-7:C>A-7:C>A,C/A,,,1.0,0.3523809523809524,0.47619047619047616,0.3522588880147676
100028722|F|0-7:C>T-7:C>T,C/T,,,0.42857142857142855,0.0888888888888889,0.044444444444444446,0.1488573083371437
100029664|F|0-7:G>A-7:G>A,G/A,,,1.0,0.3238095238095238,0.49523809523809526,0.3420295699837001
100030034|F|0-7:T>A-7:T>A,T/A,Vu03 (old3),64367518.0,1.0,0.01904761904761905,0.0380952380952381,0.036671370468066414
100030298|F|0-7:G>T-7:G>T,G/T,,,1.0,0.009523809523809525,0.01904761904761905,0.01868824615258029
100032815|F|0-7:G>A-7:G>A,G/A,,,0.9904761904761905,0.4951923076923077,0.5096153846153846,0.3749768850261693
100032829|F|0-7:T>A-7:T>A,T/A,,,1.0,0.2714285714285714,0.29523809523809524,0.31729604331528516
100033340|F|0-7:A>T-7:A>T,A/T,,,1.0,0.2714285714285714,0.37142857142857144,0.31729604331528516
100033573|F|0-7:C>G-7:C>G,C/G,,,1.0,0.10952380952380952,0.18095238095238095,0.17603313331379425
100033589|F|0-7:G>A-7:G>A,G/A,,,0.9714285714285714,0.029411764705882353,0.058823529411764705,0.055463595981848975
100034080|F|0-7:C>T-7:C>T,C/T,,,0.8952380952380953,0.015957446808510637,0.031914893617021274,0.03091245712322187
100034775|F|0-7:A>C-7:A>C,A/C,,,0.9238095238095239,0.015463917525773196,0.010309278350515464,0.029985981417831615
100034977|F|0-7:A>C-7:A>C,A/C,,,1.0,0.38095238095238093,0.5333333333333333,0.3604259542063235
100038685|F|0-7:G>A-7:G>A,G/A,,,1.0,0.03333333333333333,0.06666666666666667,0.062367901234567986
100043254|F|0-7:C>G-7:C>G,C/G,,,1.0,0.2904761904761905,0.4666666666666667,0.3272453134239335
100043936|F|0-7:A>T-7:A>T,A/T,,,0.9142857142857143,0.005208333333333333,0.010416666666666666,0.010308723390838222
100044743|F|0-7:G>A-7:G>A,G/A,,,0.9238095238095239,0.07731958762886598,0.010309278350515464,0.13250338467111228
100046246|F|0-7:G>A-7:G>A,G/A,,,1.0,0.0761904761904762,0.13333333333333333,0.1308627413474837
100046553|F|0-7:C>T-7:C>T,C/T,,,1.0,0.05714285714285714,0.0761904761904762,0.10194952103290292
100049944|F|0-7:A>G-7:A>G,A/G,,,1.0,0.009523809523809525,0.01904761904761905,0.01868824615258029
100052578|F|0-7:G>A-7:G>A,G/A,,,1.0,0.11428571428571428,0.0761904761904762,0.18195618492294877
100053632|F|0-7:A>T-7:A>T,A/T,,,0.9904761904761905,0.04326923076923077,0.08653846153846154,0.07936658492288148
100055392|F|0-7:A>T-7:A>T,A/T,,,0.8857142857142857,0.03225806451612903,0.0,0.06048590124101116
100059100|F|0-7:A>G-7:A>G,A/G,,,0.8095238095238095,0.0117647058823529,0.0,0.022982253564971553
100059392|F|0-7:T>A-7:T>A,T/A,,,0.9809523809523809,0.009708737864077669,0.0,0.019044080161398316
100060288|F|0-7:C>T-7:C>T,C/T,,,0.9333333333333333,0.030612244897959218,0.04081632653061224,0.05758904340323283
100013031|F|0-8:C>T-8:C>T,C/T,,,1.0,0.40476190476190477,0.5047619047619047,0.36576516472046117
100013657|F|0-8:A>T-8:A>T,A/T,Vu09 (old8),34051664.0,1.0,0.004761904761904762,0.009523809523809525,0.009433537466384832
100014695|F|0-8:T>A-8:T>A,T/A,,,1.0,0.01904761904761905,0.01904761904761905,0.036671370468066414
100015191|F|0-8:A>G-8:A>G,A/G,,,0.7238095238095238,0.13157894736842102,0.07894736842105263,0.20241845136240508
100016108|F|0-8:G>C-8:G>C,G/C,,,1.0,0.014285714285714285,0.02857142857142857,0.02776668054977082
100016280|F|0-8:A>T-8:A>T,A/T,,,1.0,0.009523809523809525,0.01904761904761905,0.01868824615258029
100016734|F|0-8:G>C-8:G>C,G/C,,,1.0,0.01904761904761909,0.0,0.036671370468066414
100017564|F|0-8:A>T-8:A>T,A/T,Vu07 (old2),38265563.0,1.0,0.08571428571428572,0.13333333333333333,0.1444518117451063
100017716|F|0-8:C>T-8:C>T,C/T,,,1.0,0.07142857142857142,0.10476190476190476,0.12385464389837572
100017834|F|0-8:C>T-8:C>T,C/T,,,0.9904761904761905,0.07211538461538461,0.14423076923076922,0.12487434271541344
100017856|F|0-8:G>C-8:G>C,G/C,,,1.0,0.22857142857142856,0.3619047619047619,0.29047097042898795
100018050|F|0-8:G>T-8:G>T,G/T,,,1.0,0.2714285714285714,0.37142857142857144,0.31729604331528516
100018194|F|0-8:A>C-8:A>C,A/C,Vu02 (old7),25429826.0,0.9904761904761905,0.16826923076923073,0.2403846153846154,0.2407347592088398
100018344|F|0-8:A>T-8:A>T,A/T,,,1.0,0.02857142857142857,0.05714285714285714,0.0539695127030404
100018976|F|0-8:C>T-8:C>T,C/T,Vu03 (old3),2426825.0,0.9904761904761905,0.09134615384615384,0.14423076923076922,0.15222539274320487
100019886|F|0-8:A>G-8:A>G,A/G,,,1.0,0.01904761904761905,0.01904761904761905,0.036671370468066414
100020593|F|0-8:G>C-8:G>C,G/C,,,1.0,0.21428571428571427,0.3523809523809524,0.2800395668471471
100022176|F|0-8:G>A-8:G>A,G/A,,,1.0,0.05714285714285714,0.11428571428571428,0.10194952103290292
100022245|F|0-8:T>C-8:T>C,T/C,,,1.0,0.36666666666666664,0.4095238095238095,0.35659012345679014
100022772|F|0-8:T>A-8:T>A,T/A,,,0.7714285714285715,0.012345679012345678,0.024691358024691357,0.024089175108134273
100029192|F|0-8:A>G-8:A>G,A/G,,,0.6857142857142857,0.01388888888888884,0.0,0.027016815152987168
100029807|F|0-8:G>A-8:G>A,G/A,,,0.8952380952380953,0.005319148936170213,0.010638297872340425,0.010525724875765625
100030615|F|0-8:C>T-8:C>T,C/T,,,1.0,0.3333333333333333,0.41904761904761906,0.345679012345679
100030652|F|0-8:A>C-8:A>C,A/C,,,1.0,0.11428571428571428,0.19047619047619047,0.18195618492294877
100030677|F|0-8:G>C-8:G>C,G/C,,,0.9714285714285714,0.00980392156862745,0.0196078431372549,0.01922712643718924
100030791|F|0-8:C>A-8:C>A,C/A,,,1.0,0.03333333333333333,0.047619047619047616,0.062367901234567986
100033535|F|0-8:A>G-8:A>G,A/G,,,1.0,0.10952380952380952,0.18095238095238095,0.17603313331379425
100033667|F|0-8:G>A-8:G>A,G/A,,,1.0,0.004761904761904762,0.009523809523809525,0.009433537466384832
100034578|F|0-8:C>T-8:C>T,C/T,,,0.9904761904761905,0.04807692307692308,0.057692307692307696,0.08734209715061635
100034734|F|0-8:C>T-8:C>T,C/T,,,1.0,0.01904761904761905,0.0380952380952381,0.036671370468066414
100034779|F|0-8:A>T-8:A>T,A/T,,,1.0,0.2761904761904762,0.38095238095238093,0.3198911400085356
100035100|F|0-8:T>C-8:T>C,T/C,,,1.0,0.2714285714285714,0.4095238095238095,0.31729604331528516
100038400|F|0-8:G>A-8:G>A,G/A,,,0.8095238095238095,0.047058823529411764,0.0,0.08566656050574117
100038609|F|0-8:A>T-8:A>T,A/T,,,1.0,0.4714285714285714,0.44761904761904764,0.37418234069137857
100038770|F|0-8:C>T-8:C>T,C/T,,,1.0,0.0380952380952381,0.05714285714285714,0.07060241771689768
100038930|F|0-8:G>C-8:G>C,G/C,,,1.0,0.01904761904761905,0.0380952380952381,0.036671370468066414
100039000|F|0-8:C>T-8:C>T,C/T,,,1.0,0.014285714285714285,0.02857142857142857,0.02776668054977082
100041049|F|0-8:C>T-8:C>T,C/T,,,0.5714285714285714,0.016666666666666666,0.0,0.0322405864197531
100041134|F|0-8:G>C-8:G>C,G/C,,,1.0,0.11428571428571428,0.19047619047619047,0.18195618492294877
100041240|F|0-8:T>G-8:T>G,T/G,,,0.9619047619047619,0.01485148514851485,0.009900990099009901,0.0288337095203006
100044127|F|0-8:G>A-8:G>A,G/A,,,1.0,0.05714285714285714,0.01904761904761905,0.10194952103290292
100051658|F|0-8:A>G-8:A>G,A/G,,,0.8952380952380953,0.18085106382978725,0.2765957446808511,0.2523946493633497
100052450|F|0-8:A>G-8:A>G,A/G,,,0.9809523809523809,0.10679611650485436,0.1553398058252427,0.1725826384246604
100052891|F|0-8:C>T-8:C>T,C/T,,,1.0,0.4,0.49523809523809526,0.36479999999999996
100056219|F|0-8:T>A-8:T>A,T/A,,,0.780952380952381,0.042682926829268296,0.036585365853658534,0.07838293107148836
100059433|F|0-8:T>C-8:T>C,T/C,,,0.9904761904761905,0.11057692307692307,0.22115384615384615,0.17735402025865424
100013628|F|0-9:A>C-9:A>C,A/C,,,0.47619047619047616,0.18,0.12,0.25162847999999993
100013713|F|0-9:G>T-9:G>T,G/T,,,1.0,0.34285714285714286,0.4,0.34908654727196997
100013884|F|0-9:G>A-9:G>A,G/A,,,1.0,0.014285714285714285,0.02857142857142857,0.02776668054977082
100014153|F|0-9:C>A-9:C>A,C/A,,,1.0,0.18571428571428572,0.29523809523809524,0.25671128696376516
100015194|F|0-9:C>T-9:C>T,C/T,,,1.0,0.3,0.37142857142857144,0.33180000000000004
100015232|F|0-9:G>T-9:G>T,G/T,Vu01 (old4),18488835.0,1.0,0.38571428571428573,0.5238095238095238,0.3615975843398583
100015354|F|0-9:A>G-9:A>G,A/G,,,0.7047619047619048,0.006756756756756757,0.013513513513513514,0.01333212818295777
100015727|F|0-9:C>T-9:C>T,C/T,,,0.9714285714285714,0.058823529411764705,0.058823529411764705,0.10459644879730838
100016574|F|0-9:G>A-9:G>A,G/A,,,1.0,0.20476190476190476,0.3142857142857143,0.27263880687573583
100017042|F|0-9:A>G-9:A>G,A/G,,,1.0,0.2761904761904762,0.4380952380952381,0.3198911400085356
100017310|F|0-9:T>G-9:T>G,T/G,,,1.0,0.3047619047619048,0.3047619047619048,0.3339761354579625
100017454|F|0-9:A>G-9:A>G,A/G,,,1.0,0.4095238095238095,0.41904761904761906,0.3666800396953944
100017714|F|0-9:G>A-9:G>A,G/A,,,1.0,0.004761904761904762,0.009523809523809525,0.009433537466384832
100017720|F|0-9:G>A-9:G>A,G/A,,,1.0,0.05238095238095238,0.06666666666666667,0.0943466755107184
100019428|F|0-9:T>G-9:T>G,T/G,,,1.0,0.01904761904761905,0.0380952380952381,0.036671370468066414
100019679|F|0-9:G>A-9:G>A,G/A,Vu06 (old6),28693326.0,1.0,0.03333333333333333,0.02857142857142857,0.062367901234567986
100021092|F|0-9:A>C-9:A>C,A/C,,,0.9714285714285714,0.004901960784313725,0.00980392156862745,0.009708274696864147
100021397|F|0-9:C>T-9:C>T,C/T,,,1.0,0.4571428571428572,0.41904761904761906,0.373156518117451
100021780|F|0-9:A>G-9:A>G,A/G,Vu04 (old11),742456.0,1.0,0.34285714285714286,0.41904761904761906,0.34908654727196997
100021860|F|0-9:A>C-9:A>C,A/C,,,1.0,0.16666666666666666,0.23809523809523808,0.23919753086419743
100022076|F|0-9:A>G-9:A>G,A/G,Vu05 (old1),46215633.0,1.0,0.02857142857142857,0.05714285714285714,0.0539695127030404
100028703|F|0-9:T>G-9:T>G,T/G,,,1.0,0.4523809523809524,0.5238095238095238,0.3727221425229199
100028860|F|0-9:G>A-9:G>A,G/A,,,0.7238095238095238,0.006578947368421052,0.013157894736842105,0.012985899810611894
100028909|F|0-9:C>T-9:C>T,C/T,,,1.0,0.44285714285714284,0.4095238095238095,0.37171336942940447
100029045|F|0-9:A>G-9:A>G,A/G,Vu09 (old8),4387352.0,1.0,0.023809523809523808,0.047619047619047616,0.04540482103650237
100029063|F|0-9:C>T-9:C>T,C/T,,,1.0,0.08571428571428572,0.13333333333333333,0.1444518117451063
100029254|F|0-9:C>A-9:C>A,C/A,,,1.0,0.05238095238095238,0.06666666666666667,0.0943466755107184
100029568|F|0-9:T>G-9:T>G,T/G,,,1.0,0.44285714285714284,0.44761904761904764,0.37171336942940447
100030421|F|0-9:G>A-9:G>A,G/A,,,1.0,0.03333333333333333,0.047619047619047616,0.062367901234567986
100033019|F|0-9:G>C-9:G>C,G/C,,,1.0,0.02857142857142857,0.0380952380952381,0.0539695127030404
100033955|F|0-9:A>C-9:A>C,A/C,,,1.0,0.04285714285714286,0.08571428571428572,0.07867546855476872
100034306|F|0-9:C>T-9:C>T,C/T,,,1.0,0.23333333333333334,0.3523809523809524,0.2937753086419754
100034340|F|0-9:G>A-9:G>A,G/A,Vu07 (old2),25775716.0,1.0,0.06190476190476191,0.12380952380952381,0.10940027971884139
100034584|F|0-9:T>C-9:T>C,T/C,,,1.0,0.43333333333333335,0.6,0.3705160493827161
100035958|F|0-9:C>T-9:C>T,C/T,,,0.5238095238095238,0.03636363636363636,0.0,0.06762685608906488
100038486|F|0-9:G>A-9:G>A,G/A,,,1.0,0.0761904761904762,0.11428571428571428,0.1308627413474837
100038536|F|0-9:T>A-9:T>A,T/A,,,1.0,0.009523809523809525,0.01904761904761905,0.01868824615258029
100038672|F|0-9:T>C-9:T>C,T/C,,,1.0,0.05714285714285714,0.05714285714285714,0.10194952103290292
100038915|F|0-9:A>C-9:A>C,A/C,,,1.0,0.1619047619047619,0.20952380952380953,0.23455879391817186
100041191|F|0-9:C>A-9:C>A,C/A,,,0.6476190476190476,0.5,0.38235294117647056,0.375
100044760|F|0-9:A>T-9:A>T,A/T,Vu07 (old2),52829.0,1.0,0.3476190476190476,0.42857142857142855,0.35070171276371465
100048197|F|0-9:T>C-9:T>C,T/C,,,1.0,0.04285714285714286,0.06666666666666667,0.07867546855476872
100048404|F|0-9:C>A-9:C>A,C/A,,,1.0,0.02857142857142857,0.05714285714285714,0.0539695127030404
100050926|F|0-9:A>G-9:A>G,A/G,,,0.9047619047619048,0.0052631578947368585,0.010526315789473684,0.010416094106092016
100053633|F|0-9:C>T-9:C>T,C/T,,,1.0,0.04285714285714286,0.08571428571428572,0.07867546855476872
100054119|F|0-9:A>T-9:A>T,A/T,,,1.0,0.21904761904761905,0.2857142857142857,0.28360453103387984
100059741|F|0-9:A>C-9:A>C,A/C,,,0.9904761904761905,0.04326923076923077,0.0673076923076923,0.07936658492288148
100060401|F|0-9:C>T-9:C>T,C/T,,,0.9047619047619048,0.0052631578947368585,0.010526315789473684,0.010416094106092016
100013328|F|0-10:A>G-10:A>G,A/G,,,1.0,0.02857142857142857,0.0380952380952381,0.0539695127030404
100013385|F|0-10:G>T-10:G>T,G/T,,,1.0,0.22857142857142856,0.34285714285714286,0.29047097042898795
100014107|F|0-10:A>C-10:A>C,A/C,,,1.0,0.08571428571428572,0.09523809523809523,0.1444518117451063
100014526|F|0-10:T>C-10:T>C,T/C,,,0.9619047619047619,0.32673267326732675,0.4158415841584158,0.34317584457511374
100014743|F|0-10:C>G-10:C>G,C/G,,,0.49523809523809526,0.10576923076923073,0.057692307692307696,0.17127265367874886
100015336|F|0-10:G>C-10:G>C,G/C,Vu07 (old2),36889212.0,1.0,0.01904761904761905,0.0380952380952381,0.036671370468066414
100015480|F|0-10:T>C-10:T>C,T/C,Vu05 (old1),26903529.0,1.0,0.009523809523809525,0.01904761904761905,0.01868824615258029
100016215|F|0-10:C>T-10:C>T,C/T,,,1.0,0.0380952380952381,0.05714285714285714,0.07060241771689768
100016342|F|0-10:G>A-10:G>A,G/A,,,1.0,0.004761904761904762,0.009523809523809525,0.009433537466384832
100018192|F|0-10:A>T-10:A>T,A/T,,,1.0,0.004761904761904762,0.009523809523809525,0.009433537466384832
100018394|F|0-10:A>C-10:A>C,A/C,,,1.0,0.004761904761904762,0.009523809523809525,0.009433537466384832
100018535|F|0-10:A>T-10:A>T,A/T,,,1.0,0.05238095238095238,0.10476190476190476,0.0943466755107184
100018779|F|0-10:A>G-10:A>G,A/G,Vu09 (old8),32879608.0,1.0,0.4142857142857143,0.3904761904761905,0.36754510620574765
100019676|F|0-10:G>T-10:G>T,G/T,,,1.0,0.2571428571428571,0.3047619047619048,0.3090632236568096
100020171|F|0-10:G>A-10:G>A,G/A,,,1.0,0.08095238095238096,0.14285714285714285,0.1377277358713706
100020310|F|0-10:A>T-10:A>T,A/T,,,1.0,0.04285714285714286,0.06666666666666667,0.07867546855476872
100021657|F|0-10:A>T-10:A>T,A/T,,,1.0,0.06666666666666667,0.05714285714285714,0.11670123456790114
100021820|F|0-10:T>A-10:T>A,T/A,,,1.0,0.1,0.18095238095238095,0.16379999999999995
100022289|F|0-10:A>G-10:A>G,A/G,,,1.0,0.1380952380952381,0.23809523809523808,0.2097160123611046
100028589|F|0-10:A>T-10:A>T,A/T,,,1.0,0.04285714285714286,0.08571428571428572,0.07867546855476872
100029049|F|0-10:A>G-10:A>G,A/G,,,1.0,0.13333333333333333,0.22857142857142856,0.20440493827160486
100029174|F|0-10:G>A-10:G>A,G/A,,,0.9904761904761905,0.009615384615384616,0.019230769230769232,0.018864485634912918
100029902|F|0-10:T>C-10:T>C,T/C,,,1.0,0.03333333333333333,0.047619047619047616,0.062367901234567986
100030268|F|0-10:A>C-10:A>C,A/C,,,1.0,0.3142857142857143,0.47619047619047616,0.33813111203665136
100030458|F|0-10:C>T-10:C>T,C/T,,,1.0,0.15714285714285714,0.2571428571428571,0.22981249479383598
100031046|F|0-10:C>T-10:C>T,C/T,,,0.8952380952380953,0.005319148936170213,0.010638297872340425,0.010525724875765625
100032947|F|0-10:A>C-10:A>C,A/C,,,0.9619047619047619,0.09900990099009901,0.1188118811881188,0.16249812452673507
100033213|F|0-10:T>C-10:T>C,T/C,Vu02 (old7),26247196.0,0.6095238095238096,0.015625,0.0,0.03028857707977295
100034096|F|0-10:G>A-10:G>A,G/A,Vu02 (old7),21233031.0,0.9714285714285714,0.03431372549019608,0.049019607843137254,0.0640765595416159
100034787|F|0-10:T>G-10:T>G,T/G,Vu02 (old7),31446327.0,1.0,0.004761904761904762,0.009523809523809525,0.009433537466384832
100036060|F|0-10:G>T-10:G>T,G/T,Vu06 (old6),32597034.0,1.0,0.18095238095238095,0.3238095238095238,0.25248564538438206
100038458|F|0-10:G>A-10:G>A,G/A,,,1.0,0.047619047619047616,0.09523809523809523,0.08658943547184561
100040095|F|0-10:G>A-10:G>A,G/A,Vu03 (old3),6007742.0,1.0,0.004761904761904762,0.009523809523809525,0.009433537466384832
100040460|F|0-10:G>A-10:G>A,G/A,,,1.0,0.4,0.4380952380952381,0.36479999999999996
100040573|F|0-10:G>T-10:G>T,G/T,,,0.7333333333333333,0.33116883116883117,0.2727272727272727,0.3448710845528272
100041722|F|0-10:C>T-10:C>T,C/T,,,1.0,0.14761904761904762,0.23809523809523808,0.21999012654192443
100043120|F|0-10:T>G-10:T>G,T/G,,,1.0,0.09523809523809523,0.13333333333333333,0.15748582123703592
100043216|F|0-10:A>G-10:A>G,A/G,,,1.0,0.09047619047619047,0.18095238095238095,0.1510371285626874
100043373|F|0-10:C>G-10:C>G,C/G,,,1.0,0.004761904761904762,0.009523809523809525,0.009433537466384832
100044509|F|0-10:A>G-10:A>G,A/G,,,0.9809523809523809,0.23300970873786409,0.36893203883495146,0.293553419630718
100048111|F|0-10:T>A-10:T>A,T/A,,,1.0,0.3952380952380952,0.4857142857142857,0.363784039571989
100051040|F|0-10:T>C-10:T>C,T/C,,,0.7238095238095238,0.013157894736842146,0.0,0.025632320865401584
100056874|F|0-10:G>A-10:G>A,G/A,,,0.6,0.015873015873015928,0.0,0.030754091246718754
100059134|F|0-10:A>G-10:A>G,A/G,,,0.9523809523809523,0.010000000000000009,0.0,0.019603980000000038
100059522|F|0-10:G>T-10:G>T,G/T,,,1.0,0.18571428571428572,0.2571428571428571,0.25671128696376516
100013144|F|0-11:A>G-11:A>G,A/G,,,0.9333333333333333,0.015306122448979553,0.01020408163265306,0.02968936910181279
100013239|F|0-11:G>A-11:G>A,G/A,,,1.0,0.04285714285714286,0.08571428571428572,0.07867546855476872
100013515|F|0-11:T>A-11:T>A,T/A,Vu03 (old3),42333895.0,1.0,0.01904761904761905,0.0380952380952381,0.036671370468066414
100013529|F|0-11:C>G-11:C>G,C/G,,,1.0,0.40476190476190477,0.4666666666666667,0.36576516472046117
100013847|F|0-11:C>A-11:C>A,C/A,,,1.0,0.3142857142857143,0.3238095238095238,0.33813111203665136
100014023|F|0-11:A>G-11:A>G,A/G,,,1.0,0.09523809523809523,0.1523809523809524,0.15748582123703592
100014256|F|0-11:C>T-11:C>T,C/T,,,1.0,0.3,0.37142857142857144,0.33180000000000004
100014687|F|0-11:C>A-11:C>A,C/A,Vu08 (old5),23922101.0,1.0,0.014285714285714285,0.02857142857142857,0.02776668054977082
100014874|F|0-11:C>G-11:C>G,C/G,,,1.0,0.047619047619047616,0.09523809523809523,0.08658943547184561
100014895|F|0-11:G>A-11:G>A,G/A,,,1.0,0.0761904761904762,0.13333333333333333,0.1308627413474837
100016193|F|0-11:G>T-11:G>T,G/T,,,1.0,0.023809523809523808,0.047619047619047616,0.04540482103650237
100017539|F|0-11:A>T-11:A>T,A/T,,,1.0,0.07142857142857142,0.14285714285714285,0.12385464389837572
100017602|F|0-11:G>A-11:G>A,G/A,Vu03 (old3),42380542.0,1.0,0.01904761904761905,0.0380952380952381,0.036671370468066414
100017664|F|0-11:A>T-11:A>T,A/T,,,1.0,0.0761904761904762,0.09523809523809523,0.1308627413474837
100017915|F|0-11:C>T-11:C>T,C/T,,,1.0,0.004761904761904762,0.009523809523809525,0.009433537466384832
100018346|F|0-11:A>C-11:A>C,A/C,,,1.0,0.3238095238095238,0.45714285714285713,0.3420295699837001
100018366|F|0-11:C>A-11:C>A,C/A,Vu06 (old6),3381583.0,1.0,0.14761904761904762,0.29523809523809524,0.21999012654192443
100019311|F|0-11:C>A-11:C>A,C/A,,,1.0,0.15714285714285714,0.2571428571428571,0.22981249479383598
100019349|F|0-11:A>T-11:A>T,A/T,,,0.5619047619047619,0.11864406779661017,0.13559322033898305,0.18726651784988493
100019693|F|0-11:A>C-11:A>C,A/C,Vu10 (old10),35860987.0,1.0,0.009523809523809525,0.0,0.01868824615258029
100020372|F|0-11:G>T-11:G>T,G/T,Vu03 (old3),40582693.0,1.0,0.05238095238095238,0.10476190476190476,0.0943466755107184
100020454|F|0-11:G>A-11:G>A,G/A,,,1.0,0.4142857142857143,0.42857142857142855,0.36754510620574765
100020755|F|0-11:C>A-11:C>A,C/A,,,1.0,0.14285714285714285,0.22857142857142856,0.21491045397750919
100020833|F|0-11:G>C-11:G>C,G/C,,,0.7428571428571429,0.03205128205128205,0.01282051282051282,0.06012301791465624
100021039|F|0-11:A>T-11:A>T,A/T,,,0.41904761904761906,0.022727272727272707,0.0,0.043434853322860456
100021307|F|0-11:T>C-11:T>C,T/C,,,0.47619047619047616,0.14,0.12,0.2118076800000001
100021321|F|0-11:A>G-11:A>G,A/G,Vu06 (old6),19698701.0,1.0,0.004761904761904762,0.009523809523809525,0.009433537466384832
100022037|F|0-11:G>A-11:G>A,G/A,,,0.5047619047619047,0.03773584905660377,0.03773584905660377,0.06998660791401698
100022151|F|0-11:T>C-11:T>C,T/C,Vu07 (old2),2803544.0,1.0,0.004761904761904762,0.009523809523809525,0.009433537466384832
100029079|F|0-11:G>A-11:G>A,G/A,,,1.0,0.06666666666666667,0.13333333333333333,0.11670123456790114
100029189|F|0-11:C>A-11:C>A,C/A,,,1.0,0.3333333333333333,0.38095238095238093,0.345679012345679
100029339|F|0-11:C>T-11:C>T,C/T,Vu02 (old7),26187715.0,1.0,0.2761904761904762,0.5523809523809524,0.3198911400085356
100029562|F|0-11:A>C-11:A>C,A/C,,,0.8666666666666667,0.016483516483516484,0.03296703296703297,0.03189797475787137
100029856|F|0-11:A>C-11:A>C,A/C,,,1.0,0.009523809523809525,0.01904761904761905,0.01868824615258029
100030229|F|0-11:A>T-11:A>T,A/T,,,0.9809523809523809,0.32524271844660196,0.39805825242718446,0.3425944962172265
100030246|F|0-11:C>A-11:C>A,C/A,,,1.0,0.3333333333333333,0.4380952380952381,0.345679012345679
100030290|F|0-11:A>C-11:A>C,A/C,,,1.0,0.46190476190476193,0.5047619047619047,0.37354454059779624
100030488|F|0-11:A>T-11:A>T,A/T,Vu01 (old4),38449022.0,1.0,0.004761904761904745,0.009523809523809525,0.009433537466384832
100032932|F|0-11:C>T-11:C>T,C/T,,,0.8761904761904762,0.005434782608695652,0.010869565217391304,0.010752058130219495
100033439|F|0-11:T>C-11:T>C,T/C,,,0.7047619047619048,0.0472972972972973,0.04054054054054054,0.08605967133426631
100034291|F|0-11:A>T-11:A>T,A/T,,,1.0,0.1,0.14285714285714285,0.16379999999999995
100034399|F|0-11:G>T-11:G>T,G/T,,,0.9714285714285714,0.014705882352941176,0.029411764705882353,0.02855934061493497
100034804|F|0-11:G>A-11:G>A,G/A,Vu01 (old4),5843731.0,1.0,0.48571428571428577,0.5142857142857142,0.3747958350687214
100035126|F|0-11:T>C-11:T>C,T/C,Vu04 (old11),37919761.0,1.0,0.49523809523809526,0.41904761904761906,0.37497732323466043
100036080|F|0-11:G>A-11:G>A,G/A,,,0.638095238095238,0.2537313432835821,0.3582089552238806,0.30699532795222667
100038400|F|0-11:G>A-11:G>A,G/A,,,1.0,0.4857142857142857,0.5142857142857142,0.3747958350687214
100038935|F|0-11:A>T-11:A>T,A/T,,,1.0,0.14285714285714285,0.20952380952380953,0.21491045397750919
100038942|F|0-11:T>A-11:T>A,T/A,,,1.0,0.38571428571428573,0.7714285714285715,0.3615975843398583
100040147|F|0-11:C>G-11:C>G,C/G,,,1.0,0.38095238095238093,0.7619047619047619,0.3604259542063235
100043453|F|0-11:G>C-11:G>C,G/C,,,1.0,0.004761904761904745,0.009523809523809525,0.009433537466384832
100044383|F|0-11:A>T-11:A>T,A/T,,,1.0,0.22857142857142856,0.3238095238095238,0.29047097042898795
100046295|F|0-11:G>A-11:G>A,G/A,,,0.7238095238095238,0.09210526315789473,0.02631578947368421,0.1532585284604937
100048771|F|0-11:G>A-11:G>A,G/A,Vu11 (old9),32286941.0,1.0,0.20476190476190476,0.3142857142857143,0.27263880687573583
100051141|F|0-11:G>A-11:G>A,G/A,,,1.0,0.34285714285714286,0.6857142857142857,0.34908654727196997
100051489|F|0-11:T>C-11:T>C,T/C,,,1.0,0.047619047619047616,0.09523809523809523,0.08658943547184561
100054559|F|0-11:G>A-11:G>A,G/A,,,0.9904761904761905,0.15384615384615385,0.11538461538461539,0.22646265887048772
100055393|F|0-11:T>C-11:T>C,T/C,,,0.7619047619047619,0.025,0.025,0.04756171875000007
100056174|F|0-11:G>A-11:G>A,G/A,,,1.0,0.12857142857142856,0.2,0.1989753436068305
100058859|F|0-11:T>G-11:T>G,T/G,,,0.780952380952381,0.012195121951219513,0.0,0.023802570351845086
100060144|F|0-11:C>A-11:C>A,C/A,,,0.7523809523809524,0.03164556962025311,0.012658227848101266,0.059410129981501164
100013102|F|0-12:T>C-12:T>C,T/C,,,1.0,0.3142857142857143,0.4380952380952381,0.33813111203665136
100013341|F|0-12:G>C-12:G>C,G/C,,,1.0,0.004761904761904762,0.009523809523809525,0.009433537466384832
100013408|F|0-12:A>T-12:A>T,A/T,,,0.5428571428571428,0.07894736842105265,0.05263157894736842,0.1348545130869162
100013638|F|0-12:A>T-12:A>T,A/T,,,1.0,0.014285714285714285,0.02857142857142857,0.02776668054977082
100014230|F|0-12:A>G-12:A>G,A/G,,,1.0,0.2571428571428571,0.26666666666666666,0.3090632236568096
100014274|F|0-12:C>T-12:C>T,C/T,,,1.0,0.11904761904761904,0.14285714285714285,0.18775291673736771
100014327|F|0-12:T>C-12:T>C,T/C,,,1.0,0.319047619047619,0.4095238095238095,0.3401119276433173
100014556|F|0-12:G>A-12:G>A,G/A,,,1.0,0.3619047619047619,0.38095238095238093,0.35520235292907804
100014678|F|0-12:C>T-12:C>T,C/T,,,1.0,0.3333333333333333,0.41904761904761906,0.345679012345679
100014707|F|0-12:T>C-12:T>C,T/C,,,1.0,0.319047619047619,0.3904761904761905,0.3401119276433173
100014808|F|0-12:C>A-12:C>A,C/A,,,1.0,0.004761904761904762,0.009523809523809525,0.009433537466384832
100015572|F|0-12:T>A-12:T>A,T/A,Vu09 (old8),2586949.0,1.0,0.02857142857142857,0.0380952380952381,0.0539695127030404
100016039|F|0-12:A>C-12:A>C,A/C,,,1.0,0.02857142857142857,0.05714285714285714,0.0539695127030404
100017079|F|0-12:A>G-12:A>G,A/G,,,1.0,0.2619047619047619,0.2,0.3118832945120603
100017269|F|0-12:A>G-12:A>G,A/G,,,1.0,0.11428571428571428,0.20952380952380953,0.18195618492294877
100017913|F|0-12:C>T-12:C>T,C/T,,,1.0,0.014285714285714285,0.02857142857142857,0.02776668054977082
100018171|F|0-12:T>C-12:T>C,T/C,,,1.0,0.07142857142857142,0.10476190476190476,0.12385464389837572
100018426|F|0-12:A>G-12:A>G,A/G,Vu02 (old7),18999107.0,1.0,0.004761904761904762,0.009523809523809525,0.009433537466384832
100018441|F|0-12:A>C-12:A>C,A/C,,,1.0,0.09523809523809523,0.1523809523809524,0.15748582123703592
100018758|F|0-12:C>T-12:C>T,C/T,,,1.0,0.2571428571428571,0.38095238095238093,0.3090632236568096
100018913|F|0-12:G>A-12:G>A,G/A,,,1.0,0.3523809523809524,0.4,0.3522588880147676
100019087|F|0-12:C>A-12:C>A,C/A,,,1.0,0.06190476190476191,0.12380952380952381,0.10940027971884139
100019189|F|0-12:A>T-12:A>T,A/T,,,1.0,0.023809523809523808,0.047619047619047616,0.04540482103650237
100019240|F|0-12:A>C-12:A>C,A/C,Vu07 (old2),30408014.0,0.9809523809523809,0.05339805825242716,0.04854368932038835,0.0959834723550498
100019731|F|0-12:C>A-12:C>A,C/A,,,1.0,0.009523809523809525,0.0,0.01868824615258029
100019902|F|0-12:T>A-12:T>A,T/A,,,0.5523809523809524,0.25862068965517243,0.13793103448275862,0.309946647796279
100019924|F|0-12:A>T-12:A>T,A/T,,,1.0,0.08095238095238096,0.1619047619047619,0.1377277358713706
100019965|F|0-12:G>A-12:G>A,G/A,,,1.0,0.03333333333333333,0.047619047619047616,0.062367901234567986
100020368|F|0-12:G>A-12:G>A,G/A,,,0.5333333333333333,0.0892857142857143,0.03571428571428571,0.14940369084496052
100021355|F|0-12:T>A-12:T>A,T/A,,,1.0,0.004761904761904762,0.009523809523809525,0.009433537466384832
100021629|F|0-12:T>C-12:T>C,T/C,,,1.0,0.11904761904761904,0.21904761904761905,0.18775291673736771
100021690|F|0-12:G>A-12:G>A,G/A,,,1.0,0.3047619047619048,0.4,0.3339761354579625
100021815|F|0-12:C>A-12:C>A,C/A,,,1.0,0.14285714285714285,0.20952380952380953,0.21491045397750919
100021971|F|0-12:T>C-12:T>C,T/C,,,0.9809523809523809,0.1407766990291262,0.14563106796116504,0.2126552645554147
100028492|F|0-12:T>C-12:T>C,T/C,,,1.0,0.023809523809523808,0.047619047619047616,0.04540482103650237
100028537|F|0-12:G>A-12:G>A,G/A,,,0.9047619047619048,0.005263157894736842,0.010526315789473684,0.010416094106092016
100028539|F|0-12:G>A-12:G>A,G/A,,,0.9904761904761905,0.004807692307692308,0.009615384615384616,0.009523372423757013
100029027|F|0-12:T>A-12:T>A,T/A,,,0.5428571428571428,0.07017543859649122,0.10526315789473684,0.12198634691300246
100029213|F|0-12:G>A-12:G>A,G/A,,,1.0,0.4714285714285714,0.4666666666666667,0.37418234069137857
100029224|F|0-12:A>G-12:A>G,A/G,,,1.0,0.09523809523809523,0.17142857142857143,0.15748582123703592
100029448|F|0-12:C>G-12:C>G,C/G,,,1.0,0.01904761904761905,0.01904761904761905,0.036671370468066414
100030367|F|0-12:G>A-12:G>A,G/A,,,0.9904761904761905,0.04807692307692308,0.09615384615384616,0.08734209715061635
100030375|F|0-12:T>C-12:T>C,T/C,,,0.7142857142857143,0.4533333333333333,0.3466666666666667,0.3728127367901236
100030376|F|0-12:T>C-12:T>C,T/C,,,1.0,0.4904761904761905,0.4857142857142857,0.3749092805981047
100033374|F|0-12:T>C-12:T>C,T/C,Vu10 (old10),39029156.0,1.0,0.047619047619047616,0.09523809523809523,0.08658943547184561
100033683|F|0-12:T>C-12:T>C,T/C,,,0.9619047619047619,0.009900990099009901,0.0,0.01941372491924195
100034183|F|0-12:A>G-12:A>G,A/G,Vu09 (old8),30526718.0,0.9619047619047619,0.009900990099009901,0.0,0.01941372491924195
100034506|F|0-12:G>A-12:G>A,G/A,,,0.9904761904761905,0.028846153846153848,0.019230769230769232,0.054458532149390726
100034726|F|0-12:C>T-12:C>T,C/T,,,1.0,0.014285714285714285,0.009523809523809525,0.02776668054977082
100034732|F|0-12:A>C-12:A>C,A/C,,,1.0,0.02857142857142857,0.05714285714285714,0.0539695127030404
100035981|F|0-12:G>A-12:G>A,G/A,,,1.0,0.29523809523809524,0.3238095238095238,0.32955674230387544
100039010|F|0-12:C>T-12:C>T,C/T,,,1.0,0.10476190476190476,0.17142857142857143,0.16998175040235286
100040719|F|0-12:G>A-12:G>A,G/A,,,0.4380952380952381,0.44565217391304346,0.15217391304347827,0.37202886527528134
100040848|F|0-12:G>A-12:G>A,G/A,Vu09 (old8),11189095.0,1.0,0.004761904761904762,0.009523809523809525,0.009433537466384832
100042001|F|0-12:C>A-12:C>A,C/A,,,1.0,0.2761904761904762,0.38095238095238093,0.3198911400085356
100043217|F|0-12:G>T-12:G>T,G/T,,,1.0,0.07142857142857142,0.14285714285714285,0.12385464389837572
100043230|F|0-12:G>T-12:G>T,G/T,,,1.0,0.08095238095238096,0.1619047619047619,0.1377277358713706
100043501|F|0-12:T>G-12:T>G,T/G,,,1.0,0.4380952380952381,0.49523809523809526,0.3711384289467865
100049761|F|0-12:A>G-12:A>G,A/G,,,0.9047619047619048,0.1473684210526316,0.21052631578947367,0.21972560677097314
100051692|F|0-12:T>A-12:T>A,T/A,,,1.0,0.10952380952380952,0.1619047619047619,0.17603313331379425
100052747|F|0-12:T>G-12:T>G,T/G,,,0.9904761904761905,0.23076923076923078,0.34615384615384615,0.292006582402577
100054888|F|0-12:A>G-12:A>G,A/G,,,1.0,0.04285714285714286,0.08571428571428572,0.07867546855476872
100058870|F|0-12:T>G-12:T>G,T/G,,,0.9809523809523809,0.0048543689320388345,0.009708737864077669,0.00961493473338511
100013007|F|0-13:G>C-13:G>C,G/C,,,1.0,0.004761904761904762,0.009523809523809525,0.009433537466384832
100013309|F|0-13:A>C-13:A>C,A/C,,,1.0,0.08095238095238096,0.12380952380952381,0.1377277358713706
100013424|F|0-13:C>A-13:C>A,C/A,,,1.0,0.22380952380952382,0.29523809523809524,0.28708118428021245
100013668|F|0-13:A>C-13:A>C,A/C,,,0.7047619047619048,0.006756756756756757,0.013513513513513514,0.01333212818295777
100014249|F|0-13:T>C-13:T>C,T/C,,,1.0,0.004761904761904762,0.009523809523809525,0.009433537466384832
100014461|F|0-13:A>G-13:A>G,A/G,,,1.0,0.0380952380952381,0.05714285714285714,0.07060241771689768
100014644|F|0-13:T>C-13:T>C,T/C,,,1.0,0.023809523809523808,0.02857142857142857,0.04540482103650237
100015115|F|0-13:C>T-13:C>T,C/T,,,1.0,0.3047619047619048,0.38095238095238093,0.3339761354579625
100015956|F|0-13:C>T-13:C>T,C/T,,,1.0,0.35714285714285715,0.44761904761904764,0.35375885047896716
100016814|F|0-13:T>C-13:T>C,T/C,,,0.7047619047619048,0.020270270270270285,0.04054054054054054,0.038929982369444165
100017335|F|0-13:C>T-13:C>T,C/T,,,0.8761904761904762,0.021739130434782608,0.021739130434782608,0.041628549783627206
100017576|F|0-13:A>G-13:A>G,A/G,,,0.9809523809523809,0.0048543689320388345,0.009708737864077669,0.00961493473338511
100017594|F|0-13:G>T-13:G>T,G/T,,,1.0,0.4380952380952381,0.47619047619047616,0.3711384289467865
100018559|F|0-13:A>G-13:A>G,A/G,,,1.0,0.04285714285714286,0.08571428571428572,0.07867546855476872
100018809|F|0-13:A>G-13:A>G,A/G,,,1.0,0.1,0.1619047619047619,0.16379999999999995
100018909|F|0-13:T>C-13:T>C,T/C,,,1.0,0.05714285714285714,0.0761904761904762,0.10194952103290292
100019004|F|0-13:T>A-13:T>A,T/A,,,1.0,0.05714285714285714,0.11428571428571428,0.10194952103290292
100019301|F|0-13:T>A-13:T>A,T/A,,,1.0,0.023809523809523808,0.047619047619047616,0.04540482103650237
100019538|F|0-13:G>A-13:G>A,G/A,,,0.5904761904761905,0.13709677419354838,0.1774193548387097,0.20861212651092942
100019569|F|0-13:A>T-13:A>T,A/T,,,0.7428571428571429,0.00641025641025641,0.01282051282051282,0.012657197519841509
100019591|F|0-13:T>A-13:T>A,T/A,Vu10 (old10),40063784.0,1.0,0.02857142857142857,0.05714285714285714,0.0539695127030404
100019782|F|0-13:G>C-13:G>C,G/C,Vu05 (old1),2514196.0,1.0,0.004761904761904762,0.009523809523809525,0.009433537466384832
100020903|F|0-13:G>T-13:G>T,G/T,,,1.0,0.2761904761904762,0.2857142857142857,0.3198911400085356
100021768|F|0-13:C>T-13:C>T,C/T,,,1.0,0.3238095238095238,0.41904761904761906,0.3420295699837001
100022019|F|0-13:C>T-13:C>T,C/T,,,0.9047619047619048,0.010526315789473684,0.021052631578947368,0.020614059130915234
100022144|F|0-13:T>A-13:T>A,T/A,,,0.9714285714285714,0.3284313725490196,0.20588235294117646,0.3438312741465478
100028508|F|0-13:G>C-13:G>C,G/C,,,1.0,0.009523809523809525,0.01904761904761905,0.01868824615258029
100028644|F|0-13:T>C-13:T>C,T/C,,,1.0,0.3952380952380952,0.5047619047619047,0.363784039571989
100029006|F|0-13:A>C-13:A>C,A/C,,,1.0,0.0761904761904762,0.13333333333333333,0.1308627413474837
100029122|F|0-13:T>C-13:T>C,T/C,,,1.0,0.19523809523809524,0.3142857142857143,0.2648668600017482
100029219|F|0-13:A>G-13:A>G,A/G,,,1.0,0.12380952380952381,0.17142857142857143,0.1934253155835275
100029417|F|0-13:C>G-13:C>G,C/G,,,1.0,0.04285714285714286,0.08571428571428572,0.07867546855476872
100029898|F|0-13:T>C-13:T>C,T/C,,,0.6,0.007936507936507936,0.015873015873015872,0.015623054929165329
100030690|F|0-13:T>C-13:T>C,T/C,,,0.580952380952381,0.04918032786885246,0.03278688524590164,0.0891499476268723
100033527|F|0-13:C>T-13:C>T,C/T,,,1.0,0.43333333333333335,0.6,0.3705160493827161
100034394|F|0-13:G>T-13:G>T,G/T,,,0.9904761904761905,0.30288461538461536,0.3942307692307692,0.3331261847158686
100035576|F|0-13:C>T-13:C>T,C/T,,,0.9714285714285714,0.004901960784313725,0.00980392156862745,0.009708274696864147
100036190|F|0-13:A>T-13:A>T,A/T,Vu03 (old3),59363081.0,1.0,0.14285714285714285,0.17142857142857143,0.21491045397750919
100038463|F|0-13:A>C-13:A>C,A/C,,,1.0,0.15714285714285714,0.2761904761904762,0.22981249479383598
100038948|F|0-13:G>A-13:G>A,G/A,,,1.0,0.20952380952380953,0.26666666666666666,0.27638482319609636
100039165|F|0-13:T>C-13:T>C,T/C,,,1.0,0.02857142857142857,0.0380952380952381,0.0539695127030404
100039172|F|0-13:T>C-13:T>C,T/C,,,0.4380952380952381,0.25,0.15217391304347827,0.3046875
100040013|F|0-13:A>G-13:A>G,A/G,,,1.0,0.5,0.5047619047619047,0.375
100041851|F|0-13:G>T-13:G>T,G/T,,,1.0,0.009523809523809525,0.01904761904761905,0.01868824615258029
100046316|F|0-13:C>A-13:C>A,C/A,,,0.9142857142857143,0.10416666666666667,0.125,0.1692162031008873
100047319|F|0-13:T>C-13:T>C,T/C,,,0.9714285714285714,0.004901960784313708,0.00980392156862745,0.009708274696864149
100048795|F|0-13:A>C-13:A>C,A/C,,,0.9428571428571428,0.025252525252525252,0.050505050505050504,0.04801789021588812
100049762|F|0-13:A>G-13:A>G,A/G,,,1.0,0.11428571428571428,0.22857142857142856,0.18195618492294877
100053362|F|0-13:G>A-13:G>A,G/A,,,0.8095238095238095,0.06470588235294118,0.058823529411764705,0.11371295602303613
100059965|F|0-13:G>A-13:G>A,G/A,,,1.0,0.05238095238095238,0.10476190476190476,0.0943466755107184
100013227|F|0-14:G>A-14:G>A,G/A,,,1.0,0.09047619047619047,0.14285714285714285,0.1510371285626874
100013428|F|0-14:G>T-14:G>T,G/T,,,1.0,0.38571428571428573,0.3904761904761905,0.3615975843398583
100013964|F|0-14:T>G-14:T>G,T/G,,,1.0,0.19047619047619047,0.26666666666666666,0.26083781963276625
100015893|F|0-14:C>T-14:C>T,C/T,,,0.9904761904761905,0.014423076923076924,0.028846153846153848,0.028025968156355576
100018591|F|0-14:C>T-14:C>T,C/T,,,1.0,0.49523809523809526,0.5523809523809524,0.37497732323466043
100018802|F|0-14:G>A-14:G>A,G/A,Vu01 (old4),30676663.0,1.0,0.36666666666666664,0.44761904761904764,0.35659012345679014
100019323|F|0-14:A>G-14:A>G,A/G,Vu03 (old3),17470074.0,1.0,0.0761904761904762,0.13333333333333333,0.1308627413474837
100020057|F|0-14:G>A-14:G>A,G/A,,,1.0,0.01904761904761905,0.0380952380952381,0.036671370468066414
100020381|F|0-14:G>A-14:G>A,G/A,,,0.5714285714285714,0.05,0.03333333333333333,0.09048750000000008
100020509|F|0-14:T>C-14:T>C,T/C,,,1.0,0.03333333333333333,0.06666666666666667,0.062367901234567986
100020966|F|0-14:C>A-14:C>A,C/A,,,1.0,0.004761904761904762,0.009523809523809525,0.009433537466384832
100021043|F|0-14:C>T-14:C>T,C/T,,,1.0,0.3238095238095238,0.34285714285714286,0.3420295699837001
100021718|F|0-14:T>C-14:T>C,T/C,Vu02 (old7),26744915.0,1.0,0.1,0.18095238095238095,0.16379999999999995
100021884|F|0-14:G>A-14:G>A,G/A,,,0.9809523809523809,0.009708737864077669,0.019417475728155338,0.019044080161398316
100022067|F|0-14:T>C-14:T>C,T/C,Vu06 (old6),22313672.0,1.0,0.09523809523809523,0.19047619047619047,0.15748582123703592
100028239|F|0-14:T>G-14:T>G,T/G,,,0.9523809523809523,0.015,0.01,0.029113398749999964
100028240|F|0-14:T>G-14:T>G,T/G,,,1.0,0.02857142857142857,0.0380952380952381,0.0539695127030404
100028365|F|0-14:C>A-14:C>A,C/A,,,1.0,0.45714285714285713,0.5714285714285714,0.373156518117451
100028611|F|0-14:A>C-14:A>C,A/C,,,1.0,0.1523809523809524,0.19047619047619047,0.2249568687943809
100028868|F|0-14:T>C-14:T>C,T/C,,,1.0,0.2571428571428571,0.26666666666666666,0.3090632236568096
100029161|F|0-14:A>C-14:A>C,A/C,,,1.0,0.047619047619047616,0.05714285714285714,0.08658943547184561
100029181|F|0-14:G>C-14:G>C,G/C,,,1.0,0.11428571428571428,0.17142857142857143,0.18195618492294877
100029672|F|0-14:T>C-14:T>C,T/C,,,1.0,0.009523809523809525,0.01904761904761905,0.01868824615258029
100030222|F|0-14:T>A-14:T>A,T/A,,,0.9904761904761905,0.1201923076923077,0.18269230769230768,0.18912775126422124
100030380|F|0-14:C>T-14:C>T,C/T,,,1.0,0.09523809523809523,0.13333333333333333,0.15748582123703592
100033543|F|0-14:C>T-14:C>T,C/T,,,1.0,0.0761904761904762,0.09523809523809523,0.1308627413474837
100033927|F|0-14:A>G-14:A>G,A/G,,,1.0,0.29523809523809524,0.38095238095238093,0.32955674230387544
100034810|F|0-14:T>C-14:T>C,T/C,,,1.0,0.00952380952380949,0.0,0.01868824615258029
100034817|F|0-14:G>A-14:G>A,G/A,,,0.9809523809523809,0.22330097087378642,0.23300970873786409,0.28671405957275453
100034857|F|0-14:C>A-14:C>A,C/A,,,1.0,0.009523809523809525,0.01904761904761905,0.01868824615258029
100035301|F|0-14:G>T-14:G>T,G/T,,,0.9142857142857143,0.041666666666666664,0.0625,0.07667221257716032
100035707|F|0-14:A>G-14:A>G,A/G,,,1.0,0.023809523809523808,0.02857142857142857,0.04540482103650237
100035888|F|0-14:T>C-14:T>C,T/C,,,1.0,0.28095238095238095,0.37142857142857144,0.3224136229246044
100036213|F|0-14:A>C-14:A>C,A/C,,,1.0,0.2,0.24761904761904763,0.2687999999999998
100038892|F|0-14:A>C-14:A>C,A/C,,,1.0,0.3761904761904762,0.42857142857142855,0.35920125770640843
100040582|F|0-14:T>G-14:T>G,T/G,,,1.0,0.009523809523809525,0.0,0.01868824615258029
100040647|F|0-14:T>A-14:T>A,T/A,,,0.9904761904761905,0.1201923076923077,0.22115384615384615,0.18912775126422124
100040806|F|0-14:T>C-14:T>C,T/C,Vu10 (old10),38975128.0,0.9809523809523809,0.0048543689320388345,0.009708737864077669,0.00961493473338511
100043192|F|0-14:C>A-14:C>A,C/A,,,0.4380952380952381,0.32608695652173914,0.08695652173913043,0.3429246429222308
100043205|F|0-14:T>G-14:T>G,T/G,,,0.638095238095238,0.02238805970149249,0.014925373134328358,0.042815601921103855
100044127|F|0-14:A>G-14:A>G,A/G,,,0.9523809523809523,0.01,0.02,0.019603980000000038
100044965|F|0-14:A>G-14:A>G,A/G,,,0.9523809523809523,0.010000000000000009,0.02,0.019603980000000038
100047135|F|0-14:G>A-14:G>A,G/A,,,0.9904761904761905,0.21634615384615385,0.2403846153846154,0.2815930318533549
100058313|F|0-14:G>A-14:G>A,G/A,,,0.9809523809523809,0.03398058252427184,0.02912621359223301,0.06349672531661467
100058976|F|0-14:G>A-14:G>A,G/A,,,1.0,0.05238095238095238,0.10476190476190476,0.0943466755107184
100013397|F|0-15:G>T-15:G>T,G/T,,,1.0,0.03333333333333333,0.047619047619047616,0.062367901234567986
100014335|F|0-15:A>C-15:A>C,A/C,,,1.0,0.4714285714285714,0.4857142857142857,0.37418234069137857
100014460|F|0-15:A>T-15:A>T,A/T,,,1.0,0.38095238095238093,0.41904761904761906,0.3604259542063235
100014619|F|0-15:C>A-15:C>A,C/A,,,1.0,0.009523809523809525,0.01904761904761905,0.01868824615258029
100014627|F|0-15:C>G-15:C>G,C/G,,,1.0,0.34285714285714286,0.4380952380952381,0.34908654727196997
100015215|F|0-15:G>A-15:G>A,G/A,,,1.0,0.17142857142857143,0.3047619047619048,0.2437304456476469
100015825|F|0-15:C>G-15:C>G,C/G,,,1.0,0.05238095238095238,0.10476190476190476,0.0943466755107184
100016059|F|0-15:A>T-15:A>T,A/T,,,1.0,0.0761904761904762,0.1523809523809524,0.1308627413474837
100016234|F|0-15:C>T-15:C>T,C/T,Vu06 (old6),20274938.0,1.0,0.15714285714285714,0.2571428571428571,0.22981249479383598
100016270|F|0-15:T>C-15:T>C,T/C,,,0.9238095238095239,0.030927835051546393,0.041237113402061855,0.05814605000576017
100016348|F|0-15:G>A-15:G>A,G/A,,,1.0,0.09523809523809523,0.17142857142857143,0.15748582123703592
100016465|F|0-15:G>A-15:G>A,G/A,,,0.9809523809523809,0.1262135922330097,0.1553398058252427,0.19624244433946259
100016846|F|0-15:T>C-15:T>C,T/C,Vu08 (old5),5868167.0,0.9904761904761905,0.09134615384615384,0.125,0.15222539274320487
100016973|F|0-15:G>T-15:G>T,G/T,,,1.0,0.3476190476190476,0.3904761904761905,0.35070171276371465
100017056|F|0-15:G>A-15:G>A,G/A,,,1.0,0.08571428571428572,0.1523809523809524,0.1444518117451063
100017206|F|0-15:G>C-15:G>C,G/C,,,1.0,0.4476190476190476,0.41904761904761906,0.3722411793439976
100017327|F|0-15:C>T-15:C>T,C/T,,,0.5428571428571428,0.043859649122807015,0.05263157894736842,0.08035470771554491
100017606|F|0-15:C>T-15:C>T,C/T,,,1.0,0.014285714285714285,0.02857142857142857,0.02776668054977082
100017718|F|0-15:A>G-15:A>G,A/G,,,1.0,0.20476190476190476,0.29523809523809524,0.27263880687573583
100017772|F|0-15:C>G-15:C>G,C/G,Vu04 (old11),42304409.0,1.0,0.02857142857142857,0.0380952380952381,0.0539695127030404
100018053|F|0-15:A>T-15:A>T,A/T,,,1.0,0.17142857142857143,0.26666666666666666,0.2437304456476469
100018614|F|0-15:A>C-15:A>C,A/C,,,1.0,0.023809523809523808,0.02857142857142857,0.04540482103650237
100018667|F|0-15:T>A-15:T>A,T/A,,,0.47619047619047616,0.050000000000000044,0.02,0.09048749999999997
100018697|F|0-15:T>C-15:T>C,T/C,,,1.0,0.21428571428571427,0.3333333333333333,0.2800395668471471
100018871|F|0-15:C>A-15:C>A,C/A,,,1.0,0.12857142857142856,0.1619047619047619,0.1989753436068305
100019023|F|0-15:C>G-15:C>G,C/G,,,0.5333333333333333,0.23214285714285715,0.14285714285714285,0.29295715815025003
100019065|F|0-15:C>T-15:C>T,C/T,,,1.0,0.41904761904761906,0.5142857142857142,0.36836082085139427
100019698|F|0-15:C>A-15:C>A,C/A,Vu07 (old2),37885937.0,1.0,0.2761904761904762,0.41904761904761906,0.3198911400085356
100020284|F|0-15:A>T-15:A>T,A/T,Vu05 (old1),16272496.0,1.0,0.24761904761904763,0.38095238095238093,0.30318945706778555
100021292|F|0-15:G>A-15:G>A,G/A,,,0.9904761904761905,0.04807692307692308,0.09615384615384616,0.08734209715061635
100022066|F|0-15:G>A-15:G>A,G/A,,,1.0,0.01904761904761905,0.0380952380952381,0.036671370468066414
100022236|F|0-15:T>C-15:T>C,T/C,,,1.0,0.009523809523809525,0.0,0.01868824615258029
100028546|F|0-15:C>G-15:C>G,C/G,,,1.0,0.023809523809523808,0.047619047619047616,0.04540482103650237
100028785|F|0-15:C>T-15:C>T,C/T,,,1.0,0.1523809523809524,0.26666666666666666,0.2249568687943809
100029003|F|0-15:A>G-15:A>G,A/G,,,1.0,0.06666666666666667,0.13333333333333333,0.11670123456790114
100029165|F|0-15:A>T-15:A>T,A/T,,,1.0,0.3,0.42857142857142855,0.33180000000000004
100029469|F|0-15:C>T-15:C>T,C/T,,,1.0,0.04285714285714286,0.08571428571428572,0.07867546855476872
100029682|F|0-15:A>G-15:A>G,A/G,,,1.0,0.1619047619047619,0.26666666666666666,0.23455879391817186
100029852|F|0-15:A>T-15:A>T,A/T,,,1.0,0.05238095238095238,0.06666666666666667,0.0943466755107184
100030002|F|0-15:C>G-15:C>G,C/G,,,0.9904761904761905,0.22596153846153846,0.27884615384615385,0.2886237792284906
100030019|F|0-15:C>A-15:C>A,C/A,,,1.0,0.4095238095238095,0.41904761904761906,0.3666800396953944
100030094|F|0-15:T>A-15:T>A,T/A,Vu03 (old3),33492365.0,1.0,0.3380952380952381,0.4857142857142857,0.34741258940462055
100030656|F|0-15:G>T-15:G>T,G/T,,,1.0,0.004761904761904762,0.009523809523809525,0.009433537466384832
100033134|F|0-15:C>T-15:C>T,C/T,,,1.0,0.14761904761904762,0.2761904761904762,0.21999012654192443
100033181|F|0-15:C>A-15:C>A,C/A,,,1.0,0.36666666666666664,0.44761904761904764,0.35659012345679014
100033601|F|0-15:C>A-15:C>A,C/A,,,1.0,0.4809523809523809,0.4857142857142857,0.3746369249438249
100033857|F|0-15:C>A-15:C>A,C/A,Vu03 (old3),47106161.0,1.0,0.0761904761904762,0.13333333333333333,0.1308627413474837
100033945|F|0-15:G>T-15:G>T,G/T,,,1.0,0.3904761904761904,0.7619047619047619,0.362716752793332
100033982|F|0-15:A>G-15:A>G,A/G,,,1.0,0.4523809523809524,0.5428571428571428,0.3727221425229199
100034357|F|0-15:T>C-15:T>C,T/C,,,1.0,0.29523809523809524,0.3619047619047619,0.32955674230387544
100034540|F|0-15:G>A-15:G>A,G/A,,,1.0,0.22380952380952382,0.3333333333333333,0.28708118428021245
100034599|F|0-15:A>G-15:A>G,A/G,,,1.0,0.3904761904761905,0.5523809523809524,0.36271675279333193
100035152|F|0-15:C>A-15:C>A,C/A,,,1.0,0.49523809523809526,0.5142857142857142,0.37497732323466043
100035177|F|0-15:C>A-15:C>A,C/A,,,1.0,0.4476190476190476,0.45714285714285713,0.3722411793439976
100035732|F|0-15:A>G-15:A>G,A/G,contig_639,20244.0,0.7523809523809524,0.012658227848101222,0.0,0.02468359436787809
100035837|F|0-15:A>C-15:A>C,A/C,,,0.8285714285714286,0.12068965517241381,0.05747126436781609,0.18972286121074924
100038568|F|0-15:C>T-15:C>T,C/T,,,1.0,0.2904761904761905,0.3904761904761905,0.3272453134239335
100039004|F|0-15:T>C-15:T>C,T/C,,,1.0,0.01904761904761905,0.0380952380952381,0.036671370468066414
100040439|F|0-15:T>G-15:T>G,T/G,Vu10 (old10),39736686.0,1.0,0.047619047619047616,0.09523809523809523,0.08658943547184561
100042883|F|0-15:C>G-15:C>G,C/G,,,1.0,0.004761904761904762,0.009523809523809525,0.009433537466384832
100043266|F|0-15:G>A-15:G>A,G/A,,,1.0,0.22380952380952382,0.3333333333333333,0.28708118428021245
100044123|F|0-15:A>T-15:A>T,A/T,,,1.0,0.0380952380952381,0.0761904761904762,0.07060241771689768
100047390|F|0-15:C>A-15:C>A,C/A,,,0.5238095238095238,0.05454545454545454,0.07272727272727272,0.09782151492384404
100048192|F|0-15:C>T-15:C>T,C/T,,,1.0,0.3,0.6,0.33180000000000004
100048208|F|0-15:C>T-15:C>T,C/T,,,0.8857142857142857,0.010752688172043012,0.0,0.021047841312531117
100048796|F|0-15:A>G-15:A>G,A/G,,,0.8285714285714286,0.051724137931034475,0.011494252873563218,0.09328594292791693
100058869|F|0-15:T>C-15:T>C,T/C,,,0.8285714285714286,0.005747126436781658,0.011494252873563218,0.01136289214053462
100059150|F|0-15:C>G-15:C>G,C/G,,,0.6666666666666666,0.014285714285714235,0.0,0.027766680549770825
100059434|F|0-15:G>A-15:G>A,G/A,,,1.0,0.4238095238095238,0.3904761904761905,0.36912761555113355
100013697|F|0-16:T>C-16:T>C,T/C,,,1.0,0.38571428571428573,0.44761904761904764,0.3615975843398583
100013923|F|0-16:T>C-16:T>C,T/C,,,1.0,0.0761904761904762,0.13333333333333333,0.1308627413474837
100014127|F|0-16:C>T-16:C>T,C/T,,,1.0,0.3904761904761905,0.41904761904761906,0.36271675279333193
100014246|F|0-16:A>C-16:A>C,A/C,,,0.42857142857142855,0.06666666666666665,0.0,0.11670123456790116
100014309|F|0-16:A>T-16:A>T,A/T,,,0.41904761904761906,0.03409090909090906,0.022727272727272728,0.0636888369454784
100014400|F|0-16:A>T-16:A>T,A/T,,,1.0,0.18095238095238095,0.26666666666666666,0.25248564538438206
100014537|F|0-16:T>C-16:T>C,T/C,,,0.7714285714285715,0.04938271604938271,0.024691358024691357,0.08948063663199796
100014679|F|0-16:C>A-16:C>A,C/A,Vu07 (old2),38481917.0,1.0,0.4142857142857143,0.4857142857142857,0.36754510620574765
100014947|F|0-16:G>C-16:G>C,G/C,,,1.0,0.12857142857142856,0.14285714285714285,0.1989753436068305
100015147|F|0-16:C>G-16:C>G,C/G,,,1.0,0.44285714285714284,0.4095238095238095,0.37171336942940447
100016088|F|0-16:G>A-16:G>A,G/A,,,1.0,0.37142857142857144,0.45714285714285713,0.35792286547271973
100016589|F|0-16:G>A-16:G>A,G/A,Vu05 (old1),26757459.0,0.9238095238095239,0.010309278350515464,0.0,0.020197791959927942
100016625|F|0-16:T>C-16:T>C,T/C,,,1.0,0.18095238095238095,0.26666666666666666,0.25248564538438206
100016709|F|0-16:G>A-16:G>A,G/A,,,1.0,0.023809523809523808,0.047619047619047616,0.04540482103650237
100017329|F|0-16:T>C-16:T>C,T/C,,,1.0,0.21428571428571427,0.29523809523809524,0.2800395668471471
100018402|F|0-16:G>A-16:G>A,G/A,Vu03 (old3),43339479.0,1.0,0.014285714285714285,0.02857142857142857,0.02776668054977082
100019380|F|0-16:G>C-16:G>C,G/C,,,1.0,0.03333333333333333,0.02857142857142857,0.062367901234567986
100019417|F|0-16:A>C-16:A>C,A/C,,,1.0,0.004761904761904762,0.009523809523809525,0.009433537466384832
100019856|F|0-16:C>T-16:C>T,C/T,Vu07 (old2),39191443.0,1.0,0.07142857142857142,0.12380952380952381,0.12385464389837572
100020438|F|0-16:T>C-16:T>C,T/C,,,1.0,0.004761904761904762,0.009523809523809525,0.009433537466384832
100020456|F|0-16:A>C-16:A>C,A/C,,,1.0,0.43333333333333335,0.5619047619047619,0.3705160493827161
100022004|F|0-16:G>C-16:G>C,G/C,,,0.49523809523809526,0.15384615384615385,0.11538461538461539,0.22646265887048772
100022013|F|0-16:T>A-16:T>A,T/A,Vu05 (old1),7587867.0,1.0,0.004761904761904762,0.009523809523809525,0.009433537466384832
100022163|F|0-16:C>A-16:C>A,C/A,,,1.0,0.004761904761904762,0.009523809523809525,0.009433537466384832
100022203|F|0-16:G>A-16:G>A,G/A,,,0.44761904761904764,0.09574468085106383,0.14893617021276595,0.15816389944342663
100028447|F|0-16:C>G-16:C>G,C/G,,,0.5333333333333333,0.22321428571428573,0.125,0.28665138254161676
100028579|F|0-16:T>A-16:T>A,T/A,,,1.0,0.10476190476190476,0.13333333333333333,0.16998175040235286
100028837|F|0-16:A>C-16:A>C,A/C,,,1.0,0.13333333333333333,0.20952380952380953,0.20440493827160486
100028939|F|0-16:C>T-16:C>T,C/T,,,1.0,0.32857142857142857,0.37142857142857144,0.34388496459808404
100028940|F|0-16:C>T-16:C>T,C/T,,,1.0,0.319047619047619,0.3523809523809524,0.3401119276433173
100028983|F|0-16:G>A-16:G>A,G/A,,,1.0,0.02857142857142857,0.05714285714285714,0.0539695127030404
100030012|F|0-16:C>G-16:C>G,C/G,,,0.9809523809523809,0.1262135922330097,0.1553398058252427,0.19624244433946259
100030037|F|0-16:T>A-16:T>A,T/A,,,1.0,0.45714285714285713,0.4380952380952381,0.373156518117451
100030054|F|0-16:G>A-16:G>A,G/A,,,1.0,0.32857142857142857,0.44761904761904764,0.34388496459808404
100030532|F|0-16:G>A-16:G>A,G/A,,,1.0,0.08095238095238096,0.14285714285714285,0.1377277358713706
100030897|F|0-16:G>T-16:G>T,G/T,,,0.638095238095238,0.029850746268656716,0.0,0.05624203239115077
100032747|F|0-16:T>A-16:T>A,T/A,,,1.0,0.10476190476190476,0.17142857142857143,0.16998175040235286
100032976|F|0-16:C>T-16:C>T,C/T,,,1.0,0.15714285714285714,0.21904761904761905,0.22981249479383598
100033423|F|0-16:C>T-16:C>T,C/T,,,0.9619047619047619,0.3118811881188119,0.3069306930693069,0.33710659422694333
100033546|F|0-16:T>C-16:T>C,T/C,,,1.0,0.02857142857142857,0.05714285714285714,0.0539695127030404
100033589|F|0-16:T>C-16:T>C,T/C,,,1.0,0.13333333333333333,0.20952380952380953,0.20440493827160486
100033600|F|0-16:A>G-16:A>G,A/G,,,1.0,0.1380952380952381,0.10476190476190476,0.2097160123611046
100034020|F|0-16:G>A-16:G>A,G/A,,,1.0,0.3761904761904762,0.4666666666666667,0.35920125770640843
100034032|F|0-16:T>G-16:T>G,T/G,,,1.0,0.047619047619047616,0.09523809523809523,0.08658943547184561
100034461|F|0-16:G>C-16:G>C,G/C,,,1.0,0.02857142857142857,0.05714285714285714,0.0539695127030404
100034723|F|0-16:A>C-16:A>C,A/C,,,1.0,0.2523809523809524,0.3142857142857143,0.30616570153382594
100035349|F|0-16:C>T-16:C>T,C/T,,,1.0,0.3476190476190476,0.5047619047619047,0.35070171276371465
100035791|F|0-16:G>A-16:G>A,G/A,Vu09 (old8),36664091.0,1.0,0.37142857142857144,0.7428571428571429,0.35792286547271973
100036118|F|0-16:G>C-16:G>C,G/C,,,0.9809523809523809,0.23300970873786409,0.3300970873786408,0.293553419630718
100036187|F|0-16:T>C-16:T>C,T/C,,,1.0,0.24761904761904763,0.49523809523809526,0.30318945706778555
100038434|F|0-16:C>A-16:C>A,C/A,,,1.0,0.09523809523809523,0.0380952380952381,0.15748582123703592
100038445|F|0-16:G>A-16:G>A,G/A,,,0.7333333333333333,0.06493506493506493,0.025974025974025976,0.11406353151637727
100038514|F|0-16:A>T-16:A>T,A/T,,,1.0,0.32857142857142857,0.4666666666666667,0.34388496459808404
100038543|F|0-16:T>C-16:T>C,T/C,Vu08 (old5),28171940.0,1.0,0.29523809523809524,0.3047619047619048,0.32955674230387544
100038643|F|0-16:G>T-16:G>T,G/T,,,1.0,0.01904761904761905,0.01904761904761905,0.036671370468066414
100038652|F|0-16:A>G-16:A>G,A/G,,,1.0,0.11904761904761904,0.2,0.18775291673736771
100038681|F|0-16:G>A-16:G>A,G/A,,,1.0,0.014285714285714285,0.02857142857142857,0.02776668054977082
100041434|F|0-16:C>G-16:C>G,C/G,,,1.0,0.009523809523809525,0.01904761904761905,0.01868824615258029
100043951|F|0-16:T>C-16:T>C,T/C,,,0.580952380952381,0.08196721311475408,0.0,0.13917247785815254
100044400|F|0-16:A>G-16:A>G,A/G,,,0.9904761904761905,0.32211538461538464,0.5096153846153846,0.34135451276263684
100046346|F|0-16:T>C-16:T>C,T/C,,,0.9333333333333333,0.010204081632653073,0.0,0.01999589838400321
100048218|F|0-16:G>A-16:G>A,G/A,,,1.0,0.1523809523809524,0.24761904761904763,0.2249568687943809
100048783|F|0-16:T>C-16:T>C,T/C,,,1.0,0.004761904761904762,0.009523809523809525,0.009433537466384832
100059450|F|0-16:C>T-16:C>T,C/T,,,0.9142857142857143,0.08333333333333333,0.08333333333333333,0.1411072530864199
100059555|F|0-16:T>G-16:T>G,T/G,,,0.8666666666666667,0.01098901098901099,0.0,0.021500267422682153
100014336|F|0-17:A>G-17:A>G,A/G,,,1.0,0.35714285714285715,0.5047619047619047,0.35375885047896716
100014890|F|0-17:C>T-17:C>T,C/T,,,1.0,0.07142857142857142,0.14285714285714285,0.12385464389837572
100015136|F|0-17:C>A-17:C>A,C/A,,,1.0,0.004761904761904762,0.009523809523809525,0.009433537466384832
100015896|F|0-17:T>A-17:T>A,T/A,,,1.0,0.05238095238095238,0.10476190476190476,0.0943466755107184
100016109|F|0-17:A>T-17:A>T,A/T,,,1.0,0.004761904761904762,0.009523809523809525,0.009433537466384832
100016340|F|0-17:C>T-17:C>T,C/T,,,1.0,0.047619047619047616,0.09523809523809523,0.08658943547184561
100016494|F|0-17:G>T-17:G>T,G/T,,,1.0,0.03333333333333333,0.06666666666666667,0.062367901234567986
100016501|F|0-17:C>T-17:C>T,C/T,,,1.0,0.4095238095238095,0.49523809523809526,0.3666800396953944
100016650|F|0-17:A>T-17:A>T,A/T,,,1.0,0.01904761904761905,0.0380952380952381,0.036671370468066414
100016730|F|0-17:G>A-17:G>A,G/A,Vu08 (old5),31838155.0,1.0,0.009523809523809525,0.01904761904761905,0.01868824615258029
100017135|F|0-17:G>A-17:G>A,G/A,,,1.0,0.00952380952380949,0.0,0.01868824615258029
100017545|F|0-17:T>C-17:T>C,T/C,,,1.0,0.06190476190476191,0.10476190476190476,0.10940027971884139
100019098|F|0-17:C>A-17:C>A,C/A,,,1.0,0.29523809523809524,0.3619047619047619,0.32955674230387544
100019289|F|0-17:A>C-17:A>C,A/C,,,1.0,0.004761904761904762,0.009523809523809525,0.009433537466384832
100019362|F|0-17:T>G-17:T>G,T/G,,,1.0,0.009523809523809525,0.01904761904761905,0.01868824615258029
100019847|F|0-17:A>C-17:A>C,A/C,,,1.0,0.009523809523809525,0.01904761904761905,0.01868824615258029
100019974|F|0-17:C>T-17:C>T,C/T,,,1.0,0.014285714285714285,0.02857142857142857,0.02776668054977082
100020010|F|0-17:T>C-17:T>C,T/C,Vu03 (old3),2486590.0,1.0,0.07142857142857142,0.14285714285714285,0.12385464389837572
100020203|F|0-17:C>G-17:C>G,C/G,,,1.0,0.004761904761904762,0.009523809523809525,0.009433537466384832
100020253|F|0-17:T>C-17:T>C,T/C,,,1.0,0.3523809523809524,0.47619047619047616,0.3522588880147676
100020311|F|0-17:G>A-17:G>A,G/A,,,1.0,0.06666666666666667,0.11428571428571428,0.11670123456790114
100020671|F|0-17:A>T-17:A>T,A/T,,,0.5333333333333333,0.044642857142857095,0.017857142857142856,0.08166172165813065
100021184|F|0-17:T>G-17:T>G,T/G,,,1.0,0.08571428571428572,0.1523809523809524,0.1444518117451063
100021186|F|0-17:C>T-17:C>T,C/T,,,1.0,0.023809523809523808,0.047619047619047616,0.04540482103650237
100021561|F|0-17:A>T-17:A>T,A/T,,,0.9809523809523809,0.009708737864077666,0.0,0.019044080161398316
100029061|F|0-17:G>C-17:G>C,G/C,,,0.6190476190476191,0.038461538461538464,0.07692307692307693,0.07122912363012504
100029094|F|0-17:C>T-17:C>T,C/T,,,0.9904761904761905,0.2644230769230769,0.375,0.313343793244544
100029826|F|0-17:A>G-17:A>G,A/G,,,0.819047619047619,0.01744186046511631,0.011627906976744186,0.03368788639277352
100029921|F|0-17:C>T-17:C>T,C/T,,,1.0,0.16666666666666666,0.2761904761904762,0.23919753086419743
100030406|F|0-17:T>A-17:T>A,T/A,,,1.0,0.06190476190476191,0.06666666666666667,0.10940027971884139
100030734|F|0-17:G>A-17:G>A,G/A,,,1.0,0.004761904761904762,0.009523809523809525,0.009433537466384832
100030789|F|0-17:T>C-17:T>C,T/C,,,1.0,0.05238095238095238,0.06666666666666667,0.0943466755107184
100030838|F|0-17:T>C-17:T>C,T/C,,,0.9714285714285714,0.20588235294117646,0.23529411764705882,0.2735285137869517
100031016|F|0-17:A>C-17:A>C,A/C,,,0.7142857142857143,0.06000000000000005,0.06666666666666667,0.10643808
100033028|F|0-17:A>C-17:A>C,A/C,,,1.0,0.47619047619047616,0.45714285714285713,0.37443246383965534
100033304|F|0-17:G>A-17:G>A,G/A,,,1.0,0.48571428571428577,0.4380952380952381,0.3747958350687214
100034124|F|0-17:T>C-17:T>C,T/C,,,1.0,0.04285714285714286,0.06666666666666667,0.07867546855476872
100034773|F|0-17:T>C-17:T>C,T/C,,,1.0,0.03333333333333333,0.06666666666666667,0.062367901234567986
100035052|F|0-17:C>T-17:C>T,C/T,,,0.9047619047619048,0.07894736842105263,0.09473684210526316,0.1348545130869162
100035301|F|0-17:C>T-17:C>T,C/T,,,1.0,0.2619047619047619,0.3142857142857143,0.3118832945120603
100038943|F|0-17:C>T-17:C>T,C/T,,,1.0,0.44285714285714284,0.42857142857142855,0.37171336942940447
100039121|F|0-17:A>G-17:A>G,A/G,,,1.0,0.14285714285714285,0.24761904761904763,0.21491045397750919
100039240|F|0-17:G>A-17:G>A,G/A,,,0.9904761904761905,0.2644230769230769,0.375,0.313343793244544
100039413|F|0-17:C>T-17:C>T,C/T,,,0.819047619047619,0.01744186046511628,0.011627906976744186,0.03368788639277352
100040070|F|0-17:A>G-17:A>G,A/G,,,1.0,0.30952380952380953,0.3904761904761905,0.33608617294234394
100040322|F|0-17:T>A-17:T>A,T/A,,,0.8285714285714286,0.005747126436781658,0.011494252873563218,0.01136289214053462
100043431|F|0-17:C>G-17:C>G,C/G,,,1.0,0.29523809523809524,0.4,0.32955674230387544
100043937|F|0-17:C>A-17:C>A,C/A,,,1.0,0.004761904761904762,0.009523809523809525,0.009433537466384832
100044681|F|0-17:G>C-17:G>C,G/C,Vu10 (old10),28512101.0,0.8666666666666667,0.18681318681318682,0.1978021978021978,0.2576723011187713
100047518|F|0-17:G>A-17:G>A,G/A,,,1.0,0.004761904761904762,0.009523809523809525,0.009433537466384832
100047522|F|0-17:A>C-17:A>C,A/C,,,1.0,0.4523809523809524,0.4666666666666667,0.3727221425229199
100050254|F|0-17:A>G-17:A>G,A/G,,,0.9047619047619048,0.052631578947368474,0.10526315789473684,0.0947506541539738
100053722|F|0-17:A>T-17:A>T,A/T,,,1.0,0.03333333333333333,0.06666666666666667,0.062367901234567986
100055826|F|0-17:G>A-17:G>A,G/A,,,0.8,0.017857142857142856,0.011904761904761904,0.03446134911234904
100056636|F|0-17:G>A-17:G>A,G/A,,,0.9333333333333333,0.01020408163265306,0.0,0.01999589838400321
100012992|F|0-18:G>T-18:G>T,G/T,,,1.0,0.2571428571428571,0.4,0.3090632236568096
100013369|F|0-18:G>A-18:G>A,G/A,,,0.7523809523809524,0.0379746835443038,0.05063291139240506,0.07039595116631453
100013718|F|0-18:C>A-18:C>A,C/A,,,1.0,0.07142857142857142,0.10476190476190476,0.12385464389837572
100013788|F|0-18:C>T-18:C>T,C/T,,,1.0,0.07142857142857142,0.12380952380952381,0.12385464389837572
100014060|F|0-18:C>T-18:C>T,C/T,,,1.0,0.06666666666666667,0.11428571428571428,0.11670123456790114
100014145|F|0-18:C>T-18:C>T,C/T,,,1.0,0.01904761904761905,0.0380952380952381,0.036671370468066414
100017394|F|0-18:C>T-18:C>T,C/T,,,1.0,0.3476190476190476,0.37142857142857144,0.35070171276371465
100017452|F|0-18:T>A-18:T>A,T/A,,,1.0,0.009523809523809525,0.01904761904761905,0.01868824615258029
100017864|F|0-18:T>C-18:T>C,T/C,,,1.0,0.19047619047619047,0.2857142857142857,0.26083781963276625
100017911|F|0-18:G>A-18:G>A,G/A,,,1.0,0.04285714285714286,0.009523809523809525,0.07867546855476872
100018236|F|0-18:A>G-18:A>G,A/G,,,0.9047619047619048,0.005263157894736842,0.010526315789473684,0.010416094106092016
100018721|F|0-18:C>T-18:C>T,C/T,,,1.0,0.02857142857142857,0.0380952380952381,0.0539695127030404
100019068|F|0-18:T>C-18:T>C,T/C,,,1.0,0.20952380952380953,0.2857142857142857,0.27638482319609636
100019483|F|0-18:A>T-18:A>T,A/T,,,1.0,0.48571428571428577,0.49523809523809526,0.3747958350687214
100020103|F|0-18:T>C-18:T>C,T/C,,,1.0,0.12380952380952381,0.22857142857142856,0.1934253155835275
100021054|F|0-18:A>G-18:A>G,A/G,,,0.9809523809523809,0.3058252427184466,0.2815533980582524,0.3344530050813196
100021131|F|0-18:G>A-18:G>A,G/A,,,1.0,0.009523809523809525,0.01904761904761905,0.01868824615258029
100021290|F|0-18:A>G-18:A>G,A/G,,,1.0,0.009523809523809525,0.01904761904761905,0.01868824615258029
100021422|F|0-18:C>G-18:C>G,C/G,,,1.0,0.24761904761904763,0.34285714285714286,0.30318945706778555
100021842|F|0-18:C>G-18:C>G,C/G,,,1.0,0.28095238095238095,0.4857142857142857,0.3224136229246044
100022261|F|0-18:G>A-18:G>A,G/A,,,1.0,0.06190476190476191,0.12380952380952381,0.10940027971884139
100028265|F|0-18:T>A-18:T>A,T/A,,,1.0,0.009523809523809525,0.01904761904761905,0.01868824615258029
100028279|F|0-18:C>T-18:C>T,C/T,,,1.0,0.2761904761904762,0.3047619047619048,0.3198911400085356
100028280|F|0-18:T>C-18:T>C,T/C,,,0.42857142857142855,0.28888888888888886,0.2222222222222222,0.32645950312452376
100028393|F|0-18:G>A-18:G>A,G/A,,,1.0,0.004761904761904762,0.009523809523809525,0.009433537466384832
100028824|F|0-18:T>A-18:T>A,T/A,,,1.0,0.009523809523809525,0.01904761904761905,0.01868824615258029
100029147|F|0-18:G>A-18:G>A,G/A,,,0.9238095238095239,0.010309278350515464,0.020618556701030927,0.020197791959927942
100029163|F|0-18:G>T-18:G>T,G/T,,,0.6857142857142857,0.04166666666666663,0.027777777777777776,0.07667221257716032
100029235|F|0-18:C>T-18:C>T,C/T,,,1.0,0.08095238095238096,0.1619047619047619,0.1377277358713706
100029928|F|0-18:A>G-18:A>G,A/G,contig_691,31993.0,0.47619047619047616,0.020000000000000018,0.0,0.03843168000000012
100033259|F|0-18:G>T-18:G>T,G/T,,,1.0,0.004761904761904762,0.009523809523809525,0.009433537466384832
100033468|F|0-18:T>A-18:T>A,T/A,Vu04 (old11),40488211.0,1.0,0.1523809523809524,0.22857142857142856,0.2249568687943809
100033779|F|0-18:G>A-18:G>A,G/A,,,1.0,0.004761904761904762,0.009523809523809525,0.009433537466384832
100033981|F|0-18:C>A-18:C>A,C/A,,,1.0,0.05238095238095238,0.06666666666666667,0.0943466755107184
100034034|F|0-18:A>G-18:A>G,A/G,,,1.0,0.16666666666666666,0.29523809523809524,0.23919753086419743
100034321|F|0-18:C>G-18:C>G,C/G,,,1.0,0.3523809523809524,0.45714285714285713,0.3522588880147676
100034479|F|0-18:C>T-18:C>T,C/T,,,1.0,0.01904761904761905,0.0380952380952381,0.036671370468066414
100034658|F|0-18:A>G-18:A>G,A/G,,,0.9238095238095239,0.020618556701030966,0.020618556701030927,0.03957131426380837
100035052|F|0-18:T>C-18:T>C,T/C,,,0.9523809523809523,0.22,0.28,0.28430687999999993
100038530|F|0-18:T>G-18:T>G,T/G,,,1.0,0.44761904761904764,0.47619047619047616,0.37224117934399753
100038678|F|0-18:A>T-18:A>T,A/T,,,1.0,0.004761904761904762,0.009523809523809525,0.009433537466384832
100039160|F|0-18:T>A-18:T>A,T/A,,,1.0,0.0761904761904762,0.13333333333333333,0.1308627413474837
100040506|F|0-18:G>A-18:G>A,G/A,,,1.0,0.10476190476190476,0.13333333333333333,0.16998175040235286
100041774|F|0-18:C>T-18:C>T,C/T,Vu03 (old3),27017059.0,0.8285714285714286,0.05172413793103448,0.034482758620689655,0.09328594292791693
100043320|F|0-18:A>G-18:A>G,A/G,,,0.9809523809523809,0.4271844660194175,0.3883495145631068,0.36964167344012167
100044112|F|0-18:T>G-18:T>G,T/G,,,0.9428571428571428,0.16161616161616166,0.24242424242424243,0.23427421898202566
100044285|F|0-18:T>G-18:T>G,T/G,,,0.5619047619047619,0.059322033898305086,0.05084745762711865,0.10537792634881467
100044425|F|0-18:G>C-18:G>C,G/C,,,0.9904761904761905,0.16346153846153846,0.21153846153846154,0.2360870531220457
100044498|F|0-18:G>A-18:G>A,G/A,,,0.8095238095238095,0.052941176470588235,0.011764705882352941,0.09524909663437951
100046739|F|0-18:T>G-18:T>G,T/G,,,1.0,0.05238095238095238,0.08571428571428572,0.0943466755107184
100048131|F|0-18:T>C-18:T>C,T/C,,,1.0,0.047619047619047616,0.0761904761904762,0.08658943547184561
100048215|F|0-18:G>A-18:G>A,G/A,,,1.0,0.014285714285714285,0.02857142857142857,0.02776668054977082
100048412|F|0-18:A>C-18:A>C,A/C,Vu02 (old7),25636928.0,1.0,0.00952380952380949,0.0,0.01868824615258029
100050724|F|0-18:G>A-18:G>A,G/A,,,0.9238095238095239,0.010309278350515427,0.0,0.020197791959927942
100050958|F|0-18:T>G-18:T>G,T/G,,,0.8857142857142857,0.010752688172043012,0.0,0.021047841312531117
100051761|F|0-18:G>A-18:G>A,G/A,,,0.8952380952380953,0.005319148936170248,0.010638297872340425,0.010525724875765623
100053634|F|0-18:T>A-18:T>A,T/A,,,0.6,0.015873015873015928,0.0,0.030754091246718754
100055396|F|0-18:T>G-18:T>G,T/G,,,0.7523809523809524,0.0189873417721519,0.0379746835443038,0.036559728206983666
100055977|F|0-18:A>G-18:A>G,A/G,,,0.8285714285714286,0.13218390804597702,0.14942528735632185,0.20310526998009304
100061195|F|0-18:C>T-18:C>T,C/T,,,0.7333333333333333,0.012987012987012991,0.0,0.025308080743284753
100013432|F|0-19:G>A-19:G>A,G/A,,,1.0,0.05238095238095238,0.10476190476190476,0.0943466755107184
100013877|F|0-19:G>T-19:G>T,G/T,,,1.0,0.4904761904761905,0.5047619047619047,0.3749092805981047
100013921|F|0-19:C>G-19:C>G,C/G,,,1.0,0.06190476190476191,0.08571428571428572,0.10940027971884139
100013963|F|0-19:T>C-19:T>C,T/C,,,1.0,0.08571428571428572,0.13333333333333333,0.1444518117451063
100014359|F|0-19:G>A-19:G>A,G/A,,,0.580952380952381,0.04918032786885246,0.06557377049180328,0.0891499476268723
100014670|F|0-19:A>G-19:A>G,A/G,Vu11 (old9),34116227.0,1.0,0.06666666666666667,0.13333333333333333,0.11670123456790114
100014882|F|0-19:A>G-19:A>G,A/G,,,1.0,0.4095238095238095,0.47619047619047616,0.3666800396953944
100015617|F|0-19:A>T-19:A>T,A/T,,,0.5047619047619047,0.08490566037735847,0.1320754716981132,0.14331982739708768
100015679|F|0-19:G>A-19:G>A,G/A,,,1.0,0.07142857142857142,0.12380952380952381,0.12385464389837572
100016298|F|0-19:G>A-19:G>A,G/A,,,1.0,0.42857142857142855,0.5714285714285714,0.36984589754269065
100016674|F|0-19:T>A-19:T>A,T/A,,,1.0,0.004761904761904762,0.009523809523809525,0.009433537466384832
100016995|F|0-19:T>G-19:T>G,T/G,,,1.0,0.19047619047619047,0.26666666666666666,0.26083781963276625
100017121|F|0-19:C>T-19:C>T,C/T,,,0.9714285714285714,0.08333333333333333,0.12745098039215685,0.1411072530864199
100017641|F|0-19:T>A-19:T>A,T/A,,,1.0,0.047619047619047616,0.0761904761904762,0.08658943547184561
100017737|F|0-19:T>C-19:T>C,T/C,,,1.0,0.22857142857142856,0.3619047619047619,0.29047097042898795
100019295|F|0-19:G>T-19:G>T,G/T,,,0.9904761904761905,0.15384615384615385,0.23076923076923078,0.22646265887048772
100019515|F|0-19:T>C-19:T>C,T/C,,,1.0,0.009523809523809525,0.01904761904761905,0.01868824615258029
100021699|F|0-19:G>C-19:G>C,G/C,,,1.0,0.14761904761904762,0.14285714285714285,0.21999012654192443
100021965|F|0-19:C>T-19:C>T,C/T,,,1.0,0.08095238095238096,0.1619047619047619,0.1377277358713706
100022184|F|0-19:G>C-19:G>C,G/C,,,1.0,0.15714285714285714,0.2761904761904762,0.22981249479383598
100028488|F|0-19:T>C-19:T>C,T/C,,,1.0,0.08571428571428572,0.11428571428571428,0.1444518117451063
100028803|F|0-19:C>G-19:C>G,C/G,,,1.0,0.009523809523809525,0.01904761904761905,0.01868824615258029
100029518|F|0-19:G>C-19:G>C,G/C,,,1.0,0.3904761904761905,0.4380952380952381,0.36271675279333193
100030242|F|0-19:A>G-19:A>G,A/G,,,1.0,0.22380952380952382,0.3333333333333333,0.28708118428021245
100030341|F|0-19:G>A-19:G>A,G/A,,,0.6857142857142857,0.006944444444444444,0.013888888888888888,0.013697322594866796
100030430|F|0-19:A>C-19:A>C,A/C,,,1.0,0.23809523809523808,0.38095238095238093,0.29699559339986953
100030715|F|0-19:G>A-19:G>A,G/A,,,1.0,0.009523809523809525,0.0,0.01868824615258029
100032841|F|0-19:T>A-19:T>A,T/A,Vu05 (old1),2448565.0,1.0,0.4,0.41904761904761906,0.36479999999999996
100032879|F|0-19:G>T-19:G>T,G/T,,,1.0,0.0761904761904762,0.11428571428571428,0.1308627413474837
100033186|F|0-19:G>A-19:G>A,G/A,,,1.0,0.03333333333333333,0.047619047619047616,0.062367901234567986
100034797|F|0-19:G>T-19:G>T,G/T,,,1.0,0.08571428571428572,0.13333333333333333,0.1444518117451063
100035017|F|0-19:T>C-19:T>C,T/C,,,1.0,0.44285714285714284,0.5047619047619047,0.37171336942940447
100035288|F|0-19:C>G-19:C>G,C/G,,,1.0,0.47619047619047616,0.5142857142857142,0.37443246383965534
100038395|F|0-19:T>A-19:T>A,T/A,,,0.9428571428571428,0.005050505050505083,0.010101010101010102,0.009999493699750062
100038653|F|0-19:G>C-19:G>C,G/C,Vu03 (old3),39667683.0,1.0,0.10952380952380952,0.21904761904761905,0.17603313331379425
100038797|F|0-19:T>G-19:T>G,T/G,,,1.0,0.22857142857142856,0.3619047619047619,0.29047097042898795
100039064|F|0-19:C>T-19:C>T,C/T,,,1.0,0.12380952380952381,0.17142857142857143,0.1934253155835275
100040587|F|0-19:A>C-19:A>C,A/C,,,0.8857142857142857,0.010752688172043012,0.0,0.021047841312531117
100041774|F|0-19:G>A-19:G>A,G/A,Vu03 (old3),27017059.0,1.0,0.4523809523809524,0.4857142857142857,0.3727221425229199
100043193|F|0-19:A>G-19:A>G,A/G,,,0.9238095238095239,0.4020618556701031,0.30927835051546393,0.36522411155694345
100046183|F|0-19:T>A-19:T>A,T/A,,,1.0,0.07142857142857142,0.14285714285714285,0.12385464389837572
100053174|F|0-19:G>C-19:G>C,G/C,,,1.0,0.1380952380952381,0.18095238095238095,0.2097160123611046
100055734|F|0-19:T>C-19:T>C,T/C,,,1.0,0.07142857142857142,0.12380952380952381,0.12385464389837572
100057716|F|0-19:C>T-19:C>T,C/T,,,0.8857142857142857,0.016129032258064502,0.010752688172043012,0.031234130030611002
100013405|F|0-20:A>C-20:A>C,A/C,,,1.0,0.009523809523809525,0.01904761904761905,0.01868824615258029
100013415|F|0-20:G>A-20:G>A,G/A,Vu07 (old2),385652.0,1.0,0.1761904761904762,0.2761904761904762,0.24815925360317972
100013491|F|0-20:G>A-20:G>A,G/A,,,1.0,0.05714285714285714,0.0761904761904762,0.10194952103290292
100013605|F|0-20:C>T-20:C>T,C/T,,,0.9904761904761905,0.052884615384615384,0.04807692307692308,0.09515808368321055
100013982|F|0-20:C>G-20:C>G,C/G,,,1.0,0.15714285714285714,0.21904761904761905,0.22981249479383598
100014308|F|0-20:G>A-20:G>A,G/A,,,1.0,0.49047619047619045,0.4857142857142857,0.37490928059810485
100014939|F|0-20:G>T-20:G>T,G/T,,,1.0,0.04285714285714286,0.08571428571428572,0.07867546855476872
100015095|F|0-20:A>T-20:A>T,A/T,,,1.0,0.004761904761904762,0.009523809523809525,0.009433537466384832
100015316|F|0-20:T>A-20:T>A,T/A,,,1.0,0.009523809523809525,0.01904761904761905,0.01868824615258029
100015346|F|0-20:A>T-20:A>T,A/T,,,0.9809523809523809,0.009708737864077666,0.019417475728155338,0.019044080161398316
100015749|F|0-20:C>T-20:C>T,C/T,Vu09 (old8),33437303.0,1.0,0.36666666666666664,0.4095238095238095,0.35659012345679014
100016006|F|0-20:G>A-20:G>A,G/A,Vu07 (old2),32542535.0,1.0,0.07142857142857142,0.12380952380952381,0.12385464389837572
100016062|F|0-20:A>G-20:A>G,A/G,,,1.0,0.0380952380952381,0.05714285714285714,0.07060241771689768
100016254|F|0-20:C>T-20:C>T,C/T,,,0.580952380952381,0.02459016393442623,0.01639344262295082,0.046820368296877066
100016359|F|0-20:G>C-20:G>C,G/C,Vu08 (old5),32438045.0,1.0,0.05714285714285714,0.0761904761904762,0.10194952103290292
100016959|F|0-20:G>C-20:G>C,G/C,,,1.0,0.02857142857142857,0.01904761904761905,0.0539695127030404
100018269|F|0-20:T>G-20:T>G,T/G,,,1.0,0.04285714285714286,0.06666666666666667,0.07867546855476872
100018371|F|0-20:C>T-20:C>T,C/T,Vu03 (old3),2151922.0,0.6476190476190476,0.4338235294117647,0.39705882352941174,0.3705823177610272
100018952|F|0-20:A>T-20:A>T,A/T,Vu02 (old7),33393544.0,1.0,0.023809523809523808,0.047619047619047616,0.04540482103650237
100021519|F|0-20:C>T-20:C>T,C/T,,,1.0,0.38095238095238093,0.47619047619047616,0.3604259542063235
100028246|F|0-20:A>G-20:A>G,A/G,,,0.8,0.005952380952380931,0.011904761904761904,0.01176387962946892
100028972|F|0-20:A>G-20:A>G,A/G,,,0.7714285714285715,0.030864197530864224,0.037037037037037035,0.05803379019275352
100029193|F|0-20:T>A-20:T>A,T/A,,,0.9809523809523809,0.019417475728155338,0.0,0.03735579821894053
100029270|F|0-20:A>G-20:A>G,A/G,,,0.7904761904761904,0.03614457831325302,0.0,0.06724890246327936
100029761|F|0-20:T>G-20:T>G,T/G,Vu02 (old7),30481386.0,1.0,0.3142857142857143,0.41904761904761906,0.33813111203665136
100030073|F|0-20:C>T-20:C>T,C/T,,,1.0,0.04285714285714286,0.06666666666666667,0.07867546855476872
100030425|F|0-20:G>T-20:G>T,G/T,,,1.0,0.009523809523809525,0.01904761904761905,0.01868824615258029
100030710|F|0-20:T>A-20:T>A,T/A,,,0.5714285714285714,0.050000000000000044,0.03333333333333333,0.09048749999999997
100033254|F|0-20:A>G-20:A>G,A/G,,,1.0,0.22857142857142856,0.2857142857142857,0.29047097042898795
100033723|F|0-20:T>C-20:T>C,T/C,,,0.9523809523809523,0.175,0.25,0.24706171875000008
100034534|F|0-20:C>T-20:C>T,C/T,Vu07 (old2),24245269.0,1.0,0.009523809523809525,0.01904761904761905,0.01868824615258029
100034771|F|0-20:A>G-20:A>G,A/G,,,1.0,0.06666666666666667,0.13333333333333333,0.11670123456790114
100035181|F|0-20:A>G-20:A>G,A/G,,,1.0,0.12857142857142856,0.18095238095238095,0.1989753436068305
100035309|F|0-20:A>C-20:A>C,A/C,,,0.9904761904761905,0.14423076923076922,0.19230769230769232,0.21638744088858045
100035848|F|0-20:G>C-20:G>C,G/C,,,1.0,0.009523809523809525,0.01904761904761905,0.01868824615258029
100036304|F|0-20:T>A-20:T>A,T/A,,,0.49523809523809526,0.32692307692307687,0.19230769230769232,0.34324970020307416
100038574|F|0-20:A>G-20:A>G,A/G,,,1.0,0.023809523809523808,0.047619047619047616,0.04540482103650237
100038668|F|0-20:A>G-20:A>G,A/G,,,1.0,0.06190476190476191,0.10476190476190476,0.10940027971884139
100038937|F|0-20:T>G-20:T>G,T/G,,,1.0,0.004761904761904762,0.009523809523809525,0.009433537466384832
100040576|F|0-20:T>A-20:T>A,T/A,,,0.9904761904761905,0.07692307692307693,0.11538461538461539,0.13192815377612813
100043222|F|0-20:C>A-20:C>A,C/A,,,1.0,0.44285714285714284,0.4857142857142857,0.37171336942940447
100044966|F|0-20:A>G-20:A>G,A/G,,,1.0,0.004761904761904745,0.009523809523809525,0.009433537466384832
100048103|F|0-20:A>T-20:A>T,A/T,,,0.7238095238095238,0.013157894736842146,0.0,0.025632320865401584
100049879|F|0-20:G>A-20:G>A,G/A,,,0.7428571428571429,0.012820512820512775,0.0,0.02499193841554631
100052713|F|0-20:C>T-20:C>T,C/T,,,1.0,0.16666666666666666,0.21904761904761905,0.23919753086419743
100054605|F|0-20:C>T-20:C>T,C/T,,,0.8380952380952381,0.03409090909090906,0.045454545454545456,0.0636888369454784
100055358|F|0-20:C>T-20:C>T,C/T,,,1.0,0.04285714285714286,0.08571428571428572,0.07867546855476872
100059435|F|0-20:G>A-20:G>A,G/A,,,1.0,0.36190476190476195,0.38095238095238093,0.35520235292907787
100061267|F|0-20:T>G-20:T>G,T/G,,,0.7523809523809524,0.04430379746835443,0.06329113924050633,0.08109642634632788
100013355|F|0-21:A>G-21:A>G,A/G,,,1.0,0.3380952380952381,0.37142857142857144,0.34741258940462055
100014221|F|0-21:C>T-21:C>T,C/T,,,0.819047619047619,0.05232558139534884,0.03488372093023256,0.09425736674568069
100015053|F|0-21:C>T-21:C>T,C/T,,,0.9904761904761905,0.41346153846153844,0.36538461538461536,0.36739892726860934
100015169|F|0-21:A>G-21:A>G,A/G,,,0.9904761904761905,0.07211538461538461,0.10576923076923077,0.12487434271541344
100015624|F|0-21:G>A-21:G>A,G/A,,,1.0,0.04285714285714286,0.08571428571428572,0.07867546855476872
100015701|F|0-21:C>G-21:C>G,C/G,,,1.0,0.05238095238095238,0.08571428571428572,0.0943466755107184
100016186|F|0-21:T>A-21:T>A,T/A,,,1.0,0.0380952380952381,0.0761904761904762,0.07060241771689768
100017031|F|0-21:G>T-21:G>T,G/T,,,1.0,0.20952380952380953,0.34285714285714286,0.27638482319609636
100017430|F|0-21:T>C-21:T>C,T/C,,,1.0,0.004761904761904762,0.009523809523809525,0.009433537466384832
100017645|F|0-21:T>C-21:T>C,T/C,,,0.9904761904761905,0.10096153846153846,0.0673076923076923,0.16505884160047504
100017860|F|0-21:C>T-21:C>T,C/T,,,1.0,0.23333333333333334,0.3523809523809524,0.2937753086419754
100017865|F|0-21:A>G-21:A>G,A/G,,,1.0,0.12857142857142856,0.18095238095238095,0.1989753436068305
100018830|F|0-21:C>T-21:C>T,C/T,,,1.0,0.48095238095238096,0.4666666666666667,0.37463692494382494
100019303|F|0-21:A>G-21:A>G,A/G,Vu04 (old11),37777897.0,1.0,0.11904761904761904,0.18095238095238095,0.18775291673736771
100019760|F|0-21:A>T-21:A>T,A/T,,,0.49523809523809526,0.10576923076923077,0.09615384615384616,0.17127265367874883
100019832|F|0-21:T>C-21:T>C,T/C,,,0.5142857142857142,0.046296296296296294,0.05555555555555555,0.08440693263692482
100021730|F|0-21:G>A-21:G>A,G/A,,,1.0,0.02857142857142857,0.0380952380952381,0.0539695127030404
100021740|F|0-21:G>T-21:G>T,G/T,,,1.0,0.009523809523809525,0.01904761904761905,0.01868824615258029
100028302|F|0-21:C>T-21:C>T,C/T,,,0.9619047619047619,0.42079207920792083,0.38613861386138615,0.3686473817739757
100028642|F|0-21:G>A-21:G>A,G/A,,,1.0,0.004761904761904762,0.009523809523809525,0.009433537466384832
100029349|F|0-21:A>C-21:A>C,A/C,,,1.0,0.13333333333333333,0.22857142857142856,0.20440493827160486
100029976|F|0-21:C>T-21:C>T,C/T,,,1.0,0.05238095238095238,0.08571428571428572,0.0943466755107184
100029993|F|0-21:G>A-21:G>A,G/A,,,1.0,0.014285714285714285,0.009523809523809525,0.02776668054977082
100030095|F|0-21:T>G-21:T>G,T/G,,,1.0,0.014285714285714285,0.02857142857142857,0.02776668054977082
100030153|F|0-21:A>T-21:A>T,A/T,,,1.0,0.10476190476190476,0.19047619047619047,0.16998175040235286
100030171|F|0-21:C>T-21:C>T,C/T,,,0.5047619047619047,0.07547169811320753,0.07547169811320754,0.12981413934080815
100030735|F|0-21:A>G-21:A>G,A/G,,,1.0,0.05714285714285714,0.09523809523809523,0.10194952103290292
100030849|F|0-21:A>G-21:A>G,A/G,,,1.0,0.0380952380952381,0.0761904761904762,0.07060241771689768
100030857|F|0-21:C>T-21:C>T,C/T,,,0.7904761904761904,0.2469879518072289,0.2289156626506024,0.30278903830162884
100033325|F|0-21:T>C-21:T>C,T/C,,,1.0,0.10952380952380952,0.2,0.17603313331379425
100033354|F|0-21:A>G-21:A>G,A/G,,,1.0,0.047619047619047616,0.09523809523809523,0.08658943547184561
100033476|F|0-21:C>G-21:C>G,C/G,,,1.0,0.02857142857142857,0.05714285714285714,0.0539695127030404
100034005|F|0-21:A>T-21:A>T,A/T,Vu05 (old1),39422883.0,0.6,0.23015873015873015,0.1746031746031746,0.291581841343986
100034068|F|0-21:G>A-21:G>A,G/A,,,1.0,0.0761904761904762,0.13333333333333333,0.1308627413474837
100034178|F|0-21:C>A-21:C>A,C/A,,,1.0,0.004761904761904762,0.009523809523809525,0.009433537466384832
100034586|F|0-21:G>A-21:G>A,G/A,,,1.0,0.04285714285714286,0.08571428571428572,0.07867546855476872
100034688|F|0-21:G>A-21:G>A,G/A,Vu07 (old2),25995548.0,1.0,0.009523809523809525,0.01904761904761905,0.01868824615258029
100035082|F|0-21:A>T-21:A>T,A/T,,,0.8761904761904762,0.18478260869565222,0.17391304347826086,0.2558923806286426
100035699|F|0-21:A>T-21:A>T,A/T,,,1.0,0.3380952380952381,0.4857142857142857,0.34741258940462055
100038655|F|0-21:A>T-21:A>T,A/T,,,1.0,0.21904761904761905,0.24761904761904763,0.28360453103387984
100038659|F|0-21:T>A-21:T>A,T/A,,,1.0,0.01904761904761905,0.01904761904761905,0.036671370468066414
100038923|F|0-21:A>T-21:A>T,A/T,,,0.5142857142857142,0.06481481481481481,0.018518518518518517,0.11387963045286308
100039026|F|0-21:G>C-21:G>C,G/C,,,1.0,0.004761904761904762,0.009523809523809525,0.009433537466384832
100039032|F|0-21:G>A-21:G>A,G/A,,,0.9904761904761905,0.07692307692307693,0.1346153846153846,0.13192815377612813
100040057|F|0-21:A>C-21:A>C,A/C,,,0.9619047619047619,0.0049504950495049506,0.009900990099009901,0.009803444587917771
100040750|F|0-21:T>G-21:T>G,T/G,Vu09 (old8),38024670.0,1.0,0.29523809523809524,0.45714285714285713,0.32955674230387544
100041246|F|0-21:G>A-21:G>A,G/A,,,1.0,0.10476190476190476,0.17142857142857143,0.16998175040235286
100041284|F|0-21:G>A-21:G>A,G/A,Vu09 (old8),10706443.0,1.0,0.004761904761904762,0.009523809523809525,0.009433537466384832
100041367|F|0-21:C>A-21:C>A,C/A,,,1.0,0.01904761904761905,0.0380952380952381,0.036671370468066414
100041853|F|0-21:T>C-21:T>C,T/C,,,0.9523809523809523,0.17,0.24,0.24238157999999999
100046302|F|0-21:A>G-21:A>G,A/G,,,1.0,0.023809523809523808,0.047619047619047616,0.04540482103650237
100048177|F|0-21:T>C-21:T>C,T/C,,,0.7904761904761904,0.0060240963855421326,0.012048192771084338,0.011903905639645237
100051659|F|0-21:G>A-21:G>A,G/A,,,0.780952380952381,0.0060975609756097615,0.012195121951219513,0.01204730502243457
100057222|F|0-21:C>T-21:C>T,C/T,,,1.0,0.004761904761904762,0.009523809523809525,0.009433537466384832
100060146|F|0-21:A>G-21:A>G,A/G,,,0.7047619047619048,0.006756756756756799,0.013513513513513514,0.01333212818295777
100013004|F|0-22:T>A-22:T>A,T/A,,,1.0,0.18095238095238095,0.3238095238095238,0.25248564538438206
100013268|F|0-22:C>T-22:C>T,C/T,,,1.0,0.023809523809523808,0.02857142857142857,0.04540482103650237
100013348|F|0-22:C>T-22:C>T,C/T,,,1.0,0.004761904761904762,0.009523809523809525,0.009433537466384832
100013484|F|0-22:G>A-22:G>A,G/A,,,1.0,0.18571428571428572,0.2761904761904762,0.25671128696376516
100013584|F|0-22:T>C-22:T>C,T/C,,,1.0,0.4142857142857143,0.5047619047619047,0.36754510620574765
100014054|F|0-22:T>C-22:T>C,T/C,,,0.9714285714285714,0.00980392156862745,0.0,0.01922712643718924
100014244|F|0-22:C>G-22:C>G,C/G,,,0.49523809523809526,0.04807692307692308,0.057692307692307696,0.08734209715061635
100014667|F|0-22:G>A-22:G>A,G/A,,,1.0,0.014285714285714285,0.02857142857142857,0.02776668054977082
100014831|F|0-22:G>T-22:G>T,G/T,,,1.0,0.2904761904761905,0.37142857142857144,0.3272453134239335
100015944|F|0-22:A>T-22:A>T,A/T,,,0.4857142857142857,0.13725490196078433,0.1568627450980392,0.20878729249877415
100016397|F|0-22:A>T-22:A>T,A/T,,,1.0,0.08571428571428572,0.13333333333333333,0.1444518117451063
100017082|F|0-22:G>A-22:G>A,G/A,,,1.0,0.2761904761904762,0.34285714285714286,0.3198911400085356
100017158|F|0-22:G>A-22:G>A,G/A,Vu02 (old7),30259566.0,1.0,0.30952380952380953,0.3904761904761905,0.33608617294234394
100017549|F|0-22:C>T-22:C>T,C/T,,,1.0,0.3380952380952381,0.44761904761904764,0.34741258940462055
100017684|F|0-22:A>G-22:A>G,A/G,,,1.0,0.24285714285714285,0.37142857142857144,0.3001331945022907
100017990|F|0-22:G>A-22:G>A,G/A,,,1.0,0.004761904761904762,0.009523809523809525,0.009433537466384832
100018873|F|0-22:A>T-22:A>T,A/T,,,1.0,0.34285714285714286,0.41904761904761906,0.34908654727196997
100019466|F|0-22:C>T-22:C>T,C/T,,,1.0,0.1,0.12380952380952381,0.16379999999999995
100019588|F|0-22:A>G-22:A>G,A/G,,,1.0,0.2,0.3619047619047619,0.2687999999999998
100020646|F|0-22:A>T-22:A>T,A/T,,,1.0,0.04285714285714286,0.06666666666666667,0.07867546855476872
100020686|F|0-22:G>C-22:G>C,G/C,,,1.0,0.03333333333333333,0.047619047619047616,0.062367901234567986
100021181|F|0-22:A>G-22:A>G,A/G,,,0.8761904761904762,0.03804347826086951,0.010869565217391304,0.07051378443194077
100021642|F|0-22:G>T-22:G>T,G/T,,,1.0,0.009523809523809525,0.01904761904761905,0.01868824615258029
100028568|F|0-22:C>G-22:C>G,C/G,,,1.0,0.01904761904761905,0.0380952380952381,0.036671370468066414
100028891|F|0-22:C>T-22:C>T,C/T,,,1.0,0.009523809523809525,0.01904761904761905,0.01868824615258029
100029056|F|0-22:A>T-22:A>T,A/T,,,1.0,0.11428571428571428,0.17142857142857143,0.18195618492294877
100029330|F|0-22:A>G-22:A>G,A/G,,,1.0,0.08095238095238096,0.1619047619047619,0.1377277358713706
100029899|F|0-22:T>G-22:T>G,T/G,,,0.9904761904761905,0.024038461538461564,0.009615384615384616,0.0458204270010215
100030469|F|0-22:G>T-22:G>T,G/T,,,1.0,0.014285714285714285,0.02857142857142857,0.02776668054977082
100033142|F|0-22:A>G-22:A>G,A/G,,,0.7333333333333333,0.012987012987012988,0.0,0.025308080743284753
100033999|F|0-22:T>A-22:T>A,T/A,,,1.0,0.004761904761904762,0.009523809523809525,0.009433537466384832
100034654|F|0-22:T>A-22:T>A,T/A,Vu05 (old1),1256991.0,0.6190476190476191,0.007692307692307693,0.015384615384615385,0.015149742656069415
100035150|F|0-22:T>A-22:T>A,T/A,,,1.0,0.06666666666666667,0.11428571428571428,0.11670123456790114
100035251|F|0-22:T>A-22:T>A,T/A,,,1.0,0.3,0.37142857142857144,0.33180000000000004
100035373|F|0-22:A>G-22:A>G,A/G,,,0.8095238095238095,0.3,0.17647058823529413,0.33180000000000004
100035378|F|0-22:G>A-22:G>A,G/A,,,1.0,0.42857142857142855,0.49523809523809526,0.36984589754269065
100035564|F|0-22:A>G-22:A>G,A/G,,,0.9428571428571428,0.025252525252525252,0.010101010101010102,0.04801789021588812
100035608|F|0-22:C>T-22:C>T,C/T,,,0.9809523809523809,0.0048543689320388345,0.009708737864077669,0.00961493473338511
100038451|F|0-22:G>T-22:G>T,G/T,,,1.0,0.04285714285714286,0.047619047619047616,0.07867546855476872
100038878|F|0-22:A>C-22:A>C,A/C,,,1.0,0.004761904761904762,0.009523809523809525,0.009433537466384832
100038902|F|0-22:A>T-22:A>T,A/T,,,1.0,0.2619047619047619,0.29523809523809524,0.3118832945120603
100038956|F|0-22:A>T-22:A>T,A/T,Vu08 (old5),7476338.0,1.0,0.06666666666666667,0.13333333333333333,0.11670123456790114
100039190|F|0-22:G>A-22:G>A,G/A,,,1.0,0.14285714285714285,0.2857142857142857,0.21491045397750919
100040128|F|0-22:T>C-22:T>C,T/C,,,1.0,0.06190476190476191,0.10476190476190476,0.10940027971884139
100040807|F|0-22:G>A-22:G>A,G/A,Vu10 (old10),38975128.0,1.0,0.32380952380952377,0.6476190476190476,0.34202956998370027
100041269|F|0-22:G>C-22:G>C,G/C,,,1.0,0.09047619047619047,0.14285714285714285,0.1510371285626874
100041989|F|0-22:G>T-22:G>T,G/T,,,1.0,0.05238095238095238,0.08571428571428572,0.0943466755107184
100043153|F|0-22:T>A-22:T>A,T/A,,,1.0,0.004761904761904762,0.009523809523809525,0.009433537466384832
100044115|F|0-22:C>T-22:C>T,C/T,Vu09 (old8),15402928.0,1.0,0.03333333333333333,0.06666666666666667,0.062367901234567986
100047208|F|0-22:G>C-22:G>C,G/C,,,0.8095238095238095,0.22941176470588234,0.2,0.291060257899211
100048405|F|0-22:G>A-22:G>A,G/A,,,1.0,0.033333333333333326,0.06666666666666667,0.062367901234567986
100050013|F|0-22:T>A-22:T>A,T/A,,,0.49523809523809526,0.10576923076923077,0.057692307692307696,0.17127265367874883
100014320|F|0-23:C>T-23:C>T,C/T,,,1.0,0.23809523809523808,0.34285714285714286,0.29699559339986953
100014429|F|0-23:C>T-23:C>T,C/T,,,1.0,0.44285714285714284,0.5238095238095238,0.37171336942940447
100014913|F|0-23:C>A-23:C>A,C/A,,,1.0,0.004761904761904762,0.009523809523809525,0.009433537466384832
100015678|F|0-23:A>G-23:A>G,A/G,,,1.0,0.3380952380952381,0.3142857142857143,0.34741258940462055
100015767|F|0-23:A>T-23:A>T,A/T,,,1.0,0.22380952380952382,0.3142857142857143,0.28708118428021245
100016129|F|0-23:C>A-23:C>A,C/A,,,0.5428571428571428,0.05263157894736842,0.07017543859649122,0.09475065415397359
100017777|F|0-23:A>G-23:A>G,A/G,,,1.0,0.14285714285714285,0.22857142857142856,0.21491045397750919
100018213|F|0-23:A>G-23:A>G,A/G,,,0.9904761904761905,0.23076923076923078,0.1346153846153846,0.292006582402577
100018506|F|0-23:C>T-23:C>T,C/T,,,1.0,0.22857142857142856,0.3619047619047619,0.29047097042898795
100018789|F|0-23:A>C-23:A>C,A/C,,,1.0,0.16666666666666666,0.23809523809523808,0.23919753086419743
100019045|F|0-23:G>C-23:G>C,G/C,,,1.0,0.40476190476190477,0.4666666666666667,0.36576516472046117
100019050|F|0-23:G>A-23:G>A,G/A,,,1.0,0.004761904761904762,0.009523809523809525,0.009433537466384832
100019074|F|0-23:A>T-23:A>T,A/T,,,1.0,0.08571428571428572,0.13333333333333333,0.1444518117451063
100019764|F|0-23:G>A-23:G>A,G/A,,,1.0,0.004761904761904762,0.009523809523809525,0.009433537466384832
100019878|F|0-23:C>T-23:C>T,C/T,,,0.8761904761904762,0.07065217391304347,0.07608695652173914,0.12269830059469038
100021182|F|0-23:C>G-23:C>G,C/G,Vu05 (old1),43216289.0,0.9904761904761905,0.004807692307692308,0.009615384615384616,0.009523372423757013
100021520|F|0-23:T>C-23:T>C,T/C,,,1.0,0.12857142857142856,0.21904761904761905,0.1989753436068305
100021654|F|0-23:G>T-23:G>T,G/T,,,1.0,0.1523809523809524,0.26666666666666666,0.2249568687943809
100021859|F|0-23:T>A-23:T>A,T/A,,,0.9904761904761905,0.14423076923076922,0.15384615384615385,0.21638744088858045
100021948|F|0-23:C>G-23:C>G,C/G,,,1.0,0.47619047619047616,0.45714285714285713,0.37443246383965534
100022290|F|0-23:T>A-23:T>A,T/A,,,1.0,0.009523809523809525,0.01904761904761905,0.01868824615258029
100028749|F|0-23:C>A-23:C>A,C/A,,,1.0,0.23809523809523808,0.3238095238095238,0.29699559339986953
100028760|F|0-23:G>T-23:G>T,G/T,,,1.0,0.3333333333333333,0.4380952380952381,0.345679012345679
100029722|F|0-23:G>A-23:G>A,G/A,,,1.0,0.004761904761904762,0.009523809523809525,0.009433537466384832
100029806|F|0-23:T>C-23:T>C,T/C,,,1.0,0.047619047619047616,0.05714285714285714,0.08658943547184561
100029923|F|0-23:T>A-23:T>A,T/A,,,0.6285714285714286,0.12878787878787878,0.13636363636363635,0.19922474151946035
100030947|F|0-23:C>T-23:C>T,C/T,,,0.7619047619047619,0.00625,0.0125,0.012344723510742214
100032816|F|0-23:T>G-23:T>G,T/G,,,0.8380952380952381,0.017045454545454544,0.011363636363636364,0.03294836023076792
100033258|F|0-23:G>A-23:G>A,G/A,,,1.0,0.05714285714285714,0.0380952380952381,0.10194952103290292
100033344|F|0-23:G>A-23:G>A,G/A,,,0.9809523809523809,0.23300970873786409,0.23300970873786409,0.293553419630718
100034001|F|0-23:A>G-23:A>G,A/G,Vu10 (old10),40225556.0,1.0,0.47619047619047616,0.45714285714285713,0.37443246383965534
100034088|F|0-23:T>C-23:T>C,T/C,,,1.0,0.1761904761904762,0.1619047619047619,0.24815925360317972
100034274|F|0-23:G>T-23:G>T,G/T,,,1.0,0.4666666666666667,0.45714285714285713,0.3738864197530864
100035374|F|0-23:A>G-23:A>G,A/G,,,0.9333333333333333,0.44387755102040816,0.47959183673469385,0.37183042913146525
100038720|F|0-23:G>A-23:G>A,G/A,,,1.0,0.4714285714285714,0.5428571428571428,0.37418234069137857
100038883|F|0-23:A>G-23:A>G,A/G,,,1.0,0.44285714285714284,0.5047619047619047,0.37171336942940447
100040251|F|0-23:G>A-23:G>A,G/A,,,0.9333333333333333,0.02040816326530612,0.02040816326530612,0.039184006525116846
100043244|F|0-23:T>C-23:T>C,T/C,,,0.6666666666666666,0.014285714285714285,0.0,0.02776668054977082
100044677|F|0-23:A>G-23:A>G,A/G,,,0.8952380952380953,0.005319148936170248,0.010638297872340425,0.010525724875765623
100045000|F|0-23:G>A-23:G>A,G/A,Vu09 (old8),33438135.0,1.0,0.05238095238095238,0.10476190476190476,0.0943466755107184
100046262|F|0-23:C>A-23:C>A,C/A,,,1.0,0.13333333333333333,0.22857142857142856,0.20440493827160486
100048766|F|0-23:C>T-23:C>T,C/T,,,0.9809523809523809,0.009708737864077669,0.0,0.019044080161398316
100049389|F|0-23:C>A-23:C>A,C/A,,,0.9904761904761905,0.2980769230769231,0.40384615384615385,0.3309022075284042
100049610|F|0-23:T>A-23:T>A,T/A,,,0.6285714285714286,0.015151515151515138,0.0,0.02939856449122671
100049850|F|0-23:C>T-23:C>T,C/T,,,0.9142857142857143,0.01041666666666663,0.0,0.020403803130726733
100051260|F|0-23:G>A-23:G>A,G/A,,,1.0,0.05714285714285714,0.0761904761904762,0.10194952103290292
100051718|F|0-23:T>C-23:T>C,T/C,,,1.0,0.4285714285714286,0.6476190476190476,0.36984589754269054
100058882|F|0-23:C>T-23:C>T,C/T,,,0.8,0.023809523809523808,0.023809523809523808,0.04540482103650237
100013445|F|0-24:G>T-24:G>T,G/T,,,1.0,0.23809523809523808,0.34285714285714286,0.29699559339986953
100013532|F|0-24:T>G-24:T>G,T/G,,,0.9809523809523809,0.02912621359223301,0.05825242718446602,0.05495647786177706
100014413|F|0-24:G>A-24:G>A,G/A,,,1.0,0.004761904761904762,0.009523809523809525,0.009433537466384832
100014503|F|0-24:T>A-24:T>A,T/A,,,1.0,0.08571428571428572,0.1523809523809524,0.1444518117451063
100014636|F|0-24:T>G-24:T>G,T/G,,,0.9809523809523809,0.009708737864077669,0.0,0.019044080161398316
100014819|F|0-24:A>T-24:A>T,A/T,,,1.0,0.2619047619047619,0.4095238095238095,0.3118832945120603
100015485|F|0-24:C>T-24:C>T,C/T,,,1.0,0.02857142857142857,0.0380952380952381,0.0539695127030404
100015490|F|0-24:T>C-24:T>C,T/C,,,1.0,0.03333333333333333,0.047619047619047616,0.062367901234567986
100016009|F|0-24:G>A-24:G>A,G/A,,,0.8571428571428571,0.09444444444444444,0.05555555555555555,0.15642043705227854
100016064|F|0-24:A>G-24:A>G,A/G,Vu06 (old6),34403019.0,0.6666666666666666,0.007142857142857143,0.014285714285714285,0.014083085172844541
100016885|F|0-24:T>G-24:T>G,T/G,,,1.0,0.014285714285714285,0.009523809523809525,0.02776668054977082
100017127|F|0-24:C>T-24:C>T,C/T,Vu05 (old1),35234456.0,1.0,0.014285714285714285,0.02857142857142857,0.02776668054977082
100017196|F|0-24:T>C-24:T>C,T/C,,,0.9904761904761905,0.004807692307692308,0.009615384615384616,0.009523372423757013
100017553|F|0-24:C>A-24:C>A,C/A,Vu03 (old3),64354681.0,1.0,0.0761904761904762,0.05714285714285714,0.1308627413474837
100018009|F|0-24:G>T-24:G>T,G/T,,,1.0,0.08095238095238096,0.12380952380952381,0.1377277358713706
100018014|F|0-24:G>A-24:G>A,G/A,,,1.0,0.009523809523809525,0.01904761904761905,0.01868824615258029
100019174|F|0-24:T>A-24:T>A,T/A,,,1.0,0.1380952380952381,0.1619047619047619,0.2097160123611046
100019345|F|0-24:G>A-24:G>A,G/A,,,1.0,0.1523809523809524,0.17142857142857143,0.2249568687943809
100019630|F|0-24:A>T-24:A>T,A/T,,,1.0,0.30952380952380953,0.44761904761904764,0.33608617294234394
100019753|F|0-24:T>G-24:T>G,T/G,,,1.0,0.1,0.1619047619047619,0.16379999999999995
100019767|F|0-24:G>A-24:G>A,G/A,,,0.8952380952380953,0.06914893617021277,0.11702127659574468,0.12044840732160575
100019916|F|0-24:C>T-24:C>T,C/T,,,1.0,0.04285714285714286,0.08571428571428572,0.07867546855476872
100020052|F|0-24:C>T-24:C>T,C/T,,,1.0,0.014285714285714285,0.02857142857142857,0.02776668054977082
100021208|F|0-24:G>A-24:G>A,G/A,,,1.0,0.5,0.44761904761904764,0.375
100021239|F|0-24:G>T-24:G>T,G/T,,,1.0,0.004761904761904762,0.009523809523809525,0.009433537466384832
100021892|F|0-24:G>A-24:G>A,G/A,,,1.0,0.2714285714285714,0.4095238095238095,0.31729604331528516
100028469|F|0-24:A>G-24:A>G,A/G,,,1.0,0.16666666666666666,0.2761904761904762,0.23919753086419743
100028477|F|0-24:T>G-24:T>G,T/G,,,1.0,0.08095238095238096,0.1619047619047619,0.1377277358713706
100028820|F|0-24:T>G-24:T>G,T/G,,,1.0,0.06190476190476191,0.10476190476190476,0.10940027971884139
100029095|F|0-24:T>G-24:T>G,T/G,,,1.0,0.02857142857142857,0.05714285714285714,0.0539695127030404
100032762|F|0-24:G>A-24:G>A,G/A,,,1.0,0.3476190476190476,0.4095238095238095,0.35070171276371465
100032842|F|0-24:A>C-24:A>C,A/C,Vu05 (old1),2448565.0,1.0,0.3047619047619048,0.6095238095238096,0.3339761354579625
100033099|F|0-24:G>C-24:G>C,G/C,,,1.0,0.2047619047619048,0.3142857142857143,0.27263880687573605
100033408|F|0-24:A>G-24:A>G,A/G,,,0.9047619047619048,0.042105263157894736,0.06315789473684211,0.07741141335625105
100034159|F|0-24:A>G-24:A>G,A/G,,,1.0,0.43333333333333335,0.5238095238095238,0.3705160493827161
100034296|F|0-24:T>G-24:T>G,T/G,,,0.8285714285714286,0.16091954022988508,0.11494252873563218,0.2335856838362444
100034371|F|0-24:C>T-24:C>T,C/T,,,0.49523809523809526,0.028846153846153855,0.019230769230769232,0.054458532149390726
100034432|F|0-24:T>A-24:T>A,T/A,,,1.0,0.12857142857142856,0.21904761904761905,0.1989753436068305
100034885|F|0-24:C>T-24:C>T,C/T,,,1.0,0.04285714285714286,0.06666666666666667,0.07867546855476872
100035083|F|0-24:G>C-24:G>C,G/C,,,0.9714285714285714,0.38725490196078427,0.4019607843137255,0.36196538058329675
100035309|F|0-24:A>C-24:A>C,A/C,,,0.9523809523809523,0.015,0.01,0.029113398749999964
100035929|F|0-24:A>G-24:A>G,A/G,Vu06 (old6),27682430.0,0.6190476190476191,0.007692307692307693,0.015384615384615385,0.015149742656069415
100038633|F|0-24:T>A-24:T>A,T/A,,,1.0,0.02857142857142857,0.0380952380952381,0.0539695127030404
100038635|F|0-24:A>T-24:A>T,A/T,,,1.0,0.033333333333333326,0.047619047619047616,0.062367901234567986
100038675|F|0-24:G>A-24:G>A,G/A,,,1.0,0.3952380952380952,0.4857142857142857,0.363784039571989
100039159|F|0-24:G>A-24:G>A,G/A,,,1.0,0.009523809523809525,0.01904761904761905,0.01868824615258029
100040014|F|0-24:A>G-24:A>G,A/G,,,0.8,0.06547619047619048,0.011904761904761904,0.11488991604176622
100041008|F|0-24:G>A-24:G>A,G/A,,,0.9904761904761905,0.1826923076923077,0.21153846153846154,0.2540412235817637
100041883|F|0-24:T>C-24:T>C,T/C,,,1.0,0.00952380952380949,0.0,0.01868824615258029
100042115|F|0-24:A>G-24:A>G,A/G,,,0.5619047619047619,0.016949152542372836,0.0,0.03276852113261286
100043320|F|0-24:A>G-24:A>G,A/G,,,0.7142857142857143,0.19333333333333333,0.14666666666666667,0.2632668404938273
100043433|F|0-24:C>T-24:C>T,C/T,,,0.9333333333333333,0.05102040816326531,0.061224489795918366,0.09214617729215625
100044311|F|0-24:G>A-24:G>A,G/A,,,0.9047619047619048,0.015789473684210527,0.010526315789473684,0.030597338878615245
100044498|F|0-24:C>T-24:C>T,C/T,,,0.9904761904761905,0.4375,0.4326923076923077,0.371063232421875
100046287|F|0-24:C>T-24:C>T,C/T,,,1.0,0.23333333333333334,0.29523809523809524,0.2937753086419754
100047410|F|0-24:C>T-24:C>T,C/T,,,0.9809523809523809,0.10679611650485436,0.13592233009708737,0.1725826384246604
100048523|F|0-24:C>A-24:C>A,C/A,,,0.8285714285714286,0.022988505747126436,0.022988505747126436,0.043911162415217475
100053364|F|0-24:T>A-24:T>A,T/A,,,0.9428571428571428,0.010101010101010102,0.0,0.019798000201978617
100061196|F|0-24:G>A-24:G>A,G/A,,,0.7333333333333333,0.012987012987012991,0.0,0.025308080743284753
100013252|F|0-25:C>T-25:C>T,C/T,,,0.9904761904761905,0.014423076923076924,0.028846153846153848,0.028025968156355576
100013586|F|0-25:C>G-25:C>G,C/G,,,0.9809523809523809,0.009708737864077666,0.0,0.019044080161398316
100013981|F|0-25:C>T-25:C>T,C/T,,,0.47619047619047616,0.11,0.1,0.17663117999999997
100014059|F|0-25:C>G-25:C>G,C/G,,,1.0,0.45714285714285713,0.47619047619047616,0.373156518117451
100014109|F|0-25:C>A-25:C>A,C/A,,,1.0,0.0761904761904762,0.13333333333333333,0.1308627413474837
100014225|F|0-25:G>A-25:G>A,G/A,,,1.0,0.12380952380952381,0.19047619047619047,0.1934253155835275
100014432|F|0-25:C>A-25:C>A,C/A,,,1.0,0.3142857142857143,0.3619047619047619,0.33813111203665136
100014650|F|0-25:G>T-25:G>T,G/T,,,1.0,0.014285714285714285,0.02857142857142857,0.02776668054977082
100014698|F|0-25:C>G-25:C>G,C/G,,,0.6571428571428571,0.021739130434782608,0.014492753623188406,0.041628549783627206
100014740|F|0-25:C>T-25:C>T,C/T,,,1.0,0.15714285714285714,0.23809523809523808,0.22981249479383598
100015226|F|0-25:T>A-25:T>A,T/A,,,1.0,0.2619047619047619,0.37142857142857144,0.3118832945120603
100016083|F|0-25:C>A-25:C>A,C/A,,,0.9904761904761905,0.21634615384615385,0.27884615384615385,0.2815930318533549
100016214|F|0-25:C>G-25:C>G,C/G,,,1.0,0.02857142857142857,0.05714285714285714,0.0539695127030404
100018389|F|0-25:G>T-25:G>T,G/T,,,1.0,0.05238095238095238,0.08571428571428572,0.0943466755107184
100019432|F|0-25:A>T-25:A>T,A/T,,,1.0,0.04285714285714286,0.06666666666666667,0.07867546855476872
100019755|F|0-25:A>G-25:A>G,A/G,Vu08 (old5),29690259.0,1.0,0.02857142857142857,0.05714285714285714,0.0539695127030404
100020369|F|0-25:G>C-25:G>C,G/C,,,1.0,0.4904761904761905,0.4857142857142857,0.3749092805981047
100020546|F|0-25:C>T-25:C>T,C/T,Vu05 (old1),11898976.0,1.0,0.0380952380952381,0.05714285714285714,0.07060241771689768
100020599|F|0-25:T>G-25:T>G,T/G,Vu04 (old11),42033100.0,1.0,0.009523809523809525,0.01904761904761905,0.01868824615258029
100021104|F|0-25:C>T-25:C>T,C/T,,,1.0,0.07142857142857142,0.12380952380952381,0.12385464389837572
100021632|F|0-25:A>G-25:A>G,A/G,Vu04 (old11),15318495.0,1.0,0.02857142857142857,0.05714285714285714,0.0539695127030404
100021834|F|0-25:C>A-25:C>A,C/A,Vu08 (old5),30357283.0,1.0,0.047619047619047616,0.09523809523809523,0.08658943547184561
100022062|F|0-25:G>T-25:G>T,G/T,,,1.0,0.11428571428571428,0.11428571428571428,0.18195618492294877
100022485|F|0-25:G>A-25:G>A,G/A,,,0.9238095238095239,0.010309278350515464,0.0,0.020197791959927942
100028480|F|0-25:T>A-25:T>A,T/A,,,0.9619047619047619,0.00990099009900991,0.0,0.01941372491924195
100028607|F|0-25:A>G-25:A>G,A/G,,,0.7714285714285715,0.006172839506172839,0.012345679012345678,0.012194201156459777
100028745|F|0-25:C>T-25:C>T,C/T,,,0.9523809523809523,0.01,0.02,0.019603980000000038
100028799|F|0-25:A>T-25:A>T,A/T,,,0.9523809523809523,0.0050000000000000044,0.01,0.009900498749999903
100029140|F|0-25:A>C-25:A>C,A/C,,,0.9904761904761905,0.028846153846153848,0.038461538461538464,0.054458532149390726
100029358|F|0-25:G>A-25:G>A,G/A,,,1.0,0.34285714285714286,0.41904761904761906,0.34908654727196997
100029425|F|0-25:A>T-25:A>T,A/T,,,1.0,0.42857142857142855,0.5523809523809524,0.36984589754269065
100029504|F|0-25:T>C-25:T>C,T/C,,,1.0,0.48095238095238096,0.4857142857142857,0.37463692494382494
100030465|F|0-25:G>C-25:G>C,G/C,,,0.9809523809523809,0.0048543689320388345,0.009708737864077669,0.00961493473338511
100030636|F|0-25:G>A-25:G>A,G/A,,,1.0,0.02857142857142857,0.05714285714285714,0.0539695127030404
100030726|F|0-25:C>G-25:C>G,C/G,,,1.0,0.2619047619047619,0.3523809523809524,0.3118832945120603
100032847|F|0-25:A>T-25:A>T,A/T,,,1.0,0.3523809523809524,0.38095238095238093,0.3522588880147676
100033188|F|0-25:G>T-25:G>T,G/T,,,0.9904761904761905,0.014423076923076924,0.009615384615384616,0.028025968156355576
100033778|F|0-25:A>T-25:A>T,A/T,,,0.9904761904761905,0.16346153846153846,0.25,0.2360870531220457
100034077|F|0-25:A>T-25:A>T,A/T,,,1.0,0.004761904761904762,0.009523809523809525,0.009433537466384832
100034625|F|0-25:G>T-25:G>T,G/T,,,1.0,0.004761904761904762,0.009523809523809525,0.009433537466384832
100035693|F|0-25:G>A-25:G>A,G/A,,,1.0,0.014285714285714285,0.02857142857142857,0.02776668054977082
100035790|F|0-25:T>C-25:T>C,T/C,,,0.9904761904761905,0.009615384615384616,0.019230769230769232,0.018864485634912918
100035958|F|0-25:C>T-25:C>T,C/T,,,0.9238095238095239,0.4072164948453608,0.27835051546391754,0.3662429990253733
100036188|F|0-25:T>C-25:T>C,T/C,,,1.0,0.3047619047619048,0.38095238095238093,0.3339761354579625
100038335|F|0-25:T>G-25:T>G,T/G,,,1.0,0.023809523809523808,0.047619047619047616,0.04540482103650237
100038392|F|0-25:C>T-25:C>T,C/T,,,1.0,0.14761904761904762,0.2,0.21999012654192443
100038684|F|0-25:C>T-25:C>T,C/T,,,1.0,0.01904761904761905,0.01904761904761905,0.036671370468066414
100039138|F|0-25:A>G-25:A>G,A/G,Vu04 (old11),6816983.0,0.9904761904761905,0.10576923076923077,0.19230769230769232,0.17127265367874883
100040406|F|0-25:G>A-25:G>A,G/A,,,0.9238095238095239,0.14432989690721648,0.14432989690721648,0.2164936593125612
100044112|F|0-25:G>A-25:G>A,G/A,,,1.0,0.1428571428571429,0.24761904761904763,0.2149104539775094
100044961|F|0-25:A>T-25:A>T,A/T,Vu07 (old2),24139628.0,1.0,0.009523809523809525,0.01904761904761905,0.01868824615258029
100046160|F|0-25:C>T-25:C>T,C/T,,,0.6761904761904762,0.007042253521126761,0.014084507042253521,0.013887525779974956
100046760|F|0-25:T>G-25:T>G,T/G,,,1.0,0.35714285714285715,0.4666666666666667,0.35375885047896716
100052700|F|0-25:C>T-25:C>T,C/T,,,0.8380952380952381,0.017045454545454586,0.011363636363636364,0.032948360230767915
100058582|F|0-25:G>C-25:G>C,G/C,,,0.8761904761904762,0.021739130434782608,0.021739130434782608,0.041628549783627206
100059639|F|0-25:C>A-25:C>A,C/A,,,0.6857142857142857,0.020833333333333332,0.013888888888888888,0.03996634777681332
100013240|F|0-26:A>G-26:A>G,A/G,,,1.0,0.16666666666666666,0.2571428571428571,0.23919753086419743
100013349|F|0-26:G>A-26:G>A,G/A,Vu09 (old8),41104566.0,1.0,0.0380952380952381,0.05714285714285714,0.07060241771689768
100013762|F|0-26:A>T-26:A>T,A/T,,,1.0,0.32857142857142857,0.37142857142857144,0.34388496459808404
100014491|F|0-26:A>T-26:A>T,A/T,,,0.6095238095238096,0.375,0.25,0.35888671875
100014492|F|0-26:T>A-26:T>A,T/A,,,0.9714285714285714,0.4901960784313726,0.37254901960784315,0.3749038646449677
100015007|F|0-26:T>C-26:T>C,T/C,,,0.5523809523809524,0.017241379310344862,0.0,0.03331402229099896
100015538|F|0-26:G>C-26:G>C,G/C,,,0.5523809523809524,0.034482758620689655,0.0,0.0643704553070136
100015608|F|0-26:C>T-26:C>T,C/T,,,0.9904761904761905,0.009615384615384616,0.0,0.018864485634912918
100016127|F|0-26:G>C-26:G>C,G/C,,,1.0,0.080952380952381,0.08571428571428572,0.13772773587137058
100016239|F|0-26:C>T-26:C>T,C/T,,,0.5428571428571428,0.12280701754385964,0.14035087719298245,0.1922413610987721
100016316|F|0-26:T>C-26:T>C,T/C,,,1.0,0.00952380952380949,0.0,0.01868824615258029
100016521|F|0-26:C>G-26:C>G,C/G,,,0.5047619047619047,0.2358490566037736,0.20754716981132076,0.2954869766494591
100016806|F|0-26:T>A-26:T>A,T/A,,,1.0,0.14285714285714285,0.2857142857142857,0.21491045397750919
100016871|F|0-26:A>G-26:A>G,A/G,,,1.0,0.37142857142857144,0.47619047619047616,0.35792286547271973
100017334|F|0-26:T>C-26:T>C,T/C,,,1.0,0.12380952380952381,0.19047619047619047,0.1934253155835275
100017367|F|0-26:T>C-26:T>C,T/C,,,1.0,0.24285714285714285,0.3523809523809524,0.3001331945022907
100017508|F|0-26:G>A-26:G>A,G/A,,,1.0,0.4523809523809524,0.4095238095238095,0.3727221425229199
100017615|F|0-26:C>A-26:C>A,C/A,,,1.0,0.047619047619047616,0.0761904761904762,0.08658943547184561
100018574|F|0-26:G>T-26:G>T,G/T,,,1.0,0.0380952380952381,0.0761904761904762,0.07060241771689768
100018641|F|0-26:C>A-26:C>A,C/A,,,1.0,0.19523809523809524,0.2761904761904762,0.2648668600017482
100019787|F|0-26:A>G-26:A>G,A/G,,,1.0,0.3,0.4666666666666667,0.33180000000000004
100019826|F|0-26:T>C-26:T>C,T/C,,,0.6190476190476191,0.13076923076923078,0.16923076923076924,0.20149615909807075
100020208|F|0-26:C>G-26:C>G,C/G,,,1.0,0.1,0.18095238095238095,0.16379999999999995
100020482|F|0-26:C>G-26:C>G,C/G,,,1.0,0.023809523809523808,0.02857142857142857,0.04540482103650237
100020692|F|0-26:C>G-26:C>G,C/G,,,0.638095238095238,0.44776119402985076,0.3880597014925373,0.37225621343844834
100020887|F|0-26:A>G-26:A>G,A/G,,,1.0,0.17142857142857143,0.19047619047619047,0.2437304456476469
100021489|F|0-26:C>G-26:C>G,C/G,,,1.0,0.4,0.41904761904761906,0.36479999999999996
100021652|F|0-26:G>A-26:G>A,G/A,,,1.0,0.023809523809523808,0.02857142857142857,0.04540482103650237
100021788|F|0-26:G>A-26:G>A,G/A,Vu07 (old2),26947758.0,0.9904761904761905,0.03365384615384615,0.028846153846153848,0.06292726425833906
100021909|F|0-26:T>C-26:T>C,T/C,,,1.0,0.38095238095238093,0.4380952380952381,0.3604259542063235
100021979|F|0-26:G>A-26:G>A,G/A,,,1.0,0.22380952380952382,0.3333333333333333,0.28708118428021245
100028406|F|0-26:C>T-26:C>T,C/T,,,0.5238095238095238,0.14545454545454545,0.18181818181818182,0.21769529403729262
100028407|F|0-26:C>T-26:C>T,C/T,,,0.9904761904761905,0.22115384615384615,0.3269230769230769,0.28515308722449323
100028414|F|0-26:G>C-26:G>C,G/C,,,1.0,0.014285714285714285,0.02857142857142857,0.02776668054977082
100028515|F|0-26:A>G-26:A>G,A/G,,,1.0,0.02857142857142857,0.05714285714285714,0.0539695127030404
100028764|F|0-26:A>T-26:A>T,A/T,,,1.0,0.4476190476190476,0.4380952380952381,0.3722411793439976
100029143|F|0-26:C>T-26:C>T,C/T,,,1.0,0.14761904761904762,0.23809523809523808,0.21999012654192443
100029554|F|0-26:A>T-26:A>T,A/T,,,0.9142857142857143,0.04166666666666663,0.020833333333333332,0.07667221257716032
100032809|F|0-26:G>A-26:G>A,G/A,,,1.0,0.11428571428571428,0.1523809523809524,0.18195618492294877
100033466|F|0-26:G>A-26:G>A,G/A,,,1.0,0.11428571428571428,0.20952380952380953,0.18195618492294877
100034049|F|0-26:T>A-26:T>A,T/A,,,1.0,0.009523809523809525,0.01904761904761905,0.01868824615258029
100034612|F|0-26:G>A-26:G>A,G/A,,,1.0,0.13333333333333333,0.19047619047619047,0.20440493827160486
100035290|F|0-26:T>C-26:T>C,T/C,,,1.0,0.12380952380952381,0.17142857142857143,0.1934253155835275
100035644|F|0-26:C>G-26:C>G,C/G,,,1.0,0.2857142857142857,0.3619047619047619,0.3248646397334444
100035792|F|0-26:T>C-26:T>C,T/C,,,1.0,0.43333333333333335,0.3904761904761905,0.3705160493827161
100040329|F|0-26:A>G-26:A>G,A/G,,,0.9333333333333333,0.4336734693877551,0.4387755102040816,0.37056208526322076
100041553|F|0-26:T>A-26:T>A,T/A,,,1.0,0.06190476190476191,0.10476190476190476,0.10940027971884139
100043121|F|0-26:C>T-26:C>T,C/T,,,1.0,0.4380952380952381,0.6095238095238096,0.3711384289467865
100043209|F|0-26:C>T-26:C>T,C/T,,,1.0,0.009523809523809525,0.01904761904761905,0.01868824615258029
100043485|F|0-26:C>T-26:C>T,C/T,,,1.0,0.02857142857142857,0.0380952380952381,0.0539695127030404
100049606|F|0-26:A>G-26:A>G,A/G,,,0.9619047619047619,0.039603960396039604,0.0594059405940594,0.07317757693438064
100049953|F|0-26:C>T-26:C>T,C/T,,,1.0,0.07142857142857142,0.14285714285714285,0.12385464389837572
100053981|F|0-26:G>A-26:G>A,G/A,,,1.0,0.22857142857142856,0.3619047619047619,0.29047097042898795
100055827|F|0-26:G>A-26:G>A,G/A,,,0.45714285714285713,0.020833333333333332,0.0,0.03996634777681332
100057963|F|0-26:C>T-26:C>T,C/T,,,1.0,0.16666666666666666,0.23809523809523808,0.23919753086419743
100058921|F|0-26:G>A-26:G>A,G/A,,,0.9523809523809523,0.125,0.21,0.19482421875
100060558|F|0-26:C>T-26:C>T,C/T,,,0.9428571428571428,0.005050505050505051,0.010101010101010102,0.009999493699750063
100060605|F|0-26:G>C-26:G>C,G/C,,,1.0,0.1761904761904762,0.3142857142857143,0.24815925360317972
100012953|F|0-27:C>A-27:C>A,C/A,,,1.0,0.4523809523809524,0.4857142857142857,0.3727221425229199
100013001|F|0-27:G>C-27:G>C,G/C,Vu03 (old3),7683103.0,1.0,0.4714285714285714,0.44761904761904764,0.37418234069137857
100013026|F|0-27:A>C-27:A>C,A/C,,,1.0,0.03333333333333333,0.06666666666666667,0.062367901234567986
100013338|F|0-27:A>C-27:A>C,A/C,,,1.0,0.047619047619047616,0.09523809523809523,0.08658943547184561
100013439|F|0-27:T>A-27:T>A,T/A,,,1.0,0.02857142857142857,0.05714285714285714,0.0539695127030404
100013470|F|0-27:G>A-27:G>A,G/A,,,1.0,0.009523809523809525,0.01904761904761905,0.01868824615258029
100014449|F|0-27:C>G-27:C>G,C/G,,,1.0,0.3380952380952381,0.42857142857142855,0.34741258940462055
100014677|F|0-27:A>C-27:A>C,A/C,Vu01 (old4),38105105.0,1.0,0.49523809523809526,0.47619047619047616,0.37497732323466043
100015160|F|0-27:A>C-27:A>C,A/C,,,1.0,0.1380952380952381,0.23809523809523808,0.2097160123611046
100015422|F|0-27:G>T-27:G>T,G/T,,,1.0,0.009523809523809525,0.01904761904761905,0.01868824615258029
100016329|F|0-27:A>C-27:A>C,A/C,,,0.9523809523809523,0.05,0.06,0.09048750000000008
100016739|F|0-27:A>C-27:A>C,A/C,Vu02 (old7),30482677.0,1.0,0.3142857142857143,0.41904761904761906,0.33813111203665136
100016810|F|0-27:G>A-27:G>A,G/A,Vu09 (old8),37081456.0,0.5904761904761905,0.12903225806451613,0.0967741935483871,0.19950602097840772
100017198|F|0-27:A>T-27:A>T,A/T,Vu02 (old7),25547790.0,1.0,0.004761904761904762,0.009523809523809525,0.009433537466384832
100017423|F|0-27:G>C-27:G>C,G/C,,,1.0,0.11428571428571428,0.19047619047619047,0.18195618492294877
100018681|F|0-27:G>T-27:G>T,G/T,,,1.0,0.004761904761904762,0.009523809523809525,0.009433537466384832
100019260|F|0-27:C>T-27:C>T,C/T,,,1.0,0.3904761904761905,0.41904761904761906,0.36271675279333193
100019497|F|0-27:C>T-27:C>T,C/T,,,1.0,0.08571428571428572,0.13333333333333333,0.1444518117451063
100019651|F|0-27:G>T-27:G>T,G/T,Vu05 (old1),41749633.0,1.0,0.10952380952380952,0.08571428571428572,0.17603313331379425
100020022|F|0-27:C>A-27:C>A,C/A,,,1.0,0.004761904761904762,0.009523809523809525,0.009433537466384832
100020066|F|0-27:G>C-27:G>C,G/C,,,1.0,0.45714285714285713,0.45714285714285713,0.373156518117451
100020862|F|0-27:A>C-27:A>C,A/C,,,1.0,0.02857142857142857,0.05714285714285714,0.0539695127030404
100020911|F|0-27:G>A-27:G>A,G/A,,,1.0,0.04285714285714286,0.06666666666666667,0.07867546855476872
100021798|F|0-27:T>C-27:T>C,T/C,,,1.0,0.22857142857142856,0.3619047619047619,0.29047097042898795
100021819|F|0-27:T>G-27:T>G,T/G,,,1.0,0.023809523809523808,0.047619047619047616,0.04540482103650237
100029118|F|0-27:C>T-27:C>T,C/T,,,0.7238095238095238,0.09868421052631582,0.14473684210526316,0.1620686215131772
100029238|F|0-27:T>G-27:T>G,T/G,,,1.0,0.004761904761904762,0.009523809523809525,0.009433537466384832
100029871|F|0-27:T>G-27:T>G,T/G,,,1.0,0.06190476190476191,0.08571428571428572,0.10940027971884139
100029909|F|0-27:G>T-27:G>T,G/T,,,0.9904761904761905,0.057692307692307696,0.09615384615384616,0.10281694224641992
100029934|F|0-27:G>C-27:G>C,G/C,,,1.0,0.2857142857142857,0.3238095238095238,0.3248646397334444
100033175|F|0-27:T>C-27:T>C,T/C,,,1.0,0.04285714285714286,0.08571428571428572,0.07867546855476872
100033389|F|0-27:G>C-27:G>C,G/C,,,1.0,0.1523809523809524,0.22857142857142856,0.2249568687943809
100033592|F|0-27:T>C-27:T>C,T/C,,,1.0,0.48571428571428577,0.5333333333333333,0.3747958350687214
100034113|F|0-27:T>C-27:T>C,T/C,,,1.0,0.03333333333333333,0.06666666666666667,0.062367901234567986
100034161|F|0-27:T>C-27:T>C,T/C,,,1.0,0.00952380952380949,0.01904761904761905,0.01868824615258029
100034218|F|0-27:A>T-27:A>T,A/T,Vu06 (old6),33123517.0,1.0,0.34285714285714286,0.47619047619047616,0.34908654727196997
100034591|F|0-27:A>G-27:A>G,A/G,,,0.9904761904761905,0.11057692307692307,0.16346153846153846,0.17735402025865424
100034752|F|0-27:G>T-27:G>T,G/T,,,1.0,0.18095238095238095,0.3238095238095238,0.25248564538438206
100034940|F|0-27:A>C-27:A>C,A/C,,,1.0,0.3142857142857143,0.41904761904761906,0.33813111203665136
100035121|F|0-27:C>T-27:C>T,C/T,,,0.9809523809523809,0.23786407766990292,0.32038834951456313,0.2968411893195222
100038790|F|0-27:T>A-27:T>A,T/A,,,1.0,0.14285714285714285,0.2857142857142857,0.21491045397750919
100039167|F|0-27:C>T-27:C>T,C/T,,,1.0,0.43333333333333335,0.5428571428571428,0.3705160493827161
100039170|F|0-27:C>G-27:C>G,C/G,,,1.0,0.004761904761904762,0.009523809523809525,0.009433537466384832
100039187|F|0-27:A>C-27:A>C,A/C,,,0.9904761904761905,0.052884615384615384,0.0673076923076923,0.09515808368321055
100040573|F|0-27:G>T-27:G>T,G/T,,,0.7142857142857143,0.26,0.17333333333333334,0.31076448
100041207|F|0-27:C>A-27:C>A,C/A,,,1.0,0.21428571428571427,0.23809523809523808,0.2800395668471471
100041362|F|0-27:G>A-27:G>A,G/A,,,0.9904761904761905,0.4903846153846154,0.5,0.3749075272826144
100041853|F|0-27:G>A-27:G>A,G/A,,,0.9809523809523809,0.2621359223300971,0.36893203883495146,0.31201824177635723
100045081|F|0-27:C>A-27:C>A,C/A,,,1.0,0.16666666666666666,0.3333333333333333,0.23919753086419743
100045226|F|0-27:G>T-27:G>T,G/T,,,1.0,0.22380952380952382,0.3142857142857143,0.28708118428021245
100045401|F|0-27:C>T-27:C>T,C/T,,,0.9428571428571428,0.030303030303030304,0.04040404040404041,0.05704258546732862
100048523|F|0-27:T>A-27:T>A,T/A,,,0.8380952380952381,0.056818181818181816,0.06818181818181818,0.1014360024396385
100049107|F|0-27:G>A-27:G>A,G/A,,,0.5333333333333333,0.026785714285714284,0.017857142857142856,0.05077737333972187
100050114|F|0-27:G>A-27:G>A,G/A,,,0.9809523809523809,0.21359223300970873,0.3300970873786408,0.2795129431283616
100053683|F|0-27:A>G-27:A>G,A/G,,,0.6857142857142857,0.04861111111111116,0.013888888888888888,0.08821837383515052
100053808|F|0-27:T>C-27:T>C,T/C,,,0.9714285714285714,0.03431372549019608,0.049019607843137254,0.0640765595416159
100058871|F|0-27:T>A-27:T>A,T/A,,,0.9904761904761905,0.0625,0.0673076923076923,0.110321044921875
100013410|F|0-28:G>T-28:G>T,G/T,,,0.6857142857142857,0.041666666666666664,0.027777777777777776,0.07667221257716032
100013447|F|0-28:T>A-28:T>A,T/A,,,1.0,0.11428571428571428,0.19047619047619047,0.18195618492294877
100013696|F|0-28:C>A-28:C>A,C/A,,,1.0,0.04285714285714286,0.06666666666666667,0.07867546855476872
100013832|F|0-28:A>G-28:A>G,A/G,,,0.9619047619047619,0.00990099009900991,0.0,0.01941372491924195
100014138|F|0-28:A>G-28:A>G,A/G,,,1.0,0.4523809523809524,0.44761904761904764,0.3727221425229199
100014150|F|0-28:T>A-28:T>A,T/A,,,1.0,0.047619047619047616,0.0761904761904762,0.08658943547184561
100014488|F|0-28:T>A-28:T>A,T/A,,,1.0,0.05714285714285714,0.09523809523809523,0.10194952103290292
100014497|F|0-28:A>G-28:A>G,A/G,Vu02 (old7),28608269.0,1.0,0.3380952380952381,0.4095238095238095,0.34741258940462055
100014583|F|0-28:G>A-28:G>A,G/A,,,1.0,0.004761904761904762,0.009523809523809525,0.009433537466384832
100014593|F|0-28:A>C-28:A>C,A/C,,,1.0,0.07142857142857142,0.14285714285714285,0.12385464389837572
100015184|F|0-28:G>A-28:G>A,G/A,,,1.0,0.01904761904761905,0.0380952380952381,0.036671370468066414
100015553|F|0-28:T>C-28:T>C,T/C,,,1.0,0.2619047619047619,0.4095238095238095,0.3118832945120603
100015850|F|0-28:G>T-28:G>T,G/T,,,1.0,0.09047619047619047,0.1619047619047619,0.1510371285626874
100015865|F|0-28:C>A-28:C>A,C/A,,,1.0,0.05714285714285714,0.0761904761904762,0.10194952103290292
100016431|F|0-28:C>T-28:C>T,C/T,,,1.0,0.09047619047619047,0.1619047619047619,0.1510371285626874
100016803|F|0-28:A>T-28:A>T,A/T,,,1.0,0.3952380952380952,0.3904761904761905,0.363784039571989
100016899|F|0-28:G>C-28:G>C,G/C,,,0.5142857142857142,0.4722222222222222,0.2777777777777778,0.37422720431336687
100017075|F|0-28:C>A-28:C>A,C/A,,,1.0,0.004761904761904762,0.009523809523809525,0.009433537466384832
100017265|F|0-28:G>A-28:G>A,G/A,Vu03 (old3),52001826.0,1.0,0.42857142857142855,0.45714285714285713,0.36984589754269065
100017331|F|0-28:C>T-28:C>T,C/T,,,1.0,0.009523809523809525,0.0,0.01868824615258029
100017662|F|0-28:T>C-28:T>C,T/C,,,1.0,0.08571428571428572,0.13333333333333333,0.1444518117451063
100018935|F|0-28:A>T-28:A>T,A/T,,,1.0,0.21428571428571427,0.29523809523809524,0.2800395668471471
100020245|F|0-28:G>T-28:G>T,G/T,,,1.0,0.2904761904761905,0.42857142857142855,0.3272453134239335
100020374|F|0-28:A>G-28:A>G,A/G,,,1.0,0.06190476190476191,0.10476190476190476,0.10940027971884139
100021345|F|0-28:C>T-28:C>T,C/T,,,1.0,0.48571428571428577,0.49523809523809526,0.3747958350687214
100022028|F|0-28:C>T-28:C>T,C/T,,,1.0,0.047619047619047616,0.0761904761904762,0.08658943547184561
100022059|F|0-28:G>C-28:G>C,G/C,,,1.0,0.1619047619047619,0.2857142857142857,0.23455879391817186
100022222|F|0-28:C>A-28:C>A,C/A,,,1.0,0.35714285714285715,0.4666666666666667,0.35375885047896716
100022237|F|0-28:A>G-28:A>G,A/G,,,0.9714285714285714,0.014705882352941124,0.00980392156862745,0.028559340614934974
100028709|F|0-28:A>C-28:A>C,A/C,,,1.0,0.02857142857142857,0.05714285714285714,0.0539695127030404
100028762|F|0-28:C>T-28:C>T,C/T,,,0.8761904761904762,0.016304347826086956,0.010869565217391304,0.0315625641407753
100028819|F|0-28:A>T-28:A>T,A/T,,,0.9619047619047619,0.19306930693069307,0.3069306930693069,0.26304383907765255
100029202|F|0-28:C>T-28:C>T,C/T,,,1.0,0.4380952380952381,0.49523809523809526,0.3711384289467865
100029328|F|0-28:G>C-28:G>C,G/C,,,1.0,0.41904761904761906,0.5142857142857142,0.36836082085139427
100029418|F|0-28:C>A-28:C>A,C/A,,,1.0,0.02857142857142857,0.0380952380952381,0.0539695127030404
100029472|F|0-28:G>A-28:G>A,G/A,,,1.0,0.20476190476190476,0.3333333333333333,0.27263880687573583
100029779|F|0-28:G>A-28:G>A,G/A,,,1.0,0.2,0.2857142857142857,0.2687999999999998
100029965|F|0-28:C>T-28:C>T,C/T,,,0.5523809523809524,0.03448275862068961,0.0,0.0643704553070136
100030110|F|0-28:T>C-28:T>C,T/C,,,1.0,0.06666666666666667,0.11428571428571428,0.11670123456790114
100033683|F|0-28:G>C-28:G>C,G/C,,,1.0,0.20952380952380953,0.3238095238095238,0.27638482319609636
100033784|F|0-28:C>T-28:C>T,C/T,,,1.0,0.15714285714285714,0.23809523809523808,0.22981249479383598
100034980|F|0-28:T>C-28:T>C,T/C,,,1.0,0.2523809523809524,0.3333333333333333,0.30616570153382594
100035765|F|0-28:G>A-28:G>A,G/A,,,1.0,0.1761904761904762,0.29523809523809524,0.24815925360317972
100036017|F|0-28:C>A-28:C>A,C/A,,,1.0,0.2714285714285714,0.42857142857142855,0.31729604331528516
100038435|F|0-28:C>A-28:C>A,C/A,,,1.0,0.28095238095238095,0.44761904761904764,0.3224136229246044
100038773|F|0-28:C>G-28:C>G,C/G,,,1.0,0.4666666666666667,0.47619047619047616,0.3738864197530864
100040340|F|0-28:T>C-28:T>C,T/C,,,0.9904761904761905,0.44711538461538464,0.47115384615384615,0.3721875734704201
100043241|F|0-28:A>C-28:A>C,A/C,,,1.0,0.49047619047619045,0.638095238095238,0.37490928059810485
100043433|F|0-28:G>A-28:G>A,G/A,,,0.9142857142857143,0.005208333333333333,0.010416666666666666,0.010308723390838222
100043908|F|0-28:G>T-28:G>T,G/T,,,0.6095238095238096,0.015625,0.0,0.03028857707977295
100044506|F|0-28:G>A-28:G>A,G/A,,,1.0,0.05714285714285714,0.0380952380952381,0.10194952103290292
100044877|F|0-28:G>T-28:G>T,G/T,,,0.8857142857142857,0.010752688172043012,0.0,0.021047841312531117
100044970|F|0-28:C>T-28:C>T,C/T,,,1.0,0.18095238095238095,0.26666666666666666,0.25248564538438206
100046560|F|0-28:A>G-28:A>G,A/G,,,1.0,0.009523809523809525,0.01904761904761905,0.01868824615258029
100048696|F|0-28:G>C-28:G>C,G/C,,,1.0,0.10476190476190476,0.13333333333333333,0.16998175040235286
100049642|F|0-28:T>A-28:T>A,T/A,,,0.8761904761904762,0.021739130434782594,0.043478260869565216,0.041628549783627206
100049995|F|0-28:T>A-28:T>A,T/A,,,1.0,0.08571428571428572,0.0761904761904762,0.1444518117451063
100052701|F|0-28:C>T-28:C>T,C/T,,,0.8380952380952381,0.022727272727272728,0.022727272727272728,0.04343485332286045
100058916|F|0-28:C>T-28:C>T,C/T,,,1.0,0.12380952380952381,0.24761904761904763,0.1934253155835275
100059264|F|0-28:T>G-28:T>G,T/G,Vu03 (old3),7290112.0,1.0,0.32857142857142857,0.4666666666666667,0.34388496459808404
100059664|F|0-28:A>T-28:A>T,A/T,,,0.7238095238095238,0.03289473684210531,0.039473684210526314,0.06160125391701083
100060127|F|0-28:A>G-28:A>G,A/G,,,0.8952380952380953,0.010638297872340385,0.0,0.02082869249034918
100060347|F|0-28:A>G-28:A>G,A/G,,,0.8571428571428571,0.01666666666666672,0.011111111111111112,0.0322405864197531
100060559|F|0-28:G>A-28:G>A,G/A,,,0.8666666666666667,0.027472527472527486,0.03296703296703297,0.052007895053706205
100013135|F|0-29:G>A-29:G>A,G/A,,,1.0,0.014285714285714285,0.009523809523809525,0.02776668054977082
100013293|F|0-29:C>A-29:C>A,C/A,,,1.0,0.4714285714285714,0.5619047619047619,0.37418234069137857
100013632|F|0-29:C>A-29:C>A,C/A,,,1.0,0.004761904761904762,0.009523809523809525,0.009433537466384832
100013890|F|0-29:A>G-29:A>G,A/G,,,1.0,0.004761904761904745,0.009523809523809525,0.009433537466384832
100014044|F|0-29:G>A-29:G>A,G/A,,,0.8476190476190476,0.08426966292134831,0.033707865168539325,0.14242668467962444
100015125|F|0-29:C>A-29:C>A,C/A,,,1.0,0.014285714285714235,0.009523809523809525,0.027766680549770825
100015199|F|0-29:A>G-29:A>G,A/G,,,1.0,0.047619047619047616,0.0761904761904762,0.08658943547184561
100015387|F|0-29:C>T-29:C>T,C/T,,,0.9809523809523809,0.06796116504854369,0.11650485436893204,0.11866035948665739
100015479|F|0-29:T>C-29:T>C,T/C,,,1.0,0.46190476190476193,0.4857142857142857,0.37354454059779624
100015684|F|0-29:T>C-29:T>C,T/C,,,1.0,0.1,0.18095238095238095,0.16379999999999995
100016374|F|0-29:T>A-29:T>A,T/A,,,1.0,0.38095238095238093,0.45714285714285713,0.3604259542063235
100016507|F|0-29:C>T-29:C>T,C/T,,,0.8857142857142857,0.005376344086021501,0.010752688172043012,0.010637687812642897
100016746|F|0-29:C>G-29:C>G,C/G,Vu02 (old7),22884439.0,0.9809523809523809,0.02912621359223301,0.038834951456310676,0.05495647786177706
100016876|F|0-29:G>A-29:G>A,G/A,,,1.0,0.004761904761904745,0.009523809523809525,0.009433537466384832
100017712|F|0-29:G>A-29:G>A,G/A,Vu04 (old11),3133419.0,1.0,0.3523809523809524,0.41904761904761906,0.3522588880147676
100017888|F|0-29:G>T-29:G>T,G/T,Vu09 (old8),42671828.0,0.9142857142857143,0.0625,0.0625,0.110321044921875
100018700|F|0-29:T>C-29:T>C,T/C,,,1.0,0.004761904761904762,0.009523809523809525,0.009433537466384832
100020174|F|0-29:T>C-29:T>C,T/C,,,0.9904761904761905,0.009615384615384581,0.0,0.018864485634912918
100020818|F|0-29:A>G-29:A>G,A/G,,,1.0,0.3476190476190476,0.3904761904761905,0.35070171276371465
100028350|F|0-29:T>A-29:T>A,T/A,,,1.0,0.03333333333333333,0.02857142857142857,0.062367901234567986
100028655|F|0-29:G>C-29:G>C,G/C,,,1.0,0.004761904761904762,0.009523809523809525,0.009433537466384832
100028807|F|0-29:G>A-29:G>A,G/A,,,1.0,0.14285714285714285,0.19047619047619047,0.21491045397750919
100028970|F|0-29:C>T-29:C>T,C/T,Vu01 (old4),33344624.0,0.9904761904761905,0.014423076923076924,0.028846153846153848,0.028025968156355576
100028971|F|0-29:C>T-29:C>T,C/T,Vu10 (old10),37173380.0,0.9904761904761905,0.014423076923076924,0.028846153846153848,0.028025968156355576
100029217|F|0-29:C>A-29:C>A,C/A,,,1.0,0.004761904761904762,0.009523809523809525,0.009433537466384832
100029651|F|0-29:G>T-29:G>T,G/T,,,1.0,0.009523809523809525,0.01904761904761905,0.01868824615258029
100029832|F|0-29:G>C-29:G>C,G/C,,,1.0,0.009523809523809525,0.01904761904761905,0.01868824615258029
100030262|F|0-29:A>G-29:A>G,A/G,,,0.6190476190476191,0.007692307692307693,0.015384615384615385,0.015149742656069415
100033415|F|0-29:T>C-29:T>C,T/C,,,1.0,0.16666666666666666,0.2571428571428571,0.23919753086419743
100034562|F|0-29:C>T-29:C>T,C/T,,,1.0,0.3476190476190476,0.3904761904761905,0.35070171276371465
100034782|F|0-29:A>T-29:A>T,A/T,,,0.9904761904761905,0.14903846153846154,0.14423076923076922,0.22148232923986988
100035620|F|0-29:C>G-29:C>G,C/G,,,1.0,0.023809523809523808,0.02857142857142857,0.04540482103650237
100035736|F|0-29:C>T-29:C>T,C/T,Vu04 (old11),30896897.0,1.0,0.4,0.45714285714285713,0.36479999999999996
100035901|F|0-29:T>A-29:T>A,T/A,,,0.9714285714285714,0.37254901960784315,0.43137254901960786,0.3582285286128231
100038558|F|0-29:G>A-29:G>A,G/A,,,1.0,0.10952380952380952,0.18095238095238095,0.17603313331379425
100041326|F|0-29:G>A-29:G>A,G/A,,,1.0,0.01904761904761905,0.01904761904761905,0.036671370468066414
100043366|F|0-29:G>T-29:G>T,G/T,,,1.0,0.1619047619047619,0.20952380952380953,0.23455879391817186
100045342|F|0-29:C>T-29:C>T,C/T,,,1.0,0.1619047619047619,0.24761904761904763,0.23455879391817186
100050928|F|0-29:A>C-29:A>C,A/C,,,0.8761904761904762,0.005434782608695652,0.010869565217391304,0.010752058130219495
100052893|F|0-29:T>A-29:T>A,T/A,,,0.6571428571428571,0.07971014492753623,0.13043478260869565,0.13595054153546907
100060502|F|0-29:G>A-29:G>A,G/A,,,0.9142857142857143,0.010416666666666666,0.0,0.02040380313072673
100061067|F|0-29:T>A-29:T>A,T/A,,,0.7238095238095238,0.013157894736842146,0.0,0.025632320865401584
100012963|F|0-30:T>C-30:T>C,T/C,,,0.9714285714285714,0.004901960784313725,0.00980392156862745,0.009708274696864147
100013042|F|0-30:A>G-30:A>G,A/G,,,1.0,0.41904761904761906,0.4380952380952381,0.36836082085139427
100013542|F|0-30:C>G-30:C>G,C/G,,,1.0,0.11904761904761904,0.2,0.18775291673736771
100013544|F|0-30:G>T-30:G>T,G/T,,,1.0,0.009523809523809525,0.01904761904761905,0.01868824615258029
100013630|F|0-30:A>G-30:A>G,A/G,,,1.0,0.3380952380952381,0.5047619047619047,0.34741258940462055
100013640|F|0-30:A>G-30:A>G,A/G,,,1.0,0.07142857142857142,0.14285714285714285,0.12385464389837572
100014668|F|0-30:A>T-30:A>T,A/T,,,1.0,0.24761904761904763,0.3238095238095238,0.30318945706778555
100015397|F|0-30:G>C-30:G>C,G/C,,,1.0,0.0761904761904762,0.11428571428571428,0.1308627413474837
100015429|F|0-30:C>A-30:C>A,C/A,,,1.0,0.09523809523809523,0.1523809523809524,0.15748582123703592
100015600|F|0-30:C>A-30:C>A,C/A,,,1.0,0.2904761904761905,0.3904761904761905,0.3272453134239335
100016549|F|0-30:A>G-30:A>G,A/G,,,1.0,0.11904761904761904,0.1619047619047619,0.18775291673736771
100016921|F|0-30:C>T-30:C>T,C/T,,,1.0,0.009523809523809525,0.01904761904761905,0.01868824615258029
100017001|F|0-30:T>G-30:T>G,T/G,,,1.0,0.4857142857142857,0.41904761904761906,0.3747958350687214
100017030|F|0-30:G>T-30:G>T,G/T,,,1.0,0.014285714285714285,0.009523809523809525,0.02776668054977082
100017201|F|0-30:C>G-30:C>G,C/G,,,1.0,0.06666666666666667,0.0761904761904762,0.11670123456790114
100017282|F|0-30:C>G-30:C>G,C/G,,,1.0,0.0380952380952381,0.0761904761904762,0.07060241771689768
100017285|F|0-30:C>T-30:C>T,C/T,Vu07 (old2),34134592.0,1.0,0.22857142857142856,0.45714285714285713,0.29047097042898795
100017840|F|0-30:G>A-30:G>A,G/A,,,1.0,0.09523809523809523,0.11428571428571428,0.15748582123703592
100018119|F|0-30:G>A-30:G>A,G/A,Vu03 (old3),42335364.0,0.638095238095238,0.07462686567164178,0.05970149253731343,0.1285774622662431
100018485|F|0-30:G>A-30:G>A,G/A,,,1.0,0.21904761904761905,0.22857142857142856,0.28360453103387984
100018689|F|0-30:A>C-30:A>C,A/C,,,1.0,0.14285714285714285,0.1523809523809524,0.21491045397750919
100018777|F|0-30:G>C-30:G>C,G/C,,,1.0,0.004761904761904762,0.009523809523809525,0.009433537466384832
100019248|F|0-30:G>A-30:G>A,G/A,Vu02 (old7),25315767.0,0.9714285714285714,0.1568627450980392,0.17647058823529413,0.22952991344972615
100019646|F|0-30:T>C-30:T>C,T/C,,,1.0,0.22857142857142856,0.3238095238095238,0.29047097042898795
100019661|F|0-30:A>T-30:A>T,A/T,,,1.0,0.3476190476190476,0.44761904761904764,0.35070171276371465
100019839|F|0-30:G>A-30:G>A,G/A,,,0.5619047619047619,0.4067796610169492,0.23728813559322035,0.36615893510146313
100019861|F|0-30:G>C-30:G>C,G/C,,,1.0,0.03333333333333333,0.06666666666666667,0.062367901234567986
100020644|F|0-30:T>A-30:T>A,T/A,Vu08 (old5),17202857.0,1.0,0.19047619047619047,0.3047619047619048,0.26083781963276625
100020997|F|0-30:C>T-30:C>T,C/T,,,1.0,0.0380952380952381,0.05714285714285714,0.07060241771689768
100021093|F|0-30:G>T-30:G>T,G/T,,,0.9904761904761905,0.08173076923076923,0.125,0.13883644083435187
100028230|F|0-30:T>C-30:T>C,T/C,,,0.9142857142857143,0.09895833333333337,0.052083333333333336,0.1624301613113026
100028348|F|0-30:A>C-30:A>C,A/C,,,1.0,0.01904761904761905,0.0380952380952381,0.036671370468066414
100028946|F|0-30:A>G-30:A>G,A/G,,,1.0,0.37142857142857144,0.5142857142857142,0.35792286547271973
100029037|F|0-30:A>C-30:A>C,A/C,,,1.0,0.2857142857142857,0.4,0.3248646397334444
100029185|F|0-30:A>G-30:A>G,A/G,,,1.0,0.09523809523809523,0.1523809523809524,0.15748582123703592
100029248|F|0-30:C>A-30:C>A,C/A,,,1.0,0.02857142857142857,0.05714285714285714,0.0539695127030404
100029793|F|0-30:G>A-30:G>A,G/A,,,1.0,0.09523809523809523,0.13333333333333333,0.15748582123703592
100029970|F|0-30:G>A-30:G>A,G/A,,,1.0,0.22380952380952382,0.3523809523809524,0.28708118428021245
100030017|F|0-30:G>A-30:G>A,G/A,,,1.0,0.16666666666666666,0.2761904761904762,0.23919753086419743
100030103|F|0-30:C>A-30:C>A,C/A,,,0.9809523809523809,0.024271844660194174,0.02912621359223301,0.046243701770757255
100030203|F|0-30:A>C-30:A>C,A/C,,,1.0,0.014285714285714285,0.02857142857142857,0.02776668054977082
100030568|F|0-30:G>A-30:G>A,G/A,,,1.0,0.009523809523809525,0.01904761904761905,0.01868824615258029
100033333|F|0-30:G>A-30:G>A,G/A,Vu03 (old3),53692049.0,1.0,0.12380952380952381,0.20952380952380953,0.1934253155835275
100033357|F|0-30:G>A-30:G>A,G/A,,,1.0,0.11428571428571428,0.20952380952380953,0.18195618492294877
100033917|F|0-30:A>G-30:A>G,A/G,,,1.0,0.004761904761904762,0.009523809523809525,0.009433537466384832
100034507|F|0-30:A>G-30:A>G,A/G,,,1.0,0.2,0.24761904761904763,0.2687999999999998
100035075|F|0-30:T>C-30:T>C,T/C,,,1.0,0.20476190476190476,0.3523809523809524,0.27263880687573583
100035151|F|0-30:T>C-30:T>C,T/C,,,1.0,0.06190476190476191,0.12380952380952381,0.10940027971884139
100040392|F|0-30:G>A-30:G>A,G/A,Vu09 (old8),4300643.0,1.0,0.014285714285714285,0.02857142857142857,0.02776668054977082
100040427|F|0-30:T>C-30:T>C,T/C,,,1.0,0.06666666666666667,0.09523809523809523,0.11670123456790114
100040977|F|0-30:G>T-30:G>T,G/T,,,1.0,0.319047619047619,0.42857142857142855,0.3401119276433173
100041232|F|0-30:T>A-30:T>A,T/A,,,1.0,0.10952380952380952,0.18095238095238095,0.17603313331379425
100041267|F|0-30:C>T-30:C>T,C/T,Vu09 (old8),37705891.0,0.6285714285714286,0.045454545454545456,0.030303030303030304,0.0830117478314321
100041635|F|0-30:A>G-30:A>G,A/G,,,0.9904761904761905,0.125,0.21153846153846154,0.19482421875
100042884|F|0-30:G>A-30:G>A,G/A,,,1.0,0.004761904761904745,0.009523809523809525,0.009433537466384832
100043216|F|0-30:A>T-30:A>T,A/T,,,1.0,0.07142857142857142,0.14285714285714285,0.12385464389837572
100043426|F|0-30:G>A-30:G>A,G/A,,,1.0,0.45714285714285713,0.45714285714285713,0.373156518117451
100044425|F|0-30:C>T-30:C>T,C/T,,,0.9904761904761905,0.30288461538461536,0.49038461538461536,0.3331261847158686
100046473|F|0-30:G>A-30:G>A,G/A,,,0.6857142857142857,0.02083333333333337,0.013888888888888888,0.03996634777681332
100046659|F|0-30:C>A-30:C>A,C/A,Vu05 (old1),46605557.0,1.0,0.0761904761904762,0.13333333333333333,0.1308627413474837
100051053|F|0-30:A>G-30:A>G,A/G,,,0.7619047619047619,0.006249999999999978,0.0125,0.012344723510742214
100052894|F|0-30:A>C-30:A>C,A/C,,,1.0,0.4095238095238095,0.47619047619047616,0.3666800396953944
100053878|F|0-30:C>T-30:C>T,C/T,,,0.9523809523809523,0.02,0.0,0.03843168000000012
100054606|F|0-30:G>A-30:G>A,G/A,,,1.0,0.009523809523809525,0.0,0.01868824615258029
100058374|F|0-30:G>A-30:G>A,G/A,,,0.9333333333333333,0.04591836734693878,0.05102040816326531,0.08378113219996673
100058672|F|0-30:C>T-30:C>T,C/T,,,0.9619047619047619,0.17821782178217827,0.31683168316831684,0.25001360507922715
100058950|F|0-30:C>T-30:C>T,C/T,Vu01 (old4),31174242.0,1.0,0.023809523809523808,0.02857142857142857,0.04540482103650237
100060146|F|0-30:C>A-30:C>A,C/A,,,0.7333333333333333,0.00649350649350644,0.012987012987012988,0.012819442135887933
100060581|F|0-30:C>A-30:C>A,C/A,contig_149,10557.0,0.8952380952380953,0.010638297872340385,0.0,0.02082869249034918
100013074|F|0-31:T>C-31:T>C,T/C,,,1.0,0.10952380952380952,0.14285714285714285,0.17603313331379425
100013548|F|0-31:T>C-31:T>C,T/C,,,1.0,0.19523809523809524,0.2761904761904762,0.2648668600017482
100014472|F|0-31:C>A-31:C>A,C/A,,,1.0,0.5,0.4857142857142857,0.375
100014559|F|0-31:C>A-31:C>A,C/A,,,1.0,0.1,0.14285714285714285,0.16379999999999995
100014580|F|0-31:T>A-31:T>A,T/A,,,1.0,0.06190476190476191,0.10476190476190476,0.10940027971884139
100014597|F|0-31:C>A-31:C>A,C/A,,,1.0,0.0380952380952381,0.01904761904761905,0.07060241771689768
100014812|F|0-31:G>T-31:G>T,G/T,,,1.0,0.30952380952380953,0.3904761904761905,0.33608617294234394
100015392|F|0-31:C>T-31:C>T,C/T,,,1.0,0.009523809523809525,0.01904761904761905,0.01868824615258029
100015415|F|0-31:C>A-31:C>A,C/A,,,1.0,0.3761904761904762,0.7523809523809524,0.35920125770640843
100015801|F|0-31:A>T-31:A>T,A/T,,,1.0,0.14285714285714285,0.24761904761904763,0.21491045397750919
100015905|F|0-31:G>A-31:G>A,G/A,,,1.0,0.11904761904761904,0.10476190476190476,0.18775291673736771
100016042|F|0-31:G>A-31:G>A,G/A,,,1.0,0.04285714285714286,0.06666666666666667,0.07867546855476872
100016207|F|0-31:T>A-31:T>A,T/A,,,1.0,0.01904761904761905,0.0380952380952381,0.036671370468066414
100016220|F|0-31:G>A-31:G>A,G/A,,,0.9809523809523809,0.19902912621359223,0.2815533980582524,0.2680058041926834
100016256|F|0-31:A>C-31:A>C,A/C,,,1.0,0.09047619047619047,0.1619047619047619,0.1510371285626874
100017262|F|0-31:A>T-31:A>T,A/T,Vu05 (old1),16840418.0,1.0,0.004761904761904762,0.009523809523809525,0.009433537466384832
100017301|F|0-31:G>A-31:G>A,G/A,,,1.0,0.01904761904761905,0.01904761904761905,0.036671370468066414
100017692|F|0-31:G>T-31:G>T,G/T,,,1.0,0.2619047619047619,0.3904761904761905,0.3118832945120603
100017906|F|0-31:G>A-31:G>A,G/A,,,1.0,0.2857142857142857,0.4,0.3248646397334444
100019488|F|0-31:C>T-31:C>T,C/T,,,0.9714285714285714,0.06372549019607843,0.049019607843137254,0.1122093866372189
100019536|F|0-31:G>A-31:G>A,G/A,Vu11 (old9),37471049.0,1.0,0.04285714285714286,0.08571428571428572,0.07867546855476872
100020314|F|0-31:G>A-31:G>A,G/A,,,1.0,0.4095238095238095,0.49523809523809526,0.3666800396953944
100020470|F|0-31:T>C-31:T>C,T/C,,,1.0,0.02857142857142857,0.0380952380952381,0.0539695127030404
100021368|F|0-31:T>C-31:T>C,T/C,,,1.0,0.04285714285714286,0.06666666666666667,0.07867546855476872
100021906|F|0-31:C>G-31:C>G,C/G,,,1.0,0.02857142857142857,0.05714285714285714,0.0539695127030404
100022099|F|0-31:T>C-31:T>C,T/C,,,1.0,0.18095238095238095,0.2857142857142857,0.25248564538438206
100022516|F|0-31:C>A-31:C>A,C/A,,,0.47619047619047616,0.03,0.02,0.05650638000000003
100022600|F|0-31:A>T-31:A>T,A/T,,,1.0,0.4,0.4380952380952381,0.36479999999999996
100028495|F|0-31:A>T-31:A>T,A/T,,,1.0,0.09047619047619047,0.1619047619047619,0.1510371285626874
100028894|F|0-31:A>C-31:A>C,A/C,,,1.0,0.0380952380952381,0.0761904761904762,0.07060241771689768
100029002|F|0-31:C>A-31:C>A,C/A,,,0.6476190476190476,0.058823529411764705,0.08823529411764706,0.10459644879730838
100029041|F|0-31:A>T-31:A>T,A/T,,,1.0,0.047619047619047616,0.0761904761904762,0.08658943547184561
100029559|F|0-31:T>C-31:T>C,T/C,,,1.0,0.0761904761904762,0.09523809523809523,0.1308627413474837
100029816|F|0-31:C>A-31:C>A,C/A,,,1.0,0.10476190476190476,0.19047619047619047,0.16998175040235286
100029840|F|0-31:T>C-31:T>C,T/C,,,1.0,0.2619047619047619,0.37142857142857144,0.3118832945120603
100033542|F|0-31:T>C-31:T>C,T/C,,,1.0,0.07142857142857142,0.08571428571428572,0.12385464389837572
100034520|F|0-31:G>A-31:G>A,G/A,,,1.0,0.2761904761904762,0.47619047619047616,0.3198911400085356
100035059|F|0-31:C>G-31:C>G,C/G,,,1.0,0.4,0.8,0.36479999999999996
100035142|F|0-31:C>T-31:C>T,C/T,Vu04 (old11),38602459.0,0.9619047619047619,0.0297029702970297,0.019801980198019802,0.05598014176401271
100035644|F|0-31:C>T-31:C>T,C/T,,,0.8952380952380953,0.005319148936170213,0.010638297872340425,0.010525724875765625
100036056|F|0-31:G>A-31:G>A,G/A,,,1.0,0.319047619047619,0.3523809523809524,0.3401119276433173
100039953|F|0-31:A>G-31:A>G,A/G,,,1.0,0.319047619047619,0.44761904761904764,0.3401119276433173
100043548|F|0-31:T>C-31:T>C,T/C,,,0.819047619047619,0.029069767441860465,0.011627906976744186,0.05485616293182917
100044544|F|0-31:A>G-31:A>G,A/G,,,1.0,0.11428571428571428,0.1523809523809524,0.18195618492294877
100044659|F|0-31:T>G-31:T>G,T/G,Vu05 (old1),13772413.0,0.9904761904761905,0.004807692307692308,0.009615384615384616,0.009523372423757013
100045179|F|0-31:C>T-31:C>T,C/T,,,1.0,0.14285714285714285,0.22857142857142856,0.21491045397750919
100046200|F|0-31:A>C-31:A>C,A/C,,,1.0,0.3142857142857143,0.45714285714285713,0.33813111203665136
100050958|F|0-31:A>T-31:A>T,A/T,,,0.8761904761904762,0.005434782608695652,0.010869565217391304,0.010752058130219495
100059665|F|0-31:T>A-31:T>A,T/A,,,0.7238095238095238,0.013157894736842146,0.0,0.025632320865401584
100061065|F|0-31:T>C-31:T>C,T/C,,,0.8095238095238095,0.03529411764705882,0.023529411764705882,0.06577829288442426
100013667|F|0-32:C>A-32:C>A,C/A,,,1.0,0.1761904761904762,0.23809523809523808,0.24815925360317972
100014234|F|0-32:G>T-32:G>T,G/T,,,0.9904761904761905,0.004807692307692308,0.009615384615384616,0.009523372423757013
100014280|F|0-32:A>T-32:A>T,A/T,,,1.0,0.01904761904761905,0.0380952380952381,0.036671370468066414
100014878|F|0-32:G>A-32:G>A,G/A,,,1.0,0.11428571428571428,0.19047619047619047,0.18195618492294877
100015230|F|0-32:C>T-32:C>T,C/T,Vu08 (old5),34132259.0,1.0,0.014285714285714285,0.009523809523809525,0.02776668054977082
100016173|F|0-32:C>T-32:C>T,C/T,,,1.0,0.28095238095238095,0.3904761904761905,0.3224136229246044
100017493|F|0-32:T>C-32:T>C,T/C,,,0.45714285714285713,0.10416666666666667,0.08333333333333333,0.1692162031008873
100017621|F|0-32:G>A-32:G>A,G/A,,,1.0,0.047619047619047616,0.09523809523809523,0.08658943547184561
100017892|F|0-32:A>G-32:A>G,A/G,,,1.0,0.4,0.45714285714285713,0.36479999999999996
100018023|F|0-32:C>G-32:C>G,C/G,,,0.49523809523809526,0.25961538461538464,0.25,0.31053707894397076
100018045|F|0-32:A>G-32:A>G,A/G,,,1.0,0.02857142857142857,0.0380952380952381,0.0539695127030404
100018496|F|0-32:T>G-32:T>G,T/G,,,1.0,0.4238095238095238,0.44761904761904764,0.36912761555113355
100018501|F|0-32:C>T-32:C>T,C/T,,,0.9238095238095239,0.005154639175257714,0.010309278350515464,0.010203543559785646
100019012|F|0-32:A>T-32:A>T,A/T,,,1.0,0.047619047619047616,0.09523809523809523,0.08658943547184561
100019182|F|0-32:C>T-32:C>T,C/T,,,1.0,0.11428571428571428,0.17142857142857143,0.18195618492294877
100019242|F|0-32:A>G-32:A>G,A/G,,,1.0,0.4714285714285714,0.4857142857142857,0.37418234069137857
100019784|F|0-32:C>G-32:C>G,C/G,,,1.0,0.1761904761904762,0.23809523809523808,0.24815925360317972
100019896|F|0-32:C>T-32:C>T,C/T,Vu08 (old5),16375786.0,1.0,0.44285714285714284,0.44761904761904764,0.37171336942940447
100020429|F|0-32:G>A-32:G>A,G/A,,,1.0,0.02857142857142857,0.05714285714285714,0.0539695127030404
100020859|F|0-32:T>C-32:T>C,T/C,,,1.0,0.1523809523809524,0.22857142857142856,0.2249568687943809
100021521|F|0-32:T>G-32:T>G,T/G,,,1.0,0.009523809523809525,0.01904761904761905,0.01868824615258029
100021889|F|0-32:T>A-32:T>A,T/A,,,1.0,0.21428571428571427,0.29523809523809524,0.2800395668471471
100021896|F|0-32:A>G-32:A>G,A/G,Vu01 (old4),41502324.0,0.9619047619047619,0.019801980198019802,0.039603960396039604,0.03806623808801211
100022022|F|0-32:T>G-32:T>G,T/G,,,1.0,0.13333333333333333,0.13333333333333333,0.20440493827160486
100029178|F|0-32:G>A-32:G>A,G/A,,,1.0,0.2619047619047619,0.4095238095238095,0.3118832945120603
100029221|F|0-32:C>A-32:C>A,C/A,,,1.0,0.004761904761904762,0.009523809523809525,0.009433537466384832
100029251|F|0-32:C>A-32:C>A,C/A,,,1.0,0.4857142857142857,0.49523809523809526,0.3747958350687214
100029674|F|0-32:C>G-32:C>G,C/G,,,1.0,0.3142857142857143,0.41904761904761906,0.33813111203665136
100029850|F|0-32:T>C-32:T>C,T/C,,,1.0,0.43333333333333335,0.4095238095238095,0.3705160493827161
100033601|F|0-32:C>A-32:C>A,C/A,,,0.7333333333333333,0.01948051948051948,0.012987012987012988,0.03747235907698553
100034454|F|0-32:T>C-32:T>C,T/C,Vu05 (old1),11968566.0,1.0,0.18095238095238095,0.3238095238095238,0.25248564538438206
100034493|F|0-32:C>T-32:C>T,C/T,,,1.0,0.14761904761904762,0.2571428571428571,0.21999012654192443
100034571|F|0-32:T>A-32:T>A,T/A,,,1.0,0.09523809523809523,0.1523809523809524,0.15748582123703592
100035010|F|0-32:A>C-32:A>C,A/C,,,1.0,0.1619047619047619,0.20952380952380953,0.23455879391817186
100035727|F|0-32:C>A-32:C>A,C/A,Vu08 (old5),17172753.0,1.0,0.23333333333333334,0.37142857142857144,0.2937753086419754
100035857|F|0-32:C>A-32:C>A,C/A,,,0.9619047619047619,0.18316831683168316,0.16831683168316833,0.25446446602680284
100036100|F|0-32:C>T-32:C>T,C/T,,,1.0,0.06666666666666667,0.13333333333333333,0.11670123456790114
100038675|F|0-32:A>T-32:A>T,A/T,,,0.8857142857142857,0.026881720430107527,0.03225806451612903,0.050949590724313265
100038761|F|0-32:T>C-32:T>C,T/C,,,1.0,0.10476190476190476,0.19047619047619047,0.16998175040235286
100038818|F|0-32:G>T-32:G>T,G/T,,,1.0,0.14285714285714285,0.19047619047619047,0.21491045397750919
100040510|F|0-32:T>C-32:T>C,T/C,,,1.0,0.43333333333333335,0.4666666666666667,0.3705160493827161
100058884|F|0-32:A>G-32:A>G,A/G,,,0.8476190476190476,0.15168539325842698,0.10112359550561797,0.22423836239767092
100013163|F|0-33:C>A-33:C>A,C/A,,,1.0,0.10952380952380952,0.18095238095238095,0.17603313331379425
100013231|F|0-33:C>T-33:C>T,C/T,,,1.0,0.08571428571428572,0.13333333333333333,0.1444518117451063
100013326|F|0-33:T>A-33:T>A,T/A,,,1.0,0.2,0.3238095238095238,0.2687999999999998
100013864|F|0-33:G>A-33:G>A,G/A,Vu04 (old11),38347111.0,1.0,0.02857142857142857,0.05714285714285714,0.0539695127030404
100014047|F|0-33:T>C-33:T>C,T/C,,,1.0,0.04285714285714286,0.08571428571428572,0.07867546855476872
100014140|F|0-33:C>G-33:C>G,C/G,,,0.9619047619047619,0.07425742574257425,0.0891089108910891,0.1280352492106963
100015076|F|0-33:T>C-33:T>C,T/C,,,1.0,0.37142857142857144,0.45714285714285713,0.35792286547271973
100015328|F|0-33:T>C-33:T>C,T/C,,,1.0,0.28095238095238095,0.3904761904761905,0.3224136229246044
100015680|F|0-33:A>G-33:A>G,A/G,,,1.0,0.11428571428571428,0.11428571428571428,0.18195618492294877
100015855|F|0-33:A>T-33:A>T,A/T,,,1.0,0.3333333333333333,0.4,0.345679012345679
100016003|F|0-33:A>T-33:A>T,A/T,,,1.0,0.49523809523809526,0.49523809523809526,0.37497732323466043
100016202|F|0-33:A>G-33:A>G,A/G,,,0.9238095238095239,0.005154639175257714,0.010309278350515464,0.010203543559785646
100016748|F|0-33:G>T-33:G>T,G/T,,,1.0,0.03333333333333333,0.047619047619047616,0.062367901234567986
100017224|F|0-33:A>C-33:A>C,A/C,,,0.6095238095238096,0.1171875,0.171875,0.18550347536802292
100017238|F|0-33:G>T-33:G>T,G/T,,,1.0,0.014285714285714285,0.02857142857142857,0.02776668054977082
100017435|F|0-33:T>G-33:T>G,T/G,,,0.9809523809523809,0.3640776699029126,0.4174757281553398,0.355842477812324
100017575|F|0-33:C>A-33:C>A,C/A,,,1.0,0.08095238095238096,0.08571428571428572,0.1377277358713706
100019511|F|0-33:G>A-33:G>A,G/A,,,1.0,0.23333333333333334,0.2761904761904762,0.2937753086419754
100020211|F|0-33:C>A-33:C>A,C/A,,,1.0,0.3619047619047619,0.41904761904761906,0.35520235292907804
100020264|F|0-33:T>A-33:T>A,T/A,,,1.0,0.24761904761904763,0.22857142857142856,0.30318945706778555
100020287|F|0-33:A>G-33:A>G,A/G,,,1.0,0.047619047619047616,0.0761904761904762,0.08658943547184561
100020908|F|0-33:C>G-33:C>G,C/G,,,1.0,0.009523809523809525,0.01904761904761905,0.01868824615258029
100021275|F|0-33:T>A-33:T>A,T/A,,,1.0,0.41904761904761906,0.41904761904761906,0.36836082085139427
100022074|F|0-33:A>G-33:A>G,A/G,Vu04 (old11),2829424.0,1.0,0.009523809523809525,0.01904761904761905,0.01868824615258029
100022668|F|0-33:C>A-33:C>A,C/A,,,0.9238095238095239,0.03608247422680412,0.030927835051546393,0.06714168812689218
100028334|F|0-33:A>C-33:A>C,A/C,,,1.0,0.4380952380952381,0.5523809523809524,0.3711384289467865
100028724|F|0-33:C>T-33:C>T,C/T,,,1.0,0.01904761904761905,0.01904761904761905,0.036671370468066414
100029137|F|0-33:C>A-33:C>A,C/A,,,1.0,0.004761904761904762,0.009523809523809525,0.009433537466384832
100030143|F|0-33:C>T-33:C>T,C/T,,,1.0,0.3238095238095238,0.4380952380952381,0.3420295699837001
100030370|F|0-33:G>A-33:G>A,G/A,,,1.0,0.2,0.2857142857142857,0.2687999999999998
100033115|F|0-33:C>G-33:C>G,C/G,,,1.0,0.4095238095238095,0.49523809523809526,0.3666800396953944
100033424|F|0-33:A>T-33:A>T,A/T,,,0.6476190476190476,0.375,0.1323529411764706,0.35888671875
100033755|F|0-33:T>A-33:T>A,T/A,,,1.0,0.3476190476190476,0.4857142857142857,0.35070171276371465
100034535|F|0-33:A>T-33:A>T,A/T,Vu07 (old2),24245269.0,1.0,0.009523809523809525,0.01904761904761905,0.01868824615258029
100034536|F|0-33:A>C-33:A>C,A/C,Vu02 (old7),2149760.0,1.0,0.02857142857142857,0.05714285714285714,0.0539695127030404
100034727|F|0-33:C>A-33:C>A,C/A,,,0.44761904761904764,0.031914893617021274,0.02127659574468085,0.059883499556630776
100034862|F|0-33:T>C-33:T>C,T/C,,,0.7428571428571429,0.02564102564102564,0.02564102564102564,0.048718770005372905
100035489|F|0-33:C>A-33:C>A,C/A,,,0.9809523809523809,0.12135922330097088,0.20388349514563106,0.19052191492841347
100036033|F|0-33:T>C-33:T>C,T/C,,,1.0,0.05238095238095238,0.10476190476190476,0.0943466755107184
100036086|F|0-33:A>G-33:A>G,A/G,,,1.0,0.44285714285714284,0.5047619047619047,0.37171336942940447
100038931|F|0-33:A>G-33:A>G,A/G,,,1.0,0.014285714285714285,0.02857142857142857,0.02776668054977082
100039052|F|0-33:G>C-33:G>C,G/C,,,1.0,0.009523809523809525,0.01904761904761905,0.01868824615258029
100039138|F|0-33:A>G-33:A>G,A/G,Vu04 (old11),6816983.0,0.9904761904761905,0.052884615384615384,0.08653846153846154,0.09515808368321055
100040406|F|0-33:C>T-33:C>T,C/T,,,0.9523809523809523,0.295,0.39,0.32944279874999993
100041505|F|0-33:C>T-33:C>T,C/T,,,1.0,0.07142857142857142,0.12380952380952381,0.12385464389837572
100041567|F|0-33:A>T-33:A>T,A/T,,,1.0,0.44285714285714284,0.4666666666666667,0.37171336942940447
100041959|F|0-33:T>G-33:T>G,T/G,,,0.9904761904761905,0.1971153846153846,0.22115384615384615,0.2664287884084038
100044355|F|0-33:C>T-33:C>T,C/T,,,1.0,0.009523809523809525,0.01904761904761905,0.01868824615258029
100046561|F|0-33:G>T-33:G>T,G/T,,,1.0,0.009523809523809525,0.01904761904761905,0.01868824615258029
100054560|F|0-33:A>G-33:A>G,A/G,,,0.9904761904761905,0.10576923076923077,0.21153846153846154,0.17127265367874883
100055640|F|0-33:G>T-33:G>T,G/T,,,1.0,0.3523809523809524,0.4380952380952381,0.3522588880147676
100055971|F|0-33:T>C-33:T>C,T/C,,,0.6857142857142857,0.01388888888888884,0.0,0.027016815152987168
100056654|F|0-33:C>T-33:C>T,C/T,,,0.7142857142857143,0.04,0.02666666666666667,0.07385087999999998
100058913|F|0-33:A>C-33:A>C,A/C,,,1.0,0.12380952380952381,0.24761904761904763,0.1934253155835275
100061069|F|0-33:C>T-33:C>T,C/T,,,0.9047619047619048,0.010526315789473717,0.0,0.020614059130915234
100013230|F|0-34:C>A-34:C>A,C/A,,,1.0,0.0380952380952381,0.05714285714285714,0.07060241771689768
100013384|F|0-34:G>A-34:G>A,G/A,,,1.0,0.047619047619047616,0.09523809523809523,0.08658943547184561
100014038|F|0-34:G>C-34:G>C,G/C,,,1.0,0.10476190476190476,0.19047619047619047,0.16998175040235286
100014517|F|0-34:C>T-34:C>T,C/T,,,1.0,0.19047619047619047,0.26666666666666666,0.26083781963276625
100014823|F|0-34:G>A-34:G>A,G/A,,,1.0,0.004761904761904762,0.009523809523809525,0.009433537466384832
100015063|F|0-34:T>C-34:T>C,T/C,,,0.9809523809523809,0.10194174757281553,0.04854368932038835,0.16633658669451007
100015319|F|0-34:T>A-34:T>A,T/A,,,1.0,0.07142857142857142,0.10476190476190476,0.12385464389837572
100015435|F|0-34:C>G-34:C>G,C/G,,,1.0,0.004761904761904762,0.009523809523809525,0.009433537466384832
100015642|F|0-34:T>C-34:T>C,T/C,,,0.45714285714285713,0.09375,0.020833333333333332,0.1554851531982422
100015871|F|0-34:C>A-34:C>A,C/A,,,0.5238095238095238,0.0636363636363636,0.01818181818181818,0.11207238576599951
100015927|F|0-34:C>T-34:C>T,C/T,Vu01 (old4),2363808.0,0.45714285714285713,0.3333333333333333,0.25,0.345679012345679
100016557|F|0-34:A>C-34:A>C,A/C,,,1.0,0.04285714285714286,0.047619047619047616,0.07867546855476872
100016651|F|0-34:T>C-34:T>C,T/C,,,1.0,0.38095238095238093,0.45714285714285713,0.3604259542063235
100016722|F|0-34:C>T-34:C>T,C/T,,,0.9714285714285714,0.27941176470588236,0.20588235294117646,0.321605400887202
100017243|F|0-34:C>G-34:C>G,C/G,,,0.42857142857142855,0.24444444444444444,0.26666666666666666,0.30116092059137334
100017362|F|0-34:C>A-34:C>A,C/A,,,1.0,0.1523809523809524,0.24761904761904763,0.2249568687943809
100017652|F|0-34:G>A-34:G>A,G/A,,,0.9619047619047619,0.0594059405940594,0.09900990099009901,0.1055092993539397
100017653|F|0-34:G>A-34:G>A,G/A,,,1.0,0.1,0.12380952380952381,0.16379999999999995
100017658|F|0-34:T>G-34:T>G,T/G,Vu01 (old4),30643579.0,1.0,0.3619047619047619,0.41904761904761906,0.35520235292907804
100017698|F|0-34:C>A-34:C>A,C/A,,,1.0,0.09047619047619047,0.12380952380952381,0.1510371285626874
100017877|F|0-34:T>G-34:T>G,T/G,,,1.0,0.35714285714285715,0.42857142857142855,0.35375885047896716
100018233|F|0-34:G>A-34:G>A,G/A,Vu05 (old1),1256991.0,0.638095238095238,0.007462686567164179,0.014925373134328358,0.014704262606531873
100018361|F|0-34:C>A-34:C>A,C/A,,,1.0,0.08095238095238096,0.14285714285714285,0.1377277358713706
100018705|F|0-34:T>C-34:T>C,T/C,Vu07 (old2),39159477.0,1.0,0.35714285714285715,0.44761904761904764,0.35375885047896716
100018998|F|0-34:T>C-34:T>C,T/C,,,1.0,0.004761904761904762,0.009523809523809525,0.009433537466384832
100019747|F|0-34:A>T-34:A>T,A/T,,,1.0,0.009523809523809525,0.01904761904761905,0.01868824615258029
100020050|F|0-34:T>G-34:T>G,T/G,,,1.0,0.12857142857142856,0.1619047619047619,0.1989753436068305
100020248|F|0-34:C>A-34:C>A,C/A,,,1.0,0.20476190476190476,0.3333333333333333,0.27263880687573583
100020867|F|0-34:T>C-34:T>C,T/C,,,1.0,0.23333333333333334,0.3523809523809524,0.2937753086419754
100021685|F|0-34:T>A-34:T>A,T/A,Vu06 (old6),22297694.0,1.0,0.24285714285714285,0.3142857142857143,0.3001331945022907
100021781|F|0-34:C>G-34:C>G,C/G,Vu03 (old3),53911744.0,1.0,0.0380952380952381,0.0761904761904762,0.07060241771689768
100022113|F|0-34:G>C-34:G>C,G/C,,,1.0,0.05714285714285714,0.09523809523809523,0.10194952103290292
100029461|F|0-34:G>A-34:G>A,G/A,,,1.0,0.3523809523809524,0.3619047619047619,0.3522588880147676
100029593|F|0-34:A>G-34:A>G,A/G,,,1.0,0.05714285714285714,0.11428571428571428,0.10194952103290292
100030731|F|0-34:T>C-34:T>C,T/C,,,1.0,0.042857142857142816,0.06666666666666667,0.07867546855476873
100033514|F|0-34:C>T-34:C>T,C/T,,,1.0,0.2619047619047619,0.3142857142857143,0.3118832945120603
100033560|F|0-34:A>T-34:A>T,A/T,,,0.819047619047619,0.011627906976744186,0.0,0.022721233262772565
100034798|F|0-34:C>G-34:C>G,C/G,,,0.9904761904761905,0.07692307692307693,0.15384615384615385,0.13192815377612813
100034936|F|0-34:G>C-34:G>C,G/C,,,1.0,0.18571428571428572,0.21904761904761905,0.25671128696376516
100035018|F|0-34:T>A-34:T>A,T/A,,,0.7238095238095238,0.03289473684210526,0.013157894736842105,0.06160125391701084
100035103|F|0-34:C>G-34:C>G,C/G,,,1.0,0.0380952380952381,0.0761904761904762,0.07060241771689768
100035142|F|0-34:G>T-34:G>T,G/T,Vu04 (old11),38602459.0,0.9619047619047619,0.039603960396039604,0.039603960396039604,0.07317757693438064
100035973|F|0-34:C>T-34:C>T,C/T,,,1.0,0.05238095238095238,0.08571428571428572,0.0943466755107184
100036015|F|0-34:G>A-34:G>A,G/A,Vu02 (old7),24184641.0,1.0,0.08571428571428572,0.09523809523809523,0.1444518117451063
100036126|F|0-34:T>C-34:T>C,T/C,,,1.0,0.3047619047619048,0.34285714285714286,0.3339761354579625
100038348|F|0-34:A>G-34:A>G,A/G,,,1.0,0.01904761904761905,0.01904761904761905,0.036671370468066414
100038564|F|0-34:C>T-34:C>T,C/T,,,1.0,0.08571428571428574,0.01904761904761905,0.1444518117451063
100039191|F|0-34:C>A-34:C>A,C/A,,,1.0,0.03333333333333333,0.06666666666666667,0.062367901234567986
100040444|F|0-34:C>A-34:C>A,C/A,Vu02 (old7),25326701.0,1.0,0.1,0.14285714285714285,0.16379999999999995
100041373|F|0-34:A>C-34:A>C,A/C,,,1.0,0.10952380952380952,0.18095238095238095,0.17603313331379425
100042005|F|0-34:A>G-34:A>G,A/G,,,1.0,0.22857142857142856,0.2857142857142857,0.29047097042898795
100043154|F|0-34:C>T-34:C>T,C/T,,,1.0,0.01904761904761905,0.01904761904761905,0.036671370468066414
100043997|F|0-34:A>G-34:A>G,A/G,,,1.0,0.1761904761904762,0.3333333333333333,0.24815925360317972
100046319|F|0-34:T>C-34:T>C,T/C,,,0.9714285714285714,0.14705882352941177,0.19607843137254902,0.21939841476993804
100046321|F|0-34:T>C-34:T>C,T/C,,,1.0,0.43333333333333335,0.5047619047619047,0.3705160493827161
100047059|F|0-34:G>T-34:G>T,G/T,,,0.9904761904761905,0.3317307692307692,0.375,0.34508204030237627
100048973|F|0-34:A>G-34:A>G,A/G,,,0.5619047619047619,0.059322033898305086,0.05084745762711865,0.10537792634881467
100054559|F|0-34:G>C-34:G>C,G/C,,,0.9714285714285714,0.14215686274509803,0.12745098039215685,0.21415380780075852
100058673|F|0-34:G>A-34:G>A,G/A,Vu05 (old1),1696325.0,1.0,0.2571428571428571,0.5142857142857142,0.3090632236568096
100059666|F|0-34:A>T-34:A>T,A/T,,,0.7238095238095238,0.013157894736842146,0.0,0.025632320865401584
100014218|F|0-35:C>T-35:C>T,C/T,,,0.5238095238095238,0.02727272727272727,0.01818181818181818,0.05165028345058388
100015791|F|0-35:G>A-35:G>A,G/A,,,1.0,0.02857142857142857,0.01904761904761905,0.0539695127030404
100016415|F|0-35:A>G-35:A>G,A/G,,,1.0,0.15714285714285714,0.1619047619047619,0.22981249479383598
100016517|F|0-35:T>A-35:T>A,T/A,,,1.0,0.23809523809523808,0.3619047619047619,0.29699559339986953
100016622|F|0-35:T>C-35:T>C,T/C,,,1.0,0.009523809523809525,0.01904761904761905,0.01868824615258029
100016813|F|0-35:C>T-35:C>T,C/T,,,1.0,0.21904761904761905,0.34285714285714286,0.28360453103387984
100016903|F|0-35:A>G-35:A>G,A/G,,,1.0,0.08095238095238096,0.14285714285714285,0.1377277358713706
100016928|F|0-35:C>G-35:C>G,C/G,,,1.0,0.04285714285714286,0.047619047619047616,0.07867546855476872
100017011|F|0-35:C>T-35:C>T,C/T,,,1.0,0.34285714285714286,0.3238095238095238,0.34908654727196997
100017505|F|0-35:A>G-35:A>G,A/G,,,1.0,0.49523809523809526,0.5142857142857142,0.37497732323466043
100017724|F|0-35:T>C-35:T>C,T/C,,,1.0,0.023809523809523808,0.047619047619047616,0.04540482103650237
100018520|F|0-35:A>G-35:A>G,A/G,,,0.9904761904761905,0.08173076923076923,0.10576923076923077,0.13883644083435187
100018711|F|0-35:A>G-35:A>G,A/G,Vu02 (old7),32416848.0,1.0,0.08095238095238096,0.14285714285714285,0.1377277358713706
100019198|F|0-35:G>T-35:G>T,G/T,,,0.9904761904761905,0.1346153846153846,0.15384615384615385,0.20584642300689746
100019259|F|0-35:C>T-35:C>T,C/T,,,0.9619047619047619,0.12376237623762376,0.16831683168316833,0.1933697562341701
100019402|F|0-35:A>C-35:A>C,A/C,,,1.0,0.2857142857142857,0.4,0.3248646397334444
100019709|F|0-35:C>A-35:C>A,C/A,,,0.8761904761904762,0.13043478260869565,0.08695652173913043,0.20111420413734937
100019849|F|0-35:A>C-35:A>C,A/C,,,1.0,0.48095238095238096,0.4666666666666667,0.37463692494382494
100021116|F|0-35:G>A-35:G>A,G/A,,,0.9619047619047619,0.009900990099009901,0.019801980198019802,0.01941372491924195
100021175|F|0-35:C>T-35:C>T,C/T,Vu08 (old5),3754052.0,1.0,0.02857142857142857,0.05714285714285714,0.0539695127030404
100021558|F|0-35:T>A-35:T>A,T/A,,,1.0,0.004761904761904762,0.009523809523809525,0.009433537466384832
100021940|F|0-35:G>A-35:G>A,G/A,,,1.0,0.3238095238095238,0.41904761904761906,0.3420295699837001
100028460|F|0-35:G>A-35:G>A,G/A,,,0.47619047619047616,0.040000000000000036,0.04,0.07385087999999998
100028871|F|0-35:G>C-35:G>C,G/C,,,1.0,0.4666666666666667,0.5714285714285714,0.3738864197530864
100029205|F|0-35:G>T-35:G>T,G/T,Vu03 (old3),5549390.0,1.0,0.014285714285714285,0.02857142857142857,0.02776668054977082
100030027|F|0-35:G>C-35:G>C,G/C,,,1.0,0.004761904761904762,0.009523809523809525,0.009433537466384832
100030137|F|0-35:C>A-35:C>A,C/A,,,1.0,0.10952380952380952,0.18095238095238095,0.17603313331379425
100030713|F|0-35:T>A-35:T>A,T/A,,,1.0,0.1,0.14285714285714285,0.16379999999999995
100030799|F|0-35:T>C-35:T>C,T/C,,,1.0,0.004761904761904762,0.009523809523809525,0.009433537466384832
100032761|F|0-35:G>T-35:G>T,G/T,,,1.0,0.06666666666666667,0.11428571428571428,0.11670123456790114
100033344|F|0-35:C>T-35:C>T,C/T,,,0.8952380952380953,0.07446808510638298,0.0851063829787234,0.12834453215281902
100034111|F|0-35:T>A-35:T>A,T/A,,,1.0,0.03333333333333333,0.047619047619047616,0.062367901234567986
100035060|F|0-35:G>A-35:G>A,G/A,,,0.8095238095238095,0.023529411764705882,0.023529411764705882,0.04489578429377051
100035334|F|0-35:T>C-35:T>C,T/C,,,0.9714285714285714,0.46568627450980393,0.4215686274509804,0.37381979555189865
100035857|F|0-35:G>A-35:G>A,G/A,,,0.8761904761904762,0.02717391304347826,0.03260869565217391,0.05147331256577398
100038635|F|0-35:G>T-35:G>T,G/T,,,0.9809523809523809,0.03883495145631066,0.038834951456310676,0.07186701630527445
100040405|F|0-35:T>A-35:T>A,T/A,,,1.0,0.07142857142857142,0.14285714285714285,0.12385464389837572
100041512|F|0-35:G>A-35:G>A,G/A,,,1.0,0.4857142857142857,0.5333333333333333,0.3747958350687214
100042026|F|0-35:C>T-35:C>T,C/T,,,0.5047619047619047,0.3113207547169812,0.16981132075471697,0.3368654426770687
100044913|F|0-35:T>C-35:T>C,T/C,,,0.9238095238095239,0.0979381443298969,0.15463917525773196,0.16108240362869314
100047378|F|0-35:C>T-35:C>T,C/T,,,1.0,0.1619047619047619,0.26666666666666666,0.23455879391817186
100048974|F|0-35:T>C-35:T>C,T/C,,,0.5333333333333333,0.07142857142857142,0.03571428571428571,0.12385464389837572
100052894|F|0-35:T>G-35:T>G,T/G,,,0.8380952380952381,0.011363636363636364,0.0,0.022216580098268494
100053384|F|0-35:G>A-35:G>A,G/A,,,0.8,0.03571428571428571,0.047619047619047616,0.06650549250312358
100053766|F|0-35:A>T-35:A>T,A/T,,,1.0,0.004761904761904762,0.009523809523809525,0.009433537466384832
100055747|F|0-35:G>C-35:G>C,G/C,,,1.0,0.05238095238095238,0.08571428571428572,0.0943466755107184
100058373|F|0-35:G>T-35:G>T,G/T,,,0.9238095238095239,0.005154639175257732,0.010309278350515464,0.010203543559785646
100058466|F|0-35:C>T-35:C>T,C/T,,,0.9809523809523809,0.33495145631067963,0.2815533980582524,0.34627483169145523
100013340|F|0-36:T>A-36:T>A,T/A,,,1.0,0.43333333333333335,0.4666666666666667,0.3705160493827161
100014423|F|0-36:C>T-36:C>T,C/T,,,1.0,0.1619047619047619,0.24761904761904763,0.23455879391817186
100014515|F|0-36:T>C-36:T>C,T/C,,,1.0,0.3904761904761905,0.47619047619047616,0.36271675279333193
100014587|F|0-36:A>C-36:A>C,A/C,,,1.0,0.11428571428571428,0.13333333333333333,0.18195618492294877
100014994|F|0-36:G>A-36:G>A,G/A,Vu09 (old8),3414321.0,1.0,0.43333333333333335,0.3904761904761905,0.3705160493827161
100015150|F|0-36:T>A-36:T>A,T/A,Vu04 (old11),24229381.0,0.9619047619047619,0.00990099009900991,0.0,0.01941372491924195
100016297|F|0-36:A>G-36:A>G,A/G,,,1.0,0.48571428571428577,0.5142857142857142,0.3747958350687214
100016438|F|0-36:T>C-36:T>C,T/C,,,1.0,0.004761904761904745,0.009523809523809525,0.009433537466384832
100016523|F|0-36:G>T-36:G>T,G/T,Vu03 (old3),39488805.0,1.0,0.2714285714285714,0.4095238095238095,0.31729604331528516
100016736|F|0-36:C>A-36:C>A,C/A,,,1.0,0.014285714285714285,0.02857142857142857,0.02776668054977082
100016967|F|0-36:A>T-36:A>T,A/T,,,0.9904761904761905,0.004807692307692308,0.009615384615384616,0.009523372423757013
100017440|F|0-36:T>C-36:T>C,T/C,Vu01 (old4),2543374.0,1.0,0.047619047619047616,0.0761904761904762,0.08658943547184561
100017507|F|0-36:T>C-36:T>C,T/C,,,1.0,0.29523809523809524,0.38095238095238093,0.32955674230387544
100017532|F|0-36:T>C-36:T>C,T/C,,,0.9619047619047619,0.0049504950495049506,0.009900990099009901,0.009803444587917771
100017562|F|0-36:T>A-36:T>A,T/A,,,1.0,0.2714285714285714,0.2761904761904762,0.31729604331528516
100018771|F|0-36:T>G-36:T>G,T/G,,,1.0,0.37142857142857144,0.38095238095238093,0.35792286547271973
100019249|F|0-36:C>A-36:C>A,C/A,,,1.0,0.46190476190476193,0.580952380952381,0.37354454059779624
100019354|F|0-36:T>C-36:T>C,T/C,,,0.8761904761904762,0.22282608695652173,0.25,0.28637034449640597
100019426|F|0-36:T>C-36:T>C,T/C,,,1.0,0.03333333333333333,0.02857142857142857,0.062367901234567986
100019962|F|0-36:T>C-36:T>C,T/C,,,0.4666666666666667,0.020408163265306145,0.0,0.03918400652511684
100020014|F|0-36:G>C-36:G>C,G/C,,,1.0,0.35714285714285715,0.3904761904761905,0.35375885047896716
100020395|F|0-36:T>C-36:T>C,T/C,,,1.0,0.18571428571428572,0.2761904761904762,0.25671128696376516
100021300|F|0-36:C>T-36:C>T,C/T,,,1.0,0.08095238095238096,0.10476190476190476,0.1377277358713706
100021653|F|0-36:G>A-36:G>A,G/A,,,1.0,0.06666666666666667,0.11428571428571428,0.11670123456790114
100022148|F|0-36:G>C-36:G>C,G/C,,,0.4857142857142857,0.09803921568627451,0.1568627450980392,0.16121620037601242
100022207|F|0-36:A>T-36:A>T,A/T,,,1.0,0.004761904761904762,0.009523809523809525,0.009433537466384832
100029067|F|0-36:A>G-36:A>G,A/G,,,0.7428571428571429,0.00641025641025641,0.01282051282051282,0.012657197519841509
100029276|F|0-36:T>A-36:T>A,T/A,,,1.0,0.01904761904761905,0.01904761904761905,0.036671370468066414
100029336|F|0-36:T>A-36:T>A,T/A,,,1.0,0.0761904761904762,0.05714285714285714,0.1308627413474837
100030808|F|0-36:G>C-36:G>C,G/C,,,1.0,0.16666666666666666,0.21904761904761905,0.23919753086419743
100034189|F|0-36:A>T-36:A>T,A/T,,,1.0,0.17142857142857143,0.26666666666666666,0.2437304456476469
100036042|F|0-36:A>C-36:A>C,A/C,,,1.0,0.01904761904761905,0.0380952380952381,0.036671370468066414
100036149|F|0-36:T>A-36:T>A,T/A,,,1.0,0.05238095238095238,0.06666666666666667,0.0943466755107184
100036170|F|0-36:C>T-36:C>T,C/T,,,0.6761904761904762,0.11971830985915492,0.04225352112676056,0.18855932336786377
100038456|F|0-36:A>C-36:A>C,A/C,,,1.0,0.41904761904761906,0.5142857142857142,0.36836082085139427
100038470|F|0-36:A>G-36:A>G,A/G,,,1.0,0.01904761904761905,0.0380952380952381,0.036671370468066414
100041077|F|0-36:G>C-36:G>C,G/C,Vu08 (old5),3630233.0,1.0,0.047619047619047616,0.0761904761904762,0.08658943547184561
100041553|F|0-36:C>T-36:C>T,C/T,,,0.9904761904761905,0.038461538461538464,0.07692307692307693,0.07122912363012504
100044399|F|0-36:G>A-36:G>A,G/A,,,1.0,0.3476190476190476,0.42857142857142855,0.35070171276371465
100044913|F|0-36:G>T-36:G>T,G/T,,,0.9619047619047619,0.14356435643564355,0.16831683168316833,0.21567207275128603
100045219|F|0-36:C>T-36:C>T,C/T,,,0.8,0.017857142857142856,0.011904761904761904,0.03446134911234904
100045252|F|0-36:A>T-36:A>T,A/T,,,1.0,0.28095238095238095,0.3904761904761905,0.3224136229246044
100046401|F|0-36:T>C-36:T>C,T/C,,,0.6857142857142857,0.01388888888888884,0.0,0.027016815152987168
100049017|F|0-36:G>A-36:G>A,G/A,,,1.0,0.23809523809523808,0.3619047619047619,0.29699559339986953
100049207|F|0-36:A>G-36:A>G,A/G,,,0.7714285714285715,0.037037037037037035,0.04938271604938271,0.06878656332499748
100051054|F|0-36:C>A-36:C>A,C/A,,,0.7714285714285715,0.012345679012345734,0.0,0.02408917510813427
100052563|F|0-36:T>C-36:T>C,T/C,,,1.0,0.22857142857142854,0.3238095238095238,0.29047097042898795
100053633|F|0-36:C>T-36:C>T,C/T,,,1.0,0.01904761904761905,0.0380952380952381,0.036671370468066414
100053764|F|0-36:T>A-36:T>A,T/A,,,1.0,0.004761904761904762,0.009523809523809525,0.009433537466384832
100055972|F|0-36:G>T-36:G>T,G/T,,,0.8476190476190476,0.0056179775280898875,0.011235955056179775,0.01111041562892225
100058466|F|0-36:G>C-36:G>C,G/C,,,0.8,0.011904761904761904,0.0,0.023249338945706757
100058671|F|0-36:C>G-36:C>G,C/G,Vu05 (old1),1696325.0,1.0,0.30952380952380953,0.4095238095238095,0.33608617294234394
100013288|F|0-37:A>T-37:A>T,A/T,,,1.0,0.1619047619047619,0.24761904761904763,0.23455879391817186
100013358|F|0-37:G>A-37:G>A,G/A,,,1.0,0.12857142857142856,0.1619047619047619,0.1989753436068305
100013647|F|0-37:C>A-37:C>A,C/A,,,1.0,0.004761904761904762,0.009523809523809525,0.009433537466384832
100013886|F|0-37:T>A-37:T>A,T/A,,,1.0,0.0761904761904762,0.1523809523809524,0.1308627413474837
100014325|F|0-37:G>A-37:G>A,G/A,,,1.0,0.12380952380952381,0.20952380952380953,0.1934253155835275
100014339|F|0-37:C>G-37:C>G,C/G,,,1.0,0.15714285714285714,0.2571428571428571,0.22981249479383598
100014403|F|0-37:A>G-37:A>G,A/G,,,0.9809523809523809,0.0048543689320388345,0.009708737864077669,0.00961493473338511
100014760|F|0-37:A>T-37:A>T,A/T,,,1.0,0.41904761904761906,0.49523809523809526,0.36836082085139427
100014873|F|0-37:A>T-37:A>T,A/T,,,1.0,0.03333333333333333,0.06666666666666667,0.062367901234567986
100015763|F|0-37:C>T-37:C>T,C/T,Vu01 (old4),7877137.0,1.0,0.07142857142857142,0.10476190476190476,0.12385464389837572
100015778|F|0-37:G>T-37:G>T,G/T,Vu04 (old11),1978178.0,0.9904761904761905,0.47596153846153844,0.4519230769230769,0.3744214845510896
100015820|F|0-37:T>C-37:T>C,T/C,,,1.0,0.42857142857142855,0.5142857142857142,0.36984589754269065
100016246|F|0-37:G>A-37:G>A,G/A,Vu11 (old9),3836358.0,1.0,0.02857142857142857,0.05714285714285714,0.0539695127030404
100016695|F|0-37:G>A-37:G>A,G/A,,,1.0,0.19523809523809524,0.2571428571428571,0.2648668600017482
100017304|F|0-37:T>A-37:T>A,T/A,,,1.0,0.43333333333333335,0.4857142857142857,0.3705160493827161
100017364|F|0-37:C>A-37:C>A,C/A,,,1.0,0.004761904761904762,0.009523809523809525,0.009433537466384832
100017518|F|0-37:T>C-37:T>C,T/C,,,0.9333333333333333,0.01020408163265306,0.0,0.01999589838400321
100018207|F|0-37:G>A-37:G>A,G/A,Vu02 (old7),13833375.0,0.9428571428571428,0.005050505050505051,0.010101010101010102,0.009999493699750063
100018522|F|0-37:G>A-37:G>A,G/A,,,0.5333333333333333,0.03571428571428571,0.03571428571428571,0.06650549250312358
100018774|F|0-37:T>C-37:T>C,T/C,Vu09 (old8),36416429.0,1.0,0.004761904761904762,0.009523809523809525,0.009433537466384832
100019606|F|0-37:A>G-37:A>G,A/G,,,1.0,0.02857142857142857,0.05714285714285714,0.0539695127030404
100019667|F|0-37:A>T-37:A>T,A/T,,,0.819047619047619,0.005813953488372093,0.011627906976744186,0.011493482565232794
100020367|F|0-37:A>T-37:A>T,A/T,,,1.0,0.09523809523809523,0.17142857142857143,0.15748582123703592
100020750|F|0-37:T>C-37:T>C,T/C,Vu09 (old8),38249509.0,1.0,0.34285714285714286,0.3238095238095238,0.34908654727196997
100021460|F|0-37:A>C-37:A>C,A/C,,,0.6666666666666666,0.3357142857142857,0.32857142857142857,0.34655330591420236
100022011|F|0-37:A>G-37:A>G,A/G,,,1.0,0.047619047619047616,0.0761904761904762,0.08658943547184561
100022070|F|0-37:G>C-37:G>C,G/C,,,1.0,0.18571428571428572,0.2761904761904762,0.25671128696376516
100029242|F|0-37:C>T-37:C>T,C/T,,,0.9809523809523809,0.3640776699029126,0.3592233009708738,0.355842477812324
100029907|F|0-37:A>C-37:A>C,A/C,,,1.0,0.02857142857142857,0.05714285714285714,0.0539695127030404
100030822|F|0-37:A>C-37:A>C,A/C,,,1.0,0.014285714285714285,0.02857142857142857,0.02776668054977082
100032856|F|0-37:A>G-37:A>G,A/G,,,1.0,0.19523809523809524,0.37142857142857144,0.2648668600017482
100032857|F|0-37:C>A-37:C>A,C/A,Vu05 (old1),29700622.0,0.9428571428571428,0.4898989898989899,0.45454545454545453,0.3748979487745321
100034247|F|0-37:G>C-37:G>C,G/C,,,1.0,0.44761904761904764,0.4380952380952381,0.37224117934399753
100035257|F|0-37:C>T-37:C>T,C/T,Vu06 (old6),17203082.0,1.0,0.01904761904761905,0.0380952380952381,0.036671370468066414
100035652|F|0-37:T>C-37:T>C,T/C,,,1.0,0.05714285714285714,0.11428571428571428,0.10194952103290292
100035772|F|0-37:G>A-37:G>A,G/A,,,1.0,0.04285714285714286,0.08571428571428572,0.07867546855476872
100035923|F|0-37:C>T-37:C>T,C/T,,,0.47619047619047616,0.03,0.02,0.05650638000000003
100038630|F|0-37:T>G-37:T>G,T/G,,,1.0,0.033333333333333326,0.06666666666666667,0.062367901234567986
100039244|F|0-37:G>C-37:G>C,G/C,,,1.0,0.3476190476190476,0.44761904761904764,0.35070171276371465
100040451|F|0-37:G>A-37:G>A,G/A,,,1.0,0.38095238095238093,0.4,0.3604259542063235
100040569|F|0-37:C>T-37:C>T,C/T,,,1.0,0.06666666666666667,0.13333333333333333,0.11670123456790114
100041156|F|0-37:T>C-37:T>C,T/C,,,1.0,0.1761904761904762,0.29523809523809524,0.24815925360317972
100046319|F|0-37:A>C-37:A>C,A/C,,,0.9619047619047619,0.12376237623762376,0.16831683168316833,0.1933697562341701
100051040|F|0-37:C>T-37:C>T,C/T,,,0.7047619047619048,0.013513513513513487,0.0,0.026306371224243657
100051142|F|0-37:G>C-37:G>C,G/C,,,0.9904761904761905,0.2932692307692308,0.3173076923076923,0.3286093822743837
100053879|F|0-37:G>A-37:G>A,G/A,,,0.8857142857142857,0.08602150537634409,0.043010752688172046,0.14488083522427808
100013676|F|0-38:A>T-38:A>T,A/T,,,1.0,0.004761904761904762,0.009523809523809525,0.009433537466384832
100013936|F|0-38:C>A-38:C>A,C/A,,,1.0,0.28095238095238095,0.3523809523809524,0.3224136229246044
100014500|F|0-38:G>T-38:G>T,G/T,,,1.0,0.009523809523809525,0.01904761904761905,0.01868824615258029
100015014|F|0-38:C>T-38:C>T,C/T,,,1.0,0.05238095238095238,0.06666666666666667,0.0943466755107184
100015067|F|0-38:T>A-38:T>A,T/A,,,0.9904761904761905,0.2692307692307692,0.3269230769230769,0.31607349182451583
100015527|F|0-38:G>A-38:G>A,G/A,,,0.9904761904761905,0.02403846153846154,0.009615384615384616,0.0458204270010215
100015557|F|0-38:C>A-38:C>A,C/A,,,0.5333333333333333,0.05357142857142857,0.03571428571428571,0.09626177081164101
100015585|F|0-38:T>C-38:T>C,T/C,,,1.0,0.35714285714285715,0.5428571428571428,0.35375885047896716
100016174|F|0-38:A>G-38:A>G,A/G,Vu05 (old1),24797674.0,1.0,0.004761904761904762,0.009523809523809525,0.009433537466384832
100016487|F|0-38:G>A-38:G>A,G/A,,,0.9809523809523809,0.0048543689320388345,0.009708737864077669,0.00961493473338511
100016631|F|0-38:C>G-38:C>G,C/G,,,1.0,0.3238095238095238,0.49523809523809526,0.3420295699837001
100016646|F|0-38:G>A-38:G>A,G/A,,,1.0,0.06190476190476191,0.12380952380952381,0.10940027971884139
100016658|F|0-38:T>C-38:T>C,T/C,Vu02 (old7),33337276.0,1.0,0.05714285714285714,0.09523809523809523,0.10194952103290292
100016989|F|0-38:T>G-38:T>G,T/G,,,1.0,0.047619047619047616,0.0761904761904762,0.08658943547184561
100017341|F|0-38:C>A-38:C>A,C/A,,,1.0,0.49047619047619045,0.44761904761904764,0.37490928059810485
100018000|F|0-38:T>A-38:T>A,T/A,,,1.0,0.3476190476190476,0.4666666666666667,0.35070171276371465
100018021|F|0-38:T>G-38:T>G,T/G,Vu03 (old3),5466493.0,1.0,0.023809523809523808,0.047619047619047616,0.04540482103650237
100018085|F|0-38:C>A-38:C>A,C/A,,,0.49523809523809526,0.08653846153846156,0.057692307692307696,0.14560144775108547
100018992|F|0-38:C>A-38:C>A,C/A,Vu01 (old4),29151227.0,1.0,0.01904761904761905,0.01904761904761905,0.036671370468066414
100019055|F|0-38:T>A-38:T>A,T/A,,,1.0,0.19047619047619047,0.3238095238095238,0.26083781963276625
100019852|F|0-38:G>A-38:G>A,G/A,,,1.0,0.4523809523809524,0.4666666666666667,0.3727221425229199
100020878|F|0-38:C>T-38:C>T,C/T,,,1.0,0.2523809523809524,0.3333333333333333,0.30616570153382594
100021166|F|0-38:T>C-38:T>C,T/C,,,1.0,0.3761904761904762,0.44761904761904764,0.35920125770640843
100021240|F|0-38:C>A-38:C>A,C/A,,,1.0,0.0380952380952381,0.05714285714285714,0.07060241771689768
100021294|F|0-38:G>A-38:G>A,G/A,,,1.0,0.44285714285714284,0.4666666666666667,0.37171336942940447
100021509|F|0-38:C>A-38:C>A,C/A,,,1.0,0.05714285714285714,0.05714285714285714,0.10194952103290292
100021624|F|0-38:A>G-38:A>G,A/G,,,0.7714285714285715,0.006172839506172839,0.012345679012345678,0.012194201156459777
100022140|F|0-38:C>A-38:C>A,C/A,,,1.0,0.1619047619047619,0.20952380952380953,0.23455879391817186
100022228|F|0-38:T>C-38:T>C,T/C,Vu03 (old3),4384995.0,1.0,0.2761904761904762,0.34285714285714286,0.3198911400085356
100022356|F|0-38:T>G-38:T>G,T/G,,,0.7714285714285715,0.024691358024691357,0.0,0.04700353367216991
100028702|F|0-38:A>G-38:A>G,A/G,,,1.0,0.4238095238095238,0.4857142857142857,0.36912761555113355
100028947|F|0-38:C>A-38:C>A,C/A,,,1.0,0.06190476190476191,0.10476190476190476,0.10940027971884139
100030288|F|0-38:C>G-38:C>G,C/G,,,1.0,0.22857142857142856,0.34285714285714286,0.29047097042898795
100030491|F|0-38:C>G-38:C>G,C/G,,,0.5619047619047619,0.01694915254237288,0.0,0.03276852113261285
100034526|F|0-38:G>A-38:G>A,G/A,,,1.0,0.19523809523809524,0.29523809523809524,0.2648668600017482
100034680|F|0-38:A>C-38:A>C,A/C,,,1.0,0.10476190476190476,0.19047619047619047,0.16998175040235286
100034883|F|0-38:C>A-38:C>A,C/A,,,1.0,0.02857142857142857,0.0380952380952381,0.0539695127030404
100035171|F|0-38:C>T-38:C>T,C/T,,,1.0,0.2619047619047619,0.3523809523809524,0.3118832945120603
100035179|F|0-38:C>T-38:C>T,C/T,,,1.0,0.047619047619047616,0.09523809523809523,0.08658943547184561
100035283|F|0-38:G>T-38:G>T,G/T,,,1.0,0.32857142857142857,0.42857142857142855,0.34388496459808404
100038927|F|0-38:C>G-38:C>G,C/G,,,1.0,0.2714285714285714,0.4095238095238095,0.31729604331528516
100039051|F|0-38:A>G-38:A>G,A/G,,,1.0,0.0380952380952381,0.0761904761904762,0.07060241771689768
100039148|F|0-38:G>A-38:G>A,G/A,,,1.0,0.4,0.49523809523809526,0.36479999999999996
100039970|F|0-38:T>C-38:T>C,T/C,Vu07 (old2),26241407.0,1.0,0.014285714285714285,0.02857142857142857,0.02776668054977082
100040739|F|0-38:C>T-38:C>T,C/T,,,1.0,0.48571428571428577,0.45714285714285713,0.3747958350687214
100041002|F|0-38:A>G-38:A>G,A/G,,,1.0,0.09523809523809523,0.17142857142857143,0.15748582123703592
100042322|F|0-38:G>T-38:G>T,G/T,Vu03 (old3),38940016.0,0.5714285714285714,0.08333333333333333,0.03333333333333333,0.1411072530864199
100044420|F|0-38:T>A-38:T>A,T/A,,,1.0,0.04285714285714286,0.06666666666666667,0.07867546855476872
100044656|F|0-38:C>T-38:C>T,C/T,,,0.9523809523809523,0.125,0.13,0.19482421875
100050573|F|0-38:T>A-38:T>A,T/A,,,0.6571428571428571,0.02898550724637683,0.028985507246376812,0.05470637404723781
100059453|F|0-38:A>G-38:A>G,A/G,,,0.8,0.44642857142857145,0.34523809523809523,0.37211362941222403
100059554|F|0-38:T>A-38:T>A,T/A,,,0.819047619047619,0.011627906976744207,0.0,0.022721233262772565
100059667|F|0-38:G>T-38:G>T,G/T,,,0.7238095238095238,0.013157894736842146,0.0,0.025632320865401584
100060130|F|0-38:G>A-38:G>A,G/A,,,0.8952380952380953,0.010638297872340385,0.0,0.02082869249034918
100013506|F|0-39:T>C-39:T>C,T/C,,,1.0,0.02857142857142857,0.05714285714285714,0.0539695127030404
100013881|F|0-39:T>A-39:T>A,T/A,,,0.7238095238095238,0.039473684210526314,0.05263157894736842,0.07295585275972404
100013948|F|0-39:A>T-39:A>T,A/T,,,0.9523809523809523,0.03,0.04,0.05650638000000003
100014259|F|0-39:T>A-39:T>A,T/A,,,1.0,0.4095238095238095,0.47619047619047616,0.3666800396953944
100014662|F|0-39:T>C-39:T>C,T/C,,,1.0,0.48571428571428577,0.47619047619047616,0.3747958350687214
100014893|F|0-39:A>G-39:A>G,A/G,Vu09 (old8),2586882.0,1.0,0.03333333333333333,0.047619047619047616,0.062367901234567986
100015188|F|0-39:T>C-39:T>C,T/C,,,1.0,0.1380952380952381,0.21904761904761905,0.2097160123611046
100016506|F|0-39:G>A-39:G>A,G/A,,,0.8571428571428571,0.06666666666666667,0.044444444444444446,0.11670123456790114
100016571|F|0-39:C>T-39:C>T,C/T,,,1.0,0.09047619047619047,0.1619047619047619,0.1510371285626874
100017124|F|0-39:T>A-39:T>A,T/A,,,0.9809523809523809,0.0048543689320388345,0.009708737864077669,0.00961493473338511
100017303|F|0-39:C>A-39:C>A,C/A,Vu01 (old4),33590025.0,1.0,0.03333333333333333,0.047619047619047616,0.062367901234567986
100017336|F|0-39:A>G-39:A>G,A/G,Vu07 (old2),40087974.0,1.0,0.3047619047619048,0.41904761904761906,0.3339761354579625
100018025|F|0-39:C>T-39:C>T,C/T,,,1.0,0.23333333333333334,0.3904761904761905,0.2937753086419754
100020012|F|0-39:A>C-39:A>C,A/C,,,1.0,0.08095238095238096,0.14285714285714285,0.1377277358713706
100020361|F|0-39:G>A-39:G>A,G/A,,,1.0,0.02857142857142857,0.0380952380952381,0.0539695127030404
100020403|F|0-39:T>G-39:T>G,T/G,,,1.0,0.18095238095238095,0.24761904761904763,0.25248564538438206
100021287|F|0-39:T>A-39:T>A,T/A,,,1.0,0.22380952380952382,0.3523809523809524,0.28708118428021245
100021318|F|0-39:G>A-39:G>A,G/A,,,1.0,0.004761904761904762,0.009523809523809525,0.009433537466384832
100022090|F|0-39:G>A-39:G>A,G/A,,,1.0,0.047619047619047616,0.0761904761904762,0.08658943547184561
100022316|F|0-39:A>G-39:A>G,A/G,,,1.0,0.23333333333333334,0.3142857142857143,0.2937753086419754
100029380|F|0-39:A>C-39:A>C,A/C,,,1.0,0.3142857142857143,0.45714285714285713,0.33813111203665136
100030709|F|0-39:T>A-39:T>A,T/A,,,1.0,0.32857142857142857,0.44761904761904764,0.34388496459808404
100032863|F|0-39:G>A-39:G>A,G/A,Vu06 (old6),27244546.0,1.0,0.02857142857142857,0.05714285714285714,0.0539695127030404
100033656|F|0-39:G>A-39:G>A,G/A,,,1.0,0.09523809523809523,0.1523809523809524,0.15748582123703592
100034437|F|0-39:T>A-39:T>A,T/A,,,1.0,0.20952380952380953,0.3238095238095238,0.27638482319609636
100034576|F|0-39:C>T-39:C>T,C/T,,,1.0,0.3380952380952381,0.37142857142857144,0.34741258940462055
100034818|F|0-39:C>A-39:C>A,C/A,,,0.5428571428571428,0.42105263157894735,0.07017543859649122,0.3686896202453941
100034887|F|0-39:C>G-39:C>G,C/G,,,1.0,0.11428571428571428,0.20952380952380953,0.18195618492294877
100035003|F|0-39:A>G-39:A>G,A/G,,,1.0,0.22380952380952382,0.3142857142857143,0.28708118428021245
100035093|F|0-39:T>C-39:T>C,T/C,,,0.7619047619047619,0.0625,0.075,0.110321044921875
100035266|F|0-39:C>T-39:C>T,C/T,,,1.0,0.05714285714285714,0.11428571428571428,0.10194952103290292
100036115|F|0-39:C>T-39:C>T,C/T,,,0.9619047619047619,0.09405940594059406,0.12871287128712872,0.15590221851057443
100036162|F|0-39:G>C-39:G>C,G/C,Vu06 (old6),28264310.0,1.0,0.01904761904761905,0.0380952380952381,0.036671370468066414
100036234|F|0-39:T>G-39:T>G,T/G,,,1.0,0.009523809523809525,0.01904761904761905,0.01868824615258029
100038638|F|0-39:C>T-39:C>T,C/T,Vu03 (old3),10695925.0,0.6476190476190476,0.11764705882352944,0.08823529411764706,0.1860609906490584
100039243|F|0-39:A>G-39:A>G,A/G,,,0.8380952380952381,0.3806818181818182,0.23863636363636365,0.36035779691542047
100043408|F|0-39:C>A-39:C>A,C/A,,,0.9904761904761905,0.0625,0.0673076923076923,0.110321044921875
100043520|F|0-39:C>T-39:C>T,C/T,,,1.0,0.23333333333333334,0.3333333333333333,0.2937753086419754
100044878|F|0-39:G>T-39:G>T,G/T,,,1.0,0.004761904761904762,0.009523809523809525,0.009433537466384832
100044894|F|0-39:G>A-39:G>A,G/A,,,1.0,0.3047619047619048,0.5333333333333333,0.3339761354579625
100046610|F|0-39:T>C-39:T>C,T/C,,,1.0,0.26666666666666666,0.5333333333333333,0.314627160493827
100048542|F|0-39:C>A-39:C>A,C/A,Vu06 (old6),4481310.0,1.0,0.1,0.18095238095238095,0.16379999999999995
100048863|F|0-39:A>G-39:A>G,A/G,,,0.9619047619047619,0.06930693069306931,0.0594059405940594,0.12068556222457773
100055314|F|0-39:T>A-39:T>A,T/A,,,0.7142857142857143,0.046666666666666634,0.04,0.08501925530864203
100057924|F|0-39:G>A-39:G>A,G/A,,,0.6095238095238096,0.0390625,0.015625,0.07225524634122849
100058463|F|0-39:G>T-39:G>T,G/T,,,0.8095238095238095,0.07058823529411765,0.047058823529411764,0.12260289986949387
100014000|F|0-40:A>G-40:A>G,A/G,,,1.0,0.26666666666666666,0.3238095238095238,0.314627160493827
100014268|F|0-40:A>T-40:A>T,A/T,,,0.9904761904761905,0.038461538461538464,0.057692307692307696,0.07122912363012504
100014362|F|0-40:C>A-40:C>A,C/A,,,0.6571428571428571,0.09420289855072464,0.13043478260869565,0.15609544657215174
100014414|F|0-40:G>C-40:G>C,G/C,,,1.0,0.1380952380952381,0.23809523809523808,0.2097160123611046
100014532|F|0-40:A>C-40:A>C,A/C,,,1.0,0.06666666666666667,0.0761904761904762,0.11670123456790114
100015331|F|0-40:A>G-40:A>G,A/G,,,1.0,0.46190476190476193,0.44761904761904764,0.37354454059779624
100016019|F|0-40:A>T-40:A>T,A/T,,,1.0,0.04285714285714286,0.08571428571428572,0.07867546855476872
100016381|F|0-40:C>G-40:C>G,C/G,Vu08 (old5),3031274.0,1.0,0.2571428571428571,0.38095238095238093,0.3090632236568096
100016472|F|0-40:C>G-40:C>G,C/G,,,1.0,0.4666666666666667,0.5333333333333333,0.3738864197530864
100017129|F|0-40:G>A-40:G>A,G/A,,,1.0,0.02857142857142857,0.05714285714285714,0.0539695127030404
100017458|F|0-40:A>G-40:A>G,A/G,,,0.9238095238095239,0.005154639175257732,0.010309278350515464,0.010203543559785646
100017806|F|0-40:A>G-40:A>G,A/G,Vu10 (old10),40484034.0,0.9904761904761905,0.3942307692307692,0.38461538461538464,0.3635625660592678
100018695|F|0-40:A>G-40:A>G,A/G,Vu08 (old5),10283963.0,1.0,0.35714285714285715,0.42857142857142855,0.35375885047896716
100019141|F|0-40:G>A-40:G>A,G/A,,,1.0,0.18571428571428572,0.2,0.25671128696376516
100019757|F|0-40:C>T-40:C>T,C/T,,,0.9904761904761905,0.019230769230769232,0.038461538461538464,0.03701042286684645
100020197|F|0-40:T>C-40:T>C,T/C,,,1.0,0.01904761904761905,0.0380952380952381,0.036671370468066414
100020699|F|0-40:A>G-40:A>G,A/G,,,1.0,0.3619047619047619,0.4,0.35520235292907804
100020907|F|0-40:A>T-40:A>T,A/T,,,1.0,0.14285714285714285,0.17142857142857143,0.21491045397750919
100029384|F|0-40:G>A-40:G>A,G/A,Vu08 (old5),35320540.0,1.0,0.02857142857142857,0.01904761904761905,0.0539695127030404
100030139|F|0-40:A>G-40:A>G,A/G,,,1.0,0.0380952380952381,0.05714285714285714,0.07060241771689768
100032891|F|0-40:A>T-40:A>T,A/T,,,1.0,0.004761904761904762,0.009523809523809525,0.009433537466384832
100033353|F|0-40:C>G-40:C>G,C/G,,,0.9904761904761905,0.028846153846153848,0.038461538461538464,0.054458532149390726
100033630|F|0-40:T>C-40:T>C,T/C,,,1.0,0.4857142857142857,0.47619047619047616,0.3747958350687214
100034728|F|0-40:G>C-40:G>C,G/C,,,1.0,0.2619047619047619,0.3333333333333333,0.3118832945120603
100034756|F|0-40:C>T-40:C>T,C/T,Vu08 (old5),3700533.0,0.9904761904761905,0.04807692307692308,0.057692307692307696,0.08734209715061635
100041314|F|0-40:C>T-40:C>T,C/T,,,1.0,0.46190476190476193,0.4666666666666667,0.37354454059779624
100041416|F|0-40:G>A-40:G>A,G/A,Vu11 (old9),29520903.0,1.0,0.023809523809523808,0.047619047619047616,0.04540482103650237
100041973|F|0-40:T>C-40:T>C,T/C,,,1.0,0.014285714285714285,0.02857142857142857,0.02776668054977082
100046873|F|0-40:T>C-40:T>C,T/C,Vu04 (old11),915373.0,0.8476190476190476,0.05056179775280899,0.07865168539325842,0.09140158661211988
100051661|F|0-40:G>A-40:G>A,G/A,,,0.9523809523809523,0.005,0.01,0.009900498749999903
100052685|F|0-40:G>A-40:G>A,G/A,,,1.0,0.004761904761904762,0.009523809523809525,0.009433537466384832
100055008|F|0-40:C>T-40:C>T,C/T,Vu08 (old5),30742171.0,1.0,0.023809523809523808,0.009523809523809525,0.04540482103650237
100059154|F|0-40:G>A-40:G>A,G/A,,,0.6666666666666666,0.014285714285714235,0.0,0.027766680549770825
100016238|F|0-41:C>A-41:C>A,C/A,,,1.0,0.5,0.44761904761904764,0.375
100016587|F|0-41:C>T-41:C>T,C/T,Vu03 (old3),57417157.0,1.0,0.2857142857142857,0.38095238095238093,0.3248646397334444
100016627|F|0-41:T>C-41:T>C,T/C,,,0.9809523809523809,0.10679611650485436,0.11650485436893204,0.1725826384246604
100016704|F|0-41:C>T-41:C>T,C/T,,,1.0,0.38571428571428573,0.3904761904761905,0.3615975843398583
100017187|F|0-41:T>C-41:T>C,T/C,,,1.0,0.23809523809523808,0.34285714285714286,0.29699559339986953
100017422|F|0-41:T>A-41:T>A,T/A,,,1.0,0.12380952380952381,0.22857142857142856,0.1934253155835275
100017523|F|0-41:C>T-41:C>T,C/T,,,1.0,0.49047619047619045,0.5238095238095238,0.37490928059810485
100017843|F|0-41:T>C-41:T>C,T/C,,,1.0,0.44761904761904764,0.4,0.37224117934399753
100018223|F|0-41:G>A-41:G>A,G/A,Vu09 (old8),16423359.0,1.0,0.21904761904761905,0.3047619047619048,0.28360453103387984
100018797|F|0-41:C>G-41:C>G,C/G,,,1.0,0.21904761904761905,0.26666666666666666,0.28360453103387984
100019221|F|0-41:C>T-41:C>T,C/T,,,1.0,0.047619047619047616,0.0761904761904762,0.08658943547184561
100019864|F|0-41:A>G-41:A>G,A/G,,,1.0,0.1619047619047619,0.2857142857142857,0.23455879391817186
100019925|F|0-41:C>T-41:C>T,C/T,,,0.9428571428571428,0.020202020202020204,0.020202020202020204,0.038804200321423385
100019968|F|0-41:C>A-41:C>A,C/A,,,1.0,0.02857142857142857,0.0380952380952381,0.0539695127030404
100020153|F|0-41:C>T-41:C>T,C/T,,,1.0,0.2857142857142857,0.5714285714285714,0.3248646397334444
100020177|F|0-41:C>G-41:C>G,C/G,,,1.0,0.23809523809523808,0.34285714285714286,0.29699559339986953
100020235|F|0-41:G>A-41:G>A,G/A,,,1.0,0.047619047619047616,0.0761904761904762,0.08658943547184561
100020710|F|0-41:C>A-41:C>A,C/A,,,1.0,0.07142857142857142,0.12380952380952381,0.12385464389837572
100020752|F|0-41:T>G-41:T>G,T/G,,,1.0,0.4523809523809524,0.5428571428571428,0.3727221425229199
100021403|F|0-41:C>T-41:C>T,C/T,,,0.5333333333333333,0.15178571428571427,0.16071428571428573,0.22434213964803085
100021703|F|0-41:T>C-41:T>C,T/C,Vu07 (old2),38780837.0,1.0,0.24285714285714285,0.4095238095238095,0.3001331945022907
100029046|F|0-41:G>A-41:G>A,G/A,,,0.6285714285714286,0.2727272727272727,0.24242424242424243,0.3180110648179769
100032979|F|0-41:C>A-41:C>A,C/A,,,0.7523809523809524,0.1708860759493671,0.08860759493670886,0.24321932411385735
100033142|F|0-41:A>C-41:A>C,A/C,,,0.9714285714285714,0.4362745098039216,0.3627450980392157,0.37090607946275356
100033253|F|0-41:A>G-41:A>G,A/G,,,1.0,0.32857142857142857,0.4095238095238095,0.34388496459808404
100033672|F|0-41:T>A-41:T>A,T/A,Vu02 (old7),6408415.0,1.0,0.10952380952380952,0.2,0.17603313331379425
100033896|F|0-41:A>G-41:A>G,A/G,,,0.9047619047619048,0.49473684210526314,0.3157894736842105,0.37497229763430295
100034782|F|0-41:G>A-41:G>A,G/A,,,0.9238095238095239,0.061855670103092786,0.10309278350515463,0.10932423589885466
100035115|F|0-41:C>T-41:C>T,C/T,,,1.0,0.03333333333333333,0.06666666666666667,0.062367901234567986
100036101|F|0-41:G>C-41:G>C,G/C,,,1.0,0.44285714285714284,0.5619047619047619,0.37171336942940447
100038507|F|0-41:T>A-41:T>A,T/A,,,1.0,0.04285714285714286,0.08571428571428572,0.07867546855476872
100038715|F|0-41:T>A-41:T>A,T/A,,,1.0,0.44761904761904764,0.47619047619047616,0.37224117934399753
100040081|F|0-41:C>A-41:C>A,C/A,,,0.7333333333333333,0.17532467532467533,0.11688311688311688,0.24736168273464582
100040372|F|0-41:A>T-41:A>T,A/T,,,0.9428571428571428,0.05555555555555555,0.0707070707070707,0.0994322511812224
100041311|F|0-41:A>G-41:A>G,A/G,,,0.9904761904761905,0.3557692307692308,0.4423076923076923,0.35333199596368303
100041804|F|0-41:G>A-41:G>A,G/A,,,0.9238095238095239,0.3556701030927835,0.4020618556701031,0.35330100980939866
100043186|F|0-41:T>C-41:T>C,T/C,,,1.0,0.37142857142857144,0.5142857142857142,0.35792286547271973
100043219|F|0-41:C>T-41:C>T,C/T,,,1.0,0.30952380952380953,0.6190476190476191,0.33608617294234394
100043228|F|0-41:G>A-41:G>A,G/A,,,1.0,0.3238095238095238,0.45714285714285713,0.3420295699837001
100044919|F|0-41:G>A-41:G>A,G/A,,,1.0,0.2761904761904762,0.3238095238095238,0.3198911400085356
100046913|F|0-41:A>T-41:A>T,A/T,,,1.0,0.49523809523809526,0.47619047619047616,0.37497732323466043
100047059|F|0-41:T>G-41:T>G,T/G,,,0.8857142857142857,0.026881720430107527,0.010752688172043012,0.050949590724313265
100051143|F|0-41:A>G-41:A>G,A/G,,,1.0,0.42380952380952386,0.5238095238095238,0.3691276155511335
100052829|F|0-41:A>T-41:A>T,A/T,,,1.0,0.06190476190476191,0.10476190476190476,0.10940027971884139
100056034|F|0-41:G>T-41:G>T,G/T,,,1.0,0.46190476190476193,0.5428571428571428,0.37354454059779624
100058463|F|0-41:T>C-41:T>C,T/C,,,0.7714285714285715,0.030864197530864196,0.06172839506172839,0.05803379019275364
100013459|F|0-42:G>A-42:G>A,G/A,,,1.0,0.06666666666666667,0.11428571428571428,0.11670123456790114
100014277|F|0-42:G>C-42:G>C,G/C,,,1.0,0.01904761904761905,0.01904761904761905,0.036671370468066414
100014348|F|0-42:C>G-42:C>G,C/G,,,1.0,0.10952380952380952,0.1619047619047619,0.17603313331379425
100015037|F|0-42:A>T-42:A>T,A/T,,,1.0,0.004761904761904762,0.009523809523809525,0.009433537466384832
100015729|F|0-42:C>A-42:C>A,C/A,Vu08 (old5),34737627.0,1.0,0.45714285714285713,0.45714285714285713,0.373156518117451
100015913|F|0-42:T>A-42:T>A,T/A,,,0.9809523809523809,0.1262135922330097,0.1553398058252427,0.19624244433946259
100015960|F|0-42:A>C-42:A>C,A/C,,,0.7142857142857143,0.44666666666666666,0.3333333333333333,0.37213937382716056
100015991|F|0-42:T>C-42:T>C,T/C,,,1.0,0.2857142857142857,0.26666666666666666,0.3248646397334444
100016318|F|0-42:A>T-42:A>T,A/T,,,1.0,0.49523809523809526,0.5714285714285714,0.37497732323466043
100016696|F|0-42:C>T-42:C>T,C/T,,,1.0,0.014285714285714285,0.009523809523809525,0.02776668054977082
100016958|F|0-42:A>C-42:A>C,A/C,Vu07 (old2),37949483.0,1.0,0.014285714285714285,0.02857142857142857,0.02776668054977082
100017831|F|0-42:G>A-42:G>A,G/A,,,1.0,0.009523809523809525,0.01904761904761905,0.01868824615258029
100019034|F|0-42:T>A-42:T>A,T/A,,,1.0,0.02857142857142857,0.05714285714285714,0.0539695127030404
100019939|F|0-42:C>T-42:C>T,C/T,,,1.0,0.10952380952380952,0.2,0.17603313331379425
100020007|F|0-42:G>A-42:G>A,G/A,,,1.0,0.004761904761904762,0.009523809523809525,0.009433537466384832
100020306|F|0-42:T>C-42:T>C,T/C,,,0.9809523809523809,0.0048543689320388345,0.009708737864077669,0.00961493473338511
100020363|F|0-42:C>T-42:C>T,C/T,,,1.0,0.05238095238095238,0.06666666666666667,0.0943466755107184
100020543|F|0-42:G>T-42:G>T,G/T,,,1.0,0.014285714285714235,0.009523809523809525,0.027766680549770825
100020677|F|0-42:G>T-42:G>T,G/T,,,1.0,0.16666666666666666,0.23809523809523808,0.23919753086419743
100020795|F|0-42:T>C-42:T>C,T/C,,,1.0,0.19523809523809524,0.29523809523809524,0.2648668600017482
100020803|F|0-42:G>T-42:G>T,G/T,,,0.9238095238095239,0.061855670103092786,0.08247422680412371,0.10932423589885466
100021117|F|0-42:G>C-42:G>C,G/C,,,1.0,0.01904761904761905,0.0380952380952381,0.036671370468066414
100021118|F|0-42:G>C-42:G>C,G/C,,,1.0,0.01904761904761905,0.0380952380952381,0.036671370468066414
100022048|F|0-42:C>T-42:C>T,C/T,,,1.0,0.014285714285714285,0.009523809523809525,0.02776668054977082
100029259|F|0-42:A>G-42:A>G,A/G,,,1.0,0.13333333333333333,0.22857142857142856,0.20440493827160486
100029744|F|0-42:T>C-42:T>C,T/C,,,1.0,0.0380952380952381,0.0761904761904762,0.07060241771689768
100030378|F|0-42:C>T-42:C>T,C/T,,,1.0,0.03333333333333333,0.047619047619047616,0.062367901234567986
100030729|F|0-42:A>C-42:A>C,A/C,,,0.6095238095238096,0.0078125,0.015625,0.015382759273052216
100034813|F|0-42:T>C-42:T>C,T/C,,,0.9523809523809523,0.045,0.09,0.08225629874999997
100035073|F|0-42:G>T-42:G>T,G/T,,,1.0,0.009523809523809525,0.01904761904761905,0.01868824615258029
100035278|F|0-42:T>G-42:T>G,T/G,,,0.5333333333333333,0.08035714285714286,0.125,0.13687736260200842
100040372|F|0-42:A>T-42:A>T,A/T,,,0.9904761904761905,0.23076923076923078,0.3269230769230769,0.292006582402577
100040746|F|0-42:G>A-42:G>A,G/A,Vu07 (old2),31266697.0,1.0,0.4380952380952381,0.4380952380952381,0.3711384289467865
100041652|F|0-42:T>C-42:T>C,T/C,,,1.0,0.34285714285714286,0.6857142857142857,0.34908654727196997
100041924|F|0-42:C>T-42:C>T,C/T,,,1.0,0.34285714285714286,0.47619047619047616,0.34908654727196997
100043188|F|0-42:C>T-42:C>T,C/T,,,1.0,0.36666666666666664,0.44761904761904764,0.35659012345679014
100043511|F|0-42:G>T-42:G>T,G/T,,,1.0,0.0380952380952381,0.0380952380952381,0.07060241771689768
100043909|F|0-42:T>A-42:T>A,T/A,,,0.6095238095238096,0.015625,0.0,0.03028857707977295
100045027|F|0-42:C>G-42:C>G,C/G,,,0.9904761904761905,0.23076923076923078,0.36538461538461536,0.292006582402577
100045148|F|0-42:T>C-42:T>C,T/C,,,0.9809523809523809,0.1796116504854369,0.22330097087378642,0.2512777965283097
100060051|F|0-42:G>A-42:G>A,G/A,,,1.0,0.29523809523809524,0.41904761904761906,0.32955674230387544
100061224|F|0-42:A>G-42:A>G,A/G,,,0.5333333333333333,0.2767857142857143,0.05357142857142857,0.3202103976655235
100013365|F|0-43:A>T-43:A>T,A/T,,,1.0,0.004761904761904762,0.009523809523809525,0.009433537466384832
100013387|F|0-43:C>G-43:C>G,C/G,,,1.0,0.319047619047619,0.37142857142857144,0.3401119276433173
100014346|F|0-43:T>C-43:T>C,T/C,Vu08 (old5),21386181.0,1.0,0.09047619047619047,0.14285714285714285,0.1510371285626874
100015327|F|0-43:T>G-43:T>G,T/G,Vu05 (old1),38169638.0,1.0,0.24761904761904763,0.3047619047619048,0.30318945706778555
100016066|F|0-43:G>C-43:G>C,G/C,,,1.0,0.03333333333333333,0.06666666666666667,0.062367901234567986
100016098|F|0-43:C>A-43:C>A,C/A,,,1.0,0.09523809523809523,0.1523809523809524,0.15748582123703592
100016982|F|0-43:C>A-43:C>A,C/A,,,1.0,0.10952380952380952,0.2,0.17603313331379425
100017164|F|0-43:A>G-43:A>G,A/G,,,0.9523809523809523,0.015000000000000013,0.01,0.029113398749999964
100017169|F|0-43:G>A-43:G>A,G/A,,,0.9714285714285714,0.0196078431372549,0.0196078431372549,0.03770767490869825
100019238|F|0-43:A>C-43:A>C,A/C,,,1.0,0.02857142857142857,0.05714285714285714,0.0539695127030404
100019508|F|0-43:G>A-43:G>A,G/A,,,1.0,0.023809523809523808,0.02857142857142857,0.04540482103650237
100020079|F|0-43:T>G-43:T>G,T/G,,,1.0,0.004761904761904762,0.009523809523809525,0.009433537466384832
100020434|F|0-43:G>A-43:G>A,G/A,,,1.0,0.1,0.1619047619047619,0.16379999999999995
100020673|F|0-43:T>A-43:T>A,T/A,,,1.0,0.07142857142857142,0.12380952380952381,0.12385464389837572
100021822|F|0-43:C>T-43:C>T,C/T,,,1.0,0.004761904761904762,0.009523809523809525,0.009433537466384832
100021907|F|0-43:G>A-43:G>A,G/A,,,1.0,0.004761904761904762,0.009523809523809525,0.009433537466384832
100028464|F|0-43:A>G-43:A>G,A/G,,,1.0,0.01904761904761905,0.0380952380952381,0.036671370468066414
100029329|F|0-43:G>A-43:G>A,G/A,,,1.0,0.09047619047619047,0.12380952380952381,0.1510371285626874
100030496|F|0-43:C>T-43:C>T,C/T,Vu04 (old11),6755712.0,1.0,0.04285714285714286,0.06666666666666667,0.07867546855476872
100032792|F|0-43:C>A-43:C>A,C/A,,,0.9904761904761905,0.009615384615384616,0.019230769230769232,0.018864485634912918
100032852|F|0-43:C>T-43:C>T,C/T,,,1.0,0.16666666666666666,0.2761904761904762,0.23919753086419743
100033165|F|0-43:A>G-43:A>G,A/G,,,1.0,0.047619047619047616,0.09523809523809523,0.08658943547184561
100033949|F|0-43:T>C-43:T>C,T/C,,,1.0,0.47619047619047616,0.47619047619047616,0.37443246383965534
100034427|F|0-43:T>A-43:T>A,T/A,,,1.0,0.4,0.8,0.36479999999999996
100034543|F|0-43:G>A-43:G>A,G/A,,,0.9904761904761905,0.004807692307692308,0.009615384615384616,0.009523372423757013
100034693|F|0-43:T>G-43:T>G,T/G,,,1.0,0.014285714285714285,0.02857142857142857,0.02776668054977082
100035246|F|0-43:C>A-43:C>A,C/A,,,1.0,0.4904761904761905,0.4666666666666667,0.3749092805981047
100035304|F|0-43:G>A-43:G>A,G/A,,,1.0,0.08571428571428572,0.13333333333333333,0.1444518117451063
100035432|F|0-43:C>G-43:C>G,C/G,Vu08 (old5),28166464.0,1.0,0.014285714285714285,0.02857142857142857,0.02776668054977082
100035725|F|0-43:G>A-43:G>A,G/A,Vu08 (old5),1543416.0,0.9809523809523809,0.019417475728155338,0.038834951456310676,0.03735579821894053
100035907|F|0-43:C>G-43:C>G,C/G,,,1.0,0.0380952380952381,0.05714285714285714,0.07060241771689768
100035956|F|0-43:T>G-43:T>G,T/G,,,0.9142857142857143,0.020833333333333332,0.020833333333333332,0.03996634777681332
100038321|F|0-43:A>C-43:A>C,A/C,,,0.8857142857142857,0.048387096774193505,0.053763440860215055,0.08785114252951465
100041682|F|0-43:T>C-43:T>C,T/C,,,1.0,0.07142857142857142,0.08571428571428572,0.12385464389837572
100041762|F|0-43:C>T-43:C>T,C/T,Vu11 (old9),27828984.0,0.6952380952380952,0.0136986301369863,0.0,0.026656862303549075
100043410|F|0-43:T>A-43:T>A,T/A,,,1.0,0.3380952380952381,0.4095238095238095,0.34741258940462055
100043936|F|0-43:A>C-43:A>C,A/C,,,0.9333333333333333,0.030612244897959183,0.02040816326530612,0.05758904340323283
100044452|F|0-43:C>T-43:C>T,C/T,Vu05 (old1),1696325.0,1.0,0.0761904761904762,0.1523809523809524,0.1308627413474837
100045128|F|0-43:A>C-43:A>C,A/C,,,0.4666666666666667,0.11224489795918367,0.02040816326530612,0.17943331868697643
100045519|F|0-43:G>C-43:G>C,G/C,,,0.49523809523809526,0.028846153846153848,0.019230769230769232,0.054458532149390726
100047216|F|0-43:T>C-43:T>C,T/C,,,1.0,0.07142857142857142,0.14285714285714285,0.12385464389837572
100048091|F|0-43:A>T-43:A>T,A/T,,,1.0,0.42857142857142855,0.6095238095238096,0.36984589754269065
100051037|F|0-43:C>T-43:C>T,C/T,,,1.0,0.13333333333333333,0.20952380952380953,0.20440493827160486
100058466|F|0-43:T>C-43:T>C,T/C,,,0.9904761904761905,0.4471153846153846,0.7019230769230769,0.3721875734704202
100058872|F|0-43:A>G-43:A>G,A/G,,,0.9238095238095239,0.005154639175257732,0.010309278350515464,0.010203543559785646
100060770|F|0-43:A>G-43:A>G,A/G,,,0.7523809523809524,0.006329113924050667,0.012658227848101266,0.012499008025169562
100013045|F|0-44:C>T-44:C>T,C/T,,,1.0,0.11428571428571428,0.20952380952380953,0.18195618492294877
100013210|F|0-44:C>T-44:C>T,C/T,,,1.0,0.19523809523809524,0.3142857142857143,0.2648668600017482
100013433|F|0-44:A>G-44:A>G,A/G,,,1.0,0.07142857142857142,0.12380952380952381,0.12385464389837572
100013537|F|0-44:C>G-44:C>G,C/G,,,1.0,0.22857142857142856,0.3619047619047619,0.29047097042898795
100013576|F|0-44:C>T-44:C>T,C/T,,,1.0,0.004761904761904762,0.009523809523809525,0.009433537466384832
100013834|F|0-44:C>T-44:C>T,C/T,,,1.0,0.02857142857142857,0.0380952380952381,0.0539695127030404
100014087|F|0-44:G>T-44:G>T,G/T,,,1.0,0.004761904761904762,0.009523809523809525,0.009433537466384832
100014340|F|0-44:A>G-44:A>G,A/G,,,1.0,0.07142857142857142,0.12380952380952381,0.12385464389837572
100014350|F|0-44:T>C-44:T>C,T/C,,,0.9714285714285714,0.00980392156862745,0.0196078431372549,0.01922712643718924
100014467|F|0-44:T>A-44:T>A,T/A,,,1.0,0.06666666666666667,0.0761904761904762,0.11670123456790114
100015430|F|0-44:A>G-44:A>G,A/G,,,1.0,0.004761904761904762,0.009523809523809525,0.009433537466384832
100016802|F|0-44:C>T-44:C>T,C/T,Vu10 (old10),34313939.0,1.0,0.014285714285714285,0.02857142857142857,0.02776668054977082
100017151|F|0-44:A>G-44:A>G,A/G,Vu11 (old9),1046830.0,1.0,0.04285714285714286,0.08571428571428572,0.07867546855476872
100017495|F|0-44:T>G-44:T>G,T/G,,,0.6,0.07936507936507936,0.09523809523809523,0.13545516934879717
100017600|F|0-44:G>A-44:G>A,G/A,Vu08 (old5),34751666.0,1.0,0.07619047619047614,0.11428571428571428,0.1308627413474837
100018572|F|0-44:T>A-44:T>A,T/A,,,1.0,0.1,0.14285714285714285,0.16379999999999995
100018573|F|0-44:G>C-44:G>C,G/C,,,1.0,0.09523809523809523,0.1523809523809524,0.15748582123703592
100018796|F|0-44:C>T-44:C>T,C/T,,,1.0,0.02857142857142857,0.05714285714285714,0.0539695127030404
100020053|F|0-44:G>A-44:G>A,G/A,,,1.0,0.22380952380952382,0.3333333333333333,0.28708118428021245
100020114|F|0-44:C>A-44:C>A,C/A,,,0.5333333333333333,0.03571428571428571,0.03571428571428571,0.06650549250312358
100021278|F|0-44:C>G-44:C>G,C/G,Vu09 (old8),41151722.0,0.9904761904761905,0.09615384615384616,0.09615384615384616,0.15871046838346003
100021872|F|0-44:C>T-44:C>T,C/T,,,1.0,0.02857142857142857,0.05714285714285714,0.0539695127030404
100022081|F|0-44:A>C-44:A>C,A/C,,,1.0,0.3380952380952381,0.42857142857142855,0.34741258940462055
100028625|F|0-44:A>G-44:A>G,A/G,,,1.0,0.047619047619047616,0.05714285714285714,0.08658943547184561
100028979|F|0-44:A>C-44:A>C,A/C,,,0.7142857142857143,0.05333333333333334,0.08,0.09587952197530869
100029409|F|0-44:A>G-44:A>G,A/G,,,1.0,0.06666666666666667,0.13333333333333333,0.11670123456790114
100029523|F|0-44:T>G-44:T>G,T/G,,,1.0,0.05238095238095238,0.10476190476190476,0.0943466755107184
100029604|F|0-44:C>T-44:C>T,C/T,Vu10 (old10),30061038.0,1.0,0.014285714285714285,0.02857142857142857,0.02776668054977082
100029801|F|0-44:C>T-44:C>T,C/T,,,1.0,0.37142857142857144,0.47619047619047616,0.35792286547271973
100030247|F|0-44:T>A-44:T>A,T/A,,,1.0,0.014285714285714285,0.02857142857142857,0.02776668054977082
100034081|F|0-44:G>A-44:G>A,G/A,,,0.6476190476190476,0.04411764705882353,0.0,0.08078572679326156
100034920|F|0-44:G>C-44:G>C,G/C,,,1.0,0.10952380952380952,0.18095238095238095,0.17603313331379425
100035033|F|0-44:G>T-44:G>T,G/T,,,1.0,0.03333333333333333,0.047619047619047616,0.062367901234567986
100035819|F|0-44:C>T-44:C>T,C/T,,,1.0,0.13333333333333333,0.17142857142857143,0.20440493827160486
100035931|F|0-44:G>C-44:G>C,G/C,,,1.0,0.36666666666666664,0.4095238095238095,0.35659012345679014
100038393|F|0-44:G>A-44:G>A,G/A,Vu09 (old8),37413218.0,1.0,0.3,0.3523809523809524,0.33180000000000004
100040243|F|0-44:T>G-44:T>G,T/G,,,1.0,0.3761904761904762,0.44761904761904764,0.35920125770640843
100040964|F|0-44:G>T-44:G>T,G/T,,,0.7904761904761904,0.006024096385542169,0.012048192771084338,0.011903905639645237
100041190|F|0-44:T>A-44:T>A,T/A,,,1.0,0.004761904761904762,0.009523809523809525,0.009433537466384832
100041814|F|0-44:C>T-44:C>T,C/T,,,0.5142857142857142,0.3425925925925926,0.3148148148148148,0.34899509952657015
100047334|F|0-44:C>G-44:C>G,C/G,,,0.9809523809523809,0.0048543689320388345,0.009708737864077669,0.00961493473338511
100049136|F|0-44:T>A-44:T>A,T/A,,,0.9047619047619048,0.005263157894736842,0.010526315789473684,0.010416094106092016
100051719|F|0-44:C>T-44:C>T,C/T,,,1.0,0.49047619047619045,0.5238095238095238,0.37490928059810485
100053868|F|0-44:C>T-44:C>T,C/T,,,0.7428571428571429,0.012820512820512775,0.0,0.02499193841554631
100055572|F|0-44:G>T-44:G>T,G/T,,,0.7238095238095238,0.013157894736842105,0.0,0.025632320865401587
100057774|F|0-44:T>A-44:T>A,T/A,,,1.0,0.03333333333333333,0.06666666666666667,0.062367901234567986
100059437|F|0-44:G>C-44:G>C,G/C,,,1.0,0.30952380952380953,0.6190476190476191,0.33608617294234394
100012983|F|0-45:A>T-45:A>T,A/T,,,1.0,0.09523809523809523,0.13333333333333333,0.15748582123703592
100013996|F|0-45:C>T-45:C>T,C/T,Vu06 (old6),24104002.0,0.9619047619047619,0.15841584158415845,0.21782178217821782,0.2310919405355742
100014251|F|0-45:T>C-45:T>C,T/C,,,1.0,0.02857142857142857,0.05714285714285714,0.0539695127030404
100014708|F|0-45:A>T-45:A>T,A/T,,,1.0,0.42857142857142855,0.45714285714285713,0.36984589754269065
100014950|F|0-45:G>A-45:G>A,G/A,,,1.0,0.18095238095238095,0.3047619047619048,0.25248564538438206
100014991|F|0-45:T>G-45:T>G,T/G,,,1.0,0.0761904761904762,0.09523809523809523,0.1308627413474837
100015370|F|0-45:C>T-45:C>T,C/T,Vu06 (old6),29854679.0,1.0,0.1,0.18095238095238095,0.16379999999999995
100015846|F|0-45:G>T-45:G>T,G/T,Vu07 (old2),7540868.0,1.0,0.05714285714285714,0.0761904761904762,0.10194952103290292
100016007|F|0-45:T>G-45:T>G,T/G,,,1.0,0.004761904761904762,0.009523809523809525,0.009433537466384832
100016128|F|0-45:A>G-45:A>G,A/G,,,1.0,0.0380952380952381,0.0761904761904762,0.07060241771689768
100016677|F|0-45:G>A-45:G>A,G/A,,,1.0,0.21904761904761905,0.3619047619047619,0.28360453103387984
100017240|F|0-45:G>A-45:G>A,G/A,,,1.0,0.023809523809523808,0.047619047619047616,0.04540482103650237
100017299|F|0-45:A>C-45:A>C,A/C,,,0.9809523809523809,0.009708737864077666,0.019417475728155338,0.019044080161398316
100017457|F|0-45:G>A-45:G>A,G/A,,,0.7142857142857143,0.00666666666666671,0.013333333333333334,0.013156736790123625
100017673|F|0-45:C>G-45:C>G,C/G,Vu03 (old3),11805721.0,1.0,0.009523809523809525,0.0,0.01868824615258029
100017786|F|0-45:T>A-45:T>A,T/A,Vu06 (old6),21774022.0,0.9904761904761905,0.004807692307692308,0.009615384615384616,0.009523372423757013
100017979|F|0-45:T>A-45:T>A,T/A,,,1.0,0.03333333333333333,0.06666666666666667,0.062367901234567986
100018445|F|0-45:A>G-45:A>G,A/G,,,1.0,0.3952380952380952,0.44761904761904764,0.363784039571989
100019084|F|0-45:G>A-45:G>A,G/A,Vu03 (old3),53378719.0,1.0,0.047619047619047616,0.0761904761904762,0.08658943547184561
100019228|F|0-45:G>T-45:G>T,G/T,,,1.0,0.014285714285714285,0.02857142857142857,0.02776668054977082
100020037|F|0-45:A>T-45:A>T,A/T,,,0.5523809523809524,0.08620689655172414,0.06896551724137931,0.14513944952571897
100020487|F|0-45:C>T-45:C>T,C/T,,,1.0,0.014285714285714285,0.02857142857142857,0.02776668054977082
100021000|F|0-45:T>G-45:T>G,T/G,Vu09 (old8),572373.0,1.0,0.03333333333333333,0.06666666666666667,0.062367901234567986
100021331|F|0-45:C>T-45:C>T,C/T,Vu05 (old1),11263260.0,1.0,0.04285714285714286,0.06666666666666667,0.07867546855476872
100021976|F|0-45:G>T-45:G>T,G/T,Vu03 (old3),39579461.0,1.0,0.02857142857142857,0.0380952380952381,0.0539695127030404
100029747|F|0-45:G>A-45:G>A,G/A,,,1.0,0.20476190476190476,0.3142857142857143,0.27263880687573583
100032980|F|0-45:T>A-45:T>A,T/A,,,1.0,0.5,0.5619047619047619,0.375
100033324|F|0-45:A>T-45:A>T,A/T,,,0.9904761904761905,0.08173076923076923,0.16346153846153846,0.13883644083435187
100034109|F|0-45:G>A-45:G>A,G/A,,,1.0,0.4,0.41904761904761906,0.36479999999999996
100034834|F|0-45:G>A-45:G>A,G/A,,,1.0,0.12857142857142856,0.2,0.1989753436068305
100035988|F|0-45:C>A-45:C>A,C/A,,,1.0,0.22857142857142856,0.3238095238095238,0.29047097042898795
100038389|F|0-45:C>T-45:C>T,C/T,,,1.0,0.21904761904761905,0.3047619047619048,0.28360453103387984
100038590|F|0-45:T>A-45:T>A,T/A,,,1.0,0.009523809523809525,0.01904761904761905,0.01868824615258029
100038944|F|0-45:C>T-45:C>T,C/T,,,1.0,0.08095238095238096,0.10476190476190476,0.1377277358713706
100041089|F|0-45:A>G-45:A>G,A/G,,,1.0,0.3380952380952381,0.42857142857142855,0.34741258940462055
100041312|F|0-45:T>A-45:T>A,T/A,,,1.0,0.3,0.5619047619047619,0.33180000000000004
100041653|F|0-45:T>C-45:T>C,T/C,,,0.9047619047619048,0.4421052631578947,0.631578947368421,0.3716257303120756
100041895|F|0-45:G>A-45:G>A,G/A,,,1.0,0.07142857142857142,0.12380952380952381,0.12385464389837572
100046699|F|0-45:A>G-45:A>G,A/G,,,0.9238095238095239,0.04639175257731959,0.07216494845360824,0.08456483877916064
100048828|F|0-45:A>T-45:A>T,A/T,,,0.7333333333333333,0.012987012987012988,0.0,0.025308080743284753
100053765|F|0-45:C>T-45:C>T,C/T,,,0.9333333333333333,0.01020408163265306,0.0,0.01999589838400321
100060108|F|0-45:A>T-45:A>T,A/T,Vu05 (old1),42725264.0,0.8952380952380953,0.005319148936170248,0.010638297872340425,0.010525724875765623
100012937|F|0-46:C>T-46:C>T,C/T,,,1.0,0.07142857142857142,0.14285714285714285,0.12385464389837572
100013040|F|0-46:A>G-46:A>G,A/G,,,1.0,0.1,0.18095238095238095,0.16379999999999995
100013701|F|0-46:C>A-46:C>A,C/A,,,1.0,0.009523809523809525,0.0,0.01868824615258029
100014001|F|0-46:T>A-46:T>A,T/A,,,1.0,0.05238095238095238,0.009523809523809525,0.0943466755107184
100014032|F|0-46:C>T-46:C>T,C/T,,,1.0,0.3,0.4095238095238095,0.33180000000000004
100014176|F|0-46:T>C-46:T>C,T/C,,,1.0,0.1380952380952381,0.2761904761904762,0.2097160123611046
100014343|F|0-46:C>T-46:C>T,C/T,,,1.0,0.07142857142857142,0.12380952380952381,0.12385464389837572
100014505|F|0-46:G>T-46:G>T,G/T,,,1.0,0.2857142857142857,0.4,0.3248646397334444
100014685|F|0-46:C>T-46:C>T,C/T,,,1.0,0.004761904761904762,0.009523809523809525,0.009433537466384832
100015126|F|0-46:T>G-46:T>G,T/G,,,1.0,0.05714285714285714,0.11428571428571428,0.10194952103290292
100015367|F|0-46:A>T-46:A>T,A/T,,,1.0,0.43333333333333335,0.4095238095238095,0.3705160493827161
100015777|F|0-46:C>G-46:C>G,C/G,,,1.0,0.014285714285714285,0.02857142857142857,0.02776668054977082
100015798|F|0-46:G>A-46:G>A,G/A,,,1.0,0.05238095238095238,0.06666666666666667,0.0943466755107184
100016166|F|0-46:C>G-46:C>G,C/G,,,0.8761904761904762,0.021739130434782594,0.043478260869565216,0.041628549783627206
100016498|F|0-46:C>A-46:C>A,C/A,,,0.6857142857142857,0.01388888888888884,0.0,0.027016815152987168
100017065|F|0-46:G>A-46:G>A,G/A,,,1.0,0.12857142857142856,0.2,0.1989753436068305
100017067|F|0-46:G>A-46:G>A,G/A,,,1.0,0.004761904761904762,0.009523809523809525,0.009433537466384832
100017407|F|0-46:T>G-46:T>G,T/G,,,0.9428571428571428,0.16666666666666666,0.1919191919191919,0.23919753086419743
100017598|F|0-46:C>G-46:C>G,C/G,,,1.0,0.41904761904761906,0.41904761904761906,0.36836082085139427
100018393|F|0-46:C>T-46:C>T,C/T,Vu06 (old6),32560542.0,0.4666666666666667,0.020408163265306145,0.0,0.03918400652511684
100018646|F|0-46:C>T-46:C>T,C/T,,,1.0,0.2,0.2857142857142857,0.2687999999999998
100018738|F|0-46:T>C-46:T>C,T/C,,,1.0,0.3952380952380952,0.44761904761904764,0.363784039571989
100018895|F|0-46:T>A-46:T>A,T/A,,,1.0,0.04285714285714286,0.047619047619047616,0.07867546855476872
100018898|F|0-46:T>A-46:T>A,T/A,,,0.9619047619047619,0.004950495049504955,0.009900990099009901,0.00980344458791777
100019163|F|0-46:T>A-46:T>A,T/A,contig_98,22635.0,1.0,0.014285714285714285,0.009523809523809525,0.02776668054977082
100019269|F|0-46:T>G-46:T>G,T/G,,,1.0,0.05714285714285714,0.0761904761904762,0.10194952103290292
100019277|F|0-46:C>T-46:C>T,C/T,,,1.0,0.1761904761904762,0.23809523809523808,0.24815925360317972
100019377|F|0-46:G>A-46:G>A,G/A,,,1.0,0.2,0.4,0.2687999999999998
100019978|F|0-46:T>C-46:T>C,T/C,,,1.0,0.02857142857142857,0.05714285714285714,0.0539695127030404
100020325|F|0-46:A>G-46:A>G,A/G,,,0.9428571428571428,0.020202020202020204,0.04040404040404041,0.038804200321423385
100020460|F|0-46:A>G-46:A>G,A/G,,,1.0,0.09523809523809523,0.13333333333333333,0.15748582123703592
100020584|F|0-46:A>T-46:A>T,A/T,,,0.9714285714285714,0.029411764705882353,0.0196078431372549,0.055463595981848975
100020611|F|0-46:A>T-46:A>T,A/T,,,0.9809523809523809,0.0048543689320388345,0.009708737864077669,0.00961493473338511
100020777|F|0-46:A>G-46:A>G,A/G,,,1.0,0.4523809523809524,0.42857142857142855,0.3727221425229199
100022838|F|0-46:C>T-46:C>T,C/T,,,0.9428571428571428,0.015151515151515138,0.010101010101010102,0.02939856449122671
100028792|F|0-46:G>T-46:G>T,G/T,,,1.0,0.15714285714285714,0.21904761904761905,0.22981249479383598
100029240|F|0-46:A>G-46:A>G,A/G,Vu11 (old9),8096401.0,1.0,0.2523809523809524,0.3904761904761905,0.30616570153382594
100029346|F|0-46:T>A-46:T>A,T/A,,,0.9714285714285714,0.21568627450980393,0.2549019607843137,0.2810973391625763
100029543|F|0-46:T>C-46:T>C,T/C,,,1.0,0.23809523809523808,0.3238095238095238,0.29699559339986953
100032801|F|0-46:T>A-46:T>A,T/A,,,1.0,0.22857142857142856,0.3047619047619048,0.29047097042898795
100033016|F|0-46:G>A-46:G>A,G/A,,,1.0,0.01904761904761905,0.0380952380952381,0.036671370468066414
100033255|F|0-46:T>C-46:T>C,T/C,,,0.9619047619047619,0.10891089108910891,0.1188118811881188,0.17526148107001815
100033311|F|0-46:C>T-46:C>T,C/T,,,1.0,0.49523809523809526,0.5523809523809524,0.37497732323466043
100033353|F|0-46:A>T-46:A>T,A/T,,,0.9904761904761905,0.0673076923076923,0.11538461538461539,0.11767273814707996
100033379|F|0-46:C>G-46:C>G,C/G,,,1.0,0.3142857142857143,0.5904761904761905,0.33813111203665136
100033805|F|0-46:G>C-46:G>C,G/C,Vu03 (old3),46875382.0,0.9904761904761905,0.04807692307692308,0.09615384615384616,0.08734209715061635
100034016|F|0-46:G>A-46:G>A,G/A,,,1.0,0.15714285714285714,0.2571428571428571,0.22981249479383598
100034096|F|0-46:G>C-46:G>C,G/C,Vu02 (old7),21233031.0,0.9904761904761905,0.23076923076923078,0.40384615384615385,0.292006582402577
100034184|F|0-46:T>C-46:T>C,T/C,,,1.0,0.2142857142857143,0.29523809523809524,0.28003956684714704
100035335|F|0-46:C>T-46:C>T,C/T,,,0.7523809523809524,0.17088607594936708,0.08860759493670886,0.24321932411385747
100038566|F|0-46:T>A-46:T>A,T/A,,,1.0,0.18095238095238095,0.34285714285714286,0.25248564538438206
100040372|F|0-46:C>G-46:C>G,C/G,,,0.9333333333333333,0.02040816326530612,0.02040816326530612,0.039184006525116846
100041891|F|0-46:G>A-46:G>A,G/A,,,1.0,0.10476190476190476,0.17142857142857143,0.16998175040235286
100043273|F|0-46:A>T-46:A>T,A/T,,,1.0,0.21428571428571427,0.3333333333333333,0.2800395668471471
100044126|F|0-46:C>T-46:C>T,C/T,,,1.0,0.05238095238095238,0.08571428571428572,0.0943466755107184
100045297|F|0-46:T>C-46:T>C,T/C,,,1.0,0.34285714285714286,0.5333333333333333,0.34908654727196997
100047331|F|0-46:A>T-46:A>T,A/T,,,1.0,0.0380952380952381,0.05714285714285714,0.07060241771689768
100049714|F|0-46:C>G-46:C>G,C/G,,,0.7142857142857143,0.020000000000000018,0.013333333333333334,0.03843168000000012
100053906|F|0-46:G>A-46:G>A,G/A,,,0.819047619047619,0.011627906976744186,0.023255813953488372,0.022721233262772565
100057225|F|0-46:C>T-46:C>T,C/T,,,0.780952380952381,0.012195121951219523,0.0,0.023802570351845086
100057925|F|0-46:G>C-46:G>C,G/C,,,0.9619047619047619,0.00990099009900991,0.0,0.01941372491924195
100059434|F|0-46:A>G-46:A>G,A/G,,,1.0,0.3904761904761904,0.7619047619047619,0.362716752793332
100013995|F|0-47:C>T-47:C>T,C/T,,,1.0,0.009523809523809525,0.01904761904761905,0.01868824615258029
100015875|F|0-47:A>T-47:A>T,A/T,Vu10 (old10),36420267.0,1.0,0.014285714285714285,0.02857142857142857,0.02776668054977082
100016554|F|0-47:A>G-47:A>G,A/G,,,1.0,0.04285714285714286,0.047619047619047616,0.07867546855476872
100016684|F|0-47:T>C-47:T>C,T/C,,,1.0,0.19047619047619047,0.22857142857142856,0.26083781963276625
100016689|F|0-47:G>T-47:G>T,G/T,,,1.0,0.17142857142857143,0.24761904761904763,0.2437304456476469
100016740|F|0-47:T>C-47:T>C,T/C,Vu06 (old6),33896302.0,1.0,0.1,0.2,0.16379999999999995
100016743|F|0-47:T>A-47:T>A,T/A,,,0.5619047619047619,0.1694915254237288,0.1694915254237288,0.24189920561085873
100016750|F|0-47:G>A-47:G>A,G/A,,,1.0,0.22380952380952382,0.3904761904761905,0.28708118428021245
100017018|F|0-47:G>T-47:G>T,G/T,,,1.0,0.023809523809523808,0.047619047619047616,0.04540482103650237
100018004|F|0-47:G>A-47:G>A,G/A,Vu08 (old5),35769922.0,1.0,0.3238095238095238,0.47619047619047616,0.3420295699837001
100018158|F|0-47:G>T-47:G>T,G/T,contig_292,2803.0,1.0,0.18095238095238095,0.17142857142857143,0.25248564538438206
100018613|F|0-47:T>C-47:T>C,T/C,,,1.0,0.37142857142857144,0.38095238095238093,0.35792286547271973
100018699|F|0-47:A>G-47:A>G,A/G,,,0.9619047619047619,0.17326732673267325,0.18811881188118812,0.24545282479739805
100019668|F|0-47:T>C-47:T>C,T/C,Vu11 (old9),35126801.0,1.0,0.004761904761904745,0.009523809523809525,0.009433537466384832
100019738|F|0-47:G>A-47:G>A,G/A,,,1.0,0.2714285714285714,0.42857142857142855,0.31729604331528516
100020485|F|0-47:G>T-47:G>T,G/T,,,1.0,0.44285714285714284,0.42857142857142855,0.37171336942940447
100020628|F|0-47:T>C-47:T>C,T/C,,,0.9523809523809523,0.015,0.03,0.029113398749999964
100021098|F|0-47:G>A-47:G>A,G/A,,,0.6857142857142857,0.08333333333333333,0.08333333333333333,0.1411072530864199
100021537|F|0-47:T>A-47:T>A,T/A,,,0.49523809523809526,0.36538461538461536,0.23076923076923078,0.3562219350688002
100021757|F|0-47:G>A-47:G>A,G/A,,,1.0,0.3047619047619048,0.47619047619047616,0.3339761354579625
100028900|F|0-47:T>C-47:T>C,T/C,,,0.8666666666666667,0.027472527472527486,0.01098901098901099,0.052007895053706205
100029687|F|0-47:A>T-47:A>T,A/T,,,1.0,0.21904761904761905,0.34285714285714286,0.28360453103387984
100032753|F|0-47:A>G-47:A>G,A/G,,,1.0,0.2619047619047619,0.3142857142857143,0.3118832945120603
100034114|F|0-47:T>A-47:T>A,T/A,,,1.0,0.1619047619047619,0.2857142857142857,0.23455879391817186
100034510|F|0-47:C>T-47:C>T,C/T,,,1.0,0.22380952380952382,0.3333333333333333,0.28708118428021245
100035838|F|0-47:A>C-47:A>C,A/C,,,0.780952380952381,0.042682926829268296,0.012195121951219513,0.07838293107148836
100035996|F|0-47:A>G-47:A>G,A/G,,,1.0,0.3380952380952381,0.42857142857142855,0.34741258940462055
100040047|F|0-47:A>G-47:A>G,A/G,,,0.8857142857142857,0.03225806451612903,0.06451612903225806,0.06048590124101116
100040058|F|0-47:C>T-47:C>T,C/T,,,0.9714285714285714,0.004901960784313708,0.00980392156862745,0.009708274696864149
100046464|F|0-47:T>C-47:T>C,T/C,,,0.6476190476190476,0.07352941176470588,0.11764705882352941,0.12696423279773938
100046635|F|0-47:T>A-47:T>A,T/A,,,1.0,0.32857142857142857,0.44761904761904764,0.34388496459808404
100052901|F|0-47:C>G-47:C>G,C/G,,,0.5142857142857142,0.018518518518518517,0.0,0.0356904623467139
100053824|F|0-47:A>G-47:A>G,A/G,,,1.0,0.24761904761904763,0.41904761904761906,0.30318945706778555
100054502|F|0-47:T>C-47:T>C,T/C,,,1.0,0.20952380952380953,0.3047619047619048,0.27638482319609636
100054561|F|0-47:T>C-47:T>C,T/C,,,0.8952380952380953,0.04255319148936165,0.06382978723404255,0.07816494561837117
100054653|F|0-47:T>C-47:T>C,T/C,,,1.0,0.24761904761904763,0.34285714285714286,0.30318945706778555
100057475|F|0-47:G>A-47:G>A,G/A,,,0.9333333333333333,0.01020408163265306,0.02040816326530612,0.01999589838400321
100058373|F|0-47:A>G-47:A>G,A/G,,,0.9238095238095239,0.010309278350515464,0.020618556701030927,0.020197791959927942
100013022|F|0-48:G>C-48:G>C,G/C,,,1.0,0.3476190476190476,0.5047619047619047,0.35070171276371465
100013423|F|0-48:T>G-48:T>G,T/G,,,0.4380952380952381,0.17391304347826086,0.17391304347826086,0.2460540092409619
100013540|F|0-48:T>A-48:T>A,T/A,,,1.0,0.00952380952380949,0.0,0.01868824615258029
100013951|F|0-48:C>A-48:C>A,C/A,Vu11 (old9),39170644.0,1.0,0.01904761904761905,0.01904761904761905,0.036671370468066414
100014521|F|0-48:A>T-48:A>T,A/T,,,0.6761904761904762,0.007042253521126761,0.014084507042253521,0.013887525779974956
100015120|F|0-48:A>G-48:A>G,A/G,,,1.0,0.02857142857142857,0.05714285714285714,0.0539695127030404
100015217|F|0-48:T>A-48:T>A,T/A,Vu06 (old6),29313394.0,0.9904761904761905,0.028846153846153848,0.057692307692307696,0.054458532149390726
100015478|F|0-48:C>T-48:C>T,C/T,,,1.0,0.14761904761904762,0.2,0.21999012654192443
100016208|F|0-48:C>T-48:C>T,C/T,,,1.0,0.004761904761904762,0.009523809523809525,0.009433537466384832
100017091|F|0-48:T>A-48:T>A,T/A,Vu06 (old6),26864473.0,1.0,0.01904761904761905,0.0380952380952381,0.036671370468066414
100017665|F|0-48:T>C-48:T>C,T/C,,,0.5238095238095238,0.027272727272727226,0.01818181818181818,0.05165028345058389
100018229|F|0-48:T>G-48:T>G,T/G,,,1.0,0.004761904761904762,0.009523809523809525,0.009433537466384832
100018271|F|0-48:A>G-48:A>G,A/G,,,1.0,0.37142857142857144,0.4380952380952381,0.35792286547271973
100019637|F|0-48:C>G-48:C>G,C/G,,,1.0,0.05714285714285714,0.09523809523809523,0.10194952103290292
100020490|F|0-48:T>A-48:T>A,T/A,,,1.0,0.023809523809523808,0.047619047619047616,0.04540482103650237
100020511|F|0-48:A>C-48:A>C,A/C,,,1.0,0.004761904761904762,0.009523809523809525,0.009433537466384832
100020980|F|0-48:G>A-48:G>A,G/A,,,1.0,0.15714285714285714,0.21904761904761905,0.22981249479383598
100029321|F|0-48:C>A-48:C>A,C/A,,,1.0,0.06190476190476191,0.10476190476190476,0.10940027971884139
100029953|F|0-48:C>A-48:C>A,C/A,,,1.0,0.023809523809523808,0.047619047619047616,0.04540482103650237
100030728|F|0-48:A>G-48:A>G,A/G,,,0.6666666666666666,0.03571428571428571,0.014285714285714285,0.06650549250312358
100033416|F|0-48:G>A-48:G>A,G/A,,,1.0,0.14761904761904762,0.29523809523809524,0.21999012654192443
100035658|F|0-48:T>A-48:T>A,T/A,,,0.9904761904761905,0.038461538461538464,0.07692307692307693,0.07122912363012504
100035860|F|0-48:G>T-48:G>T,G/T,,,1.0,0.009523809523809525,0.01904761904761905,0.01868824615258029
100043126|F|0-48:T>A-48:T>A,T/A,Vu09 (old8),11448295.0,1.0,0.16666666666666666,0.2761904761904762,0.23919753086419743
100044509|F|0-48:G>A-48:G>A,G/A,,,0.9523809523809523,0.03,0.02,0.05650638000000003
100046604|F|0-48:C>T-48:C>T,C/T,,,1.0,0.009523809523809525,0.01904761904761905,0.01868824615258029
100053767|F|0-48:A>G-48:A>G,A/G,,,0.9904761904761905,0.004807692307692308,0.009615384615384616,0.009523372423757013
100056885|F|0-48:C>T-48:C>T,C/T,,,0.7714285714285715,0.012345679012345678,0.0,0.024089175108134273
100058467|F|0-48:T>C-48:T>C,T/C,,,0.9428571428571428,0.11111111111111116,0.08080808080808081,0.17802164304221915
100060015|F|0-48:A>T-48:A>T,A/T,,,0.6761904761904762,0.014084507042253502,0.0,0.027386617988790274
100013287|F|0-49:A>T-49:A>T,A/T,Vu03 (old3),35837762.0,0.4666666666666667,0.030612244897959183,0.02040816326530612,0.05758904340323283
100015245|F|0-49:A>G-49:A>G,A/G,Vu03 (old3),7443089.0,1.0,0.06190476190476191,0.12380952380952381,0.10940027971884139
100015338|F|0-49:G>T-49:G>T,G/T,,,0.9904761904761905,0.07211538461538461,0.08653846153846154,0.12487434271541344
100015350|F|0-49:A>G-49:A>G,A/G,,,1.0,0.12857142857142856,0.21904761904761905,0.1989753436068305
100015359|F|0-49:C>T-49:C>T,C/T,Vu08 (old5),34540660.0,1.0,0.03333333333333333,0.047619047619047616,0.062367901234567986
100016057|F|0-49:T>G-49:T>G,T/G,,,1.0,0.009523809523809525,0.01904761904761905,0.01868824615258029
100017261|F|0-49:C>T-49:C>T,C/T,,,1.0,0.0761904761904762,0.05714285714285714,0.1308627413474837
100017449|F|0-49:C>T-49:C>T,C/T,,,0.5904761904761905,0.056451612903225805,0.04838709677419355,0.10085537273922303
100017717|F|0-49:A>T-49:A>T,A/T,,,1.0,0.009523809523809525,0.01904761904761905,0.01868824615258029
100017927|F|0-49:C>T-49:C>T,C/T,,,1.0,0.11904761904761904,0.18095238095238095,0.18775291673736771
100017988|F|0-49:T>G-49:T>G,T/G,,,1.0,0.17142857142857143,0.26666666666666666,0.2437304456476469
100019395|F|0-49:A>G-49:A>G,A/G,Vu07 (old2),128608.0,1.0,0.21428571428571427,0.3904761904761905,0.2800395668471471
100019900|F|0-49:T>C-49:T>C,T/C,,,1.0,0.02857142857142857,0.05714285714285714,0.0539695127030404
100019956|F|0-49:C>A-49:C>A,C/A,,,1.0,0.4857142857142857,0.41904761904761906,0.3747958350687214
100021067|F|0-49:G>A-49:G>A,G/A,Vu03 (old3),51946113.0,1.0,0.4666666666666667,0.45714285714285713,0.3738864197530864
100021502|F|0-49:T>G-49:T>G,T/G,,,1.0,0.05238095238095238,0.08571428571428572,0.0943466755107184
100022154|F|0-49:T>G-49:T>G,T/G,,,1.0,0.004761904761904762,0.009523809523809525,0.009433537466384832
100033806|F|0-49:C>G-49:C>G,C/G,Vu03 (old3),46875382.0,1.0,0.00952380952380949,0.0,0.01868824615258029
100033853|F|0-49:A>G-49:A>G,A/G,Vu06 (old6),26071343.0,1.0,0.4666666666666667,0.5904761904761905,0.3738864197530864
100033919|F|0-49:T>C-49:T>C,T/C,,,1.0,0.04285714285714286,0.08571428571428572,0.07867546855476872
100034348|F|0-49:T>G-49:T>G,T/G,,,1.0,0.2523809523809524,0.3904761904761905,0.30616570153382594
100034724|F|0-49:G>A-49:G>A,G/A,,,1.0,0.20476190476190476,0.4095238095238095,0.27263880687573583
100039964|F|0-49:C>G-49:C>G,C/G,,,1.0,0.10952380952380952,0.18095238095238095,0.17603313331379425
100040506|F|0-49:C>A-49:C>A,C/A,,,0.9714285714285714,0.014705882352941176,0.00980392156862745,0.02855934061493497
100040577|F|0-49:G>A-49:G>A,G/A,,,0.9904761904761905,0.03365384615384615,0.04807692307692308,0.06292726425833906
100041050|F|0-49:T>A-49:T>A,T/A,,,1.0,0.3380952380952381,0.42857142857142855,0.34741258940462055
100045141|F|0-49:C>T-49:C>T,C/T,,,1.0,0.30952380952380953,0.4666666666666667,0.33608617294234394
100048797|F|0-49:G>C-49:G>C,G/C,,,0.9428571428571428,0.025252525252525252,0.050505050505050504,0.04801789021588812
100049126|F|0-49:A>G-49:A>G,A/G,,,1.0,0.04285714285714286,0.06666666666666667,0.07867546855476872
100059436|F|0-49:A>C-49:A>C,A/C,,,1.0,0.30952380952380953,0.6190476190476191,0.33608617294234394
100060949|F|0-49:A>C-49:A>C,A/C,,,0.6571428571428571,0.007246376811594203,0.014492753623188406,0.01428423022932641
100013412|F|0-50:C>T-50:C>T,C/T,,,0.9904761904761905,0.004807692307692308,0.009615384615384616,0.009523372423757013
100013622|F|0-50:C>T-50:C>T,C/T,,,1.0,0.20476190476190476,0.2761904761904762,0.27263880687573583
100013950|F|0-50:T>C-50:T>C,T/C,Vu01 (old4),30947226.0,1.0,0.06666666666666667,0.0761904761904762,0.11670123456790114
100014539|F|0-50:C>T-50:C>T,C/T,,,1.0,0.03333333333333333,0.06666666666666667,0.062367901234567986
100014543|F|0-50:A>T-50:A>T,A/T,,,1.0,0.009523809523809525,0.01904761904761905,0.01868824615258029
100014709|F|0-50:C>G-50:C>G,C/G,Vu05 (old1),47101976.0,1.0,0.02857142857142857,0.0380952380952381,0.0539695127030404
100015009|F|0-50:G>A-50:G>A,G/A,,,1.0,0.3047619047619048,0.47619047619047616,0.3339761354579625
100015912|F|0-50:C>G-50:C>G,C/G,Vu09 (old8),7574859.0,1.0,0.004761904761904762,0.009523809523809525,0.009433537466384832
100016225|F|0-50:A>C-50:A>C,A/C,,,0.9809523809523809,0.3446601941747573,0.3786407766990291,0.34970498698273195
100017460|F|0-50:C>T-50:C>T,C/T,,,1.0,0.34285714285714286,0.45714285714285713,0.34908654727196997
100017551|F|0-50:C>G-50:C>G,C/G,,,0.49523809523809526,0.25,0.19230769230769232,0.3046875
100017581|F|0-50:A>C-50:A>C,A/C,,,1.0,0.004761904761904762,0.009523809523809525,0.009433537466384832
100018237|F|0-50:T>A-50:T>A,T/A,,,1.0,0.01904761904761909,0.0,0.036671370468066414
100018327|F|0-50:C>T-50:C>T,C/T,,,1.0,0.11428571428571428,0.0761904761904762,0.18195618492294877
100019346|F|0-50:A>C-50:A>C,A/C,,,1.0,0.22857142857142856,0.3238095238095238,0.29047097042898795
100019507|F|0-50:C>T-50:C>T,C/T,,,0.9619047619047619,0.009900990099009901,0.0,0.01941372491924195
100020342|F|0-50:T>G-50:T>G,T/G,,,1.0,0.023809523809523808,0.02857142857142857,0.04540482103650237
100020518|F|0-50:T>G-50:T>G,T/G,,,1.0,0.28095238095238095,0.3333333333333333,0.3224136229246044
100020869|F|0-50:A>C-50:A>C,A/C,,,1.0,0.009523809523809525,0.01904761904761905,0.01868824615258029
100021123|F|0-50:T>C-50:T>C,T/C,,,0.9714285714285714,0.31862745098039214,0.3627450980392157,0.3399397046277709
100021416|F|0-50:T>G-50:T>G,T/G,,,1.0,0.43333333333333335,0.4095238095238095,0.3705160493827161
100021425|F|0-50:G>C-50:G>C,G/C,,,1.0,0.15714285714285714,0.21904761904761905,0.22981249479383598
100021588|F|0-50:T>C-50:T>C,T/C,,,1.0,0.09523809523809523,0.11428571428571428,0.15748582123703592
100021804|F|0-50:G>A-50:G>A,G/A,,,1.0,0.05714285714285716,0.0380952380952381,0.10194952103290292
100022068|F|0-50:T>C-50:T>C,T/C,,,1.0,0.11428571428571428,0.20952380952380953,0.18195618492294877
100028358|F|0-50:A>G-50:A>G,A/G,,,0.5238095238095238,0.0636363636363636,0.09090909090909091,0.11207238576599951
100029372|F|0-50:T>A-50:T>A,T/A,,,1.0,0.01904761904761905,0.0380952380952381,0.036671370468066414
100032869|F|0-50:G>A-50:G>A,G/A,,,0.9428571428571428,0.09090909090909091,0.1414141414141414,0.1516289870910458
100033546|F|0-50:C>T-50:C>T,C/T,,,1.0,0.3619047619047619,0.7238095238095238,0.35520235292907804
100034179|F|0-50:C>T-50:C>T,C/T,,,1.0,0.4380952380952381,0.5333333333333333,0.3711384289467865
100035433|F|0-50:A>G-50:A>G,A/G,,,0.44761904761904764,0.08510638297872342,0.0425531914893617,0.1436011903237118
100035960|F|0-50:G>C-50:G>C,G/C,,,0.780952380952381,0.0060975609756097615,0.012195121951219513,0.01204730502243457
100038737|F|0-50:C>T-50:C>T,C/T,,,0.7714285714285715,0.11728395061728394,0.06172839506172839,0.18562058129816658
100040709|F|0-50:C>T-50:C>T,C/T,,,1.0,0.01904761904761905,0.0380952380952381,0.036671370468066414
100041194|F|0-50:C>G-50:C>G,C/G,,,1.0,0.05238095238095238,0.02857142857142857,0.0943466755107184
100044815|F|0-50:C>T-50:C>T,C/T,,,0.5714285714285714,0.14166666666666666,0.18333333333333332,0.21362267554012326
100045385|F|0-50:G>A-50:G>A,G/A,,,1.0,0.24761904761904763,0.34285714285714286,0.30318945706778555
100051635|F|0-50:A>G-50:A>G,A/G,,,0.8095238095238095,0.0058823529411764705,0.011764705882352941,0.011627109349744267
100058869|F|0-50:A>T-50:A>T,A/T,,,0.638095238095238,0.014925373134328401,0.0,0.028972879474050292
100059407|F|0-50:T>C-50:T>C,T/C,,,0.8476190476190476,0.011235955056179775,0.0,0.021972565500170897
100059421|F|0-50:T>A-50:T>A,T/A,,,0.9047619047619048,0.010526315789473684,0.0,0.020614059130915234
100013151|F|0-51:A>C-51:A>C,A/C,,,0.8952380952380953,0.005319148936170213,0.010638297872340425,0.010525724875765625
100013478|F|0-51:G>A-51:G>A,G/A,,,1.0,0.4238095238095238,0.3904761904761905,0.36912761555113355
100014015|F|0-51:C>G-51:C>G,C/G,,,1.0,0.4380952380952381,0.41904761904761906,0.3711384289467865
100015210|F|0-51:G>T-51:G>T,G/T,Vu04 (old11),41780444.0,1.0,0.03333333333333333,0.047619047619047616,0.062367901234567986
100015457|F|0-51:T>C-51:T>C,T/C,,,1.0,0.03333333333333333,0.06666666666666667,0.062367901234567986
100016158|F|0-51:C>A-51:C>A,C/A,,,1.0,0.06190476190476191,0.08571428571428572,0.10940027971884139
100016880|F|0-51:C>A-51:C>A,C/A,,,1.0,0.05714285714285714,0.11428571428571428,0.10194952103290292
100017321|F|0-51:A>T-51:A>T,A/T,,,1.0,0.3761904761904762,0.7523809523809524,0.35920125770640843
100017631|F|0-51:G>A-51:G>A,G/A,Vu03 (old3),64729430.0,1.0,0.14285714285714285,0.24761904761904763,0.21491045397750919
100018713|F|0-51:T>A-51:T>A,T/A,,,1.0,0.43333333333333335,0.580952380952381,0.3705160493827161
100018735|F|0-51:T>A-51:T>A,T/A,,,1.0,0.02857142857142857,0.01904761904761905,0.0539695127030404
100018958|F|0-51:A>G-51:A>G,A/G,,,1.0,0.05714285714285714,0.11428571428571428,0.10194952103290292
100019329|F|0-51:C>A-51:C>A,C/A,,,1.0,0.3476190476190476,0.44761904761904764,0.35070171276371465
100019734|F|0-51:G>T-51:G>T,G/T,Vu03 (old3),53566222.0,1.0,0.047619047619047616,0.0761904761904762,0.08658943547184561
100019892|F|0-51:C>T-51:C>T,C/T,,,0.4380952380952381,0.05434782608695654,0.06521739130434782,0.09750556454379457
100020391|F|0-51:G>C-51:G>C,G/C,,,0.9904761904761905,0.04807692307692308,0.07692307692307693,0.08734209715061635
100020762|F|0-51:C>T-51:C>T,C/T,Vu08 (old5),17513104.0,0.5904761904761905,0.07258064516129033,0.08064516129032258,0.12556339237277767
100020834|F|0-51:T>G-51:T>G,T/G,,,0.9904761904761905,0.009615384615384616,0.019230769230769232,0.018864485634912918
100020933|F|0-51:T>C-51:T>C,T/C,,,1.0,0.34285714285714286,0.49523809523809526,0.34908654727196997
100021392|F|0-51:G>A-51:G>A,G/A,,,1.0,0.3523809523809524,0.4380952380952381,0.3522588880147676
100021515|F|0-51:T>G-51:T>G,T/G,,,1.0,0.004761904761904762,0.009523809523809525,0.009433537466384832
100021866|F|0-51:G>C-51:G>C,G/C,,,1.0,0.2571428571428571,0.3047619047619048,0.3090632236568096
100022008|F|0-51:G>C-51:G>C,G/C,,,1.0,0.3238095238095238,0.34285714285714286,0.3420295699837001
100022102|F|0-51:T>G-51:T>G,T/G,,,1.0,0.48095238095238096,0.4666666666666667,0.37463692494382494
100022318|F|0-51:T>G-51:T>G,T/G,,,0.9809523809523809,0.02912621359223301,0.038834951456310676,0.05495647786177706
100028685|F|0-51:A>G-51:A>G,A/G,,,0.47619047619047616,0.04,0.0,0.07385087999999998
100029078|F|0-51:A>T-51:A>T,A/T,,,1.0,0.004761904761904762,0.009523809523809525,0.009433537466384832
100029087|F|0-51:T>A-51:T>A,T/A,,,0.4380952380952381,0.18478260869565216,0.10869565217391304,0.25589238062864267
100029875|F|0-51:C>T-51:C>T,C/T,,,1.0,0.004761904761904762,0.009523809523809525,0.009433537466384832
100030243|F|0-51:A>G-51:A>G,A/G,,,0.9047619047619048,0.18421052631578946,0.1368421052631579,0.25538765816714126
100030431|F|0-51:C>T-51:C>T,C/T,,,1.0,0.1,0.1619047619047619,0.16379999999999995
100033363|F|0-51:C>T-51:C>T,C/T,,,1.0,0.09047619047619047,0.1619047619047619,0.1510371285626874
100033716|F|0-51:T>C-51:T>C,T/C,,,1.0,0.10476190476190476,0.1523809523809524,0.16998175040235286
100033812|F|0-51:C>A-51:C>A,C/A,,,1.0,0.05714285714285714,0.09523809523809523,0.10194952103290292
100033830|F|0-51:G>C-51:G>C,G/C,,,1.0,0.04285714285714286,0.047619047619047616,0.07867546855476872
100034436|F|0-51:G>C-51:G>C,G/C,,,1.0,0.009523809523809525,0.0,0.01868824615258029
100034528|F|0-51:A>G-51:A>G,A/G,Vu09 (old8),1037776.0,1.0,0.10476190476190476,0.17142857142857143,0.16998175040235286
100035964|F|0-51:G>A-51:G>A,G/A,,,1.0,0.21904761904761905,0.3047619047619048,0.28360453103387984
100040910|F|0-51:A>G-51:A>G,A/G,,,0.9809523809523809,0.11650485436893204,0.13592233009708737,0.18467317017269716
100044377|F|0-51:A>T-51:A>T,A/T,,,1.0,0.12380952380952381,0.19047619047619047,0.1934253155835275
100046718|F|0-51:G>A-51:G>A,G/A,,,1.0,0.0380952380952381,0.0761904761904762,0.07060241771689768
100056908|F|0-51:C>T-51:C>T,C/T,,,1.0,0.42857142857142855,0.45714285714285713,0.36984589754269065
100061129|F|0-51:C>A-51:C>A,C/A,,,0.8952380952380953,0.005319148936170213,0.010638297872340425,0.010525724875765625
100012994|F|0-52:C>T-52:C>T,C/T,,,1.0,0.0380952380952381,0.05714285714285714,0.07060241771689768
100013199|F|0-52:T>C-52:T>C,T/C,,,1.0,0.11904761904761904,0.1619047619047619,0.18775291673736771
100013766|F|0-52:T>G-52:T>G,T/G,Vu03 (old3),17161831.0,1.0,0.04285714285714286,0.06666666666666667,0.07867546855476872
100014867|F|0-52:T>C-52:T>C,T/C,,,0.45714285714285713,0.041666666666666664,0.041666666666666664,0.07667221257716032
100015028|F|0-52:A>T-52:A>T,A/T,,,1.0,0.12380952380952381,0.20952380952380953,0.1934253155835275
100015139|F|0-52:T>C-52:T>C,T/C,,,1.0,0.0761904761904762,0.13333333333333333,0.1308627413474837
100015559|F|0-52:C>G-52:C>G,C/G,,,0.9904761904761905,0.02403846153846154,0.04807692307692308,0.0458204270010215
100015622|F|0-52:A>G-52:A>G,A/G,,,1.0,0.3047619047619048,0.45714285714285713,0.3339761354579625
100016783|F|0-52:G>T-52:G>T,G/T,Vu07 (old2),39495827.0,0.9809523809523809,0.06310679611650485,0.02912621359223301,0.11125728438322924
100017470|F|0-52:A>T-52:A>T,A/T,,,0.9904761904761905,0.009615384615384616,0.0,0.018864485634912918
100017630|F|0-52:A>T-52:A>T,A/T,,,1.0,0.14761904761904762,0.1619047619047619,0.21999012654192443
100017910|F|0-52:G>A-52:G>A,G/A,,,1.0,0.2857142857142857,0.3619047619047619,0.3248646397334444
100017939|F|0-52:A>G-52:A>G,A/G,,,0.49523809523809526,0.4807692307692307,0.23076923076923078,0.3746299039774518
100018163|F|0-52:G>A-52:G>A,G/A,Vu05 (old1),8068456.0,1.0,0.009523809523809525,0.01904761904761905,0.01868824615258029
100019282|F|0-52:T>A-52:T>A,T/A,Vu04 (old11),1200237.0,1.0,0.34285714285714286,0.47619047619047616,0.34908654727196997
100021141|F|0-52:T>A-52:T>A,T/A,,,0.9904761904761905,0.009615384615384581,0.019230769230769232,0.018864485634912918
100021486|F|0-52:T>C-52:T>C,T/C,,,0.7333333333333333,0.006493506493506494,0.012987012987012988,0.012819442135887931
100032803|F|0-52:T>C-52:T>C,T/C,,,0.7619047619047619,0.006249999999999978,0.0125,0.012344723510742214
100033116|F|0-52:A>C-52:A>C,A/C,,,0.6857142857142857,0.06944444444444445,0.05555555555555555,0.12089184373094808
100033321|F|0-52:G>A-52:G>A,G/A,,,1.0,0.0380952380952381,0.0761904761904762,0.07060241771689768
100033391|F|0-52:T>C-52:T>C,T/C,,,1.0,0.4095238095238095,0.4,0.3666800396953944
100033932|F|0-52:T>C-52:T>C,T/C,,,1.0,0.10476190476190476,0.19047619047619047,0.16998175040235286
100034416|F|0-52:G>A-52:G>A,G/A,,,1.0,0.009523809523809525,0.01904761904761905,0.01868824615258029
100034443|F|0-52:T>G-52:T>G,T/G,,,1.0,0.4380952380952381,0.41904761904761906,0.3711384289467865
100034447|F|0-52:A>T-52:A>T,A/T,,,1.0,0.09047619047619047,0.1619047619047619,0.1510371285626874
100034925|F|0-52:C>A-52:C>A,C/A,,,1.0,0.03333333333333333,0.06666666666666667,0.062367901234567986
100035311|F|0-52:A>G-52:A>G,A/G,Vu03 (old3),62637928.0,1.0,0.03333333333333333,0.047619047619047616,0.062367901234567986
100035464|F|0-52:G>A-52:G>A,G/A,,,1.0,0.05238095238095238,0.08571428571428572,0.0943466755107184
100035474|F|0-52:T>A-52:T>A,T/A,,,1.0,0.009523809523809525,0.0,0.01868824615258029
100040367|F|0-52:G>A-52:G>A,G/A,Vu09 (old8),41940436.0,1.0,0.004761904761904762,0.009523809523809525,0.009433537466384832
100041229|F|0-52:A>T-52:A>T,A/T,,,1.0,0.4714285714285714,0.4857142857142857,0.37418234069137857
100044697|F|0-52:A>C-52:A>C,A/C,,,0.8666666666666667,0.005494505494505495,0.01098901098901099,0.010868914311157897
100048486|F|0-52:T>A-52:T>A,T/A,,,0.9714285714285714,0.004901960784313725,0.00980392156862745,0.009708274696864147
100049954|F|0-52:G>A-52:G>A,G/A,,,0.9904761904761905,0.07211538461538461,0.14423076923076922,0.12487434271541344
100050377|F|0-52:T>C-52:T>C,T/C,,,0.9809523809523809,0.0048543689320388345,0.009708737864077669,0.00961493473338511
100056408|F|0-52:A>T-52:A>T,A/T,,,1.0,0.42857142857142855,0.45714285714285713,0.36984589754269065
100060017|F|0-52:C>G-52:C>G,C/G,,,0.7238095238095238,0.013157894736842146,0.0,0.025632320865401584
100013471|F|0-53:A>G-53:A>G,A/G,Vu08 (old5),37288316.0,1.0,0.03333333333333333,0.047619047619047616,0.062367901234567986
100013627|F|0-53:G>A-53:G>A,G/A,Vu04 (old11),38347111.0,0.9904761904761905,0.004807692307692308,0.009615384615384616,0.009523372423757013
100013943|F|0-53:A>T-53:A>T,A/T,,,1.0,0.06666666666666667,0.0761904761904762,0.11670123456790114
100013988|F|0-53:C>T-53:C>T,C/T,,,1.0,0.004761904761904762,0.009523809523809525,0.009433537466384832
100014028|F|0-53:G>A-53:G>A,G/A,,,1.0,0.17142857142857143,0.22857142857142856,0.2437304456476469
100014242|F|0-53:A>G-53:A>G,A/G,,,1.0,0.46190476190476193,0.5047619047619047,0.37354454059779624
100014904|F|0-53:C>G-53:C>G,C/G,,,1.0,0.004761904761904762,0.009523809523809525,0.009433537466384832
100016593|F|0-53:A>T-53:A>T,A/T,,,1.0,0.36666666666666664,0.44761904761904764,0.35659012345679014
100017140|F|0-53:T>C-53:T>C,T/C,,,1.0,0.11904761904761904,0.18095238095238095,0.18775291673736771
100017488|F|0-53:T>C-53:T>C,T/C,,,0.6761904761904762,0.18309859154929578,0.2535211267605634,0.2544025324416751
100017999|F|0-53:C>T-53:C>T,C/T,,,1.0,0.004761904761904762,0.009523809523809525,0.009433537466384832
100018030|F|0-53:G>C-53:G>C,G/C,,,1.0,0.004761904761904762,0.009523809523809525,0.009433537466384832
100018174|F|0-53:C>T-53:C>T,C/T,,,1.0,0.3,0.3523809523809524,0.33180000000000004
100018381|F|0-53:C>A-53:C>A,C/A,Vu07 (old2),28235227.0,1.0,0.19047619047619047,0.20952380952380953,0.26083781963276625
100018408|F|0-53:G>A-53:G>A,G/A,,,1.0,0.2571428571428571,0.3619047619047619,0.3090632236568096
100018514|F|0-53:A>G-53:A>G,A/G,,,0.9714285714285714,0.004901960784313725,0.00980392156862745,0.009708274696864147
100018823|F|0-53:T>C-53:T>C,T/C,,,0.9809523809523809,0.0825242718446602,0.02912621359223301,0.13996280824314472
100018973|F|0-53:T>G-53:T>G,T/G,,,1.0,0.12857142857142856,0.23809523809523808,0.1989753436068305
100019308|F|0-53:A>G-53:A>G,A/G,,,0.9904761904761905,0.14423076923076922,0.21153846153846154,0.21638744088858045
100019334|F|0-53:T>C-53:T>C,T/C,Vu04 (old11),4731471.0,1.0,0.10952380952380952,0.18095238095238095,0.17603313331379425
100019423|F|0-53:T>G-53:T>G,T/G,,,1.0,0.004761904761904762,0.009523809523809525,0.009433537466384832
100019557|F|0-53:C>T-53:C>T,C/T,,,1.0,0.03333333333333333,0.047619047619047616,0.062367901234567986
100019558|F|0-53:C>T-53:C>T,C/T,,,1.0,0.11428571428571428,0.19047619047619047,0.18195618492294877
100020538|F|0-53:C>T-53:C>T,C/T,,,0.8571428571428571,0.05555555555555555,0.044444444444444446,0.0994322511812224
100020809|F|0-53:C>G-53:C>G,C/G,,,1.0,0.1,0.1619047619047619,0.16379999999999995
100020822|F|0-53:G>A-53:G>A,G/A,,,0.9523809523809523,0.02,0.02,0.03843168000000012
100020893|F|0-53:C>T-53:C>T,C/T,,,1.0,0.009523809523809525,0.01904761904761905,0.01868824615258029
100021295|F|0-53:G>T-53:G>T,G/T,,,1.0,0.22380952380952382,0.3142857142857143,0.28708118428021245
100021507|F|0-53:A>C-53:A>C,A/C,,,1.0,0.11428571428571428,0.17142857142857143,0.18195618492294877
100021638|F|0-53:G>A-53:G>A,G/A,,,1.0,0.009523809523809525,0.0,0.01868824615258029
100021961|F|0-53:A>T-53:A>T,A/T,,,1.0,0.24761904761904763,0.34285714285714286,0.30318945706778555
100023317|F|0-53:T>G-53:T>G,T/G,,,0.47619047619047616,0.1,0.04,0.16379999999999995
100032971|F|0-53:A>G-53:A>G,A/G,,,1.0,0.014285714285714285,0.009523809523809525,0.02776668054977082
100033428|F|0-53:T>G-53:T>G,T/G,,,1.0,0.004761904761904762,0.009523809523809525,0.009433537466384832
100033736|F|0-53:T>C-53:T>C,T/C,,,1.0,0.01904761904761905,0.0380952380952381,0.036671370468066414
100034117|F|0-53:T>C-53:T>C,T/C,,,0.9047619047619048,0.06842105263157895,0.09473684210526316,0.11935374805288482
100034157|F|0-53:C>A-53:C>A,C/A,,,1.0,0.20476190476190476,0.2761904761904762,0.27263880687573583
100034532|F|0-53:G>C-53:G>C,G/C,,,1.0,0.004761904761904762,0.009523809523809525,0.009433537466384832
100034572|F|0-53:G>A-53:G>A,G/A,,,1.0,0.19047619047619047,0.2857142857142857,0.26083781963276625
100034615|F|0-53:G>A-53:G>A,G/A,,,1.0,0.023809523809523808,0.009523809523809525,0.04540482103650237
100034716|F|0-53:A>G-53:A>G,A/G,,,1.0,0.3333333333333333,0.45714285714285713,0.345679012345679
100034813|F|0-53:C>A-53:C>A,C/A,,,0.9809523809523809,0.05825242718446602,0.05825242718446602,0.10369912608680514
100034863|F|0-53:G>A-53:G>A,G/A,,,0.7428571428571429,0.012820512820512775,0.0,0.02499193841554631
100034992|F|0-53:T>G-53:T>G,T/G,Vu06 (old6),22546918.0,1.0,0.004761904761904762,0.009523809523809525,0.009433537466384832
100035243|F|0-53:C>G-53:C>G,C/G,Vu11 (old9),38434991.0,0.9809523809523809,0.043689320388349516,0.06796116504854369,0.08006989634314803
100040573|F|0-53:G>T-53:G>T,G/T,,,0.6285714285714286,0.06060606060606061,0.030303030303030304,0.10738320680719876
100040782|F|0-53:T>C-53:T>C,T/C,,,0.8857142857142857,0.010752688172043012,0.0,0.021047841312531117
100040928|F|0-53:C>A-53:C>A,C/A,,,1.0,0.38571428571428573,0.4857142857142857,0.3615975843398583
100041521|F|0-53:A>G-53:A>G,A/G,,,0.6476190476190476,0.014705882352941124,0.0,0.028559340614934974
100041943|F|0-53:G>T-53:G>T,G/T,,,1.0,0.0761904761904762,0.13333333333333333,0.1308627413474837
100041970|F|0-53:T>A-53:T>A,T/A,,,0.8952380952380953,0.005319148936170248,0.010638297872340425,0.010525724875765623
100044804|F|0-53:G>C-53:G>C,G/C,,,0.9238095238095239,0.31958762886597936,0.30927835051546393,0.34033255053771416
100046692|F|0-53:T>C-53:T>C,T/C,,,0.7714285714285715,0.08024691358024691,0.08641975308641975,0.13671964410483212
100048919|F|0-53:C>A-53:C>A,C/A,,,1.0,0.023809523809523808,0.02857142857142857,0.04540482103650237
100049137|F|0-53:C>A-53:C>A,C/A,,,1.0,0.05238095238095238,0.08571428571428572,0.0943466755107184
100057815|F|0-53:C>A-53:C>A,C/A,,,0.8,0.005952380952380931,0.011904761904761904,0.01176387962946892
100058582|F|0-53:G>A-53:G>A,G/A,,,1.0,0.2857142857142857,0.3047619047619048,0.3248646397334444
100060182|F|0-53:T>G-53:T>G,T/G,,,1.0,0.03333333333333333,0.06666666666666667,0.062367901234567986
100013209|F|0-54:A>G-54:A>G,A/G,,,0.7047619047619048,0.006756756756756757,0.013513513513513514,0.01333212818295777
100013444|F|0-54:G>C-54:G>C,G/C,Vu03 (old3),47172807.0,1.0,0.19047619047619047,0.26666666666666666,0.26083781963276625
100013458|F|0-54:T>A-54:T>A,T/A,,,1.0,0.0380952380952381,0.05714285714285714,0.07060241771689768
100013526|F|0-54:T>C-54:T>C,T/C,,,0.9904761904761905,0.004807692307692308,0.009615384615384616,0.009523372423757013
100014614|F|0-54:G>A-54:G>A,G/A,,,1.0,0.1523809523809524,0.26666666666666666,0.2249568687943809
100015212|F|0-54:C>T-54:C>T,C/T,,,0.7428571428571429,0.038461538461538464,0.02564102564102564,0.07122912363012504
100015285|F|0-54:T>C-54:T>C,T/C,,,1.0,0.17142857142857143,0.24761904761904763,0.2437304456476469
100015288|F|0-54:A>G-54:A>G,A/G,,,1.0,0.29523809523809524,0.3619047619047619,0.32955674230387544
100015904|F|0-54:T>C-54:T>C,T/C,,,1.0,0.09523809523809523,0.19047619047619047,0.15748582123703592
100015923|F|0-54:G>A-54:G>A,G/A,Vu09 (old8),37786229.0,1.0,0.0761904761904762,0.09523809523809523,0.1308627413474837
100016417|F|0-54:G>T-54:G>T,G/T,,,1.0,0.29523809523809524,0.41904761904761906,0.32955674230387544
100016785|F|0-54:G>A-54:G>A,G/A,,,1.0,0.004761904761904762,0.009523809523809525,0.009433537466384832
100017686|F|0-54:T>G-54:T>G,T/G,,,0.9523809523809523,0.035,0.07,0.06526849875
100017871|F|0-54:G>C-54:G>C,G/C,,,0.5714285714285714,0.1,0.13333333333333333,0.16379999999999995
100019132|F|0-54:A>G-54:A>G,A/G,,,1.0,0.02857142857142857,0.0380952380952381,0.0539695127030404
100019134|F|0-54:A>T-54:A>T,A/T,,,1.0,0.004761904761904762,0.009523809523809525,0.009433537466384832
100019246|F|0-54:A>C-54:A>C,A/C,,,1.0,0.5,0.4857142857142857,0.375
100019344|F|0-54:A>C-54:A>C,A/C,,,1.0,0.09523809523809523,0.17142857142857143,0.15748582123703592
100020043|F|0-54:A>C-54:A>C,A/C,,,1.0,0.009523809523809525,0.01904761904761905,0.01868824615258029
100021101|F|0-54:C>A-54:C>A,C/A,,,0.9619047619047619,0.04950495049504951,0.0594059405940594,0.08968022331568765
100021412|F|0-54:C>A-54:C>A,C/A,,,0.7523809523809524,0.310126582278481,0.24050632911392406,0.33634860412742146
100021415|F|0-54:A>G-54:A>G,A/G,,,1.0,0.21904761904761905,0.3619047619047619,0.28360453103387984
100021973|F|0-54:T>C-54:T>C,T/C,,,1.0,0.15714285714285714,0.2761904761904762,0.22981249479383598
100022075|F|0-54:C>G-54:C>G,C/G,,,1.0,0.21904761904761905,0.3619047619047619,0.28360453103387984
100022134|F|0-54:T>C-54:T>C,T/C,,,0.9904761904761905,0.27884615384615385,0.25,0.321306791138922
100028772|F|0-54:C>T-54:C>T,C/T,,,1.0,0.24761904761904763,0.34285714285714286,0.30318945706778555
100033222|F|0-54:G>A-54:G>A,G/A,,,1.0,0.004761904761904762,0.009523809523809525,0.009433537466384832
100033513|F|0-54:T>C-54:T>C,T/C,Vu06 (old6),29636850.0,1.0,0.09047619047619047,0.14285714285714285,0.1510371285626874
100033770|F|0-54:G>A-54:G>A,G/A,,,1.0,0.02857142857142857,0.0380952380952381,0.0539695127030404
100034929|F|0-54:T>A-54:T>A,T/A,,,1.0,0.3476190476190476,0.42857142857142855,0.35070171276371465
100034999|F|0-54:A>G-54:A>G,A/G,,,1.0,0.047619047619047616,0.0761904761904762,0.08658943547184561
100035013|F|0-54:A>T-54:A>T,A/T,,,0.9523809523809523,0.13,0.08,0.20061677999999994
100035576|F|0-54:C>T-54:C>T,C/T,,,1.0,0.1,0.14285714285714285,0.16379999999999995
100036427|F|0-54:A>C-54:A>C,A/C,,,0.8,0.011904761904761862,0.0,0.02324933894570676
100040594|F|0-54:C>G-54:C>G,C/G,,,1.0,0.02857142857142857,0.0380952380952381,0.0539695127030404
100041955|F|0-54:C>T-54:C>T,C/T,,,1.0,0.2857142857142857,0.38095238095238093,0.3248646397334444
100044853|F|0-54:A>T-54:A>T,A/T,,,0.9047619047619048,0.02631578947368421,0.010526315789473684,0.04993343359857567
100045557|F|0-54:T>C-54:T>C,T/C,,,0.6095238095238096,0.015625,0.0,0.03028857707977295
100047320|F|0-54:C>T-54:C>T,C/T,,,0.9904761904761905,0.11538461538461539,0.19230769230769232,0.18330503133643783
100047334|F|0-54:C>T-54:C>T,C/T,,,1.0,0.11428571428571428,0.19047619047619047,0.18195618492294877
100050061|F|0-54:A>G-54:A>G,A/G,,,1.0,0.02857142857142857,0.0380952380952381,0.0539695127030404
100051547|F|0-54:G>A-54:G>A,G/A,,,0.780952380952381,0.29878048780487804,0.13414634146341464,0.33123194236437553
100052547|F|0-54:C>T-54:C>T,C/T,,,1.0,0.004761904761904762,0.009523809523809525,0.009433537466384832
100057071|F|0-54:C>T-54:C>T,C/T,,,1.0,0.014285714285714285,0.009523809523809525,0.02776668054977082
100058965|F|0-54:C>G-54:C>G,C/G,,,1.0,0.46190476190476193,0.580952380952381,0.37354454059779624
100013126|F|0-55:T>A-55:T>A,T/A,,,1.0,0.03333333333333333,0.06666666666666667,0.062367901234567986
100013876|F|0-55:T>G-55:T>G,T/G,Vu07 (old2),26537890.0,1.0,0.2666666666666667,0.3619047619047619,0.3146271604938272
100013941|F|0-55:T>A-55:T>A,T/A,,,1.0,0.02857142857142857,0.05714285714285714,0.0539695127030404
100014226|F|0-55:C>G-55:C>G,C/G,,,1.0,0.0380952380952381,0.0761904761904762,0.07060241771689768
100014250|F|0-55:T>C-55:T>C,T/C,,,1.0,0.45714285714285713,0.49523809523809526,0.373156518117451
100014732|F|0-55:G>T-55:G>T,G/T,,,1.0,0.009523809523809525,0.01904761904761905,0.01868824615258029
100014733|F|0-55:C>T-55:C>T,C/T,Vu03 (old3),60073462.0,1.0,0.03333333333333333,0.06666666666666667,0.062367901234567986
100015011|F|0-55:G>C-55:G>C,G/C,,,1.0,0.34285714285714286,0.38095238095238093,0.34908654727196997
100015105|F|0-55:C>A-55:C>A,C/A,,,1.0,0.009523809523809525,0.01904761904761905,0.01868824615258029
100015552|F|0-55:T>G-55:T>G,T/G,,,1.0,0.02857142857142857,0.0380952380952381,0.0539695127030404
100015672|F|0-55:C>A-55:C>A,C/A,,,1.0,0.004761904761904762,0.009523809523809525,0.009433537466384832
100015889|F|0-55:C>G-55:C>G,C/G,Vu04 (old11),34569598.0,1.0,0.47619047619047616,0.45714285714285713,0.37443246383965534
100016303|F|0-55:T>G-55:T>G,T/G,,,1.0,0.3761904761904762,0.37142857142857144,0.35920125770640843
100016518|F|0-55:A>C-55:A>C,A/C,Vu09 (old8),27395572.0,1.0,0.00952380952380949,0.0,0.01868824615258029
100017161|F|0-55:C>T-55:C>T,C/T,,,1.0,0.05238095238095238,0.06666666666666667,0.0943466755107184
100017320|F|0-55:A>G-55:A>G,A/G,,,1.0,0.014285714285714285,0.009523809523809525,0.02776668054977082
100017444|F|0-55:C>A-55:C>A,C/A,,,1.0,0.22857142857142856,0.34285714285714286,0.29047097042898795
100018350|F|0-55:C>G-55:C>G,C/G,,,1.0,0.19047619047619047,0.26666666666666666,0.26083781963276625
100018369|F|0-55:T>C-55:T>C,T/C,,,1.0,0.29523809523809524,0.4,0.32955674230387544
100018562|F|0-55:G>T-55:G>T,G/T,Vu05 (old1),7568730.0,1.0,0.004761904761904762,0.009523809523809525,0.009433537466384832
100018637|F|0-55:G>A-55:G>A,G/A,,,0.7523809523809524,0.056962025316455694,0.0379746835443038,0.10166359795246639
100019086|F|0-55:A>G-55:A>G,A/G,,,1.0,0.2761904761904762,0.3238095238095238,0.3198911400085356
100019131|F|0-55:C>A-55:C>A,C/A,,,1.0,0.004761904761904762,0.009523809523809525,0.009433537466384832
100019409|F|0-55:T>C-55:T>C,T/C,Vu08 (old5),17257027.0,1.0,0.20952380952380953,0.34285714285714286,0.27638482319609636
100019858|F|0-55:G>C-55:G>C,G/C,Vu07 (old2),32970913.0,1.0,0.06190476190476191,0.08571428571428572,0.10940027971884139
100020851|F|0-55:C>G-55:C>G,C/G,,,0.4666666666666667,0.4387755102040816,0.2653061224489796,0.37122346027208913
100021017|F|0-55:C>T-55:C>T,C/T,,,1.0,0.3380952380952381,0.4095238095238095,0.34741258940462055
100021056|F|0-55:T>C-55:T>C,T/C,,,1.0,0.21904761904761905,0.2857142857142857,0.28360453103387984
100021211|F|0-55:G>A-55:G>A,G/A,Vu06 (old6),30632173.0,1.0,0.0761904761904762,0.09523809523809523,0.1308627413474837
100021344|F|0-55:A>T-55:A>T,A/T,,,1.0,0.14761904761904762,0.2761904761904762,0.21999012654192443
100021359|F|0-55:A>T-55:A>T,A/T,,,1.0,0.11428571428571428,0.17142857142857143,0.18195618492294877
100022100|F|0-55:A>G-55:A>G,A/G,Vu09 (old8),40064293.0,0.9333333333333333,0.00510204081632653,0.01020408163265306,0.010100488236714401
100033004|F|0-55:C>G-55:C>G,C/G,,,1.0,0.05714285714285714,0.09523809523809523,0.10194952103290292
100033158|F|0-55:C>G-55:C>G,C/G,,,1.0,0.004761904761904762,0.009523809523809525,0.009433537466384832
100033188|F|0-55:A>G-55:A>G,A/G,,,0.9904761904761905,0.014423076923076924,0.009615384615384616,0.028025968156355576
100034135|F|0-55:A>T-55:A>T,A/T,Vu09 (old8),7709481.0,1.0,0.004761904761904762,0.009523809523809525,0.009433537466384832
100034659|F|0-55:C>T-55:C>T,C/T,,,0.9809523809523809,0.22815533980582525,0.32038834951456313,0.29017820282544043
100034888|F|0-55:G>T-55:G>T,G/T,,,1.0,0.004761904761904762,0.009523809523809525,0.009433537466384832
100044894|F|0-55:A>G-55:A>G,A/G,,,1.0,0.18571428571428572,0.29523809523809524,0.25671128696376516
100046577|F|0-55:A>C-55:A>C,A/C,,,0.7714285714285715,0.012345679012345734,0.0,0.02408917510813427
100046643|F|0-55:G>A-55:G>A,G/A,,,1.0,0.023809523809523808,0.047619047619047616,0.04540482103650237
100048474|F|0-55:G>A-55:G>A,G/A,,,1.0,0.023809523809523808,0.02857142857142857,0.04540482103650237
100056885|F|0-55:A>T-55:A>T,A/T,,,0.7714285714285715,0.012345679012345678,0.0,0.024089175108134273
100013053|F|0-56:A>T-56:A>T,A/T,,,1.0,0.38095238095238093,0.49523809523809526,0.3604259542063235
100013547|F|0-56:A>T-56:A>T,A/T,,,1.0,0.19047619047619047,0.26666666666666666,0.26083781963276625
100013888|F|0-56:C>A-56:C>A,C/A,Vu11 (old9),2852751.0,1.0,0.004761904761904762,0.009523809523809525,0.009433537466384832
100014355|F|0-56:T>G-56:T>G,T/G,,,1.0,0.009523809523809525,0.01904761904761905,0.01868824615258029
100015323|F|0-56:G>C-56:G>C,G/C,,,1.0,0.18571428571428572,0.2571428571428571,0.25671128696376516
100015393|F|0-56:G>A-56:G>A,G/A,,,1.0,0.0761904761904762,0.1523809523809524,0.1308627413474837
100015473|F|0-56:C>A-56:C>A,C/A,Vu07 (old2),24248530.0,1.0,0.03333333333333333,0.02857142857142857,0.062367901234567986
100015598|F|0-56:T>C-56:T>C,T/C,,,1.0,0.3142857142857143,0.4380952380952381,0.33813111203665136
100016117|F|0-56:G>A-56:G>A,G/A,,,1.0,0.3952380952380952,0.44761904761904764,0.363784039571989
100016279|F|0-56:T>A-56:T>A,T/A,Vu09 (old8),4387389.0,1.0,0.02857142857142857,0.05714285714285714,0.0539695127030404
100016306|F|0-56:A>G-56:A>G,A/G,,,1.0,0.21428571428571427,0.3142857142857143,0.2800395668471471
100016724|F|0-56:T>C-56:T>C,T/C,,,1.0,0.04285714285714286,0.047619047619047616,0.07867546855476872
100016864|F|0-56:A>G-56:A>G,A/G,,,0.9904761904761905,0.14423076923076922,0.1346153846153846,0.21638744088858045
100017610|F|0-56:C>T-56:C>T,C/T,,,1.0,0.047619047619047616,0.09523809523809523,0.08658943547184561
100018195|F|0-56:A>C-56:A>C,A/C,Vu07 (old2),13922797.0,1.0,0.02857142857142857,0.05714285714285714,0.0539695127030404
100018444|F|0-56:T>G-56:T>G,T/G,,,1.0,0.1,0.047619047619047616,0.16379999999999995
100018732|F|0-56:C>A-56:C>A,C/A,,,0.8,0.023809523809523808,0.023809523809523808,0.04540482103650237
100018842|F|0-56:T>A-56:T>A,T/A,,,1.0,0.004761904761904762,0.009523809523809525,0.009433537466384832
100019185|F|0-56:T>C-56:T>C,T/C,,,1.0,0.047619047619047616,0.09523809523809523,0.08658943547184561
100019372|F|0-56:G>A-56:G>A,G/A,,,0.9809523809523809,0.13592233009708737,0.11650485436893204,0.207307093402494
100019390|F|0-56:C>T-56:C>T,C/T,,,1.0,0.22380952380952382,0.3142857142857143,0.28708118428021245
100019579|F|0-56:T>A-56:T>A,T/A,,,0.45714285714285713,0.10416666666666667,0.08333333333333333,0.1692162031008873
100019684|F|0-56:G>T-56:G>T,G/T,,,1.0,0.004761904761904762,0.009523809523809525,0.009433537466384832
100019798|F|0-56:T>A-56:T>A,T/A,,,0.9904761904761905,0.009615384615384616,0.019230769230769232,0.018864485634912918
100020307|F|0-56:C>T-56:C>T,C/T,,,1.0,0.12380952380952381,0.20952380952380953,0.1934253155835275
100020315|F|0-56:C>T-56:C>T,C/T,,,1.0,0.03333333333333333,0.06666666666666667,0.062367901234567986
100020360|F|0-56:A>G-56:A>G,A/G,,,1.0,0.2857142857142857,0.24761904761904763,0.3248646397334444
100020935|F|0-56:T>C-56:T>C,T/C,,,1.0,0.004761904761904762,0.009523809523809525,0.009433537466384832
100020957|F|0-56:G>A-56:G>A,G/A,,,1.0,0.0761904761904762,0.1523809523809524,0.1308627413474837
100021684|F|0-56:G>A-56:G>A,G/A,,,0.8666666666666667,0.02197802197802198,0.04395604395604396,0.04206590799227735
100022963|F|0-56:C>A-56:C>A,C/A,,,0.8476190476190476,0.0056179775280898875,0.011235955056179775,0.01111041562892225
100032844|F|0-56:T>C-56:T>C,T/C,,,1.0,0.009523809523809525,0.01904761904761905,0.01868824615258029
100032947|F|0-56:G>C-56:G>C,G/C,,,0.9809523809523809,0.23300970873786409,0.34951456310679613,0.293553419630718
100032969|F|0-56:A>T-56:A>T,A/T,,,0.9714285714285714,0.00980392156862745,0.0196078431372549,0.01922712643718924
100033038|F|0-56:C>T-56:C>T,C/T,,,1.0,0.004761904761904762,0.009523809523809525,0.009433537466384832
100033484|F|0-56:G>A-56:G>A,G/A,,,0.9904761904761905,0.019230769230769232,0.038461538461538464,0.03701042286684645
100033689|F|0-56:C>T-56:C>T,C/T,,,1.0,0.3380952380952381,0.42857142857142855,0.34741258940462055
100033833|F|0-56:G>C-56:G>C,G/C,,,1.0,0.047619047619047616,0.0761904761904762,0.08658943547184561
100034162|F|0-56:C>A-56:C>A,C/A,Vu03 (old3),58395347.0,1.0,0.014285714285714285,0.009523809523809525,0.02776668054977082
100035636|F|0-56:C>A-56:C>A,C/A,,,1.0,0.004761904761904762,0.009523809523809525,0.009433537466384832
100040407|F|0-56:A>C-56:A>C,A/C,,,0.8857142857142857,0.037634408602150504,0.010752688172043012,0.06981262405805172
100044780|F|0-56:T>A-56:T>A,T/A,,,0.9904761904761905,0.028846153846153848,0.038461538461538464,0.054458532149390726
100049911|F|0-56:T>A-56:T>A,T/A,,,0.9809523809523809,0.0048543689320388345,0.009708737864077669,0.00961493473338511
100051822|F|0-56:G>A-56:G>A,G/A,,,0.6666666666666666,0.0071428571428571175,0.014285714285714285,0.014083085172844541
100053685|F|0-56:C>A-56:C>A,C/A,,,0.8380952380952381,0.10227272727272728,0.045454545454545456,0.16676677304956966
100054608|F|0-56:G>A-56:G>A,G/A,,,1.0,0.004761904761904762,0.009523809523809525,0.009433537466384832
100056084|F|0-56:G>T-56:G>T,G/T,Vu11 (old9),1725731.0,1.0,0.18571428571428572,0.23809523809523808,0.25671128696376516
100059231|F|0-56:A>G-56:A>G,A/G,,,1.0,0.4523809523809524,0.42857142857142855,0.3727221425229199
100060105|F|0-56:G>A-56:G>A,G/A,Vu05 (old1),21417725.0,0.6285714285714286,0.015151515151515138,0.0,0.02939856449122671
100060288|F|0-56:A>G-56:A>G,A/G,,,0.638095238095238,0.052238805970149294,0.04477611940298507,0.09411736324743436
100013175|F|0-57:A>T-57:A>T,A/T,,,1.0,0.37142857142857144,0.45714285714285713,0.35792286547271973
100013521|F|0-57:C>G-57:C>G,C/G,Vu02 (old7),20518913.0,1.0,0.08571428571428572,0.11428571428571428,0.1444518117451063
100013587|F|0-57:T>G-57:T>G,T/G,,,1.0,0.047619047619047616,0.0761904761904762,0.08658943547184561
100014048|F|0-57:G>T-57:G>T,G/T,,,0.4380952380952381,0.03260869565217391,0.021739130434782608,0.06110051667732761
100014443|F|0-57:G>A-57:G>A,G/A,,,1.0,0.004761904761904762,0.009523809523809525,0.009433537466384832
100014483|F|0-57:T>A-57:T>A,T/A,,,1.0,0.23333333333333334,0.2761904761904762,0.2937753086419754
100015510|F|0-57:A>C-57:A>C,A/C,,,1.0,0.42857142857142855,0.41904761904761906,0.36984589754269065
100016053|F|0-57:T>C-57:T>C,T/C,,,1.0,0.24285714285714288,0.2571428571428571,0.3001331945022907
100016247|F|0-57:A>G-57:A>G,A/G,,,0.44761904761904764,0.2021276595744681,0.14893617021276595,0.27052677726269403
100016636|F|0-57:G>T-57:G>T,G/T,,,1.0,0.12380952380952381,0.17142857142857143,0.1934253155835275
100016712|F|0-57:C>A-57:C>A,C/A,Vu06 (old6),27002353.0,1.0,0.3857142857142857,0.4666666666666667,0.36159758433985845
100016972|F|0-57:G>T-57:G>T,G/T,,,1.0,0.009523809523809525,0.0,0.01868824615258029
100017012|F|0-57:A>G-57:A>G,A/G,,,1.0,0.46190476190476193,0.5428571428571428,0.37354454059779624
100017492|F|0-57:G>A-57:G>A,G/A,,,0.7714285714285715,0.018518518518518517,0.012345679012345678,0.0356904623467139
100017582|F|0-57:G>A-57:G>A,G/A,,,0.9809523809523809,0.0970873786407767,0.0970873786407767,0.15995379014403255
100017923|F|0-57:A>G-57:A>G,A/G,,,1.0,0.41428571428571426,0.5428571428571428,0.36754510620574754
100018462|F|0-57:G>T-57:G>T,G/T,,,1.0,0.10476190476190476,0.1523809523809524,0.16998175040235286
100018556|F|0-57:G>A-57:G>A,G/A,,,1.0,0.004761904761904762,0.009523809523809525,0.009433537466384832
100018714|F|0-57:C>T-57:C>T,C/T,,,0.9142857142857143,0.015625,0.03125,0.03028857707977295
100018867|F|0-57:G>A-57:G>A,G/A,,,1.0,0.23333333333333334,0.3904761904761905,0.2937753086419754
100019801|F|0-57:T>C-57:T>C,T/C,,,1.0,0.004761904761904762,0.009523809523809525,0.009433537466384832
100020330|F|0-57:G>A-57:G>A,G/A,Vu08 (old5),37772499.0,1.0,0.009523809523809525,0.01904761904761905,0.01868824615258029
100021099|F|0-57:T>A-57:T>A,T/A,,,1.0,0.014285714285714285,0.02857142857142857,0.02776668054977082
100021389|F|0-57:T>C-57:T>C,T/C,,,1.0,0.2857142857142857,0.34285714285714286,0.3248646397334444
100021666|F|0-57:A>C-57:A>C,A/C,,,1.0,0.04285714285714286,0.08571428571428572,0.07867546855476872
100021743|F|0-57:T>C-57:T>C,T/C,,,1.0,0.05714285714285714,0.09523809523809523,0.10194952103290292
100021838|F|0-57:A>G-57:A>G,A/G,Vu07 (old2),38535679.0,1.0,0.2904761904761905,0.3333333333333333,0.3272453134239335
100022248|F|0-57:T>A-57:T>A,T/A,,,1.0,0.34285714285714286,0.4,0.34908654727196997
100022394|F|0-57:C>T-57:C>T,C/T,,,0.8476190476190476,0.05056179775280899,0.056179775280898875,0.09140158661211988
100033031|F|0-57:C>G-57:C>G,C/G,,,1.0,0.014285714285714285,0.02857142857142857,0.02776668054977082
100033659|F|0-57:T>C-57:T>C,T/C,,,0.9904761904761905,0.40865384615384615,0.49038461538461536,0.36651663150629077
100034394|F|0-57:A>G-57:A>G,A/G,,,0.9333333333333333,0.1326530612244898,0.16326530612244897,0.20363658259842793
100035442|F|0-57:C>T-57:C>T,C/T,,,0.8571428571428571,0.1111111111111111,0.1111111111111111,0.17802164304221918
100035956|F|0-57:T>G-57:T>G,T/G,,,1.0,0.29523809523809524,0.4,0.32955674230387544
100036173|F|0-57:T>C-57:T>C,T/C,,,1.0,0.05714285714285714,0.0761904761904762,0.10194952103290292
100040341|F|0-57:G>C-57:G>C,G/C,,,0.7428571428571429,0.12179487179487179,0.08974358974358974,0.19104050187037402
100040378|F|0-57:G>A-57:G>A,G/A,,,1.0,0.3476190476190476,0.4666666666666667,0.35070171276371465
100044544|F|0-57:G>T-57:G>T,G/T,,,0.9714285714285714,0.00980392156862745,0.0,0.01922712643718924
100047252|F|0-57:G>A-57:G>A,G/A,,,0.9904761904761905,0.3125,0.5288461538461539,0.337371826171875
100047453|F|0-57:G>A-57:G>A,G/A,,,0.8476190476190476,0.12921348314606743,0.19101123595505617,0.19971440572229476
100057506|F|0-57:T>G-57:T>G,T/G,,,0.9238095238095239,0.005154639175257732,0.010309278350515464,0.010203543559785646
100057957|F|0-57:C>A-57:C>A,C/A,,,1.0,0.38095238095238093,0.7238095238095238,0.3604259542063235
100060288|F|0-57:A>T-57:A>T,A/T,,,0.8761904761904762,0.02717391304347827,0.05434782608695652,0.05147331256577398
100013048|F|0-58:C>T-58:C>T,C/T,,,1.0,0.0761904761904762,0.09523809523809523,0.1308627413474837
100013138|F|0-58:G>A-58:G>A,G/A,,,0.9904761904761905,0.41346153846153844,0.4423076923076923,0.36739892726860934
100013604|F|0-58:C>T-58:C>T,C/T,,,1.0,0.16666666666666666,0.18095238095238095,0.23919753086419743
100013970|F|0-58:T>C-58:T>C,T/C,,,1.0,0.009523809523809525,0.01904761904761905,0.01868824615258029
100014294|F|0-58:C>T-58:C>T,C/T,,,1.0,0.06666666666666667,0.09523809523809523,0.11670123456790114
100014566|F|0-58:T>A-58:T>A,T/A,,,1.0,0.07142857142857142,0.14285714285714285,0.12385464389837572
100014759|F|0-58:C>A-58:C>A,C/A,,,0.8857142857142857,0.24731182795698925,0.3225806451612903,0.30299470754713975
100015576|F|0-58:G>T-58:G>T,G/T,,,1.0,0.10952380952380952,0.2,0.17603313331379425
100016024|F|0-58:G>A-58:G>A,G/A,,,1.0,0.29523809523809524,0.38095238095238093,0.32955674230387544
100016293|F|0-58:A>G-58:A>G,A/G,,,1.0,0.4142857142857143,0.44761904761904764,0.36754510620574765
100016414|F|0-58:C>T-58:C>T,C/T,Vu03 (old3),6207726.0,0.6857142857142857,0.0763888888888889,0.125,0.13115162464962224
100016817|F|0-58:C>T-58:C>T,C/T,,,1.0,0.4904761904761905,0.3523809523809524,0.3749092805981047
100017951|F|0-58:G>A-58:G>A,G/A,,,1.0,0.37142857142857144,0.34285714285714286,0.35792286547271973
100019025|F|0-58:C>A-58:C>A,C/A,,,1.0,0.09523809523809523,0.17142857142857143,0.15748582123703592
100019075|F|0-58:G>A-58:G>A,G/A,Vu09 (old8),41940020.0,1.0,0.13333333333333333,0.20952380952380953,0.20440493827160486
100019239|F|0-58:A>G-58:A>G,A/G,,,1.0,0.04285714285714286,0.06666666666666667,0.07867546855476872
100020025|F|0-58:A>C-58:A>C,A/C,,,1.0,0.32857142857142857,0.44761904761904764,0.34388496459808404
100020292|F|0-58:T>C-58:T>C,T/C,Vu07 (old2),39103737.0,1.0,0.29523809523809524,0.4,0.32955674230387544
100020488|F|0-58:T>G-58:T>G,T/G,,,1.0,0.23809523809523808,0.3238095238095238,0.29699559339986953
100020706|F|0-58:C>T-58:C>T,C/T,,,0.7333333333333333,0.03896103896103896,0.0,0.0720821848670219
100021572|F|0-58:T>G-58:T>G,T/G,,,1.0,0.2761904761904762,0.3619047619047619,0.3198911400085356
100021644|F|0-58:T>G-58:T>G,T/G,,,0.9619047619047619,0.09405940594059406,0.10891089108910891,0.15590221851057443
100033011|F|0-58:C>G-58:C>G,C/G,,,1.0,0.01904761904761905,0.0380952380952381,0.036671370468066414
100033837|F|0-58:G>A-58:G>A,G/A,,,1.0,0.0380952380952381,0.0761904761904762,0.07060241771689768
100034611|F|0-58:T>A-58:T>A,T/A,Vu08 (old5),2982775.0,1.0,0.004761904761904762,0.009523809523809525,0.009433537466384832
100035121|F|0-58:G>A-58:G>A,G/A,,,0.9238095238095239,0.061855670103092786,0.08247422680412371,0.10932423589885466
100035366|F|0-58:A>G-58:A>G,A/G,,,1.0,0.01904761904761905,0.0380952380952381,0.036671370468066414
100040834|F|0-58:G>T-58:G>T,G/T,,,1.0,0.009523809523809525,0.01904761904761905,0.01868824615258029
100040839|F|0-58:G>A-58:G>A,G/A,,,1.0,0.0380952380952381,0.05714285714285714,0.07060241771689768
100047220|F|0-58:A>G-58:A>G,A/G,,,1.0,0.009523809523809525,0.01904761904761905,0.01868824615258029
100050454|F|0-58:A>T-58:A>T,A/T,,,0.8952380952380953,0.010638297872340385,0.02127659574468085,0.02082869249034918
100051185|F|0-58:A>T-58:A>T,A/T,,,0.7238095238095238,0.013157894736842146,0.0,0.025632320865401584
100051635|F|0-58:G>A-58:G>A,G/A,,,0.819047619047619,0.011627906976744186,0.0,0.022721233262772565
100052903|F|0-58:C>A-58:C>A,C/A,,,1.0,0.08571428571428572,0.17142857142857143,0.1444518117451063
100057618|F|0-58:T>C-58:T>C,T/C,,,0.8857142857142857,0.010752688172043001,0.0,0.02104784131253112
100058315|F|0-58:A>G-58:A>G,A/G,,,0.9333333333333333,0.0357142857142857,0.030612244897959183,0.06650549250312358
100060033|F|0-58:C>T-58:C>T,C/T,,,0.9809523809523809,0.0048543689320388345,0.009708737864077669,0.00961493473338511
100060670|F|0-58:C>T-58:C>T,C/T,,,0.7619047619047619,0.0125,0.0,0.024382763671874974
100013003|F|0-59:A>G-59:A>G,A/G,,,1.0,0.06190476190476191,0.10476190476190476,0.10940027971884139
100014470|F|0-59:T>C-59:T>C,T/C,,,1.0,0.10476190476190476,0.19047619047619047,0.16998175040235286
100014666|F|0-59:T>C-59:T>C,T/C,,,1.0,0.2857142857142857,0.38095238095238093,0.3248646397334444
100015335|F|0-59:A>C-59:A>C,A/C,,,1.0,0.004761904761904762,0.009523809523809525,0.009433537466384832
100016054|F|0-59:T>A-59:T>A,T/A,,,1.0,0.19523809523809524,0.29523809523809524,0.2648668600017482
100016869|F|0-59:G>C-59:G>C,G/C,,,1.0,0.1523809523809524,0.20952380952380953,0.2249568687943809
100017511|F|0-59:G>C-59:G>C,G/C,,,1.0,0.20952380952380953,0.2857142857142857,0.27638482319609636
100017697|F|0-59:C>T-59:C>T,C/T,,,1.0,0.10476190476190476,0.13333333333333333,0.16998175040235286
100017875|F|0-59:G>A-59:G>A,G/A,Vu09 (old8),37318213.0,1.0,0.04285714285714286,0.06666666666666667,0.07867546855476872
100018059|F|0-59:A>C-59:A>C,A/C,,,1.0,0.004761904761904762,0.009523809523809525,0.009433537466384832
100019366|F|0-59:T>G-59:T>G,T/G,,,1.0,0.004761904761904762,0.009523809523809525,0.009433537466384832
100019370|F|0-59:C>T-59:C>T,C/T,,,1.0,0.3476190476190476,0.4857142857142857,0.35070171276371465
100020439|F|0-59:C>T-59:C>T,C/T,,,1.0,0.01904761904761905,0.0380952380952381,0.036671370468066414
100021571|F|0-59:T>G-59:T>G,T/G,,,1.0,0.03333333333333333,0.02857142857142857,0.062367901234567986
100021681|F|0-59:G>A-59:G>A,G/A,,,0.45714285714285713,0.09375,0.020833333333333332,0.1554851531982422
100021903|F|0-59:G>A-59:G>A,G/A,,,1.0,0.11428571428571428,0.11428571428571428,0.18195618492294877
100021941|F|0-59:G>A-59:G>A,G/A,,,1.0,0.2904761904761905,0.2761904761904762,0.3272453134239335
100033255|F|0-59:G>A-59:G>A,G/A,,,0.9714285714285714,0.19607843137254902,0.27450980392156865,0.2655678670892409
100034740|F|0-59:T>C-59:T>C,T/C,Vu08 (old5),34703845.0,0.9904761904761905,0.2403846153846154,0.38461538461538464,0.29851429218930536
100034899|F|0-59:G>C-59:G>C,G/C,,,1.0,0.41904761904761906,0.49523809523809526,0.36836082085139427
100034904|F|0-59:G>A-59:G>A,G/A,Vu06 (old6),21435326.0,1.0,0.014285714285714285,0.009523809523809525,0.02776668054977082
100035340|F|0-59:T>A-59:T>A,T/A,,,1.0,0.03333333333333333,0.06666666666666667,0.062367901234567986
100040336|F|0-59:G>T-59:G>T,G/T,,,1.0,0.04285714285714286,0.08571428571428572,0.07867546855476872
100041568|F|0-59:G>A-59:G>A,G/A,,,0.6857142857142857,0.013888888888888888,0.0,0.027016815152987164
100041739|F|0-59:G>T-59:G>T,G/T,,,1.0,0.07142857142857142,0.10476190476190476,0.12385464389837572
100041895|F|0-59:G>C-59:G>C,G/C,,,0.9904761904761905,0.028846153846153848,0.057692307692307696,0.054458532149390726
100047143|F|0-59:C>T-59:C>T,C/T,,,1.0,0.3523809523809524,0.49523809523809526,0.3522588880147676
100054609|F|0-59:C>T-59:C>T,C/T,,,1.0,0.004761904761904762,0.009523809523809525,0.009433537466384832
100060671|F|0-59:C>A-59:C>A,C/A,,,0.7619047619047619,0.012499999999999956,0.0,0.024382763671874974
100013207|F|0-60:C>G-60:C>G,C/G,Vu07 (old2),29186793.0,1.0,0.44285714285714284,0.4857142857142857,0.37171336942940447
100013678|F|0-60:A>T-60:A>T,A/T,,,1.0,0.38571428571428573,0.5428571428571428,0.3615975843398583
100013794|F|0-60:G>A-60:G>A,G/A,,,1.0,0.4380952380952381,0.49523809523809526,0.3711384289467865
100014531|F|0-60:G>C-60:G>C,G/C,,,0.9904761904761905,0.40865384615384615,0.2980769230769231,0.36651663150629077
100014686|F|0-60:T>C-60:T>C,T/C,,,0.9904761904761905,0.009615384615384616,0.019230769230769232,0.018864485634912918
100014835|F|0-60:A>G-60:A>G,A/G,,,1.0,0.3,0.3333333333333333,0.33180000000000004
100015119|F|0-60:C>T-60:C>T,C/T,,,1.0,0.014285714285714285,0.02857142857142857,0.02776668054977082
100015168|F|0-60:G>C-60:G>C,G/C,,,1.0,0.047619047619047616,0.09523809523809523,0.08658943547184561
100016319|F|0-60:C>A-60:C>A,C/A,,,1.0,0.09047619047619047,0.1619047619047619,0.1510371285626874
100016325|F|0-60:C>T-60:C>T,C/T,Vu09 (old8),1016914.0,1.0,0.23333333333333334,0.3904761904761905,0.2937753086419754
100016887|F|0-60:G>T-60:G>T,G/T,,,1.0,0.07142857142857142,0.06666666666666667,0.12385464389837572
100017010|F|0-60:G>A-60:G>A,G/A,,,0.9904761904761905,0.014423076923076924,0.028846153846153848,0.028025968156355576
100017267|F|0-60:T>C-60:T>C,T/C,Vu07 (old2),29861358.0,1.0,0.3761904761904762,0.42857142857142855,0.35920125770640843
100017404|F|0-60:A>G-60:A>G,A/G,,,1.0,0.02857142857142857,0.05714285714285714,0.0539695127030404
100017587|F|0-60:T>A-60:T>A,T/A,,,1.0,0.11428571428571428,0.19047619047619047,0.18195618492294877
100018597|F|0-60:C>T-60:C>T,C/T,,,1.0,0.3047619047619048,0.38095238095238093,0.3339761354579625
100019200|F|0-60:C>T-60:C>T,C/T,,,1.0,0.37142857142857144,0.49523809523809526,0.35792286547271973
100019431|F|0-60:A>G-60:A>G,A/G,,,1.0,0.023809523809523808,0.047619047619047616,0.04540482103650237
100019797|F|0-60:T>C-60:T>C,T/C,,,0.45714285714285713,0.04166666666666663,0.041666666666666664,0.07667221257716032
100020682|F|0-60:A>G-60:A>G,A/G,,,1.0,0.4857142857142857,0.5333333333333333,0.3747958350687214
100020940|F|0-60:T>A-60:T>A,T/A,,,1.0,0.004761904761904762,0.009523809523809525,0.009433537466384832
100021071|F|0-60:A>G-60:A>G,A/G,Vu07 (old2),39201975.0,1.0,0.3333333333333333,0.45714285714285713,0.345679012345679
100021959|F|0-60:G>A-60:G>A,G/A,Vu02 (old7),21244140.0,1.0,0.24761904761904763,0.41904761904761906,0.30318945706778555
100022029|F|0-60:T>A-60:T>A,T/A,,,1.0,0.004761904761904762,0.009523809523809525,0.009433537466384832
100022323|F|0-60:G>C-60:G>C,G/C,,,1.0,0.36666666666666664,0.4095238095238095,0.35659012345679014
100033420|F|0-60:C>A-60:C>A,C/A,,,1.0,0.3476190476190476,0.4857142857142857,0.35070171276371465
100034197|F|0-60:C>A-60:C>A,C/A,,,0.44761904761904764,0.0851063829787234,0.0851063829787234,0.1436011903237118
100035739|F|0-60:C>T-60:C>T,C/T,,,1.0,0.3,0.3904761904761905,0.33180000000000004
100040003|F|0-60:C>T-60:C>T,C/T,,,1.0,0.3142857142857143,0.4,0.33813111203665136
100041692|F|0-60:T>A-60:T>A,T/A,,,0.4666666666666667,0.02040816326530612,0.0,0.039184006525116846
100044452|F|0-60:C>T-60:C>T,C/T,Vu05 (old1),1696325.0,1.0,0.01904761904761905,0.0380952380952381,0.036671370468066414
100044964|F|0-60:A>G-60:A>G,A/G,,,1.0,0.04285714285714286,0.06666666666666667,0.07867546855476872
100048583|F|0-60:A>G-60:A>G,A/G,,,0.9809523809523809,0.34466019417475724,0.33980582524271846,0.34970498698273184
100051794|F|0-60:T>C-60:T>C,T/C,Vu09 (old8),3361921.0,1.0,0.4380952380952381,0.4380952380952381,0.3711384289467865
100058484|F|0-60:G>A-60:G>A,G/A,,,1.0,0.14761904761904762,0.2761904761904762,0.21999012654192443
100060408|F|0-60:T>G-60:T>G,T/G,,,0.9047619047619048,0.005263157894736842,0.010526315789473684,0.010416094106092016
100013918|F|0-61:T>G-61:T>G,T/G,,,1.0,0.3047619047619048,0.3619047619047619,0.3339761354579625
100014043|F|0-61:T>G-61:T>G,T/G,,,1.0,0.1619047619047619,0.3047619047619048,0.23455879391817186
100014086|F|0-61:C>T-61:C>T,C/T,,,1.0,0.06666666666666667,0.11428571428571428,0.11670123456790114
100014980|F|0-61:T>A-61:T>A,T/A,,,1.0,0.20476190476190476,0.23809523809523808,0.27263880687573583
100015006|F|0-61:G>T-61:G>T,G/T,,,1.0,0.2761904761904762,0.34285714285714286,0.3198911400085356
100015098|F|0-61:T>G-61:T>G,T/G,,,0.9714285714285714,0.07352941176470588,0.06862745098039216,0.12696423279773938
100015112|F|0-61:C>T-61:C>T,C/T,,,1.0,0.44285714285714284,0.3904761904761905,0.37171336942940447
100016448|F|0-61:C>T-61:C>T,C/T,,,1.0,0.05238095238095238,0.06666666666666667,0.0943466755107184
100016486|F|0-61:G>C-61:G>C,G/C,,,1.0,0.10476190476190476,0.19047619047619047,0.16998175040235286
100017220|F|0-61:C>T-61:C>T,C/T,,,1.0,0.4,0.49523809523809526,0.36479999999999996
100017332|F|0-61:A>C-61:A>C,A/C,,,1.0,0.009523809523809525,0.01904761904761905,0.01868824615258029
100017556|F|0-61:C>G-61:C>G,C/G,,,1.0,0.004761904761904762,0.009523809523809525,0.009433537466384832
100017887|F|0-61:C>T-61:C>T,C/T,Vu04 (old11),2231894.0,1.0,0.009523809523809525,0.01904761904761905,0.01868824615258029
100018124|F|0-61:T>A-61:T>A,T/A,,,1.0,0.47619047619047616,0.5142857142857142,0.37443246383965534
100019105|F|0-61:T>C-61:T>C,T/C,,,1.0,0.11904761904761904,0.21904761904761905,0.18775291673736771
100019590|F|0-61:C>T-61:C>T,C/T,,,1.0,0.3142857142857143,0.41904761904761906,0.33813111203665136
100019601|F|0-61:A>G-61:A>G,A/G,,,1.0,0.40476190476190477,0.4095238095238095,0.36576516472046117
100019647|F|0-61:G>A-61:G>A,G/A,,,0.9904761904761905,0.03365384615384615,0.028846153846153848,0.06292726425833906
100019656|F|0-61:T>G-61:T>G,T/G,,,1.0,0.3380952380952381,0.44761904761904764,0.34741258940462055
100019664|F|0-61:T>C-61:T>C,T/C,,,1.0,0.44285714285714284,0.5047619047619047,0.37171336942940447
100020650|F|0-61:T>A-61:T>A,T/A,,,0.9809523809523809,0.02912621359223301,0.05825242718446602,0.05495647786177706
100021291|F|0-61:A>G-61:A>G,A/G,,,1.0,0.21904761904761905,0.24761904761904763,0.28360453103387984
100021800|F|0-61:T>A-61:T>A,T/A,,,0.5047619047619047,0.018867924528301886,0.0,0.03633846909966586
100022089|F|0-61:C>T-61:C>T,C/T,,,0.9142857142857143,0.0625,0.0625,0.110321044921875
100022277|F|0-61:G>T-61:G>T,G/T,,,0.9714285714285714,0.04411764705882353,0.06862745098039216,0.08078572679326156
100032755|F|0-61:C>T-61:C>T,C/T,Vu11 (old9),32264867.0,1.0,0.08571428571428572,0.17142857142857143,0.1444518117451063
100032782|F|0-61:G>T-61:G>T,G/T,Vu09 (old8),27565418.0,1.0,0.01904761904761905,0.0380952380952381,0.036671370468066414
100032815|F|0-61:T>A-61:T>A,T/A,,,0.8095238095238095,0.07647058823529412,0.03529411764705882,0.13127050442403707
100033042|F|0-61:G>A-61:G>A,G/A,,,1.0,0.03333333333333333,0.06666666666666667,0.062367901234567986
100033264|F|0-61:C>T-61:C>T,C/T,,,1.0,0.07142857142857142,0.10476190476190476,0.12385464389837572
100033920|F|0-61:A>T-61:A>T,A/T,,,1.0,0.03333333333333333,0.06666666666666667,0.062367901234567986
100034016|F|0-61:A>C-61:A>C,A/C,,,0.9714285714285714,0.0392156862745098,0.0784313725490196,0.07251639677815931
100034199|F|0-61:A>C-61:A>C,A/C,,,1.0,0.10952380952380952,0.1619047619047619,0.17603313331379425
100034945|F|0-61:G>A-61:G>A,G/A,,,1.0,0.4904761904761905,0.4857142857142857,0.3749092805981047
100035495|F|0-61:A>C-61:A>C,A/C,,,1.0,0.004761904761904762,0.009523809523809525,0.009433537466384832
100035597|F|0-61:C>T-61:C>T,C/T,,,0.9904761904761905,0.038461538461538464,0.07692307692307693,0.07122912363012504
100035689|F|0-61:C>T-61:C>T,C/T,,,1.0,0.17142857142857143,0.3238095238095238,0.2437304456476469
100035744|F|0-61:C>T-61:C>T,C/T,,,1.0,0.17142857142857143,0.26666666666666666,0.2437304456476469
100035974|F|0-61:T>C-61:T>C,T/C,,,0.8857142857142857,0.05913978494623651,0.0967741935483871,0.10509241696977721
100036461|F|0-61:A>G-61:A>G,A/G,,,0.6476190476190476,0.07352941176470588,0.08823529411764706,0.12696423279773938
100040190|F|0-61:C>A-61:C>A,C/A,,,0.8095238095238095,0.0058823529411764705,0.011764705882352941,0.011627109349744267
100041782|F|0-61:C>T-61:C>T,C/T,,,1.0,0.04285714285714286,0.08571428571428572,0.07867546855476872
100041804|F|0-61:A>T-61:A>T,A/T,,,0.9238095238095239,0.31443298969072164,0.31958762886597936,0.3381933303513444
100044525|F|0-61:T>G-61:T>G,T/G,,,1.0,0.02857142857142857,0.05714285714285714,0.0539695127030404
100046820|F|0-61:A>T-61:A>T,A/T,Vu03 (old3),17589925.0,1.0,0.004761904761904762,0.009523809523809525,0.009433537466384832
100048524|F|0-61:C>T-61:C>T,C/T,,,0.9809523809523809,0.014563106796116505,0.02912621359223301,0.0282901417271003
100051593|F|0-61:G>C-61:G>C,G/C,,,1.0,0.06190476190476191,0.06666666666666667,0.10940027971884139
100052109|F|0-61:G>T-61:G>T,G/T,,,0.6666666666666666,0.16428571428571426,0.07142857142857142,0.2368914983340274
100054129|F|0-61:T>A-61:T>A,T/A,,,1.0,0.0761904761904762,0.13333333333333333,0.1308627413474837
100054456|F|0-61:G>A-61:G>A,G/A,,,1.0,0.023809523809523808,0.047619047619047616,0.04540482103650237
100013419|F|0-62:G>T-62:G>T,G/T,,,1.0,0.21904761904761905,0.3047619047619048,0.28360453103387984
100013911|F|0-62:A>G-62:A>G,A/G,,,1.0,0.4714285714285714,0.4857142857142857,0.37418234069137857
100014062|F|0-62:G>A-62:G>A,G/A,,,1.0,0.12857142857142856,0.23809523809523808,0.1989753436068305
100014402|F|0-62:C>T-62:C>T,C/T,,,0.9904761904761905,0.44711538461538464,0.41346153846153844,0.3721875734704201
100014802|F|0-62:A>T-62:A>T,A/T,,,1.0,0.004761904761904762,0.009523809523809525,0.009433537466384832
100015162|F|0-62:C>T-62:C>T,C/T,,,1.0,0.11904761904761904,0.18095238095238095,0.18775291673736771
100015180|F|0-62:C>T-62:C>T,C/T,,,1.0,0.023809523809523808,0.02857142857142857,0.04540482103650237
100015577|F|0-62:A>G-62:A>G,A/G,,,1.0,0.10952380952380952,0.2,0.17603313331379425
100015756|F|0-62:C>T-62:C>T,C/T,,,0.5904761904761905,0.016129032258064516,0.0,0.031234130030611
100016185|F|0-62:C>T-62:C>T,C/T,,,1.0,0.41904761904761906,0.5142857142857142,0.36836082085139427
100016278|F|0-62:A>C-62:A>C,A/C,,,0.42857142857142855,0.0888888888888889,0.0,0.1488573083371437
100016372|F|0-62:T>C-62:T>C,T/C,Vu04 (old11),30417449.0,1.0,0.004761904761904745,0.009523809523809525,0.009433537466384832
100016473|F|0-62:G>T-62:G>T,G/T,Vu02 (old7),33087252.0,1.0,0.04285714285714286,0.06666666666666667,0.07867546855476872
100016626|F|0-62:G>T-62:G>T,G/T,,,0.9428571428571428,0.005050505050505051,0.010101010101010102,0.009999493699750063
100016667|F|0-62:G>C-62:G>C,G/C,,,0.5333333333333333,0.017857142857142856,0.0,0.03446134911234904
100016828|F|0-62:G>T-62:G>T,G/T,,,0.45714285714285713,0.020833333333333332,0.0,0.03996634777681332
100017292|F|0-62:T>G-62:T>G,T/G,,,0.44761904761904764,0.02127659574468085,0.0,0.04078053462921043
100017538|F|0-62:C>T-62:C>T,C/T,,,1.0,0.01904761904761905,0.01904761904761905,0.036671370468066414
100017989|F|0-62:A>T-62:A>T,A/T,,,1.0,0.05238095238095238,0.10476190476190476,0.0943466755107184
100018118|F|0-62:G>A-62:G>A,G/A,,,0.45714285714285713,0.03125,0.020833333333333332,0.05871391296386719
100018152|F|0-62:T>C-62:T>C,T/C,,,1.0,0.20476190476190476,0.3333333333333333,0.27263880687573583
100018966|F|0-62:G>A-62:G>A,G/A,,,1.0,0.014285714285714285,0.009523809523809525,0.02776668054977082
100019357|F|0-62:A>C-62:A>C,A/C,Vu11 (old9),27999283.0,1.0,0.34285714285714286,0.45714285714285713,0.34908654727196997
100020028|F|0-62:G>A-62:G>A,G/A,,,0.44761904761904764,0.0425531914893617,0.0425531914893617,0.07816494561837116
100020318|F|0-62:T>A-62:T>A,T/A,,,0.9714285714285714,0.02941176470588236,0.058823529411764705,0.055463595981848975
100020449|F|0-62:G>A-62:G>A,G/A,,,1.0,0.014285714285714285,0.02857142857142857,0.02776668054977082
100020992|F|0-62:A>G-62:A>G,A/G,,,1.0,0.42857142857142855,0.4380952380952381,0.36984589754269065
100021326|F|0-62:C>T-62:C>T,C/T,,,1.0,0.0380952380952381,0.05714285714285714,0.07060241771689768
100021370|F|0-62:A>T-62:A>T,A/T,,,1.0,0.3380952380952381,0.4666666666666667,0.34741258940462055
100032772|F|0-62:T>A-62:T>A,T/A,,,1.0,0.004761904761904762,0.009523809523809525,0.009433537466384832
100032913|F|0-62:C>A-62:C>A,C/A,,,0.5523809523809524,0.017241379310344827,0.0,0.03331402229099896
100033733|F|0-62:A>G-62:A>G,A/G,,,0.9619047619047619,0.004950495049504955,0.009900990099009901,0.00980344458791777
100033878|F|0-62:A>G-62:A>G,A/G,,,0.5904761904761905,0.016129032258064516,0.0,0.031234130030611
100035786|F|0-62:C>A-62:C>A,C/A,,,0.9904761904761905,0.028846153846153848,0.038461538461538464,0.054458532149390726
100035902|F|0-62:A>C-62:A>C,A/C,,,0.8857142857142857,0.043010752688172005,0.0,0.07893322818556413
100035944|F|0-62:G>A-62:G>A,G/A,,,1.0,0.02857142857142857,0.05714285714285714,0.0539695127030404
100035969|F|0-62:A>G-62:A>G,A/G,,,0.7047619047619048,0.033783783783783786,0.04054054054054054,0.06315382173009675
100039949|F|0-62:A>T-62:A>T,A/T,,,1.0,0.47619047619047616,0.5142857142857142,0.37443246383965534
100040107|F|0-62:A>T-62:A>T,A/T,,,0.5333333333333333,0.017857142857142856,0.0,0.03446134911234904
100041091|F|0-62:C>G-62:C>G,C/G,,,0.5523809523809524,0.017241379310344827,0.0,0.03331402229099896
100041507|F|0-62:A>G-62:A>G,A/G,,,1.0,0.009523809523809525,0.01904761904761905,0.01868824615258029
100044397|F|0-62:C>G-62:C>G,C/G,,,1.0,0.30952380952380953,0.37142857142857144,0.33608617294234394
100046700|F|0-62:C>A-62:C>A,C/A,,,1.0,0.004761904761904762,0.009523809523809525,0.009433537466384832
100047334|F|0-62:G>T-62:G>T,G/T,,,0.9904761904761905,0.02403846153846154,0.028846153846153848,0.0458204270010215
100049550|F|0-62:C>A-62:C>A,C/A,Vu03 (old3),56581000.0,1.0,0.004761904761904762,0.009523809523809525,0.009433537466384832
100052674|F|0-62:T>A-62:T>A,T/A,,,0.7142857142857143,0.013333333333333308,0.0,0.025964973827160336
100055482|F|0-62:T>A-62:T>A,T/A,,,0.8095238095238095,0.24705882352941178,0.18823529411764706,0.30283407526250894
100058699|F|0-62:C>A-62:C>A,C/A,,,1.0,0.05714285714285714,0.11428571428571428,0.10194952103290292
100060019|F|0-62:C>G-62:C>G,C/G,,,0.6761904761904762,0.014084507042253502,0.0,0.027386617988790274
100012959|F|0-63:T>C-63:T>C,T/C,,,1.0,0.047619047619047616,0.0761904761904762,0.08658943547184561
100013019|F|0-63:A>T-63:A>T,A/T,,,1.0,0.09047619047619047,0.10476190476190476,0.1510371285626874
100013153|F|0-63:C>A-63:C>A,C/A,,,1.0,0.12857142857142856,0.21904761904761905,0.1989753436068305
100013336|F|0-63:T>A-63:T>A,T/A,contig_320,112991.0,0.9619047619047619,0.0049504950495049506,0.009900990099009901,0.009803444587917771
100013673|F|0-63:C>A-63:C>A,C/A,,,1.0,0.28095238095238095,0.44761904761904764,0.3224136229246044
100013839|F|0-63:G>A-63:G>A,G/A,,,0.8380952380952381,0.22727272727272727,0.18181818181818182,0.2895550167338297
100013879|F|0-63:G>A-63:G>A,G/A,,,1.0,0.23333333333333334,0.37142857142857144,0.2937753086419754
100014027|F|0-63:A>T-63:A>T,A/T,,,1.0,0.009523809523809525,0.01904761904761905,0.01868824615258029
100014058|F|0-63:C>T-63:C>T,C/T,,,1.0,0.10476190476190476,0.19047619047619047,0.16998175040235286
100014389|F|0-63:G>C-63:G>C,G/C,,,1.0,0.03333333333333333,0.06666666666666667,0.062367901234567986
100015224|F|0-63:G>C-63:G>C,G/C,,,1.0,0.2904761904761905,0.3523809523809524,0.3272453134239335
100015287|F|0-63:T>C-63:T>C,T/C,,,1.0,0.4142857142857143,0.44761904761904764,0.36754510620574765
100015308|F|0-63:C>T-63:C>T,C/T,,,1.0,0.4238095238095238,0.44761904761904764,0.36912761555113355
100015358|F|0-63:T>G-63:T>G,T/G,,,1.0,0.06190476190476191,0.06666666666666667,0.10940027971884139
100015590|F|0-63:C>G-63:C>G,C/G,,,1.0,0.2,0.2857142857142857,0.2687999999999998
100015853|F|0-63:C>G-63:C>G,C/G,,,1.0,0.09047619047619047,0.12380952380952381,0.1510371285626874
100016151|F|0-63:C>G-63:C>G,C/G,,,1.0,0.04285714285714286,0.06666666666666667,0.07867546855476872
100016790|F|0-63:A>T-63:A>T,A/T,,,1.0,0.26666666666666666,0.3238095238095238,0.314627160493827
100017171|F|0-63:T>G-63:T>G,T/G,,,0.9047619047619048,0.010526315789473717,0.0,0.020614059130915234
100017442|F|0-63:C>T-63:C>T,C/T,,,1.0,0.047619047619047616,0.0761904761904762,0.08658943547184561
100018629|F|0-63:G>A-63:G>A,G/A,,,1.0,0.4142857142857143,0.5047619047619047,0.36754510620574765
100018782|F|0-63:C>T-63:C>T,C/T,,,1.0,0.10952380952380952,0.2,0.17603313331379425
100018804|F|0-63:G>A-63:G>A,G/A,,,1.0,0.09047619047619047,0.14285714285714285,0.1510371285626874
100018930|F|0-63:C>G-63:C>G,C/G,Vu09 (old8),30816607.0,1.0,0.09523809523809523,0.17142857142857143,0.15748582123703592
100019659|F|0-63:G>T-63:G>T,G/T,,,1.0,0.10952380952380952,0.2,0.17603313331379425
100020621|F|0-63:G>C-63:G>C,G/C,,,1.0,0.02857142857142857,0.05714285714285714,0.0539695127030404
100020774|F|0-63:A>G-63:A>G,A/G,,,1.0,0.21904761904761905,0.2857142857142857,0.28360453103387984
100020912|F|0-63:C>T-63:C>T,C/T,,,1.0,0.4,0.47619047619047616,0.36479999999999996
100021316|F|0-63:C>A-63:C>A,C/A,,,1.0,0.2,0.2857142857142857,0.2687999999999998
100021541|F|0-63:C>G-63:C>G,C/G,,,1.0,0.11904761904761904,0.2,0.18775291673736771
100021564|F|0-63:C>T-63:C>T,C/T,,,1.0,0.03333333333333333,0.047619047619047616,0.062367901234567986
100021950|F|0-63:C>T-63:C>T,C/T,,,1.0,0.08571428571428572,0.13333333333333333,0.1444518117451063
100022149|F|0-63:C>T-63:C>T,C/T,,,1.0,0.1,0.10476190476190476,0.16379999999999995
100022768|F|0-63:C>T-63:C>T,C/T,Vu05 (old1),47576884.0,0.9809523809523809,0.014563106796116505,0.009708737864077669,0.0282901417271003
100032792|F|0-63:G>C-63:G>C,G/C,,,1.0,0.03333333333333333,0.047619047619047616,0.062367901234567986
100033338|F|0-63:T>A-63:T>A,T/A,,,1.0,0.35714285714285715,0.5047619047619047,0.35375885047896716
100034022|F|0-63:A>C-63:A>C,A/C,,,0.9142857142857143,0.17708333333333334,0.25,0.24897820272563428
100034112|F|0-63:A>C-63:A>C,A/C,,,1.0,0.02857142857142857,0.05714285714285714,0.0539695127030404
100034297|F|0-63:T>C-63:T>C,T/C,,,1.0,0.06190476190476191,0.10476190476190476,0.10940027971884139
100034757|F|0-63:C>T-63:C>T,C/T,Vu08 (old5),3700533.0,0.9714285714285714,0.0392156862745098,0.0784313725490196,0.07251639677815931
100035275|F|0-63:T>C-63:T>C,T/C,,,0.9619047619047619,0.009900990099009901,0.0,0.01941372491924195
100035486|F|0-63:C>T-63:C>T,C/T,,,0.9428571428571428,0.04040404040404041,0.04040404040404041,0.07453664105891926
100036044|F|0-63:T>G-63:T>G,T/G,,,1.0,0.08095238095238096,0.1619047619047619,0.1377277358713706
100040596|F|0-63:G>T-63:G>T,G/T,,,1.0,0.3380952380952381,0.5238095238095238,0.34741258940462055
100040615|F|0-63:G>A-63:G>A,G/A,Vu08 (old5),12096567.0,0.7619047619047619,0.05,0.05,0.09048750000000008
100041254|F|0-63:C>A-63:C>A,C/A,Vu01 (old4),39399494.0,0.6761904761904762,0.007042253521126761,0.014084507042253521,0.013887525779974956
100041258|F|0-63:A>G-63:A>G,A/G,,,0.5238095238095238,0.01818181818181818,0.0,0.03506514582337271
100041765|F|0-63:G>C-63:G>C,G/C,Vu01 (old4),1565727.0,0.580952380952381,0.10655737704918032,0.08196721311475409,0.17227861962303342
100042051|F|0-63:A>C-63:A>C,A/C,,,0.4666666666666667,0.020408163265306145,0.0,0.03918400652511684
100044263|F|0-63:A>G-63:A>G,A/G,,,0.8380952380952381,0.4715909090909091,0.32954545454545453,0.37419162080893875
100045098|F|0-63:G>T-63:G>T,G/T,,,1.0,0.06190476190476191,0.10476190476190476,0.10940027971884139
100045520|F|0-63:C>T-63:C>T,C/T,,,1.0,0.24285714285714285,0.4857142857142857,0.3001331945022907
100049328|F|0-63:A>C-63:A>C,A/C,Vu08 (old5),12604325.0,1.0,0.3619047619047619,0.41904761904761906,0.35520235292907804
100050471|F|0-63:C>G-63:C>G,C/G,,,1.0,0.1,0.10476190476190476,0.16379999999999995
100050516|F|0-63:C>G-63:C>G,C/G,,,0.9904761904761905,0.41346153846153844,0.4423076923076923,0.36739892726860934
100051260|F|0-63:A>T-63:A>T,A/T,,,0.9904761904761905,0.019230769230769232,0.038461538461538464,0.03701042286684645
100057085|F|0-63:A>T-63:A>T,A/T,,,0.49523809523809526,0.019230769230769232,0.0,0.03701042286684645
100057437|F|0-63:G>T-63:G>T,G/T,Vu01 (old4),35817071.0,0.5428571428571428,0.017543859649122806,0.0,0.033877980875522955
100013404|F|0-64:T>A-64:T>A,T/A,,,1.0,0.004761904761904762,0.009523809523809525,0.009433537466384832
100013564|F|0-64:C>A-64:C>A,C/A,,,0.6476190476190476,0.007352941176470588,0.014705882352941176,0.014491203699892822
100013716|F|0-64:G>A-64:G>A,G/A,,,0.8857142857142857,0.03225806451612903,0.0,0.06048590124101116
100013726|F|0-64:C>G-64:C>G,C/G,Vu01 (old4),328264.0,1.0,0.4857142857142857,0.49523809523809526,0.3747958350687214
100013978|F|0-64:G>A-64:G>A,G/A,,,1.0,0.19523809523809524,0.23809523809523808,0.2648668600017482
100014326|F|0-64:A>G-64:A>G,A/G,,,1.0,0.02857142857142857,0.05714285714285714,0.0539695127030404
100014630|F|0-64:C>T-64:C>T,C/T,,,1.0,0.009523809523809525,0.0,0.01868824615258029
100015002|F|0-64:T>A-64:T>A,T/A,Vu08 (old5),37497160.0,0.9809523809523809,0.0048543689320388345,0.009708737864077669,0.00961493473338511
100015143|F|0-64:A>T-64:A>T,A/T,,,1.0,0.17142857142857143,0.24761904761904763,0.2437304456476469
100015454|F|0-64:C>A-64:C>A,C/A,,,1.0,0.009523809523809525,0.01904761904761905,0.01868824615258029
100015474|F|0-64:A>G-64:A>G,A/G,,,1.0,0.11428571428571428,0.19047619047619047,0.18195618492294877
100015669|F|0-64:A>C-64:A>C,A/C,,,1.0,0.07142857142857142,0.08571428571428572,0.12385464389837572
100016232|F|0-64:C>G-64:C>G,C/G,,,1.0,0.004761904761904762,0.009523809523809525,0.009433537466384832
100016503|F|0-64:G>C-64:G>C,G/C,Vu05 (old1),42344593.0,1.0,0.10952380952380958,0.1619047619047619,0.17603313331379422
100017793|F|0-64:G>A-64:G>A,G/A,,,1.0,0.01904761904761905,0.0380952380952381,0.036671370468066414
100018351|F|0-64:C>T-64:C>T,C/T,,,1.0,0.32857142857142857,0.44761904761904764,0.34388496459808404
100019708|F|0-64:C>T-64:C>T,C/T,,,0.9904761904761905,0.03365384615384615,0.0673076923076923,0.06292726425833906
100020924|F|0-64:G>C-64:G>C,G/C,,,0.6,0.015873015873015872,0.0,0.030754091246718535
100021167|F|0-64:T>C-64:T>C,T/C,,,0.49523809523809526,0.019230769230769273,0.0,0.03701042286684645
100021227|F|0-64:A>T-64:A>T,A/T,,,0.5333333333333333,0.017857142857142856,0.0,0.03446134911234904
100021995|F|0-64:T>A-64:T>A,T/A,,,1.0,0.2619047619047619,0.29523809523809524,0.3118832945120603
100033324|F|0-64:C>A-64:C>A,C/A,,,1.0,0.01904761904761905,0.01904761904761905,0.036671370468066414
100033913|F|0-64:C>T-64:C>T,C/T,,,1.0,0.08095238095238096,0.14285714285714285,0.1377277358713706
100033963|F|0-64:C>A-64:C>A,C/A,,,0.6,0.007936507936507936,0.015873015873015872,0.015623054929165329
100034038|F|0-64:A>C-64:A>C,A/C,,,1.0,0.3904761904761905,0.47619047619047616,0.36271675279333193
100034130|F|0-64:A>T-64:A>T,A/T,,,1.0,0.2761904761904762,0.3619047619047619,0.3198911400085356
100034175|F|0-64:C>A-64:C>A,C/A,,,0.5428571428571428,0.017543859649122806,0.0,0.033877980875522955
100034532|F|0-64:T>C-64:T>C,T/C,,,1.0,0.05238095238095238,0.10476190476190476,0.0943466755107184
100034541|F|0-64:G>T-64:G>T,G/T,,,1.0,0.0761904761904762,0.0761904761904762,0.1308627413474837
100035031|F|0-64:G>C-64:G>C,G/C,,,1.0,0.0380952380952381,0.0761904761904762,0.07060241771689768
100035750|F|0-64:T>C-64:T>C,T/C,,,1.0,0.35714285714285715,0.5238095238095238,0.35375885047896716
100035865|F|0-64:G>A-64:G>A,G/A,,,0.9142857142857143,0.40104166666666663,0.3020833333333333,0.3650154522907587
100040009|F|0-64:G>T-64:G>T,G/T,,,0.5428571428571428,0.02631578947368421,0.017543859649122806,0.04993343359857567
100040419|F|0-64:G>A-64:G>A,G/A,Vu11 (old9),25167027.0,1.0,0.01904761904761905,0.01904761904761905,0.036671370468066414
100040575|F|0-64:T>C-64:T>C,T/C,,,1.0,0.35714285714285715,0.44761904761904764,0.35375885047896716
100040940|F|0-64:T>A-64:T>A,T/A,,,1.0,0.4,0.49523809523809526,0.36479999999999996
100041023|F|0-64:C>A-64:C>A,C/A,,,0.8761904761904762,0.005434782608695652,0.010869565217391304,0.010752058130219495
100041823|F|0-64:C>T-64:C>T,C/T,,,1.0,0.44761904761904764,0.47619047619047616,0.37224117934399753
100044234|F|0-64:G>T-64:G>T,G/T,,,0.8857142857142857,0.20430107526881722,0.1935483870967742,0.2722713892580813
100044734|F|0-64:A>C-64:A>C,A/C,Vu05 (old1),1983905.0,0.819047619047619,0.011627906976744186,0.0,0.022721233262772565
100044923|F|0-64:C>G-64:C>G,C/G,,,0.6095238095238096,0.0078125,0.015625,0.015382759273052216
100045365|F|0-64:C>A-64:C>A,C/A,,,0.9904761904761905,0.004807692307692308,0.009615384615384616,0.009523372423757013
100047118|F|0-64:A>T-64:A>T,A/T,,,0.5333333333333333,0.017857142857142856,0.0,0.03446134911234904
100048536|F|0-64:C>A-64:C>A,C/A,,,1.0,0.004761904761904762,0.009523809523809525,0.009433537466384832
100048883|F|0-64:T>A-64:T>A,T/A,,,1.0,0.14761904761904762,0.2761904761904762,0.21999012654192443
100054175|F|0-64:G>C-64:G>C,G/C,,,0.5047619047619047,0.02830188679245283,0.018867924528301886,0.05348918209168733
100056416|F|0-64:G>A-64:G>A,G/A,,,0.6095238095238096,0.015625,0.0,0.03028857707977295
100056528|F|0-64:C>A-64:C>A,C/A,Vu03 (old3),465834.0,0.6666666666666666,0.014285714285714285,0.0,0.02776668054977082
100012968|F|0-65:T>C-65:T>C,T/C,,,1.0,0.03333333333333333,0.06666666666666667,0.062367901234567986
100013071|F|0-65:T>G-65:T>G,T/G,,,0.7904761904761904,0.012048192771084338,0.024096385542168676,0.023522703215733316
100013300|F|0-65:T>G-65:T>G,T/G,,,1.0,0.004761904761904762,0.009523809523809525,0.009433537466384832
100013324|F|0-65:C>A-65:C>A,C/A,,,0.5523809523809524,0.017241379310344827,0.0,0.03331402229099896
100013451|F|0-65:G>A-65:G>A,G/A,,,1.0,0.009523809523809525,0.01904761904761905,0.01868824615258029
100014119|F|0-65:C>G-65:C>G,C/G,Vu07 (old2),13031414.0,1.0,0.09523809523809523,0.13333333333333333,0.15748582123703592
100014426|F|0-65:A>C-65:A>C,A/C,,,0.5047619047619047,0.018867924528301886,0.0,0.03633846909966586
100014773|F|0-65:C>G-65:C>G,C/G,,,0.44761904761904764,0.11702127659574468,0.14893617021276595,0.18530153405519736
100014778|F|0-65:A>G-65:A>G,A/G,Vu03 (old3),51500985.0,1.0,0.4142857142857143,0.44761904761904764,0.36754510620574765
100014938|F|0-65:C>T-65:C>T,C/T,,,0.9809523809523809,0.2815533980582524,0.5631067961165048,0.32272689184902953
100015034|F|0-65:C>G-65:C>G,C/G,Vu01 (old4),42027299.0,0.9809523809523809,0.009708737864077669,0.019417475728155338,0.019044080161398316
100015193|F|0-65:C>A-65:C>A,C/A,,,1.0,0.07142857142857142,0.12380952380952381,0.12385464389837572
100015314|F|0-65:G>A-65:G>A,G/A,,,1.0,0.19047619047619047,0.3238095238095238,0.26083781963276625
100015343|F|0-65:T>A-65:T>A,T/A,,,0.6571428571428571,0.06521739130434782,0.07246376811594203,0.1144949274766742
100016014|F|0-65:T>C-65:T>C,T/C,,,1.0,0.08095238095238096,0.14285714285714285,0.1377277358713706
100016551|F|0-65:A>C-65:A>C,A/C,Vu11 (old9),32255711.0,1.0,0.05238095238095238,0.047619047619047616,0.0943466755107184
100016572|F|0-65:A>T-65:A>T,A/T,,,1.0,0.2,0.3047619047619048,0.2687999999999998
100016832|F|0-65:T>A-65:T>A,T/A,,,1.0,0.0761904761904762,0.13333333333333333,0.1308627413474837
100017707|F|0-65:T>A-65:T>A,T/A,Vu02 (old7),28389069.0,1.0,0.014285714285714285,0.02857142857142857,0.02776668054977082
100018224|F|0-65:C>T-65:C>T,C/T,Vu09 (old8),5244033.0,1.0,0.004761904761904762,0.009523809523809525,0.009433537466384832
100018345|F|0-65:A>C-65:A>C,A/C,,,1.0,0.06666666666666667,0.05714285714285714,0.11670123456790114
100018760|F|0-65:A>G-65:A>G,A/G,,,1.0,0.5,0.5428571428571428,0.375
100019585|F|0-65:A>C-65:A>C,A/C,,,1.0,0.004761904761904762,0.009523809523809525,0.009433537466384832
100019628|F|0-65:T>G-65:T>G,T/G,,,1.0,0.36666666666666664,0.4666666666666667,0.35659012345679014
100020334|F|0-65:G>A-65:G>A,G/A,Vu08 (old5),423524.0,1.0,0.47619047619047616,0.41904761904761906,0.37443246383965534
100020751|F|0-65:G>A-65:G>A,G/A,,,0.45714285714285713,0.10416666666666667,0.08333333333333333,0.1692162031008873
100020790|F|0-65:C>A-65:C>A,C/A,,,1.0,0.004761904761904762,0.009523809523809525,0.009433537466384832
100021734|F|0-65:C>T-65:C>T,C/T,,,0.5333333333333333,0.11607142857142858,0.19642857142857142,0.184144655201446
100022139|F|0-65:T>C-65:T>C,T/C,,,1.0,0.46190476190476193,0.5047619047619047,0.37354454059779624
100033052|F|0-65:A>G-65:A>G,A/G,,,1.0,0.38571428571428573,0.42857142857142855,0.3615975843398583
100033547|F|0-65:C>A-65:C>A,C/A,,,1.0,0.009523809523809525,0.01904761904761905,0.01868824615258029
100033616|F|0-65:T>G-65:T>G,T/G,,,1.0,0.009523809523809525,0.0,0.01868824615258029
100033734|F|0-65:A>G-65:A>G,A/G,,,1.0,0.12857142857142856,0.18095238095238095,0.1989753436068305
100033896|F|0-65:C>T-65:C>T,C/T,,,0.8571428571428571,0.49444444444444446,0.36666666666666664,0.3749691338972718
100033941|F|0-65:C>A-65:C>A,C/A,,,0.5142857142857142,0.018518518518518517,0.0,0.0356904623467139
100034045|F|0-65:A>T-65:A>T,A/T,,,0.9904761904761905,0.3076923076923077,0.4807692307692308,0.3352823780679949
100034350|F|0-65:C>A-65:C>A,C/A,,,1.0,0.28095238095238095,0.37142857142857144,0.3224136229246044
100035332|F|0-65:G>A-65:G>A,G/A,Vu04 (old11),505287.0,0.9904761904761905,0.42788461538461536,0.49038461538461536,0.36974527822406167
100035462|F|0-65:A>C-65:A>C,A/C,,,1.0,0.004761904761904762,0.009523809523809525,0.009433537466384832
100035737|F|0-65:C>T-65:C>T,C/T,,,0.6571428571428571,0.014492753623188406,0.0,0.028157435609048015
100035886|F|0-65:A>C-65:A>C,A/C,,,1.0,0.1380952380952381,0.21904761904761905,0.2097160123611046
100040379|F|0-65:G>A-65:G>A,G/A,,,0.638095238095238,0.05223880597014925,0.014925373134328358,0.09411736324743436
100041313|F|0-65:C>T-65:C>T,C/T,Vu03 (old3),62938472.0,1.0,0.13333333333333333,0.22857142857142856,0.20440493827160486
100041353|F|0-65:C>A-65:C>A,C/A,,,0.9904761904761905,0.004807692307692308,0.009615384615384616,0.009523372423757013
100044235|F|0-65:G>T-65:G>T,G/T,,,0.8952380952380953,0.2712765957446809,0.30851063829787234,0.31721201236054175
100044291|F|0-65:C>A-65:C>A,C/A,,,0.7047619047619048,0.006756756756756757,0.013513513513513514,0.01333212818295777
100044349|F|0-65:G>C-65:G>C,G/C,,,1.0,0.004761904761904762,0.009523809523809525,0.009433537466384832
100044458|F|0-65:A>T-65:A>T,A/T,,,1.0,0.05714285714285714,0.11428571428571428,0.10194952103290292
100044629|F|0-65:A>T-65:A>T,A/T,,,0.5047619047619047,0.018867924528301886,0.0,0.03633846909966586
100044964|F|0-65:T>A-65:T>A,T/A,,,0.9904761904761905,0.14903846153846154,0.2980769230769231,0.22148232923986988
100045023|F|0-65:T>A-65:T>A,T/A,,,0.5238095238095238,0.01818181818181818,0.0,0.03506514582337271
100046856|F|0-65:C>A-65:C>A,C/A,,,1.0,0.07142857142857142,0.10476190476190476,0.12385464389837572
100046914|F|0-65:G>T-65:G>T,G/T,,,0.7714285714285715,0.030864197530864224,0.012345679012345678,0.05803379019275352
100047118|F|0-65:G>A-65:G>A,G/A,,,0.5333333333333333,0.017857142857142856,0.0,0.03446134911234904
100047147|F|0-65:C>A-65:C>A,C/A,,,0.5238095238095238,0.02727272727272727,0.01818181818181818,0.05165028345058388
100047453|F|0-65:G>T-65:G>T,G/T,,,0.9904761904761905,0.375,0.38461538461538464,0.35888671875
100047813|F|0-65:T>A-65:T>A,T/A,,,0.6476190476190476,0.007352941176470562,0.014705882352941176,0.014491203699892824
100049169|F|0-65:G>T-65:G>T,G/T,,,1.0,0.38095238095238093,0.49523809523809526,0.3604259542063235
100049272|F|0-65:T>A-65:T>A,T/A,,,0.9333333333333333,0.04591836734693877,0.09183673469387756,0.08378113219996673
100049407|F|0-65:C>A-65:C>A,C/A,,,0.4857142857142857,0.0196078431372549,0.0,0.03770767490869825
100051247|F|0-65:G>A-65:G>A,G/A,,,0.5238095238095238,0.036363636363636376,0.03636363636363636,0.06762685608906488
100052956|F|0-65:T>A-65:T>A,T/A,,,0.7142857142857143,0.006666666666666667,0.013333333333333334,0.013156736790123627
100053800|F|0-65:G>A-65:G>A,G/A,,,0.7523809523809524,0.006329113924050667,0.012658227848101266,0.012499008025169562
100053880|F|0-65:G>A-65:G>A,G/A,,,0.8285714285714286,0.06896551724137934,0.09195402298850575,0.12017288743794893
100054612|F|0-65:G>C-65:G>C,G/C,,,1.0,0.004761904761904762,0.009523809523809525,0.009433537466384832
100013023|F|0-66:A>T-66:A>T,A/T,Vu06 (old6),20430017.0,1.0,0.0380952380952381,0.05714285714285714,0.07060241771689768
100013241|F|0-66:C>A-66:C>A,C/A,,,1.0,0.004761904761904762,0.009523809523809525,0.009433537466384832
100013608|F|0-66:T>A-66:T>A,T/A,,,0.9714285714285714,0.004901960784313708,0.00980392156862745,0.009708274696864149
100013623|F|0-66:C>A-66:C>A,C/A,,,1.0,0.004761904761904762,0.009523809523809525,0.009433537466384832
100014363|F|0-66:C>A-66:C>A,C/A,,,0.5142857142857142,0.027777777777777776,0.018518518518518517,0.05255367893613791
100014510|F|0-66:G>A-66:G>A,G/A,Vu02 (old7),26035273.0,0.9809523809523809,0.0048543689320388345,0.009708737864077669,0.00961493473338511
100014924|F|0-66:G>A-66:G>A,G/A,,,1.0,0.05714285714285714,0.09523809523809523,0.10194952103290292
100015099|F|0-66:G>T-66:G>T,G/T,,,1.0,0.30952380952380953,0.3523809523809524,0.33608617294234394
100015178|F|0-66:G>T-66:G>T,G/T,,,1.0,0.023809523809523808,0.02857142857142857,0.04540482103650237
100015351|F|0-66:A>T-66:A>T,A/T,,,1.0,0.004761904761904762,0.009523809523809525,0.009433537466384832
100015812|F|0-66:A>T-66:A>T,A/T,,,1.0,0.44285714285714284,0.4857142857142857,0.37171336942940447
100016355|F|0-66:T>A-66:T>A,T/A,,,1.0,0.009523809523809525,0.01904761904761905,0.01868824615258029
100016439|F|0-66:C>G-66:C>G,C/G,,,1.0,0.047619047619047616,0.05714285714285714,0.08658943547184561
100016630|F|0-66:A>T-66:A>T,A/T,,,1.0,0.16666666666666666,0.2571428571428571,0.23919753086419743
100016643|F|0-66:G>A-66:G>A,G/A,,,0.6857142857142857,0.006944444444444444,0.013888888888888888,0.013697322594866796
100016754|F|0-66:C>A-66:C>A,C/A,Vu01 (old4),1290094.0,1.0,0.43333333333333335,0.44761904761904764,0.3705160493827161
100016819|F|0-66:T>C-66:T>C,T/C,Vu02 (old7),2060434.0,0.9523809523809523,0.040000000000000036,0.04,0.07385087999999998
100016920|F|0-66:T>A-66:T>A,T/A,,,1.0,0.28095238095238095,0.2761904761904762,0.3224136229246044
100017244|F|0-66:T>A-66:T>A,T/A,,,1.0,0.1761904761904762,0.29523809523809524,0.24815925360317972
100017530|F|0-66:A>G-66:A>G,A/G,,,1.0,0.014285714285714235,0.009523809523809525,0.027766680549770825
100018046|F|0-66:C>T-66:C>T,C/T,,,0.9523809523809523,0.0050000000000000044,0.01,0.009900498749999903
100018919|F|0-66:C>A-66:C>A,C/A,,,1.0,0.05714285714285714,0.0761904761904762,0.10194952103290292
100018947|F|0-66:A>T-66:A>T,A/T,,,1.0,0.004761904761904762,0.009523809523809525,0.009433537466384832
100019220|F|0-66:C>G-66:C>G,C/G,,,1.0,0.03333333333333333,0.06666666666666667,0.062367901234567986
100019762|F|0-66:A>G-66:A>G,A/G,,,1.0,0.34285714285714286,0.4,0.34908654727196997
100019799|F|0-66:G>A-66:G>A,G/A,,,0.8952380952380953,0.031914893617021274,0.02127659574468085,0.059883499556630776
100019922|F|0-66:C>G-66:C>G,C/G,,,0.9523809523809523,0.0050000000000000044,0.01,0.009900498749999903
100020016|F|0-66:T>C-66:T>C,T/C,,,0.9904761904761905,0.0625,0.08653846153846154,0.110321044921875
100020602|F|0-66:T>C-66:T>C,T/C,,,1.0,0.07619047619047614,0.09523809523809523,0.1308627413474837
100020680|F|0-66:G>A-66:G>A,G/A,,,1.0,0.004761904761904762,0.009523809523809525,0.009433537466384832
100020789|F|0-66:T>C-66:T>C,T/C,,,0.9809523809523809,0.02912621359223301,0.038834951456310676,0.05495647786177706
100020923|F|0-66:G>T-66:G>T,G/T,Vu09 (old8),4803283.0,1.0,0.03333333333333333,0.047619047619047616,0.062367901234567986
100021048|F|0-66:C>T-66:C>T,C/T,,,1.0,0.42380952380952386,0.44761904761904764,0.3691276155511335
100021087|F|0-66:A>G-66:A>G,A/G,Vu03 (old3),6136968.0,1.0,0.02857142857142857,0.05714285714285714,0.0539695127030404
100021173|F|0-66:C>G-66:C>G,C/G,,,1.0,0.01904761904761905,0.0380952380952381,0.036671370468066414
100021487|F|0-66:T>G-66:T>G,T/G,,,1.0,0.3476190476190476,0.4857142857142857,0.35070171276371465
100021596|F|0-66:A>C-66:A>C,A/C,,,0.8,0.005952380952380931,0.011904761904761904,0.01176387962946892
100022256|F|0-66:C>A-66:C>A,C/A,,,1.0,0.004761904761904762,0.009523809523809525,0.009433537466384832
100022313|F|0-66:C>T-66:C>T,C/T,,,0.9904761904761905,0.004807692307692308,0.009615384615384616,0.009523372423757013
100023490|F|0-66:G>A-66:G>A,G/A,,,0.44761904761904764,0.06382978723404253,0.0,0.11236964055642158
100033166|F|0-66:C>A-66:C>A,C/A,,,1.0,0.004761904761904762,0.009523809523809525,0.009433537466384832
100033204|F|0-66:T>C-66:T>C,T/C,,,1.0,0.18571428571428572,0.2571428571428571,0.25671128696376516
100033615|F|0-66:C>A-66:C>A,C/A,,,1.0,0.009523809523809525,0.01904761904761905,0.01868824615258029
100033749|F|0-66:A>C-66:A>C,A/C,,,1.0,0.23333333333333334,0.37142857142857144,0.2937753086419754
100034045|F|0-66:T>A-66:T>A,T/A,,,0.9428571428571428,0.06565656565656566,0.0707070707070707,0.11516495238201113
100034369|F|0-66:G>A-66:G>A,G/A,,,1.0,0.23333333333333334,0.37142857142857144,0.2937753086419754
100035094|F|0-66:C>G-66:C>G,C/G,,,0.580952380952381,0.10655737704918034,0.04918032786885246,0.1722786196230334
100035321|F|0-66:C>A-66:C>A,C/A,,,0.638095238095238,0.007462686567164179,0.014925373134328358,0.014704262606531873
100035571|F|0-66:G>T-66:G>T,G/T,,,1.0,0.0380952380952381,0.05714285714285714,0.07060241771689768
100040044|F|0-66:G>T-66:G>T,G/T,,,1.0,0.4904761904761905,0.4857142857142857,0.3749092805981047
100041582|F|0-66:A>T-66:A>T,A/T,,,1.0,0.009523809523809525,0.01904761904761905,0.01868824615258029
100041635|F|0-66:G>C-66:G>C,G/C,,,0.9809523809523809,0.014563106796116505,0.009708737864077669,0.0282901417271003
100044923|F|0-66:A>T-66:A>T,A/T,,,0.6190476190476191,0.015384615384615385,0.0,0.029836938482546035
100045123|F|0-66:C>G-66:C>G,C/G,,,0.9904761904761905,0.08173076923076927,0.125,0.13883644083435187
100045142|F|0-66:C>T-66:C>T,C/T,,,0.5619047619047619,0.01694915254237288,0.0,0.03276852113261285
100046578|F|0-66:G>C-66:G>C,G/C,,,0.7619047619047619,0.00625,0.0125,0.012344723510742214
100046746|F|0-66:A>T-66:A>T,A/T,,,0.42857142857142855,0.033333333333333326,0.022222222222222223,0.062367901234567986
100047065|F|0-66:A>G-66:A>G,A/G,,,0.5238095238095238,0.01818181818181818,0.0,0.03506514582337271
100048897|F|0-66:T>G-66:T>G,T/G,contig_543,134570.0,0.8666666666666667,0.06593406593406592,0.02197802197802198,0.11558767054931313
100051795|F|0-66:A>C-66:A>C,A/C,Vu09 (old8),3361916.0,0.8,0.011904761904761904,0.0,0.023249338945706757
100052607|F|0-66:A>T-66:A>T,A/T,,,0.8761904761904762,0.005434782608695652,0.010869565217391304,0.010752058130219495
100053138|F|0-66:G>A-66:G>A,G/A,Vu09 (old8),4732471.0,0.6571428571428571,0.014492753623188406,0.0,0.028157435609048015
100054958|F|0-66:A>C-66:A>C,A/C,,,0.7238095238095238,0.013157894736842146,0.0,0.025632320865401584
100056182|F|0-66:A>T-66:A>T,A/T,,,0.45714285714285713,0.020833333333333332,0.0,0.03996634777681332
100013122|F|0-67:G>A-67:G>A,G/A,,,1.0,0.16666666666666666,0.3142857142857143,0.23919753086419743
100013246|F|0-67:A>G-67:A>G,A/G,,,1.0,0.014285714285714285,0.02857142857142857,0.02776668054977082
100013714|F|0-67:T>C-67:T>C,T/C,Vu09 (old8),42137897.0,1.0,0.33333333333333337,0.49523809523809526,0.345679012345679
100013767|F|0-67:G>C-67:G>C,G/C,,,1.0,0.1,0.2,0.16379999999999995
100013842|F|0-67:A>G-67:A>G,A/G,,,1.0,0.10952380952380952,0.10476190476190476,0.17603313331379425
100013882|F|0-67:C>T-67:C>T,C/T,,,1.0,0.2904761904761905,0.3142857142857143,0.3272453134239335
100013883|F|0-67:A>T-67:A>T,A/T,,,1.0,0.08571428571428572,0.11428571428571428,0.1444518117451063
100014177|F|0-67:T>A-67:T>A,T/A,,,1.0,0.047619047619047616,0.09523809523809523,0.08658943547184561
100014456|F|0-67:C>T-67:C>T,C/T,,,1.0,0.004761904761904762,0.009523809523809525,0.009433537466384832
100014648|F|0-67:T>C-67:T>C,T/C,,,1.0,0.047619047619047616,0.09523809523809523,0.08658943547184561
100015398|F|0-67:C>T-67:C>T,C/T,,,1.0,0.08095238095238096,0.14285714285714285,0.1377277358713706
100016259|F|0-67:T>C-67:T>C,T/C,Vu01 (old4),38173603.0,1.0,0.02857142857142857,0.05714285714285714,0.0539695127030404
100016333|F|0-67:A>C-67:A>C,A/C,Vu07 (old2),27694438.0,0.9523809523809523,0.005,0.01,0.009900498749999903
100016456|F|0-67:T>C-67:T>C,T/C,Vu01 (old4),29151293.0,1.0,0.02857142857142857,0.0380952380952381,0.0539695127030404
100016888|F|0-67:C>T-67:C>T,C/T,,,0.9904761904761905,0.07692307692307693,0.09615384615384616,0.13192815377612813
100017149|F|0-67:G>C-67:G>C,G/C,,,1.0,0.009523809523809525,0.01904761904761905,0.01868824615258029
100017676|F|0-67:A>T-67:A>T,A/T,,,1.0,0.004761904761904762,0.009523809523809525,0.009433537466384832
100017889|F|0-67:C>T-67:C>T,C/T,,,1.0,0.004761904761904762,0.009523809523809525,0.009433537466384832
100018159|F|0-67:G>A-67:G>A,G/A,,,1.0,0.08571428571428572,0.1523809523809524,0.1444518117451063
100018446|F|0-67:T>A-67:T>A,T/A,,,1.0,0.10952380952380952,0.18095238095238095,0.17603313331379425
100018546|F|0-67:A>T-67:A>T,A/T,,,1.0,0.004761904761904762,0.009523809523809525,0.009433537466384832
100019383|F|0-67:A>T-67:A>T,A/T,,,1.0,0.18571428571428572,0.2761904761904762,0.25671128696376516
100019411|F|0-67:G>C-67:G>C,G/C,,,1.0,0.03333333333333333,0.06666666666666667,0.062367901234567986
100019794|F|0-67:C>A-67:C>A,C/A,,,0.9809523809523809,0.0048543689320388345,0.009708737864077669,0.00961493473338511
100019810|F|0-67:A>G-67:A>G,A/G,,,0.9904761904761905,0.004807692307692308,0.009615384615384616,0.009523372423757013
100019870|F|0-67:G>A-67:G>A,G/A,,,1.0,0.19047619047619047,0.26666666666666666,0.26083781963276625
100020107|F|0-67:C>A-67:C>A,C/A,,,1.0,0.014285714285714285,0.02857142857142857,0.02776668054977082
100020694|F|0-67:C>T-67:C>T,C/T,Vu10 (old10),36275606.0,1.0,0.20476190476190476,0.2571428571428571,0.27263880687573583
100020853|F|0-67:A>G-67:A>G,A/G,,,1.0,0.11904761904761904,0.18095238095238095,0.18775291673736771
100021285|F|0-67:T>C-67:T>C,T/C,,,1.0,0.05714285714285714,0.0761904761904762,0.10194952103290292
100021376|F|0-67:G>C-67:G>C,G/C,,,1.0,0.2523809523809524,0.4095238095238095,0.30616570153382594
100021616|F|0-67:G>T-67:G>T,G/T,,,1.0,0.15714285714285714,0.2571428571428571,0.22981249479383598
100022271|F|0-67:G>A-67:G>A,G/A,,,0.9904761904761905,0.02403846153846154,0.028846153846153848,0.0458204270010215
100022286|F|0-67:T>G-67:T>G,T/G,,,1.0,0.12380952380952381,0.17142857142857143,0.1934253155835275
100032915|F|0-67:T>A-67:T>A,T/A,,,0.9047619047619048,0.010526315789473684,0.021052631578947368,0.020614059130915234
100032969|F|0-67:T>C-67:T>C,T/C,,,1.0,0.09523809523809523,0.13333333333333333,0.15748582123703592
100033292|F|0-67:A>G-67:A>G,A/G,,,0.9904761904761905,0.009615384615384581,0.019230769230769232,0.018864485634912918
100033469|F|0-67:G>A-67:G>A,G/A,,,1.0,0.047619047619047616,0.09523809523809523,0.08658943547184561
100033484|F|0-67:A>C-67:A>C,A/C,,,1.0,0.02857142857142857,0.0380952380952381,0.0539695127030404
100033743|F|0-67:C>A-67:C>A,C/A,,,0.638095238095238,0.007462686567164179,0.014925373134328358,0.014704262606531873
100033799|F|0-67:T>C-67:T>C,T/C,Vu09 (old8),9366952.0,1.0,0.03333333333333333,0.047619047619047616,0.062367901234567986
100033819|F|0-67:C>G-67:C>G,C/G,,,1.0,0.319047619047619,0.4857142857142857,0.3401119276433173
100034180|F|0-67:T>A-67:T>A,T/A,,,0.8380952380952381,0.028409090909090908,0.03409090909090909,0.0536802865208096
100034381|F|0-67:A>G-67:A>G,A/G,Vu07 (old2),26797522.0,1.0,0.02857142857142857,0.05714285714285714,0.0539695127030404
100035377|F|0-67:C>G-67:C>G,C/G,,,1.0,0.2619047619047619,0.3142857142857143,0.3118832945120603
100035529|F|0-67:G>T-67:G>T,G/T,,,1.0,0.24761904761904763,0.38095238095238093,0.30318945706778555
100035946|F|0-67:T>G-67:T>G,T/G,,,0.4095238095238095,0.023255813953488413,0.0,0.04439802141160019
100040615|F|0-67:A>T-67:A>T,A/T,Vu08 (old5),12096567.0,1.0,0.47619047619047616,0.49523809523809526,0.37443246383965534
100040752|F|0-67:G>C-67:G>C,G/C,,,1.0,0.004761904761904762,0.009523809523809525,0.009433537466384832
100040929|F|0-67:G>T-67:G>T,G/T,,,0.6476190476190476,0.03676470588235294,0.014705882352941176,0.06831795460685026
100043978|F|0-67:T>A-67:T>A,T/A,,,1.0,0.37142857142857144,0.5333333333333333,0.35792286547271973
100047217|F|0-67:G>A-67:G>A,G/A,,,1.0,0.08571428571428572,0.11428571428571428,0.1444518117451063
100047391|F|0-67:C>A-67:C>A,C/A,,,0.5619047619047619,0.059322033898305086,0.05084745762711865,0.10537792634881467
100049450|F|0-67:T>C-67:T>C,T/C,,,0.5523809523809524,0.017241379310344827,0.0,0.03331402229099896
100051823|F|0-67:G>T-67:G>T,G/T,,,0.6761904761904762,0.02112676056338028,0.014084507042253521,0.040505481514583816
100054503|F|0-67:T>G-67:T>G,T/G,,,0.5142857142857142,0.018518518518518517,0.0,0.0356904623467139
100055113|F|0-67:T>A-67:T>A,T/A,,,0.5047619047619047,0.018867924528301886,0.0,0.03633846909966586
100055716|F|0-67:A>T-67:A>T,A/T,Vu03 (old3),2268760.0,0.5142857142857142,0.027777777777777776,0.018518518518518517,0.05255367893613791
100058046|F|0-67:T>G-67:T>G,T/G,,,0.4857142857142857,0.019607843137254943,0.0,0.037707674908698245
100058676|F|0-67:T>C-67:T>C,T/C,Vu05 (old1),1696325.0,0.9238095238095239,0.010309278350515427,0.0,0.020197791959927942
100013352|F|0-68:T>C-68:T>C,T/C,,,1.0,0.37142857142857144,0.49523809523809526,0.35792286547271973
100013779|F|0-68:G>C-68:G>C,G/C,Vu08 (old5),35689785.0,1.0,0.19523809523809524,0.29523809523809524,0.2648668600017482
100013822|F|0-68:C>T-68:C>T,C/T,,,1.0,0.04285714285714286,0.08571428571428572,0.07867546855476872
100014347|F|0-68:T>C-68:T>C,T/C,,,1.0,0.10952380952380952,0.2,0.17603313331379425
100015005|F|0-68:T>A-68:T>A,T/A,,,1.0,0.35714285714285715,0.44761904761904764,0.35375885047896716
100015052|F|0-68:T>A-68:T>A,T/A,,,1.0,0.4476190476190476,0.5523809523809524,0.3722411793439976
100015131|F|0-68:C>A-68:C>A,C/A,,,1.0,0.0380952380952381,0.05714285714285714,0.07060241771689768
100015799|F|0-68:C>T-68:C>T,C/T,,,1.0,0.23809523809523808,0.34285714285714286,0.29699559339986953
100016144|F|0-68:A>T-68:A>T,A/T,,,0.9619047619047619,0.024752475247524754,0.04950495049504951,0.04711412148988365
100016403|F|0-68:A>G-68:A>G,A/G,,,0.5619047619047619,0.016949152542372836,0.0,0.03276852113261286
100016527|F|0-68:A>T-68:A>T,A/T,,,1.0,0.014285714285714285,0.02857142857142857,0.02776668054977082
100016960|F|0-68:T>A-68:T>A,T/A,,,1.0,0.05714285714285714,0.09523809523809523,0.10194952103290292
100017048|F|0-68:G>T-68:G>T,G/T,,,1.0,0.1761904761904762,0.23809523809523808,0.24815925360317972
100017122|F|0-68:T>C-68:T>C,T/C,,,1.0,0.06666666666666667,0.0761904761904762,0.11670123456790114
100017248|F|0-68:G>T-68:G>T,G/T,,,1.0,0.08095238095238096,0.12380952380952381,0.1377277358713706
100017487|F|0-68:A>T-68:A>T,A/T,,,1.0,0.004761904761904762,0.009523809523809525,0.009433537466384832
100017935|F|0-68:T>C-68:T>C,T/C,,,1.0,0.12857142857142856,0.21904761904761905,0.1989753436068305
100017959|F|0-68:T>G-68:T>G,T/G,Vu03 (old3),40842573.0,1.0,0.004761904761904762,0.009523809523809525,0.009433537466384832
100018585|F|0-68:A>G-68:A>G,A/G,,,1.0,0.23809523809523808,0.4,0.29699559339986953
100018768|F|0-68:G>A-68:G>A,G/A,Vu02 (old7),18754447.0,1.0,0.004761904761904762,0.009523809523809525,0.009433537466384832
100019028|F|0-68:T>A-68:T>A,T/A,Vu03 (old3),64483291.0,1.0,0.0761904761904762,0.09523809523809523,0.1308627413474837
100019770|F|0-68:G>A-68:G>A,G/A,Vu06 (old6),29453783.0,1.0,0.004761904761904762,0.009523809523809525,0.009433537466384832
100019999|F|0-68:T>C-68:T>C,T/C,,,0.9809523809523809,0.1941747572815534,0.17475728155339806,0.26397554364767717
100020280|F|0-68:C>T-68:C>T,C/T,,,1.0,0.004761904761904762,0.009523809523809525,0.009433537466384832
100020323|F|0-68:A>C-68:A>C,A/C,,,0.8571428571428571,0.011111111111111072,0.0,0.02173385154702013
100020579|F|0-68:T>C-68:T>C,T/C,Vu03 (old3),51968724.0,1.0,0.36666666666666664,0.5238095238095238,0.35659012345679014
100020717|F|0-68:A>G-68:A>G,A/G,,,1.0,0.09047619047619047,0.1619047619047619,0.1510371285626874
100020939|F|0-68:G>A-68:G>A,G/A,,,1.0,0.009523809523809525,0.01904761904761905,0.01868824615258029
100021188|F|0-68:A>G-68:A>G,A/G,,,0.49523809523809526,0.028846153846153848,0.019230769230769232,0.054458532149390726
100021356|F|0-68:C>A-68:C>A,C/A,,,1.0,0.047619047619047616,0.0761904761904762,0.08658943547184561
100021620|F|0-68:T>C-68:T>C,T/C,Vu02 (old7),26207208.0,1.0,0.44285714285714284,0.5619047619047619,0.37171336942940447
100021651|F|0-68:A>T-68:A>T,A/T,,,1.0,0.22857142857142856,0.3619047619047619,0.29047097042898795
100021963|F|0-68:T>G-68:T>G,T/G,,,1.0,0.38095238095238093,0.49523809523809526,0.3604259542063235
100022031|F|0-68:A>C-68:A>C,A/C,,,1.0,0.3952380952380952,0.3904761904761905,0.363784039571989
100022112|F|0-68:T>C-68:T>C,T/C,,,1.0,0.009523809523809525,0.01904761904761905,0.01868824615258029
100033136|F|0-68:A>G-68:A>G,A/G,,,0.9904761904761905,0.16346153846153846,0.23076923076923078,0.2360870531220457
100033265|F|0-68:G>A-68:G>A,G/A,,,1.0,0.05714285714285714,0.11428571428571428,0.10194952103290292
100033855|F|0-68:T>A-68:T>A,T/A,,,1.0,0.06190476190476191,0.10476190476190476,0.10940027971884139
100034393|F|0-68:C>A-68:C>A,C/A,,,1.0,0.1,0.1619047619047619,0.16379999999999995
100034900|F|0-68:A>T-68:A>T,A/T,,,0.8285714285714286,0.005747126436781658,0.011494252873563218,0.01136289214053462
100035489|F|0-68:C>A-68:C>A,C/A,,,0.9809523809523809,0.07766990291262135,0.11650485436893204,0.13301077581080864
100035658|F|0-68:C>G-68:C>G,C/G,,,1.0,0.047619047619047616,0.05714285714285714,0.08658943547184561
100040251|F|0-68:A>C-68:A>C,A/C,,,1.0,0.28095238095238095,0.3904761904761905,0.3224136229246044
100041283|F|0-68:T>A-68:T>A,T/A,,,1.0,0.44761904761904764,0.47619047619047616,0.37224117934399753
100041505|F|0-68:C>A-68:C>A,C/A,,,1.0,0.07142857142857142,0.12380952380952381,0.12385464389837572
100041752|F|0-68:A>G-68:A>G,A/G,Vu11 (old9),27102564.0,1.0,0.023809523809523808,0.02857142857142857,0.04540482103650237
100041793|F|0-68:A>T-68:A>T,A/T,,,1.0,0.047619047619047616,0.0761904761904762,0.08658943547184561
100044383|F|0-68:C>A-68:C>A,C/A,,,1.0,0.2,0.26666666666666666,0.2687999999999998
100044476|F|0-68:A>T-68:A>T,A/T,,,0.8857142857142857,0.34408602150537637,0.15053763440860216,0.3495089599451781
100045002|F|0-68:G>C-68:G>C,G/C,,,0.9904761904761905,0.05288461538461542,0.10576923076923077,0.09515808368321055
100049843|F|0-68:A>T-68:A>T,A/T,,,0.45714285714285713,0.020833333333333332,0.0,0.03996634777681332
100051515|F|0-68:A>T-68:A>T,A/T,,,0.9142857142857143,0.005208333333333333,0.010416666666666666,0.010308723390838222
100055405|F|0-68:T>G-68:T>G,T/G,,,0.45714285714285713,0.020833333333333332,0.0,0.03996634777681332
100056416|F|0-68:G>A-68:G>A,G/A,,,0.6095238095238096,0.015625,0.0,0.03028857707977295
100058486|F|0-68:T>A-68:T>A,T/A,,,0.5238095238095238,0.03636363636363636,0.0,0.06762685608906488
100059231|F|0-68:C>A-68:C>A,C/A,,,0.7714285714285715,0.012345679012345678,0.0,0.024089175108134273
