scenario,lambda,sample,contribution
balanced,0.01,TSs10,6.342278223525621e-16
balanced,0.01,TSs104,0.0
balanced,0.01,TSs10A,2.5010936091565297e-15
balanced,0.01,TSs11,0.0
balanced,0.01,TSs111,0.0
balanced,0.01,TSs116,0.0
balanced,0.01,TSs119A,7.417307031404144e-16
balanced,0.01,TSs120,0.0
balanced,0.01,TSs131,0.0
balanced,0.01,TSs132,0.0
balanced,0.01,TSs133,0.0
balanced,0.01,TSs136,0.0
balanced,0.01,TSs138B,0.0
balanced,0.01,TSs15,0.0
balanced,0.01,TSs151B,0.0
balanced,0.01,TSs155,0.0
balanced,0.01,TSs156A,0.0
balanced,0.01,TSs157A,0.9999999999999138
balanced,0.01,TSs158,0.0
balanced,0.01,TSs161,0.0
balanced,0.01,TSs166,0.0
balanced,0.01,TSs168,0.0
balanced,0.01,TSs195,0.0
balanced,0.01,TSs1A,0.0
balanced,0.01,TSs2,0.0
balanced,0.01,TSs201,0.0
balanced,0.01,TSs209,0.0
balanced,0.01,TSs217,0.0
balanced,0.01,TSs224,0.0
balanced,0.01,TSs22A,1.162897479176966e-14
balanced,0.01,TSs22B,6.726349779353506e-16
balanced,0.01,TSs23,0.0
balanced,0.01,TSs24,0.0
balanced,0.01,TSs266,0.0
balanced,0.01,TSs269,0.0
balanced,0.01,TSs27,0.0
balanced,0.01,TSs274,0.0
balanced,0.01,TSs277,0.0
balanced,0.01,TSs282,2.0539125955563626e-14
balanced,0.01,TSs287,1.2546894543734576e-16
balanced,0.01,TSs291,0.0
balanced,0.01,TSs293,6.585373215581727e-17
balanced,0.01,TSs294,0.0
balanced,0.01,TSs296,3.726321758094234e-16
balanced,0.01,TSs297,2.7782150323190824e-15
balanced,0.01,TSs3,0.0
balanced,0.01,TSs30,0.0
balanced,0.01,TSs303,0.0
balanced,0.01,TSs311,0.0
balanced,0.01,TSs314A,0.0
balanced,0.01,TSs314B,0.0
balanced,0.01,TSs317,0.0
balanced,0.01,TSs325,5.379912022929752e-16
balanced,0.01,TSs33,0.0
balanced,0.01,TSs331,2.0084146005343406e-15
balanced,0.01,TSs333,2.0497857267313502e-15
balanced,0.01,TSs334,2.9189959123169912e-15
balanced,0.01,TSs336,0.0
balanced,0.01,TSs338,0.0
balanced,0.01,TSs357,0.0
balanced,0.01,TSs358,0.0
balanced,0.01,TSs361,0.0
balanced,0.01,TSs363,0.0
balanced,0.01,TSs365,0.0
balanced,0.01,TSs368,9.34602722082783e-16
balanced,0.01,TSs371,0.0
balanced,0.01,TSs378,0.0
balanced,0.01,TSs38,9.002944975007327e-15
balanced,0.01,TSs383,0.0
balanced,0.01,TSs3A,0.0
balanced,0.01,TSs4,5.425562735661849e-18
balanced,0.01,TSs417,0.0
balanced,0.01,TSs44C,0.0
balanced,0.01,TSs48,0.0
balanced,0.01,TSs49,8.742035026100814e-15
balanced,0.01,TSs49A,0.0
balanced,0.01,TSs51,1.0263698477777847e-15
balanced,0.01,TSs53,1.2528835279889868e-15
balanced,0.01,TSs56,0.0
balanced,0.01,TSs56A,1.1344662433827617e-15
balanced,0.01,TSs58,9.365275611837405e-16
balanced,0.01,TSs59B,1.9991379154235023e-15
balanced,0.01,TSs5A,0.0
balanced,0.01,TSs60,0.0
balanced,0.01,TSs60B,7.242349421709866e-16
balanced,0.01,TSs61,0.0
balanced,0.01,TSs63A,8.300950409844355e-16
balanced,0.01,TSs68,9.172910941934528e-15
balanced,0.01,TSs7,0.0
balanced,0.01,TSs78,0.0
balanced,0.01,TSs82,6.936801698396688e-16
balanced,0.01,TSs9,1.3033621640256254e-15
balanced,0.01,TSs95,0.0
balanced,0.01,TSs96,8.26267748653357e-16
balanced,0.01,TSs98,0.0
balanced,0.016237767391887217,TSs10,6.342278223525621e-16
balanced,0.016237767391887217,TSs104,0.0
balanced,0.016237767391887217,TSs10A,2.5010936091565297e-15
balanced,0.016237767391887217,TSs11,0.0
balanced,0.016237767391887217,TSs111,0.0
balanced,0.016237767391887217,TSs116,0.0
balanced,0.016237767391887217,TSs119A,7.417307031404144e-16
balanced,0.016237767391887217,TSs120,0.0
balanced,0.016237767391887217,TSs131,0.0
balanced,0.016237767391887217,TSs132,0.0
balanced,0.016237767391887217,TSs133,0.0
balanced,0.016237767391887217,TSs136,0.0
balanced,0.016237767391887217,TSs138B,0.0
balanced,0.016237767391887217,TSs15,0.0
balanced,0.016237767391887217,TSs151B,0.0
balanced,0.016237767391887217,TSs155,0.0
balanced,0.016237767391887217,TSs156A,0.0
balanced,0.016237767391887217,TSs157A,0.9999999999999138
balanced,0.016237767391887217,TSs158,0.0
balanced,0.016237767391887217,TSs161,0.0
balanced,0.016237767391887217,TSs166,0.0
balanced,0.016237767391887217,TSs168,0.0
balanced,0.016237767391887217,TSs195,0.0
balanced,0.016237767391887217,TSs1A,0.0
balanced,0.016237767391887217,TSs2,0.0
balanced,0.016237767391887217,TSs201,0.0
balanced,0.016237767391887217,TSs209,0.0
balanced,0.016237767391887217,TSs217,0.0
balanced,0.016237767391887217,TSs224,0.0
balanced,0.016237767391887217,TSs22A,1.162897479176966e-14
balanced,0.016237767391887217,TSs22B,6.726349779353506e-16
balanced,0.016237767391887217,TSs23,0.0
balanced,0.016237767391887217,TSs24,0.0
balanced,0.016237767391887217,TSs266,0.0
balanced,0.016237767391887217,TSs269,0.0
balanced,0.016237767391887217,TSs27,0.0
balanced,0.016237767391887217,TSs274,0.0
balanced,0.016237767391887217,TSs277,0.0
balanced,0.016237767391887217,TSs282,2.0539125955563626e-14
balanced,0.016237767391887217,TSs287,1.2546894543734576e-16
balanced,0.016237767391887217,TSs291,0.0
balanced,0.016237767391887217,TSs293,6.585373215581727e-17
balanced,0.016237767391887217,TSs294,0.0
balanced,0.016237767391887217,TSs296,3.726321758094234e-16
balanced,0.016237767391887217,TSs297,2.7782150323190824e-15
balanced,0.016237767391887217,TSs3,0.0
balanced,0.016237767391887217,TSs30,0.0
balanced,0.016237767391887217,TSs303,0.0
balanced,0.016237767391887217,TSs311,0.0
balanced,0.016237767391887217,TSs314A,0.0
balanced,0.016237767391887217,TSs314B,0.0
balanced,0.016237767391887217,TSs317,0.0
balanced,0.016237767391887217,TSs325,5.379912022929752e-16
balanced,0.016237767391887217,TSs33,0.0
balanced,0.016237767391887217,TSs331,2.0084146005343406e-15
balanced,0.016237767391887217,TSs333,2.0497857267313502e-15
balanced,0.016237767391887217,TSs334,2.9189959123169912e-15
balanced,0.016237767391887217,TSs336,0.0
balanced,0.016237767391887217,TSs338,0.0
balanced,0.016237767391887217,TSs357,0.0
balanced,0.016237767391887217,TSs358,0.0
balanced,0.016237767391887217,TSs361,0.0
balanced,0.016237767391887217,TSs363,0.0
balanced,0.016237767391887217,TSs365,0.0
balanced,0.016237767391887217,TSs368,9.34602722082783e-16
balanced,0.016237767391887217,TSs371,0.0
balanced,0.016237767391887217,TSs378,0.0
balanced,0.016237767391887217,TSs38,9.002944975007327e-15
balanced,0.016237767391887217,TSs383,0.0
balanced,0.016237767391887217,TSs3A,0.0
balanced,0.016237767391887217,TSs4,5.425562735661849e-18
balanced,0.016237767391887217,TSs417,0.0
balanced,0.016237767391887217,TSs44C,0.0
balanced,0.016237767391887217,TSs48,0.0
balanced,0.016237767391887217,TSs49,8.742035026100814e-15
balanced,0.016237767391887217,TSs49A,0.0
balanced,0.016237767391887217,TSs51,1.0263698477777847e-15
balanced,0.016237767391887217,TSs53,1.2528835279889868e-15
balanced,0.016237767391887217,TSs56,0.0
balanced,0.016237767391887217,TSs56A,1.1344662433827617e-15
balanced,0.016237767391887217,TSs58,9.365275611837405e-16
balanced,0.016237767391887217,TSs59B,1.9991379154235023e-15
balanced,0.016237767391887217,TSs5A,0.0
balanced,0.016237767391887217,TSs60,0.0
balanced,0.016237767391887217,TSs60B,7.242349421709866e-16
balanced,0.016237767391887217,TSs61,0.0
balanced,0.016237767391887217,TSs63A,8.300950409844355e-16
balanced,0.016237767391887217,TSs68,9.172910941934528e-15
balanced,0.016237767391887217,TSs7,0.0
balanced,0.016237767391887217,TSs78,0.0
balanced,0.016237767391887217,TSs82,6.936801698396688e-16
balanced,0.016237767391887217,TSs9,1.3033621640256254e-15
balanced,0.016237767391887217,TSs95,0.0
balanced,0.016237767391887217,TSs96,8.26267748653357e-16
balanced,0.016237767391887217,TSs98,0.0
balanced,0.026366508987303583,TSs10,6.342278223525621e-16
balanced,0.026366508987303583,TSs104,0.0
balanced,0.026366508987303583,TSs10A,2.5010936091565297e-15
balanced,0.026366508987303583,TSs11,0.0
balanced,0.026366508987303583,TSs111,0.0
balanced,0.026366508987303583,TSs116,0.0
balanced,0.026366508987303583,TSs119A,7.417307031404144e-16
balanced,0.026366508987303583,TSs120,0.0
balanced,0.026366508987303583,TSs131,0.0
balanced,0.026366508987303583,TSs132,0.0
balanced,0.026366508987303583,TSs133,0.0
balanced,0.026366508987303583,TSs136,0.0
balanced,0.026366508987303583,TSs138B,0.0
balanced,0.026366508987303583,TSs15,0.0
balanced,0.026366508987303583,TSs151B,0.0
balanced,0.026366508987303583,TSs155,0.0
balanced,0.026366508987303583,TSs156A,0.0
balanced,0.026366508987303583,TSs157A,0.9999999999999138
balanced,0.026366508987303583,TSs158,0.0
balanced,0.026366508987303583,TSs161,0.0
balanced,0.026366508987303583,TSs166,0.0
balanced,0.026366508987303583,TSs168,0.0
balanced,0.026366508987303583,TSs195,0.0
balanced,0.026366508987303583,TSs1A,0.0
balanced,0.026366508987303583,TSs2,0.0
balanced,0.026366508987303583,TSs201,0.0
balanced,0.026366508987303583,TSs209,0.0
balanced,0.026366508987303583,TSs217,0.0
balanced,0.026366508987303583,TSs224,0.0
balanced,0.026366508987303583,TSs22A,1.162897479176966e-14
balanced,0.026366508987303583,TSs22B,6.726349779353506e-16
balanced,0.026366508987303583,TSs23,0.0
balanced,0.026366508987303583,TSs24,0.0
balanced,0.026366508987303583,TSs266,0.0
balanced,0.026366508987303583,TSs269,0.0
balanced,0.026366508987303583,TSs27,0.0
balanced,0.026366508987303583,TSs274,0.0
balanced,0.026366508987303583,TSs277,0.0
balanced,0.026366508987303583,TSs282,2.0539125955563626e-14
balanced,0.026366508987303583,TSs287,1.2546894543734576e-16
balanced,0.026366508987303583,TSs291,0.0
balanced,0.026366508987303583,TSs293,6.585373215581727e-17
balanced,0.026366508987303583,TSs294,0.0
balanced,0.026366508987303583,TSs296,3.726321758094234e-16
balanced,0.026366508987303583,TSs297,2.7782150323190824e-15
balanced,0.026366508987303583,TSs3,0.0
balanced,0.026366508987303583,TSs30,0.0
balanced,0.026366508987303583,TSs303,0.0
balanced,0.026366508987303583,TSs311,0.0
balanced,0.026366508987303583,TSs314A,0.0
balanced,0.026366508987303583,TSs314B,0.0
balanced,0.026366508987303583,TSs317,0.0
balanced,0.026366508987303583,TSs325,5.379912022929752e-16
balanced,0.026366508987303583,TSs33,0.0
balanced,0.026366508987303583,TSs331,2.0084146005343406e-15
balanced,0.026366508987303583,TSs333,2.0497857267313502e-15
balanced,0.026366508987303583,TSs334,2.9189959123169912e-15
balanced,0.026366508987303583,TSs336,0.0
balanced,0.026366508987303583,TSs338,0.0
balanced,0.026366508987303583,TSs357,0.0
balanced,0.026366508987303583,TSs358,0.0
balanced,0.026366508987303583,TSs361,0.0
balanced,0.026366508987303583,TSs363,0.0
balanced,0.026366508987303583,TSs365,0.0
balanced,0.026366508987303583,TSs368,9.34602722082783e-16
balanced,0.026366508987303583,TSs371,0.0
balanced,0.026366508987303583,TSs378,0.0
balanced,0.026366508987303583,TSs38,9.002944975007327e-15
balanced,0.026366508987303583,TSs383,0.0
balanced,0.026366508987303583,TSs3A,0.0
balanced,0.026366508987303583,TSs4,5.425562735661849e-18
balanced,0.026366508987303583,TSs417,0.0
balanced,0.026366508987303583,TSs44C,0.0
balanced,0.026366508987303583,TSs48,0.0
balanced,0.026366508987303583,TSs49,8.742035026100814e-15
balanced,0.026366508987303583,TSs49A,0.0
balanced,0.026366508987303583,TSs51,1.0263698477777847e-15
balanced,0.026366508987303583,TSs53,1.2528835279889868e-15
balanced,0.026366508987303583,TSs56,0.0
balanced,0.026366508987303583,TSs56A,1.1344662433827617e-15
balanced,0.026366508987303583,TSs58,9.365275611837405e-16
balanced,0.026366508987303583,TSs59B,1.9991379154235023e-15
balanced,0.026366508987303583,TSs5A,0.0
balanced,0.026366508987303583,TSs60,0.0
balanced,0.026366508987303583,TSs60B,7.242349421709866e-16
balanced,0.026366508987303583,TSs61,0.0
balanced,0.026366508987303583,TSs63A,8.300950409844355e-16
balanced,0.026366508987303583,TSs68,9.172910941934528e-15
balanced,0.026366508987303583,TSs7,0.0
balanced,0.026366508987303583,TSs78,0.0
balanced,0.026366508987303583,TSs82,6.936801698396688e-16
balanced,0.026366508987303583,TSs9,1.3033621640256254e-15
balanced,0.026366508987303583,TSs95,0.0
balanced,0.026366508987303583,TSs96,8.26267748653357e-16
balanced,0.026366508987303583,TSs98,0.0
balanced,0.04281332398719394,TSs10,6.342278223525621e-16
balanced,0.04281332398719394,TSs104,0.0
balanced,0.04281332398719394,TSs10A,2.5010936091565297e-15
balanced,0.04281332398719394,TSs11,0.0
balanced,0.04281332398719394,TSs111,0.0
balanced,0.04281332398719394,TSs116,0.0
balanced,0.04281332398719394,TSs119A,7.417307031404144e-16
balanced,0.04281332398719394,TSs120,0.0
balanced,0.04281332398719394,TSs131,0.0
balanced,0.04281332398719394,TSs132,0.0
balanced,0.04281332398719394,TSs133,0.0
balanced,0.04281332398719394,TSs136,0.0
balanced,0.04281332398719394,TSs138B,0.0
balanced,0.04281332398719394,TSs15,0.0
balanced,0.04281332398719394,TSs151B,0.0
balanced,0.04281332398719394,TSs155,0.0
balanced,0.04281332398719394,TSs156A,0.0
balanced,0.04281332398719394,TSs157A,0.9999999999999138
balanced,0.04281332398719394,TSs158,0.0
balanced,0.04281332398719394,TSs161,0.0
balanced,0.04281332398719394,TSs166,0.0
balanced,0.04281332398719394,TSs168,0.0
balanced,0.04281332398719394,TSs195,0.0
balanced,0.04281332398719394,TSs1A,0.0
balanced,0.04281332398719394,TSs2,0.0
balanced,0.04281332398719394,TSs201,0.0
balanced,0.04281332398719394,TSs209,0.0
balanced,0.04281332398719394,TSs217,0.0
balanced,0.04281332398719394,TSs224,0.0
balanced,0.04281332398719394,TSs22A,1.162897479176966e-14
balanced,0.04281332398719394,TSs22B,6.726349779353506e-16
balanced,0.04281332398719394,TSs23,0.0
balanced,0.04281332398719394,TSs24,0.0
balanced,0.04281332398719394,TSs266,0.0
balanced,0.04281332398719394,TSs269,0.0
balanced,0.04281332398719394,TSs27,0.0
balanced,0.04281332398719394,TSs274,0.0
balanced,0.04281332398719394,TSs277,0.0
balanced,0.04281332398719394,TSs282,2.0539125955563626e-14
balanced,0.04281332398719394,TSs287,1.2546894543734576e-16
balanced,0.04281332398719394,TSs291,0.0
balanced,0.04281332398719394,TSs293,6.585373215581727e-17
balanced,0.04281332398719394,TSs294,0.0
balanced,0.04281332398719394,TSs296,3.726321758094234e-16
balanced,0.04281332398719394,TSs297,2.7782150323190824e-15
balanced,0.04281332398719394,TSs3,0.0
balanced,0.04281332398719394,TSs30,0.0
balanced,0.04281332398719394,TSs303,0.0
balanced,0.04281332398719394,TSs311,0.0
balanced,0.04281332398719394,TSs314A,0.0
balanced,0.04281332398719394,TSs314B,0.0
balanced,0.04281332398719394,TSs317,0.0
balanced,0.04281332398719394,TSs325,5.379912022929752e-16
balanced,0.04281332398719394,TSs33,0.0
balanced,0.04281332398719394,TSs331,2.0084146005343406e-15
balanced,0.04281332398719394,TSs333,2.0497857267313502e-15
balanced,0.04281332398719394,TSs334,2.9189959123169912e-15
balanced,0.04281332398719394,TSs336,0.0
balanced,0.04281332398719394,TSs338,0.0
balanced,0.04281332398719394,TSs357,0.0
balanced,0.04281332398719394,TSs358,0.0
balanced,0.04281332398719394,TSs361,0.0
balanced,0.04281332398719394,TSs363,0.0
balanced,0.04281332398719394,TSs365,0.0
balanced,0.04281332398719394,TSs368,9.34602722082783e-16
balanced,0.04281332398719394,TSs371,0.0
balanced,0.04281332398719394,TSs378,0.0
balanced,0.04281332398719394,TSs38,9.002944975007327e-15
balanced,0.04281332398719394,TSs383,0.0
balanced,0.04281332398719394,TSs3A,0.0
balanced,0.04281332398719394,TSs4,5.425562735661849e-18
balanced,0.04281332398719394,TSs417,0.0
balanced,0.04281332398719394,TSs44C,0.0
balanced,0.04281332398719394,TSs48,0.0
balanced,0.04281332398719394,TSs49,8.742035026100814e-15
balanced,0.04281332398719394,TSs49A,0.0
balanced,0.04281332398719394,TSs51,1.0263698477777847e-15
balanced,0.04281332398719394,TSs53,1.2528835279889868e-15
balanced,0.04281332398719394,TSs56,0.0
balanced,0.04281332398719394,TSs56A,1.1344662433827617e-15
balanced,0.04281332398719394,TSs58,9.365275611837405e-16
balanced,0.04281332398719394,TSs59B,1.9991379154235023e-15
balanced,0.04281332398719394,TSs5A,0.0
balanced,0.04281332398719394,TSs60,0.0
balanced,0.04281332398719394,TSs60B,7.242349421709866e-16
balanced,0.04281332398719394,TSs61,0.0
balanced,0.04281332398719394,TSs63A,8.300950409844355e-16
balanced,0.04281332398719394,TSs68,9.172910941934528e-15
balanced,0.04281332398719394,TSs7,0.0
balanced,0.04281332398719394,TSs78,0.0
balanced,0.04281332398719394,TSs82,6.936801698396688e-16
balanced,0.04281332398719394,TSs9,1.3033621640256254e-15
balanced,0.04281332398719394,TSs95,0.0
balanced,0.04281332398719394,TSs96,8.26267748653357e-16
balanced,0.04281332398719394,TSs98,0.0
balanced,0.06951927961775606,TSs10,6.342278223525621e-16
balanced,0.06951927961775606,TSs104,0.0
balanced,0.06951927961775606,TSs10A,2.5010936091565297e-15
balanced,0.06951927961775606,TSs11,0.0
balanced,0.06951927961775606,TSs111,0.0
balanced,0.06951927961775606,TSs116,0.0
balanced,0.06951927961775606,TSs119A,7.417307031404144e-16
balanced,0.06951927961775606,TSs120,0.0
balanced,0.06951927961775606,TSs131,0.0
balanced,0.06951927961775606,TSs132,0.0
balanced,0.06951927961775606,TSs133,0.0
balanced,0.06951927961775606,TSs136,0.0
balanced,0.06951927961775606,TSs138B,0.0
balanced,0.06951927961775606,TSs15,0.0
balanced,0.06951927961775606,TSs151B,0.0
balanced,0.06951927961775606,TSs155,0.0
balanced,0.06951927961775606,TSs156A,0.0
balanced,0.06951927961775606,TSs157A,0.9999999999999138
balanced,0.06951927961775606,TSs158,0.0
balanced,0.06951927961775606,TSs161,0.0
balanced,0.06951927961775606,TSs166,0.0
balanced,0.06951927961775606,TSs168,0.0
balanced,0.06951927961775606,TSs195,0.0
balanced,0.06951927961775606,TSs1A,0.0
balanced,0.06951927961775606,TSs2,0.0
balanced,0.06951927961775606,TSs201,0.0
balanced,0.06951927961775606,TSs209,0.0
balanced,0.06951927961775606,TSs217,0.0
balanced,0.06951927961775606,TSs224,0.0
balanced,0.06951927961775606,TSs22A,1.162897479176966e-14
balanced,0.06951927961775606,TSs22B,6.726349779353506e-16
balanced,0.06951927961775606,TSs23,0.0
balanced,0.06951927961775606,TSs24,0.0
balanced,0.06951927961775606,TSs266,0.0
balanced,0.06951927961775606,TSs269,0.0
balanced,0.06951927961775606,TSs27,0.0
balanced,0.06951927961775606,TSs274,0.0
balanced,0.06951927961775606,TSs277,0.0
balanced,0.06951927961775606,TSs282,2.0539125955563626e-14
balanced,0.06951927961775606,TSs287,1.2546894543734576e-16
balanced,0.06951927961775606,TSs291,0.0
balanced,0.06951927961775606,TSs293,6.585373215581727e-17
balanced,0.06951927961775606,TSs294,0.0
balanced,0.06951927961775606,TSs296,3.726321758094234e-16
balanced,0.06951927961775606,TSs297,2.7782150323190824e-15
balanced,0.06951927961775606,TSs3,0.0
balanced,0.06951927961775606,TSs30,0.0
balanced,0.06951927961775606,TSs303,0.0
balanced,0.06951927961775606,TSs311,0.0
balanced,0.06951927961775606,TSs314A,0.0
balanced,0.06951927961775606,TSs314B,0.0
balanced,0.06951927961775606,TSs317,0.0
balanced,0.06951927961775606,TSs325,5.379912022929752e-16
balanced,0.06951927961775606,TSs33,0.0
balanced,0.06951927961775606,TSs331,2.0084146005343406e-15
balanced,0.06951927961775606,TSs333,2.0497857267313502e-15
balanced,0.06951927961775606,TSs334,2.9189959123169912e-15
balanced,0.06951927961775606,TSs336,0.0
balanced,0.06951927961775606,TSs338,0.0
balanced,0.06951927961775606,TSs357,0.0
balanced,0.06951927961775606,TSs358,0.0
balanced,0.06951927961775606,TSs361,0.0
balanced,0.06951927961775606,TSs363,0.0
balanced,0.06951927961775606,TSs365,0.0
balanced,0.06951927961775606,TSs368,9.34602722082783e-16
balanced,0.06951927961775606,TSs371,0.0
balanced,0.06951927961775606,TSs378,0.0
balanced,0.06951927961775606,TSs38,9.002944975007327e-15
balanced,0.06951927961775606,TSs383,0.0
balanced,0.06951927961775606,TSs3A,0.0
balanced,0.06951927961775606,TSs4,5.425562735661849e-18
balanced,0.06951927961775606,TSs417,0.0
balanced,0.06951927961775606,TSs44C,0.0
balanced,0.06951927961775606,TSs48,0.0
balanced,0.06951927961775606,TSs49,8.742035026100814e-15
balanced,0.06951927961775606,TSs49A,0.0
balanced,0.06951927961775606,TSs51,1.0263698477777847e-15
balanced,0.06951927961775606,TSs53,1.2528835279889868e-15
balanced,0.06951927961775606,TSs56,0.0
balanced,0.06951927961775606,TSs56A,1.1344662433827617e-15
balanced,0.06951927961775606,TSs58,9.365275611837405e-16
balanced,0.06951927961775606,TSs59B,1.9991379154235023e-15
balanced,0.06951927961775606,TSs5A,0.0
balanced,0.06951927961775606,TSs60,0.0
balanced,0.06951927961775606,TSs60B,7.242349421709866e-16
balanced,0.06951927961775606,TSs61,0.0
balanced,0.06951927961775606,TSs63A,8.300950409844355e-16
balanced,0.06951927961775606,TSs68,9.172910941934528e-15
balanced,0.06951927961775606,TSs7,0.0
balanced,0.06951927961775606,TSs78,0.0
balanced,0.06951927961775606,TSs82,6.936801698396688e-16
balanced,0.06951927961775606,TSs9,1.3033621640256254e-15
balanced,0.06951927961775606,TSs95,0.0
balanced,0.06951927961775606,TSs96,8.26267748653357e-16
balanced,0.06951927961775606,TSs98,0.0
balanced,0.11288378916846889,TSs10,6.342278223525621e-16
balanced,0.11288378916846889,TSs104,0.0
balanced,0.11288378916846889,TSs10A,2.5010936091565297e-15
balanced,0.11288378916846889,TSs11,0.0
balanced,0.11288378916846889,TSs111,0.0
balanced,0.11288378916846889,TSs116,0.0
balanced,0.11288378916846889,TSs119A,7.417307031404144e-16
balanced,0.11288378916846889,TSs120,0.0
balanced,0.11288378916846889,TSs131,0.0
balanced,0.11288378916846889,TSs132,0.0
balanced,0.11288378916846889,TSs133,0.0
balanced,0.11288378916846889,TSs136,0.0
balanced,0.11288378916846889,TSs138B,0.0
balanced,0.11288378916846889,TSs15,0.0
balanced,0.11288378916846889,TSs151B,0.0
balanced,0.11288378916846889,TSs155,0.0
balanced,0.11288378916846889,TSs156A,0.0
balanced,0.11288378916846889,TSs157A,0.9999999999999138
balanced,0.11288378916846889,TSs158,0.0
balanced,0.11288378916846889,TSs161,0.0
balanced,0.11288378916846889,TSs166,0.0
balanced,0.11288378916846889,TSs168,0.0
balanced,0.11288378916846889,TSs195,0.0
balanced,0.11288378916846889,TSs1A,0.0
balanced,0.11288378916846889,TSs2,0.0
balanced,0.11288378916846889,TSs201,0.0
balanced,0.11288378916846889,TSs209,0.0
balanced,0.11288378916846889,TSs217,0.0
balanced,0.11288378916846889,TSs224,0.0
balanced,0.11288378916846889,TSs22A,1.162897479176966e-14
balanced,0.11288378916846889,TSs22B,6.726349779353506e-16
balanced,0.11288378916846889,TSs23,0.0
balanced,0.11288378916846889,TSs24,0.0
balanced,0.11288378916846889,TSs266,0.0
balanced,0.11288378916846889,TSs269,0.0
balanced,0.11288378916846889,TSs27,0.0
balanced,0.11288378916846889,TSs274,0.0
balanced,0.11288378916846889,TSs277,0.0
balanced,0.11288378916846889,TSs282,2.0539125955563626e-14
balanced,0.11288378916846889,TSs287,1.2546894543734576e-16
balanced,0.11288378916846889,TSs291,0.0
balanced,0.11288378916846889,TSs293,6.585373215581727e-17
balanced,0.11288378916846889,TSs294,0.0
balanced,0.11288378916846889,TSs296,3.726321758094234e-16
balanced,0.11288378916846889,TSs297,2.7782150323190824e-15
balanced,0.11288378916846889,TSs3,0.0
balanced,0.11288378916846889,TSs30,0.0
balanced,0.11288378916846889,TSs303,0.0
balanced,0.11288378916846889,TSs311,0.0
balanced,0.11288378916846889,TSs314A,0.0
balanced,0.11288378916846889,TSs314B,0.0
balanced,0.11288378916846889,TSs317,0.0
balanced,0.11288378916846889,TSs325,5.379912022929752e-16
balanced,0.11288378916846889,TSs33,0.0
balanced,0.11288378916846889,TSs331,2.0084146005343406e-15
balanced,0.11288378916846889,TSs333,2.0497857267313502e-15
balanced,0.11288378916846889,TSs334,2.9189959123169912e-15
balanced,0.11288378916846889,TSs336,0.0
balanced,0.11288378916846889,TSs338,0.0
balanced,0.11288378916846889,TSs357,0.0
balanced,0.11288378916846889,TSs358,0.0
balanced,0.11288378916846889,TSs361,0.0
balanced,0.11288378916846889,TSs363,0.0
balanced,0.11288378916846889,TSs365,0.0
balanced,0.11288378916846889,TSs368,9.34602722082783e-16
balanced,0.11288378916846889,TSs371,0.0
balanced,0.11288378916846889,TSs378,0.0
balanced,0.11288378916846889,TSs38,9.002944975007327e-15
balanced,0.11288378916846889,TSs383,0.0
balanced,0.11288378916846889,TSs3A,0.0
balanced,0.11288378916846889,TSs4,5.425562735661849e-18
balanced,0.11288378916846889,TSs417,0.0
balanced,0.11288378916846889,TSs44C,0.0
balanced,0.11288378916846889,TSs48,0.0
balanced,0.11288378916846889,TSs49,8.742035026100814e-15
balanced,0.11288378916846889,TSs49A,0.0
balanced,0.11288378916846889,TSs51,1.0263698477777847e-15
balanced,0.11288378916846889,TSs53,1.2528835279889868e-15
balanced,0.11288378916846889,TSs56,0.0
balanced,0.11288378916846889,TSs56A,1.1344662433827617e-15
balanced,0.11288378916846889,TSs58,9.365275611837405e-16
balanced,0.11288378916846889,TSs59B,1.9991379154235023e-15
balanced,0.11288378916846889,TSs5A,0.0
balanced,0.11288378916846889,TSs60,0.0
balanced,0.11288378916846889,TSs60B,7.242349421709866e-16
balanced,0.11288378916846889,TSs61,0.0
balanced,0.11288378916846889,TSs63A,8.300950409844355e-16
balanced,0.11288378916846889,TSs68,9.172910941934528e-15
balanced,0.11288378916846889,TSs7,0.0
balanced,0.11288378916846889,TSs78,0.0
balanced,0.11288378916846889,TSs82,6.936801698396688e-16
balanced,0.11288378916846889,TSs9,1.3033621640256254e-15
balanced,0.11288378916846889,TSs95,0.0
balanced,0.11288378916846889,TSs96,8.26267748653357e-16
balanced,0.11288378916846889,TSs98,0.0
balanced,0.18329807108324356,TSs10,7.91324843490543e-16
balanced,0.18329807108324356,TSs104,1.816305583755189e-15
balanced,0.18329807108324356,TSs10A,0.0
balanced,0.18329807108324356,TSs11,8.266133043917353e-16
balanced,0.18329807108324356,TSs111,7.650813403565228e-16
balanced,0.18329807108324356,TSs116,3.5299208996400123e-16
balanced,0.18329807108324356,TSs119A,0.0
balanced,0.18329807108324356,TSs120,0.0
balanced,0.18329807108324356,TSs131,5.755719572937148e-17
balanced,0.18329807108324356,TSs132,0.0
balanced,0.18329807108324356,TSs133,0.0
balanced,0.18329807108324356,TSs136,0.0
balanced,0.18329807108324356,TSs138B,5.642913542565493e-16
balanced,0.18329807108324356,TSs15,4.595246594747687e-16
balanced,0.18329807108324356,TSs151B,9.417926717329345e-16
balanced,0.18329807108324356,TSs155,1.8659478620236592e-15
balanced,0.18329807108324356,TSs156A,0.0
balanced,0.18329807108324356,TSs157A,0.8254467463307232
balanced,0.18329807108324356,TSs158,0.0
balanced,0.18329807108324356,TSs161,5.488372301872625e-16
balanced,0.18329807108324356,TSs166,4.3885692935487626e-16
balanced,0.18329807108324356,TSs168,3.464947127402206e-16
balanced,0.18329807108324356,TSs195,0.0
balanced,0.18329807108324356,TSs1A,0.0
balanced,0.18329807108324356,TSs2,0.0
balanced,0.18329807108324356,TSs201,7.748741068718134e-16
balanced,0.18329807108324356,TSs209,6.37531085266816e-16
balanced,0.18329807108324356,TSs217,1.8135913902080413e-16
balanced,0.18329807108324356,TSs224,0.0
balanced,0.18329807108324356,TSs22A,0.0
balanced,0.18329807108324356,TSs22B,0.0
balanced,0.18329807108324356,TSs23,1.87849363868588e-16
balanced,0.18329807108324356,TSs24,2.5081117079144574e-15
balanced,0.18329807108324356,TSs266,2.7081408135039882e-17
balanced,0.18329807108324356,TSs269,0.0
balanced,0.18329807108324356,TSs27,0.0
balanced,0.18329807108324356,TSs274,0.0
balanced,0.18329807108324356,TSs277,3.015164336566345e-16
balanced,0.18329807108324356,TSs282,0.14132770783113427
balanced,0.18329807108324356,TSs287,5.014737124212419e-16
balanced,0.18329807108324356,TSs291,0.0
balanced,0.18329807108324356,TSs293,0.0
balanced,0.18329807108324356,TSs294,6.388085424743466e-16
balanced,0.18329807108324356,TSs296,2.830151119259657e-16
balanced,0.18329807108324356,TSs297,0.0
balanced,0.18329807108324356,TSs3,5.44818482455722e-17
balanced,0.18329807108324356,TSs30,0.0
balanced,0.18329807108324356,TSs303,0.0
balanced,0.18329807108324356,TSs311,0.0
balanced,0.18329807108324356,TSs314A,0.0
balanced,0.18329807108324356,TSs314B,3.5259848078477306e-17
balanced,0.18329807108324356,TSs317,2.52728439716045e-16
balanced,0.18329807108324356,TSs325,0.0
balanced,0.18329807108324356,TSs33,4.283465577304695e-16
balanced,0.18329807108324356,TSs331,0.0
balanced,0.18329807108324356,TSs333,0.0
balanced,0.18329807108324356,TSs334,0.0
balanced,0.18329807108324356,TSs336,3.4393511852910535e-16
balanced,0.18329807108324356,TSs338,0.0
balanced,0.18329807108324356,TSs357,2.022305369344363e-16
balanced,0.18329807108324356,TSs358,1.6319391516434318e-16
balanced,0.18329807108324356,TSs361,0.0
balanced,0.18329807108324356,TSs363,0.0
balanced,0.18329807108324356,TSs365,1.6729173633784357e-16
balanced,0.18329807108324356,TSs368,0.0
balanced,0.18329807108324356,TSs371,1.4224686882643176e-16
balanced,0.18329807108324356,TSs378,6.088103263063899e-16
balanced,0.18329807108324356,TSs38,0.03322554583812134
balanced,0.18329807108324356,TSs383,9.734188709435209e-17
balanced,0.18329807108324356,TSs3A,4.3040879448283837e-16
balanced,0.18329807108324356,TSs4,0.0
balanced,0.18329807108324356,TSs417,0.0
balanced,0.18329807108324356,TSs44C,2.638753407871739e-16
balanced,0.18329807108324356,TSs48,1.3193433005048275e-16
balanced,0.18329807108324356,TSs49,8.084764856821516e-16
balanced,0.18329807108324356,TSs49A,0.0
balanced,0.18329807108324356,TSs51,0.0
balanced,0.18329807108324356,TSs53,0.0
balanced,0.18329807108324356,TSs56,0.0
balanced,0.18329807108324356,TSs56A,1.9785382213771612e-16
balanced,0.18329807108324356,TSs58,3.1320368444045596e-17
balanced,0.18329807108324356,TSs59B,0.0
balanced,0.18329807108324356,TSs5A,0.0
balanced,0.18329807108324356,TSs60,0.0
balanced,0.18329807108324356,TSs60B,0.0
balanced,0.18329807108324356,TSs61,2.083641895565808e-16
balanced,0.18329807108324356,TSs63A,4.754095782941359e-16
balanced,0.18329807108324356,TSs68,0.0
balanced,0.18329807108324356,TSs7,0.0
balanced,0.18329807108324356,TSs78,0.0
balanced,0.18329807108324356,TSs82,0.0
balanced,0.18329807108324356,TSs9,4.754095782942033e-16
balanced,0.18329807108324356,TSs95,0.0
balanced,0.18329807108324356,TSs96,0.0
balanced,0.18329807108324356,TSs98,0.0
balanced,0.29763514416313175,TSs10,0.0
balanced,0.29763514416313175,TSs104,3.1457560203391258e-15
balanced,0.29763514416313175,TSs10A,0.0
balanced,0.29763514416313175,TSs11,1.3406959672175144e-15
balanced,0.29763514416313175,TSs111,1.4345793756339004e-14
balanced,0.29763514416313175,TSs116,0.0
balanced,0.29763514416313175,TSs119A,0.0
balanced,0.29763514416313175,TSs120,0.0
balanced,0.29763514416313175,TSs131,0.0
balanced,0.29763514416313175,TSs132,0.0
balanced,0.29763514416313175,TSs133,3.845983066535405e-15
balanced,0.29763514416313175,TSs136,6.724661960562711e-16
balanced,0.29763514416313175,TSs138B,3.4747321499511324e-15
balanced,0.29763514416313175,TSs15,0.0
balanced,0.29763514416313175,TSs151B,3.5114083416179485e-14
balanced,0.29763514416313175,TSs155,1.2927524374916567e-14
balanced,0.29763514416313175,TSs156A,2.1403900566105948e-14
balanced,0.29763514416313175,TSs157A,0.5871043918495757
balanced,0.29763514416313175,TSs158,2.027726461364344e-15
balanced,0.29763514416313175,TSs161,4.248042970963567e-15
balanced,0.29763514416313175,TSs166,2.978005982011008e-15
balanced,0.29763514416313175,TSs168,5.978667024038976e-15
balanced,0.29763514416313175,TSs195,4.030661494441019e-15
balanced,0.29763514416313175,TSs1A,0.0
balanced,0.29763514416313175,TSs2,0.0
balanced,0.29763514416313175,TSs201,0.0
balanced,0.29763514416313175,TSs209,0.0
balanced,0.29763514416313175,TSs217,5.299895301461132e-15
balanced,0.29763514416313175,TSs224,1.085386828989565e-15
balanced,0.29763514416313175,TSs22A,0.12305365394826757
balanced,0.29763514416313175,TSs22B,0.0
balanced,0.29763514416313175,TSs23,3.1192450306603543e-15
balanced,0.29763514416313175,TSs24,1.5306375191488528e-14
balanced,0.29763514416313175,TSs266,0.0
balanced,0.29763514416313175,TSs269,0.0
balanced,0.29763514416313175,TSs27,2.179108373990148e-15
balanced,0.29763514416313175,TSs274,1.7028121115052205e-15
balanced,0.29763514416313175,TSs277,4.493033808988718e-15
balanced,0.29763514416313175,TSs282,0.1645850929464464
balanced,0.29763514416313175,TSs287,0.0
balanced,0.29763514416313175,TSs291,1.2479200732285672e-15
balanced,0.29763514416313175,TSs293,0.0
balanced,0.29763514416313175,TSs294,4.0957018805192404e-15
balanced,0.29763514416313175,TSs296,0.0
balanced,0.29763514416313175,TSs297,0.0
balanced,0.29763514416313175,TSs3,0.0
balanced,0.29763514416313175,TSs30,0.0
balanced,0.29763514416313175,TSs303,8.952194918414352e-15
balanced,0.29763514416313175,TSs311,6.340268860154539e-15
balanced,0.29763514416313175,TSs314A,2.43561047873164e-16
balanced,0.29763514416313175,TSs314B,0.0
balanced,0.29763514416313175,TSs317,0.0
balanced,0.29763514416313175,TSs325,0.0
balanced,0.29763514416313175,TSs33,0.0
balanced,0.29763514416313175,TSs331,0.0
balanced,0.29763514416313175,TSs333,0.0
balanced,0.29763514416313175,TSs334,0.0
balanced,0.29763514416313175,TSs336,2.124423919277394e-15
balanced,0.29763514416313175,TSs338,0.0
balanced,0.29763514416313175,TSs357,3.0020278681443226e-15
balanced,0.29763514416313175,TSs358,6.1484329377644596e-15
balanced,0.29763514416313175,TSs361,5.613328002142488e-15
balanced,0.29763514416313175,TSs363,9.011402362499076e-15
balanced,0.29763514416313175,TSs365,3.339627614367812e-15
balanced,0.29763514416313175,TSs368,0.0
balanced,0.29763514416313175,TSs371,2.0914262704768345e-15
balanced,0.29763514416313175,TSs378,3.814732964906907e-15
balanced,0.29763514416313175,TSs38,0.1025923082983044
balanced,0.29763514416313175,TSs383,3.460827353375104e-15
balanced,0.29763514416313175,TSs3A,6.566055241227823e-15
balanced,0.29763514416313175,TSs4,0.0
balanced,0.29763514416313175,TSs417,0.0
balanced,0.29763514416313175,TSs44C,1.3862590060398135e-15
balanced,0.29763514416313175,TSs48,0.0
balanced,0.29763514416313175,TSs49,0.022664552957178057
balanced,0.29763514416313175,TSs49A,0.0
balanced,0.29763514416313175,TSs51,0.0
balanced,0.29763514416313175,TSs53,0.0
balanced,0.29763514416313175,TSs56,1.4901572940618245e-15
balanced,0.29763514416313175,TSs56A,0.0
balanced,0.29763514416313175,TSs58,0.0
balanced,0.29763514416313175,TSs59B,0.0
balanced,0.29763514416313175,TSs5A,0.0
balanced,0.29763514416313175,TSs60,1.0878206196882277e-15
balanced,0.29763514416313175,TSs60B,0.0
balanced,0.29763514416313175,TSs61,3.2388777298944748e-15
balanced,0.29763514416313175,TSs63A,0.0
balanced,0.29763514416313175,TSs68,0.0
balanced,0.29763514416313175,TSs7,0.0
balanced,0.29763514416313175,TSs78,5.487079354769529e-15
balanced,0.29763514416313175,TSs82,0.0
balanced,0.29763514416313175,TSs9,0.0
balanced,0.29763514416313175,TSs95,0.0
balanced,0.29763514416313175,TSs96,0.0
balanced,0.29763514416313175,TSs98,4.4267120052833987e-16
balanced,0.4832930238571752,TSs10,4.3899861530268823e-16
balanced,0.4832930238571752,TSs104,0.0
balanced,0.4832930238571752,TSs10A,8.435296515425535e-16
balanced,0.4832930238571752,TSs11,8.092844261411083e-16
balanced,0.4832930238571752,TSs111,1.909338131707269e-15
balanced,0.4832930238571752,TSs116,0.0
balanced,0.4832930238571752,TSs119A,0.0
balanced,0.4832930238571752,TSs120,1.7965957031119887e-16
balanced,0.4832930238571752,TSs131,7.421765273724552e-16
balanced,0.4832930238571752,TSs132,1.821871562154412e-16
balanced,0.4832930238571752,TSs133,0.0
balanced,0.4832930238571752,TSs136,7.395133903015238e-16
balanced,0.4832930238571752,TSs138B,4.4129743299455644e-16
balanced,0.4832930238571752,TSs15,0.0
balanced,0.4832930238571752,TSs151B,4.393195347759948e-15
balanced,0.4832930238571752,TSs155,1.92206990815001e-15
balanced,0.4832930238571752,TSs156A,2.1269197172238043e-15
balanced,0.4832930238571752,TSs157A,0.4278848658814101
balanced,0.4832930238571752,TSs158,0.0
balanced,0.4832930238571752,TSs161,7.518028537111947e-16
balanced,0.4832930238571752,TSs166,1.4912936221561356e-16
balanced,0.4832930238571752,TSs168,3.803484304821964e-16
balanced,0.4832930238571752,TSs195,3.875692701897659e-16
balanced,0.4832930238571752,TSs1A,0.0
balanced,0.4832930238571752,TSs2,0.0
balanced,0.4832930238571752,TSs201,9.413817712905678e-16
balanced,0.4832930238571752,TSs209,0.0
balanced,0.4832930238571752,TSs217,1.0394962799219192e-15
balanced,0.4832930238571752,TSs224,3.2114383903867177e-17
balanced,0.4832930238571752,TSs22A,0.16127172547809587
balanced,0.4832930238571752,TSs22B,0.0
balanced,0.4832930238571752,TSs23,2.1769705609206897e-16
balanced,0.4832930238571752,TSs24,0.0
balanced,0.4832930238571752,TSs266,0.0
balanced,0.4832930238571752,TSs269,0.0
balanced,0.4832930238571752,TSs27,0.0
balanced,0.4832930238571752,TSs274,4.1278636311940164e-17
balanced,0.4832930238571752,TSs277,6.901474659799854e-16
balanced,0.4832930238571752,TSs282,0.17495845561739232
balanced,0.4832930238571752,TSs287,0.0
balanced,0.4832930238571752,TSs291,0.0
balanced,0.4832930238571752,TSs293,0.0
balanced,0.4832930238571752,TSs294,0.0
balanced,0.4832930238571752,TSs296,0.0
balanced,0.4832930238571752,TSs297,0.0
balanced,0.4832930238571752,TSs3,0.0
balanced,0.4832930238571752,TSs30,3.705819884899852e-16
balanced,0.4832930238571752,TSs303,1.226566325931898e-15
balanced,0.4832930238571752,TSs311,7.269517894492644e-16
balanced,0.4832930238571752,TSs314A,0.0
balanced,0.4832930238571752,TSs314B,6.677119608120184e-16
balanced,0.4832930238571752,TSs317,1.7081894979009183e-16
balanced,0.4832930238571752,TSs325,1.7688953622050117e-16
balanced,0.4832930238571752,TSs33,0.0
balanced,0.4832930238571752,TSs331,0.0
balanced,0.4832930238571752,TSs333,0.0
balanced,0.4832930238571752,TSs334,0.0
balanced,0.4832930238571752,TSs336,1.7495550638460808e-16
balanced,0.4832930238571752,TSs338,0.0
balanced,0.4832930238571752,TSs357,5.984394841901738e-16
balanced,0.4832930238571752,TSs358,9.884319233367981e-17
balanced,0.4832930238571752,TSs361,2.7176984442941593e-16
balanced,0.4832930238571752,TSs363,2.2999366692277697e-15
balanced,0.4832930238571752,TSs365,0.0
balanced,0.4832930238571752,TSs368,0.0
balanced,0.4832930238571752,TSs371,3.5249556984813414e-16
balanced,0.4832930238571752,TSs378,2.882883891390099e-16
balanced,0.4832930238571752,TSs38,0.13574572494320003
balanced,0.4832930238571752,TSs383,3.3787594774201875e-16
balanced,0.4832930238571752,TSs3A,1.4461776034144949e-15
balanced,0.4832930238571752,TSs4,0.0
balanced,0.4832930238571752,TSs417,0.0
balanced,0.4832930238571752,TSs44C,4.1774718840009325e-17
balanced,0.4832930238571752,TSs48,1.8177560414156286e-16
balanced,0.4832930238571752,TSs49,0.1001392280798713
balanced,0.4832930238571752,TSs49A,0.0
balanced,0.4832930238571752,TSs51,0.0
balanced,0.4832930238571752,TSs53,0.0
balanced,0.4832930238571752,TSs56,0.0
balanced,0.4832930238571752,TSs56A,5.329824366490998e-16
balanced,0.4832930238571752,TSs58,0.0
balanced,0.4832930238571752,TSs59B,0.0
balanced,0.4832930238571752,TSs5A,1.731428387902932e-16
balanced,0.4832930238571752,TSs60,0.0
balanced,0.4832930238571752,TSs60B,0.0
balanced,0.4832930238571752,TSs61,0.0
balanced,0.4832930238571752,TSs63A,0.0
balanced,0.4832930238571752,TSs68,0.0
balanced,0.4832930238571752,TSs7,0.0
balanced,0.4832930238571752,TSs78,1.0341262578421181e-15
balanced,0.4832930238571752,TSs82,0.0
balanced,0.4832930238571752,TSs9,0.0
balanced,0.4832930238571752,TSs95,0.0
balanced,0.4832930238571752,TSs96,0.0
balanced,0.4832930238571752,TSs98,0.0
balanced,0.7847599703514611,TSs10,2.0833291521334365e-15
balanced,0.7847599703514611,TSs104,0.0
balanced,0.7847599703514611,TSs10A,1.9244069597934543e-15
balanced,0.7847599703514611,TSs11,0.0
balanced,0.7847599703514611,TSs111,0.0
balanced,0.7847599703514611,TSs116,0.0
balanced,0.7847599703514611,TSs119A,2.9038664063426948e-15
balanced,0.7847599703514611,TSs120,6.152391625757153e-16
balanced,0.7847599703514611,TSs131,5.837352420052454e-16
balanced,0.7847599703514611,TSs132,0.0
balanced,0.7847599703514611,TSs133,0.0
balanced,0.7847599703514611,TSs136,0.0
balanced,0.7847599703514611,TSs138B,0.0
balanced,0.7847599703514611,TSs15,2.4424357160273526e-16
balanced,0.7847599703514611,TSs151B,0.0
balanced,0.7847599703514611,TSs155,0.0
balanced,0.7847599703514611,TSs156A,0.0
balanced,0.7847599703514611,TSs157A,0.3164451236222397
balanced,0.7847599703514611,TSs158,0.0
balanced,0.7847599703514611,TSs161,0.0
balanced,0.7847599703514611,TSs166,0.0
balanced,0.7847599703514611,TSs168,0.0
balanced,0.7847599703514611,TSs195,0.0
balanced,0.7847599703514611,TSs1A,7.576444207610717e-17
balanced,0.7847599703514611,TSs2,5.444833681509183e-16
balanced,0.7847599703514611,TSs201,1.86380381486148e-15
balanced,0.7847599703514611,TSs209,9.303283278088264e-16
balanced,0.7847599703514611,TSs217,0.0
balanced,0.7847599703514611,TSs224,0.0
balanced,0.7847599703514611,TSs22A,0.16082030114213122
balanced,0.7847599703514611,TSs22B,2.6890282502407723e-15
balanced,0.7847599703514611,TSs23,0.0
balanced,0.7847599703514611,TSs24,0.0
balanced,0.7847599703514611,TSs266,7.238021121271153e-16
balanced,0.7847599703514611,TSs269,3.877798688617817e-16
balanced,0.7847599703514611,TSs27,0.0
balanced,0.7847599703514611,TSs274,8.88225784904898e-17
balanced,0.7847599703514611,TSs277,0.0
balanced,0.7847599703514611,TSs282,0.14868157070909832
balanced,0.7847599703514611,TSs287,2.4670382684181338e-15
balanced,0.7847599703514611,TSs291,1.7620055857977338e-17
balanced,0.7847599703514611,TSs293,1.5719898769459668e-15
balanced,0.7847599703514611,TSs294,0.0
balanced,0.7847599703514611,TSs296,1.8157229357238123e-15
balanced,0.7847599703514611,TSs297,5.906442254042885e-15
balanced,0.7847599703514611,TSs3,2.1041108963940567e-16
balanced,0.7847599703514611,TSs30,6.810583075647911e-16
balanced,0.7847599703514611,TSs303,0.0
balanced,0.7847599703514611,TSs311,0.0
balanced,0.7847599703514611,TSs314A,1.9109161697445396e-16
balanced,0.7847599703514611,TSs314B,4.2388413111467125e-16
balanced,0.7847599703514611,TSs317,1.5715388096972696e-15
balanced,0.7847599703514611,TSs325,3.749882382814925e-15
balanced,0.7847599703514611,TSs33,1.5162515102850851e-15
balanced,0.7847599703514611,TSs331,3.6560153323422154e-15
balanced,0.7847599703514611,TSs333,4.138162950731633e-15
balanced,0.7847599703514611,TSs334,0.0518207530326546
balanced,0.7847599703514611,TSs336,0.0
balanced,0.7847599703514611,TSs338,7.677172227649352e-16
balanced,0.7847599703514611,TSs357,0.0
balanced,0.7847599703514611,TSs358,0.0
balanced,0.7847599703514611,TSs361,0.0
balanced,0.7847599703514611,TSs363,0.0
balanced,0.7847599703514611,TSs365,0.0
balanced,0.7847599703514611,TSs368,3.176345759246389e-15
balanced,0.7847599703514611,TSs371,0.0
balanced,0.7847599703514611,TSs378,0.0
balanced,0.7847599703514611,TSs38,0.14094508489858182
balanced,0.7847599703514611,TSs383,0.0
balanced,0.7847599703514611,TSs3A,0.0
balanced,0.7847599703514611,TSs4,1.371887441065268e-15
balanced,0.7847599703514611,TSs417,1.2985519788438206e-15
balanced,0.7847599703514611,TSs44C,0.0
balanced,0.7847599703514611,TSs48,8.309580985935466e-16
balanced,0.7847599703514611,TSs49,0.1274140748332054
balanced,0.7847599703514611,TSs49A,2.3756655808795778e-15
balanced,0.7847599703514611,TSs51,2.6068836557313415e-15
balanced,0.7847599703514611,TSs53,3.017558139849583e-15
balanced,0.7847599703514611,TSs56,0.0
balanced,0.7847599703514611,TSs56A,2.9542213628329362e-15
balanced,0.7847599703514611,TSs58,2.4726503768484545e-15
balanced,0.7847599703514611,TSs59B,4.014754640016154e-15
balanced,0.7847599703514611,TSs5A,1.8184258588825318e-15
balanced,0.7847599703514611,TSs60,0.0
balanced,0.7847599703514611,TSs60B,2.275369530877952e-15
balanced,0.7847599703514611,TSs61,0.0
balanced,0.7847599703514611,TSs63A,2.08890630873759e-15
balanced,0.7847599703514611,TSs68,0.0538730917620018
balanced,0.7847599703514611,TSs7,3.211077480898488e-15
balanced,0.7847599703514611,TSs78,0.0
balanced,0.7847599703514611,TSs82,3.599655539516715e-15
balanced,0.7847599703514611,TSs9,2.295143485582121e-15
balanced,0.7847599703514611,TSs95,3.5598925367278297e-16
balanced,0.7847599703514611,TSs96,2.5449436661229834e-15
balanced,0.7847599703514611,TSs98,6.12802582275865e-16
balanced,1.2742749857031335,TSs10,0.020281418168692313
balanced,1.2742749857031335,TSs104,9.568159281113114e-16
balanced,1.2742749857031335,TSs10A,0.0
balanced,1.2742749857031335,TSs11,2.634945379833489e-15
balanced,1.2742749857031335,TSs111,5.734012503674734e-15
balanced,1.2742749857031335,TSs116,9.377807957847013e-17
balanced,1.2742749857031335,TSs119A,0.0
balanced,1.2742749857031335,TSs120,0.0
balanced,1.2742749857031335,TSs131,0.0
balanced,1.2742749857031335,TSs132,0.0
balanced,1.2742749857031335,TSs133,8.994757810809851e-16
balanced,1.2742749857031335,TSs136,2.1043394512089863e-16
balanced,1.2742749857031335,TSs138B,1.3605127854198107e-15
balanced,1.2742749857031335,TSs15,0.0
balanced,1.2742749857031335,TSs151B,1.0966333608377575e-14
balanced,1.2742749857031335,TSs155,3.2975984328453145e-15
balanced,1.2742749857031335,TSs156A,7.502527227708658e-15
balanced,1.2742749857031335,TSs157A,0.2329789332526867
balanced,1.2742749857031335,TSs158,1.6327251228887578e-16
balanced,1.2742749857031335,TSs161,1.2396079344364433e-15
balanced,1.2742749857031335,TSs166,3.4264753608215777e-16
balanced,1.2742749857031335,TSs168,8.262113306959928e-16
balanced,1.2742749857031335,TSs195,7.107218567370533e-16
balanced,1.2742749857031335,TSs1A,5.616261293707875e-17
balanced,1.2742749857031335,TSs2,0.0
balanced,1.2742749857031335,TSs201,0.0
balanced,1.2742749857031335,TSs209,0.0
balanced,1.2742749857031335,TSs217,1.318335671287923e-15
balanced,1.2742749857031335,TSs224,1.5316304157038225e-16
balanced,1.2742749857031335,TSs22A,0.14100033463101477
balanced,1.2742749857031335,TSs22B,0.0
balanced,1.2742749857031335,TSs23,3.5044685812765716e-16
balanced,1.2742749857031335,TSs24,2.89457170848469e-15
balanced,1.2742749857031335,TSs266,0.0
balanced,1.2742749857031335,TSs269,6.074463695480331e-16
balanced,1.2742749857031335,TSs27,4.1344781421510396e-17
balanced,1.2742749857031335,TSs274,4.272782884306064e-16
balanced,1.2742749857031335,TSs277,9.915647595948093e-16
balanced,1.2742749857031335,TSs282,0.11926064660613554
balanced,1.2742749857031335,TSs287,0.0
balanced,1.2742749857031335,TSs291,0.0
balanced,1.2742749857031335,TSs293,0.0
balanced,1.2742749857031335,TSs294,8.988823534166139e-16
balanced,1.2742749857031335,TSs296,0.0
balanced,1.2742749857031335,TSs297,0.024542072735410494
balanced,1.2742749857031335,TSs3,2.294334975044347e-16
balanced,1.2742749857031335,TSs30,0.0
balanced,1.2742749857031335,TSs303,4.748250129671067e-15
balanced,1.2742749857031335,TSs311,1.3103947956760184e-15
balanced,1.2742749857031335,TSs314A,4.800907981058454e-16
balanced,1.2742749857031335,TSs314B,7.491931038976135e-17
balanced,1.2742749857031335,TSs317,0.0
balanced,1.2742749857031335,TSs325,0.0
balanced,1.2742749857031335,TSs33,0.0
balanced,1.2742749857031335,TSs331,0.0
balanced,1.2742749857031335,TSs333,0.0
balanced,1.2742749857031335,TSs334,0.12559749950506172
balanced,1.2742749857031335,TSs336,1.1342009260402838e-16
balanced,1.2742749857031335,TSs338,0.0
balanced,1.2742749857031335,TSs357,0.0
balanced,1.2742749857031335,TSs358,1.05416175532072e-15
balanced,1.2742749857031335,TSs361,1.3938870485982652e-15
balanced,1.2742749857031335,TSs363,1.9458255210396496e-15
balanced,1.2742749857031335,TSs365,0.0
balanced,1.2742749857031335,TSs368,0.0
balanced,1.2742749857031335,TSs371,1.2888253263770824e-16
balanced,1.2742749857031335,TSs378,6.88884032695466e-16
balanced,1.2742749857031335,TSs38,0.12642258629481562
balanced,1.2742749857031335,TSs383,5.6863564201229365e-16
balanced,1.2742749857031335,TSs3A,1.0884702615336009e-15
balanced,1.2742749857031335,TSs4,0.0
balanced,1.2742749857031335,TSs417,0.0
balanced,1.2742749857031335,TSs44C,7.735629245480498e-16
balanced,1.2742749857031335,TSs48,0.0
balanced,1.2742749857031335,TSs49,0.1192793952060784
balanced,1.2742749857031335,TSs49A,0.0
balanced,1.2742749857031335,TSs51,0.0
balanced,1.2742749857031335,TSs53,0.0
balanced,1.2742749857031335,TSs56,6.223913349926101e-16
balanced,1.2742749857031335,TSs56A,0.0
balanced,1.2742749857031335,TSs58,0.0
balanced,1.2742749857031335,TSs59B,0.0
balanced,1.2742749857031335,TSs5A,0.0
balanced,1.2742749857031335,TSs60,1.2869967172390255e-15
balanced,1.2742749857031335,TSs60B,0.0
balanced,1.2742749857031335,TSs61,8.712907451623444e-16
balanced,1.2742749857031335,TSs63A,0.0
balanced,1.2742749857031335,TSs68,0.09063711360004123
balanced,1.2742749857031335,TSs7,0.0
balanced,1.2742749857031335,TSs78,7.855015913709475e-16
balanced,1.2742749857031335,TSs82,0.0
balanced,1.2742749857031335,TSs9,0.0
balanced,1.2742749857031335,TSs95,0.0
balanced,1.2742749857031335,TSs96,0.0
balanced,1.2742749857031335,TSs98,5.199980448638974e-16
balanced,2.06913808111479,TSs10,0.06646627561654883
balanced,2.06913808111479,TSs104,0.0
balanced,2.06913808111479,TSs10A,0.0
balanced,2.06913808111479,TSs11,1.1475771128178559e-15
balanced,2.06913808111479,TSs111,1.7077637547672615e-15
balanced,2.06913808111479,TSs116,2.0837154430787266e-16
balanced,2.06913808111479,TSs119A,7.304100681747428e-17
balanced,2.06913808111479,TSs120,5.2939284052718565e-17
balanced,2.06913808111479,TSs131,0.0
balanced,2.06913808111479,TSs132,0.0
balanced,2.06913808111479,TSs133,0.0
balanced,2.06913808111479,TSs136,9.845834008909173e-16
balanced,2.06913808111479,TSs138B,4.3713785517025904e-16
balanced,2.06913808111479,TSs15,9.165039870454371e-17
balanced,2.06913808111479,TSs151B,2.0252354704731227e-15
balanced,2.06913808111479,TSs155,2.0597228027592311e-16
balanced,2.06913808111479,TSs156A,2.642643039992485e-15
balanced,2.06913808111479,TSs157A,0.17426271854981304
balanced,2.06913808111479,TSs158,0.0
balanced,2.06913808111479,TSs161,3.6251273925132653e-16
balanced,2.06913808111479,TSs166,6.396795633180613e-16
balanced,2.06913808111479,TSs168,0.0
balanced,2.06913808111479,TSs195,4.792925649569449e-16
balanced,2.06913808111479,TSs1A,3.6354972568882866e-17
balanced,2.06913808111479,TSs2,0.0
balanced,2.06913808111479,TSs201,4.446323979607411e-16
balanced,2.06913808111479,TSs209,1.0811812547692844e-16
balanced,2.06913808111479,TSs217,0.0
balanced,2.06913808111479,TSs224,2.377856282560904e-16
balanced,2.06913808111479,TSs22A,0.11757158821415453
balanced,2.06913808111479,TSs22B,5.2465728761718274e-17
balanced,2.06913808111479,TSs23,1.9183293644624102e-16
balanced,2.06913808111479,TSs24,7.145733343660746e-16
balanced,2.06913808111479,TSs266,0.0
balanced,2.06913808111479,TSs269,6.750829220138984e-16
balanced,2.06913808111479,TSs27,0.0
balanced,2.06913808111479,TSs274,0.0
balanced,2.06913808111479,TSs277,4.955781019845834e-17
balanced,2.06913808111479,TSs282,0.10219080573515818
balanced,2.06913808111479,TSs287,0.0
balanced,2.06913808111479,TSs291,0.0
balanced,2.06913808111479,TSs293,0.0
balanced,2.06913808111479,TSs294,4.172154689869129e-16
balanced,2.06913808111479,TSs296,0.0
balanced,2.06913808111479,TSs297,0.03631629754083983
balanced,2.06913808111479,TSs3,0.0
balanced,2.06913808111479,TSs30,2.0040786835513397e-16
balanced,2.06913808111479,TSs303,1.5641209091250705e-15
balanced,2.06913808111479,TSs311,2.562576592747395e-16
balanced,2.06913808111479,TSs314A,0.0
balanced,2.06913808111479,TSs314B,7.560359290139859e-17
balanced,2.06913808111479,TSs317,0.0
balanced,2.06913808111479,TSs325,0.046338069051843594
balanced,2.06913808111479,TSs33,0.0
balanced,2.06913808111479,TSs331,0.0
balanced,2.06913808111479,TSs333,0.021770297591698008
balanced,2.06913808111479,TSs334,0.1283377568351791
balanced,2.06913808111479,TSs336,6.470223779079482e-16
balanced,2.06913808111479,TSs338,0.0
balanced,2.06913808111479,TSs357,1.0171741622404557e-16
balanced,2.06913808111479,TSs358,3.385610926752049e-16
balanced,2.06913808111479,TSs361,2.145387949046653e-16
balanced,2.06913808111479,TSs363,1.3382471251392684e-15
balanced,2.06913808111479,TSs365,0.0
balanced,2.06913808111479,TSs368,0.0
balanced,2.06913808111479,TSs371,5.221099006614436e-16
balanced,2.06913808111479,TSs378,5.418371773232372e-16
balanced,2.06913808111479,TSs38,0.10425166167912467
balanced,2.06913808111479,TSs383,3.0105105603384377e-16
balanced,2.06913808111479,TSs3A,2.940043136573948e-17
balanced,2.06913808111479,TSs4,0.0
balanced,2.06913808111479,TSs417,0.0
balanced,2.06913808111479,TSs44C,1.346599323695888e-16
balanced,2.06913808111479,TSs48,0.0
balanced,2.06913808111479,TSs49,0.10095868900389099
balanced,2.06913808111479,TSs49A,0.0
balanced,2.06913808111479,TSs51,0.0
balanced,2.06913808111479,TSs53,0.0
balanced,2.06913808111479,TSs56,2.521792880150331e-16
balanced,2.06913808111479,TSs56A,0.0
balanced,2.06913808111479,TSs58,0.0
balanced,2.06913808111479,TSs59B,0.0
balanced,2.06913808111479,TSs5A,0.0
balanced,2.06913808111479,TSs60,6.68502941129134e-16
balanced,2.06913808111479,TSs60B,0.0
balanced,2.06913808111479,TSs61,0.0
balanced,2.06913808111479,TSs63A,0.0
balanced,2.06913808111479,TSs68,0.10153584018172811
balanced,2.06913808111479,TSs7,0.0
balanced,2.06913808111479,TSs78,5.826046570495281e-17
balanced,2.06913808111479,TSs82,0.0
balanced,2.06913808111479,TSs9,0.0
balanced,2.06913808111479,TSs95,0.0
balanced,2.06913808111479,TSs96,0.0
balanced,2.06913808111479,TSs98,0.0
balanced,3.359818286283781,TSs10,0.0727968749152833
balanced,3.359818286283781,TSs104,1.862152585646553e-16
balanced,3.359818286283781,TSs10A,0.006026057049292353
balanced,3.359818286283781,TSs11,3.9099515519736953e-16
balanced,3.359818286283781,TSs111,1.2819908666783473e-15
balanced,3.359818286283781,TSs116,6.896965201395572e-17
balanced,3.359818286283781,TSs119A,0.02928580435533761
balanced,3.359818286283781,TSs120,1.0994976793720366e-16
balanced,3.359818286283781,TSs131,3.219130132883912e-17
balanced,3.359818286283781,TSs132,7.203747179574064e-17
balanced,3.359818286283781,TSs133,1.9812766766780344e-16
balanced,3.359818286283781,TSs136,2.725346897730401e-16
balanced,3.359818286283781,TSs138B,2.979313985736713e-16
balanced,3.359818286283781,TSs15,6.821730238379578e-17
balanced,3.359818286283781,TSs151B,2.6936421143445825e-15
balanced,3.359818286283781,TSs155,5.185645633903162e-16
balanced,3.359818286283781,TSs156A,9.098667233149733e-16
balanced,3.359818286283781,TSs157A,0.12668876082020913
balanced,3.359818286283781,TSs158,1.6080023227690615e-17
balanced,3.359818286283781,TSs161,2.647550840613806e-16
balanced,3.359818286283781,TSs166,1.6694283480168014e-16
balanced,3.359818286283781,TSs168,3.4644024518356573e-16
balanced,3.359818286283781,TSs195,2.1499108293162743e-16
balanced,3.359818286283781,TSs1A,2.6405386328048795e-16
balanced,3.359818286283781,TSs2,3.5281377801019204e-17
balanced,3.359818286283781,TSs201,3.5414735332511565e-16
balanced,3.359818286283781,TSs209,2.5799036620144857e-17
balanced,3.359818286283781,TSs217,2.9773078958595e-16
balanced,3.359818286283781,TSs224,1.9865145904588756e-17
balanced,3.359818286283781,TSs22A,0.09334859858183428
balanced,3.359818286283781,TSs22B,3.1219437895794477e-16
balanced,3.359818286283781,TSs23,1.0207241290831837e-16
balanced,3.359818286283781,TSs24,9.195882887440425e-16
balanced,3.359818286283781,TSs266,1.6266689190033816e-17
balanced,3.359818286283781,TSs269,2.209235565843115e-16
balanced,3.359818286283781,TSs27,1.3489918712838775e-16
balanced,3.359818286283781,TSs274,2.955205203935215e-17
balanced,3.359818286283781,TSs277,2.758157931300345e-16
balanced,3.359818286283781,TSs282,0.08378822675415978
balanced,3.359818286283781,TSs287,5.551030109041801e-17
balanced,3.359818286283781,TSs291,1.8845528174550286e-16
balanced,3.359818286283781,TSs293,8.962518751821658e-17
balanced,3.359818286283781,TSs294,2.0320603685070008e-16
balanced,3.359818286283781,TSs296,3.106004733855355e-17
balanced,3.359818286283781,TSs297,0.033407187955804024
balanced,3.359818286283781,TSs3,2.5207863601473263e-16
balanced,3.359818286283781,TSs30,1.6506257397128684e-17
balanced,3.359818286283781,TSs303,5.528851546446386e-16
balanced,3.359818286283781,TSs311,2.4997579496667865e-16
balanced,3.359818286283781,TSs314A,1.750661973388463e-17
balanced,3.359818286283781,TSs314B,1.8196389557957588e-16
balanced,3.359818286283781,TSs317,5.0155328165503547e-17
balanced,3.359818286283781,TSs325,0.061824373945085616
balanced,3.359818286283781,TSs33,1.3126989407405862e-16
balanced,3.359818286283781,TSs331,0.020713269314610108
balanced,3.359818286283781,TSs333,0.03800031218538087
balanced,3.359818286283781,TSs334,0.1038913738614246
balanced,3.359818286283781,TSs336,2.776029712862284e-16
balanced,3.359818286283781,TSs338,3.313887728938703e-18
balanced,3.359818286283781,TSs357,9.921187803279536e-18
balanced,3.359818286283781,TSs358,1.1486253211976485e-16
balanced,3.359818286283781,TSs361,1.1335334336176442e-16
balanced,3.359818286283781,TSs363,3.269051625969417e-16
balanced,3.359818286283781,TSs365,1.6940903658484956e-16
balanced,3.359818286283781,TSs368,3.061853619110805e-17
balanced,3.359818286283781,TSs371,5.24256816302758e-17
balanced,3.359818286283781,TSs378,2.650877377041661e-16
balanced,3.359818286283781,TSs38,0.0769756530037849
balanced,3.359818286283781,TSs383,1.78527800695083e-16
balanced,3.359818286283781,TSs3A,4.498690050898992e-16
balanced,3.359818286283781,TSs4,2.0879714074479332e-16
balanced,3.359818286283781,TSs417,1.2263536722040835e-16
balanced,3.359818286283781,TSs44C,8.19690925782213e-17
balanced,3.359818286283781,TSs48,7.294255791930389e-17
balanced,3.359818286283781,TSs49,0.07832368687695908
balanced,3.359818286283781,TSs49A,0.021010900794275384
balanced,3.359818286283781,TSs51,1.0474098812034464e-16
balanced,3.359818286283781,TSs53,8.090308486263171e-17
balanced,3.359818286283781,TSs56,1.7322729562675162e-16
balanced,3.359818286283781,TSs56A,0.0314482191611118
balanced,3.359818286283781,TSs58,1.5619159964636747e-16
balanced,3.359818286283781,TSs59B,0.003209129508958986
balanced,3.359818286283781,TSs5A,8.717694068409308e-17
balanced,3.359818286283781,TSs60,3.5311737076327853e-16
balanced,3.359818286283781,TSs60B,8.617867479324893e-17
balanced,3.359818286283781,TSs61,2.6626815368502047e-16
balanced,3.359818286283781,TSs63A,9.703328960357269e-17
balanced,3.359818286283781,TSs68,0.09351653581293302
balanced,3.359818286283781,TSs7,0.0061649497015488905
balanced,3.359818286283781,TSs78,2.9061674169641276e-16
balanced,3.359818286283781,TSs82,0.019580085401988332
balanced,3.359818286283781,TSs9,2.405751155843399e-17
balanced,3.359818286283781,TSs95,7.349360768806426e-17
balanced,3.359818286283781,TSs96,1.3724626768861427e-16
balanced,3.359818286283781,TSs98,2.2866739275754973e-16
balanced,5.455594781168514,TSs10,0.06546466047818303
balanced,5.455594781168514,TSs104,8.036451612461517e-17
balanced,5.455594781168514,TSs10A,0.013435956646588367
balanced,5.455594781168514,TSs11,3.053316279299975e-17
balanced,5.455594781168514,TSs111,1.3127328288454614e-16
balanced,5.455594781168514,TSs116,2.541854906478783e-16
balanced,5.455594781168514,TSs119A,0.05030739387360041
balanced,5.455594781168514,TSs120,1.4984750986322327e-16
balanced,5.455594781168514,TSs131,2.847896444893511e-16
balanced,5.455594781168514,TSs132,7.22225013766593e-17
balanced,5.455594781168514,TSs133,6.277994667640676e-17
balanced,5.455594781168514,TSs136,1.7222877227814676e-16
balanced,5.455594781168514,TSs138B,5.04624949378442e-17
balanced,5.455594781168514,TSs15,1.3620960724528605e-16
balanced,5.455594781168514,TSs151B,3.662152013959338e-16
balanced,5.455594781168514,TSs155,7.4655797985642e-17
balanced,5.455594781168514,TSs156A,3.093506798395431e-16
balanced,5.455594781168514,TSs157A,0.09449674809208079
balanced,5.455594781168514,TSs158,7.693765208233507e-17
balanced,5.455594781168514,TSs161,1.9115155098726704e-16
balanced,5.455594781168514,TSs166,1.7866842931678405e-16
balanced,5.455594781168514,TSs168,4.4960227850417336e-17
balanced,5.455594781168514,TSs195,1.1320759992008758e-16
balanced,5.455594781168514,TSs1A,2.062736795322924e-17
balanced,5.455594781168514,TSs2,7.90569199238161e-17
balanced,5.455594781168514,TSs201,7.478449768992334e-17
balanced,5.455594781168514,TSs209,3.461449776524157e-16
balanced,5.455594781168514,TSs217,3.8837003122486785e-17
balanced,5.455594781168514,TSs224,1.420933912723921e-16
balanced,5.455594781168514,TSs22A,0.07461951397760845
balanced,5.455594781168514,TSs22B,1.2064880657071445e-16
balanced,5.455594781168514,TSs23,2.329819136643705e-17
balanced,5.455594781168514,TSs24,1.5086375372505742e-16
balanced,5.455594781168514,TSs266,2.938658854223094e-17
balanced,5.455594781168514,TSs269,6.433072527035188e-17
balanced,5.455594781168514,TSs27,8.511673880391759e-17
balanced,5.455594781168514,TSs274,1.0415862426130174e-16
balanced,5.455594781168514,TSs277,7.431856341377977e-17
balanced,5.455594781168514,TSs282,0.06371096786399788
balanced,5.455594781168514,TSs287,1.6492917632033755e-16
balanced,5.455594781168514,TSs291,4.724666513729066e-17
balanced,5.455594781168514,TSs293,5.2476266077480075e-17
balanced,5.455594781168514,TSs294,8.922997154674692e-17
balanced,5.455594781168514,TSs296,1.1803564030591468e-16
balanced,5.455594781168514,TSs297,0.027493663507220826
balanced,5.455594781168514,TSs3,1.6274675074563675e-17
balanced,5.455594781168514,TSs30,4.351843378625878e-17
balanced,5.455594781168514,TSs303,1.4451806262859545e-16
balanced,5.455594781168514,TSs311,4.226749500318757e-17
balanced,5.455594781168514,TSs314A,7.568178086871562e-17
balanced,5.455594781168514,TSs314B,4.036882630084803e-17
balanced,5.455594781168514,TSs317,2.2457163828793337e-16
balanced,5.455594781168514,TSs325,0.06114617445591567
balanced,5.455594781168514,TSs33,1.1816287646935826e-16
balanced,5.455594781168514,TSs331,0.034661549529047146
balanced,5.455594781168514,TSs333,0.038041734671542954
balanced,5.455594781168514,TSs334,0.08179276586026588
balanced,5.455594781168514,TSs336,1.3394675633861918e-16
balanced,5.455594781168514,TSs338,3.792250818866523e-17
balanced,5.455594781168514,TSs357,0.0044394033490678915
balanced,5.455594781168514,TSs358,9.222425764358248e-16
balanced,5.455594781168514,TSs361,0.004426139357514555
balanced,5.455594781168514,TSs363,4.79678140529273e-17
balanced,5.455594781168514,TSs365,0.008049999623053302
balanced,5.455594781168514,TSs368,0.009727736629456496
balanced,5.455594781168514,TSs371,9.947017412681386e-17
balanced,5.455594781168514,TSs378,8.603769639706429e-17
balanced,5.455594781168514,TSs38,0.058197042751178756
balanced,5.455594781168514,TSs383,7.057541993995944e-17
balanced,5.455594781168514,TSs3A,5.895803483394176e-17
balanced,5.455594781168514,TSs4,2.1596044479539693e-16
balanced,5.455594781168514,TSs417,5.5072792101940125e-17
balanced,5.455594781168514,TSs44C,1.5764604542116016e-17
balanced,5.455594781168514,TSs48,2.473121676601888e-16
balanced,5.455594781168514,TSs49,0.05833208445076988
balanced,5.455594781168514,TSs49A,0.03536879194127501
balanced,5.455594781168514,TSs51,9.457187201558257e-17
balanced,5.455594781168514,TSs53,1.5771239935153387e-16
balanced,5.455594781168514,TSs56,3.21241852275924e-17
balanced,5.455594781168514,TSs56A,0.04001492769971134
balanced,5.455594781168514,TSs58,0.0055718499954375555
balanced,5.455594781168514,TSs59B,0.01820244620637058
balanced,5.455594781168514,TSs5A,1.869591728198108e-16
balanced,5.455594781168514,TSs60,2.150761322407622e-17
balanced,5.455594781168514,TSs60B,2.0059141412034723e-16
balanced,5.455594781168514,TSs61,2.866982368114966e-17
balanced,5.455594781168514,TSs63A,1.326368315434271e-16
balanced,5.455594781168514,TSs68,0.07482183399563842
balanced,5.455594781168514,TSs7,0.03247196904726572
balanced,5.455594781168514,TSs78,2.7409797700292016e-17
balanced,5.455594781168514,TSs82,0.0342705807303454
balanced,5.455594781168514,TSs9,1.63871275466978e-16
balanced,5.455594781168514,TSs95,6.136715627574431e-17
balanced,5.455594781168514,TSs96,0.010934065266855354
balanced,5.455594781168514,TSs98,4.711314613081292e-17
balanced,8.858667904100823,TSs10,0.05169004606236208
balanced,8.858667904100823,TSs104,1.0001279711772205e-16
balanced,8.858667904100823,TSs10A,0.017125151571819895
balanced,8.858667904100823,TSs11,4.4303598810338565e-17
balanced,8.858667904100823,TSs111,1.186632036946532e-16
balanced,8.858667904100823,TSs116,1.6651404595632607e-16
balanced,8.858667904100823,TSs119A,0.046332857466219866
balanced,8.858667904100823,TSs120,0.00475958757400106
balanced,8.858667904100823,TSs131,0.008023365570886221
balanced,8.858667904100823,TSs132,4.559762835015289e-17
balanced,8.858667904100823,TSs133,7.339252039050871e-17
balanced,8.858667904100823,TSs136,1.1552626729357158e-16
balanced,8.858667904100823,TSs138B,9.924418746321338e-17
balanced,8.858667904100823,TSs15,1.1270311246431397e-16
balanced,8.858667904100823,TSs151B,2.9793918429588437e-16
balanced,8.858667904100823,TSs155,1.450791496469941e-16
balanced,8.858667904100823,TSs156A,1.902749657754372e-16
balanced,8.858667904100823,TSs157A,0.06794631946724929
balanced,8.858667904100823,TSs158,1.233642981134958e-16
balanced,8.858667904100823,TSs161,2.665086137404442e-18
balanced,8.858667904100823,TSs166,7.097417777867103e-17
balanced,8.858667904100823,TSs168,8.190881733682387e-18
balanced,8.858667904100823,TSs195,3.8911490033267685e-17
balanced,8.858667904100823,TSs1A,3.934895212308992e-17
balanced,8.858667904100823,TSs2,4.0648633854956216e-17
balanced,8.858667904100823,TSs201,0.0025530849049275215
balanced,8.858667904100823,TSs209,0.0008685651622671068
balanced,8.858667904100823,TSs217,2.1672068705615816e-17
balanced,8.858667904100823,TSs224,4.6288529095854403e-17
balanced,8.858667904100823,TSs22A,0.06049411542899101
balanced,8.858667904100823,TSs22B,2.6659406871037854e-17
balanced,8.858667904100823,TSs23,1.5938548318336252e-17
balanced,8.858667904100823,TSs24,3.469988343733061e-16
balanced,8.858667904100823,TSs266,3.0742942097250906e-17
balanced,8.858667904100823,TSs269,9.624961383760232e-17
balanced,8.858667904100823,TSs27,2.9815438696355744e-17
balanced,8.858667904100823,TSs274,7.572481464812103e-17
balanced,8.858667904100823,TSs277,1.2626595721472107e-16
balanced,8.858667904100823,TSs282,0.04664900924276356
balanced,8.858667904100823,TSs287,0.009618935320472699
balanced,8.858667904100823,TSs291,5.028327696297502e-17
balanced,8.858667904100823,TSs293,4.464690055013352e-17
balanced,8.858667904100823,TSs294,3.5303284986389754e-17
balanced,8.858667904100823,TSs296,3.534905607654454e-17
balanced,8.858667904100823,TSs297,0.02263941331084361
balanced,8.858667904100823,TSs3,5.118745049676054e-17
balanced,8.858667904100823,TSs30,5.2039371987737215e-17
balanced,8.858667904100823,TSs303,3.446425149929074e-17
balanced,8.858667904100823,TSs311,2.245716083340045e-17
balanced,8.858667904100823,TSs314A,2.02723676348588e-17
balanced,8.858667904100823,TSs314B,4.216795613385525e-17
balanced,8.858667904100823,TSs317,0.008723011355666997
balanced,8.858667904100823,TSs325,0.05208516664047812
balanced,8.858667904100823,TSs33,0.004572427252043322
balanced,8.858667904100823,TSs331,0.03550120920394274
balanced,8.858667904100823,TSs333,0.033330773467885016
balanced,8.858667904100823,TSs334,0.061894806241874704
balanced,8.858667904100823,TSs336,5.294417771559353e-17
balanced,8.858667904100823,TSs338,2.350861299981305e-16
balanced,8.858667904100823,TSs357,0.02094675758267669
balanced,8.858667904100823,TSs358,5.89000983426794e-16
balanced,8.858667904100823,TSs361,0.019385724339707106
balanced,8.858667904100823,TSs363,1.0147623005874561e-16
balanced,8.858667904100823,TSs365,0.017312099637361557
balanced,8.858667904100823,TSs368,0.019046432021937384
balanced,8.858667904100823,TSs371,2.4764265502942258e-17
balanced,8.858667904100823,TSs378,9.536207048807415e-17
balanced,8.858667904100823,TSs38,0.043851757979679176
balanced,8.858667904100823,TSs383,1.727900747338003e-17
balanced,8.858667904100823,TSs3A,9.493798994293115e-17
balanced,8.858667904100823,TSs4,0.0031104877544679372
balanced,8.858667904100823,TSs417,6.167799950080362e-17
balanced,8.858667904100823,TSs44C,2.807325766985727e-17
balanced,8.858667904100823,TSs48,0.0038558755772973977
balanced,8.858667904100823,TSs49,0.044802601341318124
balanced,8.858667904100823,TSs49A,0.036610397325246645
balanced,8.858667904100823,TSs51,0.005091603477652547
balanced,8.858667904100823,TSs53,0.005486578800158146
balanced,8.858667904100823,TSs56,7.795099356036359e-17
balanced,8.858667904100823,TSs56A,0.03624458955430542
balanced,8.858667904100823,TSs58,0.017154617681712753
balanced,8.858667904100823,TSs59B,0.023299354104808507
balanced,8.858667904100823,TSs5A,0.00822300841711496
balanced,8.858667904100823,TSs60,1.5902815503253514e-16
balanced,8.858667904100823,TSs60B,0.0019280935751295417
balanced,8.858667904100823,TSs61,7.395611432467617e-17
balanced,8.858667904100823,TSs63A,0.007486184491962031
balanced,8.858667904100823,TSs68,0.0570741248134708
balanced,8.858667904100823,TSs7,0.03735085804807587
balanced,8.858667904100823,TSs78,3.059496142474901e-17
balanced,8.858667904100823,TSs82,0.03636700431895678
balanced,8.858667904100823,TSs9,2.8517114616130646e-17
balanced,8.858667904100823,TSs95,1.639081376966366e-17
balanced,8.858667904100823,TSs96,0.020564003912260938
balanced,8.858667904100823,TSs98,1.1915429326181731e-16
balanced,14.38449888287663,TSs10,0.03922584632590633
balanced,14.38449888287663,TSs104,9.117747888462525e-17
balanced,14.38449888287663,TSs10A,0.016753703102503896
balanced,14.38449888287663,TSs11,1.5630227163701918e-17
balanced,14.38449888287663,TSs111,3.236662463179404e-16
balanced,14.38449888287663,TSs116,0.005554276465114963
balanced,14.38449888287663,TSs119A,0.03791463693599031
balanced,14.38449888287663,TSs120,0.012887365707040438
balanced,14.38449888287663,TSs131,0.015969022969837716
balanced,14.38449888287663,TSs132,2.0335238571689137e-17
balanced,14.38449888287663,TSs133,0.005683580876189098
balanced,14.38449888287663,TSs136,7.990298197492836e-17
balanced,14.38449888287663,TSs138B,0.0001643710092280203
balanced,14.38449888287663,TSs15,0.0
balanced,14.38449888287663,TSs151B,1.2300840363099277e-15
balanced,14.38449888287663,TSs155,2.642603988276259e-16
balanced,14.38449888287663,TSs156A,5.949651932836384e-16
balanced,14.38449888287663,TSs157A,0.0488844853781168
balanced,14.38449888287663,TSs158,0.0022687014125701913
balanced,14.38449888287663,TSs161,9.54482128552004e-17
balanced,14.38449888287663,TSs166,0.0010354065232167163
balanced,14.38449888287663,TSs168,9.731103315116168e-17
balanced,14.38449888287663,TSs195,4.9359003249452105e-17
balanced,14.38449888287663,TSs1A,8.166645450064984e-17
balanced,14.38449888287663,TSs2,5.006593012689439e-17
balanced,14.38449888287663,TSs201,0.014238117413681941
balanced,14.38449888287663,TSs209,0.007248457086421391
balanced,14.38449888287663,TSs217,5.4347081947848217e-17
balanced,14.38449888287663,TSs224,0.00033608321082346994
balanced,14.38449888287663,TSs22A,0.047112038779845794
balanced,14.38449888287663,TSs22B,0.004053200369316955
balanced,14.38449888287663,TSs23,7.692812519482593e-17
balanced,14.38449888287663,TSs24,3.2984447212623867e-16
balanced,14.38449888287663,TSs266,5.795161024044878e-17
balanced,14.38449888287663,TSs269,4.95353928019015e-17
balanced,14.38449888287663,TSs27,9.653414458247456e-18
balanced,14.38449888287663,TSs274,0.01197839769782071
balanced,14.38449888287663,TSs277,3.475224437177028e-17
balanced,14.38449888287663,TSs282,0.03575999063947179
balanced,14.38449888287663,TSs287,0.013391312114687448
balanced,14.38449888287663,TSs291,0.008073681647793691
balanced,14.38449888287663,TSs293,3.6194437501709195e-17
balanced,14.38449888287663,TSs294,4.323743405628886e-17
balanced,14.38449888287663,TSs296,0.0033915111212678615
balanced,14.38449888287663,TSs297,0.018332467653390954
balanced,14.38449888287663,TSs3,6.26011593254082e-17
balanced,14.38449888287663,TSs30,5.610912770604354e-17
balanced,14.38449888287663,TSs303,2.1374850065244604e-16
balanced,14.38449888287663,TSs311,0.0
balanced,14.38449888287663,TSs314A,0.005533925557830388
balanced,14.38449888287663,TSs314B,5.25784596004388e-18
balanced,14.38449888287663,TSs317,0.016823877710292517
balanced,14.38449888287663,TSs325,0.038968991330251654
balanced,14.38449888287663,TSs33,0.013979876209048909
balanced,14.38449888287663,TSs331,0.028192913455316507
balanced,14.38449888287663,TSs333,0.026212911992843903
balanced,14.38449888287663,TSs334,0.043371377892632484
balanced,14.38449888287663,TSs336,6.412104565025699e-17
balanced,14.38449888287663,TSs338,3.6223644315343174e-17
balanced,14.38449888287663,TSs357,0.024265893557710822
balanced,14.38449888287663,TSs358,0.005812019295153124
balanced,14.38449888287663,TSs361,0.022431674086820026
balanced,14.38449888287663,TSs363,4.0782948836876647e-17
balanced,14.38449888287663,TSs365,0.019895395277770653
balanced,14.38449888287663,TSs368,0.02163451694327518
balanced,14.38449888287663,TSs371,5.315534493887966e-18
balanced,14.38449888287663,TSs378,1.0604760826869815e-16
balanced,14.38449888287663,TSs38,0.03370914099103636
balanced,14.38449888287663,TSs383,9.019876809956445e-18
balanced,14.38449888287663,TSs3A,1.9369323361380936e-16
balanced,14.38449888287663,TSs4,0.010476638382356582
balanced,14.38449888287663,TSs417,0.006178058977682566
balanced,14.38449888287663,TSs44C,1.7244152846750188e-17
balanced,14.38449888287663,TSs48,0.009771795710436012
balanced,14.38449888287663,TSs49,0.03384027339687062
balanced,14.38449888287663,TSs49A,0.03279658568114229
balanced,14.38449888287663,TSs51,0.011200836855053155
balanced,14.38449888287663,TSs53,0.01128044373771759
balanced,14.38449888287663,TSs56,1.4474615625006758e-16
balanced,14.38449888287663,TSs56A,0.028615067219810195
balanced,14.38449888287663,TSs58,0.020381735316823583
balanced,14.38449888287663,TSs59B,0.02281460154476724
balanced,14.38449888287663,TSs5A,0.014715578515366881
balanced,14.38449888287663,TSs60,2.989481170698117e-16
balanced,14.38449888287663,TSs60B,0.008292825665000305
balanced,14.38449888287663,TSs61,7.31872201129356e-18
balanced,14.38449888287663,TSs63A,0.009938867667266994
balanced,14.38449888287663,TSs68,0.041071023639452794
balanced,14.38449888287663,TSs7,0.032364443308728875
balanced,14.38449888287663,TSs78,5.1541626462559825e-18
balanced,14.38449888287663,TSs82,0.03213384473706227
balanced,14.38449888287663,TSs9,0.0025905999695682086
balanced,14.38449888287663,TSs95,3.642753271277932e-17
balanced,14.38449888287663,TSs96,0.020447610934669846
balanced,14.38449888287663,TSs98,6.551701330751648e-17
balanced,23.357214690901213,TSs10,0.028964194035997416
balanced,23.357214690901213,TSs104,3.3117241077921173e-17
balanced,23.357214690901213,TSs10A,0.015507050098954683
balanced,23.357214690901213,TSs11,5.87998198080226e-17
balanced,23.357214690901213,TSs111,7.307042279086587e-17
balanced,23.357214690901213,TSs116,0.008262956072597138
balanced,23.357214690901213,TSs119A,0.030703375450870624
balanced,23.357214690901213,TSs120,0.01479655492043483
balanced,23.357214690901213,TSs131,0.017145451319645687
balanced,23.357214690901213,TSs132,0.00099024998024373
balanced,23.357214690901213,TSs133,0.008213521123767342
balanced,23.357214690901213,TSs136,1.1865652153144998e-17
balanced,23.357214690901213,TSs138B,0.007454266051380678
balanced,23.357214690901213,TSs15,0.005015340804581441
balanced,23.357214690901213,TSs151B,5.286111318482816e-16
balanced,23.357214690901213,TSs155,2.935323560849529e-17
balanced,23.357214690901213,TSs156A,3.229681317106138e-17
balanced,23.357214690901213,TSs157A,0.03541159654961176
balanced,23.357214690901213,TSs158,0.008589864794753713
balanced,23.357214690901213,TSs161,2.4630214969813958e-17
balanced,23.357214690901213,TSs166,0.004960326233614178
balanced,23.357214690901213,TSs168,2.7810958453583027e-18
balanced,23.357214690901213,TSs195,1.5567470203880863e-17
balanced,23.357214690901213,TSs1A,5.221100396609227e-08
balanced,23.357214690901213,TSs2,4.512715913825662e-17
balanced,23.357214690901213,TSs201,0.018440230640580837
balanced,23.357214690901213,TSs209,0.008876975014578651
balanced,23.357214690901213,TSs217,7.619449755339869e-05
balanced,23.357214690901213,TSs224,0.006442146952193714
balanced,23.357214690901213,TSs22A,0.03617861366657818
balanced,23.357214690901213,TSs22B,0.009066900861677586
balanced,23.357214690901213,TSs23,2.4799028108620887e-17
balanced,23.357214690901213,TSs24,5.217376661533271e-17
balanced,23.357214690901213,TSs266,0.0029778808735010237
balanced,23.357214690901213,TSs269,7.900352597037513e-18
balanced,23.357214690901213,TSs27,0.0015852581315840412
balanced,23.357214690901213,TSs274,0.01595764813330882
balanced,23.357214690901213,TSs277,2.448686612672268e-17
balanced,23.357214690901213,TSs282,0.02753015662749522
balanced,23.357214690901213,TSs287,0.01320713194233699
balanced,23.357214690901213,TSs291,0.010469900900765706
balanced,23.357214690901213,TSs293,0.003381768510271775
balanced,23.357214690901213,TSs294,1.0427845375890208e-17
balanced,23.357214690901213,TSs296,0.008944732464726626
balanced,23.357214690901213,TSs297,0.01517747241786729
balanced,23.357214690901213,TSs3,1.2236106396515177e-17
balanced,23.357214690901213,TSs30,0.001003695214537359
balanced,23.357214690901213,TSs303,2.1321262215090165e-17
balanced,23.357214690901213,TSs311,0.006180175447719306
balanced,23.357214690901213,TSs314A,0.013439935001526251
balanced,23.357214690901213,TSs314B,6.612874020013992e-17
balanced,23.357214690901213,TSs317,0.01769102597738029
balanced,23.357214690901213,TSs325,0.029625770659376518
balanced,23.357214690901213,TSs33,0.01681072331736144
balanced,23.357214690901213,TSs331,0.023607444099032388
balanced,23.357214690901213,TSs333,0.021346500229612868
balanced,23.357214690901213,TSs334,0.03192899186347024
balanced,23.357214690901213,TSs336,3.195148846026095e-17
balanced,23.357214690901213,TSs338,3.4932604925718374e-18
balanced,23.357214690901213,TSs357,0.023212538285675422
balanced,23.357214690901213,TSs358,0.0185431118736029
balanced,23.357214690901213,TSs361,0.013611147616469352
balanced,23.357214690901213,TSs363,0.0018692749719252822
balanced,23.357214690901213,TSs365,0.018560378462064358
balanced,23.357214690901213,TSs368,0.021931371744697916
balanced,23.357214690901213,TSs371,0.004232100635852708
balanced,23.357214690901213,TSs378,1.92088471036663e-18
balanced,23.357214690901213,TSs38,0.027178719987393032
balanced,23.357214690901213,TSs383,5.0981319885213345e-08
balanced,23.357214690901213,TSs3A,2.1825853525023642e-17
balanced,23.357214690901213,TSs4,0.015145923478964955
balanced,23.357214690901213,TSs417,0.01082707782460969
balanced,23.357214690901213,TSs44C,0.0019896086377238884
balanced,23.357214690901213,TSs48,0.012890456979791569
balanced,23.357214690901213,TSs49,0.026957523947875654
balanced,23.357214690901213,TSs49A,0.027532673233946075
balanced,23.357214690901213,TSs51,0.014353245166199898
balanced,23.357214690901213,TSs53,0.015008580322931368
balanced,23.357214690901213,TSs56,3.1206872213765214e-18
balanced,23.357214690901213,TSs56A,0.022135209460017992
balanced,23.357214690901213,TSs58,0.019585203210318477
balanced,23.357214690901213,TSs59B,0.019999977702092178
balanced,23.357214690901213,TSs5A,0.01599561919027964
balanced,23.357214690901213,TSs60,2.4658595477859763e-17
balanced,23.357214690901213,TSs60B,0.011825533340305573
balanced,23.357214690901213,TSs61,1.5940193323736855e-17
balanced,23.357214690901213,TSs63A,0.01103373240870522
balanced,23.357214690901213,TSs68,0.03046589062790208
balanced,23.357214690901213,TSs7,0.027481370926939308
balanced,23.357214690901213,TSs78,0.004217908382340727
balanced,23.357214690901213,TSs82,0.02587246089239185
balanced,23.357214690901213,TSs9,0.006602186332772091
balanced,23.357214690901213,TSs95,0.00490085580807954
balanced,23.357214690901213,TSs96,0.01740344766988414
balanced,23.357214690901213,TSs98,0.0026747468044323523
balanced,37.92690190732246,TSs10,0.02201034673705329
balanced,37.92690190732246,TSs104,0.0034996895642034798
balanced,37.92690190732246,TSs10A,0.013936684131268669
balanced,37.92690190732246,TSs11,0.0008062743596814552
balanced,37.92690190732246,TSs111,4.292646336598862e-17
balanced,37.92690190732246,TSs116,0.009515427984529116
balanced,37.92690190732246,TSs119A,0.02341695774392036
balanced,37.92690190732246,TSs120,0.015038323750037932
balanced,37.92690190732246,TSs131,0.01615419710162563
balanced,37.92690190732246,TSs132,0.004812917061850146
balanced,37.92690190732246,TSs133,0.009798704410841132
balanced,37.92690190732246,TSs136,0.0026423705396814126
balanced,37.92690190732246,TSs138B,0.009896622783605613
balanced,37.92690190732246,TSs15,0.006885265622609751
balanced,37.92690190732246,TSs151B,3.996264252010637e-16
balanced,37.92690190732246,TSs155,2.4777216959113774e-17
balanced,37.92690190732246,TSs156A,6.389512509929754e-17
balanced,37.92690190732246,TSs157A,0.025787079009831963
balanced,37.92690190732246,TSs158,0.010790596510700187
balanced,37.92690190732246,TSs161,1.1936620355053588e-17
balanced,37.92690190732246,TSs166,0.00702103363406348
balanced,37.92690190732246,TSs168,0.002140044872140049
balanced,37.92690190732246,TSs195,0.0015506385655463862
balanced,37.92690190732246,TSs1A,0.004051816027771027
balanced,37.92690190732246,TSs2,0.0019079951683566426
balanced,37.92690190732246,TSs201,0.018229191128401257
balanced,37.92690190732246,TSs209,0.00880919031676522
balanced,37.92690190732246,TSs217,0.004824823468016573
balanced,37.92690190732246,TSs224,0.00816648501299447
balanced,37.92690190732246,TSs22A,0.027954953852163525
balanced,37.92690190732246,TSs22B,0.011293588458942957
balanced,37.92690190732246,TSs23,0.004569946808912181
balanced,37.92690190732246,TSs24,4.623042800717757e-17
balanced,37.92690190732246,TSs266,0.006940821136423988
balanced,37.92690190732246,TSs269,0.0023786203287104917
balanced,37.92690190732246,TSs27,0.005416441908150958
balanced,37.92690190732246,TSs274,0.015004792973694385
balanced,37.92690190732246,TSs277,0.0027377200108274343
balanced,37.92690190732246,TSs282,0.021496749331287802
balanced,37.92690190732246,TSs287,0.01297873691467297
balanced,37.92690190732246,TSs291,0.010131274622246136
balanced,37.92690190732246,TSs293,0.006486736466912742
balanced,37.92690190732246,TSs294,0.0025656829488731317
balanced,37.92690190732246,TSs296,0.010390292020369207
balanced,37.92690190732246,TSs297,0.013359496364673686
balanced,37.92690190732246,TSs3,0.0007299319883812858
balanced,37.92690190732246,TSs30,0.004154208437390997
balanced,37.92690190732246,TSs303,1.410408987646799e-07
balanced,37.92690190732246,TSs311,0.011475661098058657
balanced,37.92690190732246,TSs314A,0.01538473731183343
balanced,37.92690190732246,TSs314B,0.003111609869232902
balanced,37.92690190732246,TSs317,0.01614319529822971
balanced,37.92690190732246,TSs325,0.023269280030188622
balanced,37.92690190732246,TSs33,0.016673703562252246
balanced,37.92690190732246,TSs331,0.02076307128056275
balanced,37.92690190732246,TSs333,0.01743399701616607
balanced,37.92690190732246,TSs334,0.023950795699454186
balanced,37.92690190732246,TSs336,0.0025992619616503057
balanced,37.92690190732246,TSs338,0.001015719945271858
balanced,37.92690190732246,TSs357,0.02085402760542761
balanced,37.92690190732246,TSs358,0.021617174079786843
balanced,37.92690190732246,TSs361,0.01128744347229871
balanced,37.92690190732246,TSs363,0.008570424681088488
balanced,37.92690190732246,TSs365,0.01631492422355107
balanced,37.92690190732246,TSs368,0.02077955323847102
balanced,37.92690190732246,TSs371,0.006818806977705457
balanced,37.92690190732246,TSs378,0.00024074146299015914
balanced,37.92690190732246,TSs38,0.021091868523439028
balanced,37.92690190732246,TSs383,0.0025724943451364076
balanced,37.92690190732246,TSs3A,0.0012621661293733498
balanced,37.92690190732246,TSs4,0.014506487392387695
balanced,37.92690190732246,TSs417,0.011345341741580816
balanced,37.92690190732246,TSs44C,0.005718519710681778
balanced,37.92690190732246,TSs48,0.013859240467662699
balanced,37.92690190732246,TSs49,0.021793100251306152
balanced,37.92690190732246,TSs49A,0.021939505104614992
balanced,37.92690190732246,TSs51,0.015116745411300753
balanced,37.92690190732246,TSs53,0.015745937458663418
balanced,37.92690190732246,TSs56,0.0032887741203972676
balanced,37.92690190732246,TSs56A,0.017677771091821483
balanced,37.92690190732246,TSs58,0.01710806135108888
balanced,37.92690190732246,TSs59B,0.017237255847763186
balanced,37.92690190732246,TSs5A,0.01517247652356617
balanced,37.92690190732246,TSs60,3.0275020885226414e-17
balanced,37.92690190732246,TSs60B,0.012217828024580712
balanced,37.92690190732246,TSs61,0.004981726205878634
balanced,37.92690190732246,TSs63A,0.010859120146658442
balanced,37.92690190732246,TSs68,0.02200512822923082
balanced,37.92690190732246,TSs7,0.021756503513993965
balanced,37.92690190732246,TSs78,0.007045768700753107
balanced,37.92690190732246,TSs82,0.020045179501225426
balanced,37.92690190732246,TSs9,0.008411397835236274
balanced,37.92690190732246,TSs95,0.007874508221972184
balanced,37.92690190732246,TSs96,0.01499394172948039
balanced,37.92690190732246,TSs98,0.0057862124869573995
balanced,61.584821106602604,TSs10,0.01786518008934066
balanced,61.584821106602604,TSs104,0.0064506951894618535
balanced,61.584821106602604,TSs10A,0.012765298299917969
balanced,61.584821106602604,TSs11,0.004607406665477113
balanced,61.584821106602604,TSs111,4.554062967873373e-18
balanced,61.584821106602604,TSs116,0.010256250702138581
balanced,61.584821106602604,TSs119A,0.018264390531378103
balanced,61.584821106602604,TSs120,0.013851256294473148
balanced,61.584821106602604,TSs131,0.014365813281570168
balanced,61.584821106602604,TSs132,0.00671547250075289
balanced,61.584821106602604,TSs133,0.010903167417924726
balanced,61.584821106602604,TSs136,0.006570816340533248
balanced,61.584821106602604,TSs138B,0.01091589833873037
balanced,61.584821106602604,TSs15,0.008514293896583515
balanced,61.584821106602604,TSs151B,1.109437342608932e-15
balanced,61.584821106602604,TSs155,0.0024616521688685627
balanced,61.584821106602604,TSs156A,2.6519665134467793e-17
balanced,61.584821106602604,TSs157A,0.019550512821484404
balanced,61.584821106602604,TSs158,0.01118998295068534
balanced,61.584821106602604,TSs161,0.002786182509697779
balanced,61.584821106602604,TSs166,0.008387175053848043
balanced,61.584821106602604,TSs168,0.005383814215981283
balanced,61.584821106602604,TSs195,0.004480458679403565
balanced,61.584821106602604,TSs1A,0.007522941360948924
balanced,61.584821106602604,TSs2,0.005001132646806436
balanced,61.584821106602604,TSs201,0.015936580562337925
balanced,61.584821106602604,TSs209,0.009175249798513516
balanced,61.584821106602604,TSs217,0.006652255417961092
balanced,61.584821106602604,TSs224,0.008394885727557994
balanced,61.584821106602604,TSs22A,0.020552194822938002
balanced,61.584821106602604,TSs22B,0.011381523986241307
balanced,61.584821106602604,TSs23,0.007311444238763176
balanced,61.584821106602604,TSs24,0.0006089791690065701
balanced,61.584821106602604,TSs266,0.00802354699140503
balanced,61.584821106602604,TSs269,0.006373170793492901
balanced,61.584821106602604,TSs27,0.00757176814951018
balanced,61.584821106602604,TSs274,0.013302916600731917
balanced,61.584821106602604,TSs277,0.006366056361420701
balanced,61.584821106602604,TSs282,0.01842701077948579
balanced,61.584821106602604,TSs287,0.012145542195125368
balanced,61.584821106602604,TSs291,0.010310367606018606
balanced,61.584821106602604,TSs293,0.007751319644174523
balanced,61.584821106602604,TSs294,0.005467358243098492
balanced,61.584821106602604,TSs296,0.009580579393242188
balanced,61.584821106602604,TSs297,0.012179952365642038
balanced,61.584821106602604,TSs3,0.00465318569040081
balanced,61.584821106602604,TSs30,0.0066136888799693426
balanced,61.584821106602604,TSs303,0.0040200514035687186
balanced,61.584821106602604,TSs311,0.012140767152299755
balanced,61.584821106602604,TSs314A,0.014465719933072656
balanced,61.584821106602604,TSs314B,0.006117561171741718
balanced,61.584821106602604,TSs317,0.0143150336176653
balanced,61.584821106602604,TSs325,0.01805915661025533
balanced,61.584821106602604,TSs33,0.015192328198476586
balanced,61.584821106602604,TSs331,0.017289431241582998
balanced,61.584821106602604,TSs333,0.014578270618536256
balanced,61.584821106602604,TSs334,0.018902169530863006
balanced,61.584821106602604,TSs336,0.0056594788216169
balanced,61.584821106602604,TSs338,0.004445623357136341
balanced,61.584821106602604,TSs357,0.017631972129179604
balanced,61.584821106602604,TSs358,0.02054336275524797
balanced,61.584821106602604,TSs361,0.01315601194720176
balanced,61.584821106602604,TSs363,0.011805440754979067
balanced,61.584821106602604,TSs365,0.014463164705686614
balanced,61.584821106602604,TSs368,0.017380850102057702
balanced,61.584821106602604,TSs371,0.008295917253367672
balanced,61.584821106602604,TSs378,0.005237637065232424
balanced,61.584821106602604,TSs38,0.017098924339476046
balanced,61.584821106602604,TSs383,0.005189864031391896
balanced,61.584821106602604,TSs3A,0.005613053324243505
balanced,61.584821106602604,TSs4,0.013318989136965017
balanced,61.584821106602604,TSs417,0.01156350344655446
balanced,61.584821106602604,TSs44C,0.0076885344675324185
balanced,61.584821106602604,TSs48,0.012923863203349041
balanced,61.584821106602604,TSs49,0.017372299669883816
balanced,61.584821106602604,TSs49A,0.017753146864266697
balanced,61.584821106602604,TSs51,0.013167897928953837
balanced,61.584821106602604,TSs53,0.014823358508156562
balanced,61.584821106602604,TSs56,0.006449966753804301
balanced,61.584821106602604,TSs56A,0.014859472817413955
balanced,61.584821106602604,TSs58,0.0141969997294761
balanced,61.584821106602604,TSs59B,0.014508813474637509
balanced,61.584821106602604,TSs5A,0.013333147504741086
balanced,61.584821106602604,TSs60,1.4760855663951158e-17
balanced,61.584821106602604,TSs60B,0.011397422485366113
balanced,61.584821106602604,TSs61,0.008052096692381881
balanced,61.584821106602604,TSs63A,0.01052056950937692
balanced,61.584821106602604,TSs68,0.017299500729262722
balanced,61.584821106602604,TSs7,0.016931547029813733
balanced,61.584821106602604,TSs78,0.008661208963697375
balanced,61.584821106602604,TSs82,0.017102509609979336
balanced,61.584821106602604,TSs9,0.00914324105684278
balanced,61.584821106602604,TSs95,0.009368841527667227
balanced,61.584821106602604,TSs96,0.01271188768858029
balanced,61.584821106602604,TSs98,0.0076600217633715885
balanced,100.0,TSs10,0.015148116648507553
balanced,100.0,TSs104,0.008046487719192747
balanced,100.0,TSs10A,0.0120206447226774
balanced,100.0,TSs11,0.006861162717456938
balanced,100.0,TSs111,0.0031254909296404136
balanced,100.0,TSs116,0.010364354140595278
balanced,100.0,TSs119A,0.015244633893497946
balanced,100.0,TSs120,0.012650975304802015
balanced,100.0,TSs131,0.01286636206376621
balanced,100.0,TSs132,0.008100713833108173
balanced,100.0,TSs133,0.010828373989315037
balanced,100.0,TSs136,0.00812512042920253
balanced,100.0,TSs138B,0.010880408223805997
balanced,100.0,TSs15,0.009286087740592397
balanced,100.0,TSs151B,7.096660959124248e-16
balanced,100.0,TSs155,0.0056422599977595245
balanced,100.0,TSs156A,0.0034556137101306793
balanced,100.0,TSs157A,0.01605014841017309
balanced,100.0,TSs158,0.010982458661646217
balanced,100.0,TSs161,0.005745706027341388
balanced,100.0,TSs166,0.009307497135001399
balanced,100.0,TSs168,0.007361028674161185
balanced,100.0,TSs195,0.006861788716043191
balanced,100.0,TSs1A,0.008769647512137624
balanced,100.0,TSs2,0.00721766893300682
balanced,100.0,TSs201,0.014248714299639137
balanced,100.0,TSs209,0.009596065441833782
balanced,100.0,TSs217,0.008029883663545838
balanced,100.0,TSs224,0.008984947578282573
balanced,100.0,TSs22A,0.016569750882928478
balanced,100.0,TSs22B,0.011045067206933532
balanced,100.0,TSs23,0.008523627494953693
balanced,100.0,TSs24,0.004306213720677633
balanced,100.0,TSs266,0.008882620005981062
balanced,100.0,TSs269,0.008050796664779382
balanced,100.0,TSs27,0.008708762034492133
balanced,100.0,TSs274,0.012192008547743544
balanced,100.0,TSs277,0.008168747351787315
balanced,100.0,TSs282,0.016472855350012694
balanced,100.0,TSs287,0.011451034865152717
balanced,100.0,TSs291,0.010385525585945073
balanced,100.0,TSs293,0.008687740237399447
balanced,100.0,TSs294,0.007391417006058715
balanced,100.0,TSs296,0.009765556604371435
balanced,100.0,TSs297,0.011639630798365027
balanced,100.0,TSs3,0.006923108822628498
balanced,100.0,TSs30,0.008140439626805954
balanced,100.0,TSs303,0.00687991683445044
balanced,100.0,TSs311,0.011754170276220383
balanced,100.0,TSs314A,0.013021825470262966
balanced,100.0,TSs314B,0.007765707570083082
balanced,100.0,TSs317,0.012881075440045806
balanced,100.0,TSs325,0.015046828340637875
balanced,100.0,TSs33,0.013378079289551415
balanced,100.0,TSs331,0.014640039961072226
balanced,100.0,TSs333,0.013005553793043936
balanced,100.0,TSs334,0.015752567173793832
balanced,100.0,TSs336,0.007527280450269879
balanced,100.0,TSs338,0.0068465273900748585
balanced,100.0,TSs357,0.015047767162524164
balanced,100.0,TSs358,0.019099675928266915
balanced,100.0,TSs361,0.013937681445398408
balanced,100.0,TSs363,0.011681546205117292
balanced,100.0,TSs365,0.012990897776552287
balanced,100.0,TSs368,0.014883585450018704
balanced,100.0,TSs371,0.009146782186992391
balanced,100.0,TSs378,0.007469048461526717
balanced,100.0,TSs38,0.014579798017972288
balanced,100.0,TSs383,0.00708369375342491
balanced,100.0,TSs3A,0.007698889931575766
balanced,100.0,TSs4,0.012368226972562653
balanced,100.0,TSs417,0.01122582762086376
balanced,100.0,TSs44C,0.008854439288528049
balanced,100.0,TSs48,0.012010402545049835
balanced,100.0,TSs49,0.014791346252891033
balanced,100.0,TSs49A,0.01501716203789994
balanced,100.0,TSs51,0.01216336414363927
balanced,100.0,TSs53,0.013236630589012656
balanced,100.0,TSs56,0.008021113213741222
balanced,100.0,TSs56A,0.01310356783945425
balanced,100.0,TSs58,0.012768949602977286
balanced,100.0,TSs59B,0.013021972012301142
balanced,100.0,TSs5A,0.012245938761731981
balanced,100.0,TSs60,0.001811970454768234
balanced,100.0,TSs60B,0.010974181974976445
balanced,100.0,TSs61,0.009216445178327183
balanced,100.0,TSs63A,0.010480554806787737
balanced,100.0,TSs68,0.014688199133935006
balanced,100.0,TSs7,0.01451254624276397
balanced,100.0,TSs78,0.009404227572072207
balanced,100.0,TSs82,0.014704114377363756
balanced,100.0,TSs9,0.009663635023781007
balanced,100.0,TSs95,0.009980195419949874
balanced,100.0,TSs96,0.011779146031558095
balanced,100.0,TSs98,0.008729640670306993
soluble_oxalate_priority,0.01,TSs10,2.321495526431585e-16
soluble_oxalate_priority,0.01,TSs104,0.0
soluble_oxalate_priority,0.01,TSs10A,1.2678106840074646e-14
soluble_oxalate_priority,0.01,TSs11,0.0
soluble_oxalate_priority,0.01,TSs111,0.0
soluble_oxalate_priority,0.01,TSs116,0.0
soluble_oxalate_priority,0.01,TSs119A,6.729646825026162e-15
soluble_oxalate_priority,0.01,TSs120,0.0
soluble_oxalate_priority,0.01,TSs131,0.0
soluble_oxalate_priority,0.01,TSs132,0.0
soluble_oxalate_priority,0.01,TSs133,0.0
soluble_oxalate_priority,0.01,TSs136,0.0
soluble_oxalate_priority,0.01,TSs138B,0.0
soluble_oxalate_priority,0.01,TSs15,0.0
soluble_oxalate_priority,0.01,TSs151B,0.0
soluble_oxalate_priority,0.01,TSs155,0.0
soluble_oxalate_priority,0.01,TSs156A,0.0
soluble_oxalate_priority,0.01,TSs157A,0.9999999999996034
soluble_oxalate_priority,0.01,TSs158,0.0
soluble_oxalate_priority,0.01,TSs161,0.0
soluble_oxalate_priority,0.01,TSs166,0.0
soluble_oxalate_priority,0.01,TSs168,0.0
soluble_oxalate_priority,0.01,TSs195,0.0
soluble_oxalate_priority,0.01,TSs1A,0.0
soluble_oxalate_priority,0.01,TSs2,0.0
soluble_oxalate_priority,0.01,TSs201,0.0
soluble_oxalate_priority,0.01,TSs209,0.0
soluble_oxalate_priority,0.01,TSs217,0.0
soluble_oxalate_priority,0.01,TSs224,0.0
soluble_oxalate_priority,0.01,TSs22A,4.57455389191825e-14
soluble_oxalate_priority,0.01,TSs22B,6.4860052246660025e-15
soluble_oxalate_priority,0.01,TSs23,0.0
soluble_oxalate_priority,0.01,TSs24,0.0
soluble_oxalate_priority,0.01,TSs266,0.0
soluble_oxalate_priority,0.01,TSs269,0.0
soluble_oxalate_priority,0.01,TSs27,0.0
soluble_oxalate_priority,0.01,TSs274,0.0
soluble_oxalate_priority,0.01,TSs277,0.0
soluble_oxalate_priority,0.01,TSs282,9.93649607039121e-14
soluble_oxalate_priority,0.01,TSs287,0.0
soluble_oxalate_priority,0.01,TSs291,0.0
soluble_oxalate_priority,0.01,TSs293,1.4563000802435602e-15
soluble_oxalate_priority,0.01,TSs294,0.0
soluble_oxalate_priority,0.01,TSs296,2.3871544684775144e-15
soluble_oxalate_priority,0.01,TSs297,0.0
soluble_oxalate_priority,0.01,TSs3,0.0
soluble_oxalate_priority,0.01,TSs30,0.0
soluble_oxalate_priority,0.01,TSs303,0.0
soluble_oxalate_priority,0.01,TSs311,0.0
soluble_oxalate_priority,0.01,TSs314A,0.0
soluble_oxalate_priority,0.01,TSs314B,0.0
soluble_oxalate_priority,0.01,TSs317,0.0
soluble_oxalate_priority,0.01,TSs325,1.1551680763496145e-14
soluble_oxalate_priority,0.01,TSs33,3.3208912635467006e-16
soluble_oxalate_priority,0.01,TSs331,1.0323609304846879e-15
soluble_oxalate_priority,0.01,TSs333,7.19432915287185e-15
soluble_oxalate_priority,0.01,TSs334,1.3727188151249431e-14
soluble_oxalate_priority,0.01,TSs336,0.0
soluble_oxalate_priority,0.01,TSs338,0.0
soluble_oxalate_priority,0.01,TSs357,0.0
soluble_oxalate_priority,0.01,TSs358,0.0
soluble_oxalate_priority,0.01,TSs361,0.0
soluble_oxalate_priority,0.01,TSs363,0.0
soluble_oxalate_priority,0.01,TSs365,0.0
soluble_oxalate_priority,0.01,TSs368,6.120604751330044e-15
soluble_oxalate_priority,0.01,TSs371,0.0
soluble_oxalate_priority,0.01,TSs378,0.0
soluble_oxalate_priority,0.01,TSs38,4.670281522828833e-14
soluble_oxalate_priority,0.01,TSs383,0.0
soluble_oxalate_priority,0.01,TSs3A,0.0
soluble_oxalate_priority,0.01,TSs4,1.2149708669653587e-15
soluble_oxalate_priority,0.01,TSs417,1.867785257101608e-15
soluble_oxalate_priority,0.01,TSs44C,0.0
soluble_oxalate_priority,0.01,TSs48,0.0
soluble_oxalate_priority,0.01,TSs49,4.3405050951114475e-14
soluble_oxalate_priority,0.01,TSs49A,0.0
soluble_oxalate_priority,0.01,TSs51,3.3269055146195465e-15
soluble_oxalate_priority,0.01,TSs53,6.157931136103769e-15
soluble_oxalate_priority,0.01,TSs56,0.0
soluble_oxalate_priority,0.01,TSs56A,5.3926534117949425e-15
soluble_oxalate_priority,0.01,TSs58,5.468003729210842e-15
soluble_oxalate_priority,0.01,TSs59B,1.0747775996782594e-14
soluble_oxalate_priority,0.01,TSs5A,1.7698508310611402e-15
soluble_oxalate_priority,0.01,TSs60,0.0
soluble_oxalate_priority,0.01,TSs60B,0.0
soluble_oxalate_priority,0.01,TSs61,0.0
soluble_oxalate_priority,0.01,TSs63A,0.0
soluble_oxalate_priority,0.01,TSs68,4.331468421872475e-14
soluble_oxalate_priority,0.01,TSs7,2.7532678124002216e-15
soluble_oxalate_priority,0.01,TSs78,0.0
soluble_oxalate_priority,0.01,TSs82,5.15720244805973e-15
soluble_oxalate_priority,0.01,TSs9,1.5599140152533677e-15
soluble_oxalate_priority,0.01,TSs95,0.0
soluble_oxalate_priority,0.01,TSs96,2.7300299685041504e-15
soluble_oxalate_priority,0.01,TSs98,0.0
soluble_oxalate_priority,0.016237767391887217,TSs10,2.321495526431585e-16
soluble_oxalate_priority,0.016237767391887217,TSs104,0.0
soluble_oxalate_priority,0.016237767391887217,TSs10A,1.2678106840074646e-14
soluble_oxalate_priority,0.016237767391887217,TSs11,0.0
soluble_oxalate_priority,0.016237767391887217,TSs111,0.0
soluble_oxalate_priority,0.016237767391887217,TSs116,0.0
soluble_oxalate_priority,0.016237767391887217,TSs119A,6.729646825026162e-15
soluble_oxalate_priority,0.016237767391887217,TSs120,0.0
soluble_oxalate_priority,0.016237767391887217,TSs131,0.0
soluble_oxalate_priority,0.016237767391887217,TSs132,0.0
soluble_oxalate_priority,0.016237767391887217,TSs133,0.0
soluble_oxalate_priority,0.016237767391887217,TSs136,0.0
soluble_oxalate_priority,0.016237767391887217,TSs138B,0.0
soluble_oxalate_priority,0.016237767391887217,TSs15,0.0
soluble_oxalate_priority,0.016237767391887217,TSs151B,0.0
soluble_oxalate_priority,0.016237767391887217,TSs155,0.0
soluble_oxalate_priority,0.016237767391887217,TSs156A,0.0
soluble_oxalate_priority,0.016237767391887217,TSs157A,0.9999999999996034
soluble_oxalate_priority,0.016237767391887217,TSs158,0.0
soluble_oxalate_priority,0.016237767391887217,TSs161,0.0
soluble_oxalate_priority,0.016237767391887217,TSs166,0.0
soluble_oxalate_priority,0.016237767391887217,TSs168,0.0
soluble_oxalate_priority,0.016237767391887217,TSs195,0.0
soluble_oxalate_priority,0.016237767391887217,TSs1A,0.0
soluble_oxalate_priority,0.016237767391887217,TSs2,0.0
soluble_oxalate_priority,0.016237767391887217,TSs201,0.0
soluble_oxalate_priority,0.016237767391887217,TSs209,0.0
soluble_oxalate_priority,0.016237767391887217,TSs217,0.0
soluble_oxalate_priority,0.016237767391887217,TSs224,0.0
soluble_oxalate_priority,0.016237767391887217,TSs22A,4.57455389191825e-14
soluble_oxalate_priority,0.016237767391887217,TSs22B,6.4860052246660025e-15
soluble_oxalate_priority,0.016237767391887217,TSs23,0.0
soluble_oxalate_priority,0.016237767391887217,TSs24,0.0
soluble_oxalate_priority,0.016237767391887217,TSs266,0.0
soluble_oxalate_priority,0.016237767391887217,TSs269,0.0
soluble_oxalate_priority,0.016237767391887217,TSs27,0.0
soluble_oxalate_priority,0.016237767391887217,TSs274,0.0
soluble_oxalate_priority,0.016237767391887217,TSs277,0.0
soluble_oxalate_priority,0.016237767391887217,TSs282,9.93649607039121e-14
soluble_oxalate_priority,0.016237767391887217,TSs287,0.0
soluble_oxalate_priority,0.016237767391887217,TSs291,0.0
soluble_oxalate_priority,0.016237767391887217,TSs293,1.4563000802435602e-15
soluble_oxalate_priority,0.016237767391887217,TSs294,0.0
soluble_oxalate_priority,0.016237767391887217,TSs296,2.3871544684775144e-15
soluble_oxalate_priority,0.016237767391887217,TSs297,0.0
soluble_oxalate_priority,0.016237767391887217,TSs3,0.0
soluble_oxalate_priority,0.016237767391887217,TSs30,0.0
soluble_oxalate_priority,0.016237767391887217,TSs303,0.0
soluble_oxalate_priority,0.016237767391887217,TSs311,0.0
soluble_oxalate_priority,0.016237767391887217,TSs314A,0.0
soluble_oxalate_priority,0.016237767391887217,TSs314B,0.0
soluble_oxalate_priority,0.016237767391887217,TSs317,0.0
soluble_oxalate_priority,0.016237767391887217,TSs325,1.1551680763496145e-14
soluble_oxalate_priority,0.016237767391887217,TSs33,3.3208912635467006e-16
soluble_oxalate_priority,0.016237767391887217,TSs331,1.0323609304846879e-15
soluble_oxalate_priority,0.016237767391887217,TSs333,7.19432915287185e-15
soluble_oxalate_priority,0.016237767391887217,TSs334,1.3727188151249431e-14
soluble_oxalate_priority,0.016237767391887217,TSs336,0.0
soluble_oxalate_priority,0.016237767391887217,TSs338,0.0
soluble_oxalate_priority,0.016237767391887217,TSs357,0.0
soluble_oxalate_priority,0.016237767391887217,TSs358,0.0
soluble_oxalate_priority,0.016237767391887217,TSs361,0.0
soluble_oxalate_priority,0.016237767391887217,TSs363,0.0
soluble_oxalate_priority,0.016237767391887217,TSs365,0.0
soluble_oxalate_priority,0.016237767391887217,TSs368,6.120604751330044e-15
soluble_oxalate_priority,0.016237767391887217,TSs371,0.0
soluble_oxalate_priority,0.016237767391887217,TSs378,0.0
soluble_oxalate_priority,0.016237767391887217,TSs38,4.670281522828833e-14
soluble_oxalate_priority,0.016237767391887217,TSs383,0.0
soluble_oxalate_priority,0.016237767391887217,TSs3A,0.0
soluble_oxalate_priority,0.016237767391887217,TSs4,1.2149708669653587e-15
soluble_oxalate_priority,0.016237767391887217,TSs417,1.867785257101608e-15
soluble_oxalate_priority,0.016237767391887217,TSs44C,0.0
soluble_oxalate_priority,0.016237767391887217,TSs48,0.0
soluble_oxalate_priority,0.016237767391887217,TSs49,4.3405050951114475e-14
soluble_oxalate_priority,0.016237767391887217,TSs49A,0.0
soluble_oxalate_priority,0.016237767391887217,TSs51,3.3269055146195465e-15
soluble_oxalate_priority,0.016237767391887217,TSs53,6.157931136103769e-15
soluble_oxalate_priority,0.016237767391887217,TSs56,0.0
soluble_oxalate_priority,0.016237767391887217,TSs56A,5.3926534117949425e-15
soluble_oxalate_priority,0.016237767391887217,TSs58,5.468003729210842e-15
soluble_oxalate_priority,0.016237767391887217,TSs59B,1.0747775996782594e-14
soluble_oxalate_priority,0.016237767391887217,TSs5A,1.7698508310611402e-15
soluble_oxalate_priority,0.016237767391887217,TSs60,0.0
soluble_oxalate_priority,0.016237767391887217,TSs60B,0.0
soluble_oxalate_priority,0.016237767391887217,TSs61,0.0
soluble_oxalate_priority,0.016237767391887217,TSs63A,0.0
soluble_oxalate_priority,0.016237767391887217,TSs68,4.331468421872475e-14
soluble_oxalate_priority,0.016237767391887217,TSs7,2.7532678124002216e-15
soluble_oxalate_priority,0.016237767391887217,TSs78,0.0
soluble_oxalate_priority,0.016237767391887217,TSs82,5.15720244805973e-15
soluble_oxalate_priority,0.016237767391887217,TSs9,1.5599140152533677e-15
soluble_oxalate_priority,0.016237767391887217,TSs95,0.0
soluble_oxalate_priority,0.016237767391887217,TSs96,2.7300299685041504e-15
soluble_oxalate_priority,0.016237767391887217,TSs98,0.0
soluble_oxalate_priority,0.026366508987303583,TSs10,2.321495526431585e-16
soluble_oxalate_priority,0.026366508987303583,TSs104,0.0
soluble_oxalate_priority,0.026366508987303583,TSs10A,1.2678106840074646e-14
soluble_oxalate_priority,0.026366508987303583,TSs11,0.0
soluble_oxalate_priority,0.026366508987303583,TSs111,0.0
soluble_oxalate_priority,0.026366508987303583,TSs116,0.0
soluble_oxalate_priority,0.026366508987303583,TSs119A,6.729646825026162e-15
soluble_oxalate_priority,0.026366508987303583,TSs120,0.0
soluble_oxalate_priority,0.026366508987303583,TSs131,0.0
soluble_oxalate_priority,0.026366508987303583,TSs132,0.0
soluble_oxalate_priority,0.026366508987303583,TSs133,0.0
soluble_oxalate_priority,0.026366508987303583,TSs136,0.0
soluble_oxalate_priority,0.026366508987303583,TSs138B,0.0
soluble_oxalate_priority,0.026366508987303583,TSs15,0.0
soluble_oxalate_priority,0.026366508987303583,TSs151B,0.0
soluble_oxalate_priority,0.026366508987303583,TSs155,0.0
soluble_oxalate_priority,0.026366508987303583,TSs156A,0.0
soluble_oxalate_priority,0.026366508987303583,TSs157A,0.9999999999996034
soluble_oxalate_priority,0.026366508987303583,TSs158,0.0
soluble_oxalate_priority,0.026366508987303583,TSs161,0.0
soluble_oxalate_priority,0.026366508987303583,TSs166,0.0
soluble_oxalate_priority,0.026366508987303583,TSs168,0.0
soluble_oxalate_priority,0.026366508987303583,TSs195,0.0
soluble_oxalate_priority,0.026366508987303583,TSs1A,0.0
soluble_oxalate_priority,0.026366508987303583,TSs2,0.0
soluble_oxalate_priority,0.026366508987303583,TSs201,0.0
soluble_oxalate_priority,0.026366508987303583,TSs209,0.0
soluble_oxalate_priority,0.026366508987303583,TSs217,0.0
soluble_oxalate_priority,0.026366508987303583,TSs224,0.0
soluble_oxalate_priority,0.026366508987303583,TSs22A,4.57455389191825e-14
soluble_oxalate_priority,0.026366508987303583,TSs22B,6.4860052246660025e-15
soluble_oxalate_priority,0.026366508987303583,TSs23,0.0
soluble_oxalate_priority,0.026366508987303583,TSs24,0.0
soluble_oxalate_priority,0.026366508987303583,TSs266,0.0
soluble_oxalate_priority,0.026366508987303583,TSs269,0.0
soluble_oxalate_priority,0.026366508987303583,TSs27,0.0
soluble_oxalate_priority,0.026366508987303583,TSs274,0.0
soluble_oxalate_priority,0.026366508987303583,TSs277,0.0
soluble_oxalate_priority,0.026366508987303583,TSs282,9.93649607039121e-14
soluble_oxalate_priority,0.026366508987303583,TSs287,0.0
soluble_oxalate_priority,0.026366508987303583,TSs291,0.0
soluble_oxalate_priority,0.026366508987303583,TSs293,1.4563000802435602e-15
soluble_oxalate_priority,0.026366508987303583,TSs294,0.0
soluble_oxalate_priority,0.026366508987303583,TSs296,2.3871544684775144e-15
soluble_oxalate_priority,0.026366508987303583,TSs297,0.0
soluble_oxalate_priority,0.026366508987303583,TSs3,0.0
soluble_oxalate_priority,0.026366508987303583,TSs30,0.0
soluble_oxalate_priority,0.026366508987303583,TSs303,0.0
soluble_oxalate_priority,0.026366508987303583,TSs311,0.0
soluble_oxalate_priority,0.026366508987303583,TSs314A,0.0
soluble_oxalate_priority,0.026366508987303583,TSs314B,0.0
soluble_oxalate_priority,0.026366508987303583,TSs317,0.0
soluble_oxalate_priority,0.026366508987303583,TSs325,1.1551680763496145e-14
soluble_oxalate_priority,0.026366508987303583,TSs33,3.3208912635467006e-16
soluble_oxalate_priority,0.026366508987303583,TSs331,1.0323609304846879e-15
soluble_oxalate_priority,0.026366508987303583,TSs333,7.19432915287185e-15
soluble_oxalate_priority,0.026366508987303583,TSs334,1.3727188151249431e-14
soluble_oxalate_priority,0.026366508987303583,TSs336,0.0
soluble_oxalate_priority,0.026366508987303583,TSs338,0.0
soluble_oxalate_priority,0.026366508987303583,TSs357,0.0
soluble_oxalate_priority,0.026366508987303583,TSs358,0.0
soluble_oxalate_priority,0.026366508987303583,TSs361,0.0
soluble_oxalate_priority,0.026366508987303583,TSs363,0.0
soluble_oxalate_priority,0.026366508987303583,TSs365,0.0
soluble_oxalate_priority,0.026366508987303583,TSs368,6.120604751330044e-15
soluble_oxalate_priority,0.026366508987303583,TSs371,0.0
soluble_oxalate_priority,0.026366508987303583,TSs378,0.0
soluble_oxalate_priority,0.026366508987303583,TSs38,4.670281522828833e-14
soluble_oxalate_priority,0.026366508987303583,TSs383,0.0
soluble_oxalate_priority,0.026366508987303583,TSs3A,0.0
soluble_oxalate_priority,0.026366508987303583,TSs4,1.2149708669653587e-15
soluble_oxalate_priority,0.026366508987303583,TSs417,1.867785257101608e-15
soluble_oxalate_priority,0.026366508987303583,TSs44C,0.0
soluble_oxalate_priority,0.026366508987303583,TSs48,0.0
soluble_oxalate_priority,0.026366508987303583,TSs49,4.3405050951114475e-14
soluble_oxalate_priority,0.026366508987303583,TSs49A,0.0
soluble_oxalate_priority,0.026366508987303583,TSs51,3.3269055146195465e-15
soluble_oxalate_priority,0.026366508987303583,TSs53,6.157931136103769e-15
soluble_oxalate_priority,0.026366508987303583,TSs56,0.0
soluble_oxalate_priority,0.026366508987303583,TSs56A,5.3926534117949425e-15
soluble_oxalate_priority,0.026366508987303583,TSs58,5.468003729210842e-15
soluble_oxalate_priority,0.026366508987303583,TSs59B,1.0747775996782594e-14
soluble_oxalate_priority,0.026366508987303583,TSs5A,1.7698508310611402e-15
soluble_oxalate_priority,0.026366508987303583,TSs60,0.0
soluble_oxalate_priority,0.026366508987303583,TSs60B,0.0
soluble_oxalate_priority,0.026366508987303583,TSs61,0.0
soluble_oxalate_priority,0.026366508987303583,TSs63A,0.0
soluble_oxalate_priority,0.026366508987303583,TSs68,4.331468421872475e-14
soluble_oxalate_priority,0.026366508987303583,TSs7,2.7532678124002216e-15
soluble_oxalate_priority,0.026366508987303583,TSs78,0.0
soluble_oxalate_priority,0.026366508987303583,TSs82,5.15720244805973e-15
soluble_oxalate_priority,0.026366508987303583,TSs9,1.5599140152533677e-15
soluble_oxalate_priority,0.026366508987303583,TSs95,0.0
soluble_oxalate_priority,0.026366508987303583,TSs96,2.7300299685041504e-15
soluble_oxalate_priority,0.026366508987303583,TSs98,0.0
soluble_oxalate_priority,0.04281332398719394,TSs10,2.321495526431585e-16
soluble_oxalate_priority,0.04281332398719394,TSs104,0.0
soluble_oxalate_priority,0.04281332398719394,TSs10A,1.2678106840074646e-14
soluble_oxalate_priority,0.04281332398719394,TSs11,0.0
soluble_oxalate_priority,0.04281332398719394,TSs111,0.0
soluble_oxalate_priority,0.04281332398719394,TSs116,0.0
soluble_oxalate_priority,0.04281332398719394,TSs119A,6.729646825026162e-15
soluble_oxalate_priority,0.04281332398719394,TSs120,0.0
soluble_oxalate_priority,0.04281332398719394,TSs131,0.0
soluble_oxalate_priority,0.04281332398719394,TSs132,0.0
soluble_oxalate_priority,0.04281332398719394,TSs133,0.0
soluble_oxalate_priority,0.04281332398719394,TSs136,0.0
soluble_oxalate_priority,0.04281332398719394,TSs138B,0.0
soluble_oxalate_priority,0.04281332398719394,TSs15,0.0
soluble_oxalate_priority,0.04281332398719394,TSs151B,0.0
soluble_oxalate_priority,0.04281332398719394,TSs155,0.0
soluble_oxalate_priority,0.04281332398719394,TSs156A,0.0
soluble_oxalate_priority,0.04281332398719394,TSs157A,0.9999999999996034
soluble_oxalate_priority,0.04281332398719394,TSs158,0.0
soluble_oxalate_priority,0.04281332398719394,TSs161,0.0
soluble_oxalate_priority,0.04281332398719394,TSs166,0.0
soluble_oxalate_priority,0.04281332398719394,TSs168,0.0
soluble_oxalate_priority,0.04281332398719394,TSs195,0.0
soluble_oxalate_priority,0.04281332398719394,TSs1A,0.0
soluble_oxalate_priority,0.04281332398719394,TSs2,0.0
soluble_oxalate_priority,0.04281332398719394,TSs201,0.0
soluble_oxalate_priority,0.04281332398719394,TSs209,0.0
soluble_oxalate_priority,0.04281332398719394,TSs217,0.0
soluble_oxalate_priority,0.04281332398719394,TSs224,0.0
soluble_oxalate_priority,0.04281332398719394,TSs22A,4.57455389191825e-14
soluble_oxalate_priority,0.04281332398719394,TSs22B,6.4860052246660025e-15
soluble_oxalate_priority,0.04281332398719394,TSs23,0.0
soluble_oxalate_priority,0.04281332398719394,TSs24,0.0
soluble_oxalate_priority,0.04281332398719394,TSs266,0.0
soluble_oxalate_priority,0.04281332398719394,TSs269,0.0
soluble_oxalate_priority,0.04281332398719394,TSs27,0.0
soluble_oxalate_priority,0.04281332398719394,TSs274,0.0
soluble_oxalate_priority,0.04281332398719394,TSs277,0.0
soluble_oxalate_priority,0.04281332398719394,TSs282,9.93649607039121e-14
soluble_oxalate_priority,0.04281332398719394,TSs287,0.0
soluble_oxalate_priority,0.04281332398719394,TSs291,0.0
soluble_oxalate_priority,0.04281332398719394,TSs293,1.4563000802435602e-15
soluble_oxalate_priority,0.04281332398719394,TSs294,0.0
soluble_oxalate_priority,0.04281332398719394,TSs296,2.3871544684775144e-15
soluble_oxalate_priority,0.04281332398719394,TSs297,0.0
soluble_oxalate_priority,0.04281332398719394,TSs3,0.0
soluble_oxalate_priority,0.04281332398719394,TSs30,0.0
soluble_oxalate_priority,0.04281332398719394,TSs303,0.0
soluble_oxalate_priority,0.04281332398719394,TSs311,0.0
soluble_oxalate_priority,0.04281332398719394,TSs314A,0.0
soluble_oxalate_priority,0.04281332398719394,TSs314B,0.0
soluble_oxalate_priority,0.04281332398719394,TSs317,0.0
soluble_oxalate_priority,0.04281332398719394,TSs325,1.1551680763496145e-14
soluble_oxalate_priority,0.04281332398719394,TSs33,3.3208912635467006e-16
soluble_oxalate_priority,0.04281332398719394,TSs331,1.0323609304846879e-15
soluble_oxalate_priority,0.04281332398719394,TSs333,7.19432915287185e-15
soluble_oxalate_priority,0.04281332398719394,TSs334,1.3727188151249431e-14
soluble_oxalate_priority,0.04281332398719394,TSs336,0.0
soluble_oxalate_priority,0.04281332398719394,TSs338,0.0
soluble_oxalate_priority,0.04281332398719394,TSs357,0.0
soluble_oxalate_priority,0.04281332398719394,TSs358,0.0
soluble_oxalate_priority,0.04281332398719394,TSs361,0.0
soluble_oxalate_priority,0.04281332398719394,TSs363,0.0
soluble_oxalate_priority,0.04281332398719394,TSs365,0.0
soluble_oxalate_priority,0.04281332398719394,TSs368,6.120604751330044e-15
soluble_oxalate_priority,0.04281332398719394,TSs371,0.0
soluble_oxalate_priority,0.04281332398719394,TSs378,0.0
soluble_oxalate_priority,0.04281332398719394,TSs38,4.670281522828833e-14
soluble_oxalate_priority,0.04281332398719394,TSs383,0.0
soluble_oxalate_priority,0.04281332398719394,TSs3A,0.0
soluble_oxalate_priority,0.04281332398719394,TSs4,1.2149708669653587e-15
soluble_oxalate_priority,0.04281332398719394,TSs417,1.867785257101608e-15
soluble_oxalate_priority,0.04281332398719394,TSs44C,0.0
soluble_oxalate_priority,0.04281332398719394,TSs48,0.0
soluble_oxalate_priority,0.04281332398719394,TSs49,4.3405050951114475e-14
soluble_oxalate_priority,0.04281332398719394,TSs49A,0.0
soluble_oxalate_priority,0.04281332398719394,TSs51,3.3269055146195465e-15
soluble_oxalate_priority,0.04281332398719394,TSs53,6.157931136103769e-15
soluble_oxalate_priority,0.04281332398719394,TSs56,0.0
soluble_oxalate_priority,0.04281332398719394,TSs56A,5.3926534117949425e-15
soluble_oxalate_priority,0.04281332398719394,TSs58,5.468003729210842e-15
soluble_oxalate_priority,0.04281332398719394,TSs59B,1.0747775996782594e-14
soluble_oxalate_priority,0.04281332398719394,TSs5A,1.7698508310611402e-15
soluble_oxalate_priority,0.04281332398719394,TSs60,0.0
soluble_oxalate_priority,0.04281332398719394,TSs60B,0.0
soluble_oxalate_priority,0.04281332398719394,TSs61,0.0
soluble_oxalate_priority,0.04281332398719394,TSs63A,0.0
soluble_oxalate_priority,0.04281332398719394,TSs68,4.331468421872475e-14
soluble_oxalate_priority,0.04281332398719394,TSs7,2.7532678124002216e-15
soluble_oxalate_priority,0.04281332398719394,TSs78,0.0
soluble_oxalate_priority,0.04281332398719394,TSs82,5.15720244805973e-15
soluble_oxalate_priority,0.04281332398719394,TSs9,1.5599140152533677e-15
soluble_oxalate_priority,0.04281332398719394,TSs95,0.0
soluble_oxalate_priority,0.04281332398719394,TSs96,2.7300299685041504e-15
soluble_oxalate_priority,0.04281332398719394,TSs98,0.0
soluble_oxalate_priority,0.06951927961775606,TSs10,2.321495526431585e-16
soluble_oxalate_priority,0.06951927961775606,TSs104,0.0
soluble_oxalate_priority,0.06951927961775606,TSs10A,1.2678106840074646e-14
soluble_oxalate_priority,0.06951927961775606,TSs11,0.0
soluble_oxalate_priority,0.06951927961775606,TSs111,0.0
soluble_oxalate_priority,0.06951927961775606,TSs116,0.0
soluble_oxalate_priority,0.06951927961775606,TSs119A,6.729646825026162e-15
soluble_oxalate_priority,0.06951927961775606,TSs120,0.0
soluble_oxalate_priority,0.06951927961775606,TSs131,0.0
soluble_oxalate_priority,0.06951927961775606,TSs132,0.0
soluble_oxalate_priority,0.06951927961775606,TSs133,0.0
soluble_oxalate_priority,0.06951927961775606,TSs136,0.0
soluble_oxalate_priority,0.06951927961775606,TSs138B,0.0
soluble_oxalate_priority,0.06951927961775606,TSs15,0.0
soluble_oxalate_priority,0.06951927961775606,TSs151B,0.0
soluble_oxalate_priority,0.06951927961775606,TSs155,0.0
soluble_oxalate_priority,0.06951927961775606,TSs156A,0.0
soluble_oxalate_priority,0.06951927961775606,TSs157A,0.9999999999996034
soluble_oxalate_priority,0.06951927961775606,TSs158,0.0
soluble_oxalate_priority,0.06951927961775606,TSs161,0.0
soluble_oxalate_priority,0.06951927961775606,TSs166,0.0
soluble_oxalate_priority,0.06951927961775606,TSs168,0.0
soluble_oxalate_priority,0.06951927961775606,TSs195,0.0
soluble_oxalate_priority,0.06951927961775606,TSs1A,0.0
soluble_oxalate_priority,0.06951927961775606,TSs2,0.0
soluble_oxalate_priority,0.06951927961775606,TSs201,0.0
soluble_oxalate_priority,0.06951927961775606,TSs209,0.0
soluble_oxalate_priority,0.06951927961775606,TSs217,0.0
soluble_oxalate_priority,0.06951927961775606,TSs224,0.0
soluble_oxalate_priority,0.06951927961775606,TSs22A,4.57455389191825e-14
soluble_oxalate_priority,0.06951927961775606,TSs22B,6.4860052246660025e-15
soluble_oxalate_priority,0.06951927961775606,TSs23,0.0
soluble_oxalate_priority,0.06951927961775606,TSs24,0.0
soluble_oxalate_priority,0.06951927961775606,TSs266,0.0
soluble_oxalate_priority,0.06951927961775606,TSs269,0.0
soluble_oxalate_priority,0.06951927961775606,TSs27,0.0
soluble_oxalate_priority,0.06951927961775606,TSs274,0.0
soluble_oxalate_priority,0.06951927961775606,TSs277,0.0
soluble_oxalate_priority,0.06951927961775606,TSs282,9.93649607039121e-14
soluble_oxalate_priority,0.06951927961775606,TSs287,0.0
soluble_oxalate_priority,0.06951927961775606,TSs291,0.0
soluble_oxalate_priority,0.06951927961775606,TSs293,1.4563000802435602e-15
soluble_oxalate_priority,0.06951927961775606,TSs294,0.0
soluble_oxalate_priority,0.06951927961775606,TSs296,2.3871544684775144e-15
soluble_oxalate_priority,0.06951927961775606,TSs297,0.0
soluble_oxalate_priority,0.06951927961775606,TSs3,0.0
soluble_oxalate_priority,0.06951927961775606,TSs30,0.0
soluble_oxalate_priority,0.06951927961775606,TSs303,0.0
soluble_oxalate_priority,0.06951927961775606,TSs311,0.0
soluble_oxalate_priority,0.06951927961775606,TSs314A,0.0
soluble_oxalate_priority,0.06951927961775606,TSs314B,0.0
soluble_oxalate_priority,0.06951927961775606,TSs317,0.0
soluble_oxalate_priority,0.06951927961775606,TSs325,1.1551680763496145e-14
soluble_oxalate_priority,0.06951927961775606,TSs33,3.3208912635467006e-16
soluble_oxalate_priority,0.06951927961775606,TSs331,1.0323609304846879e-15
soluble_oxalate_priority,0.06951927961775606,TSs333,7.19432915287185e-15
soluble_oxalate_priority,0.06951927961775606,TSs334,1.3727188151249431e-14
soluble_oxalate_priority,0.06951927961775606,TSs336,0.0
soluble_oxalate_priority,0.06951927961775606,TSs338,0.0
soluble_oxalate_priority,0.06951927961775606,TSs357,0.0
soluble_oxalate_priority,0.06951927961775606,TSs358,0.0
soluble_oxalate_priority,0.06951927961775606,TSs361,0.0
soluble_oxalate_priority,0.06951927961775606,TSs363,0.0
soluble_oxalate_priority,0.06951927961775606,TSs365,0.0
soluble_oxalate_priority,0.06951927961775606,TSs368,6.120604751330044e-15
soluble_oxalate_priority,0.06951927961775606,TSs371,0.0
soluble_oxalate_priority,0.06951927961775606,TSs378,0.0
soluble_oxalate_priority,0.06951927961775606,TSs38,4.670281522828833e-14
soluble_oxalate_priority,0.06951927961775606,TSs383,0.0
soluble_oxalate_priority,0.06951927961775606,TSs3A,0.0
soluble_oxalate_priority,0.06951927961775606,TSs4,1.2149708669653587e-15
soluble_oxalate_priority,0.06951927961775606,TSs417,1.867785257101608e-15
soluble_oxalate_priority,0.06951927961775606,TSs44C,0.0
soluble_oxalate_priority,0.06951927961775606,TSs48,0.0
soluble_oxalate_priority,0.06951927961775606,TSs49,4.3405050951114475e-14
soluble_oxalate_priority,0.06951927961775606,TSs49A,0.0
soluble_oxalate_priority,0.06951927961775606,TSs51,3.3269055146195465e-15
soluble_oxalate_priority,0.06951927961775606,TSs53,6.157931136103769e-15
soluble_oxalate_priority,0.06951927961775606,TSs56,0.0
soluble_oxalate_priority,0.06951927961775606,TSs56A,5.3926534117949425e-15
soluble_oxalate_priority,0.06951927961775606,TSs58,5.468003729210842e-15
soluble_oxalate_priority,0.06951927961775606,TSs59B,1.0747775996782594e-14
soluble_oxalate_priority,0.06951927961775606,TSs5A,1.7698508310611402e-15
soluble_oxalate_priority,0.06951927961775606,TSs60,0.0
soluble_oxalate_priority,0.06951927961775606,TSs60B,0.0
soluble_oxalate_priority,0.06951927961775606,TSs61,0.0
soluble_oxalate_priority,0.06951927961775606,TSs63A,0.0
soluble_oxalate_priority,0.06951927961775606,TSs68,4.331468421872475e-14
soluble_oxalate_priority,0.06951927961775606,TSs7,2.7532678124002216e-15
soluble_oxalate_priority,0.06951927961775606,TSs78,0.0
soluble_oxalate_priority,0.06951927961775606,TSs82,5.15720244805973e-15
soluble_oxalate_priority,0.06951927961775606,TSs9,1.5599140152533677e-15
soluble_oxalate_priority,0.06951927961775606,TSs95,0.0
soluble_oxalate_priority,0.06951927961775606,TSs96,2.7300299685041504e-15
soluble_oxalate_priority,0.06951927961775606,TSs98,0.0
soluble_oxalate_priority,0.11288378916846889,TSs10,2.321495526431585e-16
soluble_oxalate_priority,0.11288378916846889,TSs104,0.0
soluble_oxalate_priority,0.11288378916846889,TSs10A,1.2678106840074646e-14
soluble_oxalate_priority,0.11288378916846889,TSs11,0.0
soluble_oxalate_priority,0.11288378916846889,TSs111,0.0
soluble_oxalate_priority,0.11288378916846889,TSs116,0.0
soluble_oxalate_priority,0.11288378916846889,TSs119A,6.729646825026162e-15
soluble_oxalate_priority,0.11288378916846889,TSs120,0.0
soluble_oxalate_priority,0.11288378916846889,TSs131,0.0
soluble_oxalate_priority,0.11288378916846889,TSs132,0.0
soluble_oxalate_priority,0.11288378916846889,TSs133,0.0
soluble_oxalate_priority,0.11288378916846889,TSs136,0.0
soluble_oxalate_priority,0.11288378916846889,TSs138B,0.0
soluble_oxalate_priority,0.11288378916846889,TSs15,0.0
soluble_oxalate_priority,0.11288378916846889,TSs151B,0.0
soluble_oxalate_priority,0.11288378916846889,TSs155,0.0
soluble_oxalate_priority,0.11288378916846889,TSs156A,0.0
soluble_oxalate_priority,0.11288378916846889,TSs157A,0.9999999999996034
soluble_oxalate_priority,0.11288378916846889,TSs158,0.0
soluble_oxalate_priority,0.11288378916846889,TSs161,0.0
soluble_oxalate_priority,0.11288378916846889,TSs166,0.0
soluble_oxalate_priority,0.11288378916846889,TSs168,0.0
soluble_oxalate_priority,0.11288378916846889,TSs195,0.0
soluble_oxalate_priority,0.11288378916846889,TSs1A,0.0
soluble_oxalate_priority,0.11288378916846889,TSs2,0.0
soluble_oxalate_priority,0.11288378916846889,TSs201,0.0
soluble_oxalate_priority,0.11288378916846889,TSs209,0.0
soluble_oxalate_priority,0.11288378916846889,TSs217,0.0
soluble_oxalate_priority,0.11288378916846889,TSs224,0.0
soluble_oxalate_priority,0.11288378916846889,TSs22A,4.57455389191825e-14
soluble_oxalate_priority,0.11288378916846889,TSs22B,6.4860052246660025e-15
soluble_oxalate_priority,0.11288378916846889,TSs23,0.0
soluble_oxalate_priority,0.11288378916846889,TSs24,0.0
soluble_oxalate_priority,0.11288378916846889,TSs266,0.0
soluble_oxalate_priority,0.11288378916846889,TSs269,0.0
soluble_oxalate_priority,0.11288378916846889,TSs27,0.0
soluble_oxalate_priority,0.11288378916846889,TSs274,0.0
soluble_oxalate_priority,0.11288378916846889,TSs277,0.0
soluble_oxalate_priority,0.11288378916846889,TSs282,9.93649607039121e-14
soluble_oxalate_priority,0.11288378916846889,TSs287,0.0
soluble_oxalate_priority,0.11288378916846889,TSs291,0.0
soluble_oxalate_priority,0.11288378916846889,TSs293,1.4563000802435602e-15
soluble_oxalate_priority,0.11288378916846889,TSs294,0.0
soluble_oxalate_priority,0.11288378916846889,TSs296,2.3871544684775144e-15
soluble_oxalate_priority,0.11288378916846889,TSs297,0.0
soluble_oxalate_priority,0.11288378916846889,TSs3,0.0
soluble_oxalate_priority,0.11288378916846889,TSs30,0.0
soluble_oxalate_priority,0.11288378916846889,TSs303,0.0
soluble_oxalate_priority,0.11288378916846889,TSs311,0.0
soluble_oxalate_priority,0.11288378916846889,TSs314A,0.0
soluble_oxalate_priority,0.11288378916846889,TSs314B,0.0
soluble_oxalate_priority,0.11288378916846889,TSs317,0.0
soluble_oxalate_priority,0.11288378916846889,TSs325,1.1551680763496145e-14
soluble_oxalate_priority,0.11288378916846889,TSs33,3.3208912635467006e-16
soluble_oxalate_priority,0.11288378916846889,TSs331,1.0323609304846879e-15
soluble_oxalate_priority,0.11288378916846889,TSs333,7.19432915287185e-15
soluble_oxalate_priority,0.11288378916846889,TSs334,1.3727188151249431e-14
soluble_oxalate_priority,0.11288378916846889,TSs336,0.0
soluble_oxalate_priority,0.11288378916846889,TSs338,0.0
soluble_oxalate_priority,0.11288378916846889,TSs357,0.0
soluble_oxalate_priority,0.11288378916846889,TSs358,0.0
soluble_oxalate_priority,0.11288378916846889,TSs361,0.0
soluble_oxalate_priority,0.11288378916846889,TSs363,0.0
soluble_oxalate_priority,0.11288378916846889,TSs365,0.0
soluble_oxalate_priority,0.11288378916846889,TSs368,6.120604751330044e-15
soluble_oxalate_priority,0.11288378916846889,TSs371,0.0
soluble_oxalate_priority,0.11288378916846889,TSs378,0.0
soluble_oxalate_priority,0.11288378916846889,TSs38,4.670281522828833e-14
soluble_oxalate_priority,0.11288378916846889,TSs383,0.0
soluble_oxalate_priority,0.11288378916846889,TSs3A,0.0
soluble_oxalate_priority,0.11288378916846889,TSs4,1.2149708669653587e-15
soluble_oxalate_priority,0.11288378916846889,TSs417,1.867785257101608e-15
soluble_oxalate_priority,0.11288378916846889,TSs44C,0.0
soluble_oxalate_priority,0.11288378916846889,TSs48,0.0
soluble_oxalate_priority,0.11288378916846889,TSs49,4.3405050951114475e-14
soluble_oxalate_priority,0.11288378916846889,TSs49A,0.0
soluble_oxalate_priority,0.11288378916846889,TSs51,3.3269055146195465e-15
soluble_oxalate_priority,0.11288378916846889,TSs53,6.157931136103769e-15
soluble_oxalate_priority,0.11288378916846889,TSs56,0.0
soluble_oxalate_priority,0.11288378916846889,TSs56A,5.3926534117949425e-15
soluble_oxalate_priority,0.11288378916846889,TSs58,5.468003729210842e-15
soluble_oxalate_priority,0.11288378916846889,TSs59B,1.0747775996782594e-14
soluble_oxalate_priority,0.11288378916846889,TSs5A,1.7698508310611402e-15
soluble_oxalate_priority,0.11288378916846889,TSs60,0.0
soluble_oxalate_priority,0.11288378916846889,TSs60B,0.0
soluble_oxalate_priority,0.11288378916846889,TSs61,0.0
soluble_oxalate_priority,0.11288378916846889,TSs63A,0.0
soluble_oxalate_priority,0.11288378916846889,TSs68,4.331468421872475e-14
soluble_oxalate_priority,0.11288378916846889,TSs7,2.7532678124002216e-15
soluble_oxalate_priority,0.11288378916846889,TSs78,0.0
soluble_oxalate_priority,0.11288378916846889,TSs82,5.15720244805973e-15
soluble_oxalate_priority,0.11288378916846889,TSs9,1.5599140152533677e-15
soluble_oxalate_priority,0.11288378916846889,TSs95,0.0
soluble_oxalate_priority,0.11288378916846889,TSs96,2.7300299685041504e-15
soluble_oxalate_priority,0.11288378916846889,TSs98,0.0
soluble_oxalate_priority,0.18329807108324356,TSs10,0.0
soluble_oxalate_priority,0.18329807108324356,TSs104,1.3237257334195159e-15
soluble_oxalate_priority,0.18329807108324356,TSs10A,4.0855085441544046e-16
soluble_oxalate_priority,0.18329807108324356,TSs11,8.148309958836772e-16
soluble_oxalate_priority,0.18329807108324356,TSs111,0.0
soluble_oxalate_priority,0.18329807108324356,TSs116,3.8487681773126856e-16
soluble_oxalate_priority,0.18329807108324356,TSs119A,1.7470675385403443e-15
soluble_oxalate_priority,0.18329807108324356,TSs120,0.0
soluble_oxalate_priority,0.18329807108324356,TSs131,1.3273123431487525e-15
soluble_oxalate_priority,0.18329807108324356,TSs132,0.0
soluble_oxalate_priority,0.18329807108324356,TSs133,1.195716069016965e-15
soluble_oxalate_priority,0.18329807108324356,TSs136,5.164649887567003e-16
soluble_oxalate_priority,0.18329807108324356,TSs138B,0.0
soluble_oxalate_priority,0.18329807108324356,TSs15,0.0
soluble_oxalate_priority,0.18329807108324356,TSs151B,0.0
soluble_oxalate_priority,0.18329807108324356,TSs155,0.0
soluble_oxalate_priority,0.18329807108324356,TSs156A,1.4294156127691835e-15
soluble_oxalate_priority,0.18329807108324356,TSs157A,0.8254467463307203
soluble_oxalate_priority,0.18329807108324356,TSs158,1.9435819258754104e-15
soluble_oxalate_priority,0.18329807108324356,TSs161,0.0
soluble_oxalate_priority,0.18329807108324356,TSs166,0.0
soluble_oxalate_priority,0.18329807108324356,TSs168,5.569636270776977e-16
soluble_oxalate_priority,0.18329807108324356,TSs195,3.383798775790087e-17
soluble_oxalate_priority,0.18329807108324356,TSs1A,7.018107469104271e-16
soluble_oxalate_priority,0.18329807108324356,TSs2,7.707476021928529e-16
soluble_oxalate_priority,0.18329807108324356,TSs201,0.0
soluble_oxalate_priority,0.18329807108324356,TSs209,0.0
soluble_oxalate_priority,0.18329807108324356,TSs217,3.898004930483427e-16
soluble_oxalate_priority,0.18329807108324356,TSs224,0.0
soluble_oxalate_priority,0.18329807108324356,TSs22A,2.7896434672922194e-15
soluble_oxalate_priority,0.18329807108324356,TSs22B,8.51527356675582e-16
soluble_oxalate_priority,0.18329807108324356,TSs23,2.8773493914353997e-16
soluble_oxalate_priority,0.18329807108324356,TSs24,5.605127692175592e-16
soluble_oxalate_priority,0.18329807108324356,TSs266,0.0
soluble_oxalate_priority,0.18329807108324356,TSs269,5.501558135871175e-16
soluble_oxalate_priority,0.18329807108324356,TSs27,2.737140989905188e-16
soluble_oxalate_priority,0.18329807108324356,TSs274,0.0
soluble_oxalate_priority,0.18329807108324356,TSs277,0.0
soluble_oxalate_priority,0.18329807108324356,TSs282,0.14132770783113166
soluble_oxalate_priority,0.18329807108324356,TSs287,0.0
soluble_oxalate_priority,0.18329807108324356,TSs291,0.0
soluble_oxalate_priority,0.18329807108324356,TSs293,2.2174729231304657e-16
soluble_oxalate_priority,0.18329807108324356,TSs294,0.0
soluble_oxalate_priority,0.18329807108324356,TSs296,0.0
soluble_oxalate_priority,0.18329807108324356,TSs297,1.222622119217523e-16
soluble_oxalate_priority,0.18329807108324356,TSs3,3.1701014186355587e-16
soluble_oxalate_priority,0.18329807108324356,TSs30,4.21341210514875e-16
soluble_oxalate_priority,0.18329807108324356,TSs303,0.0
soluble_oxalate_priority,0.18329807108324356,TSs311,0.0
soluble_oxalate_priority,0.18329807108324356,TSs314A,0.0
soluble_oxalate_priority,0.18329807108324356,TSs314B,0.0
soluble_oxalate_priority,0.18329807108324356,TSs317,0.0
soluble_oxalate_priority,0.18329807108324356,TSs325,0.0
soluble_oxalate_priority,0.18329807108324356,TSs33,9.923266940066031e-17
soluble_oxalate_priority,0.18329807108324356,TSs331,0.0
soluble_oxalate_priority,0.18329807108324356,TSs333,3.326563046991954e-16
soluble_oxalate_priority,0.18329807108324356,TSs334,2.446336875949437e-15
soluble_oxalate_priority,0.18329807108324356,TSs336,3.618656447685927e-16
soluble_oxalate_priority,0.18329807108324356,TSs338,0.0
soluble_oxalate_priority,0.18329807108324356,TSs357,1.5179426655751121e-16
soluble_oxalate_priority,0.18329807108324356,TSs358,0.0
soluble_oxalate_priority,0.18329807108324356,TSs361,0.0
soluble_oxalate_priority,0.18329807108324356,TSs363,0.0
soluble_oxalate_priority,0.18329807108324356,TSs365,0.0
soluble_oxalate_priority,0.18329807108324356,TSs368,2.431367237578288e-16
soluble_oxalate_priority,0.18329807108324356,TSs371,4.0161920467071743e-16
soluble_oxalate_priority,0.18329807108324356,TSs378,7.860749866875143e-17
soluble_oxalate_priority,0.18329807108324356,TSs38,0.033225545838119916
soluble_oxalate_priority,0.18329807108324356,TSs383,0.0
soluble_oxalate_priority,0.18329807108324356,TSs3A,0.0
soluble_oxalate_priority,0.18329807108324356,TSs4,0.0
soluble_oxalate_priority,0.18329807108324356,TSs417,4.2126394936403197e-16
soluble_oxalate_priority,0.18329807108324356,TSs44C,0.0
soluble_oxalate_priority,0.18329807108324356,TSs48,0.0
soluble_oxalate_priority,0.18329807108324356,TSs49,1.71463768823136e-16
soluble_oxalate_priority,0.18329807108324356,TSs49A,0.0
soluble_oxalate_priority,0.18329807108324356,TSs51,1.0041310372920494e-15
soluble_oxalate_priority,0.18329807108324356,TSs53,7.8208643236936385e-16
soluble_oxalate_priority,0.18329807108324356,TSs56,1.1034857369006624e-16
soluble_oxalate_priority,0.18329807108324356,TSs56A,2.2697492005441836e-16
soluble_oxalate_priority,0.18329807108324356,TSs58,3.3799722251758605e-16
soluble_oxalate_priority,0.18329807108324356,TSs59B,3.9350837375010034e-16
soluble_oxalate_priority,0.18329807108324356,TSs5A,6.044146636082422e-17
soluble_oxalate_priority,0.18329807108324356,TSs60,0.0
soluble_oxalate_priority,0.18329807108324356,TSs60B,2.5473049567106046e-16
soluble_oxalate_priority,0.18329807108324356,TSs61,0.0
soluble_oxalate_priority,0.18329807108324356,TSs63A,8.819704197686589e-17
soluble_oxalate_priority,0.18329807108324356,TSs68,0.0
soluble_oxalate_priority,0.18329807108324356,TSs7,0.0
soluble_oxalate_priority,0.18329807108324356,TSs78,0.0
soluble_oxalate_priority,0.18329807108324356,TSs82,0.0
soluble_oxalate_priority,0.18329807108324356,TSs9,0.0
soluble_oxalate_priority,0.18329807108324356,TSs95,0.0
soluble_oxalate_priority,0.18329807108324356,TSs96,0.0
soluble_oxalate_priority,0.18329807108324356,TSs98,0.0
soluble_oxalate_priority,0.29763514416313175,TSs10,1.909997611854518e-15
soluble_oxalate_priority,0.29763514416313175,TSs104,0.0
soluble_oxalate_priority,0.29763514416313175,TSs10A,3.64029767147672e-15
soluble_oxalate_priority,0.29763514416313175,TSs11,1.5338382162825638e-15
soluble_oxalate_priority,0.29763514416313175,TSs111,0.0
soluble_oxalate_priority,0.29763514416313175,TSs116,1.5624931715358985e-16
soluble_oxalate_priority,0.29763514416313175,TSs119A,4.235482452195044e-15
soluble_oxalate_priority,0.29763514416313175,TSs120,1.1548024068981546e-16
soluble_oxalate_priority,0.29763514416313175,TSs131,5.083594699156275e-16
soluble_oxalate_priority,0.29763514416313175,TSs132,0.0
soluble_oxalate_priority,0.29763514416313175,TSs133,0.0
soluble_oxalate_priority,0.29763514416313175,TSs136,0.0
soluble_oxalate_priority,0.29763514416313175,TSs138B,0.0
soluble_oxalate_priority,0.29763514416313175,TSs15,1.1404716666773471e-15
soluble_oxalate_priority,0.29763514416313175,TSs151B,0.0
soluble_oxalate_priority,0.29763514416313175,TSs155,0.0
soluble_oxalate_priority,0.29763514416313175,TSs156A,0.0
soluble_oxalate_priority,0.29763514416313175,TSs157A,0.5871043918496236
soluble_oxalate_priority,0.29763514416313175,TSs158,0.0
soluble_oxalate_priority,0.29763514416313175,TSs161,0.0
soluble_oxalate_priority,0.29763514416313175,TSs166,0.0
soluble_oxalate_priority,0.29763514416313175,TSs168,0.0
soluble_oxalate_priority,0.29763514416313175,TSs195,0.0
soluble_oxalate_priority,0.29763514416313175,TSs1A,0.0
soluble_oxalate_priority,0.29763514416313175,TSs2,0.0
soluble_oxalate_priority,0.29763514416313175,TSs201,3.5910198679632384e-16
soluble_oxalate_priority,0.29763514416313175,TSs209,9.681439206687106e-16
soluble_oxalate_priority,0.29763514416313175,TSs217,0.0
soluble_oxalate_priority,0.29763514416313175,TSs224,0.0
soluble_oxalate_priority,0.29763514416313175,TSs22A,0.12305365394829826
soluble_oxalate_priority,0.29763514416313175,TSs22B,4.0206452452664445e-15
soluble_oxalate_priority,0.29763514416313175,TSs23,0.0
soluble_oxalate_priority,0.29763514416313175,TSs24,0.0
soluble_oxalate_priority,0.29763514416313175,TSs266,0.0
soluble_oxalate_priority,0.29763514416313175,TSs269,2.1840757523860257e-16
soluble_oxalate_priority,0.29763514416313175,TSs27,0.0
soluble_oxalate_priority,0.29763514416313175,TSs274,2.0014851890643863e-15
soluble_oxalate_priority,0.29763514416313175,TSs277,0.0
soluble_oxalate_priority,0.29763514416313175,TSs282,0.1645850929464635
soluble_oxalate_priority,0.29763514416313175,TSs287,2.362307965539703e-15
soluble_oxalate_priority,0.29763514416313175,TSs291,0.0
soluble_oxalate_priority,0.29763514416313175,TSs293,7.110761713075045e-16
soluble_oxalate_priority,0.29763514416313175,TSs294,0.0
soluble_oxalate_priority,0.29763514416313175,TSs296,3.014565969373381e-15
soluble_oxalate_priority,0.29763514416313175,TSs297,0.0
soluble_oxalate_priority,0.29763514416313175,TSs3,0.0
soluble_oxalate_priority,0.29763514416313175,TSs30,8.988392502706666e-16
soluble_oxalate_priority,0.29763514416313175,TSs303,0.0
soluble_oxalate_priority,0.29763514416313175,TSs311,0.0
soluble_oxalate_priority,0.29763514416313175,TSs314A,5.2667086806543605e-16
soluble_oxalate_priority,0.29763514416313175,TSs314B,6.48015126426596e-16
soluble_oxalate_priority,0.29763514416313175,TSs317,1.4204028364130397e-15
soluble_oxalate_priority,0.29763514416313175,TSs325,5.808476660816866e-15
soluble_oxalate_priority,0.29763514416313175,TSs33,1.0258994007782054e-15
soluble_oxalate_priority,0.29763514416313175,TSs331,2.0474868825138897e-15
soluble_oxalate_priority,0.29763514416313175,TSs333,4.634154347959134e-15
soluble_oxalate_priority,0.29763514416313175,TSs334,4.966360161548324e-15
soluble_oxalate_priority,0.29763514416313175,TSs336,0.0
soluble_oxalate_priority,0.29763514416313175,TSs338,1.734574925533053e-15
soluble_oxalate_priority,0.29763514416313175,TSs357,7.150512962611764e-16
soluble_oxalate_priority,0.29763514416313175,TSs358,0.0
soluble_oxalate_priority,0.29763514416313175,TSs361,0.0
soluble_oxalate_priority,0.29763514416313175,TSs363,0.0
soluble_oxalate_priority,0.29763514416313175,TSs365,0.0
soluble_oxalate_priority,0.29763514416313175,TSs368,4.253006002663718e-15
soluble_oxalate_priority,0.29763514416313175,TSs371,0.0
soluble_oxalate_priority,0.29763514416313175,TSs378,0.0
soluble_oxalate_priority,0.29763514416313175,TSs38,0.10259230829833389
soluble_oxalate_priority,0.29763514416313175,TSs383,0.0
soluble_oxalate_priority,0.29763514416313175,TSs3A,0.0
soluble_oxalate_priority,0.29763514416313175,TSs4,1.8633951476015267e-15
soluble_oxalate_priority,0.29763514416313175,TSs417,2.6734993250203797e-15
soluble_oxalate_priority,0.29763514416313175,TSs44C,0.0
soluble_oxalate_priority,0.29763514416313175,TSs48,2.680664254011992e-16
soluble_oxalate_priority,0.29763514416313175,TSs49,0.022664552957180707
soluble_oxalate_priority,0.29763514416313175,TSs49A,0.0
soluble_oxalate_priority,0.29763514416313175,TSs51,2.483303476729288e-15
soluble_oxalate_priority,0.29763514416313175,TSs53,3.2049484427077915e-15
soluble_oxalate_priority,0.29763514416313175,TSs56,0.0
soluble_oxalate_priority,0.29763514416313175,TSs56A,3.03841498901122e-15
soluble_oxalate_priority,0.29763514416313175,TSs58,3.149437291477514e-15
soluble_oxalate_priority,0.29763514416313175,TSs59B,4.204149164908001e-15
soluble_oxalate_priority,0.29763514416313175,TSs5A,2.261258871801963e-15
soluble_oxalate_priority,0.29763514416313175,TSs60,0.0
soluble_oxalate_priority,0.29763514416313175,TSs60B,1.0677691203200742e-15
soluble_oxalate_priority,0.29763514416313175,TSs61,0.0
soluble_oxalate_priority,0.29763514416313175,TSs63A,2.4277923254872793e-15
soluble_oxalate_priority,0.29763514416313175,TSs68,6.147039457995228e-15
soluble_oxalate_priority,0.29763514416313175,TSs7,2.1502365693365816e-15
soluble_oxalate_priority,0.29763514416313175,TSs78,0.0
soluble_oxalate_priority,0.29763514416313175,TSs82,3.371481896417728e-15
soluble_oxalate_priority,0.29763514416313175,TSs9,2.4259032995645784e-15
soluble_oxalate_priority,0.29763514416313175,TSs95,1.4147138155180652e-15
soluble_oxalate_priority,0.29763514416313175,TSs96,2.372281174256666e-15
soluble_oxalate_priority,0.29763514416313175,TSs98,0.0
soluble_oxalate_priority,0.4832930238571752,TSs10,0.0
soluble_oxalate_priority,0.4832930238571752,TSs104,0.0
soluble_oxalate_priority,0.4832930238571752,TSs10A,1.0081253118401622e-15
soluble_oxalate_priority,0.4832930238571752,TSs11,2.273207401875362e-16
soluble_oxalate_priority,0.4832930238571752,TSs111,2.780037821884004e-15
soluble_oxalate_priority,0.4832930238571752,TSs116,0.0
soluble_oxalate_priority,0.4832930238571752,TSs119A,0.0
soluble_oxalate_priority,0.4832930238571752,TSs120,0.0
soluble_oxalate_priority,0.4832930238571752,TSs131,7.968398263465942e-16
soluble_oxalate_priority,0.4832930238571752,TSs132,0.0
soluble_oxalate_priority,0.4832930238571752,TSs133,0.0
soluble_oxalate_priority,0.4832930238571752,TSs136,0.0
soluble_oxalate_priority,0.4832930238571752,TSs138B,5.093669349679184e-16
soluble_oxalate_priority,0.4832930238571752,TSs15,0.0
soluble_oxalate_priority,0.4832930238571752,TSs151B,9.340128788291478e-16
soluble_oxalate_priority,0.4832930238571752,TSs155,0.0
soluble_oxalate_priority,0.4832930238571752,TSs156A,0.0
soluble_oxalate_priority,0.4832930238571752,TSs157A,0.42788486588141256
soluble_oxalate_priority,0.4832930238571752,TSs158,1.97128921007905e-16
soluble_oxalate_priority,0.4832930238571752,TSs161,0.0
soluble_oxalate_priority,0.4832930238571752,TSs166,0.0
soluble_oxalate_priority,0.4832930238571752,TSs168,1.4527449965705063e-16
soluble_oxalate_priority,0.4832930238571752,TSs195,1.8529387489234932e-16
soluble_oxalate_priority,0.4832930238571752,TSs1A,0.0
soluble_oxalate_priority,0.4832930238571752,TSs2,0.0
soluble_oxalate_priority,0.4832930238571752,TSs201,4.68648501982569e-16
soluble_oxalate_priority,0.4832930238571752,TSs209,1.3553343875662138e-16
soluble_oxalate_priority,0.4832930238571752,TSs217,7.143149425472923e-16
soluble_oxalate_priority,0.4832930238571752,TSs224,3.6124748220078285e-16
soluble_oxalate_priority,0.4832930238571752,TSs22A,0.16127172547809893
soluble_oxalate_priority,0.4832930238571752,TSs22B,1.7770841518332927e-16
soluble_oxalate_priority,0.4832930238571752,TSs23,0.0
soluble_oxalate_priority,0.4832930238571752,TSs24,0.0
soluble_oxalate_priority,0.4832930238571752,TSs266,0.0
soluble_oxalate_priority,0.4832930238571752,TSs269,1.5987567079606472e-16
soluble_oxalate_priority,0.4832930238571752,TSs27,0.0
soluble_oxalate_priority,0.4832930238571752,TSs274,3.6458217381358505e-16
soluble_oxalate_priority,0.4832930238571752,TSs277,4.928307900347305e-16
soluble_oxalate_priority,0.4832930238571752,TSs282,0.17495845561739198
soluble_oxalate_priority,0.4832930238571752,TSs287,0.0
soluble_oxalate_priority,0.4832930238571752,TSs291,2.3169172626261143e-16
soluble_oxalate_priority,0.4832930238571752,TSs293,0.0
soluble_oxalate_priority,0.4832930238571752,TSs294,5.245872157432152e-16
soluble_oxalate_priority,0.4832930238571752,TSs296,2.256875928107282e-16
soluble_oxalate_priority,0.4832930238571752,TSs297,1.69801807518416e-16
soluble_oxalate_priority,0.4832930238571752,TSs3,5.4921613220466375e-17
soluble_oxalate_priority,0.4832930238571752,TSs30,0.0
soluble_oxalate_priority,0.4832930238571752,TSs303,9.397995448858052e-16
soluble_oxalate_priority,0.4832930238571752,TSs311,6.80582438287687e-16
soluble_oxalate_priority,0.4832930238571752,TSs314A,1.2223415223607019e-17
soluble_oxalate_priority,0.4832930238571752,TSs314B,1.4584134231894806e-16
soluble_oxalate_priority,0.4832930238571752,TSs317,6.452888408900092e-17
soluble_oxalate_priority,0.4832930238571752,TSs325,1.52635280063922e-16
soluble_oxalate_priority,0.4832930238571752,TSs33,7.324984522588374e-16
soluble_oxalate_priority,0.4832930238571752,TSs331,0.0
soluble_oxalate_priority,0.4832930238571752,TSs333,3.697127640691854e-18
soluble_oxalate_priority,0.4832930238571752,TSs334,1.3105103055827838e-15
soluble_oxalate_priority,0.4832930238571752,TSs336,7.220116513353469e-16
soluble_oxalate_priority,0.4832930238571752,TSs338,0.0
soluble_oxalate_priority,0.4832930238571752,TSs357,7.4459706301997e-16
soluble_oxalate_priority,0.4832930238571752,TSs358,0.0
soluble_oxalate_priority,0.4832930238571752,TSs361,0.0
soluble_oxalate_priority,0.4832930238571752,TSs363,3.824802078740295e-16
soluble_oxalate_priority,0.4832930238571752,TSs365,4.409924753041962e-16
soluble_oxalate_priority,0.4832930238571752,TSs368,0.0
soluble_oxalate_priority,0.4832930238571752,TSs371,0.0
soluble_oxalate_priority,0.4832930238571752,TSs378,0.0
soluble_oxalate_priority,0.4832930238571752,TSs38,0.13574572494320272
soluble_oxalate_priority,0.4832930238571752,TSs383,2.1465404473097877e-16
soluble_oxalate_priority,0.4832930238571752,TSs3A,0.0
soluble_oxalate_priority,0.4832930238571752,TSs4,0.0
soluble_oxalate_priority,0.4832930238571752,TSs417,4.3642184780327473e-16
soluble_oxalate_priority,0.4832930238571752,TSs44C,0.0
soluble_oxalate_priority,0.4832930238571752,TSs48,0.0
soluble_oxalate_priority,0.4832930238571752,TSs49,0.10013922807987201
soluble_oxalate_priority,0.4832930238571752,TSs49A,5.981324513384196e-17
soluble_oxalate_priority,0.4832930238571752,TSs51,1.5091466492761335e-16
soluble_oxalate_priority,0.4832930238571752,TSs53,0.0
soluble_oxalate_priority,0.4832930238571752,TSs56,0.0
soluble_oxalate_priority,0.4832930238571752,TSs56A,1.7018308915745033e-16
soluble_oxalate_priority,0.4832930238571752,TSs58,0.0
soluble_oxalate_priority,0.4832930238571752,TSs59B,4.1557934669265733e-16
soluble_oxalate_priority,0.4832930238571752,TSs5A,0.0
soluble_oxalate_priority,0.4832930238571752,TSs60,2.815257690354458e-16
soluble_oxalate_priority,0.4832930238571752,TSs60B,2.674596768094466e-17
soluble_oxalate_priority,0.4832930238571752,TSs61,0.0
soluble_oxalate_priority,0.4832930238571752,TSs63A,0.0
soluble_oxalate_priority,0.4832930238571752,TSs68,1.6780825996184664e-15
soluble_oxalate_priority,0.4832930238571752,TSs7,0.0
soluble_oxalate_priority,0.4832930238571752,TSs78,2.0933240916409005e-16
soluble_oxalate_priority,0.4832930238571752,TSs82,3.3206129679451373e-16
soluble_oxalate_priority,0.4832930238571752,TSs9,0.0
soluble_oxalate_priority,0.4832930238571752,TSs95,1.8211486778877425e-16
soluble_oxalate_priority,0.4832930238571752,TSs96,5.450554063827276e-17
soluble_oxalate_priority,0.4832930238571752,TSs98,6.132404521357648e-16
soluble_oxalate_priority,0.7847599703514611,TSs10,0.0
soluble_oxalate_priority,0.7847599703514611,TSs104,1.895229721351868e-15
soluble_oxalate_priority,0.7847599703514611,TSs10A,0.0
soluble_oxalate_priority,0.7847599703514611,TSs11,0.0
soluble_oxalate_priority,0.7847599703514611,TSs111,5.524280173001518e-15
soluble_oxalate_priority,0.7847599703514611,TSs116,7.817559246820588e-16
soluble_oxalate_priority,0.7847599703514611,TSs119A,0.0
soluble_oxalate_priority,0.7847599703514611,TSs120,0.0
soluble_oxalate_priority,0.7847599703514611,TSs131,0.0
soluble_oxalate_priority,0.7847599703514611,TSs132,3.0387444541136363e-16
soluble_oxalate_priority,0.7847599703514611,TSs133,1.81765377088548e-15
soluble_oxalate_priority,0.7847599703514611,TSs136,1.4048476948963407e-15
soluble_oxalate_priority,0.7847599703514611,TSs138B,9.374113878559886e-16
soluble_oxalate_priority,0.7847599703514611,TSs15,0.0
soluble_oxalate_priority,0.7847599703514611,TSs151B,1.2689767289226105e-14
soluble_oxalate_priority,0.7847599703514611,TSs155,3.690762296919962e-15
soluble_oxalate_priority,0.7847599703514611,TSs156A,9.450627319077654e-15
soluble_oxalate_priority,0.7847599703514611,TSs157A,0.31077095797730575
soluble_oxalate_priority,0.7847599703514611,TSs158,3.407724588485054e-16
soluble_oxalate_priority,0.7847599703514611,TSs161,2.7016501543590896e-15
soluble_oxalate_priority,0.7847599703514611,TSs166,2.581069368744734e-15
soluble_oxalate_priority,0.7847599703514611,TSs168,1.8349994817344887e-15
soluble_oxalate_priority,0.7847599703514611,TSs195,1.1284971886712186e-16
soluble_oxalate_priority,0.7847599703514611,TSs1A,7.20700060958087e-16
soluble_oxalate_priority,0.7847599703514611,TSs2,1.5053689769789416e-15
soluble_oxalate_priority,0.7847599703514611,TSs201,0.0
soluble_oxalate_priority,0.7847599703514611,TSs209,0.0
soluble_oxalate_priority,0.7847599703514611,TSs217,2.3380460372587755e-15
soluble_oxalate_priority,0.7847599703514611,TSs224,1.8140943883472852e-16
soluble_oxalate_priority,0.7847599703514611,TSs22A,0.1505591461991971
soluble_oxalate_priority,0.7847599703514611,TSs22B,0.0
soluble_oxalate_priority,0.7847599703514611,TSs23,1.22317547793445e-15
soluble_oxalate_priority,0.7847599703514611,TSs24,3.870429347014225e-15
soluble_oxalate_priority,0.7847599703514611,TSs266,0.0
soluble_oxalate_priority,0.7847599703514611,TSs269,0.0
soluble_oxalate_priority,0.7847599703514611,TSs27,2.32144472727177e-16
soluble_oxalate_priority,0.7847599703514611,TSs274,0.0
soluble_oxalate_priority,0.7847599703514611,TSs277,1.2117023841228972e-15
soluble_oxalate_priority,0.7847599703514611,TSs282,0.15008881019983863
soluble_oxalate_priority,0.7847599703514611,TSs287,0.0
soluble_oxalate_priority,0.7847599703514611,TSs291,1.9573795138472764e-17
soluble_oxalate_priority,0.7847599703514611,TSs293,0.0
soluble_oxalate_priority,0.7847599703514611,TSs294,6.399089859065334e-16
soluble_oxalate_priority,0.7847599703514611,TSs296,0.0
soluble_oxalate_priority,0.7847599703514611,TSs297,0.0
soluble_oxalate_priority,0.7847599703514611,TSs3,2.0902996582602408e-15
soluble_oxalate_priority,0.7847599703514611,TSs30,0.0
soluble_oxalate_priority,0.7847599703514611,TSs303,4.200969240510697e-15
soluble_oxalate_priority,0.7847599703514611,TSs311,1.3701503481689968e-15
soluble_oxalate_priority,0.7847599703514611,TSs314A,0.0
soluble_oxalate_priority,0.7847599703514611,TSs314B,0.0
soluble_oxalate_priority,0.7847599703514611,TSs317,0.0
soluble_oxalate_priority,0.7847599703514611,TSs325,0.08964660842260726
soluble_oxalate_priority,0.7847599703514611,TSs33,0.0
soluble_oxalate_priority,0.7847599703514611,TSs331,0.0
soluble_oxalate_priority,0.7847599703514611,TSs333,0.0
soluble_oxalate_priority,0.7847599703514611,TSs334,0.007333036741723705
soluble_oxalate_priority,0.7847599703514611,TSs336,6.965346572498925e-16
soluble_oxalate_priority,0.7847599703514611,TSs338,0.0
soluble_oxalate_priority,0.7847599703514611,TSs357,9.491063991747139e-17
soluble_oxalate_priority,0.7847599703514611,TSs358,0.0
soluble_oxalate_priority,0.7847599703514611,TSs361,0.0
soluble_oxalate_priority,0.7847599703514611,TSs363,2.836815787278541e-15
soluble_oxalate_priority,0.7847599703514611,TSs365,0.0
soluble_oxalate_priority,0.7847599703514611,TSs368,0.0
soluble_oxalate_priority,0.7847599703514611,TSs371,8.908865149676019e-16
soluble_oxalate_priority,0.7847599703514611,TSs378,8.754630800284621e-16
soluble_oxalate_priority,0.7847599703514611,TSs38,0.12761025871875162
soluble_oxalate_priority,0.7847599703514611,TSs383,1.3225480071688663e-15
soluble_oxalate_priority,0.7847599703514611,TSs3A,3.338726420815665e-15
soluble_oxalate_priority,0.7847599703514611,TSs4,0.0
soluble_oxalate_priority,0.7847599703514611,TSs417,0.0
soluble_oxalate_priority,0.7847599703514611,TSs44C,2.823230984939709e-16
soluble_oxalate_priority,0.7847599703514611,TSs48,9.038020752762766e-17
soluble_oxalate_priority,0.7847599703514611,TSs49,0.11703398938668197
soluble_oxalate_priority,0.7847599703514611,TSs49A,0.0
soluble_oxalate_priority,0.7847599703514611,TSs51,0.0
soluble_oxalate_priority,0.7847599703514611,TSs53,0.0
soluble_oxalate_priority,0.7847599703514611,TSs56,2.1278677090834522e-16
soluble_oxalate_priority,0.7847599703514611,TSs56A,0.0
soluble_oxalate_priority,0.7847599703514611,TSs58,0.0
soluble_oxalate_priority,0.7847599703514611,TSs59B,0.0
soluble_oxalate_priority,0.7847599703514611,TSs5A,0.0
soluble_oxalate_priority,0.7847599703514611,TSs60,3.3110608794049804e-15
soluble_oxalate_priority,0.7847599703514611,TSs60B,0.0
soluble_oxalate_priority,0.7847599703514611,TSs61,3.563193197349535e-16
soluble_oxalate_priority,0.7847599703514611,TSs63A,0.0
soluble_oxalate_priority,0.7847599703514611,TSs68,0.04695719235381142
soluble_oxalate_priority,0.7847599703514611,TSs7,0.0
soluble_oxalate_priority,0.7847599703514611,TSs78,2.502178488654619e-15
soluble_oxalate_priority,0.7847599703514611,TSs82,0.0
soluble_oxalate_priority,0.7847599703514611,TSs9,0.0
soluble_oxalate_priority,0.7847599703514611,TSs95,0.0
soluble_oxalate_priority,0.7847599703514611,TSs96,0.0
soluble_oxalate_priority,0.7847599703514611,TSs98,0.0
soluble_oxalate_priority,1.2742749857031335,TSs10,3.258378725410606e-15
soluble_oxalate_priority,1.2742749857031335,TSs104,3.868763732099323e-16
soluble_oxalate_priority,1.2742749857031335,TSs10A,0.0
soluble_oxalate_priority,1.2742749857031335,TSs11,3.500322145342056e-17
soluble_oxalate_priority,1.2742749857031335,TSs111,0.0
soluble_oxalate_priority,1.2742749857031335,TSs116,0.0
soluble_oxalate_priority,1.2742749857031335,TSs119A,0.05442212643027992
soluble_oxalate_priority,1.2742749857031335,TSs120,0.0
soluble_oxalate_priority,1.2742749857031335,TSs131,2.005087842316657e-16
soluble_oxalate_priority,1.2742749857031335,TSs132,0.0
soluble_oxalate_priority,1.2742749857031335,TSs133,1.325848906635241e-16
soluble_oxalate_priority,1.2742749857031335,TSs136,0.0
soluble_oxalate_priority,1.2742749857031335,TSs138B,1.9862902264017576e-16
soluble_oxalate_priority,1.2742749857031335,TSs15,1.475856304978058e-16
soluble_oxalate_priority,1.2742749857031335,TSs151B,1.170612293611196e-16
soluble_oxalate_priority,1.2742749857031335,TSs155,0.0
soluble_oxalate_priority,1.2742749857031335,TSs156A,0.0
soluble_oxalate_priority,1.2742749857031335,TSs157A,0.22401737851824186
soluble_oxalate_priority,1.2742749857031335,TSs158,3.652757099579112e-16
soluble_oxalate_priority,1.2742749857031335,TSs161,1.795229614702735e-16
soluble_oxalate_priority,1.2742749857031335,TSs166,0.0
soluble_oxalate_priority,1.2742749857031335,TSs168,0.0
soluble_oxalate_priority,1.2742749857031335,TSs195,0.0
soluble_oxalate_priority,1.2742749857031335,TSs1A,2.941907150201492e-16
soluble_oxalate_priority,1.2742749857031335,TSs2,0.0
soluble_oxalate_priority,1.2742749857031335,TSs201,2.2628021488728244e-16
soluble_oxalate_priority,1.2742749857031335,TSs209,3.378022644522259e-17
soluble_oxalate_priority,1.2742749857031335,TSs217,7.476619490484328e-16
soluble_oxalate_priority,1.2742749857031335,TSs224,0.0
soluble_oxalate_priority,1.2742749857031335,TSs22A,0.12394089806936635
soluble_oxalate_priority,1.2742749857031335,TSs22B,0.0
soluble_oxalate_priority,1.2742749857031335,TSs23,0.0
soluble_oxalate_priority,1.2742749857031335,TSs24,0.0
soluble_oxalate_priority,1.2742749857031335,TSs266,9.430172951362343e-16
soluble_oxalate_priority,1.2742749857031335,TSs269,4.090432463882266e-17
soluble_oxalate_priority,1.2742749857031335,TSs27,6.121073069745333e-17
soluble_oxalate_priority,1.2742749857031335,TSs274,0.0
soluble_oxalate_priority,1.2742749857031335,TSs277,8.360948821448302e-16
soluble_oxalate_priority,1.2742749857031335,TSs282,0.12098609547868305
soluble_oxalate_priority,1.2742749857031335,TSs287,0.0
soluble_oxalate_priority,1.2742749857031335,TSs291,8.510202250159001e-17
soluble_oxalate_priority,1.2742749857031335,TSs293,2.399513484359246e-16
soluble_oxalate_priority,1.2742749857031335,TSs294,1.796278593196283e-16
soluble_oxalate_priority,1.2742749857031335,TSs296,4.107310450537241e-16
soluble_oxalate_priority,1.2742749857031335,TSs297,3.2598702975065427e-16
soluble_oxalate_priority,1.2742749857031335,TSs3,0.0
soluble_oxalate_priority,1.2742749857031335,TSs30,1.1723028558490243e-16
soluble_oxalate_priority,1.2742749857031335,TSs303,9.36117794025469e-18
soluble_oxalate_priority,1.2742749857031335,TSs311,0.0
soluble_oxalate_priority,1.2742749857031335,TSs314A,1.4458234769960789e-16
soluble_oxalate_priority,1.2742749857031335,TSs314B,0.0
soluble_oxalate_priority,1.2742749857031335,TSs317,0.0
soluble_oxalate_priority,1.2742749857031335,TSs325,0.11961313534587817
soluble_oxalate_priority,1.2742749857031335,TSs33,0.0
soluble_oxalate_priority,1.2742749857031335,TSs331,0.0
soluble_oxalate_priority,1.2742749857031335,TSs333,4.0236881382419314e-16
soluble_oxalate_priority,1.2742749857031335,TSs334,0.0586087335418683
soluble_oxalate_priority,1.2742749857031335,TSs336,4.518854104888163e-16
soluble_oxalate_priority,1.2742749857031335,TSs338,5.186426940160643e-16
soluble_oxalate_priority,1.2742749857031335,TSs357,0.0
soluble_oxalate_priority,1.2742749857031335,TSs358,0.0
soluble_oxalate_priority,1.2742749857031335,TSs361,0.0
soluble_oxalate_priority,1.2742749857031335,TSs363,5.863471293271346e-16
soluble_oxalate_priority,1.2742749857031335,TSs365,0.0
soluble_oxalate_priority,1.2742749857031335,TSs368,0.0
soluble_oxalate_priority,1.2742749857031335,TSs371,9.562813328065546e-17
soluble_oxalate_priority,1.2742749857031335,TSs378,0.0
soluble_oxalate_priority,1.2742749857031335,TSs38,0.10751580590242592
soluble_oxalate_priority,1.2742749857031335,TSs383,2.439592328368018e-16
soluble_oxalate_priority,1.2742749857031335,TSs3A,9.087494480258213e-16
soluble_oxalate_priority,1.2742749857031335,TSs4,0.0
soluble_oxalate_priority,1.2742749857031335,TSs417,4.477712994198627e-17
soluble_oxalate_priority,1.2742749857031335,TSs44C,2.0808972056361703e-16
soluble_oxalate_priority,1.2742749857031335,TSs48,2.6969668695408264e-16
soluble_oxalate_priority,1.2742749857031335,TSs49,0.10961770261166937
soluble_oxalate_priority,1.2742749857031335,TSs49A,0.0
soluble_oxalate_priority,1.2742749857031335,TSs51,0.0
soluble_oxalate_priority,1.2742749857031335,TSs53,0.0
soluble_oxalate_priority,1.2742749857031335,TSs56,1.4386389955115444e-16
soluble_oxalate_priority,1.2742749857031335,TSs56A,0.0
soluble_oxalate_priority,1.2742749857031335,TSs58,0.0
soluble_oxalate_priority,1.2742749857031335,TSs59B,0.0
soluble_oxalate_priority,1.2742749857031335,TSs5A,0.0
soluble_oxalate_priority,1.2742749857031335,TSs60,7.654105343080441e-16
soluble_oxalate_priority,1.2742749857031335,TSs60B,0.0
soluble_oxalate_priority,1.2742749857031335,TSs61,2.7863792595286337e-16
soluble_oxalate_priority,1.2742749857031335,TSs63A,4.0818341835660565e-16
soluble_oxalate_priority,1.2742749857031335,TSs68,0.08127812410157105
soluble_oxalate_priority,1.2742749857031335,TSs7,0.0
soluble_oxalate_priority,1.2742749857031335,TSs78,1.5752061391382453e-16
soluble_oxalate_priority,1.2742749857031335,TSs82,0.0
soluble_oxalate_priority,1.2742749857031335,TSs9,0.0
soluble_oxalate_priority,1.2742749857031335,TSs95,0.0
soluble_oxalate_priority,1.2742749857031335,TSs96,0.0
soluble_oxalate_priority,1.2742749857031335,TSs98,6.251509753238228e-16
soluble_oxalate_priority,2.06913808111479,TSs10,0.0
soluble_oxalate_priority,2.06913808111479,TSs104,0.0
soluble_oxalate_priority,2.06913808111479,TSs10A,0.0
soluble_oxalate_priority,2.06913808111479,TSs11,1.5908183572921525e-15
soluble_oxalate_priority,2.06913808111479,TSs111,1.114085795539414e-15
soluble_oxalate_priority,2.06913808111479,TSs116,0.0
soluble_oxalate_priority,2.06913808111479,TSs119A,0.10795587750731045
soluble_oxalate_priority,2.06913808111479,TSs120,1.376168632972199e-16
soluble_oxalate_priority,2.06913808111479,TSs131,4.410387592903707e-16
soluble_oxalate_priority,2.06913808111479,TSs132,0.0
soluble_oxalate_priority,2.06913808111479,TSs133,0.0
soluble_oxalate_priority,2.06913808111479,TSs136,0.0
soluble_oxalate_priority,2.06913808111479,TSs138B,3.9830943776617e-17
soluble_oxalate_priority,2.06913808111479,TSs15,1.1136228861109449e-17
soluble_oxalate_priority,2.06913808111479,TSs151B,9.380352051194484e-16
soluble_oxalate_priority,2.06913808111479,TSs155,0.0
soluble_oxalate_priority,2.06913808111479,TSs156A,0.0
soluble_oxalate_priority,2.06913808111479,TSs157A,0.1696164290129792
soluble_oxalate_priority,2.06913808111479,TSs158,2.651908864849623e-16
soluble_oxalate_priority,2.06913808111479,TSs161,4.4075958486469375e-16
soluble_oxalate_priority,2.06913808111479,TSs166,3.2824052400765877e-16
soluble_oxalate_priority,2.06913808111479,TSs168,0.0
soluble_oxalate_priority,2.06913808111479,TSs195,9.48345357452016e-17
soluble_oxalate_priority,2.06913808111479,TSs1A,2.3512809521082927e-16
soluble_oxalate_priority,2.06913808111479,TSs2,0.0
soluble_oxalate_priority,2.06913808111479,TSs201,4.0930033919713904e-16
soluble_oxalate_priority,2.06913808111479,TSs209,0.0
soluble_oxalate_priority,2.06913808111479,TSs217,1.5614754991884865e-16
soluble_oxalate_priority,2.06913808111479,TSs224,1.9087795850970794e-16
soluble_oxalate_priority,2.06913808111479,TSs22A,0.1039986280191444
soluble_oxalate_priority,2.06913808111479,TSs22B,5.719301282598965e-16
soluble_oxalate_priority,2.06913808111479,TSs23,2.346117276228325e-16
soluble_oxalate_priority,2.06913808111479,TSs24,0.0
soluble_oxalate_priority,2.06913808111479,TSs266,4.548957459723268e-16
soluble_oxalate_priority,2.06913808111479,TSs269,0.0
soluble_oxalate_priority,2.06913808111479,TSs27,2.4162706626641336e-16
soluble_oxalate_priority,2.06913808111479,TSs274,0.0
soluble_oxalate_priority,2.06913808111479,TSs277,2.210722713781486e-16
soluble_oxalate_priority,2.06913808111479,TSs282,0.1024622097817506
soluble_oxalate_priority,2.06913808111479,TSs287,0.0
soluble_oxalate_priority,2.06913808111479,TSs291,0.0
soluble_oxalate_priority,2.06913808111479,TSs293,0.0
soluble_oxalate_priority,2.06913808111479,TSs294,3.051447951858967e-16
soluble_oxalate_priority,2.06913808111479,TSs296,0.0
soluble_oxalate_priority,2.06913808111479,TSs297,2.76123663819631e-16
soluble_oxalate_priority,2.06913808111479,TSs3,0.0
soluble_oxalate_priority,2.06913808111479,TSs30,0.0
soluble_oxalate_priority,2.06913808111479,TSs303,0.0
soluble_oxalate_priority,2.06913808111479,TSs311,0.0
soluble_oxalate_priority,2.06913808111479,TSs314A,0.0
soluble_oxalate_priority,2.06913808111479,TSs314B,1.1226710029524422e-17
soluble_oxalate_priority,2.06913808111479,TSs317,3.3120587612455047e-16
soluble_oxalate_priority,2.06913808111479,TSs325,0.13232639621060846
soluble_oxalate_priority,2.06913808111479,TSs33,1.4766972696536354e-16
soluble_oxalate_priority,2.06913808111479,TSs331,6.265476549182074e-16
soluble_oxalate_priority,2.06913808111479,TSs333,5.046495316465642e-16
soluble_oxalate_priority,2.06913808111479,TSs334,0.08619794551200244
soluble_oxalate_priority,2.06913808111479,TSs336,5.224793284956184e-16
soluble_oxalate_priority,2.06913808111479,TSs338,0.0
soluble_oxalate_priority,2.06913808111479,TSs357,3.5863362353048137e-16
soluble_oxalate_priority,2.06913808111479,TSs358,2.65961297483889e-16
soluble_oxalate_priority,2.06913808111479,TSs361,0.0
soluble_oxalate_priority,2.06913808111479,TSs363,1.211190084228377e-16
soluble_oxalate_priority,2.06913808111479,TSs365,0.0
soluble_oxalate_priority,2.06913808111479,TSs368,1.133922355747403e-16
soluble_oxalate_priority,2.06913808111479,TSs371,8.847648246986067e-17
soluble_oxalate_priority,2.06913808111479,TSs378,4.0726592566280375e-16
soluble_oxalate_priority,2.06913808111479,TSs38,0.09370364926120932
soluble_oxalate_priority,2.06913808111479,TSs383,1.070184268301618e-16
soluble_oxalate_priority,2.06913808111479,TSs3A,0.0
soluble_oxalate_priority,2.06913808111479,TSs4,0.0
soluble_oxalate_priority,2.06913808111479,TSs417,6.064073336634531e-16
soluble_oxalate_priority,2.06913808111479,TSs44C,3.201861143559424e-16
soluble_oxalate_priority,2.06913808111479,TSs48,2.246055093007864e-16
soluble_oxalate_priority,2.06913808111479,TSs49,0.10335318588900622
soluble_oxalate_priority,2.06913808111479,TSs49A,1.5258390212216353e-16
soluble_oxalate_priority,2.06913808111479,TSs51,4.141769882992352e-17
soluble_oxalate_priority,2.06913808111479,TSs53,0.0
soluble_oxalate_priority,2.06913808111479,TSs56,8.247080071184642e-17
soluble_oxalate_priority,2.06913808111479,TSs56A,2.1835797860796092e-16
soluble_oxalate_priority,2.06913808111479,TSs58,0.0
soluble_oxalate_priority,2.06913808111479,TSs59B,0.0
soluble_oxalate_priority,2.06913808111479,TSs5A,3.8466377433107355e-16
soluble_oxalate_priority,2.06913808111479,TSs60,0.0
soluble_oxalate_priority,2.06913808111479,TSs60B,2.9891170429263035e-16
soluble_oxalate_priority,2.06913808111479,TSs61,5.451952215580431e-16
soluble_oxalate_priority,2.06913808111479,TSs63A,6.73994602891507e-17
soluble_oxalate_priority,2.06913808111479,TSs68,0.10038567880597292
soluble_oxalate_priority,2.06913808111479,TSs7,2.5160046218758455e-17
soluble_oxalate_priority,2.06913808111479,TSs78,0.0
soluble_oxalate_priority,2.06913808111479,TSs82,0.0
soluble_oxalate_priority,2.06913808111479,TSs9,8.067119745000813e-17
soluble_oxalate_priority,2.06913808111479,TSs95,2.0557128772035537e-16
soluble_oxalate_priority,2.06913808111479,TSs96,3.582269536063037e-16
soluble_oxalate_priority,2.06913808111479,TSs98,3.026509685407506e-16
soluble_oxalate_priority,3.359818286283781,TSs10,0.03166383277684491
soluble_oxalate_priority,3.359818286283781,TSs104,1.87352544277571e-16
soluble_oxalate_priority,3.359818286283781,TSs10A,0.005872649011323142
soluble_oxalate_priority,3.359818286283781,TSs11,4.576428546648506e-16
soluble_oxalate_priority,3.359818286283781,TSs111,8.466065827844552e-16
soluble_oxalate_priority,3.359818286283781,TSs116,0.0
soluble_oxalate_priority,3.359818286283781,TSs119A,0.11482656302220366
soluble_oxalate_priority,3.359818286283781,TSs120,2.4062530504162433e-16
soluble_oxalate_priority,3.359818286283781,TSs131,1.5489966127021185e-16
soluble_oxalate_priority,3.359818286283781,TSs132,2.861610666064204e-16
soluble_oxalate_priority,3.359818286283781,TSs133,2.5066988196293655e-16
soluble_oxalate_priority,3.359818286283781,TSs136,3.3275548985297125e-16
soluble_oxalate_priority,3.359818286283781,TSs138B,0.0
soluble_oxalate_priority,3.359818286283781,TSs15,1.2666452778267595e-16
soluble_oxalate_priority,3.359818286283781,TSs151B,2.7411704766487045e-15
soluble_oxalate_priority,3.359818286283781,TSs155,7.746756827939084e-16
soluble_oxalate_priority,3.359818286283781,TSs156A,1.3791084346191963e-15
soluble_oxalate_priority,3.359818286283781,TSs157A,0.12576649263723727
soluble_oxalate_priority,3.359818286283781,TSs158,3.7597737195240114e-16
soluble_oxalate_priority,3.359818286283781,TSs161,4.3902190626843976e-16
soluble_oxalate_priority,3.359818286283781,TSs166,9.304735707630832e-16
soluble_oxalate_priority,3.359818286283781,TSs168,2.913428906116875e-16
soluble_oxalate_priority,3.359818286283781,TSs195,1.601372515027477e-16
soluble_oxalate_priority,3.359818286283781,TSs1A,2.646344768442928e-16
soluble_oxalate_priority,3.359818286283781,TSs2,4.802964641098648e-16
soluble_oxalate_priority,3.359818286283781,TSs201,5.500163764365819e-17
soluble_oxalate_priority,3.359818286283781,TSs209,2.6960632865890434e-17
soluble_oxalate_priority,3.359818286283781,TSs217,3.7860333965140066e-16
soluble_oxalate_priority,3.359818286283781,TSs224,1.0976095882017688e-16
soluble_oxalate_priority,3.359818286283781,TSs22A,0.08570897182437777
soluble_oxalate_priority,3.359818286283781,TSs22B,0.0
soluble_oxalate_priority,3.359818286283781,TSs23,4.083323462018783e-16
soluble_oxalate_priority,3.359818286283781,TSs24,7.536300398519053e-16
soluble_oxalate_priority,3.359818286283781,TSs266,5.964560234601387e-17
soluble_oxalate_priority,3.359818286283781,TSs269,1.6466291925277925e-16
soluble_oxalate_priority,3.359818286283781,TSs27,1.1508502323296116e-16
soluble_oxalate_priority,3.359818286283781,TSs274,0.0
soluble_oxalate_priority,3.359818286283781,TSs277,1.2441082170699618e-16
soluble_oxalate_priority,3.359818286283781,TSs282,0.0880274504561763
soluble_oxalate_priority,3.359818286283781,TSs287,7.152369506748992e-18
soluble_oxalate_priority,3.359818286283781,TSs291,1.0784946154583084e-17
soluble_oxalate_priority,3.359818286283781,TSs293,0.0
soluble_oxalate_priority,3.359818286283781,TSs294,1.1175173174402639e-16
soluble_oxalate_priority,3.359818286283781,TSs296,0.0
soluble_oxalate_priority,3.359818286283781,TSs297,5.330085340211515e-17
soluble_oxalate_priority,3.359818286283781,TSs3,5.799980521226243e-16
soluble_oxalate_priority,3.359818286283781,TSs30,4.0895246552632554e-17
soluble_oxalate_priority,3.359818286283781,TSs303,1.2897730831732394e-15
soluble_oxalate_priority,3.359818286283781,TSs311,3.430603617917357e-16
soluble_oxalate_priority,3.359818286283781,TSs314A,6.418639839249295e-17
soluble_oxalate_priority,3.359818286283781,TSs314B,1.453761378835465e-16
soluble_oxalate_priority,3.359818286283781,TSs317,1.6059279536280972e-17
soluble_oxalate_priority,3.359818286283781,TSs325,0.11779690448568234
soluble_oxalate_priority,3.359818286283781,TSs33,1.8333457729323616e-17
soluble_oxalate_priority,3.359818286283781,TSs331,1.6290839640225675e-16
soluble_oxalate_priority,3.359818286283781,TSs333,0.03202833423422327
soluble_oxalate_priority,3.359818286283781,TSs334,0.08026626198588417
soluble_oxalate_priority,3.359818286283781,TSs336,1.3932741663600323e-16
soluble_oxalate_priority,3.359818286283781,TSs338,4.504830641474431e-18
soluble_oxalate_priority,3.359818286283781,TSs357,0.004627102888402152
soluble_oxalate_priority,3.359818286283781,TSs358,3.6980878188053604e-16
soluble_oxalate_priority,3.359818286283781,TSs361,0.006573602420045291
soluble_oxalate_priority,3.359818286283781,TSs363,1.9957783302317544e-16
soluble_oxalate_priority,3.359818286283781,TSs365,2.1816653423645538e-16
soluble_oxalate_priority,3.359818286283781,TSs368,5.1270799594198915e-17
soluble_oxalate_priority,3.359818286283781,TSs371,5.3307405718161616e-17
soluble_oxalate_priority,3.359818286283781,TSs378,3.4423377060846403e-16
soluble_oxalate_priority,3.359818286283781,TSs38,0.07362557821193366
soluble_oxalate_priority,3.359818286283781,TSs383,1.067802435505186e-16
soluble_oxalate_priority,3.359818286283781,TSs3A,5.424426663265677e-16
soluble_oxalate_priority,3.359818286283781,TSs4,0.0
soluble_oxalate_priority,3.359818286283781,TSs417,5.488187558062433e-17
soluble_oxalate_priority,3.359818286283781,TSs44C,2.2637838335212956e-16
soluble_oxalate_priority,3.359818286283781,TSs48,5.3244758038558856e-17
soluble_oxalate_priority,3.359818286283781,TSs49,0.08722970195218449
soluble_oxalate_priority,3.359818286283781,TSs49A,0.0
soluble_oxalate_priority,3.359818286283781,TSs51,1.5590163542060708e-16
soluble_oxalate_priority,3.359818286283781,TSs53,4.265673463473693e-17
soluble_oxalate_priority,3.359818286283781,TSs56,3.9340618357295897e-16
soluble_oxalate_priority,3.359818286283781,TSs56A,0.03137271444783005
soluble_oxalate_priority,3.359818286283781,TSs58,5.600196796398114e-17
soluble_oxalate_priority,3.359818286283781,TSs59B,0.0
soluble_oxalate_priority,3.359818286283781,TSs5A,2.2457737988224273e-17
soluble_oxalate_priority,3.359818286283781,TSs60,8.163038212729574e-16
soluble_oxalate_priority,3.359818286283781,TSs60B,0.0
soluble_oxalate_priority,3.359818286283781,TSs61,1.8056097677275876e-16
soluble_oxalate_priority,3.359818286283781,TSs63A,2.3174418868985627e-17
soluble_oxalate_priority,3.359818286283781,TSs68,0.09737100731471565
soluble_oxalate_priority,3.359818286283781,TSs7,0.003939381541916936
soluble_oxalate_priority,3.359818286283781,TSs78,2.915098057175939e-16
soluble_oxalate_priority,3.359818286283781,TSs82,0.013303450788998927
soluble_oxalate_priority,3.359818286283781,TSs9,3.940856855132552e-17
soluble_oxalate_priority,3.359818286283781,TSs95,1.5488781392223462e-17
soluble_oxalate_priority,3.359818286283781,TSs96,4.5162710805725465e-17
soluble_oxalate_priority,3.359818286283781,TSs98,9.058852430513036e-17
soluble_oxalate_priority,5.455594781168514,TSs10,0.03581098745276979
soluble_oxalate_priority,5.455594781168514,TSs104,2.502622838355035e-16
soluble_oxalate_priority,5.455594781168514,TSs10A,0.01624816424537792
soluble_oxalate_priority,5.455594781168514,TSs11,1.8703458949556572e-17
soluble_oxalate_priority,5.455594781168514,TSs111,3.325468519147093e-16
soluble_oxalate_priority,5.455594781168514,TSs116,9.815931742127809e-17
soluble_oxalate_priority,5.455594781168514,TSs119A,0.09549179253411381
soluble_oxalate_priority,5.455594781168514,TSs120,1.024462239581325e-16
soluble_oxalate_priority,5.455594781168514,TSs131,3.479067472163698e-16
soluble_oxalate_priority,5.455594781168514,TSs132,8.646284501623899e-19
soluble_oxalate_priority,5.455594781168514,TSs133,7.970998067203064e-17
soluble_oxalate_priority,5.455594781168514,TSs136,1.4897295263657982e-16
soluble_oxalate_priority,5.455594781168514,TSs138B,2.4310474158371166e-16
soluble_oxalate_priority,5.455594781168514,TSs15,4.07480349183113e-17
soluble_oxalate_priority,5.455594781168514,TSs151B,1.2838398942533067e-15
soluble_oxalate_priority,5.455594781168514,TSs155,4.809979481824404e-16
soluble_oxalate_priority,5.455594781168514,TSs156A,4.466146443774615e-16
soluble_oxalate_priority,5.455594781168514,TSs157A,0.09202957210247936
soluble_oxalate_priority,5.455594781168514,TSs158,1.0415622594520101e-16
soluble_oxalate_priority,5.455594781168514,TSs161,1.0267116192401183e-16
soluble_oxalate_priority,5.455594781168514,TSs166,3.1563256420720603e-16
soluble_oxalate_priority,5.455594781168514,TSs168,1.4245673415368053e-16
soluble_oxalate_priority,5.455594781168514,TSs195,8.169122444027821e-17
soluble_oxalate_priority,5.455594781168514,TSs1A,1.4929984163927129e-16
soluble_oxalate_priority,5.455594781168514,TSs2,3.690859312670351e-16
soluble_oxalate_priority,5.455594781168514,TSs201,1.7449887877093379e-16
soluble_oxalate_priority,5.455594781168514,TSs209,2.2046555623510123e-16
soluble_oxalate_priority,5.455594781168514,TSs217,1.7878965518461932e-16
soluble_oxalate_priority,5.455594781168514,TSs224,1.0376052708635969e-16
soluble_oxalate_priority,5.455594781168514,TSs22A,0.07020859214470608
soluble_oxalate_priority,5.455594781168514,TSs22B,2.21972307539508e-16
soluble_oxalate_priority,5.455594781168514,TSs23,1.2284413897377364e-16
soluble_oxalate_priority,5.455594781168514,TSs24,4.737638682260151e-16
soluble_oxalate_priority,5.455594781168514,TSs266,1.463970332704489e-16
soluble_oxalate_priority,5.455594781168514,TSs269,1.274251218067479e-16
soluble_oxalate_priority,5.455594781168514,TSs27,9.067153580174973e-17
soluble_oxalate_priority,5.455594781168514,TSs274,0.014554837657760998
soluble_oxalate_priority,5.455594781168514,TSs277,1.24335809915379e-16
soluble_oxalate_priority,5.455594781168514,TSs282,0.06748949988542667
soluble_oxalate_priority,5.455594781168514,TSs287,1.9790169790140873e-16
soluble_oxalate_priority,5.455594781168514,TSs291,5.909046492276575e-17
soluble_oxalate_priority,5.455594781168514,TSs293,1.2393455138689467e-16
soluble_oxalate_priority,5.455594781168514,TSs294,6.597548238990444e-17
soluble_oxalate_priority,5.455594781168514,TSs296,1.1915373443329282e-16
soluble_oxalate_priority,5.455594781168514,TSs297,5.745089246935246e-17
soluble_oxalate_priority,5.455594781168514,TSs3,3.3393018201130575e-16
soluble_oxalate_priority,5.455594781168514,TSs30,1.3246553590696495e-16
soluble_oxalate_priority,5.455594781168514,TSs303,3.651991969197921e-16
soluble_oxalate_priority,5.455594781168514,TSs311,1.0872655658218277e-16
soluble_oxalate_priority,5.455594781168514,TSs314A,1.1574000661858333e-16
soluble_oxalate_priority,5.455594781168514,TSs314B,7.546454288627148e-17
soluble_oxalate_priority,5.455594781168514,TSs317,1.6791908390468965e-16
soluble_oxalate_priority,5.455594781168514,TSs325,0.09141270582616871
soluble_oxalate_priority,5.455594781168514,TSs33,1.8430699957427258e-16
soluble_oxalate_priority,5.455594781168514,TSs331,0.009348415601722273
soluble_oxalate_priority,5.455594781168514,TSs333,0.038662348537725225
soluble_oxalate_priority,5.455594781168514,TSs334,0.06502597323666777
soluble_oxalate_priority,5.455594781168514,TSs336,5.793031906622622e-17
soluble_oxalate_priority,5.455594781168514,TSs338,1.6599983732133337e-16
soluble_oxalate_priority,5.455594781168514,TSs357,0.02606842392440219
soluble_oxalate_priority,5.455594781168514,TSs358,1.8600911492450566e-15
soluble_oxalate_priority,5.455594781168514,TSs361,0.018406759360135146
soluble_oxalate_priority,5.455594781168514,TSs363,2.153637138283031e-16
soluble_oxalate_priority,5.455594781168514,TSs365,0.014936624432965083
soluble_oxalate_priority,5.455594781168514,TSs368,0.008482149747631906
soluble_oxalate_priority,5.455594781168514,TSs371,1.2736976846553693e-16
soluble_oxalate_priority,5.455594781168514,TSs378,1.2738919057097637e-16
soluble_oxalate_priority,5.455594781168514,TSs38,0.05660808685791254
soluble_oxalate_priority,5.455594781168514,TSs383,3.2207958424008317e-17
soluble_oxalate_priority,5.455594781168514,TSs3A,3.10800530050695e-16
soluble_oxalate_priority,5.455594781168514,TSs4,1.1881817941419562e-16
soluble_oxalate_priority,5.455594781168514,TSs417,0.0006846207552749066
soluble_oxalate_priority,5.455594781168514,TSs44C,4.9732119574039014e-17
soluble_oxalate_priority,5.455594781168514,TSs48,3.058626663911476e-16
soluble_oxalate_priority,5.455594781168514,TSs49,0.06833047003631888
soluble_oxalate_priority,5.455594781168514,TSs49A,1.4113492089745253e-16
soluble_oxalate_priority,5.455594781168514,TSs51,2.5205006888442393e-16
soluble_oxalate_priority,5.455594781168514,TSs53,1.988843747701211e-16
soluble_oxalate_priority,5.455594781168514,TSs56,8.631181231115248e-17
soluble_oxalate_priority,5.455594781168514,TSs56A,0.0398888204958473
soluble_oxalate_priority,5.455594781168514,TSs58,0.012717540546381313
soluble_oxalate_priority,5.455594781168514,TSs59B,0.013938519799277542
soluble_oxalate_priority,5.455594781168514,TSs5A,2.0274411680578164e-16
soluble_oxalate_priority,5.455594781168514,TSs60,5.442613693982892e-16
soluble_oxalate_priority,5.455594781168514,TSs60B,1.5838451292613455e-16
soluble_oxalate_priority,5.455594781168514,TSs61,5.387887404615532e-16
soluble_oxalate_priority,5.455594781168514,TSs63A,2.413605368681392e-16
soluble_oxalate_priority,5.455594781168514,TSs68,0.07507672817155533
soluble_oxalate_priority,5.455594781168514,TSs7,0.02871655605676762
soluble_oxalate_priority,5.455594781168514,TSs78,9.562794904372301e-17
soluble_oxalate_priority,5.455594781168514,TSs82,0.02921651193514247
soluble_oxalate_priority,5.455594781168514,TSs9,1.409450334721811e-16
soluble_oxalate_priority,5.455594781168514,TSs95,1.4150759718014014e-16
soluble_oxalate_priority,5.455594781168514,TSs96,0.010645298655453685
soluble_oxalate_priority,5.455594781168514,TSs98,2.1749209171295785e-17
soluble_oxalate_priority,8.858667904100823,TSs10,0.03464422352912701
soluble_oxalate_priority,8.858667904100823,TSs104,1.7289988369118604e-16
soluble_oxalate_priority,8.858667904100823,TSs10A,0.019575247678392166
soluble_oxalate_priority,8.858667904100823,TSs11,1.8003669263154058e-16
soluble_oxalate_priority,8.858667904100823,TSs111,5.459611191630262e-16
soluble_oxalate_priority,8.858667904100823,TSs116,0.0010105725002736673
soluble_oxalate_priority,8.858667904100823,TSs119A,0.07817481326393219
soluble_oxalate_priority,8.858667904100823,TSs120,2.380602609457056e-16
soluble_oxalate_priority,8.858667904100823,TSs131,0.004211732308418632
soluble_oxalate_priority,8.858667904100823,TSs132,1.33191935462981e-18
soluble_oxalate_priority,8.858667904100823,TSs133,3.1739551332821605e-16
soluble_oxalate_priority,8.858667904100823,TSs136,5.665849929557494e-17
soluble_oxalate_priority,8.858667904100823,TSs138B,2.2729378480283723e-16
soluble_oxalate_priority,8.858667904100823,TSs15,1.3333394718727073e-16
soluble_oxalate_priority,8.858667904100823,TSs151B,1.194708386155845e-15
soluble_oxalate_priority,8.858667904100823,TSs155,2.9985938586761744e-16
soluble_oxalate_priority,8.858667904100823,TSs156A,4.940792845739023e-16
soluble_oxalate_priority,8.858667904100823,TSs157A,0.06633418599809622
soluble_oxalate_priority,8.858667904100823,TSs158,4.5497282685158383e-17
soluble_oxalate_priority,8.858667904100823,TSs161,9.163231687318531e-17
soluble_oxalate_priority,8.858667904100823,TSs166,1.126711307207269e-16
soluble_oxalate_priority,8.858667904100823,TSs168,3.493655396500462e-17
soluble_oxalate_priority,8.858667904100823,TSs195,2.6740319090369127e-17
soluble_oxalate_priority,8.858667904100823,TSs1A,6.089493051026462e-17
soluble_oxalate_priority,8.858667904100823,TSs2,8.883809963559981e-17
soluble_oxalate_priority,8.858667904100823,TSs201,0.00036857436226758386
soluble_oxalate_priority,8.858667904100823,TSs209,0.001215186930060269
soluble_oxalate_priority,8.858667904100823,TSs217,9.65501104597357e-17
soluble_oxalate_priority,8.858667904100823,TSs224,3.720937899338346e-18
soluble_oxalate_priority,8.858667904100823,TSs22A,0.05791354256687406
soluble_oxalate_priority,8.858667904100823,TSs22B,5.070150547879243e-17
soluble_oxalate_priority,8.858667904100823,TSs23,5.558150854811659e-17
soluble_oxalate_priority,8.858667904100823,TSs24,3.771168890110565e-16
soluble_oxalate_priority,8.858667904100823,TSs266,1.0053846013203181e-16
soluble_oxalate_priority,8.858667904100823,TSs269,1.3150598116395192e-16
soluble_oxalate_priority,8.858667904100823,TSs27,5.2302940363717024e-17
soluble_oxalate_priority,8.858667904100823,TSs274,0.02666463494700158
soluble_oxalate_priority,8.858667904100823,TSs277,4.129422497043997e-18
soluble_oxalate_priority,8.858667904100823,TSs282,0.04974738058171633
soluble_oxalate_priority,8.858667904100823,TSs287,1.7328627542613044e-16
soluble_oxalate_priority,8.858667904100823,TSs291,1.639773619351601e-16
soluble_oxalate_priority,8.858667904100823,TSs293,1.3098982491054925e-16
soluble_oxalate_priority,8.858667904100823,TSs294,3.056334722536248e-17
soluble_oxalate_priority,8.858667904100823,TSs296,1.413485256021981e-16
soluble_oxalate_priority,8.858667904100823,TSs297,1.0832384759836906e-16
soluble_oxalate_priority,8.858667904100823,TSs3,2.6666264644069386e-16
soluble_oxalate_priority,8.858667904100823,TSs30,1.3155772414554605e-16
soluble_oxalate_priority,8.858667904100823,TSs303,2.0258388603115245e-16
soluble_oxalate_priority,8.858667904100823,TSs311,1.6803621235777505e-17
soluble_oxalate_priority,8.858667904100823,TSs314A,0.0032403505892175713
soluble_oxalate_priority,8.858667904100823,TSs314B,5.4564228265836085e-17
soluble_oxalate_priority,8.858667904100823,TSs317,0.011150371523534059
soluble_oxalate_priority,8.858667904100823,TSs325,0.06990533676493839
soluble_oxalate_priority,8.858667904100823,TSs33,1.7146700093027894e-16
soluble_oxalate_priority,8.858667904100823,TSs331,0.015331093068354647
soluble_oxalate_priority,8.858667904100823,TSs333,0.036294250730236496
soluble_oxalate_priority,8.858667904100823,TSs334,0.050485199139041176
soluble_oxalate_priority,8.858667904100823,TSs336,7.871634602883033e-17
soluble_oxalate_priority,8.858667904100823,TSs338,1.2802656110518904e-16
soluble_oxalate_priority,8.858667904100823,TSs357,0.03400557967855516
soluble_oxalate_priority,8.858667904100823,TSs358,0.004555252832262655
soluble_oxalate_priority,8.858667904100823,TSs361,0.023217525944211174
soluble_oxalate_priority,8.858667904100823,TSs363,6.590624405695622e-17
soluble_oxalate_priority,8.858667904100823,TSs365,0.024132056084719154
soluble_oxalate_priority,8.858667904100823,TSs368,0.019951799776407486
soluble_oxalate_priority,8.858667904100823,TSs371,8.143700899631466e-17
soluble_oxalate_priority,8.858667904100823,TSs378,1.7023096320142968e-16
soluble_oxalate_priority,8.858667904100823,TSs38,0.04484558654392774
soluble_oxalate_priority,8.858667904100823,TSs383,6.507521748119301e-17
soluble_oxalate_priority,8.858667904100823,TSs3A,1.974486290407548e-16
soluble_oxalate_priority,8.858667904100823,TSs4,0.006577128403965881
soluble_oxalate_priority,8.858667904100823,TSs417,0.013969597463483575
soluble_oxalate_priority,8.858667904100823,TSs44C,5.0216564330206285e-17
soluble_oxalate_priority,8.858667904100823,TSs48,0.001382771082814367
soluble_oxalate_priority,8.858667904100823,TSs49,0.05236014060844095
soluble_oxalate_priority,8.858667904100823,TSs49A,0.003705620158137896
soluble_oxalate_priority,8.858667904100823,TSs51,0.006776113071579046
soluble_oxalate_priority,8.858667904100823,TSs53,0.004947694704384264
soluble_oxalate_priority,8.858667904100823,TSs56,1.1416902133109033e-16
soluble_oxalate_priority,8.858667904100823,TSs56A,0.03453607156079184
soluble_oxalate_priority,8.858667904100823,TSs58,0.02292271352486874
soluble_oxalate_priority,8.858667904100823,TSs59B,0.02269949810557453
soluble_oxalate_priority,8.858667904100823,TSs5A,1.400411518650414e-16
soluble_oxalate_priority,8.858667904100823,TSs60,2.379227518654143e-16
soluble_oxalate_priority,8.858667904100823,TSs60B,5.485502870062645e-17
soluble_oxalate_priority,8.858667904100823,TSs61,7.836086824471173e-17
soluble_oxalate_priority,8.858667904100823,TSs63A,2.0201304853161574e-16
soluble_oxalate_priority,8.858667904100823,TSs68,0.0592983553325257
soluble_oxalate_priority,8.858667904100823,TSs7,0.039493663026990644
soluble_oxalate_priority,8.858667904100823,TSs78,5.929510256161731e-17
soluble_oxalate_priority,8.858667904100823,TSs82,0.03273544132391152
soluble_oxalate_priority,8.858667904100823,TSs9,3.879714809262767e-17
soluble_oxalate_priority,8.858667904100823,TSs95,1.4652830275812495e-16
soluble_oxalate_priority,8.858667904100823,TSs96,0.021620694290956807
soluble_oxalate_priority,8.858667904100823,TSs98,1.4540306716134253e-16
soluble_oxalate_priority,14.38449888287663,TSs10,0.029839845394753022
soluble_oxalate_priority,14.38449888287663,TSs104,6.195414874201424e-17
soluble_oxalate_priority,14.38449888287663,TSs10A,0.018363257317327783
soluble_oxalate_priority,14.38449888287663,TSs11,1.0944397532330718e-16
soluble_oxalate_priority,14.38449888287663,TSs111,1.3095226376377344e-16
soluble_oxalate_priority,14.38449888287663,TSs116,0.007151022789419831
soluble_oxalate_priority,14.38449888287663,TSs119A,0.05851340087744099
soluble_oxalate_priority,14.38449888287663,TSs120,0.005673050784654766
soluble_oxalate_priority,14.38449888287663,TSs131,0.013159726008750783
soluble_oxalate_priority,14.38449888287663,TSs132,1.0166271787844484e-16
soluble_oxalate_priority,14.38449888287663,TSs133,1.536527337532551e-16
soluble_oxalate_priority,14.38449888287663,TSs136,2.2991807099006665e-17
soluble_oxalate_priority,14.38449888287663,TSs138B,0.005833055688840285
soluble_oxalate_priority,14.38449888287663,TSs15,8.745809174605763e-17
soluble_oxalate_priority,14.38449888287663,TSs151B,6.753456448025973e-16
soluble_oxalate_priority,14.38449888287663,TSs155,2.0778102697568804e-16
soluble_oxalate_priority,14.38449888287663,TSs156A,3.67373450210572e-16
soluble_oxalate_priority,14.38449888287663,TSs157A,0.047572672124829206
soluble_oxalate_priority,14.38449888287663,TSs158,0.0014853203898060549
soluble_oxalate_priority,14.38449888287663,TSs161,1.801517189021054e-17
soluble_oxalate_priority,14.38449888287663,TSs166,1.0942367553576038e-16
soluble_oxalate_priority,14.38449888287663,TSs168,2.7552178419528385e-17
soluble_oxalate_priority,14.38449888287663,TSs195,5.181160236691283e-17
soluble_oxalate_priority,14.38449888287663,TSs1A,3.7176032538637964e-17
soluble_oxalate_priority,14.38449888287663,TSs2,1.3152988658099328e-16
soluble_oxalate_priority,14.38449888287663,TSs201,0.013024751655060415
soluble_oxalate_priority,14.38449888287663,TSs209,0.008377382246943291
soluble_oxalate_priority,14.38449888287663,TSs217,1.4778284621625242e-16
soluble_oxalate_priority,14.38449888287663,TSs224,6.06581017351076e-17
soluble_oxalate_priority,14.38449888287663,TSs22A,0.04537740281120202
soluble_oxalate_priority,14.38449888287663,TSs22B,0.000970302881168379
soluble_oxalate_priority,14.38449888287663,TSs23,5.083885284641023e-17
soluble_oxalate_priority,14.38449888287663,TSs24,2.1807877653642061e-16
soluble_oxalate_priority,14.38449888287663,TSs266,1.5519261516877236e-16
soluble_oxalate_priority,14.38449888287663,TSs269,6.079146682635885e-17
soluble_oxalate_priority,14.38449888287663,TSs27,1.050126836746936e-17
soluble_oxalate_priority,14.38449888287663,TSs274,0.029032536711902604
soluble_oxalate_priority,14.38449888287663,TSs277,4.304070389654945e-17
soluble_oxalate_priority,14.38449888287663,TSs282,0.04134080190789674
soluble_oxalate_priority,14.38449888287663,TSs287,0.0020354560603554517
soluble_oxalate_priority,14.38449888287663,TSs291,0.010014679580452593
soluble_oxalate_priority,14.38449888287663,TSs293,5.6007453995958e-17
soluble_oxalate_priority,14.38449888287663,TSs294,2.4602227621775097e-17
soluble_oxalate_priority,14.38449888287663,TSs296,0.005053594378850599
soluble_oxalate_priority,14.38449888287663,TSs297,1.6189906015698283e-17
soluble_oxalate_priority,14.38449888287663,TSs3,5.87750343027373e-17
soluble_oxalate_priority,14.38449888287663,TSs30,2.994715681047438e-17
soluble_oxalate_priority,14.38449888287663,TSs303,1.845035615637749e-16
soluble_oxalate_priority,14.38449888287663,TSs311,2.2965476719078648e-17
soluble_oxalate_priority,14.38449888287663,TSs314A,0.01491370427253302
soluble_oxalate_priority,14.38449888287663,TSs314B,1.325024510927989e-17
soluble_oxalate_priority,14.38449888287663,TSs317,0.018878995563714373
soluble_oxalate_priority,14.38449888287663,TSs325,0.051163464583291955
soluble_oxalate_priority,14.38449888287663,TSs33,0.00993415496980282
soluble_oxalate_priority,14.38449888287663,TSs331,0.015867814200209104
soluble_oxalate_priority,14.38449888287663,TSs333,0.028590474717110778
soluble_oxalate_priority,14.38449888287663,TSs334,0.036345508299023506
soluble_oxalate_priority,14.38449888287663,TSs336,5.618162830492667e-17
soluble_oxalate_priority,14.38449888287663,TSs338,9.472258506885971e-17
soluble_oxalate_priority,14.38449888287663,TSs357,0.03294166194653489
soluble_oxalate_priority,14.38449888287663,TSs358,0.02356776874277989
soluble_oxalate_priority,14.38449888287663,TSs361,0.01037925565167166
soluble_oxalate_priority,14.38449888287663,TSs363,1.6304283545665954e-17
soluble_oxalate_priority,14.38449888287663,TSs365,0.02406313721633112
soluble_oxalate_priority,14.38449888287663,TSs368,0.023073669336058904
soluble_oxalate_priority,14.38449888287663,TSs371,7.222091682012382e-17
soluble_oxalate_priority,14.38449888287663,TSs378,7.13352711056225e-17
soluble_oxalate_priority,14.38449888287663,TSs38,0.03510231213113592
soluble_oxalate_priority,14.38449888287663,TSs383,7.997466831696305e-17
soluble_oxalate_priority,14.38449888287663,TSs3A,8.669349746085316e-17
soluble_oxalate_priority,14.38449888287663,TSs4,0.014662142245453404
soluble_oxalate_priority,14.38449888287663,TSs417,0.0156360921361245
soluble_oxalate_priority,14.38449888287663,TSs44C,3.0329669403969834e-17
soluble_oxalate_priority,14.38449888287663,TSs48,0.00759889777978619
soluble_oxalate_priority,14.38449888287663,TSs49,0.04076519237808904
soluble_oxalate_priority,14.38449888287663,TSs49A,0.013422454740069908
soluble_oxalate_priority,14.38449888287663,TSs51,0.012650831318015782
soluble_oxalate_priority,14.38449888287663,TSs53,0.01059573694606124
soluble_oxalate_priority,14.38449888287663,TSs56,6.0047126534063245e-18
soluble_oxalate_priority,14.38449888287663,TSs56A,0.027414149029784726
soluble_oxalate_priority,14.38449888287663,TSs58,0.02312144064947345
soluble_oxalate_priority,14.38449888287663,TSs59B,0.022253249600562235
soluble_oxalate_priority,14.38449888287663,TSs5A,0.00892726724220576
soluble_oxalate_priority,14.38449888287663,TSs60,2.9195255918348027e-16
soluble_oxalate_priority,14.38449888287663,TSs60B,9.399398147152246e-17
soluble_oxalate_priority,14.38449888287663,TSs61,2.4211863449929505e-17
soluble_oxalate_priority,14.38449888287663,TSs63A,0.004031672515271369
soluble_oxalate_priority,14.38449888287663,TSs68,0.04249382736241969
soluble_oxalate_priority,14.38449888287663,TSs7,0.03688153908563601
soluble_oxalate_priority,14.38449888287663,TSs78,5.560520790689492e-05
soluble_oxalate_priority,14.38449888287663,TSs82,0.03158951302068129
soluble_oxalate_priority,14.38449888287663,TSs9,9.12517072622838e-17
soluble_oxalate_priority,14.38449888287663,TSs95,9.534833898930839e-17
soluble_oxalate_priority,14.38449888287663,TSs96,0.020260207502601157
soluble_oxalate_priority,14.38449888287663,TSs98,5.4022225460603865e-17
soluble_oxalate_priority,23.357214690901213,TSs10,0.024636332002654946
soluble_oxalate_priority,23.357214690901213,TSs104,7.178502070311515e-17
soluble_oxalate_priority,23.357214690901213,TSs10A,0.016711727671545183
soluble_oxalate_priority,23.357214690901213,TSs11,0.0
soluble_oxalate_priority,23.357214690901213,TSs111,0.0
soluble_oxalate_priority,23.357214690901213,TSs116,0.009488946610218003
soluble_oxalate_priority,23.357214690901213,TSs119A,0.043745664258278256
soluble_oxalate_priority,23.357214690901213,TSs120,0.010433833468112596
soluble_oxalate_priority,23.357214690901213,TSs131,0.016153139261587113
soluble_oxalate_priority,23.357214690901213,TSs132,0.0
soluble_oxalate_priority,23.357214690901213,TSs133,0.003793762771170381
soluble_oxalate_priority,23.357214690901213,TSs136,1.247446942997136e-17
soluble_oxalate_priority,23.357214690901213,TSs138B,0.011834005177060377
soluble_oxalate_priority,23.357214690901213,TSs15,0.0014097664766905677
soluble_oxalate_priority,23.357214690901213,TSs151B,0.0
soluble_oxalate_priority,23.357214690901213,TSs155,0.0
soluble_oxalate_priority,23.357214690901213,TSs156A,0.0
soluble_oxalate_priority,23.357214690901213,TSs157A,0.034799538978978
soluble_oxalate_priority,23.357214690901213,TSs158,0.008848812826636212
soluble_oxalate_priority,23.357214690901213,TSs161,0.0
soluble_oxalate_priority,23.357214690901213,TSs166,0.0
soluble_oxalate_priority,23.357214690901213,TSs168,0.0
soluble_oxalate_priority,23.357214690901213,TSs195,1.7981745155322667e-16
soluble_oxalate_priority,23.357214690901213,TSs1A,0.0
soluble_oxalate_priority,23.357214690901213,TSs2,0.0
soluble_oxalate_priority,23.357214690901213,TSs201,0.016709484636696494
soluble_oxalate_priority,23.357214690901213,TSs209,0.009664876650536166
soluble_oxalate_priority,23.357214690901213,TSs217,7.267295719846741e-18
soluble_oxalate_priority,23.357214690901213,TSs224,9.367378356313606e-17
soluble_oxalate_priority,23.357214690901213,TSs22A,0.03611572292543437
soluble_oxalate_priority,23.357214690901213,TSs22B,0.006622700607290165
soluble_oxalate_priority,23.357214690901213,TSs23,1.0491074782154228e-16
soluble_oxalate_priority,23.357214690901213,TSs24,0.0
soluble_oxalate_priority,23.357214690901213,TSs266,0.000980103526369727
soluble_oxalate_priority,23.357214690901213,TSs269,3.8973057929243944e-17
soluble_oxalate_priority,23.357214690901213,TSs27,8.120039516594941e-17
soluble_oxalate_priority,23.357214690901213,TSs274,0.026513097736165295
soluble_oxalate_priority,23.357214690901213,TSs277,5.783548413535747e-17
soluble_oxalate_priority,23.357214690901213,TSs282,0.03252492829507902
soluble_oxalate_priority,23.357214690901213,TSs287,0.006750791331974035
soluble_oxalate_priority,23.357214690901213,TSs291,0.010553887372502376
soluble_oxalate_priority,23.357214690901213,TSs293,0.0024007519217024136
soluble_oxalate_priority,23.357214690901213,TSs294,0.001689047427837915
soluble_oxalate_priority,23.357214690901213,TSs296,0.009905999063602103
soluble_oxalate_priority,23.357214690901213,TSs297,0.0008084375923727992
soluble_oxalate_priority,23.357214690901213,TSs3,0.0
soluble_oxalate_priority,23.357214690901213,TSs30,2.2453961406935605e-17
soluble_oxalate_priority,23.357214690901213,TSs303,0.0
soluble_oxalate_priority,23.357214690901213,TSs311,0.009419885626898003
soluble_oxalate_priority,23.357214690901213,TSs314A,0.01996841022792951
soluble_oxalate_priority,23.357214690901213,TSs314B,0.0
soluble_oxalate_priority,23.357214690901213,TSs317,0.020725671407075597
soluble_oxalate_priority,23.357214690901213,TSs325,0.038077671500495146
soluble_oxalate_priority,23.357214690901213,TSs33,0.013560597932091216
soluble_oxalate_priority,23.357214690901213,TSs331,0.015731057589173137
soluble_oxalate_priority,23.357214690901213,TSs333,0.023491495815721464
soluble_oxalate_priority,23.357214690901213,TSs334,0.02799681840166752
soluble_oxalate_priority,23.357214690901213,TSs336,0.0
soluble_oxalate_priority,23.357214690901213,TSs338,0.0024452106506145524
soluble_oxalate_priority,23.357214690901213,TSs357,0.02980685321427026
soluble_oxalate_priority,23.357214690901213,TSs358,0.029379339056355123
soluble_oxalate_priority,23.357214690901213,TSs361,0.007476450859065147
soluble_oxalate_priority,23.357214690901213,TSs363,0.0006675204335081382
soluble_oxalate_priority,23.357214690901213,TSs365,0.021698667871867614
soluble_oxalate_priority,23.357214690901213,TSs368,0.023188926737188434
soluble_oxalate_priority,23.357214690901213,TSs371,0.005362879561776346
soluble_oxalate_priority,23.357214690901213,TSs378,0.0
soluble_oxalate_priority,23.357214690901213,TSs38,0.0279685725070931
soluble_oxalate_priority,23.357214690901213,TSs383,0.0036473314103991953
soluble_oxalate_priority,23.357214690901213,TSs3A,0.0
soluble_oxalate_priority,23.357214690901213,TSs4,0.01777033225638616
soluble_oxalate_priority,23.357214690901213,TSs417,0.016755031888557825
soluble_oxalate_priority,23.357214690901213,TSs44C,6.63339782299981e-17
soluble_oxalate_priority,23.357214690901213,TSs48,0.011456759114789364
soluble_oxalate_priority,23.357214690901213,TSs49,0.03252386075499935
soluble_oxalate_priority,23.357214690901213,TSs49A,0.016936125005670842
soluble_oxalate_priority,23.357214690901213,TSs51,0.015443418142583777
soluble_oxalate_priority,23.357214690901213,TSs53,0.01479679602237529
soluble_oxalate_priority,23.357214690901213,TSs56,1.474833863170569e-17
soluble_oxalate_priority,23.357214690901213,TSs56A,0.020955437333280685
soluble_oxalate_priority,23.357214690901213,TSs58,0.021433227499022715
soluble_oxalate_priority,23.357214690901213,TSs59B,0.02016402380428828
soluble_oxalate_priority,23.357214690901213,TSs5A,0.012652326409239866
soluble_oxalate_priority,23.357214690901213,TSs60,0.0
soluble_oxalate_priority,23.357214690901213,TSs60B,0.004984054407172087
soluble_oxalate_priority,23.357214690901213,TSs61,0.0008622124764881706
soluble_oxalate_priority,23.357214690901213,TSs63A,0.00818241318162778
soluble_oxalate_priority,23.357214690901213,TSs68,0.03136622062463558
soluble_oxalate_priority,23.357214690901213,TSs7,0.030581811323904383
soluble_oxalate_priority,23.357214690901213,TSs78,0.004153133618577892
soluble_oxalate_priority,23.357214690901213,TSs82,0.02614084972532852
soluble_oxalate_priority,23.357214690901213,TSs9,0.0028760474636134997
soluble_oxalate_priority,23.357214690901213,TSs95,0.005912608926176622
soluble_oxalate_priority,23.357214690901213,TSs96,0.01744207276426493
soluble_oxalate_priority,23.357214690901213,TSs98,0.0029025178633317428
soluble_oxalate_priority,37.92690190732246,TSs10,0.019034591818422836
soluble_oxalate_priority,37.92690190732246,TSs104,1.983744234283924e-17
soluble_oxalate_priority,37.92690190732246,TSs10A,0.0145252934976772
soluble_oxalate_priority,37.92690190732246,TSs11,0.000976805040347414
soluble_oxalate_priority,37.92690190732246,TSs111,2.323389020010133e-16
soluble_oxalate_priority,37.92690190732246,TSs116,0.010481993478205791
soluble_oxalate_priority,37.92690190732246,TSs119A,0.03224541984930189
soluble_oxalate_priority,37.92690190732246,TSs120,0.01201377487113315
soluble_oxalate_priority,37.92690190732246,TSs131,0.016653651489831348
soluble_oxalate_priority,37.92690190732246,TSs132,0.002978668807496171
soluble_oxalate_priority,37.92690190732246,TSs133,0.007189323912606872
soluble_oxalate_priority,37.92690190732246,TSs136,0.004283310294480623
soluble_oxalate_priority,37.92690190732246,TSs138B,0.01249766597274398
soluble_oxalate_priority,37.92690190732246,TSs15,0.004542123309209406
soluble_oxalate_priority,37.92690190732246,TSs151B,1.5075769089872792e-15
soluble_oxalate_priority,37.92690190732246,TSs155,1.8510040591917759e-16
soluble_oxalate_priority,37.92690190732246,TSs156A,1.7773347279693064e-16
soluble_oxalate_priority,37.92690190732246,TSs157A,0.024844939803729576
soluble_oxalate_priority,37.92690190732246,TSs158,0.010929581635798121
soluble_oxalate_priority,37.92690190732246,TSs161,4.1690265991994074e-17
soluble_oxalate_priority,37.92690190732246,TSs166,0.003055059174204726
soluble_oxalate_priority,37.92690190732246,TSs168,1.1713056815204983e-17
soluble_oxalate_priority,37.92690190732246,TSs195,0.0033721090803453314
soluble_oxalate_priority,37.92690190732246,TSs1A,2.0904025968856414e-17
soluble_oxalate_priority,37.92690190732246,TSs2,1.077332958717227e-16
soluble_oxalate_priority,37.92690190732246,TSs201,0.018015628309889686
soluble_oxalate_priority,37.92690190732246,TSs209,0.008802284171060054
soluble_oxalate_priority,37.92690190732246,TSs217,0.00315626776899651
soluble_oxalate_priority,37.92690190732246,TSs224,0.0024629794554928905
soluble_oxalate_priority,37.92690190732246,TSs22A,0.02858638650224565
soluble_oxalate_priority,37.92690190732246,TSs22B,0.010625452002521128
soluble_oxalate_priority,37.92690190732246,TSs23,0.0032402660712609246
soluble_oxalate_priority,37.92690190732246,TSs24,1.7619427962544034e-16
soluble_oxalate_priority,37.92690190732246,TSs266,0.0062494822768285755
soluble_oxalate_priority,37.92690190732246,TSs269,0.004192878301845648
soluble_oxalate_priority,37.92690190732246,TSs27,0.0033257248938559397
soluble_oxalate_priority,37.92690190732246,TSs274,0.021435833398201765
soluble_oxalate_priority,37.92690190732246,TSs277,0.0021663791349283293
soluble_oxalate_priority,37.92690190732246,TSs282,0.024562234611323206
soluble_oxalate_priority,37.92690190732246,TSs287,0.00938608677120243
soluble_oxalate_priority,37.92690190732246,TSs291,0.00987635608757195
soluble_oxalate_priority,37.92690190732246,TSs293,0.006296836564162348
soluble_oxalate_priority,37.92690190732246,TSs294,0.005294909168805477
soluble_oxalate_priority,37.92690190732246,TSs296,0.012931635665811615
soluble_oxalate_priority,37.92690190732246,TSs297,0.004157791529954438
soluble_oxalate_priority,37.92690190732246,TSs3,3.8259275113669106e-17
soluble_oxalate_priority,37.92690190732246,TSs30,0.0022339249756674843
soluble_oxalate_priority,37.92690190732246,TSs303,3.69722151154804e-17
soluble_oxalate_priority,37.92690190732246,TSs311,0.014779211599652906
soluble_oxalate_priority,37.92690190732246,TSs314A,0.020958298433765055
soluble_oxalate_priority,37.92690190732246,TSs314B,4.739837549484221e-07
soluble_oxalate_priority,37.92690190732246,TSs317,0.018135427310916885
soluble_oxalate_priority,37.92690190732246,TSs325,0.029122877782764955
soluble_oxalate_priority,37.92690190732246,TSs33,0.014889081507263313
soluble_oxalate_priority,37.92690190732246,TSs331,0.01568322439903693
soluble_oxalate_priority,37.92690190732246,TSs333,0.018426744918265868
soluble_oxalate_priority,37.92690190732246,TSs334,0.021451677205836236
soluble_oxalate_priority,37.92690190732246,TSs336,0.0020738339619735652
soluble_oxalate_priority,37.92690190732246,TSs338,0.004306940902476254
soluble_oxalate_priority,37.92690190732246,TSs357,0.024834607636856357
soluble_oxalate_priority,37.92690190732246,TSs358,0.0292977675518515
soluble_oxalate_priority,37.92690190732246,TSs361,0.006436134703320119
soluble_oxalate_priority,37.92690190732246,TSs363,0.008135294066985616
soluble_oxalate_priority,37.92690190732246,TSs365,0.018618431575831183
soluble_oxalate_priority,37.92690190732246,TSs368,0.021652648076481564
soluble_oxalate_priority,37.92690190732246,TSs371,0.007609603322666813
soluble_oxalate_priority,37.92690190732246,TSs378,1.3147998026271445e-17
soluble_oxalate_priority,37.92690190732246,TSs38,0.022369073694267185
soluble_oxalate_priority,37.92690190732246,TSs383,0.004524788230035116
soluble_oxalate_priority,37.92690190732246,TSs3A,8.075642178102216e-18
soluble_oxalate_priority,37.92690190732246,TSs4,0.016943590337273034
soluble_oxalate_priority,37.92690190732246,TSs417,0.01654746127069061
soluble_oxalate_priority,37.92690190732246,TSs44C,0.005494753883033322
soluble_oxalate_priority,37.92690190732246,TSs48,0.01392975972569598
soluble_oxalate_priority,37.92690190732246,TSs49,0.024756784131539023
soluble_oxalate_priority,37.92690190732246,TSs49A,0.015862674254692233
soluble_oxalate_priority,37.92690190732246,TSs51,0.016221876247792606
soluble_oxalate_priority,37.92690190732246,TSs53,0.016288998301020437
soluble_oxalate_priority,37.92690190732246,TSs56,0.0038970259274239863
soluble_oxalate_priority,37.92690190732246,TSs56A,0.01704253130450305
soluble_oxalate_priority,37.92690190732246,TSs58,0.01839267960575905
soluble_oxalate_priority,37.92690190732246,TSs59B,0.017200502889813705
soluble_oxalate_priority,37.92690190732246,TSs5A,0.011871196250141977
soluble_oxalate_priority,37.92690190732246,TSs60,2.076296649692653e-16
soluble_oxalate_priority,37.92690190732246,TSs60B,0.007981148793954793
soluble_oxalate_priority,37.92690190732246,TSs61,0.0067509858292773076
soluble_oxalate_priority,37.92690190732246,TSs63A,0.009059394005557145
soluble_oxalate_priority,37.92690190732246,TSs68,0.02383402228404387
soluble_oxalate_priority,37.92690190732246,TSs7,0.024451938389137683
soluble_oxalate_priority,37.92690190732246,TSs78,0.006843523332488135
soluble_oxalate_priority,37.92690190732246,TSs82,0.020540239329173045
soluble_oxalate_priority,37.92690190732246,TSs9,0.006210074052221866
soluble_oxalate_priority,37.92690190732246,TSs95,0.008552379057808753
soluble_oxalate_priority,37.92690190732246,TSs96,0.01521558409694887
soluble_oxalate_priority,37.92690190732246,TSs98,0.006181086138843786
soluble_oxalate_priority,61.584821106602604,TSs10,0.015917128867598405
soluble_oxalate_priority,61.584821106602604,TSs104,0.003839499627677042
soluble_oxalate_priority,61.584821106602604,TSs10A,0.01301283631958466
soluble_oxalate_priority,61.584821106602604,TSs11,0.005084962803447334
soluble_oxalate_priority,61.584821106602604,TSs111,1.277337670902097e-17
soluble_oxalate_priority,61.584821106602604,TSs116,0.010846577690127632
soluble_oxalate_priority,61.584821106602604,TSs119A,0.023778685923486125
soluble_oxalate_priority,61.584821106602604,TSs120,0.012138008093302661
soluble_oxalate_priority,61.584821106602604,TSs131,0.015183174468545493
soluble_oxalate_priority,61.584821106602604,TSs132,0.005867962380157047
soluble_oxalate_priority,61.584821106602604,TSs133,0.009829066145133028
soluble_oxalate_priority,61.584821106602604,TSs136,0.00867459254090329
soluble_oxalate_priority,61.584821106602604,TSs138B,0.012688494683741594
soluble_oxalate_priority,61.584821106602604,TSs15,0.006742167052074521
soluble_oxalate_priority,61.584821106602604,TSs151B,5.145695830132858e-16
soluble_oxalate_priority,61.584821106602604,TSs155,1.6140943659054528e-05
soluble_oxalate_priority,61.584821106602604,TSs156A,9.04822717535408e-08
soluble_oxalate_priority,61.584821106602604,TSs157A,0.018133693554572936
soluble_oxalate_priority,61.584821106602604,TSs158,0.011393651051925595
soluble_oxalate_priority,61.584821106602604,TSs161,0.002104428509037382
soluble_oxalate_priority,61.584821106602604,TSs166,0.005908759340878728
soluble_oxalate_priority,61.584821106602604,TSs168,0.003501195366120671
soluble_oxalate_priority,61.584821106602604,TSs195,0.005664987108816778
soluble_oxalate_priority,61.584821106602604,TSs1A,0.0034017887276626734
soluble_oxalate_priority,61.584821106602604,TSs2,5.036798286617366e-18
soluble_oxalate_priority,61.584821106602604,TSs201,0.016251667084118227
soluble_oxalate_priority,61.584821106602604,TSs209,0.008453814759575141
soluble_oxalate_priority,61.584821106602604,TSs217,0.00588769432494153
soluble_oxalate_priority,61.584821106602604,TSs224,0.004964485600524128
soluble_oxalate_priority,61.584821106602604,TSs22A,0.022371110692226387
soluble_oxalate_priority,61.584821106602604,TSs22B,0.011805988083969723
soluble_oxalate_priority,61.584821106602604,TSs23,0.00671856819272557
soluble_oxalate_priority,61.584821106602604,TSs24,1.890803891755878e-07
soluble_oxalate_priority,61.584821106602604,TSs266,0.007592652935158387
soluble_oxalate_priority,61.584821106602604,TSs269,0.00724958349071296
soluble_oxalate_priority,61.584821106602604,TSs27,0.006156359847429074
soluble_oxalate_priority,61.584821106602604,TSs274,0.017210422073646838
soluble_oxalate_priority,61.584821106602604,TSs277,0.005952983066570253
soluble_oxalate_priority,61.584821106602604,TSs282,0.020134273309353124
soluble_oxalate_priority,61.584821106602604,TSs287,0.010287073090139254
soluble_oxalate_priority,61.584821106602604,TSs291,0.010070900133764403
soluble_oxalate_priority,61.584821106602604,TSs293,0.008252151634984316
soluble_oxalate_priority,61.584821106602604,TSs294,0.007136467195432326
soluble_oxalate_priority,61.584821106602604,TSs296,0.012496881125991826
soluble_oxalate_priority,61.584821106602604,TSs297,0.006798076896859701
soluble_oxalate_priority,61.584821106602604,TSs3,0.0010609817068462154
soluble_oxalate_priority,61.584821106602604,TSs30,0.004798269029373419
soluble_oxalate_priority,61.584821106602604,TSs303,0.0038356678828888754
soluble_oxalate_priority,61.584821106602604,TSs311,0.014980926465314246
soluble_oxalate_priority,61.584821106602604,TSs314A,0.018417104597286953
soluble_oxalate_priority,61.584821106602604,TSs314B,0.003946499983574474
soluble_oxalate_priority,61.584821106602604,TSs317,0.015376251795943511
soluble_oxalate_priority,61.584821106602604,TSs325,0.02220537749701879
soluble_oxalate_priority,61.584821106602604,TSs33,0.014672547440901235
soluble_oxalate_priority,61.584821106602604,TSs331,0.01493194615334681
soluble_oxalate_priority,61.584821106602604,TSs333,0.015028842584429901
soluble_oxalate_priority,61.584821106602604,TSs334,0.017778590031896774
soluble_oxalate_priority,61.584821106602604,TSs336,0.005820009115569689
soluble_oxalate_priority,61.584821106602604,TSs338,0.005809009151440844
soluble_oxalate_priority,61.584821106602604,TSs357,0.020483649178403934
soluble_oxalate_priority,61.584821106602604,TSs358,0.026099141993389006
soluble_oxalate_priority,61.584821106602604,TSs361,0.00947652828428358
soluble_oxalate_priority,61.584821106602604,TSs363,0.011987914059575408
soluble_oxalate_priority,61.584821106602604,TSs365,0.015998212068610955
soluble_oxalate_priority,61.584821106602604,TSs368,0.01827347569822421
soluble_oxalate_priority,61.584821106602604,TSs371,0.008942207053825013
soluble_oxalate_priority,61.584821106602604,TSs378,0.0036467734983575252
soluble_oxalate_priority,61.584821106602604,TSs38,0.01810997624036613
soluble_oxalate_priority,61.584821106602604,TSs383,0.0057873728785808294
soluble_oxalate_priority,61.584821106602604,TSs3A,0.0047888953774379095
soluble_oxalate_priority,61.584821106602604,TSs4,0.015575466513644356
soluble_oxalate_priority,61.584821106602604,TSs417,0.01501061832990203
soluble_oxalate_priority,61.584821106602604,TSs44C,0.007948659298998167
soluble_oxalate_priority,61.584821106602604,TSs48,0.013229365885702555
soluble_oxalate_priority,61.584821106602604,TSs49,0.0189040676468807
soluble_oxalate_priority,61.584821106602604,TSs49A,0.014183974643822097
soluble_oxalate_priority,61.584821106602604,TSs51,0.014380841582281213
soluble_oxalate_priority,61.584821106602604,TSs53,0.015765732514978745
soluble_oxalate_priority,61.584821106602604,TSs56,0.0075339441411708995
soluble_oxalate_priority,61.584821106602604,TSs56A,0.014316483686097762
soluble_oxalate_priority,61.584821106602604,TSs58,0.015277755921156945
soluble_oxalate_priority,61.584821106602604,TSs59B,0.014615275131409745
soluble_oxalate_priority,61.584821106602604,TSs5A,0.011154310436987086
soluble_oxalate_priority,61.584821106602604,TSs60,1.0500186917088698e-16
soluble_oxalate_priority,61.584821106602604,TSs60B,0.00898207677034642
soluble_oxalate_priority,61.584821106602604,TSs61,0.008930993286516876
soluble_oxalate_priority,61.584821106602604,TSs63A,0.009292313087312432
soluble_oxalate_priority,61.584821106602604,TSs68,0.019672089768249
soluble_oxalate_priority,61.584821106602604,TSs7,0.019370321816397532
soluble_oxalate_priority,61.584821106602604,TSs78,0.008480417344643902
soluble_oxalate_priority,61.584821106602604,TSs82,0.017657391252726033
soluble_oxalate_priority,61.584821106602604,TSs9,0.0076060652845560605
soluble_oxalate_priority,61.584821106602604,TSs95,0.00962987518443344
soluble_oxalate_priority,61.584821106602604,TSs96,0.012681621487840852
soluble_oxalate_priority,61.584821106602604,TSs98,0.008024934917821561
soluble_oxalate_priority,100.0,TSs10,0.013932253460513501
soluble_oxalate_priority,100.0,TSs104,0.0064306596475762175
soluble_oxalate_priority,100.0,TSs10A,0.012104337196137634
soluble_oxalate_priority,100.0,TSs11,0.007214153229890224
soluble_oxalate_priority,100.0,TSs111,0.001054133862883727
soluble_oxalate_priority,100.0,TSs116,0.010804029897519172
soluble_oxalate_priority,100.0,TSs119A,0.01858878354096751
soluble_oxalate_priority,100.0,TSs120,0.011673315521268574
soluble_oxalate_priority,100.0,TSs131,0.01342029590809895
soluble_oxalate_priority,100.0,TSs132,0.00757555464629491
soluble_oxalate_priority,100.0,TSs133,0.010186059169505417
soluble_oxalate_priority,100.0,TSs136,0.009723344211967447
soluble_oxalate_priority,100.0,TSs138B,0.012083960245810422
soluble_oxalate_priority,100.0,TSs15,0.00819661053239799
soluble_oxalate_priority,100.0,TSs151B,7.673171784188459e-16
soluble_oxalate_priority,100.0,TSs155,0.00428068043822624
soluble_oxalate_priority,100.0,TSs156A,0.0035327670483613024
soluble_oxalate_priority,100.0,TSs157A,0.015065333062551277
soluble_oxalate_priority,100.0,TSs158,0.01113759239063005
soluble_oxalate_priority,100.0,TSs161,0.005264941380436002
soluble_oxalate_priority,100.0,TSs166,0.007921260359689044
soluble_oxalate_priority,100.0,TSs168,0.00606038595911102
soluble_oxalate_priority,100.0,TSs195,0.007670998477969117
soluble_oxalate_priority,100.0,TSs1A,0.0066550926663979494
soluble_oxalate_priority,100.0,TSs2,0.002912588501526785
soluble_oxalate_priority,100.0,TSs201,0.014734902959046399
soluble_oxalate_priority,100.0,TSs209,0.009067880835768337
soluble_oxalate_priority,100.0,TSs217,0.0075418951449360725
soluble_oxalate_priority,100.0,TSs224,0.0066061372086908265
soluble_oxalate_priority,100.0,TSs22A,0.0178951048678473
soluble_oxalate_priority,100.0,TSs22B,0.011545984645852485
soluble_oxalate_priority,100.0,TSs23,0.008179963215327251
soluble_oxalate_priority,100.0,TSs24,0.0037824004883632665
soluble_oxalate_priority,100.0,TSs266,0.00846322773838184
soluble_oxalate_priority,100.0,TSs269,0.008659707390783642
soluble_oxalate_priority,100.0,TSs27,0.0077910485501684
soluble_oxalate_priority,100.0,TSs274,0.014559579643404406
soluble_oxalate_priority,100.0,TSs277,0.008006510913099427
soluble_oxalate_priority,100.0,TSs282,0.0182761288830261
soluble_oxalate_priority,100.0,TSs287,0.010252517080604704
soluble_oxalate_priority,100.0,TSs291,0.010262795312798462
soluble_oxalate_priority,100.0,TSs293,0.008935252806260136
soluble_oxalate_priority,100.0,TSs294,0.008362245425889871
soluble_oxalate_priority,100.0,TSs296,0.011472733190851904
soluble_oxalate_priority,100.0,TSs297,0.008497621567025921
soluble_oxalate_priority,100.0,TSs3,0.004998171113622486
soluble_oxalate_priority,100.0,TSs30,0.006999056280102695
soluble_oxalate_priority,100.0,TSs303,0.007051361452488884
soluble_oxalate_priority,100.0,TSs311,0.013850828160024047
soluble_oxalate_priority,100.0,TSs314A,0.015618871651800433
soluble_oxalate_priority,100.0,TSs314B,0.006172613932661588
soluble_oxalate_priority,100.0,TSs317,0.013483043609755255
soluble_oxalate_priority,100.0,TSs325,0.01749021017834203
soluble_oxalate_priority,100.0,TSs33,0.013023597558818437
soluble_oxalate_priority,100.0,TSs331,0.013090155924152639
soluble_oxalate_priority,100.0,TSs333,0.013245564052055719
soluble_oxalate_priority,100.0,TSs334,0.015128140026234568
soluble_oxalate_priority,100.0,TSs336,0.007665531708962046
soluble_oxalate_priority,100.0,TSs338,0.007635867708477753
soluble_oxalate_priority,100.0,TSs357,0.016955130509521528
soluble_oxalate_priority,100.0,TSs358,0.02236078074285627
soluble_oxalate_priority,100.0,TSs361,0.012112304451987528
soluble_oxalate_priority,100.0,TSs363,0.012160511093943512
soluble_oxalate_priority,100.0,TSs365,0.014051016712052385
soluble_oxalate_priority,100.0,TSs368,0.015681862694502544
soluble_oxalate_priority,100.0,TSs371,0.009523998835036138
soluble_oxalate_priority,100.0,TSs378,0.006559110919506933
soluble_oxalate_priority,100.0,TSs38,0.015171660935488942
soluble_oxalate_priority,100.0,TSs383,0.007183611655577387
soluble_oxalate_priority,100.0,TSs3A,0.007424696453786394
soluble_oxalate_priority,100.0,TSs4,0.013980195577488717
soluble_oxalate_priority,100.0,TSs417,0.013473547192445484
soluble_oxalate_priority,100.0,TSs44C,0.00909406985377776
soluble_oxalate_priority,100.0,TSs48,0.012305155330465854
soluble_oxalate_priority,100.0,TSs49,0.01563865345485469
soluble_oxalate_priority,100.0,TSs49A,0.012731958974823022
soluble_oxalate_priority,100.0,TSs51,0.012872987377303836
soluble_oxalate_priority,100.0,TSs53,0.01392721818794343
soluble_oxalate_priority,100.0,TSs56,0.008804616918437414
soluble_oxalate_priority,100.0,TSs56A,0.012632537046327988
soluble_oxalate_priority,100.0,TSs58,0.013449583215164327
soluble_oxalate_priority,100.0,TSs59B,0.013117634997813616
soluble_oxalate_priority,100.0,TSs5A,0.010826166291794361
soluble_oxalate_priority,100.0,TSs60,1.203811000922698e-16
soluble_oxalate_priority,100.0,TSs60B,0.009680778453742598
soluble_oxalate_priority,100.0,TSs61,0.010115656817332052
soluble_oxalate_priority,100.0,TSs63A,0.009655834841231007
soluble_oxalate_priority,100.0,TSs68,0.01632821998728888
soluble_oxalate_priority,100.0,TSs7,0.016086070143290457
soluble_oxalate_priority,100.0,TSs78,0.00930956196665326
soluble_oxalate_priority,100.0,TSs82,0.01532484156809161
soluble_oxalate_priority,100.0,TSs9,0.00865774865159794
soluble_oxalate_priority,100.0,TSs95,0.010391748062674589
soluble_oxalate_priority,100.0,TSs96,0.011640854930649615
soluble_oxalate_priority,100.0,TSs98,0.008933892573191243
crude_protein_priority,0.01,TSs10,0.0
crude_protein_priority,0.01,TSs104,7.3517580911886e-15
crude_protein_priority,0.01,TSs10A,0.0
crude_protein_priority,0.01,TSs11,4.407932352456403e-15
crude_protein_priority,0.01,TSs111,1.1572340308239535e-14
crude_protein_priority,0.01,TSs116,1.309716224362292e-15
crude_protein_priority,0.01,TSs119A,0.0
crude_protein_priority,0.01,TSs120,0.0
crude_protein_priority,0.01,TSs131,0.0
crude_protein_priority,0.01,TSs132,0.0
crude_protein_priority,0.01,TSs133,9.957312752105372e-16
crude_protein_priority,0.01,TSs136,0.0
crude_protein_priority,0.01,TSs138B,8.0248307998675e-15
crude_protein_priority,0.01,TSs15,1.8908485888144348e-16
crude_protein_priority,0.01,TSs151B,1.3350431871115494e-14
crude_protein_priority,0.01,TSs155,1.2125717097076053e-14
crude_protein_priority,0.01,TSs156A,1.955900719163555e-14
crude_protein_priority,0.01,TSs157A,0.9999999999998478
crude_protein_priority,0.01,TSs158,0.0
crude_protein_priority,0.01,TSs161,0.0
crude_protein_priority,0.01,TSs166,1.8873791418624817e-15
crude_protein_priority,0.01,TSs168,1.802377691539631e-15
crude_protein_priority,0.01,TSs195,3.575265083987661e-15
crude_protein_priority,0.01,TSs1A,7.199102425302664e-16
crude_protein_priority,0.01,TSs2,0.0
crude_protein_priority,0.01,TSs201,2.0816681711718545e-15
crude_protein_priority,0.01,TSs209,0.0
crude_protein_priority,0.01,TSs217,5.880712583560489e-15
crude_protein_priority,0.01,TSs224,3.989863994746055e-16
crude_protein_priority,0.01,TSs22A,0.0
crude_protein_priority,0.01,TSs22B,0.0
crude_protein_priority,0.01,TSs23,2.5014712523581788e-15
crude_protein_priority,0.01,TSs24,6.350822645550133e-15
crude_protein_priority,0.01,TSs266,0.0
crude_protein_priority,0.01,TSs269,9.228728892195221e-16
crude_protein_priority,0.01,TSs27,0.0
crude_protein_priority,0.01,TSs274,1.084202172485341e-15
crude_protein_priority,0.01,TSs277,1.634109514369906e-15
crude_protein_priority,0.01,TSs282,0.0
crude_protein_priority,0.01,TSs287,0.0
crude_protein_priority,0.01,TSs291,2.4875934645503663e-15
crude_protein_priority,0.01,TSs293,0.0
crude_protein_priority,0.01,TSs294,3.575265083987661e-15
crude_protein_priority,0.01,TSs296,0.0
crude_protein_priority,0.01,TSs297,0.0
crude_protein_priority,0.01,TSs3,0.0
crude_protein_priority,0.01,TSs30,0.0
crude_protein_priority,0.01,TSs303,3.6897568334021125e-15
crude_protein_priority,0.01,TSs311,5.802650027141545e-15
crude_protein_priority,0.01,TSs314A,7.268491364341726e-16
crude_protein_priority,0.01,TSs314B,0.0
crude_protein_priority,0.01,TSs317,0.0
crude_protein_priority,0.01,TSs325,0.0
crude_protein_priority,0.01,TSs33,0.0
crude_protein_priority,0.01,TSs331,0.0
crude_protein_priority,0.01,TSs333,0.0
crude_protein_priority,0.01,TSs334,0.0
crude_protein_priority,0.01,TSs336,0.0
crude_protein_priority,0.01,TSs338,3.8684333514276966e-16
crude_protein_priority,0.01,TSs357,9.124645483636629e-16
crude_protein_priority,0.01,TSs358,3.4104663537698884e-15
crude_protein_priority,0.01,TSs361,2.687086664287669e-15
crude_protein_priority,0.01,TSs363,5.68468883077514e-15
crude_protein_priority,0.01,TSs365,1.0789980020574113e-15
crude_protein_priority,0.01,TSs368,0.0
crude_protein_priority,0.01,TSs371,6.591949208710873e-17
crude_protein_priority,0.01,TSs378,1.2732870313667845e-15
crude_protein_priority,0.01,TSs38,0.0
crude_protein_priority,0.01,TSs383,3.688022109926136e-15
crude_protein_priority,0.01,TSs3A,3.5735303605116837e-16
crude_protein_priority,0.01,TSs4,0.0
crude_protein_priority,0.01,TSs417,8.014422459011641e-16
crude_protein_priority,0.01,TSs44C,1.106753577673036e-15
crude_protein_priority,0.01,TSs48,0.0
crude_protein_priority,0.01,TSs49,0.0
crude_protein_priority,0.01,TSs49A,0.0
crude_protein_priority,0.01,TSs51,0.0
crude_protein_priority,0.01,TSs53,0.0
crude_protein_priority,0.01,TSs56,2.48065457064646e-16
crude_protein_priority,0.01,TSs56A,0.0
crude_protein_priority,0.01,TSs58,0.0
crude_protein_priority,0.01,TSs59B,0.0
crude_protein_priority,0.01,TSs5A,0.0
crude_protein_priority,0.01,TSs60,0.0
crude_protein_priority,0.01,TSs60B,0.0
crude_protein_priority,0.01,TSs61,4.518954654918901e-15
crude_protein_priority,0.01,TSs63A,0.0
crude_protein_priority,0.01,TSs68,0.0
crude_protein_priority,0.01,TSs7,0.0
crude_protein_priority,0.01,TSs78,1.9099305470501767e-15
crude_protein_priority,0.01,TSs82,0.0
crude_protein_priority,0.01,TSs9,0.0
crude_protein_priority,0.01,TSs95,0.0
crude_protein_priority,0.01,TSs96,0.0
crude_protein_priority,0.01,TSs98,0.0
crude_protein_priority,0.016237767391887217,TSs10,0.0
crude_protein_priority,0.016237767391887217,TSs104,7.3517580911886e-15
crude_protein_priority,0.016237767391887217,TSs10A,0.0
crude_protein_priority,0.016237767391887217,TSs11,4.407932352456403e-15
crude_protein_priority,0.016237767391887217,TSs111,1.1572340308239535e-14
crude_protein_priority,0.016237767391887217,TSs116,1.309716224362292e-15
crude_protein_priority,0.016237767391887217,TSs119A,0.0
crude_protein_priority,0.016237767391887217,TSs120,0.0
crude_protein_priority,0.016237767391887217,TSs131,0.0
crude_protein_priority,0.016237767391887217,TSs132,0.0
crude_protein_priority,0.016237767391887217,TSs133,9.957312752105372e-16
crude_protein_priority,0.016237767391887217,TSs136,0.0
crude_protein_priority,0.016237767391887217,TSs138B,8.0248307998675e-15
crude_protein_priority,0.016237767391887217,TSs15,1.8908485888144348e-16
crude_protein_priority,0.016237767391887217,TSs151B,1.3350431871115494e-14
crude_protein_priority,0.016237767391887217,TSs155,1.2125717097076053e-14
crude_protein_priority,0.016237767391887217,TSs156A,1.955900719163555e-14
crude_protein_priority,0.016237767391887217,TSs157A,0.9999999999998478
crude_protein_priority,0.016237767391887217,TSs158,0.0
crude_protein_priority,0.016237767391887217,TSs161,0.0
crude_protein_priority,0.016237767391887217,TSs166,1.8873791418624817e-15
crude_protein_priority,0.016237767391887217,TSs168,1.802377691539631e-15
crude_protein_priority,0.016237767391887217,TSs195,3.575265083987661e-15
crude_protein_priority,0.016237767391887217,TSs1A,7.199102425302664e-16
crude_protein_priority,0.016237767391887217,TSs2,0.0
crude_protein_priority,0.016237767391887217,TSs201,2.0816681711718545e-15
crude_protein_priority,0.016237767391887217,TSs209,0.0
crude_protein_priority,0.016237767391887217,TSs217,5.880712583560489e-15
crude_protein_priority,0.016237767391887217,TSs224,3.989863994746055e-16
crude_protein_priority,0.016237767391887217,TSs22A,0.0
crude_protein_priority,0.016237767391887217,TSs22B,0.0
crude_protein_priority,0.016237767391887217,TSs23,2.5014712523581788e-15
crude_protein_priority,0.016237767391887217,TSs24,6.350822645550133e-15
crude_protein_priority,0.016237767391887217,TSs266,0.0
crude_protein_priority,0.016237767391887217,TSs269,9.228728892195221e-16
crude_protein_priority,0.016237767391887217,TSs27,0.0
crude_protein_priority,0.016237767391887217,TSs274,1.084202172485341e-15
crude_protein_priority,0.016237767391887217,TSs277,1.634109514369906e-15
crude_protein_priority,0.016237767391887217,TSs282,0.0
crude_protein_priority,0.016237767391887217,TSs287,0.0
crude_protein_priority,0.016237767391887217,TSs291,2.4875934645503663e-15
crude_protein_priority,0.016237767391887217,TSs293,0.0
crude_protein_priority,0.016237767391887217,TSs294,3.575265083987661e-15
crude_protein_priority,0.016237767391887217,TSs296,0.0
crude_protein_priority,0.016237767391887217,TSs297,0.0
crude_protein_priority,0.016237767391887217,TSs3,0.0
crude_protein_priority,0.016237767391887217,TSs30,0.0
crude_protein_priority,0.016237767391887217,TSs303,3.6897568334021125e-15
crude_protein_priority,0.016237767391887217,TSs311,5.802650027141545e-15
crude_protein_priority,0.016237767391887217,TSs314A,7.268491364341726e-16
crude_protein_priority,0.016237767391887217,TSs314B,0.0
crude_protein_priority,0.016237767391887217,TSs317,0.0
crude_protein_priority,0.016237767391887217,TSs325,0.0
crude_protein_priority,0.016237767391887217,TSs33,0.0
crude_protein_priority,0.016237767391887217,TSs331,0.0
crude_protein_priority,0.016237767391887217,TSs333,0.0
crude_protein_priority,0.016237767391887217,TSs334,0.0
crude_protein_priority,0.016237767391887217,TSs336,0.0
crude_protein_priority,0.016237767391887217,TSs338,3.8684333514276966e-16
crude_protein_priority,0.016237767391887217,TSs357,9.124645483636629e-16
crude_protein_priority,0.016237767391887217,TSs358,3.4104663537698884e-15
crude_protein_priority,0.016237767391887217,TSs361,2.687086664287669e-15
crude_protein_priority,0.016237767391887217,TSs363,5.68468883077514e-15
crude_protein_priority,0.016237767391887217,TSs365,1.0789980020574113e-15
crude_protein_priority,0.016237767391887217,TSs368,0.0
crude_protein_priority,0.016237767391887217,TSs371,6.591949208710873e-17
crude_protein_priority,0.016237767391887217,TSs378,1.2732870313667845e-15
crude_protein_priority,0.016237767391887217,TSs38,0.0
crude_protein_priority,0.016237767391887217,TSs383,3.688022109926136e-15
crude_protein_priority,0.016237767391887217,TSs3A,3.5735303605116837e-16
crude_protein_priority,0.016237767391887217,TSs4,0.0
crude_protein_priority,0.016237767391887217,TSs417,8.014422459011641e-16
crude_protein_priority,0.016237767391887217,TSs44C,1.106753577673036e-15
crude_protein_priority,0.016237767391887217,TSs48,0.0
crude_protein_priority,0.016237767391887217,TSs49,0.0
crude_protein_priority,0.016237767391887217,TSs49A,0.0
crude_protein_priority,0.016237767391887217,TSs51,0.0
crude_protein_priority,0.016237767391887217,TSs53,0.0
crude_protein_priority,0.016237767391887217,TSs56,2.48065457064646e-16
crude_protein_priority,0.016237767391887217,TSs56A,0.0
crude_protein_priority,0.016237767391887217,TSs58,0.0
crude_protein_priority,0.016237767391887217,TSs59B,0.0
crude_protein_priority,0.016237767391887217,TSs5A,0.0
crude_protein_priority,0.016237767391887217,TSs60,0.0
crude_protein_priority,0.016237767391887217,TSs60B,0.0
crude_protein_priority,0.016237767391887217,TSs61,4.518954654918901e-15
crude_protein_priority,0.016237767391887217,TSs63A,0.0
crude_protein_priority,0.016237767391887217,TSs68,0.0
crude_protein_priority,0.016237767391887217,TSs7,0.0
crude_protein_priority,0.016237767391887217,TSs78,1.9099305470501767e-15
crude_protein_priority,0.016237767391887217,TSs82,0.0
crude_protein_priority,0.016237767391887217,TSs9,0.0
crude_protein_priority,0.016237767391887217,TSs95,0.0
crude_protein_priority,0.016237767391887217,TSs96,0.0
crude_protein_priority,0.016237767391887217,TSs98,0.0
crude_protein_priority,0.026366508987303583,TSs10,0.0
crude_protein_priority,0.026366508987303583,TSs104,7.3517580911886e-15
crude_protein_priority,0.026366508987303583,TSs10A,0.0
crude_protein_priority,0.026366508987303583,TSs11,4.407932352456403e-15
crude_protein_priority,0.026366508987303583,TSs111,1.1572340308239535e-14
crude_protein_priority,0.026366508987303583,TSs116,1.309716224362292e-15
crude_protein_priority,0.026366508987303583,TSs119A,0.0
crude_protein_priority,0.026366508987303583,TSs120,0.0
crude_protein_priority,0.026366508987303583,TSs131,0.0
crude_protein_priority,0.026366508987303583,TSs132,0.0
crude_protein_priority,0.026366508987303583,TSs133,9.957312752105372e-16
crude_protein_priority,0.026366508987303583,TSs136,0.0
crude_protein_priority,0.026366508987303583,TSs138B,8.0248307998675e-15
crude_protein_priority,0.026366508987303583,TSs15,1.8908485888144348e-16
crude_protein_priority,0.026366508987303583,TSs151B,1.3350431871115494e-14
crude_protein_priority,0.026366508987303583,TSs155,1.2125717097076053e-14
crude_protein_priority,0.026366508987303583,TSs156A,1.955900719163555e-14
crude_protein_priority,0.026366508987303583,TSs157A,0.9999999999998478
crude_protein_priority,0.026366508987303583,TSs158,0.0
crude_protein_priority,0.026366508987303583,TSs161,0.0
crude_protein_priority,0.026366508987303583,TSs166,1.8873791418624817e-15
crude_protein_priority,0.026366508987303583,TSs168,1.802377691539631e-15
crude_protein_priority,0.026366508987303583,TSs195,3.575265083987661e-15
crude_protein_priority,0.026366508987303583,TSs1A,7.199102425302664e-16
crude_protein_priority,0.026366508987303583,TSs2,0.0
crude_protein_priority,0.026366508987303583,TSs201,2.0816681711718545e-15
crude_protein_priority,0.026366508987303583,TSs209,0.0
crude_protein_priority,0.026366508987303583,TSs217,5.880712583560489e-15
crude_protein_priority,0.026366508987303583,TSs224,3.989863994746055e-16
crude_protein_priority,0.026366508987303583,TSs22A,0.0
crude_protein_priority,0.026366508987303583,TSs22B,0.0
crude_protein_priority,0.026366508987303583,TSs23,2.5014712523581788e-15
crude_protein_priority,0.026366508987303583,TSs24,6.350822645550133e-15
crude_protein_priority,0.026366508987303583,TSs266,0.0
crude_protein_priority,0.026366508987303583,TSs269,9.228728892195221e-16
crude_protein_priority,0.026366508987303583,TSs27,0.0
crude_protein_priority,0.026366508987303583,TSs274,1.084202172485341e-15
crude_protein_priority,0.026366508987303583,TSs277,1.634109514369906e-15
crude_protein_priority,0.026366508987303583,TSs282,0.0
crude_protein_priority,0.026366508987303583,TSs287,0.0
crude_protein_priority,0.026366508987303583,TSs291,2.4875934645503663e-15
crude_protein_priority,0.026366508987303583,TSs293,0.0
crude_protein_priority,0.026366508987303583,TSs294,3.575265083987661e-15
crude_protein_priority,0.026366508987303583,TSs296,0.0
crude_protein_priority,0.026366508987303583,TSs297,0.0
crude_protein_priority,0.026366508987303583,TSs3,0.0
crude_protein_priority,0.026366508987303583,TSs30,0.0
crude_protein_priority,0.026366508987303583,TSs303,3.6897568334021125e-15
crude_protein_priority,0.026366508987303583,TSs311,5.802650027141545e-15
crude_protein_priority,0.026366508987303583,TSs314A,7.268491364341726e-16
crude_protein_priority,0.026366508987303583,TSs314B,0.0
crude_protein_priority,0.026366508987303583,TSs317,0.0
crude_protein_priority,0.026366508987303583,TSs325,0.0
crude_protein_priority,0.026366508987303583,TSs33,0.0
crude_protein_priority,0.026366508987303583,TSs331,0.0
crude_protein_priority,0.026366508987303583,TSs333,0.0
crude_protein_priority,0.026366508987303583,TSs334,0.0
crude_protein_priority,0.026366508987303583,TSs336,0.0
crude_protein_priority,0.026366508987303583,TSs338,3.8684333514276966e-16
crude_protein_priority,0.026366508987303583,TSs357,9.124645483636629e-16
crude_protein_priority,0.026366508987303583,TSs358,3.4104663537698884e-15
crude_protein_priority,0.026366508987303583,TSs361,2.687086664287669e-15
crude_protein_priority,0.026366508987303583,TSs363,5.68468883077514e-15
crude_protein_priority,0.026366508987303583,TSs365,1.0789980020574113e-15
crude_protein_priority,0.026366508987303583,TSs368,0.0
crude_protein_priority,0.026366508987303583,TSs371,6.591949208710873e-17
crude_protein_priority,0.026366508987303583,TSs378,1.2732870313667845e-15
crude_protein_priority,0.026366508987303583,TSs38,0.0
crude_protein_priority,0.026366508987303583,TSs383,3.688022109926136e-15
crude_protein_priority,0.026366508987303583,TSs3A,3.5735303605116837e-16
crude_protein_priority,0.026366508987303583,TSs4,0.0
crude_protein_priority,0.026366508987303583,TSs417,8.014422459011641e-16
crude_protein_priority,0.026366508987303583,TSs44C,1.106753577673036e-15
crude_protein_priority,0.026366508987303583,TSs48,0.0
crude_protein_priority,0.026366508987303583,TSs49,0.0
crude_protein_priority,0.026366508987303583,TSs49A,0.0
crude_protein_priority,0.026366508987303583,TSs51,0.0
crude_protein_priority,0.026366508987303583,TSs53,0.0
crude_protein_priority,0.026366508987303583,TSs56,2.48065457064646e-16
crude_protein_priority,0.026366508987303583,TSs56A,0.0
crude_protein_priority,0.026366508987303583,TSs58,0.0
crude_protein_priority,0.026366508987303583,TSs59B,0.0
crude_protein_priority,0.026366508987303583,TSs5A,0.0
crude_protein_priority,0.026366508987303583,TSs60,0.0
crude_protein_priority,0.026366508987303583,TSs60B,0.0
crude_protein_priority,0.026366508987303583,TSs61,4.518954654918901e-15
crude_protein_priority,0.026366508987303583,TSs63A,0.0
crude_protein_priority,0.026366508987303583,TSs68,0.0
crude_protein_priority,0.026366508987303583,TSs7,0.0
crude_protein_priority,0.026366508987303583,TSs78,1.9099305470501767e-15
crude_protein_priority,0.026366508987303583,TSs82,0.0
crude_protein_priority,0.026366508987303583,TSs9,0.0
crude_protein_priority,0.026366508987303583,TSs95,0.0
crude_protein_priority,0.026366508987303583,TSs96,0.0
crude_protein_priority,0.026366508987303583,TSs98,0.0
crude_protein_priority,0.04281332398719394,TSs10,0.0
crude_protein_priority,0.04281332398719394,TSs104,7.3517580911886e-15
crude_protein_priority,0.04281332398719394,TSs10A,0.0
crude_protein_priority,0.04281332398719394,TSs11,4.407932352456403e-15
crude_protein_priority,0.04281332398719394,TSs111,1.1572340308239535e-14
crude_protein_priority,0.04281332398719394,TSs116,1.309716224362292e-15
crude_protein_priority,0.04281332398719394,TSs119A,0.0
crude_protein_priority,0.04281332398719394,TSs120,0.0
crude_protein_priority,0.04281332398719394,TSs131,0.0
crude_protein_priority,0.04281332398719394,TSs132,0.0
crude_protein_priority,0.04281332398719394,TSs133,9.957312752105372e-16
crude_protein_priority,0.04281332398719394,TSs136,0.0
crude_protein_priority,0.04281332398719394,TSs138B,8.0248307998675e-15
crude_protein_priority,0.04281332398719394,TSs15,1.8908485888144348e-16
crude_protein_priority,0.04281332398719394,TSs151B,1.3350431871115494e-14
crude_protein_priority,0.04281332398719394,TSs155,1.2125717097076053e-14
crude_protein_priority,0.04281332398719394,TSs156A,1.955900719163555e-14
crude_protein_priority,0.04281332398719394,TSs157A,0.9999999999998478
crude_protein_priority,0.04281332398719394,TSs158,0.0
crude_protein_priority,0.04281332398719394,TSs161,0.0
crude_protein_priority,0.04281332398719394,TSs166,1.8873791418624817e-15
crude_protein_priority,0.04281332398719394,TSs168,1.802377691539631e-15
crude_protein_priority,0.04281332398719394,TSs195,3.575265083987661e-15
crude_protein_priority,0.04281332398719394,TSs1A,7.199102425302664e-16
crude_protein_priority,0.04281332398719394,TSs2,0.0
crude_protein_priority,0.04281332398719394,TSs201,2.0816681711718545e-15
crude_protein_priority,0.04281332398719394,TSs209,0.0
crude_protein_priority,0.04281332398719394,TSs217,5.880712583560489e-15
crude_protein_priority,0.04281332398719394,TSs224,3.989863994746055e-16
crude_protein_priority,0.04281332398719394,TSs22A,0.0
crude_protein_priority,0.04281332398719394,TSs22B,0.0
crude_protein_priority,0.04281332398719394,TSs23,2.5014712523581788e-15
crude_protein_priority,0.04281332398719394,TSs24,6.350822645550133e-15
crude_protein_priority,0.04281332398719394,TSs266,0.0
crude_protein_priority,0.04281332398719394,TSs269,9.228728892195221e-16
crude_protein_priority,0.04281332398719394,TSs27,0.0
crude_protein_priority,0.04281332398719394,TSs274,1.084202172485341e-15
crude_protein_priority,0.04281332398719394,TSs277,1.634109514369906e-15
crude_protein_priority,0.04281332398719394,TSs282,0.0
crude_protein_priority,0.04281332398719394,TSs287,0.0
crude_protein_priority,0.04281332398719394,TSs291,2.4875934645503663e-15
crude_protein_priority,0.04281332398719394,TSs293,0.0
crude_protein_priority,0.04281332398719394,TSs294,3.575265083987661e-15
crude_protein_priority,0.04281332398719394,TSs296,0.0
crude_protein_priority,0.04281332398719394,TSs297,0.0
crude_protein_priority,0.04281332398719394,TSs3,0.0
crude_protein_priority,0.04281332398719394,TSs30,0.0
crude_protein_priority,0.04281332398719394,TSs303,3.6897568334021125e-15
crude_protein_priority,0.04281332398719394,TSs311,5.802650027141545e-15
crude_protein_priority,0.04281332398719394,TSs314A,7.268491364341726e-16
crude_protein_priority,0.04281332398719394,TSs314B,0.0
crude_protein_priority,0.04281332398719394,TSs317,0.0
crude_protein_priority,0.04281332398719394,TSs325,0.0
crude_protein_priority,0.04281332398719394,TSs33,0.0
crude_protein_priority,0.04281332398719394,TSs331,0.0
crude_protein_priority,0.04281332398719394,TSs333,0.0
crude_protein_priority,0.04281332398719394,TSs334,0.0
crude_protein_priority,0.04281332398719394,TSs336,0.0
crude_protein_priority,0.04281332398719394,TSs338,3.8684333514276966e-16
crude_protein_priority,0.04281332398719394,TSs357,9.124645483636629e-16
crude_protein_priority,0.04281332398719394,TSs358,3.4104663537698884e-15
crude_protein_priority,0.04281332398719394,TSs361,2.687086664287669e-15
crude_protein_priority,0.04281332398719394,TSs363,5.68468883077514e-15
crude_protein_priority,0.04281332398719394,TSs365,1.0789980020574113e-15
crude_protein_priority,0.04281332398719394,TSs368,0.0
crude_protein_priority,0.04281332398719394,TSs371,6.591949208710873e-17
crude_protein_priority,0.04281332398719394,TSs378,1.2732870313667845e-15
crude_protein_priority,0.04281332398719394,TSs38,0.0
crude_protein_priority,0.04281332398719394,TSs383,3.688022109926136e-15
crude_protein_priority,0.04281332398719394,TSs3A,3.5735303605116837e-16
crude_protein_priority,0.04281332398719394,TSs4,0.0
crude_protein_priority,0.04281332398719394,TSs417,8.014422459011641e-16
crude_protein_priority,0.04281332398719394,TSs44C,1.106753577673036e-15
crude_protein_priority,0.04281332398719394,TSs48,0.0
crude_protein_priority,0.04281332398719394,TSs49,0.0
crude_protein_priority,0.04281332398719394,TSs49A,0.0
crude_protein_priority,0.04281332398719394,TSs51,0.0
crude_protein_priority,0.04281332398719394,TSs53,0.0
crude_protein_priority,0.04281332398719394,TSs56,2.48065457064646e-16
crude_protein_priority,0.04281332398719394,TSs56A,0.0
crude_protein_priority,0.04281332398719394,TSs58,0.0
crude_protein_priority,0.04281332398719394,TSs59B,0.0
crude_protein_priority,0.04281332398719394,TSs5A,0.0
crude_protein_priority,0.04281332398719394,TSs60,0.0
crude_protein_priority,0.04281332398719394,TSs60B,0.0
crude_protein_priority,0.04281332398719394,TSs61,4.518954654918901e-15
crude_protein_priority,0.04281332398719394,TSs63A,0.0
crude_protein_priority,0.04281332398719394,TSs68,0.0
crude_protein_priority,0.04281332398719394,TSs7,0.0
crude_protein_priority,0.04281332398719394,TSs78,1.9099305470501767e-15
crude_protein_priority,0.04281332398719394,TSs82,0.0
crude_protein_priority,0.04281332398719394,TSs9,0.0
crude_protein_priority,0.04281332398719394,TSs95,0.0
crude_protein_priority,0.04281332398719394,TSs96,0.0
crude_protein_priority,0.04281332398719394,TSs98,0.0
crude_protein_priority,0.06951927961775606,TSs10,0.0
crude_protein_priority,0.06951927961775606,TSs104,7.3517580911886e-15
crude_protein_priority,0.06951927961775606,TSs10A,0.0
crude_protein_priority,0.06951927961775606,TSs11,4.407932352456403e-15
crude_protein_priority,0.06951927961775606,TSs111,1.1572340308239535e-14
crude_protein_priority,0.06951927961775606,TSs116,1.309716224362292e-15
crude_protein_priority,0.06951927961775606,TSs119A,0.0
crude_protein_priority,0.06951927961775606,TSs120,0.0
crude_protein_priority,0.06951927961775606,TSs131,0.0
crude_protein_priority,0.06951927961775606,TSs132,0.0
crude_protein_priority,0.06951927961775606,TSs133,9.957312752105372e-16
crude_protein_priority,0.06951927961775606,TSs136,0.0
crude_protein_priority,0.06951927961775606,TSs138B,8.0248307998675e-15
crude_protein_priority,0.06951927961775606,TSs15,1.8908485888144348e-16
crude_protein_priority,0.06951927961775606,TSs151B,1.3350431871115494e-14
crude_protein_priority,0.06951927961775606,TSs155,1.2125717097076053e-14
crude_protein_priority,0.06951927961775606,TSs156A,1.955900719163555e-14
crude_protein_priority,0.06951927961775606,TSs157A,0.9999999999998478
crude_protein_priority,0.06951927961775606,TSs158,0.0
crude_protein_priority,0.06951927961775606,TSs161,0.0
crude_protein_priority,0.06951927961775606,TSs166,1.8873791418624817e-15
crude_protein_priority,0.06951927961775606,TSs168,1.802377691539631e-15
crude_protein_priority,0.06951927961775606,TSs195,3.575265083987661e-15
crude_protein_priority,0.06951927961775606,TSs1A,7.199102425302664e-16
crude_protein_priority,0.06951927961775606,TSs2,0.0
crude_protein_priority,0.06951927961775606,TSs201,2.0816681711718545e-15
crude_protein_priority,0.06951927961775606,TSs209,0.0
crude_protein_priority,0.06951927961775606,TSs217,5.880712583560489e-15
crude_protein_priority,0.06951927961775606,TSs224,3.989863994746055e-16
crude_protein_priority,0.06951927961775606,TSs22A,0.0
crude_protein_priority,0.06951927961775606,TSs22B,0.0
crude_protein_priority,0.06951927961775606,TSs23,2.5014712523581788e-15
crude_protein_priority,0.06951927961775606,TSs24,6.350822645550133e-15
crude_protein_priority,0.06951927961775606,TSs266,0.0
crude_protein_priority,0.06951927961775606,TSs269,9.228728892195221e-16
crude_protein_priority,0.06951927961775606,TSs27,0.0
crude_protein_priority,0.06951927961775606,TSs274,1.084202172485341e-15
crude_protein_priority,0.06951927961775606,TSs277,1.634109514369906e-15
crude_protein_priority,0.06951927961775606,TSs282,0.0
crude_protein_priority,0.06951927961775606,TSs287,0.0
crude_protein_priority,0.06951927961775606,TSs291,2.4875934645503663e-15
crude_protein_priority,0.06951927961775606,TSs293,0.0
crude_protein_priority,0.06951927961775606,TSs294,3.575265083987661e-15
crude_protein_priority,0.06951927961775606,TSs296,0.0
crude_protein_priority,0.06951927961775606,TSs297,0.0
crude_protein_priority,0.06951927961775606,TSs3,0.0
crude_protein_priority,0.06951927961775606,TSs30,0.0
crude_protein_priority,0.06951927961775606,TSs303,3.6897568334021125e-15
crude_protein_priority,0.06951927961775606,TSs311,5.802650027141545e-15
crude_protein_priority,0.06951927961775606,TSs314A,7.268491364341726e-16
crude_protein_priority,0.06951927961775606,TSs314B,0.0
crude_protein_priority,0.06951927961775606,TSs317,0.0
crude_protein_priority,0.06951927961775606,TSs325,0.0
crude_protein_priority,0.06951927961775606,TSs33,0.0
crude_protein_priority,0.06951927961775606,TSs331,0.0
crude_protein_priority,0.06951927961775606,TSs333,0.0
crude_protein_priority,0.06951927961775606,TSs334,0.0
crude_protein_priority,0.06951927961775606,TSs336,0.0
crude_protein_priority,0.06951927961775606,TSs338,3.8684333514276966e-16
crude_protein_priority,0.06951927961775606,TSs357,9.124645483636629e-16
crude_protein_priority,0.06951927961775606,TSs358,3.4104663537698884e-15
crude_protein_priority,0.06951927961775606,TSs361,2.687086664287669e-15
crude_protein_priority,0.06951927961775606,TSs363,5.68468883077514e-15
crude_protein_priority,0.06951927961775606,TSs365,1.0789980020574113e-15
crude_protein_priority,0.06951927961775606,TSs368,0.0
crude_protein_priority,0.06951927961775606,TSs371,6.591949208710873e-17
crude_protein_priority,0.06951927961775606,TSs378,1.2732870313667845e-15
crude_protein_priority,0.06951927961775606,TSs38,0.0
crude_protein_priority,0.06951927961775606,TSs383,3.688022109926136e-15
crude_protein_priority,0.06951927961775606,TSs3A,3.5735303605116837e-16
crude_protein_priority,0.06951927961775606,TSs4,0.0
crude_protein_priority,0.06951927961775606,TSs417,8.014422459011641e-16
crude_protein_priority,0.06951927961775606,TSs44C,1.106753577673036e-15
crude_protein_priority,0.06951927961775606,TSs48,0.0
crude_protein_priority,0.06951927961775606,TSs49,0.0
crude_protein_priority,0.06951927961775606,TSs49A,0.0
crude_protein_priority,0.06951927961775606,TSs51,0.0
crude_protein_priority,0.06951927961775606,TSs53,0.0
crude_protein_priority,0.06951927961775606,TSs56,2.48065457064646e-16
crude_protein_priority,0.06951927961775606,TSs56A,0.0
crude_protein_priority,0.06951927961775606,TSs58,0.0
crude_protein_priority,0.06951927961775606,TSs59B,0.0
crude_protein_priority,0.06951927961775606,TSs5A,0.0
crude_protein_priority,0.06951927961775606,TSs60,0.0
crude_protein_priority,0.06951927961775606,TSs60B,0.0
crude_protein_priority,0.06951927961775606,TSs61,4.518954654918901e-15
crude_protein_priority,0.06951927961775606,TSs63A,0.0
crude_protein_priority,0.06951927961775606,TSs68,0.0
crude_protein_priority,0.06951927961775606,TSs7,0.0
crude_protein_priority,0.06951927961775606,TSs78,1.9099305470501767e-15
crude_protein_priority,0.06951927961775606,TSs82,0.0
crude_protein_priority,0.06951927961775606,TSs9,0.0
crude_protein_priority,0.06951927961775606,TSs95,0.0
crude_protein_priority,0.06951927961775606,TSs96,0.0
crude_protein_priority,0.06951927961775606,TSs98,0.0
crude_protein_priority,0.11288378916846889,TSs10,0.0
crude_protein_priority,0.11288378916846889,TSs104,7.3517580911886e-15
crude_protein_priority,0.11288378916846889,TSs10A,0.0
crude_protein_priority,0.11288378916846889,TSs11,4.407932352456403e-15
crude_protein_priority,0.11288378916846889,TSs111,1.1572340308239535e-14
crude_protein_priority,0.11288378916846889,TSs116,1.309716224362292e-15
crude_protein_priority,0.11288378916846889,TSs119A,0.0
crude_protein_priority,0.11288378916846889,TSs120,0.0
crude_protein_priority,0.11288378916846889,TSs131,0.0
crude_protein_priority,0.11288378916846889,TSs132,0.0
crude_protein_priority,0.11288378916846889,TSs133,9.957312752105372e-16
crude_protein_priority,0.11288378916846889,TSs136,0.0
crude_protein_priority,0.11288378916846889,TSs138B,8.0248307998675e-15
crude_protein_priority,0.11288378916846889,TSs15,1.8908485888144348e-16
crude_protein_priority,0.11288378916846889,TSs151B,1.3350431871115494e-14
crude_protein_priority,0.11288378916846889,TSs155,1.2125717097076053e-14
crude_protein_priority,0.11288378916846889,TSs156A,1.955900719163555e-14
crude_protein_priority,0.11288378916846889,TSs157A,0.9999999999998478
crude_protein_priority,0.11288378916846889,TSs158,0.0
crude_protein_priority,0.11288378916846889,TSs161,0.0
crude_protein_priority,0.11288378916846889,TSs166,1.8873791418624817e-15
crude_protein_priority,0.11288378916846889,TSs168,1.802377691539631e-15
crude_protein_priority,0.11288378916846889,TSs195,3.575265083987661e-15
crude_protein_priority,0.11288378916846889,TSs1A,7.199102425302664e-16
crude_protein_priority,0.11288378916846889,TSs2,0.0
crude_protein_priority,0.11288378916846889,TSs201,2.0816681711718545e-15
crude_protein_priority,0.11288378916846889,TSs209,0.0
crude_protein_priority,0.11288378916846889,TSs217,5.880712583560489e-15
crude_protein_priority,0.11288378916846889,TSs224,3.989863994746055e-16
crude_protein_priority,0.11288378916846889,TSs22A,0.0
crude_protein_priority,0.11288378916846889,TSs22B,0.0
crude_protein_priority,0.11288378916846889,TSs23,2.5014712523581788e-15
crude_protein_priority,0.11288378916846889,TSs24,6.350822645550133e-15
crude_protein_priority,0.11288378916846889,TSs266,0.0
crude_protein_priority,0.11288378916846889,TSs269,9.228728892195221e-16
crude_protein_priority,0.11288378916846889,TSs27,0.0
crude_protein_priority,0.11288378916846889,TSs274,1.084202172485341e-15
crude_protein_priority,0.11288378916846889,TSs277,1.634109514369906e-15
crude_protein_priority,0.11288378916846889,TSs282,0.0
crude_protein_priority,0.11288378916846889,TSs287,0.0
crude_protein_priority,0.11288378916846889,TSs291,2.4875934645503663e-15
crude_protein_priority,0.11288378916846889,TSs293,0.0
crude_protein_priority,0.11288378916846889,TSs294,3.575265083987661e-15
crude_protein_priority,0.11288378916846889,TSs296,0.0
crude_protein_priority,0.11288378916846889,TSs297,0.0
crude_protein_priority,0.11288378916846889,TSs3,0.0
crude_protein_priority,0.11288378916846889,TSs30,0.0
crude_protein_priority,0.11288378916846889,TSs303,3.6897568334021125e-15
crude_protein_priority,0.11288378916846889,TSs311,5.802650027141545e-15
crude_protein_priority,0.11288378916846889,TSs314A,7.268491364341726e-16
crude_protein_priority,0.11288378916846889,TSs314B,0.0
crude_protein_priority,0.11288378916846889,TSs317,0.0
crude_protein_priority,0.11288378916846889,TSs325,0.0
crude_protein_priority,0.11288378916846889,TSs33,0.0
crude_protein_priority,0.11288378916846889,TSs331,0.0
crude_protein_priority,0.11288378916846889,TSs333,0.0
crude_protein_priority,0.11288378916846889,TSs334,0.0
crude_protein_priority,0.11288378916846889,TSs336,0.0
crude_protein_priority,0.11288378916846889,TSs338,3.8684333514276966e-16
crude_protein_priority,0.11288378916846889,TSs357,9.124645483636629e-16
crude_protein_priority,0.11288378916846889,TSs358,3.4104663537698884e-15
crude_protein_priority,0.11288378916846889,TSs361,2.687086664287669e-15
crude_protein_priority,0.11288378916846889,TSs363,5.68468883077514e-15
crude_protein_priority,0.11288378916846889,TSs365,1.0789980020574113e-15
crude_protein_priority,0.11288378916846889,TSs368,0.0
crude_protein_priority,0.11288378916846889,TSs371,6.591949208710873e-17
crude_protein_priority,0.11288378916846889,TSs378,1.2732870313667845e-15
crude_protein_priority,0.11288378916846889,TSs38,0.0
crude_protein_priority,0.11288378916846889,TSs383,3.688022109926136e-15
crude_protein_priority,0.11288378916846889,TSs3A,3.5735303605116837e-16
crude_protein_priority,0.11288378916846889,TSs4,0.0
crude_protein_priority,0.11288378916846889,TSs417,8.014422459011641e-16
crude_protein_priority,0.11288378916846889,TSs44C,1.106753577673036e-15
crude_protein_priority,0.11288378916846889,TSs48,0.0
crude_protein_priority,0.11288378916846889,TSs49,0.0
crude_protein_priority,0.11288378916846889,TSs49A,0.0
crude_protein_priority,0.11288378916846889,TSs51,0.0
crude_protein_priority,0.11288378916846889,TSs53,0.0
crude_protein_priority,0.11288378916846889,TSs56,2.48065457064646e-16
crude_protein_priority,0.11288378916846889,TSs56A,0.0
crude_protein_priority,0.11288378916846889,TSs58,0.0
crude_protein_priority,0.11288378916846889,TSs59B,0.0
crude_protein_priority,0.11288378916846889,TSs5A,0.0
crude_protein_priority,0.11288378916846889,TSs60,0.0
crude_protein_priority,0.11288378916846889,TSs60B,0.0
crude_protein_priority,0.11288378916846889,TSs61,4.518954654918901e-15
crude_protein_priority,0.11288378916846889,TSs63A,0.0
crude_protein_priority,0.11288378916846889,TSs68,0.0
crude_protein_priority,0.11288378916846889,TSs7,0.0
crude_protein_priority,0.11288378916846889,TSs78,1.9099305470501767e-15
crude_protein_priority,0.11288378916846889,TSs82,0.0
crude_protein_priority,0.11288378916846889,TSs9,0.0
crude_protein_priority,0.11288378916846889,TSs95,0.0
crude_protein_priority,0.11288378916846889,TSs96,0.0
crude_protein_priority,0.11288378916846889,TSs98,0.0
crude_protein_priority,0.18329807108324356,TSs10,0.0
crude_protein_priority,0.18329807108324356,TSs104,7.3517580911886e-15
crude_protein_priority,0.18329807108324356,TSs10A,0.0
crude_protein_priority,0.18329807108324356,TSs11,4.407932352456403e-15
crude_protein_priority,0.18329807108324356,TSs111,1.1572340308239535e-14
crude_protein_priority,0.18329807108324356,TSs116,1.309716224362292e-15
crude_protein_priority,0.18329807108324356,TSs119A,0.0
crude_protein_priority,0.18329807108324356,TSs120,0.0
crude_protein_priority,0.18329807108324356,TSs131,0.0
crude_protein_priority,0.18329807108324356,TSs132,0.0
crude_protein_priority,0.18329807108324356,TSs133,9.957312752105372e-16
crude_protein_priority,0.18329807108324356,TSs136,0.0
crude_protein_priority,0.18329807108324356,TSs138B,8.0248307998675e-15
crude_protein_priority,0.18329807108324356,TSs15,1.8908485888144348e-16
crude_protein_priority,0.18329807108324356,TSs151B,1.3350431871115494e-14
crude_protein_priority,0.18329807108324356,TSs155,1.2125717097076053e-14
crude_protein_priority,0.18329807108324356,TSs156A,1.955900719163555e-14
crude_protein_priority,0.18329807108324356,TSs157A,0.9999999999998478
crude_protein_priority,0.18329807108324356,TSs158,0.0
crude_protein_priority,0.18329807108324356,TSs161,0.0
crude_protein_priority,0.18329807108324356,TSs166,1.8873791418624817e-15
crude_protein_priority,0.18329807108324356,TSs168,1.802377691539631e-15
crude_protein_priority,0.18329807108324356,TSs195,3.575265083987661e-15
crude_protein_priority,0.18329807108324356,TSs1A,7.199102425302664e-16
crude_protein_priority,0.18329807108324356,TSs2,0.0
crude_protein_priority,0.18329807108324356,TSs201,2.0816681711718545e-15
crude_protein_priority,0.18329807108324356,TSs209,0.0
crude_protein_priority,0.18329807108324356,TSs217,5.880712583560489e-15
crude_protein_priority,0.18329807108324356,TSs224,3.989863994746055e-16
crude_protein_priority,0.18329807108324356,TSs22A,0.0
crude_protein_priority,0.18329807108324356,TSs22B,0.0
crude_protein_priority,0.18329807108324356,TSs23,2.5014712523581788e-15
crude_protein_priority,0.18329807108324356,TSs24,6.350822645550133e-15
crude_protein_priority,0.18329807108324356,TSs266,0.0
crude_protein_priority,0.18329807108324356,TSs269,9.228728892195221e-16
crude_protein_priority,0.18329807108324356,TSs27,0.0
crude_protein_priority,0.18329807108324356,TSs274,1.084202172485341e-15
crude_protein_priority,0.18329807108324356,TSs277,1.634109514369906e-15
crude_protein_priority,0.18329807108324356,TSs282,0.0
crude_protein_priority,0.18329807108324356,TSs287,0.0
crude_protein_priority,0.18329807108324356,TSs291,2.4875934645503663e-15
crude_protein_priority,0.18329807108324356,TSs293,0.0
crude_protein_priority,0.18329807108324356,TSs294,3.575265083987661e-15
crude_protein_priority,0.18329807108324356,TSs296,0.0
crude_protein_priority,0.18329807108324356,TSs297,0.0
crude_protein_priority,0.18329807108324356,TSs3,0.0
crude_protein_priority,0.18329807108324356,TSs30,0.0
crude_protein_priority,0.18329807108324356,TSs303,3.6897568334021125e-15
crude_protein_priority,0.18329807108324356,TSs311,5.802650027141545e-15
crude_protein_priority,0.18329807108324356,TSs314A,7.268491364341726e-16
crude_protein_priority,0.18329807108324356,TSs314B,0.0
crude_protein_priority,0.18329807108324356,TSs317,0.0
crude_protein_priority,0.18329807108324356,TSs325,0.0
crude_protein_priority,0.18329807108324356,TSs33,0.0
crude_protein_priority,0.18329807108324356,TSs331,0.0
crude_protein_priority,0.18329807108324356,TSs333,0.0
crude_protein_priority,0.18329807108324356,TSs334,0.0
crude_protein_priority,0.18329807108324356,TSs336,0.0
crude_protein_priority,0.18329807108324356,TSs338,3.8684333514276966e-16
crude_protein_priority,0.18329807108324356,TSs357,9.124645483636629e-16
crude_protein_priority,0.18329807108324356,TSs358,3.4104663537698884e-15
crude_protein_priority,0.18329807108324356,TSs361,2.687086664287669e-15
crude_protein_priority,0.18329807108324356,TSs363,5.68468883077514e-15
crude_protein_priority,0.18329807108324356,TSs365,1.0789980020574113e-15
crude_protein_priority,0.18329807108324356,TSs368,0.0
crude_protein_priority,0.18329807108324356,TSs371,6.591949208710873e-17
crude_protein_priority,0.18329807108324356,TSs378,1.2732870313667845e-15
crude_protein_priority,0.18329807108324356,TSs38,0.0
crude_protein_priority,0.18329807108324356,TSs383,3.688022109926136e-15
crude_protein_priority,0.18329807108324356,TSs3A,3.5735303605116837e-16
crude_protein_priority,0.18329807108324356,TSs4,0.0
crude_protein_priority,0.18329807108324356,TSs417,8.014422459011641e-16
crude_protein_priority,0.18329807108324356,TSs44C,1.106753577673036e-15
crude_protein_priority,0.18329807108324356,TSs48,0.0
crude_protein_priority,0.18329807108324356,TSs49,0.0
crude_protein_priority,0.18329807108324356,TSs49A,0.0
crude_protein_priority,0.18329807108324356,TSs51,0.0
crude_protein_priority,0.18329807108324356,TSs53,0.0
crude_protein_priority,0.18329807108324356,TSs56,2.48065457064646e-16
crude_protein_priority,0.18329807108324356,TSs56A,0.0
crude_protein_priority,0.18329807108324356,TSs58,0.0
crude_protein_priority,0.18329807108324356,TSs59B,0.0
crude_protein_priority,0.18329807108324356,TSs5A,0.0
crude_protein_priority,0.18329807108324356,TSs60,0.0
crude_protein_priority,0.18329807108324356,TSs60B,0.0
crude_protein_priority,0.18329807108324356,TSs61,4.518954654918901e-15
crude_protein_priority,0.18329807108324356,TSs63A,0.0
crude_protein_priority,0.18329807108324356,TSs68,0.0
crude_protein_priority,0.18329807108324356,TSs7,0.0
crude_protein_priority,0.18329807108324356,TSs78,1.9099305470501767e-15
crude_protein_priority,0.18329807108324356,TSs82,0.0
crude_protein_priority,0.18329807108324356,TSs9,0.0
crude_protein_priority,0.18329807108324356,TSs95,0.0
crude_protein_priority,0.18329807108324356,TSs96,0.0
crude_protein_priority,0.18329807108324356,TSs98,0.0
crude_protein_priority,0.29763514416313175,TSs10,0.0
crude_protein_priority,0.29763514416313175,TSs104,7.3517580911886e-15
crude_protein_priority,0.29763514416313175,TSs10A,0.0
crude_protein_priority,0.29763514416313175,TSs11,4.407932352456403e-15
crude_protein_priority,0.29763514416313175,TSs111,1.1572340308239535e-14
crude_protein_priority,0.29763514416313175,TSs116,1.309716224362292e-15
crude_protein_priority,0.29763514416313175,TSs119A,0.0
crude_protein_priority,0.29763514416313175,TSs120,0.0
crude_protein_priority,0.29763514416313175,TSs131,0.0
crude_protein_priority,0.29763514416313175,TSs132,0.0
crude_protein_priority,0.29763514416313175,TSs133,9.957312752105372e-16
crude_protein_priority,0.29763514416313175,TSs136,0.0
crude_protein_priority,0.29763514416313175,TSs138B,8.0248307998675e-15
crude_protein_priority,0.29763514416313175,TSs15,1.8908485888144348e-16
crude_protein_priority,0.29763514416313175,TSs151B,1.3350431871115494e-14
crude_protein_priority,0.29763514416313175,TSs155,1.2125717097076053e-14
crude_protein_priority,0.29763514416313175,TSs156A,1.955900719163555e-14
crude_protein_priority,0.29763514416313175,TSs157A,0.9999999999998478
crude_protein_priority,0.29763514416313175,TSs158,0.0
crude_protein_priority,0.29763514416313175,TSs161,0.0
crude_protein_priority,0.29763514416313175,TSs166,1.8873791418624817e-15
crude_protein_priority,0.29763514416313175,TSs168,1.802377691539631e-15
crude_protein_priority,0.29763514416313175,TSs195,3.575265083987661e-15
crude_protein_priority,0.29763514416313175,TSs1A,7.199102425302664e-16
crude_protein_priority,0.29763514416313175,TSs2,0.0
crude_protein_priority,0.29763514416313175,TSs201,2.0816681711718545e-15
crude_protein_priority,0.29763514416313175,TSs209,0.0
crude_protein_priority,0.29763514416313175,TSs217,5.880712583560489e-15
crude_protein_priority,0.29763514416313175,TSs224,3.989863994746055e-16
crude_protein_priority,0.29763514416313175,TSs22A,0.0
crude_protein_priority,0.29763514416313175,TSs22B,0.0
crude_protein_priority,0.29763514416313175,TSs23,2.5014712523581788e-15
crude_protein_priority,0.29763514416313175,TSs24,6.350822645550133e-15
crude_protein_priority,0.29763514416313175,TSs266,0.0
crude_protein_priority,0.29763514416313175,TSs269,9.228728892195221e-16
crude_protein_priority,0.29763514416313175,TSs27,0.0
crude_protein_priority,0.29763514416313175,TSs274,1.084202172485341e-15
crude_protein_priority,0.29763514416313175,TSs277,1.634109514369906e-15
crude_protein_priority,0.29763514416313175,TSs282,0.0
crude_protein_priority,0.29763514416313175,TSs287,0.0
crude_protein_priority,0.29763514416313175,TSs291,2.4875934645503663e-15
crude_protein_priority,0.29763514416313175,TSs293,0.0
crude_protein_priority,0.29763514416313175,TSs294,3.575265083987661e-15
crude_protein_priority,0.29763514416313175,TSs296,0.0
crude_protein_priority,0.29763514416313175,TSs297,0.0
crude_protein_priority,0.29763514416313175,TSs3,0.0
crude_protein_priority,0.29763514416313175,TSs30,0.0
crude_protein_priority,0.29763514416313175,TSs303,3.6897568334021125e-15
crude_protein_priority,0.29763514416313175,TSs311,5.802650027141545e-15
crude_protein_priority,0.29763514416313175,TSs314A,7.268491364341726e-16
crude_protein_priority,0.29763514416313175,TSs314B,0.0
crude_protein_priority,0.29763514416313175,TSs317,0.0
crude_protein_priority,0.29763514416313175,TSs325,0.0
crude_protein_priority,0.29763514416313175,TSs33,0.0
crude_protein_priority,0.29763514416313175,TSs331,0.0
crude_protein_priority,0.29763514416313175,TSs333,0.0
crude_protein_priority,0.29763514416313175,TSs334,0.0
crude_protein_priority,0.29763514416313175,TSs336,0.0
crude_protein_priority,0.29763514416313175,TSs338,3.8684333514276966e-16
crude_protein_priority,0.29763514416313175,TSs357,9.124645483636629e-16
crude_protein_priority,0.29763514416313175,TSs358,3.4104663537698884e-15
crude_protein_priority,0.29763514416313175,TSs361,2.687086664287669e-15
crude_protein_priority,0.29763514416313175,TSs363,5.68468883077514e-15
crude_protein_priority,0.29763514416313175,TSs365,1.0789980020574113e-15
crude_protein_priority,0.29763514416313175,TSs368,0.0
crude_protein_priority,0.29763514416313175,TSs371,6.591949208710873e-17
crude_protein_priority,0.29763514416313175,TSs378,1.2732870313667845e-15
crude_protein_priority,0.29763514416313175,TSs38,0.0
crude_protein_priority,0.29763514416313175,TSs383,3.688022109926136e-15
crude_protein_priority,0.29763514416313175,TSs3A,3.5735303605116837e-16
crude_protein_priority,0.29763514416313175,TSs4,0.0
crude_protein_priority,0.29763514416313175,TSs417,8.014422459011641e-16
crude_protein_priority,0.29763514416313175,TSs44C,1.106753577673036e-15
crude_protein_priority,0.29763514416313175,TSs48,0.0
crude_protein_priority,0.29763514416313175,TSs49,0.0
crude_protein_priority,0.29763514416313175,TSs49A,0.0
crude_protein_priority,0.29763514416313175,TSs51,0.0
crude_protein_priority,0.29763514416313175,TSs53,0.0
crude_protein_priority,0.29763514416313175,TSs56,2.48065457064646e-16
crude_protein_priority,0.29763514416313175,TSs56A,0.0
crude_protein_priority,0.29763514416313175,TSs58,0.0
crude_protein_priority,0.29763514416313175,TSs59B,0.0
crude_protein_priority,0.29763514416313175,TSs5A,0.0
crude_protein_priority,0.29763514416313175,TSs60,0.0
crude_protein_priority,0.29763514416313175,TSs60B,0.0
crude_protein_priority,0.29763514416313175,TSs61,4.518954654918901e-15
crude_protein_priority,0.29763514416313175,TSs63A,0.0
crude_protein_priority,0.29763514416313175,TSs68,0.0
crude_protein_priority,0.29763514416313175,TSs7,0.0
crude_protein_priority,0.29763514416313175,TSs78,1.9099305470501767e-15
crude_protein_priority,0.29763514416313175,TSs82,0.0
crude_protein_priority,0.29763514416313175,TSs9,0.0
crude_protein_priority,0.29763514416313175,TSs95,0.0
crude_protein_priority,0.29763514416313175,TSs96,0.0
crude_protein_priority,0.29763514416313175,TSs98,0.0
crude_protein_priority,0.4832930238571752,TSs10,0.0
crude_protein_priority,0.4832930238571752,TSs104,7.3517580911886e-15
crude_protein_priority,0.4832930238571752,TSs10A,0.0
crude_protein_priority,0.4832930238571752,TSs11,4.407932352456403e-15
crude_protein_priority,0.4832930238571752,TSs111,1.1572340308239535e-14
crude_protein_priority,0.4832930238571752,TSs116,1.309716224362292e-15
crude_protein_priority,0.4832930238571752,TSs119A,0.0
crude_protein_priority,0.4832930238571752,TSs120,0.0
crude_protein_priority,0.4832930238571752,TSs131,0.0
crude_protein_priority,0.4832930238571752,TSs132,0.0
crude_protein_priority,0.4832930238571752,TSs133,9.957312752105372e-16
crude_protein_priority,0.4832930238571752,TSs136,0.0
crude_protein_priority,0.4832930238571752,TSs138B,8.0248307998675e-15
crude_protein_priority,0.4832930238571752,TSs15,1.8908485888144348e-16
crude_protein_priority,0.4832930238571752,TSs151B,1.3350431871115494e-14
crude_protein_priority,0.4832930238571752,TSs155,1.2125717097076053e-14
crude_protein_priority,0.4832930238571752,TSs156A,1.955900719163555e-14
crude_protein_priority,0.4832930238571752,TSs157A,0.9999999999998478
crude_protein_priority,0.4832930238571752,TSs158,0.0
crude_protein_priority,0.4832930238571752,TSs161,0.0
crude_protein_priority,0.4832930238571752,TSs166,1.8873791418624817e-15
crude_protein_priority,0.4832930238571752,TSs168,1.802377691539631e-15
crude_protein_priority,0.4832930238571752,TSs195,3.575265083987661e-15
crude_protein_priority,0.4832930238571752,TSs1A,7.199102425302664e-16
crude_protein_priority,0.4832930238571752,TSs2,0.0
crude_protein_priority,0.4832930238571752,TSs201,2.0816681711718545e-15
crude_protein_priority,0.4832930238571752,TSs209,0.0
crude_protein_priority,0.4832930238571752,TSs217,5.880712583560489e-15
crude_protein_priority,0.4832930238571752,TSs224,3.989863994746055e-16
crude_protein_priority,0.4832930238571752,TSs22A,0.0
crude_protein_priority,0.4832930238571752,TSs22B,0.0
crude_protein_priority,0.4832930238571752,TSs23,2.5014712523581788e-15
crude_protein_priority,0.4832930238571752,TSs24,6.350822645550133e-15
crude_protein_priority,0.4832930238571752,TSs266,0.0
crude_protein_priority,0.4832930238571752,TSs269,9.228728892195221e-16
crude_protein_priority,0.4832930238571752,TSs27,0.0
crude_protein_priority,0.4832930238571752,TSs274,1.084202172485341e-15
crude_protein_priority,0.4832930238571752,TSs277,1.634109514369906e-15
crude_protein_priority,0.4832930238571752,TSs282,0.0
crude_protein_priority,0.4832930238571752,TSs287,0.0
crude_protein_priority,0.4832930238571752,TSs291,2.4875934645503663e-15
crude_protein_priority,0.4832930238571752,TSs293,0.0
crude_protein_priority,0.4832930238571752,TSs294,3.575265083987661e-15
crude_protein_priority,0.4832930238571752,TSs296,0.0
crude_protein_priority,0.4832930238571752,TSs297,0.0
crude_protein_priority,0.4832930238571752,TSs3,0.0
crude_protein_priority,0.4832930238571752,TSs30,0.0
crude_protein_priority,0.4832930238571752,TSs303,3.6897568334021125e-15
crude_protein_priority,0.4832930238571752,TSs311,5.802650027141545e-15
crude_protein_priority,0.4832930238571752,TSs314A,7.268491364341726e-16
crude_protein_priority,0.4832930238571752,TSs314B,0.0
crude_protein_priority,0.4832930238571752,TSs317,0.0
crude_protein_priority,0.4832930238571752,TSs325,0.0
crude_protein_priority,0.4832930238571752,TSs33,0.0
crude_protein_priority,0.4832930238571752,TSs331,0.0
crude_protein_priority,0.4832930238571752,TSs333,0.0
crude_protein_priority,0.4832930238571752,TSs334,0.0
crude_protein_priority,0.4832930238571752,TSs336,0.0
crude_protein_priority,0.4832930238571752,TSs338,3.8684333514276966e-16
crude_protein_priority,0.4832930238571752,TSs357,9.124645483636629e-16
crude_protein_priority,0.4832930238571752,TSs358,3.4104663537698884e-15
crude_protein_priority,0.4832930238571752,TSs361,2.687086664287669e-15
crude_protein_priority,0.4832930238571752,TSs363,5.68468883077514e-15
crude_protein_priority,0.4832930238571752,TSs365,1.0789980020574113e-15
crude_protein_priority,0.4832930238571752,TSs368,0.0
crude_protein_priority,0.4832930238571752,TSs371,6.591949208710873e-17
crude_protein_priority,0.4832930238571752,TSs378,1.2732870313667845e-15
crude_protein_priority,0.4832930238571752,TSs38,0.0
crude_protein_priority,0.4832930238571752,TSs383,3.688022109926136e-15
crude_protein_priority,0.4832930238571752,TSs3A,3.5735303605116837e-16
crude_protein_priority,0.4832930238571752,TSs4,0.0
crude_protein_priority,0.4832930238571752,TSs417,8.014422459011641e-16
crude_protein_priority,0.4832930238571752,TSs44C,1.106753577673036e-15
crude_protein_priority,0.4832930238571752,TSs48,0.0
crude_protein_priority,0.4832930238571752,TSs49,0.0
crude_protein_priority,0.4832930238571752,TSs49A,0.0
crude_protein_priority,0.4832930238571752,TSs51,0.0
crude_protein_priority,0.4832930238571752,TSs53,0.0
crude_protein_priority,0.4832930238571752,TSs56,2.48065457064646e-16
crude_protein_priority,0.4832930238571752,TSs56A,0.0
crude_protein_priority,0.4832930238571752,TSs58,0.0
crude_protein_priority,0.4832930238571752,TSs59B,0.0
crude_protein_priority,0.4832930238571752,TSs5A,0.0
crude_protein_priority,0.4832930238571752,TSs60,0.0
crude_protein_priority,0.4832930238571752,TSs60B,0.0
crude_protein_priority,0.4832930238571752,TSs61,4.518954654918901e-15
crude_protein_priority,0.4832930238571752,TSs63A,0.0
crude_protein_priority,0.4832930238571752,TSs68,0.0
crude_protein_priority,0.4832930238571752,TSs7,0.0
crude_protein_priority,0.4832930238571752,TSs78,1.9099305470501767e-15
crude_protein_priority,0.4832930238571752,TSs82,0.0
crude_protein_priority,0.4832930238571752,TSs9,0.0
crude_protein_priority,0.4832930238571752,TSs95,0.0
crude_protein_priority,0.4832930238571752,TSs96,0.0
crude_protein_priority,0.4832930238571752,TSs98,0.0
crude_protein_priority,0.7847599703514611,TSs10,0.0
crude_protein_priority,0.7847599703514611,TSs104,7.3517580911886e-15
crude_protein_priority,0.7847599703514611,TSs10A,0.0
crude_protein_priority,0.7847599703514611,TSs11,4.407932352456403e-15
crude_protein_priority,0.7847599703514611,TSs111,1.1572340308239535e-14
crude_protein_priority,0.7847599703514611,TSs116,1.309716224362292e-15
crude_protein_priority,0.7847599703514611,TSs119A,0.0
crude_protein_priority,0.7847599703514611,TSs120,0.0
crude_protein_priority,0.7847599703514611,TSs131,0.0
crude_protein_priority,0.7847599703514611,TSs132,0.0
crude_protein_priority,0.7847599703514611,TSs133,9.957312752105372e-16
crude_protein_priority,0.7847599703514611,TSs136,0.0
crude_protein_priority,0.7847599703514611,TSs138B,8.0248307998675e-15
crude_protein_priority,0.7847599703514611,TSs15,1.8908485888144348e-16
crude_protein_priority,0.7847599703514611,TSs151B,1.3350431871115494e-14
crude_protein_priority,0.7847599703514611,TSs155,1.2125717097076053e-14
crude_protein_priority,0.7847599703514611,TSs156A,1.955900719163555e-14
crude_protein_priority,0.7847599703514611,TSs157A,0.9999999999998478
crude_protein_priority,0.7847599703514611,TSs158,0.0
crude_protein_priority,0.7847599703514611,TSs161,0.0
crude_protein_priority,0.7847599703514611,TSs166,1.8873791418624817e-15
crude_protein_priority,0.7847599703514611,TSs168,1.802377691539631e-15
crude_protein_priority,0.7847599703514611,TSs195,3.575265083987661e-15
crude_protein_priority,0.7847599703514611,TSs1A,7.199102425302664e-16
crude_protein_priority,0.7847599703514611,TSs2,0.0
crude_protein_priority,0.7847599703514611,TSs201,2.0816681711718545e-15
crude_protein_priority,0.7847599703514611,TSs209,0.0
crude_protein_priority,0.7847599703514611,TSs217,5.880712583560489e-15
crude_protein_priority,0.7847599703514611,TSs224,3.989863994746055e-16
crude_protein_priority,0.7847599703514611,TSs22A,0.0
crude_protein_priority,0.7847599703514611,TSs22B,0.0
crude_protein_priority,0.7847599703514611,TSs23,2.5014712523581788e-15
crude_protein_priority,0.7847599703514611,TSs24,6.350822645550133e-15
crude_protein_priority,0.7847599703514611,TSs266,0.0
crude_protein_priority,0.7847599703514611,TSs269,9.228728892195221e-16
crude_protein_priority,0.7847599703514611,TSs27,0.0
crude_protein_priority,0.7847599703514611,TSs274,1.084202172485341e-15
crude_protein_priority,0.7847599703514611,TSs277,1.634109514369906e-15
crude_protein_priority,0.7847599703514611,TSs282,0.0
crude_protein_priority,0.7847599703514611,TSs287,0.0
crude_protein_priority,0.7847599703514611,TSs291,2.4875934645503663e-15
crude_protein_priority,0.7847599703514611,TSs293,0.0
crude_protein_priority,0.7847599703514611,TSs294,3.575265083987661e-15
crude_protein_priority,0.7847599703514611,TSs296,0.0
crude_protein_priority,0.7847599703514611,TSs297,0.0
crude_protein_priority,0.7847599703514611,TSs3,0.0
crude_protein_priority,0.7847599703514611,TSs30,0.0
crude_protein_priority,0.7847599703514611,TSs303,3.6897568334021125e-15
crude_protein_priority,0.7847599703514611,TSs311,5.802650027141545e-15
crude_protein_priority,0.7847599703514611,TSs314A,7.268491364341726e-16
crude_protein_priority,0.7847599703514611,TSs314B,0.0
crude_protein_priority,0.7847599703514611,TSs317,0.0
crude_protein_priority,0.7847599703514611,TSs325,0.0
crude_protein_priority,0.7847599703514611,TSs33,0.0
crude_protein_priority,0.7847599703514611,TSs331,0.0
crude_protein_priority,0.7847599703514611,TSs333,0.0
crude_protein_priority,0.7847599703514611,TSs334,0.0
crude_protein_priority,0.7847599703514611,TSs336,0.0
crude_protein_priority,0.7847599703514611,TSs338,3.8684333514276966e-16
crude_protein_priority,0.7847599703514611,TSs357,9.124645483636629e-16
crude_protein_priority,0.7847599703514611,TSs358,3.4104663537698884e-15
crude_protein_priority,0.7847599703514611,TSs361,2.687086664287669e-15
crude_protein_priority,0.7847599703514611,TSs363,5.68468883077514e-15
crude_protein_priority,0.7847599703514611,TSs365,1.0789980020574113e-15
crude_protein_priority,0.7847599703514611,TSs368,0.0
crude_protein_priority,0.7847599703514611,TSs371,6.591949208710873e-17
crude_protein_priority,0.7847599703514611,TSs378,1.2732870313667845e-15
crude_protein_priority,0.7847599703514611,TSs38,0.0
crude_protein_priority,0.7847599703514611,TSs383,3.688022109926136e-15
crude_protein_priority,0.7847599703514611,TSs3A,3.5735303605116837e-16
crude_protein_priority,0.7847599703514611,TSs4,0.0
crude_protein_priority,0.7847599703514611,TSs417,8.014422459011641e-16
crude_protein_priority,0.7847599703514611,TSs44C,1.106753577673036e-15
crude_protein_priority,0.7847599703514611,TSs48,0.0
crude_protein_priority,0.7847599703514611,TSs49,0.0
crude_protein_priority,0.7847599703514611,TSs49A,0.0
crude_protein_priority,0.7847599703514611,TSs51,0.0
crude_protein_priority,0.7847599703514611,TSs53,0.0
crude_protein_priority,0.7847599703514611,TSs56,2.48065457064646e-16
crude_protein_priority,0.7847599703514611,TSs56A,0.0
crude_protein_priority,0.7847599703514611,TSs58,0.0
crude_protein_priority,0.7847599703514611,TSs59B,0.0
crude_protein_priority,0.7847599703514611,TSs5A,0.0
crude_protein_priority,0.7847599703514611,TSs60,0.0
crude_protein_priority,0.7847599703514611,TSs60B,0.0
crude_protein_priority,0.7847599703514611,TSs61,4.518954654918901e-15
crude_protein_priority,0.7847599703514611,TSs63A,0.0
crude_protein_priority,0.7847599703514611,TSs68,0.0
crude_protein_priority,0.7847599703514611,TSs7,0.0
crude_protein_priority,0.7847599703514611,TSs78,1.9099305470501767e-15
crude_protein_priority,0.7847599703514611,TSs82,0.0
crude_protein_priority,0.7847599703514611,TSs9,0.0
crude_protein_priority,0.7847599703514611,TSs95,0.0
crude_protein_priority,0.7847599703514611,TSs96,0.0
crude_protein_priority,0.7847599703514611,TSs98,0.0
crude_protein_priority,1.2742749857031335,TSs10,3.902036352222028e-15
crude_protein_priority,1.2742749857031335,TSs104,1.5858219232922294e-15
crude_protein_priority,1.2742749857031335,TSs10A,1.3358549108587004e-15
crude_protein_priority,1.2742749857031335,TSs11,0.0
crude_protein_priority,1.2742749857031335,TSs111,0.0
crude_protein_priority,1.2742749857031335,TSs116,1.2763758803231385e-15
crude_protein_priority,1.2742749857031335,TSs119A,1.1222734115854786e-15
crude_protein_priority,1.2742749857031335,TSs120,5.280884310391914e-16
crude_protein_priority,1.2742749857031335,TSs131,8.563359058997579e-16
crude_protein_priority,1.2742749857031335,TSs132,6.643509188310474e-16
crude_protein_priority,1.2742749857031335,TSs133,9.19348654836836e-16
crude_protein_priority,1.2742749857031335,TSs136,0.0
crude_protein_priority,1.2742749857031335,TSs138B,0.0
crude_protein_priority,1.2742749857031335,TSs15,0.0
crude_protein_priority,1.2742749857031335,TSs151B,0.0
crude_protein_priority,1.2742749857031335,TSs155,0.0
crude_protein_priority,1.2742749857031335,TSs156A,0.0
crude_protein_priority,1.2742749857031335,TSs157A,0.7459362897272825
crude_protein_priority,1.2742749857031335,TSs158,2.8852816871415994e-16
crude_protein_priority,1.2742749857031335,TSs161,0.0
crude_protein_priority,1.2742749857031335,TSs166,9.76743795854686e-16
crude_protein_priority,1.2742749857031335,TSs168,0.0
crude_protein_priority,1.2742749857031335,TSs195,0.0
crude_protein_priority,1.2742749857031335,TSs1A,1.567401059265908e-16
crude_protein_priority,1.2742749857031335,TSs2,1.5305613719313212e-16
crude_protein_priority,1.2742749857031335,TSs201,0.0
crude_protein_priority,1.2742749857031335,TSs209,0.0
crude_protein_priority,1.2742749857031335,TSs217,0.0
crude_protein_priority,1.2742749857031335,TSs224,0.0
crude_protein_priority,1.2742749857031335,TSs22A,0.10492711026305244
crude_protein_priority,1.2742749857031335,TSs22B,0.0
crude_protein_priority,1.2742749857031335,TSs23,0.0
crude_protein_priority,1.2742749857031335,TSs24,0.0
crude_protein_priority,1.2742749857031335,TSs266,0.0
crude_protein_priority,1.2742749857031335,TSs269,0.0
crude_protein_priority,1.2742749857031335,TSs27,0.0
crude_protein_priority,1.2742749857031335,TSs274,0.0
crude_protein_priority,1.2742749857031335,TSs277,0.0
crude_protein_priority,1.2742749857031335,TSs282,2.209442812853304e-15
crude_protein_priority,1.2742749857031335,TSs287,1.7548647616620708e-16
crude_protein_priority,1.2742749857031335,TSs291,0.0
crude_protein_priority,1.2742749857031335,TSs293,5.839192998450476e-16
crude_protein_priority,1.2742749857031335,TSs294,0.0
crude_protein_priority,1.2742749857031335,TSs296,8.386801192498583e-16
crude_protein_priority,1.2742749857031335,TSs297,3.784805375513878e-15
crude_protein_priority,1.2742749857031335,TSs3,2.7372578150397318e-17
crude_protein_priority,1.2742749857031335,TSs30,0.0
crude_protein_priority,1.2742749857031335,TSs303,0.0
crude_protein_priority,1.2742749857031335,TSs311,0.0
crude_protein_priority,1.2742749857031335,TSs314A,0.0
crude_protein_priority,1.2742749857031335,TSs314B,5.777011260737149e-17
crude_protein_priority,1.2742749857031335,TSs317,6.798308294484049e-16
crude_protein_priority,1.2742749857031335,TSs325,2.4275703552298556e-15
crude_protein_priority,1.2742749857031335,TSs33,0.0
crude_protein_priority,1.2742749857031335,TSs331,6.880886479602237e-16
crude_protein_priority,1.2742749857031335,TSs333,0.0
crude_protein_priority,1.2742749857031335,TSs334,1.929601347485623e-15
crude_protein_priority,1.2742749857031335,TSs336,1.8277544260872785e-16
crude_protein_priority,1.2742749857031335,TSs338,0.0
crude_protein_priority,1.2742749857031335,TSs357,0.0
crude_protein_priority,1.2742749857031335,TSs358,0.0
crude_protein_priority,1.2742749857031335,TSs361,0.0
crude_protein_priority,1.2742749857031335,TSs363,0.0
crude_protein_priority,1.2742749857031335,TSs365,0.0
crude_protein_priority,1.2742749857031335,TSs368,2.475327665005723e-16
crude_protein_priority,1.2742749857031335,TSs371,0.0
crude_protein_priority,1.2742749857031335,TSs378,0.0
crude_protein_priority,1.2742749857031335,TSs38,0.03580649634744701
crude_protein_priority,1.2742749857031335,TSs383,0.0
crude_protein_priority,1.2742749857031335,TSs3A,0.0
crude_protein_priority,1.2742749857031335,TSs4,2.848431392181731e-16
crude_protein_priority,1.2742749857031335,TSs417,0.0
crude_protein_priority,1.2742749857031335,TSs44C,0.0
crude_protein_priority,1.2742749857031335,TSs48,0.0
crude_protein_priority,1.2742749857031335,TSs49,0.11333010366218649
crude_protein_priority,1.2742749857031335,TSs49A,0.0
crude_protein_priority,1.2742749857031335,TSs51,0.0
crude_protein_priority,1.2742749857031335,TSs53,8.789067578999319e-17
crude_protein_priority,1.2742749857031335,TSs56,0.0
crude_protein_priority,1.2742749857031335,TSs56A,4.764687344083895e-16
crude_protein_priority,1.2742749857031335,TSs58,4.623948942817185e-18
crude_protein_priority,1.2742749857031335,TSs59B,7.817800661807563e-16
crude_protein_priority,1.2742749857031335,TSs5A,0.0
crude_protein_priority,1.2742749857031335,TSs60,0.0
crude_protein_priority,1.2742749857031335,TSs60B,6.152466124867848e-16
crude_protein_priority,1.2742749857031335,TSs61,0.0
crude_protein_priority,1.2742749857031335,TSs63A,0.0
crude_protein_priority,1.2742749857031335,TSs68,1.0038246711058995e-15
crude_protein_priority,1.2742749857031335,TSs7,2.2666855386805284e-16
crude_protein_priority,1.2742749857031335,TSs78,0.0
crude_protein_priority,1.2742749857031335,TSs82,4.453433537317654e-17
crude_protein_priority,1.2742749857031335,TSs9,3.2379524558554696e-17
crude_protein_priority,1.2742749857031335,TSs95,0.0
crude_protein_priority,1.2742749857031335,TSs96,3.6544643194606676e-16
crude_protein_priority,1.2742749857031335,TSs98,0.0
crude_protein_priority,2.06913808111479,TSs10,0.0597560149256824
crude_protein_priority,2.06913808111479,TSs104,0.0
crude_protein_priority,2.06913808111479,TSs10A,4.2597740566635265e-15
crude_protein_priority,2.06913808111479,TSs11,0.0
crude_protein_priority,2.06913808111479,TSs111,0.0
crude_protein_priority,2.06913808111479,TSs116,1.441115722812673e-15
crude_protein_priority,2.06913808111479,TSs119A,4.065248166552327e-15
crude_protein_priority,2.06913808111479,TSs120,2.420065950350357e-15
crude_protein_priority,2.06913808111479,TSs131,1.7722045101136601e-15
crude_protein_priority,2.06913808111479,TSs132,5.653629794403479e-16
crude_protein_priority,2.06913808111479,TSs133,2.527165156590433e-16
crude_protein_priority,2.06913808111479,TSs136,0.0
crude_protein_priority,2.06913808111479,TSs138B,0.0
crude_protein_priority,2.06913808111479,TSs15,0.0
crude_protein_priority,2.06913808111479,TSs151B,0.0
crude_protein_priority,2.06913808111479,TSs155,0.0
crude_protein_priority,2.06913808111479,TSs156A,0.0
crude_protein_priority,2.06913808111479,TSs157A,0.5019085769023908
crude_protein_priority,2.06913808111479,TSs158,4.518574604691074e-16
crude_protein_priority,2.06913808111479,TSs161,0.0
crude_protein_priority,2.06913808111479,TSs166,1.2953613537302725e-15
crude_protein_priority,2.06913808111479,TSs168,0.0
crude_protein_priority,2.06913808111479,TSs195,0.0
crude_protein_priority,2.06913808111479,TSs1A,3.7975003459456666e-16
crude_protein_priority,2.06913808111479,TSs2,2.0410247806354465e-15
crude_protein_priority,2.06913808111479,TSs201,0.0
crude_protein_priority,2.06913808111479,TSs209,8.318163465802074e-16
crude_protein_priority,2.06913808111479,TSs217,0.0
crude_protein_priority,2.06913808111479,TSs224,1.861991733572094e-16
crude_protein_priority,2.06913808111479,TSs22A,0.1118730077306244
crude_protein_priority,2.06913808111479,TSs22B,2.9025802726494796e-15
crude_protein_priority,2.06913808111479,TSs23,0.0
crude_protein_priority,2.06913808111479,TSs24,0.0
crude_protein_priority,2.06913808111479,TSs266,0.0
crude_protein_priority,2.06913808111479,TSs269,0.0
crude_protein_priority,2.06913808111479,TSs27,0.0
crude_protein_priority,2.06913808111479,TSs274,0.0
crude_protein_priority,2.06913808111479,TSs277,0.0
crude_protein_priority,2.06913808111479,TSs282,0.03779826834414897
crude_protein_priority,2.06913808111479,TSs287,1.6296356924157264e-15
crude_protein_priority,2.06913808111479,TSs291,0.0
crude_protein_priority,2.06913808111479,TSs293,2.690049796842839e-15
crude_protein_priority,2.06913808111479,TSs294,0.0
crude_protein_priority,2.06913808111479,TSs296,4.0803031255283584e-15
crude_protein_priority,2.06913808111479,TSs297,0.01965189554247983
crude_protein_priority,2.06913808111479,TSs3,0.0
crude_protein_priority,2.06913808111479,TSs30,1.0566208481181457e-15
crude_protein_priority,2.06913808111479,TSs303,0.0
crude_protein_priority,2.06913808111479,TSs311,0.0
crude_protein_priority,2.06913808111479,TSs314A,0.0
crude_protein_priority,2.06913808111479,TSs314B,1.2659546981647253e-15
crude_protein_priority,2.06913808111479,TSs317,1.6969664332233633e-15
crude_protein_priority,2.06913808111479,TSs325,0.04289542347265396
crude_protein_priority,2.06913808111479,TSs33,1.3351328067540448e-15
crude_protein_priority,2.06913808111479,TSs331,6.147893668517307e-15
crude_protein_priority,2.06913808111479,TSs333,3.2081508378501025e-15
crude_protein_priority,2.06913808111479,TSs334,0.02092865085177281
crude_protein_priority,2.06913808111479,TSs336,0.0
crude_protein_priority,2.06913808111479,TSs338,0.0
crude_protein_priority,2.06913808111479,TSs357,1.5014054894555306e-16
crude_protein_priority,2.06913808111479,TSs358,0.0
crude_protein_priority,2.06913808111479,TSs361,0.0
crude_protein_priority,2.06913808111479,TSs363,0.0
crude_protein_priority,2.06913808111479,TSs365,9.985643220378107e-16
crude_protein_priority,2.06913808111479,TSs368,9.848397597950018e-16
crude_protein_priority,2.06913808111479,TSs371,0.0
crude_protein_priority,2.06913808111479,TSs378,0.0
crude_protein_priority,2.06913808111479,TSs38,0.060988915765140525
crude_protein_priority,2.06913808111479,TSs383,0.0
crude_protein_priority,2.06913808111479,TSs3A,0.0
crude_protein_priority,2.06913808111479,TSs4,8.149126945327742e-16
crude_protein_priority,2.06913808111479,TSs417,0.0
crude_protein_priority,2.06913808111479,TSs44C,0.0
crude_protein_priority,2.06913808111479,TSs48,3.9067051248560625e-16
crude_protein_priority,2.06913808111479,TSs49,0.10997924466309894
crude_protein_priority,2.06913808111479,TSs49A,1.696439401490616e-15
crude_protein_priority,2.06913808111479,TSs51,1.4691912635517404e-15
crude_protein_priority,2.06913808111479,TSs53,1.0506997997506388e-15
crude_protein_priority,2.06913808111479,TSs56,0.0
crude_protein_priority,2.06913808111479,TSs56A,2.1127542487439113e-15
crude_protein_priority,2.06913808111479,TSs58,1.867096965987566e-15
crude_protein_priority,2.06913808111479,TSs59B,0.017589145763657634
crude_protein_priority,2.06913808111479,TSs5A,2.5728689618975088e-15
crude_protein_priority,2.06913808111479,TSs60,0.0
crude_protein_priority,2.06913808111479,TSs60B,2.0791038240224533e-15
crude_protein_priority,2.06913808111479,TSs61,0.0
crude_protein_priority,2.06913808111479,TSs63A,2.1938740342506516e-16
crude_protein_priority,2.06913808111479,TSs68,0.01663085603827881
crude_protein_priority,2.06913808111479,TSs7,2.0769312781714415e-15
crude_protein_priority,2.06913808111479,TSs78,0.0
crude_protein_priority,2.06913808111479,TSs82,1.9659089757055057e-15
crude_protein_priority,2.06913808111479,TSs9,1.7161087951654965e-15
crude_protein_priority,2.06913808111479,TSs95,4.671078924630736e-16
crude_protein_priority,2.06913808111479,TSs96,2.4377537611717155e-15
crude_protein_priority,2.06913808111479,TSs98,0.0
crude_protein_priority,3.359818286283781,TSs10,0.07620920169206774
crude_protein_priority,3.359818286283781,TSs104,8.22479413480187e-17
crude_protein_priority,3.359818286283781,TSs10A,6.601088976079503e-17
crude_protein_priority,3.359818286283781,TSs11,7.838485636271172e-16
crude_protein_priority,3.359818286283781,TSs111,8.061296749495973e-16
crude_protein_priority,3.359818286283781,TSs116,0.0
crude_protein_priority,3.359818286283781,TSs119A,0.022754255380565087
crude_protein_priority,3.359818286283781,TSs120,1.1627520975392982e-16
crude_protein_priority,3.359818286283781,TSs131,0.0026801470505906254
crude_protein_priority,3.359818286283781,TSs132,2.7256624023566677e-16
crude_protein_priority,3.359818286283781,TSs133,1.6369163598207777e-16
crude_protein_priority,3.359818286283781,TSs136,4.753264246400479e-16
crude_protein_priority,3.359818286283781,TSs138B,2.361064478464408e-16
crude_protein_priority,3.359818286283781,TSs15,4.240914221089067e-16
crude_protein_priority,3.359818286283781,TSs151B,3.0932434850784916e-15
crude_protein_priority,3.359818286283781,TSs155,6.710218189858992e-16
crude_protein_priority,3.359818286283781,TSs156A,2.038030209189313e-15
crude_protein_priority,3.359818286283781,TSs157A,0.3329400298177673
crude_protein_priority,3.359818286283781,TSs158,7.431856880826403e-18
crude_protein_priority,3.359818286283781,TSs161,4.665280526143463e-16
crude_protein_priority,3.359818286283781,TSs166,3.286780654039433e-17
crude_protein_priority,3.359818286283781,TSs168,5.597722014208173e-16
crude_protein_priority,3.359818286283781,TSs195,5.183387491034107e-16
crude_protein_priority,3.359818286283781,TSs1A,6.02182479723565e-17
crude_protein_priority,3.359818286283781,TSs2,3.774709774850272e-17
crude_protein_priority,3.359818286283781,TSs201,6.007202210130951e-17
crude_protein_priority,3.359818286283781,TSs209,1.1322383551916111e-16
crude_protein_priority,3.359818286283781,TSs217,3.0342494670778117e-16
crude_protein_priority,3.359818286283781,TSs224,2.4754745325377292e-17
crude_protein_priority,3.359818286283781,TSs22A,0.09285961072777286
crude_protein_priority,3.359818286283781,TSs22B,2.208104163993024e-16
crude_protein_priority,3.359818286283781,TSs23,1.513923149189153e-16
crude_protein_priority,3.359818286283781,TSs24,9.79686210899953e-16
crude_protein_priority,3.359818286283781,TSs266,2.9927011235276696e-17
crude_protein_priority,3.359818286283781,TSs269,1.450759943874814e-16
crude_protein_priority,3.359818286283781,TSs27,2.4792479651035493e-16
crude_protein_priority,3.359818286283781,TSs274,7.255671175832882e-17
crude_protein_priority,3.359818286283781,TSs277,1.2262307917739303e-16
crude_protein_priority,3.359818286283781,TSs282,0.03880336365970733
crude_protein_priority,3.359818286283781,TSs287,9.448195416512436e-18
crude_protein_priority,3.359818286283781,TSs291,6.240211567006209e-17
crude_protein_priority,3.359818286283781,TSs293,1.9647580051789348e-17
crude_protein_priority,3.359818286283781,TSs294,2.8633988458164335e-16
crude_protein_priority,3.359818286283781,TSs296,2.0354521830736888e-17
crude_protein_priority,3.359818286283781,TSs297,0.02801071944476196
crude_protein_priority,3.359818286283781,TSs3,1.7828978824236446e-16
crude_protein_priority,3.359818286283781,TSs30,1.1494277513700071e-18
crude_protein_priority,3.359818286283781,TSs303,3.5344507900605227e-16
crude_protein_priority,3.359818286283781,TSs311,4.3056704578307496e-16
crude_protein_priority,3.359818286283781,TSs314A,2.451293805636583e-17
crude_protein_priority,3.359818286283781,TSs314B,4.6024584671542226e-17
crude_protein_priority,3.359818286283781,TSs317,2.454333303782634e-17
crude_protein_priority,3.359818286283781,TSs325,0.06712437391365013
crude_protein_priority,3.359818286283781,TSs33,4.2265084280981576e-18
crude_protein_priority,3.359818286283781,TSs331,0.03791611714983823
crude_protein_priority,3.359818286283781,TSs333,0.016589597997844898
crude_protein_priority,3.359818286283781,TSs334,0.049048347717302314
crude_protein_priority,3.359818286283781,TSs336,2.5745728562921093e-16
crude_protein_priority,3.359818286283781,TSs338,2.6484424549712743e-16
crude_protein_priority,3.359818286283781,TSs357,1.579365676972232e-17
crude_protein_priority,3.359818286283781,TSs358,2.5466237749852112e-17
crude_protein_priority,3.359818286283781,TSs361,7.962000300102331e-17
crude_protein_priority,3.359818286283781,TSs363,4.3731594022773474e-16
crude_protein_priority,3.359818286283781,TSs365,0.0
crude_protein_priority,3.359818286283781,TSs368,8.769588611894729e-18
crude_protein_priority,3.359818286283781,TSs371,6.304544389319055e-17
crude_protein_priority,3.359818286283781,TSs378,1.0158496153585536e-16
crude_protein_priority,3.359818286283781,TSs38,0.05981422633617015
crude_protein_priority,3.359818286283781,TSs383,7.792055967005354e-16
crude_protein_priority,3.359818286283781,TSs3A,2.7843246591198915e-16
crude_protein_priority,3.359818286283781,TSs4,0.0
crude_protein_priority,3.359818286283781,TSs417,3.1225789812803776e-16
crude_protein_priority,3.359818286283781,TSs44C,1.0418212930366593e-16
crude_protein_priority,3.359818286283781,TSs48,7.952078202536474e-17
crude_protein_priority,3.359818286283781,TSs49,0.083259018344925
crude_protein_priority,3.359818286283781,TSs49A,0.0
crude_protein_priority,3.359818286283781,TSs51,1.8567460631772876e-17
crude_protein_priority,3.359818286283781,TSs53,6.480170564552262e-18
crude_protein_priority,3.359818286283781,TSs56,5.025955917809712e-16
crude_protein_priority,3.359818286283781,TSs56A,0.0
crude_protein_priority,3.359818286283781,TSs58,4.4852555974784155e-18
crude_protein_priority,3.359818286283781,TSs59B,0.0529089480827215
crude_protein_priority,3.359818286283781,TSs5A,0.0
crude_protein_priority,3.359818286283781,TSs60,4.089792997960248e-16
crude_protein_priority,3.359818286283781,TSs60B,3.290728881963915e-18
crude_protein_priority,3.359818286283781,TSs61,6.256443965302306e-16
crude_protein_priority,3.359818286283781,TSs63A,6.935492690983019e-17
crude_protein_priority,3.359818286283781,TSs68,0.03908204268429521
crude_protein_priority,3.359818286283781,TSs7,8.22529749216284e-19
crude_protein_priority,3.359818286283781,TSs78,3.4764435853685996e-16
crude_protein_priority,3.359818286283781,TSs82,8.22201273668912e-18
crude_protein_priority,3.359818286283781,TSs9,5.944556868891424e-17
crude_protein_priority,3.359818286283781,TSs95,2.7958386503216933e-17
crude_protein_priority,3.359818286283781,TSs96,1.8723387374861385e-17
crude_protein_priority,3.359818286283781,TSs98,8.031129150160248e-17
crude_protein_priority,5.455594781168514,TSs10,0.0720161573096762
crude_protein_priority,5.455594781168514,TSs104,5.90122066769982e-16
crude_protein_priority,5.455594781168514,TSs10A,0.010281788598772249
crude_protein_priority,5.455594781168514,TSs11,5.82044257355714e-19
crude_protein_priority,5.455594781168514,TSs111,0.0
crude_protein_priority,5.455594781168514,TSs116,7.384782110603351e-16
crude_protein_priority,5.455594781168514,TSs119A,0.05185424254405107
crude_protein_priority,5.455594781168514,TSs120,9.42811234200478e-16
crude_protein_priority,5.455594781168514,TSs131,0.028455117246212334
crude_protein_priority,5.455594781168514,TSs132,1.2946563113937573e-16
crude_protein_priority,5.455594781168514,TSs133,7.043705765088218e-16
crude_protein_priority,5.455594781168514,TSs136,2.073468989352882e-17
crude_protein_priority,5.455594781168514,TSs138B,0.0
crude_protein_priority,5.455594781168514,TSs15,0.0
crude_protein_priority,5.455594781168514,TSs151B,0.0
crude_protein_priority,5.455594781168514,TSs155,0.0
crude_protein_priority,5.455594781168514,TSs156A,0.0
crude_protein_priority,5.455594781168514,TSs157A,0.2216313220375568
crude_protein_priority,5.455594781168514,TSs158,6.00878676538919e-17
crude_protein_priority,5.455594781168514,TSs161,0.0
crude_protein_priority,5.455594781168514,TSs166,0.0
crude_protein_priority,5.455594781168514,TSs168,0.0
crude_protein_priority,5.455594781168514,TSs195,1.9998320397704495e-16
crude_protein_priority,5.455594781168514,TSs1A,2.6455438545175222e-17
crude_protein_priority,5.455594781168514,TSs2,7.091490992159528e-17
crude_protein_priority,5.455594781168514,TSs201,0.0
crude_protein_priority,5.455594781168514,TSs209,2.1563144160063536e-16
crude_protein_priority,5.455594781168514,TSs217,0.0
crude_protein_priority,5.455594781168514,TSs224,4.486715911561276e-16
crude_protein_priority,5.455594781168514,TSs22A,0.07535541645375719
crude_protein_priority,5.455594781168514,TSs22B,4.3076646694012776e-16
crude_protein_priority,5.455594781168514,TSs23,1.9701519253973687e-16
crude_protein_priority,5.455594781168514,TSs24,0.0
crude_protein_priority,5.455594781168514,TSs266,0.0
crude_protein_priority,5.455594781168514,TSs269,0.0
crude_protein_priority,5.455594781168514,TSs27,0.0
crude_protein_priority,5.455594781168514,TSs274,0.0
crude_protein_priority,5.455594781168514,TSs277,0.0
crude_protein_priority,5.455594781168514,TSs282,0.037810338424451105
crude_protein_priority,5.455594781168514,TSs287,1.5627584781142797e-16
crude_protein_priority,5.455594781168514,TSs291,0.0
crude_protein_priority,5.455594781168514,TSs293,4.1365670139196144e-16
crude_protein_priority,5.455594781168514,TSs294,9.872528116742847e-17
crude_protein_priority,5.455594781168514,TSs296,0.00537490046136901
crude_protein_priority,5.455594781168514,TSs297,0.026646257037228227
crude_protein_priority,5.455594781168514,TSs3,0.0
crude_protein_priority,5.455594781168514,TSs30,8.942972946500137e-17
crude_protein_priority,5.455594781168514,TSs303,0.0
crude_protein_priority,5.455594781168514,TSs311,1.6245163136002833e-16
crude_protein_priority,5.455594781168514,TSs314A,0.0
crude_protein_priority,5.455594781168514,TSs314B,0.0
crude_protein_priority,5.455594781168514,TSs317,0.00025888459803051256
crude_protein_priority,5.455594781168514,TSs325,0.07062349003960403
crude_protein_priority,5.455594781168514,TSs33,3.097037411799727e-16
crude_protein_priority,5.455594781168514,TSs331,0.04805426707773088
crude_protein_priority,5.455594781168514,TSs333,0.030913702919779077
crude_protein_priority,5.455594781168514,TSs334,0.053015166604379604
crude_protein_priority,5.455594781168514,TSs336,0.0
crude_protein_priority,5.455594781168514,TSs338,0.0
crude_protein_priority,5.455594781168514,TSs357,5.381124869370311e-16
crude_protein_priority,5.455594781168514,TSs358,1.0874625921554856e-15
crude_protein_priority,5.455594781168514,TSs361,0.003887897331473652
crude_protein_priority,5.455594781168514,TSs363,5.94017186902533e-18
crude_protein_priority,5.455594781168514,TSs365,0.009833917991940217
crude_protein_priority,5.455594781168514,TSs368,0.0
crude_protein_priority,5.455594781168514,TSs371,0.0
crude_protein_priority,5.455594781168514,TSs378,0.0
crude_protein_priority,5.455594781168514,TSs38,0.051826344148978375
crude_protein_priority,5.455594781168514,TSs383,0.0
crude_protein_priority,5.455594781168514,TSs3A,0.0
crude_protein_priority,5.455594781168514,TSs4,0.0
crude_protein_priority,5.455594781168514,TSs417,0.0
crude_protein_priority,5.455594781168514,TSs44C,0.0
crude_protein_priority,5.455594781168514,TSs48,1.025682385241382e-16
crude_protein_priority,5.455594781168514,TSs49,0.06413619960721552
crude_protein_priority,5.455594781168514,TSs49A,0.01318954461680942
crude_protein_priority,5.455594781168514,TSs51,0.0
crude_protein_priority,5.455594781168514,TSs53,0.0
crude_protein_priority,5.455594781168514,TSs56,0.0
crude_protein_priority,5.455594781168514,TSs56A,0.012970144281195617
crude_protein_priority,5.455594781168514,TSs58,2.892352193857479e-16
crude_protein_priority,5.455594781168514,TSs59B,0.05452873391494415
crude_protein_priority,5.455594781168514,TSs5A,5.792087526290079e-16
crude_protein_priority,5.455594781168514,TSs60,0.0
crude_protein_priority,5.455594781168514,TSs60B,9.931866262365753e-17
crude_protein_priority,5.455594781168514,TSs61,0.0
crude_protein_priority,5.455594781168514,TSs63A,1.0916994529595716e-16
crude_protein_priority,5.455594781168514,TSs68,0.04390558129922405
crude_protein_priority,5.455594781168514,TSs7,0.005686654124844937
crude_protein_priority,5.455594781168514,TSs78,0.0
crude_protein_priority,5.455594781168514,TSs82,2.959250104723594e-16
crude_protein_priority,5.455594781168514,TSs9,1.7290643407575923e-16
crude_protein_priority,5.455594781168514,TSs95,8.37899702237321e-18
crude_protein_priority,5.455594781168514,TSs96,0.0077439313307662745
crude_protein_priority,5.455594781168514,TSs98,0.0
crude_protein_priority,8.858667904100823,TSs10,0.05540962845743871
crude_protein_priority,8.858667904100823,TSs104,2.3394454142144544e-16
crude_protein_priority,8.858667904100823,TSs10A,0.01712540003282026
crude_protein_priority,8.858667904100823,TSs11,1.0634852954964445e-16
crude_protein_priority,8.858667904100823,TSs111,2.5859014374595586e-16
crude_protein_priority,8.858667904100823,TSs116,0.0058114519681052084
crude_protein_priority,8.858667904100823,TSs119A,0.04751772491995831
crude_protein_priority,8.858667904100823,TSs120,0.013123684388728248
crude_protein_priority,8.858667904100823,TSs131,0.032142158013535385
crude_protein_priority,8.858667904100823,TSs132,6.836118808376944e-17
crude_protein_priority,8.858667904100823,TSs133,0.0035668392190205686
crude_protein_priority,8.858667904100823,TSs136,1.5071563669638851e-16
crude_protein_priority,8.858667904100823,TSs138B,4.2297583899941087e-17
crude_protein_priority,8.858667904100823,TSs15,1.6857081532846563e-16
crude_protein_priority,8.858667904100823,TSs151B,1.7661515146177082e-15
crude_protein_priority,8.858667904100823,TSs155,2.248758411321093e-16
crude_protein_priority,8.858667904100823,TSs156A,8.589528575131924e-16
crude_protein_priority,8.858667904100823,TSs157A,0.14657332552970456
crude_protein_priority,8.858667904100823,TSs158,0.001290492854774083
crude_protein_priority,8.858667904100823,TSs161,6.129199362610591e-17
crude_protein_priority,8.858667904100823,TSs166,0.00467354722723439
crude_protein_priority,8.858667904100823,TSs168,1.779332148738905e-16
crude_protein_priority,8.858667904100823,TSs195,1.3125996342231903e-16
crude_protein_priority,8.858667904100823,TSs1A,1.6649043058455885e-17
crude_protein_priority,8.858667904100823,TSs2,4.454625664253152e-17
crude_protein_priority,8.858667904100823,TSs201,4.638309098174662e-17
crude_protein_priority,8.858667904100823,TSs209,4.8439533658302046e-17
crude_protein_priority,8.858667904100823,TSs217,1.5766760562767053e-16
crude_protein_priority,8.858667904100823,TSs224,3.0814306997128835e-17
crude_protein_priority,8.858667904100823,TSs22A,0.05837485045076751
crude_protein_priority,8.858667904100823,TSs22B,0.00040643240465079196
crude_protein_priority,8.858667904100823,TSs23,1.5337826308431034e-16
crude_protein_priority,8.858667904100823,TSs24,6.936348292342708e-16
crude_protein_priority,8.858667904100823,TSs266,5.656898010473456e-17
crude_protein_priority,8.858667904100823,TSs269,1.1776210749613326e-16
crude_protein_priority,8.858667904100823,TSs27,3.462919442237497e-17
crude_protein_priority,8.858667904100823,TSs274,2.80785472781564e-17
crude_protein_priority,8.858667904100823,TSs277,2.088780858019919e-17
crude_protein_priority,8.858667904100823,TSs282,0.034615340757636705
crude_protein_priority,8.858667904100823,TSs287,0.004833315666792884
crude_protein_priority,8.858667904100823,TSs291,7.914730061451903e-17
crude_protein_priority,8.858667904100823,TSs293,7.52729750996535e-17
crude_protein_priority,8.858667904100823,TSs294,2.318207185274412e-16
crude_protein_priority,8.858667904100823,TSs296,0.012758489308690207
crude_protein_priority,8.858667904100823,TSs297,0.021807054562362958
crude_protein_priority,8.858667904100823,TSs3,1.9558055630753507e-16
crude_protein_priority,8.858667904100823,TSs30,1.484453899222201e-17
crude_protein_priority,8.858667904100823,TSs303,2.3700451221894615e-16
crude_protein_priority,8.858667904100823,TSs311,1.1183875998180257e-16
crude_protein_priority,8.858667904100823,TSs314A,2.262120669786947e-17
crude_protein_priority,8.858667904100823,TSs314B,5.585263442829523e-17
crude_protein_priority,8.858667904100823,TSs317,0.018718591964929452
crude_protein_priority,8.858667904100823,TSs325,0.05940444100314468
crude_protein_priority,8.858667904100823,TSs33,0.001224015259537314
crude_protein_priority,8.858667904100823,TSs331,0.0425831842485837
crude_protein_priority,8.858667904100823,TSs333,0.028171406613865135
crude_protein_priority,8.858667904100823,TSs334,0.04533278145259799
crude_protein_priority,8.858667904100823,TSs336,2.36157216709002e-16
crude_protein_priority,8.858667904100823,TSs338,1.2876860525533293e-16
crude_protein_priority,8.858667904100823,TSs357,0.01125503025478881
crude_protein_priority,8.858667904100823,TSs358,4.479442444876571e-16
crude_protein_priority,8.858667904100823,TSs361,0.021327306459024267
crude_protein_priority,8.858667904100823,TSs363,9.205141166794718e-17
crude_protein_priority,8.858667904100823,TSs365,0.017217106259599876
crude_protein_priority,8.858667904100823,TSs368,2.6804448768829105e-17
crude_protein_priority,8.858667904100823,TSs371,6.1747951019057e-17
crude_protein_priority,8.858667904100823,TSs378,2.530108969584569e-17
crude_protein_priority,8.858667904100823,TSs38,0.040015651327747495
crude_protein_priority,8.858667904100823,TSs383,3.69594579041642e-16
crude_protein_priority,8.858667904100823,TSs3A,1.9673725305403922e-16
crude_protein_priority,8.858667904100823,TSs4,1.4842162269056915e-17
crude_protein_priority,8.858667904100823,TSs417,5.491644854840756e-17
crude_protein_priority,8.858667904100823,TSs44C,4.2839738314329755e-17
crude_protein_priority,8.858667904100823,TSs48,6.21352643030905e-17
crude_protein_priority,8.858667904100823,TSs49,0.04596980202692008
crude_protein_priority,8.858667904100823,TSs49A,0.023495710912901233
crude_protein_priority,8.858667904100823,TSs51,2.3473466687941512e-17
crude_protein_priority,8.858667904100823,TSs53,3.483726654757963e-17
crude_protein_priority,8.858667904100823,TSs56,6.683863660477969e-16
crude_protein_priority,8.858667904100823,TSs56A,0.021851561821989763
crude_protein_priority,8.858667904100823,TSs58,0.014888890074889444
crude_protein_priority,8.858667904100823,TSs59B,0.04621108224815371
crude_protein_priority,8.858667904100823,TSs5A,0.007574795402647521
crude_protein_priority,8.858667904100823,TSs60,7.064450532972281e-17
crude_protein_priority,8.858667904100823,TSs60B,0.004773215257691757
crude_protein_priority,8.858667904100823,TSs61,3.791525973424798e-17
crude_protein_priority,8.858667904100823,TSs63A,2.074120422842388e-17
crude_protein_priority,8.858667904100823,TSs68,0.03776593153167388
crude_protein_priority,8.858667904100823,TSs7,0.01957448043782041
crude_protein_priority,8.858667904100823,TSs78,1.4468711886493582e-16
crude_protein_priority,8.858667904100823,TSs82,0.013897212362087403
crude_protein_priority,8.858667904100823,TSs9,6.941691121781272e-17
crude_protein_priority,8.858667904100823,TSs95,4.9807223526985296e-17
crude_protein_priority,8.858667904100823,TSs96,0.01871806731717559
crude_protein_priority,8.858667904100823,TSs98,9.79499081213499e-17
crude_protein_priority,14.38449888287663,TSs10,0.042356469745003074
crude_protein_priority,14.38449888287663,TSs104,1.7908031783161323e-17
crude_protein_priority,14.38449888287663,TSs10A,0.01982903659077062
crude_protein_priority,14.38449888287663,TSs11,2.2075508588464547e-16
crude_protein_priority,14.38449888287663,TSs111,3.46761126413962e-17
crude_protein_priority,14.38449888287663,TSs116,0.009516845441458002
crude_protein_priority,14.38449888287663,TSs119A,0.04120295455771311
crude_protein_priority,14.38449888287663,TSs120,0.01918475047289852
crude_protein_priority,14.38449888287663,TSs131,0.0324493038260789
crude_protein_priority,14.38449888287663,TSs132,2.960965748424883e-17
crude_protein_priority,14.38449888287663,TSs133,0.007891353884721243
crude_protein_priority,14.38449888287663,TSs136,1.2597375353423778e-16
crude_protein_priority,14.38449888287663,TSs138B,1.1585026663870285e-17
crude_protein_priority,14.38449888287663,TSs15,2.2863635372580252e-17
crude_protein_priority,14.38449888287663,TSs151B,4.095662715446593e-16
crude_protein_priority,14.38449888287663,TSs155,1.1605511626423026e-16
crude_protein_priority,14.38449888287663,TSs156A,0.0
crude_protein_priority,14.38449888287663,TSs157A,0.09786113945525901
crude_protein_priority,14.38449888287663,TSs158,0.012715484737229712
crude_protein_priority,14.38449888287663,TSs161,5.727746014889262e-17
crude_protein_priority,14.38449888287663,TSs166,0.008604628241995819
crude_protein_priority,14.38449888287663,TSs168,4.5056571295242356e-17
crude_protein_priority,14.38449888287663,TSs195,3.0948668115173396e-17
crude_protein_priority,14.38449888287663,TSs1A,2.552371190863259e-17
crude_protein_priority,14.38449888287663,TSs2,5.128054386741284e-17
crude_protein_priority,14.38449888287663,TSs201,3.62114254439523e-17
crude_protein_priority,14.38449888287663,TSs209,0.004733997456786928
crude_protein_priority,14.38449888287663,TSs217,2.717455975400383e-17
crude_protein_priority,14.38449888287663,TSs224,2.618356726280201e-17
crude_protein_priority,14.38449888287663,TSs22A,0.0470037177128729
crude_protein_priority,14.38449888287663,TSs22B,0.005034913311682677
crude_protein_priority,14.38449888287663,TSs23,2.9510592743220025e-17
crude_protein_priority,14.38449888287663,TSs24,1.1844419569651248e-16
crude_protein_priority,14.38449888287663,TSs266,4.0973988446420753e-17
crude_protein_priority,14.38449888287663,TSs269,5.654420308032085e-17
crude_protein_priority,14.38449888287663,TSs27,5.444221683570992e-17
crude_protein_priority,14.38449888287663,TSs274,0.00649546811441922
crude_protein_priority,14.38449888287663,TSs277,2.6263123162881852e-17
crude_protein_priority,14.38449888287663,TSs282,0.032148791795072774
crude_protein_priority,14.38449888287663,TSs287,0.014660480189319997
crude_protein_priority,14.38449888287663,TSs291,0.0005176866387213777
crude_protein_priority,14.38449888287663,TSs293,0.004667532276934612
crude_protein_priority,14.38449888287663,TSs294,7.55936623012231e-18
crude_protein_priority,14.38449888287663,TSs296,0.014138282846689287
crude_protein_priority,14.38449888287663,TSs297,0.018978564683041425
crude_protein_priority,14.38449888287663,TSs3,8.390789620585301e-17
crude_protein_priority,14.38449888287663,TSs30,5.264542670571358e-17
crude_protein_priority,14.38449888287663,TSs303,3.3826752230426796e-17
crude_protein_priority,14.38449888287663,TSs311,4.434507247615741e-17
crude_protein_priority,14.38449888287663,TSs314A,5.82211660434702e-17
crude_protein_priority,14.38449888287663,TSs314B,0.002193715199620434
crude_protein_priority,14.38449888287663,TSs317,0.02633915522638943
crude_protein_priority,14.38449888287663,TSs325,0.0469744255489277
crude_protein_priority,14.38449888287663,TSs33,0.01212834431867897
crude_protein_priority,14.38449888287663,TSs331,0.03600187281517373
crude_protein_priority,14.38449888287663,TSs333,0.02455284139040923
crude_protein_priority,14.38449888287663,TSs334,0.03665808768624086
crude_protein_priority,14.38449888287663,TSs336,9.580501095055202e-18
crude_protein_priority,14.38449888287663,TSs338,5.393635129072166e-17
crude_protein_priority,14.38449888287663,TSs357,0.019281856747398272
crude_protein_priority,14.38449888287663,TSs358,4.0609801168126784e-16
crude_protein_priority,14.38449888287663,TSs361,0.028900025244234007
crude_protein_priority,14.38449888287663,TSs363,1.1651386054005177e-16
crude_protein_priority,14.38449888287663,TSs365,0.019581085058892434
crude_protein_priority,14.38449888287663,TSs368,5.1254332864967484e-18
crude_protein_priority,14.38449888287663,TSs371,2.150040852153237e-17
crude_protein_priority,14.38449888287663,TSs378,1.5732536196647483e-17
crude_protein_priority,14.38449888287663,TSs38,0.031445090305789576
crude_protein_priority,14.38449888287663,TSs383,6.666481752077048e-17
crude_protein_priority,14.38449888287663,TSs3A,8.752181862533535e-18
crude_protein_priority,14.38449888287663,TSs4,0.0014119408852032323
crude_protein_priority,14.38449888287663,TSs417,2.3515101850062836e-17
crude_protein_priority,14.38449888287663,TSs44C,0.0
crude_protein_priority,14.38449888287663,TSs48,0.00898209302081964
crude_protein_priority,14.38449888287663,TSs49,0.032430673020400154
crude_protein_priority,14.38449888287663,TSs49A,0.02599027003340133
crude_protein_priority,14.38449888287663,TSs51,0.001668505948902301
crude_protein_priority,14.38449888287663,TSs53,7.046279476255541e-17
crude_protein_priority,14.38449888287663,TSs56,8.404831557459693e-17
crude_protein_priority,14.38449888287663,TSs56A,0.02516246961222265
crude_protein_priority,14.38449888287663,TSs58,0.02312106021169151
crude_protein_priority,14.38449888287663,TSs59B,0.03589229189546037
crude_protein_priority,14.38449888287663,TSs5A,0.012734456784381969
crude_protein_priority,14.38449888287663,TSs60,4.3192527181639485e-17
crude_protein_priority,14.38449888287663,TSs60B,0.0125231087165313
crude_protein_priority,14.38449888287663,TSs61,2.2651321654881668e-17
crude_protein_priority,14.38449888287663,TSs63A,2.9686315098750963e-17
crude_protein_priority,14.38449888287663,TSs68,0.03135515638818951
crude_protein_priority,14.38449888287663,TSs7,0.02274770634698081
crude_protein_priority,14.38449888287663,TSs78,7.327818491495754e-17
crude_protein_priority,14.38449888287663,TSs82,0.02064659817792843
crude_protein_priority,14.38449888287663,TSs9,6.972105098005881e-18
crude_protein_priority,14.38449888287663,TSs95,1.7845135416744305e-17
crude_protein_priority,14.38449888287663,TSs96,0.021285767437459926
crude_protein_priority,14.38449888287663,TSs98,0.0
crude_protein_priority,23.357214690901213,TSs10,0.0311682043329771
crude_protein_priority,23.357214690901213,TSs104,9.525374961321302e-17
crude_protein_priority,23.357214690901213,TSs10A,0.017889548671118412
crude_protein_priority,23.357214690901213,TSs11,7.884301646983014e-18
crude_protein_priority,23.357214690901213,TSs111,4.4946554633656564e-17
crude_protein_priority,23.357214690901213,TSs116,0.011428492352587567
crude_protein_priority,23.357214690901213,TSs119A,0.03339654489622831
crude_protein_priority,23.357214690901213,TSs120,0.01918204012169559
crude_protein_priority,23.357214690901213,TSs131,0.02848426494448404
crude_protein_priority,23.357214690901213,TSs132,0.0010869121142573542
crude_protein_priority,23.357214690901213,TSs133,0.00940257199633759
crude_protein_priority,23.357214690901213,TSs136,1.5066704975802064e-17
crude_protein_priority,23.357214690901213,TSs138B,0.007102104805455241
crude_protein_priority,23.357214690901213,TSs15,5.058509833718747e-17
crude_protein_priority,23.357214690901213,TSs151B,2.052992144508471e-16
crude_protein_priority,23.357214690901213,TSs155,1.1381902639698408e-17
crude_protein_priority,23.357214690901213,TSs156A,1.688275753717558e-16
crude_protein_priority,23.357214690901213,TSs157A,0.06599666170350539
crude_protein_priority,23.357214690901213,TSs158,0.015826984941763027
crude_protein_priority,23.357214690901213,TSs161,2.894924851689734e-17
crude_protein_priority,23.357214690901213,TSs166,0.010150450798179214
crude_protein_priority,23.357214690901213,TSs168,4.991349534350808e-17
crude_protein_priority,23.357214690901213,TSs195,1.1254787999286316e-17
crude_protein_priority,23.357214690901213,TSs1A,1.731385881959578e-17
crude_protein_priority,23.357214690901213,TSs2,0.0017216029175626472
crude_protein_priority,23.357214690901213,TSs201,0.00940379916337124
crude_protein_priority,23.357214690901213,TSs209,0.007046331513463357
crude_protein_priority,23.357214690901213,TSs217,0.001346855909759487
crude_protein_priority,23.357214690901213,TSs224,0.005413566522699444
crude_protein_priority,23.357214690901213,TSs22A,0.03579576822134711
crude_protein_priority,23.357214690901213,TSs22B,0.008272194027443561
crude_protein_priority,23.357214690901213,TSs23,5.2301914717402556e-17
crude_protein_priority,23.357214690901213,TSs24,5.3458280787942436e-17
crude_protein_priority,23.357214690901213,TSs266,0.003011777102570318
crude_protein_priority,23.357214690901213,TSs269,1.9696974030870265e-17
crude_protein_priority,23.357214690901213,TSs27,0.0034146725370139404
crude_protein_priority,23.357214690901213,TSs274,0.013918907049758131
crude_protein_priority,23.357214690901213,TSs277,0.00012993523301877446
crude_protein_priority,23.357214690901213,TSs282,0.027171933319132143
crude_protein_priority,23.357214690901213,TSs287,0.013725940730582108
crude_protein_priority,23.357214690901213,TSs291,0.007326950976644442
crude_protein_priority,23.357214690901213,TSs293,0.008039082589386591
crude_protein_priority,23.357214690901213,TSs294,1.7379927255042387e-17
crude_protein_priority,23.357214690901213,TSs296,0.014931718938575613
crude_protein_priority,23.357214690901213,TSs297,0.015963363443896365
crude_protein_priority,23.357214690901213,TSs3,4.7248628834441845e-17
crude_protein_priority,23.357214690901213,TSs30,0.005021414941039011
crude_protein_priority,23.357214690901213,TSs303,1.8460055237641388e-17
crude_protein_priority,23.357214690901213,TSs311,0.006987376431862248
crude_protein_priority,23.357214690901213,TSs314A,0.00809573873420138
crude_protein_priority,23.357214690901213,TSs314B,0.007236696249530674
crude_protein_priority,23.357214690901213,TSs317,0.024128074326569597
crude_protein_priority,23.357214690901213,TSs325,0.034830167860554276
crude_protein_priority,23.357214690901213,TSs33,0.01611854125066758
crude_protein_priority,23.357214690901213,TSs331,0.029313151960854295
crude_protein_priority,23.357214690901213,TSs333,0.021192246919247433
crude_protein_priority,23.357214690901213,TSs334,0.02790321817274401
crude_protein_priority,23.357214690901213,TSs336,2.3209851371885608e-17
crude_protein_priority,23.357214690901213,TSs338,5.0503875465116346e-17
crude_protein_priority,23.357214690901213,TSs357,0.021470967844879618
crude_protein_priority,23.357214690901213,TSs358,0.006184775469763492
crude_protein_priority,23.357214690901213,TSs361,0.025814877350540187
crude_protein_priority,23.357214690901213,TSs363,0.0012119571646210493
crude_protein_priority,23.357214690901213,TSs365,0.01816614057074328
crude_protein_priority,23.357214690901213,TSs368,0.007834209054578992
crude_protein_priority,23.357214690901213,TSs371,0.0012502202778143982
crude_protein_priority,23.357214690901213,TSs378,3.073222297975887e-17
crude_protein_priority,23.357214690901213,TSs38,0.025087294705431962
crude_protein_priority,23.357214690901213,TSs383,1.6902239061872047e-17
crude_protein_priority,23.357214690901213,TSs3A,1.2765414508723566e-17
crude_protein_priority,23.357214690901213,TSs4,0.009299408692698255
crude_protein_priority,23.357214690901213,TSs417,0.002840032400513755
crude_protein_priority,23.357214690901213,TSs44C,0.0009548295335243738
crude_protein_priority,23.357214690901213,TSs48,0.012789080274913772
crude_protein_priority,23.357214690901213,TSs49,0.025864831364473366
crude_protein_priority,23.357214690901213,TSs49A,0.023961990165230374
crude_protein_priority,23.357214690901213,TSs51,0.009374768116684131
crude_protein_priority,23.357214690901213,TSs53,7.21637551995585e-18
crude_protein_priority,23.357214690901213,TSs56,5.636978764753658e-17
crude_protein_priority,23.357214690901213,TSs56A,0.023281956260250748
crude_protein_priority,23.357214690901213,TSs58,0.02297181303739681
crude_protein_priority,23.357214690901213,TSs59B,0.028384139644857396
crude_protein_priority,23.357214690901213,TSs5A,0.015092327521001671
crude_protein_priority,23.357214690901213,TSs60,1.6953920304203815e-17
crude_protein_priority,23.357214690901213,TSs60B,0.014648896307718429
crude_protein_priority,23.357214690901213,TSs61,2.4466193842722102e-17
crude_protein_priority,23.357214690901213,TSs63A,1.834686652985212e-17
crude_protein_priority,23.357214690901213,TSs68,0.023291440787555857
crude_protein_priority,23.357214690901213,TSs7,0.022014369171301746
crude_protein_priority,23.357214690901213,TSs78,9.514493773074597e-18
crude_protein_priority,23.357214690901213,TSs82,0.02107887429347626
crude_protein_priority,23.357214690901213,TSs9,0.004727676306678256
crude_protein_priority,23.357214690901213,TSs95,0.0028580416355464566
crude_protein_priority,23.357214690901213,TSs96,0.019515390236802314
crude_protein_priority,23.357214690901213,TSs98,0.0014538830889172026
crude_protein_priority,37.92690190732246,TSs10,0.023516061024153646
crude_protein_priority,37.92690190732246,TSs104,0.0028182391652467036
crude_protein_priority,37.92690190732246,TSs10A,0.016174323771791285
crude_protein_priority,37.92690190732246,TSs11,0.0017177277263437148
crude_protein_priority,37.92690190732246,TSs111,6.224462310710763e-17
crude_protein_priority,37.92690190732246,TSs116,0.011261049620022879
crude_protein_priority,37.92690190732246,TSs119A,0.025261377971248347
crude_protein_priority,37.92690190732246,TSs120,0.017325522186148433
crude_protein_priority,37.92690190732246,TSs131,0.022681863882086543
crude_protein_priority,37.92690190732246,TSs132,0.004653217678680267
crude_protein_priority,37.92690190732246,TSs133,0.010521951319213685
crude_protein_priority,37.92690190732246,TSs136,1.810979474038691e-17
crude_protein_priority,37.92690190732246,TSs138B,0.010435259553536374
crude_protein_priority,37.92690190732246,TSs15,0.0027719592567824565
crude_protein_priority,37.92690190732246,TSs151B,6.030077442461332e-16
crude_protein_priority,37.92690190732246,TSs155,0.0011091444091078562
crude_protein_priority,37.92690190732246,TSs156A,9.401297836881241e-17
crude_protein_priority,37.92690190732246,TSs157A,0.04628820267660038
crude_protein_priority,37.92690190732246,TSs158,0.015070354149494865
crude_protein_priority,37.92690190732246,TSs161,0.0015750342040188427
crude_protein_priority,37.92690190732246,TSs166,0.01022294051364382
crude_protein_priority,37.92690190732246,TSs168,0.000544335923990006
crude_protein_priority,37.92690190732246,TSs195,0.0012307778565104448
crude_protein_priority,37.92690190732246,TSs1A,0.0003548838491061623
crude_protein_priority,37.92690190732246,TSs2,0.007354209122714996
crude_protein_priority,37.92690190732246,TSs201,0.01170516221700327
crude_protein_priority,37.92690190732246,TSs209,0.007858638939109758
crude_protein_priority,37.92690190732246,TSs217,0.006134385743663004
crude_protein_priority,37.92690190732246,TSs224,0.008664466895989776
crude_protein_priority,37.92690190732246,TSs22A,0.027248553835937363
crude_protein_priority,37.92690190732246,TSs22B,0.010870701360241751
crude_protein_priority,37.92690190732246,TSs23,0.004287391815989857
crude_protein_priority,37.92690190732246,TSs24,5.612615402352373e-17
crude_protein_priority,37.92690190732246,TSs266,0.007051605607245691
crude_protein_priority,37.92690190732246,TSs269,0.0014294591879933588
crude_protein_priority,37.92690190732246,TSs27,0.0065546383446641095
crude_protein_priority,37.92690190732246,TSs274,0.014752605672340418
crude_protein_priority,37.92690190732246,TSs277,0.005085911793581154
crude_protein_priority,37.92690190732246,TSs282,0.02138729581632033
crude_protein_priority,37.92690190732246,TSs287,0.013713830667992529
crude_protein_priority,37.92690190732246,TSs291,0.008723367559954353
crude_protein_priority,37.92690190732246,TSs293,0.008979157048210265
crude_protein_priority,37.92690190732246,TSs294,2.3417974686068823e-17
crude_protein_priority,37.92690190732246,TSs296,0.013769523157636436
crude_protein_priority,37.92690190732246,TSs297,0.013928271777737809
crude_protein_priority,37.92690190732246,TSs3,0.00021971279846409058
crude_protein_priority,37.92690190732246,TSs30,0.00765235323560571
crude_protein_priority,37.92690190732246,TSs303,0.003301421631002403
crude_protein_priority,37.92690190732246,TSs311,0.011021379584167195
crude_protein_priority,37.92690190732246,TSs314A,0.011459739008226968
crude_protein_priority,37.92690190732246,TSs314B,0.009217522715772638
crude_protein_priority,37.92690190732246,TSs317,0.02050671136455633
crude_protein_priority,37.92690190732246,TSs325,0.026690607009638427
crude_protein_priority,37.92690190732246,TSs33,0.016226365452967618
crude_protein_priority,37.92690190732246,TSs331,0.024018343624910496
crude_protein_priority,37.92690190732246,TSs333,0.01785589150354612
crude_protein_priority,37.92690190732246,TSs334,0.021455007402077817
crude_protein_priority,37.92690190732246,TSs336,2.20463107471568e-17
crude_protein_priority,37.92690190732246,TSs338,3.498405528790523e-17
crude_protein_priority,37.92690190732246,TSs357,0.02009639094878856
crude_protein_priority,37.92690190732246,TSs358,0.014705810129579007
crude_protein_priority,37.92690190732246,TSs361,0.017676312103220924
crude_protein_priority,37.92690190732246,TSs363,0.00741671857729041
crude_protein_priority,37.92690190732246,TSs365,0.015665940018805925
crude_protein_priority,37.92690190732246,TSs368,0.011196840376056297
crude_protein_priority,37.92690190732246,TSs371,0.005517289220423091
crude_protein_priority,37.92690190732246,TSs378,0.005229308005700687
crude_protein_priority,37.92690190732246,TSs38,0.019627987991719123
crude_protein_priority,37.92690190732246,TSs383,1.2155408470907914e-17
crude_protein_priority,37.92690190732246,TSs3A,0.002623775845496262
crude_protein_priority,37.92690190732246,TSs4,0.01108927602472715
crude_protein_priority,37.92690190732246,TSs417,0.006980291742903908
crude_protein_priority,37.92690190732246,TSs44C,0.0054304280716679434
crude_protein_priority,37.92690190732246,TSs48,0.01380941941483468
crude_protein_priority,37.92690190732246,TSs49,0.02056895186416518
crude_protein_priority,37.92690190732246,TSs49A,0.020371830690520485
crude_protein_priority,37.92690190732246,TSs51,0.011936139242165193
crude_protein_priority,37.92690190732246,TSs53,0.0056410164887679085
crude_protein_priority,37.92690190732246,TSs56,5.618516028111814e-17
crude_protein_priority,37.92690190732246,TSs56A,0.017622875909462637
crude_protein_priority,37.92690190732246,TSs58,0.018560213376649714
crude_protein_priority,37.92690190732246,TSs59B,0.022650115394800274
crude_protein_priority,37.92690190732246,TSs5A,0.014655300030226233
crude_protein_priority,37.92690190732246,TSs60,2.2572019614397452e-17
crude_protein_priority,37.92690190732246,TSs60B,0.01294605947501385
crude_protein_priority,37.92690190732246,TSs61,0.004917255716248843
crude_protein_priority,37.92690190732246,TSs63A,0.0036793161541801398
crude_protein_priority,37.92690190732246,TSs68,0.018063948755510383
crude_protein_priority,37.92690190732246,TSs7,0.018940550234546626
crude_protein_priority,37.92690190732246,TSs78,0.0033488223631764355
crude_protein_priority,37.92690190732246,TSs82,0.01812084274135785
crude_protein_priority,37.92690190732246,TSs9,0.008483192529199527
crude_protein_priority,37.92690190732246,TSs95,0.00640777977849604
crude_protein_priority,37.92690190732246,TSs96,0.016152859425471004
crude_protein_priority,37.92690190732246,TSs98,0.005208682725837871
crude_protein_priority,61.584821106602604,TSs10,0.01897328306110514
crude_protein_priority,61.584821106602604,TSs104,0.006364157222350653
crude_protein_priority,61.584821106602604,TSs10A,0.014615810600082301
crude_protein_priority,61.584821106602604,TSs11,0.00522626379131612
crude_protein_priority,61.584821106602604,TSs111,5.976990559991977e-18
crude_protein_priority,61.584821106602604,TSs116,0.011253570307991088
crude_protein_priority,61.584821106602604,TSs119A,0.019492080818506813
crude_protein_priority,61.584821106602604,TSs120,0.015392816150931578
crude_protein_priority,61.584821106602604,TSs131,0.018463817123958254
crude_protein_priority,61.584821106602604,TSs132,0.006678480935618034
crude_protein_priority,61.584821106602604,TSs133,0.010928864134206968
crude_protein_priority,61.584821106602604,TSs136,0.00441897199524166
crude_protein_priority,61.584821106602604,TSs138B,0.011456056090904365
crude_protein_priority,61.584821106602604,TSs15,0.005969406502945816
crude_protein_priority,61.584821106602604,TSs151B,1.7663249604115755e-16
crude_protein_priority,61.584821106602604,TSs155,0.0052779949074554305
crude_protein_priority,61.584821106602604,TSs156A,3.322745377150672e-17
crude_protein_priority,61.584821106602604,TSs157A,0.03314517130234622
crude_protein_priority,61.584821106602604,TSs158,0.01332685506118081
crude_protein_priority,61.584821106602604,TSs161,0.005357159476042756
crude_protein_priority,61.584821106602604,TSs166,0.010439358874876776
crude_protein_priority,61.584821106602604,TSs168,0.0043208271669452816
crude_protein_priority,61.584821106602604,TSs195,0.004268141467551877
crude_protein_priority,61.584821106602604,TSs1A,0.00515856473203964
crude_protein_priority,61.584821106602604,TSs2,0.009196348176033275
crude_protein_priority,61.584821106602604,TSs201,0.011853676341844914
crude_protein_priority,61.584821106602604,TSs209,0.008715853270886122
crude_protein_priority,61.584821106602604,TSs217,0.00807589823615761
crude_protein_priority,61.584821106602604,TSs224,0.008908787181563401
crude_protein_priority,61.584821106602604,TSs22A,0.020535037289840956
crude_protein_priority,61.584821106602604,TSs22B,0.011123879328286882
crude_protein_priority,61.584821106602604,TSs23,0.007156071365932335
crude_protein_priority,61.584821106602604,TSs24,0.00029900765946616896
crude_protein_priority,61.584821106602604,TSs266,0.008715997323792486
crude_protein_priority,61.584821106602604,TSs269,0.006518005289635825
crude_protein_priority,61.584821106602604,TSs27,0.008200292706562492
crude_protein_priority,61.584821106602604,TSs274,0.013867036401897037
crude_protein_priority,61.584821106602604,TSs277,0.007957521256872926
crude_protein_priority,61.584821106602604,TSs282,0.019107803480759675
crude_protein_priority,61.584821106602604,TSs287,0.012642372801317893
crude_protein_priority,61.584821106602604,TSs291,0.009580219876341412
crude_protein_priority,61.584821106602604,TSs293,0.009366905239358583
crude_protein_priority,61.584821106602604,TSs294,0.001241830903004346
crude_protein_priority,61.584821106602604,TSs296,0.011603816782607667
crude_protein_priority,61.584821106602604,TSs297,0.012758717243205549
crude_protein_priority,61.584821106602604,TSs3,0.0039530298898650465
crude_protein_priority,61.584821106602604,TSs30,0.009495897145094903
crude_protein_priority,61.584821106602604,TSs303,0.006464882605613362
crude_protein_priority,61.584821106602604,TSs311,0.01154317345392743
crude_protein_priority,61.584821106602604,TSs314A,0.012292115958608053
crude_protein_priority,61.584821106602604,TSs314B,0.009117664657505232
crude_protein_priority,61.584821106602604,TSs317,0.01679308041749554
crude_protein_priority,61.584821106602604,TSs325,0.020365074690558822
crude_protein_priority,61.584821106602604,TSs33,0.014440324443136771
crude_protein_priority,61.584821106602604,TSs331,0.01945014448498983
crude_protein_priority,61.584821106602604,TSs333,0.014720452064826205
crude_protein_priority,61.584821106602604,TSs334,0.017411609724483763
crude_protein_priority,61.584821106602604,TSs336,0.002801039773566849
crude_protein_priority,61.584821106602604,TSs338,0.0013253098238911935
crude_protein_priority,61.584821106602604,TSs357,0.017350560985424243
crude_protein_priority,61.584821106602604,TSs358,0.01706649045836703
crude_protein_priority,61.584821106602604,TSs361,0.01581561647374499
crude_protein_priority,61.584821106602604,TSs363,0.010270141665309245
crude_protein_priority,61.584821106602604,TSs365,0.013891228735024347
crude_protein_priority,61.584821106602604,TSs368,0.01165725957045125
crude_protein_priority,61.584821106602604,TSs371,0.007716610197092659
crude_protein_priority,61.584821106602604,TSs378,0.008072040720206774
crude_protein_priority,61.584821106602604,TSs38,0.015933264538917153
crude_protein_priority,61.584821106602604,TSs383,0.002762153722139637
crude_protein_priority,61.584821106602604,TSs3A,0.006952728297020972
crude_protein_priority,61.584821106602604,TSs4,0.011887833903616042
crude_protein_priority,61.584821106602604,TSs417,0.008483265021952423
crude_protein_priority,61.584821106602604,TSs44C,0.007848170456056465
crude_protein_priority,61.584821106602604,TSs48,0.012783362782637468
crude_protein_priority,61.584821106602604,TSs49,0.016197599677479878
crude_protein_priority,61.584821106602604,TSs49A,0.016879352587929712
crude_protein_priority,61.584821106602604,TSs51,0.011665633456048758
crude_protein_priority,61.584821106602604,TSs53,0.008574479650566317
crude_protein_priority,61.584821106602604,TSs56,0.0007223546924055467
crude_protein_priority,61.584821106602604,TSs56A,0.01441992412816529
crude_protein_priority,61.584821106602604,TSs58,0.015011420932602425
crude_protein_priority,61.584821106602604,TSs59B,0.0180981724649585
crude_protein_priority,61.584821106602604,TSs5A,0.013572482233214828
crude_protein_priority,61.584821106602604,TSs60,8.288018741333306e-07
crude_protein_priority,61.584821106602604,TSs60B,0.011945396778617747
crude_protein_priority,61.584821106602604,TSs61,0.007993389050613923
crude_protein_priority,61.584821106602604,TSs63A,0.006309718067500398
crude_protein_priority,61.584821106602604,TSs68,0.014445485567702072
crude_protein_priority,61.584821106602604,TSs7,0.015540347735240363
crude_protein_priority,61.584821106602604,TSs78,0.006667519938624717
crude_protein_priority,61.584821106602604,TSs82,0.016070287689087144
crude_protein_priority,61.584821106602604,TSs9,0.009811645717585091
crude_protein_priority,61.584821106602604,TSs95,0.008595737576309784
crude_protein_priority,61.584821106602604,TSs96,0.013649023803983853
crude_protein_priority,61.584821106602604,TSs98,0.007211942909000519
crude_protein_priority,100.0,TSs10,0.015902205018161683
crude_protein_priority,100.0,TSs104,0.007913834893525868
crude_protein_priority,100.0,TSs10A,0.013088983352166577
crude_protein_priority,100.0,TSs11,0.007302545825258638
crude_protein_priority,100.0,TSs111,0.0037068555310990708
crude_protein_priority,100.0,TSs116,0.010954581927038036
crude_protein_priority,100.0,TSs119A,0.015990671115470017
crude_protein_priority,100.0,TSs120,0.013685249350509902
crude_protein_priority,100.0,TSs131,0.015456944131868234
crude_protein_priority,100.0,TSs132,0.008113111788290297
crude_protein_priority,100.0,TSs133,0.011020683782811768
crude_protein_priority,100.0,TSs136,0.00689562101620465
crude_protein_priority,100.0,TSs138B,0.011290057716220265
crude_protein_priority,100.0,TSs15,0.007736190928205959
crude_protein_priority,100.0,TSs151B,3.701780607454663e-16
crude_protein_priority,100.0,TSs155,0.0073968324043250724
crude_protein_priority,100.0,TSs156A,0.0021679959628920996
crude_protein_priority,100.0,TSs157A,0.024392199004033402
crude_protein_priority,100.0,TSs158,0.012259414057174584
crude_protein_priority,100.0,TSs161,0.007438784831904111
crude_protein_priority,100.0,TSs166,0.010448101763345685
crude_protein_priority,100.0,TSs168,0.006688384229783695
crude_protein_priority,100.0,TSs195,0.006510400832105622
crude_protein_priority,100.0,TSs1A,0.007410712318872145
crude_protein_priority,100.0,TSs2,0.00981552025080333
crude_protein_priority,100.0,TSs201,0.011343760988599549
crude_protein_priority,100.0,TSs209,0.009369453444145278
crude_protein_priority,100.0,TSs217,0.008864090962287633
crude_protein_priority,100.0,TSs224,0.009429564109394547
crude_protein_priority,100.0,TSs22A,0.016577565912931858
crude_protein_priority,100.0,TSs22B,0.010891579063417046
crude_protein_priority,100.0,TSs23,0.008507178950186118
crude_protein_priority,100.0,TSs24,0.004119086448050057
crude_protein_priority,100.0,TSs266,0.009456732783952235
crude_protein_priority,100.0,TSs269,0.008165578681240845
crude_protein_priority,100.0,TSs27,0.009186801819441641
crude_protein_priority,100.0,TSs274,0.012523363018262679
crude_protein_priority,100.0,TSs277,0.009125177028289366
crude_protein_priority,100.0,TSs282,0.01582827625900573
crude_protein_priority,100.0,TSs287,0.01178643227005613
crude_protein_priority,100.0,TSs291,0.009879017649164783
crude_protein_priority,100.0,TSs293,0.009827515837243013
crude_protein_priority,100.0,TSs294,0.004799396489167394
crude_protein_priority,100.0,TSs296,0.010975941280869353
crude_protein_priority,100.0,TSs297,0.011932367258544989
crude_protein_priority,100.0,TSs3,0.00641178612580738
crude_protein_priority,100.0,TSs30,0.009916584456406415
crude_protein_priority,100.0,TSs303,0.008067273450285841
crude_protein_priority,100.0,TSs311,0.01118117951071382
crude_protein_priority,100.0,TSs314A,0.01162983479956378
crude_protein_priority,100.0,TSs314B,0.009784655291086568
crude_protein_priority,100.0,TSs317,0.014466057372707324
crude_protein_priority,100.0,TSs325,0.016471991806996662
crude_protein_priority,100.0,TSs33,0.013047269284643712
crude_protein_priority,100.0,TSs331,0.016044635416240873
crude_protein_priority,100.0,TSs333,0.013132391082947593
crude_protein_priority,100.0,TSs334,0.014760302759184612
crude_protein_priority,100.0,TSs336,0.005761427799283775
crude_protein_priority,100.0,TSs338,0.004959221957970937
crude_protein_priority,100.0,TSs357,0.014824627238891828
crude_protein_priority,100.0,TSs358,0.017568053713466845
crude_protein_priority,100.0,TSs361,0.015219246431848776
crude_protein_priority,100.0,TSs363,0.01105461746892318
crude_protein_priority,100.0,TSs365,0.012547990899493943
crude_protein_priority,100.0,TSs368,0.011104089975922835
crude_protein_priority,100.0,TSs371,0.008754926181653582
crude_protein_priority,100.0,TSs378,0.009270341896950151
crude_protein_priority,100.0,TSs38,0.013885199124806805
crude_protein_priority,100.0,TSs383,0.005638788403743101
crude_protein_priority,100.0,TSs3A,0.00834318401176952
crude_protein_priority,100.0,TSs4,0.011347911324314654
crude_protein_priority,100.0,TSs417,0.009297449118766007
crude_protein_priority,100.0,TSs44C,0.008972784578728127
crude_protein_priority,100.0,TSs48,0.011948879261918845
crude_protein_priority,100.0,TSs49,0.013968924445356672
crude_protein_priority,100.0,TSs49A,0.014521675203760754
crude_protein_priority,100.0,TSs51,0.0111256924174318
crude_protein_priority,100.0,TSs53,0.009356635085977607
crude_protein_priority,100.0,TSs56,0.0045465549471743515
crude_protein_priority,100.0,TSs56A,0.012911492205154623
crude_protein_priority,100.0,TSs58,0.013179760978086312
crude_protein_priority,100.0,TSs59B,0.015140834677274033
crude_protein_priority,100.0,TSs5A,0.012481040918498797
crude_protein_priority,100.0,TSs60,0.003968688427762669
crude_protein_priority,100.0,TSs60B,0.011435822635372156
crude_protein_priority,100.0,TSs61,0.008986463294712251
crude_protein_priority,100.0,TSs63A,0.007902496467718323
crude_protein_priority,100.0,TSs68,0.01290793131881004
crude_protein_priority,100.0,TSs7,0.013467199185341297
crude_protein_priority,100.0,TSs78,0.008224641106834995
crude_protein_priority,100.0,TSs82,0.01407666100294638
crude_protein_priority,100.0,TSs9,0.00999989589145297
crude_protein_priority,100.0,TSs95,0.009403251528392989
crude_protein_priority,100.0,TSs96,0.012390666930386703
crude_protein_priority,100.0,TSs98,0.008416208300195448
